DATA;MCPM;UF;PRODUCT;MODEL;PARAMS;WINDOW;HORIZON;RMSE;MAPE;POCID;PBE;P1;P2;P3;P4;P5;P6;P7;P8;P9;P10;P11;P12
combination;13435.585163181759;PE;glp;combination-median;ARIMA-SARIMA_DS;12;12;1857.801144043622;0.03457111487069111;83.33333333333333;3.129829578373771;44625.535327680045;42799.20686708306;45091.71428843036;44951.99703199376;46668.71068503735;47825.23517188498;46501.96388351027;45878.59136967949;43127.46672418348;46280.863519768194;43333.70104158523;40437.730768112015
