DATA;MCPM;UF;PRODUCT;MODEL;PARAMS;WINDOW;HORIZON;RMSE;MAPE;POCID;PBE;P1;P2;P3;P4;P5;P6;P7;P8;P9;P10;P11;P12
combination;1219.7265781060942;AP;glp;combination-median;ARIMA-SARIMA_DS;12;12;84.41831643522706;0.024577079477284918;66.66666666666667;1.5363842584258154;2792.400540251031;2658.6717977997637;2687.369931252574;2666.1647412317343;2616.750863935013;2701.9289648651466;2610.886274849473;2653.0005052582883;2608.2786026874564;2775.6289574466814;2575.435632198788;2585.1909612364343
