DATA;MCPM;UF;PRODUCT;MODEL;PARAMS;WINDOW;HORIZON;RMSE;MAPE;POCID;PBE;P1;P2;P3;P4;P5;P6;P7;P8;P9;P10;P11;P12
combination;3068.487518327182;DF;glp;combination-median;ARIMA-SARIMA_DS;12;12;424.54124309454954;0.02420852776968552;83.33333333333333;0.2838427530405108;14546.64236303117;14011.562042928368;14615.054692670717;14810.069509023062;14860.607205274348;15085.206448701838;14307.002766602754;14125.712404911235;14028.413229178703;14810.711007196576;13410.55640933869;13456.773335060549
