DATA;MCPM;UF;PRODUCT;MODEL;PARAMS;WINDOW;HORIZON;RMSE;MAPE;POCID;PBE;P1;P2;P3;P4;P5;P6;P7;P8;P9;P10;P11;P12
combination;3.2244792988238066e+20;ES;oleocombustivel;combination-mean;ARIMA-SARIMA-VARMA;12;12;939.1318852011103;7.40368531139836e+17;33.333333333333336;-29.34694690086549;1535.9781265706354;883.0397440797308;843.7890760255934;911.7283824464664;1054.2296611706286;1972.7380559504477;1618.4976283740086;2048.03963595904;1688.2866251634496;1407.9048008665136;1268.468083816936;818.428469513791
