train_range;test_range;UF;PRODUCT;MODEL;PARAMS;WINDOW;HORIZON;RMSE;MAPE;POCID;PBE;MCPM;MASE;P1;P2;P3;P4;P5;P6;P7;P8;P9;P10;P11;P12;error_series;Test Statistic;p-value;Lags Used;Observations Used;Critical Value (1%);Critical Value (5%);Critical Value (10%);Stationary
1990-01_2023-02;2023-03_2024-02;SP;gasolinac;ARIMA;{'p': 11, 'd': 1, 'q': 12};12;12;105053.67290582997;0.10551574534719389;54.54545454545455;0.43903368181351826;2072509.886308443;0.8827757615062048;786009.2851927805;746142.6668261521;815960.8751507725;786596.4997189568;841684.03612993;865364.5667240993;874475.0508609812;875144.7642459702;881581.7242743203;1018200.0236800899;808269.9014873081;833049.4474478058;[118758.69680721941, 118531.89517384791, 187761.94984922744, 104633.05928104324, 15870.932870069984, 13583.460275900667, -36686.31786098122, -48135.207245970145, -82148.72827432025, -150196.13568008982, -47604.587487308076, -149687.8574478058];-3.446494730516238;0.009472370052718686;17;379;-3.4477224095888497;-2.869196333125208;-2.5708486586002604;True
