train_range;test_range;UF;PRODUCT;MODEL;PARAMS;WINDOW;HORIZON;RMSE;MAPE;POCID;PBE;MCPM;MASE;P1;P2;P3;P4;P5;P6;P7;P8;P9;P10;P11;P12;error_series;Test Statistic;p-value;Lags Used;Observations Used;Critical Value (1%);Critical Value (5%);Critical Value (10%);Stationary
1990-01_2023-02;2023-03_2024-02;PE;gasolinac;ARIMA;{'p': 8, 'd': 1, 'q': 12};12;12;8267.594693120485;0.059298717224165236;81.81818181818181;2.6582075301536072;65303.18226112894;0.715821002524777;110061.86639052881;106068.1537955178;114997.15814309685;112422.42805060007;121924.7384569122;126527.65460740743;127430.12442410515;127492.8034298989;116539.69366181595;131229.15831428303;112867.43035557741;111837.43535733831;[10632.283609471182, 6549.446204482199, 16619.891856903138, 7744.071949399935, -4359.387456912198, -3684.3046074074227, -8615.074424105143, -4001.2534298988903, 5419.3063381840475, 3770.4926857169776, 12216.519644422588, -3531.0853573383065];-3.111109038500775;0.025741918625274564;17;379;-3.4477224095888497;-2.869196333125208;-2.5708486586002604;True
