train_range;test_range;UF;PRODUCT;MODEL;PARAMS;WINDOW;HORIZON;RMSE;MAPE;POCID;PBE;MCPM;MASE;P1;P2;P3;P4;P5;P6;P7;P8;P9;P10;P11;P12;error_series;Test Statistic;p-value;Lags Used;Observations Used;Critical Value (1%);Critical Value (5%);Critical Value (10%);Stationary
1990-01_2023-02;2023-03_2024-02;DF;gasolinac;ARIMA;{'p': 6, 'd': 1, 'q': 24};12;12;7406.184248773488;0.08070181382148957;72.72727272727273;-2.2247053464777253;87722.63018671985;0.8205113456329598;84244.12383405693;82357.5031530124;87418.32029100793;85240.63497911819;90233.53038033567;91295.71420894549;93466.88667865659;93979.93494854565;87096.33376960874;95676.69367836103;78461.927870996;81199.80283474026;[9085.376165943075, 5128.665846987598, 9890.179708992073, 4850.615020881814, -4487.630380335671, -1689.7142089454865, -8089.586678656589, -6929.133948545641, -3514.433769608746, -7551.256678361024, -5846.527870996011, -13712.202834740252];-3.740545401202366;0.0035776739878971313;15;381;-3.4476305904172904;-2.869155980820355;-2.570827146203181;True
