train_range;test_range;UF;PRODUCT;MODEL;PARAMS;WINDOW;HORIZON;RMSE;MAPE;POCID;PBE;MCPM;MASE;P1;P2;P3;P4;P5;P6;P7;P8;P9;P10;P11;P12;error_series;Test Statistic;p-value;Lags Used;Observations Used;Critical Value (1%);Critical Value (5%);Critical Value (10%);Stationary
1990-01_2023-02;2023-03_2024-02;AC;gasolinac;ARIMA;{'p': 9, 'd': 1, 'q': 13};12;12;940.5625502405406;0.058796588326365994;72.72727272727273;-3.352187179285825;11132.15525304753;0.8482171348576473;11830.836593514872;11957.486184504654;13041.349169542986;12779.118524760279;13685.60833691815;14458.249050819206;15082.480401628272;14137.073394883551;13718.194232419824;14567.49404599628;12396.591529966241;12227.683098755992;[1238.1634064851278, -403.4861845046544, 284.4508304570136, 280.8814752397211, -166.6083369181506, -411.7490508192059, -1982.380401628272, -479.5733948835514, -1200.594232419824, -1123.49404599628, 79.85847003375966, -1301.1830987559915];-2.20484003558153;0.20449349541400852;17;379;-3.4477224095888497;-2.869196333125208;-2.5708486586002604;False
