DATA;MCPM;UF;PRODUCT;MODEL;PARAMS;WINDOW;HORIZON;RMSE;MAPE;POCID;PBE;MASE;P1;P2;P3;P4;P5;P6;P7;P8;P9;P10;P11;P12
normal;25701.812557201993;PI;glp;xgb;{'learning_rate': 0.3, 'n_estimators': 100, 'subsample': 0.7};12;12;1303.7644071844163;0.06950323791517939;54.54545454545455;6.846581847241478;0.9757410035574695;14424.686;14311.93;14421.034;14372.4795;14312.778;14398.688;14236.718;13964.12;13920.623;13853.035;13745.235;13484.99
log;20153.3048843422;PI;glp;xgb;{'learning_rate': 0.2, 'n_estimators': 100, 'subsample': 0.7};12;12;1277.5424922122602;0.06543342204749752;63.63636363636363;6.6761910009533745;0.9239742704653171;14241.796;14238.495;14268.373;14264.591;14247.053;14204.195;14119.864;14129.873;14009.702;13988.461;14104.267;13939.589
deseasonal;15974.905110088532;PI;glp;xgb;{'learning_rate': 0.4, 'n_estimators': 50, 'subsample': 0.8};12;12;1349.1933443886362;0.06994792290599965;72.72727272727273;7.199025901510035;0.9829541764172061;13837.379547205584;13428.835001128351;13739.278370877173;13913.482652438724;14212.701482113294;14597.493382669327;14094.884995888951;14231.758041495725;13867.411121891835;14760.50181175135;14262.225012261822;13859.26928340286
