DATA;MCPM;UF;PRODUCT;MODEL;PARAMS;WINDOW;HORIZON;RMSE;MAPE;POCID;PBE;MASE;P1;P2;P3;P4;P5;P6;P7;P8;P9;P10;P11;P12
normal;12178.754896281065;TO;glp;xgb;{'learning_rate': 0.2, 'n_estimators': 100, 'subsample': 0.7};12;12;441.6122475107041;0.04558568134230719;36.36363636363637;3.3594702813483543;1.0145844874224013;7074.297;7010.91;6891.133;7090.1924;7058.39;6973.5884;7048.859;7003.9727;7092.645;7242.2075;7282.7896;7570.6294
log;7654.260789053042;TO;glp;xgb;{'learning_rate': 0.4, 'n_estimators': 200, 'subsample': 0.7};12;12;388.50639405670694;0.04004176047946184;54.54545454545455;2.5966751069758987;0.8874597418964372;7140.5815;7132.2236;7021.9365;7017.9062;7106.776;7110.5723;7203.5825;7218.9736;7315.2363;7259.859;7347.159;7138.403
deseasonal;5877.506685970454;TO;glp;xgb;{'learning_rate': 0.2, 'n_estimators': 50, 'subsample': 0.7};12;12;372.82654673842137;0.03956912359550683;63.63636363636363;2.0467311955054526;0.8752136335814351;7222.932833847308;7090.710108560977;7084.088241156567;6868.96640702201;7140.583933484814;7289.726653238499;6932.969968283759;7339.707049441306;7439.698101023415;7619.128815957024;7410.036349475439;7060.295776790132
