DATA;MCPM;UF;PRODUCT;MODEL;PARAMS;WINDOW;HORIZON;RMSE;MAPE;POCID;PBE;MASE;P1;P2;P3;P4;P5;P6;P7;P8;P9;P10;P11;P12
normal;24360.840500829516;MS;glp;xgb;{'learning_rate': 0.2, 'n_estimators': 100, 'subsample': 0.8};12;12;1235.4776169657782;0.0787534171386258;54.54545454545455;-1.0775144781552404;2.2227336403635447;14341.05;14313.864;14363.258;14588.379;14917.643;15019.351;15417.938;15473.553;15604.714;15615.55;15315.933;15285.742
log;32916.99393238761;MS;glp;xgb;{'learning_rate': 0.4, 'n_estimators': 150, 'subsample': 0.8};12;12;1391.3848942570623;0.08632485394732164;45.45454545454545;-1.2325199970950473;2.4336643865097094;14658.1455;14451.233;14671.754;14463.325;14410.347;14498.68;15068.694;15350.636;15710.17;15876.966;15655.805;15717.648
deseasonal;9608.901784085396;MS;glp;xgb;{'learning_rate': 0.3, 'n_estimators': 100, 'subsample': 0.8};12;12;812.2974356431519;0.044358055642140244;72.72727272727273;-0.7141459565971094;1.254833630932633;14398.05153189931;14170.098964775927;14750.750098133936;15121.304663039315;15758.022807506812;15950.585539594238;14915.51427140011;15360.123305464997;15020.189162546858;15509.05436371935;14687.540592584475;13967.723683709673
