DATA;MCPM;UF;PRODUCT;MODEL;PARAMS;WINDOW;HORIZON;RMSE;MAPE;POCID;PBE;MASE;P1;P2;P3;P4;P5;P6;P7;P8;P9;P10;P11;P12
normal;14309.765480151462;AL;glp;xgb;{'learning_rate': 0.3, 'n_estimators': 50, 'subsample': 0.8};12;12;907.460162991635;0.0513193527674649;63.63636363636363;3.9242912156197707;1.1189657777974804;14859.761;14795.73;15492.626;14418.904;15247.142;15423.615;15631.702;15563.129;14480.062;15317.232;14486.769;13844.165
log;14335.312748629445;AL;glp;xgb;{'learning_rate': 0.2, 'n_estimators': 200, 'subsample': 0.8};12;12;909.1037548022396;0.05041775248416871;63.63636363636363;4.098536644503507;1.099087019666644;14719.321;14746.325;15198.485;14758.368;15261.217;15400.947;15422.053;15549.147;15002.233;15344.577;14306.375;13526.131
deseasonal;6057.7776852951465;AL;glp;xgb;{'learning_rate': 0.4, 'n_estimators': 100, 'subsample': 0.8};12;12;767.5908059408085;0.04281370526332386;81.81818181818181;4.0386836699139;0.9415400862261893;14543.840513884508;14125.207247456208;14698.461489196245;14662.211246426463;15495.905530930422;15611.415220628449;14997.008538028249;15488.446148040684;15191.814699235374;15712.082640934883;14809.628858514523;14011.020835473992
