DATA;MCPM;UF;PRODUCT;MODEL;PARAMS;WINDOW;HORIZON;RMSE;MAPE;POCID;PBE;MASE;P1;P2;P3;P4;P5;P6;P7;P8;P9;P10;P11;P12
normal;145249.77203466446;PR;glp;xgb;{'learning_rate': 0.4, 'n_estimators': 50, 'subsample': 0.8};12;12;7367.142746382537;0.0768765761548774;54.54545454545455;0.9633203633718008;2.561478384638455;80002.516;80451.97;80480.25;80350.03;83035.39;88071.58;90190.11;90424.03;88572.984;85658.62;84690.375;82235.32
log;308003.01462001284;PR;glp;xgb;{'subsample': 0.7, 'n_estimators': 50, 'learning_rate': 0.4};12;12;8684.362228044214;0.08712641350516781;18.181818181818183;1.7908636294433067;2.8943427774444443;79322.164;80519.07;80409.805;80281.53;81713.55;80788.91;86409.24;86573.55;88204.82;87001.54;86754.06;87710.664
deseasonal;49593.088731514705;PR;glp;xgb;{'learning_rate': 0.2, 'n_estimators': 50, 'subsample': 0.7};12;12;3146.850811082933;0.031224390673971675;63.63636363636363;1.5877807719692578;1.0371620521118579;82513.09565187078;81128.77251175567;86509.40103607782;88887.61354287459;90255.95010460568;89453.77709315441;85297.42505395293;85889.29411268426;82805.23203842019;83323.9265801858;77226.2552958906;74477.78041602724
