DATA;MCPM;UF;PRODUCT;MODEL;PARAMS;WINDOW;HORIZON;RMSE;MAPE;POCID;PBE;MASE;P1;P2;P3;P4;P5;P6;P7;P8;P9;P10;P11;P12
normal;31875.686079390965;PI;gasolinac;xgb_noresid;{'learning_rate': 0.2, 'n_estimators': 50, 'subsample': 0.7};12;12;4035.357760725723;0.06009628013132701;81.81818181818181;3.905412428895743;0.6029011227551105;52500.047;51157.863;51371.965;50743.484;51616.07;50864.645;49659.92;50602.84;47880.684;50534.32;49919.03;47525.6
log;44574.7401021537;PI;gasolinac;xgb_noresid;{'learning_rate': 0.2, 'n_estimators': 100, 'subsample': 0.7};12;12;3767.3241364157884;0.051586261925945086;72.72727272727273;2.1044010265842257;0.5158594410535192;52686.98;52251.65;52316.215;51721.414;52707.79;51694.246;51517.758;51481.02;50698.35;50751.086;49894.07;47983.16
deseasonal;26213.466886755003;PI;gasolinac;xgb_noresid;{'learning_rate': 0.4, 'n_estimators': 100, 'subsample': 0.7};12;12;6581.5791204877705;0.10694985361157205;90.9090909090909;10.700712333628974;1.0448203655163755;42031.22169983242;40943.883689063594;41494.54025456523;41619.77801866742;42946.260570952196;48602.64327867744;50581.5081269606;51292.80844411326;50121.538626770365;53233.69909622951;52154.79183264386;46615.4982365241
