DATA;MCPM;UF;PRODUCT;MODEL;PARAMS;WINDOW;HORIZON;RMSE;MAPE;POCID;PBE;P1;P2;P3;P4;P5;P6;P7;P8;P9;P10;P11;P12
combination;2630.105901855342;RR;querosenedeaviacao;combination-median;ARIMA-SARIMA-VARMA;12;12;80.77354564206613;0.10241455641844051;25.0;-2.1495366518476864;739.3457460803165;708.451262177385;705.1076250950975;701.4932112657259;720.5025330429648;712.4114873618075;730.8624945642366;731.9853450325867;713.6123952432256;734.29461578473;721.9555613490652;707.5449540391447
