DATA;MCPM;UF;PRODUCT;MODEL;PARAMS;WINDOW;HORIZON;RMSE;MAPE;POCID;PBE;P1;P2;P3;P4;P5;P6;P7;P8;P9;P10;P11;P12
combination;13790.978445378709;AL;querosenedeaviacao;combination-median;ARIMA-SARIMA-VARMA;12;12;761.100813698418;0.16987056718855667;58.333333333333336;-9.950881101248306;4491.930597029448;4206.485329801784;3954.817527102643;3999.9395950346475;4897.503293717968;4510.328292333921;4746.458549585351;5067.700081801209;4838.982639778859;5598.729414615767;5820.335421068228;4522.523362937447
