DATA;MCPM;UF;PRODUCT;MODEL;PARAMS;WINDOW;HORIZON;RMSE;MAPE;POCID;PBE;P1;P2;P3;P4;P5;P6;P7;P8;P9;P10;P11;P12
combination;1367.626418391873;RO;querosenedeaviacao;combination-median;ARIMA-SARIMA-VARMA;12;12;125.84143506852017;0.08195391749585475;75.0;1.6112664387409024;1264.3436947048435;1114.152105351594;1103.1927167225408;1000.9943251635972;1148.5142177113262;1145.8350956867207;1124.8511942123969;1250.4346337815425;1197.5849610480882;1388.2916656793773;1427.2260960305634;1109.7652263664095
