DATA;MCPM;UF;PRODUCT;MODEL;PARAMS;WINDOW;HORIZON;RMSE;MAPE;POCID;PBE;P1;P2;P3;P4;P5;P6;P7;P8;P9;P10;P11;P12
combination;545252.7550469564;SP;querosenedeaviacao;combination-median;ARIMA-SARIMA-VARMA;12;12;37653.79856065391;0.10827783164812305;66.66666666666667;9.958832457049658;305770.4760369322;284569.44630923256;285503.5266869938;282806.12586561893;299940.7370199315;279615.49910332635;275476.59452195547;264445.7202656985;274159.62698750605;287214.32369477925;317117.7424503549;274534.29219777783
