DATA;MCPM;UF;PRODUCT;MODEL;PARAMS;WINDOW;HORIZON;RMSE;MAPE;POCID;PBE;P1;P2;P3;P4;P5;P6;P7;P8;P9;P10;P11;P12
combination;34405.382860988335;RS;querosenedeaviacao;combination-median;ARIMA-SARIMA-VARMA;12;12;2365.6495645613945;0.25045728362735714;66.66666666666667;-23.910558486320845;10712.19595852714;10901.736062954198;10843.820753003143;10609.841971668478;11693.656310514725;11773.795687882224;11836.459636494994;12088.810915682818;12174.409437623865;12097.781237546029;11681.459306453366;10629.41655018536
