DATA;MCPM;UF;PRODUCT;MODEL;PARAMS;WINDOW;HORIZON;RMSE;MAPE;POCID;PBE;P1;P2;P3;P4;P5;P6;P7;P8;P9;P10;P11;P12
combination;24823.04206426166;PA;gasolinac;combination-median;ARIMA-SARIMA_DS-RF;12;12;6842.621248502872;0.04444874512975817;91.66666666666667;4.502495760325267;107754.2832578064;102800.34000928652;107194.31529750416;106290.74408826076;114086.2757581347;115073.16987069984;113028.39583308317;115963.46413518864;113457.08952625192;121995.04263898823;108082.20407363944;103566.0510579492
