DATA;MCPM;UF;PRODUCT;MODEL;PARAMS;WINDOW;HORIZON;RMSE;MAPE;POCID;PBE;P1;P2;P3;P4;P5;P6;P7;P8;P9;P10;P11;P12
combination;7721.122040890405;TO;gasolinac;combination-median;ARIMA-SARIMA_DS-RF;12;12;2126.8760041638557;0.050206249929719414;91.66666666666667;4.526940162719709;33684.82927216966;32270.695976464565;34218.03042527271;33220.92800664146;36577.652930232565;35391.24840440724;34772.26867738158;34296.527067872754;32969.99044010971;36975.82288198938;33252.97274284459;32119.047320941107
