DATA;UF;PRODUCT;MODEL;PARAMS;WINDOW;HORIZON;RMSE;MAPE;POCID;PBE;MASE;P1;P2;P3;P4;P5;P6;P7;P8;P9;P10;P11;P12
rf;BA;glp;knn_rf_deepar_svr_catboost_arima;{};12;12;5004.8734999793905;0.05630198126331449;72.72727272727273;5.432783356705341;1.7169619652761787;69749.59203121749;68956.208420219;74095.07962164078;73608.43516441746;75488.80016613529;77327.60912705724;74579.4927628;74661.21023832064;70450.84199855992;72053.08803324169;64667.910188246;62058.80902881674
svr;BA;glp;knn_rf_deepar_svr_catboost_arima;{};12;12;5033.993940012477;0.06051363648876523;90.9090909090909;5.760230443908781;1.8270138534040068;70214.61663918661;69123.03001129389;72074.96232294138;72729.19532614292;76494.13389317923;79648.4148710946;75903.17583123305;73211.58100935793;67600.67924812017;71292.89118635362;65109.231559090185;61325.31529353299
ridge;BA;glp;knn_rf_deepar_svr_catboost_arima;{};12;12;5043.172150543943;0.06083753007900242;90.9090909090909;5.766672675188202;1.836426041627347;70189.51437593563;69235.08104880483;71876.91062568055;72789.45978724482;76616.21259489392;79638.6317570925;75856.51796756044;72986.43998179039;67646.31809735588;71363.04542684992;65155.31175969788;61315.3546096318
linear;BA;glp;knn_rf_deepar_svr_catboost_arima;{};12;12;5043.504895415263;0.0608423110269894;90.9090909090909;5.766941201785959;1.8365570831633817;70189.27295699806;69235.83009557678;71874.67120316076;72790.93727599816;76617.44421009727;79641.77462841956;75854.65444006884;72982.08080044412;67644.9555429358;71365.29372036053;65154.374952572005;61315.07274797413
