DATA;UF;PRODUCT;MODEL;PARAMS;WINDOW;HORIZON;RMSE;MAPE;POCID;PBE;MASE;P1;P2;P3;P4;P5;P6;P7;P8;P9;P10;P11;P12
rf;MG;glp;knn_rf_deepar_svr_catboost_arima;{};12;12;5649.944903845768;0.041576864989580735;72.72727272727273;-2.375559862059458;0.5336446004215865;117191.587725158;110830.35502551479;122419.65201073098;121191.79981342725;125241.92588266407;126752.07885823603;114270.21318632357;117300.02790045037;116807.53829538019;115724.45913169964;112778.3844870196;110882.6857861509
svr;MG;glp;knn_rf_deepar_svr_catboost_arima;{};12;12;5037.16925324777;0.03592820800272886;90.9090909090909;-2.1371217202385653;0.4640579004049425;115964.03050880329;109424.3477100422;122555.50999308881;122967.95339507393;124570.09795260784;129164.41594365996;119734.88394676062;113934.73760130152;114764.91530954393;112135.01886719884;112155.41709335885;110732.17550837454
ridge;MG;glp;knn_rf_deepar_svr_catboost_arima;{};12;12;4999.645610254896;0.03636693680299188;100.0;-2.1304896585877335;0.471800944388622;115726.0577941787;109450.07277129797;122749.7987104919;123122.62825608318;124272.92177075848;129847.0437502875;119863.0405050054;113524.63704449899;114165.44011554972;112915.33117554957;111806.63975662648;110568.45990598132
linear;MG;glp;knn_rf_deepar_svr_catboost_arima;{};12;12;4999.697922279389;0.036371899165297004;100.0;-2.13038319487767;0.47188312208732475;115724.04597472122;109449.46195575794;122751.31912835609;123125.52695096709;124270.00041271253;129852.29966198352;119862.15840612796;113515.82444186366;114168.48695966968;112912.85723112717;111814.53772364947;110564.08495777927
