DATA;UF;PRODUCT;MODEL;PARAMS;WINDOW;HORIZON;RMSE;MAPE;POCID;PBE;MASE;P1;P2;P3;P4;P5;P6;P7;P8;P9;P10;P11;P12
rf;RN;glp;knn_rf_deepar_svr_catboost_arima;{};12;12;654.7384904271889;0.03099010729181115;72.72727272727273;3.1202615876674704;2.041108195256919;16950.593898343606;15626.896039048184;16607.050933677892;16739.70618608612;17577.79770754139;17543.3642904894;16642.489725006642;16920.713928510828;16358.812559438851;17195.030366392086;16580.24249858499;15361.803683623184
svr;RN;glp;knn_rf_deepar_svr_catboost_arima;{};12;12;638.2051531589809;0.029842103292904345;81.81818181818181;3.047196610134877;1.9626161571304879;16899.304184968514;15489.954114958864;16602.258229569667;16791.560329464402;17307.6823479158;18023.191434355147;16835.44664341245;16500.939264605273;16693.6192588696;17255.085243304293;16449.543466604016;15406.832558902825
ridge;RN;glp;knn_rf_deepar_svr_catboost_arima;{};12;12;629.233685391665;0.029997233422358164;81.81818181818181;3.0581278319380205;1.9696566587038593;16908.917366480226;15456.349400908499;16613.649276325992;16835.114193086338;17250.894156432063;18084.558544945685;16839.159105750306;16541.766418571842;16663.333931481706;17186.57600954298;16466.356918246332;15386.16338398434
linear;RN;glp;knn_rf_deepar_svr_catboost_arima;{};12;12;629.3759083683615;0.029999240611156188;81.81818181818181;3.0583051476708283;1.9697708629271655;16908.841353553224;15456.064429450536;16613.889288903847;16835.519408117583;17250.225025188705;18085.534564039863;16838.85722217278;16540.42317334203;16664.668871016587;17186.27650467478;16466.275650513795;15385.89697023073
