DATA;UF;PRODUCT;MODEL;PARAMS;WINDOW;HORIZON;RMSE;MAPE;POCID;PBE;MASE;P1;P2;P3;P4;P5;P6;P7;P8;P9;P10;P11;P12
rf;AM;glp;knn_rf_deepar_svr_catboost_arima;{};12;12;1729.7916991385139;0.1052215304697756;63.63636363636363;10.661223282712426;2.2412447891796923;14206.392060408183;12714.59735320485;13565.753258212282;13087.935811212279;12821.714416977398;13978.17782047141;13010.665405517611;13243.650520548163;13555.435973123718;14015.452682352672;12054.324630571664;12589.702543147701
svr;AM;glp;knn_rf_deepar_svr_catboost_arima;{};12;12;1807.9124022081573;0.11176232921666913;81.81818181818181;11.311222365130254;2.3778901832221195;13901.09094008586;12869.877768378823;14103.214000182154;12978.831202419307;13770.332347197455;13697.63350263494;12717.044562747846;13362.221750637993;13061.175373963979;12224.763778236102;12530.494637869684;12471.42819010432
ridge;AM;glp;knn_rf_deepar_svr_catboost_arima;{};12;12;1802.5658303835799;0.11207735280181519;81.81818181818181;11.32801501399134;2.3814204006988944;13876.793215185036;12919.584721290734;14209.587342385568;12845.341791070627;13880.100489848808;13650.09062279267;12604.58421411535;13436.385891137761;13000.056687868742;12392.59112685688;12479.748421334367;12363.38630287363
linear;AM;glp;knn_rf_deepar_svr_catboost_arima;{};12;12;1802.5783163998171;0.11207784934775772;81.81818181818181;11.327991096153148;2.381415372595759;13876.844882157908;12920.086302129319;14209.973901489231;12844.071422388097;13881.550121768629;13649.257640141275;12603.608289802638;13437.674798178501;12999.192712919266;12391.230537727293;12481.296731106511;12363.506012722566
