DATA;UF;PRODUCT;MODEL;PARAMS;WINDOW;HORIZON;RMSE;MAPE;POCID;PBE;MASE;P1;P2;P3;P4;P5;P6;P7;P8;P9;P10;P11;P12
rf;GO;glp;knn_rf_deepar_svr_catboost_arima;{};12;12;2343.6275837238995;0.04075376273393936;54.54545454545455;2.5320115979841815;1.4091999608236367;46238.29140026994;45245.17065583706;47272.713180118866;45061.21512514144;47134.47849098856;48013.020456024125;43197.69921039763;45265.25057087358;45389.88068875126;44579.053069715286;42700.41160438909;41729.23809523239
svr;GO;glp;knn_rf_deepar_svr_catboost_arima;{};12;12;2605.366092878635;0.046809776043998906;54.54545454545455;2.80531012916088;1.6090836590911837;45518.245548330015;46495.29859829404;46894.98385917935;46099.79338335865;46017.616803109195;49357.53087588357;44172.287047022925;44621.21611632309;43611.72495966142;42631.69755511932;44279.63160933089;40607.12439978965
ridge;GO;glp;knn_rf_deepar_svr_catboost_arima;{};12;12;2655.8327513326203;0.04853037240365387;45.45454545454545;2.819599984633824;1.6680703464790527;45532.10156640841;46781.67977736606;46649.45305338647;46238.50987956269;45673.02002908195;49638.16015261581;44141.507374010536;44490.58541952439;43566.13145332946;42838.609000065306;44186.72184279974;40491.233625778965
linear;GO;glp;knn_rf_deepar_svr_catboost_arima;{};12;12;2656.9661850547;0.048564999899373705;45.45454545454545;2.8200547786475805;1.669247686738973;45531.661893918805;46785.622066547636;46645.133762166166;46240.10335350929;45670.05989192915;49643.1507697985;44139.00185165415;44489.89106128925;43564.01076819523;42838.04322019145;44190.271757646464;40488.23456841221
