DATA;MCPM;UF;PRODUCT;MODEL;PARAMS;WINDOW;HORIZON;RMSE;MAPE;POCID;PBE;P1;P2;P3;P4;P5;P6;P7;P8;P9;P10;P11;P12
combination;3.1429416955590336e+17;PI;gasolinadeaviacao;combination-median;ARIMA-SARIMA-VARMA;12;12;15.152114712588851;1.2774495967214152e+16;58.333333333333336;-32.18317846625004;33.55382262163107;25.364044094396625;34.6326701300362;31.700207657400185;31.930455664267253;37.57858953953449;34.038094921877665;33.80096012274919;33.49400848186288;31.94077036661874;33.042206227047785;31.05350008341663
