DATA;MCPM;UF;PRODUCT;MODEL;PARAMS;WINDOW;HORIZON;RMSE;MAPE;POCID;PBE;P1;P2;P3;P4;P5;P6;P7;P8;P9;P10;P11;P12
combination;477.050533804232;RJ;gasolinadeaviacao;combination-median;ARIMA-SARIMA-VARMA;12;12;18.688985992678685;0.1494393698282384;41.666666666666664;12.975186542739758;106.37550634873806;85.1218593053552;92.28175078470318;87.27019375352049;87.75334057891342;90.86446193429941;87.54646100963635;89.4954712700853;88.63582288483892;98.90331948361325;101.81224091237033;93.19613497808638
