DATA;MCPM;UF;PRODUCT;MODEL;PARAMS;WINDOW;HORIZON;RMSE;MAPE;POCID;PBE;P1;P2;P3;P4;P5;P6;P7;P8;P9;P10;P11;P12
combination;1860.9955598541303;PR;gasolinadeaviacao;combination-median;ARIMA-SARIMA-VARMA;12;12;51.254365307773654;0.19755179007617585;16.666666666666668;3.1288020892202706;251.095510566021;233.70351065819915;245.28790175786898;235.45929489826727;211.7343692102394;228.57105021419176;236.8220900303894;257.91214186157276;217.44370426527877;259.01909587254465;260.469037861216;228.03694789881877
