DATA;MCPM;UF;PRODUCT;MODEL;PARAMS;WINDOW;HORIZON;RMSE;MAPE;POCID;PBE;P1;P2;P3;P4;P5;P6;P7;P8;P9;P10;P11;P12
combination;467.1652151557581;MS;gasolinadeaviacao;combination-median;ARIMA-SARIMA-VARMA;12;12;25.718867453650617;0.10762508250560238;58.333333333333336;1.1603730845683131;215.51890934826048;179.01754615325845;194.62264841353397;181.0654577710116;181.87839381910422;193.68708740845432;190.13450074118836;208.65009268262196;209.511942145415;209.64085655390434;222.19217318304567;192.6639206702184
