DATA;MCPM;UF;PRODUCT;MODEL;PARAMS;WINDOW;HORIZON;RMSE;MAPE;POCID;PBE;MASE;P1;P2;P3;P4;P5;P6;P7;P8;P9;P10;P11;P12
normal;7246.224301871791;PE;glp;sarima_noresid;{'p': 2, 'd': 0, 'q': 2, 'P': 3, 'D': 0, 'Q': 4, 's': 12};12;12;1834.0099530454297;0.03343303206231637;90.9090909090909;2.724631436271484;1.0581226060673738;46901.15759354046;42512.51034796231;44875.65748267233;47139.7016982215;48685.495522632365;48500.05979961045;45945.38376488027;44607.97494136193;42502.35840577266;47490.94369913064;41725.20170204044;38884.674972486
log;7530.654838935456;PE;glp;sarima_noresid;{'p': 3, 'd': 0, 'q': 3, 'P': 5, 'D': 0, 'Q': 3, 's': 12};12;12;1905.7372684978538;0.0346862112434564;90.9090909090909;2.924927683115303;1.098741700525799;46884.803194351516;42487.932221882555;44746.97078298576;47083.64806778061;48572.89145160434;48374.87838677889;45840.02455727065;44498.777774330476;42433.756136023454;47326.57543746328;41629.01658175322;38780.42184956087
deseasonal;7722.117294284274;PE;glp;sarima_noresid;{'p': 3, 'd': 0, 'q': 2, 'P': 6, 'D': 0, 'Q': 4, 's': 12};12;12;1954.0096622898773;0.035526346768494775;90.9090909090909;3.3259435495693266;1.1346555587720772;46355.46723680933;42297.53168564334;44469.46212562186;46638.21956032712;48086.103043264324;47965.804420138564;45638.41369923536;44502.927891113846;42340.90644820523;47238.651452827806;41520.66551491064;39380.347134244934
