DATA;MCPM;UF;PRODUCT;MODEL;PARAMS;WINDOW;HORIZON;RMSE;MAPE;POCID;PBE;MASE;P1;P2;P3;P4;P5;P6;P7;P8;P9;P10;P11;P12
normal;1087.6650082497365;AC;glp;sarima_noresid;{'p': 3, 'd': 0, 'q': 3, 'P': 5, 'D': 0, 'Q': 3, 's': 12};12;12;137.85240636276407;0.034911269027636346;81.81818181818181;1.3701205888013688;0.7485855994955337;3411.099792546297;3114.970858927078;3191.2986265230998;3203.6226824948994;3183.7063013319994;3191.8398723002965;3154.7248082164865;3139.1777825348317;3136.747068447654;3429.843300789937;2936.218830088006;2851.136986757634
log;1082.338969974354;AC;glp;sarima_noresid;{'p': 3, 'd': 0, 'q': 3, 'P': 6, 'D': 0, 'Q': 4, 's': 12};12;12;137.1779704964375;0.03482152367379928;81.81818181818181;1.3388311015166723;0.7465545744826099;3414.1150819164877;3111.0013277212142;3188.394095683897;3200.147855613436;3182.907567836529;3193.1188876894944;3154.9806099864027;3142.114643341646;3141.649975369521;3436.0246651347557;2939.511794637603;2852.4579388607285
deseasonal;1121.1403587454543;AC;glp;sarima_noresid;{'p': 5, 'd': 0, 'q': 6, 'P': 6, 'D': 0, 'Q': 1, 's': 12};12;12;142.08998529183148;0.0356174543939957;81.81818181818181;2.303079054055415;0.7711372051330044;3361.4088626966077;3073.664992183604;3171.929982654388;3180.9834684633497;3156.1324552327897;3161.732136490027;3113.458489914737;3104.5665212222248;3104.5600550251297;3371.174900300123;2922.989696157774;2862.8623022594247
