DATA;MCPM;UF;PRODUCT;MODEL;PARAMS;WINDOW;HORIZON;RMSE;MAPE;POCID;PBE;MASE;P1;P2;P3;P4;P5;P6;P7;P8;P9;P10;P11;P12
normal;8603.822240656735;CE;glp;sarima_noresid;{'p': 1, 'd': 0, 'q': 4, 'P': 6, 'D': 0, 'Q': 5, 's': 12};12;12;2177.83618345945;0.03254136287010218;90.9090909090909;2.9358292492498084;1.0780396122858373;43380.904078042404;42990.50869697347;43467.16713068803;43825.27390135433;43796.4314921985;43621.126534783645;42445.581529420764;43149.19121097161;41019.81250042943;44061.81276303824;42886.052099982306;37728.661891628435
log;16680.19340716458;CE;glp;sarima_noresid;{'p': 5, 'd': 0, 'q': 3, 'P': 3, 'D': 0, 'Q': 6, 's': 12};12;12;2115.1402364235155;0.030075818701244105;81.81818181818181;2.620613951192932;0.9992081967815544;43365.93621972506;43002.01489248521;43607.661757233654;43936.28201214653;43971.67803596516;43828.31429144366;42600.22492144033;43311.96377072461;41240.48725491758;44229.379153156;43059.35345362564;37883.154689271505
deseasonal;8425.32416052503;CE;glp;sarima_noresid;{'p': 1, 'd': 0, 'q': 6, 'P': 5, 'D': 0, 'Q': 2, 's': 12};12;12;2132.9012944459673;0.031485138253049404;90.9090909090909;2.836540181696296;1.044117226587144;43183.41992931426;42810.8847135015;43499.439390333835;43957.62438591392;43960.46986092304;44011.07300583632;42425.05829557973;43289.13958488752;40845.08383220282;44235.64908561266;42656.48282811725;38022.316001250285
