DATA;MCPM;UF;PRODUCT;MODEL;PARAMS;WINDOW;HORIZON;RMSE;MAPE;POCID;PBE;MASE;P1;P2;P3;P4;P5;P6;P7;P8;P9;P10;P11;P12
normal;178532.72966666878;MG;glp;sarima_noresid;{'p': 4, 'd': 0, 'q': 5, 'P': 5, 'D': 0, 'Q': 2, 's': 12};12;12;11312.863135680253;0.08166519622807168;63.63636363636363;6.563682251331528;0.8054535096343138;116163.1756582991;104129.66920805752;110742.69738676179;111823.51032361921;119311.35693567648;118149.64072321617;108199.84525035662;108293.09862739503;106211.97246754546;113589.43428404693;109121.67035096005;103606.35757388211
log;230523.75342566732;MG;glp;sarima_noresid;{'p': 6, 'd': 0, 'q': 6, 'P': 3, 'D': 0, 'Q': 6, 's': 12};12;12;11689.897182502787;0.08630687533625596;54.54545454545455;7.068455133029157;0.850402984917633;116142.4154506052;103817.69314815415;110474.90596170608;111778.59179842197;119125.33971508531;117819.75633831896;107519.80139236353;107493.78869124186;105251.08283983961;112566.86780328813;107947.47335828473;102223.1791936951
deseasonal;254882.11609313494;MG;glp;sarima_noresid;{'p': 6, 'd': 0, 'q': 5, 'P': 2, 'D': 0, 'Q': 3, 's': 12};12;12;12921.878718569611;0.09770010185058416;54.54545454545455;8.376420521464404;0.9663220740706363;114293.11889919017;102968.9054545486;108972.57543751078;110793.41344384965;116380.9668255912;115382.60250771693;106289.23303395491;106266.1059419496;104427.78490674209;110579.41431076064;106006.08282755064;101191.93345050664
