DATA;UF;PRODUCT;MODEL;PARAMS;WINDOW;HORIZON;RMSE;MAPE;POCID;PBE;MASE;P1;P2;P3;P4;P5;P6;P7;P8;P9;P10;P11;P12
mean;RO;gasolinac;knn_rf_deepar_svr_catboost_arima;{};12;12;1238.120712962512;0.026942658560946714;72.72727272727273;-1.9083636498807857;0.294627828148225;35918.80964618444;35014.20874183099;36036.959800677694;36430.640937490796;37373.413828283345;38061.51383924131;38027.343971687435;37227.12700405535;36561.86783874551;39196.21784209269;33879.04929756314;33960.20336035498
