DATA;UF;PRODUCT;MODEL;PARAMS;WINDOW;HORIZON;RMSE;MAPE;POCID;PBE;MASE;P1;P2;P3;P4;P5;P6;P7;P8;P9;P10;P11;P12
mean;RR;gasolinac;knn_rf_deepar_svr_catboost_arima;{};12;12;596.6403430320307;0.039137922591204716;72.72727272727273;2.3595524673993507;0.12582451887905804;11915.955187715668;11417.65278348477;11263.628191811305;11353.918822324875;10989.413046249038;11500.335268512908;11820.986172295348;11772.596072623488;11711.034635560962;12195.825082842004;11670.382241165258;11439.877278240376
