DATA;UF;PRODUCT;MODEL;PARAMS;WINDOW;HORIZON;RMSE;MAPE;POCID;PBE;MASE;P1;P2;P3;P4;P5;P6;P7;P8;P9;P10;P11;P12
mean;MG;gasolinac;knn_rf_deepar_svr_catboost_arima;{};12;12;72851.79105322207;0.24128921811077242;63.63636363636363;-23.04036949508369;0.7057613432906404;360956.63511324034;349028.3515359126;339926.03040370205;345711.1545297717;358015.9271125339;345827.0523136404;346131.6345331002;343957.0832277175;360270.17379195866;394680.48827349715;362978.36203135917;359033.6262845926
