DATA;MCPM;UF;PRODUCT;MODEL;PARAMS;WINDOW;HORIZON;RMSE;MAPE;POCID;PBE;P1;P2;P3;P4;P5;P6;P7;P8;P9;P10;P11;P12
combination;5198.951110635173;RN;glp;combination-mean;ARIMA-SARIMA-VARMA-RF;12;12;479.8054470430773;0.022438578872514426;75.0;1.091993933075193;17169.19641138026;16571.09216828535;17248.58104006682;17186.333790323966;17611.73785141162;17921.0080189437;17294.721622293175;17312.880160084944;16794.827090296792;17379.901773083457;16772.325851362293;15905.218734906146
