DATA;MCPM;UF;PRODUCT;MODEL;PARAMS;WINDOW;HORIZON;RMSE;MAPE;POCID;PBE;P1;P2;P3;P4;P5;P6;P7;P8;P9;P10;P11;P12
combination;5070.300156888412;GO;glp;combination-mean;ARIMA-SARIMA-VARMA-RF;12;12;1401.2817545311186;0.02270739555534625;91.66666666666667;1.908225088353382;49084.312960878924;46262.51197698002;47978.86655976274;47292.649174932536;47878.72746746488;49587.13114674583;46254.54104819859;47607.234475249585;47321.94056871902;47771.82845642999;47942.50940161797;46052.81258812944
