DATA;MCPM;UF;PRODUCT;MODEL;PARAMS;WINDOW;HORIZON;RMSE;MAPE;POCID;PBE;P1;P2;P3;P4;P5;P6;P7;P8;P9;P10;P11;P12
combination;14154.1516188499;ES;glp;combination-mean;ARIMA-SARIMA-VARMA-RF;12;12;783.9077860652205;0.03002584407602896;58.333333333333336;-0.2146399981173119;22256.91971420507;21431.80391087856;23692.448157024195;23267.944672701575;23769.428237272707;24522.847118812642;22866.424851225038;22992.634178165943;22059.19484510594;22771.12602323915;21322.745583793905;20376.68916774254
