DATA;MCPM;UF;PRODUCT;MODEL;PARAMS;WINDOW;HORIZON;RMSE;MAPE;POCID;PBE;P1;P2;P3;P4;P5;P6;P7;P8;P9;P10;P11;P12
combination;5822.869586183798;PE;glp;combination-mean;ARIMA-SARIMA-VARMA-RF;12;12;1607.978323208142;0.029401465922137337;91.66666666666667;2.5036070596726714;44951.28105235435;43048.26246597197;45127.31804618663;45227.69599704643;47292.79444612412;48452.44432565382;46503.835499075765;46023.312917482544;43787.57190880789;46862.24709583643;43077.39067348815;40643.40727320782
