DATA;MCPM;UF;PRODUCT;MODEL;PARAMS;WINDOW;HORIZON;RMSE;MAPE;POCID;PBE;P1;P2;P3;P4;P5;P6;P7;P8;P9;P10;P11;P12
combination;3567.2563699951265;TO;glp;combination-mean;ARIMA-SARIMA-VARMA-RF;12;12;329.0056635621329;0.03696017955021911;75.0;2.8399335675614013;7509.492124229491;7223.41064638126;7131.382865401361;7113.353500603931;7105.640547169821;7390.838877592713;6792.4341871924535;7121.627535381334;7107.665620205531;7284.20134865145;7024.985411801195;6993.364418947938
