DATA;MCPM;UF;PRODUCT;MODEL;PARAMS;WINDOW;HORIZON;RMSE;MAPE;POCID;PBE;P1;P2;P3;P4;P5;P6;P7;P8;P9;P10;P11;P12
combination;4312.212901039567;SE;glp;combination-mean;ARIMA-SARIMA-VARMA-RF;12;12;596.2213424255415;0.03525398244560289;83.33333333333333;1.4375149740954212;11740.062107050468;11365.772920622921;11777.94359410659;11786.596846955126;12353.14770407718;12557.565231954462;12056.17376014119;12141.396086562414;11761.696437614577;11967.851916965596;11271.30977546626;10769.437683310396
