DATA;MCPM;UF;PRODUCT;MODEL;PARAMS;WINDOW;HORIZON;RMSE;MAPE;POCID;PBE;MASE;P1;P2;P3;P4;P5;P6;P7;P8;P9;P10;P11;P12
linear;97454.03565612611;PA;querosenedeaviacao;xgb_rf_knn_arima_arma_sarima;{};12;12;2737.67370312231;0.3791357171526217;18.181818181818183;-38.167049116032345;0.6369115126417956;6667.288079459036;7671.7771794100645;5340.824150927061;6258.36324709936;5907.730613099047;6684.641979982773;8564.424099954469;7719.094116857818;9417.84913380592;9321.316318350478;10699.306231655997;11230.732037691389
