DATA;MCPM;UF;PRODUCT;MODEL;PARAMS;WINDOW;HORIZON;RMSE;MAPE;POCID;PBE;MASE;P1;P2;P3;P4;P5;P6;P7;P8;P9;P10;P11;P12
linear;3223.788053674108;RO;querosenedeaviacao;xgb_rf_knn_arima_arma_sarima;{};12;12;136.2024668367213;0.08280110451834095;45.45454545454545;4.351877298785112;0.5952552735898461;1225.8310790255357;1178.3082835113705;1104.9158695150898;1040.5239011345063;1004.8564346620224;1134.1514049627203;1127.0217001606616;1099.0314082757718;1148.823663422431;1132.3033136793888;1274.30285918864;1407.481771856957
