DATA;MCPM;UF;PRODUCT;MODEL;PARAMS;WINDOW;HORIZON;RMSE;MAPE;POCID;PBE;MASE;P1;P2;P3;P4;P5;P6;P7;P8;P9;P10;P11;P12
linear;2015398.473482628;SP;querosenedeaviacao;xgb_rf_knn_arima_arma_sarima;{};12;12;56777.14517671377;0.15759375555354188;18.181818181818183;10.409826842892054;1.0662272197927014;274842.19705418736;335190.4465437952;289487.2564713218;313840.94519609044;251290.23863375874;280456.37131500687;284679.6952773034;252294.96747917036;271254.43767751195;257195.04710434465;264525.5590516067;338911.12996792916
