DATA;MCPM;UF;PRODUCT;MODEL;PARAMS;WINDOW;HORIZON;RMSE;MAPE;POCID;PBE;MASE;P1;P2;P3;P4;P5;P6;P7;P8;P9;P10;P11;P12
linear;38913.45995591308;BA;querosenedeaviacao;xgb_rf_knn_arima_arma_sarima;{};12;12;3278.83404262923;0.13430894291320936;72.72727272727273;9.565571512431902;1.6558646350900463;17160.71038741464;16469.51792966504;14849.023211902992;12940.43538851845;13172.533529708935;15028.194177250381;14811.910942355918;14123.345128340065;15533.644082845087;15886.601964518526;17083.571479525788;20788.15923439318
