DATA;MCPM;UF;PRODUCT;MODEL;PARAMS;WINDOW;HORIZON;RMSE;MAPE;POCID;PBE;MASE;P1;P2;P3;P4;P5;P6;P7;P8;P9;P10;P11;P12
linear;1785.215313115883;RR;querosenedeaviacao;xgb_rf_knn_arima_arma_sarima;{};12;12;90.38039645477151;0.1073238394880034;54.54545454545455;-0.3104062547586649;1.0953260794013158;667.8796351114461;657.4196604874624;707.8242545259504;742.6568553399218;697.514008218236;735.6967951656615;745.7811896283396;703.0209057913551;720.3527421482353;714.1019192577263;692.4596168671474;687.5263825044983
