DATA;MCPM;UF;PRODUCT;MODEL;PARAMS;WINDOW;HORIZON;RMSE;MAPE;POCID;PBE;MASE;P1;P2;P3;P4;P5;P6;P7;P8;P9;P10;P11;P12
linear;105242.0236287881;MG;querosenedeaviacao;xgb_rf_knn_arima_arma_sarima;{};12;12;5306.581493851143;0.34338202406779145;54.54545454545455;-27.705003464633744;0.6444616252971022;12243.051249588814;9467.38864145374;8262.623151763404;10039.629525924927;12796.101736763208;17981.898799692026;21018.02143975393;21026.49744873894;21161.489069401956;19142.231966234434;19661.93502856243;21150.003859854776
