DATA;MCPM;UF;PRODUCT;MODEL;PARAMS;WINDOW;HORIZON;RMSE;MAPE;POCID;PBE;MASE;P1;P2;P3;P4;P5;P6;P7;P8;P9;P10;P11;P12
linear;9655.760546030491;SC;querosenedeaviacao;xgb_rf_knn_arima_arma_sarima;{};12;12;1216.672117672162;0.14391383981720382;81.81818181818181;11.274680205287055;1.2213039617196555;5760.461777052099;5591.209915006581;5002.882153760617;4584.71591285456;4311.099194150915;4434.084878740627;4413.827909107688;4432.149629269225;4551.902072179528;4639.45864728896;5195.635492448276;5837.888144278176
