DATA;MCPM;UF;PRODUCT;MODEL;PARAMS;WINDOW;HORIZON;RMSE;MAPE;POCID;PBE;MASE;P1;P2;P3;P4;P5;P6;P7;P8;P9;P10;P11;P12
linear;41175.60152665083;GO;querosenedeaviacao;xgb_rf_knn_arima_arma_sarima;{};12;12;2074.9739804961514;0.36501083573098025;54.54545454545455;-20.29318811032316;1.0503262236807618;3905.7347178384402;3482.939328062157;3509.87518366977;4730.945075466755;5684.782663911761;7361.889958078926;8247.094846937895;8053.394206217288;7836.3697127783935;6821.967743525966;6401.159042350113;5812.01558169045
