DATA;MCPM;UF;PRODUCT;MODEL;PARAMS;WINDOW;HORIZON;RMSE;MAPE;POCID;PBE;MASE;P1;P2;P3;P4;P5;P6;P7;P8;P9;P10;P11;P12
log;56264.10599786248;SC;querosenedeaviacao;rf;{'n_estimators': 100};12;12;1728.250992214435;0.1761055779847667;27.272727272727273;15.039478799385336;1.5545986916164252;5112.013396889701;5201.0243490169305;5153.862456268576;5070.610911094621;4934.231202500192;4868.049213156192;5000.254733845045;4665.790192560476;3919.531309559885;4061.9072943686174;4045.0082305946544;4229.923022268804
normal;23786.234591365;SC;querosenedeaviacao;rf;{'n_estimators': 50};12;12;1095.932158684895;0.1181115671273618;54.54545454545455;7.556325973423501;1.0177010129075472;5174.408855975437;5334.348893312443;5246.399057140222;4955.454687407424;4994.3240118668255;4858.263268385774;4888.512568536437;4799.946461959291;4859.7766945316325;4897.61107215943;5337.915911928454;5870.7074627391285
