DATA;MCPM;UF;PRODUCT;MODEL;PARAMS;WINDOW;HORIZON;RMSE;MAPE;POCID;PBE;MASE;P1;P2;P3;P4;P5;P6;P7;P8;P9;P10;P11;P12
log;23791.66560336607;AL;querosenedeaviacao;rf;{'n_estimators': 100};12;12;1093.644475823898;0.2293320840884532;54.54545454545455;-15.269336127010163;1.0280880208115084;4209.293855065671;4092.874581995907;4132.202859528986;5041.154419761258;4585.819188148874;4608.467731612066;5058.502558041705;5666.252388465012;5815.959028453804;5873.199650028088;5226.273764514971;5086.239391835657
normal;28825.211254779457;AL;querosenedeaviacao;rf;{'n_estimators': 50};12;12;1136.4527301050057;0.230918316868398;45.45454545454545;-13.983903903175246;1.0371768353926551;4125.41225242917;4016.4135903549422;4082.8966466430784;5049.80157233346;4513.634358721108;4710.749181937633;5193.2767034813405;5630.172924006891;5931.154423119651;5592.980626000355;5063.823792712563;4823.562975754616
