DATA;MCPM;UF;PRODUCT;MODEL;PARAMS;WINDOW;HORIZON;RMSE;MAPE;POCID;PBE;MASE;P1;P2;P3;P4;P5;P6;P7;P8;P9;P10;P11;P12
normal;2644.4490149920957;RO;querosenedeaviacao;rf;{'n_estimators': 50};12;12;167.30401420049404;0.11445640988011518;63.63636363636363;2.4565449330814846;0.8119541771992826;1042.882406334408;1186.3101070494545;1007.7918751104819;997.6099586220238;1028.7762434313258;1115.2371037830314;1109.8650053315798;1267.287255454093;1363.9891466478155;1329.69303897014;1382.7485359412108;1320.3541033398187
log;4631.961908844039;RO;querosenedeaviacao;rf;{'n_estimators': 150};12;12;234.32488890781946;0.16415254359803397;54.54545454545455;4.317362732287034;1.1603426577751281;896.0158860522763;872.6121757559077;921.2001722769962;1016.7815626364533;1044.3936862295616;1108.188686070094;1162.2980848916256;1277.0899331524793;1441.7882933579463;1426.5511152453546;1364.8860350377429;1350.7537647166198
deseasonal;3935.020164814184;RO;querosenedeaviacao;rf;{'n_estimators': 200};12;12;199.16953556145924;0.14053848748845166;54.54545454545455;2.646092878342674;0.9788899870974026;1162.4811386554;941.8202252877227;933.2416721295556;976.540095454417;1176.650165109702;1099.3917051288183;1114.6321681059542;1155.4197328666285;1279.9388947841326;1493.4179021317427;1535.0090754050202;1256.5005618156038
