DATA;MCPM;UF;PRODUCT;MODEL;PARAMS;WINDOW;HORIZON;RMSE;MAPE;POCID;PBE;MASE;P1;P2;P3;P4;P5;P6;P7;P8;P9;P10;P11;P12
normal;736588.2216331954;RJ;gasolinac;arima;{'p': 21, 'd': 3, 'q': 16};12;12;37292.06079976959;0.16026667535867767;54.54545454545455;-15.093525507225062;1.266215907476178;218123.21556659503;213877.80396512142;208935.75702630274;194599.98930651724;217232.35825454377;231357.0531258186;236683.0952364832;240869.0190266571;237405.3826676589;269010.4872605009;250219.30540722818;248887.9484000445
log;547459.2586350625;RJ;gasolinac;arima;{'p': 2, 'd': 3, 'q': 9};12;12;23142.216454223297;0.08623124624829233;45.45454545454545;-7.384616370770248;0.6638142107650885;205687.32627894645;199457.1370406566;209660.3137286837;196266.70795106882;214881.40363677603;207572.18555612312;214002.48023543286;223665.96981143372;214315.28000789596;235335.10433476325;222874.87448861607;238136.80860594526
deseasonal;299483.4738505306;RJ;gasolinac;arima;{'p': 11, 'd': 3, 'q': 19};12;12;12668.153283464619;0.05008983524998714;45.45454545454545;1.3827366310428075;0.4003602839400338;198503.65009457988;196609.1710060589;187808.50696036487;180383.90600263182;192282.11136734605;191769.06608088044;197401.2041075356;201299.07174919648;201202.49036974076;220999.61294590295;203147.55759828902;199655.18241048738
