DATA;UF;PRODUCT;MODEL;PARAMS;WINDOW;HORIZON;RMSE;MAPE;POCID;PBE;MASE;P1;P2;P3;P4;P5;P6;P7;P8;P9;P10;P11;P12
rf;DF;etanolhidratado;knn_rf_deepar_svr_catboost_arima;{};12;12;3926.3669102084145;1.5320592938106807;63.63636363636363;-68.17771293818751;0.9646938633361352;4771.878332940781;5063.1684348873405;5585.849495766883;7776.563920985799;8904.73571557627;9388.292063240764;9631.887170908876;9365.945684446357;7057.890008864411;7012.091192091373;2227.1727500924344;1824.410805444242
svr;DF;etanolhidratado;knn_rf_deepar_svr_catboost_arima;{};12;12;4038.7363766342655;1.6524301509142092;54.54545454545455;-66.03831505611319;0.9874644345963796;5714.319306103032;6330.864355767049;6361.41049817192;7902.061388054048;8118.984907632748;8988.068746294197;8225.67629907889;9357.977055881216;7671.40651021624;5151.246605693694;1669.3737501962084;2118.49549944437
ridge;DF;etanolhidratado;knn_rf_deepar_svr_catboost_arima;{};12;12;4067.676381732853;1.660727115539857;45.45454545454545;-65.64372769404238;0.9934440075539243;5741.218750334494;6403.462137633675;6253.3463123221445;7938.133180699739;8152.946520328091;9016.450306668936;8130.362944274803;9482.913384609179;7588.168865208635;5064.024905813577;1662.9953367323726;1991.423645464284
linear;DF;etanolhidratado;knn_rf_deepar_svr_catboost_arima;{};12;12;4067.797982933589;1.6607658000251933;45.45454545454545;-65.64330937142911;0.9934849617754359;5743.536325293067;6403.33862852116;6251.279707365276;7938.278516424855;8152.893002180066;9016.527768598067;8129.005008533633;9485.188588639205;7587.736864945418;5060.087344787395;1664.6917412822588;1992.6872605194208
