DATA;UF;PRODUCT;MODEL;PARAMS;WINDOW;HORIZON;RMSE;MAPE;POCID;PBE;MASE;P1;P2;P3;P4;P5;P6;P7;P8;P9;P10;P11;P12
rf;MT;etanolhidratado;knn_rf_deepar_svr_catboost_arima;{};12;12;3389.3935500276416;0.05173032777174846;90.9090909090909;-2.7768051692333175;0.23515713773282623;54802.43429549274;51821.4106016416;56645.45074367351;57347.77413989404;59656.41721989465;62106.55152222894;62886.292239872506;66058.6443171739;66356.7382386462;69354.48368035717;66096.65479923895;62498.510556970126
svr;MT;etanolhidratado;knn_rf_deepar_svr_catboost_arima;{};12;12;5814.6280854264705;0.08674714159584097;90.9090909090909;-1.7077237002740244;0.40626706571511817;58162.99396875707;53949.2588060318;58884.21526317476;55143.58735047116;59553.714703958685;62449.702610448105;62834.94851889258;68281.7564704098;68398.8917210529;65664.5025149979;64409.088072512306;50246.68538241431
ridge;MT;etanolhidratado;knn_rf_deepar_svr_catboost_arima;{};12;12;5989.174938296165;0.08821793089571384;90.9090909090909;-1.6867886756925323;0.4144632645230112;58532.06068736872;53120.52449244774;59276.449012205194;54595.958507235235;60384.403956137976;62749.67057161568;63114.65511040097;68005.24325078804;68420.51035622867;65014.37248728701;64721.09716637043;49894.55604715673
linear;MT;etanolhidratado;knn_rf_deepar_svr_catboost_arima;{};12;12;5994.9660600086345;0.08825128828995236;90.9090909090909;-1.6842152069648426;0.414635295967424;58536.02436281776;53114.06333288975;59282.7201346031;54585.926741496136;60392.576061974636;62750.2515924733;63113.740354677895;68008.24735415723;68419.63136323218;65003.39986368704;64735.69495136477;49868.80576971495
