DATA;UF;PRODUCT;MODEL;PARAMS;WINDOW;HORIZON;RMSE;MAPE;POCID;PBE;MASE;P1;P2;P3;P4;P5;P6;P7;P8;P9;P10;P11;P12
rf;PR;etanolhidratado;knn_rf_deepar_svr_catboost_arima;{};12;12;32074.462623934465;0.2842840124661743;36.36363636363637;-19.331242983315782;0.7943076260969447;83019.50288916769;98800.32651719867;103467.14546452777;137117.73803043406;142185.77720566298;135518.39392018592;129299.1589329108;111049.62087606978;107935.96137490685;118308.41952187812;102860.62904076705;94898.89322468115
svr;PR;etanolhidratado;knn_rf_deepar_svr_catboost_arima;{};12;12;30650.211122270768;0.2915863693780681;45.45454545454545;-19.709559013471935;0.8388650248490662;88908.50586267796;88627.59055153925;113520.51421000043;129236.87403339332;134881.66556135495;133740.0614598972;126066.32049058346;122566.3259551479;130610.62654077564;108384.98834630934;102573.30194521233;89670.54672587491
ridge;PR;etanolhidratado;knn_rf_deepar_svr_catboost_arima;{};12;12;30946.419326041745;0.29442467796562305;45.45454545454545;-19.48156948363621;0.8493257719756946;89053.73344733634;86694.2564677237;115681.61706248563;128947.30180097406;134508.88469574906;134279.9137749199;125823.81887283703;123802.06341900631;129920.07791409864;106132.2932624551;104205.10455710442;87131.37037084339
linear;PR;etanolhidratado;knn_rf_deepar_svr_catboost_arima;{};12;12;30949.855621803363;0.2944606354537413;45.45454545454545;-19.479890762452026;0.8494768335550099;89080.56015927832;86664.19589782672;115705.67556988585;128923.02686081134;134511.5241588428;134284.53454506065;125819.1985213626;123810.26998777266;129929.89547329908;106084.29085244458;104237.84919490495;87110.21953023199
