DATA;UF;PRODUCT;MODEL;PARAMS;WINDOW;HORIZON;RMSE;MAPE;POCID;PBE;MASE;P1;P2;P3;P4;P5;P6;P7;P8;P9;P10;P11;P12
mean;SP;oleodiesel;knn_rf_deepar_svr_catboost_arima;{};12;12;58378.037806518805;0.042866967923686605;72.72727272727273;0.589096682389286;0.614881760225382;984271.51663032;970687.8735846785;1030727.8078505279;1041889.4195778166;1074867.7762833908;1111306.9643956542;1087951.5917170483;1089085.4660331116;1030776.4817671815;953577.6046872793;859182.7680485141;893280.0853619374
