DATA;UF;PRODUCT;MODEL;PARAMS;WINDOW;HORIZON;RMSE;MAPE;POCID;PBE;MASE;P1;P2;P3;P4;P5;P6;P7;P8;P9;P10;P11;P12
mean;SC;oleodiesel;knn_rf_deepar_svr_catboost_arima;{};12;12;17363.325965080578;0.058087626183122264;63.63636363636363;-0.21992900989645792;0.25980656957035614;215243.5472750589;203242.8058931728;206927.64706259625;203987.46673196764;206572.018474904;212364.70743379765;207314.2893278224;208059.262484195;207128.71096909224;201314.25219947175;201818.31442943698;202447.48696969773
