DATA;UF;PRODUCT;MODEL;PARAMS;WINDOW;HORIZON;RMSE;MAPE;POCID;PBE;MASE;P1;P2;P3;P4;P5;P6;P7;P8;P9;P10;P11;P12
mean;MS;oleodiesel;knn_rf_deepar_svr_catboost_arima;{};12;12;15007.042004687739;0.1261506039118155;81.81818181818181;11.313132875803667;0.36545212784179454;103700.7547904235;89801.33508549177;91069.25842958875;102681.36035400118;112673.58101048655;117088.77224715706;113246.14652623313;111233.06740108179;101907.54467464022;88362.14392136197;90867.14085888932;106740.36861070126
