DATA;UF;PRODUCT;MODEL;PARAMS;WINDOW;HORIZON;RMSE;MAPE;POCID;PBE;MASE;P1;P2;P3;P4;P5;P6;P7;P8;P9;P10;P11;P12
mean;RO;oleodiesel;knn_rf_deepar_svr_catboost_arima;{};12;12;5467.8293332270305;0.059219915110785955;81.81818181818181;3.486299199332458;0.5516137511446498;68313.29668707625;66961.162089305;68310.79451932258;70168.48191927627;73401.64988079925;72045.02551684558;71634.83880192567;73157.19419419629;72180.10801416647;69409.5023312835;64833.37484751501;66579.17083613758
