DATA;UF;PRODUCT;MODEL;PARAMS;WINDOW;HORIZON;RMSE;MAPE;POCID;PBE;MASE;P1;P2;P3;P4;P5;P6;P7;P8;P9;P10;P11;P12
mean;MG;oleodiesel;knn_rf_deepar_svr_catboost_arima;{};12;12;41027.793324723774;0.0534291687257926;81.81818181818181;-0.8082956190982175;0.36853123916666425;560601.1760085593;552291.7213299816;572078.5365018117;575588.380322342;596154.7105223504;616677.914994868;610406.495963985;618765.4145026075;588108.627128429;560025.5919741177;531881.3688167565;527284.9364343161
