DATA;UF;PRODUCT;MODEL;PARAMS;WINDOW;HORIZON;RMSE;MAPE;POCID;PBE;MASE;P1;P2;P3;P4;P5;P6;P7;P8;P9;P10;P11;P12
mean;AL;oleodiesel;knn_rf_deepar_svr_catboost_arima;{};12;12;1598.693850073632;0.04702857300997892;54.54545454545455;1.256143305650514;0.35475207229002226;28694.893529707824;25559.306268096007;25523.445514718143;24222.401800519074;25473.69517415989;27179.375429514726;29349.5839916339;33040.84189011022;34118.63103887592;35086.01231486241;33263.848873687675;29765.413964447005
