DATA;UF;PRODUCT;MODEL;PARAMS;WINDOW;HORIZON;RMSE;MAPE;POCID;PBE;MASE;P1;P2;P3;P4;P5;P6;P7;P8;P9;P10;P11;P12
mean;CE;oleodiesel;knn_rf_deepar_svr_catboost_arima;{};12;12;3775.2993462914515;0.034816597996841586;72.72727272727273;1.3525753314326145;0.4905934193728718;78890.9617171708;76592.26479466326;80167.61591219486;82472.2780232328;85182.62457472696;88578.19546685595;88606.15354738539;88964.28520335288;87762.95286889795;87910.62782372821;85081.51948704071;79187.37068923445
