DATA;UF;PRODUCT;MODEL;PARAMS;WINDOW;HORIZON;RMSE;MAPE;POCID;PBE;MASE;P1;P2;P3;P4;P5;P6;P7;P8;P9;P10;P11;P12
normal;SC;glp;knn_rf_deepar_svr_catboost_arima;{};12;12;4598.028846406054;0.08250559926776464;45.45454545454545;5.312711930109212;1.5022461399836853;36530.21549534324;40078.805213545;44771.836378450585;45503.832107067756;48353.937596426156;51817.04335075715;52871.9930187448;51304.62930896745;45453.794866820506;45751.63235827115;43576.405720949755;40502.80610987947
deseasonal;SC;glp;knn_rf_deepar_svr_catboost_arima;{};12;12;2824.289367703565;0.04628780443787542;72.72727272727273;4.516043220955232;0.8631346398262006;42291.70109425059;41690.568895705685;46752.73393296017;46603.01501354595;49746.38680572861;50306.521442492485;46408.25488845746;48713.24434383501;46438.27298590571;45697.753890289634;44366.5598387772;42100.137935137645
log;SC;glp;knn_rf_deepar_svr_catboost_arima;{};12;12;3890.382032760507;0.06656448759250898;54.54545454545455;5.593203764257511;1.2334280994803684;42020.02440526455;42617.992960068936;45950.8489777953;45993.54102601495;47190.89723561715;49284.028616435586;48963.43959634442;48775.55000047394;46456.68007344431;46459.41262330492;41590.52669610475;39595.04405104219
