DATA;MCPM;UF;PRODUCT;MODEL;PARAMS;WINDOW;HORIZON;RMSE;MAPE;POCID;PBE;MASE;P1;P2;P3;P4;P5;P6;P7;P8;P9;P10;P11;P12
normal;33221.80250645284;AM;gasolinac;sarima;{'p': 1, 'd': 1, 'q': 3, 'P': 5, 'D': 0, 'Q': 3, 's': 12};12;12;4202.9646300965705;0.072238136005995;81.81818181818181;-6.700338399587704;0.6655138353042392;54581.81963869578;55433.452031764624;55983.09706250287;56102.77456819857;55990.055066616005;59704.568092326605;55425.79240416306;56804.0664126345;50754.19906774563;58999.97759715894;49504.59813763413;49200.92963147751
log;69985.46346697703;AM;gasolinac;sarima;{'p': 3, 'd': 1, 'q': 3, 'P': 2, 'D': 0, 'Q': 4, 's': 12};12;12;3550.6182011811775;0.06472846551036882;54.54545454545455;-5.186015176288251;0.5973362576285564;51480.24748095327;52635.32219303386;54980.19183940597;53666.2118644307;57095.675567237;57908.37985969883;55685.78985765159;56955.44060800143;52841.511313156036;57745.9643084029;48866.37972161641;49278.793686866426
deseasonal;45844.05983673329;AM;gasolinac;sarima;{'p': 3, 'd': 0, 'q': 5, 'P': 2, 'D': 0, 'Q': 6, 's': 12};12;12;3871.844357841627;0.07093040040434731;72.72727272727273;-6.162333867360922;0.6523529325648213;52535.54489733351;53132.80588846894;55589.09248214786;56333.26866993409;56396.97400430449;59515.59765582283;55694.82995423559;55674.62903476045;53548.312492921614;58351.46188144748;48277.497112083074;50115.10037757221
