DATA;MCPM;UF;PRODUCT;MODEL;PARAMS;WINDOW;HORIZON;RMSE;MAPE;POCID;PBE;MASE;P1;P2;P3;P4;P5;P6;P7;P8;P9;P10;P11;P12
normal;5274.505797390365;RR;gasolinac;sarima;{'p': 1, 'd': 1, 'q': 3, 'P': 1, 'D': 0, 'Q': 5, 's': 12};12;12;668.580614879576;0.036312685483463863;81.81818181818181;-1.6905877260847584;0.6508471125189654;15697.84840480615;15411.492266406178;15289.720443186163;14991.659384409395;14850.981136543185;15870.244052156024;16203.661579139374;16219.008428155945;15520.948512079456;16516.15189043779;14981.986650402148;14643.236875355535
log;5058.0790411337075;RR;gasolinac;sarima;{'p': 2, 'd': 1, 'q': 3, 'P': 1, 'D': 0, 'Q': 6, 's': 12};12;12;641.1673595250495;0.035709195853981655;81.81818181818181;-1.2047182134447285;0.6455173592699593;15705.356211527316;15409.90287286995;15132.713167195316;15028.732298769546;14684.495717854328;15734.656542097122;16003.29685594754;16265.675187470904;15406.964500780248;16571.621474263004;14852.287042087184;14511.603634321753
deseasonal;3247.4268098755456;RR;gasolinac;sarima;{'p': 6, 'd': 1, 'q': 1, 'P': 4, 'D': 0, 'Q': 6, 's': 12};12;12;820.9014642390973;0.044422561717395885;90.9090909090909;-2.8982161648505804;0.795349689541651;15556.299344070672;15311.328650236044;15542.050077147953;15448.052933303426;15187.254209437064;15702.249414808824;16601.2550697763;16609.254878290765;15657.50707414335;16590.1326551126;15281.819716727217;14920.920769939425
