DATA;MCPM;UF;PRODUCT;MODEL;PARAMS;WINDOW;HORIZON;RMSE;MAPE;POCID;PBE;MASE;P1;P2;P3;P4;P5;P6;P7;P8;P9;P10;P11;P12
normal;93222.32102738536;CE;gasolinac;sarima;{'p': 2, 'd': 1, 'q': 3, 'P': 2, 'D': 0, 'Q': 1, 's': 12};12;12;7880.068255238565;0.047648905467301696;72.72727272727273;4.653983166172077;0.7596927969666356;119636.14548332292;115946.67219811515;117749.44763334536;118105.52324965881;124677.5457160252;123972.93529656308;122808.76952093231;127644.06407649111;120752.63975566518;131891.37492545173;121856.7839286456;113113.8275390906
log;35378.50004023094;CE;gasolinac;sarima;{'p': 4, 'd': 1, 'q': 3, 'P': 5, 'D': 0, 'Q': 4, 's': 12};12;12;8930.291516795944;0.05802165382246943;90.9090909090909;5.922078788558672;0.9167920357601449;120114.79525441793;112425.06912824811;118064.48862106123;116641.35406940863;122750.57064110602;125846.30343029188;120111.8503352009;125903.8838634084;117190.86774335583;132566.20537808043;118506.16072311302;108640.80683575828
deseasonal;31383.119439500126;CE;gasolinac;sarima;{'p': 2, 'd': 1, 'q': 4, 'P': 2, 'D': 0, 'Q': 5, 's': 12};12;12;7929.952800216183;0.048586434056884294;90.9090909090909;4.805605292185715;0.7719204320510485;121245.20642902011;113739.90585533202;119191.41009282802;116310.78134999811;124504.97835910172;124651.76185474131;122339.061610583;127688.25490566864;119494.21003447044;133197.25499793433;120875.68186031023;112598.41853421704
