DATA;MCPM;UF;PRODUCT;MODEL;PARAMS;WINDOW;HORIZON;RMSE;MAPE;POCID;PBE;MASE;P1;P2;P3;P4;P5;P6;P7;P8;P9;P10;P11;P12
normal;76353.17288791078;GO;gasolinac;sarima;{'p': 3, 'd': 1, 'q': 5, 'P': 4, 'D': 0, 'Q': 6, 's': 12};12;12;6457.262470755149;0.034380473100820215;72.72727272727273;0.43224425451445514;0.23242462760903856;138274.49504797804;139708.19470175778;136976.1768484436;132987.2197486666;138531.71389145855;135062.45858768787;129567.96018374273;133331.99363079565;121492.39986967931;147939.51426939561;126021.09071687763;115609.28262033036
log;113292.13795026207;GO;gasolinac;sarima;{'p': 2, 'd': 1, 'q': 4, 'P': 6, 'D': 0, 'Q': 2, 's': 12};12;12;14315.456584171287;0.09459960754075607;81.81818181818181;-7.0566673222835306;0.6079928181574668;139472.17506867956;141992.27533870554;142557.86114821606;136177.98082750413;151018.8269309028;144786.6636172696;139852.14174846324;146291.38350400166;134060.10085822438;167283.4563916691;141876.68816927512;130137.43044018296
deseasonal;94393.8969448877;GO;gasolinac;sarima;{'p': 2, 'd': 1, 'q': 4, 'P': 4, 'D': 0, 'Q': 2, 's': 12};12;12;11938.665827481185;0.0775050299768676;81.81818181818181;-4.974881688432227;0.4890432645996877;137815.7949033429;135648.8804140573;140112.27096149177;140871.852985781;138488.36491116934;146617.66263731418;140320.21683643374;140410.5468498151;136881.44686473825;150044.88688671743;141217.9296701958;133717.99534343093
