DATA;MCPM;UF;PRODUCT;MODEL;PARAMS;WINDOW;HORIZON;RMSE;MAPE;POCID;PBE;MASE;P1;P2;P3;P4;P5;P6;P7;P8;P9;P10;P11;P12
normal;15413.054605342884;PI;gasolinac;sarima;{'p': 2, 'd': 1, 'q': 6, 'P': 2, 'D': 0, 'Q': 6, 's': 12};12;12;3886.857229436396;0.06669985593433016;90.9090909090909;6.749755887283232;0.6590479393726404;48216.152179275836;45319.094145386145;47974.87505992386;47087.44721587182;49725.174864700704;50825.95357417002;49367.65851996007;50937.07053690069;48496.77196329437;54637.46227228017;50372.81968843688;43526.80335022091
log;14249.463103967197;PI;gasolinac;sarima;{'p': 1, 'd': 1, 'q': 2, 'P': 2, 'D': 0, 'Q': 5, 's': 12};12;12;3595.924161457882;0.06033422375739931;90.9090909090909;6.041546285668413;0.592027043353381;49545.56460621352;44895.56309947629;47542.33113524824;47504.81285246953;50949.11885209924;51409.46856448675;49068.98608702348;51218.657406703336;48398.82503684806;56292.24460514653;51045.29136209724;43070.62714040293
deseasonal;22514.247359439232;PI;gasolinac;sarima;{'p': 1, 'd': 0, 'q': 6, 'P': 2, 'D': 0, 'Q': 2, 's': 12};12;12;5656.816718118184;0.10039354740227004;90.9090909090909;10.145267498424912;0.990586585778342;45405.79297052855;43068.59031519372;45958.28351654941;45183.06004834602;48801.500431597604;49491.633760935096;48052.42150931212;49012.0796430379;46463.83395980212;52539.64846892341;47242.2399416165;43912.4972788644
