DATA;MCPM;UF;PRODUCT;MODEL;PARAMS;WINDOW;HORIZON;RMSE;MAPE;POCID;PBE;MASE;P1;P2;P3;P4;P5;P6;P7;P8;P9;P10;P11;P12
normal;15748.469219829432;AL;querosenedeaviacao;sarima_noresid;{'p': 5, 'd': 0, 'q': 6, 'P': 2, 'D': 0, 'Q': 2, 's': 12};12;12;994.3436463585041;0.2052774831866494;63.63636363636363;-19.062154341518553;0.9563940796634023;5231.832334040078;3606.733182150389;3605.0570789810254;3735.907778556054;5071.592671637354;4508.489477952621;4878.8292570459735;5686.889728621934;5302.313142916877;6849.725857375317;7808.094626167298;5065.146071635396
log;22670.00880827858;AL;querosenedeaviacao;sarima_noresid;{'p': 2, 'd': 0, 'q': 1, 'P': 1, 'D': 0, 'Q': 4, 's': 12};12;12;1145.5654683928265;0.23759894414350438;54.54545454545455;-22.211697968956734;1.1308120999519478;5326.81015031986;3486.5450219693253;3578.149353393611;3764.4009421201476;5096.4331057938625;4621.956692798466;5007.146568929044;5833.123952221404;5512.562818463027;7170.065181879511;8239.000811489075;5337.320440036186
deseasonal;23208.16795473781;AL;querosenedeaviacao;sarima_noresid;{'p': 6, 'd': 0, 'q': 4, 'P': 5, 'D': 0, 'Q': 5, 's': 12};12;12;1172.348209249138;0.2532537368654727;54.54545454545455;-23.76490031017386;1.1591861306238433;5246.599053095218;3735.156153929598;3808.8360968316597;4021.872524246818;5359.178765703367;4890.424288702012;5229.478277324278;5955.038453688524;5634.983826273134;6930.95130729499;7638.947360617469;5322.386482198013
