DATA;MCPM;UF;PRODUCT;MODEL;PARAMS;WINDOW;HORIZON;RMSE;MAPE;POCID;PBE;MASE;P1;P2;P3;P4;P5;P6;P7;P8;P9;P10;P11;P12
normal;34578.07992604755;GO;querosenedeaviacao;sarima_noresid;{'p': 3, 'd': 1, 'q': 4, 'P': 2, 'D': 0, 'Q': 4, 's': 12};12;12;2869.2777775503964;0.5529420992176324;72.72727272727273;-54.58889472351899;1.6066696473401316;6640.097691346962;6528.017009297626;7586.832548415568;7524.174044194895;8043.586635296317;8073.17623062611;7587.767999418047;9500.240738663706;8210.05713688183;8702.685979891927;7619.224464966766;6316.291181992677
log;35626.85469199131;GO;querosenedeaviacao;sarima_noresid;{'p': 2, 'd': 0, 'q': 4, 'P': 5, 'D': 0, 'Q': 6, 's': 12};12;12;2954.3070726637925;0.5717390205658375;72.72727272727273;-56.52107580514161;1.6635379300326258;6924.177496879051;6840.900557667835;7901.820753466045;7749.2618526957995;8167.628297030082;8175.029053221687;7686.170636521424;9554.117026987073;8221.028544349805;8693.27203830321;7529.862231708904;6042.927497169147
deseasonal;17522.0810969798;GO;querosenedeaviacao;sarima_noresid;{'p': 1, 'd': 0, 'q': 5, 'P': 5, 'D': 0, 'Q': 1, 's': 12};12;12;2175.986485512239;0.41114544641770623;81.81818181818181;-40.569100829016186;1.194036685519832;6312.892716213597;5963.089080778674;6929.222223308416;6880.29322017174;7532.996722592873;7521.590673764085;7026.815206686446;8533.599243366436;7362.888354415913;7725.713559615736;6651.954733021891;5517.417219810206
