DATA;MCPM;UF;PRODUCT;MODEL;PARAMS;WINDOW;HORIZON;RMSE;MAPE;POCID;PBE;MASE;P1;P2;P3;P4;P5;P6;P7;P8;P9;P10;P11;P12
normal;1147.7345040843898;RR;querosenedeaviacao;sarima_noresid;{'p': 5, 'd': 0, 'q': 2, 'P': 3, 'D': 0, 'Q': 2, 's': 12};12;12;72.61371046011574;0.09250305382871804;63.63636363636363;-0.26442097723939467;0.9304475833264829;697.8261937937151;497.53940520780566;622.5962958517284;729.4796520896111;680.5794797560475;613.7590501760759;686.4741203134499;740.6164260102805;731.8083609321576;798.8600774372624;871.8035798679492;797.0073992531219
log;1166.594738024041;RR;querosenedeaviacao;sarima_noresid;{'p': 6, 'd': 0, 'q': 4, 'P': 5, 'D': 0, 'Q': 6, 's': 12};12;12;73.80524406156024;0.09356623494520826;63.63636363636363;0.6410855466539332;0.9353137181325826;692.7937927619521;481.9270822052648;614.6660872552155;717.5422051943119;680.0168950391037;611.909745334369;690.125193423146;747.5273520293364;728.5915944156609;784.5690342830648;851.2190041712718;790.9828196323689
deseasonal;1265.1382251559626;RR;querosenedeaviacao;sarima_noresid;{'p': 5, 'd': 0, 'q': 6, 'P': 2, 'D': 0, 'Q': 2, 's': 12};12;12;80.04363326677486;0.09478794684632535;63.63636363636363;-3.5753545263623003;0.9425621100642151;707.3638469660684;516.4216174357771;639.1622298073838;740.6310961569852;714.8490783181908;650.8617050574418;718.4305831909205;762.8565247780734;756.6488415710201;829.8494278555941;891.3900590360603;819.5270409333137
