DATA;UF;PRODUCT;MODEL;PARAMS;WINDOW;HORIZON;RMSE;MAPE;POCID;PBE;MASE;P1;P2;P3;P4;P5;P6;P7;P8;P9;P10;P11;P12
normal;PA;oleodiesel;knn_rf_deepar_svr_catboost_arima;{};12;12;14542.08041098404;0.04720467727677433;45.45454545454545;-0.17637818113017276;1.1278521998723645;227127.29068480627;227821.19410544235;238653.8548807382;240511.071691379;266129.229386261;258942.1123084167;267554.3063556557;265830.4339357358;270253.95501571696;259449.659898177;237977.5730340275;235878.9312910876
deseasonal;PA;oleodiesel;knn_rf_deepar_svr_catboost_arima;{};12;12;11640.147443188684;0.036150417729006686;72.72727272727273;1.0087857342188316;0.8815783994100181;233551.964498723;224632.0884439094;242973.35676953418;241443.63846510387;257266.6010767082;263275.05698257324;261066.77584988496;261984.9954703647;263767.69158951833;245288.73747338203;237348.59934850215;228083.57953351532
log;PA;oleodiesel;knn_rf_deepar_svr_catboost_arima;{};12;12;11527.210314511398;0.036233095855821;72.72727272727273;0.9241879161513286;0.8816234599341017;231718.58567861206;227282.95744600086;244270.5397315946;245549.26521633327;259701.17680865587;261557.56264426076;256265.28942880104;263762.2610707415;259974.44852441788;248380.46064962674;236015.47634781516;228735.2595171436
