DATA;MCPM;UF;PRODUCT;MODEL;PARAMS;WINDOW;HORIZON;RMSE;MAPE;POCID;PBE;P1;P2;P3;P4;P5;P6;P7;P8;P9;P10;P11;P12
combination;33057.622925917414;GO;oleocombustivel;combination-mean;ARIMA-SARIMA-VARMA-RF;12;12;1302.8254267683071;0.25357812438172883;41.666666666666664;-10.05922840917335;4434.511483175018;4432.90308703738;4842.753961993452;4420.105442099321;4990.530576026837;5653.557973364316;5546.083942553145;5599.662893714286;5551.1018360164035;5452.971066194517;5285.683952800962;4361.441453731461
