DATA;MCPM;UF;PRODUCT;MODEL;PARAMS;WINDOW;HORIZON;RMSE;MAPE;POCID;PBE;P1;P2;P3;P4;P5;P6;P7;P8;P9;P10;P11;P12
combination;169046.4443262804;BA;oleocombustivel;combination-mean;ARIMA-SARIMA-VARMA-RF;12;12;6648.864935438439;0.3795304507275486;41.666666666666664;40.23133921957084;10769.046642427518;9547.70628910909;8425.950581631576;8164.678969286422;6838.6959967242365;7848.287909838411;7205.902966018299;8205.057436176052;9904.908336083992;8531.699648539961;9576.238201454846;9537.454189280266
