DATA;MCPM;UF;PRODUCT;MODEL;PARAMS;WINDOW;HORIZON;RMSE;MAPE;POCID;PBE;P1;P2;P3;P4;P5;P6;P7;P8;P9;P10;P11;P12
combination;13859.621315258764;AP;oleodiesel;combination-median;ARIMA-SARIMA-VARMA;12;12;766.6475752613147;0.07889928989761379;58.333333333333336;-7.338224165784064;8189.215718962629;8223.078047357338;8758.070106040994;8875.244620848916;9376.964241216312;10394.658174724962;9395.228213779605;9369.942550722526;9513.253562634596;9530.867011687496;8360.869066366047;7435.406785027344
