DATA;MCPM;UF;PRODUCT;MODEL;PARAMS;WINDOW;HORIZON;RMSE;MAPE;POCID;PBE;P1;P2;P3;P4;P5;P6;P7;P8;P9;P10;P11;P12
combination;53876.76828480208;MA;oleodiesel;combination-median;ARIMA-SARIMA-VARMA;12;12;14771.249896723353;0.08994283053433401;91.66666666666667;9.375473568963509;120016.51270341198;114581.68237820789;120927.57649944161;125767.79562350831;135757.92992521875;140383.61351447715;137414.18325919897;137992.05890235998;134309.78641797492;132354.9369008685;118847.95880314332;113921.80217475742
