DATA;MCPM;UF;PRODUCT;MODEL;PARAMS;WINDOW;HORIZON;RMSE;MAPE;POCID;PBE;P1;P2;P3;P4;P5;P6;P7;P8;P9;P10;P11;P12
combination;101797.59160536758;PA;oleodiesel;combination-median;ARIMA-SARIMA-VARMA;12;12;14064.600020075875;0.04839531452819074;83.33333333333333;4.5115555433685515;226030.61064898697;222532.71480213397;239805.91678624478;240879.9487437915;256795.566291538;258596.51932031015;251162.92118354258;249142.19779534725;238996.42028100468;233793.38235415518;218380.74855667347;219803.39384922024
