DATA;MCPM;UF;PRODUCT;MODEL;PARAMS;WINDOW;HORIZON;RMSE;MAPE;POCID;PBE;P1;P2;P3;P4;P5;P6;P7;P8;P9;P10;P11;P12
combination;895294.4118722533;SP;oleodiesel;combination-median;ARIMA-SARIMA-VARMA;12;12;82489.51584721179;0.06490958055519758;75.0;6.343029529477833;1043220.8789363222;1034253.6159456696;1096075.5578754237;1101197.1748330814;1149186.904784169;1202469.5858528514;1134414.8971460718;1169213.903044502;1070576.4461246803;997758.8413863028;905890.295956943;917228.87772361
