DATA;MCPM;UF;PRODUCT;MODEL;PARAMS;WINDOW;HORIZON;RMSE;MAPE;POCID;PBE;P1;P2;P3;P4;P5;P6;P7;P8;P9;P10;P11;P12
combination;739104.6653317297;PR;oleodiesel;combination-median;ARIMA-SARIMA-VARMA;12;12;51095.20164943182;0.07267412690756798;66.66666666666667;7.535413130556552;533742.3684198961;485954.3297724726;500737.71226074063;493717.24581945286;522929.05622454174;542195.9998863691;507994.0322560754;521267.10245453776;495521.63748942805;475367.5151009545;461013.4892667297;476245.7626249576
