DATA;MCPM;UF;PRODUCT;MODEL;PARAMS;WINDOW;HORIZON;RMSE;MAPE;POCID;PBE;P1;P2;P3;P4;P5;P6;P7;P8;P9;P10;P11;P12
combination;33647.310679760776;PI;oleodiesel;combination-median;ARIMA-SARIMA-VARMA;12;12;4641.292952739996;0.0751945050664501;83.33333333333333;7.6402753985741185;48954.032377943695;47202.22352203521;49004.132351707245;50267.56286846831;53720.460397261006;54523.32767643578;52979.24932816651;53964.73548481595;53831.10070165442;51663.04550317813;45226.290211446205;44060.75969727464
