DATA;MCPM;UF;PRODUCT;MODEL;PARAMS;WINDOW;HORIZON;RMSE;MAPE;POCID;PBE;P1;P2;P3;P4;P5;P6;P7;P8;P9;P10;P11;P12
combination;238393.55353278542;RS;oleodiesel;combination-median;ARIMA-SARIMA-VARMA;12;12;21976.415344065408;0.05163057019291458;75.0;3.662547418504161;357154.9597896975;337010.64755024266;311859.73624066124;288145.3868128201;286901.7319724737;320294.571088744;316451.83548351796;349091.2216897784;343608.1324011113;308820.8315319496;287698.0782174703;288424.6407297023
