DATA;MCPM;UF;PRODUCT;MODEL;PARAMS;WINDOW;HORIZON;RMSE;MAPE;POCID;PBE;P1;P2;P3;P4;P5;P6;P7;P8;P9;P10;P11;P12
combination;236945.65941107812;BA;gasolinac;combination-mean;ARIMA-SARIMA-VARMA;12;12;10933.539952405614;0.047850088331627634;50.0;3.262218731104949;186929.70967139248;182464.91780995912;182592.8312203199;183387.50057525095;189677.3547549434;188773.74923417481;190817.4457274689;187620.02697025854;182777.46703523688;204296.04835319327;195528.83104599372;180706.72913181025
