DATA;MCPM;UF;PRODUCT;MODEL;PARAMS;WINDOW;HORIZON;RMSE;MAPE;POCID;PBE;P1;P2;P3;P4;P5;P6;P7;P8;P9;P10;P11;P12
combination;16550.560644647638;RO;gasolinac;combination-mean;ARIMA-SARIMA-VARMA;12;12;2287.875949746527;0.03932092379285286;83.33333333333333;3.3504660802272532;36387.84205224253;37045.203846733704;37900.26661375508;37783.613755339844;39970.350577824756;41114.504611911914;40648.90906764615;40300.189594591015;39004.93285760899;41148.370523555546;36552.81081725766;35664.66584559723
