DATA;MCPM;UF;PRODUCT;MODEL;PARAMS;WINDOW;HORIZON;RMSE;MAPE;POCID;PBE;P1;P2;P3;P4;P5;P6;P7;P8;P9;P10;P11;P12
combination;35951.14990215662;RN;gasolinac;combination-mean;ARIMA-SARIMA-VARMA;12;12;3314.170980034703;0.05131507038836689;75.0;4.2388865011408345;53279.219229687566;51973.1093319111;53554.639319206384;50895.11399058458;53562.192529073734;54748.57646335992;54321.87275328775;54158.689132930034;53384.63984328694;57845.342156185885;53226.416284397965;51359.523669978196
