DATA;MCPM;UF;PRODUCT;MODEL;PARAMS;WINDOW;HORIZON;RMSE;MAPE;POCID;PBE;P1;P2;P3;P4;P5;P6;P7;P8;P9;P10;P11;P12
combination;385147.0142942467;MG;gasolinac;combination-mean;ARIMA-SARIMA-VARMA;12;12;26642.752717053918;0.05125085755620112;66.66666666666667;-0.2097368866578866;388774.9297351605;392914.2706070852;391942.70766736846;377806.568440264;411870.1164764422;395410.4715092524;392590.93342146714;388540.6192415675;380338.27298013866;428950.38730924635;384861.54783546337;379503.7524270521
