DATA;MCPM;UF;PRODUCT;MODEL;PARAMS;WINDOW;HORIZON;RMSE;MAPE;POCID;PBE;P1;P2;P3;P4;P5;P6;P7;P8;P9;P10;P11;P12
combination;44358.90219403808;AM;gasolinac;combination-mean;ARIMA-SARIMA-VARMA;12;12;3067.98882570791;0.056815219908485017;66.66666666666667;-4.013817321061509;50930.22545710021;52329.074935943114;53377.23256738231;53476.51323128783;56900.16079825405;58029.92786765715;56354.562737563836;55454.41383584346;53084.39080532665;55575.73811781344;47835.171131461255;48558.451424123516
