DATA;MCPM;UF;PRODUCT;MODEL;PARAMS;WINDOW;HORIZON;RMSE;MAPE;POCID;PBE;P1;P2;P3;P4;P5;P6;P7;P8;P9;P10;P11;P12
combination;76831.03814975134;PI;gasolinac;combination-mean;ARIMA-SARIMA-VARMA;12;12;5308.757246210763;0.08893659715104625;66.66666666666667;9.071374179132679;47244.68675253304;44834.080611518315;45946.84804359773;43966.28780346613;48020.469426051866;48604.693693599096;49649.93584751976;49120.535531140566;48205.89479253648;52028.75274425903;48829.355535576375;45434.176469782484
