dataset_index;horizon;regressor;mape;pocid;smape;rmse;msmape;mae;test;predictions;start_test;final_test
15;8;FT_rf_log;0.02802416590614559;57.142857142857146;0.028157385790043205;5.913950148101565;0.028149368547693683;4.945566370179165;[171.343537414966, 185.912698412698, 170.46485260771, 171.839569160998, 175.382653061225, 181.575963718821, 173.228458049887, 168.395691609977];"[169.86422449 176.27031217 179.21167761 171.33674538 168.58637934
 175.44946491 174.86493977 173.02962038]";1998-03-29;1998-05-17
25;8;FT_rf_log;0.1549199730975789;28.571428571428573;0.15466368890632531;20.773685860646253;0.1546022274835182;19.56252079279379;[115.347185691741, 139.702788006312, 140.873224618622, 134.836927932667, 97.3566543924249, 146.002104155708, 129.155707522357, 130.523408732246];"[135.24977354 125.56542688 116.8928671  151.29127843 124.0222975
 114.2123771  115.00758748 139.94542787]";1998-03-29;1998-05-17
0;8;FT_rf_log;0.04631692824239174;28.571428571428573;0.04709071303809656;14.089459697659061;0.04708188833676699;12.57606852086839;[254.280045351474, 260.572562358277, 262.585034013605, 259.05612244898, 255.711451247166, 292.786281179138, 272.534013605442, 280.144557823129];"[261.42300429 247.82988258 256.14074436 264.2653293  270.57107705
 268.61649604 262.50664157 260.13192784]";1998-03-29;1998-05-17
10;8;FT_rf_log;0.09671456076506692;85.71428571428571;0.09772174510832549;18.302683365003848;0.09769191015610487;16.08030905393757;[170.564058956916, 169.855442176871, 176.955782312925, 170.46485260771, 187.03231292517, 186.649659863946, 131.816893424036, 177.933673469388];"[169.14244089 158.15266858 168.23161288 155.76663288 161.00344947
 163.16648973 160.62989476 164.16301678]";1998-03-29;1998-05-17
20;8;FT_rf_log;0.11814662638572436;57.142857142857146;0.10815298948037683;17.118762844689932;0.10810888549998447;13.368523693024112;[103.075396825397, 125.864512471655, 129.591836734694, 126.856575963719, 97.5907029478459, 138.194444444445, 114.342403628118, 127.777777777778];"[113.65744744 127.39812432 148.93048703 124.97666992 125.20755544
 129.0539138  145.559819   122.13860554]";1998-03-29;1998-05-17
5;8;FT_rf_log;0.15310324485004917;28.571428571428573;0.1396470190033596;22.919260089628004;0.13959006624097228;17.26059063681136;[158.630952380952, 132.681405895692, 126.615646258503, 123.228458049887, 86.139455782313, 131.490929705215, 141.425736961451, 129.549319727891];"[138.38199928 121.6375177  131.24132407 133.04433733 138.18793699
 115.61668278 117.10379955 129.65498089]";1998-03-29;1998-05-17
15;8;FT_rf_log;0.09725143165162607;85.71428571428571;0.09793691228349369;16.585028114049187;0.0979056744990137;15.395352001989526;[174.574829931973, 148.28514739229, 131.207482993197, 168.154761904762, 174.617346938775, 154.903628117914, 159.041950113379, 175.708616780045];"[162.88065832 160.689036   156.18218546 151.75897246 152.38406974
 147.4974649  151.12318204 155.5725614 ]";1998-02-01;1998-03-22
0;8;FT_rf_log;0.07364884565632787;57.142857142857146;0.06933537997404011;24.65698774910102;0.06932126044874387;17.044668998513117;[258.460884353742, 242.871315192744, 257.100340136054, 255.952380952381, 253.897392290249, 207.8089569161, 250.921201814059, 259.169501133787];"[233.77051649 258.44363831 275.09223857 259.66040285 242.86704543
 267.32979382 247.90810128 258.33904477]";1998-02-01;1998-03-22
25;8;FT_rf_log;0.09290330126910079;42.857142857142854;0.09966327407934661;16.299829839361234;0.09962347682788378;12.503114164657632;[143.345607574961, 124.316149395055, 119.345081536034, 121.199368753288, 138.663861125723, 121.580746975276, 106.207259337191, 141.635981062599];"[114.81729441 118.95235847 121.32015579 119.60927259 117.06769117
 115.1934215  114.24764408 115.09222242]";1998-02-01;1998-03-22
10;8;FT_rf_log;0.23499427177317786;42.857142857142854;0.2225873389188369;44.10324666680925;0.22252126976102526;38.136890828407246;[171.414399092971, 153.642290249433, 155.569727891157, 166.964285714286, 148.398526077097, 172.066326530612, 164.356575963719, 167.304421768707];"[105.61308955 159.4772479  210.32919058 212.57837538 193.49887457
 192.28251302 224.49576222 174.9340076 ]";1998-02-01;1998-03-22
20;8;FT_rf_log;0.13407308374404062;28.571428571428573;0.1377092431554391;20.323364360996425;0.13764827479769184;15.742123554494425;[136.72052154195, 117.020975056689, 129.166666666667, 116.482426303855, 142.928004535147, 116.08560090703, 110.048185941043, 81.1649659863945];"[106.29218426 115.66607949 108.11290006 110.95066444 109.38263427
 109.18518005 109.94080087 108.18001691]";1998-02-01;1998-03-22
0;8;FT_rf_log;0.10692102911476489;42.857142857142854;0.1094830429353299;34.77604125273156;0.10946110713951118;27.53181502630005;[263.137755102041, 259.197845804989, 322.066326530612, 226.615646258503, 209.041950113379, 223.327664399093, 221.301020408163, 248.767006802721];"[235.77365481 241.57280722 242.40223044 240.83117913 241.65545516
 243.99176905 244.87924619 244.23708991]";1997-12-07;1998-01-25
5;8;FT_rf_log;0.37532975735376917;14.285714285714286;0.30058993320143806;50.86115809195982;0.3004899078365784;45.43763375980316;[157.823129251701, 121.343537414966, 144.855442176871, 131.675170068027, 150.141723356009, 101.264625611774, 107.256235827664, 137.074829931973];"[163.56507002 168.59785938 192.46042966 196.49225171 182.92611066
 185.55876923 163.57399605 161.76127699]";1998-02-01;1998-03-22
15;8;FT_rf_log;0.1327347957559808;85.71428571428571;0.13128932503987736;24.484483219348046;0.13124854977084252;21.304123975718806;[165.943877551021, 179.648526077098, 209.963151927438, 144.798752834467, 130.824829931973, 143.28231292517, 152.522675736962, 143.494897959184];"[158.57080959 160.85728149 161.28653833 162.97875253 160.44932355
 161.75213911 162.70879674 162.62652312]";1997-12-07;1998-01-25
25;8;FT_rf_log;0.12548764695803982;42.857142857142854;0.1259282042366987;20.18813373334746;0.12587876891587846;16.15107473077221;[144.991715781526, 128.011572856391, 162.13834823777, 107.732772225145, 115.689110994213, 113.887427669648, 113.335086796423, 112.085744345082];"[119.81661679 114.30762362 128.52562861 140.94755165 112.76305148
 105.62224943 114.33236512 123.39927882]";1997-12-07;1998-01-25
10;8;FT_rf_log;0.10162047440074477;85.71428571428571;0.11050729600980802;24.666579715955333;0.11047319887631231;18.298559694962524;[162.074829931973, 152.80612244898, 220.209750566893, 160.445011337868, 171.258503401361, 132.256235827664, 173.90873015873, 175.368480725623];"[153.60773058 150.5473729  162.38682571 156.11871562 152.27938048
 114.27051463 149.43251274 163.29613419]";1997-12-07;1998-01-25
0;8;FT_rf_log;0.12488809407955498;42.857142857142854;0.11133647760718185;32.10830353851551;0.11131072373594725;24.16195017839573;[217.020975056689, 207.950680272109, 164.611678004535, 246.24433106576, 241.794217687075, 223.228458049887, 207.922335600907, 234.679705215419];"[240.46796115 242.13902095 236.87256359 237.24665515 234.8537633
 236.49594821 239.46817467 237.32763475]";1997-10-12;1997-11-30
20;8;FT_rf_log;0.10492518373820196;57.142857142857146;0.10345619151785022;15.172521300234903;0.10341292483546816;12.434780615386241;[122.080498866213, 114.073129251701, 150.170068027211, 105.286281179138, 112.81179138322, 107.199546485261, 103.302154195011, 112.740929705216];"[116.28043773 114.68559111 119.5960941  124.73991704 120.87243624
 116.07427252 118.5900695  123.55575567]";1997-12-07;1998-01-25
5;8;FT_rf_log;0.2601228075092791;71.42857142857143;0.25630388577084684;59.28891611136474;0.2562276151858142;44.83804793644559;[169.742063492063, 195.025510204082, 298.767006802721, 173.724489795918, 131.434240362812, 112.613378684807, 123.001700680272, 138.832199546485];"[177.56124348 154.35944759 159.55538267 167.31447451 162.67876805
 160.67014738 171.22550704 175.90459827]";1997-12-07;1998-01-25
15;8;FT_rf_log;0.07160875741462996;28.571428571428573;0.0751573144651059;13.351295807965776;0.07513277775451836;11.514884322732907;[148.922902494331, 145.705782312925, 159.112811791383, 167.077664399093, 160.530045351474, 161.493764172336, 155.867346938775, 164.880952380952];"[141.01383763 141.19358611 143.63844572 142.67324578 153.1863771
 152.06460436 151.40504397 146.29705459]";1997-10-12;1997-11-30
25;8;FT_rf_log;0.16583873689841788;85.71428571428571;0.14942243252487242;21.91048938632597;0.14936496808453953;19.457962906769232;[111.09942135718, 118.726985796949, 126.82798527091, 137.53287743293, 123.882167280379, 105.334643062906, 127.064702788006, 138.637559179379];"[145.31403291 144.32568438 145.71537347 145.72865258 142.26040278
 137.88784747 140.1172578  143.42079404]";1997-10-12;1997-11-30
10;8;FT_rf_log;0.37291469479821615;71.42857142857143;0.30500547496947383;59.068947450348674;0.3049186757060295;54.28679955900581;[161.451247165533, 127.33843537415, 166.765873015873, 132.397959183673, 122.137188208617, 144.501133786848, 164.611678004535, 191.794217687075];"[181.28693367 202.82546202 228.162019   209.59157788 154.99750398
 205.08806499 246.58294931 216.75761803]";1997-10-12;1997-11-30
20;8;FT_rf_log;0.06973206669229629;28.571428571428573;0.06851094371011837;9.209762225054263;0.06848194464234417;8.107695016022088;[107.8089569161, 105.300453514739, 121.669501133787, 133.545918367347, 113.74716553288, 118.976757369615, 112.613378684807, 127.664399092971];"[116.478761   119.09152432 123.88698859 119.25131422 119.90399921
 121.20639801 123.35261316 120.90151424]";1997-10-12;1997-11-30
5;8;FT_rf_log;0.1910698019267179;42.857142857142854;0.17260433328261474;28.341327103003405;0.1725441364437479;24.985102817518204;[125.637755102041, 101.814058956916, 133.361678004535, 149.404761904762, 138.775510204082, 131.490929705215, 174.050453514739, 188.520408163265];"[151.06677993 155.72294138 159.95494942 154.71713148 155.47632456
 154.32638536 157.6175485  155.85230889]";1997-10-12;1997-11-30
1;8;FT_rf_log;0.08279569243060417;14.285714285714286;0.08436325382057672;12.56520753309252;0.08433228350361499;11.504708677449953;[136.493764172336, 150.566893424036, 143.806689342404, 128.231292517007, 118.310657596372, 143.806689342404, 147.604875283447, 143.792517006803];"[140.34280887 132.60911113 133.3666408  135.11345967 134.34025601
 133.83303387 129.10004963 135.39196982]";1998-03-29;1998-05-17
16;8;FT_rf_log;0.13835410043802582;42.857142857142854;0.13750263248337655;22.960131965533293;0.13745617938821098;20.413836267152078;[165.022675736962, 120.3089569161, 174.829931972789, 159.495464852608, 128.897392290249, 165.688775510204, 167.998866213152, 147.590702947846];"[162.67673207 153.58059384 142.98720513 138.25824776 155.50243317
 153.14529303 141.72781616 138.39711074]";1998-03-29;1998-05-17
26;8;FT_rf_log;0.14892309528289616;85.71428571428571;0.152058070805689;9.336577494328377;0.15191040789705074;7.912224925186602;[51.8707482993198, 52.0408163265306, 67.1626984126984, 58.4325396825397, 37.2448979591837, 59.6513605442178, 52.0408163265306, 55.484693877551];"[47.44082219 48.55096949 49.37537343 50.34764253 50.07253753 50.29746911
 49.95182215 50.24941473]";1998-03-29;1998-05-17
11;8;FT_rf_log;0.18482010933817555;42.857142857142854;0.20813731191966764;24.25978721653913;0.2080317552176009;20.572495232887775;[95.0538548752835, 109.098639455782, 112.315759637188, 109.84977324263, 79.2942176870749, 128.59977324263, 107.638888888889, 106.037414965986];"[91.859869   87.59166261 94.19407767 92.22744233 88.78190278 78.59261161
 83.13922148 85.89694285]";1998-03-29;1998-05-17
6;8;FT_rf_log;0.10305151720024641;57.142857142857146;0.1070619185175755;18.47885511600547;0.10702515616611141;15.6284521298672;[164.356575963719, 172.548185941043, 142.531179138322, 151.034580498866, 126.176303854875, 151.87074829932, 141.624149659864, 143.877551020408];"[146.4139336  136.1584123  131.01088689 140.17157012 147.9173269
 134.69615969 133.52859233 142.5768216 ]";1998-03-29;1998-05-17
26;8;FT_rf_log;0.1699639756474471;42.857142857142854;0.18687501479914698;8.266512191165912;0.1866544656678441;7.917348042820986;[43.8633786848073, 47.2363945578232, 41.8934240362812, 44.4019274376417, 44.5719954648526, 46.4427437641723, 50.4393424036281, 48.8095238095238];"[38.46345615 37.76001116 36.92322792 37.98027267 37.78355536 38.74334948
 38.303724   38.36234907]";1998-02-01;1998-03-22
1;8;FT_rf_log;0.25404821514470977;28.571428571428573;0.3061828865397662;38.10810317474296;0.3060405959447144;33.16341495059373;[122.930839002268, 115.447845804989, 121.967120181406, 121.995464852608, 138.988095238095, 129.514913978918, 137.216553287982, 136.224489795918];"[108.35346404 108.64150354  66.68225486 111.20145549 101.29271301
  86.97588613  78.6218769   97.20884857]";1998-02-01;1998-03-22
21;8;FT_rf_log;0.047051923847890136;28.571428571428573;0.04916465917579636;8.833588346179003;0.04914595695075432;6.461219428407757;[130.172902494331, 139.68253968254, 123.469387755102, 124.674036281179, 126.275510204082, 140.958049886621, 136.139455782313, 132.851473922902];"[126.82267692 125.40056418 124.55373989 123.90105812 125.85629949
 124.16324489 126.12130891 127.88341245]";1998-03-29;1998-05-17
16;8;FT_rf_log;0.1381181328964283;14.285714285714286;0.12688225468881853;23.34471233610093;0.12683953425853564;18.857512362314722;[161.082766439909, 120.379818594104, 151.204648526077, 134.948979591837, 168.466553287982, 147.19387755102, 143.721655328798, 133.801020408163];"[144.30927374 165.74724398 154.77163456 164.73502052 150.21388453
 152.92555923 147.96924237 160.93523679]";1998-02-01;1998-03-22
11;8;FT_rf_log;0.21187029597870552;57.142857142857146;0.18143805994686235;20.69569983725364;0.18134221774802195;17.31355660501784;[114.257369614512, 94.8270975056689, 98.3701814058957, 98.6678004535147, 97.9450113378685, 65.6604308390023, 78.6848072562359, 88.7329931972789];"[110.39265608 107.29276581 119.41320731 103.78887951 105.90618529
 102.46717442 109.59636817 109.06748078]";1998-02-01;1998-03-22
6;8;FT_rf_log;0.32219877986330286;85.71428571428571;0.39552131232494614;47.40720738129709;0.39534523489744383;45.249878655609706;[135.374149659864, 129.464285714286, 138.506235827664, 148.412698412698, 146.400226757369, 132.270408163265, 137.443310657596, 163.236961451247];"[ 93.34916458  54.09439581 115.3278722  104.56482491  95.31279896
  91.85170626 102.31883997 112.28964471]";1998-02-01;1998-03-22
26;8;FT_rf_log;0.37512217977540485;28.571428571428573;0.28517212029482236;19.484875135582403;0.2849116202410287;15.674558946049022;[53.8832199546486, 55.7539682539683, 63.6054421768708, 57.5113378684807, 54.4926303854876, 34.8639455782313, 40.0226757369614, 39.7392290249433];"[62.33129735 71.84091311 63.10426714 59.77708615 64.56322425 67.03802226
 66.28221671 69.3295435 ]";1997-12-07;1998-01-25
21;8;FT_rf_log;0.10770286067349284;57.142857142857146;0.11621906144936918;16.11838713497575;0.11616893495710703;13.474030387995105;[132.213718820862, 118.608276643991, 117.587868480726, 116.369047619048, 123.852040816327, 117.928004535147, 118.579931972789, 130.385487528345];"[100.94765292 115.88632734 122.27129891 105.61253846 109.1932385
 107.51165611 108.194045   107.48223694]";1998-02-01;1998-03-22
6;8;FT_rf_log;0.210058902268424;28.571428571428573;0.23212006285706135;41.08986022868728;0.2320297823153908;30.677761600847695;[159.481292517007, 163.407029478458, 198.767006802721, 149.135487528345, 115.94387755102, 111.507936507937, 118.551587301587, 84.3679138321995];"[130.75553058 113.57865211 106.58453666 143.36105253 124.37805275
 106.65367982  94.37260384 115.81154685]";1997-12-07;1998-01-25
1;8;FT_rf_log;0.17023885222604423;57.142857142857146;0.15896967757445146;23.44121169204774;0.15890578421773954;20.032922760632477;[134.254535147392, 147.307256235828, 171.116780045352, 112.443310657596, 91.6524943310659, 106.731859410431, 112.244897959184, 120.294784580499];"[133.48512621 129.70273235 135.31024347 135.06308362 130.38930333
 125.45707683 132.40250418 126.13829165]";1997-12-07;1998-01-25
11;8;FT_rf_log;0.26172412577800996;28.571428571428573;0.2389222093786405;29.057891464654745;0.23881323940346819;26.557752407141905;[111.592970521542, 148.90873015873, 145.819160997732, 97.6190476190476, 88.0952380952381, 76.1054421768708, 87.6417233560091, 108.12074829932];"[115.49078168 107.29031844 119.8377064  132.94659379 114.03475242
 115.17244668 113.43558804 122.95716039]";1997-12-07;1998-01-25
16;8;FT_rf_log;0.3286435058059668;71.42857142857143;0.3126870045341068;62.78384190615565;0.3126037054544949;60.34188914466761;[260.813492063492, 270.62074829932, 254.733560090703, 181.774376417234, 142.233560090703, 142.063492063492, 114.866780045351, 159.155328798186];"[188.79241602 187.08166743 178.53302994 226.90960618 211.48461866
 169.15594879 169.06651429 214.45127559]";1997-12-07;1998-01-25
1;8;FT_rf_log;0.22163293626358094;71.42857142857143;0.26601501966730506;36.31892627340866;0.26589458311922687;29.45364663975035;[121.541950113379, 102.706916099773, 132.794784580499, 135.104875283447, 126.445578231293, 125.354308390023, 131.901927437642, 143.239795918367];"[111.97646453  98.17653233 119.63047643 105.08095743  94.98729517
  93.56079126  93.61762398  66.43082179]";1997-10-12;1997-11-30
21;8;FT_rf_log;0.16379285395687887;85.71428571428571;0.15191859383043504;20.15946613663073;0.15185425492043989;18.035936801158062;[120.804988662132, 131.788548752834, 152.919501133787, 104.861111111111, 106.56179138322, 102.437641723356, 108.379138083429, 95.4506802721088];"[121.7625703  124.10113659 127.82023445 125.63869811 126.87204773
 123.032212   125.76663323 126.92400542]";1997-12-07;1998-01-25
26;8;FT_rf_log;0.451856794272041;57.142857142857146;0.3641667550559902;24.025329613591193;0.3638847620713142;23.524167891814592;[58.673469387755, 47.7324263038549, 52.451814058957, 59.3537414965986, 50.8645124716553, 58.9569160997732, 49.234693877551, 49.2205215419501];"[73.49562097 76.79484696 75.78387012 78.72346422 76.88204329 78.29303941
 76.71962984 77.98892355]";1997-10-12;1997-11-30
16;8;FT_rf_log;0.15440641360144503;57.142857142857146;0.15039842570484913;29.064197707400822;0.15035497619970792;26.306374531834148;[162.514172335601, 131.320861678005, 167.205215419501, 199.489795918367, 184.353741496599, 143.424036281179, 196.825396825397, 222.732426303855];"[183.01155698 168.15062925 193.53986212 167.43982017 193.76144585
 172.02610393 187.75877023 175.06960332]";1997-10-12;1997-11-30
6;8;FT_rf_log;0.10072557989166889;85.71428571428571;0.0959458297107328;15.071257871649285;0.09590976877425672;12.801063914487328;[128.401360544218, 109.013605442177, 134.736394557823, 150.255102040816, 130.725623582767, 125.269274376417, 143.934240362812, 148.030045351474];"[147.81676548 136.88396042 140.16013074 144.82859429 143.48829472
 134.51755465 140.16413734 129.53859232]";1997-10-12;1997-11-30
11;8;FT_rf_log;0.16455420913984609;28.571428571428573;0.14878139980483818;20.256596845305776;0.14871572683186784;16.964546197501605;[111.933106575964, 83.3333333333333, 116.992630385487, 142.517006802721, 106.490929705215, 108.545918367347, 101.544784580499, 122.704081632653];"[117.38002316 120.96662682 125.4743964  120.18909583 121.74111269
 126.95907707 127.83361388 124.57839317]";1997-10-12;1997-11-30
21;8;FT_rf_log;0.08980010251108649;28.571428571428573;0.08431931075017174;12.791423362045059;0.08428529981473609;10.465732853848879;[111.649659863946, 107.624716553288, 139.016439909297, 129.393424036281, 124.68820861678, 120.890022675737, 118.381519274377, 130.031179138322];"[128.39060514 131.23153943 131.19999472 129.1473791  136.72315195
 129.31025681 132.296679   130.9764465 ]";1997-10-12;1997-11-30
2;8;FT_rf_log;0.08913949539815072;57.142857142857146;0.09031619833532908;21.154594430124543;0.09029094211322211;16.18580202407945;[184.424603174603, 193.891723356009, 186.904761904762, 185.615079365079, 157.979024943311, 206.71768707483, 188.959750566893, 192.446145124717];"[185.38474145 185.60866587 182.71992138 190.38174288 194.21412859
 190.11684812 150.42432074 172.52580116]";1998-03-29;1998-05-17
27;8;FT_rf_log;0.1324351573009499;28.571428571428573;0.1367404990963679;18.60704827537913;0.13668219615452593;16.121832328519943;[126.941609977324, 134.353741496599, 118.069727891156, 142.715419501134, 91.2131519274377, 132.001133786848, 118.381519274376, 116.156462585034];"[108.6685567  110.08853365 114.03147146 113.90463422 115.45492164
 113.52868886 115.46458092 108.2002598 ]";1998-03-29;1998-05-17
17;8;FT_rf_log;0.08286336003172161;85.71428571428571;0.0864526996738032;14.6574404984941;0.08642451770160639;13.287763619236923;[155.796485260771, 166.227324263039, 147.293083900227, 153.28798185941, 130.768140589569, 166.312358276644, 167.276077097506, 169.501133786848];"[148.03458564 152.24620561 150.08323082 141.52690514 140.08745325
 145.14895947 146.79242826 150.45962705]";1998-03-29;1998-05-17
7;8;FT_rf_log;0.12755685279306928;42.857142857142854;0.1333881896851735;20.96558188804087;0.13333315228679787;16.321579615936102;[130.286281179138, 147.448979591837, 124.730725623583, 116.326530612245, 90.3769841269841, 152.097505668934, 123.086734693878, 120.379818594104];"[111.5183411  113.71163481 116.30338012 116.58848075 114.28473095
 115.58978399 116.33012515 118.17384021]";1998-03-29;1998-05-17
12;8;FT_rf_log;0.12538384421710036;71.42857142857143;0.13100984495498433;21.034539112728464;0.13096427780496472;18.912109580669004;[146.952947845805, 158.914399092971, 155.201247165533, 145.195578231293, 115.221088435374, 175.014172335601, 152.33843537415, 153.245464852608];"[138.02886974 136.41219427 132.21170939 139.30037227 137.52923681
 137.55885359 135.63614105 138.72537632]";1998-03-29;1998-05-17
22;8;FT_rf_log;0.1773159767255314;85.71428571428571;0.1975835828321226;16.69108789379437;0.19745458167542784;15.152606510812603;[82.8905839032089, 83.916359810626, 76.4729089952657, 78.7217254076802, 63.8742766964755, 91.3335086796424, 90.9126775381378, 89.2030510257759];"[64.65846834 68.81028003 67.58248491 69.97360271 67.11676105 69.98462978
 66.63865622 67.82432562]";1998-03-29;1998-05-17
2;8;FT_rf_log;0.09555954883431737;42.857142857142854;0.0950251915978067;20.13116426947925;0.09499756940317516;16.405743407328675;[185.728458049887, 183.333333333333, 177.919501133787, 190.490362811791, 196.173469387755, 183.560090702948, 177.210884353741, 138.849659625379];"[176.76264354 177.06952405 187.46519888 162.63996812 168.99168382
 168.86544848 176.52921616 174.91179467]";1998-02-01;1998-03-22
17;8;FT_rf_log;0.10916133892597592;42.857142857142854;0.10087608660150624;19.40659356978703;0.10084334199900265;15.547104039242459;[132.689517153521, 141.213151927438, 155.853174603175, 151.020408163265, 168.083900226757, 137.153802867807, 157.34126984127, 163.846371882086];"[168.92025776 169.12004299 166.96200729 156.63311099 156.34684595
 161.3966273  163.62761907 162.59493469]";1998-02-01;1998-03-22
27;8;FT_rf_log;0.06806082719786594;14.285714285714286;0.06776618989763092;9.985034665361182;0.06773626800282605;7.676697679449324;[115.674603174603, 109.991496598639, 116.340702947846, 104.294217687075, 125.651927437642, 115.47619047619, 116.085600907029, 103.146258503401];"[109.4773091  113.604249   106.78508862 122.81106035 109.07395717
 115.73285648 115.4438109  109.2009102 ]";1998-02-01;1998-03-22
7;8;FT_rf_log;0.18630652287131583;28.571428571428573;0.21007803017234822;28.16335244549132;0.20998455688662415;23.74070949368062;[89.4982993197279, 117.984693877551, 151.289682539683, 102.66439909297, 113.911172482319, 132.695578231293, 121.683673469388, 124.291383219955];"[ 86.15845355  86.38757896  98.28377086 115.91296392 105.15432636
  98.43912852 104.08262081  96.17149296]";1998-02-01;1998-03-22
2;8;FT_rf_log;0.13212129157671648;57.142857142857146;0.12879927998495927;28.66573341193468;0.128764274236123;23.901386335094955;[196.215986394558, 201.006235827665, 240.986394557823, 166.227324263039, 144.600340136054, 165.107709750567, 169.401927437642, 182.851473922902];"[179.58557242 189.31093541 186.49232357 186.89536309 186.73745431
 188.54465342 190.31399618 181.61433404]";1997-12-07;1998-01-25
12;8;FT_rf_log;0.12907083274467596;57.142857142857146;0.1413011299517974;18.94461260889444;0.14124073511557295;16.787212769143537;[114.512471655329, 95.9750566893425, 132.922335600907, 133.191609977324, 133.475056689342, 132.823129251701, 141.439909297052, 143.579931972789];"[ 82.07951363  93.5293423  119.09590051 124.56436291 117.90411042
 117.61274613 120.27363384 118.56218924]";1998-02-01;1998-03-22
22;8;FT_rf_log;0.12270611244772733;57.142857142857146;0.13083354762208826;11.589427310942762;0.13074127358475215;9.3249200773075;[89.954893056644, 75.4997369805366, 56.0099947396108, 64.4134665965281, 75.06575486586, 72.1462388216729, 78.0115728563914, 73.2772225144661];"[63.22807294 71.14964329 64.3454962  68.53621151 65.74362828 67.1938317
 68.51675554 65.9823731 ]";1998-02-01;1998-03-22
17;8;FT_rf_log;0.20036718418265784;57.142857142857146;0.19077881694673232;38.57021713358992;0.19072263754093177;32.99254931495029;[174.121315192744, 201.303854875283, 251.984126984127, 153.44387755102, 123.554421768708, 144.019274376417, 139.314058956916, 148.696145124716];"[150.8477659  175.85755776 181.418394   183.19657844 186.17395174
 160.66375729 154.47851893 169.16978652]";1997-12-07;1998-01-25
7;8;FT_rf_log;0.2818518608038312;28.571428571428573;0.24414592603422194;37.69047050273152;0.24404831929108017;31.14826600621897;[145.46485260771, 175.481859410431, 169.401927437642, 131.760204081633, 122.250566893424, 74.2913832199546, 128.628117913832, 96.0175736961451];"[141.2905123  118.18004966 141.98768423 143.39702921 144.01865856
 134.46537183 141.29393483 150.06858616]";1997-12-07;1998-01-25
27;8;FT_rf_log;0.1474733733766223;42.857142857142854;0.14172893512434787;17.994472890434377;0.1416668147629374;16.274434960898958;[117.956349206349, 129.308390022676, 147.774943310658, 104.634353741497, 96.4143990929705, 96.4285714285714, 100.368480725623, 103.784013605442];"[119.98617224 115.93061706 118.66121904 114.84394123 118.05608627
 117.5283841  118.53478633 118.34078009]";1997-12-07;1998-01-25
2;8;FT_rf_log;0.08768419719216064;42.857142857142854;0.09129559288478123;17.522821289622296;0.09126910154930296;15.760352021056502;[172.052154195011, 154.648526077097, 176.686507936508, 195.351473922903, 179.06746031746, 183.574263038549, 180.272108843537, 190.235260770975];"[164.57192409 170.82604958 149.89324212 166.16777734 168.65409584
 170.4801988  172.41638913 175.15030903]";1997-10-12;1997-11-30
12;8;FT_rf_log;0.11960700045998472;57.142857142857146;0.12578397184958998;24.892491028950413;0.12574054833643156;18.390957878001227;[121.686961212681, 163.732993197279, 192.474489795918, 142.786281179138, 123.171768707483, 123.58276643991, 127.18253968254, 136.635487528345];"[134.49203145 135.55415139 134.01484073 136.93879127 135.92368108
 139.60886567 138.32906698 138.54756062]";1997-12-07;1998-01-25
22;8;FT_rf_log;0.10989542129977732;57.142857142857146;0.12273642116915057;15.274033871019936;0.12265969254219225;9.914539602006236;[85.3761178327197, 80.4971067859021, 108.495528669121, 79.1951604418726, 70.2393477117306, 67.6749079431878, 64.6633350867964, 68.9768542872173];"[71.70091153 74.67616412 69.72324166 68.93840929 66.190435   69.11197501
 68.80787127 70.137468  ]";1997-12-07;1998-01-25
17;8;FT_rf_log;0.06274132719976203;57.142857142857146;0.061740968461180705;13.750936640914219;0.06172401539423778;11.248372808061585;[168.948412698413, 162.953514739229, 177.990362811791, 194.557823129252, 171.499433106576, 168.324829931973, 185.00566893424, 198.526077097506];"[192.84156522 162.78343094 182.45772103 178.08746365 185.2354299
 181.35439967 183.83661106 181.47467306]";1997-10-12;1997-11-30
3;8;FT_rf_log;0.11452797235349006;57.142857142857146;0.10373750814934479;21.853942316888872;0.10370484161948634;16.489566923770948;[160.756802721088, 175.198412698413, 146.471088435374, 137.159863945578, 134.708049886621, 173.058390022676, 161.337868480726, 165.561224489796];"[164.29057614 168.93702852 171.38186286 168.06485863 178.98456209
 173.63459451 170.93611664 177.41586832]";1998-03-29;1998-05-17
7;8;FT_rf_log;0.28920144496666766;14.285714285714286;0.23891310068938276;42.581041413587364;0.2388337197939498;35.979376530268794;[142.134353741497, 115.830498866213, 157.723922902494, 142.800453514739, 124.036281179138, 114.328231292517, 127.862811791383, 165.433673469388];"[172.18687463 176.15411016 173.99503078 153.66972425 178.07921114
 180.67228253 175.31666702 167.91133848]";1997-10-12;1997-11-30
27;8;FT_rf_log;0.07779228219157446;28.571428571428573;0.07735051090441539;11.310975019543507;0.07731755588955606;9.076472148380244;[111.961451247165, 105.484693877551, 115.986394557823, 129.393424036281, 115.958049886621, 116.56746031746, 118.098072562358, 118.381519274376];"[120.95765883 123.21364524 122.8760432  106.76085865 120.86570685
 119.80017199 121.89024398 122.81338344]";1997-10-12;1997-11-30
12;8;FT_rf_log;0.10805981594627727;42.857142857142854;0.09872103360994958;17.335956478828255;0.09868486625351769;13.497624804535437;[138.109410430839, 111.337868480726, 136.111111111111, 155.93820861678, 135.005668934241, 123.072562358277, 139.640022675737, 146.24433106576];"[145.32152277 148.81031234 146.00985338 149.28475631 146.16521526
 147.43121289 148.78430271 148.32610182]";1997-10-12;1997-11-30
22;8;FT_rf_log;0.16563266187741532;57.142857142857146;0.1776136944418762;16.55100965835907;0.17749539230523576;13.498294420079446;[75.026301946344, 57.3382430299842, 83.4297738032615, 105.970541820095, 77.1962125197264, 83.817414393427, 60.6522882693319, 74.4476591267753];"[68.77464136 69.89219266 68.87853754 68.72615547 67.63881691 69.01226304
 67.70653476 68.47933006]";1997-10-12;1997-11-30
18;8;FT_rf_log;0.07237142117799353;42.857142857142854;0.06975701077075189;16.851781914065626;0.06973708051029447;12.223224699393334;[187.131519274377, 186.862244897959, 180.428004535147, 181.434240362812, 148.299319727891, 179.450113378685, 187.542517006803, 189.030612244898];"[165.94367965 175.01639311 181.82406174 188.1111454  186.78830019
 186.57630244 186.63068605 178.87846879]";1998-03-29;1998-05-17
3;8;FT_rf_log;0.0974762113710034;42.857142857142854;0.10522384635163111;21.66695437514351;0.10519073701045496;16.74709504734756;[139.810090702948, 163.605442176871, 158.659297052154, 147.902494331066, 190.277777777778, 157.397959183673, 160.884353741497, 176.5589569161];"[144.36744388 147.44192642 145.13589413 151.94431102 140.37722361
 148.02402751 146.7629877  154.26413697]";1998-02-01;1998-03-22
8;8;FT_rf_log;0.12939118170566957;42.857142857142854;0.1155901854502665;8.697888394080355;0.11548952755110811;6.662872945204973;[66.5249433106576, 60.5017006802721, 48.6536281179138, 44.8696145124717, 60.7709750566893, 66.780045351474, 59.9631519274376, 59.2120181405896];"[63.96823051 64.0006484  62.99516694 62.85493899 63.81707085 63.31387025
 63.59577325 63.98758565]";1998-03-29;1998-05-17
28;8;FT_rf_log;0.11202202318359131;28.571428571428573;0.10428831118774409;23.869572244050588;0.10425659071752803;17.273862154478323;[170.62074829932, 181.56179138322, 164.937641723356, 164.229024943311, 124.759070294784, 205.93820861678, 179.705215419501, 152.18253968254];"[173.36005276 171.16662219 171.66903435 167.31071661 177.15042867
 171.06881113 169.92333163 170.38323932]";1998-03-29;1998-05-17
23;8;FT_rf_log;0.2784429061811872;42.857142857142854;0.221452601682478;59.51692443636143;0.22139899754001185;45.778378109961565;[219.444444444444, 188.066893424036, 217.304421768707, 192.304421768707, 137.145691609977, 205.810657596372, 179.478458049887, 170.521541950113];"[225.22959044 217.99484445 219.70882252 226.49076669 264.07305433
 240.63362947 236.1720317  246.0008159 ]";1998-03-29;1998-05-17
13;8;FT_rf_log;0.08972724295441867;57.142857142857146;0.09218047830660503;13.198322406778615;0.09214568308692653;12.246936896667314;[132.18537414966, 137.854308390023, 143.353174603175, 144.52947845805, 111.904761904762, 152.678571428571, 140.079365079365, 136.536281179138];"[122.73151995 125.60250753 135.06192296 124.81158085 127.7880142
 134.28572237 131.06414921 131.56690754]";1998-03-29;1998-05-17
8;8;FT_rf_log;0.06740688197369103;57.142857142857146;0.07140087990777039;5.715358862165202;0.07134307866667111;4.420848489189629;[72.1655328798186, 68.8492063492064, 63.6763038548753, 66.6524943310658, 58.9427437641724, 65.7454648526076, 61.1819727891157, 62.96768707483];"[67.85466788 66.44966991 55.60751124 54.55862103 55.78863375 62.06325348
 62.6162799  62.74459502]";1998-02-01;1998-03-22
18;8;FT_rf_log;0.1925863191524622;28.571428571428573;0.17886391832542836;37.518128676484395;0.1788100549793772;29.84867500619296;[203.883219954649, 114.374036042613, 190.277777777778, 170.3089569161, 188.562925170068, 173.639455782313, 199.971655328798, 186.210317460317];"[173.4475795  194.67038401 190.16495775 152.38598287 144.92748554
 153.70652434 167.114949   172.6137773 ]";1998-02-01;1998-03-22
3;8;FT_rf_log;0.261775068903302;57.142857142857146;0.22555678006130708;38.52414121039404;0.22548421246692915;35.22634839453076;[165.079365079365, 179.124149659864, 140.532879818594, 118.976757369615, 127.551020408163, 121.683673469388, 139.866780045352, 162.81179138322];"[200.594442   162.70859204 164.89442103 177.61558317 183.09207602
 166.56512895 171.21313752 177.9227084 ]";1997-12-07;1998-01-25
28;8;FT_rf_log;0.1021871989014917;57.142857142857146;0.10729851033949966;22.207024795781308;0.10726725185302036;18.440922646064244;[185.78514739229, 181.590136054422, 170.634920634921, 161.267006802721, 197.335600907029, 163.718820861678, 177.18253968254, 156.607596133316];"[166.15907366 147.33214711 192.05423229 168.25762654 156.60715158
 159.17825899 167.36754967 166.75698202]";1998-02-01;1998-03-22
23;8;FT_rf_log;0.5452534651309255;42.857142857142854;0.4145636121057669;116.52487916768213;0.4144822572671736;106.94538394075826;[194.118480725624, 165.15022675737, 181.335034013605, 191.425736961451, 209.84977324263, 211.366213151927, 195.734126984127, 217.602040816327];"[205.38879498 270.98161658 262.89894479 322.29690496 303.07574806
 315.98027694 356.02919847 385.49321939]";1998-02-01;1998-03-22
13;8;FT_rf_log;0.04402012206438852;85.71428571428571;0.0453326704158217;6.706886693464256;0.045313893295934785;5.478067256277276;[122.732426303855, 116.893424036281, 123.313492063492, 114.285714285714, 114.980158730159, 123.228458049887, 125.581065759637, 132.780612244898];"[113.28087143 110.87663031 126.17537157 116.12258957 116.51118819
 125.03167576 117.72694373 120.31154679]";1998-02-01;1998-03-22
8;8;FT_rf_log;0.5500260746747804;28.571428571428573;0.3756735932884955;26.900916911892665;0.37535455335394063;22.36470712347193;[75.0141723356009, 82.4546485260771, 62.8117913832199, 31.8310657596372, 32.1570294784581, 49.0079365079365, 49.4897959183674, 62.6275510204081];"[71.99474642 73.15593007 73.49920015 73.60648742 78.65977795 77.02396252
 76.44341044 75.2918442 ]";1997-12-07;1998-01-25
28;8;FT_rf_log;0.14720906391189054;57.142857142857146;0.15652701097308036;35.171831584536186;0.1564821897056899;27.74806700189517;[176.488095238095, 185.671768707483, 249.348072562358, 163.577097505669, 146.471088435374, 147.562358276644, 163.874716553288, 180.583900226757];"[160.29221711 132.08600959 176.58575229 181.98918038 169.52501068
 158.33112573 184.95539254 186.70903016]";1997-12-07;1998-01-25
18;8;FT_rf_log;0.23355468790042533;28.571428571428573;0.21829087818513063;48.71023582847095;0.21823352492734494;41.9116020993858;[198.044217687075, 200.566893424036, 269.118480725624, 186.465419501134, 145.223922902494, 156.065759637188, 149.319727891157, 179.733560090703];"[203.37202102 171.67843787 182.5108615  213.30249075 211.9270397
 202.34341783 202.77195856 200.93242188]";1997-12-07;1998-01-25
3;8;FT_rf_log;0.2679316802265985;57.142857142857146;0.3717912330084998;64.6503053342426;0.37163403766451963;44.47338227878085;[151.020408163265, 120.904195011338, 161.947278911565, 171.697845804989, 170.62074829932, 156.746031746032, 152.749433106576, 181.363378684807];"[153.59592894  86.76763084 159.12583925 131.7982515   58.14378598
 147.59856177 129.97435784  49.40894694]";1997-10-12;1997-11-30
23;8;FT_rf_log;0.47804826980846515;71.42857142857143;0.3945039584709048;97.34708187075047;0.3944174913956593;93.69619110835156;[310.104875283447, 317.687074829932, 402.876984126984, 246.71201814059, 187.174036281179, 114.251405454344, 154.861111111111, 176.332199546485];"[236.57480719 234.07316015 271.33540717 299.17094291 269.19853711
 250.22795736 252.33829925 269.27900304]";1997-12-07;1998-01-25
8;8;FT_rf_log;0.08662969960200137;57.142857142857146;0.08236548142656841;8.521903845640601;0.08231433148350673;6.642108526090864;[88.3928571428571, 76.9557823129252, 80.8106575963719, 86.125283446712, 71.7687074829932, 87.1598639455783, 70.734126984127, 74.8157596371883];"[81.84231229 74.99319626 76.48664301 88.79127744 91.58300031 81.06471398
 78.82452706 78.44964549]";1997-10-12;1997-11-30
18;8;FT_rf_log;0.0983348091312339;42.857142857142854;0.09336995410958351;21.046026601275507;0.09334574433704196;18.054031451739935;[178.344671201814, 164.384920634921, 172.477324263039, 219.756235827665, 203.528911564626, 190.093537414966, 210.232426303855, 219.104308390023];"[199.97286082 201.34808422 202.11775288 200.92859699 200.09268615
 205.14751013 206.25399346 204.20010841]";1997-10-12;1997-11-30
28;8;FT_rf_log;0.07858548052618444;71.42857142857143;0.07528634159423683;15.915916382541386;0.07526444099270618;13.005377606293969;[168.565759637188, 146.201814058957, 173.937074829932, 178.698979591837, 171.513605442177, 153.968253968254, 171.669501133787, 207.553854875283];"[174.67614166 171.95823376 181.17651719 180.0691381  177.15666857
 180.22543642 182.56047143 186.77845248]";1997-10-12;1997-11-30
13;8;FT_rf_log;0.18549451919633622;42.857142857142854;0.17563208781561093;25.277959955385416;0.17556264019830872;22.3316419187926;[129.6910430839, 149.121315192744, 163.803854875283, 118.721655328798, 99.985827664399, 105.541383219955, 110.530045351474, 115.391156462585];"[130.0215186  118.42654503 131.53825162 128.67990037 137.26978995
 136.02664072 128.43820312 135.11782027]";1997-12-07;1998-01-25
23;8;FT_rf_log;0.16117503441873365;14.285714285714286;0.15374386667504597;44.22698154994251;0.15370882764354576;34.140928338186704;[200.793650793651, 156.831065759637, 216.808390022676, 239.044784580499, 219.416099773243, 187.882653061224, 260.204081632653, 296.57029478458];"[209.13532061 236.55362934 220.88076933 209.14623245 214.215122
 219.92423415 223.00026405 219.92440936]";1997-10-12;1997-11-30
4;8;FT_rf_log;0.08033328641122994;85.71428571428571;0.08503264472288763;19.005860983596506;0.08500782274322123;14.62580475301824;[176.785714285714, 205.994897959184, 185.572562358277, 174.036281179138, 145.975056689342, 154.024943310658, 155.229591836735, 156.632653061224];"[159.52162232 166.35665217 159.04800146 159.69999668 154.329448
 156.51033059 159.73051051 160.53521066]";1998-03-29;1998-05-17
19;8;FT_rf_log;0.09097377867862283;71.42857142857143;0.09808203823778076;15.588776471643017;0.09804196367757173;12.019972220969152;[145.252267573696, 128.996598639456, 125.141723356009, 112.910997732426, 115.858843537415, 132.454648526077, 118.664965986395, 121.343537414966];"[112.05337834 111.79935    114.09822501 113.26414384 113.05590315
 115.47085417 108.09713114 117.33111156]";1998-03-29;1998-05-17
9;8;FT_rf_log;0.0739897508790365;28.571428571428573;0.07469740466096736;14.09876563614389;0.07467385172483045;11.876645003080164;[133.956916099773, 162.868480725624, 175.382653061224, 168.12641723356, 161.621315192744, 176.799886621315, 159.651360544218, 166.72335600907];"[156.59901805 155.41811323 154.20047237 158.13358271 158.65525172
 157.39408909 157.38665482 157.61424738]";1998-03-29;1998-05-17
24;8;FT_rf_log;0.08116143033049256;57.142857142857146;0.0762136717273422;13.636619099168207;0.07618734385885882;11.048754531248685;[140.419501133787, 157.766439909297, 150.085034013606, 148.823696145125, 123.058390022676, 143.948412698413, 137.641723356009, 145.507369614512];"[156.05548722 163.01316451 152.92039808 145.29890746 151.63267263
 151.01068675 151.70514641 156.95456271]";1998-03-29;1998-05-17
13;8;FT_rf_log;0.09010997162303028;57.142857142857146;0.08893754783260471;12.472638936238;0.0888993386402131;10.410433349508153;[112.145691609977, 102.82029478458, 132.18537414966, 130.952380952381, 96.2159863945579, 115.447845804989, 123.795351473923, 138.959750566893];"[113.17581835 121.76935776 120.2014553  110.86871963 111.124769
 122.07534807 122.42316806 130.63152195]";1997-10-12;1997-11-30
29;8;FT_rf_log;0.18298540043801037;28.571428571428573;0.15954247525356485;20.179302999312316;0.15946399948481133;16.338952132126487;[108.786848072562, 112.840136054422, 126.615646258503, 110.799319727891, 69.968820861678, 93.8066893424036, 94.9404761904762, 102.65022675737];"[117.68882264 103.47662262 111.14570785 113.08494031 113.7881437
 113.30466582 115.81003381 113.15393989]";1998-03-29;1998-05-17
4;8;FT_rf_log;0.11642595849357712;71.42857142857143;0.12460851145994259;21.183086777379216;0.12456662683120345;18.581882146039582;[151.743197278912, 174.433106575964, 153.047052154195, 148.90873015873, 165.915532879819, 157.879818594104, 157.596371882086, 158.758503401361];"[157.16227117 161.93618898 168.47264648 143.43814104 136.79920015
 130.80425549 123.14498246 139.55890642]";1998-02-01;1998-03-22
19;8;FT_rf_log;0.04953161839363528;57.142857142857146;0.047905614636820276;7.4807997533820565;0.047884503359062094;5.444588531583117;[119.68537414966, 110.260770975057, 113.109410430839, 117.81462585034, 109.53798185941, 112.825963718821, 102.721088435374, 120.266439909297];"[117.03640161 104.43776441 114.90464268 116.60628241 127.17544884
 109.28133304 111.2570503  117.90334597]";1998-02-01;1998-03-22
9;8;FT_rf_log;0.0454834233490652;57.142857142857146;0.04757409996995775;10.180665409196745;0.04755818157644827;7.1090176386137784;[158.418367346939, 155.952380952381, 146.187641723356, 149.872448979592, 160.00566893424, 150.127551020408, 151.785714285714, 154.081632653061];"[139.67309526 137.74585463 150.75234183 148.47004481 149.04168174
 149.25550482 150.3458137  154.7589371 ]";1998-02-01;1998-03-22
24;8;FT_rf_log;0.13013651795128428;57.142857142857146;0.141092920354601;21.51911599854339;0.14104193301900617;19.5321215386193;[143.424036281179, 160.700113378685, 144.387755102041, 150.793650793651, 138.548752834467, 150.524376417234, 127.536848072562, 153.1320861678];"[123.87832656 127.90703074 128.84922743 128.32660259 123.72634068
 124.91900212 127.05956528 128.12455135]";1998-02-01;1998-03-22
14;8;FT_rf_log;0.05971520099743733;42.857142857142854;0.058712897462538716;9.648004129007345;0.05869138420697921;8.01999566705905;[130.739795918367, 144.359410430839, 146.159297052154, 135.274943310658, 120.521541950113, 147.689909297052, 137.145691609977, 140.405328798186];"[142.31376048 134.14808341 138.57499545 139.67685135 138.39772199
 137.32106437 138.51545936 139.6316574 ]";1998-03-29;1998-05-17
29;8;FT_rf_log;0.07518487413636593;57.142857142857146;0.07980986938915245;12.24662550953963;0.07977479743403065;9.11661175550416;[112.34410430839, 111.125283446712, 128.075396825397, 110.445011337869, 111.111111111111, 97.9450113378685, 135.062358276644, 106.986961451247];"[105.06291427 116.18243727 118.14104715 104.64460577  99.88932343
 100.72098162 105.86462347 105.32265929]";1998-02-01;1998-03-22
4;8;FT_rf_log;0.11374794678452627;71.42857142857143;0.11439057958682104;21.967279311848547;0.11435348302500309;17.903799104303644;[144.827097505669, 155.768140589569, 211.09693877551, 139.455782312925, 130.881519274376, 134.948979591837, 134.679705215419, 145.266439909297];"[127.90247288 167.91431887 163.00192235 150.99224625 139.92924207
 157.56781747 154.03195011 148.7757439 ]";1997-12-07;1998-01-25
19;8;FT_rf_log;0.1386751079701201;28.571428571428573;0.14651156182638148;27.058340112883343;0.14645278503770107;18.39928498080468;[123.115079365079, 137.542517006803, 169.99716553288, 115.362811791383, 112.726757369615, 97.859977324263, 107.851473922902, 121.301020408163];"[115.93687145 105.93714417 109.07227949 115.35017557 124.30543779
 128.62604133 104.51425931 119.50980261]";1997-12-07;1998-01-25
24;8;FT_rf_log;0.2197252437961002;42.857142857142854;0.23326297858249226;43.14840679187097;0.23317918348566574;32.613107513062914;[144.430272108843, 148.979591836735, 203.528911564626, 117.34693877551, 114.83843537415, 119.146825396825, 128.1179138322, 122.50566893424];"[127.16612014 117.14936865 100.70835272 158.57355602 137.9429828
 142.14591032 136.30049728 135.98276201]";1997-12-07;1998-01-25
9;8;FT_rf_log;0.13852351669160495;28.571428571428573;0.13110222677051123;20.35065524692597;0.1310576633883401;19.32633414447974;[145.393990929705, 153.458049886621, 175.977891156463, 140.547052154195, 128.954081632653, 128.44387755102, 130.144557823129, 137.18820861678];"[158.17125795 145.22404139 152.24328813 157.07647385 149.10261182
 157.19490193 155.94904567 155.81953912]";1997-12-07;1998-01-25
29;8;FT_rf_log;0.2098019399340696;71.42857142857143;0.20157943166532244;26.823985789790477;0.20149227833052394;23.69526452540973;[143.12641723356, 127.49433106576, 165.419501133787, 103.628117913832, 79.5493197278912, 102.990362811791, 103.217120181406, 102.678571428571];"[120.33072223 114.92351005 114.94764399 120.26030491 117.69799773
 118.79713023 119.38143904 119.65036318]";1997-12-07;1998-01-25
4;8;FT_rf_log;0.7102366249828864;42.857142857142854;0.37439841211566255;55.99735358040138;0.37422182238089763;42.34433277959412;[30.7256235827664, 116.624149659864, 163.137755102041, 199.475623582767, 117.247732426304, 147.151360544218, 156.391723356009, 166.751700680272];"[159.29284321  57.37966417 169.05474886 152.80214232 159.46129527
 128.32994124 175.39439017 185.06653381]";1997-10-12;1997-11-30
19;8;FT_rf_log;0.13423619327810085;14.285714285714286;0.1192149810796218;18.51101719712031;0.11916370480794664;13.884305984901525;[113.052721088435, 100.93537414966, 117.757936507937, 126.615646258504, 113.732993197279, 120.592403628118, 92.1485260770975, 131.56179138322];"[124.65368346 127.69002539 127.15588816 127.71067221 133.36326756
 120.83092361 129.43424299 126.49044599]";1997-10-12;1997-11-30
14;8;FT_rf_log;0.11837264399300511;42.857142857142854;0.1110951414061362;16.444826142345022;0.11105261431854974;14.569724472840287;[143.650793650794, 102.069160997732, 131.802721088435, 131.108276643991, 146.938775510204, 127.593537414966, 128.727324263038, 131.306689342404];"[131.53852578 135.81005233 145.51815669 138.94015255 133.26630555
 143.26491717 138.76959579 141.07789317]";1998-02-01;1998-03-22
24;8;FT_rf_log;0.10989795005317878;42.857142857142854;0.11199637178623176;19.792999474645562;0.11195394700438928;14.94765922343876;[116.09977324263, 129.747732426304, 122.108843537415, 140.178571428571, 107.96485260771, 119.189342403628, 117.587868480726, 176.062925170068];"[132.31510594 130.19088665 123.55300624 120.88458908 125.55348492
 125.8322072  131.33527911 131.85719108]";1997-10-12;1997-11-30
9;8;FT_rf_log;0.09325149772163666;71.42857142857143;0.08768805144432285;15.071693650904017;0.08765879890708543;13.163120834890167;[142.998866213152, 127.565192743764, 150.198412698413, 161.833900226757, 143.069727891156, 148.4410430839, 142.517006802721, 157.993197278912];"[152.04422437 153.81929211 160.03396109 160.25992936 162.00360981
 163.05577989 160.57097919 164.98659606]";1997-10-12;1997-11-30
29;8;FT_rf_log;0.059257724507342666;57.142857142857146;0.05992133316422674;8.125209486729206;0.059895656104775596;6.996020328292515;[122.619047619048, 108.956916099773, 110.615079365079, 127.18253968254, 110.530045351474, 106.944444444444, 113.945578231293, 125.722789115646];"[112.19757243 108.31051026 113.82976746 113.79135191 118.09731132
 116.51334831 116.49248833 117.11146331]";1997-10-12;1997-11-30
30;8;FT_rf_log;0.07187170425897155;57.142857142857146;0.07175647907946581;10.237947437107481;0.07172666280956157;8.65649836780124;[126.048752834467, 132.312925170068, 127.054988662131, 123.937074829932, 101.969954648526, 134.07029478458, 118.835034013605, 127.465986394558];"[127.37874448 120.87792783 116.62416975 116.88510213 120.78544753
 122.01073969 120.16401926 120.66581328]";1998-03-29;1998-05-17
14;8;FT_rf_log;0.07906677384137206;85.71428571428571;0.0845300953886187;18.15975389741007;0.08449992051713581;11.958335531444614;[148.497732426304, 140.787981859411, 178.259637188209, 128.047052154195, 109.835600907029, 117.417800453515, 128.004535147392, 133.007369614512];"[133.35676301 125.60276609 133.22285659 129.68394621 113.5217342
 128.40968257 127.59414157 129.42895419]";1997-12-07;1998-01-25
35;8;FT_rf_log;0.0917053906717513;42.857142857142854;0.08379993106878478;9.014423058692428;0.08374308164785699;6.20298715377634;[76.7290249433107, 76.4314058956917, 60.2182539682539, 84.8781179138321, 64.7675736961452, 85.8843537414967, 81.9727891156462, 83.7868480725625];"[78.56155575 77.20022903 77.21058486 79.56121625 82.18372683 81.91485488
 81.8097273  80.62225115]";1998-03-29;1998-05-17
40;8;FT_rf_log;0.1285982897736917;28.571428571428573;0.12355465449558031;20.4701443774485;0.1235091704072094;16.807904623179866;[148.100907029478, 158.90022675737, 126.615646258503, 114.710884353742, 120.252267573696, 151.062925170068, 120.535714285714, 142.361111111111];"[145.17097944 129.56921937 142.58082476 150.90808185 142.02654668
 131.82802999 129.13277632 142.79480081]";1998-03-29;1998-05-17
45;8;FT_rf_log;0.11874680286932643;57.142857142857146;0.12776463302740815;17.601558059944907;0.12771289497759283;15.801049593746471;[119.118480725624, 139.413265306122, 134.807256235828, 126.757369614512, 112.230725623583, 144.033446712018, 131.916099773243, 124.305555555555];"[106.28033393 113.44614619 115.99264444 113.11696721 115.07172076
 115.77977931 118.5229936  113.64520763]";1998-03-29;1998-05-17
35;8;FT_rf_log;0.09594254848670755;42.857142857142854;0.10248870471970489;9.542510142353478;0.10241988500523606;7.649474704627876;[67.6729024943311, 75.5243764172336, 86.4937641723356, 77.891156462585, 83.2199546485259, 63.9314058956916, 69.2743764172336, 82.327097505669];"[67.58398737 65.92970296 70.65978657 79.51165484 69.55576302 68.98035732
 66.75665256 69.50023135]";1998-02-01;1998-03-22
14;8;FT_rf_log;0.27424185185414096;57.142857142857146;0.23646909169146685;38.22428569383807;0.23639032774223892;35.61903347766868;[137.528344671202, 115.235260770975, 125.821995464853, 143.197278911565, 126.729024943311, 129.166666666667, 131.774376417234, 150.694444444445];"[143.97178085 159.41696031 161.83606648 165.41503868 175.58744113
 180.53811058 169.14457495 189.18968714]";1997-10-12;1997-11-30
30;8;FT_rf_log;0.07679594311640124;42.857142857142854;0.07730662096489196;10.673490990382158;0.07727353806684178;9.051505890452075;[121.612811791383, 124.06462585034, 119.926303854875, 99.6773240244721, 133.956916099773, 118.891723356009, 115.164399092971, 122.307256235828];"[114.29972087 114.01400953 114.89006162 117.58825512 115.91517645
 113.78376538 113.7762123  114.74397411]";1998-02-01;1998-03-22
50;8;FT_rf_log;0.10520617384391914;57.142857142857146;0.10893614529339064;18.812838136212083;0.10889056380047273;13.182307815283592;[113.085218306155, 126.328248290373, 119.358232509206, 110.244608101, 92.3724355602315, 159.810625986323, 111.809573908469, 121.962125197265];"[114.8396088  112.51755636 113.04856531 108.90103819 115.14499757
 115.9781733  108.1060555  110.03051532]";1998-03-29;1998-05-17
40;8;FT_rf_log;0.12561279495115768;71.42857142857143;0.12953193069371663;19.14381133925925;0.129483393476022;17.33276261880617;[127.876984126984, 109.665532879819, 141.695011337868, 146.683673469388, 133.956916099773, 138.081065759637, 150.680272108844, 157.482993197279];"[140.74826954 131.97445772 131.47472912 134.18665455 124.71802874
 125.75772969 118.06125824 130.89964094]";1998-02-01;1998-03-22
45;8;FT_rf_log;0.16955186115470017;57.142857142857146;0.1533812232421869;20.96575466482811;0.153319171315973;18.97182974946125;[116.56746031746, 113.392857142857, 110.856009070295, 107.624716553288, 129.804421768707, 112.414965986394, 118.353174603175, 105.881519274376];"[120.74075918 126.46944965 131.75121365 141.73781024 143.03644612
 130.85158858 136.44291095 135.63958435]";1998-02-01;1998-03-22
35;8;FT_rf_log;0.3014821314700975;57.142857142857146;0.2566448482326244;22.261824701515405;0.256481607388041;20.51902330570356;[97.2930839002267, 107.667233560091, 101.856575963719, 81.3350340136054, 46.8253968253969, 66.8509070294785, 69.3027210884354, 69.2460317460318];"[84.49638158 89.65239644 85.69536629 89.5860519  85.46844851 91.74986544
 90.59055726 93.34460492]";1997-12-07;1998-01-25
50;8;FT_rf_log;0.22502098254813863;28.571428571428573;0.2583374179161525;28.541028118155868;0.25820711740458957;25.688474837854507;[125.433982114677, 93.0825881115203, 111.954234613361, 100.960021041557, 119.857969489742, 124.329300368227, 83.1358003485455, 111.217780115729];"[81.92733954 85.4306951  80.97946489 80.68967931 91.2296186  84.65973243
 90.63877174 83.91451867]";1998-02-01;1998-03-22
30;8;FT_rf_log;0.11310526500635884;85.71428571428571;0.10558062459726383;14.099299836366928;0.10553642539552387;12.616078142896013;[119.231859410431, 118.409863945578, 132.893990929705, 110.615079365079, 110.430839002268, 103.401360544218, 111.224489795918, 119.359410430839];"[125.39762956 124.73503856 127.90002787 128.18106564 126.90510367
 126.83490696 127.45314252 129.10067767]";1997-12-07;1998-01-25
55;8;FT_rf_log;0.23538356865318147;42.857142857142854;0.26097259057559763;22.72672199474444;0.26079164907488095;19.18551791478758;[73.9216201998948, 83.6533403471857, 113.545502367175, 73.0010520778537, 49.3556023145713, 83.4297738032615, 76.1441346659652, 75.1841136244083];"[59.03519096 59.64204389 65.91625013 67.8819315  65.71504892 61.42693844
 61.97520755 65.87727789]";1998-03-29;1998-05-17
40;8;FT_rf_log;0.1345777035832832;57.142857142857146;0.13177943496737177;18.823880479673576;0.13172846007366634;17.159464124065195;[139.625850340136, 139.710884353742, 156.916099773243, 155.924036281179, 112.03231292517, 119.21768707483, 101.261337868481, 131.760204081633];"[128.43188171 125.8850513  133.54933391 132.24894344 135.05627646
 132.59145618 127.66080104 134.17706088]";1997-12-07;1998-01-25
35;8;FT_rf_log;0.2261758776853141;71.42857142857143;0.19564885625064432;19.475257071385617;0.19553619717951026;17.051895677591308;[84.8497732426303, 63.6054421768707, 86.3378684807257, 91.5958049886622, 78.3871882086168, 72.4773242630385, 78.7131519274377, 95.5357142857143];"[ 94.57056883  93.63845934  98.7098513   98.8612026  100.47271117
  97.85624877 104.9649296   98.84346137]";1997-10-12;1997-11-30
45;8;FT_rf_log;0.2270958055646512;57.142857142857146;0.21293704933231597;27.824200034608737;0.21284454000618602;24.794693294199078;[101.261337868481, 129.166666666667, 163.988095238095, 123.696145124717, 106.037414965986, 83.1916099773242, 95.8616780045352, 98.8236961451247];"[119.93370764 114.57593894 113.96656522 129.90371439 127.34520147
 119.72643011 120.74864794 124.95946914]";1997-12-07;1998-01-25
55;8;FT_rf_log;0.15773682923199533;85.71428571428571;0.130636923540403;12.89794832647775;0.13053619592571916;8.546345359536993;[71.8174644923725, 43.0431351920042, 71.2519726459759, 74.105733824303, 79.1425565491846, 70.4497632824829, 76.5912677538138, 63.4271436086271];"[78.68923319 76.48133926 65.7709334  71.23597922 71.34750382 69.69194327
 72.36672744 70.35972681]";1998-02-01;1998-03-22
40;8;FT_rf_log;0.08796624072915019;71.42857142857143;0.08446152680067337;12.753534927107994;0.08442843025654317;10.817528287463475;[125.368480725624, 106.420068027211, 138.293650793651, 139.696712018141, 135.019841269841, 116.482426303855, 122.576530612245, 149.560657596372];"[135.11342354 132.42402272 133.33722695 129.86747016 133.34822005
 126.17900251 132.8275041  135.17416543]";1997-10-12;1997-11-30
50;8;FT_rf_log;0.39822073931398927;57.142857142857146;0.3190060469639956;34.68879607297178;0.31884309181509674;31.50116469718963;[118.990005260389, 142.043661230931, 73.8953182535508, 78.6285130394433, 63.9137296159916, 94.2793266701737, 71.3571804313519, 93.8979484481852];"[112.87002861 114.91676815 113.8762332  116.70796398 117.8591937
 113.62702635 116.20238217 116.46166491]";1997-12-07;1998-01-25
30;8;FT_rf_log;0.06309861768194965;42.857142857142854;0.06460757858118404;10.094920600084501;0.06458178384303473;8.09667165691601;[136.267006802721, 113.407029478458, 136.72052154195, 137.740929705216, 131.831065759637, 130.442176870748, 118.168934240363, 125.453514739229];"[119.23825509 126.42127321 123.81207153 136.3946681  131.88992387
 118.08561752 121.1271163  120.35144806]";1997-10-12;1997-11-30
45;8;FT_rf_log;0.16427370451613552;57.142857142857146;0.14840011224904298;19.295508991028395;0.14833628310636365;17.285902246666414;[107.49716553288, 91.7091836734694, 112.329931972789, 133.574263038549, 113.222789115646, 107.440476190476, 104.875283446712, 122.463151927438];"[123.76389995 125.83997485 132.54605076 128.15834641 126.68515057
 125.88053545 128.08412271 129.60954892]";1997-10-12;1997-11-30
36;8;FT_rf_log;0.2466843855423647;57.142857142857146;0.25042065826030563;35.09087349450938;0.25028692271809927;24.983886830387338;[101.530612244898, 79.6626984126986, 53.0045351473923, 69.0617913832199, 85.3883219954649, 126.417233560091, 172.831632653061, 86.4654195011338];"[86.00228416 89.44981074 85.57831924 86.23427595 87.96721382 90.65194826
 90.01260025 90.11159554]";1998-03-29;1998-05-17
41;8;FT_rf_log;0.09392444938652367;42.857142857142854;0.08892602907632915;17.36974621394935;0.08889660338651974;13.482175100147828;[144.246031746032, 157.511337868481, 133.74433106576, 152.253401360544, 128.784013605442, 164.314058956916, 153.713151927438, 155.527210884354];"[180.17628918 148.3409204  147.13976205 148.07111675 152.35729289
 147.79433237 151.41617119 152.73818719]";1998-03-29;1998-05-17
55;8;FT_rf_log;0.2041360206198678;71.42857142857143;0.21716621003962902;25.965545038452557;0.21703803413468756;18.978647980513106;[80.5760126249341, 102.169910573383, 139.334560757496, 85.0078905839031, 66.4518674381905, 61.5728563913729, 67.5433982114676, 66.2546028406102];"[81.34331395 70.08714651 79.42547942 77.32515319 84.16996268 76.66311953
 77.67719714 74.69974527]";1997-12-07;1998-01-25
46;8;FT_rf_log;0.04631692824239174;28.571428571428573;0.04709071303809656;14.089459697659061;0.04708188833676699;12.57606852086839;[254.280045351474, 260.572562358277, 262.585034013605, 259.05612244898, 255.711451247166, 292.786281179138, 272.534013605442, 280.144557823129];"[261.42300429 247.82988258 256.14074436 264.2653293  270.57107705
 268.61649604 262.50664157 260.13192784]";1998-03-29;1998-05-17
50;8;FT_rf_log;0.0725741537000946;57.142857142857146;0.07139366346202819;8.803455202433074;0.07136083311403078;7.783376113309727;[111.03366649132, 93.8979484481851, 111.362440820621, 105.68122041031, 118.608627038401, 113.959444903685, 102.09100473435, 123.961073119411];"[102.60419946 107.70599013 116.71496497 111.57888489 114.71041286
 112.61615619 113.21107142 111.54333114]";1997-10-12;1997-11-30
31;8;FT_rf_log;0.1914952186412373;42.857142857142854;0.1676950452030052;27.083625521382157;0.16763251841980437;22.51046244085822;[150.340136054422, 122.19387755102, 120.549886621315, 121.159297052154, 100.977891156463, 129.549319727891, 133.659297052154, 136.848072562358];"[136.05957865 148.18805026 143.57509941 152.38099488 155.49850432
 150.30166644 132.22325576 145.70113019]";1998-03-29;1998-05-17
36;8;FT_rf_log;0.12059517848281624;57.142857142857146;0.13108952847630193;13.93601415576391;0.13101776886469538;11.98700926390773;[102.735260770975, 100.481859410431, 94.1893424036282, 86.9331065759637, 105.130385487528, 102.480158730159, 93.7925170068027, 93.0555555555555];"[93.27938072 92.18364911 90.80283533 82.56179832 82.0964709  79.3332505
 80.01638228 82.62834465]";1998-02-01;1998-03-22
41;8;FT_rf_log;0.140337367652068;85.71428571428571;0.14327651010324627;22.00071695108725;0.14322535991271879;20.20215144861916;[110.501700680272, 120.416274523136, 131.972789115646, 130.711451247166, 160.78514739229, 174.433106575964, 153.401360544218, 155.598072562358];"[130.80577756 141.60163576 143.65346304 135.62411965 138.00516531
 137.26692476 131.16923561 134.24193026]";1998-02-01;1998-03-22
46;8;FT_rf_log;0.07364884565632787;57.142857142857146;0.06933537997404011;24.65698774910102;0.06932126044874387;17.044668998513117;[258.460884353742, 242.871315192744, 257.100340136054, 255.952380952381, 253.897392290249, 207.8089569161, 250.921201814059, 259.169501133787];"[233.77051649 258.44363831 275.09223857 259.66040285 242.86704543
 267.32979382 247.90810128 258.33904477]";1998-02-01;1998-03-22
51;8;FT_rf_log;0.11148744943859523;71.42857142857143;0.11604649008871745;28.785889761423377;0.11601814293833511;24.003624752942237;[198.645449763282, 221.225670699632, 269.989479221462, 184.968437664387, 169.831667543398, 226.420305102578, 211.322987901105, 201.998947922146];"[174.9103305  222.07702929 215.46096956 209.29170712 192.13008967
 192.74711656 182.03551832 198.66728711]";1998-03-29;1998-05-17
55;8;FT_rf_log;0.12393487369503024;57.142857142857146;0.11709738854368137;11.362968467339273;0.1170216541234364;9.112626064387726;[82.8248290373488, 72.0015781167807, 59.1947668073016, 94.8711204629142, 89.9263545502367, 83.3308283860624, 85.1920042083114, 70.1209889531825];"[83.03193814 79.68325909 81.86701385 79.22251821 80.84758009 80.19711225
 80.94526266 80.35312595]";1997-10-12;1997-11-30
31;8;FT_rf_log;0.10985462395979917;42.857142857142854;0.10800886298901616;19.961149229246963;0.10796942464034914;14.868813489034515;[146.003401360544, 126.374716553288, 106.788548752835, 130.78231292517, 154.931972789116, 144.770408163265, 138.066893424036, 162.840136054422];"[158.44014228 131.79351739 142.44370438 131.31953261 137.35758979
 134.25234523 138.65367187 126.61676958]";1998-02-01;1998-03-22
36;8;FT_rf_log;0.47349652258207287;71.42857142857143;0.31093308107453416;34.202892147623665;0.31073662431143495;24.95198680381663;[118.962585034014, 125.0, 107.001133786848, 53.7273242630385, 38.1802721088436, 64.5266439909298, 75.0425170068027, 103.883219954649];"[115.63062181 120.75099548 109.27082538 100.08941262 104.29395938
 108.84561353 103.69810681 108.19812009]";1997-12-07;1998-01-25
46;8;FT_rf_log;0.10692102911476489;42.857142857142854;0.1094830429353299;34.77604125273156;0.10946110713951118;27.53181502630005;[263.137755102041, 259.197845804989, 322.066326530612, 226.615646258503, 209.041950113379, 223.327664399093, 221.301020408163, 248.767006802721];"[235.77365481 241.57280722 242.40223044 240.83117913 241.65545516
 243.99176905 244.87924619 244.23708991]";1997-12-07;1998-01-25
51;8;FT_rf_log;0.11768147912178384;42.857142857142854;0.12773896856861516;34.413617179510375;0.12770811813963212;26.61068590787226;[205.28669121515, 233.824302998422, 195.081536033667, 183.837453971594, 228.577064702788, 263.256180957391, 169.700157811678, 185.468174644924];"[189.04158118 180.46498038 186.49447739 190.03214125 185.98517391
 199.19945509 187.52057749 189.498447  ]";1998-02-01;1998-03-22
41;8;FT_rf_log;0.18644448317740414;57.142857142857146;0.2117485081003654;38.60854346563203;0.21167217789418424;29.923907899958596;[132.312925170068, 166.72335600907, 210.260770975057, 141.921768707483, 128.613945578231, 147.037981859411, 124.815759637188, 125.524376417233];"[107.94734663 130.81311958 120.45900577 132.31441758 100.01371076
 118.99478228 133.63342819 139.76960536]";1997-12-07;1998-01-25
31;8;FT_rf_log;0.13263486157831156;57.142857142857146;0.13091980126089997;21.97125814523369;0.13087392385941318;18.832650242518742;[151.629818594104, 144.367521688668, 188.690476190476, 139.625850340136, 133.304988662131, 117.531179138322, 127.763605442177, 136.451247165533];"[120.10991551 143.79989892 156.54833706 145.52628609 155.7020307
 147.61215442 142.06438795 150.20354853]";1997-12-07;1998-01-25
56;8;FT_rf_log;0.08997913525705288;71.42857142857143;0.09029805969795991;12.79832411021493;0.09026065502815497;10.95876389466057;[131.970015781168, 140.623356128353, 120.581273014203, 111.454497632825, 97.6065228826934, 134.324039978958, 133.048395581273, 129.852709100474];"[128.39706023 126.41466045 119.3513089  115.71053422 118.84038812
 119.64576298 117.4033858  117.0074019 ]";1998-03-29;1998-05-17
51;8;FT_rf_log;0.15072938351239495;57.142857142857146;0.14797836255317853;36.230092551050504;0.1479380999226208;27.63243218528172;[197.856391372962, 207.969489742241, 258.561283534982, 188.197769463739, 136.804921863538, 148.921620199895, 181.680694371383, 172.198842714361];"[201.07680681 178.39220324 183.957661   176.1392294  183.29487243
 189.29990779 187.55758117 181.05331071]";1997-12-07;1998-01-25
36;8;FT_rf_log;1.5499051205534797;42.857142857142854;0.8028847988254444;202.8139188115508;0.8026925901347541;176.8828150126021;[120.833333333333, 119.614512471655, 111.777210884354, 97.7831514860898, 107.18537414966, 126.757369614512, 102.536848072562, 131.207482993197];"[153.76073945 193.85078153 216.52128128 245.53929142 310.96592113
 354.00571791 386.59395917 471.52011121]";1997-10-12;1997-11-30
41;8;FT_rf_log;0.12945191619127094;14.285714285714286;0.11793744048515403;21.523966155880437;0.11789614521597068;16.89055283653441;[161.451247165533, 142.828798185941, 131.575963718821, 150.93537414966, 155.612244897959, 111.09693877551, 133.234126984127, 166.524943310658];"[143.8019019  153.62182748 153.70009693 153.60788176 153.89303215
 157.41030654 155.67188541 155.10987494]";1997-10-12;1997-11-30
31;8;FT_rf_log;0.11290875644505563;85.71428571428571;0.09902053777761377;19.71046696255237;0.09898291451105343;13.15914811717794;[141.128117913832, 95.7199546485261, 149.291383219954, 130.116213151927, 155.62641723356, 139.725056689342, 144.869614512472, 162.769274376417];"[145.78328195 145.51004583 147.78249444 145.90534227 148.2174774
 148.02213772 147.73410187 147.80987078]";1997-10-12;1997-11-30
46;8;FT_rf_log;0.12488809407955498;42.857142857142854;0.11133647760718185;32.10830353851551;0.11131072373594725;24.16195017839573;[217.020975056689, 207.950680272109, 164.611678004535, 246.24433106576, 241.794217687075, 223.228458049887, 207.922335600907, 234.679705215419];"[240.46796115 242.13902095 236.87256359 237.24665515 234.8537633
 236.49594821 239.46817467 237.32763475]";1997-10-12;1997-11-30
56;8;FT_rf_log;0.2631302858222657;28.571428571428573;0.310192891604979;36.99895986995976;0.31005051225758756;33.93196088180479;[115.846922672278, 125.315623356128, 122.606522882693, 107.233035244608, 149.053129931615, 138.729615991584, 116.267753813782, 126.551814834298];"[90.91997637 75.19652126 92.58203796 98.71125148 94.17866277 90.97959969
 92.32786336 95.25281877]";1998-02-01;1998-03-22
51;8;FT_rf_log;0.14309262777760448;71.42857142857143;0.13418903305542673;28.006181773127217;0.13415338010140948;25.32576339357464;[187.611783271962, 167.964229352972, 217.096265123619, 199.263545502367, 214.807995791689, 149.607707364903, 186.568204346441, 173.329826407154];"[199.98110015 199.26813254 189.78572725 187.59960561 194.3664266
 201.55288772 207.88103075 199.58865977]";1997-10-12;1997-11-30
37;8;FT_rf_log;0.06532517039618116;57.142857142857146;0.0653778660322979;16.252828300881443;0.06536168876951143;13.231695095711295;[187.825963718821, 196.825396825397, 191.850907029478, 181.164965986395, 196.626984126984, 229.804421768707, 213.888888888889, 198.993764172336];"[208.27237505 199.80933695 196.37918057 200.235491   205.69728636
 199.26998721 197.11087251 196.55210659]";1998-03-29;1998-05-17
42;8;FT_rf_log;0.10847491356871937;57.142857142857146;0.1016494257386851;20.77998737327578;0.10161443166207862;14.986957981739021;[148.256802721088, 157.8089569161, 173.313492063492, 151.332199546485, 104.861111111111, 182.057823129252, 166.836734693878, 151.913265306122];"[149.78770358 156.541688   157.06794972 161.55647308 149.50234026
 151.41045823 155.14749788 155.56311263]";1998-03-29;1998-05-17
47;8;FT_rf_log;0.17644320656348916;85.71428571428571;0.1932631984202416;36.69540314922041;0.19320639456978173;33.042738227085536;[200.949546485261, 180.753968253968, 193.721655328798, 186.493764172336, 130.980725623583, 214.597505668934, 153.472222222222, 181.221655328798];"[154.02237831 150.93722652 153.05066785 153.16925004 152.83424317
 155.06931906 151.07861148 151.39447593]";1998-03-29;1998-05-17
32;8;FT_rf_log;0.16178644463478878;14.285714285714286;0.17261495367863458;30.417500130276544;0.17255680756023473;25.792349818627805;[135.756802721088, 161.848072562358, 158.149092970522, 190.079365079365, 112.641723356009, 150.637755102041, 180.00283446712, 151.587301587302];"[137.8009833  132.53237841 135.8978272  134.80533986 142.11067159
 137.28035081 137.70653455 139.2563212 ]";1998-03-29;1998-05-17
56;8;FT_rf_log;0.2748270795324022;57.142857142857146;0.2289451208209236;29.55373415008935;0.2288397711882587;25.172462655054574;[130.15518148343, 139.873750657549, 140.833771699106, 93.9768542872173, 92.7932667017358, 67.5302472382957, 103.879537085744, 106.956864807996];"[129.18316548 120.90850383 122.22048442 131.07019951 129.03181468
 121.98114773 118.93969093 126.9430684 ]";1997-12-07;1998-01-25
52;8;FT_rf_log;0.09785895018753546;42.857142857142854;0.10398506124228235;9.663030144102974;0.10391891362707673;8.182948786771103;[78.4192530247238, 80.3129931614939, 86.8095739084692, 78.4061020515518, 68.5691741188848, 91.2677538137822, 78.5113098369279, 85.0341925302472];"[75.76322339 75.82516081 75.60804894 71.23422123 73.47782921 71.80670742
 73.78447451 74.18440682]";1998-03-29;1998-05-17
37;8;FT_rf_log;0.10305183946478985;42.857142857142854;0.09675147973066263;22.498234909356206;0.09672751053600215;19.54496420553314;[202.395124716553, 180.768140589569, 185.16156462585, 177.664399092971, 216.113945578231, 190.915532879818, 195.833333333333, 214.52664399093];"[219.47641008 220.36050669 217.62292401 190.25158767 204.37477238
 216.36404705 209.0403428  210.28382662]";1998-02-01;1998-03-22
42;8;FT_rf_log;0.05752964359871127;42.857142857142854;0.05563989311588022;10.413882429911839;0.05562098235063388;8.190385478874028;[155.342970521542, 152.225056689342, 160.912698412698, 148.384353741497, 143.494897959184, 133.27664399093, 136.522108843537, 159.708049886621];"[144.72898255 156.09518057 159.60931131 149.37542925 150.1947874
 153.55512701 152.11092803 153.53073215]";1998-02-01;1998-03-22
47;8;FT_rf_log;0.1441667157583382;71.42857142857143;0.13198316802779883;26.67747105387682;0.13194561133923505;23.266459202605706;[207.312925170068, 189.739229024943, 145.624036042613, 169.21768707483, 145.649092970522, 175.46768707483, 187.287414965986, 163.137755102041];"[189.46692574 183.18173371 179.64203063 191.93146599 193.98099544
 196.05196957 194.18519796 192.32019253]";1998-02-01;1998-03-22
56;8;FT_rf_log;0.06561577053348164;42.857142857142854;0.06679855631373374;10.621131180363415;0.06677160010601887;8.295292913684289;[113.190426091531, 112.006838506049, 122.027880063125, 136.059968437665, 119.84481851657, 118.75955011147, 113.269331930563, 141.846396633351];"[121.40628998 119.89409532 124.27219554 119.34564517 118.94473393
 119.45323953 123.33661141 122.20686626]";1997-10-12;1997-11-30
32;8;FT_rf_log;0.10413126741312326;42.857142857142854;0.09859574606784643;17.368055814705905;0.09856014556909931;13.663787073952502;[139.469954648526, 119.628684807256, 136.238662131519, 131.09410430839, 146.301020408163, 126.190476190476, 139.229024943311, 150.255102040816];"[153.53814902 157.71503217 142.457823   138.87582511 124.31925397
 137.88141001 144.53845198 154.42784792]";1998-02-01;1998-03-22
52;8;FT_rf_log;0.06636592342163213;42.857142857142854;0.06810843662891364;5.651040168303742;0.06806253781517099;5.055118987394696;[79.6028406102051, 69.8207531302895, 75.841662283009, 72.9089952656498, 67.8149166031484, 77.735402419779, 72.8169384534455, 82.0357706470278];"[73.32392389 74.57247363 71.66959741 70.42486771 71.85324218 71.5690286
 70.83274771 71.47053854]";1998-02-01;1998-03-22
42;8;FT_rf_log;0.13227614945210028;28.571428571428573;0.1310913116251171;22.531668973052685;0.1310477109120363;19.814471212842182;[157.553854875283, 161.550453514739, 192.81462585034, 135.770975056689, 138.43537414966, 132.865646258503, 127.891156462585, 133.90022675737];"[147.4939615  148.94939794 147.36768209 150.92618554 150.09393276
 151.73255484 152.91673733 153.60184522]";1997-12-07;1998-01-25
37;8;FT_rf_log;0.21238236069524366;71.42857142857143;0.21809768564809065;59.20013587590662;0.21804402807260584;44.95233724945496;[240.802154195011, 223.143424036281, 303.458049886621, 153.032879818594, 160.133219954649, 163.236961451247, 177.593537414966, 211.649659863946];"[222.15392328 155.28116296 179.9387728  205.21903603 227.2958698
 166.14337284 180.98994181 187.71235279]";1997-12-07;1998-01-25
32;8;FT_rf_log;0.21672335569497395;57.142857142857146;0.24845825598265897;44.48502822119214;0.24837209810186645;36.28091067492164;[150.212585034014, 178.500566893424, 210.884353741497, 153.543083900227, 116.865079365079, 106.451700441706, 125.141723356009, 172.023809523809];"[116.85580344 119.54912082 128.17606645 113.98109303 120.73291049
 128.09117188 123.47325062 123.53080527]";1997-12-07;1998-01-25
42;8;FT_rf_log;0.15825355816105918;42.857142857142854;0.14221430303090055;26.498469580180604;0.14216823338381407;22.132811657160005;[153.996598639456, 113.577097505669, 164.314058956916, 180.15873015873, 140.589569160998, 141.25566893424, 153.358843537415, 161.323696145125];"[157.62591432 162.13250686 164.3019027  160.90138613 167.26114968
 166.79052877 173.48609414 194.59827312]";1997-10-12;1997-11-30
47;8;FT_rf_log;0.19459342854584738;57.142857142857146;0.2254407986135157;59.05585699611301;0.22538414661703238;45.60214022989958;[211.862244897959, 235.870181405896, 307.157029478458, 190.419501133787, 195.266439909297, 178.117913832199, 191.652494331066, 186.72052154195];"[175.22116018 153.91040462 177.29030978 174.00720725 159.83036939
 163.10502373 166.45868796 162.42604178]";1997-12-07;1998-01-25
57;8;FT_rf_log;0.13895784397541514;14.285714285714286;0.14760333078989493;23.03267881909717;0.1475504307337846;20.671615417137303;[137.835349815886, 151.301946344029, 145.607574960547, 136.770120988953, 126.157285639137, 172.77748553393, 142.990531299316, 156.483429773803];"[147.55452943 121.35586172 131.63857009 113.41080393 146.80402512
 134.57129543 137.97688995 131.97066354]";1998-03-29;1998-05-17
37;8;FT_rf_log;0.060066246887488864;85.71428571428571;0.05930345642409893;15.809311965937365;0.05928818259454438;11.679145907666644;[193.778344671202, 160.147392290249, 234.778911564626, 209.112811791383, 201.133786848073, 158.786848072562, 203.202947845805, 231.164965986395];"[190.22023756 166.41500011 205.34420925 216.18703938 201.78760949
 187.74279854 198.89042384 217.98874068]";1997-10-12;1997-11-30
32;8;FT_rf_log;0.12463861034671972;57.142857142857146;0.11530945591306518;16.724870419362247;0.11526216349697346;14.140764149263775;[116.992630385487, 93.5799319727892, 137.542517006803, 142.857142857143, 121.40022675737, 112.684240362812, 129.053287981859, 140.830498866213];"[134.76568345 127.61710224 133.72230511 128.01509299 133.79356805
 129.31441668 134.22033571 132.3674361 ]";1997-10-12;1997-11-30
52;8;FT_rf_log;0.21782875686752853;85.71428571428571;0.18092749250811488;16.207265224126203;0.18079384303458718;12.347325628751987;[91.12309310889, 59.1004734350342, 57.0226196738558, 45.6075749605471, 72.8037874802735, 69.1215149921095, 72.4618621778012, 72.290899526565];"[80.65829056 75.84502286 81.1947027  78.11057513 79.58297253 73.19546639
 74.31279508 70.10079901]";1997-12-07;1998-01-25
47;8;FT_rf_log;0.17278029824770585;28.571428571428573;0.1507546543340339;36.3414607047664;0.1507143262110692;28.247723823683096;[201.984126984127, 169.600340136055, 222.803287981859, 172.732426303855, 148.710317460318, 152.253401360544, 216.468253968254, 207.312925170068];"[198.21124755 214.06387282 207.49565598 209.56831835 209.93475341
 208.73784449 209.96307255 208.7007191 ]";1997-10-12;1997-11-30
57;8;FT_rf_log;0.21215632758312675;71.42857142857143;0.1793394301081468;27.871203963550386;0.17926906804300485;23.233613913785547;[149.53971593898, 127.275118358759, 125.449369647912, 79.5393223044083, 156.970015781168, 125.39452919516, 131.351920042083, 141.649132035771];"[161.50917285 154.98393228 154.04206254 139.2222327  138.99188377
 142.77598796 147.32493422 148.23156428]";1998-02-01;1998-03-22
43;8;FT_rf_log;0.05626518831820379;42.857142857142854;0.0567642752695218;10.52637977436614;0.056742422810851886;7.406728386335077;[126.303854875283, 129.393424036281, 134.651360544218, 121.768707482993, 110.884353741497, 152.636054421769, 129.37925170068, 131.774376417233];"[131.88994329 129.46796934 130.88055582 131.0359638  123.6697187
 128.44403084 131.2261458  130.04352673]";1998-03-29;1998-05-17
52;8;FT_rf_log;0.14816306670977458;28.571428571428573;0.1362970638058134;13.654703228334375;0.13620854612496217;10.588457991023768;[75.9337190952131, 72.0015781167807, 83.6138874276697, 93.5034192530247, 88.5718043135191, 94.4525258814732, 81.7069963177276, 54.3135192004208];"[81.03568811 81.25943706 79.41999108 76.54433682 80.61903317 82.81079346
 81.70214155 83.90901805]";1997-10-12;1997-11-30
33;8;FT_rf_log;0.09602311298520863;42.857142857142854;0.09456569439918436;27.886072712079127;0.09454695705116659;23.957127352797322;[277.210884353742, 272.293083900227, 231.09410430839, 260.204081632653, 225.212585034014, 300.212585034014, 251.672335600907, 214.668367346939];"[254.87319895 254.77677386 257.0732981  255.0718044  254.42992354
 253.51401795 255.65942509 255.45692462]";1998-03-29;1998-05-17
38;8;FT_rf_log;0.07559052584483336;28.571428571428573;0.07418804549878294;11.919396852710806;0.0741606842933583;10.086317828427042;[131.87358276644, 137.074829931973, 145.946712018141, 147.789115646259, 114.044784580499, 141.184807256236, 145.890022675737, 139.498299319728];"[143.34801177 149.88616406 140.16803172 130.43232034 134.0436147
 139.77049941 135.84526203 137.68689404]";1998-03-29;1998-05-17
57;8;FT_rf_log;0.20406258526896448;42.857142857142854;0.2372081922511674;40.88621965013799;0.2371217131953899;33.09749607198966;[160.034192530247, 155.733824302998, 211.296685954761, 145.857443450815, 130.54971067859, 120.594423987375, 134.508153603366, 138.558653340347];"[116.84676799 122.80329015 128.25731592 104.15822028 114.95400504
 118.36539538 126.93118919 100.03693532]";1997-12-07;1998-01-25
53;8;FT_rf_log;0.14172009216545395;14.285714285714286;0.13484883189939165;19.078097722309266;0.13479358662639399;16.504368516195004;[138.598106259863, 140.570752235665, 132.995791688585, 142.214623882167, 117.937927406628, 100.604944765913, 113.821672803788, 102.511835875855];"[131.13052944 129.20646137 129.39799751 114.69086972 130.45559668
 129.75724377 125.86407005 130.88100245]";1998-03-29;1998-05-17
48;8;FT_rf_log;0.06622793867823587;71.42857142857143;0.0687958396017011;12.207798870384845;0.06876811900072281;8.651291576307514;[133.460884353742, 158.092403628118, 120.748299319728, 123.611111111111, 100.255102040816, 114.696712018141, 119.657029478458, 108.758503401361];"[130.79795456 127.87181491 113.14634699 115.3119882  109.94063437
 119.35977858 114.2538256  109.43243948]";1998-03-29;1998-05-17
43;8;FT_rf_log;0.11557599850839709;57.142857142857146;0.1257751400919119;18.793010556044926;0.12572459947965053;15.675345893597077;[126.87074829932, 140.46201814059, 129.53514739229, 129.903628117914, 148.327664399093, 129.322562358276, 121.074263038549, 134.495464852608];"[127.96458926 131.02161745 106.69396931 110.10530515 112.69356653
 114.46758207 117.08307254 116.74670905]";1998-02-01;1998-03-22
33;8;FT_rf_log;0.13331887211833435;71.42857142857143;0.14954215940037985;41.89972852823742;0.1495088228607674;33.771842160917046;[253.28798185941, 249.050453514739, 260.034013605442, 256.292517006803, 258.503401360544, 250.77947845805, 253.018707482993, 256.25];"[241.88328684 156.61895677 239.1777752  229.51878817 217.44751597
 210.36732942 244.57383584 227.45432778]";1998-02-01;1998-03-22
57;8;FT_rf_log;0.19332434157373166;85.71428571428571;0.16346268753840937;26.779777356487404;0.16339726345313593;20.616378649076026;[144.345081536034, 150.433982114676, 147.724881641242, 106.091137138706, 110.082144378004, 134.382906239824, 147.185691741189, 87.3882167280379];"[152.49293292 154.47192998 151.75227186 147.83072156 145.79855811
 150.25466045 154.45353741 135.51045842]";1997-10-12;1997-11-30
53;8;FT_rf_log;0.201120821274199;42.857142857142854;0.1966390468091992;26.53316608113702;0.19655130627207762;22.424310029829293;[147.422409258285, 126.775381378222, 124.026827985271, 122.264597580221, 144.923724355602, 100.657548658601, 72.1199368753288, 134.665965281431];"[107.18430405 101.26173124 130.71741912 118.39190382 110.47120942
 113.33186218 114.04788448 120.64130135]";1998-02-01;1998-03-22
38;8;FT_rf_log;0.14712316533883912;57.142857142857146;0.14134258051184528;21.12235772356012;0.1412850549947115;17.604193652668542;[142.729591836735, 135.643424036281, 133.843537414966, 118.466553287982, 157.823129251701, 135.345804988662, 86.0260770975055, 137.5];"[116.28558184 132.7825163  139.50851704 137.60243688 128.30935219
 124.43003783 123.34395212 128.51965096]";1998-02-01;1998-03-22
33;8;FT_rf_log;0.17269623777567916;28.571428571428573;0.17755898222783806;53.94800069476448;0.1775206037253625;41.61803723317156;[251.998299319728, 263.265306122449, 331.136621315193, 171.357709750567, 208.333333333333, 215.802154195011, 229.861111111111, 243.863378684807];"[213.1093978  180.12013939 236.92786288 244.83895899 227.83784593
 226.73587649 224.23913439 236.70336834]";1997-12-07;1998-01-25
43;8;FT_rf_log;0.11338723156372824;28.571428571428573;0.11951402059620717;23.86605633664966;0.11946901045980537;16.086971357417305;[130.215419501134, 140.462018140589, 183.205782312925, 114.569160997732, 109.651360544218, 111.72052154195, 113.109410430839, 121.981292517007];"[129.58645466 123.30689473 122.92351781 123.1714453  123.09038844
 126.16975968 125.86755467 123.36201604]";1997-12-07;1998-01-25
48;8;FT_rf_log;0.0986469798373108;57.142857142857146;0.09682822188012491;13.346933249748316;0.09678562586744255;11.072443523938734;[132.454648526077, 113.59126984127, 119.84126984127, 99.8441043083899, 137.457482993197, 117.984693877551, 103.259637188209, 94.2460317460316];"[121.72041512 115.13951872 112.42416211 109.55982064 114.52211759
 115.62712741 115.05361833 116.32336057]";1998-02-01;1998-03-22
58;8;FT_rf_log;0.18859689680997999;42.857142857142854;0.19242268788195274;20.18251202788808;0.19231009786385067;16.77925867115777;[92.9905312993162, 73.4481851657024, 88.1509731720146, 84.0478695423461, 56.0625986322988, 106.930562861652, 118.490268279853, 103.774329300368];"[80.1133851  81.80978682 83.81610146 85.88548297 81.2847532  81.06872548
 82.18390293 84.34185022]";1998-03-29;1998-05-17
38;8;FT_rf_log;0.10830041340747298;14.285714285714286;0.10998398869881629;18.91620781801345;0.10994259647022309;14.73021054132416;[142.474489795918, 143.891723356009, 170.960884353742, 126.700680272109, 110.260770975057, 116.142290249433, 124.475623582766, 115.15022675737];"[133.69418105 130.29549366 128.38902673 131.05622465 128.86665691
 127.65194377 125.90989129 132.13816348]";1997-12-07;1998-01-25
53;8;FT_rf_log;0.13967967682426677;42.857142857142854;0.14809200958072744;22.436811196501704;0.14803190595278892;18.48765905482145;[107.877432930037, 124.566017885324, 173.63229879011, 124.776433456076, 111.730668069437, 111.086270384009, 118.990005260389, 117.740662809048];"[119.58576316 108.87826088 123.24547132 101.62193811 122.08915848
 120.81361908 103.81944583 129.44812666]";1997-12-07;1998-01-25
33;8;FT_rf_log;0.11151774076004485;57.142857142857146;0.10066065953821761;30.506089743892964;0.100636606453;21.27417949621002;[219.827097505669, 200.453514739229, 224.036281179138, 239.99433106576, 238.024376417234, 153.925736961451, 237.089002267574, 260.303287981859];"[223.25330102 222.82653523 228.32774664 227.78446002 225.76159482
 227.70565077 228.32148743 227.22062276]";1997-10-12;1997-11-30
43;8;FT_rf_log;0.07731232525500632;57.142857142857146;0.07169770171778878;12.338582157551505;0.0716684152815672;8.780377054798102;[120.039682539683, 105.93820861678, 112.542517006803, 125.070861678004, 131.136621315193, 124.716553287982, 120.493197278911, 133.942743764172];"[123.39310109 131.31189661 133.81622706 127.61020911 128.01243842
 127.84769843 129.27873169 131.28075382]";1997-10-12;1997-11-30
48;8;FT_rf_log;0.14961968876637086;71.42857142857143;0.14046440250465436;19.740449860787386;0.1404063295375137;17.130414322660464;[124.886621315193, 144.359410430839, 152.621882086168, 101.318027210884, 124.121315192744, 92.3185941043083, 113.662131519274, 122.222222222222];"[133.79863799 123.33341778 129.59401754 127.39771444 130.11570772
 125.972515   127.76958596 126.46420785]";1997-12-07;1998-01-25
38;8;FT_rf_log;0.2646478524391337;71.42857142857143;0.2297443490064049;34.612779050732094;0.2296636081894946;32.74681961191168;[117.120181405896, 110.856009070295, 129.435941043084, 136.72052154195, 133.843537414966, 132.638888888889, 117.587868480726, 137.698412698413];"[167.35665933 158.33950529 161.09021852 163.46253925 163.8225293
 144.58858214 150.93265353 168.28323009]";1997-10-12;1997-11-30
58;8;FT_rf_log;0.06286864636748626;57.142857142857146;0.06668976944334;7.436332957239223;0.06664892048892884;5.444261612378185;[80.2735402419779, 80.2209363492898, 90.7943187795897, 81.4308258811152, 80.9705418200947, 78.8532351394004, 85.1788532351394, 88.0852183061546];"[80.83934063 79.60585306 78.2121449  75.66126099 80.06019522 79.7109158
 74.73137115 76.27925719]";1998-02-01;1998-03-22
53;8;FT_rf_log;0.2896558398018013;57.142857142857146;0.22774475067021344;34.548940783644326;0.22764915647180844;27.379416440403137;[135.586533403472, 95.9495002630194, 136.125723303524, 106.341005628974, 129.747501315097, 117.334294755953, 72.1221734353921, 133.087848500789];"[132.90480545 142.34310332 154.85558004 142.83099859 140.13349322
 142.44204469 141.98512563 142.47130528]";1997-10-12;1997-11-30
34;8;FT_rf_log;0.09322149405062294;57.142857142857146;0.09137669468501826;13.828667847833612;0.09133902380262249;11.14716805648061;[132.65306122449, 146.442743764172, 115.674603174603, 127.012471655329, 96.7970521541951, 130.130385487528, 125.793650793651, 125.850340136054];"[118.99267943 124.93399401 123.58204944 119.83426622 123.39546853
 123.71162219 123.31882399 122.4197854 ]";1998-03-29;1998-05-17
44;8;FT_rf_log;0.16213671444179778;28.571428571428573;0.12894709455554695;23.845437972925957;0.12888822631118504;14.216499618199745;[118.820861678005, 121.641156462585, 117.828798185941, 107.157029478458, 71.485260770975, 131.944444444444, 123.951247165533, 126.743197278912];"[133.354639   112.89113313 105.9600131  106.94139393 134.60316058
 120.60823521 121.76244345 128.46406019]";1998-03-29;1998-05-17
39;8;FT_rf_log;0.11263875195238487;28.571428571428573;0.11470777981263591;17.22224040946795;0.11466235930700525;14.597735403834985;[129.336734693878, 136.366213151927, 121.598639455782, 96.938775510204, 129.237528344671, 153.032879818594, 138.577097505669, 145.734126984127];"[121.75992955 120.82157993 121.44381306 121.49911168 122.73198191
 124.75438503 126.24390985 123.90607357]";1998-03-29;1998-05-17
58;8;FT_rf_log;0.18995337414997837;14.285714285714286;0.18193923182703342;18.93929246138399;0.18183647662222513;16.295799551433646;[91.6096791162546, 101.459758022094, 124.658074697528, 83.8769068911099, 74.8158863755918, 76.4992109416097, 72.8037874802735, 68.9637033140452];"[92.6942255  89.72074295 88.69200191 95.45405423 92.71836849 87.85683754
 89.73430249 92.7726944 ]";1997-12-07;1998-01-25
48;8;FT_rf_log;0.17744583674870068;57.142857142857146;0.15661430273313703;24.518380767330402;0.15655432166841754;20.49108078632807;[120.15306122449, 100.836167800453, 122.562358276644, 134.141156462585, 132.043650793651, 118.395691609977, 116.269841269841, 145.039682539682];"[152.98593447 145.05374365 135.55064662 140.22608936 149.45490572
 149.73135805 132.99657062 142.7083573 ]";1997-10-12;1997-11-30
54;8;FT_rf_log;0.06060153062590512;28.571428571428573;0.05785561991386562;6.424848179679177;0.057816118581065355;4.250982805230825;[76.880589163598, 73.198316675434, 75.4602840610206, 78.2219884271436, 61.2177801157286, 84.1793792740662, 78.3271962125197, 74.907943187796];"[76.63954682 75.35273673 74.65070456 75.05536102 76.5758449  75.73128117
 76.04357816 76.45435537]";1998-03-29;1998-05-17
34;8;FT_rf_log;0.044923270587358885;71.42857142857143;0.04577289058262489;6.803711165223553;0.045753660770654035;5.4507103938836945;[113.081065759637, 115.77380952381, 118.225623582767, 111.034188355335, 125.907029478458, 129.109977324263, 119.444444444444, 121.414399092971];"[109.65340856 118.5573634  122.82989986 117.78866379 114.48991593
 116.83273794 117.97169203 120.54578408]";1998-02-01;1998-03-22
44;8;FT_rf_log;0.19046628178246527;14.285714285714286;0.215664401081573;31.2654859014175;0.2155701383790654;24.892404484684803;[158.503401360544, 109.282879818594, 123.795351473923, 83.8010204081632, 143.90589569161, 117.063492063492, 115.249433106576, 120.337301587302];"[101.80968037 117.22306478 106.84696321  97.64788248  86.17149923
 100.36071591 104.02926934 102.28455839]";1998-02-01;1998-03-22
39;8;FT_rf_log;0.04310061341749777;28.571428571428573;0.04435793479707372;6.548237929779244;0.044339409531802244;5.311696889265596;[127.196712018141, 114.753401360544, 117.644557823129, 121.839569160998, 122.831632653061, 117.134353741496, 120.833333333333, 129.06746031746];"[124.40503512 117.47756358 116.43051621 111.49396157 115.30189393
 120.58147654 118.43253565 117.02703274]";1998-02-01;1998-03-22
54;8;FT_rf_log;0.23015712927277737;42.857142857142854;0.26747985352794446;19.786859834119994;0.2672779489204597;17.74818830294989;[87.0153374342898, 75.6443976854287, 75.841662283009, 66.2283008942662, 76.6438716465019, 71.4886901630721, 71.6728037874803, 77.0910047343503];"[51.73945666 62.24018598 59.29794258 64.26390589 62.70525577 51.32625049
 52.23113119 55.83643364]";1998-02-01;1998-03-22
44;8;FT_rf_log;0.17452258693368067;28.571428571428573;0.16906669622263087;22.901966635390767;0.16899179698861733;19.31197168322842;[122.278911564626, 126.09126984127, 157.298752834467, 103.1320861678, 85.9268707482993, 92.219387755102, 105.31462585034, 100.907029478458];"[117.24364025 105.58485276 114.70647365 122.49828752 117.68164387
 109.2634885  107.46482535 116.95356066]";1997-12-07;1998-01-25
34;8;FT_rf_log;0.13658381164595193;42.857142857142854;0.14546820491063653;26.39494237616099;0.14541354180591565;19.585352996757205;[144.614512471655, 144.189342403628, 184.552154195011, 117.885487528345, 108.319160997733, 110.700113378685, 115.235260770975, 116.935941043084];"[129.19916247 116.6131432  121.85899237 125.63798864 125.73900061
 124.10234105 124.96040213 119.63434424]";1997-12-07;1998-01-25
58;8;FT_rf_log;0.07251370926884021;71.42857142857143;0.06907581296884396;7.199962110471986;0.06903696319581959;6.14656285409618;[78.0641767490795, 87.1120462914256, 88.6375591793792, 94.8974224092584, 82.7590741714887, 89.104105608577, 87.493424513414, 97.4092582851131];"[91.63636241 92.25846542 95.16930907 97.37064065 93.10361207 91.01265284
 93.16638624 93.88637522]";1997-10-12;1997-11-30
49;8;FT_rf_log;0.09671456076506692;85.71428571428571;0.09772174510832549;18.302683365003848;0.09769191015610487;16.08030905393757;[170.564058956916, 169.855442176871, 176.955782312925, 170.46485260771, 187.03231292517, 186.649659863946, 131.816893424036, 177.933673469388];"[169.14244089 158.15266858 168.23161288 155.76663288 161.00344947
 163.16648973 160.62989476 164.16301678]";1998-03-29;1998-05-17
39;8;FT_rf_log;0.1374757713391803;28.571428571428573;0.14041197399894617;22.241948059248656;0.14035643628840247;17.949093298844158;[132.057823129252, 140.532879818594, 172.321428571429, 117.842970521542, 106.221655328798, 103.231292517007, 109.112811791383, 113.12358276644];"[119.79909586 122.39668398 122.15819006 121.12451963 121.43947694
 123.7908022  123.29431829 122.91778063]";1997-12-07;1998-01-25
34;8;FT_rf_log;0.07249955371242889;57.142857142857146;0.0695196873244024;10.303587668307214;0.06949156013966343;8.615612000001981;[118.962585034014, 105.456349206349, 123.313492063492, 141.241496598639, 129.832766439909, 131.533446712018, 127.395124716553, 116.935941043084];"[133.73421575 123.49662107 128.78693828 131.90222716 128.2503373
 125.99282127 129.25024513 129.25804382]";1997-10-12;1997-11-30
59;8;FT_rf_log;0.1944665313189848;57.142857142857146;0.17009226199397745;24.12451979572175;0.1700157056096268;19.17771286398161;[133.350867964229, 161.322987901105, 85.4287217254077, 100.973172014729, 102.998421883219, 83.4166228300894, 96.7517096265123, 117.280378748027];"[128.13907407 135.2806066  111.16394267 105.17100442 124.24856072
 134.33242171 110.34180214 110.80193462]";1998-03-29;1998-05-17
44;8;FT_rf_log;0.0920546317218226;71.42857142857143;0.08971482629472044;12.4164826856487;0.08967677429325896;10.660312891063676;[108.347505668934, 104.591836734694, 120.691609977324, 149.433106575964, 112.060657596372, 103.458049886621, 103.018707482993, 121.003401360544];"[115.14774086 116.71910556 123.67948741 126.9987344  116.08425326
 114.71485958 121.13087791 128.54357507]";1997-10-12;1997-11-30
54;8;FT_rf_log;0.11704335893841342;57.142857142857146;0.11441256926422479;8.61868708365572;0.11433093368819605;8.044751499147523;[64.9943459761601, 76.9331930562861, 85.5207785376118, 66.2677538137822, 63.0720673329826, 62.9142556549185, 60.8890057864282, 65.3077327722252];"[75.08580833 69.99972461 71.33323512 70.37406102 68.68410827 69.12807406
 71.48802357 71.92208621]";1997-12-07;1998-01-25
39;8;FT_rf_log;0.0744477943031642;71.42857142857143;0.06981036688629363;10.655681075374208;0.06978052795998926;8.179918674758998;[110.501700680272, 99.9574829931973, 126.289682539683, 121.967120181406, 128.103741496599, 111.989795918367, 120.861678004535, 125.566893424036];"[123.16379381 122.73682228 127.17925088 127.66006997 124.77432968
 124.39427482 125.55728293 128.55279663]";1997-10-12;1997-11-30
49;8;FT_rf_log;0.23499427177317786;42.857142857142854;0.2225873389188369;44.10324666680925;0.22252126976102526;38.136890828407246;[171.414399092971, 153.642290249433, 155.569727891157, 166.964285714286, 148.398526077097, 172.066326530612, 164.356575963719, 167.304421768707];"[105.61308955 159.4772479  210.32919058 212.57837538 193.49887457
 192.28251302 224.49576222 174.9340076 ]";1998-02-01;1998-03-22
60;8;FT_rf_log;0.058740098588673795;42.857142857142854;0.055741155360486405;8.816162433382168;0.055716542965491195;6.315351085232274;[120.870594423987, 118.897948448185, 113.321935823251, 108.364018937401, 99.6449237243556, 119.77906365071, 117.372435560232, 113.90057864282];"[120.74197312 113.35026305 116.33068693 122.31959858 118.27919893
 117.31598419 116.31174088 119.62470052]";1998-03-29;1998-05-17
65;8;FT_rf_log;0.11962109614294167;42.857142857142854;0.11309873090012003;24.557448087998125;0.11306674257982302;20.189519920617116;[197.685428721725, 207.456601788532, 170.449763282483, 131.102051551815, 169.765912677538, 211.441346659653, 204.050499736981, 191.806943713835];"[189.13790679 183.28360594 178.78331518 182.34319956 191.25086165
 183.66082234 189.62428639 186.27768867]";1998-03-29;1998-05-17
59;8;FT_rf_log;0.09734494295246936;42.857142857142854;0.09953645780362942;16.836400757493937;0.09949626461119868;12.395988353970328;[136.401893740137, 133.982114676486, 116.109942135718, 120.817990531299, 154.050499736981, 123.803261441347, 101.341399263545, 113.869624651544];"[122.23493325 136.12061852 125.20971953 111.73322323 116.61621681
 123.15414337 123.05647658 118.74904413]";1998-02-01;1998-03-22
54;8;FT_rf_log;0.1928781470735096;57.142857142857146;0.15946117992881276;13.830855291472224;0.15933363802759526;10.042438153786936;[51.8411362440822, 42.4644923724356, 65.0710152551289, 72.5539189900052, 64.2030510257759, 77.3339846196238, 67.7012098895318, 74.7632824829037];"[72.8766903  71.97627166 74.10796753 72.41152677 73.48927588 72.98983407
 72.88522909 72.96484969]";1997-10-12;1997-11-30
49;8;FT_rf_log;0.10162047440074477;85.71428571428571;0.11050729600980802;24.666579715955333;0.11047319887631231;18.298559694962524;[162.074829931973, 152.80612244898, 220.209750566893, 160.445011337868, 171.258503401361, 132.256235827664, 173.90873015873, 175.368480725623];"[153.60773058 150.5473729  162.38682571 156.11871562 152.27938048
 114.27051463 149.43251274 163.29613419]";1997-12-07;1998-01-25
70;8;FT_rf_log;0.16007469815010114;85.71428571428571;0.15570913225785982;14.647551066635097;0.15562004551209924;13.910070437772266;[105.08942661757, 88.4928984744872, 82.9203301520504, 57.9694897422409, 96.8306154655445, 105.470804839558, 111.493950552341, 104.497632824829];"[94.10451116 96.88746817 96.18869453 80.66122215 87.39350165 89.78536746
 92.59727576 92.57587724]";1998-03-29;1998-05-17
59;8;FT_rf_log;0.12167116564530324;42.857142857142854;0.11913429504612304;17.376877300101373;0.11908702478952088;15.050739695686744;[122.540768016833, 131.641241451867, 152.932667017359, 110.560231457128, 116.162546028406, 124.447659126776, 110.37611783272, 113.624408206207];"[132.38947753 121.83639539 121.20509915 131.93719947 136.82144888
 125.72809812 123.1646512  126.5443591 ]";1997-12-07;1998-01-25
60;8;FT_rf_log;0.2726899876085516;28.571428571428573;0.24056652499895884;34.90395241451377;0.2404702100567524;30.41520943432089;[104.642293529721, 102.590741714887, 119.213571804314, 114.68963703314, 128.235139400316, 107.022619673856, 113.874276696476, 115.189374013677];"[139.16277925 155.77587212 164.02866181 166.80536396 114.47522228
 101.17031941  97.03854719  92.95207847]";1998-02-01;1998-03-22
65;8;FT_rf_log;0.09636307841702726;42.857142857142854;0.09897867845169372;19.5115638423634;0.09895091941689665;17.66339328195319;[190.570752235666, 163.282482903735, 161.454497632825, 181.286165176223, 203.445554971068, 180.063124671226, 174.855339295108, 194.437138348238];"[170.866694   182.17659173 179.54621583 163.22744726 171.19258867
 170.605622   172.64238896 171.80201459]";1998-02-01;1998-03-22
75;8;FT_rf_log;0.08520116377249881;42.857142857142854;0.08747219126444158;11.059983697113596;0.08743279339909221;9.730326189689697;[105.510257759074, 122.553918990005, 111.809573908469, 110.349815886376, 94.3976854287217, 124.053129931615, 117.872172540768, 120.476065228827];"[109.29573938 106.71294144 106.76268588 108.81357157 107.78742859
 107.77744342 106.79433856 109.58631088]";1998-03-29;1998-05-17
49;8;FT_rf_log;0.37291469479821615;71.42857142857143;0.30500547496947383;59.068947450348674;0.3049186757060295;54.28679955900581;[161.451247165533, 127.33843537415, 166.765873015873, 132.397959183673, 122.137188208617, 144.501133786848, 164.611678004535, 191.794217687075];"[181.28693367 202.82546202 228.162019   209.59157788 154.99750398
 205.08806499 246.58294931 216.75761803]";1997-10-12;1997-11-30
70;8;FT_rf_log;0.25533553152294575;57.142857142857146;0.2971559581547671;25.96356781282488;0.2969763712235114;24.691439497541793;[102.380326144135, 101.052077853761, 90.2814308258812, 92.0699631772751, 107.653866386112, 96.8569174118885, 91.8595476065228, 83.4692267227775];"[79.65815793 64.10978025 73.4887188  71.64465651 79.04705006 69.97051413
 58.05925503 72.11370744]";1998-02-01;1998-03-22
59;8;FT_rf_log;0.12116316936772979;100.0;0.11688453507293772;17.189088932368193;0.11683969850672593;15.484879398882702;[114.29510783798, 120.515518148343, 125.867964229353, 132.798527091005, 131.575486586007, 115.761128228251, 126.196738558653, 147.211993687533];"[101.92534723 103.55204597 128.10185603 148.70125801 146.13888054
 126.16767876 155.20835715 169.6396103 ]";1997-10-12;1997-11-30
60;8;FT_rf_log;0.26661427720289643;42.857142857142854;0.2581805746757218;36.30741560090732;0.25808436809612767;34.981068518113396;[165.255128879537, 167.648605996844, 182.943187795897, 121.948974224093, 120.410310362967, 104.024197790637, 106.378221988427, 101.867438190426];"[129.29782811 120.6813865  134.95114759 146.06782677 141.75039487
 138.19505353 132.73529846 144.8125566 ]";1997-12-07;1998-01-25
75;8;FT_rf_log;0.13083571589429516;57.142857142857146;0.14241701740902324;15.996334401529234;0.14234484088334995;14.056598338150621;[113.637559179379, 102.038400841662, 104.734350341925, 99.0794318779589, 108.153603366649, 102.446081009995, 98.1325618095739, 112.966859547607];"[ 87.65027347  90.27261001 109.00811836  90.87853683  85.64179643
  91.80260707  90.84952144  91.1801337 ]";1998-02-01;1998-03-22
65;8;FT_rf_log;0.16493903685070305;71.42857142857143;0.1582675791143613;31.55866434163932;0.15822227484756093;27.89205503653826;[208.061546554445, 199.039978958443, 219.463440294582, 163.216728037875, 125.889315922757, 159.166228300894, 170.462914255655, 171.620199894792];"[178.31473914 172.64434178 172.84923858 172.05718927 181.17112399
 180.74798418 185.36157451 191.39730844]";1997-12-07;1998-01-25
80;8;FT_rf_log;0.21355821338542322;0.0;0.1888687489959388;14.10130060598442;0.18872516037635506;12.434309641399611;[60.9153077327723, 68.5560231457128, 54.1688584955287, 60.8232509205681, 51.4334560757496, 74.9605470804839, 58.3377169910573, 68.3587585481326];"[74.83990098 66.18070846 76.80271262 69.78788825 71.57162938 65.12382968
 74.7493828  73.54827977]";1998-03-29;1998-05-17
75;8;FT_rf_log;0.2693398999201545;42.857142857142854;0.23857150784132963;24.785940726966118;0.23844508109918539;22.770521786700197;[117.569700157812, 108.666491320358, 132.601262493425, 79.8921620199894, 88.2430299842189, 64.8605996843766, 75.0416894795794, 82.2856391372961];"[102.60448727 101.47188463 101.56345473 105.10301892 102.12100653
 104.37686097 103.20729489 104.48148596]";1997-12-07;1998-01-25
65;8;FT_rf_log;0.16639355485239465;28.571428571428573;0.14878152198627057;30.94217807221787;0.14873940696768498;26.32601487873845;[152.62903907837, 146.015255128879, 150.678900352005, 167.648605996844, 178.39295107838, 169.969439643296, 187.66438716465, 212.26985796949];"[196.37905007 196.83806757 192.45611454 184.31498084 190.10252731
 199.16812248 193.72842523 201.65044854]";1997-10-12;1997-11-30
70;8;FT_rf_log;0.2605488800200914;57.142857142857146;0.21164039516263133;22.839325986297414;0.21151484687464261;17.9075693812587;[96.6859547606522, 101.341399263545, 99.5397159389795, 64.9526564965808, 57.8905839032089, 73.7375065754865, 81.4965807469752, 83.6796422935297];"[ 98.96964334  99.4839943  102.32822495  97.26833862 100.34432166
  99.77018502 100.02398738 100.68108983]";1997-12-07;1998-01-25
85;8;FT_rf_log;0.11248524784769116;42.857142857142854;0.10984258329106504;12.224583092988693;0.10978612459179399;10.710012528170855;[100.657548658601, 108.337716991057, 95.8442924776433, 96.2782745923198, 82.3119410836401, 93.1220410310364, 112.190952130458, 104.208311415045];"[103.23701897 100.03491397  84.35139315  90.28478905 106.13901378
 104.98114051  99.17254482  95.60144888]";1998-03-29;1998-05-17
60;8;FT_rf_log;0.12047548594226501;42.857142857142854;0.10726187211285072;18.951090861934663;0.10721963717432606;13.684536953705235;[125.39452919516, 95.7390846922671, 135.889005786428, 137.927406628091, 129.629142556549, 121.731670048345, 128.577064702788, 152.340873224619];"[135.68014596 141.17349198 136.04049521 139.28901978 139.74847684
 137.86572328 140.95894204 138.73296907]";1997-10-12;1997-11-30
80;8;FT_rf_log;0.07834082372220369;85.71428571428571;0.0772269805771936;5.200909114956972;0.07716365541620386;4.756284663846795;[71.8306154655444, 66.6491320357706, 64.3608627038402, 48.1194108364019, 72.6459758022093, 67.4250394529195, 60.0473435034192, 59.9158337716991];"[68.26684437 62.69386212 59.31433438 57.67105902 66.55281701 63.57009656
 62.18760227 63.76053312]";1998-02-01;1998-03-22
66;8;FT_rf_log;0.07867941694141353;28.571428571428573;0.0796329391363082;19.85082650333075;0.07961189747139974;15.10622720555089;[187.164650184114, 208.456075749605, 161.779689738424, 176.749079431878, 174.237243556023, 218.08258811152, 184.350341925303, 201.801683324566];"[188.75627217 188.7869292  192.45377525 181.48367515 181.00429802
 180.07188231 186.27730894 184.32604273]";1998-03-29;1998-05-17
70;8;FT_rf_log;0.08781525690721043;100.0;0.09325660432574905;10.73968876170106;0.09320823846322515;9.0051210624144;[105.48395581273, 88.0326144134666, 91.8463966333509, 102.393477117307, 110.323513940032, 104.00415821247, 91.4913203577065, 92.3855865334034];"[88.25893445 83.45147551 88.68145255 90.44654378 93.14896817 92.25533681
 88.58636442 95.68019423]";1997-10-12;1997-11-30
75;8;FT_rf_log;0.49519619374399465;14.285714285714286;0.3922464179036609;50.64234004044792;0.39208770125001674;48.747011391915734;[91.8595476065229, 90.7548658600737, 101.617569700158, 104.103103629669, 92.2277748553393, 102.70221186844, 100.512887953709, 104.405576012625];"[128.51443539 131.72630427 171.15508377 138.75033752 146.72634803
 137.09395771 169.97172226 154.22143968]";1997-10-12;1997-11-30
80;8;FT_rf_log;0.2572787562921354;42.857142857142854;0.23540850003866076;19.91712121701641;0.23524180226633337;16.960920077197002;[84.9815886375592, 77.2488164124145, 110.455023671752, 67.9510783798001, 54.1184911629039, 49.973698053656, 56.9963177275118, 59.4292477643346];"[77.93821492 71.7026939  73.42540535 73.84056851 75.89266357 76.48078155
 73.89929824 74.42376728]";1997-12-07;1998-01-25
85;8;FT_rf_log;0.2034923566826804;14.285714285714286;0.17460929982555445;21.085782265590286;0.1745184352850982;16.794784176868347;[81.7464492372435, 100.697001578117, 77.1721471334457, 78.1240569171733, 105.168332456602, 94.0426091530774, 85.9153077327722, 102.235665439243];"[107.40500693 106.74941997 119.46699352 102.28090635 101.32723874
 102.59276457 105.50832908 106.44699646]";1998-02-01;1998-03-22
61;8;FT_rf_log;0.1340873231388619;28.571428571428573;0.12027577019013423;22.64604216148811;0.12023222148568397;16.70015803133426;[113.256180957391, 157.969489742241, 158.850604944766, 151.998947922146, 107.890583903209, 167.267227774855, 154.563387690689, 142.635455023672];"[153.67192188 153.67343206 143.70949511 150.26553634 151.02005439
 150.36141892 149.23908997 149.29082218]";1998-03-29;1998-05-17
66;8;FT_rf_log;0.11338546987121496;28.571428571428573;0.10650721662309881;26.00366241469057;0.10647661937000998;18.736320966002904;[213.229879011047, 196.67280378748, 201.525512887954, 189.939505523409, 187.901104681746, 127.208140840064, 173.185165702262, 199.000526038927];"[173.04270262 202.73602171 187.77852562 184.6032069  186.45209063
 183.25391802 182.7862735  181.53953754]";1998-02-01;1998-03-22
71;8;FT_rf_log;0.10375240548220312;42.857142857142854;0.09880068605592003;13.42401677359445;0.09875674470668648;11.126951064619037;[113.164124145187, 115.097317201473, 102.340873224618, 108.561283534982, 96.7517096265124, 131.141504471331, 105.786428195687, 117.030510257759];"[103.459807   114.51731547 124.66283958 117.45791848 117.2737888
 116.21170474 116.96062171 117.91712618]";1998-03-29;1998-05-17
80;8;FT_rf_log;0.09692951062816285;57.142857142857146;0.10168905516671012;7.879887423935401;0.10161476591389632;6.992368901527908;[60.2840610205156, 56.3650710152552, 67.7012098895319, 81.6149395055234, 69.9237243556023, 75.4402444828535, 70.2656496580747, 76.2098895318253];"[61.63765746 61.87749813 62.22191221 69.10831417 64.14691379 63.41096731
 66.05594455 67.13867774]";1997-10-12;1997-11-30
76;8;FT_rf_log;0.12078288822200592;28.571428571428573;0.10913797723709553;17.9894888200106;0.10909306593646992;13.267760548147821;[118.503419253025, 131.141504471331, 117.306680694371, 108.140452393477, 98.2640715412941, 135.178853235139, 121.514992109416, 126.604418726986];"[124.08550059 125.25044891 125.11235413 134.34690171 137.85410757
 122.6816085  128.55043239 128.13852243]";1998-03-29;1998-05-17
61;8;FT_rf_log;0.08259383467976412;42.857142857142854;0.08314550886322092;13.437094844739462;0.08311609709605108;11.765198526333252;[128.274592319832, 135.244608100999, 144.91057338243, 144.936875328774, 159.061020515518, 142.872172540768, 148.776959495003, 147.356654392425];"[146.90294816 147.78132855 151.69452567 150.66255102 149.13751884
 146.02538564 124.85878972 133.904655  ]";1998-02-01;1998-03-22
85;8;FT_rf_log;0.286475935913289;71.42857142857143;0.28626826538605876;38.34351383504903;0.28614863822171915;34.72425646747345;[131.904260915308, 155.944239873751, 176.946344029458, 109.442398737507, 92.5039452919516, 89.9658074697526, 90.5576012624935, 100.512887953708];"[113.13095367 101.10851099 109.17828024 135.50216833 123.57336853
 112.10347069 114.53198501 133.68859997]";1997-12-07;1998-01-25
66;8;FT_rf_log;0.17749859404924223;57.142857142857146;0.17515288503830173;42.013779216057706;0.1751081372215196;34.48179053974634;[222.106785902157, 227.104155707522, 253.45870594424, 156.667543398212, 160.63913729616, 181.667543398212, 186.993687532877, 201.854287217254];"[215.7647818  156.9643142  199.52956412 188.85920858 224.63231342
 211.72864108 200.69853419 207.34683847]";1997-12-07;1998-01-25
71;8;FT_rf_log;0.10692007603251369;42.857142857142854;0.10711059384541986;14.910364446179287;0.10706317750098306;12.210152187339988;[111.204629142557, 102.301420305103, 146.317727511836, 111.099421357181, 128.840084166228, 110.086796422935, 103.730224335921, 91.3992635455024];"[110.78779801 118.87882623 125.12849714 107.51132755 103.72396815
 104.88976155 111.22325751 109.50273575]";1998-02-01;1998-03-22
81;8;FT_rf_log;0.10448777235890416;85.71428571428571;0.10447818719077588;11.804954899057362;0.1044201500365047;9.470208286431255;[92.0962651236192, 87.2435560231457, 101.95949500263, 79.9710678590215, 71.2388216728039, 108.94266175697, 102.459231983167, 89.452919516044];"[90.83558259 89.36550521 91.10088793 89.80796624 88.74747549 89.10520653
 88.53658311 89.03814831]";1998-03-29;1998-05-17
76;8;FT_rf_log;0.12478226104033323;28.571428571428573;0.11962046336257326;16.939017358435144;0.11957160357503757;14.675636277005056;[112.429906207617, 132.548658600737, 119.055760126249, 146.054708048395, 133.140452393477, 103.274592319832, 108.245660178853, 114.794844818517];"[132.20367263 131.02508604 127.24289073 120.03118005 124.9843471
 129.71729955 125.0196503  125.31913478]";1998-02-01;1998-03-22
66;8;FT_rf_log;0.08691707944456475;14.285714285714286;0.08880413280806015;24.897037968780214;0.08878375549115322;19.42587204721176;[201.580353340705, 219.095213045765, 195.002630194634, 265.228826933193, 210.58188135854, 196.994689511786, 194.331930562862, 231.78590215676];"[202.84526577 202.63130295 217.5490451  211.53773394 210.75849746
 211.99789683 217.51753271 208.71068176]";1997-10-12;1997-11-30
61;8;FT_rf_log;0.11390114596082287;71.42857142857143;0.11348330337057264;19.541397885672197;0.11344331831457227;16.149719869859226;[162.00683850605, 165.005260389269, 155.010520778538, 152.511835875855, 116.583377169911, 125.591793792741, 132.088374539716, 141.201998947922];"[135.34473144 140.41349771 133.68172249 150.31957892 149.45207481
 131.21709526 144.56523518 144.65397317]";1997-12-07;1998-01-25
85;8;FT_rf_log;0.1498335564721366;85.71428571428571;0.13890763604429246;16.47797001714065;0.13884239144805544;14.895348372652112;[94.0689110994213, 82.6670173592846, 105.35244608101, 127.630194634403, 104.839558127301, 92.8378264333964, 111.217780115728, 133.968963703314];"[110.50862574 111.70896006 115.55775221 116.9726497  114.86588346
 113.72816916 116.51244331 117.36201637]";1997-10-12;1997-11-30
71;8;FT_rf_log;0.15103297015779332;57.142857142857146;0.17721237932851797;41.71760689040754;0.17713823916694807;22.390410869538815;[90.110468174645, 118.766438716465, 209.416096791163, 101.354550236718, 75.5917937927406, 96.528143082588, 108.600736454498, 100.184113624408];"[93.23439407 97.56474798 95.61431641 95.57904114 92.06366679 95.82108235
 94.84566872 95.89773424]";1997-12-07;1998-01-25
81;8;FT_rf_log;0.08906793418915115;28.571428571428573;0.08958825645364209;9.594506360115838;0.08953741024781235;7.897979043231786;[94.9785648083537, 93.0825881115203, 87.7827459231984, 81.9437138348238, 94.58179905313, 90.3603366649132, 82.0226196738559, 86.9542346133614];"[98.11536211 75.83905364 92.43647379 85.24966463 84.88935851 85.69515058
 98.22900008 91.23404949]";1998-02-01;1998-03-22
71;8;FT_rf_log;0.1147732121423366;42.857142857142854;0.10880947730657621;12.953442301703575;0.10874823759859104;9.796140652271232;[99.7238295633876, 113.847974750131, 102.801157285639, 97.0147290899527, 64.6896370331404, 95.8768567921645, 85.7180431351921, 96.357180431352];"[93.74975023 91.8439052  99.28219542 93.58569321 90.63418702 92.11140167
 95.47655792 92.38272175]";1997-10-12;1997-11-30
61;8;FT_rf_log;0.15764723855002843;14.285714285714286;0.161095069954469;29.62369099651989;0.1610387968667558;23.11740539681093;[146.27827459232, 123.776959495003, 153.905839032088, 165.12585570788, 150.69923813818, 142.628566418677, 127.22251446607, 170.831141504471];"[150.4979419  171.68535456 161.37127895 109.41843225 125.59691894
 138.45088634 140.82677992 144.0770888 ]";1997-10-12;1997-11-30
86;8;FT_rf_log;0.0971459747166954;42.857142857142854;0.10457920771523307;17.64370100868024;0.10454086799765219;14.269262389313145;[151.394003156234, 149.842188321936, 126.43345607575, 128.971593897948, 127.288269331931, 152.998421883219, 144.923724355602, 139.584429247764];"[134.50841397 121.22556311 122.61341916 133.29116489 128.90737553
 122.55035903 127.63134706 128.43169878]";1998-03-29;1998-05-17
76;8;FT_rf_log;0.13061887844702783;57.142857142857146;0.13619206786368254;23.702517691409373;0.1361392365285772;17.645275063904755;[108.179905312993, 155.365597054182, 162.322461862178, 111.559705418201, 111.796422935297, 122.514466070489, 114.005786428196, 117.49079431878];"[127.93135492 112.90765599 120.68429879 127.28942545 129.53038096
 123.57741432 116.10967914 116.80666657]";1997-12-07;1998-01-25
67;8;FT_rf_log;0.1781942803016729;57.142857142857146;0.16120689498990703;54.69838219231567;0.16118138861430176;51.29136078718901;[317.043661230931, 353.103629668596, 291.504471330879, 316.675433982115, 232.77925167086, 295.673329826407, 309.692267227775, 301.591267753814];"[376.01157521 333.94939195 355.03867628 346.34243754 316.52227437
 353.57358183 364.25853936 344.38924703]";1998-03-29;1998-05-17
81;8;FT_rf_log;0.1505680358385928;57.142857142857146;0.14765448342119641;16.63981338425435;0.1475722497471661;13.358440830261694;[83.4429247764334, 104.471330878485, 115.86007364545, 72.4618621778012, 72.7511835875856, 80.0236717517096, 82.140978432404, 87.0988953182535];"[ 83.66444667  87.15660815  85.70674415  87.81714825  88.47294516
 102.52837295  85.61591844  89.220159  ]";1997-12-07;1998-01-25
72;8;FT_rf_log;0.35209604682191137;57.142857142857146;0.2650821976960509;49.89665928310593;0.2649771726039589;34.559420632324176;[120.436612309311, 118.069437138348, 105.128879537086, 97.4224092582851, 78.563913729616, 128.287743293004, 102.301420305103, 95.9100473435034];"[104.17324302 131.77978947 116.60436705 107.04209683 116.42317327
 125.5891702  213.64136429 169.41873907]";1998-03-29;1998-05-17
76;8;FT_rf_log;0.1827232183818766;71.42857142857143;0.15625273955671148;24.09193076621581;0.15618687657716293;18.622127098199037;[122.869542346134, 93.4113624408206, 133.890057864282, 140.149921094161, 125.749605470805, 112.276120337667, 89.1241451867439, 127.958968963703];"[135.16737369 129.53547875 136.84337767 142.81464864 135.26602135
 136.3545302  137.39628321 141.02902697]";1997-10-12;1997-11-30
62;8;FT_rf_log;0.07358576316830442;71.42857142857143;0.06527824253801748;11.057156046572551;0.06524379368189885;6.217011555713134;[100.473435034193, 109.573908469227, 101.604418726986, 96.1730668069437, 74.9342451341399, 103.932140978432, 112.966859547607, 105.68122041031];"[104.01240545 103.35102687 100.57061196  98.75586927 105.02610628
 106.06003214 110.40377552 107.25601528]";1998-03-29;1998-05-17
67;8;FT_rf_log;0.22887838682182418;85.71428571428571;0.2678716235317993;85.59919020576775;0.2678244093631039;76.6696264247176;[352.104155707523, 331.259863229879, 317.793266701736, 314.0978432404, 372.225144660705, 354.116254602841, 334.179379274066, 302.538137822199];"[302.57136167 300.42307681 281.9180053  191.51166518 280.91422575
 210.90378737 275.38300774 221.33190402]";1998-02-01;1998-03-22
72;8;FT_rf_log;0.14194064911982407;57.142857142857146;0.12655590266913377;18.533478775967072;0.1265017496561812;14.92060815411256;[123.619147816938, 110.994213571804, 123.395581273014, 142.162019989479, 125.867964229353, 116.491320357706, 114.005786428196, 84.4292477643346];"[139.12454909 130.6174785  121.77860777 130.25270092 135.72989634
 125.25271515 125.09152666 125.43008708]";1998-02-01;1998-03-22
86;8;FT_rf_log;0.09086487819977437;57.142857142857146;0.09806945585534345;17.861731535406637;0.09803328164726766;13.344329261951035;[162.151499210942, 129.458179905313, 122.470361106042, 124.263545502367, 144.64755391899, 118.437664387165, 117.661756970016, 153.8532351394];"[131.25296267 118.19732262 124.81473691 130.18279327 122.48305121
 114.68725361 117.66562092 123.44039588]";1998-02-01;1998-03-22
81;8;FT_rf_log;0.42671003408873615;42.857142857142854;0.30601167399616136;53.5875110607447;0.3058725050634765;35.75554160791495;[70.3182535507628, 74.184639663335, 82.8379800105207, 90.4918463966333, 87.7564439768542, 85.3692292277247, 84.797475013151, 99.0794318779589];"[104.0421125   92.42319196  89.04132536 108.72324558 223.91797291
 124.70854213 117.06327679  97.19889841]";1997-10-12;1997-11-30
62;8;FT_rf_log;0.11130124360278743;28.571428571428573;0.1210893233903176;14.624627786745636;0.12102655652509241;11.705338021760982;[94.4371383482378, 88.8085218306155, 113.729615991583, 112.848500789059, 104.155707522357, 92.3329826407154, 90.9915833771699, 99.5791688584955];"[82.56493797 87.92400396 95.17390619 84.22039919 86.5790692  88.58945859
 95.47752014 91.68309347]";1998-02-01;1998-03-22
77;8;FT_rf_log;0.09478731761124272;42.857142857142854;0.09490421179112223;16.857725278943086;0.09487075834777932;13.550247483921995;[150.078905839032, 153.274592319832, 131.91741188848, 133.732246186218, 113.834823776959, 173.066806943714, 156.299316149395, 146.133613887428];"[149.82038175 144.77857612 146.31819831 143.39312171 136.82006461
 138.58418429 144.15839918 140.1566167 ]";1998-03-29;1998-05-17
86;8;FT_rf_log;0.12398617054264778;71.42857142857143;0.12101840720672138;20.36200760027272;0.1209719089831107;15.89700858078154;[154.905312993161, 116.964755391899, 140.018411362441, 121.870068385061, 118.332456601789, 114.676486059968, 124.395055234087, 145.423461336139];"[130.21390131 124.170234   129.68138431 164.0249694  132.48978758
 118.62879136 100.85639927 144.28450328]";1997-12-07;1998-01-25
72;8;FT_rf_log;0.23864898399060547;71.42857142857143;0.22301121830652632;41.15641365667379;0.2229338248494127;33.09409393589356;[174.132035770647, 154.537085744345, 236.112572330352, 152.643345607575, 119.950026301946, 114.886901630721, 102.774855339295, 107.837980010521];"[162.45076196 142.16114065 150.40239881 159.51120518 146.88929921
 142.43868438 149.63765505 154.60162413]";1997-12-07;1998-01-25
67;8;FT_rf_log;0.1356322361916852;71.42857142857143;0.12310753635401937;48.597460142119104;0.12308694125896626;37.10011768094806;[338.282482903735, 327.932667017359, 382.732772225145, 224.684376643872, 255.365597054182, 302.603892688059, 304.182009468701, 314.873750657549];"[319.91594039 308.96502656 326.38071419 329.84738826 314.07601824
 314.71778994 318.04831459 328.13481592]";1997-12-07;1998-01-25
77;8;FT_rf_log;0.05921051435955585;71.42857142857143;0.05972264756255737;10.162844356924104;0.05970167470487371;8.5318823354435;[146.251972645976, 134.652814308259, 125.3287743293, 138.479747501315, 165.833771699106, 146.856917411889, 142.267227774855, 127.511835875855];"[143.23845609 147.81788023 127.07119903 133.10246445 146.86213478
 135.31250027 137.73500128 137.42032378]";1998-02-01;1998-03-22
62;8;FT_rf_log;0.25210519466296416;42.857142857142854;0.21968000043406014;25.718890168616465;0.2195717795970571;22.420159009905767;[117.069963177275, 108.74539715939, 131.970015781168, 84.2582851130984, 81.9042609153077, 80.1946344029458, 82.7327722251448, 83.1930562861651];"[109.11057741 116.98726125 106.90982895  89.78383955 120.19742099
 111.97310629 119.99815032 108.43032717]";1997-12-07;1998-01-25
82;8;FT_rf_log;0.13872787961478494;28.571428571428573;0.1323681242506557;36.690106840925964;0.13233771401551547;29.073899485595685;[202.301420305103, 234.061020515518, 232.009468700684, 219.31877958969, 158.074697527617, 263.729615991584, 237.940557601263, 267.88532351394];"[231.81487346 229.81755328 221.31141066 212.82346965 228.13927726
 218.89220009 221.55848984 217.52847938]";1998-03-29;1998-05-17
86;8;FT_rf_log;0.1376352477294827;42.857142857142854;0.13443804405714713;22.503949624536844;0.13438870345131684;18.486505447379187;[119.292477643346, 132.469752761704, 140.807469752762, 160.915307732772, 104.089952656497, 143.167756318729, 137.756443976854, 176.643871646502];"[132.26737205 142.2253372  120.03772171 137.55257444 144.15377654
 136.89139375 138.29999308 142.4985238 ]";1997-10-12;1997-11-30
72;8;FT_rf_log;0.16146989139648027;71.42857142857143;0.14575012981954188;21.07787998990844;0.14569089497361493;18.065910618318945;[111.980536559705, 93.1746449237245, 115.110468174645, 137.40136770121, 116.162546028406, 109.869492247188, 126.854287217254, 163.098369279327];"[123.76994929 133.67437642 135.65682817 139.03727903 132.68851878
 134.87187981 136.37293723 144.0895102 ]";1997-10-12;1997-11-30
82;8;FT_rf_log;0.15721472943923648;0.0;0.14707780277756735;38.27062488244144;0.1470407849864372;29.425406102228227;[238.124671225671, 138.992635455024, 205.063124671226, 204.274066280905, 238.019463440295, 214.03208837454, 228.603366649132, 207.403997895844];"[196.75846065 219.57672474 193.62563003 214.3797279  195.03808203
 207.10962435 191.76282901 212.5694075 ]";1998-02-01;1998-03-22
67;8;FT_rf_log;0.16144114476925878;71.42857142857143;0.14203728509428293;49.815628064794396;0.14201102382882383;38.503195604934454;[239.768542872172, 240.099553761536, 305.010520778538, 215.960331177886, 325.841662283009, 232.160391773753, 294.397685428722, 310.928458705944];"[306.72063863 263.48427082 316.0770735  312.76392189 317.7552671
 300.38483797 272.71468237 299.10369454]";1997-10-12;1997-11-30
77;8;FT_rf_log;0.11386319114760288;71.42857142857143;0.1107031451775073;19.762870097651867;0.11066330283119466;15.510956326531252;[134.758022093635, 139.058390320884, 180.260389268806, 136.467648605997, 111.586007364545, 123.264071541294, 127.077853761178, 131.746449237243];"[137.81000442 138.47240538 141.1213089  149.29395265 140.91144082
 141.73238012 138.73072017 140.78413972]";1997-12-07;1998-01-25
62;8;FT_rf_log;0.19666492411529973;42.857142857142854;0.2188674089986578;23.484962170325243;0.21874669101418104;20.120249766587033;[87.0988953182536, 90.2682798527091, 100.3287743293, 108.653340347186, 95.6733298264072, 103.017835224569, 90.7943187795897, 127.261967385587];"[106.00810756  69.82841532  85.50395117  84.2548724  101.03394101
  98.52570325  62.9587039   82.56069517]";1997-10-12;1997-11-30
87;8;FT_rf_log;0.567733333188996;42.857142857142854;0.40869464523357824;36.43957332118351;0.40843216857736026;32.60981797281055;[54.1294055760126, 61.7438190426091, 38.5718043135192, 48.7506575486586, 89.5844292477644, 113.637559179379, 120.213045765387, 113.755917937927];"[102.35761808  97.70181879  94.44152068  96.45683136  94.29105027
  93.61308389  93.49105736  92.0925613 ]";1998-03-29;1998-05-17
73;8;FT_rf_log;0.15812234878835932;42.857142857142854;0.17459972110633576;19.697135812936448;0.17451099493090066;17.233350527910893;[105.878485007891, 106.167806417675, 117.674907943188, 96.4360862703839, 82.6407154129406, 123.277222514466, 100.749605470805, 97.0804839558126];"[89.06522928 88.47392308 89.93261119 86.0860242  87.19332771 87.10703062
 87.74454088 85.5410464 ]";1998-03-29;1998-05-17
82;8;FT_rf_log;0.13319437405089082;0.0;0.13450628273906312;32.12373153487297;0.134473441297626;27.656064722737717;[219.200420831142, 223.934771173067, 190.781167806418, 245.055234087322, 194.410836401894, 194.963177275118, 192.043661230931, 206.220410310363];"[209.93654582 166.72918192 215.89044535 215.24005764 217.89255033
 172.30016927 239.75975217 212.21419695]";1997-12-07;1998-01-25
68;8;FT_rf_log;0.09383211945316772;57.142857142857146;0.0959064775085153;12.740902862639839;0.09586448755577279;11.014031689537546;[124.289847448711, 135.152551288795, 120.226196738559, 119.765912677538, 92.0042083114152, 127.840610205155, 107.219884271436, 119.963177275118];"[108.50321865 118.00114123 115.4570761  116.73209142 108.35834327
 108.00942418 112.88808986 114.44543108]";1998-03-29;1998-05-17
63;8;FT_rf_log;0.13513979825813222;57.142857142857146;0.1399799898108119;14.347283549475502;0.13989264043665653;11.275001092224517;[81.4965807469753, 101.775381378222, 62.3356128353498, 73.5270910047343, 77.3934771173068, 89.3871646501842, 90.3471856917412, 79.1688584955286];"[82.82391529 72.29777675 79.60787312 80.14094672 81.30402792 72.53850189
 79.36371149 75.40259268]";1998-03-29;1998-05-17
77;8;FT_rf_log;0.0845720745394953;85.71428571428571;0.08982160326634608;14.556392391563088;0.08978828992289559;12.133628866960105;[134.429247764334, 146.948974224093, 134.100473435034, 147.488164124145, 134.981588637559, 131.252974624884, 131.706996317728, 155.996843766439];"[132.14032252 136.90554436 119.10456923 128.77185209 129.42640898
 120.75686707 125.64913812 127.0815296 ]";1997-10-12;1997-11-30
87;8;FT_rf_log;0.24894482161278508;71.42857142857143;0.20123810139791545;40.377103615623476;0.20115204641276135;25.477594592988382;[125.587141747809, 123.619147816938, 123.776959495003, 74.7379944437883, 80.2889277752131, 118.661230931089, 114.73132651272, 103.89492461898];"[112.10634371 225.69231108 121.00777257 107.41795485 114.63435965
 123.64491133 113.93504679  91.20266851]";1998-02-01;1998-03-22
68;8;FT_rf_log;0.1047383564518623;14.285714285714286;0.11152564869292568;14.130427475552448;0.11147330588830227;11.914512476121205;[116.25460284061, 106.679538815351, 111.638611257233, 98.4613361388742, 125.631246712257, 114.03208837454, 115.334034718569, 114.55812730142];"[101.37515111 112.81826243  86.5399683  107.71752288 106.12075545
 112.00908069 111.97913099  99.50343521]";1998-02-01;1998-03-22
73;8;FT_rf_log;0.07145401653177728;57.142857142857146;0.07045412334316752;7.953640433216934;0.0704149198391236;6.335983992760225;[99.8684902682798, 86.4281956864808, 98.185165702262, 80.7206733298264, 85.4944765912677, 92.7143608627038, 91.5176223040504, 81.1305900582222];"[85.42629917 95.26282217 95.94756803 83.99127688 94.51462858 91.71558888
 90.61437758 92.11127452]";1998-02-01;1998-03-22
82;8;FT_rf_log;0.2701546779572772;28.571428571428573;0.22230878911976265;55.90827553553408;0.22225313898401733;44.69936334453849;[195.252498684903, 152.327722251446, 206.273014203051, 229.050499736981, 199.434508153603, 128.779436112513, 250.683850604945, 234.942135718043];"[207.88183247 224.02138959 251.16028207 181.8099791  230.50907118
 246.63421749 228.03456775 225.37664585]";1997-10-12;1997-11-30
63;8;FT_rf_log;0.1631111798768135;28.571428571428573;0.15840840084170354;15.616726673566621;0.15830715583975202;12.491379238838576;[102.866912151499, 77.1041557075224, 72.2382956338769, 67.1379546031985, 87.46712256707, 58.5875854813256, 77.4855339295108, 75.4339821146765];"[74.69478884 78.44542253 76.08170532 88.31667012 72.27501244 77.27202907
 78.44772647 85.99075443]";1998-02-01;1998-03-22
87;8;FT_rf_log;1.260038018647463;57.142857142857146;0.5367771661065011;57.25596765000784;0.5364483475416648;45.09272831478024;[137.059442398738, 149.86849026828, 85.3366649132035, 28.9058390320883, 22.1593897948448, 51.8937401367701, 91.7411888479748, 101.69647553919];"[133.48205082 129.84190419 128.37943952 128.37139423 120.05927993
 113.42354873 115.51394867 113.12353605]";1997-12-07;1998-01-25
73;8;FT_rf_log;0.1106544444325954;57.142857142857146;0.10779320288575898;12.017564019460796;0.10773676482990192;10.376054977236173;[87.9931614939505, 98.9216201998949, 124.053129931615, 90.0184113624407, 89.2951078379801, 80.2472382956338, 85.652288269332, 86.5619419782642];"[ 98.30366165  94.77119924 101.62653251  94.32302781  93.45958234
  96.05671849  98.07907214  95.97750824]";1997-12-07;1998-01-25
78;8;FT_rf_log;0.08993659412342539;14.285714285714286;0.09399268386810809;12.864455302430404;0.09395133034400296;10.693182090174068;[119.187269857969, 118.621778011573, 120.449763282483, 131.614939505523, 99.8290373487638, 120.620725933719, 105.247238295634, 109.481851657023];"[111.51734619 111.18605906 109.02525851 104.46379423 111.14013416
 106.97210727 110.12610716 107.45627196]";1998-03-29;1998-05-17
68;8;FT_rf_log;0.25046516971537675;14.285714285714286;0.24138097284240415;40.19401859051524;0.24129298725826684;33.94703230472304;[169.016307206733, 177.196212519726, 211.349289847449, 121.67280378748, 96.8043135192004, 117.148869016307, 116.504471330878, 96.3822597248614];"[145.55977667 144.6191811  129.92552632 135.67779121 149.64235604
 130.2807215  138.24081893 128.78996265]";1997-12-07;1998-01-25
83;8;FT_rf_log;0.10879927123193485;71.42857142857143;0.11682924275014603;20.057613971207054;0.11678483609542886;15.449795184379932;[129.642293529721, 133.153603366649, 149.894792214624, 117.438190426092, 108.153603366649, 164.62388216728, 122.514466070489, 134.402945817991];"[121.42624258 118.87107154 121.3419256  120.44377836 120.83655627
 122.22918797 120.75541016 121.69832469]";1998-03-29;1998-05-17
73;8;FT_rf_log;0.2367217164353772;71.42857142857143;0.20527358238410826;22.3619460028111;0.20516983834216823;20.379219601961648;[83.114150447133, 88.9663335086796, 103.971593897948, 71.462388216728, 93.7006838506049, 101.334510658551, 91.8858495528669, 100.644397685429];"[111.92268172 113.75965941 112.31613371 108.43328495 113.33693021
 115.01230275 113.2985155  110.03415639]";1997-10-12;1997-11-30
63;8;FT_rf_log;0.2708812335572164;42.857142857142854;0.2729529491565418;27.707474105618314;0.27278117462704277;22.27756756072362;[89.9263545502366, 87.3750657548658, 132.956338769069, 67.8853235139401, 52.2225144660705, 58.035244608101, 83.7322461862177, 92.3066806943714];"[67.05718078 74.67169051 70.54523629 81.6107204  77.56408978 82.29505847
 75.3668822  83.76194176]";1997-12-07;1998-01-25
68;8;FT_rf_log;0.16030693787920405;71.42857142857143;0.1687623587457571;25.919451978502117;0.16870239518874822;23.842464768008305;[121.67280378748, 174.381904260915, 154.95791688585, 160.718043135192, 130.35244608101, 125.650660053606, 129.287217254077, 162.098895318254];"[139.74652576 141.95609884 111.98171164 138.23242744 142.41942302
 139.57003471 146.12667063 130.14633048]";1997-10-12;1997-11-30
87;8;FT_rf_log;0.14249425435878826;57.142857142857146;0.15025681508743238;20.11971173751818;0.1501929919540252;17.739580170933188;[137.638085218306, 133.903208837454, 98.9370077331301, 116.899000526039, 123.947922146239, 136.329250269282, 128.208837453972, 126.341399263546];"[110.29158278 118.42664369 122.26549302 115.31937198 117.76341861
 120.1198016  107.88889023  94.86983875]";1997-10-12;1997-11-30
78;8;FT_rf_log;0.08855409327593572;85.71428571428571;0.09457798169585702;12.693516307645782;0.09453443403470302;10.30477190649505;[120.213045765387, 104.168858495529, 120.502367175171, 99.4871120462915, 126.82798527091, 108.627038400842, 98.844950920926, 107.088374539716];"[104.82461637  91.43294829 104.41837458 101.99524835 103.77188287
  99.34225532  99.66815753 104.53075988]";1998-02-01;1998-03-22
63;8;FT_rf_log;0.1336498202302227;71.42857142857143;0.11826842069363105;12.5020475257692;0.11819095254294354;9.058504252376434;[66.6754339821147, 60.5865334034719, 79.1688584955287, 85.3366649132036, 69.0689110994213, 85.3560782545527, 71.2782745923199, 94.4108364018938];"[74.47366721 87.57124814 79.82069284 85.34422412 82.38647876 86.97943888
 86.62971746 87.67751506]";1997-10-12;1997-11-30
83;8;FT_rf_log;0.07048108971795916;71.42857142857143;0.07387841358144298;10.062527872402606;0.07384643231755547;8.571009905709952;[114.189900052604, 119.266175697002, 114.479221462388, 110.099947396107, 136.507101525513, 124.329300368227, 111.09942135718, 123.001052077854];"[115.22198786 112.32885007 106.35600312 100.21690049 115.66007674
 116.18921027 102.92358071 117.57160705]";1998-02-01;1998-03-22
69;8;FT_rf_log;0.16537300600504862;42.857142857142854;0.14695786786065126;20.68665685555311;0.14689596123169557;17.47020801068505;[121.988427143609, 121.988427143609, 108.035244608101, 107.259337190952, 91.7937927406628, 125.302472382956, 121.501841136244, 109.928984744871];"[129.16120173 128.55255958 128.0467536  130.30491513 133.45806367
 133.39278208 133.39207112 131.25184428]";1998-03-29;1998-05-17
74;8;FT_rf_log;0.11902919667819079;28.571428571428573;0.11148759762128288;13.766663938322123;0.11143417864622543;11.721971527195604;[128.39295107838, 121.357180431352, 104.826407154129, 102.840610205155, 80.41820094687, 114.176749079432, 109.07417148869, 94.3450815360337];"[114.07514675 114.71493685 112.35383398 114.0687495  107.80546872
 106.07558822 106.72265195 110.56529156]";1998-03-29;1998-05-17
88;8;FT_rf_log;0.7094923846722392;28.571428571428573;0.48418659499847744;37.23229924457235;0.48384494870201655;34.76589503442775;[73.5007890583903, 57.7590741714887, 34.3503419253025, 41.5702261967386, 46.8043135192004, 67.1488690163072, 73.224618621778, 71.9884271436086];"[92.64460489 96.03133315 88.43348317 86.59702091 98.07358878 94.68126444
 93.23982238 94.77270222]";1998-03-29;1998-05-17
78;8;FT_rf_log;0.1205551398139984;42.857142857142854;0.12493186769642328;18.730916286358124;0.12487615519887055;14.16658885190696;[108.534981588638, 114.742240925828, 151.196738558653, 124.105733824303, 93.0168332456601, 95.0420831141505, 95.2788006312467, 102.774855339295];"[100.76554297 112.27965379 107.61778378 106.30032314 108.47416375
 104.81804477 108.70913641 105.827547  ]";1997-12-07;1998-01-25
83;8;FT_rf_log;0.25282408632139486;71.42857142857143;0.21833074523692625;26.070384729685006;0.21822994884329602;23.71728216603705;[107.259337190952, 81.0516842191901, 135.257759074172, 96.2914255654919, 108.258811152025, 100.289321409784, 85.9679116254603, 96.2388216728037];"[120.10655215 121.74823809 122.46760502 115.10856699 122.85963809
 120.85385731 125.80751376 125.82104972]";1997-12-07;1998-01-25
64;8;FT_rf_log;0.1288387747337124;42.857142857142854;0.13868277214210348;30.211966734430884;0.1386461225929968;26.30214593748435;[199.566017885324, 186.809573908469, 203.971593897948, 191.083640189374, 160.178853235139, 230.852183061546, 204.734350341925, 205.812730142031];"[183.2770932  183.74695185 175.29420929 168.11352742 177.33155623
 173.76418279 172.33700412 173.03265624]";1998-03-29;1998-05-17
74;8;FT_rf_log;0.09299013000303287;57.142857142857146;0.08981884137914331;12.437713843369853;0.08977883875970348;10.125308396697006;[104.642293529721, 119.226722777486, 95.6721071735725, 109.876380852183, 117.6223040505, 98.9084692267228, 134.731720147291, 117.135718043135];"[116.68777833 124.75530039 113.36095607 109.76492886 116.45182652
 117.00179676 115.51921051 109.98392887]";1998-02-01;1998-03-22
88;8;FT_rf_log;1.150258403776847;42.857142857142854;0.6650940328222088;93.44360623978415;0.6648090080011635;80.21016417757849;[74.7764334560758, 67.1225670699632, 70.1998947922146, 64.0320883745397, 77.617043661231, 70.4629142556549, 71.0810099947397, 82.3908469226723];"[ 63.33444487 127.53738291 213.39968533 229.59380079 151.15796822
 141.94602181 150.37614838 119.13468247]";1998-02-01;1998-03-22
69;8;FT_rf_log;0.08296288033036282;71.42857142857143;0.08745049771788027;12.72938196101532;0.08741410991758175;10.536906642674548;[118.884797475013, 119.568648079958, 120.278800631247, 112.046291425566, 136.309836927933, 120.817990531299, 116.741188847975, 137.440820620726];"[102.75292675 114.64922896 128.64065925 114.69518387 113.46798294
 110.8943233  114.91926823 119.79505022]";1998-02-01;1998-03-22
83;8;FT_rf_log;0.1128316799132937;14.285714285714286;0.10326006017804727;15.960949330600187;0.10321794976427218;12.672058414394849;[120.725933719095, 110.849552866912, 119.187269857969, 126.906891109942, 134.179379274066, 116.839508028356, 101.459758022094, 125.946870068385];"[121.25966269 132.5736072  133.4370802  131.85268508 128.41585597
 131.14891335 133.75987498 133.49690418]";1997-10-12;1997-11-30
74;8;FT_rf_log;0.19566043746421752;42.857142857142854;0.18402120789973586;27.316294053903075;0.1839501740808377;24.008001106442563;[138.466596528143, 143.648079957917, 175.381378221988, 119.345081536034, 108.824302998422, 107.3776959495, 107.916885849553, 109.547606522883];"[136.95052959 135.22267671 128.47877246 141.73104548 138.23812396
 136.74041298 133.11219707 138.40972626]";1997-12-07;1998-01-25
78;8;FT_rf_log;0.11877172364335449;71.42857142857143;0.11040493049903134;13.570494959355457;0.11035195446726291;11.547915606852907;[95.8837453971595, 84.4423987375066, 107.285639137296, 109.771173066807, 94.7418472912574, 106.174068785852, 119.568648079958, 100.252105050332];"[120.38428486 102.93123054 112.64935724 114.3056852  111.91327952
 110.38461171 108.90221402 107.69941918]";1997-10-12;1997-11-30
69;8;FT_rf_log;0.1901231496695385;57.142857142857146;0.18034949804055117;24.573596038055303;0.18027879949999837;23.18213646614105;[141.714886901631, 151.749079431878, 168.332456601788, 106.575486586007, 103.629668595476, 105.576012624934, 117.148869016307, 114.137296159916];"[133.24889579 130.79431251 132.01073683 130.59042907 133.40795093
 135.18436654 134.46457054 133.13462983]";1997-12-07;1998-01-25
64;8;FT_rf_log;0.07625753598994159;57.142857142857146;0.07296171245541475;18.180865771924825;0.07294085622214844;12.828511258369097;[164.455156076107, 183.863755917938, 195.002630194634, 180.247238295634, 203.8532351394, 195.397159389795, 180.010520778538, 142.282615308091];"[175.62146554 186.47945734 187.58187145 179.1136235  177.41502805
 184.48129374 182.5516477  182.67912128]";1998-02-01;1998-03-22
88;8;FT_rf_log;0.4563103055052538;28.571428571428573;0.2920939716761712;22.24790373117598;0.2918133346289701;15.556556262198507;[83.8900578642821, 76.0126249342452, 79.7211993687532, 31.3913729615992, 26.1309836927933, 43.2140978432404, 67.924776433456, 69.0150845538987];"[79.7390317  84.74445687 84.65214214 68.72149585 68.74599477 68.31223306
 69.49622545 68.99115353]";1997-12-07;1998-01-25
74;8;FT_rf_log;0.08697877539688638;57.142857142857146;0.08463641994462326;12.220458211950387;0.08460367723361621;10.959606748311764;[120.765386638611, 116.631030809659, 115.215675960021, 140.294581799053, 126.657022619674, 122.178803136194, 122.225144660705, 149.158337716991];"[131.11631365 122.95953586 136.51630549 131.28557213 130.29154088
 130.0365329  134.42470556 132.16236392]";1997-10-12;1997-11-30
69;8;FT_rf_log;0.041213584819351654;57.142857142857146;0.040242885842956475;5.910366548585915;0.04022786137718928;5.390053022522814;[130.168332456602, 126.933193056286, 138.032614413466, 132.877432930037, 127.814308258811, 129.096215024674, 132.088374539716, 140.426091530773];"[131.82612586 134.4687883  141.30342603 140.08715496 136.37042566
 135.08392407 138.60841564 138.04345718]";1997-10-12;1997-11-30
84;8;FT_rf_log;0.16593794209024426;42.857142857142854;0.15016845517579147;15.179479558861336;0.15008101097368964;12.983362064117996;[87.8748027354024, 96.3834823776959, 81.9042609153076, 77.6170436612309, 64.7159389794845, 86.8490268279853, 95.1472908995265, 75.6706996317728];"[105.39039622  93.56341625  87.66465056  99.5509624   83.26703867
  83.17879379  85.11027875  99.24928326]";1998-03-29;1998-05-17
64;8;FT_rf_log;0.270224840086879;57.142857142857146;0.24533218036030013;50.88541527119857;0.24526609997105597;45.94888836711762;[161.167412783104, 129.313519200421, 261.533403471857, 158.705944239874, 163.269331930563, 163.348237769595, 169.765912677538, 179.747501315097];"[211.79577569 201.02496204 177.66917075 177.02438154 200.11179513
 214.72272911 205.52866856 198.83642206]";1997-12-07;1998-01-25
88;8;FT_rf_log;0.264152598481521;14.285714285714286;0.22324715380869828;23.30033292009422;0.22312258828055695;20.05578642549117;[86.599158337717, 71.1336138874277, 81.3256180957391, 86.5334034718569, 67.3066806943715, 88.0783297011598, 74.9342451341399, 84.7711730668068];"[101.43821944 110.11236459  92.0199581   84.30092567  94.26607646
  99.85344465 109.77289737 104.8996719 ]";1997-10-12;1997-11-30
79;8;FT_rf_log;0.15286395221254584;85.71428571428571;0.1549242884141278;26.224392574640067;0.1548721312317941;23.186701037326443;[173.277222514466, 184.784324039979, 177.367175170963, 149.658074697527, 114.781693845345, 176.065228826933, 152.130457653866, 153.208837453972];"[162.71282684 163.27712476 134.984539   158.16233448 155.91182917
 163.53963156 124.88024757 131.57966275]";1998-03-29;1998-05-17
95;8;FT_rf_log;0.051041123784659276;57.142857142857146;0.05048245563768862;9.855224167359125;0.050466755024572874;8.123252037163628;[154.589689637033, 164.308258811152, 165.281430825881, 160.849552866912, 157.482903734877, 178.143082588111, 147.356654392425, 153.406102051552];"[150.8367988  156.69269402 163.49128266 162.40757433 163.59667186
 162.72966098 164.10279975 165.402158  ]";1998-03-29;1998-05-17
90;8;FT_rf_log;0.12460535894715066;57.142857142857146;0.11782967151929782;13.737746619471835;0.11776683258615925;11.216997462049871;[111.401893740137, 99.7106785902157, 96.0415570752236, 95.6601788532352, 67.1488690163072, 109.179379274066, 108.311415044713, 98.10625986323];"[ 96.3975848  117.46401483  96.93612647  88.38949895  93.18411853
  95.97114456 100.54736385  96.30071006]";1998-03-29;1998-05-17
84;8;FT_rf_log;0.15067932504776263;42.857142857142854;0.1529147618110491;17.552514313255486;0.15283159039360977;14.16985952059942;[118.003682272488, 103.616517622304, 91.6096791162546, 88.9926354550237, 94.4765912677538, 70.8837453971594, 75.7364544976328, 110.849552866912];"[ 82.86094436 105.3210554  100.18619786  93.57479429  85.63059243
  92.86962566  87.42445148  90.01650605]";1998-02-01;1998-03-22
64;8;FT_rf_log;0.07866231613090088;71.42857142857143;0.08034841981978988;19.54035643472078;0.08032702746096396;15.19036780518418;[176.394003156234, 159.07417148869, 199.881641241452, 196.935823250921, 192.701209889532, 165.471806818466, 172.082720515876, 230.378748027354];"[178.92098918 178.25702522 180.14850078 188.81188917 196.27715623
 176.86672892 185.43337664 186.74424444]";1997-10-12;1997-11-30
95;8;FT_rf_log;0.23055322879911283;85.71428571428571;0.26168256733096384;34.51383166170638;0.2615810531612515;33.74026025398632;[140.084166228301, 138.940031562336, 152.880063124671, 142.122567069963, 144.160967911626, 139.150447133088, 146.34402945818, 158.74539715939];"[114.9129688  112.49658168 113.38194153 112.15229656 111.72013448
 108.52334376 109.36204459 109.95627621]";1998-02-01;1998-03-22
89;8;FT_rf_log;0.1673502797186383;42.857142857142854;0.14915205644128615;24.848491874944028;0.14909759980568266;20.481170399019973;[135.96791162546, 143.161493950552, 123.474487112046, 121.357180431352, 107.627564439769, 148.724355602314, 142.240925828511, 124.355602314571];"[132.78506468 141.06019245 161.33482038 155.55040958 141.38599962
 138.52339087 154.20539455 154.94338601]";1998-03-29;1998-05-17
79;8;FT_rf_log;0.13594748432203207;42.857142857142854;0.12298477211123285;26.332050187697245;0.12294312375503443;18.421768582402965;[133.784850078906, 166.241451867438, 147.606522882693, 174.473961073119, 193.240399789585, 152.498684902683, 101.657022619674, 156.680694371384];"[134.06353951 151.62057153 156.75389526 163.26200659 153.57781696
 157.20346302 160.36683935 165.71876872]";1998-02-01;1998-03-22
90;8;FT_rf_log;0.10663428004401207;71.42857142857143;0.10838805887387179;11.099510485217726;0.10832993239003157;10.152008966810365;[99.6843766438716, 104.379274066281, 86.3492898474487, 77.590741714887, 107.732772225145, 91.7280378748027, 101.249342451341, 85.5733824302999];"[ 86.11376411 112.73877866  95.31350378  88.74658773  89.70677837
  89.04726847  88.53786309  91.32103446]";1998-02-01;1998-03-22
84;8;FT_rf_log;0.14636615806768336;57.142857142857146;0.14204549595807733;17.42354647712352;0.14197160645364526;13.84834737190172;[103.642819568648, 116.806943713835, 130.326144134666, 103.866386112572, 74.6712256706997, 101.43345607575, 79.5765386638611, 79.9447659126775];"[104.9728653  104.5182994   96.54089075  97.72898416  95.44698695
 101.14504876  95.37680864 100.32576094]";1997-12-07;1998-01-25
89;8;FT_rf_log;0.09375778171024204;42.857142857142854;0.09136981843369835;18.526341069540567;0.09133759818207594;13.024833827164583;[160.270910047344, 159.245134139926, 142.859021567596, 131.891109942136, 170.528669121515, 145.476065228827, 138.006312467123, 112.321239209343];"[162.69239191 151.4662     152.43900688 133.56407782 134.88619271
 139.02730703 143.39174297 147.58987553]";1998-02-01;1998-03-22
95;8;FT_rf_log;0.27287618624497373;71.42857142857143;0.23407689730060732;42.390775182832044;0.23400321105753835;37.39564782506356;[154.721199368753, 161.533403471857, 214.334560757496, 150.460284061021, 132.035770647028, 128.642819568648, 131.772751183588, 116.249950795679];"[158.88180606 169.58522553 175.61336829 183.37590734 182.31624739
 181.84179714 180.65700532 179.20218044]";1997-12-07;1998-01-25
79;8;FT_rf_log;0.1727572330455755;71.42857142857143;0.17698033312320963;35.167991370995324;0.17692816266300596;30.374638000217676;[206.338769068911, 182.903734876381, 231.825355076276, 179.32551461756, 145.752235665439, 141.359810625986, 134.652814308259, 138.953182535508];"[162.08165998 159.93049044 162.0839622  166.18837052 163.47255794
 155.65607719 165.490144   168.98747751]";1997-12-07;1998-01-25
90;8;FT_rf_log;0.2426278432056818;57.142857142857146;0.2315451202676102;28.846593482752084;0.2314355932622397;25.12714588841711;[97.9221462388217, 132.811678064177, 169.818516570226, 96.6070489216202, 89.4792214623881, 85.9416096791162, 74.8684902682799, 82.4385005624203];"[103.06684948 100.75350754 116.29622409 109.88676146 104.71563274
 106.20970188 109.31556764 109.49920805]";1997-12-07;1998-01-25
100;8;FT_rf_log;0.1519488503338127;42.857142857142854;0.1445764311354104;24.255734947999386;0.1445274371170027;21.398065950550006;[158.545918367347, 132.440476190476, 115.30612244898, 137.996031746032, 157.667233560091, 176.459750566893, 165.320294784581, 153.018707482993];"[152.90648758 154.1462867  159.27014978 164.15135497 150.15167181
 148.61393876 143.03611023 136.94432985]";1998-03-29;1998-05-17
84;8;FT_rf_log;0.10109246923341787;57.142857142857146;0.09937145286723348;12.135222191732126;0.09932037135280676;9.717722104055127;[98.6454497632825, 114.742240925829, 106.233561283535, 108.429773803262, 83.2062072593372, 100.203526965757, 79.9710678590216, 111.849026827985];"[ 98.45719441  94.64738553  99.12993134 104.12364875  97.01238096
  98.96092931  99.5089096  100.38672884]";1997-10-12;1997-11-30
89;8;FT_rf_log;0.12892618389985905;71.42857142857143;0.12781050118963871;23.70441008042753;0.12776546285849433;18.417500498434002;[149.342451341399, 151.814834297738, 195.647027880063, 141.32035770647, 111.980536559705, 115.518148342977, 122.356654392425, 139.018937401368];"[150.56131212 141.47003696 143.1937493  147.59198021 128.32586147
 142.1974229  143.73733497 151.66510213]";1997-12-07;1998-01-25
95;8;FT_rf_log;0.146729047880928;71.42857142857143;0.13417307719672655;23.94312901956027;0.13413164097220603;21.761634071234234;[151.446607048922, 136.730668069437, 173.10625986323, 158.285113098369, 156.877958968964, 135.369229227725, 162.611783271962, 162.20410310363];"[170.04813473 169.58951578 182.89016776 175.90875488 174.46816085
 178.17915802 178.34307105 181.29783215]";1997-10-12;1997-11-30
79;8;FT_rf_log;0.08135597147090946;100.0;0.077688183880432;14.669391418251045;0.07766399378289865;12.511476562565036;[156.207259337191, 161.454497632825, 166.543924250395, 135.921271892941, 162.690689110994, 150.361338643822, 162.243556023146, 184.061020515518];"[149.8286121  168.56377177 174.66978588 166.77270594 174.5779492
 165.37005889 168.67116184 169.75801123]";1997-10-12;1997-11-30
90;8;FT_rf_log;0.2643113176479879;42.857142857142854;0.22335691393987492;29.223214654346798;0.22325788786538245;25.301206958693115;[89.7685428721726, 98.4744871120463, 112.585481325618, 112.66438716465, 83.955812730142, 92.4444527942686, 107.469752761704, 120.844292477643];"[116.82354491 113.14465798 127.5525395  120.68503335 129.1112844
 140.03207229 141.82987043 131.43786204]";1997-10-12;1997-11-30
100;8;FT_rf_log;0.6305633745429429;42.857142857142854;0.9480953138604657;109.31282415454042;0.9476703503166333;107.24068545666137;[178.160430839002, 165.802154195011, 168.636621315193, 156.023242630385, 181.831065759637, 166.737528344671, 176.24716553288, 167.587868480726];"[85.48126514 55.52984759 47.1067677  82.16106423 81.29702587 70.81004674
 63.32090492 17.39367125]";1998-02-01;1998-03-22
96;8;FT_rf_log;0.16260159915277764;42.857142857142854;0.184319933428579;21.192433668690654;0.18421637853733783;16.48159732959498;[77.5775907417149, 88.2430299842189, 121.60704892162, 96.9095213045766, 77.9589689637032, 94.8842714360862, 89.6238821672803, 97.8826933193055];"[82.74323758 72.22747767 74.16411883 76.09769163 77.8516298  79.36685585
 79.84027159 80.87423892]";1998-03-29;1998-05-17
89;8;FT_rf_log;0.1481026368143344;14.285714285714286;0.14075988522490301;23.593808448095707;0.1407094628747988;19.784695397022006;[120.397159389795, 108.206207259337, 140.268279852709, 163.453445554971, 125.775907417149, 146.560707397109, 133.784850078906, 177.893214097843];"[146.62069766 147.27407261 143.60761773 140.23856644 145.39795952
 144.25234788 143.61100401 143.21783708]";1997-10-12;1997-11-30
105;8;FT_rf_log;0.05709451240085687;42.857142857142854;0.05602675919849391;10.201498786436042;0.05600590776762707;7.536535669872697;[119.557823129252, 143.707482993197, 130.768140589569, 126.176303854875, 144.883786848073, 150.297619047619, 130.059523809524, 137.315759637188];"[140.46866187 130.57628076 132.49817969 133.0160845  145.20258409
 138.1496154  135.09849276 137.14110483]";1998-03-29;1998-05-17
100;8;FT_rf_log;0.43984565013023214;57.142857142857146;0.3655688894521071;45.43094148610507;0.36540522666310205;41.76625678192866;[117.545351473923, 168.168934240363, 156.802721088435, 67.4603174603174, 69.6003401360544, 96.1309523809524, 126.941609977324, 125.31179138322];"[163.74627242 141.98929354 117.69734383 130.81041173 134.42301946
 136.17129802 133.38664591  77.32583121]";1997-12-07;1998-01-25
91;8;FT_rf_log;0.25038138687975475;57.142857142857146;0.2895760391779361;32.80523250109057;0.2894402240722957;31.036990759111085;[117.674907943188, 137.006838506049, 120.476065228827, 119.687006838506, 91.9647553918989, 121.580746975276, 133.100999473961, 128.866386112572];"[92.76282262 91.62276502 97.80660223 98.39786971 77.05369438 83.13349537
 90.94080912 90.34372193]";1998-03-29;1998-05-17
110;8;FT_rf_log;0.08993659412342539;14.285714285714286;0.09399268386810809;12.864455302430404;0.09395133034400296;10.693182090174068;[119.187269857969, 118.621778011573, 120.449763282483, 131.614939505523, 99.8290373487638, 120.620725933719, 105.247238295634, 109.481851657023];"[111.51734619 111.18605906 109.02525851 104.46379423 111.14013416
 106.97210727 110.12610716 107.45627196]";1998-03-29;1998-05-17
96;8;FT_rf_log;0.13240145986376134;71.42857142857143;0.13753725216006646;9.596422926011478;0.13743448810760994;9.251734313978377;[71.7122567069963, 51.6175697001578, 73.5270910047343, 73.7112046291426, 77.0910047343504, 69.621251972646, 71.0021041557074, 77.9458179905313];"[63.52448271 62.12250967 65.61566474 64.74187148 63.89146823 63.71665475
 64.51673682 65.09491792]";1998-02-01;1998-03-22
105;8;FT_rf_log;0.09172697043115542;42.857142857142854;0.09015250920307158;13.079831652036027;0.09011912643693605;12.183064717354426;[141.383219954649, 138.378684807256, 133.602607709751, 128.202947845805, 145.393990929705, 119.37358276644, 129.931972789116, 135.728458049887];"[123.35513335 136.80906324 147.26044354 140.87816631 132.40723443
 136.55876802 139.6556094  147.36663496]";1998-02-01;1998-03-22
100;8;FT_rf_log;0.1467205636397844;57.142857142857146;0.16080624047890346;27.169100512131447;0.16075372226140594;24.697544285099845;[179.024943310658, 164.044784580499, 173.611111111111, 178.75566893424, 163.392857142857, 130.045351473923, 159.452947845805, 169.005102040816];"[150.877053   150.70116963 149.72102545 151.13634122 138.88128291
 135.33928309 131.47203589 122.2120842 ]";1997-10-12;1997-11-30
110;8;FT_rf_log;0.08855409327593572;85.71428571428571;0.09457798169585702;12.693516307645782;0.09453443403470302;10.30477190649505;[120.213045765387, 104.168858495529, 120.502367175171, 99.4871120462915, 126.82798527091, 108.627038400842, 98.844950920926, 107.088374539716];"[104.82461637  91.43294829 104.41837458 101.99524835 103.77188287
  99.34225532  99.66815753 104.53075988]";1998-02-01;1998-03-22
91;8;FT_rf_log;1.2749901264199788;28.571428571428573;0.6878782828898551;138.2529277220897;0.6876752933275236;119.0499089546536;[119.213571804314, 94.8053655970542, 106.536033666491, 102.511835875855, 111.244082062073, 72.6854287217254, 106.667543398211, 97.9352972119938];"[130.50696445 140.71192581 202.35144742 241.79605577 272.21001322
 325.3026369  198.42464774 252.69473866]";1998-02-01;1998-03-22
96;8;FT_rf_log;0.17455375080818106;14.285714285714286;0.2045333795142743;22.69755536995927;0.20440374921454246;16.2843750197475;[81.7332982640714, 92.3592845870595, 115.071015255129, 79.0132833775278, 82.8511309836928, 66.8200946870069, 65.9784324039979, 63.6112572330352];"[70.98210835 62.59327396 64.48405222 65.67527456 63.80637317 64.03073282
 66.49333307 67.09506464]";1997-12-07;1998-01-25
105;8;FT_rf_log;0.19918340102545595;57.142857142857146;0.22308489081429209;42.335906745965204;0.22301050119377314;33.82639940674974;[194.968820861678, 161.068594104308, 211.607142857143, 168.735827664399, 125.907029478458, 152.403235974383, 122.293083900227, 128.458049886621];"[150.10237979 110.45584523 121.72098368 160.46838687 141.49841885
 127.10737263 133.94123282 152.90105358]";1997-12-07;1998-01-25
96;8;FT_rf_log;0.17942650483415712;57.142857142857146;0.1693526054495969;14.356964095800347;0.1692422550815257;13.022590602194047;[69.9237243556024, 79.6817464492372, 80.8258811152025, 90.2945817990531, 66.5570752235666, 77.2945317001077, 64.9526564965807, 76.6307206733299];"[91.74060529 64.50068921 68.40203579 83.97488477 83.7608369  79.84437694
 83.43938796 86.82962658]";1997-10-12;1997-11-30
105;8;FT_rf_log;0.1704046709053954;85.71428571428571;0.15326876856376032;32.5001626030038;0.1532179688085427;24.50058848612722;[135.997732426304, 114.923469387755, 135.643424036281, 163.775510204082, 144.52947845805, 100.595238095238, 136.437074829932, 170.195578231292];"[131.77818045 136.81670101 152.75695055 241.07963823 176.1472928
  88.20475267 147.93323328 190.16538977]";1997-10-12;1997-11-30
91;8;FT_rf_log;0.1523754196971619;42.857142857142854;0.15831683653732803;28.37988540718784;0.15825447098601264;20.59991348220685;[140.057864281957, 144.805365597054, 187.375065754866, 132.101525512888, 111.914781693845, 102.630194634403, 89.1767490794318, 110.783798001052];"[127.64815374 120.29416408 119.72127963 133.16968921 130.18694095
 120.27623075 110.67274025 109.04153858]";1997-12-07;1998-01-25
110;8;FT_rf_log;0.1205551398139984;42.857142857142854;0.12493186769642328;18.730916286358124;0.12487615519887055;14.16658885190696;[108.534981588638, 114.742240925828, 151.196738558653, 124.105733824303, 93.0168332456601, 95.0420831141505, 95.2788006312467, 102.774855339295];"[100.76554297 112.27965379 107.61778378 106.30032314 108.47416375
 104.81804477 108.70913641 105.827547  ]";1997-12-07;1998-01-25
101;8;FT_rf_log;0.101697680022209;28.571428571428573;0.09719123730248297;16.353539775584135;0.09715773437228487;14.110603005799387;[159.736394557823, 159.410430839002, 126.899092970521, 156.505102040816, 141.468253968254, 150.297619047619, 131.079931972789, 133.886054421769];"[156.92159215 139.72928626 149.32952096 150.01160538 158.52827787
 152.43551865 154.458446   152.77456927]";1998-03-29;1998-05-17
97;8;FT_rf_log;0.1594808143454362;57.142857142857146;0.15813388048307236;22.824290830332288;0.1580751336491215;21.48400318233661;[142.175170962651, 159.363492898474, 152.880063124671, 153.248290373487, 100.486586007364, 110.547080483956, 160.494476591268, 158.74539715939];"[135.44939439 135.3538162  133.5551744  137.4253769  135.11403673
 130.9300105  132.98696713 135.27451736]";1998-03-29;1998-05-17
106;8;FT_rf_log;0.16608054252793977;42.857142857142854;0.149550674133;20.74097718106548;0.1494824765115229;16.519924995478448;[127.437641723356, 132.681405895692, 99.68820861678, 128.713151927438, 81.2500000000001, 136.210317460317, 120.082199546485, 90.3486394557823];"[127.07318539 115.18996653 112.67347891 115.31148846 122.6842063
 120.32930999 118.00987332 118.87766996]";1998-03-29;1998-05-17
91;8;FT_rf_log;0.17862865357510982;85.71428571428571;0.16018908027138917;23.402857350139417;0.16012842699022364;21.208876402940163;[132.18043135192, 104.642293529721, 133.258811152025, 136.178327196213, 127.235665439242, 116.760602189324, 111.941083640189, 137.743293003682];"[148.12659597 140.08069677 141.52760309 149.36429601 145.65809166
 144.61399548 148.08183298 152.15840676]";1997-10-12;1997-11-30
101;8;FT_rf_log;0.2074178721736712;42.857142857142854;0.17091442918327482;30.70742520647546;0.17085159200571748;23.583427700509425;[151.686507936508, 137.301587301587, 146.584467120181, 130.654761904762, 142.602040816327, 85.1615646258504, 157.993197278912, 140.646258503401];"[146.96674975 172.95383073 168.02690037 161.84838688 156.40751081
 152.3703848  149.5451907  146.84332353]";1998-02-01;1998-03-22
110;8;FT_rf_log;0.11877172364335449;71.42857142857143;0.11040493049903134;13.570494959355457;0.11035195446726291;11.547915606852907;[95.8837453971595, 84.4423987375066, 107.285639137296, 109.771173066807, 94.7418472912574, 106.174068785852, 119.568648079958, 100.252105050332];"[120.38428486 102.93123054 112.64935724 114.3056852  111.91327952
 110.38461171 108.90221402 107.69941918]";1997-10-12;1997-11-30
92;8;FT_rf_log;0.2148601614012921;14.285714285714286;0.2492115557657803;51.20279060613067;0.2491411112909515;44.155261185796626;[197.172540768017, 184.192530247238, 153.748027354024, 182.667017359285, 183.232509205681, 232.877432930037, 213.295633876907, 206.891109942136];"[148.4691242  163.14160865 156.05946514 152.88354394 147.56576534
 144.10130356 144.58714309 148.64963384]";1998-03-29;1998-05-17
101;8;FT_rf_log;0.265063025828696;0.0;0.2718312527839485;65.34816379820428;0.2717586382733971;52.15600263991519;[210.246598639456, 241.992630385488, 305.442176870748, 201.842403628118, 152.140022675737, 140.334467120181, 143.197278911565, 132.582199546485];"[215.99555018 172.21434825 160.61426667 167.00522559 175.08117967
 189.4347648  181.73020547 184.06351753]";1997-12-07;1998-01-25
97;8;FT_rf_log;0.0676350904542482;42.857142857142854;0.07083397620780589;10.87703681798481;0.07080642969906727;9.112203986037837;[129.445028932141, 121.751709626512, 134.113624408206, 121.554445028932, 137.112046291426, 127.248816412414, 130.970541820095, 144.042609153077];"[119.4083174  119.94648919 127.72079482 125.06847208 122.14746692
 122.33749376 120.44338771 123.296822  ]";1998-02-01;1998-03-22
106;8;FT_rf_log;0.22619252753727645;57.142857142857146;0.18804387581701673;29.42653682672664;0.18796529984878177;22.55677789798036;[135.459183673469, 84.7222222222222, 104.010770975057, 107.213718820862, 123.75283446712, 108.616780045352, 110.714285714286, 120.861678004535];"[134.606323   138.97022278 145.39756763 147.21887189 123.75578674
 124.70783298 128.06106937 131.38230137]";1998-02-01;1998-03-22
101;8;FT_rf_log;0.17683786581454122;57.142857142857146;0.1715967869144508;31.645183635489378;0.17154235798978945;27.54864769634974;[139.795918367347, 115.419501133787, 152.791950113379, 129.790249433106, 152.395124716553, 138.74716553288, 196.230158730159, 223.922902494331];"[155.6165622  156.41664896 165.27079053 153.67026582 162.41360516
 165.0838808  165.51177954 163.78394428]";1997-10-12;1997-11-30
97;8;FT_rf_log;0.16932868909843127;14.285714285714286;0.16906803040892637;30.190773495089864;0.16901042803039884;25.115878658324057;[159.00841662283, 168.043135192004, 205.457653866386, 129.563387690689, 125.052603892688, 132.732772225145, 119.279326670174, 117.690295476423];"[149.40906479 146.31021303 139.77448887 141.24226236 152.22306246
 145.20360379 145.70961196 143.85143567]";1997-12-07;1998-01-25
92;8;FT_rf_log;0.09554843530508542;28.571428571428573;0.09973332806286095;23.638747372033308;0.09970652539894731;18.6164453055065;[201.933193056286, 201.104681746449, 203.037874802735, 174.079431877959, 219.923724355602, 154.052736297044, 182.930036822725, 175.486586007365];"[180.94094578 190.16229775 177.95966957 187.09263265 168.89471312
 176.21829519 179.88280293 178.15030716]";1998-02-01;1998-03-22
106;8;FT_rf_log;0.18386376774421254;57.142857142857146;0.20336439593063435;45.276502114813475;0.20329027317717285;28.955617658205377;[141.213151927438, 159.155328798186, 229.931972789116, 132.780612244898, 104.081632653061, 93.5941043083899, 104.84693877551, 122.307256235828];"[132.56426029 110.06600094 117.69193446 130.14285507 128.47320959
 118.58064099 114.38926215 122.19876696]";1997-12-07;1998-01-25
102;8;FT_rf_log;0.159318151798372;71.42857142857143;0.17840411550965987;12.78149422112528;0.17825355090685743;10.648736492472064;[48.9229024943311, 56.859410430839, 78.3730158730159, 67.4036281179139, 51.3605442176871, 66.2273242630386, 61.9756235827664, 67.3611111111111];"[45.52573177 48.40474533 55.66429695 50.5758782  49.86031508 52.77158011
 58.21696796 52.27415274]";1998-03-29;1998-05-17
97;8;FT_rf_log;0.06682234289584017;42.857142857142854;0.06332583250413774;11.888613700914005;0.06330421877764196;9.276966923412633;[138.295633876907, 142.438190426091, 155.128879537086, 152.748553392951, 148.816412414519, 134.093584830039, 136.296685954761, 157.167280378748];"[153.78582104 152.94723733 154.7090121  153.94655888 153.76395627
 154.5577201  154.34043518 154.02408031]";1997-10-12;1997-11-30
92;8;FT_rf_log;0.2714883727973758;71.42857142857143;0.21345479824099853;42.31429809720474;0.21338469601180482;33.161993557754755;[200.920568122041, 185.849552866912, 172.830089426618, 87.6929256710575, 119.936875328774, 162.914255654918, 183.74539715939, 174.883877801515];"[173.56606413 176.16382428 193.94307695 175.86093735 184.58837742
 188.80390831 199.99137442 187.07146246]";1997-12-07;1998-01-25
106;8;FT_rf_log;0.20116458561093686;85.71428571428571;0.1753633171280134;25.21383097867302;0.1752925865083908;21.855849914497583;[124.390589569161, 99.1780045351475, 133.064058956916, 141.950113378685, 117.446145124717, 92.2902494331066, 116.057256235828, 133.815192743764];"[141.54666474 129.63472445 146.46768768 145.40807388 141.29662964
 140.25488136 140.79285339 147.63689415]";1997-10-12;1997-11-30
98;8;FT_rf_log;0.10163785168856207;42.857142857142854;0.1045990595436852;16.212261299798275;0.10455549806433106;12.629141644682935;[116.307206733298, 129.839558127302, 117.385586533403, 118.069437138348, 96.0678590215675, 147.093634928985, 131.233561283535, 130.15518148343];"[116.96877045 110.01420817 113.07418058 120.62923733 117.49782552
 116.38795334 115.46278417 124.38659335]";1998-03-29;1998-05-17
92;8;FT_rf_log;0.3513861258841946;71.42857142857143;0.28835455148265543;66.46493202917429;0.28828667949158193;61.74015775400753;[185.981062598632, 153.605603209195, 217.148869016307, 243.34560757496, 207.193582325092, 175.519150321886, 146.234169627872, 190.123619147817];"[234.09734133 253.07236752 254.31802624 285.70401798 239.96553999
 233.63677378 238.0890604  274.18979861]";1997-10-12;1997-11-30
102;8;FT_rf_log;0.21451240053818704;14.285714285714286;0.2442547355715772;10.957318512090746;0.24394524888726643;9.655638794647274;[37.8968253968254, 32.0294784580499, 37.65589569161, 48.483560090703, 47.3639455782313, 43.28231292517, 46.2301587301587, 49.0504535147392];"[36.49233055 36.61032905 32.93971947 32.30924935 33.4200125  34.14263725
 33.90534815 34.08959489]";1998-02-01;1998-03-22
107;8;FT_rf_log;0.20143194670173367;14.285714285714286;0.22460613538558935;25.067221713688678;0.2244957194835449;22.939879661980704;[102.111678004535, 114.980158730159, 120.734126984127, 108.262471655329, 80.3146258503402, 132.8089569161, 115.008503401361, 105.243764172336];"[91.88211629 90.39850324 90.29285932 90.29829319 91.51287348 90.57935948
 86.03543494 87.34230374]";1998-03-29;1998-05-17
93;8;FT_rf_log;0.12783343036870887;42.857142857142854;0.14305723687304941;24.668214841528865;0.1430015009924089;18.413708522222333;[136.743819042609, 152.958968963703, 116.017885323514, 115.005260389269, 100.302472382956, 153.905839032088, 144.397685428722, 124.066280904787];"[120.90595883 115.16054485 115.30185318 112.35135031 105.44982254
 107.52006244 113.80209036 115.89156109]";1998-03-29;1998-05-17
102;8;FT_rf_log;0.17343200169873804;57.142857142857146;0.15475413012266917;7.744206600230527;0.15456311769280115;6.274452167715802;[39.7534013605442, 39.8242630385488, 46.1026077097506, 46.3577097505669, 48.8520408163265, 33.6592970521542, 33.6451247165533, 33.531746031746];"[43.77775266 40.50271274 40.01110741 43.24271055 47.79917004 45.61122434
 44.46584364 45.99254587]";1997-12-07;1998-01-25
98;8;FT_rf_log;0.1097485502877244;71.42857142857143;0.11861339310381254;15.392813841751797;0.1185594699209922;13.050589033576038;[126.459758022094, 104.997369805366, 111.822724881641, 100.3287743293, 119.082062072593, 112.980010520779, 115.912677538138, 122.501315097317];"[102.93155624 101.31767663 105.67660686 100.75292188  99.1842243
  99.32023521 100.6086988  100.73635518]";1998-02-01;1998-03-22
107;8;FT_rf_log;0.17864112258408074;71.42857142857143;0.18901347892229817;20.56724716739469;0.1889173958729466;18.75124326640864;[124.263038548753, 108.106575963719, 106.264172335601, 113.647959183673, 119.982993197279, 104.109977324263, 71.5986394557823, 86.9472789115646];"[92.74864201 97.28559176 87.84604374 89.21643494 92.54167751 92.42416904
 92.12683813 92.11686883]";1998-02-01;1998-03-22
93;8;FT_rf_log;0.06875798400823255;57.142857142857146;0.07045454759697556;10.983547287540961;0.07042624666866346;8.771042927650582;[118.556023145713, 129.116254602841, 137.098895318254, 118.503419253025, 135.796948974224, 127.630194634403, 131.720147290899, 132.916885849553];"[128.60162893 123.17503453 136.83021202 130.41337621 131.17501258
 129.87542572 118.80592108 110.69540224]";1998-02-01;1998-03-22
102;8;FT_rf_log;0.19161031972777023;57.142857142857146;0.16889491115184446;10.283009365077454;0.16872940937149555;8.694801641175914;[54.5918367346939, 53.188775510204, 66.7800453514739, 63.6479591836734, 41.6950113378685, 54.577664399093, 40.5895691609977, 39.3849206349206];"[60.33733122 58.10427794 58.79764346 59.9406321  57.72940043 55.68920791
 54.88062919 55.15561525]";1997-10-12;1997-11-30
98;8;FT_rf_log;0.18222030052732902;28.571428571428573;0.17444799192337213;23.735986181525515;0.17437044939332785;19.69544743582651;[116.885849552867, 120.370857443451, 145.213045765387, 97.0673329826407, 93.8979484481852, 97.9221462388217, 99.7369805365597, 95.1031859350789];"[114.21873736 104.83254472 103.44944897 122.50753669 116.07618455
 105.83930151 106.13451033 130.76461884]";1997-12-07;1998-01-25
107;8;FT_rf_log;0.11293408105161151;42.857142857142854;0.11608075328638372;14.57787046508807;0.11602774717710365;12.812155727192923;[119.869614512472, 127.040816326531, 137.65589569161, 112.372448979592, 101.955782312925, 98.6961451247164, 91.312358276644, 95.3798185941043];"[111.92720821 110.7151844  110.93755336  95.19697628 106.36520814
 105.51554973 106.65613941 103.14259958]";1997-12-07;1998-01-25
103;8;FT_rf_log;0.1081737775384925;42.857142857142854;0.11250373899668696;20.933989691062635;0.11247025758251679;18.96706779604592;[193.43820861678, 180.612244897959, 184.169501133787, 172.987528344671, 141.87925170068, 187.65589569161, 182.553854875283, 184.396258503401];"[171.65427415 168.79303782 180.87634538 143.62591791 165.51593656
 156.23949154 169.59193323 166.93263454]";1998-03-29;1998-05-17
98;8;FT_rf_log;0.41731371648616405;85.71428571428571;0.3124917400474253;62.705294458869254;0.31238310769001476;46.742355729101675;[94.0163072067333, 111.401893740137, 99.6843766438717, 117.977380326144, 107.653866386112, 96.258235014153, 106.404523934771, 123.513940031562];"[ 87.32082525 106.32349429 176.6950712  224.71961796 131.66256585
 112.42046611 132.7026322  235.45693344]";1997-10-12;1997-11-30
107;8;FT_rf_log;0.18044092524472208;42.857142857142854;0.16325493694459703;24.39334658340189;0.16319302749495868;21.625297573893818;[127.820294784581, 115.532879818594, 131.618480725624, 170.436507936508, 126.516439909297, 115.051020408163, 108.531746031746, 110.445011337869];"[126.70568809 141.60404831 149.04738563 147.99238648 136.02957196
 139.81352169 144.34336465 146.30133843]";1997-10-12;1997-11-30
93;8;FT_rf_log;0.10916526901445281;85.71428571428571;0.10864832541088454;18.4407283638402;0.108605780755523;14.024265369377169;[133.968963703314, 151.814834297738, 160.783798001052, 125.046796291724, 97.2382956338768, 115.557601262493, 130.207785376118, 125.631246712257];"[123.91937996 126.63283098 129.21437752 126.44093957 125.72689867
 128.6299867  128.17494939 126.03639437]";1997-12-07;1998-01-25
93;8;FT_rf_log;0.40387806441694196;42.857142857142854;0.3190853630544171;58.89630216909542;0.31898454306240126;50.820802541486145;[119.792214623882, 132.706470278801, 130.35244608101, 129.011046817464, 129.260915307733, 128.136193983117, 132.298790110468, 116.38611257233];"[137.03034546 157.66541364 187.0877195  219.36691736 178.29483756
 149.90605583 175.19305365 219.9662671 ]";1997-10-12;1997-11-30
99;8;FT_rf_log;0.06630216293221902;42.857142857142854;0.06588649356220802;8.673497492520124;0.06585335424910355;6.566167737500463;[98.5928458705945, 113.834823776959, 98.185165702262, 103.103629668596, 84.5476065228827, 102.617043661231, 100.13150973172, 103.734876380852];"[100.96884648  97.31658257  97.03403196 101.13930161 100.04933716
  98.93936344 105.68817447  97.9513137 ]";1998-03-29;1998-05-17
103;8;FT_rf_log;0.14832625595809107;42.857142857142854;0.12412776091109443;33.07014983755606;0.12409217724493696;21.801824040755584;[198.001700680272, 185.430839002268, 181.391723356009, 189.413265306122, 121.176757131048, 165.787981859411, 169.600340136054, 180.357142857143];"[180.69848058 187.84081818 195.63665548 219.67825763 205.01385378
 176.7131897  182.69696233 178.02460095]";1998-02-01;1998-03-22
108;8;FT_rf_log;0.07818226197680672;71.42857142857143;0.08154005251062243;16.54022518074478;0.0815194085663418;16.11192849988424;[206.306689342404, 212.103174603174, 207.298752834467, 199.418934240363, 195.3089569161, 206.986961451247, 207.723922902494, 211.295351473923];"[188.77205898 189.357121   191.94312376 190.56807199 176.43436067
 192.93695696 192.42362182 195.1120006 ]";1998-03-29;1998-05-17
94;8;FT_rf_log;0.2139284829133078;42.857142857142854;0.24804177918271367;40.55528479341514;0.24795447785636343;35.4105179620942;[169.673855865334, 177.143608627039, 142.122567069963, 144.568648079958, 145.002630194634, 181.430825881115, 168.187795896896, 149.684376643872];"[119.25062434 130.42822669 140.02716356 137.8810006  103.1311677
 119.60338203 124.46792936 119.74067028]";1998-03-29;1998-05-17
99;8;FT_rf_log;0.07090100467879812;71.42857142857143;0.07514986524278457;9.435820475465476;0.07511054520695087;7.1863333049585165;[102.524986849027, 99.4082062072593, 91.6228300894267, 85.652288269332, 108.232509205681, 92.0962651236192, 89.9000526038927, 100.644397685429];"[89.64249416 88.47170364 90.17841892 88.82220422 89.21256363 89.00275627
 89.52167684 94.07888382]";1998-02-01;1998-03-22
103;8;FT_rf_log;0.13547458067899346;57.142857142857146;0.14623062786333213;37.54273309579718;0.14619208896948482;28.0232892943538;[191.695011337868, 180.442176870748, 258.333333333333, 218.735827664399, 167.729591836735, 156.746031746032, 159.297052154195, 183.149092970522];"[164.7117562  163.42411084 170.94866145 177.7845989  175.75497276
 176.12360692 181.67285073 181.07875511]";1997-12-07;1998-01-25
108;8;FT_rf_log;0.07003223084158777;42.857142857142854;0.07385487618256178;17.460125181457443;0.07383450250404718;13.384919616956044;[185.756802721088, 174.433106575964, 192.375283446712, 181.958616780045, 186.054421768707, 176.814058956916, 190.915532879819, 201.24716553288];"[186.38100447 185.25479085 177.97546858 170.17313093 175.54916933
 177.7722733  171.48104518 162.69694982]";1998-02-01;1998-03-22
99;8;FT_rf_log;0.1725934885198267;28.571428571428573;0.1559846035739258;18.351368203320426;0.15590674989103032;15.640969315379872;[108.324566017885, 100.591793792741, 115.491846396633, 90.3997895844293, 83.2719621251973, 93.3982114676486, 90.9737803590663, 84.5344555497107];"[105.79081014 102.63864616 100.13220296 116.10270191 107.62516298
 104.55781929 105.79588003 113.68413771]";1997-12-07;1998-01-25
94;8;FT_rf_log;0.2719141134191708;57.142857142857146;0.21797805490476485;41.539335902702454;0.2179029307432788;31.98111800986604;[150.736454497633, 116.296292320189, 168.740136770121, 148.264071541294, 116.938453445555, 95.1232255132457, 136.125723303524, 144.529195160442];"[151.6705127  159.61191469 189.5401634  188.33988966 189.66675839
 162.2049162  137.14438697 154.42395463]";1998-02-01;1998-03-22
103;8;FT_rf_log;0.0864197579114574;57.142857142857146;0.08456150194715009;19.7407603524293;0.08453662918018223;14.425148890947142;[170.606575963719, 139.625850340136, 188.194444444444, 188.492063492063, 169.359410430839, 164.980158730159, 191.340702947846, 196.301020408163];"[170.72787552 178.94976615 154.53468893 183.131032   171.52562957
 175.59230744 179.70381383 183.78108863]";1997-10-12;1997-11-30
99;8;FT_rf_log;0.4279720036768385;71.42857142857143;0.28932695088655147;73.84929938902589;0.28923064445876695;46.28230182087888;[86.6386112572331, 88.0194634402946, 94.3582325092057, 110.70489216202, 100.013150973172, 103.451817339245, 92.5960021041556, 116.701735928459];"[ 80.3437603   85.57141845 154.05020151 256.83087168 100.45699348
  97.00872707 105.54325483 252.56512052]";1997-10-12;1997-11-30
94;8;FT_rf_log;0.1721663680094933;42.857142857142854;0.18664315393651076;41.734939674611475;0.18658650019048617;31.43007428931309;[146.159915833772, 185.126249342451, 247.106785902157, 186.401893740137, 170.94950026302, 127.152107555279, 129.287217254077, 117.6965578446];"[165.38071819 152.23149063 148.93205086 144.59937416 153.75694669
 132.43825522 140.86551096 142.98734153]";1997-12-07;1998-01-25
108;8;FT_rf_log;0.20609859488002724;42.857142857142854;0.21405937604692807;48.46541072377903;0.21400353115228676;41.37781131727079;[217.800453514739, 205.017006802721, 272.17970521542, 178.883219954648, 164.016439909297, 163.463718820862, 176.147959183673, 161.380385487528];"[143.10589721 188.8223814  181.29792383 200.33632342 200.44214682
 190.13785622 201.4759604  200.75096395]";1997-12-07;1998-01-25
104;8;FT_rf_log;0.060152470491850615;57.142857142857146;0.05978944845804246;8.106505506572477;0.05976263099839767;6.6704176363527825;[109.708049886621, 121.017573696145, 117.743764172336, 107.851473922902, 102.239229024943, 114.073129251701, 115.036848072562, 120.833333333333];"[100.99501128 117.70933281 114.43805887 117.04811259 116.25083416
 112.10871144 114.10203475 108.90445196]";1998-03-29;1998-05-17
94;8;FT_rf_log;0.2679993247230644;71.42857142857143;0.22306573448009026;40.46386957289351;0.22299124873769915;33.50838552136872;[165.610205155181, 157.035770647028, 179.944765912677, 136.941083640189, 110.44187269858, 117.891585882117, 122.907929172019, 137.258943556381];"[166.72589531 161.99371801 171.08207708 185.50820006 170.97015709
 168.38477434 174.53472807 179.17431321]";1997-10-12;1997-11-30
104;8;FT_rf_log;0.12038909352859024;71.42857142857143;0.13019372735953605;18.612034803979874;0.1301382502091016;15.375702368663497;[147.477324263038, 121.173469387755, 113.151927437642, 118.806689342404, 139.512471655329, 110.728458049887, 100.439342403628, 112.259070294785];"[111.84119894 109.82279948  99.63616176 101.28710269 111.78506592
 108.08021596 108.16944256 105.38134688]";1998-02-01;1998-03-22
108;8;FT_rf_log;0.08773830999904773;28.571428571428573;0.08687824204565739;21.53045331144021;0.08685565798643838;16.815478617191108;[182.355442176871, 158.517573696145, 190.702947845805, 185.997732426304, 190.065192743764, 173.497732426304, 209.311224489796, 235.515873015873];"[184.94491173 188.66727326 190.35364602 200.29721074 196.73714598
 195.63526585 193.42596312 193.07474137]";1997-10-12;1997-11-30
104;8;FT_rf_log;0.12994146864444467;71.42857142857143;0.14008289335035787;23.577751777975987;0.1400235591446071;16.779867957070095;[124.957482993197, 117.715419501134, 166.666666666667, 103.954081632653, 90.9863945578231, 102.536848072562, 105.47052154195, 121.329365079365];"[106.35886016 106.07188701 108.57839156 107.28537146 107.71068657
 108.85025171 109.32422114 105.64353693]";1997-12-07;1998-01-25
109;8;FT_rf_log;0.29242800881831477;28.571428571428573;0.33441944487277075;82.66432117332394;0.33433322151025113;66.57672216009713;[165.802154195011, 202.18253968254, 321.102607709751, 254.393424036281, 117.672902494331, 259.325396825397, 188.577097505669, 194.571995464853];"[162.47200876 149.66999633 151.72254163 159.91693567 173.07057159
 162.76304828 162.10819372 160.08638284]";1998-03-29;1998-05-17
104;8;FT_rf_log;0.08846429089688414;57.142857142857146;0.08891937403158812;11.368164145532234;0.08887880717212689;9.773018175826596;[118.579931972789, 100.637755102041, 92.4886621315194, 113.151927437642, 105.895691609977, 103.1320861678, 120.578231292517, 126.020408163265];"[111.10377077 115.9969028  103.13425145 108.43149803 109.34255198
 108.49242223 111.31102524 104.11199285]";1997-10-12;1997-11-30
109;8;FT_rf_log;0.13913094511367735;57.142857142857146;0.14994617746965497;21.146738617859985;0.1498844303404719;18.355057211683082;[109.410430839002, 105.045351473923, 134.679705215419, 154.237528344671, 125.850340136054, 119.246031746032, 132.596371882086, 136.465419501134];"[ 98.84633722  95.93063174  99.97191717 118.72482785 120.37245278
 135.98766282 116.63738846 117.70276556]";1998-02-01;1998-03-22
109;8;FT_rf_log;0.4727892520255564;71.42857142857143;0.3525411435717918;56.70761430786503;0.3524140306241497;49.42806282983837;[125.368480725623, 121.485260770975, 135.303287981859, 152.140022675737, 180.853174603175, 94.4727891156464, 83.2482993197278, 96.641156462585];"[136.97737205 164.63235085 190.35961813 193.16773533 187.34560148
 176.9639911  166.63242906 168.85787632]";1997-12-07;1998-01-25
109;8;FT_rf_log;0.4928815287700764;42.857142857142854;0.3591918310916067;77.0597488378586;0.35909134641842877;64.36118408087222;[176.856575963719, 136.337868480726, 223.993764172336, 228.75566893424, 162.981859410431, 110.912698412698, 126.587301587301, 124.518140589569];"[213.88553317 229.58572109 223.26299416 222.13578479 221.16705523
 224.20909354 230.0235085  226.8623514 ]";1997-10-12;1997-11-30
