DATA;MCPM;UF;PRODUCT;MODEL;PARAMS;WINDOW;HORIZON;RMSE;MAPE;POCID;PBE;MASE;P1;P2;P3;P4;P5;P6;P7;P8;P9;P10;P11;P12
normal;198954.41277098606;CE;etanolhidratado;arma_noresid;{'p': 15, 'd': 0, 'q': 1};12;12;6289.2723062957675;0.32441259661824934;27.272727272727273;35.09294425334513;0.9874437697894601;11605.575944746257;9952.59747317509;9686.913519459846;8959.856389537625;8603.80870859848;7087.960394554256;6843.849147126613;8461.5088925619;9462.072311844511;10330.65123664875;8956.212055115544;9627.462334515314
log;217163.7829762823;CE;etanolhidratado;arma_noresid;{'p': 9, 'd': 0, 'q': 20};12;12;6104.70428125735;0.33014822469649546;18.181818181818183;35.522347630596094;0.9867540747207845;11221.727176516912;9545.903498768677;9267.160760436622;8219.947601095626;8099.517289220674;6944.41890495083;7043.146868101497;8692.698242510298;9179.044998768904;11143.017507813394;9740.685665932682;9756.265387541316
deseasonal;170295.16024676888;CE;etanolhidratado;arma_noresid;{'p': 13, 'd': 0, 'q': 13};12;12;6147.89454658721;0.3300592890288709;36.36363636363637;35.873383112472006;0.9882982043888218;10973.28188570092;9243.709679539585;8783.6473278979;8128.494999074973;8483.604352701952;7089.401518295021;6736.206639460344;8765.5568404791;9799.587605398701;10877.093886017066;9373.764010211016;10006.554201458595
