DATA;MCPM;UF;PRODUCT;MODEL;PARAMS;WINDOW;HORIZON;RMSE;MAPE;POCID;PBE;MASE;P1;P2;P3;P4;P5;P6;P7;P8;P9;P10;P11;P12
normal;562281.9534988505;PR;etanolhidratado;arma_noresid;{'p': 5, 'd': 0, 'q': 24};12;12;28414.097005241263;0.2454249837730165;54.54545454545455;18.904295028305228;0.8715793197198816;80261.92845668092;77943.74532019488;68146.83666523591;65722.86623176039;67634.34007369948;61755.28977632505;68734.72095941697;69883.24760404316;65897.69507873415;69525.00476989492;60300.66087646289;71693.43000550325
log;589135.5086898151;PR;etanolhidratado;arma_noresid;{'p': 7, 'd': 0, 'q': 23};12;12;29774.02409834532;0.24096485615291785;54.54545454545455;23.068317518368183;0.8793192145702468;71155.14918025603;71569.66053133893;67160.74461863481;59310.49781935944;67551.049591034;59805.64977477326;65240.75523459584;64596.11609710411;59072.87837719812;71241.55674331899;57350.267223493836;70955.79661190626
deseasonal;582300.877604711;PR;etanolhidratado;arma_noresid;{'p': 24, 'd': 0, 'q': 24};12;12;29426.086888104346;0.2448758830367789;54.54545454545455;23.08232502171908;0.8874937631992185;77291.4234515945;75881.54885630893;64323.59035535697;57599.59926120884;61177.73325527231;55996.26237251515;63371.35216819693;65976.86879384588;61291.07356642864;74095.02585874485;59220.32295464878;68642.38848421404
