DATA;MCPM;UF;PRODUCT;MODEL;PARAMS;WINDOW;HORIZON;RMSE;MAPE;POCID;PBE;MASE;P1;P2;P3;P4;P5;P6;P7;P8;P9;P10;P11;P12;Test Statistic;p-value;Lags Used;Observations Used;Critical Value (1%);Critical Value (5%);Critical Value (10%);Stationary
normal;14.161676587064386;PE;querosenedeaviacao;SARIMA;{'p': 3, 'd': 0, 'q': 1, 'P': 4, 'D': 0, 'Q': 4, 's': 12};12;12;837.6933925850866;0.03904172033391113;100.0;2.675618357140044;0.4027790418276176;18400.74671329881;14787.565328865338;15872.82193240902;15267.757251626703;18467.2608030174;16988.221279628433;16526.74104695036;17860.653724762265;17548.79240972482;21198.87675357109;21960.415387835706;16602.112831749335;-3.661208927113828;0.004693077529419335;17;379;-3.4477224095888497;-2.869196333125208;-2.5708486586002604;True
deseasonal;5.517808911385958;PE;querosenedeaviacao;SARIMA;{'p': 2, 'd': 0, 'q': 3, 'P': 2, 'D': 0, 'Q': 2, 's': 12};12;12;574.4538127728308;0.022182521132193406;100.0;0.5057041174449179;0.23718904491307177;18223.953023791808;15249.34927513901;16353.344893815196;16079.161966483314;19072.684680094764;17752.24314025056;17282.192876198438;18447.008758730215;18054.4819167663;21240.887876401044;21786.736801675062;16655.056590451644;-3.5636198138205035;0.006495862161535971;17;379;-3.4477224095888497;-2.869196333125208;-2.5708486586002604;True
log;9.1656896305372;PE;querosenedeaviacao;SARIMA;{'p': 4, 'd': 0, 'q': 1, 'P': 5, 'D': 0, 'Q': 1, 's': 12};12;12;711.5636930162469;0.029747517628774728;100.0;1.8727321107752235;0.3168847988895116;18442.960192462542;15524.4186903841;16269.558105572338;15909.744543196217;18372.85507268985;17212.200519765614;16851.440010694707;17971.678136503568;17672.071831333807;20743.212777503522;21514.301670725672;16742.163421829977;-3.578034449994849;0.00619511683559272;17;379;-3.4477224095888497;-2.869196333125208;-2.5708486586002604;True
