DATA;MCPM;UF;PRODUCT;MODEL;PARAMS;WINDOW;HORIZON;RMSE;MAPE;POCID;PBE;MASE;P1;P2;P3;P4;P5;P6;P7;P8;P9;P10;P11;P12;Test Statistic;p-value;Lags Used;Observations Used;Critical Value (1%);Critical Value (5%);Critical Value (10%);Stationary
normal;378889.3126426626;SP;querosenedeaviacao;SARIMA;{'p': 6, 'd': 1, 'q': 4, 'P': 1, 'D': 0, 'Q': 3, 's': 12};12;12;47753.368427277455;0.1415973364975999;81.81818181818181;14.291168454602973;0.96144862921269;288648.94655129884;243372.2704381991;261568.85885017866;258682.85250918882;280263.10415043257;267957.07179279305;263430.8738105908;263694.5268273035;275968.54415416176;286823.3006655885;310267.94808419456;265385.6342860677;-4.099043440504055;0.0009720565951608033;17;379;-3.4477224095888497;-2.869196333125208;-2.5708486586002604;True
deseasonal;273434.2990238109;SP;querosenedeaviacao;SARIMA;{'p': 4, 'd': 1, 'q': 1, 'P': 3, 'D': 0, 'Q': 3, 's': 12};12;12;23098.36225755963;0.06547410664432775;72.72727272727273;0.504847635548883;0.44747372794097096;295348.6707678519;264759.12551610917;287263.3070587414;291056.0197142021;319234.55585108825;311922.2947381349;311191.8548858368;316245.784962913;334324.1930053186;351419.4689521389;378476.4651336541;330170.6809705769;-4.192420044177065;0.0006786397004822995;17;379;-3.4477224095888497;-2.869196333125208;-2.5708486586002604;True
log;286923.77085741365;SP;querosenedeaviacao;SARIMA;{'p': 1, 'd': 1, 'q': 1, 'P': 1, 'D': 0, 'Q': 6, 's': 12};12;12;24235.21845863225;0.0684827430022246;72.72727272727273;1.6220271944193003;0.4681964951494613;299113.33288369566;259214.41429142232;283809.6319256603;284079.68283180625;316177.2271056833;306618.9150130618;304741.4841459685;310808.7175288464;329310.53888115514;350433.0317867064;380965.4583332248;323568.1795005213;-4.045563287856179;0.0011898491163182885;17;379;-3.4477224095888497;-2.869196333125208;-2.5708486586002604;True
