DATA;UF;PRODUCT;MODEL;PARAMS;WINDOW;HORIZON;RMSE;MAPE;POCID;PBE;MASE;P1;P2;P3;P4;P5;P6;P7;P8;P9;P10;P11;P12
median;MG;etanolhidratado;knn_rf_deepar_svr_catboost_arima;{};12;12;96762.14243452332;0.41262836586422164;72.72727272727273;41.72963881417031;1.1065164797111968;122843.12576043297;99131.24040981782;89367.04740545477;90961.93661863406;106765.02664174257;123274.04405726265;132562.16442991124;144623.95466316174;151553.79550682992;168584.6717407839;164194.7520010188;161101.6515008852
mean;MG;etanolhidratado;knn_rf_deepar_svr_catboost_arima;{};12;12;91746.87445378356;0.387589600880216;72.72727272727273;39.50680964390239;1.0475752288789706;119603.63405446685;104622.50986554218;103280.7056448241;105761.81886263972;118041.51456569615;129882.65825367691;140323.3143027249;149506.57393562054;154479.24374717457;166744.16046625693;164110.58955257054;157923.60191161986
softdtw_barycenter;MG;etanolhidratado;knn_rf_deepar_svr_catboost_arima;{};12;12;86710.51127594132;0.3658209928462315;72.72727272727273;37.22985547292743;0.9871987821776061;125051.97595972156;115319.65811367359;89891.20833044237;116025.33501384138;132953.27451837514;139424.87357849936;141772.53389609087;144940.21974292822;160903.28336161017;183576.5753632007;174524.39086824446;150658.25397038876
DBA_subgradient;MG;etanolhidratado;knn_rf_deepar_svr_catboost_arima;{};12;12;89621.27785632212;0.37937270368657633;72.72727272727273;38.58511081554791;1.0231351672851852;123521.87520651557;110952.72162693265;89897.55310270189;115009.06264392078;125751.7801395592;132478.5060174874;139576.7324739868;145219.98261681435;157180.75144800343;181982.64955388772;163749.65788491364;153554.88340988508
DBA;MG;etanolhidratado;knn_rf_deepar_svr_catboost_arima;{};12;12;90235.10960253845;0.3813434022032511;72.72727272727273;38.81282239090305;1.029173240412861;124796.80748668809;110727.39957963943;88379.46768875002;115277.48705262048;126549.825579057;133161.45958439523;140457.87464684743;145292.64105281833;149261.54819129308;178028.32625977736;170064.48154478386;150802.28051419303
EBA_twe;MG;etanolhidratado;knn_rf_deepar_svr_catboost_arima;{};12;12;92665.83963995744;0.39378932887716694;54.54545454545455;39.938227875656125;1.059014853008218;116204.58646536373;90911.45726052967;105811.48188684351;112636.38714563812;118657.65735509405;126254.30231250539;131306.4402740746;142670.0748403665;154401.45909084054;173065.40032733974;174872.74911598267;155975.7942171694
