DATA;MCPM;UF;PRODUCT;MODEL;PARAMS;WINDOW;HORIZON;RMSE;MAPE;POCID;PBE;P1;P2;P3;P4;P5;P6;P7;P8;P9;P10;P11;P12
combination;3185.710167332948;DF;glp;combination-median;ARIMA-SARIMA-VARMA;12;12;440.7814431717835;0.023445510544602477;83.33333333333333;0.6005083029809367;14542.66536936284;14067.77924438428;14581.841419688511;14696.484037957844;14798.8335227141;15077.288709234575;14158.811828062222;14133.432117244529;14048.143519842792;14588.41231304237;13291.434076130048;13536.75318380387
