DATA;MCPM;UF;PRODUCT;MODEL;PARAMS;WINDOW;HORIZON;RMSE;MAPE;POCID;PBE;P1;P2;P3;P4;P5;P6;P7;P8;P9;P10;P11;P12
combination;35367.696606912934;PR;glp;combination-median;ARIMA-SARIMA-VARMA;12;12;3263.1363127930563;0.0303481355861495;75.0;2.9300377457344586;80543.03923644037;79170.64530713699;86459.2238163394;88652.79756545526;88295.0326365924;91119.2597484459;84387.29055183152;83830.32123382688;82039.20280265209;78572.49976715405;75772.56757930064;75181.55808870801
