train_range;test_range;UF;PRODUCT;MODEL;PARAMS;WINDOW;HORIZON;RMSE;MAPE;POCID;PBE;MCPM;MASE;P1;P2;P3;P4;P5;P6;P7;P8;P9;P10;P11;P12;error_series;Test Statistic;p-value;Lags Used;Observations Used;Critical Value (1%);Critical Value (5%);Critical Value (10%);Stationary
1990-01_2023-02;2023-03_2024-02;PB;etanolhidratado;ARIMA;{'depth': 4, 'iterations': 100, 'learning_rate': 0.01, 'loss_function': 'RMSE'};12;12;3909.2758115809133;0.2272121104503213;63.63636363636363;25.955423189205007;61943.32485733504;0.6661598197903505;9612.487364931443;8258.332879184623;7617.781275363808;7919.588712494352;7943.530111770465;7940.86549485357;8380.37373939153;9290.495712047476;9382.509745483274;10589.911594907006;10102.615078362509;9260.27150277976;[650.9126350685565, 960.5671208153763, 917.4587246361916, 879.7912875056472, 151.84988822953528, 2878.3445051464287, 4373.606260608469, 3833.574287952524, 3284.5002545167263, 5044.168405092994, 7097.384921637491, 7189.576497220241];-2.1461590599786797;0.22636319950074663;17;379;-3.4477224095888497;-2.869196333125208;-2.5708486586002604;False
1990-01_2022-02;2022-03_2023-02;PB;etanolhidratado;ARIMA;{'loss_function': 'RMSE', 'learning_rate': 0.3, 'iterations': 200, 'depth': 5};12;12;4994.425860690781;0.42865665253117285;54.54545454545455;11.710332886765034;99237.73651732289;inf;8758.531622607532;4649.93966323238;3839.3811694200194;5769.108515841708;7153.654061747973;9453.8696046189;12465.67457927931;12405.018624415436;10379.475673901537;11708.05101164273;10568.72708563763;8469.894458719844;[6740.818377392468, 9586.450336767619, 8323.93883057998, 5151.2914841582915, -1920.774061747973, -5272.3696046189, -5223.69457927931, -429.59862441543555, 813.9943260984619, -1223.0610116427306, -2225.85708563763, -312.0144587198438];-1.9959246189963444;0.28836286571471914;15;369;-3.448196541708585;-2.869404683789669;-2.5709597356805545;False
