DATA;MCPM;UF;PRODUCT;MODEL;PARAMS;WINDOW;HORIZON;RMSE;MAPE;POCID;PBE;P1;P2;P3;P4;P5;P6;P7;P8;P9;P10;P11;P12
combination;8.913011104697298e+16;AL;queroseneiluminante;combination-mean;ARIMA-SARIMA-VARMA;12;12;0.49730586523507675;2048185995150038.2;0.0;-inf;-0.5833883659607946;0.7978908044511775;-0.6291867679512563;-0.2867820858165839;0.41480622909464426;0.5006559235737171;-0.48683822113143005;-0.06792563639420852;0.4685043939466023;0.212460832941298;0.31135602871733986;0.6976685112938152
