DATA;MCPM;UF;PRODUCT;MODEL;PARAMS;WINDOW;HORIZON;RMSE;MAPE;POCID;PBE;MASE;P1;P2;P3;P4;P5;P6;P7;P8;P9;P10;P11;P12
normal;8553.128476109461;PE;glp;sarima;{'p': 1, 'd': 1, 'q': 1, 'P': 6, 'D': 0, 'Q': 6, 's': 12};12;12;2163.840737189792;0.03742625016396015;90.9090909090909;3.2786238009243176;1.2091079765901342;45852.43762985275;43142.44594614956;42256.869076092065;43887.66120429273;47144.55637672298;49216.31258536561;46089.67956489766;45640.329335147224;44088.523831797334;45922.377815532265;42615.14020024162;40840.73911550009
log;9516.247636054444;PE;glp;sarima;{'p': 6, 'd': 0, 'q': 4, 'P': 5, 'D': 0, 'Q': 1, 's': 12};12;12;2406.699488406087;0.040461407276395245;90.9090909090909;3.50947795547657;1.3058485964596942;46090.54830801599;43336.51042314819;41351.61399872137;43579.223519696585;47021.68704415301;49285.67084241552;46398.2753451127;45266.66089126435;43813.03225275829;45941.38528472225;42424.186057083774;40907.29250614025
deseasonal;25.85568323710864;PE;glp;sarima;{'p': 6, 'd': 0, 'q': 6, 'P': 1, 'D': 0, 'Q': 6, 's': 12};12;12;1804.6634937138747;0.03308713392612824;100.0;3.061225315613239;1.0766313313395541;45302.21134553708;42602.763480550086;44047.73145169122;45330.80371018103;46763.68412501626;47559.22442662659;46308.77475003311;45889.84330131411;43814.31131297024;46672.34555282297;42767.83113902638;40843.870155017925
