DATA;MCPM;UF;PRODUCT;MODEL;PARAMS;WINDOW;HORIZON;RMSE;MAPE;POCID;PBE;MASE;P1;P2;P3;P4;P5;P6;P7;P8;P9;P10;P11;P12
normal;606.0461476117292;RR;glp;sarima;{'p': 5, 'd': 1, 'q': 6, 'P': 2, 'D': 0, 'Q': 5, 's': 12};12;12;76.83385730646896;0.027620727763097888;81.81818181818181;2.3106020790951747;0.902512485886452;2436.842993966832;2357.112160524885;2470.4324893582084;2400.163407041112;2513.09039653852;2463.627896933331;2388.3133702268874;2400.200051812183;2326.3782801051066;2503.075031878075;2294.3392797891775;2250.1949418834547
log;697.0010379556743;RR;glp;sarima;{'p': 3, 'd': 0, 'q': 5, 'P': 6, 'D': 0, 'Q': 3, 's': 12};12;12;88.34614616987335;0.0315539760110348;81.81818181818181;2.9339097575956834;1.030539320632521;2453.95240314549;2342.8092700371335;2448.482560295823;2400.080139407756;2491.1224881248313;2446.4243229805056;2367.7312293019863;2383.290843137129;2313.5139363359426;2477.5358247983145;2264.9392099296592;2230.105476090172
deseasonal;704.5553542645625;RR;glp;sarima;{'p': 1, 'd': 1, 'q': 1, 'P': 5, 'D': 0, 'Q': 3, 's': 12};12;12;89.2975245083849;0.03265314979416368;81.81818181818181;2.8712673575599954;1.0703553608857725;2437.2490763123415;2355.8246279300524;2465.152193538251;2397.600260702869;2456.943875581753;2455.7920594655257;2330.976088474506;2369.2123789878015;2352.397368403846;2452.352211402733;2296.1214373085804;2268.8362700374437
