DATA;MCPM;UF;PRODUCT;MODEL;PARAMS;WINDOW;HORIZON;RMSE;MAPE;POCID;PBE;MASE;P1;P2;P3;P4;P5;P6;P7;P8;P9;P10;P11;P12
normal;24.39212527542963;CE;glp;sarima;{'p': 6, 'd': 1, 'q': 1, 'P': 6, 'D': 0, 'Q': 2, 's': 12};12;12;1985.9447667340926;0.028364938098526648;100.0;2.360175163766904;0.9478430908209947;42778.434758758856;42170.56639112997;43157.02542633572;44282.244440770366;44230.25722460578;45558.3576143358;42937.56823327939;43493.12064475266;42187.600247157934;42797.13566569984;42057.03410970247;39761.88361607316
log;8701.972405708184;CE;glp;sarima;{'p': 4, 'd': 0, 'q': 6, 'P': 5, 'D': 0, 'Q': 4, 's': 12};12;12;2202.297914330432;0.03412078083666121;90.9090909090909;3.060058486782224;1.136170889269749;42386.14554449428;41782.309484053985;42816.26628963258;43443.8576978965;44226.37351500421;45023.25124273549;42604.81386845103;43440.15784964222;41885.65166764637;42812.285493063624;42111.95550577123;39183.68694126205
deseasonal;7901.386405260215;CE;glp;sarima;{'p': 1, 'd': 1, 'q': 6, 'P': 4, 'D': 0, 'Q': 6, 's': 12};12;12;2000.5207938626054;0.030313120004810512;90.9090909090909;2.4779606985453886;1.0105441998256086;43116.765993511755;42323.96671732043;42896.20496228099;43672.8296589642;44132.87075311593;44647.70518155511;42788.544591723796;43449.10279621312;42458.540189004976;43827.952305212384;41978.85012827557;39496.14073170453
