DATA;MCPM;UF;PRODUCT;MODEL;PARAMS;WINDOW;HORIZON;RMSE;MAPE;POCID;PBE;P1;P2;P3;P4;P5;P6;P7;P8;P9;P10;P11;P12
combination;78244.43728598829;DF;gasolinac;combination-mean;ARIMA-SARIMA_DS-RF;12;12;7208.893250233167;0.06572622049405881;75.0;-3.2436647365076317;90463.91353929878;87806.64277564101;90587.36912916227;86047.98305627605;87284.82337241035;88982.83552655383;87757.24234293438;89539.75026597417;88014.09745318272;94401.59519615893;84124.51355251578;86133.56368949605
