DATA;MCPM;UF;PRODUCT;MODEL;PARAMS;WINDOW;HORIZON;RMSE;MAPE;POCID;PBE;P1;P2;P3;P4;P5;P6;P7;P8;P9;P10;P11;P12
combination;238292.94169437938;RS;gasolinac;combination-mean;ARIMA-SARIMA_DS-RF;12;12;16490.213673313887;0.03874392236912335;66.66666666666667;2.8297683914823146;315481.83303708705;306575.1254286094;304134.4394479909;296503.5174199275;303907.4232823124;307077.3770282565;306134.6971446184;312113.59337616625;310332.4163812084;340902.6678967124;313663.5841505912;310904.02490601334
