DATA;MCPM;UF;PRODUCT;MODEL;PARAMS;WINDOW;HORIZON;RMSE;MAPE;POCID;PBE;P1;P2;P3;P4;P5;P6;P7;P8;P9;P10;P11;P12
combination;398978.8897946617;RJ;gasolinac;combination-mean;ARIMA-SARIMA_DS-RF;12;12;15776.081758268025;0.07141670786030672;41.666666666666664;5.074549476280313;205797.9749374758;201365.47635957837;194161.00637658758;184283.66469457207;187286.45548513802;182593.32134254777;180141.795536881;185518.43204185317;182198.61261041314;199473.04430642416;189015.54612823698;190463.69503179425
