DATA;MCPM;UF;PRODUCT;MODEL;PARAMS;WINDOW;HORIZON;RMSE;MAPE;POCID;PBE;P1;P2;P3;P4;P5;P6;P7;P8;P9;P10;P11;P12
combination;50262.61085652351;PA;gasolinac;combination-mean;ARIMA-SARIMA_DS-RF;12;12;6944.9886747362025;0.046930847783074686;83.33333333333333;4.039951079406474;108206.65416825742;103844.45197665427;107670.77542105567;105295.03532950339;113239.89948130908;113813.00177347453;113969.84704416305;116477.71457926757;113186.58304779233;122131.31511276578;109608.22102338799;108286.33443207327
