DATA;MCPM;UF;PRODUCT;MODEL;PARAMS;WINDOW;HORIZON;RMSE;MAPE;POCID;PBE;P1;P2;P3;P4;P5;P6;P7;P8;P9;P10;P11;P12
combination;58397.31717061769;MT;gasolinac;combination-mean;ARIMA-SARIMA_DS-RF;12;12;4038.8818272230374;0.05732332493760257;66.66666666666667;-1.3119685074342824;57436.03180698432;57035.14755997969;57817.69189055765;55449.89608767195;56199.62710624828;55800.71566165529;54968.54399502282;54898.338303705284;54686.943885903886;58603.48258005457;55906.95021373033;55663.44714788496
