DATA;MCPM;UF;PRODUCT;MODEL;PARAMS;WINDOW;HORIZON;RMSE;MAPE;POCID;PBE;P1;P2;P3;P4;P5;P6;P7;P8;P9;P10;P11;P12
combination;5012.588371877255;AP;gasolinac;combination-mean;ARIMA-SARIMA_DS-RF;12;12;693.1256546112994;0.03378839009647729;83.33333333333333;0.9842491107508187;15755.783878961553;15548.143633355101;16341.249779314214;16153.350466674354;16687.978774488103;17415.173064832947;17221.619422257623;17415.79018127595;16795.22080236388;17333.932867939457;15812.159750756744;15176.081950572945
