DATA;MCPM;UF;PRODUCT;MODEL;PARAMS;WINDOW;HORIZON;RMSE;MAPE;POCID;PBE;P1;P2;P3;P4;P5;P6;P7;P8;P9;P10;P11;P12
hybrid1;2165171.7756203418;PE;oleocombustivel;HYBRID;{'p': 4, 'd': 1, 'q': 2};12;12;25369.209931098467;130.09063616082497;33.333333333333336;5227.021481648038;-29002.537423700516;-29531.64256991201;-31773.73672489924;-15078.140061557944;-17935.007149818804;-17196.197577828592;-13011.746497327465;-9197.114267925966;-17039.482394846906;-31827.170731564285;-30123.449047375412;-37811.80659450883
half-sarima-hybrid1;936918.9622826325;PE;oleocombustivel;HYBRID;{'p': 4, 'd': 1, 'q': 2};12;12;18506.568576598213;50.06938262025802;33.333333333333336;2630.4144993032123;191.01391018292267;168.02689010832154;165.0921941656517;168.85432114947633;173.48738505411146;184.704602902632;-13011.746497327465;-9197.114267925966;-17039.482394846906;-31827.170731564285;-30123.449047375412;-37811.80659450883
half-sarima_mean-hybrid1;1026228.7285710657;PE;oleocombustivel;HYBRID;{'p': 4, 'd': 1, 'q': 2};12;12;18519.248632499402;52.75986691983936;25.0;2614.4887717517972;1021.9957567537772;189.51309085356428;-693.5566883069122;247.35048142839656;-705.7086029890668;1859.86469107665;-13011.746497327465;-9197.114267925966;-17039.482394846906;-31827.170731564285;-30123.449047375412;-37811.80659450883
hybrid-deseasonal;2796741.187097429;PE;oleocombustivel;HYBRID;{'p': 2, 'd': 1, 'q': 2};12;12;29921.135075396098;148.86235439780015;33.333333333333336;6161.524867297953;-27809.538034949022;-33212.05901317777;-37777.047927424675;-20023.162979259338;-25567.999548298667;-16380.339734238743;-15093.629406392642;-11545.700504027727;-21245.694616159264;-40050.31357568741;-36593.71760424269;-45178.46665990348
half-deseasonal-hybrid;1363537.4988049134;PE;oleocombustivel;HYBRID;{'p': 2, 'd': 1, 'q': 2};12;12;22508.386449893496;64.68586929776158;25.0;3210.260560349929;1442.2355303423244;-155.42413230704733;-1673.787361170011;-302.59059065750057;-1848.170970035168;2672.1434966542533;-15093.629406392642;-11545.700504027727;-21245.694616159264;-40050.31357568741;-36593.71760424269;-45178.46665990348
