DATA;MCPM;UF;PRODUCT;MODEL;PARAMS;WINDOW;HORIZON;RMSE;MAPE;POCID;PBE;P1;P2;P3;P4;P5;P6;P7;P8;P9;P10;P11;P12
hybrid1;3.537893224740657e+20;MS;oleocombustivel;HYBRID;{'p': 2, 'd': 1, 'q': 2};12;12;1472.1847054866191;5.3675578221374445e+17;50.0;-405.02188461666566;2326.113705242028;1736.969696572826;1508.2253223012506;1278.3265471565023;1171.5241938614033;1758.8472437269304;1770.8778261845264;1750.2628745350837;1458.7433095650094;1430.2047072345244;1492.8451682031296;2706.1665469177333
half-sarima-hybrid1;2.9253918053107017e+20;MS;oleocombustivel;HYBRID;{'p': 2, 'd': 1, 'q': 2};12;12;1216.9882391569151;5.3675578221374445e+17;58.333333333333336;-309.855058908087;2040.5983938104096;1140.7816923839066;700.7139508551496;907.9886594383848;448.4590624974189;699.321342254426;1770.8778261845264;1750.2628745350837;1458.7433095650094;1430.2047072345244;1492.8451682031296;2706.1665469177333
half-sarima_mean-hybrid1;2.7085564236942888e+20;MS;oleocombustivel;HYBRID;{'p': 2, 'd': 1, 'q': 2};12;12;1123.6944395598248;5.3675578221374445e+17;58.333333333333336;-282.75400131477153;1447.1889593964845;879.6907580251936;639.6964484294951;786.6229296764376;488.1106601890533;602.4099356042325;1770.8778261845264;1750.2628745350837;1458.7433095650094;1430.2047072345244;1492.8451682031296;2706.1665469177333
hybrid-deseasonal;3.705747865313252e+20;MS;oleocombustivel;HYBRID;{'p': 5, 'd': 1, 'q': 2};12;12;1473.8856914062414;5.646824449689021e+17;58.333333333333336;-399.57263938296654;2320.0864195448344;1655.6865880614469;1315.2545244709142;1382.462125227095;1177.1103591788224;1713.290297081674;1612.2193655528044;1408.2971452738832;1541.6349398235507;1504.616284814647;1681.4277550671582;2857.020485372649
half-deseasonal-hybrid;3.2085162029298634e+20;MS;oleocombustivel;HYBRID;{'p': 5, 'd': 1, 'q': 2};12;12;1253.8644939342375;5.646824449689021e+17;41.666666666666664;-325.5379514770356;1792.6446761892676;1154.0029769690627;1029.3860808150712;958.941020022628;816.6836714254845;823.2501630297372;1612.2193655528044;1408.2971452738832;1541.6349398235507;1504.616284814647;1681.4277550671582;2857.020485372649
