DATA;MCPM;UF;PRODUCT;MODEL;PARAMS;WINDOW;HORIZON;RMSE;MAPE;POCID;PBE;P1;P2;P3;P4;P5;P6;P7;P8;P9;P10;P11;P12
hybrid1;1.2500526712837589e+24;PB;oleocombustivel;HYBRID;{'p': 2, 'd': 1, 'q': 2};12;12;32205.669584721178;8.945348618643648e+19;33.333333333333336;6159.907175713751;-30750.712057787445;-35114.08180357745;-39985.57727469965;-16351.760770650699;-24656.773232390384;-22671.778087959236;-22472.933244870244;-17056.48276297044;-23995.3255712976;-39073.14142590251;-42500.69337329352;-46348.35152127326
half-sarima-hybrid1;2.771361678398639e+23;PB;oleocombustivel;HYBRID;{'p': 2, 'd': 1, 'q': 2};12;12;24630.053258384258;2.5915124209223795e+19;33.333333333333336;3310.043793792718;19.44367745318277;47.83864993184257;44.32911930999972;31.526802874344558;27.972112444500283;59.367071285163306;-22472.933244870244;-17056.48276297044;-23995.3255712976;-39073.14142590251;-42500.69337329352;-46348.35152127326
half-sarima_mean-hybrid1;2.8691536332223018e+23;PB;oleocombustivel;HYBRID;{'p': 2, 'd': 1, 'q': 2};12;12;24633.22261845451;2.6826138422978957e+19;33.333333333333336;3337.8684850781774;-47.8116643137365;-1.625832615331615;-570.8735833637143;-423.5639196494981;-998.5727870104524;615.4591404385435;-22472.933244870244;-17056.48276297044;-23995.3255712976;-39073.14142590251;-42500.69337329352;-46348.35152127326
hybrid-deseasonal;1.5053691207844114e+24;PB;oleocombustivel;HYBRID;{'p': 3, 'd': 1, 'q': 2};12;12;35369.05401777259;9.810724888079226e+19;33.333333333333336;6773.753605477764;-31007.513265616326;-35708.83662674895;-41263.80391336703;-20490.780790768717;-29076.722767555868;-25364.51124248325;-24173.146152054967;-20168.89394299466;-25482.514034921573;-42923.95170146224;-47557.7391823951;-54324.90905761173
half-deseasonal-hybrid;3.732426130280434e+23;PB;oleocombustivel;HYBRID;{'p': 3, 'd': 1, 'q': 2};12;12;27641.871798003973;3.1108349273569903e+19;33.333333333333336;3732.7034394003795;-74.84371577291233;-87.15389454932904;-1117.9871738310917;-347.6081365942757;-1449.2062852690483;1314.4390761532077;-24173.146152054967;-20168.89394299466;-25482.514034921573;-42923.95170146224;-47557.7391823951;-54324.90905761173
