DATA;UF;PRODUCT;MODEL;PARAMS;WINDOW;HORIZON;RMSE;MAPE;POCID;PBE;MASE;P1;P2;P3;P4;P5;P6;P7;P8;P9;P10;P11;P12
mean;PE;gasolinac;knn_rf_deepar_svr_catboost_arima;{};12;12;7597.819830031749;0.050544878990502064;81.81818181818181;1.3796877074783733;0.46596408527993155;122640.64252779896;118257.07102528177;119894.71828255746;116014.27735062329;117833.94361639205;119312.7534821446;120992.97190487204;122396.04849514682;120566.3615571028;126836.61326130382;122358.24335912375;120257.68368517976
