DATA;UF;PRODUCT;MODEL;PARAMS;WINDOW;HORIZON;RMSE;MAPE;POCID;PBE;MASE;P1;P2;P3;P4;P5;P6;P7;P8;P9;P10;P11;P12
mean;MA;gasolinac;knn_rf_deepar_svr_catboost_arima;{};12;12;3779.1705397809797;0.039927020800111276;63.63636363636363;2.315217716641377;0.4871394617241701;77651.84337917663;76425.34861119892;77184.54998157322;75666.9991862514;78876.7149457153;78326.44260416846;77935.34316251967;77728.77770439904;79136.75550992465;81263.591290137;78454.74082476173;76645.48440573263
