DATA;UF;PRODUCT;MODEL;PARAMS;WINDOW;HORIZON;RMSE;MAPE;POCID;PBE;MASE;P1;P2;P3;P4;P5;P6;P7;P8;P9;P10;P11;P12
mean;SP;gasolinac;knn_rf_deepar_svr_catboost_arima;{};12;12;64744.85860435283;0.06288515930228329;63.63636363636363;1.498069548591121;0.5264091647164661;899863.0957176089;881212.4886490871;812056.6159388585;803092.6748611433;819840.9884352607;814208.5428142621;810602.8246297647;812049.8943255584;826514.1368895194;879808.2924547745;844690.4351666907;833897.0844411902
