DATA;UF;PRODUCT;MODEL;PARAMS;WINDOW;HORIZON;RMSE;MAPE;POCID;PBE;MASE;P1;P2;P3;P4;P5;P6;P7;P8;P9;P10;P11;P12
mean;SC;gasolinac;knn_rf_deepar_svr_catboost_arima;{};12;12;12274.434714374735;0.04052723464468843;45.45454545454545;3.808977716270194;0.5166499452836895;228276.199812628;227313.18925044918;224032.70310954074;220647.82715803172;222445.50798911546;219043.7163079028;221676.52190431274;224745.4580429629;222348.40291290267;236944.96858776285;232472.24277439894;222752.0507293271
