DATA;MCPM;UF;PRODUCT;MODEL;PARAMS;WINDOW;HORIZON;RMSE;MAPE;POCID;PBE;P1;P2;P3;P4;P5;P6;P7;P8;P9;P10;P11;P12
combination;542.4399532925271;RR;glp;combination-median;ARIMA-SARIMA_DS-RF;12;12;75.010104112763;0.02773887332188781;83.33333333333333;1.9308941494588177;2444.517751334208;2393.262505347771;2472.684632041115;2421.918654058401;2474.481561224004;2475.813702349158;2377.81268580777;2384.419221761437;2378.3993566906947;2490.860037175419;2310.820759295104;2290.7365155131265
