DATA;MCPM;UF;PRODUCT;MODEL;PARAMS;WINDOW;HORIZON;RMSE;MAPE;POCID;PBE;P1;P2;P3;P4;P5;P6;P7;P8;P9;P10;P11;P12
combination;5779.195593033155;PE;glp;combination-median;ARIMA-SARIMA_DS-RF;12;12;1596.134475521739;0.02827099163386347;91.66666666666667;2.319654459656364;45331.39549208056;43204.66360530056;44687.12457998707;45106.58132878446;48024.53760375126;48763.47145250171;46365.00047377525;46076.5664627987;44311.44459388744;46934.48248525417;42596.34227915949;40616.68559961469
