DATA;MCPM;UF;PRODUCT;MODEL;PARAMS;WINDOW;HORIZON;RMSE;MAPE;POCID;PBE;P1;P2;P3;P4;P5;P6;P7;P8;P9;P10;P11;P12
combination;17917.234663141575;MA;glp;combination-median;ARIMA-SARIMA_DS-RF;12;12;1239.831327679614;0.039562911603321746;66.66666666666667;3.3930575655799515;27000.41988088197;26446.2266185354;26529.664780836025;26439.50435411356;25953.67139582945;27056.13897924072;26025.71468531205;25807.809578880173;25742.23514861225;26577.44995643411;26212.36866764242;24933.800923354756
