DATA;MCPM;UF;PRODUCT;MODEL;PARAMS;WINDOW;HORIZON;RMSE;MAPE;POCID;PBE;P1;P2;P3;P4;P5;P6;P7;P8;P9;P10;P11;P12
combination;8335.936015164005;AM;glp;combination-median;ARIMA-SARIMA_DS-RF;12;12;576.9340844179496;0.03258155583337987;66.66666666666667;1.229359637631992;15241.159129801788;14658.77419876566;15199.38938484894;14609.955538477783;14780.894861627785;15148.63665903952;14484.734035747677;14726.04612613695;14881.881868817;15313.963968788375;14565.21282198573;14338.554104502662
