DATA;MCPM;UF;PRODUCT;MODEL;PARAMS;WINDOW;HORIZON;RMSE;MAPE;POCID;PBE;P1;P2;P3;P4;P5;P6;P7;P8;P9;P10;P11;P12
combination;1533.5488230654278;AC;glp;combination-median;ARIMA-SARIMA_DS-RF;12;12;141.41253391403862;0.037653145773892185;75.0;2.9393296774065667;3205.667364972909;3085.755544373585;3181.323089189301;3075.7945661527174;3111.029895837691;3157.024343250611;3004.3298576066545;3118.130514942157;3116.222358465192;3230.378770265467;3022.08007958;3032.9523655040766
