DATA;MCPM;UF;PRODUCT;MODEL;PARAMS;WINDOW;HORIZON;RMSE;MAPE;POCID;PBE;MASE;P1;P2;P3;P4;P5;P6;P7;P8;P9;P10;P11;P12
normal;11931.562697652591;PE;querosenedeaviacao;rf_noresid;{'n_estimators': 100};12;12;1509.8629594632157;0.06721657274118822;81.81818181818181;-0.7052841566606054;0.710740898896136;16646.785210740614;15555.16670786401;15637.954910311397;15480.093917907356;17591.058130212874;16738.64714230599;17610.83285050271;18036.337575994075;19941.986380130464;22786.59646507928;22876.721755048053;19926.34954921863
log;15778.348266068293;PE;querosenedeaviacao;rf_noresid;{'n_estimators': 50};12;12;1333.5208610729142;0.05128163388806221;72.72727272727273;3.6730362682078734;0.5468877975146147;16538.141081448317;15389.186890071012;15519.752780131268;15766.068329115044;16629.641495734126;16540.445429305764;17310.559049044623;17601.013212513793;17759.480697805364;20077.323833951763;20917.536420499277;19265.46725417819
deseasonal;17625.372393077625;PE;querosenedeaviacao;rf_noresid;{'n_estimators': 150};12;12;1488.8993498547704;0.06444392373857576;72.72727272727273;-2.5622970379288588;0.6770373849748059;18640.186396372796;16963.331549399765;16023.74810729387;15753.393650760632;18023.099296927023;16769.220184643465;16936.61770710073;17948.538159108637;19121.471776778555;21948.416439061362;23864.28210035462;20871.439501596633
