DATA;MCPM;UF;PRODUCT;MODEL;PARAMS;WINDOW;HORIZON;RMSE;MAPE;POCID;PBE;MASE;P1;P2;P3;P4;P5;P6;P7;P8;P9;P10;P11;P12
normal;145962.2403049863;RJ;querosenedeaviacao;rf_noresid;{'n_estimators': 50};12;12;12273.012013653546;0.19242200591220146;72.72727272727273;19.046217490436185;1.4881847386898601;41718.24574675691;36340.088536626536;35320.734530543865;38212.011594216805;44248.22289023724;45407.85849381206;50406.27735637209;51452.31038939186;54165.84469360256;55396.74836208497;59434.26466505446;58266.34759344772
log;279015.90242602286;RJ;querosenedeaviacao;rf_noresid;{'n_estimators': 150};12;12;11776.540745514565;0.1692877158002899;45.45454545454545;16.651273084191985;1.3149436545330175;38125.39093993586;37012.579965411605;37530.5439728264;41847.24172826398;43136.228250270746;45708.06090577693;53018.02596447334;55252.75156096217;58230.235106859;59251.49328974242;59060.35618098271;59069.89642977473
deseasonal;148218.6921163519;RJ;querosenedeaviacao;rf_noresid;{'n_estimators': 50};12;12;12457.453460217746;0.2040634610458338;72.72727272727273;20.188342199114167;1.5774251646163546;46867.342085339085;40681.69433339679;33875.018998584936;36992.55740182951;42033.24426110181;44957.57640282687;45322.11923243604;49799.08683902728;52691.277239921095;56941.21138954103;59182.92060237426;52977.938324359675
