DATA;MCPM;UF;PRODUCT;MODEL;PARAMS;WINDOW;HORIZON;RMSE;MAPE;POCID;PBE;MASE;P1;P2;P3;P4;P5;P6;P7;P8;P9;P10;P11;P12
normal;724867.7333363774;SP;querosenedeaviacao;rf_noresid;{'n_estimators': 50};12;12;36745.48808956144;0.10222258492819507;54.54545454545455;10.464374363885847;0.7039983063446417;293888.20953897433;256522.26761889906;285953.9058124866;284667.8612191425;298912.23323151964;284216.0568068642;278896.09687677945;276345.77968097007;281732.6679351125;291110.33349323116;284233.3433975903;295410.9208335167
log;829768.6159978798;SP;querosenedeaviacao;rf_noresid;{'n_estimators': 50};12;12;35068.586538635864;0.09784270463357014;45.45454545454545;7.847006086835154;0.6645334218039718;304852.63357832923;304505.9872698913;299306.5795160833;289150.5539312011;290534.32759463415;294131.2193628215;296265.64346804965;293036.47604482627;289991.8171579721;288905.6222850158;279122.7760509172;281824.79490425024
deseasonal;737237.2057670561;SP;querosenedeaviacao;rf_noresid;{'n_estimators': 100};12;12;62041.38096029021;0.16979157183832524;72.72727272727273;17.288044740928264;1.1630656353070679;286406.2077877541;264184.64871807856;262041.3836165064;247659.225643871;252430.98029238175;233222.13327740866;224396.9781838514;245374.1615161655;257650.26038052508;282159.42074854625;306632.40273281274;289705.6510297367
