DATA;MCPM;UF;PRODUCT;MODEL;PARAMS;WINDOW;HORIZON;RMSE;MAPE;POCID;PBE;MASE;P1;P2;P3;P4;P5;P6;P7;P8;P9;P10;P11;P12
normal;63276.17944278637;MG;querosenedeaviacao;rf_noresid;{'n_estimators': 100};12;12;5279.733292421391;0.40274135236637854;72.72727272727273;-40.538092413421126;0.7390620385289661;15601.136434437125;15300.33630395792;15015.121679788985;14947.419820053256;16624.945758084006;17037.4462837209;18048.17970137132;18834.143935855747;19548.54978303571;20153.256989588972;20601.01897034619;21729.459348905668
log;86204.75578945226;MG;querosenedeaviacao;rf_noresid;{'n_estimators': 100};12;12;5414.20825564187;0.40382104489517273;63.63636363636363;-40.90949976033822;0.7458332765077492;14872.672408384347;14475.085432687318;14466.2199065082;14349.451013624415;16269.978793528568;17742.83504492612;19749.44143246884;20295.75697722041;20804.43140869319;20669.380345488553;20160.4644401226;20149.369508378168
deseasonal;58605.94857772105;MG;querosenedeaviacao;rf_noresid;{'n_estimators': 200};12;12;4896.581876301582;0.36587162171330284;72.72727272727273;-37.07876647897968;0.675994036932572;15256.832681292255;13754.206258527518;14377.549203875587;14479.19226667473;16001.414244464835;16488.948182209075;18221.526384165594;19301.91184564747;19682.580796614908;20925.82767651231;20847.619062148202;18849.58499806319
