DATA;MCPM;UF;PRODUCT;MODEL;PARAMS;WINDOW;HORIZON;RMSE;MAPE;POCID;PBE;MASE;P1;P2;P3;P4;P5;P6;P7;P8;P9;P10;P11;P12
normal;3044.2587735151815;TO;querosenedeaviacao;rf_noresid;{'n_estimators': 50};12;12;192.484545492175;0.1353581721253228;63.63636363636363;6.399667252940559;0.5952304393444308;676.6467468032931;673.2124978348124;671.9514588805035;670.6606047281517;683.5905704304135;806.547193540129;784.4382129533496;905.4285601182248;934.9700624105328;957.418900318424;992.5422756343168;915.8662566151193
log;4100.51769470115;TO;querosenedeaviacao;rf_noresid;{'n_estimators': 100};12;12;207.45307311711994;0.15837734722692656;54.54545454545455;3.1939853837192707;0.6719174688408853;791.5779565115993;729.1035638440637;738.8806196171563;708.7661877846035;679.2191323420035;771.9886944363748;838.6446833855658;934.7587518887507;981.2397834789288;968.1051587265325;932.8526432670358;929.4323906798647
deseasonal;3160.413899318581;TO;querosenedeaviacao;rf_noresid;{'n_estimators': 200};12;12;199.67652967921805;0.15971242146175668;63.63636363636363;6.962664979061925;0.6671374517102213;809.497858256634;678.2011932008849;617.1235009170563;588.96551523927;680.1479925896055;776.7392941948777;823.7954397213548;901.6198560222266;895.215145021014;977.444339303384;1001.1111562314267;865.2281656570938
