DATA;UF;PRODUCT;MODEL;PARAMS;WINDOW;HORIZON;RMSE;MAPE;POCID;PBE;MASE;P1;P2;P3;P4;P5;P6;P7;P8;P9;P10;P11;P12
mean;RN;oleodiesel;knn_rf_deepar_svr_catboost_arima;{};12;12;2062.348004798492;0.04521087123719721;63.63636363636363;3.073479981385459;1.1289859018004218;37255.800876509005;35485.44716475967;36909.91497266211;37224.14851258914;37888.05535478192;40455.24906890303;40131.81992647249;39425.48797357729;40744.14969878334;40213.46092223587;39329.16914655603;35125.640702154735
