DATA;UF;PRODUCT;MODEL;PARAMS;WINDOW;HORIZON;RMSE;MAPE;POCID;PBE;MASE;P1;P2;P3;P4;P5;P6;P7;P8;P9;P10;P11;P12
mean;MG;oleodiesel;knn_rf_deepar_svr_catboost_arima;{};12;12;47206.69351489971;0.06235059257123098;63.63636363636363;4.931381460707096;1.070927713229469;632889.4872083749;634675.4691395046;646355.5066703013;655168.0742839418;683320.1889553647;693285.0771987479;697858.3768018787;715205.9968499724;655783.0967915988;590246.4867311165;550822.7421111707;626109.2709871077
