DATA;UF;PRODUCT;MODEL;PARAMS;WINDOW;HORIZON;RMSE;MAPE;POCID;PBE;MASE;P1;P2;P3;P4;P5;P6;P7;P8;P9;P10;P11;P12
mean;MA;oleodiesel;knn_rf_deepar_svr_catboost_arima;{};12;12;12689.616085049052;0.07300303071590333;72.72727272727273;7.425183701172812;0.9580115361740617;121179.24002554729;116239.78889099823;122194.17708333995;126377.99202702726;134904.11769361526;141400.07853490094;144649.0786927443;141307.79957935796;140258.29822479605;140420.23889740606;121220.87286820148;115099.57699454586
