DATA;UF;PRODUCT;MODEL;PARAMS;WINDOW;HORIZON;RMSE;MAPE;POCID;PBE;MASE;P1;P2;P3;P4;P5;P6;P7;P8;P9;P10;P11;P12
mean;SP;oleodiesel;knn_rf_deepar_svr_catboost_arima;{};12;12;79918.0219673053;0.059033933836804414;90.9090909090909;5.979774615824231;0.9624059149718648;1055335.3381013847;1021367.3601867289;1082190.076284012;1072191.3045539956;1152114.4856943279;1177987.8599988043;1149859.4576849071;1189193.3513770679;1111380.3041837183;1033134.6946745925;906951.3200667913;919510.4338626782
