DATA;UF;PRODUCT;MODEL;PARAMS;WINDOW;HORIZON;RMSE;MAPE;POCID;PBE;MASE;P1;P2;P3;P4;P5;P6;P7;P8;P9;P10;P11;P12
mean;ES;oleodiesel;knn_rf_deepar_svr_catboost_arima;{};12;12;6847.390951371193;0.041885185377391464;54.54545454545455;2.4518191309784103;0.9554289629735472;104496.13692967789;104524.06863608849;108233.40947976537;108877.58634428859;112469.43457256276;113976.51580872777;115734.0475976715;117349.71092930113;108333.46613749219;105652.69157484565;107057.9663767249;103753.52642930765
