DATA;MCPM;UF;PRODUCT;MODEL;PARAMS;WINDOW;HORIZON;RMSE;MAPE;POCID;PBE;P1;P2;P3;P4;P5;P6;P7;P8;P9;P10;P11;P12
combination;10063.298887086183;RN;querosenedeaviacao;combination-mean;ARIMA-SARIMA_DS-RF;12;12;923.5968587079823;0.15841483819015514;75.0;-15.140338059947808;5696.082999564653;5475.204749717273;5536.559216963441;5502.841452192952;6495.430545645768;6078.827257326048;5981.62075216465;6261.5011626592695;6460.811178271267;6694.286173517818;6921.13122861365;5857.85458185517
