DATA;MCPM;UF;PRODUCT;MODEL;PARAMS;WINDOW;HORIZON;RMSE;MAPE;POCID;PBE;P1;P2;P3;P4;P5;P6;P7;P8;P9;P10;P11;P12
combination;6507.892688109595;SE;querosenedeaviacao;combination-mean;ARIMA-SARIMA_DS-RF;12;12;445.8851713219465;0.34743094364432653;66.66666666666667;-26.747321494814585;1597.9823920120464;1584.1809636216817;1595.647130702347;1591.0142658873365;1622.713408933686;1559.5346051885272;1563.468169027374;1640.0900315513072;1680.8631309728828;1841.1853648195;1959.866810784772;1790.2111557956707
