DATA;UF;PRODUCT;MODEL;PARAMS;WINDOW;HORIZON;RMSE;MAPE;POCID;PBE;MASE;P1;P2;P3;P4;P5;P6;P7;P8;P9;P10;P11;P12
normal;DF;oleodiesel;knn;{};12;12;4537.793249063975;2.14983208939649;81.81818181818181;425.39172522834184;1.0167238028158136;3958.9710864220533;-323.55428171423705;3442.9931295959777;4059.482457123402;3777.8359859410675;4424.400566164629;1640.5086055514155;3520.8333300864397;-325.1005076340614;115.14564152828711;-2142.182225407124;-2318.554549048704
deseasonal;DF;oleodiesel;knn;{};12;12;3404.617052629201;3.725813133189257;90.9090909090909;191.90538514774673;0.677671049900087;2305.0473883846307;-737.4873028337183;1804.073080186914;2214.6755720368956;1776.0446923087566;2882.9838221902246;2487.3128103601043;1534.2473781775489;-984.406497009144;1958.091066304322;-976.9207235519427;-1676.4318435312598
log;DF;oleodiesel;knn;{};12;12;4910.880141744006;4.248833841050931;72.72727272727273;553.5745455608859;1.1464901794892146;2050.190841926704;2304.364214972018;1403.1418551333604;2935.4557151068575;3480.9284227913404;4838.091193144599;4307.394983773735;3499.699613460347;2841.88330382243;3025.405247508672;1848.3222423535697;-205.2654894798727
