DATA;UF;PRODUCT;MODEL;PARAMS;WINDOW;HORIZON;RMSE;MAPE;POCID;PBE;MASE;P1;P2;P3;P4;P5;P6;P7;P8;P9;P10;P11;P12
normal;BA;oleodiesel;knn;{};12;12;37028.39618850495;3.2195874934906445;63.63636363636363;77.2871542166453;1.094705730294631;-15505.444850306638;-1048.3283123084284;7462.582067441926;-11493.83431973459;8988.215147958319;21156.904225562674;27428.123680890432;41440.833168062214;26771.171572284813;-4405.011748157012;-567.5199432807731;-27184.748238550637
deseasonal;BA;oleodiesel;knn;{};12;12;40894.22185616237;1.5166853538907261;54.54545454545455;127.13843947991145;1.4389876399017572;11397.422492937209;-7783.823150019426;-6651.179711967583;-10291.113482574892;-20967.044616809515;-17337.568554651196;-12806.877202381009;-2298.468242055633;-10910.385570512693;-2229.4878171906075;-10348.326911016946;-5108.951570914473
log;BA;oleodiesel;knn;{};12;12;41644.53150734162;1.4630583741470247;90.9090909090909;127.00463882616835;1.8852340399786522;22308.984408864788;-35931.435267867004;632.114012682885;-22350.679684109196;-23105.525290129623;3026.6007963188695;-2298.9347062245233;15571.823041706784;-9737.615974135333;-1203.845922325425;-14440.88876334146;-32212.556114216342
