DATA;UF;PRODUCT;MODEL;PARAMS;WINDOW;HORIZON;RMSE;MAPE;POCID;PBE;MASE;P1;P2;P3;P4;P5;P6;P7;P8;P9;P10;P11;P12
normal;PB;oleodiesel;knn;{};12;12;3170.8871313974787;0.8262415131489749;9.090909090909092;56.14013952422772;0.892567333658177;3089.059436835968;3365.766029297548;3200.8334096918734;1151.6811824790027;1763.264275383704;-551.048479423697;-370.01789717690826;242.82082672155434;-310.1934984617883;2780.393276531077;1537.9215705453867;2073.419350018258
deseasonal;PB;oleodiesel;knn;{};12;12;2981.356596391948;0.6379721554560817;54.54545454545455;62.66487014576337;0.8433541623410132;1665.0208046454782;1184.7623340920097;1320.5096847254026;1422.996341541534;1147.4078647390922;795.9998947974641;1006.4693880814248;1080.5677110730248;1799.281061365507;1085.892761850842;939.4444855171437;574.8394601911598
log;PB;oleodiesel;knn;{};12;12;3703.6992625436146;0.804731245493905;45.45454545454545;68.18262290362726;0.9512102527421824;2536.3372729888442;1484.2783694471277;2375.0581400524784;557.4103552038289;-152.94775129547952;-584.582974493258;94.65077078385707;420.2239434792564;451.07818821513206;3176.752517237806;1172.8438352504538;1942.1212833189977
