DATA;UF;PRODUCT;MODEL;PARAMS;WINDOW;HORIZON;RMSE;MAPE;POCID;PBE;MASE;P1;P2;P3;P4;P5;P6;P7;P8;P9;P10;P11;P12
normal;MS;oleodiesel;knn;{};12;12;21798.56270926309;2.0932004087977734;45.45454545454545;145.29945872942696;1.14936999693113;-5002.730531258559;-18230.906056555636;-26072.600654057922;-8988.350782026284;-7084.165021454573;401.62628589987526;5127.002844466317;-5753.1099927632995;2308.5165725228453;-568.365102194969;-4094.273687974416;1971.4277969884606
deseasonal;MS;oleodiesel;knn;{};12;12;25372.703215729267;4.455470830393385;45.45454545454545;98.48953972744849;1.3453288704053847;-12907.075565562156;-4676.447082240309;-211.99659659424196;7316.254421302472;11586.806122915645;10101.544546227657;7983.030108040157;5631.5963326737565;4139.8409257071835;-5898.017671175763;-8177.145600133988;-12678.134859394742
log;MS;oleodiesel;knn;{};12;12;18046.961246119394;4.90441186413468;100.0;91.48968202918772;0.9711483561354314;39298.741211001325;7982.267532090252;-14787.482386356705;-12485.28273452281;27459.235109039146;30676.464257760923;14556.864859870571;6629.527639965559;-10570.102795701136;-46978.65300928375;-28407.532891902963;-665.4261966569117
