DATA;UF;PRODUCT;MODEL;PARAMS;WINDOW;HORIZON;RMSE;MAPE;POCID;PBE;MASE;P1;P2;P3;P4;P5;P6;P7;P8;P9;P10;P11;P12
normal;PE;oleodiesel;knn;{};12;12;26013.96757114234;5.771064922659242;45.45454545454545;333.819538669009;0.8416465961207148;-27903.99908926137;-2901.7110488564795;23321.51950162601;27234.841108938635;20292.390769310332;14813.038726013006;-1490.1260379897412;-12788.666450447014;-22568.745433368458;-31562.18087478214;-30410.951104763808;-33155.39086228449
deseasonal;PE;oleodiesel;knn;{};12;12;20445.718949475555;2.5430222730873475;63.63636363636363;290.1928677305517;0.6128711379042301;-22018.63777601283;-15071.61943582614;-3013.604467358371;16386.872273609937;12512.823051921083;16400.366452805836;15270.994354958291;7986.919320937495;538.2205800771535;-12625.146549290996;-26992.569518115706;-36184.91709585052
log;PE;oleodiesel;knn;{};12;12;17760.37470745934;4.215209901950087;63.63636363636363;499.9223091773615;0.708230657132331;-6352.953667174587;-5661.207007970063;8540.576695248203;5075.53613143815;-9.976200147151758;-313.9320305334386;-6517.415969173607;-10492.552754087854;-20268.4348799113;-26417.019559477634;-27797.48596025326;-30849.309997989105
