DATA;UF;PRODUCT;MODEL;PARAMS;WINDOW;HORIZON;RMSE;MAPE;POCID;PBE;MASE;P1;P2;P3;P4;P5;P6;P7;P8;P9;P10;P11;P12
normal;TO;oleodiesel;knn;{};12;12;11919.743609435904;1.9536061559414748;27.272727272727273;234.30275030281;1.2916207282461618;3045.774469163602;4098.881823162454;4165.669119944176;3752.666690014985;5412.78186706095;3697.5941386837826;7806.165306399248;4205.655746301192;511.6948415086499;-3027.5337460497676;-2854.8742413966293;-3190.4725945452383
deseasonal;TO;oleodiesel;knn;{};12;12;8631.64903863452;5.7959712147012326;45.45454545454545;318.61141408710023;0.9902446089568716;5333.524476973105;5625.650747325553;6018.235814826166;4952.596976029836;3741.51886925876;-20.4367916518504;2659.5847713184467;2721.6657032387297;2243.124054630908;682.5288968828359;-720.2141091367234;-370.8682606723655
log;TO;oleodiesel;knn;{};12;12;13169.859100971713;3.57649393687174;54.54545454545455;261.02733488361105;1.457923304068951;4545.171770828873;6189.245860289863;3295.3593687519046;3027.913669225213;7959.56720556911;10763.016922256766;6652.823864952859;8156.123294027356;6474.688249707779;944.8527949725731;-5376.281630758429;-12003.709193457045
