DATA;UF;PRODUCT;MODEL;PARAMS;WINDOW;HORIZON;RMSE;MAPE;POCID;PBE;MASE;P1;P2;P3;P4;P5;P6;P7;P8;P9;P10;P11;P12
normal;SE;oleodiesel;knn;{};12;12;7600.495413911083;2.7332134826963332;63.63636363636363;1202.7533582127542;2.1421784944604165;5874.006909626449;5621.700395462564;6262.637156336123;6404.75488931389;4870.071650307239;4717.507681544657;5842.074838116125;7060.092541551411;6247.105021025324;6973.144305941092;6090.064214334985;4909.042372263592
deseasonal;SE;oleodiesel;knn;{};12;12;6325.124846382096;6.245287683205253;72.72727272727273;1674.5947026957012;2.9339369535385806;5420.614672289992;5275.563697940019;5609.64909590479;5993.068096132113;5426.1830498871705;4648.04572004222;3797.13069645296;4129.714031487629;5783.182141721179;5395.01066640161;5992.511825621882;6684.354704692152
log;SE;oleodiesel;knn;{};12;12;6114.624958641897;8.839525794238432;45.45454545454545;983.7224015474161;2.2374490570039365;8183.003972785318;6356.560937730409;5780.850086223602;5248.0957078202455;2934.578421012635;2546.8215488258074;3408.112072519647;4603.0180658503;4355.618051187943;4787.422406489419;4109.0572747436645;4982.138925602366
