DATA;UF;PRODUCT;MODEL;PARAMS;WINDOW;HORIZON;RMSE;MAPE;POCID;PBE;MASE;P1;P2;P3;P4;P5;P6;P7;P8;P9;P10;P11;P12
normal;PA;oleodiesel;knn_rf_deepar_svr_catboost_arima;{};12;12;16868.69690901304;0.05846773021323807;54.54545454545455;-0.9567733525730396;1.4096380293050024;228637.26304962544;229790.79647697753;231951.43778450557;245041.3401777964;253957.30883858033;267777.7053692013;282644.94074240956;273937.5024382481;276805.33286623686;261611.9219716583;241442.21117079144;225872.33500829188
deseasonal;PA;oleodiesel;knn_rf_deepar_svr_catboost_arima;{};12;12;15809.326260443659;0.050429004413723034;63.63636363636363;0.3215787755594577;1.2137338114216023;237794.98762613063;232735.35525156144;236905.08968161116;247485.17918737285;250166.9718902916;258122.72431596924;260117.1519875422;264849.03543623176;263008.40069248376;258319.2105134802;245377.93541978666;226354.40304568378
log;PA;oleodiesel;knn_rf_deepar_svr_catboost_arima;{};12;12;16786.273414688785;0.058032450599576874;72.72727272727273;-0.966983463672617;1.405895582461153;235906.88546296698;234037.91086740405;234231.49530483317;243882.2332161497;250423.13559605507;263257.97684237815;281939.22168829525;280178.9332133271;270635.5096829238;256668.09549025714;241802.44391489675;226811.62417169797
