DATA;UF;PRODUCT;MODEL;PARAMS;WINDOW;HORIZON;RMSE;MAPE;POCID;PBE;MASE;P1;P2;P3;P4;P5;P6;P7;P8;P9;P10;P11;P12
normal;SE;oleodiesel;knn_rf_deepar_svr_catboost_arima;{};12;12;7181.242891027697;0.21136009073021333;54.54545454545455;-20.590345099439496;4.159506034483371;37266.71401488981;36419.90931589395;35335.402419902945;36212.77876889538;35945.469251964016;36027.03320697696;35729.372635847874;38920.06335575491;39737.65856005602;41793.44036039658;41970.66534805861;40089.82382749765
deseasonal;SE;oleodiesel;knn_rf_deepar_svr_catboost_arima;{};12;12;6924.479366098326;0.20683034508566625;63.63636363636363;-20.319417401230204;4.1047752667294635;37237.04783718393;36678.596265441054;35799.54952690301;35162.79357243999;34269.91619200087;35913.01440020611;37325.36853885208;39613.42616800044;40969.00885255536;42250.75706576064;41481.70205166805;37723.90476323456
log;SE;oleodiesel;knn_rf_deepar_svr_catboost_arima;{};12;12;6759.730907686777;0.2061651816045267;63.63636363636363;-20.10110566047135;4.060673577384308;38855.27152418386;36728.61978757329;35991.69731969084;36662.45906644867;36261.05278462409;36466.664506048735;36093.608422342775;38993.16448723422;38790.458111563516;39307.47006855136;39890.800130486066;39559.29432662025
