DATA;UF;PRODUCT;MODEL;PARAMS;WINDOW;HORIZON;RMSE;MAPE;POCID;PBE;MASE;P1;P2;P3;P4;P5;P6;P7;P8;P9;P10;P11;P12
normal;RR;oleodiesel;knn_rf_deepar_svr_catboost_arima;{};12;12;9954.747810223387;0.43060832362884455;54.54545454545455;28.29191603137729;1.5583606645449557;4480.60898643839;6620.722929756605;12739.449417106576;18153.14516934056;23550.71649421483;24480.667561743387;22979.59383199507;24563.907112600056;14491.749805136662;8935.274101283812;5820.904019696754;2270.2757617822535
deseasonal;RR;oleodiesel;knn_rf_deepar_svr_catboost_arima;{};12;12;8005.634812473982;0.3079866785942915;72.72727272727273;30.46207265334112;1.122765223832447;14198.531340687085;12861.454058776999;11241.365597063563;10204.575146760839;14187.013542381113;18903.577443689705;20928.852560725176;22537.00180643246;17938.727720732837;13370.952674849146;7789.409563931342;-191.65600471329526
log;RR;oleodiesel;knn_rf_deepar_svr_catboost_arima;{};12;12;9413.892293090184;0.4029382604498433;45.45454545454545;37.53117639619615;1.5019944341762443;5063.12030276989;7412.553724549487;13133.286719397129;17723.180611435037;16647.19274030777;17430.483955868338;19113.53501179564;17670.127936911;13424.985485101342;8490.417239631985;6676.066172884348;4515.972688328609
