DATA;MCPM;UF;PRODUCT;MODEL;PARAMS;WINDOW;HORIZON;RMSE;MAPE;POCID;PBE;P1;P2;P3;P4;P5;P6;P7;P8;P9;P10;P11;P12
hybrid1;525366.8726959508;PR;gasolinac;HYBRID;{'p': 2, 'd': 1, 'q': 2};12;12;48233.14281734061;0.15446618184159536;75.0;-11.889647658728641;267983.1462656774;264430.96436099644;292743.354415658;274302.6914902903;314982.7533140828;317617.15627831465;313539.6830309972;331902.62497129;325814.9825238199;383566.642048999;310777.9418702361;310386.23073889944
half-sarima-hybrid1;842748.2259990077;PR;gasolinac;HYBRID;{'p': 2, 'd': 1, 'q': 2};12;12;46556.21314845286;0.1373763369697474;58.333333333333336;-10.78767545484926;291029.65112821595;289316.67349157203;282442.5842320474;271494.66979590047;279778.77858914924;281478.10139154404;313539.6830309972;331902.62497129;325814.9825238199;383566.642048999;310777.9418702361;310386.23073889944
half-sarima_mean-hybrid1;839245.2367353849;PR;gasolinac;HYBRID;{'p': 2, 'd': 1, 'q': 2};12;12;46362.1420010968;0.13787524887414807;58.333333333333336;-11.80391992840687;290656.38133177743;288624.3992197062;288081.13894801534;277151.9094959559;291681.6799997012;293023.5208025376;313539.6830309972;331902.62497129;325814.9825238199;383566.642048999;310777.9418702361;310386.23073889944
hybrid-deseasonal;628759.9998387619;PR;gasolinac;HYBRID;{'p': 2, 'd': 1, 'q': 2};12;12;43381.27690029651;0.13858139632532235;66.66666666666667;-10.003263213591422;269620.61399241874;264803.580342087;288452.66772421345;268817.26496070734;313776.340621764;310925.14454707404;306149.3627681401;326682.829883791;311204.9289020546;389384.3234336999;302401.6295233393;293314.2784354744
half-deseasonal-hybrid;604464.7143106256;PR;gasolinac;HYBRID;{'p': 2, 'd': 1, 'q': 2};12;12;41723.63999018071;0.12365509297776957;66.66666666666667;-10.997766978427428;289947.3379352276;286913.39845646656;291734.79889230686;281089.3112580973;299579.9889458851;300088.855876721;306149.3627681401;326682.829883791;311204.9289020546;389384.3234336999;302401.6295233393;293314.2784354744
