DATA;MCPM;UF;PRODUCT;MODEL;PARAMS;WINDOW;HORIZON;RMSE;MAPE;POCID;PBE;P1;P2;P3;P4;P5;P6;P7;P8;P9;P10;P11;P12
arima-median;251879.55592251342;RS;oleodiesel;ARIMA_MEAN;"{'normal': ""{'p': 13, 'd': 1, 'q': 7}"", 'deseasonal': ""{'p': 7, 'd': 1, 'q': 9}"", 'log': ""{'p': 11, 'd': 1, 'q': 5}"", 'deseasonal-log': ""{'p': 10, 'd': 1, 'q': 8}""}";12;12;23221.800811922352;0.049292690728416265;75.0;3.5867823738940716;354420.6711974201;348246.3153092477;310641.56135764875;295228.28368903947;291125.5990063438;312009.16492165346;316905.8299508192;344173.60776814;340960.59719411575;307689.7721444103;291139.19317981135;285906.1366282685
