DATA;MCPM;UF;PRODUCT;MODEL;PARAMS;WINDOW;HORIZON;RMSE;MAPE;POCID;PBE;P1;P2;P3;P4;P5;P6;P7;P8;P9;P10;P11;P12
arima-median;16700.71382064956;DF;oleodiesel;ARIMA_MEAN;"{'normal': ""{'p': 14, 'd': 0, 'q': 14}"", 'deseasonal': ""{'p': 2, 'd': 1, 'q': 3}"", 'log': ""{'p': 11, 'd': 1, 'q': 10}"", 'deseasonal-log': ""{'p': 9, 'd': 1, 'q': 6}""}";12;12;1156.205672717599;0.023923040196504933;66.66666666666667;1.6305116474865096;32371.172108984076;30339.62199240183;32839.74736120377;31189.061724869258;32216.418629659267;34655.96910170839;33109.70579354415;34074.52616220762;32590.859150361972;31440.229709610525;28626.33682884298;29183.31831769234
