DATA;UF;PRODUCT;MODEL;PARAMS;WINDOW;HORIZON;RMSE;MAPE;POCID;PBE;MASE;P1;P2;P3;P4;P5;P6;P7;P8;P9;P10;P11;P12
normal;SE;etanolhidratado;svr;{};12;12;1528.9827020451048;1.6006232619468215;72.72727272727273;136.6400738487587;0.787151465823707;121.00450539959974;176.66951551151124;120.9349507703345;195.05497623678315;178.02985104533352;300.7103915867956;-1201.7803600227676;-1847.2437547468844;-1390.4308700093886;-729.0926695703932;28.546326014036282;608.2146382761639
deseasonal;SE;etanolhidratado;svr;{};12;12;1909.9499168740447;2.3353665374534986;45.45454545454545;167.86705744611464;0.9149121809199074;146.82558801621258;343.89617624278173;594.59852062172;573.3777209860976;215.39886158944796;-70.17827291732613;-240.0928367797713;-855.991460963357;-1415.5499127788564;-1750.9327490925714;-1859.6410762672365;-1645.0520300244527
log;SE;etanolhidratado;svr;{};12;12;1254.516887643736;1.357187000623936;63.63636363636363;83.91846039407616;0.4656515372717237;-298.94943324080305;-327.83576862749237;-65.05991650405817;732.9250952733087;739.2457107777102;1003.0585193336285;1003.6912485184711;107.0829817843253;-263.63412310858104;-67.05784734800967;-275.0706038774379;-552.907503982721
