DATA;UF;PRODUCT;MODEL;PARAMS;WINDOW;HORIZON;RMSE;MAPE;POCID;PBE;MASE;P1;P2;P3;P4;P5;P6;P7;P8;P9;P10;P11;P12
normal;PR;etanolhidratado;svr;{};12;12;38198.662174771955;1.7467777903593198;27.272727272727273;145.30727982246415;0.6142741469773636;-13025.431985776024;-11701.271402105656;-3602.3166764514817;3971.1269454314133;9458.418542600988;9010.380837132017;1870.461909887359;-6198.401991885239;-8325.249863597537;-13988.247182155628;-24626.475923731727;-29957.63797168703
deseasonal;PR;etanolhidratado;svr;{};12;12;40183.02871660481;41.59650647395373;27.272727272727273;152.41465987315038;0.6677901314157496;-12531.992527341034;-4588.4712244091725;211.98306385125034;10679.789473891191;9766.944183600628;5810.959720050716;-2237.84008442541;-10404.818773522196;-21772.04796174879;-27432.83597893959;-24977.940612342336;-23794.536923477186
log;PR;etanolhidratado;svr;{};12;12;28159.666020931807;2.1224386410457714;54.54545454545455;91.01231558387566;0.454482494380597;-10660.000680426776;-8208.60481975167;-1386.7303290066702;2892.114825949245;11457.91123663102;14269.608411772757;15023.814054316086;8757.056938949205;826.6080678989233;3788.747787860822;-2964.873770530327;-14785.010576576575
