DATA;UF;PRODUCT;MODEL;PARAMS;WINDOW;HORIZON;RMSE;MAPE;POCID;PBE;MASE;P1;P2;P3;P4;P5;P6;P7;P8;P9;P10;P11;P12
normal;ES;etanolhidratado;svr;{};12;12;6182.441113684408;2.430206742021037;27.272727272727273;96.08435873015873;0.8653433483150138;-316.20174289831596;-319.87093999215483;608.6222192058531;1302.0417354428398;1114.3026707976153;756.7540182662254;565.8279390089824;-35.544625930634545;-16.418721177275373;-152.31240501065332;-541.5366459916127;-1056.1647622152975
deseasonal;ES;etanolhidratado;svr;{};12;12;6124.94312964554;1.165573512042099;27.272727272727273;90.26738137195579;0.8596871648272362;-212.30791333138015;15.594412523516915;842.112228537807;2032.1743998895063;1937.169319355023;1078.780143407814;687.433500617853;392.28996332874453;187.86530255487614;-83.6027440714129;-576.9720690326471;-1468.7105226840288
log;ES;etanolhidratado;svr;{};12;12;6348.837316473198;2.288555443343439;27.272727272727273;97.7841157848624;0.8429894121989838;-302.05899143216595;-398.2488590844868;703.8884526978279;1051.627593827968;1212.907306747418;917.3630980884795;799.5811270726488;378.8865379058036;-248.75280176480555;-902.2842909054942;-1017.1505146008601;-1112.2677621028904
