DATA;UF;PRODUCT;MODEL;PARAMS;WINDOW;HORIZON;RMSE;MAPE;POCID;PBE;MASE;P1;P2;P3;P4;P5;P6;P7;P8;P9;P10;P11;P12
normal;PI;etanolhidratado;svr;{};12;12;2351.638223333975;9.271588530408541;18.181818181818183;93.46102210250507;0.6987703086799812;-1632.7741212479946;-1427.356147628338;-678.7762266935291;688.2670859855594;2861.783396290221;2639.193157748547;1704.5012904844275;541.7523345902144;-86.03778195564144;-586.5829012596234;-1779.933483343463;-2807.3992440834486
deseasonal;PI;etanolhidratado;svr;{};12;12;2672.044208891796;4.48348066143265;18.181818181818183;110.6229263217304;0.9299331963376238;-1951.4537868773796;-1781.2689354459344;-841.860886729283;1144.2085361755223;3223.445563004812;3112.205525998436;1686.8239951358091;893.2926446116358;115.03812018576764;-409.6136879177294;-1793.5050032028455;-2165.686063220541
log;PI;etanolhidratado;svr;{};12;12;1954.2848189357671;16.937266686596285;54.54545454545455;84.77789543345239;0.6702222910356058;-2304.368531366848;-1550.9980018166743;-971.459838344142;677.5943266736673;2262.2995027786324;2641.8796213014566;1829.4466150426283;-74.76248849524029;-677.1054493682682;101.26855779512539;-1047.1478603655635;-1730.840674499656
