DATA;UF;PRODUCT;MODEL;PARAMS;WINDOW;HORIZON;RMSE;MAPE;POCID;PBE;MASE;P1;P2;P3;P4;P5;P6;P7;P8;P9;P10;P11;P12
normal;SP;etanolhidratado;svr;{};12;12;71286.45214536469;0.8055495189010223;45.45454545454545;74.74427906494029;0.2514510151345774;-61036.21772670138;-55511.86474469163;-18828.11685301189;-14630.249908505268;21083.91333058612;29463.069052699277;60181.845784219695;53265.58356978239;52549.685878646545;52349.60005618887;33354.77728581608;-2882.4913208944163
deseasonal;SP;etanolhidratado;svr;{};12;12;108571.72769626287;1.243162442377399;54.54545454545455;90.34698979532342;0.38446898403907;-38639.38253708788;-4958.655630823635;12766.8823323687;37459.13884555562;24652.88889280314;45616.21903891664;39977.21499349303;27815.860591954646;33651.91971849475;1301.095217965747;-33413.844546361666;-94981.7855570894
log;SP;etanolhidratado;svr;{};12;12;75635.2262485139;0.9553964826345869;72.72727272727273;-28.321981199085943;0.27173398256923587;-264.42090146434566;-43320.82001574671;3133.3910118453496;36620.716905507914;86980.43352992708;101619.82871414581;112836.75675347126;122613.65882901962;86697.91008773488;92511.60767273887;68536.80529309633;10271.342288186042
