train_range;test_range;UF;PRODUCT;MODEL;PARAMS;WINDOW;HORIZON;RMSE;MAPE;POCID;PBE;MCPM;MASE;P1;P2;P3;P4;P5;P6;P7;P8;P9;P10;P11;P12;error_series;Test Statistic;p-value;Lags Used;Observations Used;Critical Value (1%);Critical Value (5%);Critical Value (10%);Stationary
1990-01_2023-02;2023-03_2024-02;AM;gasolinac;ARIMA;{'depth': 6, 'iterations': 100, 'learning_rate': 0.3, 'loss_function': 'RMSE'};12;12;5806.592248957952;0.0941574652967483;54.54545454545455;-7.171721349061159;114526.24140128437;0.8587352733814029;54342.49946820095;50199.75863816608;53063.801484349315;51567.50253527186;54624.40868351518;54158.718852292375;54567.79332595963;61169.60834619756;56200.386101530516;61131.690201090285;55496.62517384426;54871.606933077856;[-5351.354468200952, -1341.4886381660835, -250.5974843493168, 3890.0924647281427, -891.5536835151797, 2233.5321477076213, -2087.635325959629, -8852.165346197558, -6750.267101530517, -9598.431201090287, -4771.04217384426, -10488.304933077852];-0.3092400876372392;0.9241854259304925;15;381;-3.4476305904172904;-2.869155980820355;-2.570827146203181;False
