train_range;test_range;UF;PRODUCT;MODEL;PARAMS;WINDOW;HORIZON;RMSE;MAPE;POCID;PBE;MCPM;MASE;P1;P2;P3;P4;P5;P6;P7;P8;P9;P10;P11;P12;error_series;Test Statistic;p-value;Lags Used;Observations Used;Critical Value (1%);Critical Value (5%);Critical Value (10%);Stationary
1990-01_2023-02;2023-03_2024-02;MA;gasolinac;ARIMA;{'depth': 6, 'iterations': 200, 'learning_rate': 0.3, 'loss_function': 'RMSE'};12;12;7104.284743226303;0.05543817492229127;63.63636363636363;4.941305121603263;112034.88824188916;0.8732847857064909;82389.12443813407;78528.71470670745;79890.58062902496;82964.08106153316;90444.74876094719;92012.02190101056;92923.37846083599;91122.39440425657;89901.1844091962;86507.14999564335;83604.02428522392;79600.93681554981;[5773.347561865929, 3180.9452932925487, 14330.218370975039, 7690.862938466846, 816.8522390528087, 1494.10809898944, -3783.918460835979, -263.864404256572, -66.2544091962045, 13135.910004356643, 10347.905714776076, 879.1531844501878];0.49354737235881396;0.9846756487159176;15;381;-3.4476305904172904;-2.869155980820355;-2.570827146203181;False
1990-01_2012-02;2012-03_2013-02;MA;gasolinac;ARIMA;{'depth': 7, 'iterations': 200, 'learning_rate': 0.3, 'loss_function': 'RMSE'};12;12;9178.93047915065;0.11791395078575963;63.63636363636363;12.10386512729458;145001.18894798766;0.35297821945256075;58682.67297635797;56195.675299450064;56519.89169552349;55340.4491895914;57187.425654696446;56830.04039072051;55162.75969830034;54809.59380670355;55569.355902773175;55710.73263551742;53614.14466073926;53857.321915375964;[-604.1129763579738, 1569.4247005499346, 3666.581304476509, 4519.6388104086, 6659.244345303552, 11666.745609279482, 10794.132301699668, 15276.406193296447, 8093.864097226826, 15173.767364482577, 11562.855339260743, 3813.179084624033];2.3077537718152272;0.9989600555734366;16;248;-3.4569962781990573;-2.8732659015936024;-2.573018897632674;False
