train_range;test_range;UF;PRODUCT;MODEL;PARAMS;WINDOW;HORIZON;RMSE;MAPE;POCID;PBE;MCPM;MASE;P1;P2;P3;P4;P5;P6;P7;P8;P9;P10;P11;P12;error_series;Test Statistic;p-value;Lags Used;Observations Used;Critical Value (1%);Critical Value (5%);Critical Value (10%);Stationary
1990-01_2023-02;2023-03_2024-02;PE;gasolinac;ARIMA;{'depth': 9, 'iterations': 200, 'learning_rate': 0.3, 'loss_function': 'RMSE'};12;12;15985.07755020143;0.10939301880255409;54.54545454545455;6.883968266475591;315383.9624173624;1.309374683474163;104550.75302281746;95828.33016191793;97915.84969795457;96929.2314820402;99811.28220935314;111521.02599260613;121050.38785828686;125258.08047393;126412.87020310339;124056.77378133856;131412.03819273436;123033.68808965477;[16143.396977182536, 16789.26983808208, 33701.200302045414, 23237.268517959805, 17754.068790646852, 11322.32400739388, -2235.337858286861, -1766.53047392999, -4453.87020310339, 10942.877218661451, -6328.088192734358, -14727.33808965476];-0.4248758745232173;0.905861814497343;17;379;-3.4477224095888497;-2.869196333125208;-2.5708486586002604;False