train_range;test_range;UF;PRODUCT;MODEL;PARAMS;WINDOW;HORIZON;RMSE;MAPE;POCID;PBE;MCPM;MASE;P1;P2;P3;P4;P5;P6;P7;P8;P9;P10;P11;P12;error_series;Test Statistic;p-value;Lags Used;Observations Used;Critical Value (1%);Critical Value (5%);Critical Value (10%);Stationary
1990-01_2023-02;2023-03_2024-02;AP;gasolinac;ARIMA;{'depth': 4, 'iterations': 100, 'learning_rate': 0.3, 'loss_function': 'RMSE'};12;12;909.1700968623278;0.041647914471451906;45.45454545454545;1.5920862374121043;21490.954271578204;1.0460219496381045;16555.76398053994;16042.629520241113;16634.426062233466;16865.76838441328;17513.379698745695;17499.91392379512;17506.07176098357;16438.67682793387;15945.83902163681;15201.653504409056;15170.423409121153;15068.566378142597;[35.252019460058364, -231.22952024111328, 884.264937766533, 352.4456155867192, -1659.382698745696, 967.721076204878, -466.8087609835711, 942.5771720661323, 181.5739783631907, 1958.3224955909427, 474.85159087884676, -261.4453781425982];0.7091467356834732;0.9900186517767771;17;379;-3.4477224095888497;-2.869196333125208;-2.5708486586002604;False
