train_range;test_range;UF;PRODUCT;MODEL;PARAMS;WINDOW;HORIZON;RMSE;MAPE;POCID;PBE;MCPM;MASE;P1;P2;P3;P4;P5;P6;P7;P8;P9;P10;P11;P12;error_series;Test Statistic;p-value;Lags Used;Observations Used;Critical Value (1%);Critical Value (5%);Critical Value (10%);Stationary
1990-01_2023-02;2023-03_2024-02;AC;gasolinac;ARIMA;{'depth': 4, 'iterations': 100, 'learning_rate': 0.01, 'loss_function': 'RMSE'};12;12;741.4215535418956;0.04958460475069637;72.72727272727273;0.14696808018143448;8772.275820704775;0.7008586044877866;12553.491602264936;12525.210080577315;12637.919669201445;12721.918237860855;13069.733804324447;13145.543206944223;13165.329607429843;13175.122265273261;13070.410770437908;13005.82298519097;12746.05709452833;12652.536273292635;[515.5083977350641, -971.2100805773152, 687.8803307985545, 338.0817621391452, 449.2661956755528, 900.9567930557769, -65.22960742984287, 482.3777347267387, -552.8107704379072, 438.1770148090309, -269.60709452833, -1726.036273292635];0.16763465273420505;0.9703867671142754;15;381;-3.4476305904172904;-2.869155980820355;-2.570827146203181;False