train_range;test_range;UF;PRODUCT;MODEL;PARAMS;WINDOW;HORIZON;RMSE;MAPE;POCID;PBE;MCPM;MASE;P1;P2;P3;P4;P5;P6;P7;P8;P9;P10;P11;P12;error_series;Test Statistic;p-value;Lags Used;Observations Used;Critical Value (1%);Critical Value (5%);Critical Value (10%);Stationary
1990-01_2023-02;2023-03_2024-02;MG;gasolinac;ARIMA;{'depth': 4, 'iterations': 100, 'learning_rate': 0.01, 'loss_function': 'RMSE'};12;12;45044.68172621257;0.1003122797672923;63.63636363636363;7.789858726057284;711227.956621457;0.789716588035809;370016.3384782995;363920.2737572098;363158.5713491762;358329.8320583382;357101.3397191638;356542.1309548107;355040.30826291867;355821.7575549543;355282.4875086107;362495.853253522;365031.9360140715;374491.6247787303;[36903.93452170049, 23374.41024279018, 82557.6326508238, 48635.47394166177, 57142.48728083621, 47574.67504518927, 21296.99073708133, 21589.549445045646, 17370.249491389317, 58088.531746477995, 7372.5059859284665, -55499.583778730244];-0.8590344605607658;0.8011635590669954;17;379;-3.4477224095888497;-2.869196333125208;-2.5708486586002604;False
