DATA;MCPM;UF;PRODUCT;MODEL;PARAMS;WINDOW;HORIZON;RMSE;MAPE;POCID;PBE;P1;P2;P3;P4;P5;P6;P7;P8;P9;P10;P11;P12
combination;700.0236947999565;GO;gasolinadeaviacao;combination-mean;ARIMA-SARIMA-VARMA-RF;12;12;38.56002448889863;0.12424527730695528;58.333333333333336;-7.64449377783496;304.65795934492553;268.121603838123;279.6800240240556;295.33626716835664;282.36547701435734;307.0980111997194;276.7951270304479;283.051100499929;273.88305592017485;281.29186770195344;315.13614927963135;274.8314438913678
