DATA;MCPM;UF;PRODUCT;MODEL;PARAMS;WINDOW;HORIZON;RMSE;MAPE;POCID;PBE;P1;P2;P3;P4;P5;P6;P7;P8;P9;P10;P11;P12
combination;213.75978514731062;DF;gasolinadeaviacao;combination-mean;ARIMA-SARIMA-VARMA-RF;12;12;11.564606019460026;0.22164590939364592;58.333333333333336;16.912295553316977;35.82132598465112;33.65568262511337;32.98115839892151;39.93862890388675;30.113543617253484;36.52740410989228;33.118485391568925;28.720286315125136;27.857635181916912;28.621516588009833;27.767030520317174;30.559625003268057
