DATA;MCPM;UF;PRODUCT;MODEL;PARAMS;WINDOW;HORIZON;RMSE;MAPE;POCID;PBE;P1;P2;P3;P4;P5;P6;P7;P8;P9;P10;P11;P12
combination;1702.243350331754;MG;gasolinadeaviacao;combination-mean;ARIMA-SARIMA-VARMA-RF;12;12;66.86865158038832;0.24353674578600107;41.666666666666664;-7.116410749469379;277.8171149016081;280.48879177001965;321.83337146627264;311.25823487023195;334.4761352385126;336.3861679225947;311.0545144799479;313.9384874792887;280.2127807663749;268.88005137666795;282.5928413540222;265.81931051620097
