DATA;MCPM;UF;PRODUCT;MODEL;PARAMS;WINDOW;HORIZON;RMSE;MAPE;POCID;PBE;P1;P2;P3;P4;P5;P6;P7;P8;P9;P10;P11;P12
combination;848.4897502819409;PA;gasolinadeaviacao;combination-mean;ARIMA-SARIMA-VARMA-RF;12;12;58.18388399349072;0.2189789388490292;66.66666666666667;-20.384414546587514;268.93502924565587;271.71221839922816;277.64161217317786;334.0930209765167;288.76444382144183;316.37387111737314;319.01826844739236;278.196743634905;291.2826818971431;270.8820165095195;265.36339730532916;256.5102749307169
