DATA;UF;PRODUCT;MODEL;PARAMS;WINDOW;HORIZON;RMSE;MAPE;POCID;PBE;MASE;P1;P2;P3;P4;P5;P6;P7;P8;P9;P10;P11;P12
normal;MA;gasolinac;knn;{};12;12;9366.103816835304;3.5838253812557928;54.54545454545455;-39.1978165263772;1.8129076714503543;4847.98838529766;1285.3266449231437;3759.8843926564587;2601.3430375987396;5140.279991595651;5810.224913121203;7783.1620056913935;7970.637213733049;8705.679032361139;10621.664063134478;10532.900689393122;10287.829183375663
deseasonal;MA;gasolinac;knn;{};12;12;4913.689163953267;2.6068476721404004;63.63636363636363;-19.991728755377284;0.6366773439540893;10790.527831560561;6822.19244547433;7970.182971076211;6087.140731360236;7784.960156586185;3189.842943749122;2419.97487074825;3796.5743493674518;2282.512738264987;5305.988358359193;5852.195893838558;6955.042055658964
log;MA;gasolinac;knn;{};12;12;5860.005532173668;4.572811640123668;72.72727272727273;-12.326409222459237;0.5757125396069602;8455.278232886447;6005.365515507181;11310.739247612004;8391.228685013615;7992.273861237057;6110.877640144632;6453.251803531951;2394.636504118065;2917.0457731664746;4624.772454691772;2135.2903621717696;4833.858222191094
