DATA;UF;PRODUCT;MODEL;PARAMS;WINDOW;HORIZON;RMSE;MAPE;POCID;PBE;MASE;P1;P2;P3;P4;P5;P6;P7;P8;P9;P10;P11;P12
normal;TO;gasolinac;knn;{};12;12;4037.7084853035085;5.884414222016562;63.63636363636363;-68.42229668781353;0.935480442401435;1589.0354057321827;1264.95420562243;3748.84552988902;4720.844174638056;6086.333146086134;4672.411681209604;5922.249348554348;5215.007918628828;4939.7353936603595;5246.660338203626;2546.58425519919;237.4356741257975
deseasonal;TO;gasolinac;knn;{};12;12;3053.268176272135;4.242933464540261;63.63636363636363;-54.7938253237101;1.0220423250056958;4142.188228448178;3901.940745247037;4650.974494745758;4489.971625470873;4637.194371992712;4720.876437984657;4403.1844649467885;3398.0130032929274;2824.863686122678;632.1483352405126;947.7493611791579;1522.6253509167038
log;TO;gasolinac;knn;{};12;12;5007.167913075501;1.9569044178354902;72.72727272727273;-81.00779225600381;2.9061299728987957;3138.3125157727945;2837.59346514774;4669.433193132753;4329.012208780386;4932.7509522958735;7420.403908817667;9703.315284044644;6172.689630772744;6112.046845732969;3511.267708799049;2616.0910839816215;1639.2407369397265
