DATA;UF;PRODUCT;MODEL;PARAMS;WINDOW;HORIZON;RMSE;MAPE;POCID;PBE;MASE;P1;P2;P3;P4;P5;P6;P7;P8;P9;P10;P11;P12
normal;PI;gasolinac;knn;{};12;12;6797.721111071928;5.714988951320906;54.54545454545455;31.240252322271623;1.2206996179638492;4628.608391953701;-101.18896689943449;2690.0458800927863;2049.2699023065757;1965.9404245296114;2058.0804000154494;5369.237757964405;4080.2742923331352;3366.5930401521487;7284.9537523190575;4277.828368135835;5997.719088580783
deseasonal;PI;gasolinac;knn;{};12;12;5152.9778408595375;0.7024546091721895;63.63636363636363;62.70410407709416;0.7782688275420445;5833.926386925981;2707.7711340110354;3018.354931666839;326.7684249889312;-2515.5039920432087;-2072.766809435145;-1136.0745105840256;-1.0366658759312486;578.9000997266457;4128.977186521884;5145.52957786318;7332.572945018974
log;PI;gasolinac;knn;{};12;12;5486.582737071994;17.455892837734172;54.54545454545455;57.00387969114635;1.0709726120646046;6144.109842146216;2952.369075905045;3512.7510362906073;316.6486309853549;361.0346457977248;936.6260106941972;583.2031244816756;2576.768465337758;1205.8209583206167;3892.097431195778;2329.9537868019115;1416.9542048864207
