DATA;UF;PRODUCT;MODEL;PARAMS;WINDOW;HORIZON;RMSE;MAPE;POCID;PBE;MASE;P1;P2;P3;P4;P5;P6;P7;P8;P9;P10;P11;P12
normal;BA;gasolinac;knn;{};12;12;22684.965429246557;1.1623410876167746;45.45454545454545;-38.75986840509429;1.5428382593075605;23029.05398309164;12184.350391686956;14154.730812981627;10996.38181886858;10098.783725909285;1674.762501119978;7446.602077521195;5148.1151972464995;8487.96152244242;15570.923746771434;16525.6437421847;25077.343092666808
deseasonal;BA;gasolinac;knn;{};12;12;14889.536112191929;10.56460745673115;72.72727272727273;-8.752743414524945;0.7736066059380544;19042.88842647605;13533.592433059628;16754.74698570676;14288.706128521731;7360.026987148334;7199.199972226675;8942.285033536296;2029.9947928181427;4259.182875999089;8141.559117674429;10334.092042683349;11828.427884769335
log;BA;gasolinac;knn;{};12;12;19815.333644249775;1.8047010005118918;45.45454545454545;5.71387774483834;1.383206058098254;23036.959934654093;10497.890267127606;12063.319710210259;16592.598927428582;-751.0995804396043;-4020.250424613703;-1970.2100162164024;5020.877405212768;2078.7069566679;12872.97828570627;17117.931435722978;6379.279797156165
