DATA;UF;PRODUCT;MODEL;PARAMS;WINDOW;HORIZON;RMSE;MAPE;POCID;PBE;MASE;P1;P2;P3;P4;P5;P6;P7;P8;P9;P10;P11;P12
normal;RN;gasolinac;knn;{};12;12;6488.211660607685;7.580388087629483;81.81818181818181;-23.812871500417902;1.4866241101960633;1749.0374794110605;941.8754949194763;2489.125915929485;1602.1056485742306;2296.3273143803203;3475.883631450833;5735.36365913573;6771.713868720453;5210.136070539772;6512.354320531015;4212.531786126075;2403.724814322229
deseasonal;RN;gasolinac;knn;{};12;12;4753.180039083486;1.9921358517071397;63.63636363636363;-7.092981489569153;1.1075910069238297;5016.124176990093;1987.5718361574243;4759.0463786812925;4751.966872225679;3346.0044942676923;2796.4852955275865;5344.2691346692145;1308.4476488663117;2005.3923204526375;4695.190523689972;1369.8974151341858;5221.450121760947
log;RN;gasolinac;knn;{};12;12;6621.243896916956;1.5312197828344267;54.54545454545455;-18.003979795567776;1.6186105568308782;4545.684197977266;2723.356593530107;4178.080279071488;1511.1630065590252;2478.745960426799;431.320004072315;2046.544906611332;4085.63485448332;601.3522213849456;5614.398433218303;3840.936807359686;7536.009218566433
