DATA;UF;PRODUCT;MODEL;PARAMS;WINDOW;HORIZON;RMSE;MAPE;POCID;PBE;MASE;P1;P2;P3;P4;P5;P6;P7;P8;P9;P10;P11;P12
normal;DF;gasolinac;knn;{};12;12;13772.774412904753;1.735033699235963;72.72727272727273;355.2247664600436;1.068886190763001;5831.136880564968;6374.379897493848;7348.441659394919;1624.3394521026753;2119.889642436263;9469.988761902077;6891.576653472914;7391.720661173395;6650.684738185819;10657.713449364921;4705.479248204542;1525.2598897705284
deseasonal;DF;gasolinac;knn;{};12;12;11587.87980505764;3.222797701657322;36.36363636363637;417.5473914461553;1.0211704991881774;4355.437262971508;5766.249682261453;9947.5388548638;7267.148532710155;6092.997397979813;8293.409609433345;8907.39429484449;4988.5824640043365;7265.229834607842;1801.0117447976772;2988.1979377164243;3669.418406997403
log;DF;gasolinac;knn;{};12;12;14539.74477573178;1.6735915249862348;90.9090909090909;310.2884872810127;1.2792254995245949;5774.663035933417;4892.69886821517;9053.40447561354;2518.0674490900296;1037.6498592138573;5931.846686301444;10547.62640527522;7150.704690585424;3930.356054745711;9070.331705652177;6790.588676623131;5159.95880286454
