DATA;UF;PRODUCT;MODEL;PARAMS;WINDOW;HORIZON;RMSE;MAPE;POCID;PBE;MASE;P1;P2;P3;P4;P5;P6;P7;P8;P9;P10;P11;P12
normal;AL;gasolinac;knn;{};12;12;5367.533458725429;2.456444472023211;45.45454545454545;-60.16476075192134;1.5808843493413391;6862.137222158173;2015.2233547147741;2158.0410022605483;2402.4742184640927;-407.81645736526343;266.2153657707245;853.1217472174176;1728.5735398560041;1801.888363051206;5255.979785193877;5744.442707021898;7745.337132912983
deseasonal;AL;gasolinac;knn;{};12;12;3957.294168502269;1.3731012931369435;63.63636363636363;-33.71359444772029;1.44309298474408;4235.623531397366;1821.3140290301733;4150.005195058831;2926.7499040980274;1592.5920202366246;1255.7140142687701;721.0581427784864;2487.155806300668;1618.366432363759;3579.9815104319728;5350.195240678837;6466.419009412936
log;AL;gasolinac;knn;{};12;12;4843.346910802146;1.6352215252295208;54.54545454545455;-65.89891842362402;1.2131136440632215;5050.259909263111;3576.9764211383263;3102.3493756027474;571.379316351009;-903.5237850260969;1250.6287273231435;2865.1000956710013;2437.1321042531285;3024.2568935527393;4537.715558291739;4852.316451744202;4401.1888109464
