DATA;MCPM;UF;PRODUCT;MODEL;PARAMS;WINDOW;HORIZON;RMSE;MAPE;POCID;PBE;P1;P2;P3;P4;P5;P6;P7;P8;P9;P10;P11;P12
combination;166850.72014766128;PE;etanolhidratado;combination-mean;ARIMA-SARIMA_DS-RF;12;12;6580.740928171871;0.21820491329358596;41.666666666666664;18.724473926150555;17603.284166398793;17747.784948517565;16819.3425501;16909.70723204208;16993.4033968403;16909.781451333718;17278.4745554923;16132.235337227208;14829.870881751476;16556.762651384757;14638.072008014662;14191.788216966142
