DATA;MCPM;UF;PRODUCT;MODEL;PARAMS;WINDOW;HORIZON;RMSE;MAPE;POCID;PBE;P1;P2;P3;P4;P5;P6;P7;P8;P9;P10;P11;P12
combination;20877.06709676283;SE;etanolhidratado;combination-mean;ARIMA-SARIMA_DS-RF;12;12;960.2144140953354;0.200749984584639;50.0;19.241885862004633;2637.056155527893;2534.4593728794825;2486.8971069328;2525.55130093531;2313.545488927699;2437.073344749448;2434.262735542353;2530.1946901127644;2561.544352660331;2922.953754185778;2825.878090215966;2743.815250430846
