DATA;MCPM;UF;PRODUCT;MODEL;PARAMS;WINDOW;HORIZON;RMSE;MAPE;POCID;PBE;P1;P2;P3;P4;P5;P6;P7;P8;P9;P10;P11;P12
combination;733262.8331381433;MG;etanolhidratado;combination-median;ARIMA-SARIMA-VARMA;12;12;50483.493691363365;0.21012510040632496;66.66666666666667;17.767258288802044;133489.41865169507;133799.95332397695;142282.10622404676;148319.18524678852;149569.6913600347;142087.71757683752;149142.26053942018;150259.20088211267;137975.78247412172;148839.66426557046;130073.80575521904;127470.81673918522
