DATA;MCPM;UF;PRODUCT;MODEL;PARAMS;WINDOW;HORIZON;RMSE;MAPE;POCID;PBE;P1;P2;P3;P4;P5;P6;P7;P8;P9;P10;P11;P12
combination;373202.2939576419;RJ;etanolhidratado;combination-median;ARIMA-SARIMA-VARMA;12;12;25665.49873700814;0.24737135641740912;66.66666666666667;29.284845016328774;47964.511202840346;46596.01049203325;45538.90952148942;45710.10510404185;47705.073400301655;46340.494895857235;47382.743038945206;48757.1552682644;46421.990946297505;49576.67792071421;45832.37102839623;45285.198973806604
