DATA;MCPM;UF;PRODUCT;MODEL;PARAMS;WINDOW;HORIZON;RMSE;MAPE;POCID;PBE;P1;P2;P3;P4;P5;P6;P7;P8;P9;P10;P11;P12
combination;82719.1612608435;MS;etanolhidratado;combination-median;ARIMA-SARIMA-VARMA;12;12;11235.18216187139;0.33582783689543233;83.33333333333333;42.857084684655455;11546.096005654403;11124.638067261656;10987.979557556813;10914.11124325851;11116.99014010144;10850.075868277587;11301.479888527756;11446.841575452165;11548.058320006849;12783.437627943375;10815.689024144733;10582.700132599812
