DATA;MCPM;UF;PRODUCT;MODEL;PARAMS;WINDOW;HORIZON;RMSE;MAPE;POCID;PBE;P1;P2;P3;P4;P5;P6;P7;P8;P9;P10;P11;P12
combination;65772.58357598941;AM;etanolhidratado;combination-median;ARIMA-SARIMA-VARMA;12;12;4516.518119208757;0.295541815371157;66.66666666666667;29.864726765219608;10774.39068124225;10475.728940462115;10308.199891939477;11033.678870725682;10212.959369975344;10382.375155388974;9965.905532621238;10093.676431436736;10188.029625061441;10484.060973256666;9451.95306839605;10482.026498051633
