DATA;MCPM;UF;PRODUCT;MODEL;PARAMS;WINDOW;HORIZON;RMSE;MAPE;POCID;PBE;P1;P2;P3;P4;P5;P6;P7;P8;P9;P10;P11;P12
combination;71815.4309210686;PB;etanolhidratado;combination-median;ARIMA-SARIMA-VARMA;12;12;3957.994123797431;0.2335727255486527;58.333333333333336;22.992628011873613;9445.196426977947;9634.39943430966;9595.744698801853;9782.434842178187;7438.173090769956;7291.626148405353;8061.3346167598975;9762.061606883568;9787.200280077022;10620.67089101046;9763.75442175075;9369.570264942093
