DATA;MCPM;UF;PRODUCT;MODEL;PARAMS;WINDOW;HORIZON;RMSE;MAPE;POCID;PBE;MASE;P1;P2;P3;P4;P5;P6;P7;P8;P9;P10;P11;P12;Test Statistic;p-value;Lags Used;Observations Used;Critical Value (1%);Critical Value (5%);Critical Value (10%);Stationary
normal;37708.19473534529;AL;gasolinac;SARIMA;{'p': 2, 'd': 1, 'q': 2, 's': 12};12;12;2087.9934165045297;0.0392644053376282;63.63636363636363;3.4822654851112045;0.4809130373561791;40877.14803446233;39309.13949093205;38745.17859853568;37680.265758679074;39507.44974240624;40779.96743539084;40853.393308717845;41991.953154751245;39757.89500224011;46170.52815639333;42958.32011050141;37945.06784362585;-3.881882468761696;0.0021723027796808;12;384;-3.4474946672686824;-2.869096243698685;-2.570795299750434;True
log;42173.13809258831;AL;gasolinac;SARIMA;{'p': 2, 'd': 1, 'q': 2, 's': 12};12;12;2334.873796040968;0.0455630167607005;63.63636363636363;4.118521710042272;0.5581950800453812;40397.62623010423;39153.40149173826;38373.95722166584;37447.907359020064;38914.91496121255;39990.47666315191;40512.75551352549;41437.34926349791;39682.39998557619;46322.279290150815;43166.49726616405;37969.17331479008;-3.8946778056909137;0.0020743665404175;12;384;-3.4474946672686824;-2.869096243698685;-2.570795299750434;True
deseasonal;16874.77364747974;AL;gasolinac;SARIMA;{'p': 2, 'd': 1, 'q': 2, 's': 12};12;12;2138.894432068787;0.03784324154432585;81.81818181818181;3.486794320683574;0.46944369163342436;40347.405258877276;38569.79146354985;39083.896527516685;37683.52937862597;40212.567194719675;41686.704494451515;41515.92321959178;42069.4615025339;40106.122375438594;44949.34130403561;41791.11850577152;38537.61412463893;-3.550092721429253;0.0067900368030712616;13;383;-3.44753973676872;-2.8691160516676844;-2.57080585953957;True
