DATA;MCPM;UF;PRODUCT;MODEL;PARAMS;WINDOW;HORIZON;RMSE;MAPE;POCID;PBE;MASE;P1;P2;P3;P4;P5;P6;P7;P8;P9;P10;P11;P12
mean;4515.842742146818;PI;querosenedeaviacao;mean;{};12;12;285.31282682084105;0.1674981323106912;63.63636363636363;-1.6468494555008533;0.8884418320550941;1370.833008522903;1112.8150150713623;1179.7377180500027;1225.1213808438144;1304.0023833274993;1393.61589681219;1552.3389225362414;1723.2737059946287;1779.058940889683;2158.821457633477;2230.572648511888;1641.3552911530653
mean_best;5904.451701425025;PI;querosenedeaviacao;mean_best;{};12;12;372.5961170131815;0.2122394848211687;63.63636363636363;-9.299943567900899;1.1367082170513922;1411.9069784101548;1047.8604519950009;1142.284012273803;1206.3173945006392;1317.6133338659065;1444.052144847848;1667.9999610601171;1909.1777693560325;1987.8870900399488;2523.7071824057957;2624.943423553226;1793.5962396589273
mean_top_weight;7118.036473399612;PI;querosenedeaviacao;mean_top_weight;{};12;12;359.69376275808565;0.21889418090553914;54.54545454545455;-6.796245404523832;1.1440830367038246;1452.3898525325505;999.0475884232105;1175.58406914978;1276.2186586546497;1279.3363808335841;1502.4945256290875;1651.863942079357;1929.1736301921342;1884.653929710564;2382.0194953387445;2512.2497718390605;1572.4089206226051
mean_top;8184.171643937073;PI;querosenedeaviacao;mean_top;{};12;12;344.9890422080071;0.20761833364069937;45.45454545454545;-4.956747144270256;1.083002473352652;1421.3458337411976;1001.6675063824516;1171.2630387262075;1268.6462947499328;1253.9652878835107;1459.4069458515235;1620.633371514658;1884.876093756664;1854.981600860873;2330.5670890953043;2457.572426636585;1554.617178161067
mean_top_best;9417.287107831844;PI;querosenedeaviacao;mean_top_best;{};12;12;396.7353982024219;0.23971847484575812;45.45454545454545;-9.299943567900911;1.2750326853296923;1460.9844112985859;980.5002084055519;1174.667905091858;1286.160715407246;1269.352623537755;1504.5600784736023;1689.14609488189;1991.6741157253512;1957.448303588888;2501.9398804114408;2647.3466226555283;1613.5650224897047
