DATA;MCPM;UF;PRODUCT;MODEL;PARAMS;WINDOW;HORIZON;RMSE;MAPE;POCID;PBE;MASE;P1;P2;P3;P4;P5;P6;P7;P8;P9;P10;P11;P12
mean;8172.051517585223;SE;querosenedeaviacao;mean;{};12;12;513.0450132192391;0.39380937180387915;63.63636363636363;-27.92001115761093;1.0182647731957146;1553.260489726451;1324.7392668219568;1344.5361888527132;1461.9800625966395;1631.0525065865318;1605.375699944362;1654.5672869530447;1782.4853604147024;1877.4768306654973;2049.797194602806;2061.6117391425887;1865.16606705515
mean_best;13426.480982382223;SE;querosenedeaviacao;mean_best;{};12;12;837.7395596458126;0.6222067667534326;63.63636363636363;-53.42373431674012;1.6012416690732925;1815.1926436093768;1457.8710382071004;1488.8260097941811;1672.464242503887;1936.8302228181235;1896.6813138705356;1973.5985324064015;2173.614490610811;2322.145573274071;2591.590083954452;2610.063606756385;2302.8961496928937
mean_top_weight;13848.886423792157;SE;querosenedeaviacao;mean_top_weight;{};12;12;694.9761279915109;0.5305145147073739;54.54545454545455;-42.76834426936061;1.3653963553977027;1709.5939965706975;1376.9604045242359;1434.2762320570152;1603.3547130412533;1842.3463599752808;1836.480211031897;1880.2790371023264;2075.1073117695037;2181.8294085260904;2339.000336563033;2279.002152724564;1999.9348966818047
mean_top;11556.586417265262;SE;querosenedeaviacao;mean_top;{};12;12;580.997321469199;0.4466806992982893;54.54545454545455;-34.78155365282639;1.149629868269353;1682.3169561917673;1372.7657552010846;1397.6442591557388;1527.977843628559;1734.3489351997086;1713.9686270843613;1751.6926519810252;1915.7960162869304;2010.4169990137466;2177.3503658042514;2155.4083687681655;1856.5224757743467
mean_top_best;16591.68593919913;SE;querosenedeaviacao;mean_top_best;{};12;12;831.092903841534;0.6159474869772102;54.54545454545455;-53.42373431674011;1.5879543996941718;1884.5755142883672;1430.2302999936512;1466.7458398282051;1658.043564332541;1960.9456933633721;1931.0324013831591;1986.4020142965649;2227.265490139757;2366.145877410766;2611.1631025568354;2578.957634403234;2140.266475501765
