DATA;MCPM;UF;PRODUCT;MODEL;PARAMS;WINDOW;HORIZON;RMSE;MAPE;POCID;PBE;MASE;P1;P2;P3;P4;P5;P6;P7;P8;P9;P10;P11;P12
mean;13270.032374470116;PB;querosenedeaviacao;mean;{};12;12;838.3928565427719;0.18155234092873915;63.63636363636363;18.986507849927534;1.0893692011894365;3134.614574808317;2551.198426193718;2502.8625226834133;2776.3824808152876;3010.5376974034853;2818.4159079563656;2822.234691561368;3108.4581970456384;3256.002718170134;3901.0461493620132;4066.611466988627;3607.4753222354566
mean_best;8235.720490983393;PB;querosenedeaviacao;mean_best;{};12;12;521.2745960094852;0.11502424178445038;63.63636363636363;8.509678269718522;0.638275277160411;3543.2951273421754;2495.6821765189425;2408.8876669268047;2900.034597172078;3320.49611162128;2975.5120462366;2982.369256429516;3496.3273494431987;3761.2661097433383;4919.5402747021635;5216.838132097231;4392.3889416237325
mean_top_weight;10272.070054742615;PB;querosenedeaviacao;mean_top_weight;{};12;12;520.6369098585631;0.10071793161000052;54.54545454545455;8.680658538086568;0.5884965970857018;3345.27326838793;2440.1934948606195;2583.7743155093767;3087.4077368484573;3507.682313772378;3269.034158367994;3294.92626611233;3674.5106522342417;3801.996853551562;4670.402287757151;4765.3610384649355;3892.8132038539343
mean_top;10741.199443090198;PB;querosenedeaviacao;mean_top;{};12;12;544.3279229442053;0.107767265577087;54.54545454545455;9.336296480964277;0.6428213299274602;3329.540899191042;2539.3382363941805;2668.3980429813146;3150.462577816285;3527.8523112461726;3278.096315991107;3295.27282615747;3616.3949459647583;3720.8193133788527;4494.033753523436;4605.544754432805;3803.6841680410184
mean_top_best;11134.926148551545;PB;querosenedeaviacao;mean_top_best;{};12;12;564.2080688144525;0.11348756791732356;54.54545454545455;8.509678269718501;0.6385808570763224;3282.6523603456226;2132.2368194144974;2320.128374578204;3021.9414140875997;3571.363777192451;3207.7568293682184;3232.7632298331396;3700.268459258087;3852.294541655583;4977.977800259531;5140.320949011868;3972.9332348522685
