DATA;MCPM;UF;PRODUCT;MODEL;PARAMS;WINDOW;HORIZON;RMSE;MAPE;POCID;PBE;MASE;P1;P2;P3;P4;P5;P6;P7;P8;P9;P10;P11;P12;Test Statistic;p-value;Lags Used;Observations Used;Critical Value (1%);Critical Value (5%);Critical Value (10%);Stationary
normal;249513.95435257265;PA;oleodiesel;SARIMA;{'p': 2, 'd': 1, 'q': 2, 's': 12};12;12;17258.321172209126;0.0549642280226982;72.72727272727273;5.013599884973777;1.3668600896651502;223251.78512357667;222528.4742565595;227758.9723287422;236803.1436123964;248754.904797344;253340.0342968196;248983.68435132343;252787.4915058665;243307.9372358157;240190.07922424423;225141.837357837;218056.58125161345;-5.283442635417514;5.925057813723986e-06;17;379;-3.4477224095888497;-2.869196333125208;-2.5708486586002604;True
log;235999.1614536332;PA;oleodiesel;SARIMA;{'p': 2, 'd': 1, 'q': 2, 's': 12};12;12;16324.989407232402;0.0519860143486521;72.72727272727273;4.82420091443633;1.2920673651460588;225152.5594370429;223043.0967765406;228518.1213813741;238684.6014149029;251104.6020893839;255934.45610683583;249657.6703751108;253661.0928832472;242265.35611789176;238550.03492263035;222799.87814952587;217198.1031277386;-5.249201239221527;6.9707513654849525e-06;17;379;-3.4477224095888497;-2.869196333125208;-2.5708486586002604;True
deseasonal;172217.51711066777;PA;oleodiesel;SARIMA;{'p': 2, 'd': 1, 'q': 2, 's': 12};12;12;14557.268498868294;0.04819526618316452;72.72727272727273;4.517761119922365;1.1925513636288831;227386.21124679293;222194.3440440065;232879.27477884298;240021.814640429;252744.60129510504;260472.5980131333;250977.7056296582;255006.29478506703;241645.4731117069;235832.20346908036;220167.74726233672;216406.4725775089;-4.928900233777826;3.062770645671701e-05;17;379;-3.4477224095888497;-2.869196333125208;-2.5708486586002604;True
