DATA;MCPM;UF;PRODUCT;MODEL;PARAMS;WINDOW;HORIZON;RMSE;MAPE;POCID;PBE;MASE;P1;P2;P3;P4;P5;P6;P7;P8;P9;P10;P11;P12
normal;18668.162451154203;PR;querosenedeaviacao;xgb;{'learning_rate': 0.3, 'n_estimators': 100, 'subsample': 0.8};12;12;2333.3460503110286;0.2924910365703141;81.81818181818181;-29.343412404940324;0.5916812390017386;9212.279;7514.9033;7787.633;7347.148;7704.6855;9172.596;10528.076;10515.175;10691.115;11765.157;13014.234;10967.344
log;40466.95633474017;PR;querosenedeaviacao;xgb;{'learning_rate': 0.4, 'n_estimators': 200, 'subsample': 0.9};12;12;2547.850103751765;0.3116374772738115;63.63636363636363;-30.904309393776614;0.6231552015921715;7759.289;7804.627;7847.871;7509.6025;8794.129;8907.996;11523.528;11592.904;12333.324;12110.208;11204.106;10235.29
deseasonal;8631.228500186091;PR;querosenedeaviacao;xgb;{'learning_rate': 0.2, 'n_estimators': 50, 'subsample': 0.7};12;12;2127.898757118563;0.27535661297739095;90.9090909090909;-26.52283050029358;0.5348069609519815;9762.950548715655;7990.261498253219;7557.507818383218;7484.656941883774;8990.81245345119;9464.747143601391;9115.99634440224;9498.621598276506;9766.640276801149;10501.545893255588;11946.193859300824;11606.003611956496
