DATA;MCPM;UF;PRODUCT;MODEL;PARAMS;WINDOW;HORIZON;RMSE;MAPE;POCID;PBE;MASE;P1;P2;P3;P4;P5;P6;P7;P8;P9;P10;P11;P12
normal;18822.48146626993;BA;querosenedeaviacao;xgb;{'learning_rate': 0.3, 'n_estimators': 150, 'subsample': 0.7};12;12;2374.5956220181306;0.12295046988199666;81.81818181818181;11.072882890186166;1.326959324481322;14461.96;12067.003;11684.804;11488.385;12212.4795;13276.508;14098.805;14576.989;17440.217;22212.91;22854.9;18341.746
log;60174.199040322004;BA;querosenedeaviacao;xgb;{'learning_rate': 0.4, 'n_estimators': 100, 'subsample': 0.8};12;12;2542.2512282227385;0.11479960931441048;45.45454545454545;10.243081761421104;1.3279719562641839;13943.51;12507.252;13885.507;13878.173;12892.626;13038.27;13743.513;14369.52;18848.916;19620.492;19490.633;20221.934
deseasonal;14361.212869813804;BA;querosenedeaviacao;xgb;{'learning_rate': 0.3, 'n_estimators': 100, 'subsample': 0.9};12;12;3578.059016667355;0.17785462996523593;90.9090909090909;16.25878016960526;2.0460728182934513;16871.651962203818;14206.84521750367;11758.210324133579;10271.015580289322;12770.43018838014;12526.429015575715;12222.62858253374;13565.49760286985;13788.550720889414;15451.380319788399;19900.414770593743;20611.663488676117
