DATA;MCPM;UF;PRODUCT;MODEL;PARAMS;WINDOW;HORIZON;RMSE;MAPE;POCID;PBE;P1;P2;P3;P4;P5;P6;P7;P8;P9;P10;P11;P12
seasonal;1784.8911821675883;MT;queroseneiluminante;ARIMA;{'p': 16, 'd': 1, 'q': 18};12;12;0.0012324466322836028;123.65508414444474;66.66666666666667;-318.35964284932766;7.756792103497833e-05;-0.0014086654211560496;-0.0020208208459430296;-0.0020023894285799006;-0.001356283306698271;-0.00045836779147536354;0.00013799453233402274;0.0008453421991084445;0.0010431229809741151;0.0013475154742112552;0.0014763203163501892;0.0018080966217363104
trend;5094.766031720541;MT;queroseneiluminante;ARIMA;{'p': 4, 'd': 1, 'q': 19};12;12;0.0009932873140356523;141.18762174805974;16.666666666666668;-4989.430418973323;-0.001386281878170087;-0.0013096229676771987;-0.0011597141839953895;-0.0010266259788342578;-0.0009459288387359045;-0.0009114893209262445;-0.0009111540333402627;-0.0009157768935936649;-0.0009028595800494553;-0.0008633313089306187;-0.0008051117230822634;-0.0007469917067695771
resid;209.49841891776242;MT;queroseneiluminante;ARIMA;{'p': 24, 'd': 1, 'q': 22};12;12;0.0007148252496811556;9.675464333983841;50.0;-1908.5880465992532;0.0006170569825138192;0.0007110556177376195;0.0008333784555506327;0.0013056093254566231;0.0012933700961256702;0.0004342231786924903;0.00021567346391809257;0.0004076762545780094;0.00012728031831498682;-0.00016577442421077766;0.0004502608489184881;0.0009119485436086675
seasonal_trend;370.0658983423824;MT;queroseneiluminante;ARIMA;{'p': 24, 'd': 1, 'q': 24};12;12;0.0008677460080505395;17.091447315358366;50.0;-2108.704562097143;-0.0007064520457944799;-0.0015938183126976524;-0.0017769378790956807;-0.0014932713476567222;-0.000811825714584296;-0.0003604300132176833;-0.00016324640234330684;2.823802923097689e-06;-0.00024440095484199787;-0.0004768639508035001;-0.00017035166900174908;-5.852074836541971e-05
