DATA;MCPM;UF;PRODUCT;MODEL;PARAMS;WINDOW;HORIZON;RMSE;MAPE;POCID;PBE;P1;P2;P3;P4;P5;P6;P7;P8;P9;P10;P11;P12
seasonal;71.25207243703079;SP;queroseneiluminante;ARIMA;{'p': 4, 'd': 1, 'q': 3};12;12;3.899237783018067;0.9286229503742381;66.66666666666667;-17.900405246483665;-0.7735121228379699;0.5610059150525696;-0.3206761608496501;1.6128704884083118;0.5806649096717014;0.42339847262946007;1.2950424348774043;-0.024460206741899637;1.3280017423697368;0.4110036260770463;0.6410674886793041;1.0955020118478829
trend;988.9867030896443;SP;queroseneiluminante;ARIMA;{'p': 7, 'd': 0, 'q': 24};12;12;7.614880102981081;14.147476122819038;0.0;-604.5332397458375;6.259214087556664;6.351472817062441;6.6223458228345295;6.908708055192395;7.2240422718567885;7.644493539465101;8.132966576409071;8.51049174947602;8.700587228203025;8.920301801506389;9.281352379781012;9.631746160215634
resid;57.47051585517233;SP;queroseneiluminante;ARIMA;{'p': 4, 'd': 0, 'q': 18};12;12;2.2227869818969466;1.648930515518676;66.66666666666667;-249.0115402871956;1.9519500795795632;-1.8658618196643606;0.021549515109900122;0.5969555831274378;-2.235995662605531;0.05566501302040014;1.556578058431636;0.23340960285784113;0.3441380721350443;1.0645779102788444;0.6868653780434925;0.5157251844023413
seasonal_trend;532.1815775646876;SP;queroseneiluminante;ARIMA;{'p': 14, 'd': 1, 'q': 2};12;12;7.662955346630359;18.441878632358215;58.333333333333336;-429.9002946342523;8.703287519202444;8.92210868772848;9.398646223671523;13.334404878838662;8.27924858245076;3.7695865674313964;7.9685383120158395;4.404287941999266;4.954812673725585;7.75715828799127;14.551855224635737;9.494283881123284
