DATA;MCPM;UF;PRODUCT;MODEL;PARAMS;WINDOW;HORIZON;RMSE;MAPE;POCID;PBE;P1;P2;P3;P4;P5;P6;P7;P8;P9;P10;P11;P12
seasonal;30.83383767231203;RN;queroseneiluminante;ARIMA;{'p': 24, 'd': 0, 'q': 4};12;12;0.5317985883828006;2.268259050023021;75.0;-162.6991425211679;0.20296618033133795;-0.7756867360141435;1.204563759194568;1.9791858983501371;0.983768050826334;-0.7161346144133512;-0.7472516175540436;-0.41091686550573986;-0.09687464931225757;-0.1327805192511019;-0.6186174378059304;-1.671151451659912
trend;297.62959061405826;RN;queroseneiluminante;ARIMA;{'p': 6, 'd': 1, 'q': 2};12;12;0.6231307412262;11.041991985438912;41.666666666666664;-353.2428868627746;0.7995480256389018;0.8309839268819273;0.8313789568486499;0.8157535794518131;0.7945126397987271;0.7739550492222436;0.7585551832445832;0.7504760784021809;0.7490936478125403;0.7521468911464362;0.7571938113557316;0.7623376810709726
resid;629.4277491050477;RN;queroseneiluminante;ARIMA;{'p': 8, 'd': 1, 'q': 2};12;12;0.5271171409802022;24.173321987321412;41.666666666666664;-79.65935186364533;-0.12019529470216866;-0.571404225161998;-0.33678187573891105;-0.49155071322848465;-0.19466213445844832;-0.42572883638240633;-0.13773806800358257;-0.34671966247734487;0.008896117568408302;-0.23964674512541048;-0.07595828637354157;-0.23861789117667476
seasonal_trend;514.8669544996264;RN;queroseneiluminante;ARIMA;{'p': 11, 'd': 1, 'q': 16};12;12;0.5496153160664139;34.55170920001973;66.66666666666667;-94.71287054525003;0.47085907259270443;-0.7949338053384192;1.1693356425505907;1.9214574652043175;0.8666131759564369;-0.4629533892724508;-0.36994263661277926;0.2292022211192845;0.7895084640118119;0.6372037687992602;-0.0038531493827241303;-1.0167683395619056
