DATA;MCPM;UF;PRODUCT;MODEL;PARAMS;WINDOW;HORIZON;RMSE;MAPE;POCID;PBE;P1;P2;P3;P4;P5;P6;P7;P8;P9;P10;P11;P12
seasonal;33.43862486348499;MS;queroseneiluminante;ARIMA;{'p': 14, 'd': 0, 'q': 24};12;12;5.7494725605988925e-08;4.63339170242489;83.33333333333333;452.46470255959366;-8.810440270008563e-08;-8.355877837686029e-08;-6.180010171629286e-08;-7.810401300828703e-08;-6.329427151732028e-08;-5.239569181186393e-08;-1.4650027527867789e-08;6.670808023330478e-09;4.349848682419327e-08;4.709399042003811e-08;8.308561693969206e-08;1.5768689355740343e-07
trend;786.8983462133034;MS;queroseneiluminante;ARIMA;{'p': 9, 'd': 1, 'q': 2};12;12;4.949440255036601e-08;27.258958250935432;33.333333333333336;-517.0825433463386;-7.325568644327016e-08;-7.175074421476357e-08;-6.714959649222782e-08;-6.133575810582218e-08;-5.5579045919745884e-08;-5.081163970746412e-08;-4.752402425660765e-08;-4.586117926329775e-08;-4.5867770469289125e-08;-4.7784318843767677e-08;-5.118298671884104e-08;-5.5043890101791825e-08
resid;121.95786019703597;MS;queroseneiluminante;ARIMA;{'p': 3, 'd': 1, 'q': 20};12;12;2.7773969031148195e-08;5.632992242260976;50.0;-255.4672249440869;-9.531835044195422e-09;2.447424739249663e-08;5.02041598644092e-08;5.723459131466401e-08;3.8262444202607725e-08;1.3616999023422362e-08;1.1702114072048165e-08;2.8952985944807588e-08;2.0798172003664136e-08;1.5646496765780027e-08;1.4788417370353763e-08;1.685753137879656e-08
seasonal_trend;121.46304291448884;MS;queroseneiluminante;ARIMA;{'p': 2, 'd': 0, 'q': 13};12;12;1.4658714040142751e-08;6.732165153206883;58.333333333333336;-172.37212979893005;-5.548601044114513e-08;-4.187712127836452e-08;-3.234973272801202e-08;-2.058252596458112e-08;-1.479744946774934e-08;-1.8074635454759073e-08;-2.2336417870340144e-08;-1.501392380932096e-08;9.410391700505606e-09;1.2531583478448614e-08;-2.6330867182965013e-09;-1.5640980197457397e-08
