DATA;MCPM;UF;PRODUCT;MODEL;PARAMS;WINDOW;HORIZON;RMSE;MAPE;POCID;PBE;P1;P2;P3;P4;P5;P6;P7;P8;P9;P10;P11;P12
combination;568.5501766168315;GO;gasolinadeaviacao;combination-mean;ARIMA-SARIMA-VARMA;12;12;39.09480208694481;0.1360012990554364;66.66666666666667;-7.668868837900533;300.82711298391337;261.7953964827295;273.93245497995343;283.24568767324536;283.41810742429027;303.34375522080364;284.4798881162956;284.8346762699098;264.37606252142643;295.58993072356327;324.0551016066789;283.1293768747551
