DATA;MCPM;UF;PRODUCT;MODEL;PARAMS;WINDOW;HORIZON;RMSE;MAPE;POCID;PBE;P1;P2;P3;P4;P5;P6;P7;P8;P9;P10;P11;P12
combination;2118.593560775819;MT;gasolinadeaviacao;combination-mean;ARIMA-SARIMA-VARMA;12;12;73.13792811294235;0.12031347252690044;33.333333333333336;10.449522300058147;357.2369069394224;343.2096676625312;385.6589911410767;374.4566779877663;374.90098717275265;370.1322888121145;368.43366423752576;385.3300629366109;331.3202357237202;395.10569877911536;373.31557848457834;348.3919650441931
