DATA;MCPM;UF;PRODUCT;MODEL;PARAMS;WINDOW;HORIZON;RMSE;MAPE;POCID;PBE;P1;P2;P3;P4;P5;P6;P7;P8;P9;P10;P11;P12
combination;997.0018901428806;TO;gasolinadeaviacao;combination-mean;ARIMA-SARIMA-VARMA;12;12;45.40659231319621;0.3369538958155848;50.0;-0.7440087555227652;108.16198137968614;92.95048775700431;120.18504582625498;115.05366860385092;132.0944001718692;132.7716570537703;140.19760310456053;132.1275351094135;130.56863269237817;146.25240889917507;136.34121248830544;128.13668432649973
