DATA;MCPM;UF;PRODUCT;MODEL;PARAMS;WINDOW;HORIZON;RMSE;MAPE;POCID;PBE;P1;P2;P3;P4;P5;P6;P7;P8;P9;P10;P11;P12
combination;7.772984491366757e+16;SE;gasolinadeaviacao;combination-mean;ARIMA-SARIMA-VARMA;12;12;3.967561253352904;2881329212538409.5;41.666666666666664;41.87790892566024;1.7063225729513185;0.6425292801579146;0.8945669469475394;2.450185116942613;1.3490547952131868;1.5777323778163612;1.727847329674294;1.657901709754427;2.2444932759739906;1.1559804409401184;2.0684185489660525;1.3437382527119106
