DATA;MCPM;UF;PRODUCT;MODEL;PARAMS;WINDOW;HORIZON;RMSE;MAPE;POCID;PBE;P1;P2;P3;P4;P5;P6;P7;P8;P9;P10;P11;P12
combination;1079.3490042715055;RS;gasolinadeaviacao;combination-mean;ARIMA-SARIMA-VARMA;12;12;73.65909702642558;0.3490575765320058;66.66666666666667;-0.3403294387376921;223.95698447131232;116.42825134999876;123.80468567891381;109.73631605995833;103.84694295659645;171.45879463796942;210.0254106826763;260.33693142610724;316.76606714216945;441.1738650175086;516.5609106296836;328.5346733652231
