DATA;MCPM;UF;PRODUCT;MODEL;PARAMS;WINDOW;HORIZON;RMSE;MAPE;POCID;PBE;MASE;P1;P2;P3;P4;P5;P6;P7;P8;P9;P10;P11;P12
normal;4931.897806256677;RO;querosenedeaviacao;xgb;{'learning_rate': 0.4, 'n_estimators': 200, 'subsample': 0.7};12;12;249.40246718879442;0.1806106710700706;54.54545454545455;5.769752391440774;1.2717192945608842;971.55646;1065.499;1152.4364;1151.7053;992.73065;1073.098;818.7607;1063.4786;1036.4479;1351.3978;1361.0232;1633.6986
log;5877.7362255550715;RO;querosenedeaviacao;xgb;{'learning_rate': 0.3, 'n_estimators': 100, 'subsample': 0.7};12;12;296.962303278321;0.22126205479886837;54.54545454545455;1.1842406919202655;1.5468174281939957;814.98193;875.1047;923.559;911.39484;1156.2502;1007.08905;1344.3868;1316.6107;1299.4072;1511.0254;1587.6699;1589.6631
deseasonal;3117.3597439051027;RO;querosenedeaviacao;xgb;{'learning_rate': 0.3, 'n_estimators': 200, 'subsample': 0.8};12;12;262.05717905613295;0.18048592218645898;72.72727272727273;2.37019302437251;1.2557203213779387;1215.9676806210862;1059.9181344659473;853.3336348439486;818.702661844379;1041.1565314474483;913.1229288903089;1159.3581309660337;1300.604490699622;1239.5309821507556;1543.6998652425195;1662.7594415323726;1356.9190646588593
