DATA;MCPM;UF;PRODUCT;MODEL;PARAMS;WINDOW;HORIZON;RMSE;MAPE;POCID;PBE;MASE;P1;P2;P3;P4;P5;P6;P7;P8;P9;P10;P11;P12
normal;36845.05427659408;PE;querosenedeaviacao;xgb;{'learning_rate': 0.3, 'n_estimators': 100, 'subsample': 0.9};12;12;1868.3007813717759;0.08739112446679768;54.54545454545455;-4.909803173460969;0.9069105461703016;16721.148;16087.42;16326.777;17497.111;19229.512;18571.623;19046.31;20279.36;20924.387;22256.615;19952.623;21071.895
log;31414.618801424294;PE;querosenedeaviacao;xgb;{'learning_rate': 0.3, 'n_estimators': 200, 'subsample': 0.9};12;12;1593.1025257241351;0.08251364512500847;54.54545454545455;-3.3575838408356358;0.8396871170507388;17109.332;17082.35;17350.264;18087.557;18308.936;17916.615;18632.996;18488.893;20302.418;21428.52;20066.25;19817.742
deseasonal;15361.171521580634;PE;querosenedeaviacao;xgb;{'learning_rate': 0.3, 'n_estimators': 50, 'subsample': 0.7};12;12;1297.8737463636548;0.05927596289491945;72.72727272727273;-5.6105646818085475;0.6006597617617409;18233.43417720272;16183.145497897796;16780.59030713613;17064.44857026626;19622.618582212206;18666.550746327146;18941.961588634582;19626.127326069796;20332.36775913472;22272.098718340098;22468.565174971543;19295.599364307003
