DATA;MCPM;UF;PRODUCT;MODEL;PARAMS;WINDOW;HORIZON;RMSE;MAPE;POCID;PBE;MASE;P1;P2;P3;P4;P5;P6;P7;P8;P9;P10;P11;P12
normal;23837.797593601;RR;gasolinac;rf;{'n_estimators': 50};12;12;1510.5222176814173;0.07948536534305016;63.63636363636363;-1.4620569362285958;1.4564504995648968;14914.79927939543;14601.254168998106;14422.13456207413;14132.206908739881;14255.038497386735;14450.027534447643;14738.165828757921;15327.71349676615;16465.03051785287;17615.496319121463;17567.65710693582;17288.972214963414
log;22980.55324425656;RR;gasolinac;rf;{'n_estimators': 50};12;12;1456.37256869446;0.07523895275754597;63.63636363636363;-1.3228814578404828;1.3744023651053914;14966.82047838826;14548.713317345342;14437.255296750734;14132.891485795893;14232.845905793542;14693.68610068698;14636.165965284159;15398.197357606537;16151.01570283789;17429.202280090205;17577.982864733043;17318.88736254566
deseasonal;18201.957835792895;RR;gasolinac;rf;{'n_estimators': 200};12;12;1153.7931706019958;0.06680273558040098;63.63636363636363;-2.4796963139165755;1.2226018934204448;15148.098091099098;14733.195420370475;14323.662369598107;14237.174221224948;14317.9626132808;15258.684782860859;16145.835942828826;16506.44411598103;16761.147454388876;17489.556392000628;16595.813940721742;16124.233537225447
