DATA;MCPM;UF;PRODUCT;MODEL;PARAMS;WINDOW;HORIZON;RMSE;MAPE;POCID;PBE;MASE;P1;P2;P3;P4;P5;P6;P7;P8;P9;P10;P11;P12
normal;758543.0723447903;GO;gasolinac;rf;{'n_estimators': 50};12;12;27446.65730047526;0.188101353196898;36.36363636363637;12.15050547999519;1.2396885372672297;117975.45294022057;110903.1903696617;109035.16993525944;106011.8170006002;104999.11081529714;105280.96846367864;112255.28270827772;109426.25730073213;116271.9329347235;127776.85084479694;137900.07029094058;149889.59123774938
log;892453.0915930412;GO;gasolinac;rf;{'n_estimators': 50};12;12;28269.715940202263;0.17827642937642418;27.272727272727273;8.700940140461935;1.16989207580098;114619.98729536559;106148.74347487037;105802.32528401233;107120.45999200635;107912.02336348982;111342.6151540572;117963.596318976;120733.89300888003;127780.38968180123;140647.56085748397;143027.8492557457;159903.083321783
deseasonal;324772.8007530426;GO;gasolinac;rf;{'n_estimators': 50};12;12;20548.42709688607;0.13675752168552002;63.63636363636363;11.526302439660018;0.9012644265708506;134119.47546947555;132283.5450828849;124778.17607796653;115026.36759420749;112906.23366177984;105216.07259026307;103914.76436804344;102003.56644253811;109050.37584625445;130491.32776820665;120134.46639751055;127803.73349951106
