DATA;MCPM;UF;PRODUCT;MODEL;PARAMS;WINDOW;HORIZON;RMSE;MAPE;POCID;PBE;MASE;P1;P2;P3;P4;P5;P6;P7;P8;P9;P10;P11;P12
normal;74310.91691296922;PA;gasolinac;rf;{'n_estimators': 50};12;12;9404.639245139533;0.06582643444417635;81.81818181818181;3.536102248245999;1.075405025928086;102995.60627659824;99872.77288845161;103086.8488822774;103033.42621504182;104511.15445252821;111939.9003846305;121164.36044872255;119684.36349983371;117695.44000534185;124362.55735513527;122500.18834990132;111896.6115903919
log;64648.01450418288;PA;gasolinac;rf;{'n_estimators': 150};12;12;8183.560524669573;0.06171673598764308;81.81818181818181;4.1144687503350506;1.0190381827763477;110059.23670274614;109958.56696050386;110000.03479223803;109724.35918304994;109690.77139294092;110404.26947449369;110935.40160196887;112871.21421685975;112639.31936366699;113111.86462278134;112910.03851587023;112387.49702287362
deseasonal;64040.35437688109;PA;gasolinac;rf;{'n_estimators': 50};12;12;8110.285085099198;0.05353217761201601;81.81818181818181;3.6101375032587875;0.8826083649407415;105144.54644714172;100556.44970121216;103662.52330056942;103209.79790615726;115360.54436330147;114086.16023898353;118938.10789212302;122976.1210249851;117463.38399936973;124092.49418702682;108775.43189434672;107447.12491230824
