DATA;MCPM;UF;PRODUCT;MODEL;PARAMS;WINDOW;HORIZON;RMSE;MAPE;POCID;PBE;MASE;P1;P2;P3;P4;P5;P6;P7;P8;P9;P10;P11;P12
normal;174762.87674759136;RN;gasolinac;rf;{'n_estimators': 100};12;12;7384.014690108296;0.11200260263124943;45.45454545454545;5.763736883403594;1.3915311220850406;49271.188344215465;45722.75063692752;46412.988167551746;46889.58779877444;48154.57569608577;49073.34767209378;52308.831040668156;54612.92860213071;55999.62070779388;59210.953051324235;61259.918518097074;63164.84323692858
log;154569.03884420908;RN;gasolinac;rf;{'n_estimators': 100};12;12;6532.038852842134;0.10155133105173227;45.45454545454545;6.612383516590901;1.2780286680856263;50631.143559857046;49482.063372651915;48633.30934988481;47573.12122882598;48711.162208972986;49122.48666398015;51670.155163663105;52167.1221216547;53006.45163480608;56832.558394270374;58508.303805793315;60051.43253384352
deseasonal;64057.9870130546;RN;gasolinac;rf;{'n_estimators': 50};12;12;4061.60635499366;0.05876266498152222;63.63636363636363;3.773930835234154;0.7403869388302049;52223.74658561922;52252.71580868721;51716.15643343456;48746.42484308146;51722.387069552424;52576.93370921081;52927.678531691854;56321.68306076684;54663.03385021917;60114.94509512388;58018.6321169651;54143.64726351498
