DATA;MCPM;UF;PRODUCT;MODEL;PARAMS;WINDOW;HORIZON;RMSE;MAPE;POCID;PBE;MASE;P1;P2;P3;P4;P5;P6;P7;P8;P9;P10;P11;P12
normal;21849.961303156113;PI;gasolinac;rf;{'n_estimators': 50};12;12;5492.596159775876;0.09590363690934993;90.9090909090909;8.441009167569067;0.9422404697357806;46454.103805560415;43343.9005264556;43345.4372911577;44620.449638051294;45384.700665427095;47703.812627173036;49033.47223680334;50579.134760395915;49908.74879479954;52128.74029429636;52067.83630564483;51279.99258840481
log;42202.91143447655;PI;gasolinac;rf;{'n_estimators': 50};12;12;5335.584081055768;0.08458148191143589;81.81818181818181;8.601570662488754;0.8536363247511636;47908.43540672542;47599.805702506055;47871.596509899704;47690.941189407684;48041.24390775582;48499.17066633959;47689.61742791799;49178.279296350825;47751.07517111226;48295.702223506894;48459.16595785726;45855.46198947143
deseasonal;77358.35034582423;PI;gasolinac;rf;{'n_estimators': 100};12;12;6526.810569155859;0.09879840433508975;72.72727272727273;8.856721052771011;0.9636730122400083;44562.664751682365;43132.2594568473;42910.86330481848;40157.23357198931;43222.54422768779;43964.598857224824;49163.00971802356;54084.187133669795;52100.77321472214;56246.201198154246;53421.62430266361;50269.79504101964
