train_range;test_range;UF;PRODUCT;MODEL;PARAMS;WINDOW;HORIZON;RMSE;MAPE;POCID;PBE;MCPM;MASE;P1;P2;P3;P4;P5;P6;P7;P8;P9;P10;P11;P12;error_series;Test Statistic;p-value;Lags Used;Observations Used;Critical Value (1%);Critical Value (5%);Critical Value (10%);Stationary
1990-01_2023-02;2023-03_2024-02;MT;gasolinac;ARIMA;{'p': 12, 'd': 0, 'q': 13};12;12;6405.187382961836;0.0958584774382835;54.54545454545455;3.400608094941994;126337.18443008565;1.121150132297543;51990.39415997499;48536.1061177587;51138.29727131333;49553.4913292979;50663.85315128913;54413.409374801544;57803.96983211354;54280.91301407507;56138.59412639361;62375.23105956025;52337.64545979194;53861.751941277056;[3940.649840025013, 6062.193882241299, 12841.261728686673, 9779.600670702093, 6310.596848710869, 4627.290625198453, -3984.1698321135336, 52.88698592493165, -3754.9441263936096, -4605.78105956025, -453.25245979194005, -8177.37594127706];-3.726524435813513;0.003755161178775443;17;379;-3.4477224095888497;-2.869196333125208;-2.5708486586002604;True
