train_range;test_range;UF;PRODUCT;MODEL;PARAMS;WINDOW;HORIZON;RMSE;MAPE;POCID;PBE;MCPM;MASE;P1;P2;P3;P4;P5;P6;P7;P8;P9;P10;P11;P12;error_series;Test Statistic;p-value;Lags Used;Observations Used;Critical Value (1%);Critical Value (5%);Critical Value (10%);Stationary
1990-01_2023-02;2023-03_2024-02;GO;gasolinac;ARIMA;{'p': 8, 'd': 1, 'q': 21};12;12;13961.929156226633;0.08505939306064143;72.72727272727273;2.917068018827428;165397.77474974497;0.5716875525764188;119404.07393636832;118352.29565167437;126903.54140734415;122194.21930280919;135786.62195513616;140416.56067951466;136933.2020678663;138113.72632946432;133893.1335430467;143221.8802424795;119433.28287130826;121032.42784244519;[21907.02606363168, 19825.60634832563, 26836.908592655862, 18410.230697190826, 1590.3990448638506, -5160.760679514671, -9694.602067866304, -8097.326329464326, -8265.083543046683, -4425.550242479512, 4370.811128691741, -10553.717842445185];-3.5155279697486743;0.0075971441598967045;16;380;-3.4476763783532585;-2.869176103659426;-2.570837873961219;True
