train_range;test_range;UF;PRODUCT;MODEL;PARAMS;WINDOW;HORIZON;RMSE;MAPE;POCID;PBE;MCPM;MASE;P1;P2;P3;P4;P5;P6;P7;P8;P9;P10;P11;P12;error_series;Test Statistic;p-value;Lags Used;Observations Used;Critical Value (1%);Critical Value (5%);Critical Value (10%);Stationary
1990-01_2023-02;2023-03_2024-02;AP;gasolinac;ARIMA;{'p': 13, 'd': 1, 'q': 1};12;12;964.0383992877407;0.05024178360959044;81.81818181818181;0.6843873095427424;7611.202561850151;1.2589820399150096;15539.857285285503;14851.000732562328;15673.68791531761;15985.153049340372;17001.376001235716;18053.961611752893;18002.32811510316;18094.69166126044;16963.06545303649;17881.98408084033;15406.681989587833;14801.28456830736;[1051.1587147144965, 960.3992674376714, 1845.0030846823884, 1233.0609506596284, -1147.3790012357167, 413.6733882471053, -963.0651151031598, -713.4376612604392, -835.6524530364914, -722.0080808403327, 238.59301041216713, 5.836431692639962];-2.934766340884349;0.04145194828206081;17;379;-3.4477224095888497;-2.869196333125208;-2.5708486586002604;True
