train_range;test_range;UF;PRODUCT;MODEL;PARAMS;WINDOW;HORIZON;RMSE;MAPE;POCID;PBE;MCPM;MASE;P1;P2;P3;P4;P5;P6;P7;P8;P9;P10;P11;P12;error_series;Test Statistic;p-value;Lags Used;Observations Used;Critical Value (1%);Critical Value (5%);Critical Value (10%);Stationary
1990-01_2023-02;2023-03_2024-02;CE;gasolinac;ARIMA;{'p': 10, 'd': 1, 'q': 22};12;12;8626.47677473325;0.052140934815429106;90.9090909090909;3.8679374794635395;34152.916745124996;0.8103502839024074;114009.64480444453;106176.4011328289;117098.19891689488;115618.84075775824;127601.34237169675;132278.6081020616;130470.29600835078;133401.4247318608;121433.89557330291;138534.59729203163;120754.37753140774;112799.3386414828;[8314.955195555478, 9730.250867171097, 17765.356083105115, 12130.059242241754, -256.4873716967559, -1230.908102061614, -4982.486008350781, -2397.4247318608104, 7117.966426697079, 1135.0027079683787, 13409.672468592253, -1582.4086414828053];-2.3306762759431323;0.162265018662539;16;380;-3.4476763783532585;-2.869176103659426;-2.570837873961219;False
