train_range;test_range;UF;PRODUCT;MODEL;PARAMS;WINDOW;HORIZON;RMSE;MAPE;POCID;PBE;MCPM;MASE;P1;P2;P3;P4;P5;P6;P7;P8;P9;P10;P11;P12;error_series;Test Statistic;p-value;Lags Used;Observations Used;Critical Value (1%);Critical Value (5%);Critical Value (10%);Stationary
1990-01_2023-02;2023-03_2024-02;AC;gasolinac;ARIMA;{'p': 12, 'd': 1, 'q': 1};12;12;1052.7946921017112;0.06643973014061282;81.81818181818181;-3.6045602573103706;8319.419808998324;0.9647819437929861;11863.593840433346;11605.062113643922;12678.457434643706;12609.464829223607;13736.233809282412;14580.576240863727;15146.381723333738;14256.063828899183;13965.720178150987;14876.575287680898;12547.925149611798;12406.522320402686;[1205.4061595666535, -51.0621136439222, 647.3425653562936, 450.535170776393, -217.23380928241204, -534.0762408637274, -2046.2817233337373, -598.5638288991831, -1448.1201781509862, -1432.5752876808983, -71.47514961179695, -1480.022320402686];-3.7504208131697303;0.0034573165719671934;15;381;-3.4476305904172904;-2.869155980820355;-2.570827146203181;True
1990-01_2022-02;2022-03_2023-02;AC;gasolinac;ARIMA;{'p': 9, 'd': 1, 'q': 22};12;12;1821.030054856356;0.13475840387305907;54.54545454545455;13.56541722520448;35951.14712802018;inf;10162.759312953223;9621.407123240804;10009.802718842646;10417.469335355936;11541.61770445521;11383.181689325975;12137.799964654561;12271.349096557657;11484.884432471494;12707.417034861344;10381.529714909855;9815.609452103861;[915.4406870467774, 1518.2928767591966, 2319.897281157355, 1127.8306646440633, 1132.28229554479, 2667.6183106740245, 2534.2000353454387, 1122.300903442343, 1923.1155675285063, 1406.5829651386557, 1814.970285090145, 2223.8905478961387];-3.836181125397087;0.0025580866873341104;15;369;-3.448196541708585;-2.869404683789669;-2.5709597356805545;True
