train_range;test_range;UF;PRODUCT;MODEL;PARAMS;WINDOW;HORIZON;RMSE;MAPE;POCID;PBE;MCPM;MASE;P1;P2;P3;P4;P5;P6;P7;P8;P9;P10;P11;P12;error_series;Test Statistic;p-value;Lags Used;Observations Used;Critical Value (1%);Critical Value (5%);Critical Value (10%);Stationary
1990-01_2023-02;2023-03_2024-02;RR;gasolinac;ARIMA;{'p': 18, 'd': 0, 'q': 4};12;12;841.6780858165007;0.04263612796296856;72.72727272727273;-2.147755749421274;9955.787158563473;0.7700045556683822;15551.442533015497;14794.566891824463;15374.82315624675;14500.286345393273;15236.646178637824;16441.715151608816;17093.60447940513;16574.36112981661;15642.15732058246;16951.982009146177;14643.686216041202;14228.749486452958;[-24.392533015497975, -395.2568918244633, 275.8768437532508, 495.31365460672714, -1455.1961786378233, 152.8348483911832, -2019.91547940513, -537.8611298166106, -323.15732058246067, -558.2820091461763, 932.9137839587984, -475.4494864529588];-4.322000339112938;0.0004068177499779863;16;380;-3.4476763783532585;-2.869176103659426;-2.570837873961219;True
1990-01_2022-02;2022-03_2023-02;RR;gasolinac;ARIMA;{'p': 18, 'd': 1, 'q': 4};12;12;1913.0328177663496;0.11086471259042861;90.9090909090909;11.26938642357196;7622.886862723033;inf;13694.061121514362;12570.681816666596;13015.627519902124;12930.62305095176;13533.382879414692;13734.388595404756;14670.374794492809;15403.103304095219;14358.991979323555;15551.983159233116;13520.91047911113;13405.163831289581;[1149.5388784856386, 2152.118183333403, 2191.572480097877, 837.5769490482398, 1344.8171205853087, 3224.211404595242, 3059.5252055071924, 1213.3466959047819, 1508.6080206764454, 1896.7668407668843, 1655.0445208888705, 899.4361687104192];-4.370847536370269;0.00033415182380578133;16;368;-3.4482453822848496;-2.8694261442901396;-2.5709711770439507;True
