DATA;MCPM;UF;PRODUCT;MODEL;PARAMS;WINDOW;HORIZON;RMSE;MAPE;POCID;PBE;MASE;P1;P2;P3;P4;P5;P6;P7;P8;P9;P10;P11;P12;Test Statistic;p-value;Lags Used;Observations Used;Critical Value (1%);Critical Value (5%);Critical Value (10%);Stationary
normal;649.493126614209;AC;querosenedeaviacao;SARIMA;{'p': 2, 'd': 1, 'q': 2, 's': 12};12;12;44.87519651386677;0.0524270455224382;72.72727272727273;-2.956257291087065;0.3231336049257726;746.5145122078543;725.9031743676924;715.2444100633901;704.0724412587409;773.7627270109756;734.6686531483489;661.8715641692718;757.3565938541814;803.0660762743483;875.7785342899947;837.4425034276325;720.6291831462735;-8.212387070331348;6.763770926456936e-13;1;395;-3.447014064067954;-2.8688850015516016;-2.57068268706938;True
log;541.433627047119;AC;querosenedeaviacao;SARIMA;{'p': 2, 'd': 1, 'q': 2, 's': 12};12;12;37.414947692344;0.0455485019710302;72.72727272727273;-0.2790535559753067;0.2839063251213308;736.6060696318453;707.0485536938615;705.7719445974939;691.6854192247669;747.9406473413278;712.1537584283619;659.8439361349565;737.9937995993382;773.7659646338943;839.1879511227023;803.7498073139545;705.068452505686;-8.065200403715766;1.6032196621878713e-12;1;395;-3.447014064067954;-2.8688850015516016;-2.57068268706938;True
deseasonal;554.3455727438642;AC;querosenedeaviacao;SARIMA;{'p': 2, 'd': 1, 'q': 2, 's': 12};12;12;46.798432700682525;0.05245456876317069;72.72727272727273;-3.021593736490828;0.32568377297736784;756.4565946582927;708.6076252220579;704.7829730163945;692.3808080060514;769.8812687066749;737.7209177061808;668.6462613059788;771.2932726201558;814.4701878669639;877.4359713430565;839.5418796253077;720.839783287707;-7.815344473718463;6.89392760814239e-12;1;395;-3.447014064067954;-2.8688850015516016;-2.5706826870693797;True
