train_range;test_range;UF;PRODUCT;MODEL;PARAMS;WINDOW;HORIZON;RMSE;MAPE;POCID;PBE;MCPM;MASE;P1;P2;P3;P4;P5;P6;P7;P8;P9;P10;P11;P12;error_series;Test Statistic;p-value;Lags Used;Observations Used;Critical Value (1%);Critical Value (5%);Critical Value (10%);Stationary
1990-01_2023-02;2023-03_2024-02;RS;gasolinac;ARIMA;{'p': 5, 'd': 0, 'q': 6, 'P': 1, 'D': 0, 'Q': 1, 's': 12};12;12;20646.84210655371;0.048653785849642146;72.72727272727273;4.8603682029147315;244263.14400209565;0.8909215222033705;311648.1534100755;292418.5873000078;295045.7712911069;295172.8537785851;296698.76833538286;304509.9552638314;304845.431506297;305483.2915213523;306062.8448871679;339904.46493456693;300977.7786022922;297063.1257940028;[16278.254589924472, 8473.445699992182, 42678.837708893116, 7305.286221414921, 4293.204664617137, 18669.45773616858, -3697.912506297056, 9971.795478647691, 10424.133112832089, 31667.24606543308, 35952.43639770785, 4441.575205997215];-3.5159787528027597;0.0075860843978593625;11;385;-3.4474498334928687;-2.8690765390453703;-2.570784795075055;True
