train_range;test_range;UF;PRODUCT;MODEL;PARAMS;WINDOW;HORIZON;RMSE;MAPE;POCID;PBE;MCPM;MASE;P1;P2;P3;P4;P5;P6;P7;P8;P9;P10;P11;P12;error_series;Test Statistic;p-value;Lags Used;Observations Used;Critical Value (1%);Critical Value (5%);Critical Value (10%);Stationary
1990-01_2023-02;2023-03_2024-02;PI;gasolinac;ARIMA;{'p': 5, 'd': 1, 'q': 1, 'P': 5, 'D': 1, 'Q': 1, 's': 12};12;12;2301.733553280982;0.033668638168685455;90.9090909090909;3.329855535240553;9094.415434562385;0.33356254664327667;48664.5385105353;46324.87577136381;49372.73945615935;49053.087890403884;51380.36117656098;53707.52138742864;50114.61127000548;53962.652046477066;50916.65012978974;56884.556493516015;52144.459349911354;45470.32175126405;[812.461489464702, 831.224228636187, 1935.660543840655, 3728.2121095961193, 1808.838823439015, 559.778612571361, 1225.38872999452, -271.6520464770656, 1377.7898702102611, 1285.1435064839825, 5642.540650088646, 2007.3782487359495];-2.974432791204558;0.03735202661255384;12;384;-3.4474946672686824;-2.8690962436986855;-2.570795299750434;True
