DATA;MCPM;UF;PRODUCT;MODEL;PARAMS;WINDOW;HORIZON;RMSE;MAPE;POCID;PBE;P1;P2;P3;P4;P5;P6;P7;P8;P9;P10;P11;P12
combination;4.218266880830766e+17;PI;oleocombustivel;combination-median;ARIMA-SARIMA_DS;12;12;7.539718038857153;1.693034030870059e+16;50.0;-15.225275959795878;5.187696662039173;7.3062187348368655;9.466112082982885;6.801600121734539;10.629858274614474;13.054614104518405;11.920344187364186;12.15919179012774;12.775506328162516;12.54838863782985;12.105320402889186;9.774049998528994
