DATA;MCPM;UF;PRODUCT;MODEL;PARAMS;WINDOW;HORIZON;RMSE;MAPE;POCID;PBE;P1;P2;P3;P4;P5;P6;P7;P8;P9;P10;P11;P12
combination;49493.613132206425;PA;oleocombustivel;combination-median;ARIMA-SARIMA_DS;12;12;2740.586901528128;0.03935031818541993;58.333333333333336;-1.7566706634934597;65505.82793766493;62426.9631693259;62910.55487107702;61319.88547069259;63779.25897549029;63327.72549842601;62429.88217155717;61816.69895482197;62975.51636188307;62023.46656175154;61880.491104476845;59067.953161496764
