DATA;MCPM;UF;PRODUCT;MODEL;PARAMS;WINDOW;HORIZON;RMSE;MAPE;POCID;PBE;P1;P2;P3;P4;P5;P6;P7;P8;P9;P10;P11;P12
combination;447.0299506860537;AL;oleocombustivel;combination-median;ARIMA-SARIMA_DS;12;12;23.922667684718594;0.5426740431664904;58.333333333333336;23.191362009462257;40.119733623204446;31.373227619514502;31.740780202188564;34.60798355617716;43.8470387347322;46.74890118129541;44.5963703918941;52.02586353572004;35.1212922091999;34.229057342908284;36.95515935999977;30.86129480642273
