DATA;MCPM;UF;PRODUCT;MODEL;PARAMS;WINDOW;HORIZON;RMSE;MAPE;POCID;PBE;MASE;P1;P2;P3;P4;P5;P6;P7;P8;P9;P10;P11;P12
normal;83121.58170821537;MA;gasolinac;rf;{'n_estimators': 50};12;12;5272.509964033221;0.04397076680286113;63.63636363636363;3.3037131068737806;0.6872572446950036;82048.67735924933;82146.10008416;82086.51383651314;82147.1329099323;88731.65110918935;90067.07880889879;91847.28946421054;92266.71963367355;90223.25065058084;93991.88841466804;90128.14750944129;81945.94854509627
log;193182.51465358143;MA;gasolinac;rf;{'n_estimators': 100};12;12;8167.584589281161;0.07677978671470848;45.45454545454545;4.678175477292563;1.1862575927123897;89787.92989786832;89826.67675484793;89810.03073288206;88475.30407123786;89304.31833236349;86681.29973231068;82380.06376799679;82002.03695653552;81893.3142981849;82232.23282136158;83001.33419684778;87344.60698647228
deseasonal;26846.203354483987;MA;gasolinac;rf;{'n_estimators': 100};12;12;6775.637388962943;0.05924296155110337;90.9090909090909;3.961744362949376;0.9175291441864177;80104.53181642314;79078.47266743443;81015.53879492915;78387.58649008744;90273.34656198528;91259.04455604883;94262.5060085914;95664.84851834273;90890.59706764977;95624.23408659478;85064.97009669695;78875.45569764823
