DATA;MCPM;UF;PRODUCT;MODEL;PARAMS;WINDOW;HORIZON;RMSE;MAPE;POCID;PBE;MASE;P1;P2;P3;P4;P5;P6;P7;P8;P9;P10;P11;P12
normal;14159.512916188793;RR;gasolinac;rf;{'n_estimators': 150};12;12;1196.148910112026;0.06355239239783932;72.72727272727273;-5.849758799746304;1.1177342608250378;15966.384794270509;15763.885798450934;16415.286192936223;15656.375343089378;16310.496983468134;16435.166113157524;16706.8700085526;16466.767094387695;15931.979011453552;16358.808533132766;15978.081874776384;15822.340377664794
log;9073.94607921816;RR;gasolinac;rf;{'n_estimators': 150};12;12;1148.5498661136933;0.06227310729809471;81.81818181818181;-4.835170934361793;1.0978455598991053;16126.423049917734;16125.217849370827;16132.433363662502;16114.324713863763;16111.812793017458;16276.934180135764;16040.071759458064;15910.70981954834;15853.471611336012;15812.71944321762;15727.192418011597;15723.406040903603
deseasonal;7772.738243582492;RR;gasolinac;rf;{'n_estimators': 100};12;12;984.1068802213109;0.057386361357597455;81.81818181818181;-4.368446780629294;1.036791973284426;16090.525107738658;14957.218064428098;15189.754113484427;14920.790320502638;15194.35427425583;15981.772810908094;16653.69776680874;16836.74636611335;16635.81344753836;17085.314624823815;16150.129879743025;15404.021577781055
