DATA;MCPM;UF;PRODUCT;MODEL;PARAMS;WINDOW;HORIZON;RMSE;MAPE;POCID;PBE;MASE;P1;P2;P3;P4;P5;P6;P7;P8;P9;P10;P11;P12
normal;53982.54039066355;PI;gasolinac;rf;{'n_estimators': 50};12;12;4559.560751133989;0.06882309042505036;72.72727272727273;6.861664266425634;0.692950733887092;48771.3521422668;43565.969529335984;46965.15124939979;48778.98072885152;50351.61268217569;49855.24263174516;50825.775272580235;50285.27594802386;49729.59908238014;50192.31643464279;48244.484042181044;48217.6880294723
log;108944.3380229153;PI;gasolinac;rf;{'n_estimators': 50};12;12;4606.63884452941;0.0697165815398498;45.45454545454545;5.126611822935816;0.7022456151803478;51351.45472678337;50768.30502682888;50876.49982009279;50250.82714217982;49012.700407867545;49517.112912694334;49868.52289922955;48406.57369943666;49743.57235080489;49420.61965759249;48993.0829745173;48486.60007166152
deseasonal;47054.573209685506;PI;gasolinac;rf;{'n_estimators': 150};12;12;5946.515653990075;0.09211122663631655;81.81818181818181;9.225683239918574;0.9007981370153374;42965.1749824058;42243.61484086637;42734.25168437223;41692.128881100114;44019.382566883505;48556.171180697536;50693.51961187004;53131.650893315644;51031.90470083678;54412.807304451126;52508.282601620456;46926.31792331238
