DATA;UF;PRODUCT;MODEL;PARAMS;WINDOW;HORIZON;RMSE;MAPE;POCID;PBE;MASE;P1;P2;P3;P4;P5;P6;P7;P8;P9;P10;P11;P12
mean;ES;glp;knn_rf_deepar_svr_catboost_arima;{};12;12;1130.3004464033195;0.04667986341580909;63.63636363636363;-1.5974701294377418;0.9643810972586673;22451.114879720983;21713.907106114366;22891.698368911828;23038.314107710285;23457.840498867277;24022.611581058038;23347.235800211292;23323.640405709157;23087.122269596144;23517.421450843773;22466.05615715867;21757.243563621974
