DATA;UF;PRODUCT;MODEL;PARAMS;WINDOW;HORIZON;RMSE;MAPE;POCID;PBE;MASE;P1;P2;P3;P4;P5;P6;P7;P8;P9;P10;P11;P12
median;MT;glp;knn_rf_deepar_svr_catboost_arima;{};12;12;944.285119704117;0.041359290557125596;45.45454545454545;0.7478702179601806;1.391866014067784;20335.70522286997;19430.897217115606;19854.908003878845;19837.901253178483;19855.872712394586;20161.33796117178;19533.000643191524;19868.93037575238;20030.960537095852;20135.439168248773;19884.90378938737;19888.203012791877
mean;MT;glp;knn_rf_deepar_svr_catboost_arima;{};12;12;960.310012047325;0.040529528709786815;45.45454545454545;0.7197606900039394;1.362870818688972;20215.39178208369;19641.426171578816;19918.29156954398;19857.4780457658;19917.379316666418;20221.483297368206;19534.55279034652;19653.83366121608;20086.664027729974;20067.262250243624;19939.00662607445;19832.9268207286
softdtw_barycenter;MT;glp;knn_rf_deepar_svr_catboost_arima;{};12;12;910.6144048623511;0.036565885004609285;54.54545454545455;0.7092752323395597;1.2333548845941964;20358.91483402221;19405.840069919665;20000.084964933892;19794.503606082275;19817.94063592916;20204.53335484574;19273.81737327491;19862.70505276756;20083.621116622915;20061.31401278128;20372.822287663173;19674.828903626323
DBA_subgradient;MT;glp;knn_rf_deepar_svr_catboost_arima;{};12;12;937.9710771037369;0.03857206519953592;54.54545454545455;0.6527294619838796;1.299483962712087;20322.298588882397;19389.188269297203;20010.9641677477;19803.567369954555;19835.0631122034;20213.968270674635;19287.372022840787;19865.11196717411;20314.18770380429;20142.744587602632;20192.44514944536;19670.074059724582
DBA;MT;glp;knn_rf_deepar_svr_catboost_arima;{};12;12;933.8842712592868;0.03835036320585228;54.54545454545455;0.6266823548844702;1.291517869411205;20359.833940382694;19395.90326874702;20014.848019819983;19803.982078266567;19826.33433288121;20218.049774363124;19275.468208647257;19882.720203912308;20317.333749153106;20136.084319269503;20215.328563281557;19663.772726009018
EBA_twe;MT;glp;knn_rf_deepar_svr_catboost_arima;{};12;12;1004.2100688534505;0.04216527750963064;63.63636363636363;0.46640099730525475;1.4114440502126546;19976.713887768463;19938.458326443368;19949.021248086676;20251.0664866612;19923.365157852168;20363.701470959102;19649.601966063987;19709.391507855027;19961.219026910814;20255.990751025685;19734.776400196664;19782.01805790393
