DATA;UF;PRODUCT;MODEL;PARAMS;WINDOW;HORIZON;RMSE;MAPE;POCID;PBE;MASE;P1;P2;P3;P4;P5;P6;P7;P8;P9;P10;P11;P12
mean;AC;glp;knn_rf_deepar_svr_catboost_arima;{};12;12;143.58444016953743;0.04147376667129719;81.81818181818181;2.555039469146834;0.9032892357872113;3181.7338237487093;3083.4032150374264;3130.085773383743;3111.254364564988;3112.3303103087005;3148.9920319798894;3092.946848768176;3116.6952659395774;3152.980157890826;3225.671979165688;3079.0876677401666;3053.349491237446
