DATA;UF;PRODUCT;MODEL;PARAMS;WINDOW;HORIZON;RMSE;MAPE;POCID;PBE;MASE;P1;P2;P3;P4;P5;P6;P7;P8;P9;P10;P11;P12
median;CE;glp;knn_rf_deepar_svr_catboost_arima;{};12;12;2097.1106924031124;0.028410150438252426;90.9090909090909;2.55684714777886;0.9582271985816834;42802.35676839592;42375.610475120426;43082.95604660217;43329.10126907784;43406.3763242038;43880.70198146363;43023.44587401002;43292.04643136611;42486.367177784894;43808.4529302717;42795.31374587554;40090.32717804659
mean;CE;glp;knn_rf_deepar_svr_catboost_arima;{};12;12;2193.132825942253;0.028181127231615616;90.9090909090909;2.5443313686272377;0.9564309697316618;42335.11022164391;42256.51792105963;42998.13596346065;43317.46091768763;43526.19363763736;43900.17746485237;43028.64006159452;43247.16598217134;42475.90037616935;43754.29041638204;42867.208365215614;40732.32190301204
softdtw_barycenter;CE;glp;knn_rf_deepar_svr_catboost_arima;{};12;12;2128.407671610163;0.02579811837298006;100.0;2.4220756810365005;0.8792566419793947;42367.23367922586;42276.43121169502;43043.99419867645;43447.60038396968;43443.954213376506;44164.45954846755;43093.17454559868;43482.9218094419;42236.415006752104;43943.72530944954;42821.4059210556;40763.15835728228
DBA_subgradient;CE;glp;knn_rf_deepar_svr_catboost_arima;{};12;12;2153.3741445890837;0.0261815785093112;81.81818181818181;2.4405341278555173;0.8919184397187406;42267.83810063607;42368.69343808518;43056.271208068785;43425.20873633337;43447.97641362896;44180.34744083617;43084.71099450576;43472.74882454542;42222.28582784525;43927.840877890965;42815.117372036526;40717.99836909367
DBA;CE;glp;knn_rf_deepar_svr_catboost_arima;{};12;12;2126.317205814168;0.025688259711664777;100.0;2.4257649003221586;0.8757016246980205;42367.87617909727;42276.7712206871;43040.28662250288;43468.31588543484;43409.56435225334;44171.67960561554;43085.93307373603;43483.389679822496;42231.7840945374;43945.69302215088;42820.163681827726;40763.542489827254
EBA_twe;CE;glp;knn_rf_deepar_svr_catboost_arima;{};12;12;2155.9372644357973;0.027040425632925996;72.72727272727273;2.2983144922855447;0.91978704499639;42378.378125660405;42660.220430771216;43357.83306144402;43231.80020896626;43685.313213225774;43946.627954601456;43159.67596658674;43532.63323307223;42221.920225217145;43794.12280827705;42922.90689885352;40846.34009962146
