DATA;UF;PRODUCT;MODEL;PARAMS;WINDOW;HORIZON;RMSE;MAPE;POCID;PBE;MASE;P1;P2;P3;P4;P5;P6;P7;P8;P9;P10;P11;P12
mean;CE;glp;knn_rf_deepar_svr_catboost_arima;{};12;12;2190.281041751913;0.028511742174586727;90.9090909090909;2.6145506721601466;0.9674498262217758;42404.846806363974;42299.97953248073;43068.49842790211;43319.93168253472;43520.33131250499;43788.8153149257;42870.61391593839;43146.06361774318;42381.84412828596;43696.81051982721;42817.850410286395;40752.871007231224
