DATA;MCPM;UF;PRODUCT;MODEL;PARAMS;WINDOW;HORIZON;RMSE;MAPE;POCID;PBE;MASE;P1;P2;P3;P4;P5;P6;P7;P8;P9;P10;P11;P12;Test Statistic;p-value;Lags Used;Observations Used;Critical Value (1%);Critical Value (5%);Critical Value (10%);Stationary
normal;224340.26783883965;DF;etanolhidratado;ARIMA;{'p': 15, 'd': 1, 'q': 22};12;12;14031.407251934223;0.5586290244759451;63.63636363636363;61.50209921583015;1.0003571222544099;11457.1670454424;5298.316357597559;7035.589560451532;5935.253474353046;7527.941140534887;7372.8839647524865;8366.047769176652;5675.0910060311935;6773.661536633894;8652.66702318737;5823.218194691539;10314.197249398028;-4.529822849269552;0.00017362877222398013;12;384;-3.4474946672686824;-2.8690962436986855;-2.570795299750434;True
deseasonal;114825.44218970361;DF;etanolhidratado;ARIMA;{'p': 5, 'd': 1, 'q': 17};12;12;14156.378816494376;0.5495263153817966;81.81818181818181;61.276077558523966;0.9921290673455854;7640.569232919615;7001.678768664975;7058.700333807954;7961.896488409617;7396.750401669398;7785.370066009924;8883.692974292328;9122.16264832038;7929.735052655603;9479.525186831;5411.771802725628;5089.9347687065865;-3.6638471186554415;0.004651390390242633;11;385;-3.4474498334928687;-2.8690765390453703;-2.570784795075055;True
log;461271.84333037736;DF;etanolhidratado;ARIMA;{'p': 1, 'd': 1, 'q': 2};12;12;14530.289609236632;0.5829861402720246;27.272727272727273;64.2364908515493;1.0400615100931079;6950.845397930837;6988.592288622123;6992.41053339842;6991.981333961318;6991.022157137548;6989.99699457848;6988.963733896743;6987.92959674639;6986.8954840271845;6985.861508108759;6984.827682989728;6983.794010396704;-4.490297958653295;0.00020473167077342372;12;384;-3.4474946672686824;-2.8690962436986855;-2.570795299750434;True
