DATA;UF;PRODUCT;MODEL;PARAMS;WINDOW;HORIZON;RMSE;MAPE;POCID;PBE;MASE;P1;P2;P3;P4;P5;P6;P7;P8;P9;P10;P11;P12
mean;PI;gasolinac;knn_rf_deepar_svr_catboost_arima;{};12;12;5916.485818134928;0.09899253812463883;81.81818181818181;9.980448345609918;0.97449360036586;42418.99771643631;42099.13897231085;43329.00449306441;43275.67040413772;46051.52377645402;48414.26546403261;50039.68480600065;50660.06817305329;49820.95992384867;52158.953731878035;50555.47713880713;47344.44940695305
