DATA;UF;PRODUCT;MODEL;PARAMS;WINDOW;HORIZON;RMSE;MAPE;POCID;PBE;MASE;P1;P2;P3;P4;P5;P6;P7;P8;P9;P10;P11;P12
mean;RN;gasolinac;knn_rf_deepar_svr_catboost_arima;{};12;12;4508.153747339386;0.06788428209963072;81.81818181818181;5.591528671704822;0.8562844616607742;48553.81472702867;47656.08411255135;49726.45974642763;48617.15951949694;52633.96058166684;53568.279358636;54797.35527324643;55365.719717268235;54753.650398725906;58713.83105086137;55413.86782106341;53436.422758307424
