DATA;UF;PRODUCT;MODEL;PARAMS;WINDOW;HORIZON;RMSE;MAPE;POCID;PBE;MASE;P1;P2;P3;P4;P5;P6;P7;P8;P9;P10;P11;P12
mean;ES;gasolinac;knn_rf_deepar_svr_catboost_arima;{};12;12;4099.512008812263;0.037486009242058436;72.72727272727273;-0.7569560910925242;1.1552467597054894;82788.67088671577;81209.32008120918;81957.67403741543;81429.66560264534;83188.36179300198;82478.98210278888;82998.77485760037;84271.29081724795;82442.63469571348;89289.5690004988;85825.45629518562;83005.35737733933
