DATA;MCPM;UF;PRODUCT;MODEL;PARAMS;WINDOW;HORIZON;RMSE;MAPE;POCID;PBE;MASE;P1;P2;P3;P4;P5;P6;P7;P8;P9;P10;P11;P12;Test Statistic;p-value;Lags Used;Observations Used;Critical Value (1%);Critical Value (5%);Critical Value (10%);Stationary
normal;11865.624724583236;PB;glp;ARIMA;{'p': 24, 'd': 3, 'q': 20};12;12;752.9850178931076;0.026874230188716375;63.63636363636363;0.5065986539996069;0.6431142630157028;22505.725741178918;20404.988668122824;22081.8268167066;21905.17962283028;22766.790951795556;22782.77682007224;21856.85601901493;20788.12836346795;19833.817576109;22118.22623481624;20158.975075258815;18884.042714241783;-4.9902266060860825;2.3203109885991533e-05;15;381;-3.4476305904172904;-2.869155980820355;-2.570827146203181;True
deseasonal;8015.490198323336;PB;glp;ARIMA;{'p': 22, 'd': 2, 'q': 6};12;12;678.1545102188534;0.022480970316380914;72.72727272727273;1.5857504594440326;0.5407780827964165;21848.92695115664;20148.949658342706;21797.23294665975;21563.592816313896;22522.07439984705;22416.98694371477;21480.535266414674;20764.984367242738;19761.993753844723;21794.59701318453;20314.941805479382;18894.876086526227;-3.4184990647617504;0.010344174746047746;17;379;-3.4477224095888497;-2.869196333125208;-2.5708486586002604;True
log;13944.281710633262;PB;glp;ARIMA;{'p': 21, 'd': 2, 'q': 11};12;12;884.8321672132391;0.02955291987233721;63.63636363636363;1.7590286947091187;0.7039878734472228;22296.179927739944;20217.389935031748;21976.34810392432;21791.54441311299;22507.529174949737;22759.18231269368;21467.45305434335;20618.275207333736;19392.250904722074;21579.93648633313;19914.512033175364;18343.087395731567;-4.973564119616496;2.502797262449496e-05;15;381;-3.4476305904172904;-2.869155980820355;-2.570827146203181;True
