DATA;MCPM;UF;PRODUCT;MODEL;PARAMS;WINDOW;HORIZON;RMSE;MAPE;POCID;PBE;MASE;P1;P2;P3;P4;P5;P6;P7;P8;P9;P10;P11;P12;Test Statistic;p-value;Lags Used;Observations Used;Critical Value (1%);Critical Value (5%);Critical Value (10%);Stationary
normal;1058.0838287398117;AP;glp;ARMA;{'p': 10, 'd': 0, 'q': 14};12;12;97.58125322605576;0.0327015969863966;81.81818181818181;2.363127923989765;1.1991765623668302;2754.002998713564;2583.0107430093967;2686.696586655589;2599.83337620626;2599.080339441347;2716.3404012681976;2608.870126186777;2610.395367208914;2586.0430206222973;2761.280626150559;2617.889148902556;2540.152427372684;-3.881453911995886;0.0021756558431402;11;385;-3.4474498334928687;-2.8690765390453703;-2.570784795075055;True
log;1082.9339488341227;AP;glp;ARMA;{'p': 12, 'd': 0, 'q': 20};12;12;99.87281908872416;0.0329002765192452;81.81818181818181;2.325272341964252;1.205471587886284;2763.54438991796;2625.821071810398;2693.462151218352;2617.6839059917043;2583.287746897013;2681.2511861875214;2611.052013961433;2650.89516797041;2589.4776987117057;2761.633040016424;2606.2715979031;2491.4917399433866;-3.914607686251616;0.0019299343326742;11;385;-3.4474498334928687;-2.8690765390453703;-2.570784795075055;True
deseasonal;2257.6582770220484;AP;glp;ARMA;{'p': 5, 'd': 0, 'q': 9};12;12;114.57991517562294;0.03537046556635725;54.54545454545455;1.6574997123397321;1.2910576663296922;2760.90822109108;2685.8021554592897;2737.7934409834;2633.192260201703;2678.2366576670947;2650.181391175538;2643.014702330787;2665.4757982274546;2551.6793842750735;2825.338620914746;2524.6492403212906;2536.158211321643;-6.535625462482045;9.625211935167397e-09;4;392;-3.44714244478345;-2.8689414326247995;-2.5707127699396084;True
