DATA;MCPM;UF;PRODUCT;MODEL;PARAMS;WINDOW;HORIZON;RMSE;MAPE;POCID;PBE;MASE;P1;P2;P3;P4;P5;P6;P7;P8;P9;P10;P11;P12
normal;26075.847618938293;AC;oleodiesel;xgb;{'learning_rate': 0.3, 'n_estimators': 50, 'subsample': 0.7};12;12;1322.2290075937099;0.0864761744895805;54.54545454545455;-1.250066193936033;1.2428042342513868;12201.979;12576.008;12253.645;12521.001;13754.778;15097.311;15085.24;14595.459;15572.412;13689.144;13657.906;12530.58
log;13890.488478606863;AC;oleodiesel;xgb;{'learning_rate': 0.3, 'n_estimators': 150, 'subsample': 0.7};12;12;1172.7908426489962;0.07791608046588694;72.72727272727273;-2.92640948535257;1.093034606028917;13469.773;13484.606;13488.516;13414.112;13715.362;13942.313;14475.952;14996.697;15089.403;13681.893;13638.941;12845.461
deseasonal;16463.556375821467;AC;oleodiesel;xgb;{'learning_rate': 0.4, 'n_estimators': 150, 'subsample': 0.8};12;12;1389.3039168836597;0.0923691619767868;72.72727272727273;-3.8425672979260925;1.3290802047905637;12879.731716175074;12514.358148202175;12566.492619525367;13267.75275001543;14414.621285071717;14726.416341852395;15445.541914184076;16252.258054750939;14663.960843010842;13737.297730807444;14915.941599139654;12338.403364452388
