DATA;MCPM;UF;PRODUCT;MODEL;PARAMS;WINDOW;HORIZON;RMSE;MAPE;POCID;PBE;MASE;P1;P2;P3;P4;P5;P6;P7;P8;P9;P10;P11;P12
normal;960576.6869904374;SP;oleodiesel;xgb;{'learning_rate': 0.3, 'n_estimators': 50, 'subsample': 0.9};12;12;81152.16864979838;0.06301930614119457;72.72727272727273;4.399399649582794;1.0316928927655113;1069387.5;1072099.6;1121754.5;1105877.4;1146435.5;1183759.2;1106825.6;1111901.5;1084610.0;1043010.06;1037694.7;1004211.1
log;1813973.7843360484;SP;oleodiesel;xgb;{'learning_rate': 0.3, 'n_estimators': 200, 'subsample': 0.7};12;12;114924.76643521132;0.08794794314569593;63.63636363636363;5.057599577806646;1.4335451504203613;1085991.0;1083135.4;1086237.6;1084060.2;1089723.9;1083762.6;1086028.4;1083926.9;1086261.4;1070613.5;1071622.6;1086096.8
deseasonal;338597.4131283165;SP;oleodiesel;xgb;{'learning_rate': 0.4, 'n_estimators': 200, 'subsample': 0.7};12;12;85392.99061838443;0.06624330054264273;90.9090909090909;5.766656118070483;1.086597560706921;1096370.0586526664;1089081.2951781105;1119445.8118658115;1103707.2620059147;1145991.1959955078;1161953.5761489836;1098135.8055888657;1124210.1530720156;1067277.2687261908;1006655.5111458362;938855.8388576489;948707.7852624485
