DATA,MCPM,UF,PRODUCT,MODEL,PARAMS,WINDOW,HORIZON,RMSE,MAPE,POCID,PBE,P1,P2,P3,P4,P5,P6,P7,P8,P9,P10,P11,P12
normal_deseasonal_log_deseasonal-log,9704.638734116468,MT,querosenedeaviacao,ARIMA_MEAN,"{'normal': ""{'p': 14, 'd': 0, 'q': 14}"", 'deseasonal': ""{'p': 11, 'd': 1, 'q': 9}"", 'log': ""{'p': 9, 'd': 0, 'q': 10}"", 'deseasonal-log': ""{'p': 10, 'd': 1, 'q': 8}""}",12,12,1329.696337192038,0.18590641716697465,83.33333333333333,19.26458134039013,6193.476088078595,4906.630603233136,4042.81286934777,3037.236621616911,3010.0091056160363,3071.1730840602527,3329.144790828738,4825.91154417523,5533.863069624273,6412.003927478902,7122.821733533698,5867.9362274707155
