DATA;MCPM;UF;PRODUCT;MODEL;PARAMS;WINDOW;HORIZON;RMSE;MAPE;POCID;PBE;P1;P2;P3;P4;P5;P6;P7;P8;P9;P10;P11;P12
arima-mean;8742.719890646642;SC;querosenedeaviacao;ARIMA_MEAN;;12;12;805.0805725232858;0.07641717957856198;75.0;7.2499275906716845;5308.501380960573;4655.779233171565;4706.538123463493;4477.685328558731;4588.718837837461;4589.503356212801;4676.605319490847;5210.1235403766295;5463.230771205224;5952.811729905636;6268.188469843505;5522.884729580603
