DATA,MCPM,UF,PRODUCT,MODEL,PARAMS,WINDOW,HORIZON,RMSE,MAPE,POCID,PBE,P1,P2,P3,P4,P5,P6,P7,P8,P9,P10,P11,P12
normal_deseasonal_log_deseasonal-log,23743.060423274634,RS,querosenedeaviacao,ARIMA_MEAN,"{'normal': ""{'p': 4, 'd': 1, 'q': 6}"", 'deseasonal': ""{'p': 9, 'd': 1, 'q': 7}"", 'log': ""{'p': 8, 'd': 1, 'q': 13}"", 'deseasonal-log': ""{'p': 7, 'd': 1, 'q': 8}""}",12,12,2173.054332604896,0.2301539977543243,75.0,-21.900052909509565,10624.855890253672,10477.765125908394,10803.170809902469,10615.69090674282,11430.45325281538,11555.01663706784,11416.583992741947,11534.833450458818,12009.67653623583,11869.636353694683,11670.25782773674,10811.851360635712
