DATA;MCPM;UF;PRODUCT;MODEL;PARAMS;WINDOW;HORIZON;RMSE;MAPE;POCID;PBE;P1;P2;P3;P4;P5;P6;P7;P8;P9;P10;P11;P12
arima-mean;696.7053371931887;AC;querosenedeaviacao;ARIMA_MEAN;;12;12;48.13054655555133;0.05671843830587833;66.66666666666667;-0.19824097067740695;734.557740979437;690.1051161811716;690.1033463716149;700.0430124869971;726.8135611923055;744.729086644192;704.7413543915342;754.3498653595277;779.4375718025157;788.8762838338585;777.0749259823936;722.875945805858
