DATA;MCPM;UF;PRODUCT;MODEL;PARAMS;WINDOW;HORIZON;RMSE;MAPE;POCID;PBE;P1;P2;P3;P4;P5;P6;P7;P8;P9;P10;P11;P12
combination;77608.20702787554;MT;gasolinac;combination-median;ARIMA-SARIMA-VARMA;12;12;4294.93067953611;0.06295993679017625;58.333333333333336;-1.643534373519109;56826.876400761605;56107.717089380065;57069.16390035197;54443.180171614535;56110.40729265734;56824.37386469095;56334.090016679256;55217.21863389922;56211.206406012374;60580.58195434392;55274.81461592426;55674.52800050179
