DATA;MCPM;UF;PRODUCT;MODEL;PARAMS;WINDOW;HORIZON;RMSE;MAPE;POCID;PBE;P1;P2;P3;P4;P5;P6;P7;P8;P9;P10;P11;P12
combination;261675.05918871122;BA;gasolinac;combination-median;ARIMA-SARIMA-VARMA;12;12;12073.769897801494;0.05148304252237604;50.0;3.387103575640006;184885.77451983734;180163.85572424368;178366.93134584522;178742.3367646143;184515.6317159041;191020.00696274344;192733.54311202953;187963.0741074096;180188.44902371807;214195.80054488272;196602.359812038;183282.98831887933
