DATA;MCPM;UF;PRODUCT;MODEL;PARAMS;WINDOW;HORIZON;RMSE;MAPE;POCID;PBE;P1;P2;P3;P4;P5;P6;P7;P8;P9;P10;P11;P12
combination;16034.712684312864;RO;gasolinac;combination-median;ARIMA-SARIMA-VARMA;12;12;2216.677161283854;0.038490886561488837;83.33333333333333;2.946238960463518;36498.28972228509;36746.16568246596;37729.939568275455;37399.79466243819;39714.06290252508;41334.17168599955;41029.62776092592;40617.83194541444;39448.1097684981;42555.568631989794;36424.838162293236;35961.893185645524
