DATA;MCPM;UF;PRODUCT;MODEL;PARAMS;WINDOW;HORIZON;RMSE;MAPE;POCID;PBE;P1;P2;P3;P4;P5;P6;P7;P8;P9;P10;P11;P12
combination;5637.489854028052;AP;gasolinac;combination-median;ARIMA-SARIMA-VARMA;12;12;779.4701326662578;0.035240503089495605;83.33333333333333;2.2579283189014148;15504.839540227707;15127.940998865288;16209.266201913211;15683.797269468647;16482.332577012938;17525.50061002883;17143.42570262764;17388.607070491882;16608.069350627997;17073.552967813077;15461.930271144556;14904.687592586815
