DATA;MCPM;UF;PRODUCT;MODEL;PARAMS;WINDOW;HORIZON;RMSE;MAPE;POCID;PBE;P1;P2;P3;P4;P5;P6;P7;P8;P9;P10;P11;P12
combination;30364.625519878064;PA;gasolinac;combination-median;ARIMA-SARIMA-VARMA;12;12;8360.083013456007;0.05457907524924548;91.66666666666667;5.489163219966882;103784.68462463089;100044.26963674833;104658.80333129593;101766.44082464068;111236.70994691536;116190.2985136963;115495.6211772493;117413.13006759432;112410.32343424487;121850.29340598363;107274.6302988859;103432.10932617757
