DATA;MCPM;UF;PRODUCT;MODEL;PARAMS;WINDOW;HORIZON;RMSE;MAPE;POCID;PBE;MASE;P1;P2;P3;P4;P5;P6;P7;P8;P9;P10;P11;P12
linear;276890.8001754359;TO;oleodiesel;xgb_rf_knn_arima_arma_sarima;{};12;12;10036.492159642954;0.07584530863720185;36.36363636363637;-0.39627779444128214;1.8477826098622243;99711.63871911309;110275.69204103258;106143.82928079666;99801.33418835171;102089.96177245709;108064.47472709228;111662.32518413708;107541.21451402122;112182.62668140531;113657.9005119054;104510.97902689538;91734.44887264459
