DATA;MCPM;UF;PRODUCT;MODEL;PARAMS;WINDOW;HORIZON;RMSE;MAPE;POCID;PBE;MASE;P1;P2;P3;P4;P5;P6;P7;P8;P9;P10;P11;P12
linear;208279.03685221367;RR;oleodiesel;xgb_rf_knn_arima_arma_sarima;{};12;12;7514.112107362034;0.37333800601332934;36.36363636363637;-24.19913427952055;1.2978195428981478;25215.00038816784;27646.79411098238;28284.27070454155;25585.84010778539;20542.770191724827;17292.009240996493;16031.258120966364;20354.762313170613;25947.18472566363;28777.167105132386;29264.073453118;27919.307892668796
