DATA;MCPM;UF;PRODUCT;MODEL;PARAMS;WINDOW;HORIZON;RMSE;MAPE;POCID;PBE;MASE;P1;P2;P3;P4;P5;P6;P7;P8;P9;P10;P11;P12
normal;378.10836952745177;AM;querosenedeaviacao;arima;{'p': 5, 'd': 1, 'q': 22};12;12;2434.977297706331;0.35860863119365777;100.0;-35.56357728342707;0.7083001091338783;7659.59318355092;7324.898404792138;8716.52054751954;9009.979741701121;9433.377645690094;9696.279033394037;9516.118963986495;9651.077168719807;9343.034183879756;9749.300877391479;9079.028565261518;8989.782942788188
log;300.76424001864956;AM;querosenedeaviacao;arima;{'p': 2, 'd': 1, 'q': 22};12;12;2163.2723724553234;0.32108081654145326;100.0;-31.803877716915167;0.6334202512374694;7641.827662231381;7499.810443089325;8379.553548628739;8413.776698198388;8982.195623891763;9437.932186417982;9247.909927873634;9371.774384832626;9155.015229039465;9494.592933246286;8794.767631564;8749.892691775645
deseasonal;11868.519281018243;AM;querosenedeaviacao;arima;{'p': 23, 'd': 1, 'q': 8};12;12;2883.5157152851616;0.41325770575710896;90.9090909090909;-41.720322479409354;0.8309205997405955;8195.627413458511;7430.969244266215;7928.630835963367;8506.165284894509;9599.540545899155;10062.957728589683;9948.16575995061;10848.008346370534;10941.078960195733;11241.214552569063;9870.872530658837;8508.354800195959
