DATA;MCPM;UF;PRODUCT;MODEL;PARAMS;WINDOW;HORIZON;RMSE;MAPE;POCID;PBE;MASE;P1;P2;P3;P4;P5;P6;P7;P8;P9;P10;P11;P12;Test Statistic;p-value;Lags Used;Observations Used;Critical Value (1%);Critical Value (5%);Critical Value (10%);Stationary
normal;135580.7877901631;SP;glp;ARIMA;{'p': 22, 'd': 3, 'q': 11};12;12;9384.85024721732;0.0299501208535167;72.72727272727273;-1.7701488946680544;0.7555283104638925;277629.37683653145;251075.4805041944;280624.3337929421;280240.7351137696;275233.9225662326;298564.21176451875;269907.4434346183;278066.2085962431;273248.2844635171;259979.7798669068;251482.8238033885;255494.6889651117;-3.602560941365136;0.0057122563696565;17;379;-3.4477224095888497;-2.869196333125208;-2.5708486586002604;True
log;103122.0053497327;SP;glp;ARIMA;{'p': 23, 'd': 2, 'q': 19};12;12;7139.720146799017;0.022221865854352;72.72727272727273;-1.0351414997188688;0.5589488876148057;273948.13275012816;257390.35795986268;274775.9449540591;279713.0670288478;280750.7810827756;293845.91498930013;265026.1241966138;273636.2699844038;270258.7039974953;260986.12066356768;246589.5858858224;251142.8647116481;-3.595710191347773;0.00584357127257;17;379;-3.4477224095888497;-2.869196333125208;-2.5708486586002604;True
deseasonal;111445.40108499226;SP;glp;ARIMA;{'p': 21, 'd': 1, 'q': 19};12;12;9426.080018759014;0.03144066141725606;72.72727272727273;-1.61977317764667;0.8061290763514374;268760.83744718117;258681.90246530325;282197.2711874536;279895.2348634805;290450.39874461584;300802.8732017447;269978.1142875628;274517.29059657117;267722.26377491775;263431.3672331927;245697.29035677767;244607.95464069638;-2.785186630822578;0.060421105872953934;16;380;-3.4476763783532585;-2.869176103659426;-2.570837873961219;False
