DATA;MCPM;UF;PRODUCT;MODEL;PARAMS;WINDOW;HORIZON;RMSE;MAPE;POCID;PBE;MASE;P1;P2;P3;P4;P5;P6;P7;P8;P9;P10;P11;P12
normal;25813.951724568215;SE;gasolinac;arma;{'p': 21, 'd': 0, 'q': 4};12;12;3265.2718880020066;0.07497840636263782;81.81818181818181;7.721516190443925;0.9312775181607759;33321.44615069543;32464.838739741106;32889.897042731885;31882.850387812192;32090.64400298479;33511.85116838952;32831.072366909684;31976.128398795;31697.111733016773;33447.38708933509;31144.15816173634;31064.18905672792
log;11893.173239721718;SE;gasolinac;arma;{'p': 13, 'd': 0, 'q': 16};12;12;2996.2963328052388;0.07554750741164963;90.9090909090909;7.687534008714309;0.9271789912546208;32668.963432899098;31505.709673370056;32494.53007896055;30843.061034628092;32745.50759520705;33538.908215225885;32044.475702023232;32777.38974403159;31293.351776495663;35002.83815156144;32992.047141857045;30557.793823766107
deseasonal;78.11477654856;SE;gasolinac;arma;{'p': 21, 'd': 0, 'q': 19};12;12;2696.898301088525;0.06689104628052965;100.0;6.828539229306574;0.8235772495047395;33250.72452627749;31807.22589254106;34321.581957433;32283.909696348004;31627.297508179086;32585.587595024488;31861.091021684904;33462.93077813769;31866.53335890883;34852.61242484775;32586.120353910916;31573.738952284453
