DATA;MCPM;UF;PRODUCT;MODEL;PARAMS;WINDOW;HORIZON;RMSE;MAPE;POCID;PBE;MASE;P1;P2;P3;P4;P5;P6;P7;P8;P9;P10;P11;P12
normal;59252.88669776137;DF;gasolinac;arma;{'p': 15, 'd': 0, 'q': 9};12;12;7498.0666933934135;0.06787894328510242;81.81818181818181;-0.6107451027199694;0.6598117059916421;87831.29721319194;83707.37801564446;86909.0144285837;85249.70243684168;86485.68118389665;87604.26939603592;84472.65504838894;85136.22477591847;84582.58720009493;92075.41107250299;84033.32406635876;85995.48548889297
log;139742.5588525037;DF;gasolinac;arma;{'p': 22, 'd': 0, 'q': 9};12;12;7089.306545526766;0.06733361663850763;54.54545454545455;0.03388828909058129;0.66613696850798;85115.21409630547;83546.34551855607;87251.39315688939;84324.9244538869;87045.66640358181;86985.99013796444;85602.60091842512;84685.2388379174;86351.37113881411;91159.63831578734;81078.89248163327;84310.17575401689
deseasonal;46278.75691688703;DF;gasolinac;arma;{'p': 14, 'd': 0, 'q': 21};12;12;5860.952199163154;0.053314620225912907;81.81818181818181;-0.8824436527952157;0.5229439772148273;88378.16709245234;84921.68444533776;88372.81700087409;86707.29644325504;86870.70032477251;88235.72076233626;85943.66064264778;87348.84081229128;85673.20751754731;92838.8977008123;79551.73933927795;82032.8315841057
