DATA;MCPM;UF;PRODUCT;MODEL;PARAMS;WINDOW;HORIZON;RMSE;MAPE;POCID;PBE;MASE;P1;P2;P3;P4;P5;P6;P7;P8;P9;P10;P11;P12
normal;3977.5650437903096;AP;gasolinac;arma;{'p': 20, 'd': 0, 'q': 12};12;12;1005.2460504604687;0.04652550203401735;90.9090909090909;4.2061489465583755;1.1826704029712227;15581.946495804064;14904.994171197086;15511.159276290362;15390.46982686275;16322.702090647865;17084.416942855158;16549.378653638432;16794.106571145632;16218.171340615416;16891.89846846507;15361.314329064506;14614.329519124543
log;22956.311619225093;AP;gasolinac;arma;{'p': 9, 'd': 0, 'q': 10};12;12;971.136599457376;0.04313571495171603;45.45454545454545;3.011697800780013;1.100079667576043;15377.620401305901;15385.749214210155;15291.302394119704;15799.707331328751;16278.953400915232;17195.87467298925;17307.622655801722;16702.68619182864;16671.968517637546;16987.129663992717;15621.99562009791;14988.655989048004
deseasonal;3025.6676795014137;AP;gasolinac;arma;{'p': 20, 'd': 0, 'q': 13};12;12;765.4936809010821;0.03672514865955059;90.9090909090909;1.498637666168142;0.9181633995756648;15685.526136749857;15155.251393376815;16167.388965816408;15873.892797680213;16801.57194556759;17645.059881183788;16931.804008579253;17484.840995455383;16745.068300547035;17302.204173129205;15643.1829751652;15193.864109641692
