DATA;MCPM;UF;PRODUCT;MODEL;PARAMS;WINDOW;HORIZON;RMSE;MAPE;POCID;PBE;MASE;P1;P2;P3;P4;P5;P6;P7;P8;P9;P10;P11;P12
normal;75493.5809085513;PE;gasolinac;arma;{'p': 23, 'd': 0, 'q': 13};12;12;9559.234197199887;0.05645561462382593;81.81818181818181;5.688948060702148;0.6934839841389039;114829.18590387962;105393.95920754284;106730.01496799584;106925.46303459043;114196.23265424347;123578.29922547982;117954.2463846875;118428.68865232545;115604.07111126767;127383.99869548537;116223.36809140856;107958.0845156463
log;40187.939867717505;PE;gasolinac;arma;{'p': 13, 'd': 0, 'q': 15};12;12;10138.315317413198;0.06342199211038517;90.9090909090909;6.384436599896159;0.7802355191825873;111432.72465781056;105283.69029849347;109258.46294051326;105150.12256060498;115735.47682231246;123788.1424480539;117123.10783121479;117284.07089425494;115622.1839481045;121818.99053553422;114653.64697065952;107913.65996967354
deseasonal;71963.46035953508;PE;gasolinac;arma;{'p': 20, 'd': 0, 'q': 21};12;12;6085.029165436846;0.038799125139864964;72.72727272727273;2.745413030408884;0.47355388697330103;114935.92796560447;110559.59632838458;117457.30497411592;111965.60101512563;115456.22554680753;121465.210204669;123449.3195732049;123178.26001184473;120398.05859193747;127140.22275761316;119640.57637825627;112480.74630767654
