DATA;MCPM;UF;PRODUCT;MODEL;PARAMS;WINDOW;HORIZON;RMSE;MAPE;POCID;PBE;P1;P2;P3;P4;P5;P6;P7;P8;P9;P10;P11;P12
combination;976.8274373712342;AP;glp;combination-mean;ARIMA-SARIMA-VARMA;12;12;90.11100981290929;0.027026870450547334;75.0;1.6841180636677282;2780.733476675571;2656.228765093219;2697.654412561252;2651.6522229915736;2619.925371712586;2694.9619129032244;2616.3957781040526;2652.845831519434;2598.9409360694062;2772.1238470178346;2574.3417467053587;2567.9934628535784
