DATA;MCPM;UF;PRODUCT;MODEL;PARAMS;WINDOW;HORIZON;RMSE;MAPE;POCID;PBE;P1;P2;P3;P4;P5;P6;P7;P8;P9;P10;P11;P12
combination;10982.279527078277;PA;glp;combination-mean;ARIMA-SARIMA-VARMA;12;12;1518.2900321201337;0.03756086179766846;83.33333333333333;3.776532598426665;33710.67655569259;32379.95320060178;33366.431927290476;32660.623714936944;32220.71937054596;33510.93684877687;31699.395723753252;32780.99735602997;32532.36424332511;33521.29051673572;32452.07098577009;31471.355271608434
