DATA;MCPM;UF;PRODUCT;MODEL;PARAMS;WINDOW;HORIZON;RMSE;MAPE;POCID;PBE;P1;P2;P3;P4;P5;P6;P7;P8;P9;P10;P11;P12
combination;15195.231282867451;MA;glp;combination-mean;ARIMA-SARIMA-VARMA;12;12;1401.0928888965632;0.04527142960824724;75.0;4.329108230708668;27031.859057012174;26195.280007407666;26382.289152270183;25971.707631223133;25864.760497724295;26810.389263018304;25302.25685912139;25687.86678515928;25566.28155956978;26340.133508778596;25883.926705357604;24638.798667758892
