DATA;MCPM;UF;PRODUCT;MODEL;PARAMS;WINDOW;HORIZON;RMSE;MAPE;POCID;PBE;P1;P2;P3;P4;P5;P6;P7;P8;P9;P10;P11;P12
combination;57930.261364615915;BA;glp;combination-mean;ARIMA-SARIMA-VARMA;12;12;4007.4835282274366;0.04984727222203559;66.66666666666667;-3.5178801334802356;74176.55102801761;70604.55856439461;75398.00419689658;77632.28319350784;79243.45572358715;80993.9880398719;75952.69862648216;76534.34546721785;73368.36831401152;76110.12561386275;72592.34846329915;68004.56278138608
