DATA;MCPM;UF;PRODUCT;MODEL;PARAMS;WINDOW;HORIZON;RMSE;MAPE;POCID;PBE;P1;P2;P3;P4;P5;P6;P7;P8;P9;P10;P11;P12
combination;1651.9409672312013;AC;glp;combination-mean;ARIMA-SARIMA-VARMA;12;12;152.3095662461671;0.04091765867256756;75.0;3.409040866448591;3151.328460701123;3073.0654113336946;3153.6708835202444;3047.9899991127304;3088.9544731750716;3124.8943108818785;3019.8382608767474;3094.2808769941726;3116.3683274797677;3235.5399930106623;3048.7783886673124;3005.2744583299273
