DATA;MCPM;UF;PRODUCT;MODEL;PARAMS;WINDOW;HORIZON;RMSE;MAPE;POCID;PBE;P1;P2;P3;P4;P5;P6;P7;P8;P9;P10;P11;P12
combination;35857.63511015646;SC;glp;combination-mean;ARIMA-SARIMA-VARMA;12;12;3304.5880575780784;0.05855369811082783;75.0;5.725813242751073;44557.06405433785;42849.062913774214;46751.49347840344;47373.03069407876;47979.99198565047;49641.707552491;46320.61616853576;46424.23505853126;45010.11644037126;43743.1813739648;42226.67993030085;41255.41004394088
