DATA;MCPM;UF;PRODUCT;MODEL;PARAMS;WINDOW;HORIZON;RMSE;MAPE;POCID;PBE;P1;P2;P3;P4;P5;P6;P7;P8;P9;P10;P11;P12
combination;111550.28672958109;MA;oleodiesel;combination-median;ARIMA-SARIMA-VARMA;12;12;15370.988412827355;0.09301040768273093;83.33333333333333;9.653229846912573;118052.82171066184;115113.82306561458;120316.39169919996;125129.53218996964;135172.97434184694;139998.0738583511;136843.6689958219;136755.43480471993;135088.6308359498;130568.331801737;119808.50760628666;114731.35424953492
