DATA;MCPM;UF;PRODUCT;MODEL;PARAMS;WINDOW;HORIZON;RMSE;MAPE;POCID;PBE;P1;P2;P3;P4;P5;P6;P7;P8;P9;P10;P11;P12
combination;9437.98603876013;SE;oleodiesel;combination-median;ARIMA-SARIMA-VARMA;12;12;1304.6839008421339;0.03887192460889749;83.33333333333333;-0.6554915519719141;32144.372752337746;31487.50237100024;32086.627459875657;30208.740487464944;29852.10026572704;31372.44751426272;32309.9225413528;33803.907099178534;32922.39508031598;32539.47481858327;31446.050777550096;29984.386087508246
