DATA;MCPM;UF;PRODUCT;MODEL;PARAMS;WINDOW;HORIZON;RMSE;MAPE;POCID;PBE;P1;P2;P3;P4;P5;P6;P7;P8;P9;P10;P11;P12
combination;293721.19041316636;SC;oleodiesel;combination-median;ARIMA-SARIMA-VARMA;12;12;13554.243075081744;0.044683092584686356;50.0;3.939560325426787;253465.69629020776;246374.6034351841;243877.95863623387;235607.2979123342;242578.0522610433;255790.39833095504;243414.40964609312;248332.4761085819;246764.9964712485;239105.9293937653;235732.71874550628;237392.253100944
