DATA;MCPM;UF;PRODUCT;MODEL;PARAMS;WINDOW;HORIZON;RMSE;MAPE;POCID;PBE;MASE;P1;P2;P3;P4;P5;P6;P7;P8;P9;P10;P11;P12;Test Statistic;p-value;Lags Used;Observations Used;Critical Value (1%);Critical Value (5%);Critical Value (10%);Stationary
normal;14951.255793487535;AP;gasolinac;SARIMA;{'p': 2, 'd': 1, 'q': 3, 'P': 1, 'D': 0, 'Q': 1, 's': 12};12;12;948.1589318110794;0.05072470522694029;63.63636363636363;0.49190937688745867;1.269109560105787;15485.40693287875;14926.84918672689;15817.52642315089;16018.512718648764;17054.42654551498;17973.982071226284;18076.048222483776;18063.452478530522;16882.362123784293;17920.15672342765;15433.601258617367;14986.974643404401;-2.9015977516931892;0.04516251591235606;17;379;-3.4477224095888497;-2.869196333125208;-2.5708486586002604;True
deseasonal;11912.234692715143;AP;gasolinac;SARIMA;{'p': 2, 'd': 1, 'q': 1, 'P': 3, 'D': 0, 'Q': 6, 's': 12};12;12;1006.6859760041874;0.05324734241357432;72.72727272727273;-1.7120906688012563;1.3198492312843582;15684.353704032934;15187.985204196233;16247.198243815837;16463.909686523;17570.39152114833;18422.867453796145;18424.803609863644;18547.75525627822;17224.226227596584;18210.692491655453;15791.936896650737;15262.831584241841;-2.5834751164358085;0.0964609481784976;16;380;-3.4476763783532585;-2.869176103659426;-2.570837873961219;False
log;15544.964301414397;AP;gasolinac;SARIMA;{'p': 6, 'd': 1, 'q': 2, 'P': 4, 'D': 0, 'Q': 4, 's': 12};12;12;985.8674857188953;0.048746845373875934;63.63636363636363;-2.4463765178716583;1.2112118608584508;15906.071206412364;15385.840587292727;16637.72955122893;16778.959729099024;17664.37987727325;18617.67705052271;18719.452103560685;18531.26317827382;17296.334806481867;18240.791614429083;15667.444557506673;15058.79824491956;-2.9347663408843543;0.04145194828206016;17;379;-3.4477224095888497;-2.869196333125208;-2.5708486586002604;True
