DATA;MCPM;UF;PRODUCT;MODEL;PARAMS;WINDOW;HORIZON;RMSE;MAPE;POCID;PBE;MASE;P1;P2;P3;P4;P5;P6;P7;P8;P9;P10;P11;P12;Test Statistic;p-value;Lags Used;Observations Used;Critical Value (1%);Critical Value (5%);Critical Value (10%);Stationary
normal;290021.930322567;BA;gasolinac;SARIMA;{'p': 3, 'd': 0, 'q': 5, 'P': 6, 'D': 0, 'Q': 2, 's': 12};12;12;14713.766449204924;0.06568045142188629;54.54545454545455;-0.07528031924618292;0.7361973235412631;173426.2815713411;173555.11502848158;180669.5581331599;182008.70735326246;194896.92043815978;204465.6012392827;207876.25415064537;204141.62268347916;191955.9325422932;230099.87836540697;201019.42483754724;189275.63343071606;-2.7365102527841483;0.06793066608625019;16;380;-3.4476763783532585;-2.869176103659426;-2.570837873961219;False
deseasonal;244227.2167341439;BA;gasolinac;SARIMA;{'p': 1, 'd': 1, 'q': 5, 'P': 1, 'D': 0, 'Q': 6, 's': 12};12;12;12394.323211787329;0.05146952811729418;54.54545454545455;1.5365994624385215;0.5813134291035559;176440.73172936728;176860.7910120556;180539.59906196166;181206.57864501353;193553.25584877186;198443.3217537742;200246.70374883816;199169.49336509747;184270.36306555851;223270.13254274504;198392.55789702697;183414.23720464294;-3.375667870643812;0.011816853179541632;15;381;-3.4476305904172904;-2.869155980820355;-2.570827146203181;True
log;379804.92476575956;BA;gasolinac;SARIMA;{'p': 2, 'd': 1, 'q': 3, 'P': 4, 'D': 0, 'Q': 2, 's': 12};12;12;19259.676783247305;0.08712960298582006;54.54545454545455;-3.6004123239389307;0.9674811788305541;171524.32554454243;175528.27089825735;182883.69614182733;185629.2295130245;203040.47125923148;212332.2495950954;215972.36641544828;215895.72004138547;200380.91951247733;240837.1149417131;212121.61222318027;199438.18881784077;-2.7390611455848064;0.0675194305507154;16;380;-3.4476763783532585;-2.869176103659426;-2.570837873961219;False
