DATA;MCPM;UF;PRODUCT;MODEL;PARAMS;WINDOW;HORIZON;RMSE;MAPE;POCID;PBE;MASE;P1;P2;P3;P4;P5;P6;P7;P8;P9;P10;P11;P12;Test Statistic;p-value;Lags Used;Observations Used;Critical Value (1%);Critical Value (5%);Critical Value (10%);Stationary
normal;446088.5820061266;SC;gasolinac;SARIMA;{'p': 4, 'd': 1, 'q': 3, 'P': 5, 'D': 0, 'Q': 1, 's': 12};12;12;22626.668883741593;0.07553339055289605;54.54545454545455;-5.6925177816657575;1.4988254530286607;252310.5489900211;246503.28016933985;254673.3978998403;251124.24458665706;274686.6068436019;272445.9697222788;280513.67917546583;282745.6177622479;277620.5744438149;321789.09673249297;281244.4542578478;281176.7576605105;-2.7828873178991995;0.06076007602554167;16;380;-3.4476763783532585;-2.869176103659426;-2.570837873961219;False
deseasonal;475922.1905847467;SC;gasolinac;SARIMA;{'p': 6, 'd': 1, 'q': 5, 'P': 2, 'D': 0, 'Q': 5, 's': 12};12;12;20125.729728448918;0.0658139336764404;45.45454545454545;-4.809942216600896;1.3039099787918833;252098.20099673042;247153.88524915688;255543.19266483368;249078.34044389435;271810.1794338242;268501.73567090905;275683.33486812277;279190.6750472193;273695.611232207;318052.28795739054;279140.2643923411;279523.62004330504;-3.2750250111615746;0.016032441969278454;17;379;-3.4477224095888497;-2.869196333125208;-2.5708486586002604;True
log;587491.8015557366;SC;gasolinac;SARIMA;{'p': 3, 'd': 1, 'q': 2, 'P': 1, 'D': 0, 'Q': 6, 's': 12};12;12;24836.208814870126;0.08243623654329853;45.45454545454545;-6.454694957033387;1.6415559612268689;251204.21863051775;247415.39317976712;255706.338084715;249070.82888296913;276320.83420157456;275209.62165215705;283146.516812828;285470.5451771512;280886.502114596;327347.8794617616;284116.36552991014;284569.31755350076;-2.8216063320839413;0.05525312178830873;16;380;-3.4476763783532585;-2.869176103659426;-2.570837873961219;False
