DATA;MCPM;UF;PRODUCT;MODEL;PARAMS;WINDOW;HORIZON;RMSE;MAPE;POCID;PBE;MASE;P1;P2;P3;P4;P5;P6;P7;P8;P9;P10;P11;P12;Test Statistic;p-value;Lags Used;Observations Used;Critical Value (1%);Critical Value (5%);Critical Value (10%);Stationary
normal;82964.1836288276;MT;gasolinac;SARIMA;{'p': 2, 'd': 0, 'q': 3, 'P': 1, 'D': 0, 'Q': 4, 's': 12};12;12;5256.964550983898;0.0822219369166489;63.63636363636363;0.8175969042378189;0.9538351700426823;53194.282260464235;51092.210051224;54065.982066788776;52405.06996622017;53271.394835491345;55631.24734350294;57074.15767370211;55001.239525250385;56399.34243480662;64984.61888797811;53953.83503267537;53216.22467933042;-3.702516074443625;0.004077902170671812;17;379;-3.4477224095888497;-2.869196333125208;-2.5708486586002604;True
deseasonal;118424.9703714758;MT;gasolinac;SARIMA;{'p': 6, 'd': 0, 'q': 5, 'P': 5, 'D': 0, 'Q': 2, 's': 12};12;12;6004.362341913149;0.09342317386629571;54.54545454545455;2.8890214525008924;1.0881508308879406;52008.6088579857;49158.88335617865;52440.06467811839;50986.59320236401;51272.57253902609;53894.70285744037;55983.63257425138;53468.49138713028;56002.721399445676;63592.663765591096;53615.432231949286;54075.0891157641;-3.5529304413995115;0.0067273451818233715;17;379;-3.4477224095888497;-2.869196333125208;-2.5708486586002604;True
log;124742.36963090739;MT;gasolinac;SARIMA;{'p': 4, 'd': 1, 'q': 4, 'P': 2, 'D': 0, 'Q': 1, 's': 12};12;12;6323.401633561001;0.10250125683950974;54.54545454545455;0.4537389191742227;1.1791580545916511;51814.97672728302;49486.67353803785;53125.69733589491;51919.514606487726;52571.075336723334;55462.92917397643;57993.39057863275;55152.07896011865;58206.04367697512;66159.22228136247;55222.486567602995;55597.83724955084;-3.7265244358135106;0.0037551611787754713;17;379;-3.4477224095888497;-2.869196333125208;-2.5708486586002604;True
