DATA;MCPM;UF;PRODUCT;MODEL;PARAMS;WINDOW;HORIZON;RMSE;MAPE;POCID;PBE;P1;P2;P3;P4;P5;P6;P7;P8;P9;P10;P11;P12
combination;282874.99851523223;MS;oleodiesel;combination-median;ARIMA-SARIMA_DS-RF;12;12;19548.924217592434;0.08380131360179831;66.66666666666667;8.23713824601672;160321.7617090032;143022.98386310705;144860.63077212803;151036.9525040019;169155.87289427433;178197.90921267343;166970.50133480498;171235.67405321787;154523.32656826096;137239.11577035766;135545.40387157915;147418.60152631105
