DATA;MCPM;UF;PRODUCT;MODEL;PARAMS;WINDOW;HORIZON;RMSE;MAPE;POCID;PBE;P1;P2;P3;P4;P5;P6;P7;P8;P9;P10;P11;P12
combination;49979.511485892916;MA;oleodiesel;combination-median;ARIMA-SARIMA_DS-RF;12;12;13712.75087222135;0.08379904160501696;91.66666666666667;8.265468234050486;123181.80468171866;118560.33812750452;121864.40635647536;127671.87975366384;135685.12147693784;140769.15317060318;137984.697522576;139876.69728327772;135604.70547461775;133426.99125681346;121669.9083640587;114748.0590594159
