DATA;MCPM;UF;PRODUCT;MODEL;PARAMS;WINDOW;HORIZON;RMSE;MAPE;POCID;PBE;P1;P2;P3;P4;P5;P6;P7;P8;P9;P10;P11;P12
combination;27536.600761719063;RR;oleodiesel;combination-median;ARIMA-SARIMA_DS-RF;12;12;3773.3128705159584;0.18588691588927908;83.33333333333333;-17.746459751792383;22629.13950066406;24016.884585156644;21891.825957097917;19399.43955624708;20421.00380182833;23543.93412068605;26404.3409834812;28797.532615235243;24274.452987426088;22526.54755143782;22698.4922989779;21041.49606342114
