DATA;MCPM;UF;PRODUCT;MODEL;PARAMS;WINDOW;HORIZON;RMSE;MAPE;POCID;PBE;P1;P2;P3;P4;P5;P6;P7;P8;P9;P10;P11;P12
combination;117064.84320654135;ES;oleodiesel;combination-median;ARIMA-SARIMA_DS-RF;12;12;6481.826609897604;0.041935538893133055;58.333333333333336;3.629062647978038;107109.61473472124;104434.86015619688;108782.5232777904;107899.7965058901;110033.86390918549;113102.79205498876;109762.6622050438;111896.29548206678;106689.88416197468;106911.53673562704;105853.02916088598;102166.65768932874
