DATA;MCPM;UF;PRODUCT;MODEL;PARAMS;WINDOW;HORIZON;RMSE;MAPE;POCID;PBE;P1;P2;P3;P4;P5;P6;P7;P8;P9;P10;P11;P12
combination;458060.30104866717;MT;oleodiesel;combination-median;ARIMA-SARIMA_DS-RF;12;12;31650.993782507376;0.08874502425936152;66.66666666666667;7.099287713732105;325399.9886259848;259712.3703420612;277818.9833280801;329255.08284798195;348323.6367588281;329699.5670756962;320943.7489730429;321261.60624606424;271949.7426903124;256173.84199553373;304224.58762119664;344513.3401926364
