DATA;UF;PRODUCT;MODEL;PARAMS;WINDOW;HORIZON;RMSE;MAPE;POCID;PBE;MASE;P1;P2;P3;P4;P5;P6;P7;P8;P9;P10;P11;P12
normal;RO;oleodiesel;deepar;{};12;12;10761.409790514166;1.2136910448342761;72.72727272727273;-111.41146439727913;0.2746343862576625;-2730.5488245836987;2900.424495532423;1238.910637447265;-6067.361758226961;-11284.792761004584;-13585.950221669053;-18323.37033570717;-24991.344782463726;-25540.971677076268;-25941.853351069796;-23521.182078053323;-16551.0712069893
deseasonal;RO;oleodiesel;deepar;{};12;12;9027.872001768224;5.083686321232288;54.54545454545455;-131.75372883130373;0.32489323279663157;-11314.700929852688;-13158.826634202256;-12774.739654435038;-14505.786194009384;-10079.819907330964;-4526.042672961431;-1874.8741752908682;764.2850869027698;2562.3429287802846;-4378.623039284595;-15704.099753171055;-19982.346026014748
log;RO;oleodiesel;deepar;{};12;12;10966.676811784158;3.0756755011060126;54.54545454545455;-182.58622648370007;0.40391414008841614;-3281.708070203703;-3726.8375719098603;-742.7610423077585;-3615.721314849443;-6123.272348783094;-7334.628001488476;-7167.2616714408405;-10950.162697148511;-16844.901808906987;-21467.175563701523;-20131.124093116377;-19152.67057655754
