DATA;UF;PRODUCT;MODEL;PARAMS;WINDOW;HORIZON;RMSE;MAPE;POCID;PBE;MASE;P1;P2;P3;P4;P5;P6;P7;P8;P9;P10;P11;P12
normal;MA;oleodiesel;deepar;{};12;12;11909.144374885895;0.6646715489371214;54.54545454545455;30.058594066229244;0.93875755707507;6782.422093889233;6002.06040805626;3971.631560963174;8284.604043939114;5011.95217438191;11351.730564574393;13532.585504565825;15219.425880369634;13812.028936667317;16732.61937553539;15549.011669893162;11773.582224634065
deseasonal;MA;oleodiesel;deepar;{};12;12;7247.039801703787;1.7878998402864184;54.54545454545455;14.283320328286006;0.7579584386600537;3987.2884962859116;4391.427320485509;5076.131194502656;7063.686380765694;8277.940287269274;10775.373660389867;11706.733972430528;11451.845174420769;9644.13201865724;8333.960972897119;7794.1418660050795;5587.524385366643
log;MA;oleodiesel;deepar;{};12;12;12107.715925923507;0.5580572260048352;36.36363636363637;50.95986691209119;0.4921715777981707;1840.5179270202802;3434.51210303462;1961.8069612337335;3395.7755581658193;4202.0956161498425;5788.533193506145;5631.074453496326;10886.267123089969;12508.802764007505;15638.72476283746;14562.926991420107;10490.357221065176
