DATA;UF;PRODUCT;MODEL;PARAMS;WINDOW;HORIZON;RMSE;MAPE;POCID;PBE;MASE;P1;P2;P3;P4;P5;P6;P7;P8;P9;P10;P11;P12
normal;SP;oleodiesel;deepar;{};12;12;76618.46885841432;0.555061949467876;36.36363636363637;50.486740070454736;0.9271627894805312;21054.259768419575;63023.336802967875;26331.00065233094;42983.191101441036;44540.30135490521;49911.95027266827;76700.673560336;91152.69811121644;47334.93268823015;85211.92918430068;58925.47494591626;29693.986265590316
deseasonal;SP;oleodiesel;deepar;{};12;12;59520.27870754036;0.6107967657115554;45.45454545454545;16.396171701207056;0.668134714182198;11711.654869966645;78877.40685372759;75555.71692062779;60777.4935965131;107521.40488614628;65379.66699410566;74262.46075329953;92109.886679749;74139.74368642687;70596.29122424364;67183.60483582263;3593.084545024496
log;SP;oleodiesel;deepar;{};12;12;71806.92193284482;0.5557276772197374;36.36363636363637;48.1828577835521;0.8436235035255988;32858.633759639066;62761.3986571648;55765.51755282742;63703.882029495755;63266.73547779528;62278.2584613386;82097.95369848177;86801.98154170517;67724.98291524858;67024.71853538619;57369.09293702958;24992.249352797164
