DATA;UF;PRODUCT;MODEL;PARAMS;WINDOW;HORIZON;RMSE;MAPE;POCID;PBE;MASE;P1;P2;P3;P4;P5;P6;P7;P8;P9;P10;P11;P12
mean;MA;gasolinac;knn_rf_deepar_svr_catboost_arima;{};12;12;3302.1132548763067;0.032858849598233396;72.72727272727273;-0.1987562335134941;0.3678120229400376;79639.80744767445;76925.25206471542;77641.79384171584;76961.45092510339;78399.5376817174;80100.80922246406;78354.89490397922;81080.34033308983;79506.50097999349;82198.80664542994;80461.73578314992;76720.68407544628
