DATA;UF;PRODUCT;MODEL;PARAMS;WINDOW;HORIZON;RMSE;MAPE;POCID;PBE;MASE;P1;P2;P3;P4;P5;P6;P7;P8;P9;P10;P11;P12
mean;AP;gasolinac;knn_rf_deepar_svr_catboost_arima;{};12;12;1129.9661153789314;0.06795431226409142;90.9090909090909;6.967690206318711;0.4719709525933257;13076.637838078694;12956.371608082543;13204.183762921866;13200.100219077938;13253.805987879217;13722.95413029675;13676.434332571309;13901.78729224254;13541.633359614603;13780.524203294806;13030.207445767253;12832.249760163444
