DATA;MCPM;UF;PRODUCT;MODEL;PARAMS;WINDOW;HORIZON;RMSE;MAPE;POCID;PBE;P1;P2;P3;P4;P5;P6;P7;P8;P9;P10;P11;P12
arima-median;2.3817960230880324e+16;DF;queroseneiluminante;ARIMA_MEAN;"{'normal': ""{'p': 9, 'd': 0, 'q': 5}"", 'deseasonal': ""{'p': 13, 'd': 0, 'q': 14}"", 'log': ""{'p': 2, 'd': 1, 'q': 7}"", 'deseasonal-log': ""{'p': 12, 'd': 1, 'q': 14}""}";12;12;0.1408714941609772;549278453269636.7;0.0;-inf;-0.08170215870107375;0.12344627391198638;0.14010240708142663;0.005949845097396688;0.16353157467030183;0.16164038795361768;-0.00807016815082605;0.22236393921059733;0.18390233824904115;0.03738149118991504;0.13108878220488593;-0.2043924393799965
