DATA,MCPM,UF,PRODUCT,MODEL,PARAMS,WINDOW,HORIZON,RMSE,MAPE,POCID,PBE,P1,P2,P3,P4,P5,P6,P7,P8,P9,P10,P11,P12
normal_deseasonal_log_deseasonal-log,1.9227566039200176e+17,GO,queroseneiluminante,ARIMA_MEAN,"{'normal': ""{'p': 5, 'd': 1, 'q': 14}"", 'deseasonal': ""{'p': 11, 'd': 0, 'q': 11}"", 'log': ""{'p': 4, 'd': 0, 'q': 14}"", 'deseasonal-log': ""{'p': 6, 'd': 1, 'q': 10}""}",12,12,1.9760805835946267,4354370305296632.0,0.0,-inf,0.25737628021447123,-1.2997751047692994,8.881784197001252e-16,8.881784197001252e-16,8.881784197001252e-16,8.881784197001252e-16,-0.16476955053832865,1.2376983060623714,6.4004011000288745,8.881784197001252e-16,1.3012073570203626,-0.9411455110088314
