DATA,MCPM,UF,PRODUCT,MODEL,PARAMS,WINDOW,HORIZON,RMSE,MAPE,POCID,PBE,P1,P2,P3,P4,P5,P6,P7,P8,P9,P10,P11,P12
normal_deseasonal_log_deseasonal-log,4.0660983765773677e+17,CE,queroseneiluminante,ARIMA_MEAN,"{'normal': ""{'p': 14, 'd': 0, 'q': 8}"", 'deseasonal': ""{'p': 13, 'd': 1, 'q': 14}"", 'log': ""{'p': 4, 'd': 1, 'q': 9}"", 'deseasonal-log': ""{'p': 2, 'd': 0, 'q': 10}""}",12,12,3.1088980584619392,9107120865310354.0,0.0,-inf,8.881784197001252e-16,8.881784197001252e-16,1.387633702885612,4.418765405376052,0.15881960030044603,8.881784197001252e-16,8.881784197001252e-16,2.0582307949187846,2.245356315667345,1.1590146989333072,7.277380400516415,-5.561043735910196
