DATA,MCPM,UF,PRODUCT,MODEL,PARAMS,WINDOW,HORIZON,RMSE,MAPE,POCID,PBE,P1,P2,P3,P4,P5,P6,P7,P8,P9,P10,P11,P12
normal_deseasonal_log_deseasonal-log,173.20508075688778,MT,queroseneiluminante,ARIMA_MEAN,"{'normal': ""{'p': 7, 'd': 1, 'q': 4}"", 'deseasonal': ""{'p': 12, 'd': 1, 'q': 3}"", 'log': ""{'p': 3, 'd': 1, 'q': 3}"", 'deseasonal-log': ""{'p': 13, 'd': 1, 'q': 7}""}",12,12,8.881784197001252e-16,4.0,0.0,-inf,8.881784197001252e-16,8.881784197001252e-16,8.881784197001252e-16,8.881784197001252e-16,8.881784197001252e-16,8.881784197001252e-16,8.881784197001252e-16,8.881784197001252e-16,8.881784197001252e-16,8.881784197001252e-16,8.881784197001252e-16,8.881784197001252e-16
