DATA,MCPM,UF,PRODUCT,MODEL,PARAMS,WINDOW,HORIZON,RMSE,MAPE,POCID,PBE,P1,P2,P3,P4,P5,P6,P7,P8,P9,P10,P11,P12
normal_deseasonal_log_deseasonal-log,531.7504402776879,RS,queroseneiluminante,ARIMA_MEAN,"{'normal': ""{'p': 3, 'd': 1, 'q': 14}"", 'deseasonal': ""{'p': 13, 'd': 1, 'q': 14}"", 'log': ""{'p': 14, 'd': 1, 'q': 14}"", 'deseasonal-log': ""{'p': 11, 'd': 1, 'q': 13}""}",12,12,23.632577908043142,0.6301034848988396,50.0,-25.34695357049694,55.8373227949993,44.98373803149316,67.43849374912249,56.25286330669654,56.81594487514424,53.34886969836985,46.86481547936825,53.658368254899436,62.485070974358806,45.47402254278565,44.53539513172302,23.998228585064325
