DATA,MCPM,UF,PRODUCT,MODEL,PARAMS,WINDOW,HORIZON,RMSE,MAPE,POCID,PBE,P1,P2,P3,P4,P5,P6,P7,P8,P9,P10,P11,P12
normal_deseasonal_log_deseasonal-log,90970.17667233344,PE,oleodiesel,ARIMA_MEAN,"{'normal': ""{'p': 6, 'd': 1, 'q': 4}"", 'deseasonal': ""{'p': 2, 'd': 0, 'q': 2}"", 'log': ""{'p': 6, 'd': 1, 'q': 3}"", 'deseasonal-log': ""{'p': 6, 'd': 1, 'q': 3}""}",12,12,8387.88312357138,0.04630349251163959,75.0,3.8673500538549295,121496.02251697579,117272.35287934578,119756.73491052863,120824.14336245261,123166.86519264814,126498.63206662334,127899.4548684709,132541.3965099855,131064.86940986506,131415.3042132802,128797.08706398784,122686.61084009841
