DATA;MCPM;UF;PRODUCT;MODEL;PARAMS;WINDOW;HORIZON;RMSE;MAPE;POCID;PBE;P1;P2;P3;P4;P5;P6;P7;P8;P9;P10;P11;P12
arima-mean;166807.28224977484;GO;oleodiesel;ARIMA_MEAN;;12;12;23019.31586618793;0.06813917314294123;83.33333333333333;6.995731599448055;276738.29133222497;251204.99652784652;263868.7949818472;277918.1727668226;302300.6909057002;297273.56444939977;296794.2894355566;299349.56550680276;267638.5157173922;238765.36794723227;232726.02081387042;266320.56037988316
