DATA;MCPM;UF;PRODUCT;MODEL;PARAMS;WINDOW;HORIZON;RMSE;MAPE;POCID;PBE;P1;P2;P3;P4;P5;P6;P7;P8;P9;P10;P11;P12
arima-mean;220284.65511871572;PA;oleodiesel;ARIMA_MEAN;;12;12;15238.378149240581;0.05105396454142804;66.66666666666667;4.500601922954868;226566.63946020076;226904.7070509736;240788.8653049854;242822.20448758296;255430.39485930285;256898.68143070623;248711.89321589618;245003.35547705926;240886.5215213081;229800.66470831036;221823.30321632235;220610.7167181836
