DATA;MCPM;UF;PRODUCT;MODEL;PARAMS;WINDOW;HORIZON;RMSE;MAPE;POCID;PBE;P1;P2;P3;P4;P5;P6;P7;P8;P9;P10;P11;P12
arima-mean;36859.05774867419;PI;oleodiesel;ARIMA_MEAN;;12;12;5082.230758971211;0.08207689531744584;83.33333333333333;8.13432060572638;47034.722815005785;47207.147044070414;48630.56656552211;49407.173736936624;52764.6802093856;53984.09999135237;53156.58619094412;53595.85030144548;54166.0546809076;50997.79100635626;45780.07458226375;45433.819394549275
