DATA;MCPM;UF;PRODUCT;MODEL;PARAMS;WINDOW;HORIZON;RMSE;MAPE;POCID;PBE;P1;P2;P3;P4;P5;P6;P7;P8;P9;P10;P11;P12
arima-mean;15181.725579411894;AC;oleodiesel;ARIMA_MEAN;;12;12;1049.5864831341105;0.06877452470907648;66.66666666666667;-2.8512009773977245;12816.112444221602;12165.092946914072;13387.029870912433;14082.321201709574;14908.016144742369;15190.88980941794;15558.861072178894;15501.539846754893;13979.171318692683;13299.2378369954;13183.131704599087;12050.152978318672
