DATA;MCPM;UF;PRODUCT;MODEL;PARAMS;WINDOW;HORIZON;RMSE;MAPE;POCID;PBE;P1;P2;P3;P4;P5;P6;P7;P8;P9;P10;P11;P12
arima-mean;37490.72859323309;TO;oleodiesel;ARIMA_MEAN;;12;12;5184.443097826055;0.03340518192709586;83.33333333333333;1.3352070954880892;105305.1320274591;99728.42394239077;101325.91694035337;105727.18518948084;111383.84253934245;111711.7820095529;107683.1298481515;110973.07045182258;103722.56025045225;95796.10287873706;93312.55068314676;98848.91511438342
