DATA;UF;PRODUCT;MODEL;PARAMS;WINDOW;HORIZON;RMSE;MAPE;POCID;PBE;MASE;P1;P2;P3;P4;P5;P6;P7;P8;P9;P10;P11;P12
normal;MA;oleodiesel;catboost;{};12;12;10510.779717267802;1.1503048577679944;54.54545454545455;53.678209604026215;0.7748167700918236;-4887.040214533488;-1782.485208495597;1181.0850977827436;3034.128217116474;2610.9103390526307;4503.696185263547;10924.790493010283;10902.597993624951;9447.568191171105;10138.281271145943;5853.909802906174;4792.523886070743
deseasonal;MA;oleodiesel;catboost;{};12;12;13008.80489319312;1.128948800904854;54.54545454545455;63.86472810131071;1.221718212403331;-5148.2162885173;-1465.756752092745;-1211.7213762581478;1700.3369282299002;-2293.3491287669863;5098.11560856769;6774.770157444438;10341.48973449799;11857.232132006757;9283.610336236745;6189.973802694291;3544.631416120353
log;MA;oleodiesel;catboost;{};12;12;13201.113393593172;0.962133844096562;81.81818181818181;56.07432857315728;0.8157109859822009;-3501.767278553329;-2766.9128900046094;-757.0163163914935;-105.20963700015;1219.2726929495057;7888.461451493333;13605.48013753801;13696.498397387188;12859.665774666495;10392.569525289666;8003.964047073956;-3068.1916310467473
