DATA;UF;PRODUCT;MODEL;PARAMS;WINDOW;HORIZON;RMSE;MAPE;POCID;PBE;MASE;P1;P2;P3;P4;P5;P6;P7;P8;P9;P10;P11;P12
normal;RJ;oleodiesel;catboost;{};12;12;15254.965327774415;0.7261251830708618;45.45454545454545;-21.917816888931103;0.8734191020187327;25429.503832387774;14279.0195376869;22832.661305070513;24786.585430695995;21204.796153387088;28288.444105040293;20880.33279457267;28266.845140531444;24795.672811545537;24445.473369871295;30097.388715136884;22917.091983669234
deseasonal;RJ;oleodiesel;catboost;{};12;12;11169.307693059633;1.4687005008906502;72.72727272727273;-18.824110077347836;0.883110521169265;19966.95200394455;19759.544467133906;21942.85186519074;21432.584293979828;20463.272022381174;20056.982930808575;19140.17583913449;17633.885777735763;21463.331424243705;22483.150566512115;23461.53477947501;26344.98671769599
log;RJ;oleodiesel;catboost;{};12;12;14791.440288085982;2.112076223392992;63.63636363636363;-21.38041956466741;0.9926363690887291;22999.134026011787;16265.78476915471;19386.65092702998;21110.51447886495;18846.46330557275;29245.603011746207;24724.725182513674;27752.90840895843;25836.7425798709;28013.909973383663;30798.899755157367;22349.696057891495
