DATA;UF;PRODUCT;MODEL;PARAMS;WINDOW;HORIZON;RMSE;MAPE;POCID;PBE;MASE;P1;P2;P3;P4;P5;P6;P7;P8;P9;P10;P11;P12
normal;AM;oleodiesel;catboost;{};12;12;25395.533398595508;41.58775753680966;45.45454545454545;199.66698062828766;0.6849105242393358;5892.63531142289;6899.9981990378965;9803.61881043943;13028.90312609694;14958.546063791735;24106.760374829555;25364.47780478158;19607.155011972784;14505.86275535566;5281.04765011654;-8501.629160778608;-16795.828687856054
deseasonal;AM;oleodiesel;catboost;{};12;12;23797.84646708044;9.54658080688418;54.54545454545455;190.58527603039659;0.640908880328151;3524.4346850320953;4075.30761452687;5902.084233330773;8763.160496252436;10941.374214196096;19068.20857360586;23688.96749273316;20152.22308429116;12400.291613746655;6565.6598065367225;-1752.6049963942487;-8945.971607105625
log;AM;oleodiesel;catboost;{};12;12;28428.813254252473;3.08654125309568;81.81818181818181;217.1689194351883;0.6930476557670626;3070.272969832546;1847.0438703110544;4790.4638859187235;8318.215887123879;10380.756757719377;16346.011592684252;32285.86031785023;31803.321061872637;23736.011181021113;14169.270048610455;5236.5276220969745;-23438.108961397447
