DATA;UF;PRODUCT;MODEL;PARAMS;WINDOW;HORIZON;RMSE;MAPE;POCID;PBE;MASE;P1;P2;P3;P4;P5;P6;P7;P8;P9;P10;P11;P12
normal;GO;oleodiesel;catboost;{};12;12;22044.778264603134;1.1345671601541423;36.36363636363637;78.61684220394267;0.5973652957354932;7609.763160194732;5777.717393497595;4552.114157169541;3448.7482502820544;8396.975035140222;10704.901124572796;13796.764727458289;10065.17801458807;13652.3429116262;-2078.9335033002935;-12956.08580704518;-21289.918781781664
deseasonal;GO;oleodiesel;catboost;{};12;12;19325.413875118164;2.5930324329259467;63.63636363636363;81.92015560484278;0.895427025981712;5881.259381377103;14145.580164785422;17167.58895820439;19170.984223690575;20295.87556868541;17185.07383302609;8648.760387229902;596.006901624853;-12096.870983821787;-22467.252013559733;-21004.71693309569;-16763.108859337415
log;GO;oleodiesel;catboost;{};12;12;32609.153668637056;2.55732813562145;63.63636363636363;113.08584252293909;1.024335615626293;13616.88590859235;14252.717278174805;25025.41316913868;30706.35633988854;46117.21178345163;31265.34370084664;17377.093185839716;-13936.634709028836;-45033.883553395135;-52005.01270464348;-43354.97640123421;-44018.998946042266
