DATA;UF;PRODUCT;MODEL;PARAMS;WINDOW;HORIZON;RMSE;MAPE;POCID;PBE;MASE;P1;P2;P3;P4;P5;P6;P7;P8;P9;P10;P11;P12
normal;MG;oleodiesel;catboost;{};12;12;27057.47710182936;0.6683049778727046;63.63636363636363;9.064177183625231;0.6124849689326102;27242.571643495845;34141.86872924476;41031.80352716704;27812.860708632244;42907.8624664066;27840.76106150484;27573.463423743786;17547.478488305915;15791.39135752386;21856.24441608198;19101.20793641916;25081.687599955858
deseasonal;MG;oleodiesel;catboost;{};12;12;33184.23108314848;0.91096268890665;18.181818181818183;22.83418917055771;0.593099824399969;9183.67477416983;21988.38583955318;30614.27918077349;25659.581937993138;51744.90482175621;45809.47903994903;37025.15450060021;44734.39379871052;29741.575900381144;3004.0869864609413;9961.338520917252;-89.40570911438044
log;MG;oleodiesel;catboost;{};12;12;27317.674119422983;0.9288899058166941;81.81818181818181;14.276479987638776;0.5977973435714259;-5383.52336618058;-14409.73874627267;28784.24139142296;45042.41784016292;71682.39475142269;100538.31522935118;82656.80818890005;72826.5480345037;40897.02902476156;-34215.912779980354;-38658.34630504511;-71492.81681083843
