DATA;UF;PRODUCT;MODEL;PARAMS;WINDOW;HORIZON;RMSE;MAPE;POCID;PBE;MASE;P1;P2;P3;P4;P5;P6;P7;P8;P9;P10;P11;P12
normal;BA;oleodiesel;catboost;{};12;12;35725.26551638671;1.2674603232818462;54.54545454545455;122.37245447879852;1.1217380213964974;-11560.775615276145;-19432.749870722546;-20800.939526044498;-9966.755384626333;-3703.854815370196;12229.308062945323;10421.663138014095;11761.258502271123;4146.16290906981;4274.258275089998;-12454.563841198677;-29895.8018955145
deseasonal;BA;oleodiesel;catboost;{};12;12;35516.15575068789;1.317405013291354;72.72727272727273;130.90377201880847;1.4265266954191407;-8354.86062854875;-6402.147235065074;1067.8137787535325;-6519.240849290295;-6598.133237554206;-4050.403228753028;-3436.979246081659;634.8459138955204;-10538.366419213486;-11529.860875997154;-14809.972547839838;-24254.79616390278
log;BA;oleodiesel;catboost;{};12;12;37937.33953007809;1.9518967267075389;63.63636363636363;130.39909510332473;1.4091958542440535;-23819.475705737685;-20643.218689124034;-7445.934263030229;-11270.406755779748;3092.833468864259;16829.089725704056;25899.127405988896;13869.413386439011;4240.873827168596;-17408.966980923306;-33802.486128696095;-46384.260634283935
