DATA;MCPM;UF;PRODUCT;MODEL;PARAMS;WINDOW;HORIZON;RMSE;MAPE;POCID;PBE;MASE;P1;P2;P3;P4;P5;P6;P7;P8;P9;P10;P11;P12
normal;4630.161627322545;MA;querosenedeaviacao;sarima;{'p': 5, 'd': 1, 'q': 2, 'P': 6, 'D': 0, 'Q': 6, 's': 12};12;12;293.0459344171037;0.11136425281163166;63.63636363636363;-8.751620307788189;0.6296262905580537;2335.4381976568634;2212.7367867258354;2300.6006239894814;2241.412733500248;2762.14464052311;2544.6186603271726;2323.509865051559;2540.5807911020433;2551.618140359477;2944.2543482579545;2930.997694239268;2247.1107249665106
log;2944.8625114357374;MA;querosenedeaviacao;sarima;{'p': 1, 'd': 1, 'q': 6, 'P': 5, 'D': 0, 'Q': 5, 's': 12};12;12;248.48278377250924;0.0872710065830335;72.72727272727273;-5.045702564207209;0.5015709574965753;2182.4365990765873;2035.7408553817097;2122.152314758519;2121.489984807276;2667.902146334665;2509.996539607833;2251.685708342979;2438.1883649850065;2491.9712179953713;2879.883216680781;2953.680263921801;2259.803297868378
deseasonal;3417.1740109447396;MA;querosenedeaviacao;sarima;{'p': 1, 'd': 0, 'q': 4, 'P': 5, 'D': 0, 'Q': 1, 's': 12};12;12;288.10848614283725;0.10819025155461522;72.72727272727273;-8.447770579111328;0.6153585979622354;2267.100349642113;2164.2235430408678;2220.4805350639967;2213.920400143073;2790.6956071944583;2615.2247133803476;2354.5793473265744;2558.9640475973547;2566.09092263269;2912.397243774213;2920.014800954979;2267.693873785394
