DATA;MCPM;UF;PRODUCT;MODEL;PARAMS;WINDOW;HORIZON;RMSE;MAPE;POCID;PBE;MASE;P1;P2;P3;P4;P5;P6;P7;P8;P9;P10;P11;P12
normal;375.14346698901255;AM;querosenedeaviacao;sarima;{'p': 3, 'd': 1, 'q': 4, 'P': 4, 'D': 0, 'Q': 3, 's': 12};12;12;2466.6441576215775;0.3512289050394339;100.0;-35.55546411856383;0.7081385237142718;7893.861315461564;6809.080063873589;7943.232242810078;8006.231424426154;9178.094925499543;9250.411487162335;9097.069455866531;10332.525940929789;10214.969553754658;10770.88038981104;10210.983436379714;8455.177360107546
log;31678.646892381472;AM;querosenedeaviacao;sarima;{'p': 1, 'd': 0, 'q': 5, 'P': 2, 'D': 0, 'Q': 6, 's': 12};12;12;2645.6662227727984;0.3756793229983992;72.72727272727273;-38.09427400475582;0.7587025967581258;7926.283153335;7181.526469762716;7933.7583307725845;7895.159597891548;9057.694958192018;9222.835440115445;9298.103977378441;10584.581979742194;10627.83203017482;11303.257046290413;10300.344766879054;8856.90893404603
deseasonal;23049.518659596226;AM;querosenedeaviacao;sarima;{'p': 4, 'd': 0, 'q': 6, 'P': 2, 'D': 0, 'Q': 1, 's': 12};12;12;2863.6519203206985;0.40397356877230267;81.81818181818181;-41.01022766330558;0.8167780338301608;7863.939888297921;7106.4787622973045;7964.00025247879;8106.973525418718;9238.085515330606;9648.569483085521;9744.018750909092;10805.668802092734;11001.538684048259;11600.390848276249;10358.628458391655;9076.693644148685
