DATA;MCPM;UF;PRODUCT;MODEL;PARAMS;WINDOW;HORIZON;RMSE;MAPE;POCID;PBE;MASE;P1;P2;P3;P4;P5;P6;P7;P8;P9;P10;P11;P12
normal;3647.1126628025245;SC;querosenedeaviacao;sarima;{'p': 6, 'd': 1, 'q': 4, 'P': 3, 'D': 0, 'Q': 1, 's': 12};12;12;917.0001256548318;0.09316700909335274;90.9090909090909;9.116445550316108;0.8250640445737036;5323.635110291989;4720.251441207842;4613.952321002103;4557.305629390879;4745.324407396199;4654.603689141276;4650.877310400714;4899.429736887165;5010.908893014116;5676.383627681349;5999.63767670322;5332.223144308481
log;7116.058906820105;SC;querosenedeaviacao;sarima;{'p': 6, 'd': 1, 'q': 5, 'P': 1, 'D': 0, 'Q': 4, 's': 12};12;12;899.4691578252589;0.08701501555934023;81.81818181818181;8.9171909821258;0.7812928126603674;5341.505715786523;4574.712317718092;4527.43701968794;4380.829464507711;4702.844250362915;4700.320231446913;4755.493888446293;5083.118403439076;5170.231877081856;5649.068975777676;6023.6846517302365;5407.235730658265
deseasonal;8688.90447232912;SC;querosenedeaviacao;sarima;{'p': 1, 'd': 1, 'q': 3, 'P': 4, 'D': 0, 'Q': 2, 's': 12};12;12;733.4439743553966;0.08301101013503509;72.72727272727273;8.13138817805549;0.7130832688204389;5431.974897692594;4566.604507605925;4510.112198143079;4359.022438658133;4669.978629399699;4489.250196921966;4563.29774639635;5033.333562016037;5013.267738890876;5895.474788700088;6639.234143478523;5665.3027741441165
