DATA;MCPM;UF;PRODUCT;MODEL;PARAMS;WINDOW;HORIZON;RMSE;MAPE;POCID;PBE;MASE;P1;P2;P3;P4;P5;P6;P7;P8;P9;P10;P11;P12
normal;32937.921452342;RS;querosenedeaviacao;sarima;{'p': 2, 'd': 1, 'q': 4, 'P': 3, 'D': 0, 'Q': 4, 's': 12};12;12;2079.060775679162;0.21965391005396614;63.63636363636363;-20.947568467539956;0.6283527927163541;10510.116723974294;10442.12965987355;10863.94023566167;10181.653275124287;11446.145882252258;11520.407154644325;10929.001192109561;11785.509286815095;11591.942987437451;11901.41105984428;11883.839332748426;10710.26058135304
log;27024.588978015356;RS;querosenedeaviacao;sarima;{'p': 6, 'd': 1, 'q': 1, 'P': 3, 'D': 0, 'Q': 5, 's': 12};12;12;1707.9919628979283;0.17302448771261425;63.63636363636363;-16.42411034263732;0.4926650850990006;10341.11393842346;9522.979499851164;9999.162703078578;9691.47426339689;11210.029819561876;11324.093914330268;10809.789294249289;11771.329520374224;11188.789545087377;11436.385476196489;11273.664499190143;10194.662047628735
deseasonal;60199.477754914325;RS;querosenedeaviacao;sarima;{'p': 2, 'd': 1, 'q': 6, 'P': 1, 'D': 0, 'Q': 1, 's': 12};12;12;2536.223282104119;0.2645110644847299;45.45454545454545;-25.29589625931084;0.7587872111950085;10354.619783504942;9965.103605963168;10844.0302001402;11222.187958761519;12246.400083232133;12183.720123836054;11929.000612514801;12330.861633183968;12262.994114805952;12317.645026216498;11898.974352337955;11020.010973398734
