DATA;MCPM;UF;PRODUCT;MODEL;PARAMS;WINDOW;HORIZON;RMSE;MAPE;POCID;PBE;P1;P2;P3;P4;P5;P6;P7;P8;P9;P10;P11;P12
combination;152116.453178289;RO;oleodiesel;combination-mean;ARIMA-SARIMA_DS;12;12;6015.596196927621;0.06389975494119882;41.666666666666664;-2.2531065935467374;72365.80630246323;76395.50685983541;79805.99161556058;82219.11027354847;87927.69178584026;87588.61344307863;87139.48289384275;84370.27222016265;79561.8354343797;74895.35526192802;66437.85425717017;66574.95865417234
