DATA;MCPM;UF;PRODUCT;MODEL;PARAMS;WINDOW;HORIZON;RMSE;MAPE;POCID;PBE;P1;P2;P3;P4;P5;P6;P7;P8;P9;P10;P11;P12
combination;18050.21894100694;RN;oleodiesel;combination-mean;ARIMA-SARIMA_DS;12;12;2493.6737856081095;0.04938186684624709;83.33333333333333;3.9255778986688736;37007.8404248022;34619.730067646444;35763.0704101388;35457.84889077118;36796.96885597171;38613.82983645027;39164.3138575677;40910.963401381465;40608.315809007254;41157.47685905775;39391.79239001156;36650.59764024128
