DATA;MCPM;UF;PRODUCT;MODEL;PARAMS;WINDOW;HORIZON;RMSE;MAPE;POCID;PBE;MASE;P1;P2;P3;P4;P5;P6;P7;P8;P9;P10;P11;P12
normal;16584.560140210768;SE;querosenedeaviacao;arima_noresid;{'p': 15, 'd': 3, 'q': 1};12;12;1030.75334442645;0.7669836229552324;63.63636363636363;-67.01979486225792;1.969448258060837;1818.9567697224563;1505.1718500402515;1571.548709195789;1785.9138258054165;2107.232395390347;2230.22912069909;2262.910126028663;2535.0947970778275;2684.5213139784264;2813.5336862446543;2676.3449523748627;2398.5669379773803
log;20830.25983229319;SE;querosenedeaviacao;arima_noresid;{'p': 6, 'd': 3, 'q': 17};12;12;1039.4586933263113;0.7902033372709304;54.54545454545455;-70.55879974443158;2.0062420940352097;1917.6434706727623;1751.3141303361076;1823.176849422103;2035.7402052706025;2120.046823477017;2179.7874872407124;2318.155535291197;2248.4962451916886;2326.4265889610156;2770.29417720386;2763.3404276469787;2694.7843196607723
deseasonal;15761.173967989302;SE;querosenedeaviacao;arima_noresid;{'p': 8, 'd': 3, 'q': 14};12;12;980.4456262659897;0.7339664696487351;63.63636363636363;-65.71924266327306;1.8823250670938296;1844.942220223033;1618.5106778846848;1799.4954961098936;1881.8968373935018;2081.433250914546;2060.8762113045545;2071.9219299636197;2363.726448263833;2475.5823161658627;2726.3796597039745;2757.134213389725;2502.630991813016
