DATA;MCPM;UF;PRODUCT;MODEL;PARAMS;WINDOW;HORIZON;RMSE;MAPE;POCID;PBE;MASE;P1;P2;P3;P4;P5;P6;P7;P8;P9;P10;P11;P12
normal;24275.05288239952;AM;querosenedeaviacao;arima_noresid;{'p': 13, 'd': 3, 'q': 12};12;12;3030.9582548913413;0.312383601619106;81.81818181818181;29.042047603661814;0.6423540242167591;7905.204473594182;5234.219331350853;5831.054843764125;5169.220139430167;5995.913512419767;5491.8983903477965;5394.23594729711;5735.707552586218;4535.286441702552;4677.077019540465;1405.055708077486;-756.0507655602578
log;19515.971659969564;AM;querosenedeaviacao;arima_noresid;{'p': 7, 'd': 1, 'q': 24};12;12;2434.8992999209813;0.32583904275478714;81.81818181818181;-32.90562249990941;0.6574951245217554;8722.780691292537;6930.700507678081;7813.232006628827;7743.401278262014;8837.095222811706;9400.087581481459;9660.511582134064;11250.233645771868;10045.810557142335;10971.181517220684;8014.870617611665;6658.24877630935
deseasonal;8925.998310897605;AM;querosenedeaviacao;arima_noresid;{'p': 13, 'd': 3, 'q': 24};12;12;2196.132706163912;0.29424105679560764;90.9090909090909;-28.92408631103367;0.5957383352308637;8593.083963681847;6488.835338756723;7383.409633113536;7412.775617731566;8912.611264012887;9007.991429888085;9638.42304169166;10585.80576854275;9872.816154926812;10657.118895892814;8011.465205741116;6306.867328384927
