DATA;MCPM;UF;PRODUCT;MODEL;PARAMS;WINDOW;HORIZON;RMSE;MAPE;POCID;PBE;MASE;P1;P2;P3;P4;P5;P6;P7;P8;P9;P10;P11;P12
normal;3276.211478825516;RO;querosenedeaviacao;arima_noresid;{'p': 15, 'd': 2, 'q': 4};12;12;275.3688362129577;0.1851270750739615;72.72727272727273;5.788781930339598;1.3002403558093374;1283.7846018024347;1002.1672235193664;936.6857974613889;845.2724248996883;941.9878234015447;829.9493660158113;1049.475285259356;1296.54435487918;1098.5858559733904;1470.3210560117827;1757.2163343092948;1157.081590155284
log;3361.5954162906914;RO;querosenedeaviacao;arima_noresid;{'p': 21, 'd': 2, 'q': 14};12;12;282.4139733960288;0.19720833810150615;72.72727272727273;8.979158879909928;1.38574078243722;1264.663589999683;994.2360737617597;922.5020280380513;812.2658233958387;911.379831065803;774.7304796096319;1001.8093941387435;1255.2533947489476;1051.674630647231;1413.4237043474577;1709.8719392796133;1094.3701815783043
deseasonal;3351.7878636348482;RO;querosenedeaviacao;arima_noresid;{'p': 22, 'd': 2, 'q': 6};12;12;281.6697613506651;0.1900674760379645;72.72727272727273;3.2543206289115583;1.3334771170438975;1226.5643030365015;975.9882653813027;945.8257562702009;850.9917871458547;980.6857103082593;879.9538336077854;1085.995095566349;1368.6145258966922;1179.2313674642053;1541.3227612213338;1804.5892935136656;1197.0330920944978
