DATA;MCPM;UF;PRODUCT;MODEL;PARAMS;WINDOW;HORIZON;RMSE;MAPE;POCID;PBE;MASE;P1;P2;P3;P4;P5;P6;P7;P8;P9;P10;P11;P12
normal;725202.5419215194;PR;oleodiesel;arima_noresid;{'p': 18, 'd': 3, 'q': 24};12;12;61184.71507258854;0.09980861538598322;72.72727272727273;10.121647465798436;1.3811215503201;563951.9306841523;472569.7195572211;494438.7417586339;433704.40359110467;508000.20147580426;532609.071427856;498085.85623368126;514625.80228012375;472010.70294194936;468896.1919976859;432355.29072668107;457151.63482313824
log;904020.674983602;PR;oleodiesel;arima_noresid;{'p': 24, 'd': 3, 'q': 18};12;12;76189.82804344468;0.12913006313152875;72.72727272727273;13.006972809935158;1.7748306797812328;551959.2391013653;468545.87787701254;484371.129828305;432530.50677742827;508086.1776749044;523853.47050658416;481713.2546203147;488381.3949160776;448181.7474121574;438966.6444424523;405904.1890528757;428157.3088528444
deseasonal;1060350.49144426;PR;oleodiesel;arima_noresid;{'p': 13, 'd': 3, 'q': 24};12;12;89292.92093578339;0.15128814730226123;72.72727272727273;15.150694761533423;2.0673463591951937;556374.121310134;462975.2671378341;481988.5390907083;428076.73806669225;504418.9101886164;514142.48932100413;471433.7337456314;479247.22608643863;433140.9841710923;415071.019046147;375813.32535209577;398476.23885253054
