DATA;MCPM;UF;PRODUCT;MODEL;PARAMS;WINDOW;HORIZON;RMSE;MAPE;POCID;PBE;MASE;P1;P2;P3;P4;P5;P6;P7;P8;P9;P10;P11;P12
normal;532182.0852518643;RS;oleodiesel;arima_noresid;{'p': 21, 'd': 3, 'q': 16};12;12;66936.63254780497;0.17910882344212076;81.81818181818181;17.60021316390172;2.648990886626285;360428.7329051573;340171.37065518217;302120.39893585385;245571.03650719242;257542.6068585499;282210.34975490504;251842.95215537428;301031.060196655;287982.8463128292;233014.31020674683;193399.07585135684;191036.83634392262
log;391866.0459120426;RS;oleodiesel;arima_noresid;{'p': 21, 'd': 3, 'q': 18};12;12;33082.558984393436;0.08227947918360695;72.72727272727273;8.235838992805396;1.2395680798008273;364126.17999799974;346065.0244332507;309193.9364191734;262856.606488239;279844.838796175;304848.26052483375;282167.253422598;335189.24400832277;330100.4796136281;285981.5460493643;256631.36314656597;258280.45420011313
deseasonal;161604.34179622456;RS;oleodiesel;arima_noresid;{'p': 19, 'd': 3, 'q': 15};12;12;20467.56988776872;0.05230985151846209;81.81818181818181;-0.11322331990082295;0.7975164357237995;367641.1780114388;355109.5949007553;320308.01829546376;281978.66606122814;304390.61346319615;338061.56928118435;319171.4969922261;376817.7407825787;372623.7336431128;324250.3863530189;293167.9637961383;290697.0133752742
