DATA;MCPM;UF;PRODUCT;MODEL;PARAMS;WINDOW;HORIZON;RMSE;MAPE;POCID;PBE;MASE;P1;P2;P3;P4;P5;P6;P7;P8;P9;P10;P11;P12
normal;21680.7600062936;SE;glp;rf;{'n_estimators': 50};12;12;1099.781382051601;0.0694247194313423;54.54545454545455;3.216173402102519;0.9830479215810567;10824.861734023854;10487.59998788056;11339.652154060328;10683.557418609265;11825.455246212434;11877.08852672532;12521.362739300188;12213.765839583142;12064.244014628362;11950.06416323015;11874.158553929417;11332.751515456268
log;7791.160622599674;SE;glp;rf;{'n_estimators': 200};12;12;658.8261044138582;0.03633596800676624;72.72727272727273;2.4405958935915826;0.5175924465116594;11677.183700889085;11604.189059271632;11750.78490289042;11668.523214326478;11839.677405937004;11816.37579435483;11667.983317825156;11832.63885967705;11532.309581422383;11704.62657714395;11507.086091375832;11507.016761304922
deseasonal;8076.206790574029;SE;glp;rf;{'n_estimators': 100};12;12;1022.0550872472571;0.06573588168921497;81.81818181818181;4.128739186123808;0.9315262756090629;11100.027541414667;10822.576282664273;10868.69090295642;10958.595609917418;11705.58385237622;11612.939686886164;11397.828431757185;11783.534880874462;11599.979014573579;12238.045834920073;12076.552171859297;11519.640765310258
