DATA;MCPM;UF;PRODUCT;MODEL;PARAMS;WINDOW;HORIZON;RMSE;MAPE;POCID;PBE;MASE;P1;P2;P3;P4;P5;P6;P7;P8;P9;P10;P11;P12
normal;24775.268865940343;MT;glp;rf;{'n_estimators': 200};12;12;1257.213698741837;0.053701608799983425;54.54545454545455;0.8768453436939402;1.8140681834817394;19462.07270044311;19338.274725571307;19552.93580048123;19474.51902268629;19427.742570865797;19851.243333890754;19915.003592603225;19849.780057381126;20313.0080869359;20423.072735892103;20520.95656612892;20379.11389459572
log;27055.507944930803;MT;glp;rf;{'n_estimators': 100};12;12;1372.7004153138307;0.06102700995989802;54.54545454545455;0.4938931771740896;2.057317361637635;19223.713296732658;19267.237417609555;19477.96365700497;19502.442674001788;19427.834979818956;19719.902636995685;20151.65830404271;20067.97638445425;20489.345952976877;20622.127000268247;20763.817176877143;20715.153792623092
deseasonal;7742.2972198229945;MT;glp;rf;{'n_estimators': 100};12;12;981.2428248579222;0.039313521571444875;81.81818181818181;0.8248397580216057;1.3236123442683998;20240.11401299328;19641.285086329463;19370.789653133626;19713.321533183942;20497.790796507776;20030.638250331172;19119.82482301759;20066.272411556518;19830.990237456976;20222.72094798796;20231.559372954736;19667.550536981722
