DATA;MCPM;UF;PRODUCT;MODEL;PARAMS;WINDOW;HORIZON;RMSE;MAPE;POCID;PBE;MASE;P1;P2;P3;P4;P5;P6;P7;P8;P9;P10;P11;P12
normal;3332.307207164752;AP;glp;rf;{'n_estimators': 50};12;12;140.94703354004105;0.03894697497584509;45.45454545454545;1.5126636310994792;1.4340883961381428;2611.4243896801277;2595.335742141997;2616.439677171781;2600.699049308684;2582.896321471709;2626.570560935813;2719.9194565714292;2694.5387663243537;2718.3996231588976;2722.4886745983204;2744.6830652954245;2706.005035482049
log;4132.531941033702;AP;glp;rf;{'n_estimators': 100};12;12;149.83104907074073;0.04202323701251278;36.36363636363637;1.2561104156339886;1.5463424793791833;2599.3924580675052;2594.740950652415;2617.9591970710394;2625.85588106648;2623.2647578004603;2622.261372789441;2742.9597887260297;2729.987721573095;2732.315324201309;2705.0148140867714;2695.273414600649;2733.574777731512
deseasonal;1188.8376268058141;AP;glp;rf;{'n_estimators': 50};12;12;100.52966793293406;0.02961352232509641;72.72727272727273;1.165687300836697;1.0817278581125231;2761.774384804876;2698.1027290721345;2729.812467634818;2675.7420436500233;2666.327254465415;2697.809134294214;2617.4807842827054;2696.7593473765555;2569.2393348056285;2851.1067652210313;2536.7980490154673;2550.9723405566297
