DATA;MCPM;UF;PRODUCT;MODEL;PARAMS;WINDOW;HORIZON;RMSE;MAPE;POCID;PBE;MASE;P1;P2;P3;P4;P5;P6;P7;P8;P9;P10;P11;P12
log;72395.3113934524;SP;glp;rf;{'n_estimators': 50};12;12;10013.38623429697;0.0299140508681695;90.9090909090909;-1.9570385974148032;0.75087395766969;271831.7862563302;261191.7582412579;272053.9977903139;282111.9171305871;284718.614132318;290775.5554406655;274096.7302971738;275711.0020797681;269623.20789932524;274601.1806540578;253871.76028029536;246930.889040854
normal;71801.29132763436;SP;glp;rf;{'n_estimators': 200};12;12;9931.219000703331;0.029922220284173;90.9090909090909;-2.067990858471864;0.7511130419081907;271533.94617623143;261719.77264762137;275108.1567679349;281113.0642208456;284787.833306809;291575.7492074575;273231.5144356784;276554.5045673641;270062.2890806738;273666.5601761792;254245.6792855088;247464.2443348574
