DATA;MCPM;UF;PRODUCT;MODEL;PARAMS;WINDOW;HORIZON;RMSE;MAPE;POCID;PBE;MASE;P1;P2;P3;P4;P5;P6;P7;P8;P9;P10;P11;P12
normal;44873.20099940901;PB;glp;rf;{'n_estimators': 200};12;12;1423.8502882467665;0.051765088243745705;27.272727272727273;3.731752545515142;1.2653843891879664;19259.07817176717;19954.9526746986;20382.556755918078;20282.238553113337;20282.409967152995;20598.659189080394;21151.702959778395;21352.7862837987;21182.221923246652;21164.997973995953;21159.138697167316;21015.326720848065
log;49010.57567322474;PB;glp;rf;{'n_estimators': 200};12;12;1382.4431216221533;0.0519671959808995;18.181818181818183;3.4247159193914896;1.2668262590767352;20038.229700046322;20044.54677897689;20162.75820378292;20032.61994385935;20469.113187792293;20542.15247166911;20872.38409872001;21394.905067929598;21320.53198740371;21306.432438330114;21176.053728557097;21216.627751238822
deseasonal;17250.560415877855;PB;glp;rf;{'n_estimators': 50};12;12;1094.2158644978786;0.04315928172753835;63.63636363636363;4.21033776922556;1.0589478630284423;20007.31468371243;19451.179684924147;20039.373501817146;20533.11160989453;21253.90571116591;21454.09956697224;20809.64130572697;21263.44602895492;20384.333860416766;21490.404557165864;20516.736512268948;19350.686236648748
