DATA;MCPM;UF;PRODUCT;MODEL;PARAMS;WINDOW;HORIZON;RMSE;MAPE;POCID;PBE;MASE;P1;P2;P3;P4;P5;P6;P7;P8;P9;P10;P11;P12
normal;41951.25807669635;MA;glp;rf;{'n_estimators': 100};12;12;1521.3742097351508;0.04262314532153539;36.36363636363637;3.745970583506701;0.9234502754623334;26101.2493645256;26074.107957906657;25724.62219386772;25701.908226535474;25967.975631836493;25989.817587022277;26107.417346147515;26115.18182756982;26250.40336704777;26729.423242187877;26335.67080392217;26477.51138080696
log;35520.01412537071;MA;glp;rf;{'n_estimators': 50};12;12;1502.6690624067471;0.04250655675230164;45.45454545454545;3.9365731524058916;0.9215442374825539;25932.772182817633;25950.008987388002;26123.562385843015;25975.18562259321;26024.865659183466;26080.117442188108;25902.83515816;25904.982820324538;26100.50590729651;26082.790716901534;26395.725052293055;26480.994100094216
deseasonal;30931.612419936253;MA;glp;rf;{'n_estimators': 150};12;12;1569.89657161654;0.04615959602242566;54.54545454545455;4.425140617907666;0.996382144796269;26340.946889934396;26253.970975958848;26272.666393214695;25595.137348378317;26297.763567757982;26061.17600700415;25519.659752437845;25724.170730340004;25373.66623835601;26594.08379434393;25642.30376793398;25687.151003322364
