DATA;MCPM;UF;PRODUCT;MODEL;PARAMS;WINDOW;HORIZON;RMSE;MAPE;POCID;PBE;MASE;P1;P2;P3;P4;P5;P6;P7;P8;P9;P10;P11;P12
normal;54711.10796671488;RJ;glp;rf;{'n_estimators': 100};12;12;6919.277908390343;0.07853577399097887;81.81818181818181;-7.5663524072573995;1.3548421842025933;82726.81968270724;82582.77509877655;85343.66662016895;84636.86838675417;83902.1395773324;83639.51845973186;83619.7900361564;84358.99355557705;83257.41034547731;83563.00913669803;82114.27240940998;81989.12467430117
log;89657.5650049651;RJ;glp;rf;{'n_estimators': 200};12;12;7568.293693748662;0.08521646663658804;72.72727272727273;-8.194290586881417;1.4672817176837443;84321.52581940364;84086.69138072913;84100.9335630935;83838.54632495723;84222.39612358883;84260.68613598766;83721.22570877969;83738.79339511525;83845.18264040067;83950.82904676368;83925.0358007811;83570.34903870536
deseasonal;21090.60937802533;RJ;glp;rf;{'n_estimators': 50};12;12;5320.445701185371;0.06360549505500122;90.9090909090909;-6.305311391642747;1.1290383262794987;78739.17036205859;77958.65160162342;84451.45433914136;85127.15868264915;87194.6358850568;87947.66165631004;83279.52492510297;84884.85984605114;80612.54180887103;87590.34798891147;77777.09089274722;74427.57905031643
