DATA;MCPM;UF;PRODUCT;MODEL;PARAMS;WINDOW;HORIZON;RMSE;MAPE;POCID;PBE;MASE;P1;P2;P3;P4;P5;P6;P7;P8;P9;P10;P11;P12
linear;44765.181382759605;PE;querosenedeaviacao;xgb_rf_knn_arima_arma_sarima;{};12;12;1891.966157132264;0.09381092830014502;45.45454545454545;-3.9504317529700876;0.9410130770674636;19431.207106012163;18993.525802415228;18004.95254239401;18166.210368995024;18367.94270205305;19124.77219350518;18827.251785853467;18381.856133196874;18613.812311948284;18673.445153143646;19440.229043895666;19854.900610169825
