DATA;MCPM;UF;PRODUCT;MODEL;PARAMS;WINDOW;HORIZON;RMSE;MAPE;POCID;PBE;MASE;P1;P2;P3;P4;P5;P6;P7;P8;P9;P10;P11;P12
linear;1438532.881169297;SP;querosenedeaviacao;xgb_rf_knn_arima_arma_sarima;{};12;12;60722.260022500326;0.1649660703886337;45.45454545454545;12.13931197410141;1.1116236643750574;271566.82079575834;349344.665123151;310742.9473239735;309844.1030018443;276884.48950054514;272103.1386412206;248206.091498165;259430.62247509317;250297.63635623403;255526.14141288775;248443.74314073054;295673.2604320533
