DATA;MCPM;UF;PRODUCT;MODEL;PARAMS;WINDOW;HORIZON;RMSE;MAPE;POCID;PBE;MASE;P1;P2;P3;P4;P5;P6;P7;P8;P9;P10;P11;P12
normal;1930.4374877003022;AC;glp;arma_noresid;{'p': 19, 'd': 0, 'q': 14};12;12;163.1748919908064;0.04163919569449876;72.72727272727273;2.7761805653136147;0.9077662426271073;3416.9622972816614;3015.3306185403476;3127.935339441041;3173.4543471725283;3044.5381052080475;3154.1661608287777;3133.4879284979797;2998.117043866696;3117.5076517218613;3346.502269115691;2968.9606598583946;2906.492227444391
log;1848.7815615680092;AC;glp;arma_noresid;{'p': 21, 'd': 0, 'q': 20};12;12;156.28163405191984;0.04005214416697085;72.72727272727273;2.3070161373014275;0.8672808222857852;3431.003489033863;3062.8740637183314;3161.893872810892;3195.079206133317;3113.3573931340547;3160.8370397743683;3139.7818438869067;3056.1994694674972;3090.1134117196016;3388.4564687023126;2916.4791668748635;2867.8737826484635
deseasonal;1797.30265355734;AC;glp;arma_noresid;{'p': 12, 'd': 0, 'q': 11};12;12;151.93789523350935;0.03868020875986499;72.72727272727273;2.729756720778383;0.8415570210645693;3355.215790333453;3070.4795486254443;3133.2915131622462;3148.3272033288144;3118.0716888846828;3126.2004721780972;3103.6678706168245;3061.747117211442;3087.001740423915;3370.6421576583516;2938.147288773264;2908.522203767382
