DATA;MCPM;UF;PRODUCT;MODEL;PARAMS;WINDOW;HORIZON;RMSE;MAPE;POCID;PBE;MASE;P1;P2;P3;P4;P5;P6;P7;P8;P9;P10;P11;P12
normal;847.2968204269555;RR;glp;arma_noresid;{'p': 18, 'd': 0, 'q': 10};12;12;71.65634609662521;0.025110969809429035;72.72727272727273;1.2535285571243973;0.8175574972587555;2592.3312765036535;2352.8244808640925;2447.5608803702708;2442.7588675517054;2452.476082960136;2490.121264662506;2407.8012657092436;2400.682323230818;2389.687921356211;2588.5121036231003;2270.6854810089303;2280.007035524906
log;788.1523597354688;RR;glp;arma_noresid;{'p': 24, 'd': 0, 'q': 24};12;12;66.66107975924372;0.02268044180033947;72.72727272727273;0.07292707599447146;0.7342350401703126;2594.959837563287;2383.1103737606754;2461.268552058403;2469.340436301845;2500.0674139125013;2520.555531084963;2456.019731016768;2441.0130432426336;2425.0162606334534;2631.457237733085;2290.579060526185;2290.162472495532
deseasonal;1041.200818728141;RR;glp;arma_noresid;{'p': 24, 'd': 0, 'q': 12};12;12;66.06198614430626;0.02241870954983573;63.63636363636363;0.7269054763282762;0.7269530969789308;2566.440062981337;2379.922049210029;2456.118772550469;2449.5510422772395;2509.9569524983526;2496.0823629892566;2428.277100239156;2423.422080549914;2394.728201243573;2602.420548955413;2278.1003673198647;2285.7045345956726
