DATA;MCPM;UF;PRODUCT;MODEL;PARAMS;WINDOW;HORIZON;RMSE;MAPE;POCID;PBE;MASE;P1;P2;P3;P4;P5;P6;P7;P8;P9;P10;P11;P12
normal;6267.072000849817;SE;glp;arma_noresid;{'p': 19, 'd': 0, 'q': 23};12;12;529.9241844297898;0.03715934039600067;72.72727272727273;0.14205440259016355;0.5092780385794007;12790.305982225114;11725.26242557614;12370.617380880863;12220.840929806962;12587.234105770367;12934.358997436644;12282.884440269465;12010.866472178484;11190.20255513547;12420.841508872325;10638.727832853998;10237.266645361498
log;8060.375815396334;SE;glp;arma_noresid;{'p': 18, 'd': 0, 'q': 22};12;12;681.3127791396619;0.04711213248439373;72.72727272727273;-3.014303546444208;0.6530611786149807;12950.724613216005;12026.364048764864;12668.540903511403;12620.63918139768;12972.26652624678;13433.104877942042;12691.245089533406;12487.069277695133;11592.82018440064;12886.62015886627;10986.084424537687;10626.883539697628
deseasonal;4988.761883100314;SE;glp;arma_noresid;{'p': 20, 'd': 0, 'q': 24};12;12;632.2446500957934;0.039504527118506175;81.81818181818181;-1.0721931487599974;0.5503227684887134;12348.40345029745;11674.554514618287;12099.732139577796;12205.935667390568;12766.64206081487;12934.087644705849;12516.125645955022;12295.50734214291;11523.12914889195;12906.926944008988;11051.481852476201;10830.705282548251
