DATA;MCPM;UF;PRODUCT;MODEL;PARAMS;WINDOW;HORIZON;RMSE;MAPE;POCID;PBE;MASE;P1;P2;P3;P4;P5;P6;P7;P8;P9;P10;P11;P12
normal;5587.8708297774065;MS;glp;arma_noresid;{'p': 18, 'd': 0, 'q': 22};12;12;472.64976015978385;0.028378212771530586;72.72727272727273;-0.23519141975523616;0.7969041024826833;15678.28106569236;14425.584433716986;15879.322278918948;15589.550198887604;15530.434921352859;16051.852986309777;14955.898284022918;14173.564898778326;14781.384563506092;14641.38540692304;13415.666069758072;13631.888463806166
log;6975.718718131649;MS;glp;arma_noresid;{'p': 18, 'd': 0, 'q': 21};12;12;442.6790261029202;0.025703739493666597;63.63636363636363;0.1536195394345215;0.728822449338585;15315.572028178189;14644.363192330173;15441.608918963944;15494.17600356886;15494.265478940584;15961.800841878972;14868.729772409279;14480.35550861135;14556.309472245355;14611.021545944166;13579.602471803444;13613.620819499287
deseasonal;9179.192288844673;MS;glp;arma_noresid;{'p': 19, 'd': 0, 'q': 24};12;12;466.0588206739922;0.027261666530732035;54.54545454545455;-0.13623391888654168;0.7652543595776649;15550.815536853184;14527.23512467189;15729.00331816778;15508.906497192931;15756.20542297392;15984.19279104341;14899.746585142695;14387.38460612957;14574.293239625029;14748.400372898523;13384.698456956748;13527.455380796997
