DATA;MCPM;UF;PRODUCT;MODEL;PARAMS;WINDOW;HORIZON;RMSE;MAPE;POCID;PBE;MASE;P1;P2;P3;P4;P5;P6;P7;P8;P9;P10;P11;P12
normal;1072.4179277406658;RO;glp;arma_noresid;{'p': 13, 'd': 0, 'q': 1};12;12;271.5329811226617;0.029083306070458326;90.9090909090909;1.9700098279485732;0.8908380320308013;8193.666540397317;7170.832850757382;7554.42504279932;7436.639799359454;7329.51190923769;7694.025345743273;7245.792407982465;7153.981775714964;7666.222119838376;7698.232918642016;6952.355197355065;7033.7814118770575
log;1122.2584317339945;RO;glp;arma_noresid;{'p': 24, 'd': 0, 'q': 9};12;12;284.09928841087003;0.030778747002816614;90.9090909090909;1.4842617637827098;0.9456461884052687;8374.74231299529;7286.196916447905;7624.882177449203;7448.108364577595;7379.317424330971;7626.278286416637;7311.637572385898;7182.116646992442;7658.318144837241;7792.590529526608;6918.788724070465;6968.135333936559
deseasonal;2.785316658179557;RO;glp;arma_noresid;{'p': 18, 'd': 0, 'q': 7};12;12;248.42140990354065;0.025893151850361448;100.0;1.4454962144176597;0.7931032465958312;8249.513364174598;7282.866123830046;7540.048461911538;7541.111329775252;7438.868275364507;7609.382538905853;7290.954218506998;7280.326763568965;7627.297321088963;7768.06948126035;6963.600123526948;7014.320306903936
