DATA;MCPM;UF;PRODUCT;MODEL;PARAMS;WINDOW;HORIZON;RMSE;MAPE;POCID;PBE;MASE;P1;P2;P3;P4;P5;P6;P7;P8;P9;P10;P11;P12
normal;21970.91459900688;GO;glp;arma_noresid;{'p': 14, 'd': 0, 'q': 24};12;12;1394.4354080849362;0.023002335837298552;63.63636363636363;1.7906012062825933;0.784398090619873;51955.668782241766;44374.29775836089;49670.81413286793;49319.014542871155;48742.534774634056;49929.776883694554;45334.146644039094;44646.32362989459;46471.03830544518;48856.59178290197;47467.217274115166;44952.38130678362
log;22596.03075977386;GO;glp;arma_noresid;{'p': 11, 'd': 0, 'q': 21};12;12;1433.988032406059;0.02603350455725083;63.63636363636363;1.6667091747714808;0.8983400091763069;51113.234552549264;44701.37391882951;48066.65245948587;48912.6200367067;48129.24850256124;49624.16190624148;45141.17280536772;46340.193454074986;47326.28626209714;50254.90804301874;47413.992990568855;45417.19051475388
deseasonal;20602.195983567213;GO;glp;arma_noresid;{'p': 24, 'd': 0, 'q': 24};12;12;1307.5722984350305;0.022806153024524305;63.63636363636363;1.0675420411872254;0.7850415179048414;51295.25477597541;45187.41653401086;48716.04214110758;49891.71170764489;49940.43356022087;50207.61641290432;46224.00094018653;45787.66676148792;46912.57249832992;49657.08666420054;46929.093789515784;45180.15324666924
