DATA;MCPM;UF;PRODUCT;MODEL;PARAMS;WINDOW;HORIZON;RMSE;MAPE;POCID;PBE;P1;P2;P3;P4;P5;P6;P7;P8;P9;P10;P11;P12
combination;36483.47090314327;PA;oleocombustivel;combination-mean;ARIMA-SARIMA_DS-RF;12;12;2524.851782202982;0.0364480715674504;66.66666666666667;-1.7545908553781409;64767.36532008252;63236.0901729858;62565.55758292159;60897.90639334085;62290.647559561876;62222.989729835484;61606.74931715185;61905.86020136117;63164.88027438709;63427.56996438929;62710.34565104809;60652.94374636685
