DATA;MCPM;UF;PRODUCT;MODEL;PARAMS;WINDOW;HORIZON;RMSE;MAPE;POCID;PBE;P1;P2;P3;P4;P5;P6;P7;P8;P9;P10;P11;P12
combination;3.383224037224662e+20;ES;oleocombustivel;combination-mean;ARIMA-SARIMA_DS-RF;12;12;979.6606044534406;7.650066198578043e+17;58.333333333333336;-47.239116400362654;2305.8073306904744;942.0498544495799;1186.8392712294892;905.3428609454918;851.1462905718106;2038.3871120563172;1252.5985687811572;1769.487662532166;2539.4912882486733;1649.562351797377;1915.1746496460755;915.5447739914291
