DATA;MCPM;UF;PRODUCT;MODEL;PARAMS;WINDOW;HORIZON;RMSE;MAPE;POCID;PBE;P1;P2;P3;P4;P5;P6;P7;P8;P9;P10;P11;P12
combination;5.976309402170161e+19;MS;oleocombustivel;combination-mean;ARIMA-SARIMA_DS-RF;12;12;676.7801826761544;1.8774917162910112e+17;41.666666666666664;-113.48925062769824;1381.6099313105003;1098.3992041227007;902.4333090775617;747.1061849102718;606.3275660479662;570.5289448570691;577.0353457622583;556.495810161076;597.4095606210858;500.26428767262786;584.5404922240474;496.9911018347202
