DATA;UF;PRODUCT;MODEL;PARAMS;WINDOW;HORIZON;RMSE;MAPE;POCID;PBE;MASE;P1;P2;P3;P4;P5;P6;P7;P8;P9;P10;P11;P12
mean;MT;oleodiesel;knn_rf_deepar_svr_catboost_arima;{};12;12;18054.921228799358;0.06988894873188738;81.81818181818181;3.7715992737486417;0.20077557390769607;230847.1061534214;200740.18759535116;202178.34713668964;227393.543605088;235411.22044707582;230251.4885542145;232419.52509345344;229725.3490749493;204988.55193048832;194188.30760049558;214221.54563733665;232972.53430069084
