DATA;UF;PRODUCT;MODEL;PARAMS;WINDOW;HORIZON;RMSE;MAPE;POCID;PBE;MASE;P1;P2;P3;P4;P5;P6;P7;P8;P9;P10;P11;P12
mean;RJ;oleodiesel;knn_rf_deepar_svr_catboost_arima;{};12;12;22411.60058366247;0.10629192793781535;81.81818181818181;-9.483743361240982;1.169324495759603;206764.9766297888;205472.74601522356;209278.92446272;211045.19819930027;216630.5981482627;221117.43606724613;221909.10065634892;222587.50812831483;219461.12824700229;222297.12508197856;217146.77633913045;210310.57333158475
