DATA;UF;PRODUCT;MODEL;PARAMS;WINDOW;HORIZON;RMSE;MAPE;POCID;PBE;MASE;P1;P2;P3;P4;P5;P6;P7;P8;P9;P10;P11;P12
mean;MG;oleodiesel;knn_rf_deepar_svr_catboost_arima;{};12;12;29059.036943782237;0.04592659519175016;90.9090909090909;1.2369111010072384;0.3452520323911114;551267.5831149096;552742.2720451365;566242.7791445786;569363.4791604975;583171.4095662946;596187.9479113439;592372.7983209785;596508.559563772;574102.7380458711;555132.4724711374;531460.8750300636;529169.4025819183
