DATA;UF;PRODUCT;MODEL;PARAMS;WINDOW;HORIZON;RMSE;MAPE;POCID;PBE;MASE;P1;P2;P3;P4;P5;P6;P7;P8;P9;P10;P11;P12
mean;SC;oleodiesel;knn_rf_deepar_svr_catboost_arima;{};12;12;8648.517617118328;0.03424942630664358;72.72727272727273;1.7889159962797725;0.1680886128976783;208473.54644524402;202054.44100078606;202340.21937175246;200683.78425297295;201662.27385434817;206702.7925010812;203197.560743665;203685.48668312898;201895.98260887177;197220.49306308382;195350.4454113216;195245.95706183632
