DATA;MCPM;UF;PRODUCT;MODEL;PARAMS;WINDOW;HORIZON;RMSE;MAPE;POCID;PBE;P1;P2;P3;P4;P5;P6;P7;P8;P9;P10;P11;P12
combination;2.1462623739704042e+17;GO;queroseneiluminante;combination-median;ARIMA-SARIMA_DS-RF;12;12;2.206222230418175;4849587950016564.0;0.0;-inf;0.303062128474161;-2.3854913733405265;0.0;0.0;-0.0292208238375695;0.1545984116219427;-0.2404250659980724;0.4040595104543629;7.039793711023528;0.0660462056834298;1.445015312132604;-0.8541855423612486
