DATA;MCPM;UF;PRODUCT;MODEL;PARAMS;WINDOW;HORIZON;RMSE;MAPE;POCID;PBE;P1;P2;P3;P4;P5;P6;P7;P8;P9;P10;P11;P12
combination;2.5599197779159304e+16;PR;queroseneiluminante;combination-median;ARIMA-SARIMA_DS-RF;12;12;4.277109356653497;1089203452727667.0;50.0;-37.54887642374328;6.122822223594914;6.473341061847727;5.986632921143455;4.352966330006118;8.268472450920566;7.103919956413884;8.63832721079541;8.1128251855581;13.45179630365065;2.902221004126736;6.88289435819211;8.359573140708601
