DATA;MCPM;UF;PRODUCT;MODEL;PARAMS;WINDOW;HORIZON;RMSE;MAPE;POCID;PBE;P1;P2;P3;P4;P5;P6;P7;P8;P9;P10;P11;P12
combination;2.1702693029208365e+17;PE;queroseneiluminante;combination-median;ARIMA-SARIMA_DS-RF;12;12;1.5295444210266511;4936516059047065.0;0.0;inf;0.0;0.0;-1.3847756504374544;-1.2262839229358864;1.4581201177659049;0.0667284195982809;-0.2437071376528594;0.7615588577918162;0.7474072595971477;1.0785206933244806;2.377300657164895;-3.809118380177413
