DATA;MCPM;UF;PRODUCT;MODEL;PARAMS;WINDOW;HORIZON;RMSE;MAPE;POCID;PBE;P1;P2;P3;P4;P5;P6;P7;P8;P9;P10;P11;P12
combination;1.7092613798184772e+16;AC;queroseneiluminante;combination-median;ARIMA-SARIMA_DS-RF;12;12;0.1296743428095884;394225797389500.75;0.0;-inf;-0.0643713834990023;0.2473009960752786;-0.090874045729591;0.0;-0.0757950258149529;0.0;-0.1023460273432497;0.0;0.3218474644573891;0.0246174237995511;-0.0720246643157352;0.0512515061565357
