DATA;MCPM;UF;PRODUCT;MODEL;PARAMS;WINDOW;HORIZON;RMSE;MAPE;POCID;PBE;P1;P2;P3;P4;P5;P6;P7;P8;P9;P10;P11;P12
combination;1043.7405848619383;MG;queroseneiluminante;combination-median;ARIMA-SARIMA_DS-RF;12;12;88.10805193780187;1.8364239197213352;75.0;-174.01814071304844;136.89077251703935;111.52568290830158;128.43683731066452;125.8389556584376;141.80584475030264;158.84095192131971;151.2777052483;139.91397300758948;159.49307425640242;116.34916394145522;148.2248872106181;109.06990710507704
