DATA;MCPM;UF;PRODUCT;MODEL;PARAMS;WINDOW;HORIZON;RMSE;MAPE;POCID;PBE;P1;P2;P3;P4;P5;P6;P7;P8;P9;P10;P11;P12
combination;2.860169522261909e+17;ES;queroseneiluminante;combination-median;ARIMA-SARIMA_DS-RF;12;12;3.62952418476473;6373935059903120.0;0.0;65.39613911527826;5.449372855043784;0.0;-1.9721112204880848;-2.2476218720687573;0.0;0.0;-2.4621227698653456;0.0;-0.0797384465056905;3.383138838784987;1.3894687035712805;0.0
