DATA;MCPM;UF;PRODUCT;MODEL;PARAMS;WINDOW;HORIZON;RMSE;MAPE;POCID;PBE;P1;P2;P3;P4;P5;P6;P7;P8;P9;P10;P11;P12
combination;2.502946865146983e+17;RJ;queroseneiluminante;combination-median;ARIMA-SARIMA_DS-RF;12;12;7.340354671455631;7810486195668871.0;33.333333333333336;-539.3024109888231;-1.968775724420298;0.9513938760451178;0.637345104378515;-1.100423898675409;0.0060942737874469;0.0621519808785141;0.9972288608341862;8.826743018554616;23.33190177795956;-0.2198365756360004;7.337782747710968;-0.5034607820878227
