DATA;MCPM;UF;PRODUCT;MODEL;PARAMS;WINDOW;HORIZON;RMSE;MAPE;POCID;PBE;P1;P2;P3;P4;P5;P6;P7;P8;P9;P10;P11;P12
combination;238238.96892642442;MS;etanolhidratado;combination-median;ARIMA-SARIMA_DS-RF;12;12;10934.74358141378;0.3142678996778859;50.0;40.25221300232232;11537.821341311788;11401.198922578697;11413.058414070976;11776.196801841785;12177.951098039292;11946.04220271901;11937.810245829687;12426.336498313063;11776.42383829898;12614.470255886748;11329.526627377243;10836.089265199624
