DATA;MCPM;UF;PRODUCT;MODEL;PARAMS;WINDOW;HORIZON;RMSE;MAPE;POCID;PBE;P1;P2;P3;P4;P5;P6;P7;P8;P9;P10;P11;P12
combination;255605.9989735147;BA;etanolhidratado;combination-median;ARIMA-SARIMA_DS-RF;12;12;11762.385683129438;0.18433914683345679;50.0;17.19605792142547;35379.041742300964;34958.46843249042;34900.06576138059;36209.14368813213;35847.938390582785;35948.61927001703;35821.85907743558;34361.14159863653;34017.41323132849;37347.13418552783;37616.38602855541;35494.91109172623
