DATA;MCPM;UF;PRODUCT;MODEL;PARAMS;WINDOW;HORIZON;RMSE;MAPE;POCID;PBE;P1;P2;P3;P4;P5;P6;P7;P8;P9;P10;P11;P12
combination;232131.34528026235;SC;etanolhidratado;combination-median;ARIMA-SARIMA_DS-RF;12;12;7988.11628141426;0.4398992914966864;33.333333333333336;54.78173311385554;4801.543068512893;4827.262559711416;4697.879379136703;4577.920477691494;4973.235687763301;4938.360000080029;4931.30504148752;5166.054904228764;4949.235070044615;6273.127819843043;5332.604238919146;4089.250075097836
