DATA;MCPM;UF;PRODUCT;MODEL;PARAMS;WINDOW;HORIZON;RMSE;MAPE;POCID;PBE;P1;P2;P3;P4;P5;P6;P7;P8;P9;P10;P11;P12
combination;2621.298846231334;RR;etanolhidratado;combination-median;ARIMA-SARIMA_DS-RF;12;12;119.94822303132787;0.33080208444255027;50.0;35.11882027309547;183.2616454946186;179.68195352215085;186.32290860131465;193.42408236438985;190.76468559186867;178.54322870193482;201.62333765175424;202.49711330952732;210.085400952922;212.3540099750245;190.3675014550207;175.9988041552695
