DATA;MCPM;UF;PRODUCT;MODEL;PARAMS;WINDOW;HORIZON;RMSE;MAPE;POCID;PBE;P1;P2;P3;P4;P5;P6;P7;P8;P9;P10;P11;P12
combination;220171.4511590493;MT;etanolhidratado;combination-median;ARIMA-SARIMA_DS-RF;12;12;15187.407458376012;0.14567432225098742;66.66666666666667;15.486530512507974;70636.36489941375;68245.04683764844;69391.56580725237;67245.72789068545;68869.98920222084;69425.92918034617;69434.58045078776;71339.11572062768;70345.55109362311;73311.87590175174;68171.25903019554;68327.03330079082
