DATA;UF;PRODUCT;MODEL;PARAMS;WINDOW;HORIZON;RMSE;MAPE;POCID;PBE;MASE;P1;P2;P3;P4;P5;P6;P7;P8;P9;P10;P11;P12
median;SE;gasolinac;knn_rf_deepar_svr_catboost_arima;{};12;12;2622.305272432535;0.06284268784017032;72.72727272727273;6.123430238039927;0.775732254709246;31118.820799764006;31753.1145;31891.479615690463;32034.558552713992;32618.35248545257;33369.67554268462;32832.75978122094;33587.88242517492;33266.746886484194;34905.63497488742;34354.11222550826;33313.41970454462
mean;SE;gasolinac;knn_rf_deepar_svr_catboost_arima;{};12;12;2950.2870947322563;0.06934831803705303;81.81818181818181;7.089730339933991;0.8575971119099299;29757.08729202749;31824.624766416156;32294.836149749804;32049.44800684223;32667.10813455627;33030.32162800201;32741.63462445397;33336.55185342846;32818.88713880049;34171.23757151185;33580.05635343387;32708.42953461204
softdtw_barycenter;SE;gasolinac;knn_rf_deepar_svr_catboost_arima;{};12;12;2600.2506288246964;0.062301325629919295;72.72727272727273;6.376088683377645;0.769008041707876;30095.009453422725;32106.726394731457;33365.85743171726;32899.83020798783;33008.28482549936;32995.7877058994;32992.76213555232;33019.47655982602;32766.97924988463;35040.157614946394;33592.53801173681;32099.923614842537
DBA_subgradient;SE;gasolinac;knn_rf_deepar_svr_catboost_arima;{};12;12;2710.8752368671685;0.06581433705601225;81.81818181818181;6.727803721758588;0.8114277297541941;30091.3819810384;31954.58640780085;32658.406244997383;32497.53399708035;32782.60817531376;33247.90802085233;32885.08419007695;33067.808047781204;32757.21294923009;35036.826518722795;33469.04590524854;32054.861614508078
DBA;SE;gasolinac;knn_rf_deepar_svr_catboost_arima;{};12;12;2605.0447485319073;0.06237583415091241;72.72727272727273;6.384217028096155;0.7699883860482242;30090.10442661835;32098.09093516748;33345.78612614434;32918.08609885353;33003.738946815465;33036.57291974603;33006.83506054755;33006.83506054755;32767.241438707555;35030.0714740818;33547.153866923894;32098.611569283115
EBA_twe;SE;gasolinac;knn_rf_deepar_svr_catboost_arima;{};12;12;3971.864364751857;0.09904638177346177;54.54545454545455;10.036627680161207;1.21049875259627;30620.585679411906;29219.12867754336;29070.14097193264;29629.75880917331;30036.278021301652;31981.978766050786;32025.692469233163;32510.821207109188;33039.327773723475;34869.65563721107;32937.61547096005;32638.25759462521
