DATA;UF;PRODUCT;MODEL;PARAMS;WINDOW;HORIZON;RMSE;MAPE;POCID;PBE;MASE;P1;P2;P3;P4;P5;P6;P7;P8;P9;P10;P11;P12
normal;SE;glp;arima;{};12;12;1277.7952462065443;16.71130556276044;36.36363636363637;-129.44173572704796;1.0705010281086014;1792.4834337158857;1463.8305363295954;995.7603307748573;786.4417569990084;825.6440795676077;675.6385963172412;973.8222936381321;1115.5250755470736;1223.12519311006;1466.410479499657;1911.0551303256848;2374.8400128520266
deseasonal;SE;glp;arima;{};12;12;964.058801335045;7.194522532476369;54.54545454545455;-170.9196911235911;1.0008940818377063;1472.41699169407;1252.4130707172649;1051.0565908590238;863.5395367657841;794.560656126849;608.8142531071699;872.5807503761841;921.3430634635388;1021.272726663721;1618.2037859667769;1786.4037108275318;2168.889892976201
log;SE;glp;arima;{};12;12;1455.679413510622;4.325279490170199;54.54545454545455;20790.007469647382;2.5511139584577305;1726.9526031632704;1210.4276461550342;986.1744263450128;606.82724214168;852.2268704975371;549.7130366812039;928.2524499806744;1369.200483943211;1195.4440799547579;1732.4423357871526;1957.031012015295;2239.925033474843
