DATA;UF;PRODUCT;MODEL;PARAMS;WINDOW;HORIZON;RMSE;MAPE;POCID;PBE;MASE;P1;P2;P3;P4;P5;P6;P7;P8;P9;P10;P11;P12
normal;AP;glp;arima;{};12;12;128.9712143618244;1.3621248111663056;54.54545454545455;181.98897727453075;0.7505496554690577;-12.33551705769436;-5.19842158662064;-78.346875076286;-42.71797023309553;-72.24893253872013;6.531955984206263;-57.13674915923293;-88.45419331473408;-12.3335612573335;-85.53417745580109;-88.3423985138665;11.049522198276058
deseasonal;AP;glp;arima;{};12;12;146.12056327530814;2.882821312998098;63.63636363636363;254.25983877777495;1.079946994713223;-1.0548672636054022;-51.79281371348605;-38.020111312258365;-46.07708370825877;-126.66342181877619;-58.66441183732494;-97.80422061792393;-88.32209958767722;-60.49851609145361;-87.50348317962639;-91.69870199104204;-60.13011824254107
log;AP;glp;arima;{};12;12;134.95887758898849;1.601872744215693;45.45454545454545;166.61635578308625;0.9675925696475036;8.11601032594075;11.488241325098414;-56.40875963189535;-52.548661247495275;-64.70495263909889;-59.47417517719849;-47.815115253309465;-102.498874121465;-12.839290290310636;-61.43268183679682;-72.89149460338524;-7.827047174347825
