DATA;UF;PRODUCT;MODEL;PARAMS;WINDOW;HORIZON;RMSE;MAPE;POCID;PBE;MASE;P1;P2;P3;P4;P5;P6;P7;P8;P9;P10;P11;P12
normal;PB;glp;arima;{};12;12;752.9998502828378;0.9971694362441031;54.54545454545455;7.775746524815813;0.4391741359505223;964.0244112607256;677.0547998971086;740.7472080298131;911.8588718793669;555.6553582874094;785.3276675530592;902.9695555838149;650.1809492628167;710.3206814539549;529.0877898539779;656.2229398009683;1135.2741711680972
deseasonal;PB;glp;arima;{};12;12;517.4971077537161;1.288642511520304;45.45454545454545;16.487530582223954;0.24820941083034467;1040.028258472067;665.0207755813722;910.6855326381844;876.9015321235956;758.8515769422676;468.8442935602843;830.6961082044414;635.3377088234106;624.9417879467046;829.2267763012671;806.3687469130231;609.2819141631558
log;PB;glp;arima;{};12;12;650.159745688026;1.2991684470473464;54.54545454545455;14.644859352119145;0.30125701953150064;1345.2632736888913;494.5137881642231;353.9435416670825;1187.3553790822539;694.0462065712032;1101.4551746538423;887.7490051180962;719.935543990916;661.6885421192371;647.7385796082666;1045.7332585331255;767.647696817049
