DATA;UF;PRODUCT;MODEL;PARAMS;WINDOW;HORIZON;RMSE;MAPE;POCID;PBE;MASE;P1;P2;P3;P4;P5;P6;P7;P8;P9;P10;P11;P12
normal;RS;glp;arima;{};12;12;2419.8443981207038;2.7782764737738024;45.45454545454545;241.28503280732207;0.5877710107522064;-48.692851460098495;-1271.2795258296212;20.72234985730404;-268.73279727297773;-152.39919562929612;-287.589056782942;-2.0452679622584924;201.09688892195896;1533.296872968205;2281.4167843402383;2414.861135509075;1916.2564964118394
deseasonal;RS;glp;arima;{};12;12;1854.1668196588446;39.79569439759725;36.36363636363637;106.55136707239379;0.6978550182234082;-516.5411025561808;-308.39789951988143;65.21666097700049;-459.40620240501045;-167.1572280836233;-450.27438992147;-48.32845115004353;329.9553457529002;952.7358631014094;128.76464003518828;469.4743078884803;288.16297311541024
log;RS;glp;arima;{};12;12;2023.751385333964;1.5719330429518477;45.45454545454545;-208.99889285443484;0.4800787404097986;994.7079385181535;-515.0936322783376;911.1728109497343;-1010.6904277015616;380.20722061018046;414.43844195330416;-16.016103223508708;1414.2542110509467;758.2596098712319;2985.235902217351;746.342085377496;2451.793948113664
