DATA;UF;PRODUCT;MODEL;PARAMS;WINDOW;HORIZON;RMSE;MAPE;POCID;PBE;MASE;P1;P2;P3;P4;P5;P6;P7;P8;P9;P10;P11;P12
normal;SC;glp;arima;{};12;12;2431.3132312998882;0.8578686927638532;36.36363636363637;60.080765038873906;0.510407516541468;328.0566979728318;453.22881691057614;-62.452152705267736;571.8844176253209;307.40882379510185;26.510874073244167;383.437585583745;472.5168291230227;1672.9030069529445;2622.465444774459;2853.667334980882;2990.6070597018906
deseasonal;SC;glp;arima;{};12;12;2437.899289226492;0.8283445953399267;63.63636363636363;52.03504871436535;0.5360249154148622;751.3133146926957;724.7101265984843;224.1610374670115;668.82771177574;251.5095208672758;746.5591045347966;1162.9377200414988;2021.7853287358864;2431.9725283012235;2358.086438779158;1904.5731743252848;1352.6286435255647
log;SC;glp;arima;{};12;12;2206.789299992906;0.8152978297833967;63.63636363636363;60.60735593767422;0.4374517969137886;-649.184150068137;-785.0601202761483;134.5949662235912;566.5061026247665;802.4324473984418;1168.7951576470114;1163.432433193246;2097.5512754992965;2160.5225056604922;2431.791460493579;2584.2446207480257;2001.4293062128359
