DATA;MCPM;UF;PRODUCT;MODEL;PARAMS;WINDOW;HORIZON;RMSE;MAPE;POCID;PBE;MASE;P1;P2;P3;P4;P5;P6;P7;P8;P9;P10;P11;P12
normal;378882.2777806584;PA;oleodiesel;xgb;{'learning_rate': 0.3, 'n_estimators': 50, 'subsample': 0.9};12;12;19225.23108117828;0.05796369882474867;54.54545454545455;3.411952219012699;1.416167533306256;217569.36;219995.56;221293.88;226867.16;243134.69;256941.75;262844.97;265355.4;256913.3;248004.27;243372.81;226514.73
log;193175.2779473836;PA;oleodiesel;xgb;{'learning_rate': 0.3, 'n_estimators': 50, 'subsample': 0.8};12;12;16329.062226913516;0.047757285662944765;72.72727272727273;4.135176262933542;1.1750136986196935;225603.5;221277.28;223028.08;224772.17;250040.83;264733.22;267793.0;255459.69;253094.64;241330.31;223309.23;216735.34
deseasonal;140231.10919179252;PA;oleodiesel;xgb;{'learning_rate': 0.4, 'n_estimators': 50, 'subsample': 0.9};12;12;17761.99429649726;0.050872596048878144;81.81818181818181;3.480049921340235;1.2418658267172007;218799.3478803396;214184.22112226667;217426.4409490896;230462.69631679793;250369.60007188632;264808.70433628024;263026.511858725;261098.52189492292;251045.70621419375;247767.38692513126;242468.99604049584;225313.03826487085
