DATA;MCPM;UF;PRODUCT;MODEL;PARAMS;WINDOW;HORIZON;RMSE;MAPE;POCID;PBE;MASE;P1;P2;P3;P4;P5;P6;P7;P8;P9;P10;P11;P12
normal;733318.953277167;MG;oleodiesel;xgb;{'learning_rate': 0.4, 'n_estimators': 50, 'subsample': 0.8};12;12;46502.83060309805;0.0540524694502856;63.63636363636363;5.54448463697893;0.9579241394131047;631254.2;605569.44;642965.5;667923.56;672273.1;667658.06;716920.7;676521.7;659182.9;613617.6;592562.44;585085.8
log;659036.4053712715;MG;oleodiesel;xgb;{'learning_rate': 0.3, 'n_estimators': 150, 'subsample': 0.7};12;12;55662.95098828646;0.07001054096424879;72.72727272727273;4.185821531433389;1.2334623993312217;636005.6;635894.6;637404.7;636394.0;661029.1;649774.9;665263.2;679430.6;676503.06;684190.94;660354.25;620501.6
deseasonal;166098.3297472348;MG;oleodiesel;xgb;{'learning_rate': 0.2, 'n_estimators': 200, 'subsample': 0.7};12;12;41982.19766300875;0.04599332958663685;90.9090909090909;4.68732136100588;0.8071083855940706;609864.6044339627;592064.5503050564;626483.6650303168;648925.6010370877;679696.8163461154;717868.0534822266;701603.4621597439;721566.7310149523;678681.6384295356;638417.2403170356;601327.8145021918;585196.8229417752
