DATA;MCPM;UF;PRODUCT;MODEL;PARAMS;WINDOW;HORIZON;RMSE;MAPE;POCID;PBE;MASE;P1;P2;P3;P4;P5;P6;P7;P8;P9;P10;P11;P12
normal;166116.05336263194;RO;oleodiesel;xgb;{'learning_rate': 0.2, 'n_estimators': 50, 'subsample': 0.8};12;12;10515.329064007152;0.11874778868022652;63.63636363636363;-3.659451910620864;1.1180184434838614;59183.445;72587.2;86202.86;77528.22;93738.87;93908.75;96979.945;91208.86;83858.97;77745.56;65706.414;59634.395
log;326579.77650950523;RO;oleodiesel;xgb;{'learning_rate': 0.3, 'n_estimators': 150, 'subsample': 0.9};12;12;13786.396923657287;0.16027815975546486;45.45454545454545;-5.298159421865169;1.5475548367485297;73533.67;73315.69;73143.82;75429.31;70543.8;75570.875;101031.12;94840.19;85867.48;87222.94;76611.016;86322.68
deseasonal;126701.15265506899;RO;oleodiesel;xgb;{'learning_rate': 0.3, 'n_estimators': 50, 'subsample': 0.9};12;12;15930.214057240917;0.18581948962830275;81.81818181818181;-2.8127976099350915;1.7747892734054647;66198.06226121711;54557.615427050456;76555.45416866503;76074.72385606087;106111.76581269203;106830.78851029303;101195.0999837692;99139.60556413379;84826.08921684211;76060.86958699836;54342.0763812692;48564.41173100878
