DATA;MCPM;UF;PRODUCT;MODEL;PARAMS;WINDOW;HORIZON;RMSE;MAPE;POCID;PBE;MASE;P1;P2;P3;P4;P5;P6;P7;P8;P9;P10;P11;P12
log;243802.9493313012;MA;oleodiesel;xgb;{'learning_rate': 0.2, 'n_estimators': 50, 'subsample': 0.8};12;12;13487.505451279732;0.0783048578322318;63.63636363636363;5.939439409420736;1.0105876239568226;124048.14;125936.625;126949.18;130205.45;129300.66;133688.08;142539.64;145136.55;145914.02;138889.98;127420.875;120342.97
normal;87707.83887704265;MA;oleodiesel;xgb;{'learning_rate': 0.3, 'n_estimators': 100, 'subsample': 0.7};12;12;12098.694481154484;0.0749188994440634;90.9090909090909;6.487393239232511;0.9646837863930894;126447.99;120212.49;126937.36;130327.08;134037.14;138283.2;140720.03;144532.61;142484.06;140425.36;130303.96;106396.09
