DATA;UF;PRODUCT;MODEL;PARAMS;WINDOW;HORIZON;RMSE;MAPE;POCID;PBE;MASE;P1;P2;P3;P4;P5;P6;P7;P8;P9;P10;P11;P12
mean;TO;glp;knn_rf_deepar_svr_catboost_arima;{};12;12;331.2116361958236;0.036510534926810535;81.81818181818181;2.7168023391745253;0.8068088988363171;7394.562454552732;7080.646850703595;7153.3174204069755;7020.275676448616;6988.510630082111;7202.438212214181;7044.248003638423;6908.976293019501;7236.238170352649;7359.365321010464;7362.474090733776;7156.076512918666
