DATA;UF;PRODUCT;MODEL;PARAMS;WINDOW;HORIZON;RMSE;MAPE;POCID;PBE;MASE;P1;P2;P3;P4;P5;P6;P7;P8;P9;P10;P11;P12
mean;MS;glp;knn_rf_deepar_svr_catboost_arima;{};12;12;518.6366525463434;0.02907107143503268;90.9090909090909;0.42791466891398333;0.8307118503092142;15285.92614025761;14313.615228037392;15067.125670861138;15344.983108820446;15235.683876696232;15784.04363689448;15084.394046738522;14536.047110803465;15013.76779633422;14622.643087323684;13644.360292424908;13639.670786593864
