DATA;UF;PRODUCT;MODEL;PARAMS;WINDOW;HORIZON;RMSE;MAPE;POCID;PBE;MASE;P1;P2;P3;P4;P5;P6;P7;P8;P9;P10;P11;P12
mean;RJ;glp;knn_rf_deepar_svr_catboost_arima;{};12;12;4353.3118971543745;0.04755800699545997;63.63636363636363;-4.697962074250972;0.8452802988629343;78321.2888655062;77137.39503138725;83032.1686935243;84849.45234779011;84218.41229880898;87654.51095063439;83358.65713652803;83335.84174040046;80679.4610454586;86127.28429574195;72893.84643700861;73413.57800876374
