DATA;UF;PRODUCT;MODEL;PARAMS;WINDOW;HORIZON;RMSE;MAPE;POCID;PBE;MASE;P1;P2;P3;P4;P5;P6;P7;P8;P9;P10;P11;P12
mean;RS;glp;knn_rf_deepar_svr_catboost_arima;{};12;12;1605.4226079348139;0.019048963358419973;81.81818181818181;-0.22709438683329586;0.5181580685078815;66673.86468298576;64526.15015015956;71308.02182702771;74126.31385362867;72447.58330410635;75248.519204239;69731.42142869953;69549.58123483422;66936.01370395435;63664.302562185294;59046.24606844872;57330.76308661467
