DATA;MCPM;UF;PRODUCT;MODEL;PARAMS;WINDOW;HORIZON;RMSE;MAPE;POCID;PBE;MASE;P1;P2;P3;P4;P5;P6;P7;P8;P9;P10;P11;P12
arima_nn_rf;9472.148488305855;PB;querosenedeaviacao;ARIMA;arima_nn_rf;12;12;523.6085461292729;0.10254679740313107;58.333333333333336;7.175697727603501;0.6101508625421705;3870.918786534958;2715.0034855034714;2736.8771544672586;3078.6852654896966;3427.069424393113;3356.3123310346405;3479.052085533489;3799.0395723783645;3752.428956005772;4505.0321651311615;4680.610966277215;3630.007800336362
