DATA;MCPM;UF;PRODUCT;MODEL;PARAMS;WINDOW;HORIZON;RMSE;MAPE;POCID;PBE;MASE;P1;P2;P3;P4;P5;P6;P7;P8;P9;P10;P11;P12
arima_nn_rf;117112.51888985152;MG;querosenedeaviacao;ARIMA;arima_nn_rf;12;12;6416.950652453144;0.47794028061875743;58.333333333333336;-40.20749051309062;0.8528876980000526;16612.518569729356;15932.541625043814;18141.39199472381;16371.326461808418;19803.720393270505;23262.594325270366;18780.9864936058;21707.0553813448;18613.409972690308;20369.176170096718;14410.223752971897;8933.971085557452
