DATA;MCPM;UF;PRODUCT;MODEL;PARAMS;WINDOW;HORIZON;RMSE;MAPE;POCID;PBE;MASE;P1;P2;P3;P4;P5;P6;P7;P8;P9;P10;P11;P12
arima_nn_rf;122099.83258921858;RJ;querosenedeaviacao;ARIMA;arima_nn_rf;12;12;8428.186669032279;0.12266462986258869;66.66666666666667;0.36199205320411376;0.9829868147858947;62124.6625774609;58926.940337362495;62591.53843586428;59144.21462154643;63401.62033036601;62236.88111636921;57132.02495684686;52361.756207157065;54041.70009189324;58470.64394934518;58337.43548611278;53241.34277598732
