DATA;MCPM;UF;PRODUCT;MODEL;PARAMS;WINDOW;HORIZON;RMSE;MAPE;POCID;PBE;MASE;P1;P2;P3;P4;P5;P6;P7;P8;P9;P10;P11;P12
arima_nn_rf;17291.27483833832;AL;querosenedeaviacao;ARIMA;arima_nn_rf;12;12;1188.9763791103842;0.2453901468556022;66.66666666666667;-24.05003875448095;1.1600431196581378;5520.906403257483;4071.423488437143;3834.2582097776813;3411.0184193519117;5204.619685262323;4661.221425669555;5026.201777469908;6064.861775871731;5510.037393693081;7406.990397173938;7698.255707610019;5510.984676920207
