DATA;MCPM;UF;PRODUCT;MODEL;PARAMS;WINDOW;HORIZON;RMSE;MAPE;POCID;PBE;MASE;P1;P2;P3;P4;P5;P6;P7;P8;P9;P10;P11;P12
arima_nn_rf;12762.514555531363;MT;querosenedeaviacao;ARIMA;arima_nn_rf;12;12;1738.1270150087205;0.2877724478295269;83.33333333333333;-6.062534994919455;1.1609302723896224;10798.373225174308;8365.386149378113;7826.865826110241;5077.638081142551;1133.2007235888107;1656.8016530015514;3173.8938328757995;6126.3969441178215;6778.770239374762;7651.311902041086;9605.697318453436;7150.621203891041
