DATA;UF;PRODUCT;MODEL;PARAMS;WINDOW;HORIZON;RMSE;MAPE;POCID;PBE;MASE;P1;P2;P3;P4;P5;P6;P7;P8;P9;P10;P11;P12
normal;ES;etanolhidratado;deepar;{};12;12;6211.624503747777;1.3672348693600467;54.54545454545455;96.13138776993372;0.896854020368099;-728.4082873491266;-583.0632600317663;-23.66246838386661;147.32727251117927;733.9122356875629;749.9541662490492;558.444388621689;617.9652661188528;635.7616936739557;400.57564158874845;-162.20137343472055;-288.77954862581646
deseasonal;ES;etanolhidratado;deepar;{};12;12;8670.026581029011;1.1158719209414913;18.181818181818183;132.5808457372643;1.2119748807811004;651.6967917415807;417.7192453347302;443.5790617217483;174.44391086869723;-378.86090186228057;-1371.370978931803;-1419.0507228208128;-2107.6026720188306;-2318.3414557966757;-3602.1430473835953;-4237.597462006629;-4382.094346746777
log;ES;etanolhidratado;deepar;{};12;12;5865.863302571023;3.3143686130182424;9.090909090909092;69.33320165634477;0.7917962154991064;551.4129995650198;616.1515047547026;1267.5913947461424;2406.998529596321;2292.0188676861344;2091.3589471440155;1898.8644941140838;1745.827536424249;1215.0700147933403;761.1761743781517;517.3077131690327;-134.34522491168957
