DATA;UF;PRODUCT;MODEL;PARAMS;WINDOW;HORIZON;RMSE;MAPE;POCID;PBE;MASE;P1;P2;P3;P4;P5;P6;P7;P8;P9;P10;P11;P12
normal;RR;etanolhidratado;deepar;{};12;12;124.02595712632925;1.0459889259784083;63.63636363636363;97.12925447003285;2.1436053039930605;14.776735236896384;17.302508526266447;18.837967125603203;15.324278560875479;32.74363901069917;33.86706108781423;6.935208720217604;-20.90007571326437;-35.68354560722835;-33.533814241417055;-8.783889974816214;0.44539630423197885
deseasonal;RR;etanolhidratado;deepar;{};12;12;117.1105722859419;0.7440276003950106;18.181818181818183;59.56969480038414;0.7565280602707163;46.575057808597165;35.874108789114004;45.787048719725945;62.27411865018249;90.80553750798089;131.43221294891157;127.91216013598827;109.42737140953392;66.93568574638802;-3.7944536683280248;-30.153552916158084;-75.62076387998434
log;RR;etanolhidratado;deepar;{};12;12;95.23439087240473;0.5139052515803032;45.45454545454545;52.60183039613694;1.637244196425543;25.786661717716445;27.925038485217478;69.1697501918185;101.46682111846562;111.96974678308084;129.38310006096904;85.67803199551687;79.6833084382094;57.86361377660437;43.580672947343054;19.439638936075283;7.260065141274808
