DATA;UF;PRODUCT;MODEL;PARAMS;WINDOW;HORIZON;RMSE;MAPE;POCID;PBE;MASE;P1;P2;P3;P4;P5;P6;P7;P8;P9;P10;P11;P12
normal;PR;etanolhidratado;deepar;{};12;12;30912.420300431142;3.8107059321830117;36.36363636363637;52.813215129513566;0.6131375832088459;-23925.56649466156;-12775.51535446457;5257.556180213526;8450.331067250228;29181.158408558727;37994.363664341734;41896.220762754856;21311.12913281925;-2088.7396266553374;-3031.0748553293915;-4899.0553334840915;-11188.682982738506
deseasonal;PR;etanolhidratado;deepar;{};12;12;22730.453116560842;2.3669215350158397;54.54545454545455;46.45628157358949;0.4734619897765625;2247.454670234676;5371.791391327384;11536.305863154706;17834.36624051871;21060.65784188221;20033.43542085379;16683.22628850232;10458.491602295067;4925.430782868882;9322.274085638845;7467.991848838878;1863.621237004516
log;PR;etanolhidratado;deepar;{};12;12;29975.85431977093;2.199881090025904;27.272727272727273;20.18164991484271;0.6438457576421276;-12412.443590705556;5990.713712551452;11900.839393926042;17443.089224185154;37216.79677944963;37076.93995033745;33934.448326674166;15895.066340673824;9125.627342794556;4518.900495987082;1003.3588400425151;-6996.497602509117
