DATA;UF;PRODUCT;MODEL;PARAMS;WINDOW;HORIZON;RMSE;MAPE;POCID;PBE;MASE;P1;P2;P3;P4;P5;P6;P7;P8;P9;P10;P11;P12
normal;DF;etanolhidratado;deepar;{};12;12;16994.761949950203;0.9137847192437856;45.45454545454545;100.42280412126871;0.553721883002955;-855.1169455042676;394.538803797319;2662.4233975708157;4198.175476186045;2543.6010630705805;1821.2044243563123;854.2866537189178;-173.50068476795764;-715.0175886280905;-1371.0825951042993;-4079.6798810329497;-5984.224726141161
deseasonal;DF;etanolhidratado;deepar;{};12;12;17564.222925414597;1.1511131158493877;63.63636363636363;119.76824899653451;0.7195892224441346;803.0558643040811;-718.6063248607248;-343.3864567316725;229.58054524870795;-1153.004022469045;-2872.0537744987714;-5809.1462771828365;-5937.643025876294;-4365.272688608113;-4220.712086581581;-3147.947979871671;-1896.5546516602292
log;DF;etanolhidratado;deepar;{};12;12;17062.09839716719;1.1186690188952255;36.36363636363637;113.13533508573725;0.558035271377066;-2285.2858165563875;-2127.154391860063;-1476.1094728235093;-204.4511524272791;2212.92669530496;900.3411202742304;164.79281555953548;-1180.854599917253;-2405.042740411864;-3301.735805172752;-5243.514427127222;-5647.37452208887
