DATA;MCPM;UF;PRODUCT;MODEL;PARAMS;WINDOW;HORIZON;RMSE;MAPE;POCID;PBE;P1;P2;P3;P4;P5;P6;P7;P8;P9;P10;P11;P12
combination;1.6183643738470856e+18;TO;oleocombustivel;combination-median;ARIMA-SARIMA-VARMA;12;12;9.375698660114889;3.4170775348957508e+16;0.0;-inf;4.043593025753402;-0.1394565684680945;13.109999856056607;3.5684474476511383;15.439072622879362;16.457036022958043;13.957199520607226;4.499575938684238;4.017145237878167;0.9250919427044206;8.376851138001303;6.515766426453224
