DATA;MCPM;UF;PRODUCT;MODEL;PARAMS;WINDOW;HORIZON;RMSE;MAPE;POCID;PBE;P1;P2;P3;P4;P5;P6;P7;P8;P9;P10;P11;P12
combination;89495.86471859812;MG;querosenedeaviacao;combination-mean;ARIMA-SARIMA_DS;12;12;4107.614209584332;0.3129525255969641;50.0;-30.409808378126524;13704.87899682151;15041.944670212462;15763.473013286552;16113.956676404381;18325.47724691163;17613.349560977862;17081.64975808757;17353.219568204462;16244.054933028256;17720.144355639415;17537.123851071472;15559.49840698778
