DATA;MCPM;UF;PRODUCT;MODEL;PARAMS;WINDOW;HORIZON;RMSE;MAPE;POCID;PBE;P1;P2;P3;P4;P5;P6;P7;P8;P9;P10;P11;P12
combination;9019.658988135041;RN;querosenedeaviacao;combination-mean;ARIMA-SARIMA_DS;12;12;828.5920818479445;0.13496860554932316;75.0;-12.98109722401693;5440.43822746453;5137.789064193192;5410.797954591995;5319.001334998393;6381.019273178528;6190.830134475484;5840.628508375954;6067.123018804825;6370.870200288176;6682.462396884999;7076.597031925234;5676.326010142212
