DATA;MCPM;UF;PRODUCT;MODEL;PARAMS;WINDOW;HORIZON;RMSE;MAPE;POCID;PBE;P1;P2;P3;P4;P5;P6;P7;P8;P9;P10;P11;P12
combination;13984.564543521128;AL;querosenedeaviacao;combination-mean;ARIMA-SARIMA_DS;12;12;771.7201887216539;0.173300749170493;58.333333333333336;-10.55751385460085;4481.707661420811;4173.929490052066;3998.7120398156458;4164.343855321127;4954.8733509270205;4535.750189898201;4690.1899410173655;5066.86864729941;4817.7259657253835;5663.50900580734;5851.590527972948;4569.120501422166
