DATA;UF;PRODUCT;MODEL;PARAMS;WINDOW;HORIZON;RMSE;MAPE;POCID;PBE;MASE;P1;P2;P3;P4;P5;P6;P7;P8;P9;P10;P11;P12
normal;MS;gasolinac;knn_rf_deepar_svr_catboost_arima;{};12;12;10776.895655206576;0.13899330758866515;54.54545454545455;2.9625248106801774;0.9729271191577042;73062.7697802602;60634.07658003384;60590.15182858935;57455.98484377507;58530.339059968406;55223.88910579394;58875.88190640141;60337.89918226687;62808.25875676151;76194.1388550666;70091.28786457787;77095.51322951862
deseasonal;MS;gasolinac;knn_rf_deepar_svr_catboost_arima;{};12;12;10706.071118408832;0.14480871129763953;54.54545454545455;-13.706139470541267;1.0024476719073985;84137.0180666105;83562.1195201574;74991.3521007682;73203.05846228756;74124.69327254576;72782.485804788;72387.04991217362;70093.36542500292;70980.0771548744;78898.50231904277;72790.72420314628;75371.53801161163
log;MS;gasolinac;knn_rf_deepar_svr_catboost_arima;{};12;12;10106.487354902434;0.1274105143963728;54.54545454545455;-9.2640406748431;0.8671821770469593;74608.27230660607;72393.50310521726;70433.23825450637;63967.47056790419;68579.7287647164;66074.19697114314;70448.97784189231;72646.64626951427;74038.36588912708;84118.42739048092;74031.04441137229;76692.50088116952
