DATA;MCPM;UF;PRODUCT;MODEL;PARAMS;WINDOW;HORIZON;RMSE;MAPE;POCID;PBE;MASE;P1;P2;P3;P4;P5;P6;P7;P8;P9;P10;P11;P12
mean;52869.54633744038;PA;oleodiesel;mean;{};12;12;13368.30223650481;0.042382465805237746;90.9090909090909;2.476575871035697;1.0418738377957857;235675.49605181822;233323.50238734725;239793.65151313052;244023.00238710086;256625.86366102853;259769.1883300101;252357.26208333933;251769.4702555384;244255.1730912237;239938.68115888184;227937.61007639195;231314.71864551122
mean_best;31896.903797187257;PA;oleodiesel;mean_best;{};12;12;8083.111253699899;0.022233057427048387;90.9090909090909;0.019071825869859678;0.5278365961097928;237034.72075702966;233165.8880820485;243808.74172913158;250765.66984605193;271496.3215613886;276666.82749052154;264474.8293228223;263507.9609745631;251147.57121757872;244047.3033548704;224306.54612406727;229861.6069971187
mean_top_weight;38638.200706003816;PA;oleodiesel;mean_top_weight;{};12;12;9780.067747732164;0.032831781377575524;90.9090909090909;0.9966651170195452;0.7817126319131215;241303.83386558742;233620.65098161428;243865.9279913534;247800.60720058097;271070.140645519;271464.11185782833;260581.46979578634;259495.4099886787;241591.74490481237;240448.53907648503;216042.46698648942;233760.6922195537
mean_top;79619.30147200236;PA;oleodiesel;mean_top;{};12;12;10094.950813807038;0.032466725307885254;81.81818181818181;1.3341465906276848;0.780585734035599;239766.56733831644;233019.59059989333;242886.13552026678;247793.41216186358;269520.8496064113;269061.71765416046;259386.12216439605;257841.06375802663;242079.5448122846;239464.5519917699;217801.1468390885;232331.31357196716
mean_top_best;72046.6219992755;PA;oleodiesel;mean_top_best;{};12;12;9135.999343170657;0.030091982051153255;81.81818181818181;0.019071825869883034;0.7108734160023621;242507.79020321963;235171.9266255166;245899.63924781547;251235.230784065;274859.0734569732;274359.8677391447;263839.77091685456;262159.857360289;245022.6480225303;242179.41447783422;218625.19293686558;234423.57568608332
