DATA;MCPM;UF;PRODUCT;MODEL;PARAMS;WINDOW;HORIZON;RMSE;MAPE;POCID;PBE;MASE;P1;P2;P3;P4;P5;P6;P7;P8;P9;P10;P11;P12
mean;138470.15327564476;RJ;oleodiesel;mean;{};12;12;17525.58763617963;0.06475650207930046;81.81818181818181;6.418320885177698;0.8596828377145836;211160.79068070694;205016.2295300923;209644.817447789;209446.89470406505;215787.2314194706;222013.71014347332;217530.28016611913;221488.6709688319;217842.6840885516;223513.29042197551;218158.8541996799;209097.93003647207
mean_best;107433.19146859943;RJ;oleodiesel;mean_best;{};12;12;13606.94521455834;0.051913215519053806;81.81818181818181;-3.502626511366337;0.673155279538159;227078.69483644073;210086.00646593288;222886.2944202729;222338.94214838595;239873.0448008103;257092.27494745667;244693.41902126055;255640.28726952497;245557.36721373454;261239.34090294776;246431.7307425171;221373.88578335452
mean_top_weight;73820.54389715426;RJ;oleodiesel;mean_top_weight;{};12;12;9360.971878906576;0.030040541470337526;81.81818181818181;-0.9747050986835922;0.3815869997347284;223245.28125878228;209014.11869026886;223493.3534967692;222915.5102850302;236046.92442089223;243652.48111543333;233773.54539719174;244130.0017290439;238037.0258641951;249271.14081373464;237515.54434774182;223483.88803439544
mean_top;66761.83413969047;RJ;oleodiesel;mean_top;{};12;12;8466.958087784473;0.027714232883318455;81.81818181818181;-0.17912876073204004;0.3554982738048426;223127.93521200775;208568.27793560736;222666.11546161753;222410.05494584923;234201.17088599436;242211.67681249548;231809.75111217835;241588.67905281638;235604.8577071153;245745.9232957687;234166.82980554158;220537.93949532585
mean_top_best;104470.32970642544;RJ;oleodiesel;mean_top_best;{};12;12;13232.479705489404;0.05081646771554734;81.81818181818181;-3.502626511366311;0.6580511336472814;227044.38657496183;204845.17493000432;226340.2467599848;225949.82949427955;243927.82673119172;256141.5013438368;240281.61221644984;255191.6122867731;246068.03787996713;261530.19176409827;243875.46664478202;223095.40192630878
