DATA;MCPM;UF;PRODUCT;MODEL;PARAMS;WINDOW;HORIZON;RMSE;MAPE;POCID;PBE;MASE;P1;P2;P3;P4;P5;P6;P7;P8;P9;P10;P11;P12
mean;27677.031499947305;CE;oleodiesel;mean;{};12;12;6978.574350716897;0.06808874255564003;90.9090909090909;5.933997662689756;0.9885643198934202;87057.96399269489;82163.97046115663;86622.02409583126;89039.7011090685;93064.71426102154;96828.1397454386;95822.21397414213;97263.85079760622;94538.66885796694;95567.3289111051;90307.95654155982;85102.04222187356
mean_best;31661.08764241358;CE;oleodiesel;mean_best;{};12;12;7976.950222330021;0.07518375988117536;90.9090909090909;7.585597043468348;1.0925174508345978;83341.85392493193;75894.8661749281;82678.50219576426;86357.38141475343;92482.07762512566;98208.72668992265;96678.05100594736;98871.73019557168;94724.93343537112;96290.20293670418;88287.23330539744;80365.60857981519
mean_top_weight;29938.265905907665;CE;oleodiesel;mean_top_weight;{};12;12;7546.744450989294;0.07050124277900623;90.9090909090909;7.065767906915724;1.0293706150344146;85323.29336049143;77233.02186150796;83617.00671535937;86782.79784477226;93424.09011442916;98023.72821466396;96167.59718755289;98930.81022785141;93348.41944182939;97629.36156644867;87925.72035005115;81817.56781324117
mean_top;29707.51213763323;CE;oleodiesel;mean_top;{};12;12;7488.72245388774;0.07032256707359656;90.9090909090909;7.016952133848593;1.0263379316647103;84850.4916455252;77394.35153046298;83829.4020299924;86858.28713988587;93443.8584355266;98165.27212446337;96144.26711555796;98869.65585591242;93632.09462384584;97268.54153294828;88293.93393015355;82040.67011599604
mean_top_best;31660.41236178854;CE;oleodiesel;mean_top_best;{};12;12;7976.780488182863;0.07518329720783685;90.9090909090909;7.585597043468356;1.0925174508345992;83848.09463559072;75746.34203129276;82738.59088107398;86029.74118786967;93185.54413307787;98315.77573549087;96119.77588281616;99081.15066710787;93390.07932225139;97341.39900798212;87589.69780649689;80794.9761931826
