DATA,MCPM,UF,PRODUCT,MODEL,PARAMS,WINDOW,HORIZON,RMSE,MAPE,POCID,PBE,P1,P2,P3,P4,P5,P6,P7,P8,P9,P10,P11,P12
normal_deseasonal_log_deseasonal-log,21071.81020518272,SC,oleocombustivel,ARIMA_MEAN,"{'normal': ""{'p': 13, 'd': 1, 'q': 14}"", 'deseasonal': ""{'p': 13, 'd': 0, 'q': 14}"", 'log': ""{'p': 6, 'd': 0, 'q': 4}"", 'deseasonal-log': ""{'p': 12, 'd': 0, 'q': 14}""}",12,12,966.9250021651137,0.31173495407149515,50.0,-28.502327930203357,3354.410659787543,3123.4790339006395,4205.894539672542,3652.5513032244603,3888.737380169527,4205.753612536267,3246.156788700956,3428.4475262185842,3633.67954006898,2394.2117688437993,3325.0016868849234,2994.3940116317403
