DATA;MCPM;UF;PRODUCT;MODEL;PARAMS;WINDOW;HORIZON;RMSE;MAPE;POCID;PBE;P1;P2;P3;P4;P5;P6;P7;P8;P9;P10;P11;P12
arima-mean;26996.693781219652;AM;oleocombustivel;ARIMA_MEAN;;12;12;1053.137209144343;8.783434326874627;50.0;-598.932751530003;797.5454522031114;515.867877315364;305.9561872427782;-43.51237913228836;1366.0280485444487;1535.3007227848382;1781.0682089677068;1394.6077886486805;972.504838790881;1321.6434059058342;1422.153364321285;-886.6050547832336
