DATA;MCPM;UF;PRODUCT;MODEL;PARAMS;WINDOW;HORIZON;RMSE;MAPE;POCID;PBE;P1;P2;P3;P4;P5;P6;P7;P8;P9;P10;P11;P12
arima-mean;87891.05229190469;RS;oleocombustivel;ARIMA_MEAN;;12;12;5997.296329259288;0.5083736408825202;66.66666666666667;51.64011752967309;4029.929958399999;4520.928580529773;5725.00550285705;4839.426234085862;4895.245384582725;5719.248856207983;4985.0621935490435;4607.125899550351;4646.026411937438;2990.8580085521457;3214.3218453044524;2812.1208235563563
