DATA;MCPM;UF;PRODUCT;MODEL;PARAMS;WINDOW;HORIZON;RMSE;MAPE;POCID;PBE;P1;P2;P3;P4;P5;P6;P7;P8;P9;P10;P11;P12
arima-mean;25920.937153284674;PA;oleocombustivel;ARIMA_MEAN;;12;12;2391.2954595502715;0.03288243716813883;75.0;-0.33503320126814873;64511.72155767228;63722.82823038676;62450.415163209735;61103.22514372749;62313.776609911314;62186.06533731887;60783.921701748885;61206.301110264176;61050.94908754134;61477.162497037025;60183.87208105785;58003.25774755999
