DATA;MCPM;UF;PRODUCT;MODEL;PARAMS;WINDOW;HORIZON;RMSE;MAPE;POCID;PBE;P1;P2;P3;P4;P5;P6;P7;P8;P9;P10;P11;P12
arima-median;6099.030316888773;PE;glp;ARIMA_MEAN;"{'normal': ""{'p': 9, 'd': 1, 'q': 10}"", 'deseasonal': ""{'p': 8, 'd': 1, 'q': 11}"", 'log': ""{'p': 10, 'd': 1, 'q': 11}"", 'deseasonal-log': ""{'p': 3, 'd': 0, 'q': 13}""}";12;12;1684.037491135464;0.030407887443726484;91.66666666666667;2.672324133398853;45041.89324574034;42846.8931289223;44488.60462276265;45054.96446213292;47240.82643935721;49072.21439220342;46231.09030700282;45790.54597625729;44430.14551663712;46874.18850330464;42471.6896086661;40518.311627373325
