DATA,MCPM,UF,PRODUCT,MODEL,PARAMS,WINDOW,HORIZON,RMSE,MAPE,POCID,PBE,P1,P2,P3,P4,P5,P6,P7,P8,P9,P10,P11,P12
normal_deseasonal_log_deseasonal-log,23359.346837455487,GO,glp,ARIMA_MEAN,"{'normal': ""{'p': 12, 'd': 1, 'q': 13}"", 'deseasonal': ""{'p': 13, 'd': 0, 'q': 9}"", 'log': ""{'p': 12, 'd': 0, 'q': 12}"", 'deseasonal-log': ""{'p': 14, 'd': 1, 'q': 5}""}",12,12,1617.0705080536359,0.02650894844242659,66.66666666666667,2.385916549515731,48391.73455501548,46059.4068337334,48047.702342828576,46753.464720035285,48227.99815389465,49595.99472400907,44899.21011956371,47233.12194441195,47895.88497955923,47660.840235126016,47604.084783203216,45884.77179447166
