DATA,MCPM,UF,PRODUCT,MODEL,PARAMS,WINDOW,HORIZON,RMSE,MAPE,POCID,PBE,P1,P2,P3,P4,P5,P6,P7,P8,P9,P10,P11,P12
normal_deseasonal_log_deseasonal-log,6106.197534172158,MS,glp,ARIMA_MEAN,"{'normal': ""{'p': 13, 'd': 1, 'q': 14}"", 'deseasonal': ""{'p': 10, 'd': 1, 'q': 11}"", 'log': ""{'p': 14, 'd': 0, 'q': 13}"", 'deseasonal-log': ""{'p': 8, 'd': 0, 'q': 14}""}",12,12,422.7680227987403,0.020591330339969623,66.66666666666667,0.5886664532687412,14879.235311460083,14133.113379372795,15241.468324442616,15502.317095940114,15583.997037490642,15997.854909717847,14506.715719989064,14669.50348656535,14603.27274510143,14459.108486155976,13815.13850571957,13893.858467834187
