DATA,MCPM,UF,PRODUCT,MODEL,PARAMS,WINDOW,HORIZON,RMSE,MAPE,POCID,PBE,P1,P2,P3,P4,P5,P6,P7,P8,P9,P10,P11,P12
normal_deseasonal_log_deseasonal-log,4966.1251575418555,RN,glp,ARIMA_MEAN,"{'normal': ""{'p': 13, 'd': 0, 'q': 14}"", 'deseasonal': ""{'p': 12, 'd': 1, 'q': 13}"", 'log': ""{'p': 9, 'd': 1, 'q': 9}"", 'deseasonal-log': ""{'p': 8, 'd': 1, 'q': 14}""}",12,12,458.35654004889807,0.02040167889566523,75.0,1.254607974793899,17162.96343226303,16243.942353329474,17251.301883258635,17166.511686013862,17705.676188455873,18143.438145925793,17143.760033057115,17267.87003418456,16955.120679248754,17343.159876655805,16573.910894566554,15872.854152729684
