DATA,MCPM,UF,PRODUCT,MODEL,PARAMS,WINDOW,HORIZON,RMSE,MAPE,POCID,PBE,P1,P2,P3,P4,P5,P6,P7,P8,P9,P10,P11,P12
normal_deseasonal_log_deseasonal-log,45788.20484296738,PR,glp,ARIMA_MEAN,"{'normal': ""{'p': 10, 'd': 0, 'q': 4}"", 'deseasonal': ""{'p': 6, 'd': 0, 'q': 14}"", 'log': ""{'p': 10, 'd': 1, 'q': 6}"", 'deseasonal-log': ""{'p': 6, 'd': 0, 'q': 14}""}",12,12,3169.5535844993174,0.02858153271065202,66.66666666666667,2.7901207481581043,80665.99625083616,78660.33579830063,86985.80966303687,88120.28581684921,88686.25590854412,91853.15433485979,84238.51923271765,84062.27845847298,82553.77230255096,78128.1505946688,75766.03256653674,75735.6364154091
