DATA,MCPM,UF,PRODUCT,MODEL,PARAMS,WINDOW,HORIZON,RMSE,MAPE,POCID,PBE,P1,P2,P3,P4,P5,P6,P7,P8,P9,P10,P11,P12
normal_deseasonal_log_deseasonal-log,9315.726481780066,DF,glp,ARIMA_MEAN,"{'normal': ""{'p': 13, 'd': 0, 'q': 12}"", 'deseasonal': ""{'p': 10, 'd': 0, 'q': 7}"", 'log': ""{'p': 14, 'd': 0, 'q': 12}"", 'deseasonal-log': ""{'p': 12, 'd': 0, 'q': 7}""}",12,12,515.9652501676966,0.027252165866272934,58.333333333333336,0.7567594421028225,14486.90621919083,14089.1604833446,14573.678204151473,14484.716717955886,14799.216879534564,15126.823874561935,13902.927075585187,14114.374929882364,14275.684257093431,14577.00466478861,13303.92222183819,13517.839808690647
