DATA;MCPM;UF;PRODUCT;MODEL;PARAMS;WINDOW;HORIZON;RMSE;MAPE;POCID;PBE;P1;P2;P3;P4;P5;P6;P7;P8;P9;P10;P11;P12
arima-median;4407.678955525787;RO;glp;ARIMA_MEAN;"{'normal': ""{'p': 9, 'd': 1, 'q': 14}"", 'deseasonal': ""{'p': 10, 'd': 0, 'q': 8}"", 'log': ""{'p': 14, 'd': 0, 'q': 10}"", 'deseasonal-log': ""{'p': 7, 'd': 0, 'q': 3}""}";12;12;305.08599354764186;0.02826495676378465;66.66666666666667;2.1243704210204215;7720.989807320031;7153.9086062421575;7614.987993573168;7263.630247543112;7427.3860237588;7712.808178557469;7064.994954550689;7444.797508045838;7574.844441606851;7587.840725402618;7162.830584015026;7260.102652689999
