DATA;MCPM;UF;PRODUCT;MODEL;PARAMS;WINDOW;HORIZON;RMSE;MAPE;POCID;PBE;P1;P2;P3;P4;P5;P6;P7;P8;P9;P10;P11;P12
arima-median;252690.8127434597;MG;glp;ARIMA_MEAN;"{'normal': ""{'p': 4, 'd': 1, 'q': 14}"", 'deseasonal': ""{'p': 14, 'd': 1, 'q': 14}"", 'log': ""{'p': 3, 'd': 1, 'q': 12}"", 'deseasonal-log': ""{'p': 4, 'd': 1, 'q': 14}""}";12;12;13968.92087068605;0.10892230042029681;58.333333333333336;9.433267156058626;107321.09047417312;103577.96273663492;111289.58898551637;110257.99047042892;110883.39217870927;113341.65610531092;105098.92671957283;106326.30996729067;105977.96101596567;108246.449339585;104579.4712336153;101615.31000353064
