DATA;MCPM;UF;PRODUCT;MODEL;PARAMS;WINDOW;HORIZON;RMSE;MAPE;POCID;PBE;MASE;P1;P2;P3;P4;P5;P6;P7;P8;P9;P10;P11;P12
normal;7576.121669369352;PE;glp;xgb_noresid;{'learning_rate': 0.2, 'n_estimators': 50, 'subsample': 0.9};12;12;1917.4687679655121;0.03361914371738301;90.9090909090909;-0.08003731880917894;1.0648301778329203;45214.414;45032.83;44748.37;44956.355;48250.152;48336.684;47010.113;46547.625;45886.992;48143.15;45791.773;45415.484
log;38014.01124735724;PE;glp;xgb_noresid;{'learning_rate': 0.2, 'n_estimators': 50, 'subsample': 0.7};12;12;2411.3649990559725;0.042324357114503185;63.63636363636363;0.36299263514765534;1.347460249212365;46118.164;45982.637;46394.137;46387.54;46125.906;46129.777;45532.254;45519.445;45918.31;46135.54;46426.84;46205.066
deseasonal;6087.605301824524;PE;glp;xgb_noresid;{'subsample': 0.7, 'n_estimators': 50, 'learning_rate': 0.2};12;12;1541.9343152957128;0.026522814562290813;90.9090909090909;1.705946454219168;0.8670060822936778;44472.49542728223;43294.52758787413;44805.80302302411;45301.9670446065;47431.66959289389;47900.6083132292;46014.97271261273;46597.225869829694;44728.29576553319;47674.976548390056;44509.41335289358;42691.743980580686
