DATA;MCPM;UF;PRODUCT;MODEL;PARAMS;WINDOW;HORIZON;RMSE;MAPE;POCID;PBE;MASE;P1;P2;P3;P4;P5;P6;P7;P8;P9;P10;P11;P12
normal;7220.326918946459;PB;glp;xgb_noresid;{'learning_rate': 0.3, 'n_estimators': 150, 'subsample': 0.7};12;12;915.1312916649928;0.03844369401809678;81.81818181818181;2.4192966660969324;0.9317343086537716;21239.703;20725.016;20954.922;21188.916;21215.379;21267.125;20860.615;20733.188;20747.35;21132.74;20624.318;20474.945
log;23479.99752986881;PB;glp;xgb_noresid;{'learning_rate': 0.2, 'n_estimators': 50, 'subsample': 0.7};12;12;1191.5870487226987;0.04986405375759676;54.54545454545455;3.3743494949089508;1.2120751609500162;20738.672;20695.78;20695.78;20710.844;20720.86;20720.86;20710.844;20738.672;20710.844;20734.479;20757.549;20770.814
deseasonal;9819.132272873672;PB;glp;xgb_noresid;{'learning_rate': 0.2, 'n_estimators': 200, 'subsample': 0.7};12;12;830.4362360098115;0.03270766999507088;72.72727272727273;2.838818461687569;0.8003089828479855;20467.685478923348;19661.63294451035;20115.78890208855;20780.12301952812;21919.975162753424;21772.27217747013;21153.8014402051;21216.286856780236;20919.390594069;22143.237761686814;20784.03335555262;19150.1766033073
