DATA;MCPM;UF;PRODUCT;MODEL;PARAMS;WINDOW;HORIZON;RMSE;MAPE;POCID;PBE;MASE;P1;P2;P3;P4;P5;P6;P7;P8;P9;P10;P11;P12
normal;4988.166325766903;RO;glp;xgb_noresid;{'learning_rate': 0.2, 'n_estimators': 200, 'subsample': 0.7};12;12;316.46234340566997;0.03388385797556328;63.63636363636363;0.3493797592634681;1.0599378644917077;7529.468;7390.4644;7340.038;7444.996;7559.003;7602.4937;7689.538;7578.538;7584.6436;7717.7974;7662.059;7503.915
log;6757.688993094148;RO;glp;xgb_noresid;{'learning_rate': 0.4, 'n_estimators': 100, 'subsample': 0.8};12;12;285.92664725690906;0.030003326882531604;45.45454545454545;-0.2654493024910806;0.9324832412263195;7597.9854;7588.4775;7596.182;7600.355;7598.232;7590.6416;7597.8477;7600.036;7598.9346;7596.986;7596.986;7599.297
deseasonal;5576.667064993744;RO;glp;xgb_noresid;{'learning_rate': 0.3, 'n_estimators': 50, 'subsample': 0.7};12;12;353.7981627923225;0.0342760022803967;63.63636363636363;1.9685399838735615;1.0816186556959686;7588.956433240196;7192.328924817246;7386.5077550436135;7215.6784102395895;7435.607133986469;7399.556351567908;7110.724919910497;7483.0172551983605;7541.790124056095;7847.04628697893;7436.854534579029;7492.735581319565
