DATA;MCPM;UF;PRODUCT;MODEL;PARAMS;WINDOW;HORIZON;RMSE;MAPE;POCID;PBE;MASE;P1;P2;P3;P4;P5;P6;P7;P8;P9;P10;P11;P12
normal;126562.07564126617;BA;glp;xgb_noresid;{'subsample': 0.8, 'n_estimators': 200, 'learning_rate': 0.4};12;12;6418.93537271996;0.07932753131124787;54.54545454545455;-6.871655371053341;1.511765934436247;77780.47;76645.13;77801.32;78064.48;78469.68;77888.57;78201.5;78188.52;78170.125;77712.1;77500.695;73366.73
log;142819.9342401478;BA;glp;xgb_noresid;{'learning_rate': 0.4, 'n_estimators': 150, 'subsample': 0.7};12;12;7242.298138524026;0.08687725987979056;54.54545454545455;-7.978549366729025;1.6445422657267887;78821.38;78814.24;78944.6;78531.305;78590.79;78584.88;78583.0;78185.46;78047.34;77690.3;77449.28;77176.77
deseasonal;63076.87267528755;BA;glp;xgb_noresid;{'learning_rate': 0.3, 'n_estimators': 100, 'subsample': 0.7};12;12;5328.015019018328;0.06727876694132279;72.72727272727273;-5.298390421672288;1.3179531530978108;73870.33402006903;71696.74253055431;75274.77558427845;78131.9378363483;82689.2663435388;82068.00189195022;77630.68010474656;77431.73201569464;75242.37346133382;79190.0301667279;74989.39758074797;67886.55658900997
