DATA;MCPM;UF;PRODUCT;MODEL;PARAMS;WINDOW;HORIZON;RMSE;MAPE;POCID;PBE;MASE;P1;P2;P3;P4;P5;P6;P7;P8;P9;P10;P11;P12
normal;85267.48460609921;PR;glp;xgb_noresid;{'learning_rate': 0.4, 'n_estimators': 50, 'subsample': 0.8};12;12;5408.044098478889;0.04787880315251868;63.63636363636363;1.2117396652371022;1.6004246387932377;81643.72;81448.9;81744.87;81776.766;90236.97;90240.59;86917.94;86923.94;85327.42;85504.836;79756.055;80097.29
log;205265.9877125639;PR;glp;xgb_noresid;{'subsample': 0.7, 'n_estimators': 50, 'learning_rate': 0.4};12;12;8677.010767638676;0.08589495498317334;45.45454545454545;2.074809003997257;2.8642110052326575;80463.81;80410.95;80452.06;80452.06;80070.195;80093.49;86987.84;86986.19;86941.41;87124.586;86313.695;86484.92
deseasonal;44462.303387005566;PR;glp;xgb_noresid;{'learning_rate': 0.2, 'n_estimators': 50, 'subsample': 0.7};12;12;2821.51216291961;0.02828990299310256;63.63636363636363;1.5677579704034408;0.935748896075327;82513.45665564697;81312.69778332791;87496.14242184778;89115.71037443266;91297.27793285066;90274.70531685466;85003.98723111789;85834.30844272696;81944.68035405879;81955.74410180571;76730.18538360829;74494.66650172176
