DATA;MCPM;UF;PRODUCT;MODEL;PARAMS;WINDOW;HORIZON;RMSE;MAPE;POCID;PBE;MASE;P1;P2;P3;P4;P5;P6;P7;P8;P9;P10;P11;P12
normal;10701.319317689897;PA;glp;xgb_noresid;{'learning_rate': 0.3, 'n_estimators': 50, 'subsample': 0.9};12;12;1356.6827984541821;0.03395125785519094;81.81818181818181;2.3324749352909557;0.8857037044068071;33628.883;33515.03;33554.2;33537.145;33140.71;33445.133;33130.094;33121.977;32863.6;32986.457;32912.996;32358.068
log;59171.006213819834;PA;glp;xgb_noresid;{'learning_rate': 0.3, 'n_estimators': 100, 'subsample': 0.7};12;12;1669.2987407792791;0.04031574375618298;18.181818181818183;3.6819967144700185;1.0589815174003667;32742.871;32752.303;32627.414;32611.33;32613.35;32609.59;32742.652;32546.549;32833.863;32816.27;32852.25;32943.8
deseasonal;18157.477788853204;PA;glp;xgb_noresid;{'learning_rate': 0.3, 'n_estimators': 50, 'subsample': 0.8};12;12;1535.4062122400517;0.03723341759517721;72.72727272727273;3.335207034753593;0.9720459653269724;34136.67428004116;32663.317099397453;33481.10738990444;32701.263319423455;32712.164723427202;32882.083166353004;32864.67704405479;32614.768015157104;32482.799949299835;34025.18257383386;32310.624978023094;31231.454648584597
