DATA;MCPM;UF;PRODUCT;MODEL;PARAMS;WINDOW;HORIZON;RMSE;MAPE;POCID;PBE;MASE;P1;P2;P3;P4;P5;P6;P7;P8;P9;P10;P11;P12
arima_nn_rf;342395.9296105902;RS;oleodiesel;ARIMA;arima_nn_rf;12;12;23680.122166582893;0.05870603580601916;66.66666666666667;4.137229421248266;0.8800133316849973;368465.12597692956;353329.2894083856;317623.71755899885;260054.97289855225;287523.64710693154;326531.48392746714;294777.1081142666;356016.1404278977;359370.83453796053;317192.2767628676;271013.31108278706;264862.5470828217
