DATA;MCPM;UF;PRODUCT;MODEL;PARAMS;WINDOW;HORIZON;RMSE;MAPE;POCID;PBE;MASE;P1;P2;P3;P4;P5;P6;P7;P8;P9;P10;P11;P12
arima_nn_rf;86144.40308889745;PI;oleodiesel;ARIMA;arima_nn_rf;12;12;5951.348439539318;0.09418979214503602;66.66666666666667;9.191746588520768;1.6000725735560977;47186.47999584389;44301.826875327846;49428.70129886093;50319.74460474039;57748.54961790169;59204.01801315092;55737.72038799616;54845.149299905046;50472.108335734825;49534.21314344566;37978.570048085196;38470.29886399039
