DATA;MCPM;UF;PRODUCT;MODEL;PARAMS;WINDOW;HORIZON;RMSE;MAPE;POCID;PBE;MASE;P1;P2;P3;P4;P5;P6;P7;P8;P9;P10;P11;P12
arima_nn_rf;860979.0023269772;PR;oleodiesel;ARIMA;arima_nn_rf;12;12;79123.0660098337;0.12974650313330993;75.0;13.024151850333803;1.7771747984623625;536119.7759135211;438173.5028411142;495532.98009361903;423990.2567058248;522194.7853483514;543606.7037942266;481064.1124563964;505251.8795183025;455658.10125102283;462025.8563831661;389208.7454126418;406706.3982900399
