DATA;MCPM;UF;PRODUCT;MODEL;PARAMS;WINDOW;HORIZON;RMSE;MAPE;POCID;PBE;MASE;P1;P2;P3;P4;P5;P6;P7;P8;P9;P10;P11;P12
normal;15082.47291658847;AL;etanolhidratado;knn;{'n_neighbors': 1};12;12;1268.774414391043;0.1763366563625355;72.72727272727273;14.101903592330157;0.5756976890149188;7272.329354278741;5800.043623118399;5397.561716375136;4050.7839308391813;3452.71259617844;3296.870023791148;3418.4712958749496;4332.055710307279;4998.5707391914975;6150.752371889134;5668.253887954132;5684.958106748178
log;37910.56738799915;AL;etanolhidratado;knn;{'n_neighbors': 5};12;12;1598.1718870099094;0.22852856816595712;45.45454545454545;11.821416068942;0.7213339477302956;2566.404721910474;3551.956353104263;3343.0205130629583;3372.5915898322255;3751.9866919019646;6163.683235788898;6864.502865158133;6716.626836453502;6410.5434480581725;5659.0189283304535;6676.511518648004;6026.787849603691
deseasonal;14948.077484199364;AL;etanolhidratado;knn;{'n_neighbors': 1};12;12;1257.6017044058683;0.17346281473603173;72.72727272727273;12.940879257776889;0.5594028683547329;7399.907535705205;5854.979699595154;5477.498995742111;4024.304368491825;3369.2530826042994;3208.918090865336;3363.4088285129437;4344.343420316492;5266.816928840816;6592.352604505032;5667.6440296833625;5758.471334420928
