DATA;MCPM;UF;PRODUCT;MODEL;PARAMS;WINDOW;HORIZON;RMSE;MAPE;POCID;PBE;MASE;P1;P2;P3;P4;P5;P6;P7;P8;P9;P10;P11;P12
normal;1720.3905825923953;RR;etanolhidratado;knn;{'n_neighbors': 3};12;12;107.987737468741;0.32036443859992486;63.63636363636363;32.62679490046839;0.9956075329679648;126.18370589560162;153.9514677714526;214.27475202457762;199.1055667340725;228.78379206857892;152.3079924092242;139.5338741246947;233.6285641282891;222.94278602755642;246.7758594347428;245.96815572274613;229.99815424495551
log;1770.5113855575873;RR;etanolhidratado;knn;{'n_neighbors': 3};12;12;111.11084132634437;0.3283732272156033;63.63636363636363;33.47896672867495;1.0216115794620733;126.31158794161045;146.6887810710819;181.86789647915919;173.00543779997895;171.82494024140968;156.82809217201716;173.7380705575287;257.1985796449405;236.38032657516234;257.4135777984571;245.97130346901525;235.95239994410807
deseasonal;4766.730765997587;RR;etanolhidratado;knn;{'n_neighbors': 1};12;12;133.56006627070744;0.3744638956960511;18.181818181818183;36.16416724021146;1.1890798761949577;125.08297577938536;158.10148859939954;156.7321520884747;142.0356652583303;185.755273889748;110.254939693216;255.07476195771687;242.194611955943;286.7114762449106;247.55568281645353;179.55295041275053;178.7364075616423
