DATA;MCPM;UF;PRODUCT;MODEL;PARAMS;WINDOW;HORIZON;RMSE;MAPE;POCID;PBE;MASE;P1;P2;P3;P4;P5;P6;P7;P8;P9;P10;P11;P12
normal;171657.02233797617;CE;etanolhidratado;knn;{'n_neighbors': 1};12;12;6194.759461141983;0.35359644442491084;36.36363636363637;37.55616213561821;1.0343484971205383;10980.441006848354;8449.327778314957;7957.533545326163;7330.027794863876;7353.388051865617;6891.625529185054;7328.932822414736;9010.853624804417;9558.757673400838;11210.081789757076;9926.157589324159;9422.846569886677
log;80846.81610051804;CE;etanolhidratado;knn;{'n_neighbors': 1};12;12;5090.25597188169;0.3135608097611628;63.63636363636363;32.36409530610037;0.8812222141640903;5917.7502870289745;7133.29870743143;7204.253908791588;7872.889300449635;8174.8372452961075;11502.553697643583;10243.760078965737;10488.756106138924;11290.264568426204;10042.621081250363;12719.735628145863;11594.690521502847
deseasonal;156870.2481183511;CE;etanolhidratado;knn;{'n_neighbors': 5};12;12;5662.302505444687;0.3402024899080325;36.36363636363637;35.315505733601796;0.9615843688058595;9618.114911443276;6915.41095737594;5581.155183407045;5776.931198847411;8022.592869577288;9071.13502066748;9739.49141885046;10073.938126586327;11174.519660571046;12753.90889305171;10682.369465806738;9793.164260528752
