DATA;MCPM;UF;PRODUCT;MODEL;PARAMS;WINDOW;HORIZON;RMSE;MAPE;POCID;PBE;MASE;P1;P2;P3;P4;P5;P6;P7;P8;P9;P10;P11;P12
normal;29678.52728348224;RN;etanolhidratado;knn;{'n_neighbors': 5};12;12;1867.1591877466594;0.3377554083906659;63.63636363636363;-5.189310669747786;1.0253615006428956;5321.8633788779425;6402.337413617732;7111.0997290513005;6833.194012857986;6353.367923926517;6020.33847042448;4493.077147336127;3609.47104378687;2934.209576805911;3265.6541333411024;4093.344312151282;4377.253340468498
log;54790.036957803226;RN;etanolhidratado;knn;{'n_neighbors': 9};12;12;1732.3538932763108;0.30070464406413844;27.272727272727273;-1.8608080657776245;0.8188181500936397;2565.674085816786;3234.7528961131065;3160.1707779048534;3301.094379503747;3496.0043771948954;4747.2637242633855;5440.926888737678;6612.420720525725;7616.46860969909;6596.492995887085;6382.744451218401;5736.822462445387
deseasonal;29207.693206055363;RN;etanolhidratado;knn;{'n_neighbors': 1};12;12;1231.0390425721807;0.23700814693910913;45.45454545454545;3.854092325829687;0.6755903316809069;6442.819674631929;5263.194318439745;4311.656496687808;3169.1446812995973;2925.6179098448315;2295.7419116802594;3939.9650696638655;4022.8925153956666;5444.442426388319;6386.139067613474;5622.720756574145;5762.431308192694
