DATA;MCPM;UF;PRODUCT;MODEL;PARAMS;WINDOW;HORIZON;RMSE;MAPE;POCID;PBE;MASE;P1;P2;P3;P4;P5;P6;P7;P8;P9;P10;P11;P12
normal;12631.199930795012;RO;etanolhidratado;knn;{'n_neighbors': 3};12;12;634.9003304331611;0.45770347679741213;54.54545454545455;46.313618862379045;0.9157944848236895;527.2749297361863;602.4581106242632;321.57576540216724;409.8787897622367;481.80415815801365;465.2097045187912;782.6997713722385;887.2559176709372;921.876971771402;952.3879817948093;876.366574970725;928.961626522952
log;15639.07254781571;RO;etanolhidratado;knn;{'n_neighbors': 1};12;12;656.5503891877446;0.42898798224980045;45.45454545454545;44.97789300619898;0.8893821594132959;354.5218533981111;428.6435716349424;472.5806766935237;526.2333582806074;609.4896194315176;902.351284149436;964.775167713698;962.1974730401994;883.4505219915872;781.0667154341146;872.4502732783038;602.9559357706612
deseasonal;6717.343771631118;RO;etanolhidratado;knn;{'n_neighbors': 3};12;12;829.9206062987948;0.49943893315990634;81.81818181818181;55.433983553836484;1.0961384071769944;850.0127959744956;770.0282342364475;640.4720416705868;518.8623854132;260.17300856864773;288.80853852042145;424.0671765537478;516.8632987036815;625.3197272851471;635.4412680460339;629.8068611225442;612.0377666316625
