DATA;UF;PRODUCT;MODEL;PARAMS;WINDOW;HORIZON;RMSE;MAPE;POCID;PBE;MASE;P1;P2;P3;P4;P5;P6;P7;P8;P9;P10;P11;P12
normal;TO;oleodiesel;knn_rf_deepar_svr_catboost_arima;{};12;12;12386.847768626643;0.09219666613319795;54.54545454545455;-3.973592409914369;2.2453913412459534;92917.08819384941;99775.7247746711;108576.98659863992;101539.7619238939;113673.70667745941;112155.0877778963;117796.59322878043;120463.99199339906;112482.19556777421;114470.16656277845;110962.27178934385;107721.9371019006
deseasonal;TO;oleodiesel;knn_rf_deepar_svr_catboost_arima;{};12;12;8873.794647513332;0.0697547374715486;63.63636363636363;-3.9968062135365043;1.7214616795388193;101317.7181672628;105215.68187107248;107642.3908151305;108448.31411142935;118957.65530529176;113455.38686304778;117245.31273270243;120779.02739980005;110226.10468648287;109122.83264066091;99867.72209172261;100550.4105080847
log;TO;oleodiesel;knn_rf_deepar_svr_catboost_arima;{};12;12;13986.733576886229;0.11032576990881295;81.81818181818181;-5.259141509994033;2.751136336242959;88439.2433871414;102201.15587143536;115927.06919667732;109515.41103526346;117878.26451387633;119874.0654260923;117812.10102924464;125697.39348966947;119653.73650314611;117642.74941564117;105259.7538673934;88863.00499729508
