DATA;UF;PRODUCT;MODEL;PARAMS;WINDOW;HORIZON;RMSE;MAPE;POCID;PBE;MASE;P1;P2;P3;P4;P5;P6;P7;P8;P9;P10;P11;P12
normal;SC;oleodiesel;knn_rf_deepar_svr_catboost_arima;{};12;12;15690.053512988115;0.05287822668825674;45.45454545454545;0.12951225385775508;1.1860263559328401;249428.66863013772;253071.28089843225;243187.46856113104;240799.01939779404;258275.50120636457;255183.6722300305;255955.7766868344;249870.50761334202;263202.68116978486;276249.52821928955;262125.63364433558;237237.72745686103
deseasonal;SC;oleodiesel;knn_rf_deepar_svr_catboost_arima;{};12;12;13809.295183469307;0.03856800654092222;63.63636363636363;1.7082363749764957;0.8754680905969394;241465.24101343646;255659.81949852998;243485.22304525875;247437.28801240562;242853.92534027118;260493.90684898876;245693.94686378282;251279.81149494796;257501.03222643596;258037.70552249413;245062.77163344316;247488.82588803742
log;SC;oleodiesel;knn_rf_deepar_svr_catboost_arima;{};12;12;18617.305372397557;0.05338063371427346;27.272727272727273;0.7641165907697174;1.2076648735470261;227277.21912307222;257937.11365385132;243228.61459100308;251077.41829604487;250768.69161310993;255406.75906729954;258503.4521159751;260243.58130027005;266283.703505794;251401.29891900698;253673.2573504035;249440.21645841986
