train_range;test_range;UF;PRODUCT;MODEL;PARAMS;WINDOW;HORIZON;RMSE;MAPE;POCID;PBE;MCPM;MASE;P1;P2;P3;P4;P5;P6;P7;P8;P9;P10;P11;P12;error_series;Test Statistic;p-value;Lags Used;Observations Used;Critical Value (1%);Critical Value (5%);Critical Value (10%);Stationary
1990-01_2023-02;2023-03_2024-02;CE;gasolinac;ARIMA;{'p': 10, 'd': 1, 'q': 24};12;12;8623.166412882016;0.050788747188227075;90.9090909090909;3.741575678809577;34134.75652342217;0.791633650293948;115149.05572323127;106700.38218255895;116998.86065509742;116024.44098041953;127696.92786794997;132231.35186803824;131655.45939690754;133646.9009270565;121383.76948641709;139814.79409719998;119974.11104783093;110833.40120685505;[7175.544276768735, 9206.269817441047, 17864.69434490257, 11724.459019580463, -352.07286794997344, -1183.6518680382433, -6167.649396907538, -2642.9009270565, 7168.092513582902, -145.19409719997202, 14189.938952169061, 383.52879314494203];-2.3828984105222584;0.14662149452451007;16;380;-3.4476763783532585;-2.869176103659426;-2.570837873961219;False
1990-01_2022-02;2022-03_2023-02;CE;gasolinac;ARIMA;{'p': 5, 'd': 1, 'q': 24};12;12;14834.109509160138;0.11195980370159503;72.72727272727273;11.189972935946699;175902.96657573615;inf;99723.99124228032;90568.34261486387;90497.13886646723;98433.26806165696;117598.73920500258;111994.81447100118;112987.3812750843;119188.36101765155;113374.2984195291;130961.96322111283;108389.73200669642;103711.50578018186;[9487.34375771969, 18119.85238513614, 23945.520133532773, 7578.221938343049, 1305.6047949974163, 18347.024528998823, 17482.918724915697, 14052.832982348438, 10210.93558047089, 12867.55177888718, 18770.19899330358, 11306.79421981814];-2.2035986214206926;0.20494195846973684;17;367;-3.448294490928673;-2.869447722240253;-2.570982681065269;False
