DATA;UF;PRODUCT;MODEL;PARAMS;WINDOW;HORIZON;RMSE;MAPE;POCID;PBE;MASE;P1;P2;P3;P4;P5;P6;P7;P8;P9;P10;P11;P12
normal;AC;oleodiesel;rf;{};12;12;2740.795204637935;1.8536839845626412;45.45454545454545;527.8404587578868;2.2077429576686862;27.361777308145633;453.2986991661857;1050.6663284459082;1680.6626763920945;2315.3119122492244;2630.836111887027;2910.6932107344664;2497.1366502229293;1890.6269079190736;1888.4655343666914;97.01466445173048;-1039.5483807383773
deseasonal;AC;oleodiesel;rf;{};12;12;1717.6808045002217;1.2232774610745698;45.45454545454545;155.71068494557062;1.5209828245729369;299.26304801203145;217.87119540352842;455.3204500425407;583.5703634873821;678.8205609521538;645.7616792162952;374.4131743749472;220.86222792265693;256.56289652061304;678.5496547515372;507.97334081344366;-116.93036672264753
log;AC;oleodiesel;rf;{};12;12;2292.0993287067563;11.054896319151212;72.72727272727273;279.52425657389864;1.794709346901318;-609.7406383740699;-409.4189455981416;213.05138553492378;351.6328171906087;613.0637512886183;1294.2608951395741;1493.04329829385;2516.722370354001;2362.553512871226;2024.8308548789933;2012.3057559895738;771.1671353193315
