DATA;UF;PRODUCT;MODEL;PARAMS;WINDOW;HORIZON;RMSE;MAPE;POCID;PBE;MASE;P1;P2;P3;P4;P5;P6;P7;P8;P9;P10;P11;P12
normal;SP;oleodiesel;rf;{};12;12;54322.80445481042;3.1261421002401595;63.63636363636363;65.57751223397527;0.9686132736447651;-1675.0401348023333;5413.447565759807;30091.059130218684;60615.848298823155;95584.79798493437;115738.82004388887;91792.23958665816;77459.79760614711;11954.914637061758;-61024.44605574866;-119937.5375697073;-121542.15362660558
deseasonal;SP;oleodiesel;rf;{};12;12;55963.790062830005;7.645519524849708;72.72727272727273;63.46367631135568;0.9338764041264048;12985.42064682204;30955.32170286162;58895.224073178004;66845.63187177529;66855.82652111966;63462.45522159619;56809.45647146397;-18725.10382260446;2143.1670592623905;-42161.0649200793;-43151.43754268448;-6245.443612916115
log;SP;oleodiesel;rf;{};12;12;43990.61668046264;0.8745836105052679;81.81818181818181;66.12585454874332;0.7990146299385326;-14977.260095360156;-63426.843591006174;3008.1856243719885;27065.140124127145;64876.400508905615;137922.63672693033;97668.80341316084;109567.75417838065;48399.60734246823;-27951.50832909758;-110248.19821141954;-101640.57784622746
