DATA;UF;PRODUCT;MODEL;PARAMS;WINDOW;HORIZON;RMSE;MAPE;POCID;PBE;MASE;P1;P2;P3;P4;P5;P6;P7;P8;P9;P10;P11;P12
normal;MG;oleodiesel;rf;{};12;12;27631.962407638737;0.7555842454918992;63.63636363636363;11.113206586252131;0.6174899437575663;34666.798726254434;24557.472098530106;51408.11266693707;48507.12506372796;65396.5161984405;39520.34550046896;42679.51377503705;19704.07534720787;10457.30319313089;14176.246674789592;25587.97684700438;6511.511721110113
deseasonal;MG;oleodiesel;rf;{};12;12;26701.606153860546;2.429508415886542;72.72727272727273;13.551745965889697;0.6404167436603829;30372.609161903518;39109.51451436177;66614.5082804937;61311.07435093023;55073.847448697765;46652.23256379044;36331.078128337;-9786.610468148938;32673.589308229006;-18815.490971748204;-19320.17393645389;-16306.476389876141
log;MG;oleodiesel;rf;{};12;12;25930.070071189984;0.4768335415385739;81.81818181818181;8.649089173693758;1.0347675420854363;-6818.589341665105;-70.83746286365204;28333.540478840197;27585.403746565047;68280.97504638834;102343.84729969144;89311.0526364113;62163.89624844607;29142.33814102097;-17606.059289169287;-35660.80355756965;-38435.47119766592
