DATA;UF;PRODUCT;MODEL;PARAMS;WINDOW;HORIZON;RMSE;MAPE;POCID;PBE;MASE;P1;P2;P3;P4;P5;P6;P7;P8;P9;P10;P11;P12
normal;RR;oleodiesel;rf;{};12;12;12283.596537794556;5.201538473900503;36.36363636363637;-80.63373355171328;1.295388370887688;-17073.6848919702;-15362.65956342251;-9907.127621729625;-3609.726748918916;-3070.372379064149;-4675.444014453666;-3982.7004781401974;-11174.69301203697;-12112.417034778777;-17412.082419419297;-21607.925566541984;-23871.06558991878
deseasonal;RR;oleodiesel;rf;{};12;12;7926.179254337462;5.3333497997622645;54.54545454545455;-58.49748266380582;0.7406193675745683;-13473.654351697302;-18223.297159958907;-8730.924395948878;-4150.886346966363;-2525.5853621694023;-5910.620832258681;-5464.313428215596;-8814.579258989712;-10792.862725470359;-16676.95786862457;-15745.669953141065;-25867.817023960306
log;RR;oleodiesel;rf;{};12;12;8291.652244371595;4.207586341909267;63.63636363636363;-99.61725230419808;0.8127189088106965;-17469.076117097306;-12997.760896172176;-9464.200997563961;-4695.905066083771;-2635.6987334961723;-4971.032813340586;-7740.179370018924;-9965.708807773572;-13931.626469908513;-17996.43913440027;-20056.879504826673;-20402.194761880724
