DATA;UF;PRODUCT;MODEL;PARAMS;WINDOW;HORIZON;RMSE;MAPE;POCID;PBE;MASE;P1;P2;P3;P4;P5;P6;P7;P8;P9;P10;P11;P12
normal;PR;oleodiesel;rf;{};12;12;67798.48345814868;2.624842600819586;54.54545454545455;204.0377669291249;2.7815390583929442;-10766.67972592303;-37294.126450810916;-37687.71243668362;-44911.64970053665;-22437.728722432803;-13595.974839724917;-21491.099957628332;-13579.421510347904;-29676.083130563085;-34620.245011034945;-54574.25693905073;-49096.25110704347
deseasonal;PR;oleodiesel;rf;{};12;12;66391.96339071875;1.8442565080171576;54.54545454545455;169.88566578272633;2.1858988874213705;-28849.11621505917;-29484.54978260699;-32703.998239669607;-26245.313012284645;-12796.1063675676;-21030.083214867154;-25982.780014469878;-30876.69604934454;-10632.473462935319;-16094.54519258248;-21333.54648828307;-25282.530935769995
log;PR;oleodiesel;rf;{};12;12;66505.09048571067;4.302562969746144;72.72727272727273;174.75833547106495;2.74719204660541;-3508.463736511978;-49151.47057444845;-29823.45590220162;-38856.29759587843;-23230.702106595134;8583.82266053305;-4074.573771627158;-416.0168666187128;-23974.156938827975;-32916.12224598049;-52646.85338842537;-50228.519136609946
