DATA;UF;PRODUCT;MODEL;PARAMS;WINDOW;HORIZON;RMSE;MAPE;POCID;PBE;MASE;P1;P2;P3;P4;P5;P6;P7;P8;P9;P10;P11;P12
normal;MT;oleodiesel;rf;{};12;12;33125.81368711102;4.208999315533087;63.63636363636363;235.74698355296664;1.0093318853682864;9650.33220735064;-25740.1345600341;-28522.680567742078;-5893.076005354042;-2398.3367358710393;-4164.322894076826;1268.456016513701;8689.050830552316;-10514.979753911648;-31392.094997650645;-29010.395549550405;13244.284920545613
deseasonal;MT;oleodiesel;rf;{};12;12;24231.049721665182;0.7062447901821468;63.63636363636363;66.57326425688409;0.8144195502738415;6180.447841761679;-2388.3916909122154;7623.193349645386;19429.52093263529;33424.48194050631;18731.04714984767;4105.260025992318;8370.663426684574;-8789.176617976427;-7930.364203364245;-2348.129725370739;9864.439984227245
log;MT;oleodiesel;rf;{};12;12;32854.43699482096;0.8384096780880695;72.72727272727273;556.5381734744365;1.086417839879887;-2679.54275998519;-45613.780403948294;-39039.03522900757;6317.868526803433;30357.753654057356;19529.914810192604;23598.32907392919;-7183.141357222144;-42744.75797228853;-61692.78847115712;-9711.988289572488;9395.241923591971
