DATA;UF;PRODUCT;MODEL;PARAMS;WINDOW;HORIZON;RMSE;MAPE;POCID;PBE;MASE;P1;P2;P3;P4;P5;P6;P7;P8;P9;P10;P11;P12
normal;RJ;oleodiesel;rf;{};12;12;16064.440539448584;0.6705435674706838;54.54545454545455;-15.05019101010849;1.2427901696395711;23925.27224291151;18112.069623300205;20925.041943968637;22769.164884684255;20833.397906465303;25021.25444627251;24856.53560157704;26800.11520237299;22907.39733357946;28867.882749524288;29164.398815783436;24081.409614015967
deseasonal;RJ;oleodiesel;rf;{};12;12;11247.04759724137;1.6993191818745466;36.36363636363637;-17.56262515105376;1.0588414672729944;18778.107394617546;19822.66643870124;19859.712214869196;19961.12356108102;19852.416366150715;18587.63328779987;19180.400024513296;20959.066444045955;23614.220123238985;26749.547017390592;29711.157856620783;27813.970677138062
log;RJ;oleodiesel;rf;{};12;12;12774.685339982409;0.8038143785345243;54.54545454545455;-18.785071062457202;1.1118056973570478;23842.07368105105;14297.582786756233;18784.97857924342;22973.18015084033;20214.940494150833;26225.499880845695;26313.715206027082;28615.937159427573;24049.239863597264;31889.966834944513;31100.133425296;22682.851213290953
