DATA;UF;PRODUCT;MODEL;PARAMS;WINDOW;HORIZON;RMSE;MAPE;POCID;PBE;MASE;P1;P2;P3;P4;P5;P6;P7;P8;P9;P10;P11;P12
normal;SE;oleodiesel;rf;{};12;12;6999.569860891893;4.914777568316502;45.45454545454545;499.132674607764;3.121729071161334;4707.016317431775;4157.432966197453;3556.268610133065;4289.939520446813;4046.505746106516;4177.451397702191;4632.188761814634;6450.302711143098;6891.735566853253;7377.297726436733;7031.7155816170225;5952.191064272575
deseasonal;SE;oleodiesel;rf;{};12;12;6875.975844461729;7.409786399620015;54.54545454545455;1077.7441076254372;3.2772300938758643;6078.726491745498;5047.5960764541405;4884.99265737747;4393.629355513111;3934.340595175362;4801.006545611928;5746.801365626899;6490.979141447148;7443.388276012107;7607.159164783899;6574.2349090173475;6285.399329458588
log;SE;oleodiesel;rf;{};12;12;6842.5452653816055;11.76947739730853;54.54545454545455;627.9938518426444;3.958536097432895;4663.5504397771765;4302.865964984909;2382.800029753596;3749.8376844333307;5059.451982702698;5093.385886055625;5234.1883660910635;6391.022173864964;6937.412954759509;7403.265066214784;7095.868022974233;6311.8804527045495
