train_range;test_range;UF;PRODUCT;MODEL;PARAMS;WINDOW;HORIZON;RMSE;MAPE;POCID;PBE;MCPM;MASE;P1;P2;P3;P4;P5;P6;P7;P8;P9;P10;P11;P12;error_series;Test Statistic;p-value;Lags Used;Observations Used;Critical Value (1%);Critical Value (5%);Critical Value (10%);Stationary
1990-01_2023-02;2023-03_2024-02;PB;gasolinac;ARIMA;{'p': 6, 'd': 1, 'q': 2, 'P': 1, 'D': 1, 'Q': 6, 's': 12};12;12;3573.6033086725365;0.0420083298915406;81.81818181818181;3.8067134914622547;28200.164606378;0.5405205676651879;60940.37649480067;58780.599052560494;59620.48259072782;60762.319056168584;59816.09203519071;60245.18245584517;60612.134170865655;61728.352241522385;58251.73450062858;68392.01662137068;62755.00114862945;54844.206034226016;[1941.3135051993304, 9.145947439508745, 8761.557409272173, 4619.330943831417, 3696.017964809289, 4398.347544154829, 520.4338291343447, 855.877758477618, 2961.7954993714156, -1953.7666213706834, 1936.378851370544, 1013.6129657739875];-4.360283825868462;0.0003487398085157239;13;383;-3.44753973676872;-2.8691160516676844;-2.57080585953957;True
