DATA;MCPM;UF;PRODUCT;MODEL;PARAMS;WINDOW;HORIZON;RMSE;MAPE;POCID;PBE;R2;P1;P2;P3;P4;P5;P6;P7;P8;P9;P10;P11;P12;Test Statistic;p-value;Lags Used;Observations Used;Critical Value (1%);Critical Value (5%);Critical Value (10%);Stationary
normal;0.0;MT;queroseneiluminante;SARIMA;{'p': 2, 'd': 1, 'q': 2, 's': 12};12;12;0.0;0.0;0.0;;-;0.0;0.0;0.0;0.0;0.0;0.0;0.0;0.0;0.0;0.0;0.0;0.0;-;-;-;-;-;-;-;-
deseasonal;0.0;MT;queroseneiluminante;SARIMA;{'p': 2, 'd': 1, 'q': 2, 's': 12};12;12;0.0;0.0;0.0;;-;0.0;0.0;0.0;0.0;0.0;0.0;0.0;0.0;0.0;0.0;0.0;0.0;-;-;-;-;-;-;-;-
deseasonal-log;346.41016151377556;MT;queroseneiluminante;SARIMA;{'p': 2, 'd': 1, 'q': 2, 's': 12};12;12;1.7763568394002505e-15;8.0;0.0;-inf;-;1.7763568394002505e-15;1.7763568394002505e-15;1.7763568394002505e-15;1.7763568394002505e-15;1.7763568394002505e-15;1.7763568394002505e-15;1.7763568394002505e-15;1.7763568394002505e-15;1.7763568394002505e-15;1.7763568394002505e-15;1.7763568394002505e-15;1.7763568394002505e-15;-6.594531876238991;6.979018194757176e-09;2;394;-3.4470566389664703;-2.8689037160476016;-2.570692663557422;True
deseasonal-diff;0.0;MT;queroseneiluminante;SARIMA;{'p': 5, 'd': 1, 'q': 1, 's': 12};12;12;0.0;0.0;0.0;;-;0.0;0.0;0.0;0.0;0.0;0.0;0.0;0.0;0.0;0.0;0.0;0.0;-;-;-;-;-;-;-;-
diff;0.0;MT;queroseneiluminante;SARIMA;{'p': 5, 'd': 1, 'q': 1, 's': 12};12;12;0.0;0.0;0.0;;-;0.0;0.0;0.0;0.0;0.0;0.0;0.0;0.0;0.0;0.0;0.0;0.0;-;-;-;-;-;-;-;-
log;346.41016151377556;MT;queroseneiluminante;SARIMA;{'p': 2, 'd': 1, 'q': 2, 's': 12};12;12;1.7763568394002505e-15;8.0;0.0;-inf;-;1.7763568394002505e-15;1.7763568394002505e-15;1.7763568394002505e-15;1.7763568394002505e-15;1.7763568394002505e-15;1.7763568394002505e-15;1.7763568394002505e-15;1.7763568394002505e-15;1.7763568394002505e-15;1.7763568394002505e-15;1.7763568394002505e-15;1.7763568394002505e-15;-6.594531876238991;6.979018194757176e-09;2;394;-3.4470566389664703;-2.8689037160476016;-2.570692663557422;True
log-diff;346.41016151377556;MT;queroseneiluminante;SARIMA;{'p': 2, 'd': 1, 'q': 1, 's': 12};12;12;1.7763568394002505e-15;8.0;0.0;-inf;-;1.7763568394002505e-15;1.7763568394002505e-15;1.7763568394002505e-15;1.7763568394002505e-15;1.7763568394002505e-15;1.7763568394002505e-15;1.7763568394002505e-15;1.7763568394002505e-15;1.7763568394002505e-15;1.7763568394002505e-15;1.7763568394002505e-15;1.7763568394002505e-15;-;-;-;-;-;-;-;-
