DATA;MCPM;UF;PRODUCT;MODEL;PARAMS;WINDOW;HORIZON;RMSE;MAPE;POCID;PBE;P1;P2;P3;P4;P5;P6;P7;P8;P9;P10;P11;P12
combination;78016.76883217224;PI;gasolinac;combination-mean;ARIMA-SARIMA-VARMA-RF;12;12;5390.725913884692;0.08870591712805519;66.66666666666667;9.083608262487036;47351.11996488921;45589.83138194767;45571.393826724605;44031.73777983734;46925.67726569879;47547.397577570424;48581.13697651706;48891.92306639797;48485.2547455197;51643.82247836616;50038.21514545966;47151.26210401651
