DATA;MCPM;UF;PRODUCT;MODEL;PARAMS;WINDOW;HORIZON;RMSE;MAPE;POCID;PBE;P1;P2;P3;P4;P5;P6;P7;P8;P9;P10;P11;P12
combination;8470.484659729875;AC;gasolinac;combination-mean;ARIMA-SARIMA-VARMA-RF;12;12;586.0972485544352;0.04063642120371521;66.66666666666667;0.40899856444714744;12304.737992657663;12281.254164504877;12476.22743395085;12483.26291194282;13342.777440223821;13520.646779370938;13533.084899983896;13384.407704932726;13077.347188955377;13381.566018502315;12329.10699560453;11949.324209619488
