DATA;MCPM;UF;PRODUCT;MODEL;PARAMS;WINDOW;HORIZON;RMSE;MAPE;POCID;PBE;P1;P2;P3;P4;P5;P6;P7;P8;P9;P10;P11;P12
combination;226274.7354652197;SC;gasolinac;combination-mean;ARIMA-SARIMA-VARMA-RF;12;12;12530.337139938949;0.036727390711708434;58.333333333333336;2.6116757820813294;256773.3602212232;250120.9714914862;244332.3457980114;237663.87741131676;243145.85180182115;245794.3310620311;246248.09540859892;246728.7304420308;250594.97918301402;275386.12422808405;262990.51299688185;259596.2774296485
