DATA;MCPM;UF;PRODUCT;MODEL;PARAMS;WINDOW;HORIZON;RMSE;MAPE;POCID;PBE;P1;P2;P3;P4;P5;P6;P7;P8;P9;P10;P11;P12
combination;4958.085683232433;AC;etanolhidratado;ARIMA-MEAN;;12;12;450.363859525753;0.40203293444465277;75.0;44.07562533445917;475.4614406589362;448.40108895167884;465.4484249004283;472.12231617228787;506.12390155381127;528.5778518967514;549.2846313412512;550.2786672328334;516.9024653683291;544.6801643775615;482.82647219514865;443.41310864741905
