DATA;MCPM;UF;PRODUCT;MODEL;PARAMS;WINDOW;HORIZON;RMSE;MAPE;POCID;PBE;P1;P2;P3;P4;P5;P6;P7;P8;P9;P10;P11;P12
combination;3776.9241876508145;PI;etanolhidratado;ARIMA-MEAN;;12;12;521.0445862579429;0.07133261198277119;83.33333333333333;5.229095906640575;4475.534877995071;4127.048059598739;4489.637137126239;4383.8861284337945;4530.192301342613;4626.846312702087;5274.828718719152;5970.432653680495;5745.679252005794;6185.088822140583;5818.08721229771;5322.844844424062
