DATA;MCPM;UF;PRODUCT;MODEL;PARAMS;WINDOW;HORIZON;RMSE;MAPE;POCID;PBE;P1;P2;P3;P4;P5;P6;P7;P8;P9;P10;P11;P12
combination;378.674396190298;AP;etanolhidratado;ARIMA-MEAN;;12;12;25.590273723613326;0.364912048943738;66.66666666666667;42.340317430504186;22.747214278574862;12.793197677391438;25.17921135244341;17.113432299578736;33.14577693586839;35.550183121459305;36.745776237263044;32.08304508332026;27.302776800019686;30.221892342865097;23.801460230393626;17.13346879990864
