DATA;MCPM;UF;PRODUCT;MODEL;PARAMS;WINDOW;HORIZON;RMSE;MAPE;POCID;PBE;P1;P2;P3;P4;P5;P6;P7;P8;P9;P10;P11;P12
combination;60296.08504589196;PE;etanolhidratado;ARIMA-MEAN;;12;12;5531.918584666431;0.17093630186798758;75.0;19.186122638230717;16439.614341373297;16029.139664790502;15866.670742197644;15943.828961529374;14955.991511192995;15100.15436359276;15176.473840114253;16829.395580297238;16407.4134929355;19940.99757515642;17321.783649778183;15482.286982562306
