DATA;MCPM;UF;PRODUCT;MODEL;PARAMS;WINDOW;HORIZON;RMSE;MAPE;POCID;PBE;P1;P2;P3;P4;P5;P6;P7;P8;P9;P10;P11;P12
combination;277392.0067177706;RJ;etanolhidratado;ARIMA-MEAN;;12;12;25366.850781156434;0.2535510122833638;75.0;29.596493775943383;46961.364629958945;45460.39900934042;44512.12243701417;44871.82169029837;46515.16584812415;46831.83937903261;46860.01678627651;49012.83733255409;46622.75184418913;50994.539360321236;46999.551973873844;44987.143947613215
