DATA;MCPM;UF;PRODUCT;MODEL;PARAMS;WINDOW;HORIZON;RMSE;MAPE;POCID;PBE;P1;P2;P3;P4;P5;P6;P7;P8;P9;P10;P11;P12
combination;14442.75158911836;RN;etanolhidratado;ARIMA-MEAN;;12;12;797.763443562616;0.13576185569364863;58.333333333333336;-2.168503233842915;5088.429788955642;4878.698538478966;4671.7139102393585;4657.627028870507;4596.27612526197;4545.1403866598575;4596.113379228582;5014.310080740191;4874.693634100614;5875.6684344432515;5375.266122837485;4894.79293168018
