DATA;MCPM;UF;PRODUCT;MODEL;PARAMS;WINDOW;HORIZON;RMSE;MAPE;POCID;PBE;P1;P2;P3;P4;P5;P6;P7;P8;P9;P10;P11;P12
combination;126575.25819051836;MS;etanolhidratado;ARIMA-MEAN;;12;12;11527.225363974982;0.35771492734904253;75.0;44.750883848915095;11133.289983285738;11003.223177615333;10619.945437575443;10353.62618011934;10773.25425415039;10554.09479275593;10862.63860896204;11451.56915090433;10745.7854490286;12414.20919716497;10634.427729682167;9997.337742900101
