DATA;MCPM;UF;PRODUCT;MODEL;PARAMS;WINDOW;HORIZON;RMSE;MAPE;POCID;PBE;MASE;P1;P2;P3;P4;P5;P6;P7;P8;P9;P10;P11;P12
normal;175706.53007766636;PE;oleodiesel;sarima_noresid;{'p': 3, 'd': 0, 'q': 1, 'P': 1, 'D': 0, 'Q': 3, 's': 12};12;12;14823.170942938206;0.10158291190450268;72.72727272727273;7.727424564396179;2.558913391109098;116660.39390860361;100012.76391035908;106691.403370377;114735.28035721646;121226.27633448868;135302.70310553524;138296.76391844047;146831.36614635985;127266.83971432631;121046.49195416154;114137.16466285859;100844.28258043567
log;164766.74869228082;PE;oleodiesel;sarima_noresid;{'p': 6, 'd': 0, 'q': 3, 'P': 3, 'D': 0, 'Q': 3, 's': 12};12;12;13903.958287712112;0.09429492988735345;72.72727272727273;6.946999121272876;2.379704669741714;117422.61914867704;101619.00225191462;108266.19470414895;116352.25175339096;122330.99335489547;135715.28996597888;138536.36653345326;147152.3772538923;128144.83335614846;122181.57233204553;115284.42387457307;102250.88674330374
deseasonal;140422.2274580746;PE;oleodiesel;sarima_noresid;{'p': 6, 'd': 0, 'q': 6, 'P': 6, 'D': 0, 'Q': 1, 's': 12};12;12;11857.443978907857;0.07626664787369562;72.72727272727273;5.446487688129804;1.934724878678303;117408.03491669297;104471.43345605498;111326.4687498977;118768.34370721885;124549.88224506233;135959.91280124104;138528.28660197166;145132.9689966675;130327.35325660407;125760.82725832946;119252.90848182766;107236.90410889288
