DATA;MCPM;UF;PRODUCT;MODEL;PARAMS;WINDOW;HORIZON;RMSE;MAPE;POCID;PBE;P1;P2;P3;P4;P5;P6;P7;P8;P9;P10;P11;P12
arima-trend-seasonal;201082.06769482576;MT;etanolhidratado;HYBRID;{'p': 9, 'd': 0, 'q': 12};12;12;13881.766875250996;0.11883357777547197;66.66666666666667;12.028049219876108;73587.43279498602;71126.85532637002;73510.07870051783;69835.89181753925;74219.60498420664;77377.7997577051;74623.06314842269;73486.47193026595;68557.51372655132;75257.20900035182;67269.6728997776;70052.04915468801
