DATA;MCPM;UF;PRODUCT;MODEL;PARAMS;WINDOW;HORIZON;RMSE;MAPE;POCID;PBE;P1;P2;P3;P4;P5;P6;P7;P8;P9;P10;P11;P12
arima-trend-seasonal;98286.12059001462;RS;etanolhidratado;HYBRID;{'p': 14, 'd': 0, 'q': 14};12;12;3385.6568632579824;0.3683360378717045;33.333333333333336;45.26643511924218;2947.606221184736;1947.9713269244553;2890.5884330871672;3331.2426514526865;3760.49162153613;3409.645489771787;3149.984852934703;2697.463465755004;2803.1065117485136;3489.361563034171;3362.9550246815725;3478.161409287943
