DATA;MCPM;UF;PRODUCT;MODEL;PARAMS;WINDOW;HORIZON;RMSE;MAPE;POCID;PBE;P1;P2;P3;P4;P5;P6;P7;P8;P9;P10;P11;P12
arima-trend-seasonal;17876.489775101854;AL;etanolhidratado;HYBRID;{'p': 14, 'd': 0, 'q': 11};12;12;823.5184251395086;0.12371058834837602;50.0;1.9454786781235827;6945.92564447602;5794.713571343972;6199.464729606432;4979.344900420749;4775.343507796357;5375.480493353163;4938.761184162377;5323.400033639748;5619.162034894832;6427.775069666278;5838.525766560793;5729.300330177413
