DATA;MCPM;UF;PRODUCT;MODEL;PARAMS;WINDOW;HORIZON;RMSE;MAPE;POCID;PBE;P1;P2;P3;P4;P5;P6;P7;P8;P9;P10;P11;P12
arima-trend-seasonal;441939.8112967748;RJ;etanolhidratado;HYBRID;{'p': 6, 'd': 1, 'q': 11};12;12;24348.420010740687;0.25005141245938917;58.333333333333336;28.59605145194171;45183.42549274864;40579.63730419722;43494.59269453988;38779.439420202245;47867.30087225358;51497.603322255905;51770.3554354904;55874.56059668356;50185.26215123993;49139.00621362846;44172.27587164344;50052.708520162756
