train_range;test_range;UF;PRODUCT;MODEL;PARAMS;WINDOW;HORIZON;RMSE;MAPE;POCID;PBE;MCPM;MASE;P1;P2;P3;P4;P5;P6;P7;P8;P9;P10;P11;P12;Test Statistic;p-value;Lags Used;Observations Used;Critical Value (1%);Critical Value (5%);Critical Value (10%);Stationary
1990-01_2023-02;2023-03_2024-02;SE;gasolinac;ARIMA;(22, 2, 20);12;12;3602.2752877626267;0.08518149914761584;54.54545454545455;-6.754227505015489;71035.95237486158;1.0144596300168143;32296.17983761866;32881.53482157132;34758.847605573304;35243.168007864835;38048.74874380867;40613.11311122756;40830.49357511234;39513.46506275998;38020.523331057455;41631.730557045696;38385.779534327434;37014.07096642972;-3.9838813626781184;0.0014973051799139583;12;384;-3.4474946672686824;-2.8690962436986855;-2.570795299750434;True
1990-01_2022-02;2022-03_2023-02;SE;gasolinac;ARIMA;(22, 2, 20);12;12;2370.5192173660057;0.05779321872461224;81.81818181818181;0.927981419466522;18722.77646495238;inf;31838.29421585352;28756.883851564493;31070.625645627344;32847.06155996699;33118.22811480175;33502.30730446805;33681.02076700547;32919.969863665065;32608.44581188787;35159.83405469194;29629.081038607634;32391.353241201352;-3.916008764963303;0.0019201398041382438;12;372;-3.4480516066132636;-2.869340997473759;-2.5709257824604;True
