DATA;MCPM;UF;PRODUCT;MODEL;PARAMS;WINDOW;HORIZON;RMSE;MAPE;POCID;PBE;MASE;P1;P2;P3;P4;P5;P6;P7;P8;P9;P10;P11;P12
normal;3644507.4883374306;SP;etanolhidratado;sarima_noresid;{'p': 2, 'd': 0, 'q': 1, 'P': 5, 'D': 0, 'Q': 2, 's': 12};12;12;153852.31819578572;0.16038848674047454;45.45454545454545;16.63343358059422;1.371287995666653;667156.8486385398;599228.7065623463;583825.5250956703;542705.2299570836;623017.4307130913;608265.6884904004;639720.0398455351;628386.201716802;548034.3865574958;644327.82133525;505235.61151361605;556666.9311893155
log;3360187.930020752;SP;etanolhidratado;sarima_noresid;{'p': 5, 'd': 0, 'q': 5, 'P': 5, 'D': 0, 'Q': 4, 's': 12};12;12;141881.1900729692;0.14828978510933258;45.45454545454545;15.082456010775067;1.2664871088949772;662038.3873337964;600992.5136629071;592025.1557551115;551494.7206504926;633408.4852945931;619401.1336060329;652255.4046397879;643101.463181404;565591.9387072243;661194.960523968;524419.2006559114;573604.0798386476
deseasonal;2952802.8343403945;SP;etanolhidratado;sarima_noresid;{'p': 4, 'd': 0, 'q': 3, 'P': 6, 'D': 0, 'Q': 1, 's': 12};12;12;124716.90174135235;0.13196889567657805;45.45454545454545;13.00339429500091;1.1241977295939405;658862.4976197563;603049.240103377;596969.1196854291;566095.0431247186;646371.3227390344;630654.0614744304;662536.927217312;656829.7109661117;590346.8655435373;683959.9994088041;555534.2867573138;606545.2244209847
