DATA;MCPM;UF;PRODUCT;MODEL;PARAMS;WINDOW;HORIZON;RMSE;MAPE;POCID;PBE;MASE;P1;P2;P3;P4;P5;P6;P7;P8;P9;P10;P11;P12
normal;1004071.5982723612;GO;etanolhidratado;sarima_noresid;{'p': 1, 'd': 0, 'q': 5, 'P': 6, 'D': 0, 'Q': 5, 's': 12};12;12;36317.448861531375;0.2114738482305831;36.36363636363637;21.546295598646694;1.0181862501359775;102084.78971071607;105364.64903458043;105268.72058724434;100765.02697068355;97647.5603132035;92945.7169104944;97153.90374690051;96991.97266400295;87356.32537926827;97810.33835069998;75717.65730644135;80785.61022318309
log;1025805.399823265;GO;etanolhidratado;sarima_noresid;{'p': 3, 'd': 1, 'q': 6, 'P': 6, 'D': 0, 'Q': 2, 's': 12};12;12;37101.513169182595;0.21500549583530024;36.36363636363637;22.383912459444083;1.0375792172797402;101556.33295060588;104335.78728459308;104303.40071100605;99912.61504686814;96772.00733295832;92343.45306783613;95562.76506441769;95051.56832146182;86828.57004343571;95117.825506858;76044.99518765513;79892.80532924863
deseasonal;569800.7981652401;GO;etanolhidratado;sarima_noresid;{'p': 4, 'd': 1, 'q': 4, 'P': 4, 'D': 0, 'Q': 2, 's': 12};12;12;28840.459200487512;0.17200816999720278;54.54545454545455;15.504444398171554;0.8196939554584884;103200.71596975361;107096.7588818557;108477.47684989993;105270.78089771667;104061.03973907768;101169.16952603872;105591.44708972219;107165.50856456094;97894.74498738877;110308.933221224;86112.36415919109;91328.34464718113
