DATA;MCPM;UF;PRODUCT;MODEL;PARAMS;WINDOW;HORIZON;RMSE;MAPE;POCID;PBE;P1;P2;P3;P4;P5;P6;P7;P8;P9;P10;P11;P12
combination;6664.435639859559;MS;glp;combination-median;ARIMA-SARIMA-VARMA-RF;12;12;461.36483871843893;0.024311562236483567;66.66666666666667;-0.10309213325130126;14973.26837176882;14526.132290117552;15226.821926517734;15504.251056148627;15773.432137677855;15932.678312406264;14719.286989172973;14762.534990466504;14614.304626135754;14721.648106957193;13900.80616116596;13864.06883322381
