DATA;MCPM;UF;PRODUCT;MODEL;PARAMS;WINDOW;HORIZON;RMSE;MAPE;POCID;PBE;P1;P2;P3;P4;P5;P6;P7;P8;P9;P10;P11;P12
combination;44065.09278304668;PR;glp;combination-median;ARIMA-SARIMA-VARMA-RF;12;12;3050.241848458003;0.028941872157008604;66.66666666666667;2.5772989722185367;81068.75789885683;79606.89325163764;86469.35049059507;88929.97576164849;89216.99190136639;90841.67487809598;84624.0500183535;84427.64565949394;82068.12213803866;79361.20675227564;75816.70295305632;75204.20987582381
