DATA;MCPM;UF;PRODUCT;MODEL;PARAMS;WINDOW;HORIZON;RMSE;MAPE;POCID;PBE;P1;P2;P3;P4;P5;P6;P7;P8;P9;P10;P11;P12
combination;3398.055301460421;RN;glp;combination-median;ARIMA-SARIMA-VARMA-RF;12;12;470.2069184571192;0.02195764592485723;83.33333333333333;1.0098982114250377;17154.302992310688;16564.405227493706;17217.419646255046;17180.096646162216;17723.781991442447;17962.439029553156;17295.374848765536;17264.494479963803;16791.82489908335;17403.403757381373;16792.10690761721;15988.467688338886
