DATA;MCPM;UF;PRODUCT;MODEL;PARAMS;WINDOW;HORIZON;RMSE;MAPE;POCID;PBE;P1;P2;P3;P4;P5;P6;P7;P8;P9;P10;P11;P12
combination;10951.27643062245;PB;glp;combination-median;ARIMA-SARIMA-VARMA-RF;12;12;1009.9769967355845;0.040063366143085595;75.0;4.062547620199328;20792.96231460254;19878.242734172836;20756.308529641814;21024.250283227717;21644.501912476506;21638.79765040428;21084.21734353167;20797.577071123582;20008.08794541779;20567.403705569857;19801.933845225914;18940.34887367962
