DATA;UF;PRODUCT;MODEL;PARAMS;WINDOW;HORIZON;RMSE;MAPE;POCID;PBE;MASE;P1;P2;P3;P4;P5;P6;P7;P8;P9;P10;P11;P12
median;PA;oleodiesel;knn_rf_deepar_svr_catboost_arima;{};12;12;13792.232584070398;0.06157790077347105;63.63636363636363;5.519345507935939;0.27011611245675576;170334.26937862858;171388.03879870923;176701.57661969363;183856.3445924638;187044.9661284738;194662.77663880232;195358.00297911325;198755.40811393326;193085.4812778777;188154.63593874796;178524.99563972457;170444.95351753122
mean;PA;oleodiesel;knn_rf_deepar_svr_catboost_arima;{};12;12;14298.318644256588;0.06198584939610333;63.63636363636363;5.632934860748037;0.2717933267571332;165252.71532384498;171113.69697225463;175835.1458418317;182181.08518911098;187416.52805276768;195096.09621224683;197205.55018320653;197863.18772520492;194583.17723570942;188149.00743817395;180027.25478108716;170933.06255636638
softdtw_barycenter;PA;oleodiesel;knn_rf_deepar_svr_catboost_arima;{};12;12;12992.333083411328;0.05715314327585085;72.72727272727273;4.901371556210254;0.2497969156368665;165054.36930856507;175876.23023462354;176959.74559828875;188240.96044200216;193487.8387294849;194257.4315438907;191993.6497459817;202565.85603998537;195307.98415335797;189601.2243697335;178850.67584346162;170559.487632942
DBA_subgradient;PA;oleodiesel;knn_rf_deepar_svr_catboost_arima;{};12;12;14369.430420881086;0.06285370383191159;63.63636363636363;5.443391257169416;0.27474796985356825;164693.28479203043;174523.3220731274;177538.05946460488;178898.6943166692;188964.85163258648;193989.45248322294;194626.38185178858;202727.4054492898;195335.3568112922;189463.48062392225;178722.8921176427;170603.5588595708
DBA;PA;oleodiesel;knn_rf_deepar_svr_catboost_arima;{};12;12;12880.248326380588;0.056448719642191884;63.63636363636363;4.856149280824376;0.24657570114211239;164805.86537208216;175396.88099738737;176673.86600554787;188280.59051976242;194433.7034052938;194393.8994941957;193017.228163049;202547.852213875;195368.25714190258;189540.94559516094;178791.15708974673;170562.19512021082
EBA_twe;PA;oleodiesel;knn_rf_deepar_svr_catboost_arima;{};12;12;13606.455966582786;0.059094109967549595;54.54545454545455;4.953147245928333;0.2580711739272105;165132.75040318505;173882.9579341549;177835.83523779828;183047.84196362397;188407.48214034378;197497.93507514428;198968.85307271045;198758.04279722043;196382.49112873344;190366.75238589486;180392.77203700546;170871.5779892002
