DATA;UF;PRODUCT;MODEL;PARAMS;WINDOW;HORIZON;RMSE;MAPE;POCID;PBE;MASE;P1;P2;P3;P4;P5;P6;P7;P8;P9;P10;P11;P12
median;RR;oleodiesel;knn_rf_deepar_svr_catboost_arima;{};12;12;7617.076069267701;0.29588773381229505;63.63636363636363;33.664410957384675;0.5912616553331415;11392.9970916303;10540.031050497182;9973.610838345234;8688.564661065127;8263.165454071124;9361.235790803787;9995.6236261313;10538.665017877218;10825.362872683429;11696.832923105105;10949.015382053403;11195.056077312542
mean;RR;oleodiesel;knn_rf_deepar_svr_catboost_arima;{};12;12;7477.746327217656;0.2879592122852144;63.63636363636363;33.180381765893344;0.5770920390886918;11555.902233388071;10324.87202140636;9802.604402846615;8556.386752160322;8283.583219895074;9303.171617140728;10141.625589228266;10669.392673827762;11261.260819457411;11772.145863650767;11180.25038308592;11469.521931769077
softdtw_barycenter;RR;oleodiesel;knn_rf_deepar_svr_catboost_arima;{};12;12;7512.544000860702;0.2756479844794774;63.63636363636363;33.52334745900015;0.5675272363653859;11423.727524504711;9827.124579615318;9721.478613895797;9381.453472555982;7805.508418258031;9223.049103932426;10239.226010887633;10544.020142684796;10564.507666226182;12281.664989108162;10969.471471722687;11701.383379576164
DBA_subgradient;RR;oleodiesel;knn_rf_deepar_svr_catboost_arima;{};12;12;7492.2776181707995;0.27590625319178924;63.63636363636363;33.34513178369763;0.5662093381816459;11597.179907943522;10149.564824530764;9668.507908448331;8852.026988874213;7812.991631403456;9313.214996841085;10219.593134661747;10491.848229187635;10893.706323818573;12354.478409201738;11176.44593774984;11484.634859562353
DBA;RR;oleodiesel;knn_rf_deepar_svr_catboost_arima;{};12;12;7529.441957004904;0.2820563663438031;63.63636363636363;34.07716648356478;0.5741090788536302;11509.744098284433;10068.617672380486;9397.976502612633;8195.788596211865;7938.424347325091;9275.625120224508;10236.751372584067;10484.159814747802;10569.415207427106;12293.110928022284;10979.90738163206;11702.690681764785
EBA_twe;RR;oleodiesel;knn_rf_deepar_svr_catboost_arima;{};12;12;7584.984264633977;0.29072095754895855;54.54545454545455;33.94239154666747;0.582275841394175;11204.068894912722;10232.50010051885;9186.029140367105;8232.05778278486;8582.189129739369;8946.067332533601;9196.787920745657;10640.18944162395;11917.607969895362;12091.847740212217;11204.098791670887;11469.521931769075
