DATA;UF;PRODUCT;MODEL;PARAMS;WINDOW;HORIZON;RMSE;MAPE;POCID;PBE;MASE;P1;P2;P3;P4;P5;P6;P7;P8;P9;P10;P11;P12
median;AM;oleodiesel;knn_rf_deepar_svr_catboost_arima;{};12;12;11755.465297019518;0.12145849000415963;54.54545454545455;1.6959147873679958;0.9387925650714393;83245.66490686793;80653.02084123823;77466.68921090086;76811.53670336597;85006.56158619374;89556.38796019243;95421.95508060124;101322.43041160857;100268.63270045794;102812.53070766544;96367.77764266043;90600.26088735201
mean;AM;oleodiesel;knn_rf_deepar_svr_catboost_arima;{};12;12;11565.902544128878;0.11797273624498796;45.45454545454545;1.7135757589743787;0.904381016067133;81157.42275514187;80452.31955574229;82133.14045555583;81211.48561185328;85949.65348387648;91043.7612409135;95611.5588802587;100095.62305312186;99195.8066565249;100405.11148536258;93640.40927104598;88443.21094782549
softdtw_barycenter;AM;oleodiesel;knn_rf_deepar_svr_catboost_arima;{};12;12;13904.392424222084;0.13977258266704756;54.54545454545455;2.5370935482705854;1.0858747131462871;81824.41173199198;75089.21330521278;85716.77881842242;87352.97834964657;87836.7124880192;88835.13971179443;87755.55817075615;91959.24578137521;95854.58621456656;106439.13998446205;95383.99151021277;86248.22694021485
DBA_subgradient;AM;oleodiesel;knn_rf_deepar_svr_catboost_arima;{};12;12;11663.976046242142;0.11309010961412523;54.54545454545455;0.06311169816716276;0.8475834242237383;76240.34620365399;85564.79350322492;87649.47821517002;87592.66531882144;88531.11092946125;89967.40614467087;97099.28035383705;107801.02845542833;98974.25012629683;99263.73559970624;94665.40947838119;84114.68997601588
DBA;AM;oleodiesel;knn_rf_deepar_svr_catboost_arima;{};12;12;14130.723088137416;0.1405352124549976;36.36363636363637;2.4118739956909394;1.0923533663150038;81855.68425581396;75055.80495827706;85716.41816242252;88267.78980763486;88267.78980763486;88267.78980763486;88263.14034572178;89623.00738404827;98068.87753722284;106885.58541251365;95171.79860389132;86227.40453145186
EBA_twe;AM;oleodiesel;knn_rf_deepar_svr_catboost_arima;{};12;12;11598.700458604719;0.11315020928278634;54.54545454545455;2.114600671676166;0.8834167769675771;81534.55295837484;74294.37951685404;75792.45271460254;79271.57952099848;86423.53885564746;90083.6183732999;98290.31125282704;103816.67317670416;104996.34739634639;100039.75586121039;92885.0818847555;87507.32769235865
