DATA;MCPM;UF;PRODUCT;MODEL;PARAMS;WINDOW;HORIZON;RMSE;MAPE;POCID;PBE;P1;P2;P3;P4;P5;P6;P7;P8;P9;P10;P11;P12
combination;292419.0058082307;RJ;gasolinac;combination-median;ARIMA-SARIMA-VARMA;12;12;16181.495660135946;0.06680454878951657;58.333333333333336;5.941200058999909;208340.0645021173;201054.4928958433;195003.03699163883;180605.54811900103;193517.7490955499;190250.53011245775;186859.7405160254;181293.2087048474;178826.93370157998;195420.85745231927;178575.4228681837;171714.5013373653
