DATA;MCPM;UF;PRODUCT;MODEL;PARAMS;WINDOW;HORIZON;RMSE;MAPE;POCID;PBE;P1;P2;P3;P4;P5;P6;P7;P8;P9;P10;P11;P12
combination;5941.769898722431;AP;gasolinac;combination-median;ARIMA-SARIMA-VARMA;12;12;821.4093811927333;0.037912369444005854;83.33333333333333;2.600269328987712;15404.720080455414;14975.933997730574;16127.032403826424;15690.919522914295;16526.065154025873;17500.67176834561;17035.749957870692;17381.581586779444;16546.513165705644;16862.374935626158;15423.772335120995;14955.229823693518
