DATA;UF;PRODUCT;MODEL;PARAMS;WINDOW;HORIZON;RMSE;MAPE;POCID;PBE;MASE;P1;P2;P3;P4;P5;P6;P7;P8;P9;P10;P11;P12
normal;RR;etanolhidratado;knn_rf_deepar_svr_catboost_arima;{};12;12;130.80721058702156;0.346035618279456;45.45454545454545;23.051482822609543;1.1037586673418363;100.68890292243529;146.18899185252556;160.4667353770763;219.98386987530796;260.404999236968;375.03513319686385;318.441619539959;314.57567611274504;258.9848726222583;228.37043971981012;184.99633970562434;165.4831160907189
deseasonal;RR;etanolhidratado;knn_rf_deepar_svr_catboost_arima;{};12;12;147.3613532713066;0.3146852422447827;36.36363636363637;31.032937166780183;1.076753010199231;161.54715798228904;145.2881517385455;190.46426516768557;225.6526653936843;231.56037658361709;270.5580326627613;278.63795608125326;289.05038141505474;266.34958140953216;215.27255859312584;99.33534834842631;76.36050123426556
log;RR;etanolhidratado;knn_rf_deepar_svr_catboost_arima;{};12;12;125.9631934713538;0.2981176769623192;45.45454545454545;27.573844282276543;0.9907547561683769;134.28231366748898;145.46308716639754;157.3649810558486;267.5797228475365;291.5819703595814;293.6667216798955;257.68037225071026;236.74913010627012;236.1421189485286;220.70906094285849;192.32858173900632;139.41429747783306
