DATA;UF;PRODUCT;MODEL;PARAMS;WINDOW;HORIZON;RMSE;MAPE;POCID;PBE;MASE;P1;P2;P3;P4;P5;P6;P7;P8;P9;P10;P11;P12
normal;PA;etanolhidratado;knn_rf_deepar_svr_catboost_arima;{};12;12;3244.961518089307;0.3912329242001171;36.36363636363637;46.31261042309237;1.0411906525463386;2053.1548789564263;1872.2863708786347;2229.4966374781757;2644.2260780611355;3029.54698959;3578.5631728385833;3755.666219739839;3557.693859368155;3035.087530095796;2603.4963038722813;2319.020630496354;1743.7713162171876
deseasonal;PA;etanolhidratado;knn_rf_deepar_svr_catboost_arima;{};12;12;3048.0485671740025;0.42608043562693493;27.272727272727273;35.913959721074406;1.0262329410473459;2071.4101100899315;1733.9072086124745;2052.6524407334664;2751.773423898958;4478.753632582156;5101.250020919094;4483.991000839088;4176.6780301548515;3924.5603682265214;3593.022738028752;2252.9567407875084;2080.8372827569738
log;PA;etanolhidratado;knn_rf_deepar_svr_catboost_arima;{};12;12;3147.9481038643185;0.43008139653088606;27.272727272727273;42.741248240192455;1.0793174563885832;1601.745640779286;1833.8061479952282;2463.516418063418;3729.130395531204;3892.205615549802;3810.2575847903454;3441.3262045119327;3144.862532341648;2884.819346218443;2928.4385330100104;2353.3260893852566;2495.3341014275998
