DATA;UF;PRODUCT;MODEL;PARAMS;WINDOW;HORIZON;RMSE;MAPE;POCID;PBE;MASE;P1;P2;P3;P4;P5;P6;P7;P8;P9;P10;P11;P12
normal;TO;etanolhidratado;knn_rf_deepar_svr_catboost_arima;{};12;12;1678.8621740565127;0.44201252211359665;36.36363636363637;24.17870700988199;1.1191172052071048;728.7145376237686;758.7270323282471;2746.1606773762173;3158.0784719319;3606.881974676581;3677.7094760101295;3251.9219098030608;2596.5493539166355;2260.656347421175;2217.453955603648;1742.1097194018294;1238.505781153989
deseasonal;TO;etanolhidratado;knn_rf_deepar_svr_catboost_arima;{};12;12;2096.591768663533;0.48404121606008177;27.272727272727273;30.363684126721218;1.3139262000691279;977.2748670417732;1171.650745001968;2033.101206752844;3187.1058509772197;4378.182497571592;3852.556428018757;3306.6447170634756;2549.112198754856;1473.546126632555;1422.6941958589177;1115.2595885289224;233.6427752640236
log;TO;etanolhidratado;knn_rf_deepar_svr_catboost_arima;{};12;12;1303.8385610035893;0.26756147651667245;45.45454545454545;21.095012870711834;0.764937156363746;1479.952811512922;1864.3042391004578;2285.332914472194;2556.7496123293495;3160.0536806141854;3271.6564577006666;3084.8976560991723;2775.078076124132;2251.4539453350076;2046.8384225649459;2212.4155664078;2132.83910642779
