dataset_index;horizon;regressor;mape;pocid;smape;rmse;msmape;mae;test;predictions;start_test;final_test;description;origin;react_iterations_used;react_stop_reason;seed_floor_smape;seed_floor_rmse;ablation_config
0;12;orchestrator_laya_laya_v0_ml8192;0.15895879480214722;45.45454545454545;0.18020267751742788;1450.2310537777817;0.18020111538100467;1049.9175537041667;[[5142.53, 5476.0, 5628.5, 8451.5, 7282.5, 6116.53, 5401.0, 6605.03, 5789.5, 4763.5, 5809.9, 5354.2]];[[4661.54790897, 4797.41431274, 4586.01715045, 4719.88227368, 4861.82990951, 4899.08990153, 5097.97299278, 5451.91018796, 5420.09443081, 5483.40104649, 5555.05400352, 5581.13266991]];2023-12-31 00:00:00;2024-11-30 00:00:00;"{""strategy"": {""combine"": ""best_single"", ""model"": ""ONLY_DWT_rf"", ""pool"": ""pool_full""}, ""origin"": ""agent"", ""loop"": {""final_attempt"": ""a10"", ""strategy"": {""combine"": ""best_single"", ""model"": ""ONLY_DWT_rf"", ""pool"": ""pool_full""}, ""iterations_used"": 4, ""stop_reason"": ""no new information in 3 consecutive turns"", ""trace"": [{""iteration"": 1, ""action"": ""best_ONLY_DWT_rf"", ""confidence"": 0.9917, ""probability_of_chosen"": 0.997, ""probabilities"": {""mean_pool_full"": 0.0, ""median_pool_full"": 0.0, ""trimmed_mean_pool_full"": 0.0001, ""mean_pool1"": 0.0, ""median_pool1"": 0.0, ""trimmed_mean_pool1"": 0.0, ""mean_pool2"": 0.0, ""median_pool2"": 0.0024, ""trimmed_mean_pool2"": 0.0001, ""mean_pool3"": 0.0, ""median_pool3"": 0.0001, ""trimmed_mean_pool3"": 0.0001, ""best_ONLY_DWT_rf"": 0.997, ""best_rf"": 0.0, ""best_ARIMA"": 0.0, ""accept"": 0.0}, ""input_tokens"": 1548, ""score"": 0.6782, ""rank"": 1, ""already_tested"": false}, {""iteration"": 2, ""action"": ""best_ONLY_DWT_rf"", ""confidence"": 0.9737, ""probability_of_chosen"": 0.9887, ""probabilities"": {""mean_pool_full"": 0.0, ""median_pool_full"": 0.0002, ""trimmed_mean_pool_full"": 0.0086, ""mean_pool4"": 0.0, ""median_pool4"": 0.0009, ""trimmed_mean_pool4"": 0.0001, ""mean_pool1"": 0.0, ""median_pool1"": 0.0002, ""trimmed_mean_pool1"": 0.0001, ""mean_pool2"": 0.0, ""median_pool2"": 0.0007, ""trimmed_mean_pool2"": 0.0003, ""best_ONLY_DWT_rf"": 0.9887, ""best_rf"": 0.0, ""best_ARIMA"": 0.0, ""accept"": 0.0001}, ""input_tokens"": 1545, ""score"": 0.6782, ""rank"": 1, ""already_tested"": true}, {""iteration"": 3, ""action"": ""best_ONLY_DWT_rf"", ""confidence"": 0.9737, ""probability_of_chosen"": 0.9887, ""probabilities"": {""mean_pool_full"": 0.0, ""median_pool_full"": 0.0002, ""trimmed_mean_pool_full"": 0.0086, ""mean_pool4"": 0.0, ""median_pool4"": 0.0009, ""trimmed_mean_pool4"": 0.0001, ""mean_pool1"": 0.0, ""median_pool1"": 0.0002, ""trimmed_mean_pool1"": 0.0001, ""mean_pool2"": 0.0, ""median_pool2"": 0.0007, ""trimmed_mean_pool2"": 0.0003, ""best_ONLY_DWT_rf"": 0.9887, ""best_rf"": 0.0, ""best_ARIMA"": 0.0, ""accept"": 0.0001}, ""input_tokens"": 1545, ""score"": 0.6782, ""rank"": 1, ""already_tested"": true}, {""iteration"": 4, ""action"": ""best_ONLY_DWT_rf"", ""confidence"": 0.9737, ""probability_of_chosen"": 0.9887, ""probabilities"": {""mean_pool_full"": 0.0, ""median_pool_full"": 0.0002, ""trimmed_mean_pool_full"": 0.0086, ""mean_pool4"": 0.0, ""median_pool4"": 0.0009, ""trimmed_mean_pool4"": 0.0001, ""mean_pool1"": 0.0, ""median_pool1"": 0.0002, ""trimmed_mean_pool1"": 0.0001, ""mean_pool2"": 0.0, ""median_pool2"": 0.0007, ""trimmed_mean_pool2"": 0.0003, ""best_ONLY_DWT_rf"": 0.9887, ""best_rf"": 0.0, ""best_ARIMA"": 0.0, ""accept"": 0.0001}, ""input_tokens"": 1545, ""score"": 0.6782, ""rank"": 1, ""already_tested"": true}]}, ""score"": 0.6782}";agent;4;no new information in 3 consecutive turns;0.36216157748784;2166.3688843729565;laya_multilingual_laya_v0_ml8192
1;12;orchestrator_laya_laya_v0_ml8192;0.10571644088790626;63.63636363636363;0.11321870295730357;2240.3311731112544;0.1132183768016895;1969.135188468333;[[17321.534, 18859.125, 15978.749, 17282.099, 17626.749, 17679.862, 16958.552, 20797.155, 19341.835, 18305.755, 19278.976, 17704.012]];[[16500.80860948333, 17321.510456856668, 15804.501911056666, 16054.435023726668, 15305.792555416667, 15792.318954956669, 15983.037743679999, 16923.495438376667, 16275.439256143334, 15922.091485079998, 15795.38263249, 15825.966671113334]];2023-12-31 00:00:00;2024-11-30 00:00:00;"{""strategy"": {""combine"": ""trimmed_mean"", ""pool"": ""pool1"", ""trim_pct"": 0.2}, ""origin"": ""baseline"", ""loop"": {""final_attempt"": ""a5"", ""strategy"": {""combine"": ""trimmed_mean"", ""pool"": ""pool1"", ""trim_pct"": 0.2}, ""iterations_used"": 4, ""stop_reason"": ""no new information in 3 consecutive turns"", ""trace"": [{""iteration"": 1, ""action"": ""trimmed_mean_pool_full"", ""confidence"": 0.1643, ""probability_of_chosen"": 0.2556, ""probabilities"": {""mean_pool_full"": 0.0085, ""median_pool_full"": 0.0428, ""trimmed_mean_pool_full"": 0.2556, ""mean_pool1"": 0.044, ""median_pool1"": 0.012, ""trimmed_mean_pool1"": 0.0215, ""mean_pool2"": 0.0316, ""median_pool2"": 0.0761, ""trimmed_mean_pool2"": 0.046, ""mean_pool3"": 0.0207, ""median_pool3"": 0.0804, ""trimmed_mean_pool3"": 0.0804, ""best_THETA"": 0.0218, ""best_ETS"": 0.0009, ""best_FT_rf"": 0.1899, ""accept"": 0.0677}, ""input_tokens"": 1602, ""score"": 0.6796, ""rank"": 5, ""already_tested"": false}, {""iteration"": 2, ""action"": ""trimmed_mean_pool_full"", ""confidence"": 0.3255, ""probability_of_chosen"": 0.4095, ""probabilities"": {""mean_pool_full"": 0.0024, ""median_pool_full"": 0.0302, ""trimmed_mean_pool_full"": 0.4095, ""mean_pool4"": 0.0014, ""median_pool4"": 0.0015, ""trimmed_mean_pool4"": 0.0073, ""mean_pool1"": 0.0089, ""median_pool1"": 0.056, ""trimmed_mean_pool1"": 0.0703, ""mean_pool2"": 0.0045, ""median_pool2"": 0.034, ""trimmed_mean_pool2"": 0.1846, ""best_THETA"": 0.0173, ""best_ETS"": 0.0005, ""best_FT_rf"": 0.1111, ""accept"": 0.0604}, ""input_tokens"": 1600, ""score"": 0.6796, ""rank"": 5, ""already_tested"": true}, {""iteration"": 3, ""action"": ""trimmed_mean_pool_full"", ""confidence"": 0.3255, ""probability_of_chosen"": 0.4095, ""probabilities"": {""mean_pool_full"": 0.0024, ""median_pool_full"": 0.0302, ""trimmed_mean_pool_full"": 0.4095, ""mean_pool4"": 0.0014, ""median_pool4"": 0.0015, ""trimmed_mean_pool4"": 0.0073, ""mean_pool1"": 0.0089, ""median_pool1"": 0.056, ""trimmed_mean_pool1"": 0.0703, ""mean_pool2"": 0.0045, ""median_pool2"": 0.034, ""trimmed_mean_pool2"": 0.1846, ""best_THETA"": 0.0173, ""best_ETS"": 0.0005, ""best_FT_rf"": 0.1111, ""accept"": 0.0604}, ""input_tokens"": 1600, ""score"": 0.6796, ""rank"": 5, ""already_tested"": true}, {""iteration"": 4, ""action"": ""trimmed_mean_pool_full"", ""confidence"": 0.3255, ""probability_of_chosen"": 0.4095, ""probabilities"": {""mean_pool_full"": 0.0024, ""median_pool_full"": 0.0302, ""trimmed_mean_pool_full"": 0.4095, ""mean_pool4"": 0.0014, ""median_pool4"": 0.0015, ""trimmed_mean_pool4"": 0.0073, ""mean_pool1"": 0.0089, ""median_pool1"": 0.056, ""trimmed_mean_pool1"": 0.0703, ""mean_pool2"": 0.0045, ""median_pool2"": 0.034, ""trimmed_mean_pool2"": 0.1846, ""best_THETA"": 0.0173, ""best_ETS"": 0.0005, ""best_FT_rf"": 0.1111, ""accept"": 0.0604}, ""input_tokens"": 1600, ""score"": 0.6796, ""rank"": 5, ""already_tested"": true}]}, ""score"": 0.6131}";baseline;4;no new information in 3 consecutive turns;0.11321870295730357;2240.3311731112544;laya_multilingual_laya_v0_ml8192
2;12;orchestrator_laya_laya_v0_ml8192;0.050765648902983525;63.63636363636363;0.0487315543150608;5548.78040945072;0.04873152477558046;4025.851037704169;[[93130.2, 85161.9, 72440.6, 82384.8, 81450.828, 83151.625, 76231.5, 83911.1, 83812.025, 81287.9, 85070.866, 81789.2]];[[87038.98329421, 82501.23151201, 86671.54811572, 85612.64648125, 83697.50115265, 87069.04741844, 84682.07149127, 83989.65122696, 85029.39730075, 84456.60631293, 85089.18313361, 84791.11862509]];2023-12-31 00:00:00;2024-11-30 00:00:00;"{""strategy"": {""combine"": ""best_single"", ""model"": ""ONLY_CWT_rf"", ""pool"": ""pool_full""}, ""origin"": ""agent"", ""loop"": {""final_attempt"": ""a10"", ""strategy"": {""combine"": ""best_single"", ""model"": ""ONLY_CWT_rf"", ""pool"": ""pool_full""}, ""iterations_used"": 4, ""stop_reason"": ""no new information in 3 consecutive turns"", ""trace"": [{""iteration"": 1, ""action"": ""best_ONLY_CWT_rf"", ""confidence"": 0.9295, ""probability_of_chosen"": 0.9674, ""probabilities"": {""mean_pool_full"": 0.0001, ""median_pool_full"": 0.0074, ""trimmed_mean_pool_full"": 0.0063, ""mean_pool1"": 0.0001, ""median_pool1"": 0.0004, ""trimmed_mean_pool1"": 0.0003, ""mean_pool2"": 0.0001, ""median_pool2"": 0.0138, ""trimmed_mean_pool2"": 0.0009, ""mean_pool3"": 0.0, ""median_pool3"": 0.002, ""trimmed_mean_pool3"": 0.0005, ""best_ONLY_CWT_rf"": 0.9674, ""best_THETA"": 0.0001, ""best_ETS"": 0.0, ""accept"": 0.0005}, ""input_tokens"": 1582, ""score"": 0.6171, ""rank"": 1, ""already_tested"": false}, {""iteration"": 2, ""action"": ""best_ONLY_CWT_rf"", ""confidence"": 0.9115, ""probability_of_chosen"": 0.9592, ""probabilities"": {""mean_pool_full"": 0.0, ""median_pool_full"": 0.0016, ""trimmed_mean_pool_full"": 0.009, ""mean_pool4"": 0.0001, ""median_pool4"": 0.0003, ""trimmed_mean_pool4"": 0.0003, ""mean_pool1"": 0.0001, ""median_pool1"": 0.0103, ""trimmed_mean_pool1"": 0.0072, ""mean_pool2"": 0.0001, ""median_pool2"": 0.0078, ""trimmed_mean_pool2"": 0.003, ""best_ONLY_CWT_rf"": 0.9592, ""best_THETA"": 0.0001, ""best_ETS"": 0.0, ""accept"": 0.0008}, ""input_tokens"": 1587, ""score"": 0.6171, ""rank"": 1, ""already_tested"": true}, {""iteration"": 3, ""action"": ""best_ONLY_CWT_rf"", ""confidence"": 0.9115, ""probability_of_chosen"": 0.9592, ""probabilities"": {""mean_pool_full"": 0.0, ""median_pool_full"": 0.0016, ""trimmed_mean_pool_full"": 0.009, ""mean_pool4"": 0.0001, ""median_pool4"": 0.0003, ""trimmed_mean_pool4"": 0.0003, ""mean_pool1"": 0.0001, ""median_pool1"": 0.0103, ""trimmed_mean_pool1"": 0.0072, ""mean_pool2"": 0.0001, ""median_pool2"": 0.0078, ""trimmed_mean_pool2"": 0.003, ""best_ONLY_CWT_rf"": 0.9592, ""best_THETA"": 0.0001, ""best_ETS"": 0.0, ""accept"": 0.0008}, ""input_tokens"": 1587, ""score"": 0.6171, ""rank"": 1, ""already_tested"": true}, {""iteration"": 4, ""action"": ""best_ONLY_CWT_rf"", ""confidence"": 0.9115, ""probability_of_chosen"": 0.9592, ""probabilities"": {""mean_pool_full"": 0.0, ""median_pool_full"": 0.0016, ""trimmed_mean_pool_full"": 0.009, ""mean_pool4"": 0.0001, ""median_pool4"": 0.0003, ""trimmed_mean_pool4"": 0.0003, ""mean_pool1"": 0.0001, ""median_pool1"": 0.0103, ""trimmed_mean_pool1"": 0.0072, ""mean_pool2"": 0.0001, ""median_pool2"": 0.0078, ""trimmed_mean_pool2"": 0.003, ""best_ONLY_CWT_rf"": 0.9592, ""best_THETA"": 0.0001, ""best_ETS"": 0.0, ""accept"": 0.0008}, ""input_tokens"": 1587, ""score"": 0.6171, ""rank"": 1, ""already_tested"": true}]}, ""score"": 0.6171}";agent;4;no new information in 3 consecutive turns;0.04714574368196681;5138.851375154903;laya_multilingual_laya_v0_ml8192
3;12;orchestrator_laya_laya_v0_ml8192;0.25301635755919233;81.81818181818181;0.3040671304120563;2999.0636557173293;0.3040653234695862;2567.150825569693;[[7603.876, 6976.942, 6700.957, 9677.861, 8741.862, 9460.969, 10039.951, 10081.468, 10205.921, 10409.549, 11826.809, 10400.819]];[[7551.939540066317, 6958.031001240525, 6494.280391896316, 6826.250778187896, 6509.757843621579, 6570.988528292105, 6494.84358322, 6692.31936746737, 6763.217749532105, 6646.772162877895, 6929.756604891053, 6883.0165418705255]];2023-12-31 00:00:00;2024-11-30 00:00:00;"{""strategy"": {""combine"": ""mean"", ""pool"": ""pool_full""}, ""origin"": ""baseline"", ""loop"": {""final_attempt"": ""a1"", ""strategy"": {""combine"": ""mean"", ""pool"": ""pool_full""}, ""iterations_used"": 4, ""stop_reason"": ""no new information in 3 consecutive turns"", ""trace"": [{""iteration"": 1, ""action"": ""trimmed_mean_pool_full"", ""confidence"": 0.7906, ""probability_of_chosen"": 0.885, ""probabilities"": {""mean_pool_full"": 0.0002, ""median_pool_full"": 0.0015, ""trimmed_mean_pool_full"": 0.885, ""mean_pool1"": 0.0013, ""median_pool1"": 0.0003, ""trimmed_mean_pool1"": 0.0065, ""mean_pool2"": 0.0031, ""median_pool2"": 0.0414, ""trimmed_mean_pool2"": 0.0143, ""mean_pool3"": 0.0004, ""median_pool3"": 0.0012, ""trimmed_mean_pool3"": 0.0222, ""best_ETS"": 0.0021, ""best_THETA"": 0.0017, ""best_catboost"": 0.0113, ""accept"": 0.0075}, ""input_tokens"": 1581, ""score"": 0.6473, ""rank"": 2, ""already_tested"": false}, {""iteration"": 2, ""action"": ""trimmed_mean_pool1"", ""confidence"": 0.5881, ""probability_of_chosen"": 0.4489, ""probabilities"": {""mean_pool_full"": 0.0001, ""median_pool_full"": 0.0009, ""trimmed_mean_pool_full"": 0.0647, ""mean_pool4"": 0.0027, ""median_pool4"": 0.0006, ""trimmed_mean_pool4"": 0.0166, ""mean_pool1"": 0.0003, ""median_pool1"": 0.0087, ""trimmed_mean_pool1"": 0.4489, ""mean_pool2"": 0.0006, ""median_pool2"": 0.0041, ""trimmed_mean_pool2"": 0.435, ""best_ETS"": 0.0004, ""best_THETA"": 0.0004, ""best_catboost"": 0.0012, ""accept"": 0.0148}, ""input_tokens"": 1588, ""score"": 0.6755, ""rank"": 8, ""already_tested"": true}, {""iteration"": 3, ""action"": ""trimmed_mean_pool1"", ""confidence"": 0.5881, ""probability_of_chosen"": 0.4489, ""probabilities"": {""mean_pool_full"": 0.0001, ""median_pool_full"": 0.0009, ""trimmed_mean_pool_full"": 0.0647, ""mean_pool4"": 0.0027, ""median_pool4"": 0.0006, ""trimmed_mean_pool4"": 0.0166, ""mean_pool1"": 0.0003, ""median_pool1"": 0.0087, ""trimmed_mean_pool1"": 0.4489, ""mean_pool2"": 0.0006, ""median_pool2"": 0.0041, ""trimmed_mean_pool2"": 0.435, ""best_ETS"": 0.0004, ""best_THETA"": 0.0004, ""best_catboost"": 0.0012, ""accept"": 0.0148}, ""input_tokens"": 1588, ""score"": 0.6755, ""rank"": 8, ""already_tested"": true}, {""iteration"": 4, ""action"": ""trimmed_mean_pool1"", ""confidence"": 0.5881, ""probability_of_chosen"": 0.4489, ""probabilities"": {""mean_pool_full"": 0.0001, ""median_pool_full"": 0.0009, ""trimmed_mean_pool_full"": 0.0647, ""mean_pool4"": 0.0027, ""median_pool4"": 0.0006, ""trimmed_mean_pool4"": 0.0166, ""mean_pool1"": 0.0003, ""median_pool1"": 0.0087, ""trimmed_mean_pool1"": 0.4489, ""mean_pool2"": 0.0006, ""median_pool2"": 0.0041, ""trimmed_mean_pool2"": 0.435, ""best_ETS"": 0.0004, ""best_THETA"": 0.0004, ""best_catboost"": 0.0012, ""accept"": 0.0148}, ""input_tokens"": 1588, ""score"": 0.6755, ""rank"": 8, ""already_tested"": true}]}, ""score"": 0.6424}";baseline;4;no new information in 3 consecutive turns;0.3040671304120563;2999.0636557173293;laya_multilingual_laya_v0_ml8192
4;12;orchestrator_laya_laya_v0_ml8192;0.051516720707243634;72.72727272727273;0.052025771844507046;3230.0158725617957;0.052025723834458616;2825.159320679519;[[58169.7, 57787.0, 47477.7, 50767.5, 52987.0, 54400.7, 50523.9, 57335.2, 56685.0, 55975.3, 60210.8, 54137.35]];[[54778.815121565785, 53887.02961650473, 52408.9354916079, 53019.650018759996, 52475.23412780789, 52957.33262887264, 53158.151500391046, 53856.67294557946, 54081.97815429158, 53765.88921000421, 54233.13121912842, 53567.69213884999]];2023-12-31 00:00:00;2024-11-30 00:00:00;"{""strategy"": {""combine"": ""mean"", ""pool"": ""pool_full""}, ""origin"": ""baseline"", ""loop"": {""final_attempt"": ""a1"", ""strategy"": {""combine"": ""mean"", ""pool"": ""pool_full""}, ""iterations_used"": 5, ""stop_reason"": ""no new information in 3 consecutive turns"", ""trace"": [{""iteration"": 1, ""action"": ""median_pool2"", ""confidence"": 0.5265, ""probability_of_chosen"": 0.6365, ""probabilities"": {""mean_pool_full"": 0.0006, ""median_pool_full"": 0.0071, ""trimmed_mean_pool_full"": 0.052, ""mean_pool1"": 0.0011, ""median_pool1"": 0.0056, ""trimmed_mean_pool1"": 0.0067, ""mean_pool2"": 0.0015, ""median_pool2"": 0.6365, ""trimmed_mean_pool2"": 0.1377, ""mean_pool3"": 0.0006, ""median_pool3"": 0.0506, ""trimmed_mean_pool3"": 0.064, ""best_THETA"": 0.011, ""best_ETS"": 0.0006, ""best_ARIMA"": 0.0007, ""accept"": 0.0236}, ""input_tokens"": 1577, ""score"": 0.9388, ""rank"": 10, ""already_tested"": false}, {""iteration"": 2, ""action"": ""trimmed_mean_pool_full"", ""confidence"": 0.417, ""probability_of_chosen"": 0.3338, ""probabilities"": {""mean_pool_full"": 0.0005, ""median_pool_full"": 0.0061, ""trimmed_mean_pool_full"": 0.3338, ""mean_pool4"": 0.0004, ""median_pool4"": 0.0038, ""trimmed_mean_pool4"": 0.0049, ""mean_pool1"": 0.001, ""median_pool1"": 0.2423, ""trimmed_mean_pool1"": 0.0365, ""mean_pool2"": 0.001, ""median_pool2"": 0.0874, ""trimmed_mean_pool2"": 0.252, ""best_THETA"": 0.0057, ""best_ETS"": 0.0006, ""best_ARIMA"": 0.0006, ""accept"": 0.0232}, ""input_tokens"": 1577, ""score"": 0.6878, ""rank"": 2, ""already_tested"": false}, {""iteration"": 3, ""action"": ""median_pool2"", ""confidence"": 0.4127, ""probability_of_chosen"": 0.3411, ""probabilities"": {""mean_pool_full"": 0.0002, ""median_pool_full"": 0.0175, ""trimmed_mean_pool_full"": 0.0114, ""mean_pool4"": 0.0012, ""median_pool4"": 0.0083, ""trimmed_mean_pool4"": 0.0552, ""mean_pool1"": 0.0006, ""median_pool1"": 0.0947, ""trimmed_mean_pool1"": 0.1057, ""mean_pool2"": 0.0006, ""median_pool2"": 0.3411, ""trimmed_mean_pool2"": 0.3411, ""best_THETA"": 0.0014, ""best_ETS"": 0.0003, ""best_ARIMA"": 0.0003, ""accept"": 0.0204}, ""input_tokens"": 1576, ""score"": 0.9388, ""rank"": 11, ""already_tested"": true}, {""iteration"": 4, ""action"": ""median_pool2"", ""confidence"": 0.4127, ""probability_of_chosen"": 0.3411, ""probabilities"": {""mean_pool_full"": 0.0002, ""median_pool_full"": 0.0175, ""trimmed_mean_pool_full"": 0.0114, ""mean_pool4"": 0.0012, ""median_pool4"": 0.0083, ""trimmed_mean_pool4"": 0.0552, ""mean_pool1"": 0.0006, ""median_pool1"": 0.0947, ""trimmed_mean_pool1"": 0.1057, ""mean_pool2"": 0.0006, ""median_pool2"": 0.3411, ""trimmed_mean_pool2"": 0.3411, ""best_THETA"": 0.0014, ""best_ETS"": 0.0003, ""best_ARIMA"": 0.0003, ""accept"": 0.0204}, ""input_tokens"": 1576, ""score"": 0.9388, ""rank"": 11, ""already_tested"": true}, {""iteration"": 5, ""action"": ""median_pool2"", ""confidence"": 0.4127, ""probability_of_chosen"": 0.3411, ""probabilities"": {""mean_pool_full"": 0.0002, ""median_pool_full"": 0.0175, ""trimmed_mean_pool_full"": 0.0114, ""mean_pool4"": 0.0012, ""median_pool4"": 0.0083, ""trimmed_mean_pool4"": 0.0552, ""mean_pool1"": 0.0006, ""median_pool1"": 0.0947, ""trimmed_mean_pool1"": 0.1057, ""mean_pool2"": 0.0006, ""median_pool2"": 0.3411, ""trimmed_mean_pool2"": 0.3411, ""best_THETA"": 0.0014, ""best_ETS"": 0.0003, ""best_ARIMA"": 0.0003, ""accept"": 0.0204}, ""input_tokens"": 1576, ""score"": 0.9388, ""rank"": 11, ""already_tested"": true}]}, ""score"": 0.6606}";baseline;5;no new information in 3 consecutive turns;0.052025771844507046;3230.0158725617957;laya_multilingual_laya_v0_ml8192
5;12;orchestrator_laya_laya_v0_ml8192;0.2588912263087992;72.72727272727273;0.20770298868669831;27.20657390251988;0.2075965864252178;20.5640311025;[[100.33, 79.59, 70.15, 103.42, 122.78, 61.93, 74.31, 146.05, 122.32, 122.5, 128.423, 107.25]];[[88.55291231, 105.08216343, 109.66813852, 119.87001744, 121.7976424, 117.93282017, 123.44508189, 124.92518467, 121.12032828, 126.79422405, 121.74905338, 121.36804877]];2023-12-31 00:00:00;2024-11-30 00:00:00;"{""strategy"": {""combine"": ""median"", ""pool"": ""pool_full""}, ""origin"": ""baseline"", ""loop"": {""final_attempt"": ""a2"", ""strategy"": {""combine"": ""median"", ""pool"": ""pool_full""}, ""iterations_used"": 4, ""stop_reason"": ""no new information in 3 consecutive turns"", ""trace"": [{""iteration"": 1, ""action"": ""median_pool2"", ""confidence"": 0.435, ""probability_of_chosen"": 0.5336, ""probabilities"": {""mean_pool_full"": 0.0005, ""median_pool_full"": 0.0035, ""trimmed_mean_pool_full"": 0.0972, ""mean_pool1"": 0.0071, ""median_pool1"": 0.0016, ""trimmed_mean_pool1"": 0.0056, ""mean_pool2"": 0.0087, ""median_pool2"": 0.5336, ""trimmed_mean_pool2"": 0.137, ""mean_pool3"": 0.0005, ""median_pool3"": 0.003, ""trimmed_mean_pool3"": 0.0185, ""best_FT_rf"": 0.1067, ""best_FT_catboost"": 0.0528, ""best_DWT_rf"": 0.0082, ""accept"": 0.0154}, ""input_tokens"": 1546, ""score"": 0.7417, ""rank"": 5, ""already_tested"": false}, {""iteration"": 2, ""action"": ""median_pool2"", ""confidence"": 0.8494, ""probability_of_chosen"": 0.9053, ""probabilities"": {""mean_pool_full"": 0.0001, ""median_pool_full"": 0.0114, ""trimmed_mean_pool_full"": 0.0007, ""mean_pool4"": 0.0007, ""median_pool4"": 0.0074, ""trimmed_mean_pool4"": 0.0001, ""mean_pool1"": 0.0, ""median_pool1"": 0.0666, ""trimmed_mean_pool1"": 0.0, ""mean_pool2"": 0.0001, ""median_pool2"": 0.9053, ""trimmed_mean_pool2"": 0.0, ""best_FT_rf"": 0.0021, ""best_FT_catboost"": 0.0035, ""best_DWT_rf"": 0.0008, ""accept"": 0.0011}, ""input_tokens"": 1540, ""score"": 0.7417, ""rank"": 5, ""already_tested"": true}, {""iteration"": 3, ""action"": ""median_pool2"", ""confidence"": 0.8494, ""probability_of_chosen"": 0.9053, ""probabilities"": {""mean_pool_full"": 0.0001, ""median_pool_full"": 0.0114, ""trimmed_mean_pool_full"": 0.0007, ""mean_pool4"": 0.0007, ""median_pool4"": 0.0074, ""trimmed_mean_pool4"": 0.0001, ""mean_pool1"": 0.0, ""median_pool1"": 0.0666, ""trimmed_mean_pool1"": 0.0, ""mean_pool2"": 0.0001, ""median_pool2"": 0.9053, ""trimmed_mean_pool2"": 0.0, ""best_FT_rf"": 0.0021, ""best_FT_catboost"": 0.0035, ""best_DWT_rf"": 0.0008, ""accept"": 0.0011}, ""input_tokens"": 1540, ""score"": 0.7417, ""rank"": 5, ""already_tested"": true}, {""iteration"": 4, ""action"": ""median_pool2"", ""confidence"": 0.8494, ""probability_of_chosen"": 0.9053, ""probabilities"": {""mean_pool_full"": 0.0001, ""median_pool_full"": 0.0114, ""trimmed_mean_pool_full"": 0.0007, ""mean_pool4"": 0.0007, ""median_pool4"": 0.0074, ""trimmed_mean_pool4"": 0.0001, ""mean_pool1"": 0.0, ""median_pool1"": 0.0666, ""trimmed_mean_pool1"": 0.0, ""mean_pool2"": 0.0001, ""median_pool2"": 0.9053, ""trimmed_mean_pool2"": 0.0, ""best_FT_rf"": 0.0021, ""best_FT_catboost"": 0.0035, ""best_DWT_rf"": 0.0008, ""accept"": 0.0011}, ""input_tokens"": 1540, ""score"": 0.7417, ""rank"": 5, ""already_tested"": true}]}, ""score"": 0.6488}";baseline;4;no new information in 3 consecutive turns;0.20770298868669831;27.20657390251988;laya_multilingual_laya_v0_ml8192
6;12;orchestrator_laya_laya_v0_ml8192;0.3706067123685825;72.72727272727273;0.484181992209826;4789.197411371119;0.4841791469440247;4151.972027044405;[[6366.518, 6620.585, 5717.92, 11246.235, 10922.87, 12106.33, 12117.655, 13377.192, 11687.995, 10140.943, 10216.482, 9791.577]];[[6604.1499807057135, 6130.21754006, 5377.38291021143, 6022.2078394128575, 5594.401375587143, 5817.06411389, 5722.683053787143, 5948.207030455715, 6067.176536508571, 5762.482567911428, 6097.119030732857, 5820.809657615714]];2023-12-31 00:00:00;2024-11-30 00:00:00;"{""strategy"": {""combine"": ""mean"", ""pool"": ""pool2""}, ""origin"": ""baseline"", ""loop"": {""final_attempt"": ""a6"", ""strategy"": {""combine"": ""mean"", ""pool"": ""pool2""}, ""iterations_used"": 5, ""stop_reason"": ""no new information in 3 consecutive turns"", ""trace"": [{""iteration"": 1, ""action"": ""trimmed_mean_pool2"", ""confidence"": 0.3304, ""probability_of_chosen"": 0.3215, ""probabilities"": {""mean_pool_full"": 0.001, ""median_pool_full"": 0.0166, ""trimmed_mean_pool_full"": 0.2352, ""mean_pool1"": 0.004, ""median_pool1"": 0.0019, ""trimmed_mean_pool1"": 0.0242, ""mean_pool2"": 0.0038, ""median_pool2"": 0.1094, ""trimmed_mean_pool2"": 0.3215, ""mean_pool3"": 0.0011, ""median_pool3"": 0.014, ""trimmed_mean_pool3"": 0.0996, ""best_THETA"": 0.0025, ""best_ETS"": 0.0005, ""best_DWT_rf"": 0.1361, ""accept"": 0.0286}, ""input_tokens"": 1598, ""score"": 0.6182, ""rank"": 2, ""already_tested"": true}, {""iteration"": 2, ""action"": ""trimmed_mean_pool_full"", ""confidence"": 0.4719, ""probability_of_chosen"": 0.5361, ""probabilities"": {""mean_pool_full"": 0.0005, ""median_pool_full"": 0.0081, ""trimmed_mean_pool_full"": 0.5361, ""mean_pool4"": 0.0014, ""median_pool4"": 0.0009, ""trimmed_mean_pool4"": 0.0089, ""mean_pool1"": 0.0012, ""median_pool1"": 0.0203, ""trimmed_mean_pool1"": 0.0709, ""mean_pool2"": 0.0027, ""median_pool2"": 0.0525, ""trimmed_mean_pool2"": 0.2166, ""best_THETA"": 0.0015, ""best_ETS"": 0.0004, ""best_DWT_rf"": 0.0606, ""accept"": 0.0176}, ""input_tokens"": 1598, ""score"": 0.6766, ""rank"": 10, ""already_tested"": false}, {""iteration"": 3, ""action"": ""trimmed_mean_pool_full"", ""confidence"": 0.4719, ""probability_of_chosen"": 0.5361, ""probabilities"": {""mean_pool_full"": 0.0005, ""median_pool_full"": 0.0081, ""trimmed_mean_pool_full"": 0.5361, ""mean_pool4"": 0.0014, ""median_pool4"": 0.0009, ""trimmed_mean_pool4"": 0.0089, ""mean_pool1"": 0.0012, ""median_pool1"": 0.0203, ""trimmed_mean_pool1"": 0.0709, ""mean_pool2"": 0.0027, ""median_pool2"": 0.0525, ""trimmed_mean_pool2"": 0.2166, ""best_THETA"": 0.0015, ""best_ETS"": 0.0004, ""best_DWT_rf"": 0.0606, ""accept"": 0.0176}, ""input_tokens"": 1598, ""score"": 0.6766, ""rank"": 10, ""already_tested"": true}, {""iteration"": 4, ""action"": ""trimmed_mean_pool_full"", ""confidence"": 0.4719, ""probability_of_chosen"": 0.5361, ""probabilities"": {""mean_pool_full"": 0.0005, ""median_pool_full"": 0.0081, ""trimmed_mean_pool_full"": 0.5361, ""mean_pool4"": 0.0014, ""median_pool4"": 0.0009, ""trimmed_mean_pool4"": 0.0089, ""mean_pool1"": 0.0012, ""median_pool1"": 0.0203, ""trimmed_mean_pool1"": 0.0709, ""mean_pool2"": 0.0027, ""median_pool2"": 0.0525, ""trimmed_mean_pool2"": 0.2166, ""best_THETA"": 0.0015, ""best_ETS"": 0.0004, ""best_DWT_rf"": 0.0606, ""accept"": 0.0176}, ""input_tokens"": 1598, ""score"": 0.6766, ""rank"": 10, ""already_tested"": true}, {""iteration"": 5, ""action"": ""trimmed_mean_pool_full"", ""confidence"": 0.4719, ""probability_of_chosen"": 0.5361, ""probabilities"": {""mean_pool_full"": 0.0005, ""median_pool_full"": 0.0081, ""trimmed_mean_pool_full"": 0.5361, ""mean_pool4"": 0.0014, ""median_pool4"": 0.0009, ""trimmed_mean_pool4"": 0.0089, ""mean_pool1"": 0.0012, ""median_pool1"": 0.0203, ""trimmed_mean_pool1"": 0.0709, ""mean_pool2"": 0.0027, ""median_pool2"": 0.0525, ""trimmed_mean_pool2"": 0.2166, ""best_THETA"": 0.0015, ""best_ETS"": 0.0004, ""best_DWT_rf"": 0.0606, ""accept"": 0.0176}, ""input_tokens"": 1598, ""score"": 0.6766, ""rank"": 10, ""already_tested"": true}]}, ""score"": 0.6148}";baseline;5;no new information in 3 consecutive turns;0.484181992209826;4789.197411371119;laya_multilingual_laya_v0_ml8192
7;12;orchestrator_laya_laya_v0_ml8192;0.22790951139863092;45.45454545454545;0.20184065119218006;110.07323324740474;0.20181930447153185;97.50573302;[[386.418, 364.438, 321.313, 404.599, 407.296, 410.125, 427.097, 439.507, 412.189, 514.152, 634.639, 741.093]];[[402.34786413, 490.49881841, 497.12297424, 501.99707039, 443.28861317, 510.76899682, 482.15683033, 528.28979899, 592.71926131, 593.61015299, 575.5270564, 585.80252814]];2023-12-31 00:00:00;2024-11-30 00:00:00;"{""strategy"": {""combine"": ""best_single"", ""model"": ""ONLY_CWT_catboost"", ""pool"": ""pool_full""}, ""origin"": ""agent"", ""loop"": {""final_attempt"": ""a10"", ""strategy"": {""combine"": ""best_single"", ""model"": ""ONLY_CWT_catboost"", ""pool"": ""pool_full""}, ""iterations_used"": 4, ""stop_reason"": ""no new information in 3 consecutive turns"", ""trace"": [{""iteration"": 1, ""action"": ""best_ONLY_CWT_catboost"", ""confidence"": 0.3166, ""probability_of_chosen"": 0.3784, ""probabilities"": {""mean_pool_full"": 0.0008, ""median_pool_full"": 0.1529, ""trimmed_mean_pool_full"": 0.0864, ""mean_pool1"": 0.0051, ""median_pool1"": 0.0053, ""trimmed_mean_pool1"": 0.0122, ""mean_pool2"": 0.0039, ""median_pool2"": 0.1163, ""trimmed_mean_pool2"": 0.1145, ""mean_pool3"": 0.0006, ""median_pool3"": 0.0799, ""trimmed_mean_pool3"": 0.0095, ""best_ONLY_CWT_catboost"": 0.3784, ""best_CWT_catboost"": 0.0179, ""best_ARIMA"": 0.0014, ""accept"": 0.0147}, ""input_tokens"": 1542, ""score"": 0.5882, ""rank"": 1, ""already_tested"": false}, {""iteration"": 2, ""action"": ""best_ONLY_CWT_catboost"", ""confidence"": 0.5977, ""probability_of_chosen"": 0.6197, ""probabilities"": {""mean_pool_full"": 0.0005, ""median_pool_full"": 0.1721, ""trimmed_mean_pool_full"": 0.004, ""mean_pool4"": 0.0011, ""median_pool4"": 0.0028, ""trimmed_mean_pool4"": 0.0001, ""mean_pool1"": 0.0018, ""median_pool1"": 0.1592, ""trimmed_mean_pool1"": 0.0002, ""mean_pool2"": 0.0008, ""median_pool2"": 0.0277, ""trimmed_mean_pool2"": 0.0003, ""best_ONLY_CWT_catboost"": 0.6197, ""best_CWT_catboost"": 0.0068, ""best_ARIMA"": 0.0003, ""accept"": 0.0026}, ""input_tokens"": 1542, ""score"": 0.5882, ""rank"": 1, ""already_tested"": true}, {""iteration"": 3, ""action"": ""best_ONLY_CWT_catboost"", ""confidence"": 0.5977, ""probability_of_chosen"": 0.6197, ""probabilities"": {""mean_pool_full"": 0.0005, ""median_pool_full"": 0.1721, ""trimmed_mean_pool_full"": 0.004, ""mean_pool4"": 0.0011, ""median_pool4"": 0.0028, ""trimmed_mean_pool4"": 0.0001, ""mean_pool1"": 0.0018, ""median_pool1"": 0.1592, ""trimmed_mean_pool1"": 0.0002, ""mean_pool2"": 0.0008, ""median_pool2"": 0.0277, ""trimmed_mean_pool2"": 0.0003, ""best_ONLY_CWT_catboost"": 0.6197, ""best_CWT_catboost"": 0.0068, ""best_ARIMA"": 0.0003, ""accept"": 0.0026}, ""input_tokens"": 1542, ""score"": 0.5882, ""rank"": 1, ""already_tested"": true}, {""iteration"": 4, ""action"": ""best_ONLY_CWT_catboost"", ""confidence"": 0.5977, ""probability_of_chosen"": 0.6197, ""probabilities"": {""mean_pool_full"": 0.0005, ""median_pool_full"": 0.1721, ""trimmed_mean_pool_full"": 0.004, ""mean_pool4"": 0.0011, ""median_pool4"": 0.0028, ""trimmed_mean_pool4"": 0.0001, ""mean_pool1"": 0.0018, ""median_pool1"": 0.1592, ""trimmed_mean_pool1"": 0.0002, ""mean_pool2"": 0.0008, ""median_pool2"": 0.0277, ""trimmed_mean_pool2"": 0.0003, ""best_ONLY_CWT_catboost"": 0.6197, ""best_CWT_catboost"": 0.0068, ""best_ARIMA"": 0.0003, ""accept"": 0.0026}, ""input_tokens"": 1542, ""score"": 0.5882, ""rank"": 1, ""already_tested"": true}]}, ""score"": 0.5882}";agent;4;no new information in 3 consecutive turns;0.16490582352154584;107.16240954405932;laya_multilingual_laya_v0_ml8192
8;12;orchestrator_laya_laya_v0_ml8192;0.40078076710894067;54.54545454545455;0.5178248187637454;777.3990684859924;0.5178051082349308;693.2578030625;[[1167.948, 1141.0, 1155.5, 1387.44, 1392.5, 1585.0, 1500.474, 1933.403, 2023.0, 1862.222, 2144.0, 2088.56]];[[925.66039618, 925.19590985, 830.6633856, 934.68525909, 962.25885274, 906.79235398, 909.2954361, 858.13771898, 885.68389392, 966.64165208, 985.30725128, 971.63125345]];2023-12-31 00:00:00;2024-11-30 00:00:00;"{""strategy"": {""combine"": ""median"", ""pool"": ""pool_full""}, ""origin"": ""baseline"", ""loop"": {""final_attempt"": ""a2"", ""strategy"": {""combine"": ""median"", ""pool"": ""pool_full""}, ""iterations_used"": 4, ""stop_reason"": ""no new information in 3 consecutive turns"", ""trace"": [{""iteration"": 1, ""action"": ""median_pool2"", ""confidence"": 0.5982, ""probability_of_chosen"": 0.6777, ""probabilities"": {""mean_pool_full"": 0.0005, ""median_pool_full"": 0.003, ""trimmed_mean_pool_full"": 0.0183, ""mean_pool1"": 0.0012, ""median_pool1"": 0.0049, ""trimmed_mean_pool1"": 0.006, ""mean_pool2"": 0.0074, ""median_pool2"": 0.6777, ""trimmed_mean_pool2"": 0.0088, ""mean_pool3"": 0.0007, ""median_pool3"": 0.0552, ""trimmed_mean_pool3"": 0.0138, ""best_DWT_rf"": 0.0084, ""best_ONLY_DWT_rf"": 0.1882, ""best_DWT_catboost"": 0.0031, ""accept"": 0.0027}, ""input_tokens"": 1597, ""score"": 0.7204, ""rank"": 7, ""already_tested"": false}, {""iteration"": 2, ""action"": ""median_pool2"", ""confidence"": 0.7189, ""probability_of_chosen"": 0.8298, ""probabilities"": {""mean_pool_full"": 0.0002, ""median_pool_full"": 0.0015, ""trimmed_mean_pool_full"": 0.0362, ""mean_pool4"": 0.0036, ""median_pool4"": 0.0145, ""trimmed_mean_pool4"": 0.0047, ""mean_pool1"": 0.0015, ""median_pool1"": 0.0148, ""trimmed_mean_pool1"": 0.003, ""mean_pool2"": 0.0008, ""median_pool2"": 0.8298, ""trimmed_mean_pool2"": 0.0129, ""best_DWT_rf"": 0.0047, ""best_ONLY_DWT_rf"": 0.0671, ""best_DWT_catboost"": 0.0025, ""accept"": 0.0022}, ""input_tokens"": 1597, ""score"": 0.7204, ""rank"": 7, ""already_tested"": true}, {""iteration"": 3, ""action"": ""median_pool2"", ""confidence"": 0.7189, ""probability_of_chosen"": 0.8298, ""probabilities"": {""mean_pool_full"": 0.0002, ""median_pool_full"": 0.0015, ""trimmed_mean_pool_full"": 0.0362, ""mean_pool4"": 0.0036, ""median_pool4"": 0.0145, ""trimmed_mean_pool4"": 0.0047, ""mean_pool1"": 0.0015, ""median_pool1"": 0.0148, ""trimmed_mean_pool1"": 0.003, ""mean_pool2"": 0.0008, ""median_pool2"": 0.8298, ""trimmed_mean_pool2"": 0.0129, ""best_DWT_rf"": 0.0047, ""best_ONLY_DWT_rf"": 0.0671, ""best_DWT_catboost"": 0.0025, ""accept"": 0.0022}, ""input_tokens"": 1597, ""score"": 0.7204, ""rank"": 7, ""already_tested"": true}, {""iteration"": 4, ""action"": ""median_pool2"", ""confidence"": 0.7189, ""probability_of_chosen"": 0.8298, ""probabilities"": {""mean_pool_full"": 0.0002, ""median_pool_full"": 0.0015, ""trimmed_mean_pool_full"": 0.0362, ""mean_pool4"": 0.0036, ""median_pool4"": 0.0145, ""trimmed_mean_pool4"": 0.0047, ""mean_pool1"": 0.0015, ""median_pool1"": 0.0148, ""trimmed_mean_pool1"": 0.003, ""mean_pool2"": 0.0008, ""median_pool2"": 0.8298, ""trimmed_mean_pool2"": 0.0129, ""best_DWT_rf"": 0.0047, ""best_ONLY_DWT_rf"": 0.0671, ""best_DWT_catboost"": 0.0025, ""accept"": 0.0022}, ""input_tokens"": 1597, ""score"": 0.7204, ""rank"": 7, ""already_tested"": true}]}, ""score"": 0.6811}";baseline;4;no new information in 3 consecutive turns;0.5178248187637454;777.3990684859924;laya_multilingual_laya_v0_ml8192
9;12;orchestrator_laya_laya_v0_ml8192;0.05023652963055584;72.72727272727273;0.048589217179448474;12303.736620211985;0.04858920500794872;9717.982524389481;[[228339.225, 199492.058, 175701.533, 194692.41, 196841.09, 200933.679, 185958.712, 196822.054, 201842.237, 197060.802, 206613.169, 201264.663]];[[212801.9449317152, 201976.9597813579, 204886.67285231262, 206091.1659529184, 203577.10880119365, 209945.52448906525, 203622.45789607952, 204194.01632508845, 205777.12709332054, 204763.80451597684, 205219.48527974842, 205459.2267968242]];2023-12-31 00:00:00;2024-11-30 00:00:00;"{""strategy"": {""combine"": ""mean"", ""pool"": ""pool_full""}, ""origin"": ""baseline"", ""loop"": {""final_attempt"": ""a1"", ""strategy"": {""combine"": ""mean"", ""pool"": ""pool_full""}, ""iterations_used"": 4, ""stop_reason"": ""no new information in 3 consecutive turns"", ""trace"": [{""iteration"": 1, ""action"": ""median_pool2"", ""confidence"": 0.6223, ""probability_of_chosen"": 0.7091, ""probabilities"": {""mean_pool_full"": 0.0002, ""median_pool_full"": 0.0034, ""trimmed_mean_pool_full"": 0.1213, ""mean_pool1"": 0.0012, ""median_pool1"": 0.004, ""trimmed_mean_pool1"": 0.0025, ""mean_pool2"": 0.0008, ""median_pool2"": 0.7091, ""trimmed_mean_pool2"": 0.0045, ""mean_pool3"": 0.0005, ""median_pool3"": 0.0874, ""trimmed_mean_pool3"": 0.0055, ""best_ETS"": 0.0006, ""best_THETA"": 0.0005, ""best_ONLY_CWT_rf"": 0.045, ""accept"": 0.0137}, ""input_tokens"": 1656, ""score"": 0.7755, ""rank"": 6, ""already_tested"": false}, {""iteration"": 2, ""action"": ""median_pool2"", ""confidence"": 0.9489, ""probability_of_chosen"": 0.9767, ""probabilities"": {""mean_pool_full"": 0.0, ""median_pool_full"": 0.0003, ""trimmed_mean_pool_full"": 0.0144, ""mean_pool4"": 0.0, ""median_pool4"": 0.001, ""trimmed_mean_pool4"": 0.0002, ""mean_pool1"": 0.0, ""median_pool1"": 0.0029, ""trimmed_mean_pool1"": 0.0001, ""mean_pool2"": 0.0, ""median_pool2"": 0.9767, ""trimmed_mean_pool2"": 0.0005, ""best_ETS"": 0.0, ""best_THETA"": 0.0, ""best_ONLY_CWT_rf"": 0.0028, ""accept"": 0.001}, ""input_tokens"": 1655, ""score"": 0.7755, ""rank"": 6, ""already_tested"": true}, {""iteration"": 3, ""action"": ""median_pool2"", ""confidence"": 0.9489, ""probability_of_chosen"": 0.9767, ""probabilities"": {""mean_pool_full"": 0.0, ""median_pool_full"": 0.0003, ""trimmed_mean_pool_full"": 0.0144, ""mean_pool4"": 0.0, ""median_pool4"": 0.001, ""trimmed_mean_pool4"": 0.0002, ""mean_pool1"": 0.0, ""median_pool1"": 0.0029, ""trimmed_mean_pool1"": 0.0001, ""mean_pool2"": 0.0, ""median_pool2"": 0.9767, ""trimmed_mean_pool2"": 0.0005, ""best_ETS"": 0.0, ""best_THETA"": 0.0, ""best_ONLY_CWT_rf"": 0.0028, ""accept"": 0.001}, ""input_tokens"": 1655, ""score"": 0.7755, ""rank"": 6, ""already_tested"": true}, {""iteration"": 4, ""action"": ""median_pool2"", ""confidence"": 0.9489, ""probability_of_chosen"": 0.9767, ""probabilities"": {""mean_pool_full"": 0.0, ""median_pool_full"": 0.0003, ""trimmed_mean_pool_full"": 0.0144, ""mean_pool4"": 0.0, ""median_pool4"": 0.001, ""trimmed_mean_pool4"": 0.0002, ""mean_pool1"": 0.0, ""median_pool1"": 0.0029, ""trimmed_mean_pool1"": 0.0001, ""mean_pool2"": 0.0, ""median_pool2"": 0.9767, ""trimmed_mean_pool2"": 0.0005, ""best_ETS"": 0.0, ""best_THETA"": 0.0, ""best_ONLY_CWT_rf"": 0.0028, ""accept"": 0.001}, ""input_tokens"": 1655, ""score"": 0.7755, ""rank"": 6, ""already_tested"": true}]}, ""score"": 0.6667}";baseline;4;no new information in 3 consecutive turns;0.048589217179448474;12303.736620211985;laya_multilingual_laya_v0_ml8192
10;12;orchestrator_laya_laya_v0_ml8192;0.23139731293516308;72.72727272727273;0.26712633030462357;1574.1270102098872;0.26712377041107027;1410.2153529152777;[[5625.567, 6783.716, 5008.254, 5615.356, 4909.244, 4752.982, 5097.467, 7213.568, 6165.6, 5506.892, 6461.464, 7175.346]];[[5076.200119883333, 5505.7829691199995, 4371.834661076667, 4324.285586433333, 4181.9160474400005, 3906.6266451499996, 3898.9938775533337, 4641.19862781, 4357.79149142, 4243.062654036667, 4456.135518373333, 4429.04356672]];2023-12-31 00:00:00;2024-11-30 00:00:00;"{""strategy"": {""combine"": ""trimmed_mean"", ""pool"": ""pool1"", ""trim_pct"": 0.2}, ""origin"": ""baseline"", ""loop"": {""final_attempt"": ""a5"", ""strategy"": {""combine"": ""trimmed_mean"", ""pool"": ""pool1"", ""trim_pct"": 0.2}, ""iterations_used"": 4, ""stop_reason"": ""no new information in 3 consecutive turns"", ""trace"": [{""iteration"": 1, ""action"": ""best_ONLY_DWT_catboost"", ""confidence"": 0.7385, ""probability_of_chosen"": 0.8512, ""probabilities"": {""mean_pool_full"": 0.0014, ""median_pool_full"": 0.0127, ""trimmed_mean_pool_full"": 0.0091, ""mean_pool1"": 0.0064, ""median_pool1"": 0.0039, ""trimmed_mean_pool1"": 0.0031, ""mean_pool2"": 0.0055, ""median_pool2"": 0.0621, ""trimmed_mean_pool2"": 0.0142, ""mean_pool3"": 0.0015, ""median_pool3"": 0.0132, ""trimmed_mean_pool3"": 0.0062, ""best_THETA"": 0.0011, ""best_ETS"": 0.0003, ""best_ONLY_DWT_catboost"": 0.8512, ""accept"": 0.0082}, ""input_tokens"": 1625, ""score"": 0.5752, ""rank"": 4, ""already_tested"": false}, {""iteration"": 2, ""action"": ""best_ONLY_DWT_catboost"", ""confidence"": 0.6334, ""probability_of_chosen"": 0.6724, ""probabilities"": {""mean_pool_full"": 0.0001, ""median_pool_full"": 0.0009, ""trimmed_mean_pool_full"": 0.2149, ""mean_pool4"": 0.0003, ""median_pool4"": 0.0004, ""trimmed_mean_pool4"": 0.0022, ""mean_pool1"": 0.0007, ""median_pool1"": 0.0057, ""trimmed_mean_pool1"": 0.051, ""mean_pool2"": 0.0008, ""median_pool2"": 0.0064, ""trimmed_mean_pool2"": 0.0332, ""best_THETA"": 0.0014, ""best_ETS"": 0.0003, ""best_ONLY_DWT_catboost"": 0.6724, ""accept"": 0.0092}, ""input_tokens"": 1623, ""score"": 0.5752, ""rank"": 4, ""already_tested"": true}, {""iteration"": 3, ""action"": ""best_ONLY_DWT_catboost"", ""confidence"": 0.6334, ""probability_of_chosen"": 0.6724, ""probabilities"": {""mean_pool_full"": 0.0001, ""median_pool_full"": 0.0009, ""trimmed_mean_pool_full"": 0.2149, ""mean_pool4"": 0.0003, ""median_pool4"": 0.0004, ""trimmed_mean_pool4"": 0.0022, ""mean_pool1"": 0.0007, ""median_pool1"": 0.0057, ""trimmed_mean_pool1"": 0.051, ""mean_pool2"": 0.0008, ""median_pool2"": 0.0064, ""trimmed_mean_pool2"": 0.0332, ""best_THETA"": 0.0014, ""best_ETS"": 0.0003, ""best_ONLY_DWT_catboost"": 0.6724, ""accept"": 0.0092}, ""input_tokens"": 1623, ""score"": 0.5752, ""rank"": 4, ""already_tested"": true}, {""iteration"": 4, ""action"": ""best_ONLY_DWT_catboost"", ""confidence"": 0.6334, ""probability_of_chosen"": 0.6724, ""probabilities"": {""mean_pool_full"": 0.0001, ""median_pool_full"": 0.0009, ""trimmed_mean_pool_full"": 0.2149, ""mean_pool4"": 0.0003, ""median_pool4"": 0.0004, ""trimmed_mean_pool4"": 0.0022, ""mean_pool1"": 0.0007, ""median_pool1"": 0.0057, ""trimmed_mean_pool1"": 0.051, ""mean_pool2"": 0.0008, ""median_pool2"": 0.0064, ""trimmed_mean_pool2"": 0.0332, ""best_THETA"": 0.0014, ""best_ETS"": 0.0003, ""best_ONLY_DWT_catboost"": 0.6724, ""accept"": 0.0092}, ""input_tokens"": 1623, ""score"": 0.5752, ""rank"": 4, ""already_tested"": true}]}, ""score"": 0.5394}";baseline;4;no new information in 3 consecutive turns;0.26712633030462357;1574.1270102098872;laya_multilingual_laya_v0_ml8192
11;12;orchestrator_laya_laya_v0_ml8192;0.45549271949971465;54.54545454545455;0.5972195155931543;10701.286571915343;0.597217776774254;10340.992367458333;[[17258.9, 20099.11, 20111.65, 22643.799, 22991.73, 22624.25, 21174.728, 22718.51, 21840.93, 21786.804, 27069.8, 27739.497]];[[13575.14934066, 11013.47323388, 10402.94614274, 10430.10685803, 10434.59714973, 11499.47586384, 12279.92983622, 12911.43699426, 12249.86987379, 12867.20264992, 13023.49935966, 13280.11228777]];2023-12-31 00:00:00;2024-11-30 00:00:00;"{""strategy"": {""combine"": ""best_single"", ""model"": ""FT_rf"", ""pool"": ""pool_full""}, ""origin"": ""agent"", ""loop"": {""final_attempt"": ""a10"", ""strategy"": {""combine"": ""best_single"", ""model"": ""FT_rf"", ""pool"": ""pool_full""}, ""iterations_used"": 4, ""stop_reason"": ""no new information in 3 consecutive turns"", ""trace"": [{""iteration"": 1, ""action"": ""best_FT_rf"", ""confidence"": 0.8949, ""probability_of_chosen"": 0.9405, ""probabilities"": {""mean_pool_full"": 0.0001, ""median_pool_full"": 0.007, ""trimmed_mean_pool_full"": 0.0003, ""mean_pool1"": 0.0002, ""median_pool1"": 0.0005, ""trimmed_mean_pool1"": 0.0, ""mean_pool2"": 0.001, ""median_pool2"": 0.0407, ""trimmed_mean_pool2"": 0.0001, ""mean_pool3"": 0.0001, ""median_pool3"": 0.0078, ""trimmed_mean_pool3"": 0.0, ""best_FT_rf"": 0.9405, ""best_DWT_rf"": 0.0006, ""best_ONLY_CWT_rf"": 0.0007, ""accept"": 0.0005}, ""input_tokens"": 1576, ""score"": 0.637, ""rank"": 1, ""already_tested"": false}, {""iteration"": 2, ""action"": ""best_FT_rf"", ""confidence"": 0.9995, ""probability_of_chosen"": 0.9999, ""probabilities"": {""mean_pool_full"": 0.0, ""median_pool_full"": 0.0, ""trimmed_mean_pool_full"": 0.0, ""mean_pool4"": 0.0, ""median_pool4"": 0.0, ""trimmed_mean_pool4"": 0.0, ""mean_pool1"": 0.0, ""median_pool1"": 0.0001, ""trimmed_mean_pool1"": 0.0, ""mean_pool2"": 0.0, ""median_pool2"": 0.0, ""trimmed_mean_pool2"": 0.0, ""best_FT_rf"": 0.9999, ""best_DWT_rf"": 0.0, ""best_ONLY_CWT_rf"": 0.0, ""accept"": 0.0}, ""input_tokens"": 1579, ""score"": 0.637, ""rank"": 1, ""already_tested"": true}, {""iteration"": 3, ""action"": ""best_FT_rf"", ""confidence"": 0.9995, ""probability_of_chosen"": 0.9999, ""probabilities"": {""mean_pool_full"": 0.0, ""median_pool_full"": 0.0, ""trimmed_mean_pool_full"": 0.0, ""mean_pool4"": 0.0, ""median_pool4"": 0.0, ""trimmed_mean_pool4"": 0.0, ""mean_pool1"": 0.0, ""median_pool1"": 0.0001, ""trimmed_mean_pool1"": 0.0, ""mean_pool2"": 0.0, ""median_pool2"": 0.0, ""trimmed_mean_pool2"": 0.0, ""best_FT_rf"": 0.9999, ""best_DWT_rf"": 0.0, ""best_ONLY_CWT_rf"": 0.0, ""accept"": 0.0}, ""input_tokens"": 1579, ""score"": 0.637, ""rank"": 1, ""already_tested"": true}, {""iteration"": 4, ""action"": ""best_FT_rf"", ""confidence"": 0.9995, ""probability_of_chosen"": 0.9999, ""probabilities"": {""mean_pool_full"": 0.0, ""median_pool_full"": 0.0, ""trimmed_mean_pool_full"": 0.0, ""mean_pool4"": 0.0, ""median_pool4"": 0.0, ""trimmed_mean_pool4"": 0.0, ""mean_pool1"": 0.0, ""median_pool1"": 0.0001, ""trimmed_mean_pool1"": 0.0, ""mean_pool2"": 0.0, ""median_pool2"": 0.0, ""trimmed_mean_pool2"": 0.0, ""best_FT_rf"": 0.9999, ""best_DWT_rf"": 0.0, ""best_ONLY_CWT_rf"": 0.0, ""accept"": 0.0}, ""input_tokens"": 1579, ""score"": 0.637, ""rank"": 1, ""already_tested"": true}]}, ""score"": 0.637}";agent;4;no new information in 3 consecutive turns;0.7316335388757951;12254.578684779648;laya_multilingual_laya_v0_ml8192
12;12;orchestrator_laya_laya_v0_ml8192;27.467534866247743;0.0;1.1712945889793904;2460.030939162445;1.1712495870221025;2052.5017553466664;[[2101.917, 4194.392, 4443.881, 3153.49, 1398.42, 680.292, -3.036, 2000.117, 2160.356, 1995.957, 4128.637, 4555.324]];[[668.61722898, 570.14678488, 251.33744685, 378.37562714, 729.69628552, 822.41045643, 975.02647838, 952.31616512, 655.21385236, 975.35625678, 728.72479523, 712.86642779]];2023-12-31 00:00:00;2024-11-30 00:00:00;"{""strategy"": {""combine"": ""median"", ""pool"": ""pool_full""}, ""origin"": ""baseline"", ""loop"": {""final_attempt"": ""a2"", ""strategy"": {""combine"": ""median"", ""pool"": ""pool_full""}, ""iterations_used"": 4, ""stop_reason"": ""no new information in 3 consecutive turns"", ""trace"": [{""iteration"": 1, ""action"": ""best_FT_catboost"", ""confidence"": 0.4925, ""probability_of_chosen"": 0.5581, ""probabilities"": {""mean_pool_full"": 0.0004, ""median_pool_full"": 0.0348, ""trimmed_mean_pool_full"": 0.0333, ""mean_pool1"": 0.0033, ""median_pool1"": 0.0156, ""trimmed_mean_pool1"": 0.0148, ""mean_pool2"": 0.0086, ""median_pool2"": 0.2555, ""trimmed_mean_pool2"": 0.0167, ""mean_pool3"": 0.0023, ""median_pool3"": 0.0265, ""trimmed_mean_pool3"": 0.0188, ""best_FT_catboost"": 0.5581, ""best_NaiveMovingAverage"": 0.0032, ""best_rf"": 0.0006, ""accept"": 0.0076}, ""input_tokens"": 1583, ""score"": 0.7051, ""rank"": 3, ""already_tested"": false}, {""iteration"": 2, ""action"": ""best_FT_catboost"", ""confidence"": 0.4166, ""probability_of_chosen"": 0.4585, ""probabilities"": {""mean_pool_full"": 0.0001, ""median_pool_full"": 0.0552, ""trimmed_mean_pool_full"": 0.0875, ""mean_pool4"": 0.0002, ""median_pool4"": 0.0061, ""trimmed_mean_pool4"": 0.0046, ""mean_pool1"": 0.0004, ""median_pool1"": 0.0961, ""trimmed_mean_pool1"": 0.0356, ""mean_pool2"": 0.0002, ""median_pool2"": 0.0158, ""trimmed_mean_pool2"": 0.2235, ""best_FT_catboost"": 0.4585, ""best_NaiveMovingAverage"": 0.0062, ""best_rf"": 0.0005, ""accept"": 0.0094}, ""input_tokens"": 1586, ""score"": 0.7051, ""rank"": 3, ""already_tested"": true}, {""iteration"": 3, ""action"": ""best_FT_catboost"", ""confidence"": 0.4166, ""probability_of_chosen"": 0.4585, ""probabilities"": {""mean_pool_full"": 0.0001, ""median_pool_full"": 0.0552, ""trimmed_mean_pool_full"": 0.0875, ""mean_pool4"": 0.0002, ""median_pool4"": 0.0061, ""trimmed_mean_pool4"": 0.0046, ""mean_pool1"": 0.0004, ""median_pool1"": 0.0961, ""trimmed_mean_pool1"": 0.0356, ""mean_pool2"": 0.0002, ""median_pool2"": 0.0158, ""trimmed_mean_pool2"": 0.2235, ""best_FT_catboost"": 0.4585, ""best_NaiveMovingAverage"": 0.0062, ""best_rf"": 0.0005, ""accept"": 0.0094}, ""input_tokens"": 1586, ""score"": 0.7051, ""rank"": 3, ""already_tested"": true}, {""iteration"": 4, ""action"": ""best_FT_catboost"", ""confidence"": 0.4166, ""probability_of_chosen"": 0.4585, ""probabilities"": {""mean_pool_full"": 0.0001, ""median_pool_full"": 0.0552, ""trimmed_mean_pool_full"": 0.0875, ""mean_pool4"": 0.0002, ""median_pool4"": 0.0061, ""trimmed_mean_pool4"": 0.0046, ""mean_pool1"": 0.0004, ""median_pool1"": 0.0961, ""trimmed_mean_pool1"": 0.0356, ""mean_pool2"": 0.0002, ""median_pool2"": 0.0158, ""trimmed_mean_pool2"": 0.2235, ""best_FT_catboost"": 0.4585, ""best_NaiveMovingAverage"": 0.0062, ""best_rf"": 0.0005, ""accept"": 0.0094}, ""input_tokens"": 1586, ""score"": 0.7051, ""rank"": 3, ""already_tested"": true}]}, ""score"": 0.6904}";baseline;4;no new information in 3 consecutive turns;1.1712945889793904;2460.030939162445;laya_multilingual_laya_v0_ml8192
13;12;orchestrator_laya_laya_v0_ml8192;0.24840475439645845;54.54545454545455;0.21819105150510473;323.4297965870091;0.21818256649683257;284.72080146381455;[[1538.816, 1571.309, 995.827, 1023.26, 915.526, 991.48, 1137.634, 1536.644, 1064.786, 1404.579, 1540.144, 1884.46]];[[1352.2676574848276, 1424.06714349, 1358.4366425331577, 1351.95455247, 1361.812806356842, 1361.8111681599999, 1363.885637461579, 1435.1456862284617, 1690.7647847139528, 1283.3899321220754, 1412.44727567963, 1512.137279124762]];2023-12-31 00:00:00;2024-11-30 00:00:00;"{""strategy"": {""combine"": ""dba"", ""pool"": ""pool_full"", ""dba_max_iter"": 30}, ""origin"": ""baseline"", ""loop"": {""final_attempt"": ""a3"", ""strategy"": {""combine"": ""dba"", ""pool"": ""pool_full"", ""dba_max_iter"": 30}, ""iterations_used"": 5, ""stop_reason"": ""no new information in 3 consecutive turns"", ""trace"": [{""iteration"": 1, ""action"": ""median_pool2"", ""confidence"": 0.3101, ""probability_of_chosen"": 0.229, ""probabilities"": {""mean_pool_full"": 0.0004, ""median_pool_full"": 0.0153, ""trimmed_mean_pool_full"": 0.2053, ""mean_pool1"": 0.0084, ""median_pool1"": 0.0077, ""trimmed_mean_pool1"": 0.0386, ""mean_pool2"": 0.002, ""median_pool2"": 0.229, ""trimmed_mean_pool2"": 0.1929, ""mean_pool3"": 0.0005, ""median_pool3"": 0.0163, ""trimmed_mean_pool3"": 0.0823, ""best_ARIMA"": 0.0005, ""best_ONLY_FT_rf"": 0.1899, ""best_NaiveMovingAverage"": 0.002, ""accept"": 0.0088}, ""input_tokens"": 1556, ""score"": 0.8826, ""rank"": 10, ""already_tested"": false}, {""iteration"": 2, ""action"": ""median_pool1"", ""confidence"": 0.437, ""probability_of_chosen"": 0.3556, ""probabilities"": {""mean_pool_full"": 0.0002, ""median_pool_full"": 0.0104, ""trimmed_mean_pool_full"": 0.3237, ""mean_pool4"": 0.0005, ""median_pool4"": 0.0006, ""trimmed_mean_pool4"": 0.0032, ""mean_pool1"": 0.0009, ""median_pool1"": 0.3556, ""trimmed_mean_pool1"": 0.1248, ""mean_pool2"": 0.0004, ""median_pool2"": 0.0071, ""trimmed_mean_pool2"": 0.0653, ""best_ARIMA"": 0.0003, ""best_ONLY_FT_rf"": 0.1003, ""best_NaiveMovingAverage"": 0.0013, ""accept"": 0.0055}, ""input_tokens"": 1556, ""score"": 0.9153, ""rank"": 11, ""already_tested"": false}, {""iteration"": 3, ""action"": ""median_pool1"", ""confidence"": 0.437, ""probability_of_chosen"": 0.3556, ""probabilities"": {""mean_pool_full"": 0.0002, ""median_pool_full"": 0.0104, ""trimmed_mean_pool_full"": 0.3237, ""mean_pool4"": 0.0005, ""median_pool4"": 0.0006, ""trimmed_mean_pool4"": 0.0032, ""mean_pool1"": 0.0009, ""median_pool1"": 0.3556, ""trimmed_mean_pool1"": 0.1248, ""mean_pool2"": 0.0004, ""median_pool2"": 0.0071, ""trimmed_mean_pool2"": 0.0653, ""best_ARIMA"": 0.0003, ""best_ONLY_FT_rf"": 0.1003, ""best_NaiveMovingAverage"": 0.0013, ""accept"": 0.0055}, ""input_tokens"": 1556, ""score"": 0.9153, ""rank"": 11, ""already_tested"": true}, {""iteration"": 4, ""action"": ""median_pool1"", ""confidence"": 0.437, ""probability_of_chosen"": 0.3556, ""probabilities"": {""mean_pool_full"": 0.0002, ""median_pool_full"": 0.0104, ""trimmed_mean_pool_full"": 0.3237, ""mean_pool4"": 0.0005, ""median_pool4"": 0.0006, ""trimmed_mean_pool4"": 0.0032, ""mean_pool1"": 0.0009, ""median_pool1"": 0.3556, ""trimmed_mean_pool1"": 0.1248, ""mean_pool2"": 0.0004, ""median_pool2"": 0.0071, ""trimmed_mean_pool2"": 0.0653, ""best_ARIMA"": 0.0003, ""best_ONLY_FT_rf"": 0.1003, ""best_NaiveMovingAverage"": 0.0013, ""accept"": 0.0055}, ""input_tokens"": 1556, ""score"": 0.9153, ""rank"": 11, ""already_tested"": true}, {""iteration"": 5, ""action"": ""median_pool1"", ""confidence"": 0.437, ""probability_of_chosen"": 0.3556, ""probabilities"": {""mean_pool_full"": 0.0002, ""median_pool_full"": 0.0104, ""trimmed_mean_pool_full"": 0.3237, ""mean_pool4"": 0.0005, ""median_pool4"": 0.0006, ""trimmed_mean_pool4"": 0.0032, ""mean_pool1"": 0.0009, ""median_pool1"": 0.3556, ""trimmed_mean_pool1"": 0.1248, ""mean_pool2"": 0.0004, ""median_pool2"": 0.0071, ""trimmed_mean_pool2"": 0.0653, ""best_ARIMA"": 0.0003, ""best_ONLY_FT_rf"": 0.1003, ""best_NaiveMovingAverage"": 0.0013, ""accept"": 0.0055}, ""input_tokens"": 1556, ""score"": 0.9153, ""rank"": 11, ""already_tested"": true}]}, ""score"": 0.6472}";baseline;5;no new information in 3 consecutive turns;0.21819105150510473;323.4297965870091;laya_multilingual_laya_v0_ml8192
14;12;orchestrator_laya_laya_v0_ml8192;0.046043323654626066;63.63636363636363;0.04656901665557476;2068.653016126258;0.04656895223649351;1685.8221161436843;[[39591.8, 36888.912, 32664.5, 35135.5, 36271.5, 35768.852, 33415.501, 36281.4, 36915.5, 36540.0, 39918.4, 36132.689]];[[35921.528039197896, 35407.90349011737, 35607.54007257579, 35881.77110928052, 35097.16495983894, 36390.97606136842, 35589.623425300524, 35314.85643248789, 35849.28609699369, 35614.21172415421, 35803.950144332106, 35786.99238767895]];2023-12-31 00:00:00;2024-11-30 00:00:00;"{""strategy"": {""combine"": ""mean"", ""pool"": ""pool_full""}, ""origin"": ""baseline"", ""loop"": {""final_attempt"": ""a1"", ""strategy"": {""combine"": ""mean"", ""pool"": ""pool_full""}, ""iterations_used"": 4, ""stop_reason"": ""no new information in 3 consecutive turns"", ""trace"": [{""iteration"": 1, ""action"": ""median_pool2"", ""confidence"": 0.9621, ""probability_of_chosen"": 0.9853, ""probabilities"": {""mean_pool_full"": 0.0, ""median_pool_full"": 0.0018, ""trimmed_mean_pool_full"": 0.0049, ""mean_pool1"": 0.0002, ""median_pool1"": 0.0007, ""trimmed_mean_pool1"": 0.0002, ""mean_pool2"": 0.0001, ""median_pool2"": 0.9853, ""trimmed_mean_pool2"": 0.0008, ""mean_pool3"": 0.0, ""median_pool3"": 0.0031, ""trimmed_mean_pool3"": 0.0007, ""best_THETA"": 0.0004, ""best_ETS"": 0.0, ""best_ARIMA"": 0.0001, ""accept"": 0.0016}, ""input_tokens"": 1619, ""score"": 0.8763, ""rank"": 8, ""already_tested"": false}, {""iteration"": 2, ""action"": ""median_pool2"", ""confidence"": 0.9924, ""probability_of_chosen"": 0.9974, ""probabilities"": {""mean_pool_full"": 0.0, ""median_pool_full"": 0.0002, ""trimmed_mean_pool_full"": 0.0018, ""mean_pool4"": 0.0, ""median_pool4"": 0.0, ""trimmed_mean_pool4"": 0.0, ""mean_pool1"": 0.0, ""median_pool1"": 0.0002, ""trimmed_mean_pool1"": 0.0, ""mean_pool2"": 0.0, ""median_pool2"": 0.9974, ""trimmed_mean_pool2"": 0.0001, ""best_THETA"": 0.0, ""best_ETS"": 0.0, ""best_ARIMA"": 0.0, ""accept"": 0.0001}, ""input_tokens"": 1619, ""score"": 0.8763, ""rank"": 8, ""already_tested"": true}, {""iteration"": 3, ""action"": ""median_pool2"", ""confidence"": 0.9924, ""probability_of_chosen"": 0.9974, ""probabilities"": {""mean_pool_full"": 0.0, ""median_pool_full"": 0.0002, ""trimmed_mean_pool_full"": 0.0018, ""mean_pool4"": 0.0, ""median_pool4"": 0.0, ""trimmed_mean_pool4"": 0.0, ""mean_pool1"": 0.0, ""median_pool1"": 0.0002, ""trimmed_mean_pool1"": 0.0, ""mean_pool2"": 0.0, ""median_pool2"": 0.9974, ""trimmed_mean_pool2"": 0.0001, ""best_THETA"": 0.0, ""best_ETS"": 0.0, ""best_ARIMA"": 0.0, ""accept"": 0.0001}, ""input_tokens"": 1619, ""score"": 0.8763, ""rank"": 8, ""already_tested"": true}, {""iteration"": 4, ""action"": ""median_pool2"", ""confidence"": 0.9924, ""probability_of_chosen"": 0.9974, ""probabilities"": {""mean_pool_full"": 0.0, ""median_pool_full"": 0.0002, ""trimmed_mean_pool_full"": 0.0018, ""mean_pool4"": 0.0, ""median_pool4"": 0.0, ""trimmed_mean_pool4"": 0.0, ""mean_pool1"": 0.0, ""median_pool1"": 0.0002, ""trimmed_mean_pool1"": 0.0, ""mean_pool2"": 0.0, ""median_pool2"": 0.9974, ""trimmed_mean_pool2"": 0.0001, ""best_THETA"": 0.0, ""best_ETS"": 0.0, ""best_ARIMA"": 0.0, ""accept"": 0.0001}, ""input_tokens"": 1619, ""score"": 0.8763, ""rank"": 8, ""already_tested"": true}]}, ""score"": 0.6788}";baseline;4;no new information in 3 consecutive turns;0.04656901665557476;2068.653016126258;laya_multilingual_laya_v0_ml8192
15;12;orchestrator_laya_laya_v0_ml8192;0.05017820771935374;63.63636363636363;0.05042536327130855;2642.414765216869;0.05042530477843429;2177.3749783046496;[[45987.0, 45178.0, 38166.5, 42286.0, 42651.5, 42108.0, 39827.502, 43207.0, 45114.5, 43982.0, 48169.3, 45040.7]];[[44067.76723279842, 43168.46191920105, 42715.83219889473, 43503.719831553164, 42448.169443304745, 42701.87869535474, 42692.569246744744, 42358.62311749368, 42420.071427242634, 42613.594803771055, 42731.55921556, 42619.25107352]];2023-12-31 00:00:00;2024-11-30 00:00:00;"{""strategy"": {""combine"": ""mean"", ""pool"": ""pool_full""}, ""origin"": ""baseline"", ""loop"": {""final_attempt"": ""a1"", ""strategy"": {""combine"": ""mean"", ""pool"": ""pool_full""}, ""iterations_used"": 5, ""stop_reason"": ""no new information in 3 consecutive turns"", ""trace"": [{""iteration"": 1, ""action"": ""best_ONLY_CWT_rf"", ""confidence"": 0.2652, ""probability_of_chosen"": 0.2436, ""probabilities"": {""mean_pool_full"": 0.0003, ""median_pool_full"": 0.1598, ""trimmed_mean_pool_full"": 0.0222, ""mean_pool1"": 0.0031, ""median_pool1"": 0.014, ""trimmed_mean_pool1"": 0.0274, ""mean_pool2"": 0.0023, ""median_pool2"": 0.2289, ""trimmed_mean_pool2"": 0.0829, ""mean_pool3"": 0.0005, ""median_pool3"": 0.0576, ""trimmed_mean_pool3"": 0.0495, ""best_ETS"": 0.0008, ""best_THETA"": 0.0039, ""best_ONLY_CWT_rf"": 0.2436, ""accept"": 0.1032}, ""input_tokens"": 1618, ""score"": 0.7224, ""rank"": 4, ""already_tested"": false}, {""iteration"": 2, ""action"": ""median_pool2"", ""confidence"": 0.4554, ""probability_of_chosen"": 0.3867, ""probabilities"": {""mean_pool_full"": 0.0002, ""median_pool_full"": 0.0109, ""trimmed_mean_pool_full"": 0.3256, ""mean_pool4"": 0.0005, ""median_pool4"": 0.0022, ""trimmed_mean_pool4"": 0.0008, ""mean_pool1"": 0.0011, ""median_pool1"": 0.0727, ""trimmed_mean_pool1"": 0.0037, ""mean_pool2"": 0.0006, ""median_pool2"": 0.3867, ""trimmed_mean_pool2"": 0.0184, ""best_ETS"": 0.0009, ""best_THETA"": 0.0014, ""best_ONLY_CWT_rf"": 0.14, ""accept"": 0.0343}, ""input_tokens"": 1620, ""score"": 0.7996, ""rank"": 11, ""already_tested"": false}, {""iteration"": 3, ""action"": ""median_pool2"", ""confidence"": 0.4554, ""probability_of_chosen"": 0.3867, ""probabilities"": {""mean_pool_full"": 0.0002, ""median_pool_full"": 0.0109, ""trimmed_mean_pool_full"": 0.3256, ""mean_pool4"": 0.0005, ""median_pool4"": 0.0022, ""trimmed_mean_pool4"": 0.0008, ""mean_pool1"": 0.0011, ""median_pool1"": 0.0727, ""trimmed_mean_pool1"": 0.0037, ""mean_pool2"": 0.0006, ""median_pool2"": 0.3867, ""trimmed_mean_pool2"": 0.0184, ""best_ETS"": 0.0009, ""best_THETA"": 0.0014, ""best_ONLY_CWT_rf"": 0.14, ""accept"": 0.0343}, ""input_tokens"": 1620, ""score"": 0.7996, ""rank"": 11, ""already_tested"": true}, {""iteration"": 4, ""action"": ""median_pool2"", ""confidence"": 0.4554, ""probability_of_chosen"": 0.3867, ""probabilities"": {""mean_pool_full"": 0.0002, ""median_pool_full"": 0.0109, ""trimmed_mean_pool_full"": 0.3256, ""mean_pool4"": 0.0005, ""median_pool4"": 0.0022, ""trimmed_mean_pool4"": 0.0008, ""mean_pool1"": 0.0011, ""median_pool1"": 0.0727, ""trimmed_mean_pool1"": 0.0037, ""mean_pool2"": 0.0006, ""median_pool2"": 0.3867, ""trimmed_mean_pool2"": 0.0184, ""best_ETS"": 0.0009, ""best_THETA"": 0.0014, ""best_ONLY_CWT_rf"": 0.14, ""accept"": 0.0343}, ""input_tokens"": 1620, ""score"": 0.7996, ""rank"": 11, ""already_tested"": true}, {""iteration"": 5, ""action"": ""median_pool2"", ""confidence"": 0.4554, ""probability_of_chosen"": 0.3867, ""probabilities"": {""mean_pool_full"": 0.0002, ""median_pool_full"": 0.0109, ""trimmed_mean_pool_full"": 0.3256, ""mean_pool4"": 0.0005, ""median_pool4"": 0.0022, ""trimmed_mean_pool4"": 0.0008, ""mean_pool1"": 0.0011, ""median_pool1"": 0.0727, ""trimmed_mean_pool1"": 0.0037, ""mean_pool2"": 0.0006, ""median_pool2"": 0.3867, ""trimmed_mean_pool2"": 0.0184, ""best_ETS"": 0.0009, ""best_THETA"": 0.0014, ""best_ONLY_CWT_rf"": 0.14, ""accept"": 0.0343}, ""input_tokens"": 1620, ""score"": 0.7996, ""rank"": 11, ""already_tested"": true}]}, ""score"": 0.6909}";baseline;5;no new information in 3 consecutive turns;0.05042536327130855;2642.414765216869;laya_multilingual_laya_v0_ml8192
16;12;orchestrator_laya_laya_v0_ml8192;0.1442601664163035;72.72727272727273;0.15677308752480282;17349.369962831337;0.15677301260688034;16451.096088941664;[[120572.463, 114300.957, 108673.707, 124166.409, 120081.922, 116133.254, 103861.919, 107601.287, 106660.659, 106643.284, 117849.72, 115866.616]];[[105974.79107903, 101778.76409372, 100083.20864538, 102547.44786304, 101707.86057108, 107514.93993712, 93044.20713932, 89850.20175438, 89465.92525718, 89924.31112922, 91799.26364883, 91308.1228144]];2023-12-31 00:00:00;2024-11-30 00:00:00;"{""strategy"": {""combine"": ""best_single"", ""model"": ""FT_rf"", ""pool"": ""pool_full""}, ""origin"": ""agent"", ""loop"": {""final_attempt"": ""a10"", ""strategy"": {""combine"": ""best_single"", ""model"": ""FT_rf"", ""pool"": ""pool_full""}, ""iterations_used"": 4, ""stop_reason"": ""no new information in 3 consecutive turns"", ""trace"": [{""iteration"": 1, ""action"": ""best_FT_rf"", ""confidence"": 0.9947, ""probability_of_chosen"": 0.9984, ""probabilities"": {""mean_pool_full"": 0.0, ""median_pool_full"": 0.0, ""trimmed_mean_pool_full"": 0.0001, ""mean_pool1"": 0.0, ""median_pool1"": 0.0, ""trimmed_mean_pool1"": 0.0, ""mean_pool2"": 0.0, ""median_pool2"": 0.0006, ""trimmed_mean_pool2"": 0.0004, ""mean_pool3"": 0.0, ""median_pool3"": 0.0001, ""trimmed_mean_pool3"": 0.0003, ""best_FT_rf"": 0.9984, ""best_NaiveMovingAverage"": 0.0, ""best_THETA"": 0.0, ""accept"": 0.0001}, ""input_tokens"": 1644, ""score"": 0.5103, ""rank"": 1, ""already_tested"": false}, {""iteration"": 2, ""action"": ""best_FT_rf"", ""confidence"": 0.9859, ""probability_of_chosen"": 0.9952, ""probabilities"": {""mean_pool_full"": 0.0, ""median_pool_full"": 0.0001, ""trimmed_mean_pool_full"": 0.0012, ""mean_pool4"": 0.0, ""median_pool4"": 0.0002, ""trimmed_mean_pool4"": 0.0001, ""mean_pool1"": 0.0, ""median_pool1"": 0.0009, ""trimmed_mean_pool1"": 0.0004, ""mean_pool2"": 0.0, ""median_pool2"": 0.0013, ""trimmed_mean_pool2"": 0.0003, ""best_FT_rf"": 0.9952, ""best_NaiveMovingAverage"": 0.0, ""best_THETA"": 0.0, ""accept"": 0.0001}, ""input_tokens"": 1640, ""score"": 0.5103, ""rank"": 1, ""already_tested"": true}, {""iteration"": 3, ""action"": ""best_FT_rf"", ""confidence"": 0.9859, ""probability_of_chosen"": 0.9952, ""probabilities"": {""mean_pool_full"": 0.0, ""median_pool_full"": 0.0001, ""trimmed_mean_pool_full"": 0.0012, ""mean_pool4"": 0.0, ""median_pool4"": 0.0002, ""trimmed_mean_pool4"": 0.0001, ""mean_pool1"": 0.0, ""median_pool1"": 0.0009, ""trimmed_mean_pool1"": 0.0004, ""mean_pool2"": 0.0, ""median_pool2"": 0.0013, ""trimmed_mean_pool2"": 0.0003, ""best_FT_rf"": 0.9952, ""best_NaiveMovingAverage"": 0.0, ""best_THETA"": 0.0, ""accept"": 0.0001}, ""input_tokens"": 1640, ""score"": 0.5103, ""rank"": 1, ""already_tested"": true}, {""iteration"": 4, ""action"": ""best_FT_rf"", ""confidence"": 0.9859, ""probability_of_chosen"": 0.9952, ""probabilities"": {""mean_pool_full"": 0.0, ""median_pool_full"": 0.0001, ""trimmed_mean_pool_full"": 0.0012, ""mean_pool4"": 0.0, ""median_pool4"": 0.0002, ""trimmed_mean_pool4"": 0.0001, ""mean_pool1"": 0.0, ""median_pool1"": 0.0009, ""trimmed_mean_pool1"": 0.0004, ""mean_pool2"": 0.0, ""median_pool2"": 0.0013, ""trimmed_mean_pool2"": 0.0003, ""best_FT_rf"": 0.9952, ""best_NaiveMovingAverage"": 0.0, ""best_THETA"": 0.0, ""accept"": 0.0001}, ""input_tokens"": 1640, ""score"": 0.5103, ""rank"": 1, ""already_tested"": true}]}, ""score"": 0.5103}";agent;4;no new information in 3 consecutive turns;0.19778172432418983;21616.931943072996;laya_multilingual_laya_v0_ml8192
17;12;orchestrator_laya_laya_v0_ml8192;0.16351719199014678;72.72727272727273;0.14983103092826697;128987.77857736376;0.1498310218196602;123412.91013766087;[[868003.888, 760665.314, 683361.59, 776129.554, 774072.69, 786170.773, 765536.187, 791770.669, 819095.114, 750294.343, 753049.757, 701210.162]];[[936012.225338442, 857039.849820338, 868099.6188807881, 875789.6512539521, 867864.4047129501, 948701.011734394, 887230.5669152981, 887150.2936420019, 909685.888643394, 901226.9043081182, 886693.380723062, 884821.166679192]];2023-12-31 00:00:00;2024-11-30 00:00:00;"{""strategy"": {""combine"": ""trimmed_mean"", ""pool"": ""pool2"", ""trim_pct"": 0.2}, ""origin"": ""baseline"", ""loop"": {""final_attempt"": ""a7"", ""strategy"": {""combine"": ""trimmed_mean"", ""pool"": ""pool2"", ""trim_pct"": 0.2}, ""iterations_used"": 4, ""stop_reason"": ""no new information in 3 consecutive turns"", ""trace"": [{""iteration"": 1, ""action"": ""best_ONLY_DWT_rf"", ""confidence"": 0.805, ""probability_of_chosen"": 0.8994, ""probabilities"": {""mean_pool_full"": 0.0011, ""median_pool_full"": 0.0027, ""trimmed_mean_pool_full"": 0.0056, ""mean_pool1"": 0.0008, ""median_pool1"": 0.0005, ""trimmed_mean_pool1"": 0.0047, ""mean_pool2"": 0.0008, ""median_pool2"": 0.0247, ""trimmed_mean_pool2"": 0.0071, ""mean_pool3"": 0.0003, ""median_pool3"": 0.0108, ""trimmed_mean_pool3"": 0.0045, ""best_DWT_catboost"": 0.0031, ""best_DWT_rf"": 0.0074, ""best_ONLY_DWT_rf"": 0.8994, ""accept"": 0.0265}, ""input_tokens"": 1674, ""score"": 0.6087, ""rank"": 5, ""already_tested"": false}, {""iteration"": 2, ""action"": ""best_ONLY_DWT_rf"", ""confidence"": 0.971, ""probability_of_chosen"": 0.9895, ""probabilities"": {""mean_pool_full"": 0.0001, ""median_pool_full"": 0.0002, ""trimmed_mean_pool_full"": 0.0013, ""mean_pool4"": 0.0, ""median_pool4"": 0.0, ""trimmed_mean_pool4"": 0.0001, ""mean_pool1"": 0.0, ""median_pool1"": 0.0005, ""trimmed_mean_pool1"": 0.0024, ""mean_pool2"": 0.0001, ""median_pool2"": 0.001, ""trimmed_mean_pool2"": 0.0004, ""best_DWT_catboost"": 0.0012, ""best_DWT_rf"": 0.0006, ""best_ONLY_DWT_rf"": 0.9895, ""accept"": 0.0023}, ""input_tokens"": 1681, ""score"": 0.6087, ""rank"": 5, ""already_tested"": true}, {""iteration"": 3, ""action"": ""best_ONLY_DWT_rf"", ""confidence"": 0.971, ""probability_of_chosen"": 0.9895, ""probabilities"": {""mean_pool_full"": 0.0001, ""median_pool_full"": 0.0002, ""trimmed_mean_pool_full"": 0.0013, ""mean_pool4"": 0.0, ""median_pool4"": 0.0, ""trimmed_mean_pool4"": 0.0001, ""mean_pool1"": 0.0, ""median_pool1"": 0.0005, ""trimmed_mean_pool1"": 0.0024, ""mean_pool2"": 0.0001, ""median_pool2"": 0.001, ""trimmed_mean_pool2"": 0.0004, ""best_DWT_catboost"": 0.0012, ""best_DWT_rf"": 0.0006, ""best_ONLY_DWT_rf"": 0.9895, ""accept"": 0.0023}, ""input_tokens"": 1681, ""score"": 0.6087, ""rank"": 5, ""already_tested"": true}, {""iteration"": 4, ""action"": ""best_ONLY_DWT_rf"", ""confidence"": 0.971, ""probability_of_chosen"": 0.9895, ""probabilities"": {""mean_pool_full"": 0.0001, ""median_pool_full"": 0.0002, ""trimmed_mean_pool_full"": 0.0013, ""mean_pool4"": 0.0, ""median_pool4"": 0.0, ""trimmed_mean_pool4"": 0.0001, ""mean_pool1"": 0.0, ""median_pool1"": 0.0005, ""trimmed_mean_pool1"": 0.0024, ""mean_pool2"": 0.0001, ""median_pool2"": 0.001, ""trimmed_mean_pool2"": 0.0004, ""best_DWT_catboost"": 0.0012, ""best_DWT_rf"": 0.0006, ""best_ONLY_DWT_rf"": 0.9895, ""accept"": 0.0023}, ""input_tokens"": 1681, ""score"": 0.6087, ""rank"": 5, ""already_tested"": true}]}, ""score"": 0.6006}";baseline;4;no new information in 3 consecutive turns;0.14983103092826697;128987.77857736376;laya_multilingual_laya_v0_ml8192
18;12;orchestrator_laya_laya_v0_ml8192;2.300282940173736e+17;54.54545454545455;1.431235658678295;4817.074166721507;1.4311415168499095;3431.6043580633336;[[0.0, 616.76, 636.75, 1381.48, 2077.19, 44.46, 1372.93, 9928.933, 7029.98, 5002.95, 8352.29, 7760.64]];[[612.9185, 493.0527992, 338.3737591, 303.32944165, 319.2214201, 335.17001414, 383.65944099, 397.43796733, 461.60050151, 386.01643566, 444.90158175, 356.68587009]];2023-12-31 00:00:00;2024-11-30 00:00:00;"{""strategy"": {""combine"": ""median"", ""pool"": ""pool_full""}, ""origin"": ""baseline"", ""loop"": {""final_attempt"": ""a2"", ""strategy"": {""combine"": ""median"", ""pool"": ""pool_full""}, ""iterations_used"": 3, ""stop_reason"": ""no new information in 3 consecutive turns"", ""trace"": [{""iteration"": 1, ""action"": ""median_pool_full"", ""confidence"": 0.6351, ""probability_of_chosen"": 0.6627, ""probabilities"": {""mean_pool_full"": 0.0007, ""median_pool_full"": 0.6627, ""trimmed_mean_pool_full"": 0.006, ""mean_pool1"": 0.0028, ""median_pool1"": 0.0063, ""trimmed_mean_pool1"": 0.0017, ""mean_pool2"": 0.004, ""median_pool2"": 0.2555, ""trimmed_mean_pool2"": 0.0047, ""mean_pool3"": 0.0007, ""median_pool3"": 0.0098, ""trimmed_mean_pool3"": 0.0027, ""best_ONLY_FT_catboost"": 0.0208, ""best_NaiveMovingAverage"": 0.0042, ""best_ONLY_CWT_catboost"": 0.0028, ""accept"": 0.0145}, ""input_tokens"": 1545, ""score"": 0.6605, ""rank"": 1, ""already_tested"": true}, {""iteration"": 2, ""action"": ""median_pool_full"", ""confidence"": 0.837, ""probability_of_chosen"": 0.9143, ""probabilities"": {""mean_pool_full"": 0.0002, ""median_pool_full"": 0.9143, ""trimmed_mean_pool_full"": 0.0092, ""mean_pool4"": 0.0003, ""median_pool4"": 0.0014, ""trimmed_mean_pool4"": 0.0003, ""mean_pool1"": 0.0011, ""median_pool1"": 0.0294, ""trimmed_mean_pool1"": 0.0015, ""mean_pool2"": 0.0006, ""median_pool2"": 0.0244, ""trimmed_mean_pool2"": 0.0034, ""best_ONLY_FT_catboost"": 0.006, ""best_NaiveMovingAverage"": 0.0014, ""best_ONLY_CWT_catboost"": 0.001, ""accept"": 0.0054}, ""input_tokens"": 1545, ""score"": 0.6605, ""rank"": 1, ""already_tested"": true}, {""iteration"": 3, ""action"": ""median_pool_full"", ""confidence"": 0.837, ""probability_of_chosen"": 0.9143, ""probabilities"": {""mean_pool_full"": 0.0002, ""median_pool_full"": 0.9143, ""trimmed_mean_pool_full"": 0.0092, ""mean_pool4"": 0.0003, ""median_pool4"": 0.0014, ""trimmed_mean_pool4"": 0.0003, ""mean_pool1"": 0.0011, ""median_pool1"": 0.0294, ""trimmed_mean_pool1"": 0.0015, ""mean_pool2"": 0.0006, ""median_pool2"": 0.0244, ""trimmed_mean_pool2"": 0.0034, ""best_ONLY_FT_catboost"": 0.006, ""best_NaiveMovingAverage"": 0.0014, ""best_ONLY_CWT_catboost"": 0.001, ""accept"": 0.0054}, ""input_tokens"": 1545, ""score"": 0.6605, ""rank"": 1, ""already_tested"": true}]}, ""score"": 0.6605}";baseline;3;no new information in 3 consecutive turns;1.431235658678295;4817.074166721507;laya_multilingual_laya_v0_ml8192
19;12;orchestrator_laya_laya_v0_ml8192;0.2915562825647125;63.63636363636363;0.23900615918838955;673.9470080341996;0.23900123128180972;584.3709058958333;[[2163.45, 2173.7, 3126.46, 1914.25, 2419.39, 1412.38, 2655.25, 2235.73, 2730.61, 2109.89, 2365.77, 2336.09]];[[2848.21371632, 2945.35227405, 2698.31121082, 2665.57667237, 2766.26451965, 2843.71425815, 2775.90450589, 2759.70506434, 2843.2205223, 2871.26871634, 2954.96612608, 2826.62570608]];2023-12-31 00:00:00;2024-11-30 00:00:00;"{""strategy"": {""combine"": ""best_single"", ""model"": ""ONLY_DWT_rf"", ""pool"": ""pool_full""}, ""origin"": ""agent"", ""loop"": {""final_attempt"": ""a11"", ""strategy"": {""combine"": ""best_single"", ""model"": ""ONLY_DWT_rf"", ""pool"": ""pool_full""}, ""iterations_used"": 6, ""stop_reason"": ""no new information in 3 consecutive turns"", ""trace"": [{""iteration"": 1, ""action"": ""trimmed_mean_pool2"", ""confidence"": 0.2837, ""probability_of_chosen"": 0.3504, ""probabilities"": {""mean_pool_full"": 0.0003, ""median_pool_full"": 0.0542, ""trimmed_mean_pool_full"": 0.1289, ""mean_pool1"": 0.0058, ""median_pool1"": 0.0034, ""trimmed_mean_pool1"": 0.0118, ""mean_pool2"": 0.0062, ""median_pool2"": 0.0554, ""trimmed_mean_pool2"": 0.3504, ""mean_pool3"": 0.0015, ""median_pool3"": 0.1044, ""trimmed_mean_pool3"": 0.0614, ""best_DWT_rf"": 0.0315, ""best_ONLY_DWT_rf"": 0.1681, ""best_ETS"": 0.0021, ""accept"": 0.0146}, ""input_tokens"": 1563, ""score"": 0.7788, ""rank"": 9, ""already_tested"": true}, {""iteration"": 2, ""action"": ""trimmed_mean_pool_full"", ""confidence"": 0.3972, ""probability_of_chosen"": 0.4852, ""probabilities"": {""mean_pool_full"": 0.0002, ""median_pool_full"": 0.0291, ""trimmed_mean_pool_full"": 0.4852, ""mean_pool4"": 0.0013, ""median_pool4"": 0.0011, ""trimmed_mean_pool4"": 0.0028, ""mean_pool1"": 0.0035, ""median_pool1"": 0.0289, ""trimmed_mean_pool1"": 0.0367, ""mean_pool2"": 0.0033, ""median_pool2"": 0.1171, ""trimmed_mean_pool2"": 0.1266, ""best_DWT_rf"": 0.02, ""best_ONLY_DWT_rf"": 0.1306, ""best_ETS"": 0.0018, ""accept"": 0.0117}, ""input_tokens"": 1563, ""score"": 0.7213, ""rank"": 3, ""already_tested"": false}, {""iteration"": 3, ""action"": ""best_ONLY_DWT_rf"", ""confidence"": 0.2728, ""probability_of_chosen"": 0.2681, ""probabilities"": {""mean_pool_full"": 0.0004, ""median_pool_full"": 0.0222, ""trimmed_mean_pool_full"": 0.2518, ""mean_pool4"": 0.001, ""median_pool4"": 0.0158, ""trimmed_mean_pool4"": 0.0034, ""mean_pool1"": 0.0041, ""median_pool1"": 0.0741, ""trimmed_mean_pool1"": 0.049, ""mean_pool2"": 0.0093, ""median_pool2"": 0.0905, ""trimmed_mean_pool2"": 0.148, ""best_DWT_rf"": 0.0352, ""best_ONLY_DWT_rf"": 0.2681, ""best_ETS"": 0.0057, ""accept"": 0.0212}, ""input_tokens"": 1561, ""score"": 0.5672, ""rank"": 1, ""already_tested"": false}, {""iteration"": 4, ""action"": ""trimmed_mean_pool_full"", ""confidence"": 0.4745, ""probability_of_chosen"": 0.5149, ""probabilities"": {""mean_pool_full"": 0.0001, ""median_pool_full"": 0.0104, ""trimmed_mean_pool_full"": 0.5149, ""mean_pool4"": 0.0001, ""median_pool4"": 0.0011, ""trimmed_mean_pool4"": 0.0043, ""mean_pool1"": 0.0006, ""median_pool1"": 0.018, ""trimmed_mean_pool1"": 0.0543, ""mean_pool2"": 0.0005, ""median_pool2"": 0.0184, ""trimmed_mean_pool2"": 0.0249, ""best_DWT_rf"": 0.2395, ""best_ONLY_DWT_rf"": 0.1014, ""best_ETS"": 0.0016, ""accept"": 0.0099}, ""input_tokens"": 1566, ""score"": 0.7213, ""rank"": 4, ""already_tested"": true}, {""iteration"": 5, ""action"": ""trimmed_mean_pool_full"", ""confidence"": 0.4745, ""probability_of_chosen"": 0.5149, ""probabilities"": {""mean_pool_full"": 0.0001, ""median_pool_full"": 0.0104, ""trimmed_mean_pool_full"": 0.5149, ""mean_pool4"": 0.0001, ""median_pool4"": 0.0011, ""trimmed_mean_pool4"": 0.0043, ""mean_pool1"": 0.0006, ""median_pool1"": 0.018, ""trimmed_mean_pool1"": 0.0543, ""mean_pool2"": 0.0005, ""median_pool2"": 0.0184, ""trimmed_mean_pool2"": 0.0249, ""best_DWT_rf"": 0.2395, ""best_ONLY_DWT_rf"": 0.1014, ""best_ETS"": 0.0016, ""accept"": 0.0099}, ""input_tokens"": 1566, ""score"": 0.7213, ""rank"": 4, ""already_tested"": true}, {""iteration"": 6, ""action"": ""trimmed_mean_pool_full"", ""confidence"": 0.4745, ""probability_of_chosen"": 0.5149, ""probabilities"": {""mean_pool_full"": 0.0001, ""median_pool_full"": 0.0104, ""trimmed_mean_pool_full"": 0.5149, ""mean_pool4"": 0.0001, ""median_pool4"": 0.0011, ""trimmed_mean_pool4"": 0.0043, ""mean_pool1"": 0.0006, ""median_pool1"": 0.018, ""trimmed_mean_pool1"": 0.0543, ""mean_pool2"": 0.0005, ""median_pool2"": 0.0184, ""trimmed_mean_pool2"": 0.0249, ""best_DWT_rf"": 0.2395, ""best_ONLY_DWT_rf"": 0.1014, ""best_ETS"": 0.0016, ""accept"": 0.0099}, ""input_tokens"": 1566, ""score"": 0.7213, ""rank"": 4, ""already_tested"": true}]}, ""score"": 0.5672}";agent;6;no new information in 3 consecutive turns;0.21389458614477508;602.1595168086064;laya_multilingual_laya_v0_ml8192
20;12;orchestrator_laya_laya_v0_ml8192;0.1879901794084412;63.63636363636363;0.2083837434800712;166525.88028964718;0.20838373010262765;162386.1072781308;[[902707.043, 833596.031, 821232.526, 894427.795, 862594.276, 899209.875, 797496.864, 810041.219, 873363.838, 868765.928, 883228.442, 847121.538]];[[675671.82658333, 672623.03004861, 681098.48471933, 688593.75836261, 688835.46430949, 694845.58575195, 698894.28723128, 705242.43100055, 713434.20166726, 713100.68697287, 709941.48388727, 702870.84712788]];2023-12-31 00:00:00;2024-11-30 00:00:00;"{""strategy"": {""combine"": ""best_single"", ""model"": ""NaiveMovingAverage"", ""pool"": ""pool_full""}, ""origin"": ""agent"", ""loop"": {""final_attempt"": ""a10"", ""strategy"": {""combine"": ""best_single"", ""model"": ""NaiveMovingAverage"", ""pool"": ""pool_full""}, ""iterations_used"": 4, ""stop_reason"": ""no new information in 3 consecutive turns"", ""trace"": [{""iteration"": 1, ""action"": ""best_NaiveMovingAverage"", ""confidence"": 0.9992, ""probability_of_chosen"": 0.9998, ""probabilities"": {""mean_pool_full"": 0.0, ""median_pool_full"": 0.0, ""trimmed_mean_pool_full"": 0.0001, ""mean_pool1"": 0.0, ""median_pool1"": 0.0, ""trimmed_mean_pool1"": 0.0, ""mean_pool2"": 0.0, ""median_pool2"": 0.0, ""trimmed_mean_pool2"": 0.0001, ""mean_pool3"": 0.0, ""median_pool3"": 0.0, ""trimmed_mean_pool3"": 0.0, ""best_NaiveMovingAverage"": 0.9998, ""best_ETS"": 0.0, ""best_THETA"": 0.0, ""accept"": 0.0}, ""input_tokens"": 1640, ""score"": 0.4873, ""rank"": 1, ""already_tested"": false}, {""iteration"": 2, ""action"": ""best_NaiveMovingAverage"", ""confidence"": 1.0, ""probability_of_chosen"": 1.0, ""probabilities"": {""mean_pool_full"": 0.0, ""median_pool_full"": 0.0, ""trimmed_mean_pool_full"": 0.0, ""mean_pool4"": 0.0, ""median_pool4"": 0.0, ""trimmed_mean_pool4"": 0.0, ""mean_pool1"": 0.0, ""median_pool1"": 0.0, ""trimmed_mean_pool1"": 0.0, ""mean_pool2"": 0.0, ""median_pool2"": 0.0, ""trimmed_mean_pool2"": 0.0, ""best_NaiveMovingAverage"": 1.0, ""best_ETS"": 0.0, ""best_THETA"": 0.0, ""accept"": 0.0}, ""input_tokens"": 1640, ""score"": 0.4873, ""rank"": 1, ""already_tested"": true}, {""iteration"": 3, ""action"": ""best_NaiveMovingAverage"", ""confidence"": 1.0, ""probability_of_chosen"": 1.0, ""probabilities"": {""mean_pool_full"": 0.0, ""median_pool_full"": 0.0, ""trimmed_mean_pool_full"": 0.0, ""mean_pool4"": 0.0, ""median_pool4"": 0.0, ""trimmed_mean_pool4"": 0.0, ""mean_pool1"": 0.0, ""median_pool1"": 0.0, ""trimmed_mean_pool1"": 0.0, ""mean_pool2"": 0.0, ""median_pool2"": 0.0, ""trimmed_mean_pool2"": 0.0, ""best_NaiveMovingAverage"": 1.0, ""best_ETS"": 0.0, ""best_THETA"": 0.0, ""accept"": 0.0}, ""input_tokens"": 1640, ""score"": 0.4873, ""rank"": 1, ""already_tested"": true}, {""iteration"": 4, ""action"": ""best_NaiveMovingAverage"", ""confidence"": 1.0, ""probability_of_chosen"": 1.0, ""probabilities"": {""mean_pool_full"": 0.0, ""median_pool_full"": 0.0, ""trimmed_mean_pool_full"": 0.0, ""mean_pool4"": 0.0, ""median_pool4"": 0.0, ""trimmed_mean_pool4"": 0.0, ""mean_pool1"": 0.0, ""median_pool1"": 0.0, ""trimmed_mean_pool1"": 0.0, ""mean_pool2"": 0.0, ""median_pool2"": 0.0, ""trimmed_mean_pool2"": 0.0, ""best_NaiveMovingAverage"": 1.0, ""best_ETS"": 0.0, ""best_THETA"": 0.0, ""accept"": 0.0}, ""input_tokens"": 1640, ""score"": 0.4873, ""rank"": 1, ""already_tested"": true}]}, ""score"": 0.4873}";agent;4;no new information in 3 consecutive turns;0.10729709857238173;93020.58227927632;laya_multilingual_laya_v0_ml8192
21;12;orchestrator_laya_laya_v0_ml8192;0.03192067657266878;72.72727272727273;0.03105806094467535;3044.753409269015;0.03105803632330115;1962.4131953660938;[[66438.25, 64691.38, 55857.819, 62027.08, 62540.48, 65534.578, 62149.2, 65551.58, 65961.83, 64065.649, 69331.88, 63412.89]];[[65027.99392556077, 63869.20824383903, 64443.711606118944, 64561.42406525237, 62442.95432394659, 66288.27280421185, 64855.8470636845, 64799.421264096, 65331.983775645516, 64613.929963708084, 64954.05337720501, 63743.20375171028]];2023-12-31 00:00:00;2024-11-30 00:00:00;"{""strategy"": {""combine"": ""dba"", ""pool"": ""pool_full"", ""dba_max_iter"": 30}, ""origin"": ""baseline"", ""loop"": {""final_attempt"": ""a3"", ""strategy"": {""combine"": ""dba"", ""pool"": ""pool_full"", ""dba_max_iter"": 30}, ""iterations_used"": 3, ""stop_reason"": ""no new information in 3 consecutive turns"", ""trace"": [{""iteration"": 1, ""action"": ""median_pool_full"", ""confidence"": 0.425, ""probability_of_chosen"": 0.4126, ""probabilities"": {""mean_pool_full"": 0.0003, ""median_pool_full"": 0.4126, ""trimmed_mean_pool_full"": 0.0366, ""mean_pool1"": 0.0014, ""median_pool1"": 0.0151, ""trimmed_mean_pool1"": 0.0276, ""mean_pool2"": 0.0021, ""median_pool2"": 0.0393, ""trimmed_mean_pool2"": 0.1051, ""mean_pool3"": 0.0005, ""median_pool3"": 0.3066, ""trimmed_mean_pool3"": 0.0379, ""best_rf"": 0.0002, ""best_ETS"": 0.0002, ""best_THETA"": 0.0004, ""accept"": 0.014}, ""input_tokens"": 1593, ""score"": 0.6891, ""rank"": 3, ""already_tested"": true}, {""iteration"": 2, ""action"": ""median_pool_full"", ""confidence"": 0.4071, ""probability_of_chosen"": 0.4114, ""probabilities"": {""mean_pool_full"": 0.0003, ""median_pool_full"": 0.4114, ""trimmed_mean_pool_full"": 0.0607, ""mean_pool4"": 0.0003, ""median_pool4"": 0.0016, ""trimmed_mean_pool4"": 0.0069, ""mean_pool1"": 0.0007, ""median_pool1"": 0.0602, ""trimmed_mean_pool1"": 0.1913, ""mean_pool2"": 0.0007, ""median_pool2"": 0.1883, ""trimmed_mean_pool2"": 0.0568, ""best_rf"": 0.0003, ""best_ETS"": 0.0002, ""best_THETA"": 0.0005, ""accept"": 0.0197}, ""input_tokens"": 1593, ""score"": 0.6891, ""rank"": 3, ""already_tested"": true}, {""iteration"": 3, ""action"": ""median_pool_full"", ""confidence"": 0.4071, ""probability_of_chosen"": 0.4114, ""probabilities"": {""mean_pool_full"": 0.0003, ""median_pool_full"": 0.4114, ""trimmed_mean_pool_full"": 0.0607, ""mean_pool4"": 0.0003, ""median_pool4"": 0.0016, ""trimmed_mean_pool4"": 0.0069, ""mean_pool1"": 0.0007, ""median_pool1"": 0.0602, ""trimmed_mean_pool1"": 0.1913, ""mean_pool2"": 0.0007, ""median_pool2"": 0.1883, ""trimmed_mean_pool2"": 0.0568, ""best_rf"": 0.0003, ""best_ETS"": 0.0002, ""best_THETA"": 0.0005, ""accept"": 0.0197}, ""input_tokens"": 1593, ""score"": 0.6891, ""rank"": 3, ""already_tested"": true}]}, ""score"": 0.6503}";baseline;3;no new information in 3 consecutive turns;0.03105806094467535;3044.753409269015;laya_multilingual_laya_v0_ml8192
22;12;orchestrator_laya_laya_v0_ml8192;0.3160310532319273;54.54545454545455;0.2940014575075783;1636.631361085418;0.293998581483958;1541.4106408534647;[[6104.9, 6622.3, 6545.5, 7064.9, 7371.5, 7456.5, 6402.5, 3720.5, 3360.8, 3376.8, 4055.8, 3743.4]];[[5924.556856624737, 5533.159264948421, 5271.479572317895, 5315.405516133157, 5209.170931234211, 5157.005289581052, 5156.512851290527, 5163.044050886841, 5338.108400343684, 5350.5995077721045, 5495.016426798948, 5406.64958657]];2023-12-31 00:00:00;2024-11-30 00:00:00;"{""strategy"": {""combine"": ""mean"", ""pool"": ""pool_full""}, ""origin"": ""baseline"", ""loop"": {""final_attempt"": ""a1"", ""strategy"": {""combine"": ""mean"", ""pool"": ""pool_full""}, ""iterations_used"": 4, ""stop_reason"": ""no new information in 3 consecutive turns"", ""trace"": [{""iteration"": 1, ""action"": ""median_pool2"", ""confidence"": 0.4033, ""probability_of_chosen"": 0.4552, ""probabilities"": {""mean_pool_full"": 0.0004, ""median_pool_full"": 0.0146, ""trimmed_mean_pool_full"": 0.0732, ""mean_pool1"": 0.0011, ""median_pool1"": 0.0023, ""trimmed_mean_pool1"": 0.0041, ""mean_pool2"": 0.0027, ""median_pool2"": 0.4552, ""trimmed_mean_pool2"": 0.0519, ""mean_pool3"": 0.0006, ""median_pool3"": 0.1304, ""trimmed_mean_pool3"": 0.0256, ""best_FT_rf"": 0.2052, ""best_rf"": 0.0008, ""best_DWT_rf"": 0.0191, ""accept"": 0.0128}, ""input_tokens"": 1599, ""score"": 0.8813, ""rank"": 10, ""already_tested"": false}, {""iteration"": 2, ""action"": ""median_pool2"", ""confidence"": 0.4959, ""probability_of_chosen"": 0.5536, ""probabilities"": {""mean_pool_full"": 0.0003, ""median_pool_full"": 0.0122, ""trimmed_mean_pool_full"": 0.2272, ""mean_pool4"": 0.0006, ""median_pool4"": 0.0015, ""trimmed_mean_pool4"": 0.0029, ""mean_pool1"": 0.0013, ""median_pool1"": 0.0465, ""trimmed_mean_pool1"": 0.0138, ""mean_pool2"": 0.0014, ""median_pool2"": 0.5536, ""trimmed_mean_pool2"": 0.0221, ""best_FT_rf"": 0.0856, ""best_rf"": 0.0008, ""best_DWT_rf"": 0.0181, ""accept"": 0.0121}, ""input_tokens"": 1599, ""score"": 0.8813, ""rank"": 10, ""already_tested"": true}, {""iteration"": 3, ""action"": ""median_pool2"", ""confidence"": 0.4959, ""probability_of_chosen"": 0.5536, ""probabilities"": {""mean_pool_full"": 0.0003, ""median_pool_full"": 0.0122, ""trimmed_mean_pool_full"": 0.2272, ""mean_pool4"": 0.0006, ""median_pool4"": 0.0015, ""trimmed_mean_pool4"": 0.0029, ""mean_pool1"": 0.0013, ""median_pool1"": 0.0465, ""trimmed_mean_pool1"": 0.0138, ""mean_pool2"": 0.0014, ""median_pool2"": 0.5536, ""trimmed_mean_pool2"": 0.0221, ""best_FT_rf"": 0.0856, ""best_rf"": 0.0008, ""best_DWT_rf"": 0.0181, ""accept"": 0.0121}, ""input_tokens"": 1599, ""score"": 0.8813, ""rank"": 10, ""already_tested"": true}, {""iteration"": 4, ""action"": ""median_pool2"", ""confidence"": 0.4959, ""probability_of_chosen"": 0.5536, ""probabilities"": {""mean_pool_full"": 0.0003, ""median_pool_full"": 0.0122, ""trimmed_mean_pool_full"": 0.2272, ""mean_pool4"": 0.0006, ""median_pool4"": 0.0015, ""trimmed_mean_pool4"": 0.0029, ""mean_pool1"": 0.0013, ""median_pool1"": 0.0465, ""trimmed_mean_pool1"": 0.0138, ""mean_pool2"": 0.0014, ""median_pool2"": 0.5536, ""trimmed_mean_pool2"": 0.0221, ""best_FT_rf"": 0.0856, ""best_rf"": 0.0008, ""best_DWT_rf"": 0.0181, ""accept"": 0.0121}, ""input_tokens"": 1599, ""score"": 0.8813, ""rank"": 10, ""already_tested"": true}]}, ""score"": 0.6909}";baseline;4;no new information in 3 consecutive turns;0.2940014575075783;1636.631361085418;laya_multilingual_laya_v0_ml8192
23;12;orchestrator_laya_laya_v0_ml8192;0.22812328333702955;90.9090909090909;0.2673788974563772;6971.413540317726;0.26737831180421784;6113.659817576;[[20119.877, 22131.712, 17783.232, 26770.561, 25219.023, 25380.999, 25745.164, 28370.032, 28193.649, 27062.239, 28467.133, 26658.228]];[[19974.49783059, 21050.768754213997, 17872.609726172, 19205.103323096002, 18141.944462576, 18457.0075069, 17781.370137359998, 20071.615601092002, 19231.268210016002, 18592.041821744002, 19209.795980246, 19128.663287426003]];2023-12-31 00:00:00;2024-11-30 00:00:00;"{""strategy"": {""combine"": ""trimmed_mean"", ""pool"": ""pool2"", ""trim_pct"": 0.2}, ""origin"": ""baseline"", ""loop"": {""final_attempt"": ""a7"", ""strategy"": {""combine"": ""trimmed_mean"", ""pool"": ""pool2"", ""trim_pct"": 0.2}, ""iterations_used"": 5, ""stop_reason"": ""no new information in 3 consecutive turns"", ""trace"": [{""iteration"": 1, ""action"": ""trimmed_mean_pool2"", ""confidence"": 0.3992, ""probability_of_chosen"": 0.4939, ""probabilities"": {""mean_pool_full"": 0.0011, ""median_pool_full"": 0.002, ""trimmed_mean_pool_full"": 0.1734, ""mean_pool1"": 0.0019, ""median_pool1"": 0.0011, ""trimmed_mean_pool1"": 0.0332, ""mean_pool2"": 0.0026, ""median_pool2"": 0.0164, ""trimmed_mean_pool2"": 0.4939, ""mean_pool3"": 0.0009, ""median_pool3"": 0.0059, ""trimmed_mean_pool3"": 0.0838, ""best_FT_catboost"": 0.0405, ""best_ONLY_CWT_rf"": 0.0906, ""best_CWT_catboost"": 0.0376, ""accept"": 0.015}, ""input_tokens"": 1627, ""score"": 0.4814, ""rank"": 1, ""already_tested"": true}, {""iteration"": 2, ""action"": ""trimmed_mean_pool_full"", ""confidence"": 0.3493, ""probability_of_chosen"": 0.4068, ""probabilities"": {""mean_pool_full"": 0.0006, ""median_pool_full"": 0.0016, ""trimmed_mean_pool_full"": 0.4068, ""mean_pool4"": 0.0027, ""median_pool4"": 0.0016, ""trimmed_mean_pool4"": 0.0321, ""mean_pool1"": 0.0007, ""median_pool1"": 0.0076, ""trimmed_mean_pool1"": 0.1863, ""mean_pool2"": 0.0026, ""median_pool2"": 0.0354, ""trimmed_mean_pool2"": 0.152, ""best_FT_catboost"": 0.033, ""best_ONLY_CWT_rf"": 0.0776, ""best_CWT_catboost"": 0.0448, ""accept"": 0.0146}, ""input_tokens"": 1627, ""score"": 0.5745, ""rank"": 8, ""already_tested"": false}, {""iteration"": 3, ""action"": ""trimmed_mean_pool_full"", ""confidence"": 0.3493, ""probability_of_chosen"": 0.4068, ""probabilities"": {""mean_pool_full"": 0.0006, ""median_pool_full"": 0.0016, ""trimmed_mean_pool_full"": 0.4068, ""mean_pool4"": 0.0027, ""median_pool4"": 0.0016, ""trimmed_mean_pool4"": 0.0321, ""mean_pool1"": 0.0007, ""median_pool1"": 0.0076, ""trimmed_mean_pool1"": 0.1863, ""mean_pool2"": 0.0026, ""median_pool2"": 0.0354, ""trimmed_mean_pool2"": 0.152, ""best_FT_catboost"": 0.033, ""best_ONLY_CWT_rf"": 0.0776, ""best_CWT_catboost"": 0.0448, ""accept"": 0.0146}, ""input_tokens"": 1627, ""score"": 0.5745, ""rank"": 8, ""already_tested"": true}, {""iteration"": 4, ""action"": ""trimmed_mean_pool_full"", ""confidence"": 0.3493, ""probability_of_chosen"": 0.4068, ""probabilities"": {""mean_pool_full"": 0.0006, ""median_pool_full"": 0.0016, ""trimmed_mean_pool_full"": 0.4068, ""mean_pool4"": 0.0027, ""median_pool4"": 0.0016, ""trimmed_mean_pool4"": 0.0321, ""mean_pool1"": 0.0007, ""median_pool1"": 0.0076, ""trimmed_mean_pool1"": 0.1863, ""mean_pool2"": 0.0026, ""median_pool2"": 0.0354, ""trimmed_mean_pool2"": 0.152, ""best_FT_catboost"": 0.033, ""best_ONLY_CWT_rf"": 0.0776, ""best_CWT_catboost"": 0.0448, ""accept"": 0.0146}, ""input_tokens"": 1627, ""score"": 0.5745, ""rank"": 8, ""already_tested"": true}, {""iteration"": 5, ""action"": ""trimmed_mean_pool_full"", ""confidence"": 0.3493, ""probability_of_chosen"": 0.4068, ""probabilities"": {""mean_pool_full"": 0.0006, ""median_pool_full"": 0.0016, ""trimmed_mean_pool_full"": 0.4068, ""mean_pool4"": 0.0027, ""median_pool4"": 0.0016, ""trimmed_mean_pool4"": 0.0321, ""mean_pool1"": 0.0007, ""median_pool1"": 0.0076, ""trimmed_mean_pool1"": 0.1863, ""mean_pool2"": 0.0026, ""median_pool2"": 0.0354, ""trimmed_mean_pool2"": 0.152, ""best_FT_catboost"": 0.033, ""best_ONLY_CWT_rf"": 0.0776, ""best_CWT_catboost"": 0.0448, ""accept"": 0.0146}, ""input_tokens"": 1627, ""score"": 0.5745, ""rank"": 8, ""already_tested"": true}]}, ""score"": 0.4814}";baseline;5;no new information in 3 consecutive turns;0.2673788974563772;6971.413540317726;laya_multilingual_laya_v0_ml8192
24;12;orchestrator_laya_laya_v0_ml8192;0.04583997956096681;81.81818181818181;0.04554530841842389;6840.211107233686;0.04554529102949941;5980.329595081635;[[136535.604, 130203.352, 119883.392, 124277.7, 128084.084, 126681.92, 116577.927, 136392.083, 141165.591, 137401.268, 147696.713, 139358.25]];[[133143.68509133262, 132082.84081786528, 126914.50652880236, 131473.38631325102, 126205.87819601136, 130582.25903533156, 130022.4051384095, 130733.05260931565, 133102.38848930685, 132875.79792269904, 137237.3862302694, 135022.5561537452]];2023-12-31 00:00:00;2024-11-30 00:00:00;"{""strategy"": {""combine"": ""dba"", ""pool"": ""pool_full"", ""dba_max_iter"": 30}, ""origin"": ""baseline"", ""loop"": {""final_attempt"": ""a3"", ""strategy"": {""combine"": ""dba"", ""pool"": ""pool_full"", ""dba_max_iter"": 30}, ""iterations_used"": 4, ""stop_reason"": ""no new information in 3 consecutive turns"", ""trace"": [{""iteration"": 1, ""action"": ""median_pool2"", ""confidence"": 0.3998, ""probability_of_chosen"": 0.3601, ""probabilities"": {""mean_pool_full"": 0.0003, ""median_pool_full"": 0.2893, ""trimmed_mean_pool_full"": 0.0086, ""mean_pool1"": 0.0003, ""median_pool1"": 0.0096, ""trimmed_mean_pool1"": 0.0025, ""mean_pool2"": 0.0011, ""median_pool2"": 0.3601, ""trimmed_mean_pool2"": 0.0544, ""mean_pool3"": 0.0005, ""median_pool3"": 0.1598, ""trimmed_mean_pool3"": 0.0269, ""best_ARIMA"": 0.0005, ""best_FT_rf"": 0.0651, ""best_catboost"": 0.003, ""accept"": 0.018}, ""input_tokens"": 1627, ""score"": 0.7039, ""rank"": 4, ""already_tested"": false}, {""iteration"": 2, ""action"": ""median_pool2"", ""confidence"": 0.4348, ""probability_of_chosen"": 0.5142, ""probabilities"": {""mean_pool_full"": 0.0003, ""median_pool_full"": 0.0289, ""trimmed_mean_pool_full"": 0.1362, ""mean_pool4"": 0.0002, ""median_pool4"": 0.0098, ""trimmed_mean_pool4"": 0.0019, ""mean_pool1"": 0.0002, ""median_pool1"": 0.1473, ""trimmed_mean_pool1"": 0.0213, ""mean_pool2"": 0.0017, ""median_pool2"": 0.5142, ""trimmed_mean_pool2"": 0.0237, ""best_ARIMA"": 0.0003, ""best_FT_rf"": 0.0846, ""best_catboost"": 0.0028, ""accept"": 0.0267}, ""input_tokens"": 1622, ""score"": 0.7039, ""rank"": 4, ""already_tested"": true}, {""iteration"": 3, ""action"": ""median_pool2"", ""confidence"": 0.4348, ""probability_of_chosen"": 0.5142, ""probabilities"": {""mean_pool_full"": 0.0003, ""median_pool_full"": 0.0289, ""trimmed_mean_pool_full"": 0.1362, ""mean_pool4"": 0.0002, ""median_pool4"": 0.0098, ""trimmed_mean_pool4"": 0.0019, ""mean_pool1"": 0.0002, ""median_pool1"": 0.1473, ""trimmed_mean_pool1"": 0.0213, ""mean_pool2"": 0.0017, ""median_pool2"": 0.5142, ""trimmed_mean_pool2"": 0.0237, ""best_ARIMA"": 0.0003, ""best_FT_rf"": 0.0846, ""best_catboost"": 0.0028, ""accept"": 0.0267}, ""input_tokens"": 1622, ""score"": 0.7039, ""rank"": 4, ""already_tested"": true}, {""iteration"": 4, ""action"": ""median_pool2"", ""confidence"": 0.4348, ""probability_of_chosen"": 0.5142, ""probabilities"": {""mean_pool_full"": 0.0003, ""median_pool_full"": 0.0289, ""trimmed_mean_pool_full"": 0.1362, ""mean_pool4"": 0.0002, ""median_pool4"": 0.0098, ""trimmed_mean_pool4"": 0.0019, ""mean_pool1"": 0.0002, ""median_pool1"": 0.1473, ""trimmed_mean_pool1"": 0.0213, ""mean_pool2"": 0.0017, ""median_pool2"": 0.5142, ""trimmed_mean_pool2"": 0.0237, ""best_ARIMA"": 0.0003, ""best_FT_rf"": 0.0846, ""best_catboost"": 0.0028, ""accept"": 0.0267}, ""input_tokens"": 1622, ""score"": 0.7039, ""rank"": 4, ""already_tested"": true}]}, ""score"": 0.6427}";baseline;4;no new information in 3 consecutive turns;0.04554530841842389;6840.211107233686;laya_multilingual_laya_v0_ml8192
25;12;orchestrator_laya_laya_v0_ml8192;0.19059085321706548;54.54545454545455;0.167149440232034;51.314762372066625;0.16711458659569256;40.59361927433335;[[276.69, 298.452, 222.876, 210.569, 272.241, 263.033, 304.557, 321.341, 158.982, 222.557, 274.528, 182.559]];[[273.980958844, 280.47074003999995, 269.784389006, 281.93291806999997, 260.538251264, 260.49601191, 263.371516698, 258.643004062, 266.69701727, 260.06373404799996, 260.38462212599995, 253.231477842]];2023-12-31 00:00:00;2024-11-30 00:00:00;"{""strategy"": {""combine"": ""mean"", ""pool"": ""pool1""}, ""origin"": ""baseline"", ""loop"": {""final_attempt"": ""a4"", ""strategy"": {""combine"": ""mean"", ""pool"": ""pool1""}, ""iterations_used"": 4, ""stop_reason"": ""no new information in 3 consecutive turns"", ""trace"": [{""iteration"": 1, ""action"": ""median_pool2"", ""confidence"": 0.9167, ""probability_of_chosen"": 0.9501, ""probabilities"": {""mean_pool_full"": 0.0, ""median_pool_full"": 0.0052, ""trimmed_mean_pool_full"": 0.0004, ""mean_pool1"": 0.0001, ""median_pool1"": 0.0003, ""trimmed_mean_pool1"": 0.0001, ""mean_pool2"": 0.0, ""median_pool2"": 0.9501, ""trimmed_mean_pool2"": 0.0002, ""mean_pool3"": 0.0, ""median_pool3"": 0.0014, ""trimmed_mean_pool3"": 0.0001, ""best_ONLY_FT_catboost"": 0.0417, ""best_THETA"": 0.0, ""best_ARIMA"": 0.0, ""accept"": 0.0002}, ""input_tokens"": 1560, ""score"": 0.6603, ""rank"": 9, ""already_tested"": false}, {""iteration"": 2, ""action"": ""median_pool2"", ""confidence"": 0.7067, ""probability_of_chosen"": 0.7716, ""probabilities"": {""mean_pool_full"": 0.0001, ""median_pool_full"": 0.13, ""trimmed_mean_pool_full"": 0.0053, ""mean_pool4"": 0.0003, ""median_pool4"": 0.001, ""trimmed_mean_pool4"": 0.0002, ""mean_pool1"": 0.0002, ""median_pool1"": 0.0396, ""trimmed_mean_pool1"": 0.0011, ""mean_pool2"": 0.0009, ""median_pool2"": 0.7716, ""trimmed_mean_pool2"": 0.0017, ""best_ONLY_FT_catboost"": 0.0463, ""best_THETA"": 0.0001, ""best_ARIMA"": 0.0001, ""accept"": 0.0015}, ""input_tokens"": 1560, ""score"": 0.6603, ""rank"": 9, ""already_tested"": true}, {""iteration"": 3, ""action"": ""median_pool2"", ""confidence"": 0.7067, ""probability_of_chosen"": 0.7716, ""probabilities"": {""mean_pool_full"": 0.0001, ""median_pool_full"": 0.13, ""trimmed_mean_pool_full"": 0.0053, ""mean_pool4"": 0.0003, ""median_pool4"": 0.001, ""trimmed_mean_pool4"": 0.0002, ""mean_pool1"": 0.0002, ""median_pool1"": 0.0396, ""trimmed_mean_pool1"": 0.0011, ""mean_pool2"": 0.0009, ""median_pool2"": 0.7716, ""trimmed_mean_pool2"": 0.0017, ""best_ONLY_FT_catboost"": 0.0463, ""best_THETA"": 0.0001, ""best_ARIMA"": 0.0001, ""accept"": 0.0015}, ""input_tokens"": 1560, ""score"": 0.6603, ""rank"": 9, ""already_tested"": true}, {""iteration"": 4, ""action"": ""median_pool2"", ""confidence"": 0.7067, ""probability_of_chosen"": 0.7716, ""probabilities"": {""mean_pool_full"": 0.0001, ""median_pool_full"": 0.13, ""trimmed_mean_pool_full"": 0.0053, ""mean_pool4"": 0.0003, ""median_pool4"": 0.001, ""trimmed_mean_pool4"": 0.0002, ""mean_pool1"": 0.0002, ""median_pool1"": 0.0396, ""trimmed_mean_pool1"": 0.0011, ""mean_pool2"": 0.0009, ""median_pool2"": 0.7716, ""trimmed_mean_pool2"": 0.0017, ""best_ONLY_FT_catboost"": 0.0463, ""best_THETA"": 0.0001, ""best_ARIMA"": 0.0001, ""accept"": 0.0015}, ""input_tokens"": 1560, ""score"": 0.6603, ""rank"": 9, ""already_tested"": true}]}, ""score"": 0.6276}";baseline;4;no new information in 3 consecutive turns;0.167149440232034;51.314762372066625;laya_multilingual_laya_v0_ml8192
26;12;orchestrator_laya_laya_v0_ml8192;0.3750572051515297;36.36363636363637;0.4657746484170256;2003.0214676876863;0.4657689671870116;1922.3195530295172;[[4186.236, 4512.728, 4839.92, 4891.95, 5060.2, 4736.2, 4535.3, 6615.44, 5292.582, 5030.61, 5424.676, 5283.0]];[[3257.807576368421, 3005.856868728947, 2883.573903516842, 3010.5599727699996, 2880.891828768421, 2960.81023841, 3108.312730350526, 3209.3626649326316, 3291.652261603684, 3239.8741923763164, 3241.4828571484213, 3250.822268671579]];2023-12-31 00:00:00;2024-11-30 00:00:00;"{""strategy"": {""combine"": ""mean"", ""pool"": ""pool_full""}, ""origin"": ""baseline"", ""loop"": {""final_attempt"": ""a1"", ""strategy"": {""combine"": ""mean"", ""pool"": ""pool_full""}, ""iterations_used"": 4, ""stop_reason"": ""no new information in 3 consecutive turns"", ""trace"": [{""iteration"": 1, ""action"": ""median_pool2"", ""confidence"": 0.3517, ""probability_of_chosen"": 0.438, ""probabilities"": {""mean_pool_full"": 0.0036, ""median_pool_full"": 0.0145, ""trimmed_mean_pool_full"": 0.104, ""mean_pool1"": 0.0031, ""median_pool1"": 0.0032, ""trimmed_mean_pool1"": 0.004, ""mean_pool2"": 0.007, ""median_pool2"": 0.438, ""trimmed_mean_pool2"": 0.0561, ""mean_pool3"": 0.0278, ""median_pool3"": 0.2102, ""trimmed_mean_pool3"": 0.0228, ""best_CWT_rf"": 0.0593, ""best_NaiveMovingAverage"": 0.0295, ""best_catboost"": 0.0046, ""accept"": 0.0124}, ""input_tokens"": 1575, ""score"": 0.7845, ""rank"": 8, ""already_tested"": false}, {""iteration"": 2, ""action"": ""median_pool2"", ""confidence"": 0.322, ""probability_of_chosen"": 0.3885, ""probabilities"": {""mean_pool_full"": 0.0019, ""median_pool_full"": 0.0206, ""trimmed_mean_pool_full"": 0.232, ""mean_pool4"": 0.0038, ""median_pool4"": 0.0052, ""trimmed_mean_pool4"": 0.0118, ""mean_pool1"": 0.0017, ""median_pool1"": 0.099, ""trimmed_mean_pool1"": 0.0325, ""mean_pool2"": 0.0247, ""median_pool2"": 0.3885, ""trimmed_mean_pool2"": 0.0304, ""best_CWT_rf"": 0.0915, ""best_NaiveMovingAverage"": 0.0341, ""best_catboost"": 0.0061, ""accept"": 0.0162}, ""input_tokens"": 1575, ""score"": 0.7845, ""rank"": 8, ""already_tested"": true}, {""iteration"": 3, ""action"": ""median_pool2"", ""confidence"": 0.322, ""probability_of_chosen"": 0.3885, ""probabilities"": {""mean_pool_full"": 0.0019, ""median_pool_full"": 0.0206, ""trimmed_mean_pool_full"": 0.232, ""mean_pool4"": 0.0038, ""median_pool4"": 0.0052, ""trimmed_mean_pool4"": 0.0118, ""mean_pool1"": 0.0017, ""median_pool1"": 0.099, ""trimmed_mean_pool1"": 0.0325, ""mean_pool2"": 0.0247, ""median_pool2"": 0.3885, ""trimmed_mean_pool2"": 0.0304, ""best_CWT_rf"": 0.0915, ""best_NaiveMovingAverage"": 0.0341, ""best_catboost"": 0.0061, ""accept"": 0.0162}, ""input_tokens"": 1575, ""score"": 0.7845, ""rank"": 8, ""already_tested"": true}, {""iteration"": 4, ""action"": ""median_pool2"", ""confidence"": 0.322, ""probability_of_chosen"": 0.3885, ""probabilities"": {""mean_pool_full"": 0.0019, ""median_pool_full"": 0.0206, ""trimmed_mean_pool_full"": 0.232, ""mean_pool4"": 0.0038, ""median_pool4"": 0.0052, ""trimmed_mean_pool4"": 0.0118, ""mean_pool1"": 0.0017, ""median_pool1"": 0.099, ""trimmed_mean_pool1"": 0.0325, ""mean_pool2"": 0.0247, ""median_pool2"": 0.3885, ""trimmed_mean_pool2"": 0.0304, ""best_CWT_rf"": 0.0915, ""best_NaiveMovingAverage"": 0.0341, ""best_catboost"": 0.0061, ""accept"": 0.0162}, ""input_tokens"": 1575, ""score"": 0.7845, ""rank"": 8, ""already_tested"": true}]}, ""score"": 0.6727}";baseline;4;no new information in 3 consecutive turns;0.4657746484170256;2003.0214676876863;laya_multilingual_laya_v0_ml8192
27;12;orchestrator_laya_laya_v0_ml8192;0.3039790062059147;63.63636363636363;0.3727504461338523;4401.53580655477;0.3727486718186426;3928.580720584518;[[9061.167, 9325.62, 8293.7, 13492.45, 12816.885, 11618.311, 12587.974, 13162.713, 13713.076, 12910.696, 13751.396, 14025.423]];[[8555.82113851158, 8295.573455270527, 7790.418296079473, 8535.074624418421, 8228.123313240527, 8278.60907463842, 7938.133535608419, 7855.828331281053, 8120.441700561052, 7880.294222807895, 8055.516750285263, 8082.607910283156]];2023-12-31 00:00:00;2024-11-30 00:00:00;"{""strategy"": {""combine"": ""mean"", ""pool"": ""pool_full""}, ""origin"": ""baseline"", ""loop"": {""final_attempt"": ""a1"", ""strategy"": {""combine"": ""mean"", ""pool"": ""pool_full""}, ""iterations_used"": 4, ""stop_reason"": ""no new information in 3 consecutive turns"", ""trace"": [{""iteration"": 1, ""action"": ""median_pool2"", ""confidence"": 0.5525, ""probability_of_chosen"": 0.6887, ""probabilities"": {""mean_pool_full"": 0.0003, ""median_pool_full"": 0.0335, ""trimmed_mean_pool_full"": 0.0357, ""mean_pool1"": 0.0003, ""median_pool1"": 0.0046, ""trimmed_mean_pool1"": 0.0044, ""mean_pool2"": 0.0046, ""median_pool2"": 0.6887, ""trimmed_mean_pool2"": 0.0539, ""mean_pool3"": 0.0002, ""median_pool3"": 0.0962, ""trimmed_mean_pool3"": 0.0105, ""best_DWT_rf"": 0.0121, ""best_ONLY_DWT_rf"": 0.0472, ""best_CWT_catboost"": 0.004, ""accept"": 0.0037}, ""input_tokens"": 1590, ""score"": 0.7382, ""rank"": 9, ""already_tested"": false}, {""iteration"": 2, ""action"": ""median_pool2"", ""confidence"": 0.8632, ""probability_of_chosen"": 0.9299, ""probabilities"": {""mean_pool_full"": 0.0001, ""median_pool_full"": 0.0077, ""trimmed_mean_pool_full"": 0.0328, ""mean_pool4"": 0.0001, ""median_pool4"": 0.0015, ""trimmed_mean_pool4"": 0.0013, ""mean_pool1"": 0.0001, ""median_pool1"": 0.0076, ""trimmed_mean_pool1"": 0.0019, ""mean_pool2"": 0.0001, ""median_pool2"": 0.9299, ""trimmed_mean_pool2"": 0.0037, ""best_DWT_rf"": 0.0018, ""best_ONLY_DWT_rf"": 0.0088, ""best_CWT_catboost"": 0.0014, ""accept"": 0.0011}, ""input_tokens"": 1590, ""score"": 0.7382, ""rank"": 9, ""already_tested"": true}, {""iteration"": 3, ""action"": ""median_pool2"", ""confidence"": 0.8632, ""probability_of_chosen"": 0.9299, ""probabilities"": {""mean_pool_full"": 0.0001, ""median_pool_full"": 0.0077, ""trimmed_mean_pool_full"": 0.0328, ""mean_pool4"": 0.0001, ""median_pool4"": 0.0015, ""trimmed_mean_pool4"": 0.0013, ""mean_pool1"": 0.0001, ""median_pool1"": 0.0076, ""trimmed_mean_pool1"": 0.0019, ""mean_pool2"": 0.0001, ""median_pool2"": 0.9299, ""trimmed_mean_pool2"": 0.0037, ""best_DWT_rf"": 0.0018, ""best_ONLY_DWT_rf"": 0.0088, ""best_CWT_catboost"": 0.0014, ""accept"": 0.0011}, ""input_tokens"": 1590, ""score"": 0.7382, ""rank"": 9, ""already_tested"": true}, {""iteration"": 4, ""action"": ""median_pool2"", ""confidence"": 0.8632, ""probability_of_chosen"": 0.9299, ""probabilities"": {""mean_pool_full"": 0.0001, ""median_pool_full"": 0.0077, ""trimmed_mean_pool_full"": 0.0328, ""mean_pool4"": 0.0001, ""median_pool4"": 0.0015, ""trimmed_mean_pool4"": 0.0013, ""mean_pool1"": 0.0001, ""median_pool1"": 0.0076, ""trimmed_mean_pool1"": 0.0019, ""mean_pool2"": 0.0001, ""median_pool2"": 0.9299, ""trimmed_mean_pool2"": 0.0037, ""best_DWT_rf"": 0.0018, ""best_ONLY_DWT_rf"": 0.0088, ""best_CWT_catboost"": 0.0014, ""accept"": 0.0011}, ""input_tokens"": 1590, ""score"": 0.7382, ""rank"": 9, ""already_tested"": true}]}, ""score"": 0.6727}";baseline;4;no new information in 3 consecutive turns;0.3727504461338523;4401.53580655477;laya_multilingual_laya_v0_ml8192
28;12;orchestrator_laya_laya_v0_ml8192;0.040209483066354995;81.81818181818181;0.04032010456630417;7021.0025074791665;0.04032009031882849;5771.427506347239;[[145267.131, 125920.523, 115498.921, 130017.504, 126173.604, 142722.46, 144370.94, 162730.886, 167195.57, 156209.303, 160560.752, 149780.708]];[[138731.0846256141, 125232.34778483087, 126661.22197917593, 135441.48484756402, 132429.7090074208, 144087.30452312852, 141763.4083274435, 150939.06839816365, 154939.2282439314, 150849.62604947816, 155241.89020132076, 150272.15534966002]];2023-12-31 00:00:00;2024-11-30 00:00:00;"{""strategy"": {""combine"": ""dba"", ""pool"": ""pool_full"", ""dba_max_iter"": 30}, ""origin"": ""baseline"", ""loop"": {""final_attempt"": ""a3"", ""strategy"": {""combine"": ""dba"", ""pool"": ""pool_full"", ""dba_max_iter"": 30}, ""iterations_used"": 4, ""stop_reason"": ""no new information in 3 consecutive turns"", ""trace"": [{""iteration"": 1, ""action"": ""best_DWT_rf"", ""confidence"": 0.7525, ""probability_of_chosen"": 0.8315, ""probabilities"": {""mean_pool_full"": 0.0002, ""median_pool_full"": 0.0088, ""trimmed_mean_pool_full"": 0.004, ""mean_pool1"": 0.0006, ""median_pool1"": 0.0027, ""trimmed_mean_pool1"": 0.0037, ""mean_pool2"": 0.0005, ""median_pool2"": 0.1025, ""trimmed_mean_pool2"": 0.0063, ""mean_pool3"": 0.0001, ""median_pool3"": 0.0016, ""trimmed_mean_pool3"": 0.0029, ""best_ONLY_CWT_catboost"": 0.031, ""best_DWT_rf"": 0.8315, ""best_ETS"": 0.0002, ""accept"": 0.0034}, ""input_tokens"": 1608, ""score"": 0.6613, ""rank"": 7, ""already_tested"": false}, {""iteration"": 2, ""action"": ""best_DWT_rf"", ""confidence"": 0.6091, ""probability_of_chosen"": 0.7008, ""probabilities"": {""mean_pool_full"": 0.0003, ""median_pool_full"": 0.0296, ""trimmed_mean_pool_full"": 0.0174, ""mean_pool4"": 0.0003, ""median_pool4"": 0.0019, ""trimmed_mean_pool4"": 0.0017, ""mean_pool1"": 0.0008, ""median_pool1"": 0.1613, ""trimmed_mean_pool1"": 0.014, ""mean_pool2"": 0.0006, ""median_pool2"": 0.0152, ""trimmed_mean_pool2"": 0.0068, ""best_ONLY_CWT_catboost"": 0.0421, ""best_DWT_rf"": 0.7008, ""best_ETS"": 0.0004, ""accept"": 0.0067}, ""input_tokens"": 1608, ""score"": 0.6613, ""rank"": 7, ""already_tested"": true}, {""iteration"": 3, ""action"": ""best_DWT_rf"", ""confidence"": 0.6091, ""probability_of_chosen"": 0.7008, ""probabilities"": {""mean_pool_full"": 0.0003, ""median_pool_full"": 0.0296, ""trimmed_mean_pool_full"": 0.0174, ""mean_pool4"": 0.0003, ""median_pool4"": 0.0019, ""trimmed_mean_pool4"": 0.0017, ""mean_pool1"": 0.0008, ""median_pool1"": 0.1613, ""trimmed_mean_pool1"": 0.014, ""mean_pool2"": 0.0006, ""median_pool2"": 0.0152, ""trimmed_mean_pool2"": 0.0068, ""best_ONLY_CWT_catboost"": 0.0421, ""best_DWT_rf"": 0.7008, ""best_ETS"": 0.0004, ""accept"": 0.0067}, ""input_tokens"": 1608, ""score"": 0.6613, ""rank"": 7, ""already_tested"": true}, {""iteration"": 4, ""action"": ""best_DWT_rf"", ""confidence"": 0.6091, ""probability_of_chosen"": 0.7008, ""probabilities"": {""mean_pool_full"": 0.0003, ""median_pool_full"": 0.0296, ""trimmed_mean_pool_full"": 0.0174, ""mean_pool4"": 0.0003, ""median_pool4"": 0.0019, ""trimmed_mean_pool4"": 0.0017, ""mean_pool1"": 0.0008, ""median_pool1"": 0.1613, ""trimmed_mean_pool1"": 0.014, ""mean_pool2"": 0.0006, ""median_pool2"": 0.0152, ""trimmed_mean_pool2"": 0.0068, ""best_ONLY_CWT_catboost"": 0.0421, ""best_DWT_rf"": 0.7008, ""best_ETS"": 0.0004, ""accept"": 0.0067}, ""input_tokens"": 1608, ""score"": 0.6613, ""rank"": 7, ""already_tested"": true}]}, ""score"": 0.6235}";baseline;4;no new information in 3 consecutive turns;0.04032010456630417;7021.0025074791665;laya_multilingual_laya_v0_ml8192
29;12;orchestrator_laya_laya_v0_ml8192;0.29503953093994234;54.54545454545455;0.357938852056819;2833.289412286414;0.3579362684861482;2499.345864661515;[[6491.43, 8362.277, 7094.168, 7966.004, 6306.932, 6667.493, 7079.256, 8682.55, 8211.473, 9548.152, 10322.171, 9275.348]];[[6071.794506347368, 6295.359569640416, 5765.75117276826, 5458.508598015237, 5285.7369997345, 5336.693260786, 5052.578389330435, 5243.73666290263, 5256.061368604209, 5237.100445001904, 5356.214262260313, 5655.568388670545]];2023-12-31 00:00:00;2024-11-30 00:00:00;"{""strategy"": {""combine"": ""dba"", ""pool"": ""pool_full"", ""dba_max_iter"": 30}, ""origin"": ""baseline"", ""loop"": {""final_attempt"": ""a3"", ""strategy"": {""combine"": ""dba"", ""pool"": ""pool_full"", ""dba_max_iter"": 30}, ""iterations_used"": 4, ""stop_reason"": ""no new information in 3 consecutive turns"", ""trace"": [{""iteration"": 1, ""action"": ""median_pool2"", ""confidence"": 0.3498, ""probability_of_chosen"": 0.3182, ""probabilities"": {""mean_pool_full"": 0.0002, ""median_pool_full"": 0.2402, ""trimmed_mean_pool_full"": 0.0128, ""mean_pool1"": 0.0004, ""median_pool1"": 0.0151, ""trimmed_mean_pool1"": 0.0065, ""mean_pool2"": 0.0006, ""median_pool2"": 0.3182, ""trimmed_mean_pool2"": 0.0824, ""mean_pool3"": 0.0004, ""median_pool3"": 0.1625, ""trimmed_mean_pool3"": 0.0148, ""best_THETA"": 0.0029, ""best_ETS"": 0.0006, ""best_ONLY_DWT_rf"": 0.1152, ""accept"": 0.0271}, ""input_tokens"": 1626, ""score"": 0.7954, ""rank"": 7, ""already_tested"": false}, {""iteration"": 2, ""action"": ""median_pool2"", ""confidence"": 0.816, ""probability_of_chosen"": 0.8938, ""probabilities"": {""mean_pool_full"": 0.0, ""median_pool_full"": 0.0554, ""trimmed_mean_pool_full"": 0.0061, ""mean_pool4"": 0.0, ""median_pool4"": 0.002, ""trimmed_mean_pool4"": 0.001, ""mean_pool1"": 0.0, ""median_pool1"": 0.0075, ""trimmed_mean_pool1"": 0.0053, ""mean_pool2"": 0.0001, ""median_pool2"": 0.8938, ""trimmed_mean_pool2"": 0.0073, ""best_THETA"": 0.0005, ""best_ETS"": 0.0001, ""best_ONLY_DWT_rf"": 0.016, ""accept"": 0.0048}, ""input_tokens"": 1626, ""score"": 0.7954, ""rank"": 7, ""already_tested"": true}, {""iteration"": 3, ""action"": ""median_pool2"", ""confidence"": 0.816, ""probability_of_chosen"": 0.8938, ""probabilities"": {""mean_pool_full"": 0.0, ""median_pool_full"": 0.0554, ""trimmed_mean_pool_full"": 0.0061, ""mean_pool4"": 0.0, ""median_pool4"": 0.002, ""trimmed_mean_pool4"": 0.001, ""mean_pool1"": 0.0, ""median_pool1"": 0.0075, ""trimmed_mean_pool1"": 0.0053, ""mean_pool2"": 0.0001, ""median_pool2"": 0.8938, ""trimmed_mean_pool2"": 0.0073, ""best_THETA"": 0.0005, ""best_ETS"": 0.0001, ""best_ONLY_DWT_rf"": 0.016, ""accept"": 0.0048}, ""input_tokens"": 1626, ""score"": 0.7954, ""rank"": 7, ""already_tested"": true}, {""iteration"": 4, ""action"": ""median_pool2"", ""confidence"": 0.816, ""probability_of_chosen"": 0.8938, ""probabilities"": {""mean_pool_full"": 0.0, ""median_pool_full"": 0.0554, ""trimmed_mean_pool_full"": 0.0061, ""mean_pool4"": 0.0, ""median_pool4"": 0.002, ""trimmed_mean_pool4"": 0.001, ""mean_pool1"": 0.0, ""median_pool1"": 0.0075, ""trimmed_mean_pool1"": 0.0053, ""mean_pool2"": 0.0001, ""median_pool2"": 0.8938, ""trimmed_mean_pool2"": 0.0073, ""best_THETA"": 0.0005, ""best_ETS"": 0.0001, ""best_ONLY_DWT_rf"": 0.016, ""accept"": 0.0048}, ""input_tokens"": 1626, ""score"": 0.7954, ""rank"": 7, ""already_tested"": true}]}, ""score"": 0.665}";baseline;4;no new information in 3 consecutive turns;0.357938852056819;2833.289412286414;laya_multilingual_laya_v0_ml8192
30;12;orchestrator_laya_laya_v0_ml8192;0.15312210898856046;63.63636363636363;0.14734870158764798;236.14294161776402;0.1473426818195487;183.5443710095614;[[1087.288, 1259.96, 1169.379, 1184.757, 1211.755, 1044.513, 1103.312, 1327.908, 1046.878, 846.224, 1618.711, 1737.941]];[[1292.5930847142104, 1307.0102138421053, 1217.889912887895, 1247.6069028952631, 1232.7111495594734, 1236.4874599694735, 1215.1497556621052, 1260.3766864047368, 1250.8644419921056, 1239.0853368757896, 1253.9345746900003, 1253.0485451889472]];2023-12-31 00:00:00;2024-11-30 00:00:00;"{""strategy"": {""combine"": ""mean"", ""pool"": ""pool_full""}, ""origin"": ""baseline"", ""loop"": {""final_attempt"": ""a1"", ""strategy"": {""combine"": ""mean"", ""pool"": ""pool_full""}, ""iterations_used"": 4, ""stop_reason"": ""no new information in 3 consecutive turns"", ""trace"": [{""iteration"": 1, ""action"": ""median_pool2"", ""confidence"": 0.8606, ""probability_of_chosen"": 0.9306, ""probabilities"": {""mean_pool_full"": 0.0001, ""median_pool_full"": 0.002, ""trimmed_mean_pool_full"": 0.0145, ""mean_pool1"": 0.0004, ""median_pool1"": 0.0005, ""trimmed_mean_pool1"": 0.0019, ""mean_pool2"": 0.0007, ""median_pool2"": 0.9306, ""trimmed_mean_pool2"": 0.0244, ""mean_pool3"": 0.0002, ""median_pool3"": 0.0024, ""trimmed_mean_pool3"": 0.0069, ""best_ARIMA"": 0.0003, ""best_CWT_catboost"": 0.0031, ""best_FT_catboost"": 0.0029, ""accept"": 0.0091}, ""input_tokens"": 1573, ""score"": 0.7395, ""rank"": 5, ""already_tested"": false}, {""iteration"": 2, ""action"": ""median_pool2"", ""confidence"": 0.4354, ""probability_of_chosen"": 0.4196, ""probabilities"": {""mean_pool_full"": 0.0002, ""median_pool_full"": 0.0034, ""trimmed_mean_pool_full"": 0.2839, ""mean_pool4"": 0.0008, ""median_pool4"": 0.0042, ""trimmed_mean_pool4"": 0.009, ""mean_pool1"": 0.0015, ""median_pool1"": 0.0469, ""trimmed_mean_pool1"": 0.0669, ""mean_pool2"": 0.0003, ""median_pool2"": 0.4196, ""trimmed_mean_pool2"": 0.1231, ""best_ARIMA"": 0.0006, ""best_CWT_catboost"": 0.0035, ""best_FT_catboost"": 0.004, ""accept"": 0.032}, ""input_tokens"": 1567, ""score"": 0.7395, ""rank"": 5, ""already_tested"": true}, {""iteration"": 3, ""action"": ""median_pool2"", ""confidence"": 0.4354, ""probability_of_chosen"": 0.4196, ""probabilities"": {""mean_pool_full"": 0.0002, ""median_pool_full"": 0.0034, ""trimmed_mean_pool_full"": 0.2839, ""mean_pool4"": 0.0008, ""median_pool4"": 0.0042, ""trimmed_mean_pool4"": 0.009, ""mean_pool1"": 0.0015, ""median_pool1"": 0.0469, ""trimmed_mean_pool1"": 0.0669, ""mean_pool2"": 0.0003, ""median_pool2"": 0.4196, ""trimmed_mean_pool2"": 0.1231, ""best_ARIMA"": 0.0006, ""best_CWT_catboost"": 0.0035, ""best_FT_catboost"": 0.004, ""accept"": 0.032}, ""input_tokens"": 1567, ""score"": 0.7395, ""rank"": 5, ""already_tested"": true}, {""iteration"": 4, ""action"": ""median_pool2"", ""confidence"": 0.4354, ""probability_of_chosen"": 0.4196, ""probabilities"": {""mean_pool_full"": 0.0002, ""median_pool_full"": 0.0034, ""trimmed_mean_pool_full"": 0.2839, ""mean_pool4"": 0.0008, ""median_pool4"": 0.0042, ""trimmed_mean_pool4"": 0.009, ""mean_pool1"": 0.0015, ""median_pool1"": 0.0469, ""trimmed_mean_pool1"": 0.0669, ""mean_pool2"": 0.0003, ""median_pool2"": 0.4196, ""trimmed_mean_pool2"": 0.1231, ""best_ARIMA"": 0.0006, ""best_CWT_catboost"": 0.0035, ""best_FT_catboost"": 0.004, ""accept"": 0.032}, ""input_tokens"": 1567, ""score"": 0.7395, ""rank"": 5, ""already_tested"": true}]}, ""score"": 0.6303}";baseline;4;no new information in 3 consecutive turns;0.14734870158764798;236.14294161776402;laya_multilingual_laya_v0_ml8192
31;12;orchestrator_laya_laya_v0_ml8192;0.8269936875975589;63.63636363636363;0.4561794087374786;19.053124966357288;0.45548889134266735;15.697075836666668;[[60.0, 20.0, 18.0, 50.0, 39.0, 54.0, 15.0, 58.0, 43.0, 27.0, 46.0, 10.0]];[[42.13800006666666, 42.054474621111105, 39.554658917777786, 47.060605946666655, 46.61482395777778, 48.6370173, 44.96795594222222, 42.20733777666666, 49.92830752333334, 44.94836572888889, 43.99015813888889, 48.32944257777777]];2023-12-31 00:00:00;2024-11-30 00:00:00;"{""strategy"": {""combine"": ""mean"", ""pool"": ""pool3""}, ""origin"": ""baseline"", ""loop"": {""final_attempt"": ""a8"", ""strategy"": {""combine"": ""mean"", ""pool"": ""pool3""}, ""iterations_used"": 4, ""stop_reason"": ""no new information in 3 consecutive turns"", ""trace"": [{""iteration"": 1, ""action"": ""best_ONLY_FT_catboost"", ""confidence"": 0.6913, ""probability_of_chosen"": 0.7364, ""probabilities"": {""mean_pool_full"": 0.001, ""median_pool_full"": 0.0048, ""trimmed_mean_pool_full"": 0.1951, ""mean_pool1"": 0.0005, ""median_pool1"": 0.0002, ""trimmed_mean_pool1"": 0.0007, ""mean_pool2"": 0.004, ""median_pool2"": 0.03, ""trimmed_mean_pool2"": 0.0035, ""mean_pool3"": 0.0005, ""median_pool3"": 0.0018, ""trimmed_mean_pool3"": 0.0036, ""best_ONLY_FT_catboost"": 0.7364, ""best_THETA"": 0.0004, ""best_NaiveMovingAverage"": 0.0093, ""accept"": 0.0081}, ""input_tokens"": 1520, ""score"": 0.6667, ""rank"": 2, ""already_tested"": false}, {""iteration"": 2, ""action"": ""best_ONLY_FT_catboost"", ""confidence"": 0.9843, ""probability_of_chosen"": 0.9941, ""probabilities"": {""mean_pool_full"": 0.0, ""median_pool_full"": 0.0002, ""trimmed_mean_pool_full"": 0.0039, ""mean_pool4"": 0.0, ""median_pool4"": 0.0, ""trimmed_mean_pool4"": 0.0001, ""mean_pool1"": 0.0, ""median_pool1"": 0.0001, ""trimmed_mean_pool1"": 0.0002, ""mean_pool2"": 0.0, ""median_pool2"": 0.0002, ""trimmed_mean_pool2"": 0.0001, ""best_ONLY_FT_catboost"": 0.9941, ""best_THETA"": 0.0, ""best_NaiveMovingAverage"": 0.0007, ""accept"": 0.0004}, ""input_tokens"": 1529, ""score"": 0.6667, ""rank"": 2, ""already_tested"": true}, {""iteration"": 3, ""action"": ""best_ONLY_FT_catboost"", ""confidence"": 0.9843, ""probability_of_chosen"": 0.9941, ""probabilities"": {""mean_pool_full"": 0.0, ""median_pool_full"": 0.0002, ""trimmed_mean_pool_full"": 0.0039, ""mean_pool4"": 0.0, ""median_pool4"": 0.0, ""trimmed_mean_pool4"": 0.0001, ""mean_pool1"": 0.0, ""median_pool1"": 0.0001, ""trimmed_mean_pool1"": 0.0002, ""mean_pool2"": 0.0, ""median_pool2"": 0.0002, ""trimmed_mean_pool2"": 0.0001, ""best_ONLY_FT_catboost"": 0.9941, ""best_THETA"": 0.0, ""best_NaiveMovingAverage"": 0.0007, ""accept"": 0.0004}, ""input_tokens"": 1529, ""score"": 0.6667, ""rank"": 2, ""already_tested"": true}, {""iteration"": 4, ""action"": ""best_ONLY_FT_catboost"", ""confidence"": 0.9843, ""probability_of_chosen"": 0.9941, ""probabilities"": {""mean_pool_full"": 0.0, ""median_pool_full"": 0.0002, ""trimmed_mean_pool_full"": 0.0039, ""mean_pool4"": 0.0, ""median_pool4"": 0.0, ""trimmed_mean_pool4"": 0.0001, ""mean_pool1"": 0.0, ""median_pool1"": 0.0001, ""trimmed_mean_pool1"": 0.0002, ""mean_pool2"": 0.0, ""median_pool2"": 0.0002, ""trimmed_mean_pool2"": 0.0001, ""best_ONLY_FT_catboost"": 0.9941, ""best_THETA"": 0.0, ""best_NaiveMovingAverage"": 0.0007, ""accept"": 0.0004}, ""input_tokens"": 1529, ""score"": 0.6667, ""rank"": 2, ""already_tested"": true}]}, ""score"": 0.666}";baseline;4;no new information in 3 consecutive turns;0.4561794087374786;19.053124966357288;laya_multilingual_laya_v0_ml8192
32;12;orchestrator_laya_laya_v0_ml8192;0.7389658354962347;27.272727272727273;1.2541014624948221;333.9221753936069;1.2536175469251953;243.78609503999996;[[70.0, 85.0, 50.0, 115.724, 90.0, 454.146, 430.484, 846.662, 486.026, 212.0, 283.5, 231.0]];[[40.85334498666666, 36.22610974666666, 35.30685096, 35.12825756666667, 35.92651399333333, 34.694838940000004, 34.74169766, 35.24279627666667, 35.55473137333334, 35.650769103333324, 35.43259327, 34.35035564333333]];2023-12-31 00:00:00;2024-11-30 00:00:00;"{""strategy"": {""combine"": ""trimmed_mean"", ""pool"": ""pool1"", ""trim_pct"": 0.2}, ""origin"": ""baseline"", ""loop"": {""final_attempt"": ""a5"", ""strategy"": {""combine"": ""trimmed_mean"", ""pool"": ""pool1"", ""trim_pct"": 0.2}, ""iterations_used"": 4, ""stop_reason"": ""no new information in 3 consecutive turns"", ""trace"": [{""iteration"": 1, ""action"": ""median_pool2"", ""confidence"": 0.4225, ""probability_of_chosen"": 0.6044, ""probabilities"": {""mean_pool_full"": 0.0098, ""median_pool_full"": 0.0326, ""trimmed_mean_pool_full"": 0.0292, ""mean_pool1"": 0.0239, ""median_pool1"": 0.0162, ""trimmed_mean_pool1"": 0.0483, ""mean_pool2"": 0.0348, ""median_pool2"": 0.6044, ""trimmed_mean_pool2"": 0.0953, ""mean_pool3"": 0.001, ""median_pool3"": 0.0342, ""trimmed_mean_pool3"": 0.0318, ""best_ARIMA"": 0.005, ""best_THETA"": 0.0017, ""best_NaiveMovingAverage"": 0.0054, ""accept"": 0.0267}, ""input_tokens"": 1532, ""score"": 0.6638, ""rank"": 5, ""already_tested"": false}, {""iteration"": 2, ""action"": ""median_pool2"", ""confidence"": 0.9299, ""probability_of_chosen"": 0.9656, ""probabilities"": {""mean_pool_full"": 0.0, ""median_pool_full"": 0.0073, ""trimmed_mean_pool_full"": 0.0029, ""mean_pool4"": 0.0, ""median_pool4"": 0.0008, ""trimmed_mean_pool4"": 0.0001, ""mean_pool1"": 0.0, ""median_pool1"": 0.0204, ""trimmed_mean_pool1"": 0.0006, ""mean_pool2"": 0.0, ""median_pool2"": 0.9656, ""trimmed_mean_pool2"": 0.0007, ""best_ARIMA"": 0.0001, ""best_THETA"": 0.0, ""best_NaiveMovingAverage"": 0.0004, ""accept"": 0.001}, ""input_tokens"": 1523, ""score"": 0.6638, ""rank"": 5, ""already_tested"": true}, {""iteration"": 3, ""action"": ""median_pool2"", ""confidence"": 0.9299, ""probability_of_chosen"": 0.9656, ""probabilities"": {""mean_pool_full"": 0.0, ""median_pool_full"": 0.0073, ""trimmed_mean_pool_full"": 0.0029, ""mean_pool4"": 0.0, ""median_pool4"": 0.0008, ""trimmed_mean_pool4"": 0.0001, ""mean_pool1"": 0.0, ""median_pool1"": 0.0204, ""trimmed_mean_pool1"": 0.0006, ""mean_pool2"": 0.0, ""median_pool2"": 0.9656, ""trimmed_mean_pool2"": 0.0007, ""best_ARIMA"": 0.0001, ""best_THETA"": 0.0, ""best_NaiveMovingAverage"": 0.0004, ""accept"": 0.001}, ""input_tokens"": 1523, ""score"": 0.6638, ""rank"": 5, ""already_tested"": true}, {""iteration"": 4, ""action"": ""median_pool2"", ""confidence"": 0.9299, ""probability_of_chosen"": 0.9656, ""probabilities"": {""mean_pool_full"": 0.0, ""median_pool_full"": 0.0073, ""trimmed_mean_pool_full"": 0.0029, ""mean_pool4"": 0.0, ""median_pool4"": 0.0008, ""trimmed_mean_pool4"": 0.0001, ""mean_pool1"": 0.0, ""median_pool1"": 0.0204, ""trimmed_mean_pool1"": 0.0006, ""mean_pool2"": 0.0, ""median_pool2"": 0.9656, ""trimmed_mean_pool2"": 0.0007, ""best_ARIMA"": 0.0001, ""best_THETA"": 0.0, ""best_NaiveMovingAverage"": 0.0004, ""accept"": 0.001}, ""input_tokens"": 1523, ""score"": 0.6638, ""rank"": 5, ""already_tested"": true}]}, ""score"": 0.6181}";baseline;4;no new information in 3 consecutive turns;1.2541014624948221;333.9221753936069;laya_multilingual_laya_v0_ml8192
33;12;orchestrator_laya_laya_v0_ml8192;0.05787726734914858;54.54545454545455;0.06004622941872181;62.4945468957141;0.060042314060711206;46.1554842666667;[[863.968, 806.947, 738.002, 803.862, 760.335, 711.962, 714.685, 734.374, 734.931, 664.295, 768.115, 867.175]];[[737.1082555333332, 744.06920082, 740.4426201666666, 742.5424599533334, 743.2680795566666, 722.8530127666667, 729.1872728633333, 725.0971709299998, 715.7531724466667, 731.44755131, 733.3299665133333, 739.6593401533333]];2023-12-31 00:00:00;2024-11-30 00:00:00;"{""strategy"": {""combine"": ""trimmed_mean"", ""pool"": ""pool1"", ""trim_pct"": 0.2}, ""origin"": ""baseline"", ""loop"": {""final_attempt"": ""a5"", ""strategy"": {""combine"": ""trimmed_mean"", ""pool"": ""pool1"", ""trim_pct"": 0.2}, ""iterations_used"": 4, ""stop_reason"": ""no new information in 3 consecutive turns"", ""trace"": [{""iteration"": 1, ""action"": ""best_ONLY_DWT_rf"", ""confidence"": 0.5048, ""probability_of_chosen"": 0.6648, ""probabilities"": {""mean_pool_full"": 0.0003, ""median_pool_full"": 0.0058, ""trimmed_mean_pool_full"": 0.0554, ""mean_pool1"": 0.0123, ""median_pool1"": 0.0133, ""trimmed_mean_pool1"": 0.0087, ""mean_pool2"": 0.0316, ""median_pool2"": 0.0746, ""trimmed_mean_pool2"": 0.0609, ""mean_pool3"": 0.0022, ""median_pool3"": 0.0381, ""trimmed_mean_pool3"": 0.0093, ""best_CWT_rf"": 0.0047, ""best_ETS"": 0.001, ""best_ONLY_DWT_rf"": 0.6648, ""accept"": 0.0172}, ""input_tokens"": 1585, ""score"": 0.6601, ""rank"": 5, ""already_tested"": false}, {""iteration"": 2, ""action"": ""best_ONLY_DWT_rf"", ""confidence"": 0.9514, ""probability_of_chosen"": 0.9805, ""probabilities"": {""mean_pool_full"": 0.0, ""median_pool_full"": 0.0002, ""trimmed_mean_pool_full"": 0.0054, ""mean_pool4"": 0.0, ""median_pool4"": 0.0, ""trimmed_mean_pool4"": 0.0001, ""mean_pool1"": 0.0001, ""median_pool1"": 0.0018, ""trimmed_mean_pool1"": 0.0036, ""mean_pool2"": 0.0001, ""median_pool2"": 0.003, ""trimmed_mean_pool2"": 0.0006, ""best_CWT_rf"": 0.0021, ""best_ETS"": 0.0002, ""best_ONLY_DWT_rf"": 0.9805, ""accept"": 0.0022}, ""input_tokens"": 1592, ""score"": 0.6601, ""rank"": 5, ""already_tested"": true}, {""iteration"": 3, ""action"": ""best_ONLY_DWT_rf"", ""confidence"": 0.9514, ""probability_of_chosen"": 0.9805, ""probabilities"": {""mean_pool_full"": 0.0, ""median_pool_full"": 0.0002, ""trimmed_mean_pool_full"": 0.0054, ""mean_pool4"": 0.0, ""median_pool4"": 0.0, ""trimmed_mean_pool4"": 0.0001, ""mean_pool1"": 0.0001, ""median_pool1"": 0.0018, ""trimmed_mean_pool1"": 0.0036, ""mean_pool2"": 0.0001, ""median_pool2"": 0.003, ""trimmed_mean_pool2"": 0.0006, ""best_CWT_rf"": 0.0021, ""best_ETS"": 0.0002, ""best_ONLY_DWT_rf"": 0.9805, ""accept"": 0.0022}, ""input_tokens"": 1592, ""score"": 0.6601, ""rank"": 5, ""already_tested"": true}, {""iteration"": 4, ""action"": ""best_ONLY_DWT_rf"", ""confidence"": 0.9514, ""probability_of_chosen"": 0.9805, ""probabilities"": {""mean_pool_full"": 0.0, ""median_pool_full"": 0.0002, ""trimmed_mean_pool_full"": 0.0054, ""mean_pool4"": 0.0, ""median_pool4"": 0.0, ""trimmed_mean_pool4"": 0.0001, ""mean_pool1"": 0.0001, ""median_pool1"": 0.0018, ""trimmed_mean_pool1"": 0.0036, ""mean_pool2"": 0.0001, ""median_pool2"": 0.003, ""trimmed_mean_pool2"": 0.0006, ""best_CWT_rf"": 0.0021, ""best_ETS"": 0.0002, ""best_ONLY_DWT_rf"": 0.9805, ""accept"": 0.0022}, ""input_tokens"": 1592, ""score"": 0.6601, ""rank"": 5, ""already_tested"": true}]}, ""score"": 0.5935}";baseline;4;no new information in 3 consecutive turns;0.06004622941872181;62.4945468957141;laya_multilingual_laya_v0_ml8192
34;12;orchestrator_laya_laya_v0_ml8192;0.04919546514612281;45.45454545454545;0.04920926079131368;521.4939218802459;0.04920897025281296;419.2374092995874;[[8408.84, 7804.226, 7525.529, 7259.227, 8189.988, 8270.913, 7851.882, 9242.031, 9893.182, 9020.286, 9430.044, 9160.01]];[[8894.951348804347, 8141.5420566777775, 7772.1565540825695, 8117.555902732105, 8110.6696867752635, 8042.933491860002, 8210.16729929125, 8474.296299197418, 8821.455285937081, 9013.437828665, 9043.250902525237, 9363.789244967]];2023-12-31 00:00:00;2024-11-30 00:00:00;"{""strategy"": {""combine"": ""dba"", ""pool"": ""pool_full"", ""dba_max_iter"": 30}, ""origin"": ""baseline"", ""loop"": {""final_attempt"": ""a3"", ""strategy"": {""combine"": ""dba"", ""pool"": ""pool_full"", ""dba_max_iter"": 30}, ""iterations_used"": 3, ""stop_reason"": ""no new information in 3 consecutive turns"", ""trace"": [{""iteration"": 1, ""action"": ""trimmed_mean_pool2"", ""confidence"": 0.5387, ""probability_of_chosen"": 0.6494, ""probabilities"": {""mean_pool_full"": 0.0025, ""median_pool_full"": 0.0071, ""trimmed_mean_pool_full"": 0.0259, ""mean_pool1"": 0.0052, ""median_pool1"": 0.0022, ""trimmed_mean_pool1"": 0.0025, ""mean_pool2"": 0.0248, ""median_pool2"": 0.0493, ""trimmed_mean_pool2"": 0.6494, ""mean_pool3"": 0.0016, ""median_pool3"": 0.0084, ""trimmed_mean_pool3"": 0.1555, ""best_ETS"": 0.0011, ""best_THETA"": 0.0075, ""best_ARIMA"": 0.0027, ""accept"": 0.0544}, ""input_tokens"": 1637, ""score"": 0.6732, ""rank"": 3, ""already_tested"": true}, {""iteration"": 2, ""action"": ""trimmed_mean_pool2"", ""confidence"": 0.5825, ""probability_of_chosen"": 0.7191, ""probabilities"": {""mean_pool_full"": 0.0014, ""median_pool_full"": 0.0092, ""trimmed_mean_pool_full"": 0.0907, ""mean_pool4"": 0.0018, ""median_pool4"": 0.0011, ""trimmed_mean_pool4"": 0.0015, ""mean_pool1"": 0.0072, ""median_pool1"": 0.0272, ""trimmed_mean_pool1"": 0.0342, ""mean_pool2"": 0.0154, ""median_pool2"": 0.0404, ""trimmed_mean_pool2"": 0.7191, ""best_ETS"": 0.001, ""best_THETA"": 0.0041, ""best_ARIMA"": 0.002, ""accept"": 0.0437}, ""input_tokens"": 1637, ""score"": 0.6732, ""rank"": 3, ""already_tested"": true}, {""iteration"": 3, ""action"": ""trimmed_mean_pool2"", ""confidence"": 0.5825, ""probability_of_chosen"": 0.7191, ""probabilities"": {""mean_pool_full"": 0.0014, ""median_pool_full"": 0.0092, ""trimmed_mean_pool_full"": 0.0907, ""mean_pool4"": 0.0018, ""median_pool4"": 0.0011, ""trimmed_mean_pool4"": 0.0015, ""mean_pool1"": 0.0072, ""median_pool1"": 0.0272, ""trimmed_mean_pool1"": 0.0342, ""mean_pool2"": 0.0154, ""median_pool2"": 0.0404, ""trimmed_mean_pool2"": 0.7191, ""best_ETS"": 0.001, ""best_THETA"": 0.0041, ""best_ARIMA"": 0.002, ""accept"": 0.0437}, ""input_tokens"": 1637, ""score"": 0.6732, ""rank"": 3, ""already_tested"": true}]}, ""score"": 0.6433}";baseline;3;no new information in 3 consecutive turns;0.04920926079131368;521.4939218802459;laya_multilingual_laya_v0_ml8192
35;12;orchestrator_laya_laya_v0_ml8192;0.22251411596214987;45.45454545454545;0.20423450140194366;95.80228594920337;0.20420773519866967;79.72382476583331;[[399.513, 348.61, 349.826, 435.708, 316.27, 312.608, 600.669, 429.357, 309.077, 236.84, 457.616, 492.554]];[[359.27020103, 365.76495835, 355.91117011, 374.64186596, 404.00342435, 415.58700515, 434.24133344, 443.635, 434.26707769, 396.54289269, 398.14849849, 376.19573223]];2023-12-31 00:00:00;2024-11-30 00:00:00;"{""strategy"": {""combine"": ""median"", ""pool"": ""pool_full""}, ""origin"": ""baseline"", ""loop"": {""final_attempt"": ""a2"", ""strategy"": {""combine"": ""median"", ""pool"": ""pool_full""}, ""iterations_used"": 4, ""stop_reason"": ""no new information in 3 consecutive turns"", ""trace"": [{""iteration"": 1, ""action"": ""median_pool2"", ""confidence"": 0.5942, ""probability_of_chosen"": 0.7106, ""probabilities"": {""mean_pool_full"": 0.0002, ""median_pool_full"": 0.0402, ""trimmed_mean_pool_full"": 0.1178, ""mean_pool1"": 0.0015, ""median_pool1"": 0.0029, ""trimmed_mean_pool1"": 0.0032, ""mean_pool2"": 0.0027, ""median_pool2"": 0.7106, ""trimmed_mean_pool2"": 0.041, ""mean_pool3"": 0.0003, ""median_pool3"": 0.0063, ""trimmed_mean_pool3"": 0.0224, ""best_ARIMA"": 0.0009, ""best_ETS"": 0.0005, ""best_NaiveMovingAverage"": 0.0359, ""accept"": 0.0134}, ""input_tokens"": 1547, ""score"": 0.7066, ""rank"": 5, ""already_tested"": false}, {""iteration"": 2, ""action"": ""median_pool2"", ""confidence"": 0.5374, ""probability_of_chosen"": 0.6176, ""probabilities"": {""mean_pool_full"": 0.0003, ""median_pool_full"": 0.1336, ""trimmed_mean_pool_full"": 0.1315, ""mean_pool4"": 0.002, ""median_pool4"": 0.0073, ""trimmed_mean_pool4"": 0.002, ""mean_pool1"": 0.0012, ""median_pool1"": 0.0503, ""trimmed_mean_pool1"": 0.0018, ""mean_pool2"": 0.003, ""median_pool2"": 0.6176, ""trimmed_mean_pool2"": 0.0086, ""best_ARIMA"": 0.0006, ""best_ETS"": 0.0004, ""best_NaiveMovingAverage"": 0.0305, ""accept"": 0.0093}, ""input_tokens"": 1542, ""score"": 0.7066, ""rank"": 5, ""already_tested"": true}, {""iteration"": 3, ""action"": ""median_pool2"", ""confidence"": 0.5374, ""probability_of_chosen"": 0.6176, ""probabilities"": {""mean_pool_full"": 0.0003, ""median_pool_full"": 0.1336, ""trimmed_mean_pool_full"": 0.1315, ""mean_pool4"": 0.002, ""median_pool4"": 0.0073, ""trimmed_mean_pool4"": 0.002, ""mean_pool1"": 0.0012, ""median_pool1"": 0.0503, ""trimmed_mean_pool1"": 0.0018, ""mean_pool2"": 0.003, ""median_pool2"": 0.6176, ""trimmed_mean_pool2"": 0.0086, ""best_ARIMA"": 0.0006, ""best_ETS"": 0.0004, ""best_NaiveMovingAverage"": 0.0305, ""accept"": 0.0093}, ""input_tokens"": 1542, ""score"": 0.7066, ""rank"": 5, ""already_tested"": true}, {""iteration"": 4, ""action"": ""median_pool2"", ""confidence"": 0.5374, ""probability_of_chosen"": 0.6176, ""probabilities"": {""mean_pool_full"": 0.0003, ""median_pool_full"": 0.1336, ""trimmed_mean_pool_full"": 0.1315, ""mean_pool4"": 0.002, ""median_pool4"": 0.0073, ""trimmed_mean_pool4"": 0.002, ""mean_pool1"": 0.0012, ""median_pool1"": 0.0503, ""trimmed_mean_pool1"": 0.0018, ""mean_pool2"": 0.003, ""median_pool2"": 0.6176, ""trimmed_mean_pool2"": 0.0086, ""best_ARIMA"": 0.0006, ""best_ETS"": 0.0004, ""best_NaiveMovingAverage"": 0.0305, ""accept"": 0.0093}, ""input_tokens"": 1542, ""score"": 0.7066, ""rank"": 5, ""already_tested"": true}]}, ""score"": 0.6826}";baseline;4;no new information in 3 consecutive turns;0.20423450140194366;95.80228594920337;laya_multilingual_laya_v0_ml8192
36;12;orchestrator_laya_laya_v0_ml8192;0.1193815925102092;72.72727272727273;0.11093101117523167;38618.73750864396;0.11093099322795723;34303.108351225834;[[330842.064, 340269.29, 304661.387, 274675.815, 272891.511, 286430.812, 282565.838, 299661.694, 297024.037, 285282.033, 294760.479, 294199.089]];[[323936.27306254284, 337625.0220252843, 313811.6363410029, 337267.98561220855, 319702.12360375427, 327173.6880790885, 326547.61000612145, 343278.13933896285, 326874.72786840284, 329903.6926781743, 332609.83693686145, 337070.49583796]];2023-12-31 00:00:00;2024-11-30 00:00:00;"{""strategy"": {""combine"": ""mean"", ""pool"": ""pool2""}, ""origin"": ""baseline"", ""loop"": {""final_attempt"": ""a6"", ""strategy"": {""combine"": ""mean"", ""pool"": ""pool2""}, ""iterations_used"": 4, ""stop_reason"": ""no new information in 3 consecutive turns"", ""trace"": [{""iteration"": 1, ""action"": ""best_ONLY_FT_rf"", ""confidence"": 0.8136, ""probability_of_chosen"": 0.7879, ""probabilities"": {""mean_pool_full"": 0.0, ""median_pool_full"": 0.0, ""trimmed_mean_pool_full"": 0.0, ""mean_pool1"": 0.0, ""median_pool1"": 0.0, ""trimmed_mean_pool1"": 0.0, ""mean_pool2"": 0.0, ""median_pool2"": 0.2121, ""trimmed_mean_pool2"": 0.0, ""mean_pool3"": 0.0, ""median_pool3"": 0.0, ""trimmed_mean_pool3"": 0.0, ""best_ONLY_FT_rf"": 0.7879, ""best_THETA"": 0.0, ""best_ETS"": 0.0, ""accept"": 0.0}, ""input_tokens"": 1640, ""score"": 0.6438, ""rank"": 4, ""already_tested"": false}, {""iteration"": 2, ""action"": ""best_ONLY_FT_rf"", ""confidence"": 0.9999, ""probability_of_chosen"": 1.0, ""probabilities"": {""mean_pool_full"": 0.0, ""median_pool_full"": 0.0, ""trimmed_mean_pool_full"": 0.0, ""mean_pool4"": 0.0, ""median_pool4"": 0.0, ""trimmed_mean_pool4"": 0.0, ""mean_pool1"": 0.0, ""median_pool1"": 0.0, ""trimmed_mean_pool1"": 0.0, ""mean_pool2"": 0.0, ""median_pool2"": 0.0, ""trimmed_mean_pool2"": 0.0, ""best_ONLY_FT_rf"": 1.0, ""best_THETA"": 0.0, ""best_ETS"": 0.0, ""accept"": 0.0}, ""input_tokens"": 1647, ""score"": 0.6438, ""rank"": 4, ""already_tested"": true}, {""iteration"": 3, ""action"": ""best_ONLY_FT_rf"", ""confidence"": 0.9999, ""probability_of_chosen"": 1.0, ""probabilities"": {""mean_pool_full"": 0.0, ""median_pool_full"": 0.0, ""trimmed_mean_pool_full"": 0.0, ""mean_pool4"": 0.0, ""median_pool4"": 0.0, ""trimmed_mean_pool4"": 0.0, ""mean_pool1"": 0.0, ""median_pool1"": 0.0, ""trimmed_mean_pool1"": 0.0, ""mean_pool2"": 0.0, ""median_pool2"": 0.0, ""trimmed_mean_pool2"": 0.0, ""best_ONLY_FT_rf"": 1.0, ""best_THETA"": 0.0, ""best_ETS"": 0.0, ""accept"": 0.0}, ""input_tokens"": 1647, ""score"": 0.6438, ""rank"": 4, ""already_tested"": true}, {""iteration"": 4, ""action"": ""best_ONLY_FT_rf"", ""confidence"": 0.9999, ""probability_of_chosen"": 1.0, ""probabilities"": {""mean_pool_full"": 0.0, ""median_pool_full"": 0.0, ""trimmed_mean_pool_full"": 0.0, ""mean_pool4"": 0.0, ""median_pool4"": 0.0, ""trimmed_mean_pool4"": 0.0, ""mean_pool1"": 0.0, ""median_pool1"": 0.0, ""trimmed_mean_pool1"": 0.0, ""mean_pool2"": 0.0, ""median_pool2"": 0.0, ""trimmed_mean_pool2"": 0.0, ""best_ONLY_FT_rf"": 1.0, ""best_THETA"": 0.0, ""best_ETS"": 0.0, ""accept"": 0.0}, ""input_tokens"": 1647, ""score"": 0.6438, ""rank"": 4, ""already_tested"": true}]}, ""score"": 0.5962}";baseline;4;no new information in 3 consecutive turns;0.11093101117523167;38618.73750864396;laya_multilingual_laya_v0_ml8192
37;12;orchestrator_laya_laya_v0_ml8192;0.2148245452278452;54.54545454545455;0.21017399348304747;62.148182521690984;0.21012431619464944;49.442656943333326;[[357.069, 457.392, 297.659, 222.518, 191.916, 156.305, 146.1, 154.092, 142.71, 121.405, 315.183, 241.365]];[[287.93347104, 333.99979119, 226.63645245, 239.06151564, 198.56875992, 168.05745944, 182.07737998, 175.1689623, 203.57381159, 183.30005428, 207.90034914, 249.08200399]];2023-12-31 00:00:00;2024-11-30 00:00:00;"{""strategy"": {""combine"": ""median"", ""pool"": ""pool_full""}, ""origin"": ""baseline"", ""loop"": {""final_attempt"": ""a2"", ""strategy"": {""combine"": ""median"", ""pool"": ""pool_full""}, ""iterations_used"": 3, ""stop_reason"": ""no new information in 3 consecutive turns"", ""trace"": [{""iteration"": 1, ""action"": ""trimmed_mean_pool2"", ""confidence"": 0.7288, ""probability_of_chosen"": 0.8432, ""probabilities"": {""mean_pool_full"": 0.0012, ""median_pool_full"": 0.0193, ""trimmed_mean_pool_full"": 0.0314, ""mean_pool1"": 0.0012, ""median_pool1"": 0.006, ""trimmed_mean_pool1"": 0.0064, ""mean_pool2"": 0.0009, ""median_pool2"": 0.0375, ""trimmed_mean_pool2"": 0.8432, ""mean_pool3"": 0.0007, ""median_pool3"": 0.0044, ""trimmed_mean_pool3"": 0.0225, ""best_rf"": 0.0005, ""best_ETS"": 0.0002, ""best_THETA"": 0.0009, ""accept"": 0.0236}, ""input_tokens"": 1501, ""score"": 0.6529, ""rank"": 5, ""already_tested"": true}, {""iteration"": 2, ""action"": ""trimmed_mean_pool1"", ""confidence"": 0.3063, ""probability_of_chosen"": 0.2503, ""probabilities"": {""mean_pool_full"": 0.0017, ""median_pool_full"": 0.1404, ""trimmed_mean_pool_full"": 0.2244, ""mean_pool4"": 0.0012, ""median_pool4"": 0.0073, ""trimmed_mean_pool4"": 0.0067, ""mean_pool1"": 0.0009, ""median_pool1"": 0.0509, ""trimmed_mean_pool1"": 0.2503, ""mean_pool2"": 0.0049, ""median_pool2"": 0.1278, ""trimmed_mean_pool2"": 0.1361, ""best_rf"": 0.0009, ""best_ETS"": 0.0005, ""best_THETA"": 0.0017, ""accept"": 0.0443}, ""input_tokens"": 1501, ""score"": 0.6554, ""rank"": 6, ""already_tested"": true}, {""iteration"": 3, ""action"": ""trimmed_mean_pool1"", ""confidence"": 0.3063, ""probability_of_chosen"": 0.2503, ""probabilities"": {""mean_pool_full"": 0.0017, ""median_pool_full"": 0.1404, ""trimmed_mean_pool_full"": 0.2244, ""mean_pool4"": 0.0012, ""median_pool4"": 0.0073, ""trimmed_mean_pool4"": 0.0067, ""mean_pool1"": 0.0009, ""median_pool1"": 0.0509, ""trimmed_mean_pool1"": 0.2503, ""mean_pool2"": 0.0049, ""median_pool2"": 0.1278, ""trimmed_mean_pool2"": 0.1361, ""best_rf"": 0.0009, ""best_ETS"": 0.0005, ""best_THETA"": 0.0017, ""accept"": 0.0443}, ""input_tokens"": 1501, ""score"": 0.6554, ""rank"": 6, ""already_tested"": true}]}, ""score"": 0.6394}";baseline;3;no new information in 3 consecutive turns;0.21017399348304747;62.148182521690984;laya_multilingual_laya_v0_ml8192
38;12;orchestrator_laya_laya_v0_ml8192;0.5446600165349681;45.45454545454545;0.7539968077594926;5217.065527631024;0.7539912403228168;5121.191738333334;[[7616.938, 7938.137, 8618.96, 9255.602, 9433.928, 9697.82, 9208.834, 10031.216, 9320.077, 9633.534, 10537.74, 10410.703]];[[4789.73650135, 4533.34301067, 3859.81704398, 3966.70538098, 4003.87807939, 4063.69633601, 4112.27288184, 3952.12979688, 4175.0243162, 4141.0184358, 4369.11181131, 4282.45454559]];2023-12-31 00:00:00;2024-11-30 00:00:00;"{""strategy"": {""combine"": ""median"", ""pool"": ""pool1""}, ""origin"": ""agent"", ""loop"": {""final_attempt"": ""a11"", ""strategy"": {""combine"": ""median"", ""pool"": ""pool1""}, ""iterations_used"": 5, ""stop_reason"": ""no new information in 3 consecutive turns"", ""trace"": [{""iteration"": 1, ""action"": ""median_pool2"", ""confidence"": 0.3255, ""probability_of_chosen"": 0.331, ""probabilities"": {""mean_pool_full"": 0.0007, ""median_pool_full"": 0.3061, ""trimmed_mean_pool_full"": 0.0222, ""mean_pool1"": 0.0028, ""median_pool1"": 0.0317, ""trimmed_mean_pool1"": 0.0104, ""mean_pool2"": 0.0032, ""median_pool2"": 0.331, ""trimmed_mean_pool2"": 0.0536, ""mean_pool3"": 0.0005, ""median_pool3"": 0.1033, ""trimmed_mean_pool3"": 0.0149, ""best_ONLY_CWT_catboost"": 0.0248, ""best_FT_catboost"": 0.0152, ""best_CWT_catboost"": 0.0589, ""accept"": 0.0208}, ""input_tokens"": 1593, ""score"": 0.6565, ""rank"": 3, ""already_tested"": false}, {""iteration"": 2, ""action"": ""median_pool1"", ""confidence"": 0.7449, ""probability_of_chosen"": 0.845, ""probabilities"": {""mean_pool_full"": 0.0004, ""median_pool_full"": 0.0392, ""trimmed_mean_pool_full"": 0.0431, ""mean_pool4"": 0.0001, ""median_pool4"": 0.0012, ""trimmed_mean_pool4"": 0.0003, ""mean_pool1"": 0.0002, ""median_pool1"": 0.845, ""trimmed_mean_pool1"": 0.0085, ""mean_pool2"": 0.0002, ""median_pool2"": 0.0392, ""trimmed_mean_pool2"": 0.0017, ""best_ONLY_CWT_catboost"": 0.0026, ""best_FT_catboost"": 0.0023, ""best_CWT_catboost"": 0.0098, ""accept"": 0.0062}, ""input_tokens"": 1598, ""score"": 0.5859, ""rank"": 1, ""already_tested"": false}, {""iteration"": 3, ""action"": ""median_pool1"", ""confidence"": 0.9365, ""probability_of_chosen"": 0.9685, ""probabilities"": {""mean_pool_full"": 0.0, ""median_pool_full"": 0.0027, ""trimmed_mean_pool_full"": 0.0026, ""mean_pool4"": 0.0, ""median_pool4"": 0.0003, ""trimmed_mean_pool4"": 0.0, ""mean_pool1"": 0.0001, ""median_pool1"": 0.9685, ""trimmed_mean_pool1"": 0.0004, ""mean_pool2"": 0.0, ""median_pool2"": 0.0224, ""trimmed_mean_pool2"": 0.0001, ""best_ONLY_CWT_catboost"": 0.0004, ""best_FT_catboost"": 0.0004, ""best_CWT_catboost"": 0.0012, ""accept"": 0.0008}, ""input_tokens"": 1591, ""score"": 0.5859, ""rank"": 1, ""already_tested"": true}, {""iteration"": 4, ""action"": ""median_pool1"", ""confidence"": 0.9365, ""probability_of_chosen"": 0.9685, ""probabilities"": {""mean_pool_full"": 0.0, ""median_pool_full"": 0.0027, ""trimmed_mean_pool_full"": 0.0026, ""mean_pool4"": 0.0, ""median_pool4"": 0.0003, ""trimmed_mean_pool4"": 0.0, ""mean_pool1"": 0.0001, ""median_pool1"": 0.9685, ""trimmed_mean_pool1"": 0.0004, ""mean_pool2"": 0.0, ""median_pool2"": 0.0224, ""trimmed_mean_pool2"": 0.0001, ""best_ONLY_CWT_catboost"": 0.0004, ""best_FT_catboost"": 0.0004, ""best_CWT_catboost"": 0.0012, ""accept"": 0.0008}, ""input_tokens"": 1591, ""score"": 0.5859, ""rank"": 1, ""already_tested"": true}, {""iteration"": 5, ""action"": ""median_pool1"", ""confidence"": 0.9365, ""probability_of_chosen"": 0.9685, ""probabilities"": {""mean_pool_full"": 0.0, ""median_pool_full"": 0.0027, ""trimmed_mean_pool_full"": 0.0026, ""mean_pool4"": 0.0, ""median_pool4"": 0.0003, ""trimmed_mean_pool4"": 0.0, ""mean_pool1"": 0.0001, ""median_pool1"": 0.9685, ""trimmed_mean_pool1"": 0.0004, ""mean_pool2"": 0.0, ""median_pool2"": 0.0224, ""trimmed_mean_pool2"": 0.0001, ""best_ONLY_CWT_catboost"": 0.0004, ""best_FT_catboost"": 0.0004, ""best_CWT_catboost"": 0.0012, ""accept"": 0.0008}, ""input_tokens"": 1591, ""score"": 0.5859, ""rank"": 1, ""already_tested"": true}]}, ""score"": 0.5859}";agent;5;no new information in 3 consecutive turns;0.7529569876033643;5214.595922606197;laya_multilingual_laya_v0_ml8192
39;12;orchestrator_laya_laya_v0_ml8192;0.03983801999363112;81.81818181818181;0.03883949315881562;4844.324827405564;0.03883947442536958;4041.836085302499;[[95868.1, 91584.7, 94279.118, 107549.707, 105345.1, 105636.9, 103798.2, 114759.0, 113031.9, 107992.5, 117399.5, 107539.426]];[[100160.3238501, 98073.58806862, 104826.47959154, 110449.39858439, 106906.62068659, 109270.90974157, 109962.91683729, 112601.81507067, 113036.58004095, 112181.85774666, 112696.8463439, 109399.17029049]];2023-12-31 00:00:00;2024-11-30 00:00:00;"{""strategy"": {""combine"": ""median"", ""pool"": ""pool_full""}, ""origin"": ""baseline"", ""loop"": {""final_attempt"": ""a2"", ""strategy"": {""combine"": ""median"", ""pool"": ""pool_full""}, ""iterations_used"": 4, ""stop_reason"": ""no new information in 3 consecutive turns"", ""trace"": [{""iteration"": 1, ""action"": ""median_pool2"", ""confidence"": 0.4672, ""probability_of_chosen"": 0.6304, ""probabilities"": {""mean_pool_full"": 0.0037, ""median_pool_full"": 0.0138, ""trimmed_mean_pool_full"": 0.0151, ""mean_pool1"": 0.0016, ""median_pool1"": 0.0168, ""trimmed_mean_pool1"": 0.0083, ""mean_pool2"": 0.0013, ""median_pool2"": 0.6304, ""trimmed_mean_pool2"": 0.0334, ""mean_pool3"": 0.0004, ""median_pool3"": 0.0974, ""trimmed_mean_pool3"": 0.0143, ""best_CWT_rf"": 0.0373, ""best_ONLY_CWT_catboost"": 0.0559, ""best_ONLY_DWT_rf"": 0.0513, ""accept"": 0.019}, ""input_tokens"": 1616, ""score"": 0.627, ""rank"": 6, ""already_tested"": false}, {""iteration"": 2, ""action"": ""median_pool2"", ""confidence"": 0.8478, ""probability_of_chosen"": 0.9055, ""probabilities"": {""mean_pool_full"": 0.0001, ""median_pool_full"": 0.0022, ""trimmed_mean_pool_full"": 0.0046, ""mean_pool4"": 0.0001, ""median_pool4"": 0.001, ""trimmed_mean_pool4"": 0.0001, ""mean_pool1"": 0.0001, ""median_pool1"": 0.0687, ""trimmed_mean_pool1"": 0.0016, ""mean_pool2"": 0.0001, ""median_pool2"": 0.9055, ""trimmed_mean_pool2"": 0.0015, ""best_CWT_rf"": 0.0017, ""best_ONLY_CWT_catboost"": 0.0041, ""best_ONLY_DWT_rf"": 0.0069, ""accept"": 0.0018}, ""input_tokens"": 1616, ""score"": 0.627, ""rank"": 6, ""already_tested"": true}, {""iteration"": 3, ""action"": ""median_pool2"", ""confidence"": 0.8478, ""probability_of_chosen"": 0.9055, ""probabilities"": {""mean_pool_full"": 0.0001, ""median_pool_full"": 0.0022, ""trimmed_mean_pool_full"": 0.0046, ""mean_pool4"": 0.0001, ""median_pool4"": 0.001, ""trimmed_mean_pool4"": 0.0001, ""mean_pool1"": 0.0001, ""median_pool1"": 0.0687, ""trimmed_mean_pool1"": 0.0016, ""mean_pool2"": 0.0001, ""median_pool2"": 0.9055, ""trimmed_mean_pool2"": 0.0015, ""best_CWT_rf"": 0.0017, ""best_ONLY_CWT_catboost"": 0.0041, ""best_ONLY_DWT_rf"": 0.0069, ""accept"": 0.0018}, ""input_tokens"": 1616, ""score"": 0.627, ""rank"": 6, ""already_tested"": true}, {""iteration"": 4, ""action"": ""median_pool2"", ""confidence"": 0.8478, ""probability_of_chosen"": 0.9055, ""probabilities"": {""mean_pool_full"": 0.0001, ""median_pool_full"": 0.0022, ""trimmed_mean_pool_full"": 0.0046, ""mean_pool4"": 0.0001, ""median_pool4"": 0.001, ""trimmed_mean_pool4"": 0.0001, ""mean_pool1"": 0.0001, ""median_pool1"": 0.0687, ""trimmed_mean_pool1"": 0.0016, ""mean_pool2"": 0.0001, ""median_pool2"": 0.9055, ""trimmed_mean_pool2"": 0.0015, ""best_CWT_rf"": 0.0017, ""best_ONLY_CWT_catboost"": 0.0041, ""best_ONLY_DWT_rf"": 0.0069, ""accept"": 0.0018}, ""input_tokens"": 1616, ""score"": 0.627, ""rank"": 6, ""already_tested"": true}]}, ""score"": 0.6038}";baseline;4;no new information in 3 consecutive turns;0.03883949315881562;4844.324827405564;laya_multilingual_laya_v0_ml8192
40;12;orchestrator_laya_laya_v0_ml8192;0.04262065562220994;72.72727272727273;0.04167323079005592;6931.22546480528;0.0416732137955629;5118.390637101588;[[134999.651, 125083.95, 108306.35, 119140.25, 119552.9, 122761.065, 116167.9, 123225.85, 128004.229, 124229.814, 133344.7, 123678.3]];[[126320.9936790605, 124508.88712389632, 124931.55486879422, 125628.52604650581, 123237.88467617948, 127482.0643576563, 124215.28300412367, 123043.51982256577, 124746.28786687159, 123898.89349571946, 124930.33310911474, 124092.86078918791]];2023-12-31 00:00:00;2024-11-30 00:00:00;"{""strategy"": {""combine"": ""mean"", ""pool"": ""pool_full""}, ""origin"": ""baseline"", ""loop"": {""final_attempt"": ""a1"", ""strategy"": {""combine"": ""mean"", ""pool"": ""pool_full""}, ""iterations_used"": 4, ""stop_reason"": ""no new information in 3 consecutive turns"", ""trace"": [{""iteration"": 1, ""action"": ""median_pool2"", ""confidence"": 0.4737, ""probability_of_chosen"": 0.6145, ""probabilities"": {""mean_pool_full"": 0.0004, ""median_pool_full"": 0.0503, ""trimmed_mean_pool_full"": 0.0118, ""mean_pool1"": 0.003, ""median_pool1"": 0.0307, ""trimmed_mean_pool1"": 0.0137, ""mean_pool2"": 0.0012, ""median_pool2"": 0.6145, ""trimmed_mean_pool2"": 0.0822, ""mean_pool3"": 0.0008, ""median_pool3"": 0.0751, ""trimmed_mean_pool3"": 0.065, ""best_ETS"": 0.0016, ""best_THETA"": 0.0038, ""best_ARIMA"": 0.0015, ""accept"": 0.0443}, ""input_tokens"": 1624, ""score"": 0.7553, ""rank"": 7, ""already_tested"": false}, {""iteration"": 2, ""action"": ""median_pool2"", ""confidence"": 0.5894, ""probability_of_chosen"": 0.7099, ""probabilities"": {""mean_pool_full"": 0.0002, ""median_pool_full"": 0.0468, ""trimmed_mean_pool_full"": 0.051, ""mean_pool4"": 0.0003, ""median_pool4"": 0.0041, ""trimmed_mean_pool4"": 0.0028, ""mean_pool1"": 0.0012, ""median_pool1"": 0.0708, ""trimmed_mean_pool1"": 0.0162, ""mean_pool2"": 0.0008, ""median_pool2"": 0.7099, ""trimmed_mean_pool2"": 0.072, ""best_ETS"": 0.0006, ""best_THETA"": 0.0011, ""best_ARIMA"": 0.0007, ""accept"": 0.0214}, ""input_tokens"": 1624, ""score"": 0.7553, ""rank"": 7, ""already_tested"": true}, {""iteration"": 3, ""action"": ""median_pool2"", ""confidence"": 0.5894, ""probability_of_chosen"": 0.7099, ""probabilities"": {""mean_pool_full"": 0.0002, ""median_pool_full"": 0.0468, ""trimmed_mean_pool_full"": 0.051, ""mean_pool4"": 0.0003, ""median_pool4"": 0.0041, ""trimmed_mean_pool4"": 0.0028, ""mean_pool1"": 0.0012, ""median_pool1"": 0.0708, ""trimmed_mean_pool1"": 0.0162, ""mean_pool2"": 0.0008, ""median_pool2"": 0.7099, ""trimmed_mean_pool2"": 0.072, ""best_ETS"": 0.0006, ""best_THETA"": 0.0011, ""best_ARIMA"": 0.0007, ""accept"": 0.0214}, ""input_tokens"": 1624, ""score"": 0.7553, ""rank"": 7, ""already_tested"": true}, {""iteration"": 4, ""action"": ""median_pool2"", ""confidence"": 0.5894, ""probability_of_chosen"": 0.7099, ""probabilities"": {""mean_pool_full"": 0.0002, ""median_pool_full"": 0.0468, ""trimmed_mean_pool_full"": 0.051, ""mean_pool4"": 0.0003, ""median_pool4"": 0.0041, ""trimmed_mean_pool4"": 0.0028, ""mean_pool1"": 0.0012, ""median_pool1"": 0.0708, ""trimmed_mean_pool1"": 0.0162, ""mean_pool2"": 0.0008, ""median_pool2"": 0.7099, ""trimmed_mean_pool2"": 0.072, ""best_ETS"": 0.0006, ""best_THETA"": 0.0011, ""best_ARIMA"": 0.0007, ""accept"": 0.0214}, ""input_tokens"": 1624, ""score"": 0.7553, ""rank"": 7, ""already_tested"": true}]}, ""score"": 0.6667}";baseline;4;no new information in 3 consecutive turns;0.04167323079005592;6931.22546480528;laya_multilingual_laya_v0_ml8192
41;12;orchestrator_laya_laya_v0_ml8192;0.1493555822463056;63.63636363636363;0.1628938678513059;11402.217558942655;0.16289374278503277;10627.0461624375;[[65449.434, 75298.064, 66040.259, 66128.672, 66337.408, 64473.094, 65919.689, 73265.099, 70575.006, 70957.086, 73466.007, 79282.803]];[[57858.62262738, 57805.3255241, 56671.20489055, 57850.81333058, 59642.63881664, 59557.52116847, 58781.94572039, 59611.32939119, 60304.19381912, 60728.57921972, 60272.88509071, 60583.0074519]];2023-12-31 00:00:00;2024-11-30 00:00:00;"{""strategy"": {""combine"": ""best_single"", ""model"": ""ONLY_DWT_rf"", ""pool"": ""pool_full""}, ""origin"": ""agent"", ""loop"": {""final_attempt"": ""a10"", ""strategy"": {""combine"": ""best_single"", ""model"": ""ONLY_DWT_rf"", ""pool"": ""pool_full""}, ""iterations_used"": 4, ""stop_reason"": ""no new information in 3 consecutive turns"", ""trace"": [{""iteration"": 1, ""action"": ""best_ONLY_DWT_rf"", ""confidence"": 0.3247, ""probability_of_chosen"": 0.4297, ""probabilities"": {""mean_pool_full"": 0.023, ""median_pool_full"": 0.003, ""trimmed_mean_pool_full"": 0.1331, ""mean_pool1"": 0.0037, ""median_pool1"": 0.0016, ""trimmed_mean_pool1"": 0.0127, ""mean_pool2"": 0.006, ""median_pool2"": 0.1166, ""trimmed_mean_pool2"": 0.1095, ""mean_pool3"": 0.0015, ""median_pool3"": 0.0129, ""trimmed_mean_pool3"": 0.037, ""best_FT_catboost"": 0.0231, ""best_ONLY_DWT_rf"": 0.4297, ""best_DWT_rf"": 0.0715, ""accept"": 0.0152}, ""input_tokens"": 1654, ""score"": 0.5789, ""rank"": 1, ""already_tested"": false}, {""iteration"": 2, ""action"": ""best_ONLY_DWT_rf"", ""confidence"": 0.7004, ""probability_of_chosen"": 0.8172, ""probabilities"": {""mean_pool_full"": 0.0015, ""median_pool_full"": 0.001, ""trimmed_mean_pool_full"": 0.0307, ""mean_pool4"": 0.0004, ""median_pool4"": 0.0004, ""trimmed_mean_pool4"": 0.0004, ""mean_pool1"": 0.0007, ""median_pool1"": 0.018, ""trimmed_mean_pool1"": 0.0155, ""mean_pool2"": 0.0009, ""median_pool2"": 0.0186, ""trimmed_mean_pool2"": 0.0043, ""best_FT_catboost"": 0.0218, ""best_ONLY_DWT_rf"": 0.8172, ""best_DWT_rf"": 0.063, ""accept"": 0.0057}, ""input_tokens"": 1658, ""score"": 0.5789, ""rank"": 1, ""already_tested"": true}, {""iteration"": 3, ""action"": ""best_ONLY_DWT_rf"", ""confidence"": 0.7004, ""probability_of_chosen"": 0.8172, ""probabilities"": {""mean_pool_full"": 0.0015, ""median_pool_full"": 0.001, ""trimmed_mean_pool_full"": 0.0307, ""mean_pool4"": 0.0004, ""median_pool4"": 0.0004, ""trimmed_mean_pool4"": 0.0004, ""mean_pool1"": 0.0007, ""median_pool1"": 0.018, ""trimmed_mean_pool1"": 0.0155, ""mean_pool2"": 0.0009, ""median_pool2"": 0.0186, ""trimmed_mean_pool2"": 0.0043, ""best_FT_catboost"": 0.0218, ""best_ONLY_DWT_rf"": 0.8172, ""best_DWT_rf"": 0.063, ""accept"": 0.0057}, ""input_tokens"": 1658, ""score"": 0.5789, ""rank"": 1, ""already_tested"": true}, {""iteration"": 4, ""action"": ""best_ONLY_DWT_rf"", ""confidence"": 0.7004, ""probability_of_chosen"": 0.8172, ""probabilities"": {""mean_pool_full"": 0.0015, ""median_pool_full"": 0.001, ""trimmed_mean_pool_full"": 0.0307, ""mean_pool4"": 0.0004, ""median_pool4"": 0.0004, ""trimmed_mean_pool4"": 0.0004, ""mean_pool1"": 0.0007, ""median_pool1"": 0.018, ""trimmed_mean_pool1"": 0.0155, ""mean_pool2"": 0.0009, ""median_pool2"": 0.0186, ""trimmed_mean_pool2"": 0.0043, ""best_FT_catboost"": 0.0218, ""best_ONLY_DWT_rf"": 0.8172, ""best_DWT_rf"": 0.063, ""accept"": 0.0057}, ""input_tokens"": 1658, ""score"": 0.5789, ""rank"": 1, ""already_tested"": true}]}, ""score"": 0.5789}";agent;4;no new information in 3 consecutive turns;0.1735604079247112;12022.016962608848;laya_multilingual_laya_v0_ml8192
42;12;orchestrator_laya_laya_v0_ml8192;0.35378399438952973;63.63636363636363;0.2940127342495084;6.291544886595821;0.29311574373661986;5.033776199166666;[[28.0, 22.0, 15.0, 18.27, 17.597, 10.921, 16.684, 16.068, 11.66, 24.117, 24.837, 7.335]];[[16.37469139473684, 19.76645886894737, 14.34337898473684, 19.835250678947368, 18.84520034631579, 18.016450887368418, 19.54488610263158, 16.67814789052631, 19.334002630526314, 17.06826643894737, 17.485766925789477, 17.770938466842104]];2023-12-31 00:00:00;2024-11-30 00:00:00;"{""strategy"": {""combine"": ""mean"", ""pool"": ""pool_full""}, ""origin"": ""baseline"", ""loop"": {""final_attempt"": ""a1"", ""strategy"": {""combine"": ""mean"", ""pool"": ""pool_full""}, ""iterations_used"": 6, ""stop_reason"": ""no new information in 3 consecutive turns"", ""trace"": [{""iteration"": 1, ""action"": ""median_pool2"", ""confidence"": 0.6311, ""probability_of_chosen"": 0.74, ""probabilities"": {""mean_pool_full"": 0.0016, ""median_pool_full"": 0.0133, ""trimmed_mean_pool_full"": 0.1153, ""mean_pool1"": 0.0024, ""median_pool1"": 0.003, ""trimmed_mean_pool1"": 0.005, ""mean_pool2"": 0.0023, ""median_pool2"": 0.74, ""trimmed_mean_pool2"": 0.0026, ""mean_pool3"": 0.0013, ""median_pool3"": 0.0377, ""trimmed_mean_pool3"": 0.0061, ""best_NaiveMovingAverage"": 0.0496, ""best_ETS"": 0.0006, ""best_THETA"": 0.0007, ""accept"": 0.0185}, ""input_tokens"": 1510, ""score"": 0.7194, ""rank"": 7, ""already_tested"": false}, {""iteration"": 2, ""action"": ""trimmed_mean_pool_full"", ""confidence"": 0.3244, ""probability_of_chosen"": 0.3265, ""probabilities"": {""mean_pool_full"": 0.0018, ""median_pool_full"": 0.0189, ""trimmed_mean_pool_full"": 0.3265, ""mean_pool4"": 0.0221, ""median_pool4"": 0.0315, ""trimmed_mean_pool4"": 0.0216, ""mean_pool1"": 0.0027, ""median_pool1"": 0.1591, ""trimmed_mean_pool1"": 0.0051, ""mean_pool2"": 0.008, ""median_pool2"": 0.2707, ""trimmed_mean_pool2"": 0.0317, ""best_NaiveMovingAverage"": 0.0609, ""best_ETS"": 0.0011, ""best_THETA"": 0.0013, ""accept"": 0.0369}, ""input_tokens"": 1510, ""score"": 0.7025, ""rank"": 3, ""already_tested"": false}, {""iteration"": 3, ""action"": ""median_pool1"", ""confidence"": 0.2671, ""probability_of_chosen"": 0.1991, ""probabilities"": {""mean_pool_full"": 0.001, ""median_pool_full"": 0.0792, ""trimmed_mean_pool_full"": 0.1827, ""mean_pool4"": 0.0013, ""median_pool4"": 0.0077, ""trimmed_mean_pool4"": 0.012, ""mean_pool1"": 0.0011, ""median_pool1"": 0.1991, ""trimmed_mean_pool1"": 0.0386, ""mean_pool2"": 0.0009, ""median_pool2"": 0.1703, ""trimmed_mean_pool2"": 0.1976, ""best_NaiveMovingAverage"": 0.0447, ""best_ETS"": 0.0018, ""best_THETA"": 0.0022, ""accept"": 0.0597}, ""input_tokens"": 1515, ""score"": 0.7519, ""rank"": 11, ""already_tested"": false}, {""iteration"": 4, ""action"": ""median_pool1"", ""confidence"": 0.2671, ""probability_of_chosen"": 0.1991, ""probabilities"": {""mean_pool_full"": 0.001, ""median_pool_full"": 0.0792, ""trimmed_mean_pool_full"": 0.1827, ""mean_pool4"": 0.0013, ""median_pool4"": 0.0077, ""trimmed_mean_pool4"": 0.012, ""mean_pool1"": 0.0011, ""median_pool1"": 0.1991, ""trimmed_mean_pool1"": 0.0386, ""mean_pool2"": 0.0009, ""median_pool2"": 0.1703, ""trimmed_mean_pool2"": 0.1976, ""best_NaiveMovingAverage"": 0.0447, ""best_ETS"": 0.0018, ""best_THETA"": 0.0022, ""accept"": 0.0597}, ""input_tokens"": 1515, ""score"": 0.7519, ""rank"": 11, ""already_tested"": true}, {""iteration"": 5, ""action"": ""median_pool1"", ""confidence"": 0.2671, ""probability_of_chosen"": 0.1991, ""probabilities"": {""mean_pool_full"": 0.001, ""median_pool_full"": 0.0792, ""trimmed_mean_pool_full"": 0.1827, ""mean_pool4"": 0.0013, ""median_pool4"": 0.0077, ""trimmed_mean_pool4"": 0.012, ""mean_pool1"": 0.0011, ""median_pool1"": 0.1991, ""trimmed_mean_pool1"": 0.0386, ""mean_pool2"": 0.0009, ""median_pool2"": 0.1703, ""trimmed_mean_pool2"": 0.1976, ""best_NaiveMovingAverage"": 0.0447, ""best_ETS"": 0.0018, ""best_THETA"": 0.0022, ""accept"": 0.0597}, ""input_tokens"": 1515, ""score"": 0.7519, ""rank"": 11, ""already_tested"": true}, {""iteration"": 6, ""action"": ""median_pool1"", ""confidence"": 0.2671, ""probability_of_chosen"": 0.1991, ""probabilities"": {""mean_pool_full"": 0.001, ""median_pool_full"": 0.0792, ""trimmed_mean_pool_full"": 0.1827, ""mean_pool4"": 0.0013, ""median_pool4"": 0.0077, ""trimmed_mean_pool4"": 0.012, ""mean_pool1"": 0.0011, ""median_pool1"": 0.1991, ""trimmed_mean_pool1"": 0.0386, ""mean_pool2"": 0.0009, ""median_pool2"": 0.1703, ""trimmed_mean_pool2"": 0.1976, ""best_NaiveMovingAverage"": 0.0447, ""best_ETS"": 0.0018, ""best_THETA"": 0.0022, ""accept"": 0.0597}, ""input_tokens"": 1515, ""score"": 0.7519, ""rank"": 11, ""already_tested"": true}]}, ""score"": 0.6848}";baseline;6;no new information in 3 consecutive turns;0.2940127342495084;6.291544886595821;laya_multilingual_laya_v0_ml8192
43;12;orchestrator_laya_laya_v0_ml8192;0.08382797375951866;81.81818181818181;0.085789036461274;1480.159684436907;0.08578872463686472;1189.2265343454762;[[12823.1, 12273.4, 10778.0, 12504.0, 16355.538, 14662.6, 13540.0, 15359.6, 15841.1, 14961.5, 15902.263, 13512.6]];[[13475.990648242858, 13208.472215872855, 12510.406263935714, 13568.976715534287, 12605.712116859999, 13622.029007517142, 13513.876946142856, 14024.886969348574, 14676.534170248571, 14290.049066937145, 14553.313684452858, 14061.773530067143]];2023-12-31 00:00:00;2024-11-30 00:00:00;"{""strategy"": {""combine"": ""mean"", ""pool"": ""pool2""}, ""origin"": ""baseline"", ""loop"": {""final_attempt"": ""a6"", ""strategy"": {""combine"": ""mean"", ""pool"": ""pool2""}, ""iterations_used"": 5, ""stop_reason"": ""no new information in 3 consecutive turns"", ""trace"": [{""iteration"": 1, ""action"": ""median_pool_full"", ""confidence"": 0.5322, ""probability_of_chosen"": 0.4341, ""probabilities"": {""mean_pool_full"": 0.0002, ""median_pool_full"": 0.4341, ""trimmed_mean_pool_full"": 0.0023, ""mean_pool1"": 0.0007, ""median_pool1"": 0.0082, ""trimmed_mean_pool1"": 0.0013, ""mean_pool2"": 0.0011, ""median_pool2"": 0.2674, ""trimmed_mean_pool2"": 0.0021, ""mean_pool3"": 0.0003, ""median_pool3"": 0.2512, ""trimmed_mean_pool3"": 0.0009, ""best_NaiveSeasonal"": 0.0028, ""best_ONLY_CWT_rf"": 0.014, ""best_ETS"": 0.0007, ""accept"": 0.0126}, ""input_tokens"": 1591, ""score"": 0.5846, ""rank"": 5, ""already_tested"": true}, {""iteration"": 2, ""action"": ""median_pool2"", ""confidence"": 0.7198, ""probability_of_chosen"": 0.7455, ""probabilities"": {""mean_pool_full"": 0.0001, ""median_pool_full"": 0.1975, ""trimmed_mean_pool_full"": 0.002, ""mean_pool4"": 0.0002, ""median_pool4"": 0.0014, ""trimmed_mean_pool4"": 0.0002, ""mean_pool1"": 0.0004, ""median_pool1"": 0.0374, ""trimmed_mean_pool1"": 0.0015, ""mean_pool2"": 0.0003, ""median_pool2"": 0.7455, ""trimmed_mean_pool2"": 0.0006, ""best_NaiveSeasonal"": 0.0012, ""best_ONLY_CWT_rf"": 0.0063, ""best_ETS"": 0.0003, ""accept"": 0.0052}, ""input_tokens"": 1591, ""score"": 0.5651, ""rank"": 5, ""already_tested"": false}, {""iteration"": 3, ""action"": ""median_pool2"", ""confidence"": 0.8003, ""probability_of_chosen"": 0.8926, ""probabilities"": {""mean_pool_full"": 0.0001, ""median_pool_full"": 0.0199, ""trimmed_mean_pool_full"": 0.0151, ""mean_pool4"": 0.0001, ""median_pool4"": 0.0053, ""trimmed_mean_pool4"": 0.0004, ""mean_pool1"": 0.0003, ""median_pool1"": 0.0349, ""trimmed_mean_pool1"": 0.0051, ""mean_pool2"": 0.0003, ""median_pool2"": 0.8926, ""trimmed_mean_pool2"": 0.0082, ""best_NaiveSeasonal"": 0.0019, ""best_ONLY_CWT_rf"": 0.0065, ""best_ETS"": 0.0004, ""accept"": 0.0089}, ""input_tokens"": 1584, ""score"": 0.5651, ""rank"": 5, ""already_tested"": true}, {""iteration"": 4, ""action"": ""median_pool2"", ""confidence"": 0.8003, ""probability_of_chosen"": 0.8926, ""probabilities"": {""mean_pool_full"": 0.0001, ""median_pool_full"": 0.0199, ""trimmed_mean_pool_full"": 0.0151, ""mean_pool4"": 0.0001, ""median_pool4"": 0.0053, ""trimmed_mean_pool4"": 0.0004, ""mean_pool1"": 0.0003, ""median_pool1"": 0.0349, ""trimmed_mean_pool1"": 0.0051, ""mean_pool2"": 0.0003, ""median_pool2"": 0.8926, ""trimmed_mean_pool2"": 0.0082, ""best_NaiveSeasonal"": 0.0019, ""best_ONLY_CWT_rf"": 0.0065, ""best_ETS"": 0.0004, ""accept"": 0.0089}, ""input_tokens"": 1584, ""score"": 0.5651, ""rank"": 5, ""already_tested"": true}, {""iteration"": 5, ""action"": ""median_pool2"", ""confidence"": 0.8003, ""probability_of_chosen"": 0.8926, ""probabilities"": {""mean_pool_full"": 0.0001, ""median_pool_full"": 0.0199, ""trimmed_mean_pool_full"": 0.0151, ""mean_pool4"": 0.0001, ""median_pool4"": 0.0053, ""trimmed_mean_pool4"": 0.0004, ""mean_pool1"": 0.0003, ""median_pool1"": 0.0349, ""trimmed_mean_pool1"": 0.0051, ""mean_pool2"": 0.0003, ""median_pool2"": 0.8926, ""trimmed_mean_pool2"": 0.0082, ""best_NaiveSeasonal"": 0.0019, ""best_ONLY_CWT_rf"": 0.0065, ""best_ETS"": 0.0004, ""accept"": 0.0089}, ""input_tokens"": 1584, ""score"": 0.5651, ""rank"": 5, ""already_tested"": true}]}, ""score"": 0.5505}";baseline;5;no new information in 3 consecutive turns;0.085789036461274;1480.159684436907;laya_multilingual_laya_v0_ml8192
44;12;orchestrator_laya_laya_v0_ml8192;1.2562749996232954;72.72727272727273;0.5947826698888685;4998.103404969636;0.5947781480974281;4160.134160499824;[[9881.837, 10379.44, 8800.264, 15793.388, 14034.501, 4227.239, 1989.412, 2058.89, 2685.506, 2802.097, 5641.278, 8473.402]];[[9868.819411631057, 9868.231861333683, 9135.551114603159, 9800.901346405264, 9762.358322586317, 9493.46379358579, 9364.911651267894, 9235.519487367896, 9812.034348241052, 9414.334899556314, 9558.098342017369, 9796.929231314738]];2023-12-31 00:00:00;2024-11-30 00:00:00;"{""strategy"": {""combine"": ""mean"", ""pool"": ""pool_full""}, ""origin"": ""baseline"", ""loop"": {""final_attempt"": ""a1"", ""strategy"": {""combine"": ""mean"", ""pool"": ""pool_full""}, ""iterations_used"": 5, ""stop_reason"": ""no new information in 3 consecutive turns"", ""trace"": [{""iteration"": 1, ""action"": ""median_pool3"", ""confidence"": 0.34, ""probability_of_chosen"": 0.3871, ""probabilities"": {""mean_pool_full"": 0.0014, ""median_pool_full"": 0.006, ""trimmed_mean_pool_full"": 0.0919, ""mean_pool1"": 0.0027, ""median_pool1"": 0.0061, ""trimmed_mean_pool1"": 0.0207, ""mean_pool2"": 0.0127, ""median_pool2"": 0.2578, ""trimmed_mean_pool2"": 0.0793, ""mean_pool3"": 0.009, ""median_pool3"": 0.3871, ""trimmed_mean_pool3"": 0.058, ""best_FT_catboost"": 0.0228, ""best_CWT_rf"": 0.0232, ""best_THETA"": 0.0022, ""accept"": 0.0191}, ""input_tokens"": 1588, ""score"": 0.7206, ""rank"": 4, ""already_tested"": false}, {""iteration"": 2, ""action"": ""median_pool1"", ""confidence"": 0.2998, ""probability_of_chosen"": 0.2676, ""probabilities"": {""mean_pool_full"": 0.0003, ""median_pool_full"": 0.0109, ""trimmed_mean_pool_full"": 0.1377, ""mean_pool4"": 0.0003, ""median_pool4"": 0.0105, ""trimmed_mean_pool4"": 0.0214, ""mean_pool1"": 0.0005, ""median_pool1"": 0.2676, ""trimmed_mean_pool1"": 0.1304, ""mean_pool2"": 0.0004, ""median_pool2"": 0.2513, ""trimmed_mean_pool2"": 0.0848, ""best_FT_catboost"": 0.0184, ""best_CWT_rf"": 0.041, ""best_THETA"": 0.0021, ""accept"": 0.0224}, ""input_tokens"": 1588, ""score"": 0.8067, ""rank"": 10, ""already_tested"": false}, {""iteration"": 3, ""action"": ""median_pool1"", ""confidence"": 0.2998, ""probability_of_chosen"": 0.2676, ""probabilities"": {""mean_pool_full"": 0.0003, ""median_pool_full"": 0.0109, ""trimmed_mean_pool_full"": 0.1377, ""mean_pool4"": 0.0003, ""median_pool4"": 0.0105, ""trimmed_mean_pool4"": 0.0214, ""mean_pool1"": 0.0005, ""median_pool1"": 0.2676, ""trimmed_mean_pool1"": 0.1304, ""mean_pool2"": 0.0004, ""median_pool2"": 0.2513, ""trimmed_mean_pool2"": 0.0848, ""best_FT_catboost"": 0.0184, ""best_CWT_rf"": 0.041, ""best_THETA"": 0.0021, ""accept"": 0.0224}, ""input_tokens"": 1588, ""score"": 0.8067, ""rank"": 10, ""already_tested"": true}, {""iteration"": 4, ""action"": ""median_pool1"", ""confidence"": 0.2998, ""probability_of_chosen"": 0.2676, ""probabilities"": {""mean_pool_full"": 0.0003, ""median_pool_full"": 0.0109, ""trimmed_mean_pool_full"": 0.1377, ""mean_pool4"": 0.0003, ""median_pool4"": 0.0105, ""trimmed_mean_pool4"": 0.0214, ""mean_pool1"": 0.0005, ""median_pool1"": 0.2676, ""trimmed_mean_pool1"": 0.1304, ""mean_pool2"": 0.0004, ""median_pool2"": 0.2513, ""trimmed_mean_pool2"": 0.0848, ""best_FT_catboost"": 0.0184, ""best_CWT_rf"": 0.041, ""best_THETA"": 0.0021, ""accept"": 0.0224}, ""input_tokens"": 1588, ""score"": 0.8067, ""rank"": 10, ""already_tested"": true}, {""iteration"": 5, ""action"": ""median_pool1"", ""confidence"": 0.2998, ""probability_of_chosen"": 0.2676, ""probabilities"": {""mean_pool_full"": 0.0003, ""median_pool_full"": 0.0109, ""trimmed_mean_pool_full"": 0.1377, ""mean_pool4"": 0.0003, ""median_pool4"": 0.0105, ""trimmed_mean_pool4"": 0.0214, ""mean_pool1"": 0.0005, ""median_pool1"": 0.2676, ""trimmed_mean_pool1"": 0.1304, ""mean_pool2"": 0.0004, ""median_pool2"": 0.2513, ""trimmed_mean_pool2"": 0.0848, ""best_FT_catboost"": 0.0184, ""best_CWT_rf"": 0.041, ""best_THETA"": 0.0021, ""accept"": 0.0224}, ""input_tokens"": 1588, ""score"": 0.8067, ""rank"": 10, ""already_tested"": true}]}, ""score"": 0.6848}";baseline;5;no new information in 3 consecutive turns;0.5947826698888685;4998.103404969636;laya_multilingual_laya_v0_ml8192
45;12;orchestrator_laya_laya_v0_ml8192;0.2611361057071626;36.36363636363637;0.31265583821568804;5445.225123140327;0.3126547777389571;4637.024071255833;[[17990.301, 21859.611, 18973.953, 18643.503, 16174.485, 17550.798, 15176.792, 17784.735, 14811.392, 11796.987, 13087.211, 13415.961]];[[11302.40340644, 11424.16143013, 12976.94440643, 10826.81435749, 11321.84269285, 12635.18796955, 12361.37608926, 11720.87734066, 11723.71328895, 12917.64910894, 12479.85012812, 12171.94414399]];2023-12-31 00:00:00;2024-11-30 00:00:00;"{""strategy"": {""combine"": ""best_single"", ""model"": ""ONLY_FT_rf"", ""pool"": ""pool_full""}, ""origin"": ""agent"", ""loop"": {""final_attempt"": ""a10"", ""strategy"": {""combine"": ""best_single"", ""model"": ""ONLY_FT_rf"", ""pool"": ""pool_full""}, ""iterations_used"": 4, ""stop_reason"": ""no new information in 3 consecutive turns"", ""trace"": [{""iteration"": 1, ""action"": ""best_ONLY_FT_rf"", ""confidence"": 0.9995, ""probability_of_chosen"": 0.9999, ""probabilities"": {""mean_pool_full"": 0.0, ""median_pool_full"": 0.0, ""trimmed_mean_pool_full"": 0.0, ""mean_pool1"": 0.0, ""median_pool1"": 0.0, ""trimmed_mean_pool1"": 0.0, ""mean_pool2"": 0.0, ""median_pool2"": 0.0001, ""trimmed_mean_pool2"": 0.0, ""mean_pool3"": 0.0, ""median_pool3"": 0.0, ""trimmed_mean_pool3"": 0.0, ""best_ONLY_FT_rf"": 0.9999, ""best_ARIMA"": 0.0, ""best_NaiveMovingAverage"": 0.0, ""accept"": 0.0}, ""input_tokens"": 1585, ""score"": 0.5014, ""rank"": 1, ""already_tested"": false}, {""iteration"": 2, ""action"": ""best_ONLY_FT_rf"", ""confidence"": 1.0, ""probability_of_chosen"": 1.0, ""probabilities"": {""mean_pool_full"": 0.0, ""median_pool_full"": 0.0, ""trimmed_mean_pool_full"": 0.0, ""mean_pool4"": 0.0, ""median_pool4"": 0.0, ""trimmed_mean_pool4"": 0.0, ""mean_pool1"": 0.0, ""median_pool1"": 0.0, ""trimmed_mean_pool1"": 0.0, ""mean_pool2"": 0.0, ""median_pool2"": 0.0, ""trimmed_mean_pool2"": 0.0, ""best_ONLY_FT_rf"": 1.0, ""best_ARIMA"": 0.0, ""best_NaiveMovingAverage"": 0.0, ""accept"": 0.0}, ""input_tokens"": 1583, ""score"": 0.5014, ""rank"": 1, ""already_tested"": true}, {""iteration"": 3, ""action"": ""best_ONLY_FT_rf"", ""confidence"": 1.0, ""probability_of_chosen"": 1.0, ""probabilities"": {""mean_pool_full"": 0.0, ""median_pool_full"": 0.0, ""trimmed_mean_pool_full"": 0.0, ""mean_pool4"": 0.0, ""median_pool4"": 0.0, ""trimmed_mean_pool4"": 0.0, ""mean_pool1"": 0.0, ""median_pool1"": 0.0, ""trimmed_mean_pool1"": 0.0, ""mean_pool2"": 0.0, ""median_pool2"": 0.0, ""trimmed_mean_pool2"": 0.0, ""best_ONLY_FT_rf"": 1.0, ""best_ARIMA"": 0.0, ""best_NaiveMovingAverage"": 0.0, ""accept"": 0.0}, ""input_tokens"": 1583, ""score"": 0.5014, ""rank"": 1, ""already_tested"": true}, {""iteration"": 4, ""action"": ""best_ONLY_FT_rf"", ""confidence"": 1.0, ""probability_of_chosen"": 1.0, ""probabilities"": {""mean_pool_full"": 0.0, ""median_pool_full"": 0.0, ""trimmed_mean_pool_full"": 0.0, ""mean_pool4"": 0.0, ""median_pool4"": 0.0, ""trimmed_mean_pool4"": 0.0, ""mean_pool1"": 0.0, ""median_pool1"": 0.0, ""trimmed_mean_pool1"": 0.0, ""mean_pool2"": 0.0, ""median_pool2"": 0.0, ""trimmed_mean_pool2"": 0.0, ""best_ONLY_FT_rf"": 1.0, ""best_ARIMA"": 0.0, ""best_NaiveMovingAverage"": 0.0, ""accept"": 0.0}, ""input_tokens"": 1583, ""score"": 0.5014, ""rank"": 1, ""already_tested"": true}]}, ""score"": 0.5014}";agent;4;no new information in 3 consecutive turns;0.2695125347157576;4879.683436609692;laya_multilingual_laya_v0_ml8192
46;12;orchestrator_laya_laya_v0_ml8192;0.16069764424776092;45.45454545454545;0.14059274468594038;15158.257087427257;0.14059265483555236;11152.331912403337;[[58092.217, 52348.895, 79046.898, 80050.01, 84714.847, 88829.722, 90299.168, 91205.356, 102463.176, 90029.361, 97784.738, 89435.74]];[[84465.17186432, 87886.63030862, 92809.69052256, 86510.69448654, 84621.72310784, 88607.74398324, 86820.9311152, 86018.64611581, 87373.9231645, 84477.87752236, 83109.34142079, 82038.10580346]];2023-12-31 00:00:00;2024-11-30 00:00:00;"{""strategy"": {""combine"": ""best_single"", ""model"": ""ONLY_FT_catboost"", ""pool"": ""pool_full""}, ""origin"": ""agent"", ""loop"": {""final_attempt"": ""a10"", ""strategy"": {""combine"": ""best_single"", ""model"": ""ONLY_FT_catboost"", ""pool"": ""pool_full""}, ""iterations_used"": 4, ""stop_reason"": ""no new information in 3 consecutive turns"", ""trace"": [{""iteration"": 1, ""action"": ""best_ONLY_FT_catboost"", ""confidence"": 0.7438, ""probability_of_chosen"": 0.7394, ""probabilities"": {""mean_pool_full"": 0.0001, ""median_pool_full"": 0.0014, ""trimmed_mean_pool_full"": 0.0007, ""mean_pool1"": 0.0001, ""median_pool1"": 0.0004, ""trimmed_mean_pool1"": 0.0003, ""mean_pool2"": 0.0002, ""median_pool2"": 0.2327, ""trimmed_mean_pool2"": 0.001, ""mean_pool3"": 0.0001, ""median_pool3"": 0.0114, ""trimmed_mean_pool3"": 0.0005, ""best_FT_rf"": 0.0072, ""best_FT_catboost"": 0.0012, ""best_ONLY_FT_catboost"": 0.7394, ""accept"": 0.0036}, ""input_tokens"": 1618, ""score"": 0.6534, ""rank"": 1, ""already_tested"": false}, {""iteration"": 2, ""action"": ""best_ONLY_FT_catboost"", ""confidence"": 0.8259, ""probability_of_chosen"": 0.901, ""probabilities"": {""mean_pool_full"": 0.0001, ""median_pool_full"": 0.0006, ""trimmed_mean_pool_full"": 0.0125, ""mean_pool4"": 0.0, ""median_pool4"": 0.0002, ""trimmed_mean_pool4"": 0.0002, ""mean_pool1"": 0.0001, ""median_pool1"": 0.0442, ""trimmed_mean_pool1"": 0.0034, ""mean_pool2"": 0.0001, ""median_pool2"": 0.0177, ""trimmed_mean_pool2"": 0.0009, ""best_FT_rf"": 0.0141, ""best_FT_catboost"": 0.0013, ""best_ONLY_FT_catboost"": 0.901, ""accept"": 0.0038}, ""input_tokens"": 1623, ""score"": 0.6534, ""rank"": 1, ""already_tested"": true}, {""iteration"": 3, ""action"": ""best_ONLY_FT_catboost"", ""confidence"": 0.8259, ""probability_of_chosen"": 0.901, ""probabilities"": {""mean_pool_full"": 0.0001, ""median_pool_full"": 0.0006, ""trimmed_mean_pool_full"": 0.0125, ""mean_pool4"": 0.0, ""median_pool4"": 0.0002, ""trimmed_mean_pool4"": 0.0002, ""mean_pool1"": 0.0001, ""median_pool1"": 0.0442, ""trimmed_mean_pool1"": 0.0034, ""mean_pool2"": 0.0001, ""median_pool2"": 0.0177, ""trimmed_mean_pool2"": 0.0009, ""best_FT_rf"": 0.0141, ""best_FT_catboost"": 0.0013, ""best_ONLY_FT_catboost"": 0.901, ""accept"": 0.0038}, ""input_tokens"": 1623, ""score"": 0.6534, ""rank"": 1, ""already_tested"": true}, {""iteration"": 4, ""action"": ""best_ONLY_FT_catboost"", ""confidence"": 0.8259, ""probability_of_chosen"": 0.901, ""probabilities"": {""mean_pool_full"": 0.0001, ""median_pool_full"": 0.0006, ""trimmed_mean_pool_full"": 0.0125, ""mean_pool4"": 0.0, ""median_pool4"": 0.0002, ""trimmed_mean_pool4"": 0.0002, ""mean_pool1"": 0.0001, ""median_pool1"": 0.0442, ""trimmed_mean_pool1"": 0.0034, ""mean_pool2"": 0.0001, ""median_pool2"": 0.0177, ""trimmed_mean_pool2"": 0.0009, ""best_FT_rf"": 0.0141, ""best_FT_catboost"": 0.0013, ""best_ONLY_FT_catboost"": 0.901, ""accept"": 0.0038}, ""input_tokens"": 1623, ""score"": 0.6534, ""rank"": 1, ""already_tested"": true}]}, ""score"": 0.6534}";agent;4;no new information in 3 consecutive turns;0.1677066052337691;14255.542333558027;laya_multilingual_laya_v0_ml8192
47;12;orchestrator_laya_laya_v0_ml8192;0.14846716292716497;90.9090909090909;0.13286621694725972;402.72020921029366;0.13286353198987166;329.3879879915;[[2682.474, 2842.284, 2445.078, 2680.838, 2481.338, 2167.638, 2064.233, 2192.445, 1979.139, 2359.672, 2597.427, 2525.329]];[[2740.599546814, 2763.972288356, 2721.8298394539997, 2747.9220276099995, 2734.278517746, 2719.951915806, 2716.59161153, 2743.487879718, 2731.162557962, 2714.4201517120005, 2742.3194430080002, 2737.3916528940003]];2023-12-31 00:00:00;2024-11-30 00:00:00;"{""strategy"": {""combine"": ""mean"", ""pool"": ""pool1""}, ""origin"": ""baseline"", ""loop"": {""final_attempt"": ""a4"", ""strategy"": {""combine"": ""mean"", ""pool"": ""pool1""}, ""iterations_used"": 3, ""stop_reason"": ""no new information in 3 consecutive turns"", ""trace"": [{""iteration"": 1, ""action"": ""trimmed_mean_pool2"", ""confidence"": 0.5685, ""probability_of_chosen"": 0.6778, ""probabilities"": {""mean_pool_full"": 0.0015, ""median_pool_full"": 0.0062, ""trimmed_mean_pool_full"": 0.0332, ""mean_pool1"": 0.0034, ""median_pool1"": 0.0031, ""trimmed_mean_pool1"": 0.0223, ""mean_pool2"": 0.0038, ""median_pool2"": 0.0423, ""trimmed_mean_pool2"": 0.6778, ""mean_pool3"": 0.0018, ""median_pool3"": 0.0234, ""trimmed_mean_pool3"": 0.156, ""best_ETS"": 0.0007, ""best_THETA"": 0.0017, ""best_CWT_rf"": 0.0038, ""accept"": 0.019}, ""input_tokens"": 1584, ""score"": 0.6232, ""rank"": 5, ""already_tested"": true}, {""iteration"": 2, ""action"": ""trimmed_mean_pool2"", ""confidence"": 0.5017, ""probability_of_chosen"": 0.6143, ""probabilities"": {""mean_pool_full"": 0.0008, ""median_pool_full"": 0.0089, ""trimmed_mean_pool_full"": 0.1076, ""mean_pool4"": 0.0021, ""median_pool4"": 0.0034, ""trimmed_mean_pool4"": 0.0235, ""mean_pool1"": 0.0024, ""median_pool1"": 0.1101, ""trimmed_mean_pool1"": 0.05, ""mean_pool2"": 0.0022, ""median_pool2"": 0.055, ""trimmed_mean_pool2"": 0.6143, ""best_ETS"": 0.0007, ""best_THETA"": 0.0015, ""best_CWT_rf"": 0.0034, ""accept"": 0.0141}, ""input_tokens"": 1584, ""score"": 0.6232, ""rank"": 5, ""already_tested"": true}, {""iteration"": 3, ""action"": ""trimmed_mean_pool2"", ""confidence"": 0.5017, ""probability_of_chosen"": 0.6143, ""probabilities"": {""mean_pool_full"": 0.0008, ""median_pool_full"": 0.0089, ""trimmed_mean_pool_full"": 0.1076, ""mean_pool4"": 0.0021, ""median_pool4"": 0.0034, ""trimmed_mean_pool4"": 0.0235, ""mean_pool1"": 0.0024, ""median_pool1"": 0.1101, ""trimmed_mean_pool1"": 0.05, ""mean_pool2"": 0.0022, ""median_pool2"": 0.055, ""trimmed_mean_pool2"": 0.6143, ""best_ETS"": 0.0007, ""best_THETA"": 0.0015, ""best_CWT_rf"": 0.0034, ""accept"": 0.0141}, ""input_tokens"": 1584, ""score"": 0.6232, ""rank"": 5, ""already_tested"": true}]}, ""score"": 0.5673}";baseline;3;no new information in 3 consecutive turns;0.13286621694725972;402.72020921029366;laya_multilingual_laya_v0_ml8192
48;12;orchestrator_laya_laya_v0_ml8192;0.25321768615731965;45.45454545454545;0.3074905529125667;367.5940453653346;0.307474223752997;293.20578196750006;[[701.811, 782.71, 835.651, 984.415, 810.853, 903.126, 859.974, 1246.278, 1157.116, 1433.667, 1319.535, 1209.55]];[[715.63582994, 713.94761278, 724.36307057, 735.79756463, 720.37051538, 725.8052466, 728.74046823, 725.9789137, 741.89270555, 734.79958486, 725.64821664, 760.88654739]];2023-12-31 00:00:00;2024-11-30 00:00:00;"{""strategy"": {""combine"": ""best_single"", ""model"": ""ONLY_DWT_rf"", ""pool"": ""pool_full""}, ""origin"": ""agent"", ""loop"": {""final_attempt"": ""a10"", ""strategy"": {""combine"": ""best_single"", ""model"": ""ONLY_DWT_rf"", ""pool"": ""pool_full""}, ""iterations_used"": 4, ""stop_reason"": ""no new information in 3 consecutive turns"", ""trace"": [{""iteration"": 1, ""action"": ""best_ONLY_DWT_rf"", ""confidence"": 0.9028, ""probability_of_chosen"": 0.956, ""probabilities"": {""mean_pool_full"": 0.0001, ""median_pool_full"": 0.0038, ""trimmed_mean_pool_full"": 0.0087, ""mean_pool1"": 0.0005, ""median_pool1"": 0.0032, ""trimmed_mean_pool1"": 0.0013, ""mean_pool2"": 0.0002, ""median_pool2"": 0.0145, ""trimmed_mean_pool2"": 0.0027, ""mean_pool3"": 0.0001, ""median_pool3"": 0.0041, ""trimmed_mean_pool3"": 0.0025, ""best_ONLY_DWT_rf"": 0.956, ""best_ETS"": 0.0001, ""best_THETA"": 0.0001, ""accept"": 0.0021}, ""input_tokens"": 1543, ""score"": 0.5721, ""rank"": 1, ""already_tested"": false}, {""iteration"": 2, ""action"": ""best_ONLY_DWT_rf"", ""confidence"": 0.5432, ""probability_of_chosen"": 0.4683, ""probabilities"": {""mean_pool_full"": 0.0002, ""median_pool_full"": 0.0037, ""trimmed_mean_pool_full"": 0.3883, ""mean_pool4"": 0.0007, ""median_pool4"": 0.0044, ""trimmed_mean_pool4"": 0.0102, ""mean_pool1"": 0.0021, ""median_pool1"": 0.0127, ""trimmed_mean_pool1"": 0.0218, ""mean_pool2"": 0.0004, ""median_pool2"": 0.0145, ""trimmed_mean_pool2"": 0.0591, ""best_ONLY_DWT_rf"": 0.4683, ""best_ETS"": 0.0004, ""best_THETA"": 0.0005, ""accept"": 0.0128}, ""input_tokens"": 1549, ""score"": 0.5721, ""rank"": 1, ""already_tested"": true}, {""iteration"": 3, ""action"": ""best_ONLY_DWT_rf"", ""confidence"": 0.5432, ""probability_of_chosen"": 0.4683, ""probabilities"": {""mean_pool_full"": 0.0002, ""median_pool_full"": 0.0037, ""trimmed_mean_pool_full"": 0.3883, ""mean_pool4"": 0.0007, ""median_pool4"": 0.0044, ""trimmed_mean_pool4"": 0.0102, ""mean_pool1"": 0.0021, ""median_pool1"": 0.0127, ""trimmed_mean_pool1"": 0.0218, ""mean_pool2"": 0.0004, ""median_pool2"": 0.0145, ""trimmed_mean_pool2"": 0.0591, ""best_ONLY_DWT_rf"": 0.4683, ""best_ETS"": 0.0004, ""best_THETA"": 0.0005, ""accept"": 0.0128}, ""input_tokens"": 1549, ""score"": 0.5721, ""rank"": 1, ""already_tested"": true}, {""iteration"": 4, ""action"": ""best_ONLY_DWT_rf"", ""confidence"": 0.5432, ""probability_of_chosen"": 0.4683, ""probabilities"": {""mean_pool_full"": 0.0002, ""median_pool_full"": 0.0037, ""trimmed_mean_pool_full"": 0.3883, ""mean_pool4"": 0.0007, ""median_pool4"": 0.0044, ""trimmed_mean_pool4"": 0.0102, ""mean_pool1"": 0.0021, ""median_pool1"": 0.0127, ""trimmed_mean_pool1"": 0.0218, ""mean_pool2"": 0.0004, ""median_pool2"": 0.0145, ""trimmed_mean_pool2"": 0.0591, ""best_ONLY_DWT_rf"": 0.4683, ""best_ETS"": 0.0004, ""best_THETA"": 0.0005, ""accept"": 0.0128}, ""input_tokens"": 1549, ""score"": 0.5721, ""rank"": 1, ""already_tested"": true}]}, ""score"": 0.5721}";agent;4;no new information in 3 consecutive turns;0.32163294401263093;377.05618462070277;laya_multilingual_laya_v0_ml8192
49;12;orchestrator_laya_laya_v0_ml8192;0.21156532015655585;27.272727272727273;0.2522983450619152;2299.86283395425;0.25229642088990484;1684.9774709821888;[[5685.033, 6913.203, 5421.821, 6200.403, 6259.787, 6049.272, 6058.612, 7300.246, 6607.038, 6692.559, 9772.473, 10578.567]];[[5623.719131015112, 5270.142174987368, 5271.796622014737, 5319.988224733158, 4972.557458083824, 5242.981818868571, 5272.493636605501, 5258.532751582105, 5504.338379978572, 5111.3218202560865, 5255.722497117392, 5215.689832971304]];2023-12-31 00:00:00;2024-11-30 00:00:00;"{""strategy"": {""combine"": ""dba"", ""pool"": ""pool_full"", ""dba_max_iter"": 30}, ""origin"": ""baseline"", ""loop"": {""final_attempt"": ""a3"", ""strategy"": {""combine"": ""dba"", ""pool"": ""pool_full"", ""dba_max_iter"": 30}, ""iterations_used"": 5, ""stop_reason"": ""no new information in 3 consecutive turns"", ""trace"": [{""iteration"": 1, ""action"": ""median_pool2"", ""confidence"": 0.8098, ""probability_of_chosen"": 0.9003, ""probabilities"": {""mean_pool_full"": 0.0002, ""median_pool_full"": 0.0102, ""trimmed_mean_pool_full"": 0.0251, ""mean_pool1"": 0.0003, ""median_pool1"": 0.0013, ""trimmed_mean_pool1"": 0.0034, ""mean_pool2"": 0.0004, ""median_pool2"": 0.9003, ""trimmed_mean_pool2"": 0.0187, ""mean_pool3"": 0.0001, ""median_pool3"": 0.0042, ""trimmed_mean_pool3"": 0.0015, ""best_CWT_catboost"": 0.0005, ""best_CWT_rf"": 0.0071, ""best_ONLY_CWT_rf"": 0.02, ""accept"": 0.0068}, ""input_tokens"": 1579, ""score"": 0.728, ""rank"": 9, ""already_tested"": false}, {""iteration"": 2, ""action"": ""trimmed_mean_pool_full"", ""confidence"": 0.4129, ""probability_of_chosen"": 0.4284, ""probabilities"": {""mean_pool_full"": 0.0004, ""median_pool_full"": 0.0431, ""trimmed_mean_pool_full"": 0.4284, ""mean_pool4"": 0.0006, ""median_pool4"": 0.0074, ""trimmed_mean_pool4"": 0.0123, ""mean_pool1"": 0.0005, ""median_pool1"": 0.0562, ""trimmed_mean_pool1"": 0.0233, ""mean_pool2"": 0.0006, ""median_pool2"": 0.2944, ""trimmed_mean_pool2"": 0.009, ""best_CWT_catboost"": 0.0017, ""best_CWT_rf"": 0.0182, ""best_ONLY_CWT_rf"": 0.083, ""accept"": 0.021}, ""input_tokens"": 1579, ""score"": 0.6737, ""rank"": 5, ""already_tested"": false}, {""iteration"": 3, ""action"": ""median_pool2"", ""confidence"": 0.3406, ""probability_of_chosen"": 0.3001, ""probabilities"": {""mean_pool_full"": 0.0004, ""median_pool_full"": 0.0152, ""trimmed_mean_pool_full"": 0.1907, ""mean_pool4"": 0.0004, ""median_pool4"": 0.0074, ""trimmed_mean_pool4"": 0.0104, ""mean_pool1"": 0.0009, ""median_pool1"": 0.0568, ""trimmed_mean_pool1"": 0.1533, ""mean_pool2"": 0.0004, ""median_pool2"": 0.3001, ""trimmed_mean_pool2"": 0.2095, ""best_CWT_catboost"": 0.001, ""best_CWT_rf"": 0.0055, ""best_ONLY_CWT_rf"": 0.0138, ""accept"": 0.0343}, ""input_tokens"": 1587, ""score"": 0.728, ""rank"": 10, ""already_tested"": true}, {""iteration"": 4, ""action"": ""median_pool2"", ""confidence"": 0.3406, ""probability_of_chosen"": 0.3001, ""probabilities"": {""mean_pool_full"": 0.0004, ""median_pool_full"": 0.0152, ""trimmed_mean_pool_full"": 0.1907, ""mean_pool4"": 0.0004, ""median_pool4"": 0.0074, ""trimmed_mean_pool4"": 0.0104, ""mean_pool1"": 0.0009, ""median_pool1"": 0.0568, ""trimmed_mean_pool1"": 0.1533, ""mean_pool2"": 0.0004, ""median_pool2"": 0.3001, ""trimmed_mean_pool2"": 0.2095, ""best_CWT_catboost"": 0.001, ""best_CWT_rf"": 0.0055, ""best_ONLY_CWT_rf"": 0.0138, ""accept"": 0.0343}, ""input_tokens"": 1587, ""score"": 0.728, ""rank"": 10, ""already_tested"": true}, {""iteration"": 5, ""action"": ""median_pool2"", ""confidence"": 0.3406, ""probability_of_chosen"": 0.3001, ""probabilities"": {""mean_pool_full"": 0.0004, ""median_pool_full"": 0.0152, ""trimmed_mean_pool_full"": 0.1907, ""mean_pool4"": 0.0004, ""median_pool4"": 0.0074, ""trimmed_mean_pool4"": 0.0104, ""mean_pool1"": 0.0009, ""median_pool1"": 0.0568, ""trimmed_mean_pool1"": 0.1533, ""mean_pool2"": 0.0004, ""median_pool2"": 0.3001, ""trimmed_mean_pool2"": 0.2095, ""best_CWT_catboost"": 0.001, ""best_CWT_rf"": 0.0055, ""best_ONLY_CWT_rf"": 0.0138, ""accept"": 0.0343}, ""input_tokens"": 1587, ""score"": 0.728, ""rank"": 10, ""already_tested"": true}]}, ""score"": 0.6288}";baseline;5;no new information in 3 consecutive turns;0.2522983450619152;2299.86283395425;laya_multilingual_laya_v0_ml8192
50;12;orchestrator_laya_laya_v0_ml8192;0.10366340779385215;45.45454545454545;0.10627706150006651;84.81948829013074;0.10626859429169144;67.36768308083334;[[620.162, 576.461, 550.319, 625.159, 673.028, 719.72, 704.046, 817.093, 568.598, 623.261, 695.177, 479.801]];[[566.0351605066667, 562.0581593133334, 598.2611387033334, 620.0544006166666, 639.34559052, 625.0272287133333, 624.5914445433333, 621.2377796400001, 613.17001098, 600.8383347700001, 598.1846340666666, 598.9647799766666]];2023-12-31 00:00:00;2024-11-30 00:00:00;"{""strategy"": {""combine"": ""trimmed_mean"", ""pool"": ""pool1"", ""trim_pct"": 0.2}, ""origin"": ""baseline"", ""loop"": {""final_attempt"": ""a5"", ""strategy"": {""combine"": ""trimmed_mean"", ""pool"": ""pool1"", ""trim_pct"": 0.2}, ""iterations_used"": 5, ""stop_reason"": ""no new information in 3 consecutive turns"", ""trace"": [{""iteration"": 1, ""action"": ""median_pool2"", ""confidence"": 0.8158, ""probability_of_chosen"": 0.9036, ""probabilities"": {""mean_pool_full"": 0.0001, ""median_pool_full"": 0.0213, ""trimmed_mean_pool_full"": 0.0143, ""mean_pool1"": 0.0006, ""median_pool1"": 0.0106, ""trimmed_mean_pool1"": 0.0026, ""mean_pool2"": 0.0002, ""median_pool2"": 0.9036, ""trimmed_mean_pool2"": 0.0059, ""mean_pool3"": 0.0001, ""median_pool3"": 0.0273, ""trimmed_mean_pool3"": 0.0011, ""best_ARIMA"": 0.0004, ""best_FT_rf"": 0.0032, ""best_FT_catboost"": 0.0049, ""accept"": 0.0039}, ""input_tokens"": 1550, ""score"": 0.6927, ""rank"": 8, ""already_tested"": false}, {""iteration"": 2, ""action"": ""median_pool1"", ""confidence"": 0.4357, ""probability_of_chosen"": 0.4184, ""probabilities"": {""mean_pool_full"": 0.0002, ""median_pool_full"": 0.1916, ""trimmed_mean_pool_full"": 0.1337, ""mean_pool4"": 0.0003, ""median_pool4"": 0.0021, ""trimmed_mean_pool4"": 0.0011, ""mean_pool1"": 0.0008, ""median_pool1"": 0.4184, ""trimmed_mean_pool1"": 0.02, ""mean_pool2"": 0.0004, ""median_pool2"": 0.1916, ""trimmed_mean_pool2"": 0.0107, ""best_ARIMA"": 0.0011, ""best_FT_rf"": 0.0068, ""best_FT_catboost"": 0.0118, ""accept"": 0.0096}, ""input_tokens"": 1550, ""score"": 0.6881, ""rank"": 8, ""already_tested"": false}, {""iteration"": 3, ""action"": ""median_pool1"", ""confidence"": 0.4357, ""probability_of_chosen"": 0.4184, ""probabilities"": {""mean_pool_full"": 0.0002, ""median_pool_full"": 0.1916, ""trimmed_mean_pool_full"": 0.1337, ""mean_pool4"": 0.0003, ""median_pool4"": 0.0021, ""trimmed_mean_pool4"": 0.0011, ""mean_pool1"": 0.0008, ""median_pool1"": 0.4184, ""trimmed_mean_pool1"": 0.02, ""mean_pool2"": 0.0004, ""median_pool2"": 0.1916, ""trimmed_mean_pool2"": 0.0107, ""best_ARIMA"": 0.0011, ""best_FT_rf"": 0.0068, ""best_FT_catboost"": 0.0118, ""accept"": 0.0096}, ""input_tokens"": 1550, ""score"": 0.6881, ""rank"": 8, ""already_tested"": true}, {""iteration"": 4, ""action"": ""median_pool1"", ""confidence"": 0.4357, ""probability_of_chosen"": 0.4184, ""probabilities"": {""mean_pool_full"": 0.0002, ""median_pool_full"": 0.1916, ""trimmed_mean_pool_full"": 0.1337, ""mean_pool4"": 0.0003, ""median_pool4"": 0.0021, ""trimmed_mean_pool4"": 0.0011, ""mean_pool1"": 0.0008, ""median_pool1"": 0.4184, ""trimmed_mean_pool1"": 0.02, ""mean_pool2"": 0.0004, ""median_pool2"": 0.1916, ""trimmed_mean_pool2"": 0.0107, ""best_ARIMA"": 0.0011, ""best_FT_rf"": 0.0068, ""best_FT_catboost"": 0.0118, ""accept"": 0.0096}, ""input_tokens"": 1550, ""score"": 0.6881, ""rank"": 8, ""already_tested"": true}, {""iteration"": 5, ""action"": ""median_pool1"", ""confidence"": 0.4357, ""probability_of_chosen"": 0.4184, ""probabilities"": {""mean_pool_full"": 0.0002, ""median_pool_full"": 0.1916, ""trimmed_mean_pool_full"": 0.1337, ""mean_pool4"": 0.0003, ""median_pool4"": 0.0021, ""trimmed_mean_pool4"": 0.0011, ""mean_pool1"": 0.0008, ""median_pool1"": 0.4184, ""trimmed_mean_pool1"": 0.02, ""mean_pool2"": 0.0004, ""median_pool2"": 0.1916, ""trimmed_mean_pool2"": 0.0107, ""best_ARIMA"": 0.0011, ""best_FT_rf"": 0.0068, ""best_FT_catboost"": 0.0118, ""accept"": 0.0096}, ""input_tokens"": 1550, ""score"": 0.6881, ""rank"": 8, ""already_tested"": true}]}, ""score"": 0.6647}";baseline;5;no new information in 3 consecutive turns;0.10627706150006651;84.81948829013074;laya_multilingual_laya_v0_ml8192
51;12;orchestrator_laya_laya_v0_ml8192;0.1845603467109629;72.72727272727273;0.16762909096313391;7.788037025579468;0.16738283993775896;5.849496585260982;[[53.666, 25.412, 34.598, 31.668, 23.276, 38.095, 39.941, 41.509, 35.635, 25.205, 38.752, 37.666]];[[36.87174918384616, 32.1199758025926, 38.01734762842105, 37.799765119499995, 35.3976030965, 36.827138244761905, 37.2363796745, 43.955468277692304, 36.53672800928572, 38.34243543958333, 34.759705534642855, 37.09739171269231]];2023-12-31 00:00:00;2024-11-30 00:00:00;"{""strategy"": {""combine"": ""dba"", ""pool"": ""pool_full"", ""dba_max_iter"": 30}, ""origin"": ""baseline"", ""loop"": {""final_attempt"": ""a3"", ""strategy"": {""combine"": ""dba"", ""pool"": ""pool_full"", ""dba_max_iter"": 30}, ""iterations_used"": 4, ""stop_reason"": ""no new information in 3 consecutive turns"", ""trace"": [{""iteration"": 1, ""action"": ""best_ONLY_FT_rf"", ""confidence"": 0.4085, ""probability_of_chosen"": 0.4487, ""probabilities"": {""mean_pool_full"": 0.0004, ""median_pool_full"": 0.2022, ""trimmed_mean_pool_full"": 0.0357, ""mean_pool1"": 0.0199, ""median_pool1"": 0.0113, ""trimmed_mean_pool1"": 0.0071, ""mean_pool2"": 0.0063, ""median_pool2"": 0.139, ""trimmed_mean_pool2"": 0.0058, ""mean_pool3"": 0.0016, ""median_pool3"": 0.1049, ""trimmed_mean_pool3"": 0.0024, ""best_ONLY_FT_rf"": 0.4487, ""best_NaiveMovingAverage"": 0.0063, ""best_ETS"": 0.0005, ""accept"": 0.0079}, ""input_tokens"": 1539, ""score"": 0.6595, ""rank"": 2, ""already_tested"": false}, {""iteration"": 2, ""action"": ""best_ONLY_FT_rf"", ""confidence"": 0.9105, ""probability_of_chosen"": 0.96, ""probabilities"": {""mean_pool_full"": 0.0, ""median_pool_full"": 0.0056, ""trimmed_mean_pool_full"": 0.0137, ""mean_pool4"": 0.0001, ""median_pool4"": 0.0004, ""trimmed_mean_pool4"": 0.0003, ""mean_pool1"": 0.0005, ""median_pool1"": 0.0047, ""trimmed_mean_pool1"": 0.0021, ""mean_pool2"": 0.0001, ""median_pool2"": 0.0047, ""trimmed_mean_pool2"": 0.0031, ""best_ONLY_FT_rf"": 0.96, ""best_NaiveMovingAverage"": 0.0027, ""best_ETS"": 0.0001, ""accept"": 0.0017}, ""input_tokens"": 1543, ""score"": 0.6595, ""rank"": 2, ""already_tested"": true}, {""iteration"": 3, ""action"": ""best_ONLY_FT_rf"", ""confidence"": 0.9105, ""probability_of_chosen"": 0.96, ""probabilities"": {""mean_pool_full"": 0.0, ""median_pool_full"": 0.0056, ""trimmed_mean_pool_full"": 0.0137, ""mean_pool4"": 0.0001, ""median_pool4"": 0.0004, ""trimmed_mean_pool4"": 0.0003, ""mean_pool1"": 0.0005, ""median_pool1"": 0.0047, ""trimmed_mean_pool1"": 0.0021, ""mean_pool2"": 0.0001, ""median_pool2"": 0.0047, ""trimmed_mean_pool2"": 0.0031, ""best_ONLY_FT_rf"": 0.96, ""best_NaiveMovingAverage"": 0.0027, ""best_ETS"": 0.0001, ""accept"": 0.0017}, ""input_tokens"": 1543, ""score"": 0.6595, ""rank"": 2, ""already_tested"": true}, {""iteration"": 4, ""action"": ""best_ONLY_FT_rf"", ""confidence"": 0.9105, ""probability_of_chosen"": 0.96, ""probabilities"": {""mean_pool_full"": 0.0, ""median_pool_full"": 0.0056, ""trimmed_mean_pool_full"": 0.0137, ""mean_pool4"": 0.0001, ""median_pool4"": 0.0004, ""trimmed_mean_pool4"": 0.0003, ""mean_pool1"": 0.0005, ""median_pool1"": 0.0047, ""trimmed_mean_pool1"": 0.0021, ""mean_pool2"": 0.0001, ""median_pool2"": 0.0047, ""trimmed_mean_pool2"": 0.0031, ""best_ONLY_FT_rf"": 0.96, ""best_NaiveMovingAverage"": 0.0027, ""best_ETS"": 0.0001, ""accept"": 0.0017}, ""input_tokens"": 1543, ""score"": 0.6595, ""rank"": 2, ""already_tested"": true}]}, ""score"": 0.6584}";baseline;4;no new information in 3 consecutive turns;0.16762909096313391;7.788037025579468;laya_multilingual_laya_v0_ml8192
52;12;orchestrator_laya_laya_v0_ml8192;0.14211530870225572;63.63636363636363;0.13443338780651481;3056.9489319583245;0.13443305314057147;2743.087390863056;[[17280.702, 19355.995, 20471.7, 22434.4, 26055.81, 17217.208, 14648.4, 16253.692, 20040.1, 24206.3, 24269.13, 24637.55]];[[22159.676304243334, 22028.451229469996, 21554.70262186, 24747.731894313332, 21397.605934559997, 20082.901660486667, 19154.372614203334, 19476.44644221333, 20314.19376885, 22120.01985497, 22365.87606703, 22184.518988723332]];2023-12-31 00:00:00;2024-11-30 00:00:00;"{""strategy"": {""combine"": ""trimmed_mean"", ""pool"": ""pool1"", ""trim_pct"": 0.2}, ""origin"": ""baseline"", ""loop"": {""final_attempt"": ""a5"", ""strategy"": {""combine"": ""trimmed_mean"", ""pool"": ""pool1"", ""trim_pct"": 0.2}, ""iterations_used"": 4, ""stop_reason"": ""no new information in 3 consecutive turns"", ""trace"": [{""iteration"": 1, ""action"": ""best_ONLY_FT_catboost"", ""confidence"": 0.9985, ""probability_of_chosen"": 0.9996, ""probabilities"": {""mean_pool_full"": 0.0, ""median_pool_full"": 0.0001, ""trimmed_mean_pool_full"": 0.0, ""mean_pool1"": 0.0, ""median_pool1"": 0.0, ""trimmed_mean_pool1"": 0.0, ""mean_pool2"": 0.0, ""median_pool2"": 0.0004, ""trimmed_mean_pool2"": 0.0, ""mean_pool3"": 0.0, ""median_pool3"": 0.0, ""trimmed_mean_pool3"": 0.0, ""best_ONLY_FT_catboost"": 0.9996, ""best_ETS"": 0.0, ""best_THETA"": 0.0, ""accept"": 0.0}, ""input_tokens"": 1604, ""score"": 0.5741, ""rank"": 2, ""already_tested"": false}, {""iteration"": 2, ""action"": ""best_ONLY_FT_catboost"", ""confidence"": 0.9987, ""probability_of_chosen"": 0.9996, ""probabilities"": {""mean_pool_full"": 0.0, ""median_pool_full"": 0.0002, ""trimmed_mean_pool_full"": 0.0, ""mean_pool4"": 0.0, ""median_pool4"": 0.0, ""trimmed_mean_pool4"": 0.0, ""mean_pool1"": 0.0, ""median_pool1"": 0.0, ""trimmed_mean_pool1"": 0.0, ""mean_pool2"": 0.0, ""median_pool2"": 0.0001, ""trimmed_mean_pool2"": 0.0, ""best_ONLY_FT_catboost"": 0.9996, ""best_ETS"": 0.0, ""best_THETA"": 0.0, ""accept"": 0.0}, ""input_tokens"": 1600, ""score"": 0.5741, ""rank"": 2, ""already_tested"": true}, {""iteration"": 3, ""action"": ""best_ONLY_FT_catboost"", ""confidence"": 0.9987, ""probability_of_chosen"": 0.9996, ""probabilities"": {""mean_pool_full"": 0.0, ""median_pool_full"": 0.0002, ""trimmed_mean_pool_full"": 0.0, ""mean_pool4"": 0.0, ""median_pool4"": 0.0, ""trimmed_mean_pool4"": 0.0, ""mean_pool1"": 0.0, ""median_pool1"": 0.0, ""trimmed_mean_pool1"": 0.0, ""mean_pool2"": 0.0, ""median_pool2"": 0.0001, ""trimmed_mean_pool2"": 0.0, ""best_ONLY_FT_catboost"": 0.9996, ""best_ETS"": 0.0, ""best_THETA"": 0.0, ""accept"": 0.0}, ""input_tokens"": 1600, ""score"": 0.5741, ""rank"": 2, ""already_tested"": true}, {""iteration"": 4, ""action"": ""best_ONLY_FT_catboost"", ""confidence"": 0.9987, ""probability_of_chosen"": 0.9996, ""probabilities"": {""mean_pool_full"": 0.0, ""median_pool_full"": 0.0002, ""trimmed_mean_pool_full"": 0.0, ""mean_pool4"": 0.0, ""median_pool4"": 0.0, ""trimmed_mean_pool4"": 0.0, ""mean_pool1"": 0.0, ""median_pool1"": 0.0, ""trimmed_mean_pool1"": 0.0, ""mean_pool2"": 0.0, ""median_pool2"": 0.0001, ""trimmed_mean_pool2"": 0.0, ""best_ONLY_FT_catboost"": 0.9996, ""best_ETS"": 0.0, ""best_THETA"": 0.0, ""accept"": 0.0}, ""input_tokens"": 1600, ""score"": 0.5741, ""rank"": 2, ""already_tested"": true}]}, ""score"": 0.5589}";baseline;4;no new information in 3 consecutive turns;0.13443338780651481;3056.9489319583245;laya_multilingual_laya_v0_ml8192
53;12;orchestrator_laya_laya_v0_ml8192;0.072805220705627;63.63636363636363;0.07572473025893002;1762.7107154158862;0.0757245298435471;1444.4762424150442;[[21508.623, 24142.437, 19778.453, 19114.96, 18229.65, 17597.856, 16924.601, 21786.279, 17007.582, 15778.259, 17453.067, 17295.294]];[[20097.78084621421, 21281.956036367894, 17613.627522808943, 17633.634585226315, 16527.046634604212, 16725.84949480526, 16945.095336807895, 18106.61512594737, 17492.86272798263, 17163.12144866158, 17900.202229706316, 18119.488411796316]];2023-12-31 00:00:00;2024-11-30 00:00:00;"{""strategy"": {""combine"": ""mean"", ""pool"": ""pool_full""}, ""origin"": ""baseline"", ""loop"": {""final_attempt"": ""a1"", ""strategy"": {""combine"": ""mean"", ""pool"": ""pool_full""}, ""iterations_used"": 4, ""stop_reason"": ""no new information in 3 consecutive turns"", ""trace"": [{""iteration"": 1, ""action"": ""median_pool2"", ""confidence"": 0.2997, ""probability_of_chosen"": 0.3441, ""probabilities"": {""mean_pool_full"": 0.0005, ""median_pool_full"": 0.2087, ""trimmed_mean_pool_full"": 0.0095, ""mean_pool1"": 0.0028, ""median_pool1"": 0.0345, ""trimmed_mean_pool1"": 0.0218, ""mean_pool2"": 0.0028, ""median_pool2"": 0.3441, ""trimmed_mean_pool2"": 0.0963, ""mean_pool3"": 0.0025, ""median_pool3"": 0.0536, ""trimmed_mean_pool3"": 0.0287, ""best_ETS"": 0.007, ""best_ONLY_DWT_catboost"": 0.1369, ""best_THETA"": 0.0028, ""accept"": 0.0477}, ""input_tokens"": 1602, ""score"": 0.7224, ""rank"": 6, ""already_tested"": false}, {""iteration"": 2, ""action"": ""median_pool2"", ""confidence"": 0.981, ""probability_of_chosen"": 0.9933, ""probabilities"": {""mean_pool_full"": 0.0, ""median_pool_full"": 0.0007, ""trimmed_mean_pool_full"": 0.0027, ""mean_pool4"": 0.0, ""median_pool4"": 0.0002, ""trimmed_mean_pool4"": 0.0, ""mean_pool1"": 0.0, ""median_pool1"": 0.001, ""trimmed_mean_pool1"": 0.0002, ""mean_pool2"": 0.0, ""median_pool2"": 0.9933, ""trimmed_mean_pool2"": 0.0001, ""best_ETS"": 0.0001, ""best_ONLY_DWT_catboost"": 0.0003, ""best_THETA"": 0.0001, ""accept"": 0.0011}, ""input_tokens"": 1595, ""score"": 0.7224, ""rank"": 6, ""already_tested"": true}, {""iteration"": 3, ""action"": ""median_pool2"", ""confidence"": 0.981, ""probability_of_chosen"": 0.9933, ""probabilities"": {""mean_pool_full"": 0.0, ""median_pool_full"": 0.0007, ""trimmed_mean_pool_full"": 0.0027, ""mean_pool4"": 0.0, ""median_pool4"": 0.0002, ""trimmed_mean_pool4"": 0.0, ""mean_pool1"": 0.0, ""median_pool1"": 0.001, ""trimmed_mean_pool1"": 0.0002, ""mean_pool2"": 0.0, ""median_pool2"": 0.9933, ""trimmed_mean_pool2"": 0.0001, ""best_ETS"": 0.0001, ""best_ONLY_DWT_catboost"": 0.0003, ""best_THETA"": 0.0001, ""accept"": 0.0011}, ""input_tokens"": 1595, ""score"": 0.7224, ""rank"": 6, ""already_tested"": true}, {""iteration"": 4, ""action"": ""median_pool2"", ""confidence"": 0.981, ""probability_of_chosen"": 0.9933, ""probabilities"": {""mean_pool_full"": 0.0, ""median_pool_full"": 0.0007, ""trimmed_mean_pool_full"": 0.0027, ""mean_pool4"": 0.0, ""median_pool4"": 0.0002, ""trimmed_mean_pool4"": 0.0, ""mean_pool1"": 0.0, ""median_pool1"": 0.001, ""trimmed_mean_pool1"": 0.0002, ""mean_pool2"": 0.0, ""median_pool2"": 0.9933, ""trimmed_mean_pool2"": 0.0001, ""best_ETS"": 0.0001, ""best_ONLY_DWT_catboost"": 0.0003, ""best_THETA"": 0.0001, ""accept"": 0.0011}, ""input_tokens"": 1595, ""score"": 0.7224, ""rank"": 6, ""already_tested"": true}]}, ""score"": 0.6485}";baseline;4;no new information in 3 consecutive turns;0.07572473025893002;1762.7107154158862;laya_multilingual_laya_v0_ml8192
54;12;orchestrator_laya_laya_v0_ml8192;0.2071432910197509;63.63636363636363;0.2401173132866766;1510.5176984331604;0.24011498874513015;1249.5428966891666;[[5774.5, 6791.0, 6019.0, 6008.5, 5184.0, 5166.0, 6521.4, 7060.7, 5030.5, 4051.5, 4143.5, 4403.0]];[[3890.20346832, 4494.57860405, 4689.60489841, 4688.30154366, 4473.19099745, 4251.93010691, 4283.59103119, 4297.84308936, 4079.26606575, 4376.5027294, 4371.60978569, 4368.68794972]];2023-12-31 00:00:00;2024-11-30 00:00:00;"{""strategy"": {""combine"": ""best_single"", ""model"": ""ONLY_FT_catboost"", ""pool"": ""pool_full""}, ""origin"": ""agent"", ""loop"": {""final_attempt"": ""a10"", ""strategy"": {""combine"": ""best_single"", ""model"": ""ONLY_FT_catboost"", ""pool"": ""pool_full""}, ""iterations_used"": 4, ""stop_reason"": ""no new information in 3 consecutive turns"", ""trace"": [{""iteration"": 1, ""action"": ""best_ONLY_FT_catboost"", ""confidence"": 1.0, ""probability_of_chosen"": 1.0, ""probabilities"": {""mean_pool_full"": 0.0, ""median_pool_full"": 0.0, ""trimmed_mean_pool_full"": 0.0, ""mean_pool1"": 0.0, ""median_pool1"": 0.0, ""trimmed_mean_pool1"": 0.0, ""mean_pool2"": 0.0, ""median_pool2"": 0.0, ""trimmed_mean_pool2"": 0.0, ""mean_pool3"": 0.0, ""median_pool3"": 0.0, ""trimmed_mean_pool3"": 0.0, ""best_ONLY_FT_catboost"": 1.0, ""best_ARIMA"": 0.0, ""best_THETA"": 0.0, ""accept"": 0.0}, ""input_tokens"": 1579, ""score"": 0.5629, ""rank"": 1, ""already_tested"": false}, {""iteration"": 2, ""action"": ""best_ONLY_FT_catboost"", ""confidence"": 1.0, ""probability_of_chosen"": 1.0, ""probabilities"": {""mean_pool_full"": 0.0, ""median_pool_full"": 0.0, ""trimmed_mean_pool_full"": 0.0, ""mean_pool4"": 0.0, ""median_pool4"": 0.0, ""trimmed_mean_pool4"": 0.0, ""mean_pool1"": 0.0, ""median_pool1"": 0.0, ""trimmed_mean_pool1"": 0.0, ""mean_pool2"": 0.0, ""median_pool2"": 0.0, ""trimmed_mean_pool2"": 0.0, ""best_ONLY_FT_catboost"": 1.0, ""best_ARIMA"": 0.0, ""best_THETA"": 0.0, ""accept"": 0.0}, ""input_tokens"": 1585, ""score"": 0.5629, ""rank"": 1, ""already_tested"": true}, {""iteration"": 3, ""action"": ""best_ONLY_FT_catboost"", ""confidence"": 1.0, ""probability_of_chosen"": 1.0, ""probabilities"": {""mean_pool_full"": 0.0, ""median_pool_full"": 0.0, ""trimmed_mean_pool_full"": 0.0, ""mean_pool4"": 0.0, ""median_pool4"": 0.0, ""trimmed_mean_pool4"": 0.0, ""mean_pool1"": 0.0, ""median_pool1"": 0.0, ""trimmed_mean_pool1"": 0.0, ""mean_pool2"": 0.0, ""median_pool2"": 0.0, ""trimmed_mean_pool2"": 0.0, ""best_ONLY_FT_catboost"": 1.0, ""best_ARIMA"": 0.0, ""best_THETA"": 0.0, ""accept"": 0.0}, ""input_tokens"": 1585, ""score"": 0.5629, ""rank"": 1, ""already_tested"": true}, {""iteration"": 4, ""action"": ""best_ONLY_FT_catboost"", ""confidence"": 1.0, ""probability_of_chosen"": 1.0, ""probabilities"": {""mean_pool_full"": 0.0, ""median_pool_full"": 0.0, ""trimmed_mean_pool_full"": 0.0, ""mean_pool4"": 0.0, ""median_pool4"": 0.0, ""trimmed_mean_pool4"": 0.0, ""mean_pool1"": 0.0, ""median_pool1"": 0.0, ""trimmed_mean_pool1"": 0.0, ""mean_pool2"": 0.0, ""median_pool2"": 0.0, ""trimmed_mean_pool2"": 0.0, ""best_ONLY_FT_catboost"": 1.0, ""best_ARIMA"": 0.0, ""best_THETA"": 0.0, ""accept"": 0.0}, ""input_tokens"": 1585, ""score"": 0.5629, ""rank"": 1, ""already_tested"": true}]}, ""score"": 0.5629}";agent;4;no new information in 3 consecutive turns;0.261246337604061;1631.1812376005878;laya_multilingual_laya_v0_ml8192
55;12;orchestrator_laya_laya_v0_ml8192;0.1113502321969201;54.54545454545455;0.12073205665093338;698.3421690302192;0.12073069239028132;538.09592564483;[[4699.2, 5814.501, 4344.961, 4102.461, 3785.645, 3752.812, 3930.257, 5325.482, 4576.359, 4546.482, 4550.321, 4301.469]];[[4088.6452211172, 4265.762624788491, 3711.2950420880775, 4031.4802912610526, 4023.288659682105, 4023.288659682105, 4023.288659682105, 4021.1274163478947, 3925.3408038396874, 4013.816523199048, 4293.882922367737, 4053.8860262991675]];2023-12-31 00:00:00;2024-11-30 00:00:00;"{""strategy"": {""combine"": ""dba"", ""pool"": ""pool_full"", ""dba_max_iter"": 30}, ""origin"": ""baseline"", ""loop"": {""final_attempt"": ""a3"", ""strategy"": {""combine"": ""dba"", ""pool"": ""pool_full"", ""dba_max_iter"": 30}, ""iterations_used"": 5, ""stop_reason"": ""no new information in 3 consecutive turns"", ""trace"": [{""iteration"": 1, ""action"": ""median_pool2"", ""confidence"": 0.5227, ""probability_of_chosen"": 0.5502, ""probabilities"": {""mean_pool_full"": 0.0011, ""median_pool_full"": 0.0032, ""trimmed_mean_pool_full"": 0.2599, ""mean_pool1"": 0.0046, ""median_pool1"": 0.0024, ""trimmed_mean_pool1"": 0.0028, ""mean_pool2"": 0.0064, ""median_pool2"": 0.5502, ""trimmed_mean_pool2"": 0.0673, ""mean_pool3"": 0.0006, ""median_pool3"": 0.0069, ""trimmed_mean_pool3"": 0.0657, ""best_ETS"": 0.0024, ""best_ARIMA"": 0.0008, ""best_THETA"": 0.0103, ""accept"": 0.0156}, ""input_tokens"": 1550, ""score"": 0.8736, ""rank"": 10, ""already_tested"": false}, {""iteration"": 2, ""action"": ""trimmed_mean_pool_full"", ""confidence"": 0.6643, ""probability_of_chosen"": 0.7552, ""probabilities"": {""mean_pool_full"": 0.0005, ""median_pool_full"": 0.0024, ""trimmed_mean_pool_full"": 0.7552, ""mean_pool4"": 0.0015, ""median_pool4"": 0.0014, ""trimmed_mean_pool4"": 0.001, ""mean_pool1"": 0.002, ""median_pool1"": 0.0461, ""trimmed_mean_pool1"": 0.0056, ""mean_pool2"": 0.0014, ""median_pool2"": 0.061, ""trimmed_mean_pool2"": 0.1088, ""best_ETS"": 0.0009, ""best_ARIMA"": 0.0004, ""best_THETA"": 0.0048, ""accept"": 0.007}, ""input_tokens"": 1550, ""score"": 0.615, ""rank"": 2, ""already_tested"": false}, {""iteration"": 3, ""action"": ""median_pool2"", ""confidence"": 0.3109, ""probability_of_chosen"": 0.2377, ""probabilities"": {""mean_pool_full"": 0.0017, ""median_pool_full"": 0.0615, ""trimmed_mean_pool_full"": 0.2066, ""mean_pool4"": 0.0024, ""median_pool4"": 0.0064, ""trimmed_mean_pool4"": 0.0142, ""mean_pool1"": 0.003, ""median_pool1"": 0.0407, ""trimmed_mean_pool1"": 0.1376, ""mean_pool2"": 0.003, ""median_pool2"": 0.2377, ""trimmed_mean_pool2"": 0.2304, ""best_ETS"": 0.0014, ""best_ARIMA"": 0.0004, ""best_THETA"": 0.0023, ""accept"": 0.0506}, ""input_tokens"": 1556, ""score"": 0.8736, ""rank"": 11, ""already_tested"": true}, {""iteration"": 4, ""action"": ""median_pool2"", ""confidence"": 0.3109, ""probability_of_chosen"": 0.2377, ""probabilities"": {""mean_pool_full"": 0.0017, ""median_pool_full"": 0.0615, ""trimmed_mean_pool_full"": 0.2066, ""mean_pool4"": 0.0024, ""median_pool4"": 0.0064, ""trimmed_mean_pool4"": 0.0142, ""mean_pool1"": 0.003, ""median_pool1"": 0.0407, ""trimmed_mean_pool1"": 0.1376, ""mean_pool2"": 0.003, ""median_pool2"": 0.2377, ""trimmed_mean_pool2"": 0.2304, ""best_ETS"": 0.0014, ""best_ARIMA"": 0.0004, ""best_THETA"": 0.0023, ""accept"": 0.0506}, ""input_tokens"": 1556, ""score"": 0.8736, ""rank"": 11, ""already_tested"": true}, {""iteration"": 5, ""action"": ""median_pool2"", ""confidence"": 0.3109, ""probability_of_chosen"": 0.2377, ""probabilities"": {""mean_pool_full"": 0.0017, ""median_pool_full"": 0.0615, ""trimmed_mean_pool_full"": 0.2066, ""mean_pool4"": 0.0024, ""median_pool4"": 0.0064, ""trimmed_mean_pool4"": 0.0142, ""mean_pool1"": 0.003, ""median_pool1"": 0.0407, ""trimmed_mean_pool1"": 0.1376, ""mean_pool2"": 0.003, ""median_pool2"": 0.2377, ""trimmed_mean_pool2"": 0.2304, ""best_ETS"": 0.0014, ""best_ARIMA"": 0.0004, ""best_THETA"": 0.0023, ""accept"": 0.0506}, ""input_tokens"": 1556, ""score"": 0.8736, ""rank"": 11, ""already_tested"": true}]}, ""score"": 0.4742}";baseline;5;no new information in 3 consecutive turns;0.12073205665093338;698.3421690302192;laya_multilingual_laya_v0_ml8192
56;12;orchestrator_laya_laya_v0_ml8192;0.1755254237313185;54.54545454545455;0.1575058875799249;366.8918969578693;0.15750134694451087;278.3731680875;[[2322.7, 2180.776, 2368.424, 2130.305, 2007.879, 1225.232, 1453.154, 1847.526, 1366.362, 1411.05, 1556.955, 1839.342]];[[2088.01101104, 1925.67368531, 1961.07285973, 2101.66469299, 1974.71086271, 1753.83360519, 1329.33582512, 1554.97262238, 2272.14180389, 1730.41829481, 1629.58941923, 1700.57054679]];2023-12-31 00:00:00;2024-11-30 00:00:00;"{""strategy"": {""combine"": ""best_single"", ""model"": ""ONLY_DWT_catboost"", ""pool"": ""pool_full""}, ""origin"": ""agent"", ""loop"": {""final_attempt"": ""a10"", ""strategy"": {""combine"": ""best_single"", ""model"": ""ONLY_DWT_catboost"", ""pool"": ""pool_full""}, ""iterations_used"": 4, ""stop_reason"": ""no new information in 3 consecutive turns"", ""trace"": [{""iteration"": 1, ""action"": ""best_ONLY_DWT_catboost"", ""confidence"": 0.5082, ""probability_of_chosen"": 0.6089, ""probabilities"": {""mean_pool_full"": 0.0019, ""median_pool_full"": 0.0107, ""trimmed_mean_pool_full"": 0.0514, ""mean_pool1"": 0.0023, ""median_pool1"": 0.0024, ""trimmed_mean_pool1"": 0.0073, ""mean_pool2"": 0.0074, ""median_pool2"": 0.0512, ""trimmed_mean_pool2"": 0.1613, ""mean_pool3"": 0.0011, ""median_pool3"": 0.0035, ""trimmed_mean_pool3"": 0.0722, ""best_ONLY_DWT_catboost"": 0.6089, ""best_NaiveSeasonal"": 0.0025, ""best_ARIMA"": 0.0008, ""accept"": 0.0152}, ""input_tokens"": 1570, ""score"": 0.5531, ""rank"": 1, ""already_tested"": false}, {""iteration"": 2, ""action"": ""best_ONLY_DWT_catboost"", ""confidence"": 0.9554, ""probability_of_chosen"": 0.9818, ""probabilities"": {""mean_pool_full"": 0.0001, ""median_pool_full"": 0.0004, ""trimmed_mean_pool_full"": 0.0059, ""mean_pool4"": 0.0001, ""median_pool4"": 0.0001, ""trimmed_mean_pool4"": 0.0001, ""mean_pool1"": 0.0002, ""median_pool1"": 0.003, ""trimmed_mean_pool1"": 0.0052, ""mean_pool2"": 0.0002, ""median_pool2"": 0.0003, ""trimmed_mean_pool2"": 0.0016, ""best_ONLY_DWT_catboost"": 0.9818, ""best_NaiveSeasonal"": 0.0001, ""best_ARIMA"": 0.0, ""accept"": 0.0009}, ""input_tokens"": 1568, ""score"": 0.5531, ""rank"": 1, ""already_tested"": true}, {""iteration"": 3, ""action"": ""best_ONLY_DWT_catboost"", ""confidence"": 0.9554, ""probability_of_chosen"": 0.9818, ""probabilities"": {""mean_pool_full"": 0.0001, ""median_pool_full"": 0.0004, ""trimmed_mean_pool_full"": 0.0059, ""mean_pool4"": 0.0001, ""median_pool4"": 0.0001, ""trimmed_mean_pool4"": 0.0001, ""mean_pool1"": 0.0002, ""median_pool1"": 0.003, ""trimmed_mean_pool1"": 0.0052, ""mean_pool2"": 0.0002, ""median_pool2"": 0.0003, ""trimmed_mean_pool2"": 0.0016, ""best_ONLY_DWT_catboost"": 0.9818, ""best_NaiveSeasonal"": 0.0001, ""best_ARIMA"": 0.0, ""accept"": 0.0009}, ""input_tokens"": 1568, ""score"": 0.5531, ""rank"": 1, ""already_tested"": true}, {""iteration"": 4, ""action"": ""best_ONLY_DWT_catboost"", ""confidence"": 0.9554, ""probability_of_chosen"": 0.9818, ""probabilities"": {""mean_pool_full"": 0.0001, ""median_pool_full"": 0.0004, ""trimmed_mean_pool_full"": 0.0059, ""mean_pool4"": 0.0001, ""median_pool4"": 0.0001, ""trimmed_mean_pool4"": 0.0001, ""mean_pool1"": 0.0002, ""median_pool1"": 0.003, ""trimmed_mean_pool1"": 0.0052, ""mean_pool2"": 0.0002, ""median_pool2"": 0.0003, ""trimmed_mean_pool2"": 0.0016, ""best_ONLY_DWT_catboost"": 0.9818, ""best_NaiveSeasonal"": 0.0001, ""best_ARIMA"": 0.0, ""accept"": 0.0009}, ""input_tokens"": 1568, ""score"": 0.5531, ""rank"": 1, ""already_tested"": true}]}, ""score"": 0.5531}";agent;4;no new information in 3 consecutive turns;0.1550407974525892;323.49424889699327;laya_multilingual_laya_v0_ml8192
57;12;orchestrator_laya_laya_v0_ml8192;0.3040057112614432;63.63636363636363;0.3213948169102127;5702.786045887687;0.32139375261525993;5018.5003105975;[[19774.506, 15848.743, 11285.988, 24507.974, 19877.684, 20814.274, 9411.039, 9543.579, 14586.223, 18449.261, 22063.738, 10556.472]];[[12955.72920189, 13805.79001918, 13648.10419669, 14158.88333121, 13619.12025719, 13926.47370091, 13952.21639834, 13801.68973989, 14130.00225895, 13653.41815595, 13811.36509455, 13755.45041208]];2023-12-31 00:00:00;2024-11-30 00:00:00;"{""strategy"": {""combine"": ""median"", ""pool"": ""pool_full""}, ""origin"": ""baseline"", ""loop"": {""final_attempt"": ""a2"", ""strategy"": {""combine"": ""median"", ""pool"": ""pool_full""}, ""iterations_used"": 4, ""stop_reason"": ""no new information in 3 consecutive turns"", ""trace"": [{""iteration"": 1, ""action"": ""median_pool2"", ""confidence"": 0.6492, ""probability_of_chosen"": 0.5439, ""probabilities"": {""mean_pool_full"": 0.0001, ""median_pool_full"": 0.0018, ""trimmed_mean_pool_full"": 0.0055, ""mean_pool1"": 0.0001, ""median_pool1"": 0.001, ""trimmed_mean_pool1"": 0.0013, ""mean_pool2"": 0.0006, ""median_pool2"": 0.5439, ""trimmed_mean_pool2"": 0.0183, ""mean_pool3"": 0.0001, ""median_pool3"": 0.006, ""trimmed_mean_pool3"": 0.0031, ""best_CWT_catboost"": 0.0004, ""best_ONLY_FT_rf"": 0.3979, ""best_ONLY_CWT_rf"": 0.0166, ""accept"": 0.0035}, ""input_tokens"": 1607, ""score"": 0.7606, ""rank"": 6, ""already_tested"": false}, {""iteration"": 2, ""action"": ""median_pool2"", ""confidence"": 0.9978, ""probability_of_chosen"": 0.9994, ""probabilities"": {""mean_pool_full"": 0.0, ""median_pool_full"": 0.0, ""trimmed_mean_pool_full"": 0.0001, ""mean_pool4"": 0.0, ""median_pool4"": 0.0, ""trimmed_mean_pool4"": 0.0, ""mean_pool1"": 0.0, ""median_pool1"": 0.0001, ""trimmed_mean_pool1"": 0.0, ""mean_pool2"": 0.0, ""median_pool2"": 0.9994, ""trimmed_mean_pool2"": 0.0, ""best_CWT_catboost"": 0.0, ""best_ONLY_FT_rf"": 0.0002, ""best_ONLY_CWT_rf"": 0.0001, ""accept"": 0.0}, ""input_tokens"": 1605, ""score"": 0.7606, ""rank"": 6, ""already_tested"": true}, {""iteration"": 3, ""action"": ""median_pool2"", ""confidence"": 0.9978, ""probability_of_chosen"": 0.9994, ""probabilities"": {""mean_pool_full"": 0.0, ""median_pool_full"": 0.0, ""trimmed_mean_pool_full"": 0.0001, ""mean_pool4"": 0.0, ""median_pool4"": 0.0, ""trimmed_mean_pool4"": 0.0, ""mean_pool1"": 0.0, ""median_pool1"": 0.0001, ""trimmed_mean_pool1"": 0.0, ""mean_pool2"": 0.0, ""median_pool2"": 0.9994, ""trimmed_mean_pool2"": 0.0, ""best_CWT_catboost"": 0.0, ""best_ONLY_FT_rf"": 0.0002, ""best_ONLY_CWT_rf"": 0.0001, ""accept"": 0.0}, ""input_tokens"": 1605, ""score"": 0.7606, ""rank"": 6, ""already_tested"": true}, {""iteration"": 4, ""action"": ""median_pool2"", ""confidence"": 0.9978, ""probability_of_chosen"": 0.9994, ""probabilities"": {""mean_pool_full"": 0.0, ""median_pool_full"": 0.0, ""trimmed_mean_pool_full"": 0.0001, ""mean_pool4"": 0.0, ""median_pool4"": 0.0, ""trimmed_mean_pool4"": 0.0, ""mean_pool1"": 0.0, ""median_pool1"": 0.0001, ""trimmed_mean_pool1"": 0.0, ""mean_pool2"": 0.0, ""median_pool2"": 0.9994, ""trimmed_mean_pool2"": 0.0, ""best_CWT_catboost"": 0.0, ""best_ONLY_FT_rf"": 0.0002, ""best_ONLY_CWT_rf"": 0.0001, ""accept"": 0.0}, ""input_tokens"": 1605, ""score"": 0.7606, ""rank"": 6, ""already_tested"": true}]}, ""score"": 0.6718}";baseline;4;no new information in 3 consecutive turns;0.3213948169102127;5702.786045887687;laya_multilingual_laya_v0_ml8192
58;12;orchestrator_laya_laya_v0_ml8192;0.16331152160809106;72.72727272727273;0.17057187447542055;84.17071244362275;0.17055184497200562;73.22823880833333;[[505.0, 340.0, 431.0, 454.0, 441.0, 406.0, 309.0, 492.0, 546.0, 454.0, 498.0, 499.0]];[[396.59306688, 437.90011096, 415.01674006, 422.05400181, 418.80903948, 389.59262383, 386.36575768, 393.31477702, 400.41710997, 396.92121191, 393.51358142, 396.29485056]];2023-12-31 00:00:00;2024-11-30 00:00:00;"{""strategy"": {""combine"": ""best_single"", ""model"": ""ONLY_CWT_catboost"", ""pool"": ""pool_full""}, ""origin"": ""agent"", ""loop"": {""final_attempt"": ""a10"", ""strategy"": {""combine"": ""best_single"", ""model"": ""ONLY_CWT_catboost"", ""pool"": ""pool_full""}, ""iterations_used"": 4, ""stop_reason"": ""no new information in 3 consecutive turns"", ""trace"": [{""iteration"": 1, ""action"": ""best_ONLY_CWT_catboost"", ""confidence"": 0.7228, ""probability_of_chosen"": 0.798, ""probabilities"": {""mean_pool_full"": 0.0002, ""median_pool_full"": 0.0086, ""trimmed_mean_pool_full"": 0.0221, ""mean_pool1"": 0.0004, ""median_pool1"": 0.0017, ""trimmed_mean_pool1"": 0.0021, ""mean_pool2"": 0.0006, ""median_pool2"": 0.1344, ""trimmed_mean_pool2"": 0.0119, ""mean_pool3"": 0.0001, ""median_pool3"": 0.0049, ""trimmed_mean_pool3"": 0.0039, ""best_ONLY_CWT_catboost"": 0.798, ""best_NaiveMovingAverage"": 0.0056, ""best_THETA"": 0.0006, ""accept"": 0.0049}, ""input_tokens"": 1564, ""score"": 0.6859, ""rank"": 1, ""already_tested"": false}, {""iteration"": 2, ""action"": ""best_ONLY_CWT_catboost"", ""confidence"": 0.3973, ""probability_of_chosen"": 0.5178, ""probabilities"": {""mean_pool_full"": 0.0045, ""median_pool_full"": 0.0131, ""trimmed_mean_pool_full"": 0.2092, ""mean_pool4"": 0.0233, ""median_pool4"": 0.0029, ""trimmed_mean_pool4"": 0.0063, ""mean_pool1"": 0.0081, ""median_pool1"": 0.0135, ""trimmed_mean_pool1"": 0.0317, ""mean_pool2"": 0.034, ""median_pool2"": 0.0198, ""trimmed_mean_pool2"": 0.0408, ""best_ONLY_CWT_catboost"": 0.5178, ""best_NaiveMovingAverage"": 0.0344, ""best_THETA"": 0.0026, ""accept"": 0.0378}, ""input_tokens"": 1572, ""score"": 0.6859, ""rank"": 1, ""already_tested"": true}, {""iteration"": 3, ""action"": ""best_ONLY_CWT_catboost"", ""confidence"": 0.3973, ""probability_of_chosen"": 0.5178, ""probabilities"": {""mean_pool_full"": 0.0045, ""median_pool_full"": 0.0131, ""trimmed_mean_pool_full"": 0.2092, ""mean_pool4"": 0.0233, ""median_pool4"": 0.0029, ""trimmed_mean_pool4"": 0.0063, ""mean_pool1"": 0.0081, ""median_pool1"": 0.0135, ""trimmed_mean_pool1"": 0.0317, ""mean_pool2"": 0.034, ""median_pool2"": 0.0198, ""trimmed_mean_pool2"": 0.0408, ""best_ONLY_CWT_catboost"": 0.5178, ""best_NaiveMovingAverage"": 0.0344, ""best_THETA"": 0.0026, ""accept"": 0.0378}, ""input_tokens"": 1572, ""score"": 0.6859, ""rank"": 1, ""already_tested"": true}, {""iteration"": 4, ""action"": ""best_ONLY_CWT_catboost"", ""confidence"": 0.3973, ""probability_of_chosen"": 0.5178, ""probabilities"": {""mean_pool_full"": 0.0045, ""median_pool_full"": 0.0131, ""trimmed_mean_pool_full"": 0.2092, ""mean_pool4"": 0.0233, ""median_pool4"": 0.0029, ""trimmed_mean_pool4"": 0.0063, ""mean_pool1"": 0.0081, ""median_pool1"": 0.0135, ""trimmed_mean_pool1"": 0.0317, ""mean_pool2"": 0.034, ""median_pool2"": 0.0198, ""trimmed_mean_pool2"": 0.0408, ""best_ONLY_CWT_catboost"": 0.5178, ""best_NaiveMovingAverage"": 0.0344, ""best_THETA"": 0.0026, ""accept"": 0.0378}, ""input_tokens"": 1572, ""score"": 0.6859, ""rank"": 1, ""already_tested"": true}]}, ""score"": 0.6859}";agent;4;no new information in 3 consecutive turns;0.15082403958322924;74.53519967494077;laya_multilingual_laya_v0_ml8192
59;12;orchestrator_laya_laya_v0_ml8192;0.22477045860652914;54.54545454545455;0.25805797452788687;2066.5892041306006;0.2580560258158822;1729.0784323791665;[[7128.972, 7209.987, 7267.756, 6854.948, 6637.673, 6908.302, 8175.703, 9596.904, 9460.106, 6166.433, 5050.292, 4885.0]];[[5764.37664131, 5835.80285126, 5580.36295975, 5319.17469909, 5361.37842719, 5693.34488751, 5515.93569284, 5588.07194393, 5593.0686419, 5767.284, 5688.65513356, 5607.59479977]];2023-12-31 00:00:00;2024-11-30 00:00:00;"{""strategy"": {""combine"": ""median"", ""pool"": ""pool_full""}, ""origin"": ""baseline"", ""loop"": {""final_attempt"": ""a2"", ""strategy"": {""combine"": ""median"", ""pool"": ""pool_full""}, ""iterations_used"": 5, ""stop_reason"": ""no new information in 3 consecutive turns"", ""trace"": [{""iteration"": 1, ""action"": ""trimmed_mean_pool2"", ""confidence"": 0.2822, ""probability_of_chosen"": 0.2676, ""probabilities"": {""mean_pool_full"": 0.0003, ""median_pool_full"": 0.0132, ""trimmed_mean_pool_full"": 0.141, ""mean_pool1"": 0.0049, ""median_pool1"": 0.0134, ""trimmed_mean_pool1"": 0.1399, ""mean_pool2"": 0.0019, ""median_pool2"": 0.0992, ""trimmed_mean_pool2"": 0.2676, ""mean_pool3"": 0.0003, ""median_pool3"": 0.018, ""trimmed_mean_pool3"": 0.1989, ""best_ARIMA"": 0.0028, ""best_rf"": 0.001, ""best_NaiveMovingAverage"": 0.0732, ""accept"": 0.0245}, ""input_tokens"": 1569, ""score"": 0.7693, ""rank"": 8, ""already_tested"": true}, {""iteration"": 2, ""action"": ""trimmed_mean_pool_full"", ""confidence"": 0.4772, ""probability_of_chosen"": 0.4307, ""probabilities"": {""mean_pool_full"": 0.0001, ""median_pool_full"": 0.0068, ""trimmed_mean_pool_full"": 0.4307, ""mean_pool4"": 0.0003, ""median_pool4"": 0.0012, ""trimmed_mean_pool4"": 0.009, ""mean_pool1"": 0.0012, ""median_pool1"": 0.0791, ""trimmed_mean_pool1"": 0.1072, ""mean_pool2"": 0.0003, ""median_pool2"": 0.0056, ""trimmed_mean_pool2"": 0.3201, ""best_ARIMA"": 0.0011, ""best_rf"": 0.0004, ""best_NaiveMovingAverage"": 0.0258, ""accept"": 0.0111}, ""input_tokens"": 1569, ""score"": 0.6802, ""rank"": 2, ""already_tested"": false}, {""iteration"": 3, ""action"": ""trimmed_mean_pool1"", ""confidence"": 0.3117, ""probability_of_chosen"": 0.3664, ""probabilities"": {""mean_pool_full"": 0.0003, ""median_pool_full"": 0.0488, ""trimmed_mean_pool_full"": 0.0688, ""mean_pool4"": 0.0488, ""median_pool4"": 0.0084, ""trimmed_mean_pool4"": 0.0228, ""mean_pool1"": 0.0038, ""median_pool1"": 0.1266, ""trimmed_mean_pool1"": 0.3664, ""mean_pool2"": 0.0093, ""median_pool2"": 0.0386, ""trimmed_mean_pool2"": 0.2222, ""best_ARIMA"": 0.001, ""best_rf"": 0.0003, ""best_NaiveMovingAverage"": 0.013, ""accept"": 0.0208}, ""input_tokens"": 1565, ""score"": 0.7386, ""rank"": 7, ""already_tested"": true}, {""iteration"": 4, ""action"": ""trimmed_mean_pool1"", ""confidence"": 0.3117, ""probability_of_chosen"": 0.3664, ""probabilities"": {""mean_pool_full"": 0.0003, ""median_pool_full"": 0.0488, ""trimmed_mean_pool_full"": 0.0688, ""mean_pool4"": 0.0488, ""median_pool4"": 0.0084, ""trimmed_mean_pool4"": 0.0228, ""mean_pool1"": 0.0038, ""median_pool1"": 0.1266, ""trimmed_mean_pool1"": 0.3664, ""mean_pool2"": 0.0093, ""median_pool2"": 0.0386, ""trimmed_mean_pool2"": 0.2222, ""best_ARIMA"": 0.001, ""best_rf"": 0.0003, ""best_NaiveMovingAverage"": 0.013, ""accept"": 0.0208}, ""input_tokens"": 1565, ""score"": 0.7386, ""rank"": 7, ""already_tested"": true}, {""iteration"": 5, ""action"": ""trimmed_mean_pool1"", ""confidence"": 0.3117, ""probability_of_chosen"": 0.3664, ""probabilities"": {""mean_pool_full"": 0.0003, ""median_pool_full"": 0.0488, ""trimmed_mean_pool_full"": 0.0688, ""mean_pool4"": 0.0488, ""median_pool4"": 0.0084, ""trimmed_mean_pool4"": 0.0228, ""mean_pool1"": 0.0038, ""median_pool1"": 0.1266, ""trimmed_mean_pool1"": 0.3664, ""mean_pool2"": 0.0093, ""median_pool2"": 0.0386, ""trimmed_mean_pool2"": 0.2222, ""best_ARIMA"": 0.001, ""best_rf"": 0.0003, ""best_NaiveMovingAverage"": 0.013, ""accept"": 0.0208}, ""input_tokens"": 1565, ""score"": 0.7386, ""rank"": 7, ""already_tested"": true}]}, ""score"": 0.6748}";baseline;5;no new information in 3 consecutive turns;0.25805797452788687;2066.5892041306006;laya_multilingual_laya_v0_ml8192
60;12;orchestrator_laya_laya_v0_ml8192;0.031164895947919397;72.72727272727273;0.030989236488205854;4599.509211221468;0.030989223298253737;3653.843585390832;[[126790.306, 117527.756, 103174.218, 110810.451, 116365.194, 119581.319, 114626.846, 126757.035, 123828.93, 122924.907, 131156.308, 118937.975]];[[123438.79964807, 115038.0742863, 112259.45685762, 117198.99126039, 115073.43271269, 119882.58412355, 117804.66337297, 121410.08821652, 121807.08089837, 122110.68318857, 123049.61808555, 120408.57744623]];2023-12-31 00:00:00;2024-11-30 00:00:00;"{""strategy"": {""combine"": ""median"", ""pool"": ""pool3""}, ""origin"": ""agent"", ""loop"": {""final_attempt"": ""a10"", ""strategy"": {""combine"": ""median"", ""pool"": ""pool3""}, ""iterations_used"": 4, ""stop_reason"": ""no new information in 3 consecutive turns"", ""trace"": [{""iteration"": 1, ""action"": ""median_pool3"", ""confidence"": 0.3589, ""probability_of_chosen"": 0.4166, ""probabilities"": {""mean_pool_full"": 0.0003, ""median_pool_full"": 0.1474, ""trimmed_mean_pool_full"": 0.0145, ""mean_pool1"": 0.0012, ""median_pool1"": 0.0172, ""trimmed_mean_pool1"": 0.0255, ""mean_pool2"": 0.0004, ""median_pool2"": 0.1937, ""trimmed_mean_pool2"": 0.0718, ""mean_pool3"": 0.0002, ""median_pool3"": 0.4166, ""trimmed_mean_pool3"": 0.0256, ""best_THETA"": 0.0128, ""best_ONLY_CWT_rf"": 0.0546, ""best_ETS"": 0.0004, ""accept"": 0.0178}, ""input_tokens"": 1605, ""score"": 0.6457, ""rank"": 1, ""already_tested"": false}, {""iteration"": 2, ""action"": ""trimmed_mean_pool2"", ""confidence"": 0.3079, ""probability_of_chosen"": 0.2698, ""probabilities"": {""mean_pool_full"": 0.0003, ""median_pool_full"": 0.0779, ""trimmed_mean_pool_full"": 0.0226, ""mean_pool4"": 0.0003, ""median_pool4"": 0.0266, ""trimmed_mean_pool4"": 0.0078, ""mean_pool1"": 0.0007, ""median_pool1"": 0.2418, ""trimmed_mean_pool1"": 0.0409, ""mean_pool2"": 0.0006, ""median_pool2"": 0.1943, ""trimmed_mean_pool2"": 0.2698, ""best_THETA"": 0.0068, ""best_ONLY_CWT_rf"": 0.0829, ""best_ETS"": 0.0006, ""accept"": 0.0261}, ""input_tokens"": 1608, ""score"": 0.7266, ""rank"": 9, ""already_tested"": true}, {""iteration"": 3, ""action"": ""trimmed_mean_pool2"", ""confidence"": 0.3079, ""probability_of_chosen"": 0.2698, ""probabilities"": {""mean_pool_full"": 0.0003, ""median_pool_full"": 0.0779, ""trimmed_mean_pool_full"": 0.0226, ""mean_pool4"": 0.0003, ""median_pool4"": 0.0266, ""trimmed_mean_pool4"": 0.0078, ""mean_pool1"": 0.0007, ""median_pool1"": 0.2418, ""trimmed_mean_pool1"": 0.0409, ""mean_pool2"": 0.0006, ""median_pool2"": 0.1943, ""trimmed_mean_pool2"": 0.2698, ""best_THETA"": 0.0068, ""best_ONLY_CWT_rf"": 0.0829, ""best_ETS"": 0.0006, ""accept"": 0.0261}, ""input_tokens"": 1608, ""score"": 0.7266, ""rank"": 9, ""already_tested"": true}, {""iteration"": 4, ""action"": ""trimmed_mean_pool2"", ""confidence"": 0.3079, ""probability_of_chosen"": 0.2698, ""probabilities"": {""mean_pool_full"": 0.0003, ""median_pool_full"": 0.0779, ""trimmed_mean_pool_full"": 0.0226, ""mean_pool4"": 0.0003, ""median_pool4"": 0.0266, ""trimmed_mean_pool4"": 0.0078, ""mean_pool1"": 0.0007, ""median_pool1"": 0.2418, ""trimmed_mean_pool1"": 0.0409, ""mean_pool2"": 0.0006, ""median_pool2"": 0.1943, ""trimmed_mean_pool2"": 0.2698, ""best_THETA"": 0.0068, ""best_ONLY_CWT_rf"": 0.0829, ""best_ETS"": 0.0006, ""accept"": 0.0261}, ""input_tokens"": 1608, ""score"": 0.7266, ""rank"": 9, ""already_tested"": true}]}, ""score"": 0.6457}";agent;4;no new information in 3 consecutive turns;0.03226406464205098;4838.111710181329;laya_multilingual_laya_v0_ml8192
61;12;orchestrator_laya_laya_v0_ml8192;0.23279392451810976;63.63636363636363;0.2665569779951027;6281.745848919014;0.26655638452866826;6013.138575817501;[[26039.1, 27854.15, 26706.5, 27742.05, 27433.5, 25061.55, 23439.2, 27037.15, 25868.15, 21009.15, 24889.0, 24893.2]];[[21810.8747673, 22072.3036888, 21656.50219196, 21867.22263302, 21343.1778975, 19657.85364984, 18599.17618237, 16605.33466956, 17794.09722433, 17982.95039877, 18446.63485251, 17978.90893423]];2023-12-31 00:00:00;2024-11-30 00:00:00;"{""strategy"": {""combine"": ""best_single"", ""model"": ""ONLY_CWT_rf"", ""pool"": ""pool_full""}, ""origin"": ""agent"", ""loop"": {""final_attempt"": ""a10"", ""strategy"": {""combine"": ""best_single"", ""model"": ""ONLY_CWT_rf"", ""pool"": ""pool_full""}, ""iterations_used"": 5, ""stop_reason"": ""no new information in 3 consecutive turns"", ""trace"": [{""iteration"": 1, ""action"": ""best_ONLY_CWT_rf"", ""confidence"": 0.4881, ""probability_of_chosen"": 0.593, ""probabilities"": {""mean_pool_full"": 0.0012, ""median_pool_full"": 0.1097, ""trimmed_mean_pool_full"": 0.0146, ""mean_pool1"": 0.0082, ""median_pool1"": 0.0144, ""trimmed_mean_pool1"": 0.0075, ""mean_pool2"": 0.0024, ""median_pool2"": 0.1571, ""trimmed_mean_pool2"": 0.0241, ""mean_pool3"": 0.0006, ""median_pool3"": 0.04, ""trimmed_mean_pool3"": 0.0123, ""best_ONLY_CWT_rf"": 0.593, ""best_DWT_rf"": 0.0077, ""best_FT_catboost"": 0.003, ""accept"": 0.0042}, ""input_tokens"": 1556, ""score"": 0.5823, ""rank"": 1, ""already_tested"": false}, {""iteration"": 2, ""action"": ""median_pool1"", ""confidence"": 0.5947, ""probability_of_chosen"": 0.6526, ""probabilities"": {""mean_pool_full"": 0.0005, ""median_pool_full"": 0.0025, ""trimmed_mean_pool_full"": 0.0386, ""mean_pool4"": 0.0165, ""median_pool4"": 0.0047, ""trimmed_mean_pool4"": 0.0011, ""mean_pool1"": 0.001, ""median_pool1"": 0.6526, ""trimmed_mean_pool1"": 0.0013, ""mean_pool2"": 0.0025, ""median_pool2"": 0.0357, ""trimmed_mean_pool2"": 0.0123, ""best_ONLY_CWT_rf"": 0.2186, ""best_DWT_rf"": 0.0076, ""best_FT_catboost"": 0.0016, ""accept"": 0.0028}, ""input_tokens"": 1560, ""score"": 0.6596, ""rank"": 3, ""already_tested"": false}, {""iteration"": 3, ""action"": ""best_ONLY_CWT_rf"", ""confidence"": 0.2849, ""probability_of_chosen"": 0.2975, ""probabilities"": {""mean_pool_full"": 0.0005, ""median_pool_full"": 0.0124, ""trimmed_mean_pool_full"": 0.0936, ""mean_pool4"": 0.0013, ""median_pool4"": 0.0092, ""trimmed_mean_pool4"": 0.017, ""mean_pool1"": 0.0018, ""median_pool1"": 0.2045, ""trimmed_mean_pool1"": 0.0604, ""mean_pool2"": 0.0012, ""median_pool2"": 0.1112, ""trimmed_mean_pool2"": 0.1362, ""best_ONLY_CWT_rf"": 0.2975, ""best_DWT_rf"": 0.0415, ""best_FT_catboost"": 0.0039, ""accept"": 0.0079}, ""input_tokens"": 1560, ""score"": 0.5823, ""rank"": 1, ""already_tested"": true}, {""iteration"": 4, ""action"": ""best_ONLY_CWT_rf"", ""confidence"": 0.2849, ""probability_of_chosen"": 0.2975, ""probabilities"": {""mean_pool_full"": 0.0005, ""median_pool_full"": 0.0124, ""trimmed_mean_pool_full"": 0.0936, ""mean_pool4"": 0.0013, ""median_pool4"": 0.0092, ""trimmed_mean_pool4"": 0.017, ""mean_pool1"": 0.0018, ""median_pool1"": 0.2045, ""trimmed_mean_pool1"": 0.0604, ""mean_pool2"": 0.0012, ""median_pool2"": 0.1112, ""trimmed_mean_pool2"": 0.1362, ""best_ONLY_CWT_rf"": 0.2975, ""best_DWT_rf"": 0.0415, ""best_FT_catboost"": 0.0039, ""accept"": 0.0079}, ""input_tokens"": 1560, ""score"": 0.5823, ""rank"": 1, ""already_tested"": true}, {""iteration"": 5, ""action"": ""best_ONLY_CWT_rf"", ""confidence"": 0.2849, ""probability_of_chosen"": 0.2975, ""probabilities"": {""mean_pool_full"": 0.0005, ""median_pool_full"": 0.0124, ""trimmed_mean_pool_full"": 0.0936, ""mean_pool4"": 0.0013, ""median_pool4"": 0.0092, ""trimmed_mean_pool4"": 0.017, ""mean_pool1"": 0.0018, ""median_pool1"": 0.2045, ""trimmed_mean_pool1"": 0.0604, ""mean_pool2"": 0.0012, ""median_pool2"": 0.1112, ""trimmed_mean_pool2"": 0.1362, ""best_ONLY_CWT_rf"": 0.2975, ""best_DWT_rf"": 0.0415, ""best_FT_catboost"": 0.0039, ""accept"": 0.0079}, ""input_tokens"": 1560, ""score"": 0.5823, ""rank"": 1, ""already_tested"": true}]}, ""score"": 0.5823}";agent;5;no new information in 3 consecutive turns;0.30265875297755646;7055.130313627722;laya_multilingual_laya_v0_ml8192
62;12;orchestrator_laya_laya_v0_ml8192;0.10673498251248831;36.36363636363637;0.10005843656310953;14267.599817972734;0.10005839780215535;12925.141863900826;[[138796.33, 123804.094, 110478.71, 119728.655, 122362.019, 124794.3, 118882.897, 129323.157, 124869.147, 122214.4, 132626.3, 123962.85]];[[138013.3835308829, 131913.5205220217, 136513.0699586163, 136841.15771012474, 136548.93665045893, 136548.93665045893, 136548.93665045893, 136548.93665045893, 136548.93665045893, 139139.93969230205, 144216.87593494338, 135996.03782739]];2023-12-31 00:00:00;2024-11-30 00:00:00;"{""strategy"": {""combine"": ""dba"", ""pool"": ""pool_full"", ""dba_max_iter"": 30}, ""origin"": ""baseline"", ""loop"": {""final_attempt"": ""a3"", ""strategy"": {""combine"": ""dba"", ""pool"": ""pool_full"", ""dba_max_iter"": 30}, ""iterations_used"": 4, ""stop_reason"": ""no new information in 3 consecutive turns"", ""trace"": [{""iteration"": 1, ""action"": ""best_ONLY_DWT_catboost"", ""confidence"": 0.9883, ""probability_of_chosen"": 0.9962, ""probabilities"": {""mean_pool_full"": 0.0, ""median_pool_full"": 0.0, ""trimmed_mean_pool_full"": 0.0008, ""mean_pool1"": 0.0001, ""median_pool1"": 0.0, ""trimmed_mean_pool1"": 0.0003, ""mean_pool2"": 0.0001, ""median_pool2"": 0.0007, ""trimmed_mean_pool2"": 0.0004, ""mean_pool3"": 0.0, ""median_pool3"": 0.0004, ""trimmed_mean_pool3"": 0.0008, ""best_ONLY_DWT_catboost"": 0.9962, ""best_THETA"": 0.0, ""best_ETS"": 0.0, ""accept"": 0.0002}, ""input_tokens"": 1633, ""score"": 0.6809, ""rank"": 4, ""already_tested"": false}, {""iteration"": 2, ""action"": ""best_ONLY_DWT_catboost"", ""confidence"": 0.994, ""probability_of_chosen"": 0.9982, ""probabilities"": {""mean_pool_full"": 0.0, ""median_pool_full"": 0.0, ""trimmed_mean_pool_full"": 0.0009, ""mean_pool4"": 0.0, ""median_pool4"": 0.0, ""trimmed_mean_pool4"": 0.0, ""mean_pool1"": 0.0, ""median_pool1"": 0.0001, ""trimmed_mean_pool1"": 0.0002, ""mean_pool2"": 0.0001, ""median_pool2"": 0.0002, ""trimmed_mean_pool2"": 0.0001, ""best_ONLY_DWT_catboost"": 0.9982, ""best_THETA"": 0.0, ""best_ETS"": 0.0, ""accept"": 0.0002}, ""input_tokens"": 1639, ""score"": 0.6809, ""rank"": 4, ""already_tested"": true}, {""iteration"": 3, ""action"": ""best_ONLY_DWT_catboost"", ""confidence"": 0.994, ""probability_of_chosen"": 0.9982, ""probabilities"": {""mean_pool_full"": 0.0, ""median_pool_full"": 0.0, ""trimmed_mean_pool_full"": 0.0009, ""mean_pool4"": 0.0, ""median_pool4"": 0.0, ""trimmed_mean_pool4"": 0.0, ""mean_pool1"": 0.0, ""median_pool1"": 0.0001, ""trimmed_mean_pool1"": 0.0002, ""mean_pool2"": 0.0001, ""median_pool2"": 0.0002, ""trimmed_mean_pool2"": 0.0001, ""best_ONLY_DWT_catboost"": 0.9982, ""best_THETA"": 0.0, ""best_ETS"": 0.0, ""accept"": 0.0002}, ""input_tokens"": 1639, ""score"": 0.6809, ""rank"": 4, ""already_tested"": true}, {""iteration"": 4, ""action"": ""best_ONLY_DWT_catboost"", ""confidence"": 0.994, ""probability_of_chosen"": 0.9982, ""probabilities"": {""mean_pool_full"": 0.0, ""median_pool_full"": 0.0, ""trimmed_mean_pool_full"": 0.0009, ""mean_pool4"": 0.0, ""median_pool4"": 0.0, ""trimmed_mean_pool4"": 0.0, ""mean_pool1"": 0.0, ""median_pool1"": 0.0001, ""trimmed_mean_pool1"": 0.0002, ""mean_pool2"": 0.0001, ""median_pool2"": 0.0002, ""trimmed_mean_pool2"": 0.0001, ""best_ONLY_DWT_catboost"": 0.9982, ""best_THETA"": 0.0, ""best_ETS"": 0.0, ""accept"": 0.0002}, ""input_tokens"": 1639, ""score"": 0.6809, ""rank"": 4, ""already_tested"": true}]}, ""score"": 0.671}";baseline;4;no new information in 3 consecutive turns;0.10005843656310953;14267.599817972734;laya_multilingual_laya_v0_ml8192
63;12;orchestrator_laya_laya_v0_ml8192;0.2577389594959663;36.36363636363637;0.2983542849219052;4232.142065272111;0.29835319170900043;4079.022923930501;[[15634.08, 17200.0, 16449.848, 16324.148, 15905.83, 15920.73, 14525.96, 15071.8, 13826.82, 13194.53, 16217.148, 16792.35]];[[12347.526835012, 11735.19897471, 11639.524262585997, 11798.23574475, 11286.276852168, 10835.685334048001, 11059.237565966, 11229.083828144, 11424.885143275998, 11529.803674293998, 11712.171369204, 11517.339328676]];2023-12-31 00:00:00;2024-11-30 00:00:00;"{""strategy"": {""combine"": ""trimmed_mean"", ""pool"": ""pool2"", ""trim_pct"": 0.2}, ""origin"": ""baseline"", ""loop"": {""final_attempt"": ""a7"", ""strategy"": {""combine"": ""trimmed_mean"", ""pool"": ""pool2"", ""trim_pct"": 0.2}, ""iterations_used"": 4, ""stop_reason"": ""no new information in 3 consecutive turns"", ""trace"": [{""iteration"": 1, ""action"": ""best_NaiveMovingAverage"", ""confidence"": 0.814, ""probability_of_chosen"": 0.8844, ""probabilities"": {""mean_pool_full"": 0.0003, ""median_pool_full"": 0.0007, ""trimmed_mean_pool_full"": 0.0097, ""mean_pool1"": 0.0003, ""median_pool1"": 0.0002, ""trimmed_mean_pool1"": 0.0031, ""mean_pool2"": 0.0017, ""median_pool2"": 0.0184, ""trimmed_mean_pool2"": 0.0715, ""mean_pool3"": 0.0001, ""median_pool3"": 0.0018, ""trimmed_mean_pool3"": 0.0035, ""best_ARIMA"": 0.0003, ""best_NaiveMovingAverage"": 0.8844, ""best_CWT_catboost"": 0.0018, ""accept"": 0.0023}, ""input_tokens"": 1625, ""score"": 0.5313, ""rank"": 3, ""already_tested"": false}, {""iteration"": 2, ""action"": ""best_NaiveMovingAverage"", ""confidence"": 0.3269, ""probability_of_chosen"": 0.2726, ""probabilities"": {""mean_pool_full"": 0.0006, ""median_pool_full"": 0.0054, ""trimmed_mean_pool_full"": 0.1018, ""mean_pool4"": 0.0008, ""median_pool4"": 0.0008, ""trimmed_mean_pool4"": 0.0167, ""mean_pool1"": 0.0016, ""median_pool1"": 0.0288, ""trimmed_mean_pool1"": 0.2601, ""mean_pool2"": 0.0034, ""median_pool2"": 0.1459, ""trimmed_mean_pool2"": 0.1267, ""best_ARIMA"": 0.002, ""best_NaiveMovingAverage"": 0.2726, ""best_CWT_catboost"": 0.0077, ""accept"": 0.0251}, ""input_tokens"": 1626, ""score"": 0.5313, ""rank"": 3, ""already_tested"": true}, {""iteration"": 3, ""action"": ""best_NaiveMovingAverage"", ""confidence"": 0.3269, ""probability_of_chosen"": 0.2726, ""probabilities"": {""mean_pool_full"": 0.0006, ""median_pool_full"": 0.0054, ""trimmed_mean_pool_full"": 0.1018, ""mean_pool4"": 0.0008, ""median_pool4"": 0.0008, ""trimmed_mean_pool4"": 0.0167, ""mean_pool1"": 0.0016, ""median_pool1"": 0.0288, ""trimmed_mean_pool1"": 0.2601, ""mean_pool2"": 0.0034, ""median_pool2"": 0.1459, ""trimmed_mean_pool2"": 0.1267, ""best_ARIMA"": 0.002, ""best_NaiveMovingAverage"": 0.2726, ""best_CWT_catboost"": 0.0077, ""accept"": 0.0251}, ""input_tokens"": 1626, ""score"": 0.5313, ""rank"": 3, ""already_tested"": true}, {""iteration"": 4, ""action"": ""best_NaiveMovingAverage"", ""confidence"": 0.3269, ""probability_of_chosen"": 0.2726, ""probabilities"": {""mean_pool_full"": 0.0006, ""median_pool_full"": 0.0054, ""trimmed_mean_pool_full"": 0.1018, ""mean_pool4"": 0.0008, ""median_pool4"": 0.0008, ""trimmed_mean_pool4"": 0.0167, ""mean_pool1"": 0.0016, ""median_pool1"": 0.0288, ""trimmed_mean_pool1"": 0.2601, ""mean_pool2"": 0.0034, ""median_pool2"": 0.1459, ""trimmed_mean_pool2"": 0.1267, ""best_ARIMA"": 0.002, ""best_NaiveMovingAverage"": 0.2726, ""best_CWT_catboost"": 0.0077, ""accept"": 0.0251}, ""input_tokens"": 1626, ""score"": 0.5313, ""rank"": 3, ""already_tested"": true}]}, ""score"": 0.5225}";baseline;4;no new information in 3 consecutive turns;0.2983542849219052;4232.142065272111;laya_multilingual_laya_v0_ml8192
64;12;orchestrator_laya_laya_v0_ml8192;0.6124077195913392;90.9090909090909;0.4974836615851328;29.451372741577114;0.49691099593067695;24.999325924999997;[[83.73, 13.8, 41.8, 55.15, 13.76, 41.74, 74.31, 69.81, 107.34, 70.4, 56.46, 80.08]];[[51.16249309, 48.44651603, 38.35945089, 45.45105615, 37.32765717, 40.42789735, 41.47784172, 35.24635374, 48.79179253, 45.07208859, 44.64072373, 48.41256431]];2023-12-31 00:00:00;2024-11-30 00:00:00;"{""strategy"": {""combine"": ""best_single"", ""model"": ""ONLY_DWT_rf"", ""pool"": ""pool_full""}, ""origin"": ""agent"", ""loop"": {""final_attempt"": ""a10"", ""strategy"": {""combine"": ""best_single"", ""model"": ""ONLY_DWT_rf"", ""pool"": ""pool_full""}, ""iterations_used"": 4, ""stop_reason"": ""no new information in 3 consecutive turns"", ""trace"": [{""iteration"": 1, ""action"": ""best_ONLY_DWT_rf"", ""confidence"": 0.3185, ""probability_of_chosen"": 0.3399, ""probabilities"": {""mean_pool_full"": 0.0013, ""median_pool_full"": 0.0846, ""trimmed_mean_pool_full"": 0.1709, ""mean_pool1"": 0.0013, ""median_pool1"": 0.0176, ""trimmed_mean_pool1"": 0.0037, ""mean_pool2"": 0.0019, ""median_pool2"": 0.2161, ""trimmed_mean_pool2"": 0.0626, ""mean_pool3"": 0.0006, ""median_pool3"": 0.0245, ""trimmed_mean_pool3"": 0.0075, ""best_DWT_rf"": 0.0207, ""best_ONLY_DWT_rf"": 0.3399, ""best_ONLY_DWT_catboost"": 0.0293, ""accept"": 0.0175}, ""input_tokens"": 1537, ""score"": 0.6147, ""rank"": 1, ""already_tested"": false}, {""iteration"": 2, ""action"": ""best_ONLY_DWT_rf"", ""confidence"": 0.289, ""probability_of_chosen"": 0.2559, ""probabilities"": {""mean_pool_full"": 0.0004, ""median_pool_full"": 0.0344, ""trimmed_mean_pool_full"": 0.2223, ""mean_pool4"": 0.0004, ""median_pool4"": 0.0027, ""trimmed_mean_pool4"": 0.0029, ""mean_pool1"": 0.0014, ""median_pool1"": 0.1962, ""trimmed_mean_pool1"": 0.0987, ""mean_pool2"": 0.0004, ""median_pool2"": 0.0502, ""trimmed_mean_pool2"": 0.0158, ""best_DWT_rf"": 0.0756, ""best_ONLY_DWT_rf"": 0.2559, ""best_ONLY_DWT_catboost"": 0.028, ""accept"": 0.0147}, ""input_tokens"": 1545, ""score"": 0.6147, ""rank"": 1, ""already_tested"": true}, {""iteration"": 3, ""action"": ""best_ONLY_DWT_rf"", ""confidence"": 0.289, ""probability_of_chosen"": 0.2559, ""probabilities"": {""mean_pool_full"": 0.0004, ""median_pool_full"": 0.0344, ""trimmed_mean_pool_full"": 0.2223, ""mean_pool4"": 0.0004, ""median_pool4"": 0.0027, ""trimmed_mean_pool4"": 0.0029, ""mean_pool1"": 0.0014, ""median_pool1"": 0.1962, ""trimmed_mean_pool1"": 0.0987, ""mean_pool2"": 0.0004, ""median_pool2"": 0.0502, ""trimmed_mean_pool2"": 0.0158, ""best_DWT_rf"": 0.0756, ""best_ONLY_DWT_rf"": 0.2559, ""best_ONLY_DWT_catboost"": 0.028, ""accept"": 0.0147}, ""input_tokens"": 1545, ""score"": 0.6147, ""rank"": 1, ""already_tested"": true}, {""iteration"": 4, ""action"": ""best_ONLY_DWT_rf"", ""confidence"": 0.289, ""probability_of_chosen"": 0.2559, ""probabilities"": {""mean_pool_full"": 0.0004, ""median_pool_full"": 0.0344, ""trimmed_mean_pool_full"": 0.2223, ""mean_pool4"": 0.0004, ""median_pool4"": 0.0027, ""trimmed_mean_pool4"": 0.0029, ""mean_pool1"": 0.0014, ""median_pool1"": 0.1962, ""trimmed_mean_pool1"": 0.0987, ""mean_pool2"": 0.0004, ""median_pool2"": 0.0502, ""trimmed_mean_pool2"": 0.0158, ""best_DWT_rf"": 0.0756, ""best_ONLY_DWT_rf"": 0.2559, ""best_ONLY_DWT_catboost"": 0.028, ""accept"": 0.0147}, ""input_tokens"": 1545, ""score"": 0.6147, ""rank"": 1, ""already_tested"": true}]}, ""score"": 0.6147}";agent;4;no new information in 3 consecutive turns;0.45198879585069424;27.958330579364876;laya_multilingual_laya_v0_ml8192
65;12;orchestrator_laya_laya_v0_ml8192;0.10867243487869342;72.72727272727273;0.10156467016982414;9227.901656408872;0.10156460802416478;8317.265755859167;[[88125.437, 72615.4, 67487.6, 78543.5, 82001.3, 85101.9, 75608.6, 77398.207, 84324.8, 78249.6, 82389.9, 81522.1]];[[90225.12425080668, 82961.74604705667, 84390.64304444334, 89037.19647953333, 86940.52490197333, 89143.69616151667, 88047.39995144332, 87068.92888724, 89660.81186355332, 88837.84693466335, 89624.64661225, 87236.96793583]];2023-12-31 00:00:00;2024-11-30 00:00:00;"{""strategy"": {""combine"": ""trimmed_mean"", ""pool"": ""pool1"", ""trim_pct"": 0.2}, ""origin"": ""baseline"", ""loop"": {""final_attempt"": ""a5"", ""strategy"": {""combine"": ""trimmed_mean"", ""pool"": ""pool1"", ""trim_pct"": 0.2}, ""iterations_used"": 4, ""stop_reason"": ""no new information in 3 consecutive turns"", ""trace"": [{""iteration"": 1, ""action"": ""median_pool2"", ""confidence"": 0.6328, ""probability_of_chosen"": 0.763, ""probabilities"": {""mean_pool_full"": 0.0005, ""median_pool_full"": 0.0084, ""trimmed_mean_pool_full"": 0.0381, ""mean_pool1"": 0.0007, ""median_pool1"": 0.002, ""trimmed_mean_pool1"": 0.0112, ""mean_pool2"": 0.0011, ""median_pool2"": 0.763, ""trimmed_mean_pool2"": 0.0348, ""mean_pool3"": 0.0005, ""median_pool3"": 0.075, ""trimmed_mean_pool3"": 0.0119, ""best_ETS"": 0.0026, ""best_THETA"": 0.0014, ""best_FT_catboost"": 0.0126, ""accept"": 0.0361}, ""input_tokens"": 1595, ""score"": 0.6482, ""rank"": 4, ""already_tested"": false}, {""iteration"": 2, ""action"": ""median_pool2"", ""confidence"": 0.7847, ""probability_of_chosen"": 0.8551, ""probabilities"": {""mean_pool_full"": 0.0001, ""median_pool_full"": 0.0181, ""trimmed_mean_pool_full"": 0.013, ""mean_pool4"": 0.0001, ""median_pool4"": 0.0015, ""trimmed_mean_pool4"": 0.0004, ""mean_pool1"": 0.0001, ""median_pool1"": 0.0945, ""trimmed_mean_pool1"": 0.0038, ""mean_pool2"": 0.0004, ""median_pool2"": 0.8551, ""trimmed_mean_pool2"": 0.0029, ""best_ETS"": 0.0004, ""best_THETA"": 0.0003, ""best_FT_catboost"": 0.0022, ""accept"": 0.0071}, ""input_tokens"": 1595, ""score"": 0.6482, ""rank"": 4, ""already_tested"": true}, {""iteration"": 3, ""action"": ""median_pool2"", ""confidence"": 0.7847, ""probability_of_chosen"": 0.8551, ""probabilities"": {""mean_pool_full"": 0.0001, ""median_pool_full"": 0.0181, ""trimmed_mean_pool_full"": 0.013, ""mean_pool4"": 0.0001, ""median_pool4"": 0.0015, ""trimmed_mean_pool4"": 0.0004, ""mean_pool1"": 0.0001, ""median_pool1"": 0.0945, ""trimmed_mean_pool1"": 0.0038, ""mean_pool2"": 0.0004, ""median_pool2"": 0.8551, ""trimmed_mean_pool2"": 0.0029, ""best_ETS"": 0.0004, ""best_THETA"": 0.0003, ""best_FT_catboost"": 0.0022, ""accept"": 0.0071}, ""input_tokens"": 1595, ""score"": 0.6482, ""rank"": 4, ""already_tested"": true}, {""iteration"": 4, ""action"": ""median_pool2"", ""confidence"": 0.7847, ""probability_of_chosen"": 0.8551, ""probabilities"": {""mean_pool_full"": 0.0001, ""median_pool_full"": 0.0181, ""trimmed_mean_pool_full"": 0.013, ""mean_pool4"": 0.0001, ""median_pool4"": 0.0015, ""trimmed_mean_pool4"": 0.0004, ""mean_pool1"": 0.0001, ""median_pool1"": 0.0945, ""trimmed_mean_pool1"": 0.0038, ""mean_pool2"": 0.0004, ""median_pool2"": 0.8551, ""trimmed_mean_pool2"": 0.0029, ""best_ETS"": 0.0004, ""best_THETA"": 0.0003, ""best_FT_catboost"": 0.0022, ""accept"": 0.0071}, ""input_tokens"": 1595, ""score"": 0.6482, ""rank"": 4, ""already_tested"": true}]}, ""score"": 0.5831}";baseline;4;no new information in 3 consecutive turns;0.10156467016982414;9227.901656408872;laya_multilingual_laya_v0_ml8192
66;12;orchestrator_laya_laya_v0_ml8192;0.7596453884030415;45.45454545454545;0.44565215222460636;25360.269605804;0.4456516477680699;19883.963933005394;[[62506.095, 60127.165, 62142.574, 58300.1, 52364.57, 43733.129, 38847.405, 30985.119, 26496.988, 25245.033, 22303.185, 18078.577]];[[60992.25537240052, 60901.603827416846, 61287.26442158684, 61768.0694565979, 61275.04852988105, 61319.21026494631, 60997.06471757158, 61030.23148417316, 61196.36717475843, 61233.59120378789, 61599.06400118789, 61399.43832973103]];2023-12-31 00:00:00;2024-11-30 00:00:00;"{""strategy"": {""combine"": ""mean"", ""pool"": ""pool_full""}, ""origin"": ""baseline"", ""loop"": {""final_attempt"": ""a1"", ""strategy"": {""combine"": ""mean"", ""pool"": ""pool_full""}, ""iterations_used"": 4, ""stop_reason"": ""no new information in 3 consecutive turns"", ""trace"": [{""iteration"": 1, ""action"": ""median_pool2"", ""confidence"": 0.5818, ""probability_of_chosen"": 0.6937, ""probabilities"": {""mean_pool_full"": 0.0019, ""median_pool_full"": 0.0145, ""trimmed_mean_pool_full"": 0.0543, ""mean_pool1"": 0.0033, ""median_pool1"": 0.0032, ""trimmed_mean_pool1"": 0.0024, ""mean_pool2"": 0.0048, ""median_pool2"": 0.6937, ""trimmed_mean_pool2"": 0.0059, ""mean_pool3"": 0.0007, ""median_pool3"": 0.15, ""trimmed_mean_pool3"": 0.0044, ""best_FT_rf"": 0.021, ""best_FT_catboost"": 0.0134, ""best_ONLY_CWT_catboost"": 0.0137, ""accept"": 0.0127}, ""input_tokens"": 1592, ""score"": 0.7297, ""rank"": 5, ""already_tested"": false}, {""iteration"": 2, ""action"": ""median_pool2"", ""confidence"": 0.8001, ""probability_of_chosen"": 0.8947, ""probabilities"": {""mean_pool_full"": 0.0004, ""median_pool_full"": 0.0095, ""trimmed_mean_pool_full"": 0.0055, ""mean_pool4"": 0.0007, ""median_pool4"": 0.0013, ""trimmed_mean_pool4"": 0.0004, ""mean_pool1"": 0.0008, ""median_pool1"": 0.0318, ""trimmed_mean_pool1"": 0.0027, ""mean_pool2"": 0.0004, ""median_pool2"": 0.8947, ""trimmed_mean_pool2"": 0.0012, ""best_FT_rf"": 0.0087, ""best_FT_catboost"": 0.0144, ""best_ONLY_CWT_catboost"": 0.0165, ""accept"": 0.011}, ""input_tokens"": 1592, ""score"": 0.7297, ""rank"": 5, ""already_tested"": true}, {""iteration"": 3, ""action"": ""median_pool2"", ""confidence"": 0.8001, ""probability_of_chosen"": 0.8947, ""probabilities"": {""mean_pool_full"": 0.0004, ""median_pool_full"": 0.0095, ""trimmed_mean_pool_full"": 0.0055, ""mean_pool4"": 0.0007, ""median_pool4"": 0.0013, ""trimmed_mean_pool4"": 0.0004, ""mean_pool1"": 0.0008, ""median_pool1"": 0.0318, ""trimmed_mean_pool1"": 0.0027, ""mean_pool2"": 0.0004, ""median_pool2"": 0.8947, ""trimmed_mean_pool2"": 0.0012, ""best_FT_rf"": 0.0087, ""best_FT_catboost"": 0.0144, ""best_ONLY_CWT_catboost"": 0.0165, ""accept"": 0.011}, ""input_tokens"": 1592, ""score"": 0.7297, ""rank"": 5, ""already_tested"": true}, {""iteration"": 4, ""action"": ""median_pool2"", ""confidence"": 0.8001, ""probability_of_chosen"": 0.8947, ""probabilities"": {""mean_pool_full"": 0.0004, ""median_pool_full"": 0.0095, ""trimmed_mean_pool_full"": 0.0055, ""mean_pool4"": 0.0007, ""median_pool4"": 0.0013, ""trimmed_mean_pool4"": 0.0004, ""mean_pool1"": 0.0008, ""median_pool1"": 0.0318, ""trimmed_mean_pool1"": 0.0027, ""mean_pool2"": 0.0004, ""median_pool2"": 0.8947, ""trimmed_mean_pool2"": 0.0012, ""best_FT_rf"": 0.0087, ""best_FT_catboost"": 0.0144, ""best_ONLY_CWT_catboost"": 0.0165, ""accept"": 0.011}, ""input_tokens"": 1592, ""score"": 0.7297, ""rank"": 5, ""already_tested"": true}]}, ""score"": 0.6848}";baseline;4;no new information in 3 consecutive turns;0.44565215222460636;25360.269605804;laya_multilingual_laya_v0_ml8192
67;12;orchestrator_laya_laya_v0_ml8192;0.048694834869950014;54.54545454545455;0.04726684860387847;932.8978946700194;0.04726669596480714;733.0879017231761;[[16393.7, 15576.6, 13753.3, 15170.6, 15824.6, 15425.0, 14275.4, 15581.925, 16151.9, 16349.6, 17307.55, 15133.695]];[[15977.714564506256, 15195.326874611175, 15736.031516211908, 15909.919708456191, 15846.40882004684, 16349.772770952592, 15909.532678743686, 15876.659668570528, 16334.056194433953, 16040.231532060458, 16152.1656545425, 15889.082088982801]];2023-12-31 00:00:00;2024-11-30 00:00:00;"{""strategy"": {""combine"": ""dba"", ""pool"": ""pool_full"", ""dba_max_iter"": 30}, ""origin"": ""baseline"", ""loop"": {""final_attempt"": ""a3"", ""strategy"": {""combine"": ""dba"", ""pool"": ""pool_full"", ""dba_max_iter"": 30}, ""iterations_used"": 5, ""stop_reason"": ""no new information in 3 consecutive turns"", ""trace"": [{""iteration"": 1, ""action"": ""median_pool2"", ""confidence"": 0.5792, ""probability_of_chosen"": 0.6911, ""probabilities"": {""mean_pool_full"": 0.0002, ""median_pool_full"": 0.0368, ""trimmed_mean_pool_full"": 0.0327, ""mean_pool1"": 0.0011, ""median_pool1"": 0.0037, ""trimmed_mean_pool1"": 0.0042, ""mean_pool2"": 0.0023, ""median_pool2"": 0.6911, ""trimmed_mean_pool2"": 0.0231, ""mean_pool3"": 0.0004, ""median_pool3"": 0.0079, ""trimmed_mean_pool3"": 0.0257, ""best_THETA"": 0.013, ""best_ETS"": 0.0004, ""best_FT_rf"": 0.1471, ""accept"": 0.0102}, ""input_tokens"": 1566, ""score"": 0.773, ""rank"": 7, ""already_tested"": false}, {""iteration"": 2, ""action"": ""trimmed_mean_pool_full"", ""confidence"": 0.2861, ""probability_of_chosen"": 0.2077, ""probabilities"": {""mean_pool_full"": 0.0004, ""median_pool_full"": 0.0752, ""trimmed_mean_pool_full"": 0.2077, ""mean_pool4"": 0.0006, ""median_pool4"": 0.006, ""trimmed_mean_pool4"": 0.005, ""mean_pool1"": 0.0038, ""median_pool1"": 0.1461, ""trimmed_mean_pool1"": 0.0318, ""mean_pool2"": 0.0016, ""median_pool2"": 0.2077, ""trimmed_mean_pool2"": 0.0846, ""best_THETA"": 0.0103, ""best_ETS"": 0.0005, ""best_FT_rf"": 0.2045, ""accept"": 0.0143}, ""input_tokens"": 1566, ""score"": 0.6651, ""rank"": 2, ""already_tested"": false}, {""iteration"": 3, ""action"": ""trimmed_mean_pool2"", ""confidence"": 0.219, ""probability_of_chosen"": 0.1998, ""probabilities"": {""mean_pool_full"": 0.0003, ""median_pool_full"": 0.0438, ""trimmed_mean_pool_full"": 0.1581, ""mean_pool4"": 0.0037, ""median_pool4"": 0.0735, ""trimmed_mean_pool4"": 0.0143, ""mean_pool1"": 0.0016, ""median_pool1"": 0.1474, ""trimmed_mean_pool1"": 0.128, ""mean_pool2"": 0.0035, ""median_pool2"": 0.1395, ""trimmed_mean_pool2"": 0.1998, ""best_THETA"": 0.0052, ""best_ETS"": 0.0004, ""best_FT_rf"": 0.0477, ""accept"": 0.0331}, ""input_tokens"": 1571, ""score"": 0.7981, ""rank"": 9, ""already_tested"": true}, {""iteration"": 4, ""action"": ""trimmed_mean_pool2"", ""confidence"": 0.219, ""probability_of_chosen"": 0.1998, ""probabilities"": {""mean_pool_full"": 0.0003, ""median_pool_full"": 0.0438, ""trimmed_mean_pool_full"": 0.1581, ""mean_pool4"": 0.0037, ""median_pool4"": 0.0735, ""trimmed_mean_pool4"": 0.0143, ""mean_pool1"": 0.0016, ""median_pool1"": 0.1474, ""trimmed_mean_pool1"": 0.128, ""mean_pool2"": 0.0035, ""median_pool2"": 0.1395, ""trimmed_mean_pool2"": 0.1998, ""best_THETA"": 0.0052, ""best_ETS"": 0.0004, ""best_FT_rf"": 0.0477, ""accept"": 0.0331}, ""input_tokens"": 1571, ""score"": 0.7981, ""rank"": 9, ""already_tested"": true}, {""iteration"": 5, ""action"": ""trimmed_mean_pool2"", ""confidence"": 0.219, ""probability_of_chosen"": 0.1998, ""probabilities"": {""mean_pool_full"": 0.0003, ""median_pool_full"": 0.0438, ""trimmed_mean_pool_full"": 0.1581, ""mean_pool4"": 0.0037, ""median_pool4"": 0.0735, ""trimmed_mean_pool4"": 0.0143, ""mean_pool1"": 0.0016, ""median_pool1"": 0.1474, ""trimmed_mean_pool1"": 0.128, ""mean_pool2"": 0.0035, ""median_pool2"": 0.1395, ""trimmed_mean_pool2"": 0.1998, ""best_THETA"": 0.0052, ""best_ETS"": 0.0004, ""best_FT_rf"": 0.0477, ""accept"": 0.0331}, ""input_tokens"": 1571, ""score"": 0.7981, ""rank"": 9, ""already_tested"": true}]}, ""score"": 0.6648}";baseline;5;no new information in 3 consecutive turns;0.04726684860387847;932.8978946700194;laya_multilingual_laya_v0_ml8192
68;12;orchestrator_laya_laya_v0_ml8192;0.15803923938008943;72.72727272727273;0.1450120009411871;9765.755989017218;0.1450118869998189;9236.043446517637;[[70869.45, 59991.494, 53150.349, 59699.65, 59351.85, 58827.503, 55682.753, 60029.066, 60152.785, 58218.356, 62917.728, 59926.784]];[[72184.30629991423, 67099.39717405844, 67113.70309493106, 68631.32338540527, 68210.4866096242, 70185.32618563948, 68022.08486997159, 69347.27490920422, 70630.20698092158, 70362.42263007106, 69782.60598520315, 68081.15123326737]];2023-12-31 00:00:00;2024-11-30 00:00:00;"{""strategy"": {""combine"": ""mean"", ""pool"": ""pool_full""}, ""origin"": ""baseline"", ""loop"": {""final_attempt"": ""a1"", ""strategy"": {""combine"": ""mean"", ""pool"": ""pool_full""}, ""iterations_used"": 4, ""stop_reason"": ""no new information in 3 consecutive turns"", ""trace"": [{""iteration"": 1, ""action"": ""best_ONLY_FT_rf"", ""confidence"": 0.913, ""probability_of_chosen"": 0.9583, ""probabilities"": {""mean_pool_full"": 0.0, ""median_pool_full"": 0.008, ""trimmed_mean_pool_full"": 0.0006, ""mean_pool1"": 0.0001, ""median_pool1"": 0.0003, ""trimmed_mean_pool1"": 0.0007, ""mean_pool2"": 0.0003, ""median_pool2"": 0.0196, ""trimmed_mean_pool2"": 0.0037, ""mean_pool3"": 0.0, ""median_pool3"": 0.0054, ""trimmed_mean_pool3"": 0.0016, ""best_THETA"": 0.0001, ""best_ETS"": 0.0, ""best_ONLY_FT_rf"": 0.9583, ""accept"": 0.0011}, ""input_tokens"": 1607, ""score"": 0.7698, ""rank"": 6, ""already_tested"": false}, {""iteration"": 2, ""action"": ""best_ONLY_FT_rf"", ""confidence"": 0.9788, ""probability_of_chosen"": 0.9919, ""probabilities"": {""mean_pool_full"": 0.0, ""median_pool_full"": 0.0006, ""trimmed_mean_pool_full"": 0.0033, ""mean_pool4"": 0.0, ""median_pool4"": 0.0001, ""trimmed_mean_pool4"": 0.0, ""mean_pool1"": 0.0, ""median_pool1"": 0.0005, ""trimmed_mean_pool1"": 0.0001, ""mean_pool2"": 0.0, ""median_pool2"": 0.003, ""trimmed_mean_pool2"": 0.0001, ""best_THETA"": 0.0, ""best_ETS"": 0.0, ""best_ONLY_FT_rf"": 0.9919, ""accept"": 0.0004}, ""input_tokens"": 1605, ""score"": 0.7698, ""rank"": 6, ""already_tested"": true}, {""iteration"": 3, ""action"": ""best_ONLY_FT_rf"", ""confidence"": 0.9788, ""probability_of_chosen"": 0.9919, ""probabilities"": {""mean_pool_full"": 0.0, ""median_pool_full"": 0.0006, ""trimmed_mean_pool_full"": 0.0033, ""mean_pool4"": 0.0, ""median_pool4"": 0.0001, ""trimmed_mean_pool4"": 0.0, ""mean_pool1"": 0.0, ""median_pool1"": 0.0005, ""trimmed_mean_pool1"": 0.0001, ""mean_pool2"": 0.0, ""median_pool2"": 0.003, ""trimmed_mean_pool2"": 0.0001, ""best_THETA"": 0.0, ""best_ETS"": 0.0, ""best_ONLY_FT_rf"": 0.9919, ""accept"": 0.0004}, ""input_tokens"": 1605, ""score"": 0.7698, ""rank"": 6, ""already_tested"": true}, {""iteration"": 4, ""action"": ""best_ONLY_FT_rf"", ""confidence"": 0.9788, ""probability_of_chosen"": 0.9919, ""probabilities"": {""mean_pool_full"": 0.0, ""median_pool_full"": 0.0006, ""trimmed_mean_pool_full"": 0.0033, ""mean_pool4"": 0.0, ""median_pool4"": 0.0001, ""trimmed_mean_pool4"": 0.0, ""mean_pool1"": 0.0, ""median_pool1"": 0.0005, ""trimmed_mean_pool1"": 0.0001, ""mean_pool2"": 0.0, ""median_pool2"": 0.003, ""trimmed_mean_pool2"": 0.0001, ""best_THETA"": 0.0, ""best_ETS"": 0.0, ""best_ONLY_FT_rf"": 0.9919, ""accept"": 0.0004}, ""input_tokens"": 1605, ""score"": 0.7698, ""rank"": 6, ""already_tested"": true}]}, ""score"": 0.6545}";baseline;4;no new information in 3 consecutive turns;0.1450120009411871;9765.755989017218;laya_multilingual_laya_v0_ml8192
69;12;orchestrator_laya_laya_v0_ml8192;1.2997326966761917;81.81818181818181;0.9290685556321768;1635.2866597324637;0.9287151389060258;813.9403091700001;[[138.72, 124.25, 55.26, 41.54, 111.04, 13.83, 55.31, 27.54, 2971.69, 4560.32, 2178.03, 69.62]];[[105.54680861, 126.25468377, 96.73884023, 96.68851137, 103.80093273, 98.50928291, 120.05006732, 85.55004985, 94.88838064, 138.59498111, 119.48651463, 133.35989231]];2023-12-31 00:00:00;2024-11-30 00:00:00;"{""strategy"": {""combine"": ""best_single"", ""model"": ""ONLY_FT_rf"", ""pool"": ""pool_full""}, ""origin"": ""agent"", ""loop"": {""final_attempt"": ""a10"", ""strategy"": {""combine"": ""best_single"", ""model"": ""ONLY_FT_rf"", ""pool"": ""pool_full""}, ""iterations_used"": 4, ""stop_reason"": ""no new information in 3 consecutive turns"", ""trace"": [{""iteration"": 1, ""action"": ""best_ONLY_FT_rf"", ""confidence"": 1.0, ""probability_of_chosen"": 1.0, ""probabilities"": {""mean_pool_full"": 0.0, ""median_pool_full"": 0.0, ""trimmed_mean_pool_full"": 0.0, ""mean_pool1"": 0.0, ""median_pool1"": 0.0, ""trimmed_mean_pool1"": 0.0, ""mean_pool2"": 0.0, ""median_pool2"": 0.0, ""trimmed_mean_pool2"": 0.0, ""mean_pool3"": 0.0, ""median_pool3"": 0.0, ""trimmed_mean_pool3"": 0.0, ""best_ONLY_FT_rf"": 1.0, ""best_ARIMA"": 0.0, ""best_NaiveMovingAverage"": 0.0, ""accept"": 0.0}, ""input_tokens"": 1581, ""score"": 0.5607, ""rank"": 1, ""already_tested"": false}, {""iteration"": 2, ""action"": ""best_ONLY_FT_rf"", ""confidence"": 0.9578, ""probability_of_chosen"": 0.9823, ""probabilities"": {""mean_pool_full"": 0.0, ""median_pool_full"": 0.0007, ""trimmed_mean_pool_full"": 0.0019, ""mean_pool4"": 0.0, ""median_pool4"": 0.0007, ""trimmed_mean_pool4"": 0.0004, ""mean_pool1"": 0.0, ""median_pool1"": 0.0033, ""trimmed_mean_pool1"": 0.0003, ""mean_pool2"": 0.0002, ""median_pool2"": 0.0092, ""trimmed_mean_pool2"": 0.0005, ""best_ONLY_FT_rf"": 0.9823, ""best_ARIMA"": 0.0, ""best_NaiveMovingAverage"": 0.0, ""accept"": 0.0005}, ""input_tokens"": 1577, ""score"": 0.5607, ""rank"": 1, ""already_tested"": true}, {""iteration"": 3, ""action"": ""best_ONLY_FT_rf"", ""confidence"": 0.9578, ""probability_of_chosen"": 0.9823, ""probabilities"": {""mean_pool_full"": 0.0, ""median_pool_full"": 0.0007, ""trimmed_mean_pool_full"": 0.0019, ""mean_pool4"": 0.0, ""median_pool4"": 0.0007, ""trimmed_mean_pool4"": 0.0004, ""mean_pool1"": 0.0, ""median_pool1"": 0.0033, ""trimmed_mean_pool1"": 0.0003, ""mean_pool2"": 0.0002, ""median_pool2"": 0.0092, ""trimmed_mean_pool2"": 0.0005, ""best_ONLY_FT_rf"": 0.9823, ""best_ARIMA"": 0.0, ""best_NaiveMovingAverage"": 0.0, ""accept"": 0.0005}, ""input_tokens"": 1577, ""score"": 0.5607, ""rank"": 1, ""already_tested"": true}, {""iteration"": 4, ""action"": ""best_ONLY_FT_rf"", ""confidence"": 0.9578, ""probability_of_chosen"": 0.9823, ""probabilities"": {""mean_pool_full"": 0.0, ""median_pool_full"": 0.0007, ""trimmed_mean_pool_full"": 0.0019, ""mean_pool4"": 0.0, ""median_pool4"": 0.0007, ""trimmed_mean_pool4"": 0.0004, ""mean_pool1"": 0.0, ""median_pool1"": 0.0033, ""trimmed_mean_pool1"": 0.0003, ""mean_pool2"": 0.0002, ""median_pool2"": 0.0092, ""trimmed_mean_pool2"": 0.0005, ""best_ONLY_FT_rf"": 0.9823, ""best_ARIMA"": 0.0, ""best_NaiveMovingAverage"": 0.0, ""accept"": 0.0005}, ""input_tokens"": 1577, ""score"": 0.5607, ""rank"": 1, ""already_tested"": true}]}, ""score"": 0.5607}";agent;4;no new information in 3 consecutive turns;0.9523129114812071;1637.3550366231925;laya_multilingual_laya_v0_ml8192
70;12;orchestrator_laya_laya_v0_ml8192;0.11667883729160015;63.63636363636363;0.1232052662591081;5523.703440794119;0.12320509036371541;4341.221747979167;[[41252.826, 35301.384, 28282.627, 32124.587, 29902.886, 33082.336, 36575.929, 29221.791, 42543.135, 42803.919, 39835.341, 37820.691]];[[39690.64592614, 36015.9217546, 31926.13577469, 32166.98787378, 35243.09759592, 31732.56404491, 32733.99300753, 31675.62703924, 31303.79217013, 33026.61941102, 32485.2799349, 33041.11656785]];2023-12-31 00:00:00;2024-11-30 00:00:00;"{""strategy"": {""combine"": ""best_single"", ""model"": ""ONLY_DWT_rf"", ""pool"": ""pool_full""}, ""origin"": ""agent"", ""loop"": {""final_attempt"": ""a10"", ""strategy"": {""combine"": ""best_single"", ""model"": ""ONLY_DWT_rf"", ""pool"": ""pool_full""}, ""iterations_used"": 6, ""stop_reason"": ""no new information in 3 consecutive turns"", ""trace"": [{""iteration"": 1, ""action"": ""best_ONLY_DWT_rf"", ""confidence"": 0.2785, ""probability_of_chosen"": 0.2747, ""probabilities"": {""mean_pool_full"": 0.0028, ""median_pool_full"": 0.0254, ""trimmed_mean_pool_full"": 0.0594, ""mean_pool1"": 0.0019, ""median_pool1"": 0.0056, ""trimmed_mean_pool1"": 0.0121, ""mean_pool2"": 0.0057, ""median_pool2"": 0.2242, ""trimmed_mean_pool2"": 0.0336, ""mean_pool3"": 0.0016, ""median_pool3"": 0.1666, ""trimmed_mean_pool3"": 0.0447, ""best_ONLY_DWT_rf"": 0.2747, ""best_DWT_rf"": 0.1219, ""best_FT_catboost"": 0.0077, ""accept"": 0.0121}, ""input_tokens"": 1629, ""score"": 0.6641, ""rank"": 1, ""already_tested"": false}, {""iteration"": 2, ""action"": ""median_pool1"", ""confidence"": 0.323, ""probability_of_chosen"": 0.2977, ""probabilities"": {""mean_pool_full"": 0.001, ""median_pool_full"": 0.0056, ""trimmed_mean_pool_full"": 0.1013, ""mean_pool4"": 0.0017, ""median_pool4"": 0.0034, ""trimmed_mean_pool4"": 0.0052, ""mean_pool1"": 0.0011, ""median_pool1"": 0.2977, ""trimmed_mean_pool1"": 0.0513, ""mean_pool2"": 0.0065, ""median_pool2"": 0.2247, ""trimmed_mean_pool2"": 0.0314, ""best_ONLY_DWT_rf"": 0.0735, ""best_DWT_rf"": 0.1863, ""best_FT_catboost"": 0.0025, ""accept"": 0.0069}, ""input_tokens"": 1633, ""score"": 0.7325, ""rank"": 6, ""already_tested"": false}, {""iteration"": 3, ""action"": ""median_pool2"", ""confidence"": 0.5706, ""probability_of_chosen"": 0.6707, ""probabilities"": {""mean_pool_full"": 0.0003, ""median_pool_full"": 0.0079, ""trimmed_mean_pool_full"": 0.0801, ""mean_pool4"": 0.0001, ""median_pool4"": 0.0009, ""trimmed_mean_pool4"": 0.0015, ""mean_pool1"": 0.0001, ""median_pool1"": 0.0624, ""trimmed_mean_pool1"": 0.0081, ""mean_pool2"": 0.0005, ""median_pool2"": 0.6707, ""trimmed_mean_pool2"": 0.0044, ""best_ONLY_DWT_rf"": 0.0364, ""best_DWT_rf"": 0.1165, ""best_FT_catboost"": 0.0016, ""accept"": 0.0085}, ""input_tokens"": 1637, ""score"": 0.7073, ""rank"": 2, ""already_tested"": false}, {""iteration"": 4, ""action"": ""median_pool2"", ""confidence"": 0.7272, ""probability_of_chosen"": 0.8477, ""probabilities"": {""mean_pool_full"": 0.0002, ""median_pool_full"": 0.0074, ""trimmed_mean_pool_full"": 0.0091, ""mean_pool4"": 0.0002, ""median_pool4"": 0.0108, ""trimmed_mean_pool4"": 0.0025, ""mean_pool1"": 0.0002, ""median_pool1"": 0.0268, ""trimmed_mean_pool1"": 0.0106, ""mean_pool2"": 0.0006, ""median_pool2"": 0.8477, ""trimmed_mean_pool2"": 0.0158, ""best_ONLY_DWT_rf"": 0.0175, ""best_DWT_rf"": 0.0409, ""best_FT_catboost"": 0.006, ""accept"": 0.0038}, ""input_tokens"": 1637, ""score"": 0.7073, ""rank"": 2, ""already_tested"": true}, {""iteration"": 5, ""action"": ""median_pool2"", ""confidence"": 0.7272, ""probability_of_chosen"": 0.8477, ""probabilities"": {""mean_pool_full"": 0.0002, ""median_pool_full"": 0.0074, ""trimmed_mean_pool_full"": 0.0091, ""mean_pool4"": 0.0002, ""median_pool4"": 0.0108, ""trimmed_mean_pool4"": 0.0025, ""mean_pool1"": 0.0002, ""median_pool1"": 0.0268, ""trimmed_mean_pool1"": 0.0106, ""mean_pool2"": 0.0006, ""median_pool2"": 0.8477, ""trimmed_mean_pool2"": 0.0158, ""best_ONLY_DWT_rf"": 0.0175, ""best_DWT_rf"": 0.0409, ""best_FT_catboost"": 0.006, ""accept"": 0.0038}, ""input_tokens"": 1637, ""score"": 0.7073, ""rank"": 2, ""already_tested"": true}, {""iteration"": 6, ""action"": ""median_pool2"", ""confidence"": 0.7272, ""probability_of_chosen"": 0.8477, ""probabilities"": {""mean_pool_full"": 0.0002, ""median_pool_full"": 0.0074, ""trimmed_mean_pool_full"": 0.0091, ""mean_pool4"": 0.0002, ""median_pool4"": 0.0108, ""trimmed_mean_pool4"": 0.0025, ""mean_pool1"": 0.0002, ""median_pool1"": 0.0268, ""trimmed_mean_pool1"": 0.0106, ""mean_pool2"": 0.0006, ""median_pool2"": 0.8477, ""trimmed_mean_pool2"": 0.0158, ""best_ONLY_DWT_rf"": 0.0175, ""best_DWT_rf"": 0.0409, ""best_FT_catboost"": 0.006, ""accept"": 0.0038}, ""input_tokens"": 1637, ""score"": 0.7073, ""rank"": 2, ""already_tested"": true}]}, ""score"": 0.6641}";agent;6;no new information in 3 consecutive turns;0.13967662523746346;6036.456447912533;laya_multilingual_laya_v0_ml8192
71;12;orchestrator_laya_laya_v0_ml8192;0.1854253913073578;45.45454545454545;0.219866678908107;6568.622869278869;0.21986556535343574;2698.1891193430556;[[6780.579, 6811.96, 5080.22, 7273.22, 6448.438, 8632.885, 8029.13, 8066.13, 7765.03, 7536.3, 7008.08, 29369.862]];[[7413.811199296666, 7593.35364681, 7447.869865733333, 7055.450272743333, 7250.8820532966665, 7017.123564663333, 7062.70213538, 7080.36403782, 6916.428804833333, 6936.95697938, 6917.044320060001, 6901.01721814]];2023-12-31 00:00:00;2024-11-30 00:00:00;"{""strategy"": {""combine"": ""trimmed_mean"", ""pool"": ""pool1"", ""trim_pct"": 0.2}, ""origin"": ""baseline"", ""loop"": {""final_attempt"": ""a5"", ""strategy"": {""combine"": ""trimmed_mean"", ""pool"": ""pool1"", ""trim_pct"": 0.2}, ""iterations_used"": 5, ""stop_reason"": ""no new information in 3 consecutive turns"", ""trace"": [{""iteration"": 1, ""action"": ""best_DWT_rf"", ""confidence"": 0.73, ""probability_of_chosen"": 0.8108, ""probabilities"": {""mean_pool_full"": 0.0001, ""median_pool_full"": 0.0104, ""trimmed_mean_pool_full"": 0.0052, ""mean_pool1"": 0.0003, ""median_pool1"": 0.02, ""trimmed_mean_pool1"": 0.0003, ""mean_pool2"": 0.0005, ""median_pool2"": 0.1031, ""trimmed_mean_pool2"": 0.0022, ""mean_pool3"": 0.0001, ""median_pool3"": 0.041, ""trimmed_mean_pool3"": 0.0005, ""best_CWT_catboost"": 0.0003, ""best_DWT_rf"": 0.8108, ""best_FT_rf"": 0.0042, ""accept"": 0.0012}, ""input_tokens"": 1631, ""score"": 0.6375, ""rank"": 3, ""already_tested"": false}, {""iteration"": 2, ""action"": ""median_pool2"", ""confidence"": 0.6458, ""probability_of_chosen"": 0.6344, ""probabilities"": {""mean_pool_full"": 0.0007, ""median_pool_full"": 0.0152, ""trimmed_mean_pool_full"": 0.0057, ""mean_pool4"": 0.0001, ""median_pool4"": 0.0004, ""trimmed_mean_pool4"": 0.0001, ""mean_pool1"": 0.0001, ""median_pool1"": 0.059, ""trimmed_mean_pool1"": 0.0027, ""mean_pool2"": 0.0004, ""median_pool2"": 0.6344, ""trimmed_mean_pool2"": 0.0008, ""best_CWT_catboost"": 0.0004, ""best_DWT_rf"": 0.2728, ""best_FT_rf"": 0.005, ""accept"": 0.0023}, ""input_tokens"": 1637, ""score"": 0.6461, ""rank"": 4, ""already_tested"": false}, {""iteration"": 3, ""action"": ""median_pool2"", ""confidence"": 0.9754, ""probability_of_chosen"": 0.9906, ""probabilities"": {""mean_pool_full"": 0.0, ""median_pool_full"": 0.002, ""trimmed_mean_pool_full"": 0.0003, ""mean_pool4"": 0.0, ""median_pool4"": 0.0003, ""trimmed_mean_pool4"": 0.0, ""mean_pool1"": 0.0, ""median_pool1"": 0.0019, ""trimmed_mean_pool1"": 0.0001, ""mean_pool2"": 0.0, ""median_pool2"": 0.9906, ""trimmed_mean_pool2"": 0.0, ""best_CWT_catboost"": 0.0, ""best_DWT_rf"": 0.0039, ""best_FT_rf"": 0.0005, ""accept"": 0.0002}, ""input_tokens"": 1638, ""score"": 0.6461, ""rank"": 4, ""already_tested"": true}, {""iteration"": 4, ""action"": ""median_pool2"", ""confidence"": 0.9754, ""probability_of_chosen"": 0.9906, ""probabilities"": {""mean_pool_full"": 0.0, ""median_pool_full"": 0.002, ""trimmed_mean_pool_full"": 0.0003, ""mean_pool4"": 0.0, ""median_pool4"": 0.0003, ""trimmed_mean_pool4"": 0.0, ""mean_pool1"": 0.0, ""median_pool1"": 0.0019, ""trimmed_mean_pool1"": 0.0001, ""mean_pool2"": 0.0, ""median_pool2"": 0.9906, ""trimmed_mean_pool2"": 0.0, ""best_CWT_catboost"": 0.0, ""best_DWT_rf"": 0.0039, ""best_FT_rf"": 0.0005, ""accept"": 0.0002}, ""input_tokens"": 1638, ""score"": 0.6461, ""rank"": 4, ""already_tested"": true}, {""iteration"": 5, ""action"": ""median_pool2"", ""confidence"": 0.9754, ""probability_of_chosen"": 0.9906, ""probabilities"": {""mean_pool_full"": 0.0, ""median_pool_full"": 0.002, ""trimmed_mean_pool_full"": 0.0003, ""mean_pool4"": 0.0, ""median_pool4"": 0.0003, ""trimmed_mean_pool4"": 0.0, ""mean_pool1"": 0.0, ""median_pool1"": 0.0019, ""trimmed_mean_pool1"": 0.0001, ""mean_pool2"": 0.0, ""median_pool2"": 0.9906, ""trimmed_mean_pool2"": 0.0, ""best_CWT_catboost"": 0.0, ""best_DWT_rf"": 0.0039, ""best_FT_rf"": 0.0005, ""accept"": 0.0002}, ""input_tokens"": 1638, ""score"": 0.6461, ""rank"": 4, ""already_tested"": true}]}, ""score"": 0.6224}";baseline;5;no new information in 3 consecutive turns;0.219866678908107;6568.622869278869;laya_multilingual_laya_v0_ml8192
72;12;orchestrator_laya_laya_v0_ml8192;0.034153267697877215;36.36363636363637;0.034208550960462734;11665.629604781054;0.03420854447046389;9044.13352740153;[[303140.958, 272235.884, 251010.617, 266381.802, 257760.777, 249205.297, 237397.56, 256766.288, 258782.05, 248975.11, 270484.213, 260487.8]];[[276810.0896319311, 263218.9502555375, 266665.9130967373, 263649.43266573007, 256934.8677172274, 259053.90302783455, 252283.9403311962, 257239.0143465726, 256905.91135135997, 257235.57246036592, 256634.41781769996, 265261.91650559776]];2023-12-31 00:00:00;2024-11-30 00:00:00;"{""strategy"": {""combine"": ""dba"", ""pool"": ""pool_full"", ""dba_max_iter"": 30}, ""origin"": ""baseline"", ""loop"": {""final_attempt"": ""a3"", ""strategy"": {""combine"": ""dba"", ""pool"": ""pool_full"", ""dba_max_iter"": 30}, ""iterations_used"": 4, ""stop_reason"": ""no new information in 3 consecutive turns"", ""trace"": [{""iteration"": 1, ""action"": ""best_ONLY_FT_rf"", ""confidence"": 0.9565, ""probability_of_chosen"": 0.9824, ""probabilities"": {""mean_pool_full"": 0.0, ""median_pool_full"": 0.0036, ""trimmed_mean_pool_full"": 0.0019, ""mean_pool1"": 0.0001, ""median_pool1"": 0.0002, ""trimmed_mean_pool1"": 0.0003, ""mean_pool2"": 0.0001, ""median_pool2"": 0.0018, ""trimmed_mean_pool2"": 0.0066, ""mean_pool3"": 0.0, ""median_pool3"": 0.0009, ""trimmed_mean_pool3"": 0.0015, ""best_THETA"": 0.0, ""best_ETS"": 0.0, ""best_ONLY_FT_rf"": 0.9824, ""accept"": 0.0006}, ""input_tokens"": 1622, ""score"": 0.8065, ""rank"": 3, ""already_tested"": false}, {""iteration"": 2, ""action"": ""best_ONLY_FT_rf"", ""confidence"": 0.9998, ""probability_of_chosen"": 0.9999, ""probabilities"": {""mean_pool_full"": 0.0, ""median_pool_full"": 0.0, ""trimmed_mean_pool_full"": 0.0, ""mean_pool4"": 0.0, ""median_pool4"": 0.0, ""trimmed_mean_pool4"": 0.0, ""mean_pool1"": 0.0, ""median_pool1"": 0.0, ""trimmed_mean_pool1"": 0.0, ""mean_pool2"": 0.0, ""median_pool2"": 0.0, ""trimmed_mean_pool2"": 0.0, ""best_THETA"": 0.0, ""best_ETS"": 0.0, ""best_ONLY_FT_rf"": 0.9999, ""accept"": 0.0}, ""input_tokens"": 1619, ""score"": 0.8065, ""rank"": 3, ""already_tested"": true}, {""iteration"": 3, ""action"": ""best_ONLY_FT_rf"", ""confidence"": 0.9998, ""probability_of_chosen"": 0.9999, ""probabilities"": {""mean_pool_full"": 0.0, ""median_pool_full"": 0.0, ""trimmed_mean_pool_full"": 0.0, ""mean_pool4"": 0.0, ""median_pool4"": 0.0, ""trimmed_mean_pool4"": 0.0, ""mean_pool1"": 0.0, ""median_pool1"": 0.0, ""trimmed_mean_pool1"": 0.0, ""mean_pool2"": 0.0, ""median_pool2"": 0.0, ""trimmed_mean_pool2"": 0.0, ""best_THETA"": 0.0, ""best_ETS"": 0.0, ""best_ONLY_FT_rf"": 0.9999, ""accept"": 0.0}, ""input_tokens"": 1619, ""score"": 0.8065, ""rank"": 3, ""already_tested"": true}, {""iteration"": 4, ""action"": ""best_ONLY_FT_rf"", ""confidence"": 0.9998, ""probability_of_chosen"": 0.9999, ""probabilities"": {""mean_pool_full"": 0.0, ""median_pool_full"": 0.0, ""trimmed_mean_pool_full"": 0.0, ""mean_pool4"": 0.0, ""median_pool4"": 0.0, ""trimmed_mean_pool4"": 0.0, ""mean_pool1"": 0.0, ""median_pool1"": 0.0, ""trimmed_mean_pool1"": 0.0, ""mean_pool2"": 0.0, ""median_pool2"": 0.0, ""trimmed_mean_pool2"": 0.0, ""best_THETA"": 0.0, ""best_ETS"": 0.0, ""best_ONLY_FT_rf"": 0.9999, ""accept"": 0.0}, ""input_tokens"": 1619, ""score"": 0.8065, ""rank"": 3, ""already_tested"": true}]}, ""score"": 0.6517}";baseline;4;no new information in 3 consecutive turns;0.034208550960462734;11665.629604781054;laya_multilingual_laya_v0_ml8192
73;12;orchestrator_laya_laya_v0_ml8192;0.09255719340854986;81.81818181818181;0.0869640691199533;38650.93622646074;0.08696405788563649;33721.26862823809;[[420584.385, 372404.442, 318992.041, 361779.553, 369174.549, 383045.535, 366090.328, 401968.319, 394826.074, 381021.237, 402798.778, 382426.857]];[[410298.62336310995, 393677.3790102928, 404875.19664951146, 407842.87979378, 405852.8758228828, 418043.70206480566, 408667.4787176372, 423596.36532897287, 418442.9992012143, 415737.6018371614, 417449.7174445629, 414710.9790311457]];2023-12-31 00:00:00;2024-11-30 00:00:00;"{""strategy"": {""combine"": ""mean"", ""pool"": ""pool2""}, ""origin"": ""baseline"", ""loop"": {""final_attempt"": ""a6"", ""strategy"": {""combine"": ""mean"", ""pool"": ""pool2""}, ""iterations_used"": 5, ""stop_reason"": ""no new information in 3 consecutive turns"", ""trace"": [{""iteration"": 1, ""action"": ""median_pool2"", ""confidence"": 0.6973, ""probability_of_chosen"": 0.8184, ""probabilities"": {""mean_pool_full"": 0.0009, ""median_pool_full"": 0.0037, ""trimmed_mean_pool_full"": 0.0588, ""mean_pool1"": 0.0069, ""median_pool1"": 0.0033, ""trimmed_mean_pool1"": 0.0049, ""mean_pool2"": 0.0023, ""median_pool2"": 0.8184, ""trimmed_mean_pool2"": 0.0148, ""mean_pool3"": 0.0004, ""median_pool3"": 0.0061, ""trimmed_mean_pool3"": 0.0044, ""best_rf"": 0.0009, ""best_DWT_rf"": 0.0458, ""best_CWT_rf"": 0.0118, ""accept"": 0.0167}, ""input_tokens"": 1650, ""score"": 0.6715, ""rank"": 9, ""already_tested"": false}, {""iteration"": 2, ""action"": ""trimmed_mean_pool_full"", ""confidence"": 0.3981, ""probability_of_chosen"": 0.4008, ""probabilities"": {""mean_pool_full"": 0.0017, ""median_pool_full"": 0.0121, ""trimmed_mean_pool_full"": 0.4008, ""mean_pool4"": 0.0061, ""median_pool4"": 0.0023, ""trimmed_mean_pool4"": 0.0019, ""mean_pool1"": 0.0035, ""median_pool1"": 0.1364, ""trimmed_mean_pool1"": 0.0164, ""mean_pool2"": 0.003, ""median_pool2"": 0.2842, ""trimmed_mean_pool2"": 0.0184, ""best_rf"": 0.0019, ""best_DWT_rf"": 0.0511, ""best_CWT_rf"": 0.0239, ""accept"": 0.0364}, ""input_tokens"": 1650, ""score"": 0.655, ""rank"": 8, ""already_tested"": false}, {""iteration"": 3, ""action"": ""trimmed_mean_pool_full"", ""confidence"": 0.3981, ""probability_of_chosen"": 0.4008, ""probabilities"": {""mean_pool_full"": 0.0017, ""median_pool_full"": 0.0121, ""trimmed_mean_pool_full"": 0.4008, ""mean_pool4"": 0.0061, ""median_pool4"": 0.0023, ""trimmed_mean_pool4"": 0.0019, ""mean_pool1"": 0.0035, ""median_pool1"": 0.1364, ""trimmed_mean_pool1"": 0.0164, ""mean_pool2"": 0.003, ""median_pool2"": 0.2842, ""trimmed_mean_pool2"": 0.0184, ""best_rf"": 0.0019, ""best_DWT_rf"": 0.0511, ""best_CWT_rf"": 0.0239, ""accept"": 0.0364}, ""input_tokens"": 1650, ""score"": 0.655, ""rank"": 8, ""already_tested"": true}, {""iteration"": 4, ""action"": ""trimmed_mean_pool_full"", ""confidence"": 0.3981, ""probability_of_chosen"": 0.4008, ""probabilities"": {""mean_pool_full"": 0.0017, ""median_pool_full"": 0.0121, ""trimmed_mean_pool_full"": 0.4008, ""mean_pool4"": 0.0061, ""median_pool4"": 0.0023, ""trimmed_mean_pool4"": 0.0019, ""mean_pool1"": 0.0035, ""median_pool1"": 0.1364, ""trimmed_mean_pool1"": 0.0164, ""mean_pool2"": 0.003, ""median_pool2"": 0.2842, ""trimmed_mean_pool2"": 0.0184, ""best_rf"": 0.0019, ""best_DWT_rf"": 0.0511, ""best_CWT_rf"": 0.0239, ""accept"": 0.0364}, ""input_tokens"": 1650, ""score"": 0.655, ""rank"": 8, ""already_tested"": true}, {""iteration"": 5, ""action"": ""trimmed_mean_pool_full"", ""confidence"": 0.3981, ""probability_of_chosen"": 0.4008, ""probabilities"": {""mean_pool_full"": 0.0017, ""median_pool_full"": 0.0121, ""trimmed_mean_pool_full"": 0.4008, ""mean_pool4"": 0.0061, ""median_pool4"": 0.0023, ""trimmed_mean_pool4"": 0.0019, ""mean_pool1"": 0.0035, ""median_pool1"": 0.1364, ""trimmed_mean_pool1"": 0.0164, ""mean_pool2"": 0.003, ""median_pool2"": 0.2842, ""trimmed_mean_pool2"": 0.0184, ""best_rf"": 0.0019, ""best_DWT_rf"": 0.0511, ""best_CWT_rf"": 0.0239, ""accept"": 0.0364}, ""input_tokens"": 1650, ""score"": 0.655, ""rank"": 8, ""already_tested"": true}]}, ""score"": 0.6353}";baseline;5;no new information in 3 consecutive turns;0.0869640691199533;38650.93622646074;laya_multilingual_laya_v0_ml8192
74;12;orchestrator_laya_laya_v0_ml8192;0.1091057793956529;63.63636363636363;0.10272330415069286;5827.0448858933;0.102723207100195;5440.809833540835;[[57769.45, 51884.393, 45684.376, 49791.856, 50301.09, 51493.147, 47885.447, 53066.6, 51673.35, 49099.45, 53675.843, 49817.26]];[[54832.58270026, 54934.00270576, 55401.62387563, 55454.1898772, 55172.61217272, 56960.95954411, 56221.25278528, 56835.27078795, 57578.6953039, 55954.81209061, 56326.15223709, 55886.0913225]];2023-12-31 00:00:00;2024-11-30 00:00:00;"{""strategy"": {""combine"": ""median"", ""pool"": ""pool_full""}, ""origin"": ""baseline"", ""loop"": {""final_attempt"": ""a2"", ""strategy"": {""combine"": ""median"", ""pool"": ""pool_full""}, ""iterations_used"": 4, ""stop_reason"": ""no new information in 3 consecutive turns"", ""trace"": [{""iteration"": 1, ""action"": ""median_pool2"", ""confidence"": 0.5819, ""probability_of_chosen"": 0.5119, ""probabilities"": {""mean_pool_full"": 0.0003, ""median_pool_full"": 0.0084, ""trimmed_mean_pool_full"": 0.0053, ""mean_pool1"": 0.0004, ""median_pool1"": 0.0053, ""trimmed_mean_pool1"": 0.0016, ""mean_pool2"": 0.0011, ""median_pool2"": 0.5119, ""trimmed_mean_pool2"": 0.0198, ""mean_pool3"": 0.0004, ""median_pool3"": 0.0098, ""trimmed_mean_pool3"": 0.0051, ""best_ONLY_CWT_rf"": 0.0282, ""best_ONLY_DWT_catboost"": 0.0059, ""best_CWT_rf"": 0.3864, ""accept"": 0.0102}, ""input_tokens"": 1600, ""score"": 0.6878, ""rank"": 3, ""already_tested"": false}, {""iteration"": 2, ""action"": ""median_pool2"", ""confidence"": 0.7207, ""probability_of_chosen"": 0.8148, ""probabilities"": {""mean_pool_full"": 0.0002, ""median_pool_full"": 0.102, ""trimmed_mean_pool_full"": 0.0116, ""mean_pool4"": 0.0004, ""median_pool4"": 0.0028, ""trimmed_mean_pool4"": 0.0006, ""mean_pool1"": 0.0006, ""median_pool1"": 0.0262, ""trimmed_mean_pool1"": 0.0014, ""mean_pool2"": 0.0024, ""median_pool2"": 0.8148, ""trimmed_mean_pool2"": 0.0042, ""best_ONLY_CWT_rf"": 0.0063, ""best_ONLY_DWT_catboost"": 0.0021, ""best_CWT_rf"": 0.0165, ""accept"": 0.0079}, ""input_tokens"": 1601, ""score"": 0.6878, ""rank"": 3, ""already_tested"": true}, {""iteration"": 3, ""action"": ""median_pool2"", ""confidence"": 0.7207, ""probability_of_chosen"": 0.8148, ""probabilities"": {""mean_pool_full"": 0.0002, ""median_pool_full"": 0.102, ""trimmed_mean_pool_full"": 0.0116, ""mean_pool4"": 0.0004, ""median_pool4"": 0.0028, ""trimmed_mean_pool4"": 0.0006, ""mean_pool1"": 0.0006, ""median_pool1"": 0.0262, ""trimmed_mean_pool1"": 0.0014, ""mean_pool2"": 0.0024, ""median_pool2"": 0.8148, ""trimmed_mean_pool2"": 0.0042, ""best_ONLY_CWT_rf"": 0.0063, ""best_ONLY_DWT_catboost"": 0.0021, ""best_CWT_rf"": 0.0165, ""accept"": 0.0079}, ""input_tokens"": 1601, ""score"": 0.6878, ""rank"": 3, ""already_tested"": true}, {""iteration"": 4, ""action"": ""median_pool2"", ""confidence"": 0.7207, ""probability_of_chosen"": 0.8148, ""probabilities"": {""mean_pool_full"": 0.0002, ""median_pool_full"": 0.102, ""trimmed_mean_pool_full"": 0.0116, ""mean_pool4"": 0.0004, ""median_pool4"": 0.0028, ""trimmed_mean_pool4"": 0.0006, ""mean_pool1"": 0.0006, ""median_pool1"": 0.0262, ""trimmed_mean_pool1"": 0.0014, ""mean_pool2"": 0.0024, ""median_pool2"": 0.8148, ""trimmed_mean_pool2"": 0.0042, ""best_ONLY_CWT_rf"": 0.0063, ""best_ONLY_DWT_catboost"": 0.0021, ""best_CWT_rf"": 0.0165, ""accept"": 0.0079}, ""input_tokens"": 1601, ""score"": 0.6878, ""rank"": 3, ""already_tested"": true}]}, ""score"": 0.6686}";baseline;4;no new information in 3 consecutive turns;0.10272330415069286;5827.0448858933;laya_multilingual_laya_v0_ml8192
75;12;orchestrator_laya_laya_v0_ml8192;0.07629336955503668;63.63636363636363;0.07745008831896351;1180.3603496027752;0.07744973880273019;863.9645690850003;[[10463.309, 11614.34, 10329.441, 11325.839, 10859.221, 12006.001, 10171.71, 10094.23, 14088.039, 11064.15, 11226.211, 9264.27]];[[10807.25190019, 10338.48041379, 9801.73011484, 10823.16860116, 10880.63607276, 11177.49879413, 11150.93282372, 11022.89009488, 11063.56602506, 11067.21505755, 10938.31226163, 10908.42409053]];2023-12-31 00:00:00;2024-11-30 00:00:00;"{""strategy"": {""combine"": ""median"", ""pool"": ""pool_full""}, ""origin"": ""baseline"", ""loop"": {""final_attempt"": ""a2"", ""strategy"": {""combine"": ""median"", ""pool"": ""pool_full""}, ""iterations_used"": 5, ""stop_reason"": ""no new information in 3 consecutive turns"", ""trace"": [{""iteration"": 1, ""action"": ""median_pool2"", ""confidence"": 0.6235, ""probability_of_chosen"": 0.52, ""probabilities"": {""mean_pool_full"": 0.0001, ""median_pool_full"": 0.0015, ""trimmed_mean_pool_full"": 0.0048, ""mean_pool1"": 0.0003, ""median_pool1"": 0.0009, ""trimmed_mean_pool1"": 0.0024, ""mean_pool2"": 0.0003, ""median_pool2"": 0.52, ""trimmed_mean_pool2"": 0.0247, ""mean_pool3"": 0.0002, ""median_pool3"": 0.0177, ""trimmed_mean_pool3"": 0.0062, ""best_CWT_catboost"": 0.0011, ""best_DWT_rf"": 0.0065, ""best_ONLY_DWT_rf"": 0.405, ""accept"": 0.0086}, ""input_tokens"": 1619, ""score"": 0.9176, ""rank"": 10, ""already_tested"": false}, {""iteration"": 2, ""action"": ""best_ONLY_DWT_rf"", ""confidence"": 0.6606, ""probability_of_chosen"": 0.7661, ""probabilities"": {""mean_pool_full"": 0.0001, ""median_pool_full"": 0.0014, ""trimmed_mean_pool_full"": 0.0149, ""mean_pool4"": 0.0002, ""median_pool4"": 0.0012, ""trimmed_mean_pool4"": 0.0026, ""mean_pool1"": 0.0002, ""median_pool1"": 0.0309, ""trimmed_mean_pool1"": 0.0342, ""mean_pool2"": 0.0003, ""median_pool2"": 0.1104, ""trimmed_mean_pool2"": 0.0147, ""best_CWT_catboost"": 0.0017, ""best_DWT_rf"": 0.0087, ""best_ONLY_DWT_rf"": 0.7661, ""accept"": 0.0126}, ""input_tokens"": 1619, ""score"": 0.673, ""rank"": 4, ""already_tested"": false}, {""iteration"": 3, ""action"": ""best_ONLY_DWT_rf"", ""confidence"": 0.635, ""probability_of_chosen"": 0.7405, ""probabilities"": {""mean_pool_full"": 0.0002, ""median_pool_full"": 0.0009, ""trimmed_mean_pool_full"": 0.009, ""mean_pool4"": 0.0008, ""median_pool4"": 0.0015, ""trimmed_mean_pool4"": 0.005, ""mean_pool1"": 0.0014, ""median_pool1"": 0.036, ""trimmed_mean_pool1"": 0.1209, ""mean_pool2"": 0.0007, ""median_pool2"": 0.0271, ""trimmed_mean_pool2"": 0.0408, ""best_CWT_catboost"": 0.0039, ""best_DWT_rf"": 0.0037, ""best_ONLY_DWT_rf"": 0.7405, ""accept"": 0.0076}, ""input_tokens"": 1624, ""score"": 0.673, ""rank"": 4, ""already_tested"": true}, {""iteration"": 4, ""action"": ""best_ONLY_DWT_rf"", ""confidence"": 0.635, ""probability_of_chosen"": 0.7405, ""probabilities"": {""mean_pool_full"": 0.0002, ""median_pool_full"": 0.0009, ""trimmed_mean_pool_full"": 0.009, ""mean_pool4"": 0.0008, ""median_pool4"": 0.0015, ""trimmed_mean_pool4"": 0.005, ""mean_pool1"": 0.0014, ""median_pool1"": 0.036, ""trimmed_mean_pool1"": 0.1209, ""mean_pool2"": 0.0007, ""median_pool2"": 0.0271, ""trimmed_mean_pool2"": 0.0408, ""best_CWT_catboost"": 0.0039, ""best_DWT_rf"": 0.0037, ""best_ONLY_DWT_rf"": 0.7405, ""accept"": 0.0076}, ""input_tokens"": 1624, ""score"": 0.673, ""rank"": 4, ""already_tested"": true}, {""iteration"": 5, ""action"": ""best_ONLY_DWT_rf"", ""confidence"": 0.635, ""probability_of_chosen"": 0.7405, ""probabilities"": {""mean_pool_full"": 0.0002, ""median_pool_full"": 0.0009, ""trimmed_mean_pool_full"": 0.009, ""mean_pool4"": 0.0008, ""median_pool4"": 0.0015, ""trimmed_mean_pool4"": 0.005, ""mean_pool1"": 0.0014, ""median_pool1"": 0.036, ""trimmed_mean_pool1"": 0.1209, ""mean_pool2"": 0.0007, ""median_pool2"": 0.0271, ""trimmed_mean_pool2"": 0.0408, ""best_CWT_catboost"": 0.0039, ""best_DWT_rf"": 0.0037, ""best_ONLY_DWT_rf"": 0.7405, ""accept"": 0.0076}, ""input_tokens"": 1624, ""score"": 0.673, ""rank"": 4, ""already_tested"": true}]}, ""score"": 0.6521}";baseline;5;no new information in 3 consecutive turns;0.07745008831896351;1180.3603496027752;laya_multilingual_laya_v0_ml8192
76;12;orchestrator_laya_laya_v0_ml8192;0.04129220859614259;45.45454545454545;0.041232548386483776;10589.940031571474;0.04123253797764519;8187.50323349777;[[216891.763, 212991.978, 172233.491, 191422.095, 194009.4, 193983.211, 192075.15, 201342.131, 205561.695, 207296.868, 216382.24, 194929.762]];[[207958.97102211334, 201146.36796112335, 195424.7691863867, 196559.9266296133, 192741.78843673333, 194526.52713381, 197464.14249852, 197120.77455836665, 196931.9933787967, 198058.97544338333, 197630.48561087667, 196031.66376503665]];2023-12-31 00:00:00;2024-11-30 00:00:00;"{""strategy"": {""combine"": ""trimmed_mean"", ""pool"": ""pool1"", ""trim_pct"": 0.2}, ""origin"": ""baseline"", ""loop"": {""final_attempt"": ""a5"", ""strategy"": {""combine"": ""trimmed_mean"", ""pool"": ""pool1"", ""trim_pct"": 0.2}, ""iterations_used"": 5, ""stop_reason"": ""no new information in 3 consecutive turns"", ""trace"": [{""iteration"": 1, ""action"": ""trimmed_mean_pool2"", ""confidence"": 0.1996, ""probability_of_chosen"": 0.1802, ""probabilities"": {""mean_pool_full"": 0.0039, ""median_pool_full"": 0.0147, ""trimmed_mean_pool_full"": 0.0481, ""mean_pool1"": 0.0237, ""median_pool1"": 0.0274, ""trimmed_mean_pool1"": 0.0772, ""mean_pool2"": 0.0268, ""median_pool2"": 0.1726, ""trimmed_mean_pool2"": 0.1802, ""mean_pool3"": 0.0102, ""median_pool3"": 0.1795, ""trimmed_mean_pool3"": 0.1365, ""best_ETS"": 0.0024, ""best_THETA"": 0.0033, ""best_ARIMA"": 0.003, ""accept"": 0.0903}, ""input_tokens"": 1611, ""score"": 0.637, ""rank"": 2, ""already_tested"": true}, {""iteration"": 2, ""action"": ""median_pool2"", ""confidence"": 0.2458, ""probability_of_chosen"": 0.2524, ""probabilities"": {""mean_pool_full"": 0.0029, ""median_pool_full"": 0.018, ""trimmed_mean_pool_full"": 0.1555, ""mean_pool4"": 0.0093, ""median_pool4"": 0.0118, ""trimmed_mean_pool4"": 0.0173, ""mean_pool1"": 0.0125, ""median_pool1"": 0.133, ""trimmed_mean_pool1"": 0.1165, ""mean_pool2"": 0.0269, ""median_pool2"": 0.2524, ""trimmed_mean_pool2"": 0.1649, ""best_ETS"": 0.0018, ""best_THETA"": 0.0023, ""best_ARIMA"": 0.0025, ""accept"": 0.0722}, ""input_tokens"": 1611, ""score"": 0.6807, ""rank"": 8, ""already_tested"": false}, {""iteration"": 3, ""action"": ""median_pool2"", ""confidence"": 0.2458, ""probability_of_chosen"": 0.2524, ""probabilities"": {""mean_pool_full"": 0.0029, ""median_pool_full"": 0.018, ""trimmed_mean_pool_full"": 0.1555, ""mean_pool4"": 0.0093, ""median_pool4"": 0.0118, ""trimmed_mean_pool4"": 0.0173, ""mean_pool1"": 0.0125, ""median_pool1"": 0.133, ""trimmed_mean_pool1"": 0.1165, ""mean_pool2"": 0.0269, ""median_pool2"": 0.2524, ""trimmed_mean_pool2"": 0.1649, ""best_ETS"": 0.0018, ""best_THETA"": 0.0023, ""best_ARIMA"": 0.0025, ""accept"": 0.0722}, ""input_tokens"": 1611, ""score"": 0.6807, ""rank"": 8, ""already_tested"": true}, {""iteration"": 4, ""action"": ""median_pool2"", ""confidence"": 0.2458, ""probability_of_chosen"": 0.2524, ""probabilities"": {""mean_pool_full"": 0.0029, ""median_pool_full"": 0.018, ""trimmed_mean_pool_full"": 0.1555, ""mean_pool4"": 0.0093, ""median_pool4"": 0.0118, ""trimmed_mean_pool4"": 0.0173, ""mean_pool1"": 0.0125, ""median_pool1"": 0.133, ""trimmed_mean_pool1"": 0.1165, ""mean_pool2"": 0.0269, ""median_pool2"": 0.2524, ""trimmed_mean_pool2"": 0.1649, ""best_ETS"": 0.0018, ""best_THETA"": 0.0023, ""best_ARIMA"": 0.0025, ""accept"": 0.0722}, ""input_tokens"": 1611, ""score"": 0.6807, ""rank"": 8, ""already_tested"": true}, {""iteration"": 5, ""action"": ""median_pool2"", ""confidence"": 0.2458, ""probability_of_chosen"": 0.2524, ""probabilities"": {""mean_pool_full"": 0.0029, ""median_pool_full"": 0.018, ""trimmed_mean_pool_full"": 0.1555, ""mean_pool4"": 0.0093, ""median_pool4"": 0.0118, ""trimmed_mean_pool4"": 0.0173, ""mean_pool1"": 0.0125, ""median_pool1"": 0.133, ""trimmed_mean_pool1"": 0.1165, ""mean_pool2"": 0.0269, ""median_pool2"": 0.2524, ""trimmed_mean_pool2"": 0.1649, ""best_ETS"": 0.0018, ""best_THETA"": 0.0023, ""best_ARIMA"": 0.0025, ""accept"": 0.0722}, ""input_tokens"": 1611, ""score"": 0.6807, ""rank"": 8, ""already_tested"": true}]}, ""score"": 0.5776}";baseline;5;no new information in 3 consecutive turns;0.041232548386483776;10589.940031571474;laya_multilingual_laya_v0_ml8192
77;12;orchestrator_laya_laya_v0_ml8192;6.322562225026243;81.81818181818181;1.1166194222633783;879.5490718453525;1.1165283696125499;771.5270345133334;[[1348.635, 608.04, 100.05, 2128.27, 162.98, 134.92, 933.73, 220.68, 125.06, 50.6, 68.08, 360.35]];[[1278.36799882, 1051.60281304, 857.95991477, 1090.25028156, 885.88693045, 678.33000208, 1104.16584768, 816.91902324, 996.14664208, 1305.60875228, 1425.33013519, 1792.57763373]];2023-12-31 00:00:00;2024-11-30 00:00:00;"{""strategy"": {""combine"": ""median"", ""pool"": ""pool_full""}, ""origin"": ""baseline"", ""loop"": {""final_attempt"": ""a2"", ""strategy"": {""combine"": ""median"", ""pool"": ""pool_full""}, ""iterations_used"": 6, ""stop_reason"": ""no new information in 3 consecutive turns"", ""trace"": [{""iteration"": 1, ""action"": ""median_pool3"", ""confidence"": 0.3044, ""probability_of_chosen"": 0.2777, ""probabilities"": {""mean_pool_full"": 0.0006, ""median_pool_full"": 0.0532, ""trimmed_mean_pool_full"": 0.0286, ""mean_pool1"": 0.0036, ""median_pool1"": 0.0367, ""trimmed_mean_pool1"": 0.0237, ""mean_pool2"": 0.0027, ""median_pool2"": 0.1969, ""trimmed_mean_pool2"": 0.1232, ""mean_pool3"": 0.0011, ""median_pool3"": 0.2777, ""trimmed_mean_pool3"": 0.213, ""best_rf"": 0.0036, ""best_catboost"": 0.002, ""best_ARIMA"": 0.0008, ""accept"": 0.0326}, ""input_tokens"": 1614, ""score"": 0.6569, ""rank"": 2, ""already_tested"": false}, {""iteration"": 2, ""action"": ""median_pool2"", ""confidence"": 0.7836, ""probability_of_chosen"": 0.8776, ""probabilities"": {""mean_pool_full"": 0.0002, ""median_pool_full"": 0.0326, ""trimmed_mean_pool_full"": 0.0266, ""mean_pool4"": 0.0004, ""median_pool4"": 0.0025, ""trimmed_mean_pool4"": 0.0007, ""mean_pool1"": 0.0007, ""median_pool1"": 0.0138, ""trimmed_mean_pool1"": 0.0043, ""mean_pool2"": 0.001, ""median_pool2"": 0.8776, ""trimmed_mean_pool2"": 0.0088, ""best_rf"": 0.0009, ""best_catboost"": 0.0008, ""best_ARIMA"": 0.0004, ""accept"": 0.0289}, ""input_tokens"": 1608, ""score"": 0.6608, ""rank"": 3, ""already_tested"": false}, {""iteration"": 3, ""action"": ""trimmed_mean_pool_full"", ""confidence"": 0.3497, ""probability_of_chosen"": 0.3395, ""probabilities"": {""mean_pool_full"": 0.0005, ""median_pool_full"": 0.2445, ""trimmed_mean_pool_full"": 0.3395, ""mean_pool4"": 0.0006, ""median_pool4"": 0.0077, ""trimmed_mean_pool4"": 0.0036, ""mean_pool1"": 0.0018, ""median_pool1"": 0.122, ""trimmed_mean_pool1"": 0.0264, ""mean_pool2"": 0.0035, ""median_pool2"": 0.1102, ""trimmed_mean_pool2"": 0.0666, ""best_rf"": 0.0027, ""best_catboost"": 0.0028, ""best_ARIMA"": 0.0008, ""accept"": 0.0668}, ""input_tokens"": 1603, ""score"": 0.6327, ""rank"": 2, ""already_tested"": false}, {""iteration"": 4, ""action"": ""trimmed_mean_pool_full"", ""confidence"": 0.332, ""probability_of_chosen"": 0.3794, ""probabilities"": {""mean_pool_full"": 0.0009, ""median_pool_full"": 0.1281, ""trimmed_mean_pool_full"": 0.3794, ""mean_pool4"": 0.0006, ""median_pool4"": 0.0029, ""trimmed_mean_pool4"": 0.0084, ""mean_pool1"": 0.005, ""median_pool1"": 0.0568, ""trimmed_mean_pool1"": 0.0753, ""mean_pool2"": 0.0117, ""median_pool2"": 0.0564, ""trimmed_mean_pool2"": 0.1878, ""best_rf"": 0.0035, ""best_catboost"": 0.0022, ""best_ARIMA"": 0.0008, ""accept"": 0.0802}, ""input_tokens"": 1610, ""score"": 0.6327, ""rank"": 2, ""already_tested"": true}, {""iteration"": 5, ""action"": ""trimmed_mean_pool_full"", ""confidence"": 0.332, ""probability_of_chosen"": 0.3794, ""probabilities"": {""mean_pool_full"": 0.0009, ""median_pool_full"": 0.1281, ""trimmed_mean_pool_full"": 0.3794, ""mean_pool4"": 0.0006, ""median_pool4"": 0.0029, ""trimmed_mean_pool4"": 0.0084, ""mean_pool1"": 0.005, ""median_pool1"": 0.0568, ""trimmed_mean_pool1"": 0.0753, ""mean_pool2"": 0.0117, ""median_pool2"": 0.0564, ""trimmed_mean_pool2"": 0.1878, ""best_rf"": 0.0035, ""best_catboost"": 0.0022, ""best_ARIMA"": 0.0008, ""accept"": 0.0802}, ""input_tokens"": 1610, ""score"": 0.6327, ""rank"": 2, ""already_tested"": true}, {""iteration"": 6, ""action"": ""trimmed_mean_pool_full"", ""confidence"": 0.332, ""probability_of_chosen"": 0.3794, ""probabilities"": {""mean_pool_full"": 0.0009, ""median_pool_full"": 0.1281, ""trimmed_mean_pool_full"": 0.3794, ""mean_pool4"": 0.0006, ""median_pool4"": 0.0029, ""trimmed_mean_pool4"": 0.0084, ""mean_pool1"": 0.005, ""median_pool1"": 0.0568, ""trimmed_mean_pool1"": 0.0753, ""mean_pool2"": 0.0117, ""median_pool2"": 0.0564, ""trimmed_mean_pool2"": 0.1878, ""best_rf"": 0.0035, ""best_catboost"": 0.0022, ""best_ARIMA"": 0.0008, ""accept"": 0.0802}, ""input_tokens"": 1610, ""score"": 0.6327, ""rank"": 2, ""already_tested"": true}]}, ""score"": 0.5925}";baseline;6;no new information in 3 consecutive turns;1.1166194222633783;879.5490718453525;laya_multilingual_laya_v0_ml8192
78;12;orchestrator_laya_laya_v0_ml8192;0.6090024603108464;63.63636363636363;0.39438718566524034;25.418778105159895;0.39399962676883704;21.156941645;[[25.0, 45.0, 65.0, 66.0, 45.0, 79.0, 20.0, 77.0, 90.0, 88.0, 25.0, 88.0]];[[61.82347911, 61.0817869, 61.7538998, 65.4550859, 64.67287109, 66.79157166, 67.660426, 71.38273216, 65.35141991, 62.62348895, 63.58782071, 64.58488569]];2023-12-31 00:00:00;2024-11-30 00:00:00;"{""strategy"": {""combine"": ""median"", ""pool"": ""pool_full""}, ""origin"": ""baseline"", ""loop"": {""final_attempt"": ""a2"", ""strategy"": {""combine"": ""median"", ""pool"": ""pool_full""}, ""iterations_used"": 3, ""stop_reason"": ""no new information in 3 consecutive turns"", ""trace"": [{""iteration"": 1, ""action"": ""median_pool_full"", ""confidence"": 0.4563, ""probability_of_chosen"": 0.3962, ""probabilities"": {""mean_pool_full"": 0.007, ""median_pool_full"": 0.3962, ""trimmed_mean_pool_full"": 0.0898, ""mean_pool1"": 0.0015, ""median_pool1"": 0.0008, ""trimmed_mean_pool1"": 0.0062, ""mean_pool2"": 0.0146, ""median_pool2"": 0.0368, ""trimmed_mean_pool2"": 0.0424, ""mean_pool3"": 0.0006, ""median_pool3"": 0.001, ""trimmed_mean_pool3"": 0.0273, ""best_ONLY_CWT_catboost"": 0.3664, ""best_THETA"": 0.0007, ""best_ARIMA"": 0.0003, ""accept"": 0.0084}, ""input_tokens"": 1521, ""score"": 0.6721, ""rank"": 1, ""already_tested"": true}, {""iteration"": 2, ""action"": ""median_pool_full"", ""confidence"": 0.4814, ""probability_of_chosen"": 0.554, ""probabilities"": {""mean_pool_full"": 0.0039, ""median_pool_full"": 0.554, ""trimmed_mean_pool_full"": 0.1563, ""mean_pool4"": 0.0026, ""median_pool4"": 0.0016, ""trimmed_mean_pool4"": 0.0048, ""mean_pool1"": 0.002, ""median_pool1"": 0.0159, ""trimmed_mean_pool1"": 0.0123, ""mean_pool2"": 0.0026, ""median_pool2"": 0.0171, ""trimmed_mean_pool2"": 0.1236, ""best_ONLY_CWT_catboost"": 0.0933, ""best_THETA"": 0.0008, ""best_ARIMA"": 0.0003, ""accept"": 0.0089}, ""input_tokens"": 1521, ""score"": 0.6721, ""rank"": 1, ""already_tested"": true}, {""iteration"": 3, ""action"": ""median_pool_full"", ""confidence"": 0.4814, ""probability_of_chosen"": 0.554, ""probabilities"": {""mean_pool_full"": 0.0039, ""median_pool_full"": 0.554, ""trimmed_mean_pool_full"": 0.1563, ""mean_pool4"": 0.0026, ""median_pool4"": 0.0016, ""trimmed_mean_pool4"": 0.0048, ""mean_pool1"": 0.002, ""median_pool1"": 0.0159, ""trimmed_mean_pool1"": 0.0123, ""mean_pool2"": 0.0026, ""median_pool2"": 0.0171, ""trimmed_mean_pool2"": 0.1236, ""best_ONLY_CWT_catboost"": 0.0933, ""best_THETA"": 0.0008, ""best_ARIMA"": 0.0003, ""accept"": 0.0089}, ""input_tokens"": 1521, ""score"": 0.6721, ""rank"": 1, ""already_tested"": true}]}, ""score"": 0.6721}";baseline;3;no new information in 3 consecutive turns;0.39438718566524034;25.418778105159895;laya_multilingual_laya_v0_ml8192
79;12;orchestrator_laya_laya_v0_ml8192;0.1240144034315445;63.63636363636363;0.11527609847730691;35017.226734788295;0.11527607760897239;31879.933044509165;[[306762.262, 261165.719, 233943.837, 261123.722, 257605.312, 256847.697, 246677.997, 262480.027, 270374.723, 259733.25, 282884.912, 271776.827]];[[306230.82369265, 284127.41024668, 284765.4477139, 290914.25124261, 286367.66389668, 311467.84500185, 290008.4344962, 291434.96121923, 311686.48231587, 297803.87023772, 297800.03595637, 300265.37889965]];2023-12-31 00:00:00;2024-11-30 00:00:00;"{""strategy"": {""combine"": ""best_single"", ""model"": ""ONLY_DWT_rf"", ""pool"": ""pool_full""}, ""origin"": ""agent"", ""loop"": {""final_attempt"": ""a10"", ""strategy"": {""combine"": ""best_single"", ""model"": ""ONLY_DWT_rf"", ""pool"": ""pool_full""}, ""iterations_used"": 4, ""stop_reason"": ""no new information in 3 consecutive turns"", ""trace"": [{""iteration"": 1, ""action"": ""best_ONLY_DWT_rf"", ""confidence"": 0.9178, ""probability_of_chosen"": 0.9649, ""probabilities"": {""mean_pool_full"": 0.0009, ""median_pool_full"": 0.0005, ""trimmed_mean_pool_full"": 0.0017, ""mean_pool1"": 0.0011, ""median_pool1"": 0.0001, ""trimmed_mean_pool1"": 0.0006, ""mean_pool2"": 0.0003, ""median_pool2"": 0.0044, ""trimmed_mean_pool2"": 0.0107, ""mean_pool3"": 0.0001, ""median_pool3"": 0.0032, ""trimmed_mean_pool3"": 0.0056, ""best_FT_rf"": 0.0021, ""best_DWT_rf"": 0.0009, ""best_ONLY_DWT_rf"": 0.9649, ""accept"": 0.0027}, ""input_tokens"": 1701, ""score"": 0.5992, ""rank"": 1, ""already_tested"": false}, {""iteration"": 2, ""action"": ""best_ONLY_DWT_rf"", ""confidence"": 0.9623, ""probability_of_chosen"": 0.9858, ""probabilities"": {""mean_pool_full"": 0.0001, ""median_pool_full"": 0.0002, ""trimmed_mean_pool_full"": 0.0026, ""mean_pool4"": 0.0001, ""median_pool4"": 0.0, ""trimmed_mean_pool4"": 0.0002, ""mean_pool1"": 0.0, ""median_pool1"": 0.0013, ""trimmed_mean_pool1"": 0.0038, ""mean_pool2"": 0.0001, ""median_pool2"": 0.0012, ""trimmed_mean_pool2"": 0.0007, ""best_FT_rf"": 0.0019, ""best_DWT_rf"": 0.0007, ""best_ONLY_DWT_rf"": 0.9858, ""accept"": 0.0013}, ""input_tokens"": 1697, ""score"": 0.5992, ""rank"": 1, ""already_tested"": true}, {""iteration"": 3, ""action"": ""best_ONLY_DWT_rf"", ""confidence"": 0.9623, ""probability_of_chosen"": 0.9858, ""probabilities"": {""mean_pool_full"": 0.0001, ""median_pool_full"": 0.0002, ""trimmed_mean_pool_full"": 0.0026, ""mean_pool4"": 0.0001, ""median_pool4"": 0.0, ""trimmed_mean_pool4"": 0.0002, ""mean_pool1"": 0.0, ""median_pool1"": 0.0013, ""trimmed_mean_pool1"": 0.0038, ""mean_pool2"": 0.0001, ""median_pool2"": 0.0012, ""trimmed_mean_pool2"": 0.0007, ""best_FT_rf"": 0.0019, ""best_DWT_rf"": 0.0007, ""best_ONLY_DWT_rf"": 0.9858, ""accept"": 0.0013}, ""input_tokens"": 1697, ""score"": 0.5992, ""rank"": 1, ""already_tested"": true}, {""iteration"": 4, ""action"": ""best_ONLY_DWT_rf"", ""confidence"": 0.9623, ""probability_of_chosen"": 0.9858, ""probabilities"": {""mean_pool_full"": 0.0001, ""median_pool_full"": 0.0002, ""trimmed_mean_pool_full"": 0.0026, ""mean_pool4"": 0.0001, ""median_pool4"": 0.0, ""trimmed_mean_pool4"": 0.0002, ""mean_pool1"": 0.0, ""median_pool1"": 0.0013, ""trimmed_mean_pool1"": 0.0038, ""mean_pool2"": 0.0001, ""median_pool2"": 0.0012, ""trimmed_mean_pool2"": 0.0007, ""best_FT_rf"": 0.0019, ""best_DWT_rf"": 0.0007, ""best_ONLY_DWT_rf"": 0.9858, ""accept"": 0.0013}, ""input_tokens"": 1697, ""score"": 0.5992, ""rank"": 1, ""already_tested"": true}]}, ""score"": 0.5992}";agent;4;no new information in 3 consecutive turns;0.06591391510739263;20178.046104819474;laya_multilingual_laya_v0_ml8192
80;12;orchestrator_laya_laya_v0_ml8192;0.22543336009508375;81.81818181818181;0.25464492930391425;20824.72200567664;0.25464477188473783;20613.123782294995;[[94181.706, 89399.202, 87861.67, 96114.949, 93048.502, 94114.929, 85639.457, 89491.868, 90865.611, 88718.292, 93530.533, 92326.803]];[[73368.69059712, 72628.66124617, 67940.384325, 72688.97415097, 68688.79536595, 66437.16847629, 67578.17601673, 69506.88670574, 71047.55102149, 69965.54908548, 75389.74899659, 72695.45062493]];2023-12-31 00:00:00;2024-11-30 00:00:00;"{""strategy"": {""combine"": ""median"", ""pool"": ""pool1""}, ""origin"": ""agent"", ""loop"": {""final_attempt"": ""a11"", ""strategy"": {""combine"": ""median"", ""pool"": ""pool1""}, ""iterations_used"": 5, ""stop_reason"": ""no new information in 3 consecutive turns"", ""trace"": [{""iteration"": 1, ""action"": ""median_pool2"", ""confidence"": 0.5104, ""probability_of_chosen"": 0.5001, ""probabilities"": {""mean_pool_full"": 0.0009, ""median_pool_full"": 0.0238, ""trimmed_mean_pool_full"": 0.005, ""mean_pool1"": 0.0012, ""median_pool1"": 0.0108, ""trimmed_mean_pool1"": 0.0032, ""mean_pool2"": 0.0013, ""median_pool2"": 0.5001, ""trimmed_mean_pool2"": 0.0126, ""mean_pool3"": 0.0005, ""median_pool3"": 0.0221, ""trimmed_mean_pool3"": 0.0121, ""best_NaiveMovingAverage"": 0.3437, ""best_ONLY_FT_rf"": 0.0226, ""best_FT_catboost"": 0.0165, ""accept"": 0.0237}, ""input_tokens"": 1605, ""score"": 0.7901, ""rank"": 10, ""already_tested"": false}, {""iteration"": 2, ""action"": ""median_pool1"", ""confidence"": 0.2896, ""probability_of_chosen"": 0.3045, ""probabilities"": {""mean_pool_full"": 0.0014, ""median_pool_full"": 0.0723, ""trimmed_mean_pool_full"": 0.0254, ""mean_pool4"": 0.0034, ""median_pool4"": 0.0209, ""trimmed_mean_pool4"": 0.0054, ""mean_pool1"": 0.0018, ""median_pool1"": 0.3045, ""trimmed_mean_pool1"": 0.0179, ""mean_pool2"": 0.0068, ""median_pool2"": 0.0873, ""trimmed_mean_pool2"": 0.068, ""best_NaiveMovingAverage"": 0.2952, ""best_ONLY_FT_rf"": 0.0274, ""best_FT_catboost"": 0.0264, ""accept"": 0.0361}, ""input_tokens"": 1605, ""score"": 0.5319, ""rank"": 1, ""already_tested"": false}, {""iteration"": 3, ""action"": ""median_pool2"", ""confidence"": 0.454, ""probability_of_chosen"": 0.5342, ""probabilities"": {""mean_pool_full"": 0.0035, ""median_pool_full"": 0.0377, ""trimmed_mean_pool_full"": 0.0595, ""mean_pool4"": 0.0012, ""median_pool4"": 0.0122, ""trimmed_mean_pool4"": 0.0012, ""mean_pool1"": 0.0021, ""median_pool1"": 0.2298, ""trimmed_mean_pool1"": 0.0023, ""mean_pool2"": 0.0043, ""median_pool2"": 0.5342, ""trimmed_mean_pool2"": 0.0051, ""best_NaiveMovingAverage"": 0.0297, ""best_ONLY_FT_rf"": 0.0161, ""best_FT_catboost"": 0.0232, ""accept"": 0.0378}, ""input_tokens"": 1599, ""score"": 0.7901, ""rank"": 11, ""already_tested"": true}, {""iteration"": 4, ""action"": ""median_pool2"", ""confidence"": 0.454, ""probability_of_chosen"": 0.5342, ""probabilities"": {""mean_pool_full"": 0.0035, ""median_pool_full"": 0.0377, ""trimmed_mean_pool_full"": 0.0595, ""mean_pool4"": 0.0012, ""median_pool4"": 0.0122, ""trimmed_mean_pool4"": 0.0012, ""mean_pool1"": 0.0021, ""median_pool1"": 0.2298, ""trimmed_mean_pool1"": 0.0023, ""mean_pool2"": 0.0043, ""median_pool2"": 0.5342, ""trimmed_mean_pool2"": 0.0051, ""best_NaiveMovingAverage"": 0.0297, ""best_ONLY_FT_rf"": 0.0161, ""best_FT_catboost"": 0.0232, ""accept"": 0.0378}, ""input_tokens"": 1599, ""score"": 0.7901, ""rank"": 11, ""already_tested"": true}, {""iteration"": 5, ""action"": ""median_pool2"", ""confidence"": 0.454, ""probability_of_chosen"": 0.5342, ""probabilities"": {""mean_pool_full"": 0.0035, ""median_pool_full"": 0.0377, ""trimmed_mean_pool_full"": 0.0595, ""mean_pool4"": 0.0012, ""median_pool4"": 0.0122, ""trimmed_mean_pool4"": 0.0012, ""mean_pool1"": 0.0021, ""median_pool1"": 0.2298, ""trimmed_mean_pool1"": 0.0023, ""mean_pool2"": 0.0043, ""median_pool2"": 0.5342, ""trimmed_mean_pool2"": 0.0051, ""best_NaiveMovingAverage"": 0.0297, ""best_ONLY_FT_rf"": 0.0161, ""best_FT_catboost"": 0.0232, ""accept"": 0.0378}, ""input_tokens"": 1599, ""score"": 0.7901, ""rank"": 11, ""already_tested"": true}]}, ""score"": 0.5319}";agent;5;no new information in 3 consecutive turns;0.20882411756092975;17486.23939239487;laya_multilingual_laya_v0_ml8192
81;12;orchestrator_laya_laya_v0_ml8192;0.33827888065224704;63.63636363636363;0.2884345050986965;1310.7572819056059;0.2884310953644874;1232.9584980477775;[[3956.895, 3525.687, 3258.689, 4011.336, 3494.487, 4255.321, 3037.398, 6513.147, 2955.254, 3728.223, 3517.309, 3973.714]];[[4832.414266193333, 4741.749873003334, 4400.315459639999, 4720.384978763333, 4773.713021906667, 4708.879515133333, 4572.41025322, 4740.880727243333, 5044.47653921, 5095.671272523333, 5023.3981209466665, 4824.135403276666]];2023-12-31 00:00:00;2024-11-30 00:00:00;"{""strategy"": {""combine"": ""trimmed_mean"", ""pool"": ""pool1"", ""trim_pct"": 0.2}, ""origin"": ""baseline"", ""loop"": {""final_attempt"": ""a5"", ""strategy"": {""combine"": ""trimmed_mean"", ""pool"": ""pool1"", ""trim_pct"": 0.2}, ""iterations_used"": 4, ""stop_reason"": ""no new information in 3 consecutive turns"", ""trace"": [{""iteration"": 1, ""action"": ""trimmed_mean_pool_full"", ""confidence"": 0.2671, ""probability_of_chosen"": 0.2642, ""probabilities"": {""mean_pool_full"": 0.1788, ""median_pool_full"": 0.0742, ""trimmed_mean_pool_full"": 0.2642, ""mean_pool1"": 0.0169, ""median_pool1"": 0.0045, ""trimmed_mean_pool1"": 0.0068, ""mean_pool2"": 0.0313, ""median_pool2"": 0.226, ""trimmed_mean_pool2"": 0.0263, ""mean_pool3"": 0.0032, ""median_pool3"": 0.0127, ""trimmed_mean_pool3"": 0.0282, ""best_ETS"": 0.0012, ""best_THETA"": 0.0007, ""best_NaiveMovingAverage"": 0.0987, ""accept"": 0.0261}, ""input_tokens"": 1559, ""score"": 0.7279, ""rank"": 7, ""already_tested"": false}, {""iteration"": 2, ""action"": ""trimmed_mean_pool_full"", ""confidence"": 0.3712, ""probability_of_chosen"": 0.5374, ""probabilities"": {""mean_pool_full"": 0.0702, ""median_pool_full"": 0.0555, ""trimmed_mean_pool_full"": 0.5374, ""mean_pool4"": 0.0369, ""median_pool4"": 0.005, ""trimmed_mean_pool4"": 0.0055, ""mean_pool1"": 0.0146, ""median_pool1"": 0.0251, ""trimmed_mean_pool1"": 0.0144, ""mean_pool2"": 0.0104, ""median_pool2"": 0.0891, ""trimmed_mean_pool2"": 0.0739, ""best_ETS"": 0.0007, ""best_THETA"": 0.0004, ""best_NaiveMovingAverage"": 0.0433, ""accept"": 0.0175}, ""input_tokens"": 1559, ""score"": 0.7279, ""rank"": 7, ""already_tested"": true}, {""iteration"": 3, ""action"": ""trimmed_mean_pool_full"", ""confidence"": 0.3712, ""probability_of_chosen"": 0.5374, ""probabilities"": {""mean_pool_full"": 0.0702, ""median_pool_full"": 0.0555, ""trimmed_mean_pool_full"": 0.5374, ""mean_pool4"": 0.0369, ""median_pool4"": 0.005, ""trimmed_mean_pool4"": 0.0055, ""mean_pool1"": 0.0146, ""median_pool1"": 0.0251, ""trimmed_mean_pool1"": 0.0144, ""mean_pool2"": 0.0104, ""median_pool2"": 0.0891, ""trimmed_mean_pool2"": 0.0739, ""best_ETS"": 0.0007, ""best_THETA"": 0.0004, ""best_NaiveMovingAverage"": 0.0433, ""accept"": 0.0175}, ""input_tokens"": 1559, ""score"": 0.7279, ""rank"": 7, ""already_tested"": true}, {""iteration"": 4, ""action"": ""trimmed_mean_pool_full"", ""confidence"": 0.3712, ""probability_of_chosen"": 0.5374, ""probabilities"": {""mean_pool_full"": 0.0702, ""median_pool_full"": 0.0555, ""trimmed_mean_pool_full"": 0.5374, ""mean_pool4"": 0.0369, ""median_pool4"": 0.005, ""trimmed_mean_pool4"": 0.0055, ""mean_pool1"": 0.0146, ""median_pool1"": 0.0251, ""trimmed_mean_pool1"": 0.0144, ""mean_pool2"": 0.0104, ""median_pool2"": 0.0891, ""trimmed_mean_pool2"": 0.0739, ""best_ETS"": 0.0007, ""best_THETA"": 0.0004, ""best_NaiveMovingAverage"": 0.0433, ""accept"": 0.0175}, ""input_tokens"": 1559, ""score"": 0.7279, ""rank"": 7, ""already_tested"": true}]}, ""score"": 0.6633}";baseline;4;no new information in 3 consecutive turns;0.2884345050986965;1310.7572819056059;laya_multilingual_laya_v0_ml8192
82;12;orchestrator_laya_laya_v0_ml8192;0.8273300305765944;27.272727272727273;0.5853560170346254;26.448339241485062;0.5845846274261184;23.175836013333335;[[23.337, 46.704, 23.188, 23.656, 23.173, 23.408, 46.94, 76.575, 32.82, 23.368, 23.503, 23.463]];[[42.04404944, 23.61352734, 78.43263235, 55.68377966, 38.6212029, 40.82836253, 54.47179937, 37.67763613, 45.95467996, 48.77229945, 36.21236535, 41.95702462]];2023-12-31 00:00:00;2024-11-30 00:00:00;"{""strategy"": {""combine"": ""best_single"", ""model"": ""ONLY_FT_catboost"", ""pool"": ""pool_full""}, ""origin"": ""agent"", ""loop"": {""final_attempt"": ""a10"", ""strategy"": {""combine"": ""best_single"", ""model"": ""ONLY_FT_catboost"", ""pool"": ""pool_full""}, ""iterations_used"": 4, ""stop_reason"": ""no new information in 3 consecutive turns"", ""trace"": [{""iteration"": 1, ""action"": ""best_ONLY_FT_catboost"", ""confidence"": 0.7603, ""probability_of_chosen"": 0.8167, ""probabilities"": {""mean_pool_full"": 0.0001, ""median_pool_full"": 0.001, ""trimmed_mean_pool_full"": 0.0065, ""mean_pool1"": 0.0026, ""median_pool1"": 0.0009, ""trimmed_mean_pool1"": 0.0027, ""mean_pool2"": 0.0004, ""median_pool2"": 0.023, ""trimmed_mean_pool2"": 0.007, ""mean_pool3"": 0.0001, ""median_pool3"": 0.0005, ""trimmed_mean_pool3"": 0.0007, ""best_ONLY_FT_catboost"": 0.8167, ""best_DWT_catboost"": 0.0005, ""best_FT_catboost"": 0.1354, ""accept"": 0.002}, ""input_tokens"": 1548, ""score"": 0.625, ""rank"": 1, ""already_tested"": false}, {""iteration"": 2, ""action"": ""best_ONLY_FT_catboost"", ""confidence"": 0.9128, ""probability_of_chosen"": 0.9502, ""probabilities"": {""mean_pool_full"": 0.0, ""median_pool_full"": 0.0003, ""trimmed_mean_pool_full"": 0.005, ""mean_pool4"": 0.0002, ""median_pool4"": 0.0001, ""trimmed_mean_pool4"": 0.0002, ""mean_pool1"": 0.0001, ""median_pool1"": 0.0022, ""trimmed_mean_pool1"": 0.001, ""mean_pool2"": 0.0, ""median_pool2"": 0.0001, ""trimmed_mean_pool2"": 0.0005, ""best_ONLY_FT_catboost"": 0.9502, ""best_DWT_catboost"": 0.0003, ""best_FT_catboost"": 0.0392, ""accept"": 0.0006}, ""input_tokens"": 1550, ""score"": 0.625, ""rank"": 1, ""already_tested"": true}, {""iteration"": 3, ""action"": ""best_ONLY_FT_catboost"", ""confidence"": 0.9128, ""probability_of_chosen"": 0.9502, ""probabilities"": {""mean_pool_full"": 0.0, ""median_pool_full"": 0.0003, ""trimmed_mean_pool_full"": 0.005, ""mean_pool4"": 0.0002, ""median_pool4"": 0.0001, ""trimmed_mean_pool4"": 0.0002, ""mean_pool1"": 0.0001, ""median_pool1"": 0.0022, ""trimmed_mean_pool1"": 0.001, ""mean_pool2"": 0.0, ""median_pool2"": 0.0001, ""trimmed_mean_pool2"": 0.0005, ""best_ONLY_FT_catboost"": 0.9502, ""best_DWT_catboost"": 0.0003, ""best_FT_catboost"": 0.0392, ""accept"": 0.0006}, ""input_tokens"": 1550, ""score"": 0.625, ""rank"": 1, ""already_tested"": true}, {""iteration"": 4, ""action"": ""best_ONLY_FT_catboost"", ""confidence"": 0.9128, ""probability_of_chosen"": 0.9502, ""probabilities"": {""mean_pool_full"": 0.0, ""median_pool_full"": 0.0003, ""trimmed_mean_pool_full"": 0.005, ""mean_pool4"": 0.0002, ""median_pool4"": 0.0001, ""trimmed_mean_pool4"": 0.0002, ""mean_pool1"": 0.0001, ""median_pool1"": 0.0022, ""trimmed_mean_pool1"": 0.001, ""mean_pool2"": 0.0, ""median_pool2"": 0.0001, ""trimmed_mean_pool2"": 0.0005, ""best_ONLY_FT_catboost"": 0.9502, ""best_DWT_catboost"": 0.0003, ""best_FT_catboost"": 0.0392, ""accept"": 0.0006}, ""input_tokens"": 1550, ""score"": 0.625, ""rank"": 1, ""already_tested"": true}]}, ""score"": 0.625}";agent;4;no new information in 3 consecutive turns;0.41431328905112613;18.096291318241356;laya_multilingual_laya_v0_ml8192
83;12;orchestrator_laya_laya_v0_ml8192;0.0411924244403942;72.72727272727273;0.04008522017572978;3073.0864297807825;0.04008518445716177;2253.6881363630673;[[61816.847, 57329.5, 49413.5, 54537.139, 56179.0, 56747.63, 53148.25, 59045.7, 59684.5, 57603.5, 61174.589, 55477.125]];[[59195.619583113905, 57588.92556309856, 57288.870550914726, 57288.870550914726, 55649.95233747842, 57660.18476429461, 57396.19711875262, 57338.6681713842, 58288.20581135027, 57735.12855483319, 57838.82974173801, 56753.364178613185]];2023-12-31 00:00:00;2024-11-30 00:00:00;"{""strategy"": {""combine"": ""dba"", ""pool"": ""pool_full"", ""dba_max_iter"": 30}, ""origin"": ""baseline"", ""loop"": {""final_attempt"": ""a3"", ""strategy"": {""combine"": ""dba"", ""pool"": ""pool_full"", ""dba_max_iter"": 30}, ""iterations_used"": 5, ""stop_reason"": ""no new information in 3 consecutive turns"", ""trace"": [{""iteration"": 1, ""action"": ""median_pool3"", ""confidence"": 0.3564, ""probability_of_chosen"": 0.3502, ""probabilities"": {""mean_pool_full"": 0.0004, ""median_pool_full"": 0.1426, ""trimmed_mean_pool_full"": 0.0405, ""mean_pool1"": 0.0021, ""median_pool1"": 0.0151, ""trimmed_mean_pool1"": 0.0107, ""mean_pool2"": 0.0076, ""median_pool2"": 0.277, ""trimmed_mean_pool2"": 0.074, ""mean_pool3"": 0.0024, ""median_pool3"": 0.3502, ""trimmed_mean_pool3"": 0.0423, ""best_THETA"": 0.0073, ""best_ETS"": 0.001, ""best_ARIMA"": 0.0027, ""accept"": 0.0242}, ""input_tokens"": 1612, ""score"": 0.8191, ""rank"": 6, ""already_tested"": false}, {""iteration"": 2, ""action"": ""median_pool2"", ""confidence"": 0.8334, ""probability_of_chosen"": 0.902, ""probabilities"": {""mean_pool_full"": 0.0001, ""median_pool_full"": 0.0015, ""trimmed_mean_pool_full"": 0.0139, ""mean_pool4"": 0.0001, ""median_pool4"": 0.004, ""trimmed_mean_pool4"": 0.0039, ""mean_pool1"": 0.0001, ""median_pool1"": 0.0595, ""trimmed_mean_pool1"": 0.0053, ""mean_pool2"": 0.0002, ""median_pool2"": 0.902, ""trimmed_mean_pool2"": 0.0035, ""best_THETA"": 0.0011, ""best_ETS"": 0.0002, ""best_ARIMA"": 0.0006, ""accept"": 0.004}, ""input_tokens"": 1612, ""score"": 0.8649, ""rank"": 9, ""already_tested"": false}, {""iteration"": 3, ""action"": ""median_pool2"", ""confidence"": 0.8334, ""probability_of_chosen"": 0.902, ""probabilities"": {""mean_pool_full"": 0.0001, ""median_pool_full"": 0.0015, ""trimmed_mean_pool_full"": 0.0139, ""mean_pool4"": 0.0001, ""median_pool4"": 0.004, ""trimmed_mean_pool4"": 0.0039, ""mean_pool1"": 0.0001, ""median_pool1"": 0.0595, ""trimmed_mean_pool1"": 0.0053, ""mean_pool2"": 0.0002, ""median_pool2"": 0.902, ""trimmed_mean_pool2"": 0.0035, ""best_THETA"": 0.0011, ""best_ETS"": 0.0002, ""best_ARIMA"": 0.0006, ""accept"": 0.004}, ""input_tokens"": 1612, ""score"": 0.8649, ""rank"": 9, ""already_tested"": true}, {""iteration"": 4, ""action"": ""median_pool2"", ""confidence"": 0.8334, ""probability_of_chosen"": 0.902, ""probabilities"": {""mean_pool_full"": 0.0001, ""median_pool_full"": 0.0015, ""trimmed_mean_pool_full"": 0.0139, ""mean_pool4"": 0.0001, ""median_pool4"": 0.004, ""trimmed_mean_pool4"": 0.0039, ""mean_pool1"": 0.0001, ""median_pool1"": 0.0595, ""trimmed_mean_pool1"": 0.0053, ""mean_pool2"": 0.0002, ""median_pool2"": 0.902, ""trimmed_mean_pool2"": 0.0035, ""best_THETA"": 0.0011, ""best_ETS"": 0.0002, ""best_ARIMA"": 0.0006, ""accept"": 0.004}, ""input_tokens"": 1612, ""score"": 0.8649, ""rank"": 9, ""already_tested"": true}, {""iteration"": 5, ""action"": ""median_pool2"", ""confidence"": 0.8334, ""probability_of_chosen"": 0.902, ""probabilities"": {""mean_pool_full"": 0.0001, ""median_pool_full"": 0.0015, ""trimmed_mean_pool_full"": 0.0139, ""mean_pool4"": 0.0001, ""median_pool4"": 0.004, ""trimmed_mean_pool4"": 0.0039, ""mean_pool1"": 0.0001, ""median_pool1"": 0.0595, ""trimmed_mean_pool1"": 0.0053, ""mean_pool2"": 0.0002, ""median_pool2"": 0.902, ""trimmed_mean_pool2"": 0.0035, ""best_THETA"": 0.0011, ""best_ETS"": 0.0002, ""best_ARIMA"": 0.0006, ""accept"": 0.004}, ""input_tokens"": 1612, ""score"": 0.8649, ""rank"": 9, ""already_tested"": true}]}, ""score"": 0.6201}";baseline;5;no new information in 3 consecutive turns;0.04008522017572978;3073.0864297807825;laya_multilingual_laya_v0_ml8192
84;12;orchestrator_laya_laya_v0_ml8192;0.040043570984825125;72.72727272727273;0.03889460009352832;1760.386766816178;0.03889454520527021;1382.4967008119063;[[39848.0, 35655.3, 30847.0, 34266.548, 35730.2, 36918.5, 34225.3, 39678.5, 36309.7, 36576.5, 38327.1, 34302.3]];[[38365.70423632429, 35307.06833317714, 34851.16154488858, 36024.56910396572, 35850.92267638715, 36924.442678284286, 36716.95877854857, 39119.24772118143, 37853.925657682856, 37735.22343422286, 37327.81242978999, 36419.73725623571]];2023-12-31 00:00:00;2024-11-30 00:00:00;"{""strategy"": {""combine"": ""mean"", ""pool"": ""pool2""}, ""origin"": ""baseline"", ""loop"": {""final_attempt"": ""a6"", ""strategy"": {""combine"": ""mean"", ""pool"": ""pool2""}, ""iterations_used"": 5, ""stop_reason"": ""no new information in 3 consecutive turns"", ""trace"": [{""iteration"": 1, ""action"": ""trimmed_mean_pool2"", ""confidence"": 0.2927, ""probability_of_chosen"": 0.3136, ""probabilities"": {""mean_pool_full"": 0.0019, ""median_pool_full"": 0.0358, ""trimmed_mean_pool_full"": 0.1614, ""mean_pool1"": 0.0092, ""median_pool1"": 0.0048, ""trimmed_mean_pool1"": 0.0194, ""mean_pool2"": 0.0112, ""median_pool2"": 0.0812, ""trimmed_mean_pool2"": 0.3136, ""mean_pool3"": 0.0011, ""median_pool3"": 0.0121, ""trimmed_mean_pool3"": 0.2155, ""best_THETA"": 0.019, ""best_ETS"": 0.0005, ""best_FT_catboost"": 0.092, ""accept"": 0.0213}, ""input_tokens"": 1589, ""score"": 0.6928, ""rank"": 4, ""already_tested"": true}, {""iteration"": 2, ""action"": ""trimmed_mean_pool_full"", ""confidence"": 0.5709, ""probability_of_chosen"": 0.4885, ""probabilities"": {""mean_pool_full"": 0.0003, ""median_pool_full"": 0.0077, ""trimmed_mean_pool_full"": 0.4885, ""mean_pool4"": 0.0015, ""median_pool4"": 0.0019, ""trimmed_mean_pool4"": 0.0071, ""mean_pool1"": 0.0008, ""median_pool1"": 0.0082, ""trimmed_mean_pool1"": 0.0282, ""mean_pool2"": 0.0011, ""median_pool2"": 0.0312, ""trimmed_mean_pool2"": 0.3987, ""best_THETA"": 0.003, ""best_ETS"": 0.0001, ""best_FT_catboost"": 0.014, ""accept"": 0.0076}, ""input_tokens"": 1589, ""score"": 0.7064, ""rank"": 8, ""already_tested"": false}, {""iteration"": 3, ""action"": ""trimmed_mean_pool_full"", ""confidence"": 0.5709, ""probability_of_chosen"": 0.4885, ""probabilities"": {""mean_pool_full"": 0.0003, ""median_pool_full"": 0.0077, ""trimmed_mean_pool_full"": 0.4885, ""mean_pool4"": 0.0015, ""median_pool4"": 0.0019, ""trimmed_mean_pool4"": 0.0071, ""mean_pool1"": 0.0008, ""median_pool1"": 0.0082, ""trimmed_mean_pool1"": 0.0282, ""mean_pool2"": 0.0011, ""median_pool2"": 0.0312, ""trimmed_mean_pool2"": 0.3987, ""best_THETA"": 0.003, ""best_ETS"": 0.0001, ""best_FT_catboost"": 0.014, ""accept"": 0.0076}, ""input_tokens"": 1589, ""score"": 0.7064, ""rank"": 8, ""already_tested"": true}, {""iteration"": 4, ""action"": ""trimmed_mean_pool_full"", ""confidence"": 0.5709, ""probability_of_chosen"": 0.4885, ""probabilities"": {""mean_pool_full"": 0.0003, ""median_pool_full"": 0.0077, ""trimmed_mean_pool_full"": 0.4885, ""mean_pool4"": 0.0015, ""median_pool4"": 0.0019, ""trimmed_mean_pool4"": 0.0071, ""mean_pool1"": 0.0008, ""median_pool1"": 0.0082, ""trimmed_mean_pool1"": 0.0282, ""mean_pool2"": 0.0011, ""median_pool2"": 0.0312, ""trimmed_mean_pool2"": 0.3987, ""best_THETA"": 0.003, ""best_ETS"": 0.0001, ""best_FT_catboost"": 0.014, ""accept"": 0.0076}, ""input_tokens"": 1589, ""score"": 0.7064, ""rank"": 8, ""already_tested"": true}, {""iteration"": 5, ""action"": ""trimmed_mean_pool_full"", ""confidence"": 0.5709, ""probability_of_chosen"": 0.4885, ""probabilities"": {""mean_pool_full"": 0.0003, ""median_pool_full"": 0.0077, ""trimmed_mean_pool_full"": 0.4885, ""mean_pool4"": 0.0015, ""median_pool4"": 0.0019, ""trimmed_mean_pool4"": 0.0071, ""mean_pool1"": 0.0008, ""median_pool1"": 0.0082, ""trimmed_mean_pool1"": 0.0282, ""mean_pool2"": 0.0011, ""median_pool2"": 0.0312, ""trimmed_mean_pool2"": 0.3987, ""best_THETA"": 0.003, ""best_ETS"": 0.0001, ""best_FT_catboost"": 0.014, ""accept"": 0.0076}, ""input_tokens"": 1589, ""score"": 0.7064, ""rank"": 8, ""already_tested"": true}]}, ""score"": 0.6698}";baseline;5;no new information in 3 consecutive turns;0.03889460009352832;1760.386766816178;laya_multilingual_laya_v0_ml8192
85;12;orchestrator_laya_laya_v0_ml8192;6.848784423727735e+16;72.72727272727273;1.38972951184982;50.91175724868739;1.3877438306205008;50.06428230749999;[[20.0, 45.0, 15.0, 20.0, 5.0, 30.0, 0.0, 0.0, 10.0, 0.0, 15.0, 5.0]];[[58.75466493, 81.11384142, 60.14465378, 69.83281397, 63.13837502, 67.00897142, 64.15236671, 58.24209705, 59.77786954, 60.09381203, 60.72531226, 62.78660956]];2023-12-31 00:00:00;2024-11-30 00:00:00;"{""strategy"": {""combine"": ""best_single"", ""model"": ""ONLY_DWT_rf"", ""pool"": ""pool_full""}, ""origin"": ""agent"", ""loop"": {""final_attempt"": ""a10"", ""strategy"": {""combine"": ""best_single"", ""model"": ""ONLY_DWT_rf"", ""pool"": ""pool_full""}, ""iterations_used"": 5, ""stop_reason"": ""no new information in 3 consecutive turns"", ""trace"": [{""iteration"": 1, ""action"": ""best_ONLY_DWT_rf"", ""confidence"": 0.5721, ""probability_of_chosen"": 0.6918, ""probabilities"": {""mean_pool_full"": 0.0002, ""median_pool_full"": 0.0025, ""trimmed_mean_pool_full"": 0.1061, ""mean_pool1"": 0.0012, ""median_pool1"": 0.0065, ""trimmed_mean_pool1"": 0.0132, ""mean_pool2"": 0.0007, ""median_pool2"": 0.0478, ""trimmed_mean_pool2"": 0.0729, ""mean_pool3"": 0.0001, ""median_pool3"": 0.0229, ""trimmed_mean_pool3"": 0.0189, ""best_rf"": 0.0005, ""best_CWT_rf"": 0.0047, ""best_ONLY_DWT_rf"": 0.6918, ""accept"": 0.0099}, ""input_tokens"": 1539, ""score"": 0.6898, ""rank"": 1, ""already_tested"": false}, {""iteration"": 2, ""action"": ""trimmed_mean_pool_full"", ""confidence"": 0.5834, ""probability_of_chosen"": 0.5496, ""probabilities"": {""mean_pool_full"": 0.0001, ""median_pool_full"": 0.008, ""trimmed_mean_pool_full"": 0.5496, ""mean_pool4"": 0.0001, ""median_pool4"": 0.0008, ""trimmed_mean_pool4"": 0.0014, ""mean_pool1"": 0.0004, ""median_pool1"": 0.019, ""trimmed_mean_pool1"": 0.0287, ""mean_pool2"": 0.0002, ""median_pool2"": 0.0152, ""trimmed_mean_pool2"": 0.0245, ""best_rf"": 0.0003, ""best_CWT_rf"": 0.0039, ""best_ONLY_DWT_rf"": 0.3386, ""accept"": 0.0093}, ""input_tokens"": 1536, ""score"": 0.7183, ""rank"": 2, ""already_tested"": false}, {""iteration"": 3, ""action"": ""best_ONLY_DWT_rf"", ""confidence"": 0.6968, ""probability_of_chosen"": 0.7844, ""probabilities"": {""mean_pool_full"": 0.0002, ""median_pool_full"": 0.0814, ""trimmed_mean_pool_full"": 0.0262, ""mean_pool4"": 0.0003, ""median_pool4"": 0.0091, ""trimmed_mean_pool4"": 0.0001, ""mean_pool1"": 0.0004, ""median_pool1"": 0.0154, ""trimmed_mean_pool1"": 0.0002, ""mean_pool2"": 0.0005, ""median_pool2"": 0.0765, ""trimmed_mean_pool2"": 0.0004, ""best_rf"": 0.0002, ""best_CWT_rf"": 0.0019, ""best_ONLY_DWT_rf"": 0.7844, ""accept"": 0.003}, ""input_tokens"": 1534, ""score"": 0.6898, ""rank"": 1, ""already_tested"": true}, {""iteration"": 4, ""action"": ""best_ONLY_DWT_rf"", ""confidence"": 0.6968, ""probability_of_chosen"": 0.7844, ""probabilities"": {""mean_pool_full"": 0.0002, ""median_pool_full"": 0.0814, ""trimmed_mean_pool_full"": 0.0262, ""mean_pool4"": 0.0003, ""median_pool4"": 0.0091, ""trimmed_mean_pool4"": 0.0001, ""mean_pool1"": 0.0004, ""median_pool1"": 0.0154, ""trimmed_mean_pool1"": 0.0002, ""mean_pool2"": 0.0005, ""median_pool2"": 0.0765, ""trimmed_mean_pool2"": 0.0004, ""best_rf"": 0.0002, ""best_CWT_rf"": 0.0019, ""best_ONLY_DWT_rf"": 0.7844, ""accept"": 0.003}, ""input_tokens"": 1534, ""score"": 0.6898, ""rank"": 1, ""already_tested"": true}, {""iteration"": 5, ""action"": ""best_ONLY_DWT_rf"", ""confidence"": 0.6968, ""probability_of_chosen"": 0.7844, ""probabilities"": {""mean_pool_full"": 0.0002, ""median_pool_full"": 0.0814, ""trimmed_mean_pool_full"": 0.0262, ""mean_pool4"": 0.0003, ""median_pool4"": 0.0091, ""trimmed_mean_pool4"": 0.0001, ""mean_pool1"": 0.0004, ""median_pool1"": 0.0154, ""trimmed_mean_pool1"": 0.0002, ""mean_pool2"": 0.0005, ""median_pool2"": 0.0765, ""trimmed_mean_pool2"": 0.0004, ""best_rf"": 0.0002, ""best_CWT_rf"": 0.0019, ""best_ONLY_DWT_rf"": 0.7844, ""accept"": 0.003}, ""input_tokens"": 1534, ""score"": 0.6898, ""rank"": 1, ""already_tested"": true}]}, ""score"": 0.6898}";agent;5;no new information in 3 consecutive turns;1.3540299603385748;47.96135490307717;laya_multilingual_laya_v0_ml8192
86;12;orchestrator_laya_laya_v0_ml8192;0.5350707409196517;54.54545454545455;0.6997518395826908;2408.6064799967025;0.6997326371531783;1612.918958254167;[[2048.94, 2422.0, 921.9, 3388.53, 1378.658, 481.36, 1238.19, 3026.685, 4169.77, 7843.6, 2454.79, 1502.92]];[[1139.75700296, 955.52337382, 955.17786033, 1043.62298321, 1139.75700296, 1074.4763915, 1023.78327328, 991.45985171, 1051.10985673, 1139.75700296, 1139.75700296, 1120.92240219]];2023-12-31 00:00:00;2024-11-30 00:00:00;"{""strategy"": {""combine"": ""median"", ""pool"": ""pool_full""}, ""origin"": ""baseline"", ""loop"": {""final_attempt"": ""a2"", ""strategy"": {""combine"": ""median"", ""pool"": ""pool_full""}, ""iterations_used"": 4, ""stop_reason"": ""no new information in 3 consecutive turns"", ""trace"": [{""iteration"": 1, ""action"": ""best_ONLY_CWT_rf"", ""confidence"": 0.3272, ""probability_of_chosen"": 0.3895, ""probabilities"": {""mean_pool_full"": 0.0006, ""median_pool_full"": 0.0053, ""trimmed_mean_pool_full"": 0.0239, ""mean_pool1"": 0.0006, ""median_pool1"": 0.0099, ""trimmed_mean_pool1"": 0.0084, ""mean_pool2"": 0.0007, ""median_pool2"": 0.0401, ""trimmed_mean_pool2"": 0.2118, ""mean_pool3"": 0.0004, ""median_pool3"": 0.0682, ""trimmed_mean_pool3"": 0.0478, ""best_FT_rf"": 0.1226, ""best_ONLY_CWT_catboost"": 0.039, ""best_ONLY_CWT_rf"": 0.3895, ""accept"": 0.0311}, ""input_tokens"": 1623, ""score"": 0.8258, ""rank"": 10, ""already_tested"": false}, {""iteration"": 2, ""action"": ""best_ONLY_CWT_rf"", ""confidence"": 0.2971, ""probability_of_chosen"": 0.4044, ""probabilities"": {""mean_pool_full"": 0.0004, ""median_pool_full"": 0.0042, ""trimmed_mean_pool_full"": 0.0454, ""mean_pool4"": 0.0003, ""median_pool4"": 0.0115, ""trimmed_mean_pool4"": 0.013, ""mean_pool1"": 0.0004, ""median_pool1"": 0.0569, ""trimmed_mean_pool1"": 0.0999, ""mean_pool2"": 0.0006, ""median_pool2"": 0.0596, ""trimmed_mean_pool2"": 0.0834, ""best_FT_rf"": 0.142, ""best_ONLY_CWT_catboost"": 0.0421, ""best_ONLY_CWT_rf"": 0.4044, ""accept"": 0.0359}, ""input_tokens"": 1623, ""score"": 0.8258, ""rank"": 10, ""already_tested"": true}, {""iteration"": 3, ""action"": ""best_ONLY_CWT_rf"", ""confidence"": 0.2971, ""probability_of_chosen"": 0.4044, ""probabilities"": {""mean_pool_full"": 0.0004, ""median_pool_full"": 0.0042, ""trimmed_mean_pool_full"": 0.0454, ""mean_pool4"": 0.0003, ""median_pool4"": 0.0115, ""trimmed_mean_pool4"": 0.013, ""mean_pool1"": 0.0004, ""median_pool1"": 0.0569, ""trimmed_mean_pool1"": 0.0999, ""mean_pool2"": 0.0006, ""median_pool2"": 0.0596, ""trimmed_mean_pool2"": 0.0834, ""best_FT_rf"": 0.142, ""best_ONLY_CWT_catboost"": 0.0421, ""best_ONLY_CWT_rf"": 0.4044, ""accept"": 0.0359}, ""input_tokens"": 1623, ""score"": 0.8258, ""rank"": 10, ""already_tested"": true}, {""iteration"": 4, ""action"": ""best_ONLY_CWT_rf"", ""confidence"": 0.2971, ""probability_of_chosen"": 0.4044, ""probabilities"": {""mean_pool_full"": 0.0004, ""median_pool_full"": 0.0042, ""trimmed_mean_pool_full"": 0.0454, ""mean_pool4"": 0.0003, ""median_pool4"": 0.0115, ""trimmed_mean_pool4"": 0.013, ""mean_pool1"": 0.0004, ""median_pool1"": 0.0569, ""trimmed_mean_pool1"": 0.0999, ""mean_pool2"": 0.0006, ""median_pool2"": 0.0596, ""trimmed_mean_pool2"": 0.0834, ""best_FT_rf"": 0.142, ""best_ONLY_CWT_catboost"": 0.0421, ""best_ONLY_CWT_rf"": 0.4044, ""accept"": 0.0359}, ""input_tokens"": 1623, ""score"": 0.8258, ""rank"": 10, ""already_tested"": true}]}, ""score"": 0.7106}";baseline;4;no new information in 3 consecutive turns;0.6997518395826908;2408.6064799967025;laya_multilingual_laya_v0_ml8192
87;12;orchestrator_laya_laya_v0_ml8192;0.044150456650464076;90.9090909090909;0.04391031082937164;7446.947275941911;0.04391029395422034;5733.165331327012;[[139669.6, 134164.05, 111216.93, 123234.61, 128675.696, 132492.8, 126484.9, 137932.5, 138588.6, 135420.3, 147003.209, 136914.1]];[[136933.16006267106, 132148.45969882366, 127428.18256046946, 130070.03880803895, 128176.08952326843, 131869.07302470686, 129559.13954979945, 131543.2384194447, 132313.52699516527, 131480.02554211684, 132743.53458710844, 130976.68408907845]];2023-12-31 00:00:00;2024-11-30 00:00:00;"{""strategy"": {""combine"": ""mean"", ""pool"": ""pool_full""}, ""origin"": ""baseline"", ""loop"": {""final_attempt"": ""a1"", ""strategy"": {""combine"": ""mean"", ""pool"": ""pool_full""}, ""iterations_used"": 4, ""stop_reason"": ""no new information in 3 consecutive turns"", ""trace"": [{""iteration"": 1, ""action"": ""best_ONLY_CWT_catboost"", ""confidence"": 0.7434, ""probability_of_chosen"": 0.8418, ""probabilities"": {""mean_pool_full"": 0.0002, ""median_pool_full"": 0.0406, ""trimmed_mean_pool_full"": 0.0072, ""mean_pool1"": 0.0002, ""median_pool1"": 0.0018, ""trimmed_mean_pool1"": 0.001, ""mean_pool2"": 0.0002, ""median_pool2"": 0.0353, ""trimmed_mean_pool2"": 0.0068, ""mean_pool3"": 0.0001, ""median_pool3"": 0.0514, ""trimmed_mean_pool3"": 0.0072, ""best_THETA"": 0.0032, ""best_ETS"": 0.0002, ""best_ONLY_CWT_catboost"": 0.8418, ""accept"": 0.0027}, ""input_tokens"": 1605, ""score"": 0.6843, ""rank"": 2, ""already_tested"": false}, {""iteration"": 2, ""action"": ""best_ONLY_CWT_catboost"", ""confidence"": 0.9737, ""probability_of_chosen"": 0.9908, ""probabilities"": {""mean_pool_full"": 0.0, ""median_pool_full"": 0.0003, ""trimmed_mean_pool_full"": 0.0012, ""mean_pool4"": 0.0, ""median_pool4"": 0.0001, ""trimmed_mean_pool4"": 0.0009, ""mean_pool1"": 0.0, ""median_pool1"": 0.0015, ""trimmed_mean_pool1"": 0.0013, ""mean_pool2"": 0.0, ""median_pool2"": 0.0009, ""trimmed_mean_pool2"": 0.0017, ""best_THETA"": 0.0004, ""best_ETS"": 0.0, ""best_ONLY_CWT_catboost"": 0.9908, ""accept"": 0.0006}, ""input_tokens"": 1609, ""score"": 0.6843, ""rank"": 2, ""already_tested"": true}, {""iteration"": 3, ""action"": ""best_ONLY_CWT_catboost"", ""confidence"": 0.9737, ""probability_of_chosen"": 0.9908, ""probabilities"": {""mean_pool_full"": 0.0, ""median_pool_full"": 0.0003, ""trimmed_mean_pool_full"": 0.0012, ""mean_pool4"": 0.0, ""median_pool4"": 0.0001, ""trimmed_mean_pool4"": 0.0009, ""mean_pool1"": 0.0, ""median_pool1"": 0.0015, ""trimmed_mean_pool1"": 0.0013, ""mean_pool2"": 0.0, ""median_pool2"": 0.0009, ""trimmed_mean_pool2"": 0.0017, ""best_THETA"": 0.0004, ""best_ETS"": 0.0, ""best_ONLY_CWT_catboost"": 0.9908, ""accept"": 0.0006}, ""input_tokens"": 1609, ""score"": 0.6843, ""rank"": 2, ""already_tested"": true}, {""iteration"": 4, ""action"": ""best_ONLY_CWT_catboost"", ""confidence"": 0.9737, ""probability_of_chosen"": 0.9908, ""probabilities"": {""mean_pool_full"": 0.0, ""median_pool_full"": 0.0003, ""trimmed_mean_pool_full"": 0.0012, ""mean_pool4"": 0.0, ""median_pool4"": 0.0001, ""trimmed_mean_pool4"": 0.0009, ""mean_pool1"": 0.0, ""median_pool1"": 0.0015, ""trimmed_mean_pool1"": 0.0013, ""mean_pool2"": 0.0, ""median_pool2"": 0.0009, ""trimmed_mean_pool2"": 0.0017, ""best_THETA"": 0.0004, ""best_ETS"": 0.0, ""best_ONLY_CWT_catboost"": 0.9908, ""accept"": 0.0006}, ""input_tokens"": 1609, ""score"": 0.6843, ""rank"": 2, ""already_tested"": true}]}, ""score"": 0.6545}";baseline;4;no new information in 3 consecutive turns;0.04391031082937164;7446.947275941911;laya_multilingual_laya_v0_ml8192
88;12;orchestrator_laya_laya_v0_ml8192;0.2188130977076356;36.36363636363637;0.24979342567899465;4473.514697022302;0.24979267067611996;4153.599253565;[[16591.383, 14227.022, 15043.716, 17034.077, 18730.904, 18976.166, 18467.545, 20080.649, 20960.209, 19552.072, 20624.836, 19885.522]];[[12499.29466061, 14307.7975109, 13231.901153, 13456.69179764, 14488.61660666, 13874.21173343, 14216.03175428, 13880.43871453, 14912.32584048, 14914.65964723, 15146.17656695, 15564.31499331]];2023-12-31 00:00:00;2024-11-30 00:00:00;"{""strategy"": {""combine"": ""best_single"", ""model"": ""ONLY_FT_catboost"", ""pool"": ""pool_full""}, ""origin"": ""agent"", ""loop"": {""final_attempt"": ""a10"", ""strategy"": {""combine"": ""best_single"", ""model"": ""ONLY_FT_catboost"", ""pool"": ""pool_full""}, ""iterations_used"": 4, ""stop_reason"": ""no new information in 3 consecutive turns"", ""trace"": [{""iteration"": 1, ""action"": ""best_ONLY_FT_catboost"", ""confidence"": 0.4306, ""probability_of_chosen"": 0.3957, ""probabilities"": {""mean_pool_full"": 0.0016, ""median_pool_full"": 0.0033, ""trimmed_mean_pool_full"": 0.0077, ""mean_pool1"": 0.0005, ""median_pool1"": 0.0017, ""trimmed_mean_pool1"": 0.0094, ""mean_pool2"": 0.0009, ""median_pool2"": 0.1346, ""trimmed_mean_pool2"": 0.2987, ""mean_pool3"": 0.0003, ""median_pool3"": 0.0054, ""trimmed_mean_pool3"": 0.0128, ""best_FT_catboost"": 0.0209, ""best_ONLY_FT_catboost"": 0.3957, ""best_ONLY_FT_rf"": 0.0911, ""accept"": 0.0155}, ""input_tokens"": 1622, ""score"": 0.6069, ""rank"": 1, ""already_tested"": false}, {""iteration"": 2, ""action"": ""best_ONLY_FT_catboost"", ""confidence"": 0.568, ""probability_of_chosen"": 0.6836, ""probabilities"": {""mean_pool_full"": 0.0003, ""median_pool_full"": 0.0008, ""trimmed_mean_pool_full"": 0.0171, ""mean_pool4"": 0.0004, ""median_pool4"": 0.0004, ""trimmed_mean_pool4"": 0.0024, ""mean_pool1"": 0.0004, ""median_pool1"": 0.0325, ""trimmed_mean_pool1"": 0.02, ""mean_pool2"": 0.0017, ""median_pool2"": 0.01, ""trimmed_mean_pool2"": 0.0721, ""best_FT_catboost"": 0.028, ""best_ONLY_FT_catboost"": 0.6836, ""best_ONLY_FT_rf"": 0.1207, ""accept"": 0.0096}, ""input_tokens"": 1621, ""score"": 0.6069, ""rank"": 1, ""already_tested"": true}, {""iteration"": 3, ""action"": ""best_ONLY_FT_catboost"", ""confidence"": 0.568, ""probability_of_chosen"": 0.6836, ""probabilities"": {""mean_pool_full"": 0.0003, ""median_pool_full"": 0.0008, ""trimmed_mean_pool_full"": 0.0171, ""mean_pool4"": 0.0004, ""median_pool4"": 0.0004, ""trimmed_mean_pool4"": 0.0024, ""mean_pool1"": 0.0004, ""median_pool1"": 0.0325, ""trimmed_mean_pool1"": 0.02, ""mean_pool2"": 0.0017, ""median_pool2"": 0.01, ""trimmed_mean_pool2"": 0.0721, ""best_FT_catboost"": 0.028, ""best_ONLY_FT_catboost"": 0.6836, ""best_ONLY_FT_rf"": 0.1207, ""accept"": 0.0096}, ""input_tokens"": 1621, ""score"": 0.6069, ""rank"": 1, ""already_tested"": true}, {""iteration"": 4, ""action"": ""best_ONLY_FT_catboost"", ""confidence"": 0.568, ""probability_of_chosen"": 0.6836, ""probabilities"": {""mean_pool_full"": 0.0003, ""median_pool_full"": 0.0008, ""trimmed_mean_pool_full"": 0.0171, ""mean_pool4"": 0.0004, ""median_pool4"": 0.0004, ""trimmed_mean_pool4"": 0.0024, ""mean_pool1"": 0.0004, ""median_pool1"": 0.0325, ""trimmed_mean_pool1"": 0.02, ""mean_pool2"": 0.0017, ""median_pool2"": 0.01, ""trimmed_mean_pool2"": 0.0721, ""best_FT_catboost"": 0.028, ""best_ONLY_FT_catboost"": 0.6836, ""best_ONLY_FT_rf"": 0.1207, ""accept"": 0.0096}, ""input_tokens"": 1621, ""score"": 0.6069, ""rank"": 1, ""already_tested"": true}]}, ""score"": 0.6069}";agent;4;no new information in 3 consecutive turns;0.22860244483295508;4342.964156337418;laya_multilingual_laya_v0_ml8192
89;12;orchestrator_laya_laya_v0_ml8192;0.5619076645036748;27.272727272727273;0.36037196835587704;4399.559953262424;0.36037000259636054;3369.3625687075;[[9219.788, 10628.311, 9622.919, 10753.34, 8567.406, 3786.615, 5346.344, 11471.196, 13451.604, 14797.573, 12149.234, 4975.137]];[[6864.42109057, 9091.47901616, 9427.32555195, 9399.13659024, 11714.95721114, 13603.53300621, 10209.66185405, 9659.97993346, 9669.89318446, 12144.96577191, 12853.6815924, 13187.72329944]];2023-12-31 00:00:00;2024-11-30 00:00:00;"{""strategy"": {""combine"": ""best_single"", ""model"": ""ONLY_FT_catboost"", ""pool"": ""pool_full""}, ""origin"": ""agent"", ""loop"": {""final_attempt"": ""a10"", ""strategy"": {""combine"": ""best_single"", ""model"": ""ONLY_FT_catboost"", ""pool"": ""pool_full""}, ""iterations_used"": 4, ""stop_reason"": ""no new information in 3 consecutive turns"", ""trace"": [{""iteration"": 1, ""action"": ""best_ONLY_FT_catboost"", ""confidence"": 0.2411, ""probability_of_chosen"": 0.3572, ""probabilities"": {""mean_pool_full"": 0.001, ""median_pool_full"": 0.0241, ""trimmed_mean_pool_full"": 0.0806, ""mean_pool1"": 0.0048, ""median_pool1"": 0.0078, ""trimmed_mean_pool1"": 0.0694, ""mean_pool2"": 0.0053, ""median_pool2"": 0.1178, ""trimmed_mean_pool2"": 0.1068, ""mean_pool3"": 0.0021, ""median_pool3"": 0.0476, ""trimmed_mean_pool3"": 0.0499, ""best_ONLY_FT_catboost"": 0.3572, ""best_NaiveMovingAverage"": 0.0564, ""best_ETS"": 0.0039, ""accept"": 0.0654}, ""input_tokens"": 1593, ""score"": 0.6024, ""rank"": 1, ""already_tested"": false}, {""iteration"": 2, ""action"": ""best_ONLY_FT_catboost"", ""confidence"": 0.8808, ""probability_of_chosen"": 0.9416, ""probabilities"": {""mean_pool_full"": 0.0001, ""median_pool_full"": 0.0018, ""trimmed_mean_pool_full"": 0.0025, ""mean_pool4"": 0.0001, ""median_pool4"": 0.0002, ""trimmed_mean_pool4"": 0.0002, ""mean_pool1"": 0.0001, ""median_pool1"": 0.0211, ""trimmed_mean_pool1"": 0.0126, ""mean_pool2"": 0.0003, ""median_pool2"": 0.0029, ""trimmed_mean_pool2"": 0.0024, ""best_ONLY_FT_catboost"": 0.9416, ""best_NaiveMovingAverage"": 0.007, ""best_ETS"": 0.0002, ""accept"": 0.0066}, ""input_tokens"": 1601, ""score"": 0.6024, ""rank"": 1, ""already_tested"": true}, {""iteration"": 3, ""action"": ""best_ONLY_FT_catboost"", ""confidence"": 0.8808, ""probability_of_chosen"": 0.9416, ""probabilities"": {""mean_pool_full"": 0.0001, ""median_pool_full"": 0.0018, ""trimmed_mean_pool_full"": 0.0025, ""mean_pool4"": 0.0001, ""median_pool4"": 0.0002, ""trimmed_mean_pool4"": 0.0002, ""mean_pool1"": 0.0001, ""median_pool1"": 0.0211, ""trimmed_mean_pool1"": 0.0126, ""mean_pool2"": 0.0003, ""median_pool2"": 0.0029, ""trimmed_mean_pool2"": 0.0024, ""best_ONLY_FT_catboost"": 0.9416, ""best_NaiveMovingAverage"": 0.007, ""best_ETS"": 0.0002, ""accept"": 0.0066}, ""input_tokens"": 1601, ""score"": 0.6024, ""rank"": 1, ""already_tested"": true}, {""iteration"": 4, ""action"": ""best_ONLY_FT_catboost"", ""confidence"": 0.8808, ""probability_of_chosen"": 0.9416, ""probabilities"": {""mean_pool_full"": 0.0001, ""median_pool_full"": 0.0018, ""trimmed_mean_pool_full"": 0.0025, ""mean_pool4"": 0.0001, ""median_pool4"": 0.0002, ""trimmed_mean_pool4"": 0.0002, ""mean_pool1"": 0.0001, ""median_pool1"": 0.0211, ""trimmed_mean_pool1"": 0.0126, ""mean_pool2"": 0.0003, ""median_pool2"": 0.0029, ""trimmed_mean_pool2"": 0.0024, ""best_ONLY_FT_catboost"": 0.9416, ""best_NaiveMovingAverage"": 0.007, ""best_ETS"": 0.0002, ""accept"": 0.0066}, ""input_tokens"": 1601, ""score"": 0.6024, ""rank"": 1, ""already_tested"": true}]}, ""score"": 0.6024}";agent;4;no new information in 3 consecutive turns;0.33045621492344196;3351.9217910738184;laya_multilingual_laya_v0_ml8192
90;12;orchestrator_laya_laya_v0_ml8192;0.6118331962241524;45.45454545454545;0.94815114370468;835.9271784845489;0.9480728441835155;663.2475622850001;[[315.0, 354.722, 445.21, 801.274, 515.0, 685.374, 706.643, 929.747, 1451.067, 1312.518, 1825.578, 1731.953]];[[260.60097883, 257.62878013, 249.93529126, 252.27421215, 266.2840169, 266.96721707, 262.03402789, 264.8105197, 257.70765895, 257.89888223, 262.21544876, 256.75821871]];2023-12-31 00:00:00;2024-11-30 00:00:00;"{""strategy"": {""combine"": ""best_single"", ""model"": ""DWT_rf"", ""pool"": ""pool_full""}, ""origin"": ""agent"", ""loop"": {""final_attempt"": ""a11"", ""strategy"": {""combine"": ""best_single"", ""model"": ""DWT_rf"", ""pool"": ""pool_full""}, ""iterations_used"": 5, ""stop_reason"": ""no new information in 3 consecutive turns"", ""trace"": [{""iteration"": 1, ""action"": ""trimmed_mean_pool_full"", ""confidence"": 0.3146, ""probability_of_chosen"": 0.3169, ""probabilities"": {""mean_pool_full"": 0.0006, ""median_pool_full"": 0.0036, ""trimmed_mean_pool_full"": 0.3169, ""mean_pool1"": 0.0023, ""median_pool1"": 0.0044, ""trimmed_mean_pool1"": 0.012, ""mean_pool2"": 0.0046, ""median_pool2"": 0.1241, ""trimmed_mean_pool2"": 0.0707, ""mean_pool3"": 0.0007, ""median_pool3"": 0.0028, ""trimmed_mean_pool3"": 0.0275, ""best_FT_rf"": 0.2144, ""best_ONLY_FT_catboost"": 0.0649, ""best_DWT_rf"": 0.1406, ""accept"": 0.0098}, ""input_tokens"": 1535, ""score"": 0.6639, ""rank"": 2, ""already_tested"": false}, {""iteration"": 2, ""action"": ""best_DWT_rf"", ""confidence"": 0.2753, ""probability_of_chosen"": 0.2836, ""probabilities"": {""mean_pool_full"": 0.0005, ""median_pool_full"": 0.0127, ""trimmed_mean_pool_full"": 0.2623, ""mean_pool4"": 0.0002, ""median_pool4"": 0.0076, ""trimmed_mean_pool4"": 0.0131, ""mean_pool1"": 0.0002, ""median_pool1"": 0.0746, ""trimmed_mean_pool1"": 0.0321, ""mean_pool2"": 0.0002, ""median_pool2"": 0.0554, ""trimmed_mean_pool2"": 0.0943, ""best_FT_rf"": 0.0813, ""best_ONLY_FT_catboost"": 0.0604, ""best_DWT_rf"": 0.2836, ""accept"": 0.0217}, ""input_tokens"": 1540, ""score"": 0.6474, ""rank"": 1, ""already_tested"": false}, {""iteration"": 3, ""action"": ""best_DWT_rf"", ""confidence"": 0.5169, ""probability_of_chosen"": 0.5115, ""probabilities"": {""mean_pool_full"": 0.0004, ""median_pool_full"": 0.0019, ""trimmed_mean_pool_full"": 0.2738, ""mean_pool4"": 0.0002, ""median_pool4"": 0.0015, ""trimmed_mean_pool4"": 0.0036, ""mean_pool1"": 0.0006, ""median_pool1"": 0.0049, ""trimmed_mean_pool1"": 0.0034, ""mean_pool2"": 0.0003, ""median_pool2"": 0.1253, ""trimmed_mean_pool2"": 0.0118, ""best_FT_rf"": 0.0302, ""best_ONLY_FT_catboost"": 0.0221, ""best_DWT_rf"": 0.5115, ""accept"": 0.0086}, ""input_tokens"": 1537, ""score"": 0.6474, ""rank"": 1, ""already_tested"": true}, {""iteration"": 4, ""action"": ""best_DWT_rf"", ""confidence"": 0.5169, ""probability_of_chosen"": 0.5115, ""probabilities"": {""mean_pool_full"": 0.0004, ""median_pool_full"": 0.0019, ""trimmed_mean_pool_full"": 0.2738, ""mean_pool4"": 0.0002, ""median_pool4"": 0.0015, ""trimmed_mean_pool4"": 0.0036, ""mean_pool1"": 0.0006, ""median_pool1"": 0.0049, ""trimmed_mean_pool1"": 0.0034, ""mean_pool2"": 0.0003, ""median_pool2"": 0.1253, ""trimmed_mean_pool2"": 0.0118, ""best_FT_rf"": 0.0302, ""best_ONLY_FT_catboost"": 0.0221, ""best_DWT_rf"": 0.5115, ""accept"": 0.0086}, ""input_tokens"": 1537, ""score"": 0.6474, ""rank"": 1, ""already_tested"": true}, {""iteration"": 5, ""action"": ""best_DWT_rf"", ""confidence"": 0.5169, ""probability_of_chosen"": 0.5115, ""probabilities"": {""mean_pool_full"": 0.0004, ""median_pool_full"": 0.0019, ""trimmed_mean_pool_full"": 0.2738, ""mean_pool4"": 0.0002, ""median_pool4"": 0.0015, ""trimmed_mean_pool4"": 0.0036, ""mean_pool1"": 0.0006, ""median_pool1"": 0.0049, ""trimmed_mean_pool1"": 0.0034, ""mean_pool2"": 0.0003, ""median_pool2"": 0.1253, ""trimmed_mean_pool2"": 0.0118, ""best_FT_rf"": 0.0302, ""best_ONLY_FT_catboost"": 0.0221, ""best_DWT_rf"": 0.5115, ""accept"": 0.0086}, ""input_tokens"": 1537, ""score"": 0.6474, ""rank"": 1, ""already_tested"": true}]}, ""score"": 0.6474}";agent;5;no new information in 3 consecutive turns;0.9555312468911724;838.6563687205241;laya_multilingual_laya_v0_ml8192
91;12;orchestrator_laya_laya_v0_ml8192;0.043640671393278686;63.63636363636363;0.0422687210411175;848.150138349683;0.04226859326245163;700.1815119631596;[[17159.976, 15645.275, 14807.121, 15741.349, 16542.85, 16501.058, 16201.208, 17313.441, 17762.135, 17050.23, 18072.968, 16322.066]];[[17369.773843368945, 16181.917996058437, 16562.289698022003, 17115.782479389523, 17073.506939835792, 17407.117036498574, 17268.314230556316, 17241.445429438, 18169.128560869336, 17420.724697384754, 17702.77734942258, 17124.704440434813]];2023-12-31 00:00:00;2024-11-30 00:00:00;"{""strategy"": {""combine"": ""dba"", ""pool"": ""pool_full"", ""dba_max_iter"": 30}, ""origin"": ""baseline"", ""loop"": {""final_attempt"": ""a3"", ""strategy"": {""combine"": ""dba"", ""pool"": ""pool_full"", ""dba_max_iter"": 30}, ""iterations_used"": 4, ""stop_reason"": ""no new information in 3 consecutive turns"", ""trace"": [{""iteration"": 1, ""action"": ""median_pool2"", ""confidence"": 0.5085, ""probability_of_chosen"": 0.5851, ""probabilities"": {""mean_pool_full"": 0.0002, ""median_pool_full"": 0.2152, ""trimmed_mean_pool_full"": 0.0159, ""mean_pool1"": 0.0008, ""median_pool1"": 0.007, ""trimmed_mean_pool1"": 0.0063, ""mean_pool2"": 0.0004, ""median_pool2"": 0.5851, ""trimmed_mean_pool2"": 0.0389, ""mean_pool3"": 0.0001, ""median_pool3"": 0.0553, ""trimmed_mean_pool3"": 0.0138, ""best_THETA"": 0.0134, ""best_CWT_catboost"": 0.0011, ""best_FT_rf"": 0.0386, ""accept"": 0.008}, ""input_tokens"": 1526, ""score"": 0.8085, ""rank"": 10, ""already_tested"": false}, {""iteration"": 2, ""action"": ""median_pool_full"", ""confidence"": 0.4457, ""probability_of_chosen"": 0.5589, ""probabilities"": {""mean_pool_full"": 0.0001, ""median_pool_full"": 0.5589, ""trimmed_mean_pool_full"": 0.0608, ""mean_pool4"": 0.0002, ""median_pool4"": 0.004, ""trimmed_mean_pool4"": 0.0026, ""mean_pool1"": 0.0004, ""median_pool1"": 0.0971, ""trimmed_mean_pool1"": 0.0276, ""mean_pool2"": 0.0003, ""median_pool2"": 0.1228, ""trimmed_mean_pool2"": 0.0411, ""best_THETA"": 0.0151, ""best_CWT_catboost"": 0.0013, ""best_FT_rf"": 0.0584, ""accept"": 0.0093}, ""input_tokens"": 1526, ""score"": 0.6965, ""rank"": 6, ""already_tested"": true}, {""iteration"": 3, ""action"": ""median_pool_full"", ""confidence"": 0.4457, ""probability_of_chosen"": 0.5589, ""probabilities"": {""mean_pool_full"": 0.0001, ""median_pool_full"": 0.5589, ""trimmed_mean_pool_full"": 0.0608, ""mean_pool4"": 0.0002, ""median_pool4"": 0.004, ""trimmed_mean_pool4"": 0.0026, ""mean_pool1"": 0.0004, ""median_pool1"": 0.0971, ""trimmed_mean_pool1"": 0.0276, ""mean_pool2"": 0.0003, ""median_pool2"": 0.1228, ""trimmed_mean_pool2"": 0.0411, ""best_THETA"": 0.0151, ""best_CWT_catboost"": 0.0013, ""best_FT_rf"": 0.0584, ""accept"": 0.0093}, ""input_tokens"": 1526, ""score"": 0.6965, ""rank"": 6, ""already_tested"": true}, {""iteration"": 4, ""action"": ""median_pool_full"", ""confidence"": 0.4457, ""probability_of_chosen"": 0.5589, ""probabilities"": {""mean_pool_full"": 0.0001, ""median_pool_full"": 0.5589, ""trimmed_mean_pool_full"": 0.0608, ""mean_pool4"": 0.0002, ""median_pool4"": 0.004, ""trimmed_mean_pool4"": 0.0026, ""mean_pool1"": 0.0004, ""median_pool1"": 0.0971, ""trimmed_mean_pool1"": 0.0276, ""mean_pool2"": 0.0003, ""median_pool2"": 0.1228, ""trimmed_mean_pool2"": 0.0411, ""best_THETA"": 0.0151, ""best_CWT_catboost"": 0.0013, ""best_FT_rf"": 0.0584, ""accept"": 0.0093}, ""input_tokens"": 1526, ""score"": 0.6965, ""rank"": 6, ""already_tested"": true}]}, ""score"": 0.6106}";baseline;4;no new information in 3 consecutive turns;0.0422687210411175;848.150138349683;laya_multilingual_laya_v0_ml8192
92;12;orchestrator_laya_laya_v0_ml8192;1.053658339508918e+16;27.272727272727273;0.6326003105381068;19.19926791591254;0.6311721846727346;16.64557450972222;[[40.0, 65.0, 55.0, 43.0, 46.0, 20.0, 11.0, 15.0, 15.0, 0.0, 30.0, 20.0]];[[29.914758489999997, 24.85765457333333, 33.12527991666667, 25.09809565, 28.712706426666667, 30.20132411, 29.186169430000003, 28.654957046666667, 27.142229153333332, 28.075097966666664, 26.226744553333333, 26.42235602]];2023-12-31 00:00:00;2024-11-30 00:00:00;"{""strategy"": {""combine"": ""trimmed_mean"", ""pool"": ""pool1"", ""trim_pct"": 0.2}, ""origin"": ""baseline"", ""loop"": {""final_attempt"": ""a5"", ""strategy"": {""combine"": ""trimmed_mean"", ""pool"": ""pool1"", ""trim_pct"": 0.2}, ""iterations_used"": 5, ""stop_reason"": ""no new information in 3 consecutive turns"", ""trace"": [{""iteration"": 1, ""action"": ""trimmed_mean_pool2"", ""confidence"": 0.3238, ""probability_of_chosen"": 0.4227, ""probabilities"": {""mean_pool_full"": 0.0039, ""median_pool_full"": 0.0052, ""trimmed_mean_pool_full"": 0.1543, ""mean_pool1"": 0.0135, ""median_pool1"": 0.0034, ""trimmed_mean_pool1"": 0.0866, ""mean_pool2"": 0.0064, ""median_pool2"": 0.0685, ""trimmed_mean_pool2"": 0.4227, ""mean_pool3"": 0.0012, ""median_pool3"": 0.0146, ""trimmed_mean_pool3"": 0.0184, ""best_FT_rf"": 0.0283, ""best_DWT_rf"": 0.0242, ""best_ONLY_DWT_rf"": 0.133, ""accept"": 0.0159}, ""input_tokens"": 1575, ""score"": 0.6148, ""rank"": 4, ""already_tested"": true}, {""iteration"": 2, ""action"": ""trimmed_mean_pool_full"", ""confidence"": 0.2616, ""probability_of_chosen"": 0.3171, ""probabilities"": {""mean_pool_full"": 0.0025, ""median_pool_full"": 0.0075, ""trimmed_mean_pool_full"": 0.3171, ""mean_pool4"": 0.0072, ""median_pool4"": 0.0027, ""trimmed_mean_pool4"": 0.0414, ""mean_pool1"": 0.0074, ""median_pool1"": 0.0484, ""trimmed_mean_pool1"": 0.1557, ""mean_pool2"": 0.0045, ""median_pool2"": 0.086, ""trimmed_mean_pool2"": 0.0522, ""best_FT_rf"": 0.0294, ""best_DWT_rf"": 0.0239, ""best_ONLY_DWT_rf"": 0.1953, ""accept"": 0.0188}, ""input_tokens"": 1575, ""score"": 0.6707, ""rank"": 8, ""already_tested"": false}, {""iteration"": 3, ""action"": ""trimmed_mean_pool_full"", ""confidence"": 0.2616, ""probability_of_chosen"": 0.3171, ""probabilities"": {""mean_pool_full"": 0.0025, ""median_pool_full"": 0.0075, ""trimmed_mean_pool_full"": 0.3171, ""mean_pool4"": 0.0072, ""median_pool4"": 0.0027, ""trimmed_mean_pool4"": 0.0414, ""mean_pool1"": 0.0074, ""median_pool1"": 0.0484, ""trimmed_mean_pool1"": 0.1557, ""mean_pool2"": 0.0045, ""median_pool2"": 0.086, ""trimmed_mean_pool2"": 0.0522, ""best_FT_rf"": 0.0294, ""best_DWT_rf"": 0.0239, ""best_ONLY_DWT_rf"": 0.1953, ""accept"": 0.0188}, ""input_tokens"": 1575, ""score"": 0.6707, ""rank"": 8, ""already_tested"": true}, {""iteration"": 4, ""action"": ""trimmed_mean_pool_full"", ""confidence"": 0.2616, ""probability_of_chosen"": 0.3171, ""probabilities"": {""mean_pool_full"": 0.0025, ""median_pool_full"": 0.0075, ""trimmed_mean_pool_full"": 0.3171, ""mean_pool4"": 0.0072, ""median_pool4"": 0.0027, ""trimmed_mean_pool4"": 0.0414, ""mean_pool1"": 0.0074, ""median_pool1"": 0.0484, ""trimmed_mean_pool1"": 0.1557, ""mean_pool2"": 0.0045, ""median_pool2"": 0.086, ""trimmed_mean_pool2"": 0.0522, ""best_FT_rf"": 0.0294, ""best_DWT_rf"": 0.0239, ""best_ONLY_DWT_rf"": 0.1953, ""accept"": 0.0188}, ""input_tokens"": 1575, ""score"": 0.6707, ""rank"": 8, ""already_tested"": true}, {""iteration"": 5, ""action"": ""trimmed_mean_pool_full"", ""confidence"": 0.2616, ""probability_of_chosen"": 0.3171, ""probabilities"": {""mean_pool_full"": 0.0025, ""median_pool_full"": 0.0075, ""trimmed_mean_pool_full"": 0.3171, ""mean_pool4"": 0.0072, ""median_pool4"": 0.0027, ""trimmed_mean_pool4"": 0.0414, ""mean_pool1"": 0.0074, ""median_pool1"": 0.0484, ""trimmed_mean_pool1"": 0.1557, ""mean_pool2"": 0.0045, ""median_pool2"": 0.086, ""trimmed_mean_pool2"": 0.0522, ""best_FT_rf"": 0.0294, ""best_DWT_rf"": 0.0239, ""best_ONLY_DWT_rf"": 0.1953, ""accept"": 0.0188}, ""input_tokens"": 1575, ""score"": 0.6707, ""rank"": 8, ""already_tested"": true}]}, ""score"": 0.5782}";baseline;5;no new information in 3 consecutive turns;0.6326003105381068;19.19926791591254;laya_multilingual_laya_v0_ml8192
93;12;orchestrator_laya_laya_v0_ml8192;0.38914144868578543;36.36363636363637;0.4516910348307521;44.40981955532438;0.45088487990567927;19.744737593333337;[[13.78, 27.58, 26.89, 13.81, 13.84, 28.28, 28.03, 14.09, 170.03, 32.89, 37.96, 18.75]];[[23.32364326, 22.58928265, 21.41195725, 20.52200091, 17.58345224, 20.55576977, 19.71958264, 20.08179784, 19.28297336, 19.37355774, 18.22326228, 19.19234256]];2023-12-31 00:00:00;2024-11-30 00:00:00;"{""strategy"": {""combine"": ""best_single"", ""model"": ""ONLY_FT_catboost"", ""pool"": ""pool_full""}, ""origin"": ""agent"", ""loop"": {""final_attempt"": ""a10"", ""strategy"": {""combine"": ""best_single"", ""model"": ""ONLY_FT_catboost"", ""pool"": ""pool_full""}, ""iterations_used"": 5, ""stop_reason"": ""no new information in 3 consecutive turns"", ""trace"": [{""iteration"": 1, ""action"": ""trimmed_mean_pool2"", ""confidence"": 0.3673, ""probability_of_chosen"": 0.3547, ""probabilities"": {""mean_pool_full"": 0.0072, ""median_pool_full"": 0.0612, ""trimmed_mean_pool_full"": 0.0521, ""mean_pool1"": 0.0035, ""median_pool1"": 0.0047, ""trimmed_mean_pool1"": 0.0577, ""mean_pool2"": 0.0038, ""median_pool2"": 0.0362, ""trimmed_mean_pool2"": 0.3547, ""mean_pool3"": 0.0011, ""median_pool3"": 0.0102, ""trimmed_mean_pool3"": 0.035, ""best_catboost"": 0.0012, ""best_ONLY_FT_catboost"": 0.3332, ""best_rf"": 0.001, ""accept"": 0.0373}, ""input_tokens"": 1539, ""score"": 0.8331, ""rank"": 5, ""already_tested"": true}, {""iteration"": 2, ""action"": ""best_ONLY_FT_catboost"", ""confidence"": 0.2422, ""probability_of_chosen"": 0.253, ""probabilities"": {""mean_pool_full"": 0.0051, ""median_pool_full"": 0.0684, ""trimmed_mean_pool_full"": 0.2081, ""mean_pool4"": 0.0023, ""median_pool4"": 0.0045, ""trimmed_mean_pool4"": 0.041, ""mean_pool1"": 0.0036, ""median_pool1"": 0.0411, ""trimmed_mean_pool1"": 0.1177, ""mean_pool2"": 0.0046, ""median_pool2"": 0.0831, ""trimmed_mean_pool2"": 0.1181, ""best_catboost"": 0.0013, ""best_ONLY_FT_catboost"": 0.253, ""best_rf"": 0.0011, ""accept"": 0.0469}, ""input_tokens"": 1539, ""score"": 0.6392, ""rank"": 1, ""already_tested"": false}, {""iteration"": 3, ""action"": ""best_ONLY_FT_catboost"", ""confidence"": 0.7391, ""probability_of_chosen"": 0.8323, ""probabilities"": {""mean_pool_full"": 0.0005, ""median_pool_full"": 0.0017, ""trimmed_mean_pool_full"": 0.0492, ""mean_pool4"": 0.0018, ""median_pool4"": 0.0007, ""trimmed_mean_pool4"": 0.0097, ""mean_pool1"": 0.0007, ""median_pool1"": 0.0017, ""trimmed_mean_pool1"": 0.022, ""mean_pool2"": 0.0014, ""median_pool2"": 0.0025, ""trimmed_mean_pool2"": 0.0694, ""best_catboost"": 0.0019, ""best_ONLY_FT_catboost"": 0.8323, ""best_rf"": 0.0002, ""accept"": 0.0044}, ""input_tokens"": 1546, ""score"": 0.6392, ""rank"": 1, ""already_tested"": true}, {""iteration"": 4, ""action"": ""best_ONLY_FT_catboost"", ""confidence"": 0.7391, ""probability_of_chosen"": 0.8323, ""probabilities"": {""mean_pool_full"": 0.0005, ""median_pool_full"": 0.0017, ""trimmed_mean_pool_full"": 0.0492, ""mean_pool4"": 0.0018, ""median_pool4"": 0.0007, ""trimmed_mean_pool4"": 0.0097, ""mean_pool1"": 0.0007, ""median_pool1"": 0.0017, ""trimmed_mean_pool1"": 0.022, ""mean_pool2"": 0.0014, ""median_pool2"": 0.0025, ""trimmed_mean_pool2"": 0.0694, ""best_catboost"": 0.0019, ""best_ONLY_FT_catboost"": 0.8323, ""best_rf"": 0.0002, ""accept"": 0.0044}, ""input_tokens"": 1546, ""score"": 0.6392, ""rank"": 1, ""already_tested"": true}, {""iteration"": 5, ""action"": ""best_ONLY_FT_catboost"", ""confidence"": 0.7391, ""probability_of_chosen"": 0.8323, ""probabilities"": {""mean_pool_full"": 0.0005, ""median_pool_full"": 0.0017, ""trimmed_mean_pool_full"": 0.0492, ""mean_pool4"": 0.0018, ""median_pool4"": 0.0007, ""trimmed_mean_pool4"": 0.0097, ""mean_pool1"": 0.0007, ""median_pool1"": 0.0017, ""trimmed_mean_pool1"": 0.022, ""mean_pool2"": 0.0014, ""median_pool2"": 0.0025, ""trimmed_mean_pool2"": 0.0694, ""best_catboost"": 0.0019, ""best_ONLY_FT_catboost"": 0.8323, ""best_rf"": 0.0002, ""accept"": 0.0044}, ""input_tokens"": 1546, ""score"": 0.6392, ""rank"": 1, ""already_tested"": true}]}, ""score"": 0.6392}";agent;5;no new information in 3 consecutive turns;0.5194318408755384;45.80766103739705;laya_multilingual_laya_v0_ml8192
94;12;orchestrator_laya_laya_v0_ml8192;0.03864069120428582;81.81818181818181;0.03831129233524221;4309.606666634639;0.03831127139442481;3513.281323895044;[[99643.06, 93951.93, 80480.09, 87175.73, 88906.69, 93206.646, 88914.86, 97032.0, 96598.13, 94505.8, 100625.629, 91799.29]];[[95848.39319016213, 90672.18341301315, 89628.53532351107, 92500.82599749527, 91050.11148251947, 93155.98411827313, 92161.10528969839, 93270.06977248055, 94006.39667680261, 93654.41966449158, 93709.37804136211, 92849.0876701016]];2023-12-31 00:00:00;2024-11-30 00:00:00;"{""strategy"": {""combine"": ""mean"", ""pool"": ""pool_full""}, ""origin"": ""baseline"", ""loop"": {""final_attempt"": ""a1"", ""strategy"": {""combine"": ""mean"", ""pool"": ""pool_full""}, ""iterations_used"": 5, ""stop_reason"": ""no new information in 3 consecutive turns"", ""trace"": [{""iteration"": 1, ""action"": ""median_pool2"", ""confidence"": 0.79, ""probability_of_chosen"": 0.8834, ""probabilities"": {""mean_pool_full"": 0.0002, ""median_pool_full"": 0.0037, ""trimmed_mean_pool_full"": 0.0309, ""mean_pool1"": 0.0013, ""median_pool1"": 0.0045, ""trimmed_mean_pool1"": 0.0012, ""mean_pool2"": 0.0013, ""median_pool2"": 0.8834, ""trimmed_mean_pool2"": 0.0161, ""mean_pool3"": 0.0005, ""median_pool3"": 0.0072, ""trimmed_mean_pool3"": 0.0084, ""best_THETA"": 0.037, ""best_ETS"": 0.0003, ""best_ARIMA"": 0.0003, ""accept"": 0.0039}, ""input_tokens"": 1581, ""score"": 0.9604, ""rank"": 8, ""already_tested"": false}, {""iteration"": 2, ""action"": ""trimmed_mean_pool_full"", ""confidence"": 0.4394, ""probability_of_chosen"": 0.4072, ""probabilities"": {""mean_pool_full"": 0.0005, ""median_pool_full"": 0.0193, ""trimmed_mean_pool_full"": 0.4072, ""mean_pool4"": 0.0008, ""median_pool4"": 0.0091, ""trimmed_mean_pool4"": 0.002, ""mean_pool1"": 0.0038, ""median_pool1"": 0.0967, ""trimmed_mean_pool1"": 0.0177, ""mean_pool2"": 0.0049, ""median_pool2"": 0.3324, ""trimmed_mean_pool2"": 0.0624, ""best_THETA"": 0.033, ""best_ETS"": 0.0006, ""best_ARIMA"": 0.0007, ""accept"": 0.0089}, ""input_tokens"": 1581, ""score"": 0.69, ""rank"": 3, ""already_tested"": false}, {""iteration"": 3, ""action"": ""median_pool2"", ""confidence"": 0.6216, ""probability_of_chosen"": 0.7401, ""probabilities"": {""mean_pool_full"": 0.0001, ""median_pool_full"": 0.0057, ""trimmed_mean_pool_full"": 0.0095, ""mean_pool4"": 0.0015, ""median_pool4"": 0.0349, ""trimmed_mean_pool4"": 0.0169, ""mean_pool1"": 0.0006, ""median_pool1"": 0.0294, ""trimmed_mean_pool1"": 0.0451, ""mean_pool2"": 0.0007, ""median_pool2"": 0.7401, ""trimmed_mean_pool2"": 0.1017, ""best_THETA"": 0.0064, ""best_ETS"": 0.0002, ""best_ARIMA"": 0.0002, ""accept"": 0.007}, ""input_tokens"": 1582, ""score"": 0.9604, ""rank"": 9, ""already_tested"": true}, {""iteration"": 4, ""action"": ""median_pool2"", ""confidence"": 0.6216, ""probability_of_chosen"": 0.7401, ""probabilities"": {""mean_pool_full"": 0.0001, ""median_pool_full"": 0.0057, ""trimmed_mean_pool_full"": 0.0095, ""mean_pool4"": 0.0015, ""median_pool4"": 0.0349, ""trimmed_mean_pool4"": 0.0169, ""mean_pool1"": 0.0006, ""median_pool1"": 0.0294, ""trimmed_mean_pool1"": 0.0451, ""mean_pool2"": 0.0007, ""median_pool2"": 0.7401, ""trimmed_mean_pool2"": 0.1017, ""best_THETA"": 0.0064, ""best_ETS"": 0.0002, ""best_ARIMA"": 0.0002, ""accept"": 0.007}, ""input_tokens"": 1582, ""score"": 0.9604, ""rank"": 9, ""already_tested"": true}, {""iteration"": 5, ""action"": ""median_pool2"", ""confidence"": 0.6216, ""probability_of_chosen"": 0.7401, ""probabilities"": {""mean_pool_full"": 0.0001, ""median_pool_full"": 0.0057, ""trimmed_mean_pool_full"": 0.0095, ""mean_pool4"": 0.0015, ""median_pool4"": 0.0349, ""trimmed_mean_pool4"": 0.0169, ""mean_pool1"": 0.0006, ""median_pool1"": 0.0294, ""trimmed_mean_pool1"": 0.0451, ""mean_pool2"": 0.0007, ""median_pool2"": 0.7401, ""trimmed_mean_pool2"": 0.1017, ""best_THETA"": 0.0064, ""best_ETS"": 0.0002, ""best_ARIMA"": 0.0002, ""accept"": 0.007}, ""input_tokens"": 1582, ""score"": 0.9604, ""rank"": 9, ""already_tested"": true}]}, ""score"": 0.6606}";baseline;5;no new information in 3 consecutive turns;0.03831129233524221;4309.606666634639;laya_multilingual_laya_v0_ml8192
95;12;orchestrator_laya_laya_v0_ml8192;0.035965084832309924;81.81818181818181;0.03540176460991393;1670.1153086685226;0.035401719970741284;1407.7392975807154;[[44226.6, 39784.051, 34800.05, 39629.95, 39470.451, 40096.9, 38949.6, 42534.55, 40156.35, 39810.5, 41939.3, 38359.5]];[[42038.83150733714, 38592.87904309428, 38288.96521146428, 39348.197607878574, 39096.39804325857, 40842.313054912855, 40397.54534202286, 41312.445477945716, 41740.14949576572, 41603.988348045714, 41568.82581528857, 40565.485613560006]];2023-12-31 00:00:00;2024-11-30 00:00:00;"{""strategy"": {""combine"": ""mean"", ""pool"": ""pool2""}, ""origin"": ""baseline"", ""loop"": {""final_attempt"": ""a6"", ""strategy"": {""combine"": ""mean"", ""pool"": ""pool2""}, ""iterations_used"": 4, ""stop_reason"": ""no new information in 3 consecutive turns"", ""trace"": [{""iteration"": 1, ""action"": ""best_ONLY_CWT_catboost"", ""confidence"": 0.4692, ""probability_of_chosen"": 0.5916, ""probabilities"": {""mean_pool_full"": 0.0008, ""median_pool_full"": 0.0053, ""trimmed_mean_pool_full"": 0.0129, ""mean_pool1"": 0.0045, ""median_pool1"": 0.0022, ""trimmed_mean_pool1"": 0.0205, ""mean_pool2"": 0.0126, ""median_pool2"": 0.0609, ""trimmed_mean_pool2"": 0.132, ""mean_pool3"": 0.0013, ""median_pool3"": 0.0176, ""trimmed_mean_pool3"": 0.0581, ""best_THETA"": 0.0022, ""best_ETS"": 0.0007, ""best_ONLY_CWT_catboost"": 0.5916, ""accept"": 0.0767}, ""input_tokens"": 1620, ""score"": 0.6409, ""rank"": 2, ""already_tested"": false}, {""iteration"": 2, ""action"": ""best_ONLY_CWT_catboost"", ""confidence"": 0.696, ""probability_of_chosen"": 0.7963, ""probabilities"": {""mean_pool_full"": 0.0003, ""median_pool_full"": 0.0015, ""trimmed_mean_pool_full"": 0.0222, ""mean_pool4"": 0.0014, ""median_pool4"": 0.001, ""trimmed_mean_pool4"": 0.0028, ""mean_pool1"": 0.002, ""median_pool1"": 0.0126, ""trimmed_mean_pool1"": 0.035, ""mean_pool2"": 0.0013, ""median_pool2"": 0.011, ""trimmed_mean_pool2"": 0.1012, ""best_THETA"": 0.0018, ""best_ETS"": 0.0003, ""best_ONLY_CWT_catboost"": 0.7963, ""accept"": 0.0094}, ""input_tokens"": 1628, ""score"": 0.6409, ""rank"": 2, ""already_tested"": true}, {""iteration"": 3, ""action"": ""best_ONLY_CWT_catboost"", ""confidence"": 0.696, ""probability_of_chosen"": 0.7963, ""probabilities"": {""mean_pool_full"": 0.0003, ""median_pool_full"": 0.0015, ""trimmed_mean_pool_full"": 0.0222, ""mean_pool4"": 0.0014, ""median_pool4"": 0.001, ""trimmed_mean_pool4"": 0.0028, ""mean_pool1"": 0.002, ""median_pool1"": 0.0126, ""trimmed_mean_pool1"": 0.035, ""mean_pool2"": 0.0013, ""median_pool2"": 0.011, ""trimmed_mean_pool2"": 0.1012, ""best_THETA"": 0.0018, ""best_ETS"": 0.0003, ""best_ONLY_CWT_catboost"": 0.7963, ""accept"": 0.0094}, ""input_tokens"": 1628, ""score"": 0.6409, ""rank"": 2, ""already_tested"": true}, {""iteration"": 4, ""action"": ""best_ONLY_CWT_catboost"", ""confidence"": 0.696, ""probability_of_chosen"": 0.7963, ""probabilities"": {""mean_pool_full"": 0.0003, ""median_pool_full"": 0.0015, ""trimmed_mean_pool_full"": 0.0222, ""mean_pool4"": 0.0014, ""median_pool4"": 0.001, ""trimmed_mean_pool4"": 0.0028, ""mean_pool1"": 0.002, ""median_pool1"": 0.0126, ""trimmed_mean_pool1"": 0.035, ""mean_pool2"": 0.0013, ""median_pool2"": 0.011, ""trimmed_mean_pool2"": 0.1012, ""best_THETA"": 0.0018, ""best_ETS"": 0.0003, ""best_ONLY_CWT_catboost"": 0.7963, ""accept"": 0.0094}, ""input_tokens"": 1628, ""score"": 0.6409, ""rank"": 2, ""already_tested"": true}]}, ""score"": 0.6295}";baseline;4;no new information in 3 consecutive turns;0.03540176460991393;1670.1153086685226;laya_multilingual_laya_v0_ml8192
96;12;orchestrator_laya_laya_v0_ml8192;0.04631238131805829;63.63636363636363;0.044791066091205534;2868.2213686214586;0.044791022226646125;2292.6903251952776;[[51533.259, 50725.583, 44383.302, 48805.269, 53109.144, 52090.581, 50427.1, 54142.282, 57451.916, 54029.802, 53901.496, 49344.695]];[[55433.33491462, 49539.54029900001, 51023.178603960005, 52140.02356626, 51929.249235103336, 53095.86459634, 52686.33957934667, 53248.50487118666, 55527.074928973336, 54260.66274787, 55253.07329199667, 52950.754936213336]];2023-12-31 00:00:00;2024-11-30 00:00:00;"{""strategy"": {""combine"": ""trimmed_mean"", ""pool"": ""pool1"", ""trim_pct"": 0.2}, ""origin"": ""baseline"", ""loop"": {""final_attempt"": ""a5"", ""strategy"": {""combine"": ""trimmed_mean"", ""pool"": ""pool1"", ""trim_pct"": 0.2}, ""iterations_used"": 4, ""stop_reason"": ""no new information in 3 consecutive turns"", ""trace"": [{""iteration"": 1, ""action"": ""median_pool2"", ""confidence"": 0.2988, ""probability_of_chosen"": 0.3114, ""probabilities"": {""mean_pool_full"": 0.0014, ""median_pool_full"": 0.025, ""trimmed_mean_pool_full"": 0.051, ""mean_pool1"": 0.0129, ""median_pool1"": 0.0174, ""trimmed_mean_pool1"": 0.0538, ""mean_pool2"": 0.005, ""median_pool2"": 0.3114, ""trimmed_mean_pool2"": 0.0645, ""mean_pool3"": 0.0012, ""median_pool3"": 0.2769, ""trimmed_mean_pool3"": 0.0769, ""best_ARIMA"": 0.0017, ""best_ETS"": 0.0007, ""best_THETA"": 0.0103, ""accept"": 0.0899}, ""input_tokens"": 1600, ""score"": 0.6227, ""rank"": 5, ""already_tested"": false}, {""iteration"": 2, ""action"": ""median_pool2"", ""confidence"": 0.999, ""probability_of_chosen"": 0.9997, ""probabilities"": {""mean_pool_full"": 0.0, ""median_pool_full"": 0.0001, ""trimmed_mean_pool_full"": 0.0, ""mean_pool4"": 0.0, ""median_pool4"": 0.0, ""trimmed_mean_pool4"": 0.0, ""mean_pool1"": 0.0, ""median_pool1"": 0.0001, ""trimmed_mean_pool1"": 0.0, ""mean_pool2"": 0.0, ""median_pool2"": 0.9997, ""trimmed_mean_pool2"": 0.0, ""best_ARIMA"": 0.0, ""best_ETS"": 0.0, ""best_THETA"": 0.0, ""accept"": 0.0}, ""input_tokens"": 1603, ""score"": 0.6227, ""rank"": 5, ""already_tested"": true}, {""iteration"": 3, ""action"": ""median_pool2"", ""confidence"": 0.999, ""probability_of_chosen"": 0.9997, ""probabilities"": {""mean_pool_full"": 0.0, ""median_pool_full"": 0.0001, ""trimmed_mean_pool_full"": 0.0, ""mean_pool4"": 0.0, ""median_pool4"": 0.0, ""trimmed_mean_pool4"": 0.0, ""mean_pool1"": 0.0, ""median_pool1"": 0.0001, ""trimmed_mean_pool1"": 0.0, ""mean_pool2"": 0.0, ""median_pool2"": 0.9997, ""trimmed_mean_pool2"": 0.0, ""best_ARIMA"": 0.0, ""best_ETS"": 0.0, ""best_THETA"": 0.0, ""accept"": 0.0}, ""input_tokens"": 1603, ""score"": 0.6227, ""rank"": 5, ""already_tested"": true}, {""iteration"": 4, ""action"": ""median_pool2"", ""confidence"": 0.999, ""probability_of_chosen"": 0.9997, ""probabilities"": {""mean_pool_full"": 0.0, ""median_pool_full"": 0.0001, ""trimmed_mean_pool_full"": 0.0, ""mean_pool4"": 0.0, ""median_pool4"": 0.0, ""trimmed_mean_pool4"": 0.0, ""mean_pool1"": 0.0, ""median_pool1"": 0.0001, ""trimmed_mean_pool1"": 0.0, ""mean_pool2"": 0.0, ""median_pool2"": 0.9997, ""trimmed_mean_pool2"": 0.0, ""best_ARIMA"": 0.0, ""best_ETS"": 0.0, ""best_THETA"": 0.0, ""accept"": 0.0}, ""input_tokens"": 1603, ""score"": 0.6227, ""rank"": 5, ""already_tested"": true}]}, ""score"": 0.5165}";baseline;4;no new information in 3 consecutive turns;0.044791066091205534;2868.2213686214586;laya_multilingual_laya_v0_ml8192
97;12;orchestrator_laya_laya_v0_ml8192;0.04852703205983518;81.81818181818181;0.04647547649680728;772.1378922321585;0.046475292202105584;587.1942587899998;[[13444.0, 12476.45, 10926.5, 12501.0, 12928.0, 12908.5, 12114.5, 13251.0, 13448.5, 12848.346, 13543.8, 12129.4]];[[13485.66789356, 12692.18532149, 12601.80390041, 13268.77048635, 13228.77162975, 13583.48215153, 13457.44243688, 13552.84608934, 13647.95407865, 13313.86368242, 13488.31546507, 13134.25490017]];2023-12-31 00:00:00;2024-11-30 00:00:00;"{""strategy"": {""combine"": ""best_single"", ""model"": ""ONLY_DWT_catboost"", ""pool"": ""pool_full""}, ""origin"": ""agent"", ""loop"": {""final_attempt"": ""a10"", ""strategy"": {""combine"": ""best_single"", ""model"": ""ONLY_DWT_catboost"", ""pool"": ""pool_full""}, ""iterations_used"": 4, ""stop_reason"": ""no new information in 3 consecutive turns"", ""trace"": [{""iteration"": 1, ""action"": ""best_ONLY_DWT_catboost"", ""confidence"": 0.8031, ""probability_of_chosen"": 0.889, ""probabilities"": {""mean_pool_full"": 0.0003, ""median_pool_full"": 0.0017, ""trimmed_mean_pool_full"": 0.0453, ""mean_pool1"": 0.0031, ""median_pool1"": 0.0013, ""trimmed_mean_pool1"": 0.002, ""mean_pool2"": 0.0015, ""median_pool2"": 0.0173, ""trimmed_mean_pool2"": 0.0244, ""mean_pool3"": 0.0003, ""median_pool3"": 0.0022, ""trimmed_mean_pool3"": 0.0071, ""best_THETA"": 0.0013, ""best_ETS"": 0.0002, ""best_ONLY_DWT_catboost"": 0.889, ""accept"": 0.0031}, ""input_tokens"": 1575, ""score"": 0.6302, ""rank"": 1, ""already_tested"": false}, {""iteration"": 2, ""action"": ""best_ONLY_DWT_catboost"", ""confidence"": 0.93, ""probability_of_chosen"": 0.9675, ""probabilities"": {""mean_pool_full"": 0.0, ""median_pool_full"": 0.0006, ""trimmed_mean_pool_full"": 0.0159, ""mean_pool4"": 0.0001, ""median_pool4"": 0.0001, ""trimmed_mean_pool4"": 0.0001, ""mean_pool1"": 0.0004, ""median_pool1"": 0.0024, ""trimmed_mean_pool1"": 0.0009, ""mean_pool2"": 0.0003, ""median_pool2"": 0.0053, ""trimmed_mean_pool2"": 0.0056, ""best_THETA"": 0.0001, ""best_ETS"": 0.0, ""best_ONLY_DWT_catboost"": 0.9675, ""accept"": 0.0007}, ""input_tokens"": 1577, ""score"": 0.6302, ""rank"": 1, ""already_tested"": true}, {""iteration"": 3, ""action"": ""best_ONLY_DWT_catboost"", ""confidence"": 0.93, ""probability_of_chosen"": 0.9675, ""probabilities"": {""mean_pool_full"": 0.0, ""median_pool_full"": 0.0006, ""trimmed_mean_pool_full"": 0.0159, ""mean_pool4"": 0.0001, ""median_pool4"": 0.0001, ""trimmed_mean_pool4"": 0.0001, ""mean_pool1"": 0.0004, ""median_pool1"": 0.0024, ""trimmed_mean_pool1"": 0.0009, ""mean_pool2"": 0.0003, ""median_pool2"": 0.0053, ""trimmed_mean_pool2"": 0.0056, ""best_THETA"": 0.0001, ""best_ETS"": 0.0, ""best_ONLY_DWT_catboost"": 0.9675, ""accept"": 0.0007}, ""input_tokens"": 1577, ""score"": 0.6302, ""rank"": 1, ""already_tested"": true}, {""iteration"": 4, ""action"": ""best_ONLY_DWT_catboost"", ""confidence"": 0.93, ""probability_of_chosen"": 0.9675, ""probabilities"": {""mean_pool_full"": 0.0, ""median_pool_full"": 0.0006, ""trimmed_mean_pool_full"": 0.0159, ""mean_pool4"": 0.0001, ""median_pool4"": 0.0001, ""trimmed_mean_pool4"": 0.0001, ""mean_pool1"": 0.0004, ""median_pool1"": 0.0024, ""trimmed_mean_pool1"": 0.0009, ""mean_pool2"": 0.0003, ""median_pool2"": 0.0053, ""trimmed_mean_pool2"": 0.0056, ""best_THETA"": 0.0001, ""best_ETS"": 0.0, ""best_ONLY_DWT_catboost"": 0.9675, ""accept"": 0.0007}, ""input_tokens"": 1577, ""score"": 0.6302, ""rank"": 1, ""already_tested"": true}]}, ""score"": 0.6302}";agent;4;no new information in 3 consecutive turns;0.04045582410547585;733.8901130587991;laya_multilingual_laya_v0_ml8192
98;12;orchestrator_laya_laya_v0_ml8192;0.38833403228239494;54.54545454545455;0.2995297847290677;21.869232271098177;0.29918829416472975;14.670587810833334;[[35.0, 55.0, 53.0, 50.0, 55.0, 50.0, 40.0, 48.0, 70.0, 107.0, 30.0, 15.0]];[[49.64324596571429, 46.82591304714286, 48.57582177142857, 48.54605151571429, 48.57669629714285, 48.730571317142854, 48.634526202857145, 47.99153582857143, 48.36795983857143, 48.05207456857142, 48.00291961, 47.43298613571428]];2023-12-31 00:00:00;2024-11-30 00:00:00;"{""strategy"": {""combine"": ""mean"", ""pool"": ""pool2""}, ""origin"": ""baseline"", ""loop"": {""final_attempt"": ""a6"", ""strategy"": {""combine"": ""mean"", ""pool"": ""pool2""}, ""iterations_used"": 3, ""stop_reason"": ""no new information in 3 consecutive turns"", ""trace"": [{""iteration"": 1, ""action"": ""trimmed_mean_pool2"", ""confidence"": 0.3632, ""probability_of_chosen"": 0.5126, ""probabilities"": {""mean_pool_full"": 0.0055, ""median_pool_full"": 0.0075, ""trimmed_mean_pool_full"": 0.0956, ""mean_pool1"": 0.0082, ""median_pool1"": 0.0039, ""trimmed_mean_pool1"": 0.0407, ""mean_pool2"": 0.0085, ""median_pool2"": 0.028, ""trimmed_mean_pool2"": 0.5126, ""mean_pool3"": 0.0024, ""median_pool3"": 0.0147, ""trimmed_mean_pool3"": 0.1166, ""best_DWT_catboost"": 0.0066, ""best_ONLY_CWT_catboost"": 0.0699, ""best_CWT_catboost"": 0.0457, ""accept"": 0.0337}, ""input_tokens"": 1515, ""score"": 0.7092, ""rank"": 8, ""already_tested"": true}, {""iteration"": 2, ""action"": ""trimmed_mean_pool1"", ""confidence"": 0.2468, ""probability_of_chosen"": 0.2333, ""probabilities"": {""mean_pool_full"": 0.0043, ""median_pool_full"": 0.0062, ""trimmed_mean_pool_full"": 0.2091, ""mean_pool4"": 0.0117, ""median_pool4"": 0.0077, ""trimmed_mean_pool4"": 0.0523, ""mean_pool1"": 0.0036, ""median_pool1"": 0.0252, ""trimmed_mean_pool1"": 0.2333, ""mean_pool2"": 0.0093, ""median_pool2"": 0.0316, ""trimmed_mean_pool2"": 0.2226, ""best_DWT_catboost"": 0.0065, ""best_ONLY_CWT_catboost"": 0.0839, ""best_CWT_catboost"": 0.0573, ""accept"": 0.0358}, ""input_tokens"": 1515, ""score"": 0.7048, ""rank"": 3, ""already_tested"": true}, {""iteration"": 3, ""action"": ""trimmed_mean_pool1"", ""confidence"": 0.2468, ""probability_of_chosen"": 0.2333, ""probabilities"": {""mean_pool_full"": 0.0043, ""median_pool_full"": 0.0062, ""trimmed_mean_pool_full"": 0.2091, ""mean_pool4"": 0.0117, ""median_pool4"": 0.0077, ""trimmed_mean_pool4"": 0.0523, ""mean_pool1"": 0.0036, ""median_pool1"": 0.0252, ""trimmed_mean_pool1"": 0.2333, ""mean_pool2"": 0.0093, ""median_pool2"": 0.0316, ""trimmed_mean_pool2"": 0.2226, ""best_DWT_catboost"": 0.0065, ""best_ONLY_CWT_catboost"": 0.0839, ""best_CWT_catboost"": 0.0573, ""accept"": 0.0358}, ""input_tokens"": 1515, ""score"": 0.7048, ""rank"": 3, ""already_tested"": true}]}, ""score"": 0.693}";baseline;3;no new information in 3 consecutive turns;0.2995297847290677;21.869232271098177;laya_multilingual_laya_v0_ml8192
99;12;orchestrator_laya_laya_v0_ml8192;0.05861217724259449;63.63636363636363;0.05720432649545942;23571.23449187537;0.057204317542234234;18323.55068107229;[[371571.711, 336930.215, 301504.701, 333108.958, 339573.828, 275862.258, 294854.615, 322307.725, 320721.966, 305481.305, 339797.413, 332775.655]];[[340608.7875565529, 322090.2006027252, 321254.10521263414, 327302.6038568942, 313477.48135725793, 333064.7917130487, 319157.70858499204, 322128.94101744733, 322573.6128879479, 320584.52436877944, 326134.4937426367, 322650.28646102047]];2023-12-31 00:00:00;2024-11-30 00:00:00;"{""strategy"": {""combine"": ""dba"", ""pool"": ""pool_full"", ""dba_max_iter"": 30}, ""origin"": ""baseline"", ""loop"": {""final_attempt"": ""a3"", ""strategy"": {""combine"": ""dba"", ""pool"": ""pool_full"", ""dba_max_iter"": 30}, ""iterations_used"": 4, ""stop_reason"": ""no new information in 3 consecutive turns"", ""trace"": [{""iteration"": 1, ""action"": ""best_ONLY_FT_rf"", ""confidence"": 0.5556, ""probability_of_chosen"": 0.6378, ""probabilities"": {""mean_pool_full"": 0.0009, ""median_pool_full"": 0.0132, ""trimmed_mean_pool_full"": 0.0143, ""mean_pool1"": 0.0006, ""median_pool1"": 0.0031, ""trimmed_mean_pool1"": 0.0017, ""mean_pool2"": 0.0007, ""median_pool2"": 0.1091, ""trimmed_mean_pool2"": 0.1613, ""mean_pool3"": 0.0001, ""median_pool3"": 0.0124, ""trimmed_mean_pool3"": 0.0109, ""best_FT_catboost"": 0.024, ""best_ONLY_FT_rf"": 0.6378, ""best_THETA"": 0.0044, ""accept"": 0.0055}, ""input_tokens"": 1639, ""score"": 0.7482, ""rank"": 4, ""already_tested"": false}, {""iteration"": 2, ""action"": ""best_ONLY_FT_rf"", ""confidence"": 0.8583, ""probability_of_chosen"": 0.9182, ""probabilities"": {""mean_pool_full"": 0.0, ""median_pool_full"": 0.0016, ""trimmed_mean_pool_full"": 0.0345, ""mean_pool4"": 0.0, ""median_pool4"": 0.0002, ""trimmed_mean_pool4"": 0.0003, ""mean_pool1"": 0.0001, ""median_pool1"": 0.0006, ""trimmed_mean_pool1"": 0.0334, ""mean_pool2"": 0.0001, ""median_pool2"": 0.003, ""trimmed_mean_pool2"": 0.0021, ""best_FT_catboost"": 0.0048, ""best_ONLY_FT_rf"": 0.9182, ""best_THETA"": 0.0004, ""accept"": 0.0008}, ""input_tokens"": 1643, ""score"": 0.7482, ""rank"": 4, ""already_tested"": true}, {""iteration"": 3, ""action"": ""best_ONLY_FT_rf"", ""confidence"": 0.8583, ""probability_of_chosen"": 0.9182, ""probabilities"": {""mean_pool_full"": 0.0, ""median_pool_full"": 0.0016, ""trimmed_mean_pool_full"": 0.0345, ""mean_pool4"": 0.0, ""median_pool4"": 0.0002, ""trimmed_mean_pool4"": 0.0003, ""mean_pool1"": 0.0001, ""median_pool1"": 0.0006, ""trimmed_mean_pool1"": 0.0334, ""mean_pool2"": 0.0001, ""median_pool2"": 0.003, ""trimmed_mean_pool2"": 0.0021, ""best_FT_catboost"": 0.0048, ""best_ONLY_FT_rf"": 0.9182, ""best_THETA"": 0.0004, ""accept"": 0.0008}, ""input_tokens"": 1643, ""score"": 0.7482, ""rank"": 4, ""already_tested"": true}, {""iteration"": 4, ""action"": ""best_ONLY_FT_rf"", ""confidence"": 0.8583, ""probability_of_chosen"": 0.9182, ""probabilities"": {""mean_pool_full"": 0.0, ""median_pool_full"": 0.0016, ""trimmed_mean_pool_full"": 0.0345, ""mean_pool4"": 0.0, ""median_pool4"": 0.0002, ""trimmed_mean_pool4"": 0.0003, ""mean_pool1"": 0.0001, ""median_pool1"": 0.0006, ""trimmed_mean_pool1"": 0.0334, ""mean_pool2"": 0.0001, ""median_pool2"": 0.003, ""trimmed_mean_pool2"": 0.0021, ""best_FT_catboost"": 0.0048, ""best_ONLY_FT_rf"": 0.9182, ""best_THETA"": 0.0004, ""accept"": 0.0008}, ""input_tokens"": 1643, ""score"": 0.7482, ""rank"": 4, ""already_tested"": true}]}, ""score"": 0.6373}";baseline;4;no new information in 3 consecutive turns;0.05720432649545942;23571.23449187537;laya_multilingual_laya_v0_ml8192
100;12;orchestrator_laya_laya_v0_ml8192;0.14601710607142784;45.45454545454545;0.1428705508367568;2013.241694504097;0.14286990549845882;1597.3782837183335;[[9690.78, 10852.238, 10613.229, 10207.196, 8460.63, 8905.022, 9825.99, 11830.143, 14323.215, 14726.076, 10397.832, 11204.742]];[[10813.63599345, 11576.21446475, 11372.7478279, 11307.33946947, 11579.37232938, 11242.23342102, 10999.69083445, 11356.10395642, 10681.30969525, 10934.00378799, 11179.12432581, 11061.66082195]];2023-12-31 00:00:00;2024-11-30 00:00:00;"{""strategy"": {""combine"": ""best_single"", ""model"": ""FT_catboost"", ""pool"": ""pool_full""}, ""origin"": ""agent"", ""loop"": {""final_attempt"": ""a10"", ""strategy"": {""combine"": ""best_single"", ""model"": ""FT_catboost"", ""pool"": ""pool_full""}, ""iterations_used"": 4, ""stop_reason"": ""no new information in 3 consecutive turns"", ""trace"": [{""iteration"": 1, ""action"": ""best_FT_catboost"", ""confidence"": 0.2783, ""probability_of_chosen"": 0.3005, ""probabilities"": {""mean_pool_full"": 0.0011, ""median_pool_full"": 0.0106, ""trimmed_mean_pool_full"": 0.1302, ""mean_pool1"": 0.0153, ""median_pool1"": 0.0037, ""trimmed_mean_pool1"": 0.0419, ""mean_pool2"": 0.0096, ""median_pool2"": 0.0437, ""trimmed_mean_pool2"": 0.2268, ""mean_pool3"": 0.0046, ""median_pool3"": 0.0582, ""trimmed_mean_pool3"": 0.1097, ""best_FT_catboost"": 0.3005, ""best_rf"": 0.0013, ""best_ARIMA"": 0.0017, ""accept"": 0.0412}, ""input_tokens"": 1588, ""score"": 0.6453, ""rank"": 1, ""already_tested"": false}, {""iteration"": 2, ""action"": ""best_FT_catboost"", ""confidence"": 0.9306, ""probability_of_chosen"": 0.9705, ""probabilities"": {""mean_pool_full"": 0.0001, ""median_pool_full"": 0.0012, ""trimmed_mean_pool_full"": 0.0075, ""mean_pool4"": 0.0002, ""median_pool4"": 0.0002, ""trimmed_mean_pool4"": 0.0002, ""mean_pool1"": 0.0013, ""median_pool1"": 0.0023, ""trimmed_mean_pool1"": 0.0064, ""mean_pool2"": 0.0006, ""median_pool2"": 0.0007, ""trimmed_mean_pool2"": 0.0059, ""best_FT_catboost"": 0.9705, ""best_rf"": 0.0001, ""best_ARIMA"": 0.0001, ""accept"": 0.0027}, ""input_tokens"": 1583, ""score"": 0.6453, ""rank"": 1, ""already_tested"": true}, {""iteration"": 3, ""action"": ""best_FT_catboost"", ""confidence"": 0.9306, ""probability_of_chosen"": 0.9705, ""probabilities"": {""mean_pool_full"": 0.0001, ""median_pool_full"": 0.0012, ""trimmed_mean_pool_full"": 0.0075, ""mean_pool4"": 0.0002, ""median_pool4"": 0.0002, ""trimmed_mean_pool4"": 0.0002, ""mean_pool1"": 0.0013, ""median_pool1"": 0.0023, ""trimmed_mean_pool1"": 0.0064, ""mean_pool2"": 0.0006, ""median_pool2"": 0.0007, ""trimmed_mean_pool2"": 0.0059, ""best_FT_catboost"": 0.9705, ""best_rf"": 0.0001, ""best_ARIMA"": 0.0001, ""accept"": 0.0027}, ""input_tokens"": 1583, ""score"": 0.6453, ""rank"": 1, ""already_tested"": true}, {""iteration"": 4, ""action"": ""best_FT_catboost"", ""confidence"": 0.9306, ""probability_of_chosen"": 0.9705, ""probabilities"": {""mean_pool_full"": 0.0001, ""median_pool_full"": 0.0012, ""trimmed_mean_pool_full"": 0.0075, ""mean_pool4"": 0.0002, ""median_pool4"": 0.0002, ""trimmed_mean_pool4"": 0.0002, ""mean_pool1"": 0.0013, ""median_pool1"": 0.0023, ""trimmed_mean_pool1"": 0.0064, ""mean_pool2"": 0.0006, ""median_pool2"": 0.0007, ""trimmed_mean_pool2"": 0.0059, ""best_FT_catboost"": 0.9705, ""best_rf"": 0.0001, ""best_ARIMA"": 0.0001, ""accept"": 0.0027}, ""input_tokens"": 1583, ""score"": 0.6453, ""rank"": 1, ""already_tested"": true}]}, ""score"": 0.6453}";agent;4;no new information in 3 consecutive turns;0.12841832365841963;1921.0117133333304;laya_multilingual_laya_v0_ml8192
101;12;orchestrator_laya_laya_v0_ml8192;0.35735123074469244;45.45454545454545;0.4428412958372609;1796.1894824218903;0.44283548881371154;1694.4732646875;[[3501.5, 4639.8, 4755.0, 5502.345, 5300.0, 4824.588, 4708.433, 4897.0, 4807.5, 4058.0, 3922.0, 4285.5]];[[3058.21466751, 2889.07944134, 2777.24772512, 2814.98820221, 2855.32781327, 2845.71176509, 2975.45126805, 2963.91519653, 2934.62636188, 2942.53241815, 2903.19595261, 2907.69601199]];2023-12-31 00:00:00;2024-11-30 00:00:00;"{""strategy"": {""combine"": ""median"", ""pool"": ""pool2""}, ""origin"": ""agent"", ""loop"": {""final_attempt"": ""a10"", ""strategy"": {""combine"": ""median"", ""pool"": ""pool2""}, ""iterations_used"": 4, ""stop_reason"": ""no new information in 3 consecutive turns"", ""trace"": [{""iteration"": 1, ""action"": ""median_pool2"", ""confidence"": 0.4978, ""probability_of_chosen"": 0.6622, ""probabilities"": {""mean_pool_full"": 0.0007, ""median_pool_full"": 0.017, ""trimmed_mean_pool_full"": 0.0822, ""mean_pool1"": 0.0014, ""median_pool1"": 0.0061, ""trimmed_mean_pool1"": 0.0071, ""mean_pool2"": 0.0138, ""median_pool2"": 0.6622, ""trimmed_mean_pool2"": 0.0325, ""mean_pool3"": 0.0017, ""median_pool3"": 0.0338, ""trimmed_mean_pool3"": 0.0222, ""best_CWT_catboost"": 0.0597, ""best_NaiveMovingAverage"": 0.0286, ""best_ARIMA"": 0.0016, ""accept"": 0.0294}, ""input_tokens"": 1580, ""score"": 0.4953, ""rank"": 1, ""already_tested"": false}, {""iteration"": 2, ""action"": ""median_pool2"", ""confidence"": 0.6161, ""probability_of_chosen"": 0.5452, ""probabilities"": {""mean_pool_full"": 0.0003, ""median_pool_full"": 0.3747, ""trimmed_mean_pool_full"": 0.0158, ""mean_pool4"": 0.0017, ""median_pool4"": 0.0116, ""trimmed_mean_pool4"": 0.0011, ""mean_pool1"": 0.0003, ""median_pool1"": 0.0225, ""trimmed_mean_pool1"": 0.0011, ""mean_pool2"": 0.0083, ""median_pool2"": 0.5452, ""trimmed_mean_pool2"": 0.0039, ""best_CWT_catboost"": 0.0027, ""best_NaiveMovingAverage"": 0.0017, ""best_ARIMA"": 0.0006, ""accept"": 0.0085}, ""input_tokens"": 1579, ""score"": 0.4953, ""rank"": 1, ""already_tested"": true}, {""iteration"": 3, ""action"": ""median_pool2"", ""confidence"": 0.6161, ""probability_of_chosen"": 0.5452, ""probabilities"": {""mean_pool_full"": 0.0003, ""median_pool_full"": 0.3747, ""trimmed_mean_pool_full"": 0.0158, ""mean_pool4"": 0.0017, ""median_pool4"": 0.0116, ""trimmed_mean_pool4"": 0.0011, ""mean_pool1"": 0.0003, ""median_pool1"": 0.0225, ""trimmed_mean_pool1"": 0.0011, ""mean_pool2"": 0.0083, ""median_pool2"": 0.5452, ""trimmed_mean_pool2"": 0.0039, ""best_CWT_catboost"": 0.0027, ""best_NaiveMovingAverage"": 0.0017, ""best_ARIMA"": 0.0006, ""accept"": 0.0085}, ""input_tokens"": 1579, ""score"": 0.4953, ""rank"": 1, ""already_tested"": true}, {""iteration"": 4, ""action"": ""median_pool2"", ""confidence"": 0.6161, ""probability_of_chosen"": 0.5452, ""probabilities"": {""mean_pool_full"": 0.0003, ""median_pool_full"": 0.3747, ""trimmed_mean_pool_full"": 0.0158, ""mean_pool4"": 0.0017, ""median_pool4"": 0.0116, ""trimmed_mean_pool4"": 0.0011, ""mean_pool1"": 0.0003, ""median_pool1"": 0.0225, ""trimmed_mean_pool1"": 0.0011, ""mean_pool2"": 0.0083, ""median_pool2"": 0.5452, ""trimmed_mean_pool2"": 0.0039, ""best_CWT_catboost"": 0.0027, ""best_NaiveMovingAverage"": 0.0017, ""best_ARIMA"": 0.0006, ""accept"": 0.0085}, ""input_tokens"": 1579, ""score"": 0.4953, ""rank"": 1, ""already_tested"": true}]}, ""score"": 0.4953}";agent;4;no new information in 3 consecutive turns;0.43704613578245866;1780.5710804941593;laya_multilingual_laya_v0_ml8192
102;12;orchestrator_laya_laya_v0_ml8192;0.34673485731615394;45.45454545454545;0.4446989211028581;10689.264661274561;0.4446978558861597;9326.064793272779;[[14697.302, 13457.042, 13926.091, 25389.114, 25572.974, 25330.768, 26611.816, 28347.195, 28128.791, 27741.809, 29419.203, 28221.585]];[[14438.32810352, 14439.684346693335, 14349.691622126667, 14805.183322489998, 14960.408673323334, 15247.22372779, 14733.815197203332, 15493.874558243333, 15033.973839293334, 14759.01288837, 14702.140160653333, 14780.06197866]];2023-12-31 00:00:00;2024-11-30 00:00:00;"{""strategy"": {""combine"": ""trimmed_mean"", ""pool"": ""pool1"", ""trim_pct"": 0.2}, ""origin"": ""baseline"", ""loop"": {""final_attempt"": ""a5"", ""strategy"": {""combine"": ""trimmed_mean"", ""pool"": ""pool1"", ""trim_pct"": 0.2}, ""iterations_used"": 5, ""stop_reason"": ""no new information in 3 consecutive turns"", ""trace"": [{""iteration"": 1, ""action"": ""best_DWT_rf"", ""confidence"": 0.4045, ""probability_of_chosen"": 0.5544, ""probabilities"": {""mean_pool_full"": 0.0022, ""median_pool_full"": 0.0039, ""trimmed_mean_pool_full"": 0.0332, ""mean_pool1"": 0.0028, ""median_pool1"": 0.0022, ""trimmed_mean_pool1"": 0.0078, ""mean_pool2"": 0.0036, ""median_pool2"": 0.0912, ""trimmed_mean_pool2"": 0.0473, ""mean_pool3"": 0.003, ""median_pool3"": 0.0429, ""trimmed_mean_pool3"": 0.0237, ""best_FT_rf"": 0.0705, ""best_ONLY_DWT_rf"": 0.0912, ""best_DWT_rf"": 0.5544, ""accept"": 0.02}, ""input_tokens"": 1604, ""score"": 0.65, ""rank"": 4, ""already_tested"": false}, {""iteration"": 2, ""action"": ""trimmed_mean_pool_full"", ""confidence"": 0.333, ""probability_of_chosen"": 0.2843, ""probabilities"": {""mean_pool_full"": 0.0018, ""median_pool_full"": 0.0047, ""trimmed_mean_pool_full"": 0.2843, ""mean_pool4"": 0.001, ""median_pool4"": 0.0009, ""trimmed_mean_pool4"": 0.0014, ""mean_pool1"": 0.0016, ""median_pool1"": 0.2064, ""trimmed_mean_pool1"": 0.0287, ""mean_pool2"": 0.0052, ""median_pool2"": 0.063, ""trimmed_mean_pool2"": 0.0169, ""best_FT_rf"": 0.0392, ""best_ONLY_DWT_rf"": 0.0652, ""best_DWT_rf"": 0.263, ""accept"": 0.0166}, ""input_tokens"": 1596, ""score"": 0.6794, ""rank"": 9, ""already_tested"": false}, {""iteration"": 3, ""action"": ""trimmed_mean_pool_full"", ""confidence"": 0.333, ""probability_of_chosen"": 0.2843, ""probabilities"": {""mean_pool_full"": 0.0018, ""median_pool_full"": 0.0047, ""trimmed_mean_pool_full"": 0.2843, ""mean_pool4"": 0.001, ""median_pool4"": 0.0009, ""trimmed_mean_pool4"": 0.0014, ""mean_pool1"": 0.0016, ""median_pool1"": 0.2064, ""trimmed_mean_pool1"": 0.0287, ""mean_pool2"": 0.0052, ""median_pool2"": 0.063, ""trimmed_mean_pool2"": 0.0169, ""best_FT_rf"": 0.0392, ""best_ONLY_DWT_rf"": 0.0652, ""best_DWT_rf"": 0.263, ""accept"": 0.0166}, ""input_tokens"": 1596, ""score"": 0.6794, ""rank"": 9, ""already_tested"": true}, {""iteration"": 4, ""action"": ""trimmed_mean_pool_full"", ""confidence"": 0.333, ""probability_of_chosen"": 0.2843, ""probabilities"": {""mean_pool_full"": 0.0018, ""median_pool_full"": 0.0047, ""trimmed_mean_pool_full"": 0.2843, ""mean_pool4"": 0.001, ""median_pool4"": 0.0009, ""trimmed_mean_pool4"": 0.0014, ""mean_pool1"": 0.0016, ""median_pool1"": 0.2064, ""trimmed_mean_pool1"": 0.0287, ""mean_pool2"": 0.0052, ""median_pool2"": 0.063, ""trimmed_mean_pool2"": 0.0169, ""best_FT_rf"": 0.0392, ""best_ONLY_DWT_rf"": 0.0652, ""best_DWT_rf"": 0.263, ""accept"": 0.0166}, ""input_tokens"": 1596, ""score"": 0.6794, ""rank"": 9, ""already_tested"": true}, {""iteration"": 5, ""action"": ""trimmed_mean_pool_full"", ""confidence"": 0.333, ""probability_of_chosen"": 0.2843, ""probabilities"": {""mean_pool_full"": 0.0018, ""median_pool_full"": 0.0047, ""trimmed_mean_pool_full"": 0.2843, ""mean_pool4"": 0.001, ""median_pool4"": 0.0009, ""trimmed_mean_pool4"": 0.0014, ""mean_pool1"": 0.0016, ""median_pool1"": 0.2064, ""trimmed_mean_pool1"": 0.0287, ""mean_pool2"": 0.0052, ""median_pool2"": 0.063, ""trimmed_mean_pool2"": 0.0169, ""best_FT_rf"": 0.0392, ""best_ONLY_DWT_rf"": 0.0652, ""best_DWT_rf"": 0.263, ""accept"": 0.0166}, ""input_tokens"": 1596, ""score"": 0.6794, ""rank"": 9, ""already_tested"": true}]}, ""score"": 0.6375}";baseline;5;no new information in 3 consecutive turns;0.4446989211028581;10689.264661274561;laya_multilingual_laya_v0_ml8192
103;12;orchestrator_laya_laya_v0_ml8192;0.02823089337401959;72.72727272727273;0.028176064509518452;8410.957857511557;0.028176058969863766;7200.736300170836;[[244970.136, 222031.27, 227871.864, 231419.069, 242622.246, 253121.793, 250479.626, 285902.899, 286001.574, 264862.94, 274561.434, 248848.328]];[[233490.05975013, 220695.94306613, 224113.08037841, 235967.84579084, 235003.99276678, 251451.92990216, 262953.15106032, 274778.34231801, 279023.93178382, 277247.11522136, 273205.66950867, 260530.42000364]];2023-12-31 00:00:00;2024-11-30 00:00:00;"{""strategy"": {""combine"": ""best_single"", ""model"": ""FT_rf"", ""pool"": ""pool_full""}, ""origin"": ""agent"", ""loop"": {""final_attempt"": ""a10"", ""strategy"": {""combine"": ""best_single"", ""model"": ""FT_rf"", ""pool"": ""pool_full""}, ""iterations_used"": 5, ""stop_reason"": ""no new information in 3 consecutive turns"", ""trace"": [{""iteration"": 1, ""action"": ""best_FT_rf"", ""confidence"": 0.5494, ""probability_of_chosen"": 0.6829, ""probabilities"": {""mean_pool_full"": 0.0013, ""median_pool_full"": 0.0013, ""trimmed_mean_pool_full"": 0.0241, ""mean_pool1"": 0.0057, ""median_pool1"": 0.0018, ""trimmed_mean_pool1"": 0.008, ""mean_pool2"": 0.0027, ""median_pool2"": 0.0984, ""trimmed_mean_pool2"": 0.0053, ""mean_pool3"": 0.0011, ""median_pool3"": 0.0305, ""trimmed_mean_pool3"": 0.005, ""best_FT_rf"": 0.6829, ""best_FT_catboost"": 0.0587, ""best_DWT_rf"": 0.0616, ""accept"": 0.0115}, ""input_tokens"": 1659, ""score"": 0.5378, ""rank"": 1, ""already_tested"": false}, {""iteration"": 2, ""action"": ""best_DWT_rf"", ""confidence"": 0.3251, ""probability_of_chosen"": 0.2899, ""probabilities"": {""mean_pool_full"": 0.0007, ""median_pool_full"": 0.0012, ""trimmed_mean_pool_full"": 0.0536, ""mean_pool4"": 0.0132, ""median_pool4"": 0.0017, ""trimmed_mean_pool4"": 0.0026, ""mean_pool1"": 0.0016, ""median_pool1"": 0.0342, ""trimmed_mean_pool1"": 0.0135, ""mean_pool2"": 0.0043, ""median_pool2"": 0.0762, ""trimmed_mean_pool2"": 0.0309, ""best_FT_rf"": 0.2518, ""best_FT_catboost"": 0.2055, ""best_DWT_rf"": 0.2899, ""accept"": 0.019}, ""input_tokens"": 1661, ""score"": 0.7023, ""rank"": 11, ""already_tested"": false}, {""iteration"": 3, ""action"": ""best_DWT_rf"", ""confidence"": 0.3251, ""probability_of_chosen"": 0.2899, ""probabilities"": {""mean_pool_full"": 0.0007, ""median_pool_full"": 0.0012, ""trimmed_mean_pool_full"": 0.0536, ""mean_pool4"": 0.0132, ""median_pool4"": 0.0017, ""trimmed_mean_pool4"": 0.0026, ""mean_pool1"": 0.0016, ""median_pool1"": 0.0342, ""trimmed_mean_pool1"": 0.0135, ""mean_pool2"": 0.0043, ""median_pool2"": 0.0762, ""trimmed_mean_pool2"": 0.0309, ""best_FT_rf"": 0.2518, ""best_FT_catboost"": 0.2055, ""best_DWT_rf"": 0.2899, ""accept"": 0.019}, ""input_tokens"": 1661, ""score"": 0.7023, ""rank"": 11, ""already_tested"": true}, {""iteration"": 4, ""action"": ""best_DWT_rf"", ""confidence"": 0.3251, ""probability_of_chosen"": 0.2899, ""probabilities"": {""mean_pool_full"": 0.0007, ""median_pool_full"": 0.0012, ""trimmed_mean_pool_full"": 0.0536, ""mean_pool4"": 0.0132, ""median_pool4"": 0.0017, ""trimmed_mean_pool4"": 0.0026, ""mean_pool1"": 0.0016, ""median_pool1"": 0.0342, ""trimmed_mean_pool1"": 0.0135, ""mean_pool2"": 0.0043, ""median_pool2"": 0.0762, ""trimmed_mean_pool2"": 0.0309, ""best_FT_rf"": 0.2518, ""best_FT_catboost"": 0.2055, ""best_DWT_rf"": 0.2899, ""accept"": 0.019}, ""input_tokens"": 1661, ""score"": 0.7023, ""rank"": 11, ""already_tested"": true}, {""iteration"": 5, ""action"": ""best_DWT_rf"", ""confidence"": 0.3251, ""probability_of_chosen"": 0.2899, ""probabilities"": {""mean_pool_full"": 0.0007, ""median_pool_full"": 0.0012, ""trimmed_mean_pool_full"": 0.0536, ""mean_pool4"": 0.0132, ""median_pool4"": 0.0017, ""trimmed_mean_pool4"": 0.0026, ""mean_pool1"": 0.0016, ""median_pool1"": 0.0342, ""trimmed_mean_pool1"": 0.0135, ""mean_pool2"": 0.0043, ""median_pool2"": 0.0762, ""trimmed_mean_pool2"": 0.0309, ""best_FT_rf"": 0.2518, ""best_FT_catboost"": 0.2055, ""best_DWT_rf"": 0.2899, ""accept"": 0.019}, ""input_tokens"": 1661, ""score"": 0.7023, ""rank"": 11, ""already_tested"": true}]}, ""score"": 0.5378}";agent;5;no new information in 3 consecutive turns;0.0320937128780762;9398.543911384319;laya_multilingual_laya_v0_ml8192
104;12;orchestrator_laya_laya_v0_ml8192;1.3123752557061846e+16;45.45454545454545;0.6326653993409369;6.1995932972378975;0.6278272638705741;4.518881104166666;[[0.0, 12.76, 0.0, 13.27, 13.82, 13.3, 13.6, 14.04, 13.69, 13.66, 13.49, 0.0]];[[10.39342547, 10.20020347, 11.49007671, 9.33326956, 12.57484856, 10.60581938, 12.5362222, 12.39520223, 10.76979096, 12.96602554, 10.99074627, 13.08519924]];2023-12-31 00:00:00;2024-11-30 00:00:00;"{""strategy"": {""combine"": ""best_single"", ""model"": ""ONLY_FT_rf"", ""pool"": ""pool_full""}, ""origin"": ""agent"", ""loop"": {""final_attempt"": ""a10"", ""strategy"": {""combine"": ""best_single"", ""model"": ""ONLY_FT_rf"", ""pool"": ""pool_full""}, ""iterations_used"": 4, ""stop_reason"": ""no new information in 3 consecutive turns"", ""trace"": [{""iteration"": 1, ""action"": ""best_ONLY_FT_rf"", ""confidence"": 0.9541, ""probability_of_chosen"": 0.9805, ""probabilities"": {""mean_pool_full"": 0.0, ""median_pool_full"": 0.0071, ""trimmed_mean_pool_full"": 0.0006, ""mean_pool1"": 0.0, ""median_pool1"": 0.0009, ""trimmed_mean_pool1"": 0.0004, ""mean_pool2"": 0.0, ""median_pool2"": 0.0071, ""trimmed_mean_pool2"": 0.0003, ""mean_pool3"": 0.0, ""median_pool3"": 0.0017, ""trimmed_mean_pool3"": 0.0, ""best_rf"": 0.0, ""best_ONLY_FT_rf"": 0.9805, ""best_NaiveMovingAverage"": 0.0008, ""accept"": 0.0005}, ""input_tokens"": 1423, ""score"": 0.4175, ""rank"": 1, ""already_tested"": false}, {""iteration"": 2, ""action"": ""best_ONLY_FT_rf"", ""confidence"": 0.8331, ""probability_of_chosen"": 0.8811, ""probabilities"": {""mean_pool_full"": 0.0002, ""median_pool_full"": 0.0958, ""trimmed_mean_pool_full"": 0.0011, ""mean_pool4"": 0.0001, ""median_pool4"": 0.0002, ""trimmed_mean_pool4"": 0.0001, ""mean_pool1"": 0.0, ""median_pool1"": 0.0084, ""trimmed_mean_pool1"": 0.0007, ""mean_pool2"": 0.0, ""median_pool2"": 0.0047, ""trimmed_mean_pool2"": 0.0001, ""best_rf"": 0.0001, ""best_ONLY_FT_rf"": 0.8811, ""best_NaiveMovingAverage"": 0.0048, ""accept"": 0.0025}, ""input_tokens"": 1427, ""score"": 0.4175, ""rank"": 1, ""already_tested"": true}, {""iteration"": 3, ""action"": ""best_ONLY_FT_rf"", ""confidence"": 0.8331, ""probability_of_chosen"": 0.8811, ""probabilities"": {""mean_pool_full"": 0.0002, ""median_pool_full"": 0.0958, ""trimmed_mean_pool_full"": 0.0011, ""mean_pool4"": 0.0001, ""median_pool4"": 0.0002, ""trimmed_mean_pool4"": 0.0001, ""mean_pool1"": 0.0, ""median_pool1"": 0.0084, ""trimmed_mean_pool1"": 0.0007, ""mean_pool2"": 0.0, ""median_pool2"": 0.0047, ""trimmed_mean_pool2"": 0.0001, ""best_rf"": 0.0001, ""best_ONLY_FT_rf"": 0.8811, ""best_NaiveMovingAverage"": 0.0048, ""accept"": 0.0025}, ""input_tokens"": 1427, ""score"": 0.4175, ""rank"": 1, ""already_tested"": true}, {""iteration"": 4, ""action"": ""best_ONLY_FT_rf"", ""confidence"": 0.8331, ""probability_of_chosen"": 0.8811, ""probabilities"": {""mean_pool_full"": 0.0002, ""median_pool_full"": 0.0958, ""trimmed_mean_pool_full"": 0.0011, ""mean_pool4"": 0.0001, ""median_pool4"": 0.0002, ""trimmed_mean_pool4"": 0.0001, ""mean_pool1"": 0.0, ""median_pool1"": 0.0084, ""trimmed_mean_pool1"": 0.0007, ""mean_pool2"": 0.0, ""median_pool2"": 0.0047, ""trimmed_mean_pool2"": 0.0001, ""best_rf"": 0.0001, ""best_ONLY_FT_rf"": 0.8811, ""best_NaiveMovingAverage"": 0.0048, ""accept"": 0.0025}, ""input_tokens"": 1427, ""score"": 0.4175, ""rank"": 1, ""already_tested"": true}]}, ""score"": 0.4175}";agent;4;no new information in 3 consecutive turns;0.6928912739682177;5.87737351221698;laya_multilingual_laya_v0_ml8192
105;12;orchestrator_laya_laya_v0_ml8192;0.03699837197627083;63.63636363636363;0.03731503931808184;324.1818879693927;0.03731478805461919;277.2651672158334;[[7265.673913, 7646.800725, 7233.264493, 7352.128623, 7973.356884, 7646.347826, 7221.04529, 7565.282609, 7796.766304, 6821.655797, 7592.742754, 7236.931159]];[[7496.12529518, 7267.04811913, 7159.53388984, 7578.37015005, 7260.81746383, 7389.57322608, 7336.65776237, 7362.56984941, 7504.41682866, 7299.48224458, 7393.32562795, 7396.70474631]];2023-12-31 00:00:00;2024-11-30 00:00:00;"{""strategy"": {""combine"": ""median"", ""pool"": ""pool2""}, ""origin"": ""agent"", ""loop"": {""final_attempt"": ""a10"", ""strategy"": {""combine"": ""median"", ""pool"": ""pool2""}, ""iterations_used"": 4, ""stop_reason"": ""no new information in 3 consecutive turns"", ""trace"": [{""iteration"": 1, ""action"": ""median_pool2"", ""confidence"": 0.3411, ""probability_of_chosen"": 0.5021, ""probabilities"": {""mean_pool_full"": 0.0019, ""median_pool_full"": 0.0112, ""trimmed_mean_pool_full"": 0.06, ""mean_pool1"": 0.0099, ""median_pool1"": 0.0192, ""trimmed_mean_pool1"": 0.022, ""mean_pool2"": 0.0117, ""median_pool2"": 0.5021, ""trimmed_mean_pool2"": 0.0543, ""mean_pool3"": 0.0014, ""median_pool3"": 0.0398, ""trimmed_mean_pool3"": 0.0165, ""best_ONLY_CWT_catboost"": 0.0886, ""best_ONLY_CWT_rf"": 0.1112, ""best_ETS"": 0.0066, ""accept"": 0.0436}, ""input_tokens"": 1590, ""score"": 0.6548, ""rank"": 1, ""already_tested"": false}, {""iteration"": 2, ""action"": ""median_pool2"", ""confidence"": 0.5769, ""probability_of_chosen"": 0.7083, ""probabilities"": {""mean_pool_full"": 0.0004, ""median_pool_full"": 0.0283, ""trimmed_mean_pool_full"": 0.019, ""mean_pool4"": 0.0003, ""median_pool4"": 0.0534, ""trimmed_mean_pool4"": 0.0018, ""mean_pool1"": 0.0006, ""median_pool1"": 0.0936, ""trimmed_mean_pool1"": 0.0047, ""mean_pool2"": 0.0006, ""median_pool2"": 0.7083, ""trimmed_mean_pool2"": 0.0028, ""best_ONLY_CWT_catboost"": 0.0422, ""best_ONLY_CWT_rf"": 0.0246, ""best_ETS"": 0.0018, ""accept"": 0.0176}, ""input_tokens"": 1590, ""score"": 0.6548, ""rank"": 1, ""already_tested"": true}, {""iteration"": 3, ""action"": ""median_pool2"", ""confidence"": 0.5769, ""probability_of_chosen"": 0.7083, ""probabilities"": {""mean_pool_full"": 0.0004, ""median_pool_full"": 0.0283, ""trimmed_mean_pool_full"": 0.019, ""mean_pool4"": 0.0003, ""median_pool4"": 0.0534, ""trimmed_mean_pool4"": 0.0018, ""mean_pool1"": 0.0006, ""median_pool1"": 0.0936, ""trimmed_mean_pool1"": 0.0047, ""mean_pool2"": 0.0006, ""median_pool2"": 0.7083, ""trimmed_mean_pool2"": 0.0028, ""best_ONLY_CWT_catboost"": 0.0422, ""best_ONLY_CWT_rf"": 0.0246, ""best_ETS"": 0.0018, ""accept"": 0.0176}, ""input_tokens"": 1590, ""score"": 0.6548, ""rank"": 1, ""already_tested"": true}, {""iteration"": 4, ""action"": ""median_pool2"", ""confidence"": 0.5769, ""probability_of_chosen"": 0.7083, ""probabilities"": {""mean_pool_full"": 0.0004, ""median_pool_full"": 0.0283, ""trimmed_mean_pool_full"": 0.019, ""mean_pool4"": 0.0003, ""median_pool4"": 0.0534, ""trimmed_mean_pool4"": 0.0018, ""mean_pool1"": 0.0006, ""median_pool1"": 0.0936, ""trimmed_mean_pool1"": 0.0047, ""mean_pool2"": 0.0006, ""median_pool2"": 0.7083, ""trimmed_mean_pool2"": 0.0028, ""best_ONLY_CWT_catboost"": 0.0422, ""best_ONLY_CWT_rf"": 0.0246, ""best_ETS"": 0.0018, ""accept"": 0.0176}, ""input_tokens"": 1590, ""score"": 0.6548, ""rank"": 1, ""already_tested"": true}]}, ""score"": 0.6548}";agent;4;no new information in 3 consecutive turns;0.03797879439338569;327.57123625864614;laya_multilingual_laya_v0_ml8192
106;12;orchestrator_laya_laya_v0_ml8192;0.03725029026471603;72.72727272727273;0.03834078003226709;132.5842480976626;0.03834008586694985;105.93663660851867;[[2858.280797, 2736.402174, 2615.472826, 2810.967391, 2921.538043, 2907.759058, 2671.393116, 2784.740942, 2837.429348, 2726.722826, 2936.007246, 2743.972826]];[[2829.9354275944443, 2643.744760287778, 2577.830621992222, 2832.108908191111, 2674.4919331055553, 2711.8698950733333, 2684.126451064445, 2661.6844163588885, 2767.4649016733333, 2613.8398870855553, 2690.6534578255555, 2659.445997956667]];2023-12-31 00:00:00;2024-11-30 00:00:00;"{""strategy"": {""combine"": ""mean"", ""pool"": ""pool3""}, ""origin"": ""baseline"", ""loop"": {""final_attempt"": ""a8"", ""strategy"": {""combine"": ""mean"", ""pool"": ""pool3""}, ""iterations_used"": 4, ""stop_reason"": ""no new information in 3 consecutive turns"", ""trace"": [{""iteration"": 1, ""action"": ""median_pool2"", ""confidence"": 0.4839, ""probability_of_chosen"": 0.6466, ""probabilities"": {""mean_pool_full"": 0.0028, ""median_pool_full"": 0.0362, ""trimmed_mean_pool_full"": 0.0378, ""mean_pool1"": 0.0094, ""median_pool1"": 0.0138, ""trimmed_mean_pool1"": 0.0078, ""mean_pool2"": 0.0287, ""median_pool2"": 0.6466, ""trimmed_mean_pool2"": 0.1106, ""mean_pool3"": 0.0022, ""median_pool3"": 0.0117, ""trimmed_mean_pool3"": 0.04, ""best_ETS"": 0.0038, ""best_THETA"": 0.0024, ""best_DWT_rf"": 0.0286, ""accept"": 0.0175}, ""input_tokens"": 1576, ""score"": 0.639, ""rank"": 7, ""already_tested"": false}, {""iteration"": 2, ""action"": ""median_pool2"", ""confidence"": 0.2919, ""probability_of_chosen"": 0.3334, ""probabilities"": {""mean_pool_full"": 0.0033, ""median_pool_full"": 0.084, ""trimmed_mean_pool_full"": 0.1368, ""mean_pool4"": 0.0051, ""median_pool4"": 0.0072, ""trimmed_mean_pool4"": 0.0045, ""mean_pool1"": 0.0115, ""median_pool1"": 0.0884, ""trimmed_mean_pool1"": 0.0624, ""mean_pool2"": 0.0152, ""median_pool2"": 0.3334, ""trimmed_mean_pool2"": 0.2038, ""best_ETS"": 0.0032, ""best_THETA"": 0.0023, ""best_DWT_rf"": 0.0232, ""accept"": 0.0156}, ""input_tokens"": 1576, ""score"": 0.639, ""rank"": 7, ""already_tested"": true}, {""iteration"": 3, ""action"": ""median_pool2"", ""confidence"": 0.2919, ""probability_of_chosen"": 0.3334, ""probabilities"": {""mean_pool_full"": 0.0033, ""median_pool_full"": 0.084, ""trimmed_mean_pool_full"": 0.1368, ""mean_pool4"": 0.0051, ""median_pool4"": 0.0072, ""trimmed_mean_pool4"": 0.0045, ""mean_pool1"": 0.0115, ""median_pool1"": 0.0884, ""trimmed_mean_pool1"": 0.0624, ""mean_pool2"": 0.0152, ""median_pool2"": 0.3334, ""trimmed_mean_pool2"": 0.2038, ""best_ETS"": 0.0032, ""best_THETA"": 0.0023, ""best_DWT_rf"": 0.0232, ""accept"": 0.0156}, ""input_tokens"": 1576, ""score"": 0.639, ""rank"": 7, ""already_tested"": true}, {""iteration"": 4, ""action"": ""median_pool2"", ""confidence"": 0.2919, ""probability_of_chosen"": 0.3334, ""probabilities"": {""mean_pool_full"": 0.0033, ""median_pool_full"": 0.084, ""trimmed_mean_pool_full"": 0.1368, ""mean_pool4"": 0.0051, ""median_pool4"": 0.0072, ""trimmed_mean_pool4"": 0.0045, ""mean_pool1"": 0.0115, ""median_pool1"": 0.0884, ""trimmed_mean_pool1"": 0.0624, ""mean_pool2"": 0.0152, ""median_pool2"": 0.3334, ""trimmed_mean_pool2"": 0.2038, ""best_ETS"": 0.0032, ""best_THETA"": 0.0023, ""best_DWT_rf"": 0.0232, ""accept"": 0.0156}, ""input_tokens"": 1576, ""score"": 0.639, ""rank"": 7, ""already_tested"": true}]}, ""score"": 0.623}";baseline;4;no new information in 3 consecutive turns;0.03834078003226709;132.5842480976626;laya_multilingual_laya_v0_ml8192
107;12;orchestrator_laya_laya_v0_ml8192;0.04686240220344697;63.63636363636363;0.04788126972110735;1263.4322509271233;0.04788116463423143;1094.7877017299998;[[21540.51449, 22638.87319, 20717.08877, 21166.3587, 23748.51449, 24063.125, 23342.88587, 25884.73551, 25553.8913, 22183.24457, 23873.15217, 22895.61957]];[[22945.05433195, 21433.79723564, 19642.7258191, 21691.27934055, 21281.08389493, 22936.80924068, 23175.49141865, 23816.88423029, 24410.78857768, 22766.66858919, 23028.70257237, 22367.03496159]];2023-12-31 00:00:00;2024-11-30 00:00:00;"{""strategy"": {""combine"": ""median"", ""pool"": ""pool_full""}, ""origin"": ""baseline"", ""loop"": {""final_attempt"": ""a2"", ""strategy"": {""combine"": ""median"", ""pool"": ""pool_full""}, ""iterations_used"": 4, ""stop_reason"": ""no new information in 3 consecutive turns"", ""trace"": [{""iteration"": 1, ""action"": ""median_pool2"", ""confidence"": 0.8948, ""probability_of_chosen"": 0.9525, ""probabilities"": {""mean_pool_full"": 0.0001, ""median_pool_full"": 0.0019, ""trimmed_mean_pool_full"": 0.003, ""mean_pool1"": 0.0003, ""median_pool1"": 0.0046, ""trimmed_mean_pool1"": 0.0009, ""mean_pool2"": 0.0003, ""median_pool2"": 0.9525, ""trimmed_mean_pool2"": 0.0067, ""mean_pool3"": 0.0001, ""median_pool3"": 0.0136, ""trimmed_mean_pool3"": 0.008, ""best_THETA"": 0.0019, ""best_ETS"": 0.0001, ""best_DWT_rf"": 0.0034, ""accept"": 0.0026}, ""input_tokens"": 1591, ""score"": 0.6371, ""rank"": 6, ""already_tested"": false}, {""iteration"": 2, ""action"": ""median_pool2"", ""confidence"": 0.4887, ""probability_of_chosen"": 0.4974, ""probabilities"": {""mean_pool_full"": 0.0008, ""median_pool_full"": 0.0102, ""trimmed_mean_pool_full"": 0.2725, ""mean_pool4"": 0.0007, ""median_pool4"": 0.0065, ""trimmed_mean_pool4"": 0.0012, ""mean_pool1"": 0.0011, ""median_pool1"": 0.1228, ""trimmed_mean_pool1"": 0.01, ""mean_pool2"": 0.0035, ""median_pool2"": 0.4974, ""trimmed_mean_pool2"": 0.0201, ""best_THETA"": 0.0042, ""best_ETS"": 0.0009, ""best_DWT_rf"": 0.0265, ""accept"": 0.0217}, ""input_tokens"": 1585, ""score"": 0.6371, ""rank"": 6, ""already_tested"": true}, {""iteration"": 3, ""action"": ""median_pool2"", ""confidence"": 0.4887, ""probability_of_chosen"": 0.4974, ""probabilities"": {""mean_pool_full"": 0.0008, ""median_pool_full"": 0.0102, ""trimmed_mean_pool_full"": 0.2725, ""mean_pool4"": 0.0007, ""median_pool4"": 0.0065, ""trimmed_mean_pool4"": 0.0012, ""mean_pool1"": 0.0011, ""median_pool1"": 0.1228, ""trimmed_mean_pool1"": 0.01, ""mean_pool2"": 0.0035, ""median_pool2"": 0.4974, ""trimmed_mean_pool2"": 0.0201, ""best_THETA"": 0.0042, ""best_ETS"": 0.0009, ""best_DWT_rf"": 0.0265, ""accept"": 0.0217}, ""input_tokens"": 1585, ""score"": 0.6371, ""rank"": 6, ""already_tested"": true}, {""iteration"": 4, ""action"": ""median_pool2"", ""confidence"": 0.4887, ""probability_of_chosen"": 0.4974, ""probabilities"": {""mean_pool_full"": 0.0008, ""median_pool_full"": 0.0102, ""trimmed_mean_pool_full"": 0.2725, ""mean_pool4"": 0.0007, ""median_pool4"": 0.0065, ""trimmed_mean_pool4"": 0.0012, ""mean_pool1"": 0.0011, ""median_pool1"": 0.1228, ""trimmed_mean_pool1"": 0.01, ""mean_pool2"": 0.0035, ""median_pool2"": 0.4974, ""trimmed_mean_pool2"": 0.0201, ""best_THETA"": 0.0042, ""best_ETS"": 0.0009, ""best_DWT_rf"": 0.0265, ""accept"": 0.0217}, ""input_tokens"": 1585, ""score"": 0.6371, ""rank"": 6, ""already_tested"": true}]}, ""score"": 0.608}";baseline;4;no new information in 3 consecutive turns;0.04788126972110735;1263.4322509271233;laya_multilingual_laya_v0_ml8192
108;12;orchestrator_laya_laya_v0_ml8192;0.03177666235041638;81.81818181818181;0.0324684847195297;1460.356084769895;0.03246843554502587;1076.2678963191665;[[32065.0, 28381.0, 29001.5, 32405.5, 34075.0, 33737.2, 32308.5, 35110.9, 36021.0, 33904.726, 36994.2, 32380.5]];[[31842.55737574, 27936.03749206, 28249.9677224, 33969.65542654, 30839.49142467, 34531.97625147, 31870.68034753, 32741.98626662, 35526.73893519, 33660.34034075, 34732.2886784, 32475.04566118]];2023-12-31 00:00:00;2024-11-30 00:00:00;"{""strategy"": {""combine"": ""best_single"", ""model"": ""ONLY_CWT_catboost"", ""pool"": ""pool_full""}, ""origin"": ""agent"", ""loop"": {""final_attempt"": ""a10"", ""strategy"": {""combine"": ""best_single"", ""model"": ""ONLY_CWT_catboost"", ""pool"": ""pool_full""}, ""iterations_used"": 4, ""stop_reason"": ""no new information in 3 consecutive turns"", ""trace"": [{""iteration"": 1, ""action"": ""best_ONLY_CWT_catboost"", ""confidence"": 0.3792, ""probability_of_chosen"": 0.4235, ""probabilities"": {""mean_pool_full"": 0.002, ""median_pool_full"": 0.0144, ""trimmed_mean_pool_full"": 0.2529, ""mean_pool1"": 0.0023, ""median_pool1"": 0.0043, ""trimmed_mean_pool1"": 0.0145, ""mean_pool2"": 0.0041, ""median_pool2"": 0.0534, ""trimmed_mean_pool2"": 0.0596, ""mean_pool3"": 0.001, ""median_pool3"": 0.0314, ""trimmed_mean_pool3"": 0.0902, ""best_THETA"": 0.0033, ""best_ETS"": 0.0006, ""best_ONLY_CWT_catboost"": 0.4235, ""accept"": 0.0423}, ""input_tokens"": 1632, ""score"": 0.5179, ""rank"": 1, ""already_tested"": false}, {""iteration"": 2, ""action"": ""best_ONLY_CWT_catboost"", ""confidence"": 0.5028, ""probability_of_chosen"": 0.4239, ""probabilities"": {""mean_pool_full"": 0.001, ""median_pool_full"": 0.0087, ""trimmed_mean_pool_full"": 0.386, ""mean_pool4"": 0.0009, ""median_pool4"": 0.0014, ""trimmed_mean_pool4"": 0.0031, ""mean_pool1"": 0.0032, ""median_pool1"": 0.0087, ""trimmed_mean_pool1"": 0.0179, ""mean_pool2"": 0.002, ""median_pool2"": 0.0156, ""trimmed_mean_pool2"": 0.0655, ""best_THETA"": 0.0008, ""best_ETS"": 0.0003, ""best_ONLY_CWT_catboost"": 0.4239, ""accept"": 0.0611}, ""input_tokens"": 1637, ""score"": 0.5179, ""rank"": 1, ""already_tested"": true}, {""iteration"": 3, ""action"": ""best_ONLY_CWT_catboost"", ""confidence"": 0.5028, ""probability_of_chosen"": 0.4239, ""probabilities"": {""mean_pool_full"": 0.001, ""median_pool_full"": 0.0087, ""trimmed_mean_pool_full"": 0.386, ""mean_pool4"": 0.0009, ""median_pool4"": 0.0014, ""trimmed_mean_pool4"": 0.0031, ""mean_pool1"": 0.0032, ""median_pool1"": 0.0087, ""trimmed_mean_pool1"": 0.0179, ""mean_pool2"": 0.002, ""median_pool2"": 0.0156, ""trimmed_mean_pool2"": 0.0655, ""best_THETA"": 0.0008, ""best_ETS"": 0.0003, ""best_ONLY_CWT_catboost"": 0.4239, ""accept"": 0.0611}, ""input_tokens"": 1637, ""score"": 0.5179, ""rank"": 1, ""already_tested"": true}, {""iteration"": 4, ""action"": ""best_ONLY_CWT_catboost"", ""confidence"": 0.5028, ""probability_of_chosen"": 0.4239, ""probabilities"": {""mean_pool_full"": 0.001, ""median_pool_full"": 0.0087, ""trimmed_mean_pool_full"": 0.386, ""mean_pool4"": 0.0009, ""median_pool4"": 0.0014, ""trimmed_mean_pool4"": 0.0031, ""mean_pool1"": 0.0032, ""median_pool1"": 0.0087, ""trimmed_mean_pool1"": 0.0179, ""mean_pool2"": 0.002, ""median_pool2"": 0.0156, ""trimmed_mean_pool2"": 0.0655, ""best_THETA"": 0.0008, ""best_ETS"": 0.0003, ""best_ONLY_CWT_catboost"": 0.4239, ""accept"": 0.0611}, ""input_tokens"": 1637, ""score"": 0.5179, ""rank"": 1, ""already_tested"": true}]}, ""score"": 0.5179}";agent;4;no new information in 3 consecutive turns;0.025215576615700692;1241.6922815183857;laya_multilingual_laya_v0_ml8192
109;12;orchestrator_laya_laya_v0_ml8192;0.030359915901833404;72.72727272727273;0.03008501154706995;2719.2044115061353;0.03008499189577389;2308.9459955836123;[[81054.93841, 72432.62138, 68128.85507, 70997.95471, 77317.67935, 77698.09783, 77224.47826, 85278.87138, 83075.7808, 73583.35145, 81032.47101, 75398.18297]];[[80885.42074758332, 71203.29742786333, 69700.50009991667, 75696.36089083333, 74563.49921921, 78888.36092882667, 80279.66912934667, 81651.99991458333, 81946.49807116, 78425.85015494667, 78807.05258214333, 76612.93666567667]];2023-12-31 00:00:00;2024-11-30 00:00:00;"{""strategy"": {""combine"": ""trimmed_mean"", ""pool"": ""pool1"", ""trim_pct"": 0.2}, ""origin"": ""baseline"", ""loop"": {""final_attempt"": ""a5"", ""strategy"": {""combine"": ""trimmed_mean"", ""pool"": ""pool1"", ""trim_pct"": 0.2}, ""iterations_used"": 4, ""stop_reason"": ""no new information in 3 consecutive turns"", ""trace"": [{""iteration"": 1, ""action"": ""median_pool2"", ""confidence"": 0.5617, ""probability_of_chosen"": 0.4756, ""probabilities"": {""mean_pool_full"": 0.0004, ""median_pool_full"": 0.3821, ""trimmed_mean_pool_full"": 0.0105, ""mean_pool1"": 0.0007, ""median_pool1"": 0.0355, ""trimmed_mean_pool1"": 0.0016, ""mean_pool2"": 0.0006, ""median_pool2"": 0.4756, ""trimmed_mean_pool2"": 0.0035, ""mean_pool3"": 0.0003, ""median_pool3"": 0.0675, ""trimmed_mean_pool3"": 0.0022, ""best_ARIMA"": 0.002, ""best_THETA"": 0.0004, ""best_ETS"": 0.0004, ""accept"": 0.0166}, ""input_tokens"": 1607, ""score"": 0.6549, ""rank"": 10, ""already_tested"": false}, {""iteration"": 2, ""action"": ""median_pool2"", ""confidence"": 0.6313, ""probability_of_chosen"": 0.629, ""probabilities"": {""mean_pool_full"": 0.0002, ""median_pool_full"": 0.2622, ""trimmed_mean_pool_full"": 0.0139, ""mean_pool4"": 0.0003, ""median_pool4"": 0.008, ""trimmed_mean_pool4"": 0.0003, ""mean_pool1"": 0.0003, ""median_pool1"": 0.0695, ""trimmed_mean_pool1"": 0.0018, ""mean_pool2"": 0.0004, ""median_pool2"": 0.629, ""trimmed_mean_pool2"": 0.0029, ""best_ARIMA"": 0.0009, ""best_THETA"": 0.0002, ""best_ETS"": 0.0003, ""accept"": 0.0098}, ""input_tokens"": 1607, ""score"": 0.6549, ""rank"": 10, ""already_tested"": true}, {""iteration"": 3, ""action"": ""median_pool2"", ""confidence"": 0.6313, ""probability_of_chosen"": 0.629, ""probabilities"": {""mean_pool_full"": 0.0002, ""median_pool_full"": 0.2622, ""trimmed_mean_pool_full"": 0.0139, ""mean_pool4"": 0.0003, ""median_pool4"": 0.008, ""trimmed_mean_pool4"": 0.0003, ""mean_pool1"": 0.0003, ""median_pool1"": 0.0695, ""trimmed_mean_pool1"": 0.0018, ""mean_pool2"": 0.0004, ""median_pool2"": 0.629, ""trimmed_mean_pool2"": 0.0029, ""best_ARIMA"": 0.0009, ""best_THETA"": 0.0002, ""best_ETS"": 0.0003, ""accept"": 0.0098}, ""input_tokens"": 1607, ""score"": 0.6549, ""rank"": 10, ""already_tested"": true}, {""iteration"": 4, ""action"": ""median_pool2"", ""confidence"": 0.6313, ""probability_of_chosen"": 0.629, ""probabilities"": {""mean_pool_full"": 0.0002, ""median_pool_full"": 0.2622, ""trimmed_mean_pool_full"": 0.0139, ""mean_pool4"": 0.0003, ""median_pool4"": 0.008, ""trimmed_mean_pool4"": 0.0003, ""mean_pool1"": 0.0003, ""median_pool1"": 0.0695, ""trimmed_mean_pool1"": 0.0018, ""mean_pool2"": 0.0004, ""median_pool2"": 0.629, ""trimmed_mean_pool2"": 0.0029, ""best_ARIMA"": 0.0009, ""best_THETA"": 0.0002, ""best_ETS"": 0.0003, ""accept"": 0.0098}, ""input_tokens"": 1607, ""score"": 0.6549, ""rank"": 10, ""already_tested"": true}]}, ""score"": 0.6086}";baseline;4;no new information in 3 consecutive turns;0.03008501154706995;2719.2044115061353;laya_multilingual_laya_v0_ml8192
110;12;orchestrator_laya_laya_v0_ml8192;0.05419589655303118;54.54545454545455;0.056145483284683995;13845.271871942632;0.056145469895587226;11792.865244592502;[[239435.611, 222947.837, 211475.048, 224695.837, 218114.671, 219069.261, 191697.693, 209065.598, 198170.294, 198714.122, 211630.654, 199545.983]];[[222741.04635761, 210082.20352954, 197663.40543259, 199214.84387722, 205601.23232323, 194959.62846356, 197290.06093177, 201862.44698349, 202338.02528303, 194646.73030579, 199203.75812839, 196965.04287827]];2023-12-31 00:00:00;2024-11-30 00:00:00;"{""strategy"": {""combine"": ""median"", ""pool"": ""pool_full""}, ""origin"": ""baseline"", ""loop"": {""final_attempt"": ""a2"", ""strategy"": {""combine"": ""median"", ""pool"": ""pool_full""}, ""iterations_used"": 3, ""stop_reason"": ""no new information in 3 consecutive turns"", ""trace"": [{""iteration"": 1, ""action"": ""median_pool_full"", ""confidence"": 0.3249, ""probability_of_chosen"": 0.2622, ""probabilities"": {""mean_pool_full"": 0.0005, ""median_pool_full"": 0.2622, ""trimmed_mean_pool_full"": 0.0452, ""mean_pool1"": 0.0046, ""median_pool1"": 0.0129, ""trimmed_mean_pool1"": 0.0108, ""mean_pool2"": 0.0039, ""median_pool2"": 0.2278, ""trimmed_mean_pool2"": 0.0684, ""mean_pool3"": 0.0027, ""median_pool3"": 0.0224, ""trimmed_mean_pool3"": 0.0524, ""best_NaiveMovingAverage"": 0.2622, ""best_ETS"": 0.0006, ""best_THETA"": 0.0019, ""accept"": 0.0213}, ""input_tokens"": 1599, ""score"": 0.6703, ""rank"": 1, ""already_tested"": true}, {""iteration"": 2, ""action"": ""median_pool_full"", ""confidence"": 0.2879, ""probability_of_chosen"": 0.3384, ""probabilities"": {""mean_pool_full"": 0.0004, ""median_pool_full"": 0.3384, ""trimmed_mean_pool_full"": 0.0849, ""mean_pool4"": 0.0036, ""median_pool4"": 0.0061, ""trimmed_mean_pool4"": 0.0066, ""mean_pool1"": 0.0028, ""median_pool1"": 0.1197, ""trimmed_mean_pool1"": 0.0453, ""mean_pool2"": 0.0117, ""median_pool2"": 0.1226, ""trimmed_mean_pool2"": 0.0816, ""best_NaiveMovingAverage"": 0.1525, ""best_ETS"": 0.0007, ""best_THETA"": 0.002, ""accept"": 0.0211}, ""input_tokens"": 1599, ""score"": 0.6703, ""rank"": 1, ""already_tested"": true}, {""iteration"": 3, ""action"": ""median_pool_full"", ""confidence"": 0.2879, ""probability_of_chosen"": 0.3384, ""probabilities"": {""mean_pool_full"": 0.0004, ""median_pool_full"": 0.3384, ""trimmed_mean_pool_full"": 0.0849, ""mean_pool4"": 0.0036, ""median_pool4"": 0.0061, ""trimmed_mean_pool4"": 0.0066, ""mean_pool1"": 0.0028, ""median_pool1"": 0.1197, ""trimmed_mean_pool1"": 0.0453, ""mean_pool2"": 0.0117, ""median_pool2"": 0.1226, ""trimmed_mean_pool2"": 0.0816, ""best_NaiveMovingAverage"": 0.1525, ""best_ETS"": 0.0007, ""best_THETA"": 0.002, ""accept"": 0.0211}, ""input_tokens"": 1599, ""score"": 0.6703, ""rank"": 1, ""already_tested"": true}]}, ""score"": 0.6703}";baseline;3;no new information in 3 consecutive turns;0.056145483284683995;13845.271871942632;laya_multilingual_laya_v0_ml8192
111;12;orchestrator_laya_laya_v0_ml8192;0.2570394013050256;45.45454545454545;0.2334344898774896;30.902690590684983;0.2333324101559711;27.4058105255;[[129.585, 115.728, 98.0, 145.359, 82.0, 102.0, 98.163, 176.93, 123.222, 67.215, 145.724, 150.271]];[[119.80482644599999, 123.291047772, 132.241703274, 122.05803100399999, 115.605392604, 121.23596591200001, 136.87555541, 130.031868788, 120.11286717, 115.377164842, 113.477611142, 118.25689895800001]];2023-12-31 00:00:00;2024-11-30 00:00:00;"{""strategy"": {""combine"": ""trimmed_mean"", ""pool"": ""pool2"", ""trim_pct"": 0.2}, ""origin"": ""baseline"", ""loop"": {""final_attempt"": ""a7"", ""strategy"": {""combine"": ""trimmed_mean"", ""pool"": ""pool2"", ""trim_pct"": 0.2}, ""iterations_used"": 4, ""stop_reason"": ""no new information in 3 consecutive turns"", ""trace"": [{""iteration"": 1, ""action"": ""median_pool2"", ""confidence"": 0.8935, ""probability_of_chosen"": 0.9468, ""probabilities"": {""mean_pool_full"": 0.0, ""median_pool_full"": 0.0246, ""trimmed_mean_pool_full"": 0.0033, ""mean_pool1"": 0.0001, ""median_pool1"": 0.001, ""trimmed_mean_pool1"": 0.0002, ""mean_pool2"": 0.0001, ""median_pool2"": 0.9468, ""trimmed_mean_pool2"": 0.0031, ""mean_pool3"": 0.0, ""median_pool3"": 0.0041, ""trimmed_mean_pool3"": 0.0002, ""best_NaiveMovingAverage"": 0.0005, ""best_ARIMA"": 0.0001, ""best_ONLY_FT_rf"": 0.0109, ""accept"": 0.0049}, ""input_tokens"": 1550, ""score"": 0.7074, ""rank"": 7, ""already_tested"": false}, {""iteration"": 2, ""action"": ""median_pool_full"", ""confidence"": 0.4996, ""probability_of_chosen"": 0.4152, ""probabilities"": {""mean_pool_full"": 0.0002, ""median_pool_full"": 0.4152, ""trimmed_mean_pool_full"": 0.03, ""mean_pool4"": 0.0002, ""median_pool4"": 0.0011, ""trimmed_mean_pool4"": 0.0005, ""mean_pool1"": 0.0002, ""median_pool1"": 0.1266, ""trimmed_mean_pool1"": 0.0051, ""mean_pool2"": 0.0003, ""median_pool2"": 0.3497, ""trimmed_mean_pool2"": 0.0021, ""best_NaiveMovingAverage"": 0.0018, ""best_ARIMA"": 0.0005, ""best_ONLY_FT_rf"": 0.0524, ""accept"": 0.0141}, ""input_tokens"": 1550, ""score"": 0.7032, ""rank"": 5, ""already_tested"": true}, {""iteration"": 3, ""action"": ""median_pool_full"", ""confidence"": 0.4996, ""probability_of_chosen"": 0.4152, ""probabilities"": {""mean_pool_full"": 0.0002, ""median_pool_full"": 0.4152, ""trimmed_mean_pool_full"": 0.03, ""mean_pool4"": 0.0002, ""median_pool4"": 0.0011, ""trimmed_mean_pool4"": 0.0005, ""mean_pool1"": 0.0002, ""median_pool1"": 0.1266, ""trimmed_mean_pool1"": 0.0051, ""mean_pool2"": 0.0003, ""median_pool2"": 0.3497, ""trimmed_mean_pool2"": 0.0021, ""best_NaiveMovingAverage"": 0.0018, ""best_ARIMA"": 0.0005, ""best_ONLY_FT_rf"": 0.0524, ""accept"": 0.0141}, ""input_tokens"": 1550, ""score"": 0.7032, ""rank"": 5, ""already_tested"": true}, {""iteration"": 4, ""action"": ""median_pool_full"", ""confidence"": 0.4996, ""probability_of_chosen"": 0.4152, ""probabilities"": {""mean_pool_full"": 0.0002, ""median_pool_full"": 0.4152, ""trimmed_mean_pool_full"": 0.03, ""mean_pool4"": 0.0002, ""median_pool4"": 0.0011, ""trimmed_mean_pool4"": 0.0005, ""mean_pool1"": 0.0002, ""median_pool1"": 0.1266, ""trimmed_mean_pool1"": 0.0051, ""mean_pool2"": 0.0003, ""median_pool2"": 0.3497, ""trimmed_mean_pool2"": 0.0021, ""best_NaiveMovingAverage"": 0.0018, ""best_ARIMA"": 0.0005, ""best_ONLY_FT_rf"": 0.0524, ""accept"": 0.0141}, ""input_tokens"": 1550, ""score"": 0.7032, ""rank"": 5, ""already_tested"": true}]}, ""score"": 0.6878}";baseline;4;no new information in 3 consecutive turns;0.2334344898774896;30.902690590684983;laya_multilingual_laya_v0_ml8192
112;12;orchestrator_laya_laya_v0_ml8192;0.041474075986651156;90.9090909090909;0.041245956630825975;55656.805859506814;0.04124595477032629;46061.68670173498;[[1072537.466, 966387.502, 988435.92, 1077735.229, 1174965.005, 1217669.268, 1205240.783, 1250102.984, 1271726.876, 1198705.745, 1237295.698, 1055763.435]];[[1040398.56923551, 915824.47705057, 957230.91620959, 1144208.39508179, 1082604.68443889, 1201185.17343374, 1182313.31806625, 1214593.30513276, 1312493.6264961, 1234167.16196781, 1245237.36133563, 1176672.1941068]];2023-12-31 00:00:00;2024-11-30 00:00:00;"{""strategy"": {""combine"": ""median"", ""pool"": ""pool_full""}, ""origin"": ""baseline"", ""loop"": {""final_attempt"": ""a2"", ""strategy"": {""combine"": ""median"", ""pool"": ""pool_full""}, ""iterations_used"": 4, ""stop_reason"": ""no new information in 3 consecutive turns"", ""trace"": [{""iteration"": 1, ""action"": ""median_pool2"", ""confidence"": 0.4512, ""probability_of_chosen"": 0.4043, ""probabilities"": {""mean_pool_full"": 0.0003, ""median_pool_full"": 0.0099, ""trimmed_mean_pool_full"": 0.0095, ""mean_pool1"": 0.0006, ""median_pool1"": 0.0036, ""trimmed_mean_pool1"": 0.0011, ""mean_pool2"": 0.0005, ""median_pool2"": 0.4043, ""trimmed_mean_pool2"": 0.0719, ""mean_pool3"": 0.0003, ""median_pool3"": 0.2693, ""trimmed_mean_pool3"": 0.0121, ""best_rf"": 0.0003, ""best_ONLY_DWT_catboost"": 0.0103, ""best_ONLY_DWT_rf"": 0.191, ""accept"": 0.0149}, ""input_tokens"": 1647, ""score"": 0.6583, ""rank"": 10, ""already_tested"": false}, {""iteration"": 2, ""action"": ""median_pool2"", ""confidence"": 0.924, ""probability_of_chosen"": 0.9621, ""probabilities"": {""mean_pool_full"": 0.0, ""median_pool_full"": 0.0006, ""trimmed_mean_pool_full"": 0.0026, ""mean_pool4"": 0.0001, ""median_pool4"": 0.0008, ""trimmed_mean_pool4"": 0.0002, ""mean_pool1"": 0.0, ""median_pool1"": 0.0023, ""trimmed_mean_pool1"": 0.0009, ""mean_pool2"": 0.0001, ""median_pool2"": 0.9621, ""trimmed_mean_pool2"": 0.0022, ""best_rf"": 0.0, ""best_ONLY_DWT_catboost"": 0.0008, ""best_ONLY_DWT_rf"": 0.0256, ""accept"": 0.0017}, ""input_tokens"": 1647, ""score"": 0.6583, ""rank"": 10, ""already_tested"": true}, {""iteration"": 3, ""action"": ""median_pool2"", ""confidence"": 0.924, ""probability_of_chosen"": 0.9621, ""probabilities"": {""mean_pool_full"": 0.0, ""median_pool_full"": 0.0006, ""trimmed_mean_pool_full"": 0.0026, ""mean_pool4"": 0.0001, ""median_pool4"": 0.0008, ""trimmed_mean_pool4"": 0.0002, ""mean_pool1"": 0.0, ""median_pool1"": 0.0023, ""trimmed_mean_pool1"": 0.0009, ""mean_pool2"": 0.0001, ""median_pool2"": 0.9621, ""trimmed_mean_pool2"": 0.0022, ""best_rf"": 0.0, ""best_ONLY_DWT_catboost"": 0.0008, ""best_ONLY_DWT_rf"": 0.0256, ""accept"": 0.0017}, ""input_tokens"": 1647, ""score"": 0.6583, ""rank"": 10, ""already_tested"": true}, {""iteration"": 4, ""action"": ""median_pool2"", ""confidence"": 0.924, ""probability_of_chosen"": 0.9621, ""probabilities"": {""mean_pool_full"": 0.0, ""median_pool_full"": 0.0006, ""trimmed_mean_pool_full"": 0.0026, ""mean_pool4"": 0.0001, ""median_pool4"": 0.0008, ""trimmed_mean_pool4"": 0.0002, ""mean_pool1"": 0.0, ""median_pool1"": 0.0023, ""trimmed_mean_pool1"": 0.0009, ""mean_pool2"": 0.0001, ""median_pool2"": 0.9621, ""trimmed_mean_pool2"": 0.0022, ""best_rf"": 0.0, ""best_ONLY_DWT_catboost"": 0.0008, ""best_ONLY_DWT_rf"": 0.0256, ""accept"": 0.0017}, ""input_tokens"": 1647, ""score"": 0.6583, ""rank"": 10, ""already_tested"": true}]}, ""score"": 0.6222}";baseline;4;no new information in 3 consecutive turns;0.041245956630825975;55656.805859506814;laya_multilingual_laya_v0_ml8192
113;12;orchestrator_laya_laya_v0_ml8192;0.19871847022162473;54.54545454545455;0.1842084682159294;50.26827037052382;0.18416779043090425;42.585664872619056;[[272.225, 244.713, 192.605, 218.0, 217.112, 203.0, 304.253, 297.423, 248.0, 245.0, 297.382, 133.0]];[[238.6271052142857, 252.99385050714287, 241.83434339, 243.96666746285715, 244.82462322285713, 235.35203014285713, 237.59427178142855, 232.5461395485714, 227.95518285285715, 232.28009627428574, 230.15040231714286, 235.35666173428575]];2023-12-31 00:00:00;2024-11-30 00:00:00;"{""strategy"": {""combine"": ""mean"", ""pool"": ""pool2""}, ""origin"": ""baseline"", ""loop"": {""final_attempt"": ""a6"", ""strategy"": {""combine"": ""mean"", ""pool"": ""pool2""}, ""iterations_used"": 4, ""stop_reason"": ""no new information in 3 consecutive turns"", ""trace"": [{""iteration"": 1, ""action"": ""best_ONLY_FT_catboost"", ""confidence"": 0.5257, ""probability_of_chosen"": 0.6474, ""probabilities"": {""mean_pool_full"": 0.0013, ""median_pool_full"": 0.0035, ""trimmed_mean_pool_full"": 0.1207, ""mean_pool1"": 0.0009, ""median_pool1"": 0.0012, ""trimmed_mean_pool1"": 0.0026, ""mean_pool2"": 0.0029, ""median_pool2"": 0.0792, ""trimmed_mean_pool2"": 0.0214, ""mean_pool3"": 0.0011, ""median_pool3"": 0.0096, ""trimmed_mean_pool3"": 0.0039, ""best_ONLY_FT_catboost"": 0.6474, ""best_ONLY_DWT_rf"": 0.0429, ""best_DWT_rf"": 0.0393, ""accept"": 0.0223}, ""input_tokens"": 1572, ""score"": 0.6725, ""rank"": 3, ""already_tested"": false}, {""iteration"": 2, ""action"": ""best_ONLY_FT_catboost"", ""confidence"": 0.7237, ""probability_of_chosen"": 0.8379, ""probabilities"": {""mean_pool_full"": 0.0003, ""median_pool_full"": 0.0006, ""trimmed_mean_pool_full"": 0.0383, ""mean_pool4"": 0.0009, ""median_pool4"": 0.0005, ""trimmed_mean_pool4"": 0.0019, ""mean_pool1"": 0.0006, ""median_pool1"": 0.014, ""trimmed_mean_pool1"": 0.0245, ""mean_pool2"": 0.0008, ""median_pool2"": 0.0015, ""trimmed_mean_pool2"": 0.0062, ""best_ONLY_FT_catboost"": 0.8379, ""best_ONLY_DWT_rf"": 0.0183, ""best_DWT_rf"": 0.0148, ""accept"": 0.0389}, ""input_tokens"": 1579, ""score"": 0.6725, ""rank"": 3, ""already_tested"": true}, {""iteration"": 3, ""action"": ""best_ONLY_FT_catboost"", ""confidence"": 0.7237, ""probability_of_chosen"": 0.8379, ""probabilities"": {""mean_pool_full"": 0.0003, ""median_pool_full"": 0.0006, ""trimmed_mean_pool_full"": 0.0383, ""mean_pool4"": 0.0009, ""median_pool4"": 0.0005, ""trimmed_mean_pool4"": 0.0019, ""mean_pool1"": 0.0006, ""median_pool1"": 0.014, ""trimmed_mean_pool1"": 0.0245, ""mean_pool2"": 0.0008, ""median_pool2"": 0.0015, ""trimmed_mean_pool2"": 0.0062, ""best_ONLY_FT_catboost"": 0.8379, ""best_ONLY_DWT_rf"": 0.0183, ""best_DWT_rf"": 0.0148, ""accept"": 0.0389}, ""input_tokens"": 1579, ""score"": 0.6725, ""rank"": 3, ""already_tested"": true}, {""iteration"": 4, ""action"": ""best_ONLY_FT_catboost"", ""confidence"": 0.7237, ""probability_of_chosen"": 0.8379, ""probabilities"": {""mean_pool_full"": 0.0003, ""median_pool_full"": 0.0006, ""trimmed_mean_pool_full"": 0.0383, ""mean_pool4"": 0.0009, ""median_pool4"": 0.0005, ""trimmed_mean_pool4"": 0.0019, ""mean_pool1"": 0.0006, ""median_pool1"": 0.014, ""trimmed_mean_pool1"": 0.0245, ""mean_pool2"": 0.0008, ""median_pool2"": 0.0015, ""trimmed_mean_pool2"": 0.0062, ""best_ONLY_FT_catboost"": 0.8379, ""best_ONLY_DWT_rf"": 0.0183, ""best_DWT_rf"": 0.0148, ""accept"": 0.0389}, ""input_tokens"": 1579, ""score"": 0.6725, ""rank"": 3, ""already_tested"": true}]}, ""score"": 0.6586}";baseline;4;no new information in 3 consecutive turns;0.1842084682159294;50.26827037052382;laya_multilingual_laya_v0_ml8192
114;12;orchestrator_laya_laya_v0_ml8192;0.04225773470892;36.36363636363637;0.04202467160681606;997.404288885599;0.04202456728499776;847.3855689024998;[[19507.54529, 20484.09601, 19478.54891, 19192.10326, 20430.94203, 20604.69203, 19786.12862, 21901.7192, 21391.0942, 18229.88406, 20778.78623, 19615.5471]];[[19853.20988545, 19771.68490839, 19270.56131728, 20996.24086573, 19969.70187454, 20053.18479517, 20871.93281715, 20535.11189377, 20419.77466401, 19672.26527112, 19585.25926519, 19641.58642573]];2023-12-31 00:00:00;2024-11-30 00:00:00;"{""strategy"": {""combine"": ""median"", ""pool"": ""pool1""}, ""origin"": ""agent"", ""loop"": {""final_attempt"": ""a11"", ""strategy"": {""combine"": ""median"", ""pool"": ""pool1""}, ""iterations_used"": 5, ""stop_reason"": ""no new information in 3 consecutive turns"", ""trace"": [{""iteration"": 1, ""action"": ""median_pool2"", ""confidence"": 0.422, ""probability_of_chosen"": 0.4561, ""probabilities"": {""mean_pool_full"": 0.001, ""median_pool_full"": 0.224, ""trimmed_mean_pool_full"": 0.0164, ""mean_pool1"": 0.0019, ""median_pool1"": 0.0097, ""trimmed_mean_pool1"": 0.0042, ""mean_pool2"": 0.0011, ""median_pool2"": 0.4561, ""trimmed_mean_pool2"": 0.0101, ""mean_pool3"": 0.0005, ""median_pool3"": 0.1348, ""trimmed_mean_pool3"": 0.0036, ""best_NaiveSeasonal"": 0.0173, ""best_CWT_rf"": 0.0424, ""best_rf"": 0.001, ""accept"": 0.0756}, ""input_tokens"": 1556, ""score"": 0.6675, ""rank"": 4, ""already_tested"": false}, {""iteration"": 2, ""action"": ""median_pool1"", ""confidence"": 0.7041, ""probability_of_chosen"": 0.7795, ""probabilities"": {""mean_pool_full"": 0.0001, ""median_pool_full"": 0.0212, ""trimmed_mean_pool_full"": 0.0154, ""mean_pool4"": 0.0001, ""median_pool4"": 0.0046, ""trimmed_mean_pool4"": 0.0003, ""mean_pool1"": 0.0002, ""median_pool1"": 0.7795, ""trimmed_mean_pool1"": 0.0037, ""mean_pool2"": 0.0001, ""median_pool2"": 0.1442, ""trimmed_mean_pool2"": 0.0041, ""best_NaiveSeasonal"": 0.0088, ""best_CWT_rf"": 0.0064, ""best_rf"": 0.0003, ""accept"": 0.011}, ""input_tokens"": 1559, ""score"": 0.638, ""rank"": 1, ""already_tested"": false}, {""iteration"": 3, ""action"": ""median_pool2"", ""confidence"": 0.4864, ""probability_of_chosen"": 0.5859, ""probabilities"": {""mean_pool_full"": 0.0016, ""median_pool_full"": 0.0201, ""trimmed_mean_pool_full"": 0.1917, ""mean_pool4"": 0.0009, ""median_pool4"": 0.0032, ""trimmed_mean_pool4"": 0.0009, ""mean_pool1"": 0.008, ""median_pool1"": 0.0522, ""trimmed_mean_pool1"": 0.0244, ""mean_pool2"": 0.0021, ""median_pool2"": 0.5859, ""trimmed_mean_pool2"": 0.0337, ""best_NaiveSeasonal"": 0.0468, ""best_CWT_rf"": 0.0068, ""best_rf"": 0.0007, ""accept"": 0.0209}, ""input_tokens"": 1563, ""score"": 0.6675, ""rank"": 5, ""already_tested"": true}, {""iteration"": 4, ""action"": ""median_pool2"", ""confidence"": 0.4864, ""probability_of_chosen"": 0.5859, ""probabilities"": {""mean_pool_full"": 0.0016, ""median_pool_full"": 0.0201, ""trimmed_mean_pool_full"": 0.1917, ""mean_pool4"": 0.0009, ""median_pool4"": 0.0032, ""trimmed_mean_pool4"": 0.0009, ""mean_pool1"": 0.008, ""median_pool1"": 0.0522, ""trimmed_mean_pool1"": 0.0244, ""mean_pool2"": 0.0021, ""median_pool2"": 0.5859, ""trimmed_mean_pool2"": 0.0337, ""best_NaiveSeasonal"": 0.0468, ""best_CWT_rf"": 0.0068, ""best_rf"": 0.0007, ""accept"": 0.0209}, ""input_tokens"": 1563, ""score"": 0.6675, ""rank"": 5, ""already_tested"": true}, {""iteration"": 5, ""action"": ""median_pool2"", ""confidence"": 0.4864, ""probability_of_chosen"": 0.5859, ""probabilities"": {""mean_pool_full"": 0.0016, ""median_pool_full"": 0.0201, ""trimmed_mean_pool_full"": 0.1917, ""mean_pool4"": 0.0009, ""median_pool4"": 0.0032, ""trimmed_mean_pool4"": 0.0009, ""mean_pool1"": 0.008, ""median_pool1"": 0.0522, ""trimmed_mean_pool1"": 0.0244, ""mean_pool2"": 0.0021, ""median_pool2"": 0.5859, ""trimmed_mean_pool2"": 0.0337, ""best_NaiveSeasonal"": 0.0468, ""best_CWT_rf"": 0.0068, ""best_rf"": 0.0007, ""accept"": 0.0209}, ""input_tokens"": 1563, ""score"": 0.6675, ""rank"": 5, ""already_tested"": true}]}, ""score"": 0.638}";agent;5;no new information in 3 consecutive turns;0.04929649471712962;1143.2189452116781;laya_multilingual_laya_v0_ml8192
115;12;orchestrator_laya_laya_v0_ml8192;1.5702490422335918e+16;45.45454545454545;0.5584557741420261;21.53912933424418;0.5575185630028193;18.513528994;[[62.7, 24.0, 24.0, 24.0, 0.0, 19.0, 19.0, 48.0, 54.0, 65.0, 59.0, 50.0]];[[26.895545454, 32.098037496, 31.191831157999996, 36.634839496, 41.839839386, 45.959999666, 38.213891854, 43.07910889, 38.42930928, 42.613170748, 42.524232332, 38.934724424]];2023-12-31 00:00:00;2024-11-30 00:00:00;"{""strategy"": {""combine"": ""mean"", ""pool"": ""pool1""}, ""origin"": ""baseline"", ""loop"": {""final_attempt"": ""a4"", ""strategy"": {""combine"": ""mean"", ""pool"": ""pool1""}, ""iterations_used"": 3, ""stop_reason"": ""no new information in 3 consecutive turns"", ""trace"": [{""iteration"": 1, ""action"": ""trimmed_mean_pool2"", ""confidence"": 0.5507, ""probability_of_chosen"": 0.5892, ""probabilities"": {""mean_pool_full"": 0.0014, ""median_pool_full"": 0.0038, ""trimmed_mean_pool_full"": 0.0523, ""mean_pool1"": 0.0126, ""median_pool1"": 0.001, ""trimmed_mean_pool1"": 0.029, ""mean_pool2"": 0.0028, ""median_pool2"": 0.0087, ""trimmed_mean_pool2"": 0.5892, ""mean_pool3"": 0.0008, ""median_pool3"": 0.0031, ""trimmed_mean_pool3"": 0.0239, ""best_catboost"": 0.0009, ""best_ONLY_FT_rf"": 0.2574, ""best_rf"": 0.0004, ""accept"": 0.0127}, ""input_tokens"": 1511, ""score"": 0.6485, ""rank"": 4, ""already_tested"": true}, {""iteration"": 2, ""action"": ""trimmed_mean_pool1"", ""confidence"": 0.416, ""probability_of_chosen"": 0.3786, ""probabilities"": {""mean_pool_full"": 0.0008, ""median_pool_full"": 0.0052, ""trimmed_mean_pool_full"": 0.2407, ""mean_pool4"": 0.002, ""median_pool4"": 0.0008, ""trimmed_mean_pool4"": 0.0076, ""mean_pool1"": 0.0023, ""median_pool1"": 0.0197, ""trimmed_mean_pool1"": 0.3786, ""mean_pool2"": 0.0021, ""median_pool2"": 0.0149, ""trimmed_mean_pool2"": 0.1011, ""best_catboost"": 0.0015, ""best_ONLY_FT_rf"": 0.1995, ""best_rf"": 0.0006, ""accept"": 0.0225}, ""input_tokens"": 1511, ""score"": 0.6317, ""rank"": 2, ""already_tested"": true}, {""iteration"": 3, ""action"": ""trimmed_mean_pool1"", ""confidence"": 0.416, ""probability_of_chosen"": 0.3786, ""probabilities"": {""mean_pool_full"": 0.0008, ""median_pool_full"": 0.0052, ""trimmed_mean_pool_full"": 0.2407, ""mean_pool4"": 0.002, ""median_pool4"": 0.0008, ""trimmed_mean_pool4"": 0.0076, ""mean_pool1"": 0.0023, ""median_pool1"": 0.0197, ""trimmed_mean_pool1"": 0.3786, ""mean_pool2"": 0.0021, ""median_pool2"": 0.0149, ""trimmed_mean_pool2"": 0.1011, ""best_catboost"": 0.0015, ""best_ONLY_FT_rf"": 0.1995, ""best_rf"": 0.0006, ""accept"": 0.0225}, ""input_tokens"": 1511, ""score"": 0.6317, ""rank"": 2, ""already_tested"": true}]}, ""score"": 0.6286}";baseline;3;no new information in 3 consecutive turns;0.5584557741420261;21.53912933424418;laya_multilingual_laya_v0_ml8192
116;12;orchestrator_laya_laya_v0_ml8192;0.05068500665913931;63.63636363636363;0.05026445645085603;20932.95863948876;0.05026444888080372;16891.72819008167;[[294465.28, 352683.636, 365092.154, 297098.076, 279561.925, 321993.63, 372177.59, 361700.417, 367376.992, 334639.112, 390231.956, 310964.556]];[[268871.63019328, 347240.31279389, 380113.06067733, 330848.88065841, 270143.79992888, 315500.73789446, 361074.26491429, 381899.88366537, 369592.65473656, 371760.31743048, 356195.35979277, 313269.3366304]];2023-12-31 00:00:00;2024-11-30 00:00:00;"{""strategy"": {""combine"": ""best_single"", ""model"": ""ONLY_CWT_catboost"", ""pool"": ""pool_full""}, ""origin"": ""agent"", ""loop"": {""final_attempt"": ""a10"", ""strategy"": {""combine"": ""best_single"", ""model"": ""ONLY_CWT_catboost"", ""pool"": ""pool_full""}, ""iterations_used"": 4, ""stop_reason"": ""no new information in 3 consecutive turns"", ""trace"": [{""iteration"": 1, ""action"": ""best_ONLY_CWT_catboost"", ""confidence"": 0.4318, ""probability_of_chosen"": 0.4895, ""probabilities"": {""mean_pool_full"": 0.016, ""median_pool_full"": 0.0061, ""trimmed_mean_pool_full"": 0.0613, ""mean_pool1"": 0.0053, ""median_pool1"": 0.0012, ""trimmed_mean_pool1"": 0.0104, ""mean_pool2"": 0.0037, ""median_pool2"": 0.0282, ""trimmed_mean_pool2"": 0.2746, ""mean_pool3"": 0.0012, ""median_pool3"": 0.0104, ""trimmed_mean_pool3"": 0.022, ""best_ONLY_CWT_catboost"": 0.4895, ""best_catboost"": 0.0222, ""best_ONLY_DWT_rf"": 0.0133, ""accept"": 0.0348}, ""input_tokens"": 1679, ""score"": 0.5394, ""rank"": 1, ""already_tested"": false}, {""iteration"": 2, ""action"": ""best_ONLY_CWT_catboost"", ""confidence"": 0.4119, ""probability_of_chosen"": 0.4891, ""probabilities"": {""mean_pool_full"": 0.0043, ""median_pool_full"": 0.0055, ""trimmed_mean_pool_full"": 0.2421, ""mean_pool4"": 0.0016, ""median_pool4"": 0.0011, ""trimmed_mean_pool4"": 0.0035, ""mean_pool1"": 0.0011, ""median_pool1"": 0.0335, ""trimmed_mean_pool1"": 0.0376, ""mean_pool2"": 0.0055, ""median_pool2"": 0.0265, ""trimmed_mean_pool2"": 0.0446, ""best_ONLY_CWT_catboost"": 0.4891, ""best_catboost"": 0.0502, ""best_ONLY_DWT_rf"": 0.0156, ""accept"": 0.0382}, ""input_tokens"": 1688, ""score"": 0.5394, ""rank"": 1, ""already_tested"": true}, {""iteration"": 3, ""action"": ""best_ONLY_CWT_catboost"", ""confidence"": 0.4119, ""probability_of_chosen"": 0.4891, ""probabilities"": {""mean_pool_full"": 0.0043, ""median_pool_full"": 0.0055, ""trimmed_mean_pool_full"": 0.2421, ""mean_pool4"": 0.0016, ""median_pool4"": 0.0011, ""trimmed_mean_pool4"": 0.0035, ""mean_pool1"": 0.0011, ""median_pool1"": 0.0335, ""trimmed_mean_pool1"": 0.0376, ""mean_pool2"": 0.0055, ""median_pool2"": 0.0265, ""trimmed_mean_pool2"": 0.0446, ""best_ONLY_CWT_catboost"": 0.4891, ""best_catboost"": 0.0502, ""best_ONLY_DWT_rf"": 0.0156, ""accept"": 0.0382}, ""input_tokens"": 1688, ""score"": 0.5394, ""rank"": 1, ""already_tested"": true}, {""iteration"": 4, ""action"": ""best_ONLY_CWT_catboost"", ""confidence"": 0.4119, ""probability_of_chosen"": 0.4891, ""probabilities"": {""mean_pool_full"": 0.0043, ""median_pool_full"": 0.0055, ""trimmed_mean_pool_full"": 0.2421, ""mean_pool4"": 0.0016, ""median_pool4"": 0.0011, ""trimmed_mean_pool4"": 0.0035, ""mean_pool1"": 0.0011, ""median_pool1"": 0.0335, ""trimmed_mean_pool1"": 0.0376, ""mean_pool2"": 0.0055, ""median_pool2"": 0.0265, ""trimmed_mean_pool2"": 0.0446, ""best_ONLY_CWT_catboost"": 0.4891, ""best_catboost"": 0.0502, ""best_ONLY_DWT_rf"": 0.0156, ""accept"": 0.0382}, ""input_tokens"": 1688, ""score"": 0.5394, ""rank"": 1, ""already_tested"": true}]}, ""score"": 0.5394}";agent;4;no new information in 3 consecutive turns;0.0569383117218717;22256.635667288472;laya_multilingual_laya_v0_ml8192
117;12;orchestrator_laya_laya_v0_ml8192;0.03718695836483727;72.72727272727273;0.03714587863642823;590.1712595711422;0.03714574818732571;529.5873632816671;[[14466.03442, 13286.60326, 13454.11594, 13579.36957, 14749.28804, 14233.33514, 14886.66486, 15175.20471, 15353.87138, 13375.2192, 14932.83877, 14762.55254]];[[14983.47576408, 13001.108028626666, 13071.022077736669, 14610.9852761, 14208.804703070002, 14506.752194783336, 14679.47984722, 14802.999386793332, 15043.053470383335, 14201.301213060002, 14114.147977543333, 13974.031767269998]];2023-12-31 00:00:00;2024-11-30 00:00:00;"{""strategy"": {""combine"": ""trimmed_mean"", ""pool"": ""pool1"", ""trim_pct"": 0.2}, ""origin"": ""baseline"", ""loop"": {""final_attempt"": ""a5"", ""strategy"": {""combine"": ""trimmed_mean"", ""pool"": ""pool1"", ""trim_pct"": 0.2}, ""iterations_used"": 5, ""stop_reason"": ""no new information in 3 consecutive turns"", ""trace"": [{""iteration"": 1, ""action"": ""trimmed_mean_pool3"", ""confidence"": 0.2289, ""probability_of_chosen"": 0.291, ""probabilities"": {""mean_pool_full"": 0.0053, ""median_pool_full"": 0.0235, ""trimmed_mean_pool_full"": 0.1607, ""mean_pool1"": 0.04, ""median_pool1"": 0.0148, ""trimmed_mean_pool1"": 0.0805, ""mean_pool2"": 0.0272, ""median_pool2"": 0.0777, ""trimmed_mean_pool2"": 0.1765, ""mean_pool3"": 0.0097, ""median_pool3"": 0.0237, ""trimmed_mean_pool3"": 0.291, ""best_THETA"": 0.0151, ""best_ETS"": 0.0024, ""best_ARIMA"": 0.0017, ""accept"": 0.0502}, ""input_tokens"": 1604, ""score"": 0.6148, ""rank"": 6, ""already_tested"": true}, {""iteration"": 2, ""action"": ""trimmed_mean_pool_full"", ""confidence"": 0.35, ""probability_of_chosen"": 0.3823, ""probabilities"": {""mean_pool_full"": 0.0032, ""median_pool_full"": 0.0257, ""trimmed_mean_pool_full"": 0.3823, ""mean_pool4"": 0.0031, ""median_pool4"": 0.0025, ""trimmed_mean_pool4"": 0.0061, ""mean_pool1"": 0.019, ""median_pool1"": 0.038, ""trimmed_mean_pool1"": 0.1281, ""mean_pool2"": 0.0194, ""median_pool2"": 0.0659, ""trimmed_mean_pool2"": 0.2547, ""best_THETA"": 0.0092, ""best_ETS"": 0.002, ""best_ARIMA"": 0.0012, ""accept"": 0.0397}, ""input_tokens"": 1604, ""score"": 0.6664, ""rank"": 9, ""already_tested"": false}, {""iteration"": 3, ""action"": ""trimmed_mean_pool_full"", ""confidence"": 0.35, ""probability_of_chosen"": 0.3823, ""probabilities"": {""mean_pool_full"": 0.0032, ""median_pool_full"": 0.0257, ""trimmed_mean_pool_full"": 0.3823, ""mean_pool4"": 0.0031, ""median_pool4"": 0.0025, ""trimmed_mean_pool4"": 0.0061, ""mean_pool1"": 0.019, ""median_pool1"": 0.038, ""trimmed_mean_pool1"": 0.1281, ""mean_pool2"": 0.0194, ""median_pool2"": 0.0659, ""trimmed_mean_pool2"": 0.2547, ""best_THETA"": 0.0092, ""best_ETS"": 0.002, ""best_ARIMA"": 0.0012, ""accept"": 0.0397}, ""input_tokens"": 1604, ""score"": 0.6664, ""rank"": 9, ""already_tested"": true}, {""iteration"": 4, ""action"": ""trimmed_mean_pool_full"", ""confidence"": 0.35, ""probability_of_chosen"": 0.3823, ""probabilities"": {""mean_pool_full"": 0.0032, ""median_pool_full"": 0.0257, ""trimmed_mean_pool_full"": 0.3823, ""mean_pool4"": 0.0031, ""median_pool4"": 0.0025, ""trimmed_mean_pool4"": 0.0061, ""mean_pool1"": 0.019, ""median_pool1"": 0.038, ""trimmed_mean_pool1"": 0.1281, ""mean_pool2"": 0.0194, ""median_pool2"": 0.0659, ""trimmed_mean_pool2"": 0.2547, ""best_THETA"": 0.0092, ""best_ETS"": 0.002, ""best_ARIMA"": 0.0012, ""accept"": 0.0397}, ""input_tokens"": 1604, ""score"": 0.6664, ""rank"": 9, ""already_tested"": true}, {""iteration"": 5, ""action"": ""trimmed_mean_pool_full"", ""confidence"": 0.35, ""probability_of_chosen"": 0.3823, ""probabilities"": {""mean_pool_full"": 0.0032, ""median_pool_full"": 0.0257, ""trimmed_mean_pool_full"": 0.3823, ""mean_pool4"": 0.0031, ""median_pool4"": 0.0025, ""trimmed_mean_pool4"": 0.0061, ""mean_pool1"": 0.019, ""median_pool1"": 0.038, ""trimmed_mean_pool1"": 0.1281, ""mean_pool2"": 0.0194, ""median_pool2"": 0.0659, ""trimmed_mean_pool2"": 0.2547, ""best_THETA"": 0.0092, ""best_ETS"": 0.002, ""best_ARIMA"": 0.0012, ""accept"": 0.0397}, ""input_tokens"": 1604, ""score"": 0.6664, ""rank"": 9, ""already_tested"": true}]}, ""score"": 0.5681}";baseline;5;no new information in 3 consecutive turns;0.03714587863642823;590.1712595711422;laya_multilingual_laya_v0_ml8192
118;12;orchestrator_laya_laya_v0_ml8192;0.04281302331339751;63.63636363636363;0.044027914181902904;13612.007125103466;0.044027905743388863;11500.27721128586;[[255012.613, 250165.361, 251752.581, 259603.175, 272996.217, 255134.018, 253296.093, 271500.318, 282203.552, 263092.041, 284371.435, 260955.201]];[[242705.27043072262, 243657.1080885384, 240334.383030021, 266693.02542424324, 253375.10899542473, 258016.12685395734, 250506.15786247313, 251619.3231001631, 265881.65555071156, 254716.66689998898, 257978.36090936363, 256540.00987536318]];2023-12-31 00:00:00;2024-11-30 00:00:00;"{""strategy"": {""combine"": ""mean"", ""pool"": ""pool_full""}, ""origin"": ""baseline"", ""loop"": {""final_attempt"": ""a1"", ""strategy"": {""combine"": ""mean"", ""pool"": ""pool_full""}, ""iterations_used"": 6, ""stop_reason"": ""no new information in 3 consecutive turns"", ""trace"": [{""iteration"": 1, ""action"": ""best_FT_rf"", ""confidence"": 0.641, ""probability_of_chosen"": 0.6982, ""probabilities"": {""mean_pool_full"": 0.0004, ""median_pool_full"": 0.0026, ""trimmed_mean_pool_full"": 0.0203, ""mean_pool1"": 0.0005, ""median_pool1"": 0.0017, ""trimmed_mean_pool1"": 0.0008, ""mean_pool2"": 0.0011, ""median_pool2"": 0.2, ""trimmed_mean_pool2"": 0.0105, ""mean_pool3"": 0.0003, ""median_pool3"": 0.005, ""trimmed_mean_pool3"": 0.0013, ""best_FT_catboost"": 0.0118, ""best_ONLY_DWT_catboost"": 0.0391, ""best_FT_rf"": 0.6982, ""accept"": 0.0066}, ""input_tokens"": 1635, ""score"": 0.6786, ""rank"": 4, ""already_tested"": false}, {""iteration"": 2, ""action"": ""trimmed_mean_pool_full"", ""confidence"": 0.557, ""probability_of_chosen"": 0.6897, ""probabilities"": {""mean_pool_full"": 0.001, ""median_pool_full"": 0.0019, ""trimmed_mean_pool_full"": 0.6897, ""mean_pool4"": 0.0004, ""median_pool4"": 0.002, ""trimmed_mean_pool4"": 0.0025, ""mean_pool1"": 0.0007, ""median_pool1"": 0.0163, ""trimmed_mean_pool1"": 0.0335, ""mean_pool2"": 0.0023, ""median_pool2"": 0.0948, ""trimmed_mean_pool2"": 0.0193, ""best_FT_catboost"": 0.0115, ""best_ONLY_DWT_catboost"": 0.0231, ""best_FT_rf"": 0.0786, ""accept"": 0.0223}, ""input_tokens"": 1637, ""score"": 0.6792, ""rank"": 5, ""already_tested"": false}, {""iteration"": 3, ""action"": ""median_pool2"", ""confidence"": 0.2283, ""probability_of_chosen"": 0.2396, ""probabilities"": {""mean_pool_full"": 0.0006, ""median_pool_full"": 0.0041, ""trimmed_mean_pool_full"": 0.1596, ""mean_pool4"": 0.0006, ""median_pool4"": 0.006, ""trimmed_mean_pool4"": 0.0099, ""mean_pool1"": 0.0007, ""median_pool1"": 0.0361, ""trimmed_mean_pool1"": 0.0895, ""mean_pool2"": 0.0007, ""median_pool2"": 0.2396, ""trimmed_mean_pool2"": 0.0509, ""best_FT_catboost"": 0.0658, ""best_ONLY_DWT_catboost"": 0.1149, ""best_FT_rf"": 0.1511, ""accept"": 0.07}, ""input_tokens"": 1642, ""score"": 0.6741, ""rank"": 4, ""already_tested"": false}, {""iteration"": 4, ""action"": ""best_FT_rf"", ""confidence"": 0.5079, ""probability_of_chosen"": 0.6087, ""probabilities"": {""mean_pool_full"": 0.0003, ""median_pool_full"": 0.0064, ""trimmed_mean_pool_full"": 0.0301, ""mean_pool4"": 0.0003, ""median_pool4"": 0.001, ""trimmed_mean_pool4"": 0.0015, ""mean_pool1"": 0.0003, ""median_pool1"": 0.0203, ""trimmed_mean_pool1"": 0.0662, ""mean_pool2"": 0.0002, ""median_pool2"": 0.1717, ""trimmed_mean_pool2"": 0.0108, ""best_FT_catboost"": 0.0165, ""best_ONLY_DWT_catboost"": 0.0438, ""best_FT_rf"": 0.6087, ""accept"": 0.022}, ""input_tokens"": 1638, ""score"": 0.6786, ""rank"": 5, ""already_tested"": true}, {""iteration"": 5, ""action"": ""best_FT_rf"", ""confidence"": 0.5079, ""probability_of_chosen"": 0.6087, ""probabilities"": {""mean_pool_full"": 0.0003, ""median_pool_full"": 0.0064, ""trimmed_mean_pool_full"": 0.0301, ""mean_pool4"": 0.0003, ""median_pool4"": 0.001, ""trimmed_mean_pool4"": 0.0015, ""mean_pool1"": 0.0003, ""median_pool1"": 0.0203, ""trimmed_mean_pool1"": 0.0662, ""mean_pool2"": 0.0002, ""median_pool2"": 0.1717, ""trimmed_mean_pool2"": 0.0108, ""best_FT_catboost"": 0.0165, ""best_ONLY_DWT_catboost"": 0.0438, ""best_FT_rf"": 0.6087, ""accept"": 0.022}, ""input_tokens"": 1638, ""score"": 0.6786, ""rank"": 5, ""already_tested"": true}, {""iteration"": 6, ""action"": ""best_FT_rf"", ""confidence"": 0.5079, ""probability_of_chosen"": 0.6087, ""probabilities"": {""mean_pool_full"": 0.0003, ""median_pool_full"": 0.0064, ""trimmed_mean_pool_full"": 0.0301, ""mean_pool4"": 0.0003, ""median_pool4"": 0.001, ""trimmed_mean_pool4"": 0.0015, ""mean_pool1"": 0.0003, ""median_pool1"": 0.0203, ""trimmed_mean_pool1"": 0.0662, ""mean_pool2"": 0.0002, ""median_pool2"": 0.1717, ""trimmed_mean_pool2"": 0.0108, ""best_FT_catboost"": 0.0165, ""best_ONLY_DWT_catboost"": 0.0438, ""best_FT_rf"": 0.6087, ""accept"": 0.022}, ""input_tokens"": 1638, ""score"": 0.6786, ""rank"": 5, ""already_tested"": true}]}, ""score"": 0.6667}";baseline;6;no new information in 3 consecutive turns;0.044027914181902904;13612.007125103466;laya_multilingual_laya_v0_ml8192
119;12;orchestrator_laya_laya_v0_ml8192;0.23736931935657812;63.63636363636363;0.29555512746331464;4664.0932779311715;0.29555385833944164;3470.291023087501;[[12209.593, 14921.1, 15758.4, 18434.095, 13885.452, 12074.002, 10597.3, 12686.378, 11942.015, 11120.488, 12521.995, 12868.136]];[[7963.40772043, 7326.12197079, 7608.87253736, 8779.59206699, 10486.36141081, 10607.88691152, 10602.6267104, 10598.33726092, 10069.35579569, 10064.35626818, 10836.58883854, 12442.60765212]];2023-12-31 00:00:00;2024-11-30 00:00:00;"{""strategy"": {""combine"": ""best_single"", ""model"": ""DWT_rf"", ""pool"": ""pool_full""}, ""origin"": ""agent"", ""loop"": {""final_attempt"": ""a10"", ""strategy"": {""combine"": ""best_single"", ""model"": ""DWT_rf"", ""pool"": ""pool_full""}, ""iterations_used"": 4, ""stop_reason"": ""no new information in 3 consecutive turns"", ""trace"": [{""iteration"": 1, ""action"": ""best_DWT_rf"", ""confidence"": 0.6235, ""probability_of_chosen"": 0.7331, ""probabilities"": {""mean_pool_full"": 0.0002, ""median_pool_full"": 0.0013, ""trimmed_mean_pool_full"": 0.0221, ""mean_pool1"": 0.0005, ""median_pool1"": 0.0009, ""trimmed_mean_pool1"": 0.0064, ""mean_pool2"": 0.0008, ""median_pool2"": 0.0761, ""trimmed_mean_pool2"": 0.0992, ""mean_pool3"": 0.0002, ""median_pool3"": 0.0054, ""trimmed_mean_pool3"": 0.0146, ""best_DWT_rf"": 0.7331, ""best_CWT_rf"": 0.0284, ""best_catboost"": 0.0033, ""accept"": 0.0073}, ""input_tokens"": 1613, ""score"": 0.5989, ""rank"": 1, ""already_tested"": false}, {""iteration"": 2, ""action"": ""best_DWT_rf"", ""confidence"": 0.8131, ""probability_of_chosen"": 0.8922, ""probabilities"": {""mean_pool_full"": 0.0, ""median_pool_full"": 0.0001, ""trimmed_mean_pool_full"": 0.015, ""mean_pool4"": 0.0001, ""median_pool4"": 0.0001, ""trimmed_mean_pool4"": 0.0012, ""mean_pool1"": 0.0001, ""median_pool1"": 0.0045, ""trimmed_mean_pool1"": 0.0473, ""mean_pool2"": 0.0001, ""median_pool2"": 0.0016, ""trimmed_mean_pool2"": 0.0213, ""best_DWT_rf"": 0.8922, ""best_CWT_rf"": 0.0121, ""best_catboost"": 0.0019, ""accept"": 0.0023}, ""input_tokens"": 1616, ""score"": 0.5989, ""rank"": 1, ""already_tested"": true}, {""iteration"": 3, ""action"": ""best_DWT_rf"", ""confidence"": 0.8131, ""probability_of_chosen"": 0.8922, ""probabilities"": {""mean_pool_full"": 0.0, ""median_pool_full"": 0.0001, ""trimmed_mean_pool_full"": 0.015, ""mean_pool4"": 0.0001, ""median_pool4"": 0.0001, ""trimmed_mean_pool4"": 0.0012, ""mean_pool1"": 0.0001, ""median_pool1"": 0.0045, ""trimmed_mean_pool1"": 0.0473, ""mean_pool2"": 0.0001, ""median_pool2"": 0.0016, ""trimmed_mean_pool2"": 0.0213, ""best_DWT_rf"": 0.8922, ""best_CWT_rf"": 0.0121, ""best_catboost"": 0.0019, ""accept"": 0.0023}, ""input_tokens"": 1616, ""score"": 0.5989, ""rank"": 1, ""already_tested"": true}, {""iteration"": 4, ""action"": ""best_DWT_rf"", ""confidence"": 0.8131, ""probability_of_chosen"": 0.8922, ""probabilities"": {""mean_pool_full"": 0.0, ""median_pool_full"": 0.0001, ""trimmed_mean_pool_full"": 0.015, ""mean_pool4"": 0.0001, ""median_pool4"": 0.0001, ""trimmed_mean_pool4"": 0.0012, ""mean_pool1"": 0.0001, ""median_pool1"": 0.0045, ""trimmed_mean_pool1"": 0.0473, ""mean_pool2"": 0.0001, ""median_pool2"": 0.0016, ""trimmed_mean_pool2"": 0.0213, ""best_DWT_rf"": 0.8922, ""best_CWT_rf"": 0.0121, ""best_catboost"": 0.0019, ""accept"": 0.0023}, ""input_tokens"": 1616, ""score"": 0.5989, ""rank"": 1, ""already_tested"": true}]}, ""score"": 0.5989}";agent;4;no new information in 3 consecutive turns;0.4791150844759325;5860.155302685281;laya_multilingual_laya_v0_ml8192
120;12;orchestrator_laya_laya_v0_ml8192;0.03500910874589777;63.63636363636363;0.03505754184633857;11126.274566242786;0.035057535309624695;9421.922631054542;[[255085.0906, 251711.2572, 245742.1159, 248332.6504, 267652.721, 269931.7174, 268166.0489, 297321.5779, 292402.7011, 252688.0851, 280257.1957, 263507.9004]];[[263504.49496721453, 244918.33618104004, 245689.40846092667, 265163.5258461545, 258773.18994675225, 272235.78312507895, 274372.5352180467, 279220.9360077489, 277397.1802677711, 267802.79232383665, 266949.64078043663, 261459.24506300114]];2023-12-31 00:00:00;2024-11-30 00:00:00;"{""strategy"": {""combine"": ""mean"", ""pool"": ""pool3""}, ""origin"": ""baseline"", ""loop"": {""final_attempt"": ""a8"", ""strategy"": {""combine"": ""mean"", ""pool"": ""pool3""}, ""iterations_used"": 4, ""stop_reason"": ""no new information in 3 consecutive turns"", ""trace"": [{""iteration"": 1, ""action"": ""median_pool2"", ""confidence"": 0.8104, ""probability_of_chosen"": 0.8977, ""probabilities"": {""mean_pool_full"": 0.0003, ""median_pool_full"": 0.0051, ""trimmed_mean_pool_full"": 0.0145, ""mean_pool1"": 0.0025, ""median_pool1"": 0.0042, ""trimmed_mean_pool1"": 0.0022, ""mean_pool2"": 0.0026, ""median_pool2"": 0.8977, ""trimmed_mean_pool2"": 0.0118, ""mean_pool3"": 0.0003, ""median_pool3"": 0.043, ""trimmed_mean_pool3"": 0.0061, ""best_ARIMA"": 0.0004, ""best_THETA"": 0.0005, ""best_ETS"": 0.0003, ""accept"": 0.0086}, ""input_tokens"": 1634, ""score"": 0.6305, ""rank"": 7, ""already_tested"": false}, {""iteration"": 2, ""action"": ""median_pool2"", ""confidence"": 0.7638, ""probability_of_chosen"": 0.8537, ""probabilities"": {""mean_pool_full"": 0.0004, ""median_pool_full"": 0.0069, ""trimmed_mean_pool_full"": 0.0669, ""mean_pool4"": 0.0007, ""median_pool4"": 0.0017, ""trimmed_mean_pool4"": 0.0009, ""mean_pool1"": 0.0014, ""median_pool1"": 0.0369, ""trimmed_mean_pool1"": 0.0087, ""mean_pool2"": 0.0015, ""median_pool2"": 0.8537, ""trimmed_mean_pool2"": 0.0119, ""best_ARIMA"": 0.0004, ""best_THETA"": 0.0005, ""best_ETS"": 0.0003, ""accept"": 0.0074}, ""input_tokens"": 1634, ""score"": 0.6305, ""rank"": 7, ""already_tested"": true}, {""iteration"": 3, ""action"": ""median_pool2"", ""confidence"": 0.7638, ""probability_of_chosen"": 0.8537, ""probabilities"": {""mean_pool_full"": 0.0004, ""median_pool_full"": 0.0069, ""trimmed_mean_pool_full"": 0.0669, ""mean_pool4"": 0.0007, ""median_pool4"": 0.0017, ""trimmed_mean_pool4"": 0.0009, ""mean_pool1"": 0.0014, ""median_pool1"": 0.0369, ""trimmed_mean_pool1"": 0.0087, ""mean_pool2"": 0.0015, ""median_pool2"": 0.8537, ""trimmed_mean_pool2"": 0.0119, ""best_ARIMA"": 0.0004, ""best_THETA"": 0.0005, ""best_ETS"": 0.0003, ""accept"": 0.0074}, ""input_tokens"": 1634, ""score"": 0.6305, ""rank"": 7, ""already_tested"": true}, {""iteration"": 4, ""action"": ""median_pool2"", ""confidence"": 0.7638, ""probability_of_chosen"": 0.8537, ""probabilities"": {""mean_pool_full"": 0.0004, ""median_pool_full"": 0.0069, ""trimmed_mean_pool_full"": 0.0669, ""mean_pool4"": 0.0007, ""median_pool4"": 0.0017, ""trimmed_mean_pool4"": 0.0009, ""mean_pool1"": 0.0014, ""median_pool1"": 0.0369, ""trimmed_mean_pool1"": 0.0087, ""mean_pool2"": 0.0015, ""median_pool2"": 0.8537, ""trimmed_mean_pool2"": 0.0119, ""best_ARIMA"": 0.0004, ""best_THETA"": 0.0005, ""best_ETS"": 0.0003, ""accept"": 0.0074}, ""input_tokens"": 1634, ""score"": 0.6305, ""rank"": 7, ""already_tested"": true}]}, ""score"": 0.5735}";baseline;4;no new information in 3 consecutive turns;0.03505754184633857;11126.274566242786;laya_multilingual_laya_v0_ml8192
121;12;orchestrator_laya_laya_v0_ml8192;0.0659737274443662;54.54545454545455;0.06880994040747203;2714.2834730385775;0.06880984199790612;2407.2596119726663;[[35133.58696, 35152.21377, 33967.63587, 35645.96014, 37574.17935, 37233.43478, 34392.78623, 37534.99094, 36981.91667, 35008.5, 37896.80254, 35043.31884]];[[34735.248445312005, 33046.544957838, 31874.712762216, 34537.105310138, 33263.829531708, 34213.77875104, 33579.914359848, 33303.617601392005, 34013.748482361996, 33018.51362237, 33955.514256869996, 33135.682665234]];2023-12-31 00:00:00;2024-11-30 00:00:00;"{""strategy"": {""combine"": ""mean"", ""pool"": ""pool1""}, ""origin"": ""baseline"", ""loop"": {""final_attempt"": ""a4"", ""strategy"": {""combine"": ""mean"", ""pool"": ""pool1""}, ""iterations_used"": 5, ""stop_reason"": ""no new information in 3 consecutive turns"", ""trace"": [{""iteration"": 1, ""action"": ""median_pool2"", ""confidence"": 0.2991, ""probability_of_chosen"": 0.485, ""probabilities"": {""mean_pool_full"": 0.003, ""median_pool_full"": 0.0175, ""trimmed_mean_pool_full"": 0.0667, ""mean_pool1"": 0.0341, ""median_pool1"": 0.025, ""trimmed_mean_pool1"": 0.0274, ""mean_pool2"": 0.0218, ""median_pool2"": 0.485, ""trimmed_mean_pool2"": 0.0724, ""mean_pool3"": 0.0051, ""median_pool3"": 0.088, ""trimmed_mean_pool3"": 0.054, ""best_THETA"": 0.0464, ""best_ETS"": 0.003, ""best_DWT_catboost"": 0.0222, ""accept"": 0.0287}, ""input_tokens"": 1614, ""score"": 0.633, ""rank"": 7, ""already_tested"": false}, {""iteration"": 2, ""action"": ""median_pool1"", ""confidence"": 0.2451, ""probability_of_chosen"": 0.252, ""probabilities"": {""mean_pool_full"": 0.0022, ""median_pool_full"": 0.0188, ""trimmed_mean_pool_full"": 0.1732, ""mean_pool4"": 0.0057, ""median_pool4"": 0.0053, ""trimmed_mean_pool4"": 0.0063, ""mean_pool1"": 0.0416, ""median_pool1"": 0.252, ""trimmed_mean_pool1"": 0.1181, ""mean_pool2"": 0.0202, ""median_pool2"": 0.2009, ""trimmed_mean_pool2"": 0.0874, ""best_THETA"": 0.0242, ""best_ETS"": 0.0025, ""best_DWT_catboost"": 0.0191, ""accept"": 0.0225}, ""input_tokens"": 1614, ""score"": 0.6011, ""rank"": 5, ""already_tested"": false}, {""iteration"": 3, ""action"": ""median_pool2"", ""confidence"": 0.7888, ""probability_of_chosen"": 0.877, ""probabilities"": {""mean_pool_full"": 0.0001, ""median_pool_full"": 0.0062, ""trimmed_mean_pool_full"": 0.0317, ""mean_pool4"": 0.0001, ""median_pool4"": 0.0071, ""trimmed_mean_pool4"": 0.0005, ""mean_pool1"": 0.0007, ""median_pool1"": 0.0514, ""trimmed_mean_pool1"": 0.0068, ""mean_pool2"": 0.0004, ""median_pool2"": 0.877, ""trimmed_mean_pool2"": 0.002, ""best_THETA"": 0.01, ""best_ETS"": 0.0004, ""best_DWT_catboost"": 0.0016, ""accept"": 0.0039}, ""input_tokens"": 1609, ""score"": 0.633, ""rank"": 8, ""already_tested"": true}, {""iteration"": 4, ""action"": ""median_pool2"", ""confidence"": 0.7888, ""probability_of_chosen"": 0.877, ""probabilities"": {""mean_pool_full"": 0.0001, ""median_pool_full"": 0.0062, ""trimmed_mean_pool_full"": 0.0317, ""mean_pool4"": 0.0001, ""median_pool4"": 0.0071, ""trimmed_mean_pool4"": 0.0005, ""mean_pool1"": 0.0007, ""median_pool1"": 0.0514, ""trimmed_mean_pool1"": 0.0068, ""mean_pool2"": 0.0004, ""median_pool2"": 0.877, ""trimmed_mean_pool2"": 0.002, ""best_THETA"": 0.01, ""best_ETS"": 0.0004, ""best_DWT_catboost"": 0.0016, ""accept"": 0.0039}, ""input_tokens"": 1609, ""score"": 0.633, ""rank"": 8, ""already_tested"": true}, {""iteration"": 5, ""action"": ""median_pool2"", ""confidence"": 0.7888, ""probability_of_chosen"": 0.877, ""probabilities"": {""mean_pool_full"": 0.0001, ""median_pool_full"": 0.0062, ""trimmed_mean_pool_full"": 0.0317, ""mean_pool4"": 0.0001, ""median_pool4"": 0.0071, ""trimmed_mean_pool4"": 0.0005, ""mean_pool1"": 0.0007, ""median_pool1"": 0.0514, ""trimmed_mean_pool1"": 0.0068, ""mean_pool2"": 0.0004, ""median_pool2"": 0.877, ""trimmed_mean_pool2"": 0.002, ""best_THETA"": 0.01, ""best_ETS"": 0.0004, ""best_DWT_catboost"": 0.0016, ""accept"": 0.0039}, ""input_tokens"": 1609, ""score"": 0.633, ""rank"": 8, ""already_tested"": true}]}, ""score"": 0.5881}";baseline;5;no new information in 3 consecutive turns;0.06880994040747203;2714.2834730385775;laya_multilingual_laya_v0_ml8192
122;12;orchestrator_laya_laya_v0_ml8192;0.055033286783037316;63.63636363636363;0.05749351352163636;8654.265558776146;0.057493488441151853;6615.123067917332;[[113711.6739, 118107.5616, 110864.5598, 114569.0199, 124296.9692, 125137.2717, 123320.7482, 134882.9601, 133185.9293, 116304.7899, 124463.6431, 122751.1812]];[[116425.182057184, 105316.18363846799, 97762.802206944, 120016.488630144, 105221.220306654, 125682.75490439199, 126859.61683173999, 129886.40735378601, 132189.599526882, 115481.46922790201, 118411.899700892, 113451.864146924]];2023-12-31 00:00:00;2024-11-30 00:00:00;"{""strategy"": {""combine"": ""trimmed_mean"", ""pool"": ""pool2"", ""trim_pct"": 0.2}, ""origin"": ""baseline"", ""loop"": {""final_attempt"": ""a7"", ""strategy"": {""combine"": ""trimmed_mean"", ""pool"": ""pool2"", ""trim_pct"": 0.2}, ""iterations_used"": 4, ""stop_reason"": ""no new information in 3 consecutive turns"", ""trace"": [{""iteration"": 1, ""action"": ""median_pool2"", ""confidence"": 0.354, ""probability_of_chosen"": 0.5215, ""probabilities"": {""mean_pool_full"": 0.004, ""median_pool_full"": 0.0226, ""trimmed_mean_pool_full"": 0.0417, ""mean_pool1"": 0.0047, ""median_pool1"": 0.007, ""trimmed_mean_pool1"": 0.0356, ""mean_pool2"": 0.021, ""median_pool2"": 0.5215, ""trimmed_mean_pool2"": 0.1007, ""mean_pool3"": 0.0035, ""median_pool3"": 0.0855, ""trimmed_mean_pool3"": 0.0698, ""best_NaiveSeasonal"": 0.0162, ""best_DWT_catboost"": 0.0203, ""best_THETA"": 0.0056, ""accept"": 0.0405}, ""input_tokens"": 1614, ""score"": 0.6272, ""rank"": 5, ""already_tested"": false}, {""iteration"": 2, ""action"": ""median_pool2"", ""confidence"": 0.7788, ""probability_of_chosen"": 0.8379, ""probabilities"": {""mean_pool_full"": 0.0002, ""median_pool_full"": 0.016, ""trimmed_mean_pool_full"": 0.0068, ""mean_pool4"": 0.0001, ""median_pool4"": 0.0044, ""trimmed_mean_pool4"": 0.0004, ""mean_pool1"": 0.0002, ""median_pool1"": 0.1207, ""trimmed_mean_pool1"": 0.0031, ""mean_pool2"": 0.0002, ""median_pool2"": 0.8379, ""trimmed_mean_pool2"": 0.0015, ""best_NaiveSeasonal"": 0.0014, ""best_DWT_catboost"": 0.0009, ""best_THETA"": 0.0005, ""accept"": 0.0058}, ""input_tokens"": 1616, ""score"": 0.6272, ""rank"": 5, ""already_tested"": true}, {""iteration"": 3, ""action"": ""median_pool2"", ""confidence"": 0.7788, ""probability_of_chosen"": 0.8379, ""probabilities"": {""mean_pool_full"": 0.0002, ""median_pool_full"": 0.016, ""trimmed_mean_pool_full"": 0.0068, ""mean_pool4"": 0.0001, ""median_pool4"": 0.0044, ""trimmed_mean_pool4"": 0.0004, ""mean_pool1"": 0.0002, ""median_pool1"": 0.1207, ""trimmed_mean_pool1"": 0.0031, ""mean_pool2"": 0.0002, ""median_pool2"": 0.8379, ""trimmed_mean_pool2"": 0.0015, ""best_NaiveSeasonal"": 0.0014, ""best_DWT_catboost"": 0.0009, ""best_THETA"": 0.0005, ""accept"": 0.0058}, ""input_tokens"": 1616, ""score"": 0.6272, ""rank"": 5, ""already_tested"": true}, {""iteration"": 4, ""action"": ""median_pool2"", ""confidence"": 0.7788, ""probability_of_chosen"": 0.8379, ""probabilities"": {""mean_pool_full"": 0.0002, ""median_pool_full"": 0.016, ""trimmed_mean_pool_full"": 0.0068, ""mean_pool4"": 0.0001, ""median_pool4"": 0.0044, ""trimmed_mean_pool4"": 0.0004, ""mean_pool1"": 0.0002, ""median_pool1"": 0.1207, ""trimmed_mean_pool1"": 0.0031, ""mean_pool2"": 0.0002, ""median_pool2"": 0.8379, ""trimmed_mean_pool2"": 0.0015, ""best_NaiveSeasonal"": 0.0014, ""best_DWT_catboost"": 0.0009, ""best_THETA"": 0.0005, ""accept"": 0.0058}, ""input_tokens"": 1616, ""score"": 0.6272, ""rank"": 5, ""already_tested"": true}]}, ""score"": 0.614}";baseline;4;no new information in 3 consecutive turns;0.05749351352163636;8654.265558776146;laya_multilingual_laya_v0_ml8192
123;12;orchestrator_laya_laya_v0_ml8192;0.03757119085598993;90.9090909090909;0.03725386741363374;546.97460906163;0.03725371188934174;446.9589133934484;[[11675.81159, 11663.86775, 10697.93659, 11319.60326, 11798.21739, 12201.48007, 11969.92391, 12797.9058, 13102.00725, 12028.77355, 12571.97283, 12272.12138]];[[12255.853601806315, 11742.044582887369, 11534.64085336483, 12341.267560701903, 11953.18960265423, 12264.776361696086, 12166.784244229002, 12193.835378868635, 12324.8082133736, 11922.436470072855, 12025.797386595998, 11874.112647707272]];2023-12-31 00:00:00;2024-11-30 00:00:00;"{""strategy"": {""combine"": ""dba"", ""pool"": ""pool_full"", ""dba_max_iter"": 30}, ""origin"": ""baseline"", ""loop"": {""final_attempt"": ""a3"", ""strategy"": {""combine"": ""dba"", ""pool"": ""pool_full"", ""dba_max_iter"": 30}, ""iterations_used"": 5, ""stop_reason"": ""no new information in 3 consecutive turns"", ""trace"": [{""iteration"": 1, ""action"": ""best_FT_catboost"", ""confidence"": 0.3245, ""probability_of_chosen"": 0.3658, ""probabilities"": {""mean_pool_full"": 0.0004, ""median_pool_full"": 0.2289, ""trimmed_mean_pool_full"": 0.0544, ""mean_pool1"": 0.0029, ""median_pool1"": 0.0126, ""trimmed_mean_pool1"": 0.023, ""mean_pool2"": 0.0036, ""median_pool2"": 0.1216, ""trimmed_mean_pool2"": 0.0698, ""mean_pool3"": 0.0019, ""median_pool3"": 0.0583, ""trimmed_mean_pool3"": 0.0336, ""best_FT_catboost"": 0.3658, ""best_ETS"": 0.0003, ""best_THETA"": 0.001, ""accept"": 0.0218}, ""input_tokens"": 1580, ""score"": 0.6366, ""rank"": 4, ""already_tested"": false}, {""iteration"": 2, ""action"": ""trimmed_mean_pool_full"", ""confidence"": 0.4395, ""probability_of_chosen"": 0.4382, ""probabilities"": {""mean_pool_full"": 0.001, ""median_pool_full"": 0.0519, ""trimmed_mean_pool_full"": 0.4382, ""mean_pool4"": 0.0005, ""median_pool4"": 0.0014, ""trimmed_mean_pool4"": 0.0049, ""mean_pool1"": 0.0015, ""median_pool1"": 0.0391, ""trimmed_mean_pool1"": 0.0243, ""mean_pool2"": 0.0016, ""median_pool2"": 0.0163, ""trimmed_mean_pool2"": 0.064, ""best_FT_catboost"": 0.3107, ""best_ETS"": 0.0009, ""best_THETA"": 0.0016, ""accept"": 0.0421}, ""input_tokens"": 1580, ""score"": 0.638, ""rank"": 5, ""already_tested"": false}, {""iteration"": 3, ""action"": ""trimmed_mean_pool_full"", ""confidence"": 0.6304, ""probability_of_chosen"": 0.7474, ""probabilities"": {""mean_pool_full"": 0.0002, ""median_pool_full"": 0.0161, ""trimmed_mean_pool_full"": 0.7474, ""mean_pool4"": 0.0002, ""median_pool4"": 0.0008, ""trimmed_mean_pool4"": 0.0025, ""mean_pool1"": 0.0005, ""median_pool1"": 0.0746, ""trimmed_mean_pool1"": 0.0249, ""mean_pool2"": 0.0003, ""median_pool2"": 0.0098, ""trimmed_mean_pool2"": 0.0371, ""best_FT_catboost"": 0.0679, ""best_ETS"": 0.0002, ""best_THETA"": 0.0004, ""accept"": 0.0172}, ""input_tokens"": 1577, ""score"": 0.638, ""rank"": 5, ""already_tested"": true}, {""iteration"": 4, ""action"": ""trimmed_mean_pool_full"", ""confidence"": 0.6304, ""probability_of_chosen"": 0.7474, ""probabilities"": {""mean_pool_full"": 0.0002, ""median_pool_full"": 0.0161, ""trimmed_mean_pool_full"": 0.7474, ""mean_pool4"": 0.0002, ""median_pool4"": 0.0008, ""trimmed_mean_pool4"": 0.0025, ""mean_pool1"": 0.0005, ""median_pool1"": 0.0746, ""trimmed_mean_pool1"": 0.0249, ""mean_pool2"": 0.0003, ""median_pool2"": 0.0098, ""trimmed_mean_pool2"": 0.0371, ""best_FT_catboost"": 0.0679, ""best_ETS"": 0.0002, ""best_THETA"": 0.0004, ""accept"": 0.0172}, ""input_tokens"": 1577, ""score"": 0.638, ""rank"": 5, ""already_tested"": true}, {""iteration"": 5, ""action"": ""trimmed_mean_pool_full"", ""confidence"": 0.6304, ""probability_of_chosen"": 0.7474, ""probabilities"": {""mean_pool_full"": 0.0002, ""median_pool_full"": 0.0161, ""trimmed_mean_pool_full"": 0.7474, ""mean_pool4"": 0.0002, ""median_pool4"": 0.0008, ""trimmed_mean_pool4"": 0.0025, ""mean_pool1"": 0.0005, ""median_pool1"": 0.0746, ""trimmed_mean_pool1"": 0.0249, ""mean_pool2"": 0.0003, ""median_pool2"": 0.0098, ""trimmed_mean_pool2"": 0.0371, ""best_FT_catboost"": 0.0679, ""best_ETS"": 0.0002, ""best_THETA"": 0.0004, ""accept"": 0.0172}, ""input_tokens"": 1577, ""score"": 0.638, ""rank"": 5, ""already_tested"": true}]}, ""score"": 0.6112}";baseline;5;no new information in 3 consecutive turns;0.03725386741363374;546.97460906163;laya_multilingual_laya_v0_ml8192
124;12;orchestrator_laya_laya_v0_ml8192;0.2906265882330724;45.45454545454545;0.2623760780106259;12.128068760249011;0.2619856899751775;9.334391395555555;[[48.71, 34.2, 36.107, 23.0, 15.0, 30.237, 35.0, 37.519, 55.298, 45.06, 55.959, 30.642]];[[33.75924619333333, 32.9924859, 33.19434315, 32.749151526666665, 34.72069835, 34.36225628666667, 34.85627349999999, 34.99875569, 34.49908758666667, 34.541860406666665, 34.350427690000004, 34.3990707]];2023-12-31 00:00:00;2024-11-30 00:00:00;"{""strategy"": {""combine"": ""trimmed_mean"", ""pool"": ""pool1"", ""trim_pct"": 0.2}, ""origin"": ""baseline"", ""loop"": {""final_attempt"": ""a5"", ""strategy"": {""combine"": ""trimmed_mean"", ""pool"": ""pool1"", ""trim_pct"": 0.2}, ""iterations_used"": 3, ""stop_reason"": ""no new information in 3 consecutive turns"", ""trace"": [{""iteration"": 1, ""action"": ""trimmed_mean_pool2"", ""confidence"": 0.448, ""probability_of_chosen"": 0.5905, ""probabilities"": {""mean_pool_full"": 0.0016, ""median_pool_full"": 0.0258, ""trimmed_mean_pool_full"": 0.1034, ""mean_pool1"": 0.0031, ""median_pool1"": 0.0072, ""trimmed_mean_pool1"": 0.0308, ""mean_pool2"": 0.0057, ""median_pool2"": 0.0678, ""trimmed_mean_pool2"": 0.5905, ""mean_pool3"": 0.0004, ""median_pool3"": 0.0264, ""trimmed_mean_pool3"": 0.0934, ""best_THETA"": 0.0063, ""best_NaiveMovingAverage"": 0.018, ""best_ETS"": 0.0017, ""accept"": 0.0177}, ""input_tokens"": 1532, ""score"": 0.705, ""rank"": 6, ""already_tested"": true}, {""iteration"": 2, ""action"": ""trimmed_mean_pool2"", ""confidence"": 0.4118, ""probability_of_chosen"": 0.3722, ""probabilities"": {""mean_pool_full"": 0.0007, ""median_pool_full"": 0.0172, ""trimmed_mean_pool_full"": 0.3135, ""mean_pool4"": 0.0005, ""median_pool4"": 0.0028, ""trimmed_mean_pool4"": 0.0185, ""mean_pool1"": 0.0015, ""median_pool1"": 0.0241, ""trimmed_mean_pool1"": 0.1424, ""mean_pool2"": 0.0013, ""median_pool2"": 0.0699, ""trimmed_mean_pool2"": 0.3722, ""best_THETA"": 0.0044, ""best_NaiveMovingAverage"": 0.0143, ""best_ETS"": 0.0016, ""accept"": 0.0149}, ""input_tokens"": 1532, ""score"": 0.705, ""rank"": 6, ""already_tested"": true}, {""iteration"": 3, ""action"": ""trimmed_mean_pool2"", ""confidence"": 0.4118, ""probability_of_chosen"": 0.3722, ""probabilities"": {""mean_pool_full"": 0.0007, ""median_pool_full"": 0.0172, ""trimmed_mean_pool_full"": 0.3135, ""mean_pool4"": 0.0005, ""median_pool4"": 0.0028, ""trimmed_mean_pool4"": 0.0185, ""mean_pool1"": 0.0015, ""median_pool1"": 0.0241, ""trimmed_mean_pool1"": 0.1424, ""mean_pool2"": 0.0013, ""median_pool2"": 0.0699, ""trimmed_mean_pool2"": 0.3722, ""best_THETA"": 0.0044, ""best_NaiveMovingAverage"": 0.0143, ""best_ETS"": 0.0016, ""accept"": 0.0149}, ""input_tokens"": 1532, ""score"": 0.705, ""rank"": 6, ""already_tested"": true}]}, ""score"": 0.6517}";baseline;3;no new information in 3 consecutive turns;0.2623760780106259;12.128068760249011;laya_multilingual_laya_v0_ml8192
125;12;orchestrator_laya_laya_v0_ml8192;0.5655015042354595;63.63636363636363;0.2660691827586232;21.488591161847815;0.26580091037755044;14.826235244035088;[[65.168, 93.153, 61.0, 75.0, 55.488, 65.231, 65.0, 91.584, 88.0, 60.555, 68.14, 10.0]];[[61.23487185789474, 60.535856249473696, 54.97321897789475, 57.080626179999996, 54.28753185, 58.41948570894738, 67.97053281578948, 64.48904019000001, 64.67494192157895, 60.938571997894734, 65.04086139105262, 62.533152441578956]];2023-12-31 00:00:00;2024-11-30 00:00:00;"{""strategy"": {""combine"": ""mean"", ""pool"": ""pool_full""}, ""origin"": ""baseline"", ""loop"": {""final_attempt"": ""a1"", ""strategy"": {""combine"": ""mean"", ""pool"": ""pool_full""}, ""iterations_used"": 4, ""stop_reason"": ""no new information in 3 consecutive turns"", ""trace"": [{""iteration"": 1, ""action"": ""best_ONLY_FT_rf"", ""confidence"": 0.4545, ""probability_of_chosen"": 0.4258, ""probabilities"": {""mean_pool_full"": 0.0027, ""median_pool_full"": 0.0078, ""trimmed_mean_pool_full"": 0.0387, ""mean_pool1"": 0.0021, ""median_pool1"": 0.001, ""trimmed_mean_pool1"": 0.0213, ""mean_pool2"": 0.0027, ""median_pool2"": 0.0198, ""trimmed_mean_pool2"": 0.3368, ""mean_pool3"": 0.0004, ""median_pool3"": 0.0036, ""trimmed_mean_pool3"": 0.0965, ""best_catboost"": 0.0022, ""best_NaiveMovingAverage"": 0.0076, ""best_ONLY_FT_rf"": 0.4258, ""accept"": 0.031}, ""input_tokens"": 1515, ""score"": 0.7086, ""rank"": 3, ""already_tested"": false}, {""iteration"": 2, ""action"": ""best_ONLY_FT_rf"", ""confidence"": 0.6034, ""probability_of_chosen"": 0.6075, ""probabilities"": {""mean_pool_full"": 0.0001, ""median_pool_full"": 0.001, ""trimmed_mean_pool_full"": 0.1314, ""mean_pool4"": 0.0005, ""median_pool4"": 0.0004, ""trimmed_mean_pool4"": 0.0018, ""mean_pool1"": 0.0004, ""median_pool1"": 0.0018, ""trimmed_mean_pool1"": 0.019, ""mean_pool2"": 0.0002, ""median_pool2"": 0.0006, ""trimmed_mean_pool2"": 0.22, ""best_catboost"": 0.001, ""best_NaiveMovingAverage"": 0.0027, ""best_ONLY_FT_rf"": 0.6075, ""accept"": 0.0116}, ""input_tokens"": 1521, ""score"": 0.7086, ""rank"": 3, ""already_tested"": true}, {""iteration"": 3, ""action"": ""best_ONLY_FT_rf"", ""confidence"": 0.6034, ""probability_of_chosen"": 0.6075, ""probabilities"": {""mean_pool_full"": 0.0001, ""median_pool_full"": 0.001, ""trimmed_mean_pool_full"": 0.1314, ""mean_pool4"": 0.0005, ""median_pool4"": 0.0004, ""trimmed_mean_pool4"": 0.0018, ""mean_pool1"": 0.0004, ""median_pool1"": 0.0018, ""trimmed_mean_pool1"": 0.019, ""mean_pool2"": 0.0002, ""median_pool2"": 0.0006, ""trimmed_mean_pool2"": 0.22, ""best_catboost"": 0.001, ""best_NaiveMovingAverage"": 0.0027, ""best_ONLY_FT_rf"": 0.6075, ""accept"": 0.0116}, ""input_tokens"": 1521, ""score"": 0.7086, ""rank"": 3, ""already_tested"": true}, {""iteration"": 4, ""action"": ""best_ONLY_FT_rf"", ""confidence"": 0.6034, ""probability_of_chosen"": 0.6075, ""probabilities"": {""mean_pool_full"": 0.0001, ""median_pool_full"": 0.001, ""trimmed_mean_pool_full"": 0.1314, ""mean_pool4"": 0.0005, ""median_pool4"": 0.0004, ""trimmed_mean_pool4"": 0.0018, ""mean_pool1"": 0.0004, ""median_pool1"": 0.0018, ""trimmed_mean_pool1"": 0.019, ""mean_pool2"": 0.0002, ""median_pool2"": 0.0006, ""trimmed_mean_pool2"": 0.22, ""best_catboost"": 0.001, ""best_NaiveMovingAverage"": 0.0027, ""best_ONLY_FT_rf"": 0.6075, ""accept"": 0.0116}, ""input_tokens"": 1521, ""score"": 0.7086, ""rank"": 3, ""already_tested"": true}]}, ""score"": 0.703}";baseline;4;no new information in 3 consecutive turns;0.2660691827586232;21.488591161847815;laya_multilingual_laya_v0_ml8192
126;12;orchestrator_laya_laya_v0_ml8192;3.638137161104556;63.63636363636363;0.6309749762181629;7.116807370414049;0.6269294188077915;6.287318403214286;[[12.649, 15.488, 17.496, 10.0, 0.193, 17.425, 15.133, 20.287, 10.321, 5.0, 20.05, 10.385]];[[8.451168087142857, 7.7867330528571435, 9.185821344285714, 8.30538099, 7.72058166, 8.671105587142858, 8.976067274285715, 8.059356768571428, 7.702927964285714, 8.359622301428573, 9.306988584285715, 8.227833469999998]];2023-12-31 00:00:00;2024-11-30 00:00:00;"{""strategy"": {""combine"": ""mean"", ""pool"": ""pool2""}, ""origin"": ""baseline"", ""loop"": {""final_attempt"": ""a6"", ""strategy"": {""combine"": ""mean"", ""pool"": ""pool2""}, ""iterations_used"": 4, ""stop_reason"": ""no new information in 3 consecutive turns"", ""trace"": [{""iteration"": 1, ""action"": ""median_pool2"", ""confidence"": 0.4058, ""probability_of_chosen"": 0.4456, ""probabilities"": {""mean_pool_full"": 0.0019, ""median_pool_full"": 0.05, ""trimmed_mean_pool_full"": 0.0678, ""mean_pool1"": 0.0018, ""median_pool1"": 0.0048, ""trimmed_mean_pool1"": 0.0122, ""mean_pool2"": 0.0011, ""median_pool2"": 0.4456, ""trimmed_mean_pool2"": 0.1002, ""mean_pool3"": 0.0003, ""median_pool3"": 0.0213, ""trimmed_mean_pool3"": 0.0046, ""best_FT_rf"": 0.2499, ""best_ARIMA"": 0.0018, ""best_ONLY_CWT_rf"": 0.0174, ""accept"": 0.0191}, ""input_tokens"": 1481, ""score"": 0.7281, ""rank"": 6, ""already_tested"": false}, {""iteration"": 2, ""action"": ""median_pool2"", ""confidence"": 0.9912, ""probability_of_chosen"": 0.9971, ""probabilities"": {""mean_pool_full"": 0.0, ""median_pool_full"": 0.0001, ""trimmed_mean_pool_full"": 0.0018, ""mean_pool4"": 0.0, ""median_pool4"": 0.0, ""trimmed_mean_pool4"": 0.0, ""mean_pool1"": 0.0, ""median_pool1"": 0.0001, ""trimmed_mean_pool1"": 0.0001, ""mean_pool2"": 0.0, ""median_pool2"": 0.9971, ""trimmed_mean_pool2"": 0.0, ""best_FT_rf"": 0.0002, ""best_ARIMA"": 0.0, ""best_ONLY_CWT_rf"": 0.0002, ""accept"": 0.0003}, ""input_tokens"": 1474, ""score"": 0.7281, ""rank"": 6, ""already_tested"": true}, {""iteration"": 3, ""action"": ""median_pool2"", ""confidence"": 0.9912, ""probability_of_chosen"": 0.9971, ""probabilities"": {""mean_pool_full"": 0.0, ""median_pool_full"": 0.0001, ""trimmed_mean_pool_full"": 0.0018, ""mean_pool4"": 0.0, ""median_pool4"": 0.0, ""trimmed_mean_pool4"": 0.0, ""mean_pool1"": 0.0, ""median_pool1"": 0.0001, ""trimmed_mean_pool1"": 0.0001, ""mean_pool2"": 0.0, ""median_pool2"": 0.9971, ""trimmed_mean_pool2"": 0.0, ""best_FT_rf"": 0.0002, ""best_ARIMA"": 0.0, ""best_ONLY_CWT_rf"": 0.0002, ""accept"": 0.0003}, ""input_tokens"": 1474, ""score"": 0.7281, ""rank"": 6, ""already_tested"": true}, {""iteration"": 4, ""action"": ""median_pool2"", ""confidence"": 0.9912, ""probability_of_chosen"": 0.9971, ""probabilities"": {""mean_pool_full"": 0.0, ""median_pool_full"": 0.0001, ""trimmed_mean_pool_full"": 0.0018, ""mean_pool4"": 0.0, ""median_pool4"": 0.0, ""trimmed_mean_pool4"": 0.0, ""mean_pool1"": 0.0, ""median_pool1"": 0.0001, ""trimmed_mean_pool1"": 0.0001, ""mean_pool2"": 0.0, ""median_pool2"": 0.9971, ""trimmed_mean_pool2"": 0.0, ""best_FT_rf"": 0.0002, ""best_ARIMA"": 0.0, ""best_ONLY_CWT_rf"": 0.0002, ""accept"": 0.0003}, ""input_tokens"": 1474, ""score"": 0.7281, ""rank"": 6, ""already_tested"": true}]}, ""score"": 0.7071}";baseline;4;no new information in 3 consecutive turns;0.6309749762181629;7.116807370414049;laya_multilingual_laya_v0_ml8192
127;12;orchestrator_laya_laya_v0_ml8192;0.04000142717232294;81.81818181818181;0.03953313174269683;13916.34057584597;0.03953312484969994;11440.86912292334;[[255901.621, 247515.348, 278535.346, 284095.135, 292412.269, 294185.443, 303511.586, 331075.169, 314231.165, 297572.02, 334143.39, 271518.605]];[[244342.362616722, 235532.89021391398, 286911.139893568, 304747.21841255, 275719.205345902, 293496.186963546, 305836.81024342, 331662.825532558, 335599.713322168, 322380.02305763203, 328670.17188429, 284294.471037558]];2023-12-31 00:00:00;2024-11-30 00:00:00;"{""strategy"": {""combine"": ""trimmed_mean"", ""pool"": ""pool2"", ""trim_pct"": 0.2}, ""origin"": ""baseline"", ""loop"": {""final_attempt"": ""a7"", ""strategy"": {""combine"": ""trimmed_mean"", ""pool"": ""pool2"", ""trim_pct"": 0.2}, ""iterations_used"": 5, ""stop_reason"": ""no new information in 3 consecutive turns"", ""trace"": [{""iteration"": 1, ""action"": ""median_pool2"", ""confidence"": 0.8815, ""probability_of_chosen"": 0.9206, ""probabilities"": {""mean_pool_full"": 0.0001, ""median_pool_full"": 0.0024, ""trimmed_mean_pool_full"": 0.0004, ""mean_pool1"": 0.0, ""median_pool1"": 0.0001, ""trimmed_mean_pool1"": 0.0, ""mean_pool2"": 0.0, ""median_pool2"": 0.9206, ""trimmed_mean_pool2"": 0.0001, ""mean_pool3"": 0.0, ""median_pool3"": 0.0076, ""trimmed_mean_pool3"": 0.0, ""best_DWT_catboost"": 0.0002, ""best_CWT_catboost"": 0.0004, ""best_ONLY_CWT_rf"": 0.0667, ""accept"": 0.0014}, ""input_tokens"": 1660, ""score"": 0.55, ""rank"": 2, ""already_tested"": false}, {""iteration"": 2, ""action"": ""best_ONLY_CWT_rf"", ""confidence"": 0.6807, ""probability_of_chosen"": 0.7655, ""probabilities"": {""mean_pool_full"": 0.0002, ""median_pool_full"": 0.004, ""trimmed_mean_pool_full"": 0.0146, ""mean_pool4"": 0.0001, ""median_pool4"": 0.0012, ""trimmed_mean_pool4"": 0.0006, ""mean_pool1"": 0.0001, ""median_pool1"": 0.0886, ""trimmed_mean_pool1"": 0.0133, ""mean_pool2"": 0.0001, ""median_pool2"": 0.0958, ""trimmed_mean_pool2"": 0.0031, ""best_DWT_catboost"": 0.0009, ""best_CWT_catboost"": 0.0026, ""best_ONLY_CWT_rf"": 0.7655, ""accept"": 0.0093}, ""input_tokens"": 1653, ""score"": 0.5565, ""rank"": 4, ""already_tested"": false}, {""iteration"": 3, ""action"": ""median_pool2"", ""confidence"": 0.6428, ""probability_of_chosen"": 0.6458, ""probabilities"": {""mean_pool_full"": 0.0003, ""median_pool_full"": 0.0039, ""trimmed_mean_pool_full"": 0.0271, ""mean_pool4"": 0.0001, ""median_pool4"": 0.0008, ""trimmed_mean_pool4"": 0.0009, ""mean_pool1"": 0.0001, ""median_pool1"": 0.0309, ""trimmed_mean_pool1"": 0.0059, ""mean_pool2"": 0.0001, ""median_pool2"": 0.6458, ""trimmed_mean_pool2"": 0.0015, ""best_DWT_catboost"": 0.0021, ""best_CWT_catboost"": 0.0049, ""best_ONLY_CWT_rf"": 0.2692, ""accept"": 0.0066}, ""input_tokens"": 1658, ""score"": 0.55, ""rank"": 2, ""already_tested"": true}, {""iteration"": 4, ""action"": ""median_pool2"", ""confidence"": 0.6428, ""probability_of_chosen"": 0.6458, ""probabilities"": {""mean_pool_full"": 0.0003, ""median_pool_full"": 0.0039, ""trimmed_mean_pool_full"": 0.0271, ""mean_pool4"": 0.0001, ""median_pool4"": 0.0008, ""trimmed_mean_pool4"": 0.0009, ""mean_pool1"": 0.0001, ""median_pool1"": 0.0309, ""trimmed_mean_pool1"": 0.0059, ""mean_pool2"": 0.0001, ""median_pool2"": 0.6458, ""trimmed_mean_pool2"": 0.0015, ""best_DWT_catboost"": 0.0021, ""best_CWT_catboost"": 0.0049, ""best_ONLY_CWT_rf"": 0.2692, ""accept"": 0.0066}, ""input_tokens"": 1658, ""score"": 0.55, ""rank"": 2, ""already_tested"": true}, {""iteration"": 5, ""action"": ""median_pool2"", ""confidence"": 0.6428, ""probability_of_chosen"": 0.6458, ""probabilities"": {""mean_pool_full"": 0.0003, ""median_pool_full"": 0.0039, ""trimmed_mean_pool_full"": 0.0271, ""mean_pool4"": 0.0001, ""median_pool4"": 0.0008, ""trimmed_mean_pool4"": 0.0009, ""mean_pool1"": 0.0001, ""median_pool1"": 0.0309, ""trimmed_mean_pool1"": 0.0059, ""mean_pool2"": 0.0001, ""median_pool2"": 0.6458, ""trimmed_mean_pool2"": 0.0015, ""best_DWT_catboost"": 0.0021, ""best_CWT_catboost"": 0.0049, ""best_ONLY_CWT_rf"": 0.2692, ""accept"": 0.0066}, ""input_tokens"": 1658, ""score"": 0.55, ""rank"": 2, ""already_tested"": true}]}, ""score"": 0.5431}";baseline;5;no new information in 3 consecutive turns;0.03953313174269683;13916.34057584597;laya_multilingual_laya_v0_ml8192
128;12;orchestrator_laya_laya_v0_ml8192;0.03376206063900868;36.36363636363637;0.03373883806509944;325.634266747362;0.03373861697662736;257.5981997008333;[[7594.860507, 7388.097826, 7424.096014, 7296.472826, 7816.65942, 8147.70471, 7382.155797, 8121.331522, 7624.826087, 7084.311594, 7600.376812, 7499.721014]];[[7804.75593799, 7359.81766841, 7417.5878055, 7760.81549548, 7528.00973549, 7613.63812159, 7640.53465837, 7582.05236991, 7681.67752813, 7598.33664189, 7496.65233871, 7586.89769516]];2023-12-31 00:00:00;2024-11-30 00:00:00;"{""strategy"": {""combine"": ""best_single"", ""model"": ""ONLY_CWT_catboost"", ""pool"": ""pool_full""}, ""origin"": ""agent"", ""loop"": {""final_attempt"": ""a10"", ""strategy"": {""combine"": ""best_single"", ""model"": ""ONLY_CWT_catboost"", ""pool"": ""pool_full""}, ""iterations_used"": 4, ""stop_reason"": ""no new information in 3 consecutive turns"", ""trace"": [{""iteration"": 1, ""action"": ""best_ONLY_CWT_catboost"", ""confidence"": 0.4799, ""probability_of_chosen"": 0.6536, ""probabilities"": {""mean_pool_full"": 0.001, ""median_pool_full"": 0.0226, ""trimmed_mean_pool_full"": 0.0728, ""mean_pool1"": 0.0159, ""median_pool1"": 0.0119, ""trimmed_mean_pool1"": 0.0177, ""mean_pool2"": 0.0085, ""median_pool2"": 0.0487, ""trimmed_mean_pool2"": 0.0429, ""mean_pool3"": 0.0013, ""median_pool3"": 0.0421, ""trimmed_mean_pool3"": 0.0346, ""best_THETA"": 0.0036, ""best_ETS"": 0.0008, ""best_ONLY_CWT_catboost"": 0.6536, ""accept"": 0.0222}, ""input_tokens"": 1563, ""score"": 0.5897, ""rank"": 1, ""already_tested"": false}, {""iteration"": 2, ""action"": ""best_ONLY_CWT_catboost"", ""confidence"": 0.6955, ""probability_of_chosen"": 0.816, ""probabilities"": {""mean_pool_full"": 0.0002, ""median_pool_full"": 0.0203, ""trimmed_mean_pool_full"": 0.0526, ""mean_pool4"": 0.0011, ""median_pool4"": 0.0014, ""trimmed_mean_pool4"": 0.0028, ""mean_pool1"": 0.0012, ""median_pool1"": 0.0055, ""trimmed_mean_pool1"": 0.0161, ""mean_pool2"": 0.0013, ""median_pool2"": 0.0281, ""trimmed_mean_pool2"": 0.0376, ""best_THETA"": 0.0024, ""best_ETS"": 0.0002, ""best_ONLY_CWT_catboost"": 0.816, ""accept"": 0.0132}, ""input_tokens"": 1569, ""score"": 0.5897, ""rank"": 1, ""already_tested"": true}, {""iteration"": 3, ""action"": ""best_ONLY_CWT_catboost"", ""confidence"": 0.6955, ""probability_of_chosen"": 0.816, ""probabilities"": {""mean_pool_full"": 0.0002, ""median_pool_full"": 0.0203, ""trimmed_mean_pool_full"": 0.0526, ""mean_pool4"": 0.0011, ""median_pool4"": 0.0014, ""trimmed_mean_pool4"": 0.0028, ""mean_pool1"": 0.0012, ""median_pool1"": 0.0055, ""trimmed_mean_pool1"": 0.0161, ""mean_pool2"": 0.0013, ""median_pool2"": 0.0281, ""trimmed_mean_pool2"": 0.0376, ""best_THETA"": 0.0024, ""best_ETS"": 0.0002, ""best_ONLY_CWT_catboost"": 0.816, ""accept"": 0.0132}, ""input_tokens"": 1569, ""score"": 0.5897, ""rank"": 1, ""already_tested"": true}, {""iteration"": 4, ""action"": ""best_ONLY_CWT_catboost"", ""confidence"": 0.6955, ""probability_of_chosen"": 0.816, ""probabilities"": {""mean_pool_full"": 0.0002, ""median_pool_full"": 0.0203, ""trimmed_mean_pool_full"": 0.0526, ""mean_pool4"": 0.0011, ""median_pool4"": 0.0014, ""trimmed_mean_pool4"": 0.0028, ""mean_pool1"": 0.0012, ""median_pool1"": 0.0055, ""trimmed_mean_pool1"": 0.0161, ""mean_pool2"": 0.0013, ""median_pool2"": 0.0281, ""trimmed_mean_pool2"": 0.0376, ""best_THETA"": 0.0024, ""best_ETS"": 0.0002, ""best_ONLY_CWT_catboost"": 0.816, ""accept"": 0.0132}, ""input_tokens"": 1569, ""score"": 0.5897, ""rank"": 1, ""already_tested"": true}]}, ""score"": 0.5897}";agent;4;no new information in 3 consecutive turns;0.03604216981670629;322.64908479169947;laya_multilingual_laya_v0_ml8192
129;12;orchestrator_laya_laya_v0_ml8192;0.036626729022441885;72.72727272727273;0.03664742669690009;3704.4066816094023;0.03664740548821234;3185.6965067759957;[[78503.32971, 78698.16304, 76465.09783, 78393.86775, 84695.93297, 88695.03442, 87552.64674, 100002.3967, 96611.63768, 83613.08877, 91017.15761, 83176.77536]];[[79324.239246324, 75403.537559906, 74846.511109752, 83998.39306946401, 82699.32317184401, 89935.01051909999, 92775.978914326, 93528.48840192801, 92503.48635485998, 87058.24778686199, 87090.105045912, 83652.29710943799]];2023-12-31 00:00:00;2024-11-30 00:00:00;"{""strategy"": {""combine"": ""mean"", ""pool"": ""pool1""}, ""origin"": ""baseline"", ""loop"": {""final_attempt"": ""a4"", ""strategy"": {""combine"": ""mean"", ""pool"": ""pool1""}, ""iterations_used"": 4, ""stop_reason"": ""no new information in 3 consecutive turns"", ""trace"": [{""iteration"": 1, ""action"": ""best_DWT_rf"", ""confidence"": 0.5701, ""probability_of_chosen"": 0.7182, ""probabilities"": {""mean_pool_full"": 0.0018, ""median_pool_full"": 0.0112, ""trimmed_mean_pool_full"": 0.0117, ""mean_pool1"": 0.0056, ""median_pool1"": 0.0034, ""trimmed_mean_pool1"": 0.0029, ""mean_pool2"": 0.0064, ""median_pool2"": 0.0906, ""trimmed_mean_pool2"": 0.0201, ""mean_pool3"": 0.002, ""median_pool3"": 0.0318, ""trimmed_mean_pool3"": 0.0258, ""best_rf"": 0.0009, ""best_DWT_rf"": 0.7182, ""best_FT_rf"": 0.0466, ""accept"": 0.0211}, ""input_tokens"": 1647, ""score"": 0.4953, ""rank"": 3, ""already_tested"": false}, {""iteration"": 2, ""action"": ""best_DWT_rf"", ""confidence"": 0.3296, ""probability_of_chosen"": 0.4222, ""probabilities"": {""mean_pool_full"": 0.0028, ""median_pool_full"": 0.0101, ""trimmed_mean_pool_full"": 0.1603, ""mean_pool4"": 0.0073, ""median_pool4"": 0.015, ""trimmed_mean_pool4"": 0.0139, ""mean_pool1"": 0.0044, ""median_pool1"": 0.0249, ""trimmed_mean_pool1"": 0.0191, ""mean_pool2"": 0.0104, ""median_pool2"": 0.1414, ""trimmed_mean_pool2"": 0.0302, ""best_rf"": 0.0017, ""best_DWT_rf"": 0.4222, ""best_FT_rf"": 0.1027, ""accept"": 0.0336}, ""input_tokens"": 1644, ""score"": 0.4953, ""rank"": 3, ""already_tested"": true}, {""iteration"": 3, ""action"": ""best_DWT_rf"", ""confidence"": 0.3296, ""probability_of_chosen"": 0.4222, ""probabilities"": {""mean_pool_full"": 0.0028, ""median_pool_full"": 0.0101, ""trimmed_mean_pool_full"": 0.1603, ""mean_pool4"": 0.0073, ""median_pool4"": 0.015, ""trimmed_mean_pool4"": 0.0139, ""mean_pool1"": 0.0044, ""median_pool1"": 0.0249, ""trimmed_mean_pool1"": 0.0191, ""mean_pool2"": 0.0104, ""median_pool2"": 0.1414, ""trimmed_mean_pool2"": 0.0302, ""best_rf"": 0.0017, ""best_DWT_rf"": 0.4222, ""best_FT_rf"": 0.1027, ""accept"": 0.0336}, ""input_tokens"": 1644, ""score"": 0.4953, ""rank"": 3, ""already_tested"": true}, {""iteration"": 4, ""action"": ""best_DWT_rf"", ""confidence"": 0.3296, ""probability_of_chosen"": 0.4222, ""probabilities"": {""mean_pool_full"": 0.0028, ""median_pool_full"": 0.0101, ""trimmed_mean_pool_full"": 0.1603, ""mean_pool4"": 0.0073, ""median_pool4"": 0.015, ""trimmed_mean_pool4"": 0.0139, ""mean_pool1"": 0.0044, ""median_pool1"": 0.0249, ""trimmed_mean_pool1"": 0.0191, ""mean_pool2"": 0.0104, ""median_pool2"": 0.1414, ""trimmed_mean_pool2"": 0.0302, ""best_rf"": 0.0017, ""best_DWT_rf"": 0.4222, ""best_FT_rf"": 0.1027, ""accept"": 0.0336}, ""input_tokens"": 1644, ""score"": 0.4953, ""rank"": 3, ""already_tested"": true}]}, ""score"": 0.4777}";baseline;4;no new information in 3 consecutive turns;0.03664742669690009;3704.4066816094023;laya_multilingual_laya_v0_ml8192
130;12;orchestrator_laya_laya_v0_ml8192;0.05045300793315097;90.9090909090909;0.05154555847389627;2145.1449589074973;0.05154548473435428;1833.187665198667;[[40199.015, 39247.586, 34989.5, 35175.5, 33086.272, 31709.0, 27789.91, 31911.0, 35056.0, 37412.813, 44631.015, 42617.883]];[[41217.73556221, 39495.64195858, 35675.912950998005, 36318.854099136, 30939.126193668002, 30429.95749597, 29755.082181031998, 30307.529523196, 32445.790248438, 35002.775896982, 39897.641619846, 40464.625791472]];2023-12-31 00:00:00;2024-11-30 00:00:00;"{""strategy"": {""combine"": ""mean"", ""pool"": ""pool1""}, ""origin"": ""baseline"", ""loop"": {""final_attempt"": ""a4"", ""strategy"": {""combine"": ""mean"", ""pool"": ""pool1""}, ""iterations_used"": 4, ""stop_reason"": ""no new information in 3 consecutive turns"", ""trace"": [{""iteration"": 1, ""action"": ""median_pool2"", ""confidence"": 0.741, ""probability_of_chosen"": 0.8638, ""probabilities"": {""mean_pool_full"": 0.0008, ""median_pool_full"": 0.0174, ""trimmed_mean_pool_full"": 0.0154, ""mean_pool1"": 0.0028, ""median_pool1"": 0.0082, ""trimmed_mean_pool1"": 0.0051, ""mean_pool2"": 0.0063, ""median_pool2"": 0.8638, ""trimmed_mean_pool2"": 0.0119, ""mean_pool3"": 0.001, ""median_pool3"": 0.0174, ""trimmed_mean_pool3"": 0.0154, ""best_THETA"": 0.0074, ""best_ETS"": 0.0007, ""best_ARIMA"": 0.0011, ""accept"": 0.0251}, ""input_tokens"": 1606, ""score"": 0.695, ""rank"": 8, ""already_tested"": false}, {""iteration"": 2, ""action"": ""median_pool2"", ""confidence"": 0.3729, ""probability_of_chosen"": 0.5136, ""probabilities"": {""mean_pool_full"": 0.0013, ""median_pool_full"": 0.0684, ""trimmed_mean_pool_full"": 0.0703, ""mean_pool4"": 0.0065, ""median_pool4"": 0.0201, ""trimmed_mean_pool4"": 0.0056, ""mean_pool1"": 0.0146, ""median_pool1"": 0.1393, ""trimmed_mean_pool1"": 0.0433, ""mean_pool2"": 0.0188, ""median_pool2"": 0.5136, ""trimmed_mean_pool2"": 0.0378, ""best_THETA"": 0.0076, ""best_ETS"": 0.0013, ""best_ARIMA"": 0.002, ""accept"": 0.0495}, ""input_tokens"": 1606, ""score"": 0.695, ""rank"": 8, ""already_tested"": true}, {""iteration"": 3, ""action"": ""median_pool2"", ""confidence"": 0.3729, ""probability_of_chosen"": 0.5136, ""probabilities"": {""mean_pool_full"": 0.0013, ""median_pool_full"": 0.0684, ""trimmed_mean_pool_full"": 0.0703, ""mean_pool4"": 0.0065, ""median_pool4"": 0.0201, ""trimmed_mean_pool4"": 0.0056, ""mean_pool1"": 0.0146, ""median_pool1"": 0.1393, ""trimmed_mean_pool1"": 0.0433, ""mean_pool2"": 0.0188, ""median_pool2"": 0.5136, ""trimmed_mean_pool2"": 0.0378, ""best_THETA"": 0.0076, ""best_ETS"": 0.0013, ""best_ARIMA"": 0.002, ""accept"": 0.0495}, ""input_tokens"": 1606, ""score"": 0.695, ""rank"": 8, ""already_tested"": true}, {""iteration"": 4, ""action"": ""median_pool2"", ""confidence"": 0.3729, ""probability_of_chosen"": 0.5136, ""probabilities"": {""mean_pool_full"": 0.0013, ""median_pool_full"": 0.0684, ""trimmed_mean_pool_full"": 0.0703, ""mean_pool4"": 0.0065, ""median_pool4"": 0.0201, ""trimmed_mean_pool4"": 0.0056, ""mean_pool1"": 0.0146, ""median_pool1"": 0.1393, ""trimmed_mean_pool1"": 0.0433, ""mean_pool2"": 0.0188, ""median_pool2"": 0.5136, ""trimmed_mean_pool2"": 0.0378, ""best_THETA"": 0.0076, ""best_ETS"": 0.0013, ""best_ARIMA"": 0.002, ""accept"": 0.0495}, ""input_tokens"": 1606, ""score"": 0.695, ""rank"": 8, ""already_tested"": true}]}, ""score"": 0.6133}";baseline;4;no new information in 3 consecutive turns;0.05154555847389627;2145.1449589074973;laya_multilingual_laya_v0_ml8192
131;12;orchestrator_laya_laya_v0_ml8192;0.07896547485379118;81.81818181818181;0.08321712525918325;4062.16839972773;0.0832170265984605;3521.6618409648813;[[42433.19, 41821.61, 39332.79, 41220.83, 41737.73, 42663.705, 38019.16, 45440.39, 47111.29, 45809.39, 48747.54, 46769.68]];[[43508.36926164286, 40555.115819107144, 36808.11967306857, 39413.07807815001, 36495.27526728286, 38245.13276358286, 38135.452671098574, 38879.58600138572, 41694.05690685428, 42038.37538053286, 42885.83794319142, 42571.90700800715]];2023-12-31 00:00:00;2024-11-30 00:00:00;"{""strategy"": {""combine"": ""trimmed_mean"", ""pool"": ""pool3"", ""trim_pct"": 0.2}, ""origin"": ""baseline"", ""loop"": {""final_attempt"": ""a9"", ""strategy"": {""combine"": ""trimmed_mean"", ""pool"": ""pool3"", ""trim_pct"": 0.2}, ""iterations_used"": 4, ""stop_reason"": ""no new information in 3 consecutive turns"", ""trace"": [{""iteration"": 1, ""action"": ""median_pool2"", ""confidence"": 0.4644, ""probability_of_chosen"": 0.3851, ""probabilities"": {""mean_pool_full"": 0.0005, ""median_pool_full"": 0.0229, ""trimmed_mean_pool_full"": 0.0056, ""mean_pool1"": 0.0007, ""median_pool1"": 0.0038, ""trimmed_mean_pool1"": 0.0013, ""mean_pool2"": 0.0008, ""median_pool2"": 0.3851, ""trimmed_mean_pool2"": 0.0542, ""mean_pool3"": 0.0003, ""median_pool3"": 0.3561, ""trimmed_mean_pool3"": 0.0175, ""best_FT_rf"": 0.1331, ""best_FT_catboost"": 0.0068, ""best_CWT_rf"": 0.0021, ""accept"": 0.0092}, ""input_tokens"": 1612, ""score"": 0.6473, ""rank"": 8, ""already_tested"": false}, {""iteration"": 2, ""action"": ""median_pool2"", ""confidence"": 0.9621, ""probability_of_chosen"": 0.9855, ""probabilities"": {""mean_pool_full"": 0.0, ""median_pool_full"": 0.0014, ""trimmed_mean_pool_full"": 0.0016, ""mean_pool4"": 0.0, ""median_pool4"": 0.0003, ""trimmed_mean_pool4"": 0.0002, ""mean_pool1"": 0.0, ""median_pool1"": 0.0018, ""trimmed_mean_pool1"": 0.0008, ""mean_pool2"": 0.0, ""median_pool2"": 0.9855, ""trimmed_mean_pool2"": 0.0019, ""best_FT_rf"": 0.0052, ""best_FT_catboost"": 0.0004, ""best_CWT_rf"": 0.0002, ""accept"": 0.0008}, ""input_tokens"": 1612, ""score"": 0.6473, ""rank"": 8, ""already_tested"": true}, {""iteration"": 3, ""action"": ""median_pool2"", ""confidence"": 0.9621, ""probability_of_chosen"": 0.9855, ""probabilities"": {""mean_pool_full"": 0.0, ""median_pool_full"": 0.0014, ""trimmed_mean_pool_full"": 0.0016, ""mean_pool4"": 0.0, ""median_pool4"": 0.0003, ""trimmed_mean_pool4"": 0.0002, ""mean_pool1"": 0.0, ""median_pool1"": 0.0018, ""trimmed_mean_pool1"": 0.0008, ""mean_pool2"": 0.0, ""median_pool2"": 0.9855, ""trimmed_mean_pool2"": 0.0019, ""best_FT_rf"": 0.0052, ""best_FT_catboost"": 0.0004, ""best_CWT_rf"": 0.0002, ""accept"": 0.0008}, ""input_tokens"": 1612, ""score"": 0.6473, ""rank"": 8, ""already_tested"": true}, {""iteration"": 4, ""action"": ""median_pool2"", ""confidence"": 0.9621, ""probability_of_chosen"": 0.9855, ""probabilities"": {""mean_pool_full"": 0.0, ""median_pool_full"": 0.0014, ""trimmed_mean_pool_full"": 0.0016, ""mean_pool4"": 0.0, ""median_pool4"": 0.0003, ""trimmed_mean_pool4"": 0.0002, ""mean_pool1"": 0.0, ""median_pool1"": 0.0018, ""trimmed_mean_pool1"": 0.0008, ""mean_pool2"": 0.0, ""median_pool2"": 0.9855, ""trimmed_mean_pool2"": 0.0019, ""best_FT_rf"": 0.0052, ""best_FT_catboost"": 0.0004, ""best_CWT_rf"": 0.0002, ""accept"": 0.0008}, ""input_tokens"": 1612, ""score"": 0.6473, ""rank"": 8, ""already_tested"": true}]}, ""score"": 0.5969}";baseline;4;no new information in 3 consecutive turns;0.08321712525918325;4062.16839972773;laya_multilingual_laya_v0_ml8192
132;12;orchestrator_laya_laya_v0_ml8192;0.270196743110525;72.72727272727273;0.2510165053825253;11.643170822831168;0.2506863536560618;9.848149773833333;[[60.594, 34.506, 32.997, 32.998, 21.702, 47.761, 40.759, 34.371, 47.391, 26.634, 58.0, 32.145]];[[37.599904212, 40.570829001999996, 38.015243643999995, 39.908426578000004, 38.612060148, 40.405484404, 39.50505951, 40.606282082, 40.844704012, 39.96970885, 39.717590369999996, 39.41598949]];2023-12-31 00:00:00;2024-11-30 00:00:00;"{""strategy"": {""combine"": ""trimmed_mean"", ""pool"": ""pool2"", ""trim_pct"": 0.2}, ""origin"": ""baseline"", ""loop"": {""final_attempt"": ""a7"", ""strategy"": {""combine"": ""trimmed_mean"", ""pool"": ""pool2"", ""trim_pct"": 0.2}, ""iterations_used"": 5, ""stop_reason"": ""no new information in 3 consecutive turns"", ""trace"": [{""iteration"": 1, ""action"": ""median_pool2"", ""confidence"": 0.8282, ""probability_of_chosen"": 0.911, ""probabilities"": {""mean_pool_full"": 0.0001, ""median_pool_full"": 0.001, ""trimmed_mean_pool_full"": 0.0327, ""mean_pool1"": 0.0002, ""median_pool1"": 0.0023, ""trimmed_mean_pool1"": 0.0035, ""mean_pool2"": 0.0003, ""median_pool2"": 0.911, ""trimmed_mean_pool2"": 0.0037, ""mean_pool3"": 0.0002, ""median_pool3"": 0.0104, ""trimmed_mean_pool3"": 0.0076, ""best_THETA"": 0.0016, ""best_FT_catboost"": 0.0027, ""best_NaiveMovingAverage"": 0.015, ""accept"": 0.0076}, ""input_tokens"": 1520, ""score"": 0.7201, ""rank"": 5, ""already_tested"": false}, {""iteration"": 2, ""action"": ""trimmed_mean_pool_full"", ""confidence"": 0.4756, ""probability_of_chosen"": 0.3996, ""probabilities"": {""mean_pool_full"": 0.0002, ""median_pool_full"": 0.0115, ""trimmed_mean_pool_full"": 0.3996, ""mean_pool4"": 0.0003, ""median_pool4"": 0.0018, ""trimmed_mean_pool4"": 0.002, ""mean_pool1"": 0.0004, ""median_pool1"": 0.254, ""trimmed_mean_pool1"": 0.0098, ""mean_pool2"": 0.0005, ""median_pool2"": 0.258, ""trimmed_mean_pool2"": 0.012, ""best_THETA"": 0.0023, ""best_FT_catboost"": 0.0061, ""best_NaiveMovingAverage"": 0.0248, ""accept"": 0.0165}, ""input_tokens"": 1521, ""score"": 0.7247, ""rank"": 6, ""already_tested"": false}, {""iteration"": 3, ""action"": ""median_pool2"", ""confidence"": 0.389, ""probability_of_chosen"": 0.3759, ""probabilities"": {""mean_pool_full"": 0.0004, ""median_pool_full"": 0.0062, ""trimmed_mean_pool_full"": 0.2974, ""mean_pool4"": 0.0009, ""median_pool4"": 0.0016, ""trimmed_mean_pool4"": 0.0119, ""mean_pool1"": 0.0008, ""median_pool1"": 0.106, ""trimmed_mean_pool1"": 0.0268, ""mean_pool2"": 0.0019, ""median_pool2"": 0.3759, ""trimmed_mean_pool2"": 0.0384, ""best_THETA"": 0.0036, ""best_FT_catboost"": 0.0099, ""best_NaiveMovingAverage"": 0.0896, ""accept"": 0.0286}, ""input_tokens"": 1526, ""score"": 0.7201, ""rank"": 5, ""already_tested"": true}, {""iteration"": 4, ""action"": ""median_pool2"", ""confidence"": 0.389, ""probability_of_chosen"": 0.3759, ""probabilities"": {""mean_pool_full"": 0.0004, ""median_pool_full"": 0.0062, ""trimmed_mean_pool_full"": 0.2974, ""mean_pool4"": 0.0009, ""median_pool4"": 0.0016, ""trimmed_mean_pool4"": 0.0119, ""mean_pool1"": 0.0008, ""median_pool1"": 0.106, ""trimmed_mean_pool1"": 0.0268, ""mean_pool2"": 0.0019, ""median_pool2"": 0.3759, ""trimmed_mean_pool2"": 0.0384, ""best_THETA"": 0.0036, ""best_FT_catboost"": 0.0099, ""best_NaiveMovingAverage"": 0.0896, ""accept"": 0.0286}, ""input_tokens"": 1526, ""score"": 0.7201, ""rank"": 5, ""already_tested"": true}, {""iteration"": 5, ""action"": ""median_pool2"", ""confidence"": 0.389, ""probability_of_chosen"": 0.3759, ""probabilities"": {""mean_pool_full"": 0.0004, ""median_pool_full"": 0.0062, ""trimmed_mean_pool_full"": 0.2974, ""mean_pool4"": 0.0009, ""median_pool4"": 0.0016, ""trimmed_mean_pool4"": 0.0119, ""mean_pool1"": 0.0008, ""median_pool1"": 0.106, ""trimmed_mean_pool1"": 0.0268, ""mean_pool2"": 0.0019, ""median_pool2"": 0.3759, ""trimmed_mean_pool2"": 0.0384, ""best_THETA"": 0.0036, ""best_FT_catboost"": 0.0099, ""best_NaiveMovingAverage"": 0.0896, ""accept"": 0.0286}, ""input_tokens"": 1526, ""score"": 0.7201, ""rank"": 5, ""already_tested"": true}]}, ""score"": 0.7038}";baseline;5;no new information in 3 consecutive turns;0.2510165053825253;11.643170822831168;laya_multilingual_laya_v0_ml8192
133;12;orchestrator_laya_laya_v0_ml8192;0.1996310985622072;27.272727272727273;0.17990296090138277;55.35305736728508;0.1798672277741635;46.2201688150926;[[229.455, 315.674, 150.897, 254.396, 242.499, 337.444, 290.654, 353.653, 237.838, 259.741, 287.871, 202.554]];[[268.06799949333333, 247.7382694166667, 270.33601626333336, 273.7944258077778, 278.53591840444443, 279.6959486311111, 287.25547011000003, 280.3767627311111, 284.77570270222225, 277.9735615822222, 270.53775014666667, 258.8466025633333]];2023-12-31 00:00:00;2024-11-30 00:00:00;"{""strategy"": {""combine"": ""mean"", ""pool"": ""pool3""}, ""origin"": ""baseline"", ""loop"": {""final_attempt"": ""a8"", ""strategy"": {""combine"": ""mean"", ""pool"": ""pool3""}, ""iterations_used"": 5, ""stop_reason"": ""no new information in 3 consecutive turns"", ""trace"": [{""iteration"": 1, ""action"": ""trimmed_mean_pool2"", ""confidence"": 0.2917, ""probability_of_chosen"": 0.3694, ""probabilities"": {""mean_pool_full"": 0.0328, ""median_pool_full"": 0.03, ""trimmed_mean_pool_full"": 0.2404, ""mean_pool1"": 0.0174, ""median_pool1"": 0.0068, ""trimmed_mean_pool1"": 0.0187, ""mean_pool2"": 0.0381, ""median_pool2"": 0.1002, ""trimmed_mean_pool2"": 0.3694, ""mean_pool3"": 0.0041, ""median_pool3"": 0.0082, ""trimmed_mean_pool3"": 0.0524, ""best_ETS"": 0.0067, ""best_ARIMA"": 0.0022, ""best_DWT_catboost"": 0.0448, ""accept"": 0.0278}, ""input_tokens"": 1512, ""score"": 0.6919, ""rank"": 4, ""already_tested"": true}, {""iteration"": 2, ""action"": ""trimmed_mean_pool_full"", ""confidence"": 0.3708, ""probability_of_chosen"": 0.4939, ""probabilities"": {""mean_pool_full"": 0.0188, ""median_pool_full"": 0.0443, ""trimmed_mean_pool_full"": 0.4939, ""mean_pool4"": 0.0054, ""median_pool4"": 0.0036, ""trimmed_mean_pool4"": 0.0174, ""mean_pool1"": 0.0181, ""median_pool1"": 0.0379, ""trimmed_mean_pool1"": 0.0475, ""mean_pool2"": 0.0186, ""median_pool2"": 0.0308, ""trimmed_mean_pool2"": 0.2091, ""best_ETS"": 0.0041, ""best_ARIMA"": 0.0018, ""best_DWT_catboost"": 0.0274, ""accept"": 0.0212}, ""input_tokens"": 1512, ""score"": 0.7173, ""rank"": 10, ""already_tested"": false}, {""iteration"": 3, ""action"": ""trimmed_mean_pool_full"", ""confidence"": 0.3708, ""probability_of_chosen"": 0.4939, ""probabilities"": {""mean_pool_full"": 0.0188, ""median_pool_full"": 0.0443, ""trimmed_mean_pool_full"": 0.4939, ""mean_pool4"": 0.0054, ""median_pool4"": 0.0036, ""trimmed_mean_pool4"": 0.0174, ""mean_pool1"": 0.0181, ""median_pool1"": 0.0379, ""trimmed_mean_pool1"": 0.0475, ""mean_pool2"": 0.0186, ""median_pool2"": 0.0308, ""trimmed_mean_pool2"": 0.2091, ""best_ETS"": 0.0041, ""best_ARIMA"": 0.0018, ""best_DWT_catboost"": 0.0274, ""accept"": 0.0212}, ""input_tokens"": 1512, ""score"": 0.7173, ""rank"": 10, ""already_tested"": true}, {""iteration"": 4, ""action"": ""trimmed_mean_pool_full"", ""confidence"": 0.3708, ""probability_of_chosen"": 0.4939, ""probabilities"": {""mean_pool_full"": 0.0188, ""median_pool_full"": 0.0443, ""trimmed_mean_pool_full"": 0.4939, ""mean_pool4"": 0.0054, ""median_pool4"": 0.0036, ""trimmed_mean_pool4"": 0.0174, ""mean_pool1"": 0.0181, ""median_pool1"": 0.0379, ""trimmed_mean_pool1"": 0.0475, ""mean_pool2"": 0.0186, ""median_pool2"": 0.0308, ""trimmed_mean_pool2"": 0.2091, ""best_ETS"": 0.0041, ""best_ARIMA"": 0.0018, ""best_DWT_catboost"": 0.0274, ""accept"": 0.0212}, ""input_tokens"": 1512, ""score"": 0.7173, ""rank"": 10, ""already_tested"": true}, {""iteration"": 5, ""action"": ""trimmed_mean_pool_full"", ""confidence"": 0.3708, ""probability_of_chosen"": 0.4939, ""probabilities"": {""mean_pool_full"": 0.0188, ""median_pool_full"": 0.0443, ""trimmed_mean_pool_full"": 0.4939, ""mean_pool4"": 0.0054, ""median_pool4"": 0.0036, ""trimmed_mean_pool4"": 0.0174, ""mean_pool1"": 0.0181, ""median_pool1"": 0.0379, ""trimmed_mean_pool1"": 0.0475, ""mean_pool2"": 0.0186, ""median_pool2"": 0.0308, ""trimmed_mean_pool2"": 0.2091, ""best_ETS"": 0.0041, ""best_ARIMA"": 0.0018, ""best_DWT_catboost"": 0.0274, ""accept"": 0.0212}, ""input_tokens"": 1512, ""score"": 0.7173, ""rank"": 10, ""already_tested"": true}]}, ""score"": 0.679}";baseline;5;no new information in 3 consecutive turns;0.17990296090138277;55.35305736728508;laya_multilingual_laya_v0_ml8192
134;12;orchestrator_laya_laya_v0_ml8192;0.06429405233821592;72.72727272727273;0.0653666005895373;4271.254761009639;0.06536654240219374;3698.0866403333334;[[55182.9, 50419.7, 44735.8, 58410.6, 59021.5, 58219.138, 57235.9, 64997.2, 63054.223, 58882.9, 62341.4, 61522.124]];[[54375.8710504, 52153.00770041, 51333.74853883, 53791.02504346, 54119.07419254, 55385.74464814, 56913.99595283, 57911.48068502, 57922.42873102, 57389.41121923, 57535.16657987, 57477.90345273]];2023-12-31 00:00:00;2024-11-30 00:00:00;"{""strategy"": {""combine"": ""best_single"", ""model"": ""ONLY_DWT_catboost"", ""pool"": ""pool_full""}, ""origin"": ""agent"", ""loop"": {""final_attempt"": ""a10"", ""strategy"": {""combine"": ""best_single"", ""model"": ""ONLY_DWT_catboost"", ""pool"": ""pool_full""}, ""iterations_used"": 4, ""stop_reason"": ""no new information in 3 consecutive turns"", ""trace"": [{""iteration"": 1, ""action"": ""best_ONLY_DWT_catboost"", ""confidence"": 0.997, ""probability_of_chosen"": 0.9991, ""probabilities"": {""mean_pool_full"": 0.0, ""median_pool_full"": 0.0001, ""trimmed_mean_pool_full"": 0.0, ""mean_pool1"": 0.0, ""median_pool1"": 0.0, ""trimmed_mean_pool1"": 0.0, ""mean_pool2"": 0.0, ""median_pool2"": 0.0006, ""trimmed_mean_pool2"": 0.0, ""mean_pool3"": 0.0, ""median_pool3"": 0.0001, ""trimmed_mean_pool3"": 0.0, ""best_ONLY_DWT_catboost"": 0.9991, ""best_FT_catboost"": 0.0, ""best_ETS"": 0.0, ""accept"": 0.0}, ""input_tokens"": 1593, ""score"": 0.6199, ""rank"": 1, ""already_tested"": false}, {""iteration"": 2, ""action"": ""best_ONLY_DWT_catboost"", ""confidence"": 0.9452, ""probability_of_chosen"": 0.9721, ""probabilities"": {""mean_pool_full"": 0.0, ""median_pool_full"": 0.0015, ""trimmed_mean_pool_full"": 0.0044, ""mean_pool4"": 0.0, ""median_pool4"": 0.0001, ""trimmed_mean_pool4"": 0.0, ""mean_pool1"": 0.0, ""median_pool1"": 0.0005, ""trimmed_mean_pool1"": 0.0001, ""mean_pool2"": 0.0, ""median_pool2"": 0.0208, ""trimmed_mean_pool2"": 0.0002, ""best_ONLY_DWT_catboost"": 0.9721, ""best_FT_catboost"": 0.0001, ""best_ETS"": 0.0, ""accept"": 0.0002}, ""input_tokens"": 1593, ""score"": 0.6199, ""rank"": 1, ""already_tested"": true}, {""iteration"": 3, ""action"": ""best_ONLY_DWT_catboost"", ""confidence"": 0.9452, ""probability_of_chosen"": 0.9721, ""probabilities"": {""mean_pool_full"": 0.0, ""median_pool_full"": 0.0015, ""trimmed_mean_pool_full"": 0.0044, ""mean_pool4"": 0.0, ""median_pool4"": 0.0001, ""trimmed_mean_pool4"": 0.0, ""mean_pool1"": 0.0, ""median_pool1"": 0.0005, ""trimmed_mean_pool1"": 0.0001, ""mean_pool2"": 0.0, ""median_pool2"": 0.0208, ""trimmed_mean_pool2"": 0.0002, ""best_ONLY_DWT_catboost"": 0.9721, ""best_FT_catboost"": 0.0001, ""best_ETS"": 0.0, ""accept"": 0.0002}, ""input_tokens"": 1593, ""score"": 0.6199, ""rank"": 1, ""already_tested"": true}, {""iteration"": 4, ""action"": ""best_ONLY_DWT_catboost"", ""confidence"": 0.9452, ""probability_of_chosen"": 0.9721, ""probabilities"": {""mean_pool_full"": 0.0, ""median_pool_full"": 0.0015, ""trimmed_mean_pool_full"": 0.0044, ""mean_pool4"": 0.0, ""median_pool4"": 0.0001, ""trimmed_mean_pool4"": 0.0, ""mean_pool1"": 0.0, ""median_pool1"": 0.0005, ""trimmed_mean_pool1"": 0.0001, ""mean_pool2"": 0.0, ""median_pool2"": 0.0208, ""trimmed_mean_pool2"": 0.0002, ""best_ONLY_DWT_catboost"": 0.9721, ""best_FT_catboost"": 0.0001, ""best_ETS"": 0.0, ""accept"": 0.0002}, ""input_tokens"": 1593, ""score"": 0.6199, ""rank"": 1, ""already_tested"": true}]}, ""score"": 0.6199}";agent;4;no new information in 3 consecutive turns;0.06789682431833995;4244.929696365862;laya_multilingual_laya_v0_ml8192
135;12;orchestrator_laya_laya_v0_ml8192;0.7470067350223877;18.181818181818183;0.4553045113051309;13.515821500899149;0.45440491137917166;11.685047611833335;[[17.998, 23.124, 8.682, 29.185, 19.291, 20.03, 21.898, 23.979, 25.805, 30.816, 12.364, 37.925]];[[34.006372444, 33.675740152, 34.22987312, 32.848399972, 34.920194183999996, 32.9294767, 32.980330085999995, 32.927937418000006, 34.27091471600001, 32.44608452000001, 33.563129684, 33.330881654]];2023-12-31 00:00:00;2024-11-30 00:00:00;"{""strategy"": {""combine"": ""mean"", ""pool"": ""pool1""}, ""origin"": ""baseline"", ""loop"": {""final_attempt"": ""a4"", ""strategy"": {""combine"": ""mean"", ""pool"": ""pool1""}, ""iterations_used"": 4, ""stop_reason"": ""no new information in 3 consecutive turns"", ""trace"": [{""iteration"": 1, ""action"": ""median_pool2"", ""confidence"": 0.8885, ""probability_of_chosen"": 0.9338, ""probabilities"": {""mean_pool_full"": 0.0001, ""median_pool_full"": 0.0472, ""trimmed_mean_pool_full"": 0.0013, ""mean_pool1"": 0.0002, ""median_pool1"": 0.0022, ""trimmed_mean_pool1"": 0.0002, ""mean_pool2"": 0.0001, ""median_pool2"": 0.9338, ""trimmed_mean_pool2"": 0.0002, ""mean_pool3"": 0.0, ""median_pool3"": 0.0117, ""trimmed_mean_pool3"": 0.0001, ""best_ARIMA"": 0.0002, ""best_rf"": 0.0001, ""best_THETA"": 0.0003, ""accept"": 0.0022}, ""input_tokens"": 1520, ""score"": 0.6535, ""rank"": 5, ""already_tested"": false}, {""iteration"": 2, ""action"": ""median_pool2"", ""confidence"": 0.8888, ""probability_of_chosen"": 0.9402, ""probabilities"": {""mean_pool_full"": 0.0001, ""median_pool_full"": 0.0345, ""trimmed_mean_pool_full"": 0.0045, ""mean_pool4"": 0.0001, ""median_pool4"": 0.0009, ""trimmed_mean_pool4"": 0.0002, ""mean_pool1"": 0.0001, ""median_pool1"": 0.0096, ""trimmed_mean_pool1"": 0.0004, ""mean_pool2"": 0.0001, ""median_pool2"": 0.9402, ""trimmed_mean_pool2"": 0.0004, ""best_ARIMA"": 0.0003, ""best_rf"": 0.0001, ""best_THETA"": 0.001, ""accept"": 0.0075}, ""input_tokens"": 1525, ""score"": 0.6535, ""rank"": 5, ""already_tested"": true}, {""iteration"": 3, ""action"": ""median_pool2"", ""confidence"": 0.8888, ""probability_of_chosen"": 0.9402, ""probabilities"": {""mean_pool_full"": 0.0001, ""median_pool_full"": 0.0345, ""trimmed_mean_pool_full"": 0.0045, ""mean_pool4"": 0.0001, ""median_pool4"": 0.0009, ""trimmed_mean_pool4"": 0.0002, ""mean_pool1"": 0.0001, ""median_pool1"": 0.0096, ""trimmed_mean_pool1"": 0.0004, ""mean_pool2"": 0.0001, ""median_pool2"": 0.9402, ""trimmed_mean_pool2"": 0.0004, ""best_ARIMA"": 0.0003, ""best_rf"": 0.0001, ""best_THETA"": 0.001, ""accept"": 0.0075}, ""input_tokens"": 1525, ""score"": 0.6535, ""rank"": 5, ""already_tested"": true}, {""iteration"": 4, ""action"": ""median_pool2"", ""confidence"": 0.8888, ""probability_of_chosen"": 0.9402, ""probabilities"": {""mean_pool_full"": 0.0001, ""median_pool_full"": 0.0345, ""trimmed_mean_pool_full"": 0.0045, ""mean_pool4"": 0.0001, ""median_pool4"": 0.0009, ""trimmed_mean_pool4"": 0.0002, ""mean_pool1"": 0.0001, ""median_pool1"": 0.0096, ""trimmed_mean_pool1"": 0.0004, ""mean_pool2"": 0.0001, ""median_pool2"": 0.9402, ""trimmed_mean_pool2"": 0.0004, ""best_ARIMA"": 0.0003, ""best_rf"": 0.0001, ""best_THETA"": 0.001, ""accept"": 0.0075}, ""input_tokens"": 1525, ""score"": 0.6535, ""rank"": 5, ""already_tested"": true}]}, ""score"": 0.6256}";baseline;4;no new information in 3 consecutive turns;0.4553045113051309;13.515821500899149;laya_multilingual_laya_v0_ml8192
136;12;orchestrator_laya_laya_v0_ml8192;0.04630623733960724;72.72727272727273;0.04790813720422602;1634.815483944396;0.04790805132656422;1336.943055368334;[[27028.30616, 28460.5, 26170.27717, 27653.16304, 28843.49275, 29501.22826, 26867.89312, 29429.52536, 29360.84964, 26667.5308, 29606.93297, 27998.18297]];[[27563.61875244, 26648.44202808, 25501.2122304, 27496.49483653, 26760.35052142, 27093.82676182, 26950.93232369, 27048.96014, 27401.36512507, 26580.00187249, 27006.04266796, 26730.02190794]];2023-12-31 00:00:00;2024-11-30 00:00:00;"{""strategy"": {""combine"": ""median"", ""pool"": ""pool_full""}, ""origin"": ""baseline"", ""loop"": {""final_attempt"": ""a2"", ""strategy"": {""combine"": ""median"", ""pool"": ""pool_full""}, ""iterations_used"": 7, ""stop_reason"": ""no new information in 3 consecutive turns"", ""trace"": [{""iteration"": 1, ""action"": ""trimmed_mean_pool2"", ""confidence"": 0.5198, ""probability_of_chosen"": 0.656, ""probabilities"": {""mean_pool_full"": 0.0005, ""median_pool_full"": 0.0284, ""trimmed_mean_pool_full"": 0.049, ""mean_pool1"": 0.0015, ""median_pool1"": 0.0077, ""trimmed_mean_pool1"": 0.014, ""mean_pool2"": 0.0044, ""median_pool2"": 0.0736, ""trimmed_mean_pool2"": 0.656, ""mean_pool3"": 0.0007, ""median_pool3"": 0.0268, ""trimmed_mean_pool3"": 0.0146, ""best_FT_catboost"": 0.1054, ""best_THETA"": 0.0021, ""best_ETS"": 0.0004, ""accept"": 0.0151}, ""input_tokens"": 1603, ""score"": 0.6526, ""rank"": 6, ""already_tested"": true}, {""iteration"": 2, ""action"": ""median_pool2"", ""confidence"": 0.3602, ""probability_of_chosen"": 0.438, ""probabilities"": {""mean_pool_full"": 0.0005, ""median_pool_full"": 0.0404, ""trimmed_mean_pool_full"": 0.1742, ""mean_pool4"": 0.0006, ""median_pool4"": 0.0051, ""trimmed_mean_pool4"": 0.0106, ""mean_pool1"": 0.0036, ""median_pool1"": 0.0451, ""trimmed_mean_pool1"": 0.109, ""mean_pool2"": 0.0011, ""median_pool2"": 0.438, ""trimmed_mean_pool2"": 0.0749, ""best_FT_catboost"": 0.0721, ""best_THETA"": 0.0026, ""best_ETS"": 0.0005, ""accept"": 0.0215}, ""input_tokens"": 1603, ""score"": 0.6421, ""rank"": 3, ""already_tested"": false}, {""iteration"": 3, ""action"": ""trimmed_mean_pool_full"", ""confidence"": 0.2675, ""probability_of_chosen"": 0.2153, ""probabilities"": {""mean_pool_full"": 0.0007, ""median_pool_full"": 0.0538, ""trimmed_mean_pool_full"": 0.2153, ""mean_pool4"": 0.0019, ""median_pool4"": 0.0118, ""trimmed_mean_pool4"": 0.0051, ""mean_pool1"": 0.0028, ""median_pool1"": 0.0458, ""trimmed_mean_pool1"": 0.1296, ""mean_pool2"": 0.0013, ""median_pool2"": 0.1992, ""trimmed_mean_pool2"": 0.1296, ""best_FT_catboost"": 0.1651, ""best_THETA"": 0.0013, ""best_ETS"": 0.0004, ""accept"": 0.0363}, ""input_tokens"": 1597, ""score"": 0.6329, ""rank"": 2, ""already_tested"": false}, {""iteration"": 4, ""action"": ""best_FT_catboost"", ""confidence"": 0.308, ""probability_of_chosen"": 0.3345, ""probabilities"": {""mean_pool_full"": 0.0076, ""median_pool_full"": 0.0591, ""trimmed_mean_pool_full"": 0.0117, ""mean_pool4"": 0.0094, ""median_pool4"": 0.0416, ""trimmed_mean_pool4"": 0.0035, ""mean_pool1"": 0.0145, ""median_pool1"": 0.0795, ""trimmed_mean_pool1"": 0.0038, ""mean_pool2"": 0.1147, ""median_pool2"": 0.2486, ""trimmed_mean_pool2"": 0.006, ""best_FT_catboost"": 0.3345, ""best_THETA"": 0.0015, ""best_ETS"": 0.001, ""accept"": 0.0629}, ""input_tokens"": 1594, ""score"": 0.6485, ""rank"": 7, ""already_tested"": false}, {""iteration"": 5, ""action"": ""best_FT_catboost"", ""confidence"": 0.308, ""probability_of_chosen"": 0.3345, ""probabilities"": {""mean_pool_full"": 0.0076, ""median_pool_full"": 0.0591, ""trimmed_mean_pool_full"": 0.0117, ""mean_pool4"": 0.0094, ""median_pool4"": 0.0416, ""trimmed_mean_pool4"": 0.0035, ""mean_pool1"": 0.0145, ""median_pool1"": 0.0795, ""trimmed_mean_pool1"": 0.0038, ""mean_pool2"": 0.1147, ""median_pool2"": 0.2486, ""trimmed_mean_pool2"": 0.006, ""best_FT_catboost"": 0.3345, ""best_THETA"": 0.0015, ""best_ETS"": 0.001, ""accept"": 0.0629}, ""input_tokens"": 1594, ""score"": 0.6485, ""rank"": 7, ""already_tested"": true}, {""iteration"": 6, ""action"": ""best_FT_catboost"", ""confidence"": 0.308, ""probability_of_chosen"": 0.3345, ""probabilities"": {""mean_pool_full"": 0.0076, ""median_pool_full"": 0.0591, ""trimmed_mean_pool_full"": 0.0117, ""mean_pool4"": 0.0094, ""median_pool4"": 0.0416, ""trimmed_mean_pool4"": 0.0035, ""mean_pool1"": 0.0145, ""median_pool1"": 0.0795, ""trimmed_mean_pool1"": 0.0038, ""mean_pool2"": 0.1147, ""median_pool2"": 0.2486, ""trimmed_mean_pool2"": 0.006, ""best_FT_catboost"": 0.3345, ""best_THETA"": 0.0015, ""best_ETS"": 0.001, ""accept"": 0.0629}, ""input_tokens"": 1594, ""score"": 0.6485, ""rank"": 7, ""already_tested"": true}, {""iteration"": 7, ""action"": ""best_FT_catboost"", ""confidence"": 0.308, ""probability_of_chosen"": 0.3345, ""probabilities"": {""mean_pool_full"": 0.0076, ""median_pool_full"": 0.0591, ""trimmed_mean_pool_full"": 0.0117, ""mean_pool4"": 0.0094, ""median_pool4"": 0.0416, ""trimmed_mean_pool4"": 0.0035, ""mean_pool1"": 0.0145, ""median_pool1"": 0.0795, ""trimmed_mean_pool1"": 0.0038, ""mean_pool2"": 0.1147, ""median_pool2"": 0.2486, ""trimmed_mean_pool2"": 0.006, ""best_FT_catboost"": 0.3345, ""best_THETA"": 0.0015, ""best_ETS"": 0.001, ""accept"": 0.0629}, ""input_tokens"": 1594, ""score"": 0.6485, ""rank"": 7, ""already_tested"": true}]}, ""score"": 0.6281}";baseline;7;no new information in 3 consecutive turns;0.04790813720422602;1634.815483944396;laya_multilingual_laya_v0_ml8192
137;12;orchestrator_laya_laya_v0_ml8192;0.15924280473787572;54.54545454545455;0.17460935957812004;15790.730186152163;0.1746092575381494;14964.265047915838;[[99170.582, 91042.924, 87613.898, 94877.676, 94679.184, 92822.768, 85482.538, 92143.848, 91835.592, 87791.791, 102837.008, 97221.869]];[[79800.15970367, 81150.29207743, 75056.68540183, 75043.98957815, 75844.02873889, 74850.81034712, 75212.32173812, 76122.62697915, 75602.32962016, 85095.99471959, 87470.96814866, 76698.29037224]];2023-12-31 00:00:00;2024-11-30 00:00:00;"{""strategy"": {""combine"": ""best_single"", ""model"": ""ONLY_FT_rf"", ""pool"": ""pool_full""}, ""origin"": ""agent"", ""loop"": {""final_attempt"": ""a10"", ""strategy"": {""combine"": ""best_single"", ""model"": ""ONLY_FT_rf"", ""pool"": ""pool_full""}, ""iterations_used"": 4, ""stop_reason"": ""no new information in 3 consecutive turns"", ""trace"": [{""iteration"": 1, ""action"": ""best_ONLY_FT_rf"", ""confidence"": 0.5395, ""probability_of_chosen"": 0.6304, ""probabilities"": {""mean_pool_full"": 0.0002, ""median_pool_full"": 0.1545, ""trimmed_mean_pool_full"": 0.0659, ""mean_pool1"": 0.0004, ""median_pool1"": 0.0019, ""trimmed_mean_pool1"": 0.0025, ""mean_pool2"": 0.0005, ""median_pool2"": 0.0696, ""trimmed_mean_pool2"": 0.0279, ""mean_pool3"": 0.0001, ""median_pool3"": 0.0262, ""trimmed_mean_pool3"": 0.0076, ""best_NaiveMovingAverage"": 0.0055, ""best_ONLY_FT_rf"": 0.6304, ""best_ARIMA"": 0.0005, ""accept"": 0.0062}, ""input_tokens"": 1603, ""score"": 0.588, ""rank"": 1, ""already_tested"": false}, {""iteration"": 2, ""action"": ""best_ONLY_FT_rf"", ""confidence"": 0.6958, ""probability_of_chosen"": 0.7957, ""probabilities"": {""mean_pool_full"": 0.0001, ""median_pool_full"": 0.0035, ""trimmed_mean_pool_full"": 0.098, ""mean_pool4"": 0.0005, ""median_pool4"": 0.0029, ""trimmed_mean_pool4"": 0.0064, ""mean_pool1"": 0.0002, ""median_pool1"": 0.0201, ""trimmed_mean_pool1"": 0.0158, ""mean_pool2"": 0.0005, ""median_pool2"": 0.0047, ""trimmed_mean_pool2"": 0.0415, ""best_NaiveMovingAverage"": 0.0069, ""best_ONLY_FT_rf"": 0.7957, ""best_ARIMA"": 0.0003, ""accept"": 0.0029}, ""input_tokens"": 1605, ""score"": 0.588, ""rank"": 1, ""already_tested"": true}, {""iteration"": 3, ""action"": ""best_ONLY_FT_rf"", ""confidence"": 0.6958, ""probability_of_chosen"": 0.7957, ""probabilities"": {""mean_pool_full"": 0.0001, ""median_pool_full"": 0.0035, ""trimmed_mean_pool_full"": 0.098, ""mean_pool4"": 0.0005, ""median_pool4"": 0.0029, ""trimmed_mean_pool4"": 0.0064, ""mean_pool1"": 0.0002, ""median_pool1"": 0.0201, ""trimmed_mean_pool1"": 0.0158, ""mean_pool2"": 0.0005, ""median_pool2"": 0.0047, ""trimmed_mean_pool2"": 0.0415, ""best_NaiveMovingAverage"": 0.0069, ""best_ONLY_FT_rf"": 0.7957, ""best_ARIMA"": 0.0003, ""accept"": 0.0029}, ""input_tokens"": 1605, ""score"": 0.588, ""rank"": 1, ""already_tested"": true}, {""iteration"": 4, ""action"": ""best_ONLY_FT_rf"", ""confidence"": 0.6958, ""probability_of_chosen"": 0.7957, ""probabilities"": {""mean_pool_full"": 0.0001, ""median_pool_full"": 0.0035, ""trimmed_mean_pool_full"": 0.098, ""mean_pool4"": 0.0005, ""median_pool4"": 0.0029, ""trimmed_mean_pool4"": 0.0064, ""mean_pool1"": 0.0002, ""median_pool1"": 0.0201, ""trimmed_mean_pool1"": 0.0158, ""mean_pool2"": 0.0005, ""median_pool2"": 0.0047, ""trimmed_mean_pool2"": 0.0415, ""best_NaiveMovingAverage"": 0.0069, ""best_ONLY_FT_rf"": 0.7957, ""best_ARIMA"": 0.0003, ""accept"": 0.0029}, ""input_tokens"": 1605, ""score"": 0.588, ""rank"": 1, ""already_tested"": true}]}, ""score"": 0.588}";agent;4;no new information in 3 consecutive turns;0.0661092337591619;7274.070861529212;laya_multilingual_laya_v0_ml8192
138;12;orchestrator_laya_laya_v0_ml8192;0.5007912942781395;54.54545454545455;0.6782590263290657;1332.5673624613478;0.678239918774079;1235.1153282658333;[[1909.285, 1892.796, 1760.155, 2088.281, 2144.03, 2115.404, 2070.309, 2618.711, 2671.633, 2630.674, 3054.119, 3597.503]];[[1281.66703818, 1003.52999309, 1054.10944462, 1213.41703685, 999.51994119, 1119.63197422, 1154.61041506, 1158.70490715, 1199.80218008, 1178.66302163, 1175.60755022, 1192.25255852]];2023-12-31 00:00:00;2024-11-30 00:00:00;"{""strategy"": {""combine"": ""best_single"", ""model"": ""ONLY_CWT_rf"", ""pool"": ""pool_full""}, ""origin"": ""agent"", ""loop"": {""final_attempt"": ""a10"", ""strategy"": {""combine"": ""best_single"", ""model"": ""ONLY_CWT_rf"", ""pool"": ""pool_full""}, ""iterations_used"": 5, ""stop_reason"": ""no new information in 3 consecutive turns"", ""trace"": [{""iteration"": 1, ""action"": ""best_ONLY_CWT_rf"", ""confidence"": 0.3133, ""probability_of_chosen"": 0.4085, ""probabilities"": {""mean_pool_full"": 0.0005, ""median_pool_full"": 0.0253, ""trimmed_mean_pool_full"": 0.0469, ""mean_pool1"": 0.0028, ""median_pool1"": 0.0408, ""trimmed_mean_pool1"": 0.0386, ""mean_pool2"": 0.0006, ""median_pool2"": 0.0955, ""trimmed_mean_pool2"": 0.1368, ""mean_pool3"": 0.0005, ""median_pool3"": 0.139, ""trimmed_mean_pool3"": 0.0244, ""best_CWT_rf"": 0.0085, ""best_THETA"": 0.0019, ""best_ONLY_CWT_rf"": 0.4085, ""accept"": 0.0295}, ""input_tokens"": 1571, ""score"": 0.6413, ""rank"": 1, ""already_tested"": false}, {""iteration"": 2, ""action"": ""trimmed_mean_pool_full"", ""confidence"": 0.3057, ""probability_of_chosen"": 0.361, ""probabilities"": {""mean_pool_full"": 0.0015, ""median_pool_full"": 0.0101, ""trimmed_mean_pool_full"": 0.361, ""mean_pool4"": 0.0011, ""median_pool4"": 0.001, ""trimmed_mean_pool4"": 0.0208, ""mean_pool1"": 0.0038, ""median_pool1"": 0.0938, ""trimmed_mean_pool1"": 0.0979, ""mean_pool2"": 0.001, ""median_pool2"": 0.0331, ""trimmed_mean_pool2"": 0.0647, ""best_CWT_rf"": 0.0303, ""best_THETA"": 0.0042, ""best_ONLY_CWT_rf"": 0.2073, ""accept"": 0.0684}, ""input_tokens"": 1576, ""score"": 0.6879, ""rank"": 3, ""already_tested"": false}, {""iteration"": 3, ""action"": ""trimmed_mean_pool_full"", ""confidence"": 0.4145, ""probability_of_chosen"": 0.5279, ""probabilities"": {""mean_pool_full"": 0.0005, ""median_pool_full"": 0.0054, ""trimmed_mean_pool_full"": 0.5279, ""mean_pool4"": 0.0005, ""median_pool4"": 0.0012, ""trimmed_mean_pool4"": 0.0067, ""mean_pool1"": 0.0008, ""median_pool1"": 0.0643, ""trimmed_mean_pool1"": 0.1187, ""mean_pool2"": 0.0009, ""median_pool2"": 0.0353, ""trimmed_mean_pool2"": 0.0495, ""best_CWT_rf"": 0.0201, ""best_THETA"": 0.0021, ""best_ONLY_CWT_rf"": 0.1031, ""accept"": 0.0628}, ""input_tokens"": 1573, ""score"": 0.6879, ""rank"": 3, ""already_tested"": true}, {""iteration"": 4, ""action"": ""trimmed_mean_pool_full"", ""confidence"": 0.4145, ""probability_of_chosen"": 0.5279, ""probabilities"": {""mean_pool_full"": 0.0005, ""median_pool_full"": 0.0054, ""trimmed_mean_pool_full"": 0.5279, ""mean_pool4"": 0.0005, ""median_pool4"": 0.0012, ""trimmed_mean_pool4"": 0.0067, ""mean_pool1"": 0.0008, ""median_pool1"": 0.0643, ""trimmed_mean_pool1"": 0.1187, ""mean_pool2"": 0.0009, ""median_pool2"": 0.0353, ""trimmed_mean_pool2"": 0.0495, ""best_CWT_rf"": 0.0201, ""best_THETA"": 0.0021, ""best_ONLY_CWT_rf"": 0.1031, ""accept"": 0.0628}, ""input_tokens"": 1573, ""score"": 0.6879, ""rank"": 3, ""already_tested"": true}, {""iteration"": 5, ""action"": ""trimmed_mean_pool_full"", ""confidence"": 0.4145, ""probability_of_chosen"": 0.5279, ""probabilities"": {""mean_pool_full"": 0.0005, ""median_pool_full"": 0.0054, ""trimmed_mean_pool_full"": 0.5279, ""mean_pool4"": 0.0005, ""median_pool4"": 0.0012, ""trimmed_mean_pool4"": 0.0067, ""mean_pool1"": 0.0008, ""median_pool1"": 0.0643, ""trimmed_mean_pool1"": 0.1187, ""mean_pool2"": 0.0009, ""median_pool2"": 0.0353, ""trimmed_mean_pool2"": 0.0495, ""best_CWT_rf"": 0.0201, ""best_THETA"": 0.0021, ""best_ONLY_CWT_rf"": 0.1031, ""accept"": 0.0628}, ""input_tokens"": 1573, ""score"": 0.6879, ""rank"": 3, ""already_tested"": true}]}, ""score"": 0.6413}";agent;5;no new information in 3 consecutive turns;0.5754966246715937;1201.24869707616;laya_multilingual_laya_v0_ml8192
139;12;orchestrator_laya_laya_v0_ml8192;0.03360171263076645;72.72727272727273;0.03403374267044166;98.8840111425571;0.03403306972066974;86.13791169449996;[[2563.222826, 2425.530797, 2310.505435, 2467.952899, 2555.11413, 2647.509058, 2429.460145, 2713.043478, 2619.846014, 2430.974638, 2641.152174, 2439.222826]];[[2586.646333832, 2365.8595527740003, 2348.837330202, 2559.228004536, 2447.744399908, 2524.5932995899993, 2513.88036662, 2528.9253007859998, 2530.344353772, 2496.551215432, 2488.706066394, 2453.8277809359997]];2023-12-31 00:00:00;2024-11-30 00:00:00;"{""strategy"": {""combine"": ""mean"", ""pool"": ""pool1""}, ""origin"": ""baseline"", ""loop"": {""final_attempt"": ""a4"", ""strategy"": {""combine"": ""mean"", ""pool"": ""pool1""}, ""iterations_used"": 5, ""stop_reason"": ""no new information in 3 consecutive turns"", ""trace"": [{""iteration"": 1, ""action"": ""trimmed_mean_pool2"", ""confidence"": 0.2908, ""probability_of_chosen"": 0.4211, ""probabilities"": {""mean_pool_full"": 0.0123, ""median_pool_full"": 0.0054, ""trimmed_mean_pool_full"": 0.0597, ""mean_pool1"": 0.0521, ""median_pool1"": 0.0017, ""trimmed_mean_pool1"": 0.0693, ""mean_pool2"": 0.0114, ""median_pool2"": 0.0842, ""trimmed_mean_pool2"": 0.4211, ""mean_pool3"": 0.0037, ""median_pool3"": 0.0607, ""trimmed_mean_pool3"": 0.0977, ""best_DWT_rf"": 0.0051, ""best_DWT_catboost"": 0.0018, ""best_ONLY_DWT_rf"": 0.1016, ""accept"": 0.012}, ""input_tokens"": 1580, ""score"": 0.592, ""rank"": 4, ""already_tested"": true}, {""iteration"": 2, ""action"": ""trimmed_mean_pool_full"", ""confidence"": 0.2008, ""probability_of_chosen"": 0.175, ""probabilities"": {""mean_pool_full"": 0.007, ""median_pool_full"": 0.0061, ""trimmed_mean_pool_full"": 0.175, ""mean_pool4"": 0.0498, ""median_pool4"": 0.0018, ""trimmed_mean_pool4"": 0.0387, ""mean_pool1"": 0.0221, ""median_pool1"": 0.0997, ""trimmed_mean_pool1"": 0.1569, ""mean_pool2"": 0.0143, ""median_pool2"": 0.0789, ""trimmed_mean_pool2"": 0.1657, ""best_DWT_rf"": 0.0055, ""best_DWT_catboost"": 0.0022, ""best_ONLY_DWT_rf"": 0.1631, ""accept"": 0.0133}, ""input_tokens"": 1580, ""score"": 0.6648, ""rank"": 9, ""already_tested"": false}, {""iteration"": 3, ""action"": ""trimmed_mean_pool_full"", ""confidence"": 0.2008, ""probability_of_chosen"": 0.175, ""probabilities"": {""mean_pool_full"": 0.007, ""median_pool_full"": 0.0061, ""trimmed_mean_pool_full"": 0.175, ""mean_pool4"": 0.0498, ""median_pool4"": 0.0018, ""trimmed_mean_pool4"": 0.0387, ""mean_pool1"": 0.0221, ""median_pool1"": 0.0997, ""trimmed_mean_pool1"": 0.1569, ""mean_pool2"": 0.0143, ""median_pool2"": 0.0789, ""trimmed_mean_pool2"": 0.1657, ""best_DWT_rf"": 0.0055, ""best_DWT_catboost"": 0.0022, ""best_ONLY_DWT_rf"": 0.1631, ""accept"": 0.0133}, ""input_tokens"": 1580, ""score"": 0.6648, ""rank"": 9, ""already_tested"": true}, {""iteration"": 4, ""action"": ""trimmed_mean_pool_full"", ""confidence"": 0.2008, ""probability_of_chosen"": 0.175, ""probabilities"": {""mean_pool_full"": 0.007, ""median_pool_full"": 0.0061, ""trimmed_mean_pool_full"": 0.175, ""mean_pool4"": 0.0498, ""median_pool4"": 0.0018, ""trimmed_mean_pool4"": 0.0387, ""mean_pool1"": 0.0221, ""median_pool1"": 0.0997, ""trimmed_mean_pool1"": 0.1569, ""mean_pool2"": 0.0143, ""median_pool2"": 0.0789, ""trimmed_mean_pool2"": 0.1657, ""best_DWT_rf"": 0.0055, ""best_DWT_catboost"": 0.0022, ""best_ONLY_DWT_rf"": 0.1631, ""accept"": 0.0133}, ""input_tokens"": 1580, ""score"": 0.6648, ""rank"": 9, ""already_tested"": true}, {""iteration"": 5, ""action"": ""trimmed_mean_pool_full"", ""confidence"": 0.2008, ""probability_of_chosen"": 0.175, ""probabilities"": {""mean_pool_full"": 0.007, ""median_pool_full"": 0.0061, ""trimmed_mean_pool_full"": 0.175, ""mean_pool4"": 0.0498, ""median_pool4"": 0.0018, ""trimmed_mean_pool4"": 0.0387, ""mean_pool1"": 0.0221, ""median_pool1"": 0.0997, ""trimmed_mean_pool1"": 0.1569, ""mean_pool2"": 0.0143, ""median_pool2"": 0.0789, ""trimmed_mean_pool2"": 0.1657, ""best_DWT_rf"": 0.0055, ""best_DWT_catboost"": 0.0022, ""best_ONLY_DWT_rf"": 0.1631, ""accept"": 0.0133}, ""input_tokens"": 1580, ""score"": 0.6648, ""rank"": 9, ""already_tested"": true}]}, ""score"": 0.5701}";baseline;5;no new information in 3 consecutive turns;0.03403374267044166;98.8840111425571;laya_multilingual_laya_v0_ml8192
140;12;orchestrator_laya_laya_v0_ml8192;0.04541966148035228;72.72727272727273;0.04490538592348826;3569.8510837552008;0.044905352808472486;3063.971868369168;[[61220.73551, 61312.19022, 57361.90399, 60950.10145, 67461.9837, 71978.58877, 67156.59964, 80424.30435, 77117.82609, 64314.2337, 69949.30254, 63610.11232]];[[64259.74415555, 59617.71687757, 58027.5820485, 66218.01254709, 65154.95775136, 70321.80246377, 72810.80760221, 74953.19866935, 73056.11213585, 69158.03587264, 69384.8908889, 65151.64992124]];2023-12-31 00:00:00;2024-11-30 00:00:00;"{""strategy"": {""combine"": ""best_single"", ""model"": ""CWT_rf"", ""pool"": ""pool_full""}, ""origin"": ""agent"", ""loop"": {""final_attempt"": ""a10"", ""strategy"": {""combine"": ""best_single"", ""model"": ""CWT_rf"", ""pool"": ""pool_full""}, ""iterations_used"": 5, ""stop_reason"": ""no new information in 3 consecutive turns"", ""trace"": [{""iteration"": 1, ""action"": ""best_CWT_rf"", ""confidence"": 0.6307, ""probability_of_chosen"": 0.6178, ""probabilities"": {""mean_pool_full"": 0.0005, ""median_pool_full"": 0.0584, ""trimmed_mean_pool_full"": 0.0046, ""mean_pool1"": 0.0004, ""median_pool1"": 0.0081, ""trimmed_mean_pool1"": 0.0007, ""mean_pool2"": 0.0004, ""median_pool2"": 0.2828, ""trimmed_mean_pool2"": 0.0025, ""mean_pool3"": 0.0002, ""median_pool3"": 0.017, ""trimmed_mean_pool3"": 0.0008, ""best_CWT_rf"": 0.6178, ""best_THETA"": 0.0008, ""best_ARIMA"": 0.0002, ""accept"": 0.005}, ""input_tokens"": 1595, ""score"": 0.485, ""rank"": 1, ""already_tested"": false}, {""iteration"": 2, ""action"": ""median_pool2"", ""confidence"": 0.9821, ""probability_of_chosen"": 0.9936, ""probabilities"": {""mean_pool_full"": 0.0, ""median_pool_full"": 0.0004, ""trimmed_mean_pool_full"": 0.0022, ""mean_pool4"": 0.0, ""median_pool4"": 0.0002, ""trimmed_mean_pool4"": 0.0001, ""mean_pool1"": 0.0, ""median_pool1"": 0.0008, ""trimmed_mean_pool1"": 0.0001, ""mean_pool2"": 0.0, ""median_pool2"": 0.9936, ""trimmed_mean_pool2"": 0.0002, ""best_CWT_rf"": 0.0022, ""best_THETA"": 0.0, ""best_ARIMA"": 0.0, ""accept"": 0.0003}, ""input_tokens"": 1590, ""score"": 0.5561, ""rank"": 4, ""already_tested"": false}, {""iteration"": 3, ""action"": ""best_CWT_rf"", ""confidence"": 0.3998, ""probability_of_chosen"": 0.4459, ""probabilities"": {""mean_pool_full"": 0.0007, ""median_pool_full"": 0.0299, ""trimmed_mean_pool_full"": 0.0266, ""mean_pool4"": 0.0155, ""median_pool4"": 0.0415, ""trimmed_mean_pool4"": 0.012, ""mean_pool1"": 0.0012, ""median_pool1"": 0.1403, ""trimmed_mean_pool1"": 0.0142, ""mean_pool2"": 0.0044, ""median_pool2"": 0.235, ""trimmed_mean_pool2"": 0.0096, ""best_CWT_rf"": 0.4459, ""best_THETA"": 0.0012, ""best_ARIMA"": 0.0006, ""accept"": 0.0215}, ""input_tokens"": 1591, ""score"": 0.485, ""rank"": 1, ""already_tested"": true}, {""iteration"": 4, ""action"": ""best_CWT_rf"", ""confidence"": 0.3998, ""probability_of_chosen"": 0.4459, ""probabilities"": {""mean_pool_full"": 0.0007, ""median_pool_full"": 0.0299, ""trimmed_mean_pool_full"": 0.0266, ""mean_pool4"": 0.0155, ""median_pool4"": 0.0415, ""trimmed_mean_pool4"": 0.012, ""mean_pool1"": 0.0012, ""median_pool1"": 0.1403, ""trimmed_mean_pool1"": 0.0142, ""mean_pool2"": 0.0044, ""median_pool2"": 0.235, ""trimmed_mean_pool2"": 0.0096, ""best_CWT_rf"": 0.4459, ""best_THETA"": 0.0012, ""best_ARIMA"": 0.0006, ""accept"": 0.0215}, ""input_tokens"": 1591, ""score"": 0.485, ""rank"": 1, ""already_tested"": true}, {""iteration"": 5, ""action"": ""best_CWT_rf"", ""confidence"": 0.3998, ""probability_of_chosen"": 0.4459, ""probabilities"": {""mean_pool_full"": 0.0007, ""median_pool_full"": 0.0299, ""trimmed_mean_pool_full"": 0.0266, ""mean_pool4"": 0.0155, ""median_pool4"": 0.0415, ""trimmed_mean_pool4"": 0.012, ""mean_pool1"": 0.0012, ""median_pool1"": 0.1403, ""trimmed_mean_pool1"": 0.0142, ""mean_pool2"": 0.0044, ""median_pool2"": 0.235, ""trimmed_mean_pool2"": 0.0096, ""best_CWT_rf"": 0.4459, ""best_THETA"": 0.0012, ""best_ARIMA"": 0.0006, ""accept"": 0.0215}, ""input_tokens"": 1591, ""score"": 0.485, ""rank"": 1, ""already_tested"": true}]}, ""score"": 0.485}";agent;5;no new information in 3 consecutive turns;0.046102844756476545;3673.7033361098347;laya_multilingual_laya_v0_ml8192
141;12;orchestrator_laya_laya_v0_ml8192;0.25091394329718114;72.72727272727273;0.2954912522293951;14.486426509294265;0.29506803540743015;10.651756910000001;[[20.0, 40.335, 25.0, 35.177, 23.494, 40.0, 30.0, 30.0, 45.508, 58.433, 39.735, 55.0]];[[26.12022427, 31.34740715, 25.10074087, 32.73193521, 29.30049082, 31.36929808, 26.79881556, 27.80069321, 26.43248373, 28.99677334, 27.93714628, 24.97982048]];2023-12-31 00:00:00;2024-11-30 00:00:00;"{""strategy"": {""combine"": ""best_single"", ""model"": ""ONLY_FT_rf"", ""pool"": ""pool_full""}, ""origin"": ""agent"", ""loop"": {""final_attempt"": ""a10"", ""strategy"": {""combine"": ""best_single"", ""model"": ""ONLY_FT_rf"", ""pool"": ""pool_full""}, ""iterations_used"": 4, ""stop_reason"": ""no new information in 3 consecutive turns"", ""trace"": [{""iteration"": 1, ""action"": ""best_ONLY_FT_rf"", ""confidence"": 0.6989, ""probability_of_chosen"": 0.7619, ""probabilities"": {""mean_pool_full"": 0.0002, ""median_pool_full"": 0.0506, ""trimmed_mean_pool_full"": 0.0064, ""mean_pool1"": 0.0008, ""median_pool1"": 0.0025, ""trimmed_mean_pool1"": 0.0046, ""mean_pool2"": 0.0009, ""median_pool2"": 0.1524, ""trimmed_mean_pool2"": 0.0096, ""mean_pool3"": 0.0001, ""median_pool3"": 0.0023, ""trimmed_mean_pool3"": 0.002, ""best_ONLY_FT_rf"": 0.7619, ""best_THETA"": 0.0004, ""best_ETS"": 0.0003, ""accept"": 0.0051}, ""input_tokens"": 1527, ""score"": 0.5237, ""rank"": 1, ""already_tested"": false}, {""iteration"": 2, ""action"": ""best_ONLY_FT_rf"", ""confidence"": 0.9798, ""probability_of_chosen"": 0.9924, ""probabilities"": {""mean_pool_full"": 0.0, ""median_pool_full"": 0.0, ""trimmed_mean_pool_full"": 0.0041, ""mean_pool4"": 0.0, ""median_pool4"": 0.0, ""trimmed_mean_pool4"": 0.0, ""mean_pool1"": 0.0001, ""median_pool1"": 0.0013, ""trimmed_mean_pool1"": 0.0009, ""mean_pool2"": 0.0001, ""median_pool2"": 0.0001, ""trimmed_mean_pool2"": 0.0006, ""best_ONLY_FT_rf"": 0.9924, ""best_THETA"": 0.0, ""best_ETS"": 0.0, ""accept"": 0.0003}, ""input_tokens"": 1535, ""score"": 0.5237, ""rank"": 1, ""already_tested"": true}, {""iteration"": 3, ""action"": ""best_ONLY_FT_rf"", ""confidence"": 0.9798, ""probability_of_chosen"": 0.9924, ""probabilities"": {""mean_pool_full"": 0.0, ""median_pool_full"": 0.0, ""trimmed_mean_pool_full"": 0.0041, ""mean_pool4"": 0.0, ""median_pool4"": 0.0, ""trimmed_mean_pool4"": 0.0, ""mean_pool1"": 0.0001, ""median_pool1"": 0.0013, ""trimmed_mean_pool1"": 0.0009, ""mean_pool2"": 0.0001, ""median_pool2"": 0.0001, ""trimmed_mean_pool2"": 0.0006, ""best_ONLY_FT_rf"": 0.9924, ""best_THETA"": 0.0, ""best_ETS"": 0.0, ""accept"": 0.0003}, ""input_tokens"": 1535, ""score"": 0.5237, ""rank"": 1, ""already_tested"": true}, {""iteration"": 4, ""action"": ""best_ONLY_FT_rf"", ""confidence"": 0.9798, ""probability_of_chosen"": 0.9924, ""probabilities"": {""mean_pool_full"": 0.0, ""median_pool_full"": 0.0, ""trimmed_mean_pool_full"": 0.0041, ""mean_pool4"": 0.0, ""median_pool4"": 0.0, ""trimmed_mean_pool4"": 0.0, ""mean_pool1"": 0.0001, ""median_pool1"": 0.0013, ""trimmed_mean_pool1"": 0.0009, ""mean_pool2"": 0.0001, ""median_pool2"": 0.0001, ""trimmed_mean_pool2"": 0.0006, ""best_ONLY_FT_rf"": 0.9924, ""best_THETA"": 0.0, ""best_ETS"": 0.0, ""accept"": 0.0003}, ""input_tokens"": 1535, ""score"": 0.5237, ""rank"": 1, ""already_tested"": true}]}, ""score"": 0.5237}";agent;4;no new information in 3 consecutive turns;0.3280177622659149;15.118715713396645;laya_multilingual_laya_v0_ml8192
142;12;orchestrator_laya_laya_v0_ml8192;0.06592024716858708;72.72727272727273;0.06884139301129354;3949.655581152044;0.06884132358032065;3432.100418563889;[[45043.28261, 46288.31341, 45596.30072, 47145.62681, 50893.75906, 52239.78623, 50953.54167, 58018.16848, 56934.57428, 50745.28442, 54723.67029, 50545.55435]];[[45462.805446883336, 43450.99971520667, 41577.56748729333, 46364.11786914, 45323.000630433344, 48260.34369258666, 50018.39915580334, 51965.62481038666, 51372.70438735, 48802.49220265, 49219.04841588333, 46964.599167383334]];2023-12-31 00:00:00;2024-11-30 00:00:00;"{""strategy"": {""combine"": ""trimmed_mean"", ""pool"": ""pool1"", ""trim_pct"": 0.2}, ""origin"": ""baseline"", ""loop"": {""final_attempt"": ""a5"", ""strategy"": {""combine"": ""trimmed_mean"", ""pool"": ""pool1"", ""trim_pct"": 0.2}, ""iterations_used"": 4, ""stop_reason"": ""no new information in 3 consecutive turns"", ""trace"": [{""iteration"": 1, ""action"": ""median_pool2"", ""confidence"": 0.564, ""probability_of_chosen"": 0.5025, ""probabilities"": {""mean_pool_full"": 0.0005, ""median_pool_full"": 0.3564, ""trimmed_mean_pool_full"": 0.0146, ""mean_pool1"": 0.0007, ""median_pool1"": 0.0136, ""trimmed_mean_pool1"": 0.0025, ""mean_pool2"": 0.0008, ""median_pool2"": 0.5025, ""trimmed_mean_pool2"": 0.0101, ""mean_pool3"": 0.0003, ""median_pool3"": 0.0771, ""trimmed_mean_pool3"": 0.0079, ""best_THETA"": 0.0005, ""best_ETS"": 0.0002, ""best_ARIMA"": 0.0004, ""accept"": 0.0121}, ""input_tokens"": 1628, ""score"": 0.5689, ""rank"": 4, ""already_tested"": false}, {""iteration"": 2, ""action"": ""median_pool2"", ""confidence"": 0.8643, ""probability_of_chosen"": 0.9248, ""probabilities"": {""mean_pool_full"": 0.0001, ""median_pool_full"": 0.0039, ""trimmed_mean_pool_full"": 0.0216, ""mean_pool4"": 0.0001, ""median_pool4"": 0.0013, ""trimmed_mean_pool4"": 0.0004, ""mean_pool1"": 0.0001, ""median_pool1"": 0.0364, ""trimmed_mean_pool1"": 0.0029, ""mean_pool2"": 0.0001, ""median_pool2"": 0.9248, ""trimmed_mean_pool2"": 0.0035, ""best_THETA"": 0.0001, ""best_ETS"": 0.0, ""best_ARIMA"": 0.0001, ""accept"": 0.0048}, ""input_tokens"": 1622, ""score"": 0.5689, ""rank"": 4, ""already_tested"": true}, {""iteration"": 3, ""action"": ""median_pool2"", ""confidence"": 0.8643, ""probability_of_chosen"": 0.9248, ""probabilities"": {""mean_pool_full"": 0.0001, ""median_pool_full"": 0.0039, ""trimmed_mean_pool_full"": 0.0216, ""mean_pool4"": 0.0001, ""median_pool4"": 0.0013, ""trimmed_mean_pool4"": 0.0004, ""mean_pool1"": 0.0001, ""median_pool1"": 0.0364, ""trimmed_mean_pool1"": 0.0029, ""mean_pool2"": 0.0001, ""median_pool2"": 0.9248, ""trimmed_mean_pool2"": 0.0035, ""best_THETA"": 0.0001, ""best_ETS"": 0.0, ""best_ARIMA"": 0.0001, ""accept"": 0.0048}, ""input_tokens"": 1622, ""score"": 0.5689, ""rank"": 4, ""already_tested"": true}, {""iteration"": 4, ""action"": ""median_pool2"", ""confidence"": 0.8643, ""probability_of_chosen"": 0.9248, ""probabilities"": {""mean_pool_full"": 0.0001, ""median_pool_full"": 0.0039, ""trimmed_mean_pool_full"": 0.0216, ""mean_pool4"": 0.0001, ""median_pool4"": 0.0013, ""trimmed_mean_pool4"": 0.0004, ""mean_pool1"": 0.0001, ""median_pool1"": 0.0364, ""trimmed_mean_pool1"": 0.0029, ""mean_pool2"": 0.0001, ""median_pool2"": 0.9248, ""trimmed_mean_pool2"": 0.0035, ""best_THETA"": 0.0001, ""best_ETS"": 0.0, ""best_ARIMA"": 0.0001, ""accept"": 0.0048}, ""input_tokens"": 1622, ""score"": 0.5689, ""rank"": 4, ""already_tested"": true}]}, ""score"": 0.5347}";baseline;4;no new information in 3 consecutive turns;0.06884139301129354;3949.655581152044;laya_multilingual_laya_v0_ml8192
143;12;orchestrator_laya_laya_v0_ml8192;0.4796038187534564;63.63636363636363;0.6376896997107527;5042.516324355149;0.6376855089329984;4879.9783719883335;[[8378.692, 9879.408, 9363.044, 10817.144, 11077.294, 7646.804, 8811.781, 11061.842, 10408.348, 9917.84, 11178.054, 11485.512]];[[5885.88549931, 5684.68174727, 4944.35726838, 5301.45467471, 5332.5290225, 4745.2313883, 4975.86473089, 4877.09599982, 4969.0002498, 4932.86702062, 4870.01352234, 4947.0414122]];2023-12-31 00:00:00;2024-11-30 00:00:00;"{""strategy"": {""combine"": ""median"", ""pool"": ""pool2""}, ""origin"": ""agent"", ""loop"": {""final_attempt"": ""a10"", ""strategy"": {""combine"": ""median"", ""pool"": ""pool2""}, ""iterations_used"": 4, ""stop_reason"": ""no new information in 3 consecutive turns"", ""trace"": [{""iteration"": 1, ""action"": ""median_pool2"", ""confidence"": 0.6834, ""probability_of_chosen"": 0.8159, ""probabilities"": {""mean_pool_full"": 0.0009, ""median_pool_full"": 0.0117, ""trimmed_mean_pool_full"": 0.0081, ""mean_pool1"": 0.0007, ""median_pool1"": 0.0019, ""trimmed_mean_pool1"": 0.0017, ""mean_pool2"": 0.0023, ""median_pool2"": 0.8159, ""trimmed_mean_pool2"": 0.0075, ""mean_pool3"": 0.0007, ""median_pool3"": 0.0156, ""trimmed_mean_pool3"": 0.0123, ""best_NaiveMovingAverage"": 0.0386, ""best_ONLY_DWT_catboost"": 0.0333, ""best_DWT_catboost"": 0.0108, ""accept"": 0.0382}, ""input_tokens"": 1600, ""score"": 0.6729, ""rank"": 1, ""already_tested"": false}, {""iteration"": 2, ""action"": ""median_pool2"", ""confidence"": 0.3559, ""probability_of_chosen"": 0.3957, ""probabilities"": {""mean_pool_full"": 0.0009, ""median_pool_full"": 0.0849, ""trimmed_mean_pool_full"": 0.0182, ""mean_pool4"": 0.0005, ""median_pool4"": 0.0052, ""trimmed_mean_pool4"": 0.0017, ""mean_pool1"": 0.0009, ""median_pool1"": 0.2515, ""trimmed_mean_pool1"": 0.0142, ""mean_pool2"": 0.001, ""median_pool2"": 0.3957, ""trimmed_mean_pool2"": 0.013, ""best_NaiveMovingAverage"": 0.0761, ""best_ONLY_DWT_catboost"": 0.0634, ""best_DWT_catboost"": 0.0411, ""accept"": 0.0316}, ""input_tokens"": 1604, ""score"": 0.6729, ""rank"": 1, ""already_tested"": true}, {""iteration"": 3, ""action"": ""median_pool2"", ""confidence"": 0.3559, ""probability_of_chosen"": 0.3957, ""probabilities"": {""mean_pool_full"": 0.0009, ""median_pool_full"": 0.0849, ""trimmed_mean_pool_full"": 0.0182, ""mean_pool4"": 0.0005, ""median_pool4"": 0.0052, ""trimmed_mean_pool4"": 0.0017, ""mean_pool1"": 0.0009, ""median_pool1"": 0.2515, ""trimmed_mean_pool1"": 0.0142, ""mean_pool2"": 0.001, ""median_pool2"": 0.3957, ""trimmed_mean_pool2"": 0.013, ""best_NaiveMovingAverage"": 0.0761, ""best_ONLY_DWT_catboost"": 0.0634, ""best_DWT_catboost"": 0.0411, ""accept"": 0.0316}, ""input_tokens"": 1604, ""score"": 0.6729, ""rank"": 1, ""already_tested"": true}, {""iteration"": 4, ""action"": ""median_pool2"", ""confidence"": 0.3559, ""probability_of_chosen"": 0.3957, ""probabilities"": {""mean_pool_full"": 0.0009, ""median_pool_full"": 0.0849, ""trimmed_mean_pool_full"": 0.0182, ""mean_pool4"": 0.0005, ""median_pool4"": 0.0052, ""trimmed_mean_pool4"": 0.0017, ""mean_pool1"": 0.0009, ""median_pool1"": 0.2515, ""trimmed_mean_pool1"": 0.0142, ""mean_pool2"": 0.001, ""median_pool2"": 0.3957, ""trimmed_mean_pool2"": 0.013, ""best_NaiveMovingAverage"": 0.0761, ""best_ONLY_DWT_catboost"": 0.0634, ""best_DWT_catboost"": 0.0411, ""accept"": 0.0316}, ""input_tokens"": 1604, ""score"": 0.6729, ""rank"": 1, ""already_tested"": true}]}, ""score"": 0.6729}";agent;4;no new information in 3 consecutive turns;0.6512135342707368;5112.716111269793;laya_multilingual_laya_v0_ml8192
144;12;orchestrator_laya_laya_v0_ml8192;0.0554045052058623;81.81818181818181;0.057389825487863394;6428.211811852279;0.057389796646416254;5741.747504215554;[[104964.46, 100566.0, 87955.637, 90008.2, 93827.7, 101633.457, 99189.8, 110531.5, 111733.4, 107316.2, 114065.5, 109348.9]];[[103258.10439652, 92413.84337396, 84133.45543515, 89683.53078935335, 86376.55991350334, 92538.92775144333, 93579.25628153665, 100104.12543768667, 105465.22804856999, 104187.92576630332, 106952.46200188335, 103546.36475350334]];2023-12-31 00:00:00;2024-11-30 00:00:00;"{""strategy"": {""combine"": ""trimmed_mean"", ""pool"": ""pool1"", ""trim_pct"": 0.2}, ""origin"": ""baseline"", ""loop"": {""final_attempt"": ""a5"", ""strategy"": {""combine"": ""trimmed_mean"", ""pool"": ""pool1"", ""trim_pct"": 0.2}, ""iterations_used"": 4, ""stop_reason"": ""no new information in 3 consecutive turns"", ""trace"": [{""iteration"": 1, ""action"": ""trimmed_mean_pool_full"", ""confidence"": 0.195, ""probability_of_chosen"": 0.2644, ""probabilities"": {""mean_pool_full"": 0.074, ""median_pool_full"": 0.0602, ""trimmed_mean_pool_full"": 0.2644, ""mean_pool1"": 0.0054, ""median_pool1"": 0.005, ""trimmed_mean_pool1"": 0.0039, ""mean_pool2"": 0.007, ""median_pool2"": 0.0588, ""trimmed_mean_pool2"": 0.0712, ""mean_pool3"": 0.0018, ""median_pool3"": 0.0327, ""trimmed_mean_pool3"": 0.0233, ""best_DWT_rf"": 0.1789, ""best_CWT_catboost"": 0.032, ""best_CWT_rf"": 0.123, ""accept"": 0.0583}, ""input_tokens"": 1634, ""score"": 0.6079, ""rank"": 8, ""already_tested"": false}, {""iteration"": 2, ""action"": ""trimmed_mean_pool_full"", ""confidence"": 0.3356, ""probability_of_chosen"": 0.4648, ""probabilities"": {""mean_pool_full"": 0.0279, ""median_pool_full"": 0.0401, ""trimmed_mean_pool_full"": 0.4648, ""mean_pool4"": 0.0037, ""median_pool4"": 0.0022, ""trimmed_mean_pool4"": 0.002, ""mean_pool1"": 0.0029, ""median_pool1"": 0.0184, ""trimmed_mean_pool1"": 0.0287, ""mean_pool2"": 0.0028, ""median_pool2"": 0.0827, ""trimmed_mean_pool2"": 0.0137, ""best_DWT_rf"": 0.1342, ""best_CWT_catboost"": 0.0251, ""best_CWT_rf"": 0.1087, ""accept"": 0.0419}, ""input_tokens"": 1634, ""score"": 0.6079, ""rank"": 8, ""already_tested"": true}, {""iteration"": 3, ""action"": ""trimmed_mean_pool_full"", ""confidence"": 0.3356, ""probability_of_chosen"": 0.4648, ""probabilities"": {""mean_pool_full"": 0.0279, ""median_pool_full"": 0.0401, ""trimmed_mean_pool_full"": 0.4648, ""mean_pool4"": 0.0037, ""median_pool4"": 0.0022, ""trimmed_mean_pool4"": 0.002, ""mean_pool1"": 0.0029, ""median_pool1"": 0.0184, ""trimmed_mean_pool1"": 0.0287, ""mean_pool2"": 0.0028, ""median_pool2"": 0.0827, ""trimmed_mean_pool2"": 0.0137, ""best_DWT_rf"": 0.1342, ""best_CWT_catboost"": 0.0251, ""best_CWT_rf"": 0.1087, ""accept"": 0.0419}, ""input_tokens"": 1634, ""score"": 0.6079, ""rank"": 8, ""already_tested"": true}, {""iteration"": 4, ""action"": ""trimmed_mean_pool_full"", ""confidence"": 0.3356, ""probability_of_chosen"": 0.4648, ""probabilities"": {""mean_pool_full"": 0.0279, ""median_pool_full"": 0.0401, ""trimmed_mean_pool_full"": 0.4648, ""mean_pool4"": 0.0037, ""median_pool4"": 0.0022, ""trimmed_mean_pool4"": 0.002, ""mean_pool1"": 0.0029, ""median_pool1"": 0.0184, ""trimmed_mean_pool1"": 0.0287, ""mean_pool2"": 0.0028, ""median_pool2"": 0.0827, ""trimmed_mean_pool2"": 0.0137, ""best_DWT_rf"": 0.1342, ""best_CWT_catboost"": 0.0251, ""best_CWT_rf"": 0.1087, ""accept"": 0.0419}, ""input_tokens"": 1634, ""score"": 0.6079, ""rank"": 8, ""already_tested"": true}]}, ""score"": 0.5266}";baseline;4;no new information in 3 consecutive turns;0.057389825487863394;6428.211811852279;laya_multilingual_laya_v0_ml8192
145;12;orchestrator_laya_laya_v0_ml8192;0.19318687499749465;45.45454545454545;0.16713263901502837;38.93727855192195;0.16708804604631997;31.412171595;[[201.393, 199.265, 158.938, 156.126, 190.67, 222.187, 199.026, 207.646, 155.249, 138.27, 175.832, 180.13]];[[195.79677242, 192.74071279, 207.14096823, 212.96284638, 209.19965961, 207.92950725, 207.56084878, 215.18318261, 217.59053064, 208.36093929, 217.24228114, 217.21379492]];2023-12-31 00:00:00;2024-11-30 00:00:00;"{""strategy"": {""combine"": ""best_single"", ""model"": ""ONLY_FT_rf"", ""pool"": ""pool_full""}, ""origin"": ""agent"", ""loop"": {""final_attempt"": ""a10"", ""strategy"": {""combine"": ""best_single"", ""model"": ""ONLY_FT_rf"", ""pool"": ""pool_full""}, ""iterations_used"": 4, ""stop_reason"": ""no new information in 3 consecutive turns"", ""trace"": [{""iteration"": 1, ""action"": ""best_ONLY_FT_rf"", ""confidence"": 0.8476, ""probability_of_chosen"": 0.9229, ""probabilities"": {""mean_pool_full"": 0.0002, ""median_pool_full"": 0.0164, ""trimmed_mean_pool_full"": 0.0202, ""mean_pool1"": 0.0002, ""median_pool1"": 0.001, ""trimmed_mean_pool1"": 0.002, ""mean_pool2"": 0.0003, ""median_pool2"": 0.0158, ""trimmed_mean_pool2"": 0.0106, ""mean_pool3"": 0.0001, ""median_pool3"": 0.0014, ""trimmed_mean_pool3"": 0.0038, ""best_ONLY_FT_rf"": 0.9229, ""best_ONLY_DWT_catboost"": 0.0014, ""best_NaiveMovingAverage"": 0.0009, ""accept"": 0.003}, ""input_tokens"": 1550, ""score"": 0.6117, ""rank"": 1, ""already_tested"": false}, {""iteration"": 2, ""action"": ""best_ONLY_FT_rf"", ""confidence"": 0.938, ""probability_of_chosen"": 0.9709, ""probabilities"": {""mean_pool_full"": 0.0, ""median_pool_full"": 0.0003, ""trimmed_mean_pool_full"": 0.017, ""mean_pool4"": 0.0, ""median_pool4"": 0.0001, ""trimmed_mean_pool4"": 0.0005, ""mean_pool1"": 0.0, ""median_pool1"": 0.0048, ""trimmed_mean_pool1"": 0.0021, ""mean_pool2"": 0.0, ""median_pool2"": 0.0007, ""trimmed_mean_pool2"": 0.0029, ""best_ONLY_FT_rf"": 0.9709, ""best_ONLY_DWT_catboost"": 0.0002, ""best_NaiveMovingAverage"": 0.0001, ""accept"": 0.0004}, ""input_tokens"": 1557, ""score"": 0.6117, ""rank"": 1, ""already_tested"": true}, {""iteration"": 3, ""action"": ""best_ONLY_FT_rf"", ""confidence"": 0.938, ""probability_of_chosen"": 0.9709, ""probabilities"": {""mean_pool_full"": 0.0, ""median_pool_full"": 0.0003, ""trimmed_mean_pool_full"": 0.017, ""mean_pool4"": 0.0, ""median_pool4"": 0.0001, ""trimmed_mean_pool4"": 0.0005, ""mean_pool1"": 0.0, ""median_pool1"": 0.0048, ""trimmed_mean_pool1"": 0.0021, ""mean_pool2"": 0.0, ""median_pool2"": 0.0007, ""trimmed_mean_pool2"": 0.0029, ""best_ONLY_FT_rf"": 0.9709, ""best_ONLY_DWT_catboost"": 0.0002, ""best_NaiveMovingAverage"": 0.0001, ""accept"": 0.0004}, ""input_tokens"": 1557, ""score"": 0.6117, ""rank"": 1, ""already_tested"": true}, {""iteration"": 4, ""action"": ""best_ONLY_FT_rf"", ""confidence"": 0.938, ""probability_of_chosen"": 0.9709, ""probabilities"": {""mean_pool_full"": 0.0, ""median_pool_full"": 0.0003, ""trimmed_mean_pool_full"": 0.017, ""mean_pool4"": 0.0, ""median_pool4"": 0.0001, ""trimmed_mean_pool4"": 0.0005, ""mean_pool1"": 0.0, ""median_pool1"": 0.0048, ""trimmed_mean_pool1"": 0.0021, ""mean_pool2"": 0.0, ""median_pool2"": 0.0007, ""trimmed_mean_pool2"": 0.0029, ""best_ONLY_FT_rf"": 0.9709, ""best_ONLY_DWT_catboost"": 0.0002, ""best_NaiveMovingAverage"": 0.0001, ""accept"": 0.0004}, ""input_tokens"": 1557, ""score"": 0.6117, ""rank"": 1, ""already_tested"": true}]}, ""score"": 0.6117}";agent;4;no new information in 3 consecutive turns;0.13047538249636462;31.38424243459986;laya_multilingual_laya_v0_ml8192
146;12;orchestrator_laya_laya_v0_ml8192;0.06454533292082247;72.72727272727273;0.06358210634094012;13672.800353713657;0.06358208742978598;10777.889061596958;[[143607.293, 147712.235, 176621.272, 166769.611, 155317.504, 155850.505, 174745.061, 183419.642, 177192.763, 165721.538, 180694.769, 158468.817]];[[138520.10366382953, 134755.67026168265, 157778.08787875474, 194839.81206580793, 153327.65501257422, 156074.17343367473, 161914.07043925213, 184595.6233206542, 195285.56078462265, 184224.4649830726, 186362.7983342637, 164362.103073161]];2023-12-31 00:00:00;2024-11-30 00:00:00;"{""strategy"": {""combine"": ""mean"", ""pool"": ""pool_full""}, ""origin"": ""baseline"", ""loop"": {""final_attempt"": ""a1"", ""strategy"": {""combine"": ""mean"", ""pool"": ""pool_full""}, ""iterations_used"": 4, ""stop_reason"": ""no new information in 3 consecutive turns"", ""trace"": [{""iteration"": 1, ""action"": ""median_pool2"", ""confidence"": 0.9763, ""probability_of_chosen"": 0.9887, ""probabilities"": {""mean_pool_full"": 0.0, ""median_pool_full"": 0.0003, ""trimmed_mean_pool_full"": 0.0, ""mean_pool1"": 0.0, ""median_pool1"": 0.0, ""trimmed_mean_pool1"": 0.0, ""mean_pool2"": 0.0, ""median_pool2"": 0.9887, ""trimmed_mean_pool2"": 0.0, ""mean_pool3"": 0.0, ""median_pool3"": 0.0001, ""trimmed_mean_pool3"": 0.0, ""best_ETS"": 0.0, ""best_DWT_rf"": 0.0001, ""best_ONLY_DWT_rf"": 0.0106, ""accept"": 0.0001}, ""input_tokens"": 1627, ""score"": 0.6836, ""rank"": 6, ""already_tested"": false}, {""iteration"": 2, ""action"": ""median_pool2"", ""confidence"": 0.8309, ""probability_of_chosen"": 0.8488, ""probabilities"": {""mean_pool_full"": 0.0, ""median_pool_full"": 0.0016, ""trimmed_mean_pool_full"": 0.0002, ""mean_pool4"": 0.0, ""median_pool4"": 0.0007, ""trimmed_mean_pool4"": 0.0, ""mean_pool1"": 0.0, ""median_pool1"": 0.0043, ""trimmed_mean_pool1"": 0.0001, ""mean_pool2"": 0.0, ""median_pool2"": 0.8488, ""trimmed_mean_pool2"": 0.0, ""best_ETS"": 0.0001, ""best_DWT_rf"": 0.0003, ""best_ONLY_DWT_rf"": 0.143, ""accept"": 0.0008}, ""input_tokens"": 1627, ""score"": 0.6836, ""rank"": 6, ""already_tested"": true}, {""iteration"": 3, ""action"": ""median_pool2"", ""confidence"": 0.8309, ""probability_of_chosen"": 0.8488, ""probabilities"": {""mean_pool_full"": 0.0, ""median_pool_full"": 0.0016, ""trimmed_mean_pool_full"": 0.0002, ""mean_pool4"": 0.0, ""median_pool4"": 0.0007, ""trimmed_mean_pool4"": 0.0, ""mean_pool1"": 0.0, ""median_pool1"": 0.0043, ""trimmed_mean_pool1"": 0.0001, ""mean_pool2"": 0.0, ""median_pool2"": 0.8488, ""trimmed_mean_pool2"": 0.0, ""best_ETS"": 0.0001, ""best_DWT_rf"": 0.0003, ""best_ONLY_DWT_rf"": 0.143, ""accept"": 0.0008}, ""input_tokens"": 1627, ""score"": 0.6836, ""rank"": 6, ""already_tested"": true}, {""iteration"": 4, ""action"": ""median_pool2"", ""confidence"": 0.8309, ""probability_of_chosen"": 0.8488, ""probabilities"": {""mean_pool_full"": 0.0, ""median_pool_full"": 0.0016, ""trimmed_mean_pool_full"": 0.0002, ""mean_pool4"": 0.0, ""median_pool4"": 0.0007, ""trimmed_mean_pool4"": 0.0, ""mean_pool1"": 0.0, ""median_pool1"": 0.0043, ""trimmed_mean_pool1"": 0.0001, ""mean_pool2"": 0.0, ""median_pool2"": 0.8488, ""trimmed_mean_pool2"": 0.0, ""best_ETS"": 0.0001, ""best_DWT_rf"": 0.0003, ""best_ONLY_DWT_rf"": 0.143, ""accept"": 0.0008}, ""input_tokens"": 1627, ""score"": 0.6836, ""rank"": 6, ""already_tested"": true}]}, ""score"": 0.6424}";baseline;4;no new information in 3 consecutive turns;0.06358210634094012;13672.800353713657;laya_multilingual_laya_v0_ml8192
147;12;orchestrator_laya_laya_v0_ml8192;0.07158352497359363;90.9090909090909;0.07124745121233125;2472.5514819255163;0.07124734126756925;2317.0288101476854;[[31363.6, 31212.5, 28317.5, 30701.771, 34640.5, 34688.64, 27921.0, 31770.5, 34318.0, 33946.3, 37734.45, 35245.0]];[[33883.14418868667, 32827.75407896778, 31323.37721382889, 33387.73078760333, 32126.208971666663, 32456.181444808884, 31081.75094017778, 31124.591051154446, 32461.250257388896, 32359.706859247777, 33605.66063031, 33392.83127291556]];2023-12-31 00:00:00;2024-11-30 00:00:00;"{""strategy"": {""combine"": ""mean"", ""pool"": ""pool3""}, ""origin"": ""baseline"", ""loop"": {""final_attempt"": ""a8"", ""strategy"": {""combine"": ""mean"", ""pool"": ""pool3""}, ""iterations_used"": 4, ""stop_reason"": ""no new information in 3 consecutive turns"", ""trace"": [{""iteration"": 1, ""action"": ""median_pool2"", ""confidence"": 0.9995, ""probability_of_chosen"": 0.9999, ""probabilities"": {""mean_pool_full"": 0.0, ""median_pool_full"": 0.0, ""trimmed_mean_pool_full"": 0.0, ""mean_pool1"": 0.0, ""median_pool1"": 0.0, ""trimmed_mean_pool1"": 0.0, ""mean_pool2"": 0.0, ""median_pool2"": 0.9999, ""trimmed_mean_pool2"": 0.0, ""mean_pool3"": 0.0, ""median_pool3"": 0.0, ""trimmed_mean_pool3"": 0.0, ""best_FT_rf"": 0.0, ""best_FT_catboost"": 0.0, ""best_ONLY_DWT_catboost"": 0.0001, ""accept"": 0.0}, ""input_tokens"": 1579, ""score"": 0.6546, ""rank"": 10, ""already_tested"": false}, {""iteration"": 2, ""action"": ""median_pool2"", ""confidence"": 0.5011, ""probability_of_chosen"": 0.4381, ""probabilities"": {""mean_pool_full"": 0.0003, ""median_pool_full"": 0.0245, ""trimmed_mean_pool_full"": 0.021, ""mean_pool4"": 0.0004, ""median_pool4"": 0.0068, ""trimmed_mean_pool4"": 0.0004, ""mean_pool1"": 0.0004, ""median_pool1"": 0.0948, ""trimmed_mean_pool1"": 0.0015, ""mean_pool2"": 0.0012, ""median_pool2"": 0.4381, ""trimmed_mean_pool2"": 0.0023, ""best_FT_rf"": 0.0282, ""best_FT_catboost"": 0.0069, ""best_ONLY_DWT_catboost"": 0.3632, ""accept"": 0.0099}, ""input_tokens"": 1579, ""score"": 0.6546, ""rank"": 10, ""already_tested"": true}, {""iteration"": 3, ""action"": ""median_pool2"", ""confidence"": 0.5011, ""probability_of_chosen"": 0.4381, ""probabilities"": {""mean_pool_full"": 0.0003, ""median_pool_full"": 0.0245, ""trimmed_mean_pool_full"": 0.021, ""mean_pool4"": 0.0004, ""median_pool4"": 0.0068, ""trimmed_mean_pool4"": 0.0004, ""mean_pool1"": 0.0004, ""median_pool1"": 0.0948, ""trimmed_mean_pool1"": 0.0015, ""mean_pool2"": 0.0012, ""median_pool2"": 0.4381, ""trimmed_mean_pool2"": 0.0023, ""best_FT_rf"": 0.0282, ""best_FT_catboost"": 0.0069, ""best_ONLY_DWT_catboost"": 0.3632, ""accept"": 0.0099}, ""input_tokens"": 1579, ""score"": 0.6546, ""rank"": 10, ""already_tested"": true}, {""iteration"": 4, ""action"": ""median_pool2"", ""confidence"": 0.5011, ""probability_of_chosen"": 0.4381, ""probabilities"": {""mean_pool_full"": 0.0003, ""median_pool_full"": 0.0245, ""trimmed_mean_pool_full"": 0.021, ""mean_pool4"": 0.0004, ""median_pool4"": 0.0068, ""trimmed_mean_pool4"": 0.0004, ""mean_pool1"": 0.0004, ""median_pool1"": 0.0948, ""trimmed_mean_pool1"": 0.0015, ""mean_pool2"": 0.0012, ""median_pool2"": 0.4381, ""trimmed_mean_pool2"": 0.0023, ""best_FT_rf"": 0.0282, ""best_FT_catboost"": 0.0069, ""best_ONLY_DWT_catboost"": 0.3632, ""accept"": 0.0099}, ""input_tokens"": 1579, ""score"": 0.6546, ""rank"": 10, ""already_tested"": true}]}, ""score"": 0.624}";baseline;4;no new information in 3 consecutive turns;0.07124745121233125;2472.5514819255163;laya_multilingual_laya_v0_ml8192
148;12;orchestrator_laya_laya_v0_ml8192;0.04415566441535539;100.0;0.045353142152713466;180.67346479404992;0.04535245153126798;149.10665605138888;[[3443.972826, 3268.719203, 2955.077899, 3282.096014, 3212.652174, 3515.030797, 3175.797101, 3576.75, 3255.619565, 3040.913043, 3430.356884, 3415.893116]];[[3282.2624948033335, 3115.916230493334, 3089.236166343333, 3233.255372713333, 3165.1309344466663, 3245.7925058333335, 3170.590415256667, 3221.2144922266666, 3193.863856366667, 3124.8153391, 3196.9989680599997, 3180.6431006266666]];2023-12-31 00:00:00;2024-11-30 00:00:00;"{""strategy"": {""combine"": ""trimmed_mean"", ""pool"": ""pool1"", ""trim_pct"": 0.2}, ""origin"": ""baseline"", ""loop"": {""final_attempt"": ""a5"", ""strategy"": {""combine"": ""trimmed_mean"", ""pool"": ""pool1"", ""trim_pct"": 0.2}, ""iterations_used"": 4, ""stop_reason"": ""no new information in 3 consecutive turns"", ""trace"": [{""iteration"": 1, ""action"": ""trimmed_mean_pool_full"", ""confidence"": 0.2992, ""probability_of_chosen"": 0.4443, ""probabilities"": {""mean_pool_full"": 0.0051, ""median_pool_full"": 0.01, ""trimmed_mean_pool_full"": 0.4443, ""mean_pool1"": 0.0643, ""median_pool1"": 0.0128, ""trimmed_mean_pool1"": 0.0743, ""mean_pool2"": 0.0238, ""median_pool2"": 0.0882, ""trimmed_mean_pool2"": 0.0516, ""mean_pool3"": 0.0066, ""median_pool3"": 0.1106, ""trimmed_mean_pool3"": 0.0618, ""best_ETS"": 0.0065, ""best_THETA"": 0.0015, ""best_ARIMA"": 0.0033, ""accept"": 0.0353}, ""input_tokens"": 1548, ""score"": 0.6763, ""rank"": 9, ""already_tested"": false}, {""iteration"": 2, ""action"": ""trimmed_mean_pool_full"", ""confidence"": 0.6227, ""probability_of_chosen"": 0.7732, ""probabilities"": {""mean_pool_full"": 0.0024, ""median_pool_full"": 0.0076, ""trimmed_mean_pool_full"": 0.7732, ""mean_pool4"": 0.0123, ""median_pool4"": 0.0027, ""trimmed_mean_pool4"": 0.0173, ""mean_pool1"": 0.0076, ""median_pool1"": 0.0229, ""trimmed_mean_pool1"": 0.023, ""mean_pool2"": 0.0089, ""median_pool2"": 0.0464, ""trimmed_mean_pool2"": 0.0514, ""best_ETS"": 0.0028, ""best_THETA"": 0.0008, ""best_ARIMA"": 0.0016, ""accept"": 0.0191}, ""input_tokens"": 1548, ""score"": 0.6763, ""rank"": 9, ""already_tested"": true}, {""iteration"": 3, ""action"": ""trimmed_mean_pool_full"", ""confidence"": 0.6227, ""probability_of_chosen"": 0.7732, ""probabilities"": {""mean_pool_full"": 0.0024, ""median_pool_full"": 0.0076, ""trimmed_mean_pool_full"": 0.7732, ""mean_pool4"": 0.0123, ""median_pool4"": 0.0027, ""trimmed_mean_pool4"": 0.0173, ""mean_pool1"": 0.0076, ""median_pool1"": 0.0229, ""trimmed_mean_pool1"": 0.023, ""mean_pool2"": 0.0089, ""median_pool2"": 0.0464, ""trimmed_mean_pool2"": 0.0514, ""best_ETS"": 0.0028, ""best_THETA"": 0.0008, ""best_ARIMA"": 0.0016, ""accept"": 0.0191}, ""input_tokens"": 1548, ""score"": 0.6763, ""rank"": 9, ""already_tested"": true}, {""iteration"": 4, ""action"": ""trimmed_mean_pool_full"", ""confidence"": 0.6227, ""probability_of_chosen"": 0.7732, ""probabilities"": {""mean_pool_full"": 0.0024, ""median_pool_full"": 0.0076, ""trimmed_mean_pool_full"": 0.7732, ""mean_pool4"": 0.0123, ""median_pool4"": 0.0027, ""trimmed_mean_pool4"": 0.0173, ""mean_pool1"": 0.0076, ""median_pool1"": 0.0229, ""trimmed_mean_pool1"": 0.023, ""mean_pool2"": 0.0089, ""median_pool2"": 0.0464, ""trimmed_mean_pool2"": 0.0514, ""best_ETS"": 0.0028, ""best_THETA"": 0.0008, ""best_ARIMA"": 0.0016, ""accept"": 0.0191}, ""input_tokens"": 1548, ""score"": 0.6763, ""rank"": 9, ""already_tested"": true}]}, ""score"": 0.6014}";baseline;4;no new information in 3 consecutive turns;0.045353142152713466;180.67346479404992;laya_multilingual_laya_v0_ml8192
149;12;orchestrator_laya_laya_v0_ml8192;0.4969008260131533;54.54545454545455;0.6712328264599249;16730.062328423333;0.6712314278471646;16188.707533864392;[[27759.2, 25894.6, 32664.6, 38779.0, 33997.5, 29894.4, 32024.3, 33523.3, 32304.594, 29949.8, 34880.6, 33943.5]];[[20400.638081783585, 15394.745084424208, 15424.717937707894, 15949.32968749737, 15645.092558244736, 15499.203781099475, 16909.727210911, 12143.155224073947, 14455.448406680416, 15398.060893036522, 14870.7250189915, 19260.059709176665]];2023-12-31 00:00:00;2024-11-30 00:00:00;"{""strategy"": {""combine"": ""dba"", ""pool"": ""pool_full"", ""dba_max_iter"": 30}, ""origin"": ""baseline"", ""loop"": {""final_attempt"": ""a3"", ""strategy"": {""combine"": ""dba"", ""pool"": ""pool_full"", ""dba_max_iter"": 30}, ""iterations_used"": 3, ""stop_reason"": ""no new information in 3 consecutive turns"", ""trace"": [{""iteration"": 1, ""action"": ""trimmed_mean_pool2"", ""confidence"": 0.7193, ""probability_of_chosen"": 0.8392, ""probabilities"": {""mean_pool_full"": 0.0002, ""median_pool_full"": 0.0389, ""trimmed_mean_pool_full"": 0.0083, ""mean_pool1"": 0.0003, ""median_pool1"": 0.0008, ""trimmed_mean_pool1"": 0.0166, ""mean_pool2"": 0.0003, ""median_pool2"": 0.0296, ""trimmed_mean_pool2"": 0.8392, ""mean_pool3"": 0.0002, ""median_pool3"": 0.0248, ""trimmed_mean_pool3"": 0.0116, ""best_NaiveMovingAverage"": 0.0173, ""best_ONLY_CWT_catboost"": 0.0027, ""best_CWT_catboost"": 0.0057, ""accept"": 0.0036}, ""input_tokens"": 1606, ""score"": 0.752, ""rank"": 7, ""already_tested"": true}, {""iteration"": 2, ""action"": ""trimmed_mean_pool1"", ""confidence"": 0.4886, ""probability_of_chosen"": 0.6076, ""probabilities"": {""mean_pool_full"": 0.0003, ""median_pool_full"": 0.0917, ""trimmed_mean_pool_full"": 0.0889, ""mean_pool4"": 0.0003, ""median_pool4"": 0.0007, ""trimmed_mean_pool4"": 0.0095, ""mean_pool1"": 0.0003, ""median_pool1"": 0.0132, ""trimmed_mean_pool1"": 0.6076, ""mean_pool2"": 0.0004, ""median_pool2"": 0.0917, ""trimmed_mean_pool2"": 0.0469, ""best_NaiveMovingAverage"": 0.0273, ""best_ONLY_CWT_catboost"": 0.0044, ""best_CWT_catboost"": 0.0107, ""accept"": 0.0061}, ""input_tokens"": 1606, ""score"": 0.7626, ""rank"": 9, ""already_tested"": true}, {""iteration"": 3, ""action"": ""trimmed_mean_pool1"", ""confidence"": 0.4886, ""probability_of_chosen"": 0.6076, ""probabilities"": {""mean_pool_full"": 0.0003, ""median_pool_full"": 0.0917, ""trimmed_mean_pool_full"": 0.0889, ""mean_pool4"": 0.0003, ""median_pool4"": 0.0007, ""trimmed_mean_pool4"": 0.0095, ""mean_pool1"": 0.0003, ""median_pool1"": 0.0132, ""trimmed_mean_pool1"": 0.6076, ""mean_pool2"": 0.0004, ""median_pool2"": 0.0917, ""trimmed_mean_pool2"": 0.0469, ""best_NaiveMovingAverage"": 0.0273, ""best_ONLY_CWT_catboost"": 0.0044, ""best_CWT_catboost"": 0.0107, ""accept"": 0.0061}, ""input_tokens"": 1606, ""score"": 0.7626, ""rank"": 9, ""already_tested"": true}]}, ""score"": 0.6525}";baseline;3;no new information in 3 consecutive turns;0.6712328264599249;16730.062328423333;laya_multilingual_laya_v0_ml8192
150;12;orchestrator_laya_laya_v0_ml8192;0.03096401008521464;63.63636363636363;0.031133247572167334;780.9134869975003;0.031133175799282934;676.3514181465553;[[21710.94746, 21828.88225, 19417.10688, 20128.1413, 21399.18841, 22469.04167, 21950.60507, 23234.82609, 23498.74638, 21387.5, 22837.7808, 21121.77355]];[[21790.423357751737, 20891.44907085842, 19771.0173826, 21446.578168491575, 20871.486930550433, 21728.054668469, 21842.039473447894, 22069.178645095002, 22712.50357075807, 22034.397720946, 21736.823901089232, 21471.735168237406]];2023-12-31 00:00:00;2024-11-30 00:00:00;"{""strategy"": {""combine"": ""dba"", ""pool"": ""pool_full"", ""dba_max_iter"": 30}, ""origin"": ""baseline"", ""loop"": {""final_attempt"": ""a3"", ""strategy"": {""combine"": ""dba"", ""pool"": ""pool_full"", ""dba_max_iter"": 30}, ""iterations_used"": 4, ""stop_reason"": ""no new information in 3 consecutive turns"", ""trace"": [{""iteration"": 1, ""action"": ""median_pool2"", ""confidence"": 0.7522, ""probability_of_chosen"": 0.8292, ""probabilities"": {""mean_pool_full"": 0.0004, ""median_pool_full"": 0.1105, ""trimmed_mean_pool_full"": 0.0106, ""mean_pool1"": 0.0015, ""median_pool1"": 0.0044, ""trimmed_mean_pool1"": 0.0004, ""mean_pool2"": 0.001, ""median_pool2"": 0.8292, ""trimmed_mean_pool2"": 0.0046, ""mean_pool3"": 0.0006, ""median_pool3"": 0.0185, ""trimmed_mean_pool3"": 0.0039, ""best_ARIMA"": 0.0008, ""best_ETS"": 0.0002, ""best_THETA"": 0.0009, ""accept"": 0.0126}, ""input_tokens"": 1565, ""score"": 0.658, ""rank"": 8, ""already_tested"": false}, {""iteration"": 2, ""action"": ""median_pool2"", ""confidence"": 0.6243, ""probability_of_chosen"": 0.6479, ""probabilities"": {""mean_pool_full"": 0.0004, ""median_pool_full"": 0.2537, ""trimmed_mean_pool_full"": 0.0298, ""mean_pool4"": 0.0021, ""median_pool4"": 0.0037, ""trimmed_mean_pool4"": 0.0003, ""mean_pool1"": 0.0013, ""median_pool1"": 0.0251, ""trimmed_mean_pool1"": 0.0018, ""mean_pool2"": 0.007, ""median_pool2"": 0.6479, ""trimmed_mean_pool2"": 0.016, ""best_ARIMA"": 0.0006, ""best_ETS"": 0.0002, ""best_THETA"": 0.0007, ""accept"": 0.0093}, ""input_tokens"": 1565, ""score"": 0.658, ""rank"": 8, ""already_tested"": true}, {""iteration"": 3, ""action"": ""median_pool2"", ""confidence"": 0.6243, ""probability_of_chosen"": 0.6479, ""probabilities"": {""mean_pool_full"": 0.0004, ""median_pool_full"": 0.2537, ""trimmed_mean_pool_full"": 0.0298, ""mean_pool4"": 0.0021, ""median_pool4"": 0.0037, ""trimmed_mean_pool4"": 0.0003, ""mean_pool1"": 0.0013, ""median_pool1"": 0.0251, ""trimmed_mean_pool1"": 0.0018, ""mean_pool2"": 0.007, ""median_pool2"": 0.6479, ""trimmed_mean_pool2"": 0.016, ""best_ARIMA"": 0.0006, ""best_ETS"": 0.0002, ""best_THETA"": 0.0007, ""accept"": 0.0093}, ""input_tokens"": 1565, ""score"": 0.658, ""rank"": 8, ""already_tested"": true}, {""iteration"": 4, ""action"": ""median_pool2"", ""confidence"": 0.6243, ""probability_of_chosen"": 0.6479, ""probabilities"": {""mean_pool_full"": 0.0004, ""median_pool_full"": 0.2537, ""trimmed_mean_pool_full"": 0.0298, ""mean_pool4"": 0.0021, ""median_pool4"": 0.0037, ""trimmed_mean_pool4"": 0.0003, ""mean_pool1"": 0.0013, ""median_pool1"": 0.0251, ""trimmed_mean_pool1"": 0.0018, ""mean_pool2"": 0.007, ""median_pool2"": 0.6479, ""trimmed_mean_pool2"": 0.016, ""best_ARIMA"": 0.0006, ""best_ETS"": 0.0002, ""best_THETA"": 0.0007, ""accept"": 0.0093}, ""input_tokens"": 1565, ""score"": 0.658, ""rank"": 8, ""already_tested"": true}]}, ""score"": 0.6017}";baseline;4;no new information in 3 consecutive turns;0.031133247572167334;780.9134869975003;laya_multilingual_laya_v0_ml8192
151;12;orchestrator_laya_laya_v0_ml8192;0.040511915521739626;63.63636363636363;0.04141102025898163;2548.341304260176;0.04141097888392181;2074.482367993334;[[47791.38768, 49352.25543, 47231.15217, 47780.96558, 50456.8442, 50407.00181, 49276.56703, 54664.31703, 54278.56703, 46677.86051, 50811.71377, 50234.0942]];[[49753.05435, 48362.30735767, 46523.43468492, 50068.45710059, 47546.27471757, 49450.66478573, 49048.35326, 49577.33514, 50002.47992036, 46931.92899136, 48173.21131996, 47637.88973982]];2023-12-31 00:00:00;2024-11-30 00:00:00;"{""strategy"": {""combine"": ""median"", ""pool"": ""pool2""}, ""origin"": ""agent"", ""loop"": {""final_attempt"": ""a10"", ""strategy"": {""combine"": ""median"", ""pool"": ""pool2""}, ""iterations_used"": 4, ""stop_reason"": ""no new information in 3 consecutive turns"", ""trace"": [{""iteration"": 1, ""action"": ""median_pool2"", ""confidence"": 0.9988, ""probability_of_chosen"": 0.9997, ""probabilities"": {""mean_pool_full"": 0.0, ""median_pool_full"": 0.0, ""trimmed_mean_pool_full"": 0.0, ""mean_pool1"": 0.0, ""median_pool1"": 0.0, ""trimmed_mean_pool1"": 0.0, ""mean_pool2"": 0.0, ""median_pool2"": 0.9997, ""trimmed_mean_pool2"": 0.0001, ""mean_pool3"": 0.0, ""median_pool3"": 0.0001, ""trimmed_mean_pool3"": 0.0, ""best_DWT_catboost"": 0.0, ""best_THETA"": 0.0, ""best_DWT_rf"": 0.0, ""accept"": 0.0}, ""input_tokens"": 1643, ""score"": 0.6301, ""rank"": 1, ""already_tested"": false}, {""iteration"": 2, ""action"": ""median_pool2"", ""confidence"": 1.0, ""probability_of_chosen"": 1.0, ""probabilities"": {""mean_pool_full"": 0.0, ""median_pool_full"": 0.0, ""trimmed_mean_pool_full"": 0.0, ""mean_pool4"": 0.0, ""median_pool4"": 0.0, ""trimmed_mean_pool4"": 0.0, ""mean_pool1"": 0.0, ""median_pool1"": 0.0, ""trimmed_mean_pool1"": 0.0, ""mean_pool2"": 0.0, ""median_pool2"": 1.0, ""trimmed_mean_pool2"": 0.0, ""best_DWT_catboost"": 0.0, ""best_THETA"": 0.0, ""best_DWT_rf"": 0.0, ""accept"": 0.0}, ""input_tokens"": 1649, ""score"": 0.6301, ""rank"": 1, ""already_tested"": true}, {""iteration"": 3, ""action"": ""median_pool2"", ""confidence"": 1.0, ""probability_of_chosen"": 1.0, ""probabilities"": {""mean_pool_full"": 0.0, ""median_pool_full"": 0.0, ""trimmed_mean_pool_full"": 0.0, ""mean_pool4"": 0.0, ""median_pool4"": 0.0, ""trimmed_mean_pool4"": 0.0, ""mean_pool1"": 0.0, ""median_pool1"": 0.0, ""trimmed_mean_pool1"": 0.0, ""mean_pool2"": 0.0, ""median_pool2"": 1.0, ""trimmed_mean_pool2"": 0.0, ""best_DWT_catboost"": 0.0, ""best_THETA"": 0.0, ""best_DWT_rf"": 0.0, ""accept"": 0.0}, ""input_tokens"": 1649, ""score"": 0.6301, ""rank"": 1, ""already_tested"": true}, {""iteration"": 4, ""action"": ""median_pool2"", ""confidence"": 1.0, ""probability_of_chosen"": 1.0, ""probabilities"": {""mean_pool_full"": 0.0, ""median_pool_full"": 0.0, ""trimmed_mean_pool_full"": 0.0, ""mean_pool4"": 0.0, ""median_pool4"": 0.0, ""trimmed_mean_pool4"": 0.0, ""mean_pool1"": 0.0, ""median_pool1"": 0.0, ""trimmed_mean_pool1"": 0.0, ""mean_pool2"": 0.0, ""median_pool2"": 1.0, ""trimmed_mean_pool2"": 0.0, ""best_DWT_catboost"": 0.0, ""best_THETA"": 0.0, ""best_DWT_rf"": 0.0, ""accept"": 0.0}, ""input_tokens"": 1649, ""score"": 0.6301, ""rank"": 1, ""already_tested"": true}]}, ""score"": 0.6301}";agent;4;no new information in 3 consecutive turns;0.04168836712022252;2503.1066216896875;laya_multilingual_laya_v0_ml8192
152;12;orchestrator_laya_laya_v0_ml8192;0.04224824702170946;72.72727272727273;0.04336569104472556;787.2294860387035;0.04336554987668883;666.3843566233332;[[14956.63587, 15702.7192, 14401.98732, 14755.63406, 15492.0779, 16051.60688, 15321.30254, 16277.81341, 15645.9058, 14530.19384, 16546.16304, 15335.68478]];[[15225.58368982, 14715.785738756667, 14589.034844900001, 15189.863095163333, 14872.973992523332, 15206.524372746666, 14822.649773210002, 15051.003588123334, 15051.79611032, 14731.82564827, 14911.264987056667, 14836.518895936666]];2023-12-31 00:00:00;2024-11-30 00:00:00;"{""strategy"": {""combine"": ""trimmed_mean"", ""pool"": ""pool1"", ""trim_pct"": 0.2}, ""origin"": ""baseline"", ""loop"": {""final_attempt"": ""a5"", ""strategy"": {""combine"": ""trimmed_mean"", ""pool"": ""pool1"", ""trim_pct"": 0.2}, ""iterations_used"": 4, ""stop_reason"": ""no new information in 3 consecutive turns"", ""trace"": [{""iteration"": 1, ""action"": ""trimmed_mean_pool_full"", ""confidence"": 0.383, ""probability_of_chosen"": 0.5584, ""probabilities"": {""mean_pool_full"": 0.0083, ""median_pool_full"": 0.0373, ""trimmed_mean_pool_full"": 0.5584, ""mean_pool1"": 0.078, ""median_pool1"": 0.0134, ""trimmed_mean_pool1"": 0.0175, ""mean_pool2"": 0.0209, ""median_pool2"": 0.0993, ""trimmed_mean_pool2"": 0.0527, ""mean_pool3"": 0.007, ""median_pool3"": 0.0128, ""trimmed_mean_pool3"": 0.0354, ""best_ETS"": 0.0054, ""best_THETA"": 0.0078, ""best_ARIMA"": 0.0041, ""accept"": 0.0417}, ""input_tokens"": 1526, ""score"": 0.6831, ""rank"": 9, ""already_tested"": false}, {""iteration"": 2, ""action"": ""trimmed_mean_pool_full"", ""confidence"": 0.6581, ""probability_of_chosen"": 0.8033, ""probabilities"": {""mean_pool_full"": 0.0024, ""median_pool_full"": 0.0161, ""trimmed_mean_pool_full"": 0.8033, ""mean_pool4"": 0.0227, ""median_pool4"": 0.0017, ""trimmed_mean_pool4"": 0.0014, ""mean_pool1"": 0.0127, ""median_pool1"": 0.0335, ""trimmed_mean_pool1"": 0.0108, ""mean_pool2"": 0.0063, ""median_pool2"": 0.0356, ""trimmed_mean_pool2"": 0.0272, ""best_ETS"": 0.0022, ""best_THETA"": 0.0027, ""best_ARIMA"": 0.002, ""accept"": 0.0196}, ""input_tokens"": 1526, ""score"": 0.6831, ""rank"": 9, ""already_tested"": true}, {""iteration"": 3, ""action"": ""trimmed_mean_pool_full"", ""confidence"": 0.6581, ""probability_of_chosen"": 0.8033, ""probabilities"": {""mean_pool_full"": 0.0024, ""median_pool_full"": 0.0161, ""trimmed_mean_pool_full"": 0.8033, ""mean_pool4"": 0.0227, ""median_pool4"": 0.0017, ""trimmed_mean_pool4"": 0.0014, ""mean_pool1"": 0.0127, ""median_pool1"": 0.0335, ""trimmed_mean_pool1"": 0.0108, ""mean_pool2"": 0.0063, ""median_pool2"": 0.0356, ""trimmed_mean_pool2"": 0.0272, ""best_ETS"": 0.0022, ""best_THETA"": 0.0027, ""best_ARIMA"": 0.002, ""accept"": 0.0196}, ""input_tokens"": 1526, ""score"": 0.6831, ""rank"": 9, ""already_tested"": true}, {""iteration"": 4, ""action"": ""trimmed_mean_pool_full"", ""confidence"": 0.6581, ""probability_of_chosen"": 0.8033, ""probabilities"": {""mean_pool_full"": 0.0024, ""median_pool_full"": 0.0161, ""trimmed_mean_pool_full"": 0.8033, ""mean_pool4"": 0.0227, ""median_pool4"": 0.0017, ""trimmed_mean_pool4"": 0.0014, ""mean_pool1"": 0.0127, ""median_pool1"": 0.0335, ""trimmed_mean_pool1"": 0.0108, ""mean_pool2"": 0.0063, ""median_pool2"": 0.0356, ""trimmed_mean_pool2"": 0.0272, ""best_ETS"": 0.0022, ""best_THETA"": 0.0027, ""best_ARIMA"": 0.002, ""accept"": 0.0196}, ""input_tokens"": 1526, ""score"": 0.6831, ""rank"": 9, ""already_tested"": true}]}, ""score"": 0.6171}";baseline;4;no new information in 3 consecutive turns;0.04336569104472556;787.2294860387035;laya_multilingual_laya_v0_ml8192
153;12;orchestrator_laya_laya_v0_ml8192;0.034635506269915906;72.72727272727273;0.03531023214873489;30707.93303201022;0.03531022954948449;24141.38166634583;[[653086.38, 617924.879, 603263.692, 659089.707, 718650.739, 723260.459, 702023.283, 788296.564, 778885.317, 737505.601, 770063.767, 686962.446]];[[596708.97591738, 595636.32296445, 614861.88215185, 691786.66066812, 672660.5986575, 707573.24669157, 695980.83918423, 729813.75442211, 766535.5594199, 740441.85204438, 765781.61103906, 707927.151428]];2023-12-31 00:00:00;2024-11-30 00:00:00;"{""strategy"": {""combine"": ""best_single"", ""model"": ""ONLY_CWT_rf"", ""pool"": ""pool_full""}, ""origin"": ""agent"", ""loop"": {""final_attempt"": ""a10"", ""strategy"": {""combine"": ""best_single"", ""model"": ""ONLY_CWT_rf"", ""pool"": ""pool_full""}, ""iterations_used"": 4, ""stop_reason"": ""no new information in 3 consecutive turns"", ""trace"": [{""iteration"": 1, ""action"": ""best_ONLY_CWT_rf"", ""confidence"": 0.9631, ""probability_of_chosen"": 0.9861, ""probabilities"": {""mean_pool_full"": 0.0003, ""median_pool_full"": 0.0002, ""trimmed_mean_pool_full"": 0.0023, ""mean_pool1"": 0.0001, ""median_pool1"": 0.0001, ""trimmed_mean_pool1"": 0.0004, ""mean_pool2"": 0.0001, ""median_pool2"": 0.003, ""trimmed_mean_pool2"": 0.0033, ""mean_pool3"": 0.0, ""median_pool3"": 0.0005, ""trimmed_mean_pool3"": 0.0008, ""best_CWT_catboost"": 0.0001, ""best_DWT_catboost"": 0.0007, ""best_ONLY_CWT_rf"": 0.9861, ""accept"": 0.0019}, ""input_tokens"": 1663, ""score"": 0.5568, ""rank"": 1, ""already_tested"": false}, {""iteration"": 2, ""action"": ""best_ONLY_CWT_rf"", ""confidence"": 0.9867, ""probability_of_chosen"": 0.9955, ""probabilities"": {""mean_pool_full"": 0.0, ""median_pool_full"": 0.0, ""trimmed_mean_pool_full"": 0.0003, ""mean_pool4"": 0.0004, ""median_pool4"": 0.0, ""trimmed_mean_pool4"": 0.0, ""mean_pool1"": 0.0, ""median_pool1"": 0.0003, ""trimmed_mean_pool1"": 0.0002, ""mean_pool2"": 0.0001, ""median_pool2"": 0.0003, ""trimmed_mean_pool2"": 0.0, ""best_CWT_catboost"": 0.0001, ""best_DWT_catboost"": 0.0021, ""best_ONLY_CWT_rf"": 0.9955, ""accept"": 0.0004}, ""input_tokens"": 1668, ""score"": 0.5568, ""rank"": 1, ""already_tested"": true}, {""iteration"": 3, ""action"": ""best_ONLY_CWT_rf"", ""confidence"": 0.9867, ""probability_of_chosen"": 0.9955, ""probabilities"": {""mean_pool_full"": 0.0, ""median_pool_full"": 0.0, ""trimmed_mean_pool_full"": 0.0003, ""mean_pool4"": 0.0004, ""median_pool4"": 0.0, ""trimmed_mean_pool4"": 0.0, ""mean_pool1"": 0.0, ""median_pool1"": 0.0003, ""trimmed_mean_pool1"": 0.0002, ""mean_pool2"": 0.0001, ""median_pool2"": 0.0003, ""trimmed_mean_pool2"": 0.0, ""best_CWT_catboost"": 0.0001, ""best_DWT_catboost"": 0.0021, ""best_ONLY_CWT_rf"": 0.9955, ""accept"": 0.0004}, ""input_tokens"": 1668, ""score"": 0.5568, ""rank"": 1, ""already_tested"": true}, {""iteration"": 4, ""action"": ""best_ONLY_CWT_rf"", ""confidence"": 0.9867, ""probability_of_chosen"": 0.9955, ""probabilities"": {""mean_pool_full"": 0.0, ""median_pool_full"": 0.0, ""trimmed_mean_pool_full"": 0.0003, ""mean_pool4"": 0.0004, ""median_pool4"": 0.0, ""trimmed_mean_pool4"": 0.0, ""mean_pool1"": 0.0, ""median_pool1"": 0.0003, ""trimmed_mean_pool1"": 0.0002, ""mean_pool2"": 0.0001, ""median_pool2"": 0.0003, ""trimmed_mean_pool2"": 0.0, ""best_CWT_catboost"": 0.0001, ""best_DWT_catboost"": 0.0021, ""best_ONLY_CWT_rf"": 0.9955, ""accept"": 0.0004}, ""input_tokens"": 1668, ""score"": 0.5568, ""rank"": 1, ""already_tested"": true}]}, ""score"": 0.5568}";agent;4;no new information in 3 consecutive turns;0.034085918721181795;29075.82911014899;laya_multilingual_laya_v0_ml8192
154;12;orchestrator_laya_laya_v0_ml8192;0.2559655284055125;81.81818181818181;0.29566576783953585;8031.050313478807;0.29566520632649435;7805.370986508333;[[30441.699, 30220.434, 29050.05, 33112.407, 32349.39, 29935.683, 27325.833, 28840.871, 28939.365, 29178.862, 32504.115, 32313.293]];[[26833.18331831, 24179.79367417, 21232.71553098, 23173.92370194, 22568.46262441, 21603.1345873, 20936.10431331, 20215.95810489, 21854.1816714, 22794.33728209, 22745.43652023, 22410.31883287]];2023-12-31 00:00:00;2024-11-30 00:00:00;"{""strategy"": {""combine"": ""median"", ""pool"": ""pool_full""}, ""origin"": ""baseline"", ""loop"": {""final_attempt"": ""a2"", ""strategy"": {""combine"": ""median"", ""pool"": ""pool_full""}, ""iterations_used"": 4, ""stop_reason"": ""no new information in 3 consecutive turns"", ""trace"": [{""iteration"": 1, ""action"": ""median_pool2"", ""confidence"": 0.5799, ""probability_of_chosen"": 0.6692, ""probabilities"": {""mean_pool_full"": 0.0002, ""median_pool_full"": 0.0034, ""trimmed_mean_pool_full"": 0.0105, ""mean_pool1"": 0.0003, ""median_pool1"": 0.0022, ""trimmed_mean_pool1"": 0.0016, ""mean_pool2"": 0.0003, ""median_pool2"": 0.6692, ""trimmed_mean_pool2"": 0.0161, ""mean_pool3"": 0.0002, ""median_pool3"": 0.0532, ""trimmed_mean_pool3"": 0.0117, ""best_FT_rf"": 0.1746, ""best_ONLY_DWT_catboost"": 0.0299, ""best_CWT_rf"": 0.0187, ""accept"": 0.0079}, ""input_tokens"": 1621, ""score"": 0.743, ""rank"": 9, ""already_tested"": false}, {""iteration"": 2, ""action"": ""median_pool2"", ""confidence"": 0.3685, ""probability_of_chosen"": 0.3663, ""probabilities"": {""mean_pool_full"": 0.0003, ""median_pool_full"": 0.0045, ""trimmed_mean_pool_full"": 0.0512, ""mean_pool4"": 0.001, ""median_pool4"": 0.0088, ""trimmed_mean_pool4"": 0.002, ""mean_pool1"": 0.0002, ""median_pool1"": 0.2087, ""trimmed_mean_pool1"": 0.0095, ""mean_pool2"": 0.0012, ""median_pool2"": 0.3663, ""trimmed_mean_pool2"": 0.0189, ""best_FT_rf"": 0.2154, ""best_ONLY_DWT_catboost"": 0.0524, ""best_CWT_rf"": 0.0444, ""accept"": 0.0152}, ""input_tokens"": 1621, ""score"": 0.743, ""rank"": 9, ""already_tested"": true}, {""iteration"": 3, ""action"": ""median_pool2"", ""confidence"": 0.3685, ""probability_of_chosen"": 0.3663, ""probabilities"": {""mean_pool_full"": 0.0003, ""median_pool_full"": 0.0045, ""trimmed_mean_pool_full"": 0.0512, ""mean_pool4"": 0.001, ""median_pool4"": 0.0088, ""trimmed_mean_pool4"": 0.002, ""mean_pool1"": 0.0002, ""median_pool1"": 0.2087, ""trimmed_mean_pool1"": 0.0095, ""mean_pool2"": 0.0012, ""median_pool2"": 0.3663, ""trimmed_mean_pool2"": 0.0189, ""best_FT_rf"": 0.2154, ""best_ONLY_DWT_catboost"": 0.0524, ""best_CWT_rf"": 0.0444, ""accept"": 0.0152}, ""input_tokens"": 1621, ""score"": 0.743, ""rank"": 9, ""already_tested"": true}, {""iteration"": 4, ""action"": ""median_pool2"", ""confidence"": 0.3685, ""probability_of_chosen"": 0.3663, ""probabilities"": {""mean_pool_full"": 0.0003, ""median_pool_full"": 0.0045, ""trimmed_mean_pool_full"": 0.0512, ""mean_pool4"": 0.001, ""median_pool4"": 0.0088, ""trimmed_mean_pool4"": 0.002, ""mean_pool1"": 0.0002, ""median_pool1"": 0.2087, ""trimmed_mean_pool1"": 0.0095, ""mean_pool2"": 0.0012, ""median_pool2"": 0.3663, ""trimmed_mean_pool2"": 0.0189, ""best_FT_rf"": 0.2154, ""best_ONLY_DWT_catboost"": 0.0524, ""best_CWT_rf"": 0.0444, ""accept"": 0.0152}, ""input_tokens"": 1621, ""score"": 0.743, ""rank"": 9, ""already_tested"": true}]}, ""score"": 0.6871}";baseline;4;no new information in 3 consecutive turns;0.29566576783953585;8031.050313478807;laya_multilingual_laya_v0_ml8192
155;12;orchestrator_laya_laya_v0_ml8192;0.10660822657384539;90.9090909090909;0.10331282578849556;17.74436351390304;0.1032767952607202;14.917710781666665;[[165.294, 139.696, 163.009, 140.918, 155.074, 128.163, 156.849, 141.042, 176.277, 108.633, 158.057, 130.791]];[[142.84711993000002, 135.209905742, 147.403273218, 146.07579413000002, 148.265991686, 150.313244714, 151.69272501999998, 149.178634058, 150.99233919, 145.32423586800002, 145.507189022, 145.33016441799998]];2023-12-31 00:00:00;2024-11-30 00:00:00;"{""strategy"": {""combine"": ""mean"", ""pool"": ""pool1""}, ""origin"": ""baseline"", ""loop"": {""final_attempt"": ""a4"", ""strategy"": {""combine"": ""mean"", ""pool"": ""pool1""}, ""iterations_used"": 5, ""stop_reason"": ""no new information in 3 consecutive turns"", ""trace"": [{""iteration"": 1, ""action"": ""trimmed_mean_pool2"", ""confidence"": 0.4544, ""probability_of_chosen"": 0.5712, ""probabilities"": {""mean_pool_full"": 0.0031, ""median_pool_full"": 0.0145, ""trimmed_mean_pool_full"": 0.1456, ""mean_pool1"": 0.0476, ""median_pool1"": 0.0046, ""trimmed_mean_pool1"": 0.0159, ""mean_pool2"": 0.0093, ""median_pool2"": 0.0454, ""trimmed_mean_pool2"": 0.5712, ""mean_pool3"": 0.0027, ""median_pool3"": 0.0064, ""trimmed_mean_pool3"": 0.0146, ""best_ARIMA"": 0.0004, ""best_THETA"": 0.0026, ""best_ONLY_DWT_rf"": 0.1057, ""accept"": 0.0102}, ""input_tokens"": 1545, ""score"": 0.6907, ""rank"": 4, ""already_tested"": true}, {""iteration"": 2, ""action"": ""trimmed_mean_pool_full"", ""confidence"": 0.4239, ""probability_of_chosen"": 0.5776, ""probabilities"": {""mean_pool_full"": 0.0037, ""median_pool_full"": 0.0154, ""trimmed_mean_pool_full"": 0.5776, ""mean_pool4"": 0.0328, ""median_pool4"": 0.0039, ""trimmed_mean_pool4"": 0.008, ""mean_pool1"": 0.0105, ""median_pool1"": 0.0288, ""trimmed_mean_pool1"": 0.0758, ""mean_pool2"": 0.0161, ""median_pool2"": 0.0525, ""trimmed_mean_pool2"": 0.0402, ""best_ARIMA"": 0.0004, ""best_THETA"": 0.0026, ""best_ONLY_DWT_rf"": 0.1192, ""accept"": 0.0125}, ""input_tokens"": 1545, ""score"": 0.7011, ""rank"": 7, ""already_tested"": false}, {""iteration"": 3, ""action"": ""trimmed_mean_pool_full"", ""confidence"": 0.4239, ""probability_of_chosen"": 0.5776, ""probabilities"": {""mean_pool_full"": 0.0037, ""median_pool_full"": 0.0154, ""trimmed_mean_pool_full"": 0.5776, ""mean_pool4"": 0.0328, ""median_pool4"": 0.0039, ""trimmed_mean_pool4"": 0.008, ""mean_pool1"": 0.0105, ""median_pool1"": 0.0288, ""trimmed_mean_pool1"": 0.0758, ""mean_pool2"": 0.0161, ""median_pool2"": 0.0525, ""trimmed_mean_pool2"": 0.0402, ""best_ARIMA"": 0.0004, ""best_THETA"": 0.0026, ""best_ONLY_DWT_rf"": 0.1192, ""accept"": 0.0125}, ""input_tokens"": 1545, ""score"": 0.7011, ""rank"": 7, ""already_tested"": true}, {""iteration"": 4, ""action"": ""trimmed_mean_pool_full"", ""confidence"": 0.4239, ""probability_of_chosen"": 0.5776, ""probabilities"": {""mean_pool_full"": 0.0037, ""median_pool_full"": 0.0154, ""trimmed_mean_pool_full"": 0.5776, ""mean_pool4"": 0.0328, ""median_pool4"": 0.0039, ""trimmed_mean_pool4"": 0.008, ""mean_pool1"": 0.0105, ""median_pool1"": 0.0288, ""trimmed_mean_pool1"": 0.0758, ""mean_pool2"": 0.0161, ""median_pool2"": 0.0525, ""trimmed_mean_pool2"": 0.0402, ""best_ARIMA"": 0.0004, ""best_THETA"": 0.0026, ""best_ONLY_DWT_rf"": 0.1192, ""accept"": 0.0125}, ""input_tokens"": 1545, ""score"": 0.7011, ""rank"": 7, ""already_tested"": true}, {""iteration"": 5, ""action"": ""trimmed_mean_pool_full"", ""confidence"": 0.4239, ""probability_of_chosen"": 0.5776, ""probabilities"": {""mean_pool_full"": 0.0037, ""median_pool_full"": 0.0154, ""trimmed_mean_pool_full"": 0.5776, ""mean_pool4"": 0.0328, ""median_pool4"": 0.0039, ""trimmed_mean_pool4"": 0.008, ""mean_pool1"": 0.0105, ""median_pool1"": 0.0288, ""trimmed_mean_pool1"": 0.0758, ""mean_pool2"": 0.0161, ""median_pool2"": 0.0525, ""trimmed_mean_pool2"": 0.0402, ""best_ARIMA"": 0.0004, ""best_THETA"": 0.0026, ""best_ONLY_DWT_rf"": 0.1192, ""accept"": 0.0125}, ""input_tokens"": 1545, ""score"": 0.7011, ""rank"": 7, ""already_tested"": true}]}, ""score"": 0.6741}";baseline;5;no new information in 3 consecutive turns;0.10331282578849556;17.74436351390304;laya_multilingual_laya_v0_ml8192
156;12;orchestrator_laya_laya_v0_ml8192;0.1211907261594688;36.36363636363637;0.12262713893913378;14.299778788647139;0.12256805535313363;12.799406908611113;[[112.555, 122.337, 111.546, 96.549, 107.288, 118.159, 107.692, 89.275, 118.495, 123.29, 95.99, 79.333]];[[101.41676204, 101.26151894666667, 101.39513992, 101.80411924333333, 101.81790692, 101.54845943666668, 102.35335070000001, 102.01089848666668, 101.72093826999999, 102.43787102666666, 101.57691805, 101.93789438333333]];2023-12-31 00:00:00;2024-11-30 00:00:00;"{""strategy"": {""combine"": ""trimmed_mean"", ""pool"": ""pool1"", ""trim_pct"": 0.2}, ""origin"": ""baseline"", ""loop"": {""final_attempt"": ""a5"", ""strategy"": {""combine"": ""trimmed_mean"", ""pool"": ""pool1"", ""trim_pct"": 0.2}, ""iterations_used"": 3, ""stop_reason"": ""no new information in 3 consecutive turns"", ""trace"": [{""iteration"": 1, ""action"": ""median_pool_full"", ""confidence"": 0.5857, ""probability_of_chosen"": 0.7067, ""probabilities"": {""mean_pool_full"": 0.0006, ""median_pool_full"": 0.7067, ""trimmed_mean_pool_full"": 0.0323, ""mean_pool1"": 0.008, ""median_pool1"": 0.023, ""trimmed_mean_pool1"": 0.003, ""mean_pool2"": 0.0031, ""median_pool2"": 0.052, ""trimmed_mean_pool2"": 0.0057, ""mean_pool3"": 0.0003, ""median_pool3"": 0.0831, ""trimmed_mean_pool3"": 0.0016, ""best_FT_rf"": 0.0757, ""best_ARIMA"": 0.0005, ""best_ETS"": 0.0004, ""accept"": 0.004}, ""input_tokens"": 1528, ""score"": 0.6909, ""rank"": 4, ""already_tested"": true}, {""iteration"": 2, ""action"": ""median_pool_full"", ""confidence"": 0.5829, ""probability_of_chosen"": 0.5034, ""probabilities"": {""mean_pool_full"": 0.0003, ""median_pool_full"": 0.5034, ""trimmed_mean_pool_full"": 0.045, ""mean_pool4"": 0.0003, ""median_pool4"": 0.0102, ""trimmed_mean_pool4"": 0.0003, ""mean_pool1"": 0.0009, ""median_pool1"": 0.0181, ""trimmed_mean_pool1"": 0.0068, ""mean_pool2"": 0.0005, ""median_pool2"": 0.38, ""trimmed_mean_pool2"": 0.0013, ""best_FT_rf"": 0.0298, ""best_ARIMA"": 0.0003, ""best_ETS"": 0.0003, ""accept"": 0.0024}, ""input_tokens"": 1528, ""score"": 0.6909, ""rank"": 4, ""already_tested"": true}, {""iteration"": 3, ""action"": ""median_pool_full"", ""confidence"": 0.5829, ""probability_of_chosen"": 0.5034, ""probabilities"": {""mean_pool_full"": 0.0003, ""median_pool_full"": 0.5034, ""trimmed_mean_pool_full"": 0.045, ""mean_pool4"": 0.0003, ""median_pool4"": 0.0102, ""trimmed_mean_pool4"": 0.0003, ""mean_pool1"": 0.0009, ""median_pool1"": 0.0181, ""trimmed_mean_pool1"": 0.0068, ""mean_pool2"": 0.0005, ""median_pool2"": 0.38, ""trimmed_mean_pool2"": 0.0013, ""best_FT_rf"": 0.0298, ""best_ARIMA"": 0.0003, ""best_ETS"": 0.0003, ""accept"": 0.0024}, ""input_tokens"": 1528, ""score"": 0.6909, ""rank"": 4, ""already_tested"": true}]}, ""score"": 0.6587}";baseline;3;no new information in 3 consecutive turns;0.12262713893913378;14.299778788647139;laya_multilingual_laya_v0_ml8192
157;12;orchestrator_laya_laya_v0_ml8192;0.28756966472339224;81.81818181818181;0.3501533079585155;1212.8749842360169;0.350147488055151;1058.8011510964914;[[2387.156, 2547.051, 2517.999, 3484.17, 3416.688, 3271.481, 3374.462, 3867.226, 3815.769, 3722.889, 4148.206, 4232.327]];[[2560.052426431053, 2524.0708596799996, 2287.97897539579, 2341.198089048947, 2300.290085022632, 2285.3958543678946, 2311.9571797989474, 2417.5020979136843, 2363.2176563052626, 2329.232863393158, 2363.7624200431574, 2340.944532303685]];2023-12-31 00:00:00;2024-11-30 00:00:00;"{""strategy"": {""combine"": ""mean"", ""pool"": ""pool_full""}, ""origin"": ""baseline"", ""loop"": {""final_attempt"": ""a1"", ""strategy"": {""combine"": ""mean"", ""pool"": ""pool_full""}, ""iterations_used"": 4, ""stop_reason"": ""no new information in 3 consecutive turns"", ""trace"": [{""iteration"": 1, ""action"": ""median_pool2"", ""confidence"": 0.3046, ""probability_of_chosen"": 0.4418, ""probabilities"": {""mean_pool_full"": 0.0132, ""median_pool_full"": 0.06, ""trimmed_mean_pool_full"": 0.0256, ""mean_pool1"": 0.0187, ""median_pool1"": 0.0075, ""trimmed_mean_pool1"": 0.0126, ""mean_pool2"": 0.04, ""median_pool2"": 0.4418, ""trimmed_mean_pool2"": 0.0437, ""mean_pool3"": 0.0042, ""median_pool3"": 0.0503, ""trimmed_mean_pool3"": 0.0575, ""best_ARIMA"": 0.0036, ""best_ETS"": 0.0009, ""best_FT_catboost"": 0.1703, ""accept"": 0.0501}, ""input_tokens"": 1587, ""score"": 0.6842, ""rank"": 3, ""already_tested"": false}, {""iteration"": 2, ""action"": ""median_pool2"", ""confidence"": 0.9227, ""probability_of_chosen"": 0.9639, ""probabilities"": {""mean_pool_full"": 0.0, ""median_pool_full"": 0.0161, ""trimmed_mean_pool_full"": 0.007, ""mean_pool4"": 0.0001, ""median_pool4"": 0.0008, ""trimmed_mean_pool4"": 0.0003, ""mean_pool1"": 0.0003, ""median_pool1"": 0.002, ""trimmed_mean_pool1"": 0.0003, ""mean_pool2"": 0.0001, ""median_pool2"": 0.9639, ""trimmed_mean_pool2"": 0.0005, ""best_ARIMA"": 0.0001, ""best_ETS"": 0.0, ""best_FT_catboost"": 0.0062, ""accept"": 0.0022}, ""input_tokens"": 1580, ""score"": 0.6842, ""rank"": 3, ""already_tested"": true}, {""iteration"": 3, ""action"": ""median_pool2"", ""confidence"": 0.9227, ""probability_of_chosen"": 0.9639, ""probabilities"": {""mean_pool_full"": 0.0, ""median_pool_full"": 0.0161, ""trimmed_mean_pool_full"": 0.007, ""mean_pool4"": 0.0001, ""median_pool4"": 0.0008, ""trimmed_mean_pool4"": 0.0003, ""mean_pool1"": 0.0003, ""median_pool1"": 0.002, ""trimmed_mean_pool1"": 0.0003, ""mean_pool2"": 0.0001, ""median_pool2"": 0.9639, ""trimmed_mean_pool2"": 0.0005, ""best_ARIMA"": 0.0001, ""best_ETS"": 0.0, ""best_FT_catboost"": 0.0062, ""accept"": 0.0022}, ""input_tokens"": 1580, ""score"": 0.6842, ""rank"": 3, ""already_tested"": true}, {""iteration"": 4, ""action"": ""median_pool2"", ""confidence"": 0.9227, ""probability_of_chosen"": 0.9639, ""probabilities"": {""mean_pool_full"": 0.0, ""median_pool_full"": 0.0161, ""trimmed_mean_pool_full"": 0.007, ""mean_pool4"": 0.0001, ""median_pool4"": 0.0008, ""trimmed_mean_pool4"": 0.0003, ""mean_pool1"": 0.0003, ""median_pool1"": 0.002, ""trimmed_mean_pool1"": 0.0003, ""mean_pool2"": 0.0001, ""median_pool2"": 0.9639, ""trimmed_mean_pool2"": 0.0005, ""best_ARIMA"": 0.0001, ""best_ETS"": 0.0, ""best_FT_catboost"": 0.0062, ""accept"": 0.0022}, ""input_tokens"": 1580, ""score"": 0.6842, ""rank"": 3, ""already_tested"": true}]}, ""score"": 0.6303}";baseline;4;no new information in 3 consecutive turns;0.3501533079585155;1212.8749842360169;laya_multilingual_laya_v0_ml8192
158;12;orchestrator_laya_laya_v0_ml8192;0.040447698209257046;72.72727272727273;0.04143902072345357;761.6277004753671;0.04143889048812736;660.791371142857;[[15909.40217, 16138.09239, 14497.97464, 14810.99638, 15737.86051, 16216.93478, 15590.94384, 17610.2337, 17006.38587, 15663.01268, 17244.75, 16146.91304]];[[16137.189749098572, 15111.866506648574, 14066.660137375715, 15247.427367274286, 14743.765914562857, 15456.898317521427, 15374.836807384287, 16264.572466130001, 16299.301884225713, 15802.354367017144, 16119.612615328571, 15626.637920498571]];2023-12-31 00:00:00;2024-11-30 00:00:00;"{""strategy"": {""combine"": ""mean"", ""pool"": ""pool2""}, ""origin"": ""baseline"", ""loop"": {""final_attempt"": ""a6"", ""strategy"": {""combine"": ""mean"", ""pool"": ""pool2""}, ""iterations_used"": 5, ""stop_reason"": ""no new information in 3 consecutive turns"", ""trace"": [{""iteration"": 1, ""action"": ""trimmed_mean_pool2"", ""confidence"": 0.478, ""probability_of_chosen"": 0.6279, ""probabilities"": {""mean_pool_full"": 0.001, ""median_pool_full"": 0.0023, ""trimmed_mean_pool_full"": 0.0884, ""mean_pool1"": 0.0137, ""median_pool1"": 0.0062, ""trimmed_mean_pool1"": 0.067, ""mean_pool2"": 0.0261, ""median_pool2"": 0.0211, ""trimmed_mean_pool2"": 0.6279, ""mean_pool3"": 0.0057, ""median_pool3"": 0.0292, ""trimmed_mean_pool3"": 0.0716, ""best_ARIMA"": 0.0017, ""best_ETS"": 0.0005, ""best_THETA"": 0.0037, ""accept"": 0.0341}, ""input_tokens"": 1574, ""score"": 0.5407, ""rank"": 2, ""already_tested"": true}, {""iteration"": 2, ""action"": ""trimmed_mean_pool_full"", ""confidence"": 0.3166, ""probability_of_chosen"": 0.2873, ""probabilities"": {""mean_pool_full"": 0.0012, ""median_pool_full"": 0.0028, ""trimmed_mean_pool_full"": 0.2873, ""mean_pool4"": 0.0303, ""median_pool4"": 0.0027, ""trimmed_mean_pool4"": 0.0212, ""mean_pool1"": 0.0168, ""median_pool1"": 0.0386, ""trimmed_mean_pool1"": 0.2873, ""mean_pool2"": 0.0414, ""median_pool2"": 0.0568, ""trimmed_mean_pool2"": 0.1702, ""best_ARIMA"": 0.0018, ""best_ETS"": 0.0006, ""best_THETA"": 0.0037, ""accept"": 0.0373}, ""input_tokens"": 1574, ""score"": 0.6245, ""rank"": 9, ""already_tested"": false}, {""iteration"": 3, ""action"": ""trimmed_mean_pool_full"", ""confidence"": 0.3166, ""probability_of_chosen"": 0.2873, ""probabilities"": {""mean_pool_full"": 0.0012, ""median_pool_full"": 0.0028, ""trimmed_mean_pool_full"": 0.2873, ""mean_pool4"": 0.0303, ""median_pool4"": 0.0027, ""trimmed_mean_pool4"": 0.0212, ""mean_pool1"": 0.0168, ""median_pool1"": 0.0386, ""trimmed_mean_pool1"": 0.2873, ""mean_pool2"": 0.0414, ""median_pool2"": 0.0568, ""trimmed_mean_pool2"": 0.1702, ""best_ARIMA"": 0.0018, ""best_ETS"": 0.0006, ""best_THETA"": 0.0037, ""accept"": 0.0373}, ""input_tokens"": 1574, ""score"": 0.6245, ""rank"": 9, ""already_tested"": true}, {""iteration"": 4, ""action"": ""trimmed_mean_pool_full"", ""confidence"": 0.3166, ""probability_of_chosen"": 0.2873, ""probabilities"": {""mean_pool_full"": 0.0012, ""median_pool_full"": 0.0028, ""trimmed_mean_pool_full"": 0.2873, ""mean_pool4"": 0.0303, ""median_pool4"": 0.0027, ""trimmed_mean_pool4"": 0.0212, ""mean_pool1"": 0.0168, ""median_pool1"": 0.0386, ""trimmed_mean_pool1"": 0.2873, ""mean_pool2"": 0.0414, ""median_pool2"": 0.0568, ""trimmed_mean_pool2"": 0.1702, ""best_ARIMA"": 0.0018, ""best_ETS"": 0.0006, ""best_THETA"": 0.0037, ""accept"": 0.0373}, ""input_tokens"": 1574, ""score"": 0.6245, ""rank"": 9, ""already_tested"": true}, {""iteration"": 5, ""action"": ""trimmed_mean_pool_full"", ""confidence"": 0.3166, ""probability_of_chosen"": 0.2873, ""probabilities"": {""mean_pool_full"": 0.0012, ""median_pool_full"": 0.0028, ""trimmed_mean_pool_full"": 0.2873, ""mean_pool4"": 0.0303, ""median_pool4"": 0.0027, ""trimmed_mean_pool4"": 0.0212, ""mean_pool1"": 0.0168, ""median_pool1"": 0.0386, ""trimmed_mean_pool1"": 0.2873, ""mean_pool2"": 0.0414, ""median_pool2"": 0.0568, ""trimmed_mean_pool2"": 0.1702, ""best_ARIMA"": 0.0018, ""best_ETS"": 0.0006, ""best_THETA"": 0.0037, ""accept"": 0.0373}, ""input_tokens"": 1574, ""score"": 0.6245, ""rank"": 9, ""already_tested"": true}]}, ""score"": 0.5329}";baseline;5;no new information in 3 consecutive turns;0.04143902072345357;761.6277004753671;laya_multilingual_laya_v0_ml8192
159;12;orchestrator_laya_laya_v0_ml8192;0.04992437422067688;90.9090909090909;0.05069064474650178;17653.403463001858;0.05069063631953905;15352.798348749997;[[307279.623, 279463.513, 240461.581, 309636.013, 311441.626, 313750.827, 289510.55, 322272.838, 335793.364, 324057.711, 340777.263, 311261.344]];[[298198.0283960067, 279204.80837707996, 266548.1681483367, 296711.28432129003, 295030.03500212665, 297022.95624532003, 291818.83175610664, 301026.6558303933, 312107.60204926, 307318.68309349666, 311119.07792483334, 302156.27947963664]];2023-12-31 00:00:00;2024-11-30 00:00:00;"{""strategy"": {""combine"": ""trimmed_mean"", ""pool"": ""pool1"", ""trim_pct"": 0.2}, ""origin"": ""baseline"", ""loop"": {""final_attempt"": ""a5"", ""strategy"": {""combine"": ""trimmed_mean"", ""pool"": ""pool1"", ""trim_pct"": 0.2}, ""iterations_used"": 4, ""stop_reason"": ""no new information in 3 consecutive turns"", ""trace"": [{""iteration"": 1, ""action"": ""trimmed_mean_pool_full"", ""confidence"": 0.2957, ""probability_of_chosen"": 0.2796, ""probabilities"": {""mean_pool_full"": 0.0034, ""median_pool_full"": 0.0127, ""trimmed_mean_pool_full"": 0.2796, ""mean_pool1"": 0.0042, ""median_pool1"": 0.0086, ""trimmed_mean_pool1"": 0.0347, ""mean_pool2"": 0.0045, ""median_pool2"": 0.2545, ""trimmed_mean_pool2"": 0.1763, ""mean_pool3"": 0.0023, ""median_pool3"": 0.036, ""trimmed_mean_pool3"": 0.0897, ""best_ETS"": 0.0028, ""best_THETA"": 0.005, ""best_DWT_catboost"": 0.0408, ""accept"": 0.045}, ""input_tokens"": 1659, ""score"": 0.6468, ""rank"": 8, ""already_tested"": false}, {""iteration"": 2, ""action"": ""trimmed_mean_pool_full"", ""confidence"": 0.5099, ""probability_of_chosen"": 0.6444, ""probabilities"": {""mean_pool_full"": 0.0011, ""median_pool_full"": 0.0074, ""trimmed_mean_pool_full"": 0.6444, ""mean_pool4"": 0.0021, ""median_pool4"": 0.0048, ""trimmed_mean_pool4"": 0.0082, ""mean_pool1"": 0.0016, ""median_pool1"": 0.036, ""trimmed_mean_pool1"": 0.0636, ""mean_pool2"": 0.0028, ""median_pool2"": 0.0859, ""trimmed_mean_pool2"": 0.09, ""best_ETS"": 0.0015, ""best_THETA"": 0.0025, ""best_DWT_catboost"": 0.0235, ""accept"": 0.0246}, ""input_tokens"": 1659, ""score"": 0.6468, ""rank"": 8, ""already_tested"": true}, {""iteration"": 3, ""action"": ""trimmed_mean_pool_full"", ""confidence"": 0.5099, ""probability_of_chosen"": 0.6444, ""probabilities"": {""mean_pool_full"": 0.0011, ""median_pool_full"": 0.0074, ""trimmed_mean_pool_full"": 0.6444, ""mean_pool4"": 0.0021, ""median_pool4"": 0.0048, ""trimmed_mean_pool4"": 0.0082, ""mean_pool1"": 0.0016, ""median_pool1"": 0.036, ""trimmed_mean_pool1"": 0.0636, ""mean_pool2"": 0.0028, ""median_pool2"": 0.0859, ""trimmed_mean_pool2"": 0.09, ""best_ETS"": 0.0015, ""best_THETA"": 0.0025, ""best_DWT_catboost"": 0.0235, ""accept"": 0.0246}, ""input_tokens"": 1659, ""score"": 0.6468, ""rank"": 8, ""already_tested"": true}, {""iteration"": 4, ""action"": ""trimmed_mean_pool_full"", ""confidence"": 0.5099, ""probability_of_chosen"": 0.6444, ""probabilities"": {""mean_pool_full"": 0.0011, ""median_pool_full"": 0.0074, ""trimmed_mean_pool_full"": 0.6444, ""mean_pool4"": 0.0021, ""median_pool4"": 0.0048, ""trimmed_mean_pool4"": 0.0082, ""mean_pool1"": 0.0016, ""median_pool1"": 0.036, ""trimmed_mean_pool1"": 0.0636, ""mean_pool2"": 0.0028, ""median_pool2"": 0.0859, ""trimmed_mean_pool2"": 0.09, ""best_ETS"": 0.0015, ""best_THETA"": 0.0025, ""best_DWT_catboost"": 0.0235, ""accept"": 0.0246}, ""input_tokens"": 1659, ""score"": 0.6468, ""rank"": 8, ""already_tested"": true}]}, ""score"": 0.577}";baseline;4;no new information in 3 consecutive turns;0.05069064474650178;17653.403463001858;laya_multilingual_laya_v0_ml8192
160;12;orchestrator_laya_laya_v0_ml8192;0.1555784141878118;72.72727272727273;0.17371372180235212;1187.7709102376468;0.1737122215937222;1008.4241427857755;[[5216.002, 4911.182, 4683.927, 5947.988, 6710.991, 6383.195, 6008.53, 7095.231, 7051.673, 6456.02, 6419.512, 5839.568]];[[5143.13060167074, 4823.672256049474, 4611.5595617244435, 4950.350936776522, 4890.867782137825, 5186.132074667366, 5123.768797703683, 5335.432890872426, 5184.497940464211, 5181.300714380501, 5239.380722681501, 4952.635007442]];2023-12-31 00:00:00;2024-11-30 00:00:00;"{""strategy"": {""combine"": ""dba"", ""pool"": ""pool_full"", ""dba_max_iter"": 30}, ""origin"": ""baseline"", ""loop"": {""final_attempt"": ""a3"", ""strategy"": {""combine"": ""dba"", ""pool"": ""pool_full"", ""dba_max_iter"": 30}, ""iterations_used"": 4, ""stop_reason"": ""no new information in 3 consecutive turns"", ""trace"": [{""iteration"": 1, ""action"": ""median_pool2"", ""confidence"": 0.9075, ""probability_of_chosen"": 0.952, ""probabilities"": {""mean_pool_full"": 0.0001, ""median_pool_full"": 0.0041, ""trimmed_mean_pool_full"": 0.0004, ""mean_pool1"": 0.0004, ""median_pool1"": 0.0009, ""trimmed_mean_pool1"": 0.0001, ""mean_pool2"": 0.0005, ""median_pool2"": 0.952, ""trimmed_mean_pool2"": 0.0002, ""mean_pool3"": 0.0003, ""median_pool3"": 0.0081, ""trimmed_mean_pool3"": 0.0001, ""best_CWT_rf"": 0.0297, ""best_CWT_catboost"": 0.0007, ""best_ETS"": 0.0003, ""accept"": 0.0022}, ""input_tokens"": 1564, ""score"": 0.7132, ""rank"": 10, ""already_tested"": false}, {""iteration"": 2, ""action"": ""median_pool2"", ""confidence"": 0.5543, ""probability_of_chosen"": 0.5645, ""probabilities"": {""mean_pool_full"": 0.0004, ""median_pool_full"": 0.0469, ""trimmed_mean_pool_full"": 0.0042, ""mean_pool4"": 0.0023, ""median_pool4"": 0.0038, ""trimmed_mean_pool4"": 0.0011, ""mean_pool1"": 0.0015, ""median_pool1"": 0.2751, ""trimmed_mean_pool1"": 0.0016, ""mean_pool2"": 0.0047, ""median_pool2"": 0.5645, ""trimmed_mean_pool2"": 0.0034, ""best_CWT_rf"": 0.0704, ""best_CWT_catboost"": 0.0041, ""best_ETS"": 0.0019, ""accept"": 0.0141}, ""input_tokens"": 1564, ""score"": 0.7132, ""rank"": 10, ""already_tested"": true}, {""iteration"": 3, ""action"": ""median_pool2"", ""confidence"": 0.5543, ""probability_of_chosen"": 0.5645, ""probabilities"": {""mean_pool_full"": 0.0004, ""median_pool_full"": 0.0469, ""trimmed_mean_pool_full"": 0.0042, ""mean_pool4"": 0.0023, ""median_pool4"": 0.0038, ""trimmed_mean_pool4"": 0.0011, ""mean_pool1"": 0.0015, ""median_pool1"": 0.2751, ""trimmed_mean_pool1"": 0.0016, ""mean_pool2"": 0.0047, ""median_pool2"": 0.5645, ""trimmed_mean_pool2"": 0.0034, ""best_CWT_rf"": 0.0704, ""best_CWT_catboost"": 0.0041, ""best_ETS"": 0.0019, ""accept"": 0.0141}, ""input_tokens"": 1564, ""score"": 0.7132, ""rank"": 10, ""already_tested"": true}, {""iteration"": 4, ""action"": ""median_pool2"", ""confidence"": 0.5543, ""probability_of_chosen"": 0.5645, ""probabilities"": {""mean_pool_full"": 0.0004, ""median_pool_full"": 0.0469, ""trimmed_mean_pool_full"": 0.0042, ""mean_pool4"": 0.0023, ""median_pool4"": 0.0038, ""trimmed_mean_pool4"": 0.0011, ""mean_pool1"": 0.0015, ""median_pool1"": 0.2751, ""trimmed_mean_pool1"": 0.0016, ""mean_pool2"": 0.0047, ""median_pool2"": 0.5645, ""trimmed_mean_pool2"": 0.0034, ""best_CWT_rf"": 0.0704, ""best_CWT_catboost"": 0.0041, ""best_ETS"": 0.0019, ""accept"": 0.0141}, ""input_tokens"": 1564, ""score"": 0.7132, ""rank"": 10, ""already_tested"": true}]}, ""score"": 0.6697}";baseline;4;no new information in 3 consecutive turns;0.17371372180235212;1187.7709102376468;laya_multilingual_laya_v0_ml8192
161;12;orchestrator_laya_laya_v0_ml8192;0.07727896441207117;72.72727272727273;0.07979746886668374;33087.200868483655;0.07979745710593038;27352.802795670545;[[344473.893, 309413.757, 289596.881, 351203.459, 402577.346, 279206.265, 310665.1, 344436.786, 334668.585, 315926.644, 416256.763, 393213.387]];[[313348.29993538, 288766.00217744336, 284130.76390307664, 370600.55730667664, 356536.7740756767, 318368.38909075334, 299546.22355057, 301389.14112938, 332577.03010359005, 320650.12059152994, 355703.58572317334, 348353.7428426233]];2023-12-31 00:00:00;2024-11-30 00:00:00;"{""strategy"": {""combine"": ""trimmed_mean"", ""pool"": ""pool1"", ""trim_pct"": 0.2}, ""origin"": ""baseline"", ""loop"": {""final_attempt"": ""a5"", ""strategy"": {""combine"": ""trimmed_mean"", ""pool"": ""pool1"", ""trim_pct"": 0.2}, ""iterations_used"": 4, ""stop_reason"": ""no new information in 3 consecutive turns"", ""trace"": [{""iteration"": 1, ""action"": ""trimmed_mean_pool_full"", ""confidence"": 0.2501, ""probability_of_chosen"": 0.2889, ""probabilities"": {""mean_pool_full"": 0.0019, ""median_pool_full"": 0.0064, ""trimmed_mean_pool_full"": 0.2889, ""mean_pool1"": 0.0187, ""median_pool1"": 0.0131, ""trimmed_mean_pool1"": 0.1018, ""mean_pool2"": 0.0141, ""median_pool2"": 0.1177, ""trimmed_mean_pool2"": 0.1925, ""mean_pool3"": 0.0046, ""median_pool3"": 0.07, ""trimmed_mean_pool3"": 0.1042, ""best_THETA"": 0.0177, ""best_ARIMA"": 0.0023, ""best_ETS"": 0.0024, ""accept"": 0.0437}, ""input_tokens"": 1657, ""score"": 0.6402, ""rank"": 7, ""already_tested"": false}, {""iteration"": 2, ""action"": ""trimmed_mean_pool_full"", ""confidence"": 0.3787, ""probability_of_chosen"": 0.4072, ""probabilities"": {""mean_pool_full"": 0.001, ""median_pool_full"": 0.0041, ""trimmed_mean_pool_full"": 0.4072, ""mean_pool4"": 0.0052, ""median_pool4"": 0.0059, ""trimmed_mean_pool4"": 0.0392, ""mean_pool1"": 0.0068, ""median_pool1"": 0.0379, ""trimmed_mean_pool1"": 0.1157, ""mean_pool2"": 0.0098, ""median_pool2"": 0.267, ""trimmed_mean_pool2"": 0.0569, ""best_THETA"": 0.0114, ""best_ARIMA"": 0.0018, ""best_ETS"": 0.0016, ""accept"": 0.0285}, ""input_tokens"": 1657, ""score"": 0.6402, ""rank"": 7, ""already_tested"": true}, {""iteration"": 3, ""action"": ""trimmed_mean_pool_full"", ""confidence"": 0.3787, ""probability_of_chosen"": 0.4072, ""probabilities"": {""mean_pool_full"": 0.001, ""median_pool_full"": 0.0041, ""trimmed_mean_pool_full"": 0.4072, ""mean_pool4"": 0.0052, ""median_pool4"": 0.0059, ""trimmed_mean_pool4"": 0.0392, ""mean_pool1"": 0.0068, ""median_pool1"": 0.0379, ""trimmed_mean_pool1"": 0.1157, ""mean_pool2"": 0.0098, ""median_pool2"": 0.267, ""trimmed_mean_pool2"": 0.0569, ""best_THETA"": 0.0114, ""best_ARIMA"": 0.0018, ""best_ETS"": 0.0016, ""accept"": 0.0285}, ""input_tokens"": 1657, ""score"": 0.6402, ""rank"": 7, ""already_tested"": true}, {""iteration"": 4, ""action"": ""trimmed_mean_pool_full"", ""confidence"": 0.3787, ""probability_of_chosen"": 0.4072, ""probabilities"": {""mean_pool_full"": 0.001, ""median_pool_full"": 0.0041, ""trimmed_mean_pool_full"": 0.4072, ""mean_pool4"": 0.0052, ""median_pool4"": 0.0059, ""trimmed_mean_pool4"": 0.0392, ""mean_pool1"": 0.0068, ""median_pool1"": 0.0379, ""trimmed_mean_pool1"": 0.1157, ""mean_pool2"": 0.0098, ""median_pool2"": 0.267, ""trimmed_mean_pool2"": 0.0569, ""best_THETA"": 0.0114, ""best_ARIMA"": 0.0018, ""best_ETS"": 0.0016, ""accept"": 0.0285}, ""input_tokens"": 1657, ""score"": 0.6402, ""rank"": 7, ""already_tested"": true}]}, ""score"": 0.5528}";baseline;4;no new information in 3 consecutive turns;0.07979746886668374;33087.200868483655;laya_multilingual_laya_v0_ml8192
162;12;orchestrator_laya_laya_v0_ml8192;0.06638955297032327;72.72727272727273;0.06485171174991676;5910.226111437063;0.06485166884460435;4917.314716656611;[[74926.653, 71353.802, 70307.273, 75560.54, 75102.114, 80203.941, 83468.857, 87210.728, 79060.758, 67309.105, 72509.534, 69974.45]];[[70493.00459278526, 66514.08152251865, 73169.58766925667, 75139.16157197714, 73875.59133514314, 77331.05166946154, 79547.86000418734, 79685.577598867, 84198.9588168342, 80945.54341495113, 78451.28421359963, 76163.21578017776]];2023-12-31 00:00:00;2024-11-30 00:00:00;"{""strategy"": {""combine"": ""dba"", ""pool"": ""pool_full"", ""dba_max_iter"": 30}, ""origin"": ""baseline"", ""loop"": {""final_attempt"": ""a3"", ""strategy"": {""combine"": ""dba"", ""pool"": ""pool_full"", ""dba_max_iter"": 30}, ""iterations_used"": 5, ""stop_reason"": ""no new information in 3 consecutive turns"", ""trace"": [{""iteration"": 1, ""action"": ""median_pool2"", ""confidence"": 0.8851, ""probability_of_chosen"": 0.9384, ""probabilities"": {""mean_pool_full"": 0.0, ""median_pool_full"": 0.0015, ""trimmed_mean_pool_full"": 0.0037, ""mean_pool1"": 0.0001, ""median_pool1"": 0.0004, ""trimmed_mean_pool1"": 0.0003, ""mean_pool2"": 0.0001, ""median_pool2"": 0.9384, ""trimmed_mean_pool2"": 0.0036, ""mean_pool3"": 0.0, ""median_pool3"": 0.0008, ""trimmed_mean_pool3"": 0.0009, ""best_DWT_catboost"": 0.0126, ""best_FT_catboost"": 0.0353, ""best_NaiveMovingAverage"": 0.0007, ""accept"": 0.0017}, ""input_tokens"": 1658, ""score"": 0.6904, ""rank"": 6, ""already_tested"": false}, {""iteration"": 2, ""action"": ""median_pool1"", ""confidence"": 0.5367, ""probability_of_chosen"": 0.6236, ""probabilities"": {""mean_pool_full"": 0.0002, ""median_pool_full"": 0.0024, ""trimmed_mean_pool_full"": 0.1328, ""mean_pool4"": 0.0001, ""median_pool4"": 0.0018, ""trimmed_mean_pool4"": 0.0013, ""mean_pool1"": 0.0003, ""median_pool1"": 0.6236, ""trimmed_mean_pool1"": 0.0052, ""mean_pool2"": 0.0004, ""median_pool2"": 0.0793, ""trimmed_mean_pool2"": 0.0057, ""best_DWT_catboost"": 0.0308, ""best_FT_catboost"": 0.0971, ""best_NaiveMovingAverage"": 0.0067, ""accept"": 0.0123}, ""input_tokens"": 1654, ""score"": 0.671, ""rank"": 2, ""already_tested"": false}, {""iteration"": 3, ""action"": ""median_pool1"", ""confidence"": 0.6583, ""probability_of_chosen"": 0.7395, ""probabilities"": {""mean_pool_full"": 0.0001, ""median_pool_full"": 0.0012, ""trimmed_mean_pool_full"": 0.0145, ""mean_pool4"": 0.0001, ""median_pool4"": 0.0003, ""trimmed_mean_pool4"": 0.0005, ""mean_pool1"": 0.0001, ""median_pool1"": 0.7395, ""trimmed_mean_pool1"": 0.014, ""mean_pool2"": 0.0001, ""median_pool2"": 0.0139, ""trimmed_mean_pool2"": 0.0023, ""best_DWT_catboost"": 0.0667, ""best_FT_catboost"": 0.1347, ""best_NaiveMovingAverage"": 0.0051, ""accept"": 0.0068}, ""input_tokens"": 1653, ""score"": 0.671, ""rank"": 2, ""already_tested"": true}, {""iteration"": 4, ""action"": ""median_pool1"", ""confidence"": 0.6583, ""probability_of_chosen"": 0.7395, ""probabilities"": {""mean_pool_full"": 0.0001, ""median_pool_full"": 0.0012, ""trimmed_mean_pool_full"": 0.0145, ""mean_pool4"": 0.0001, ""median_pool4"": 0.0003, ""trimmed_mean_pool4"": 0.0005, ""mean_pool1"": 0.0001, ""median_pool1"": 0.7395, ""trimmed_mean_pool1"": 0.014, ""mean_pool2"": 0.0001, ""median_pool2"": 0.0139, ""trimmed_mean_pool2"": 0.0023, ""best_DWT_catboost"": 0.0667, ""best_FT_catboost"": 0.1347, ""best_NaiveMovingAverage"": 0.0051, ""accept"": 0.0068}, ""input_tokens"": 1653, ""score"": 0.671, ""rank"": 2, ""already_tested"": true}, {""iteration"": 5, ""action"": ""median_pool1"", ""confidence"": 0.6583, ""probability_of_chosen"": 0.7395, ""probabilities"": {""mean_pool_full"": 0.0001, ""median_pool_full"": 0.0012, ""trimmed_mean_pool_full"": 0.0145, ""mean_pool4"": 0.0001, ""median_pool4"": 0.0003, ""trimmed_mean_pool4"": 0.0005, ""mean_pool1"": 0.0001, ""median_pool1"": 0.7395, ""trimmed_mean_pool1"": 0.014, ""mean_pool2"": 0.0001, ""median_pool2"": 0.0139, ""trimmed_mean_pool2"": 0.0023, ""best_DWT_catboost"": 0.0667, ""best_FT_catboost"": 0.1347, ""best_NaiveMovingAverage"": 0.0051, ""accept"": 0.0068}, ""input_tokens"": 1653, ""score"": 0.671, ""rank"": 2, ""already_tested"": true}]}, ""score"": 0.6645}";baseline;5;no new information in 3 consecutive turns;0.06485171174991676;5910.226111437063;laya_multilingual_laya_v0_ml8192
163;12;orchestrator_laya_laya_v0_ml8192;0.04824888209998946;63.63636363636363;0.04787877600197233;6365.759604890342;0.047878754796835093;5416.373805925836;[[113274.711, 106221.056, 98712.152, 110845.434, 117116.385, 117574.839, 112189.904, 122651.027, 121848.75, 115739.803, 123014.728, 109603.05]];[[114951.04313015, 112194.6847631, 111877.07905864, 115894.38411262, 111440.99362996, 114221.81669369, 114043.03630718, 113937.88405735, 115754.55692137, 115280.78859481, 115019.74432592, 114592.81752252]];2023-12-31 00:00:00;2024-11-30 00:00:00;"{""strategy"": {""combine"": ""median"", ""pool"": ""pool_full""}, ""origin"": ""baseline"", ""loop"": {""final_attempt"": ""a2"", ""strategy"": {""combine"": ""median"", ""pool"": ""pool_full""}, ""iterations_used"": 5, ""stop_reason"": ""no new information in 3 consecutive turns"", ""trace"": [{""iteration"": 1, ""action"": ""median_pool2"", ""confidence"": 0.5723, ""probability_of_chosen"": 0.7262, ""probabilities"": {""mean_pool_full"": 0.0033, ""median_pool_full"": 0.035, ""trimmed_mean_pool_full"": 0.0198, ""mean_pool1"": 0.0032, ""median_pool1"": 0.0194, ""trimmed_mean_pool1"": 0.0035, ""mean_pool2"": 0.0072, ""median_pool2"": 0.7262, ""trimmed_mean_pool2"": 0.0188, ""mean_pool3"": 0.0037, ""median_pool3"": 0.063, ""trimmed_mean_pool3"": 0.0185, ""best_THETA"": 0.0014, ""best_ETS"": 0.0002, ""best_ONLY_DWT_catboost"": 0.062, ""accept"": 0.0149}, ""input_tokens"": 1613, ""score"": 0.6301, ""rank"": 4, ""already_tested"": false}, {""iteration"": 2, ""action"": ""trimmed_mean_pool_full"", ""confidence"": 0.3761, ""probability_of_chosen"": 0.343, ""probabilities"": {""mean_pool_full"": 0.0011, ""median_pool_full"": 0.0228, ""trimmed_mean_pool_full"": 0.343, ""mean_pool4"": 0.0029, ""median_pool4"": 0.0164, ""trimmed_mean_pool4"": 0.0033, ""mean_pool1"": 0.0038, ""median_pool1"": 0.0796, ""trimmed_mean_pool1"": 0.0064, ""mean_pool2"": 0.0171, ""median_pool2"": 0.3273, ""trimmed_mean_pool2"": 0.0421, ""best_THETA"": 0.0013, ""best_ETS"": 0.0003, ""best_ONLY_DWT_catboost"": 0.1079, ""accept"": 0.0246}, ""input_tokens"": 1606, ""score"": 0.6244, ""rank"": 2, ""already_tested"": false}, {""iteration"": 3, ""action"": ""median_pool2"", ""confidence"": 0.8335, ""probability_of_chosen"": 0.9156, ""probabilities"": {""mean_pool_full"": 0.0001, ""median_pool_full"": 0.0149, ""trimmed_mean_pool_full"": 0.0104, ""mean_pool4"": 0.0001, ""median_pool4"": 0.0132, ""trimmed_mean_pool4"": 0.0012, ""mean_pool1"": 0.0002, ""median_pool1"": 0.0123, ""trimmed_mean_pool1"": 0.0041, ""mean_pool2"": 0.0009, ""median_pool2"": 0.9156, ""trimmed_mean_pool2"": 0.0023, ""best_THETA"": 0.0005, ""best_ETS"": 0.0001, ""best_ONLY_DWT_catboost"": 0.0204, ""accept"": 0.0037}, ""input_tokens"": 1612, ""score"": 0.6301, ""rank"": 5, ""already_tested"": true}, {""iteration"": 4, ""action"": ""median_pool2"", ""confidence"": 0.8335, ""probability_of_chosen"": 0.9156, ""probabilities"": {""mean_pool_full"": 0.0001, ""median_pool_full"": 0.0149, ""trimmed_mean_pool_full"": 0.0104, ""mean_pool4"": 0.0001, ""median_pool4"": 0.0132, ""trimmed_mean_pool4"": 0.0012, ""mean_pool1"": 0.0002, ""median_pool1"": 0.0123, ""trimmed_mean_pool1"": 0.0041, ""mean_pool2"": 0.0009, ""median_pool2"": 0.9156, ""trimmed_mean_pool2"": 0.0023, ""best_THETA"": 0.0005, ""best_ETS"": 0.0001, ""best_ONLY_DWT_catboost"": 0.0204, ""accept"": 0.0037}, ""input_tokens"": 1612, ""score"": 0.6301, ""rank"": 5, ""already_tested"": true}, {""iteration"": 5, ""action"": ""median_pool2"", ""confidence"": 0.8335, ""probability_of_chosen"": 0.9156, ""probabilities"": {""mean_pool_full"": 0.0001, ""median_pool_full"": 0.0149, ""trimmed_mean_pool_full"": 0.0104, ""mean_pool4"": 0.0001, ""median_pool4"": 0.0132, ""trimmed_mean_pool4"": 0.0012, ""mean_pool1"": 0.0002, ""median_pool1"": 0.0123, ""trimmed_mean_pool1"": 0.0041, ""mean_pool2"": 0.0009, ""median_pool2"": 0.9156, ""trimmed_mean_pool2"": 0.0023, ""best_THETA"": 0.0005, ""best_ETS"": 0.0001, ""best_ONLY_DWT_catboost"": 0.0204, ""accept"": 0.0037}, ""input_tokens"": 1612, ""score"": 0.6301, ""rank"": 5, ""already_tested"": true}]}, ""score"": 0.6237}";baseline;5;no new information in 3 consecutive turns;0.04787877600197233;6365.759604890342;laya_multilingual_laya_v0_ml8192
164;12;orchestrator_laya_laya_v0_ml8192;0.03942645371318742;63.63636363636363;0.04062012480575398;2585.72502408791;0.04062008008113315;1847.8491158761037;[[44243.50181, 43578.03442, 41135.83333, 41942.71014, 44990.59964, 45521.47464, 44229.24094, 50123.7971, 50121.4058, 45188.87862, 45297.20109, 43559.36413]];[[44619.7259788845, 42859.409918955, 40581.76458366158, 44432.42853851947, 42891.127844138005, 44017.874074179505, 44198.32502454201, 43952.73826718451, 45221.0177550382, 43727.85579129793, 43903.653367193154, 43083.816260700834]];2023-12-31 00:00:00;2024-11-30 00:00:00;"{""strategy"": {""combine"": ""dba"", ""pool"": ""pool_full"", ""dba_max_iter"": 30}, ""origin"": ""baseline"", ""loop"": {""final_attempt"": ""a3"", ""strategy"": {""combine"": ""dba"", ""pool"": ""pool_full"", ""dba_max_iter"": 30}, ""iterations_used"": 3, ""stop_reason"": ""no new information in 3 consecutive turns"", ""trace"": [{""iteration"": 1, ""action"": ""trimmed_mean_pool2"", ""confidence"": 0.5379, ""probability_of_chosen"": 0.6159, ""probabilities"": {""mean_pool_full"": 0.001, ""median_pool_full"": 0.0198, ""trimmed_mean_pool_full"": 0.0226, ""mean_pool1"": 0.0021, ""median_pool1"": 0.0022, ""trimmed_mean_pool1"": 0.0186, ""mean_pool2"": 0.0027, ""median_pool2"": 0.1737, ""trimmed_mean_pool2"": 0.6159, ""mean_pool3"": 0.0005, ""median_pool3"": 0.0105, ""trimmed_mean_pool3"": 0.1054, ""best_ETS"": 0.0013, ""best_THETA"": 0.001, ""best_ARIMA"": 0.0004, ""accept"": 0.0223}, ""input_tokens"": 1600, ""score"": 0.6561, ""rank"": 5, ""already_tested"": true}, {""iteration"": 2, ""action"": ""trimmed_mean_pool2"", ""confidence"": 0.4326, ""probability_of_chosen"": 0.4968, ""probabilities"": {""mean_pool_full"": 0.0009, ""median_pool_full"": 0.0308, ""trimmed_mean_pool_full"": 0.0733, ""mean_pool4"": 0.0024, ""median_pool4"": 0.0032, ""trimmed_mean_pool4"": 0.0119, ""mean_pool1"": 0.0018, ""median_pool1"": 0.1017, ""trimmed_mean_pool1"": 0.1945, ""mean_pool2"": 0.0022, ""median_pool2"": 0.0589, ""trimmed_mean_pool2"": 0.4968, ""best_ETS"": 0.0009, ""best_THETA"": 0.0009, ""best_ARIMA"": 0.0004, ""accept"": 0.0194}, ""input_tokens"": 1600, ""score"": 0.6561, ""rank"": 5, ""already_tested"": true}, {""iteration"": 3, ""action"": ""trimmed_mean_pool2"", ""confidence"": 0.4326, ""probability_of_chosen"": 0.4968, ""probabilities"": {""mean_pool_full"": 0.0009, ""median_pool_full"": 0.0308, ""trimmed_mean_pool_full"": 0.0733, ""mean_pool4"": 0.0024, ""median_pool4"": 0.0032, ""trimmed_mean_pool4"": 0.0119, ""mean_pool1"": 0.0018, ""median_pool1"": 0.1017, ""trimmed_mean_pool1"": 0.1945, ""mean_pool2"": 0.0022, ""median_pool2"": 0.0589, ""trimmed_mean_pool2"": 0.4968, ""best_ETS"": 0.0009, ""best_THETA"": 0.0009, ""best_ARIMA"": 0.0004, ""accept"": 0.0194}, ""input_tokens"": 1600, ""score"": 0.6561, ""rank"": 5, ""already_tested"": true}]}, ""score"": 0.6458}";baseline;3;no new information in 3 consecutive turns;0.04062012480575398;2585.72502408791;laya_multilingual_laya_v0_ml8192
165;12;orchestrator_laya_laya_v0_ml8192;0.044185533678479404;63.63636363636363;0.044452868503823156;32571.248051137238;0.044452864378359776;24028.09418077915;[[510000.922, 524759.348, 524789.842, 532117.368, 526591.149, 548223.147, 570583.013, 558191.33, 576658.51, 559408.033, 584531.46, 505722.303]];[[501255.16222406, 467730.06772994, 506854.14327258, 600919.82785042, 526179.34615688, 548896.40841041, 528996.20133842, 552811.81097381, 596537.12431937, 565456.45539387, 542582.85720579, 525619.20009676]];2023-12-31 00:00:00;2024-11-30 00:00:00;"{""strategy"": {""combine"": ""best_single"", ""model"": ""ONLY_DWT_rf"", ""pool"": ""pool_full""}, ""origin"": ""agent"", ""loop"": {""final_attempt"": ""a10"", ""strategy"": {""combine"": ""best_single"", ""model"": ""ONLY_DWT_rf"", ""pool"": ""pool_full""}, ""iterations_used"": 4, ""stop_reason"": ""no new information in 3 consecutive turns"", ""trace"": [{""iteration"": 1, ""action"": ""best_ONLY_DWT_rf"", ""confidence"": 0.9903, ""probability_of_chosen"": 0.9965, ""probabilities"": {""mean_pool_full"": 0.0, ""median_pool_full"": 0.0, ""trimmed_mean_pool_full"": 0.0001, ""mean_pool1"": 0.0, ""median_pool1"": 0.0, ""trimmed_mean_pool1"": 0.0, ""mean_pool2"": 0.0, ""median_pool2"": 0.0, ""trimmed_mean_pool2"": 0.0027, ""mean_pool3"": 0.0, ""median_pool3"": 0.0, ""trimmed_mean_pool3"": 0.0001, ""best_ONLY_DWT_rf"": 0.9965, ""best_THETA"": 0.0, ""best_DWT_rf"": 0.0004, ""accept"": 0.0001}, ""input_tokens"": 1633, ""score"": 0.5788, ""rank"": 1, ""already_tested"": false}, {""iteration"": 2, ""action"": ""best_ONLY_DWT_rf"", ""confidence"": 0.9929, ""probability_of_chosen"": 0.9977, ""probabilities"": {""mean_pool_full"": 0.0, ""median_pool_full"": 0.0, ""trimmed_mean_pool_full"": 0.0014, ""mean_pool4"": 0.0, ""median_pool4"": 0.0, ""trimmed_mean_pool4"": 0.0, ""mean_pool1"": 0.0, ""median_pool1"": 0.0, ""trimmed_mean_pool1"": 0.0001, ""mean_pool2"": 0.0, ""median_pool2"": 0.0, ""trimmed_mean_pool2"": 0.0001, ""best_ONLY_DWT_rf"": 0.9977, ""best_THETA"": 0.0, ""best_DWT_rf"": 0.0004, ""accept"": 0.0002}, ""input_tokens"": 1632, ""score"": 0.5788, ""rank"": 1, ""already_tested"": true}, {""iteration"": 3, ""action"": ""best_ONLY_DWT_rf"", ""confidence"": 0.9929, ""probability_of_chosen"": 0.9977, ""probabilities"": {""mean_pool_full"": 0.0, ""median_pool_full"": 0.0, ""trimmed_mean_pool_full"": 0.0014, ""mean_pool4"": 0.0, ""median_pool4"": 0.0, ""trimmed_mean_pool4"": 0.0, ""mean_pool1"": 0.0, ""median_pool1"": 0.0, ""trimmed_mean_pool1"": 0.0001, ""mean_pool2"": 0.0, ""median_pool2"": 0.0, ""trimmed_mean_pool2"": 0.0001, ""best_ONLY_DWT_rf"": 0.9977, ""best_THETA"": 0.0, ""best_DWT_rf"": 0.0004, ""accept"": 0.0002}, ""input_tokens"": 1632, ""score"": 0.5788, ""rank"": 1, ""already_tested"": true}, {""iteration"": 4, ""action"": ""best_ONLY_DWT_rf"", ""confidence"": 0.9929, ""probability_of_chosen"": 0.9977, ""probabilities"": {""mean_pool_full"": 0.0, ""median_pool_full"": 0.0, ""trimmed_mean_pool_full"": 0.0014, ""mean_pool4"": 0.0, ""median_pool4"": 0.0, ""trimmed_mean_pool4"": 0.0, ""mean_pool1"": 0.0, ""median_pool1"": 0.0, ""trimmed_mean_pool1"": 0.0001, ""mean_pool2"": 0.0, ""median_pool2"": 0.0, ""trimmed_mean_pool2"": 0.0001, ""best_ONLY_DWT_rf"": 0.9977, ""best_THETA"": 0.0, ""best_DWT_rf"": 0.0004, ""accept"": 0.0002}, ""input_tokens"": 1632, ""score"": 0.5788, ""rank"": 1, ""already_tested"": true}]}, ""score"": 0.5788}";agent;4;no new information in 3 consecutive turns;0.049190714812154195;33352.06337198997;laya_multilingual_laya_v0_ml8192
166;12;orchestrator_laya_laya_v0_ml8192;0.033575035880195545;63.63636363636363;0.03425094611906677;737.0072771472902;0.03425084899902298;604.7058253166664;[[17648.4692, 17656.59964, 15837.4058, 16414.94384, 17536.46739, 18364.54529, 17346.22283, 19045.20471, 18643.98551, 17773.16304, 18589.04529, 17178.10507]];[[17519.736367117144, 16833.230018221428, 15715.924387722858, 17158.88816806143, 16604.65444516857, 17293.28996711, 17331.47811100143, 17896.220363371427, 17941.08016029286, 17415.744967600003, 17452.51642004286, 17102.812986612855]];2023-12-31 00:00:00;2024-11-30 00:00:00;"{""strategy"": {""combine"": ""trimmed_mean"", ""pool"": ""pool3"", ""trim_pct"": 0.2}, ""origin"": ""baseline"", ""loop"": {""final_attempt"": ""a9"", ""strategy"": {""combine"": ""trimmed_mean"", ""pool"": ""pool3"", ""trim_pct"": 0.2}, ""iterations_used"": 4, ""stop_reason"": ""no new information in 3 consecutive turns"", ""trace"": [{""iteration"": 1, ""action"": ""median_pool2"", ""confidence"": 0.4711, ""probability_of_chosen"": 0.432, ""probabilities"": {""mean_pool_full"": 0.0004, ""median_pool_full"": 0.12, ""trimmed_mean_pool_full"": 0.0722, ""mean_pool1"": 0.0006, ""median_pool1"": 0.0084, ""trimmed_mean_pool1"": 0.0056, ""mean_pool2"": 0.0005, ""median_pool2"": 0.432, ""trimmed_mean_pool2"": 0.03, ""mean_pool3"": 0.0004, ""median_pool3"": 0.3063, ""trimmed_mean_pool3"": 0.005, ""best_ARIMA"": 0.0008, ""best_ETS"": 0.0003, ""best_THETA"": 0.0006, ""accept"": 0.0168}, ""input_tokens"": 1587, ""score"": 0.6392, ""rank"": 8, ""already_tested"": false}, {""iteration"": 2, ""action"": ""median_pool2"", ""confidence"": 0.9508, ""probability_of_chosen"": 0.9787, ""probabilities"": {""mean_pool_full"": 0.0, ""median_pool_full"": 0.0056, ""trimmed_mean_pool_full"": 0.0094, ""mean_pool4"": 0.0, ""median_pool4"": 0.0003, ""trimmed_mean_pool4"": 0.0002, ""mean_pool1"": 0.0, ""median_pool1"": 0.002, ""trimmed_mean_pool1"": 0.0021, ""mean_pool2"": 0.0, ""median_pool2"": 0.9787, ""trimmed_mean_pool2"": 0.0004, ""best_ARIMA"": 0.0, ""best_ETS"": 0.0, ""best_THETA"": 0.0, ""accept"": 0.001}, ""input_tokens"": 1587, ""score"": 0.6392, ""rank"": 8, ""already_tested"": true}, {""iteration"": 3, ""action"": ""median_pool2"", ""confidence"": 0.9508, ""probability_of_chosen"": 0.9787, ""probabilities"": {""mean_pool_full"": 0.0, ""median_pool_full"": 0.0056, ""trimmed_mean_pool_full"": 0.0094, ""mean_pool4"": 0.0, ""median_pool4"": 0.0003, ""trimmed_mean_pool4"": 0.0002, ""mean_pool1"": 0.0, ""median_pool1"": 0.002, ""trimmed_mean_pool1"": 0.0021, ""mean_pool2"": 0.0, ""median_pool2"": 0.9787, ""trimmed_mean_pool2"": 0.0004, ""best_ARIMA"": 0.0, ""best_ETS"": 0.0, ""best_THETA"": 0.0, ""accept"": 0.001}, ""input_tokens"": 1587, ""score"": 0.6392, ""rank"": 8, ""already_tested"": true}, {""iteration"": 4, ""action"": ""median_pool2"", ""confidence"": 0.9508, ""probability_of_chosen"": 0.9787, ""probabilities"": {""mean_pool_full"": 0.0, ""median_pool_full"": 0.0056, ""trimmed_mean_pool_full"": 0.0094, ""mean_pool4"": 0.0, ""median_pool4"": 0.0003, ""trimmed_mean_pool4"": 0.0002, ""mean_pool1"": 0.0, ""median_pool1"": 0.002, ""trimmed_mean_pool1"": 0.0021, ""mean_pool2"": 0.0, ""median_pool2"": 0.9787, ""trimmed_mean_pool2"": 0.0004, ""best_ARIMA"": 0.0, ""best_ETS"": 0.0, ""best_THETA"": 0.0, ""accept"": 0.001}, ""input_tokens"": 1587, ""score"": 0.6392, ""rank"": 8, ""already_tested"": true}]}, ""score"": 0.5948}";baseline;4;no new information in 3 consecutive turns;0.03425094611906677;737.0072771472902;laya_multilingual_laya_v0_ml8192
167;12;orchestrator_laya_laya_v0_ml8192;0.4236882779829853;36.36363636363637;0.3503156497026081;38.98572508567994;0.3501337400553961;34.99556043100878;[[154.0, 62.0, 62.0, 92.0, 124.0, 157.0, 62.0, 157.0, 62.0, 124.0, 124.0, 62.0]];[[112.83221956736843, 106.93488018684211, 110.99134677368423, 104.2372767568421, 118.24099401315792, 104.22676699473683, 108.66845785894736, 111.36466005052633, 114.83478133736844, 111.80900222473684, 108.76619910473686, 103.51982421368423]];2023-12-31 00:00:00;2024-11-30 00:00:00;"{""strategy"": {""combine"": ""mean"", ""pool"": ""pool_full""}, ""origin"": ""baseline"", ""loop"": {""final_attempt"": ""a1"", ""strategy"": {""combine"": ""mean"", ""pool"": ""pool_full""}, ""iterations_used"": 5, ""stop_reason"": ""no new information in 3 consecutive turns"", ""trace"": [{""iteration"": 1, ""action"": ""median_pool2"", ""confidence"": 0.3218, ""probability_of_chosen"": 0.3466, ""probabilities"": {""mean_pool_full"": 0.0008, ""median_pool_full"": 0.0025, ""trimmed_mean_pool_full"": 0.2136, ""mean_pool1"": 0.0043, ""median_pool1"": 0.0112, ""trimmed_mean_pool1"": 0.0248, ""mean_pool2"": 0.005, ""median_pool2"": 0.3466, ""trimmed_mean_pool2"": 0.1295, ""mean_pool3"": 0.0008, ""median_pool3"": 0.0224, ""trimmed_mean_pool3"": 0.0955, ""best_NaiveMovingAverage"": 0.0072, ""best_CWT_catboost"": 0.0038, ""best_ONLY_DWT_rf"": 0.1049, ""accept"": 0.027}, ""input_tokens"": 1545, ""score"": 0.7498, ""rank"": 10, ""already_tested"": false}, {""iteration"": 2, ""action"": ""median_pool1"", ""confidence"": 0.5079, ""probability_of_chosen"": 0.4508, ""probabilities"": {""mean_pool_full"": 0.0003, ""median_pool_full"": 0.0011, ""trimmed_mean_pool_full"": 0.3622, ""mean_pool4"": 0.0013, ""median_pool4"": 0.0017, ""trimmed_mean_pool4"": 0.003, ""mean_pool1"": 0.0007, ""median_pool1"": 0.4508, ""trimmed_mean_pool1"": 0.0605, ""mean_pool2"": 0.001, ""median_pool2"": 0.0166, ""trimmed_mean_pool2"": 0.0526, ""best_NaiveMovingAverage"": 0.0027, ""best_CWT_catboost"": 0.0016, ""best_ONLY_DWT_rf"": 0.0348, ""accept"": 0.009}, ""input_tokens"": 1545, ""score"": 0.7465, ""rank"": 9, ""already_tested"": false}, {""iteration"": 3, ""action"": ""median_pool1"", ""confidence"": 0.5079, ""probability_of_chosen"": 0.4508, ""probabilities"": {""mean_pool_full"": 0.0003, ""median_pool_full"": 0.0011, ""trimmed_mean_pool_full"": 0.3622, ""mean_pool4"": 0.0013, ""median_pool4"": 0.0017, ""trimmed_mean_pool4"": 0.003, ""mean_pool1"": 0.0007, ""median_pool1"": 0.4508, ""trimmed_mean_pool1"": 0.0605, ""mean_pool2"": 0.001, ""median_pool2"": 0.0166, ""trimmed_mean_pool2"": 0.0526, ""best_NaiveMovingAverage"": 0.0027, ""best_CWT_catboost"": 0.0016, ""best_ONLY_DWT_rf"": 0.0348, ""accept"": 0.009}, ""input_tokens"": 1545, ""score"": 0.7465, ""rank"": 9, ""already_tested"": true}, {""iteration"": 4, ""action"": ""median_pool1"", ""confidence"": 0.5079, ""probability_of_chosen"": 0.4508, ""probabilities"": {""mean_pool_full"": 0.0003, ""median_pool_full"": 0.0011, ""trimmed_mean_pool_full"": 0.3622, ""mean_pool4"": 0.0013, ""median_pool4"": 0.0017, ""trimmed_mean_pool4"": 0.003, ""mean_pool1"": 0.0007, ""median_pool1"": 0.4508, ""trimmed_mean_pool1"": 0.0605, ""mean_pool2"": 0.001, ""median_pool2"": 0.0166, ""trimmed_mean_pool2"": 0.0526, ""best_NaiveMovingAverage"": 0.0027, ""best_CWT_catboost"": 0.0016, ""best_ONLY_DWT_rf"": 0.0348, ""accept"": 0.009}, ""input_tokens"": 1545, ""score"": 0.7465, ""rank"": 9, ""already_tested"": true}, {""iteration"": 5, ""action"": ""median_pool1"", ""confidence"": 0.5079, ""probability_of_chosen"": 0.4508, ""probabilities"": {""mean_pool_full"": 0.0003, ""median_pool_full"": 0.0011, ""trimmed_mean_pool_full"": 0.3622, ""mean_pool4"": 0.0013, ""median_pool4"": 0.0017, ""trimmed_mean_pool4"": 0.003, ""mean_pool1"": 0.0007, ""median_pool1"": 0.4508, ""trimmed_mean_pool1"": 0.0605, ""mean_pool2"": 0.001, ""median_pool2"": 0.0166, ""trimmed_mean_pool2"": 0.0526, ""best_NaiveMovingAverage"": 0.0027, ""best_CWT_catboost"": 0.0016, ""best_ONLY_DWT_rf"": 0.0348, ""accept"": 0.009}, ""input_tokens"": 1545, ""score"": 0.7465, ""rank"": 9, ""already_tested"": true}]}, ""score"": 0.697}";baseline;5;no new information in 3 consecutive turns;0.3503156497026081;38.98572508567994;laya_multilingual_laya_v0_ml8192
168;12;orchestrator_laya_laya_v0_ml8192;0.041193525345736864;63.63636363636363;0.04180897570803335;11263.165685519756;0.04180896679544003;9826.395147596666;[[249613.224, 231029.327, 205966.345, 231204.287, 237607.657, 239814.06, 226799.045, 253535.829, 246974.032, 240053.157, 253264.036, 229275.999]];[[236169.8082758689, 223387.4395150022, 220794.19574688558, 232748.76110581335, 226216.16857731668, 230908.22645785002, 231899.16605430783, 233504.9891016611, 238966.33081158332, 236053.90370987228, 235449.71814992445, 234485.55746323222]];2023-12-31 00:00:00;2024-11-30 00:00:00;"{""strategy"": {""combine"": ""mean"", ""pool"": ""pool3""}, ""origin"": ""baseline"", ""loop"": {""final_attempt"": ""a8"", ""strategy"": {""combine"": ""mean"", ""pool"": ""pool3""}, ""iterations_used"": 4, ""stop_reason"": ""no new information in 3 consecutive turns"", ""trace"": [{""iteration"": 1, ""action"": ""best_ONLY_FT_rf"", ""confidence"": 0.9794, ""probability_of_chosen"": 0.9901, ""probabilities"": {""mean_pool_full"": 0.0, ""median_pool_full"": 0.0, ""trimmed_mean_pool_full"": 0.0, ""mean_pool1"": 0.0, ""median_pool1"": 0.0, ""trimmed_mean_pool1"": 0.0, ""mean_pool2"": 0.0, ""median_pool2"": 0.0097, ""trimmed_mean_pool2"": 0.0, ""mean_pool3"": 0.0, ""median_pool3"": 0.0, ""trimmed_mean_pool3"": 0.0, ""best_FT_rf"": 0.0, ""best_ONLY_DWT_catboost"": 0.0001, ""best_ONLY_FT_rf"": 0.9901, ""accept"": 0.0}, ""input_tokens"": 1638, ""score"": 0.6156, ""rank"": 4, ""already_tested"": false}, {""iteration"": 2, ""action"": ""best_ONLY_FT_rf"", ""confidence"": 1.0, ""probability_of_chosen"": 1.0, ""probabilities"": {""mean_pool_full"": 0.0, ""median_pool_full"": 0.0, ""trimmed_mean_pool_full"": 0.0, ""mean_pool4"": 0.0, ""median_pool4"": 0.0, ""trimmed_mean_pool4"": 0.0, ""mean_pool1"": 0.0, ""median_pool1"": 0.0, ""trimmed_mean_pool1"": 0.0, ""mean_pool2"": 0.0, ""median_pool2"": 0.0, ""trimmed_mean_pool2"": 0.0, ""best_FT_rf"": 0.0, ""best_ONLY_DWT_catboost"": 0.0, ""best_ONLY_FT_rf"": 1.0, ""accept"": 0.0}, ""input_tokens"": 1645, ""score"": 0.6156, ""rank"": 4, ""already_tested"": true}, {""iteration"": 3, ""action"": ""best_ONLY_FT_rf"", ""confidence"": 1.0, ""probability_of_chosen"": 1.0, ""probabilities"": {""mean_pool_full"": 0.0, ""median_pool_full"": 0.0, ""trimmed_mean_pool_full"": 0.0, ""mean_pool4"": 0.0, ""median_pool4"": 0.0, ""trimmed_mean_pool4"": 0.0, ""mean_pool1"": 0.0, ""median_pool1"": 0.0, ""trimmed_mean_pool1"": 0.0, ""mean_pool2"": 0.0, ""median_pool2"": 0.0, ""trimmed_mean_pool2"": 0.0, ""best_FT_rf"": 0.0, ""best_ONLY_DWT_catboost"": 0.0, ""best_ONLY_FT_rf"": 1.0, ""accept"": 0.0}, ""input_tokens"": 1645, ""score"": 0.6156, ""rank"": 4, ""already_tested"": true}, {""iteration"": 4, ""action"": ""best_ONLY_FT_rf"", ""confidence"": 1.0, ""probability_of_chosen"": 1.0, ""probabilities"": {""mean_pool_full"": 0.0, ""median_pool_full"": 0.0, ""trimmed_mean_pool_full"": 0.0, ""mean_pool4"": 0.0, ""median_pool4"": 0.0, ""trimmed_mean_pool4"": 0.0, ""mean_pool1"": 0.0, ""median_pool1"": 0.0, ""trimmed_mean_pool1"": 0.0, ""mean_pool2"": 0.0, ""median_pool2"": 0.0, ""trimmed_mean_pool2"": 0.0, ""best_FT_rf"": 0.0, ""best_ONLY_DWT_catboost"": 0.0, ""best_ONLY_FT_rf"": 1.0, ""accept"": 0.0}, ""input_tokens"": 1645, ""score"": 0.6156, ""rank"": 4, ""already_tested"": true}]}, ""score"": 0.6094}";baseline;4;no new information in 3 consecutive turns;0.04180897570803335;11263.165685519756;laya_multilingual_laya_v0_ml8192
169;12;orchestrator_laya_laya_v0_ml8192;0.08028550390415365;72.72727272727273;0.08656740768032671;3980.816147489552;0.08656727288215343;2791.551668354167;[[29030.334, 28425.01, 26156.118, 30123.222, 30338.764, 31423.789, 30518.259, 35234.132, 34216.697, 40104.511, 34480.892, 30692.088]];[[29394.41696372333, 29028.873451820004, 26562.534291236665, 28995.90840625667, 28337.997366563333, 29527.602900679998, 29516.795564063334, 30321.32365565, 30071.106567, 29449.520028843337, 29806.33118087333, 28981.511016599998]];2023-12-31 00:00:00;2024-11-30 00:00:00;"{""strategy"": {""combine"": ""trimmed_mean"", ""pool"": ""pool1"", ""trim_pct"": 0.2}, ""origin"": ""baseline"", ""loop"": {""final_attempt"": ""a5"", ""strategy"": {""combine"": ""trimmed_mean"", ""pool"": ""pool1"", ""trim_pct"": 0.2}, ""iterations_used"": 4, ""stop_reason"": ""no new information in 3 consecutive turns"", ""trace"": [{""iteration"": 1, ""action"": ""median_pool2"", ""confidence"": 0.9241, ""probability_of_chosen"": 0.9674, ""probabilities"": {""mean_pool_full"": 0.0001, ""median_pool_full"": 0.0107, ""trimmed_mean_pool_full"": 0.0031, ""mean_pool1"": 0.0003, ""median_pool1"": 0.0056, ""trimmed_mean_pool1"": 0.0008, ""mean_pool2"": 0.0003, ""median_pool2"": 0.9674, ""trimmed_mean_pool2"": 0.0019, ""mean_pool3"": 0.0001, ""median_pool3"": 0.0037, ""trimmed_mean_pool3"": 0.0004, ""best_THETA"": 0.0009, ""best_ETS"": 0.0001, ""best_DWT_catboost"": 0.001, ""accept"": 0.0036}, ""input_tokens"": 1570, ""score"": 0.6059, ""rank"": 3, ""already_tested"": false}, {""iteration"": 2, ""action"": ""median_pool2"", ""confidence"": 0.5066, ""probability_of_chosen"": 0.4761, ""probabilities"": {""mean_pool_full"": 0.0003, ""median_pool_full"": 0.0273, ""trimmed_mean_pool_full"": 0.218, ""mean_pool4"": 0.0003, ""median_pool4"": 0.0093, ""trimmed_mean_pool4"": 0.0012, ""mean_pool1"": 0.002, ""median_pool1"": 0.2284, ""trimmed_mean_pool1"": 0.0073, ""mean_pool2"": 0.0017, ""median_pool2"": 0.4761, ""trimmed_mean_pool2"": 0.014, ""best_THETA"": 0.0014, ""best_ETS"": 0.0004, ""best_DWT_catboost"": 0.002, ""accept"": 0.0101}, ""input_tokens"": 1571, ""score"": 0.6059, ""rank"": 3, ""already_tested"": true}, {""iteration"": 3, ""action"": ""median_pool2"", ""confidence"": 0.5066, ""probability_of_chosen"": 0.4761, ""probabilities"": {""mean_pool_full"": 0.0003, ""median_pool_full"": 0.0273, ""trimmed_mean_pool_full"": 0.218, ""mean_pool4"": 0.0003, ""median_pool4"": 0.0093, ""trimmed_mean_pool4"": 0.0012, ""mean_pool1"": 0.002, ""median_pool1"": 0.2284, ""trimmed_mean_pool1"": 0.0073, ""mean_pool2"": 0.0017, ""median_pool2"": 0.4761, ""trimmed_mean_pool2"": 0.014, ""best_THETA"": 0.0014, ""best_ETS"": 0.0004, ""best_DWT_catboost"": 0.002, ""accept"": 0.0101}, ""input_tokens"": 1571, ""score"": 0.6059, ""rank"": 3, ""already_tested"": true}, {""iteration"": 4, ""action"": ""median_pool2"", ""confidence"": 0.5066, ""probability_of_chosen"": 0.4761, ""probabilities"": {""mean_pool_full"": 0.0003, ""median_pool_full"": 0.0273, ""trimmed_mean_pool_full"": 0.218, ""mean_pool4"": 0.0003, ""median_pool4"": 0.0093, ""trimmed_mean_pool4"": 0.0012, ""mean_pool1"": 0.002, ""median_pool1"": 0.2284, ""trimmed_mean_pool1"": 0.0073, ""mean_pool2"": 0.0017, ""median_pool2"": 0.4761, ""trimmed_mean_pool2"": 0.014, ""best_THETA"": 0.0014, ""best_ETS"": 0.0004, ""best_DWT_catboost"": 0.002, ""accept"": 0.0101}, ""input_tokens"": 1571, ""score"": 0.6059, ""rank"": 3, ""already_tested"": true}]}, ""score"": 0.4883}";baseline;4;no new information in 3 consecutive turns;0.08656740768032671;3980.816147489552;laya_multilingual_laya_v0_ml8192
170;12;orchestrator_laya_laya_v0_ml8192;0.047606269991975515;63.63636363636363;0.04842010488058678;2481.616052051307;0.04842005335414127;2282.865751784169;[[47167.30616, 45060.62681, 42223.68297, 43227.8279, 47397.88768, 49226.45471, 46568.20833, 53101.93116, 52042.66667, 48554.43116, 50783.38043, 47871.80978]];[[48377.03898027, 43187.27015854286, 40546.43222265285, 46457.009474097154, 44185.618219592856, 46253.57343745571, 47471.663804079995, 49315.20827742429, 50208.16128554143, 47619.39738194286, 47380.58843745142, 45514.60279643286]];2023-12-31 00:00:00;2024-11-30 00:00:00;"{""strategy"": {""combine"": ""trimmed_mean"", ""pool"": ""pool3"", ""trim_pct"": 0.2}, ""origin"": ""baseline"", ""loop"": {""final_attempt"": ""a9"", ""strategy"": {""combine"": ""trimmed_mean"", ""pool"": ""pool3"", ""trim_pct"": 0.2}, ""iterations_used"": 5, ""stop_reason"": ""no new information in 3 consecutive turns"", ""trace"": [{""iteration"": 1, ""action"": ""median_pool_full"", ""confidence"": 0.4146, ""probability_of_chosen"": 0.3612, ""probabilities"": {""mean_pool_full"": 0.0003, ""median_pool_full"": 0.3612, ""trimmed_mean_pool_full"": 0.0237, ""mean_pool1"": 0.0009, ""median_pool1"": 0.0105, ""trimmed_mean_pool1"": 0.0119, ""mean_pool2"": 0.0019, ""median_pool2"": 0.2769, ""trimmed_mean_pool2"": 0.0445, ""mean_pool3"": 0.0006, ""median_pool3"": 0.2107, ""trimmed_mean_pool3"": 0.0193, ""best_ARIMA"": 0.0012, ""best_THETA"": 0.0021, ""best_ETS"": 0.0013, ""accept"": 0.033}, ""input_tokens"": 1608, ""score"": 0.57, ""rank"": 3, ""already_tested"": true}, {""iteration"": 2, ""action"": ""median_pool2"", ""confidence"": 0.6567, ""probability_of_chosen"": 0.7556, ""probabilities"": {""mean_pool_full"": 0.0002, ""median_pool_full"": 0.115, ""trimmed_mean_pool_full"": 0.0522, ""mean_pool4"": 0.0003, ""median_pool4"": 0.0032, ""trimmed_mean_pool4"": 0.0051, ""mean_pool1"": 0.0005, ""median_pool1"": 0.0154, ""trimmed_mean_pool1"": 0.0075, ""mean_pool2"": 0.0006, ""median_pool2"": 0.7556, ""trimmed_mean_pool2"": 0.0226, ""best_ARIMA"": 0.0006, ""best_THETA"": 0.001, ""best_ETS"": 0.0006, ""accept"": 0.0196}, ""input_tokens"": 1608, ""score"": 0.6008, ""rank"": 9, ""already_tested"": false}, {""iteration"": 3, ""action"": ""median_pool2"", ""confidence"": 0.6567, ""probability_of_chosen"": 0.7556, ""probabilities"": {""mean_pool_full"": 0.0002, ""median_pool_full"": 0.115, ""trimmed_mean_pool_full"": 0.0522, ""mean_pool4"": 0.0003, ""median_pool4"": 0.0032, ""trimmed_mean_pool4"": 0.0051, ""mean_pool1"": 0.0005, ""median_pool1"": 0.0154, ""trimmed_mean_pool1"": 0.0075, ""mean_pool2"": 0.0006, ""median_pool2"": 0.7556, ""trimmed_mean_pool2"": 0.0226, ""best_ARIMA"": 0.0006, ""best_THETA"": 0.001, ""best_ETS"": 0.0006, ""accept"": 0.0196}, ""input_tokens"": 1608, ""score"": 0.6008, ""rank"": 9, ""already_tested"": true}, {""iteration"": 4, ""action"": ""median_pool2"", ""confidence"": 0.6567, ""probability_of_chosen"": 0.7556, ""probabilities"": {""mean_pool_full"": 0.0002, ""median_pool_full"": 0.115, ""trimmed_mean_pool_full"": 0.0522, ""mean_pool4"": 0.0003, ""median_pool4"": 0.0032, ""trimmed_mean_pool4"": 0.0051, ""mean_pool1"": 0.0005, ""median_pool1"": 0.0154, ""trimmed_mean_pool1"": 0.0075, ""mean_pool2"": 0.0006, ""median_pool2"": 0.7556, ""trimmed_mean_pool2"": 0.0226, ""best_ARIMA"": 0.0006, ""best_THETA"": 0.001, ""best_ETS"": 0.0006, ""accept"": 0.0196}, ""input_tokens"": 1608, ""score"": 0.6008, ""rank"": 9, ""already_tested"": true}, {""iteration"": 5, ""action"": ""median_pool2"", ""confidence"": 0.6567, ""probability_of_chosen"": 0.7556, ""probabilities"": {""mean_pool_full"": 0.0002, ""median_pool_full"": 0.115, ""trimmed_mean_pool_full"": 0.0522, ""mean_pool4"": 0.0003, ""median_pool4"": 0.0032, ""trimmed_mean_pool4"": 0.0051, ""mean_pool1"": 0.0005, ""median_pool1"": 0.0154, ""trimmed_mean_pool1"": 0.0075, ""mean_pool2"": 0.0006, ""median_pool2"": 0.7556, ""trimmed_mean_pool2"": 0.0226, ""best_ARIMA"": 0.0006, ""best_THETA"": 0.001, ""best_ETS"": 0.0006, ""accept"": 0.0196}, ""input_tokens"": 1608, ""score"": 0.6008, ""rank"": 9, ""already_tested"": true}]}, ""score"": 0.5563}";baseline;5;no new information in 3 consecutive turns;0.04842010488058678;2481.616052051307;laya_multilingual_laya_v0_ml8192
171;12;orchestrator_laya_laya_v0_ml8192;0.056632902015481275;81.81818181818181;0.05903351584308656;3120.971087157635;0.05903344517437279;2472.0111635373473;[[41569.0, 40479.886, 36701.5, 38525.788, 39653.0, 40215.99, 37234.35, 43709.0, 45157.0, 43937.5, 47824.019, 44584.5]];[[41251.472979322076, 38391.520895419504, 36807.3741469585, 38947.42745499685, 37543.677347533856, 39043.46024628263, 38704.7162773025, 39369.555176249996, 41009.50637869909, 40351.0958744774, 41096.97021777421, 41406.38180105091]];2023-12-31 00:00:00;2024-11-30 00:00:00;"{""strategy"": {""combine"": ""dba"", ""pool"": ""pool_full"", ""dba_max_iter"": 30}, ""origin"": ""baseline"", ""loop"": {""final_attempt"": ""a3"", ""strategy"": {""combine"": ""dba"", ""pool"": ""pool_full"", ""dba_max_iter"": 30}, ""iterations_used"": 4, ""stop_reason"": ""no new information in 3 consecutive turns"", ""trace"": [{""iteration"": 1, ""action"": ""median_pool2"", ""confidence"": 0.9618, ""probability_of_chosen"": 0.9846, ""probabilities"": {""mean_pool_full"": 0.0001, ""median_pool_full"": 0.0003, ""trimmed_mean_pool_full"": 0.0015, ""mean_pool1"": 0.0, ""median_pool1"": 0.0001, ""trimmed_mean_pool1"": 0.0001, ""mean_pool2"": 0.0001, ""median_pool2"": 0.9846, ""trimmed_mean_pool2"": 0.0023, ""mean_pool3"": 0.0, ""median_pool3"": 0.0008, ""trimmed_mean_pool3"": 0.0002, ""best_DWT_rf"": 0.0002, ""best_CWT_catboost"": 0.0001, ""best_ONLY_CWT_rf"": 0.0068, ""accept"": 0.0026}, ""input_tokens"": 1615, ""score"": 0.6418, ""rank"": 2, ""already_tested"": false}, {""iteration"": 2, ""action"": ""median_pool2"", ""confidence"": 0.7813, ""probability_of_chosen"": 0.8779, ""probabilities"": {""mean_pool_full"": 0.0003, ""median_pool_full"": 0.0012, ""trimmed_mean_pool_full"": 0.0447, ""mean_pool4"": 0.0004, ""median_pool4"": 0.0042, ""trimmed_mean_pool4"": 0.0055, ""mean_pool1"": 0.0005, ""median_pool1"": 0.0057, ""trimmed_mean_pool1"": 0.0092, ""mean_pool2"": 0.0007, ""median_pool2"": 0.8779, ""trimmed_mean_pool2"": 0.0255, ""best_DWT_rf"": 0.0011, ""best_CWT_catboost"": 0.0008, ""best_ONLY_CWT_rf"": 0.0136, ""accept"": 0.0087}, ""input_tokens"": 1615, ""score"": 0.6418, ""rank"": 2, ""already_tested"": true}, {""iteration"": 3, ""action"": ""median_pool2"", ""confidence"": 0.7813, ""probability_of_chosen"": 0.8779, ""probabilities"": {""mean_pool_full"": 0.0003, ""median_pool_full"": 0.0012, ""trimmed_mean_pool_full"": 0.0447, ""mean_pool4"": 0.0004, ""median_pool4"": 0.0042, ""trimmed_mean_pool4"": 0.0055, ""mean_pool1"": 0.0005, ""median_pool1"": 0.0057, ""trimmed_mean_pool1"": 0.0092, ""mean_pool2"": 0.0007, ""median_pool2"": 0.8779, ""trimmed_mean_pool2"": 0.0255, ""best_DWT_rf"": 0.0011, ""best_CWT_catboost"": 0.0008, ""best_ONLY_CWT_rf"": 0.0136, ""accept"": 0.0087}, ""input_tokens"": 1615, ""score"": 0.6418, ""rank"": 2, ""already_tested"": true}, {""iteration"": 4, ""action"": ""median_pool2"", ""confidence"": 0.7813, ""probability_of_chosen"": 0.8779, ""probabilities"": {""mean_pool_full"": 0.0003, ""median_pool_full"": 0.0012, ""trimmed_mean_pool_full"": 0.0447, ""mean_pool4"": 0.0004, ""median_pool4"": 0.0042, ""trimmed_mean_pool4"": 0.0055, ""mean_pool1"": 0.0005, ""median_pool1"": 0.0057, ""trimmed_mean_pool1"": 0.0092, ""mean_pool2"": 0.0007, ""median_pool2"": 0.8779, ""trimmed_mean_pool2"": 0.0255, ""best_DWT_rf"": 0.0011, ""best_CWT_catboost"": 0.0008, ""best_ONLY_CWT_rf"": 0.0136, ""accept"": 0.0087}, ""input_tokens"": 1615, ""score"": 0.6418, ""rank"": 2, ""already_tested"": true}]}, ""score"": 0.6288}";baseline;4;no new information in 3 consecutive turns;0.05903351584308656;3120.971087157635;laya_multilingual_laya_v0_ml8192
172;12;orchestrator_laya_laya_v0_ml8192;0.12459255368883027;72.72727272727273;0.13315892578437782;274.1745909081031;0.1331548203960142;221.25934764111108;[[2044.171, 2421.852, 1775.086, 1552.462, 1621.739, 1228.788, 1410.354, 1433.102, 1371.455, 1277.424, 1564.684, 2028.074]];[[1802.02782752, 1940.2376152333334, 1406.3966319266667, 1564.1530510466666, 1320.1511203, 1319.5749767433333, 1277.6845568666668, 1655.0649243866667, 1451.9638996133335, 1350.1800817566666, 1446.5265107966668, 1495.52949921]];2023-12-31 00:00:00;2024-11-30 00:00:00;"{""strategy"": {""combine"": ""trimmed_mean"", ""pool"": ""pool1"", ""trim_pct"": 0.2}, ""origin"": ""baseline"", ""loop"": {""final_attempt"": ""a5"", ""strategy"": {""combine"": ""trimmed_mean"", ""pool"": ""pool1"", ""trim_pct"": 0.2}, ""iterations_used"": 3, ""stop_reason"": ""no new information in 3 consecutive turns"", ""trace"": [{""iteration"": 1, ""action"": ""trimmed_mean_pool2"", ""confidence"": 0.3211, ""probability_of_chosen"": 0.3858, ""probabilities"": {""mean_pool_full"": 0.0011, ""median_pool_full"": 0.0175, ""trimmed_mean_pool_full"": 0.1583, ""mean_pool1"": 0.0115, ""median_pool1"": 0.0068, ""trimmed_mean_pool1"": 0.0486, ""mean_pool2"": 0.0079, ""median_pool2"": 0.0739, ""trimmed_mean_pool2"": 0.3858, ""mean_pool3"": 0.0029, ""median_pool3"": 0.0315, ""trimmed_mean_pool3"": 0.1851, ""best_ARIMA"": 0.0087, ""best_ETS"": 0.0019, ""best_THETA"": 0.0088, ""accept"": 0.0496}, ""input_tokens"": 1573, ""score"": 0.601, ""rank"": 2, ""already_tested"": true}, {""iteration"": 2, ""action"": ""trimmed_mean_pool2"", ""confidence"": 0.3763, ""probability_of_chosen"": 0.3355, ""probabilities"": {""mean_pool_full"": 0.0007, ""median_pool_full"": 0.011, ""trimmed_mean_pool_full"": 0.3102, ""mean_pool4"": 0.0074, ""median_pool4"": 0.0028, ""trimmed_mean_pool4"": 0.0118, ""mean_pool1"": 0.0036, ""median_pool1"": 0.0282, ""trimmed_mean_pool1"": 0.1283, ""mean_pool2"": 0.007, ""median_pool2"": 0.1072, ""trimmed_mean_pool2"": 0.3355, ""best_ARIMA"": 0.0064, ""best_ETS"": 0.0013, ""best_THETA"": 0.005, ""accept"": 0.0336}, ""input_tokens"": 1573, ""score"": 0.601, ""rank"": 2, ""already_tested"": true}, {""iteration"": 3, ""action"": ""trimmed_mean_pool2"", ""confidence"": 0.3763, ""probability_of_chosen"": 0.3355, ""probabilities"": {""mean_pool_full"": 0.0007, ""median_pool_full"": 0.011, ""trimmed_mean_pool_full"": 0.3102, ""mean_pool4"": 0.0074, ""median_pool4"": 0.0028, ""trimmed_mean_pool4"": 0.0118, ""mean_pool1"": 0.0036, ""median_pool1"": 0.0282, ""trimmed_mean_pool1"": 0.1283, ""mean_pool2"": 0.007, ""median_pool2"": 0.1072, ""trimmed_mean_pool2"": 0.3355, ""best_ARIMA"": 0.0064, ""best_ETS"": 0.0013, ""best_THETA"": 0.005, ""accept"": 0.0336}, ""input_tokens"": 1573, ""score"": 0.601, ""rank"": 2, ""already_tested"": true}]}, ""score"": 0.5799}";baseline;3;no new information in 3 consecutive turns;0.13315892578437782;274.1745909081031;laya_multilingual_laya_v0_ml8192
173;12;orchestrator_laya_laya_v0_ml8192;0.17844851308225387;54.54545454545455;0.18629691992010955;235.91395141427427;0.18628668211112062;175.5676209766667;[[1440.323, 1289.62, 1127.965, 919.451, 963.815, 756.934, 666.058, 967.404, 580.617, 738.445, 904.931, 840.478]];[[881.59017226, 883.42121515, 870.4438298, 909.71322286, 885.11860276, 852.05360708, 812.74575933, 826.29943944, 805.99934951, 855.48458093, 852.06778014, 858.20541728]];2023-12-31 00:00:00;2024-11-30 00:00:00;"{""strategy"": {""combine"": ""best_single"", ""model"": ""ONLY_DWT_rf"", ""pool"": ""pool_full""}, ""origin"": ""agent"", ""loop"": {""final_attempt"": ""a10"", ""strategy"": {""combine"": ""best_single"", ""model"": ""ONLY_DWT_rf"", ""pool"": ""pool_full""}, ""iterations_used"": 5, ""stop_reason"": ""no new information in 3 consecutive turns"", ""trace"": [{""iteration"": 1, ""action"": ""best_ONLY_DWT_rf"", ""confidence"": 0.4758, ""probability_of_chosen"": 0.563, ""probabilities"": {""mean_pool_full"": 0.0003, ""median_pool_full"": 0.0247, ""trimmed_mean_pool_full"": 0.0118, ""mean_pool1"": 0.0023, ""median_pool1"": 0.0345, ""trimmed_mean_pool1"": 0.0238, ""mean_pool2"": 0.0017, ""median_pool2"": 0.217, ""trimmed_mean_pool2"": 0.0313, ""mean_pool3"": 0.0005, ""median_pool3"": 0.0475, ""trimmed_mean_pool3"": 0.0117, ""best_THETA"": 0.0011, ""best_ONLY_DWT_rf"": 0.563, ""best_ETS"": 0.0007, ""accept"": 0.0281}, ""input_tokens"": 1549, ""score"": 0.5721, ""rank"": 1, ""already_tested"": false}, {""iteration"": 2, ""action"": ""median_pool2"", ""confidence"": 0.4665, ""probability_of_chosen"": 0.4139, ""probabilities"": {""mean_pool_full"": 0.0002, ""median_pool_full"": 0.1323, ""trimmed_mean_pool_full"": 0.3076, ""mean_pool4"": 0.0004, ""median_pool4"": 0.0015, ""trimmed_mean_pool4"": 0.0005, ""mean_pool1"": 0.0015, ""median_pool1"": 0.0314, ""trimmed_mean_pool1"": 0.0131, ""mean_pool2"": 0.0017, ""median_pool2"": 0.4139, ""trimmed_mean_pool2"": 0.0041, ""best_THETA"": 0.0005, ""best_ONLY_DWT_rf"": 0.0809, ""best_ETS"": 0.0004, ""accept"": 0.0099}, ""input_tokens"": 1556, ""score"": 0.6821, ""rank"": 4, ""already_tested"": false}, {""iteration"": 3, ""action"": ""best_ONLY_DWT_rf"", ""confidence"": 0.4145, ""probability_of_chosen"": 0.3976, ""probabilities"": {""mean_pool_full"": 0.0006, ""median_pool_full"": 0.0437, ""trimmed_mean_pool_full"": 0.1999, ""mean_pool4"": 0.0006, ""median_pool4"": 0.0027, ""trimmed_mean_pool4"": 0.0018, ""mean_pool1"": 0.0009, ""median_pool1"": 0.0912, ""trimmed_mean_pool1"": 0.0083, ""mean_pool2"": 0.0039, ""median_pool2"": 0.2145, ""trimmed_mean_pool2"": 0.0095, ""best_THETA"": 0.0013, ""best_ONLY_DWT_rf"": 0.3976, ""best_ETS"": 0.001, ""accept"": 0.0226}, ""input_tokens"": 1551, ""score"": 0.5721, ""rank"": 1, ""already_tested"": true}, {""iteration"": 4, ""action"": ""best_ONLY_DWT_rf"", ""confidence"": 0.4145, ""probability_of_chosen"": 0.3976, ""probabilities"": {""mean_pool_full"": 0.0006, ""median_pool_full"": 0.0437, ""trimmed_mean_pool_full"": 0.1999, ""mean_pool4"": 0.0006, ""median_pool4"": 0.0027, ""trimmed_mean_pool4"": 0.0018, ""mean_pool1"": 0.0009, ""median_pool1"": 0.0912, ""trimmed_mean_pool1"": 0.0083, ""mean_pool2"": 0.0039, ""median_pool2"": 0.2145, ""trimmed_mean_pool2"": 0.0095, ""best_THETA"": 0.0013, ""best_ONLY_DWT_rf"": 0.3976, ""best_ETS"": 0.001, ""accept"": 0.0226}, ""input_tokens"": 1551, ""score"": 0.5721, ""rank"": 1, ""already_tested"": true}, {""iteration"": 5, ""action"": ""best_ONLY_DWT_rf"", ""confidence"": 0.4145, ""probability_of_chosen"": 0.3976, ""probabilities"": {""mean_pool_full"": 0.0006, ""median_pool_full"": 0.0437, ""trimmed_mean_pool_full"": 0.1999, ""mean_pool4"": 0.0006, ""median_pool4"": 0.0027, ""trimmed_mean_pool4"": 0.0018, ""mean_pool1"": 0.0009, ""median_pool1"": 0.0912, ""trimmed_mean_pool1"": 0.0083, ""mean_pool2"": 0.0039, ""median_pool2"": 0.2145, ""trimmed_mean_pool2"": 0.0095, ""best_THETA"": 0.0013, ""best_ONLY_DWT_rf"": 0.3976, ""best_ETS"": 0.001, ""accept"": 0.0226}, ""input_tokens"": 1551, ""score"": 0.5721, ""rank"": 1, ""already_tested"": true}]}, ""score"": 0.5721}";agent;5;no new information in 3 consecutive turns;0.20182769776768383;250.19767088649908;laya_multilingual_laya_v0_ml8192
174;12;orchestrator_laya_laya_v0_ml8192;0.0515316343695393;63.63636363636363;0.05370632146572959;1094.2374056732815;0.053706151360854444;848.4300528708335;[[15384.39493, 15632.93478, 14732.01087, 15439.72464, 16850.69022, 16523.61594, 15477.52536, 16991.29348, 17128.03442, 14500.05797, 16446.61413, 15066.60507]];[[14648.92762077, 15176.44208561, 14566.21782229, 15902.00294688, 15066.49821406, 15036.55681352, 15446.28956996, 14987.85353802, 15840.57161478, 14392.55323289, 14937.88089844, 15218.10670791]];2023-12-31 00:00:00;2024-11-30 00:00:00;"{""strategy"": {""combine"": ""best_single"", ""model"": ""ONLY_DWT_catboost"", ""pool"": ""pool_full""}, ""origin"": ""agent"", ""loop"": {""final_attempt"": ""a10"", ""strategy"": {""combine"": ""best_single"", ""model"": ""ONLY_DWT_catboost"", ""pool"": ""pool_full""}, ""iterations_used"": 4, ""stop_reason"": ""no new information in 3 consecutive turns"", ""trace"": [{""iteration"": 1, ""action"": ""best_ONLY_DWT_catboost"", ""confidence"": 0.4796, ""probability_of_chosen"": 0.4993, ""probabilities"": {""mean_pool_full"": 0.0007, ""median_pool_full"": 0.0045, ""trimmed_mean_pool_full"": 0.0334, ""mean_pool1"": 0.0021, ""median_pool1"": 0.0023, ""trimmed_mean_pool1"": 0.0088, ""mean_pool2"": 0.0023, ""median_pool2"": 0.2049, ""trimmed_mean_pool2"": 0.1866, ""mean_pool3"": 0.0008, ""median_pool3"": 0.0148, ""trimmed_mean_pool3"": 0.0238, ""best_DWT_catboost"": 0.0014, ""best_ONLY_DWT_catboost"": 0.4993, ""best_THETA"": 0.0019, ""accept"": 0.0125}, ""input_tokens"": 1579, ""score"": 0.6136, ""rank"": 1, ""already_tested"": false}, {""iteration"": 2, ""action"": ""best_ONLY_DWT_catboost"", ""confidence"": 0.8716, ""probability_of_chosen"": 0.9328, ""probabilities"": {""mean_pool_full"": 0.0006, ""median_pool_full"": 0.0083, ""trimmed_mean_pool_full"": 0.001, ""mean_pool4"": 0.0049, ""median_pool4"": 0.0022, ""trimmed_mean_pool4"": 0.0001, ""mean_pool1"": 0.0025, ""median_pool1"": 0.0034, ""trimmed_mean_pool1"": 0.0001, ""mean_pool2"": 0.002, ""median_pool2"": 0.0379, ""trimmed_mean_pool2"": 0.0002, ""best_DWT_catboost"": 0.0008, ""best_ONLY_DWT_catboost"": 0.9328, ""best_THETA"": 0.0008, ""accept"": 0.0024}, ""input_tokens"": 1580, ""score"": 0.6136, ""rank"": 1, ""already_tested"": true}, {""iteration"": 3, ""action"": ""best_ONLY_DWT_catboost"", ""confidence"": 0.8716, ""probability_of_chosen"": 0.9328, ""probabilities"": {""mean_pool_full"": 0.0006, ""median_pool_full"": 0.0083, ""trimmed_mean_pool_full"": 0.001, ""mean_pool4"": 0.0049, ""median_pool4"": 0.0022, ""trimmed_mean_pool4"": 0.0001, ""mean_pool1"": 0.0025, ""median_pool1"": 0.0034, ""trimmed_mean_pool1"": 0.0001, ""mean_pool2"": 0.002, ""median_pool2"": 0.0379, ""trimmed_mean_pool2"": 0.0002, ""best_DWT_catboost"": 0.0008, ""best_ONLY_DWT_catboost"": 0.9328, ""best_THETA"": 0.0008, ""accept"": 0.0024}, ""input_tokens"": 1580, ""score"": 0.6136, ""rank"": 1, ""already_tested"": true}, {""iteration"": 4, ""action"": ""best_ONLY_DWT_catboost"", ""confidence"": 0.8716, ""probability_of_chosen"": 0.9328, ""probabilities"": {""mean_pool_full"": 0.0006, ""median_pool_full"": 0.0083, ""trimmed_mean_pool_full"": 0.001, ""mean_pool4"": 0.0049, ""median_pool4"": 0.0022, ""trimmed_mean_pool4"": 0.0001, ""mean_pool1"": 0.0025, ""median_pool1"": 0.0034, ""trimmed_mean_pool1"": 0.0001, ""mean_pool2"": 0.002, ""median_pool2"": 0.0379, ""trimmed_mean_pool2"": 0.0002, ""best_DWT_catboost"": 0.0008, ""best_ONLY_DWT_catboost"": 0.9328, ""best_THETA"": 0.0008, ""accept"": 0.0024}, ""input_tokens"": 1580, ""score"": 0.6136, ""rank"": 1, ""already_tested"": true}]}, ""score"": 0.6136}";agent;4;no new information in 3 consecutive turns;0.05492659695628721;1107.3856530836238;laya_multilingual_laya_v0_ml8192
175;12;orchestrator_laya_laya_v0_ml8192;0.032040953841309464;81.81818181818181;0.03193120761633731;587.1864662747779;0.03193110159814821;481.96374295533315;[[14069.5471, 14022.88043, 13693.39855, 14193.41123, 15056.27355, 15696.05435, 14941.0308, 16886.9529, 16087.32246, 14181.27899, 14841.42935, 14130.51993]];[[14690.884895607998, 13991.211866318, 13630.087353258, 15188.955729680001, 14470.615398104, 15236.062324978, 15561.368716606, 15769.127676469998, 15672.656356192001, 14722.732797040002, 14827.49584082, 14448.356052669998]];2023-12-31 00:00:00;2024-11-30 00:00:00;"{""strategy"": {""combine"": ""mean"", ""pool"": ""pool1""}, ""origin"": ""baseline"", ""loop"": {""final_attempt"": ""a4"", ""strategy"": {""combine"": ""mean"", ""pool"": ""pool1""}, ""iterations_used"": 6, ""stop_reason"": ""no new information in 3 consecutive turns"", ""trace"": [{""iteration"": 1, ""action"": ""mean_pool1"", ""confidence"": 0.2399, ""probability_of_chosen"": 0.385, ""probabilities"": {""mean_pool_full"": 0.0028, ""median_pool_full"": 0.0155, ""trimmed_mean_pool_full"": 0.0494, ""mean_pool1"": 0.385, ""median_pool1"": 0.0259, ""trimmed_mean_pool1"": 0.0962, ""mean_pool2"": 0.1212, ""median_pool2"": 0.0646, ""trimmed_mean_pool2"": 0.0779, ""mean_pool3"": 0.0222, ""median_pool3"": 0.0235, ""trimmed_mean_pool3"": 0.0335, ""best_THETA"": 0.025, ""best_ETS"": 0.0008, ""best_ARIMA"": 0.0031, ""accept"": 0.0533}, ""input_tokens"": 1568, ""score"": 0.5917, ""rank"": 1, ""already_tested"": true}, {""iteration"": 2, ""action"": ""mean_pool4"", ""confidence"": 0.2601, ""probability_of_chosen"": 0.4081, ""probabilities"": {""mean_pool_full"": 0.0017, ""median_pool_full"": 0.0094, ""trimmed_mean_pool_full"": 0.08, ""mean_pool4"": 0.4081, ""median_pool4"": 0.0077, ""trimmed_mean_pool4"": 0.0297, ""mean_pool1"": 0.0918, ""median_pool1"": 0.0586, ""trimmed_mean_pool1"": 0.0682, ""mean_pool2"": 0.0384, ""median_pool2"": 0.0794, ""trimmed_mean_pool2"": 0.072, ""best_THETA"": 0.0128, ""best_ETS"": 0.0007, ""best_ARIMA"": 0.0026, ""accept"": 0.0389}, ""input_tokens"": 1568, ""score"": 0.6141, ""rank"": 5, ""already_tested"": false}, {""iteration"": 3, ""action"": ""trimmed_mean_pool_full"", ""confidence"": 0.2908, ""probability_of_chosen"": 0.2891, ""probabilities"": {""mean_pool_full"": 0.0016, ""median_pool_full"": 0.0077, ""trimmed_mean_pool_full"": 0.2891, ""mean_pool4"": 0.0214, ""median_pool4"": 0.0021, ""trimmed_mean_pool4"": 0.0084, ""mean_pool1"": 0.0293, ""median_pool1"": 0.0851, ""trimmed_mean_pool1"": 0.166, ""mean_pool2"": 0.0152, ""median_pool2"": 0.0498, ""trimmed_mean_pool2"": 0.2473, ""best_THETA"": 0.0182, ""best_ETS"": 0.0009, ""best_ARIMA"": 0.0025, ""accept"": 0.0555}, ""input_tokens"": 1572, ""score"": 0.6338, ""rank"": 8, ""already_tested"": false}, {""iteration"": 4, ""action"": ""trimmed_mean_pool_full"", ""confidence"": 0.2908, ""probability_of_chosen"": 0.2891, ""probabilities"": {""mean_pool_full"": 0.0016, ""median_pool_full"": 0.0077, ""trimmed_mean_pool_full"": 0.2891, ""mean_pool4"": 0.0214, ""median_pool4"": 0.0021, ""trimmed_mean_pool4"": 0.0084, ""mean_pool1"": 0.0293, ""median_pool1"": 0.0851, ""trimmed_mean_pool1"": 0.166, ""mean_pool2"": 0.0152, ""median_pool2"": 0.0498, ""trimmed_mean_pool2"": 0.2473, ""best_THETA"": 0.0182, ""best_ETS"": 0.0009, ""best_ARIMA"": 0.0025, ""accept"": 0.0555}, ""input_tokens"": 1572, ""score"": 0.6338, ""rank"": 8, ""already_tested"": true}, {""iteration"": 5, ""action"": ""trimmed_mean_pool_full"", ""confidence"": 0.2908, ""probability_of_chosen"": 0.2891, ""probabilities"": {""mean_pool_full"": 0.0016, ""median_pool_full"": 0.0077, ""trimmed_mean_pool_full"": 0.2891, ""mean_pool4"": 0.0214, ""median_pool4"": 0.0021, ""trimmed_mean_pool4"": 0.0084, ""mean_pool1"": 0.0293, ""median_pool1"": 0.0851, ""trimmed_mean_pool1"": 0.166, ""mean_pool2"": 0.0152, ""median_pool2"": 0.0498, ""trimmed_mean_pool2"": 0.2473, ""best_THETA"": 0.0182, ""best_ETS"": 0.0009, ""best_ARIMA"": 0.0025, ""accept"": 0.0555}, ""input_tokens"": 1572, ""score"": 0.6338, ""rank"": 8, ""already_tested"": true}, {""iteration"": 6, ""action"": ""trimmed_mean_pool_full"", ""confidence"": 0.2908, ""probability_of_chosen"": 0.2891, ""probabilities"": {""mean_pool_full"": 0.0016, ""median_pool_full"": 0.0077, ""trimmed_mean_pool_full"": 0.2891, ""mean_pool4"": 0.0214, ""median_pool4"": 0.0021, ""trimmed_mean_pool4"": 0.0084, ""mean_pool1"": 0.0293, ""median_pool1"": 0.0851, ""trimmed_mean_pool1"": 0.166, ""mean_pool2"": 0.0152, ""median_pool2"": 0.0498, ""trimmed_mean_pool2"": 0.2473, ""best_THETA"": 0.0182, ""best_ETS"": 0.0009, ""best_ARIMA"": 0.0025, ""accept"": 0.0555}, ""input_tokens"": 1572, ""score"": 0.6338, ""rank"": 8, ""already_tested"": true}]}, ""score"": 0.5917}";baseline;6;no new information in 3 consecutive turns;0.03193120761633731;587.1864662747779;laya_multilingual_laya_v0_ml8192
176;12;orchestrator_laya_laya_v0_ml8192;0.10403578901607978;81.81818181818181;0.11049791899153664;6131.736175911769;0.11049781296869898;5762.879727846667;[[56015.838, 57979.956, 51996.966, 55760.569, 55458.55, 54857.132, 51288.412, 56394.035, 53661.395, 50229.044, 57211.65, 56498.5]];[[50826.96152386, 51141.02037744, 49668.40249514, 50018.90957302, 47330.41716968, 46629.66930487, 48605.51334847, 48786.12939594, 47387.43177307, 47864.6059343, 50812.99437005, 49125.435]];2023-12-31 00:00:00;2024-11-30 00:00:00;"{""strategy"": {""combine"": ""median"", ""pool"": ""pool_full""}, ""origin"": ""baseline"", ""loop"": {""final_attempt"": ""a2"", ""strategy"": {""combine"": ""median"", ""pool"": ""pool_full""}, ""iterations_used"": 3, ""stop_reason"": ""no new information in 3 consecutive turns"", ""trace"": [{""iteration"": 1, ""action"": ""median_pool_full"", ""confidence"": 0.4044, ""probability_of_chosen"": 0.4492, ""probabilities"": {""mean_pool_full"": 0.0007, ""median_pool_full"": 0.4492, ""trimmed_mean_pool_full"": 0.022, ""mean_pool1"": 0.0008, ""median_pool1"": 0.0098, ""trimmed_mean_pool1"": 0.0302, ""mean_pool2"": 0.001, ""median_pool2"": 0.2224, ""trimmed_mean_pool2"": 0.1392, ""mean_pool3"": 0.0003, ""median_pool3"": 0.0314, ""trimmed_mean_pool3"": 0.0448, ""best_NaiveMovingAverage"": 0.0363, ""best_ARIMA"": 0.0009, ""best_THETA"": 0.0012, ""accept"": 0.0098}, ""input_tokens"": 1576, ""score"": 0.4742, ""rank"": 1, ""already_tested"": true}, {""iteration"": 2, ""action"": ""median_pool_full"", ""confidence"": 0.3803, ""probability_of_chosen"": 0.4245, ""probabilities"": {""mean_pool_full"": 0.0004, ""median_pool_full"": 0.4245, ""trimmed_mean_pool_full"": 0.081, ""mean_pool4"": 0.0003, ""median_pool4"": 0.0047, ""trimmed_mean_pool4"": 0.0033, ""mean_pool1"": 0.0006, ""median_pool1"": 0.1562, ""trimmed_mean_pool1"": 0.14, ""mean_pool2"": 0.0006, ""median_pool2"": 0.0454, ""trimmed_mean_pool2"": 0.1073, ""best_NaiveMovingAverage"": 0.0245, ""best_ARIMA"": 0.0007, ""best_THETA"": 0.0011, ""accept"": 0.0092}, ""input_tokens"": 1576, ""score"": 0.4742, ""rank"": 1, ""already_tested"": true}, {""iteration"": 3, ""action"": ""median_pool_full"", ""confidence"": 0.3803, ""probability_of_chosen"": 0.4245, ""probabilities"": {""mean_pool_full"": 0.0004, ""median_pool_full"": 0.4245, ""trimmed_mean_pool_full"": 0.081, ""mean_pool4"": 0.0003, ""median_pool4"": 0.0047, ""trimmed_mean_pool4"": 0.0033, ""mean_pool1"": 0.0006, ""median_pool1"": 0.1562, ""trimmed_mean_pool1"": 0.14, ""mean_pool2"": 0.0006, ""median_pool2"": 0.0454, ""trimmed_mean_pool2"": 0.1073, ""best_NaiveMovingAverage"": 0.0245, ""best_ARIMA"": 0.0007, ""best_THETA"": 0.0011, ""accept"": 0.0092}, ""input_tokens"": 1576, ""score"": 0.4742, ""rank"": 1, ""already_tested"": true}]}, ""score"": 0.4742}";baseline;3;no new information in 3 consecutive turns;0.11049791899153664;6131.736175911769;laya_multilingual_laya_v0_ml8192
177;12;orchestrator_laya_laya_v0_ml8192;0.20043950746906444;72.72727272727273;0.23709764006840117;2319.219552731864;0.23709603138753343;1775.8819080726669;[[7273.158, 8833.044, 8227.238, 10045.314, 8832.5, 6259.001, 5315.93, 5724.603, 5381.015, 5396.261, 9187.99, 10733.226]];[[6102.636434214, 7132.719060945999, 5834.191632408, 6641.431278398, 6290.026325576, 5580.002721160001, 5336.7992131460005, 4980.042737817999, 5370.808511684, 5105.356757862, 5513.081690344, 6053.339165863999]];2023-12-31 00:00:00;2024-11-30 00:00:00;"{""strategy"": {""combine"": ""mean"", ""pool"": ""pool1""}, ""origin"": ""baseline"", ""loop"": {""final_attempt"": ""a4"", ""strategy"": {""combine"": ""mean"", ""pool"": ""pool1""}, ""iterations_used"": 4, ""stop_reason"": ""no new information in 3 consecutive turns"", ""trace"": [{""iteration"": 1, ""action"": ""median_pool2"", ""confidence"": 0.2038, ""probability_of_chosen"": 0.2605, ""probabilities"": {""mean_pool_full"": 0.006, ""median_pool_full"": 0.0256, ""trimmed_mean_pool_full"": 0.042, ""mean_pool1"": 0.0287, ""median_pool1"": 0.0135, ""trimmed_mean_pool1"": 0.0525, ""mean_pool2"": 0.033, ""median_pool2"": 0.2605, ""trimmed_mean_pool2"": 0.1776, ""mean_pool3"": 0.0032, ""median_pool3"": 0.0712, ""trimmed_mean_pool3"": 0.1682, ""best_NaiveSeasonal"": 0.0068, ""best_ARIMA"": 0.0008, ""best_FT_catboost"": 0.0505, ""accept"": 0.0601}, ""input_tokens"": 1611, ""score"": 0.5146, ""rank"": 3, ""already_tested"": false}, {""iteration"": 2, ""action"": ""median_pool2"", ""confidence"": 0.5289, ""probability_of_chosen"": 0.6287, ""probabilities"": {""mean_pool_full"": 0.0005, ""median_pool_full"": 0.1517, ""trimmed_mean_pool_full"": 0.0067, ""mean_pool4"": 0.0006, ""median_pool4"": 0.0064, ""trimmed_mean_pool4"": 0.003, ""mean_pool1"": 0.0005, ""median_pool1"": 0.0658, ""trimmed_mean_pool1"": 0.0169, ""mean_pool2"": 0.001, ""median_pool2"": 0.6287, ""trimmed_mean_pool2"": 0.0138, ""best_NaiveSeasonal"": 0.0025, ""best_ARIMA"": 0.0003, ""best_FT_catboost"": 0.0411, ""accept"": 0.0603}, ""input_tokens"": 1610, ""score"": 0.5146, ""rank"": 3, ""already_tested"": true}, {""iteration"": 3, ""action"": ""median_pool2"", ""confidence"": 0.5289, ""probability_of_chosen"": 0.6287, ""probabilities"": {""mean_pool_full"": 0.0005, ""median_pool_full"": 0.1517, ""trimmed_mean_pool_full"": 0.0067, ""mean_pool4"": 0.0006, ""median_pool4"": 0.0064, ""trimmed_mean_pool4"": 0.003, ""mean_pool1"": 0.0005, ""median_pool1"": 0.0658, ""trimmed_mean_pool1"": 0.0169, ""mean_pool2"": 0.001, ""median_pool2"": 0.6287, ""trimmed_mean_pool2"": 0.0138, ""best_NaiveSeasonal"": 0.0025, ""best_ARIMA"": 0.0003, ""best_FT_catboost"": 0.0411, ""accept"": 0.0603}, ""input_tokens"": 1610, ""score"": 0.5146, ""rank"": 3, ""already_tested"": true}, {""iteration"": 4, ""action"": ""median_pool2"", ""confidence"": 0.5289, ""probability_of_chosen"": 0.6287, ""probabilities"": {""mean_pool_full"": 0.0005, ""median_pool_full"": 0.1517, ""trimmed_mean_pool_full"": 0.0067, ""mean_pool4"": 0.0006, ""median_pool4"": 0.0064, ""trimmed_mean_pool4"": 0.003, ""mean_pool1"": 0.0005, ""median_pool1"": 0.0658, ""trimmed_mean_pool1"": 0.0169, ""mean_pool2"": 0.001, ""median_pool2"": 0.6287, ""trimmed_mean_pool2"": 0.0138, ""best_NaiveSeasonal"": 0.0025, ""best_ARIMA"": 0.0003, ""best_FT_catboost"": 0.0411, ""accept"": 0.0603}, ""input_tokens"": 1610, ""score"": 0.5146, ""rank"": 3, ""already_tested"": true}]}, ""score"": 0.4406}";baseline;4;no new information in 3 consecutive turns;0.23709764006840117;2319.219552731864;laya_multilingual_laya_v0_ml8192
178;12;orchestrator_laya_laya_v0_ml8192;0.1977023578698525;45.45454545454545;0.211487684832772;47.4688064760335;0.2114200780451053;34.04360541713291;[[126.403, 258.366, 101.591, 137.479, 133.586, 112.332, 160.566, 195.475, 187.593, 160.394, 198.847, 122.508]];[[122.67146545, 138.23528791125, 152.81495853652174, 139.66862809900002, 120.68708766400002, 136.2260318741379, 144.19964871304344, 141.5966671047368, 141.2076233410526, 150.38620223799998, 137.4968866633333, 128.97451558135137]];2023-12-31 00:00:00;2024-11-30 00:00:00;"{""strategy"": {""combine"": ""dba"", ""pool"": ""pool_full"", ""dba_max_iter"": 30}, ""origin"": ""baseline"", ""loop"": {""final_attempt"": ""a3"", ""strategy"": {""combine"": ""dba"", ""pool"": ""pool_full"", ""dba_max_iter"": 30}, ""iterations_used"": 4, ""stop_reason"": ""no new information in 3 consecutive turns"", ""trace"": [{""iteration"": 1, ""action"": ""median_pool2"", ""confidence"": 0.3409, ""probability_of_chosen"": 0.3154, ""probabilities"": {""mean_pool_full"": 0.0006, ""median_pool_full"": 0.0196, ""trimmed_mean_pool_full"": 0.0904, ""mean_pool1"": 0.0018, ""median_pool1"": 0.0059, ""trimmed_mean_pool1"": 0.0186, ""mean_pool2"": 0.0023, ""median_pool2"": 0.3154, ""trimmed_mean_pool2"": 0.2963, ""mean_pool3"": 0.0005, ""median_pool3"": 0.1081, ""trimmed_mean_pool3"": 0.0862, ""best_THETA"": 0.0079, ""best_ETS"": 0.0018, ""best_NaiveMovingAverage"": 0.0256, ""accept"": 0.0189}, ""input_tokens"": 1515, ""score"": 0.7424, ""rank"": 6, ""already_tested"": false}, {""iteration"": 2, ""action"": ""median_pool2"", ""confidence"": 0.9861, ""probability_of_chosen"": 0.9949, ""probabilities"": {""mean_pool_full"": 0.0, ""median_pool_full"": 0.0004, ""trimmed_mean_pool_full"": 0.0004, ""mean_pool4"": 0.0, ""median_pool4"": 0.0003, ""trimmed_mean_pool4"": 0.0, ""mean_pool1"": 0.0, ""median_pool1"": 0.0002, ""trimmed_mean_pool1"": 0.0001, ""mean_pool2"": 0.0, ""median_pool2"": 0.9949, ""trimmed_mean_pool2"": 0.0001, ""best_THETA"": 0.0, ""best_ETS"": 0.0, ""best_NaiveMovingAverage"": 0.0035, ""accept"": 0.0002}, ""input_tokens"": 1509, ""score"": 0.7424, ""rank"": 6, ""already_tested"": true}, {""iteration"": 3, ""action"": ""median_pool2"", ""confidence"": 0.9861, ""probability_of_chosen"": 0.9949, ""probabilities"": {""mean_pool_full"": 0.0, ""median_pool_full"": 0.0004, ""trimmed_mean_pool_full"": 0.0004, ""mean_pool4"": 0.0, ""median_pool4"": 0.0003, ""trimmed_mean_pool4"": 0.0, ""mean_pool1"": 0.0, ""median_pool1"": 0.0002, ""trimmed_mean_pool1"": 0.0001, ""mean_pool2"": 0.0, ""median_pool2"": 0.9949, ""trimmed_mean_pool2"": 0.0001, ""best_THETA"": 0.0, ""best_ETS"": 0.0, ""best_NaiveMovingAverage"": 0.0035, ""accept"": 0.0002}, ""input_tokens"": 1509, ""score"": 0.7424, ""rank"": 6, ""already_tested"": true}, {""iteration"": 4, ""action"": ""median_pool2"", ""confidence"": 0.9861, ""probability_of_chosen"": 0.9949, ""probabilities"": {""mean_pool_full"": 0.0, ""median_pool_full"": 0.0004, ""trimmed_mean_pool_full"": 0.0004, ""mean_pool4"": 0.0, ""median_pool4"": 0.0003, ""trimmed_mean_pool4"": 0.0, ""mean_pool1"": 0.0, ""median_pool1"": 0.0002, ""trimmed_mean_pool1"": 0.0001, ""mean_pool2"": 0.0, ""median_pool2"": 0.9949, ""trimmed_mean_pool2"": 0.0001, ""best_THETA"": 0.0, ""best_ETS"": 0.0, ""best_NaiveMovingAverage"": 0.0035, ""accept"": 0.0002}, ""input_tokens"": 1509, ""score"": 0.7424, ""rank"": 6, ""already_tested"": true}]}, ""score"": 0.7078}";baseline;4;no new information in 3 consecutive turns;0.211487684832772;47.4688064760335;laya_multilingual_laya_v0_ml8192
179;12;orchestrator_laya_laya_v0_ml8192;0.10023116157582629;45.45454545454545;0.10760597170525953;32.45368868041529;0.10758457645211987;27.135923983055537;[[278.308, 226.617, 256.695, 266.327, 284.467, 247.448, 294.798, 288.328, 241.534, 250.521, 236.798, 251.086]];[[233.33428159444443, 213.61026625444444, 215.44592725444446, 249.28828279555557, 248.93998986888892, 233.59748413444444, 233.24426385555554, 239.5514488888889, 246.44095890666665, 227.2955938544445, 230.4046520477778, 235.9566805611111]];2023-12-31 00:00:00;2024-11-30 00:00:00;"{""strategy"": {""combine"": ""mean"", ""pool"": ""pool3""}, ""origin"": ""baseline"", ""loop"": {""final_attempt"": ""a8"", ""strategy"": {""combine"": ""mean"", ""pool"": ""pool3""}, ""iterations_used"": 5, ""stop_reason"": ""no new information in 3 consecutive turns"", ""trace"": [{""iteration"": 1, ""action"": ""median_pool_full"", ""confidence"": 0.407, ""probability_of_chosen"": 0.4144, ""probabilities"": {""mean_pool_full"": 0.0021, ""median_pool_full"": 0.4144, ""trimmed_mean_pool_full"": 0.0626, ""mean_pool1"": 0.0015, ""median_pool1"": 0.0036, ""trimmed_mean_pool1"": 0.0021, ""mean_pool2"": 0.0031, ""median_pool2"": 0.2513, ""trimmed_mean_pool2"": 0.0064, ""mean_pool3"": 0.0006, ""median_pool3"": 0.029, ""trimmed_mean_pool3"": 0.0105, ""best_rf"": 0.0007, ""best_ONLY_CWT_rf"": 0.0134, ""best_ONLY_DWT_rf"": 0.1477, ""accept"": 0.0509}, ""input_tokens"": 1531, ""score"": 0.7074, ""rank"": 3, ""already_tested"": true}, {""iteration"": 2, ""action"": ""median_pool2"", ""confidence"": 0.3942, ""probability_of_chosen"": 0.3382, ""probabilities"": {""mean_pool_full"": 0.0013, ""median_pool_full"": 0.2848, ""trimmed_mean_pool_full"": 0.1073, ""mean_pool4"": 0.0006, ""median_pool4"": 0.0019, ""trimmed_mean_pool4"": 0.0008, ""mean_pool1"": 0.0021, ""median_pool1"": 0.0461, ""trimmed_mean_pool1"": 0.0043, ""mean_pool2"": 0.0006, ""median_pool2"": 0.3382, ""trimmed_mean_pool2"": 0.008, ""best_rf"": 0.0006, ""best_ONLY_CWT_rf"": 0.0094, ""best_ONLY_DWT_rf"": 0.1548, ""accept"": 0.0392}, ""input_tokens"": 1531, ""score"": 0.7438, ""rank"": 10, ""already_tested"": false}, {""iteration"": 3, ""action"": ""median_pool2"", ""confidence"": 0.3942, ""probability_of_chosen"": 0.3382, ""probabilities"": {""mean_pool_full"": 0.0013, ""median_pool_full"": 0.2848, ""trimmed_mean_pool_full"": 0.1073, ""mean_pool4"": 0.0006, ""median_pool4"": 0.0019, ""trimmed_mean_pool4"": 0.0008, ""mean_pool1"": 0.0021, ""median_pool1"": 0.0461, ""trimmed_mean_pool1"": 0.0043, ""mean_pool2"": 0.0006, ""median_pool2"": 0.3382, ""trimmed_mean_pool2"": 0.008, ""best_rf"": 0.0006, ""best_ONLY_CWT_rf"": 0.0094, ""best_ONLY_DWT_rf"": 0.1548, ""accept"": 0.0392}, ""input_tokens"": 1531, ""score"": 0.7438, ""rank"": 10, ""already_tested"": true}, {""iteration"": 4, ""action"": ""median_pool2"", ""confidence"": 0.3942, ""probability_of_chosen"": 0.3382, ""probabilities"": {""mean_pool_full"": 0.0013, ""median_pool_full"": 0.2848, ""trimmed_mean_pool_full"": 0.1073, ""mean_pool4"": 0.0006, ""median_pool4"": 0.0019, ""trimmed_mean_pool4"": 0.0008, ""mean_pool1"": 0.0021, ""median_pool1"": 0.0461, ""trimmed_mean_pool1"": 0.0043, ""mean_pool2"": 0.0006, ""median_pool2"": 0.3382, ""trimmed_mean_pool2"": 0.008, ""best_rf"": 0.0006, ""best_ONLY_CWT_rf"": 0.0094, ""best_ONLY_DWT_rf"": 0.1548, ""accept"": 0.0392}, ""input_tokens"": 1531, ""score"": 0.7438, ""rank"": 10, ""already_tested"": true}, {""iteration"": 5, ""action"": ""median_pool2"", ""confidence"": 0.3942, ""probability_of_chosen"": 0.3382, ""probabilities"": {""mean_pool_full"": 0.0013, ""median_pool_full"": 0.2848, ""trimmed_mean_pool_full"": 0.1073, ""mean_pool4"": 0.0006, ""median_pool4"": 0.0019, ""trimmed_mean_pool4"": 0.0008, ""mean_pool1"": 0.0021, ""median_pool1"": 0.0461, ""trimmed_mean_pool1"": 0.0043, ""mean_pool2"": 0.0006, ""median_pool2"": 0.3382, ""trimmed_mean_pool2"": 0.008, ""best_rf"": 0.0006, ""best_ONLY_CWT_rf"": 0.0094, ""best_ONLY_DWT_rf"": 0.1548, ""accept"": 0.0392}, ""input_tokens"": 1531, ""score"": 0.7438, ""rank"": 10, ""already_tested"": true}]}, ""score"": 0.6873}";baseline;5;no new information in 3 consecutive turns;0.10760597170525953;32.45368868041529;laya_multilingual_laya_v0_ml8192
180;12;orchestrator_laya_laya_v0_ml8192;0.1875153695973927;54.54545454545455;0.2082187264088586;27891.144497157413;0.20821864578808624;26907.364121650007;[[153177.035, 140137.189, 132185.162, 145974.935, 140963.568, 145252.221, 132466.493, 143747.784, 135524.642, 141556.275, 151858.997, 143715.16]];[[110226.79533333, 110112.91702778, 111643.48494676, 113287.72977566, 114039.14475696, 115373.08732004, 116523.92093004, 118042.38117421, 119315.75727207, 119319.69554474, 118702.93534013, 117083.24211848]];2023-12-31 00:00:00;2024-11-30 00:00:00;"{""strategy"": {""combine"": ""best_single"", ""model"": ""NaiveMovingAverage"", ""pool"": ""pool_full""}, ""origin"": ""agent"", ""loop"": {""final_attempt"": ""a11"", ""strategy"": {""combine"": ""best_single"", ""model"": ""NaiveMovingAverage"", ""pool"": ""pool_full""}, ""iterations_used"": 6, ""stop_reason"": ""no new information in 3 consecutive turns"", ""trace"": [{""iteration"": 1, ""action"": ""trimmed_mean_pool2"", ""confidence"": 0.3599, ""probability_of_chosen"": 0.4554, ""probabilities"": {""mean_pool_full"": 0.0006, ""median_pool_full"": 0.054, ""trimmed_mean_pool_full"": 0.0268, ""mean_pool1"": 0.0053, ""median_pool1"": 0.023, ""trimmed_mean_pool1"": 0.0217, ""mean_pool2"": 0.0043, ""median_pool2"": 0.2085, ""trimmed_mean_pool2"": 0.4554, ""mean_pool3"": 0.0011, ""median_pool3"": 0.0666, ""trimmed_mean_pool3"": 0.0525, ""best_NaiveMovingAverage"": 0.0511, ""best_catboost"": 0.0027, ""best_ETS"": 0.0007, ""accept"": 0.0257}, ""input_tokens"": 1623, ""score"": 0.8836, ""rank"": 8, ""already_tested"": true}, {""iteration"": 2, ""action"": ""median_pool1"", ""confidence"": 0.2681, ""probability_of_chosen"": 0.2425, ""probabilities"": {""mean_pool_full"": 0.0005, ""median_pool_full"": 0.0698, ""trimmed_mean_pool_full"": 0.0787, ""mean_pool4"": 0.0009, ""median_pool4"": 0.0137, ""trimmed_mean_pool4"": 0.0062, ""mean_pool1"": 0.0018, ""median_pool1"": 0.2425, ""trimmed_mean_pool1"": 0.198, ""mean_pool2"": 0.0028, ""median_pool2"": 0.153, ""trimmed_mean_pool2"": 0.1448, ""best_NaiveMovingAverage"": 0.0539, ""best_catboost"": 0.0029, ""best_ETS"": 0.0007, ""accept"": 0.0299}, ""input_tokens"": 1623, ""score"": 0.8545, ""rank"": 6, ""already_tested"": false}, {""iteration"": 3, ""action"": ""best_NaiveMovingAverage"", ""confidence"": 0.6544, ""probability_of_chosen"": 0.7265, ""probabilities"": {""mean_pool_full"": 0.0001, ""median_pool_full"": 0.0148, ""trimmed_mean_pool_full"": 0.0122, ""mean_pool4"": 0.0001, ""median_pool4"": 0.0026, ""trimmed_mean_pool4"": 0.0007, ""mean_pool1"": 0.0001, ""median_pool1"": 0.1186, ""trimmed_mean_pool1"": 0.0056, ""mean_pool2"": 0.0003, ""median_pool2"": 0.1063, ""trimmed_mean_pool2"": 0.0039, ""best_NaiveMovingAverage"": 0.7265, ""best_catboost"": 0.0006, ""best_ETS"": 0.0002, ""accept"": 0.0074}, ""input_tokens"": 1617, ""score"": 0.537, ""rank"": 1, ""already_tested"": false}, {""iteration"": 4, ""action"": ""best_NaiveMovingAverage"", ""confidence"": 0.3969, ""probability_of_chosen"": 0.4313, ""probabilities"": {""mean_pool_full"": 0.0003, ""median_pool_full"": 0.009, ""trimmed_mean_pool_full"": 0.2135, ""mean_pool4"": 0.0014, ""median_pool4"": 0.0034, ""trimmed_mean_pool4"": 0.0036, ""mean_pool1"": 0.0011, ""median_pool1"": 0.0947, ""trimmed_mean_pool1"": 0.0492, ""mean_pool2"": 0.0015, ""median_pool2"": 0.0823, ""trimmed_mean_pool2"": 0.094, ""best_NaiveMovingAverage"": 0.4313, ""best_catboost"": 0.0025, ""best_ETS"": 0.0003, ""accept"": 0.0119}, ""input_tokens"": 1618, ""score"": 0.537, ""rank"": 1, ""already_tested"": true}, {""iteration"": 5, ""action"": ""best_NaiveMovingAverage"", ""confidence"": 0.3969, ""probability_of_chosen"": 0.4313, ""probabilities"": {""mean_pool_full"": 0.0003, ""median_pool_full"": 0.009, ""trimmed_mean_pool_full"": 0.2135, ""mean_pool4"": 0.0014, ""median_pool4"": 0.0034, ""trimmed_mean_pool4"": 0.0036, ""mean_pool1"": 0.0011, ""median_pool1"": 0.0947, ""trimmed_mean_pool1"": 0.0492, ""mean_pool2"": 0.0015, ""median_pool2"": 0.0823, ""trimmed_mean_pool2"": 0.094, ""best_NaiveMovingAverage"": 0.4313, ""best_catboost"": 0.0025, ""best_ETS"": 0.0003, ""accept"": 0.0119}, ""input_tokens"": 1618, ""score"": 0.537, ""rank"": 1, ""already_tested"": true}, {""iteration"": 6, ""action"": ""best_NaiveMovingAverage"", ""confidence"": 0.3969, ""probability_of_chosen"": 0.4313, ""probabilities"": {""mean_pool_full"": 0.0003, ""median_pool_full"": 0.009, ""trimmed_mean_pool_full"": 0.2135, ""mean_pool4"": 0.0014, ""median_pool4"": 0.0034, ""trimmed_mean_pool4"": 0.0036, ""mean_pool1"": 0.0011, ""median_pool1"": 0.0947, ""trimmed_mean_pool1"": 0.0492, ""mean_pool2"": 0.0015, ""median_pool2"": 0.0823, ""trimmed_mean_pool2"": 0.094, ""best_NaiveMovingAverage"": 0.4313, ""best_catboost"": 0.0025, ""best_ETS"": 0.0003, ""accept"": 0.0119}, ""input_tokens"": 1618, ""score"": 0.537, ""rank"": 1, ""already_tested"": true}]}, ""score"": 0.537}";agent;6;no new information in 3 consecutive turns;0.09946886000307309;14765.016564211923;laya_multilingual_laya_v0_ml8192
181;12;orchestrator_laya_laya_v0_ml8192;0.04263003617487876;63.63636363636363;0.04172064074886111;3578.956971425595;0.04172061148447423;2978.2875099677767;[[70051.51268, 70745.30254, 65742.69565, 65777.26087, 72780.47645, 71413.61051, 73171.88587, 78283.77899, 75148.66304, 69493.89674, 74907.10145, 66910.75]];[[75350.33710413666, 69234.53755000001, 64559.45411832334, 73170.32796824333, 68420.40698933, 72655.00112569667, 74755.48941641334, 77356.17726432001, 78580.15259471333, 73674.50923541332, 73897.46513381334, 70529.89836078334]];2023-12-31 00:00:00;2024-11-30 00:00:00;"{""strategy"": {""combine"": ""trimmed_mean"", ""pool"": ""pool1"", ""trim_pct"": 0.2}, ""origin"": ""baseline"", ""loop"": {""final_attempt"": ""a5"", ""strategy"": {""combine"": ""trimmed_mean"", ""pool"": ""pool1"", ""trim_pct"": 0.2}, ""iterations_used"": 5, ""stop_reason"": ""no new information in 3 consecutive turns"", ""trace"": [{""iteration"": 1, ""action"": ""trimmed_mean_pool2"", ""confidence"": 0.1405, ""probability_of_chosen"": 0.2136, ""probabilities"": {""mean_pool_full"": 0.0106, ""median_pool_full"": 0.0571, ""trimmed_mean_pool_full"": 0.0824, ""mean_pool1"": 0.0756, ""median_pool1"": 0.0197, ""trimmed_mean_pool1"": 0.0919, ""mean_pool2"": 0.0333, ""median_pool2"": 0.0534, ""trimmed_mean_pool2"": 0.2136, ""mean_pool3"": 0.0116, ""median_pool3"": 0.0733, ""trimmed_mean_pool3"": 0.1588, ""best_THETA"": 0.0165, ""best_ETS"": 0.0015, ""best_ARIMA"": 0.0089, ""accept"": 0.0919}, ""input_tokens"": 1630, ""score"": 0.5464, ""rank"": 3, ""already_tested"": true}, {""iteration"": 2, ""action"": ""median_pool2"", ""confidence"": 0.2343, ""probability_of_chosen"": 0.2798, ""probabilities"": {""mean_pool_full"": 0.0049, ""median_pool_full"": 0.0398, ""trimmed_mean_pool_full"": 0.1557, ""mean_pool4"": 0.0246, ""median_pool4"": 0.0053, ""trimmed_mean_pool4"": 0.0117, ""mean_pool1"": 0.0371, ""median_pool1"": 0.0398, ""trimmed_mean_pool1"": 0.1849, ""mean_pool2"": 0.0227, ""median_pool2"": 0.2798, ""trimmed_mean_pool2"": 0.1157, ""best_THETA"": 0.0093, ""best_ETS"": 0.0011, ""best_ARIMA"": 0.0062, ""accept"": 0.0615}, ""input_tokens"": 1630, ""score"": 0.5477, ""rank"": 5, ""already_tested"": false}, {""iteration"": 3, ""action"": ""median_pool2"", ""confidence"": 0.7202, ""probability_of_chosen"": 0.8258, ""probabilities"": {""mean_pool_full"": 0.0001, ""median_pool_full"": 0.0247, ""trimmed_mean_pool_full"": 0.0594, ""mean_pool4"": 0.0002, ""median_pool4"": 0.0032, ""trimmed_mean_pool4"": 0.0021, ""mean_pool1"": 0.0004, ""median_pool1"": 0.0424, ""trimmed_mean_pool1"": 0.0201, ""mean_pool2"": 0.0004, ""median_pool2"": 0.8258, ""trimmed_mean_pool2"": 0.0092, ""best_THETA"": 0.0013, ""best_ETS"": 0.0002, ""best_ARIMA"": 0.0014, ""accept"": 0.0088}, ""input_tokens"": 1626, ""score"": 0.5477, ""rank"": 5, ""already_tested"": true}, {""iteration"": 4, ""action"": ""median_pool2"", ""confidence"": 0.7202, ""probability_of_chosen"": 0.8258, ""probabilities"": {""mean_pool_full"": 0.0001, ""median_pool_full"": 0.0247, ""trimmed_mean_pool_full"": 0.0594, ""mean_pool4"": 0.0002, ""median_pool4"": 0.0032, ""trimmed_mean_pool4"": 0.0021, ""mean_pool1"": 0.0004, ""median_pool1"": 0.0424, ""trimmed_mean_pool1"": 0.0201, ""mean_pool2"": 0.0004, ""median_pool2"": 0.8258, ""trimmed_mean_pool2"": 0.0092, ""best_THETA"": 0.0013, ""best_ETS"": 0.0002, ""best_ARIMA"": 0.0014, ""accept"": 0.0088}, ""input_tokens"": 1626, ""score"": 0.5477, ""rank"": 5, ""already_tested"": true}, {""iteration"": 5, ""action"": ""median_pool2"", ""confidence"": 0.7202, ""probability_of_chosen"": 0.8258, ""probabilities"": {""mean_pool_full"": 0.0001, ""median_pool_full"": 0.0247, ""trimmed_mean_pool_full"": 0.0594, ""mean_pool4"": 0.0002, ""median_pool4"": 0.0032, ""trimmed_mean_pool4"": 0.0021, ""mean_pool1"": 0.0004, ""median_pool1"": 0.0424, ""trimmed_mean_pool1"": 0.0201, ""mean_pool2"": 0.0004, ""median_pool2"": 0.8258, ""trimmed_mean_pool2"": 0.0092, ""best_THETA"": 0.0013, ""best_ETS"": 0.0002, ""best_ARIMA"": 0.0014, ""accept"": 0.0088}, ""input_tokens"": 1626, ""score"": 0.5477, ""rank"": 5, ""already_tested"": true}]}, ""score"": 0.52}";baseline;5;no new information in 3 consecutive turns;0.04172064074886111;3578.956971425595;laya_multilingual_laya_v0_ml8192
