DATA;MCPM;UF;PRODUCT;MODEL;PARAMS;WINDOW;HORIZON;RMSE;MAPE;POCID;PBE;MASE;P1;P2;P3;P4;P5;P6;P7;P8;P9;P10;P11;P12
linear;418587.2461011344;CE;gasolinac;xgb_rf_knn_arima_arma_sarima;{};12;12;13275.738441108713;0.08821887294985702;27.272727272727273;2.5504846297113657;1.3583945220050668;114501.1163700344;123849.60987862144;108983.65640726015;120021.90912838101;115459.82128845353;124624.08433363803;128744.91117521758;123709.25138663562;137070.74289284568;120104.08343026882;138856.50066011684;134399.48735147103
