DATA;MCPM;UF;PRODUCT;MODEL;PARAMS;WINDOW;HORIZON;RMSE;MAPE;POCID;PBE;MASE;P1;P2;P3;P4;P5;P6;P7;P8;P9;P10;P11;P12
linear;120809.63886402712;TO;gasolinac;xgb_rf_knn_arima_arma_sarima;{};12;12;3831.7433356849456;0.08340886967357203;27.272727272727273;1.8679244764022342;1.1388065608081774;33238.590530109395;33366.07757363792;31621.057287761174;35182.375021287866;32219.95477288527;37304.28326984582;37025.55106522041;35598.025491559936;37826.952560112695;33542.95173815788;38453.3234731247;35782.7996797939
