DATA;MCPM;UF;PRODUCT;MODEL;PARAMS;WINDOW;HORIZON;RMSE;MAPE;POCID;PBE;MASE;P1;P2;P3;P4;P5;P6;P7;P8;P9;P10;P11;P12
linear;216192.36117927663;MT;gasolinac;xgb_rf_knn_arima_arma_sarima;{};12;12;6854.67773690429;0.10867770311322424;27.272727272727273;0.06158295920609603;1.226214451818743;51522.504726369;57228.84362919159;54347.56398472901;55659.96631727309;50046.47696164891;55195.92317595803;57448.72340279475;55335.98633804975;56256.75895853948;50729.465657220644;62840.25013540096;58710.17286872349
