DATA;MCPM;UF;PRODUCT;MODEL;PARAMS;WINDOW;HORIZON;RMSE;MAPE;POCID;PBE;MASE;P1;P2;P3;P4;P5;P6;P7;P8;P9;P10;P11;P12
linear;353858.9076580214;MS;gasolinac;xgb_rf_knn_arima_arma_sarima;{};12;12;12808.512315119457;0.16430784735490264;36.36363636363637;-3.3732294392801747;1.142506882751673;62904.26187598147;66285.2426277145;63415.152443745974;71043.17711058383;52701.42936431157;70115.58267908063;68594.30335354067;69573.36826712386;78271.35030730323;59195.95276704749;86241.09911164147;72892.754637042
