DATA;MCPM;UF;PRODUCT;MODEL;PARAMS;WINDOW;HORIZON;RMSE;MAPE;POCID;PBE;P1;P2;P3;P4;P5;P6;P7;P8;P9;P10;P11;P12
combination;6299.619915356452;PE;glp;combination-median;ARIMA-SARIMA-VARMA;12;12;1739.2692124009516;0.031150625458359338;91.66666666666667;2.844435206279006;45129.89595489735;42590.03341263399;44881.814099993535;44992.25955726012;47235.54134867235;48567.552900706636;46605.096251887626;45793.92509440409;43390.80660710472;46993.84662756685;42498.54226429913;40427.02688417785
