DATA;MCPM;UF;PRODUCT;MODEL;PARAMS;WINDOW;HORIZON;RMSE;MAPE;POCID;PBE;P1;P2;P3;P4;P5;P6;P7;P8;P9;P10;P11;P12
combination;3953.1489996553537;RO;glp;combination-median;ARIMA-SARIMA-VARMA;12;12;273.6262442391058;0.02779437112909776;66.66666666666667;1.502763910926367;7826.628902088562;7133.697448552733;7596.176404236874;7484.830840619138;7299.9609350458995;7837.09258006625;7186.505653045815;7399.888460601137;7830.511718381891;7625.231399467675;7141.555727746325;7192.210098639523
