DATA;MCPM;UF;PRODUCT;MODEL;PARAMS;WINDOW;HORIZON;RMSE;MAPE;POCID;PBE;P1;P2;P3;P4;P5;P6;P7;P8;P9;P10;P11;P12
combination;7013.351911320334;SE;glp;combination-median;ARIMA-SARIMA-VARMA;12;12;646.8690332699199;0.03708553707292845;75.0;1.8881738142163171;11671.949216829882;11335.487099148797;11608.36512785178;11576.912869129725;12050.464704208876;12673.600393587396;12022.05512585946;12046.914198589166;11761.22234910393;12193.99664429371;11177.834118973373;10782.945651361282
