DATA;MCPM;UF;PRODUCT;MODEL;PARAMS;WINDOW;HORIZON;RMSE;MAPE;POCID;PBE;P1;P2;P3;P4;P5;P6;P7;P8;P9;P10;P11;P12
combination;24077.38255305829;SC;glp;combination-median;ARIMA-SARIMA-VARMA;12;12;3324.6226036696717;0.05804839091702132;83.33333333333333;5.675521891687974;44852.278789189004;42638.20315610354;46944.991921172674;47443.80251054633;47362.24645144081;50064.39111456135;46370.95861272253;46481.32254697053;45390.45422973916;43949.665781758624;42012.35402649364;40912.19262108992
