DATA;MCPM;UF;PRODUCT;MODEL;PARAMS;WINDOW;HORIZON;RMSE;MAPE;POCID;PBE;P1;P2;P3;P4;P5;P6;P7;P8;P9;P10;P11;P12
combination;3447.5141158057654;DF;glp;combination-median;ARIMA-SARIMA-VARMA;12;12;476.89990099892253;0.027070569082078545;83.33333333333333;0.5926945421639087;14543.172590500491;13801.079959416682;14547.382839364804;14734.227523978921;14747.401834675788;15106.077235714722;14286.044499031112;14176.856276839622;14154.044673305878;14763.083551110987;13286.639805128896;13389.351830002208
