dataset_index;horizon;regressor;mape;pocid;smape;rmse;msmape;mae;test;predictions;start_test;final_test
0;13;ADE;0.02288025437866574;25.0;0.02238451113489775;1171.6951359515688;0.02238447977950085;799.0942268746271;[35397.16, 35808.59, 35808.59, 36246.14, 36246.14, 36403.7, 36403.7, 36150.2, 36150.2, 35790.55, 35790.55, 34066.95, 34066.95];[34992.676523886366, 35201.17770616803, 35499.74836683563, 35736.0870347315, 35968.49796806458, 36094.1523362062, 36159.36191179659, 36332.11928882317, 36557.25682933244, 36586.67501985416, 36626.99241183462, 36668.54036803855, 36969.72287917612];2016-10-16 12:00:00;2017-01-08 12:00:00
1;13;ADE;0.026202650266038876;58.333333333333336;0.02589741835244991;125.51966593407373;0.02589705404118006;92.05400208069884;[3608.061, 3624.368, 3537.64, 3587.344, 3662.088, 3658.634, 3622.148, 3591.48, 3638.559, 3635.781, 3522.328, 3458.631, 3354.758];[3469.5988610660725, 3500.012118190294, 3509.1123009891144, 3526.617123412373, 3571.5586601428663, 3577.145769742473, 3566.3126636484076, 3582.4049733189304, 3632.9721968480535, 3635.1842806394184, 3628.1207676787894, 3624.1879542004904, 3684.9262531678073];2016-10-16 12:00:00;2017-01-08 12:00:00
2;13;ADE;0.01250932553917323;83.33333333333333;0.012607445258237142;138.89261613010797;0.012607381266958796;124.20582193973132;[9602.4, 9895.9, 9915.9, 9726.6, 9626.5, 9966.1, 10008.5, 9911.7, 9760.7, 9968.2, 10089.1, 10005.9, 9823.3];[9613.909021955296, 9819.359197065158, 9781.140240376333, 9628.24480510626, 9604.071891069194, 9851.287776068111, 9834.96850791157, 9696.063700304421, 9638.895298634427, 9787.770579289538, 9899.45296023067, 9816.171605490194, 9737.806775192916];2016-10-09 12:00:00;2017-01-01 12:00:00
3;13;ADE;0.10419725260986659;83.33333333333333;0.11261689990657271;455.6406811006136;0.1126150265583444;343.89243828564213;[2336.56, 2373.14, 2457.51, 2586.0, 2237.7, 2877.94, 2497.74, 3525.34, 3053.33, 3151.07, 3425.79, 3505.61, 4098.69];[2304.1951655481494, 2301.7498008033995, 2390.2210481108705, 2550.8427743698903, 2472.593136911641, 2537.164707109143, 2477.4700314164475, 2774.962967902548, 2709.9461894011897, 2676.9540659043614, 2800.376749948312, 3023.284787018349, 3105.843151665633];2016-10-16 12:00:00;2017-01-08 12:00:00
4;13;ADE;0.1191829224706419;91.66666666666667;0.11386273374035755;281.6459819592031;0.11385956140512678;207.53495403573996;[1499.0, 1734.0, 1391.0, 1833.0, 1637.0, 2122.0, 1757.0, 2079.0, 2477.0, 1957.0, 1907.0, 1752.0, 1330.0];[1622.8900779935318, 1673.786179289513, 1669.536981725317, 1816.6628142961818, 1692.3448921369427, 1867.2402092156533, 1788.5200783399266, 1838.4934408312188, 1878.3718425188713, 1877.8596160290335, 2023.2369708068663, 1980.712575023123, 1944.1269286193838];2016-10-30 12:00:00;2017-01-22 12:00:00
5;13;ADE;0.22464678040069777;41.666666666666664;0.2700924507716784;288.64176490817266;0.2700746131730511;211.28448646684663;[502.0, 568.0, 528.0, 632.0, 606.0, 785.0, 779.0, 834.0, 906.0, 1372.0, 1080.0, 938.0, 752.0];[527.821437836834, 537.6683889880667, 544.9859754719461, 530.6918104860086, 538.0397457921251, 566.4453836528538, 576.4891054110067, 571.3691951471895, 598.4766515269289, 648.7737920286899, 629.9618124654392, 644.2449002478226, 705.9483034936432];2016-10-30 12:00:00;2017-01-22 12:00:00
6;13;ADE;0.2582490886711715;41.666666666666664;0.2717037498210689;1537.6519321161331;0.27169987518401123;1022.7035938387454;[3117.0, 2579.0, 3199.0, 1716.0, 4558.0, 3001.0, 3263.0, 3110.0, 5899.0, 7148.0, 4048.0, 2707.0, 2579.0];[2758.3952646445796, 2798.9100126486737, 3055.3090565646485, 3239.3734869503833, 2912.171927107389, 2782.258294129033, 2953.351494499507, 2974.0327652480896, 3131.7598991060295, 3103.7327823891774, 3175.8778524094096, 3145.441219776096, 3196.3113366264];2016-11-06 12:00:00;2017-01-29 12:00:00
7;13;ADE;0.4226687798703027;25.0;0.34015592555209734;1939.174842405304;0.34015241272114444;1687.2595402466827;[3430.0, 2870.0, 4620.0, 4890.0, 7470.0, 6960.0, 6430.0, 3970.0, 3650.0, 5730.0, 4500.0, 2870.0, 3270.0];[4215.928309665531, 4440.449197572977, 4384.71668605487, 4223.350515224546, 4946.0762549875835, 5072.279378938147, 5224.343598242897, 5335.6823502916695, 5798.9377766389125, 6682.860032245564, 6272.245259425288, 6537.077295013888, 6421.960235801087];2016-11-06 12:00:00;2017-01-29 12:00:00
8;13;ADE;0.09826953378004272;66.66666666666667;0.0936680264353178;974.7156452910681;0.09366747729873384;801.9361091652208;[8100.0, 7481.0, 8953.0, 8087.0, 9724.0, 8993.0, 10011.0, 9705.0, 8397.0, 7560.0, 8669.0, 7574.0, 7106.0];[8730.988150359537, 7857.05689181777, 8695.413172275246, 8534.527710400467, 9437.716335171486, 8380.471438378145, 8562.2156584716, 9282.10066200898, 9401.056627967373, 9678.913409144714, 8964.245498672159, 8697.195146173719, 8507.10325091759];2016-11-06 12:00:00;2017-01-29 12:00:00
9;13;ADE;1872567453.7280731;8.333333333333334;1.8798455208363123;33180923824456.082;1.8798447337030015;10383282253897.637;[5122.14, 5104.68, 5104.68, 5104.68, 5565.7, 5565.7, 5565.7, 5565.7, 5565.7, 5544.94, 5544.94, 5544.94, 5544.94];[18037.121381160534, 39130.05435563426, 105413.56207943261, 748062.0084366726, 6736076.77820681, 45259042.629180305, 367306590.45756346, 3016372558.2324095, 24735488425.39501, 206209724121.00833, 1705752337417.6846, 14274031557903.541, 118768503678335.25];2016-11-27 12:00:00;2017-02-19 12:00:00
10;13;ADE;0.1932612818002186;41.666666666666664;0.17218235872233942;68.50088300925192;0.1721584051796102;61.94781956318958;[337.19, 359.52, 357.62, 368.22, 328.77, 391.31, 340.06, 323.19, 323.3, 339.94, 316.45, 295.99, 280.07];[407.2533224200428, 398.5317004621814, 393.5476789845065, 406.242658667603, 390.58657302072623, 368.2870739417731, 371.6927123115033, 383.92174324168013, 403.52216520926345, 396.3749457703966, 392.1354969886014, 398.9822078609423, 409.8275233257905];2016-11-27 12:00:00;2017-02-19 12:00:00
11;13;ADE;0.02315343160545006;41.666666666666664;0.023518170403399093;29.06623624536091;0.02351706457483393;25.00797898038706;[1092.0, 1085.0, 1078.0, 1071.0, 1064.0, 1057.0, 1050.0, 1043.0, 1092.0, 1085.0, 1078.0, 1071.0, 1064.0];[1046.21423933116, 1046.3191936474668, 1048.971551626867, 1048.4157563548351, 1050.728337693249, 1048.7776299912634, 1047.304234237624, 1047.0720606675497, 1045.0722941446847, 1043.884835366944, 1046.0255114966485, 1047.0886990779265, 1047.166050953849];2015-05-24 12:00:00;2015-08-16 12:00:00
12;13;ADE;0.03244242122958741;66.66666666666667;0.031829057588861724;87.79823219724604;0.0318284098609155;78.3055262673453;[2373.445, 2373.105, 2453.974, 2390.353, 2324.83, 2337.239, 2375.971, 2398.802, 2350.108, 2363.517, 2484.652, 2558.814, 2653.311];[2405.482280209484, 2392.239857809132, 2402.2685059643973, 2435.7892500034814, 2439.259914389036, 2426.1995970269954, 2442.9441401911167, 2447.919034990237, 2458.890962354724, 2503.4822911302163, 2612.9683984967664, 2685.99827008045, 2699.2393507582474];2016-10-16 12:00:00;2017-01-08 12:00:00
13;13;ADE;0.04156876352851165;50.0;0.04038507581379765;118.05695171839623;0.040384254897179866;99.39828501088456;[2341.516, 2407.573, 2435.3, 2361.92, 2310.927, 2322.117, 2408.718, 2476.214, 2361.203, 2393.436, 2552.503, 2554.351, 2500.651];[2381.357638750685, 2381.0600261356444, 2445.43960487531, 2486.9699399879323, 2472.849445301874, 2465.863015185485, 2502.076805843853, 2538.8990636953536, 2566.2589552838363, 2598.437797065435, 2597.330207129572, 2606.716363594319, 2622.3218945634894];2016-10-16 12:00:00;2017-01-08 12:00:00
14;13;ADE;0.2559116016740019;58.333333333333336;0.21980739770412333;1182.1779275935432;0.21980509499294015;1059.7486795882053;[4231.0, 4311.68, 3848.09, 4149.38, 3633.49, 3553.49, 3743.59, 4626.91, 4235.48, 4288.81, 5601.72, 5737.57, 5232.13];[4766.626280248246, 4793.299646975237, 4791.9824625212905, 4733.087559794485, 4859.983903659496, 5132.142239020433, 5527.635906943355, 5920.259100824675, 5974.1684867168115, 6126.668133395754, 6121.927534895554, 6129.655176073774, 6092.636403577554];2016-10-16 12:00:00;2017-01-08 12:00:00
15;13;ADE;0.25864626147681746;33.333333333333336;0.22176004085163098;1206.7549371027276;0.22175773067295534;1076.662291416765;[4231.0, 4311.68, 3848.09, 4149.38, 3633.49, 3553.49, 3743.59, 4626.91, 4235.48, 4288.81, 5601.72, 5737.57, 5232.13];[4770.570948671727, 4753.8658972201365, 4796.352606338745, 4687.160547215245, 4743.3675935079145, 5119.651827516212, 5503.4077014689565, 5976.0752141728435, 6024.645357306794, 6292.1680228541845, 6126.313947818274, 6179.86335183113, 6216.506772495783];2016-10-16 12:00:00;2017-01-08 12:00:00
16;13;ADE;0.04368809461606015;25.0;0.044762205638233375;565.368889619222;0.0447620194230299;538.032202146586;[12027.16, 12027.2, 12027.24, 11985.62, 11985.74, 12432.86, 12432.99, 12418.26, 12418.32, 12418.37, 12418.43, 12418.49, 12323.22];[11659.354903041742, 11658.641973357637, 11655.451398550631, 11640.204598282215, 11796.55962916551, 11786.956725970676, 11784.407371830077, 11763.872182634605, 11746.346833557698, 11731.537921152922, 11727.229088130469, 11675.907279736657, 11713.011466683547];2016-10-16 12:00:00;2017-01-08 12:00:00
17;13;ADE;0.0542475032502575;66.66666666666667;0.05679040126427288;299.75426649592714;0.05678970226427378;230.79003831372668;[4334.57, 4334.61, 4334.65, 4351.65, 4351.77, 3846.99, 3954.85, 3996.48, 3992.55, 3992.61, 3992.68, 3992.75, 4029.96];[3910.809508655685, 3911.0448126228143, 3903.486091790865, 3914.282691018483, 3746.4777212875565, 3794.362665436014, 3841.387950828549, 3867.5905622947257, 3877.0314325767654, 3899.1262004808423, 3920.41237417011, 3959.7381002151656, 3960.099390543976];2016-10-16 12:00:00;2017-01-08 12:00:00
18;13;ADE;0.17841010170468763;75.0;0.19843115871499117;1326.336627032123;0.1984285271096031;796.1891707614371;[2754.0, 3035.0, 2591.0, 2808.0, 2324.0, 4033.0, 3146.0, 3402.0, 3677.0, 4790.0, 7520.0, 4445.0, 2960.0];[2677.2032165168553, 2823.3891345835423, 2775.7531323336398, 2909.8431744718, 3256.9918790141564, 3324.4426882598377, 3074.247460987602, 3022.185970212195, 3023.674163122886, 3156.4052751435047, 3353.295663309485, 3688.662521327069, 3432.377127542063];2016-10-30 12:00:00;2017-01-22 12:00:00
19;13;ADE;0.12137480001124963;75.0;0.11764992835416016;507.7039094950462;0.11764833719525289;440.26748582072406;[3942.0, 4184.0, 3374.0, 4291.0, 2657.0, 4258.0, 4050.0, 3730.0, 3311.0, 3154.0, 4551.0, 4677.0, 3944.0];[3746.1405501420245, 3791.44442206144, 3671.771729758377, 3688.465317374469, 3559.0349149397193, 3716.1264738572504, 3833.7760772866113, 3797.7281857224907, 3761.7222080211122, 3974.8948963137727, 4085.092353702932, 4011.1943554882396, 3840.4350691730915];2016-10-30 12:00:00;2017-01-22 12:00:00
20;13;ADE;0.15736798198203758;50.0;0.1704632633938941;586.4673372355516;0.17045998181650204;451.8819871845669;[2203.0, 2234.0, 1786.0, 2582.0, 2838.0, 2949.0, 2483.0, 2184.0, 3809.0, 3395.0, 3194.0, 2744.0, 2054.0];[2040.520398351471, 2110.058413803718, 2172.539883118015, 2327.9519935096496, 2303.657318145519, 2302.2079074545336, 2394.5513354499376, 2305.368051757345, 2342.829738483726, 2504.7339337657554, 2609.1130347446947, 2524.7124732245024, 2449.894445457518];2016-10-30 12:00:00;2017-01-22 12:00:00
21;13;ADE;0.13055385218284066;66.66666666666667;0.13578621254162726;602.9410909599196;0.13578431017024456;490.11300032592214;[3780.0, 4430.0, 3380.0, 4100.0, 2710.0, 3980.0, 3720.0, 3300.0, 3460.0, 2760.0, 4730.0, 3930.0, 3180.0];[3506.7437759318245, 3574.694309885263, 3466.5866257889393, 3522.2747198019, 3362.7036304021944, 3454.4575557439566, 3315.239242164907, 3319.6884468555213, 3257.274946834207, 3327.934980191575, 3342.8065462948452, 3309.4065841520437, 3377.4530018077053];2016-10-30 12:00:00;2017-01-22 12:00:00
22;13;ADE;0.11876903292816374;50.0;0.10803180102359626;105.51414352940867;0.10802432332841622;78.60010427443464;[753.8, 767.6, 722.9, 769.5, 536.6, 756.4, 813.0, 732.2, 617.9, 617.0, 901.1, 872.9, 739.2];[767.2358987756976, 771.5305731351949, 783.9811887558741, 777.2985328641863, 779.9712193608005, 777.1040486074003, 779.863386632793, 797.5868907117965, 782.5557823388108, 775.9819043176221, 780.7843482588656, 792.1329301052749, 787.4359816972008];2016-10-30 12:00:00;2017-01-22 12:00:00
23;13;ADE;0.21040040371606777;58.333333333333336;0.22993284784465187;3746.3395527978837;0.2299314730797265;2137.833914144443;[6510.0, 6109.0, 5215.0, 6798.0, 4354.0, 10041.0, 7637.0, 6137.0, 7002.0, 8575.0, 19189.0, 12646.0, 6956.0];[6466.525528513126, 6774.854340412139, 6347.495055013159, 7124.243913450074, 6816.670343687197, 7248.462744049314, 7006.538001000577, 7328.468968014146, 7289.2732886707545, 7534.50967619209, 7439.663604477615, 7590.510600543509, 7370.045129406522];2016-10-30 12:00:00;2017-01-22 12:00:00
24;13;ADE;0.19530521658372058;58.333333333333336;0.20971241005125885;541.7212092698231;0.20970750264751936;459.86888866826575;[1431.0, 1679.0, 1348.0, 1870.0, 2110.0, 2492.0, 2701.0, 2649.0, 2745.0, 2676.0, 3017.0, 2669.0, 2017.0];[1680.5382725188117, 1828.4502183055847, 1865.8841161734508, 1892.789678139925, 1922.2578932477438, 1970.32618953332, 1923.2056084913527, 1884.0302374264481, 2010.6592347859378, 2180.661214847575, 2088.6372309588787, 2109.6228735726963, 1947.966249586365];2016-10-30 12:00:00;2017-01-22 12:00:00
25;13;ADE;0.204376014722287;33.333333333333336;0.22485992836693966;1210.9012794710056;0.22485727237854145;979.620800835166;[2672.0, 3061.0, 2947.0, 4293.0, 3409.0, 4660.0, 5136.0, 6235.0, 5580.0, 4585.0, 6168.0, 4943.0, 3945.0];[3433.447652477361, 3287.2399526770887, 3244.243560415619, 3226.5469991801433, 3340.5419889947057, 3389.2140758897494, 3523.786182824701, 3747.917261952224, 4166.314000068961, 4378.644620204225, 4261.198836902438, 4476.573964249709, 4896.877175553945];2016-10-30 12:00:00;2017-01-22 12:00:00
26;13;ADE;0.2393099955375947;50.0;0.283720450122756;999.5163927879639;0.2837151941270667;783.8540323786237;[2144.0, 2144.0, 1752.0, 2314.0, 2645.0, 2643.0, 3120.0, 3302.0, 3802.0, 2762.0, 3713.0, 4473.0, 2643.0];[2017.5542879017075, 1979.4073853424743, 2028.761882807465, 2057.956637633968, 2112.1293864737113, 2130.356011913846, 2208.633143436584, 2159.3612691683156, 2195.124065601163, 2202.756022964868, 2162.0535546865603, 2312.5641929271665, 2253.763503834993];2016-10-30 12:00:00;2017-01-22 12:00:00
27;13;ADE;0.34580471669389723;58.333333333333336;0.32711343670277515;2127.7063555396353;0.32710998897479454;1661.9350748405964;[7793.0, 3341.0, 3003.0, 3507.0, 2555.0, 3167.0, 3300.0, 3507.0, 8089.0, 8507.0, 5611.0, 4081.0, 3025.0];[4076.1678577064495, 3488.870301809577, 3945.561023544635, 3693.216516025541, 3641.1094790313737, 3715.3380653668833, 4118.4262643622915, 3965.7122085923734, 4285.020608613437, 5143.374774381756, 6719.543737702513, 6723.255706205555, 5806.685910988653];2016-10-30 12:00:00;2017-01-22 12:00:00
28;13;ADE;0.27398676877562367;58.333333333333336;0.33437215728682357;512.3979256444926;0.3343578873122245;404.5742044260869;[851.0, 1017.0, 907.0, 1075.0, 833.0, 1716.0, 1339.0, 1312.0, 1345.0, 1322.0, 2142.0, 1732.0, 1143.0];[873.5730420710527, 805.0312476068405, 790.6825840075722, 805.1095296415285, 880.1245807392542, 887.5336455589875, 873.1269231049419, 868.725976118244, 918.4599388593023, 980.4047670816824, 973.7662976705227, 1055.4144254513374, 901.977630170218];2016-10-30 12:00:00;2017-01-22 12:00:00
29;13;ADE;0.1357596675163493;91.66666666666667;0.13886313525802352;912.9055114922766;0.13886168224931622;693.2800374750889;[3623.0, 4016.0, 3075.0, 4373.0, 3773.0, 5121.0, 4129.0, 4785.0, 6509.0, 7561.0, 6183.0, 5485.0, 4223.0];[3995.394534123768, 4249.425552648559, 4087.34371695381, 4147.158852209823, 4104.83431877429, 4452.084390359696, 4363.252800178215, 4570.678097997051, 4919.817268933128, 5295.344850118372, 5372.219371229655, 5091.53392452894, 4883.226319874178];2016-10-30 12:00:00;2017-01-22 12:00:00
30;13;ADE;0.2606482699448337;66.66666666666667;0.29732193166797904;488.31903410066275;0.29731039535959436;399.7160114433094;[708.0, 829.0, 796.0, 1026.0, 1483.0, 1412.0, 1665.0, 1696.0, 2150.0, 1948.0, 1778.0, 1156.0, 1053.0];[896.153337577324, 900.0993623433891, 896.7055193007036, 945.4870637198221, 975.88155932924, 1028.7942812666636, 1079.4307771960348, 1160.4139345513902, 1193.3634053530996, 1123.3805067182268, 1206.3241156205775, 1279.2220210246903, 1321.20355227197];2016-10-30 12:00:00;2017-01-22 12:00:00
31;13;ADE;0.2108113498760691;58.333333333333336;0.23786420594797;1533.9415267340585;0.2378620894978606;1350.9553049096312;[5029.0, 3990.0, 5803.0, 3980.0, 6833.0, 5247.0, 6023.0, 7372.0, 6529.0, 7042.0, 6642.0, 6607.0, 7307.0];[4813.794596649909, 4596.926139311792, 4594.392013145672, 4530.721683542238, 4627.994301944685, 4906.751973469024, 4914.324444771392, 4944.710664336344, 4849.881409491427, 4877.36395471466, 5040.351769006492, 5250.437226450092, 5209.226505049124];2016-11-06 12:00:00;2017-01-29 12:00:00
32;13;ADE;0.09318692557398552;83.33333333333333;0.09432201335774879;276.96848186663493;0.09431987579911262;216.21441213025426;[1635.1, 1470.0, 1831.2, 1860.7, 2952.6, 2076.0, 1926.5, 2127.6, 2526.5, 3130.5, 2901.6, 1965.4, 1930.4];[1738.4637366051168, 1625.5548941886784, 1801.6127339698087, 1721.715475699499, 2357.8593283754194, 1973.249361582726, 1888.4596694534257, 2260.423628951326, 2625.2161795209813, 2782.137633973127, 2420.618155102026, 2148.9461187776733, 2333.735157805561];2016-11-06 12:00:00;2017-01-29 12:00:00
33;13;ADE;0.15265670926811317;66.66666666666667;0.168297562045758;425.627394132016;0.16829287950699887;308.54215456238495;[1528.0, 1485.0, 1676.0, 1434.0, 2556.0, 2017.0, 1752.0, 1575.0, 1478.0, 2618.0, 2045.0, 1480.0, 1464.0];[1402.409267705685, 1348.4097255727684, 1481.699831484892, 1454.0256388688665, 1552.2240431488267, 1507.159208020359, 1538.1969030776975, 1555.7827064271914, 1696.071560332525, 1752.2065954197772, 1752.942498052319, 1714.0889081917724, 1641.8926808273563];2016-11-06 12:00:00;2017-01-29 12:00:00
34;13;ADE;0.192650211584242;83.33333333333333;0.2193682543882717;460.41193353945783;0.21936130459153097;356.26147853363375;[1240.0, 938.0, 1641.0, 1225.0, 2143.0, 2298.0, 1561.0, 1253.0, 1257.0, 2191.0, 2137.0, 1662.0, 1565.0];[1207.6886622367888, 1132.9932958688871, 1224.1957951958213, 1159.8780456830084, 1431.9923663162328, 1349.5364801403878, 1322.6114943849036, 1229.317246545456, 1373.4710118476821, 1446.895608845204, 1532.3736814602694, 1390.9985501454398, 1300.5771558258189];2016-11-06 12:00:00;2017-01-29 12:00:00
35;13;ADE;0.1409335716399853;75.0;0.13179449106739002;2338.544003759626;0.13179404723786664;1985.4689834794756;[18469.2, 14697.3, 14490.1, 16890.6, 13307.5, 11488.0, 11021.4, 13786.0, 17773.2, 20125.2, 13053.1, 14418.3, 18561.2];[17442.18340214151, 15024.052163603807, 14912.96904912124, 15278.866118664047, 16722.6665382229, 15168.347643700672, 14954.137191402742, 14829.898161819776, 16708.274266015225, 16746.54367436329, 15577.495290353629, 15497.716107000713, 16258.017898808235];2016-11-27 12:00:00;2017-02-19 12:00:00
36;13;ADE;0.021144953167238207;25.0;0.020877128062870624;66.4704601967087;0.020876765728278037;60.14483081978803;[2891.8, 2870.0, 2839.7, 2925.6, 2858.2, 2873.3, 2857.3, 2832.8, 2818.5, 2843.0, 2863.1, 2838.6, 2827.4];[2899.122184104231, 2904.4549811988363, 2911.6010541506475, 2908.769186983219, 2909.331362185692, 2912.8112520920545, 2917.723224840241, 2918.258040326658, 2920.674638492294, 2923.09128740263, 2920.046342126146, 2919.587002196323, 2922.0506185247104];2017-10-08 12:00:00;2017-12-31 12:00:00
37;13;ADE;0.012918139656888362;58.333333333333336;0.012790013161323575;48.37300057735988;0.01278980267113104;38.858226517297894;[3050.13, 2991.26, 2966.63, 3079.93, 3027.55, 3046.13, 3052.31, 3028.4, 3042.15, 3060.21, 3044.19, 3005.94, 2999.31];[3072.4615913540824, 3071.709392157569, 3069.0114409068597, 3069.787352485301, 3066.7226921556826, 3065.4205816464664, 3064.642852829157, 3064.8306913628608, 3066.6183201948106, 3067.42735917081, 3066.183445268439, 3066.5575757245606, 3067.638354438877];2017-10-15 12:00:00;2018-01-07 12:00:00
38;13;ADE;0.0248128948673064;58.333333333333336;0.024467844233800093;151.88771574072868;0.024467634302099396;142.58845115948967;[5820.04, 5811.86, 5764.85, 5774.63, 5782.51, 5729.81, 5736.21, 5784.8, 5783.06, 5742.76, 5732.81, 5730.19, 5678.13];[5847.953655733476, 5860.529744250656, 5888.470332056897, 5903.732285070042, 5911.923868961333, 5907.308635659547, 5921.454776036604, 5915.1028759388755, 5922.56197598746, 5920.323500146985, 5922.003093216524, 5917.521884586715, 5886.423237428254];2018-12-30 12:00:00;2019-03-24 12:00:00
39;13;ADE;0.022137869967755127;66.66666666666667;0.021861510105988486;135.66809028766198;0.021861322094811324;127.10023061031497;[5816.795, 5807.545, 5761.31, 5766.93, 5777.23, 5727.54, 5732.42, 5780.82, 5776.885, 5739.61, 5732.305, 5721.025, 5674.69];[5855.8241529174775, 5849.415289429543, 5865.843505679203, 5886.93339046583, 5887.153715872889, 5887.338360795777, 5898.628762802443, 5891.376808926474, 5891.326276561671, 5886.4950729829925, 5891.753845479981, 5887.816667393629, 5887.502148626185];2018-12-30 12:00:00;2019-03-24 12:00:00
40;13;ADE;0.008935059715085032;33.333333333333336;0.008963660690617693;65.32828953963462;0.008963587159361472;54.63599616728852;[6138.53, 6046.39, 6014.57, 6020.12, 6111.92, 6065.35, 6090.68, 6170.24, 6206.4, 6161.53, 6092.33, 6028.87, 6039.88];[6061.3157744838845, 6072.529509965489, 6069.591977704624, 6073.934003445325, 6074.219875600614, 6081.374735260755, 6082.4014995054495, 6073.483070729214, 6072.443552367855, 6076.377668103586, 6085.590265619056, 6093.531789796068, 6088.687640412149];2018-07-08 12:00:00;2018-09-30 12:00:00
41;13;ADE;0.008676641602174604;25.0;0.00870049149629342;63.33114579861139;0.008700420249749685;53.12566198596673;[6145.38, 6055.38, 6021.96, 6036.22, 6123.1, 6070.16, 6098.74, 6178.74, 6219.68, 6168.3, 6093.4, 6048.22, 6047.21];[6076.402014306813, 6085.741655817165, 6086.981844231432, 6088.652210017464, 6094.15535245347, 6102.741317264559, 6095.314692916177, 6089.249218183558, 6085.781343542276, 6087.352696234447, 6089.524524886893, 6098.242890745991, 6097.86353026459];2018-07-08 12:00:00;2018-09-30 12:00:00
42;13;ADE;0.008853115025813442;25.0;0.008857488985223249;60.859090942497;0.008857416401108707;54.045723077157795;[6141.955, 6050.885, 6018.265, 6028.17, 6117.51, 6067.755, 6094.71, 6174.49, 6213.04, 6164.915, 6092.865, 6038.545, 6043.545];[6077.284447406795, 6081.854674065297, 6088.770773384772, 6089.146565739796, 6092.3552233951905, 6101.565317516144, 6105.5126819382685, 6101.675804117848, 6100.838002610095, 6102.268194561925, 6106.673531987543, 6113.708164596098, 6112.614362866987];2018-07-08 12:00:00;2018-09-30 12:00:00
43;13;ADE;0.025907690345789828;58.333333333333336;0.025545483957914374;155.40028033978967;0.025545264527056417;148.69639272935513;[5813.55, 5803.23, 5757.77, 5759.23, 5771.95, 5725.27, 5728.63, 5776.84, 5770.71, 5736.46, 5731.8, 5711.86, 5671.25];[5872.012079873644, 5877.17661253736, 5885.492477650521, 5900.039643680262, 5913.794461676394, 5904.630622980183, 5905.142157496268, 5905.914132444933, 5907.727535945498, 5909.502775849193, 5905.911607839178, 5899.073708031567, 5905.185289476615];2018-12-30 12:00:00;2019-03-24 12:00:00
44;13;ADE;0.05304089751955059;58.333333333333336;0.05488426854721922;185.45048657867494;0.05488334927188272;163.87405091634702;[2934.68, 2967.95, 3071.57, 3101.51, 3101.51, 3136.93, 3189.06, 3165.62, 3069.02, 2990.9, 2965.64, 2997.27, 3001.98];[2830.534120269762, 2836.480030021524, 2844.0994989287906, 2853.516342545768, 2872.3246480659313, 2884.7026827667883, 2895.182246062438, 2911.050623338661, 2913.3797186161332, 2925.5992291947555, 2926.9090125162384, 2932.48768998748, 2937.011495773219];2018-09-02 12:00:00;2018-11-25 12:00:00
45;13;ADE;0.06637298299373891;41.666666666666664;0.06415447019922355;209.63168520037868;0.06415346999921265;205.75756223416982;[3156.835, 3088.77, 3129.65, 3163.045, 3114.31, 3110.356, 3123.937, 3136.711, 3158.378, 3095.771, 3042.689, 3026.794, 3062.599];[3290.2073636643013, 3299.4866849728105, 3318.042437776127, 3322.482611570369, 3316.024943219047, 3335.13532963909, 3333.8227293915033, 3322.175287139385, 3319.803740038094, 3307.5206467868557, 3308.493249789438, 3306.289267649361, 3305.209017407826];2018-06-24 12:00:00;2018-09-16 12:00:00
46;13;ADE;0.058957120752235505;50.0;0.061109687917525135;199.91349795799098;0.06110866070804529;181.8069607678794;[2933.38, 2967.36, 3070.66, 3098.73, 3098.73, 3134.37, 3186.88, 3164.56, 3067.65, 2988.52, 2963.47, 2994.78, 2999.43];[2826.257361972257, 2829.0756346121775, 2835.524404399867, 2843.0303362863265, 2851.42168108837, 2870.183867973986, 2872.724835275962, 2886.6679686866387, 2894.685384659979, 2898.239203898817, 2898.3144532832935, 2900.5521625843508, 2898.352215295544];2018-09-02 12:00:00;2018-11-25 12:00:00
47;13;ADE;0.00736650805750897;66.66666666666667;0.007411398626379301;29.19662082483977;0.0074112723875283636;21.75827045114955;[2964.555, 2996.025, 3000.705, 2941.08, 2935.96, 2938.24, 2936.72, 2936.66, 2882.2, 2862.63, 2867.64, 2875.68, 2871.67];[2958.759198374088, 2946.624651404283, 2933.53354412282, 2923.5559669292707, 2919.6022559560256, 2923.239723608877, 2902.710469592161, 2894.9712945080396, 2882.3484464779717, 2875.965889517295, 2878.4767470983197, 2874.303995938618, 2881.882533205541];2018-11-11 12:00:00;2019-02-03 12:00:00
48;13;ADE;0.03413749132917063;50.0;0.03499046564982065;139.48861417547326;0.034989927345392496;113.73972484457128;[3193.28, 3248.07, 3406.28, 3378.86, 3335.78, 3331.52, 3375.54, 3365.51, 3264.59, 3155.58, 3087.64, 3128.35, 3161.7];[3166.661135120031, 3178.0312692122666, 3186.3673838573004, 3168.2530631326504, 3167.9996294045586, 3173.394485240674, 3162.79598373137, 3168.833926644993, 3150.9901562979717, 3151.4083002746315, 3150.3227561322196, 3149.9520220401064, 3147.6430222764534];2018-04-22 12:00:00;2018-07-15 12:00:00
49;13;ADE;0.0335230755778217;66.66666666666667;0.03433811676354206;137.28065098938012;0.034337589074094024;111.74178194920069;[3194.69, 3248.72, 3407.29, 3381.89, 3338.78, 3334.24, 3377.85, 3366.64, 3266.05, 3158.09, 3089.9, 3130.95, 3164.39];[3167.993490037534, 3181.5939406398497, 3185.1804983398015, 3173.8996675054573, 3173.5907879688184, 3175.3058719379105, 3168.585726486822, 3178.81533128624, 3165.985719382047, 3162.7642055978317, 3159.688026177587, 3155.1974270235396, 3155.6554598748685];2018-04-22 12:00:00;2018-07-15 12:00:00
50;13;ADE;0.01633187401847584;50.0;0.01637540279441753;120.75968208758208;0.016375277558084968;107.06861379404039;[6549.4, 6749.6, 6672.9, 6664.1, 6601.3, 6601.8, 6483.1, 6488.7, 6431.8, 6468.2, 6418.9, 6383.5, 6403.6];[6528.428512658871, 6537.694920826265, 6538.452744445224, 6492.489434465163, 6482.031996094984, 6480.398445856456, 6514.441094321439, 6513.276898265389, 6525.161166348795, 6530.432997096681, 6550.005702744774, 6515.216465824912, 6541.553709067499];2018-08-26 12:00:00;2018-11-18 12:00:00
51;13;ADE;0.015125570636610703;16.666666666666668;0.014996770096990734;132.60377323460503;0.014996662044488965;104.07369236307281;[6980.8, 7049.9, 6985.1, 7060.9, 7021.9, 7015.0, 6921.2, 6940.5, 6942.0, 6894.3, 6783.9, 6801.8, 6773.4];[6969.127847220076, 6951.724492028857, 6959.728815037202, 6926.796235530433, 6965.076154162404, 6945.169672841706, 6978.436734707038, 6972.101970984873, 6991.661257764759, 7003.255227091655, 7005.877714968606, 6993.885260057396, 7068.863051966297];2018-09-02 12:00:00;2018-11-25 12:00:00
52;13;ADE;0.37045462603686824;41.666666666666664;0.3097128828612737;751.7260120401181;0.3097063504864596;735.3499928700746;[1915.5, 1845.1, 1867.4, 2142.0, 2309.8, 2248.6, 2182.6, 2050.6, 1986.8, 1865.6, 1912.3, 1982.7, 1933.5];[2584.816511407049, 2719.7912139591413, 2816.889950395108, 2740.607248670934, 2678.933911123443, 2847.5388866185513, 2889.41722853034, 2909.643759169136, 2818.911180187008, 2807.203104841934, 2682.1758132323494, 2716.749653318844, 2589.371445857132];2017-07-23 12:00:00;2017-10-15 12:00:00
53;13;ADE;0.02431673203994729;33.333333333333336;0.023903269835238026;71.94513537227012;0.02390279016355399;59.56305732246283;[2483.0, 2491.0, 2474.0, 2491.0, 2483.0, 2460.0, 2473.0, 2448.0, 2429.0, 2411.0, 2434.0, 2445.0, 2439.0];[2504.0809337789306, 2488.6234623837263, 2604.422079584862, 2466.808277365427, 2468.1834955662034, 2542.0758598844254, 2539.6709884273628, 2494.321939740149, 2454.0041524910757, 2526.3270685619373, 2548.599924998747, 2511.590468795464, 2503.8415642444197];2016-10-23 12:00:00;2017-01-15 12:00:00
54;13;ADE;0.07087438114523924;50.0;0.06681815493169914;437.7330498009123;0.06681748447683478;333.1167490370835;[5056.0, 4936.0, 4551.0, 4461.0, 4515.0, 4725.0, 4863.0, 5097.0, 5191.0, 5195.0, 5328.0, 5342.0, 5207.0];[5251.787523465904, 5247.508236013486, 5333.635737070514, 5304.551572778121, 5270.9134066062015, 5217.009439100599, 5237.729104384483, 5218.081059313462, 5203.688654491028, 5229.276345563619, 5243.794490648067, 5216.943048314115, 5009.925802343149];2016-10-23 12:00:00;2017-01-15 12:00:00
55;13;ADE;0.08725805447384054;91.66666666666667;0.09252738647333442;376.9480417607579;0.09252605698393145;322.7585742291572;[3030.0, 3099.0, 3193.0, 3261.0, 3334.0, 3440.0, 3538.0, 3633.0, 3733.0, 3814.0, 3877.0, 3929.0, 3978.0];[3094.172973682578, 3109.9251534439463, 3082.1408439993434, 3102.167050076189, 3149.2650854089693, 3162.4885423752967, 3213.0498615851643, 3236.8769709653, 3271.2613161207723, 3299.1847692242304, 3309.517292030333, 3375.053575902216, 3408.231354459666];2015-08-16 12:00:00;2015-11-08 12:00:00
56;13;ADE;0.09269335556556599;83.33333333333333;0.09929773380138199;159.50922800546024;0.09929412128912382;139.4681857847365;[2070.0, 1970.0, 1830.0, 1730.0, 1640.0, 1550.0, 1500.0, 1460.0, 1460.0, 1390.0, 1370.0, 1370.0, 1410.0];[1923.489017367397, 1856.1737403502332, 1772.1686102706917, 1671.6986488328396, 1569.3225773680074, 1504.6179105898602, 1422.5581271125266, 1343.4903398879335, 1284.8803112696785, 1210.8950643337419, 1135.8704573684465, 1084.2878537254205, 1157.460926321649];2017-01-01 12:00:00;2017-03-26 12:00:00
57;13;ADE;0.08711255354424144;50.0;0.08991069433988567;345.04990174168546;0.08990940917878278;315.0734651219424;[3485.0, 3651.0, 3681.0, 3704.0, 3737.0, 3907.0, 3747.0, 3820.0, 3842.0, 3649.0, 3414.0, 3116.0, 2984.0];[3405.0549056641757, 3426.7250005395404, 3418.9820611535083, 3368.222432140894, 3332.7314870544865, 3357.395849900178, 3371.9562697380006, 3383.842394469009, 3385.15022232381, 3385.390404117804, 3380.227648921732, 3396.8122890547384, 3377.821433553651];2017-01-01 12:00:00;2017-03-26 12:00:00
58;13;ADE;0.30587186284222107;75.0;0.25071768603643707;588.418468918928;0.25071170190830483;532.0967653723113;[2350.0, 2040.0, 2030.0, 1600.0, 1160.0, 2140.0, 2780.0, 1910.0, 2180.0, 2170.0, 2010.0, 1690.0, 1880.0];[2711.5895883638336, 2539.95309357585, 2493.543502458016, 2421.502419627241, 2334.8710943367264, 2427.7017363870723, 2470.5910000278072, 2489.8736427835747, 2483.6535169241224, 2480.9003595265026, 2421.9383593687594, 2448.2642689430477, 2514.0573675731084];2017-01-01 12:00:00;2017-03-26 12:00:00
59;13;ADE;0.024589892298006823;50.0;0.025046032034838232;285.7370093522411;0.025045897981530292;233.98609511399698;[9160.47, 9180.81, 9257.59, 9244.22, 9195.97, 9383.28, 9480.43, 9506.87, 9431.19, 9450.03, 9630.17, 9660.81, 9601.98];[9169.671404804154, 9187.946455267303, 9147.978260658692, 9178.741033482936, 9151.892760440995, 9134.468866061858, 9157.93653386892, 9158.245400968535, 9164.134053296695, 9176.506442241754, 9162.699983027112, 9170.817536191915, 9213.637753350085];2016-10-16 12:00:00;2017-01-08 12:00:00
60;13;ADE;0.033107655311347524;16.666666666666668;0.033218828168278654;420.25658448411366;0.03321867182070963;352.98833197521697;[10128.3, 10802.8, 10802.8, 10971.1, 10971.1, 10436.8, 10436.8, 11025.5, 11025.5, 10135.8, 10135.8, 10934.7, 10934.7];[10050.264458803538, 10631.963265382334, 10628.484819845547, 10284.63398430181, 10296.762109630597, 10578.23405787078, 10670.308134740375, 10594.486364012768, 10595.21323152832, 10774.99696272848, 10774.647854046396, 11077.60843220587, 11082.361107590832];2016-10-16 12:00:00;2017-01-08 12:00:00
61;13;ADE;0.0329391958670091;41.666666666666664;0.033935674930178274;330.82424638791366;0.03393544011705852;245.2773291647495;[7208.8, 7061.6, 7061.6, 7018.9, 7018.9, 7157.6, 7157.6, 7144.4, 7144.4, 7536.5, 7536.5, 7620.1, 7620.1];[7026.519934916855, 6967.215554571928, 6959.926590832816, 6953.802826922346, 6971.880085844955, 7102.25076310673, 7084.815497727459, 7012.89442817661, 6998.825745869685, 6982.885418867401, 6994.238056383634, 7021.747660167037, 7021.392157470801];2016-10-16 12:00:00;2017-01-08 12:00:00
62;13;ADE;0.022139813865840303;41.666666666666664;0.022799445716510918;234.80930643689396;0.02279926469790729;143.6275905020866;[6062.1, 6110.6, 6110.6, 6119.9, 6119.9, 6115.9, 6115.9, 6194.7, 6194.7, 6386.4, 6386.4, 6649.3, 6649.3];[5963.768201879587, 6063.275909300514, 6074.541603258395, 6127.999606896996, 6103.2295974898225, 6100.060546631531, 6104.811854956602, 6213.440015237473, 6187.5800148677035, 6093.230987594807, 6112.053557966362, 6133.1081400649355, 6125.120531597084];2016-10-16 12:00:00;2017-01-08 12:00:00
63;13;ADE;0.021554654824009385;91.66666666666667;0.021932285142187966;432.73155315744077;0.02193220767228585;311.1004619954986;[14834.0, 12734.0, 12772.0, 13825.0, 15080.0, 12824.0, 12879.0, 13769.0, 14767.0, 13645.0, 12832.0, 13629.0, 15073.0];[14133.481782871386, 12665.235618649955, 12905.28644216251, 13633.035949160243, 14236.47500295452, 12956.30004147019, 12917.538928779315, 13681.770325207004, 14486.530281191961, 13943.253831373675, 12930.954975386616, 13420.370983486144, 14111.128269709612];2016-10-09 12:00:00;2017-01-01 12:00:00
64;13;ADE;0.02162856994998314;100.0;0.022074283740823267;606.4354664271112;0.022074227701476178;435.2744748056111;[20461.0, 17999.0, 18027.0, 19270.0, 20726.0, 18118.0, 18144.0, 19242.0, 20438.0, 19136.0, 18135.0, 19163.0, 20871.0];[19514.333799970253, 17880.606785504206, 18084.866235010617, 18757.002885025897, 19622.83745569967, 18179.257148487028, 18225.045497522526, 18941.172686526403, 19795.535207320576, 19167.474085108403, 18172.951519993334, 18677.367970841322, 19592.169522760636];2016-10-09 12:00:00;2017-01-01 12:00:00
65;13;ADE;0.013975469068865461;91.66666666666667;0.01410255300943358;120.86685145976698;0.014102459342946166;106.17697022358578;[7318.7, 7580.2, 7605.2, 7418.2, 7320.8, 7633.4, 7663.4, 7564.1, 7418.4, 7616.0, 7729.0, 7645.0, 7464.2];[7290.077495435385, 7478.897436473956, 7447.325546109187, 7315.382981679595, 7313.01196513344, 7493.100570089093, 7501.34855196001, 7403.954281145711, 7362.292260504208, 7482.067067060281, 7554.921512666706, 7503.1730718249855, 7450.746647010827];2016-10-09 12:00:00;2017-01-01 12:00:00
66;13;ADE;0.03551120855242519;58.333333333333336;0.036272189470982326;541.6591839914848;0.036272056733846;495.6532249321791;[13361.0, 13641.0, 13485.0, 13635.0, 13869.0, 13787.0, 13846.0, 13810.0, 13958.0, 13995.0, 13987.0, 14185.0, 14413.0];[13232.062986064184, 13259.09044986944, 13288.517584311456, 13324.183796859907, 13352.55135583324, 13360.367215209793, 13352.446948429237, 13358.968216136205, 13372.539106969703, 13383.250031428559, 13396.552320186995, 13418.985981688389, 13428.992082894563];2005-12-25 12:00:00;2006-03-19 12:00:00
67;13;ADE;0.063098219700188;66.66666666666667;0.06519854784044127;445.7115110870871;0.06519806588502915;441.00227313643387;[6925.91, 6949.42, 6997.28, 7002.45, 6998.8, 6970.53, 7019.43, 7039.14, 7041.96, 6974.79, 6967.61, 6968.64, 6957.49];[6541.55376226227, 6603.553422045066, 6622.654722942232, 6588.7778078321135, 6529.547803064783, 6460.992353513045, 6496.47400288712, 6513.058492345437, 6495.702323481358, 6525.035006970573, 6553.819726701954, 6580.811827113317, 6568.439198067092];2012-08-19 12:00:00;2012-11-11 12:00:00
68;13;ADE;0.05801574715734459;66.66666666666667;0.05981849982050353;413.7030949733813;0.059818058969385066;405.8391297505944;[6930.32, 6983.87, 7009.79, 7004.0, 7003.5, 6971.28, 7036.53, 7049.97, 7035.15, 6965.37, 6967.94, 6962.49, 6960.41];[6664.478925331927, 6677.55184180516, 6678.345069428381, 6622.705252430651, 6488.264404704047, 6511.102848962792, 6533.368346483508, 6558.271403074361, 6532.896910087946, 6550.3196530054665, 6569.123513346057, 6585.507186957289, 6632.775957624686];2012-08-19 12:00:00;2012-11-11 12:00:00
69;13;ADE;0.021641457190122664;41.666666666666664;0.02153370208735274;62.19783767334593;0.021533292352204223;56.58693735119554;[2612.74, 2607.29, 2583.84, 2601.24, 2597.5, 2591.6, 2648.13, 2649.71, 2654.19, 2655.63, 2614.58, 2613.64, 2614.93];[2671.474319835366, 2652.8726565988895, 2667.485699204028, 2664.6726543475093, 2710.4425358446206, 2651.152803091594, 2617.1874617600565, 2617.443543640579, 2620.4588163943367, 2559.436958835518, 2563.5847643712586, 2588.9302419629666, 2657.8313036082495];2016-10-16 12:00:00;2017-01-08 12:00:00
70;13;ADE;0.10648751540404788;41.666666666666664;0.13529691613263137;393.3974235958603;0.1352923272814398;201.76779184310396;[1930.0, 1927.0, 1927.0, 1907.0, 1906.0, 1903.0, 1903.0, 1902.0, 1897.0, 1897.0, 1896.0, 1893.0, 1892.0];[1871.779119791398, 1909.0006548633187, 1930.4091118517715, 1905.2763727277074, 1908.635876986946, 1898.6455621460834, 1918.5684254195362, 1812.2403542826883, 1828.997690103027, 1671.5908165009969, 1714.7965168992894, 939.7573397773028, 890.5476932060899];2012-04-22 12:00:00;2012-07-15 12:00:00
71;13;ADE;0.08820307562664692;33.333333333333336;0.10355024533572511;300.05959656664646;0.10354701502595749;167.14810523351207;[1930.0, 1927.0, 1927.0, 1907.0, 1906.0, 1903.0, 1903.0, 1902.0, 1897.0, 1897.0, 1896.0, 1893.0, 1892.0];[1893.433891778153, 1927.482362958052, 1915.8039224159563, 1919.0497411812767, 1938.2611637781804, 1919.8575318556927, 1895.5909041634827, 1815.4671192753874, 1824.307141284089, 1649.897594191064, 1686.256754899876, 1253.0066553838371, 1091.961448345699];2012-04-22 12:00:00;2012-07-15 12:00:00
72;13;ADE;0.0678868238833083;58.333333333333336;0.07663661336929287;232.48293087956966;0.07663432240359722;128.69019711271503;[1930.0, 1927.0, 1927.0, 1907.0, 1906.0, 1903.0, 1903.0, 1902.0, 1897.0, 1897.0, 1896.0, 1893.0, 1892.0];[1875.0180872102783, 1917.1131866253363, 1946.6583603796614, 1905.6541818648316, 1927.1964907523723, 1911.233193610412, 1911.7634249767586, 1885.1540289468737, 1848.1770318183962, 1753.3356024969685, 1663.7751471583167, 1403.27763905193, 1274.3740020809776];2012-04-22 12:00:00;2012-07-15 12:00:00
73;13;ADE;0.18211289371383113;58.333333333333336;0.16611036395556872;837.5632852526242;0.1661084949189357;746.7355399387985;[4494.5, 3936.22, 4013.09, 3951.31, 3701.88, 3380.45, 3652.31, 3893.49, 4156.82, 4353.71, 4927.72, 5405.49, 6528.25];[4587.489025466017, 4562.445741713775, 4617.390632357892, 4667.268341448467, 4618.292599930353, 4771.384556222794, 4741.7254017366195, 4885.788367495896, 5032.325821593759, 4927.25856959845, 5125.143609094016, 5051.833934111824, 5249.356713341835];2016-10-16 12:00:00;2017-01-08 12:00:00
74;13;ADE;0.04870196899542403;75.0;0.05035467184935917;1429.4343158978031;0.050354567956974794;1220.7530181948412;[23442.9, 23935.8, 24274.4, 23870.6, 23235.6, 23930.5, 25498.8, 25416.7, 23773.6, 25931.8, 25269.5, 24984.5, 25674.5];[22903.963151619115, 23035.719279132118, 23137.048735296336, 23186.146532958905, 23306.8493893287, 23340.248872570093, 23449.77203294955, 23282.77670440257, 23534.461173491192, 23597.088304647557, 23585.63280218484, 23457.069518041662, 23695.13304550183];2016-10-16 12:00:00;2017-01-08 12:00:00
75;13;ADE;4.831471634452323;8.333333333333334;1.2425739537025566;1882.5014529381028;1.2424675025160086;1236.4152600676746;[440.0, 440.0, 440.0, 440.0, 440.0, 440.0, 440.0, 440.0, 240.0, 240.0, 240.0, 240.0, 240.0];[461.43520928230794, 487.97981463630725, 488.15306404142433, 342.57477384719465, 138.3113839874341, 52.918819001830094, 139.74104818764278, -554.2330761188069, -1304.4754043957537, -1074.2849202727339, -3124.8333789090775, -3468.4722348131418, -3703.077303434318];2014-08-17 12:00:00;2014-11-09 12:00:00
76;13;ADE;0.314902864156993;75.0;0.376521138654676;1467.8685164590806;0.3765161402707148;1423.4454381364155;[3977.66, 4541.82, 5291.64, 4690.9, 4198.24, 4610.46, 4725.98, 4681.88, 3926.7, 3826.87, 4457.07, 4650.71, 4440.09];[3231.555874307249, 3232.1219904991103, 3270.241086863459, 3152.884826773805, 3092.4075516689663, 2967.722316258353, 2924.509700425244, 2810.7552638643833, 2759.3533854500797, 2907.466077604255, 3023.694883058779, 3105.295476409293, 3037.2208710436203];2016-10-16 12:00:00;2017-01-08 12:00:00
77;13;ADE;0.2113514436927468;58.333333333333336;0.23959205850595966;1027.726070612974;0.2395890301329217;950.3323397034021;[3923.9, 4525.96, 5268.49, 4149.73, 4106.37, 4300.7, 4930.68, 4726.57, 3929.57, 4190.49, 4428.39, 4249.56, 4221.58];[3523.490808690829, 3570.7091776991233, 3490.4329222597994, 3413.362215006416, 3383.8585477849474, 3317.135113871827, 3343.0630838191078, 3313.058540705547, 3407.1725576279237, 3357.400382967908, 3493.3857642497373, 3494.452975161375, 3490.1474940112307];2016-10-16 12:00:00;2017-01-08 12:00:00
78;13;ADE;0.10636391576921359;50.0;0.09847681497542266;212.903846533468;0.09847403138738588;174.2912764625932;[1560.0, 1720.0, 1770.0, 1820.0, 1860.0, 1930.0, 1790.0, 1660.0, 1620.0, 1600.0, 1590.0, 1640.0, 1670.0];[1785.5958398814983, 1819.8121773754, 1801.7218874473983, 1876.4104175489479, 1878.4845386092268, 1888.1761703467878, 1852.6596005504648, 1902.0229070282496, 1903.9898691412789, 1933.0935473615182, 1942.0532104302692, 1969.2786191273672, 1858.8401498588798];2016-10-16 12:00:00;2017-01-08 12:00:00
79;13;ADE;0.18368815724640117;41.666666666666664;0.16394413410650754;348.1500065451496;0.1639397496185269;306.60276757174273;[1720.0, 1760.0, 1810.0, 1840.0, 1950.0, 1820.0, 1670.0, 1620.0, 1600.0, 1580.0, 1640.0, 1660.0, 1760.0];[1911.74205346302, 1902.336327342795, 1975.3072475898541, 1987.0305707091306, 2006.8356443060118, 1979.0513227178976, 2030.9073110212366, 2050.5513466653274, 2087.3550183672837, 2117.6152596148636, 2156.2639452044687, 2154.910738640261, 2055.929192790505];2016-10-16 12:00:00;2017-01-08 12:00:00
80;13;ADE;0.03882215710365238;50.0;0.039856015085881845;1124.9666835971188;0.03985593248375203;961.7869232682816;[23057.9, 24044.6, 23942.2, 23970.5, 23519.0, 23811.9, 24756.7, 24982.2, 24388.4, 24379.1, 25518.2, 24728.0, 25659.7];[23275.16223569615, 23302.683148640444, 23189.082368563802, 23283.36898334934, 23422.751163098368, 23394.06289314402, 23381.227720995394, 23408.88756274896, 23606.91556432343, 23596.321951475515, 23522.156757437515, 23582.2172757906, 23724.8568436411];2016-10-16 12:00:00;2017-01-08 12:00:00
81;13;ADE;0.012721545558271232;66.66666666666667;0.012805629753255329;57.14558189054694;0.012805483956552436;56.23668917242657;[4417.421, 4434.675, 4430.035, 4412.757, 4414.728, 4419.787, 4422.151, 4410.932, 4409.458, 4417.371, 4423.566, 4427.224, 4414.39];[4353.005477422506, 4359.703335870731, 4356.753669560439, 4355.457358356515, 4362.811772078426, 4366.713019208723, 4361.617990399463, 4360.388521777047, 4363.371353686895, 4367.619966529042, 4370.086072541613, 4368.0116763997785, 4377.877826927273];2016-10-16 12:00:00;2017-01-08 12:00:00
82;13;ADE;0.02471732528589216;50.0;0.025081691142061106;161.2361547045974;0.025081479198582415;148.410434704503;[6001.5, 5974.5, 5931.6, 6028.6, 6053.0, 6064.0, 6017.2, 5972.1, 5997.6, 5991.1, 5939.8, 5939.5, 5940.6];[5891.672856737084, 5852.718087311252, 5840.343825517768, 5822.12315698298, 5811.999936692179, 5820.378069637664, 5822.366558172934, 5821.565506377159, 5811.873846329779, 5830.801414008092, 5837.722355689024, 5833.738475566174, 5956.7397401806265];2016-10-16 12:00:00;2017-01-08 12:00:00
83;13;ADE;0.0363996407341502;50.0;0.03713944487458943;228.2972038887172;0.037139128587555;218.05633419495146;[6016.7, 5923.8, 5945.0, 6050.1, 6069.5, 6022.3, 5944.7, 5985.6, 5996.0, 5978.0, 5937.4, 5937.5, 5944.0];[5828.861243117946, 5819.718881079628, 5794.421645800157, 5779.011440905987, 5753.843003241572, 5745.010859473975, 5732.267432553451, 5731.67158531036, 5711.215692395768, 5722.093269694294, 5716.410078204902, 5721.596313837995, 5859.746209849597];2016-10-16 12:00:00;2017-01-08 12:00:00
84;13;ADE;0.0530633229223979;83.33333333333333;0.05453117325696374;940.2957224096023;0.054531013812721595;932.5498313192628;[17289.0, 17312.0, 17335.0, 17364.0, 17429.0, 17501.0, 17567.0, 17632.0, 17683.0, 17718.0, 17753.0, 17791.0, 17808.0];[16549.216916071742, 16540.24007679188, 16527.965999262648, 16549.077326018392, 16586.70941252008, 16598.72449881183, 16610.691260220476, 16638.600129446764, 16651.916249436483, 16679.14489049669, 16698.34168348783, 16708.490238074293, 16719.733512210478];2016-10-16 12:00:00;2017-01-08 12:00:00
85;13;ADE;0.0448490420644468;83.33333333333333;0.04589567090235572;796.4254280032899;0.04589553739026372;788.8872876809866;[17297.0, 17320.0, 17344.0, 17385.0, 17454.0, 17522.0, 17601.0, 17661.0, 17696.0, 17731.0, 17766.0, 17801.0, 17791.0];[16656.47374040671, 16648.247012693377, 16682.726558267943, 16730.975526470727, 16769.39894685003, 16774.087685379687, 16778.914028830182, 16799.360361106246, 16825.690225169044, 16829.344880726916, 16849.905122578373, 16874.301465498993, 16894.039706168947];2016-10-16 12:00:00;2017-01-08 12:00:00
86;13;ADE;0.004495436149528226;58.333333333333336;0.004497407981899109;5.29060647512705;0.004497202591125701;4.923742192968698;[1094.56, 1094.52, 1092.83, 1091.55, 1098.78, 1099.02, 1096.83, 1093.89, 1089.57, 1099.3, 1098.45, 1095.05, 1088.79];[1100.9606343223095, 1099.3163452392696, 1097.917426341162, 1097.1658954540994, 1094.6816963203134, 1095.7187986204447, 1094.058379005058, 1091.8367905681384, 1093.4245913530774, 1090.886473262901, 1089.6195589032952, 1090.0751123981224, 1092.6005648769483];2016-10-09 12:00:00;2017-01-01 12:00:00
87;13;ADE;0.018857312721544093;50.0;0.01904565391090013;233.7243167174303;0.019045574404105793;228.11896226859943;[12154.01, 12042.04, 12027.43, 11998.81, 12089.79, 12025.85, 12079.76, 12053.18, 12179.34, 12133.8, 12093.14, 12163.75, 12117.78];[11792.018718040788, 11798.451230585348, 11792.926591906133, 11831.197724119234, 11856.017543180205, 11851.358283429576, 11867.663744608464, 11873.834682305234, 11902.960540495817, 11892.594607081786, 11906.381184335602, 11904.958835519023, 11922.769804901];2016-10-09 12:00:00;2017-01-01 12:00:00
88;13;ADE;0.23991414225604962;75.0;0.2132936698778266;271.97867200010796;0.21328516725691035;267.58373824810366;[1185.62, 1180.63, 1201.97, 1132.26, 1087.99, 1095.31, 1151.72, 1115.15, 1107.33, 1089.42, 1084.26, 1103.96, 1071.63];[1346.1346696869978, 1382.9892239850979, 1409.5772173680434, 1379.4204864575463, 1371.3705323829117, 1392.1326752517368, 1408.8078579282317, 1399.395273859453, 1385.0205127965378, 1392.0739177817977, 1409.955795871224, 1414.6490433867862, 1394.3113904689828];2016-10-09 12:00:00;2017-01-01 12:00:00
89;13;ADE;0.022640326749621784;83.33333333333333;0.022960240939531203;46.78138422585064;0.02295961509880991;42.119058100832454;[1828.128, 1861.782, 1872.236, 1854.954, 1852.089, 1854.091, 1868.669, 1893.618, 1859.457, 1860.784, 1871.368, 1829.142, 1818.838];[1775.3906604174085, 1815.286399050028, 1821.7029362063079, 1806.4902601709612, 1800.0969153919764, 1806.670230452021, 1817.7906942835696, 1813.2607854675528, 1805.2611625275674, 1837.086642468023, 1863.200519632011, 1796.8663470589242, 1819.171308437173];2016-10-09 12:00:00;2017-01-01 12:00:00
90;13;ADE;0.02257725593884198;50.0;0.022881369667198177;491.31151815550396;0.022881310898048624;445.47377605417904;[19466.9, 19798.45, 19924.33, 19681.8, 19608.88, 19636.22, 19838.41, 20051.33, 19701.9, 19697.26, 19797.94, 19395.38, 19260.01];[18782.526656217386, 19294.798967558727, 19331.05825628266, 19117.584742634717, 19222.140940150235, 19125.668675601657, 19275.195696709157, 19242.55627547772, 19244.35014695936, 19576.658958958957, 19995.45056312061, 19092.69252031296, 19358.030362447247];2016-10-09 12:00:00;2017-01-01 12:00:00
91;13;ADE;0.06056500083758522;50.0;0.05827929359814944;1498.8423755890526;0.058279165821305115;1329.3838743180688;[21837.03, 22832.08, 22198.61, 22399.36, 22658.55, 22969.77, 22908.66, 22311.88, 21853.35, 22670.54, 22686.31, 21102.33, 21032.34];[22954.106723369503, 23504.479323992833, 23392.39148754902, 23355.680553570135, 23405.810314842212, 23452.217116350803, 23754.069203811894, 23796.67658419837, 23939.575471372547, 24049.088235548094, 23668.032957274387, 23740.64905663083, 23730.023337624272];2016-10-09 12:00:00;2017-01-01 12:00:00
92;13;ADE;0.02668592216876853;75.0;0.027049862635342665;46.90900548836118;0.027049079435101545;46.710948905784754;[1748.563, 1753.833, 1740.646, 1741.955, 1753.649, 1760.835, 1747.62, 1745.674, 1751.342, 1758.483, 1747.428, 1749.617, 1753.035];[1713.8742564414786, 1705.0326091471525, 1694.4247008597713, 1695.3502019760977, 1706.466701839927, 1706.098176975523, 1699.5601619700312, 1696.979511169434, 1705.5846212158228, 1710.5886265258882, 1704.6374808389, 1701.014431723834, 1705.8261835409378];2016-10-09 12:00:00;2017-01-01 12:00:00
93;13;ADE;0.05598178744124722;16.666666666666668;0.05745529419206556;135.5029049257598;0.05745384333879363;113.84735442638862;[1802.54, 1986.53, 1931.14, 1831.39, 1948.19, 1948.12, 2000.27, 2077.83, 2068.5, 2093.54, 2174.32, 2052.07, 2108.0];[1956.933989029858, 1945.8102609174844, 1941.8132570598705, 1930.6610066430023, 1927.2294906053494, 1928.200448349255, 1922.045017907152, 1917.521772655304, 1923.6743405656991, 1922.3465862080388, 1914.5322501568326, 1921.251642087207, 1919.0808357373562];2014-10-12 12:00:00;2015-01-04 12:00:00
94;13;ADE;0.06216668799427179;41.666666666666664;0.06462534118814428;137.84132208384776;0.0646235238257735;114.98309518866691;[1621.22, 1764.77, 1679.71, 1638.8, 1728.67, 1733.06, 1799.69, 1857.32, 1899.37, 1907.46, 1936.32, 1863.71, 1912.86];[1712.4790040375128, 1711.449923756858, 1694.459254525966, 1702.49939614733, 1711.3460843998002, 1711.48674442687, 1707.8849023867913, 1707.4937565533173, 1710.1251487386376, 1700.3281987294745, 1698.0007610743226, 1706.0080245759145, 1714.0338726161526];2014-10-12 12:00:00;2015-01-04 12:00:00
95;13;ADE;0.015740128286949158;75.0;0.01587215937883242;185.46771931143212;0.01587208945868693;180.156323385693;[11355.272, 11385.864, 11303.634, 11309.627, 11397.101, 11427.142, 11459.31, 11388.745, 11451.752, 11478.884, 11545.812, 11497.115, 11568.007];[11203.90368116078, 11227.326771781625, 11192.210959817125, 11166.821081359658, 11248.986848104207, 11246.202502239124, 11267.13890175014, 11227.384825816787, 11275.709794852517, 11299.175145589927, 11318.013936468316, 11276.938087955456, 11276.42025909033];2016-10-09 12:00:00;2017-01-01 12:00:00
96;13;ADE;0.18371004295892931;83.33333333333333;0.1673467551161438;89.83420271351471;0.16733068846865382;87.2514508577861;[447.83, 454.85, 482.02, 472.14, 455.09, 481.15, 524.38, 519.49, 485.51, 467.8, 486.97, 483.66, 457.56];[510.69896331141746, 570.5347003755311, 583.2348781828539, 556.133535478861, 535.0829190527879, 554.6322117834816, 583.0095574999173, 576.6559786842963, 553.4227787602783, 569.0049502926366, 587.7436734303375, 597.9937288330746, 574.5709854657458];2016-10-09 12:00:00;2017-01-01 12:00:00
97;13;ADE;0.21111925510215748;75.0;0.1903246536717325;130.2957409174254;0.19031050619773074;128.12004531136407;[584.3, 590.59, 610.91, 597.94, 585.15, 610.26, 651.93, 646.63, 617.37, 598.04, 617.17, 615.46, 586.87];[677.9321848733773, 733.8524192591723, 755.2975328905792, 721.5373589094827, 699.7835516457757, 720.108563680638, 750.3967405750435, 752.4662235419235, 727.5426622572411, 742.7819481023296, 763.2578731689928, 779.1999382313294, 754.0235919118479];2016-10-09 12:00:00;2017-01-01 12:00:00
98;13;ADE;0.055860745415667205;66.66666666666667;0.05748055576503039;834.6868784979531;0.0574803569652118;831.0052401508402;[14837.74, 14751.79, 14883.29, 15009.8, 14963.45, 14930.14, 14847.66, 14828.55, 14864.72, 14893.35, 14811.6, 14898.23, 14855.39];[13894.16484525665, 13909.167388134405, 13940.363411790993, 14118.410607614705, 14086.951577332098, 14168.177758439895, 14140.730521308084, 14132.572111730266, 13994.765240626059, 14008.071777921512, 14046.839158843844, 14104.879958934429, 14027.547520106136];2016-10-09 12:00:00;2017-01-01 12:00:00
99;13;ADE;0.020513676274266077;66.66666666666667;0.02079295667088425;276.4182082004561;0.020792866843659216;240.66556898546318;[11474.49, 11875.5, 11517.02, 11305.8, 11423.14, 11647.5, 11632.38, 11729.89, 11679.04, 11740.51, 11934.32, 11741.1, 11634.37];[11334.124542199646, 11411.757106693729, 11366.472277949491, 11324.132963005275, 11386.303081244776, 11385.304121653731, 11397.1332470753, 11403.161454966032, 11401.052408052105, 11501.445097360049, 11444.470199258576, 11426.50916556181, 11461.207864179009];2016-10-09 12:00:00;2017-01-01 12:00:00
100;13;ADE;0.011512339651646063;91.66666666666667;0.011588577928230452;122.94499021449651;0.011588519409239276;114.74873069348024;[9871.498, 9910.685, 9815.305, 9808.647, 9900.756, 9934.128, 9974.544, 9905.89, 9965.28, 9989.549, 10064.652, 10007.292, 10082.468];[9803.807103443169, 9793.845158640122, 9743.782645371155, 9742.042722490085, 9831.811975143526, 9842.530110048696, 9844.11272773282, 9793.643694989518, 9834.510405673647, 9898.395185395326, 9898.968207221673, 9846.12968356927, 9865.380881265752];2016-10-09 12:00:00;2017-01-01 12:00:00
101;13;ADE;0.010229895318116996;50.0;0.01019540870962976;185.77311081186838;0.010195376539438127;161.5603492902445;[16004.79, 15859.41, 15729.3, 15616.87, 15749.81, 15642.21, 15716.89, 15789.79, 15961.13, 15986.34, 15871.65, 15813.95, 15743.94];[15715.55423336941, 15688.102386179497, 15717.209173990204, 15783.217920558927, 15894.322957376738, 15856.241983050119, 15882.077098426775, 15980.177816092008, 16035.889888084295, 15990.547807733661, 15992.396985811793, 16026.223035881187, 16079.134841296787];2016-10-09 12:00:00;2017-01-01 12:00:00
102;13;ADE;0.028986726663997056;50.0;0.02912400474324709;135.4805309308188;0.029123651628769644;120.14969937289915;[4153.94, 4375.42, 4063.47, 3975.35, 4202.22, 4212.67, 4171.08, 4025.43, 4260.1, 4159.33, 4272.43, 3968.74, 3905.78];[4064.7673480140184, 4135.457525151003, 4090.6424497661797, 4128.373425832365, 4124.214080274142, 4124.093596672432, 4053.577027228847, 4054.967139748763, 4074.082367609046, 4091.934673658325, 4116.436859354613, 4098.007853918546, 4106.098700544261];2016-10-09 12:00:00;2017-01-01 12:00:00
103;13;ADE;0.027456349935732996;75.0;0.026945084997218687;31.7848516183461;0.026943746338388634;27.118261322547166;[1026.84, 1019.01, 1009.31, 1003.54, 1007.61, 1004.8, 998.68, 991.28, 991.98, 988.73, 979.2, 976.82, 968.28];[1030.3562345093123, 1019.50114388996, 1014.6751995574376, 1021.4557561423987, 1026.9059391144506, 1026.3252104111878, 1027.5657087802956, 1025.6061688754119, 1028.1759460322048, 1028.6750541479744, 1026.735052205573, 1025.0721805509322, 1017.567802975974];2016-10-09 12:00:00;2017-01-01 12:00:00
104;13;ADE;0.010549684136046898;8.333333333333334;0.010622340448881747;113.28292322139761;0.010622281747299806;96.10839179225471;[9135.8, 9155.8, 9123.07, 9168.48, 9097.38, 9109.48, 9061.98, 9058.14, 9033.5, 9064.66, 9038.48, 9025.31, 9001.11];[9001.843256117538, 8984.51323358552, 8990.374807706003, 8980.4331393737, 8991.308696596861, 8925.921749806606, 8964.564853147282, 8999.433813775197, 9088.607642665214, 9076.820585404985, 8980.894421885665, 9018.893606706446, 9047.512443929934];2016-10-09 12:00:00;2017-01-01 12:00:00
105;13;ADE;0.0033750781444420713;58.333333333333336;0.003380443629156036;8.743754778185309;0.003380365348400332;7.298848069784946;[2162.966, 2167.806, 2153.199, 2154.003, 2164.848, 2171.359, 2157.906, 2154.995, 2160.496, 2165.439, 2154.43, 2155.905, 2159.078];[2167.5687317111465, 2149.181028863855, 2149.9241097663094, 2159.398540650136, 2167.1422108338975, 2155.816120069845, 2151.0467844207346, 2157.039988017545, 2164.159277917175, 2156.097900413574, 2147.273979201944, 2149.6864409036216, 2168.9446394171873];2016-10-09 12:00:00;2017-01-01 12:00:00
106;13;ADE;0.024474292610911587;25.0;0.02479257878990154;610.0688364740005;0.024792527148397882;595.1384661729132;[24019.73, 23983.72, 24168.42, 24240.09, 24481.23, 24419.29, 24441.25, 24333.51, 24398.35, 24222.27, 24359.23, 24297.26, 24345.73];[23586.34202877035, 23657.33000868047, 23681.88797053573, 23744.82695424054, 23714.71227117651, 23666.00605168305, 23656.763589546314, 23744.014294549073, 23703.571029560608, 23708.640921929877, 23695.381045444483, 23709.589237315493, 23704.21453631963];2016-10-09 12:00:00;2017-01-01 12:00:00
107;13;ADE;0.005820618526318246;33.333333333333336;0.005843780830229592;118.71930098923835;0.005843762554131331;93.4277769743105;[15926.84, 16078.017, 15963.238, 15970.428, 16056.811, 16086.342, 16092.328, 16042.099, 16027.739, 16096.719, 16115.75, 15955.488, 15951.666];[15918.287347947375, 15854.405685563053, 15906.835353687255, 15970.522309828091, 15984.700784292741, 15979.783867357546, 15945.409682000802, 15947.600076858826, 16053.175453225389, 16088.46445413285, 15886.089580567892, 15829.445202733545, 16068.086372754442];2016-10-09 12:00:00;2017-01-01 12:00:00
108;13;ADE;0.008717178547133967;41.666666666666664;0.008770209364557092;148.1405413593315;0.008770178512725494;124.65584012431533;[14171.645, 14318.713, 14198.442, 14206.103, 14300.423, 14334.406, 14340.354, 14293.978, 14288.988, 14354.158, 14370.531, 14207.81, 14198.367];[14128.011895833644, 14055.769446548793, 14106.415558526642, 14166.63035679932, 14186.134952867069, 14197.497383013879, 14149.829322449781, 14150.87973223825, 14269.855054385702, 14274.440393172388, 14094.291260481385, 14033.894021381011, 14246.991299313966];2016-10-09 12:00:00;2017-01-01 12:00:00
109;13;ADE;0.023180486633010682;33.333333333333336;0.023525944345320245;196.27652572226472;0.02352578540244304;174.11112928539765;[7331.84, 7307.69, 7396.85, 7438.91, 7519.81, 7592.29, 7571.98, 7464.36, 7484.2, 7484.94, 7528.27, 7483.09, 7522.26];[7290.034393646391, 7303.562756699399, 7312.810337129079, 7293.536153051133, 7270.557639995277, 7262.911901344661, 7271.118718270377, 7275.538257544568, 7260.9140830877905, 7304.8517208009725, 7318.117104207342, 7348.932705700385, 7350.1595478124555];2016-10-09 12:00:00;2017-01-01 12:00:00
110;13;ADE;0.004044113708966448;50.0;0.00404782927713845;4.983019261444802;0.00404764194159375;4.372956958617194;[1080.57, 1080.53, 1078.63, 1077.26, 1084.46, 1084.89, 1082.71, 1079.78, 1076.06, 1085.53, 1084.67, 1081.1, 1074.27];[1084.3754075225772, 1083.6622458946488, 1082.2764001553708, 1081.8682612580255, 1079.9769553607753, 1082.2394129568488, 1081.2886338722296, 1078.9271112462884, 1080.7022233228906, 1075.4982261091022, 1076.3849875676037, 1076.7081763061715, 1079.16740572753];2016-10-09 12:00:00;2017-01-01 12:00:00
111;13;ADE;0.011846387423276901;58.333333333333336;0.011928991779637521;122.84559425940388;0.011928929106974033;113.52929057644248;[9609.45, 9520.42, 9512.01, 9471.4, 9562.31, 9488.15, 9556.86, 9534.86, 9647.41, 9594.13, 9576.58, 9662.18, 9644.83];[9378.863219143199, 9388.25282013984, 9396.61656549064, 9417.712128002744, 9454.861585058721, 9436.039382861527, 9470.44486522666, 9455.404313981087, 9495.008760405064, 9480.308434530063, 9506.579022381704, 9507.72901937534, 9516.889105909659];2016-10-09 12:00:00;2017-01-01 12:00:00
112;13;ADE;0.08124597185333614;58.333333333333336;0.0774778319580668;63.782338075833216;0.07747271790544269;58.71286520693892;[754.7, 766.1, 766.27, 714.66, 682.99, 700.3, 763.74, 747.68, 742.31, 717.41, 712.44, 734.81, 726.45];[777.5095208803224, 810.1684165584577, 809.4284216050324, 783.6171858596248, 776.7160713748768, 781.1013350369755, 782.7799337269126, 781.1465638077896, 785.4493832853817, 795.8633995935326, 808.8041817861807, 806.5214523236889, 794.0213818514302];2016-10-09 12:00:00;2017-01-01 12:00:00
113;13;ADE;0.022480619647316312;50.0;0.022600482848655158;261.45135793963397;0.022600372195526207;230.82879134479384;[10463.22, 10370.99, 10322.48, 10331.1, 10275.58, 10318.71, 10216.97, 10282.47, 10238.62, 10071.88, 10200.06, 10227.22, 10233.33];[10291.858054096798, 10186.071625859257, 10194.624247308611, 9939.706292580742, 9863.922014501853, 9916.659028788301, 10069.043896068635, 10229.143502788302, 10105.516479227625, 10362.644517013745, 10583.406582775739, 10426.551789737416, 10337.066539175545];2016-10-09 12:00:00;2017-01-01 12:00:00
114;13;ADE;0.028074746505218445;75.0;0.028441177454628878;343.75303813257204;0.028441046655941382;309.2590504419452;[11217.92, 11137.09, 11088.75, 11045.76, 10958.57, 11019.01, 10980.71, 11030.15, 10980.93, 10789.29, 10912.5, 10962.03, 10959.78];[10872.55318860912, 10829.078182475196, 10824.508407939607, 10488.047894482474, 10422.800568735298, 10514.504646608279, 10669.904247253064, 10815.621086473793, 10742.996592102914, 11004.133873925948, 11284.075041360056, 11084.758162482998, 10992.125392656031];2016-10-09 12:00:00;2017-01-01 12:00:00
115;13;ADE;0.038131741379394554;75.0;0.0371190459916905;650.846989027502;0.037118918760204275;541.5978330765873;[14539.1, 14894.1, 13984.77, 13907.03, 14293.59, 14685.26, 15017.67, 14100.07, 14408.13, 14676.51, 15205.38, 13875.72, 14094.91];[14565.758345277383, 14672.247537794174, 14731.073059398253, 14542.143903990118, 14875.610478511559, 14929.431170655898, 15186.879102382856, 14793.057867528092, 15122.712168259714, 15375.624482582414, 15154.73350706055, 15142.31824068416, 15086.424055579912];2016-10-09 12:00:00;2017-01-01 12:00:00
116;13;ADE;0.022475071993015353;66.66666666666667;0.02293209739768578;219.96866819070047;0.022931937066857446;164.01561344058427;[7037.56, 7043.25, 7026.12, 7062.94, 7075.16, 7057.07, 7064.06, 7097.6, 7249.93, 7267.89, 7328.08, 7388.03, 7480.86];[7018.250173210855, 7005.228484245289, 6992.1054203667645, 7012.124862569151, 7013.922150348947, 6997.825156916633, 6980.482818177721, 6996.441324192104, 7004.508948387629, 7001.083128781886, 6995.610103676547, 7013.386243023002, 7015.378211375875];2016-10-09 12:00:00;2017-01-01 12:00:00
117;13;ADE;0.024732726451740763;75.0;0.025045997111198294;43.524547914019905;0.025045272342358045;43.275160953672184;[1747.852, 1753.13, 1739.954, 1741.265, 1752.962, 1760.145, 1746.934, 1744.992, 1750.66, 1757.801, 1746.75, 1748.939, 1752.358];[1716.0583168288713, 1704.9851727585526, 1696.927140017069, 1700.818493401058, 1712.2790710948007, 1708.5600360349329, 1699.3064167190153, 1698.938011669884, 1709.3913854842358, 1713.8546465832076, 1705.3163807335166, 1703.7188901608538, 1711.0109461162644];2016-10-09 12:00:00;2017-01-01 12:00:00
118;13;ADE;0.09411701379426247;66.66666666666667;0.09959372426419592;131.09798264978838;0.09958941333636094;115.15377406177761;[1029.75, 1180.41, 1140.58, 1060.38, 1154.44, 1152.64, 1175.8, 1244.19, 1225.38, 1262.37, 1332.13, 1221.9, 1270.41];[1099.3870833662832, 1102.2725026771025, 1095.1694528457792, 1086.412104335985, 1085.1787763561458, 1082.7814659891294, 1085.6716967826217, 1087.393416210304, 1086.4670096162856, 1080.888275256519, 1083.2868761080833, 1085.02666733063, 1084.7839857265592];2014-10-12 12:00:00;2015-01-04 12:00:00
119;13;ADE;0.08889370299553326;66.66666666666667;0.09405347483340233;114.7779036797404;0.0940487143392159;93.04411769031525;[855.09, 989.28, 916.28, 889.25, 943.99, 943.1, 996.81, 1044.71, 1069.8, 1090.56, 1126.05, 1064.67, 1106.98];[944.2791543562402, 947.1982548318774, 939.8816992363277, 928.0253184424816, 941.4507317194101, 940.3454649743793, 937.0730161055388, 934.0056460031237, 923.9966102900653, 927.001397275408, 925.1982206047281, 920.2198968606222, 921.4534033957983];2014-10-12 12:00:00;2015-01-04 12:00:00
120;13;ADE;0.016521139175970638;91.66666666666667;0.016670556725255876;181.92541672130343;0.016670477026354682;174.3523207093223;[10465.971, 10496.016, 10403.031, 10399.53, 10497.08, 10528.68, 10569.283, 10488.464, 10554.103, 10585.971, 10651.968, 10589.396, 10672.134];[10318.313113200327, 10344.663703893677, 10308.38278020657, 10287.34992047304, 10357.688849937738, 10350.19297071728, 10374.028708884953, 10343.925219888353, 10390.12297073112, 10398.968068255677, 10411.60014274422, 10373.147886416951, 10376.662495428904];2016-10-09 12:00:00;2017-01-01 12:00:00
121;13;ADE;0.10907813210845695;58.333333333333336;0.10065522348004864;45.94047199982865;0.10064166654292661;37.40976042923036;[329.99, 321.94, 332.45, 333.74, 338.72, 353.4, 396.27, 383.57, 366.9, 359.23, 363.53, 378.46, 369.19];[360.9170673549633, 402.7321623300318, 423.5587798525833, 398.37264516202515, 369.8436472136346, 382.1059502339715, 395.1578221685725, 388.1609260119714, 379.6988038070135, 390.20407819569664, 416.7613142046012, 414.2570272671302, 389.72230611494456];2016-10-09 12:00:00;2017-01-01 12:00:00
122;13;ADE;0.1335525821162082;66.66666666666667;0.12309465078925746;67.5079250634697;0.12308205811501902;60.203685808538204;[440.2, 431.45, 435.3, 432.77, 440.92, 454.74, 497.32, 484.31, 473.21, 461.88, 466.64, 483.21, 471.99];[484.8397023000823, 535.8850493976724, 557.4998805766049, 526.8492303608555, 492.9802630215259, 509.16303746944317, 516.4257713296608, 507.058683828438, 502.9407440490071, 521.551077475473, 546.9005521539758, 542.6406406721527, 511.85328287610497];2016-10-09 12:00:00;2017-01-01 12:00:00
123;13;ADE;0.08453920877967303;33.333333333333336;0.08828567045516834;713.5160391974127;0.08828512310206915;712.0054506543152;[8434.6, 8404.06, 8370.62, 8440.35, 8445.77, 8485.14, 8424.83, 8351.47, 8365.51, 8411.94, 8472.83, 8434.49, 8421.44];[7751.506170118067, 7729.056304334392, 7732.845023436362, 7742.922831752926, 7726.503801811221, 7704.860199353381, 7687.261967000641, 7699.443535910584, 7696.7144776718815, 7689.04839933544, 7676.155433088954, 7685.921711919288, 7684.739285760769];2016-10-09 12:00:00;2017-01-01 12:00:00
124;13;ADE;0.02075730898757123;75.0;0.021020174334916264;253.87218666759495;0.021020078534812355;230.61974379394073;[10927.21, 11218.64, 10974.46, 10771.82, 10862.93, 11054.22, 11031.79, 11089.91, 11069.27, 11163.08, 11300.69, 11152.85, 11055.06];[10796.027152503751, 10845.662754005152, 10767.753372492414, 10702.37641488421, 10798.050880335844, 10839.384871054393, 10819.844375499582, 10813.46689974789, 10791.005737211815, 10920.062896613215, 10865.218767399017, 10820.690588220989, 10894.328620710496];2016-10-09 12:00:00;2017-01-01 12:00:00
125;13;ADE;0.013631282221902232;83.33333333333333;0.013735387912729628;139.91895622513158;0.0137353166699184;132.41094541325822;[9622.511, 9655.61, 9565.969, 9555.495, 9652.503, 9680.166, 9726.8, 9653.317, 9717.552, 9744.777, 9804.685, 9745.947, 9829.99];[9545.496972139123, 9522.56526016162, 9481.453759638294, 9484.705812116621, 9550.363922483304, 9568.544877113261, 9575.021709647024, 9537.454590939926, 9571.113118646894, 9610.166350241832, 9620.282749735507, 9573.832987451477, 9592.977599312759];2016-10-09 12:00:00;2017-01-01 12:00:00
126;13;ADE;0.012956929163432438;58.333333333333336;0.01305901627804819;180.9472385056121;0.013058956728599106;143.20844247465104;[11173.39, 10918.46, 10850.02, 10756.78, 10815.1, 10764.33, 10842.66, 10886.6, 10968.92, 11026.69, 11039.92, 11213.69, 11323.96];[10738.221859774574, 10754.955550540273, 10742.181676884926, 10873.10832469838, 10909.8507586439, 10887.337278948382, 10908.645805910715, 10896.194399062919, 11048.058698055955, 10957.581015882402, 10972.12244350311, 10951.172813546094, 11056.990153018403];2016-10-09 12:00:00;2017-01-01 12:00:00
127;13;ADE;0.026981566128149524;50.0;0.027287562409651314;116.15515833170628;0.027287187293493984;99.2769338708255;[3659.91, 3836.54, 3603.72, 3518.12, 3731.7, 3682.25, 3703.91, 3552.16, 3731.15, 3699.87, 3741.75, 3541.9, 3452.87];[3589.61534313569, 3582.7704745045367, 3573.078747935584, 3589.5863406487415, 3640.6736155342105, 3595.4259890659887, 3561.048202028867, 3604.7000972915544, 3651.2351736815926, 3623.097063735472, 3580.5426727236168, 3566.355070566343, 3601.6959141596517];2016-10-09 12:00:00;2017-01-01 12:00:00
128;13;ADE;0.0286555916184669;66.66666666666667;0.02809860817161017;32.6181247820548;0.02809718830813302;27.80294183836541;[1007.32, 1000.05, 990.76, 985.07, 988.6, 986.32, 981.23, 974.06, 974.39, 971.47, 961.91, 960.25, 951.77];[1008.3300554379464, 998.6056726699383, 996.6192797571534, 1003.8532817878094, 1009.1136229482446, 1009.4482504222483, 1010.6259985610129, 1008.5568217187977, 1012.5910859922501, 1011.1097327918271, 1010.0426298706242, 1010.8580540129727, 1001.9951032678019];2016-10-09 12:00:00;2017-01-01 12:00:00
129;13;ADE;0.01052099361686996;16.666666666666668;0.01060138482661208;103.64290997042498;0.010601319227728698;85.66383294342141;[8142.17, 8164.91, 8155.02, 8197.46, 8121.84, 8135.96, 8115.75, 8106.23, 8078.34, 8105.2, 8077.74, 8059.49, 8032.97];[8015.648118519358, 8013.301903686769, 8021.242920318547, 8005.9080952202185, 8025.484225269059, 7994.775146861629, 8021.474163502517, 8042.354802207479, 8102.8351097657805, 8092.692931701307, 8025.247171502234, 8052.157068834874, 8050.62126612269];2016-10-09 12:00:00;2017-01-01 12:00:00
130;13;ADE;0.002972705870418304;58.333333333333336;0.0029793600010539632;8.364406719921059;0.0029792909357893474;6.426109444251429;[2161.865, 2166.713, 2152.117, 2152.923, 2163.772, 2170.279, 2156.83, 2153.923, 2159.431, 2164.374, 2153.369, 2154.844, 2158.018];[2165.043503440211, 2147.6892127449346, 2148.457530340616, 2157.9070745014005, 2163.9999943036482, 2155.347437051656, 2149.171326325141, 2154.5952668879313, 2160.5577960260853, 2154.589540993752, 2145.767828286261, 2147.879443870485, 2161.7441072288366];2016-10-09 12:00:00;2017-01-01 12:00:00
131;13;ADE;0.026168720861732817;41.666666666666664;0.026531065035512582;616.0381564640514;0.02653100662126901;602.5110310960006;[22735.69, 22695.8, 22873.78, 22912.73, 23157.6, 23052.45, 23109.41, 23066.29, 23133.89, 22943.61, 23070.07, 23056.38, 23135.75];[22278.404091096756, 22344.710908545465, 22377.39039629307, 22438.195563253445, 22380.886273553468, 22343.339160140316, 22347.597621857316, 22462.262082354257, 22435.130021106394, 22428.97372864739, 22423.99851809772, 22444.26060860869, 22405.657622197705];2016-10-09 12:00:00;2017-01-01 12:00:00
132;13;ADE;0.012959972328278925;75.0;0.013049792891526083;186.3901222392067;0.013049745775151703;180.7216095545612;[13883.352, 13943.084, 13817.27, 13799.658, 13890.442, 13929.041, 13978.179, 13895.258, 13956.526, 13983.295, 14057.238, 13958.295, 14011.606];[13684.55175267244, 13699.506573457013, 13680.558924082525, 13690.91133174723, 13756.498097471791, 13771.60284571056, 13765.90937509729, 13745.376914633362, 13790.137698937411, 13817.021640098106, 13778.13233241794, 13772.042305948604, 13801.613283516434];2016-10-09 12:00:00;2017-01-01 12:00:00
133;13;ADE;0.014468883169424344;66.66666666666667;0.014582226407154711;183.1874107325376;0.014582166183581989;176.5456524049314;[12132.819, 12188.302, 12057.06, 12039.798, 12138.491, 12181.638, 12230.64, 12151.594, 12222.102, 12245.022, 12316.353, 12215.006, 12262.678];[11968.252389776564, 11964.293629682716, 11946.332067030786, 11951.96691037153, 12006.06650271466, 12016.559721155654, 12016.300360863206, 11993.898025364872, 12048.725316339473, 12072.341956781562, 12040.314839580207, 12025.24106161458, 12036.116737460081];2016-10-09 12:00:00;2017-01-01 12:00:00
134;13;ADE;0.023157890100509542;41.666666666666664;0.02349853987439813;164.64711225305803;0.02349835207204653;147.0165122043066;[6190.89, 6166.87, 6248.29, 6256.87, 6346.31, 6377.59, 6382.05, 6333.99, 6350.53, 6326.36, 6362.01, 6363.97, 6432.69];[6154.66448660372, 6158.603585587766, 6147.5274670647395, 6126.168205397075, 6114.575599815108, 6124.006875649851, 6134.824001478177, 6146.817672599223, 6162.802525026756, 6225.992629980365, 6236.883249490638, 6251.317676634849, 6243.021366015746];2016-10-09 12:00:00;2017-01-01 12:00:00
135;13;ADE;0.03546217042850216;50.0;0.03623568862202001;259.69417974788456;0.036235410324674464;235.92189546022627;[6432.1, 6492.9, 6523.6, 6596.4, 6759.9, 6701.7, 6745.7, 6721.2, 6644.0, 6667.8, 6661.7, 6458.5, 6508.5];[6262.90971708805, 6302.23984619364, 6355.535536304352, 6400.954932325589, 6393.928263655381, 6365.994384147371, 6340.460374402271, 6361.198324585299, 6391.304084348601, 6399.991126467812, 6410.102063093145, 6422.160632840391, 6440.236073565156];2016-10-09 12:00:00;2017-01-01 12:00:00
136;13;ADE;0.014046828487653922;66.66666666666667;0.014158816515688417;106.30848508008022;0.014158716321168004;100.04316962722406;[7126.057, 7071.44, 7078.15, 7037.05, 7071.02, 7029.9, 7096.12, 7087.92, 7166.37, 7130.38, 7131.41, 7203.06, 7162.08];[6973.146006107017, 6976.3422552733955, 6978.203432420961, 6993.660408338025, 6994.864924747294, 6987.962532514512, 7006.797583352115, 7007.263938541835, 7020.0161204529495, 7016.719111668951, 7034.366602669131, 7039.76604366091, 7061.286835098991];2016-10-09 12:00:00;2017-01-01 12:00:00
137;13;ADE;0.1507305987199414;58.333333333333336;0.13716413584332937;59.18528832894696;0.1371461974129232;52.50841722139706;[387.13, 396.14, 404.7, 363.68, 322.02, 328.5, 392.13, 382.78, 364.21, 339.84, 334.59, 363.64, 337.18];[399.84377964013987, 436.1828001215739, 437.00530865583715, 414.62512143255793, 410.0206959852064, 411.9178558966868, 405.1300303258487, 400.25887995603534, 410.0461454920653, 417.45620445466994, 425.79019191100997, 423.33310578904815, 407.53930421748225];2016-10-09 12:00:00;2017-01-01 12:00:00
138;13;ADE;0.029715680393778407;83.33333333333333;0.029442785589381182;262.6767680702481;0.029442594333582435;226.65723663011178;[7833.402, 7763.08, 7697.07, 7691.19, 7674.28, 7754.88, 7648.39, 7689.17, 7639.02, 7478.78, 7613.66, 7563.24, 7531.5];[7709.649125912966, 7631.849424873412, 7606.528483122513, 7436.317386780427, 7420.428900987488, 7488.758991893265, 7661.775308727718, 7882.886057732565, 7804.863244851149, 8000.473602909374, 8041.325477661345, 7881.580914809407, 7717.029783069969];2016-10-09 12:00:00;2017-01-01 12:00:00
139;13;ADE;0.040970664337248046;83.33333333333333;0.04078741942475777;374.15666626625824;0.04078716537198801;327.54288631313585;[8220.532, 8159.22, 8101.77, 8054.87, 7996.3, 8083.38, 8040.52, 8071.95, 8003.23, 7818.62, 7948.25, 7926.88, 7868.68];[7947.160848308309, 7915.054150232299, 7902.403868286277, 7603.69866403259, 7555.989626208415, 7694.09443145214, 7875.254249547957, 8177.23938734147, 8111.886607257782, 8485.209442288733, 8587.481738212564, 8333.225295017604, 8037.6888900206];2016-10-09 12:00:00;2017-01-01 12:00:00
140;13;ADE;0.046043238994120626;75.0;0.044813433071622555;547.6206080798787;0.044813227234046266;487.99012140472;[10971.829, 11241.17, 10370.0, 10322.61, 10592.83, 10873.84, 11160.36, 10316.67, 10680.77, 10809.59, 11455.11, 10315.26, 10644.41];[10851.062549669547, 10925.685733023305, 10943.12882006471, 10784.208053557186, 11032.422152063513, 11169.787433727644, 11419.394794144291, 11169.984187539376, 11327.333099661419, 11495.758284321579, 11309.295865785352, 11263.006607367159, 11243.123294292689];2016-10-09 12:00:00;2017-01-01 12:00:00
141;13;ADE;0.01430683755687628;58.333333333333336;0.014562146377918651;125.72273380100913;0.01456201385253274;80.00968432690493;[5388.424, 5388.93, 5368.95, 5390.96, 5401.97, 5389.98, 5392.11, 5412.92, 5525.45, 5540.92, 5580.59, 5622.11, 5684.54];[5378.713345463982, 5376.245829196467, 5371.7854270184935, 5390.3776618440725, 5390.312376280203, 5389.071001374679, 5383.970651730604, 5396.103202254125, 5397.99422309959, 5389.372593260146, 5386.83045141944, 5391.947447623001, 5410.674747222421];2016-10-09 12:00:00;2017-01-01 12:00:00
142;13;ADE;0.026708607143318464;75.0;0.027079694720867797;307.97366980567995;0.027079574050298646;303.8500258341091;[11374.106, 11419.08, 11304.46, 11312.03, 11412.35, 11481.37, 11381.15, 11365.37, 11386.84, 11445.25, 11290.92, 11301.3, 11310.58];[11114.439129323007, 11090.683571696272, 11037.825335731604, 11025.090114640785, 11065.605788586623, 11080.02745058119, 11042.465477616284, 11035.258856865134, 11064.744604715997, 11096.394748469702, 11071.148282943404, 11041.295583149047, 11069.776719837531];2016-10-09 12:00:00;2017-01-01 12:00:00
143;13;ADE;0.0934123095086133;50.0;0.09972574802146286;131.92948243412613;0.09972130423730723;112.02593564381648;[1005.48, 1152.75, 1113.19, 1035.17, 1124.86, 1122.3, 1147.56, 1215.37, 1191.06, 1226.87, 1298.58, 1187.11, 1237.65];[1009.5191319674192, 1016.2685731035514, 996.6907966965712, 1018.4995441527751, 1050.3912096793788, 1089.6210874166657, 1090.225866254501, 1072.1977471915998, 1077.1749936959138, 1063.5322554009226, 1072.2987304977166, 1043.3380294274316, 1009.933135080777];2014-10-12 12:00:00;2015-01-04 12:00:00
144;13;ADE;0.09576400733423449;50.0;0.10206009115400438;1174.5502921617542;0.1020595573596418;977.1360838058988;[8345.9, 9654.6, 8929.2, 8681.6, 9187.9, 9169.4, 9726.4, 10199.3, 10397.5, 10589.6, 10966.5, 10340.4, 10782.0];[9023.713712202338, 8949.16230545714, 8568.848235797263, 8804.75646095595, 8929.034786433225, 8975.801962108979, 8974.879571967407, 8979.304811406404, 9087.87817304579, 9016.791598972126, 9027.279847328833, 8919.24622131671, 8612.773569847728];2014-10-12 12:00:00;2015-01-04 12:00:00
145;13;ADE;0.01818445267503119;83.33333333333333;0.018365933206517613;129.99509325973554;0.018365797684888534;124.45102361693563;[6801.5412, 6826.213, 6737.471, 6733.834, 6810.25, 6824.878, 6855.421, 6783.048, 6832.483, 6856.145, 6914.958, 6859.368, 6934.528];[6685.734943871733, 6696.416439761201, 6657.165812131294, 6653.216744521368, 6707.780984463366, 6706.859282379393, 6722.5593975371485, 6693.50128089031, 6720.379092679779, 6739.59321578192, 6739.59820483701, 6716.346429754419, 6713.123064370895];2016-10-09 12:00:00;2017-01-01 12:00:00
146;13;ADE;0.3253459736012954;50.0;0.2786301574493745;38.26887601429111;0.27852744869161994;37.804245748304886;[120.66, 117.59, 111.32, 110.66, 110.46, 111.68, 120.32, 117.41, 125.32, 121.24, 112.52, 122.99, 118.27];[153.0329064793629, 156.59573741904845, 162.0905533822281, 151.93622133068294, 148.96624985835072, 149.22690391759986, 150.88540436583793, 156.14236254178473, 152.59674251998916, 155.4912133500971, 158.4746899635465, 162.10224536977896, 154.3539642296561];2016-10-09 12:00:00;2017-01-01 12:00:00
147;13;ADE;0.3777168861229029;41.666666666666664;0.31693162857558754;80.30051982118725;0.3168686815851531;79.80353413378316;[222.63, 218.63, 205.95, 201.16, 204.31, 204.6, 212.82, 209.47, 223.37, 215.24, 206.88, 219.05, 212.55];[290.0938246189084, 298.4493072521894, 305.0088542468343, 290.86162629340663, 283.2908352379921, 284.73886811128665, 285.86827258681365, 289.6228399563736, 287.09357909158126, 292.8818861739895, 295.15202785989015, 302.76469401024497, 288.2793282996705];2016-10-09 12:00:00;2017-01-01 12:00:00
148;13;ADE;0.07604137533762757;58.333333333333336;0.07908887183137374;334.6206643824987;0.07908793024123639;332.1565432119075;[4374.969, 4342.37, 4303.19, 4370.16, 4392.91, 4423.87, 4362.98, 4303.89, 4317.18, 4359.9, 4426.36, 4381.17, 4372.66];[4052.465011635288, 4042.276487503663, 4041.938447428402, 4044.46913356683, 4037.3864031091243, 4024.0012877027043, 4008.5160062898494, 4030.4288444848085, 4019.9375427438254, 4023.676874435443, 4027.5008020519526, 4033.526526658111, 4027.4505706351993];2016-10-09 12:00:00;2017-01-01 12:00:00
149;13;ADE;0.02946780283453983;75.0;0.02998630280093775;265.4875162579725;0.029986118712160944;244.24463277761376;[8104.576, 8397.21, 8157.4, 7991.08, 8073.41, 8245.39, 8235.18, 8301.8, 8245.5, 8365.11, 8466.19, 8322.25, 8219.59];[7967.7146607859995, 8001.391403814796, 7912.2064320931995, 7885.396478734538, 7997.998161396898, 7995.664491039315, 7963.812190799453, 8012.673704570701, 8009.916553609489, 8107.456912797447, 8028.071895100672, 7990.490514931284, 8076.712374217228];2016-10-09 12:00:00;2017-01-01 12:00:00
150;13;ADE;0.02091215891077938;83.33333333333333;0.02114847121979009;138.72657073017618;0.021148304272298083;133.95524403105986;[6364.0443, 6391.976, 6307.152, 6296.818, 6370.959, 6382.491, 6419.123, 6352.659, 6400.765, 6420.155, 6472.322, 6421.251, 6497.262];[6240.863277134183, 6250.23002719013, 6220.540612807985, 6212.641519648226, 6260.972679999291, 6253.610094351135, 6268.0160156686, 6250.180558449849, 6261.713525054095, 6290.454914757597, 6298.071134222356, 6276.30153678963, 6271.963231523145];2016-10-09 12:00:00;2017-01-01 12:00:00
151;13;ADE;0.02181791878818845;50.0;0.02217984579082075;230.27714951545806;0.022179714346413353;187.14863313685657;[8624.177, 8443.2, 8390.94, 8266.24, 8299.13, 8283.85, 8356.8, 8416.68, 8466.06, 8541.06, 8572.49, 8732.67, 8749.33];[8240.037284750824, 8243.048162300642, 8222.580978083897, 8291.69485679498, 8272.2793692752, 8251.760251431544, 8285.62792443802, 8282.55589264439, 8352.23412396324, 8315.613780952424, 8322.784479946462, 8315.902131022931, 8364.485247206268];2016-10-09 12:00:00;2017-01-01 12:00:00
152;13;ADE;0.027423111014989773;41.666666666666664;0.027666309394017312;101.98678971633571;0.027665841620398392;81.84357115280912;[2990.33, 3154.84, 2945.55, 2862.16, 3032.25, 2990.3, 3001.65, 2879.11, 3049.37, 2997.1, 3046.23, 2862.51, 2802.91];[2927.691949248695, 2905.243243263171, 2897.4898435311743, 2934.276888521531, 3008.130056381676, 2952.0822997434575, 2915.51175992019, 2966.4954737095586, 3016.8045667503256, 2963.998344160818, 2906.717341825861, 2909.7136551124845, 2946.219812468312];2016-10-09 12:00:00;2017-01-01 12:00:00
153;13;ADE;0.019195945726970774;58.333333333333336;0.018957059403617485;185.4339642118643;0.0189569465978134;159.29874605776953;[8643.9, 8597.8, 8504.5, 8468.7, 8454.0, 8415.0, 8361.8, 8296.2, 8313.1, 8300.7, 8219.2, 8228.2, 8136.1];[8549.233918781314, 8574.657180240256, 8548.625942305518, 8547.144449765137, 8504.082485871562, 8557.825854325918, 8508.254544763839, 8509.233222304194, 8496.11357785618, 8528.74893729251, 8478.785532357511, 8498.103754845974, 8473.656496084235];2016-10-09 12:00:00;2017-01-01 12:00:00
154;13;ADE;0.01261603805570791;33.333333333333336;0.01249392206973798;73.31367533628665;0.012493785124093142;56.993030788096384;[4568.001, 4591.74, 4592.62, 4636.82, 4562.67, 4572.28, 4557.9, 4538.75, 4523.75, 4521.02, 4499.58, 4485.14, 4473.5];[4564.107766577723, 4586.5356578485325, 4606.304468056742, 4587.528642311611, 4587.838594943028, 4572.84829056714, 4592.050257307099, 4605.968925381942, 4612.406878721491, 4608.521311112513, 4599.755122644043, 4609.87509907559, 4614.161519173533];2016-10-09 12:00:00;2017-01-01 12:00:00
155;13;ADE;0.011869531316257526;33.333333333333336;0.011792458579626715;74.78315734725372;0.011792349229474695;63.586964769150306;[5432.391, 5451.52, 5443.07, 5483.69, 5408.07, 5413.78, 5394.08, 5368.37, 5355.06, 5351.09, 5321.5, 5307.96, 5287.11];[5391.4069816324945, 5407.960367910285, 5428.431649783272, 5422.64878070574, 5426.246511886876, 5396.664357237967, 5419.346960959134, 5428.775733425692, 5456.589319850246, 5443.452280011771, 5426.631194727792, 5434.473750731268, 5407.015927675934];2016-10-09 12:00:00;2017-01-01 12:00:00
156;13;ADE;0.019423167487175676;75.0;0.019620597884847827;28.232009891634668;0.01961990367230254;27.726437735663502;[1431.923, 1435.919, 1422.959, 1423.154, 1432.548, 1438.745, 1428.38, 1425.897, 1427.808, 1431.297, 1415.852, 1416.006, 1416.477];[1411.6341661213307, 1406.9172784013715, 1393.83588287009, 1391.5535078846617, 1400.92678548783, 1404.1622033874178, 1396.682422165841, 1392.2643420165773, 1397.96459387495, 1403.123184318075, 1397.3999669793718, 1393.1343634999994, 1396.9226124288587];2016-10-09 12:00:00;2017-01-01 12:00:00
157;13;ADE;0.018280177542600043;50.0;0.018472599978411816;328.39741740497396;0.018472544443607113;307.2329484969122;[16585.796, 16545.69, 16718.18, 16774.2, 16973.97, 16859.12, 16888.19, 16801.33, 16854.51, 16677.41, 16792.37, 16756.94, 16839.65];[16332.95548885918, 16385.259255086596, 16391.911099380653, 16408.10716806283, 16399.691524973325, 16427.872469706726, 16467.78661899737, 16508.96538903281, 16515.3633700571, 16519.60523983087, 16537.798150782153, 16575.2356855454, 16602.77620922512];2016-10-09 12:00:00;2017-01-01 12:00:00
158;13;ADE;0.02291751773686648;50.0;0.02320526807423558;221.44138548234258;0.023205141516602835;212.74476674927973;[9265.8308, 9320.682, 9198.628, 9181.263, 9248.034, 9273.226, 9311.038, 9229.568, 9282.625, 9295.202, 9366.068, 9272.725, 9316.549];[9026.520437985308, 8986.783938843824, 8986.586590082057, 9035.142421916642, 9074.44695012758, 9089.283265428036, 9047.218923580633, 9078.941851897598, 9140.127095763652, 9148.556754896266, 9052.27193600416, 9056.142074502242, 9073.734591231369];2016-10-09 12:00:00;2017-01-01 12:00:00
159;13;ADE;0.018276126349348505;58.333333333333336;0.01846318466057501;155.72697805152208;0.018463069304664324;147.75753709728724;[8060.0957, 8112.114, 7987.147, 7969.756, 8043.952, 8072.951, 8110.896, 8034.681, 8093.054, 8099.825, 8169.184, 8075.646, 8114.811];[7887.557386571292, 7865.5500684886565, 7863.59519111327, 7892.831736862385, 7929.858739454614, 7938.837913494333, 7918.135093755066, 7926.42237875299, 7983.525668727183, 7995.885492729524, 7938.632614583267, 7932.640203497579, 7949.792229705105];2016-10-09 12:00:00;2017-01-01 12:00:00
160;13;ADE;0.015421273096393186;58.333333333333336;0.015552154154973944;197.36730705909193;0.015552090076707674;188.73175437755793;[12143.281, 12130.04, 12220.91, 12262.51, 12368.93, 12230.26, 12271.89, 12244.95, 12279.44, 12134.14, 12219.63, 12187.07, 12201.34];[11928.251069121703, 11991.596607142263, 12026.011165666361, 12039.82534168181, 12037.823901364847, 12039.66257042619, 12041.386386509468, 12067.177346934996, 12071.024713210736, 12054.65017426266, 12068.674981583892, 12052.706156644294, 12022.08777854253];2016-10-09 12:00:00;2017-01-01 12:00:00
161;13;ADE;0.03029892513235301;50.0;0.03087401123269026;154.13461661039858;0.030873667689844727;138.73666706414946;[4442.515, 4415.65, 4497.27, 4511.69, 4605.04, 4628.86, 4616.3, 4556.38, 4575.07, 4543.27, 4572.74, 4569.87, 4638.31];[4400.5938787943305, 4392.786874546868, 4398.672947624155, 4390.801130610537, 4368.786033118477, 4379.002452236084, 4393.01970407695, 4394.684943565313, 4405.563815979288, 4444.9092472678485, 4447.938964731727, 4468.09145755025, 4484.53687806423];2016-10-09 12:00:00;2017-01-01 12:00:00
162;13;ADE;0.008500440568777003;58.333333333333336;0.008554880936323424;40.043234018452274;0.008554768441346056;32.52830809665053;[3806.6, 3812.9, 3801.8, 3787.0, 3826.0, 3831.2, 3817.2, 3802.3, 3799.9, 3852.0, 3840.2, 3822.6, 3798.4];[3815.5246720132764, 3807.494757472524, 3792.473218348927, 3791.670604017646, 3771.6029052872173, 3784.1327416746312, 3779.1932198369095, 3776.566885274439, 3786.8885208052093, 3780.692631296557, 3772.9815733840524, 3767.154625155556, 3776.0461922384434];2016-10-09 12:00:00;2017-01-01 12:00:00
163;13;ADE;0.015550743687711126;75.0;0.015714231296074615;444.32053187896344;0.01571419910649506;383.580788500084;[24833.93, 24489.8, 24338.6, 24343.5, 24912.9, 24582.5, 24607.4, 24469.4, 24810.4, 24637.5, 24451.7, 24591.2, 24827.5];[24016.38634297537, 24050.68213360005, 23903.35358768079, 23985.06156393561, 24070.93780725758, 24199.482169179886, 24265.392411931814, 24256.35790948302, 24394.809888350683, 24388.554445509715, 24442.60144187738, 24445.314876230976, 24490.84517148604];2016-10-09 12:00:00;2017-01-01 12:00:00
164;13;ADE;0.0643842273272027;25.0;0.0620758726264892;252.19349748618035;0.06207505632817597;236.06138461318238;[3675.7, 3699.6, 3615.7, 3509.8, 3609.7, 3718.0, 3716.1, 3649.0, 3781.0, 3775.7, 3778.5, 3711.7, 3892.7];[3906.184602128076, 3894.758242445119, 3932.3395638592983, 3948.5935070586775, 3931.197754486407, 3930.43734360589, 3939.855835749119, 3944.793501029033, 3949.878417160738, 3939.854764581776, 3953.639138841672, 3968.1655585243943, 3962.29977050117];2016-10-09 12:00:00;2017-01-01 12:00:00
165;13;ADE;0.009675025692324072;58.333333333333336;0.009744268784771895;31.348505422074872;0.00974408217365839;25.444683154220492;[2629.818, 2607.91, 2625.41, 2639.91, 2601.3, 2563.83, 2568.58, 2593.3, 2599.6, 2593.1, 2586.4, 2663.98, 2701.83];[2620.6742215492236, 2613.583268204408, 2612.522310225041, 2594.433334346301, 2569.1509780743486, 2561.0149943530796, 2563.7923686010427, 2564.7755613780214, 2556.0432811874434, 2564.101886283555, 2597.9405337446024, 2603.0089222127435, 2657.573062733344];2016-10-09 12:00:00;2017-01-01 12:00:00
166;13;ADE;0.0662093062697864;50.0;0.06874201958953531;207.67013219082304;0.06874082159745167;197.28719181297797;[2997.388, 2977.87, 2986.98, 2990.89, 2962.27, 2935.63, 2940.19, 2958.2, 2977.7, 2970.67, 2964.25, 3035.15, 3091.1];[2915.8664502168344, 2889.430413656715, 2867.363701762868, 2792.354249663579, 2731.2311371004735, 2720.0605094211405, 2696.368806814139, 2687.9574243089896, 2691.874829263516, 2718.496260227604, 2790.261494215011, 2794.5891649516225, 2927.700064828793];2016-10-09 12:00:00;2017-01-01 12:00:00
167;13;ADE;0.02883584845813158;75.0;0.029013790684201034;123.71202549674469;0.029013396017528174;106.69605359683545;[3567.271, 3652.93, 3614.77, 3584.42, 3700.76, 3811.42, 3857.31, 3783.4, 3727.36, 3866.92, 3750.27, 3560.46, 3450.5];[3649.53701433139, 3647.9765157462466, 3590.5313945531116, 3538.879638192543, 3588.449965587042, 3643.0310097515926, 3676.4043643100003, 3649.935629987844, 3655.767609915516, 3684.3011715463854, 3685.3755433082147, 3666.3212536696624, 3660.5142716563046];2016-10-09 12:00:00;2017-01-01 12:00:00
168;13;ADE;0.0416956191395204;50.0;0.04293900723767895;85.69921651579845;0.042937727086116526;72.02590352420458;[1649.136, 1654.32, 1657.17, 1671.98, 1673.19, 1667.09, 1671.95, 1684.68, 1724.48, 1726.97, 1747.49, 1765.92, 1796.32];[1634.412216975068, 1628.030638724371, 1624.4563442896633, 1627.1483108547268, 1636.499551204639, 1622.8446580183952, 1621.4688586500808, 1627.1095326583143, 1625.801887663937, 1625.7642267471663, 1624.5223938068002, 1627.4699323462535, 1628.8307022459253];2016-10-09 12:00:00;2017-01-01 12:00:00
169;13;ADE;0.0375124042159793;41.666666666666664;0.03830979756682944;145.4415061445009;0.038309264257028824;137.60230665532617;[3593.378, 3600.1, 3605.11, 3626.18, 3631.12, 3625.32, 3631.86, 3645.91, 3674.92, 3680.2, 3698.89, 3719.0, 3754.53];[3507.669557823666, 3506.7518865741395, 3520.341966914247, 3519.291546225553, 3514.959286927915, 3506.858036281809, 3519.1946689904526, 3528.1877351156163, 3518.080082322903, 3514.09878907291, 3511.7076127482637, 3518.724349616488, 3511.822494866797];2016-10-09 12:00:00;2017-01-01 12:00:00
170;13;ADE;0.018016545015720517;50.0;0.018196634904462612;116.12781291996717;0.018196485214704086;110.60209054271155;[6104.414, 6112.22, 6095.08, 6100.62, 6117.27, 6120.08, 6088.19, 6084.55, 6119.76, 6132.76, 6176.58, 6188.09, 6213.0];[6019.624019096784, 6005.832256024891, 5996.88799144789, 6016.122132774951, 6028.4724991152125, 6016.987135190961, 6008.329811709793, 6009.241582784447, 6026.217976055457, 6025.530583818669, 6019.28074486771, 6015.440214821167, 6026.819875236818];2016-10-09 12:00:00;2017-01-01 12:00:00
171;13;ADE;0.02162128967007282;91.66666666666667;0.021873647026464417;82.95600044066015;0.021873348742798324;80.20208759774484;[3664.4298, 3669.803, 3665.56, 3665.696, 3686.83, 3703.802, 3713.862, 3705.416, 3721.62, 3729.826, 3737.01, 3730.028, 3737.606];[3613.8555577523716, 3623.622452691881, 3610.5654328516675, 3608.5223260766847, 3619.9820475253173, 3620.3451727046763, 3622.1838440887914, 3617.2789473178427, 3630.0851036309896, 3631.4579712286168, 3635.535621370236, 3625.3225277292604, 3630.1046562609818];2016-10-09 12:00:00;2017-01-01 12:00:00
172;13;ADE;0.072216178607402;50.0;0.0762202274451394;397.9924731076362;0.07621920443005743;284.7793945796514;[3696.3, 3536.5, 3504.4, 3481.7, 3684.6, 3749.7, 3684.8, 4354.7, 3618.1, 4381.4, 3985.8, 3381.9, 3209.2];[3497.3468682857256, 3464.4044033213827, 3494.163724695208, 3490.705478982102, 3470.3871327671864, 3487.8394595708796, 3544.9506092437564, 3514.065397899658, 3502.9651946874305, 3510.72639635407, 3475.2130790892866, 3476.7923173886516, 3573.1965990792987];2016-10-09 12:00:00;2017-01-01 12:00:00
173;13;ADE;0.00522330808623422;75.0;0.005209839215788146;17.609257069703816;0.005209746496767397;14.63687922932842;[2822.634, 2821.43, 2817.06, 2780.74, 2789.52, 2808.83, 2796.61, 2788.11, 2823.77, 2797.97, 2834.5, 2830.6, 2835.47];[2807.127597494902, 2820.5721286886233, 2814.3345858597277, 2807.4536788663813, 2811.1949371798987, 2815.710577360421, 2824.5464777710986, 2817.542337008821, 2821.615282580233, 2820.3554686472894, 2824.2500145194213, 2821.1594576272555, 2821.148980082478];2016-10-09 12:00:00;2017-01-01 12:00:00
174;13;ADE;0.02234664915251989;91.66666666666667;0.02261829585642738;76.66937335142234;0.022617949430794024;73.83890969002753;[3258.4667, 3263.634, 3258.817, 3258.677, 3281.544, 3297.675, 3307.677, 3300.658, 3316.787, 3324.622, 3332.363, 3324.696, 3332.728];[3216.6348644643704, 3222.431714732489, 3203.838135470273, 3205.4351028736037, 3222.3664040136296, 3224.975790040969, 3225.3358520221213, 3219.605032601185, 3230.6692812509114, 3232.884899086072, 3237.2488003799335, 3227.1207316557, 3229.8922654383837];2016-10-09 12:00:00;2017-01-01 12:00:00
175;13;ADE;0.020343176100598256;58.333333333333336;0.020126474405442036;57.91941359376399;0.02012607417930934;50.60654032256053;[2549.213, 2475.26, 2459.08, 2490.54, 2515.97, 2480.48, 2485.86, 2469.92, 2502.86, 2485.63, 2467.43, 2481.02, 2574.63];[2483.703448738474, 2495.3813606762515, 2496.2648478596293, 2517.569635311784, 2524.4021031560296, 2523.7417766230415, 2543.0450749553193, 2545.3205600204246, 2570.9091257809596, 2554.4345405747713, 2565.380721094877, 2564.144751272855, 2580.460975605818];2016-10-09 12:00:00;2017-01-01 12:00:00
176;13;ADE;0.02302966691329442;41.666666666666664;0.023260318130224035;178.85231778591057;0.023260146644092154;157.78896381786217;[6695.8, 6817.0, 6581.7, 6559.6, 6994.5, 6919.5, 7022.6, 6730.5, 6817.8, 7027.7, 6955.2, 6793.9, 6499.6];[6639.535604005055, 6702.388014991051, 6683.427080773138, 6684.179314975835, 6702.752389069118, 6796.4626679049425, 6776.697385966418, 6799.650605236112, 6782.278029775287, 6751.203970422385, 6690.532975914166, 6622.865565860455, 6676.116132556001];2016-10-09 12:00:00;2017-01-01 12:00:00
177;13;ADE;0.05350219183138546;66.66666666666667;0.05196085647106834;78.99992106626661;0.051959063197751995;75.28484347537918;[1429.3, 1402.7, 1403.1, 1382.0, 1432.0, 1448.2, 1450.5, 1444.4, 1430.8, 1414.0, 1399.9, 1374.3, 1381.6];[1502.098523673074, 1505.225070172875, 1467.244286100404, 1474.7558950677223, 1483.3952263005663, 1496.1661685524, 1500.455499357998, 1498.5285594419643, 1486.6096696302318, 1485.3119869841194, 1482.9176441877735, 1487.2798866201335, 1501.5145490906675];2016-10-09 12:00:00;2017-01-01 12:00:00
178;13;ADE;0.04018524798375911;58.333333333333336;0.04102506933712486;110.85815526534886;0.041024302594717815;109.75299995305929;[2709.779, 2713.39, 2711.95, 2713.77, 2713.77, 2722.18, 2721.67, 2737.86, 2723.28, 2754.11, 2756.24, 2751.53, 2745.86];[2616.9934745654623, 2618.5748233453874, 2617.666462686355, 2617.8600201060185, 2617.454269145318, 2617.146402276995, 2618.766382393839, 2620.2841952420226, 2620.1445850208033, 2619.6193828346195, 2621.874016273876, 2620.8632637110245, 2621.3527230085083];2016-10-09 12:00:00;2017-01-01 12:00:00
179;13;ADE;0.01840729449980536;58.333333333333336;0.018601688069074026;144.1619733057572;0.018601559993073755;135.08496136356078;[7299.42, 7307.94, 7291.58, 7297.69, 7312.24, 7315.34, 7284.5, 7280.26, 7316.23, 7330.77, 7375.17, 7388.38, 7415.41];[7203.892597540566, 7195.036732124534, 7183.0559497371305, 7198.2416660472645, 7217.420815994653, 7206.325867241501, 7191.871979613253, 7191.672451957679, 7168.28807849711, 7182.776613592841, 7177.621050271133, 7167.274527045148, 7175.3471726108955];2016-10-09 12:00:00;2017-01-01 12:00:00
180;13;ADE;0.05435975825632332;33.333333333333336;0.05588948241993451;488.6016255240835;0.055889161523880605;486.727258851527;[8859.673, 8863.5, 8867.55, 8852.3, 8897.4, 8915.51, 8942.89, 9002.82, 9002.66, 9020.31, 9033.94, 9050.97, 9041.96];[8467.950463466297, 8404.90719847419, 8364.875894852086, 8398.55725146748, 8437.450612014058, 8421.541003736236, 8436.18564891691, 8509.248194439542, 8518.862755129585, 8555.663563577891, 8483.414031864106, 8482.576680661501, 8542.795336330264];2016-10-09 12:00:00;2017-01-01 12:00:00
181;13;ADE;0.07365351665569603;25.0;0.07722358636565503;132.58882472189356;0.07722082837101227;108.13333950366199;[1375.3, 1376.8, 1377.8, 1382.1, 1392.3, 1392.1, 1472.6, 1476.2, 1488.5, 1487.9, 1491.4, 1494.2, 1492.8];[1504.1045488652455, 1406.3101203313352, 1387.87816968271, 1357.7636132997013, 1359.7428415384686, 1372.6232786353535, 1369.2991449128, 1362.9818014070245, 1349.4930404929742, 1334.8089852404773, 1294.8020486964217, 1275.9742563796606, 1255.2704147288032];2014-10-12 12:00:00;2015-01-04 12:00:00
182;13;ADE;0.06668637577483565;33.333333333333336;0.06900529916532824;417.0211095206601;0.06900472564357014;415.1494279975801;[6149.894, 6150.11, 6155.6, 6138.53, 6183.63, 6193.33, 6221.22, 6264.96, 6279.38, 6266.2, 6277.7, 6299.44, 6296.1];[5765.326953053029, 5752.58890428166, 5760.095662876041, 5794.498350815581, 5808.21353562277, 5787.881669642999, 5797.173296362159, 5848.345395819256, 5847.5313572259065, 5868.050303759711, 5823.454983924957, 5812.135402480822, 5813.855620166567];2016-10-09 12:00:00;2017-01-01 12:00:00
183;13;ADE;0.036321210314045387;33.333333333333336;0.03700399656682099;170.70327843941044;0.037003592078967855;169.26416670514362;[4617.5212, 4622.402, 4618.642, 4618.395, 4642.408, 4655.815, 4667.141, 4665.69, 4673.901, 4688.093, 4691.17, 4685.57, 4695.057];[4458.858743903564, 4481.215981018833, 4464.82001878936, 4495.67928438284, 4479.817386935863, 4501.1072361865345, 4483.683183951382, 4491.0755002580945, 4484.649588383748, 4507.418021487668, 4495.899017197212, 4507.084879100962, 4490.062191237072];2016-10-09 12:00:00;2017-01-01 12:00:00
184;13;ADE;0.030737976825051288;41.666666666666664;0.0312302831949269;128.20268815899763;0.031229897634913455;126.48382539315337;[4072.7233, 4076.188, 4069.913, 4070.042, 4094.539, 4108.687, 4119.744, 4116.913, 4129.048, 4145.197, 4147.169, 4139.36, 4147.867];[3962.603500988322, 3979.647723576002, 3959.294394439947, 3980.9415772571533, 3976.727044276543, 3991.965371754248, 3980.0987148061395, 3988.9617395523055, 3984.1506041538946, 4005.1500890563034, 3993.873798615008, 4002.7605058958698, 3986.925505517269];2016-10-09 12:00:00;2017-01-01 12:00:00
185;13;ADE;0.014759822238722088;50.0;0.014913989279042637;31.151931743789117;0.014913565633749622;26.25153558003133;[1748.375, 1751.22, 1751.02, 1745.18, 1741.27, 1748.73, 1765.75, 1777.61, 1775.46, 1783.09, 1789.27, 1794.1, 1794.38];[1735.3892706555093, 1736.3692028797034, 1736.0928799217825, 1737.804461484246, 1739.3652186253064, 1740.6468217311983, 1741.653668372567, 1741.6466916892714, 1741.9914418483859, 1743.3851358211666, 1743.3144827279775, 1743.6434540639436, 1742.8823076385347];2016-10-09 12:00:00;2017-01-01 12:00:00
186;13;ADE;0.06401206501582185;75.0;0.06620896802382145;61.17687400308147;0.06620532046709877;60.09641307791698;[942.8, 948.4, 944.3, 940.1, 945.4, 960.0, 936.4, 939.7, 939.3, 934.4, 920.4, 913.7, 937.7];[898.9017102192074, 902.3359155908353, 894.4096216354038, 890.1908785071311, 883.5834954691202, 884.9725624000766, 879.5206765885908, 871.496001123307, 870.5085929549291, 868.5579283891443, 864.3849422088034, 858.9671552982558, 853.5171496022743];2016-10-23 12:00:00;2017-01-15 12:00:00
187;13;ADE;0.020761201108227895;58.333333333333336;0.020487627396297517;51.835792476347216;0.020487166303871984;45.52023706176463;[2235.0, 2247.0, 2197.0, 2225.0, 2192.0, 2240.0, 2149.0, 2191.0, 2159.0, 2176.0, 2252.0, 2201.0, 2227.0];[2281.5425088044967, 2292.402096370644, 2260.6622044764003, 2255.2532793217224, 2256.9700734890766, 2261.2090785491077, 2244.762960332952, 2230.8248599052054, 2234.4247910348213, 2235.630909744906, 2235.9256530465254, 2228.8898986664935, 2221.8839258463604];2016-10-23 12:00:00;2017-01-15 12:00:00
188;13;ADE;0.1058560833042291;58.333333333333336;0.11258412038515732;250.1807648731272;0.11258139779436223;232.92882889686916;[2128.0, 2141.0, 2165.0, 2108.0, 2221.0, 2365.0, 2180.0, 2244.0, 2272.0, 2246.0, 2038.0, 1965.0, 2069.0];[1945.86287357124, 1951.2223627315434, 1934.3256778374155, 1949.8370659214258, 1948.272807269704, 1946.3415252644027, 1929.1054336709412, 1938.9511721264942, 1946.8644926557315, 1925.2939775338718, 1896.954250369825, 1898.3125612621213, 1902.5810241259842];2016-10-23 12:00:00;2017-01-15 12:00:00
189;13;ADE;0.028083360642020036;50.0;0.02789611512581014;14.69304949872821;0.027892921943095873;12.189976853333738;[456.6855011, 460.7204403, 453.8686316, 441.8651676, 445.577063, 453.0822772, 437.6623557, 439.8819108, 430.3451587, 426.0420738, 419.6364978, 411.3800853, 418.5663313];[438.1934813899687, 440.1634594108181, 441.63293528169265, 442.740855115307, 441.2352614524598, 442.9134231263823, 441.0828735576738, 439.456207707212, 438.9936176586431, 438.66869568190043, 438.9443749858989, 438.83294377222046, 438.4829528902285];2016-10-23 12:00:00;2017-01-15 12:00:00
190;13;ADE;0.10342816824876305;66.66666666666667;0.1098167807442417;815.0227844669265;0.10981598695339458;760.2126133456018;[6635.2293, 6711.3531, 6879.4553, 7031.4599, 7280.6471, 7287.6782, 7199.4766, 7075.0888, 7495.1075, 7853.2658, 7738.1914, 7432.3491, 7384.1148];[6381.476855114814, 6352.175156686059, 6353.454790272163, 6424.846355309492, 6444.028360998907, 6479.193146803801, 6522.563054219911, 6534.623476395805, 6604.183017577243, 6574.839835349906, 6519.952934250202, 6471.886847146429, 6457.429096382448];2016-10-23 12:00:00;2017-01-15 12:00:00
191;13;ADE;0.040502846185947974;83.33333333333333;0.03918113574481707;56.30143077392203;0.03917939106173821;44.00465386732017;[1160.330918, 1165.783708, 1130.218848, 1144.012678, 1116.237318, 1143.744038, 1056.720308, 1119.294178, 1064.618758, 1048.372548, 1135.591008, 1105.256478, 1120.579848];[1149.019003184185, 1161.8875061387782, 1157.1078238166028, 1151.0458990406908, 1141.4761516387791, 1164.1861424648619, 1162.709864837637, 1163.3868557023654, 1152.4634889764213, 1160.9250182633327, 1165.1218447255198, 1160.0028635296867, 1163.0724386022282];2016-10-23 12:00:00;2017-01-15 12:00:00
192;13;ADE;0.036896625654913424;50.0;0.03785994591025026;260.8947606168974;0.037859621435596076;220.90368513680738;[5897.9498, 5780.9284, 5693.2279, 5734.5912, 5836.8002, 5884.0807, 5840.0028, 5820.8905, 5977.0669, 6176.512, 6055.0658, 6023.6219, 6056.9425];[5727.1933335159065, 5701.475108723509, 5687.1352127720365, 5704.793596818332, 5660.318679061185, 5655.814884379653, 5652.2411226111035, 5670.207379427789, 5667.110925902931, 5704.474504383136, 5691.939733322074, 5756.688108234153, 5626.540104069694];2016-10-23 12:00:00;2017-01-15 12:00:00
193;13;ADE;0.016317929345148825;66.66666666666667;0.01623001715415318;9.551848809512908;0.016228388652758236;8.087562598406162;[483.26481, 501.30087, 495.69513, 505.966605, 490.018459, 506.016419, 506.059303, 488.243623, 494.494998, 507.554868, 508.900208, 491.403635, 498.588915];[491.1015548205093, 495.3454692340541, 491.31644182009705, 490.2921701391844, 497.3289640379473, 502.50797319552373, 503.73876093789653, 504.2788867154692, 506.80778158278724, 510.8537120383265, 511.3591432520869, 507.8094046762222, 506.23087098268746];2016-10-23 12:00:00;2017-01-15 12:00:00
194;13;ADE;0.11082684639365112;58.333333333333336;0.11751419979711394;110.12078021758022;0.11750783831359604;108.55791944278326;[984.43264, 1007.22011, 977.57691, 956.13304, 989.18684, 978.19025, 972.65437, 932.85298, 995.85932, 965.36357, 978.65649, 978.76934, 995.1377];[880.8058393751834, 888.021207357324, 901.994711736728, 863.1491158624965, 861.0703674214109, 849.5450065812116, 853.8555828927175, 852.6889768815399, 856.0638285788599, 872.8100745529232, 865.2654994530023, 866.238677101033, 889.2717194493874];2016-10-23 12:00:00;2017-01-15 12:00:00
195;13;ADE;0.08454330057579705;41.666666666666664;0.08922497745894978;947.014738245827;0.08922450919317937;850.3793731966468;[9829.0437, 9985.4137, 10293.6715, 10359.0839, 9848.4779, 9843.3371, 9851.5289, 10083.1847, 9901.8945, 10063.8348, 9912.0124, 9947.1883, 10295.3118];[9749.830479678232, 9619.86345752685, 9486.281202177786, 9488.078596854963, 9440.034667830856, 9332.705773528582, 9107.558215432184, 9032.947998510777, 8940.72562067216, 8856.396310173955, 8780.397111556229, 8716.021337582086, 8608.210576918931];2016-10-23 12:00:00;2017-01-15 12:00:00
196;13;ADE;0.11495802923017173;16.666666666666668;0.1221628641125653;396.480420813464;0.1221609574921283;391.4973281167531;[3349.318574, 3535.511928, 3464.898719, 3501.769843, 3412.296678, 3438.179535, 3346.9989, 3340.722945, 3385.474665, 3372.953029, 3373.89518, 3370.010094, 3361.798917];[3138.6574730181956, 3118.104645803192, 3129.2774782003603, 3080.775993744973, 3027.775615325675, 2991.8999552838945, 2968.7454825024406, 2977.3701631783456, 2927.275150770298, 2952.06007606903, 2921.842220148826, 2953.328170749615, 2977.2513166873655];2016-10-23 12:00:00;2017-01-15 12:00:00
197;13;ADE;0.0787553633415356;50.0;0.08275280948081394;223.00348378582927;0.08275109685393733;199.968607399494;[2494.02866, 2504.633975, 2516.196395, 2459.919613, 2562.934537, 2680.654134, 2526.370987, 2563.657085, 2549.711739, 2523.642748, 2295.089991, 2323.388696, 2404.942722];[2309.8172985144056, 2299.673777575377, 2282.2082125458783, 2296.5551976607367, 2283.0300868343415, 2282.8367901890397, 2280.40275833983, 2298.903378810761, 2311.2686561069922, 2293.0338949488296, 2277.218994670191, 2286.7913860364006, 2303.8389535737942];2016-10-23 12:00:00;2017-01-15 12:00:00
198;13;ADE;0.08357712219655736;41.666666666666664;0.07933811415752572;72.66210418401904;0.07933313401309014;63.2488506693893;[853.411584, 717.379492, 739.09963, 715.596157, 753.511419, 764.419871, 759.384134, 791.933924, 759.283655, 774.301921, 848.021256, 804.524732, 889.772763];[843.6242931870952, 841.3613292660657, 820.354595122364, 809.2041336514936, 849.1475611118365, 825.5663763829351, 833.135502527401, 823.0269994219113, 868.1450667272658, 839.8318983530195, 825.704583305488, 819.0523113805248, 849.0325067501732];2016-10-23 12:00:00;2017-01-15 12:00:00
199;13;ADE;0.22818981131764754;66.66666666666667;0.2520088168340728;412.7410018223553;0.2520008714439565;401.7330274815953;[1847.36095, 1741.76012, 1857.16426, 1737.89313, 1834.76119, 1945.47024, 1795.47817, 1859.5506, 1993.599, 1853.21632, 1763.33719, 1134.09872, 1700.70876];[1300.6091627623716, 1256.1555105614166, 1314.056698532588, 1383.720622667518, 1392.7273569797155, 1436.7952814487167, 1460.7155616561606, 1516.9451913605176, 1552.1252077964184, 1531.060358774567, 1454.9195891345225, 1486.9739807844858, 1460.815291849235];2016-10-23 12:00:00;2017-01-15 12:00:00
200;13;ADE;0.17548029421220457;58.333333333333336;0.19656439066087666;382.136945279626;0.19655882649053646;347.7485585613023;[1967.0, 2006.0, 2007.0, 1992.0, 1974.0, 1963.0, 1958.0, 1941.0, 1986.0, 1972.0, 1970.0, 1973.0, 2025.0];[1887.7578924386858, 1831.5392134238093, 1778.8019463191993, 1717.6286952841654, 1698.6806888532346, 1670.7697714044443, 1669.0761778245117, 1611.2689194013635, 1560.6356330891435, 1532.3444812844746, 1511.3187477263007, 1414.0288080140745, 1329.4177636396623];2016-10-23 12:00:00;2017-01-15 12:00:00
201;13;ADE;0.05744934522011559;41.666666666666664;0.05963517357530812;271.5293259160562;0.05963443470329089;240.71085287846893;[4203.0, 4253.0, 4204.0, 4217.0, 4166.0, 4203.0, 4106.0, 4133.0, 4145.0, 4147.0, 4222.0, 4175.0, 4252.0];[4138.2421363380045, 4123.259965394739, 4083.9470221785145, 4049.350714523691, 4000.971277825988, 3976.624590270966, 3949.3544190796433, 3920.4812500141993, 3881.932612724443, 3830.9370831288666, 3830.999383928012, 3766.4086676142915, 3744.249789558545];2016-10-23 12:00:00;2017-01-15 12:00:00
202;13;ADE;0.05854684546947786;50.0;0.059447718173658556;338.22057839412776;0.059447122765120604;297.3163299003287;[5510.0, 5380.0, 5370.0, 5260.0, 5250.0, 5110.0, 5260.0, 5050.0, 4770.0, 4630.0, 4340.0, 4720.0, 5060.0];[4904.393611038472, 4873.696867832796, 4942.030706059292, 4984.206580320608, 4931.900079324446, 4977.3263048361505, 4975.183329775002, 4929.534180031787, 4896.635659964482, 4932.605972800088, 4832.286495756675, 4814.327321441767, 4882.471502040186];2016-10-23 12:00:00;2017-01-15 12:00:00
203;13;ADE;0.004809553374989955;41.666666666666664;0.004822736675296647;40.36318616455787;0.00482270369918288;35.26652349649675;[7304.0, 7318.9, 7362.3, 7295.9, 7296.4, 7304.9, 7339.5, 7345.8, 7326.6, 7325.2, 7360.2, 7382.9, 7378.7];[7253.874498401643, 7270.143598980139, 7281.813975348077, 7242.792936939671, 7257.913469548694, 7318.1981161605145, 7313.582720582999, 7307.858102944694, 7336.402696141262, 7358.859495325876, 7352.495219631454, 7343.758701439767, 7358.662278356055];2015-08-23 12:00:00;2015-11-15 12:00:00
204;13;ADE;0.07614712286697652;75.0;0.0794591452900134;1105.8492364773745;0.07945884394597845;1048.5187372655382;[12491.95, 13013.34, 13209.75, 12981.0, 13537.85, 13132.64, 13691.5, 13967.95, 13867.98, 13856.59, 14381.13, 14510.66, 14226.31];[12053.783991203813, 12320.91302185644, 12435.113440172729, 12375.847298470284, 12252.710348165709, 12441.37160646037, 12546.924009684664, 12714.216266056404, 12618.223373988072, 12652.36082025966, 12747.15901965553, 13049.324782069221, 13029.958437505105];2016-11-27 12:00:00;2017-02-19 12:00:00
205;13;ADE;0.09324697818345921;75.0;0.09921140446916579;141.8219588149891;0.09920688516023704;109.31837088165192;[1050.5, 1093.4, 1222.0, 1223.7, 1043.1, 930.1, 1070.1, 1341.0, 966.5, 1052.4, 938.6, 1193.9, 1217.3];[1044.2104861034209, 1039.7941764619025, 1028.2447037861884, 1057.7256727333222, 1038.2872073324725, 1015.9161471441694, 1003.1215781792969, 1017.1064686119386, 1013.3955226986259, 1022.207348959228, 1012.5983434857362, 1014.5720900206422, 1027.7014596786444];2016-11-27 12:00:00;2017-02-19 12:00:00
206;13;ADE;0.1241861087898276;66.66666666666667;0.13898685342191847;2850.3805492965153;0.1389863616249975;1988.3190849526873;[11744.3, 11322.8, 11200.7, 12733.5, 14568.8, 20567.8, 16736.3, 13883.6, 13380.5, 13299.4, 15151.2, 14482.4, 14773.8];[10722.931401211892, 11316.535224103522, 11382.717788766524, 11690.066234386102, 12021.90986934361, 12594.2350465375, 12418.295852275394, 12499.240709049958, 12483.340718005671, 12657.820472846517, 12782.714463034377, 12758.819747248948, 13032.359946338092];2016-11-27 12:00:00;2017-02-19 12:00:00
207;13;ADE;0.07867764573267365;75.0;0.0770646041102334;2337.767136102128;0.07706445336971693;1981.0932122382706;[29018.3, 25380.9, 24903.8, 27184.9, 23801.6, 22076.0, 21381.2, 24022.8, 28176.7, 30520.0, 23750.7, 25196.6, 29393.0];[27654.789901712684, 25169.396192829157, 24972.23360777746, 25263.316810585886, 26844.65893450581, 25275.695238345146, 25199.037637624864, 25510.236281920046, 27017.797631027293, 26876.03552864521, 26041.953307718482, 25745.93177983878, 26395.298963832844];2016-11-27 12:00:00;2017-02-19 12:00:00
208;13;ADE;8.478363475292998e+129;8.333333333333334;1.999999970232884;1.2057032566059584e+134;1.9999999702325284;3.344019165198113e+133;[4185.45, 4185.45, 4185.45, 4185.45, 4185.45, 3944.18, 3944.18, 3944.18, 3944.18, 3944.18, 3944.18, 3944.18, 3944.18];[43263534156.02951, -4.019232387263499e+21, 2.7309905804931325e+32, -1.2246574111396927e+42, 7.528733691313422e+52, -3.3821251863850153e+62, 2.0754955312163724e+73, -9.323938237514309e+82, 5.7211992961037365e+93, -2.570192465502312e+103, 1.5770654264009898e+114, -7.084814295452675e+123, 4.347224914686699e+134];2016-11-27 12:00:00;2017-02-19 12:00:00
209;13;ADE;0.14493249497343538;75.0;0.1575798682337452;1432.012282148403;0.1575789475809192;1349.269759112158;[8204.21, 8496.79, 8690.18, 8796.65, 9308.62, 8889.88, 9285.78, 9353.08, 9523.59, 9788.87, 9638.59, 9552.7, 9535.58];[7771.1153536668535, 7838.583648215378, 7867.899685391847, 7811.949594190334, 7838.45422087383, 7807.679040352604, 7807.957037659951, 7812.893414212635, 7778.239507146962, 7802.909021812861, 7797.4941502888105, 7790.088961621388, 7798.749496108494];2016-11-27 12:00:00;2017-02-19 12:00:00
210;13;ADE;0.020284129533768194;91.66666666666667;0.020507023930822592;425.24770629835473;0.020506972414868208;408.48179764343877;[19138.99, 19322.67, 19505.88, 19671.03, 19823.39, 19748.99, 19869.76, 20103.52, 20304.31, 20497.56, 20640.15, 20839.37, 21017.61];[18775.96043374169, 18951.924608248526, 19142.635877672245, 19272.639528903663, 19399.851167327837, 19520.392966332143, 19657.278655372964, 19761.14589437886, 19895.08669476619, 20025.747526915413, 20147.830280212995, 20257.442013192463, 20365.030983570312];2016-11-27 12:00:00;2017-02-19 12:00:00
211;13;ADE;0.039274378846931635;75.0;0.04027315411886091;262.40401005734265;0.04027280181099016;230.21209218952083;[5461.05, 5465.87, 5464.51, 5474.37, 5898.01, 5958.73, 5908.25, 5890.65, 5889.96, 5886.71, 5863.1, 5846.83, 5831.24];[5496.30581968047, 5504.055919765013, 5521.410201549464, 5524.331083342107, 5584.27523012904, 5589.251026248665, 5568.647584337732, 5560.446602090747, 5581.435161651809, 5580.43473072491, 5571.4285372985005, 5555.606839983219, 5569.500113408661];2016-11-27 12:00:00;2017-02-19 12:00:00
212;13;ADE;0.0644187749320449;66.66666666666667;0.06278642504831017;278.88306866618507;0.06278550979223928;215.5430874684698;[3232.2, 3400.7, 3606.0, 3686.4, 3553.5, 3071.9, 3189.4, 3471.8, 3135.3, 3578.1, 3467.9, 3637.1, 3466.0];[3202.150069520986, 3302.7755508089845, 3283.8678993615517, 3268.9995590816434, 3482.9714386505193, 3410.8517118434333, 3613.912553871531, 3720.506484396476, 3720.0860477134925, 3664.3957388314957, 3536.6685294568274, 3569.940472021063, 3510.8440604216003];2016-11-27 12:00:00;2017-02-19 12:00:00
213;13;ADE;0.028829765142588774;41.666666666666664;0.029268810752411414;68.08825273953047;0.029268019483689182;54.15643677811879;[1824.5, 1743.9, 1794.0, 1809.4, 1827.3, 1908.2, 1847.0, 1751.8, 1898.1, 1880.5, 1978.2, 1886.8, 1902.4];[1803.827979525433, 1796.3465197403768, 1785.0158308519428, 1812.0574735240148, 1839.7839511689208, 1833.3080581663571, 1827.1984547361064, 1827.729246707, 1823.2611023492568, 1821.1064600326154, 1818.6346788600652, 1828.9639342312173, 1817.867014271774];2016-11-27 12:00:00;2017-02-19 12:00:00
214;13;ADE;0.028860410759433155;50.0;0.029433740332254384;82.72156043196738;0.029433130678283664;71.05251420971832;[2366.43, 2369.53, 2390.59, 2419.53, 2406.42, 2491.02, 2478.39, 2482.26, 2470.39, 2449.71, 2447.86, 2447.49, 2469.36];[2367.3849588636554, 2369.6837339030208, 2366.050986927673, 2372.3831373897297, 2368.704217901495, 2366.336332358797, 2364.9940724696366, 2365.348223960896, 2363.2067177021804, 2364.0595964746026, 2366.469855342356, 2367.0655750471174, 2365.8272924658545];2016-11-27 12:00:00;2017-02-19 12:00:00
215;13;ADE;0.02744032201872607;41.666666666666664;0.027926172054386265;100.41488819852614;0.027925733791665;88.97409535546879;[3140.68, 3143.77, 3165.33, 3194.56, 3177.71, 3278.54, 3265.51, 3269.02, 3257.17, 3236.28, 3234.39, 3231.67, 3247.35];[3134.8957526683207, 3129.0699744992435, 3125.4874938468374, 3124.04123710043, 3122.6872611038416, 3123.210470391351, 3124.73965691187, 3127.846529094787, 3132.654114038575, 3132.775141640326, 3134.989805157476, 3132.7105036436337, 3140.2088202822138];2016-11-27 12:00:00;2017-02-19 12:00:00
216;13;ADE;0.07551074617956124;58.333333333333336;0.08039445960933642;943.7660095975668;0.08039402368063665;741.7625261633573;[9877.09, 9890.943, 9890.0, 9800.0, 9897.0, 9700.0, 9000.0, 9700.0, 9907.7, 9907.0, 9700.0, 9910.0, 9900.0];[9859.062968384442, 9838.066671088065, 9702.786270978551, 9034.284378851544, 9508.254283558308, 9257.469072552296, 9250.217030499167, 8951.95165855318, 8775.577233320562, 8931.092018885241, 8684.317065232242, 8093.657202499364, 8050.518366471725];2015-03-08 12:00:00;2015-05-31 12:00:00
217;13;ADE;1.3639824268491005;25.0;0.7656100621873847;25861.431027629227;0.7656063282058233;13030.834741239787;[9932.821, 9936.393, 9000.0, 9700.0, 9943.0, 9700.0, 9940.001, 9700.0, 9948.552, 9951.79, 9000.0, 9945.0, 9000.0];[9650.929784737422, 9195.382371351949, 9368.413705025763, 8795.784583817052, 8153.663576590883, 7878.726301446053, 7589.084437413701, 5936.84891887444, 5361.0438197106705, 113.29294402298956, -11092.038177549442, -68772.82326336607, -35144.77622814112];2015-05-24 12:00:00;2015-08-16 12:00:00
218;13;ADE;0.0030671446881605246;75.0;0.003070199735599682;3.8903300133605305;0.0030700559599457543;3.2784962818917185;[1091.0, 1084.0, 1077.0, 1070.0, 1063.0, 1056.0, 1092.0, 1085.0, 1078.0, 1071.0, 1064.0, 1057.0, 1050.0];[1088.8476051181503, 1082.2439568606792, 1074.5117182858535, 1067.2689196367564, 1055.4712286695787, 1059.5477515931748, 1087.5476433790934, 1089.2233954123158, 1077.8183092412014, 1069.8531089997186, 1062.9309910702486, 1050.424779710095, 1054.767565630477];2011-04-03 12:00:00;2011-06-26 12:00:00
219;13;ADE;0.0020058275536761613;83.33333333333333;0.002005844703170596;4.515526226807224;0.002005789019501462;3.612840571521579;[1820.0, 1813.0, 1806.0, 1799.0, 1792.0, 1785.0, 1820.0, 1813.0, 1806.0, 1799.0, 1792.0, 1785.0, 1778.0];[1815.329700545163, 1809.3701779768212, 1802.796008485186, 1797.939898181887, 1791.8082833662706, 1792.158002839096, 1812.9584340763106, 1807.528457786776, 1803.059003305599, 1798.0131050355722, 1792.5484732248553, 1786.3347091818482, 1786.7288109435663];2010-10-17 12:00:00;2011-01-09 12:00:00
220;13;ADE;0.04523608975254588;25.0;0.046024136860326484;392.9595669765542;0.04602382170224063;336.2102309288264;[7743.8, 7448.1, 6802.5, 6961.8, 7160.7, 7338.7, 6925.2, 7142.4, 7651.6, 7691.4, 7589.4, 7706.7, 7590.4];[7404.122749028258, 7434.504921070266, 7304.212410495306, 7282.322540953478, 7192.494123210776, 7157.888691339383, 7115.638602138605, 7024.401307388374, 7133.039550075603, 7084.8473649852585, 7120.45667557772, 7084.604320911309, 7132.36909434725];2015-04-05 12:00:00;2015-06-28 12:00:00
221;13;ADE;0.08138830034046249;50.0;0.08584629980784439;830.0771073696463;0.08584574695054535;666.9981489185301;[7727.1, 7515.8, 7002.1, 7245.4, 7361.2, 7562.2, 7879.1, 8082.1, 8025.9, 8605.0, 8503.5, 8405.7, 8763.5];[7754.985667399388, 7677.303064103042, 7616.9829980819895, 7550.098464545702, 7547.499695793862, 7510.404189470955, 7365.686316128798, 7238.385552821813, 7289.898967639093, 7319.734540139019, 7255.614135897717, 7226.171578452712, 7245.398673432986];2015-04-05 12:00:00;2015-06-28 12:00:00
222;13;ADE;0.14524350518480136;75.0;0.1572924948647167;4103.964722088163;0.157292185141101;3995.107007035925;[26994.0, 26695.0, 28522.0, 27712.0, 27511.0, 27231.0, 27409.0, 27856.0, 27639.0, 26848.0, 27687.0, 27342.0, 27494.0];[22947.49956949873, 23085.33867999092, 23375.668986927485, 23177.326515558525, 22961.531301371153, 22817.152745497333, 22943.40996743256, 22952.900648812305, 22366.25904836937, 24456.444346678094, 24890.13702169375, 24704.019092079037, 24325.92098462371];2017-07-23 12:00:00;2017-10-15 12:00:00
223;13;ADE;0.111344606494643;50.0;0.12081849070292253;295.49478856744884;0.1208153390135453;232.72145251484608;[1706.741, 1739.879, 1741.962, 1763.156, 1740.79, 1857.234, 1746.231, 2071.371, 1997.189, 2097.67, 2111.099, 2253.543, 2460.929];[1863.5654116264577, 1817.7303035257407, 1799.9884680669416, 1767.6845799418938, 1752.129133589463, 1718.0534057285954, 1680.7067912490277, 1622.9099866793492, 1662.362526163578, 1687.495817850623, 1773.9417047074417, 1778.4066111399093, 1954.5801705389745];2016-10-09 12:00:00;2017-01-01 12:00:00
224;13;ADE;0.05561279936813125;66.66666666666667;0.05787843542381194;199.36424737615033;0.0578771188694501;128.3078618195786;[1930.9, 1929.5, 1958.5, 1935.1, 1926.6, 2119.8, 1982.7, 2016.5, 2039.6, 2311.4, 2792.7, 2319.2, 2147.7];[1987.1753594139695, 1993.46731153591, 2013.1134846746334, 2012.2960849216336, 2046.8466429449659, 2061.354563158522, 2074.309841603741, 2074.369386911197, 2107.4322932994846, 2133.130048851745, 2157.8893651393696, 2144.6344051325377, 2180.0001806311607];2016-10-23 12:00:00;2017-01-15 12:00:00
225;13;ADE;0.06134417551055649;41.666666666666664;0.058952792480126866;181.7729005011157;0.05895169269657489;158.22397754156296;[2865.2, 2798.5, 2576.4, 2805.7, 2486.0, 2628.3, 2494.4, 2560.8, 2487.5, 2543.0, 2524.4, 2603.3, 2591.2];[2961.230940513347, 2959.87168134601, 2919.8929855607207, 2837.217936919434, 2725.3807058418524, 2687.664968717481, 2690.9236911489206, 2663.0493468894674, 2644.5603625001127, 2662.4271077524622, 2694.334488632298, 2681.3955773252897, 2893.661914892923];2016-10-23 12:00:00;2017-01-15 12:00:00
226;13;ADE;0.08549023008882475;66.66666666666667;0.09181698262275323;193.94007139709132;0.09181411740720481;147.68612246855133;[1365.7, 1392.9, 1389.1, 1439.9, 1431.2, 1665.4, 1561.1, 1606.1, 1570.6, 1804.3, 1935.1, 1801.3, 1744.1];[1340.3171149336688, 1354.8937225533825, 1368.0470986801115, 1386.9710447650887, 1409.830407906883, 1442.882652692442, 1468.0004851699987, 1473.3287687306945, 1497.23437687155, 1503.9142846610248, 1517.670308736265, 1513.422119768133, 1510.36802243959];2016-10-23 12:00:00;2017-01-15 12:00:00
227;13;ADE;0.07512481364981374;58.333333333333336;0.07855448518356684;706.9679721721128;0.07855401003723846;649.8081441205616;[8171.0, 8157.0, 8180.0, 8378.0, 8086.0, 8624.0, 8408.0, 8643.0, 8586.0, 8856.0, 8908.0, 9137.0, 8873.0];[7547.223740834642, 7688.241769922678, 7671.03493855766, 7870.313940748274, 7947.370773990883, 8035.14893440663, 8029.010273739578, 8036.065678150798, 8003.141841117946, 8012.5083338548, 7956.801288757593, 7934.102714938543, 7828.5298974126745];2016-10-23 12:00:00;2017-01-15 12:00:00
228;13;ADE;0.09303596767633485;41.666666666666664;0.08763010931894866;45.67886854072664;0.08762046435284115;39.87294585352629;[465.53, 438.43, 443.29, 443.83, 391.38, 476.51, 405.11, 448.58, 416.24, 441.32, 428.96, 432.6, 449.93];[519.2401097901212, 484.7196906663551, 505.5786224529203, 478.65743880220197, 480.87874884853613, 462.47792224179614, 467.02189395130887, 459.28699304261113, 447.90208063785946, 450.05083229193974, 463.294238286357, 460.1038770957721, 492.78169247165494];2016-10-23 12:00:00;2017-01-15 12:00:00
229;13;ADE;0.10573670271605685;58.333333333333336;0.10949812448632831;554.0955134021359;0.10949651424317858;379.89297102878004;[3117.6, 2928.4, 2783.4, 2987.1, 2533.1, 3403.5, 3054.5, 3060.2, 3022.7, 3426.2, 4886.7, 4280.2, 3533.6];[3143.0295571157885, 3135.7725092890787, 3143.070245707016, 3112.5114915952054, 3112.133826876111, 3184.272760824521, 3264.541097806088, 3254.970749749642, 3220.1998531287163, 3236.18557123377, 3317.122490935753, 3406.3574502882907, 3346.88243461117];2016-10-23 12:00:00;2017-01-15 12:00:00
230;13;ADE;0.2311199442279492;91.66666666666667;0.2806982675596046;373.6030216528749;0.2806839069676735;281.4609385663982;[599.6, 646.8, 672.0, 706.3, 755.7, 899.6, 917.3, 1036.2, 1119.2, 1283.0, 1384.5, 1475.1, 1504.4];[630.9222408846291, 640.8001254255149, 656.5141970268585, 676.5842969438992, 677.6131847527523, 685.1570359919086, 718.4067637011099, 740.9132279937195, 762.0109418180241, 790.6395454214943, 808.6147264059871, 817.60679006572, 797.5692039744645];2016-10-23 12:00:00;2017-01-15 12:00:00
231;13;ADE;0.1776709858932963;83.33333333333333;0.2073877564786274;668.7553906060247;0.20738343696919112;502.40401531706965;[1880.4, 1889.2, 1864.5, 1961.1, 2009.7, 2211.1, 2235.0, 2421.8, 2774.0, 3052.0, 3018.4, 3171.4, 3206.1];[1957.634325562865, 1873.1613174765214, 1840.8161780706578, 1871.7240000848437, 1885.2349103678903, 1905.4782119258944, 1950.017187927426, 1969.0569232172347, 1985.8277081927047, 1986.0196598914288, 1999.6340920867021, 2027.213013207205, 2066.0989239924506];2016-10-23 12:00:00;2017-01-15 12:00:00
232;13;ADE;0.13293765370045804;50.0;0.15084915802224647;273.65238617750657;0.15084318714520945;192.055934229821;[1036.6, 1036.6, 994.0, 1040.9, 1024.8, 1199.4, 1106.1, 1197.6, 1296.0, 1448.2, 1485.5, 1600.9, 1695.0];[1076.7308687708671, 1075.9411126919126, 1042.0121799730164, 1038.4138761515912, 1047.4978213064464, 1057.0178127866216, 1081.4119005928696, 1081.3679724313515, 1088.2152689734805, 1086.172305784695, 1089.0389103210853, 1090.8716725579932, 1110.545118154882];2016-10-23 12:00:00;2017-01-15 12:00:00
233;13;ADE;0.13901824624417858;58.333333333333336;0.15423284175498633;403.7780333545805;0.1542291205535468;321.86319813862906;[2117.0, 1891.1, 2178.6, 1910.3, 1818.5, 1984.8, 1958.6, 1953.1, 2009.7, 2158.7, 2640.2, 2550.4, 2678.7];[1874.9645464180305, 1788.7003567733238, 1804.6342711080538, 1734.6778764781834, 1781.2945818043497, 1760.0555700026903, 1811.6078252946456, 1804.7868548291322, 1831.6129952729123, 1814.2933016880556, 1853.7076947959933, 1865.7201460633512, 1939.4224036691007];2016-10-23 12:00:00;2017-01-15 12:00:00
234;13;ADE;0.17155829168975553;100.0;0.19443389063386615;184.05849017544037;0.19441993966917767;139.68785540025132;[434.3, 451.5, 493.3, 532.4, 535.7, 647.1, 661.3, 710.3, 763.1, 827.1, 937.4, 1003.0, 1010.4];[468.4371815777174, 507.805115079676, 510.96175278632694, 520.05409864278, 525.812810718262, 548.0159874308323, 562.1961300952898, 590.3345594960149, 605.9302035026012, 609.5379718999769, 631.3597855171431, 656.6134949254508, 670.1068870121021];2016-10-23 12:00:00;2017-01-15 12:00:00
235;13;ADE;0.0868481760425185;58.333333333333336;0.09126848567469889;431.3793545397843;0.09126726253323501;342.23223735879026;[3265.2, 3299.2, 3276.9, 3338.6, 3299.6, 3574.8, 3557.3, 3591.5, 3690.3, 3977.2, 4463.9, 4347.0, 4358.4];[3443.541346228113, 3507.9566772738017, 3502.9771482645388, 3476.7582419562095, 3502.2281889729843, 3401.884168317846, 3414.594466135695, 3426.7909404145653, 3501.2936355066545, 3523.9057345500064, 3540.941833593221, 3546.172672976581, 3709.759065536805];2016-10-23 12:00:00;2017-01-15 12:00:00
236;13;ADE;0.06796860094204141;58.333333333333336;0.06646164903050268;90.49027794617582;0.06645888003219283;80.25206804666988;[1070.7, 1079.0, 1034.4, 1099.3, 1055.1, 1200.8, 1155.9, 1202.1, 1206.6, 1378.2, 1438.1, 1340.1, 1262.4];[1117.1835853349924, 1121.2485703313469, 1157.5655086660088, 1168.9440015972302, 1205.7846036984174, 1226.292610435318, 1270.3486346759546, 1275.2237532824304, 1276.5662448277449, 1281.0157808891863, 1285.544709357024, 1299.178056107572, 1299.7579181110473];2016-10-23 12:00:00;2017-01-15 12:00:00
237;13;ADE;0.22117818661560457;66.66666666666667;0.26991811524808645;238.01473874705994;0.2698965725712908;173.73973276293407;[430.0, 420.4, 399.8, 415.2, 435.7, 548.9, 538.0, 631.4, 714.5, 831.1, 925.2, 953.0, 917.2];[411.5387215906913, 408.1756417334501, 408.6287140710848, 402.604595541134, 418.37930153493954, 442.29267765379717, 445.71146676198555, 458.6797901415369, 474.48088840571273, 496.58729432067577, 509.6557276563108, 515.1311420649376, 527.5749407477703];2016-10-23 12:00:00;2017-01-15 12:00:00
238;13;ADE;0.12406410588982102;75.0;0.12845584087434575;638.7440425211984;0.12845440097245844;580.9487358362487;[3696.0, 3792.0, 3780.0, 3928.0, 3927.0, 4330.0, 4349.0, 4500.0, 4765.0, 5057.0, 5945.0, 5664.0, 5722.0];[4176.876023353725, 4314.944615403977, 4274.536799166582, 4277.425236282571, 4079.7149995919353, 3833.006572292975, 3803.4375981078188, 3977.3216372663023, 4075.1752513058595, 4365.439743479722, 4636.238102442255, 4810.809712895219, 5278.7354901374065];2016-10-23 12:00:00;2017-01-15 12:00:00
239;13;ADE;0.050976809286824784;66.66666666666667;0.049590111935255206;179.68537904969838;0.0495892860989556;150.89739805851812;[2586.5, 2560.4, 2776.9, 2698.6, 3157.7, 2938.2, 3040.8, 3197.8, 3367.8, 3726.5, 3724.0, 3796.8, 3728.7];[2849.467400369135, 2872.209873688083, 2928.9345609920906, 2989.0972043411352, 3111.1859917305605, 3103.6683936956015, 3190.0386786064596, 3190.968972019592, 3346.012086242858, 3527.680322525586, 3543.936097494813, 3653.5949106102353, 3696.2715563081247];2016-10-30 12:00:00;2017-01-22 12:00:00
240;13;ADE;0.0973419406491202;83.33333333333333;0.10336307232131904;167.55705004144224;0.10335910733293556;136.2630704961343;[1040.84, 1015.0, 1098.25, 1031.9, 1168.21, 1271.09, 1311.2, 1252.43, 1363.56, 1496.95, 1592.62, 1614.64, 1511.61];[1078.885192822252, 1086.4120601826207, 1146.2562923541998, 1089.082527050256, 1160.3533550217142, 1159.435900031055, 1177.5250173648828, 1170.2590520000676, 1203.461540844422, 1281.9749795699129, 1283.739770980364, 1301.0613478753994, 1287.7251922717644];2016-10-30 12:00:00;2017-01-22 12:00:00
241;13;ADE;0.07782599471457842;66.66666666666667;0.08054642616552872;207.6555901321685;0.08054410652870156;141.56851773142938;[1475.3, 1468.6, 1494.2, 1447.2, 1643.9, 1534.3, 1587.3, 1580.3, 1927.1, 2321.8, 1935.5, 1728.8, 1741.4];[1541.3773445532145, 1559.1370038805294, 1609.1192367216115, 1610.0491373793263, 1634.5365896176472, 1665.1050079757226, 1686.847791233575, 1658.572760127744, 1677.840671724068, 1701.743430613164, 1771.365798461696, 1759.1046100359363, 1765.664329017497];2016-10-30 12:00:00;2017-01-22 12:00:00
242;13;ADE;0.36120801699663335;66.66666666666667;0.4740167954161469;1397.1313148863965;0.4740067096202062;1152.1468845555619;[1245.0, 1330.0, 1551.0, 1550.0, 2150.0, 2514.0, 2855.0, 3230.0, 3335.0, 3511.0, 3890.0, 3812.0, 3828.0];[1283.7382494029061, 1399.4849051910885, 1368.6288939398162, 1382.5724993896467, 1407.702582120653, 1478.7873558142585, 1502.7171584454188, 1565.7333728459635, 1652.3323081812007, 1739.0747266172746, 1752.4580962621606, 1784.258656418316, 1722.048005336982];2016-10-30 12:00:00;2017-01-22 12:00:00
243;13;ADE;0.2216767279985317;91.66666666666667;0.25570974646841715;319.36309951987715;0.25569773532028284;276.96021024854457;[806.8, 841.6, 883.8, 914.1, 988.6, 1108.0, 1183.0, 1226.4, 1258.0, 1325.9, 1434.3, 1480.2, 1488.3];[748.1570667192309, 769.7205182566852, 782.4877228321322, 804.5698680953946, 830.176568613631, 854.5929767397424, 874.226862947123, 899.1799856609957, 917.4078977634866, 948.8018130737272, 962.6120711180973, 984.422901949029, 962.1610129996455];2016-10-30 12:00:00;2017-01-22 12:00:00
244;13;ADE;0.1328246799861846;66.66666666666667;0.1449967008441622;429.2559278543135;0.14499381547018644;366.42344430929523;[2291.2, 2266.7, 2332.0, 2266.8, 2538.8, 2482.1, 2508.7, 2508.2, 2705.3, 2972.8, 3072.2, 3059.0, 2984.6];[2313.858194053504, 2376.8163439921855, 2121.612160228612, 2012.3343416367225, 2186.9427916962554, 2253.5272678666415, 2265.38945934056, 2264.2032131042956, 2285.402667211035, 2313.5394952269453, 2355.0897041035437, 2351.8043863803105, 2389.92427522993];2016-10-30 12:00:00;2017-01-22 12:00:00
245;13;ADE;0.17921015460114284;83.33333333333333;0.20583678220209967;350.533664174359;0.20582925037622418;282.66487043337503;[1138.7, 1098.0, 1159.8, 1136.4, 1476.2, 1476.6, 1385.7, 1392.2, 1435.2, 1579.6, 1807.3, 1769.8, 1686.5];[1102.6714703996354, 1092.0471802408435, 1115.4529466732251, 1112.2747238928162, 1136.5647788632198, 1147.650460635638, 1149.1684885899122, 1148.8841391530248, 1169.9759759015158, 1170.4639800368136, 1178.6925290715485, 1176.4319062071665, 1167.0781047007656];2016-10-30 12:00:00;2017-01-22 12:00:00
246;13;ADE;0.07696807852998383;83.33333333333333;0.07899051170554663;524.1335655554003;0.0789898096060154;450.7222980457088;[4410.5, 4581.6, 4723.5, 4791.8, 5421.0, 5510.5, 5612.2, 5829.8, 6084.9, 6239.6, 6659.6, 6860.6, 6854.3];[4870.232052365217, 4967.626583259108, 4970.76269691654, 5062.331060874698, 5371.710134604812, 5316.113217914541, 5302.546223072133, 5369.88588853342, 5644.179220588175, 5852.6336957819685, 5910.748909745953, 5969.6681428189495, 5839.177085761397];2016-10-30 12:00:00;2017-01-22 12:00:00
247;13;ADE;0.01938845005930753;25.0;0.019547087775360513;384.08012070682634;0.019547029842433082;329.8695040411704;[16190.4, 16913.4, 16913.4, 17091.0, 17091.0, 16552.7, 16552.7, 17220.2, 17220.2, 16522.2, 16522.2, 17584.0, 17584.0];[16034.495829094623, 16976.890719245766, 16935.968554465235, 16416.249383256312, 16389.868546492013, 16744.317921112026, 16764.32775103612, 16859.67184214704, 16847.412386176115, 16866.83894187759, 16902.76153627899, 17157.79902626429, 17201.504858050117];2016-10-16 12:00:00;2017-01-08 12:00:00
248;13;ADE;0.04246498447324872;8.333333333333334;0.04112417854974844;1246.7905265109248;0.04112408219826029;877.806367297245;[21254.72, 21655.06, 21655.06, 22030.28, 22030.28, 22104.93, 22104.93, 21822.79, 21822.79, 21445.17, 21445.17, 19654.69, 19654.69];[21101.160459713778, 20811.16093875631, 21051.331400110117, 21228.58822689531, 21428.972412016225, 21421.762700414576, 21445.544269651116, 21747.734055666435, 21859.903754930685, 22074.920340972356, 22069.20665195572, 22211.50655902593, 22796.659931203354];2016-10-16 12:00:00;2017-01-08 12:00:00
249;13;ADE;0.022585554723992426;91.66666666666667;0.0229390139406096;90.32330798918102;0.022938669741768225;76.48979493555352;[3446.7, 3205.7, 3207.3, 3331.9, 3479.1, 3223.9, 3228.3, 3338.6, 3461.4, 3330.3, 3232.7, 3339.3, 3518.5];[3333.995085902538, 3158.961017780642, 3189.9079630472015, 3248.5766362694208, 3335.5300266088475, 3194.266818705971, 3174.2225033290274, 3275.4729988227614, 3380.936984524052, 3313.9035206658104, 3181.7291871318016, 3225.8514534255837, 3335.978469624147];2016-10-09 12:00:00;2017-01-01 12:00:00
250;13;ADE;0.10716295879370916;41.666666666666664;0.11361068829711833;778.7379896809258;0.11360983261705018;754.3179996859651;[6671.0, 6836.0, 6803.0, 6884.0, 6879.0, 6940.0, 7042.0, 7117.0, 7136.0, 7116.0, 7164.0, 7197.0, 7229.0];[6263.547620947962, 6274.690705285458, 6307.3581257595815, 6291.751317491841, 6325.484829382732, 6173.500775145118, 6122.259183153854, 6162.833310757079, 6192.141145772648, 6257.65531156629, 6264.142683330673, 6289.836749912454, 6282.664245576765];2016-10-09 12:00:00;2017-01-01 12:00:00
251;13;ADE;0.01957302213665005;83.33333333333333;0.019801307752314055;188.44878498682763;0.01980119455485385;173.20563717703547;[8557.6, 8835.3, 8859.0, 8662.7, 8563.5, 8897.2, 8930.5, 8826.7, 8675.2, 8886.2, 9003.2, 8917.6, 8732.1];[8512.17370767136, 8679.977940423212, 8632.758535778274, 8508.331430218477, 8535.988547203977, 8698.829337179415, 8703.929978124987, 8581.13001860702, 8546.589883127499, 8675.965794439971, 8734.85495811657, 8666.783196526596, 8617.813389281186];2016-10-09 12:00:00;2017-01-01 12:00:00
252;13;ADE;0.022403743951942647;58.333333333333336;0.02268576183110521;298.41499588731654;0.022685670864678296;282.8820484363686;[12389.0, 12551.0, 12538.0, 12445.0, 12427.0, 12637.0, 12671.0, 12626.0, 12568.0, 12702.0, 12742.0, 12726.0, 12679.0];[12272.423738122652, 12321.677750385152, 12268.790240139811, 12227.19147636965, 12320.923195056039, 12382.928336876088, 12344.258526183876, 12250.531642222591, 12299.742929078999, 12359.416683793508, 12359.171950221826, 12306.554678239454, 12309.922223637563];2016-10-09 12:00:00;2017-01-01 12:00:00
253;13;ADE;0.013663347813131775;100.0;0.01377272122249639;89.16383571068954;0.01377260609956225;82.39411680773159;[5953.6, 5901.6, 5905.5, 6044.6, 6050.7, 5968.3, 5881.8, 6015.5, 6050.5, 6027.0, 5981.2, 6126.6, 6147.7];[5895.8740171554655, 5835.595654380047, 5848.240613566208, 5948.839225849827, 5983.088982590638, 5882.381056345586, 5856.9303769708795, 5944.997737669567, 5983.385881064358, 5938.377012883618, 5891.765311273442, 5965.827370704808, 6008.173241045047];2005-12-25 12:00:00;2006-03-19 12:00:00
254;13;ADE;0.03759064869818724;66.66666666666667;0.03684619642983925;72.55949954827591;0.03684522848635167;70.13346537788469;[1901.0, 1898.0, 1895.0, 1884.0, 1878.0, 1866.0, 1830.0, 1829.0, 1849.0, 1870.0, 1872.0, 1874.0, 1875.0];[1954.877914928425, 1952.5774166879976, 1943.9031514241042, 1950.473172184123, 1954.2604396261486, 1948.5790310824277, 1938.2461594387057, 1926.344417745611, 1928.1802979158547, 1928.270756916758, 1926.7891865848721, 1921.6486598452525, 1958.5844455322206];2016-10-16 12:00:00;2017-01-08 12:00:00
255;13;ADE;0.02901047729762311;66.66666666666667;0.028795618803522882;83.13507476508968;0.02879502968302328;72.0913371749858;[2932.0, 2986.0, 2914.5, 3028.8, 3291.8, 2001.3, 2192.4, 2057.1, 2318.1, 2584.8, 2583.4, 2598.3, 2704.1];[2810.5973863077475, 2905.307097375734, 2960.454848790514, 3021.2547736117954, 3188.90491334623, 2138.4176123334, 2136.3160912281205, 2198.5141728245394, 2381.307487284129, 2507.6823784316666, 2613.296918178538, 2622.3011365067277, 2753.9578476582606];2016-10-16 12:00:00;2017-01-08 12:00:00
256;13;ADE;0.05814585871378661;41.666666666666664;0.056450923567694704;238.33770572684833;0.05645024388480092;234.4304516185046;[4017.6, 4017.9, 4018.2, 4018.8, 4024.6, 4026.8, 4037.0, 4037.9, 4039.9, 4041.8, 4044.2, 4044.3, 4044.2];[4208.780061579096, 4197.312721606509, 4230.499214550448, 4262.534969499193, 4331.985556985225, 4329.518830341004, 4301.372089822865, 4281.838386899275, 4272.093627864715, 4288.546596681133, 4286.510818467841, 4276.876309517412, 4192.926687225844];2016-10-16 12:00:00;2017-01-08 12:00:00
257;13;ADE;0.05759040317222935;41.666666666666664;0.05539373559634661;132.8604083960997;0.05539238818205465;113.88063985598977;[2097.4, 2102.3, 2087.1, 2130.7, 2087.5, 2024.5, 1983.4, 1973.8, 1998.2, 1975.9, 1931.8, 1928.8, 1940.1];[2124.7017999384984, 2119.7174426782203, 2141.2342853681525, 2143.621198259778, 2142.5580003280706, 2143.073055922888, 2132.296458431569, 2135.985048740797, 2132.8139374832726, 2134.1279510779727, 2133.8694237582963, 2130.1923133530568, 2127.7574027872943];2016-10-16 12:00:00;2017-01-08 12:00:00
258;13;ADE;0.23494344613753831;58.333333333333336;0.2019768083087012;1594.1373573194162;0.20197530616558754;1362.5536407085617;[6698.0, 6436.0, 5556.0, 6939.0, 6746.0, 5285.0, 5924.0, 5200.0, 6741.0, 6343.0, 5893.0, 5953.0, 5594.0];[6621.187755584794, 6545.0422679453195, 7511.796472488304, 7026.444861098985, 7392.425478684579, 7239.620510308304, 7205.542396037472, 7045.88476837013, 8263.394544629817, 7742.3235138495165, 7997.326765306616, 8248.970542467987, 8027.612963609069];2016-10-16 12:00:00;2017-01-08 12:00:00
259;13;ADE;0.33909331037599055;75.0;0.3044343349429661;253.9193894658633;0.30441203149799534;218.061495021109;[583.0, 503.0, 527.0, 504.0, 643.0, 523.0, 522.0, 1437.0, 464.0, 626.0, 475.0, 785.0, 966.0];[812.4827647260513, 634.0306374306203, 727.9598673196446, 747.7786407140804, 859.8554240092973, 686.8016852125934, 705.2016501982001, 825.4910620374828, 715.634858446456, 755.0039401026672, 680.8869964028903, 771.5832489916256, 711.7627182589754];2016-10-16 12:00:00;2017-01-08 12:00:00
260;13;ADE;0.021236177829190832;50.0;0.02092946557646406;122.76503983621235;0.020929242840030757;98.3520157444707;[4687.3, 4661.5, 4573.9, 4712.8, 4699.2, 4555.3, 4629.3, 4557.9, 4714.0, 4676.1, 4633.5, 4639.5, 4603.6];[4808.238534183804, 4586.00657566127, 4781.042183044542, 4712.119074784762, 4737.262538575112, 4659.350491981511, 4558.332215928876, 4609.59310218743, 4908.138724935783, 4753.581218792901, 4664.173259846451, 4690.969855191092, 4859.3841623144];2016-10-16 12:00:00;2017-01-08 12:00:00
261;13;ADE;0.010748204189004103;83.33333333333333;0.010807853789740418;47.79088977789258;0.010807729934437186;47.15533011827232;[4382.033, 4394.197, 4378.668, 4378.375, 4378.166, 4390.312, 4401.788, 4382.618, 4382.058, 4401.802, 4397.108, 4379.233, 4378.908];[4320.848433830857, 4336.807922755286, 4335.3458374566535, 4330.506194022787, 4335.461715759732, 4341.2162935679535, 4347.339386197734, 4337.923935994839, 4335.180435934693, 4349.185060895058, 4352.85334635393, 4347.699196774708, 4341.878948918229];2016-10-16 12:00:00;2017-01-08 12:00:00
262;13;ADE;0.2363831254338631;25.0;0.20309336753935023;480.6174681669175;0.20308841389201854;416.95527883760434;[2296.0, 2219.6, 2214.9, 2044.6, 2043.2, 1968.0, 1966.2, 1746.1, 1724.1, 1701.4, 1717.7, 1603.2, 1617.0];[2307.508070819069, 2327.7039293379344, 2332.8171593855172, 2328.9594046593656, 2328.617388044931, 2317.2681914916543, 2322.212154596263, 2324.051504136354, 2333.1457417490255, 2340.4328969657754, 2338.497107772089, 2342.2658963045665, 2338.939179626312];2014-10-12 12:00:00;2015-01-04 12:00:00
263;13;ADE;0.06772957308563274;41.666666666666664;0.06533260143532132;317.2966863891205;0.06533179640027137;265.53242839466077;[4071.7, 4155.0, 4247.5, 4042.0, 3908.2, 3923.1, 3563.7, 3806.9, 4360.7, 4563.2, 4354.9, 4323.4, 3629.0];[4244.97253237614, 4212.886857081392, 4161.040272539204, 4221.110790235267, 4152.6876714189275, 4175.49206243181, 4187.267190077519, 4231.455606879825, 4189.871593891084, 4183.338523214759, 4152.026416892923, 4232.889951206191, 4195.115616373871];2014-10-12 12:00:00;2015-01-04 12:00:00
264;13;ADE;0.10773876235218022;50.0;0.10184669714238831;221.59865713985863;0.10184428121153567;214.7183265079104;[2057.7, 2149.37, 2022.19, 2061.06, 2031.96, 1904.36, 1962.29, 2017.42, 2020.85, 1963.84, 1942.14, 1973.34, 2009.61];[2245.0154409425513, 2223.7771823975736, 2236.7027853570507, 2245.064800385334, 2254.665802096243, 2227.998654957281, 2225.7587399930103, 2206.336130635233, 2213.9635746941813, 2196.286292807858, 2197.137233128411, 2202.487610979711, 2232.2739962283963];2016-10-09 12:00:00;2017-01-01 12:00:00
265;13;ADE;0.10201988382946038;75.0;0.09671028957197893;213.25662611965413;0.09670802166625471;206.22063038263192;[2072.76, 2162.78, 2042.96, 2108.32, 2022.16, 1989.55, 2020.05, 2071.25, 2013.96, 1993.61, 1976.23, 1966.25, 2030.46];[2231.6244436066686, 2240.2105228591245, 2229.594743130417, 2249.2310363291494, 2257.210359564302, 2253.8714027847022, 2238.6308050101247, 2240.6510819071254, 2239.4385798636063, 2234.3571602618235, 2232.036996863897, 2237.7015735002615, 2266.649489293013];2016-10-09 12:00:00;2017-01-01 12:00:00
266;13;ADE;0.11121160548410274;41.666666666666664;0.11086860260800939;505.66136079053183;0.11086706914987005;405.36561372401025;[3031.2, 2833.0, 3121.8, 3662.4, 3801.4, 3635.9, 3732.4, 2989.6, 4445.3, 4025.2, 4599.9, 4366.5, 3613.2];[3442.504197104105, 3487.386626457631, 3473.140698190965, 3501.016199009492, 3531.1435979196876, 3627.047788861543, 3702.315558230871, 3691.4340794298732, 3681.271225110418, 3763.6275358996922, 3663.476410330731, 3673.046764187616, 3638.0324567796106];2014-10-12 12:00:00;2015-01-04 12:00:00
267;13;ADE;0.0563850589454052;66.66666666666667;0.054160437218517946;85.35732037198154;0.05415838349275437;71.43463313157608;[1306.27, 1382.07, 1271.27, 1314.49, 1308.47, 1194.08, 1259.07, 1298.64, 1304.74, 1285.92, 1251.62, 1308.33, 1369.04];[1378.7126151245361, 1382.3714204566659, 1386.5544236629644, 1392.5331552609457, 1391.419148097178, 1376.269833967366, 1367.872810207493, 1352.1226022821927, 1352.8021392361875, 1341.2673370188386, 1344.2968054089558, 1345.032340228619, 1371.405599758546];2016-10-09 12:00:00;2017-01-01 12:00:00
268;13;ADE;0.07195841535751639;41.666666666666664;0.068995721013793;96.5892215802859;0.06899304214938703;88.87646129914702;[1258.78, 1335.44, 1229.92, 1305.02, 1251.08, 1192.61, 1232.56, 1280.13, 1217.91, 1237.3, 1200.59, 1223.0, 1325.46];[1363.144569102739, 1345.3472006380634, 1347.908873186593, 1351.657232787997, 1361.1259275330945, 1347.034913150569, 1334.9527153781141, 1329.0342076458537, 1320.81249647354, 1311.3414416859698, 1319.352550871515, 1333.5459863924646, 1379.9358820423981];2016-10-09 12:00:00;2017-01-01 12:00:00
269;13;ADE;0.03758832820530079;66.66666666666667;0.038547575586154556;364.19651596656377;0.038547336034919194;310.2220807465998;[7727.9, 8061.2, 7905.6, 7710.1, 7937.5, 7954.8, 8244.7, 8336.4, 8431.2, 8311.7, 8421.9, 8301.7, 8375.9];[7863.694729024006, 7812.45570166595, 7772.644567906002, 7776.449623148555, 7778.66273236183, 7812.899062834513, 7821.017070626626, 7835.930363148696, 8016.779019575195, 7900.693506772473, 7979.971980347882, 8099.77164108485, 7621.031656142749];2014-10-12 12:00:00;2015-01-04 12:00:00
270;13;ADE;0.050071623415031824;50.0;0.051749030605694024;464.01962219136885;0.05174869834693317;403.04424901083286;[7661.3, 7754.9, 7634.3, 7495.5, 7846.8, 7899.6, 8028.8, 8126.1, 8295.7, 8169.0, 8102.7, 7990.4, 8058.8];[7794.485040489016, 7661.254734503309, 7556.172545077075, 7545.259457696167, 7493.572957125195, 7466.340203958937, 7473.17196221215, 7522.6016013097305, 7586.355089316544, 7556.093811041246, 7561.582913887263, 7571.192134871466, 7402.131307741442];2014-10-12 12:00:00;2015-01-04 12:00:00
271;13;ADE;0.029958692946370453;66.66666666666667;0.029443696489073395;30.50223805007236;0.02944216481117969;28.299601228856666;[974.11, 971.93, 949.5, 952.55, 956.53, 955.04, 928.78, 934.69, 937.57, 942.2, 943.45, 949.25, 951.63];[982.1758416740311, 980.5608142118763, 980.1204198221094, 977.6776047254915, 979.2324663606541, 976.3632363318638, 975.8455262221997, 977.9101644533582, 978.5676829788406, 976.4859935927595, 975.6530020715749, 975.5301270443642, 979.0019364860133];2016-10-09 12:00:00;2017-01-01 12:00:00
272;13;ADE;0.052621817908453446;41.666666666666664;0.05418416404508212;372.8024835249712;0.05418375062255999;355.09625173194377;[6542.2, 6602.2, 6631.8, 6704.4, 6867.5, 6809.7, 6853.3, 6828.4, 6750.5, 6774.3, 6767.8, 6564.6, 6614.5];[6299.768560423834, 6321.326547855081, 6353.537179328247, 6350.829259901353, 6333.1158873137465, 6345.1799985579255, 6347.77371351929, 6368.069787478326, 6382.198004896321, 6384.793935511842, 6386.157583282862, 6410.117806809613, 6412.080462606288];2016-10-09 12:00:00;2017-01-01 12:00:00
273;13;ADE;0.21844150166847998;41.666666666666664;0.1951441692406483;158.64443745941685;0.19513173178534166;153.14376729246234;[751.43, 767.3, 750.92, 746.57, 723.49, 710.28, 703.22, 718.78, 716.11, 677.92, 690.52, 665.01, 640.57];[848.0612616374445, 852.6758699038219, 861.2297737694723, 867.0275031192573, 863.218904954786, 870.0130700883627, 871.2424036237759, 872.6345444519909, 871.5187893038593, 867.4905872424819, 862.9611170018065, 867.2741662748341, 877.640983430117];2016-10-09 12:00:00;2017-01-01 12:00:00
274;13;ADE;0.13493048935226354;16.666666666666668;0.12500854999260144;1112.284885529843;0.1250077969588057;1037.8809687922346;[8139.8, 8273.4, 8130.4, 8033.0, 7710.8, 7969.4, 7874.9, 7911.2, 7960.5, 7563.1, 7756.4, 7432.5, 7050.0];[8757.918406140185, 8755.796375328637, 8774.290110124766, 8791.148662369942, 8842.470922513121, 8893.315439425018, 8895.156779940886, 8850.965144429761, 8904.329134012623, 8917.411283015073, 8905.744526821009, 8916.955784260266, 9092.350025917762];2016-10-09 12:00:00;2017-01-01 12:00:00
275;13;ADE;0.04127210297101746;50.0;0.04233734723706183;544.4821202676795;0.04233716122656915;481.9142940029682;[11409.5, 11408.2, 11485.6, 11820.4, 11735.0, 12147.0, 11899.3, 11303.7, 11336.7, 11585.8, 11662.6, 11191.2, 10895.7];[10999.77675773979, 10968.047234384529, 11008.705376570324, 11166.923343188286, 11101.849138613063, 11101.616650894892, 11104.001546087226, 11125.035269419759, 11089.115170075613, 11100.733011046173, 11096.285271822204, 11083.739607935573, 11121.414199816016];2016-10-09 12:00:00;2017-01-01 12:00:00
276;13;ADE;0.026287853388339465;41.666666666666664;0.02699365307766123;125.64876724053615;0.02699322543451365;85.33203164997835;[3257.323, 3271.85, 3284.499, 3248.314, 3162.48, 3345.109, 3283.453, 3260.614, 3232.998, 3257.269, 3299.522, 3306.657, 3294.326];[3257.39509649349, 3192.749741818102, 3183.453657994271, 3283.7491396669243, 2815.796057140993, 3333.8308122042663, 3277.6615705372897, 3203.550234893694, 3268.7321030977746, 3230.804577859151, 3101.107945258464, 3195.928386103118, 3395.8310560008786];2016-10-09 12:00:00;2017-01-01 12:00:00
277;13;ADE;0.05712836880070617;50.0;0.054899079383172324;82.81212846242428;0.054896929855240154;70.13002065919873;[1261.984, 1332.9, 1226.2, 1267.01, 1266.63, 1153.61, 1217.88, 1256.22, 1260.13, 1249.54, 1214.15, 1271.59, 1333.46];[1338.7476968201731, 1342.7616964169774, 1345.7543231417148, 1348.7434192422197, 1350.564884604142, 1328.030153877324, 1318.9689924696147, 1309.849144919824, 1306.3870291698497, 1293.244211659137, 1295.7592954687082, 1299.8296873845054, 1322.5662666046062];2016-10-09 12:00:00;2017-01-01 12:00:00
278;13;ADE;0.06255857404948834;41.666666666666664;0.060148342004653244;84.03903533956183;0.06014591264121738;74.50630755863452;[1212.443, 1284.81, 1181.98, 1256.58, 1204.17, 1146.31, 1184.67, 1231.88, 1164.92, 1195.17, 1157.35, 1182.41, 1284.83];[1324.6848976656313, 1277.842261261542, 1284.3949074844022, 1294.5825111821487, 1311.2371135885517, 1297.214198765099, 1271.3165372243404, 1256.6258755878448, 1239.4183689534807, 1227.3832923943764, 1246.8190214630738, 1253.030992416447, 1357.6195427983953];2016-10-09 12:00:00;2017-01-01 12:00:00
279;13;ADE;0.03819728669934769;58.333333333333336;0.038954156721311445;210.67483122521142;0.03895379340435679;208.82799867281875;[5447.979, 5462.14, 5487.29, 5483.53, 5478.69, 5471.28, 5473.97, 5487.77, 5448.53, 5428.96, 5440.01, 5462.1, 5471.9];[5270.670722490941, 5266.922108115981, 5268.637835427633, 5251.889981040054, 5238.606892409736, 5237.431981340883, 5250.759636629235, 5231.030771291905, 5264.1726464050225, 5267.214070881363, 5267.608666936908, 5248.668247441217, 5265.771456842477];2016-10-09 12:00:00;2017-01-01 12:00:00
280;13;ADE;0.04733414089943368;75.0;0.049276106038456106;118.89820266983634;0.04927477250327704;91.083644878943;[1756.0, 1849.0, 1859.0, 1774.0, 1799.0, 1895.0, 1793.0, 1730.0, 1815.0, 1919.0, 1963.0, 1977.0, 2010.0];[1762.2868519214803, 1785.323939349062, 1771.0478025384725, 1771.3029740389384, 1784.4664610131208, 1796.5204226710878, 1746.064245778229, 1715.3759499513365, 1749.446881832132, 1758.4621800824762, 1764.884679401962, 1757.1616897729148, 1805.1422420654894];2016-10-23 12:00:00;2017-01-15 12:00:00
281;13;ADE;0.023974518058845658;50.0;0.02447149660376425;67.35214600594445;0.024470911934206325;51.217593878680766;[2144.366551, 2155.275445, 2134.710461, 2155.964119, 2136.584281, 2111.357748, 2151.224229, 2102.505934, 2097.694159, 2081.464003, 2116.373998, 2109.410461, 2135.181639];[2074.265190042701, 2075.056031383099, 2150.864270450018, 2001.2781136890387, 2027.5420612039115, 2111.241243397623, 2104.216072422655, 2057.4914280079033, 2021.196117294716, 2092.7855330463553, 2131.1381284285617, 2100.6435731538913, 2103.0454849065463];2016-10-23 12:00:00;2017-01-15 12:00:00
282;13;ADE;0.4126123561805958;66.66666666666667;0.33924112366749565;140.4598481748825;0.3391990400424608;136.955523861626;[338.554154, 335.62152, 339.293614, 334.767926, 346.838264, 348.526527, 321.768721, 345.408096, 330.985181, 329.278867, 317.836472, 335.474349, 303.970852];[426.07549763519734, 406.0593971607283, 506.70393260267576, 486.78562816861137, 458.77142081975944, 466.83634406808414, 495.43528194744704, 501.7355213522331, 487.39708106220553, 490.6243614076054, 480.0968009620137, 477.88331048711217, 424.34177552746496];2016-10-23 12:00:00;2017-01-15 12:00:00
283;13;ADE;0.06035008291941184;58.333333333333336;0.05666723479091963;46.81804561091315;0.05666234282672529;32.85335030459235;[572.83, 578.84, 601.86, 577.06, 575.18, 583.88, 583.42, 586.89, 590.86, 592.64, 588.47, 514.43, 504.2];[615.1886965518277, 614.8272663695514, 612.0038991823643, 575.2369687786089, 586.0706988107588, 589.1096156567738, 593.8814592728901, 597.6902510885088, 622.775836617304, 619.4054659775231, 618.1481980164868, 615.3176562481534, 614.3514789461672];2016-11-27 12:00:00;2017-02-19 12:00:00
284;13;ADE;0.5628361793267914;58.333333333333336;0.43838575299146154;399.51130493842265;0.4383615630534429;397.4828378464515;[692.124, 687.527, 691.085, 705.06, 706.426, 697.053, 691.771, 695.644, 716.192, 722.715, 721.569, 721.882, 739.725];[1051.7132516925562, 1058.0257628162667, 1083.5423122050186, 1066.1432125486708, 1102.364134443933, 1093.199944712953, 1107.7901674747948, 1207.1881933811032, 1098.2126859650791, 1152.6006613743423, 1119.9713794564914, 1130.3750477921155, 1084.9231381405461];2016-11-27 12:00:00;2017-02-19 12:00:00
285;13;ADE;0.01737781844909591;50.0;0.01731041506575707;216.32885980651255;0.017310332766748805;182.06489404265687;[10549.0, 10683.7, 10413.7, 10294.3, 10494.1, 10588.0, 10359.7, 10236.7, 10403.6, 10394.8, 10697.7, 10778.3, 10831.8];[10310.054247670918, 10401.415575087954, 10426.569366268455, 10571.485356250467, 10517.226179489951, 10574.165246790411, 10552.215931200351, 10639.133460115223, 10659.297451354118, 10622.519007735973, 10636.132384633687, 10621.656042152, 10609.779633525026];2016-11-27 12:00:00;2017-02-19 12:00:00
286;13;ADE;0.04257746208742709;50.0;0.044044104899652416;125.63187698653113;0.044043136319432345;100.14879643111645;[2187.16, 2205.63, 2214.48, 2228.7, 2312.59, 2368.47, 2384.82, 2353.87, 2374.86, 2351.83, 2331.47, 2340.08, 2351.46];[2194.9963717214873, 2222.3751608104203, 2202.800300700821, 2233.504223602146, 2310.9331573719696, 2242.5763623818048, 2229.7118717663743, 2244.4805252625792, 2172.907915391972, 2160.120377434124, 2175.601940829142, 2180.9250286152715, 2191.323922775481];2016-11-27 12:00:00;2017-02-19 12:00:00
287;13;ADE;0.008125185805081026;58.333333333333336;0.008076701362805529;78.5213168617628;0.008076649795834;63.25332350610755;[7742.4, 7742.4, 7747.4, 7750.3, 7712.9, 7875.2, 7871.1, 7867.6, 7867.8, 7865.8, 7865.3, 7841.8, 7779.9];[7801.059782296392, 7806.5506556426835, 7813.22164476467, 7810.285489758567, 7842.283773020491, 7856.216127776757, 7850.258357340608, 7846.830993850536, 7860.320116414636, 7845.741046581126, 7939.964570502248, 7959.667497681515, 7943.526433876495];2016-11-27 12:00:00;2017-02-19 12:00:00
288;13;ADE;0.023890039862162808;58.333333333333336;0.024146113333135655;284.4647626559134;0.02414599048749174;237.32105624084286;[9790.0, 9800.0, 10160.0, 9960.0, 9920.0, 9710.0, 10070.0, 9970.0, 10000.0, 9770.0, 9840.0, 9840.0, 9750.0];[9542.769002082741, 9628.953021544714, 9583.17912347504, 9481.98401873024, 9750.925888998812, 9732.462891250145, 9762.307609057465, 9686.61970405175, 10005.366044143178, 9997.644281301558, 9977.081565479377, 9969.318055629217, 10080.039261268244];2015-04-05 12:00:00;2015-06-28 12:00:00
289;13;ADE;0.059198882318959714;75.0;0.061417653820952975;1134.9169557608966;0.06141745192168772;934.7270665279128;[15593.6, 15096.7, 13956.7, 14349.8, 14700.6, 15026.8, 14956.2, 15354.3, 15842.4, 16424.9, 16261.7, 16238.3, 16523.1];[15067.232797302711, 15120.566467596153, 14828.825323265306, 14866.090855674265, 14872.098235418263, 14748.973613437138, 14524.666059708623, 14337.434794589368, 14636.305548303753, 14675.040714169289, 14588.047695938256, 14438.645098182378, 14637.282695459602];2015-04-05 12:00:00;2015-06-28 12:00:00
290;13;ADE;0.08459443660056623;33.333333333333336;0.07985937255933388;761.0328912817167;0.07985888082074871;648.5882282136274;[7931.0, 7981.7, 7898.8, 8095.8, 7630.4, 8375.1, 8041.0, 8141.3, 7431.5, 7448.9, 7899.0, 7716.7, 7367.0];[8179.01668799298, 8389.855354111503, 8298.259572664194, 8205.464765968349, 8444.854371638057, 8531.863577581495, 8600.507557855959, 8566.882917254876, 8700.791590596686, 8681.528200953933, 8643.07335618919, 8490.675673818352, 8657.07334015158];2017-07-23 12:00:00;2017-10-15 12:00:00
291;13;ADE;0.06264065586067499;41.666666666666664;0.060339747630459864;1159.1268155205935;0.0603395762732678;1062.7616319103943;[17618.9, 17397.7, 17308.2, 17341.1, 16890.5, 17910.6, 17573.8, 17610.4, 16916.2, 16970.8, 17256.0, 16901.0, 15827.8];[18082.91967595374, 18317.089050628492, 18260.666817325116, 18018.66372611656, 18053.527657563383, 18392.85976733813, 18554.979194787164, 18462.870324438365, 18273.74878313793, 18378.22993413651, 18289.5501518225, 18088.97654280493, 18164.819588782306];2017-07-23 12:00:00;2017-10-15 12:00:00
292;13;ADE;0.13281909397489197;66.66666666666667;0.15650009245265492;586.1444196438508;0.15649648027012167;345.0086073131094;[1873.0, 1748.0, 3351.0, 2824.0, 2482.0, 1905.0, 1900.0, 1817.0, 1985.0, 1709.0, 1949.0, 1641.0, 1941.0];[1901.2764853361696, 1761.6784656925452, 1747.7630890449902, 1689.20523153368, 1809.9422800645632, 1710.744814924172, 1762.4383714674775, 1746.6366035913568, 1833.7533073955033, 1742.2560586739226, 1759.9005657963796, 1793.3640529910915, 1836.0789038051835];2017-07-23 12:00:00;2017-10-15 12:00:00
293;13;ADE;0.16478607934015782;58.333333333333336;0.14795024792667158;228.68397056179322;0.14794469072196978;197.51071803010052;[1255.8, 1480.5, 1196.1, 1618.8, 1318.5, 1427.8, 1197.9, 1301.9, 996.0, 1153.8, 1343.5, 1270.2, 1210.1];[1462.6248642846178, 1485.118217075993, 1461.933268433901, 1465.1073961554875, 1458.966092989312, 1464.0780358891927, 1473.6945294454997, 1460.0010555476874, 1462.7083147123337, 1455.3108420997066, 1465.3541568225355, 1456.105348086359, 1460.1520051596556];2017-07-23 12:00:00;2017-10-15 12:00:00
294;13;ADE;0.3819360426904881;41.666666666666664;0.31814653660986697;1249.0713512012837;0.3181423598156216;1215.4134859237697;[3090.0, 3218.0, 3071.0, 3054.0, 3124.0, 3185.0, 3205.0, 3158.0, 3235.0, 3157.0, 3002.0, 3736.0, 3258.0];[4062.069654695707, 4034.803216837161, 4063.0130254605647, 4099.240064815935, 4150.294079859533, 4224.718439150651, 4295.7428170621515, 4404.962164781372, 4586.264139931072, 4685.182538186871, 4765.074356671985, 4918.592400565108, 5003.418418990897];2017-07-16 12:00:00;2017-10-08 12:00:00
295;13;ADE;0.13233274306651888;58.333333333333336;0.11842784765956395;456.3402474102163;0.11842572259651454;334.08637519248106;[3427.0, 2655.0, 2957.0, 3214.0, 2609.0, 1843.0, 2775.0, 3629.0, 3045.0, 2894.0, 2500.0, 3242.0, 3062.0];[3107.775797986319, 3028.705928057374, 3050.2494263448525, 3080.029028025774, 3083.677067697488, 3032.007689405728, 3022.3261444216887, 2969.3294762619976, 3039.9372496677024, 3005.399346695729, 3011.966381665213, 3085.323135520653, 2994.8144193233734];2017-07-16 12:00:00;2017-10-08 12:00:00
296;13;ADE;0.12100554792798703;66.66666666666667;0.10947865080052047;642.0491704604655;0.10947746190182463;510.3339506942403;[5520.0, 4651.0, 4787.0, 5396.0, 4341.0, 3130.0, 4231.0, 4702.0, 5425.0, 4859.0, 4622.0, 5740.0, 5070.0];[4987.147324778708, 5049.543019439712, 5124.84582020171, 5024.532020637279, 4969.363635903445, 4791.533464151066, 4899.658044169415, 5261.774389191549, 5232.851225259938, 5041.586103570984, 5398.524301294507, 5472.337647665283, 5013.619200556057];2017-07-16 12:00:00;2017-10-08 12:00:00
297;13;ADE;0.17163342218438843;75.0;0.1406616502001413;637.7317678485699;0.1406594474718844;456.7664575202064;[3806.0, 2828.0, 3516.0, 3576.0, 2979.0, 1842.0, 3514.0, 4137.0, 3570.0, 3348.0, 3245.0, 4174.0, 3695.0];[3553.475436219151, 3514.049349012723, 3695.6380226852284, 3810.003749337655, 3644.7889124583494, 3675.4153898675963, 3780.4837462990863, 3752.600631346169, 3750.8144120389097, 3719.1855632996053, 3894.985927643511, 3952.415302119859, 3707.0902448051984];2017-07-16 12:00:00;2017-10-08 12:00:00
298;13;ADE;0.10680699272431252;50.0;0.10178821915579625;453.44988384494997;0.10178658438281071;321.3837460237893;[3952.0, 3296.0, 3338.0, 3522.0, 3138.0, 2128.0, 2955.0, 3950.0, 3260.0, 3003.0, 2981.0, 3182.0, 3275.0];[3165.6539580504596, 3174.3496024476913, 3247.025915712968, 3294.952100974741, 3227.648726883211, 3192.03951612785, 3180.4516227685435, 3169.14399691323, 3268.3377640929075, 3221.608531370761, 3262.8590394769267, 3400.6390872886027, 3210.470015600452];2017-07-16 12:00:00;2017-10-08 12:00:00
299;13;ADE;0.1399928849090401;58.333333333333336;0.12719576174821648;293.98646605747365;0.12719222543519906;232.5171417007765;[2374.0, 1834.0, 1881.0, 1979.0, 1699.0, 1155.0, 1765.0, 2300.0, 1820.0, 1777.0, 1643.0, 1919.0, 1892.0];[1948.2074346424058, 1982.4783205864435, 1942.0821659101143, 1910.6885670160525, 1893.720055003801, 1875.9806803928443, 1957.400503148511, 1964.2343244325025, 2001.9298226967646, 1950.2419222932094, 1987.1999855669424, 2067.3053117429445, 1919.5144008594802];2017-07-16 12:00:00;2017-10-08 12:00:00
300;13;ADE;0.08455593723650552;58.333333333333336;0.082999739970796;297.7938754872517;0.08299820451764323;225.66300816237592;[3392.0, 2854.0, 2689.0, 2867.0, 2815.0, 2185.0, 2861.0, 2947.0, 2624.0, 2433.0, 2365.0, 2874.0, 2649.0];[2711.7468455751045, 2767.9689292527532, 2736.168094228832, 2741.930354482666, 2708.8489511413663, 2701.836520423346, 2739.243002908825, 2704.82305445573, 2738.7588240519567, 2709.9649261542636, 2823.6565721471175, 2783.1567807715874, 2715.952087693404];2017-07-16 12:00:00;2017-10-08 12:00:00
301;13;ADE;0.10807535480790074;41.666666666666664;0.11760778665073442;501.73939490581176;0.11760591394064633;371.6871986743384;[3121.0, 2733.0, 2775.0, 3159.0, 2695.0, 2770.0, 3158.0, 2702.0, 3445.0, 3021.0, 3534.0, 4221.0, 3385.0];[2789.6231567689983, 2871.491130084356, 2845.019864182974, 2828.5046907613, 2838.0775831971137, 2798.676108594923, 2812.8007823485013, 2833.5084688885563, 2877.554187561357, 2831.359404209923, 2829.168893136338, 2905.787867373481, 2849.0405900216256];2017-07-16 12:00:00;2017-10-08 12:00:00
302;13;ADE;0.15176529117263268;75.0;0.13037672708944942;874.1187930268683;0.13037539862312025;647.4376632125505;[5797.0, 4859.0, 5145.0, 5401.0, 4446.0, 3132.0, 4343.0, 5185.0, 5489.0, 5312.0, 5005.0, 6408.0, 5480.0];[5528.401616823308, 5557.149120682505, 5601.208135956038, 5720.69811726108, 5496.5322217026305, 5438.598058871024, 5590.709773696649, 5649.119807083459, 5635.345012761576, 5492.105073908764, 5580.567591514676, 5713.892441485821, 5471.049233366115];2017-07-16 12:00:00;2017-10-08 12:00:00
303;13;ADE;0.13533765406003997;83.33333333333333;0.11754471419796635;451.154982515937;0.11754247807674509;315.3601800527292;[3253.0, 2595.0, 2754.0, 2963.0, 2634.0, 1609.0, 2817.0, 3632.0, 3136.0, 2790.0, 2432.0, 3129.0, 3024.0];[2949.9278840781044, 2879.6106544115614, 2911.917142240778, 2932.772800928291, 2910.607932215746, 2869.778141604077, 2910.748865467895, 2977.0773078434836, 2978.657043819793, 2948.745334518277, 2955.3046970823953, 3034.8105355423454, 2919.784854643233];2017-07-16 12:00:00;2017-10-08 12:00:00
304;13;ADE;0.2577621943792857;58.333333333333336;0.21634956489169788;752.2927770837;0.21634594128330764;649.2238050388055;[3358.0, 2770.0, 2791.0, 2943.0, 2574.0, 1892.0, 2428.0, 3243.0, 2828.0, 2730.0, 2560.0, 3425.0, 2957.0];[3453.634000192999, 3577.8172544364693, 3495.523335836526, 3497.164858778751, 3421.385793518244, 3367.9461794240965, 3442.0369990171953, 3419.0447477263388, 3438.691255188536, 3419.0348298904087, 3520.2787375064227, 3536.9344603361947, 3349.4170136522926];2017-07-16 12:00:00;2017-10-08 12:00:00
305;13;ADE;0.18397521488092144;75.0;0.15209765581519552;458.28032548562373;0.15209414048929387;335.18626544794813;[2558.0, 2048.0, 2187.0, 2435.0, 1885.0, 1225.0, 2385.0, 3028.0, 2388.0, 2236.0, 2135.0, 2696.0, 2497.0];[2444.5966784080656, 2493.6653591408985, 2529.531243575244, 2548.235928245073, 2475.5866563239806, 2462.9860919593234, 2499.0369772535746, 2488.2059041410494, 2477.583239365334, 2431.9436864005647, 2501.411354495826, 2576.068757408129, 2408.687745979249];2017-07-16 12:00:00;2017-10-08 12:00:00
306;13;ADE;0.11605094163984957;91.66666666666667;0.10632536213701659;422.3196915340766;0.10632365827451845;334.33745964617685;[3460.0, 3044.0, 3400.0, 3706.0, 2874.0, 2274.0, 2800.0, 3050.0, 3473.0, 2985.0, 3099.0, 3948.0, 3311.0];[3213.188941233003, 3112.075002336819, 3248.084415689424, 3466.2965081875836, 3326.9255113712043, 3278.422776321906, 3436.0668185871928, 3515.3449744082086, 3475.862943658142, 3341.844257262405, 3372.8842964163814, 3592.172194870642, 3402.702455018693];2017-07-16 12:00:00;2017-10-08 12:00:00
307;13;ADE;0.13310087219299202;66.66666666666667;0.11667175179584459;339.40636714930076;0.11666892954888798;243.96326420685506;[2573.0, 2124.0, 2185.0, 2420.0, 1932.0, 1351.0, 1891.0, 2117.0, 2349.0, 2289.0, 2047.0, 2592.0, 2279.0];[2213.9162579786243, 2237.3177836605505, 2328.3678753267436, 2328.8525133096646, 2255.8623168282293, 2277.315443226948, 2334.1352462891196, 2353.180815483895, 2329.123391006124, 2270.415814490107, 2293.2122279432174, 2369.0703842029698, 2251.4909130820974];2017-07-16 12:00:00;2017-10-08 12:00:00
308;13;ADE;0.10119565310511783;58.333333333333336;0.10457345748409798;924.3376001395042;0.10457268573044069;713.0252194403827;[7378.0, 6631.0, 6561.0, 7425.0, 7372.0, 6258.0, 8446.0, 7995.0, 6836.0, 6070.0, 5230.0, 6259.0, 6478.0];[6409.196466647472, 6546.298874413494, 6569.107514604268, 6503.564593834858, 6385.008797214431, 6176.102304720519, 6519.685854586332, 6517.331196559125, 6395.055549347481, 6329.889470594512, 6584.4581423130085, 6801.436148391004, 6262.319785854105];2017-07-16 12:00:00;2017-10-08 12:00:00
309;13;ADE;0.13742734866409573;50.0;0.15133050964353711;936.9824476854196;0.15132900178055012;762.6043483680655;[5183.0, 4647.0, 5227.0, 5734.0, 5549.0, 4025.0, 5253.0, 6645.0, 5251.0, 4651.0, 4383.0, 5649.0, 5316.0];[4520.723661029111, 4585.7499970930585, 4504.108823537221, 4478.22187622935, 4455.5601808424435, 4343.3607917614945, 4509.471352264215, 4458.620398158935, 4491.718096502689, 4476.644600048553, 4524.482724836464, 4709.361010137746, 4460.806991969783];2017-07-16 12:00:00;2017-10-08 12:00:00
310;13;ADE;0.09925353630221932;66.66666666666667;0.10178664299379916;603.5599722750047;0.10178558156548531;490.7542560929678;[5535.0, 4926.0, 4816.0, 5557.0, 5197.0, 3914.0, 4856.0, 5834.0, 5014.0, 4424.0, 3970.0, 4932.0, 4835.0];[4594.637827102468, 4629.015999290491, 4557.291482089161, 4577.601515821437, 4556.169141469652, 4683.260461864602, 4812.853183124042, 4787.81406839426, 4771.2207031619055, 4542.065471544128, 4665.2165140663665, 4860.558237501654, 4557.5749603114455];2017-07-16 12:00:00;2017-10-08 12:00:00
311;13;ADE;0.09223383640544815;58.333333333333336;0.09529260394967018;560.3445259673607;0.09529153331560747;426.5590152697831;[4895.0, 4096.0, 4309.0, 4967.0, 5689.0, 3706.0, 4645.0, 4642.0, 4373.0, 3965.0, 3795.0, 4215.0, 4198.0];[4227.514206892083, 4248.375579895127, 4205.3669328601245, 4344.075850715261, 4239.732646735449, 4151.942294091747, 4229.033759180962, 4216.11864317862, 4292.639394455419, 4215.960340664019, 4449.7265195459195, 4463.600476016916, 4225.143422311371];2017-07-16 12:00:00;2017-10-08 12:00:00
312;13;ADE;0.29135964177167073;66.66666666666667;0.25285631539876846;645.2317827832209;0.25285125061504005;632.068507679583;[2115.0, 2203.0, 2102.0, 2090.0, 2138.0, 2180.0, 2194.0, 2162.0, 2214.0, 2161.0, 2055.0, 2557.0, 2230.0];[2683.6123622912664, 2661.327074094691, 2642.528240959043, 2675.970469971266, 2688.1430307944397, 2743.9008957506317, 2826.700275735347, 2903.995545059735, 2949.1405724894576, 2968.2520381473055, 2955.941164871701, 3004.37514038974, 2914.003789279956];2017-07-16 12:00:00;2017-10-08 12:00:00
313;13;ADE;0.07770085965639208;50.0;0.07816220747285747;823.8550219368351;0.07816175004253188;669.324920319658;[9441.0, 8986.0, 8449.0, 9450.0, 9509.0, 7357.0, 8471.0, 9510.0, 8440.0, 8063.0, 7471.0, 8021.0, 8301.0];[8192.312212416968, 8346.193475732485, 8330.571798069264, 8482.88287124494, 8452.25513767145, 8211.341019601186, 8399.062432555622, 8300.446494142665, 8344.676504721248, 8238.808875281, 8810.95988746873, 8888.304726563665, 8244.789618204388];2017-07-16 12:00:00;2017-10-08 12:00:00
314;13;ADE;0.11518159368559108;33.333333333333336;0.10520720535631964;655.7778234002318;0.10520614096182136;521.0179739778107;[5316.0, 5008.0, 5037.0, 5095.0, 5226.0, 3920.0, 4911.0, 5467.0, 4717.0, 4589.0, 4346.0, 4605.0, 4745.0];[5153.159538938841, 5304.973829199273, 5219.838998203383, 5348.13912894369, 5289.91829159822, 5202.319200439877, 5321.4261438767635, 5242.8003503591335, 5333.522369109907, 5257.757855927132, 5616.6006557252895, 5567.5118248545305, 5123.185253131449];2017-07-16 12:00:00;2017-10-08 12:00:00
315;13;ADE;0.08012963546694393;50.0;0.08013296619965603;273.73198141590694;0.08013161098868285;237.89304382653066;[3210.0, 2787.0, 2867.0, 3217.0, 3157.0, 2388.0, 2739.0, 3447.0, 3038.0, 2883.0, 2938.0, 3259.0, 3113.0];[2858.049553828329, 3013.854384339013, 3006.7746533824825, 2984.2182165599197, 2901.050289284236, 2834.5649685112517, 2980.424191380026, 2914.476929294082, 3005.791778236586, 2959.8060386549173, 3189.570979597407, 3136.3322977739235, 2931.4665811431228];2017-07-16 12:00:00;2017-10-08 12:00:00
316;13;ADE;0.11150011010439108;33.333333333333336;0.10346954969384892;531.5457962516059;0.10346825067816362;413.8752079710913;[4508.0, 3991.0, 3886.0, 4226.0, 4297.0, 3077.0, 3922.0, 4642.0, 4072.0, 3787.0, 3349.0, 4066.0, 3983.0];[3871.792373514137, 3958.693464437529, 4197.45514417358, 4126.589304574656, 4033.069956336977, 4046.379495868973, 4274.314821819155, 4349.089629759111, 4525.562707680438, 4307.165388848508, 4529.52207495074, 4332.716747566838, 3984.496051338365];2017-07-16 12:00:00;2017-10-08 12:00:00
317;13;ADE;0.06355968650958357;50.0;0.06121725764394271;264.9953853729432;0.061216464598814205;236.49447741519424;[3655.0, 3808.0, 3633.0, 3613.0, 3695.0, 3768.0, 3792.0, 3736.0, 3827.0, 3735.0, 3552.0, 4420.0, 3854.0];[3962.06222885679, 3882.237522908691, 3868.1934923924864, 3900.6852636743333, 3924.681785156881, 3928.561852855111, 3916.17831445927, 3966.4782901530457, 4023.2593005819112, 4091.371822595653, 4109.598460090948, 4231.970671785789, 3981.0905444581936];2017-07-16 12:00:00;2017-10-08 12:00:00
318;13;ADE;0.10479429373827548;58.333333333333336;0.11104569936070717;349.6748593104266;0.11104343781074263;274.2048865418788;[2547.0, 2678.0, 2381.0, 2733.0, 2894.0, 1965.0, 2326.0, 3097.0, 2363.0, 2247.0, 2099.0, 2524.0, 2466.0];[2256.4236686473423, 2269.7653091178618, 2321.2410808398827, 2376.111421747153, 2325.437142921546, 2231.6856116690246, 2283.1628730618377, 2289.4324061717953, 2321.6853811348806, 2292.8377273111087, 2357.210590006755, 2339.4493156002322, 2232.3618046999322];2017-07-16 12:00:00;2017-10-08 12:00:00
319;13;ADE;0.19404937650227053;50.0;0.21674198710850037;665.543155825529;0.21673757212085037;537.428335984989;[2572.0, 2584.0, 2776.0, 3036.0, 3647.0, 2357.0, 2695.0, 3086.0, 2379.0, 1989.0, 1862.0, 2062.0, 2276.0];[2116.962497159425, 2189.0168949578, 2188.7256980573325, 2157.7188172104934, 2026.8187525695032, 2003.5307961273168, 2101.141194007386, 2158.4125795714904, 2233.92267184948, 2184.4251089353247, 2246.9674968241575, 2346.735103578382, 2110.309440022781];2017-07-16 12:00:00;2017-10-08 12:00:00
320;13;ADE;0.10058630296787276;58.333333333333336;0.09220360041164155;709.8687072853002;0.0922027817151993;523.4174960684054;[6172.0, 5932.0, 5665.0, 6110.0, 5342.0, 4145.0, 5273.0, 5132.0, 6994.0, 6018.0, 5745.0, 6651.0, 6108.0];[5921.438509962737, 6051.826189701001, 6102.210947987602, 6138.235152473742, 5821.089067813969, 5922.995519904043, 6230.442964488761, 6003.724246536026, 6186.913173464935, 6018.504748842051, 6435.448880124603, 6379.985147713287, 5994.71343784157];2017-07-16 12:00:00;2017-10-08 12:00:00
321;13;ADE;0.0949407844904014;50.0;0.1034232669056426;376.8471593726282;0.10342122779704603;263.541747311117;[2626.0, 2370.0, 2401.0, 2830.0, 3284.0, 2103.0, 2352.0, 2865.0, 2483.0, 2381.0, 2317.0, 2530.0, 2515.0];[2358.7494870452324, 2334.1682376871267, 2309.930918697868, 2333.3177526417912, 2294.3700753282055, 2248.794606313079, 2348.409264830323, 2243.25230791916, 2315.3421193998083, 2242.9398201823183, 2409.311951262205, 2390.491027713378, 2278.0928310855516];2017-07-16 12:00:00;2017-10-08 12:00:00
322;13;ADE;0.18992860228259692;41.666666666666664;0.21676831736031796;1285.7354295713308;0.2167661592330239;1091.6952610034334;[5324.0, 4761.0, 4912.0, 5730.0, 6273.0, 4394.0, 5408.0, 6709.0, 5429.0, 5251.0, 4661.0, 5976.0, 5605.0];[4295.197326300668, 4369.354511890296, 4346.466181705563, 4372.318208816596, 4277.997009443419, 4288.369207899135, 4362.712424585649, 4089.877724817794, 4367.49653120258, 4235.939997712202, 4472.00864417324, 4499.489992832192, 4263.733845576031];2017-07-16 12:00:00;2017-10-08 12:00:00
323;13;ADE;0.1966391248127348;50.0;0.22511562606043276;718.013547676083;0.22511149099582878;614.6908143000068;[3057.0, 2539.0, 2419.0, 2741.0, 2917.0, 2209.0, 2798.0, 3546.0, 3183.0, 3140.0, 2856.0, 3481.0, 3241.0];[2324.2903033276516, 2314.418067895912, 2339.3612573158325, 2481.8687429860397, 2306.7361718292136, 2308.4003740333765, 2344.062293111067, 2218.9393191817803, 2349.7467850553303, 2266.4961640514457, 2342.3604485203914, 2451.480771273018, 2286.6594635856063];2017-07-16 12:00:00;2017-10-08 12:00:00
324;13;ADE;0.15789772939105087;50.0;0.1447364502887871;550.5709984066594;0.14473440938159568;513.3731367323539;[3215.0, 3336.0, 3183.0, 3166.0, 3238.0, 3301.0, 3322.0, 3274.0, 3354.0, 3273.0, 3112.0, 3872.0, 3377.0];[3646.417644319799, 3628.784567497451, 4020.9162488592924, 3867.8575578721884, 3751.099713720051, 3940.7745635755023, 3839.24877663337, 3707.0343475404065, 3845.541237313037, 3802.4675040952375, 3951.983633430551, 3748.166533201075, 3698.8915158647906];2017-07-16 12:00:00;2017-10-08 12:00:00
325;13;ADE;0.10519280443691414;58.333333333333336;0.10692293754074941;496.8765350754409;0.10692148531346958;397.5139123563158;[3852.0, 3618.0, 3667.0, 4098.0, 3958.0, 2932.0, 3769.0, 4767.0, 4198.0, 3692.0, 3344.0, 4281.0, 2884.0];[3558.3575534757524, 3594.27844385782, 3542.822179591041, 3644.9749198422683, 3559.496366648209, 3487.451461185472, 3660.381133683669, 3562.2265035094215, 3695.537010294958, 3598.2504730154733, 3679.561194407156, 3846.1873213610183, 3523.1801103191074];2017-07-16 12:00:00;2017-10-08 12:00:00
326;13;ADE;0.12716198044285834;50.0;0.1366042033577866;1652.2332089658298;0.1366034642533307;1275.3750380407184;[9791.0, 8592.0, 8763.0, 9250.0, 7963.0, 6586.0, 9213.0, 11666.0, 10414.0, 9639.0, 9268.0, 11945.0, 10586.0];[8389.745054733981, 8676.0512417647, 8644.355367612601, 8710.550501268555, 8164.731221112951, 8202.95027691952, 8643.172365940147, 8434.9932910827, 8653.495889819715, 8554.310784583593, 8750.718081839334, 8785.224005076503, 8291.291903310703];2017-07-16 12:00:00;2017-10-08 12:00:00
327;13;ADE;0.13697429607262554;66.66666666666667;0.14381535545826662;429.6251203729254;0.14381246308743317;361.4220016557546;[2826.0, 2377.0, 2613.0, 2854.0, 2688.0, 1744.0, 2439.0, 3290.0, 2774.0, 2447.0, 2203.0, 2916.0, 2726.0];[2265.4785208595854, 2372.8657304989047, 2438.035856207477, 2460.7982194993556, 2341.3519574885995, 2269.487026823174, 2255.7507948168172, 2341.395010759456, 2414.3381162479373, 2313.170798890619, 2390.3578065788606, 2481.005286185519, 2280.1685204229543];2017-07-16 12:00:00;2017-10-08 12:00:00
328;13;ADE;0.10250974482242896;41.666666666666664;0.1070327521019411;1315.0187281235317;0.10703222249570328;1087.6039472927498;[11786.0, 9960.0, 9820.0, 10747.0, 10786.0, 7966.0, 9968.0, 12266.0, 10587.0, 8995.0, 8982.0, 11725.0, 10511.0];[9517.10401289735, 9541.290816553552, 9786.468396445993, 9710.901391159081, 9505.084303630245, 9302.128694164252, 9688.116800815835, 9489.701235102784, 9853.555485380035, 9574.51410020698, 9898.517892242116, 10280.248071407463, 9476.838858415264];2017-07-16 12:00:00;2017-10-08 12:00:00
329;13;ADE;0.11980987601813166;58.333333333333336;0.12235882105676012;553.0955226950825;0.12235708757384438;437.04841142891325;[3899.0, 3130.0, 3356.0, 3606.0, 3534.0, 2475.0, 3407.0, 4577.0, 4188.0, 3678.0, 3283.0, 4192.0, 3984.0];[3434.489231535569, 3439.3446218570975, 3397.1233091976424, 3422.188856232756, 3390.7121655438445, 3357.2017937087703, 3422.6223562388955, 3399.09900050331, 3474.2167491013597, 3388.9807207982817, 3466.279642619239, 3537.051600061179, 3361.204051269471];2017-07-16 12:00:00;2017-10-08 12:00:00
330;13;ADE;0.10911063602294693;58.333333333333336;0.11292443127814225;868.1512874293644;0.11292350121929859;691.6430817132473;[6871.0, 5873.0, 6170.0, 6691.0, 6293.0, 4403.0, 6148.0, 7417.0, 6375.0, 5700.0, 5761.0, 6663.0, 7417.0];[5832.912790058386, 5788.218397127026, 5774.31523165232, 5855.07762325052, 5855.458804302945, 5684.893044769649, 5833.582415426528, 5815.02180437391, 6026.664333113524, 5868.695118721604, 5950.000656185389, 6034.5333767835955, 5750.443981315672];2017-07-16 12:00:00;2017-10-08 12:00:00
331;13;ADE;0.1060836651305296;50.0;0.11258527765891053;526.9799793089951;0.11258354567175474;369.9487486870757;[3191.0, 3095.0, 2805.0, 3275.0, 3230.0, 2471.0, 3448.0, 4534.0, 3545.0, 3233.0, 3179.0, 3157.0, 3530.0];[3039.7780231093157, 3034.90737927182, 3096.2273302938856, 3182.3111424125964, 2980.977946082784, 2972.451023112793, 3057.4509956649486, 3000.710008621778, 2995.608543383591, 2999.07229813361, 3096.932627461859, 3290.918809962462, 2989.5144662948546];2017-07-16 12:00:00;2017-10-08 12:00:00
332;13;ADE;0.12797830322630735;50.0;0.1387343713010249;479.7905880606633;0.13873195015870016;399.1840382396345;[2774.0, 2724.0, 2885.0, 3325.0, 3629.0, 2345.0, 3088.0, 3348.0, 2915.0, 2738.0, 2573.0, 3229.0, 2961.0];[2504.1882592452353, 2659.268372313072, 2655.5154626560193, 2679.931783883386, 2584.511875385832, 2582.5127880422365, 2670.282294361476, 2547.490288661658, 2606.007583593808, 2534.804915349524, 2746.7458486941673, 2862.5399541519646, 2533.3253500191813];2017-07-16 12:00:00;2017-10-08 12:00:00
333;13;ADE;0.14534790831809424;75.0;0.15942820007780878;706.8134870461797;0.15942614119236947;619.1902364933069;[4019.0, 3939.0, 4008.0, 4178.0, 4154.0, 3076.0, 3917.0, 4989.0, 4219.0, 4007.0, 3832.0, 4543.0, 4318.0];[3575.083230975233, 3515.593102517682, 3528.994453524744, 3732.6001773044404, 3402.9064510263847, 3173.8874545793547, 3413.9040202932924, 3372.2170103296226, 3557.535807580632, 3377.7402654786883, 3403.748746167882, 3772.5559311026896, 3518.5351838650736];2017-07-16 12:00:00;2017-10-08 12:00:00
334;13;ADE;0.1328809812104063;50.0;0.1467761631018368;825.8542445853873;0.14677455026537767;669.3997622756942;[5003.0, 4375.0, 4539.0, 4653.0, 5501.0, 3930.0, 4734.0, 5515.0, 5429.0, 4309.0, 3932.0, 4650.0, 4767.0];[4058.194791246602, 4124.740895346732, 4177.506584519501, 4211.602538096784, 4065.5520080431293, 3961.252870325697, 4095.1861966591614, 3967.8602575058185, 4100.859450081829, 3958.5065489825283, 4069.970290590753, 4196.855493825301, 3985.1614870250382];2017-07-16 12:00:00;2017-10-08 12:00:00
335;13;ADE;0.15012841439376695;83.33333333333333;0.16222503001772617;377.85867880343847;0.1622204991200587;293.8375776172879;[1984.0, 1637.0, 2053.0, 2085.0, 2375.0, 1537.0, 2031.0, 2317.0, 1744.0, 1468.0, 1250.0, 1730.0, 1702.0];[1573.8719158061426, 1552.5424378677471, 1632.4766500667945, 1694.5447023163176, 1607.811068624544, 1573.0627266456843, 1643.8631625018245, 1653.0451784129496, 1639.7125357900604, 1583.1626058327265, 1629.376869999875, 1721.1563577899155, 1649.6896842772476];2017-07-16 12:00:00;2017-10-08 12:00:00
336;13;ADE;0.15325656457133463;50.0;0.1689900010336544;400.539522129609;0.16898544916446775;316.4507566979143;[1682.0, 2188.0, 1939.0, 2411.0, 2429.0, 1734.0, 1835.0, 2171.0, 1857.0, 1650.0, 1562.0, 2022.0, 1350.0];[1633.0996523976885, 1653.4432438782922, 1667.3098947699973, 1675.0336897266998, 1639.0265786853527, 1642.8961632698772, 1650.5380789276767, 1641.2830190280001, 1665.661984277153, 1623.886976082829, 1663.6664536954208, 1683.610726440123, 1619.9833908611545];2017-07-16 12:00:00;2017-10-08 12:00:00
337;13;ADE;0.14832816502303464;41.666666666666664;0.16535619500404153;509.5108759915671;0.1653528823658706;413.9610965288617;[2838.0, 2690.0, 2470.0, 3041.0, 3116.0, 2190.0, 2571.0, 3022.0, 2481.0, 2196.0, 2106.0, 2391.0, 2614.0];[2146.0373373153875, 2190.5260954354662, 2181.8661962772194, 2230.866718288873, 2191.2432429468345, 2154.3734284052107, 2229.6604756395004, 2223.0062210264446, 2258.259042310211, 2226.8244873038852, 2270.801375150622, 2269.1545349580574, 2163.1383149761014];2017-07-16 12:00:00;2017-10-08 12:00:00
338;13;ADE;0.12914362986633485;66.66666666666667;0.11518695366705968;545.9508680322543;0.11518536351869643;421.3071204138011;[4385.0, 3907.0, 3606.0, 3890.0, 3564.0, 2431.0, 3703.0, 4398.0, 3699.0, 3437.0, 3386.0, 4085.0, 3801.0];[3951.2138575420904, 4030.1407244342827, 4021.671380638028, 4059.9742652674486, 4001.5823141279143, 3927.485746834826, 3972.4850307767147, 3952.567194834603, 4034.971205188779, 3889.5570308057368, 4033.2877694300255, 4210.68355014417, 3924.934600108182];2017-07-16 12:00:00;2017-10-08 12:00:00
339;13;ADE;0.11716310001127116;50.0;0.128255871290268;1070.1865232477535;0.12825492229669086;867.5956984752974;[7431.0, 6881.0, 7184.0, 7855.0, 7520.0, 6190.0, 7526.0, 7912.0, 7010.0, 6089.0, 6089.0, 6444.0, 6709.0];[6051.256685066433, 6132.48922939457, 6166.126991878889, 6066.929613081584, 6076.709280255711, 5931.169201444978, 6094.186003446035, 6168.4461542367135, 6206.883893330381, 6100.296474436207, 6160.197875185527, 6477.543353154761, 6161.096570462333];2017-07-16 12:00:00;2017-10-08 12:00:00
340;13;ADE;0.096430492579164;58.333333333333336;0.09829149465512509;652.7418124278852;0.09829057531379909;528.0421519711674;[5896.0, 5259.0, 5643.0, 6241.0, 6242.0, 4539.0, 5038.0, 6269.0, 5306.0, 4688.0, 4423.0, 5340.0, 5205.0];[5297.869704727308, 5132.959866755201, 5127.752839480419, 5221.207567226109, 5199.347586202787, 5173.704518700085, 5242.978858677722, 5136.514087529254, 5258.326321139724, 5222.131800430749, 5282.814611548203, 5475.200999585579, 5191.304840256358];2017-07-16 12:00:00;2017-10-08 12:00:00
341;13;ADE;0.09542215339603688;50.0;0.09301711076884495;174.4220881373875;0.09301360445824398;124.61689189703256;[1717.1, 1304.4, 1335.5, 1379.2, 1276.9, 1007.2, 1323.0, 1575.6, 1307.0, 1264.5, 1118.6, 1349.1, 1323.0];[1348.3967714651462, 1333.8456230435706, 1333.8383011635556, 1289.1472358386227, 1304.5530390256836, 1281.3407799991176, 1304.0855251872783, 1332.065543220104, 1370.4495146510374, 1361.367975394946, 1430.118372079299, 1403.74059300389, 1362.4370743385864];2017-07-16 12:00:00;2017-10-08 12:00:00
342;13;ADE;0.11792552522315364;50.0;0.11684613559874782;517.8494980112038;0.11684458893998745;445.1741507029981;[4274.0, 3596.0, 3596.0, 4510.0, 4182.0, 2859.0, 3579.0, 4723.0, 4013.0, 3409.0, 3143.0, 4375.0, 3933.0];[3689.0612365881666, 3763.301136745839, 3696.876536882186, 3842.526076959306, 3702.915799582015, 3723.495752259619, 3846.294386474019, 3820.581083333851, 3859.4734303435907, 3715.264853324483, 3835.042122969344, 3973.122983266434, 3733.3302194431517];2017-07-16 12:00:00;2017-10-08 12:00:00
343;13;ADE;0.12282344374246335;83.33333333333333;0.11001662242290441;481.73828120368586;0.11001483464657563;344.69048738124263;[3730.0, 3182.0, 3165.0, 3463.0, 3098.0, 1955.0, 2964.0, 4003.0, 3550.0, 3348.0, 3014.0, 3879.0, 3559.0];[3174.518379830913, 3130.8770472564674, 3323.4097397785563, 3420.1621392320326, 3345.3610013366056, 3291.1976786331766, 3411.564356331598, 3444.482686697174, 3413.33187165121, 3366.4483683899093, 3380.6989646570505, 3532.0543525429002, 3344.277295960045];2017-07-16 12:00:00;2017-10-08 12:00:00
344;13;ADE;0.125042137899656;41.666666666666664;0.1250150783607834;510.72535236810546;0.1250131244547229;404.2171336343402;[3807.0, 3360.0, 3266.0, 3406.0, 3122.0, 2212.0, 2982.0, 3988.0, 3389.0, 3160.0, 3126.0, 3584.0, 3988.0];[3249.727407740437, 3012.771070000451, 3042.3475675494788, 2976.708970071936, 3057.2729353235413, 3238.0859795679, 3125.484470076874, 3131.9512390658415, 3120.913251393947, 3063.9908519229316, 3108.9422538114986, 3173.8865942064353, 3172.2355713118527];2017-07-16 12:00:00;2017-10-08 12:00:00
345;13;ADE;0.14626727284862576;66.66666666666667;0.12827570035285032;926.2970930225988;0.1282745228028637;707.9989509813987;[7012.0, 5532.0, 5818.0, 5845.0, 5240.0, 3442.0, 5592.0, 6704.0, 5512.0, 5418.0, 5004.0, 5866.0, 5701.0];[5932.788332546373, 5872.896099245063, 6020.357107245997, 5997.333959434472, 5936.420972351051, 5954.922207388203, 6058.653359685177, 6121.564974796976, 6236.988674642792, 6044.569454232193, 6136.049984351247, 6300.905005386199, 5953.242846139137];2017-07-16 12:00:00;2017-10-08 12:00:00
346;13;ADE;0.10562474797637539;83.33333333333333;0.09983246750092295;465.12450869096864;0.09983105793983954;357.219547482174;[4217.0, 3343.0, 3621.0, 3938.0, 3702.0, 2575.0, 3277.0, 4485.0, 3790.0, 3487.0, 3158.0, 4196.0, 3823.0];[3602.510641994602, 3697.0491366144383, 3723.236637038364, 3787.7797641068787, 3688.6599983675014, 3598.3794927607087, 3806.6561103984704, 3809.698805851756, 3801.0087373846663, 3630.972641635616, 3782.584016790783, 3975.056880653142, 3642.326564380905];2017-07-16 12:00:00;2017-10-08 12:00:00
347;13;ADE;0.16017899711836645;66.66666666666667;0.14271769074386592;735.8407318181934;0.14271598550666037;603.476017860906;[4952.0, 4054.0, 3637.0, 4411.0, 4431.0, 2762.0, 3708.0, 4300.0, 5288.0, 4673.0, 3860.0, 5166.0, 4657.0];[4530.110783649323, 4769.53680257532, 4538.28052907335, 4763.159777185586, 4666.128994179606, 4543.2427454784165, 4511.341213207, 4559.708927333309, 4573.897809314986, 4433.452794057691, 4678.467862332355, 4701.991157791971, 4518.226074359191];2017-07-16 12:00:00;2017-10-08 12:00:00
348;13;ADE;0.22084099166437948;66.66666666666667;0.19773998470577278;799.0735109808074;0.1977374729119383;779.0706999014989;[3449.0, 3593.0, 3428.0, 3409.0, 3487.0, 3556.0, 3578.0, 3526.0, 3612.0, 3525.0, 3352.0, 4171.0, 3637.0];[4183.583232368355, 4166.729157461715, 4142.539649530706, 4166.93756853946, 4235.330587610211, 4266.127181314208, 4301.479306456348, 4426.850796201579, 4477.307127550657, 4507.257462614341, 4492.279904484532, 4565.17312460331, 4519.3239999840625];2017-07-16 12:00:00;2017-10-08 12:00:00
349;13;ADE;0.12039547693850162;58.333333333333336;0.11740433485288926;789.7640219686174;0.11740319862605843;617.0894310332044;[6407.0, 5330.0, 5444.0, 5744.0, 4513.0, 3424.0, 6361.0, 6498.0, 5367.0, 5326.0, 5042.0, 6151.0, 5677.0];[5163.940541911004, 5177.729679050957, 5380.081751953818, 5353.09518740172, 5100.664598646061, 5103.142980156026, 5344.876282345774, 5300.449712302517, 5207.271569435817, 5142.1920739235575, 5277.5334523325455, 5499.593931484206, 5215.947697893605];2017-07-16 12:00:00;2017-10-08 12:00:00
350;13;ADE;0.14267722759913032;50.0;0.13605499409467844;300.36675785294085;0.13605076021133455;223.52618041823055;[2083.0, 1704.0, 1622.0, 1626.0, 1306.0, 1010.0, 1719.0, 2189.0, 1661.0, 1753.0, 1591.0, 2057.0, 1850.0];[1582.5959195867918, 1627.3525091557988, 1690.3224775636145, 1631.5688108987833, 1612.0616816233776, 1629.1672238827812, 1653.8473960530782, 1672.3547989944948, 1666.3056716954547, 1662.7127607670889, 1722.9138519106007, 1760.0421634869253, 1626.5938240934372];2017-07-16 12:00:00;2017-10-08 12:00:00
351;13;ADE;0.38503407389860783;50.0;0.3118073913989674;602.8248446609336;0.31179821389943907;535.1870910951839;[1339.0, 1395.0, 1331.0, 1324.0, 1354.0, 1381.0, 1389.0, 1369.0, 1402.0, 1369.0, 1302.0, 1619.0, 1412.0];[1553.3390388366956, 1576.1437403842017, 1601.061640781866, 1640.8927896886244, 1703.346121244783, 1779.122150547386, 1853.039731516808, 1942.808904246315, 2028.0957763401802, 2126.2832060181318, 2238.190064927294, 2386.2008097647995, 2514.9082099403054];2017-07-16 12:00:00;2017-10-08 12:00:00
352;13;ADE;0.19890633042302838;50.0;0.17043863159077077;345.39030414835185;0.17043336582663388;279.4063522698606;[2197.0, 1711.0, 1661.0, 1535.0, 1444.0, 953.0, 1526.0, 1840.0, 1722.0, 1540.0, 1534.0, 1671.0, 1661.0];[1731.1461201786565, 1783.2622549411608, 1811.2195541411234, 1790.788563555162, 1755.4354015438084, 1817.9924159569046, 1833.6049626703852, 1803.2879809764004, 1867.8750395317397, 1849.794001311635, 1855.562615293375, 1902.456078525003, 1819.7257931929473];2017-07-16 12:00:00;2017-10-08 12:00:00
353;13;ADE;0.17549667895415458;58.333333333333336;0.15902995993835242;647.0175158501222;0.15902742494953126;510.30084007153994;[3513.0, 3203.0, 2907.0, 3031.0, 2335.0, 1945.0, 3178.0, 4175.0, 3651.0, 3512.0, 3573.0, 4511.0, 3884.0];[3295.05763901084, 3314.017532095401, 3384.2723888345454, 3366.8260932069566, 3349.370879345153, 3310.850323335903, 3384.2132542837567, 3363.77699666487, 3462.9807178708047, 3359.695858884659, 3421.457595771059, 3507.9996571665997, 3284.6710848028642];2017-07-16 12:00:00;2017-10-08 12:00:00
354;13;ADE;0.31668025949304734;50.0;0.2490913599317119;1240.8626772066361;0.24908793519423117;920.9149850578035;[2777.0, 2893.0, 2760.0, 2745.0, 2807.0, 2862.0, 2880.0, 2838.0, 2908.0, 2838.0, 2698.0, 3357.0, 2928.0];[2753.068511503335, 2836.272076196148, 2881.1532585727505, 3001.4010507231064, 3136.891972239215, 3308.7430981383436, 3501.2459149972433, 3745.4407586325624, 4017.192657148983, 4327.024142768567, 4743.256332604545, 5212.277492857105, 5637.6087147685075];2017-07-16 12:00:00;2017-10-08 12:00:00
355;13;ADE;0.15853250965595855;58.333333333333336;0.13608159904414013;693.7044737735857;0.13607979959603647;520.6433550629472;[4387.0, 3772.0, 3660.0, 3878.0, 3131.0, 2405.0, 4081.0, 4811.0, 4170.0, 4017.0, 3824.0, 4661.0, 4297.0];[4237.356444108388, 4300.827619086968, 4291.254841353706, 4299.453083265475, 4275.305206285305, 4197.726858253931, 4292.907611422131, 4230.464187624646, 4312.523037496467, 4323.95379526454, 4371.530816983746, 4435.088473938511, 4212.210147922409];2017-07-16 12:00:00;2017-10-08 12:00:00
356;13;ADE;0.11782306723689473;50.0;0.10891376035983678;465.2276989907566;0.10891213301457044;368.8442846244621;[3938.0, 3363.0, 3249.0, 3515.0, 3097.0, 2275.0, 3421.0, 4166.0, 3807.0, 3434.0, 3303.0, 4024.0, 3747.0];[3501.0374777446, 3673.286257040567, 3636.97539535776, 3579.2646110485, 3486.423847441073, 3506.460901869051, 3584.947909963225, 3566.352447868224, 3612.354761410155, 3568.255575005733, 3627.6605395862152, 3729.1767513885725, 3484.3778987825663];2017-07-16 12:00:00;2017-10-08 12:00:00
357;13;ADE;0.09891196197923831;58.333333333333336;0.09499316480944628;761.2604556936673;0.09499228241079308;519.7417203333038;[6907.0, 5711.0, 5496.0, 5862.0, 5380.0, 3660.0, 5159.0, 6787.0, 5596.0, 5445.0, 5345.0, 6156.0, 5866.0];[5533.958416765744, 5553.163065382848, 5693.666595231152, 5712.557906315432, 5539.158134670029, 5454.33792000238, 5525.643475560317, 5496.7753035713795, 5550.3190489231965, 5382.630013045924, 5532.272960473778, 5712.522942564042, 5336.510025036141];2017-07-16 12:00:00;2017-10-08 12:00:00
358;13;ADE;0.15279937459331958;50.0;0.14759508669164917;692.7562571659467;0.14759317145170503;576.3863703848267;[4458.0, 5098.0, 4518.0, 4973.0, 3973.0, 2613.0, 3476.0, 4213.0, 3386.0, 3627.0, 3299.0, 3743.0, 3965.0];[3817.612478970049, 3844.4617788835553, 4041.6110142803077, 3953.858951823775, 3887.750991934252, 3891.7412873713365, 3981.3055532295944, 3901.08923998559, 3986.6857655757585, 3993.145295277145, 3927.7340651291256, 4069.398034357036, 3964.6027300597207];2017-07-16 12:00:00;2017-10-08 12:00:00
