DATA;UF;PRODUCT;MODEL;PARAMS;WINDOW;HORIZON;RMSE;MAPE;POCID;PBE;MASE;P1;P2;P3;P4;P5;P6;P7;P8;P9;P10;P11;P12
normal;DF;glp;knn_rf_deepar_svr_catboost_arima;{};12;12;775.4515206790993;0.045133501817674566;63.63636363636363;1.442190556695328;1.0103334780699724;14103.146386347813;13299.497001288011;13955.98452211806;14063.04653028967;14679.162874241;15067.062722515779;14170.06338333908;14238.949274141249;14360.69372776873;15018.201021170318;13684.22612792512;13429.454822434793
deseasonal;DF;glp;knn_rf_deepar_svr_catboost_arima;{};12;12;865.093606969594;0.052395194133977446;54.54545454545455;1.107426389922364;1.1699157413610521;13801.841431997833;13528.695275007758;13938.549593278804;14079.305544668016;14790.622617791327;14721.436137351773;14120.87856042184;14303.05134876242;14570.974698728485;15325.766044202635;13887.740790628604;13578.289053443883
log;DF;glp;knn_rf_deepar_svr_catboost_arima;{};12;12;743.989646977524;0.0457143543116689;63.63636363636363;0.9629704743761319;1.0193176551522465;14185.203746875857;13484.067546628774;14125.746706392489;14133.15295863372;14607.453675077713;15010.252285595303;14145.941820964592;14183.163545627749;14336.544753245578;15105.331525171747;13880.471590003192;13699.091332623651
