DATA;UF;PRODUCT;MODEL;PARAMS;WINDOW;HORIZON;RMSE;MAPE;POCID;PBE;MASE;P1;P2;P3;P4;P5;P6;P7;P8;P9;P10;P11;P12
normal;RO;glp;knn_rf_deepar_svr_catboost_arima;{};12;12;413.7285918001782;0.0453839767616059;90.9090909090909;2.7834440589390654;1.4195176724529641;7388.090959978962;6984.192011721318;7334.374309647516;7258.110538335574;7075.263739980772;7515.651783129524;7137.227820645166;7107.537154378452;7598.10319617796;8001.359506011891;7479.667720901146;7510.309195175327
deseasonal;RO;glp;knn_rf_deepar_svr_catboost_arima;{};12;12;358.582652665402;0.034699943468302054;45.45454545454545;2.357750767156351;1.0889889223918663;7702.171401528599;7188.143072570753;7595.131642586801;7191.939721386656;7491.604520890986;7456.221487697919;6948.14355770697;7494.982815270067;7462.331836739601;7853.849516196297;7284.98961166747;7107.421699326984
log;RO;glp;knn_rf_deepar_svr_catboost_arima;{};12;12;384.05159617060525;0.04354909155041608;100.0;2.4114206380117733;1.357987132455962;7472.554389441279;7062.646421366358;7294.388386555243;7357.2262985070265;7084.867306239664;7561.292919768274;7119.733483193601;7107.942959323417;7732.615456082776;7883.697129608736;7512.430720618133;7538.738437652564
