DATA;MCPM;UF;PRODUCT;MODEL;PARAMS;WINDOW;HORIZON;RMSE;MAPE;POCID;PBE;P1;P2;P3;P4;P5;P6;P7;P8;P9;P10;P11;P12
hybrid1;95052552117451.31;SE;queroseneiluminante;HYBRID;{'p': 10, 'd': 0, 'q': 11};12;12;0.0005734241582084578;2195132074669.2366;0.0;-inf;0.0007769179426253033;0.0008194470523410063;0.0001960957408209131;0.0006644019559328314;-6.51448545256856e-05;7.012296194472361e-05;0.0002825606004990477;0.0004051079593470419;0.0008614566176985671;0.0008470905816928453;-0.0006623350624130137;0.00019832548149736155
half-arima-hybrid1;52927609649902.77;SE;queroseneiluminante;HYBRID;{'p': 10, 'd': 0, 'q': 11};12;12;0.00042638437676222144;1222305575437.3816;0.0;-inf;0.0;0.0;0.0;0.0;0.0;0.0;0.0002825606004990477;0.0004051079593470419;0.0008614566176985671;0.0008470905816928453;-0.0006623350624130137;0.00019832548149736155
half-arima_mean-hybrid1;3.0621325077494284e+16;SE;queroseneiluminante;HYBRID;{'p': 10, 'd': 0, 'q': 11};12;12;0.2569617952662291;705356713782607.5;0.0;-inf;0.4545278624575298;-0.2657299080649007;-0.2363351909752703;0.0658764189067548;0.6396140922687427;-0.2141074851405832;0.0002825606004990477;0.0004051079593470419;0.0008614566176985671;0.0008470905816928453;-0.0006623350624130137;0.00019832548149736155
