DATA;MCPM;UF;PRODUCT;MODEL;PARAMS;WINDOW;HORIZON;RMSE;MAPE;POCID;PBE;P1;P2;P3;P4;P5;P6;P7;P8;P9;P10;P11;P12
hybrid1;2.687416000439048e+16;PR;queroseneiluminante;HYBRID;{'p': 3, 'd': 1, 'q': 4};12;12;3.6490774753991655;1678181943629938.8;66.66666666666667;-23.57172992504036;3.701341704975582;8.249712500862728;5.402472966800513;9.312428648984046;6.89978045678084;5.414039711810217;5.663083151925143;5.314441008100612;7.145116738066064;4.471574959987569;7.450154005983611;8.826043998498502
half-arima-hybrid1;3.313146280626559e+16;PR;queroseneiluminante;HYBRID;{'p': 3, 'd': 1, 'q': 4};12;12;3.9266232443623084;1678181943629938.8;58.333333333333336;-31.749104589582466;7.238963000105359;7.144626837698818;7.052801679829012;7.561909725361861;7.539339905209712;7.593880880670692;5.663083151925143;5.314441008100612;7.145116738066064;4.471574959987569;7.450154005983611;8.826043998498502
half-arima_mean-hybrid1;4.596858857610623e+16;PR;queroseneiluminante;HYBRID;{'p': 3, 'd': 1, 'q': 4};12;12;4.925545334555439;1678181943629938.8;41.666666666666664;-43.830130191510314;6.122822223594914;9.391801836657752;6.976298579234285;4.352966330006118;15.07232053488806;9.82635865370886;5.663083151925143;5.314441008100612;7.145116738066064;4.471574959987569;7.450154005983611;8.826043998498502
