DATA;MCPM;UF;PRODUCT;MODEL;PARAMS;WINDOW;HORIZON;RMSE;MAPE;POCID;PBE;P1;P2;P3;P4;P5;P6;P7;P8;P9;P10;P11;P12
hybrid1;18506266259229.14;CE;queroseneiluminante;HYBRID;{'p': 14, 'd': 0, 'q': 8};12;12;0.00014631679369290655;427383286924.9108;0.0;inf;-0.00041898440258243225;-0.00021728628435687853;-8.030176406157124e-05;3.7363966697584545e-05;9.625071761807585e-05;4.133599201571456e-05;4.707538164319031e-06;3.1838446776616004e-05;1.2111870388742925e-05;4.256728559019159e-05;6.913913736261799e-05;8.68904315468929e-05
half-arima-hybrid1;4018129159807.85;CE;queroseneiluminante;HYBRID;{'p': 14, 'd': 0, 'q': 8};12;12;3.5735936890380166e-05;92794684921.09981;0.0;-inf;0.0;0.0;0.0;0.0;0.0;0.0;4.707538164319031e-06;3.1838446776616004e-05;1.2111870388742925e-05;4.256728559019159e-05;6.913913736261799e-05;8.68904315468929e-05
half-arima_mean-hybrid1;2.9379863564864e+17;CE;queroseneiluminante;HYBRID;{'p': 14, 'd': 0, 'q': 8};12;12;2.65844124054884;6609284899692684.0;0.0;-inf;0.48734597136233;-0.6790556771245533;4.009402236389814;7.345158089188565;3.296769812618715;-1.79269361127704;4.707538164319031e-06;3.1838446776616004e-05;1.2111870388742925e-05;4.256728559019159e-05;6.913913736261799e-05;8.68904315468929e-05
