DATA;MCPM;UF;PRODUCT;MODEL;PARAMS;WINDOW;HORIZON;RMSE;MAPE;POCID;PBE;P1;P2;P3;P4;P5;P6;P7;P8;P9;P10;P11;P12
hybrid1;58877505706.885376;DF;queroseneiluminante;HYBRID;{'p': 9, 'd': 0, 'q': 5};12;12;3.652690598811087e-07;1359717745.7967312;0.0;-inf;3.149864066419212e-07;3.5677688583052213e-07;3.9447153077168355e-07;6.39181333641675e-07;5.960045127909601e-07;3.594651098850727e-07;4.6617653053694003e-07;2.599604973636858e-07;1.7474888520167095e-09;1.944553445802239e-08;-1.3581553770697863e-08;-2.0121849155667408e-07
half-arima-hybrid1;15635542893.92469;DF;queroseneiluminante;HYBRID;{'p': 9, 'd': 0, 'q': 5};12;12;1.648116450901476e-07;361087395.35422015;0.0;-inf;0.0;0.0;0.0;0.0;0.0;0.0;4.6617653053694003e-07;2.599604973636858e-07;1.7474888520167095e-09;1.944553445802239e-08;-1.3581553770697863e-08;-2.0121849155667408e-07
half-arima_mean-hybrid1;1.454581073610864e+16;DF;queroseneiluminante;HYBRID;{'p': 9, 'd': 0, 'q': 5};12;12;0.11478741961478038;335535956696375.2;0.0;-inf;-0.1099745339370455;0.186355746475335;0.1777984159601105;0.0219628653771263;0.1964998095026457;0.201455053931109;4.6617653053694003e-07;2.599604973636858e-07;1.7474888520167095e-09;1.944553445802239e-08;-1.3581553770697863e-08;-2.0121849155667408e-07
