DATA;MCPM;UF;PRODUCT;MODEL;PARAMS;WINDOW;HORIZON;RMSE;MAPE;POCID;PBE;P1;P2;P3;P4;P5;P6;P7;P8;P9;P10;P11;P12
hybrid1;1117536341672.1548;PI;queroseneiluminante;HYBRID;{'p': 7, 'd': 0, 'q': 5};12;12;7.209692344361699e-06;25808394447.038483;0.0;-inf;1.1939227921541351e-05;1.1007116901379911e-05;1.0017290551968921e-05;9.83447478710436e-06;1.0004604834781524e-05;5.764113269641142e-06;4.612199642941989e-06;2.2181789087171785e-06;5.191540973839222e-07;-1.5207343727770855e-06;5.803687661939201e-07;7.49912930473085e-07
half-arima-hybrid1;165768766457.40475;PI;queroseneiluminante;HYBRID;{'p': 7, 'd': 0, 'q': 5};12;12;1.572525954604893e-06;3828265617.2961216;0.0;-inf;0.0;0.0;0.0;0.0;0.0;0.0;4.612199642941989e-06;2.2181789087171785e-06;5.191540973839222e-07;-1.5207343727770855e-06;5.803687661939201e-07;7.49912930473085e-07
half-arima_mean-hybrid1;2.6144312972263738e+17;PI;queroseneiluminante;HYBRID;{'p': 7, 'd': 0, 'q': 5};12;12;2.643175427446877;5882291177939540.0;0.0;-inf;-0.1611184096193469;1.3359197843180843;1.1355782163143626;2.7124024559057043;8.329694799261423;-1.9988483819473477;4.612199642941989e-06;2.2181789087171785e-06;5.191540973839222e-07;-1.5207343727770855e-06;5.803687661939201e-07;7.49912930473085e-07
