DATA;MCPM;UF;PRODUCT;MODEL;PARAMS;WINDOW;HORIZON;RMSE;MAPE;POCID;PBE;P1;P2;P3;P4;P5;P6;P7;P8;P9;P10;P11;P12
hybrid1;0.00018749989341613463;RO;queroseneiluminante;HYBRID;{'p': 5, 'd': 0, 'q': 10};12;12;1.1347890365749189e-21;4.330124557473257e-06;0.0;inf;-2.6505802291592606e-21;-3.69072636254461e-22;-5.884513953764965e-22;-1.1437989948260486e-21;-1.1505931510911053e-21;2.5484796768943416e-22;-3.9710347736661797e-22;9.234263521018789e-22;7.637849032918554e-22;1.0404790856007563e-21;1.0105712384457336e-21;1.245060128480257e-21
half-arima-hybrid1;8.743710329420516e-05;RO;queroseneiluminante;HYBRID;{'p': 5, 'd': 0, 'q': 10};12;12;6.612992550695812e-22;2.0192734049628177e-06;0.0;-inf;0.0;0.0;0.0;0.0;0.0;0.0;-3.9710347736661797e-22;9.234263521018789e-22;7.637849032918554e-22;1.0404790856007563e-21;1.0105712384457336e-21;1.245060128480257e-21
half-arima_mean-hybrid1;86.6026278155472;RO;queroseneiluminante;HYBRID;{'p': 5, 'd': 0, 'q': 10};12;12;6.280369834738582e-16;2.000002019273405;0.0;-inf;8.881784197001252e-16;8.881784197001252e-16;8.881784197001252e-16;8.881784197001252e-16;8.881784197001252e-16;8.881784197001252e-16;-3.9710347736661797e-22;9.234263521018789e-22;7.637849032918554e-22;1.0404790856007563e-21;1.0105712384457336e-21;1.245060128480257e-21
