DATA;MCPM;UF;PRODUCT;MODEL;PARAMS;WINDOW;HORIZON;RMSE;MAPE;POCID;PBE;P1;P2;P3;P4;P5;P6;P7;P8;P9;P10;P11;P12
hybrid1;22272611869406.074;GO;queroseneiluminante;HYBRID;{'p': 5, 'd': 1, 'q': 14};12;12;0.0001532044228582012;514363150307.21;0.0;inf;0.000431556712779885;-0.00012626537799930742;-0.00011322415649390253;-0.00014219176287429177;-0.0001339773985211009;-2.6165748564345443e-05;4.180907105223768e-05;6.12984925429899e-05;-5.7085598994834995e-05;-9.350101137877562e-05;7.02120379205277e-05;7.325138085330814e-05
half-arima-hybrid1;6454197387731.842;GO;queroseneiluminante;HYBRID;{'p': 5, 'd': 1, 'q': 14};12;12;4.81336710089873e-05;149053232223.60583;0.0;-inf;0.0;0.0;0.0;0.0;0.0;0.0;4.180907105223768e-05;6.12984925429899e-05;-5.7085598994834995e-05;-9.350101137877562e-05;7.02120379205277e-05;7.325138085330814e-05
half-arima_mean-hybrid1;8.309224781126502e+16;GO;queroseneiluminante;HYBRID;{'p': 5, 'd': 1, 'q': 14};12;12;1.006137217727663;1899818484811241.2;0.0;inf;0.303062128474161;-3.358170194257565;0.373740638480456;0.2337144698311009;-0.0292208238375695;0.7638279261966096;4.180907105223768e-05;6.12984925429899e-05;-5.7085598994834995e-05;-9.350101137877562e-05;7.02120379205277e-05;7.325138085330814e-05
