DATA;MCPM;UF;PRODUCT;MODEL;PARAMS;WINDOW;HORIZON;RMSE;MAPE;POCID;PBE;P1;P2;P3;P4;P5;P6;P7;P8;P9;P10;P11;P12
hybrid1;1.554356002481233e-13;AP;queroseneiluminante;HYBRID;{'p': 13, 'd': 1, 'q': 14};12;12;9.361365643872147e-31;3.589631425796201e-15;0.0;inf;-1.8471607647139755e-30;-1.1589108753069374e-30;-9.854435316286345e-31;-1.5357136433637794e-30;-8.513719387007035e-31;-3.1698851642837988e-31;-3.0195490472644587e-31;3.322217359056261e-31;7.906484474377405e-31;-4.519073982514297e-31;-6.999182862195344e-31;-2.9245945852554436e-31
half-arima-hybrid1;4.662581097163244e-14;AP;queroseneiluminante;HYBRID;{'p': 13, 'd': 1, 'q': 14};12;12;3.6586785553804974e-31;1.0767769806262633e-15;0.0;inf;0.0;0.0;0.0;0.0;0.0;0.0;-3.0195490472644587e-31;3.322217359056261e-31;7.906484474377405e-31;-4.519073982514297e-31;-6.999182862195344e-31;-2.9245945852554436e-31
half-arima_mean-hybrid1;86.60254037844396;AP;queroseneiluminante;HYBRID;{'p': 13, 'd': 1, 'q': 14};12;12;6.280369834735101e-16;2.0000000000000013;0.0;-inf;8.881784197001252e-16;8.881784197001252e-16;8.881784197001252e-16;8.881784197001252e-16;8.881784197001252e-16;8.881784197001252e-16;-3.0195490472644587e-31;3.322217359056261e-31;7.906484474377405e-31;-4.519073982514297e-31;-6.999182862195344e-31;-2.9245945852554436e-31
