DATA;MCPM;UF;PRODUCT;MODEL;PARAMS;WINDOW;HORIZON;RMSE;MAPE;POCID;PBE;P1;P2;P3;P4;P5;P6;P7;P8;P9;P10;P11;P12
hybrid1;1416.7494778455946;BA;queroseneiluminante;HYBRID;{'p': 7, 'd': 0, 'q': 9};12;12;65.11546692593497;0.13959395523499585;50.0;-0.6476714360756028;498.8853994484225;435.36607015424687;395.1533783025808;406.0884620391507;410.2069252541318;402.1386640946995;392.5274904092199;380.78935709049017;475.66256426626717;434.07677276743937;413.96018010489814;427.7873764466634
half-arima-hybrid1;1984.1750749138048;BA;queroseneiluminante;HYBRID;{'p': 7, 'd': 0, 'q': 9};12;12;68.49083878832695;0.11986115907504635;33.333333333333336;3.471330281461239;407.8197266274493;423.95933647765736;416.36689095116185;360.4450148963623;344.4230166111699;387.2272271655747;392.5274904092199;380.78935709049017;475.66256426626717;434.07677276743937;413.96018010489814;427.7873764466634
half-arima_mean-hybrid1;2690.664563178204;BA;queroseneiluminante;HYBRID;{'p': 7, 'd': 0, 'q': 9};12;12;82.50572393472439;0.16440256041801524;25.0;8.355901972178513;369.06357474555136;329.51296182717806;360.6346542938765;363.3789631771833;332.97954365045274;338.4891018229827;392.5274904092199;380.78935709049017;475.66256426626717;434.07677276743937;413.96018010489814;427.7873764466634
