DATA;MCPM;UF;PRODUCT;MODEL;PARAMS;WINDOW;HORIZON;RMSE;MAPE;POCID;PBE;P1;P2;P3;P4;P5;P6;P7;P8;P9;P10;P11;P12
combination;13546.13911453746;AL;querosenedeaviacao;combination-mean;ARIMA-SARIMA-VARMA;12;12;747.6655166890607;0.1656316538789511;58.333333333333336;-9.108981644407894;4451.450367641969;4135.943757725082;3950.5890956533326;4134.077937299019;4864.568004807098;4479.007970850452;4646.515266925869;4966.538563344442;4785.347917867836;5527.295712952326;5710.292079007659;4570.2916095946675
