DATA;MCPM;UF;PRODUCT;MODEL;PARAMS;WINDOW;HORIZON;RMSE;MAPE;POCID;PBE;P1;P2;P3;P4;P5;P6;P7;P8;P9;P10;P11;P12
combination;4309.387992003705;PI;querosenedeaviacao;combination-mean;ARIMA-SARIMA-VARMA;12;12;296.69413518857243;0.1887744765513034;66.66666666666667;-4.10324859024041;1538.8661807429842;1401.5197014677815;1466.189061769454;1428.5610415469484;1577.406533705536;1493.0699025484244;1549.7858166523306;1636.446092307574;1644.3897339258203;1965.0076737072925;1933.970693900768;1487.550778435839
