DATA;MCPM;UF;PRODUCT;MODEL;PARAMS;WINDOW;HORIZON;RMSE;MAPE;POCID;PBE;P1;P2;P3;P4;P5;P6;P7;P8;P9;P10;P11;P12
combination;7038.776392650412;PE;querosenedeaviacao;combination-mean;ARIMA-SARIMA-VARMA;12;12;972.4029406879391;0.049179655056806125;83.33333333333333;-3.42759534544625;18047.528233111127;17000.05719702975;17270.203437534234;17618.603649934426;19464.99601601027;18717.13142528279;18176.234219619397;18981.854521391677;18956.993735143915;20922.738189270127;21221.225269067476;18366.437382960787
