DATA;MCPM;UF;PRODUCT;MODEL;PARAMS;WINDOW;HORIZON;RMSE;MAPE;POCID;PBE;P1;P2;P3;P4;P5;P6;P7;P8;P9;P10;P11;P12
combination;35408.24347536009;PR;querosenedeaviacao;combination-mean;ARIMA-SARIMA-VARMA;12;12;1950.0184817299264;0.2616204355708734;58.333333333333336;-23.865405378788378;8302.844328311432;8375.467567687816;8704.267589601604;8492.17283521831;9276.867123192907;9511.102988962844;9389.646395517097;10072.865321103289;10056.239477182065;9994.22014419908;9884.958196998783;9237.480859946125
