train_range;test_range;UF;PRODUCT;MODEL;PARAMS;WINDOW;HORIZON;RMSE;MAPE;POCID;PBE;MCPM;MASE;P1;P2;P3;P4;P5;P6;P7;P8;P9;P10;P11;P12;error_series;Test Statistic;p-value;Lags Used;Observations Used;Critical Value (1%);Critical Value (5%);Critical Value (10%);Stationary
1990-01_2023-02;2023-03_2024-02;RS;gasolinac;ARIMA;{'p': 3, 'd': 1, 'q': 4, 'P': 5, 'D': 1, 'Q': 4, 's': 12};12;12;16706.551037424055;0.03849879891852948;90.9090909090909;3.952035340869235;66043.6467172815;0.6967832860682294;326608.99573428126;296929.2438007372;297540.4740332285;298245.9655373378;295257.54826316127;310007.91532046546;297954.05833861924;299451.9095294687;305815.5272952516;356308.47452142055;308982.6993731413;291574.48661284347;[1317.41226571874, 3962.7891992627992, 40184.134966771526, 4232.174462662195, 5734.42473683873, 13171.497679534543, 3193.4606613807264, 16003.177470531315, 10671.450704748393, 15263.236478579463, 27947.515626858745, 9930.214387156535];-3.1678820474304272;0.021920703196458148;13;383;-3.44753973676872;-2.8691160516676844;-2.57080585953957;True
1990-01_2022-02;2022-03_2023-02;RS;gasolinac;ARIMA;{'p': 2, 'd': 0, 'q': 2, 'P': 5, 'D': 0, 'Q': 5, 's': 12};12;12;41313.417243263444;0.11702249884978273;72.72727272727273;12.054032139775568;489983.0364731261;inf;280277.2205765814;261157.66644617947;260650.2494850895;264543.35771804187;261383.85567542564;263065.3483550552;264723.90338202403;266839.48944752646;266699.47357180546;309087.61494182784;273324.37126289716;256609.46341936523;[6478.700423418544, 19627.91855382055, 21334.56751491048, 3648.502281958121, 37310.63132457438, 48546.54164494481, 46991.14561797597, 52620.05255247356, 46119.44242819457, 61842.153058172145, 41569.16173710284, 56396.272580634744];-2.699169133584967;0.07418215560444154;11;373;-3.448003816652923;-2.86931999731073;-2.5709145866785503;False
