DATA;MCPM;UF;PRODUCT;MODEL;PARAMS;WINDOW;HORIZON;RMSE;MAPE;POCID;PBE;MASE;P1;P2;P3;P4;P5;P6;P7;P8;P9;P10;P11;P12
mean;43162.30558217103;MS;etanolhidratado;mean;{};12;12;10583.904690319943;0.32679704129140635;90.9090909090909;40.97957956415086;0.8763180986149874;12021.608576844672;11117.481976731491;10432.990040772285;10331.285137643046;10684.6995992033;10939.00322661834;11716.457339148386;12423.690759303521;12291.004954346896;13369.977261770062;12293.813857556568;11832.280667898012
mean_best;47676.17487733112;MS;etanolhidratado;mean_best;{};12;12;11549.07921350323;0.44226554286277553;90.9090909090909;49.49321048854306;1.0583758196390398;10742.24456990294;8941.75286522267;7578.645030035859;7376.108311852165;8079.903340417441;8586.327519922352;10134.561672312822;11542.95725109855;11278.724685522753;13427.406837836326;11284.318378848038;10365.21404178857
mean_top_weight;191957.25458187243;MS;etanolhidratado;mean_top_weight;{};12;12;12064.246367280854;0.38067688492339574;63.63636363636363;45.18289916564856;1.0100933102566476;14053.030572656133;12397.238056849916;10958.853617459934;10478.14781253291;9928.688777233594;9443.220735688907;10540.815858343385;10780.589465619056;10224.729915524356;11627.398398748328;9076.180184609937;10013.736340681076
mean_top;188828.3885412197;MS;etanolhidratado;mean_top;{};12;12;11871.516249111744;0.3685781091325407;63.63636363636363;44.41721566902478;0.986355455641581;13756.277609761224;12287.139954389915;11008.22138064419;10632.741126822943;10204.087596993933;9738.428092894526;10765.569757568399;10969.316907224282;10429.700699861496;11909.810143741404;9420.899288960114;10209.605092181766
mean_top_best;204314.82203283408;MS;etanolhidratado;mean_top_best;{};12;12;12825.192736498087;0.4256269519863746;63.63636363636363;49.49321048854307;1.0991978558876798;14270.322516935354;12010.433925395637;10043.148229770512;9465.568900252465;8806.196227962628;8089.899428265988;9669.891419761798;9983.30375207976;9153.243678150962;11430.009530707519;7601.463427137646;8814.683468340185
