DATA;MCPM;UF;PRODUCT;MODEL;PARAMS;WINDOW;HORIZON;RMSE;MAPE;POCID;PBE;MASE;P1;P2;P3;P4;P5;P6;P7;P8;P9;P10;P11;P12
mean;236091.930760048;BA;etanolhidratado;mean;{};12;12;9967.394179252393;0.15515090162441433;45.45454545454545;15.600929436874816;0.5672229676798375;36861.62714932093;33810.13978384434;33726.54652185255;34642.04947946078;33920.63203282971;33635.428554215745;35170.5591437754;37197.124540006494;38232.16986525377;40715.24125972247;40124.84846374875;38108.827797785176
mean_best;239259.68851273792;BA;etanolhidratado;mean_best;{};12;12;10095.32647342486;0.18644678592311117;45.45454545454545;19.384966417089768;0.6415181495335907;35734.06150896661;29715.091815946405;29550.206548466136;31356.009390076026;29933.034549539443;29370.479018901267;32398.479264920526;36395.82031205718;38437.41698194624;43335.20277585147;42170.67023144479;38194.1283567443
mean_top_weight;252111.88489540035;BA;etanolhidratado;mean_top_weight;{};12;12;12742.81344241838;0.23526763801848502;54.54545454545455;17.448996085179555;0.806165473879294;45188.08394290247;37069.81305083063;35854.95776998694;35903.84281870959;32189.800662672493;28911.951233003805;30320.848121778385;35633.42795760353;35005.12365885486;39689.678919412916;36233.48688973944;34594.01055894247
mean_top;248581.26990912695;BA;etanolhidratado;mean_top;{};12;12;12565.827730908955;0.22994209137480168;54.54545454545455;17.315392968077887;0.7909068797249492;44812.81330260752;37034.68170675839;35560.77724973115;35711.34349471633;32319.93071494767;29482.00425907077;30851.382956593443;35672.23570042998;34971.40289033401;39351.26907074895;36671.35660635151;34846.24231465069
mean_top_best;265928.5239339533;BA;etanolhidratado;mean_top_best;{};12;12;13437.503336694854;0.24772111057994217;54.54545454545455;19.384966417089757;0.8479675326437758;46386.924872840646;36525.75595259488;34657.1297093972;34848.01863396597;30548.362104957596;26950.419357425388;28686.527121308372;34798.437502455956;33909.91682881564;39462.741401260835;36065.129882705616;33751.237387132365
