train_range;test_range;UF;PRODUCT;MODEL;PARAMS;WINDOW;HORIZON;RMSE;MAPE;POCID;PBE;MCPM;MASE;P1;P2;P3;P4;P5;P6;P7;P8;P9;P10;P11;P12;Test Statistic;p-value;Lags Used;Observations Used;Critical Value (1%);Critical Value (5%);Critical Value (10%);Stationary
1990-01_2023-02;2023-03_2024-02;AL;gasolinac;ARIMA;(23, 2, 18);12;12;3727.9833703462396;0.07545486733086045;54.54545454545455;-0.8698971433427682;73498.93248372313;0.9159091964993468;39493.583579578495;37687.34825944487;37169.29009367175;35427.56592954132;40169.409623412816;43114.69832956823;43744.09305110806;44673.24113633923;45614.281529741245;49721.4610222873;47387.13983766957;44314.817159624035;-3.550092721429266;0.006790036803070975;13;383;-3.44753973676872;-2.8691160516676844;-2.57080585953957;True
1990-01_2022-02;2022-03_2023-02;AL;gasolinac;ARIMA;(23, 2, 18);12;12;3828.15453430693;0.0799374505701614;54.54545454545455;4.798832140496674;75481.33257376528;inf;38247.43040223802;36204.32706379448;35926.20017805029;34779.96188448669;34194.996670860026;36285.354124877966;37417.85647041892;40439.87998558825;41786.42618997652;43662.86999932118;39428.72871126427;37620.21939285862;-3.5380223988836694;0.0070626361365030916;13;371;-3.4480996560263386;-2.8693621113224137;-2.570937038891028;True
