DATA;MCPM;UF;PRODUCT;MODEL;PARAMS;WINDOW;HORIZON;RMSE;MAPE;POCID;PBE;P1;P2;P3;P4;P5;P6;P7;P8;P9;P10;P11;P12
arima-mean;244047.46367068286;MS;etanolhidratado;ARIMA_MEAN;;12;12;11198.3795324246;0.3275581828836462;50.0;42.13498829738389;11537.821341311788;11246.05295690798;11306.659394776296;11351.628303029267;11460.726026052489;11302.905422178086;11429.40877705551;11427.187419589907;11214.377640013698;12614.470255886748;10996.950318607296;10836.089265199624
