DATA;MCPM;UF;PRODUCT;MODEL;PARAMS;WINDOW;HORIZON;RMSE;MAPE;POCID;PBE;P1;P2;P3;P4;P5;P6;P7;P8;P9;P10;P11;P12
arima-mean;1081225.0058899578;MG;etanolhidratado;ARIMA_MEAN;;12;12;49735.19456793482;0.2053314145392483;50.0;17.853997255469096;132573.6929824849;130550.59880225195;142435.5953597069;149607.4031044777;146005.35572006938;144134.408153675;147549.00823962016;144017.1042157116;141083.8512133963;149712.13071946398;131269.85558400478;132584.49863715624
