DATA;MCPM;UF;PRODUCT;MODEL;PARAMS;WINDOW;HORIZON;RMSE;MAPE;POCID;PBE;P1;P2;P3;P4;P5;P6;P7;P8;P9;P10;P11;P12
arima-mean;30663.62435029708;PB;etanolhidratado;ARIMA_MEAN;;12;12;4191.559525366141;0.2270034036986555;83.33333333333333;25.05614043307433;9049.983809902942;9014.357357406385;8925.252018064293;9134.497174618862;8537.095704425003;8544.542777500195;8791.776369591558;8900.879794354363;8838.633172705217;9721.723944934765;9197.056605639416;8933.979285556139
