DATA,MCPM,UF,PRODUCT,MODEL,PARAMS,WINDOW,HORIZON,RMSE,MAPE,POCID,PBE,P1,P2,P3,P4,P5,P6,P7,P8,P9,P10,P11,P12
normal_deseasonal_log_deseasonal-log,705305.4363955482,PR,etanolhidratado,ARIMA_MEAN,"{'normal': ""{'p': 12, 'd': 0, 'q': 11}"", 'deseasonal': ""{'p': 2, 'd': 0, 'q': 14}"", 'log': ""{'p': 6, 'd': 0, 'q': 10}"", 'deseasonal-log': ""{'p': 8, 'd': 1, 'q': 8}""}",12,12,27819.555976525142,0.21614628799774774,41.666666666666664,21.200007511082294,64066.03972333543,64982.888141810305,67930.0318673866,67586.0075151905,68291.5901545994,67536.35951688036,68763.16598524193,68530.49301483677,66642.20395287345,73382.57077720425,62869.9659476376,63493.021911994525
