DATA;MCPM;UF;PRODUCT;MODEL;PARAMS;WINDOW;HORIZON;RMSE;MAPE;POCID;PBE;P1;P2;P3;P4;P5;P6;P7;P8;P9;P10;P11;P12
arima-mean;101692.25570009806;AM;etanolhidratado;ARIMA_MEAN;;12;12;4668.247115110492;0.3043183244227458;50.0;30.77538739899362;10525.551420028018;10500.447263678308;10371.293363391243;10852.945600687135;10358.643975310766;10283.563874965397;9915.168633741787;10161.290959973863;10396.71555802741;10017.963645918786;9160.476008133886;9700.774760401291
