DATA;MCPM;UF;PRODUCT;MODEL;PARAMS;WINDOW;HORIZON;RMSE;MAPE;POCID;PBE;P1;P2;P3;P4;P5;P6;P7;P8;P9;P10;P11;P12
arima-mean;517304.5359680398;GO;etanolhidratado;ARIMA_MEAN;;12;12;23822.96451441022;0.14725555571516183;50.0;12.114195913735545;98899.08231075024;99578.0866699412;107258.30145735986;110311.18593583928;111660.77739622231;110091.69236726912;111123.5163471918;109544.6189545285;106018.8397431116;110159.79398332801;101478.27617060137;100811.69281886105
