DATA,MCPM,UF,PRODUCT,MODEL,PARAMS,WINDOW,HORIZON,RMSE,MAPE,POCID,PBE,P1,P2,P3,P4,P5,P6,P7,P8,P9,P10,P11,P12
normal_deseasonal_log_deseasonal-log,146761.71962082895,ES,etanolhidratado,ARIMA_MEAN,"{'normal': ""{'p': 10, 'd': 1, 'q': 2}"", 'deseasonal': ""{'p': 8, 'd': 1, 'q': 10}"", 'log': ""{'p': 14, 'd': 1, 'q': 2}"", 'deseasonal-log': ""{'p': 2, 'd': 1, 'q': 7}""}",12,12,5773.690190989854,0.3657527847697171,41.666666666666664,52.12294378064396,3662.3267424492306,3401.272208873346,3446.8231511407953,3447.632545061607,3735.7135190647377,3576.246799565681,3473.131470006131,3659.804001920108,3492.983542184769,4020.549991902648,3757.711566185254,3364.4197425904813
