DATA;MCPM;UF;PRODUCT;MODEL;PARAMS;WINDOW;HORIZON;RMSE;MAPE;POCID;PBE;MASE;P1;P2;P3;P4;P5;P6;P7;P8;P9;P10;P11;P12
normal;207963.9912890476;CE;gasolinac;xgb;{'learning_rate': 0.4, 'n_estimators': 50, 'subsample': 0.7};12;12;13177.261439687194;0.08318096981289336;63.63636363636363;4.184371198814644;1.2644344696532126;106418.26;101535.7;104698.586;111838.72;118453.43;123628.94;134540.44;133652.25;132452.69;139259.0;132785.3;126074.34
log;232706.45697724906;CE;gasolinac;xgb;{'subsample': 0.8, 'n_estimators': 200, 'learning_rate': 0.2};12;12;9840.49587012784;0.06652040163619065;45.45454545454545;4.6555725837691595;1.0319273879056465;114950.94;116866.664;116442.02;117003.05;118198.13;122047.18;120091.89;122053.34;126936.83;127183.29;130729.63;125628.45
deseasonal;116724.51560379312;CE;gasolinac;xgb;{'learning_rate': 0.4, 'n_estimators': 150, 'subsample': 0.8};12;12;9862.442721122381;0.059456861677960604;72.72727272727273;4.5446069530918916;0.9282305202234903;108937.04805417969;109614.06991362842;123685.8519478689;104243.60943777197;126830.62462492326;127257.34039043746;129670.64826754532;137822.81962595315;123504.07448575954;134712.44767228648;122236.60488235504;111313.31382229077
