DATA;MCPM;UF;PRODUCT;MODEL;PARAMS;WINDOW;HORIZON;RMSE;MAPE;POCID;PBE;MASE;P1;P2;P3;P4;P5;P6;P7;P8;P9;P10;P11;P12
normal;50608.98047185939;ES;gasolinac;xgb;{'learning_rate': 0.3, 'n_estimators': 150, 'subsample': 0.8};12;12;6406.955262418541;0.06012919416014761;81.81818181818181;-0.9154567648406793;1.868309341931321;79262.58;77957.66;79391.36;79051.83;80548.95;82513.445;83002.97;85457.5;86146.695;88136.13;93549.03;87442.1
log;130817.35604511951;ES;gasolinac;xgb;{'learning_rate': 0.2, 'n_estimators': 200, 'subsample': 0.9};12;12;6638.354327307274;0.05481371509970769;54.54545454545455;1.5151025063349992;1.7106732132599174;80154.93;77406.75;77973.09;78852.96;79610.45;80290.03;81081.74;81036.06;83067.11;83305.34;86710.8;88826.62
deseasonal;39657.70478457113;ES;gasolinac;xgb;{'learning_rate': 0.4, 'n_estimators': 50, 'subsample': 0.9};12;12;5025.191963656942;0.043308215643564886;81.81818181818181;-1.628640860727312;1.324442661951798;83842.15747232304;79924.46156700401;80214.53434175259;79164.46535021962;81452.67663424283;82007.49200319279;82939.04468617406;87038.77502677811;83626.92899085139;94194.12278513862;89702.24623247297;85437.87615984997
