DATA;MCPM;UF;PRODUCT;MODEL;PARAMS;WINDOW;HORIZON;RMSE;MAPE;POCID;PBE;MASE;P1;P2;P3;P4;P5;P6;P7;P8;P9;P10;P11;P12
normal;51605.266751906696;RO;oleodiesel;xgb_noresid;{'learning_rate': 0.2, 'n_estimators': 200, 'subsample': 0.9};12;12;6529.289480142315;0.07069972478929568;81.81818181818181;1.339070652392049;0.6971359012247269;76260.64;74434.07;76340.016;75150.49;77376.766;77022.69;76818.87;75893.65;76641.516;77743.0;73475.055;74917.71
log;79028.41923054021;RO;oleodiesel;xgb_noresid;{'learning_rate': 0.2, 'n_estimators': 200, 'subsample': 0.9};12;12;6674.643561908764;0.0705146018747201;72.72727272727273;1.3915315423823527;0.6916455907605987;76721.125;76877.65;76696.12;76687.336;77084.9;77098.35;75162.414;74611.14;75684.4;75656.4;74717.164;74592.5
deseasonal;144686.24072320946;RO;oleodiesel;xgb_noresid;{'learning_rate': 0.4, 'n_estimators': 150, 'subsample': 0.8};12;12;6117.811673533018;0.0712437003965787;45.45454545454545;-0.014424027770656527;0.6841177650084994;76283.01373428512;73931.91917703653;75273.14322681373;76975.7863306042;83006.44008241328;81558.88316087672;76728.11738765045;81989.61042722479;80061.95185961129;79317.65248327787;67399.5490633173;72060.83150438874
