DATA;MCPM;UF;PRODUCT;MODEL;PARAMS;WINDOW;HORIZON;RMSE;MAPE;POCID;PBE;MASE;P1;P2;P3;P4;P5;P6;P7;P8;P9;P10;P11;P12
normal;115239.09493732105;PI;oleodiesel;xgb_noresid;{'learning_rate': 0.4, 'n_estimators': 150, 'subsample': 0.8};12;12;4871.926300033486;0.07954077586647477;45.45454545454545;6.512839693899519;1.4103133005866666;50691.934;51455.727;51321.043;51316.133;55711.83;55591.055;52777.605;51820.383;50800.41;50445.63;45491.91;45363.348
log;167972.07706771995;PI;oleodiesel;xgb_noresid;{'learning_rate': 0.2, 'n_estimators': 50, 'subsample': 0.9};12;12;5327.466750449581;0.0856947617334693;27.272727272727273;3.7531505225226893;1.4869010100288893;52544.027;52544.027;52538.617;52538.617;52538.617;52538.617;52547.035;52547.035;52670.86;52687.438;52599.176;52582.07
deseasonal;55330.30580130481;PI;oleodiesel;xgb_noresid;{'learning_rate': 0.2, 'n_estimators': 50, 'subsample': 0.7};12;12;4672.43951659922;0.07440863232475613;72.72727272727273;5.471876326886387;1.323130794534449;47729.37115020186;48384.13361412484;49515.365084780184;49780.63332767515;52872.95143430162;53687.11832934987;53625.56716329953;54519.4288869375;53687.936245418154;56015.19674002276;51700.7619286187;48091.81734526984
