DATA;MCPM;UF;PRODUCT;MODEL;PARAMS;WINDOW;HORIZON;RMSE;MAPE;POCID;PBE;MASE;P1;P2;P3;P4;P5;P6;P7;P8;P9;P10;P11;P12
normal;50274.16160487965;SE;oleodiesel;xgb_noresid;{'learning_rate': 0.4, 'n_estimators': 50, 'subsample': 0.9};12;12;2550.420384892773;0.06741604847224018;54.54545454545455;-4.462271882847173;1.2921844342521813;33010.51;33186.59;33109.4;32992.11;32505.545;32527.47;33092.58;33041.1;32992.29;32535.938;32500.414;33041.516
log;80039.03792308745;SE;oleodiesel;xgb_noresid;{'learning_rate': 0.2, 'n_estimators': 100, 'subsample': 0.7};12;12;2539.1216760755965;0.06847476332620492;27.272727272727273;-4.236263964192049;1.3180342092694324;32824.19;33007.2;32996.34;33003.297;32829.855;32759.36;32754.957;32694.91;32737.531;32746.213;32798.78;32529.234
deseasonal;11963.2549627203;SE;oleodiesel;xgb_noresid;{'learning_rate': 0.2, 'n_estimators': 200, 'subsample': 0.9};12;12;1515.8812407318803;0.043333804200868985;81.81818181818181;-1.6485764897684405;0.8512787611962327;33251.03694024483;32499.668937735503;32741.48484401329;30851.837892863492;30416.203101391977;31622.58186626778;32221.1812999512;33116.25466992786;33005.71746963582;33255.23749440361;30964.365438531226;29963.062857533405
