DATA;MCPM;UF;PRODUCT;MODEL;PARAMS;WINDOW;HORIZON;RMSE;MAPE;POCID;PBE;MASE;P1;P2;P3;P4;P5;P6;P7;P8;P9;P10;P11;P12
normal;497997.932901185;RJ;oleodiesel;xgb_noresid;{'learning_rate': 0.3, 'n_estimators': 50, 'subsample': 0.7};12;12;25245.454480196222;0.10107601400073714;54.54545454545455;8.53083958467251;1.322759759039835;209698.4;211352.98;201448.56;199568.61;201877.0;202410.05;203641.81;204693.8;219808.94;223646.48;219668.67;224629.16
log;593503.415909215;RJ;oleodiesel;xgb_noresid;{'learning_rate': 0.2, 'n_estimators': 100, 'subsample': 0.9};12;12;25083.52908888346;0.09726011429743103;45.45454545454545;8.415915323923349;1.2783875667506568;208462.95;207466.92;203977.94;203663.81;204694.86;201963.5;202282.14;208589.83;216022.61;218847.45;224271.34;225370.38
deseasonal;172466.19118780972;RJ;oleodiesel;xgb_noresid;{'learning_rate': 0.4, 'n_estimators': 50, 'subsample': 0.9};12;12;21810.29936038089;0.07983652906672413;81.81818181818181;7.91397518841012;1.0517731575031217;219798.2536773692;209637.91571027364;219338.88882014324;210184.24429011048;221266.31333613166;223697.9109481971;214562.64874188122;219172.46950660937;195114.19666395648;213251.32267511508;203993.81226531602;189437.75773989654
