DATA;UF;PRODUCT;MODEL;PARAMS;WINDOW;HORIZON;RMSE;MAPE;POCID;PBE;MASE;P1;P2;P3;P4;P5;P6;P7;P8;P9;P10;P11;P12
mean;PE;oleodiesel;knn_rf_deepar_svr_catboost_arima;{};12;12;8559.57710170142;0.05674739358128455;45.45454545454545;1.2188885239911658;0.37143703132818223;107262.0507855877;100651.57774000427;104934.2800726992;100984.69090099148;105240.67024276558;110615.38954165333;112071.61379443356;122725.77326298352;122897.40703135521;121675.06151225675;115664.25202688552;105137.59883628096
