DATA;UF;PRODUCT;MODEL;PARAMS;WINDOW;HORIZON;RMSE;MAPE;POCID;PBE;MASE;P1;P2;P3;P4;P5;P6;P7;P8;P9;P10;P11;P12
mean;PR;oleodiesel;knn_rf_deepar_svr_catboost_arima;{};12;12;37930.140230578276;0.06801011564822966;81.81818181818181;1.415448791902061;0.6386809210774489;489776.6666793676;425747.8012266721;446336.6838136194;459825.5369962762;470503.1131899006;479808.8915897979;465482.7374734002;460994.7040907864;447276.93335315667;412084.75815737655;409997.42780850374;479971.3237980607
