DATA;UF;PRODUCT;MODEL;PARAMS;WINDOW;HORIZON;RMSE;MAPE;POCID;PBE;MASE;P1;P2;P3;P4;P5;P6;P7;P8;P9;P10;P11;P12
mean;DF;oleodiesel;knn_rf_deepar_svr_catboost_arima;{};12;12;2049.099148672084;0.052893836840242237;72.72727272727273;5.159392141295911;0.6762734839547455;29344.452602102763;27584.42200249157;30093.152187966934;29115.662578702093;29602.86147868635;31538.235478365146;29294.104541977882;30434.228573932713;29794.94635772091;29569.156093668866;27310.685437293665;27570.152037049396
