DATA;MCPM;UF;PRODUCT;MODEL;PARAMS;WINDOW;HORIZON;RMSE;MAPE;POCID;PBE;MASE;P1;P2;P3;P4;P5;P6;P7;P8;P9;P10;P11;P12;Test Statistic;p-value;Lags Used;Observations Used;Critical Value (1%);Critical Value (5%);Critical Value (10%);Stationary
normal;498205.28122453805;PR;gasolinac;ARMA;{'p': 15, 'd': 0, 'q': 1};12;12;25267.39398398142;0.08050870061342096;54.54545454545455;-0.14520949109788248;0.7199181864609705;255692.01463209483;248729.58075428818;268026.45668741525;253028.0793995437;283366.09967498534;281910.645858564;283837.17984089116;287420.6266271311;280430.7181370914;333530.8277576931;268863.51774618716;273999.09318562027;-3.823513668053805;0.0026756965160401893;16;380;-3.4476763783532585;-2.869176103659426;-2.570837873961219;True
deseasonal;294911.5481495979;PR;gasolinac;ARMA;{'p': 22, 'd': 0, 'q': 8};12;12;18700.136308370566;0.0567923667876414;63.63636363636363;1.7761337789769158;0.5113674568436246;259872.00127947493;255338.64410903456;271432.8386495437;258986.1228464567;283084.66302728205;277705.93556161266;279823.0265579441;274968.4356416093;265162.84672433016;316889.063780315;251782.651457046;260114.8611454686;-4.4361241933992375;0.0002560568270233034;15;381;-3.4476305904172904;-2.869155980820355;-2.570827146203181;True
log;514129.273582467;PR;gasolinac;ARMA;{'p': 15, 'd': 0, 'q': 1};12;12;26073.381291260466;0.08334992266623714;54.54545454545455;0.005625176756096;0.7452999424673952;251701.46785140462;246796.72801938868;267280.4600467997;252184.1595048367;284081.9324597019;282250.8129066764;284510.68978751125;287615.25057459803;281000.03282142454;332452.2555099452;269621.6892534847;274340.6666372101;-3.7611937150228294;0.0033302655904795526;16;380;-3.4476763783532585;-2.869176103659426;-2.570837873961219;True
