DATA;MCPM;UF;PRODUCT;MODEL;PARAMS;WINDOW;HORIZON;RMSE;MAPE;POCID;PBE;MASE;P1;P2;P3;P4;P5;P6;P7;P8;P9;P10;P11;P12;Test Statistic;p-value;Lags Used;Observations Used;Critical Value (1%);Critical Value (5%);Critical Value (10%);Stationary
normal;64106.80532385227;MT;gasolinac;ARIMA;{'p': 17, 'd': 2, 'q': 5};12;12;4432.840151132049;0.0642578870664377;72.72727272727273;-2.103635774415682;0.7144249167727312;56794.089259341534;56346.424566386486;57689.77180025387;54165.29212138411;56271.12774887622;57624.72071162083;57444.07211598421;55132.11509059402;56485.903257676815;59265.33249306047;56305.58238910815;56212.77187576994;-4.85024619251075;4.354521034763081e-05;13;383;-3.44753973676872;-2.8691160516676844;-2.57080585953957;True
log;81636.61298694037;MT;gasolinac;ARIMA;{'p': 14, 'd': 2, 'q': 5};12;12;4517.805115365504;0.0635604609295516;63.63636363636363;-1.5194405394651758;0.7080898987953731;56312.75588984495;56040.47829341602;57379.70341259191;53431.33487317204;55744.36534513677;57433.40137923176;56791.994511461766;54784.06886273339;56738.019526294855;58857.87906729172;55948.31943735115;56385.70462303089;-4.846807542136755;4.421552083646587e-05;13;383;-3.44753973676872;-2.8691160516676844;-2.57080585953957;True
deseasonal;96830.30219091072;MT;gasolinac;ARIMA;{'p': 4, 'd': 3, 'q': 11};12;12;4910.895977668846;0.08019200845322204;54.54545454545455;-4.873697819384183;0.8908890028451342;57804.529626879135;58603.47397668929;58474.92179658348;56239.910590598105;59466.71779468366;58199.14234556029;58086.62850596733;58705.18480934646;57707.37687955267;61636.51519524812;56609.43784005639;56644.570530282384;-4.999868549632792;2.2206452818393073e-05;12;384;-3.4474946672686824;-2.8690962436986855;-2.570795299750434;True
