DATA;MCPM;UF;PRODUCT;MODEL;PARAMS;WINDOW;HORIZON;RMSE;MAPE;POCID;PBE;MASE;P1;P2;P3;P4;P5;P6;P7;P8;P9;P10;P11;P12;Test Statistic;p-value;Lags Used;Observations Used;Critical Value (1%);Critical Value (5%);Critical Value (10%);Stationary
normal;8787.192686817163;AP;gasolinac;ARIMA;{'p': 15, 'd': 3, 'q': 11};12;12;810.2835425945744;0.043175384066133;81.81818181818181;0.4019397908680506;1.0653221275994789;15747.467416206451;15205.624868335022;16208.54957411807;16085.756893826245;17030.676529674;17672.800232508373;17470.089870680273;17430.621756906075;16971.514252242312;17296.897869439614;16057.907004727056;15640.991476461322;-4.254842057663294;0.0005313689357427;17;379;-3.4477224095888497;-2.869196333125208;-2.5708486586002604;True
log;7933.006453067412;AP;gasolinac;ARIMA;{'p': 15, 'd': 3, 'q': 20};12;12;731.6567206993683;0.0384264440748655;81.81818181818181;0.072683788702032;0.9482538289048152;16077.092413910175;15433.630654719496;16321.004788730615;16031.05843420584;16903.618490241417;18063.569514250907;17210.60338237145;17924.301611423904;17050.065095474227;16953.394071543484;15915.034526959069;15592.789724980865;-4.306981873494998;0.000432007039366;17;379;-3.4477224095888497;-2.869196333125208;-2.5708486586002604;True
deseasonal;2755.339433793576;AP;gasolinac;ARIMA;{'p': 14, 'd': 3, 'q': 23};12;12;697.2886265737944;0.03425402309829808;90.9090909090909;0.6181577358397664;0.843094498593072;15323.641417799534;15295.871763323301;16865.68647662159;16360.521847863814;17243.953970094117;17931.285408311294;17187.875483260403;17604.67726774785;16458.230036983434;16981.33700051154;15726.327469523701;15407.872627796487;-3.9670888877595765;0.001592994509356727;17;379;-3.4477224095888497;-2.869196333125208;-2.5708486586002604;True
