DATA;MCPM;UF;PRODUCT;MODEL;PARAMS;WINDOW;HORIZON;RMSE;MAPE;POCID;PBE;P1;P2;P3;P4;P5;P6;P7;P8;P9;P10;P11;P12
combination;124304.11304412886;RJ;gasolinac;combination-mean;ARIMA-SARIMA_DS;12;12;8602.81290938448;0.03562030889244156;66.66666666666667;0.34025332562239097;207266.45977823704;202921.2594252838;197959.8316822644;191681.463029727;202692.58526388218;202047.245815664;199752.07668921328;195038.44584465778;195425.3372463408;215836.74792189733;195297.9560151853;190206.6185751806
