DATA;MCPM;UF;PRODUCT;MODEL;PARAMS;WINDOW;HORIZON;RMSE;MAPE;POCID;PBE;P1;P2;P3;P4;P5;P6;P7;P8;P9;P10;P11;P12
combination;10689.548143245116;AC;gasolinac;combination-mean;ARIMA-SARIMA_DS;12;12;591.8324190818194;0.042257146482475805;58.333333333333336;1.213828214097339;12215.81712237875;12219.602961529756;12432.100254994055;12696.874157111632;13581.669539408;13605.497059735615;13708.14368612295;13303.330369832769;12899.293334257727;13092.462092361135;11571.61645092222;11492.293815038409
