DATA;MCPM;UF;PRODUCT;MODEL;PARAMS;WINDOW;HORIZON;RMSE;MAPE;POCID;PBE;MASE;P1;P2;P3;P4;P5;P6;P7;P8;P9;P10;P11;P12
arima_nn_rf;19817.634460866484;MT;glp;ARIMA;arima_nn_rf;12;12;914.6198296583107;0.03719069286461459;50.0;2.5294994165182136;1.246585107179205;21637.249747161986;19028.943657982025;20302.3272062514;19531.302096154275;19787.602762579612;20897.737324665297;18196.427604476827;18752.008552195843;19045.30543530763;19689.966589381656;19269.44088642896;18392.835203603267
