DATA;MCPM;UF;PRODUCT;MODEL;PARAMS;WINDOW;HORIZON;RMSE;MAPE;POCID;PBE;MASE;P1;P2;P3;P4;P5;P6;P7;P8;P9;P10;P11;P12
arima_nn_rf;95306.0932603528;RS;glp;ARIMA;arima_nn_rf;12;12;6586.737387160463;0.08188454695478992;66.66666666666667;5.1447120721200115;2.1710117642535565;60042.68767886972;54620.31831622731;67738.08671601352;73071.61654237409;74456.22681621206;79690.11810961804;72089.61569419874;67969.03535066864;64057.239094363526;58525.67799789866;49058.56015332647;45824.99838661363
