DATA;MCPM;UF;PRODUCT;MODEL;PARAMS;WINDOW;HORIZON;RMSE;MAPE;POCID;PBE;MASE;P1;P2;P3;P4;P5;P6;P7;P8;P9;P10;P11;P12
arima_nn_rf;11598.857718893672;CE;glp;ARIMA;arima_nn_rf;12;12;3190.61399659123;0.061884274159907;91.66666666666667;6.243649385570274;2.0134147476197075;41845.83758767429;41181.56988836198;41969.81460777587;42228.83963674892;41550.91040732212;44208.2773931212;40943.92140396462;41348.30149905232;39137.81391196372;42991.80230056223;41636.06137777572;35868.38755721311
