DATA;MCPM;UF;PRODUCT;MODEL;PARAMS;WINDOW;HORIZON;RMSE;MAPE;POCID;PBE;MASE;P1;P2;P3;P4;P5;P6;P7;P8;P9;P10;P11;P12
normal;566955.0862498567;MG;etanolhidratado;arma;{'p': 18, 'd': 0, 'q': 2};12;12;47652.27023814011;0.20384667980324692;72.72727272727273;16.324248379266944;0.6524307705558083;136332.02768570342;133784.893652168;148816.99998542832;154025.98184597061;140099.03428678637;144497.01945406836;150471.25293337536;136254.55846596623;143822.25489918335;153672.94136927763;138050.04645301116;143196.57802203143
log;785063.8265233886;MG;etanolhidratado;arma;{'p': 21, 'd': 0, 'q': 3};12;12;49592.55011017336;0.19468062095515162;63.63636363636363;18.67914490739946;0.6441502138375345;135158.09463363743;127555.05739340601;135637.86000424626;149798.91130012364;137699.28389281017;141650.33094246034;148215.51237949452;142519.90444188126;141164.17909542035;148575.02978184976;127585.58215997025;138972.58732742385
deseasonal;959538.2065220601;MG;etanolhidratado;arma;{'p': 19, 'd': 0, 'q': 8};12;12;48517.82891776153;0.21832764752712017;54.54545454545455;15.484735113522483;0.684340434348724;131281.01062180768;134984.77704378674;151965.63151991877;161026.77637770821;151382.09148600508;150720.9374036516;141674.98856545193;144045.05555607026;142371.472154091;156699.85150657414;140216.77409111403;133941.20410649778
