DATA;MCPM;UF;PRODUCT;MODEL;PARAMS;WINDOW;HORIZON;RMSE;MAPE;POCID;PBE;MASE;P1;P2;P3;P4;P5;P6;P7;P8;P9;P10;P11;P12
normal;45624.89721441305;PA;etanolhidratado;arma;{'p': 6, 'd': 0, 'q': 24};12;12;2871.4441678781163;0.32671870313141765;63.63636363636363;39.82738052440226;0.9117056634679707;3030.9604977491463;2831.543860992332;2901.3877087797264;3227.094863009441;3167.6943763520235;3214.477821996198;3108.5896408468707;2876.6548306279938;2759.89312544434;3017.6710452935;3030.053475830671;3172.4426827261213
log;69633.34771636435;PA;etanolhidratado;arma;{'p': 20, 'd': 0, 'q': 4};12;12;2929.8217122422025;0.3360414811685861;45.45454545454545;41.76671080491221;0.9365386163419943;2956.6159795693675;2791.387034510221;2831.021447667949;3137.359652277529;2965.6567916086437;3106.7604887326797;2872.1454457892337;2767.7590392501556;2755.1812660393216;3023.0135367254725;2986.9094061607416;2973.485225754866
deseasonal;91724.29644151921;PA;etanolhidratado;arma;{'p': 15, 'd': 0, 'q': 11};12;12;2898.8883543291777;0.33649877414939083;27.272727272727273;38.64338984431214;0.9234343687979543;3017.1546014756136;2768.5975236704353;2949.036721171779;3372.8873030820205;3540.4071415275735;3387.4777700155346;3129.44414759229;3079.7665100240083;2796.134768744511;3287.046515433227;2903.3041854600556;2822.2230228838116
