DATA;MCPM;UF;PRODUCT;MODEL;PARAMS;WINDOW;HORIZON;RMSE;MAPE;POCID;PBE;MASE;P1;P2;P3;P4;P5;P6;P7;P8;P9;P10;P11;P12;Test Statistic;p-value;Lags Used;Observations Used;Critical Value (1%);Critical Value (5%);Critical Value (10%);Stationary
normal;168046.43683690895;ES;etanolhidratado;ARMA;{'p': 21, 'd': 0, 'q': 7};12;12;5787.99039111831;0.3792871350304936;36.36363636363637;49.83628108478074;0.9053514195587432;4141.726257025837;3770.629702017952;3780.2352722600463;4158.877609562103;3828.950251821382;3748.651708434244;3667.2984290724494;3487.625894045116;3653.8101250245504;3646.745182265547;3440.608926207108;3769.029173026546;-3.595667568453605;0.0058443967670628;12;384;-3.4474946672686824;-2.869096243698685;-2.570795299750434;True
log;127545.628263688;ES;etanolhidratado;ARMA;{'p': 23, 'd': 0, 'q': 7};12;12;5847.19422776631;0.372092180609158;54.54545454545455;50.866201570559554;0.905959432565701;4136.158792625558;3630.207172989945;3611.4962838074393;4026.6227585836473;3882.44345066891;3741.8799728088975;3557.291039124784;3351.4477729690484;3617.352458487451;3716.972611955383;3335.572595918391;3560.9065903612623;-3.5845860832401137;0.0060626390954282;12;384;-3.4474946672686824;-2.869096243698685;-2.570795299750434;True
deseasonal;133142.48208214497;ES;etanolhidratado;ARMA;{'p': 24, 'd': 0, 'q': 24};12;12;5600.260486030186;0.3555626347693684;45.45454545454545;48.09295677462475;0.8595030028458384;3827.278426999717;3069.3414306064624;3753.366290378844;3900.440395179444;4302.538327736269;4079.7508022354823;3949.638079641898;4220.317370552203;3764.9044711094775;4332.396558771947;4143.338859565325;3318.02199635473;-6.130577175989166;8.421268040103842e-08;3;393;-3.447099431978147;-2.8689225261604263;-2.57070269105012;True
