DATA;UF;PRODUCT;MODEL;PARAMS;WINDOW;HORIZON;RMSE;MAPE;POCID;PBE;MASE;P1;P2;P3;P4;P5;P6;P7;P8;P9;P10;P11;P12
normal;RN;gasolinac;arima;{};12;12;4236.536156334052;2.8247896353871074;63.63636363636363;-48.847641210857;0.8860183125355311;4142.345589769892;914.1530371628855;1447.6233587965776;2259.865291654455;366.02933448968497;662.6872029331312;-674.5322981116269;3811.5897642660457;5750.00910073243;6987.456452731487;9402.70798888295;10545.58942364787
deseasonal;RN;gasolinac;arima;{};12;12;4403.161312121518;1.268055146888675;81.81818181818181;-10.204016308855731;1.1852174722569249;4066.4838847936653;-186.21276502155115;930.626154392362;1298.5129962877472;-434.92661433481635;2724.386633146994;2756.2613818295067;6399.855064212654;8001.542043882854;8301.594539583491;8051.759065455173;7127.451506008698
log;RN;gasolinac;arima;{};12;12;3884.4511301941357;10.01916866616211;63.63636363636363;-61.48048589152383;1.0026200487460937;3682.808653960442;1988.9618746362648;4850.7273386344805;2461.5247940068307;2345.437835432379;2406.053572367185;4489.579562488806;5423.021288200967;3971.8154082630117;8027.314211277091;8397.529530925625;9082.054183449836
