DATA;MCPM;UF;PRODUCT;MODEL;PARAMS;WINDOW;HORIZON;RMSE;MAPE;POCID;PBE;P1;P2;P3;P4;P5;P6;P7;P8;P9;P10;P11;P12
combination;23664.338224902138;PE;oleocombustivel;combination-median;ARIMA-SARIMA-VARMA-RF;12;12;703.9250728665237;2.382857834511099;25.0;5.123674190756942;513.5776594894883;176.35953138480875;-85.04699328258917;200.31248945884747;-267.5887612109255;901.6934175247484;1123.8927800957777;1101.8793226974926;789.6545135345535;205.88869552214067;402.44195061661776;109.6448592681659
