DATA;MCPM;UF;PRODUCT;MODEL;PARAMS;WINDOW;HORIZON;RMSE;MAPE;POCID;PBE;P1;P2;P3;P4;P5;P6;P7;P8;P9;P10;P11;P12
combination;78357.1316860081;SP;oleocombustivel;combination-median;ARIMA-SARIMA-VARMA-RF;12;12;4284.8679019930905;0.5597740329807982;58.333333333333336;-48.63665310094119;11990.9713003888;10611.530927804335;10636.337241976236;11312.918350891809;12016.436505582678;13347.485226360996;11600.12979636354;13006.63343993127;12773.100845600813;11695.186572460514;11614.009064641552;10506.15618643058
