DATA;MCPM;UF;PRODUCT;MODEL;PARAMS;WINDOW;HORIZON;RMSE;MAPE;POCID;PBE;P1;P2;P3;P4;P5;P6;P7;P8;P9;P10;P11;P12
combination;1.735156327642131e+18;RN;oleocombustivel;combination-median;ARIMA-SARIMA-VARMA-RF;12;12;10.343406312415826;3.631546301965285e+16;0.0;-inf;-10.389921026756335;3.937185909151122;-14.313484412305414;0.0;-19.33337779552851;-0.4538201192660238;11.148978371461782;12.632338149212064;2.3609037737116214;6.312193204057152;15.881628904970785;0.0
