DATA;MCPM;UF;PRODUCT;MODEL;PARAMS;WINDOW;HORIZON;RMSE;MAPE;POCID;PBE;MASE;P1;P2;P3;P4;P5;P6;P7;P8;P9;P10;P11;P12
linear;340828.1296889015;RJ;glp;xgb_rf_knn_arima_arma_sarima;{};12;12;9608.105394618731;0.10228518111092223;18.181818181818183;-6.467471732674546;1.765959098785371;71802.09726712864;82305.72056904207;75427.92560060244;81946.41758285963;81189.25617853657;86963.4545457721;91540.77589863318;83695.14138924307;86324.893846272;76971.55145826154;92596.52467363622;80737.07047283949
