DATA;MCPM;UF;PRODUCT;MODEL;PARAMS;WINDOW;HORIZON;RMSE;MAPE;POCID;PBE;MASE;P1;P2;P3;P4;P5;P6;P7;P8;P9;P10;P11;P12
linear;28737.809417534398;MS;glp;xgb_rf_knn_arima_arma_sarima;{};12;12;1215.088218377174;0.07056273808402438;45.45454545454545;-0.9019564300237896;1.996998290137276;13740.740673830753;15370.365775901711;14250.511324269479;14817.896076611554;15132.612971269516;15843.740685311986;16728.996191664723;15037.837398445283;15180.075142460804;14409.825948772244;15119.743965054564;14311.545359853975
