DATA;MCPM;UF;PRODUCT;MODEL;PARAMS;WINDOW;HORIZON;RMSE;MAPE;POCID;PBE;MASE;P1;P2;P3;P4;P5;P6;P7;P8;P9;P10;P11;P12
linear;39743.77432438766;ES;glp;xgb_rf_knn_arima_arma_sarima;{};12;12;2015.7245356397334;0.07785480241911406;54.54545454545455;-2.1448228309023936;1.6158302748596165;20262.41031186862;23015.398162097095;21113.004567350643;22845.38364341595;22407.11995533785;24333.76078226464;25931.106892167336;23325.138369848257;24634.981990418815;21468.1089613759;24738.5694476455;22481.17545818113
