DATA;MCPM;UF;PRODUCT;MODEL;PARAMS;WINDOW;HORIZON;RMSE;MAPE;POCID;PBE;MASE;P1;P2;P3;P4;P5;P6;P7;P8;P9;P10;P11;P12
linear;41134.92721330701;PI;glp;xgb_rf_knn_arima_arma_sarima;{};12;12;1490.9678952368047;0.07543401910260583;36.36363636363637;6.729216879067873;1.0637698436653278;13469.636573024529;14355.051667327074;14002.311506199718;14285.243387826318;14114.922089190082;14040.137020147113;14887.448695476649;14047.202079392446;14181.760434659349;13714.485530955435;14085.151395176414;14476.454195224116
