DATA;MCPM;UF;PRODUCT;MODEL;PARAMS;WINDOW;HORIZON;RMSE;MAPE;POCID;PBE;MASE;P1;P2;P3;P4;P5;P6;P7;P8;P9;P10;P11;P12
linear;31591.54611898321;SE;glp;xgb_rf_knn_arima_arma_sarima;{};12;12;1144.9310410293601;0.08133808487760119;36.36363636363637;1.1809245847624188;1.1358643650170548;10771.741991144181;11294.452096189969;11020.168648719158;11338.923386578675;11175.912937060273;12104.911717904783;12793.297713830041;12370.261353524604;12686.434635351963;11970.67260956703;12588.131030899267;11802.544173618184
