DATA;MCPM;UF;PRODUCT;MODEL;PARAMS;WINDOW;HORIZON;RMSE;MAPE;POCID;PBE;MASE;P1;P2;P3;P4;P5;P6;P7;P8;P9;P10;P11;P12
linear;177516.72878491489;PR;glp;xgb_rf_knn_arima_arma_sarima;{};12;12;7506.123889052708;0.0704150877997744;45.45454545454545;1.370799903860306;2.348075152482142;74646.23773781952;81587.64458054;76879.90570182916;84187.1419142006;86474.57194055589;90990.79450532334;95571.01199223826;86222.9895175495;88929.33802748777;82351.09752992268;83555.26947354485;78594.46501467792
