DATA;MCPM;UF;PRODUCT;MODEL;PARAMS;WINDOW;HORIZON;RMSE;MAPE;POCID;PBE;MASE;P1;P2;P3;P4;P5;P6;P7;P8;P9;P10;P11;P12
linear;745938.3762584558;SP;glp;xgb_rf_knn_arima_arma_sarima;{};12;12;23661.056060056228;0.07865632737914056;27.272727272727273;-2.5466724518175767;1.9790537584541996;246339.88331626257;275161.07125818764;254389.22375102257;266301.9550865226;275502.5500592009;283672.20860043407;302084.5252048018;278017.8090819418;282590.6063981073;272174.2346957844;278406.93297160976;261716.148511653
