DATA;MCPM;UF;PRODUCT;MODEL;PARAMS;WINDOW;HORIZON;RMSE;MAPE;POCID;PBE;MASE;P1;P2;P3;P4;P5;P6;P7;P8;P9;P10;P11;P12
linear;113853.76984836282;PE;glp;xgb_rf_knn_arima_arma_sarima;{};12;12;4126.290259355284;0.08398984015011479;36.36363636363637;1.1434485933492353;2.698392447524921;41039.875287585906;46289.27485937822;43545.28087608891;44096.60943483299;42351.77814351812;47118.9745995347;50093.09355285463;47068.638618345765;48632.280618758065;43033.92425970838;49250.588524360566;46024.62382536246
