DATA;MCPM;UF;PRODUCT;MODEL;PARAMS;WINDOW;HORIZON;RMSE;MAPE;POCID;PBE;MASE;P1;P2;P3;P4;P5;P6;P7;P8;P9;P10;P11;P12
linear;944.8620901999376;AP;etanolhidratado;xgb_rf_knn_arima_arma_sarima;{};12;12;29.33941575470323;0.4731204466715857;27.272727272727273;51.081400479096615;0.9611854675055997;21.01143262359329;26.46592776504818;19.75250525205358;19.97371947422364;17.558127041479324;16.149631559145337;18.877237501735628;20.77665228613774;22.604163136791275;26.44982062738513;27.517895697457195;29.106278415427965
