DATA;MCPM;UF;PRODUCT;MODEL;PARAMS;WINDOW;HORIZON;RMSE;MAPE;POCID;PBE;MASE;P1;P2;P3;P4;P5;P6;P7;P8;P9;P10;P11;P12
linear;28727.89152336054;TO;etanolhidratado;xgb_rf_knn_arima_arma_sarima;{};12;12;1210.622896321828;0.24522226929626947;45.45454545454545;28.667018583902788;0.7210420946908765;1893.9393284470923;1997.367048188244;1980.9742360488062;1904.5696002995112;2053.2448512485453;2109.9777651082427;2245.526336658805;2509.3997630898675;2635.4266897814496;2520.059880987589;2368.7807686723418;2107.6956222228573
