DATA;MCPM;UF;PRODUCT;MODEL;PARAMS;WINDOW;HORIZON;RMSE;MAPE;POCID;PBE;MASE;P1;P2;P3;P4;P5;P6;P7;P8;P9;P10;P11;P12
linear;42705.802747310874;RS;etanolhidratado;xgb_rf_knn_arima_arma_sarima;{};12;12;3561.261786885945;0.417860099166909;72.72727272727273;49.88816184288979;0.9969532249350123;2910.1657885213917;2908.1516241288095;2600.6737970683853;2501.7532502724007;2538.695114567602;2499.4461563573946;2656.195231336396;2829.074655336698;3051.566365360824;3102.9209355659186;3325.1880828090934;3197.7721097499907
