DATA;MCPM;UF;PRODUCT;MODEL;PARAMS;WINDOW;HORIZON;RMSE;MAPE;POCID;PBE;MASE;P1;P2;P3;P4;P5;P6;P7;P8;P9;P10;P11;P12
normal;389991.8583687329;AM;oleodiesel;knn_noresid;{'n_neighbors': 5};12;12;19715.378211826952;0.2274227314181451;54.54545454545455;-11.60274677343029;1.310054374996187;71591.3959674032;78261.59105438598;78397.90736963987;82741.3233485654;80141.65685477291;84406.26047806101;95193.05348435156;97284.01702121398;93985.67173223519;93460.72304323567;89362.81489409949;85467.34029112346
log;386952.2126231448;AM;oleodiesel;knn_noresid;{'n_neighbors': 3};12;12;19561.94748498421;0.2268747967438003;54.54545454545455;-10.958093564130248;1.3071485604353656;71022.26240297606;75885.41988817818;77114.10243752113;81630.44747162683;82539.5903163717;83791.19295827375;90938.57832886955;97668.0532117396;93789.85388020956;94699.54581789055;87710.87337680833;87552.52873590818
deseasonal;199847.9959488743;AM;oleodiesel;knn_noresid;{'n_neighbors': 3};12;12;16807.9081301046;0.18602013257189712;72.72727272727273;-12.132206271702918;1.0588711884795223;74710.28752188422;76396.50545123841;81354.47925814189;82851.07425654675;90317.47243268952;95675.45359026255;94307.38535842542;97424.46449014002;91151.81703388292;88982.94838079935;81120.38500001543;80889.34467394944
