DATA;MCPM;UF;PRODUCT;MODEL;PARAMS;WINDOW;HORIZON;RMSE;MAPE;POCID;PBE;MASE;P1;P2;P3;P4;P5;P6;P7;P8;P9;P10;P11;P12
normal;31970.542101914256;CE;oleodiesel;knn_noresid;{'n_neighbors': 3};12;12;8055.966812899301;0.07399109093026669;90.9090909090909;7.432451290631202;1.0704605967020875;80562.13301863086;75829.09392160377;82228.83857682851;85235.84612588558;93404.11845021188;99729.20711907142;97275.86798600257;100035.86963903857;94392.42129847806;97615.48559848854;88161.1712274985;81491.20808275108
log;315243.24472120753;CE;oleodiesel;knn_noresid;{'n_neighbors': 3};12;12;9999.127207911355;0.08080312489654275;27.272727272727273;6.48427406530937;1.1588727046719387;75876.75782035697;81119.02907791722;76397.24634056755;82106.68546513673;84816.4747991938;94514.9029586848;102173.28982245385;99733.43951281972;103592.64514977703;97367.03435525022;100718.65389322038;88566.26398719507
deseasonal;133455.5865143157;CE;oleodiesel;knn_noresid;{'n_neighbors': 3};12;12;8458.766169096203;0.07192098903089268;63.63636363636363;7.113820784008416;1.0423180906850391;77721.89993600527;77476.21152784035;78930.96370673888;85258.1095944639;89557.95449389477;96696.43658063558;97034.1461692721;99585.14922120076;99935.08357973398;97731.12473669245;94453.60628774566;85284.18502270091
