DATA;MCPM;UF;PRODUCT;MODEL;PARAMS;WINDOW;HORIZON;RMSE;MAPE;POCID;PBE;MASE;P1;P2;P3;P4;P5;P6;P7;P8;P9;P10;P11;P12
normal;539588.1424770836;BA;oleodiesel;knn_noresid;{'n_neighbors': 1};12;12;34179.73406788022;0.09428359190438797;63.63636363636363;7.9188926793356;1.0287641304206057;223216.99094439077;262963.670937858;261734.32002861195;255444.3816151845;261123.8329627005;296619.50566463964;282430.43827427924;295912.85797998006;283117.8177942365;288673.251071257;280250.9079549046;267460.82922032493
log;663587.8928786339;BA;oleodiesel;knn_noresid;{'n_neighbors': 1};12;12;33646.90131346326;0.09159315523451068;54.54545454545455;7.703978578018051;0.9981012507154503;224704.68422800564;259102.62479246422;256192.4221226003;266132.95899198204;257600.3629452493;299782.65607563045;281770.4976007444;299191.3831111632;289228.1278800728;287162.90252914815;278640.0437887145;267046.4135251262
deseasonal;890796.0494818056;BA;oleodiesel;knn_noresid;{'n_neighbors': 1};12;12;32280.81669602755;0.09187251034400608;36.36363636363637;9.41850622767726;1.0211098735186608;243779.70787341453;263165.29615375586;264999.2369100203;267289.59926546295;286484.52229554474;285914.12863936706;289309.3391651684;275123.00579994783;264598.6582485264;272469.30434426473;261074.55699201417;231666.89391779533
