DATA;UF;PRODUCT;MODEL;PARAMS;WINDOW;HORIZON;RMSE;MAPE;POCID;PBE;MASE;P1;P2;P3;P4;P5;P6;P7;P8;P9;P10;P11;P12
rf;SC;glp;knn_rf_deepar_svr_catboost_arima;{};12;12;1637.3969605420104;0.030479162513523683;72.72727272727273;-0.0325343549762848;0.5127684450724195;43074.360914432276;47070.825868264285;47350.07707943358;47801.84086050746;53335.589204568125;49762.89049723798;46491.66233281899;46942.423485469604;44485.96678169779;41644.253426125724;43094.36083200698;40486.980378802895
svr;SC;glp;knn_rf_deepar_svr_catboost_arima;{};12;12;1667.3035567942989;0.03004560494683239;63.63636363636363;-0.2661797833900872;0.5158826344377404;43913.670377813396;49382.55887168603;46038.8633690197;46459.1359231531;52483.12886771639;49718.64898781248;45695.92757763876;46380.953947975744;45050.94383275407;42301.20322871353;43960.2880670195;41444.14036576463
ridge;SC;glp;knn_rf_deepar_svr_catboost_arima;{};12;12;1668.584235012023;0.030312074741677037;63.63636363636363;-0.2773560229761967;0.5208584170665103;43939.10296919764;49226.31039360334;46003.93554507901;46597.041171760495;52519.6873769924;49845.237800902854;45602.74953877;46204.17053153771;45146.43689144763;42335.16303179865;43937.087368812805;41534.16231846698
linear;SC;glp;knn_rf_deepar_svr_catboost_arima;{};12;12;1670.5036886050207;0.030342436070038215;63.63636363636363;-0.27759032833740027;0.5213904135211029;43939.0081573934;49229.948653450534;45997.89933129256;46599.496773167135;52519.544364730864;49848.00485854834;45599.74087144508;46201.89079714973;45149.75720027311;42334.37785993896;43937.06951313416;41535.63842821896
