DATA;UF;PRODUCT;MODEL;PARAMS;WINDOW;HORIZON;RMSE;MAPE;POCID;PBE;MASE;P1;P2;P3;P4;P5;P6;P7;P8;P9;P10;P11;P12
rf;RO;glp;knn_rf_deepar_svr_catboost_arima;{};12;12;323.6292514197401;0.03500473808385609;72.72727272727273;-1.2174283127451733;0.5749717568987406;8074.848281588748;7447.530610834459;8096.568030605777;7547.410251800994;7874.873659323428;8133.621890855798;7279.9670145357195;8072.420382009661;7716.37911433066;7573.822594204783;7208.274885635325;7125.576694360473
svr;RO;glp;knn_rf_deepar_svr_catboost_arima;{};12;12;404.5158596093226;0.04599321370913261;63.63636363636363;-1.931896161157819;0.7527375803592499;7865.009797100312;8332.017888365554;7615.14253375646;7450.441486387192;8195.969154658389;7880.96012895524;7435.326434424536;7699.9468823584675;7804.453313762897;7527.274327862465;7124.056030665397;7871.167760800421
ridge;RO;glp;knn_rf_deepar_svr_catboost_arima;{};12;12;415.64996695069556;0.04713424639409245;63.63636363636363;-1.9726685401782413;0.7711121222982731;7882.364871744372;8223.103600436063;7624.680206859153;7505.884315680709;8286.005057778537;7802.6497743649725;7473.697539007856;7697.041621902848;7798.116326991158;7461.432362827277;7151.043689088046;7932.866733255076
linear;RO;glp;knn_rf_deepar_svr_catboost_arima;{};12;12;416.1503050321933;0.047184977520612764;63.63636363636363;-1.97355207347764;0.7719583464801536;7882.155356447975;8224.391148087401;7623.211065178977;7505.988018816327;8286.894422479321;7801.741009959143;7474.102173963536;7696.95916527269;7798.194782177496;7460.829861112916;7151.26126031082;7933.962230566942
