DATA;MCPM;UF;PRODUCT;MODEL;PARAMS;WINDOW;HORIZON;RMSE;MAPE;POCID;PBE;MASE;P1;P2;P3;P4;P5;P6;P7;P8;P9;P10;P11;P12
normal;11909.020499466476;AC;etanolhidratado;knn;{'n_neighbors': 3};12;12;428.9548308782143;0.4173423430125369;36.36363636363637;44.0566028970042;1.0053894186502055;399.28288893743076;390.67512223218444;431.26453739299706;451.45919307877574;444.3755578874699;513.7720699368842;543.501328410776;531.4216544757136;564.2974067366217;561.3650778498127;585.649988313804;568.4909770261587
log;8647.27485742095;AC;etanolhidratado;knn;{'n_neighbors': 3};12;12;434.90446789557706;0.4197713726739047;54.54545454545455;44.45722558904046;1.014531789803652;371.0968826487623;420.8232528955879;442.5891488868551;434.64018564259885;469.97020456014053;514.5277891103199;531.2351529827007;538.1241070970173;556.8980334227982;534.5837367285679;582.0035251875856;546.199931383068
deseasonal;6759.099116368229;AC;etanolhidratado;knn;{'n_neighbors': 3};12;12;423.93839702770254;0.420439305327647;63.63636363636363;43.59840215933123;0.9949330933100272;383.02683010662037;340.93632599278334;402.70088554408096;363.70350024671137;488.0008163435591;648.8458707622275;546.7989280575113;623.6808729105569;639.6680278181831;580.6893488913653;542.3001822350462;474.2285169698773
