DATA;MCPM;UF;PRODUCT;MODEL;PARAMS;WINDOW;HORIZON;RMSE;MAPE;POCID;PBE;MASE;P1;P2;P3;P4;P5;P6;P7;P8;P9;P10;P11;P12
normal;1537345.1351476111;MG;etanolhidratado;knn;{'n_neighbors': 1};12;12;48684.21375812306;0.19846238822401777;27.272727272727273;16.697375041117336;0.6170313599337112;108725.94406109257;120937.20011135722;151774.40778890142;147510.16810830467;138319.97208256714;135937.82168946735;122957.26619865937;118118.64962752987;135562.53420553825;134544.5855420646;205431.01502157684;195520.7229709273
log;312825.1384479477;MG;etanolhidratado;knn;{'n_neighbors': 1};12;12;26377.551384394363;0.11554504309434277;72.72727272727273;8.655281599170692;0.3503576040733714;105987.52862296045;115190.73289730903;124456.09296716833;134088.8612944545;156453.7758752253;170323.32989143144;179961.88128436153;183416.48585839343;186199.01336895855;175261.15312312538;181064.96894962518;168536.60952342214
deseasonal;635414.6815728552;MG;etanolhidratado;knn;{'n_neighbors': 5};12;12;40162.54190292592;0.17341966209485285;63.63636363636363;12.12651275750619;0.5358193114181103;110096.22331998068;118436.74617717642;123137.08834641661;116351.56100892757;168423.98777869932;189321.36451899016;190534.21499501064;183035.90881778597;163459.47974930285;167262.85023655347;142551.84026901753;136850.71676027734
