DATA;MCPM;UF;PRODUCT;MODEL;PARAMS;WINDOW;HORIZON;RMSE;MAPE;POCID;PBE;MASE;P1;P2;P3;P4;P5;P6;P7;P8;P9;P10;P11;P12
normal;55338.7526916569;BA;etanolhidratado;knn;{'n_neighbors': 1};12;12;6976.210593913147;0.13713591967238922;81.81818181818181;13.170554608795685;0.4372646451590649;25339.77601609419;26345.832014254185;26136.181284527698;30129.164085729357;35192.6588794901;37003.6614171125;41557.76810737424;47742.69502652582;46140.829654851834;47208.26045282202;45082.34870421654;40825.355150640076
log;78619.76657637063;BA;etanolhidratado;knn;{'n_neighbors': 1};12;12;6625.322242227999;0.1313723417344954;72.72727272727273;12.619817325368926;0.4227594631968611;25003.369674066947;27674.132461173755;27152.96881210537;30696.64075685816;35434.71915571907;37108.27031272028;41288.09218112702;43160.05465966617;46865.41460968543;45538.691465324824;46934.08835727223;44694.10807356872
deseasonal;76514.24823130725;BA;etanolhidratado;knn;{'n_neighbors': 7};12;12;6450.569660369347;0.12001838038686678;72.72727272727273;10.173937248633674;0.3839966735967171;32276.343750340653;25378.9780295496;24753.067072597638;31533.470040921482;37067.08855477476;40442.1718164381;42516.37928453909;46411.032792542916;46241.41690967679;51069.01482742634;47759.630771093696;38741.418631448134
