DATA;MCPM;UF;PRODUCT;MODEL;PARAMS;WINDOW;HORIZON;RMSE;MAPE;POCID;PBE;MASE;P1;P2;P3;P4;P5;P6;P7;P8;P9;P10;P11;P12
normal;1002.2522055961526;AP;etanolhidratado;knn;{'n_neighbors': 3};12;12;35.41358381648331;0.615958180127348;36.36363636363637;51.65430468792065;1.1891309317874823;33.99187548084626;37.108740805457856;38.90115341042803;29.201581220644456;17.08893275146656;15.836189075414605;8.281505723644006;6.687764298237635;13.954425413773599;18.363209925050278;17.443612285172783;26.266324001480683
log;373.7610095624256;AP;etanolhidratado;knn;{'n_neighbors': 1};12;12;23.119743077226737;0.3773515907103735;63.63636363636363;38.844336111381224;0.6982248472790484;9.74092944364305;8.715364224744262;8.137842140779698;23.17510344186322;35.85351657530898;39.34156214514915;35.2139482573099;48.09193754700389;33.32347625457766;31.690619576422236;30.17873401741918;29.381559542697495
deseasonal;368.1057054310233;AP;etanolhidratado;knn;{'n_neighbors': 1};12;12;30.09048211099881;0.5134684875836192;72.72727272727273;44.125903841549224;1.0080657997610067;45.91052149024135;30.506564532865696;30.913142768041453;21.528599341365872;20.05479939366807;31.396491373077136;13.067715592888739;18.240444932695247;26.99359328460867;20.816055863078574;29.28770805353439;15.38360164399581
