DATA;MCPM;UF;PRODUCT;MODEL;PARAMS;WINDOW;HORIZON;RMSE;MAPE;POCID;PBE;MASE;P1;P2;P3;P4;P5;P6;P7;P8;P9;P10;P11;P12
normal;113031.21354364004;DF;etanolhidratado;knn;{'n_neighbors': 7};12;12;13888.600108978751;0.6122483496301659;81.81818181818181;64.07310736750131;1.0374161465171938;5669.4868505849245;5197.0712063832625;5459.87974621674;5491.523142822114;5889.085710220334;6166.48651630507;6822.131672226716;8040.906920576268;8517.450079775941;9782.730580137923;9145.137571173555;8024.171712802293
log;284813.39214737597;DF;etanolhidratado;knn;{'n_neighbors': 5};12;12;14272.459298543086;0.6285974803786297;54.54545454545455;65.86078012359789;1.0663605922926478;4093.620808240227;4601.647306119427;6333.763232682692;6153.1897735330285;6405.8549454454505;5700.5254939510305;6355.6685659460545;7077.423545332506;7516.698161982553;8771.720895902294;8547.23229711148;8458.738886802368
deseasonal;119511.30353004244;DF;etanolhidratado;knn;{'n_neighbors': 1};12;12;14672.247656838686;0.6283950961093635;81.81818181818181;66.73252189046906;1.080475078411738;9593.075809521197;4351.805364618812;4343.181351333229;5503.8185970163195;4690.498908894265;6113.749127068079;6784.303451367479;7515.195069453698;7333.036257969105;8135.225568426251;6034.127679179749;7574.863555398299
