DATA;MCPM;UF;PRODUCT;MODEL;PARAMS;WINDOW;HORIZON;RMSE;MAPE;POCID;PBE;MASE;P1;P2;P3;P4;P5;P6;P7;P8;P9;P10;P11;P12
normal;95666.61324752151;SC;etanolhidratado;knn;{'n_neighbors': 1};12;12;7962.173845711155;0.4734225101815038;72.72727272727273;55.023464227473504;1.0100595575269862;6673.300781589053;5831.533354260637;4296.122558781219;3799.1684036033994;4165.416048529311;3975.5878913509887;4183.031955869031;4201.0222321790025;5404.084699258086;5708.715996289081;5372.395923901269;5629.010155770664
log;182763.48166084857;SC;etanolhidratado;knn;{'n_neighbors': 1};12;12;7667.16736350633;0.5005434043252325;45.45454545454545;55.94868048939984;0.9957105531876728;3013.0337024397772;3026.126870931511;3348.1679062492394;3598.637661607158;4400.7342820567255;5751.689941577719;5975.06649503714;6172.308600109899;5937.265337572875;5684.418987180271;5672.272164005219;5441.049365459692
deseasonal;164694.32971237449;SC;etanolhidratado;knn;{'n_neighbors': 1};12;12;8282.373343281939;0.4651569198845107;54.54545454545455;57.348134791350056;1.0249942948110158;5926.3211816992425;5600.229002086589;4406.632604648022;3958.326884486534;4299.913318485972;4093.5381223252925;4336.99890396089;4422.200576961571;4151.026579906513;5473.59852879423;5017.07407917925;4491.665542236958
