DATA;MCPM;UF;PRODUCT;MODEL;PARAMS;WINDOW;HORIZON;RMSE;MAPE;POCID;PBE;P1;P2;P3;P4;P5;P6;P7;P8;P9;P10;P11;P12
hybrid1;95299.95521670725;ES;oleodiesel;HYBRID;{'p': 2, 'd': 1, 'q': 2};12;12;5277.14504247504;0.03850028300285454;58.333333333333336;-0.5213730102654744;115979.79022574936;108195.81018718412;115968.91855541842;114850.54001620015;121144.27512153953;120366.33518347582;115728.12441474469;118737.34841889302;108462.85618240292;107443.51673398181;103914.27161382722;99608.52458559733
half-sarima-hybrid1;87637.7751004433;ES;oleodiesel;HYBRID;{'p': 2, 'd': 1, 'q': 2};12;12;6065.085194722579;0.03628247059670948;66.66666666666667;2.902874870547337;107110.877109749;103937.90552585828;107202.76768818768;107774.73858759843;110023.67449971272;114454.48976358656;115728.12441474469;118737.34841889302;108462.85618240292;107443.51673398181;103914.27161382722;99608.52458559733
half-sarima_mean-hybrid1;87145.81379554597;ES;oleodiesel;HYBRID;{'p': 2, 'd': 1, 'q': 2};12;12;6031.023082996747;0.03636551560158837;66.66666666666667;2.8700526085425984;107151.9365689738;103972.12540035624;107584.20881436137;107937.48813037244;110265.69191749427;114033.9353656296;115728.12441474469;118737.34841889302;108462.85618240292;107443.51673398181;103914.27161382722;99608.52458559733
hybrid-deseasonal;57727.13890749145;ES;oleodiesel;HYBRID;{'p': 2, 'd': 1, 'q': 2};12;12;5324.6710485551985;0.03707527724008792;75.0;0.1507378001214205;113822.17986977;107158.61137373484;113096.14909104332;113799.26904814345;119238.08739440812;121841.4339842107;115008.56513160895;119745.99006488535;108347.88047261223;107088.56381699767;105160.30090824942;97064.16895649691
half-deseasonal-hybrid;89179.08457159826;ES;oleodiesel;HYBRID;{'p': 2, 'd': 1, 'q': 2};12;12;6171.358183218063;0.0384119811192502;66.66666666666667;3.026128729106679;107109.61473472124;104434.86015619688;107746.91075267184;107899.7965058901;110033.86390918549;113102.79205498876;115008.56513160895;119745.99006488535;108347.88047261223;107088.56381699767;105160.30090824942;97064.16895649691
