DATA;MCPM;UF;PRODUCT;MODEL;PARAMS;WINDOW;HORIZON;RMSE;MAPE;POCID;PBE;P1;P2;P3;P4;P5;P6;P7;P8;P9;P10;P11;P12
seasonal;5788.934657907548;SE;etanolhidratado;ARIMA;{'p': 4, 'd': 1, 'q': 21};12;12;386.4784879690308;1.158508745926088;66.66666666666667;92.88468624856841;1743.5825913199262;1135.240514059145;307.7043386618044;-62.33826129094752;-480.4822066271514;-704.1317043026415;-1054.883324109227;-472.70044237509615;-211.3639241701804;-52.946539479660615;-67.95929129915876;-151.68850505441108
trend;29608.961077688626;SE;etanolhidratado;ARIMA;{'p': 12, 'd': 1, 'q': 22};12;12;818.6380993781022;0.17641909034138215;16.666666666666668;17.558751373270713;2862.887942625423;2859.6460094400036;2852.9136803869696;2843.8176298049107;2833.2081636721027;2823.5260195583114;2814.0231421052094;2805.3088067535436;2800.9080330336114;2801.154343628958;2802.444399477791;2801.3968701034846
resid;5980.252561373272;SE;etanolhidratado;ARIMA;{'p': 2, 'd': 1, 'q': 14};12;12;399.7804411535289;1.1193063531169383;66.66666666666667;78.14780403333413;-244.28232391502738;-259.0145727691634;-257.31005847770274;-121.19726400502188;55.99978038936062;34.349405170541466;21.671190631785656;-76.5723081004823;-24.546263786715578;98.4820654824056;140.5536200813914;242.47552462600848
seasonal_trend;15833.165228902046;SE;etanolhidratado;ARIMA;{'p': 17, 'd': 1, 'q': 6};12;12;872.964979738166;0.20947012543374435;58.333333333333336;17.19140067635631;4318.447358089832;3480.973629510109;2988.628162359786;2738.0078052802633;2153.0938626808106;1994.58885994016;1690.9518342312826;2253.9032445817215;2717.8121640200857;3044.298856909087;2920.4609863589417;2913.5741572317675
