DATA;MCPM;UF;PRODUCT;MODEL;PARAMS;WINDOW;HORIZON;RMSE;MAPE;POCID;PBE;P1;P2;P3;P4;P5;P6;P7;P8;P9;P10;P11;P12
seasonal;6932.62560604415;RN;etanolhidratado;ARIMA;{'p': 6, 'd': 1, 'q': 24};12;12;464.2786677565285;1.073642609719075;66.66666666666667;119.90584897350578;1540.7598347006806;1131.7748121787868;937.7819957429751;334.70928748530537;-362.26251197276275;-1807.6041372234295;-447.96264442664466;-1023.1654052499723;56.3232249255323;137.99465679106135;-287.6874198969037;49.319018019365146
trend;2761.204457521846;RN;etanolhidratado;ARIMA;{'p': 21, 'd': 0, 'q': 23};12;12;381.215890943419;0.05813364903439086;83.33333333333333;3.871682488150388;4784.5333214824395;4770.193340533239;4772.475918517301;4792.624548125377;4842.0026376559135;4890.488022583262;4933.319686241561;4978.358661657047;5026.795846180122;5071.349204058337;5109.087687637346;5143.3721534701735
resid;19375.405049120593;RN;etanolhidratado;ARIMA;{'p': 2, 'd': 1, 'q': 8};12;12;751.4050631246088;1.1282894221955153;41.666666666666664;145.7876581184237;-243.3782205932773;-14.747935348945276;219.8290225353646;408.1205388223241;302.3779824317808;-62.25293365460797;152.8430049230964;14.248034455363623;122.79289827455426;33.43089724420317;108.19652250091369;45.745298686841515
seasonal_trend;11619.424234834321;RN;etanolhidratado;ARIMA;{'p': 11, 'd': 1, 'q': 18};12;12;801.670546887587;0.13360330288662592;66.66666666666667;10.835796305221853;6267.620901066461;5549.22887972873;5037.399267590243;4346.863461941527;3907.143891076204;2522.452259460464;4093.2842374108477;3557.412618895358;4528.902800179004;4853.033914329035;4122.010134686987;4882.100471722263
