DATA;MCPM;UF;PRODUCT;MODEL;PARAMS;WINDOW;HORIZON;RMSE;MAPE;POCID;PBE;P1;P2;P3;P4;P5;P6;P7;P8;P9;P10;P11;P12
seasonal;560604.2299089939;SP;etanolhidratado;ARIMA;{'p': 16, 'd': 1, 'q': 10};12;12;36648.36105114006;1.9914013890296154;66.66666666666667;55.27617844212885;46067.95208465427;-3903.4850457010516;10524.048549554205;-25534.47534307812;43422.41897603794;36674.144770297906;57653.29375873435;26424.78238435336;-60611.99316012072;28855.521965702133;-121073.5157764289;-60239.36431503642
trend;2185007.1515938835;SP;etanolhidratado;ARIMA;{'p': 8, 'd': 1, 'q': 2};12;12;60504.63090508827;0.06610707658308561;16.666666666666668;3.6911811261940923;708711.4837977404;710624.1556514462;710735.9937486779;709773.521798661;708178.7333110265;706186.1389302998;704005.0006824457;701775.2950007309;699587.1320009421;697523.2580077915;695674.6645322418;694109.3314853777
resid;898024.9024029729;SP;etanolhidratado;ARIMA;{'p': 20, 'd': 0, 'q': 9};12;12;40629.78219774298;1.0425465522915018;50.0;184.2059368923208;-30988.05673775445;-23510.43190813893;16367.89260935986;11264.814560227729;16227.675412349918;19107.674871157127;10832.827115206563;16180.823816822533;8054.089119974314;28170.647898067502;19137.113395915905;35082.85786373494
seasonal_trend;1011652.8726909414;SP;etanolhidratado;ARIMA;{'p': 9, 'd': 0, 'q': 20};12;12;93087.52720158744;0.09798953731385378;75.0;10.006282547826057;722251.1738621849;655438.7161384334;652195.9788550134;636647.0009369323;676961.5715786117;651526.1698984441;676644.1456886195;654692.9006763793;617177.1879119276;695808.6504175805;570223.965312608;639696.6311560974
