DATA;MCPM;UF;PRODUCT;MODEL;PARAMS;WINDOW;HORIZON;RMSE;MAPE;POCID;PBE;P1;P2;P3;P4;P5;P6;P7;P8;P9;P10;P11;P12
seasonal;16381.815177873008;PB;etanolhidratado;ARIMA;{'p': 24, 'd': 1, 'q': 6};12;12;1082.6948225378449;9.71821013203734;75.0;18.948289212746218;4322.732245832609;2082.2895152334013;720.9733584381767;-5.183294784598132;-4038.6332223464487;-4255.877714636329;-2389.391383761793;1638.4172992209399;1123.5785218358233;1602.061782900527;-1918.8455465224727;-1332.5245054123736
trend;89140.11297545709;PB;etanolhidratado;ARIMA;{'p': 24, 'd': 1, 'q': 14};12;12;4094.9027340949824;0.26903796172905486;50.0;28.67241751045927;8971.835953632719;8878.398071763855;8839.055989096447;8839.779126617776;8890.40558133718;8979.617940400174;9045.624915404467;9071.05302322772;9067.155096212433;9051.675284883833;9050.96533836896;9076.30915978147
resid;16454.131444204893;PB;etanolhidratado;ARIMA;{'p': 16, 'd': 1, 'q': 2};12;12;1399.1469620144956;2.1209291629128857;75.0;260.726800281189;-464.10878220115694;-693.7409049145795;1.8493531910881984;446.1386128673918;1505.495897093711;1658.1635670521587;1030.8025850134243;548.3177241054692;547.2862887768517;1244.258131538948;767.6663863146308;634.9082643128529
seasonal_trend;32167.245782141857;PB;etanolhidratado;ARIMA;{'p': 4, 'd': 1, 'q': 23};12;12;4383.609608866328;0.27882610568879407;83.33333333333333;29.498048795942527;11853.544452337124;10346.13373148942;9753.420047648096;9473.669384469662;5934.359021368346;5693.012945283697;6719.327123394023;9610.595367145585;9354.540224129049;9854.977898319761;7553.482167775519;8235.991061027147
