DATA;MCPM;UF;PRODUCT;MODEL;PARAMS;WINDOW;HORIZON;RMSE;MAPE;POCID;PBE;P1;P2;P3;P4;P5;P6;P7;P8;P9;P10;P11;P12
seasonal;2281.9419347988587;RO;etanolhidratado;ARIMA;{'p': 24, 'd': 1, 'q': 11};12;12;121.21112882390962;1.3473626633246554;58.333333333333336;-48.927676266952574;263.617736984739;230.98226605469176;63.07306844607712;41.162234985941986;-110.03443637707105;-173.00646512706643;-206.64993246891845;-131.6764309439897;-1.5406712547677213;-58.784959988611405;-63.67860621720312;62.72512226525151
trend;33837.05496658766;RO;etanolhidratado;ARIMA;{'p': 6, 'd': 1, 'q': 10};12;12;776.9302460588063;0.5135032921003321;0.0;54.33457017494311;602.8381931864513;598.5583713699921;596.659272472159;596.079641680976;595.8391704482854;595.5142419719773;595.1980213912435;594.9665416826867;594.7055968226904;594.3651410269181;594.0238124590452;593.7035185875253
resid;1993.09427604315;RO;etanolhidratado;ARIMA;{'p': 6, 'd': 1, 'q': 17};12;12;104.9600686249714;1.565320771901602;58.333333333333336;56.89206118923631;-40.78924688791508;-57.550832616644335;-47.346184763574996;-38.35986753253655;-0.6456545029113814;-1.6244592066751622;13.381931936274471;-4.006285188097692;-19.822385797056576;-10.760852188938797;0.3328689108060292;29.907216812115898
seasonal_trend;14690.396966353224;RO;etanolhidratado;ARIMA;{'p': 4, 'd': 1, 'q': 21};12;12;672.3551479804856;0.4267446199331634;50.0;45.67185049753804;817.8840209098547;777.8871086532235;681.5455403845291;712.0124229980224;602.2758962655818;593.7884339579277;626.739062026846;709.868603491704;808.7306556675496;737.0512129153019;692.8647188344694;718.0480605364238
