DATA;MCPM;UF;PRODUCT;MODEL;PARAMS;WINDOW;HORIZON;RMSE;MAPE;POCID;PBE;P1;P2;P3;P4;P5;P6;P7;P8;P9;P10;P11;P12
seasonal;25803.788915821708;DF;etanolhidratado;ARIMA;{'p': 2, 'd': 1, 'q': 22};12;12;1392.3290416482118;1.1001342813125552;58.333333333333336;-108.44341057487061;2214.496169650737;504.28597752626257;-31.369306684042414;703.9116359790082;-1887.6090906846619;-1967.9257445340893;-1437.6654219613104;-99.97949152759787;433.98491062878924;-471.13680504850834;-1352.713885621739;130.8399297417203
trend;544637.1130624777;DF;etanolhidratado;ARIMA;{'p': 3, 'd': 1, 'q': 15};12;12;13635.121450660847;0.5754734686923925;8.333333333333334;61.30322881584569;7967.362125239626;7999.091024555168;7995.1055273719685;7952.346499185303;7906.78751107915;7827.178786846507;7745.3719782338;7677.731823908176;7623.563045969991;7589.064307472616;7575.751891387255;7568.203494195123
resid;29488.89830789212;DF;etanolhidratado;ARIMA;{'p': 15, 'd': 1, 'q': 18};12;12;1576.1455965918817;1.5013857717009245;58.333333333333336;210.78524239883282;-570.675920293419;-820.6940834709116;110.55342023937918;927.0076070061547;884.6355865959433;488.9568634597996;151.9971374201826;-227.72731059169604;1375.7249834313575;1453.1993687815557;978.8711809872077;1329.07072648236
seasonal_trend;148425.71935018981;DF;etanolhidratado;ARIMA;{'p': 21, 'd': 1, 'q': 10};12;12;13414.03768831916;0.5523887982289911;75.0;59.38897323889639;10704.851727521203;8604.856915167446;8153.065172276876;8535.53179505727;6660.539159598416;6463.226639557255;7389.16342666082;8685.40042599548;9726.132834782245;7926.397561204048;6632.006711825334;7932.751595425555
