DATA;MCPM;UF;PRODUCT;MODEL;PARAMS;WINDOW;HORIZON;RMSE;MAPE;POCID;PBE;MASE;P1;P2;P3;P4;P5;P6;P7;P8;P9;P10;P11;P12;Test Statistic;p-value;Lags Used;Observations Used;Critical Value (1%);Critical Value (5%);Critical Value (10%);Stationary
normal;227089.0919684569;SC;gasolinac;SARIMA;{'p': 2, 'd': 1, 'q': 2, 's': 12};12;12;10481.698975472142;0.0336930194534009;54.54545454545455;1.6465254791151038;0.690030059159023;256425.0454282401;253144.7773685405;245458.5249461493;242223.25611975085;249660.83376382315;248697.42573933565;245866.26846642204;252626.04789793125;247776.60538231087;286600.7681154488;265992.6449193877;254826.26253024285;-3.8412181913739136;0.0025126602725738;13;383;-3.44753973676872;-2.8691160516676844;-2.57080585953957;True
log;227689.0825640341;SC;gasolinac;SARIMA;{'p': 2, 'd': 1, 'q': 2, 's': 12};12;12;10509.457952679186;0.0333837974597202;54.54545454545455;1.36387176297951;0.6805253086009007;255614.2351376793;253623.31089139188;244495.4328155229;242036.64630874337;251583.7290801792;249759.87553779653;247382.51821334532;254461.52421531727;249679.8626296323;289056.0276320345;266128.5028737636;254240.03981031256;-3.870812793919252;0.0022604639284612;13;383;-3.44753973676872;-2.8691160516676844;-2.57080585953957;True
deseasonal;239816.02894051812;SC;gasolinac;SARIMA;{'p': 2, 'd': 1, 'q': 2, 's': 12};12;12;12174.542917340914;0.03625868466363364;54.54545454545455;-2.0401327768852653;0.7100538183097892;259766.50088834378;253247.781511232;252922.56221866765;246866.32914364338;264804.1955836543;258958.8916178803;257881.76829294141;265398.3427197171;263630.91714636853;300323.8046340844;272638.0180557354;267158.52741318714;-4.177486396102401;0.0007191665541400098;12;384;-3.4474946672686824;-2.8690962436986855;-2.570795299750434;True
