DATA;MCPM;UF;PRODUCT;MODEL;PARAMS;WINDOW;HORIZON;RMSE;MAPE;POCID;PBE;MASE;P1;P2;P3;P4;P5;P6;P7;P8;P9;P10;P11;P12;Test Statistic;p-value;Lags Used;Observations Used;Critical Value (1%);Critical Value (5%);Critical Value (10%);Stationary
normal;16700.92737901044;RR;gasolinac;SARIMA;{'p': 3, 'd': 1, 'q': 2, 's': 12};12;12;924.4737289770484;0.0511322834631605;63.63636363636363;-4.127179905221967;0.913616796393968;15827.466568758826;15709.276580009606;15590.58473333754;15285.53666671354;15421.887296711044;16076.20104521636;16641.003410659054;16613.234708204334;15945.781395391425;17093.864340087584;15397.239035873488;15056.29942833545;-4.2374802158752205;0.0005689830440834;12;384;-3.4474946672686824;-2.869096243698685;-2.570795299750434;True
log;11957.533286365682;RR;gasolinac;SARIMA;{'p': 3, 'd': 1, 'q': 2, 's': 12};12;12;827.2396960738145;0.0465779309192945;72.72727272727273;-3.2882690682782627;0.8356528494738589;15754.58951584594;15595.494614009598;15455.130604132848;15128.071549305272;15215.185840450247;15989.840266592855;16488.62383319309;16546.04728079841;15826.80401340125;17029.134902057613;15238.13142789054;14855.263463358631;-4.324808299782914;0.0004022649087285;12;384;-3.4474946672686824;-2.869096243698685;-2.570795299750434;True
deseasonal;8409.430805105816;RR;gasolinac;SARIMA;{'p': 2, 'd': 1, 'q': 2, 's': 12};12;12;710.9988879587562;0.04045908458311398;72.72727272727273;-1.2334573607534574;0.7291466657027635;15152.273214132609;15017.380419477357;15210.833310078566;14837.769562876992;15030.209733863796;15806.835826773626;16323.337179806596;16205.316648829248;15566.221082036289;16671.07798233948;14845.669670052546;14693.002670069633;-7.625160089101913;2.0780413073566704e-11;2;394;-3.4470566389664703;-2.8689037160476016;-2.570692663557422;True
