DATA;MCPM;UF;PRODUCT;MODEL;PARAMS;WINDOW;HORIZON;RMSE;MAPE;POCID;PBE;MASE;P1;P2;P3;P4;P5;P6;P7;P8;P9;P10;P11;P12;Test Statistic;p-value;Lags Used;Observations Used;Critical Value (1%);Critical Value (5%);Critical Value (10%);Stationary
normal;44734.27282538018;ES;gasolinac;SARIMA;{'p': 2, 'd': 1, 'q': 2, 's': 12};12;12;4125.64982161946;0.040507462127829;81.81818181818181;-2.103064490508936;1.2361449882902495;84658.50328505716;82716.94113944685;83026.65662853791;82550.7199674501;84391.04962741245;84089.89195476283;83435.56244923802;85606.06378692495;82403.91738701197;90964.98377034656;87371.014589594;83042.24164357064;-3.91524106838958;0.0019255008230031;12;384;-3.4474946672686824;-2.869096243698685;-2.570795299750434;True
log;44658.00718482442;ES;gasolinac;SARIMA;{'p': 2, 'd': 1, 'q': 2, 's': 12};12;12;4118.625406355473;0.040451224036453;81.81818181818181;-2.118436537535912;1.234442655284494;84717.87971212991;82606.08260453983;83051.55360733584;82523.75792510569;84461.17012574265;84103.39633317261;83464.31105161076;85622.06246214641;82406.81714542398;90983.90793369556;87449.1154963706;83020.19258377497;-3.928846512233141;0.0018325164409335;12;384;-3.4474946672686824;-2.869096243698685;-2.570795299750434;True
deseasonal;30684.24200752902;ES;gasolinac;SARIMA;{'p': 2, 'd': 1, 'q': 2, 's': 12};12;12;3889.735279749688;0.035763783210104226;81.81818181818181;-2.171452700633092;1.0856327770840635;85061.63077103501;81463.61501375455;83171.68718432088;81336.90070503659;84589.82313382342;83809.47788171253;83423.75887748593;86000.21798749782;82148.02285251075;93790.39593335638;87595.83554403171;82545.52585256142;-4.802233345669872;5.385343981307377e-05;12;384;-3.4474946672686824;-2.8690962436986855;-2.570795299750434;True
