DATA;MCPM;UF;PRODUCT;MODEL;PARAMS;WINDOW;HORIZON;RMSE;MAPE;POCID;PBE;MASE;P1;P2;P3;P4;P5;P6;P7;P8;P9;P10;P11;P12
normal;20843.477226854895;AM;glp;xgb;{'subsample': 0.9, 'n_estimators': 50, 'learning_rate': 0.3};12;12;661.4546234570571;0.041076951597254975;27.272727272727273;0.6449821119135829;0.9041825716783538;15119.771;15096.022;15035.036;14980.582;15134.661;15087.713;14736.189;14735.118;15143.635;14670.768;14549.336;14713.209
log;4875.271161444971;AM;glp;xgb;{'learning_rate': 0.3, 'n_estimators': 200, 'subsample': 0.7};12;12;617.9751526114101;0.03622471359537658;81.81818181818181;0.8626965377424344;0.7987136516661135;15265.117;15121.672;15132.318;15097.694;15091.115;15130.369;14708.416;14932.962;14873.339;14505.678;14413.301;14337.816
deseasonal;4303.865785590211;AM;glp;xgb;{'learning_rate': 0.3, 'n_estimators': 100, 'subsample': 0.9};12;12;545.6726754553162;0.0319779442298356;81.81818181818181;0.6616070410312049;0.7086722774469649;15435.529124487399;14820.998114019418;15184.345246831112;14678.740547094989;14962.015528864667;15064.871062947645;14612.231642386849;14917.914202943224;14658.052833711983;15444.474038075554;14724.389405626165;14468.527120198496
