DATA;MCPM;UF;PRODUCT;MODEL;PARAMS;WINDOW;HORIZON;RMSE;MAPE;POCID;PBE;MASE;P1;P2;P3;P4;P5;P6;P7;P8;P9;P10;P11;P12
normal;36743.65244370125;GO;glp;xgb;{'learning_rate': 0.2, 'n_estimators': 50, 'subsample': 0.7};12;12;1865.45094927499;0.03276224316249562;54.54545454545455;0.06257210639056184;1.128636744071161;48821.754;48786.74;48578.926;48627.86;48795.69;48842.785;48783.31;48691.46;47359.777;48355.402;47502.566;48633.15
log;29660.033222755883;GO;glp;xgb;{'learning_rate': 0.3, 'n_estimators': 100, 'subsample': 0.7};12;12;1881.9446454531023;0.0326130675497965;63.63636363636363;-0.33831287313920977;1.1226687056897153;48973.848;48981.504;49009.22;48981.09;48332.57;48101.0;48074.312;48085.04;48707.33;48898.664;48989.12;48979.45
deseasonal;14470.826386428434;GO;glp;xgb;{'learning_rate': 0.2, 'n_estimators': 50, 'subsample': 0.9};12;12;1834.8201346862666;0.031611382334305195;81.81818181818181;0.30169705697945876;1.0960629231945638;48380.213607924205;46252.31011051494;47237.96038930913;47874.59871258666;49248.354499349734;49711.64785471184;47899.65814583449;49326.82982803674;48474.72698636291;50454.035055723;49002.5446912456;46524.48730590075
