DATA;MCPM;UF;PRODUCT;MODEL;PARAMS;WINDOW;HORIZON;RMSE;MAPE;POCID;PBE;MASE;P1;P2;P3;P4;P5;P6;P7;P8;P9;P10;P11;P12
normal;16120.031938670987;PB;glp;xgb;{'learning_rate': 0.4, 'n_estimators': 150, 'subsample': 0.8};12;12;1022.496832119832;0.04336372141485629;63.63636363636363;3.3480299778485865;1.0565138656641406;21038.197;20570.082;20544.578;20775.332;21254.629;21272.918;20995.549;20739.291;20204.225;20988.096;20290.447;20100.395
log;18025.702568295357;PB;glp;xgb;{'learning_rate': 0.2, 'n_estimators': 150, 'subsample': 0.7};12;12;1143.2479401185287;0.04740929448156416;63.63636363636363;3.0103532677592875;1.1506354146284905;20805.828;20794.838;20794.76;20797.812;20800.848;20792.955;20805.332;20813.53;20800.947;20803.963;20819.682;20812.395
deseasonal;8574.626289586435;PB;glp;xgb;{'learning_rate': 0.3, 'n_estimators': 50, 'subsample': 0.9};12;12;1086.6321803228227;0.04100459705593945;81.81818181818181;3.6378557798846467;0.9869972085350909;20756.166575869334;20367.927816110274;21030.534123168505;21271.965027844024;22117.904813104207;21974.37475401475;21257.402569554135;21173.551598055357;20091.65469876827;20788.774298129938;19157.594619137242;18039.901059368964
