DATA;MCPM;UF;PRODUCT;MODEL;PARAMS;WINDOW;HORIZON;RMSE;MAPE;POCID;PBE;MASE;P1;P2;P3;P4;P5;P6;P7;P8;P9;P10;P11;P12
normal;28057.051771832328;MT;glp;xgb;{'learning_rate': 0.3, 'n_estimators': 50, 'subsample': 0.8};12;12;1017.4415125312405;0.04505457325743905;36.36363636363637;-0.3397586168062475;1.4996554926286192;20080.822;19712.584;20121.775;20121.6;20160.156;20236.533;20190.402;20147.635;20150.01;20208.041;20129.467;20176.06
log;24756.104886023044;MT;glp;xgb;{'learning_rate': 0.2, 'n_estimators': 150, 'subsample': 0.7};12;12;1047.2845226369718;0.04280601857978799;45.45454545454545;-0.0894513717517173;1.4127504491943932;20379.195;20391.191;20382.44;20383.977;20394.186;20390.645;20240.168;20197.379;19895.857;19766.986;19276.445;19134.334
deseasonal;13222.063359703905;MT;glp;xgb;{'learning_rate': 0.3, 'n_estimators': 150, 'subsample': 0.7};12;12;1117.654762390365;0.046774874929316694;72.72727272727273;0.9017635004262368;1.579333375613176;20224.52403656829;19128.082739270896;19357.01764065143;19400.9182676121;20147.865592049653;19746.333076974795;19007.65301107567;19883.935544820848;20303.119574134187;21092.335522607515;20283.03315320788;19872.947466026737
