DATA;MCPM;UF;PRODUCT;MODEL;PARAMS;WINDOW;HORIZON;RMSE;MAPE;POCID;PBE;MASE;P1;P2;P3;P4;P5;P6;P7;P8;P9;P10;P11;P12
normal;149630.7351832986;PR;glp;xgb;{'learning_rate': 0.4, 'n_estimators': 200, 'subsample': 0.8};12;12;6328.730321343704;0.0554431435533373;45.45454545454545;1.8858317505677957;1.857272332435303;78919.91;80124.65;80100.54;80093.55;89047.15;90028.14;86667.81;86927.02;85313.35;85269.125;80176.555;82048.6
log;190755.55850748543;PR;glp;xgb;{'subsample': 0.9, 'n_estimators': 50, 'learning_rate': 0.3};12;12;8064.989610995773;0.07667532361126113;45.45454545454545;2.7710104735678898;2.571639882661106;79331.85;80409.03;80453.53;80464.11;80542.5;81733.81;86333.8;86118.67;85269.33;85234.03;84340.71;85420.55
deseasonal;51977.734468002964;PR;glp;xgb;{'learning_rate': 0.4, 'n_estimators': 100, 'subsample': 0.8};12;12;3298.1564480827365;0.03133110515595613;63.63636363636363;1.3707151403630577;1.0496563487834722;81878.51046775153;80329.34414013532;86147.03418262476;88233.38117808162;90059.42591478111;90044.5319569959;85833.78208819064;87328.14544712874;83164.74162962995;83532.48043603379;77783.90286597182;75656.05563017481
