DATA;MCPM;UF;PRODUCT;MODEL;PARAMS;WINDOW;HORIZON;RMSE;MAPE;POCID;PBE;MASE;P1;P2;P3;P4;P5;P6;P7;P8;P9;P10;P11;P12;Test Statistic;p-value;Lags Used;Observations Used;Critical Value (1%);Critical Value (5%);Critical Value (10%);Stationary
normal;298813.1326902086;RS;querosenedeaviacao;ARIMA;{'p': 6, 'd': 2, 'q': 19};12;12;14752.853049276688;1.3173898938763442;54.54545454545455;134.57090659308236;4.036650129926285;9283.938525111607;7192.471534566707;4042.1197351723986;385.15423864048716;361.6473373907702;-876.3225931065426;-4350.967057880158;-7606.918183412448;-8484.348678142183;-9585.530303599373;-12598.964724740263;-15997.229937656948;-5.076577752329233;1.5621697975941318e-05;12;384;-3.4474946672686824;-2.8690962436986855;-2.570795299750434;True
deseasonal;13887.991634186745;RS;querosenedeaviacao;ARIMA;{'p': 2, 'd': 1, 'q': 22};12;12;1746.8559359445046;0.17672472789995883;81.81818181818181;-16.79736156729462;0.5038612986242909;10127.931192120823;9599.467978640514;10183.733825026713;10145.831430841505;10684.995785848265;11174.49337381278;11005.700407836293;11629.52548718281;12042.475415234461;11765.504968975292;10908.462816139394;9908.16259183637;-8.042145968887551;1.834856949423948e-12;1;395;-3.447014064067954;-2.8688850015516016;-2.5706826870693797;True
log;33200.10069917204;RS;querosenedeaviacao;ARIMA;{'p': 24, 'd': 1, 'q': 24};12;12;1681.6610728779474;0.1350278026629533;54.54545454545455;14.42277912922411;0.43616621990658083;7909.5770871588875;7905.514259661398;7901.453516437754;7897.394856418686;7893.338278535474;7889.283781719988;7885.231364904605;7881.181027022247;7877.132767006428;7873.086583791167;7869.042476311029;7865.000443501166;-5.077624301683637;1.5546454344488495e-05;12;384;-3.4474946672686824;-2.8690962436986855;-2.570795299750434;True
