DATA;MCPM;UF;PRODUCT;MODEL;PARAMS;WINDOW;HORIZON;RMSE;MAPE;POCID;PBE;MASE;P1;P2;P3;P4;P5;P6;P7;P8;P9;P10;P11;P12;Test Statistic;p-value;Lags Used;Observations Used;Critical Value (1%);Critical Value (5%);Critical Value (10%);Stationary
normal;1444.1932912173795;AC;querosenedeaviacao;ARIMA;{'p': 21, 'd': 1, 'q': 5};12;12;73.18246815915597;0.07371827815153274;54.54545454545455;3.3211904908244967;0.4854000802830774;714.0467350824323;631.5954893845593;654.9773231627258;627.9127492848706;598.8626732616322;688.3493534936703;698.4485743705045;736.7067469952636;777.3168824567468;778.5142939215758;796.0336282256159;801.364667573155;-8.212387070331348;6.763770926456936e-13;1;395;-3.447014064067954;-2.8688850015516016;-2.5706826870693797;True
deseasonal;602.3442972451745;AC;querosenedeaviacao;ARIMA;{'p': 7, 'd': 1, 'q': 7};12;12;50.85331460949998;0.05306794352271841;72.72727272727273;-2.394872645937069;0.329386918733786;771.0623178656652;685.6318727619336;684.497074344844;683.2449767971298;760.0974011205061;758.887736712262;686.2181092975349;781.5334231278639;820.385424361868;851.0932694259461;810.1103487780832;714.1675094991319;-7.815344473718463;6.89392760814239e-12;1;395;-3.447014064067954;-2.8688850015516016;-2.5706826870693797;True
log;1310.0767327940982;AC;querosenedeaviacao;ARIMA;{'p': 4, 'd': 1, 'q': 14};12;12;66.37004690370095;0.07755274008583103;54.54545454545455;2.105519385603869;0.5077265187320389;733.8257314084243;705.571292730959;689.5181560124167;696.6535582979704;694.8412462267839;732.7602848273568;739.0579098050086;731.8123854977082;725.3962011022177;727.3566635636952;719.811743258559;714.4576572088426;-8.065200403715766;1.6032196621878711e-12;1;395;-3.447014064067954;-2.8688850015516016;-2.5706826870693797;True
