DATA;MCPM;UF;PRODUCT;MODEL;PARAMS;WINDOW;HORIZON;RMSE;MAPE;POCID;PBE;MASE;P1;P2;P3;P4;P5;P6;P7;P8;P9;P10;P11;P12;Test Statistic;p-value;Lags Used;Observations Used;Critical Value (1%);Critical Value (5%);Critical Value (10%);Stationary
normal;41227.60381363363;PA;querosenedeaviacao;ARIMA;{'p': 5, 'd': 2, 'q': 1};12;12;1490.919510859498;0.21509454839150935;36.36363636363637;12.56791625404704;0.36778440912968163;5609.458843971834;5906.923547095107;6389.4890471149065;6463.035381264355;5747.522387805646;5148.24072181989;4736.955936813054;4487.276014556848;4359.667468419201;4179.277811360591;3876.3346052076904;3517.6631036748186;-4.910336772881556;3.329416759810792e-05;15;381;-3.4476305904172904;-2.869155980820355;-2.570827146203181;True
deseasonal;212347.82434045125;PA;querosenedeaviacao;ARIMA;{'p': 4, 'd': 2, 'q': 6};12;12;8780.85510543999;1.2948548373660689;45.45454545454545;132.41130502088401;2.202673954489489;4688.009127849123;2518.633076873624;2190.762789050641;666.3076516248786;387.33673194168284;-755.8981534366203;-2503.275634058057;-2991.3379941326584;-4638.766865493451;-5229.750410346263;-7135.29538661751;-9595.262862047593;-6.541098456507427;9.34253852371643e-09;2;394;-3.4470566389664703;-2.8689037160476016;-2.570692663557422;True
log;25269.349807947907;PA;querosenedeaviacao;ARIMA;{'p': 22, 'd': 1, 'q': 17};12;12;1066.656419547475;0.15679995858042958;45.45454545454545;16.27674839892097;0.2707651718743128;4931.552935281365;4911.280380633306;4891.090993458587;4870.9844325654385;4850.960358161818;4831.018431849694;4811.158316619278;4791.37967684335;4771.682178271619;4752.065488025014;4732.5292745900915;4713.073207813459;-4.7857822724149015;5.7896219583759056e-05;15;381;-3.4476305904172904;-2.869155980820355;-2.570827146203181;True
