DATA;MCPM;UF;PRODUCT;MODEL;PARAMS;WINDOW;HORIZON;RMSE;MAPE;POCID;PBE;MASE;P1;P2;P3;P4;P5;P6;P7;P8;P9;P10;P11;P12
normal;1076.8777607467443;RR;querosenedeaviacao;arma_noresid;{'p': 24, 'd': 0, 'q': 16};12;12;68.14779669687807;0.08459325337548339;63.63636363636363;-2.08559724236139;0.8618819274918921;711.7277021180391;559.7494829782728;678.7126609808407;750.0555786750343;703.7925037952959;671.1117908518527;683.470959475125;750.7763280610413;746.3574762971427;805.5774168355912;824.6701254926909;736.1648720804473
log;1272.5744314830688;RR;querosenedeaviacao;arma_noresid;{'p': 24, 'd': 0, 'q': 19};12;12;80.506538526278;0.09732397909387026;63.63636363636363;-2.9070970074406715;0.9796630638955437;703.0130103415735;514.9221452622121;655.5675891010969;755.540814692394;704.1904903199236;651.673459435803;713.4331442948148;778.4213956897727;746.3274308444221;807.0296840569999;884.9597462816585;776.4719971342591
deseasonal;1162.197097268346;RR;querosenedeaviacao;arma_noresid;{'p': 24, 'd': 0, 'q': 23};12;12;73.54001607571381;0.08914012288446092;63.63636363636363;-0.9976793859957879;0.8977169433022879;709.4133551446275;492.4787592705465;626.4892020747964;722.1659345039823;702.3625129522976;638.0226865938649;684.321527526164;754.9758230965316;736.5670600587454;791.0995767414245;886.3504634088058;786.0342691749132
