DATA;MCPM;UF;PRODUCT;MODEL;PARAMS;WINDOW;HORIZON;RMSE;MAPE;POCID;PBE;MASE;P1;P2;P3;P4;P5;P6;P7;P8;P9;P10;P11;P12
normal;9470.071135066946;AM;querosenedeaviacao;arma_noresid;{'p': 17, 'd': 0, 'q': 3};12;12;2333.7623261762124;0.2792199355040487;90.9090909090909;-29.01277152748012;0.5792792576827724;7312.776467534199;5648.6805851517665;6436.328480426671;6928.922382377194;8558.282731322764;8883.633009904785;9713.820180918536;10969.493484409963;10629.871669192182;11501.383462103808;8829.959087425212;7528.815876018505
log;8732.00344228623;AM;querosenedeaviacao;arma_noresid;{'p': 18, 'd': 0, 'q': 1};12;12;2152.556625883108;0.27617895298763123;90.9090909090909;-28.416313817092636;0.5659520136971353;7811.513689933343;6254.966673713504;6902.027501475247;7124.626619833462;8497.944516782667;8723.99895654257;9446.56337279818;10574.711312598254;10234.128115489393;11087.353246918765;8639.695923432893;7168.511503651645
deseasonal;21500.713367134547;AM;querosenedeaviacao;arma_noresid;{'p': 5, 'd': 0, 'q': 19};12;12;2678.3949916050597;0.35440482956476616;81.81818181818181;-36.38088195850998;0.7245779145397653;8197.60660491447;6670.929586237432;7145.517391746436;7344.897996934705;8690.358091923841;9245.709154570488;10148.24460436416;10882.000432077926;10964.319429283823;11951.101600653392;9782.080550507917;7798.3701747811665
