DATA;MCPM;UF;PRODUCT;MODEL;PARAMS;WINDOW;HORIZON;RMSE;MAPE;POCID;PBE;MASE;P1;P2;P3;P4;P5;P6;P7;P8;P9;P10;P11;P12
normal;17277.60755686864;GO;querosenedeaviacao;arma_noresid;{'p': 7, 'd': 0, 'q': 13};12;12;1091.7304409652768;0.17874106186871055;63.63636363636363;-17.418360115178857;0.5186773766044811;5068.713286096292;4701.6152017822005;5956.8906420363855;6109.75878578209;6485.512499426964;6668.70803600435;5920.329229468435;6895.111237488708;5829.1174704075665;6282.005827417579;5590.469394699402;4622.872265445529
log;21723.461527159034;GO;querosenedeaviacao;arma_noresid;{'p': 5, 'd': 0, 'q': 24};12;12;1098.77818434019;0.19552186488235782;54.54545454545455;-18.530968040307975;0.5656772811951273;5267.796391882009;5308.246320848221;6112.686347260024;6301.302655987286;6579.328727800465;6605.799495136084;6101.141002234047;6683.882491944523;5891.455758472246;5892.492879184185;5573.25749235376;4478.247712107712
deseasonal;18778.06171358316;GO;querosenedeaviacao;arma_noresid;{'p': 23, 'd': 0, 'q': 21};12;12;1573.6721014186019;0.2796760350969977;72.72727272727273;-27.557753132637234;0.811084483966018;5835.49853919945;5432.303475491414;6677.846816322376;6214.940067878432;6825.581543913183;6880.892761291029;6301.776919599112;7802.787833763487;6645.790827379792;6926.765162532078;5938.8594791269925;4704.070976787472
