DATA;MCPM;UF;PRODUCT;MODEL;PARAMS;WINDOW;HORIZON;RMSE;MAPE;POCID;PBE;MASE;P1;P2;P3;P4;P5;P6;P7;P8;P9;P10;P11;P12
normal;9438.880986150361;SE;querosenedeaviacao;arma_noresid;{'p': 4, 'd': 0, 'q': 18};12;12;475.40600756177355;0.3624730873494912;54.54545454545455;-27.222449817288265;0.9002363620601445;1693.5415605899752;1457.2903863330741;1557.146001567889;1566.528041581663;1614.7849731857034;1747.838741967113;1757.4258323249167;1887.1274112924755;1904.7825427711612;1799.6739380038748;1602.1937318685552;1513.4970942006619
log;9527.369988947537;SE;querosenedeaviacao;arma_noresid;{'p': 6, 'd': 0, 'q': 16};12;12;596.994444230796;0.4636076163371064;63.63636363636363;-38.996856689366055;1.153339258394854;1772.560871318236;1605.235574278453;1792.4444832773831;1919.159411377776;1971.0541472439177;1870.5391318506836;1756.439823546761;1776.9145967740471;1848.2183634996343;1952.644520902445;1930.6773310930446;1766.3615148778765
deseasonal;8962.485752345558;SE;querosenedeaviacao;arma_noresid;{'p': 4, 'd': 0, 'q': 24};12;12;562.1311765663239;0.4291441596984325;63.63636363636363;-34.519435242675954;1.0957241463484806;1758.1641350001585;1425.9873239842732;1416.539493493139;1510.2335450892185;1816.3729566370307;1753.4959461963683;1769.1402485453907;1988.6373522448941;2071.4256799276736;2125.359986543827;1983.0689016351703;1636.3675684129103
