DATA;MCPM;UF;PRODUCT;MODEL;PARAMS;WINDOW;HORIZON;RMSE;MAPE;POCID;PBE;P1;P2;P3;P4;P5;P6;P7;P8;P9;P10;P11;P12
RandomForest;128697.50254131375;RJ;querosenedeaviacao;VARMA;();12;12;11815.332884126059;0.15462646699259663;75.0;14.853325760983838;54458.914416566025;53041.97967143318;56239.27576762668;52417.20783472329;51983.00350439466;48328.576573285056;43851.09203443557;44164.680440839875;46559.927637538676;49455.93598940096;50726.74925878419;48683.10069867624
