DATA;UF;PRODUCT;MODEL;PARAMS;WINDOW;HORIZON;RMSE;MAPE;POCID;PBE;MASE;P1;P2;P3;P4;P5;P6;P7;P8;P9;P10;P11;P12
median;BA;etanolhidratado;knn_rf_deepar_svr_catboost_arima;{};12;12;9341.648254340314;0.14079011208487982;54.54545454545455;14.52644259592465;0.5198682650007789;33541.031627970995;33377.804309755826;33885.3458853568;35171.98111850322;35580.7296652685;36190.98880614164;35754.11666683819;37604.09255547181;38517.20911579806;40580.581899246215;41526.69165572596;39967.19750732237
mean;BA;etanolhidratado;knn_rf_deepar_svr_catboost_arima;{};12;12;8989.743283983948;0.13907370884225714;54.54545454545455;13.80090796776246;0.5087234760607836;32946.83336577224;33439.629671628696;34292.730264196056;35222.817553905115;36089.80398637144;36016.51095415639;36800.88019818267;38330.73171875676;39156.15404003683;41675.88488844021;41599.171453092575;39875.93464222148
softdtw_barycenter;BA;etanolhidratado;knn_rf_deepar_svr_catboost_arima;{};12;12;9196.791693447038;0.17038213324362853;72.72727272727273;12.995280484398208;0.5841051006498077;30650.28678833628;38936.3035449384;36213.14054370636;36153.51889020892;36173.238828275025;32911.597311218204;35725.12004441559;36641.66888229315;39664.154909921555;45735.96910247075;42125.1732476472;38680.11473024624
DBA_subgradient;BA;etanolhidratado;knn_rf_deepar_svr_catboost_arima;{};12;12;9079.643811729406;0.16638447499063647;54.54545454545455;13.131376218540508;0.5738666806997595;30698.50584272573;36317.59226460831;36537.01351995697;36750.63060576473;36685.74942649459;33174.017471376;36595.54377777407;37411.27883533803;39205.9904225131;40776.34800060348;46014.6438883088;38739.677103290465
DBA;BA;etanolhidratado;knn_rf_deepar_svr_catboost_arima;{};12;12;9461.916565143936;0.1760112413097957;54.54545454545455;13.270942575416726;0.6020002284715579;30569.93857681644;37066.32137529112;38862.067314811306;36229.89937659753;36062.59499866128;32843.13095195672;35635.215725449576;35656.905457389454;38855.19726707757;45631.95870242582;42094.888940322344;38677.64182957829
EBA_twe;BA;etanolhidratado;knn_rf_deepar_svr_catboost_arima;{};12;12;9641.126605339836;0.1574864022184931;36.36363636363637;17.744706925614913;0.5631499965245131;33250.77829971681;32146.868543065055;32207.44972290054;31778.309297683805;31032.584344081442;29289.76521128957;35457.52412772252;35182.013983438424;39594.52035047934;44614.94344249083;40719.39083318096;39792.74612096911
