DATA;UF;PRODUCT;MODEL;PARAMS;WINDOW;HORIZON;RMSE;MAPE;POCID;PBE;MASE;P1;P2;P3;P4;P5;P6;P7;P8;P9;P10;P11;P12
median;PB;etanolhidratado;knn_rf_deepar_svr_catboost_arima;{};12;12;3692.7247846080104;0.20157288151495634;63.63636363636363;20.870463152230794;0.6029495406477364;9120.33580863188;9348.063698043461;8884.147560508318;9184.085155920005;9114.763034239873;9398.704322814663;8753.8774779093;9606.389554131658;9915.898368949838;10594.401955545509;10076.769772080701;9601.32045497577
mean;PB;etanolhidratado;knn_rf_deepar_svr_catboost_arima;{};12;12;3686.864196548883;0.2065714610967693;72.72727272727273;21.41614017560089;0.6129503374090708;8698.314417100282;9201.935964353394;8841.803012515955;9378.69192169645;8979.674111862014;8757.747753655542;8913.171738440824;9804.354336722683;9790.442728085784;10746.406804789203;10160.206968414226;9542.63075389293
softdtw_barycenter;PB;etanolhidratado;knn_rf_deepar_svr_catboost_arima;{};12;12;3785.786425403736;0.22429575389927106;45.45454545454545;21.867479281756115;0.6468450967012791;7982.674298093593;10372.144476039673;9154.305871117485;9100.07117567365;8416.529038780456;6791.235004556535;9267.449296214309;9219.428654758547;10405.050485330397;12267.680400321036;10338.473926636205;8852.393215542217
DBA_subgradient;PB;etanolhidratado;knn_rf_deepar_svr_catboost_arima;{};12;12;3659.9920830071374;0.2180806472416069;72.72727272727273;19.153932346929388;0.6231782843100101;7548.261074352403;10324.120834039524;9194.317899405482;9427.130866391988;9383.368618095948;9062.591550880696;9303.86296307467;10326.707556152776;10287.32124916713;12399.582971712125;10303.738775481726;8502.012977410615
DBA;PB;etanolhidratado;knn_rf_deepar_svr_catboost_arima;{};12;12;3822.018460375062;0.232580214259562;54.54545454545455;22.096922399379736;0.6661050847058263;7936.126200630048;10355.909262937716;9160.75528180144;9152.663610027872;8747.68251285704;6944.606386411608;9124.146651475818;9282.82658326164;9757.04119085933;12119.209303279331;10392.07712225455;8865.002054980509
EBA_twe;PB;etanolhidratado;knn_rf_deepar_svr_catboost_arima;{};12;12;3679.8627840328063;0.19558768046579397;63.63636363636363;22.873421659121263;0.5870586019482131;8883.70227159316;9179.425684381857;8280.165433710948;8247.388033948926;7993.575274597607;7444.973451541929;8712.05769325302;10802.172991800324;10419.374998317828;11695.272078392714;10203.860609987267;8861.331435000071
