DATA;UF;PRODUCT;MODEL;PARAMS;WINDOW;HORIZON;RMSE;MAPE;POCID;PBE;MASE;P1;P2;P3;P4;P5;P6;P7;P8;P9;P10;P11;P12
median;SC;etanolhidratado;knn_rf_deepar_svr_catboost_arima;{};12;12;8088.577342308377;0.47506351741509895;81.81818181818181;57.23595160765213;1.0186199306036487;4559.924440770065;4522.4069694632235;4559.924422348013;4201.999565998372;4434.542625669206;4561.191098449968;4568.114780444632;4593.372023146347;4693.203052185088;5486.792985758295;5128.931243901638;5014.880570161622
mean;SC;etanolhidratado;knn_rf_deepar_svr_catboost_arima;{};12;12;8085.913152388847;0.4565198252291968;45.45454545454545;56.19199909784781;1.0000408591770071;4877.286911011458;4823.018402227749;4611.1930922289275;4279.441811506235;4752.405325781829;4713.753567564043;4710.3436361443855;4868.1727287199565;4747.02722797051;5587.006847611927;5037.004623291673;4693.637901541871
softdtw_barycenter;SC;etanolhidratado;knn_rf_deepar_svr_catboost_arima;{};12;12;8054.2832250448755;0.46837348143879093;63.63636363636363;56.601870398124696;1.0073352792699308;5226.287943012232;4239.974090414877;4307.024439566381;4006.6922344959034;4612.530330201468;4742.729459861283;4720.740536437122;5011.690928695229;4634.043457729303;5833.419384004463;5268.318951914801;4556.991587246962
DBA_subgradient;SC;etanolhidratado;knn_rf_deepar_svr_catboost_arima;{};12;12;8056.041063848376;0.4618009579720859;54.54545454545455;56.25929234544349;1.0012384673458357;5264.146168480544;4422.8346293623135;4351.501051266139;4002.8937289474575;4771.636794970303;4797.6657886129715;4775.434064763372;4967.7905636137575;4713.269161065553;5820.389893750796;5220.315391076348;4503.7817142110725
DBA;SC;etanolhidratado;knn_rf_deepar_svr_catboost_arima;{};12;12;8082.138338375583;0.47002545618987485;72.72727272727273;56.82725561634294;1.0113464273139838;5242.635943413765;4281.249834367212;4332.161815716824;3995.210700957806;4579.334933845457;4686.044979320486;4687.314747676156;4872.572486082759;4610.922900771416;5793.350388249802;5250.619016167543;4532.16674353874
EBA_twe;SC;etanolhidratado;knn_rf_deepar_svr_catboost_arima;{};12;12;8059.664947516028;0.4615433676237999;54.54545454545455;56.284110324764235;1.0016801493247904;4928.499402441621;4650.976802387568;4323.778155872737;4164.522279820279;4772.996789391893;4711.871976656933;4778.6121071497655;4982.313592841533;4831.863082663557;5722.174552304513;5143.0520794604045;4568.309930032772
