DATA;UF;PRODUCT;MODEL;PARAMS;WINDOW;HORIZON;RMSE;MAPE;POCID;PBE;MASE;P1;P2;P3;P4;P5;P6;P7;P8;P9;P10;P11;P12
median;CE;etanolhidratado;knn_rf_deepar_svr_catboost_arima;{};12;12;5671.647758314103;0.2869478016221647;72.72727272727273;32.358603064041056;0.8810726692544469;9464.33287587222;9374.853495325618;9499.906110278534;9187.573534766172;9463.40411159889;9568.68712527621;9268.198879143081;9171.444711038464;9578.88543542977;10157.787694913335;10021.571338927439;9438.038022671968
mean;CE;etanolhidratado;knn_rf_deepar_svr_catboost_arima;{};12;12;5642.9459186555805;0.2835243020026856;54.54545454545455;32.02981670375802;0.8721203459574337;9144.151966145073;9230.210345140342;9256.453584017741;9372.794516420194;9969.191302339008;9722.338329711052;9230.975490276795;9515.724947380511;9629.048891841741;10159.683337073753;9818.445740409057;9700.73405807273
softdtw_barycenter;CE;etanolhidratado;knn_rf_deepar_svr_catboost_arima;{};12;12;5486.2251721393895;0.2731184714147199;63.63636363636363;30.747555415159827;0.8407591662661136;8474.027064660128;9895.294467886919;9895.614657505565;9818.530646063307;10100.937137727233;9472.275009853747;8446.179133592203;9356.885934790525;10165.920080770928;11717.214015035728;10724.87870456838;8846.756120193204
DBA_subgradient;CE;etanolhidratado;knn_rf_deepar_svr_catboost_arima;{};12;12;5461.575471970078;0.2709554494554234;63.63636363636363;30.656026252375028;0.8347142435493426;8286.175191182194;9843.23911887606;10278.189415774965;9675.530090006916;9684.296709227106;9556.16598571366;8858.433530178703;9707.164727047148;10051.40811648651;11689.576761271579;10581.627491692136;8857.228719602137
DBA;CE;etanolhidratado;knn_rf_deepar_svr_catboost_arima;{};12;12;5439.142365149551;0.2705217626617579;63.63636363636363;30.328931233791707;0.832532710211355;8295.562703640666;9857.953709162946;9983.695921191142;9916.867299036314;10197.54900809243;9598.294444196805;8837.373344172316;9570.151659232084;10088.850662887386;11717.199862393132;10706.424861213593;8851.326170432247
EBA_twe;CE;etanolhidratado;knn_rf_deepar_svr_catboost_arima;{};12;12;5645.815765096689;0.2795384254769824;45.45454545454545;31.662528468036072;0.863483608383225;8938.888883326752;9212.115683820595;8761.254939476667;9750.674738358844;10821.684856448182;10154.166196870774;9159.32720131227;9319.621642624088;9538.998037484218;10193.909980264829;9818.445740409057;9700.73405807273
