DATA;MCPM;UF;PRODUCT;MODEL;PARAMS;WINDOW;HORIZON;RMSE;MAPE;POCID;PBE;P1;P2;P3;P4;P5;P6;P7;P8;P9;P10;P11;P12
hybrid1;2678972.2525188685;SP;gasolinac;HYBRID;{'p': 13, 'd': 1, 'q': 14};12;12;105871.83119910995;0.10350767105424737;41.666666666666664;2.300833314744893;772344.542143068;717573.6950702128;836118.5797235139;765876.3379912091;841547.4517394918;825944.46906326;834148.5282155531;850322.6429576924;852956.766668672;1007896.2317753047;800322.6252679904;837948.6435631238
half-arima-hybrid1;1837006.1667653304;SP;gasolinac;HYBRID;{'p': 13, 'd': 1, 'q': 14};12;12;84723.87152313741;0.0730230113567938;50.0;-0.866643805012021;876817.9722133607;859806.0846642593;834515.1582732212;802867.0249404226;846275.026062344;861483.0240815502;834148.5282155531;850322.6429576924;852956.766668672;1007896.2317753047;800322.6252679904;837948.6435631238
half-arima_mean-hybrid1;1616018.9791310576;SP;gasolinac;HYBRID;{'p': 13, 'd': 1, 'q': 14};12;12;74548.48278392169;0.061822051860156574;50.0;-2.6070710899521656;907412.8649380134;881707.8628472739;875239.9184150936;854165.5794415306;864082.5052327393;876281.6288673303;834148.5282155531;850322.6429576924;852956.766668672;1007896.2317753047;800322.6252679904;837948.6435631238
