DATA;MCPM;UF;PRODUCT;MODEL;PARAMS;WINDOW;HORIZON;RMSE;MAPE;POCID;PBE;P1;P2;P3;P4;P5;P6;P7;P8;P9;P10;P11;P12
hybrid1;327152.4144164594;GO;gasolinac;HYBRID;{'p': 10, 'd': 1, 'q': 2};12;12;15081.06968981082;0.09732647176728598;50.0;6.431434256762279;127977.76299631274;122503.12131166528;131165.93237943377;117034.99593779813;123136.28871115341;115520.26359598614;119109.52855957481;118724.64990913468;129058.11806849959;137518.05013945737;126279.51008627014;131341.5236396546
half-arima-hybrid1;244487.84749441943;GO;gasolinac;HYBRID;{'p': 10, 'd': 1, 'q': 2};12;12;9669.826518017795;0.05625778310651521;41.666666666666664;1.898051085194251;135045.4198221083;135226.6651792454;136139.94298932067;130106.8023222276;136148.59705055942;137315.1799751676;119109.52855957481;118724.64990913468;129058.11806849959;137518.05013945737;126279.51008627014;131341.5236396546
half-arima_mean-hybrid1;203540.10914339402;GO;gasolinac;HYBRID;{'p': 10, 'd': 1, 'q': 2};12;12;11262.578225802605;0.06914698725634943;58.333333333333336;3.5196245366467345;132209.67253213451;131781.9862207877;131786.6252929343;126024.93140321494;131441.70722573763;130753.12292950768;119109.52855957481;118724.64990913468;129058.11806849959;137518.05013945737;126279.51008627014;131341.5236396546
