DATA;MCPM;UF;PRODUCT;MODEL;PARAMS;WINDOW;HORIZON;RMSE;MAPE;POCID;PBE;P1;P2;P3;P4;P5;P6;P7;P8;P9;P10;P11;P12
hybrid1;10288.288633741195;AP;gasolinac;HYBRID;{'p': 12, 'd': 0, 'q': 12};12;12;948.5654472940662;0.04688813324199309;75.0;2.860992225329885;15596.162448653142;14303.709285116862;15541.70188144914;16128.095878267688;16509.19496367654;17633.179204678756;17400.122432419204;17658.11312883742;16151.493169057814;17692.610541784063;14791.33749069765;14504.385989705772
half-arima-hybrid1;9512.101051757369;AP;gasolinac;HYBRID;{'p': 12, 'd': 0, 'q': 12};12;12;877.1072498595539;0.04386968919878178;75.0;2.9117881846247187;15435.255710419897;14793.496496582304;16308.706914168804;15650.197166788696;16186.138142560983;17236.849699887807;17400.122432419204;17658.11312883742;16151.493169057814;17692.610541784063;14791.33749069765;14504.385989705772
half-arima_mean-hybrid1;6259.811417967195;AP;gasolinac;HYBRID;{'p': 12, 'd': 0, 'q': 12};12;12;865.0518415762407;0.04410085039357034;83.33333333333333;2.5789796967429375;15404.720080455414;14975.933997730574;16127.032403826424;15690.919522914295;16526.065154025873;17550.329451712045;17400.122432419204;17658.11312883742;16151.493169057814;17692.610541784063;14791.33749069765;14504.385989705772
