DATA;MCPM;UF;PRODUCT;MODEL;PARAMS;WINDOW;HORIZON;RMSE;MAPE;POCID;PBE;P1;P2;P3;P4;P5;P6;P7;P8;P9;P10;P11;P12
combination;725879.2263494343;SP;gasolinac;ARIMA-MEAN;;12;12;66883.66130209841;0.06359018836652507;75.0;-2.008100735809716;896082.8196462113;885300.4725932034;876441.0569833994;845042.6165279014;840396.4105419088;866005.346292063;844852.3819992965;876499.2943794561;851041.4482329087;954044.7276458711;834558.7627410496;811262.2893014248
