DATA;MCPM;UF;PRODUCT;MODEL;PARAMS;WINDOW;HORIZON;RMSE;MAPE;POCID;PBE;P1;P2;P3;P4;P5;P6;P7;P8;P9;P10;P11;P12
combination;317303.705563696;PR;gasolinac;ARIMA-MEAN;;12;12;21936.4318273213;0.07133098750759424;66.66666666666667;-5.372234795091078;290656.38133177743;288624.3992197062;288081.13894801534;277151.9094959559;291681.6799997012;293023.52080253756;286533.85340771335;293999.3049778126;286658.99956404686;333570.627329579;286383.070867245;275694.7524100094
