DATA;MCPM;UF;PRODUCT;MODEL;PARAMS;WINDOW;HORIZON;RMSE;MAPE;POCID;PBE;P1;P2;P3;P4;P5;P6;P7;P8;P9;P10;P11;P12
combination;28138.061187957832;RO;gasolinac;ARIMA-MEAN;;12;12;1947.4675239035525;0.03356454284899346;66.66666666666667;1.6302126956730474;37435.30200642446;37643.28017526919;38240.92070471433;38551.25194114316;41164.24721503587;41819.50888080406;41000.120268129715;41390.095411076174;39110.66334294863;43354.79977555675;36649.480045470424;35412.156460095786
