DATA;MCPM;UF;PRODUCT;MODEL;PARAMS;WINDOW;HORIZON;RMSE;MAPE;POCID;PBE;P1;P2;P3;P4;P5;P6;P7;P8;P9;P10;P11;P12
combination;3817.637534839019;AC;gasolinac;ARIMA-MEAN;;12;12;527.778655618426;0.03700152399617689;83.33333333333333;-0.9291455128883287;12332.60399981123;12233.125352699384;12836.78800313452;12683.012172615612;13697.604709459654;14076.01428518366;13815.897476947937;13715.34008431605;12990.964278439853;14199.682434084632;12002.259370469405;11550.512956610599
