DATA;MCPM;UF;PRODUCT;MODEL;PARAMS;WINDOW;HORIZON;RMSE;MAPE;POCID;PBE;P1;P2;P3;P4;P5;P6;P7;P8;P9;P10;P11;P12
combination;4684.785841836138;AP;gasolinac;ARIMA-MEAN;;12;12;647.8854516252135;0.03153794340918209;83.33333333333333;1.0135984971665273;15910.040127372642;15613.912476133431;16323.219870871339;16273.039147451695;16717.853924075527;17500.67176834561;17251.10144738459;17381.581586779444;16546.513165705644;17613.046048054122;15423.772335120997;15043.145061999989
