DATA;MCPM;UF;PRODUCT;MODEL;PARAMS;WINDOW;HORIZON;RMSE;MAPE;POCID;PBE;P1;P2;P3;P4;P5;P6;P7;P8;P9;P10;P11;P12
combination;83066.44108651593;CE;gasolinac;ARIMA-MEAN;;12;12;7659.651116920637;0.04456292933411877;75.0;4.3521370785033975;117410.34808866592;113344.4739364671;117402.47666166635;117088.76546745178;126467.97970397257;125307.68035851723;124640.87211456426;129170.81029703195;120375.67345863726;136365.75795579064;122462.08349219768;112735.03211237662
