DATA;MCPM;UF;PRODUCT;MODEL;PARAMS;WINDOW;HORIZON;RMSE;MAPE;POCID;PBE;P1;P2;P3;P4;P5;P6;P7;P8;P9;P10;P11;P12
combination;46326.26868687211;PE;gasolinac;ARIMA-MEAN;;12;12;6400.79084000497;0.04769606248763786;83.33333333333333;-3.4168144903853075;123782.35714159597;119463.06151692744;121980.14234270054;120356.20897716752;123848.78118586814;128311.10970980264;126974.3121490078;131746.1761925848;125135.0091824853;141029.97778903408;127886.7939487801;117468.22872971917
