DATA;MCPM;UF;PRODUCT;MODEL;PARAMS;WINDOW;HORIZON;RMSE;MAPE;POCID;PBE;MASE;P1;P2;P3;P4;P5;P6;P7;P8;P9;P10;P11;P12
normal;290158.55856668996;MT;etanolhidratado;xgb;{'learning_rate': 0.2, 'n_estimators': 50, 'subsample': 0.8};12;12;12256.137769258923;0.1280093037907423;45.45454545454545;13.271029566539971;1.0073808369909798;67578.24;68035.81;67990.85;65613.35;65538.16;64840.168;69989.41;73642.26;76578.625;78550.75;78079.984;80189.055
log;184532.52035661158;MT;etanolhidratado;xgb;{'learning_rate': 0.3, 'n_estimators': 50, 'subsample': 0.8};12;12;11680.330120723758;0.12122225951603394;63.63636363636363;12.610868966550454;0.9572691908348562;68762.734;68417.16;67059.82;66765.65;66387.74;66810.555;71278.89;74052.33;76004.24;78973.3;79542.305;79092.38
deseasonal;97660.54537870084;MT;etanolhidratado;xgb;{'learning_rate': 0.3, 'n_estimators': 150, 'subsample': 0.8};12;12;12324.11080739255;0.11850526852456965;81.81818181818181;12.510791673862046;0.9496724971219263;70859.12891174831;67109.46054562592;67781.37882359601;67613.82605547189;70229.02523407018;71055.31057068206;76817.67682105336;79735.4586906499;75959.81525211643;78996.11388244967;70406.8847707865;67571.49075424978
