DATA;MCPM;UF;PRODUCT;MODEL;PARAMS;WINDOW;HORIZON;RMSE;MAPE;POCID;PBE;MASE;P1;P2;P3;P4;P5;P6;P7;P8;P9;P10;P11;P12
normal;124369.66470780909;AM;etanolhidratado;xgb;{'learning_rate': 0.4, 'n_estimators': 50, 'subsample': 0.9};12;12;4492.5029208742335;0.2925477029776468;36.36363636363637;29.283728242492852;1.0286092057752085;8392.868;8981.447;8509.921;9338.762;9626.068;10922.633;11171.056;12433.041;12383.424;11617.024;11073.145;10429.591
log;92443.55515177648;AM;etanolhidratado;xgb;{'learning_rate': 0.2, 'n_estimators': 100, 'subsample': 0.7};12;12;4665.157199155729;0.3049807377813288;54.54545454545455;30.450206496294275;1.0695824814544872;8065.176;8242.031;8980.9375;9114.062;9179.599;9923.733;10475.635;11992.735;12694.464;12038.376;11502.886;10609.443
deseasonal;51994.77950542553;AM;etanolhidratado;xgb;{'learning_rate': 0.3, 'n_estimators': 50, 'subsample': 0.8};12;12;4356.44016461153;0.2885214696854104;72.72727272727273;28.835294901975985;1.0128577052008092;9123.399255862936;8953.45443448265;8952.700369767776;9421.278570854527;9979.631308413753;10176.056988575507;10611.320963072974;11860.879877056539;12238.67230302509;12496.047020011316;10846.171165288575;11011.262743588359
