DATA;MCPM;UF;PRODUCT;MODEL;PARAMS;WINDOW;HORIZON;RMSE;MAPE;POCID;PBE;P1;P2;P3;P4;P5;P6;P7;P8;P9;P10;P11;P12
seasonal;48624.45568337251;DF;querosenedeaviacao;ARIMA;{'p': 2, 'd': 0, 'q': 18};12;12;3164.777561735482;2.126500657397474;66.66666666666667;-18.03422902878698;-1190.1504433671896;-6048.010353217246;-4036.5973459116644;-3699.992355267003;1633.4597284437532;1920.5026620533229;1332.3012030047296;1311.188737706537;371.6016746727906;1566.398769199718;1848.3745981572376;-1336.1303619165205
trend;87012.86918752342;DF;querosenedeaviacao;ARIMA;{'p': 12, 'd': 1, 'q': 12};12;12;2190.4085776633356;0.07018210352127376;8.333333333333334;7.039397843223578;28197.774723507377;28203.664228756203;28165.835951719688;28106.207252809007;28038.883518307834;27971.738157961812;27908.402885210213;27826.94592953282;27753.42514938032;27681.49999826431;27597.33721155429;27527.568214021387
resid;27310.755134886156;DF;querosenedeaviacao;ARIMA;{'p': 9, 'd': 0, 'q': 20};12;12;1450.6272485256666;1.7615064076384324;58.333333333333336;-112.59689827721795;709.039660126783;-610.9603051840834;-472.97675806357944;-210.6586483906794;-181.43331457748042;1153.724173552852;810.2952390132175;-242.29260920428743;208.76122223495582;944.2892936856092;919.4570297541961;1098.9080033549171
seasonal_trend;61223.593797345085;DF;querosenedeaviacao;ARIMA;{'p': 12, 'd': 1, 'q': 8};12;12;4228.668008837895;0.10188479757639818;66.66666666666667;8.889607744184326;27343.40280750369;20439.080544433677;23071.39082736893;23035.20485902467;28324.127550852252;28686.586959199074;29690.746850978874;29770.22769049349;27771.745037555727;30041.47067877519;30682.79460508761;24571.517649497593
