DATA;MCPM;UF;PRODUCT;MODEL;PARAMS;WINDOW;HORIZON;RMSE;MAPE;POCID;PBE;MASE;P1;P2;P3;P4;P5;P6;P7;P8;P9;P10;P11;P12;Test Statistic;p-value;Lags Used;Observations Used;Critical Value (1%);Critical Value (5%);Critical Value (10%);Stationary
normal;1524760.697308835;MG;etanolhidratado;ARMA;{'p': 15, 'd': 0, 'q': 4};12;12;55118.2230923013;0.24937014823062628;36.36363636363637;17.779709407842805;0.7813380655490915;156822.43240901528;152928.66019011402;150164.47191248316;146660.5644554585;137641.18736864295;133432.6750231167;145552.78314983903;143715.65377035202;129591.95541710671;148817.16970131555;113994.61342034469;133731.04686824992;-4.44675850719869;0.0002451045761415414;17;379;-3.4477224095888497;-2.869196333125208;-2.5708486586002604;True
deseasonal;1034326.5964490329;MG;etanolhidratado;ARMA;{'p': 3, 'd': 0, 'q': 21};12;12;52274.307889333555;0.24025436878474585;54.54545454545455;15.734648362303982;0.7465204517202134;153154.19142474057;149663.11529046102;154535.2854711594;151260.18962293523;144196.85806552533;143060.28324537564;149882.4631215485;151264.92513603202;135870.49262737695;149198.22684807074;123932.57561328469;129145.83244625985;-4.817748494957384;5.028991908093992e-05;14;382;-3.4475850438570115;-2.869135963767125;-2.5708164748773332;True
log;1301126.7748465438;MG;etanolhidratado;ARMA;{'p': 18, 'd': 0, 'q': 6};12;12;54847.42912551704;0.239438064469371;45.45454545454545;18.724739993766427;0.7611666866606746;151478.7948577389;146796.8550769469;147586.8460111212;145098.3566517446;136306.05115258816;133743.13892763824;144657.20326719296;142621.04001942644;129281.54433813713;148579.45159964394;113557.39205532841;133886.78035519022;-4.442061845507768;0.00024988566381867997;17;379;-3.4477224095888497;-2.869196333125208;-2.5708486586002604;True
