DATA;UF;PRODUCT;MODEL;PARAMS;WINDOW;HORIZON;RMSE;MAPE;POCID;PBE;MASE;P1;P2;P3;P4;P5;P6;P7;P8;P9;P10;P11;P12
mean;RJ;gasolinac;knn_rf_deepar_svr_catboost_arima;{};12;12;43913.81960327379;0.254906874822769;72.72727272727273;-23.87372081209458;1.0104070738811455;196572.8899447835;190274.48568731107;189338.57272839945;193311.32683192517;197013.69296245032;198013.21005449403;203000.29751390335;208355.29648575975;206698.85738909664;222951.3996542395;213895.399745249;206675.6627721231
