DATA;UF;PRODUCT;MODEL;PARAMS;WINDOW;HORIZON;RMSE;MAPE;POCID;PBE;MASE;P1;P2;P3;P4;P5;P6;P7;P8;P9;P10;P11;P12
mean;CE;gasolinac;knn_rf_deepar_svr_catboost_arima;{};12;12;5299.154215124024;0.038816646657547194;100.0;-2.9263758713209125;0.36875487903073983;113485.01148098285;110765.01868118219;113739.7326138185;113106.42595833963;114445.90883452617;115958.09263471744;115415.0429053985;116800.95519613312;115204.01257594337;120137.00224704166;115701.23037358724;111439.56708159996
