DATA;MCPM;UF;PRODUCT;MODEL;PARAMS;WINDOW;HORIZON;RMSE;MAPE;POCID;PBE;P1;P2;P3;P4;P5;P6;P7;P8;P9;P10;P11;P12
arima-mean;2108.1673994078374;MG;gasolinadeaviacao;ARIMA_MEAN;;12;12;72.49287230516028;0.25686998366326846;33.333333333333336;-1.4180163238934773;246.07104280486857;252.67783747045846;292.00461744785775;294.20055907333136;321.43470229846963;301.99783817301596;298.4516459350664;314.11115336175675;278.56261019075106;251.13784604858827;263.2322329293737;280.1732485618812
