DATA,MCPM,UF,PRODUCT,MODEL,PARAMS,WINDOW,HORIZON,RMSE,MAPE,POCID,PBE,P1,P2,P3,P4,P5,P6,P7,P8,P9,P10,P11,P12
normal_deseasonal_log_deseasonal-log,758.3605993507672,RO,gasolinadeaviacao,ARIMA_MEAN,"{'normal': ""{'p': 14, 'd': 1, 'q': 5}"", 'deseasonal': ""{'p': 8, 'd': 1, 'q': 5}"", 'log': ""{'p': 11, 'd': 0, 'q': 13}"", 'deseasonal-log': ""{'p': 2, 'd': 0, 'q': 4}""}",12,12,25.227000846296086,0.7569480049573002,33.333333333333336,-3.1329996009463428,53.273584502078805,26.772059549933616,40.3574051145355,43.966416989458395,50.473865446685984,49.66711569644093,63.650079526265564,44.97638088881619,49.17649258608006,50.27853128044686,46.141275510771976,34.46910877797428
