DATA,MCPM,UF,PRODUCT,MODEL,PARAMS,WINDOW,HORIZON,RMSE,MAPE,POCID,PBE,P1,P2,P3,P4,P5,P6,P7,P8,P9,P10,P11,P12
normal_deseasonal_log_deseasonal-log,183.31434173022944,AL,gasolinadeaviacao,ARIMA_MEAN,"{'normal': ""{'p': 4, 'd': 1, 'q': 9}"", 'deseasonal': ""{'p': 7, 'd': 0, 'q': 9}"", 'log': ""{'p': 3, 'd': 0, 'q': 6}"", 'deseasonal-log': ""{'p': 3, 'd': 0, 'q': 8}""}",12,12,8.109650912659157,0.3074152445169582,50.0,29.500642735372416,13.547246624849265,11.406882675188896,14.126277793423677,13.193289783211469,11.367103545905346,18.61293409880184,13.535423064203945,13.542074551959955,13.090373334494085,13.495448736327763,14.122475120496073,12.943704769794316
