DATA;MCPM;UF;PRODUCT;MODEL;PARAMS;WINDOW;HORIZON;RMSE;MAPE;POCID;PBE;P1;P2;P3;P4;P5;P6;P7;P8;P9;P10;P11;P12
arima-mean;373.8337848024339;AC;gasolinadeaviacao;ARIMA_MEAN;;12;12;20.209264543299042;0.34390522180769056;58.333333333333336;3.768909810601623;43.71888674761141;74.2922392425337;46.01007270677074;60.19849829256084;53.483106344885066;75.37834820146598;63.06406203625849;56.99553621476935;57.003853362945534;52.701941201311314;62.648129839643424;43.51993156533653
