DATA,MCPM,UF,PRODUCT,MODEL,PARAMS,WINDOW,HORIZON,RMSE,MAPE,POCID,PBE,P1,P2,P3,P4,P5,P6,P7,P8,P9,P10,P11,P12
normal_deseasonal_log_deseasonal-log,362.0665693100593,ES,gasolinadeaviacao,ARIMA_MEAN,"{'normal': ""{'p': 9, 'd': 1, 'q': 6}"", 'deseasonal': ""{'p': 2, 'd': 1, 'q': 11}"", 'log': ""{'p': 6, 'd': 1, 'q': 2}"", 'deseasonal-log': ""{'p': 2, 'd': 1, 'q': 10}""}",12,12,16.452856760024925,0.20336352236088226,50.0,25.243587499339753,26.892577946669043,29.488958504858196,30.322368593983462,30.345133555776105,30.943857188816807,32.326886652098025,34.24028905556504,32.35569052052679,32.02065311347056,31.67181681530047,31.35203698556879,31.554165613915586
