DATA;MCPM;UF;PRODUCT;MODEL;PARAMS;WINDOW;HORIZON;RMSE;MAPE;POCID;PBE;P1;P2;P3;P4;P5;P6;P7;P8;P9;P10;P11;P12
arima-mean;5.1051718991288454e+17;AM;gasolinadeaviacao;ARIMA_MEAN;;12;12;14.143461302964228;2.483295170030634e+16;66.66666666666667;4.4524024046141735;11.20413428932656;12.921209810483447;11.341863541028726;8.991455477824248;12.216577456050407;10.469128451322224;13.951767009639763;17.130333153747312;9.898226393291752;11.984013547254182;9.20148241243708;12.299947377739668
