DATA,MCPM,UF,PRODUCT,MODEL,PARAMS,WINDOW,HORIZON,RMSE,MAPE,POCID,PBE,P1,P2,P3,P4,P5,P6,P7,P8,P9,P10,P11,P12
normal_deseasonal_log_deseasonal-log,735.6596838062972,PA,gasolinadeaviacao,ARIMA_MEAN,"{'normal': ""{'p': 12, 'd': 1, 'q': 4}"", 'deseasonal': ""{'p': 3, 'd': 1, 'q': 4}"", 'log': ""{'p': 13, 'd': 1, 'q': 6}"", 'deseasonal-log': ""{'p': 10, 'd': 0, 'q': 5}""}",12,12,50.491985968097225,0.18928728343343934,66.66666666666667,-17.05504937549927,273.16637373035707,250.35530896774338,262.6142636463881,307.42124877478614,282.0813620514508,316.5832772334517,304.23287926217364,272.20843330632493,292.2519763789969,277.98196907229124,267.38713809593185,237.3862315882783
