DATA;MCPM;UF;PRODUCT;MODEL;PARAMS;WINDOW;HORIZON;RMSE;MAPE;POCID;PBE;P1;P2;P3;P4;P5;P6;P7;P8;P9;P10;P11;P12
arima-mean;122.69053931363204;DF;gasolinadeaviacao;ARIMA_MEAN;;12;12;11.049223321570123;0.19726029868375242;75.0;16.842817232633625;36.01319325171441;30.952307785643622;33.65688611565277;40.87618212482132;30.405221420533103;29.936683970993432;30.26134962580836;28.338691626158276;28.04671180364723;30.97410963210908;32.14794115004962;34.39555346522374
