DATA,MCPM,UF,PRODUCT,MODEL,PARAMS,WINDOW,HORIZON,RMSE,MAPE,POCID,PBE,P1,P2,P3,P4,P5,P6,P7,P8,P9,P10,P11,P12
normal_deseasonal_log_deseasonal-log,218.7970723371281,CE,gasolinadeaviacao,ARIMA_MEAN,"{'normal': ""{'p': 13, 'd': 0, 'q': 6}"", 'deseasonal': ""{'p': 5, 'd': 1, 'q': 5}"", 'log': ""{'p': 10, 'd': 1, 'q': 7}"", 'deseasonal-log': ""{'p': 2, 'd': 0, 'q': 5}""}",12,12,9.840677132752608,0.2215272026406542,50.0,16.990061855219345,24.359926957911473,24.38236688484896,27.85761180825854,28.748312426568635,36.364044385161144,34.96909278688412,37.65373033169148,32.68748920390855,34.46242147232555,32.284256684685886,24.223033057205328,22.233491076733237
