DATA;MCPM;UF;PRODUCT;MODEL;PARAMS;WINDOW;HORIZON;RMSE;MAPE;POCID;PBE;P1;P2;P3;P4;P5;P6;P7;P8;P9;P10;P11;P12
arima-mean;1899.9855299892963;RS;gasolinadeaviacao;ARIMA_MEAN;;12;12;103.76608970571064;0.4417268799271754;58.333333333333336;6.298403991512848;158.38951812402993;99.3255132582771;105.76837260416698;64.12903999273033;64.92695100165005;127.3449655757197;165.29875924400702;269.5758137047119;327.3042644422218;490.2648292968527;596.5667078480242;260.367581118135
