DATA;MCPM;UF;PRODUCT;MODEL;PARAMS;WINDOW;HORIZON;RMSE;MAPE;POCID;PBE;MASE;P1;P2;P3;P4;P5;P6;P7;P8;P9;P10;P11;P12
normal;7130.916940685671;AC;gasolinac;arma_noresid;{'p': 12, 'd': 0, 'q': 4};12;12;902.5318312930452;0.06351334234562246;81.81818181818181;1.5283355215988343;0.9254701562945542;11616.605312157897;11220.57378255097;12152.520862865276;11776.955462920572;12749.462320513563;13550.441286238725;14172.030440030314;13437.061561428753;13265.538366076236;14224.991213566285;12138.597904525433;12027.390691123595
log;7559.886379381017;AC;gasolinac;arma_noresid;{'p': 12, 'd': 0, 'q': 3};12;12;956.7385540000845;0.06519846149796509;81.81818181818181;1.4501925344338646;0.9509459075775895;11402.184812908912;11164.643589560792;12073.359099162899;11699.503416498963;12833.4349317119;13542.598854140047;14222.082176928234;13627.342711941359;13332.985899242267;14380.510522069171;12225.152656139566;11949.254960761675
deseasonal;7732.8153350210905;AC;gasolinac;arma_noresid;{'p': 9, 'd': 0, 'q': 18};12;12;978.7478518166449;0.06294985031100594;81.81818181818181;-2.840474013201367;0.9156466872090424;11807.3878811325;11799.557358151518;12578.271272864577;12567.570468455817;13627.678513289897;14354.031173937392;15007.239032099067;14315.33256611998;13812.774376855736;14814.899932957813;12343.025910605073;12062.79397512568
