DATA;MCPM;UF;PRODUCT;MODEL;PARAMS;WINDOW;HORIZON;RMSE;MAPE;POCID;PBE;MASE;P1;P2;P3;P4;P5;P6;P7;P8;P9;P10;P11;P12
normal;111089.75888900696;MT;gasolinac;arma_noresid;{'p': 14, 'd': 0, 'q': 1};12;12;5633.233440993725;0.0871228172037417;54.54545454545455;2.9037608167242626;1.0152120419008834;52760.13637721636;50363.416451805715;53334.85466390255;51202.90312783622;51356.80240945468;53531.50939812547;55661.93092993092;52732.25161343479;55881.34134005058;62948.01966936836;52847.16491685754;53781.000312530625
log;108848.9978902552;MT;gasolinac;arma_noresid;{'p': 14, 'd': 0, 'q': 5};12;12;5519.763386759914;0.0858290143967478;54.54545454545455;1.711013726460469;0.9967800575143365;52814.85138157414;50410.37871387285;53410.811782706165;51898.271465850186;52445.71386327006;54671.03035531488;56630.98291834397;54132.007459625245;56870.674402899975;63857.06857067092;53516.56181827183;53683.48486053568
deseasonal;85268.999667012;MT;gasolinac;arma_noresid;{'p': 13, 'd': 0, 'q': 21};12;12;5402.535644896695;0.08539926711112172;63.63636363636363;-1.4828583859510656;0.977689553261929;53622.269943383406;51453.45130945901;54778.4559215318;54262.551122190795;55045.45497485827;57468.31251566054;59548.42815622899;56617.801392002046;58491.31295827065;66079.3756676112;54288.91301596637;53948.15891754716
