DATA;MCPM;UF;PRODUCT;MODEL;PARAMS;WINDOW;HORIZON;RMSE;MAPE;POCID;PBE;MASE;P1;P2;P3;P4;P5;P6;P7;P8;P9;P10;P11;P12
normal;343212.02485752903;SC;gasolinac;arma_noresid;{'p': 15, 'd': 0, 'q': 1};12;12;14517.960810351262;0.049781985030665554;45.45454545454545;2.4591699551898594;1.0038538066733347;244603.59684361835;235815.9350112922;241324.49795718008;231265.44582855966;255629.2660774153;249339.39989246227;255157.8036365025;256566.42795524583;250852.4012913449;294816.84911336354;252431.52163944356;256300.5212254179
log;369164.89580089407;SC;gasolinac;arma_noresid;{'p': 14, 'd': 0, 'q': 2};12;12;15615.116821733785;0.052085554097608906;45.45454545454545;2.1561634721082754;1.0430331574351193;240071.63660653078;235018.73381466832;239084.68702391692;230653.12753236652;257083.60764774913;249257.63805569842;256125.7526363935;260573.97228641095;253293.0727075506;299117.924715147;255636.9595197069;257580.8046823471
deseasonal;345844.9844268526;SC;gasolinac;arma_noresid;{'p': 12, 'd': 0, 'q': 16};12;12;14629.865764308122;0.047812701732929445;45.45454545454545;1.2254205439361228;0.9510022043576555;242286.97584707267;236277.50444561557;244464.81323703082;236410.63567668086;260064.7836681184;252042.72669292844;257628.29859526295;264202.8640481239;254048.2835967532;302685.15597494424;255423.22951131055;256818.9013133931
