DATA;MCPM;UF;PRODUCT;MODEL;PARAMS;WINDOW;HORIZON;RMSE;MAPE;POCID;PBE;MASE;P1;P2;P3;P4;P5;P6;P7;P8;P9;P10;P11;P12
normal;498205.28122453805;PR;gasolinac;arma_noresid;{'p': 15, 'd': 0, 'q': 1};12;12;25267.39398398142;0.08050870061342096;54.54545454545455;-0.14520949109788248;0.7199181864609705;255692.01463209483;248729.58075428818;268026.45668741525;253028.0793995437;283366.09967498534;281910.645858564;283837.17984089116;287420.6266271311;280430.7181370914;333530.8277576931;268863.51774618716;273999.09318562027
log;572034.8433901948;PR;gasolinac;arma_noresid;{'p': 15, 'd': 0, 'q': 1};12;12;29000.412114943843;0.09837312216707776;54.54545454545455;-2.376811298241855;0.8762631804737254;251621.45068190986;248478.48580319024;271203.98461054947;258556.99604180583;292531.09933380736;291748.0206816235;294637.6001382313;299443.4779668621;290108.0671050164;342243.7889097048;274968.6593568508;277248.99712165294
deseasonal;413628.3565550073;PR;gasolinac;arma_noresid;{'p': 22, 'd': 0, 'q': 8};12;12;26204.862591402998;0.0887793029535427;63.63636363636363;-2.9196679484602632;0.7921870982185605;255542.12005089814;255065.2484385084;276424.4898413978;267306.04105598794;298814.52326465514;295325.83750689175;300361.22494710813;300004.247115247;287437.8285164489;338409.273751196;266928.05212891684;269162.13301778963
