DATA;MCPM;UF;PRODUCT;MODEL;PARAMS;WINDOW;HORIZON;RMSE;MAPE;POCID;PBE;P1;P2;P3;P4;P5;P6;P7;P8;P9;P10;P11;P12
combination;107876.61689431762;DF;etanolhidratado;combination-median;ARIMA-SARIMA_DS;12;12;14453.656385722092;0.5691719588854474;83.33333333333333;63.241640402349375;7584.738436687243;7098.080808041106;7265.8165677165;7609.279337148745;6616.7700465777225;7342.76661661386;7648.68935685564;7846.888805860039;7553.499779160548;7571.28822445977;5657.952977597968;6359.097160367532
