DATA;MCPM;UF;PRODUCT;MODEL;PARAMS;WINDOW;HORIZON;RMSE;MAPE;POCID;PBE;P1;P2;P3;P4;P5;P6;P7;P8;P9;P10;P11;P12
combination;162736.5977080305;CE;etanolhidratado;combination-median;ARIMA-SARIMA_DS;12;12;5614.115615740942;0.27279686408871634;33.333333333333336;31.165499414644078;9764.73407460492;9678.13514513774;9425.36362484875;9751.823074032338;9628.050780086747;9559.7558748495;9448.923642036347;9717.550348115274;9647.950039349835;10072.325400444653;9903.565600106464;9610.747003996734
