DATA;MCPM;UF;PRODUCT;MODEL;PARAMS;WINDOW;HORIZON;RMSE;MAPE;POCID;PBE;P1;P2;P3;P4;P5;P6;P7;P8;P9;P10;P11;P12
combination;47696.393453539786;RS;etanolhidratado;combination-median;ARIMA-SARIMA_DS;12;12;3269.6247743348426;0.35199051376849;66.66666666666667;43.25074288584945;2831.6169557594485;2641.4011196145884;2972.554783179644;3154.5553208077376;3143.7639230810446;3338.6979695471027;3263.9534164034385;3276.927077478553;3333.5019667637434;4303.536930554971;3464.6377796538018;2915.9343719727776
