DATA;MCPM;UF;PRODUCT;MODEL;PARAMS;WINDOW;HORIZON;RMSE;MAPE;POCID;PBE;P1;P2;P3;P4;P5;P6;P7;P8;P9;P10;P11;P12
combination;200076.9995443582;SC;etanolhidratado;combination-median;ARIMA-SARIMA_DS;12;12;7859.760411015473;0.4511204744194921;41.666666666666664;54.91019396973426;5074.3332395736825;4636.595131576265;4287.434293452247;4344.222868686211;4685.702163354008;4412.352035372525;4873.50839797335;5249.891455419646;5185.057807007619;6536.622555994098;5388.956437854398;4713.903873071504
