DATA;MCPM;UF;PRODUCT;MODEL;PARAMS;WINDOW;HORIZON;RMSE;MAPE;POCID;PBE;MASE;P1;P2;P3;P4;P5;P6;P7;P8;P9;P10;P11;P12
normal;968507.4475108556;SP;oleodiesel;rf_noresid;{'n_estimators': 50};12;12;81819.81305556731;0.06381039850385113;72.72727272727273;4.083463652250937;1.037439777957406;1060920.8900730459;1065156.7558585918;1108645.5323403238;1099065.1465606394;1169332.711674181;1177374.7320487162;1135321.4410977906;1143327.96565198;1054135.7666864514;1044604.3116836769;1036875.4835917519;1036057.1370840851
log;1799585.9022090621;SP;oleodiesel;rf_noresid;{'n_estimators': 150};12;12;114010.80900339606;0.08871785177433977;63.63636363636363;4.5761982261070955;1.4388133754371204;1088687.7740349562;1089595.8430301007;1090169.2982356225;1089171.9174092421;1092046.1529407687;1089823.1610163616;1088219.7164320487;1088142.9194482402;1088505.0079002548;1084629.5559595455;1086611.7214384077;1087760.244486848
deseasonal;954472.4297864916;SP;oleodiesel;rf_noresid;{'n_estimators': 150};12;12;80633.00254440874;0.06419231143218189;72.72727272727273;5.520064971072649;1.042408954824297;1076348.901508846;1087057.4544212057;1128761.8238028332;1122672.3701150324;1154041.570703516;1186753.8570976814;1116117.0454808194;1138784.1958206696;1065689.5395933846;989686.3888867721;935968.4974042713;932267.8447539599
