DATA;MCPM;UF;PRODUCT;MODEL;PARAMS;WINDOW;HORIZON;RMSE;MAPE;POCID;PBE;MASE;P1;P2;P3;P4;P5;P6;P7;P8;P9;P10;P11;P12
normal;39285.90598017819;SE;oleodiesel;rf_noresid;{'n_estimators': 100};12;12;2490.305995415211;0.06741360977797715;63.63636363636363;-4.112862506878797;1.2977315043280764;32872.71381002066;32793.30216870953;32886.07731716789;32787.22525764851;32746.694927140517;32680.613167740357;32741.038477221722;32759.015013255044;32770.66959570222;32777.49222887577;32702.4046676999;32698.557106461372
log;67736.54217525362;SE;oleodiesel;rf_noresid;{'n_estimators': 50};12;12;2455.536428636152;0.06725792725307621;36.36363636363637;-3.744855660791308;1.2988728774468572;32681.79894659209;32655.19339045448;32637.059878230008;32681.66968824847;32692.59798594708;32726.306498989892;32689.37228300534;32626.438586258435;32591.867172270227;32597.493263680437;32611.77387643854;32634.335623711093
deseasonal;19155.195583893095;SE;oleodiesel;rf_noresid;{'n_estimators': 50};12;12;1619.078271954043;0.04880439395912642;72.72727272727273;-1.00401166921294;0.9718867053340637;32950.14876554959;31932.477297454672;31857.755855141477;30064.48897319308;29816.078263351224;31253.309911300064;31915.076659731458;32896.151321752186;32186.92951148385;33244.19890642845;32208.732459014915;31148.877958225254
