DATA;MCPM;UF;PRODUCT;MODEL;PARAMS;WINDOW;HORIZON;RMSE;MAPE;POCID;PBE;MASE;P1;P2;P3;P4;P5;P6;P7;P8;P9;P10;P11;P12
normal;177279.96688712318;SC;oleodiesel;rf_noresid;{'n_estimators': 50};12;12;11247.868116168385;0.03519604905829389;63.63636363636363;-0.5514663580844258;0.7830574946206739;257731.18489451983;255520.55851776688;257645.8812850286;253182.75875491233;257028.77967112503;256801.92219336232;255748.0661929227;255669.67159007903;254798.03702841775;257229.11668150453;255107.7963425532;248883.56860889873
log;224634.93683683162;SC;oleodiesel;rf_noresid;{'n_estimators': 200};12;12;11404.105613413307;0.03526144494838052;54.54545454545455;-0.8931972167520117;0.7816729587620196;258432.01851441019;256429.3941590273;258118.64614799374;255745.76713714318;257841.89122407077;258063.6405437135;256232.16129354158;256478.82016680058;256187.35417753502;255996.55261296546;254301.21530310137;251937.66768126498
deseasonal;285953.3030354133;SC;oleodiesel;rf_noresid;{'n_estimators': 200};12;12;12097.866569306962;0.040916558667621644;45.45454545454545;2.0804027510180747;0.9169347715176368;257843.87762151254;251166.21874649392;249903.08314043347;244418.70319867562;252324.22999825265;256450.6030217849;250085.8510061314;254301.95110370245;250969.4692527601;242159.01753107973;238687.0000828446;236803.86787338872
