DATA;MCPM;UF;PRODUCT;MODEL;PARAMS;WINDOW;HORIZON;RMSE;MAPE;POCID;PBE;MASE;P1;P2;P3;P4;P5;P6;P7;P8;P9;P10;P11;P12
normal;20917.829664316392;RN;oleodiesel;rf_noresid;{'n_estimators': 50};12;12;2648.311311924977;0.05870766595398583;81.81818181818181;1.6004410332846462;1.4697843453184742;35766.07464738737;35275.83426122653;35646.6924639852;37032.365591022055;37966.206255415826;40535.848312987575;41252.69125574523;43651.07258538066;42332.25481374536;42617.50504833164;42016.17393415369;33089.32877800269
log;54014.82870724017;RN;oleodiesel;rf_noresid;{'n_estimators': 50};12;12;2740.805270513778;0.057369318497935085;54.54545454545455;0.8402380220624037;1.4359332252009829;36501.89119480412;36593.73240732205;36639.29859145942;36658.40487097859;37342.1072790272;38314.63505113462;40602.953119905476;41511.05305407812;43189.510351348035;42901.926368796776;42768.72962767635;37767.10269201706
deseasonal;16016.031178123487;RN;oleodiesel;rf_noresid;{'n_estimators': 50};12;12;2029.99197287341;0.038324231646845265;81.81818181818181;-0.37317578274865626;0.9326002199952673;38134.04974496955;37317.1669030578;37390.62082352041;38122.20027066422;39792.550165473454;40899.66640871491;40306.18216390772;41733.709489726294;41898.31606930106;42809.39602191215;41440.398115433796;36708.14216312366
