DATA;MCPM;UF;PRODUCT;MODEL;PARAMS;WINDOW;HORIZON;RMSE;MAPE;POCID;PBE;MASE;P1;P2;P3;P4;P5;P6;P7;P8;P9;P10;P11;P12
normal;156984.72847601926;GO;oleodiesel;rf_noresid;{'n_estimators': 50};12;12;19879.450190250696;0.055089573625971604;81.81818181818181;2.3228706406262165;0.9362821347049817;286439.2625023825;280655.10595259204;285002.6065829005;286997.4386788902;292940.14897911536;313839.5319671505;304886.7800505143;288922.18453150836;284185.5110644914;262684.23530211486;264859.50099612516;283827.9647099143
log;556325.230813212;GO;oleodiesel;rf_noresid;{'n_estimators': 100};12;12;28213.816300417006;0.08251775522349017;54.54545454545455;1.8786146856462005;1.3763340748651434;287164.0910415295;287806.3791891549;287775.1567998641;288231.358684879;290438.2094263121;289039.58968400507;288001.9391419701;289941.00394095125;286017.28387333074;285549.3532949236;285711.80021460966;285188.2952025849
deseasonal;424.76691951289496;GO;oleodiesel;rf_noresid;{'n_estimators': 150};12;12;18713.524677477344;0.052419691009631265;100.0;4.037668347921988;0.8987122353122575;292365.43310477806;277398.07879796816;281699.88517411664;294881.2020156999;303599.53701711126;306379.0757245761;284291.5767166156;303475.2218651981;280919.55754517746;248660.1503167807;243915.00429064984;257347.2434179766
