DATA;UF;PRODUCT;MODEL;PARAMS;WINDOW;HORIZON;RMSE;MAPE;POCID;PBE;MASE;P1;P2;P3;P4;P5;P6;P7;P8;P9;P10;P11;P12
mean;DF;gasolinac;knn_rf_deepar_svr_catboost_arima;{};12;12;8473.180708534046;0.07575093743261922;81.81818181818181;-3.0061382167832678;0.7256619265006092;87812.22896825685;86872.47936155791;87376.37452953216;86326.85924759522;87259.23404306817;89163.17653486115;87222.98210551863;89906.33417390929;89680.29972899768;91673.05398961717;86345.38460069585;89064.6113718655
