DATA;UF;PRODUCT;MODEL;PARAMS;WINDOW;HORIZON;RMSE;MAPE;POCID;PBE;MASE;P1;P2;P3;P4;P5;P6;P7;P8;P9;P10;P11;P12
mean;AC;gasolinac;knn_rf_deepar_svr_catboost_arima;{};12;12;811.6848325412341;0.055065411342064;81.81818181818181;0.5335288105206614;0.7938044101720133;12049.003895653625;11926.76503444287;12124.241309867171;12346.346973010517;12832.627838678447;13156.157100084522;13667.741379933399;13698.466976475696;13502.851074610327;13815.275205840098;12386.633184544626;12364.989897256013
