DATA;UF;PRODUCT;MODEL;PARAMS;WINDOW;HORIZON;RMSE;MAPE;POCID;PBE;MASE;P1;P2;P3;P4;P5;P6;P7;P8;P9;P10;P11;P12
mean;PI;gasolinac;knn_rf_deepar_svr_catboost_arima;{};12;12;6095.033156978876;0.10172421329894638;81.81818181818181;10.268879642789894;1.0026561080522751;44035.22845902113;42093.80161718032;42987.84074937725;42431.06294356312;45512.10999014054;47762.951995337455;49306.517188609454;50127.661409967914;49785.48249877906;53264.198747814946;49678.55248226537;47368.728604945616
