DATA;UF;PRODUCT;MODEL;PARAMS;WINDOW;HORIZON;RMSE;MAPE;POCID;PBE;MASE;P1;P2;P3;P4;P5;P6;P7;P8;P9;P10;P11;P12
mean;TO;gasolinac;knn_rf_deepar_svr_catboost_arima;{};12;12;2758.3199946371033;0.061417156006797896;81.81818181818181;4.69667781346467;0.8370895808339118;32460.78550208352;31463.004186506856;32642.5082548858;32348.89829859108;35456.705384389636;36194.709596816836;34844.972913853315;34797.57659637971;34683.65353015813;36660.059989039575;33354.87226212875;34113.78982935337
