DATA;UF;PRODUCT;MODEL;PARAMS;WINDOW;HORIZON;RMSE;MAPE;POCID;PBE;MASE;P1;P2;P3;P4;P5;P6;P7;P8;P9;P10;P11;P12
mean;PR;gasolinac;knn_rf_deepar_svr_catboost_arima;{};12;12;27914.439024403157;0.08724726137554463;36.36363636363637;2.137118028781239;0.7748422184938263;256092.3736874184;260766.0987803052;259772.6999483733;247389.9182006098;263958.31935237366;258274.75185156867;270929.35636852705;278458.7551621686;276779.7993292892;300455.8609521551;285016.97654930374;285303.08110341383
