DATA;UF;PRODUCT;MODEL;PARAMS;WINDOW;HORIZON;RMSE;MAPE;POCID;PBE;MASE;P1;P2;P3;P4;P5;P6;P7;P8;P9;P10;P11;P12
mean;PE;gasolinac;knn_rf_deepar_svr_catboost_arima;{};12;12;10760.68083867334;0.07169593323029144;72.72727272727273;5.274710654311074;0.8653775244543641;110238.92730192594;105559.41026116133;106823.06094118378;103888.60393954192;113854.23880987035;114195.06133094418;119668.06338281029;126293.96084030962;117246.86860743188;127320.62277794744;117287.99242143637;118869.04413923825
