DATA;UF;PRODUCT;MODEL;PARAMS;WINDOW;HORIZON;RMSE;MAPE;POCID;PBE;MASE;P1;P2;P3;P4;P5;P6;P7;P8;P9;P10;P11;P12
mean;RO;gasolinac;knn_rf_deepar_svr_catboost_arima;{};12;12;2574.9109649819766;0.04926229183608757;63.63636363636363;2.6286312424304445;0.9350713951430566;35980.7038233421;36797.0377972511;36909.186920022104;37090.78516906434;39385.10856545678;40147.22871701016;41048.03078957019;40750.817257159826;40934.36511250205;42120.4037282309;38156.774880476354;37663.06630081406
