DATA;UF;PRODUCT;MODEL;PARAMS;WINDOW;HORIZON;RMSE;MAPE;POCID;PBE;MASE;P1;P2;P3;P4;P5;P6;P7;P8;P9;P10;P11;P12
mean;AM;gasolinac;knn_rf_deepar_svr_catboost_arima;{};12;12;4776.183582279335;0.07510485867805695;54.54545454545455;-4.7929739544280165;0.6925043861555776;47898.8221663426;48878.86118633563;51163.47633591563;50929.716018613624;55647.56280081257;57546.55259186482;57432.441716937195;59175.0944382581;57742.81360530125;58538.19348575667;50001.00349042472;51759.774796168604
