DATA;UF;PRODUCT;MODEL;PARAMS;WINDOW;HORIZON;RMSE;MAPE;POCID;PBE;MASE;P1;P2;P3;P4;P5;P6;P7;P8;P9;P10;P11;P12
mean;SP;gasolinac;knn_rf_deepar_svr_catboost_arima;{};12;12;103427.46640826958;0.10313253396900289;54.54545454545455;1.2044346765939389;0.8546470345367777;828662.4895458778;779621.9967541699;787302.7439965392;790816.6229624029;813990.7385315347;827416.852021206;829891.7292553204;856907.2604357086;859588.8502284165;943926.6281955467;887254.6458802908;849202.2000364503
