DATA;MCPM;UF;PRODUCT;MODEL;PARAMS;WINDOW;HORIZON;RMSE;MAPE;POCID;PBE;P1;P2;P3;P4;P5;P6;P7;P8;P9;P10;P11;P12
arima-trend-seasonal;15912.06678721734;AC;oleodiesel;HYBRID;{'p': 14, 'd': 1, 'q': 13};12;12;1100.034427243768;0.07017133640144123;66.66666666666667;-3.955214708853775;13276.214805688065;12448.442750958113;13313.607949310228;14052.204949918738;14688.312613961762;15444.149164642842;16138.208702909054;15510.436212555815;14581.365425664402;13776.103886372588;12599.376622890126;12076.297325139367
