DATA;MCPM;UF;PRODUCT;MODEL;PARAMS;WINDOW;HORIZON;RMSE;MAPE;POCID;PBE;P1;P2;P3;P4;P5;P6;P7;P8;P9;P10;P11;P12
hybrid1;787.431177314819;RR;glp;HYBRID;{'p': 12, 'd': 0, 'q': 13};12;12;72.64290496200528;0.024802464806521377;75.0;1.945881826560331;2540.4124717484083;2361.896838018879;2412.434780947513;2475.3777228204704;2440.9977436699996;2452.3912861863555;2384.034168926329;2356.049072330917;2352.303249894127;2536.829957003304;2320.0378946323067;2278.543071952141
half-arima-hybrid1;776.8984027824738;RR;glp;HYBRID;{'p': 12, 'd': 0, 'q': 13};12;12;71.67868424812121;0.02278580570172251;75.0;1.976870132525092;2455.3666806103674;2340.314984327646;2491.777609893309;2388.974946199904;2490.051588288751;2507.888115777612;2384.034168926329;2356.049072330917;2352.303249894127;2536.829957003304;2320.0378946323067;2278.543071952141
half-arima_mean-hybrid1;848.8055736171247;RR;glp;HYBRID;{'p': 12, 'd': 0, 'q': 13};12;12;78.29996051861518;0.026461701349190753;75.0;2.27860113677196;2444.517751334208;2350.9437811226016;2473.76610753995;2373.487367970684;2466.8796696583813;2475.813702349158;2384.034168926329;2356.049072330917;2352.303249894127;2536.829957003304;2320.0378946323067;2278.543071952141
