DATA;MCPM;UF;PRODUCT;MODEL;PARAMS;WINDOW;HORIZON;RMSE;MAPE;POCID;PBE;P1;P2;P3;P4;P5;P6;P7;P8;P9;P10;P11;P12
hybrid1;1068.3772443718387;AC;glp;HYBRID;{'p': 14, 'd': 0, 'q': 12};12;12;147.65859537031528;0.03855140075739035;83.33333333333333;2.8734859639582133;3399.1670193222462;3014.757761963547;3120.2988149635867;3188.5058685883805;3059.2131860754866;3105.570306609864;3076.7635865591888;3087.974278197058;2977.9929638766075;3436.204788729885;3004.2570040182445;2895.3142306845143
half-arima-hybrid1;569.5540405946962;AC;glp;HYBRID;{'p': 14, 'd': 0, 'q': 12};12;12;156.98322744437834;0.04316054333271609;91.66666666666667;3.849521558701721;3155.908741502913;2981.4112090125;3137.50809437336;3078.330289237149;3053.52992734202;3105.32923294696;3076.7635865591888;3087.974278197058;2977.9929638766075;3436.204788729885;3004.2570040182445;2895.3142306845143
half-arima_mean-hybrid1;1063.4986589234834;AC;glp;HYBRID;{'p': 14, 'd': 0, 'q': 12};12;12;146.97417165198965;0.03957093218592277;83.33333333333333;3.484148309272079;3205.667364972909;3004.7019954294715;3168.711444610216;3058.215679439608;3058.261209891466;3157.024343250611;3076.7635865591888;3087.974278197058;2977.9929638766075;3436.204788729885;3004.2570040182445;2895.3142306845143
