DATA;MCPM;UF;PRODUCT;MODEL;PARAMS;WINDOW;HORIZON;RMSE;MAPE;POCID;PBE;MASE;P1;P2;P3;P4;P5;P6;P7;P8;P9;P10;P11;P12
normal;5418.222386170445;AL;glp;rf;{'n_estimators': 150};12;12;686.8241406681796;0.035654967041263745;81.81818181818181;2.4845156160148747;0.7778593332496869;14928.880109221314;14798.21874137741;14910.688598007115;14786.023316703304;14891.219782764942;15807.020502035266;15364.236334156112;15776.11298026008;15307.249445516023;15809.999545735413;15298.171644596854;14573.886633296952
log;21238.549900533915;AL;glp;rf;{'n_estimators': 50};12;12;898.3455598379996;0.0500194755834986;45.45454545454545;1.8468168717492794;1.0854022226815179;14835.369821373395;14827.235362835141;14831.302631156568;14828.592673054378;14828.899998938854;14828.899998938854;15787.237701434575;15809.87405716904;15820.567404770165;15713.680573622629;15710.936617869815;15620.938796361694
deseasonal;2812.32283730786;AL;glp;rf;{'n_estimators': 100};12;12;711.2743511654197;0.039772772386225605;90.9090909090909;3.64978067367648;0.8720018613607127;14664.055772084621;14164.086951521582;14791.128137463596;14803.470693284515;15591.705067694884;15599.845410062579;15169.30918531225;15536.131075793392;15029.026350660426;15935.106261893658;14921.92554100841;13868.093347464272
