DATA;UF;PRODUCT;MODEL;PARAMS;WINDOW;HORIZON;RMSE;MAPE;POCID;PBE;MASE;P1;P2;P3;P4;P5;P6;P7;P8;P9;P10;P11;P12
mean;ES;oleodiesel;knn_rf_deepar_svr_catboost_arima;{};12;12;6696.536609287073;0.03910311961297591;72.72727272727273;2.0501406094144956;0.889362967956148;103975.45980091952;103592.49328385344;108479.82725765175;108029.65504822374;111897.89958863377;113768.07334148088;113576.48386169336;115833.99430076659;111578.79538727066;110681.42625935454;108986.76113101299;105453.82557459918
