DATA;UF;PRODUCT;MODEL;PARAMS;WINDOW;HORIZON;RMSE;MAPE;POCID;PBE;MASE;P1;P2;P3;P4;P5;P6;P7;P8;P9;P10;P11;P12
mean;GO;oleodiesel;knn_rf_deepar_svr_catboost_arima;{};12;12;21118.528238507868;0.05206020536866645;81.81818181818181;5.232211302174322;0.9230686169079383;274668.1455894145;258952.2481977848;268434.25967323594;277332.39564013795;299177.43696957635;298873.83002046193;299160.1141930706;307520.549364103;280330.04003064695;255087.9237424091;245836.40011601988;267547.33394059417
