DATA;MCPM;UF;PRODUCT;MODEL;PARAMS;WINDOW;HORIZON;RMSE;MAPE;POCID;PBE;MASE;P1;P2;P3;P4;P5;P6;P7;P8;P9;P10;P11;P12
normal;60280.54513072469;PA;etanolhidratado;sarima;{'p': 4, 'd': 1, 'q': 3, 'P': 4, 'D': 0, 'Q': 2, 's': 12};12;12;3036.628139864951;0.3839624504815036;54.54545454545455;46.26032915404449;1.0176032559671093;2884.2107417566613;2557.865797625052;2474.241882691418;2497.5684247785375;2487.4787197574033;2680.271445100981;2744.993472276154;2917.291653759828;2823.5359493147007;3022.777890498124;2706.064442364803;2657.282416350742
log;56073.85127530008;PA;etanolhidratado;sarima;{'p': 2, 'd': 1, 'q': 4, 'P': 3, 'D': 0, 'Q': 5, 's': 12};12;12;2827.976955602722;0.33152188941085586;54.54545454545455;40.7681238060325;0.9089467514178841;2878.538717706887;2729.220864583936;2747.509134028992;2761.7462509503075;2888.4351835423554;2957.103953972045;3087.851247120951;3383.813227552322;3142.703996309024;3436.8778745523255;3006.8412216516776;2749.703965595493
deseasonal;60106.53238842187;PA;etanolhidratado;sarima;{'p': 4, 'd': 1, 'q': 3, 'P': 3, 'D': 0, 'Q': 4, 's': 12};12;12;3029.715473869724;0.35632205367656405;54.54545454545455;44.39381414872705;0.9765449284226232;3108.6712842969573;2645.0827342729463;2595.703383980345;2718.999114486882;2664.4835082669892;2694.931753927044;2845.4363172966596;3156.49752222576;2963.1518764766092;3218.9759843804327;2611.0730946956974;2357.7714677939075
