DATA;MCPM;UF;PRODUCT;MODEL;PARAMS;WINDOW;HORIZON;RMSE;MAPE;POCID;PBE;MASE;P1;P2;P3;P4;P5;P6;P7;P8;P9;P10;P11;P12
normal;1484.6980389769913;RR;etanolhidratado;sarima;{'p': 1, 'd': 1, 'q': 2, 'P': 2, 'D': 0, 'Q': 1, 's': 12};12;12;123.75912043575335;0.3543260016330176;72.72727272727273;37.242583427852715;1.1364584453076554;179.7305882888455;183.35175930628074;186.81311480483527;188.5907379614444;183.07359775588478;178.36485625804997;185.45553833579768;190.24048514724407;188.42765291811259;204.7372471372343;182.86091058125817;177.83081760384798
log;2123.872061103428;RR;etanolhidratado;sarima;{'p': 6, 'd': 1, 'q': 1, 'P': 4, 'D': 0, 'Q': 2, 's': 12};12;12;133.0695952485139;0.3894044368306399;63.63636363636363;40.64457609127142;1.2402703438755034;164.7273013671095;165.99119220840603;168.35570105138837;173.15280547629277;168.20062008006917;163.6721373844452;182.5907498015574;185.42936898546336;187.25602819729;206.88534393182022;173.9017521894487;168.45742741994295
deseasonal;2501.4167141099456;RR;etanolhidratado;sarima;{'p': 5, 'd': 1, 'q': 1, 'P': 2, 'D': 0, 'Q': 4, 's': 12};12;12;125.76304317030342;0.3520227751412109;54.54545454545455;37.16512187832951;1.134094704019063;182.7315673349508;172.6801670615708;184.81757244098785;194.02304478556283;179.63632334613942;162.39187183741288;187.5245843552162;194.61205426986953;211.5047920446784;217.95909686245307;177.06157375855045;167.28650433595072
