DATA;MCPM;UF;PRODUCT;MODEL;PARAMS;WINDOW;HORIZON;RMSE;MAPE;POCID;PBE;MASE;P1;P2;P3;P4;P5;P6;P7;P8;P9;P10;P11;P12
normal;27582.9130742667;RN;oleodiesel;rf;{'n_estimators': 100};12;12;2331.3138838804275;0.0503358287089578;72.72727272727273;0.7240215165819648;1.2518044526790384;36004.840534506555;35417.14445327184;36295.31880545315;36540.309887321775;37835.761494214;40778.492528877985;41906.85535878084;42821.53487742583;41721.31437541959;41639.57299601809;41234.321355586086;39147.65140088042
log;30585.03640894474;RN;oleodiesel;rf;{'n_estimators': 150};12;12;2584.5889178717007;0.05525841943240593;72.72727272727273;0.16123669100334598;1.3705883250033555;37284.65117367269;37123.00356526769;37253.019629080976;37362.92532078719;37477.50308274792;38674.61183422241;42316.8999201945;42826.69042938403;42805.68744849553;42079.31566565381;40106.687974108;38704.11537582369
deseasonal;19002.31569994875;RN;oleodiesel;rf;{'n_estimators': 50};12;12;2406.1801824461954;0.05578281972773803;81.81818181818181;0.36976391903324796;1.4021128094968018;37045.82716538773;35312.702918082236;36312.34438983758;35840.88345900721;37481.34011411701;40209.18719135937;40574.3330702996;42932.309057304316;43004.73563467569;43361.37968655478;42631.284855939164;38318.73698574129
