DATA;MCPM;UF;PRODUCT;MODEL;PARAMS;WINDOW;HORIZON;RMSE;MAPE;POCID;PBE;MASE;P1;P2;P3;P4;P5;P6;P7;P8;P9;P10;P11;P12
normal;134128.38798444648;ES;oleodiesel;rf;{'n_estimators': 150};12;12;8505.721998920326;0.05353046969619921;63.63636363636363;1.087191343301711;1.1973193956313308;101188.29710500585;101165.0235683678;105273.23791493976;107466.66569829317;109469.47875490716;112184.4921935953;116335.89103676628;116418.38110134311;118532.26914398832;116533.98441368881;113761.23082159027;110461.96698963853
log;152361.5939515454;ES;oleodiesel;rf;{'n_estimators': 50};12;12;9657.910552722475;0.06883256483146907;63.63636363636363;1.285575273694149;1.5266117991436778;102921.92409485267;102392.05281248003;104397.23401400265;104662.63759577888;105960.71915991388;108050.54843344472;113405.21603240016;115859.56762492575;118660.1081226645;117811.23093205257;116612.03694041284;115392.56078499003
deseasonal;51811.555562965594;ES;oleodiesel;rf;{'n_estimators': 50};12;12;6566.902576500068;0.038789714253989645;81.81818181818181;1.25236927023839;0.872754842777802;106264.58115122069;104083.25104547187;105463.94806200401;107575.15599106296;109100.39431538466;115415.62200978526;114729.17642563656;118425.4902455243;113711.5212926043;113116.51123775064;112459.34848124557;106226.92448081676
