DATA;MCPM;UF;PRODUCT;MODEL;PARAMS;WINDOW;HORIZON;RMSE;MAPE;POCID;PBE;MASE;P1;P2;P3;P4;P5;P6;P7;P8;P9;P10;P11;P12
normal;14802.042688839681;AP;oleodiesel;rf;{'n_estimators': 50};12;12;1248.1652635731652;0.11210462612468904;72.72727272727273;-10.862845383436861;0.8039886553715287;7807.444640093903;7691.567824008862;7644.705632159336;8108.5594290683875;8464.836928828961;9500.132025656316;10752.177487316269;11097.30532484864;11194.116119111255;10045.729626747318;9536.0874380819;9107.533960650226
log;11478.22023133927;AP;oleodiesel;rf;{'n_estimators': 50};12;12;1446.9454391962463;0.13631257356192397;81.81818181818181;-8.43711642053957;0.9564533667869154;8380.183367485664;7180.138178947137;7420.536440688121;7558.2403208888;7968.015764285574;8321.087481604767;9011.962237751737;10415.050973955686;10968.956181108584;10963.540930395337;10672.331213020587;9662.513103177644
deseasonal;12834.387862969983;AP;oleodiesel;rf;{'n_estimators': 50};12;12;1614.0441280208756;0.17981105977092138;81.81818181818181;-9.878137670234587;1.253595788942917;8534.936286653105;8356.751070283164;9287.375574258236;10076.024652895281;10303.062292697687;10905.355107797659;10507.138720632094;11072.6161143116;10265.229352077598;9254.768148046116;6361.345395454482;5040.110137360689
