DATA;MCPM;UF;PRODUCT;MODEL;PARAMS;WINDOW;HORIZON;RMSE;MAPE;POCID;PBE;MASE;P1;P2;P3;P4;P5;P6;P7;P8;P9;P10;P11;P12
log;395296.9117694896;AM;oleodiesel;rf;{'n_estimators': 100};12;12;18184.192200697005;0.202339846169811;54.54545454545455;-14.46003569785108;1.1212076533703748;82075.62070141998;81985.55882509507;83317.58779986289;87557.5560126297;88426.45749741956;88348.1876561856;91354.23337644969;92561.89561565798;91397.84902287414;92455.77594321866;89937.1963551869;87253.74428206724
normal;463075.908417201;AM;oleodiesel;rf;{'n_estimators': 100};12;12;18268.317625574247;0.2060463767352561;45.45454545454545;-14.811920016194852;1.1482469154014177;82471.02026119974;82968.84738785528;84731.2868023154;87647.31807459418;88664.0488944369;87602.51432569057;91468.85791901308;92545.97466047543;92141.10184278498;92808.2178541018;89113.66003334602;87757.33916219977
