DATA;MCPM;UF;PRODUCT;MODEL;PARAMS;WINDOW;HORIZON;RMSE;MAPE;POCID;PBE;MASE;P1;P2;P3;P4;P5;P6;P7;P8;P9;P10;P11;P12
normal;363121.5875198865;GO;oleodiesel;rf;{'n_estimators': 50};12;12;23020.387277075857;0.06455347176204347;63.63636363636363;5.31657896904862;1.1093892066753495;274844.80762930406;277050.64287658135;280405.4446691234;287141.9486351991;303086.3027509203;293519.0331694364;305826.56751184625;288322.6808758288;271360.6802513026;242842.06253465015;240683.35763651284;264869.9936902297
log;478701.75068785547;GO;oleodiesel;rf;{'n_estimators': 200};12;12;30321.647598205658;0.09582219516154518;63.63636363636363;2.985857159813214;1.5988229309946833;273605.8976623818;270729.932172101;269913.0097560903;275953.34263242723;289289.8629945936;291450.2265340116;299079.13130122796;300755.53131743957;308252.7724060811;300769.3931392013;275898.36863205704;256226.00379176662
deseasonal;848.6079868732204;GO;oleodiesel;rf;{'n_estimators': 50};12;12;26208.48243738689;0.07477640887116849;100.0;4.091050536189651;1.2815508246888525;273274.21901188476;252039.28462954145;258404.95138410426;263942.80947244045;293697.6003648041;297230.3811144439;296172.74950062594;322233.7004567374;302056.97493204183;274213.10078179743;266631.4162085243;273157.36174665706
