DATA;MCPM;UF;PRODUCT;MODEL;PARAMS;WINDOW;HORIZON;RMSE;MAPE;POCID;PBE;MASE;P1;P2;P3;P4;P5;P6;P7;P8;P9;P10;P11;P12
log;448919.3504732101;RJ;oleodiesel;rf;{'n_estimators': 200};12;12;20700.376815613785;0.0826968394414173;54.54545454545455;7.194189966425217;1.087810532550951;220790.79721387863;210540.31812618903;209510.4301339069;211062.22139567585;208455.7095390185;216318.5932719437;208927.91207996864;209482.6244205189;213466.1444764672;217418.6060954262;214502.0937508855;218829.79646793235
normal;453023.87572559726;RJ;oleodiesel;rf;{'n_estimators': 150};12;12;20889.173329306464;0.0838218350399161;54.54545454545455;7.146222533579566;1.1014524762500577;219549.73635316247;210308.79360674892;209251.3792638284;211391.96990026665;208881.1955240653;216917.94059206385;209133.68087030537;209749.16580457348;212842.3285932524;217584.6048822076;213840.4823948381;221176.7667842057
