DATA;MCPM;UF;PRODUCT;MODEL;PARAMS;WINDOW;HORIZON;RMSE;MAPE;POCID;PBE;MASE;P1;P2;P3;P4;P5;P6;P7;P8;P9;P10;P11;P12
log;30419.01175455312;AP;oleodiesel;rf;{'n_estimators': 50};12;12;1400.8736446892049;0.1419946293658218;54.54545454545455;-14.16883882415268;1.001886537547139;7961.404756758327;8361.440249805813;8636.259899622642;9675.40372730661;10503.96089573526;10709.780035325868;11244.863091407273;10811.769591937931;9927.384743717928;9093.42922597575;8744.839151596918;8588.259366448678
normal;36082.40067134837;AP;oleodiesel;rf;{'n_estimators': 200};12;12;1424.8222570067326;0.1443566036578026;45.45454545454545;-14.262702677426256;1.0100491010697972;7848.802291925243;8381.318610336848;8788.549865777239;9819.244069267294;10759.048418418652;10474.67775111961;11173.707544259334;10394.657820175522;9826.77855985308;9342.997916707269;8849.48466749659;8693.465030783169
