DATA;MCPM;UF;PRODUCT;MODEL;PARAMS;WINDOW;HORIZON;RMSE;MAPE;POCID;PBE;P1;P2;P3;P4;P5;P6;P7;P8;P9;P10;P11;P12
combination;29021.446902796702;RN;oleodiesel;combination-mean;ARIMA-SARIMA_DS-RF;12;12;2008.2193867401973;0.03992769862551407;66.66666666666667;2.5775399380231003;37229.04280786471;35191.0584514778;36658.8308384426;37272.9410738016;38222.85780933167;39880.386864037755;39988.09630001627;40525.67116845235;40739.41721210502;40744.24690349927;39088.33702774019;37002.08513543229
