DATA;MCPM;UF;PRODUCT;MODEL;PARAMS;WINDOW;HORIZON;RMSE;MAPE;POCID;PBE;P1;P2;P3;P4;P5;P6;P7;P8;P9;P10;P11;P12
combination;211765.86424448775;PA;oleodiesel;combination-mean;ARIMA-SARIMA_DS-RF;12;12;14650.85073230682;0.0470318151103164;66.66666666666667;3.9324423671839424;226333.33133406678;229052.54220072905;237050.61617942713;243869.45636768092;252549.66962246806;255338.7598656559;255147.54669360738;251674.22341969522;245498.8805966431;236130.68853887782;221697.35486146697;218897.7028319453
