DATA;MCPM;UF;PRODUCT;MODEL;PARAMS;WINDOW;HORIZON;RMSE;MAPE;POCID;PBE;MASE;P1;P2;P3;P4;P5;P6;P7;P8;P9;P10;P11;P12;Test Statistic;p-value;Lags Used;Observations Used;Critical Value (1%);Critical Value (5%);Critical Value (10%);Stationary
normal;14334.014636587322;ES;glp;ARMA;{'p': 12, 'd': 0, 'q': 13};12;12;1212.0399756820289;0.03820919084831464;72.72727272727273;-1.165279744422878;0.7720553858425993;24162.12567582998;21224.64791771157;23855.296670859505;24149.415635738827;23711.425149147162;24645.17851767733;23002.97820352595;22293.975920727247;22197.94802463958;23543.632534109292;20898.914516156576;20218.51597249115;-7.190926637727478;2.5049294612805807e-10;16;380;-3.4476763783532585;-2.869176103659426;-2.570837873961219;True
deseasonal;23050.345782765504;ES;glp;ARMA;{'p': 12, 'd': 0, 'q': 14};12;12;1170.025476234326;0.040738783872643985;54.54545454545455;-0.5631972741868644;0.8341822264482973;23801.506076162445;20982.408525212923;23641.943208163422;23472.03415643258;23409.471260763054;24394.787076315006;22734.741404502354;22243.163136154846;22463.80782328279;23736.94223567207;21328.923301213774;20064.193841968125;-6.225578411813276;5.0984281026451405e-08;15;381;-3.4476305904172904;-2.869155980820355;-2.570827146203181;True
log;14330.117785660288;ES;glp;ARMA;{'p': 14, 'd': 0, 'q': 15};12;12;1211.5959580000908;0.04073338652008313;72.72727272727273;-0.13033659407524406;0.8328892151864231;24096.49834569684;21160.874280682085;23667.094561097692;23902.105325781453;23359.645032694385;24255.308796738136;22663.79659838103;21991.701286553704;21910.97496379809;23292.888412957866;20777.344502466054;20023.723670341285;-7.139833409180175;3.346483484541076e-10;16;380;-3.4476763783532585;-2.869176103659426;-2.570837873961219;True
