DATA;MCPM;UF;PRODUCT;MODEL;PARAMS;WINDOW;HORIZON;RMSE;MAPE;POCID;PBE;MASE;P1;P2;P3;P4;P5;P6;P7;P8;P9;P10;P11;P12;Test Statistic;p-value;Lags Used;Observations Used;Critical Value (1%);Critical Value (5%);Critical Value (10%);Stationary
normal;5587.8708297774065;MS;glp;ARMA;{'p': 18, 'd': 0, 'q': 22};12;12;472.64976015978385;0.028378212771530586;72.72727272727273;-0.23519141975523616;0.7969041024826833;15678.28106569236;14425.584433716986;15879.322278918948;15589.550198887604;15530.434921352859;16051.852986309777;14955.898284022918;14173.564898778326;14781.384563506092;14641.38540692304;13415.666069758072;13631.888463806166;-4.6149887305002615;0.00012119746643660653;16;380;-3.4476763783532585;-2.869176103659426;-2.570837873961219;True
deseasonal;5354.26531561892;MS;glp;ARMA;{'p': 19, 'd': 0, 'q': 24};12;12;452.9120172383821;0.027073247550023147;72.72727272727273;0.05424882376708966;0.767019540329943;15516.032861173653;14260.856552266154;15934.760619641807;15484.824710742116;15604.76326536884;15944.896303237905;15015.942319220037;14376.173852881991;14600.914758898065;14518.70548768003;13588.051675039354;13392.716795642398;-4.753720143268765;6.662739315084537e-05;14;382;-3.4475850438570115;-2.869135963767125;-2.5708164748773332;True
log;5432.851148138172;MS;glp;ARMA;{'p': 18, 'd': 0, 'q': 21};12;12;459.5416538867499;0.028097145435655085;72.72727272727273;-0.10577102285800885;0.7881090882740466;15735.310057104112;14461.079859540689;15889.069795313795;15629.545146262646;15521.182849958637;16001.781991771695;14910.793265268307;14150.307768918767;14698.415244169139;14581.060803629174;13406.218177642979;13539.246250247503;-4.555205065282215;0.00015608615362682233;16;380;-3.4476763783532585;-2.869176103659426;-2.570837873961219;True
