DATA;MCPM;UF;PRODUCT;MODEL;PARAMS;WINDOW;HORIZON;RMSE;MAPE;POCID;PBE;MASE;P1;P2;P3;P4;P5;P6;P7;P8;P9;P10;P11;P12;Test Statistic;p-value;Lags Used;Observations Used;Critical Value (1%);Critical Value (5%);Critical Value (10%);Stationary
normal;20023.351613492003;PI;glp;ARMA;{'p': 6, 'd': 0, 'q': 11};12;12;1268.8936363982868;0.07689135351887068;63.63636363636363;7.789011333992655;1.0621642858518823;15016.52085583917;13730.051512543114;14223.456750401698;14011.47286016274;14203.568021770192;14774.706040604273;13164.42934782367;13794.634103639932;13551.035930173757;14038.640103355709;13952.976946279683;13270.543146976233;-3.5363587294664627;0.0071009736299953;15;381;-3.4476305904172904;-2.869155980820355;-2.570827146203181;True
deseasonal;10908.775141274618;PI;glp;ARMA;{'p': 19, 'd': 0, 'q': 19};12;12;922.0062083893674;0.04963050420851731;72.72727272727273;5.0837160619511765;0.6932512239198657;15186.811444662664;13966.531647212047;14631.383239437242;14593.995396273156;14772.068642834269;15052.393048249267;13803.108101863136;13831.983251827296;14024.752186625314;14715.944710040116;14392.899978867994;13681.103324958804;-3.0605975593518013;0.029609925193132065;15;381;-3.4476305904172904;-2.869155980820355;-2.570827146203181;True
log;13105.456500463055;PI;glp;ARMA;{'p': 11, 'd': 0, 'q': 9};12;12;1107.1565596837997;0.062213179724219726;72.72727272727273;6.280758180895981;0.8670340621270507;14954.59045504724;14251.657576507305;14368.635952279601;14263.93232457255;14535.388550560523;14816.024817383019;13535.282272144881;13635.60889890664;13644.169787438168;14433.008934013551;14145.224300319906;13892.02827980799;-3.21728174453789;0.019005885221246945;16;380;-3.4476763783532585;-2.869176103659426;-2.570837873961219;True
