DATA;MCPM;UF;PRODUCT;MODEL;PARAMS;WINDOW;HORIZON;RMSE;MAPE;POCID;PBE;MASE;P1;P2;P3;P4;P5;P6;P7;P8;P9;P10;P11;P12;Test Statistic;p-value;Lags Used;Observations Used;Critical Value (1%);Critical Value (5%);Critical Value (10%);Stationary
normal;6267.072000849817;SE;glp;ARMA;{'p': 19, 'd': 0, 'q': 23};12;12;529.9241844297898;0.03715934039600067;72.72727272727273;0.14205440259016355;0.5092780385794007;12790.305982225114;11725.26242557614;12370.617380880863;12220.840929806962;12587.234105770367;12934.358997436644;12282.884440269465;12010.866472178484;11190.20255513547;12420.841508872325;10638.727832853998;10237.266645361498;-5.195137596331785;8.99528865117925e-06;15;381;-3.4476305904172904;-2.869155980820355;-2.570827146203181;True
deseasonal;9269.430257897986;SE;glp;ARMA;{'p': 20, 'd': 0, 'q': 24};12;12;588.0155453125935;0.03915689909667724;63.63636363636363;2.2149602412279603;0.5441781786968102;12327.70288346709;11386.837091833975;12216.798161255854;11870.022835303538;12265.41965102651;12550.132310108238;12111.053564467134;11784.952840688322;11112.039931416277;12020.819429458923;10380.993663415433;10405.665977601368;-3.7214183317591907;0.003821776188645597;17;379;-3.4477224095888497;-2.869196333125208;-2.5708486586002604;True
log;6633.72118899014;SE;glp;ARMA;{'p': 18, 'd': 0, 'q': 22};12;12;560.898630271882;0.038572918295293884;72.72727272727273;-0.8768707329068912;0.5308478749970809;12875.224804499314;11907.64439907282;12602.63045890119;12328.719694187996;12748.74041718585;13199.34501146731;12450.115202895777;12071.498943928667;11323.752550008548;12362.638722220943;10675.341948506497;10327.070342127925;-5.153708576475816;1.0921246039635344e-05;15;381;-3.4476305904172904;-2.869155980820355;-2.570827146203181;True
