DATA;MCPM;UF;PRODUCT;MODEL;PARAMS;WINDOW;HORIZON;RMSE;MAPE;POCID;PBE;MASE;P1;P2;P3;P4;P5;P6;P7;P8;P9;P10;P11;P12;Test Statistic;p-value;Lags Used;Observations Used;Critical Value (1%);Critical Value (5%);Critical Value (10%);Stationary
normal;15728.523463991363;PB;glp;ARMA;{'p': 12, 'd': 0, 'q': 4};12;12;997.8149188957026;0.03799165475688757;63.63636363636363;3.6902181761231834;0.9239299799185586;21836.798632935333;19739.918556569384;20930.846653475488;20635.61608652368;21526.473499607542;21901.904177955512;20901.254021552973;20301.967929654493;19436.075238065536;21691.56096688475;20202.758017496646;18787.801932926708;-4.990226606086062;2.320310988599367e-05;15;381;-3.4476305904172904;-2.869155980820355;-2.570827146203181;True
deseasonal;12735.434923608014;PB;glp;ARMA;{'p': 12, 'd': 0, 'q': 23};12;12;808.176813363108;0.027209314742894012;63.63636363636363;2.4320350452807618;0.6574317185239867;21873.290292988808;19920.94720173319;21613.57388154003;21327.68668545122;22252.70044691615;22322.457053930095;21215.988925647005;20512.430487821828;19446.575050068426;21680.33798818349;20182.69157450895;18782.749731446904;-3.4184990647617446;0.010344174746047924;17;379;-3.4477224095888497;-2.869196333125208;-2.5708486586002604;True
log;15618.357756446328;PB;glp;ARMA;{'p': 12, 'd': 0, 'q': 7};12;12;990.8408047217532;0.037458466146565804;63.63636363636363;3.598992396702346;0.9088333801221152;21873.655102854897;19779.161902201704;21285.847715884218;21053.750570168595;21712.590234531897;21831.43246165665;20789.708120420826;20206.583831562468;19314.972231705517;21537.100731553073;20049.636463401832;18693.34354479652;-4.973564119616524;2.5027972624491722e-05;15;381;-3.4476305904172904;-2.869155980820355;-2.570827146203181;True
