DATA;UF;PRODUCT;MODEL;PARAMS;WINDOW;HORIZON;RMSE;MAPE;POCID;PBE;MASE;P1;P2;P3;P4;P5;P6;P7;P8;P9;P10;P11;P12
mean;MG;oleodiesel;knn_rf_deepar_svr_catboost_arima;{};12;12;43944.052316876754;0.060977149774356754;90.9090909090909;5.560933685603936;1.0610803482326663;642252.3611445405;629414.8851028876;660182.7952587865;655596.626147703;675347.6980602028;696028.1200400518;671610.4243844084;688030.2524132354;644421.2594226779;613189.562365449;570659.7537343587;583454.8461587401
