DATA;UF;PRODUCT;MODEL;PARAMS;WINDOW;HORIZON;RMSE;MAPE;POCID;PBE;MASE;P1;P2;P3;P4;P5;P6;P7;P8;P9;P10;P11;P12
mean;PA;oleodiesel;knn_rf_deepar_svr_catboost_arima;{};12;12;14983.512655658702;0.047746420571841176;63.63636363636363;3.338486377061283;1.1758222154602436;221625.58032525054;226975.42770824124;236441.48333287562;240317.30090191017;249180.0049474915;254924.09798062633;254809.72962250243;257812.82835038082;244912.63414379896;242291.04086962403;232875.40051257645;228839.6026697535
