DATA;UF;PRODUCT;MODEL;PARAMS;WINDOW;HORIZON;RMSE;MAPE;POCID;PBE;MASE;P1;P2;P3;P4;P5;P6;P7;P8;P9;P10;P11;P12
mean;AP;oleodiesel;knn_rf_deepar_svr_catboost_arima;{};12;12;809.6112989936042;0.07691441414265103;72.72727272727273;-7.657264192692652;0.5430189165269474;7848.490393488338;8315.74888061083;8097.336937538639;8573.669067575745;9809.500737430877;10194.741614351366;9801.446252736168;9808.664317703871;9857.437087652203;9505.299056916929;7998.381364837478;7931.373793452909
