DATA;UF;PRODUCT;MODEL;PARAMS;WINDOW;HORIZON;RMSE;MAPE;POCID;PBE;MASE;P1;P2;P3;P4;P5;P6;P7;P8;P9;P10;P11;P12
mean;GO;oleodiesel;knn_rf_deepar_svr_catboost_arima;{};12;12;21188.404274330074;0.05884616870006797;90.9090909090909;5.65766956578819;1.0193914766988987;278513.6121193056;261451.03119808488;268326.62108858296;280019.34944213054;302798.46696077025;297962.12584083405;294375.6835311948;307674.01895545423;275393.26562283834;256044.66088303315;231493.37036318495;263905.38471348287
