DATA;UF;PRODUCT;MODEL;PARAMS;WINDOW;HORIZON;RMSE;MAPE;POCID;PBE;MASE;P1;P2;P3;P4;P5;P6;P7;P8;P9;P10;P11;P12
mean;AL;oleodiesel;knn_rf_deepar_svr_catboost_arima;{};12;12;2673.8806662459783;0.05709487634661963;72.72727272727273;5.282570972664607;1.1140778764801507;33338.47260260458;29935.051345037118;28239.84515514365;27015.997497735218;28295.050066340602;30801.130553351493;33818.72775059214;38347.194982130706;38898.721308913104;39058.830745496874;36751.55306082688;33688.223128398444
