dataset_index;horizon;regressor;mape;pocid;smape;rmse;msmape;mae;test;predictions;start_test;final_test
0;13;median;0.032384064367387645;25.0;0.03127684278181293;1660.2945430630214;0.03127679961677057;1133.261679379232;[35397.16, 35808.59, 35808.59, 36246.14, 36246.14, 36403.7, 36403.7, 36150.2, 36150.2, 35790.55, 35790.55, 34066.95, 34066.95];[35560.05498492, 35902.75620346, 36172.51396016, 36463.62628516, 36660.53131919, 36768.68373739, 36794.9428018, 36931.77053165, 37071.26117898, 37598.74172798, 37666.22607083, 37712.66908805, 37758.04394236];2016-10-16 12:00:00;2017-01-08 12:00:00
1;13;median;0.03360847431624842;50.0;0.032432483875583715;173.8471146900339;0.032432035711391624;117.36968727692314;[3608.061, 3624.368, 3537.64, 3587.344, 3662.088, 3658.634, 3622.148, 3591.48, 3638.559, 3635.781, 3522.328, 3458.631, 3354.758];[3545.43041225, 3565.83525452, 3567.04326867, 3589.93320192, 3664.26120483, 3668.17778024, 3667.75845886, 3675.18625193, 3733.50280568, 3772.61238446, 3787.30923147, 3764.69310798, 3783.55590533];2016-10-16 12:00:00;2017-01-08 12:00:00
2;13;median;0.007120346293276512;91.66666666666667;0.007156532828574149;85.1786748848004;0.0071564966260502065;70.74270056153854;[9602.4, 9895.9, 9915.9, 9726.6, 9626.5, 9966.1, 10008.5, 9911.7, 9760.7, 9968.2, 10089.1, 10005.9, 9823.3];[9628.94971329, 9879.38622254, 9861.33232736, 9695.02961715, 9620.17636273, 9895.5857936, 9914.4625224, 9764.11993751, 9683.02626951, 9821.52191658, 9952.57009307, 9924.15309869, 9793.93044485];2016-10-09 12:00:00;2017-01-01 12:00:00
3;13;median;0.07104684990745079;91.66666666666667;0.0737505357915898;273.0352283083654;0.07374927576566002;221.50678277692302;[2336.56, 2373.14, 2457.51, 2586.0, 2237.7, 2877.94, 2497.74, 3525.34, 3053.33, 3151.07, 3425.79, 3505.61, 4098.69];[2246.28295812, 2285.03417832, 2360.73033617, 2590.5240313, 2491.60153513, 2609.87920264, 2447.07073785, 2993.61926143, 2866.34811733, 2812.78137017, 3043.96385487, 3375.51769342, 3640.32968001];2016-10-16 12:00:00;2017-01-08 12:00:00
4;13;median;0.11953794213146166;91.66666666666667;0.11735625226397393;289.8278603993192;0.11735301131495078;215.45536076230766;[1499.0, 1734.0, 1391.0, 1833.0, 1637.0, 2122.0, 1757.0, 2079.0, 2477.0, 1957.0, 1907.0, 1752.0, 1330.0];[1513.4960443, 1591.92087151, 1559.70069736, 1774.61015128, 1620.05710418, 1767.61740911, 1702.38317849, 1758.50451545, 1866.03159408, 1820.27215976, 2014.83389254, 1969.62802468, 1927.65801489];2016-10-30 12:00:00;2017-01-22 12:00:00
5;13;median;0.22915243765164833;58.333333333333336;0.2755610500307926;290.435694741059;0.2755427973566476;214.9533526379934;[502.0, 568.0, 528.0, 632.0, 606.0, 785.0, 779.0, 834.0, 906.0, 1372.0, 1080.0, 938.0, 752.0];[493.17361806, 508.87383823, 523.47375305, 521.31924554, 530.92680839, 569.19089459, 580.4602791, 582.51140936, 611.45620323, 640.6894289, 632.7140883427877, 626.8120622132981, 666.0047867];2016-10-30 12:00:00;2017-01-22 12:00:00
6;13;median;0.2522721712682052;41.666666666666664;0.2822545167856865;1591.4909480775527;0.2822504483511951;1052.7381299730769;[3117.0, 2579.0, 3199.0, 1716.0, 4558.0, 3001.0, 3263.0, 3110.0, 5899.0, 7148.0, 4048.0, 2707.0, 2579.0];[2626.68934127, 2736.6440944, 2942.01823394, 2914.67020282, 2661.8049912, 2730.31467931, 2817.13680663, 2848.3332352, 3103.87880524, 2896.34110784, 2969.17306998, 3009.17034407, 2858.80131897];2016-11-06 12:00:00;2017-01-29 12:00:00
7;13;median;0.4309428253104635;41.666666666666664;0.34560971388213535;1980.356452256985;0.3456061651099996;1720.6088999948417;[3430.0, 2870.0, 4620.0, 4890.0, 7470.0, 6960.0, 6430.0, 3970.0, 3650.0, 5730.0, 4500.0, 2870.0, 3270.0];[3990.86057986, 4611.45209811, 4406.51221943, 4328.94567614, 4874.244193384132, 5193.05734919, 4958.64826473, 5778.36148523, 6202.10265631, 6500.4491097, 6207.743510172448, 6347.073988884626, 6411.27997454];2016-11-06 12:00:00;2017-01-29 12:00:00
8;13;median;0.11184705981605944;75.0;0.10375453152422395;1140.2860519830597;0.10375393290569754;902.8756836515383;[8100.0, 7481.0, 8953.0, 8087.0, 9724.0, 8993.0, 10011.0, 9705.0, 8397.0, 7560.0, 8669.0, 7574.0, 7106.0];[8822.98411632, 7757.35571446, 9065.97870457, 8627.63732765, 10166.97202704, 8434.39877798, 8810.3111457, 9968.31170718, 9750.12562751, 10265.87250066, 9233.46939483, 8965.83840699, 8709.54828394];2016-11-06 12:00:00;2017-01-29 12:00:00
9;13;median;3.833868031234635;0.0;1.065373986280934;26567.717815115477;1.0653706562332095;20853.114227154347;[5122.14, 5104.68, 5104.68, 5104.68, 5565.7, 5565.7, 5565.7, 5565.7, 5565.7, 5544.94, 5544.94, 5544.94, 5544.94];[6455.4361389447, 26757.35405227, 22377.27583426, 27690.60496148, 13098.618834594881, 9976.933649234847, 28546.91915215, 7574.083094182099, 7310.14418038, 41600.90905069, 45860.6460558, 49200.19287633, 55085.80707269];2016-11-27 12:00:00;2017-02-19 12:00:00
10;13;median;0.09492148425646252;58.333333333333336;0.09004125654019222;36.149356298518164;0.0900279120442232;30.436030560563797;[337.19, 359.52, 357.62, 368.22, 328.77, 391.31, 340.06, 323.19, 323.3, 339.94, 316.45, 295.99, 280.07];[339.91899625, 344.03074052, 331.80947217, 348.92794268, 359.0066298, 353.28291685, 348.20553056, 353.8223082973293, 351.04034027, 360.70170278, 357.67186227, 352.68407389, 358.95802539];2016-11-27 12:00:00;2017-02-19 12:00:00
11;13;median;0.03397615629355323;58.333333333333336;0.03468005846884047;40.11621053100166;0.03467841641855754;36.621673703076894;[1092.0, 1085.0, 1078.0, 1071.0, 1064.0, 1057.0, 1050.0, 1043.0, 1092.0, 1085.0, 1078.0, 1071.0, 1064.0];[1037.80728109, 1036.05023275, 1033.14582941, 1023.75342399, 1036.91053421, 1034.93119676, 1038.63446554, 1037.22915196, 1033.64547334, 1031.13702141, 1033.45096717, 1041.65235146, 1035.57031277];2015-05-24 12:00:00;2015-08-16 12:00:00
12;13;median;0.02094826162341841;58.333333333333336;0.021177442535177796;73.115767830188;0.021177010064443478;51.904367644615306;[2373.445, 2373.105, 2453.974, 2390.353, 2324.83, 2337.239, 2375.971, 2398.802, 2350.108, 2363.517, 2484.652, 2558.814, 2653.311];[2388.5395715, 2366.32293975, 2364.19417002, 2397.06675533, 2384.13215448, 2377.48266067, 2392.71406244, 2410.83930579, 2409.32550751, 2431.13633267, 2475.621117, 2461.23119551, 2458.70114873];2016-10-16 12:00:00;2017-01-08 12:00:00
13;13;median;0.024738433919428655;58.333333333333336;0.024527584952397517;67.38958884870536;0.02452707791755137;59.350614803076915;[2341.516, 2407.573, 2435.3, 2361.92, 2310.927, 2322.117, 2408.718, 2476.214, 2361.203, 2393.436, 2552.503, 2554.351, 2500.651];[2391.4975126, 2368.50974175, 2425.61829394, 2472.86905361, 2404.24874356, 2391.75782973, 2457.18029956, 2448.04776354, 2423.41130725, 2491.92485437, 2541.13650019, 2457.71867343, 2447.05563539];2016-10-16 12:00:00;2017-01-08 12:00:00
14;13;median;0.1385945756272578;50.0;0.12768537780885636;629.8445425003473;0.1276839254147598;565.4567982946154;[4231.0, 4311.68, 3848.09, 4149.38, 3633.49, 3553.49, 3743.59, 4626.91, 4235.48, 4288.81, 5601.72, 5737.57, 5232.13];[4764.5775513, 4690.25864306, 4808.66499317, 4545.30814181, 4483.29832379, 4431.47087649, 4381.41612886, 4992.4348922, 5012.71677027, 5167.10834885, 5516.02153282, 5278.72280911, 5081.07195004];2016-10-16 12:00:00;2017-01-08 12:00:00
15;13;median;0.17535904604454863;41.666666666666664;0.15635690031445396;825.5096998049049;0.15635516606376296;709.8153765115384;[4231.0, 4311.68, 3848.09, 4149.38, 3633.49, 3553.49, 3743.59, 4626.91, 4235.48, 4288.81, 5601.72, 5737.57, 5232.13];[4720.29766419, 4633.66407833, 4705.43503003, 4587.16487383, 4592.15127204, 4792.38479341, 4847.69227695, 5204.97056965, 5510.09686475, 5638.61261407, 5421.64656867, 5581.03297416, 5512.56940023];2016-10-16 12:00:00;2017-01-08 12:00:00
16;13;median;0.018575554868103247;75.0;0.018842464129217532;285.29000154487477;0.018842387051617216;230.31432238538457;[12027.16, 12027.2, 12027.24, 11985.62, 11985.74, 12432.86, 12432.99, 12418.26, 12418.32, 12418.37, 12418.43, 12418.49, 12323.22];[12014.84874633, 12004.07264692, 12022.92308382, 12006.18613328, 12026.13441332, 12042.1078753, 12060.26841844, 12056.55477022, 12044.14723305, 12043.17287355, 12045.49944561, 12048.46376765, 12047.3554947];2016-10-16 12:00:00;2017-01-08 12:00:00
17;13;median;0.056254666011293614;33.333333333333336;0.05385164423877335;281.1831620188045;0.05385099578207949;223.6265442692308;[4334.57, 4334.61, 4334.65, 4351.65, 4351.77, 3846.99, 3954.85, 3996.48, 3992.55, 3992.61, 3992.68, 3992.75, 4029.96];[4342.76779276, 4338.20103436, 4335.79594493, 4318.00839701, 4324.64276369, 4327.70942405, 4330.36830347, 4328.25867347, 4332.87418363, 4340.17715486, 4339.95612134, 4309.475333, 4323.49227033];2016-10-16 12:00:00;2017-01-08 12:00:00
18;13;median;0.18352460529107523;58.333333333333336;0.2023609904453651;1311.2360654357738;0.20235827474722254;803.609882686923;[2754.0, 3035.0, 2591.0, 2808.0, 2324.0, 4033.0, 3146.0, 3402.0, 3677.0, 4790.0, 7520.0, 4445.0, 2960.0];[2613.35298634, 2735.51310068, 2666.22101753, 2941.57063682, 3357.11074307, 3280.28975929, 3226.98352933, 2972.22222245, 2877.29206569, 3172.59852645, 3442.24225079, 3902.44437501, 3423.99783488];2016-10-30 12:00:00;2017-01-22 12:00:00
19;13;median;0.11407550810358368;75.0;0.1033938370374962;506.819972349721;0.10339242256691096;381.81474737153843;[3942.0, 4184.0, 3374.0, 4291.0, 2657.0, 4258.0, 4050.0, 3730.0, 3311.0, 3154.0, 4551.0, 4677.0, 3944.0];[4043.93259757, 4206.58764355, 3961.15314688, 4083.5388289, 3828.68931441, 4085.14088193, 4087.31604325, 4052.52557996, 3950.66394131, 4007.35702352, 4320.97563683, 4207.60683497, 4091.62860801];2016-10-30 12:00:00;2017-01-22 12:00:00
20;13;median;0.17074405458013564;41.666666666666664;0.1893914021865019;631.0456252876895;0.1893877100314431;495.54623586307684;[2203.0, 2234.0, 1786.0, 2582.0, 2838.0, 2949.0, 2483.0, 2184.0, 3809.0, 3395.0, 3194.0, 2744.0, 2054.0];[1910.15105226, 2011.53444553, 2053.91104016, 2279.54266369, 2229.3848135, 2206.28163255, 2372.5661075, 2244.80569802, 2284.93775944, 2399.36261236, 2572.62924206, 2386.03980795, 2388.81446488];2016-10-30 12:00:00;2017-01-22 12:00:00
21;13;median;0.14191915079034964;58.333333333333336;0.15137502748832268;655.7932381915634;0.1513728921738342;542.1459199053846;[3780.0, 4430.0, 3380.0, 4100.0, 2710.0, 3980.0, 3720.0, 3300.0, 3460.0, 2760.0, 4730.0, 3930.0, 3180.0];[3433.79118752, 3452.19044726, 3364.01940653, 3399.68632359, 3274.09553966, 3269.7730833, 3062.69367191, 3186.01910871, 3141.26894215, 3206.23223597, 3310.86708953, 3277.14063403, 3305.01907767];2016-10-30 12:00:00;2017-01-22 12:00:00
22;13;median;0.10742294787702406;50.0;0.09845268407467819;98.63614807360435;0.09844581225516486;71.10693251384615;[753.8, 767.6, 722.9, 769.5, 536.6, 756.4, 813.0, 732.2, 617.9, 617.0, 901.1, 872.9, 739.2];[760.60708197, 765.51228668, 773.00125299, 763.74117061, 768.64100068, 767.7058655, 772.24012035, 774.67995733, 765.74094197, 763.92661867, 781.30081019, 785.09146761, 769.87325901];2016-10-30 12:00:00;2017-01-22 12:00:00
23;13;median;0.21243128319615592;75.0;0.2283694335648917;3667.895734092713;0.22836806284677047;2117.3947482099998;[6510.0, 6109.0, 5215.0, 6798.0, 4354.0, 10041.0, 7637.0, 6137.0, 7002.0, 8575.0, 19189.0, 12646.0, 6956.0];[6554.6418337, 6892.40195698, 6497.4820521, 7207.25554886, 7052.08959767, 7120.35340105, 7361.50821039, 7298.18141203, 7214.74800565, 7635.03085809, 7922.76110065, 7422.92253497, 7264.90742489];2016-10-30 12:00:00;2017-01-22 12:00:00
24;13;median;0.23321793066054172;58.333333333333336;0.2706849353114301;683.1604740955148;0.2706784819418471;579.0993386676923;[1431.0, 1679.0, 1348.0, 1870.0, 2110.0, 2492.0, 2701.0, 2649.0, 2745.0, 2676.0, 3017.0, 2669.0, 2017.0];[1319.43557369, 1488.1172459, 1584.53091209, 1705.50400864, 1759.89630023, 1738.19961819, 1695.4186722, 1674.66920823, 1905.94922393, 2016.3568955, 1849.77614804, 1811.6399409, 1799.27667396];2016-10-30 12:00:00;2017-01-22 12:00:00
25;13;median;0.17589403674180334;58.333333333333336;0.19374054743497388;1110.4477081202763;0.19373832055014864;866.197852038238;[2672.0, 3061.0, 2947.0, 4293.0, 3409.0, 4660.0, 5136.0, 6235.0, 5580.0, 4585.0, 6168.0, 4943.0, 3945.0];[2985.34640098, 3159.40136727, 3059.70668128, 3188.08140066, 3282.48784759, 3472.27133239, 3565.89616162, 3933.33015779, 4281.19499688, 4376.118118042843, 4671.89261227, 4718.04956304006, 5161.43981725];2016-10-30 12:00:00;2017-01-22 12:00:00
26;13;median;0.2649064351597975;33.333333333333336;0.3180814511274373;1072.5384055064044;0.3180754273870316;859.4621407298916;[2144.0, 2144.0, 1752.0, 2314.0, 2645.0, 2643.0, 3120.0, 3302.0, 3802.0, 2762.0, 3713.0, 4473.0, 2643.0];[1969.34095277, 1907.68217355, 2019.5433264494877, 2011.1402542086294, 1955.070226744731, 2044.32850853, 2108.98595087, 2096.48491399, 2174.1074132161875, 2170.95780683, 2091.3194309613473, 2123.72621804, 2146.39164725];2016-10-30 12:00:00;2017-01-22 12:00:00
27;13;median;0.33251015022911934;58.333333333333336;0.32802104380042246;2178.027892694387;0.3280175926708424;1667.3657077224764;[7793.0, 3341.0, 3003.0, 3507.0, 2555.0, 3167.0, 3300.0, 3507.0, 8089.0, 8507.0, 5611.0, 4081.0, 3025.0];[4006.70940358, 3273.9671139, 3692.0042235, 3435.83662181, 3533.818269383443, 4044.28225992, 4366.65646695, 3767.35895877, 4064.25385997, 4584.55225023, 6964.32926061, 6466.1284027787515, 5218.49560797];2016-10-30 12:00:00;2017-01-22 12:00:00
28;13;median;0.3338845827744818;58.333333333333336;0.4208768186354041;582.0742962442199;0.42085770250462473;480.7300595223077;[851.0, 1017.0, 907.0, 1075.0, 833.0, 1716.0, 1339.0, 1312.0, 1345.0, 1322.0, 2142.0, 1732.0, 1143.0];[762.26530756, 712.7031886, 683.91549788, 725.30479521, 829.17400776, 845.84857553, 758.70746873, 766.58737391, 820.80992219, 947.00263618, 922.21654423, 867.78927468, 842.18463375];2016-10-30 12:00:00;2017-01-22 12:00:00
29;13;median;0.12143777504512855;91.66666666666667;0.12589266952942305;873.9904918437107;0.12589137262420033;639.1230942361827;[3623.0, 4016.0, 3075.0, 4373.0, 3773.0, 5121.0, 4129.0, 4785.0, 6509.0, 7561.0, 6183.0, 5485.0, 4223.0];[3747.10348494, 4126.13060873, 3905.76912039, 3970.0731577810684, 3864.13935832, 4289.08075255, 4313.21015087, 4625.69149787, 5066.05107730761, 5395.15536054, 5269.7237881509445, 5213.91113654, 5003.93427256];2016-10-30 12:00:00;2017-01-22 12:00:00
30;13;median;0.248138956417169;66.66666666666667;0.2863413170515661;476.94312104334017;0.28633041191368713;389.70949054307687;[708.0, 829.0, 796.0, 1026.0, 1483.0, 1412.0, 1665.0, 1696.0, 2150.0, 1948.0, 1778.0, 1156.0, 1053.0];[801.199546, 816.76194914, 806.9757414, 861.23547875, 900.53133142, 972.1726658, 1088.65998412, 1203.32020701, 1291.61892472, 1137.0471066, 1236.75262829, 1329.30519691, 1362.8431686];2016-10-30 12:00:00;2017-01-22 12:00:00
31;13;median;0.20610134048696288;58.333333333333336;0.2346673075073616;1538.6944878114148;0.23466521976584526;1332.7879123925898;[5029.0, 3990.0, 5803.0, 3980.0, 6833.0, 5247.0, 6023.0, 7372.0, 6529.0, 7042.0, 6642.0, 6607.0, 7307.0];[4607.62242515, 4428.36176287, 4429.7987094, 4380.78037619, 4461.5276133663365, 5105.9622864, 4857.18653713, 4924.25138812, 4768.6006231, 4896.28980266, 5170.60121, 5468.26471679, 5256.79396584];2016-11-06 12:00:00;2017-01-29 12:00:00
32;13;median;0.09131717079940936;75.0;0.09586117276352156;321.53528709639056;0.09585902519024166;222.388260162671;[1635.1, 1470.0, 1831.2, 1860.7, 2952.6, 2076.0, 1926.5, 2127.6, 2526.5, 3130.5, 2901.6, 1965.4, 1930.4];[1745.43097994, 1578.42041864, 1789.04058601, 1660.53687676, 2433.77986586, 2015.08602641, 1980.524972442467, 2194.74431101, 2511.8324850076397, 2280.894910380105, 2485.20357963, 2220.90595859, 2123.295071550001];2016-11-06 12:00:00;2017-01-29 12:00:00
33;13;median;0.15515254084080313;83.33333333333333;0.16906384487756196;401.98370860876366;0.1690590831801933;307.44821137583676;[1528.0, 1485.0, 1676.0, 1434.0, 2556.0, 2017.0, 1752.0, 1575.0, 1478.0, 2618.0, 2045.0, 1480.0, 1464.0];[1385.46810395, 1278.49426654, 1488.51891232, 1403.29665871, 1630.75736355, 1569.35836359, 1493.55353262, 1624.84629723, 1662.08865274, 1817.3267057641217, 1724.79682588, 1695.90995698, 1691.55257386];2016-11-06 12:00:00;2017-01-29 12:00:00
34;13;median;0.17014003478370332;83.33333333333333;0.19084155719306556;412.6738153549199;0.19083555979881112;314.3074515546154;[1240.0, 938.0, 1641.0, 1225.0, 2143.0, 2298.0, 1561.0, 1253.0, 1257.0, 2191.0, 2137.0, 1662.0, 1565.0];[1194.89709093, 1148.55819676, 1245.28532608, 1125.28608493, 1533.11888865, 1430.68278193, 1411.03652434, 1232.74688275, 1267.33383656, 1535.18314064, 1577.34375574, 1386.96378489, 1378.35090223];2016-11-06 12:00:00;2017-01-29 12:00:00
35;13;median;0.13858290229108533;66.66666666666667;0.13023395608702856;2318.6876081682926;0.1302335178555925;1964.820312726154;[18469.2, 14697.3, 14490.1, 16890.6, 13307.5, 11488.0, 11021.4, 13786.0, 17773.2, 20125.2, 13053.1, 14418.3, 18561.2];[17406.12511856, 15163.63700752, 14696.49784425, 15000.94693483, 16948.7468725, 14989.90573703, 14669.26284538, 14613.25169014, 16708.22418165, 16692.37610834, 15595.32344723, 15445.17905698, 16329.16809221];2016-11-27 12:00:00;2017-02-19 12:00:00
36;13;median;0.01361827430004598;50.0;0.013507290601247475;42.81306739608247;0.01350705521910703;38.755875934615304;[2891.8, 2870.0, 2839.7, 2925.6, 2858.2, 2873.3, 2857.3, 2832.8, 2818.5, 2843.0, 2863.1, 2838.6, 2827.4];[2905.63420613, 2906.65175744, 2912.22371326, 2912.20157526, 2901.05185552, 2895.43538155, 2890.76783129, 2885.9798128, 2883.76769209, 2879.54749951, 2881.35151186, 2880.5202132, 2881.19648776];2017-10-08 12:00:00;2017-12-31 12:00:00
37;13;median;0.014887382400058106;58.333333333333336;0.014731991800959606;53.4817218234438;0.014731749709736508;44.82475348923068;[3050.13, 2991.26, 2966.63, 3079.93, 3027.55, 3046.13, 3052.31, 3028.4, 3042.15, 3060.21, 3044.19, 3005.94, 2999.31];[3082.79724319, 3076.43706982, 3067.24620563, 3065.20159015, 3069.69765881, 3070.29643618, 3067.93114387, 3068.59065018, 3070.2164018, 3072.8208504, 3072.66475042, 3081.79917232, 3081.70580289];2017-10-15 12:00:00;2018-01-07 12:00:00
38;13;median;0.031913997020301385;33.333333333333336;0.03131330094018066;200.81564878832413;0.031313033479418745;183.30184151846146;[5820.04, 5811.86, 5764.85, 5774.63, 5782.51, 5729.81, 5736.21, 5784.8, 5783.06, 5742.76, 5732.81, 5730.19, 5678.13];[5849.95991481, 5872.02908965, 5894.06738886, 5911.31571876, 5921.71710798, 5930.51957141, 5948.02181708, 5957.26029876, 5974.30432244, 5984.35378284, 5996.80125793, 6002.44168318, 6011.79198604];2018-12-30 12:00:00;2019-03-24 12:00:00
39;13;median;0.02797283102526791;41.666666666666664;0.027522974610255855;173.42409945961816;0.027522738741277884;160.57899654923068;[5816.795, 5807.545, 5761.31, 5766.93, 5777.23, 5727.54, 5732.42, 5780.82, 5776.885, 5739.61, 5732.305, 5721.025, 5674.69];[5852.15735449, 5861.70301537, 5882.21493642, 5891.8613933, 5907.96198787, 5913.43540917, 5924.05060704, 5931.3526151, 5940.19932282, 5943.60970136, 5950.69196517, 5956.18193225, 5947.21171478];2018-12-30 12:00:00;2019-03-24 12:00:00
40;13;median;0.012006594822648965;25.0;0.011963323238303247;77.32847253338589;0.011963225283203037;73.05588860537745;[6138.53, 6046.39, 6014.57, 6020.12, 6111.92, 6065.35, 6090.68, 6170.24, 6206.4, 6161.53, 6092.33, 6028.87, 6039.88];[6088.68372745009, 6138.78425608, 6077.3748875, 6094.77281484, 6163.41643193, 6170.9577436, 6167.81233406, 6110.32651943, 6105.5757351, 6114.93385323, 6117.35656692, 6140.53651918, 6131.64483297];2018-07-08 12:00:00;2018-09-30 12:00:00
41;13;median;0.011391466414591645;41.666666666666664;0.011322755233656454;78.68551181517302;0.011322662621230824;69.21664206904308;[6145.38, 6055.38, 6021.96, 6036.22, 6123.1, 6070.16, 6098.74, 6178.74, 6219.68, 6168.3, 6093.4, 6048.22, 6047.21];[6130.3640171324405, 6151.95167485, 6145.7787065, 6135.13920739, 6150.09265556, 6155.6191994, 6159.73220216, 6159.71747321, 6139.05222175, 6149.90204596, 6149.68635332, 6157.33714316, 6155.80496261];2018-07-08 12:00:00;2018-09-30 12:00:00
42;13;median;0.015830376539427697;41.666666666666664;0.015669367376894523;109.72731653062986;0.015669239485538364;95.99197780153841;[6141.955, 6050.885, 6018.265, 6028.17, 6117.51, 6067.755, 6094.71, 6174.49, 6213.04, 6164.915, 6092.865, 6038.545, 6043.545];[6122.25050164, 6176.76069288, 6173.78972719, 6180.42639457, 6174.8522389, 6191.75625829, 6197.01236857, 6206.56326245, 6193.34439509, 6200.88371181, 6203.86635831, 6198.95681428, 6195.2827809];2018-07-08 12:00:00;2018-09-30 12:00:00
43;13;median;0.026625864083183143;58.333333333333336;0.026224801726373394;163.55095226789237;0.026224576611020827;152.75244913307694;[5813.55, 5803.23, 5757.77, 5759.23, 5771.95, 5725.27, 5728.63, 5776.84, 5770.71, 5736.46, 5731.8, 5711.86, 5671.25];[5848.21765293, 5866.97296944, 5871.43873742, 5885.71730252, 5906.8209737, 5902.45153987, 5907.7660684, 5918.05549083, 5924.94332704, 5924.79056426, 5925.40237345, 5933.18817043, 5928.56666844];2018-12-30 12:00:00;2019-03-24 12:00:00
44;13;median;0.03586130499441005;41.666666666666664;0.036904736861849065;140.82406175385168;0.03690412654813199;111.58917938923074;[2934.68, 2967.95, 3071.57, 3101.51, 3101.51, 3136.93, 3189.06, 3165.62, 3069.02, 2990.9, 2965.64, 2997.27, 3001.98];[2919.82602641, 2925.66857127, 2922.13696384, 2914.80098589, 2932.727854, 2934.28393089, 2934.23883185, 2951.68127492, 2950.26876572, 2992.20449671, 2960.3860075, 2950.77302358, 2956.59292878];2018-09-02 12:00:00;2018-11-25 12:00:00
45;13;median;0.06455540888460153;33.333333333333336;0.06246086461354079;203.62550699700222;0.06245988995134281;200.1492065315385;[3156.835, 3088.77, 3129.65, 3163.045, 3114.31, 3110.356, 3123.937, 3136.711, 3158.378, 3095.771, 3042.689, 3026.794, 3062.599];[3300.47010601, 3297.60198711, 3329.06014532, 3319.29856219, 3320.28823522, 3330.29001362, 3318.70997647, 3316.28356775, 3302.70327822, 3293.4714661, 3304.25867082, 3296.86197214, 3282.48670394];2018-06-24 12:00:00;2018-09-16 12:00:00
46;13;median;0.039226997517761965;25.0;0.0403690279693199;147.1132439838677;0.040368358530477426;121.7302312807693;[2933.38, 2967.36, 3070.66, 3098.73, 3098.73, 3134.37, 3186.88, 3164.56, 3067.65, 2988.52, 2963.47, 2994.78, 2999.43];[2915.18105905, 2914.13306256, 2920.37036447, 2916.51426225, 2923.57667746, 2931.83017717, 2922.52589693, 2924.05213385, 2948.32682004, 2950.25550667, 2941.15974101, 2940.42558638, 2937.67570551];2018-09-02 12:00:00;2018-11-25 12:00:00
47;13;median;0.019735970380127463;58.333333333333336;0.01996513205021256;62.0347487037567;0.019964785791455185;57.57429562769228;[2964.555, 2996.025, 3000.705, 2941.08, 2935.96, 2938.24, 2936.72, 2936.66, 2882.2, 2862.63, 2867.64, 2875.68, 2871.67];[2969.19253885, 2954.79972234, 2925.88576355, 2905.39168716, 2891.02197465, 2884.46173225, 2869.41102795, 2845.56127362, 2830.31836791, 2817.73375145, 2795.23773619, 2791.89733714, 2789.66132148];2018-11-11 12:00:00;2019-02-03 12:00:00
48;13;median;0.0319794120761762;41.666666666666664;0.03249085162084255;122.28690249462029;0.032490352392532354;105.75454612230777;[3193.28, 3248.07, 3406.28, 3378.86, 3335.78, 3331.52, 3375.54, 3365.51, 3264.59, 3155.58, 3087.64, 3128.35, 3161.7];[3211.515715, 3211.64183091, 3203.82882548, 3210.80245107, 3188.56591484, 3197.98358382, 3189.84096184, 3209.92411194, 3205.92509111, 3199.67422846, 3201.54490407, 3203.88066838, 3197.10635469];2018-04-22 12:00:00;2018-07-15 12:00:00
49;13;median;0.025737846047699204;41.666666666666664;0.02603751104305207;100.50867859041813;0.026037112372144604;85.0560208292308;[3194.69, 3248.72, 3407.29, 3381.89, 3338.78, 3334.24, 3377.85, 3366.64, 3266.05, 3158.09, 3089.9, 3130.95, 3164.39];[3216.57009344, 3228.63412174, 3223.20464522, 3236.50797398, 3229.34893586, 3245.22441666, 3234.56173259, 3249.67847876, 3233.82227913, 3207.76176727, 3207.03353628, 3193.2392745, 3178.66618323];2018-04-22 12:00:00;2018-07-15 12:00:00
50;13;median;0.014894185480433622;58.333333333333336;0.014867599756687517;111.92946534200149;0.014867486103125733;97.25527248923075;[6549.4, 6749.6, 6672.9, 6664.1, 6601.3, 6601.8, 6483.1, 6488.7, 6431.8, 6468.2, 6418.9, 6383.5, 6403.6];[6556.71330192, 6558.99677446, 6559.2006536, 6562.26613968, 6530.55637226, 6533.35740442, 6526.22905498, 6509.6369214, 6535.81365472, 6537.21928484, 6558.18971007, 6552.42226081, 6569.97169804];2018-08-26 12:00:00;2018-11-18 12:00:00
51;13;median;0.019984096515358183;8.333333333333334;0.01967711586990272;171.04190678068466;0.01967697476792981;137.2051823012349;[6980.8, 7049.9, 6985.1, 7060.9, 7021.9, 7015.0, 6921.2, 6940.5, 6942.0, 6894.3, 6783.9, 6801.8, 6773.4];[7039.25909739, 7022.05423073, 7075.03603111, 7074.510442, 7082.57110588, 7068.73448215, 7074.27952322, 7069.02105142, 7063.95959165, 7065.42194255, 7068.34074749, 7067.83239821, 7127.655187576055];2018-09-02 12:00:00;2018-11-25 12:00:00
52;13;median;0.07684905686918334;33.333333333333336;0.08238071381544666;223.61450414320905;0.08237865303849884;164.8333468130769;[1915.5, 1845.1, 1867.4, 2142.0, 2309.8, 2248.6, 2182.6, 2050.6, 1986.8, 1865.6, 1912.3, 1982.7, 1933.5];[1874.73703213, 1896.40758803, 1873.04964906, 1890.15079684, 1862.44047444, 1832.40192704, 1833.04731916, 1831.94799094, 1850.41089575, 1859.39782841, 1874.9450576, 1857.09007575, 1877.55433046];2017-07-23 12:00:00;2017-10-15 12:00:00
53;13;median;0.012438511845809047;58.333333333333336;0.012311349765247743;38.997564643681116;0.012311099899482298;30.330046552307696;[2483.0, 2491.0, 2474.0, 2491.0, 2483.0, 2460.0, 2473.0, 2448.0, 2429.0, 2411.0, 2434.0, 2445.0, 2439.0];[2483.33254402, 2491.9529491, 2496.84265881, 2494.92402793, 2485.37183973, 2487.66270375, 2488.34659679, 2486.37780734, 2481.81074498, 2491.63287841, 2488.95257456, 2489.1391532, 2488.94412656];2016-10-23 12:00:00;2017-01-15 12:00:00
54;13;median;0.06060972807513221;58.333333333333336;0.057304129115498835;385.9313510728358;0.057303549782356696;283.60328162922445;[5056.0, 4936.0, 4551.0, 4461.0, 4515.0, 4725.0, 4863.0, 5097.0, 5191.0, 5195.0, 5328.0, 5342.0, 5207.0];[5118.14908311, 5171.59554064, 5165.29414913, 5198.00333134, 5216.05594939, 5224.1224452, 5250.248980649918, 5294.81483646, 5173.88170574, 5348.28247137, 5321.03076757, 5303.6269657, 5170.1846871];2016-10-23 12:00:00;2017-01-15 12:00:00
55;13;median;0.05397734101110701;83.33333333333333;0.056602349900780426;272.29445680170727;0.05660156341683604;203.99261560031087;[3030.0, 3099.0, 3193.0, 3261.0, 3334.0, 3440.0, 3538.0, 3633.0, 3733.0, 3814.0, 3877.0, 3929.0, 3978.0];[3048.80204254, 3112.68855039, 3167.99999226, 3212.06113205, 3295.80290888, 3341.042738816779, 3378.89886265, 3432.35036433, 3482.6620413, 3447.4108481371195, 3397.9917446824566, 3412.50714411, 3541.8588129096033];2015-08-16 12:00:00;2015-11-08 12:00:00
56;13;median;0.0996178482160791;83.33333333333333;0.10933832261901125;189.5356159700627;0.10933412349843899;144.38094787531506;[2070.0, 1970.0, 1830.0, 1730.0, 1640.0, 1550.0, 1500.0, 1460.0, 1460.0, 1390.0, 1370.0, 1370.0, 1410.0];[2078.96388332, 2003.69589919, 1913.73598895, 1801.18936897, 1653.66775484, 1595.12883342, 1397.22291426, 1265.72076417, 1148.45585747, 1096.51470034, 1069.2222653105591, 1015.74675974, 1346.5461450203459];2017-01-01 12:00:00;2017-03-26 12:00:00
57;13;median;0.0849656433392118;58.333333333333336;0.08800182496173001;341.6350657535931;0.08800056742964758;308.4891680461538;[3485.0, 3651.0, 3681.0, 3704.0, 3737.0, 3907.0, 3747.0, 3820.0, 3842.0, 3649.0, 3414.0, 3116.0, 2984.0];[3436.85419911, 3464.62975484, 3429.64300205, 3382.63769411, 3300.77596576, 3362.05852893, 3378.04018081, 3378.38504843, 3369.39601664, 3360.15599012, 3359.3376328, 3348.72667244, 3346.54652576];2017-01-01 12:00:00;2017-03-26 12:00:00
58;13;median;0.25227337139855044;91.66666666666667;0.21316315656392884;486.9811131878296;0.21315790243258428;440.0460685092308;[2350.0, 2040.0, 2030.0, 1600.0, 1160.0, 2140.0, 2780.0, 1910.0, 2180.0, 2170.0, 2010.0, 1690.0, 1880.0];[2680.35603534, 2415.25916692, 2325.13778142, 2229.46129267, 2181.34763337, 2374.4814915, 2426.13679171, 2422.14592289, 2516.32202549, 2439.72009745, 2283.11031425, 2306.07646279, 2353.31745824];2017-01-01 12:00:00;2017-03-26 12:00:00
59;13;median;0.030883426233948092;66.66666666666667;0.03150835924449494;333.5766573620233;0.03150818984083612;293.03948706923086;[9160.47, 9180.81, 9257.59, 9244.22, 9195.97, 9383.28, 9480.43, 9506.87, 9431.19, 9450.03, 9630.17, 9660.81, 9601.98];[9061.81372963, 9088.88887382, 9101.97871796, 9101.93778328, 9099.42861355, 9106.92387863, 9113.58807574, 9116.73108806, 9124.39200012, 9121.17573412, 9101.00572995, 9112.57601202, 9123.86643122];2016-10-16 12:00:00;2017-01-08 12:00:00
60;13;median;0.031164466643710382;16.666666666666668;0.03112113479837597;396.33388396268754;0.03112098863185385;331.3841041800002;[10128.3, 10802.8, 10802.8, 10971.1, 10971.1, 10436.8, 10436.8, 11025.5, 11025.5, 10135.8, 10135.8, 10934.7, 10934.7];[10149.99209132, 10645.91285009, 10636.54133908, 10404.62007892, 10393.51779653, 10597.08974322, 10724.2893929, 10628.07754396, 10648.14013423, 10781.82544673, 10824.61777067, 11071.58769967, 11059.50095264];2016-10-16 12:00:00;2017-01-08 12:00:00
61;13;median;0.023644069603254346;33.333333333333336;0.024129486210629103;247.09669186825107;0.024129320961592142;176.20830898076923;[7208.8, 7061.6, 7061.6, 7018.9, 7018.9, 7157.6, 7157.6, 7144.4, 7144.4, 7536.5, 7536.5, 7620.1, 7620.1];[7183.80794022, 7130.60988539, 7135.59287076, 7108.47725904, 7131.17099735, 7237.61070484, 7203.19786835, 7186.63928376, 7172.54766544, 7124.08607059, 7166.77156173, 7144.35133419, 7153.12161145];2016-10-16 12:00:00;2017-01-08 12:00:00
62;13;median;0.01978000516529889;33.333333333333336;0.020316541073974684;214.38284887102714;0.020316380499155594;128.55914148769247;[6062.1, 6110.6, 6110.6, 6119.9, 6119.9, 6115.9, 6115.9, 6194.7, 6194.7, 6386.4, 6386.4, 6649.3, 6649.3];[6031.72175654, 6115.71757371, 6106.25288345, 6156.36083177, 6140.85050572, 6157.28159116, 6158.77547671, 6204.81939109, 6181.92188853, 6118.20291932, 6150.28132021, 6168.05810199, 6167.99766078];2016-10-16 12:00:00;2017-01-08 12:00:00
63;13;median;0.01810994150646014;100.0;0.01835460074746135;369.528015453647;0.018354536194171052;261.475321253077;[14834.0, 12734.0, 12772.0, 13825.0, 15080.0, 12824.0, 12879.0, 13769.0, 14767.0, 13645.0, 12832.0, 13629.0, 15073.0];[14230.42823338, 12697.64560172, 12933.61061161, 13773.36247713, 14423.16248049, 12876.10754689, 12887.89171261, 13793.34783842, 14492.83656552, 14034.24243311, 12790.71143813, 13317.67652035, 14285.19764963];2016-10-09 12:00:00;2017-01-01 12:00:00
64;13;median;0.020487817482446373;91.66666666666667;0.020795046264729382;529.5254716675192;0.02079499305597239;407.1012605423079;[20461.0, 17999.0, 18027.0, 19270.0, 20726.0, 18118.0, 18144.0, 19242.0, 20438.0, 19136.0, 18135.0, 19163.0, 20871.0];[19802.72379406, 17858.30147154, 18085.72066179, 18942.09013049, 19906.48961688, 18186.9895572, 17982.39732505, 19072.03917629, 20128.53098197, 19560.21257485, 17870.86815634, 18550.52258479, 19594.64316938];2016-10-09 12:00:00;2017-01-01 12:00:00
65;13;median;0.0059641400766977225;91.66666666666667;0.005983039108670188;51.988036792064726;0.005982999556039737;45.259422702307624;[7318.7, 7580.2, 7605.2, 7418.2, 7320.8, 7633.4, 7663.4, 7564.1, 7418.4, 7616.0, 7729.0, 7645.0, 7464.2];[7342.16510678, 7560.31378963, 7546.1623991, 7412.53718578, 7350.08061338, 7580.77366167, 7591.6923093, 7515.09595791, 7399.05777762, 7528.96052901, 7637.63699203, 7607.04529206, 7506.20266908];2016-10-09 12:00:00;2017-01-01 12:00:00
66;13;median;0.027786822509079503;58.333333333333336;0.028301463454458345;447.0493616683738;0.02830136043428215;388.78766592538454;[13361.0, 13641.0, 13485.0, 13635.0, 13869.0, 13787.0, 13846.0, 13810.0, 13958.0, 13995.0, 13987.0, 14185.0, 14413.0];[13355.69394117, 13367.32186899, 13409.64137662, 13435.27401367, 13474.35656384, 13479.87652747, 13480.24553024, 13442.09459351, 13438.57648051, 13428.4785948, 13487.5099325, 13554.84239576, 13563.84852389];2005-12-25 12:00:00;2006-03-19 12:00:00
67;13;median;0.010209719553269915;50.0;0.010274637000634633;79.61549988140303;0.01027456316084409;71.4844376315385;[6925.91, 6949.42, 6997.28, 7002.45, 6998.8, 6970.53, 7019.43, 7039.14, 7041.96, 6974.79, 6967.61, 6968.64, 6957.49];[6915.03233265, 6911.53429086, 6914.05687748, 6907.14367487, 6902.70941368, 6905.84318291, 6911.79000162, 6915.39082222, 6916.13573644, 6919.08994785, 6920.90650978, 6921.68977411, 6922.82974632];2012-08-19 12:00:00;2012-11-11 12:00:00
68;13;median;0.013389448246044319;41.666666666666664;0.013490214862114498;99.12926099761935;0.01349011780381404;93.75086863384604;[6930.32, 6983.87, 7009.79, 7004.0, 7003.5, 6971.28, 7036.53, 7049.97, 7035.15, 6965.37, 6967.94, 6962.49, 6960.41];[6902.36381702, 6898.39942161, 6897.28725017, 6908.38687855, 6914.30704765, 6901.40977579, 6902.95187265, 6892.61992937, 6903.19429382, 6889.7932269, 6897.56439085, 6875.63279018, 6877.9480132];2012-08-19 12:00:00;2012-11-11 12:00:00
69;13;median;0.011076343735909853;50.0;0.011182222504995057;38.813018247855354;0.011182008528971941;29.2186123815385;[2612.74, 2607.29, 2583.84, 2601.24, 2597.5, 2591.6, 2648.13, 2649.71, 2654.19, 2655.63, 2614.58, 2613.64, 2614.93];[2607.286283, 2604.73727566, 2599.51695203, 2597.59702871, 2595.38994944, 2594.52969193, 2591.41132803, 2588.3901307, 2587.37970306, 2584.70587209, 2584.84697569, 2583.0767149, 2583.52342172];2016-10-16 12:00:00;2017-01-08 12:00:00
70;13;median;0.01541930119372428;75.0;0.015594975044835379;35.327570777043924;0.015594559912999266;29.2938098446154;[1930.0, 1927.0, 1927.0, 1907.0, 1906.0, 1903.0, 1903.0, 1902.0, 1897.0, 1897.0, 1896.0, 1893.0, 1892.0];[1927.0939607, 1915.60957314, 1904.32776544, 1900.55680649, 1899.29026441, 1887.97977619, 1881.51219155, 1860.87828907, 1859.49480284, 1849.27261051, 1844.52740173, 1836.09552313, 1832.54150682];2012-04-22 12:00:00;2012-07-15 12:00:00
71;13;median;0.025172905921785407;75.0;0.02566933979872133;59.02913032188164;0.02566865052757178;47.804976873076924;[1930.0, 1927.0, 1927.0, 1907.0, 1906.0, 1903.0, 1903.0, 1902.0, 1897.0, 1897.0, 1896.0, 1893.0, 1892.0];[1926.20755459, 1906.89767471, 1903.44122863, 1896.20970824, 1888.85922414, 1874.31440584, 1865.75374679, 1841.55081123, 1841.17869898, 1828.9112605, 1823.61439396, 1788.48843661, 1773.10815643];2012-04-22 12:00:00;2012-07-15 12:00:00
72;13;median;0.009857406763162376;58.333333333333336;0.009986733251393036;30.121362869560897;0.009986466896764652;18.726016526153828;[1930.0, 1927.0, 1927.0, 1907.0, 1906.0, 1903.0, 1903.0, 1902.0, 1897.0, 1897.0, 1896.0, 1893.0, 1892.0];[1927.91821044, 1918.45499003, 1912.55832626, 1900.70871266, 1892.09969083, 1879.45829035, 1890.69058338, 1892.43957286, 1882.24654155, 1880.9435707, 1880.65839551, 1884.88525417, 1793.49964642];2012-04-22 12:00:00;2012-07-15 12:00:00
73;13;median;0.14896156762492982;41.666666666666664;0.14090605630151043;779.4086779114158;0.14090446109028648;631.7471757599999;[4494.5, 3936.22, 4013.09, 3951.31, 3701.88, 3380.45, 3652.31, 3893.49, 4156.82, 4353.71, 4927.72, 5405.49, 6528.25];[4526.17261439, 4504.54923314, 4333.1831845, 4385.2287596, 4372.32687294, 4676.99227839, 4645.16524268, 4631.35433285, 4618.8240168, 4620.49005414, 4862.46378445, 4737.5896624, 4829.1998577];2016-10-16 12:00:00;2017-01-08 12:00:00
74;13;median;0.030731651777645714;58.333333333333336;0.030690251439318385;815.900892496773;0.030690188974140584;754.2994732200006;[23442.9, 23935.8, 24274.4, 23870.6, 23235.6, 23930.5, 25498.8, 25416.7, 23773.6, 25931.8, 25269.5, 24984.5, 25674.5];[24148.65199251, 24394.83485948, 24486.93353479, 24556.49672441, 24588.11460254, 24566.60891281, 24565.57170642, 24560.72076611, 24729.16874308, 24754.28363682, 24747.36691257, 24614.48074952, 24734.89244632];2016-10-16 12:00:00;2017-01-08 12:00:00
75;13;median;1.944846620781212;8.333333333333334;1.4693479891929138;692.6221933075204;1.4691389419233611;565.424427083774;[440.0, 440.0, 440.0, 440.0, 440.0, 440.0, 440.0, 440.0, 240.0, 240.0, 240.0, 240.0, 240.0];[426.79317194, 420.7289201, 374.17067122, 174.404236, -107.13369394, -221.0574857568481, -148.55974336, -221.0574857568481, -463.61859736, -369.95835878, -407.04158886536607, -874.27865791, -1213.90893962];2014-08-17 12:00:00;2014-11-09 12:00:00
76;13;median;0.21934187696117935;58.333333333333336;0.2484412532327504;1038.5229418073707;0.2484381340934895;993.8507552753846;[3977.66, 4541.82, 5291.64, 4690.9, 4198.24, 4610.46, 4725.98, 4681.88, 3926.7, 3826.87, 4457.07, 4650.71, 4440.09];[3652.6610705, 3597.88934309, 3910.82812635, 3692.39136094, 3509.70347043, 3476.33657633, 3363.8252658, 3351.83092877, 3121.62150646, 3167.38232933, 3282.82614625, 3467.92883313, 3504.73522404];2016-10-16 12:00:00;2017-01-08 12:00:00
77;13;median;0.2124505732366533;75.0;0.24072178104738073;1027.5495502247995;0.24071873510591224;953.9686143015385;[3923.9, 4525.96, 5268.49, 4149.73, 4106.37, 4300.7, 4930.68, 4726.57, 3929.57, 4190.49, 4428.39, 4249.56, 4221.58];[3489.13712582, 3513.22560651, 3471.36892468, 3435.21780774, 3318.16462081, 3368.9296875, 3349.08134812, 3333.50655277, 3296.5834773, 3361.65138169, 3586.24480464, 3510.60918416, 3516.67749234];2016-10-16 12:00:00;2017-01-08 12:00:00
78;13;median;0.11468304125535114;25.0;0.12253424762363599;235.8833612314551;0.12253052938115745;202.12543224538467;[1560.0, 1720.0, 1770.0, 1820.0, 1860.0, 1930.0, 1790.0, 1660.0, 1620.0, 1600.0, 1590.0, 1640.0, 1670.0];[1501.43110697, 1501.36562611, 1470.46592438, 1509.14887346, 1498.19750878, 1509.7742524, 1550.96022359, 1671.71038816, 1699.53369341, 1706.39534394, 1734.15847185, 1753.00365543, 1405.82741791];2016-10-16 12:00:00;2017-01-08 12:00:00
79;13;median;0.13420190890744918;41.666666666666664;0.1288495361708642;246.3384864951545;0.12884588814367023;227.75394713307693;[1720.0, 1760.0, 1810.0, 1840.0, 1950.0, 1820.0, 1670.0, 1620.0, 1600.0, 1580.0, 1640.0, 1660.0, 1760.0];[1588.52747737, 1571.9167556, 1630.55787344, 1654.52437076, 1689.23728031, 1699.31482395, 1772.82847647, 1853.98790556, 1920.62012009, 1970.90106391, 1998.92856112, 1999.75760249, 1907.85616452];2016-10-16 12:00:00;2017-01-08 12:00:00
80;13;median;0.025746791477943124;75.0;0.025442072725058582;729.3822698382091;0.025442020545402157;620.4880912846152;[23057.9, 24044.6, 23942.2, 23970.5, 23519.0, 23811.9, 24756.7, 24982.2, 24388.4, 24379.1, 25518.2, 24728.0, 25659.7];[24492.95715353, 24647.61127828, 24576.93834115, 24669.72804089, 24644.05145066, 24675.70080445, 24670.58393257, 24773.01746619, 24812.8355006, 24709.56614515, 24772.15971862, 24809.23063206, 24831.71304269];2016-10-16 12:00:00;2017-01-08 12:00:00
81;13;median;0.0020190212296798365;83.33333333333333;0.0020167174738793974;10.070839292201956;0.002016694670298973;8.917692939230829;[4417.421, 4434.675, 4430.035, 4412.757, 4414.728, 4419.787, 4422.151, 4410.932, 4409.458, 4417.371, 4423.566, 4427.224, 4414.39];[4420.70874197, 4426.72474022, 4426.56641382, 4423.72489395, 4422.86241494, 4426.41723426, 4429.70612419, 4427.01840189, 4427.19334645, 4427.90749865, 4429.05183706, 4430.48831736, 4429.21735153];2016-10-16 12:00:00;2017-01-08 12:00:00
82;13;median;0.007883889926644202;33.333333333333336;0.007861923081516849;55.80035330395031;0.007861857507385602;47.12985920769216;[6001.5, 5974.5, 5931.6, 6028.6, 6053.0, 6064.0, 6017.2, 5972.1, 5997.6, 5991.1, 5939.8, 5939.5, 5940.6];[5988.43979062, 5994.88608507, 6000.32356616, 5990.12282188, 5987.83853799, 6001.82565241, 5995.92810315, 5997.97218448, 5998.84138942, 6022.03204032, 6025.04943046, 6028.15416355, 6032.08421629];2016-10-16 12:00:00;2017-01-08 12:00:00
83;13;median;0.007866616987265446;50.0;0.007863876241386939;52.9017988999737;0.007863810549406353;47.06891248692311;[6016.7, 5923.8, 5945.0, 6050.1, 6069.5, 6022.3, 5944.7, 5985.6, 5996.0, 5978.0, 5937.4, 5937.5, 5944.0];[5967.45367353, 5988.15211018, 5985.85757694, 5997.03313387, 5969.08853714, 5997.14119673, 5978.07799482, 5990.47570866, 5961.41403711, 5996.39763441, 5987.99240698, 6006.88908587, 6011.58392285];2016-10-16 12:00:00;2017-01-08 12:00:00
84;13;median;0.010037807929851084;66.66666666666667;0.010109894963365411;211.9387936971864;0.010109866144366687;177.33650493769193;[17289.0, 17312.0, 17335.0, 17364.0, 17429.0, 17501.0, 17567.0, 17632.0, 17683.0, 17718.0, 17753.0, 17791.0, 17808.0];[17255.56843613, 17259.46607483, 17263.12275538, 17254.78888224, 17392.02152653, 17396.48581957, 17426.33123869, 17433.06397722, 17422.99653332, 17418.79018884, 17454.86592682, 17454.92806832, 17444.19600792];2016-10-16 12:00:00;2017-01-08 12:00:00
85;13;median;0.009713393056006351;75.0;0.009777473871363941;199.86835319232438;0.00977744602628855;171.66726012615422;[17297.0, 17320.0, 17344.0, 17385.0, 17454.0, 17522.0, 17601.0, 17661.0, 17696.0, 17731.0, 17766.0, 17801.0, 17791.0];[17274.75360798, 17264.69212447, 17283.0691418, 17326.43989263, 17372.66979324, 17393.45620265, 17407.91838131, 17430.49967866, 17440.7875716, 17478.63883797, 17472.0826349, 17495.93555297, 17496.38219818];2016-10-16 12:00:00;2017-01-08 12:00:00
86;13;median;0.01573486448511974;75.0;0.01587259556698735;18.105549866951705;0.015871864801135442;17.237355776923042;[1094.56, 1094.52, 1092.83, 1091.55, 1098.78, 1099.02, 1096.83, 1093.89, 1089.57, 1099.3, 1098.45, 1095.05, 1088.79];[1085.50203898, 1083.60002876, 1082.44237136, 1080.30790706, 1077.28258175, 1079.16630706, 1076.84936495, 1074.25154391, 1075.19941938, 1078.00635828, 1074.24042136, 1068.23179533, 1073.97423672];2016-10-09 12:00:00;2017-01-01 12:00:00
87;13;median;0.004782329263199637;50.0;0.0048000909323349045;73.37117418558307;0.0048000710687730805;57.99790211000003;[12154.01, 12042.04, 12027.43, 11998.81, 12089.79, 12025.85, 12079.76, 12053.18, 12179.34, 12133.8, 12093.14, 12163.75, 12117.78];[12007.02215836, 12009.59239398, 12011.1761387, 12025.09407992, 12048.04200058, 12044.82718292, 12050.86715801, 12045.8349363, 12049.22132382, 12043.35080763, 12054.75802644, 12050.31115619, 12055.1324354];2016-10-09 12:00:00;2017-01-01 12:00:00
88;13;median;0.10463241281955085;58.333333333333336;0.09865173929317946;124.11280214556601;0.0986475401359135;115.90420694692308;[1185.62, 1180.63, 1201.97, 1132.26, 1087.99, 1095.31, 1151.72, 1115.15, 1107.33, 1089.42, 1084.26, 1103.96, 1071.63];[1214.69405344, 1240.82009756, 1260.14414622, 1214.53410724, 1221.15827057, 1242.26735159, 1251.31209321, 1246.14572275, 1226.50952138, 1243.0843483, 1256.48507593, 1256.22975296, 1240.62014916];2016-10-09 12:00:00;2017-01-01 12:00:00
89;13;median;0.011353889312042766;66.66666666666667;0.01124431854604512;27.760650955454665;0.011244016343260025;20.919081537692275;[1828.128, 1861.782, 1872.236, 1854.954, 1852.089, 1854.091, 1868.669, 1893.618, 1859.457, 1860.784, 1871.368, 1829.142, 1818.838];[1850.46767291, 1860.28815107, 1876.91546009, 1860.45097156, 1874.95726316, 1874.06001574, 1879.83877091, 1880.4730778, 1875.20747267, 1883.21157273, 1883.06464694, 1884.69125415, 1884.200188];2016-10-09 12:00:00;2017-01-01 12:00:00
90;13;median;0.025567680865954547;50.0;0.02515462322395779;566.1480931743206;0.02515456004932646;500.81303887461485;[19466.9, 19798.45, 19924.33, 19681.8, 19608.88, 19636.22, 19838.41, 20051.33, 19701.9, 19697.26, 19797.94, 19395.38, 19260.01];[19849.32969881, 20024.18955301, 20078.25272884, 20078.90555796, 20141.68875854, 20137.33924995, 20197.87105979, 20234.73949541, 20276.99015262, 20279.4455381, 20370.01699989, 20386.76423391, 20313.84647854];2016-10-09 12:00:00;2017-01-01 12:00:00
91;13;median;0.0709136083946683;50.0;0.0679597936022182;1712.3047361110366;0.06795964547538261;1559.3571176707699;[21837.03, 22832.08, 22198.61, 22399.36, 22658.55, 22969.77, 22908.66, 22311.88, 21853.35, 22670.54, 22686.31, 21102.33, 21032.34];[23309.68627533, 23878.70436494, 23585.44264939, 23486.31602094, 23538.16357431, 23591.12490831, 23895.10600811, 23999.66651134, 24189.64435786, 24390.5586417, 23942.03902825, 24030.21187175, 23895.78831749];2016-10-09 12:00:00;2017-01-01 12:00:00
92;13;median;0.005921992763013064;83.33333333333333;0.005941414185067098;10.90566086913474;0.005941244029380647;10.372745395384632;[1748.563, 1753.833, 1740.646, 1741.955, 1753.649, 1760.835, 1747.62, 1745.674, 1751.342, 1758.483, 1747.428, 1749.617, 1753.035];[1743.45547933, 1738.3408316, 1732.78438961, 1735.25159238, 1742.88300559, 1743.24997218, 1736.67147595, 1735.53404604, 1742.30839544, 1745.58953604, 1740.43849961, 1738.11941871, 1743.20766738];2016-10-09 12:00:00;2017-01-01 12:00:00
93;13;median;0.09971485637094815;50.0;0.10634191095982257;230.92141509579903;0.10633914820202461;204.73288144230767;[1802.54, 1986.53, 1931.14, 1831.39, 1948.19, 1948.12, 2000.27, 2077.83, 2068.5, 2093.54, 2174.32, 2052.07, 2108.0];[1808.18647514, 1805.40540357, 1801.52430352, 1793.59046443, 1797.17176746, 1807.60106277, 1801.48970062, 1801.0396973, 1795.60698143, 1795.08145433, 1790.78902493, 1786.90447648, 1787.81467955];2014-10-12 12:00:00;2015-01-04 12:00:00
94;13;median;0.08256419974448735;41.666666666666664;0.08741742076385674;179.8224381750454;0.08741492671896098;153.2784317084615;[1621.22, 1764.77, 1679.71, 1638.8, 1728.67, 1733.06, 1799.69, 1857.32, 1899.37, 1907.46, 1936.32, 1863.71, 1912.86];[1641.48890391, 1634.58840464, 1623.07601335, 1638.19939352, 1637.94444269, 1648.59164263, 1657.97935204, 1657.56070656, 1647.60518584, 1653.35216513, 1649.8402844, 1649.99757559, 1650.65412531];2014-10-12 12:00:00;2015-01-04 12:00:00
95;13;median;0.003198946656558656;75.0;0.003204372393611337;50.721515046981935;0.0032043583885965243;36.65949910769212;[11355.272, 11385.864, 11303.634, 11309.627, 11397.101, 11427.142, 11459.31, 11388.745, 11451.752, 11478.884, 11545.812, 11497.115, 11568.007];[11393.98620917, 11393.89131645, 11365.98573923, 11344.09591502, 11414.29088959, 11417.63422199, 11439.05343515, 11405.57173243, 11455.30735478, 11473.05107268, 11473.71724395, 11441.03991583, 11436.33477867];2016-10-09 12:00:00;2017-01-01 12:00:00
96;13;median;0.026637815501576498;91.66666666666667;0.026552767821619475;15.506463963339657;0.02655002389910258;12.86383421846153;[447.83, 454.85, 482.02, 472.14, 455.09, 481.15, 524.38, 519.49, 485.51, 467.8, 486.97, 483.66, 457.56];[449.32594164, 477.17909277, 479.1750716, 476.87476113, 463.50223235, 476.91815623, 504.20695889, 491.30370012, 471.31000438, 476.67101283, 504.68480751, 492.58305381, 482.67283402];2016-10-09 12:00:00;2017-01-01 12:00:00
97;13;median;0.022246811146524624;83.33333333333333;0.022309502751195035;16.94966518341339;0.022307691134288266;13.745088621538457;[584.3, 590.59, 610.91, 597.94, 585.15, 610.26, 651.93, 646.63, 617.37, 598.04, 617.17, 615.46, 586.87];[581.48317278, 595.21645748, 606.4110947, 593.90170712, 585.79528092, 598.3564687, 621.76434403, 624.28407816, 591.7765688, 608.75306103, 639.54357604, 628.31060858, 612.98460232];2016-10-09 12:00:00;2017-01-01 12:00:00
98;13;median;0.013135108127204599;58.333333333333336;0.013036951924933886;208.96797998016885;0.013036908396921823;195.235151799231;[14837.74, 14751.79, 14883.29, 15009.8, 14963.45, 14930.14, 14847.66, 14828.55, 14864.72, 14893.35, 14811.6, 14898.23, 14855.39];[15048.49255991, 15047.30490756, 15104.2512575, 15145.1294839, 15154.20573506, 15168.23910429, 15138.8704663, 15156.03668669, 15017.04925042, 14990.72658749, 14980.64748049, 14986.68722856, 14976.12622522];2016-10-09 12:00:00;2017-01-01 12:00:00
99;13;median;0.015467180293149058;75.0;0.015616430127551298;210.5996595535585;0.01561636288148731;181.34047385538514;[11474.49, 11875.5, 11517.02, 11305.8, 11423.14, 11647.5, 11632.38, 11729.89, 11679.04, 11740.51, 11934.32, 11741.1, 11634.37];[11408.6351602, 11498.30876219, 11478.31997929, 11446.48816051, 11451.80553504, 11449.11789223, 11472.979747, 11476.05738121, 11503.35491613, 11538.44730244, 11549.81162599, 11530.95911292, 11512.05565583];2016-10-09 12:00:00;2017-01-01 12:00:00
100;13;median;0.0053512724771290565;83.33333333333333;0.0053747541924737165;68.48300008738559;0.005374727191346707;53.49517980230736;[9871.498, 9910.685, 9815.305, 9808.647, 9900.756, 9934.128, 9974.544, 9905.89, 9965.28, 9989.549, 10064.652, 10007.292, 10082.468];[9869.71615767, 9841.05468889, 9815.58300564, 9810.70238252, 9889.46275027, 9894.44650523, 9884.1064686, 9852.49626371, 9908.24337845, 9954.23564691, 9975.38315654, 9905.07965155, 9939.41338291];2016-10-09 12:00:00;2017-01-01 12:00:00
101;13;median;0.016186621785936675;50.0;0.01602699553532599;287.29050713563595;0.016026945215851403;255.24031949615417;[16004.79, 15859.41, 15729.3, 15616.87, 15749.81, 15642.21, 15716.89, 15789.79, 15961.13, 15986.34, 15871.65, 15813.95, 15743.94];[15877.36000129, 15865.96290219, 15862.3908821, 15937.24860186, 16048.74307142, 16038.56607747, 16027.8819278, 16070.49343937, 16132.01890654, 16097.86806993, 16162.17491777, 16181.4464411, 16247.18891719];2016-10-09 12:00:00;2017-01-01 12:00:00
102;13;median;0.029140394583441403;66.66666666666667;0.029302288894935254;135.73504038273757;0.02930193347786392;120.83815608725392;[4153.94, 4375.42, 4063.47, 3975.35, 4202.22, 4212.67, 4171.08, 4025.43, 4260.1, 4159.33, 4272.43, 3968.74, 3905.78];[4071.39305323, 4139.61615223, 4092.5598244, 4129.57160457, 4141.37674685, 4116.65965419, 4019.61282616, 4058.81624015, 4098.56221035, 4085.5661964957, 4091.88782931, 4087.2785612, 4098.92446763];2016-10-09 12:00:00;2017-01-01 12:00:00
103;13;median;0.028456340234990662;91.66666666666667;0.027982480255102485;30.612786702528247;0.02798109096088428;28.181513306923097;[1026.84, 1019.01, 1009.31, 1003.54, 1007.61, 1004.8, 998.68, 991.28, 991.98, 988.73, 979.2, 976.82, 968.28];[1034.34249267, 1034.00445051, 1029.20015457, 1026.71538378, 1028.60488155, 1025.86570574, 1023.37864182, 1021.30030232, 1022.62623919, 1024.57558162, 1022.08374289, 1020.16921915, 1019.57287718];2016-10-09 12:00:00;2017-01-01 12:00:00
104;13;median;0.010760523909907544;25.0;0.01067685215679302;117.41748557354973;0.010676793616303942;97.36402451615406;[9135.8, 9155.8, 9123.07, 9168.48, 9097.38, 9109.48, 9061.98, 9058.14, 9033.5, 9064.66, 9038.48, 9025.31, 9001.11];[9151.13310735, 9158.18830142, 9159.39558565, 9166.48798408, 9170.60464375, 9178.03904864, 9185.51801018, 9188.88618374, 9192.17866734, 9192.16448743, 9194.54977951, 9195.28503531, 9202.50745247];2016-10-09 12:00:00;2017-01-01 12:00:00
105;13;median;0.0024023903446958143;75.0;0.002406918950634494;6.521963381256128;0.002406863219765019;5.1974326479003485;[2162.966, 2167.806, 2153.199, 2154.003, 2164.848, 2171.359, 2157.906, 2154.995, 2160.496, 2165.439, 2154.43, 2155.905, 2159.078];[2159.08280499, 2153.49333668, 2149.39047829, 2151.79541605, 2158.96405593, 2158.48695221, 2151.97987492, 2150.95211904, 2156.58181161, 2160.21560207, 2155.317834332704, 2151.61648811, 2159.39372999];2016-10-09 12:00:00;2017-01-01 12:00:00
106;13;median;0.01316366169552907;50.0;0.013265885123009708;347.1006751392328;0.013265857665987757;320.4725939953843;[24019.73, 23983.72, 24168.42, 24240.09, 24481.23, 24419.29, 24441.25, 24333.51, 24398.35, 24222.27, 24359.23, 24297.26, 24345.73];[23903.20894653, 23920.97567158, 23938.56654693, 23944.52787991, 23957.38742246, 23956.60803162, 23946.86315477, 23967.44949335, 23995.30300468, 24007.00047629, 23999.52024804, 24000.18185038, 24006.34355152];2016-10-09 12:00:00;2017-01-01 12:00:00
107;13;median;0.007467708136371039;58.333333333333336;0.007426616910834608;145.4363936817515;0.007426593838475705;119.52630803769269;[15926.84, 16078.017, 15963.238, 15970.428, 16056.811, 16086.342, 16092.328, 16042.099, 16027.739, 16096.719, 16115.75, 15955.488, 15951.666];[16033.21184177, 16078.87983038, 16066.04606635, 16050.90151359, 16097.13604092, 16133.37974067, 16163.34934301, 16147.46947625, 16180.7210537, 16249.90933598, 16232.98459081, 16239.79236681, 16243.52580425];2016-10-09 12:00:00;2017-01-01 12:00:00
108;13;median;0.006453450703155467;66.66666666666667;0.006419987130700033;116.85814148157623;0.006419964714829172;91.93631143384621;[14171.645, 14318.713, 14198.442, 14206.103, 14300.423, 14334.406, 14340.354, 14293.978, 14288.988, 14354.158, 14370.531, 14207.81, 14198.367];[14284.80277424, 14306.56786217, 14281.57219275, 14267.71716708, 14313.34355747, 14375.83121979, 14384.97266374, 14350.22484456, 14402.26576217, 14447.64656009, 14444.12322076, 14450.43293884, 14445.29900932];2016-10-09 12:00:00;2017-01-01 12:00:00
109;13;median;0.017335303304848414;50.0;0.017530425843130103;147.93782910260447;0.017530307862790306;130.24162389615384;[7331.84, 7307.69, 7396.85, 7438.91, 7519.81, 7592.29, 7571.98, 7464.36, 7484.2, 7484.94, 7528.27, 7483.09, 7522.26];[7300.03488839, 7316.99860654, 7333.93483729, 7338.44230754, 7326.08957604, 7327.57284618, 7341.66644185, 7353.22089669, 7354.45286603, 7351.90022268, 7358.8725858, 7365.29444669, 7383.48558071];2016-10-09 12:00:00;2017-01-01 12:00:00
110;13;median;0.014245889943793583;66.66666666666667;0.014360384021275653;16.30511391092803;0.014359714869266398;15.408480747692291;[1080.57, 1080.53, 1078.63, 1077.26, 1084.46, 1084.89, 1082.71, 1079.78, 1076.06, 1085.53, 1084.67, 1081.1, 1074.27];[1070.80265523, 1070.22936259, 1069.33579978, 1065.95966193, 1062.80341532, 1066.70199897, 1067.07756277, 1065.02596057, 1063.33777091, 1063.94863355, 1065.4802761, 1054.84409914, 1064.60255342];2016-10-09 12:00:00;2017-01-01 12:00:00
111;13;median;0.0037331649884866833;66.66666666666667;0.0037318655268432366;45.79117050179411;0.0037318460040680285;35.66851971692309;[9609.45, 9520.42, 9512.01, 9471.4, 9562.31, 9488.15, 9556.86, 9534.86, 9647.41, 9594.13, 9576.58, 9662.18, 9644.83];[9507.20371044, 9508.81763141, 9522.59042273, 9535.85205093, 9572.49557785, 9548.64076916, 9601.79311693, 9595.70447435, 9639.55493223, 9580.08364074, 9613.09794258, 9658.48981179, 9608.5838716];2016-10-09 12:00:00;2017-01-01 12:00:00
112;13;median;0.03398796248084606;83.33333333333333;0.033225175008026624;29.786990550879526;0.03322290701342512;24.34374344153846;[754.7, 766.1, 766.27, 714.66, 682.99, 700.3, 763.74, 747.68, 742.31, 717.41, 712.44, 734.81, 726.45];[740.30906881, 748.3218093, 754.9785089, 750.18276081, 742.30899999, 748.43233596, 753.20976726, 745.85664361, 743.13218606, 750.1029851, 753.07503846, 755.14532538, 749.64483086];2016-10-09 12:00:00;2017-01-01 12:00:00
113;13;median;0.025968309907355974;41.666666666666664;0.025586678310847596;284.5510771535983;0.025586555201161956;265.8958841546156;[10463.22, 10370.99, 10322.48, 10331.1, 10275.58, 10318.71, 10216.97, 10282.47, 10238.62, 10071.88, 10200.06, 10227.22, 10233.33];[10508.54843123, 10498.59273906, 10542.71983183, 10553.04207184, 10572.10574967, 10537.19627974, 10547.48580411, 10505.7684945, 10517.13563043, 10510.83987889, 10552.80595625, 10590.7906491, 10572.24497736];2016-10-09 12:00:00;2017-01-01 12:00:00
114;13;median;0.02898353577195348;58.333333333333336;0.028512911864132014;338.8030214836898;0.0285127840025408;317.9205599123077;[11217.92, 11137.09, 11088.75, 11045.76, 10958.57, 11019.01, 10980.71, 11030.15, 10980.93, 10789.29, 10912.5, 10962.03, 10959.78];[11261.02132714, 11277.06683356, 11338.15125155, 11353.5504343, 11337.48734136, 11346.97989238, 11330.25744845, 11332.68964946, 11333.43118711, 11305.84827041, 11362.38660151, 11324.58108423, 11312.0059574];2016-10-09 12:00:00;2017-01-01 12:00:00
115;13;median;0.03978723210820012;75.0;0.03869916872065508;676.6510456938641;0.03869903620334028;565.1983645253846;[14539.1, 14894.1, 13984.77, 13907.03, 14293.59, 14685.26, 15017.67, 14100.07, 14408.13, 14676.51, 15205.38, 13875.72, 14094.91];[14560.89333048, 14629.96392857, 14749.79788477, 14523.12370927, 14872.18989011, 15003.6201985, 15224.20711996, 14902.79126435, 15178.69135455, 15338.50493687, 15208.55867017, 15162.11222316, 15147.09208521];2016-10-09 12:00:00;2017-01-01 12:00:00
116;13;median;0.017801977521120112;75.0;0.01815016044509176;192.65867304176913;0.0181500341572289;130.43782503999998;[7037.56, 7043.25, 7026.12, 7062.94, 7075.16, 7057.07, 7064.06, 7097.6, 7249.93, 7267.89, 7328.08, 7388.03, 7480.86];[7050.90222981, 7032.32641469, 7018.64891686, 7037.82006631, 7046.90548177, 7034.62411886, 7021.25101569, 7035.60761505, 7049.56681785, 7051.24243188, 7033.55800557, 7040.21573508, 7056.87388468];2016-10-09 12:00:00;2017-01-01 12:00:00
117;13;median;0.005687876729451798;66.66666666666667;0.005706277902255515;10.608387298584168;0.005706114402642711;9.957494065384621;[1747.852, 1753.13, 1739.954, 1741.265, 1752.962, 1760.145, 1746.934, 1744.992, 1750.66, 1757.801, 1746.75, 1748.939, 1752.358];[1742.64776199, 1736.58120503, 1732.08648163, 1735.44084112, 1742.98721627, 1742.81033535, 1733.36991764, 1734.54010888, 1741.60570099, 1748.16738091, 1739.87110138, 1738.87985938, 1745.30666658];2016-10-09 12:00:00;2017-01-01 12:00:00
118;13;median;0.12885308059372946;41.666666666666664;0.14011048809898496;178.93665766118627;0.14010427916566187;158.18352090769238;[1029.75, 1180.41, 1140.58, 1060.38, 1154.44, 1152.64, 1175.8, 1244.19, 1225.38, 1262.37, 1332.13, 1221.9, 1270.41];[1035.15318928, 1034.73476353, 1041.96358747, 1024.82296211, 1042.18756068, 1031.67211473, 1024.89714661, 1025.49265164, 1044.3212197, 1010.57442138, 1015.35856864, 1044.0773777, 1029.54504329];2014-10-12 12:00:00;2015-01-04 12:00:00
119;13;median;0.13640416724493806;33.333333333333336;0.14945641979697666;165.25222188972438;0.14944859110493908;142.81263203999998;[855.09, 989.28, 916.28, 889.25, 943.99, 943.1, 996.81, 1044.71, 1069.8, 1090.56, 1126.05, 1064.67, 1106.98];[888.95384124, 869.44935847, 866.08619351, 859.00427764, 866.52261681, 875.45593154, 869.31394897, 868.87284346, 854.9928197, 858.42417649, 856.10797403, 857.89503788, 856.65444622];2014-10-12 12:00:00;2015-01-04 12:00:00
120;13;median;0.0077050967463789715;91.66666666666667;0.007748665663501561;98.93492905876457;0.007748628852738361;81.55556808076905;[10465.971, 10496.016, 10403.031, 10399.53, 10497.08, 10528.68, 10569.283, 10488.464, 10554.103, 10585.971, 10651.968, 10589.396, 10672.134];[10422.90638654, 10446.79200845, 10416.59511851, 10405.45482894, 10452.17147131, 10451.20252308, 10470.12489155, 10447.89472209, 10471.05106565, 10476.31291612, 10484.3717634, 10465.71501354, 10469.78980067];2016-10-09 12:00:00;2017-01-01 12:00:00
121;13;median;0.044916769672520465;75.0;0.043429118832163154;20.13765034526881;0.04342298615771006;15.400521426923088;[329.99, 321.94, 332.45, 333.74, 338.72, 353.4, 396.27, 383.57, 366.9, 359.23, 363.53, 378.46, 369.19];[343.47748878, 351.73210317, 375.36250489, 371.63492301, 356.38649507, 359.64911962, 379.75179507, 372.61175646, 366.11665418, 352.52891692, 374.00389831, 380.70212926, 373.71723907];2016-10-09 12:00:00;2017-01-01 12:00:00
122;13;median;0.03883395735790783;75.0;0.037492624369492314;23.451156585244043;0.037488551859498176;17.26866827153847;[440.2, 431.45, 435.3, 432.77, 440.92, 454.74, 497.32, 484.31, 473.21, 461.88, 466.64, 483.21, 471.99];[455.4773627, 457.63944483, 485.77269929, 481.37983286, 466.11174882, 462.98547714, 488.36004456, 480.92142812, 473.40066877, 461.88993491, 483.18468545, 490.57236544, 486.03994];2016-10-09 12:00:00;2017-01-01 12:00:00
123;13;median;0.013410347506295375;33.333333333333336;0.013525477758974723;132.3353235101321;0.01352539684467627;113.04625637769249;[8434.6, 8404.06, 8370.62, 8440.35, 8445.77, 8485.14, 8424.83, 8351.47, 8365.51, 8411.94, 8472.83, 8434.49, 8421.44];[8463.88594778, 8441.09007853, 8449.08047831, 8414.59304193, 8360.15563156, 8321.80112585, 8331.05857394, 8294.38880596, 8268.60511832, 8249.07048861, 8245.22145722, 8226.27970907, 8217.77121925];2016-10-09 12:00:00;2017-01-01 12:00:00
124;13;median;0.013692296475332572;75.0;0.013807338783158903;173.5491906516867;0.013807276155178214;152.21016099461528;[10927.21, 11218.64, 10974.46, 10771.82, 10862.93, 11054.22, 11031.79, 11089.91, 11069.27, 11163.08, 11300.69, 11152.85, 11055.06];[10845.54635674, 10968.87526212, 10914.38368502, 10872.46208392, 10885.50803269, 10931.62071797, 10952.04900005, 10923.91227966, 10878.03460183, 10931.45925481, 10983.47366821, 10923.87689874, 10928.43629853];2016-10-09 12:00:00;2017-01-01 12:00:00
125;13;median;0.007802799012917861;91.66666666666667;0.007843456589241795;87.78372050749377;0.0078434160784963;75.93224025307651;[9622.511, 9655.61, 9565.969, 9555.495, 9652.503, 9680.166, 9726.8, 9653.317, 9717.552, 9744.777, 9804.685, 9745.947, 9829.99];[9601.17980767, 9590.09456838, 9532.713691, 9525.70546511, 9604.58439338, 9625.66661947, 9637.28532992, 9602.85107175, 9636.22173948, 9660.80149675, 9664.96241829, 9635.9031255, 9650.23315001];2016-10-09 12:00:00;2017-01-01 12:00:00
126;13;median;0.018954595632981987;66.66666666666667;0.018748593751490825;235.05628475478832;0.01874850863563208;206.49884685076918;[11173.39, 10918.46, 10850.02, 10756.78, 10815.1, 10764.33, 10842.66, 10886.6, 10968.92, 11026.69, 11039.92, 11213.69, 11323.96];[10978.565423, 11006.07702326, 10975.06586615, 11103.17938181, 11149.68214925, 11119.30369477, 11132.98793485, 11139.59136837, 11279.38099589, 11188.56136653, 11199.98723458, 11166.59503024, 11305.73155316];2016-10-09 12:00:00;2017-01-01 12:00:00
127;13;median;0.02194713191735912;66.66666666666667;0.021989699067942643;95.04795782422848;0.0219893970920904;80.09490618538456;[3659.91, 3836.54, 3603.72, 3518.12, 3731.7, 3682.25, 3703.91, 3552.16, 3731.15, 3699.87, 3741.75, 3541.9, 3452.87];[3634.45771746, 3642.85231703, 3631.44427094, 3627.6721193, 3659.31397378, 3660.76149493, 3618.94051758, 3594.24556429, 3639.28343828, 3669.46272996, 3645.62315407, 3625.39098362, 3614.86618535];2016-10-09 12:00:00;2017-01-01 12:00:00
128;13;median;0.030214112094777625;83.33333333333333;0.029682175091245787;31.883960068310973;0.029680676480494692;29.39559857772915;[1007.32, 1000.05, 990.76, 985.07, 988.6, 986.32, 981.23, 974.06, 974.39, 971.47, 961.91, 960.25, 951.77];[1017.74180103, 1014.5525153, 1011.4634323704788, 1008.99074273, 1008.99572551, 1009.40494316, 1006.64510936, 1003.10804026, 1008.36017172, 1007.88543067, 1006.22934843, 1007.18731459, 1004.77820638];2016-10-09 12:00:00;2017-01-01 12:00:00
129;13;median;0.008677578807606154;41.666666666666664;0.008623704402761032;84.45056661027641;0.00862365141277182;70.17185375384605;[8142.17, 8164.91, 8155.02, 8197.46, 8121.84, 8135.96, 8115.75, 8106.23, 8078.34, 8105.2, 8077.74, 8059.49, 8032.97];[8161.56288013, 8170.50987967, 8173.28303898, 8177.3912195, 8177.06392089, 8181.11601693, 8184.964321, 8183.5245165, 8194.5230848, 8187.28264108, 8190.18925315, 8190.8828038, 8192.88296137];2016-10-09 12:00:00;2017-01-01 12:00:00
130;13;median;0.003052114862274083;83.33333333333333;0.003058640769374221;7.808879461490822;0.003058569882459894;6.598610627261713;[2161.865, 2166.713, 2152.117, 2152.923, 2163.772, 2170.279, 2156.83, 2153.923, 2159.431, 2164.374, 2153.369, 2154.844, 2158.018];[2156.13540853, 2151.03551315, 2147.71778702, 2150.00268632, 2154.61603787, 2156.19730379, 2148.58167724, 2148.09548823, 2154.50533283, 2157.88442414, 2153.312178245597, 2149.83346564, 2154.75875884];2016-10-09 12:00:00;2017-01-01 12:00:00
131;13;median;0.014264489731596124;75.0;0.01438289316350888;353.57836672315256;0.014382861708140801;328.8287240984615;[22735.69, 22695.8, 22873.78, 22912.73, 23157.6, 23052.45, 23109.41, 23066.29, 23133.89, 22943.61, 23070.07, 23056.38, 23135.75];[22623.68185244, 22642.97334504, 22634.75848622, 22646.73563994, 22658.97419323, 22642.29316207, 22664.92277822, 22677.95680184, 22697.76045483, 22690.43555785, 22695.09543079, 22693.15948313, 22699.92940112];2016-10-09 12:00:00;2017-01-01 12:00:00
132;13;median;0.0024545670880150128;91.66666666666667;0.0024522635655156865;42.72234429438676;0.0024522547579296115;34.13931256923066;[13883.352, 13943.084, 13817.27, 13799.658, 13890.442, 13929.041, 13978.179, 13895.258, 13956.526, 13983.295, 14057.238, 13958.295, 14011.606];[13890.37674822, 13907.16265168, 13887.14635936, 13866.07977276, 13959.28281477, 13967.48962214, 13984.39238252, 13924.52820496, 13969.46831766, 13975.81205246, 13987.82016627, 13988.89691077, 14010.25719935];2016-10-09 12:00:00;2017-01-01 12:00:00
133;13;median;0.0029536269901258207;91.66666666666667;0.002955659542066648;45.60086986756016;0.0029556474081202195;35.99895269307686;[12132.819, 12188.302, 12057.06, 12039.798, 12138.491, 12181.638, 12230.64, 12151.594, 12222.102, 12245.022, 12316.353, 12215.006, 12262.678];[12139.64535057, 12143.3975291, 12121.20908944, 12106.42394241, 12166.17668714, 12174.81813341, 12189.02115073, 12157.03946665, 12195.82566689, 12226.49610641, 12216.42766438, 12208.5525415, 12209.94835878];2016-10-09 12:00:00;2017-01-01 12:00:00
134;13;median;0.012282463897661793;50.0;0.01238055505322442;90.08017514571429;0.012380456776374834;77.98594678583903;[6190.89, 6166.87, 6248.29, 6256.87, 6346.31, 6377.59, 6382.05, 6333.99, 6350.53, 6326.36, 6362.01, 6363.97, 6432.69];[6190.83531228, 6205.67467909, 6202.64320127, 6199.69846765, 6216.38968102, 6237.81630092, 6220.58479591, 6243.33230116, 6267.740115614092, 6282.01128719, 6302.90294142, 6314.70809143, 6317.87487501];2016-10-09 12:00:00;2017-01-01 12:00:00
135;13;median;0.02638136409556497;58.333333333333336;0.02689436847082987;212.72866241544526;0.026894163150817496;176.14741184230772;[6432.1, 6492.9, 6523.6, 6596.4, 6759.9, 6701.7, 6745.7, 6721.2, 6644.0, 6667.8, 6661.7, 6458.5, 6508.5];[6375.86491913, 6392.82069802, 6456.0342138, 6488.43690474, 6447.22381558, 6388.46868355, 6370.94518373, 6410.96795409, 6414.36122026, 6454.84375567, 6495.88499365, 6477.69562303, 6528.07307314];2016-10-09 12:00:00;2017-01-01 12:00:00
136;13;median;0.009755186508909485;66.66666666666667;0.00981884697513158;80.37482417959461;0.009818777698125895;69.58353712769215;[7126.057, 7071.44, 7078.15, 7037.05, 7071.02, 7029.9, 7096.12, 7087.92, 7166.37, 7130.38, 7131.41, 7203.06, 7162.08];[7015.64539512, 7010.02477342, 7020.25184965, 7040.99505066, 7026.15620975, 7024.36257073, 7038.08777943, 7031.42283246, 7045.92872864, 7044.53628025, 7053.35388486, 7050.30357231, 7093.19219138];2016-10-09 12:00:00;2017-01-01 12:00:00
137;13;median;0.0774659009773217;66.66666666666667;0.07412719201355238;31.215256323640347;0.07411698068779211;26.936577556153853;[387.13, 396.14, 404.7, 363.68, 322.02, 328.5, 392.13, 382.78, 364.21, 339.84, 334.59, 363.64, 337.18];[371.92962785, 374.85898677, 384.63745055, 381.53061863, 379.68216632, 379.88001054, 378.11437436, 373.00939643, 374.65576928, 373.57570073, 380.23825272, 378.72773915, 375.21508682];2016-10-09 12:00:00;2017-01-01 12:00:00
138;13;median;0.029221295238729208;58.333333333333336;0.028711270483050402;244.71491620231163;0.028711085300160092;222.57923017384613;[7833.402, 7763.08, 7697.07, 7691.19, 7674.28, 7754.88, 7648.39, 7689.17, 7639.02, 7478.78, 7613.66, 7563.24, 7531.5];[7884.11418713, 7878.44408577, 7910.73986824, 7889.96350149, 7863.72080027, 7867.31088524, 7894.65542646, 7847.81014028, 7841.38144088, 7877.7332871, 7891.65335584, 7933.26399427, 7890.40101929];2016-10-09 12:00:00;2017-01-01 12:00:00
139;13;median;0.0338886866775889;58.333333333333336;0.033166659510183424;305.1757709415661;0.03316645576871995;269.96233569153844;[8220.532, 8159.22, 8101.77, 8054.87, 7996.3, 8083.38, 8040.52, 8071.95, 8003.23, 7818.62, 7948.25, 7926.88, 7868.68];[8237.55794253, 8236.8633506, 8308.07018862, 8291.35824073, 8254.42237472, 8280.23724711, 8277.88708395, 8260.29609117, 8262.46049957, 8303.14888792, 8367.0424717, 8394.37848475, 8329.98950062];2016-10-09 12:00:00;2017-01-01 12:00:00
140;13;median;0.04720120357572463;66.66666666666667;0.045825648826810964;569.658469202724;0.045825438542808586;499.48982074153844;[10971.829, 11241.17, 10370.0, 10322.61, 10592.83, 10873.84, 11160.36, 10316.67, 10680.77, 10809.59, 11455.11, 10315.26, 10644.41];[10965.30451626, 10995.66378349, 11016.87728713, 10844.75623343, 11143.29212989, 11202.65324192, 11508.97064363, 11132.53355048, 11200.84993417, 11460.80416848, 11328.78500621, 11354.43021209, 11336.18457438];2016-10-09 12:00:00;2017-01-01 12:00:00
141;13;median;0.013946625392132829;66.66666666666667;0.014190556336549838;123.01882619796051;0.014190427255841881;78.00592897384628;[5388.424, 5388.93, 5368.95, 5390.96, 5401.97, 5389.98, 5392.11, 5412.92, 5525.45, 5540.92, 5580.59, 5622.11, 5684.54];[5394.63699643, 5387.20763129, 5376.48655218, 5392.16314407, 5396.25218575, 5392.50329672, 5379.929885, 5385.64729781, 5397.15127577, 5402.82334217, 5398.92505753, 5397.2431997, 5407.75903772];2016-10-09 12:00:00;2017-01-01 12:00:00
142;13;median;0.004700699824956803;83.33333333333333;0.004713015264553479;62.53902344428889;0.004712994534832246;53.57678365692314;[11374.106, 11419.08, 11304.46, 11312.03, 11412.35, 11481.37, 11381.15, 11365.37, 11386.84, 11445.25, 11290.92, 11301.3, 11310.58];[11340.35578318, 11336.85940432, 11291.63280812, 11296.17728879, 11338.07836783, 11347.43609593, 11325.37476194, 11300.95515611, 11344.5320045, 11371.14479066, 11346.74877823, 11319.65261295, 11343.43725774];2016-10-09 12:00:00;2017-01-01 12:00:00
143;13;median;0.11882471251887258;16.666666666666668;0.12821787961979972;159.59690807782843;0.12821208653169996;142.00503081692307;[1005.48, 1152.75, 1113.19, 1035.17, 1124.86, 1122.3, 1147.56, 1215.37, 1191.06, 1226.87, 1298.58, 1187.11, 1237.65];[1005.60137681, 1001.04989954, 1005.92807783, 1006.09229371, 1017.88215797, 1019.69613945, 1024.12323559, 1021.43237361, 1022.43299464, 1022.30393356, 1020.82940248, 1022.71997666, 1022.03549115];2014-10-12 12:00:00;2015-01-04 12:00:00
144;13;median;0.13215988471891654;66.66666666666667;0.1444467874970405;1572.5299750233871;0.14444601270363253;1347.8410017414421;[8345.9, 9654.6, 8929.2, 8681.6, 9187.9, 9169.4, 9726.4, 10199.3, 10397.5, 10589.6, 10966.5, 10340.4, 10782.0];[8847.9242947, 8735.62027676, 8593.59444104, 8514.84032675, 8575.4653156, 8407.27429839, 8425.19429201, 8403.6597868, 8394.99216221, 8404.39772834, 8432.81270704, 8389.12890739, 8327.51102973125];2014-10-12 12:00:00;2015-01-04 12:00:00
145;13;median;0.008818071727751658;75.0;0.008876181225666201;73.97720015425682;0.008876116166716455;60.550722299999926;[6801.5412, 6826.213, 6737.471, 6733.834, 6810.25, 6824.878, 6855.421, 6783.048, 6832.483, 6856.145, 6914.958, 6859.368, 6934.528];[6769.00490033, 6768.24853109, 6733.32108104, 6731.48683376, 6761.54702473, 6771.82667384, 6776.89329693, 6755.31615123, 6779.88638529, 6795.06092368, 6792.37011655, 6774.0257489, 6773.99114273];2016-10-09 12:00:00;2017-01-01 12:00:00
146;13;median;0.10592045297939864;50.0;0.09928242274205851;13.501328215020154;0.09924178598782706;12.126177485384622;[120.66, 117.59, 111.32, 110.66, 110.46, 111.68, 120.32, 117.41, 125.32, 121.24, 112.52, 122.99, 118.27];[126.55014096, 127.16998779, 130.33756737, 133.47050242, 131.54832614, 127.71554111, 128.3445871, 129.38158745, 129.04445011, 127.83467535, 127.35832143, 129.67836844, 129.64625164];2016-10-09 12:00:00;2017-01-01 12:00:00
147;13;median;0.07047918613279379;50.0;0.06747706504209323;16.389017075906764;0.06746156786592031;14.689309289230767;[222.63, 218.63, 205.95, 201.16, 204.31, 204.6, 212.82, 209.47, 223.37, 215.24, 206.88, 219.05, 212.55];[227.72992846, 226.5770859, 228.5539338, 228.46473899, 226.88850529, 225.70372084, 225.80095258, 226.03229094, 226.72540965, 225.51292471, 226.03846561, 226.69318499, 226.899879];2016-10-09 12:00:00;2017-01-01 12:00:00
148;13;median;0.03933741910054876;50.0;0.04048645370725772;206.7651517415009;0.04048597762599921;172.16259596999993;[4374.969, 4342.37, 4303.19, 4370.16, 4392.91, 4423.87, 4362.98, 4303.89, 4317.18, 4359.9, 4426.36, 4381.17, 4372.66];[4369.42018827, 4324.49555757, 4300.93386237, 4271.64520626, 4251.86184829, 4198.10670876, 4182.02070447, 4160.83208619, 4133.18535297, 4102.30940243, 4085.39888221, 4064.61641364, 4048.66903896];2016-10-09 12:00:00;2017-01-01 12:00:00
149;13;median;0.016861359558364382;75.0;0.01705057692583937;163.36322806666138;0.017050473191647285;140.13795778307687;[8104.576, 8397.21, 8157.4, 7991.08, 8073.41, 8245.39, 8235.18, 8301.8, 8245.5, 8365.11, 8466.19, 8322.25, 8219.59];[8053.73585855, 8132.94854875, 8069.95796701, 8052.2904571, 8075.66685969, 8111.20503443, 8121.45303787, 8095.91503562, 8114.74982186, 8158.68524247, 8164.78107448, 8142.85792466, 8135.58031991];2016-10-09 12:00:00;2017-01-01 12:00:00
150;13;median;0.011924968928352651;83.33333333333333;0.01201535234108674;86.1997898712486;0.012015258034740735;76.54378607384605;[6364.0443, 6391.976, 6307.152, 6296.818, 6370.959, 6382.491, 6419.123, 6352.659, 6400.765, 6420.155, 6472.322, 6421.251, 6497.262];[6306.2139219, 6309.83541766, 6284.31439838, 6274.39128448, 6315.02818361, 6308.01437873, 6319.41956577, 6316.55728431, 6323.7283545, 6341.37473111, 6358.89085709, 6322.2233803, 6321.9163232];2016-10-09 12:00:00;2017-01-01 12:00:00
151;13;median;0.01371953134806498;41.666666666666664;0.013675371063541867;137.70826066546778;0.013675290430268657;115.98470153538466;[8624.177, 8443.2, 8390.94, 8266.24, 8299.13, 8283.85, 8356.8, 8416.68, 8466.06, 8541.06, 8572.49, 8732.67, 8749.33];[8441.07593461, 8433.8772927, 8424.79564183, 8490.7246264, 8467.75968193, 8485.53434004, 8505.12161562, 8489.51344848, 8575.50840553, 8564.02824093, 8561.31310976, 8555.99625661, 8604.02928712];2016-10-09 12:00:00;2017-01-01 12:00:00
152;13;median;0.02389942155558479;66.66666666666667;0.023970713510842644;86.98117846937564;0.023970309121943204;71.078769986923;[2990.33, 3154.84, 2945.55, 2862.16, 3032.25, 2990.3, 3001.65, 2879.11, 3049.37, 2997.1, 3046.23, 2862.51, 2802.91];[2948.84183028, 2962.85473202, 2949.05125062, 2954.80230338, 2989.73187017, 2971.7341872, 2954.47144584, 2942.55130996, 2985.96662122, 2955.83678555, 2936.33730008, 2925.8641797, 2947.69973853];2016-10-09 12:00:00;2017-01-01 12:00:00
153;13;median;0.02011001808338394;58.333333333333336;0.019838737035634393;193.68562058842997;0.01983861904491542;166.7935287353844;[8643.9, 8597.8, 8504.5, 8468.7, 8454.0, 8415.0, 8361.8, 8296.2, 8313.1, 8300.7, 8219.2, 8228.2, 8136.1];[8651.18300469, 8640.99812195, 8589.16759179, 8553.62191419, 8558.01380003, 8563.75018246, 8518.37604309, 8502.36465546, 8501.58295465, 8529.29820305, 8512.13857553, 8495.22021075, 8491.80061592];2016-10-09 12:00:00;2017-01-01 12:00:00
154;13;median;0.01581955660144415;33.333333333333336;0.015631685513018082;88.70880101905557;0.0156315145450557;71.46063814230784;[4568.001, 4591.74, 4592.62, 4636.82, 4562.67, 4572.28, 4557.9, 4538.75, 4523.75, 4521.02, 4499.58, 4485.14, 4473.5];[4588.7272468, 4593.1116959, 4599.44013728, 4605.75299551, 4606.39777915, 4597.72338198, 4619.27751865, 4626.03987081, 4629.37025951, 4630.09665931, 4631.46634581, 4631.15965976, 4632.0617364];2016-10-09 12:00:00;2017-01-01 12:00:00
155;13;median;0.013614355252211725;66.66666666666667;0.013476236823876796;89.86714617991777;0.01347611204910147;72.77546752615392;[5432.391, 5451.52, 5443.07, 5483.69, 5408.07, 5413.78, 5394.08, 5368.37, 5355.06, 5351.09, 5321.5, 5307.96, 5287.11];[5449.71365791, 5454.48242572, 5451.89301183, 5452.34812184, 5453.10290795, 5453.89493684, 5453.44157453, 5455.81402631, 5454.91979333, 5454.9248017, 5456.17413126, 5455.31180658, 5455.06712572];2016-10-09 12:00:00;2017-01-01 12:00:00
156;13;median;0.0036244402921890395;75.0;0.0036256751675828166;5.975523688868271;0.0036255480596978492;5.1709004530769285;[1431.923, 1435.919, 1422.959, 1423.154, 1432.548, 1438.745, 1428.38, 1425.897, 1427.808, 1431.297, 1415.852, 1416.006, 1416.477];[1428.92925064, 1427.68061547, 1422.80414877, 1422.12893458, 1426.61379404, 1429.27448603, 1424.00650928, 1420.5373479, 1424.96639399, 1428.42062332, 1425.23255791, 1422.07001964, 1424.98623236];2016-10-09 12:00:00;2017-01-01 12:00:00
157;13;median;0.005637248592041039;66.66666666666667;0.00565964032386558;119.6068181273331;0.005659623449691195;94.91403598076934;[16585.796, 16545.69, 16718.18, 16774.2, 16973.97, 16859.12, 16888.19, 16801.33, 16854.51, 16677.41, 16792.37, 16756.94, 16839.65];[16578.91298649, 16589.57691885, 16631.34392873, 16635.48181312, 16697.4712035, 16699.4624375, 16732.40058081, 16731.73079601, 16732.41822694, 16712.56207571, 16738.83907343, 16841.5215038, 16838.99298408];2016-10-09 12:00:00;2017-01-01 12:00:00
158;13;median;0.003736731170145947;75.0;0.0037319436992359675;40.264593815987254;0.00373192357652418;34.60659836230801;[9265.8308, 9320.682, 9198.628, 9181.263, 9248.034, 9273.226, 9311.038, 9229.568, 9282.625, 9295.202, 9366.068, 9272.725, 9316.549];[9269.97062539, 9266.08944477, 9255.13338612, 9237.55012137, 9293.89781677, 9293.19617361, 9302.00423706, 9295.44761696, 9308.48046572, 9315.4277439, 9319.41403947, 9311.47770357, 9310.4233534];2016-10-09 12:00:00;2017-01-01 12:00:00
159;13;median;0.003815781352007871;91.66666666666667;0.0038098604263503222;35.84554362812489;0.003809836812442832;30.734879116922947;[8060.0957, 8112.114, 7987.147, 7969.756, 8043.952, 8072.951, 8110.896, 8034.681, 8093.054, 8099.825, 8169.184, 8075.646, 8114.811];[8050.60813635, 8072.3291999, 8050.94649005, 8024.01702064, 8082.33414141, 8093.58047515, 8102.77580782, 8078.74972287, 8107.35515969, 8118.52468962, 8128.21287015, 8118.79033495, 8110.90729164];2016-10-09 12:00:00;2017-01-01 12:00:00
160;13;median;0.00904820817706027;66.66666666666667;0.00910359180529584;128.83265849197102;0.009103554445179018;110.91466029923085;[12143.281, 12130.04, 12220.91, 12262.51, 12368.93, 12230.26, 12271.89, 12244.95, 12279.44, 12134.14, 12219.63, 12187.07, 12201.34];[12081.20986424, 12071.95123545, 12090.86220378, 12099.20749411, 12100.96559708, 12109.49922725, 12106.9508541, 12116.98924304, 12134.70333828, 12133.36104463, 12134.70110839, 12134.89560259, 12137.20360317];2016-10-09 12:00:00;2017-01-01 12:00:00
161;13;median;0.01763891525313894;41.666666666666664;0.017847037136511597;94.30512598717382;0.017846840179782067;80.86263253769238;[4442.515, 4415.65, 4497.27, 4511.69, 4605.04, 4628.86, 4616.3, 4556.38, 4575.07, 4543.27, 4572.74, 4569.87, 4638.31];[4434.78135072, 4450.48696834, 4455.77065477, 4449.30960457, 4454.879534, 4462.30164328, 4468.98750867, 4477.17064096, 4487.39976366, 4511.20420595, 4508.65790393, 4511.45359015, 4519.02134469];2016-10-09 12:00:00;2017-01-01 12:00:00
162;13;median;0.012298541210031553;83.33333333333333;0.01238849880111524;51.135756761488665;0.012388335551140332;47.00582052461536;[3806.6, 3812.9, 3801.8, 3787.0, 3826.0, 3831.2, 3817.2, 3802.3, 3799.9, 3852.0, 3840.2, 3822.6, 3798.4];[3780.87987112, 3777.95185686, 3776.30535147, 3769.95439097, 3760.64244899, 3777.10453568, 3774.91356173, 3767.12942624, 3762.60387697, 3767.18050051, 3764.61533807, 3755.13551531, 3752.60765926];2016-10-09 12:00:00;2017-01-01 12:00:00
163;13;median;0.010590661184784501;58.333333333333336;0.010538414740512227;283.31205599173376;0.010538393410327498;260.33657536538465;[24833.93, 24489.8, 24338.6, 24343.5, 24912.9, 24582.5, 24607.4, 24469.4, 24810.4, 24637.5, 24451.7, 24591.2, 24827.5];[24638.08606427, 24647.36897885, 24531.01106803, 24565.20822703, 24642.89965428, 24785.60615908, 24860.81811586, 24873.47404012, 24929.76259386, 24967.35577647, 24951.86958862, 24992.13626031, 24963.42039007];2016-10-09 12:00:00;2017-01-01 12:00:00
164;13;median;0.04185183593288959;41.666666666666664;0.040735109971395414;173.7424507118367;0.040734567028386175;152.82968673000002;[3675.7, 3699.6, 3615.7, 3509.8, 3609.7, 3718.0, 3716.1, 3649.0, 3781.0, 3775.7, 3778.5, 3711.7, 3892.7];[3840.14185122, 3817.49302177, 3849.97563395, 3854.5285469, 3841.40157439, 3843.39810126, 3850.08321798, 3858.91979904, 3860.44666814, 3854.5155587, 3865.59632893, 3872.6136191, 3874.52799389];2016-10-09 12:00:00;2017-01-01 12:00:00
165;13;median;0.019945895836998247;83.33333333333333;0.019688935550399064;59.82007883731252;0.0196885611306508;51.76850528615383;[2629.818, 2607.91, 2625.41, 2639.91, 2601.3, 2563.83, 2568.58, 2593.3, 2599.6, 2593.1, 2586.4, 2663.98, 2701.83];[2644.22297879, 2653.25554458, 2653.26492244, 2666.24805251, 2656.56442411, 2644.78151414, 2663.51838078, 2689.96145433, 2671.11210356, 2658.00021129, 2656.42900923, 2664.43674395, 2677.49677099];2016-10-09 12:00:00;2017-01-01 12:00:00
166;13;median;0.023863236942592996;66.66666666666667;0.023546976702150592;76.26616760087903;0.02354658556527949;70.87892149538465;[2997.388, 2977.87, 2986.98, 2990.89, 2962.27, 2935.63, 2940.19, 2958.2, 2977.7, 2970.67, 2964.25, 3035.15, 3091.1];[3031.01325794, 3035.23020336, 3047.31018704, 3049.86187916, 3050.46956293, 3051.1726931, 3046.44501556, 3053.08215366, 3062.07871702, 3051.4489513, 3049.96691753, 3054.8278562, 3055.39341536];2016-10-09 12:00:00;2017-01-01 12:00:00
167;13;median;0.02853245298337622;83.33333333333333;0.02859187091827828;123.37594224785549;0.02859148239708436;105.25058722384622;[3567.271, 3652.93, 3614.77, 3584.42, 3700.76, 3811.42, 3857.31, 3783.4, 3727.36, 3866.92, 3750.27, 3560.46, 3450.5];[3683.22332967, 3690.66881645, 3605.74085089, 3571.90658949, 3592.89598538, 3650.2263087, 3664.31283188, 3678.55726458, 3672.98289472, 3720.63716443, 3677.84399414, 3686.999916, 3677.000456];2016-10-09 12:00:00;2017-01-01 12:00:00
168;13;median;0.040642194333997565;50.0;0.041852845224627504;84.54768251237017;0.041851598032640554;70.23762030846157;[1649.136, 1654.32, 1657.17, 1671.98, 1673.19, 1667.09, 1671.95, 1684.68, 1724.48, 1726.97, 1747.49, 1765.92, 1796.32];[1646.1191188, 1632.45089825, 1632.77393745, 1634.50486723, 1633.27356386, 1613.06142969, 1610.58186562, 1630.52340099, 1629.52807978, 1627.39305935, 1625.69345005, 1627.95475367, 1633.74851125];2016-10-09 12:00:00;2017-01-01 12:00:00
169;13;median;0.020671079122506177;41.666666666666664;0.02099373121794242;93.2624801382651;0.020993441945900478;76.18196418000001;[3593.378, 3600.1, 3605.11, 3626.18, 3631.12, 3625.32, 3631.86, 3645.91, 3674.92, 3680.2, 3698.89, 3719.0, 3754.53];[3591.8009242, 3583.99371466, 3582.88353728, 3589.27630508, 3585.53674179, 3573.09973067, 3570.73589769, 3574.06902985, 3572.72512863, 3566.85395509, 3565.18674371, 3567.40951166, 3572.58124535];2016-10-09 12:00:00;2017-01-01 12:00:00
170;13;median;0.010154241486718691;75.0;0.010220887682930361;70.92630995113262;0.0102208040039996;62.42161748923081;[6104.414, 6112.22, 6095.08, 6100.62, 6117.27, 6120.08, 6088.19, 6084.55, 6119.76, 6132.76, 6176.58, 6188.09, 6213.0];[6063.96272379, 6051.87342175, 6045.56911529, 6060.2118211, 6071.21768768, 6064.6063935, 6060.26951267, 6060.20644124, 6071.90616707, 6072.16828144, 6075.18224841, 6068.56867806, 6075.39048064];2016-10-09 12:00:00;2017-01-01 12:00:00
171;13;median;0.008252459082615408;83.33333333333333;0.008302779716714373;37.278586380585544;0.00830266747809644;30.709484209230876;[3664.4298, 3669.803, 3665.56, 3665.696, 3686.83, 3703.802, 3713.862, 3705.416, 3721.62, 3729.826, 3737.01, 3730.028, 3737.606];[3667.01392656, 3671.56174224, 3662.93759578, 3659.58571236, 3669.34727705, 3672.55326148, 3672.43762085, 3672.14277852, 3677.11475554, 3679.22229685, 3680.38091397, 3674.26034465, 3682.39301703];2016-10-09 12:00:00;2017-01-01 12:00:00
172;13;median;0.06618974705448745;33.333333333333336;0.0678034400054212;349.9771991796899;0.0678025338496543;254.63793233307686;[3696.3, 3536.5, 3504.4, 3481.7, 3684.6, 3749.7, 3684.8, 4354.7, 3618.1, 4381.4, 3985.8, 3381.9, 3209.2];[3441.05640718, 3415.46282647, 3476.54338924, 3508.94171191, 3575.37993859, 3639.70970199, 3725.72839974, 3638.8206204, 3673.30671566, 3671.30977912, 3648.08951125, 3656.23618529, 3734.75228197];2016-10-09 12:00:00;2017-01-01 12:00:00
173;13;median;0.005948398843509343;75.0;0.005926820630717422;20.401695949984937;0.005926715196892949;16.658307909999937;[2822.634, 2821.43, 2817.06, 2780.74, 2789.52, 2808.83, 2796.61, 2788.11, 2823.77, 2797.97, 2834.5, 2830.6, 2835.47];[2810.80900828, 2816.71252704, 2814.69928857, 2814.18715657, 2815.11059256, 2818.42832044, 2826.00056977, 2825.80447892, 2827.29527951, 2825.04844848, 2825.05536495, 2822.70433907, 2821.48031551];2016-10-09 12:00:00;2017-01-01 12:00:00
174;13;median;0.009729050173359613;66.66666666666667;0.009797420763660653;38.72968945691969;0.009797271960789878;32.253815230769234;[3258.4667, 3263.634, 3258.817, 3258.677, 3281.544, 3297.675, 3307.677, 3300.658, 3316.787, 3324.622, 3332.363, 3324.696, 3332.728];[3263.08384173, 3261.93597082, 3251.9930887, 3251.70028218, 3263.97284481, 3267.24537661, 3264.8676725, 3261.8291703, 3276.11461432, 3271.16706954, 3273.24399483, 3270.78846838, 3270.33699074];2016-10-09 12:00:00;2017-01-01 12:00:00
175;13;median;0.028373452590434542;75.0;0.02792006787743823;75.8760888236212;0.027919515024455534;70.50201552999998;[2549.213, 2475.26, 2459.08, 2490.54, 2515.97, 2480.48, 2485.86, 2469.92, 2502.86, 2485.63, 2467.43, 2481.02, 2574.63];[2526.18005906, 2535.51086283, 2528.48400286, 2547.29793172, 2555.82025692, 2557.90510812, 2571.9342049, 2568.15478201, 2580.95316206, 2569.2342876, 2579.82867091, 2589.42889068, 2597.62110034];2016-10-09 12:00:00;2017-01-01 12:00:00
176;13;median;0.030133374782822384;66.66666666666667;0.030683924869253205;237.19587204772475;0.03068369795441115;207.48603397999997;[6695.8, 6817.0, 6581.7, 6559.6, 6994.5, 6919.5, 7022.6, 6730.5, 6817.8, 7027.7, 6955.2, 6793.9, 6499.6];[6582.94927556, 6601.68233832, 6615.8243752, 6620.37606478, 6641.94453767, 6631.58383387, 6642.52040664, 6637.46319427, 6631.86776806, 6659.46126407, 6655.65465308, 6632.17558109, 6644.82085439];2016-10-09 12:00:00;2017-01-01 12:00:00
177;13;median;0.06285808017004052;66.66666666666667;0.060820285166348076;91.1250703542455;0.06081819577430563;88.52729154846155;[1429.3, 1402.7, 1403.1, 1382.0, 1432.0, 1448.2, 1450.5, 1444.4, 1430.8, 1414.0, 1399.9, 1374.3, 1381.6];[1502.12952847, 1499.06501968, 1504.84387591, 1507.36903914, 1504.71807505, 1502.97814292, 1508.489388, 1514.1798848, 1513.91491893, 1503.07528403, 1495.76879692, 1491.26480044, 1495.85803584];2016-10-09 12:00:00;2017-01-01 12:00:00
178;13;median;0.007116839197076275;58.333333333333336;0.0071602986370858795;25.536311978296737;0.0071601673264129785;19.52214263769233;[2709.779, 2713.39, 2711.95, 2713.77, 2713.77, 2722.18, 2721.67, 2737.86, 2723.28, 2754.11, 2756.24, 2751.53, 2745.86];[2709.52504029, 2710.69187705, 2708.80721574, 2708.23337555, 2708.57248301, 2707.94026184, 2709.6024229, 2709.79758189, 2707.43638713, 2709.49489353, 2710.43210444, 2710.71325221, 2710.35425013];2016-10-09 12:00:00;2017-01-01 12:00:00
179;13;median;0.01113206540661927;66.66666666666667;0.011233151077345432;104.27582265984466;0.011233074010805996;81.86663497615372;[7299.42, 7307.94, 7291.58, 7297.69, 7312.24, 7315.34, 7284.5, 7280.26, 7316.23, 7330.77, 7375.17, 7388.38, 7415.41];[7270.08681542, 7260.66181613, 7245.59950936, 7263.94436876, 7283.82275696, 7273.87120819, 7258.69835236, 7253.98250395, 7200.81210192, 7216.33443731, 7222.61099972, 7185.03077724, 7215.20809799];2016-10-09 12:00:00;2017-01-01 12:00:00
180;13;median;0.015185429109777908;50.0;0.015329583317892172;152.16613910583413;0.015329497212516523;136.45989005615368;[8859.673, 8863.5, 8867.55, 8852.3, 8897.4, 8915.51, 8942.89, 9002.82, 9002.66, 9020.31, 9033.94, 9050.97, 9041.96];[8794.03374802, 8804.50662534, 8794.96273763, 8807.71374357, 8814.21463601, 8820.69015922, 8820.70663444, 8816.26339126, 8824.90623652, 8820.64197023, 8819.70357976, 8822.28519271, 8816.87577456];2016-10-09 12:00:00;2017-01-01 12:00:00
181;13;median;0.12897301259255045;41.666666666666664;0.13894093347791944;198.86133771513514;0.13893578384454272;187.49259413461536;[1375.3, 1376.8, 1377.8, 1382.1, 1392.3, 1392.1, 1472.6, 1476.2, 1488.5, 1487.9, 1491.4, 1494.2, 1492.8];[1328.69659527, 1261.8999258, 1222.76594532, 1232.61922363, 1262.63832795, 1250.22205246, 1249.74705274, 1239.85569189, 1226.10836748, 1233.28519922, 1272.22844445, 1263.39802592, 1219.13142412];2014-10-12 12:00:00;2015-01-04 12:00:00
182;13;median;0.01905475720877948;50.0;0.019274207164396692;130.41358913869755;0.01927405112224325;119.03842750384614;[6149.894, 6150.11, 6155.6, 6138.53, 6183.63, 6193.33, 6221.22, 6264.96, 6279.38, 6266.2, 6277.7, 6299.44, 6296.1];[6082.9102603, 6093.8052458, 6088.67642265, 6097.14478162, 6105.37219773, 6107.19250629, 6110.01150279, 6102.56432383, 6105.06820781, 6109.56513998, 6109.74186696, 6106.84195469, 6109.700032];2016-10-09 12:00:00;2017-01-01 12:00:00
183;13;median;0.007272723354822047;83.33333333333333;0.007310953561085211;40.82007254817489;0.007310874970946883;34.005433613845945;[4617.5212, 4622.402, 4618.642, 4618.395, 4642.408, 4655.815, 4667.141, 4665.69, 4673.901, 4688.093, 4691.17, 4685.57, 4695.057];[4607.51136315, 4618.13625526, 4610.65482834, 4616.51486311, 4623.68081344, 4632.94348251, 4623.03998199, 4621.16595613, 4624.68992959, 4626.6541389, 4635.36429957, 4627.54106054, 4631.83759049];2016-10-09 12:00:00;2017-01-01 12:00:00
184;13;median;0.006520879041215135;58.333333333333336;0.006554087631108666;33.82226302307007;0.006554007927512229;26.94724621230762;[4072.7233, 4076.188, 4069.913, 4070.042, 4094.539, 4108.687, 4119.744, 4116.913, 4129.048, 4145.197, 4147.169, 4139.36, 4147.867];[4073.52071725, 4083.9382091, 4071.64604976, 4074.21857347, 4086.87146971, 4089.60251861, 4087.23631888, 4084.39656546, 4094.39908439, 4090.74742755, 4090.32069931, 4094.81454423, 4094.27842068];2016-10-09 12:00:00;2017-01-01 12:00:00
185;13;median;0.01420301490872158;50.0;0.014357673045880263;31.214209983358295;0.014357265411392768;25.28502600461542;[1748.375, 1751.22, 1751.02, 1745.18, 1741.27, 1748.73, 1765.75, 1777.61, 1775.46, 1783.09, 1789.27, 1794.1, 1794.38];[1740.59996592, 1740.18559143, 1738.36172577, 1739.48111125, 1741.53348941, 1742.48782562, 1741.7571838, 1741.91894205, 1741.10587747, 1743.3991694, 1742.12470762, 1742.03623729, 1742.28481373];2016-10-09 12:00:00;2017-01-01 12:00:00
186;13;median;0.07328911893895894;58.333333333333336;0.07651041446854603;73.4101342909311;0.07650615126656016;68.67981701153845;[942.8, 948.4, 944.3, 940.1, 945.4, 960.0, 936.4, 939.7, 939.3, 934.4, 920.4, 913.7, 937.7];[915.23415276, 915.63872246, 908.79620145, 896.15783154, 886.38462462, 878.20824044, 871.58096578, 856.958957, 845.29147275, 845.06516445, 831.04002023, 834.70818055, 824.69784482];2016-10-23 12:00:00;2017-01-15 12:00:00
187;13;median;0.013574058368762605;50.0;0.013478133219424863;36.7099020815982;0.01347782786674631;29.74757214384618;[2235.0, 2247.0, 2197.0, 2225.0, 2192.0, 2240.0, 2149.0, 2191.0, 2159.0, 2176.0, 2252.0, 2201.0, 2227.0];[2246.02001269, 2259.28006539, 2235.82217462, 2221.94225044, 2220.91766863, 2250.77760421, 2211.26872535, 2207.13214324, 2216.93005626, 2239.78591687, 2199.48330062, 2219.54817519, 2216.33855352];2016-10-23 12:00:00;2017-01-15 12:00:00
188;13;median;0.08177190211401214;50.0;0.08618815468428152;204.88422576150606;0.0861861021697664;181.05400849384617;[2128.0, 2141.0, 2165.0, 2108.0, 2221.0, 2365.0, 2180.0, 2244.0, 2272.0, 2246.0, 2038.0, 1965.0, 2069.0];[2020.8987581, 2010.58050998, 2000.87685227, 2010.3238879, 1994.710319, 2015.38217123, 1969.97797856, 1977.23465703, 1968.7592173, 1965.63977591, 1958.60528998, 1948.38224863, 1946.92622369];2016-10-23 12:00:00;2017-01-15 12:00:00
189;13;median;0.014259754060189343;50.0;0.014288338607000066;7.664197113948607;0.014286705774732482;6.257244556923087;[456.6855011, 460.7204403, 453.8686316, 441.8651676, 445.577063, 453.0822772, 437.6623557, 439.8819108, 430.3451587, 426.0420738, 419.6364978, 411.3800853, 418.5663313];[448.00250611, 449.72574052, 449.24792419, 444.37456093, 440.91843988, 439.93953431, 438.61877827, 431.72427579, 429.22966275, 424.95568501, 425.89580472, 426.09051712, 423.01566796];2016-10-23 12:00:00;2017-01-15 12:00:00
190;13;median;0.07772664245073137;58.333333333333336;0.08183962809291381;662.8415213515023;0.08183904696406122;576.5430346753848;[6635.2293, 6711.3531, 6879.4553, 7031.4599, 7280.6471, 7287.6782, 7199.4766, 7075.0888, 7495.1075, 7853.2658, 7738.1914, 7432.3491, 7384.1148];[6657.09286794, 6556.37700014, 6652.89190045, 6657.88992733, 6652.19384652, 6619.64533636, 6694.28344709, 6690.52128527, 6665.77035401, 6690.56591343, 6689.07750978, 6670.22403728, 6655.5511595];2016-10-23 12:00:00;2017-01-15 12:00:00
191;13;median;0.03082967699462512;58.333333333333336;0.0299091236492007;46.68788913086562;0.029907780776133732;33.31454884692303;[1160.330918, 1165.783708, 1130.218848, 1144.012678, 1116.237318, 1143.744038, 1056.720308, 1119.294178, 1064.618758, 1048.372548, 1135.591008, 1105.256478, 1120.579848];[1150.51861542, 1165.37588208, 1158.6451925, 1150.87238722, 1127.85423113, 1148.31917791, 1142.1164046, 1142.28639593, 1144.8247424, 1148.78302709, 1143.56289964, 1147.97415185, 1152.27640424];2016-10-23 12:00:00;2017-01-15 12:00:00
192;13;median;0.02445238293992225;50.0;0.024768794103220707;184.48795348706858;0.024768584169862884;146.13248664687777;[5897.9498, 5780.9284, 5693.2279, 5734.5912, 5836.8002, 5884.0807, 5840.0028, 5820.8905, 5977.0669, 6176.512, 6055.0658, 6023.6219, 6056.9425];[5954.81946952, 5927.57122243, 5858.22525999, 5867.50368814, 5826.50656904, 5844.24377534, 5814.777990380295, 5818.54203395, 5814.777990380295, 5814.34786968, 5770.85650554, 5792.0373108, 5776.59326856];2016-10-23 12:00:00;2017-01-15 12:00:00
193;13;median;0.026803932296851598;41.666666666666664;0.027274608951137334;15.452614134473738;0.027271844909422253;13.456423213846161;[483.26481, 501.30087, 495.69513, 505.966605, 490.018459, 506.016419, 506.059303, 488.243623, 494.494998, 507.554868, 508.900208, 491.403635, 498.588915];[488.4031126, 488.95344057, 483.2182438, 477.23886622, 479.86179293, 492.76109627, 482.52404204, 485.23843178, 487.78565461, 489.34311857, 486.62980662, 486.72850139, 484.16483902];2016-10-23 12:00:00;2017-01-15 12:00:00
194;13;median;0.08536200718234561;33.333333333333336;0.08948299152038591;87.10980845828124;0.08947821155525149;83.768729;[984.43264, 1007.22011, 977.57691, 956.13304, 989.18684, 978.19025, 972.65437, 932.85298, 995.85932, 965.36357, 978.65649, 978.76934, 995.1377];[908.96246094, 894.95145532, 894.27114033, 867.72458326, 863.16221988, 885.41598534, 872.43743621, 898.50089166, 905.3740154, 914.96583735, 913.87326615, 907.94346507, 895.45732609];2016-10-23 12:00:00;2017-01-15 12:00:00
195;13;median;0.1825135058979983;33.333333333333336;0.20453734308569185;1982.721826026392;0.2045361999888288;1832.1333178392345;[9829.0437, 9985.4137, 10293.6715, 10359.0839, 9848.4779, 9843.3371, 9851.5289, 10083.1847, 9901.8945, 10063.8348, 9912.0124, 9947.1883, 10295.3118];[9463.11911406, 9193.97412548, 8867.47705797, 8657.25513891, 8638.68748134, 8444.14142507, 7957.75170367, 7883.64527156, 7808.02963398, 7614.63351173, 7497.17691406, 7249.72795824, 7120.630732019947];2016-10-23 12:00:00;2017-01-15 12:00:00
196;13;median;0.0675356010246755;41.666666666666664;0.07015292787361435;241.28318058875578;0.07015185728949846;229.94337001538463;[3349.318574, 3535.511928, 3464.898719, 3501.769843, 3412.296678, 3438.179535, 3346.9989, 3340.722945, 3385.474665, 3372.953029, 3373.89518, 3370.010094, 3361.798917];[3316.18739648, 3311.10765121, 3265.33509681, 3254.46430834, 3227.54763217, 3185.30136475, 3185.38663606, 3123.40863696, 3090.92189203, 3115.79435369, 3071.10699103, 3065.64176751, 3052.36146976];2016-10-23 12:00:00;2017-01-15 12:00:00
197;13;median;0.05260608132132617;41.666666666666664;0.05422834591050889;150.76293829330822;0.054227242005365626;133.24278345;[2494.02866, 2504.633975, 2516.196395, 2459.919613, 2562.934537, 2680.654134, 2526.370987, 2563.657085, 2549.711739, 2523.642748, 2295.089991, 2323.388696, 2404.942722];[2409.0953082, 2382.84704833, 2371.25832552, 2385.04005398, 2367.91863143, 2381.41347108, 2352.65592915, 2378.84350944, 2394.42515959, 2386.50351168, 2391.96639418, 2372.3287153, 2390.35188423];2016-10-23 12:00:00;2017-01-15 12:00:00
198;13;median;0.05664895292569983;50.0;0.057041053653287745;51.56902423879841;0.05703743737688924;45.059352045384635;[853.411584, 717.379492, 739.09963, 715.596157, 753.511419, 764.419871, 759.384134, 791.933924, 759.283655, 774.301921, 848.021256, 804.524732, 889.772763];[794.16915903, 780.78576129, 758.4484106, 751.74544116, 799.46296556, 794.92935594, 792.04089195, 778.14140781, 805.37001955, 787.21402834, 768.70725207, 761.01659161, 786.87886728];2016-10-23 12:00:00;2017-01-15 12:00:00
199;13;median;0.0931302799603897;66.66666666666667;0.08851921203138985;201.95390219558502;0.08851649403270596;145.98937070615386;[1847.36095, 1741.76012, 1857.16426, 1737.89313, 1834.76119, 1945.47024, 1795.47817, 1859.5506, 1993.599, 1853.21632, 1763.33719, 1134.09872, 1700.70876];[1620.33789675, 1591.42733479, 1627.1172906, 1679.64162905, 1729.81882353, 1720.11084858, 1747.08524552, 1803.76819016, 1830.04907987, 1834.35035704, 1702.9458465, 1683.38826312, 1695.07511155];2016-10-23 12:00:00;2017-01-15 12:00:00
200;13;median;0.18600461576485852;41.666666666666664;0.20635615876288504;378.3395603452683;0.20635037217156116;368.14410739107893;[1967.0, 2006.0, 2007.0, 1992.0, 1974.0, 1963.0, 1958.0, 1941.0, 1986.0, 1972.0, 1970.0, 1973.0, 2025.0];[1825.7341772, 1747.82497879, 1680.41536259, 1596.31317684, 1491.35822926, 1485.5906006346718, 1549.441519271302, 1590.51883366, 1579.24852549, 1615.15241215, 1602.98545323, 1590.45336559, 1593.08996921];2016-10-23 12:00:00;2017-01-15 12:00:00
201;13;median;0.04204398593579888;41.666666666666664;0.04307690683020245;187.97419246199286;0.04307638010562434;176.17542072161567;[4203.0, 4253.0, 4204.0, 4217.0, 4166.0, 4203.0, 4106.0, 4133.0, 4145.0, 4147.0, 4222.0, 4175.0, 4252.0];[4062.13908394, 4052.323814159852, 4052.253590316418, 4052.183366472984, 4052.1131426295497, 3878.75962053, 3860.36948176, 3948.9792275544123, 4051.8322472558134, 4051.762023412379, 3969.83100498, 4051.621575725511, 4051.5513518820767];2016-10-23 12:00:00;2017-01-15 12:00:00
202;13;median;0.07407796655284402;41.666666666666664;0.06973990475828508;446.48208294286974;0.06973921724122006;354.1995801515384;[5510.0, 5380.0, 5370.0, 5260.0, 5250.0, 5110.0, 5260.0, 5050.0, 4770.0, 4630.0, 4340.0, 4720.0, 5060.0];[5527.10070424, 5518.48708619, 5535.01542638, 5482.20717914, 5402.30651418, 5430.47168432, 5373.30345189, 5391.02550516, 5353.68633992, 5323.42739913, 5333.05510294, 5324.02670927, 5320.48143921];2016-10-23 12:00:00;2017-01-15 12:00:00
203;13;median;0.002208992751491744;66.66666666666667;0.0022071322870211713;19.455179338405937;0.00220711724074133;16.18819859153861;[7304.0, 7318.9, 7362.3, 7295.9, 7296.4, 7304.9, 7339.5, 7345.8, 7326.6, 7325.2, 7360.2, 7382.9, 7378.7];[7305.78083388, 7340.11037079, 7360.57488466, 7321.93429491, 7321.73466967, 7340.65132057, 7347.02256963, 7338.44478156, 7337.61142069, 7347.71543648, 7363.23464066, 7357.56718955, 7356.86211982];2015-08-23 12:00:00;2015-11-15 12:00:00
204;13;median;0.048843738660086136;83.33333333333333;0.050424649610952936;774.619692127209;0.050424462177998036;678.70692293;[12491.95, 13013.34, 13209.75, 12981.0, 13537.85, 13132.64, 13691.5, 13967.95, 13867.98, 13856.59, 14381.13, 14510.66, 14226.31];[12453.68568144, 12716.0367446, 12839.12654159, 12804.7827363, 12566.25367566, 12814.51030666, 12974.09543674, 13048.40242806, 13004.15533589, 12971.55702707, 13148.64403166, 13388.92708066, 13315.28297558];2016-11-27 12:00:00;2017-02-19 12:00:00
205;13;median;0.1014794514527287;75.0;0.10819857818636715;145.45125291755227;0.10819362214983792;118.55779704;[1050.5, 1093.4, 1222.0, 1223.7, 1043.1, 930.1, 1070.1, 1341.0, 966.5, 1052.4, 938.6, 1193.9, 1217.3];[995.67728527, 1006.48770644, 1008.49038961, 1041.89024385, 1013.72470539, 1010.71195735, 1003.26230209, 1021.98088172, 1006.62509532, 994.84336587, 991.36994227, 1030.32263183, 1022.97612135];2016-11-27 12:00:00;2017-02-19 12:00:00
206;13;median;0.13689502345776536;58.333333333333336;0.15388593881444027;3011.7033865804583;0.15388538909203903;2178.321085327554;[11744.3, 11322.8, 11200.7, 12733.5, 14568.8, 20567.8, 16736.3, 13883.6, 13380.5, 13299.4, 15151.2, 14482.4, 14773.8];[10789.184958289332, 11311.40622168, 11339.20897693, 11736.43650204, 11978.69872497, 12389.454699962465, 12264.93755012, 12329.78181321, 12241.98469215, 12202.47741206, 12377.76255829, 12443.32372777, 12399.28600713];2016-11-27 12:00:00;2017-02-19 12:00:00
207;13;median;0.08028564660827965;75.0;0.07862656807669041;2396.0964899848154;0.07862641429249025;2021.004722807693;[29018.3, 25380.9, 24903.8, 27184.9, 23801.6, 22076.0, 21381.2, 24022.8, 28176.7, 30520.0, 23750.7, 25196.6, 29393.0];[27680.35326912, 25158.80808151, 25071.8096746, 25203.20565943, 26988.99422187, 25306.05709965, 25270.84100314, 25701.34354454, 27262.97916583, 26591.83361275, 25949.34163795, 25751.26689043, 26410.51288704];2016-11-27 12:00:00;2017-02-19 12:00:00
208;13;median;4026001632.050918;0.0;1.4068173938677946;35214866236220.41;1.4068160365443971;15879275118951.424;[4185.45, 4185.45, 4185.45, 4185.45, 4185.45, 3944.18, 3944.18, 3944.18, 3944.18, 3944.18, 3944.18, 3944.18, 3944.18];[4029.90655, 8178.25645, 4986.50284, 414479.343, 5888.14606, 42191533.6, 14242.3526, 116172542000.0, 43987153200.0, 26832066500000.0, 4522947260000.0, 93899904600000.0, 81015455900000.0];2016-11-27 12:00:00;2017-02-19 12:00:00
209;13;median;0.12528230868884022;66.66666666666667;0.13496143974948444;1261.9827346688576;0.1349606606493554;1169.4907885507694;[8204.21, 8496.79, 8690.18, 8796.65, 9308.62, 8889.88, 9285.78, 9353.08, 9523.59, 9788.87, 9638.59, 9552.7, 9535.58];[7941.66946163, 8016.95683177, 8039.19208906, 7980.92548579, 8006.94683424, 7972.18611217, 8008.57966592, 7998.4914635, 7938.74110315, 7968.34852271, 8004.78497091, 7992.82579613, 7991.49141186];2016-11-27 12:00:00;2017-02-19 12:00:00
210;13;median;0.012778425061185929;75.0;0.012916697023534256;342.8324777399321;0.012916665111285867;261.50741983538376;[19138.99, 19322.67, 19505.88, 19671.03, 19823.39, 19748.99, 19869.76, 20103.52, 20304.31, 20497.56, 20640.15, 20839.37, 21017.61];[19139.77882621, 19230.99508347, 19358.61236492, 19507.88556424, 19660.79632525, 19796.3045894, 19745.60795569, 19889.984191, 20030.94459157, 20127.30724867, 20250.19582163, 20220.40261339, 20221.02519792];2016-11-27 12:00:00;2017-02-19 12:00:00
211;13;median;0.04062942402783694;66.66666666666667;0.04181935660484789;283.3739588998609;0.04181899061002736;238.9283005715385;[5461.05, 5465.87, 5464.51, 5474.37, 5898.01, 5958.73, 5908.25, 5890.65, 5889.96, 5886.71, 5863.1, 5846.83, 5831.24];[5448.19955476, 5463.03429284, 5485.38015763, 5491.16788962, 5559.30522561, 5557.77283702, 5550.6905446, 5537.08633641, 5561.64550616, 5554.49067224, 5544.82436237, 5512.05761891, 5542.8931889];2016-11-27 12:00:00;2017-02-19 12:00:00
212;13;median;0.04709143727921628;50.0;0.04648947872634435;199.64303710718954;0.0464887943100233;158.08206987652557;[3232.2, 3400.7, 3606.0, 3686.4, 3553.5, 3071.9, 3189.4, 3471.8, 3135.3, 3578.1, 3467.9, 3637.1, 3466.0];[3284.46630336, 3387.27481259, 3410.46190408, 3387.52073022, 3405.14291552, 3395.59340854, 3481.87774793, 3487.36721627, 3488.83213051, 3437.0346449251674, 3461.17963141, 3469.63817102, 3512.08291155];2016-11-27 12:00:00;2017-02-19 12:00:00
213;13;median;0.026571661542375617;66.66666666666667;0.02691875751903166;64.31817118284442;0.02691803065743983;49.87078295846151;[1824.5, 1743.9, 1794.0, 1809.4, 1827.3, 1908.2, 1847.0, 1751.8, 1898.1, 1880.5, 1978.2, 1886.8, 1902.4];[1818.13971827, 1802.84071581, 1797.68972211, 1813.39433324, 1826.5511898, 1833.02396337, 1823.6679555, 1830.08895061, 1832.18104561, 1829.87572947, 1830.76494367, 1832.36984145, 1823.01915617];2016-11-27 12:00:00;2017-02-19 12:00:00
214;13;median;0.030629663083831884;50.0;0.031265722880489455;87.0716935314669;0.03126507448507951;75.38236503230782;[2366.43, 2369.53, 2390.59, 2419.53, 2406.42, 2491.02, 2478.39, 2482.26, 2470.39, 2449.71, 2447.86, 2447.49, 2469.36];[2368.2646368, 2364.39114079, 2359.15530117, 2371.97896787, 2371.48949239, 2363.39459452, 2357.07107244, 2361.15613803, 2358.71881142, 2359.00737122, 2359.16352849, 2359.19387796, 2359.69359508];2016-11-27 12:00:00;2017-02-19 12:00:00
215;13;median;0.028903747079341964;50.0;0.029448483184382347;106.25535109339341;0.02944802060058255;93.7365839776923;[3140.68, 3143.77, 3165.33, 3194.56, 3177.71, 3278.54, 3265.51, 3269.02, 3257.17, 3236.28, 3234.39, 3231.67, 3247.35];[3139.32970756, 3132.1406827, 3124.44609122, 3123.39855918, 3121.5773311, 3119.64670638, 3122.54329064, 3123.30596662, 3127.62123375, 3123.25158789, 3121.40658236, 3120.10392659, 3124.6327423];2016-11-27 12:00:00;2017-02-19 12:00:00
216;13;median;0.029350524034153155;25.0;0.029586848707869533;385.67617843499977;0.02958669460810036;284.083127090272;[9877.09, 9890.943, 9890.0, 9800.0, 9897.0, 9700.0, 9000.0, 9700.0, 9907.7, 9907.0, 9700.0, 9910.0, 9900.0];[9840.9030199, 9822.74291092, 9764.11398723, 9729.668858163406, 9733.47622774, 9774.92315151, 9792.792203586943, 9644.40610904, 9259.63341967, 9425.79325896, 9563.37801555, 9263.18605244, 9507.06584331];2015-03-08 12:00:00;2015-05-31 12:00:00
217;13;median;0.10754767830257285;50.0;0.11532415877710699;1180.350025084719;0.11532352212836867;1045.8575490000003;[9932.821, 9936.393, 9000.0, 9700.0, 9943.0, 9700.0, 9940.001, 9700.0, 9948.552, 9951.79, 9000.0, 9945.0, 9000.0];[9664.87110905, 9354.61067232, 9353.34500676, 8953.90459478, 9125.77976246, 8924.85688662, 8618.60356303, 8438.99866128, 8275.43273613, 8320.16104455, 8185.80992237, 7690.18572265, 7901.53919452];2015-05-24 12:00:00;2015-08-16 12:00:00
218;13;median;0.0008270256474467825;100.0;0.0008275455599868473;1.3617688530264478;0.0008275070764799252;0.8898653664044175;[1091.0, 1084.0, 1077.0, 1070.0, 1063.0, 1056.0, 1092.0, 1085.0, 1078.0, 1071.0, 1064.0, 1057.0, 1050.0];[1092.0, 1085.0, 1077.91647195, 1070.93818686, 1059.63135243811, 1056.37613515, 1089.09747709, 1084.95128695, 1078.00346759, 1070.75116754, 1064.6280890613677, 1057.01779518, 1050.11938799];2011-04-03 12:00:00;2011-06-26 12:00:00
219;13;median;0.0006125848377487848;100.0;0.0006127148627455046;1.417315398143406;0.0006126978626824184;1.1042053810100907;[1820.0, 1813.0, 1806.0, 1799.0, 1792.0, 1785.0, 1820.0, 1813.0, 1806.0, 1799.0, 1792.0, 1785.0, 1778.0];[1820.05984755, 1811.60279384612, 1805.16053838, 1798.6857336, 1792.20493772, 1785.51654853, 1817.60216313, 1810.65316576, 1803.83001975, 1798.8688178107489, 1793.15788985, 1785.47401278, 1780.3446658];2010-10-17 12:00:00;2011-01-09 12:00:00
220;13;median;0.04232754836321769;66.66666666666667;0.04273299558655513;366.57034463576326;0.04273270355577921;312.81157784076925;[7743.8, 7448.1, 6802.5, 6961.8, 7160.7, 7338.7, 6925.2, 7142.4, 7651.6, 7691.4, 7589.4, 7706.7, 7590.4];[7489.08983103, 7496.69563621, 7365.83329307, 7323.67364894, 7224.68180335, 7239.67969655, 7198.48312227, 7163.35540685, 7181.97947173, 7186.81791468, 7160.05405973, 7166.54633573, 7153.30508931];2015-04-05 12:00:00;2015-06-28 12:00:00
221;13;median;0.0860959414474258;58.333333333333336;0.08886086721914346;790.0244635507669;0.08886029794519296;694.0399425807692;[7727.1, 7515.8, 7002.1, 7245.4, 7361.2, 7562.2, 7879.1, 8082.1, 8025.9, 8605.0, 8503.5, 8405.7, 8763.5];[8018.31130712, 7966.97697613, 7871.46365736, 7774.05379898, 7677.59340291, 7720.40540862, 7534.19172821, 7367.34897604, 7410.45175667, 7467.25027569, 7403.82731891, 7299.98184465, 7374.2333974];2015-04-05 12:00:00;2015-06-28 12:00:00
222;13;median;0.011252309782566389;75.0;0.011291207200175485;404.59983287619235;0.011291186658488052;310.3793880461543;[26994.0, 26695.0, 28522.0, 27712.0, 27511.0, 27231.0, 27409.0, 27856.0, 27639.0, 26848.0, 27687.0, 27342.0, 27494.0];[27377.79842372, 27197.38982005, 27487.56153705, 27378.16258675, 27367.83221446, 27363.64642019, 27440.83629159, 27441.73960581, 27512.47597059, 27309.80595506, 27381.59036473, 27419.00538052, 27406.18796714];2017-07-23 12:00:00;2017-10-15 12:00:00
223;13;median;0.1262176936272758;58.333333333333336;0.13859464678444575;326.0829508253166;0.13859097925168146;263.3038146023077;[1706.741, 1739.879, 1741.962, 1763.156, 1740.79, 1857.234, 1746.231, 2071.371, 1997.189, 2097.67, 2111.099, 2253.543, 2460.929];[1668.83251459, 1644.00275064, 1608.66161776, 1661.59920662, 1684.80122344, 1636.70605878, 1633.76845415, 1640.33656139, 1715.33008008, 1716.0482337, 1727.96960147, 1749.72604223, 1777.06206532];2016-10-09 12:00:00;2017-01-01 12:00:00
224;13;median;0.05049879409015274;41.666666666666664;0.052610673845279766;189.86027763493433;0.05260948564326139;117.50334408461542;[1930.9, 1929.5, 1958.5, 1935.1, 1926.6, 2119.8, 1982.7, 2016.5, 2039.6, 2311.4, 2792.7, 2319.2, 2147.7];[1965.40131071, 1968.14953526, 2010.48247238, 1973.32079173, 2069.11364539, 2037.07958989, 2059.92956834, 2054.87141695, 2075.22707914, 2120.36917271, 2184.94790062, 2191.5717164, 2209.01603282];2016-10-23 12:00:00;2017-01-15 12:00:00
225;13;median;0.04603187436347971;58.333333333333336;0.044600778447473725;138.1373353406422;0.04459992993245037;117.26722966615381;[2865.2, 2798.5, 2576.4, 2805.7, 2486.0, 2628.3, 2494.4, 2560.8, 2487.5, 2543.0, 2524.4, 2603.3, 2591.2];[2852.73700523, 2840.63451393, 2797.56712101, 2777.71193162, 2712.58138792, 2720.77983531, 2702.42128985, 2702.89668694, 2670.15840659, 2660.85840905, 2660.89091996, 2642.72572785, 2666.3086241];2016-10-23 12:00:00;2017-01-15 12:00:00
226;13;median;0.08530182225254192;50.0;0.09145071121491431;190.68619431411142;0.09144785239816391;146.90267019230768;[1365.7, 1392.9, 1389.1, 1439.9, 1431.2, 1665.4, 1561.1, 1606.1, 1570.6, 1804.3, 1935.1, 1801.3, 1744.1];[1329.36634449, 1349.78375586, 1374.96027172, 1382.43876998, 1420.82935854, 1438.46391199, 1444.39089228, 1473.41678382, 1495.39843647, 1492.16592957, 1536.02710105, 1520.12323873, 1539.700493];2016-10-23 12:00:00;2017-01-15 12:00:00
227;13;median;0.05681761797174681;50.0;0.059016314208977426;573.4677136567971;0.05901596214724563;494.8679584523077;[8171.0, 8157.0, 8180.0, 8378.0, 8086.0, 8624.0, 8408.0, 8643.0, 8586.0, 8856.0, 8908.0, 9137.0, 8873.0];[7851.2425506, 7953.01125238, 7868.23853267, 8036.33445923, 8149.12951231, 8177.99398575, 8202.77614651, 8129.33079815, 8087.42573495, 8110.79846934, 8050.64270185, 8092.73925072, 7990.31217028];2016-10-23 12:00:00;2017-01-15 12:00:00
228;13;median;0.05545626100544154;25.0;0.052899798638049104;32.04603987953328;0.052893784565547504;23.277064855384612;[465.53, 438.43, 443.29, 443.83, 391.38, 476.51, 405.11, 448.58, 416.24, 441.32, 428.96, 432.6, 449.93];[474.66389088, 442.17157389, 464.86760621, 454.1229262, 467.80695474, 448.66879021, 468.04402586, 438.71364134, 450.85496939, 432.24592036, 453.11113043, 444.52758968, 448.91047225];2016-10-23 12:00:00;2017-01-15 12:00:00
229;13;median;0.1034862270491026;41.666666666666664;0.1063277489978769;534.6517402941485;0.1063261853188049;369.22717599307697;[3117.6, 2928.4, 2783.4, 2987.1, 2533.1, 3403.5, 3054.5, 3060.2, 3022.7, 3426.2, 4886.7, 4280.2, 3533.6];[3118.18699912, 3114.79162282, 3151.56677274, 3107.31504935, 3096.18967651, 3235.41383569, 3324.21065605, 3279.20759679, 3290.40413289, 3255.27835056, 3397.08256473, 3425.40843024, 3411.93603714];2016-10-23 12:00:00;2017-01-15 12:00:00
230;13;median;0.2674246704960749;83.33333333333333;0.3278639309689804;403.30411970652926;0.32784636229115083;316.0490855630769;[599.6, 646.8, 672.0, 706.3, 755.7, 899.6, 917.3, 1036.2, 1119.2, 1283.0, 1384.5, 1475.1, 1504.4];[571.78454703, 594.49035377, 611.0621165, 632.4237698, 648.24936506, 684.54531616, 682.04694391, 696.53191116, 720.85979874, 755.23608, 762.83754751, 767.46916321, 763.52497483];2016-10-23 12:00:00;2017-01-15 12:00:00
231;13;median;0.1715329975623532;66.66666666666667;0.20099081975043512;668.3777144374093;0.20098666837443777;490.2184408692308;[1880.4, 1889.2, 1864.5, 1961.1, 2009.7, 2211.1, 2235.0, 2421.8, 2774.0, 3052.0, 3018.4, 3171.4, 3206.1];[1920.86612501, 1913.99054079, 1922.94004373, 1928.25181347, 1944.18290345, 1951.63596756, 1971.04681554, 1978.16506222, 1978.22973787, 1981.01583965, 1994.58739875, 2074.28104498, 2010.06039474];2016-10-23 12:00:00;2017-01-15 12:00:00
232;13;median;0.13132451623747707;50.0;0.15077708509775178;283.3609221039685;0.15077113727231345;192.3196676007692;[1036.6, 1036.6, 994.0, 1040.9, 1024.8, 1199.4, 1106.1, 1197.6, 1296.0, 1448.2, 1485.5, 1600.9, 1695.0];[1038.61704685, 1030.41808347, 1039.88106701, 1048.73692152, 1046.53661432, 1055.17686538, 1080.29034205, 1085.93880756, 1079.68767854, 1082.61589676, 1080.80533577, 1070.24673719, 1077.43622417];2016-10-23 12:00:00;2017-01-15 12:00:00
233;13;median;0.13295318175133336;58.333333333333336;0.1483609375641032;409.7421584863277;0.1483573893396565;311.8902242061538;[2117.0, 1891.1, 2178.6, 1910.3, 1818.5, 1984.8, 1958.6, 1953.1, 2009.7, 2158.7, 2640.2, 2550.4, 2678.7];[1829.90370402, 1803.80360966, 1816.19708161, 1798.70948997, 1813.58258108, 1822.86148784, 1814.57311006, 1836.64119828, 1834.9679545, 1846.32073785, 1843.61640786, 1865.15329353, 1868.79642906];2016-10-23 12:00:00;2017-01-15 12:00:00
234;13;median;0.19784167968092475;58.333333333333336;0.2400005455087437;238.8607129930012;0.2399833627938999;169.71947288102703;[434.3, 451.5, 493.3, 532.4, 535.7, 647.1, 661.3, 710.3, 763.1, 827.1, 937.4, 1003.0, 1010.4];[431.34187843, 461.2645423439735, 495.16090603, 506.17271366503996, 521.19664068, 536.49713243, 568.16698895, 566.75799036, 562.3815261, 536.9644612, 507.0955270855817, 567.56262366, 563.23481836];2016-10-23 12:00:00;2017-01-15 12:00:00
235;13;median;0.06526374125628581;58.333333333333336;0.0692370388529359;402.3850523952049;0.069236133810223;265.98196115692303;[3265.2, 3299.2, 3276.9, 3338.6, 3299.6, 3574.8, 3557.3, 3591.5, 3690.3, 3977.2, 4463.9, 4347.0, 4358.4];[3280.67329526, 3373.99687536, 3387.05870062, 3462.48123297, 3591.05119901, 3588.82088804, 3595.70965323, 3622.70610281, 3633.31903624, 3636.73342259, 3609.50408569, 3595.90269363, 3602.97321411];2016-10-23 12:00:00;2017-01-15 12:00:00
236;13;median;0.05090109460638476;58.333333333333336;0.051217862222210774;78.16162363173746;0.051215726961395494;61.92294823972861;[1070.7, 1079.0, 1034.4, 1099.3, 1055.1, 1200.8, 1155.9, 1202.1, 1206.6, 1378.2, 1438.1, 1340.1, 1262.4];[1110.94052183, 1126.56720184, 1135.57486023, 1128.02576768, 1140.44511398, 1149.89086021, 1201.31401897, 1208.91201977, 1219.7859294064722, 1243.9195485, 1263.28935391, 1281.8362705, 1280.66892653];2016-10-23 12:00:00;2017-01-15 12:00:00
237;13;median;0.22567675848997049;66.66666666666667;0.27105369337348634;227.7571744092797;0.2710315565776019;172.32220773;[430.0, 420.4, 399.8, 415.2, 435.7, 548.9, 538.0, 631.4, 714.5, 831.1, 925.2, 953.0, 917.2];[383.73411313, 386.2812884, 399.58085924, 397.49671503, 407.45944741, 442.04642083, 435.16589299, 455.31157367, 478.23599091, 512.53550968, 531.22884831, 541.68065884, 549.45398107];2016-10-23 12:00:00;2017-01-15 12:00:00
238;13;median;0.050237151302731244;75.0;0.04983530983882975;269.6889045426672;0.04983475923960823;230.95401131538455;[3696.0, 3792.0, 3780.0, 3928.0, 3927.0, 4330.0, 4349.0, 4500.0, 4765.0, 5057.0, 5945.0, 5664.0, 5722.0];[3859.78424376, 3988.12781237, 4085.36882107, 4141.11177058, 4179.52744156, 4453.87537637, 4531.84915681, 4701.02694093, 4879.96520955, 5239.51143792, 5260.89619269, 5495.87662738, 5936.02675625];2016-10-23 12:00:00;2017-01-15 12:00:00
239;13;median;0.024080691869467534;66.66666666666667;0.023684503986595353;90.31647748681146;0.023684107411264123;71.74105260307691;[2586.5, 2560.4, 2776.9, 2698.6, 3157.7, 2938.2, 3040.8, 3197.8, 3367.8, 3726.5, 3724.0, 3796.8, 3728.7];[2625.83556095, 2733.25522261, 2769.89296146, 2858.86754719, 3093.92707355, 3037.53583437, 3164.60139541, 3199.76650766, 3456.26535381, 3649.33047618, 3720.2733383, 3723.69700653, 3750.52711786];2016-10-30 12:00:00;2017-01-22 12:00:00
240;13;median;0.11172977327973516;50.0;0.12215084458419757;212.99436794833971;0.12214616372414971;160.5002401569231;[1040.84, 1015.0, 1098.25, 1031.9, 1168.21, 1271.09, 1311.2, 1252.43, 1363.56, 1496.95, 1592.62, 1614.64, 1511.61];[1059.29501862, 1069.61966835, 1125.92403454, 1089.0959877, 1191.61213342, 1154.53114285, 1195.99015263, 1188.06246742, 1164.58353709, 1202.05571515, 1192.10260249, 1191.99131103, 1219.62679193];2016-10-30 12:00:00;2017-01-22 12:00:00
241;13;median;0.06871547688226905;58.333333333333336;0.07291964533044007;216.68452606797612;0.07291756838303744;129.49381059132455;[1475.3, 1468.6, 1494.2, 1447.2, 1643.9, 1534.3, 1587.3, 1580.3, 1927.1, 2321.8, 1935.5, 1728.8, 1741.4];[1497.7319758, 1523.88653706, 1576.17281299, 1597.45221473, 1606.70675191, 1628.15681844, 1647.66391092, 1625.03206891, 1636.3867821097547, 1648.16339031, 1783.4639950530266, 1744.34125279, 1735.99713457];2016-10-30 12:00:00;2017-01-22 12:00:00
242;13;median;0.3719873718934496;66.66666666666667;0.4877825526930754;1402.7283407166979;0.48777194267684215;1169.274715066154;[1245.0, 1330.0, 1551.0, 1550.0, 2150.0, 2514.0, 2855.0, 3230.0, 3335.0, 3511.0, 3890.0, 3812.0, 3828.0];[1171.83501749, 1241.20239124, 1269.09494461, 1353.58742614, 1440.93785094, 1465.40994005, 1449.43928156, 1525.34420026, 1548.37349254, 1794.92610576, 1809.98495529, 1924.63897552, 1605.65412274];2016-10-30 12:00:00;2017-01-22 12:00:00
243;13;median;0.18491325046553223;100.0;0.20967368249401203;277.10627119538293;0.20966416060678547;234.41652755923076;[806.8, 841.6, 883.8, 914.1, 988.6, 1108.0, 1183.0, 1226.4, 1258.0, 1325.9, 1434.3, 1480.2, 1488.3];[783.8419026, 802.32705501, 815.31933269, 836.54102154, 860.34079635, 890.96665198, 917.5381819, 937.3088588, 956.94042389, 983.85178323, 1005.70242869, 1036.8712356, 1064.03546945];2016-10-30 12:00:00;2017-01-22 12:00:00
244;13;median;0.08755685025924263;33.333333333333336;0.09442118930304783;339.75422881459207;0.094419399284958;249.80682998615387;[2291.2, 2266.7, 2332.0, 2266.8, 2538.8, 2482.1, 2508.7, 2508.2, 2705.3, 2972.8, 3072.2, 3059.0, 2984.6];[2338.15374581, 2357.34808109, 2330.23519859, 2371.31564737, 2366.85726554, 2415.13977327, 2428.74003327, 2433.56342184, 2404.1667742, 2438.57603337, 2440.11197878, 2438.58808765, 2462.35011794];2016-10-30 12:00:00;2017-01-22 12:00:00
245;13;median;0.18448490579837412;58.333333333333336;0.21299941118097962;361.536193331845;0.21299158451694936;291.1947397954715;[1138.7, 1098.0, 1159.8, 1136.4, 1476.2, 1476.6, 1385.7, 1392.2, 1435.2, 1579.6, 1807.3, 1769.8, 1686.5];[1110.70469159, 1114.39382045, 1122.46825864, 1123.38002761, 1126.82728209, 1141.00354373, 1134.47863772, 1135.2455993025458, 1151.43189253, 1138.1803214791257, 1153.1877224473205, 1164.89647587, 1173.057750099879];2016-10-30 12:00:00;2017-01-22 12:00:00
246;13;median;0.07322763366670718;83.33333333333333;0.07745317467311516;573.8738890188217;0.07745251146032521;455.3281398823077;[4410.5, 4581.6, 4723.5, 4791.8, 5421.0, 5510.5, 5612.2, 5829.8, 6084.9, 6239.6, 6659.6, 6860.6, 6854.3];[4417.17964226, 4627.65314266, 4636.90551806, 4827.87782983, 5087.31076721, 5240.53987156, 5110.10986916, 5222.59258993, 5480.44199289, 5695.8613353, 5849.85537078, 5825.33349011, 5816.59399128];2016-10-30 12:00:00;2017-01-22 12:00:00
247;13;median;0.01611311262837181;33.333333333333336;0.016188426707154695;327.41920597846854;0.016188378829133973;273.74353541384545;[16190.4, 16913.4, 16913.4, 17091.0, 17091.0, 16552.7, 16552.7, 17220.2, 17220.2, 16522.2, 16522.2, 17584.0, 17584.0];[16204.64679969, 17028.72306786, 17000.11527344, 16493.87918262, 16497.50216964, 16672.67295696, 16741.32745987, 16970.5513782, 16989.67299093, 16983.42313046, 16865.61709214, 17227.85174378, 17381.80235487];2016-10-16 12:00:00;2017-01-08 12:00:00
248;13;median;0.04939174021410408;16.666666666666668;0.04811088340309862;1319.1853115931092;0.04811077090880471;1028.9916006246162;[21254.72, 21655.06, 21655.06, 22030.28, 22030.28, 22104.93, 22104.93, 21822.79, 21822.79, 21445.17, 21445.17, 19654.69, 19654.69];[21348.23643031, 20935.45099176, 21010.56973795, 21047.91937293, 21110.61835888, 21225.19633476, 21204.91297381, 21416.33015117, 21494.84608452, 22444.13514904, 22223.28163285, 22609.13076787, 22426.27083383];2016-10-16 12:00:00;2017-01-08 12:00:00
249;13;median;0.01360946986071557;91.66666666666667;0.013775312078015304;62.785400780875975;0.013775107267993756;46.35395150153842;[3446.7, 3205.7, 3207.3, 3331.9, 3479.1, 3223.9, 3228.3, 3338.6, 3461.4, 3330.3, 3232.7, 3339.3, 3518.5];[3386.65253172, 3186.38208291, 3210.06881851, 3279.81066325, 3388.32543692, 3221.3660925, 3201.45789008, 3305.46378753, 3431.54163942, 3346.44733268, 3202.11674112, 3264.50159724, 3354.79631898];2016-10-09 12:00:00;2017-01-01 12:00:00
250;13;median;0.047701200605257114;50.0;0.04918598169489013;382.48836884736716;0.0491856238703815;338.0726196184614;[6671.0, 6836.0, 6803.0, 6884.0, 6879.0, 6940.0, 7042.0, 7117.0, 7136.0, 7116.0, 7164.0, 7197.0, 7229.0];[6720.21484299, 6733.36778504, 6692.38614914, 6675.72564314, 6664.62442341, 6666.06948401, 6660.45393638, 6649.75807684, 6652.61349888, 6653.83921846, 6654.20627496, 6651.22099408, 6643.00530361];2016-10-09 12:00:00;2017-01-01 12:00:00
251;13;median;0.009731243690501112;83.33333333333333;0.009803072702837897;106.96843599659428;0.009803017124064636;86.45958226307728;[8557.6, 8835.3, 8859.0, 8662.7, 8563.5, 8897.2, 8930.5, 8826.7, 8675.2, 8886.2, 9003.2, 8917.6, 8732.1];[8582.02349727, 8767.90387735, 8751.25015378, 8634.11976498, 8568.82386178, 8752.9306915, 8786.29542136, 8740.58922567, 8623.95011674, 8765.03529838, 8777.02943466, 8800.6775121, 8731.69129311];2016-10-09 12:00:00;2017-01-01 12:00:00
252;13;median;0.015753083642805553;91.66666666666667;0.015919635941985522;229.983931180785;0.01591957236699478;199.3216775876923;[12389.0, 12551.0, 12538.0, 12445.0, 12427.0, 12637.0, 12671.0, 12626.0, 12568.0, 12702.0, 12742.0, 12726.0, 12679.0];[12376.69163677, 12463.87810958, 12441.9798518, 12359.73563926, 12395.9567662, 12415.59081047, 12417.84492811, 12378.33605227, 12302.85019322, 12371.00973383, 12409.92412982, 12408.29980175, 12367.72053828];2016-10-09 12:00:00;2017-01-01 12:00:00
253;13;median;0.004820804038842123;91.66666666666667;0.004837454599300694;40.99497218180336;0.00483741445320364;29.148901020000128;[5953.6, 5901.6, 5905.5, 6044.6, 6050.7, 5968.3, 5881.8, 6015.5, 6050.5, 6027.0, 5981.2, 6126.6, 6147.7];[5956.48480609, 5886.23213279, 5903.29857095, 6034.02707374, 6033.78285128, 5955.47498413, 5924.61058371, 6046.86284366, 6052.44687711, 6008.05328875, 5934.04673893, 6029.83112123, 6068.52263551];2005-12-25 12:00:00;2006-03-19 12:00:00
254;13;median;0.029268324657357108;8.333333333333334;0.028750979224601528;60.17462445183246;0.02875022009201989;54.44512294230769;[1901.0, 1898.0, 1895.0, 1884.0, 1878.0, 1866.0, 1830.0, 1829.0, 1849.0, 1870.0, 1872.0, 1874.0, 1875.0];[1917.05981355, 1919.39615278, 1920.85692855, 1922.25055513, 1924.55983642, 1925.51933864, 1928.95629062, 1929.66756764, 1928.69846647, 1926.42587242, 1926.33153468, 1924.34030333, 1934.72393802];2016-10-16 12:00:00;2017-01-08 12:00:00
255;13;median;0.019606906315598513;66.66666666666667;0.01957304638836234;57.212810679534286;0.019572659126603355;50.52644395538458;[2932.0, 2986.0, 2914.5, 3028.8, 3291.8, 2001.3, 2192.4, 2057.1, 2318.1, 2584.8, 2583.4, 2598.3, 2704.1];[2905.93867661, 2969.21232271, 3013.54964525, 3081.47752449, 3331.69295192, 1991.23868716, 2094.30449355, 2111.83507859, 2346.67844897, 2517.25810198, 2644.96379803, 2636.07200776, 2768.12659842];2016-10-16 12:00:00;2017-01-08 12:00:00
256;13;median;0.0028481451046112423;58.333333333333336;0.0028535974513244117;13.852314452075982;0.0028535620539458057;11.502160383076934;[4017.6, 4017.9, 4018.2, 4018.8, 4024.6, 4026.8, 4037.0, 4037.9, 4039.9, 4041.8, 4044.2, 4044.3, 4044.2];[4023.75936948, 4021.48526936, 4023.75819589, 4021.93572523, 4023.85656811, 4024.20904951, 4024.56832784, 4021.95997568, 4022.52720724, 4021.38423136, 4022.14262327, 4024.1078897, 4024.85460227];2016-10-16 12:00:00;2017-01-08 12:00:00
257;13;median;0.05923670993527108;50.0;0.056869428211123986;137.9844331944465;0.05686804647492965;117.04408326843514;[2097.4, 2102.3, 2087.1, 2130.7, 2087.5, 2024.5, 1983.4, 1973.8, 1998.2, 1975.9, 1931.8, 1928.8, 1940.1];[2125.51306146, 2119.74131908, 2132.28119849, 2142.32548824, 2139.87617666, 2142.63119326, 2140.6977188, 2135.0546705, 2143.6470319, 2142.72778891, 2145.069539799657, 2146.55075624, 2126.95713915];2016-10-16 12:00:00;2017-01-08 12:00:00
258;13;median;0.17023896410888678;25.0;0.151578505276259;1149.1341481564702;0.1515773239826443;973.8619451461537;[6698.0, 6436.0, 5556.0, 6939.0, 6746.0, 5285.0, 5924.0, 5200.0, 6741.0, 6343.0, 5893.0, 5953.0, 5594.0];[6864.85999487, 6834.75982596, 6885.15781398, 6869.98062334, 7135.58862549, 7270.56276366, 7014.37083646, 7018.46557819, 7118.20439821, 7390.19833749, 7163.70572984, 7120.75326902, 7143.55873707];2016-10-16 12:00:00;2017-01-08 12:00:00
259;13;median;0.2317742377634599;83.33333333333333;0.23061936539609215;236.97592482923946;0.23060254892280416;169.00928621923083;[583.0, 503.0, 527.0, 504.0, 643.0, 523.0, 522.0, 1437.0, 464.0, 626.0, 475.0, 785.0, 966.0];[719.91641654, 521.31187959, 656.06943979, 676.14780956, 795.33026276, 611.05901567, 596.34827327, 750.34247178, 634.86890742, 671.01265327, 595.39517951, 705.492457, 642.50418775];2016-10-16 12:00:00;2017-01-08 12:00:00
260;13;median;0.020643593250827527;50.0;0.020347328560969154;113.41394344052699;0.020347111148857264;95.21776442583555;[4687.3, 4661.5, 4573.9, 4712.8, 4699.2, 4555.3, 4629.3, 4557.9, 4714.0, 4676.1, 4633.5, 4639.5, 4603.6];[4743.39927864, 4710.57284335, 4723.15901071, 4714.61080799, 4777.10426591, 4763.55165122, 4731.44322229, 4666.97153284, 4685.29924539, 4731.832416354937, 4720.52054269, 4735.89203249, 4819.972578440925];2016-10-16 12:00:00;2017-01-08 12:00:00
261;13;median;0.0012886986915314907;75.0;0.0012886698046599239;6.770988475324396;0.001288655120572664;5.6546055653844425;[4382.033, 4394.197, 4378.668, 4378.375, 4378.166, 4390.312, 4401.788, 4382.618, 4382.058, 4401.802, 4397.108, 4379.233, 4378.908];[4382.09724734, 4394.5035755, 4387.17774792, 4383.17055504, 4384.71761516, 4390.27029932, 4390.00211504, 4386.02582544, 4387.13917628, 4391.71987561, 4389.9399402, 4388.62523817, 4385.23112167];2016-10-16 12:00:00;2017-01-08 12:00:00
262;13;median;0.2830791313527855;58.333333333333336;0.24059871720200213;553.0887618249741;0.24059299826125402;507.23074189476677;[2296.0, 2219.6, 2214.9, 2044.6, 2043.2, 1968.0, 1966.2, 1746.1, 1724.1, 1701.4, 1717.7, 1603.2, 1617.0];[2427.07863185, 2436.9479674, 2447.00335349, 2429.31130405, 2422.9562195119684, 2420.24852818, 2433.90473725, 2402.96840363, 2392.03759325, 2435.29787448, 2398.69887236, 2395.3540485, 2414.19211068];2014-10-12 12:00:00;2015-01-04 12:00:00
263;13;median;0.0630143348765939;50.0;0.06340230742281033;301.7218674660943;0.06340152289951484;256.6979226861538;[4071.7, 4155.0, 4247.5, 4042.0, 3908.2, 3923.1, 3563.7, 3806.9, 4360.7, 4563.2, 4354.9, 4323.4, 3629.0];[3981.97768457, 3942.62849284, 3912.19169516, 4011.69787339, 3950.31161299, 3985.77949791, 4007.69742375, 4038.9086098, 4015.58252263, 4024.93696611, 4006.72975999, 4079.77122091, 4042.39206607];2014-10-12 12:00:00;2015-01-04 12:00:00
264;13;median;0.08779705134345364;66.66666666666667;0.08373722699304062;182.7779549861945;0.08373521988390073;174.71250389307687;[2057.7, 2149.37, 2022.19, 2061.06, 2031.96, 1904.36, 1962.29, 2017.42, 2020.85, 1963.84, 1942.14, 1973.34, 2009.61];[2188.61930807, 2188.59706386, 2200.88367535, 2217.66716632, 2215.34188783, 2178.75072113, 2184.6165898, 2175.04838954, 2176.26684355, 2169.13850728, 2165.34537492, 2163.06296897, 2164.05405399];2016-10-09 12:00:00;2017-01-01 12:00:00
265;13;median;0.08465826040844412;58.333333333333336;0.08085554694709796;179.5054402333692;0.08085363380768505;170.87497041846154;[2072.76, 2162.78, 2042.96, 2108.32, 2022.16, 1989.55, 2020.05, 2071.25, 2013.96, 1993.61, 1976.23, 1966.25, 2030.46];[2195.28582678, 2208.56457439, 2202.36984601, 2206.97192189, 2234.3354868, 2225.20288831, 2209.39791276, 2204.80095457, 2197.19482218, 2202.2031348, 2204.63864505, 2195.8076586, 2204.9409433];2016-10-09 12:00:00;2017-01-01 12:00:00
266;13;median;0.1181533140012696;33.333333333333336;0.12377885042444345;546.3303541452752;0.12377714811290441;454.3238328946153;[3031.2, 2833.0, 3121.8, 3662.4, 3801.4, 3635.9, 3732.4, 2989.6, 4445.3, 4025.2, 4599.9, 4366.5, 3613.2];[3177.40393992, 3251.69734845, 3230.58288834, 3299.51721129, 3291.24672543, 3423.39213266, 3507.5165267, 3528.80434708, 3546.15523927, 3570.66119174, 3517.66456721, 3533.4381651, 3499.28693676];2014-10-12 12:00:00;2015-01-04 12:00:00
267;13;median;0.04462924208579073;66.66666666666667;0.04331638247397097;67.0719378150972;0.04331472745335378;56.70763805692309;[1306.27, 1382.07, 1271.27, 1314.49, 1308.47, 1194.08, 1259.07, 1298.64, 1304.74, 1285.92, 1251.62, 1308.33, 1369.04];[1353.41664131, 1360.7630998, 1363.41317129, 1372.37951437, 1363.01065756, 1348.37363994, 1342.06410872, 1333.15630385, 1333.94448625, 1320.43550864, 1324.14470596, 1325.79849164, 1330.38483499];2016-10-09 12:00:00;2017-01-01 12:00:00
268;13;median;0.04692096500456501;50.0;0.04563701613004815;64.83095277290516;0.04563521524775567;57.83713442483682;[1258.78, 1335.44, 1229.92, 1305.02, 1251.08, 1192.61, 1232.56, 1280.13, 1217.91, 1237.3, 1200.59, 1223.0, 1325.46];[1301.05053183, 1298.93750406, 1311.93309411, 1320.61454269, 1316.70084884, 1309.90749295, 1304.8651847047108, 1297.629522458168, 1292.5286143, 1285.5787632, 1287.8783936, 1293.24707165, 1303.11380875];2016-10-09 12:00:00;2017-01-01 12:00:00
269;13;median;0.045149296726914416;25.0;0.046521763619370556;431.10389535083897;0.04652147379143478;373.42016331384644;[7727.9, 8061.2, 7905.6, 7710.1, 7937.5, 7954.8, 8244.7, 8336.4, 8431.2, 8311.7, 8421.9, 8301.7, 8375.9];[7800.89820866, 7768.63016611, 7744.95677964, 7773.68034841, 7774.80700368, 7769.96292147, 7784.66231459, 7783.94160005, 7777.08436663, 7833.78192742, 7794.74646776, 7806.98948607, 7725.15340057];2014-10-12 12:00:00;2015-01-04 12:00:00
270;13;median;0.058072797002333074;33.333333333333336;0.060381087307205386;538.5665516906462;0.060380697441456056;467.62723061692327;[7661.3, 7754.9, 7634.3, 7495.5, 7846.8, 7899.6, 8028.8, 8126.1, 8295.7, 8169.0, 8102.7, 7990.4, 8058.8];[7614.44021786, 7542.52625362, 7481.94847441, 7493.32884159, 7434.72173596, 7375.28835653, 7367.3691365, 7411.01584655, 7440.77263468, 7480.07411873, 7442.72719558, 7470.09495627, 7430.4382337];2014-10-12 12:00:00;2015-01-04 12:00:00
271;13;median;0.031921161662630176;58.333333333333336;0.03132520009273962;32.83144849597967;0.03132357235730426;30.141381810000002;[974.11, 971.93, 949.5, 952.55, 956.53, 955.04, 928.78, 934.69, 937.57, 942.2, 943.45, 949.25, 951.63];[981.73174483, 977.02848195, 979.32806942, 978.95516737, 981.57635633, 978.08981786, 979.78277609, 981.1290271, 981.36753753, 979.11504523, 980.24709973, 979.01936527, 981.69747482];2016-10-09 12:00:00;2017-01-01 12:00:00
272;13;median;0.03325053098982704;33.333333333333336;0.03395240830947314;251.81894055254145;0.03395215221417313;225.07397503615385;[6542.2, 6602.2, 6631.8, 6704.4, 6867.5, 6809.7, 6853.3, 6828.4, 6750.5, 6774.3, 6767.8, 6564.6, 6614.5];[6451.39108957, 6483.87841226, 6511.83877744, 6504.81744235, 6486.30837101, 6480.00098193, 6471.07792524, 6484.61024379, 6490.6176452, 6497.02622123, 6499.82646123, 6512.67125437, 6511.17349891];2016-10-09 12:00:00;2017-01-01 12:00:00
273;13;median;0.19412397120799832;41.666666666666664;0.17545947325548686;141.0987725455719;0.17544815589023638;136.07710054;[751.43, 767.3, 750.92, 746.57, 723.49, 710.28, 703.22, 718.78, 716.11, 677.92, 690.52, 665.01, 640.57];[833.29913538, 843.16634383, 847.13225887, 854.45953985, 849.5434548, 849.75803233, 851.2825659, 857.31055252, 854.15579944, 851.79695109, 844.94447207, 846.60456294, 847.668638];2016-10-09 12:00:00;2017-01-01 12:00:00
274;13;median;0.13027031896182334;33.333333333333336;0.12106430349832985;1070.7118190702454;0.12106357228776138;1002.5494357207693;[8139.8, 8273.4, 8130.4, 8033.0, 7710.8, 7969.4, 7874.9, 7911.2, 7960.5, 7563.1, 7756.4, 7432.5, 7050.0];[8724.32318075, 8739.44888689, 8748.64642535, 8775.02984232, 8842.72614413, 8878.98333672, 8866.16662441, 8790.53148428, 8882.95089289, 8937.00864276, 8836.15488308, 8893.45220654, 8923.12011425];2016-10-09 12:00:00;2017-01-01 12:00:00
275;13;median;0.02678191517912987;66.66666666666667;0.02716222304636438;370.194608000807;0.02716210483910029;312.1684059123075;[11409.5, 11408.2, 11485.6, 11820.4, 11735.0, 12147.0, 11899.3, 11303.7, 11336.7, 11585.8, 11662.6, 11191.2, 10895.7];[11225.08385214, 11198.10116448, 11198.00351439, 11350.09191559, 11357.17742488, 11372.65010997, 11355.47684703, 11349.21072372, 11286.9838285, 11340.65172318, 11340.07458398, 11317.64949248, 11316.1240248];2016-10-09 12:00:00;2017-01-01 12:00:00
276;13;median;0.0130233913326603;66.66666666666667;0.013115328228391518;48.72380603811968;0.01311512688901721;42.7198980123076;[3257.323, 3271.85, 3284.499, 3248.314, 3162.48, 3345.109, 3283.453, 3260.614, 3232.998, 3257.269, 3299.522, 3306.657, 3294.326];[3207.5347587, 3218.34125647, 3221.08578626, 3212.1272514, 3204.70714706, 3241.76254591, 3259.36291214, 3247.05614975, 3258.65628981, 3250.18930291, 3249.72351318, 3265.99346121, 3248.28582478];2016-10-09 12:00:00;2017-01-01 12:00:00
277;13;median;0.04580307772522808;75.0;0.044407702522502666;67.09469077830076;0.04440594956326022;56.27014822153849;[1261.984, 1332.9, 1226.2, 1267.01, 1266.63, 1153.61, 1217.88, 1256.22, 1260.13, 1249.54, 1214.15, 1271.59, 1333.46];[1312.40097147, 1327.33478444, 1320.02253406, 1329.03785676, 1322.70733349, 1304.96350492, 1299.64170813, 1296.3382485, 1288.70899045, 1283.99839502, 1282.89732018, 1284.98014077, 1288.26629243];2016-10-09 12:00:00;2017-01-01 12:00:00
278;13;median;0.06032456758313799;50.0;0.05802017829807009;82.7394440761415;0.05801781861452011;71.33677209076919;[1212.443, 1284.81, 1181.98, 1256.58, 1204.17, 1146.31, 1184.67, 1231.88, 1164.92, 1195.17, 1157.35, 1182.41, 1284.83];[1248.41439251, 1245.44463555, 1249.71518761, 1259.69963836, 1271.57958401, 1274.51546727, 1278.55772719, 1279.56965316, 1282.89576761, 1287.86437052, 1283.91015038, 1287.0612181, 1286.94251601];2016-10-09 12:00:00;2017-01-01 12:00:00
279;13;median;0.014335767331108255;58.333333333333336;0.01444406561396942;80.21657234918878;0.014443932556187877;78.39815685076925;[5447.979, 5462.14, 5487.29, 5483.53, 5478.69, 5471.28, 5473.97, 5487.77, 5448.53, 5428.96, 5440.01, 5462.1, 5471.9];[5390.69129699, 5388.74520033, 5389.39600318, 5388.34937868, 5387.85631651, 5387.65814937, 5385.04674438, 5385.71309406, 5377.15811385, 5384.5265123, 5382.88897564, 5390.95307099, 5385.99010466];2016-10-09 12:00:00;2017-01-01 12:00:00
280;13;median;0.04662440088590711;75.0;0.048614397538569554;120.79451348087424;0.048613083093033235;89.93241604607547;[1756.0, 1849.0, 1859.0, 1774.0, 1799.0, 1895.0, 1793.0, 1730.0, 1815.0, 1919.0, 1963.0, 1977.0, 2010.0];[1731.09988729, 1779.70516845, 1765.31002221, 1792.53826269, 1784.01890783, 1817.8019938010189, 1795.1141037, 1726.11866791, 1756.68852491, 1760.01222376, 1761.14183177, 1767.36872245, 1774.26500741];2016-10-23 12:00:00;2017-01-15 12:00:00
281;13;median;0.00963179501708647;58.333333333333336;0.009579626728235622;23.98416332127847;0.009579401292415763;20.35415583000003;[2144.366551, 2155.275445, 2134.710461, 2155.964119, 2136.584281, 2111.357748, 2151.224229, 2102.505934, 2097.694159, 2081.464003, 2116.373998, 2109.410461, 2135.181639];[2136.54766132, 2138.82326534, 2153.73970569, 2143.75479134, 2131.46077809, 2132.5489829, 2136.40127798, 2138.69936773, 2134.86477173, 2129.80107155, 2136.22861666, 2131.8112388, 2131.1814552];2016-10-23 12:00:00;2017-01-15 12:00:00
282;13;median;0.042043175101219306;41.666666666666664;0.040582691255458804;17.506630140412174;0.0405766196800725;13.566264671538459;[338.554154, 335.62152, 339.293614, 334.767926, 346.838264, 348.526527, 321.768721, 345.408096, 330.985181, 329.278867, 317.836472, 335.474349, 303.970852];[345.69668777, 347.29686126, 347.13006176, 346.33223589, 345.05184552, 345.84953148, 346.28462434, 345.62737544, 345.81131425, 345.6787711, 345.41921663, 344.98571426, 344.59491603];2016-10-23 12:00:00;2017-01-15 12:00:00
283;13;median;0.04242532025186042;50.0;0.04160483037055414;30.185581609452278;0.04160112657413977;23.39165430307693;[572.83, 578.84, 601.86, 577.06, 575.18, 583.88, 583.42, 586.89, 590.86, 592.64, 588.47, 514.43, 504.2];[568.18598921, 569.96527714, 568.73092181, 565.51712145, 564.13465574, 566.34864965, 568.37816907, 572.27071853, 571.80113303, 571.43004547, 571.0750799, 573.13751535, 575.49175159];2016-11-27 12:00:00;2017-02-19 12:00:00
284;13;median;0.026482589450539537;50.0;0.025989768261737805;22.27876439958564;0.025987956614666304;18.64645843307691;[692.124, 687.527, 691.085, 705.06, 706.426, 697.053, 691.771, 695.644, 716.192, 722.715, 721.569, 721.882, 739.725];[699.3061726, 700.20639173, 698.89436022, 710.75390811, 718.51549299, 724.46093456, 730.89019818, 738.94037035, 742.76030552, 741.99461076, 736.62781545, 744.90112689, 742.92527227];2016-11-27 12:00:00;2017-02-19 12:00:00
285;13;median;0.02021706804152886;50.0;0.019876181372589136;274.4376733043212;0.019876087240940612;209.85185017461524;[10549.0, 10683.7, 10413.7, 10294.3, 10494.1, 10588.0, 10359.7, 10236.7, 10403.6, 10394.8, 10697.7, 10778.3, 10831.8];[10527.14470454, 10610.60288853, 10621.43838656, 10669.70878857, 10676.98706254, 10753.79128026, 10681.19947132, 10842.65472699, 10686.90438276, 10813.60150519, 10723.4557257, 10788.12497988, 10795.64466443];2016-11-27 12:00:00;2017-02-19 12:00:00
286;13;median;0.03907679693769474;58.333333333333336;0.04012074493369659;106.89683178501919;0.04011986754586672;91.73700089831041;[2187.16, 2205.63, 2214.48, 2228.7, 2312.59, 2368.47, 2384.82, 2353.87, 2374.86, 2351.83, 2331.47, 2340.08, 2351.46];[2207.58205442, 2227.99741052, 2211.27200518, 2220.46637909, 2231.4924351, 2238.54361235, 2235.29086331, 2228.12052251, 2230.99863668, 2212.760263051965, 2221.98104824, 2220.2066522, 2211.70603555];2016-11-27 12:00:00;2017-02-19 12:00:00
287;13;median;0.008384471979239014;58.333333333333336;0.008331806105904942;79.83786783774487;0.00833175282159426;65.14109683923071;[7742.4, 7742.4, 7747.4, 7750.3, 7712.9, 7875.2, 7871.1, 7867.6, 7867.8, 7865.8, 7865.3, 7841.8, 7779.9];[7823.54359617, 7833.48529014, 7851.28479096, 7859.17648613, 7872.25731871, 7889.65071548, 7886.05650632, 7885.2063346, 7885.55570922, 7888.79906725, 7899.89811559, 7910.22711103, 7891.59321731];2016-11-27 12:00:00;2017-02-19 12:00:00
288;13;median;0.017276955943309715;66.66666666666667;0.01716520471644187;192.19961226533982;0.0171651181983405;170.28532449769213;[9790.0, 9800.0, 10160.0, 9960.0, 9920.0, 9710.0, 10070.0, 9970.0, 10000.0, 9770.0, 9840.0, 9840.0, 9750.0];[9905.43706755, 9958.16793425, 9941.63881077, 9813.36227157, 9943.08715691, 9932.31789894, 10056.44650124, 9792.28827491, 10087.84743719, 10060.72004437, 10070.51336645, 10052.24202758, 10067.11214372];2015-04-05 12:00:00;2015-06-28 12:00:00
289;13;median;0.055584941266685686;75.0;0.05717402606529842;1042.6812386252063;0.05717383875664368;873.1867623015386;[15593.6, 15096.7, 13956.7, 14349.8, 14700.6, 15026.8, 14956.2, 15354.3, 15842.4, 16424.9, 16261.7, 16238.3, 16523.1];[15328.10734895, 15383.14366198, 14903.12272076, 15074.88128108, 15136.66490517, 15067.71098288, 14717.67541205, 14457.64297159, 14706.89289469, 14848.43775333, 14814.50078505, 14605.25402008, 14799.48445621];2015-04-05 12:00:00;2015-06-28 12:00:00
290;13;median;0.12976624253682337;33.333333333333336;0.1205266710507229;1081.431881685757;0.1205259461546313;1002.2123005184616;[7931.0, 7981.7, 7898.8, 8095.8, 7630.4, 8375.1, 8041.0, 8141.3, 7431.5, 7448.9, 7899.0, 7716.7, 7367.0];[8490.12099189, 8680.30637286, 8681.42514244, 8673.78983674, 8717.61473243, 8775.7207141, 8937.14141501, 8889.12813368, 9038.66625518, 9008.28240468, 9124.53628909, 8974.59081204, 8995.6368066];2017-07-23 12:00:00;2017-10-15 12:00:00
291;13;median;0.09151901415919127;58.333333333333336;0.08714182080953216;1622.8038628149004;0.08714157728003416;1559.6963921238462;[17618.9, 17397.7, 17308.2, 17341.1, 16890.5, 17910.6, 17573.8, 17610.4, 16916.2, 16970.8, 17256.0, 16901.0, 15827.8];[18614.4589166, 18884.15468206, 18806.1381923, 18543.83179512, 18430.95679033, 18704.64278451, 19073.81447878, 18895.43102541, 18718.67469987, 18948.28875253, 18919.9058567, 18811.52885833, 18447.22626507];2017-07-23 12:00:00;2017-10-15 12:00:00
292;13;median;0.13450441007064667;66.66666666666667;0.15842951217628903;586.4204696173549;0.15842584847127605;348.62906101769227;[1873.0, 1748.0, 3351.0, 2824.0, 2482.0, 1905.0, 1900.0, 1817.0, 1985.0, 1709.0, 1949.0, 1641.0, 1941.0];[1825.85288217, 1757.49212875, 1744.51376822, 1705.26710485, 1793.91314217, 1715.00667072, 1770.38880667, 1751.51748837, 1808.08303817, 1749.47079719, 1762.92207458, 1767.31639268, 1793.63654947];2017-07-23 12:00:00;2017-10-15 12:00:00
293;13;median;0.18633596243370654;75.0;0.16559948730592686;253.15231832101455;0.1655933461801868;223.87024904846157;[1255.8, 1480.5, 1196.1, 1618.8, 1318.5, 1427.8, 1197.9, 1301.9, 996.0, 1153.8, 1343.5, 1270.2, 1210.1];[1512.29057798, 1517.6239177, 1498.96109228, 1505.72721232, 1491.24633418, 1497.6691251, 1502.05489067, 1488.97328233, 1485.14457304, 1486.31951854, 1486.79306244, 1483.33207012, 1498.93200557];2017-07-23 12:00:00;2017-10-15 12:00:00
294;13;median;0.08859128256982735;58.333333333333336;0.09414963264027211;344.5001073088067;0.0941481038207527;290.38587451307694;[3090.0, 3218.0, 3071.0, 3054.0, 3124.0, 3185.0, 3205.0, 3158.0, 3235.0, 3157.0, 3002.0, 3736.0, 3258.0];[3047.26515741, 3013.83161702, 2926.1103461, 2843.18469727, 2757.60191207, 2836.46880709, 2879.2510744, 2883.60021043, 2904.88161403, 2899.39548562, 2926.48226127, 2912.23749012, 2887.6729585];2017-07-16 12:00:00;2017-10-08 12:00:00
295;13;median;0.1305013995890107;58.333333333333336;0.11602803439997891;462.10727479113217;0.11602595509405403;327.7305163527477;[3427.0, 2655.0, 2957.0, 3214.0, 2609.0, 1843.0, 2775.0, 3629.0, 3045.0, 2894.0, 2500.0, 3242.0, 3062.0];[3115.72198976, 2944.14692871, 2947.02704339, 3061.64184545597, 3179.93275626, 3060.0103107540544, 2894.64095825, 2991.90835058, 3107.5910310476347, 3028.85504566, 3021.7992527, 3017.25583727, 3052.92450434];2017-07-16 12:00:00;2017-10-08 12:00:00
296;13;median;0.08182130361682406;83.33333333333333;0.07854541147487779;458.68555017586624;0.0785445456339086;364.33351477;[5520.0, 4651.0, 4787.0, 5396.0, 4341.0, 3130.0, 4231.0, 4702.0, 5425.0, 4859.0, 4622.0, 5740.0, 5070.0];[4977.96059134, 4909.32664022, 4934.43829652, 4988.36167032, 4673.28328424, 4242.20158048, 4225.00198964, 4902.18929665, 4956.96532942, 4795.60276897, 4972.19501667, 5099.63487203, 4861.77120105];2017-07-16 12:00:00;2017-10-08 12:00:00
297;13;median;0.13821733842816794;83.33333333333333;0.12294719254238055;532.3062178041582;0.12294520270971762;389.64380336769227;[3806.0, 2828.0, 3516.0, 3576.0, 2979.0, 1842.0, 3514.0, 4137.0, 3570.0, 3348.0, 3245.0, 4174.0, 3695.0];[3187.19049303, 3081.59895804, 3311.41378384, 3625.58192914, 3350.55681691, 3298.43744963, 3192.86240774, 3505.86973056, 3488.26906369, 3430.36850464, 3593.2965901, 3641.45954306, 3581.40578276];2017-07-16 12:00:00;2017-10-08 12:00:00
298;13;median;0.09869654540086616;58.333333333333336;0.09559332803491527;445.7231674945036;0.09559178692770275;301.13004677846146;[3952.0, 3296.0, 3338.0, 3522.0, 3138.0, 2128.0, 2955.0, 3950.0, 3260.0, 3003.0, 2981.0, 3182.0, 3275.0];[3176.78694996, 3120.81151426, 3225.49047361, 3273.15457008, 3221.18925861, 3121.65865143, 3029.62074373, 3073.6523579, 3164.72178501, 3186.12166024, 3234.39742797, 3224.6202467, 3275.70027026];2017-07-16 12:00:00;2017-10-08 12:00:00
299;13;median;0.11073466891367714;33.333333333333336;0.1090194668096352;287.6745221560969;0.1090163758238753;196.3457314530769;[2374.0, 1834.0, 1881.0, 1979.0, 1699.0, 1155.0, 1765.0, 2300.0, 1820.0, 1777.0, 1643.0, 1919.0, 1892.0];[1799.24531124, 1825.18557993, 1796.52316658, 1726.0185245, 1765.77441, 1723.46068252, 1719.96907893, 1751.04112329, 1784.4249646, 1797.92712003, 1781.56337769, 1793.90392385, 1809.91940843];2017-07-16 12:00:00;2017-10-08 12:00:00
300;13;median;0.10182859211562666;58.333333333333336;0.10850695959359122;355.1103461310552;0.10850493433215963;291.9967920123077;[3392.0, 2854.0, 2689.0, 2867.0, 2815.0, 2185.0, 2861.0, 2947.0, 2624.0, 2433.0, 2365.0, 2874.0, 2649.0];[2554.74928239, 2639.20778765, 2581.28047872, 2552.71236986, 2503.00739572, 2384.41632771, 2382.94848519, 2487.06822336, 2452.28526164, 2483.82975316, 2490.70933648, 2513.47080487, 2485.26703179];2017-07-16 12:00:00;2017-10-08 12:00:00
301;13;median;0.11399773930739038;25.0;0.1255149653630306;539.7191063260028;0.1255129547075826;394.0766678430769;[3121.0, 2733.0, 2775.0, 3159.0, 2695.0, 2770.0, 3158.0, 2702.0, 3445.0, 3021.0, 3534.0, 4221.0, 3385.0];[2731.02145092, 2853.99890769, 2808.69491483, 2764.85050747, 2823.01583555, 2733.56696128, 2700.41867958, 2776.13576906, 2870.50747675, 2805.77277698, 2773.92521607, 2805.44215195, 2862.34352417];2017-07-16 12:00:00;2017-10-08 12:00:00
302;13;median;0.12763793852159558;66.66666666666667;0.11378548285363058;775.2548363956907;0.11378429849211293;554.8264643684614;[5797.0, 4859.0, 5145.0, 5401.0, 4446.0, 3132.0, 4343.0, 5185.0, 5489.0, 5312.0, 5005.0, 6408.0, 5480.0];[5123.41600683, 5269.09819125, 5291.53362841, 5574.70920277, 5254.93611129, 5191.37242705, 5252.3638131, 5471.68080244, 5391.2505901, 5166.77857786, 5236.17108023, 5301.53595421, 5316.14009075];2017-07-16 12:00:00;2017-10-08 12:00:00
303;13;median;0.12964099417642438;58.333333333333336;0.11618198932129185;442.27780011770966;0.11617977373520572;311.6851664661539;[3253.0, 2595.0, 2754.0, 2963.0, 2634.0, 1609.0, 2817.0, 3632.0, 3136.0, 2790.0, 2432.0, 3129.0, 3024.0];[2892.60102654, 2752.20403489, 2797.55362836, 2859.26828324, 2870.05845439, 2791.27189316, 2727.34786777, 2860.19960834, 2873.2532271, 2878.14029936, 2829.4988052, 2851.42347719, 2942.72646112];2017-07-16 12:00:00;2017-10-08 12:00:00
304;13;median;0.14736289382140552;58.333333333333336;0.13481375292542463;430.08611550630053;0.13481132575981272;378.43374863651144;[3358.0, 2770.0, 2791.0, 2943.0, 2574.0, 1892.0, 2428.0, 3243.0, 2828.0, 2730.0, 2560.0, 3425.0, 2957.0];[3017.15979834, 3207.09137358, 3167.63412168, 3223.30073409, 3016.4082310046488, 2860.40618639, 2887.74144623, 2937.59277924, 2958.82307858, 2978.60441598, 3024.13235006, 3057.68552394, 3054.9348962];2017-07-16 12:00:00;2017-10-08 12:00:00
305;13;median;0.15837356594902105;91.66666666666667;0.13930995145628847;409.88653026601105;0.13930665959361568;302.4190253555468;[2558.0, 2048.0, 2187.0, 2435.0, 1885.0, 1225.0, 2385.0, 3028.0, 2388.0, 2236.0, 2135.0, 2696.0, 2497.0];[2343.01279842, 2319.54159224, 2467.563391901347, 2471.1050611607607, 2337.04527683, 2260.61423973, 2280.0909453, 2333.34431215, 2359.11407645, 2317.28322272, 2290.39822169, 2317.28601794, 2300.25552639];2017-07-16 12:00:00;2017-10-08 12:00:00
306;13;median;0.11539013355917713;83.33333333333333;0.10990794533593846;398.54850274504855;0.10990617446509122;344.1627407522319;[3460.0, 3044.0, 3400.0, 3706.0, 2874.0, 2274.0, 2800.0, 3050.0, 3473.0, 2985.0, 3099.0, 3948.0, 3311.0];[3061.76979678, 2917.534298301179, 2983.08644219, 3484.8720199798063, 3304.63875939, 3140.20902789, 3171.31901153, 3459.14175141, 3440.85805394, 3314.3625, 3318.53548953, 3454.65984995, 3470.68955117];2017-07-16 12:00:00;2017-10-08 12:00:00
307;13;median;0.12507487640160828;66.66666666666667;0.11067964437097556;323.7618609432192;0.1106769536698886;230.55295942692302;[2573.0, 2124.0, 2185.0, 2420.0, 1932.0, 1351.0, 1891.0, 2117.0, 2349.0, 2289.0, 2047.0, 2592.0, 2279.0];[2221.46571482, 2150.12256363, 2301.45220464, 2314.40300786, 2251.3778869, 2257.53156365, 2224.41661518, 2326.58798407, 2294.5740064, 2240.56214072, 2238.67364125, 2289.00462782, 2310.03551085];2017-07-16 12:00:00;2017-10-08 12:00:00
308;13;median;0.15283084731098306;66.66666666666667;0.1686526188808778;1295.8670715526769;0.16865132347352707;1103.1158992284616;[7378.0, 6631.0, 6561.0, 7425.0, 7372.0, 6258.0, 8446.0, 7995.0, 6836.0, 6070.0, 5230.0, 6259.0, 6478.0];[5907.28149691, 5693.81527397, 6093.16251914, 6125.36835835, 5854.10143747, 5694.53292715, 5723.9278954, 5917.23597077, 5665.46537232, 5619.72395092, 5687.90820545, 5766.26983049, 5765.51648259];2017-07-16 12:00:00;2017-10-08 12:00:00
309;13;median;0.16820153274341226;58.333333333333336;0.18815388289660345;1069.9772639777132;0.18815196064406206;925.2061451407691;[5183.0, 4647.0, 5227.0, 5734.0, 5549.0, 4025.0, 5253.0, 6645.0, 5251.0, 4651.0, 4383.0, 5649.0, 5316.0];[4124.19246785, 4166.56979797, 4441.03831513, 4282.52215178, 4386.66842894, 3986.10777677, 4130.15461166, 4528.47938931, 4166.92524138, 4277.02943421, 4169.11926302, 4397.67311745, 4428.8401177];2017-07-16 12:00:00;2017-10-08 12:00:00
310;13;median;0.1234061203045028;66.66666666666667;0.13179250403568163;728.6729425081191;0.13179111494349136;627.7998369906965;[5535.0, 4926.0, 4816.0, 5557.0, 5197.0, 3914.0, 4856.0, 5834.0, 5014.0, 4424.0, 3970.0, 4932.0, 4835.0];[4387.83110817, 4275.33196354, 4236.09175163, 4504.17728827, 4387.1427749, 4411.00053287, 4310.15673886, 4424.10910254, 4617.9927712, 4456.03849706, 4376.66430383, 4560.81933645, 4572.652617320946];2017-07-16 12:00:00;2017-10-08 12:00:00
311;13;median;0.11747715100006105;50.0;0.12888945661324142;723.7857663857058;0.12888797025905735;561.4204656098872;[4895.0, 4096.0, 4309.0, 4967.0, 5689.0, 3706.0, 4645.0, 4642.0, 4373.0, 3965.0, 3795.0, 4215.0, 4198.0];[3991.89191423, 3892.12452645, 3800.95787083, 3976.0170785, 3994.48129708, 3810.68894811, 3802.42321116, 3818.5017319214658, 3824.40017054, 3896.07292119, 3905.53679922, 3963.57057171, 3950.31840079];2017-07-16 12:00:00;2017-10-08 12:00:00
312;13;median;0.05891372527100859;58.333333333333336;0.058078738738080435;162.24806078847743;0.058077411294809464;127.29536654779751;[2115.0, 2203.0, 2102.0, 2090.0, 2138.0, 2180.0, 2194.0, 2162.0, 2214.0, 2161.0, 2055.0, 2557.0, 2230.0];[2041.34801282, 2050.78807046, 2069.3696311436806, 2053.3667382, 2020.84215591, 2125.01165082, 2212.2225956, 2295.74784488, 2336.36443585, 2366.17227001, 2438.86765928, 2493.07391711, 1969.7348640349521];2017-07-16 12:00:00;2017-10-08 12:00:00
313;13;median;0.11435456098939475;50.0;0.1243117061477682;1242.9645592092572;0.12431095443887487;1029.3181370484615;[9441.0, 8986.0, 8449.0, 9450.0, 9509.0, 7357.0, 8471.0, 9510.0, 8440.0, 8063.0, 7471.0, 8021.0, 8301.0];[7347.53133241, 7293.68031588, 7451.20776393, 7993.81636464, 7768.00336491, 7391.29341381, 7426.86710863, 7478.18847807, 7561.3474341, 7568.40461775, 7745.32506971, 7993.66029954, 7685.77562203];2017-07-16 12:00:00;2017-10-08 12:00:00
314;13;median;0.06978104684900038;50.0;0.06672042446586633;425.78207996361147;0.0667197240681227;318.77475473042614;[5316.0, 5008.0, 5037.0, 5095.0, 5226.0, 3920.0, 4911.0, 5467.0, 4717.0, 4589.0, 4346.0, 4605.0, 4745.0];[4848.44203419, 4959.33115921, 5032.07088949, 5076.28279076, 5071.16285592, 4956.71160116, 5019.965793675539, 4949.3705843, 4925.22111259, 4947.30687326, 4977.93421885, 4979.87882534, 4957.71370049];2017-07-16 12:00:00;2017-10-08 12:00:00
315;13;median;0.08739404301931328;66.66666666666667;0.09276758808676651;339.618464885709;0.0927660092058849;273.3463020407693;[3210.0, 2787.0, 2867.0, 3217.0, 3157.0, 2388.0, 2739.0, 3447.0, 3038.0, 2883.0, 2938.0, 3259.0, 3113.0];[2699.68967584, 2757.99294226, 2907.54321996, 2788.04173881, 2697.00444265, 2607.29259349, 2661.1252949, 2768.74994616, 2762.52102715, 2771.63144961, 2894.17854375, 2863.6295092, 2829.76931659];2017-07-16 12:00:00;2017-10-08 12:00:00
316;13;median;0.09528842901863974;58.333333333333336;0.09643715453735216;451.0322333653194;0.09643591088812532;375.91946271092206;[4508.0, 3991.0, 3886.0, 4226.0, 4297.0, 3077.0, 3922.0, 4642.0, 4072.0, 3787.0, 3349.0, 4066.0, 3983.0];[3755.95825818, 3669.20016835, 3852.82687363, 3772.21311254, 3726.50540315, 3724.66699136, 3904.30465912, 3915.7005259580137, 4181.88188326, 4048.65421351, 3910.88139761, 3908.75966262, 3709.66280695];2017-07-16 12:00:00;2017-10-08 12:00:00
317;13;median;0.17379032563658983;33.333333333333336;0.19234618973827214;711.8678999132078;0.19234340651535173;665.504412394481;[3655.0, 3808.0, 3633.0, 3613.0, 3695.0, 3768.0, 3792.0, 3736.0, 3827.0, 3735.0, 3552.0, 4420.0, 3854.0];[3386.76626763, 3346.61863246, 3168.05379581, 3080.0059359417455, 3100.47845205, 3047.43941253, 3006.91473857, 3017.24987413, 3028.00016032, 3054.0640282, 3074.67322066, 3062.68282143, 3063.49529914];2017-07-16 12:00:00;2017-10-08 12:00:00
318;13;median;0.1322472235329678;50.0;0.1446204186659771;420.14899442027536;0.14461740926982317;349.2191856192308;[2547.0, 2678.0, 2381.0, 2733.0, 2894.0, 1965.0, 2326.0, 3097.0, 2363.0, 2247.0, 2099.0, 2524.0, 2466.0];[2165.43696079, 2083.90899562, 2183.24036255, 2333.49193032, 2236.32412477, 2113.8338094, 2056.91004149, 2210.33925545, 2154.02062053, 2166.1708326, 2134.43482577, 2152.33700492, 2158.23909308];2017-07-16 12:00:00;2017-10-08 12:00:00
319;13;median;0.21898118353603;41.666666666666664;0.2568862998661824;776.1071787256446;0.25688093172441306;620.0234096123531;[2572.0, 2584.0, 2776.0, 3036.0, 3647.0, 2357.0, 2695.0, 3086.0, 2379.0, 1989.0, 1862.0, 2062.0, 2276.0];[2035.7625760694093, 1954.64385696, 2039.98823534, 1967.65704194, 1884.92597641, 1846.51999037, 1897.26880179, 1982.72386725, 2014.81951298, 2048.81190622, 2101.7789106, 2032.81159211, 2052.16504064];2017-07-16 12:00:00;2017-10-08 12:00:00
320;13;median;0.0906141362512297;66.66666666666667;0.08784151126012635;631.0927639037769;0.08784072736743649;497.26505966615395;[6172.0, 5932.0, 5665.0, 6110.0, 5342.0, 4145.0, 5273.0, 5132.0, 6994.0, 6018.0, 5745.0, 6651.0, 6108.0];[5914.90179887, 5826.20878667, 5809.30918207, 5803.07837222, 5728.78929007, 5569.41625696, 5657.56800068, 5777.08319784, 5822.08878437, 5724.72718338, 5964.67467429, 5862.10120021, 5772.28870053];2017-07-16 12:00:00;2017-10-08 12:00:00
321;13;median;0.11729180404940752;58.333333333333336;0.12701719880487441;397.1805212783511;0.12701464096233311;317.15247306902205;[2626.0, 2370.0, 2401.0, 2830.0, 3284.0, 2103.0, 2352.0, 2865.0, 2483.0, 2381.0, 2317.0, 2530.0, 2515.0];[2309.93128835, 2248.10753714, 2220.0652266, 2324.26440983, 2323.92900012, 2310.13230954, 2199.20200106, 2220.55096331, 2240.64015482, 2212.21208567, 2239.29898733, 2292.188127742712, 2207.76037767];2017-07-16 12:00:00;2017-10-08 12:00:00
322;13;median;0.2705015221141628;50.0;0.3184346956691813;1650.036655413979;0.3184313434330829;1518.653122640769;[5324.0, 4761.0, 4912.0, 5730.0, 6273.0, 4394.0, 5408.0, 6709.0, 5429.0, 5251.0, 4661.0, 5976.0, 5605.0];[3997.41820412, 3927.57933332, 3874.89788509, 4017.92168348, 3837.40174775, 3790.2623127, 3827.29177449, 3786.50985288, 3917.82663764, 3939.73646758, 3934.60548111, 3924.92590094, 3914.13212457];2017-07-16 12:00:00;2017-10-08 12:00:00
323;13;median;0.20911624244583477;41.666666666666664;0.23882285664619898;731.3072657202562;0.2388184319718569;647.0882851827707;[3057.0, 2539.0, 2419.0, 2741.0, 2917.0, 2209.0, 2798.0, 3546.0, 3183.0, 3140.0, 2856.0, 3481.0, 3241.0];[2354.47984288, 2201.08819896, 2274.32944038, 2385.0875929088893, 2284.22866471, 2361.48608431, 2327.68735735, 2270.43063657, 2306.47703484, 2288.54317625, 2290.63119489, 2362.812741245091, 2312.54249595];2017-07-16 12:00:00;2017-10-08 12:00:00
324;13;median;0.15365686887460492;25.0;0.14081985648337977;541.5660487723799;0.1408178669223272;498.4692814463094;[3215.0, 3336.0, 3183.0, 3166.0, 3238.0, 3301.0, 3322.0, 3274.0, 3354.0, 3273.0, 3112.0, 3872.0, 3377.0];[3618.64111377, 3545.49733991, 3908.56176466, 3806.1951308720227, 3753.32822292, 3915.10725977, 3763.38617408, 3803.05831202, 3797.7113635, 3881.24072693, 4002.22845727, 3892.3492446, 3815.7955485];2017-07-16 12:00:00;2017-10-08 12:00:00
325;13;median;0.12692853908236665;66.66666666666667;0.1330951240346995;575.2393187652334;0.13309330718963114;491.17582681193477;[3852.0, 3618.0, 3667.0, 4098.0, 3958.0, 2932.0, 3769.0, 4767.0, 4198.0, 3692.0, 3344.0, 4281.0, 2884.0];[3421.28780931, 3337.5684056, 3291.20044432, 3588.05604857, 3537.639692573378, 3248.24208611, 3412.8813183414695, 3408.84686972, 3562.87044584, 3454.54003654, 3455.67709942, 3592.82576895, 3549.08340279];2017-07-16 12:00:00;2017-10-08 12:00:00
326;13;median;0.15422772006155658;58.333333333333336;0.17016197050476364;1933.0835080967952;0.1701610362647446;1561.665265358345;[9791.0, 8592.0, 8763.0, 9250.0, 7963.0, 6586.0, 9213.0, 11666.0, 10414.0, 9639.0, 9268.0, 11945.0, 10586.0];[8375.77000658, 8434.46956609, 8410.2295037, 8178.72148248, 7929.5130815, 7849.61126357, 8031.14097891, 8076.011683261517, 8114.94944374, 8102.52061793, 8113.25689179, 8146.75859319, 8138.62096474];2017-07-16 12:00:00;2017-10-08 12:00:00
327;13;median;0.17099118998721738;50.0;0.18710589620741558;530.053752659603;0.1871020720463884;461.4507484176923;[2826.0, 2377.0, 2613.0, 2854.0, 2688.0, 1744.0, 2439.0, 3290.0, 2774.0, 2447.0, 2203.0, 2916.0, 2726.0];[2265.33991566, 2279.05875028, 2199.74744594, 2346.71566705, 2210.12887227, 2147.96981313, 2044.89691994, 2175.96677416, 2204.97719059, 2150.56064916, 2183.82953482, 2193.80680459, 2303.08155924];2017-07-16 12:00:00;2017-10-08 12:00:00
328;13;median;0.14805459505774296;58.333333333333336;0.164223225115922;1923.6546643041645;0.16422239021205332;1619.9727292384612;[11786.0, 9960.0, 9820.0, 10747.0, 10786.0, 7966.0, 9968.0, 12266.0, 10587.0, 8995.0, 8982.0, 11725.0, 10511.0];[8611.2122333, 8462.01562431, 8825.39745828, 8966.51160809, 8982.66593873, 8300.25275106, 8289.24888699, 8678.54347247, 8738.90251884, 8833.50325927, 8810.96974017, 9007.4740299, 9201.16250061];2017-07-16 12:00:00;2017-10-08 12:00:00
329;13;median;0.13167911577848979;50.0;0.13811043106879642;614.7823738804478;0.13810846554841855;490.24324024615385;[3899.0, 3130.0, 3356.0, 3606.0, 3534.0, 2475.0, 3407.0, 4577.0, 4188.0, 3678.0, 3283.0, 4192.0, 3984.0];[3276.49267383, 3227.84128184, 3291.33925242, 3344.51528805, 3305.35388883, 3305.37109685, 3134.3910739, 3286.8521639, 3332.88191419, 3344.52729874, 3328.68256021, 3320.07082883, 3385.30843301];2017-07-16 12:00:00;2017-10-08 12:00:00
330;13;median;0.14155897871526907;58.333333333333336;0.15184478383978545;1063.7600652920632;0.1518435146613522;914.2149642061539;[6871.0, 5873.0, 6170.0, 6691.0, 6293.0, 4403.0, 6148.0, 7417.0, 6375.0, 5700.0, 5761.0, 6663.0, 7417.0];[5513.06543524, 5519.26672477, 5583.98775677, 5660.98099788, 5678.62845215, 5405.82603676, 5344.34237956, 5471.32388846, 5606.24810027, 5596.74694639, 5475.05812554, 5493.62602197, 5553.75667308];2017-07-16 12:00:00;2017-10-08 12:00:00
331;13;median;0.11384671035121387;50.0;0.12182650162217303;553.8448401654654;0.12182461693967615;397.71162291031226;[3191.0, 3095.0, 2805.0, 3275.0, 3230.0, 2471.0, 3448.0, 4534.0, 3545.0, 3233.0, 3179.0, 3157.0, 3530.0];[2993.20495107, 2999.31368244, 3176.31304798, 3208.3319651959405, 3002.75062326, 2901.32858056, 2938.35699121, 2942.25181783, 2899.80296648, 2972.97499867, 3005.96165168, 3046.0654099, 3039.37547297];2017-07-16 12:00:00;2017-10-08 12:00:00
332;13;median;0.17618331322884995;50.0;0.19779150639438695;632.3002869716836;0.1977879372649103;549.9910520976922;[2774.0, 2724.0, 2885.0, 3325.0, 3629.0, 2345.0, 3088.0, 3348.0, 2915.0, 2738.0, 2573.0, 3229.0, 2961.0];[2348.4992096, 2395.46729579, 2445.73470778, 2491.00955637, 2418.07621439, 2428.30757156, 2333.70002756, 2425.88013951, 2387.04627612, 2409.13054914, 2463.0766449, 2522.16573185, 2482.63754128];2017-07-16 12:00:00;2017-10-08 12:00:00
333;13;median;0.17708142440855273;83.33333333333333;0.19796502937400492;839.0537710677978;0.19796241741648637;752.525516111062;[4019.0, 3939.0, 4008.0, 4178.0, 4154.0, 3076.0, 3917.0, 4989.0, 4219.0, 4007.0, 3832.0, 4543.0, 4318.0];[3518.31036286, 3349.36770831, 3412.6774461, 3634.55928915, 3501.130037296193, 3070.17224517, 3067.67566371, 3320.52870593, 3297.4393527, 3233.68693202, 3164.88358281, 3377.79712242, 3467.93984208];2017-07-16 12:00:00;2017-10-08 12:00:00
334;13;median;0.16361135799270637;66.66666666666667;0.18287450387960022;950.4109713477264;0.182872445501006;814.6914161130769;[5003.0, 4375.0, 4539.0, 4653.0, 5501.0, 3930.0, 4734.0, 5515.0, 5429.0, 4309.0, 3932.0, 4650.0, 4767.0];[3933.38482162, 3849.33453788, 3938.31073234, 4072.32503363, 3969.43872012, 3834.89485537, 3873.33836017, 3815.4771555, 3943.53638899, 3754.50747667, 3838.19073187, 3934.16283856, 3989.10993781];2017-07-16 12:00:00;2017-10-08 12:00:00
335;13;median;0.1876855060610182;91.66666666666667;0.21247947342744491;452.6645992171136;0.21247334751368008;372.48331502993494;[1984.0, 1637.0, 2053.0, 2085.0, 2375.0, 1537.0, 2031.0, 2317.0, 1744.0, 1468.0, 1250.0, 1730.0, 1702.0];[1399.16126306, 1341.22678487, 1472.94794018, 1628.24838077, 1495.88011925, 1412.27996125, 1508.30738881, 1595.1769167308462, 1593.77026788, 1509.72819157, 1460.91758363, 1581.14672334, 1577.21693367];2017-07-16 12:00:00;2017-10-08 12:00:00
336;13;median;0.16917665126576462;66.66666666666667;0.18928014071562765;432.08180557992546;0.18927498084704936;349.99098055904017;[1682.0, 2188.0, 1939.0, 2411.0, 2429.0, 1734.0, 1835.0, 2171.0, 1857.0, 1650.0, 1562.0, 2022.0, 1350.0];[1589.04382697, 1601.0489386, 1619.3425696986683, 1632.06286173, 1614.45705601, 1580.6412647208924, 1595.2639515276858, 1596.06496627, 1602.3339665052313, 1587.97031118, 1595.17950995, 1613.06060453, 1579.99355506];2017-07-16 12:00:00;2017-10-08 12:00:00
337;13;median;0.21441098504279618;50.0;0.24659963827232856;667.0977540607148;0.24659443657344848;586.86730591;[2838.0, 2690.0, 2470.0, 3041.0, 3116.0, 2190.0, 2571.0, 3022.0, 2481.0, 2196.0, 2106.0, 2391.0, 2614.0];[1971.78287855, 2001.71070958, 2016.4046421, 2073.73497236, 1992.22206568, 1991.67901796, 1988.94498896, 2023.40361013, 2008.66710319, 1995.81307385, 2007.75672945, 2019.59874023, 2005.00649113];2017-07-16 12:00:00;2017-10-08 12:00:00
338;13;median;0.09944983170924014;58.333333333333336;0.0961114053300406;471.75365781583366;0.09611004339038504;344.0578451707693;[4385.0, 3907.0, 3606.0, 3890.0, 3564.0, 2431.0, 3703.0, 4398.0, 3699.0, 3437.0, 3386.0, 4085.0, 3801.0];[3648.72338109, 3620.11029124, 3688.17390078, 3715.68352658, 3687.22806625, 3545.89113915, 3479.1594042, 3568.19553913, 3647.873733, 3588.40373166, 3604.51217929, 3692.94899254, 3712.76216213];2017-07-16 12:00:00;2017-10-08 12:00:00
339;13;median;0.16118969744002212;66.66666666666667;0.1793282671177677;1340.266178284304;0.1793268958104563;1174.4838175;[7431.0, 6881.0, 7184.0, 7855.0, 7520.0, 6190.0, 7526.0, 7912.0, 7010.0, 6089.0, 6089.0, 6444.0, 6709.0];[5650.34203169, 5807.23162649, 5861.38365829, 5834.77564075, 5783.77757535, 5605.46847316, 5641.35301006, 5865.78233099, 5887.42876315, 5769.71800268, 5868.70409368, 5971.27236322, 6024.47280299];2017-07-16 12:00:00;2017-10-08 12:00:00
340;13;median;0.10159218825046924;41.666666666666664;0.10622269531311265;674.5677676101642;0.10622169644855452;567.5222643739834;[5896.0, 5259.0, 5643.0, 6241.0, 6242.0, 4539.0, 5038.0, 6269.0, 5306.0, 4688.0, 4423.0, 5340.0, 5205.0];[4924.76026795, 4965.09951739, 5129.74180976, 5248.13570881, 5292.1791188, 5108.447036788491, 5027.549271266706, 4961.89785662, 4981.88957733, 4957.40429409, 4989.66178779, 4942.78418298, 4992.6863709];2017-07-16 12:00:00;2017-10-08 12:00:00
341;13;median;0.09418093237513005;41.666666666666664;0.09763156259993555;180.43664089811446;0.09762783770346253;129.24848379181933;[1717.1, 1304.4, 1335.5, 1379.2, 1276.9, 1007.2, 1323.0, 1575.6, 1307.0, 1264.5, 1118.6, 1349.1, 1323.0];[1270.4992592170365, 1265.31408794, 1254.60479945, 1211.91181535, 1215.33787562, 1190.94083165, 1203.26419039, 1270.99605797, 1291.62452201, 1292.1434603706878, 1321.93014526, 1322.49194221, 1326.76040217];2017-07-16 12:00:00;2017-10-08 12:00:00
342;13;median;0.11973471763990425;66.66666666666667;0.12389939523136718;558.5832549465772;0.12389775065892186;470.6495182347718;[4274.0, 3596.0, 3596.0, 4510.0, 4182.0, 2859.0, 3579.0, 4723.0, 4013.0, 3409.0, 3143.0, 4375.0, 3933.0];[3438.55890531, 3443.82879993, 3464.5235657, 3866.54617829, 3613.08929468, 3597.056582682496, 3505.17005113, 3698.17290933, 3647.97791457, 3573.27218343, 3564.9153922795376, 3608.683274, 3700.2495284];2017-07-16 12:00:00;2017-10-08 12:00:00
343;13;median;0.1166480652494274;75.0;0.10604130822068589;463.70192596442064;0.10603957812056325;331.64470730445976;[3730.0, 3182.0, 3165.0, 3463.0, 3098.0, 1955.0, 2964.0, 4003.0, 3550.0, 3348.0, 3014.0, 3879.0, 3559.0];[3178.09852043, 3101.59797906, 3275.23557746, 3361.52822549, 3326.06807655, 3216.38667119, 3233.41160285, 3390.92927315, 3373.62138652, 3372.13372019, 3373.39155361, 3428.2052275520227, 3644.73460531];2017-07-16 12:00:00;2017-10-08 12:00:00
344;13;median;0.12525929568327376;25.0;0.12410976603103616;512.2022355784056;0.12410783005782106;401.9378790569231;[3807.0, 3360.0, 3266.0, 3406.0, 3122.0, 2212.0, 2982.0, 3988.0, 3389.0, 3160.0, 3126.0, 3584.0, 3988.0];[3219.55318903, 3032.76107297, 3075.69804037, 2988.71540389, 3086.42660529, 3287.82581502, 3215.69325879, 3163.46030033, 3100.99342657, 3102.89031984, 3145.30530087, 3205.95611586, 3197.17747279];2017-07-16 12:00:00;2017-10-08 12:00:00
345;13;median;0.1087493694338763;58.333333333333336;0.09925499418255128;822.3311109108539;0.09925405404822138;533.6184182499999;[7012.0, 5532.0, 5818.0, 5845.0, 5240.0, 3442.0, 5592.0, 6704.0, 5512.0, 5418.0, 5004.0, 5866.0, 5701.0];[5572.34745557, 5509.60396691, 5677.11927198, 5608.3638589, 5560.92619589, 5607.1482754, 5487.13701643, 5599.29955485, 5745.0300948, 5694.80512448, 5686.39698401, 5736.21589529, 5780.8197826];2017-07-16 12:00:00;2017-10-08 12:00:00
346;13;median;0.09189566339822589;83.33333333333333;0.09055537860661533;437.8190107062222;0.09055410066312129;325.0101029015384;[4217.0, 3343.0, 3621.0, 3938.0, 3702.0, 2575.0, 3277.0, 4485.0, 3790.0, 3487.0, 3158.0, 4196.0, 3823.0];[3445.18643113, 3465.03333175, 3642.83233544, 3718.42170869, 3611.30324361, 3477.15121721, 3488.20529505, 3740.47006706, 3664.18863322, 3501.44754059, 3525.26516736, 3706.13470896, 3679.09875701];2017-07-16 12:00:00;2017-10-08 12:00:00
347;13;median;0.14278833767526616;50.0;0.13614479959687092;688.2390755517001;0.13614315113593117;569.6176841661538;[4952.0, 4054.0, 3637.0, 4411.0, 4431.0, 2762.0, 3708.0, 4300.0, 5288.0, 4673.0, 3860.0, 5166.0, 4657.0];[4230.06403363, 4594.31871356, 4332.61686619, 4403.99097736, 4365.658533, 4219.27630639, 4155.86017726, 4103.53075786, 4242.09655909, 4108.16176484, 4276.10285946, 4287.10903641, 4289.53336651];2017-07-16 12:00:00;2017-10-08 12:00:00
348;13;median;0.03828100463013272;33.333333333333336;0.03792850401644993;191.11209119217168;0.037927984398222904;138.74736582846148;[3449.0, 3593.0, 3428.0, 3409.0, 3487.0, 3556.0, 3578.0, 3526.0, 3612.0, 3525.0, 3352.0, 4171.0, 3637.0];[3386.35855951, 3422.29146926, 3449.73354045, 3480.66329716, 3560.52825974, 3553.92963421, 3557.8561066, 3651.46616395, 3570.43731779, 3684.85623412, 3752.24555874, 3762.7744467, 3882.87023568];2017-07-16 12:00:00;2017-10-08 12:00:00
349;13;median;0.13243017643791058;75.0;0.13284789864283736;845.660973228798;0.13284661398626435;697.7247151207695;[6407.0, 5330.0, 5444.0, 5744.0, 4513.0, 3424.0, 6361.0, 6498.0, 5367.0, 5326.0, 5042.0, 6151.0, 5677.0];[5062.64222854, 4906.57236002, 5315.86869401, 5158.28692536, 4993.69931038, 4971.13832206, 5147.02075903, 5218.90228434, 4992.02665069, 5026.99255747, 5050.91679592, 5342.17715083, 5100.8435215];2017-07-16 12:00:00;2017-10-08 12:00:00
350;13;median;0.18703218440009783;16.666666666666668;0.1962824032672041;371.75553199090905;0.19627624325806042;317.83124629846156;[2083.0, 1704.0, 1622.0, 1626.0, 1306.0, 1010.0, 1719.0, 2189.0, 1661.0, 1753.0, 1591.0, 2057.0, 1850.0];[1470.66256786, 1482.65730661, 1542.65240973, 1465.95097269, 1478.01890592, 1490.08424525, 1473.08901518, 1531.17744143, 1479.52513608, 1458.54133279, 1487.49694068, 1471.2655701, 1512.27825614];2017-07-16 12:00:00;2017-10-08 12:00:00
351;13;median;0.297921433211388;50.0;0.2397336753118397;543.8936337712659;0.23972670954194306;417.41470814999997;[1339.0, 1395.0, 1331.0, 1324.0, 1354.0, 1381.0, 1389.0, 1369.0, 1402.0, 1369.0, 1302.0, 1619.0, 1412.0];[1342.64201937, 1358.64200889, 1372.20579642, 1427.81632252, 1517.104199, 1632.41434722, 1724.93276178, 1825.51200618, 1926.11018809, 2092.70798899, 2210.48711815, 2428.89464103, 2480.20582609];2017-07-16 12:00:00;2017-10-08 12:00:00
352;13;median;0.13625894917394837;33.333333333333336;0.12163100904915608;285.17647744028113;0.1216270716788772;191.41143563549537;[2197.0, 1711.0, 1661.0, 1535.0, 1444.0, 953.0, 1526.0, 1840.0, 1722.0, 1540.0, 1534.0, 1671.0, 1661.0];[1628.13197986, 1739.01644582, 1707.7760295758308, 1693.23181923, 1635.10289809, 1696.28719538, 1599.24412715, 1595.07350802, 1603.80217491, 1683.8699179856092, 1655.60364112, 1629.39199521, 1652.38375309];2017-07-16 12:00:00;2017-10-08 12:00:00
353;13;median;0.17878652660159933;33.333333333333336;0.1772532448077907;695.2743135283476;0.177250418920309;569.0464204469231;[3513.0, 3203.0, 2907.0, 3031.0, 2335.0, 1945.0, 3178.0, 4175.0, 3651.0, 3512.0, 3573.0, 4511.0, 3884.0];[3085.98092693, 2987.71141971, 3027.50359819, 3151.76632741, 3038.30615188, 3068.88837337, 3008.89210846, 3068.14731658, 3141.33163052, 3145.48709887, 3123.48044457, 3118.50823804, 3191.32180136];2017-07-16 12:00:00;2017-10-08 12:00:00
354;13;median;0.19860492000670846;66.66666666666667;0.16838498011184277;773.973215160761;0.1683824942697885;573.1417318993215;[2777.0, 2893.0, 2760.0, 2745.0, 2807.0, 2862.0, 2880.0, 2838.0, 2908.0, 2838.0, 2698.0, 3357.0, 2928.0];[2819.8589369, 2915.76593768, 2775.56299223, 2895.36617392, 2921.58637753, 2983.84830196, 3296.58959245, 3585.89779481, 3865.53975791, 4140.9642733, 4197.982597239731, 4287.48709408, 4055.3926846814475];2017-07-16 12:00:00;2017-10-08 12:00:00
355;13;median;0.14853796713502432;58.333333333333336;0.1397953021693435;643.7281868655054;0.13979342673797523;529.1092437478072;[4387.0, 3772.0, 3660.0, 3878.0, 3131.0, 2405.0, 4081.0, 4811.0, 4170.0, 4017.0, 3824.0, 4661.0, 4297.0];[3999.30339783, 4135.58028686, 4111.29150395, 4156.07018956, 4016.65326148, 3765.8316640014937, 3757.32996986, 3791.283193, 3805.87150773, 3891.72534482, 3851.58575057, 3841.72997592, 3825.34909854];2017-07-16 12:00:00;2017-10-08 12:00:00
356;13;median;0.11550484194507901;58.333333333333336;0.11333008675193573;485.7820803983446;0.11332838831307068;383.03563263076927;[3938.0, 3363.0, 3249.0, 3515.0, 3097.0, 2275.0, 3421.0, 4166.0, 3807.0, 3434.0, 3303.0, 4024.0, 3747.0];[3365.87839979, 3561.08989161, 3493.10073868, 3425.09415386, 3313.31188608, 3311.50557543, 3301.67291328, 3357.22433529, 3360.22368845, 3336.51800495, 3344.78202396, 3372.21697328, 3290.49842266];2017-07-16 12:00:00;2017-10-08 12:00:00
357;13;median;0.10565362300804768;58.333333333333336;0.10590306495101595;825.7744968214832;0.10590208139212078;578.9097790287674;[6907.0, 5711.0, 5496.0, 5862.0, 5380.0, 3660.0, 5159.0, 6787.0, 5596.0, 5445.0, 5345.0, 6156.0, 5866.0];[5384.85724339, 5458.42268918, 5597.120200841096, 5622.48659424712, 5412.82971377, 5246.20921766, 5145.84259343, 5203.03530737, 5283.87914265, 5223.57043324, 5220.8618261, 5233.22446168, 5252.15171361];2017-07-16 12:00:00;2017-10-08 12:00:00
358;13;median;0.1433858457966975;41.666666666666664;0.14230302479022264;694.0132694834424;0.1423011741188921;554.8699501258509;[4458.0, 5098.0, 4518.0, 4973.0, 3973.0, 2613.0, 3476.0, 4213.0, 3386.0, 3627.0, 3299.0, 3743.0, 3965.0];[3696.78084159, 3715.80752312, 4041.94378551, 3881.3398674, 3857.05571025, 3846.02134604, 3926.790424322726, 3803.64583525, 3804.289365017877, 3762.816994585543, 3718.746557149916, 3701.98326697, 3686.79850539];2017-07-16 12:00:00;2017-10-08 12:00:00
