DATA;UF;PRODUCT;MODEL;PARAMS;WINDOW;HORIZON;RMSE;MAPE;POCID;PBE;MASE;P1;P2;P3;P4;P5;P6;P7;P8;P9;P10;P11;P12
rf;MA;oleodiesel;knn_rf_deepar_svr_catboost_arima;{};12;12;4168.584235532028;0.029149615386232227;63.63636363636363;-0.11845096844251299;0.15295765109042414;104324.03871144775;101356.33493044914;100958.80457000199;106248.47598588228;110833.59523120981;116538.73825314538;116598.67470648;119143.22800916886;121688.98436598202;118581.37626523459;109595.38087659053;96764.49751972294
svr;MA;oleodiesel;knn_rf_deepar_svr_catboost_arima;{};12;12;3143.6339646452047;0.023345102165474817;81.81818181818181;0.7922596848317975;0.12878420598507426;105571.68840968522;100401.4257977876;102504.15367851334;110537.80505958156;113944.99779495134;119479.49434958924;112695.74785584475;118557.15874833791;119596.31675057205;112094.11058574799;105144.4921957706;90073.63744798228
ridge;MA;oleodiesel;knn_rf_deepar_svr_catboost_arima;{};12;12;3154.108649583662;0.023924188281189057;81.81818181818181;0.767259177252799;0.1316175089536305;105745.92883960057;99884.58052261973;102745.26397946382;110670.19611866806;114166.37151896421;119199.78500859662;112606.95931027233;118672.65731281202;119762.4996809334;111622.63724373683;105511.64816655687;90342.77450569964
linear;MA;oleodiesel;knn_rf_deepar_svr_catboost_arima;{};12;12;3153.5689952967164;0.02392195588461979;81.81818181818181;0.7680565679743728;0.13161752022100712;105751.66385045635;99875.89111526446;102749.04548528713;110673.58839909897;114165.7128597992;119201.19696275001;112596.12133238999;118682.67207621023;119764.04024501727;111608.63482826708;105520.37832683201;90331.82265837658
