DATA;UF;PRODUCT;MODEL;PARAMS;WINDOW;HORIZON;RMSE;MAPE;POCID;PBE;MASE;P1;P2;P3;P4;P5;P6;P7;P8;P9;P10;P11;P12
mean;PR;glp;knn_rf_deepar_svr_catboost_arima;{};12;12;3543.6945959909976;0.03985659678483003;72.72727272727273;-0.05212454408916415;0.6737910285590994;75582.48108607733;74896.83179667927;80370.83450742607;81806.97536896839;84284.0073078285;84775.27502436689;82053.48039773291;81190.15659486866;78495.57519398184;77604.69152141469;73455.95987666123;72460.14520593321
