DATA;UF;PRODUCT;MODEL;PARAMS;WINDOW;HORIZON;RMSE;MAPE;POCID;PBE;MASE;P1;P2;P3;P4;P5;P6;P7;P8;P9;P10;P11;P12
mean;AC;glp;knn_rf_deepar_svr_catboost_arima;{};12;12;195.86180318013746;0.045046807632624;36.36363636363637;2.24074210281388;0.9362857571205806;3070.6940123293143;2995.368111546016;3034.903553243606;3030.9150498503263;3041.7152515249295;3026.7304835361956;3012.946113175117;3013.0721519162535;3030.0058757639827;3162.531407346297;3001.887580869651;2985.7986369110176
