DATA;UF;PRODUCT;MODEL;PARAMS;WINDOW;HORIZON;RMSE;MAPE;POCID;PBE;MASE;P1;P2;P3;P4;P5;P6;P7;P8;P9;P10;P11;P12
normal;CE;etanolhidratado;knn;{};12;12;7707.233994512868;1.191399332554308;54.54545454545455;97.28750763274748;0.8033463641647246;-2560.8735261014904;-360.06223697088;2382.785143044416;3345.019299781863;3973.0813181394888;4251.847432425688;3333.5967134925586;903.4424420614014;-26.137467553739384;-1099.916258178696;-5955.266027115004;-7138.292909756602
deseasonal;CE;etanolhidratado;knn;{};12;12;8475.26862112881;4.031431477837856;45.45454545454545;93.45518792480036;1.2299042004774445;-2127.015767016669;35.6339815012941;2044.9716198993513;3316.2309953797594;4906.017972917838;7140.666172475811;5448.504537462307;3124.013459029711;-502.3531810831728;-5502.255977854025;-6804.362655712535;-8051.168529591704
log;CE;etanolhidratado;knn;{};12;12;6339.65945745823;4.680226778376894;45.45454545454545;89.69544274563994;0.7973984794223706;-441.1436223110049;253.76701099723493;3626.1566928256666;5505.170028338617;4215.074848176745;2621.851489212294;819.2782251948244;212.48946476651588;-1337.007141315828;-1750.504301460071;-3006.900620913129;-5311.653909896505
