DATA;UF;PRODUCT;MODEL;PARAMS;WINDOW;HORIZON;RMSE;MAPE;POCID;PBE;MASE;P1;P2;P3;P4;P5;P6;P7;P8;P9;P10;P11;P12
normal;RN;etanolhidratado;knn;{};12;12;4242.996816283891;1.8149033600171325;54.54545454545455;206.73007873793176;1.235101726185419;-577.2113798490052;-1252.853519621073;-425.82436141306533;930.0116133067694;1930.2759080819992;2818.5342365395686;3928.4521742447005;3416.917741087218;2045.9469477143589;225.55464838175237;-1127.8258442209485;-4016.2938981133225
deseasonal;RN;etanolhidratado;knn;{};12;12;4940.552625410599;3.2734242997975205;27.272727272727273;6.020311052923377;1.2674878565310754;-1397.213280114307;-1185.8274853846374;-1108.7270215309522;-86.86929462047124;2610.1650811297986;2461.7043016698717;2788.666454720469;82.8932892351595;-912.5055987898866;-3800.8127190738387;-5994.482317484364;-6245.4828532379315
log;RN;etanolhidratado;knn;{};12;12;2871.058680847193;5.3374525681356495;63.63636363636363;-564.8136525078334;1.0776508948774668;-1146.2959537928955;-352.21956855115036;4010.729014673602;3542.6406308631226;4035.2791366857323;2317.14979751655;1330.519027172817;634.1256380119022;106.88620466837779;-819.2754701691579;-3258.632439660726;-3488.758872619575
