DATA;UF;PRODUCT;MODEL;PARAMS;WINDOW;HORIZON;RMSE;MAPE;POCID;PBE;MASE;P1;P2;P3;P4;P5;P6;P7;P8;P9;P10;P11;P12
mean;MS;etanolhidratado;knn_rf_deepar_svr_catboost_arima;{};12;12;4195.509892774029;0.29416013142950737;81.81818181818181;32.03053188426397;1.232733050693383;6883.888940518041;6681.332057487539;6607.426251435078;6349.233851801293;7191.040290489448;7432.215164408125;8005.00967409713;8369.275100714523;8368.760487817357;9542.710964856165;8681.373207910934;7960.161075328073
