DATA;UF;PRODUCT;MODEL;PARAMS;WINDOW;HORIZON;RMSE;MAPE;POCID;PBE;MASE;P1;P2;P3;P4;P5;P6;P7;P8;P9;P10;P11;P12
mean;RJ;etanolhidratado;knn_rf_deepar_svr_catboost_arima;{};12;12;28021.253412909005;0.34882466110080057;72.72727272727273;37.59591544708066;1.2114437325436496;41005.252643843225;37714.69483418228;37524.349343491995;36278.48951689972;37083.76409595622;38919.64578540449;40925.29734503476;42810.57812442443;43227.97104155364;47848.18047863093;46228.34819491012;44159.039411436446
