DATA;UF;PRODUCT;MODEL;PARAMS;WINDOW;HORIZON;RMSE;MAPE;POCID;PBE;MASE;P1;P2;P3;P4;P5;P6;P7;P8;P9;P10;P11;P12
mean;PI;etanolhidratado;knn_rf_deepar_svr_catboost_arima;{};12;12;3425.6560665143707;0.4288749580398879;63.63636363636363;46.843300338796325;0.929487749050383;3453.6491272085555;3223.893637424839;3008.151457154863;2969.725119510949;2964.041194589698;3291.2296929269846;3416.71950191303;3655.7840080381507;3740.6560172594936;4007.056546403653;3966.244894860668;3757.798449398357
