dataset_index;horizon;regressor;mape;pocid;smape;rmse;msmape;mae;test;predictions;start_test;final_test
9;8;CWT_rf_normal;0.07577419645786787;42.857142857142854;0.0762682200653529;14.449374251182116;0.07624416740120434;12.12193727118791;[133.956916099773, 162.868480725624, 175.382653061224, 168.12641723356, 161.621315192744, 176.799886621315, 159.651360544218, 166.72335600907];"[158.18287403 154.39185683 154.42864314 158.00584771 159.34482885
 157.04368661 156.53865423 158.67041178]";1998-03-29;1998-05-17
18;8;CWT_rf_normal;0.07358728445471985;57.142857142857146;0.06869117041381052;17.06800699272831;0.06867189302156075;12.266055559503702;[187.131519274377, 186.862244897959, 180.428004535147, 181.434240362812, 148.299319727891, 179.450113378685, 187.542517006803, 189.030612244898];"[182.53072791 177.22604204 187.2015821  189.91913993 189.18142162
 199.34145925 190.86467121 184.49324109]";1998-03-29;1998-05-17
24;8;CWT_rf_normal;0.04901732827596599;57.142857142857146;0.047068935094848094;9.179874614448181;0.04705217643489539;6.621988706331708;[140.419501133787, 157.766439909297, 150.085034013606, 148.823696145125, 123.058390022676, 143.948412698413, 137.641723356009, 145.507369614512];"[147.77021769 153.74993799 143.88160682 143.61900423 145.11334649
 143.80745887 144.80204863 146.35170611]";1998-03-29;1998-05-17
27;8;CWT_rf_normal;0.12737262672189742;14.285714285714286;0.1315299478230605;18.429290742269213;0.13147398890904474;15.543201489632372;[126.941609977324, 134.353741496599, 118.069727891156, 142.715419501134, 91.2131519274377, 132.001133786848, 118.381519274376, 116.156462585034];"[109.4501467  109.08106753 115.70622403 114.24145033 115.24411804
 113.41069905 114.22605882 112.18932225]";1998-03-29;1998-05-17
12;8;CWT_rf_normal;0.14018429657069056;57.142857142857146;0.1482703106408163;22.9996655468105;0.14821818014129823;21.171042677941095;[146.952947845805, 158.914399092971, 155.201247165533, 145.195578231293, 115.221088435374, 175.014172335601, 152.33843537415, 153.245464852608];"[133.55080652 132.64596688 121.98862141 134.43458773 136.49556459
 139.33921504 136.52744424 140.2817378 ]";1998-03-29;1998-05-17
15;8;CWT_rf_normal;0.040103380042059766;57.142857142857146;0.04148154819428241;9.335047199982153;0.04146953647969559;7.16430447850728;[171.343537414966, 185.912698412698, 170.46485260771, 171.839569160998, 175.382653061225, 181.575963718821, 173.228458049887, 168.395691609977];"[161.70670949 166.71217548 171.14398794 168.76524681 164.83328661
 171.31746948 170.40132703 169.4843272 ]";1998-03-29;1998-05-17
21;8;CWT_rf_normal;0.06304604937036748;42.857142857142854;0.06603830584247165;10.400738339414701;0.06601283100865446;8.560343647043302;[130.172902494331, 139.68253968254, 123.469387755102, 124.674036281179, 126.275510204082, 140.958049886621, 136.139455782313, 132.851473922902];"[123.35490431 123.05211039 121.33062072 121.5742663  122.92960655
 122.39606375 124.70222783 126.400807  ]";1998-03-29;1998-05-17
6;8;CWT_rf_normal;0.09536613499775946;57.142857142857146;0.09741638606122266;16.03538353981677;0.09738292281076852;14.23193452842869;[164.356575963719, 172.548185941043, 142.531179138322, 151.034580498866, 126.176303854875, 151.87074829932, 141.624149659864, 143.877551020408];"[149.89702034 144.73090388 133.08762665 136.58561503 148.91184331
 143.01519252 128.50788752 146.85631422]";1998-03-29;1998-05-17
3;8;CWT_rf_normal;0.09925743013954552;42.857142857142854;0.09127934084949477;19.180618037086283;0.09125025223056885;14.339350996087397;[160.756802721088, 175.198412698413, 146.471088435374, 137.159863945578, 134.708049886621, 173.058390022676, 161.337868480726, 165.561224489796];"[163.97538491 165.74908785 163.89662322 164.47564477 175.9525181
 165.63835735 165.9911996  169.5489778 ]";1998-03-29;1998-05-17
0;8;CWT_rf_normal;0.057386267763355425;42.857142857142854;0.057714189554046655;17.361549425565734;0.0577033543549413;15.388652498736924;[254.280045351474, 260.572562358277, 262.585034013605, 259.05612244898, 255.711451247166, 292.786281179138, 272.534013605442, 280.144557823129];"[265.48914941 239.46836978 280.68265986 271.56491589 274.51279649
 262.46656316 270.34128839 271.26884223]";1998-03-29;1998-05-17
9;8;CWT_rf_normal;0.05191061437298076;42.857142857142854;0.053096803917699074;9.31364465286659;0.05307927215181203;8.039890519162551;[158.418367346939, 155.952380952381, 146.187641723356, 149.872448979592, 160.00566893424, 150.127551020408, 151.785714285714, 154.081632653061];"[140.95756887 142.67453458 152.41919346 155.52155297 150.31463691
 154.23290114 155.84770408 157.92308429]";1998-02-01;1998-03-22
18;8;CWT_rf_normal;0.1556537679779011;28.571428571428573;0.14126611221653837;32.85123807580493;0.1412233667936967;23.518131968660715;[203.883219954649, 114.374036042613, 190.277777777778, 170.3089569161, 188.562925170068, 173.639455782313, 199.971655328798, 186.210317460317];"[188.2082946  188.96929292 187.70501466 170.03206282 150.4256809
 160.02954838 167.36437539 175.53953278]";1998-02-01;1998-03-22
15;8;CWT_rf_normal;0.11024679915325573;57.142857142857146;0.1075861541456474;19.396599710133984;0.10755218841547921;17.07235662576143;[174.574829931973, 148.28514739229, 131.207482993197, 168.154761904762, 174.617346938775, 154.903628117914, 159.041950113379, 175.708616780045];"[157.01765308 175.13528717 163.92566849 150.13305396 165.45528328
 157.73282244 149.80184312 155.50833882]";1998-02-01;1998-03-22
6;8;CWT_rf_normal;0.1336169022917215;57.142857142857146;0.1472624646187684;23.536666977401826;0.14720700066833325;19.58532424391605;[135.374149659864, 129.464285714286, 138.506235827664, 148.412698412698, 146.400226757369, 132.270408163265, 137.443310657596, 163.236961451247];"[132.53065791 114.80105842 119.45627336 119.63395634 120.11303336
 132.860956   116.34560341 119.86523956]";1998-02-01;1998-03-22
21;8;CWT_rf_normal;0.10757925962746868;42.857142857142854;0.11514524636567833;15.24731555579029;0.1150955959271518;13.362141645149183;[132.213718820862, 118.608276643991, 117.587868480726, 116.369047619048, 123.852040816327, 117.928004535147, 118.579931972789, 130.385487528345];"[105.95249061 117.19159942 123.6823843  102.14843048 106.35320019
 108.06128558 106.546687   110.88019733]";1998-02-01;1998-03-22
12;8;CWT_rf_normal;0.13816913721448212;57.142857142857146;0.12084629488424467;21.237028245742415;0.12079933582849396;15.629266509889952;[114.512471655329, 95.9750566893425, 132.922335600907, 133.191609977324, 133.475056689342, 132.823129251701, 141.439909297052, 143.579931972789];"[138.34452685 143.49429887 154.82390872 145.55260815 143.40493567
 139.56422196 143.74954358 144.01958941]";1998-02-01;1998-03-22
27;8;CWT_rf_normal;0.06320796371946985;57.142857142857146;0.06617730012284143;9.326972449115651;0.06614768466520793;7.398232976673087;[115.674603174603, 109.991496598639, 116.340702947846, 104.294217687075, 125.651927437642, 115.47619047619, 116.085600907029, 103.146258503401];"[109.83711334 107.19539733 113.70418258 107.14753504 106.47056703
 106.2158087  102.91988552 106.60123791]";1998-02-01;1998-03-22
24;8;CWT_rf_normal;0.10380674729597544;42.857142857142854;0.10925307829407738;16.954671799953204;0.10921442161167344;15.46241292042599;[143.424036281179, 160.700113378685, 144.387755102041, 150.793650793651, 138.548752834467, 150.524376417234, 127.536848072562, 153.1320861678];"[157.05072865 137.25994829 128.06718862 127.13271361 127.20659854
 143.11887934 132.38971414 130.08166136]";1998-02-01;1998-03-22
9;8;CWT_rf_normal;0.14771272976025934;42.857142857142854;0.13810208611972982;22.08823712068269;0.13805538906216389;20.457183964616927;[145.393990929705, 153.458049886621, 175.977891156463, 140.547052154195, 128.954081632653, 128.44387755102, 130.144557823129, 137.18820861678];"[155.30707814 148.93746308 152.41879723 159.79856605 155.71858347
 159.27436513 154.9404299  161.21053698]";1997-12-07;1998-01-25
3;8;CWT_rf_normal;0.08957279746694485;28.571428571428573;0.09571971623382881;19.50464704234525;0.09568981716451175;15.353182859260365;[139.810090702948, 163.605442176871, 158.659297052154, 147.902494331066, 190.277777777778, 157.397959183673, 160.884353741497, 176.5589569161];"[142.2648957  148.06758296 151.26953459 154.58120381 146.65600314
 147.05378039 144.70595164 155.93898573]";1998-02-01;1998-03-22
0;8;CWT_rf_normal;0.053815284417524034;57.142857142857146;0.052457217182025576;15.790323514026367;0.05244631965705979;12.655782890895445;[258.460884353742, 242.871315192744, 257.100340136054, 255.952380952381, 253.897392290249, 207.8089569161, 250.921201814059, 259.169501133787];"[248.07678223 253.31280378 252.73228471 244.48313816 243.08811685
 244.36264867 245.9104989  246.95979706]";1998-02-01;1998-03-22
18;8;CWT_rf_normal;0.21693719983759446;14.285714285714286;0.19711999380126471;45.379799028156974;0.19706831172749945;37.98139995855577;[198.044217687075, 200.566893424036, 269.118480725624, 186.465419501134, 145.223922902494, 156.065759637188, 149.319727891157, 179.733560090703];"[203.87529207 191.20345271 195.9338325  209.58391326 214.80649732
 201.79155616 204.60408528 201.49437435]";1997-12-07;1998-01-25
6;8;CWT_rf_normal;0.20898338590121823;71.42857142857143;0.20572328363878864;34.738403375893625;0.20564543771531768;27.919668922499312;[159.481292517007, 163.407029478458, 198.767006802721, 149.135487528345, 115.94387755102, 111.507936507937, 118.551587301587, 84.3679138321995];"[140.96744753 123.97652441 129.13356516 146.37934563 141.94269674
 120.79790931 132.06917785 128.58494907]";1997-12-07;1998-01-25
21;8;CWT_rf_normal;0.15769734119217946;71.42857142857143;0.1488197884441429;19.60841956875205;0.14875662669753442;17.639619615009096;[120.804988662132, 131.788548752834, 152.919501133787, 104.861111111111, 106.56179138322, 102.437641723356, 108.379138083429, 95.4506802721088];"[123.10446769 122.5794618  123.62513414 123.4732859  124.75727803
 122.41363463 122.94395818 124.41622979]";1997-12-07;1998-01-25
15;8;CWT_rf_normal;0.12903230605112495;85.71428571428571;0.13062841127647976;24.72911030251171;0.13058775971188455;21.15815100372844;[165.943877551021, 179.648526077098, 209.963151927438, 144.798752834467, 130.824829931973, 143.28231292517, 152.522675736962, 143.494897959184];"[150.65429137 157.1629906  157.83074465 160.51688173 156.54121732
 158.59147947 159.55104202 159.08052794]";1997-12-07;1998-01-25
27;8;CWT_rf_normal;0.15518509339881492;28.571428571428573;0.14871080502662626;18.65124014921196;0.14864578899841394;17.111148956565415;[117.956349206349, 129.308390022676, 147.774943310658, 104.634353741497, 96.4143990929705, 96.4285714285714, 100.368480725623, 103.784013605442];"[122.60663705 118.12500079 117.13574472 118.96265739 116.89451822
 119.76337069 118.43783558 117.98775269]";1997-12-07;1998-01-25
12;8;CWT_rf_normal;0.1237692711802601;57.142857142857146;0.1307128295621989;26.300306079739443;0.13066758690663238;19.04687963832763;[121.686961212681, 163.732993197279, 192.474489795918, 142.786281179138, 123.171768707483, 123.58276643991, 127.18253968254, 136.635487528345];"[141.29517655 128.12911534 133.86424364 141.40473475 139.67500662
 133.77858541 134.9989919  139.29112975]";1997-12-07;1998-01-25
9;8;CWT_rf_normal;0.0846291318534077;57.142857142857146;0.08030200762776875;13.654423666202367;0.08027503217111448;11.970160977231311;[142.998866213152, 127.565192743764, 150.198412698413, 161.833900226757, 143.069727891156, 148.4410430839, 142.517006802721, 157.993197278912];"[151.21736421 152.46574705 157.09589211 154.01434009 159.53926623
 162.51550871 157.32540613 160.56598996]";1997-10-12;1997-11-30
6;8;CWT_rf_normal;0.11828087535577181;42.857142857142854;0.10659012023316694;19.082803823180146;0.106550706230927;14.431773866580729;[128.401360544218, 109.013605442177, 134.736394557823, 150.255102040816, 130.725623582767, 125.269274376417, 143.934240362812, 148.030045351474];"[151.68319646 148.38858376 144.84747247 152.33255268 143.85505336
 148.33230631 146.46423508 146.14365363]";1997-10-12;1997-11-30
24;8;CWT_rf_normal;0.1547932762932552;28.571428571428573;0.17044464390350084;36.67726789631898;0.1703839518993218;24.146390476895526;[144.430272108843, 148.979591836735, 203.528911564626, 117.34693877551, 114.83843537415, 119.146825396825, 128.1179138322, 122.50566893424];"[127.67724687 129.3765391  108.33076437 137.04840079 136.16731313
 131.76033442 123.82229538 126.18310032]";1997-12-07;1998-01-25
3;8;CWT_rf_normal;0.2127929236847626;42.857142857142854;0.1920752389333497;30.822174271729622;0.19201150919587068;29.092647644968913;[165.079365079365, 179.124149659864, 140.532879818594, 118.976757369615, 127.551020408163, 121.683673469388, 139.866780045352, 162.81179138322];"[185.46393226 150.02818099 167.6585022  170.24246288 160.97514072
 154.82272539 162.55004607 178.43467054]";1997-12-07;1998-01-25
21;8;CWT_rf_normal;0.06703993300154819;57.142857142857146;0.06416787919879344;10.234814740221239;0.06414163710911094;7.858502997563765;[111.649659863946, 107.624716553288, 139.016439909297, 129.393424036281, 124.68820861678, 120.890022675737, 118.381519274377, 130.031179138322];"[122.73757964 129.827579   127.88488099 126.71150162 125.3048907
 124.98528247 126.43480745 127.03264878]";1997-10-12;1997-11-30
18;8;CWT_rf_normal;0.09062346478241574;28.571428571428573;0.08787301524288947;18.985986420471857;0.08785019994416804;16.982494390860932;[178.344671201814, 164.384920634921, 172.477324263039, 219.756235827665, 203.528911564626, 190.093537414966, 210.232426303855, 219.104308390023];"[199.03239579 197.52894577 190.67989723 198.91905887 200.29422765
 201.42743126 200.96952855 199.94732843]";1997-10-12;1997-11-30
15;8;CWT_rf_normal;0.029139849401903506;28.571428571428573;0.029843335641266917;6.068247446800394;0.029833914822254406;4.728628210514902;[148.922902494331, 145.705782312925, 159.112811791383, 167.077664399093, 160.530045351474, 161.493764172336, 155.867346938775, 164.880952380952];"[145.628924   145.83441123 157.06440414 155.36960392 155.54806378
 153.72347767 155.52844628 157.32217096]";1997-10-12;1997-11-30
0;8;CWT_rf_normal;0.1330026571661606;42.857142857142854;0.1424727125189242;42.56454245950222;0.14244341057109383;34.880209988101925;[263.137755102041, 259.197845804989, 322.066326530612, 226.615646258503, 209.041950113379, 223.327664399093, 221.301020408163, 248.767006802721];"[202.75827592 211.64556664 239.52572719 245.42817704 236.61200971
 233.23876147 232.91317473 228.10352637]";1997-12-07;1998-01-25
12;8;CWT_rf_normal;0.131876641820834;57.142857142857146;0.11840928036844668;20.89107441167467;0.11836668070004963;16.475908091239504;[138.109410430839, 111.337868480726, 136.111111111111, 155.93820861678, 135.005668934241, 123.072562358277, 139.640022675737, 146.24433106576];"[146.32548738 156.00798294 154.11561407 154.44616975 150.75353884
 148.51999475 153.25268948 150.86089346]";1997-10-12;1997-11-30
27;8;CWT_rf_normal;0.07674844320450736;28.571428571428573;0.07492428805068367;10.994168040150832;0.07489260526511018;8.858373231246786;[111.961451247165, 105.484693877551, 115.986394557823, 129.393424036281, 115.958049886621, 116.56746031746, 118.098072562358, 118.381519274376];"[123.2730581  124.99731766 125.34758888 111.25961565 120.12446817
 118.98868277 121.72199142 120.71771218]";1997-10-12;1997-11-30
7;8;CWT_rf_normal;0.1200717464978495;42.857142857142854;0.11803529924828678;18.821749993982685;0.11798702552058786;14.585773992423926;[130.286281179138, 147.448979591837, 124.730725623583, 116.326530612245, 90.3769841269841, 152.097505668934, 123.086734693878, 120.379818594104];"[124.85046009 118.82367584 130.82451073 123.34380555 122.44634162
 123.32255285 125.88694435 126.24930568]";1998-03-29;1998-05-17
10;8;CWT_rf_normal;0.1098695437533578;57.142857142857146;0.11060405284360449;19.450170332320628;0.11057031378156951;18.20005513968526;[170.564058956916, 169.855442176871, 176.955782312925, 170.46485260771, 187.03231292517, 186.649659863946, 131.816893424036, 177.933673469388];"[157.57463788 159.39284959 164.48286572 155.99885669 163.82081388
 163.70361052 163.92907595 160.99388944]";1998-03-29;1998-05-17
16;8;CWT_rf_normal;0.13320254921350966;42.857142857142854;0.1362408588336576;21.717318980386548;0.13619485472497755;20.257880583715192;[165.022675736962, 120.3089569161, 174.829931972789, 159.495464852608, 128.897392290249, 165.688775510204, 167.998866213152, 147.590702947846];"[154.7464266  143.98993146 140.82974922 139.68554884 149.29100604
 148.20457447 140.47401911 138.69764263]";1998-03-29;1998-05-17
3;8;CWT_rf_normal;0.09622262702688208;71.42857142857143;0.09511571511737149;17.820842757445043;0.09508667260086148;15.604061021495538;[151.020408163265, 120.904195011338, 161.947278911565, 171.697845804989, 170.62074829932, 156.746031746032, 152.749433106576, 181.363378684807];"[176.34417955 120.81521353 176.49135047 157.44537714 141.32465193
 176.64674855 164.11476851 191.4244252 ]";1997-10-12;1997-11-30
19;8;CWT_rf_normal;0.08269833178036864;85.71428571428571;0.08850341835357867;14.20036287122544;0.08846757577755801;10.942035186758307;[145.252267573696, 128.996598639456, 125.141723356009, 112.910997732426, 115.858843537415, 132.454648526077, 118.664965986395, 121.343537414966];"[114.46445613 115.88830081 114.97300899 111.06809331 115.2545089
 115.51643328 111.94637717 113.97612269]";1998-03-29;1998-05-17
24;8;CWT_rf_normal;0.12322049871751592;28.571428571428573;0.1261979851124746;22.099815302529915;0.12615009415846606;16.7742872389486;[116.09977324263, 129.747732426304, 122.108843537415, 140.178571428571, 107.96485260771, 119.189342403628, 117.587868480726, 176.062925170068];"[132.41524448 119.72942759 120.64404048 125.39471876 131.11320965
 128.16009957 125.72485958 124.70716437]";1997-10-12;1997-11-30
0;8;CWT_rf_normal;0.12125450376012764;85.71428571428571;0.1081930847534057;31.286423613930637;0.1081679786673565;23.40624003444276;[217.020975056689, 207.950680272109, 164.611678004535, 246.24433106576, 241.794217687075, 223.228458049887, 207.922335600907, 234.679705215419];"[238.81459492 238.79812983 236.27415902 237.86238195 236.97986522
 236.56766895 239.05910894 239.95378924]";1997-10-12;1997-11-30
13;8;CWT_rf_normal;0.09568468551638482;57.142857142857146;0.09839530314283196;14.058667321237408;0.0983582398146864;13.093794136506949;[132.18537414966, 137.854308390023, 143.353174603175, 144.52947845805, 111.904761904762, 152.678571428571, 140.079365079365, 136.536281179138];"[123.24285989 126.5319722  132.04203377 127.91353895 128.91553525
 129.61255608 129.41530592 130.71870673]";1998-03-29;1998-05-17
10;8;CWT_rf_normal;0.1511190175512635;71.42857142857143;0.14660464460629163;29.05363146440353;0.14656056100962278;24.763905951337435;[171.414399092971, 153.642290249433, 155.569727891157, 166.964285714286, 148.398526077097, 172.066326530612, 164.356575963719, 167.304421768707];"[141.43396556 159.29606097 172.70114558 199.96761483 122.12590454
 153.39025919 174.28979447 224.76481094]";1998-02-01;1998-03-22
22;8;CWT_rf_normal;0.175392634087249;85.71428571428571;0.19306868918701223;16.111304024815546;0.19294248330490982;14.800062599426301;[82.8905839032089, 83.916359810626, 76.4729089952657, 78.7217254076802, 63.8742766964755, 91.3335086796424, 90.9126775381378, 89.2030510257759];"[63.13422864 71.29372703 67.53852024 72.5845251  71.62796952 71.89375709
 66.37722658 69.98202271]";1998-03-29;1998-05-17
28;8;CWT_rf_normal;0.11724824636562389;57.142857142857146;0.10599525437453083;25.368947018403357;0.10596328417674913;17.68237649059646;[170.62074829932, 181.56179138322, 164.937641723356, 164.229024943311, 124.759070294784, 205.93820861678, 179.705215419501, 152.18253968254];"[181.58409494 176.62828194 175.64361318 165.52306528 184.99633406
 174.92530649 173.47876504 168.26806747]";1998-03-29;1998-05-17
25;8;CWT_rf_normal;0.2040254844213723;42.857142857142854;0.1869098964964047;27.834032758411457;0.18683982404755922;25.14270797019708;[115.347185691741, 139.702788006312, 140.873224618622, 134.836927932667, 97.3566543924249, 146.002104155708, 129.155707522357, 130.523408732246];"[140.27670578 129.24139519 120.61950495 169.10835187 139.080535
 123.37429738 122.0086161  170.25023716]";1998-03-29;1998-05-17
7;8;CWT_rf_normal;0.22195757564722282;42.857142857142854;0.25697067739686014;33.72430411664506;0.2568501493480197;27.68099420661415;[89.4982993197279, 117.984693877551, 151.289682539683, 102.66439909297, 113.911172482319, 132.695578231293, 121.683673469388, 124.291383219955];"[110.49853043  67.80689316  96.42239365 101.05436616 109.57895224
  85.78458013 101.44862265 101.97705237]";1998-02-01;1998-03-22
16;8;CWT_rf_normal;0.15949822196872313;100.0;0.14394862154998186;24.8732043884459;0.1439012912153035;21.986168081648465;[161.082766439909, 120.379818594104, 151.204648526077, 134.948979591837, 168.466553287982, 147.19387755102, 143.721655328798, 133.801020408163];"[166.06733993 163.64419104 174.49891572 170.09799175 188.32031773
 159.21215485 157.94061029 156.90714309]";1998-02-01;1998-03-22
4;8;CWT_rf_normal;0.09104422492264429;42.857142857142854;0.09470227342664607;20.145200475793324;0.09467442006228274;16.162925804357755;[176.785714285714, 205.994897959184, 185.572562358277, 174.036281179138, 145.975056689342, 154.024943310658, 155.229591836735, 156.632653061224];"[167.83346062 162.04894467 160.19472732 162.49689403 162.97437083
 162.09100174 162.50193217 163.78291745]";1998-03-29;1998-05-17
10;8;CWT_rf_normal;0.08648919295519558;71.42857142857143;0.09158711696502835;21.22701793096213;0.09155966130770127;15.520109181750719;[162.074829931973, 152.80612244898, 220.209750566893, 160.445011337868, 171.258503401361, 132.256235827664, 173.90873015873, 175.368480725623];"[156.45341332 151.78680396 177.38388758 160.43974641 136.59185856
 145.55297888 159.47649661 187.66186971]";1997-12-07;1998-01-25
13;8;CWT_rf_normal;0.060939604960502436;71.42857142857143;0.06393051890908932;9.36366540581858;0.06390325868523063;7.51192817209882;[122.732426303855, 116.893424036281, 123.313492063492, 114.285714285714, 114.980158730159, 123.228458049887, 125.581065759637, 132.780612244898];"[107.44883414 103.00642774 122.38621186 116.79915072 114.6706798
 117.58452002 116.24336343 120.58761123]";1998-02-01;1998-03-22
19;8;CWT_rf_normal;0.05706074583680766;28.571428571428573;0.05569386671787717;7.60902226338991;0.05566931626270877;6.319574436331372;[119.68537414966, 110.260770975057, 113.109410430839, 117.81462585034, 109.53798185941, 112.825963718821, 102.721088435374, 120.266439909297];"[110.99941641 116.34593102 115.82104406 118.05595869 122.5914008
 108.90423625 114.63673858 116.32472521]";1998-02-01;1998-03-22
28;8;CWT_rf_normal;0.07113975264559579;42.857142857142854;0.07150042073651056;16.16433574043378;0.07147996412070712;12.509849237345783;[185.78514739229, 181.590136054422, 170.634920634921, 161.267006802721, 197.335600907029, 163.718820861678, 177.18253968254, 156.607596133316];"[180.40825504 175.00226394 188.17036357 171.90531689 162.87189622
 168.35459029 176.00612981 176.27198856]";1998-02-01;1998-03-22
22;8;CWT_rf_normal;0.12891990076719903;28.571428571428573;0.1391029301187023;12.120002641890073;0.13900465178793037;9.891995263662636;[89.954893056644, 75.4997369805366, 56.0099947396108, 64.4134665965281, 75.06575486586, 72.1462388216729, 78.0115728563914, 73.2772225144661];"[63.51944667 68.89540729 63.39172116 65.91085363 64.23730756 66.38534772
 65.16997779 65.49108341]";1998-02-01;1998-03-22
16;8;CWT_rf_normal;0.4351990710832307;14.285714285714286;0.3636019271672194;76.27691152640769;0.3635083692314195;71.66806036581784;[260.813492063492, 270.62074829932, 254.733560090703, 181.774376417234, 142.233560090703, 142.063492063492, 114.866780045351, 159.155328798186];"[215.65427849 179.58561416 201.76322958 231.96679873 254.71878954
 196.07947437 224.07543624 217.43284323]";1997-12-07;1998-01-25
7;8;CWT_rf_normal;0.3183305048380407;42.857142857142854;0.26472083906250005;40.59120280975353;0.26461744780549584;34.45247117094696;[145.46485260771, 175.481859410431, 169.401927437642, 131.760204081633, 122.250566893424, 74.2913832199546, 128.628117913832, 96.0175736961451];"[141.79332001 124.91332163 144.54154784 151.02340951 149.42755082
 142.47092628 148.59470954 157.95056906]";1997-12-07;1998-01-25
1;8;CWT_rf_normal;0.10153046872106938;28.571428571428573;0.10721531311126353;15.973259003712604;0.10717553013820391;14.456771590362536;[136.493764172336, 150.566893424036, 143.806689342404, 128.231292517007, 118.310657596372, 143.806689342404, 147.604875283447, 143.792517006803];"[126.38242044 125.20817848 126.79502454 130.0266759  127.86487482
 128.54481294 127.01398817 127.82243189]";1998-03-29;1998-05-17
13;8;CWT_rf_normal;0.21271506813492114;42.857142857142854;0.19771199169907222;27.481691601871248;0.19763451750290173;25.340852521638766;[129.6910430839, 149.121315192744, 163.803854875283, 118.721655328798, 99.985827664399, 105.541383219955, 110.530045351474, 115.391156462585];"[124.20343784 118.22193296 134.9005617  134.21603098 143.41242169
 133.29573639 131.60591374 145.07650474]";1997-12-07;1998-01-25
19;8;CWT_rf_normal;0.13152582780549454;28.571428571428573;0.14506987582493414;26.390110004147537;0.1450109781778533;18.037789179233584;[123.115079365079, 137.542517006803, 169.99716553288, 115.362811791383, 112.726757369615, 97.859977324263, 107.851473922902, 121.301020408163];"[112.79830392 110.64576247 104.58149772 109.82982095 115.97306212
 114.89585343 101.55217106 111.74237933]";1997-12-07;1998-01-25
4;8;CWT_rf_normal;0.08482177629826718;71.42857142857143;0.08942591374272227;15.904286235429872;0.08939638667714675;13.558182215650028;[151.743197278912, 174.433106575964, 153.047052154195, 148.90873015873, 165.915532879819, 157.879818594104, 157.596371882086, 158.758503401361];"[149.4474163  166.36427158 163.9008173  140.7822601  135.96076023
 134.96629764 143.36560938 146.73695296]";1998-02-01;1998-03-22
25;8;CWT_rf_normal;0.13339047159650036;28.571428571428573;0.13377469514090362;18.891770403091858;0.133722006576741;17.009214961195514;[143.345607574961, 124.316149395055, 119.345081536034, 121.199368753288, 138.663861125723, 121.580746975276, 106.207259337191, 141.635981062599];"[109.49707392 143.80792086 129.29401005 125.9305736  125.38142326
 135.93935733 128.53551083 123.55199957]";1998-02-01;1998-03-22
16;8;CWT_rf_normal;0.12338895388381355;85.71428571428571;0.11671983166650352;23.812655756851978;0.11668560258852086;20.173582608853792;[162.514172335601, 131.320861678005, 167.205215419501, 199.489795918367, 184.353741496599, 143.424036281179, 196.825396825397, 222.732426303855];"[177.12137297 169.11854549 194.96125315 193.88286212 182.6216253
 170.43735708 184.81356644 187.8688888 ]";1997-10-12;1997-11-30
28;8;CWT_rf_normal;0.1479634564779373;57.142857142857146;0.15364151705672086;34.86083500390799;0.1535983298308234;27.666257982751493;[176.488095238095, 185.671768707483, 249.348072562358, 163.577097505669, 146.471088435374, 147.562358276644, 163.874716553288, 180.583900226757];"[167.53565632 146.82940312 170.89689133 183.15525172 173.65333686
 168.48245042 182.23762272 189.62457741]";1997-12-07;1998-01-25
22;8;CWT_rf_normal;0.10555487016931614;71.42857142857143;0.1099331947320106;11.299629217053802;0.1098630308007423;8.76799097325887;[85.3761178327197, 80.4971067859021, 108.495528669121, 79.1951604418726, 70.2393477117306, 67.6749079431878, 64.6633350867964, 68.9768542872173];"[90.87057576 63.99362264 85.75952246 71.61804456 70.73591709 74.54964345
 74.49463443 69.60711368]";1997-12-07;1998-01-25
10;8;CWT_rf_normal;0.3636699294493122;57.142857142857146;0.29724604366472285;58.03935499600627;0.2971604390002027;52.267429849944534;[161.451247165533, 127.33843537415, 166.765873015873, 132.397959183673, 122.137188208617, 144.501133786848, 164.611678004535, 191.794217687075];"[180.04731375 203.10678925 246.72260516 176.81473313 180.99102266
 208.63342044 234.43873347 185.205882  ]";1997-10-12;1997-11-30
13;8;CWT_rf_normal;0.10779474635861933;57.142857142857146;0.11444213642836815;16.394878854389578;0.11439342671904158;13.489619631885764;[112.145691609977, 102.82029478458, 132.18537414966, 130.952380952381, 96.2159863945579, 115.447845804989, 123.795351473923, 138.959750566893];"[108.94624286 114.63900554 112.98157668 105.6252766  101.5719636
 110.35544033 115.24247136 109.59311765]";1997-10-12;1997-11-30
7;8;CWT_rf_normal;0.27422086298596116;28.571428571428573;0.2270026590576401;41.046618634126084;0.22692672322658114;33.95527231059105;[142.134353741497, 115.830498866213, 157.723922902494, 142.800453514739, 124.036281179138, 114.328231292517, 127.862811791383, 165.433673469388];"[162.8735479  173.82218916 173.87922472 152.54519487 170.7044985
 181.9322555  178.6307486  167.40474599]";1997-10-12;1997-11-30
28;8;CWT_rf_normal;0.08334071452840726;71.42857142857143;0.07979771551612683;16.60722138972566;0.07977457605495064;13.825198449510719;[168.565759637188, 146.201814058957, 173.937074829932, 178.698979591837, 171.513605442177, 153.968253968254, 171.669501133787, 207.553854875283];"[174.76251213 174.42860427 184.53347522 180.24115218 176.52855592
 178.20972719 184.6533036  185.75460914]";1997-10-12;1997-11-30
19;8;CWT_rf_normal;0.13876584273548945;14.285714285714286;0.12356893888409447;18.514134622609475;0.12351586763442672;14.410960090901776;[113.052721088435, 100.93537414966, 117.757936507937, 126.615646258504, 113.732993197279, 120.592403628118, 92.1485260770975, 131.56179138322];"[126.00501501 127.23060278 129.67300761 129.43757718 130.7216855
 124.62887721 129.85147907 128.98675411]";1997-10-12;1997-11-30
25;8;CWT_rf_normal;0.1829301300608504;57.142857142857146;0.16898184805942124;24.751073197754604;0.16891672635291125;22.001976835026362;[144.991715781526, 128.011572856391, 162.13834823777, 107.732772225145, 115.689110994213, 113.887427669648, 113.335086796423, 112.085744345082];"[125.47121516 114.51720213 140.79843346 144.90195434 126.17971938
 119.14037707 147.82544086 146.34367894]";1997-12-07;1998-01-25
17;8;CWT_rf_normal;0.07757589139248389;28.571428571428573;0.07659233208171243;14.325470226170104;0.07656736673299766;11.771456299433709;[155.796485260771, 166.227324263039, 147.293083900227, 153.28798185941, 130.768140589569, 166.312358276644, 167.276077097506, 169.501133786848];"[149.9311407  144.53745285 159.18626215 153.386817   157.81222283
 159.76440844 156.80351553 158.94130641]";1998-03-29;1998-05-17
4;8;CWT_rf_normal;0.1396207291079947;71.42857142857143;0.13364013991406004;24.22761453730772;0.13359710097859262;20.964907031517765;[144.827097505669, 155.768140589569, 211.09693877551, 139.455782312925, 130.881519274376, 134.948979591837, 134.679705215419, 145.266439909297];"[138.43692011 157.32944256 168.76613964 161.68220551 155.08974784
 158.95699345 165.24723004 161.69322721]";1997-12-07;1998-01-25
1;8;CWT_rf_normal;0.2012046868134875;71.42857142857143;0.2279127135272931;28.4275836944433;0.2278133871949744;26.208561848900423;[122.930839002268, 115.447845804989, 121.967120181406, 121.995464852608, 138.988095238095, 129.514913978918, 137.216553287982, 136.224489795918];"[110.23233072 104.76158884  86.47044728 108.78869992 102.32731911
  98.80650085 103.39958531  99.83035534]";1998-02-01;1998-03-22
22;8;CWT_rf_normal;0.18404394427133544;42.857142857142854;0.2031661519604806;19.17450533530023;0.20302932303856241;15.222892026084153;[75.026301946344, 57.3382430299842, 83.4297738032615, 105.970541820095, 77.1962125197264, 83.817414393427, 60.6522882693319, 74.4476591267753];"[70.06595315 69.83554596 70.259723   62.13784647 64.01974727 64.45158708
 66.05947238 65.07439748]";1997-10-12;1997-11-30
11;8;CWT_rf_normal;0.16753543261277154;28.571428571428573;0.1874137797785731;22.34034258574169;0.18731971861082508;18.72944739906771;[95.0538548752835, 109.098639455782, 112.315759637188, 109.84977324263, 79.2942176870749, 128.59977324263, 107.638888888889, 106.037414965986];"[91.91491415 85.72505339 90.8313027  97.75090018 86.61614261 83.41765599
 84.53201124 91.90861239]";1998-03-29;1998-05-17
4;8;CWT_rf_normal;0.6675690454494811;28.571428571428573;0.3064993027755273;52.97948767805559;0.3063653058111136;37.48392498640331;[30.7256235827664, 116.624149659864, 163.137755102041, 199.475623582767, 117.247732426304, 147.151360544218, 156.391723356009, 166.751700680272];"[158.69670052 105.43900464 181.87688545 155.96483169 168.73041162
 166.53761499 182.46769535 168.27205073]";1997-10-12;1997-11-30
14;8;CWT_rf_normal;0.06577728497302288;42.857142857142854;0.06534430306789477;10.368378397230757;0.06532032495986413;8.91013379749219;[130.739795918367, 144.359410430839, 146.159297052154, 135.274943310658, 120.521541950113, 147.689909297052, 137.145691609977, 140.405328798186];"[139.5344127  133.23788343 136.782339   136.3727251  139.54299494
 135.10910354 134.32311439 133.93997802]";1998-03-29;1998-05-17
25;8;CWT_rf_normal;0.11013426119030166;71.42857142857143;0.10147089054725641;15.514930850480013;0.10143034152407385;12.712248799443191;[111.09942135718, 118.726985796949, 126.82798527091, 137.53287743293, 123.882167280379, 105.334643062906, 127.064702788006, 138.637559179379];"[132.8380634  137.97996591 136.27893972 136.22826096 134.11738348
 133.90793459 134.65677824 135.08734503]";1997-10-12;1997-11-30
29;8;CWT_rf_normal;0.1924723999649361;42.857142857142854;0.16256994075907544;22.000013149160125;0.16249084627274654;16.814153092407704;[108.786848072562, 112.840136054422, 126.615646258503, 110.799319727891, 69.968820861678, 93.8066893424036, 94.9404761904762, 102.65022675737];"[118.18730363 107.67561418 116.3962913  109.09540626 117.30450288
 122.66453588 116.75376554 112.66838773]";1998-03-29;1998-05-17
8;8;CWT_rf_normal;0.11100333293189199;42.857142857142854;0.10119371487289792;7.66292884496915;0.10110427412247026;5.75352595102124;[66.5249433106576, 60.5017006802721, 48.6536281179138, 44.8696145124717, 60.7709750566893, 66.780045351474, 59.9631519274376, 59.2120181405896];"[62.16386378 62.34429571 60.5306057  61.09218096 62.56283168 61.31772246
 62.00671326 61.63926631]";1998-03-29;1998-05-17
1;8;CWT_rf_normal;0.19114818194193883;42.857142857142854;0.17710720505326266;25.090827733892233;0.1770365573153948;22.445960648386887;[134.254535147392, 147.307256235828, 171.116780045352, 112.443310657596, 91.6524943310659, 106.731859410431, 112.244897959184, 120.294784580499];"[131.61934793 128.62921522 135.67148655 137.10492921 132.77560207
 125.05849519 136.08177801 135.15570593]";1997-12-07;1998-01-25
17;8;CWT_rf_normal;0.11994000158884041;42.857142857142854;0.1107102173556028;20.367228761494047;0.11067454907323607;17.199481788719133;[132.689517153521, 141.213151927438, 155.853174603175, 151.020408163265, 168.083900226757, 137.153802867807, 157.34126984127, 163.846371882086];"[169.47110461 167.11529613 175.2224843  160.73653751 158.21614243
 161.90149526 168.07259047 164.32628467]";1998-02-01;1998-03-22
20;8;CWT_rf_normal;0.08872889392118295;71.42857142857143;0.08601802765686342;11.703410878233612;0.08598121362592746;10.101614273233201;[103.075396825397, 125.864512471655, 129.591836734694, 126.856575963719, 97.5907029478459, 138.194444444445, 114.342403628118, 127.777777777778];"[114.82747083 120.38254389 130.34647699 123.12472119 116.69168442
 127.90607193 129.98961809 113.72196965]";1998-03-29;1998-05-17
11;8;CWT_rf_normal;0.2548595236109178;85.71428571428571;0.21607872270567038;25.061244333150537;0.21596888249277313;21.543488621538273;[114.257369614512, 94.8270975056689, 98.3701814058957, 98.6678004535147, 97.9450113378685, 65.6604308390023, 78.6848072562359, 88.7329931972789];"[107.1991291  104.5906823  134.44586029 117.81986067 100.66525912
  99.73121953 114.06598766 116.85912089]";1998-02-01;1998-03-22
23;8;CWT_rf_normal;0.27058702676093815;42.857142857142854;0.21564092019225345;58.43516400223034;0.2155885497193373;44.452791156432056;[219.444444444444, 188.066893424036, 217.304421768707, 192.304421768707, 137.145691609977, 205.810657596372, 179.478458049887, 170.521541950113];"[223.26854965 213.80204774 215.72468787 222.07497504 259.78836849
 244.96528082 232.81998155 250.09550092]";1998-03-29;1998-05-17
8;8;CWT_rf_normal;0.14951650117184156;57.142857142857146;0.16609808178759916;11.48755293939104;0.16595860873937085;9.91202417055477;[72.1655328798186, 68.8492063492064, 63.6763038548753, 66.6524943310658, 58.9427437641724, 65.7454648526076, 61.1819727891157, 62.96768707483];"[60.19313746 50.83849271 47.22277123 51.6235577  54.5944994  59.92377349
 62.86092603 56.985961  ]";1998-02-01;1998-03-22
17;8;CWT_rf_normal;0.2766035933595488;71.42857142857143;0.2465275543977784;47.576088731721484;0.2464565110130898;43.26257144645826;[174.121315192744, 201.303854875283, 251.984126984127, 153.44387755102, 123.554421768708, 144.019274376417, 139.314058956916, 148.696145124716];"[191.42404675 192.03055005 181.28843183 194.89366982 188.4893651
 193.958492   188.52277482 191.99231606]";1997-12-07;1998-01-25
14;8;CWT_rf_normal;0.07454563692434651;85.71428571428571;0.07338750055384279;12.640888203952358;0.07335856254322591;9.367103485670365;[143.650793650794, 102.069160997732, 131.802721088435, 131.108276643991, 146.938775510204, 127.593537414966, 128.727324263038, 131.306689342404];"[127.57757028 125.63549845 139.41547384 132.2763152  127.20561598
 124.82831631 131.03701372 133.01509501]";1998-02-01;1998-03-22
20;8;CWT_rf_normal;0.1401220578836225;42.857142857142854;0.14067551434757888;20.014824081911065;0.14061356239885214;16.162503804771816;[136.72052154195, 117.020975056689, 129.166666666667, 116.482426303855, 142.928004535147, 116.08560090703, 110.048185941043, 81.1649659863945];"[109.69659121 125.62446894 107.21176193 111.47821399 111.65400535
 118.13731403 113.44304828 111.15788051]";1998-02-01;1998-03-22
23;8;CWT_rf_normal;0.06420728734260256;71.42857142857143;0.062254142723318556;13.293784590386728;0.062238380328236705;12.352828023392647;[194.118480725624, 165.15022675737, 181.335034013605, 191.425736961451, 209.84977324263, 211.366213151927, 195.734126984127, 217.602040816327];"[203.7321015  176.33138416 202.55989559 205.6645727  225.57574751
 208.50098307 208.07531879 205.97028826]";1998-02-01;1998-03-22
26;8;CWT_rf_normal;0.1507749248955114;57.142857142857146;0.15385859792228798;9.509498941554625;0.15370921231762033;8.003736004144137;[51.8707482993198, 52.0408163265306, 67.1626984126984, 58.4325396825397, 37.2448979591837, 59.6513605442178, 52.0408163265306, 55.484693877551];"[47.47028263 48.50423876 48.90561122 50.60730436 50.43622493 50.15793898
 50.11688036 50.0828561 ]";1998-03-29;1998-05-17
5;8;CWT_rf_normal;0.15390374151609784;14.285714285714286;0.1280055829067088;24.578711483202177;0.12795459261564346;16.165994651710328;[158.630952380952, 132.681405895692, 126.615646258503, 123.228458049887, 86.139455782313, 131.490929705215, 141.425736961451, 129.549319727891];"[151.78465017 134.5750462  141.75664072 146.0879667  147.80940339
 132.0201263  128.12232185 136.634272  ]";1998-03-29;1998-05-17
29;8;CWT_rf_normal;0.07295612994210667;85.71428571428571;0.07664703761768633;12.099993195235559;0.07661344209693974;8.781833653737321;[112.34410430839, 111.125283446712, 128.075396825397, 110.445011337869, 111.111111111111, 97.9450113378685, 135.062358276644, 106.986961451247];"[116.12756371 110.90700767 114.58061999 101.11300266 105.28948866
 107.27781846 107.37874137 106.39885938]";1998-02-01;1998-03-22
1;8;CWT_rf_normal;0.08008556713271112;71.42857142857143;0.08061991778398203;12.61455624380226;0.08058700130301752;9.940310000501624;[121.541950113379, 102.706916099773, 132.794784580499, 135.104875283447, 126.445578231293, 125.354308390023, 131.901927437642, 143.239795918367];"[122.89979504 122.18217138 137.04971424 145.0458922  105.2426527
 124.33753568 126.94167578 125.9263126 ]";1997-10-12;1997-11-30
17;8;CWT_rf_normal;0.09792124031464064;57.142857142857146;0.09291629923051517;18.461463261092568;0.09289083907967825;16.965056455861795;[168.948412698413, 162.953514739229, 177.990362811791, 194.557823129252, 171.499433106576, 168.324829931973, 185.00566893424, 198.526077097506];"[196.9849103  187.21890843 194.28519984 186.23341599 194.0042099
 187.29286163 193.13139627 189.32529675]";1997-10-12;1997-11-30
11;8;CWT_rf_normal;0.28054969483374326;42.857142857142854;0.25404654793448667;30.499937120408468;0.25393205907378713;28.602278747017923;[111.592970521542, 148.90873015873, 145.819160997732, 97.6190476190476, 88.0952380952381, 76.1054421768708, 87.6417233560091, 108.12074829932];"[120.30714948 111.22500717 115.74410136 141.2900583  116.85369848
 113.57428577 109.97601325 128.23341214]";1997-12-07;1998-01-25
23;8;CWT_rf_normal;0.5383035478180913;71.42857142857143;0.4338332430662132;111.94699458534136;0.4337405977624305;104.87235712072723;[310.104875283447, 317.687074829932, 402.876984126984, 246.71201814059, 187.174036281179, 114.251405454344, 154.861111111111, 176.332199546485];"[246.95331833 216.99687946 247.42427931 281.34220942 277.45071319
 260.62023984 266.05673013 313.54527778]";1997-12-07;1998-01-25
8;8;CWT_rf_normal;0.5886804418742903;42.857142857142854;0.38994154030311357;29.023176992280245;0.3896176725283336;23.681413898282003;[75.0141723356009, 82.4546485260771, 62.8117913832199, 31.8310657596372, 32.1570294784581, 49.0079365079365, 49.4897959183674, 62.6275510204081];"[74.44139049 75.87089513 75.31753209 76.43039187 82.83720692 78.82310116
 78.66974765 78.14196632]";1997-12-07;1998-01-25
5;8;CWT_rf_normal;0.6965882804243788;42.857142857142854;0.48324853354054265;94.56387974829684;0.48310874567936934;84.16559992482665;[157.823129251701, 121.343537414966, 144.855442176871, 131.675170068027, 150.141723356009, 101.264625611774, 107.256235827664, 137.074829931973];"[125.4577288  171.20643295 198.23684342 188.68521953 226.59792034
 260.45853742 248.36941743 241.01659223]";1998-02-01;1998-03-22
14;8;CWT_rf_normal;0.09440620645375608;71.42857142857143;0.0975081493612207;19.075196348762777;0.09747258297284525;13.516099263959944;[148.497732426304, 140.787981859411, 178.259637188209, 128.047052154195, 109.835600907029, 117.417800453515, 128.004535147392, 133.007369614512];"[135.87521162 131.63205639 132.15076534 132.68323983 126.6813375
 132.46625284 131.10562367 132.39735881]";1997-12-07;1998-01-25
2;8;CWT_rf_normal;0.07511643068489493;42.857142857142854;0.07428334223427899;16.825297233186365;0.07426314434972499;13.679148823866825;[184.424603174603, 193.891723356009, 186.904761904762, 185.615079365079, 157.979024943311, 206.71768707483, 188.959750566893, 192.446145124717];"[179.7701408  178.77504514 188.12461934 194.33709232 191.11862871
 182.42935301 177.39117121 181.72248271]";1998-03-29;1998-05-17
11;8;CWT_rf_normal;0.15111261472640203;42.857142857142854;0.13458602881086668;20.833654558312723;0.13452658380913107;15.30558432496762;[111.933106575964, 83.3333333333333, 116.992630385487, 142.517006802721, 106.490929705215, 108.545918367347, 101.544784580499, 122.704081632653];"[112.51940223 131.13433207 120.51508331 117.91325587 116.40911031
 120.99244623 117.70536212 115.29819129]";1997-10-12;1997-11-30
26;8;CWT_rf_normal;0.08605136736976884;28.571428571428573;0.09128304742396137;4.766494120951686;0.09118088353832368;4.077302030008598;[43.8633786848073, 47.2363945578232, 41.8934240362812, 44.4019274376417, 44.5719954648526, 46.4427437641723, 50.4393424036281, 48.8095238095238];"[41.11910178 40.70238258 41.97474206 42.13465353 41.48518546 42.86034779
 42.4244504  42.50208639]";1998-02-01;1998-03-22
20;8;CWT_rf_normal;0.11065149907591022;28.571428571428573;0.108904480289088;15.185177012852488;0.10885886111863219;13.06563804645802;[122.080498866213, 114.073129251701, 150.170068027211, 105.286281179138, 112.81179138322, 107.199546485261, 103.302154195011, 112.740929705216];"[117.88808723 124.33156257 119.83236319 122.82801082 120.51288765
 118.32779715 119.32648256 120.08207934]";1997-12-07;1998-01-25
29;8;CWT_rf_normal;0.20463431322048334;85.71428571428571;0.19720140678731712;26.152542867951354;0.19711601332464823;23.162887978248207;[143.12641723356, 127.49433106576, 165.419501133787, 103.628117913832, 79.5493197278912, 102.990362811791, 103.217120181406, 102.678571428571];"[119.1582312  113.12101004 117.06880073 116.86066772 117.21154289
 118.49591045 119.14715368 118.95911368]";1997-12-07;1998-01-25
23;8;CWT_rf_normal;0.15488452086650223;28.571428571428573;0.14946476557104107;41.63091848778715;0.14943057095294143;33.13801310782248;[200.793650793651, 156.831065759637, 216.808390022676, 239.044784580499, 219.416099773243, 187.882653061224, 260.204081632653, 296.57029478458];"[210.75343122 223.25141987 229.49569505 217.23276308 216.63840717
 226.95760862 224.86483304 219.53754774]";1997-10-12;1997-11-30
30;8;CWT_rf_normal;0.09766168195453366;42.857142857142854;0.10164364693219641;13.47048811634131;0.10160089727860808;12.105344630788021;[126.048752834467, 132.312925170068, 127.054988662131, 123.937074829932, 101.969954648526, 134.07029478458, 118.835034013605, 127.465986394558];"[123.57960234 118.90494269 106.44794632 112.66686041 115.73809684
 114.83518916 114.34051689 115.87538403]";1998-03-29;1998-05-17
8;8;CWT_rf_normal;0.11204203774168373;71.42857142857143;0.10871383293884976;9.259933438747609;0.10864549609065882;8.66791470033774;[88.3928571428571, 76.9557823129252, 80.8106575963719, 86.125283446712, 71.7687074829932, 87.1598639455783, 70.734126984127, 74.8157596371883];"[80.98503733 71.24476277 71.54975263 80.89028465 83.55979705 94.31531189
 86.34231239 81.9896112 ]";1997-10-12;1997-11-30
20;8;CWT_rf_normal;0.06821617834874491;71.42857142857143;0.06600785841390684;9.066699655129138;0.06597985481815012;7.793155890505005;[107.8089569161, 105.300453514739, 121.669501133787, 133.545918367347, 113.74716553288, 118.976757369615, 112.613378684807, 127.664399092971];"[121.37930059 119.10744194 122.50503648 123.20667194 118.29149121
 122.898454   123.57574326 123.29965273]";1997-10-12;1997-11-30
14;8;CWT_rf_normal;0.11801514552118737;71.42857142857143;0.10920986261927415;17.308614291300035;0.1091699296946624;14.951620795006763;[137.528344671202, 115.235260770975, 125.821995464853, 143.197278911565, 126.729024943311, 129.166666666667, 131.774376417234, 150.694444444445];"[144.4515658  144.07686423 149.76254191 149.67361128 138.47021839
 153.21443439 144.47284219 145.75060843]";1997-10-12;1997-11-30
36;8;CWT_rf_normal;0.2399599311748327;57.142857142857146;0.24696153794567174;36.27817591759261;0.24683025272203746;24.739609125670363;[101.530612244898, 79.6626984126986, 53.0045351473923, 69.0617913832199, 85.3883219954649, 126.417233560091, 172.831632653061, 86.4654195011338];"[89.20871378 87.15299894 84.94433311 87.05795637 85.91031476 87.52622122
 86.4696698  88.85916261]";1998-03-29;1998-05-17
30;8;CWT_rf_normal;0.10121914996870923;42.857142857142854;0.10519770487707063;13.282846998652175;0.10515218352565367;12.172276264351536;[121.612811791383, 124.06462585034, 119.926303854875, 99.6773240244721, 133.956916099773, 118.891723356009, 115.164399092971, 122.307256235828];"[107.21959663 110.22408125 112.45760477 113.40728668 110.67361558
 110.87695776 110.27067299 110.55325984]";1998-02-01;1998-03-22
5;8;CWT_rf_normal;0.25390928194745854;71.42857142857143;0.24985262389199997;58.4631570406137;0.24977822008217684;43.75185315719041;[169.742063492063, 195.025510204082, 298.767006802721, 173.724489795918, 131.434240362812, 112.613378684807, 123.001700680272, 138.832199546485];"[175.68422663 154.30923639 161.9869419  172.33656695 165.81072012
 155.85007003 171.97703468 177.43209501]";1997-12-07;1998-01-25
26;8;CWT_rf_normal;0.20203035158760962;14.285714285714286;0.17934958763570955;10.643530712568484;0.17916381955955876;8.729402426539666;[53.8832199546486, 55.7539682539683, 63.6054421768708, 57.5113378684807, 54.4926303854876, 34.8639455782313, 40.0226757369614, 39.7392290249433];"[53.03034102 52.25310315 51.98587762 50.56652851 52.87818458 53.84680476
 52.57898854 53.50271269]";1997-12-07;1998-01-25
29;8;CWT_rf_normal;0.060446374294360464;71.42857142857143;0.06039197304733971;7.919827571645082;0.060366105614294924;7.054502484260768;[122.619047619048, 108.956916099773, 110.615079365079, 127.18253968254, 110.530045351474, 106.944444444444, 113.945578231293, 125.722789115646];"[111.57662368 109.53227082 114.98468038 119.50291676 120.98055081
 116.67768739 117.21252344 116.40446545]";1997-10-12;1997-11-30
2;8;CWT_rf_normal;0.0848734224718517;28.571428571428573;0.0814980239319718;19.28810621594429;0.08147440679445231;14.114678815638118;[185.728458049887, 183.333333333333, 177.919501133787, 190.490362811791, 196.173469387755, 183.560090702948, 177.210884353741, 138.849659625379];"[189.9701981  178.34343323 184.6239631  172.2269562  169.93863837
 178.45169426 181.94681821 181.48842011]";1998-02-01;1998-03-22
33;8;CWT_rf_normal;0.09640713986725152;28.571428571428573;0.09507775901013972;27.84540239683647;0.09505891792444267;24.08400601414606;[277.210884353742, 272.293083900227, 231.09410430839, 260.204081632653, 225.212585034014, 300.212585034014, 251.672335600907, 214.668367346939];"[255.26571959 252.03298151 255.63818952 254.53172263 255.31155962
 253.95436805 255.35409653 254.8797516 ]";1998-03-29;1998-05-17
26;8;CWT_rf_normal;0.4848407943644336;85.71428571428571;0.38620059943368645;25.7028351777101;0.3859055891174473;25.292112098172037;[58.673469387755, 47.7324263038549, 52.451814058957, 59.3537414965986, 50.8645124716553, 58.9569160997732, 49.234693877551, 49.2205215419501];"[77.86386315 76.16867889 77.4625709  78.80471951 78.65097511 79.84954039
 79.61370878 80.41093528]";1997-10-12;1997-11-30
30;8;CWT_rf_normal;0.1046793638860237;57.142857142857146;0.09832035694063425;13.024255469827887;0.09827902291366174;11.702794991510466;[119.231859410431, 118.409863945578, 132.893990929705, 110.615079365079, 110.430839002268, 103.401360544218, 111.224489795918, 119.359410430839];"[124.03167296 124.47182583 127.63965812 127.82903812 125.84998027
 122.43441231 128.58714622 127.83685389]";1997-12-07;1998-01-25
42;8;CWT_rf_normal;0.10258901428465605;71.42857142857143;0.09651551189974233;20.558963306576295;0.0964821418391473;14.17924720517075;[148.256802721088, 157.8089569161, 173.313492063492, 151.332199546485, 104.861111111111, 182.057823129252, 166.836734693878, 151.913265306122];"[148.37197973 155.83703378 155.9922644  148.9878854  148.73421476
 150.56695097 155.3394229  156.73331339]";1998-03-29;1998-05-17
36;8;CWT_rf_normal;0.7138650014007348;28.571428571428573;0.5056346641092485;73.19113066001948;0.505446866749305;68.21328181575116;[102.735260770975, 100.481859410431, 94.1893424036282, 86.9331065759637, 105.130385487528, 102.480158730159, 93.7925170068027, 93.0555555555555];"[111.30403883 145.98871881 175.38566113 186.10599664 181.924646
 175.05631872 172.08029175 176.6587686 ]";1998-02-01;1998-03-22
39;8;CWT_rf_normal;0.12260839809441708;14.285714285714286;0.12522492970691082;18.65558349874252;0.12517528823713794;15.898767406922646;[129.336734693878, 136.366213151927, 121.598639455782, 96.938775510204, 129.237528344671, 153.032879818594, 138.577097505669, 145.734126984127];"[119.67322806 120.25669498 121.35953553 123.33241287 122.88479964
 122.43878391 124.26642799 122.20724796]";1998-03-29;1998-05-17
5;8;CWT_rf_normal;0.1838857757257117;28.571428571428573;0.16721492834170854;27.558307108324477;0.16715646183432986;24.16369872014532;[125.637755102041, 101.814058956916, 133.361678004535, 149.404761904762, 138.775510204082, 131.490929705215, 174.050453514739, 188.520408163265];"[145.78769114 153.80140868 158.55556185 153.25624937 155.91253929
 156.20361224 157.54660441 154.7470362 ]";1997-10-12;1997-11-30
45;8;CWT_rf_normal;0.10497571250593248;57.142857142857146;0.1111496478914859;15.253252567198237;0.11110505610698268;13.878610916223723;[119.118480725624, 139.413265306122, 134.807256235828, 126.757369614512, 112.230725623583, 144.033446712018, 131.916099773243, 124.305555555555];"[108.19483838 118.54273728 117.01239461 115.22026757 120.15867288
 118.63350344 121.25648782 118.39030475]";1998-03-29;1998-05-17
48;8;CWT_rf_normal;0.09740674051799553;57.142857142857146;0.10355885437576487;18.535623957534646;0.10351678357798814;12.840545426579213;[133.460884353742, 158.092403628118, 120.748299319728, 123.611111111111, 100.255102040816, 114.696712018141, 119.657029478458, 108.758503401361];"[110.94997348 114.5383809  117.31716832 117.45588009 115.09866765
 114.12109053 115.65108651 116.40644113]";1998-03-29;1998-05-17
2;8;CWT_rf_normal;0.12750167671970386;71.42857142857143;0.12429931280735174;27.551943046447718;0.12426550966057825;23.067704972775072;[196.215986394558, 201.006235827665, 240.986394557823, 166.227324263039, 144.600340136054, 165.107709750567, 169.401927437642, 182.851473922902];"[185.64879048 189.9785154  187.32838801 187.56389553 184.61138187
 187.45920396 188.41294182 189.43006923]";1997-12-07;1998-01-25
30;8;CWT_rf_normal;0.13660721803916143;57.142857142857146;0.1492899010787316;21.013115133658022;0.14922817956501125;18.063106950549084;[136.267006802721, 113.407029478458, 136.72052154195, 137.740929705216, 131.831065759637, 130.442176870748, 118.168934240363, 125.453514739229];"[115.95869247 123.71963068  99.00301243 116.10612746 108.41687611
 107.16943024 115.32846432 120.44929221]";1997-10-12;1997-11-30
36;8;CWT_rf_normal;0.49814458954063334;71.42857142857143;0.34505480902655067;35.97989124850108;0.34484191126747465;28.853589948419135;[118.962585034014, 125.0, 107.001133786848, 53.7273242630385, 38.1802721088436, 64.5266439909298, 75.0425170068027, 103.883219954649];"[102.62420659 121.23979515  90.73686096 116.22748733  90.51174839
 117.51196846  89.67691791 115.89771869]";1997-12-07;1998-01-25
33;8;CWT_rf_normal;0.15665929271358287;42.857142857142854;0.18665459187212974;54.58570983260953;0.1866100128540149;39.69417793103946;[253.28798185941, 249.050453514739, 260.034013605442, 256.292517006803, 258.503401360544, 250.77947845805, 253.018707482993, 256.25];"[232.48555059 120.57532463 239.16915373 240.04810781 197.15545293
 232.10018462 258.85426081 210.94620136]";1998-02-01;1998-03-22
51;8;CWT_rf_normal;0.10367868828335386;57.142857142857146;0.10326853198677498;27.92808471425146;0.10324381385694287;21.78508966715187;[198.645449763282, 221.225670699632, 269.989479221462, 184.968437664387, 169.831667543398, 226.420305102578, 211.322987901105, 201.998947922146];"[181.05993711 218.72677752 211.3114396  204.2037469  211.00957283
 216.36768345 223.24431089 215.13006064]";1998-03-29;1998-05-17
42;8;CWT_rf_normal;0.06397780404368161;42.857142857142854;0.061879689839096315;11.238607477216359;0.06185871478233743;9.131927475114274;[155.342970521542, 152.225056689342, 160.912698412698, 148.384353741497, 143.494897959184, 133.27664399093, 136.522108843537, 159.708049886621];"[146.28498287 155.64546212 161.87321863 144.43725093 150.60518159
 153.74338792 154.82078514 149.91435005]";1998-02-01;1998-03-22
54;8;CWT_rf_normal;0.05724970364032637;57.142857142857146;0.05457343663127447;6.346641985522074;0.0545361055064;4.003166739953674;[76.880589163598, 73.198316675434, 75.4602840610206, 78.2219884271436, 61.2177801157286, 84.1793792740662, 78.3271962125197, 74.907943187796];"[76.53686256 74.88387102 75.18283428 75.70664899 76.42294564 75.443777
 76.54426119 76.38750412]";1998-03-29;1998-05-17
39;8;CWT_rf_normal;0.057000854280456204;42.857142857142854;0.054585929411278114;8.529179131294912;0.05456394681563158;6.778469278993455;[127.196712018141, 114.753401360544, 117.644557823129, 121.839569160998, 122.831632653061, 117.134353741496, 120.833333333333, 129.06746031746];"[124.68588904 124.1272347  131.95284918 121.9848616  121.45546621
 128.14882206 133.04000878 132.35966424]";1998-02-01;1998-03-22
2;8;CWT_rf_normal;0.06741769270089973;57.142857142857146;0.06933318388393311;13.780154788064038;0.06931342559362134;12.183330968995794;[172.052154195011, 154.648526077097, 176.686507936508, 195.351473922903, 179.06746031746, 183.574263038549, 180.272108843537, 190.235260770975];"[164.42522732 168.76425912 169.42180531 169.93401333 173.20478002
 174.36949064 171.40901258 171.12398512]";1997-10-12;1997-11-30
45;8;CWT_rf_normal;0.1026123097817767;28.571428571428573;0.09727103643737178;13.215958054341256;0.09722974159640362;11.462660065856896;[116.56746031746, 113.392857142857, 110.856009070295, 107.624716553288, 129.804421768707, 112.414965986394, 118.353174603175, 105.881519274376];"[108.90510644 109.12605727 122.73208154 133.02412259 120.56333972
 122.03680996 123.96720116 123.90121497]";1998-02-01;1998-03-22
31;8;CWT_rf_normal;0.2112125365537086;42.857142857142854;0.1841407389376542;28.504017627058385;0.18407270008955923;24.94953502821304;[150.340136054422, 122.19387755102, 120.549886621315, 121.159297052154, 100.977891156463, 129.549319727891, 133.659297052154, 136.848072562358];"[144.29298893 149.80661693 147.57356885 151.61189575 156.01710752
 153.81246295 148.40830703 151.25681579]";1998-03-29;1998-05-17
36;8;CWT_rf_normal;0.2331277948847176;71.42857142857143;0.20430346521196474;27.52461094839751;0.20422156474362826;25.528249953335656;[120.833333333333, 119.614512471655, 111.777210884354, 97.7831514860898, 107.18537414966, 126.757369614512, 102.536848072562, 131.207482993197];"[142.72778606 145.23775137 138.88865069 139.38705223 140.50993631
 141.50235844 135.42374056 138.24400698]";1997-10-12;1997-11-30
33;8;CWT_rf_normal;0.16458200902820136;71.42857142857143;0.16995033192341352;46.163224543820164;0.16991335903838262;39.746112331561875;[251.998299319728, 263.265306122449, 331.136621315193, 171.357709750567, 208.333333333333, 215.802154195011, 229.861111111111, 243.863378684807];"[198.34799321 229.98025775 243.85375612 221.77461092 240.47486837
 223.65145092 189.32404305 231.0575007 ]";1997-12-07;1998-01-25
45;8;CWT_rf_normal;0.2152832889946089;71.42857142857143;0.20445313646121482;26.919833413417248;0.20436383501867506;23.700911374829218;[101.261337868481, 129.166666666667, 163.988095238095, 123.696145124717, 106.037414965986, 83.1916099773242, 95.8616780045352, 98.8236961451247];"[118.12023369 111.29795305 113.89396278 127.91491424 125.0948954
 118.02702519 118.57951573 122.77974276]";1997-12-07;1998-01-25
51;8;CWT_rf_normal;0.1367383212636543;57.142857142857146;0.1313946188080763;32.25771079501138;0.1313634456478931;27.841094445451365;[205.28669121515, 233.824302998422, 195.081536033667, 183.837453971594, 228.577064702788, 263.256180957391, 169.700157811678, 185.468174644924];"[213.19640774 211.49752856 212.3013932  192.3198923  204.74459208
 216.22087784 220.31789259 230.77263323]";1998-02-01;1998-03-22
48;8;CWT_rf_normal;0.10449945333774432;57.142857142857146;0.10012794026614973;14.157953136477186;0.10008389422853278;11.44225449519828;[132.454648526077, 113.59126984127, 119.84126984127, 99.8441043083899, 137.457482993197, 117.984693877551, 103.259637188209, 94.2460317460316];"[121.94535359 116.35786209 118.69151336 116.85590764 116.77043471
 116.80095701 118.21255393 117.52291883]";1998-02-01;1998-03-22
57;8;CWT_rf_normal;0.1926982318025654;14.285714285714286;0.22001034223895377;35.09398119149189;0.21992689768775903;29.134521384106495;[137.835349815886, 151.301946344029, 145.607574960547, 136.770120988953, 126.157285639137, 172.77748553393, 142.990531299316, 156.483429773803];"[138.46478837  92.1290524  122.1167582  121.34518617 147.01186134
 126.88689191 128.34800005 103.51304335]";1998-03-29;1998-05-17
42;8;CWT_rf_normal;0.15234756419720252;57.142857142857146;0.1380351845150834;24.827517049407664;0.13798959984474768;20.975085989640668;[157.553854875283, 161.550453514739, 192.81462585034, 135.770975056689, 138.43537414966, 132.865646258503, 127.891156462585, 133.90022675737];"[156.77574569 158.41571174 177.6690289  174.24379653 155.76835717
 159.243254   161.2611127  167.08909829]";1997-12-07;1998-01-25
39;8;CWT_rf_normal;0.15086063475166872;14.285714285714286;0.14872817148163414;23.26979596350842;0.14866942277952022;19.01042893875185;[132.057823129252, 140.532879818594, 172.321428571429, 117.842970521542, 106.221655328798, 103.231292517007, 109.112811791383, 113.12358276644];"[127.94450198 128.64631066 122.90394899 125.78416486 126.60078182
 130.76487517 127.71309856 125.33545413]";1997-12-07;1998-01-25
54;8;CWT_rf_normal;0.17432973946646518;71.42857142857143;0.194724321144226;15.124760296092578;0.1945837817205976;13.49910366692334;[87.0153374342898, 75.6443976854287, 75.841662283009, 66.2283008942662, 76.6438716465019, 71.4886901630721, 71.6728037874803, 77.0910047343503];"[57.82145463 64.90105082 64.21858057 62.90293207 63.27968684 59.51407051
 59.87155686 61.12390699]";1998-02-01;1998-03-22
31;8;CWT_rf_normal;0.11778261928918748;71.42857142857143;0.1204989893957344;18.55341370246369;0.12045386693253808;16.189939758146863;[146.003401360544, 126.374716553288, 106.788548752835, 130.78231292517, 154.931972789116, 144.770408163265, 138.066893424036, 162.840136054422];"[146.69431865 139.90093593 129.5071203  117.75797858 128.64909784
 125.42821757 132.14388562 134.82873391]";1998-02-01;1998-03-22
37;8;CWT_rf_normal;0.07150304200079421;28.571428571428573;0.07212286242110105;18.414804640299728;0.07210502045776886;14.59335400755517;[187.825963718821, 196.825396825397, 191.850907029478, 181.164965986395, 196.626984126984, 229.804421768707, 213.888888888889, 198.993764172336];"[208.60461708 197.21752461 195.12360857 200.028392   209.41917841
 193.33712665 193.78168735 203.06699659]";1998-03-29;1998-05-17
33;8;CWT_rf_normal;0.10898631165911751;57.142857142857146;0.10124913845594738;30.52821626137739;0.10122497073928174;21.44204656873098;[219.827097505669, 200.453514739229, 224.036281179138, 239.99433106576, 238.024376417234, 153.925736961451, 237.089002267574, 260.303287981859];"[224.5132186  208.14088226 224.00647437 223.37604002 216.43798317
 223.16575093 227.09656205 218.60734934]";1997-10-12;1997-11-30
45;8;CWT_rf_normal;0.19891351192731302;57.142857142857146;0.17590530991875414;23.70845302070505;0.17583145885936158;21.00741639386476;[107.49716553288, 91.7091836734694, 112.329931972789, 133.574263038549, 113.222789115646, 107.440476190476, 104.875283446712, 122.463151927438];"[124.48148484 130.52447198 146.90549964 130.03659818 129.79193935
 129.63724475 129.65505392 133.06395368]";1997-10-12;1997-11-30
57;8;CWT_rf_normal;0.230991237676656;85.71428571428571;0.19346671962283396;30.171925368469225;0.19339226263246806;25.627305490461804;[149.53971593898, 127.275118358759, 125.449369647912, 79.5393223044083, 156.970015781168, 125.39452919516, 131.351920042083, 141.649132035771];"[174.20526103 158.67469368 158.53607922 139.17182292 148.47451207
 146.38238129 153.87081252 145.88099707]";1998-02-01;1998-03-22
48;8;CWT_rf_normal;0.1579252159293857;57.142857142857146;0.1464176604134722;20.668566343080222;0.14635736227720955;17.908942071465276;[124.886621315193, 144.359410430839, 152.621882086168, 101.318027210884, 124.121315192744, 92.3185941043083, 113.662131519274, 122.222222222222];"[133.73528744 123.43184863 131.78302316 126.42546553 128.46776184
 129.71180309 133.13981263 128.55389688]";1997-12-07;1998-01-25
54;8;CWT_rf_normal;0.10786770298237454;57.142857142857146;0.10743847318221081;8.390381159750223;0.10736153576540072;7.528714992518139;[64.9943459761601, 76.9331930562861, 85.5207785376118, 66.2677538137822, 63.0720673329826, 62.9142556549185, 60.8890057864282, 65.3077327722252];"[70.33982396 68.82641581 69.46473946 69.30912117 69.0440383  69.85084131
 70.39234974 70.57589048]";1997-12-07;1998-01-25
39;8;CWT_rf_normal;0.12110579565648238;42.857142857142854;0.11090892968120075;16.443884251639716;0.11086324978023487;13.474157984103206;[110.501700680272, 99.9574829931973, 126.289682539683, 121.967120181406, 128.103741496599, 111.989795918367, 120.861678004535, 125.566893424036];"[124.97147035 135.30578683 131.39167962 128.19077622 120.19568679
 131.75561722 132.1252713  133.27896136]";1997-10-12;1997-11-30
42;8;CWT_rf_normal;0.20515739889668605;71.42857142857143;0.17891035263344882;34.43666421159242;0.17885434867796213;28.88602311795701;[153.996598639456, 113.577097505669, 164.314058956916, 180.15873015873, 140.589569160998, 141.25566893424, 153.358843537415, 161.323696145125];"[147.82324442 167.65200884 153.21685791 184.57462323 170.99191757
 176.67180054 188.16969396 216.02119098]";1997-10-12;1997-11-30
51;8;CWT_rf_normal;0.13807807072298456;57.142857142857146;0.14084991396886076;34.965422540669095;0.14081133750398378;26.18467779026042;[197.856391372962, 207.969489742241, 258.561283534982, 188.197769463739, 136.804921863538, 148.921620199895, 181.680694371383, 172.198842714361];"[200.56379618 169.67900261 185.77237393 162.96203794 182.29113155
 164.98222799 178.88073967 166.09072564]";1997-12-07;1998-01-25
37;8;CWT_rf_normal;0.10048573124836105;100.0;0.09241796732338084;24.948001758014666;0.09239529263323071;18.872934619588328;[202.395124716553, 180.768140589569, 185.16156462585, 177.664399092971, 216.113945578231, 190.915532879818, 195.833333333333, 214.52664399093];"[221.69287472 214.24321746 240.10676737 192.28516997 219.76550445
 202.56450516 205.28305043 210.63221578]";1998-02-01;1998-03-22
31;8;CWT_rf_normal;0.16579073282049173;57.142857142857146;0.15202284125152407;24.695420851391074;0.15197114759351535;22.454891179326463;[151.629818594104, 144.367521688668, 188.690476190476, 139.625850340136, 133.304988662131, 117.531179138322, 127.763605442177, 136.451247165533];"[143.15730793 153.89386642 166.2361667  154.9268219  160.26871707
 158.35695345 158.14818066 162.16216222]";1997-12-07;1998-01-25
48;8;CWT_rf_normal;0.16477143421311263;57.142857142857146;0.1471437398944075;22.687135738440787;0.1470868217509188;19.074629411685763;[120.15306122449, 100.836167800453, 122.562358276644, 134.141156462585, 132.043650793651, 118.395691609977, 116.269841269841, 145.039682539682];"[155.94988674 137.68252768 135.54768928 131.59287061 143.66646782
 142.59453418 139.89265817 140.06392599]";1997-10-12;1997-11-30
54;8;CWT_rf_normal;0.18361200767029837;28.571428571428573;0.15456425620330944;12.963418219825716;0.1544396147648325;9.66617682874821;[51.8411362440822, 42.4644923724356, 65.0710152551289, 72.5539189900052, 64.2030510257759, 77.3339846196238, 67.7012098895318, 74.7632824829037];"[72.37945974 70.0552249  71.07495032 70.06563148 71.68040329 71.23249912
 71.78511907 71.71789341]";1997-10-12;1997-11-30
34;8;CWT_rf_normal;0.08797860866895377;42.857142857142854;0.08601511962546111;12.964123252024622;0.08597949728550376;10.453315222076892;[132.65306122449, 146.442743764172, 115.674603174603, 127.012471655329, 96.7970521541951, 130.130385487528, 125.793650793651, 125.850340136054];"[118.3628009  128.97997254 126.14221513 117.27959504 121.54166166
 126.46802661 127.27473249 124.06538856]";1998-03-29;1998-05-17
57;8;CWT_rf_normal;0.19818314747229976;28.571428571428573;0.2252653388048293;38.93661387524579;0.22518457842927925;31.897497269194268;[160.034192530247, 155.733824302998, 211.296685954761, 145.857443450815, 130.54971067859, 120.594423987375, 134.508153603366, 138.558653340347];"[113.42191714 128.72055154 131.65297839 106.96964232 132.57722099
 137.60299687 119.92599398 109.15397486]";1997-12-07;1998-01-25
31;8;CWT_rf_normal;0.11336810021647512;28.571428571428573;0.1011716914501241;19.355757472667197;0.10113327622708942;13.46646018061863;[141.128117913832, 95.7199546485261, 149.291383219954, 130.116213151927, 155.62641723356, 139.725056689342, 144.869614512472, 162.769274376417];"[146.51902932 143.13581217 145.08947294 145.3335303  144.76654015
 146.41322166 145.28375377 145.2257706 ]";1997-10-12;1997-11-30
37;8;CWT_rf_normal;0.2249499603373923;71.42857142857143;0.2218403874899294;57.31606189138522;0.22178587084333573;45.8440868384747;[240.802154195011, 223.143424036281, 303.458049886621, 153.032879818594, 160.133219954649, 163.236961451247, 177.593537414966, 211.649659863946];"[209.96118154 154.3219954  198.92516884 220.72616681 229.81394342
 174.98051801 183.88944236 218.79360026]";1997-12-07;1998-01-25
40;8;CWT_rf_normal;0.14076734509900363;14.285714285714286;0.13078273156719122;20.70313998083595;0.13073492254604357;17.918804028749456;[148.100907029478, 158.90022675737, 126.615646258503, 114.710884353742, 120.252267573696, 151.062925170068, 120.535714285714, 142.361111111111];"[144.52280825 137.90239778 141.20520033 150.4123922  143.31165309
 141.92465524 149.02808287 150.15452964]";1998-03-29;1998-05-17
51;8;CWT_rf_normal;0.12988253319129114;42.857142857142854;0.1206040770274213;26.992202247501282;0.12057190577595149;22.670317937560256;[187.611783271962, 167.964229352972, 217.096265123619, 199.263545502367, 214.807995791689, 149.607707364903, 186.568204346441, 173.329826407154];"[199.34971264 194.53172001 190.44687611 196.16548779 198.50312665
 205.17302747 202.12731358 199.21020467]";1997-10-12;1997-11-30
46;8;CWT_rf_normal;0.057386267763355425;42.857142857142854;0.057714189554046655;17.361549425565734;0.0577033543549413;15.388652498736924;[254.280045351474, 260.572562358277, 262.585034013605, 259.05612244898, 255.711451247166, 292.786281179138, 272.534013605442, 280.144557823129];"[265.48914941 239.46836978 280.68265986 271.56491589 274.51279649
 262.46656316 270.34128839 271.26884223]";1998-03-29;1998-05-17
49;8;CWT_rf_normal;0.1098695437533578;57.142857142857146;0.11060405284360449;19.450170332320628;0.11057031378156951;18.20005513968526;[170.564058956916, 169.855442176871, 176.955782312925, 170.46485260771, 187.03231292517, 186.649659863946, 131.816893424036, 177.933673469388];"[157.57463788 159.39284959 164.48286572 155.99885669 163.82081388
 163.70361052 163.92907595 160.99388944]";1998-03-29;1998-05-17
43;8;CWT_rf_normal;0.055346531395125305;71.42857142857143;0.05517028553991156;10.243326054817178;0.05514904578057847;7.2005952260234665;[126.303854875283, 129.393424036281, 134.651360544218, 121.768707482993, 110.884353741497, 152.636054421769, 129.37925170068, 131.774376417233];"[133.28429171 128.50089823 132.54233785 133.56512044 123.94055819
 130.84267814 130.30731152 131.82309939]";1998-03-29;1998-05-17
55;8;CWT_rf_normal;0.14054322288406024;42.857142857142854;0.13708322396893202;16.22044425218257;0.13699232239169434;10.684561837617942;[73.9216201998948, 83.6533403471857, 113.545502367175, 73.0010520778537, 49.3556023145713, 83.4297738032615, 76.1441346659652, 75.1841136244083];"[72.4262636  76.32152807 77.76987284 73.51343916 74.27934022 71.55096874
 74.22054104 76.81928625]";1998-03-29;1998-05-17
37;8;CWT_rf_normal;0.06644072160968786;85.71428571428571;0.06381110676254417;14.800680815867018;0.06379422625548856;12.219406784309534;[193.778344671202, 160.147392290249, 234.778911564626, 209.112811791383, 201.133786848073, 158.786848072562, 203.202947845805, 231.164965986395];"[201.64955985 177.157812   217.76198479 223.18301036 195.69313599
 188.01247713 208.26932999 229.11113399]";1997-10-12;1997-11-30
34;8;CWT_rf_normal;0.11142252286999203;57.142857142857146;0.10452243000589245;14.095434537677002;0.1044806336062144;13.075686529848836;[113.081065759637, 115.77380952381, 118.225623582767, 111.034188355335, 125.907029478458, 129.109977324263, 119.444444444444, 121.414399092971];"[124.88881495 126.31474906 132.28877669 136.98431625 134.33677356
 137.43084625 133.30731661 133.04443643]";1998-02-01;1998-03-22
32;8;CWT_rf_normal;0.17313767961235021;14.285714285714286;0.1867912987351582;31.83950320248548;0.1867277642856014;27.64447051258913;[135.756802721088, 161.848072562358, 158.149092970522, 190.079365079365, 112.641723356009, 150.637755102041, 180.00283446712, 151.587301587302];"[138.23159171 123.94448372 129.93323104 139.03768954 140.38027697
 137.77245861 134.12544925 136.5486881 ]";1998-03-29;1998-05-17
57;8;CWT_rf_normal;0.1898781852165897;71.42857142857143;0.15937200573151092;26.943530855836457;0.15930792549297826;19.977581118628358;[144.345081536034, 150.433982114676, 147.724881641242, 106.091137138706, 110.082144378004, 134.382906239824, 147.185691741189, 87.3882167280379];"[149.11599713 152.26616092 153.04908761 145.018066   147.31705805
 151.77408951 151.1984356  137.71579565]";1997-10-12;1997-11-30
52;8;CWT_rf_normal;0.06926803068873667;100.0;0.07174230669640516;7.185757860708479;0.07169738676488877;5.742489862624563;[78.4192530247238, 80.3129931614939, 86.8095739084692, 78.4061020515518, 68.5691741188848, 91.2677538137822, 78.5113098369279, 85.0341925302472];"[77.08838904 78.67221677 78.74795194 76.32234808 75.59070715 76.24520733
 74.88477386 77.88190545]";1998-03-29;1998-05-17
49;8;CWT_rf_normal;0.1511190175512635;71.42857142857143;0.14660464460629163;29.05363146440353;0.14656056100962278;24.763905951337435;[171.414399092971, 153.642290249433, 155.569727891157, 166.964285714286, 148.398526077097, 172.066326530612, 164.356575963719, 167.304421768707];"[141.43396556 159.29606097 172.70114558 199.96761483 122.12590454
 153.39025919 174.28979447 224.76481094]";1998-02-01;1998-03-22
43;8;CWT_rf_normal;0.1153251569203197;71.42857142857143;0.12567633552095192;18.80740298876076;0.12562566108017525;15.619328940674947;[126.87074829932, 140.46201814059, 129.53514739229, 129.903628117914, 148.327664399093, 129.322562358276, 121.074263038549, 134.495464852608];"[127.0928848  130.35476823 103.21408518 109.85848859 114.414564
 115.03271564 117.27172216 118.24190946]";1998-02-01;1998-03-22
40;8;CWT_rf_normal;0.10607433853564269;57.142857142857146;0.1090074336983142;16.49342294264399;0.10896623855944765;14.493952232436792;[127.876984126984, 109.665532879819, 141.695011337868, 146.683673469388, 133.956916099773, 138.081065759637, 150.680272108844, 157.482993197279];"[129.8349851  131.77909474 135.75524149 135.17029449 113.92047013
 124.00046743 137.71620187 130.13720152]";1998-02-01;1998-03-22
52;8;CWT_rf_normal;0.09627286785491493;42.857142857142854;0.10174297600502162;8.08736779318586;0.10167239319141896;7.341698275554411;[79.6028406102051, 69.8207531302895, 75.841662283009, 72.9089952656498, 67.8149166031484, 77.735402419779, 72.8169384534455, 82.0357706470278];"[71.87112103 72.46964543 67.89319562 61.92116024 70.67554231 68.50734816
 67.96526121 69.55945522]";1998-02-01;1998-03-22
46;8;CWT_rf_normal;0.053815284417524034;57.142857142857146;0.052457217182025576;15.790323514026367;0.05244631965705979;12.655782890895445;[258.460884353742, 242.871315192744, 257.100340136054, 255.952380952381, 253.897392290249, 207.8089569161, 250.921201814059, 259.169501133787];"[248.07678223 253.31280378 252.73228471 244.48313816 243.08811685
 244.36264867 245.9104989  246.95979706]";1998-02-01;1998-03-22
34;8;CWT_rf_normal;0.13874147113837343;57.142857142857146;0.14483292032255898;25.147175781618134;0.1447784095814731;19.48566930119153;[144.614512471655, 144.189342403628, 184.552154195011, 117.885487528345, 108.319160997733, 110.700113378685, 115.235260770975, 116.935941043084];"[132.58115099 119.41240088 125.68206074 127.64860618 126.7915533
 127.21614093 124.68331588 122.94130538]";1997-12-07;1998-01-25
49;8;CWT_rf_normal;0.08648919295519558;71.42857142857143;0.09158711696502835;21.22701793096213;0.09155966130770127;15.520109181750719;[162.074829931973, 152.80612244898, 220.209750566893, 160.445011337868, 171.258503401361, 132.256235827664, 173.90873015873, 175.368480725623];"[156.45341332 151.78680396 177.38388758 160.43974641 136.59185856
 145.55297888 159.47649661 187.66186971]";1997-12-07;1998-01-25
32;8;CWT_rf_normal;0.18638351378822232;42.857142857142854;0.16493562344052554;28.977805422951832;0.16488008978013508;24.53652318975215;[139.469954648526, 119.628684807256, 136.238662131519, 131.09410430839, 146.301020408163, 126.190476190476, 139.229024943311, 150.255102040816];"[162.47566784 179.32507436 173.37027069 151.62883757 136.67789134
 138.47982797 155.15378031 168.34160679]";1998-02-01;1998-03-22
55;8;CWT_rf_normal;0.5088585369019004;28.571428571428573;0.38718171390156064;35.02826940805137;0.386947095638922;32.537283828167595;[71.8174644923725, 43.0431351920042, 71.2519726459759, 74.105733824303, 79.1425565491846, 70.4497632824829, 76.5912677538138, 63.4271436086271];"[ 80.11478956  86.74501856 106.84587658 104.42096774  99.3493975
 101.71648155 113.91370118 117.02107531]";1998-02-01;1998-03-22
38;8;CWT_rf_normal;0.05811666895368397;57.142857142857146;0.05627135032835151;9.882203425643771;0.056250542862327904;7.641550978770546;[131.87358276644, 137.074829931973, 145.946712018141, 147.789115646259, 114.044784580499, 141.184807256236, 145.890022675737, 139.498299319728];"[151.11300151 134.38448735 144.37756876 140.02668645 129.65863433
 142.77928896 136.85257848 135.87300092]";1998-03-29;1998-05-17
58;8;CWT_rf_normal;0.18268786747515395;57.142857142857146;0.18634131370871015;19.36888091608344;0.18623208558660245;16.2480823162997;[92.9905312993162, 73.4481851657024, 88.1509731720146, 84.0478695423461, 56.0625986322988, 106.930562861652, 118.490268279853, 103.774329300368];"[78.00082345 81.95780971 85.59390164 87.544761   79.81536802 81.85280604
 83.71919374 86.94456689]";1998-03-29;1998-05-17
43;8;CWT_rf_normal;0.11615824375235569;42.857142857142854;0.12154213496348745;23.52139225273427;0.12149628014123488;16.333645858765227;[130.215419501134, 140.462018140589, 183.205782312925, 114.569160997732, 109.651360544218, 111.72052154195, 113.109410430839, 121.981292517007];"[129.75000172 124.51256301 124.14963439 125.19198511 123.43645728
 125.46785848 126.46429178 125.66929941]";1997-12-07;1998-01-25
34;8;CWT_rf_normal;0.06991224988208275;57.142857142857146;0.06729031698181373;10.058175180943326;0.06726287230552183;8.26832475201656;[118.962585034014, 105.456349206349, 123.313492063492, 141.241496598639, 129.832766439909, 131.533446712018, 127.395124716553, 116.935941043084];"[129.1035512  122.70515847 130.34563734 137.02683578 129.26174651
 120.65044637 126.22630977 131.82312232]";1997-10-12;1997-11-30
40;8;CWT_rf_normal;0.13602537621417646;42.857142857142854;0.13428121194311002;19.306287342361117;0.13422919241205328;17.452508496084697;[139.625850340136, 139.710884353742, 156.916099773243, 155.924036281179, 112.03231292517, 119.21768707483, 101.261337868481, 131.760204081633];"[129.75713393 121.81455664 127.08072574 137.24018633 132.24335053
 127.92664201 129.6137494  137.82359987]";1997-12-07;1998-01-25
55;8;CWT_rf_normal;0.23487219641238793;57.142857142857146;0.23473839286745185;24.814936797398023;0.23459999323838432;20.5023691384523;[80.5760126249341, 102.169910573383, 139.334560757496, 85.0078905839031, 66.4518674381905, 61.5728563913729, 67.5433982114676, 66.2546028406102];"[93.54980109 75.61158466 85.72452069 80.38339032 86.93090695 81.93709835
 79.88737592 79.31964207]";1997-12-07;1998-01-25
32;8;CWT_rf_normal;0.21259961636875996;42.857142857142854;0.24462574683782412;44.673187295473824;0.244541210279484;35.822799285337624;[150.212585034014, 178.500566893424, 210.884353741497, 153.543083900227, 116.865079365079, 106.451700441706, 125.141723356009, 172.023809523809];"[117.65505631 114.85704512 123.86508376 128.80601838 122.65012909
 124.69091334 118.01592122 124.54886599]";1997-12-07;1998-01-25
52;8;CWT_rf_normal;0.24715196764027575;42.857142857142854;0.20475222239184382;17.45995653448262;0.20460376561986607;14.225736524681958;[91.12309310889, 59.1004734350342, 57.0226196738558, 45.6075749605471, 72.8037874802735, 69.1215149921095, 72.4618621778012, 72.290899526565];"[81.411279   78.38800199 77.90651691 80.91745621 80.55558505 83.25102409
 77.71941751 70.81699048]";1997-12-07;1998-01-25
38;8;CWT_rf_normal;0.15980206740248104;42.857142857142854;0.1563194814204183;24.403312464759324;0.15625545644160066;19.272726409898443;[142.729591836735, 135.643424036281, 133.843537414966, 118.466553287982, 157.823129251701, 135.345804988662, 86.0260770975055, 137.5];"[106.45340407 128.42387307 136.23895432 131.43452282 122.34366065
 121.25203288 127.8513977  133.5758752 ]";1998-02-01;1998-03-22
58;8;CWT_rf_normal;0.11221263369423481;14.285714285714286;0.10164679518866583;12.455098814869906;0.10158988076545503;9.081956579126409;[80.2735402419779, 80.2209363492898, 90.7943187795897, 81.4308258811152, 80.9705418200947, 78.8532351394004, 85.1788532351394, 88.0852183061546];"[ 82.43991866  84.18223893  88.30714716  94.00457224  98.97145399
 105.31104175  90.6526539   86.55068409]";1998-02-01;1998-03-22
46;8;CWT_rf_normal;0.1330026571661606;42.857142857142854;0.1424727125189242;42.56454245950222;0.14244341057109383;34.880209988101925;[263.137755102041, 259.197845804989, 322.066326530612, 226.615646258503, 209.041950113379, 223.327664399093, 221.301020408163, 248.767006802721];"[202.75827592 211.64556664 239.52572719 245.42817704 236.61200971
 233.23876147 232.91317473 228.10352637]";1997-12-07;1998-01-25
49;8;CWT_rf_normal;0.3636699294493122;57.142857142857146;0.29724604366472285;58.03935499600627;0.2971604390002027;52.267429849944534;[161.451247165533, 127.33843537415, 166.765873015873, 132.397959183673, 122.137188208617, 144.501133786848, 164.611678004535, 191.794217687075];"[180.04731375 203.10678925 246.72260516 176.81473313 180.99102266
 208.63342044 234.43873347 185.205882  ]";1997-10-12;1997-11-30
43;8;CWT_rf_normal;0.061116003682570155;42.857142857142854;0.05927715535263008;9.112263294065043;0.05925263335098458;7.1771348465537805;[120.039682539683, 105.93820861678, 112.542517006803, 125.070861678004, 131.136621315193, 124.716553287982, 120.493197278911, 133.942743764172];"[122.2097575  121.30346343 127.84117746 126.28690409 125.96650261
 126.6770721  125.03687761 122.25001547]";1997-10-12;1997-11-30
52;8;CWT_rf_normal;0.13543322165309155;28.571428571428573;0.13824707452767113;12.368448301388865;0.13815667505025647;10.722166149555179;[75.9337190952131, 72.0015781167807, 83.6138874276697, 93.5034192530247, 88.5718043135191, 94.4525258814732, 81.7069963177276, 54.3135192004208];"[75.08699872 77.27491416 76.58640937 75.10462616 76.21629577 75.67588831
 74.36487119 70.07024958]";1997-10-12;1997-11-30
55;8;CWT_rf_normal;0.12688383226206673;57.142857142857146;0.11898074100905655;11.578832993080542;0.11890395675078691;9.27477114034399;[82.8248290373488, 72.0015781167807, 59.1947668073016, 94.8711204629142, 89.9263545502367, 83.3308283860624, 85.1920042083114, 70.1209889531825];"[81.76505254 79.80948101 83.28330905 80.07934346 80.70363399 79.77972393
 81.53375675 80.13908696]";1997-10-12;1997-11-30
40;8;CWT_rf_normal;0.08502428850695454;71.42857142857143;0.08166169202528697;12.570993513753479;0.0816297010760823;10.462738143427664;[125.368480725624, 106.420068027211, 138.293650793651, 139.696712018141, 135.019841269841, 116.482426303855, 122.576530612245, 149.560657596372];"[135.52131496 133.0849261  130.40739423 131.07909222 133.98652024
 124.29313084 130.20568072 135.6534968 ]";1997-10-12;1997-11-30
32;8;CWT_rf_normal;0.13228582545266385;57.142857142857146;0.12184116121593995;17.64140239176861;0.12179148271188509;15.03136721276291;[116.992630385487, 93.5799319727892, 137.542517006803, 142.857142857143, 121.40022675737, 112.684240362812, 129.053287981859, 140.830498866213];"[139.24040632 127.00955945 135.03761341 127.56926844 135.15019072
 131.17399224 136.87248458 134.10865502]";1997-10-12;1997-11-30
58;8;CWT_rf_normal;0.201189809088259;28.571428571428573;0.19342337969934076;19.527298028122573;0.1933142581770132;17.32496209531726;[91.6096791162546, 101.459758022094, 124.658074697528, 83.8769068911099, 74.8158863755918, 76.4992109416097, 72.8037874802735, 68.9637033140452];"[85.50092148 88.27836056 87.93766539 95.9135912  90.92365163 88.67586195
 89.18583684 94.84968573]";1997-12-07;1998-01-25
35;8;CWT_rf_normal;0.09065161369025376;42.857142857142854;0.08348063423413853;8.584223982333071;0.08342392980148527;6.174227189104257;[76.7290249433107, 76.4314058956917, 60.2182539682539, 84.8781179138321, 64.7675736961452, 85.8843537414967, 81.9727891156462, 83.7868480725625];"[79.74805606 75.99689909 77.14637871 79.2874617  80.24252306 82.52015343
 83.52229009 80.75400008]";1998-03-29;1998-05-17
44;8;CWT_rf_normal;0.14269813759982253;42.857142857142854;0.1184386476671038;20.294360745859382;0.11838276644823444;12.66756322023889;[118.820861678005, 121.641156462585, 117.828798185941, 107.157029478458, 71.485260770975, 131.944444444444, 123.951247165533, 126.743197278912];"[124.21793819 116.94961186 105.54556142 111.17447917 125.15392684
 119.56069478 118.18757785 123.60808415]";1998-03-29;1998-05-17
46;8;CWT_rf_normal;0.12125450376012764;85.71428571428571;0.1081930847534057;31.286423613930637;0.1081679786673565;23.40624003444276;[217.020975056689, 207.950680272109, 164.611678004535, 246.24433106576, 241.794217687075, 223.228458049887, 207.922335600907, 234.679705215419];"[238.81459492 238.79812983 236.27415902 237.86238195 236.97986522
 236.56766895 239.05910894 239.95378924]";1997-10-12;1997-11-30
38;8;CWT_rf_normal;0.14545599745269397;14.285714285714286;0.1444485821790612;22.18748537822801;0.1443942292819455;19.29167754511298;[142.474489795918, 143.891723356009, 170.960884353742, 126.700680272109, 110.260770975057, 116.142290249433, 124.475623582766, 115.15022675737];"[131.68773271 128.0237821  126.62434409 138.76131615 136.80116088
 134.70053837 131.76322407 134.04553412]";1997-12-07;1998-01-25
50;8;CWT_rf_normal;0.11284053635576957;57.142857142857146;0.11379794536645733;18.34857772765379;0.11375025739381028;13.742476595738157;[113.085218306155, 126.328248290373, 119.358232509206, 110.244608101, 92.3724355602315, 159.810625986323, 111.809573908469, 121.962125197265];"[117.6491015  117.48744748 108.89944426 107.69124615 119.05573743
 119.50396132 118.46802507 112.08756434]";1998-03-29;1998-05-17
58;8;CWT_rf_normal;0.07787923981048894;57.142857142857146;0.07347466659548925;7.975868350971478;0.07343349125133439;6.559953974360964;[78.0641767490795, 87.1120462914256, 88.6375591793792, 94.8974224092584, 82.7590741714887, 89.104105608577, 87.493424513414, 97.4092582851131];"[93.22266825 91.00323203 93.29338873 98.94838334 94.24262056 93.59396541
 96.08717613 97.56526456]";1997-10-12;1997-11-30
53;8;CWT_rf_normal;0.18203044571330274;28.571428571428573;0.18505878775379705;27.06885251449933;0.1849834540444808;22.826147342620416;[138.598106259863, 140.570752235665, 132.995791688585, 142.214623882167, 117.937927406628, 100.604944765913, 113.821672803788, 102.511835875855];"[121.52113632 117.42741319 119.34480471  92.74180045 153.83548138
  99.10775461 103.68461354 134.24509182]";1998-03-29;1998-05-17
60;8;CWT_rf_normal;0.05765050149682913;42.857142857142854;0.05547397082121895;8.411869256801285;0.055449407008836174;6.267183234275771;[120.870594423987, 118.897948448185, 113.321935823251, 108.364018937401, 99.6449237243556, 119.77906365071, 117.372435560232, 113.90057864282];"[115.1696066  111.52065923 114.27981947 119.10584591 118.21505729
 116.72936406 116.42546415 116.69325229]";1998-03-29;1998-05-17
56;8;CWT_rf_normal;0.07781755418323977;85.71428571428571;0.0739043247624857;11.410255797294434;0.07387341231955818;8.88289061464459;[131.970015781168, 140.623356128353, 120.581273014203, 111.454497632825, 97.6065228826934, 134.324039978958, 133.048395581273, 129.852709100474];"[122.80487219 133.20830507 123.37333838 122.4868534  124.08047268
 130.29735194 126.48879324 126.25444015]";1998-03-29;1998-05-17
38;8;CWT_rf_normal;0.2769058888252802;57.142857142857146;0.23844578291357507;37.10546646916572;0.23836297546443747;34.463552309216674;[117.120181405896, 110.856009070295, 129.435941043084, 136.72052154195, 133.843537414966, 132.638888888889, 117.587868480726, 137.698412698413];"[160.90051901 142.29296457 183.27437447 170.71789804 162.34930869
 147.8443991  169.87420604 154.3561091 ]";1997-10-12;1997-11-30
44;8;CWT_rf_normal;0.1615565772227558;14.285714285714286;0.18024130109473957;29.130799507878876;0.1801634096209011;21.095761811069764;[158.503401360544, 109.282879818594, 123.795351473923, 83.8010204081632, 143.90589569161, 117.063492063492, 115.249433106576, 120.337301587302];"[108.83667571 126.30603143 118.84900923  98.92459912  84.59810491
 108.38532155 114.87470042 106.69169929]";1998-02-01;1998-03-22
50;8;CWT_rf_normal;0.20018975754840668;71.42857142857143;0.22740319834525824;25.024672029739353;0.22728736034951227;22.55179638805259;[125.433982114677, 93.0825881115203, 111.954234613361, 100.960021041557, 119.857969489742, 124.329300368227, 83.1358003485455, 111.217780115729];"[ 92.66757475  68.71505124  85.0680319   84.6759811  101.83282028
  83.50583747  85.49213257  92.31254023]";1998-02-01;1998-03-22
35;8;CWT_rf_normal;0.08736960938439228;28.571428571428573;0.0874003162195044;8.378382108804697;0.08734258010989744;6.63257238124827;[67.6729024943311, 75.5243764172336, 86.4937641723356, 77.891156462585, 83.2199546485259, 63.9314058956916, 69.2743764172336, 82.327097505669];"[68.85458486 72.85078826 70.00538743 83.99585374 77.11894702 77.41823473
 72.54991022 78.57823326]";1998-02-01;1998-03-22
47;8;CWT_rf_normal;0.13497495676785726;28.571428571428573;0.12642930091804722;28.055424429523722;0.12639297338329714;22.141648686859906;[200.949546485261, 180.753968253968, 193.721655328798, 186.493764172336, 130.980725623583, 214.597505668934, 153.472222222222, 181.221655328798];"[176.25624852 179.09206708 171.32868278 173.69647447 189.89747326
 185.27336866 179.67770103 180.08029068]";1998-03-29;1998-05-17
41;8;CWT_rf_normal;0.07448876348733091;28.571428571428573;0.07010412388725051;14.210143708023589;0.07008042476163656;10.384954308902671;[144.246031746032, 157.511337868481, 133.74433106576, 152.253401360544, 128.784013605442, 164.314058956916, 153.713151927438, 155.527210884354];"[163.71360726 160.01290669 151.17230495 148.77490158 156.73720009
 152.80014119 154.33104643 155.40819319]";1998-03-29;1998-05-17
53;8;CWT_rf_normal;0.1919533987495135;57.142857142857146;0.1768720061015469;25.211649074892982;0.17679329692244644;20.210221554189637;[147.422409258285, 126.775381378222, 124.026827985271, 122.264597580221, 144.923724355602, 100.657548658601, 72.1199368753288, 134.665965281431];"[115.12147425 105.7881974  129.55666958 125.70694541 115.55728411
 115.39068237 121.56468311 128.78882147]";1998-02-01;1998-03-22
59;8;CWT_rf_normal;0.21307215972420912;57.142857142857146;0.18730488681813628;25.84842955267763;0.18722095123559257;21.193016654056052;[133.350867964229, 161.322987901105, 85.4287217254077, 100.973172014729, 102.998421883219, 83.4166228300894, 96.7517096265123, 117.280378748027];"[130.82196323 129.34280729 115.15569395 111.12199397 132.35900749
 129.63795886 114.8836319  115.83496896]";1998-03-29;1998-05-17
44;8;CWT_rf_normal;0.21600054188525228;14.285714285714286;0.20477204879981847;28.969689355111612;0.20468263677751664;23.598745147682543;[122.278911564626, 126.09126984127, 157.298752834467, 103.1320861678, 85.9268707482993, 92.219387755102, 105.31462585034, 100.907029478458];"[118.9670026  103.04345474 105.00647182 124.1478217  133.3613231
 111.66415417 108.68605837 119.77859875]";1997-12-07;1998-01-25
56;8;CWT_rf_normal;0.1590222009226888;71.42857142857143;0.18238401719191102;27.58009907658447;0.18230484974090627;21.08038760538895;[115.846922672278, 125.315623356128, 122.606522882693, 107.233035244608, 149.053129931615, 138.729615991584, 116.267753813782, 126.551814834298];"[115.97823271 121.02089076 108.99653484  91.33806899  96.42299735
  93.12591709 105.57814853 100.76314769]";1998-02-01;1998-03-22
60;8;CWT_rf_normal;0.04598912860462964;57.142857142857146;0.04710931028380985;6.59910894051718;0.047088511450200966;5.349350010547278;[104.642293529721, 102.590741714887, 119.213571804314, 114.68963703314, 128.235139400316, 107.022619673856, 113.874276696476, 115.189374013677];"[101.45368495 108.77992037 112.79229754 113.78284942 114.53792926
 107.67197406 108.66666466 108.65459959]";1998-02-01;1998-03-22
50;8;CWT_rf_normal;0.36263386029460276;57.142857142857146;0.29931344089963624;31.75664771013559;0.299157874321629;29.12467909117578;[118.990005260389, 142.043661230931, 73.8953182535508, 78.6285130394433, 63.9137296159916, 94.2793266701737, 71.3571804313519, 93.8979484481852];"[109.70960715 111.3332863  111.18522469 113.65850391 110.58937785
 109.53953708 112.64192669 111.36410592]";1997-12-07;1998-01-25
53;8;CWT_rf_normal;0.14668504972601465;42.857142857142854;0.15298931389678072;24.626961756511065;0.1529282542692426;19.38139741683622;[107.877432930037, 124.566017885324, 173.63229879011, 124.776433456076, 111.730668069437, 111.086270384009, 118.990005260389, 117.740662809048];"[112.70345424 104.65250126 120.24475238 103.63321308 141.76912564
 121.53313658 109.55749277 123.60370116]";1997-12-07;1998-01-25
56;8;CWT_rf_normal;0.2885491207238335;57.142857142857146;0.23781044838782528;30.795266633716313;0.23770188269383602;26.339791776112605;[130.15518148343, 139.873750657549, 140.833771699106, 93.9768542872173, 92.7932667017358, 67.5302472382957, 103.879537085744, 106.956864807996];"[131.22929917 122.41997343 124.82989311 133.57272308 129.42729154
 123.52681322 123.29734928 131.4991537 ]";1997-12-07;1998-01-25
35;8;CWT_rf_normal;0.3400776821453749;57.142857142857146;0.27962415859094125;24.912642178807204;0.279450115660524;22.77694433557319;[97.2930839002267, 107.667233560091, 101.856575963719, 81.3350340136054, 46.8253968253969, 66.8509070294785, 69.3027210884354, 69.2460317460318];"[84.99201687 92.22612456 89.02834167 96.5626063  89.79406776 96.15422413
 94.36702335 98.32731352]";1997-12-07;1998-01-25
63;8;CWT_rf_normal;0.1299044141622504;42.857142857142854;0.13641592925768703;13.924237510867371;0.13633093568361304;11.016372545272631;[81.4965807469753, 101.775381378222, 62.3356128353498, 73.5270910047343, 77.3934771173068, 89.3871646501842, 90.3471856917412, 79.1688584955286];"[81.16306318 73.61376712 73.83816272 84.37110458 80.64512068 71.02683548
 78.18289939 75.65583244]";1998-03-29;1998-05-17
59;8;CWT_rf_normal;0.10217506587030484;42.857142857142854;0.10246681732444612;16.45627903720395;0.10242593255265384;12.91853813133418;[136.401893740137, 133.982114676486, 116.109942135718, 120.817990531299, 154.050499736981, 123.803261441347, 101.341399263545, 113.869624651544];"[127.05967502 141.18232746 132.6577448  116.8877855  118.36666486
 127.14454172 121.35108553 121.16268908]";1998-02-01;1998-03-22
47;8;CWT_rf_normal;0.17656900639860001;71.42857142857143;0.16000164211389456;32.52000993858331;0.1599568859796116;28.65563621496019;[207.312925170068, 189.739229024943, 145.624036042613, 169.21768707483, 145.649092970522, 175.46768707483, 187.287414965986, 163.137755102041];"[178.06411029 199.00705853 196.44739565 200.390664   196.27875532
 193.48498326 195.64968924 194.86063109]";1998-02-01;1998-03-22
60;8;CWT_rf_normal;0.25102760375434263;42.857142857142854;0.24757253365457343;37.241465174084375;0.24748049706885572;33.62996968102199;[165.255128879537, 167.648605996844, 182.943187795897, 121.948974224093, 120.410310362967, 104.024197790637, 106.378221988427, 101.867438190426];"[126.34833581 114.91611024 132.68480535 148.4547623  125.37444429
 126.30611639 129.68852561 151.94738015]";1997-12-07;1998-01-25
44;8;CWT_rf_normal;0.08781670086720264;71.42857142857143;0.0859435047872325;12.281019377958447;0.08590696810340619;10.19198219359893;[108.347505668934, 104.591836734694, 120.691609977324, 149.433106575964, 112.060657596372, 103.458049886621, 103.018707482993, 121.003401360544];"[116.05637517 117.18821614 121.61003237 126.06264753 115.60549094
 114.5037978  119.53791891 126.83533588]";1997-10-12;1997-11-30
41;8;CWT_rf_normal;0.1382359133886269;100.0;0.1329808606582969;20.067650802749878;0.13293343835568489;18.779635797613807;[110.501700680272, 120.416274523136, 131.972789115646, 130.711451247166, 160.78514739229, 174.433106575964, 153.401360544218, 155.598072562358];"[139.91089249 147.18101561 151.21216385 139.04701275 143.69989731
 150.07326156 141.85729952 142.09901144]";1998-02-01;1998-03-22
56;8;CWT_rf_normal;0.06345387866808994;28.571428571428573;0.0645331015630778;10.217410131257065;0.06450711157942626;8.031061298359008;[113.190426091531, 112.006838506049, 122.027880063125, 136.059968437665, 119.84481851657, 118.75955011147, 113.269331930563, 141.846396633351];"[119.22207359 119.28596708 125.52846566 121.72080636 119.62381238
 120.71145568 123.94159245 121.59360221]";1997-10-12;1997-11-30
35;8;CWT_rf_normal;0.35408011500366593;42.857142857142854;0.2911135157321508;29.549834459980712;0.2909575264571377;27.28972151523722;[84.8497732426303, 63.6054421768707, 86.3378684807257, 91.5958049886622, 78.3871882086168, 72.4773242630385, 78.7131519274377, 95.5357142857143];"[ 97.9906581  102.47501947 107.53531798 105.70688214 112.37524124
 108.89181313 121.98057273 112.86453491]";1997-10-12;1997-11-30
63;8;CWT_rf_normal;0.25486574080329244;57.142857142857146;0.2284916618305776;21.56323736444196;0.22835284137325176;18.94060458319693;[102.866912151499, 77.1041557075224, 72.2382956338769, 67.1379546031985, 87.46712256707, 58.5875854813256, 77.4855339295108, 75.4339821146765];"[ 74.25327462  88.96220702  86.21488913 103.19857603  86.65347038
  79.0066038  102.65760572  90.04517271]";1998-02-01;1998-03-22
53;8;CWT_rf_normal;0.3308419680665299;28.571428571428573;0.2558429381771386;39.12224778957046;0.2557390898383902;31.8489124574998;[135.586533403472, 95.9495002630194, 136.125723303524, 106.341005628974, 129.747501315097, 117.334294755953, 72.1221734353921, 133.087848500789];"[132.6778691  141.70992582 171.2138113  142.96635852 140.08093056
 150.50775739 150.96847765 145.1434213 ]";1997-10-12;1997-11-30
50;8;CWT_rf_normal;0.07842494404434258;42.857142857142854;0.0733977558968965;10.91929079544215;0.07336442520390349;8.103857477750648;[111.03366649132, 93.8979484481851, 111.362440820621, 105.68122041031, 118.608627038401, 113.959444903685, 102.09100473435, 123.961073119411];"[105.83033881 108.95970376 114.89397494 125.30826022 117.44363053
 113.84932666 119.16432879 127.01983722]";1997-10-12;1997-11-30
47;8;CWT_rf_normal;0.13821883174263536;28.571428571428573;0.14640817903397765;45.00291132654945;0.1463746118405129;32.328223762044985;[211.862244897959, 235.870181405896, 307.157029478458, 190.419501133787, 195.266439909297, 178.117913832199, 191.652494331066, 186.72052154195];"[192.15884699 200.19781929 196.99204258 193.71635739 183.67865097
 215.51906261 208.26073625 210.91152881]";1997-12-07;1998-01-25
59;8;CWT_rf_normal;0.12028922095309484;57.142857142857146;0.11615571683469673;16.85256049563004;0.11610969285906259;14.69805259326957;[122.540768016833, 131.641241451867, 152.932667017359, 110.560231457128, 116.162546028406, 124.447659126776, 110.37611783272, 113.624408206207];"[130.1389106  123.92501087 125.48515687 134.15996221 136.44712692
 126.31294581 123.05196093 130.0215042 ]";1997-12-07;1998-01-25
60;8;CWT_rf_normal;0.10682672318585855;85.71428571428571;0.09672766884896888;16.68628228467002;0.09668908885656338;12.204604374161383;[125.39452919516, 95.7390846922671, 135.889005786428, 137.927406628091, 129.629142556549, 121.731670048345, 128.577064702788, 152.340873224619];"[135.32472956 135.20037029 136.23206701 138.64777272 138.49421501
 134.926426   139.96195391 138.60366911]";1997-10-12;1997-11-30
63;8;CWT_rf_normal;0.23946081848146128;57.142857142857146;0.24756823886525836;25.03905405274965;0.24741180385548758;20.27013571422559;[89.9263545502366, 87.3750657548658, 132.956338769069, 67.8853235139401, 52.2225144660705, 58.035244608101, 83.7322461862177, 92.3066806943714];"[69.18546216 73.72490201 75.28139478 78.14273464 71.88171392 76.71798521
 72.29649466 82.24669781]";1997-12-07;1998-01-25
69;8;CWT_rf_normal;0.1725499366642202;42.857142857142854;0.15303955233741245;21.41429258951479;0.152975345760413;18.26820675205348;[121.988427143609, 121.988427143609, 108.035244608101, 107.259337190952, 91.7937927406628, 125.302472382956, 121.501841136244, 109.928984744871];"[128.11204524 131.2062237  132.2072303  131.08058509 133.04288178
 134.44289133 131.24108183 132.61124183]";1998-03-29;1998-05-17
41;8;CWT_rf_normal;0.15003853751870805;14.285714285714286;0.174893762748833;39.05399881104123;0.1748339406340302;25.785557765595946;[132.312925170068, 166.72335600907, 210.260770975057, 141.921768707483, 128.613945578231, 147.037981859411, 124.815759637188, 125.524376417233];"[121.86456069 122.71804351 114.74575016 125.12208204 127.60012683
 121.16105029 131.57069108 131.39477232]";1997-12-07;1998-01-25
66;8;CWT_rf_normal;0.05977968985637415;42.857142857142854;0.060484362894732524;14.209492359082569;0.060468142316263074;11.323988635876411;[187.164650184114, 208.456075749605, 161.779689738424, 176.749079431878, 174.237243556023, 218.08258811152, 184.350341925303, 201.801683324566];"[189.38441079 178.82944793 180.90493438 172.44472844 184.72312989
 208.99713257 180.46962197 189.93782014]";1998-03-29;1998-05-17
59;8;CWT_rf_normal;0.23546724713406358;57.142857142857146;0.18395266003174615;50.160667587328106;0.18389310606581524;29.616998991080482;[114.29510783798, 120.515518148343, 125.867964229353, 132.798527091005, 131.575486586007, 115.761128228251, 126.196738558653, 147.211993687533];"[110.80565488 106.47307315 115.91743018 145.83598843 142.32567305
 150.75964364 260.52022716 163.55590179]";1997-10-12;1997-11-30
63;8;CWT_rf_normal;0.16815851919352676;28.571428571428573;0.14857131270195947;14.388181229861807;0.14847637041765505;11.684959581788771;[66.6754339821147, 60.5865334034719, 79.1688584955287, 85.3366649132036, 69.0689110994213, 85.3560782545527, 71.2782745923199, 94.4108364018938];"[75.53809248 86.02159537 95.76438502 83.18725071 83.74217798 87.09705773
 91.76771935 90.87751205]";1997-10-12;1997-11-30
75;8;CWT_rf_normal;0.07757973616929804;57.142857142857146;0.0772817298054575;9.854045157334433;0.07724705770535197;8.633983925957283;[105.510257759074, 122.553918990005, 111.809573908469, 110.349815886376, 94.3976854287217, 124.053129931615, 117.872172540768, 120.476065228827];"[111.82879129 108.79564726 112.49341491 115.38387895 111.26048823
 113.4774453  110.23856257 112.27100054]";1998-03-29;1998-05-17
78;8;CWT_rf_normal;0.10217402276148663;0.0;0.10346372424931422;13.680727557350828;0.1034186026869852;11.874438545617847;[119.187269857969, 118.621778011573, 120.449763282483, 131.614939505523, 99.8290373487638, 120.620725933719, 105.247238295634, 109.481851657023];"[109.55645521 127.09912504 107.81411463 106.34094768 118.86612601
 111.20010499 114.23229773 107.94691449]";1998-03-29;1998-05-17
47;8;CWT_rf_normal;0.18775251124665307;42.857142857142854;0.15924857226835504;40.921139658701044;0.15920644645126153;30.13514912219564;[201.984126984127, 169.600340136055, 222.803287981859, 172.732426303855, 148.710317460318, 152.253401360544, 216.468253968254, 207.312925170068];"[207.63756061 221.35262907 222.10035767 216.33187793 217.42766806
 215.70379273 215.17484511 213.22486281]";1997-10-12;1997-11-30
72;8;CWT_rf_normal;0.165584333220162;57.142857142857146;0.1501407561590682;18.98135457833748;0.1500702994981315;16.111663279712573;[120.436612309311, 118.069437138348, 105.128879537086, 97.4224092582851, 78.563913729616, 128.287743293004, 102.301420305103, 95.9100473435034];"[107.30020338 119.65437717 112.1411482  106.74000914 111.13908535
 114.01856542 129.55125713 119.65794974]";1998-03-29;1998-05-17
41;8;CWT_rf_normal;0.12198640614269697;14.285714285714286;0.11384624986472516;19.667149479267422;0.11380616474098011;16.233654024141444;[161.451247165533, 142.828798185941, 131.575963718821, 150.93537414966, 155.612244897959, 111.09693877551, 133.234126984127, 166.524943310658];"[145.9811139  152.88623237 151.96391221 150.73200749 148.42601253
 151.49558581 150.80495063 147.93029677]";1997-10-12;1997-11-30
61;8;CWT_rf_normal;0.1309093493984871;28.571428571428573;0.1210762454278983;21.07094284400886;0.12103230715176913;16.798908119408647;[113.256180957391, 157.969489742241, 158.850604944766, 151.998947922146, 107.890583903209, 167.267227774855, 154.563387690689, 142.635455023672];"[146.26167743 146.09988093 145.94211338 148.06568312 147.97291869
 145.83571349 146.60145465 145.83407622]";1998-03-29;1998-05-17
69;8;CWT_rf_normal;0.06943815258757516;85.71428571428571;0.07108060099762092;9.779460499520985;0.07105141888606857;8.682512192766952;[118.884797475013, 119.568648079958, 120.278800631247, 112.046291425566, 136.309836927933, 120.817990531299, 116.741188847975, 137.440820620726];"[105.51906951 122.88992564 129.06317841 119.56354403 121.62722457
 116.91583719 120.63567651 123.44861235]";1998-02-01;1998-03-22
78;8;CWT_rf_normal;0.11154583689866848;57.142857142857146;0.11623852083031591;14.874075695121178;0.1161846061593424;12.564027337440864;[120.213045765387, 104.168858495529, 120.502367175171, 99.4871120462915, 126.82798527091, 108.627038400842, 98.844950920926, 107.088374539716];"[101.35337953  90.83974609 120.73368192 105.52711977  98.64854023
  99.70847031 108.57956536 122.30786456]";1998-02-01;1998-03-22
66;8;CWT_rf_normal;0.11054171900708983;14.285714285714286;0.09863261598983596;26.309100414349814;0.09860424549510431;17.295256587116626;[213.229879011047, 196.67280378748, 201.525512887954, 189.939505523409, 187.901104681746, 127.208140840064, 173.185165702262, 199.000526038927];"[192.26660539 195.30990876 178.59840183 184.12012431 189.0081612
 192.88939474 185.79328112 191.1075601 ]";1998-02-01;1998-03-22
81;8;CWT_rf_normal;0.08454068066956488;85.71428571428571;0.08010694655465063;9.194107268531493;0.08006127114296768;7.0839939921642685;[92.0962651236192, 87.2435560231457, 101.95949500263, 79.9710678590215, 71.2388216728039, 108.94266175697, 102.459231983167, 89.452919516044];"[ 91.73876767  82.35100169  92.25926766  90.64226084  91.12352239
 113.33126423  97.2550185   87.87995637]";1998-03-29;1998-05-17
84;8;CWT_rf_normal;0.18106797052433848;28.571428571428573;0.16039927976748464;16.453947893480233;0.16030633356462687;13.900306471908618;[87.8748027354024, 96.3834823776959, 81.9042609153076, 77.6170436612309, 64.7159389794845, 86.8490268279853, 95.1472908995265, 75.6706996317728];"[107.0853847   93.93230543  94.3070539   95.31606421  93.32487817
  84.73948634  87.43418215  96.67799054]";1998-03-29;1998-05-17
64;8;CWT_rf_normal;0.09993134432252809;42.857142857142854;0.10583430984405098;25.28153703320353;0.10580669873203791;20.350912128456116;[199.566017885324, 186.809573908469, 203.971593897948, 191.083640189374, 160.178853235139, 230.852183061546, 204.734350341925, 205.812730142031];"[195.07915    188.2434117  185.00666118 171.62692048 179.80565084
 176.13023762 182.61896969 183.81191491]";1998-03-29;1998-05-17
87;8;CWT_rf_normal;0.9741411080807699;42.857142857142854;0.518720112416712;65.60487534942715;0.5184497274920237;50.34590399400536;[54.1294055760126, 61.7438190426091, 38.5718043135192, 48.7506575486586, 89.5844292477644, 113.637559179379, 120.213045765387, 113.755917937927];"[139.85564403 164.07381597 142.7574731  118.31516824 116.57883051
 113.72012192 120.34978336 127.50303344]";1998-03-29;1998-05-17
75;8;CWT_rf_normal;0.16220168632810167;71.42857142857143;0.1787545792936646;18.59302012029067;0.17866188282397744;17.25445564976294;[113.637559179379, 102.038400841662, 104.734350341925, 99.0794318779589, 108.153603366649, 102.446081009995, 98.1325618095739, 112.966859547607];"[88.13361667 84.58527772 99.5816437  80.92424292 85.95845825 88.58575907
 88.39461975 86.98958469]";1998-02-01;1998-03-22
61;8;CWT_rf_normal;0.07224790610600157;42.857142857142854;0.071926679215114;11.173766587978845;0.07190154120050377;10.299744366360386;[128.274592319832, 135.244608100999, 144.91057338243, 144.936875328774, 159.061020515518, 142.872172540768, 148.776959495003, 147.356654392425];"[146.2634984  145.00646244 153.71861839 147.79551535 144.32502295
 135.80343162 136.99469232 137.96315057]";1998-02-01;1998-03-22
69;8;CWT_rf_normal;0.19300269441640294;42.857142857142854;0.1823276466351108;24.778912412459874;0.18225622298992422;23.448027619808293;[141.714886901631, 151.749079431878, 168.332456601788, 106.575486586007, 103.629668595476, 105.576012624934, 117.148869016307, 114.137296159916];"[132.85871527 130.98120645 133.02418014 135.1425083  134.18601893
 132.23924329 132.8132077  135.33825465]";1997-12-07;1998-01-25
72;8;CWT_rf_normal;0.1110083761222656;42.857142857142854;0.10523306319876319;15.779235720400228;0.10518685136727966;12.119121009613192;[123.619147816938, 110.994213571804, 123.395581273014, 142.162019989479, 125.867964229353, 116.491320357706, 114.005786428196, 84.4292477643346];"[133.40773592 121.97109352 119.46885606 115.73567965 119.24534207
 120.88940796 117.40202351 115.8467354 ]";1998-02-01;1998-03-22
66;8;CWT_rf_normal;0.1896838092087274;28.571428571428573;0.17169093655866163;40.09688958316866;0.17164824818743;34.72371725800676;[222.106785902157, 227.104155707522, 253.45870594424, 156.667543398212, 160.63913729616, 181.667543398212, 186.993687532877, 201.854287217254];"[230.02503489 224.46204994 206.39502319 212.09194896 218.30695758
 228.76428542 226.0171311  222.80757635]";1997-12-07;1998-01-25
81;8;CWT_rf_normal;0.054343383718873206;28.571428571428573;0.05522546552577427;5.416610287875451;0.055194113588039995;4.866161906138975;[94.9785648083537, 93.0825881115203, 87.7827459231984, 81.9437138348238, 94.58179905313, 90.3603366649132, 82.0226196738559, 86.9542346133614];"[89.88950222 87.73267946 83.07104384 85.67849577 84.93894672 87.00237024
 88.28145647 86.17005018]";1998-02-01;1998-03-22
84;8;CWT_rf_normal;0.22139913823968627;14.285714285714286;0.20898622283396445;23.272309664651683;0.208875780720511;19.837488666281892;[118.003682272488, 103.616517622304, 91.6096791162546, 88.9926354550237, 94.4765912677538, 70.8837453971594, 75.7364544976328, 110.849552866912];"[ 79.20434663 100.2521388  112.48528106 103.76590175  90.97824
 106.06566825 100.10584471  93.01189057]";1998-02-01;1998-03-22
64;8;CWT_rf_normal;0.0895603585499768;57.142857142857146;0.08372133323276879;20.1437462244161;0.0836975910605964;14.826352588207431;[164.455156076107, 183.863755917938, 195.002630194634, 180.247238295634, 203.8532351394, 195.397159389795, 180.010520778538, 142.282615308091];"[195.67799823 186.05326693 183.62783516 176.06617603 184.71984657
 190.37695171 184.13081261 183.65133747]";1998-02-01;1998-03-22
78;8;CWT_rf_normal;0.1152660977837946;85.71428571428571;0.12402098966752935;19.101958170956358;0.12396585066296262;14.100254232609915;[108.534981588638, 114.742240925828, 151.196738558653, 124.105733824303, 93.0168332456601, 95.0420831141505, 95.2788006312467, 102.774855339295];"[ 98.14021216  98.98838435 105.45719078 106.87268001  96.72316575
 102.59792875 105.08116205 105.39112206]";1997-12-07;1998-01-25
72;8;CWT_rf_normal;0.22714553736849757;71.42857142857143;0.23115540153544162;42.620750378175345;0.23107497583702294;34.25361551121553;[174.132035770647, 154.537085744345, 236.112572330352, 152.643345607575, 119.950026301946, 114.886901630721, 102.774855339295, 107.837980010521];"[147.03935267 127.2752599  137.19840529 137.56919534 133.67426092
 140.63553765 135.48070272 141.34535984]";1997-12-07;1998-01-25
87;8;CWT_rf_normal;0.16640511449815001;42.857142857142854;0.14667839827936746;19.02109030103745;0.14660757703325822;15.51194501861053;[125.587141747809, 123.619147816938, 123.776959495003, 74.7379944437883, 80.2889277752131, 118.661230931089, 114.73132651272, 103.89492461898];"[116.29226191 146.8729206  118.17278977 108.17571418 108.04916765
 114.19142366 112.39278755 121.83135658]";1998-02-01;1998-03-22
66;8;CWT_rf_normal;0.08373146929481634;28.571428571428573;0.08475280891606617;23.65339065098733;0.08473339430490161;18.57738418963658;[201.580353340705, 219.095213045765, 195.002630194634, 265.228826933193, 210.58188135854, 196.994689511786, 194.331930562862, 231.78590215676];"[211.05972858 209.83210829 220.95350227 213.05696701 209.11979489
 208.15001977 216.39404297 214.71156976]";1997-10-12;1997-11-30
61;8;CWT_rf_normal;0.10651333243763943;42.857142857142854;0.10348320059492917;17.215802469718984;0.10344670561227196;14.729216673406608;[162.00683850605, 165.005260389269, 155.010520778538, 152.511835875855, 116.583377169911, 125.591793792741, 132.088374539716, 141.201998947922];"[143.23094815 141.74039848 146.83355004 149.17798131 148.73134028
 138.2476332  144.65072455 148.11800224]";1997-12-07;1998-01-25
69;8;CWT_rf_normal;0.03499394674933787;57.142857142857146;0.03428618698366301;5.213516040085184;0.03427331987152303;4.567890623838945;[130.168332456602, 126.933193056286, 138.032614413466, 132.877432930037, 127.814308258811, 129.096215024674, 132.088374539716, 140.426091530773];"[131.84406379 135.67522571 136.08905444 138.23537478 136.03764652
 132.46260954 136.25662864 137.36021922]";1997-10-12;1997-11-30
75;8;CWT_rf_normal;0.2775720764790302;42.857142857142854;0.24559927776715676;25.511866704535766;0.2454695968972625;23.516845373942232;[117.569700157812, 108.666491320358, 132.601262493425, 79.8921620199894, 88.2430299842189, 64.8605996843766, 75.0416894795794, 82.2856391372961];"[104.09002411  99.82054605 100.053431   107.10662379 101.74253062
 104.18960023 102.59928845 107.9463874 ]";1997-12-07;1998-01-25
78;8;CWT_rf_normal;0.11133693070345926;42.857142857142854;0.10339535136270869;12.790011555963881;0.10334520575887987;10.687855898961637;[95.8837453971595, 84.4423987375066, 107.285639137296, 109.771173066807, 94.7418472912574, 106.174068785852, 119.568648079958, 100.252105050332];"[109.62130405 108.80174612 114.95568956 109.30158479 109.49149207
 108.78550991 109.88799764 112.47667115]";1997-10-12;1997-11-30
64;8;CWT_rf_normal;0.2340977544856723;28.571428571428573;0.21777476609418903;45.09646118789588;0.21771508496214947;40.19230250262045;[161.167412783104, 129.313519200421, 261.533403471857, 158.705944239874, 163.269331930563, 163.348237769595, 169.765912677538, 179.747501315097];"[193.80824924 191.46865085 179.45689346 184.27549846 204.71187562
 198.28882881 198.19169683 194.03497011]";1997-12-07;1998-01-25
72;8;CWT_rf_normal;0.21821604378007234;57.142857142857146;0.19151783030090525;27.20392678407556;0.1914425847959112;24.535134374646937;[111.980536559705, 93.1746449237245, 115.110468174645, 137.40136770121, 116.162546028406, 109.869492247188, 126.854287217254, 163.098369279327];"[126.98842419 136.15368825 141.58453527 146.32718132 138.69963198
 151.07577753 153.32804683 150.42123681]";1997-10-12;1997-11-30
84;8;CWT_rf_normal;0.17563244168583253;71.42857142857143;0.17304859876164613;20.37654305994003;0.17295885961376434;16.85769501096432;[103.642819568648, 116.806943713835, 130.326144134666, 103.866386112572, 74.6712256706997, 101.43345607575, 79.5765386638611, 79.9447659126775];"[ 87.68906451 100.15159869  91.91124069 105.56021019  97.25683483
 101.15892786  95.38780999 103.4170897 ]";1997-12-07;1998-01-25
81;8;CWT_rf_normal;0.1636077435208234;42.857142857142854;0.15822122902911834;16.206379293695413;0.1581324862454908;14.19972824290906;[83.4429247764334, 104.471330878485, 115.86007364545, 72.4618621778012, 72.7511835875856, 80.0236717517096, 82.140978432404, 87.0988953182535];"[88.01530723 90.36831525 87.45905414 91.47146704 92.20975488 95.47597809
 91.32134478 90.51945483]";1997-12-07;1998-01-25
61;8;CWT_rf_normal;0.10926144336074994;0.0;0.10258360061717002;19.84509283210388;0.10254883486224088;15.167266144084437;[146.27827459232, 123.776959495003, 153.905839032088, 165.12585570788, 150.69923813818, 142.628566418677, 127.22251446607, 170.831141504471];"[139.9805363  165.48085156 151.44278483 148.52629367 149.89392849
 151.23405077 151.78504645 150.53058494]";1997-10-12;1997-11-30
67;8;CWT_rf_normal;0.16733008726821633;57.142857142857146;0.15432068205538826;50.56972385784977;0.15429606411792235;48.71323264213666;[317.043661230931, 353.103629668596, 291.504471330879, 316.675433982115, 232.77925167086, 295.673329826407, 309.692267227775, 301.591267753814];"[369.72712122 312.86293913 345.13564704 339.765075   307.60253571
 343.04561223 361.98744301 347.1614194 ]";1998-03-29;1998-05-17
87;8;CWT_rf_normal;1.407035336181358;57.142857142857146;0.5928359134136018;63.86834830178226;0.592495088213354;53.05443122431497;[137.059442398738, 149.86849026828, 85.3366649132035, 28.9058390320883, 22.1593897948448, 51.8937401367701, 91.7411888479748, 101.69647553919];"[131.28689805 130.51474105 127.55986354 129.96527843 129.56712678
 130.60201641 131.915377   131.43279233]";1997-12-07;1998-01-25
75;8;CWT_rf_normal;0.4114449576653214;57.142857142857146;0.33747449968817766;41.49591909508952;0.33733260226474715;40.218446809412896;[91.8595476065229, 90.7548658600737, 101.617569700158, 104.103103629669, 92.2277748553393, 102.70221186844, 100.512887953709, 104.405576012625];"[132.96268969 133.28565402 144.26142038 152.08725734 145.49104459
 120.08074991 133.25587702 148.50641903]";1997-10-12;1997-11-30
84;8;CWT_rf_normal;0.0967105404444448;71.42857142857143;0.09508202233968654;11.530824944479464;0.09503308613380093;9.29228766403469;[98.6454497632825, 114.742240925829, 106.233561283535, 108.429773803262, 83.2062072593372, 100.203526965757, 79.9710678590216, 111.849026827985];"[ 97.75664576  95.02593491 100.01135972 102.78158829  96.39252581
  99.22047328  98.57332929 102.75785629]";1997-10-12;1997-11-30
70;8;CWT_rf_normal;0.15725754421132737;57.142857142857146;0.14758667895828592;15.01579628780669;0.14750190300720362;13.10917585272615;[105.08942661757, 88.4928984744872, 82.9203301520504, 57.9694897422409, 96.8306154655445, 105.470804839558, 111.493950552341, 104.497632824829];"[91.35700829 96.27172926 94.95889735 86.84656833 94.98968574 94.34782599
 94.09095909 92.41802093]";1998-03-29;1998-05-17
87;8;CWT_rf_normal;0.13254308714462115;28.571428571428573;0.12557708258037392;18.05434354498272;0.12552800734442426;16.22871983227239;[137.638085218306, 133.903208837454, 98.9370077331301, 116.899000526039, 123.947922146239, 136.329250269282, 128.208837453972, 126.341399263546];"[164.46833518 113.34223338 121.96117661 135.16935316 132.01590356
 130.45902017 133.70277043 148.05326649]";1997-10-12;1997-11-30
81;8;CWT_rf_normal;0.48971405678668106;71.42857142857143;0.36572233800014015;52.69912660438289;0.3655557996529632;41.86232783255591;[70.3182535507628, 74.184639663335, 82.8379800105207, 90.4918463966333, 87.7564439768542, 85.3692292277247, 84.797475013151, 99.0794318779589];"[ 91.07256089 105.72375067 110.19857211 100.12266945 207.16375493
 135.89072172 110.88972603 148.67216657]";1997-10-12;1997-11-30
64;8;CWT_rf_normal;0.0816951229869694;42.857142857142854;0.08789879906111087;25.062401870861606;0.08787521199263695;16.461806994285634;[176.394003156234, 159.07417148869, 199.881641241452, 196.935823250921, 192.701209889532, 165.471806818466, 172.082720515876, 230.378748027354];"[162.71922017 153.90059589 172.05192983 193.32862419 194.75513518
 182.48561334 173.36360973 169.31818215]";1997-10-12;1997-11-30
79;8;CWT_rf_normal;0.180237369795948;57.142857142857146;0.19047849032188685;33.46688868052126;0.19041522887986273;28.788713875523676;[173.277222514466, 184.784324039979, 177.367175170963, 149.658074697527, 114.781693845345, 176.065228826933, 152.130457653866, 153.208837453972];"[137.92739864 138.36340358 124.87005107 150.74991485 154.76081688
 147.18254978 135.49661377 143.754481  ]";1998-03-29;1998-05-17
76;8;CWT_rf_normal;0.09885692591047557;14.285714285714286;0.09408977722701259;13.580902060935925;0.09405009321172339;11.176037321401175;[118.503419253025, 131.141504471331, 117.306680694371, 108.140452393477, 98.2640715412941, 135.178853235139, 121.514992109416, 126.604418726986];"[123.83040433 120.49865175 121.20540074 123.65858003 127.1860577
 123.40573461 117.49581641 117.29708611]";1998-03-29;1998-05-17
62;8;CWT_rf_normal;0.07036597978382426;71.42857142857143;0.06304968204115455;10.244782213087909;0.06301618635007028;5.971272435846647;[100.473435034193, 109.573908469227, 101.604418726986, 96.1730668069437, 74.9342451341399, 103.932140978432, 112.966859547607, 105.68122041031];"[107.73567711 105.31601446  99.82809824  99.12783927 102.33296527
 104.8969232  111.00861716 106.87842611]";1998-03-29;1998-05-17
85;8;CWT_rf_normal;0.10396682498035481;71.42857142857143;0.09632486291063197;12.640120404542053;0.09627698919178881;9.719376818411854;[100.657548658601, 108.337716991057, 95.8442924776433, 96.2782745923198, 82.3119410836401, 93.1220410310364, 112.190952130458, 104.208311415045];"[103.34708117 117.00485753  92.29406264  94.07937336 107.61702092
 113.90025385 104.57275591  97.26058987]";1998-03-29;1998-05-17
70;8;CWT_rf_normal;0.39378993289408076;57.142857142857146;0.5278113924109433;42.14051634078212;0.5274361142792574;37.80495236445087;[102.380326144135, 101.052077853761, 90.2814308258812, 92.0699631772751, 107.653866386112, 96.8569174118885, 91.8595476065228, 83.4692267227775];"[46.68297253 79.35336159 75.17503297 75.77833324 68.50742646 24.73966034
 48.09861795 44.84833214]";1998-02-01;1998-03-22
73;8;CWT_rf_normal;0.16013468957752192;42.857142857142854;0.17685087381117648;19.840661901325443;0.17676087305401375;17.43111089980581;[105.878485007891, 106.167806417675, 117.674907943188, 96.4360862703839, 82.6407154129406, 123.277222514466, 100.749605470805, 97.0804839558126];"[89.3954108  87.70743931 89.40891449 85.19484834 87.53865881 87.2792179
 87.95671699 85.77110594]";1998-03-29;1998-05-17
67;8;CWT_rf_normal;0.10719980145957853;71.42857142857143;0.11480952923630604;40.99464151690911;0.11479141877872331;36.50126389671738;[352.104155707523, 331.259863229879, 317.793266701736, 314.0978432404, 372.225144660705, 354.116254602841, 334.179379274066, 302.538137822199];"[331.76624697 290.14776113 266.82884098 301.03233598 305.24019852
 299.02703653 306.35690005 285.90461389]";1998-02-01;1998-03-22
76;8;CWT_rf_normal;0.11675106565736806;28.571428571428573;0.1145518138793817;15.75594175052243;0.11450481928575397;14.001185811042943;[112.429906207617, 132.548658600737, 119.055760126249, 146.054708048395, 133.140452393477, 103.274592319832, 108.245660178853, 114.794844818517];"[128.61598183 127.54602347 123.92164511 118.77281744 120.64182774
 123.64786037 124.81156296 124.03004947]";1998-02-01;1998-03-22
79;8;CWT_rf_normal;0.19589533525636835;14.285714285714286;0.17326002456996456;31.590124295843882;0.17320273447910803;26.43200727661764;[133.784850078906, 166.241451867438, 147.606522882693, 174.473961073119, 193.240399789585, 152.498684902683, 101.657022619674, 156.680694371384];"[153.62555567 149.9765329  171.96940531 157.29922941 160.04596915
 168.92504734 171.32948159 171.20026187]";1998-02-01;1998-03-22
70;8;CWT_rf_normal;0.2776477870994691;71.42857142857143;0.22384814911647993;24.25898743017205;0.22371690295361596;19.16936200025347;[96.6859547606522, 101.341399263545, 99.5397159389795, 64.9526564965808, 57.8905839032089, 73.7375065754865, 81.4965807469752, 83.6796422935297];"[ 98.72029338 100.32359447 103.18542964 101.45971786  99.58519452
 102.55724809 102.37436882 102.43747962]";1997-12-07;1998-01-25
82;8;CWT_rf_normal;0.13222354378436066;28.571428571428573;0.12854621696472074;35.126011089388406;0.12851661699802294;28.20070869852339;[202.301420305103, 234.061020515518, 232.009468700684, 219.31877958969, 158.074697527617, 263.729615991584, 237.940557601263, 267.88532351394];"[214.76516671 217.81460539 218.6758773  215.23421722 223.53555731
 217.54271133 220.42931408 217.56697718]";1998-03-29;1998-05-17
65;8;CWT_rf_normal;0.1315734171660215;42.857142857142854;0.12169555553787359;27.168048957433644;0.12166138568739901;21.830369592173287;[197.685428721725, 207.456601788532, 170.449763282483, 131.102051551815, 169.765912677538, 211.441346659653, 204.050499736981, 191.806943713835];"[184.54141216 188.7763589  182.10526856 191.84192399 192.80576273
 184.96848779 186.25865046 188.68818235]";1998-03-29;1998-05-17
88;8;CWT_rf_normal;0.6917042627204619;57.142857142857146;0.48008833540433593;36.37984052336228;0.479747041313064;34.3722257932037;[73.5007890583903, 57.7590741714887, 34.3503419253025, 41.5702261967386, 46.8043135192004, 67.1488690163072, 73.224618621778, 71.9884271436086];"[ 93.08056842  88.3417098   83.97478266  84.30576941 100.08113164
  99.20264253  95.3504748   96.98738674]";1998-03-29;1998-05-17
67;8;CWT_rf_normal;0.12462100258559658;57.142857142857146;0.11962433270555625;45.30210842316649;0.11960414240229855;35.80547962404681;[338.282482903735, 327.932667017359, 382.732772225145, 224.684376643872, 255.365597054182, 302.603892688059, 304.182009468701, 314.873750657549];"[289.29914669 295.77578556 320.00957563 312.90185349 287.70668922
 297.90113114 307.82878832 301.20143735]";1997-12-07;1998-01-25
76;8;CWT_rf_normal;0.13995390917232253;57.142857142857146;0.1416515709945408;22.220850242458763;0.1415966502990941;18.374603502210768;[108.179905312993, 155.365597054182, 162.322461862178, 111.559705418201, 111.796422935297, 122.514466070489, 114.005786428196, 117.49079431878];"[131.23299251 121.66056177 122.70151785 126.92628412 131.71145711
 128.66930659 118.77733831 121.90055056]";1997-12-07;1998-01-25
62;8;CWT_rf_normal;0.0993079912961359;57.142857142857146;0.1086274516119074;14.300612762628834;0.10857192940370716;10.636509108932758;[94.4371383482378, 88.8085218306155, 113.729615991583, 112.848500789059, 104.155707522357, 92.3329826407154, 90.9915833771699, 99.5791688584955];"[86.83317122 87.56142859 89.41831242 85.95989053 90.86492124 90.19184635
 90.38522145 90.57635469]";1998-02-01;1998-03-22
79;8;CWT_rf_normal;0.15298856684522788;85.71428571428571;0.1560475541513;31.779124678221482;0.15600183835509412;26.987728936403553;[206.338769068911, 182.903734876381, 231.825355076276, 179.32551461756, 145.752235665439, 141.359810625986, 134.652814308259, 138.953182535508];"[160.68700503 155.9976379  175.84565714 171.0984428  169.05761943
 140.74110109 163.28452335 165.5345809 ]";1997-12-07;1998-01-25
85;8;CWT_rf_normal;0.24563648869268542;57.142857142857146;0.20623839984855868;24.96626778210362;0.20613394091273077;20.385918568804207;[81.7464492372435, 100.697001578117, 77.1721471334457, 78.1240569171733, 105.168332456602, 94.0426091530774, 85.9153077327722, 102.235665439243];"[109.92586486 114.62215536 126.14644116 109.39465376 107.57407414
 107.03242396 106.5412008  106.95210416]";1998-02-01;1998-03-22
73;8;CWT_rf_normal;0.07875785603406851;57.142857142857146;0.08404016313121437;9.54215924796774;0.08399217059555497;7.3688071430704944;[99.8684902682798, 86.4281956864808, 98.185165702262, 80.7206733298264, 85.4944765912677, 92.7143608627038, 91.5176223040504, 81.1305900582222];"[79.82889021 76.58007088 91.33962144 80.86802664 84.64771783 82.66496099
 82.8619778  83.64862162]";1998-02-01;1998-03-22
65;8;CWT_rf_normal;0.08855088095625452;57.142857142857146;0.08903745113459346;17.90076399979787;0.0890126819917417;16.019670611628957;[190.570752235666, 163.282482903735, 161.454497632825, 181.286165176223, 203.445554971068, 180.063124671226, 174.855339295108, 194.437138348238];"[171.14630076 179.76129722 188.39748766 173.90768131 177.35231475
 172.06658009 170.18750484 175.2621324 ]";1998-02-01;1998-03-22
88;8;CWT_rf_normal;0.3947067627356494;42.857142857142854;0.3080957534717518;34.814437898153464;0.30792543004342554;28.35083057455094;[74.7764334560758, 67.1225670699632, 70.1998947922146, 64.0320883745397, 77.617043661231, 70.4629142556549, 71.0810099947397, 82.3908469226723];"[ 72.5425941   87.21407236 114.61188411  85.73132927  84.78678904
  91.39428777 137.94731838 125.79348939]";1998-02-01;1998-03-22
62;8;CWT_rf_normal;0.24266538304444252;42.857142857142854;0.2148568591759002;24.07766771633123;0.2147493023988628;21.59476421636208;[117.069963177275, 108.74539715939, 131.970015781168, 84.2582851130984, 81.9042609153077, 80.1946344029458, 82.7327722251448, 83.1930562861651];"[110.3326688  113.51544983 106.52140529 104.48523451 117.84996753
  99.55403943 116.73073926 109.46518441]";1997-12-07;1998-01-25
67;8;CWT_rf_normal;0.1626179312248292;57.142857142857146;0.13983881347244662;52.88867857545638;0.1398128977565987;37.77160221117129;[239.768542872172, 240.099553761536, 305.010520778538, 215.960331177886, 325.841662283009, 232.160391773753, 294.397685428722, 310.928458705944];"[307.06384449 283.59330573 305.86525256 311.57344141 315.61255915
 314.02984907 297.13409437 311.00941141]";1997-10-12;1997-11-30
70;8;CWT_rf_normal;0.07440546415534768;85.71428571428571;0.07810657192945746;8.872608798602483;0.07806576176546653;7.502727145898826;[105.48395581273, 88.0326144134666, 91.8463966333509, 102.393477117307, 110.323513940032, 104.00415821247, 91.4913203577065, 92.3855865334034];"[ 90.54644616  80.72615183  87.75938754  89.23855221  98.82681077
 100.2573419   92.85324733  96.31605101]";1997-10-12;1997-11-30
85;8;CWT_rf_normal;0.2874148423455992;42.857142857142854;0.27818960516324975;39.10492006003748;0.27807446222699317;34.05056950035774;[131.904260915308, 155.944239873751, 176.946344029458, 109.442398737507, 92.5039452919516, 89.9658074697526, 90.5576012624935, 100.512887953708];"[124.42751046 104.21274594 109.63300635 132.02657107 145.17777453
 116.13686798 110.25011272 125.27428836]";1997-12-07;1998-01-25
79;8;CWT_rf_normal;0.12832252087568585;42.857142857142854;0.11511556328691515;24.917773325230065;0.11508095296067772;19.14522748930228;[156.207259337191, 161.454497632825, 166.543924250395, 135.921271892941, 162.690689110994, 150.361338643822, 162.243556023146, 184.061020515518];"[170.21222549 172.77935609 178.00050397 192.44120703 174.06671765
 180.45768529 178.94650836 182.38086759]";1997-10-12;1997-11-30
76;8;CWT_rf_normal;0.17488828392372352;85.71428571428571;0.14949195237105922;23.47445807339244;0.14942847436912582;17.676249564709043;[122.869542346134, 93.4113624408206, 133.890057864282, 140.149921094161, 125.749605470805, 112.276120337667, 89.1241451867439, 127.958968963703];"[132.3854562  131.25312285 137.3021887  139.4798459  134.65915005
 135.42233926 135.13410445 139.86336242]";1997-10-12;1997-11-30
82;8;CWT_rf_normal;0.1393921343158751;0.0;0.12883795318012997;34.122965828717724;0.12880547636624143;25.83270129616547;[238.124671225671, 138.992635455024, 205.063124671226, 204.274066280905, 238.019463440295, 214.03208837454, 228.603366649132, 207.403997895844];"[200.90312994 212.48828087 203.12282158 227.82676723 203.8416115
 208.13046349 201.06254495 210.235119  ]";1998-02-01;1998-03-22
88;8;CWT_rf_normal;1.2267851786594366;71.42857142857143;0.6285244847001619;57.876693541346924;0.6281261301460523;50.65084165647859;[83.8900578642821, 76.0126249342452, 79.7211993687532, 31.3913729615992, 26.1309836927933, 43.2140978432404, 67.924776433456, 69.0150845538987];"[ 78.90395735  92.85459837 122.78035369 123.31361973 106.34212045
 106.64440113 109.31930722 132.37637194]";1997-12-07;1998-01-25
73;8;CWT_rf_normal;0.10777801240955784;42.857142857142854;0.10777149544773088;12.302017786705562;0.10771488120927214;10.34279538802082;[87.9931614939505, 98.9216201998949, 124.053129931615, 90.0184113624407, 89.2951078379801, 80.2472382956338, 85.652288269332, 86.5619419782642];"[94.72349803 86.62651188 99.37960153 96.67384522 91.15346358 95.59966252
 95.09134372 92.30006256]";1997-12-07;1998-01-25
65;8;CWT_rf_normal;0.163134344420775;71.42857142857143;0.1543545643381836;31.481838492985066;0.15431041849803392;27.214437135393588;[208.061546554445, 199.039978958443, 219.463440294582, 163.216728037875, 125.889315922757, 159.166228300894, 170.462914255655, 171.620199894792];"[183.0826048  172.89288437 175.06242911 172.46509045 186.01507902
 178.40574395 184.48003678 191.17788577]";1997-12-07;1998-01-25
62;8;CWT_rf_normal;0.10604396831886771;42.857142857142854;0.11067002061142059;15.680867849812122;0.1106157092710735;11.312252616000467;[87.0988953182536, 90.2682798527091, 100.3287743293, 108.653340347186, 95.6733298264072, 103.017835224569, 90.7943187795897, 127.261967385587];"[105.0035687   89.21627637  96.45331574  87.62084696 105.08894755
  98.69994354  90.81945039  94.38721633]";1997-10-12;1997-11-30
71;8;CWT_rf_normal;0.09498269310427689;28.571428571428573;0.08991591209471113;12.823075915293735;0.08987589767025586;10.117399440602089;[113.164124145187, 115.097317201473, 102.340873224618, 108.561283534982, 96.7517096265124, 131.141504471331, 105.786428195687, 117.030510257759];"[105.17072517 111.18414108 119.22703017 109.55001062 122.92274895
 118.34559819 115.56670814 114.61999942]";1998-03-29;1998-05-17
85;8;CWT_rf_normal;0.1322882265696681;100.0;0.12217126342077571;14.883017627478987;0.12211316670793501;12.946635970181937;[94.0689110994213, 82.6670173592846, 105.35244608101, 127.630194634403, 104.839558127301, 92.8378264333964, 111.217780115728, 133.968963703314];"[110.68284376 110.36540536 113.45875443 120.23976005 112.54029985
 111.91307209 115.18320171 120.9463485 ]";1997-10-12;1997-11-30
82;8;CWT_rf_normal;0.14217446525076285;0.0;0.14962250860801884;37.18772636985791;0.14958544166576898;30.29529682588361;[219.200420831142, 223.934771173067, 190.781167806418, 245.055234087322, 194.410836401894, 194.963177275118, 192.043661230931, 206.220410310363];"[212.73790718 154.53687644 208.68309537 188.40689563 222.0425876
 177.56213111 231.45725003 198.71509629]";1997-12-07;1998-01-25
68;8;CWT_rf_normal;0.11776346414744132;42.857142857142854;0.11874556207095457;14.842968024412913;0.11869344042941396;13.57977967421762;[124.289847448711, 135.152551288795, 120.226196738559, 119.765912677538, 92.0042083114152, 127.840610205155, 107.219884271436, 119.963177275118];"[112.87762535 113.59647126 102.51369973 114.15439185 114.89242753
 115.53941966 115.90239018 111.48917552]";1998-03-29;1998-05-17
77;8;CWT_rf_normal;0.13338095980574238;28.571428571428573;0.11954510459179774;23.297763337151252;0.11950450820603623;17.66827670244215;[150.078905839032, 153.274592319832, 131.91741188848, 133.732246186218, 113.834823776959, 173.066806943714, 156.299316149395, 146.133613887428];"[152.19167071 172.44660696 150.82159905 146.50383511 167.44026067
 154.8514289  155.33927948 161.7384203 ]";1998-03-29;1998-05-17
88;8;CWT_rf_normal;0.09643144233734274;14.285714285714286;0.09079852199528778;8.966782248308139;0.09074134449670895;7.2233094143191;[86.599158337717, 71.1336138874277, 81.3256180957391, 86.5334034718569, 67.3066806943715, 88.0783297011598, 74.9342451341399, 84.7711730668068];"[81.76097823 83.56007958 82.61085912 79.09065176 81.01877006 86.69978862
 89.56811365 86.84051087]";1997-10-12;1997-11-30
90;8;CWT_rf_normal;0.10598440057811895;71.42857142857143;0.0917264115755369;13.75219725432468;0.09167683099160748;8.583362253943216;[111.401893740137, 99.7106785902157, 96.0415570752236, 95.6601788532352, 67.1488690163072, 109.179379274066, 108.311415044713, 98.10625986323];"[103.97068354 104.19341168  95.80362367  91.60437085 103.4144226
 117.73300971 103.14613682  95.63150877]";1998-03-29;1998-05-17
65;8;CWT_rf_normal;0.1636452052297778;85.71428571428571;0.14826839896296864;29.20424044319707;0.14822637669353583;26.229522569962157;[152.62903907837, 146.015255128879, 150.678900352005, 167.648605996844, 178.39295107838, 169.969439643296, 187.66438716465, 212.26985796949];"[196.22487049 181.97772254 196.50706666 189.36959609 196.91416771
 191.11234068 198.44247978 199.98334292]";1997-10-12;1997-11-30
80;8;CWT_rf_normal;0.2233907264193883;57.142857142857146;0.19372673752994946;15.009425243095487;0.19358159539004308;12.97532082708867;[60.9153077327723, 68.5560231457128, 54.1688584955287, 60.8232509205681, 51.4334560757496, 74.9605470804839, 58.3377169910573, 68.3587585481326];"[71.06985937 71.67439197 72.76112107 79.56570221 69.67539569 77.43037758
 82.51735772 76.66227999]";1998-03-29;1998-05-17
73;8;CWT_rf_normal;0.22123400772012933;71.42857142857143;0.19277043290278964;21.091773383498577;0.1926721508466227;18.970890404847708;[83.114150447133, 88.9663335086796, 103.971593897948, 71.462388216728, 93.7006838506049, 101.334510658551, 91.8858495528669, 100.644397685429];"[111.00896689 111.47676009 111.19603942 107.50419379 109.91993313
 115.03841875 112.10207556 108.60064344]";1997-10-12;1997-11-30
86;8;CWT_rf_normal;0.16034130503034202;71.42857142857143;0.17655772842341258;24.499748390790447;0.17648881569446806;22.712509479317802;[151.394003156234, 149.842188321936, 126.43345607575, 128.971593897948, 127.288269331931, 152.998421883219, 144.923724355602, 139.584429247764];"[137.55730222 120.46150832 103.60272083 107.72167313 131.06688683
 118.97635304 115.99637358 111.91042749]";1998-03-29;1998-05-17
82;8;CWT_rf_normal;0.2480888516053694;71.42857142857143;0.24480961455302286;54.73431903854752;0.24474324430340572;45.74430840177539;[195.252498684903, 152.327722251446, 206.273014203051, 229.050499736981, 199.434508153603, 128.779436112513, 250.683850604945, 234.942135718043];"[211.08874967 193.87446581 237.80688163 119.46850359 221.28462026
 208.05560801 221.07724314 198.21941809]";1997-10-12;1997-11-30
90;8;CWT_rf_normal;0.1349963550853765;71.42857142857143;0.12398602050187679;13.891989364888884;0.12392183618095551;12.035941407972459;[99.6843766438716, 104.379274066281, 86.3492898474487, 77.590741714887, 107.732772225145, 91.7280378748027, 101.249342451341, 85.5733824302999];"[104.43034016 118.57587625 109.60022052  99.23243743 100.37244737
 102.29071271  98.43254635  97.28592583]";1998-02-01;1998-03-22
89;8;CWT_rf_normal;0.14958104245399545;42.857142857142854;0.13346081992045583;22.7596839914158;0.1334115097500853;18.10034153525421;[135.96791162546, 143.161493950552, 123.474487112046, 121.357180431352, 107.627564439769, 148.724355602314, 142.240925828511, 124.355602314571];"[138.97839979 144.72223296 156.1952288  148.1103147  143.31428494
 142.64521538 150.00069741 155.58759916]";1998-03-29;1998-05-17
71;8;CWT_rf_normal;0.16797517931196934;28.571428571428573;0.148751603525323;21.536004084240027;0.14868747348364098;17.30176177993131;[111.204629142557, 102.301420305103, 146.317727511836, 111.099421357181, 128.840084166228, 110.086796422935, 103.730224335921, 91.3992635455024];"[104.33144679 141.39061925 149.87884097 124.07300853 120.66102814
 121.01782632 123.35028396 128.58613033]";1998-02-01;1998-03-22
93;8;CWT_rf_normal;0.1371112789835013;57.142857142857146;0.13160185214050557;18.58286826260794;0.13155062639889992;17.010137993626735;[136.743819042609, 152.958968963703, 116.017885323514, 115.005260389269, 100.302472382956, 153.905839032088, 144.397685428722, 124.066280904787];"[130.16543401 133.02694396 131.85556305 134.60778571 132.05740826
 132.61848009 132.61897656 133.37576808]";1998-03-29;1998-05-17
68;8;CWT_rf_normal;0.10797629220382206;57.142857142857146;0.11389408279478527;13.156364842009774;0.11384102297797793;12.249516610607763;[116.25460284061, 106.679538815351, 111.638611257233, 98.4613361388742, 125.631246712257, 114.03208837454, 115.334034718569, 114.55812730142];"[108.23796528 100.21179381  90.23686901 108.21804935 108.44719706
 105.39451021 103.39659547  99.96389951]";1998-02-01;1998-03-22
77;8;CWT_rf_normal;0.05566527099319874;57.142857142857146;0.05713803444291651;11.185391096133737;0.05711781155896428;8.103515524255105;[146.251972645976, 134.652814308259, 125.3287743293, 138.479747501315, 165.833771699106, 146.856917411889, 142.267227774855, 127.511835875855];"[142.4324255  135.53637191 130.33330939 129.46660979 139.60696727
 145.35204576 136.266053   139.8863317 ]";1998-02-01;1998-03-22
80;8;CWT_rf_normal;0.08914595760162403;71.42857142857143;0.08472159033342232;6.48279567685698;0.08465160471902927;5.164843514793079;[71.8306154655444, 66.6491320357706, 64.3608627038402, 48.1194108364019, 72.6459758022093, 67.4250394529195, 60.0473435034192, 59.9158337716991];"[68.58878569 66.64668186 57.21786182 60.91087016 69.21192622 66.75034467
 67.49521953 66.49922135]";1998-02-01;1998-03-22
90;8;CWT_rf_normal;0.2583234053829726;57.142857142857146;0.24847901437049616;32.285389419512384;0.24836249216566897;27.096232252744812;[97.9221462388217, 132.811678064177, 169.818516570226, 96.6070489216202, 89.4792214623881, 85.9416096791162, 74.8684902682799, 82.4385005624203];"[101.79702714  99.84155718 105.48307965 110.10549135 105.00083062
 104.76907228 112.31676311 112.73213285]";1997-12-07;1998-01-25
83;8;CWT_rf_normal;0.09586155797167911;57.142857142857146;0.10142467799506638;18.01960077873492;0.10138645219713283;13.540712624752231;[129.642293529721, 133.153603366649, 149.894792214624, 117.438190426092, 108.153603366649, 164.62388216728, 122.514466070489, 134.402945817991];"[122.24134121 128.22983013 122.93359742 119.43314709 122.80969508
 126.65823971 126.01516257 123.48055251]";1998-03-29;1998-05-17
74;8;CWT_rf_normal;0.14626731767274131;57.142857142857146;0.13815433640801172;16.858157733774615;0.13808908729066735;14.703832216826354;[128.39295107838, 121.357180431352, 104.826407154129, 102.840610205155, 80.41820094687, 114.176749079432, 109.07417148869, 94.3450815360337];"[108.98054822 103.31743319 115.09402423 114.39172122 111.17454795
 109.07720175 113.00207228 112.92106596]";1998-03-29;1998-05-17
86;8;CWT_rf_normal;0.09856984385147557;57.142857142857146;0.10260615748473184;16.51519952900927;0.102568175116067;13.919359138874217;[162.151499210942, 129.458179905313, 122.470361106042, 124.263545502367, 144.64755391899, 118.437664387165, 117.661756970016, 153.8532351394];"[129.50666481 122.26523875 128.6892248  132.59434438 131.29173584
 127.55826611 127.83138594 129.53184893]";1998-02-01;1998-03-22
71;8;CWT_rf_normal;0.14661962235918732;71.42857142857143;0.17186042046503958;42.01204354620946;0.17178908946628946;21.87452410810957;[90.110468174645, 118.766438716465, 209.416096791163, 101.354550236718, 75.5917937927406, 96.528143082588, 108.600736454498, 100.184113624408];"[95.98216507 99.08509475 94.26703725 98.49822422 93.42764134 97.18580457
 98.35561749 97.48497517]";1997-12-07;1998-01-25
89;8;CWT_rf_normal;0.09862109047248523;57.142857142857146;0.09625582992104613;18.452903529489525;0.09622202794964689;13.78237421671592;[160.270910047344, 159.245134139926, 142.859021567596, 131.891109942136, 170.528669121515, 145.476065228827, 138.006312467123, 112.321239209343];"[137.20816661 153.62128027 150.59158362 135.29130992 142.30132635
 144.94349902 144.29386979 147.71340731]";1998-02-01;1998-03-22
90;8;CWT_rf_normal;0.1594997555837595;42.857142857142854;0.14042132086265485;18.84171528695748;0.14035411379107135;14.684247573624134;[89.7685428721726, 98.4744871120463, 112.585481325618, 112.66438716465, 83.955812730142, 92.4444527942686, 107.469752761704, 120.844292477643];"[118.81418668 117.71064354 108.65688074 116.8946196  116.3306088
 115.42979027 110.82023489 118.52156082]";1997-10-12;1997-11-30
77;8;CWT_rf_normal;0.10561835927593614;71.42857142857143;0.10453193783904394;19.22763822518005;0.10449426487989925;14.63933346580278;[134.758022093635, 139.058390320884, 180.260389268806, 136.467648605997, 111.586007364545, 123.264071541294, 127.077853761178, 131.746449237243];"[137.05123355 138.02630995 138.37441696 147.926958   136.25224906
 138.46568663 140.04354254 139.35699787]";1997-12-07;1998-01-25
93;8;CWT_rf_normal;0.04754919433846082;57.142857142857146;0.046645790180461166;7.035432532487442;0.046627673975738165;6.01275532412126;[118.556023145713, 129.116254602841, 137.098895318254, 118.503419253025, 135.796948974224, 127.630194634403, 131.720147290899, 132.916885849553];"[126.3600904  125.76218501 142.19564188 132.07855227 126.88232073
 126.05441312 136.42756916 135.99108038]";1998-02-01;1998-03-22
80;8;CWT_rf_normal;0.27364133525985673;42.857142857142854;0.24436557331106137;20.91105463669347;0.24419354585855496;17.665965635324827;[84.9815886375592, 77.2488164124145, 110.455023671752, 67.9510783798001, 54.1184911629039, 49.973698053656, 56.9963177275118, 59.4292477643346];"[81.10087282 73.40764612 74.00444188 75.68080538 78.51187147 78.379308
 77.22036218 75.83174325]";1997-12-07;1998-01-25
68;8;CWT_rf_normal;0.27402862067655576;28.571428571428573;0.2660975859136378;43.61283099529285;0.2660008290756366;37.38527403820962;[169.016307206733, 177.196212519726, 211.349289847449, 121.67280378748, 96.8043135192004, 117.148869016307, 116.504471330878, 96.3822597248614];"[153.50386106 139.48300295 121.13566111 136.81698125 144.13790286
 146.06726778 153.38708204 123.74639129]";1997-12-07;1998-01-25
71;8;CWT_rf_normal;0.13472616567434864;57.142857142857146;0.11704169025980202;15.258905934661385;0.11697730540930912;10.734401656147504;[99.7238295633876, 113.847974750131, 102.801157285639, 97.0147290899527, 64.6896370331404, 95.8768567921645, 85.7180431351921, 96.357180431352];"[101.50528813 102.38721352 100.06195155 101.12870588 101.02086828
 100.63416181 103.36948623 103.397012  ]";1997-10-12;1997-11-30
89;8;CWT_rf_normal;0.16102376237353372;42.857142857142854;0.15691629084570674;28.18139886746694;0.15686119484271982;22.5894165882395;[149.342451341399, 151.814834297738, 195.647027880063, 141.32035770647, 111.980536559705, 115.518148342977, 122.356654392425, 139.018937401368];"[153.12997325 142.22011621 136.54442526 148.45947155 140.07532263
 148.79699174 145.17300048 155.92033809]";1997-12-07;1998-01-25
74;8;CWT_rf_normal;0.1379820232132899;42.857142857142854;0.12483060170151841;17.517399034008506;0.124776432497758;14.410831028695792;[104.642293529721, 119.226722777486, 95.6721071735725, 109.876380852183, 117.6223040505, 98.9084692267228, 134.731720147291, 117.135718043135];"[118.90084357 119.37962365 124.1423109  129.32737036 123.79999426
 127.70616173 129.83903411 130.22165336]";1998-02-01;1998-03-22
77;8;CWT_rf_normal;0.06866851911874139;71.42857142857143;0.07292646970292113;13.400568492284316;0.07289996842934446;10.042570495286322;[134.429247764334, 146.948974224093, 134.100473435034, 147.488164124145, 134.981588637559, 131.252974624884, 131.706996317728, 155.996843766439];"[131.00133682 134.0373557  126.69580398 127.81842929 133.56510493
 124.99037514 133.14976566 128.19206611]";1997-10-12;1997-11-30
93;8;CWT_rf_normal;0.10791874235944893;100.0;0.10873170776625421;17.79651261411778;0.10868907164505381;14.026208177734231;[133.968963703314, 151.814834297738, 160.783798001052, 125.046796291724, 97.2382956338768, 115.557601262493, 130.207785376118, 125.631246712257];"[120.20879306 126.55916481 130.16550777 127.01140598 121.98887159
 127.46015195 133.43218779 124.89785041]";1997-12-07;1998-01-25
68;8;CWT_rf_normal;0.17916804581161222;57.142857142857146;0.19058052457239452;29.314248922036775;0.19051207359939676;26.647153041062044;[121.67280378748, 174.381904260915, 154.95791688585, 160.718043135192, 130.35244608101, 125.650660053606, 129.287217254077, 162.098895318254];"[143.4256451  139.01770632 103.21751742 134.87740858 146.29635728
 136.37283306 148.31947472 129.31808593]";1997-10-12;1997-11-30
83;8;CWT_rf_normal;0.13968442337984563;71.42857142857143;0.15252825166295408;19.192260534173467;0.15245998919509327;17.06846684779504;[114.189900052604, 119.266175697002, 114.479221462388, 110.099947396107, 136.507101525513, 124.329300368227, 111.09942135718, 123.001052077854];"[108.55126759 103.79003333 102.87411061  95.79419007  99.420087
 105.52876918  98.84046504 101.62546234]";1998-02-01;1998-03-22
86;8;CWT_rf_normal;0.2133670868674441;71.42857142857143;0.1881472503274546;30.180128402459243;0.18808004427151756;26.44301752974124;[154.905312993161, 116.964755391899, 140.018411362441, 121.870068385061, 118.332456601789, 114.676486059968, 124.395055234087, 145.423461336139];"[140.52760882 140.26026104 145.52083508 179.48000849 149.35791984
 149.34634951 148.95322159 165.92853487]";1997-12-07;1998-01-25
80;8;CWT_rf_normal;0.066108465844745;71.42857142857143;0.0639938125264717;5.706686589323277;0.06394702465397152;4.408982500928146;[60.2840610205156, 56.3650710152552, 67.7012098895319, 81.6149395055234, 69.9237243556023, 75.4402444828535, 70.2656496580747, 76.2098895318253];"[61.16822602 69.16826135 68.36642244 75.91227012 67.07782399 69.74116767
 67.05178085 79.66766628]";1997-10-12;1997-11-30
96;8;CWT_rf_normal;0.1494771120625698;57.142857142857146;0.16779484377196302;19.213953750117103;0.16770143694408896;15.162053033600458;[77.5775907417149, 88.2430299842189, 121.60704892162, 96.9095213045766, 77.9589689637032, 94.8842714360862, 89.6238821672803, 97.8826933193055];"[77.1605009  79.0007456  81.51081777 80.76008333 80.09004504 74.6075863
 77.58500596 76.93794984]";1998-03-29;1998-05-17
91;8;CWT_rf_normal;0.25608321971991255;85.71428571428571;0.2980741253055822;33.91153980160486;0.29793449039134945;31.920926026735202;[117.674907943188, 137.006838506049, 120.476065228827, 119.687006838506, 91.9647553918989, 121.580746975276, 133.100999473961, 128.866386112572];"[99.04491243 93.76621244 92.82318648 83.70039007 82.25952056 84.66958131
 90.42111585 88.30537911]";1998-03-29;1998-05-17
89;8;CWT_rf_normal;0.1538854028858841;42.857142857142854;0.1445014146302503;22.9849289911069;0.14444969436873956;20.335106795920172;[120.397159389795, 108.206207259337, 140.268279852709, 163.453445554971, 125.775907417149, 146.560707397109, 133.784850078906, 177.893214097843];"[152.90449442 143.79054713 134.35341791 143.03880261 144.7852873
 150.64023841 151.19614602 150.13374635]";1997-10-12;1997-11-30
74;8;CWT_rf_normal;0.19542166218269563;42.857142857142854;0.18825903087587614;27.24080642910273;0.18818628689614697;24.539124252635943;[138.466596528143, 143.648079957917, 175.381378221988, 119.345081536034, 108.824302998422, 107.3776959495, 107.916885849553, 109.547606522883];"[131.34597283 128.44304989 124.59166745 142.19904639 135.62686878
 132.26281614 128.28578697 137.83468407]";1997-12-07;1998-01-25
93;8;CWT_rf_normal;0.4626946458247463;42.857142857142854;0.36733510789006524;64.95743053825251;0.3672180269482329;58.371411006327634;[119.792214623882, 132.706470278801, 130.35244608101, 129.011046817464, 129.260915307733, 128.136193983117, 132.298790110468, 116.38611257233];"[173.57713245 103.18810175 226.46937991 215.36950602 169.68840327
 140.20050422 191.49255546 205.89315769]";1997-10-12;1997-11-30
99;8;CWT_rf_normal;0.06544384641656104;42.857142857142854;0.06693953157631785;8.836004322971432;0.06690554247804731;6.60830680167736;[98.5928458705945, 113.834823776959, 98.185165702262, 103.103629668596, 84.5476065228827, 102.617043661231, 100.13150973172, 103.734876380852];"[ 94.46409572  94.63734899  96.07857019 100.60281915  96.44028827
  94.56322373  99.82772869  99.05233566]";1998-03-29;1998-05-17
102;8;CWT_rf_normal;0.28275362965047746;28.571428571428573;0.3399719394440604;21.013191403413643;0.33966094355665777;18.657332992901548;[48.9229024943311, 56.859410430839, 78.3730158730159, 67.4036281179139, 51.3605442176871, 66.2273242630386, 61.9756235827664, 67.3611111111111];"[44.88879625 43.40380393 42.41669207 43.17024294 44.69861114 43.40658758
 42.29921273 44.9409495 ]";1998-03-29;1998-05-17
83;8;CWT_rf_normal;0.3205349980907639;57.142857142857146;0.2720485433642154;32.32923417744701;0.27192727278306517;30.658057482044946;[107.259337190952, 81.0516842191901, 135.257759074172, 96.2914255654919, 108.258811152025, 100.289321409784, 85.9679116254603, 96.2388216728037];"[121.67991926 120.82255821 119.0583062  141.21172189 137.27640784
 131.51477562 125.55048644 126.36645055]";1997-12-07;1998-01-25
105;8;CWT_rf_normal;0.07163513108406164;42.857142857142854;0.07140358888510984;11.35040498206306;0.07137709253849439;9.642806559874787;[119.557823129252, 143.707482993197, 130.768140589569, 126.176303854875, 144.883786848073, 150.297619047619, 130.059523809524, 137.315759637188];"[137.64756001 127.09689083 130.31051648 136.18494067 153.21976491
 135.93278641 123.3884391  134.71179254]";1998-03-29;1998-05-17
86;8;CWT_rf_normal;0.12999668593556835;57.142857142857146;0.12772758217958058;21.85449605177798;0.12768095657857886;17.66085305692519;[119.292477643346, 132.469752761704, 140.807469752762, 160.915307732772, 104.089952656497, 143.167756318729, 137.756443976854, 176.643871646502];"[126.93817344 137.49141093 127.73598904 133.43298087 143.22982878
 135.31852323 130.8921273  142.43163462]";1997-10-12;1997-11-30
108;8;CWT_rf_normal;0.0630272611088054;71.42857142857143;0.06529899407290228;13.787231760269346;0.06528268554856634;13.07208131857183;[206.306689342404, 212.103174603174, 207.298752834467, 199.418934240363, 195.3089569161, 206.986961451247, 207.723922902494, 211.295351473923];"[194.84176861 193.9625523  190.32140135 192.73442781 189.34787704
 192.17164259 194.20489057 194.28153295]";1998-03-29;1998-05-17
91;8;CWT_rf_normal;0.18353748282261154;28.571428571428573;0.15826590182443384;20.52252716745895;0.15818971941664017;16.5376210930393;[119.213571804314, 94.8053655970542, 106.536033666491, 102.511835875855, 111.244082062073, 72.6854287217254, 106.667543398211, 97.9352972119938];"[113.04813328 109.71814504 118.67291008 125.98752183 115.97869059
 116.50688418 113.05743366 118.59953136]";1998-02-01;1998-03-22
96;8;CWT_rf_normal;0.12832287292375374;28.571428571428573;0.1307994351260052;9.533560296147572;0.1307017801914449;8.804206896682775;[71.7122567069963, 51.6175697001578, 73.5270910047343, 73.7112046291426, 77.0910047343504, 69.621251972646, 71.0021041557074, 77.9458179905313];"[63.88031149 65.33595766 65.29488613 64.07658499 65.59239117 66.84569942
 66.92668713 65.27890366]";1998-02-01;1998-03-22
102;8;CWT_rf_normal;0.196544172230336;42.857142857142854;0.21302693462877592;9.169780461632124;0.21276106242434464;8.570772904881489;[37.8968253968254, 32.0294784580499, 37.65589569161, 48.483560090703, 47.3639455782313, 43.28231292517, 46.2301587301587, 49.0504535147392];"[41.78386857 38.95076214 31.67339221 35.02565291 36.50619847 38.08440571
 34.92968433 38.08913652]";1998-02-01;1998-03-22
99;8;CWT_rf_normal;0.09038474951624215;57.142857142857146;0.09588063094248325;10.435036496725091;0.0958296610382913;9.029249466236406;[102.524986849027, 99.4082062072593, 91.6228300894267, 85.652288269332, 108.232509205681, 92.0962651236192, 89.9000526038927, 100.644397685429];"[87.75105767 88.85148964 85.71966673 87.86351478 91.06161104 85.26850225
 87.54649121 88.20766001]";1998-02-01;1998-03-22
94;8;CWT_rf_normal;0.13597326934682707;14.285714285714286;0.15046013183579782;28.67584836695186;0.15041087269019698;23.00165605771742;[169.673855865334, 177.143608627039, 142.122567069963, 144.568648079958, 145.002630194634, 181.430825881115, 168.187795896896, 149.684376643872];"[131.90160149 138.12895026 153.96290471 145.52227955 131.24746047
 130.31150719 142.24595079 146.06834355]";1998-03-29;1998-05-17
74;8;CWT_rf_normal;0.07425414149132456;71.42857142857143;0.07263641372854378;10.913335763632988;0.07260823356427018;9.384539401365984;[120.765386638611, 116.631030809659, 115.215675960021, 140.294581799053, 126.657022619674, 122.178803136194, 122.225144660705, 149.158337716991];"[128.03818328 124.24759072 135.23034969 132.60202062 130.84255568
 124.86154587 131.19354969 132.5152948 ]";1997-10-12;1997-11-30
105;8;CWT_rf_normal;0.10326166836676974;14.285714285714286;0.09365051862664986;19.68004888656625;0.09361694408078727;13.073886515123819;[141.383219954649, 138.378684807256, 133.602607709751, 128.202947845805, 145.393990929705, 119.37358276644, 129.931972789116, 135.728458049887];"[133.98826795 138.65005683 131.60489179 144.62892268 138.40108166
 169.23992614 140.49322391 124.64788447]";1998-02-01;1998-03-22
83;8;CWT_rf_normal;0.09394191897599982;42.857142857142854;0.08820876302825423;13.04623794208576;0.08817212287056442;10.631652055601242;[120.725933719095, 110.849552866912, 119.187269857969, 126.906891109942, 134.179379274066, 116.839508028356, 101.459758022094, 125.946870068385];"[125.7572686  127.8501939  128.07041183 126.10942733 123.13075481
 129.12548175 127.52066809 129.8919966 ]";1997-10-12;1997-11-30
96;8;CWT_rf_normal;0.15515795526584983;28.571428571428573;0.17797414859739163;20.440351769507203;0.1778637260916317;14.484976896191302;[81.7332982640714, 92.3592845870595, 115.071015255129, 79.0132833775278, 82.8511309836928, 66.8200946870069, 65.9784324039979, 63.6112572330352];"[67.17740036 71.31133135 66.74907835 70.06430744 67.04945894 68.04363138
 67.66251131 67.90702077]";1997-12-07;1998-01-25
91;8;CWT_rf_normal;0.16076967323658964;42.857142857142854;0.17149544860023502;30.296803333368654;0.17142790316882;22.24994072035626;[140.057864281957, 144.805365597054, 187.375065754866, 132.101525512888, 111.914781693845, 102.630194634403, 89.1767490794318, 110.783798001052];"[122.12276752 116.70404945 114.18765913 124.47322308 126.3840895
 113.77587751 110.82248297 114.67047723]";1997-12-07;1998-01-25
108;8;CWT_rf_normal;0.07094643013038231;71.42857142857143;0.07344581759831732;16.04785228667521;0.07342543988564088;13.2564322917225;[185.756802721088, 174.433106575964, 192.375283446712, 181.958616780045, 186.054421768707, 176.814058956916, 190.915532879819, 201.24716553288];"[192.02396202 191.56986248 186.17355448 157.98860327 183.51067058
 180.60843433 164.03294533 181.99207899]";1998-02-01;1998-03-22
102;8;CWT_rf_normal;0.15058772064024495;57.142857142857146;0.16517520435602862;8.347532367723554;0.16496759557449733;6.607155009577209;[39.7534013605442, 39.8242630385488, 46.1026077097506, 46.3577097505669, 48.8520408163265, 33.6592970521542, 33.6451247165533, 33.531746031746];"[47.00246126 37.9463075  33.94094969 34.16550313 35.03490622 34.54606807
 34.93171574 30.14588267]";1997-12-07;1998-01-25
99;8;CWT_rf_normal;0.16791997556223354;42.857142857142854;0.15188278380575412;17.715174740875423;0.1518066877700808;15.168188222974392;[108.324566017885, 100.591793792741, 115.491846396633, 90.3997895844293, 83.2719621251973, 93.3982114676486, 90.9737803590663, 84.5344555497107];"[110.10661815 102.70573395 101.4887765  107.27870557 114.29472347
 108.70043241 108.29414331 107.45663792]";1997-12-07;1998-01-25
91;8;CWT_rf_normal;0.20013319122587747;85.71428571428571;0.17809658582780963;25.779475361935145;0.17802991099947735;23.8401434541244;[132.18043135192, 104.642293529721, 133.258811152025, 136.178327196213, 127.235665439242, 116.760602189324, 111.941083640189, 137.743293003682];"[149.32640788 144.17350992 149.83511485 151.03203671 149.62369906
 146.71082265 149.37690606 150.58315802]";1997-10-12;1997-11-30
96;8;CWT_rf_normal;0.3685045995502787;71.42857142857143;0.2997614128815552;29.560532251971075;0.2995923449092146;26.663004795923662;[69.9237243556024, 79.6817464492372, 80.8258811152025, 90.2945817990531, 66.5570752235666, 77.2945317001077, 64.9526564965807, 76.6307206733299];"[ 95.30601824  97.1629331   93.55371047  96.62134247 100.95912267
 108.49194675 106.77809711 120.59178537]";1997-10-12;1997-11-30
94;8;CWT_rf_normal;0.40385103074978224;57.142857142857146;0.3159482876097126;59.210502127710775;0.3158475546668337;50.706937113216895;[150.736454497633, 116.296292320189, 168.740136770121, 148.264071541294, 116.938453445555, 95.1232255132457, 136.125723303524, 144.529195160442];"[139.96683255 164.48591852 223.15291918 246.28729916 196.37729984
 172.82804162 155.72101339 162.0504813 ]";1998-02-01;1998-03-22
102;8;CWT_rf_normal;0.13942566473735243;42.857142857142854;0.1361275768306016;7.493347223595338;0.13599317224213825;7.020678302053809;[54.5918367346939, 53.188775510204, 66.7800453514739, 63.6479591836734, 41.6950113378685, 54.577664399093, 40.5895691609977, 39.3849206349206];"[61.13593757 55.52242889 55.21861801 56.89626597 50.6529198  47.91553911
 45.28197897 48.04702872]";1997-10-12;1997-11-30
105;8;CWT_rf_normal;0.21482550341568518;57.142857142857146;0.21812752096226104;41.47958066651819;0.21805679885849744;34.017902686470826;[194.968820861678, 161.068594104308, 211.607142857143, 168.735827664399, 125.907029478458, 152.403235974383, 122.293083900227, 128.458049886621];"[159.52112462 113.15303975 137.1844155  162.01873087 186.22866
 147.63479266 138.02501061 155.27619608]";1997-12-07;1998-01-25
108;8;CWT_rf_normal;0.16097601553379365;28.571428571428573;0.1574500007408059;38.21682717592387;0.15741030721206717;31.565650187453606;[217.800453514739, 205.017006802721, 272.17970521542, 178.883219954648, 164.016439909297, 163.463718820862, 176.147959183673, 161.380385487528];"[193.26888958 199.52706887 195.12487005 215.19796783 173.7830051
 193.82089092 196.54815802 209.99056597]";1997-12-07;1998-01-25
99;8;CWT_rf_normal;0.4874634874219217;85.71428571428571;0.3302390633908112;84.71765263442643;0.33012268257518895;52.91347921524001;[86.6386112572331, 88.0194634402946, 94.3582325092057, 110.70489216202, 100.013150973172, 103.451817339245, 92.5960021041556, 116.701735928459];"[ 68.73352855  88.91576024 136.32767328 230.48395619  89.81338736
 112.07965014 115.85966876 317.36842227]";1997-10-12;1997-11-30
103;8;CWT_rf_normal;0.08828342262409883;57.142857142857146;0.08875137024382836;16.862704709387046;0.08872537144950884;15.216605842726434;[193.43820861678, 180.612244897959, 184.169501133787, 172.987528344671, 141.87925170068, 187.65589569161, 182.553854875283, 184.396258503401];"[177.99899761 173.12216035 195.38179898 153.54900142 168.96517006
 162.98556981 174.54224114 176.01139006]";1998-03-29;1998-05-17
108;8;CWT_rf_normal;0.10785084692771568;28.571428571428573;0.10338763508116958;24.22232989611528;0.10336090755123493;20.084450294982602;[182.355442176871, 158.517573696145, 190.702947845805, 185.997732426304, 190.065192743764, 173.497732426304, 209.311224489796, 235.515873015873];"[187.56014593 202.93431632 201.35985394 206.91719904 200.18791649
 195.35968545 200.30285834 197.03113266]";1997-10-12;1997-11-30
105;8;CWT_rf_normal;0.17777803155978977;100.0;0.1601709477752178;26.806677696563018;0.16011593347716238;24.041696247621523;[135.997732426304, 114.923469387755, 135.643424036281, 163.775510204082, 144.52947845805, 100.595238095238, 136.437074829932, 170.195578231292];"[133.75852272 133.37761186 160.88644382 209.45784696 160.66510388
 133.56470349 162.24972646 195.99269705]";1997-10-12;1997-11-30
94;8;CWT_rf_normal;0.17081103771535505;85.71428571428571;0.19127348137204525;41.80035906585447;0.19121408506206544;31.58536348053914;[146.159915833772, 185.126249342451, 247.106785902157, 186.401893740137, 170.94950026302, 127.152107555279, 129.287217254077, 117.6965578446];"[142.38331875 159.14244863 159.9849868  134.57840398 121.2737666
 125.6755053  144.23983563 135.56882473]";1997-12-07;1998-01-25
92;8;CWT_rf_normal;0.10563904432648641;71.42857142857143;0.11387348768393538;27.827448223843405;0.11384359922651524;21.795052225006636;[197.172540768017, 184.192530247238, 153.748027354024, 182.667017359285, 183.232509205681, 232.877432930037, 213.295633876907, 206.891109942136];"[173.25917091 171.07324928 167.06693847 181.08883312 181.80400877
 176.58197064 179.15519081 176.32484412]";1998-03-29;1998-05-17
97;8;CWT_rf_normal;0.1694504874932578;28.571428571428573;0.16491960431734892;24.098722320761556;0.16485846576297583;22.421560930242673;[142.175170962651, 159.363492898474, 152.880063124671, 153.248290373487, 100.486586007364, 110.547080483956, 160.494476591268, 158.74539715939];"[136.04037321 134.53932578 133.47119347 137.3963053  139.52886939
 136.99669949 135.1697458  136.4093625 ]";1998-03-29;1998-05-17
103;8;CWT_rf_normal;0.15834298074610126;42.857142857142854;0.13273346582849055;35.72388702435259;0.13269588922214337;23.66947035184431;[198.001700680272, 185.430839002268, 181.391723356009, 189.413265306122, 121.176757131048, 165.787981859411, 169.600340136054, 180.357142857143];"[176.90721814 190.39970487 180.0319971  234.54979667 206.92385536
 177.39669582 175.82364962 167.14010774]";1998-02-01;1998-03-22
100;8;CWT_rf_normal;0.15989531033778695;28.571428571428573;0.13936867325410535;28.069940136965513;0.13932283179942284;21.233694164467632;[158.545918367347, 132.440476190476, 115.30612244898, 137.996031746032, 157.667233560091, 176.459750566893, 165.320294784581, 153.018707482993];"[173.03250015 170.45501057 174.12700948 166.50059036 159.51231029
 163.27232435 164.37362977 167.08253104]";1998-03-29;1998-05-17
109;8;CWT_rf_normal;0.2784949067376216;0.0;0.3184136016440765;80.3489212951285;0.3183320671518474;63.91893604683259;[165.802154195011, 202.18253968254, 321.102607709751, 254.393424036281, 117.672902494331, 259.325396825397, 188.577097505669, 194.571995464853];"[175.72004386 155.42633962 155.22233366 165.64722384 168.06976851
 159.20726676 173.31031508 160.30284957]";1998-03-29;1998-05-17
92;8;CWT_rf_normal;0.1675715982365934;42.857142857142854;0.18753473846637309;38.34078736698982;0.18748117650172813;32.96390567566024;[201.933193056286, 201.104681746449, 203.037874802735, 174.079431877959, 219.923724355602, 154.052736297044, 182.930036822725, 175.486586007365];"[166.02576223 130.95848888 163.75127053 179.03658499 170.45852285
 166.43930444 152.01444137 154.84008677]";1998-02-01;1998-03-22
106;8;CWT_rf_normal;0.17448068044118376;57.142857142857146;0.1572336560878469;21.422495877854892;0.15716250104185905;17.500303294458284;[127.437641723356, 132.681405895692, 99.68820861678, 128.713151927438, 81.2500000000001, 136.210317460317, 120.082199546485, 90.3486394557823];"[131.84530021 114.92866777 112.28771925 114.11717156 125.48580488
 119.35847049 117.28929198 117.11461878]";1998-03-29;1998-05-17
94;8;CWT_rf_normal;0.28464505834316833;71.42857142857143;0.24097963212917678;41.825331305809705;0.2408988509993769;36.0644278296996;[165.610205155181, 157.035770647028, 179.944765912677, 136.941083640189, 110.44187269858, 117.891585882117, 122.907929172019, 137.258943556381];"[166.28837391 130.92913388 173.13067203 191.78261377 169.05726734
 173.48450942 170.6342012  175.39934645]";1997-10-12;1997-11-30
100;8;CWT_rf_normal;0.7357664816574161;14.285714285714286;1.2026189885602911;127.53671263105565;1.2020332443971051;125.32122373229839;[178.160430839002, 165.802154195011, 168.636621315193, 156.023242630385, 181.831065759637, 166.737528344671, 176.24716553288, 167.587868480726];"[52.50925841 53.44660059 17.89658272 63.90348143 62.30613055 69.36962959
 35.73502345  3.28958049]";1998-02-01;1998-03-22
97;8;CWT_rf_normal;0.05390715574282375;71.42857142857143;0.052601371992409725;8.404975748807974;0.05258120363472179;6.867159468250634;[129.445028932141, 121.751709626512, 134.113624408206, 121.554445028932, 137.112046291426, 127.248816412414, 130.970541820095, 144.042609153077];"[119.09144471 125.23085745 133.1534443  135.25507129 141.52797744
 139.16592479 140.74752349 144.37632529]";1998-02-01;1998-03-22
109;8;CWT_rf_normal;0.10199888065268897;14.285714285714286;0.1011476882225795;18.81205060563421;0.10110933430552188;13.407199606052824;[109.410430839002, 105.045351473923, 134.679705215419, 154.237528344671, 125.850340136054, 119.246031746032, 132.596371882086, 136.465419501134];"[102.25363285 104.57880419 121.61984726 120.53251982 132.18351536
 156.13876755 133.85161826 128.07719181]";1998-02-01;1998-03-22
103;8;CWT_rf_normal;0.13119246036644172;57.142857142857146;0.14047623069415888;35.91264930902215;0.14043939347656553;27.06583642909857;[191.695011337868, 180.442176870748, 258.333333333333, 218.735827664399, 167.729591836735, 156.746031746032, 159.297052154195, 183.149092970522];"[165.87498427 171.38992995 176.60086409 175.61450935 174.69574231
 177.64527374 181.68792457 176.60472796]";1997-12-07;1998-01-25
92;8;CWT_rf_normal;0.21212865463515626;71.42857142857143;0.17924947441471956;34.56424839047908;0.17918716801088244;26.435055561476116;[200.920568122041, 185.849552866912, 172.830089426618, 87.6929256710575, 119.936875328774, 162.914255654918, 183.74539715939, 174.883877801515];"[162.17213124 162.14953756 159.26743337 158.4922473  166.54216158
 165.57015798 175.87669513 182.42400181]";1997-12-07;1998-01-25
97;8;CWT_rf_normal;0.1843091424467656;42.857142857142854;0.1812645558528645;31.46901746338352;0.18120288011411292;26.927484246662964;[159.00841662283, 168.043135192004, 205.457653866386, 129.563387690689, 125.052603892688, 132.732772225145, 119.279326670174, 117.690295476423];"[149.07311189 150.21398295 139.39372785 147.32413355 156.91341818
 149.22899652 147.10030817 145.34302051]";1997-12-07;1998-01-25
95;8;CWT_rf_normal;0.06041755217336637;71.42857142857143;0.059335259842190444;11.102400819031473;0.059316793074850965;9.541244910803883;[154.589689637033, 164.308258811152, 165.281430825881, 160.849552866912, 157.482903734877, 178.143082588111, 147.356654392425, 153.406102051552];"[148.32341844 154.02431795 166.6262365  159.12169537 168.09665923
 165.57752922 165.4781228  168.81240885]";1998-03-29;1998-05-17
106;8;CWT_rf_normal;0.27400235516237803;42.857142857142854;0.231669154573051;33.695453763701835;0.23157485068058242;28.703485949900866;[135.459183673469, 84.7222222222222, 104.010770975057, 107.213718820862, 123.75283446712, 108.616780045352, 110.714285714286, 120.861678004535];"[121.90411556 125.67097206 169.88031641 146.16083417 114.02431378
 123.34784192 135.08632745 142.33746256]";1998-02-01;1998-03-22
109;8;CWT_rf_normal;0.4764288080969555;57.142857142857146;0.3425530435299293;59.15923508804726;0.3424311845106659;48.657950470435594;[125.368480725623, 121.485260770975, 135.303287981859, 152.140022675737, 180.853174603175, 94.4727891156464, 83.2482993197278, 96.641156462585];"[148.68506062 156.72564059 137.82114933 175.6341256  215.93008466
 191.98768146 176.55979846 175.43253469]";1997-12-07;1998-01-25
92;8;CWT_rf_normal;0.27621809551361376;85.71428571428571;0.2372313448377131;51.55624121359226;0.23717333917574368;49.1064991080024;[185.981062598632, 153.605603209195, 217.148869016307, 243.34560757496, 207.193582325092, 175.519150321886, 146.234169627872, 190.123619147817];"[236.40061431 225.05357899 244.65594917 289.27907321 237.91309154
 215.76950797 218.91869446 244.01314704]";1997-10-12;1997-11-30
100;8;CWT_rf_normal;0.39877690763498197;71.42857142857143;0.3136556131858567;42.06595430129758;0.3135186378720206;36.83597005991294;[117.545351473923, 168.168934240363, 156.802721088435, 67.4603174603174, 69.6003401360544, 96.1309523809524, 126.941609977324, 125.31179138322];"[163.53605474 131.79126286 126.48792639 129.94586053 134.78841991
 134.93194554 137.77690533 130.00647116]";1997-12-07;1998-01-25
95;8;CWT_rf_normal;0.09405516374935412;71.42857142857143;0.0982569373702091;14.671076626648311;0.09822117576433201;13.553041000267477;[140.084166228301, 138.940031562336, 152.880063124671, 142.122567069963, 144.160967911626, 139.150447133088, 146.34402945818, 158.74539715939];"[121.28879994 114.49018386 135.48904612 133.71516746 135.22750934
 151.66498643 154.80047936 149.26914753]";1998-02-01;1998-03-22
103;8;CWT_rf_normal;0.10555312027737626;57.142857142857146;0.10427968394488427;21.94319481033512;0.10424940843575496;18.005509453663798;[170.606575963719, 139.625850340136, 188.194444444444, 188.492063492063, 169.359410430839, 164.980158730159, 191.340702947846, 196.301020408163];"[167.75748297 181.52275678 160.51215081 167.3975238  175.71312308
 168.91689793 173.6898002  173.72113213]";1997-10-12;1997-11-30
109;8;CWT_rf_normal;0.44593042440948516;71.42857142857143;0.3381917884847655;68.59221358724399;0.3380949444638409;59.36065180410475;[176.856575963719, 136.337868480726, 223.993764172336, 228.75566893424, 162.981859410431, 110.912698412698, 126.587301587301, 124.518140589569];"[204.38515273 202.22285134 207.41873156 208.87482771 209.52047136
 210.73398489 227.95111958 221.81020514]";1997-10-12;1997-11-30
97;8;CWT_rf_normal;0.06814568641491875;42.857142857142854;0.06511116412242163;11.401054477809668;0.0650889611153457;9.54899983760425;[138.295633876907, 142.438190426091, 155.128879537086, 152.748553392951, 148.816412414519, 134.093584830039, 136.296685954761, 157.167280378748];"[153.63406611 151.25256358 151.98723352 151.23201393 155.20640879
 153.6544706  152.46666999 151.70713874]";1997-10-12;1997-11-30
106;8;CWT_rf_normal;0.2095532358271292;42.857142857142854;0.2268499398666975;47.40439749664768;0.22676658040733258;31.900179650556172;[141.213151927438, 159.155328798186, 229.931972789116, 132.780612244898, 104.081632653061, 93.5941043083899, 104.84693877551, 122.307256235828];"[134.06710814 107.33238187 115.38857113 130.55399073 138.49172446
 120.2421015  119.15071373 126.40781558]";1997-12-07;1998-01-25
100;8;CWT_rf_normal;0.10280047233763737;28.571428571428573;0.10626623498903845;18.313073315171618;0.1062325231807742;16.804048381230903;[179.024943310658, 164.044784580499, 173.611111111111, 178.75566893424, 163.392857142857, 130.045351473923, 159.452947845805, 169.005102040816];"[165.42281719 154.93603772 150.92936807 150.28312082 157.0588395
 151.08879204 148.15373613 147.11454905]";1997-10-12;1997-11-30
95;8;CWT_rf_normal;0.25971640696496523;57.142857142857146;0.2226061431014814;41.01791685875867;0.2225356606433824;35.36107705344281;[154.721199368753, 161.533403471857, 214.334560757496, 150.460284061021, 132.035770647028, 128.642819568648, 131.772751183588, 116.249950795679];"[158.40618068 158.15337318 177.84154588 180.17086206 179.44141367
 175.90767174 181.11311304 181.85910569]";1997-12-07;1998-01-25
104;8;CWT_rf_normal;0.048185456189571235;71.42857142857143;0.04635119882582523;6.703374746425688;0.04633082807750317;5.280563660239876;[109.708049886621, 121.017573696145, 117.743764172336, 107.851473922902, 102.239229024943, 114.073129251701, 115.036848072562, 120.833333333333];"[112.29052776 119.69362783 120.12201032 116.4736639  114.5778796
 117.72310627 125.24439584 121.9748074 ]";1998-03-29;1998-05-17
110;8;CWT_rf_normal;0.10217402276148663;0.0;0.10346372424931422;13.680727557350828;0.1034186026869852;11.874438545617847;[119.187269857969, 118.621778011573, 120.449763282483, 131.614939505523, 99.8290373487638, 120.620725933719, 105.247238295634, 109.481851657023];"[109.55645521 127.09912504 107.81411463 106.34094768 118.86612601
 111.20010499 114.23229773 107.94691449]";1998-03-29;1998-05-17
106;8;CWT_rf_normal;0.2448516771637013;57.142857142857146;0.20539225516484255;31.825216119510493;0.20531198525769295;26.38329518253955;[124.390589569161, 99.1780045351475, 133.064058956916, 141.950113378685, 117.446145124717, 92.2902494331066, 116.057256235828, 133.815192743764];"[137.23806921 156.40129237 158.59763072 143.44310688 138.08130038
 142.76318801 145.14093535 147.59244853]";1997-10-12;1997-11-30
95;8;CWT_rf_normal;0.1605952908733385;71.42857142857143;0.1464323661546337;25.65655271483942;0.14638752543130568;23.959090817567265;[151.446607048922, 136.730668069437, 173.10625986323, 158.285113098369, 156.877958968964, 135.369229227725, 162.611783271962, 162.20410310363];"[170.85952925 171.74575496 188.12238454 179.56008109 179.04907902
 178.38020431 179.13011483 181.4573012 ]";1997-10-12;1997-11-30
98;8;CWT_rf_normal;0.12199324018602517;57.142857142857146;0.12052536197342359;18.33886798308773;0.12047564683164459;14.655668810046363;[116.307206733298, 129.839558127302, 117.385586533403, 118.069437138348, 96.0678590215675, 147.093634928985, 131.233561283535, 130.15518148343];"[122.57902209 115.76524349 114.28967715 117.81436123 129.9348601
 118.7662752  116.67356664 113.36130173]";1998-03-29;1998-05-17
101;8;CWT_rf_normal;0.16738314592671696;14.285714285714286;0.18396075437653797;28.48249276937557;0.18389235057122538;24.797745175213414;[159.736394557823, 159.410430839002, 126.899092970521, 156.505102040816, 141.468253968254, 150.297619047619, 131.079931972789, 133.886054421769];"[140.47831348 106.35943115 144.63131472 117.52368324 134.88637471
 125.20291255 143.29941827 108.42288639]";1998-03-29;1998-05-17
104;8;CWT_rf_normal;0.11363363249142629;71.42857142857143;0.12322047757859453;19.00966634394521;0.12316821578673395;14.614220346800792;[147.477324263038, 121.173469387755, 113.151927437642, 118.806689342404, 139.512471655329, 110.728458049887, 100.439342403628, 112.259070294785];"[105.69199488 106.84717957  96.90893411 114.9869339  116.14913795
 116.70503475 108.85189376 109.27213727]";1998-02-01;1998-03-22
110;8;CWT_rf_normal;0.11154583689866848;57.142857142857146;0.11623852083031591;14.874075695121178;0.1161846061593424;12.564027337440864;[120.213045765387, 104.168858495529, 120.502367175171, 99.4871120462915, 126.82798527091, 108.627038400842, 98.844950920926, 107.088374539716];"[101.35337953  90.83974609 120.73368192 105.52711977  98.64854023
  99.70847031 108.57956536 122.30786456]";1998-02-01;1998-03-22
107;8;CWT_rf_normal;0.16323771295325273;28.571428571428573;0.17435658354884415;19.98776147907922;0.17427191436232264;18.07245469160631;[102.111678004535, 114.980158730159, 120.734126984127, 108.262471655329, 80.3146258503402, 132.8089569161, 115.008503401361, 105.243764172336];"[101.50426293 100.13593945  91.21326774  92.98374185  98.8567783
 107.63440564  88.8622973   90.77825987]";1998-03-29;1998-05-17
101;8;CWT_rf_normal;0.6098146940255736;57.142857142857146;0.42547137282010744;83.66312804478538;0.42534872398320356;74.24729462573734;[151.686507936508, 137.301587301587, 146.584467120181, 130.654761904762, 142.602040816327, 85.1615646258504, 157.993197278912, 140.646258503401];"[165.32962    174.46874285 207.41420014 214.78854806 233.83298204
 237.29558916 245.27129528 208.20776497]";1998-02-01;1998-03-22
104;8;CWT_rf_normal;0.148474241483279;42.857142857142854;0.1578364723584441;24.229413039894585;0.15776873200460456;18.650664699124178;[124.957482993197, 117.715419501134, 166.666666666667, 103.954081632653, 90.9863945578231, 102.536848072562, 105.47052154195, 121.329365079365];"[105.71964454  98.25875325 110.67483196 110.00037144 112.37367134
 110.10717847 109.26687609 105.61063844]";1997-12-07;1998-01-25
98;8;CWT_rf_normal;0.08374324056665479;57.142857142857146;0.0895792932171307;12.619093242713058;0.08953931908922969;10.040039141895962;[126.459758022094, 104.997369805366, 111.822724881641, 100.3287743293, 119.082062072593, 112.980010520779, 115.912677538138, 122.501315097317];"[108.00363763 105.28951792 108.20483098 100.60325948 101.04607241
 105.18765168 103.64645247 102.91622311]";1998-02-01;1998-03-22
107;8;CWT_rf_normal;0.161929383726377;57.142857142857146;0.16578689336122215;18.438634143090432;0.16570309249625337;16.56542724302657;[124.263038548753, 108.106575963719, 106.264172335601, 113.647959183673, 119.982993197279, 104.109977324263, 71.5986394557823, 86.9472789115646];"[94.93245018 98.76321901 92.41454335 96.12207383 95.27256888 98.8798566
 95.15041634 95.92891527]";1998-02-01;1998-03-22
110;8;CWT_rf_normal;0.1152660977837946;85.71428571428571;0.12402098966752935;19.101958170956358;0.12396585066296262;14.100254232609915;[108.534981588638, 114.742240925828, 151.196738558653, 124.105733824303, 93.0168332456601, 95.0420831141505, 95.2788006312467, 102.774855339295];"[ 98.14021216  98.98838435 105.45719078 106.87268001  96.72316575
 102.59792875 105.08116205 105.39112206]";1997-12-07;1998-01-25
107;8;CWT_rf_normal;0.16696990187444088;57.142857142857146;0.15274333961255643;19.412425562104257;0.1526755148303136;17.2676214581947;[119.869614512472, 127.040816326531, 137.65589569161, 112.372448979592, 101.955782312925, 98.6961451247164, 91.312358276644, 95.3798185941043];"[126.26226066 119.12564871 120.04238882 117.4820228  127.33831267
 124.80339142 119.11672694 117.19575048]";1997-12-07;1998-01-25
101;8;CWT_rf_normal;0.317649869658545;42.857142857142854;0.2809596964405639;62.54960791463128;0.28088622402604635;54.92409332167;[210.246598639456, 241.992630385488, 305.442176870748, 201.842403628118, 152.140022675737, 140.334467120181, 143.197278911565, 132.582199546485];"[229.6648927  202.62101245 201.024735   196.02206567 214.81429815
 205.07918054 207.64097814 211.08456617]";1997-12-07;1998-01-25
98;8;CWT_rf_normal;0.21540713403364942;42.857142857142854;0.19660899896284947;26.378100729137184;0.19652299263431647;22.55376258363048;[116.885849552867, 120.370857443451, 145.213045765387, 97.0673329826407, 93.8979484481852, 97.9221462388217, 99.7369805365597, 95.1031859350789];"[116.50118396 106.46216793 110.21604168 140.4327192  125.13635916
 108.78244064 114.49488762 126.020929  ]";1997-12-07;1998-01-25
104;8;CWT_rf_normal;0.08708558463704591;57.142857142857146;0.08846980342542109;10.999487283601276;0.0884293416673092;9.701137171471782;[118.579931972789, 100.637755102041, 92.4886621315194, 113.151927437642, 105.895691609977, 103.1320861678, 120.578231292517, 126.020408163265];"[110.96912081 112.0025787  103.39278593 104.97979552 108.89604185
 106.91163582 108.35367563 105.46765681]";1997-10-12;1997-11-30
110;8;CWT_rf_normal;0.11133693070345926;42.857142857142854;0.10339535136270869;12.790011555963881;0.10334520575887987;10.687855898961637;[95.8837453971595, 84.4423987375066, 107.285639137296, 109.771173066807, 94.7418472912574, 106.174068785852, 119.568648079958, 100.252105050332];"[109.62130405 108.80174612 114.95568956 109.30158479 109.49149207
 108.78550991 109.88799764 112.47667115]";1997-10-12;1997-11-30
107;8;CWT_rf_normal;0.23207916971843798;28.571428571428573;0.20106927409313696;31.482160006054897;0.20099522650990997;27.385408183352098;[127.820294784581, 115.532879818594, 131.618480725624, 170.436507936508, 126.516439909297, 115.051020408163, 108.531746031746, 110.445011337869];"[126.1072536  142.53819251 163.23707868 155.48713041 141.60611877
 146.78206211 161.3105142  154.64245872]";1997-10-12;1997-11-30
101;8;CWT_rf_normal;0.17955568187709278;42.857142857142854;0.17740072980368382;32.29508755559591;0.17734352554537902;28.103822819371423;[139.795918367347, 115.419501133787, 152.791950113379, 129.790249433106, 152.395124716553, 138.74716553288, 196.230158730159, 223.922902494331];"[135.1004915  146.42425292 171.59652072 174.90883226 122.18392999
 132.54610256 158.06550053 173.29256793]";1997-10-12;1997-11-30
98;8;CWT_rf_normal;0.3452182828127531;57.142857142857146;0.28649372670197804;44.60129754530674;0.2863818874217007;37.81729655536956;[94.0163072067333, 111.401893740137, 99.6843766438717, 117.977380326144, 107.653866386112, 96.258235014153, 106.404523934771, 123.513940031562];"[124.21396761  97.6803388  133.89574067 168.6689594  125.441216
 132.35129827 132.59881316 217.15545193]";1997-10-12;1997-11-30
