DATA;MCPM;UF;PRODUCT;MODEL;PARAMS;WINDOW;HORIZON;RMSE;MAPE;POCID;PBE;MASE;P1;P2;P3;P4;P5;P6;P7;P8;P9;P10;P11;P12
normal;6394.81703976681;AP;gasolinac;arima;{'p': 15, 'd': 3, 'q': 11};12;12;810.2835425945744;0.043175384066133055;81.81818181818181;0.40193979086805065;1.0653221275994789;15747.467416206453;15205.624868335022;16208.54957411807;16085.756893826245;17030.676529674;17672.800232508373;17470.089870680273;17430.621756906075;16971.514252242312;17296.897869439614;16057.907004727056;15640.991476461322
log;5772.77945789009;AP;gasolinac;arima;{'p': 15, 'd': 3, 'q': 20};12;12;731.6567206993683;0.038426444074865555;81.81818181818181;0.07268378870203203;0.9482538289048151;16077.092413910177;15433.630654719496;16321.004788730615;16031.058434205841;16903.618490241417;18063.569514250907;17210.60338237145;17924.301611423904;17050.065095474227;16953.394071543484;15915.034526959067;15592.789724980865
deseasonal;2755.339433793576;AP;gasolinac;arima;{'p': 14, 'd': 3, 'q': 23};12;12;697.2886265737944;0.03425402309829808;90.9090909090909;0.6181577358397664;0.843094498593072;15323.641417799534;15295.871763323301;16865.68647662159;16360.521847863814;17243.953970094117;17931.285408311294;17187.875483260403;17604.67726774785;16458.230036983434;16981.33700051154;15726.327469523701;15407.872627796487
