DATA;MCPM;UF;PRODUCT;MODEL;PARAMS;WINDOW;HORIZON;RMSE;MAPE;POCID;PBE;MASE;P1;P2;P3;P4;P5;P6;P7;P8;P9;P10;P11;P12
normal;85371.3292577536;DF;gasolinac;arima;{'p': 14, 'd': 3, 'q': 2};12;12;10779.267299764871;0.10835536447891787;81.81818181818181;-7.958375343704938;1.0439960382766467;89287.2234463686;88789.00852485582;93911.15539255156;87041.0428963436;91649.73767680359;95836.9419026614;94558.37549812222;94641.02333856498;92148.11599966345;98891.17401005904;89688.7605667668;93159.83769350684
log;119547.23431146724;DF;gasolinac;arima;{'p': 14, 'd': 3, 'q': 2};12;12;10085.465922871637;0.10129304681735281;72.72727272727273;-7.062214529805214;0.9761815128358677;89272.12267659801;88518.96918248775;93429.96274650791;86269.94403058766;90999.4738546484;95046.45398411693;93847.52166634655;93710.02693241698;91159.87771277521;97777.3050919052;88314.34996108337;92045.59666955449
deseasonal;73805.70317236465;DF;gasolinac;arima;{'p': 10, 'd': 3, 'q': 5};12;12;9327.239801599333;0.09210843569201264;81.81818181818181;-7.768831850694978;0.8860098659205515;92371.31734891438;90209.41088576044;94579.26734585443;90341.46310485787;91549.43276715043;93832.87983127413;92252.15226898654;95377.73388065337;92426.94258483901;99108.76475165319;86434.8099881173;89170.08325503155
