DATA;MCPM;UF;PRODUCT;MODEL;PARAMS;WINDOW;HORIZON;RMSE;MAPE;POCID;PBE;MASE;P1;P2;P3;P4;P5;P6;P7;P8;P9;P10;P11;P12
normal;17811.890709285464;RR;gasolinac;arima;{'p': 13, 'd': 3, 'q': 1};12;12;1129.390513281262;0.056661728931694265;63.63636363636363;-4.978682475657767;0.9940060028331825;15351.740226500006;15712.339972929522;16081.437172392622;15798.30607454153;16118.019873497527;16797.041448934084;17015.789623433935;16244.381273792906;15808.008986909053;16191.593033263904;15577.449156538865;15521.38191130449
log;18673.084605088778;RR;gasolinac;arima;{'p': 14, 'd': 3, 'q': 3};12;12;1183.804653912378;0.062450182939358306;63.63636363636363;-5.960951741983914;1.0991091406388311;15634.195761356194;15680.922966150341;16308.160809882434;15827.701078432894;16068.772216375652;16777.860139309654;16935.30332791801;16512.490211301265;16000.970242481362;16444.264347490313;15958.597374880404;15866.799538184765
deseasonal;10286.632810896668;RR;gasolinac;arima;{'p': 22, 'd': 3, 'q': 1};12;12;1301.3451035610547;0.0721022234483784;81.81818181818181;-6.646043557890496;1.2888958645502042;15450.310672614916;15193.709427468635;15835.211956084055;15571.478488678924;15967.46938376628;16356.167186346463;16973.20221122901;17032.430009899435;16504.415666290835;17577.95028096027;16599.044666062302;16209.061106267525
