DATA;MCPM;UF;PRODUCT;MODEL;PARAMS;WINDOW;HORIZON;RMSE;MAPE;POCID;PBE;P1;P2;P3;P4;P5;P6;P7;P8;P9;P10;P11;P12
combination;465801.68719989527;MT;oleodiesel;SARIMA_MEDIAN;"{'normal': ""{'p': 2, 'd': 1, 'q': 3, 's': 12}"", 'deseasonal': ""{'p': 2, 'd': 1, 'q': 4, 's': 12}"", 'log': ""{'p': 2, 'd': 1, 'q': 2, 's': 12}"", 'deseasonal-log': ""{'p': 2, 'd': 1, 'q': 4, 's': 12}""}";12;12;32187.522941998443;0.08707051580020608;66.66666666666667;7.106002789038168;323979.88344581;257551.31054756895;276350.8008435727;329295.4530891634;353816.7021902837;330050.0082764799;315664.8945702348;329639.056700753;272073.6846826549;252524.25204715735;299226.91606471164;348836.86492196354
