DATA;MCPM;UF;PRODUCT;MODEL;PARAMS;WINDOW;HORIZON;RMSE;MAPE;POCID;PBE;P1;P2;P3;P4;P5;P6;P7;P8;P9;P10;P11;P12
combination;10299.232268118552;DF;oleodiesel;SARIMA_MEDIAN;"{'normal': ""{'p': 2, 'd': 1, 'q': 2, 's': 12}"", 'deseasonal': ""{'p': 2, 'd': 1, 'q': 2, 's': 12}"", 'log': ""{'p': 2, 'd': 1, 'q': 2, 's': 12}"", 'deseasonal-log': ""{'p': 2, 'd': 1, 'q': 2, 's': 12}""}";12;12;950.5291589040721;0.02237669369270752;75.0;1.0078106425566364;33430.37456499813;31455.615178391716;33290.13557814203;31929.5306066205;32267.726556970614;34813.89045143379;33527.68599926043;34684.90081517078;31551.597490317952;31908.405203820643;27858.913889961972;28340.36868060701
