DATA;MCPM;UF;PRODUCT;MODEL;PARAMS;WINDOW;HORIZON;RMSE;MAPE;POCID;PBE;P1;P2;P3;P4;P5;P6;P7;P8;P9;P10;P11;P12
combination;343834.49366780225;MG;oleodiesel;SARIMA_MEDIAN;"{'normal': ""{'p': 2, 'd': 1, 'q': 2, 's': 12}"", 'deseasonal': ""{'p': 2, 'd': 1, 'q': 2, 's': 12}"", 'log': ""{'p': 3, 'd': 1, 'q': 2, 's': 12}"", 'deseasonal-log': ""{'p': 2, 'd': 1, 'q': 2, 's': 12}""}";12;12;47455.978717247526;0.06569617633741;83.33333333333333;6.144380488581;635954.9957257134;624418.4255187027;638959.2805583365;649170.8258387458;679583.445918893;697383.3583955127;677168.4428921576;693737.5014470611;635767.7913768745;603261.0040087322;575849.6111712452;571176.6120314894
