DATA;MCPM;UF;PRODUCT;MODEL;PARAMS;WINDOW;HORIZON;RMSE;MAPE;POCID;PBE;P1;P2;P3;P4;P5;P6;P7;P8;P9;P10;P11;P12
combination;224508.92487684713;PA;oleodiesel;SARIMA_MEDIAN;"{'normal': ""{'p': 2, 'd': 1, 'q': 2, 's': 12}"", 'deseasonal': ""{'p': 2, 'd': 1, 'q': 2, 's': 12}"", 'log': ""{'p': 2, 'd': 1, 'q': 2, 's': 12}"", 'deseasonal-log': ""{'p': 2, 'd': 1, 'q': 2, 's': 12}""}";12;12;15531.181488028751;0.04979938407476106;66.66666666666667;4.63050711881265;225670.16549036148;222477.12479826238;230698.69808010853;239353.20802766594;250822.3219262896;257734.82699209987;250317.68800238447;254333.69383415714;242786.64667685374;238534.3886128656;222831.62189361622;216802.28785262373
