DATA;UF;PRODUCT;MODEL;PARAMS;WINDOW;HORIZON;RMSE;MAPE;POCID;PBE;MASE;P1;P2;P3;P4;P5;P6;P7;P8;P9;P10;P11;P12
normal;RR;etanolhidratado;knn_rf_deepar_svr_catboost_arima;{};12;12;156.42843886528627;0.4046782749824309;45.45454545454545;35.21892801275706;1.2928218714112214;-11.28319700644785;97.02106264524662;171.02404540446514;184.83698021873528;268.06871984258845;333.3124932323702;273.6667464682397;237.42420135323425;255.91599025177302;176.6369333656356;182.58751318547297;132.1568233285279
deseasonal;RR;etanolhidratado;knn_rf_deepar_svr_catboost_arima;{};12;12;158.77323666093653;0.46308479852215556;36.36363636363637;15.057934228405395;1.4094395547889638;59.868692484944546;95.71699949023485;159.1114475764248;167.6253117042611;321.3872517682033;434.217980142321;393.47444538959985;343.5088915105977;353.5293291915973;319.84155836081266;250.19676793012604;119.11539244782199
log;RR;etanolhidratado;knn_rf_deepar_svr_catboost_arima;{};12;12;166.1648464280816;0.3936192629044813;45.45454545454545;31.332254994717857;1.2964671332254198;55.58015338164429;162.80366235322776;238.4345819763407;259.12070305780975;330.2910379483484;356.607340432802;267.2251132627919;246.12624995004387;229.44207197823488;142.11623410053238;109.60443486863099;42.09203168064302
