DATA;UF;PRODUCT;MODEL;PARAMS;WINDOW;HORIZON;RMSE;MAPE;POCID;PBE;MASE;P1;P2;P3;P4;P5;P6;P7;P8;P9;P10;P11;P12
median;AM;oleodiesel;knn_rf_deepar_svr_catboost_arima;{};12;12;16398.057810451806;0.1864625519760693;63.63636363636363;-12.989626497558964;1.0419418233357856;81842.31301000292;84390.9563096219;85478.47929434213;85720.13543930642;86801.39217502624;88792.40360403579;90588.76181844671;92274.74580247188;88219.00093382673;88022.08906349828;86778.31503241509;84188.5533019843
mean;AM;oleodiesel;knn_rf_deepar_svr_catboost_arima;{};12;12;16302.84849441044;0.1827983072875861;63.63636363636363;-12.478405645512392;1.0179924902616686;80099.72998335455;82973.8913231403;84885.08463996724;85460.93519750502;86856.5457823878;89743.51567201068;90474.70938840455;91297.42385971276;89382.87480860262;88327.74434836037;85396.25607816354;83478.94824991951
softdtw_barycenter;AM;oleodiesel;knn_rf_deepar_svr_catboost_arima;{};12;12;16453.725315189095;0.18832739496381978;54.54545454545455;-12.186980096299266;1.0600320311024274;79385.70095315095;83637.61783416063;86377.27595927847;86516.677109734;86515.00148717068;86604.2124668367;88620.6121581882;93455.29947926184;88027.26396467611;87355.36037280971;87131.32096061601;82060.93545937826
DBA_subgradient;AM;oleodiesel;knn_rf_deepar_svr_catboost_arima;{};12;12;16482.048933632355;0.1867843838421104;63.63636363636363;-12.31236280693267;1.0462356296458963;79502.96175909336;83625.66165548017;85608.93082077807;86334.11710549064;86558.39721120159;87957.51050592525;88688.740749507;93378.28283596093;88513.30261636387;87667.8645004356;86955.34718078833;82053.66883060892
DBA;AM;oleodiesel;knn_rf_deepar_svr_catboost_arima;{};12;12;16430.846289034158;0.18672142985027299;63.63636363636363;-12.318289084174864;1.0471448518958164;79436.26152247279;83691.56040274767;86004.49539316035;86357.11267440552;86871.62732879062;87676.70331313775;88725.93335157713;93437.10339652115;88056.19042954766;87557.43095097612;87017.2425693491;82067.83461959082
EBA_twe;AM;oleodiesel;knn_rf_deepar_svr_catboost_arima;{};12;12;17094.714825768075;0.18373823670186487;72.72727272727273;-12.591597982898033;1.0076933134822255;80194.85805725792;81365.9280219827;82038.39160349664;84551.22585708118;87079.50117918428;90646.05490894939;90544.29124046511;92743.98345072204;91202.82902990085;89738.6051602177;87272.74062236241;82044.21873119455
