DATA;UF;PRODUCT;MODEL;PARAMS;WINDOW;HORIZON;RMSE;MAPE;POCID;PBE;MASE;P1;P2;P3;P4;P5;P6;P7;P8;P9;P10;P11;P12
median;RN;oleodiesel;knn_rf_deepar_svr_catboost_arima;{};12;12;2051.641118919456;0.03817725775652765;72.72727272727273;1.5079361439957126;0.9503194759658438;36249.715798400095;35304.14952877986;36950.67213910697;37510.21524134562;38205.152451022645;40078.88939231055;40658.26874647428;41760.88092258503;41572.77342975817;41510.01885451042;39958.35876694206;37862.14797414503
mean;RN;oleodiesel;knn_rf_deepar_svr_catboost_arima;{};12;12;2123.6299124675547;0.039001155397441596;63.63636363636363;1.954386760153334;0.9752632019452679;36205.446652810155;35156.89002871243;36438.03835375049;37158.20365336731;38384.281337979766;40010.0025930535;40614.006747746615;41495.69540407079;41622.26305844764;41370.91973234915;39602.95464012855;37442.87998600328
softdtw_barycenter;RN;oleodiesel;knn_rf_deepar_svr_catboost_arima;{};12;12;2042.7670862561663;0.038511997790812734;54.54545454545455;1.7474369182898002;0.9716670864190355;36197.43656889052;34842.411434346046;37214.294713950796;37858.534705688515;38094.79500805475;39723.98142741659;40860.09948380601;40717.935953928514;42320.92460889904;41401.56317683634;39918.20546211237;37333.95741161287
DBA_subgradient;RN;oleodiesel;knn_rf_deepar_svr_catboost_arima;{};12;12;2053.4505511082302;0.03863875221083409;63.63636363636363;1.7626198243719333;0.9738346622733228;36201.039323565776;34823.39038589791;36972.23276835604;37560.03489328001;38247.839852961566;39832.82218281421;40793.098413686734;41061.14208009651;42386.97535244402;41333.23257538607;39862.08321544909;37338.1634141517
DBA;RN;oleodiesel;knn_rf_deepar_svr_catboost_arima;{};12;12;2033.617672192047;0.037721641759930806;63.63636363636363;1.6871713504570895;0.9517571106059226;36197.06773222639;34815.48213195792;37094.61444010073;38015.57782815333;38198.05736541633;39815.55418411378;40794.25054061316;40909.17920319057;42378.75600342435;41345.70715004628;39880.30884156823;37325.71377856583
EBA_twe;RN;oleodiesel;knn_rf_deepar_svr_catboost_arima;{};12;12;2358.410813705386;0.043724321729972405;63.63636363636363;2.1331134852807394;1.0905859983333297;36162.94568532733;35711.003379289126;36105.61030076003;36746.801360319136;37770.23418779077;39391.96803618641;40335.29381806402;41609.50420229746;41876.780547925264;41590.56703205095;40064.12861878621;37288.18514451017
