DATA;UF;PRODUCT;MODEL;PARAMS;WINDOW;HORIZON;RMSE;MAPE;POCID;PBE;MASE;P1;P2;P3;P4;P5;P6;P7;P8;P9;P10;P11;P12
mean;PE;oleodiesel;knn_rf_deepar_svr_catboost_arima;{};12;12;8812.803737407265;0.04910190370202291;72.72727272727273;2.8801808369836905;1.265197432942257;120064.75386428184;115997.9704610379;118031.06888266535;118472.63925744136;121651.34611860957;127982.27035022805;133639.35711205186;138696.9874162941;136595.03162298066;134427.53584227277;128861.78920579139;124437.07295494882
