DATA;UF;PRODUCT;MODEL;PARAMS;WINDOW;HORIZON;RMSE;MAPE;POCID;PBE;MASE;P1;P2;P3;P4;P5;P6;P7;P8;P9;P10;P11;P12
mean;SC;oleodiesel;knn_rf_deepar_svr_catboost_arima;{};12;12;11820.299673128717;0.037584084362578575;54.54545454545455;2.4998745255441457;0.8507888306546029;254883.19161305064;247923.2183727734;248404.4533284069;242337.483939002;249412.36358699898;253898.32277660066;247931.55749513276;250991.77367002596;249831.7021979168;244662.091627537;241855.43200970616;240194.53519142102
