DATA;UF;PRODUCT;MODEL;PARAMS;WINDOW;HORIZON;RMSE;MAPE;POCID;PBE;MASE;P1;P2;P3;P4;P5;P6;P7;P8;P9;P10;P11;P12
median;AC;oleodiesel;knn_rf_deepar_svr_catboost_arima;{};12;12;1246.5561656174746;0.08185254829737358;72.72727272727273;-2.8917136755514155;1.1806499171602398;12485.610790120065;12122.940904048384;12740.569473184041;13410.535006413149;14383.014789881381;14994.71208071948;15598.559867460024;15534.274060106129;14659.324536381384;14081.26932075133;13892.900845821703;12283.280152171257
mean;AC;oleodiesel;knn_rf_deepar_svr_catboost_arima;{};12;12;1349.514395826183;0.08774578174429194;72.72727272727273;-2.7557562614207156;1.2608458697631406;12009.063128188214;12278.286766818383;12788.094892839179;13312.650185230981;14193.128126340145;14872.980117190644;15420.677783560137;15597.222803028271;14831.528748296736;14209.802272119763;13687.670584604422;12766.292898004454
softdtw_barycenter;AC;oleodiesel;knn_rf_deepar_svr_catboost_arima;{};12;12;1339.5539446702796;0.08770470536867263;63.63636363636363;-3.2947897217452193;1.246163948674167;11978.137676597358;12989.193831115237;13553.082579778114;13582.693485468511;13801.008537098074;14739.251607807995;15131.040122588156;15766.924474043397;14585.735189104213;13880.286401160773;14112.829432936578;12717.84240843449
DBA_subgradient;AC;oleodiesel;knn_rf_deepar_svr_catboost_arima;{};12;12;1359.5885922557202;0.08953484161842586;72.72727272727273;-3.1032738549711816;1.2810950763846052;11926.408763313319;12622.68360862385;13088.849635041344;13514.888850899382;14069.569402330126;14824.188430489923;15289.363441124053;15763.679982075393;14603.580417661664;14214.344571859277;13916.859857846348;12694.279251425995
DBA;AC;oleodiesel;knn_rf_deepar_svr_catboost_arima;{};12;12;1334.0351357656903;0.08697127622223762;72.72727272727273;-3.159509482993806;1.2406564350949179;11923.74816488746;12692.225098199095;13461.28850306871;13578.126990318868;13846.4257064981;14761.05120447143;15135.79395981361;15770.468406733055;14597.962648934774;14230.365007001557;13927.513524675049;12694.556759988502
EBA_twe;AC;oleodiesel;knn_rf_deepar_svr_catboost_arima;{};12;12;1391.7573133204046;0.09268342900686537;72.72727272727273;-3.212773231167127;1.326203602693712;12003.028778840073;12775.358429807771;12820.839647724177;13370.89447039492;14198.392635595717;14855.978895596787;15430.467546281265;15745.933256762306;14707.726169528642;14106.722148206492;13974.192095476581;12716.021588930093
