DATA;UF;PRODUCT;MODEL;PARAMS;WINDOW;HORIZON;RMSE;MAPE;POCID;PBE;MASE;P1;P2;P3;P4;P5;P6;P7;P8;P9;P10;P11;P12
mean;MT;glp;knn_rf_deepar_svr_catboost_arima;{};12;12;1903.2760190353463;0.06380066248659712;45.45454545454545;1.1880614168499968;0.5935048679671585;19068.989423867333;17224.45810590777;18216.97602358583;18284.20806189963;18707.565121276275;18691.97974503666;18024.62379845059;17790.977252381028;18222.8361281727;18584.62723893417;17972.575515109354;17843.068482112347
