DATA;UF;PRODUCT;MODEL;PARAMS;WINDOW;HORIZON;RMSE;MAPE;POCID;PBE;MASE;P1;P2;P3;P4;P5;P6;P7;P8;P9;P10;P11;P12
mean;MG;glp;knn_rf_deepar_svr_catboost_arima;{};12;12;8405.650283719146;0.057529013643048986;63.63636363636363;-3.233304110486683;0.8579278512198577;113971.18185396776;108985.91788096048;116758.8322703377;120774.59475943175;123073.9487424824;124846.06491713841;112471.57532377314;114013.1755800202;112804.37652636792;111462.91041556088;106669.7964776906;105404.6614861775
