DATA;UF;PRODUCT;MODEL;PARAMS;WINDOW;HORIZON;RMSE;MAPE;POCID;PBE;MASE;P1;P2;P3;P4;P5;P6;P7;P8;P9;P10;P11;P12
mean;RO;glp;knn_rf_deepar_svr_catboost_arima;{};12;12;532.9222375392098;0.0501238247855554;54.54545454545455;-1.2251717778037081;0.9921652689281091;7824.983311409148;7488.714021226662;7714.125142915163;7635.278616056722;7703.821569263327;7821.907920801396;7843.575384773422;7872.379838835811;7654.218549252754;8029.949156537688;7890.491937474185;7522.169533476198
