DATA;MCPM;UF;PRODUCT;MODEL;PARAMS;WINDOW;HORIZON;RMSE;MAPE;POCID;PBE;P1;P2;P3;P4;P5;P6;P7;P8;P9;P10;P11;P12
arima-median;1432.8733962868034;TO;gasolinadeaviacao;ARIMA_MEAN;"{'normal': ""{'p': 3, 'd': 1, 'q': 3}"", 'deseasonal': ""{'p': 10, 'd': 0, 'q': 5}"", 'log': ""{'p': 4, 'd': 1, 'q': 3}"", 'deseasonal-log': ""{'p': 11, 'd': 0, 'q': 13}""}";12;12;43.627320826536106;0.312156609414594;25.0;-0.41674880022392147;105.67246126579394;109.77984880022271;122.59502506943554;119.35466070138031;132.668472259307;129.62685524002302;139.5641682043012;128.53481001898695;127.4218602908953;135.5920013903566;129.54846606448672;129.56183069932973
