DATA,MCPM,UF,PRODUCT,MODEL,PARAMS,WINDOW,HORIZON,RMSE,MAPE,POCID,PBE,P1,P2,P3,P4,P5,P6,P7,P8,P9,P10,P11,P12
normal_deseasonal_log_deseasonal-log,672.0455109058826,RO,gasolinadeaviacao,ARIMA_MEAN,"{'normal': ""{'p': 14, 'd': 1, 'q': 5}"", 'deseasonal': ""{'p': 8, 'd': 1, 'q': 5}"", 'log': ""{'p': 11, 'd': 0, 'q': 13}"", 'deseasonal-log': ""{'p': 2, 'd': 0, 'q': 4}""}",12,12,25.51183193929788,0.7613131878285705,41.666666666666664,-4.0582108024021055,54.554633576821075,26.104595072221894,38.44920660746689,45.05143717527709,50.49575974825405,52.17925059513825,67.60995062777275,44.63391531080953,48.25705973225733,51.2604960780496,44.599643948145385,34.96917252554698
