DATA;MCPM;UF;PRODUCT;MODEL;PARAMS;WINDOW;HORIZON;RMSE;MAPE;POCID;PBE;P1;P2;P3;P4;P5;P6;P7;P8;P9;P10;P11;P12
seasonal;359.06333019854384;MT;oleocombustivel;ARIMA;{'p': 9, 'd': 1, 'q': 16};12;12;18.417553255393425;1.0289421940926802;58.333333333333336;129.81612526512941;-0.9701054088945154;47.08036171786492;-18.39080728173379;26.562616287799894;-1.98898471761358;-4.015386800281587;-29.54347405340509;-18.37164229417904;6.893865485823566;-35.37866883270628;-1.3032838751926263;28.53702355030735
trend;575.2478514699787;MT;oleocombustivel;ARIMA;{'p': 8, 'd': 1, 'q': 11};12;12;18.642474869888012;1.0039527775408565;33.333333333333336;-81.55541981823893;39.19019664696958;38.919384310486315;38.793989203743344;38.795623415163476;38.85084499760311;38.94547236810724;39.07513076093939;39.1696147498945;39.22097979318063;39.16318384568831;39.12305112067079;39.12381550429744
resid;423.34485725789045;MT;oleocombustivel;ARIMA;{'p': 2, 'd': 1, 'q': 14};12;12;18.169204842520926;1.0153092914225803;50.0;-6090.456643909697;2.3977666204200188;0.7203244826342614;0.9733912807471603;-1.8043778544027451;4.802656878171253;0.4308583246606026;-0.13318211816600733;3.9577824610263943;7.36881321853614;-1.060504169295268;6.579904441979066;2.514371525919943
seasonal_trend;649.0739480332984;MT;oleocombustivel;ARIMA;{'p': 24, 'd': 0, 'q': 20};12;12;29.829192913443446;3.5818722640421448;58.333333333333336;-108.48590446381748;43.48187247994078;90.63347685014818;33.94467628847844;59.745512114771586;42.518478551537335;40.45949565816332;16.91565550533851;30.782935334246318;73.08201105169687;11.907806701095911;41.00820918884055;59.57826250352532
