DATA;MCPM;UF;PRODUCT;MODEL;PARAMS;WINDOW;HORIZON;RMSE;MAPE;POCID;PBE;P1;P2;P3;P4;P5;P6;P7;P8;P9;P10;P11;P12
seasonal;76.38594542785837;RO;oleocombustivel;ARIMA;{'p': 7, 'd': 0, 'q': 18};12;12;4.167727022547798;0.9994797528307156;66.66666666666667;100.4334279918847;0.0016605129946325144;0.0017713224181472224;0.001565577742677348;-4.257592306623802e-06;-0.00021300152960387008;0.0005649550717062104;0.002333946764208409;0.0016041928842983968;1.4207345377213396e-05;-0.0034045129394523026;-0.006489956014797355;-0.00828603977478845
trend;341.7471756863574;RO;oleocombustivel;ARIMA;{'p': 17, 'd': 1, 'q': 8};12;12;9.39892954897398;0.9989650317458034;25.0;99.9372269848944;0.007409917449686758;0.00740989932230356;0.007051567642696873;0.006441943773643157;0.005672675434176399;0.004908868333936476;0.004339902089359761;0.0040600838508463915;0.003992856889410732;0.004028415351806116;0.004130929720960488;0.004334055497755108
resid;102.18549600587752;RO;oleocombustivel;ARIMA;{'p': 24, 'd': 0, 'q': 17};12;12;2.5039996354594964;0.9983131458185711;33.333333333333336;99.34007103911316;0.0035023248226962525;-0.0013070352724264065;-0.005103085327326806;-0.006057971239533681;-0.005303932841988676;-0.004403508138927093;-0.0036852188763837205;-0.0021697208740417955;-0.004162894006553302;-0.0029459759821861137;-0.0010420448761775476;0.0011645987490244336
seasonal_trend;349.3615375944329;RO;oleocombustivel;ARIMA;{'p': 10, 'd': 1, 'q': 7};12;12;10.9396500743495;0.998706154301911;33.333333333333336;99.97451886816116;0.006140650343974692;0.005412110715864622;0.006319019051634158;0.005572801596026049;0.002066966926454353;0.000389078898480827;0.0006616024707158964;1.1227706476607188e-05;-0.0004705238939218296;0.0009118262320925678;-0.0003480631054735726;-0.0002541194598221089
