DATA;MCPM;UF;PRODUCT;MODEL;PARAMS;WINDOW;HORIZON;RMSE;MAPE;POCID;PBE;P1;P2;P3;P4;P5;P6;P7;P8;P9;P10;P11;P12
seasonal;29597.192685330847;SP;oleocombustivel;ARIMA;{'p': 24, 'd': 1, 'q': 12};12;12;1646.1607399782624;8.026086072462714;66.66666666666667;54.091186487779865;-1197.4339142860708;-2187.024879143597;-684.9307815036572;-2316.913775238001;-1791.828942259853;-1461.823347550006;2131.6166295538933;564.844458351995;947.1542595422765;1963.1796854680017;2790.2903680360505;827.8761155075923
trend;71857.19924730159;SP;oleocombustivel;ARIMA;{'p': 11, 'd': 1, 'q': 5};12;12;1805.9311629243043;0.21258634129426254;8.333333333333334;-7.716604844757345;7263.129549130557;7247.195572239008;7430.652302832355;7708.757025756795;8011.143959990659;8300.401829513587;8554.05541485645;8786.458670238808;9005.775503509485;9208.878215237857;9391.518518838642;9550.335832387747
resid;23326.73862966672;SP;oleocombustivel;ARIMA;{'p': 6, 'd': 0, 'q': 3};12;12;895.5570364897973;9.616493911231904;50.0;-249.33334026385728;640.1321213793105;965.1197164454486;1031.1257988400807;1211.5481131281172;1103.1628301051517;906.807251497515;858.7413306308017;660.9482444205642;498.20563759745266;489.27912172021104;351.1956920691538;293.3695518181074
seasonal_trend;74973.01969605897;SP;oleocombustivel;ARIMA;{'p': 9, 'd': 1, 'q': 10};12;12;2950.1092196293635;0.35003757492341103;41.666666666666664;-30.829966813340565;8121.539159338014;8445.466701115509;9423.12218167926;9392.57516630074;9292.06458207107;9755.262050655436;11089.122858841469;11163.1440127876;10652.52859353719;11810.654305678041;11449.67410950436;10236.414091053704
