DATA;MCPM;UF;PRODUCT;MODEL;PARAMS;WINDOW;HORIZON;RMSE;MAPE;POCID;PBE;P1;P2;P3;P4;P5;P6;P7;P8;P9;P10;P11;P12
seasonal;24093.19906148652;GO;oleocombustivel;ARIMA;{'p': 3, 'd': 0, 'q': 3};12;12;712.8860291868044;2.759799749702177;25.0;-257.6148005532637;-139.9029167852318;-320.72505560430295;-239.65091888905272;15.045076560442453;62.95919865552179;-12.28336075287109;-168.7709393991389;-153.48741302733208;-103.07557563710496;-8.853513800872435;-49.11017639645705;-73.55745173305627
trend;15450.81748845776;GO;oleocombustivel;ARIMA;{'p': 4, 'd': 1, 'q': 4};12;12;610.2782319288386;0.12349624169128233;41.666666666666664;-11.944611283657862;5112.823395230819;5109.729020635617;5106.775893152372;5106.132723681004;5106.057557928472;5105.9813426319215;5107.458470654679;5108.337543087812;5109.567495488481;5111.442339284948;5112.428098375243;5114.059786452951
resid;13920.309040125601;GO;oleocombustivel;ARIMA;{'p': 23, 'd': 0, 'q': 23};12;12;536.6885003781822;1.4129691546033332;41.666666666666664;122.98182987167061;0.7503332146914587;-100.75670989857048;70.28808518827563;23.73953543141132;160.38152266230802;-62.232481530620426;258.64810409485887;-470.9238447895573;186.7308657601714;-14.810941450218518;99.38256839353255;-288.9689331713606
seasonal_trend;25121.482386308966;GO;oleocombustivel;ARIMA;{'p': 19, 'd': 1, 'q': 6};12;12;990.7340318685181;0.21234093675697732;41.666666666666664;-13.22393207332022;4961.032851365531;4762.895313813376;4648.341358007206;5144.281381072415;4979.200101605277;5855.322396420773;5062.632019273186;6111.449515848058;5243.944955639413;5326.601211699651;5406.2150613851645;4132.335331448657
