DATA;UF;PRODUCT;MODEL;PARAMS;WINDOW;HORIZON;RMSE;MAPE;POCID;PBE;MASE;P1;P2;P3;P4;P5;P6;P7;P8;P9;P10;P11;P12
normal;AC;etanolhidratado;catboost;{};12;12;458.0495922265195;1.1276508221657267;72.72727272727273;102.72689725639484;0.8376134475038074;-117.65073824198544;-51.893258457934564;-36.06454613229526;-44.36121542813651;67.26492606230488;91.9271232583267;50.90244075309676;72.71974824138655;24.03668827558979;-15.531379557589744;-37.67157225393653;-129.407567326278
deseasonal;AC;etanolhidratado;catboost;{};12;12;538.0584186886502;0.9823205347042195;36.36363636363637;113.52647626188748;0.9926610485993138;-10.790464622073316;13.207582431533318;77.1321597454872;74.23363599685104;62.97493970561129;-13.247555891676605;11.897133912530911;-40.88997804917092;-113.74945707681141;-213.53621289387718;-245.88365588172516;-219.26764228049808
log;AC;etanolhidratado;catboost;{};12;12;403.80056007437844;0.8707283638803327;54.54545454545455;85.59361844815243;0.6447174991730721;-91.75504630423742;-7.966038516559018;33.19186405237319;89.00312633627856;123.46925654866553;139.9122392678014;128.7310535167933;109.11146319364028;43.24987222760954;84.35837631437178;53.085524622069464;7.874649016004379
