DATA;UF;PRODUCT;MODEL;PARAMS;WINDOW;HORIZON;RMSE;MAPE;POCID;PBE;MASE;P1;P2;P3;P4;P5;P6;P7;P8;P9;P10;P11;P12
normal;PE;etanolhidratado;catboost;{};12;12;5447.40704609494;2.7857599369791273;54.54545454545455;62.59608174596695;0.4966603364149499;-5765.685969559405;-5385.594536343711;-2461.326407314512;295.3280533295215;2385.245235053475;4024.864050304539;4466.393506598973;3840.207592644735;3972.3950694624755;4515.8273300333685;2498.072921671439;1382.198284515568
deseasonal;PE;etanolhidratado;catboost;{};12;12;8432.72187508148;13.345489139400089;18.181818181818183;77.72196249960628;0.7692040328103081;-7582.813811894228;-4974.89270011204;-963.3344898153453;3411.9264530395276;4738.36941242398;8642.631657685284;6487.697712534858;2753.9217774544895;1063.5614133381566;746.492741910278;-2798.5615701086526;-5010.281554927323
log;PE;etanolhidratado;catboost;{};12;12;5874.490733162937;1.340704649969176;54.54545454545455;52.217790986326406;0.5205748595457746;-5656.8528063956455;-5592.079282560444;2122.3856414978404;6249.13926068953;9008.635686653373;7678.579173591417;8419.952208481613;6230.899129802156;3823.2472872242874;909.8715424401314;-3472.128650722986;-5882.112626390386
