DATA;UF;PRODUCT;MODEL;PARAMS;WINDOW;HORIZON;RMSE;MAPE;POCID;PBE;MASE;P1;P2;P3;P4;P5;P6;P7;P8;P9;P10;P11;P12
normal;AM;etanolhidratado;catboost;{};12;12;4948.851230180968;0.8607969848422039;36.36363636363637;88.23515432222585;1.6347358339258213;-456.21848115426224;-1089.594243501694;-367.30448964779816;1426.8087219635136;3438.8763492729695;3841.834853378948;3668.235685756823;2414.2763471763756;234.98493694033178;-1417.669200103458;-1972.7875504808007;-3262.6035849552654
deseasonal;AM;etanolhidratado;catboost;{};12;12;6454.648468878443;1.4518971891066579;45.45454545454545;99.42191449901824;1.5188653263914735;-619.9263901021426;92.09507569165964;1332.9133864534078;3747.589649368483;3435.0519438667634;4229.555717726978;2955.706819017066;-50.84622354258755;-3241.321144389169;-3891.0733789016026;-4063.5630162372036;-3621.130399609706
log;AM;etanolhidratado;catboost;{};12;12;4997.014431117188;0.9322157535327497;45.45454545454545;85.64078150691188;1.5813542637573272;349.6791130840764;-908.6513106718519;467.5461969112973;3104.3236490795484;4506.077016125261;4372.200783347981;3718.4866343448803;1708.0113221523877;324.6973676758152;-333.04333871899195;-3420.424959381021;-5379.262206035182
