DATA;UF;PRODUCT;MODEL;PARAMS;WINDOW;HORIZON;RMSE;MAPE;POCID;PBE;MASE;P1;P2;P3;P4;P5;P6;P7;P8;P9;P10;P11;P12
normal;GO;etanolhidratado;catboost;{};12;12;20171.379024413898;3.580667874399799;45.45454545454545;81.95063787678959;0.47298771706075654;-9818.600849191846;-4630.202285585638;3062.1377433374123;16020.7478966777;20292.118943523685;17380.396474076068;13755.450186889122;8957.817487108096;-3097.1906112682855;-10560.3547509104;-17135.79837796779;-20462.89080241261
deseasonal;GO;etanolhidratado;catboost;{};12;12;25896.826311498262;6.704723335186295;27.272727272727273;198.3824079748319;0.5826970051785529;-14001.36062740837;-9713.802582169283;-3878.988331099601;5186.54937915472;16003.630290873529;20225.29726970145;10786.883806061627;2714.4400006052474;-5893.120722570648;-14956.5708286105;-22197.67514499571;-27444.987867246593
log;GO;etanolhidratado;catboost;{};12;12;17330.101226423314;9.935688943831128;54.54545454545455;41.72946600587053;0.4245950723623565;-6774.376744996473;-11260.53069619347;-1936.4510579313342;9177.967386143226;23499.272350306637;17949.66658840416;20952.70016283416;10321.095464214486;1845.5590756832505;2169.01463371313;-5618.687516172706;-12316.123130386693
