DATA;MCPM;UF;PRODUCT;MODEL;PARAMS;WINDOW;HORIZON;RMSE;MAPE;POCID;PBE;MASE;P1;P2;P3;P4;P5;P6;P7;P8;P9;P10;P11;P12
linear;30437.693216971158;AC;gasolinac;xgb_rf_knn_arima_arma_sarima;{};12;12;965.5690454736705;0.06706966106054017;27.272727272727273;-0.27549200840512683;0.9571404912445535;11663.563943347159;12360.433778539755;12150.977580253246;12490.391227970751;12596.737679284472;13348.488197982615;13656.413448017433;13627.592041950957;13770.1864121033;13406.11570733326;13544.857929508176;12506.868410745312
