DATA;MCPM;UF;PRODUCT;MODEL;PARAMS;WINDOW;HORIZON;RMSE;MAPE;POCID;PBE;MASE;P1;P2;P3;P4;P5;P6;P7;P8;P9;P10;P11;P12
linear;140153.4847334961;MT;gasolinac;xgb_rf_knn_arima_arma_sarima;{};12;12;5080.304659652504;0.0735805189288481;36.36363636363637;0.33479747824245104;0.8334934491851693;55063.099294159954;56242.556790773255;55126.06942696941;58456.807162074314;51992.34566695286;54749.69113403629;56000.84244928692;55109.38391510171;53621.93373505331;52516.87297136544;59007.402758289434;55616.752692427544
