DATA;MCPM;UF;PRODUCT;MODEL;PARAMS;WINDOW;HORIZON;RMSE;MAPE;POCID;PBE;MASE;P1;P2;P3;P4;P5;P6;P7;P8;P9;P10;P11;P12
linear;264595.21444471594;DF;gasolinac;xgb_rf_knn_arima_arma_sarima;{};12;12;9588.72736390335;0.08958756931244986;36.36363636363637;-3.5635368550895308;0.8706094750223977;85990.63953693591;91892.39513740869;84488.47770896624;88291.58549092256;88321.23799639675;91463.98652501173;87416.3494269263;89538.97053769186;92535.93841673358;85543.48345251557;92621.99060665927;86326.93911325849
