DATA;MCPM;UF;PRODUCT;MODEL;PARAMS;WINDOW;HORIZON;RMSE;MAPE;POCID;PBE;MASE;P1;P2;P3;P4;P5;P6;P7;P8;P9;P10;P11;P12
linear;321967.178253828;SC;gasolinac;xgb_rf_knn_arima_arma_sarima;{};12;12;20418.075348376435;0.0525988968654339;63.63636363636363;2.157943805558074;1.1066918169654327;270339.4995219176;268185.3871240926;262772.81085801;251083.93305660327;249767.77280350323;243077.8469639184;239065.39896319236;238077.70112573355;239604.9578598885;243913.4334005427;260706.64168104224;266847.33736504364
