DATA;MCPM;UF;PRODUCT;MODEL;PARAMS;WINDOW;HORIZON;RMSE;MAPE;POCID;PBE;MASE;P1;P2;P3;P4;P5;P6;P7;P8;P9;P10;P11;P12
linear;637972.4181077799;RS;gasolinac;xgb_rf_knn_arima_arma_sarima;{};12;12;26978.297461220063;0.0662413287859522;45.45454545454545;2.3171946988242675;1.1929285454724292;338334.7137585124;325845.25886418356;300359.2724821335;316531.1368343471;297008.4951241632;288868.91062013194;294123.62071575056;294504.8267673235;309443.77257464867;313637.1074963504;331311.0560619973;337426.335296504
