DATA;MCPM;UF;PRODUCT;MODEL;PARAMS;WINDOW;HORIZON;RMSE;MAPE;POCID;PBE;MASE;P1;P2;P3;P4;P5;P6;P7;P8;P9;P10;P11;P12
linear;32965.29423275969;RR;gasolinac;xgb_rf_knn_arima_arma_sarima;{};12;12;1045.876750344162;0.059290270761232076;27.272727272727273;-3.542344234190993;1.058999073786122;15259.323888402392;15605.57686401002;15252.130857739261;15597.880510716403;15171.191537966472;15588.307059126453;16076.914368139596;16056.335911485492;16422.4747284225;16051.13992225302;16553.4049364163;15952.852036693752
