DATA;MCPM;UF;PRODUCT;MODEL;PARAMS;WINDOW;HORIZON;RMSE;MAPE;POCID;PBE;MASE;P1;P2;P3;P4;P5;P6;P7;P8;P9;P10;P11;P12
linear;219878.04635381198;PB;gasolinac;xgb_rf_knn_arima_arma_sarima;{};12;12;6200.590949303658;0.0740988568293099;18.181818181818183;3.5831770287326328;0.931037665239843;65028.015347016066;59128.71751813622;55140.65183919931;56998.899603528145;58860.20349990147;58089.27961327557;59760.306941358285;58625.30347025108;62063.480686680035;62929.448840124045;65203.927205311185;66609.09890816176
