DATA;MCPM;UF;PRODUCT;MODEL;PARAMS;WINDOW;HORIZON;RMSE;MAPE;POCID;PBE;MASE;P1;P2;P3;P4;P5;P6;P7;P8;P9;P10;P11;P12
linear;93181.52056363533;TO;gasolinac;xgb_rf_knn_arima_arma_sarima;{};12;12;2956.385241999315;0.06063430823145428;27.272727272727273;2.2631066673791858;0.8360888649401699;34022.06584078709;33753.64124967652;32193.42690225093;35931.52854856271;33308.23120779955;36240.582619817564;36353.807737395655;35492.156223511476;36141.580508722;35199.77359144567;37280.90673087409;33548.20360763104
