DATA;UF;PRODUCT;MODEL;PARAMS;WINDOW;HORIZON;RMSE;MAPE;POCID;PBE;MASE;P1;P2;P3;P4;P5;P6;P7;P8;P9;P10;P11;P12
normal;GO;gasolinac;rf;{};12;12;26035.271748406212;1.1635947679868375;63.63636363636363;-23.973161140224175;1.534959644176863;10673.55007334834;4074.5286959870773;6970.350062197131;7042.850653385924;17589.767514367726;28363.38906669357;29078.622362511713;25306.442410680425;25394.793815966863;37973.65465022305;33212.31074911613;25246.013039398702
deseasonal;GO;gasolinac;rf;{};12;12;27592.414807199486;12.21204438411852;54.54545454545455;-54.840996771263065;1.4136530799339706;15931.579882240203;9861.69166390357;7868.728233387617;7511.614284133619;7041.591579416614;16893.080410135135;20160.090831204016;19369.390955018956;25860.334006859346;29699.483853890903;26917.12042912092;25402.9935195157
log;GO;gasolinac;rf;{};12;12;32213.891020221927;3.4286806158713556;54.54545454545455;-83.28070959953763;1.3456998582311004;4648.315978178734;6586.560512746073;7075.87448141465;7394.206364870006;17356.712670676035;23780.551417773;24767.353082701196;22339.045133330146;25766.547002958894;32669.600143193366;26932.589866398823;17563.88582091139
