DATA;UF;PRODUCT;MODEL;PARAMS;WINDOW;HORIZON;RMSE;MAPE;POCID;PBE;MASE;P1;P2;P3;P4;P5;P6;P7;P8;P9;P10;P11;P12
normal;RO;gasolinac;rf;{};12;12;3383.2518799979343;2.672036012566517;72.72727272727273;-126.25786438423172;1.674069996811251;1679.8094035780473;2004.6480268539387;3290.9656695395033;2599.195911941687;2368.201122189273;3020.7685458137394;2864.188474378883;2070.755558516021;2329.436291886721;2747.4217410707133;1492.339053224496;1424.0707927512465
deseasonal;RO;gasolinac;rf;{};12;12;2663.247654382772;2.5476185053019607;54.54545454545455;-210.5491657054911;0.8081070218180891;1350.511277851755;1362.0446247163118;1724.6404357535407;1665.8714618508375;1231.1687723988125;1631.2632939671407;2090.9024530637917;1843.4644796474615;2800.2742858731544;2146.663814260013;2807.5699676251515;2381.6143910572964
log;RO;gasolinac;rf;{};12;12;2780.6667639288244;1.2486059117026516;90.9090909090909;-176.3371170151115;0.9537919804535527;707.4657651176868;961.1562394377888;2697.042121185792;2242.1635338635338;2555.394626410118;3728.149493335858;3305.435933269903;2008.1047855501395;1494.5259375026933;1980.619918488896;-664.6126936716148;-1832.4590503798534
