DATA;UF;PRODUCT;MODEL;PARAMS;WINDOW;HORIZON;RMSE;MAPE;POCID;PBE;MASE;P1;P2;P3;P4;P5;P6;P7;P8;P9;P10;P11;P12
normal;SC;gasolinac;rf;{};12;12;18109.181285720417;0.9256825144914648;63.63636363636363;-60.14897752730837;0.8604765822338877;11205.270731784974;17787.815867190497;10968.906173216832;8092.689813180098;7165.987034996095;16426.923961081982;20810.334538718176;13974.055736471248;15757.403079079782;19314.505918175026;1638.7522448014606;2099.0762173745406
deseasonal;SC;gasolinac;rf;{};12;12;14271.784598852606;2.044570763772255;54.54545454545455;-67.2550175651075;0.8401584870392793;11298.81135594366;10218.746684637304;9191.427893311862;6084.095612320468;1909.1021562324077;3548.0837763533527;4042.1913218775235;3825.1627589576674;8786.504539663398;5895.211626450165;10888.538867078296;20288.35475068588
log;SC;gasolinac;rf;{};12;12;16156.532021878162;0.9767261793898302;63.63636363636363;-33.60470205845097;0.8820469865158531;15613.64020559129;16663.8199103894;11038.841223998343;4182.927022786524;4120.834501361953;11021.434373359523;14847.82630936096;5878.500711608776;12049.005590870995;16672.90708402632;4532.381669414526;4607.768641384826
