DATA;UF;PRODUCT;MODEL;PARAMS;WINDOW;HORIZON;RMSE;MAPE;POCID;PBE;MASE;P1;P2;P3;P4;P5;P6;P7;P8;P9;P10;P11;P12
normal;AP;gasolinac;rf;{};12;12;968.14012789313;2.202499633269683;81.81818181818181;-269.44679192226835;0.700858113970015;346.9578533344636;413.5101470668214;1327.9277988057465;588.7270207641806;576.1936202897429;1165.8652241654424;1138.218975977946;511.24794087016335;582.8857591125508;698.54002232904;429.5172225660963;-219.35710756097376
deseasonal;AP;gasolinac;rf;{};12;12;1139.5046307235214;2.833777810082811;45.45454545454545;-405.8384015418732;0.6091970123876801;-319.5842781284316;-374.2071562258237;-261.3193798786216;-100.92101718977801;689.4436435699399;312.48626742166505;250.2276055732134;1178.4760254437888;1838.8438611481442;1608.1363454009906;1111.873190092063;1362.7563456184898
log;AP;gasolinac;rf;{};12;12;1106.357613562704;1.6302053205590514;72.72727272727273;-2209.240147376409;1.053466679634986;-144.0225912910305;-326.672889039595;160.11146008019801;563.3084092669278;577.7673583174111;607.4464070929804;1397.7610925244012;1650.1939082758481;1198.5807111023573;1435.1935622190965;573.5530231226243;-116.38108732345881
