DATA;UF;PRODUCT;MODEL;PARAMS;WINDOW;HORIZON;RMSE;MAPE;POCID;PBE;MASE;P1;P2;P3;P4;P5;P6;P7;P8;P9;P10;P11;P12
normal;RJ;gasolinac;rf;{};12;12;42736.32836049688;1.0038734414676027;18.181818181818183;-26.418976474046747;1.3699557637014448;28988.4598493691;35269.88282531878;23777.857960024507;10428.458685273377;12268.764997617738;7855.369280968414;23964.62229783091;33863.555880761916;39413.861022484554;48365.9712794863;55095.08402595211;57756.844778152445
deseasonal;RJ;gasolinac;rf;{};12;12;38351.59964013711;1.7557176105161696;54.54545454545455;-19.467228409025463;1.492046145461554;39337.34531299425;24208.198692175592;18155.583484936677;14263.374870500855;3842.1797112261374;11805.974381086897;27055.518404907776;37376.09866938296;43197.13992663834;42996.91424790295;44014.37780663192;50500.234012880275
log;RJ;gasolinac;rf;{};12;12;40603.752444625105;11.876993563989343;27.272727272727273;-37.23023975440599;1.4966533277391427;31181.818437893024;31254.50466444368;21012.512034337728;9609.231642843897;11829.195834503196;9456.932771328997;25011.578171548346;25387.238764051846;35672.368450766015;50690.61969173332;54752.994423565135;58474.88137327469
