DATA;MCPM;UF;PRODUCT;MODEL;PARAMS;WINDOW;HORIZON;RMSE;MAPE;POCID;PBE;P1;P2;P3;P4;P5;P6;P7;P8;P9;P10;P11;P12
hybrid1;5129.212301223149;MT;querosenedeaviacao;HYBRID;{'p': 2, 'd': 1, 'q': 2};12;12;706.0986119368541;0.1066711624126279;83.33333333333333;-0.11811409879556095;7679.509575396267;5764.640555845328;4807.029633071448;3721.968966946196;3702.604254439406;3909.992018949732;4094.966940789848;6292.934913008009;6895.975245946234;7762.624754906775;9324.906761508117;7164.991554987727
half-sarima-hybrid1;12143.830768793463;MT;querosenedeaviacao;HYBRID;{'p': 2, 'd': 1, 'q': 2};12;12;837.8774420729216;0.13283557503442636;66.66666666666667;1.5875591655062964;6928.802481016917;5544.133676610113;4631.504457141208;3674.8834816285057;3966.0232330454814;3628.717425152296;4094.966940789848;6292.934913008009;6895.975245946234;7762.624754906775;9324.906761508117;7164.991554987727
half-sarima_mean-hybrid1;14702.83879551436;MT;querosenedeaviacao;HYBRID;{'p': 2, 'd': 1, 'q': 2};12;12;1013.8460570351077;0.15267983633098456;66.66666666666667;5.313356422522102;6545.278886778729;5095.642709980943;4217.087473139938;3272.3839392397663;3429.7471271304244;3167.183858230388;4094.966940789848;6292.934913008009;6895.975245946234;7762.624754906775;9324.906761508117;7164.991554987727
hybrid-deseasonal;8667.156873195248;MT;querosenedeaviacao;HYBRID;{'p': 2, 'd': 1, 'q': 2};12;12;796.6522043757977;0.12126335871357379;75.0;2.309693782455518;7522.369236605401;5747.204315302704;4491.723033262777;3557.7503479161937;3656.2527671672747;3724.505119155331;4124.506590341782;6087.2364645934795;6846.9386360197;7822.241007573572;9217.544731207088;6599.200961505806
half-deseasonal-hybrid;15979.329419442012;MT;querosenedeaviacao;HYBRID;{'p': 2, 'd': 1, 'q': 2};12;12;1101.6824529836415;0.15852830993128805;66.66666666666667;7.105136188162094;6324.903856049755;4926.73519479782;4183.632659736763;3308.9321129988143;3404.456551862308;3144.546606691034;4124.506590341782;6087.2364645934795;6846.9386360197;7822.241007573572;9217.544731207088;6599.200961505806
