DATA;MCPM;UF;PRODUCT;MODEL;PARAMS;WINDOW;HORIZON;RMSE;MAPE;POCID;PBE;P1;P2;P3;P4;P5;P6;P7;P8;P9;P10;P11;P12
hybrid1;11989.077360433486;MA;querosenedeaviacao;HYBRID;{'p': 2, 'd': 1, 'q': 2};12;12;660.786220298012;0.22041191561084217;58.333333333333336;-20.7912068463752;2345.6590455249266;1898.8420942318783;2059.129273832422;2286.0359839310786;2822.973199768271;2881.5012779487397;2924.7957314740997;3281.9585344889224;3114.860776151286;3742.4423059655514;3361.359379020425;2529.4879739749213
half-sarima-hybrid1;9248.486557888325;MA;querosenedeaviacao;HYBRID;{'p': 2, 'd': 1, 'q': 2};12;12;636.689449616641;0.20220679763948798;66.66666666666667;-19.649183383223047;2283.499454031599;2087.819772469673;2183.628042454964;2193.710001819757;2691.456890606219;2539.6727872165798;2924.7957314740997;3281.9585344889224;3114.860776151286;3742.4423059655514;3361.359379020425;2529.4879739749213
half-sarima_mean-hybrid1;9165.592681958802;MA;querosenedeaviacao;HYBRID;{'p': 2, 'd': 1, 'q': 2};12;12;631.1135746854784;0.1955166787520423;66.66666666666667;-17.757914098231982;2208.4462446658035;2011.4766332738168;2083.96143260026;2103.6722250858634;2597.255086295232;2454.38363548192;2924.7957314740997;3281.9585344889224;3114.860776151286;3742.4423059655514;3361.359379020425;2529.4879739749213
hybrid-deseasonal;7248.876638033777;MA;querosenedeaviacao;HYBRID;{'p': 2, 'd': 1, 'q': 2};12;12;663.3750110265353;0.22689411294646813;75.0;-19.717121342145127;2366.8964069222743;1796.7268126882816;2059.8505508500657;2213.284944717078;2964.9890511470244;2847.743165876744;2691.5040588502984;3196.8801314007915;3073.9312016913773;3747.629002215678;3551.0947648447764;2442.8621936527206
half-deseasonal-hybrid;9108.25800470205;MA;querosenedeaviacao;HYBRID;{'p': 2, 'd': 1, 'q': 2};12;12;627.1381662026405;0.19685225396780695;66.66666666666667;-17.4571694128632;2186.9274108543245;2003.9709615592767;2094.3678381657;2133.418698770537;2675.530583886064;2533.199986134496;2691.5040588502984;3196.8801314007915;3073.9312016913773;3747.629002215678;3551.0947648447764;2442.8621936527206
