DATA;MCPM;UF;PRODUCT;MODEL;PARAMS;WINDOW;HORIZON;RMSE;MAPE;POCID;PBE;P1;P2;P3;P4;P5;P6;P7;P8;P9;P10;P11;P12
hybrid1;104135.4635642563;MG;querosenedeaviacao;HYBRID;{'p': 2, 'd': 1, 'q': 2};12;12;7101.479023103075;0.5290376338860693;66.66666666666667;-52.07218110389902;16052.217117398068;15702.527339418586;18083.575360264338;17969.246059342422;21436.897986557095;22061.136653954778;22096.538057095975;22204.90512860407;20711.335726594047;22089.10796951477;17957.530237645602;14593.295032233946
half-sarima-hybrid1;88005.81546724588;MG;querosenedeaviacao;HYBRID;{'p': 2, 'd': 1, 'q': 2};12;12;6019.11197612121;0.43018300822868505;66.66666666666667;-43.05430426025269;14042.311586746751;13959.683557865776;15559.21938573155;16130.165554112711;19179.29556576875;18739.102234699065;22096.538057095975;22204.90512860407;20711.335726594047;22089.10796951477;17957.530237645602;14593.295032233946
half-sarima_mean-hybrid1;83398.41531688168;MG;querosenedeaviacao;HYBRID;{'p': 2, 'd': 1, 'q': 2};12;12;5708.793786231466;0.4018134529245241;66.66666666666667;-40.43797359367636;13948.624830961093;13814.61597862398;14976.50630316251;15434.394669679432;17853.541952460615;17608.564529107814;22096.538057095975;22204.90512860407;20711.335726594047;22089.10796951477;17957.530237645602;14593.295032233946
hybrid-deseasonal;159915.77882256545;MG;querosenedeaviacao;HYBRID;{'p': 2, 'd': 1, 'q': 2};12;12;7306.338873108526;0.5427602258341554;50.0;-53.33689050212641;16518.793450300327;15373.059269744776;18362.792265233467;18280.271869651362;22543.355324125238;22671.125136906277;21572.09472652064;21383.828778742587;20435.333115892743;22430.910878822375;19244.139187031928;14063.375149767708
half-deseasonal-hybrid;122714.10020967126;MG;querosenedeaviacao;HYBRID;{'p': 2, 'd': 1, 'q': 2};12;12;5622.720138493092;0.39840996520787636;50.0;-40.06963984425123;13997.236568397424;14129.402308830537;15139.252225508842;15412.994451710703;17524.41737586664;17396.571945372558;21572.09472652064;21383.828778742587;20435.333115892743;22430.910878822375;19244.139187031928;14063.375149767708
