DATA;MCPM;UF;PRODUCT;MODEL;PARAMS;WINDOW;HORIZON;RMSE;MAPE;POCID;PBE;MASE;P1;P2;P3;P4;P5;P6;P7;P8;P9;P10;P11;P12
mean;63539.23849569876;AM;etanolhidratado;SARIMA_ARMA_ARIMA;{'p': 2, 'd': 1, 'q': 2, 's': 12};12;12;4364.399166444263;0.28596864034746905;66.66666666666667;28.87458325196613;1.0142377329809107;10929.353164069666;10221.974348408236;10613.551227577234;10655.716034074605;10760.096803988517;11027.514516307361;10594.261577282083;10578.024647464514;10228.12033451639;10669.351775689638;9283.211082365058;10040.319571431824
median;32229.094139647295;AM;etanolhidratado;SARIMA_ARMA_ARIMA;{'p': 2, 'd': 1, 'q': 2, 's': 12};12;12;4390.131687932387;0.28615859906472946;83.33333333333333;28.93515412884392;1.0163653227824023;10970.700519804084;10435.079448021575;10586.858763132404;10543.657016038753;10914.215693214;10958.10333236184;10756.817380370128;10168.647892621084;10259.07135172989;10305.476106722916;9561.8487704852;10034.055741992042
