DATA;MCPM;UF;PRODUCT;MODEL;PARAMS;WINDOW;HORIZON;RMSE;MAPE;POCID;PBE;MASE;P1;P2;P3;P4;P5;P6;P7;P8;P9;P10;P11;P12
mean;32029.347673177424;SE;etanolhidratado;SARIMA_ARMA_ARIMA;{'p': 2, 'd': 1, 'q': 2, 's': 12};12;12;1105.3172835876803;0.23958612948761962;33.333333333333336;24.166908303813585;0.690673378151197;2710.259454956879;2442.1510239149175;2384.274192734243;2494.793966068501;2163.371815147387;2023.749923282979;2109.6209614657146;2226.988705823076;2336.4311835287053;2803.433933613676;2739.627082878908;2630.850841116438
median;27335.81314878821;SE;etanolhidratado;SARIMA_ARMA_ARIMA;{'p': 2, 'd': 1, 'q': 2, 's': 12};12;12;1077.5930639545318;0.23748098748045965;41.666666666666664;22.014382069875303;0.6763150780091447;2811.132732954361;2553.2000299100005;2451.2597746573524;2631.8084787216126;2132.6729317841423;1919.5494634817485;2130.847259348665;2316.756976388141;2487.805464552908;2882.9937919484805;2948.972794745483;2623.5806151673914
