DATA;MCPM;UF;PRODUCT;MODEL;PARAMS;WINDOW;HORIZON;RMSE;MAPE;POCID;PBE;MASE;P1;P2;P3;P4;P5;P6;P7;P8;P9;P10;P11;P12
mean;33207.996910993534;MA;etanolhidratado;SARIMA_ARMA_ARIMA;{'p': 2, 'd': 1, 'q': 2, 's': 12};12;12;1826.6313881082888;0.31094752284200444;58.333333333333336;36.02831511367949;0.7572432726925964;2819.3243135363355;2704.41360007496;2336.890466018189;2642.0847091576056;2706.5446935336554;2833.4065408377555;2388.8593329551927;2637.7988249307837;2287.7760313138006;2589.6024240104416;2458.952071418006;2199.794345125827
median;21653.436458578297;MA;etanolhidratado;SARIMA_ARMA_ARIMA;{'p': 2, 'd': 1, 'q': 2, 's': 12};12;12;1488.502839048243;0.2560776109984161;66.66666666666667;26.38048115241014;0.6168396846045775;3000.476783622433;2795.291843277032;2654.836125342488;2876.902340852502;3293.117128549724;3430.487024836188;2635.5552424058674;3076.4212632460312;2649.7688977470507;2875.775028130949;3171.096768028852;2761.452803768373
