DATA;MCPM;UF;PRODUCT;MODEL;PARAMS;WINDOW;HORIZON;RMSE;MAPE;POCID;PBE;P1;P2;P3;P4;P5;P6;P7;P8;P9;P10;P11;P12
combination;9.809989266496691e+17;AM;gasolinadeaviacao;combination-mean;ARIMA-SARIMA_DS;12;12;15.091486368193426;3.991532240508653e+16;58.333333333333336;-45.91781351777059;19.097650258853612;12.79155945359948;14.496101294802639;17.537218208479413;17.88848334198157;14.626753705060942;25.283788852947854;27.65119125219227;20.789987846804518;25.27374360624962;10.855579306027362;9.971275109553332
