DATA;MCPM;UF;PRODUCT;MODEL;PARAMS;WINDOW;HORIZON;RMSE;MAPE;POCID;PBE;P1;P2;P3;P4;P5;P6;P7;P8;P9;P10;P11;P12
combination;569.674251816151;RO;gasolinadeaviacao;combination-mean;ARIMA-SARIMA_DS;12;12;25.146591596865534;0.775507570791377;50.0;-21.532507296878805;71.59394815370688;31.47995118235644;64.58086766004632;69.11077737552522;48.97942695478465;61.569144617391935;63.81316613759084;47.07642975902869;48.766765586101684;60.729731342839656;50.55470824668217;33.641806149184504
