DATA;MCPM;UF;PRODUCT;MODEL;PARAMS;WINDOW;HORIZON;RMSE;MAPE;POCID;PBE;P1;P2;P3;P4;P5;P6;P7;P8;P9;P10;P11;P12
combination;1490.5178325081604;MG;gasolinadeaviacao;combination-mean;ARIMA-SARIMA_DS;12;12;68.28089448924311;0.2380668744646746;50.0;-7.264559649152201;275.42976980256265;264.7286460812562;328.04202926352303;310.360291013056;317.90767250353974;350.05752728250275;307.69623961254376;328.5598300315579;272.22607500275546;258.95886407497034;306.917493450081;268.83131510017876
