DATA;MCPM;UF;PRODUCT;MODEL;PARAMS;WINDOW;HORIZON;RMSE;MAPE;POCID;PBE;P1;P2;P3;P4;P5;P6;P7;P8;P9;P10;P11;P12
combination;205.80566625820552;CE;gasolinadeaviacao;combination-mean;ARIMA-SARIMA_DS;12;12;9.261805615746837;0.20582475247966517;50.0;14.690968285148829;29.327997111984956;24.782040651472848;28.96332966659572;30.90220145968982;39.508404517619546;32.72769378857149;36.938656111994334;32.178812221495704;32.17230850743949;31.57742055752322;26.768624709843735;24.35531927395155
