DATA;MCPM;UF;PRODUCT;MODEL;PARAMS;WINDOW;HORIZON;RMSE;MAPE;POCID;PBE;P1;P2;P3;P4;P5;P6;P7;P8;P9;P10;P11;P12
combination;718.187331295791;MS;gasolinadeaviacao;combination-mean;ARIMA-SARIMA_DS;12;12;32.955459658547056;0.1303062309094057;50.0;0.2357261337734038;218.53750676773933;196.77837072682473;194.49376197808414;175.04521217097738;180.22227053028715;174.61341539494143;178.53870053541118;202.6173827149189;211.15319147064582;221.36104222826896;234.01288831514648;213.46148889940682
