DATA;MCPM;UF;PRODUCT;MODEL;PARAMS;WINDOW;HORIZON;RMSE;MAPE;POCID;PBE;P1;P2;P3;P4;P5;P6;P7;P8;P9;P10;P11;P12
combination;854.9471467430858;TO;gasolinadeaviacao;combination-mean;ARIMA-SARIMA_DS;12;12;46.61536213951701;0.3637105522050996;58.333333333333336;-3.7955697193659867;112.79718779340686;91.00097193971712;125.15829158649208;115.00426770166021;136.6494638920649;138.6864258479606;144.780742739531;134.90661564879122;139.90276631371898;148.0221874274451;142.77476469665967;131.0425503205877
