DATA;UF;PRODUCT;MODEL;PARAMS;WINDOW;HORIZON;RMSE;MAPE;POCID;PBE;MASE;P1;P2;P3;P4;P5;P6;P7;P8;P9;P10;P11;P12
normal;AP;gasolinac;deepar;{};12;12;706.4058687895523;0.7532820774518183;63.63636363636363;2.484041278302696;0.5451412747543352;887.2201992908688;1507.108502300063;1160.1730389374989;1049.1684772384306;731.7387871419685;846.6146438370329;736.3302804901862;693.7284544536042;1183.9344304717526;1054.9489113147515;805.0479290881203;1032.8987436168245
deseasonal;AP;gasolinac;deepar;{};12;12;1020.2995136143678;1.6636496626630357;63.63636363636363;-96.10728689705502;0.704036215504883;1041.6913571599573;1517.3699335293986;1537.3132212006371;1420.8638977567998;1399.8463871725307;1214.6954158942915;982.8523435924801;1075.272816720696;1005.1314757478806;929.3063316465459;996.4444682473018;969.7375521533686
log;AP;gasolinac;deepar;{};12;12;945.632235547888;12.42980745149594;54.54545454545455;-53.604988444046676;0.7767537691726344;1069.3596785950176;1304.435099266381;1385.041260848962;1446.211586703018;1287.428787546605;1542.3727188559642;1579.5849528383264;1905.5671182100787;1733.150436732949;1276.4843000323203;837.6310006568656;799.6087718476587
