DATA;UF;PRODUCT;MODEL;PARAMS;WINDOW;HORIZON;RMSE;MAPE;POCID;PBE;MASE;P1;P2;P3;P4;P5;P6;P7;P8;P9;P10;P11;P12
normal;PB;gasolinac;deepar;{};12;12;5869.318898465806;1.3865914414824099;45.45454545454545;-25.15478668728458;1.0995809029045407;10461.017066862987;8682.30139006531;5218.145640033223;4217.350162510688;2337.746643896494;2207.563685476317;3544.562519685467;5683.26725509513;8968.439161487022;11202.390527050717;16056.041237902537;16499.54406551026
deseasonal;PB;gasolinac;deepar;{};12;12;5123.4962951811885;15.022507145519183;63.63636363636363;-109.19998450235389;0.5001782906781566;5874.463048329634;4888.961864441681;3966.2111923195553;4397.707398705565;1702.4068804696026;1551.694926074123;3910.019109460207;3031.93743050193;5902.7745633807435;9691.5496762617;11014.79778006126;12007.963851551522
log;PB;gasolinac;deepar;{};12;12;7335.443976251748;6.358662169348054;36.36363636363637;375.6914625098896;0.5469576095045745;7598.956419189794;2655.7029452365487;314.5059687560779;545.0875299609543;872.6700384677197;1668.517859260202;3630.1131466830175;2727.3130795297097;5077.5834949116115;5158.84579168706;6670.805800809672;9896.909377889016
