DATA;MCPM;UF;PRODUCT;MODEL;PARAMS;WINDOW;HORIZON;RMSE;MAPE;POCID;PBE;P1;P2;P3;P4;P5;P6;P7;P8;P9;P10;P11;P12
combination;3045.5683325480804;RR;etanolhidratado;combination-median;ARIMA-SARIMA-VARMA-RF;12;12;119.5918639891324;0.3217459997622401;41.666666666666664;34.392616771389854;182.19394503890294;175.8057504833671;180.74153881858211;188.08167134192593;182.08597876347932;207.1995372548332;221.35720299074626;212.30803607101262;199.57344280170642;214.71781038500308;190.49922199962492;176.15914760982463
