DATA;MCPM;UF;PRODUCT;MODEL;PARAMS;WINDOW;HORIZON;RMSE;MAPE;POCID;PBE;MASE;P1;P2;P3;P4;P5;P6;P7;P8;P9;P10;P11;P12;Test Statistic;p-value;Lags Used;Observations Used;Critical Value (1%);Critical Value (5%);Critical Value (10%);Stationary
normal;83811.32182373038;RS;etanolhidratado;ARIMA;{'p': 12, 'd': 1, 'q': 17};12;12;3523.5194427300016;0.3806491217805479;45.45454545454545;46.44542909022643;0.9463337292497741;3599.9258310337304;2645.4660919629323;2973.9571803058216;3201.2802978174263;3155.788391502572;3000.6193975523306;2869.440554163787;2641.8615023901534;2621.404369282218;3377.235474691314;3195.2839351399066;3183.527904397955;-4.1598091936398855;0.0007700757608907375;17;379;-3.4477224095888497;-2.869196333125208;-2.5708486586002604;True
deseasonal;75678.69926476188;RS;etanolhidratado;ARIMA;{'p': 18, 'd': 1, 'q': 12};12;12;3183.51457401849;0.34780704121345424;45.45454545454545;31.50413281114506;0.8310816012787687;3840.568730211866;3395.0385558365124;3944.9028271487496;4526.861343119234;4588.560943265877;4358.817544965774;3994.248176908978;4063.5229717077127;3378.8116405669193;4397.213023540877;3423.462898162364;2727.4458311371827;-3.976292758019479;0.001539865494111167;17;379;-3.4477224095888497;-2.869196333125208;-2.5708486586002604;True
log;81750.04385027384;RS;etanolhidratado;ARIMA;{'p': 22, 'd': 1, 'q': 10};12;12;3437.4613759290182;0.3710605744173903;45.45454545454545;45.277567418450126;0.9220410171653738;3638.6185237306904;2540.2550968184482;2919.00410469643;3254.19666253009;3241.6377085703793;3083.8876868388;2964.945452551311;2724.4609125464185;2716.9483662960038;3534.4421347174907;3322.8434263422137;3319.758412705245;-4.063812460795557;0.0011108663001504692;17;379;-3.4477224095888497;-2.869196333125208;-2.5708486586002604;True
