DATA;MCPM;UF;PRODUCT;MODEL;PARAMS;WINDOW;HORIZON;RMSE;MAPE;POCID;PBE;MASE;P1;P2;P3;P4;P5;P6;P7;P8;P9;P10;P11;P12;Test Statistic;p-value;Lags Used;Observations Used;Critical Value (1%);Critical Value (5%);Critical Value (10%);Stationary
normal;205464.96496790674;MT;etanolhidratado;ARIMA;{'p': 11, 'd': 1, 'q': 20};12;12;13008.716215828168;0.11167316102490955;63.63636363636363;11.38589691259993;0.9126962652747315;74829.35503739375;71194.05661910572;71942.79368094266;68116.70176819943;73197.40019696316;74525.39442393598;78653.8336945862;78054.63115063713;70027.80626504119;78898.5464937273;65430.68136945784;70375.01508139056;-3.4961978710111152;0.008085279390807755;15;381;-3.4476305904172904;-2.869155980820355;-2.570827146203181;True
deseasonal;220490.3110371595;MT;etanolhidratado;ARIMA;{'p': 10, 'd': 2, 'q': 8};12;12;11177.897648774213;0.0992845045121336;54.54545454545455;8.623799480086118;0.8047891199124525;74355.73255784796;70218.95338777108;73503.75466348394;74328.48378991835;78522.9750705644;76346.36114671224;78422.65137702067;78970.48350575205;73263.58141835258;82639.30919215364;69764.69262627514;72190.62049577707;-4.058547699241854;0.0011331344916258278;16;380;-3.4476763783532585;-2.869176103659426;-2.570837873961219;True
log;155382.81877814728;MT;etanolhidratado;ARIMA;{'p': 6, 'd': 2, 'q': 13};12;12;13101.652254457944;0.11603846013293016;72.72727272727273;11.737025743371838;0.9490874279343844;73269.41364636234;71220.17221039126;74771.40585074679;69099.255609171;72900.20249262244;73240.07487216945;73647.76564233167;75411.30859700181;69578.39721974867;76399.68546300495;68876.56127630989;73363.85473886497;-3.5823929744540832;0.006106696435534845;15;381;-3.4476305904172904;-2.869155980820355;-2.570827146203181;True
