DATA;UF;PRODUCT;MODEL;PARAMS;WINDOW;HORIZON;RMSE;MAPE;POCID;PBE;MASE;P1;P2;P3;P4;P5;P6;P7;P8;P9;P10;P11;P12
normal;SP;glp;rf;{};12;12;11293.983968917939;0.5958332209559855;90.9090909090909;46.9181406010198;1.4693952322201986;-2161.939048503429;-10169.443476903029;6509.306686164766;6893.823108080967;6764.654182067154;5492.3530514022805;1720.3588178534706;-3928.313842517211;-5470.3946010653335;-986.2480148928848;-18467.812121996427;-19982.76393580478
deseasonal;SP;glp;rf;{};12;12;12789.07388258294;1.728797512953916;54.54545454545455;142.5628909986321;1.0827655338251352;-195.7324291961641;-8012.747607607134;1543.2030037268494;49.74360448892929;-984.9907744543248;2209.1203715472393;4881.3894970956235;5492.657531165888;3161.450327758165;422.6207752923806;3186.6976884390774;908.6471731601858
log;SP;glp;rf;{};12;12;10839.471398123078;0.7046571271692192;90.9090909090909;90.00185452545313;1.1356133651215148;-4127.9383653877485;-13420.305015169344;-586.1789795180626;9456.623276049588;9108.55049284847;22472.3874026143;2493.995873853185;2574.623410749725;866.6804713740992;-3444.7461973294885;-12405.58158793066;-18375.4046192487
