DATA;UF;PRODUCT;MODEL;PARAMS;WINDOW;HORIZON;RMSE;MAPE;POCID;PBE;MASE;P1;P2;P3;P4;P5;P6;P7;P8;P9;P10;P11;P12
normal;MT;glp;rf;{};12;12;902.1335563829356;0.9563601928662266;63.63636363636363;-98.0575547490203;1.0485668881531756;1291.3745726328475;380.0672962518578;636.7270348538339;900.2421240623453;696.7989402867122;1033.8919291699451;219.25300363450157;219.35198504169153;50.83307245668641;155.80543664583226;-403.24171755640316;-251.74260157652373
deseasonal;MT;glp;rf;{};12;12;908.456849159792;1.4973647567557558;45.45454545454545;-76.05255667874503;0.8820870588462655;588.528834952565;78.79282332460241;468.80633073538223;436.6479640177955;257.2025422583904;588.6452723993901;356.7745469292632;370.07246010273906;187.99958724883948;285.88984385094597;59.30041898754939;355.71917349437535
log;MT;glp;rf;{};12;12;876.3293205031257;0.9519836421188006;63.63636363636363;-53.020925532364274;0.873444520210714;1306.2433632827415;545.7786573569495;370.00728826398574;944.9012095614858;986.5508147847288;1040.3234831768352;158.17259287181687;207.961117466036;-171.16966459518477;214.44135297065893;-508.3690488621092;-513.339751777577
