DATA;UF;PRODUCT;MODEL;PARAMS;WINDOW;HORIZON;RMSE;MAPE;POCID;PBE;MASE;P1;P2;P3;P4;P5;P6;P7;P8;P9;P10;P11;P12
normal;GO;glp;rf;{};12;12;2127.4851855714865;1.025995053692642;81.81818181818181;113.06531114080983;0.8121937140158911;-341.1988126257692;-1226.0033879197556;209.56798627287168;-1215.6833958227116;1059.482077140342;2020.7589086224993;938.4662874953178;45.974446457532906;-1967.5406801178942;1160.1231500470883;-461.3233733259168;-1372.9202213495487
deseasonal;GO;glp;rf;{};12;12;1636.3319104034385;1.873081166665821;63.63636363636363;156.96596227871734;0.6768834009046323;-120.13064362050685;-271.05268886534384;-2.4863249348679233;-549.3756745751762;-377.4502488299121;-386.20318727026256;-722.9939181832583;-1071.5412170268326;-1233.0698245739757;-461.09707890243976;-80.86641011997239;463.3110631853597
log;GO;glp;rf;{};12;12;2392.8849266794323;1.6397877084807753;72.72727272727273;109.7376258976786;0.8765315183599908;-109.49728856014514;-866.9367290092912;-622.4709301200086;-796.0483267821292;731.8860962101892;1560.5461354847523;1462.9781848170774;442.982640011383;-1230.129327564276;1687.1147292060123;-1354.6865224283424;-1757.5545333575856
