DATA;UF;PRODUCT;MODEL;PARAMS;WINDOW;HORIZON;RMSE;MAPE;POCID;PBE;MASE;P1;P2;P3;P4;P5;P6;P7;P8;P9;P10;P11;P12
normal;PB;glp;rf;{};12;12;1158.8762947611128;0.7792232130179215;54.54545454545455;65.00215321687953;0.47102189508699915;564.3322546260396;117.8153209768027;422.0363214015164;301.9755252252548;341.2904522232657;861.3505143854468;190.69595022979289;229.878057493134;-272.54902876713714;776.9195944544338;318.5224724796817;-337.9461568146939
deseasonal;PB;glp;rf;{};12;12;894.8634660325876;2.2338521656278956;27.272727272727273;45.58629559816419;0.4519964093304764;476.8810450691875;-54.95884652942033;450.03239941777457;150.70627952557064;283.2411296522659;438.9669411989149;1116.2116705450135;626.0511151479507;384.49135596117526;833.7370292571551;362.8484461290949;677.4838878300566
log;PB;glp;rf;{};12;12;847.7296072766115;2.884771781091945;72.72727272727273;42.35984516097022;0.38554692834970594;81.17980486877696;-408.8891361903442;238.19230971648915;541.7216333014765;1277.7727321032844;1638.434230840103;1119.7140036469561;705.0885411202984;354.8983321104312;781.4446722719276;7.541849600992805;-1310.179783745685
