DATA;UF;PRODUCT;MODEL;PARAMS;WINDOW;HORIZON;RMSE;MAPE;POCID;PBE;MASE;P1;P2;P3;P4;P5;P6;P7;P8;P9;P10;P11;P12
normal;AL;glp;rf;{};12;12;636.1080972337434;3.83223677503675;72.72727272727273;63.28980573381231;0.35994958041883335;112.85290080015425;-241.8103611343335;130.81695308075015;188.00564422186963;385.15783330499926;480.1281777706178;666.9141929045653;463.2267936409028;41.68846768047625;648.0961432366236;60.65374015501776;-599.3357925745531
deseasonal;AL;glp;rf;{};12;12;603.4930503122719;0.7512719131379497;45.45454545454545;82.44877026499513;0.33246034178492784;429.33510893940075;-178.56636900881364;180.248288765295;84.40398998931434;142.25392878966886;-44.09257634719832;141.93074090181784;46.77684638637419;241.5105227191366;-19.56287483514656;348.30437786081524;-108.30693170003379
log;AL;glp;rf;{};12;12;521.1805173839448;0.4763463883580441;72.72727272727273;45.0143183414692;0.27266990828916887;332.7482252304916;-431.71952794742833;349.69280956623015;313.0327539746801;236.97320278353484;1127.809710769112;284.39485431263523;701.8560556623804;36.67572670142742;559.0064755649947;211.89530473589025;-72.39272895649253
