DATA;UF;PRODUCT;MODEL;PARAMS;WINDOW;HORIZON;RMSE;MAPE;POCID;PBE;MASE;P1;P2;P3;P4;P5;P6;P7;P8;P9;P10;P11;P12
normal;RN;glp;rf;{};12;12;602.9663795303039;1.19750606866223;81.81818181818181;-59.64128903670822;0.4383381035626857;-219.78427739166088;-503.41866280524664;-147.12595118222987;-47.65834107965835;326.2244189570739;799.4907229393499;538.5503854127401;385.2614770086875;179.22711201512374;455.0435382252265;40.30063284351675;-846.164558210058
deseasonal;RN;glp;rf;{};12;12;629.9329959691831;1.3399013841474663;54.54545454545455;45.360703230259844;0.4257631027947164;-221.81042458924628;-39.404709257389726;-112.29848699705056;471.7125386294534;440.2769936239013;509.21949358778085;240.96533877306703;178.0753025445035;82.7267376465633;-60.05738803619741;-224.28432702014115;-662.3891395787612
log;RN;glp;rf;{};12;12;551.5405941154371;2.6128552880896385;100.0;-80.11983327067898;0.39513875653521263;-302.652183605241;-689.1229264199233;149.78717306179956;-51.28273798294292;523.2553197918812;946.2473676931035;685.1766062990606;478.3923297977538;-45.819881247397454;574.5437922450878;-289.05319172518915;-690.2251368177813
