DATA;MCPM;UF;PRODUCT;MODEL;PARAMS;WINDOW;HORIZON;RMSE;MAPE;POCID;PBE;P1;P2;P3;P4;P5;P6;P7;P8;P9;P10;P11;P12
combination;356889.86348175415;BA;oleodiesel;combination-mean;ARIMA-SARIMA-VARMA;12;12;32838.57267154881;0.0985138850421048;75.0;9.964331863255333;270281.36570938386;259890.86713605636;260399.0859506328;257502.627922575;277852.54586428497;292328.62430651806;276218.6992237906;277747.06072999304;264888.8314689335;264726.7365776236;242284.96417537727;242434.89515192574
