DATA;MCPM;UF;PRODUCT;MODEL;PARAMS;WINDOW;HORIZON;RMSE;MAPE;POCID;PBE;P1;P2;P3;P4;P5;P6;P7;P8;P9;P10;P11;P12
combination;208361.32570191546;RJ;oleodiesel;combination-mean;ARIMA-SARIMA-VARMA;12;12;19189.892602944667;0.07507483320489029;75.0;7.633634751775677;209474.42358800903;200976.97882649858;213536.84366785485;207329.03201518685;213355.21367313672;223706.60835590452;214162.0966898378;223539.4509177402;213280.78367105644;222341.18873733838;210526.46120200006;194957.59951059052
