DATA;MCPM;UF;PRODUCT;MODEL;PARAMS;WINDOW;HORIZON;RMSE;MAPE;POCID;PBE;P1;P2;P3;P4;P5;P6;P7;P8;P9;P10;P11;P12
combination;14420.603963483463;RN;oleodiesel;combination-mean;ARIMA-SARIMA-VARMA;12;12;1993.4260401055997;0.03939668325570215;83.33333333333333;2.5568012494326147;37156.72445928631;35214.393491952214;37019.88284888331;36425.48686101768;37678.70311669701;39963.61991896572;39988.969533874006;40954.40396220899;40926.99193683782;41710.06853517178;39211.22812050696;36390.96208355814
