DATA;MCPM;UF;PRODUCT;MODEL;PARAMS;WINDOW;HORIZON;RMSE;MAPE;POCID;PBE;P1;P2;P3;P4;P5;P6;P7;P8;P9;P10;P11;P12
combination;55379.56177497659;PE;oleodiesel;combination-mean;ARIMA-SARIMA-VARMA;12;12;7653.1670572928515;0.04443842169172548;83.33333333333333;3.5757578364603964;124741.26316096746;118028.02889984241;120224.88174776247;117730.1435351451;119922.81220189316;128096.70608312797;130201.85193166193;135808.99401461057;132478.47282119666;133375.5045080764;127294.76447400486;120076.2640597285
