DATA;MCPM;UF;PRODUCT;MODEL;PARAMS;WINDOW;HORIZON;RMSE;MAPE;POCID;PBE;P1;P2;P3;P4;P5;P6;P7;P8;P9;P10;P11;P12
combination;162634.07033481225;AM;oleodiesel;combination-mean;ARIMA-SARIMA-VARMA;12;12;14922.944210084885;0.16816305047589608;75.0;-12.652360301201284;83117.67192517073;82886.18223921125;88190.97733392671;86821.97349701887;88543.4997609763;92444.48049601527;91078.5829353898;90421.8792894989;87529.35487683008;85527.39092148544;81786.60741594169;81634.97247896848
