DATA;MCPM;UF;PRODUCT;MODEL;PARAMS;WINDOW;HORIZON;RMSE;MAPE;POCID;PBE;MASE;P1;P2;P3;P4;P5;P6;P7;P8;P9;P10;P11;P12;Test Statistic;p-value;Lags Used;Observations Used;Critical Value (1%);Critical Value (5%);Critical Value (10%);Stationary
normal;1550191.6612322342;SP;etanolhidratado;SARIMA;{'p': 2, 'd': 1, 'q': 2, 's': 12};12;12;107047.45985989083;0.1098761905338443;72.72727272727273;11.16339249565487;0.9474586337979852;617369.9995016487;609759.0281806773;623340.1262827531;612191.0173840965;628636.6361289877;649649.7207033944;647329.6646306997;677245.8930939113;634003.1679507075;688589.0965743208;617742.8671021848;609630.6070845522;-3.645048623588495;0.0049559513214124;15;381;-3.4476305904172904;-2.869155980820355;-2.570827146203181;True
log;1599214.9522987052;SP;etanolhidratado;SARIMA;{'p': 2, 'd': 1, 'q': 2, 's': 12};12;12;110412.69550272996;0.1159439548668919;72.72727272727273;12.025531266337603;0.996244696737676;612012.2268034403;600345.9506794802;612815.3887952993;604567.3116069675;619806.7616118415;642723.3310497437;641125.6361980597;672813.1762678907;630946.9491863551;683378.2918895205;614839.4410742824;606206.807913851;-3.6140390242162095;0.0054982347493471;15;381;-3.4476305904172904;-2.869155980820355;-2.570827146203181;True
deseasonal;744336.6050153156;SP;etanolhidratado;SARIMA;{'p': 2, 'd': 1, 'q': 2, 's': 12};12;12;94052.17386259332;0.09495267934379821;81.81818181818181;7.948423452298906;0.8116183278671831;638726.0864419129;628202.335167301;637399.2142986957;634685.4700007518;661463.3147008349;683075.5243067883;684817.4096534032;706105.0911311049;656236.4900939903;712736.9210382511;624685.3621593852;622956.7283765819;-3.9307708053116657;0.0018197065941961753;15;381;-3.4476305904172904;-2.869155980820355;-2.570827146203181;True
