DATA;MCPM;UF;PRODUCT;MODEL;PARAMS;WINDOW;HORIZON;RMSE;MAPE;POCID;PBE;MASE;P1;P2;P3;P4;P5;P6;P7;P8;P9;P10;P11;P12;Test Statistic;p-value;Lags Used;Observations Used;Critical Value (1%);Critical Value (5%);Critical Value (10%);Stationary
normal;510.4118721127009;AP;etanolhidratado;SARIMA;{'p': 2, 'd': 1, 'q': 2, 's': 12};12;12;27.585283340222404;0.4239436030591789;63.63636363636363;48.32522345057388;0.8686432860315151;23.788830974202664;12.33636940820354;21.818298911303216;16.23517438273587;27.42265415473503;27.085197733173462;30.89982558803834;26.7762559848063;24.062839356908302;27.1880144266679;22.49543085254213;21.135213579058785;-7.617131241946162;2.1767920658384002e-11;1;395;-3.447014064067954;-2.8688850015516016;-2.57068268706938;True
log;418.4421686973667;AP;etanolhidratado;SARIMA;{'p': 2, 'd': 1, 'q': 2, 's': 12};12;12;28.17769554681142;0.4404783535097132;72.72727272727273;50.19637002305295;0.9022770447874826;21.68472041233924;14.630027392093808;20.96929748705918;16.154573512202926;25.454194807913645;26.51476225155362;28.556100872196147;25.90612663245077;21.97793021189389;26.196001465552897;22.955719996949647;20.06078539772665;-7.405360077174016;7.369263659315359e-11;1;395;-3.447014064067954;-2.8688850015516016;-2.57068268706938;True
deseasonal;232.19231981588362;AP;etanolhidratado;SARIMA;{'p': 2, 'd': 1, 'q': 2, 's': 12};12;12;28.38081170262056;0.43404840359212105;81.81818181818181;48.00709681036345;0.8629249768257814;24.2326504821848;8.210382571711246;21.083449545838803;13.078558208843786;34.125623061511185;37.92542805944595;35.374067834388875;30.86449963837206;24.475931483674856;25.335666497456195;18.950918683511816;9.318358974912528;-3.410922159441788;0.010592123509026906;17;379;-3.4477224095888497;-2.869196333125208;-2.5708486586002604;True
