DATA;MCPM;UF;PRODUCT;MODEL;PARAMS;WINDOW;HORIZON;RMSE;MAPE;POCID;PBE;MASE;P1;P2;P3;P4;P5;P6;P7;P8;P9;P10;P11;P12;Test Statistic;p-value;Lags Used;Observations Used;Critical Value (1%);Critical Value (5%);Critical Value (10%);Stationary
normal;36949.37721316097;TO;etanolhidratado;SARIMA;{'p': 11, 'd': 1, 'q': 2, 's': 12};12;12;1454.890276311525;0.3055279254021974;45.45454545454545;35.927026641867855;0.8857218731867379;1853.7225782529204;1750.3649182771314;1656.191084059665;1773.884811059134;2233.821964009373;2247.1527548370977;2044.228926218129;2235.6011767317486;2179.858105267624;2041.2611931911192;1865.9107939521723;1765.502392132951;-5.064430576456159;1.6521187780316934e-05;13;383;-3.44753973676872;-2.8691160516676844;-2.57080585953957;True
log;23661.58885221212;TO;etanolhidratado;SARIMA;{'p': 1, 'd': 1, 'q': 2, 's': 12};12;12;1302.3915167261712;0.2810782902554216;63.63636363636363;32.73091272471844;0.80692693048706;1829.3576236219;1713.5060481898229;1760.258495234673;1819.702853201171;2193.6956415384907;2117.288736248389;2176.979036362853;2323.008376639716;2249.1085468940114;2427.311370522597;2206.528316291131;2010.3498272838488;-4.953676878498539;2.738739168587701e-05;13;383;-3.44753973676872;-2.8691160516676844;-2.57080585953957;True
deseasonal;21321.932066421967;TO;etanolhidratado;SARIMA;{'p': 3, 'd': 1, 'q': 2, 's': 12};12;12;1343.9464886568132;0.2681364574202127;63.63636363636363;32.25051787755076;0.7950835840241284;1947.9619551464107;1805.8853095505306;1836.549367160129;1900.468649356874;2339.029096798261;2127.2735577693556;2135.522428963008;2305.377722543565;2243.9811622852085;2417.7182741115225;2107.513737969156;1837.1135995636496;-4.872786123234969;3.93871942665193e-05;17;379;-3.4477224095888497;-2.869196333125208;-2.5708486586002604;True
