DATA;MCPM;UF;PRODUCT;MODEL;PARAMS;WINDOW;HORIZON;RMSE;MAPE;POCID;PBE;P1;P2;P3;P4;P5;P6;P7;P8;P9;P10;P11;P12
combination;119.28167536040003;AL;gasolinadeaviacao;combination-mean;ARIMA-SARIMA-VARMA;12;12;7.892847986382278;0.3001562657354114;66.66666666666667;28.69064421148884;12.910467616307272;12.564497872982795;12.32859032528561;12.331946642649037;11.331875649633165;21.49766771115599;13.951909620330307;14.474449032531808;11.51977932084887;14.506837235220491;18.623682325213082;8.814117733953204
