DATA;MCPM;UF;PRODUCT;MODEL;PARAMS;WINDOW;HORIZON;RMSE;MAPE;POCID;PBE;P1;P2;P3;P4;P5;P6;P7;P8;P9;P10;P11;P12
combination;4.4942988153065984e+17;PI;gasolinadeaviacao;combination-mean;ARIMA-SARIMA-VARMA;12;12;16.322834815810374;1.5649419317144874e+16;50.0;-34.54703360169512;34.60401414045144;27.374209683886658;33.94693909671512;31.765853559990674;32.48661710689052;38.896279414037096;41.69842955497904;30.578745389102856;29.43234413688616;29.019698465327192;38.20876105718793;31.129956395989986
