DATA;MCPM;UF;PRODUCT;MODEL;PARAMS;WINDOW;HORIZON;RMSE;MAPE;POCID;PBE;P1;P2;P3;P4;P5;P6;P7;P8;P9;P10;P11;P12
combination;1024.1350306263935;RS;gasolinadeaviacao;combination-mean;ARIMA-SARIMA-VARMA;12;12;69.97068064348922;0.31734024422720053;66.66666666666667;1.5946236773573306;249.62398835348424;121.32118851249908;145.47851425918535;112.89523704496875;97.63520721744734;164.96309597847707;207.1440580120072;267.1276985695804;291.50330035662705;420.50539876313144;504.4519329722626;283.62050502391736
