DATA;MCPM;UF;PRODUCT;MODEL;PARAMS;WINDOW;HORIZON;RMSE;MAPE;POCID;PBE;P1;P2;P3;P4;P5;P6;P7;P8;P9;P10;P11;P12
combination;773.8682454363458;RO;gasolinadeaviacao;combination-mean;ARIMA-SARIMA-VARMA;12;12;29.382934007290473;0.8341403224235631;41.666666666666664;-15.216172741446462;72.26978785453731;18.679039549790303;80.70446840487256;43.16763067732958;51.09784922982326;53.378564175447345;71.85944646524327;53.33267942582084;46.39390217339091;55.723964788439595;45.23280207315766;26.175959282083944
