DATA;MCPM;UF;PRODUCT;MODEL;PARAMS;WINDOW;HORIZON;RMSE;MAPE;POCID;PBE;P1;P2;P3;P4;P5;P6;P7;P8;P9;P10;P11;P12
seasonal;115064.2578280175;SC;oleodiesel;ARIMA;{'p': 9, 'd': 0, 'q': 20};12;12;7552.704412260466;1.8418979249795961;66.66666666666667;40.381730494378395;17057.019031391905;-391.1808854930455;8306.152141765406;-19739.793434343334;12260.896521376113;12993.304526608794;992.5382558181507;3384.5244250410296;2671.1040117290804;4537.666301619443;-21243.911874547044;-23193.822161944394
trend;270740.71186431707;SC;oleodiesel;ARIMA;{'p': 13, 'd': 1, 'q': 2};12;12;6251.2090581594075;0.02015138924016088;0.0;2.028278451540494;250044.57727626967;250024.71249387955;249924.79838920687;249790.59057136453;249651.45168404919;249526.8356105639;249423.2227216659;249343.9491561492;249294.70281680214;249264.6887649119;249249.77932898037;249242.6700708342
resid;86815.55380586945;SC;oleodiesel;ARIMA;{'p': 3, 'd': 1, 'q': 3};12;12;4678.353957631641;1.178070813656449;58.333333333333336;146.62241517699118;959.9848167486019;-260.0061817822827;406.2077411452767;-56.620458413287906;157.455512432547;213.10099125628096;-54.03721505542342;304.9352070795812;-15.477870728977194;165.54853770710886;162.3922478381829;11.297903263638688
seasonal_trend;138415.0000508873;SC;oleodiesel;ARIMA;{'p': 10, 'd': 1, 'q': 5};12;12;12767.208883043648;0.03717325798099111;75.0;3.6087195010881423;246402.08735201982;245636.47515978385;238834.86294693404;231118.27397942464;250285.14263916854;262525.81595407525;248342.05117583228;248789.7362238409;253799.0758442342;250461.25242551006;232192.4003670218;234259.60299404163
