DATA;MCPM;UF;PRODUCT;MODEL;PARAMS;WINDOW;HORIZON;RMSE;MAPE;POCID;PBE;P1;P2;P3;P4;P5;P6;P7;P8;P9;P10;P11;P12
seasonal;12314.039043974122;PB;oleodiesel;ARIMA;{'p': 23, 'd': 1, 'q': 10};12;12;1640.2997910515278;0.6636979109738345;83.33333333333333;-234.20869289031603;-1522.4445380256402;-5592.977284466011;-3202.373747938787;-5994.342681698;-1854.7428704150902;1711.749103650809;2533.8388859578495;4130.209793826165;2942.912748293273;5874.219926921165;-674.0081061584772;-3060.188065822593
trend;116904.2872592207;PB;oleodiesel;ARIMA;{'p': 9, 'd': 1, 'q': 21};12;12;3236.805076280791;0.07383141518654979;16.666666666666668;7.442875260099596;37939.57607400294;37848.683908930165;37624.08424330599;37414.38718563362;37301.10011709773;37176.071902491065;37000.18230929003;36801.842116411346;36683.963619279355;36640.14522040587;36712.57654984181;36851.96184789369
resid;21166.916070824063;PB;oleodiesel;ARIMA;{'p': 10, 'd': 1, 'q': 12};12;12;949.6328412807951;1.4017713741605522;50.0;247.9487900584936;-289.78911156938466;-798.2497916328762;-319.1006062445067;-169.46337834321318;255.9158817890241;-267.78747742962935;158.19923331852743;243.38466159554454;90.40223994539421;410.4246247897563;35.049680144026695;-65.74922652446759
seasonal_trend;24322.951985406613;PB;oleodiesel;ARIMA;{'p': 11, 'd': 1, 'q': 3};12;12;3354.6437052221613;0.0773358296667151;83.33333333333333;7.602186276156864;35295.904439239166;31233.391770730697;33258.708300758546;31220.8874785848;35601.3659791624;38720.91730308514;39717.86005498188;41789.16211243622;40914.807666591165;43428.950523166626;37664.70325735245;35078.61299838795
