DATA;MCPM;UF;PRODUCT;MODEL;PARAMS;WINDOW;HORIZON;RMSE;MAPE;POCID;PBE;P1;P2;P3;P4;P5;P6;P7;P8;P9;P10;P11;P12
seasonal;7660.685793319172;RR;oleodiesel;ARIMA;{'p': 23, 'd': 1, 'q': 17};12;12;1878.3093297865057;1.0807654843377579;91.66666666666667;-67.29392805027726;4190.624294420112;-3049.651691298387;-2216.1613356605467;-11256.128117157552;-6104.70840334469;501.8195619059385;1647.6836375590417;6255.458735273917;3270.4097710943925;2362.723118648972;3636.0548376653323;1726.2083283551588
trend;183062.61853825685;RR;oleodiesel;ARIMA;{'p': 7, 'd': 1, 'q': 2};12;12;6310.596795307753;0.32279603284999253;33.333333333333336;32.342902756477784;13382.789976103391;12710.5602376022;12571.595068732158;12654.595978770252;12849.057061435979;13056.751982207616;13235.458699104282;13353.688986671074;13396.603334468864;13413.876615103118;13401.80737207349;13386.492693592252
resid;38811.19908139661;RR;oleodiesel;ARIMA;{'p': 24, 'd': 0, 'q': 18};12;12;1428.9705319829034;4.218378456148629;41.666666666666664;-81.19243570097338;780.2284715264557;469.8233957407178;1094.808895811087;1019.4196039927224;633.3988301838522;563.6489465938791;433.965366376513;-691.2681682679192;41.53042910564784;757.1021215200187;82.1374369466555;-547.529311875777
seasonal_trend;75566.0839924332;RR;oleodiesel;ARIMA;{'p': 4, 'd': 1, 'q': 11};12;12;4167.253454244904;0.20832781802024983;58.333333333333336;8.769630073765697;16851.04338958676;14854.768996341129;13788.682419983643;8221.562304401741;10909.880596314457;15550.290354432567;18059.352460742473;22016.8833087643;22081.767044382046;25220.253054315945;24305.34288133542;20925.699686585027
