DATA;MCPM;UF;PRODUCT;MODEL;PARAMS;WINDOW;HORIZON;RMSE;MAPE;POCID;PBE;P1;P2;P3;P4;P5;P6;P7;P8;P9;P10;P11;P12
seasonal;151326.0748337672;RS;oleodiesel;ARIMA;{'p': 24, 'd': 0, 'q': 17};12;12;13682.98221449702;0.5396888239678609;75.0;-180.4832022215089;34173.231997540395;24947.043974598953;1878.132812368372;-50205.92348338442;-28953.995323472554;5023.673847320621;-6413.218109911537;50005.39159889214;50557.563538293296;4504.205029227262;-35501.38302684115;-35020.86638541192
trend;16603.706036805517;RS;oleodiesel;ARIMA;{'p': 3, 'd': 1, 'q': 12};12;12;4593.708408095925;0.013844550388883334;91.66666666666667;1.3842680146202921;324022.0688527172;323955.47604273265;323643.87723190174;323270.132227342;322906.1127479057;322529.4859878572;322158.4103467358;321837.4688197155;321580.8614579841;321368.57429031865;321178.9347881557;321006.90369708044
resid;281356.6978703041;RS;oleodiesel;ARIMA;{'p': 19, 'd': 1, 'q': 6};12;12;9450.85239385795;35.29423163093521;66.66666666666667;263.50330211667017;10401.150005440071;4412.870892455643;-4065.817535294471;988.75283751609;-3884.776092402861;-9778.759946650089;-1934.894970917771;1574.651706817157;-8416.789013447225;-3481.13368119716;-3162.107587231651;-46.095842447560926
seasonal_trend;99823.53196046413;RS;oleodiesel;ARIMA;{'p': 10, 'd': 1, 'q': 4};12;12;13804.688211236726;0.03287921809414717;83.33333333333333;2.2566480257998984;356703.1971881872;350143.0252104536;311547.779793386;277326.431962288;290603.8302990647;323398.8743550925;313496.53822355927;364481.4048386382;359948.62288505404;321806.6629417442;284403.0725563412;286593.73680125654
