DATA;MCPM;UF;PRODUCT;MODEL;PARAMS;WINDOW;HORIZON;RMSE;MAPE;POCID;PBE;P1;P2;P3;P4;P5;P6;P7;P8;P9;P10;P11;P12
seasonal;84092.15070020837;GO;oleodiesel;ARIMA;{'p': 15, 'd': 1, 'q': 17};12;12;11287.03342803191;0.5383440397823013;83.33333333333333;117.1627583943678;14077.408796432788;-34689.62333456678;-1366.9747800043128;430.2177090221817;45292.82788693218;36936.961333391904;28312.782749934206;44834.117630916095;-17085.62681645283;-44783.299572652395;-76098.25411748092;5847.844450060085
trend;551264.0303508308;GO;oleodiesel;ARIMA;{'p': 12, 'd': 1, 'q': 2};12;12;19078.771061777286;0.06119862611172136;33.333333333333336;6.159338246527224;275803.2107089965;275798.8536976342;275785.2292058367;275767.8949166886;275752.570445527;275742.0361529619;275736.64228777;275735.17016037804;275736.41857883043;275738.99128439534;275741.9771729405;275744.8936793399
resid;130615.80229112317;GO;oleodiesel;ARIMA;{'p': 8, 'd': 1, 'q': 13};12;12;4436.547727736303;1.3044961715221366;33.333333333333336;-1608.1148853058874;-443.9734519480444;-425.4555757757298;1107.5139185523726;397.8398462849252;1704.74981411492;940.7862926778475;516.3224363553086;3662.1715769831244;2242.690811690064;1982.4122408377805;193.1060510057647;-1480.1012529932766
seasonal_trend;136872.823337613;GO;oleodiesel;ARIMA;{'p': 11, 'd': 1, 'q': 6};12;12;18894.941682918045;0.06231891321844485;83.33333333333333;6.099585868647642;285965.7942543;242856.7356568351;273166.2184616452;276736.71773688926;318643.36493691977;311048.433692022;301531.13330723153;313444.2338742923;255685.39330750314;232625.0795351772;213982.59679275483;276158.3700029386
