DATA;UF;PRODUCT;MODEL;PARAMS;WINDOW;HORIZON;RMSE;MAPE;POCID;PBE;MASE;P1;P2;P3;P4;P5;P6;P7;P8;P9;P10;P11;P12
rf;RJ;oleodiesel;knn_rf_deepar_svr_catboost_arima;{};12;12;24307.731398556913;0.10935625537196259;81.81818181818181;10.938160398437846;1.5781166290874307;174506.16417685305;171892.91829601818;185673.70149115042;183718.54725817134;191945.43711838985;186821.7592121626;185893.86768818533;184350.49932268413;171793.67546257572;176487.45774958807;166656.2694740845;139569.22356288158
svr;RJ;oleodiesel;knn_rf_deepar_svr_catboost_arima;{};12;12;23975.072591700784;0.10994234167138105;63.63636363636363;10.605328979207542;1.599597803540102;173323.36468184783;199106.95473241093;177876.2775073808;179403.53714974728;182669.74682066956;180712.61084486233;177799.74153614533;180316.2315979949;178598.7818420691;170482.1432160656;176487.8104023711;150452.35445707862
ridge;RJ;oleodiesel;knn_rf_deepar_svr_catboost_arima;{};12;12;24059.105146961454;0.10828086255355392;36.36363636363637;10.60351755487374;1.5784483750021439;173773.10991488624;197384.3862007104;178695.40439670213;181056.5001006897;180207.84382820944;180393.33747789444;178862.6334697646;180363.51400609087;180777.61439550266;168947.28454814182;175405.07448588725;151405.9564952854
linear;RJ;oleodiesel;knn_rf_deepar_svr_catboost_arima;{};12;12;24063.778208205178;0.10830148977111446;36.36363636363637;10.603312287317248;1.5787646467805694;173774.1866953745;197412.91031544685;178663.98661763273;181065.2530781797;180187.74617986262;180400.32059809257;178868.31726113643;180365.5488605366;180786.25857910846;168924.7522260439;175415.12049675375;151413.14294450948
