DATA;UF;PRODUCT;MODEL;PARAMS;WINDOW;HORIZON;RMSE;MAPE;POCID;PBE;MASE;P1;P2;P3;P4;P5;P6;P7;P8;P9;P10;P11;P12
rf;PB;oleodiesel;knn_rf_deepar_svr_catboost_arima;{};12;12;2625.4841079487805;0.06091943742402214;72.72727272727273;3.915306996202206;1.5987680114169518;31301.736414178908;34991.56712864184;32901.40939804607;31830.884257001784;37638.83033431391;38641.675899997215;37513.965383352646;39010.665018039304;35270.44685705043;35942.60390002547;36129.62140256008;29462.28409976178
svr;PB;oleodiesel;knn_rf_deepar_svr_catboost_arima;{};12;12;2606.9509307857697;0.06215647746868408;36.36363636363637;3.8652105696620214;1.63402645400496;32586.593291718556;36853.43003214709;31824.03049719956;31947.82435284761;37310.805891187636;36781.70210574371;37727.45605666112;38562.090609360144;35748.79921922573;35422.69474562149;35700.81680686639;30388.756598105283
ridge;PB;oleodiesel;knn_rf_deepar_svr_catboost_arima;{};12;12;2609.070644409256;0.06258207049765889;36.36363636363637;3.8721256102699844;1.6467395575245312;32665.38985733054;36783.65299204878;31815.81885696489;32081.174682133078;37229.27709307243;36732.170779176486;37836.869781327165;38407.530042543985;35756.72930446331;35313.74114879889;35658.831065032115;30543.542218179293
linear;PB;oleodiesel;knn_rf_deepar_svr_catboost_arima;{};12;12;2609.6908840800793;0.06260298528488416;36.36363636363637;3.8717502208865406;1.6472926190281847;32667.087797494933;36785.56153583134;31811.375865165126;32082.803157239166;37228.909547806405;36730.95587977382;37839.15919468635;38405.8038315905;35756.408724654444;35312.38462867769;35659.705634107675;30546.215388531888
