DATA;UF;PRODUCT;MODEL;PARAMS;WINDOW;HORIZON;RMSE;MAPE;POCID;PBE;MASE;P1;P2;P3;P4;P5;P6;P7;P8;P9;P10;P11;P12
rf;ES;oleodiesel;knn_rf_deepar_svr_catboost_arima;{};12;12;9920.771109498939;0.09640072587779168;54.54545454545455;-9.406417034990833;0.514526743775492;103375.93179517631;99415.52526928503;99453.25944816606;103644.62883183878;102309.14466337353;105901.99766089188;100360.53350495099;103664.20185493246;98882.92055694755;97776.73013534833;105961.56801650037;99081.04830395116
svr;ES;oleodiesel;knn_rf_deepar_svr_catboost_arima;{};12;12;10272.853408386;0.1020830827642016;63.63636363636363;-9.926705035391382;0.5459907267808276;102822.90318271094;105924.21046721903;96180.22522894604;101480.44655789915;104846.51017424352;101744.46919510559;103966.72984057287;104959.92103485667;100756.27402875251;102258.26842820998;101385.41464572297;99303.07137688257
ridge;ES;oleodiesel;knn_rf_deepar_svr_catboost_arima;{};12;12;10303.748862372157;0.10221079616986066;63.63636363636363;-9.945616330577192;0.5465886417126898;102798.81819827942;105884.3605884883;96224.7139949573;101425.3541990826;105065.8407080816;101432.35852919832;104240.34033615705;104864.12990874774;100692.58086522653;102319.12065137996;101435.5094524903;99456.16832590532
linear;ES;oleodiesel;knn_rf_deepar_svr_catboost_arima;{};12;12;10306.172448876026;0.10224369314970998;63.63636363636363;-9.94601950135138;0.5467690789928324;102797.52245081296;105894.61597906759;96208.57214642111;101430.73687444007;105071.70723780044;101421.85799958963;104249.07108098983;104862.801530178;100693.11777531319;102318.24593797256;101434.37218976635;99461.16971056013
