DATA;MCPM;UF;PRODUCT;MODEL;PARAMS;WINDOW;HORIZON;RMSE;MAPE;POCID;PBE;P1;P2;P3;P4;P5;P6;P7;P8;P9;P10;P11;P12
combination;1062.5116703137828;AC;glp;combination-mean;ARIMA-SARIMA-VARMA;12;12;146.8439983377735;0.03893093575716717;83.33333333333333;3.2790816638024474;3190.0434470258424;3035.876504250271;3155.732782140183;3068.873387084548;3052.352630131304;3150.483233161409;3058.4330434075605;3094.993719245629;3149.3269703598257;3255.978364257997;3040.621382000484;2957.2656262474457
