DATA;MCPM;UF;PRODUCT;MODEL;PARAMS;WINDOW;HORIZON;RMSE;MAPE;POCID;PBE;P1;P2;P3;P4;P5;P6;P7;P8;P9;P10;P11;P12
combination;15017.759991443412;GO;glp;combination-mean;ARIMA-SARIMA-VARMA;12;12;1385.8984525282483;0.024501962896073388;75.0;2.1498744896578703;49586.25443624695;45322.595963248554;47957.437737126544;47401.56869038567;47754.600931269444;49646.99337478994;45923.448842253754;46806.76368358791;47336.398513585766;48355.90308141676;47866.34236827152;45670.01149144354
