DATA;MCPM;UF;PRODUCT;MODEL;PARAMS;WINDOW;HORIZON;RMSE;MAPE;POCID;PBE;P1;P2;P3;P4;P5;P6;P7;P8;P9;P10;P11;P12
combination;4550.8974994162545;PI;glp;combination-mean;ARIMA-SARIMA-VARMA;12;12;1250.5794243907274;0.07018149714611693;91.66666666666667;7.193996950373966;14406.626381539158;13828.604989060448;14189.087579532788;14193.442717244963;14061.31376082549;14535.649484207865;13785.562794941667;13900.429456740425;13945.864679754408;14156.745464158925;14239.929758905688;13571.111311813309
