DATA;MCPM;UF;PRODUCT;MODEL;PARAMS;WINDOW;HORIZON;RMSE;MAPE;POCID;PBE;P1;P2;P3;P4;P5;P6;P7;P8;P9;P10;P11;P12
combination;16204.015180317567;ES;glp;combination-mean;ARIMA-SARIMA-VARMA;12;12;897.3636173645676;0.03345939129671336;58.333333333333336;0.013087655844712045;22782.404431395207;21163.727043728486;23682.452129226993;23472.85262265193;23445.31412238612;24392.852033684452;22806.636684356297;22774.51387316473;21980.11080773484;23011.617999971782;21142.699926043948;20058.454279084475
