DATA;MCPM;UF;PRODUCT;MODEL;PARAMS;WINDOW;HORIZON;RMSE;MAPE;POCID;PBE;P1;P2;P3;P4;P5;P6;P7;P8;P9;P10;P11;P12
combination;491.91687528652176;RO;gasolinadeaviacao;ARIMA-MEAN;;12;12;21.876879070515077;0.5869677215009232;50.0;-4.871866233297361;53.44693361457497;32.56378113759192;43.332245617740995;52.33176979685262;50.615117885272596;55.59914700482924;66.04031605425702;38.837462713184756;51.34054130358102;59.31534173612709;40.44047955482069;18.66640790058714
