DATA;MCPM;UF;PRODUCT;MODEL;PARAMS;WINDOW;HORIZON;RMSE;MAPE;POCID;PBE;P1;P2;P3;P4;P5;P6;P7;P8;P9;P10;P11;P12
combination;932.7200066357705;TO;gasolinadeaviacao;ARIMA-MEAN;;12;12;42.53422732051608;0.29516885161245043;50.0;3.5413871222886946;112.51487184649923;81.26893747729092;120.9941229108006;120.97573590725185;132.828814177226;125.0727646934469;123.84983274586135;119.00395657199763;111.03467953367999;151.84388354788985;135.6141703228857;115.40202114539113
