DATA;MCPM;UF;PRODUCT;MODEL;PARAMS;WINDOW;HORIZON;RMSE;MAPE;POCID;PBE;P1;P2;P3;P4;P5;P6;P7;P8;P9;P10;P11;P12
combination;448.2250208436847;PE;gasolinadeaviacao;ARIMA-MEAN;;12;12;14.888030249377646;0.5222997254449778;33.333333333333336;1.4660372250357474;28.52489499961171;26.39445316547757;33.8864152143644;25.934801018655;30.594135512017957;30.688959546085005;35.23061069273551;29.508724355035625;29.810216605426774;35.399988256072;34.807512197569196;25.270004127058208
