DATA;MCPM;UF;PRODUCT;MODEL;PARAMS;WINDOW;HORIZON;RMSE;MAPE;POCID;PBE;P1;P2;P3;P4;P5;P6;P7;P8;P9;P10;P11;P12
combination;3.588877426884148e+17;PI;gasolinadeaviacao;ARIMA-MEAN;;12;12;14.979382822396117;1.2755057118123154e+16;50.0;-28.62341457397455;31.180411318543612;21.18484129429943;29.256650155023536;31.405255682744237;36.08555709902757;37.84784972262193;33.98629942307837;33.94355085939225;33.31772898686838;31.181681942917326;33.072250087220034;29.107000166833256
