DATA;MCPM;UF;PRODUCT;MODEL;PARAMS;WINDOW;HORIZON;RMSE;MAPE;POCID;PBE;P1;P2;P3;P4;P5;P6;P7;P8;P9;P10;P11;P12
combination;811.5106115852132;MS;gasolinadeaviacao;ARIMA-MEAN;;12;12;31.934116514856324;0.12496217460661573;41.666666666666664;1.4022634062034551;231.37619590415866;206.49165143661224;210.04315752904765;171.78041679275003;191.90496187173946;166.0847562606399;169.81763854322185;194.28633682351924;196.11638911253178;203.96299215896067;229.25134798213048;201.64657453332939
