DATA;MCPM;UF;PRODUCT;MODEL;PARAMS;WINDOW;HORIZON;RMSE;MAPE;POCID;PBE;P1;P2;P3;P4;P5;P6;P7;P8;P9;P10;P11;P12
arima-trend-seasonal;32420.133510259577;BA;querosenedeaviacao;HYBRID;{'p': 13, 'd': 1, 'q': 13};12;12;2239.279815528111;0.10051456393211101;66.66666666666667;4.123746785705639;16242.169851043644;11876.520603664245;13258.270213847758;12854.977926005598;15037.819390633655;14651.777691785925;16097.08426696761;19169.251572473593;19195.057998338776;23875.51874162117;22506.370696477545;14386.42150330008
