DATA;MCPM;UF;PRODUCT;MODEL;PARAMS;WINDOW;HORIZON;RMSE;MAPE;POCID;PBE;P1;P2;P3;P4;P5;P6;P7;P8;P9;P10;P11;P12
arima-trend-seasonal;13373.646201792028;SE;querosenedeaviacao;HYBRID;{'p': 9, 'd': 1, 'q': 11};12;12;611.3941288167935;0.47688130877476825;50.0;-35.72829980230775;1600.102297372868;1341.6992476657213;1525.197264052081;1561.3638738327072;1692.1429303547786;1898.5756417588973;1907.074378935436;2083.8193647756643;2013.3993544179473;2077.7034663364575;1967.2838435071387;1777.4385667248655
