DATA;MCPM;UF;PRODUCT;MODEL;PARAMS;WINDOW;HORIZON;RMSE;MAPE;POCID;PBE;P1;P2;P3;P4;P5;P6;P7;P8;P9;P10;P11;P12
RandomForest;47774.915750902066;MA;etanolhidratado;VARMA;();12;12;1647.9171844648506;0.2742917739949607;33.333333333333336;7.477294548258554;3203.2838522764387;3332.2880206612563;3037.4033816999604;3643.4306297795542;4247.103072062236;5271.383299005925;5158.700417767995;4421.57723793671;4329.243037319051;3541.2844295231985;2092.108933269119;1987.071121336402
