DATA;MCPM;UF;PRODUCT;MODEL;PARAMS;WINDOW;HORIZON;RMSE;MAPE;POCID;PBE;P1;P2;P3;P4;P5;P6;P7;P8;P9;P10;P11;P12
RandomForest;14045.12320664716;SE;etanolhidratado;VARMA;();12;12;775.1780233444376;0.16739822427773543;58.333333333333336;13.461629780144598;2497.401431022793;2465.9799694599765;2587.0482011883323;2698.8534687133615;2454.041941821359;2978.582563851913;2875.34722780932;2769.398172317674;2772.27041382876;2962.690967225236;2934.507646437255;3172.58491850971
