DATA;MCPM;UF;PRODUCT;MODEL;PARAMS;WINDOW;HORIZON;RMSE;MAPE;POCID;PBE;P1;P2;P3;P4;P5;P6;P7;P8;P9;P10;P11;P12
RandomForest;259633.53582280397;GO;etanolhidratado;VARMA;();12;12;17923.122266198163;0.12032209288480844;66.66666666666667;2.2865748702811652;104042.6392176639;100951.33447844532;110928.67607435836;116107.99316171207;124673.51696715178;132755.68757296042;134568.02355816588;133373.61683945247;118830.38595256141;119522.3243266582;113753.50256023226;110218.4798133869
