DATA;MCPM;UF;PRODUCT;MODEL;PARAMS;WINDOW;HORIZON;RMSE;MAPE;POCID;PBE;P1;P2;P3;P4;P5;P6;P7;P8;P9;P10;P11;P12
RandomForest;364033.798378958;MT;etanolhidratado;VARMA;();12;12;14379.42210223082;0.13162872381401533;41.666666666666664;13.712475289306278;70636.36489941375;71395.57193236846;70610.84286083617;67245.72789068545;68869.98920222084;69041.10788520497;66436.40915629642;68137.04185997846;70345.55109362311;71800.75371993138;74072.207339256;83674.90940127298
