DATA;UF;PRODUCT;MODEL;PARAMS;WINDOW;HORIZON;RMSE;MAPE;POCID;PBE;MASE;P1;P2;P3;P4;P5;P6;P7;P8;P9;P10;P11;P12
normal;AL;etanolhidratado;knn_rf_deepar_svr_catboost_arima;{};12;12;2154.475598696341;0.2962138258733519;63.63636363636363;18.279957609614648;0.9823967047447905;6519.281292836929;6407.1149151759355;6095.82054071276;5864.5683849117895;4865.18312971124;4637.910827451051;4404.764356175215;3632.576383984585;3417.0586912462086;3388.070342163074;3411.569885641545;3984.248580144119
deseasonal;AL;etanolhidratado;knn_rf_deepar_svr_catboost_arima;{};12;12;999.9432251956634;0.15186263560051402;54.54545454545455;-4.336709831907191;0.4128853950428411;5798.481722206352;6212.847402854893;6912.725693813537;6465.643865004627;5463.476604212415;4643.294380625981;4728.2441184615745;5133.750126889401;6016.423613944547;7118.076800440381;6850.855494386797;6956.640262752342
log;AL;etanolhidratado;knn_rf_deepar_svr_catboost_arima;{};12;12;2936.6937245981767;0.4539665719058521;36.36363636363637;1.2248468176561231;1.3465911297347477;5803.58897971909;5985.030233766376;7674.9946181898895;8112.701044122328;9081.81736826538;7929.871695514833;5883.701786712922;3889.9176455140296;2350.2237246123464;2754.9931550893743;3595.486016751681;5384.23517319172
