DATA;UF;PRODUCT;MODEL;PARAMS;WINDOW;HORIZON;RMSE;MAPE;POCID;PBE;MASE;P1;P2;P3;P4;P5;P6;P7;P8;P9;P10;P11;P12
normal;GO;etanolhidratado;knn_rf_deepar_svr_catboost_arima;{};12;12;23080.537622493586;0.16788170606821584;54.54545454545455;3.9844831721112133;0.734996216553718;82173.40992959659;92697.75134154032;106255.62196256427;118705.4862053077;136658.23418621597;138177.15674672215;142592.73381835155;131438.71631602774;115248.51692328736;122038.0173571879;100546.17966055268;108524.61529990859
deseasonal;GO;etanolhidratado;knn_rf_deepar_svr_catboost_arima;{};12;12;33617.651637533745;0.22805414391068632;27.272727272727273;9.213952189110813;1.0257860486898547;87062.85990243295;97976.51044477266;116219.02287841712;130672.89837908505;142858.11703010518;136487.32608929515;123733.83126993434;103950.44354047067;91198.54486069766;91903.78021783092;95374.55526992581;101637.03490040306
log;GO;etanolhidratado;knn_rf_deepar_svr_catboost_arima;{};12;12;20274.351483401548;0.14979895126221318;72.72727272727273;6.715159562939399;0.6607624502428047;78890.78938771616;82279.80201120404;90716.49959577376;96509.45160885724;117264.48172391891;140894.58693430066;143931.71099185044;146338.07972914958;119410.85211217408;128236.20325252888;107396.72488334308;103511.923677237
