DATA;MCPM;UF;PRODUCT;MODEL;PARAMS;WINDOW;HORIZON;RMSE;MAPE;POCID;PBE;P1;P2;P3;P4;P5;P6;P7;P8;P9;P10;P11;P12
RandomForest;221.27111013406176;CE;gasolinadeaviacao;VARMA;();12;12;9.986566968663723;0.19463343471654912;50.0;19.191305641124913;26.558303000935297;24.183560318203856;22.215643219788355;28.059204110069853;23.94960081586731;29.71094783845507;28.614607585850198;36.27651962796626;31.76248609274361;36.30554350247246;33.179809811862405;29.857143680841737
