DATA;MCPM;UF;PRODUCT;MODEL;PARAMS;WINDOW;HORIZON;RMSE;MAPE;POCID;PBE;P1;P2;P3;P4;P5;P6;P7;P8;P9;P10;P11;P12
RandomForest;627.5546313598217;MA;gasolinadeaviacao;VARMA;();12;12;24.358922229655306;0.34269486460368026;41.666666666666664;18.626209938633114;33.62597397269646;37.12099287420663;31.71216586409234;32.23647572484412;55.55641758039967;47.271226624804875;58.08865970854887;84.35158072691499;77.8760449804897;56.39354618010004;48.187033655515904;40.98362390833477
