DATA;MCPM;UF;PRODUCT;MODEL;PARAMS;WINDOW;HORIZON;RMSE;MAPE;POCID;PBE;P1;P2;P3;P4;P5;P6;P7;P8;P9;P10;P11;P12
RandomForest;2730.132254577305;MT;gasolinadeaviacao;VARMA;();12;12;75.37143446497126;0.15133443478858233;16.666666666666668;7.728625688510232;377.23167387356455;296.38959372350274;341.28557893887756;434.12570624266203;477.7671859678947;463.02737730774544;465.25294526770585;392.27639917275116;378.5391451190944;332.2778749620843;301.1662043994801;282.07004774631133
