DATA;MCPM;UF;PRODUCT;MODEL;PARAMS;WINDOW;HORIZON;RMSE;MAPE;POCID;PBE;P1;P2;P3;P4;P5;P6;P7;P8;P9;P10;P11;P12
RandomForest;1.3844595656188024e+18;AP;gasolinadeaviacao;VARMA;();12;12;30.260398701157325;3.608914917732477e+16;41.666666666666664;-25.23713847775043;63.066447444263446;51.94949426799136;57.747905571633446;44.211316185923806;35.576670215680075;56.862834897800795;36.25427161543942;61.74445720348898;29.56062271495528;29.540186183383327;38.881616858917255;30.34110307787406
