DATA;MCPM;UF;PRODUCT;MODEL;PARAMS;WINDOW;HORIZON;RMSE;MAPE;POCID;PBE;P1;P2;P3;P4;P5;P6;P7;P8;P9;P10;P11;P12
RandomForest;164.98006441103252;AL;gasolinadeaviacao;VARMA;();12;12;8.712793721765802;0.3567340046065776;58.333333333333336;26.47065990332016;16.463291560001434;13.37343189860625;20.718073773678263;10.580652717381739;9.80971204200209;15.042019938539442;11.112145264936158;12.177327052529527;13.059527723410138;14.58073892283541;13.990079933421697;19.08106878176617
