DATA;MCPM;UF;PRODUCT;MODEL;PARAMS;WINDOW;HORIZON;RMSE;MAPE;POCID;PBE;P1;P2;P3;P4;P5;P6;P7;P8;P9;P10;P11;P12
RandomForest;278.48074915283263;ES;gasolinadeaviacao;VARMA;();12;12;15.152653357437876;0.20702791559569111;58.333333333333336;9.014007868173119;25.73458875547994;29.873691911033106;29.96973413287617;31.94612667946515;35.64359126726913;44.92487576986378;46.37704282523987;50.89367136386094;45.54386377888183;47.30862427131731;37.32363812401168;29.064781928003555
