DATA;MCPM;UF;PRODUCT;MODEL;PARAMS;WINDOW;HORIZON;RMSE;MAPE;POCID;PBE;P1;P2;P3;P4;P5;P6;P7;P8;P9;P10;P11;P12
RandomForest;8.082908095187174e+16;SE;gasolinadeaviacao;VARMA;();12;12;4.25431155573751;3440588613715663.5;50.0;50.43206541777876;0.6462553778069152;2.352789964456146;0.8813333293241632;1.3864212797106894;3.320682675533921;1.456695069980067;2.5335149411094138;0.6509806836238419;0.7739812718573345;2.2885287033033377;-0.17038024931394946;-0.07169718836028882
