DATA;MCPM;UF;PRODUCT;MODEL;PARAMS;WINDOW;HORIZON;RMSE;MAPE;POCID;PBE;MASE;P1;P2;P3;P4;P5;P6;P7;P8;P9;P10;P11;P12;Test Statistic;p-value;Lags Used;Observations Used;Critical Value (1%);Critical Value (5%);Critical Value (10%);Stationary
normal;192993.4369574492;AC;oleodiesel;ARIMA;{'p': 24, 'd': 1, 'q': 19};12;12;6954.945964081222;0.44336313660327215;36.36363636363637;43.1028812319942;6.730244778133767;8559.375753867807;8193.543732813558;5272.902888090652;5177.223279211803;4135.357095113379;4551.630977508368;5777.710460826609;6491.156818921989;8857.91521216527;9938.138561431093;11968.083276384614;12975.139881472176;-4.8548296560337665;4.266690441836229e-05;14;382;-3.4475850438570115;-2.869135963767125;-2.5708164748773332;True
deseasonal;21322.636946596558;AC;oleodiesel;ARIMA;{'p': 8, 'd': 1, 'q': 24};12;12;1350.8587873954014;0.0867798835066184;63.63636363636363;-4.341205991926529;1.2508950454178192;12617.998215893354;11846.855883483364;12913.00599721416;14016.704169088807;15141.151703270363;15474.229197034618;16082.627375459415;16024.920400621695;14383.1152268032;13593.210915647664;13991.512579450231;12442.827970777149;-5.220491008505973;7.983525586229249e-06;14;382;-3.4475850438570115;-2.869135963767125;-2.5708164748773332;True
log;106775.82371147787;AC;oleodiesel;ARIMA;{'p': 22, 'd': 1, 'q': 18};12;12;5381.948373063144;0.3600590048289931;54.54545454545455;27.7896092075414;5.33260149275177;10657.29804433847;7747.102722251258;8060.087132507434;6316.483109900402;6869.9941290384695;7276.0693542556755;7492.978769920911;9402.396315518583;10055.7929313285;12866.04638861403;13754.324502507747;16133.050233729133;-4.889837160523567;3.6498164567499414e-05;14;382;-3.4475850438570115;-2.869135963767125;-2.5708164748773332;True
