DATA;MCPM;UF;PRODUCT;MODEL;PARAMS;WINDOW;HORIZON;RMSE;MAPE;POCID;PBE;MASE;P1;P2;P3;P4;P5;P6;P7;P8;P9;P10;P11;P12;Test Statistic;p-value;Lags Used;Observations Used;Critical Value (1%);Critical Value (5%);Critical Value (10%);Stationary
normal;35905.75647071384;AL;oleodiesel;ARIMA;{'p': 9, 'd': 1, 'q': 7};12;12;3033.222281460174;0.06422118477938242;72.72727272727273;5.868997606681722;1.2634887788454232;33076.93572127784;29531.79483049331;28090.119423754113;27176.724134937813;28574.497479428406;31116.479214155366;33438.65408082021;36501.75912990413;37745.405109136795;38097.5965617194;37441.30459179939;34932.21061664056;-5.663498377332958;9.264142318770272e-07;17;379;-3.4477224095888497;-2.869196333125208;-2.5708486586002604;True
deseasonal;29215.30203274596;AL;oleodiesel;ARIMA;{'p': 15, 'd': 1, 'q': 21};12;12;2468.9125364206675;0.054431739585372174;72.72727272727273;3.8016226871291097;1.0201359580339189;34298.36992820835;29627.489169958357;28064.805587906278;27577.964193197957;28691.364487673658;29796.308991787937;32772.220039697975;38409.094159104236;39841.096797937586;41109.19195500009;39460.26415966677;34766.48413725011;-9.409449576769306;5.889079195123568e-16;3;393;-3.447099431978147;-2.8689225261604263;-2.57070269105012;True
log;32923.791308187945;AL;oleodiesel;ARIMA;{'p': 12, 'd': 1, 'q': 15};12;12;2782.202286761585;0.05552457769347909;72.72727272727273;5.27254574651482;1.087615960395809;32993.07553405376;29124.281593225558;28600.517242717815;26805.354040035716;28039.279880031743;30484.70917989202;33425.89308223841;37555.80336673177;38441.42992137351;39942.850995882545;37607.03518229297;35210.71388235688;-5.811684061329219;4.3864525917771316e-07;17;379;-3.4477224095888497;-2.869196333125208;-2.5708486586002604;True
