DATA;MCPM;UF;PRODUCT;MODEL;PARAMS;WINDOW;HORIZON;RMSE;MAPE;POCID;PBE;MASE;P1;P2;P3;P4;P5;P6;P7;P8;P9;P10;P11;P12;Test Statistic;p-value;Lags Used;Observations Used;Critical Value (1%);Critical Value (5%);Critical Value (10%);Stationary
normal;178670.746826578;GO;oleodiesel;ARIMA;{'p': 24, 'd': 1, 'q': 17};12;12;22614.376238207617;0.06415262669854235;81.81818181818181;6.587722276111169;1.102234335028001;276594.16701383074;253701.05375111548;257542.42421498694;272115.6265172222;312486.9834897148;306531.6430018571;305079.44513939595;289091.55709857173;259629.2921341637;246192.98574849687;233842.84355535987;272440.22812755767;-5.119042037869492;1.283426015663961e-05;14;382;-3.4475850438570115;-2.869135963767125;-2.5708164748773332;True
deseasonal;239940.49726490068;GO;oleodiesel;ARIMA;{'p': 13, 'd': 2, 'q': 24};12;12;20275.99701275948;0.056006054417345096;72.72727272727273;5.750871781777998;0.9622154772986667;281648.29398467066;250870.10119180157;259739.47765771556;287182.959406825;309780.5202786683;298107.98251037096;304088.560022341;303783.9632050036;271240.91706547345;245049.1430463309;231733.0520403401;271454.7597923223;-4.646884757849603;0.0001057674412970793;14;382;-3.4475850438570115;-2.869135963767125;-2.5708164748773332;True
log;484029.70547305135;GO;oleodiesel;ARIMA;{'p': 9, 'd': 1, 'q': 11};12;12;24554.645944445856;0.06904251473194555;54.54545454545455;2.682849396029432;1.1481389749315882;323895.7285903139;304400.0491864342;290628.2496324434;284370.5695559854;310024.47421149927;301655.92457401886;293521.95116732584;287920.9422496737;250655.78295825727;236428.02400371074;248139.50789399876;290938.8516889071;-5.284362845952749;5.899168848158776e-06;14;382;-3.4475850438570115;-2.869135963767125;-2.5708164748773332;True
