DATA;MCPM;UF;PRODUCT;MODEL;PARAMS;WINDOW;HORIZON;RMSE;MAPE;POCID;PBE;MASE;P1;P2;P3;P4;P5;P6;P7;P8;P9;P10;P11;P12;Test Statistic;p-value;Lags Used;Observations Used;Critical Value (1%);Critical Value (5%);Critical Value (10%);Stationary
normal;17937.003030501048;RS;glp;SARIMA;{'p': 6, 'd': 0, 'q': 5, 'P': 6, 'D': 0, 'Q': 4, 's': 12};12;12;1517.7961303891955;0.018959797557929123;72.72727272727273;0.09823035548726525;0.5222132649249182;66897.43984569219;64483.00118644639;71325.31250009453;74163.56054710958;75439.27168893622;75127.68163804876;67959.47317093993;69078.91028489632;65064.57619607682;62716.53174240635;58540.065671822405;57161.88578521113;-4.229286636328635;0.0005875925620446185;17;379;-3.4477224095888497;-2.869196333125208;-2.5708486586002604;True
deseasonal;5937.64261506714;RS;glp;SARIMA;{'p': 1, 'd': 0, 'q': 3, 'P': 6, 'D': 0, 'Q': 6, 's': 12};12;12;1505.1557382799901;0.019259916692112185;90.9090909090909;-0.5128469900753215;0.532223057638013;66922.30725442748;64216.35152422012;71842.16299658679;75595.3356135619;75430.94627448684;75618.4782467897;68279.66646362169;69623.09548242361;65667.53741293403;63352.294909816774;59816.99262051876;56534.64263095428;-4.231486044546715;0.0005825417018985013;16;380;-3.4476763783532585;-2.869176103659426;-2.570837873961219;True
log;15135.079378637422;RS;glp;SARIMA;{'p': 1, 'd': 0, 'q': 1, 'P': 6, 'D': 0, 'Q': 5, 's': 12};12;12;1280.8543655044898;0.01572999097581045;72.72727272727273;0.1209140945089604;0.4410417222693158;67594.46181250633;63872.67145218539;71392.58266076697;75010.56952773302;75264.5959014817;75084.09037225782;67136.98079864455;68771.55854747246;65005.725537231934;62159.38039197787;59132.76222932455;57348.875798975736;-4.153502860343742;0.0007890423412007654;17;379;-3.4477224095888497;-2.869196333125208;-2.5708486586002604;True
