DATA;MCPM;UF;PRODUCT;MODEL;PARAMS;WINDOW;HORIZON;RMSE;MAPE;POCID;PBE;MASE;P1;P2;P3;P4;P5;P6;P7;P8;P9;P10;P11;P12
normal;32606.16752443987;PI;glp;xgb;{'learning_rate': 0.4, 'n_estimators': 50, 'subsample': 0.7};12;12;1378.6774575135953;0.06986338092729397;45.45454545454545;7.088017913335003;0.9867832211809561;14058.427;14031.588;13698.506;13718.506;14025.92;14087.561;14221.385;14438.955;14189.846;14284.199;14035.056;14217.197
log;48742.20894083947;PI;glp;xgb;{'learning_rate': 0.2, 'n_estimators': 50, 'subsample': 0.8};12;12;1374.5507616339626;0.07008229496628932;18.181818181818183;6.85219586538892;0.9891742909214273;13951.531;13960.728;13969.225;13969.225;14066.145;14071.578;14451.8125;14409.507;14366.876;14265.787;13904.775;14048.917
deseasonal;16337.853377225036;PI;glp;xgb;{'learning_rate': 0.3, 'n_estimators': 100, 'subsample': 0.9};12;12;1379.6829775518704;0.07316407427511816;72.72727272727273;7.516296040987934;1.024974913284008;13884.981169240975;13490.698832599048;13669.127743884203;13698.541349227953;14533.420902282325;14454.331455379548;13875.766493768318;13996.645719416756;13589.304138941496;14624.195481839932;14642.336754583423;13768.755427586026
