DATA;MCPM;UF;PRODUCT;MODEL;PARAMS;WINDOW;HORIZON;RMSE;MAPE;POCID;PBE;MASE;P1;P2;P3;P4;P5;P6;P7;P8;P9;P10;P11;P12
normal;25683.941757917553;PB;glp;xgb;{'learning_rate': 0.4, 'n_estimators': 150, 'subsample': 0.8};12;12;1628.3053960857442;0.06212492508280864;63.63636363636363;4.109807176506528;1.5056697329158477;18772.883;18723.508;20277.443;20217.37;20487.607;20121.766;22020.223;21385.076;21229.06;20611.734;21633.098;21333.223
log;31323.359955040145;PB;glp;xgb;{'learning_rate': 0.2, 'n_estimators': 150, 'subsample': 0.7};12;12;1589.1926602739338;0.06250351455304856;54.54545454545455;3.9933327849487763;1.522422645563755;19800.4;19337.537;19534.16;19882.94;20138.484;20139.389;21164.11;21987.89;21664.76;21152.89;21279.49;21030.734
deseasonal;23330.032720879215;PB;glp;xgb;{'learning_rate': 0.3, 'n_estimators': 50, 'subsample': 0.9};12;12;1184.1360883290672;0.04394554870839975;54.54545454545455;4.221327261393178;1.0818139141769487;19727.222430543887;19755.371770944927;19939.899124694926;20305.902369434512;21624.519087235094;20832.014990699743;20971.208959756128;21214.777575775657;20395.75022664805;21867.473551257426;20577.89064859076;19313.916530043887
