DATA;MCPM;UF;PRODUCT;MODEL;PARAMS;WINDOW;HORIZON;RMSE;MAPE;POCID;PBE;MASE;P1;P2;P3;P4;P5;P6;P7;P8;P9;P10;P11;P12
normal;28975.015118407813;MS;glp;xgb;{'learning_rate': 0.4, 'n_estimators': 50, 'subsample': 0.9};12;12;1225.0377036135596;0.07400279850487022;45.45454545454545;0.0303289082467416;2.1081631582136047;13866.484;14250.242;14141.827;14263.62;15210.864;15120.601;15040.766;15734.426;15425.952;15479.12;14924.819;14822.575
log;30587.12026673416;MS;glp;xgb;{'learning_rate': 0.3, 'n_estimators': 50, 'subsample': 0.8};12;12;1108.877202359176;0.06227271364113928;36.36363636363637;0.9161773664288126;1.787031789060583;13754.685;13855.638;14405.908;14341.632;15449.874;15367.085;15879.782;15600.391;14909.41;14946.925;13650.548;14539.639
deseasonal;16950.85365724424;MS;glp;xgb;{'learning_rate': 0.4, 'n_estimators': 200, 'subsample': 0.8};12;12;717.1483533485431;0.03775691575733961;45.45454545454545;-0.5082789095058994;1.0799177289582134;14403.875562298783;14567.852171856073;15037.324351512323;15412.004075371698;16417.7922659005;15874.802018997092;14534.65906305399;15559.530145371698;14076.973323014927;14800.884872389928;14854.088054225866;13702.039291319616
