DATA;MCPM;UF;PRODUCT;MODEL;PARAMS;WINDOW;HORIZON;RMSE;MAPE;POCID;PBE;MASE;P1;P2;P3;P4;P5;P6;P7;P8;P9;P10;P11;P12
log;14638.589995273727;TO;glp;xgb;{'learning_rate': 0.3, 'n_estimators': 100, 'subsample': 0.9};12;12;450.3733392690809;0.0540093111116133;27.272727272727273;3.01532266046351;1.1832392092377582;7294.1143;7361.959;7097.4834;7170.6553;7283.375;7232.2524;7062.239;7048.9224;6903.6436;7536.5786;6769.7534;6882.5415
normal;9368.747026992543;TO;glp;xgb;{'subsample': 0.8, 'n_estimators': 200, 'learning_rate': 0.4};12;12;432.2803911041266;0.0459793041917066;54.54545454545455;2.9967178596538755;1.0103862579737553;7444.004;7392.521;7137.7896;7321.231;7092.5854;7090.1895;7045.279;7189.948;6968.595;7369.538;6687.1357;6921.1304
