DATA;MCPM;UF;PRODUCT;MODEL;PARAMS;WINDOW;HORIZON;RMSE;MAPE;POCID;PBE;MASE;P1;P2;P3;P4;P5;P6;P7;P8;P9;P10;P11;P12
log;51413.12091088329;SC;glp;xgb;{'learning_rate': 0.3, 'n_estimators': 50, 'subsample': 0.8};12;12;2846.2466070770283;0.0484461095738126;63.63636363636363;3.504832853184753;0.900768144186536;41610.562;44320.71;46372.5;48329.39;48295.71;48733.723;47502.99;47122.125;49167.496;46131.805;45860.63;43504.023
normal;52157.97086156131;SC;glp;xgb;{'learning_rate': 0.4, 'n_estimators': 200, 'subsample': 0.7};12;12;3607.414293193858;0.0567276240906026;72.72727272727273;1.926873524803352;1.07808416070766;44659.03;42251.258;45466.168;46202.78;47130.836;47335.89;49503.684;50853.14;50294.72;48627.45;47202.926;46531.46
