DATA;MCPM;UF;PRODUCT;MODEL;PARAMS;WINDOW;HORIZON;RMSE;MAPE;POCID;PBE;MASE;P1;P2;P3;P4;P5;P6;P7;P8;P9;P10;P11;P12
log;82157.73351181016;BA;glp;xgb;{'learning_rate': 0.2, 'n_estimators': 50, 'subsample': 0.8};12;12;5680.086786385557;0.0698236809129116;72.72727272727273;-5.725653326908169;1.3586598054514325;74743.04;74042.8;78875.22;79200.39;83400.96;81115.54;78815.21;76249.78;74739.83;77901.97;70848.74;69885.56
normal;118132.22016979022;BA;glp;xgb;{'learning_rate': 0.2, 'n_estimators': 50, 'subsample': 0.7};12;12;5449.3731428113615;0.0629197747511098;54.54545454545455;-5.774121947976356;1.2062858686193951;78460.75;75265.17;80274.61;79358.58;80727.88;79820.03;76525.125;77557.74;74834.664;77231.15;70595.57;69589.445
