DATA;MCPM;UF;PRODUCT;MODEL;PARAMS;WINDOW;HORIZON;RMSE;MAPE;POCID;PBE;MASE;P1;P2;P3;P4;P5;P6;P7;P8;P9;P10;P11;P12
log;32147.851587855585;RS;glp;xgb;{'learning_rate': 0.2, 'n_estimators': 50, 'subsample': 0.9};12;12;2225.5738189304475;0.0250072731238138;72.72727272727273;-1.1607916901000004;0.6868581783595219;66598.336;64283.44;69013.89;74211.61;75573.11;74076.484;70605.055;70923.31;67481.055;66205.15;61138.844;58029.793
normal;79804.43711967237;RS;glp;xgb;{'learning_rate': 0.3, 'n_estimators': 150, 'subsample': 0.8};12;12;3157.426514681671;0.0364578399469517;45.45454545454545;-1.721595840410454;0.9965725287947926;66321.734;64728.367;68299.97;72795.19;75152.53;74045.9;74565.61;72061.8;66467.69;66516.53;61973.258;59747.023
