DATA;MCPM;UF;PRODUCT;MODEL;PARAMS;WINDOW;HORIZON;RMSE;MAPE;POCID;PBE;MASE;P1;P2;P3;P4;P5;P6;P7;P8;P9;P10;P11;P12
log;46381.281046152246;PR;glp;xgb;{'learning_rate': 0.3, 'n_estimators': 50, 'subsample': 0.9};12;12;2569.028922798882;0.0268543779745476;63.63636363636363;1.6123437027832337;0.8866323371525303;83037.01;79646.3;87653.88;91617.7;90395.96;89796.734;86176.51;84387.05;83224.1;81374.1;74941.09;75266.555
normal;83932.83204841388;PR;glp;xgb;{'learning_rate': 0.4, 'n_estimators': 200, 'subsample': 0.8};12;12;3873.6377670519273;0.0389139784215968;54.54545454545455;1.1897828647393294;1.2790512665294664;80671.125;80400.3;84196.984;91647.57;90490.984;89547.79;89806.766;87485.125;82997.766;83832.38;77214.8;73552.55
