DATA;MCPM;UF;PRODUCT;MODEL;PARAMS;WINDOW;HORIZON;RMSE;MAPE;POCID;PBE;MASE;P1;P2;P3;P4;P5;P6;P7;P8;P9;P10;P11;P12
normal;24969.373438741564;PA;glp;xgb;{'learning_rate': 0.4, 'n_estimators': 50, 'subsample': 0.7};12;12;1583.9318260442803;0.04121282809182562;63.63636363636363;3.646030238840999;1.0745127269038468;32801.098;32696.879;32691.094;33487.742;31393.703;33567.387;31925.82;31994.273;33503.52;32959.094;33343.344;32474.926
log;20163.03719161216;PA;glp;xgb;{'learning_rate': 0.4, 'n_estimators': 200, 'subsample': 0.7};12;12;1704.8254047865535;0.04001013994970892;72.72727272727273;3.7918324808239325;1.053029145656641;32232.164;32325.686;32673.998;32650.135;32594.416;32760.549;32678.047;32841.13;33054.07;33077.594;32778.582;32578.068
deseasonal;12899.606085264788;PA;glp;xgb;{'learning_rate': 0.3, 'n_estimators': 50, 'subsample': 0.7};12;12;1635.1438930860104;0.03657792137307898;81.81818181818181;3.494651320031332;0.9605710949427083;33326.05056918144;32516.914857030395;33286.560082158;32955.96213231425;32768.599935196115;32751.544215057227;32595.224914793416;33491.723628975706;32521.598397072063;34026.536517462686;31938.05649595227;31277.284895431436
