DATA;MCPM;UF;PRODUCT;MODEL;PARAMS;WINDOW;HORIZON;RMSE;MAPE;POCID;PBE;MASE;P1;P2;P3;P4;P5;P6;P7;P8;P9;P10;P11;P12
normal;15827.920374760482;TO;glp;xgb;{'learning_rate': 0.4, 'n_estimators': 150, 'subsample': 0.8};12;12;573.8548733145687;0.054869716706574125;36.36363636363637;3.9751710246874175;1.2234197661988544;6574.1416;6867.6333;6824.763;6696.8438;6773.481;6965.549;7207.051;7124.703;7318.775;7207.691;7802.709;7432.5713
log;15557.974839347471;TO;glp;xgb;{'learning_rate': 0.3, 'n_estimators': 100, 'subsample': 0.9};12;12;564.0397137718363;0.05762130585739789;36.36363636363637;3.8604557039999867;1.2805847051748387;6620.3223;6667.5825;6745.374;6807.537;6943.1147;7072.6245;7081.554;7108.7686;7379.5737;7400.7383;7377.5825;7692.44
deseasonal;15828.102467798743;TO;glp;xgb;{'learning_rate': 0.4, 'n_estimators': 200, 'subsample': 0.8};12;12;573.8614632507449;0.054870978978878854;36.36363636363637;3.975168259983163;1.2234469465009015;6574.1259765625;6867.6171875;6824.80029296875;6696.84375;6773.43896484375;6965.5068359375;7207.076171875;7124.72900390625;7318.80078125;7207.67333984375;7802.7197265625;7432.58203125
