DATA;MCPM;UF;PRODUCT;MODEL;PARAMS;WINDOW;HORIZON;RMSE;MAPE;POCID;PBE;MASE;P1;P2;P3;P4;P5;P6;P7;P8;P9;P10;P11;P12
log;18690.4258492524;PI;glp;xgb;{'subsample': 0.8, 'n_estimators': 50, 'learning_rate': 0.2};12;12;1292.0664116984865;0.0715325257487861;72.72727272727273;6.839952076742986;1.00087176150183;14539.069;14509.772;14215.01;14354.426;14272.088;14390.323;14212.515;13518.484;13957.065;13850.407;13854.224;13784.993
normal;32918.16762274228;PI;glp;xgb;{'learning_rate': 0.4, 'n_estimators': 50, 'subsample': 0.7};12;12;1301.5394505583631;0.0721517028178019;45.45454545454545;6.732205018684388;1.009036273881206;14333.419;14788.151;14478.149;14193.757;14109.649;14381.425;13925.518;13753.852;13554.473;14249.83;13992.016;13894.131
