DATA;MCPM;UF;PRODUCT;MODEL;PARAMS;WINDOW;HORIZON;RMSE;MAPE;POCID;PBE;MASE;P1;P2;P3;P4;P5;P6;P7;P8;P9;P10;P11;P12
log;2090.991666282304;AC;glp;xgb;{'learning_rate': 0.3, 'n_estimators': 50, 'subsample': 0.9};12;12;144.66334248549094;0.0383545894381007;72.72727272727273;1.59159633640863;0.8281220333417868;3115.5137;3116.56;3218.3743;3055.0386;3139.9463;3195.5522;3073.238;3276.5562;3136.5972;3173.325;3184.0168;3174.4636
normal;2186.3234928196644;AC;glp;xgb;{'learning_rate': 0.2, 'n_estimators': 50, 'subsample': 0.9};12;12;151.21923555600324;0.0458224088178727;72.72727272727273;2.100150654149934;0.9857218078881044;3105.0261;3202.1604;3109.8906;3165.5938;3113.3994;3174.6506;3148.2896;3171.3477;2997.8796;3271.5317;3120.0903;3083.6736
