DATA;MCPM;UF;PRODUCT;MODEL;PARAMS;WINDOW;HORIZON;RMSE;MAPE;POCID;PBE;MASE;P1;P2;P3;P4;P5;P6;P7;P8;P9;P10;P11;P12
log;2124.17936065005;AP;glp;xgb;{'learning_rate': 0.4, 'n_estimators': 200, 'subsample': 0.8};12;12;117.5835331321768;0.0393608435905561;63.63636363636363;1.0882851376487928;1.431738519686331;2853.2349;2736.5374;2822.503;2675.731;2748.6343;2669.3538;2592.2498;2659.5723;2539.5623;2703.1746;2566.2908;2510.1824
normal;1690.9024807262524;AP;glp;xgb;{'learning_rate': 0.2, 'n_estimators': 50, 'subsample': 0.9};12;12;116.9790887569646;0.037715120537008;72.72727272727273;1.0707270142101648;1.3784172722948045;2805.6074;2811.9924;2813.3242;2651.3674;2641.4155;2663.6692;2612.2444;2662.7788;2499.461;2706.724;2629.4355;2584.7002
