DATA;MCPM;UF;PRODUCT;MODEL;PARAMS;WINDOW;HORIZON;RMSE;MAPE;POCID;PBE;MASE;P1;P2;P3;P4;P5;P6;P7;P8;P9;P10;P11;P12
normal;399100.0276716398;MG;glp;xgb;{'learning_rate': 0.3, 'n_estimators': 50, 'subsample': 0.7};12;12;16861.831392673925;0.11502320352593398;45.45454545454545;9.936069647743551;1.156419213757362;106805.47;105740.57;104146.32;102144.57;105905.54;105517.75;106803.4;107113.71;109152.98;108687.71;109978.54;109366.055
log;457801.83396144037;MG;glp;xgb;{'learning_rate': 0.2, 'n_estimators': 100, 'subsample': 0.8};12;12;16582.787649278653;0.1189290466790892;36.36363636363637;10.28397745063464;1.1895943722312012;106399.57;105685.61;104986.625;106376.336;105937.97;105533.62;106594.67;106110.375;108732.63;105803.39;105651.234;108600.805
deseasonal;238422.50682330917;MG;glp;xgb;{'learning_rate': 0.4, 'n_estimators': 200, 'subsample': 0.7};12;12;15093.70442666383;0.11574401532793138;63.63636363636363;10.086313282988254;1.1438464733785814;104102.91471304135;103754.68812334083;107471.82402397884;111000.50135446062;114982.85570784485;110374.39571606455;105116.57442716895;106352.0873335101;110097.64202973407;108770.32363749448;102155.68906509865;95045.5585557627
