DATA;MCPM;UF;PRODUCT;MODEL;PARAMS;WINDOW;HORIZON;RMSE;MAPE;POCID;PBE;MASE;P1;P2;P3;P4;P5;P6;P7;P8;P9;P10;P11;P12
normal;194032.44436605164;RJ;etanolhidratado;xgb;{'learning_rate': 0.4, 'n_estimators': 50, 'subsample': 0.7};12;12;24290.997175867076;0.26509500135514025;81.81818181818181;29.827546515669212;0.9675065631229925;41758.344;40670.324;43049.77;43462.605;44440.082;46560.316;48681.38;50783.71;52863.867;50301.16;47630.984;48587.117
log;191975.82520740878;RJ;etanolhidratado;xgb;{'learning_rate': 0.4, 'n_estimators': 50, 'subsample': 0.7};12;12;24031.58085466662;0.26658656933936636;81.81818181818181;29.87158072554157;0.9689348866705245;40912.277;41182.46;42474.785;43020.812;45444.8;47133.41;47693.234;48915.594;49737.676;50763.035;52042.88;49118.047
deseasonal;203686.57756819745;RJ;etanolhidratado;xgb;{'subsample': 0.7, 'n_estimators': 100, 'learning_rate': 0.4};12;12;25508.009780087443;0.2590282819983181;81.81818181818181;29.753362465020004;0.9651002788567203;41533.208297653095;41513.19977944047;41554.05958861941;44831.54857001849;47184.28879163822;50943.44145736564;53229.805120715995;52937.7599633813;50371.42754328856;51028.18260593388;44341.30401787714;39912.16879531781
