DATA;MCPM;UF;PRODUCT;MODEL;PARAMS;WINDOW;HORIZON;RMSE;MAPE;POCID;PBE;MASE;P1;P2;P3;P4;P5;P6;P7;P8;P9;P10;P11;P12
normal;49816.15653988724;RN;etanolhidratado;xgb;{'learning_rate': 0.4, 'n_estimators': 100, 'subsample': 0.9};12;12;1797.6806134972987;0.3479409141948975;36.36363636363637;-4.690518078425914;1.0193809426184495;3620.0562;3084.0728;3271.5796;4455.624;7131.096;7182.2617;5911.952;6270.015;5363.9907;5068.6997;4545.462;4622.0234
log;15869.483217374695;RN;etanolhidratado;xgb;{'learning_rate': 0.4, 'n_estimators': 50, 'subsample': 0.8};12;12;1972.9945939113495;0.3899065119918779;81.81818181818181;-8.444424777055085;1.0977489642506721;3320.967;2899.5007;3708.4329;3546.125;5503.97;6389.5537;7564.496;7472.126;6941.638;4091.1904;5678.561;5580.5938
deseasonal;41442.75500405446;RN;etanolhidratado;xgb;{'learning_rate': 0.2, 'n_estimators': 100, 'subsample': 0.8};12;12;2089.3902078995484;0.3445968854616661;54.54545454545455;-8.124792539412557;1.0200746314636122;4898.4827958596925;3997.397275175295;4278.128049831941;4443.493546622114;5289.847320518863;6422.788814883954;6609.714455888325;7595.366763663874;6750.479015416073;5846.6765315222165;3588.366678894775;2791.6183708635017
