DATA;MCPM;UF;PRODUCT;MODEL;PARAMS;WINDOW;HORIZON;RMSE;MAPE;POCID;PBE;MASE;P1;P2;P3;P4;P5;P6;P7;P8;P9;P10;P11;P12
normal;43361.72086581427;RS;etanolhidratado;xgb;{'learning_rate': 0.2, 'n_estimators': 100, 'subsample': 0.7};12;12;3609.0133403573636;0.4708013260156025;72.72727272727273;52.888737203368144;1.0569160131353514;2949.6372;2147.5754;1935.4738;1988.968;2495.081;2625.3909;2676.5696;2738.023;2764.7537;3326.8025;3079.5342;3350.675
log;57139.379895833445;RS;etanolhidratado;xgb;{'learning_rate': 0.4, 'n_estimators': 150, 'subsample': 0.8};12;12;3581.6018750223393;0.4747633079184243;63.63636363636363;52.81776274671055;1.0554976763829242;2069.1504;1946.036;2182.0483;2558.1553;2498.912;2660.366;2678.0515;2520.233;3315.8464;3298.355;3224.5767;3175.0808
deseasonal;49888.086614709166;RS;etanolhidratado;xgb;{'learning_rate': 0.4, 'n_estimators': 50, 'subsample': 0.8};12;12;4157.879640216896;0.43364812690407245;72.72727272727273;53.24790582421396;1.064093553890919;2481.3402531891406;2314.103605147452;2816.280243562706;2958.7807792056196;2601.2870420337936;2772.8372573420766;3473.779151714858;3747.951359303785;2649.693984148606;4514.927303019256;826.4561524585026;676.4859645773286
