DATA;MCPM;UF;PRODUCT;MODEL;PARAMS;WINDOW;HORIZON;RMSE;MAPE;POCID;PBE;P1;P2;P3;P4;P5;P6;P7;P8;P9;P10;P11;P12
combination;261.1307233337826;AL;gasolinadeaviacao;combination-median;ARIMA-SARIMA-VARMA;12;12;8.661525563526853;0.3401188229104763;33.333333333333336;30.347122875935828;9.316771826039757;11.406882675188896;14.126277793423675;13.193289783211467;13.582579695652749;17.12591645917321;13.535423064203943;13.542074551959956;13.090373334494084;13.495448736327765;15.667564761026698;12.943704769794316
