DATA;MCPM;UF;PRODUCT;MODEL;PARAMS;WINDOW;HORIZON;RMSE;MAPE;POCID;PBE;P1;P2;P3;P4;P5;P6;P7;P8;P9;P10;P11;P12
combination;302.1082889280336;AC;gasolinadeaviacao;combination-median;ARIMA-SARIMA-VARMA;12;12;20.372475252401475;0.3464559946990438;66.66666666666667;-1.3777612157101458;43.71888674761141;74.2922392425337;50.5829021611776;60.19849829256084;67.9705521433466;75.37834820146598;74.11424725765623;56.99553621476935;63.74355743707167;52.701941201311314;62.648129839643424;43.51993156533653
