DATA;MCPM;UF;PRODUCT;MODEL;PARAMS;WINDOW;HORIZON;RMSE;MAPE;POCID;PBE;P1;P2;P3;P4;P5;P6;P7;P8;P9;P10;P11;P12
combination;6.537178873079861e+16;SE;gasolinadeaviacao;combination-median;ARIMA-SARIMA-VARMA;12;12;3.930879057534319;2424662153225571.0;41.666666666666664;48.04456751281332;1.0794250062474704;0.6085832797445963;1.135339145034198;2.1144329178775463;1.2576692216566827;0.8896873044264957;1.6229583085573012;1.5902250749704423;1.99115126661216;1.0621445169985766;2.0073190167039705;1.4631948718718617
