DATA;MCPM;UF;PRODUCT;MODEL;PARAMS;WINDOW;HORIZON;RMSE;MAPE;POCID;PBE;P1;P2;P3;P4;P5;P6;P7;P8;P9;P10;P11;P12
combination;1542.7568951278772;PR;gasolinadeaviacao;combination-median;ARIMA-SARIMA-VARMA;12;12;47.21168153870223;0.17975629748044755;25.0;5.038641424329023;238.3011675997012;247.1949427566365;239.75142162004855;219.45078379491545;213.798636200394;231.1771004283835;225.0061800607788;234.9173336242544;220.771202112682;252.62419714160825;254.11544045268596;231.95113914352055
