DATA;MCPM;UF;PRODUCT;MODEL;PARAMS;WINDOW;HORIZON;RMSE;MAPE;POCID;PBE;P1;P2;P3;P4;P5;P6;P7;P8;P9;P10;P11;P12
combination;277.8391317512762;RN;gasolinadeaviacao;combination-median;ARIMA-SARIMA-VARMA;12;12;6.396755714937781;2.9452714097111987;33.333333333333336;21.091216996448807;6.6499796975613314;8.94675930102122;6.987908171672163;8.046558433695132;6.391331018578894;9.014673106498744;8.400642002620843;7.3156363672353;10.952413424554914;7.692859320975324;7.171848972514898;6.831123641539671
