DATA;MCPM;UF;PRODUCT;MODEL;PARAMS;WINDOW;HORIZON;RMSE;MAPE;POCID;PBE;P1;P2;P3;P4;P5;P6;P7;P8;P9;P10;P11;P12
combination;1006.8039505246546;TO;gasolinadeaviacao;combination-median;ARIMA-SARIMA-VARMA;12;12;45.85045095211859;0.3400253154437751;50.0;-0.01984904607446901;107.29461449049008;84.19524856478603;120.48517378165968;115.16186450651004;132.7848074735548;131.09554792681973;139.9895508442572;125.47514198048076;129.3298994011171;148.8796149851055;135.6141703228857;133.646826697594
