DATA;MCPM;UF;PRODUCT;MODEL;PARAMS;WINDOW;HORIZON;RMSE;MAPE;POCID;PBE;P1;P2;P3;P4;P5;P6;P7;P8;P9;P10;P11;P12
combination;1444.312534630981;RS;gasolinadeaviacao;combination-median;ARIMA-SARIMA-VARMA;12;12;98.29836402851477;0.44734505099401467;66.66666666666667;0.2516444526348191;158.38951812402993;99.3255132582771;107.82873221872096;97.01801781943269;79.73484252386697;191.05693641096877;231.8718997686406;265.658466419378;327.3042644422218;490.2648292968527;596.5667078480242;260.367581118135
