DATA;UF;PRODUCT;MODEL;PARAMS;WINDOW;HORIZON;RMSE;MAPE;POCID;PBE;MASE;P1;P2;P3;P4;P5;P6;P7;P8;P9;P10;P11;P12
normal;GO;gasolinac;knn_rf_deepar_svr_catboost_arima;{};12;12;23764.89245693136;0.13750231175758784;36.36363636363637;-6.9201722539363795;0.9088824911617579;193525.72924239864;184256.2817848481;137775.7901861319;128261.36394442192;124255.92148748551;130166.10997155873;138938.67800203443;130682.52269276524;150442.4284257752;130157.81413162431;135399.39433135465;129457.7134108714
deseasonal;GO;gasolinac;knn_rf_deepar_svr_catboost_arima;{};12;12;24630.537922503587;0.16542811687057307;72.72727272727273;-5.304175567688105;1.0792772400430712;101591.09759628314;108392.67564673391;134405.58624977863;148072.19423177914;141282.19352718213;139156.21674087082;149676.97248617077;161886.9555285465;149485.14340577403;174213.9461936342;145689.82840160423;133571.73956630807
log;GO;gasolinac;knn_rf_deepar_svr_catboost_arima;{};12;12;25515.502680236357;0.18740957569067684;54.54545454545455;-4.566279269055968;1.2098336106456653;115946.20224090798;111611.5328631261;130086.69615203532;117991.05998805589;124935.72209499971;152176.07944400696;154779.05379382416;162731.65756503283;154036.92791109663;151318.1229382841;156997.6904763952;142989.54051393628
