DATA;MCPM;UF;PRODUCT;MODEL;PARAMS;WINDOW;HORIZON;RMSE;MAPE;POCID;PBE;MASE;P1;P2;P3;P4;P5;P6;P7;P8;P9;P10;P11;P12
linear;119183.83105582166;PB;etanolhidratado;xgb_rf_knn_arima_arma_sarima;{};12;12;4306.313164035292;0.27578289549506096;36.36363636363637;24.667432556783663;0.7640646185358925;11508.556495507619;11543.403460448098;8628.261651916057;7679.226919799292;7686.29412047585;6199.128403207132;5761.049822392692;6619.875622824746;7971.939129449491;8678.728445338924;12631.1946607116;13240.150245595743
