DATA;MCPM;UF;PRODUCT;MODEL;PARAMS;WINDOW;HORIZON;RMSE;MAPE;POCID;PBE;MASE;P1;P2;P3;P4;P5;P6;P7;P8;P9;P10;P11;P12
linear;22153.468653951048;TO;etanolhidratado;xgb_rf_knn_arima_arma_sarima;{};12;12;1119.3963060725766;0.2400256539088523;54.54545454545455;27.603513048720192;0.6848213845469193;1904.357519251434;1922.5019730617846;1955.3678323880931;1644.6587991157726;1674.7867120086885;2298.7224645274405;2547.079248726698;2509.131432436141;2667.1820526617635;2725.971561383247;2558.175816581512;2311.535934118258
