DATA;MCPM;UF;PRODUCT;MODEL;PARAMS;WINDOW;HORIZON;RMSE;MAPE;POCID;PBE;MASE;P1;P2;P3;P4;P5;P6;P7;P8;P9;P10;P11;P12
linear;202546.50684567832;BA;etanolhidratado;xgb_rf_knn_arima_arma_sarima;{};12;12;10253.36810038713;0.16496396532624777;54.54545454545455;16.714751315334258;0.5893407262647525;37360.094793508404;34615.85163642878;33200.64335859204;29171.147537984147;31514.259206347087;34178.57217329777;34172.205029628;35335.78342278864;38478.14410772465;35968.44977302521;41252.60038906796;45141.59707791498
