DATA;MCPM;UF;PRODUCT;MODEL;PARAMS;WINDOW;HORIZON;RMSE;MAPE;POCID;PBE;MASE;P1;P2;P3;P4;P5;P6;P7;P8;P9;P10;P11;P12
linear;330414.50831141404;GO;etanolhidratado;xgb_rf_knn_arima_arma_sarima;{};12;12;13968.617002993291;0.0809416188975696;45.45454545454545;8.087039843677882;0.3812788833620304;98223.19121874888;99942.2093175997;91398.34320804909;101312.4380345494;102642.40877473482;113170.98881200372;111893.52492619099;117970.40362642832;126371.51167729637;118310.60828348022;131667.10644106267;122545.65150853802
