train_range;test_range;UF;PRODUCT;MODEL;PARAMS;WINDOW;HORIZON;RMSE;MAPE;POCID;PBE;MCPM;MASE;P1;P2;P3;P4;P5;P6;P7;P8;P9;P10;P11;P12;error_series;Test Statistic;p-value;Lags Used;Observations Used;Critical Value (1%);Critical Value (5%);Critical Value (10%);Stationary
1990-01_2023-02;2023-03_2024-02;GO;gasolinac;ARIMA;{'depth': 5, 'iterations': 200, 'learning_rate': 0.3, 'loss_function': 'RMSE'};12;12;26980.586075574654;0.1838344421072995;45.45454545454545;4.654896986593391;639403.1485382962;1.220889815349047;113712.86067269866;107359.72473423442;105338.73374937709;105429.7579401997;111297.70264050379;117461.40028157759;133530.26681817978;142133.36684644487;150240.46156134037;153560.06127364814;152350.85992599867;135422.2956515525;[27598.239327301344, 30818.177265765582, 48401.71625062292, 35174.692059800305, 26079.318359496217, 17794.3997184224, -6291.666818179772, -12116.966846444877, -24612.41156134037, -14763.731273648154, -28546.76592599867, -24943.585651552494];-1.4444896508978469;0.560771317003242;16;380;-3.4476763783532585;-2.869176103659426;-2.570837873961219;False