train_range;test_range;UF;PRODUCT;MODEL;PARAMS;WINDOW;HORIZON;RMSE;MAPE;POCID;PBE;MCPM;MASE;P1;P2;P3;P4;P5;P6;P7;P8;P9;P10;P11;P12;error_series;Test Statistic;p-value;Lags Used;Observations Used;Critical Value (1%);Critical Value (5%);Critical Value (10%);Stationary
1990-01_2023-02;2023-03_2024-02;AM;gasolinac;ARIMA;{'depth': 4, 'iterations': 200, 'learning_rate': 0.3, 'loss_function': 'RMSE'};12;12;4445.771215766141;0.06985553445096002;27.272727272727273;-6.186792186885462;140142.1611326097;0.6299796520269431;52283.77902942548;53313.27341875399;52781.8827952214;53852.40363115998;56613.738611333865;56447.291628327;58517.140383247795;56546.53344060103;57081.45223420696;53916.94066173038;50783.02909049814;53178.5904217272;[-3292.634029425484, -4455.003418753993, 31.321204778600077, 1605.1913688400236, -2880.883611333862, -55.040628327005834, -6036.982383247792, -4229.09044060103, -7631.3332342069625, -2383.681661730385, -57.4460904981388, -8795.288421727193];-1.5982204279157421;0.4844873539551792;17;379;-3.4477224095888497;-2.869196333125208;-2.5708486586002604;False
