train_range;test_range;UF;PRODUCT;MODEL;PARAMS;WINDOW;HORIZON;RMSE;MAPE;POCID;PBE;MCPM;MASE;P1;P2;P3;P4;P5;P6;P7;P8;P9;P10;P11;P12;error_series;Test Statistic;p-value;Lags Used;Observations Used;Critical Value (1%);Critical Value (5%);Critical Value (10%);Stationary
1990-01_2023-02;2023-03_2024-02;BA;etanolhidratado;ARIMA;{'p': 3, 'd': 0, 'q': 20};12;12;10209.213948142135;0.15505405219622428;36.36363636363637;13.976593173665918;282008.2249324937;0.566128098689356;33849.910734145626;33008.811090611875;34089.10304283911;37680.233756662165;37081.32601086498;39626.99578820173;39230.96280762052;37261.651941480864;36234.74111915458;40602.00282879198;40047.67207918347;35825.79118017573;[-258.10073414562794, 643.1889093881255, -949.8870428391092, -4595.903756662163, -3458.4410108649754, -716.2857882017342, 4806.33619237948, 14352.303058519137, 12890.693880845414, 15413.835171208026, 17932.28392081653, 16166.174819824271];-3.476556153146989;0.008609994585108326;15;381;-3.4476305904172904;-2.869155980820355;-2.570827146203181;True
1990-01_2022-02;2022-03_2023-02;BA;etanolhidratado;ARIMA;{'p': 11, 'd': 1, 'q': 10};12;12;9014.939118157386;0.18210618858932812;72.72727272727273;6.906252433678235;107174.37571854814;inf;34968.51433916243;33351.9480008097;31367.072974401126;32604.756436882988;32872.08592510811;34151.0258678787;35347.5551923904;37178.59787680985;36989.709213010035;41775.41440140562;40195.49270475503;35943.13884943656;[20874.54466083757, 10310.166999190296, 11066.563025598873, 11158.711563117013, -914.4809251081133, -8797.4778678787, -5937.654192390397, 2544.602123190147, 2834.5007869899637, -751.6984014056216, -5561.112704755033, -5168.13884943656];-3.716268901551876;0.00389005063033871;8;376;-3.4478619826418817;-2.869257669826291;-2.570881358363513;True
