DATA;UF;PRODUCT;MODEL;PARAMS;WINDOW;HORIZON;RMSE;MAPE;POCID;PBE;MASE;P1;P2;P3;P4;P5;P6;P7;P8;P9;P10;P11;P12
normal;AM;etanolhidratado;knn_rf_deepar_svr_catboost_arima;{};12;12;5070.265670364778;0.3094988083089128;63.63636363636363;26.124340978999143;1.0961492452466821;8515.372684669715;6654.290497477735;9610.5403767984;11991.656582062686;16245.352526927285;16447.556134643204;12682.629969211324;11443.257406548417;10776.342816025808;10056.779540481075;7964.591569267063;8069.82118021546
deseasonal;AM;etanolhidratado;knn_rf_deepar_svr_catboost_arima;{};12;12;5672.439107482036;0.3069144667161135;54.54545454545455;29.999948021789496;1.1055309324268308;8451.806909649607;8924.672819311389;10357.139351899881;12745.244847246833;13948.288851183172;15558.450843786084;14552.924990300866;10646.518915647513;7987.943045445387;7279.386665955399;6444.675173986943;6717.14327472856
log;AM;etanolhidratado;knn_rf_deepar_svr_catboost_arima;{};12;12;4282.458089566024;0.23520888448819724;63.63636363636363;23.75094164034404;0.8342666280326029;8787.415969488562;6395.825542583484;8779.921860109942;11387.964454400959;13205.905501843867;14580.993446382168;14106.764286964426;13553.539214441675;12256.366045364957;11060.07168980462;10114.375300712223;10420.271292869926
