DATA;UF;PRODUCT;MODEL;PARAMS;WINDOW;HORIZON;RMSE;MAPE;POCID;PBE;MASE;P1;P2;P3;P4;P5;P6;P7;P8;P9;P10;P11;P12
normal;MG;etanolhidratado;knn_rf_deepar_svr_catboost_arima;{};12;12;71999.40467947752;0.31724406540992156;63.63636363636363;13.4989498310616;0.9504625203044481;87105.38022728567;92011.53590735733;136473.90845705662;146869.54112356645;197010.99269117514;218343.42444407474;226923.73504742072;216414.57642083563;173396.8756239614;154124.18543063497;88252.89755411622;44274.155691303735
deseasonal;MG;etanolhidratado;knn_rf_deepar_svr_catboost_arima;{};12;12;103140.5829706279;0.46287277093280593;54.54545454545455;20.374856101844387;1.4001306736766879;75813.91783781245;109474.3713694573;160645.9041271094;180435.42751595803;224224.82231568333;232679.4255170348;231803.10673095196;180823.4562693929;130515.10010612394;81668.92212426601;22127.940945087787;9402.410635920562
log;MG;etanolhidratado;knn_rf_deepar_svr_catboost_arima;{};12;12;51666.03061269899;0.2793448235353598;72.72727272727273;9.605855861920457;0.7681953567802501;82051.9835064343;69071.12437032853;99056.45015193112;159595.87617239123;189125.84324378503;218812.03687309744;218911.25957680296;201807.6447358845;187419.2261481589;173743.00508769145;150987.30836310453;110784.76248143316
