DATA;MCPM;UF;PRODUCT;MODEL;PARAMS;WINDOW;HORIZON;RMSE;MAPE;POCID;PBE;P1;P2;P3;P4;P5;P6;P7;P8;P9;P10;P11;P12
normal;521032.7092234075;PR;gasolinac;ARIMA;(12, 2);12;12;28812.664828960827;0.0951607040576284;58.333333333333336;3.3822009175972614;312404.5614183516;282800.337768629;277889.57848280034;246087.37148961725;244474.46778909577;248024.85144296926;272881.6356783499;233417.58917956176;295671.023623625;300201.1368271226;225770.75881434383;262312.3508827234
