DATA;MCPM;UF;PRODUCT;MODEL;PARAMS;WINDOW;HORIZON;RMSE;MAPE;POCID;PBE;P1;P2;P3;P4;P5;P6;P7;P8;P9;P10;P11;P12
normal;330908.827252479;SC;gasolinac;ARIMA;(12, 2);12;12;22878.19681834405;0.06959995005760462;66.66666666666667;6.1588711259467805;276492.8340813286;217656.54037619664;261048.84595426632;208897.67136710044;239175.57516515296;215939.98506000263;247508.92248551955;215980.23701911548;256363.03638257034;269835.83628570964;255396.7155970513;245103.91260467647
