DATA;MCPM;UF;PRODUCT;MODEL;PARAMS;WINDOW;HORIZON;RMSE;MAPE;POCID;PBE;P1;P2;P3;P4;P5;P6;P7;P8;P9;P10;P11;P12
normal;735136.9284345548;RS;gasolinac;ARIMA;(12, 2);12;12;33894.927538995464;0.08777856834436738;50.0;7.535352049558737;322807.15310592623;271819.61577942764;317737.13369369804;255162.07204362634;280867.183663831;259801.8267155337;316111.4998164174;267484.0020224945;319143.7778531821;334032.53102849174;293748.31837492145;308495.8071642533
