DATA;MCPM;UF;PRODUCT;MODEL;PARAMS;WINDOW;HORIZON;RMSE;MAPE;POCID;PBE;P1;P2;P3;P4;P5;P6;P7;P8;P9;P10;P11;P12
normal;494724.91954669205;RJ;gasolinac;ARIMA;(12, 2);12;12;27352.572496551973;0.10322393675110682;58.333333333333336;6.916671194601612;234906.01060209505;180810.34430612333;221332.7491204542;149970.87658638356;169709.8199775547;143610.54634475205;204728.14294135186;171103.88782099372;198514.3897217809;223145.13553027972;162603.9856437306;177572.8792365543
