DATA;MCPM;UF;PRODUCT;MODEL;PARAMS;WINDOW;HORIZON;RMSE;MAPE;POCID;PBE;P1;P2;P3;P4;P5;P6;P7;P8;P9;P10;P11;P12
normal;127128.19367921054;PI;gasolinac;ARIMA;(12, 2);12;12;8768.110625949252;0.14993371280086046;66.66666666666667;15.105942538279047;46240.50349284167;38674.13024203174;48650.60173417248;39019.57513355096;45674.615663628865;38757.348481808236;42295.8079371612;48752.82647826683;44312.852073701986;50508.169337856845;47763.508771505374;43282.01556432742
