DATA;UF;PRODUCT;MODEL;PARAMS;WINDOW;HORIZON;RMSE;MAPE;POCID;PBE;MASE;P1;P2;P3;P4;P5;P6;P7;P8;P9;P10;P11;P12
mean;AM;gasolinac;knn_rf_deepar_svr_catboost_arima;{};12;12;5134.060283521371;0.0780264654809054;54.54545454545455;-5.352329669588244;0.7084128724914017;48489.14995608847;49499.816860560706;52730.57506310838;53111.12556041965;55943.075071739986;56363.79153089335;57159.98989209287;59550.39115822745;56256.32458865651;59347.91947022531;46893.21256305155;54820.92183963576
