DATA;UF;PRODUCT;MODEL;PARAMS;WINDOW;HORIZON;RMSE;MAPE;POCID;PBE;MASE;P1;P2;P3;P4;P5;P6;P7;P8;P9;P10;P11;P12
mean;RS;gasolinac;knn_rf_deepar_svr_catboost_arima;{};12;12;19666.263253654106;0.044411580730029966;63.63636363636363;3.4697305215455505;0.8163337869708859;297239.38227934367;296244.1454409609;298707.2412799498;300783.0476492809;307586.87957914284;309167.14946447883;309986.4114406302;313892.9257833022;310471.96255853516;336260.5688769029;314511.62424118025;308328.5654691237
