DATA;UF;PRODUCT;MODEL;PARAMS;WINDOW;HORIZON;RMSE;MAPE;POCID;PBE;MASE;P1;P2;P3;P4;P5;P6;P7;P8;P9;P10;P11;P12
mean;MG;gasolinac;knn_rf_deepar_svr_catboost_arima;{};12;12;45887.24189677945;0.09612172645989657;63.63636363636363;4.9328491827914815;0.7440282400048982;364083.1090641378;352376.55129992275;359900.3413455229;351815.1878822607;362142.1449934559;362682.59352000186;366876.51677273615;370888.72095402004;382740.44495399884;407920.14571383235;389383.6334225449;400806.4877634434
