train_range;test_range;UF;PRODUCT;MODEL;PARAMS;WINDOW;HORIZON;RMSE;MAPE;POCID;PBE;MCPM;MASE;P1;P2;P3;P4;P5;P6;P7;P8;P9;P10;P11;P12;error_series;Test Statistic;p-value;Lags Used;Observations Used;Critical Value (1%);Critical Value (5%);Critical Value (10%);Stationary
1990-01_2023-02;2023-03_2024-02;PA;etanolhidratado;ARIMA;{'p': 21, 'd': 1, 'q': 10};12;12;3065.5464585598015;0.35587184546375733;45.45454545454545;44.295640790560384;72885.55442943866;0.9874197548399404;3006.9130178495298;2850.0418824562075;2785.1753717326405;3023.328065860093;2900.474702071979;2880.5809456991237;2669.5034878489123;2607.3235112995703;2594.1077353282526;2744.1637718093593;2746.3749871836926;2832.077811308746;[513.7199821504701, 436.01711754379266, 573.1266282673596, 161.09593413990706, -178.91970207197937, 735.3050543008762, 1878.988512151088, 2801.6754887004295, 3977.8712646717477, 4872.774228190641, 5191.762012816307, 5786.882188691254];-3.828939310491714;0.002624725237770085;16;380;-3.4476763783532585;-2.869176103659426;-2.570837873961219;True
1990-01_2022-02;2022-03_2023-02;PA;etanolhidratado;ARIMA;{'p': 9, 'd': 1, 'q': 3};12;12;676.1773256671136;0.2055154086868619;45.45454545454545;-3.011082212210534;16035.575087127792;inf;2975.0108008885322;2891.6613808924835;3057.0505813697473;3122.5722007434424;3102.2836533627324;3164.571172986289;3199.7651607311673;3190.387472477568;3211.3616798404964;3245.3530140665757;3218.1181021981693;3236.9300714052843;[1205.1301991114674, 896.9736191075167, 510.77741863025267, 479.5907992565576, -627.3066533627325, -813.6541729862893, -855.1631607311674, -409.8454724775679, -467.9976798404964, 1.8079859334243338, -360.0531021981692, -659.7730714052841];-3.6787159282263393;0.004422691499186775;16;368;-3.4482453822848496;-2.8694261442901396;-2.5709711770439507;True
