DATA;MCPM;UF;PRODUCT;MODEL;PARAMS;WINDOW;HORIZON;RMSE;MAPE;POCID;PBE;P1;P2;P3;P4;P5;P6;P7;P8;P9;P10;P11;P12
combination;8189.8499464609085;ES;querosenedeaviacao;combination-median;ARIMA-SARIMA_DS;12;12;323.57533293743955;0.10060135722653024;41.666666666666664;10.291892269299485;2576.816342160726;2359.5377567216638;2409.409731361077;2376.6324426008423;2511.958850385997;2401.1774222194426;2383.2724613628934;2393.3096482192996;2433.5172624463044;2551.6260438523136;2419.45180871217;2126.873788622245
