DATA;MCPM;UF;PRODUCT;MODEL;PARAMS;WINDOW;HORIZON;RMSE;MAPE;POCID;PBE;MASE;P1;P2;P3;P4;P5;P6;P7;P8;P9;P10;P11;P12
normal;162489.87627707838;DF;querosenedeaviacao;knn;{'n_neighbors': 1};12;12;8219.169497930974;0.20033357665540452;54.54545454545455;17.212352234518065;2.585031421155513;28770.29672097248;18002.236816376462;21546.76980306615;16292.206765761966;19905.95886502768;21042.277549665894;27180.06498615566;27311.103332182043;28157.651415623826;28422.004481924476;26435.572900992895;32424.422344668008
log;270251.5730662966;DF;querosenedeaviacao;knn;{'n_neighbors': 1};12;12;8555.678350988024;0.2188261792730264;27.272727272727273;22.527366033036138;2.8249168856487015;15712.02741335317;19820.916522142154;17526.57516600899;20416.5170738285;22912.594986913275;29315.28366405212;27763.808045033446;24592.350041557675;24529.334727397727;20422.262660097793;27136.921972407767;26371.312289488593
deseasonal;190072.08068395616;DF;querosenedeaviacao;knn;{'n_neighbors': 3};12;12;6879.396156665251;0.1689337282628943;36.36363636363637;11.510953850857799;2.182157939518919;24833.462783326828;17903.070625875163;18452.983293029607;20668.947358082132;26743.11121103982;27732.77985481636;29039.547227075935;28721.96494194459;31093.58099052992;32242.131414931384;32852.76678079325;25555.98762159123
