DATA;MCPM;UF;PRODUCT;MODEL;PARAMS;WINDOW;HORIZON;RMSE;MAPE;POCID;PBE;MASE;P1;P2;P3;P4;P5;P6;P7;P8;P9;P10;P11;P12
normal;4729.910953935448;MS;querosenedeaviacao;knn;{'n_neighbors': 5};12;12;398.0086068991764;0.16102578770439135;72.72727272727273;10.606430282151228;0.9580734426996939;2200.3294723518225;1533.6451931889217;1277.504408103354;1100.5269437920765;1122.0402426678313;2138.912213373762;1115.2071925028627;1677.1297469355015;1433.40213482611;2088.4733463566718;2166.468109366717;1431.6711384504115
log;21762.72808663333;MS;querosenedeaviacao;knn;{'n_neighbors': 1};12;12;784.3061463164466;0.41096718604721155;36.36363636363637;4.06202217325853;2.299428832192389;823.1423288463726;2063.845431157468;2081.38997451688;2303.722858757109;2377.6844340759185;2196.5259713667983;2025.9895887812909;1752.2400246949428;1336.8082584404058;1354.3529247734573;1313.6181657441389;1067.8472133601713
deseasonal;9537.01467652972;MS;querosenedeaviacao;knn;{'n_neighbors': 7};12;12;600.663612866836;0.286453629891243;63.63636363636363;16.84424228573401;1.7330451957828141;2462.6191354933017;1898.2834647445284;1596.6968109423449;1222.7849478775092;1103.5137625266045;1743.0337007220592;972.5401597569161;1269.5055053375547;1134.4268202004941;1601.9920901797705;1670.2008535024056;1263.9993289551824
