DATA;MCPM;UF;PRODUCT;MODEL;PARAMS;WINDOW;HORIZON;RMSE;MAPE;POCID;PBE;MASE;P1;P2;P3;P4;P5;P6;P7;P8;P9;P10;P11;P12
normal;4246.044779054593;TO;querosenedeaviacao;knn;{'n_neighbors': 3};12;12;214.80155926808274;0.16181424562575789;54.54545454545455;8.651667318382506;0.7102277299963186;934.5611571606521;718.6237539017018;714.0519344079144;575.1614228259151;742.2131022179997;619.6894425172609;654.8758792984913;879.0836927094152;901.6899930502117;1013.4502675496682;976.3213733424817;710.8148388823579
log;4259.18020869332;TO;querosenedeaviacao;knn;{'n_neighbors': 1};12;12;215.31760037204802;0.1878717016905973;54.54545454545455;9.313682181709625;0.7449448084757248;484.84535008719496;501.4391502625073;701.3958477025825;670.2147093726513;645.8391237693506;814.4388655159245;879.2549088044954;871.3005917688004;894.7097250350932;956.8736149076017;1002.7447500643656;949.0632551596259
deseasonal;5097.766887403056;TO;querosenedeaviacao;knn;{'n_neighbors': 5};12;12;214.98971466382378;0.17094848895522033;45.45454545454545;9.420728111657171;0.738960373644747;945.7778160022494;766.6003320813558;741.0013413126422;622.4617301083614;630.4109764645949;597.0105938600832;677.8364243558585;798.0648259194728;843.8047546739372;963.4500431460538;1001.7159862292855;772.9222386037595
