DATA;MCPM;UF;PRODUCT;MODEL;PARAMS;WINDOW;HORIZON;RMSE;MAPE;POCID;PBE;MASE;P1;P2;P3;P4;P5;P6;P7;P8;P9;P10;P11;P12
normal;150120.98787464615;MG;querosenedeaviacao;knn;{'n_neighbors': 1};12;12;5416.281152103303;0.3680957028889292;36.36363636363637;-34.71860473860812;0.6827856866822618;19552.255979008834;16436.03624564896;9435.915027145042;14399.32675458807;12150.107292088913;13925.001573531163;14219.262906264765;20291.556017427;21294.54578082717;20835.55477039908;21734.575624510748;20328.580353762438
log;140634.3228947725;MG;querosenedeaviacao;knn;{'n_neighbors': 5};12;12;5075.0829656786655;0.35441352543981486;36.36363636363637;-35.25484045425383;0.6580227727289845;11135.494797773583;15026.0571253162;12795.481533898053;14412.616446305046;14525.845086972746;18049.066496302847;19119.85514416955;18035.56453818303;20398.483085198644;21123.967910694613;21571.15144051702;19223.538085293556
deseasonal;86907.7226697724;MG;querosenedeaviacao;knn;{'n_neighbors': 3};12;12;4384.34780957514;0.31970986509673915;54.54545454545455;-31.610657379653468;0.5763033110683017;18314.73486230065;15096.508362352455;13735.933167291578;12900.176077038896;14703.903791667548;19028.583351910172;17796.19037770339;18434.609366990182;17935.29525601513;19823.06545797356;16543.678954844487;15569.871069287461
