DATA;MCPM;UF;PRODUCT;MODEL;PARAMS;WINDOW;HORIZON;RMSE;MAPE;POCID;PBE;MASE;P1;P2;P3;P4;P5;P6;P7;P8;P9;P10;P11;P12
normal;22869.78849044555;PB;querosenedeaviacao;knn;{'n_neighbors': 9};12;12;964.1067594495338;0.22370023588370605;45.45454545454545;22.565601447571357;1.2947231485432864;3168.5418449110125;2109.227536641788;2159.4956762987968;2435.823505199915;3073.4159539717743;2696.127723478766;2587.565567800788;3011.4602408170763;3153.0829982019577;4066.1429147719505;4417.877218156485;3017.9001951636114
log;34048.21235216534;PB;querosenedeaviacao;knn;{'n_neighbors': 5};12;12;1230.239092640009;0.26512289665836325;36.36363636363637;26.159713063590157;1.5328758101345845;1616.5777380684815;1923.3231368817337;2229.7024663101506;2547.406117397653;2327.5430627869237;2572.8957503361703;3152.9884211395265;3132.510218123457;4140.234337862968;4150.212730852427;3056.23500074132;3380.8916352826855
deseasonal;19796.93782485118;PB;querosenedeaviacao;knn;{'n_neighbors': 5};12;12;1000.2593783053842;0.2416857478633017;54.54545454545455;22.307475295536957;1.3840958860956667;3685.594640838822;2648.9693315644454;1926.4197012002105;2266.5641505574367;2735.3818134800626;2689.710480480191;2491.380702432686;2742.868596184016;2946.045730798023;3553.6837957854927;4384.4033896325955;3945.299906945686
