DATA;MCPM;UF;PRODUCT;MODEL;PARAMS;WINDOW;HORIZON;RMSE;MAPE;POCID;PBE;MASE;P1;P2;P3;P4;P5;P6;P7;P8;P9;P10;P11;P12
normal;849560.5562146944;PR;gasolinac;rf;{'n_estimators': 100};12;12;43039.01651689412;0.1313032414738312;54.54545454545455;3.9706864970776308;1.159072786747509;246996.91316900664;241805.9168631299;242818.8927836418;241162.19755595614;240467.230604672;247455.4595342761;256943.74821386923;261882.05397803462;276772.52601137944;297599.02533864416;303296.4276120657;325232.7268367635
log;910648.8734721711;PR;gasolinac;rf;{'n_estimators': 100};12;12;38470.215691993406;0.12143067016812388;45.45454545454545;3.8471657516763775;1.0780283352679003;248212.93771331987;241505.14828085332;247496.99371262945;246889.12976266743;247251.08407748857;252286.47359445252;259329.35097950874;264997.9213738607;279430.9736390829;288366.8938285275;301633.2471748967;309126.46973920526
deseasonal;670478.3559702152;PR;gasolinac;rf;{'n_estimators': 50};12;12;33989.48740845726;0.1006829052655705;54.54545454545455;4.086517308975444;0.8976538079988915;293122.64657698886;268195.63305476954;250882.9986650194;237413.04818250024;245276.53275460296;245916.1131045598;244991.31086054607;257334.2111026591;265823.93915676133;290606.7568104152;279863.87085095514;299167.3981381454
