DATA;MCPM;UF;PRODUCT;MODEL;PARAMS;WINDOW;HORIZON;RMSE;MAPE;POCID;PBE;MASE;P1;P2;P3;P4;P5;P6;P7;P8;P9;P10;P11;P12
log;150964.72683009066;PB;gasolinac;rf;{'n_estimators': 100};12;12;6959.29489579822;0.0960664252344872;54.54545454545455;6.589578922037431;1.1978661107721362;62841.14894609783;60142.1191655979;61207.81583688957;57070.48942893152;55374.51705755155;53200.308985209966;53963.69653448485;55423.727734932;56262.50327918215;60544.0195314453;63882.46564899924;65810.89821285382
normal;179498.49892316366;PB;gasolinac;rf;{'n_estimators': 150};12;12;7094.120716243995;0.0993111227557981;45.45454545454545;6.629253633071379;1.239908380467526;63418.52588187638;60986.77497814463;60856.61546372727;57187.79704190581;55414.31580801566;52297.65588634174;54843.8178583116;55198.36409507242;56271.735313427824;59862.25389530298;63536.11504002264;65549.99326915144
