DATA;MCPM;UF;PRODUCT;MODEL;PARAMS;WINDOW;HORIZON;RMSE;MAPE;POCID;PBE;MASE;P1;P2;P3;P4;P5;P6;P7;P8;P9;P10;P11;P12
normal;117832.78314459887;RN;gasolinac;rf;{'n_estimators': 100};12;12;5974.852361392669;0.08952334736514733;54.54545454545455;5.089221213545855;1.1165082054725866;49822.06093800848;47651.88971736548;48300.14911411472;47894.947495388726;49846.120666093026;51592.23975828974;52229.51288427924;55517.35402942953;56327.1955813159;58163.36868442939;59104.31722442847;60156.632531920695
log;108243.63300316603;RN;gasolinac;rf;{'n_estimators': 50};12;12;5489.102360166451;0.08551901859468845;54.54545454545455;4.994661632091968;1.0741280503802488;49315.43970514923;49143.61573865899;49242.009371045555;49201.50729814639;50626.87867318762;51971.04715969006;52572.06076406903;53483.30324602055;57099.92008664251;56906.12460281412;59071.180966599066;58606.95117612186
deseasonal;58923.04952225577;RN;gasolinac;rf;{'n_estimators': 100};12;12;4976.37654322391;0.07146658838732321;72.72727272727273;5.105551061749604;0.9046176355056923;51974.64078771072;50582.96952508162;51183.50448251624;47519.10668759354;50799.98863483362;50328.20252322392;52967.00388405226;54568.87617829197;54030.46681567584;58860.19375626967;57801.2180476954;55880.08626647863
