DATA;MCPM;UF;PRODUCT;MODEL;PARAMS;WINDOW;HORIZON;RMSE;MAPE;POCID;PBE;MASE;P1;P2;P3;P4;P5;P6;P7;P8;P9;P10;P11;P12
normal;99895.10152393785;AM;gasolinac;rf;{'n_estimators': 100};12;12;5065.8721600820645;0.0843105283113025;54.54545454545455;-6.379486465001893;0.780293837774279;52640.26493224223;50519.765902790976;51830.644393588074;50452.75003255248;54843.281736078476;56927.836481006365;58208.13558272793;58858.19980185344;58916.537439694555;59176.83468509802;55332.961978940715;48798.02656747126
log;157018.0005660202;AM;gasolinac;rf;{'n_estimators': 50};12;12;4980.276869444791;0.08224521977459405;27.272727272727273;-7.213843782543347;0.74401085405553;52713.51671005132;54352.98861660536;53497.86441161159;55301.75906587146;57944.247272254855;54328.98438349492;59382.583895671094;56023.528815013924;57116.66517198128;52391.6196644152;54373.08361903595;54227.51047486448
deseasonal;39788.128352075386;AM;gasolinac;rf;{'n_estimators': 50};12;12;5030.753018613059;0.0828907026850139;81.81818181818181;-5.688758177852115;0.7680383485574077;49122.86259436501;48575.81273344948;50090.94526059732;50746.760400915075;55884.94745425855;58252.64208056032;59351.707686517795;59298.99833859441;56668.355054608444;58756.305777258945;53493.16788453764;52000.00698253971
