DATA;MCPM;UF;PRODUCT;MODEL;PARAMS;WINDOW;HORIZON;RMSE;MAPE;POCID;PBE;MASE;P1;P2;P3;P4;P5;P6;P7;P8;P9;P10;P11;P12
log;535181.4406108983;GO;gasolinac;rf;{'n_estimators': 50};12;12;24635.506848846657;0.1690567988413598;54.54545454545455;12.586179259311288;1.11261436017337;130790.9363121536;128250.28087168108;119286.42049558477;109672.22252258916;102986.6128299911;101773.73275135257;104316.01772830223;104708.08348717974;110630.47651307697;119494.30359020267;129555.37796031489;139279.8671995287
normal;500776.1636175637;GO;gasolinac;rf;{'n_estimators': 100};12;12;23058.42388033721;0.1545677660678769;54.54545454545455;11.736251356017489;1.0179086409218576;137495.84480957122;128942.90346698486;121245.63621185148;113500.82601363969;104375.3145633833;103394.5265279759;104298.95812651176;107311.84663449548;113141.9752412786;116535.7981684392;127601.08221847388;136519.1106903909
