DATA;MCPM;UF;PRODUCT;MODEL;PARAMS;WINDOW;HORIZON;RMSE;MAPE;POCID;PBE;MASE;P1;P2;P3;P4;P5;P6;P7;P8;P9;P10;P11;P12
log;136740.72143180156;PA;gasolinac;rf;{'n_estimators': 100};12;12;7569.57750390745;0.0512539920917043;63.63636363636363;2.6801944613186324;0.8346650131732994;110061.73880206826;107844.0816861504;108566.86945786384;108558.26498371018;113033.4551632388;109687.39484043197;115259.7292721968;114599.704439906;112038.04981902947;123712.71887786507;114673.25719210284;116621.8985236778
normal;112970.31283122962;PA;gasolinac;rf;{'n_estimators': 50};12;12;7814.519491777283;0.0522154331988336;72.72727272727273;2.213133941322491;0.8455382172515402;112013.119215717;108293.14220511982;109378.03246041172;108427.33670675114;111857.45466217272;108905.91118592178;114829.8983014532;115465.54607698262;113598.27212626164;124213.70870147088;115582.1659047115;118593.8922318706
