DATA;MCPM;UF;PRODUCT;MODEL;PARAMS;WINDOW;HORIZON;RMSE;MAPE;POCID;PBE;MASE;P1;P2;P3;P4;P5;P6;P7;P8;P9;P10;P11;P12
normal;111457.6821706849;AL;gasolinac;rf;{'n_estimators': 100};12;12;4710.36525672388;0.09894775441455744;45.45454545454545;6.362207429497352;1.185996790965582;40024.408323142285;36813.6138541378;36463.1399780819;34822.345924529734;35619.00357895307;37080.56651850058;36477.90988174916;38593.34995480968;39695.986967363155;44608.695715228;45668.2291366049;46190.36216497499
log;96948.3365030922;AL;gasolinac;rf;{'n_estimators': 50};12;12;4914.252554452782;0.10433612071696584;54.54545454545455;9.96909594835074;1.29409121771418;39733.493944529684;39533.25518631611;39042.94967559852;36528.41371907003;35757.840451058626;36248.90795283355;36670.102732862;37143.14358862884;37227.19777162929;38922.23875768787;38458.36443209835;38608.24244806349
deseasonal;109607.95316825908;AL;gasolinac;rf;{'n_estimators': 100};12;12;4633.002269743722;0.0894946311917831;45.45454545454545;6.376889181559071;1.0792448726868085;40158.718345311434;37397.49947470068;36263.46561746249;32847.238464068876;34497.79361191508;36476.813397091784;38035.86910864892;41997.30581586965;42532.361813629286;45629.404739423626;42534.750506594006;43612.37576587712
