DATA;MCPM;UF;PRODUCT;MODEL;PARAMS;WINDOW;HORIZON;RMSE;MAPE;POCID;PBE;MASE;P1;P2;P3;P4;P5;P6;P7;P8;P9;P10;P11;P12
normal;16685.49346020292;RR;gasolinac;rf;{'n_estimators': 150};12;12;1057.992782173401;0.05576954262823547;63.63636363636363;-3.1802317791025643;0.9939370971961645;15601.713107276666;15573.192526300572;14829.025143851255;15430.058610065267;15031.508147370485;15435.878475958705;15510.270642220043;15993.277127613475;16011.7737352316;16616.231560602526;16578.055458491075;16313.514934113606
log;26264.927507922257;RR;gasolinac;rf;{'n_estimators': 150};12;12;1110.838955799325;0.05580656162044606;45.45454545454545;-2.4049366214714665;0.9923133296473396;15179.042693453915;15051.627576611389;15005.682541491913;15260.807213911074;15272.886724678741;15398.81561300669;15332.16776575232;15624.377339463816;16049.850216102945;16269.286553568305;16351.9145029386;16708.464060466194
deseasonal;3660.804849371823;RR;gasolinac;rf;{'n_estimators': 100};12;12;924.8716292143987;0.04961950516457106;90.9090909090909;-3.6127272278654163;0.8874046562906268;15451.812118550582;15013.836950793735;15629.485474488081;15293.275799053958;15239.691229601873;15592.340533675982;16421.1958402281;16603.447906428537;15833.028142371673;16861.31644030223;16076.530774443663;15700.443692700692
