DATA;MCPM;UF;PRODUCT;MODEL;PARAMS;WINDOW;HORIZON;RMSE;MAPE;POCID;PBE;MASE;P1;P2;P3;P4;P5;P6;P7;P8;P9;P10;P11;P12
linear;354135.87511880766;MA;oleodiesel;xgb_rf_knn_arima_arma_sarima;{};12;12;17946.43493391319;0.11642628585461702;54.54545454545455;7.756406687824984;1.48291967315322;115095.51945460023;122277.00095394923;120043.83526499903;119491.97514631436;126512.0790644734;134412.14349700903;135410.70696873468;138626.79728233162;140012.7651458492;139985.4829110608;139845.28774083927;127937.36118554013
