DATA;MCPM;UF;PRODUCT;MODEL;PARAMS;WINDOW;HORIZON;RMSE;MAPE;POCID;PBE;P1;P2;P3;P4;P5;P6;P7;P8;P9;P10;P11;P12
arima-trend-seasonal;18688.283071994523;MT;glp;HYBRID;{'p': 8, 'd': 1, 'q': 10};12;12;862.5446058405428;0.03453064869710822;50.0;0.0880571066967827;21611.95337422541;19816.33052029531;20371.979579184394;20011.963433975525;19820.044609913355;20954.490791668417;18881.88196025735;19272.186531783216;19981.793910147786;20421.175136390946;19521.265746923727;19740.620557512564
