DATA;MCPM;UF;PRODUCT;MODEL;PARAMS;WINDOW;HORIZON;RMSE;MAPE;POCID;PBE;P1;P2;P3;P4;P5;P6;P7;P8;P9;P10;P11;P12
arima-trend-seasonal;27897.60095727891;PI;glp;HYBRID;{'p': 4, 'd': 1, 'q': 6};12;12;1286.4804782671738;0.07686290823601416;50.0;7.812870035969836;15061.84760899958;13930.365541828409;13784.284071816224;13665.946495189402;13954.775504550618;14407.20137448542;13380.400748105503;14108.143632234833;13484.232835268836;14202.446561467867;14084.573395960533;13624.4188067965
