DATA;MCPM;UF;PRODUCT;MODEL;PARAMS;WINDOW;HORIZON;RMSE;MAPE;POCID;PBE;P1;P2;P3;P4;P5;P6;P7;P8;P9;P10;P11;P12
arima-trend-seasonal;26551.65954549963;ES;glp;HYBRID;{'p': 11, 'd': 1, 'q': 12};12;12;1225.3570964409626;0.039656596724983444;50.0;-1.7724084758661158;24029.944580122774;21363.225512995752;23625.247332298753;24005.560834385982;24463.172327498487;24337.173686306855;23015.796697706708;22690.09211821654;22105.95877513128;23948.24088261309;21316.080835869758;20647.356553560603
