DATA;MCPM;UF;PRODUCT;MODEL;PARAMS;WINDOW;HORIZON;RMSE;MAPE;POCID;PBE;P1;P2;P3;P4;P5;P6;P7;P8;P9;P10;P11;P12
arima-trend-seasonal;48763.405630494744;BA;glp;HYBRID;{'p': 14, 'd': 0, 'q': 11};12;12;3375.073192514456;0.032807623781480666;66.66666666666667;-1.3137644965882302;74169.82559309839;67528.88633690453;73755.37685853071;78879.26188396907;80754.7918402237;78608.41230174141;72880.57939775883;70696.04669621043;69838.68700502694;78090.73215311942;69549.57629130917;66683.18554909695
