DATA;MCPM;UF;PRODUCT;MODEL;PARAMS;WINDOW;HORIZON;RMSE;MAPE;POCID;PBE;P1;P2;P3;P4;P5;P6;P7;P8;P9;P10;P11;P12
arima-trend-seasonal;19665.935765446953;GO;glp;HYBRID;{'p': 12, 'd': 1, 'q': 13};12;12;1089.5091691415223;0.017961709087837816;58.333333333333336;0.4433327899253355;52014.962724945384;45349.320592526274;49716.57091831895;50151.59728181196;49804.418679891234;50030.8794924844;45338.0553040838;46350.755548295776;46640.390473723164;50235.774400859074;48006.34227566728;45923.77603042501
