DATA;MCPM;UF;PRODUCT;MODEL;PARAMS;WINDOW;HORIZON;RMSE;MAPE;POCID;PBE;P1;P2;P3;P4;P5;P6;P7;P8;P9;P10;P11;P12
combination;4.2073305630080986e+17;MS;queroseneiluminante;combination-mean;ARIMA-SARIMA-VARMA;12;12;2.9426675329007224;9438665196221450.0;0.0;-inf;1.6387885742152961;0.5815764406839786;2.470367050730233;0.9715551092028829;0.4775882031288547;2.7246696444850333;-1.2310923461538033;0.8570333663081954;4.190004233851403;7.972641153779111;0.4045556901868766;1.6297844014499547
