DATA;MCPM;UF;PRODUCT;MODEL;PARAMS;WINDOW;HORIZON;RMSE;MAPE;POCID;PBE;P1;P2;P3;P4;P5;P6;P7;P8;P9;P10;P11;P12
combination;115.47005383792518;RR;queroseneiluminante;combination-mean;ARIMA-SARIMA-VARMA;12;12;5.921189464667502e-16;2.6666666666666665;0.0;-inf;5.921189464667501e-16;5.921189464667501e-16;5.921189464667501e-16;5.921189464667501e-16;5.921189464667501e-16;5.921189464667501e-16;5.921189464667501e-16;5.921189464667501e-16;5.921189464667501e-16;5.921189464667501e-16;5.921189464667501e-16;5.921189464667501e-16
