DATA;MCPM;UF;PRODUCT;MODEL;PARAMS;WINDOW;HORIZON;RMSE;MAPE;POCID;PBE;P1;P2;P3;P4;P5;P6;P7;P8;P9;P10;P11;P12
combination;1846311151602218.5;TO;queroseneiluminante;combination-mean;ARIMA-SARIMA-VARMA;12;12;0.01199515007374989;42633615649234.945;0.0;-inf;0.0167148524877242;-0.029103723867147033;-0.0077270357322441665;-0.006891248909945033;-0.007274889314897767;0.0015842861177963665;0.005572832557725866;0.013195138475865465;0.0011610868957855668;0.009286091897563334;0.0036071251869296667;0.0114804606766956
