DATA;MCPM;UF;PRODUCT;MODEL;PARAMS;WINDOW;HORIZON;RMSE;MAPE;POCID;PBE;P1;P2;P3;P4;P5;P6;P7;P8;P9;P10;P11;P12
combination;2.35768526887687e+16;SE;queroseneiluminante;combination-mean;ARIMA-SARIMA-VARMA;12;12;0.15879452171769776;543620849731900.8;0.0;-inf;0.19850893509012296;-0.10021531424459584;-0.1056652614182515;0.045542449176008165;0.28934766415281105;-0.013323995313413467;0.34124945874027246;0.018737004069985932;0.05081269592641703;0.10180028364466223;-0.16040308419374683;-0.022890775722469166
