DATA;MCPM;UF;PRODUCT;MODEL;PARAMS;WINDOW;HORIZON;RMSE;MAPE;POCID;PBE;P1;P2;P3;P4;P5;P6;P7;P8;P9;P10;P11;P12
combination;3.121924596252565e+18;RJ;queroseneiluminante;combination-mean;ARIMA-SARIMA-VARMA;12;12;29.10943274296161;8.245137188196795e+16;41.666666666666664;-5504.863164811176;25.50282500705342;15.85245553679732;25.093881212411937;18.603613246203953;20.129999674901104;23.909752811644797;29.77527042350791;37.6903649570211;48.98995507770893;25.963661280965404;41.211655859457224;23.568354800997415
