DATA;MCPM;UF;PRODUCT;MODEL;PARAMS;WINDOW;HORIZON;RMSE;MAPE;POCID;PBE;P1;P2;P3;P4;P5;P6;P7;P8;P9;P10;P11;P12
combination;5.3782978197597357e+17;ES;queroseneiluminante;combination-mean;ARIMA-SARIMA-VARMA;12;12;4.739938456072556;1.185855840586559e+16;0.0;118.36785542246821;6.319278018876391;0.5484388956611386;-3.1579581030976906;-3.2779201280707224;-0.7130484132694471;-1.847961902391707;-5.073691068664309;-1.1333079887801836;-0.6987773551475782;5.642634259012547;3.1845308615582963;-1.6290026179335542
