DATA;MCPM;UF;PRODUCT;MODEL;PARAMS;WINDOW;HORIZON;RMSE;MAPE;POCID;PBE;MASE;P1;P2;P3;P4;P5;P6;P7;P8;P9;P10;P11;P12
normal;50460.877725888095;PE;glp;knn_noresid;{'n_neighbors': 7};12;12;3199.555306946373;0.05777018846246553;63.63636363636363;1.1670838170198716;1.8656578752408188;42333.56548570183;41408.523442908896;44091.15278688195;43399.82525853335;45584.594618142;46751.55249192304;49051.37869223456;49358.07136464015;46951.4594531588;47090.77075667091;44513.44971307701;47879.44908578985
log;56722.70934890414;PE;glp;knn_noresid;{'n_neighbors': 7};12;12;2878.570724499568;0.051765013006114115;54.54545454545455;1.953929320169859;1.6709395382840448;39398.82415192566;43848.97826322876;43152.011137009074;45803.14023209175;46731.215208540896;48533.598109667844;48385.05020480025;46867.05238931978;47061.654549881605;44651.709490696485;47859.86004443238;41754.5737525257
deseasonal;7837.404408442416;PE;glp;knn_noresid;{'n_neighbors': 3};12;12;1984.213363218011;0.030806575152572468;90.9090909090909;2.4222628873266756;1.013056389895181;42332.65140689968;42166.54741525652;43268.199487044534;45001.9368222276;47425.36343792391;48650.75793627364;45805.39663501361;46244.901919906224;45068.293109626255;48824.24809323436;44604.49314306625;42056.14282828373
