DATA;MCPM;UF;PRODUCT;MODEL;PARAMS;WINDOW;HORIZON;RMSE;MAPE;POCID;PBE;MASE;P1;P2;P3;P4;P5;P6;P7;P8;P9;P10;P11;P12
normal;3948.762948095093;RO;glp;knn_noresid;{'n_neighbors': 9};12;12;250.55666248641452;0.028321596921198785;63.63636363636363;1.397083508200815;0.8713788215906785;7967.641018007047;7037.078894873859;7097.780925737067;7934.161443865446;7269.162248280274;7517.412929234749;7422.340208874609;7583.541214157602;7577.313540769478;7249.637096739055;7496.152502674721;7498.153414536116
log;16519.136984863555;RO;glp;knn_noresid;{'n_neighbors': 9};12;12;524.1703700530852;0.04662655632089489;27.272727272727273;1.1956003717278436;1.4737965453414177;6880.351039156501;7149.616726208982;7927.419934680439;7275.124885566681;7521.136101649896;7419.534014320228;7581.957660162984;7627.499794676353;7267.689365196855;7492.441370532743;7536.900532720939;8153.893714276158
deseasonal;10367.181324842535;RO;glp;knn_noresid;{'n_neighbors': 1};12;12;438.5369357506639;0.044177645521184576;45.45454545454545;1.9769337659293185;1.3913238198340712;7347.448087487094;7377.887584926246;7294.009144081892;7159.250618142068;7434.455168693579;7317.767810601417;7089.654485218193;7399.739832947049;7651.185731484686;8029.907882189434;7477.88759385635;7543.978093267759
