DATA;MCPM;UF;PRODUCT;MODEL;PARAMS;WINDOW;HORIZON;RMSE;MAPE;POCID;PBE;MASE;P1;P2;P3;P4;P5;P6;P7;P8;P9;P10;P11;P12
normal;28782.31556609945;AL;glp;knn_noresid;{'n_neighbors': 9};12;12;1043.545659456815;0.05641303986839169;36.36363636363637;3.7576742845327042;1.2325629530266433;13593.904519159767;14659.838525967052;13949.700968098576;14938.582199320097;14549.088609912826;15838.41681346819;15902.064860890916;15406.372686958879;15664.490308131415;14912.169238739136;15781.25647807602;14676.350663188485
log;24708.67516831055;AL;glp;knn_noresid;{'n_neighbors': 9};12;12;1045.0303377570945;0.05509965992884642;45.45454545454545;3.8356699556420715;1.2057083518885428;13411.693280777428;14550.112286327669;14080.355727233238;14947.470837091956;14557.841841046049;15924.683433231265;15898.20429080536;15404.055837332297;15659.12000173107;14909.920407297477;15775.991228243563;14607.016576823286
deseasonal;3220.0032901442532;AL;glp;knn_noresid;{'n_neighbors': 3};12;12;813.6676358584594;0.04776681793478035;90.9090909090909;4.10014955606842;1.0481432234189028;14272.421989586626;14182.265550748232;14438.027397356052;14816.972114948449;15345.85430671893;15558.149594485023;14840.18141410085;15443.167548850985;14799.745603109328;16253.026483965743;15195.156588663363;14087.197618092887
