DATA;MCPM;UF;PRODUCT;MODEL;PARAMS;WINDOW;HORIZON;RMSE;MAPE;POCID;PBE;MASE;P1;P2;P3;P4;P5;P6;P7;P8;P9;P10;P11;P12
normal;2496.8802317447235;AC;glp;knn_noresid;{'n_neighbors': 9};12;12;158.36388960559788;0.039085388372228566;63.63636363636363;2.1217604929718856;0.8547278704705651;3227.417241931877;3079.8743476387554;2944.24425523586;3285.0000913957037;3124.4208630562225;3238.381611032964;3074.3287492140607;3113.6642589283824;3218.1674285560753;3178.099365060876;3155.4164145435357;3016.205193094774
log;7504.787350328621;AC;glp;knn_noresid;{'n_neighbors': 9};12;12;238.04274938071038;0.06230984765006661;27.272727272727273;3.3109635783909983;1.3616637781604375;2919.14406739777;3124.517200096635;3266.767152514028;3359.5744792730825;2981.7338524393494;2958.46452883092;3169.3878079663664;3065.4617994524488;3205.2395053095092;2996.7464777691716;3111.731960387506;3038.9468094149415
deseasonal;1324.6119368632903;AC;glp;knn_noresid;{'n_neighbors': 9};12;12;167.81887590232685;0.04197803768678585;81.81818181818181;2.9540477764451376;0.9092597030474637;3151.6573799014036;2976.331330763595;3053.6745141081083;2923.465050189971;3080.2575281587447;3164.4321099627605;2987.422636589919;3071.4639139356054;3082.6887829296065;3472.284103471248;3206.829427802696;3164.5196999215536
