DATA;MCPM;UF;PRODUCT;MODEL;PARAMS;WINDOW;HORIZON;RMSE;MAPE;POCID;PBE;MASE;P1;P2;P3;P4;P5;P6;P7;P8;P9;P10;P11;P12
normal;138222.29951933926;BA;glp;knn;{'n_neighbors': 9};12;12;7009.8343451146175;0.08247620787434336;54.54545454545455;-4.927796443721108;1.6191342244113527;66765.32005578712;73238.45953059419;70299.11690698523;77002.47797505691;78902.18559832685;82677.76771658896;82061.93647498876;76928.80469211364;79028.26339870917;73904.3587053563;79308.06830606831;72760.88063264357
log;94776.83286042677;BA;glp;knn;{'n_neighbors': 1};12;12;7999.871091685859;0.08713153456338953;72.72727272727273;-3.912120395828473;1.708728017981422;61623.48439759316;71400.06942164087;75518.03223723013;80827.94398988553;75935.57510193912;80245.07311304777;78008.50250272629;70531.82346281555;82228.35947051726;75493.54316068657;77484.91083510485;74743.88443492175
deseasonal;131410.1722398093;BA;glp;knn;{'n_neighbors': 5};12;12;6664.700830396797;0.0801540949936207;54.54545454545455;-5.089218040823281;1.5767126063202148;67179.97545634254;70822.9423375717;75164.84019394858;79946.92913060293;81172.45747507061;80383.917709036;76375.83826850103;79029.38444443498;76961.69882069147;80940.23540893287;76658.93339990935;69644.86418254234
