DATA;MCPM;UF;PRODUCT;MODEL;PARAMS;WINDOW;HORIZON;RMSE;MAPE;POCID;PBE;MASE;P1;P2;P3;P4;P5;P6;P7;P8;P9;P10;P11;P12
log;8907.975680340638;PA;glp;knn;{'n_neighbors': 3};12;12;1232.3922600875164;0.02579352004019;90.9090909090909;2.623178616538547;0.6755996451374251;34756.571414743;32076.496596974383;34452.355806238374;32931.36965461644;32675.80085363576;33913.080186201856;32221.467028637617;33526.556805623;32758.55926674413;33332.78215762736;32986.01277153985;31378.032174479675
normal;9139.582309405549;PA;glp;knn;{'n_neighbors': 3};12;12;1264.40029257493;0.0262461041863629;90.9090909090909;2.5667448171848504;0.6877579712294744;34760.52341549199;32519.698986299514;34449.85356114513;32925.88466195737;32671.39320951905;33913.218831270366;32216.7228131797;33528.143716335784;32765.16084052361;33339.514784328174;32769.13593040537;31379.91675951448
