DATA;MCPM;UF;PRODUCT;MODEL;PARAMS;WINDOW;HORIZON;RMSE;MAPE;POCID;PBE;MASE;P1;P2;P3;P4;P5;P6;P7;P8;P9;P10;P11;P12
log;3324.131335163052;AP;glp;knn;{'n_neighbors': 1};12;12;153.32896855648988;0.0506767774453893;54.54545454545455;-0.3636492147333642;1.8329680783926257;2806.8383587521053;2883.0894721407267;2846.787449930776;2648.0571904662474;2807.682468233622;2678.6692612549155;2622.651941355484;2831.496504360641;2570.70839768594;2838.8814614919256;2467.46450073473;2545.5607958162395
normal;2119.3353751525915;AP;glp;knn;{'n_neighbors': 3};12;12;117.32112492240788;0.0378343030576768;63.63636363636363;0.4002912829404832;1.3679384708964093;2866.001177181185;2778.3912544698915;2739.325511546991;2705.874380961488;2772.081062251088;2682.8975375180453;2615.555195298797;2748.267657960904;2528.39295414584;2821.679100436938;2488.50134664511;2553.1750525727743
