DATA;MCPM;UF;PRODUCT;MODEL;PARAMS;WINDOW;HORIZON;RMSE;MAPE;POCID;PBE;P1;P2;P3;P4;P5;P6;P7;P8;P9;P10;P11;P12
combination;1.9871406530795776e+17;AM;queroseneiluminante;combination-median;ARIMA-SARIMA-VARMA;12;12;1.6539346868893547;4514438893120821.0;0.0;-inf;2.046391486866203;3.8617374988257476;3.1154962297586226;1.2975527139149503;0.0;0.0;0.0;1.5207158623833026;0.14470912039987335;0.0;0.04227869362579905;0.0
