DATA;MCPM;UF;PRODUCT;MODEL;PARAMS;WINDOW;HORIZON;RMSE;MAPE;POCID;PBE;P1;P2;P3;P4;P5;P6;P7;P8;P9;P10;P11;P12
combination;1.3878012810617984e+17;PE;queroseneiluminante;combination-median;ARIMA-SARIMA-VARMA;12;12;0.9637441854085632;3174396709105144.5;0.0;-inf;0.0;0.33538542349957123;-0.8973404765338642;-0.8190353667202026;1.2604683904316019;0.0;-0.21492971876050634;0.3486116912408914;0.30983671532716117;0.4595044022763064;1.5724540766561383;-2.2407256963366127
