DATA;UF;PRODUCT;MODEL;PARAMS;WINDOW;HORIZON;RMSE;MAPE;POCID;PBE;MASE;P1;P2;P3;P4;P5;P6;P7;P8;P9;P10;P11;P12
rf;GO;gasolinac;knn_rf_deepar_svr_catboost_arima;{};12;12;11331.447116358539;0.06660822245809613;81.81818181818181;5.522861178306776;0.3498867843802235;125608.70626896423;120673.78301789053;121314.00832365673;119608.55782512623;123237.58530974502;125760.83682547408;118775.40581797546;114336.36109118105;112801.34127468926;121288.91795024056;109709.1278267597;112015.29528851878
svr;GO;gasolinac;knn_rf_deepar_svr_catboost_arima;{};12;12;12759.055109030887;0.08541918446984988;54.54545454545455;5.504002929356245;0.4383532640480175;123335.50063016795;123611.85224663754;120764.25590562087;119043.08588673397;119667.76455946732;123333.84072047869;115287.33930032246;110998.62759177767;115534.34615137505;121472.44715143177;123278.54183334147;109086.79000853567
ridge;GO;gasolinac;knn_rf_deepar_svr_catboost_arima;{};12;12;12859.911150132415;0.08659997734261882;63.63636363636363;5.5155117289696305;0.4438728314038152;123613.1967893866;123366.1961540611;121498.5774316196;118379.20659071456;118719.84655271248;124227.28556838787;114208.51035886852;111399.34025819885;116676.91951361496;121024.23432029177;123437.17518889268;108690.30004723887
linear;GO;gasolinac;knn_rf_deepar_svr_catboost_arima;{};12;12;12862.107151545602;0.08661625961114099;63.63636363636363;5.516311568155213;0.44395507857079564;123606.53254669195;123372.36687189767;121498.1428307999;118382.03628886043;118714.71246644406;124235.59610749398;114197.14019902672;111400.38670190974;116687.61824635601;121011.0007500204;123458.22484095178;108664.96583801048
