train_range;test_range;UF;PRODUCT;MODEL;PARAMS;WINDOW;HORIZON;RMSE;MAPE;POCID;PBE;MCPM;MASE;P1;P2;P3;P4;P5;P6;P7;P8;P9;P10;P11;P12;error_series;Test Statistic;p-value;Lags Used;Observations Used;Critical Value (1%);Critical Value (5%);Critical Value (10%);Stationary
1990-01_2023-02;2023-03_2024-02;AM;glp;ARIMA;{'p': 24, 'd': 0, 'q': 16};12;12;593.8716015490575;0.029059609424225658;81.81818181818181;2.041942920181645;4683.227883142303;0.6540907268331861;15006.246470050508;14262.842418658809;15202.100498099982;14668.44958788609;14580.475447801511;15257.582772015576;14133.708407140071;14852.825982052307;14790.12490527743;14986.789723992277;14207.90679745481;14536.166598344424;[530.0035299494921, 66.4003313411904, 484.77088190001814, 810.0558421139085, 143.2745521984889, 428.89005798442486, -152.9928271400713, 554.5743779476925, -516.6086052774299, -30.15385399227671, 1494.812402545189, -134.17927834442344];-3.9209082151211048;0.0018862503528448656;17;379;-3.4477224095888497;-2.869196333125208;-2.5708486586002604;True
1990-01_2022-02;2022-03_2023-02;AM;glp;ARIMA;{'p': 11, 'd': 0, 'q': 7};12;12;598.8907360958101;0.03621102502583625;63.63636363636363;-0.4065819123508875;9440.044165700887;inf;15161.19613943318;14640.712467304746;14910.342208186685;14660.367004368663;15356.79898123641;15142.984773728222;14483.763055153702;14913.460655644107;14846.971572386157;15344.844730822897;14737.148633854053;14808.199378208676;[578.5031405668215, -278.2360173047455, 465.20489181331504, 57.517055631336916, -642.8750712364108, 270.56594627177765, 700.9090448462975, -873.4425356441061, 397.117197613843, 346.6462091771027, -1126.4620438540533, -620.309888208676];-3.97592648000053;0.0015419479432235077;17;367;-3.448294490928673;-2.869447722240253;-2.570982681065269;True
