DATA;MCPM;UF;PRODUCT;MODEL;PARAMS;WINDOW;HORIZON;RMSE;MAPE;POCID;PBE;P1;P2;P3;P4;P5;P6;P7;P8;P9;P10;P11;P12
combination;6691.911133879753;MS;glp;combination-mean;ARIMA-SARIMA_DS-RF;12;12;463.25383594719347;0.025196475775097038;66.66666666666667;-0.23435390760729538;14898.017206079616;14436.274491767115;15241.227012272419;15576.512770941734;15902.776052315647;16016.991101332267;14810.698767756117;14877.284667583519;14547.803643445484;14746.572501754252;13857.134306420097;13842.027469499384
