DATA;MCPM;UF;PRODUCT;MODEL;PARAMS;WINDOW;HORIZON;RMSE;MAPE;POCID;PBE;P1;P2;P3;P4;P5;P6;P7;P8;P9;P10;P11;P12
combination;192655.5268874224;MG;glp;combination-mean;ARIMA-SARIMA_DS-RF;12;12;13306.113367719443;0.10358517942623613;66.66666666666667;8.492693403578741;107656.43057689641;105994.95322573264;110596.87044198769;111922.5909381877;112595.50226813006;114975.65910468125;107559.00148623348;107965.71321708309;106497.31205730901;109335.47163690603;105479.6531022309;101318.73490428453
