DATA;UF;PRODUCT;MODEL;PARAMS;WINDOW;HORIZON;RMSE;MAPE;POCID;PBE;MASE;P1;P2;P3;P4;P5;P6;P7;P8;P9;P10;P11;P12
mean;SC;gasolinac;knn_rf_deepar_svr_catboost_arima;{};12;12;13894.789088710715;0.039180939309990316;54.54545454545455;2.1753808045000893;0.8167597476693856;251352.37603048826;246548.14209504914;243597.8860399727;240704.35815799856;248494.77054931474;248398.5135876662;250696.38697130885;256989.00286492787;257583.92310010098;272847.7133864899;260384.88671429484;255304.15384731893
