DATA;UF;PRODUCT;MODEL;PARAMS;WINDOW;HORIZON;RMSE;MAPE;POCID;PBE;MASE;P1;P2;P3;P4;P5;P6;P7;P8;P9;P10;P11;P12
mean;CE;gasolinac;knn_rf_deepar_svr_catboost_arima;{};12;12;9143.550775049289;0.058758777074022196;72.72727272727273;4.797588570735164;0.9166438015548815;114513.33190219168;111109.49870607106;114060.63288748909;114393.43998573444;121768.18971064499;124580.94382140035;126318.37914871081;128664.85565180398;125575.03780922989;131408.79379215123;124588.7996597263;118977.6249764168
