DATA;UF;PRODUCT;MODEL;PARAMS;WINDOW;HORIZON;RMSE;MAPE;POCID;PBE;MASE;P1;P2;P3;P4;P5;P6;P7;P8;P9;P10;P11;P12
mean;RN;gasolinac;knn_rf_deepar_svr_catboost_arima;{};12;12;4512.754392769627;0.06730720165203101;81.81818181818181;5.2762988322298146;0.8475989953802543;49770.606778993315;47476.902830364925;49815.89504304063;48499.605546185674;52190.08659502153;53444.77387984026;54999.814977814254;55755.764546387116;55195.585142681;58680.7425902045;55258.60688507825;54262.59696349445
