DATA;UF;PRODUCT;MODEL;PARAMS;WINDOW;HORIZON;RMSE;MAPE;POCID;PBE;MASE;P1;P2;P3;P4;P5;P6;P7;P8;P9;P10;P11;P12
median;SE;gasolinac;knn_rf_deepar_svr_catboost_arima;{};12;12;2849.784274164973;0.06851702084727211;81.81818181818181;6.757663616620238;0.8418675031347338;30769.8355717367;30592.275109670652;31167.29506860861;31359.14929790811;32539.243583286338;33215.99315807264;33115.068897281075;33867.663269094606;33126.32367890327;35444.93910205904;34047.11144205198;33132.71099862231
mean;SE;gasolinac;knn_rf_deepar_svr_catboost_arima;{};12;12;2997.6327636712876;0.07107021649575022;72.72727272727273;7.220344420842925;0.8750011442809934;29954.394267068896;30914.345237903453;31414.07091488871;31297.44720924037;32215.433178511386;32976.78623854443;33403.83869961167;33621.848295236356;32986.302167376605;34974.42163331314;33934.46111545199;32737.230632358136
softdtw_barycenter;SE;gasolinac;knn_rf_deepar_svr_catboost_arima;{};12;12;2469.6105587958536;0.059145870418466945;72.72727272727273;6.023883911009558;0.7265292877681687;29707.111437582764;31546.467162503624;32957.99385064028;32845.89257404116;32858.60335723174;32884.92598936474;32885.452519781655;34262.895963227886;33220.33754086922;35721.038799705704;34320.833460448484;32253.910577447663
DBA_subgradient;SE;gasolinac;knn_rf_deepar_svr_catboost_arima;{};12;12;2693.24797096813;0.06502308195024915;72.72727272727273;6.614799934826768;0.7977985559441495;29601.728361956764;31166.164587305917;32240.63297803674;32117.40131264002;32862.267733639645;32887.80512980754;33004.691877690704;33846.322040407606;32792.764326872864;35694.054537548865;34439.89010404807;32325.07779272791
DBA;SE;gasolinac;knn_rf_deepar_svr_catboost_arima;{};12;12;2599.545182751955;0.06354544716511902;81.81818181818181;6.467433169435084;0.7800249280518459;29723.579368564173;31340.256126698703;32758.534902514617;32646.969504232555;32646.495923842638;32872.71370009747;33014.519897034115;33817.78699599947;32738.426750326616;35626.7541956708;34141.49973838093;32271.40492973743
EBA_twe;SE;gasolinac;knn_rf_deepar_svr_catboost_arima;{};12;12;3956.1113055305564;0.09616446730971932;63.63636363636363;9.73035073943799;1.1735592678899385;30679.015412156336;29092.423542493198;28943.45306014487;29018.397038920943;30174.203617834533;31286.857877237282;32525.845494504007;33435.06745353241;32713.745444122687;35329.21602716407;34116.86418189901;32553.0108137087
