DATA;UF;PRODUCT;MODEL;PARAMS;WINDOW;HORIZON;RMSE;MAPE;POCID;PBE;MASE;P1;P2;P3;P4;P5;P6;P7;P8;P9;P10;P11;P12
median;AC;gasolinac;knn_rf_deepar_svr_catboost_arima;{};12;12;826.1697606321059;0.0533740833369151;72.72727272727273;1.6609818171109316;0.7776040289251046;11732.317449076316;11584.876347256966;11926.986508771935;12159.141053078427;12827.464581891676;13197.517226879088;13671.308400041127;13446.061245750943;13211.076076716563;13566.812748444398;12634.385159081672;12169.023296794785
mean;AC;gasolinac;knn_rf_deepar_svr_catboost_arima;{};12;12;896.8599777783993;0.055165026548378966;63.63636363636363;1.9249834548194906;0.8028560770398528;11371.902229238305;11475.131026646393;11852.793316531453;11995.759325035158;12824.078576747948;13391.598761566613;13717.527442223944;13594.764140632864;13416.87709396825;13485.684890638551;12501.676111541956;12090.776017535458
softdtw_barycenter;AC;gasolinac;knn_rf_deepar_svr_catboost_arima;{};12;12;923.6394547213318;0.059530542467173674;72.72727272727273;1.7674961308839758;0.8661029580896922;11147.74106248131;12052.673552058994;12127.118051010968;11948.612169798955;12765.681694343495;13337.468449597929;14098.770919814504;13541.17416812035;13172.736346170266;13345.829352495035;12446.899637538605;11977.490828204727
DBA_subgradient;AC;gasolinac;knn_rf_deepar_svr_catboost_arima;{};12;12;931.2166592999064;0.05819780133253629;63.63636363636363;1.6264405250556015;0.848801726543447;11131.669321601512;11850.311962079779;11879.423058894037;12277.702418874896;12818.589415325892;13299.059363218186;14147.023233575212;13566.179397129474;13307.952204743373;13492.829797176144;12444.307676829736;11965.356396929383
DBA;AC;gasolinac;knn_rf_deepar_svr_catboost_arima;{};12;12;920.888062731401;0.060867795681995136;63.63636363636363;2.2038487888689478;0.890082734382592;11143.143747575665;11931.23128373111;12001.767436311578;12166.98042879338;12819.31522420543;13347.743788865047;14113.525358050629;13109.426736131334;13075.573530310716;13188.78802914618;12419.302083213443;11970.376513917232
EBA_twe;AC;gasolinac;knn_rf_deepar_svr_catboost_arima;{};12;12;917.0126235168086;0.0579945898556346;63.63636363636363;1.6300429770519371;0.8467223409997505;11377.014174186015;11463.310384891887;11708.313002496328;12158.774888566284;12705.449960349273;13432.305142099498;13805.068201958644;13793.411507465644;13564.947146852033;13581.52454637573;12607.5742476603;11977.138178124702
