DATA;UF;PRODUCT;MODEL;PARAMS;WINDOW;HORIZON;RMSE;MAPE;POCID;PBE;MASE;P1;P2;P3;P4;P5;P6;P7;P8;P9;P10;P11;P12
mean;GO;gasolinac;knn_rf_deepar_svr_catboost_arima;{};12;12;18225.798062001617;0.10519350230078706;63.63636363636363;6.419551917513995;0.7067662550517039;119392.08180440564;117470.4585177432;116848.10716678645;113769.57244124616;119599.96948742893;123016.83948550891;126167.09427841786;130109.47665830259;129476.74335770434;139914.41047689886;132346.3844232727;131449.0132761673
