DATA;UF;PRODUCT;MODEL;PARAMS;WINDOW;HORIZON;RMSE;MAPE;POCID;PBE;MASE;P1;P2;P3;P4;P5;P6;P7;P8;P9;P10;P11;P12
mean;MG;gasolinac;knn_rf_deepar_svr_catboost_arima;{};12;12;52321.3320390849;0.10690946415129819;72.72727272727273;6.141711971653205;0.8335092829099255;361876.8868017926;338013.216348555;342051.99142091704;337157.80060821905;355545.82706692815;355251.5517515255;363187.57036811183;376121.29197328136;381621.47577736434;414001.9912447639;391771.6164829524;398154.11248851556
