DATA;UF;PRODUCT;MODEL;PARAMS;WINDOW;HORIZON;RMSE;MAPE;POCID;PBE;MASE;P1;P2;P3;P4;P5;P6;P7;P8;P9;P10;P11;P12
median;AM;gasolinac;knn_rf_deepar_svr_catboost_arima;{};12;12;4601.593436704199;0.07041532278030772;45.45454545454545;-5.358769862463135;0.6444117609311576;48825.17741370587;49751.28080747971;52001.765643519844;51948.43801631495;55816.43477273561;56212.462271516866;57399.718165791535;58277.05289824419;56201.69766965971;59370.43475654707;51764.749705455906;52636.82612987716
mean;AM;gasolinac;knn_rf_deepar_svr_catboost_arima;{};12;12;4475.383172054516;0.06665906337634198;54.54545454545455;-4.903110295742562;0.6087410368153265;48660.960171263694;49454.521304941205;51879.09378166204;51942.070433687186;55459.978864403005;56273.30300425313;57003.07407448784;58573.61590159988;55754.830599943016;58690.20520059976;50770.02260395256;52932.32680456048
softdtw_barycenter;AM;gasolinac;knn_rf_deepar_svr_catboost_arima;{};12;12;4564.321766291394;0.07024194823621509;54.54545454545455;-5.106318036440332;0.6407133217663715;48164.07920451062;50935.678847694515;52070.10759570421;51704.10329916517;54792.45196024532;56810.241100218875;56471.256766887054;58532.22980161583;55756.43542871407;59375.95534480978;51103.203055685306;52932.32680456048
DBA_subgradient;AM;gasolinac;knn_rf_deepar_svr_catboost_arima;{};12;12;4511.98918724779;0.06886108172503744;54.54545454545455;-4.998098048698595;0.6280982934459872;48151.29011685005;50650.468476749906;52062.996426243655;51805.11854682484;54780.30169003351;56724.47148861517;56582.17884588571;58462.90916453748;55755.74443503995;59271.85287164768;50924.084274154826;52808.789252753704
DBA;AM;gasolinac;knn_rf_deepar_svr_catboost_arima;{};12;12;4559.490644720983;0.07002837410608233;54.54545454545455;-5.063526998587303;0.6388306493755348;48111.59914361637;50873.480500220954;52061.36936636649;51695.22408192105;54771.567053832194;56864.28279865599;56493.55765258432;58520.749151422955;55750.3415935872;59355.74486332783;50953.74764952558;52932.326804560485
EBA_twe;AM;gasolinac;knn_rf_deepar_svr_catboost_arima;{};12;12;4452.756169764066;0.06628444975140976;54.54545454545455;-4.521492050135062;0.606037893107602;48816.58805390824;49161.7119261502;51050.531274169065;51992.58395445756;54870.57066513734;55807.109955644024;56440.95510707225;58904.75452158682;55699.91265892938;58591.83475757846;50770.02260395255;52932.326804560485
