DATA;UF;PRODUCT;MODEL;PARAMS;WINDOW;HORIZON;RMSE;MAPE;POCID;PBE;MASE;P1;P2;P3;P4;P5;P6;P7;P8;P9;P10;P11;P12
mean;DF;gasolinac;knn_rf_deepar_svr_catboost_arima;{};12;12;7925.402633201531;0.07363078165213878;81.81818181818181;-3.2029490792020305;0.7067995342130339;87607.17010393036;85712.58924537052;89054.44491835401;87717.98041665103;88129.63967613506;89398.80571102526;88575.74335734408;89895.58010015618;88735.77090117472;92485.20258375203;86132.03823070406;87280.88678521966
