DATA;UF;PRODUCT;MODEL;PARAMS;WINDOW;HORIZON;RMSE;MAPE;POCID;PBE;MASE;P1;P2;P3;P4;P5;P6;P7;P8;P9;P10;P11;P12
median;PI;gasolinac;knn_rf_deepar_svr_catboost_arima;{};12;12;6080.344034930332;0.10278019778051524;90.9090909090909;10.230412173948183;1.0130479315723144;43389.67421016673;41613.70768931865;43011.36602106948;43063.36543209577;46551.35564487778;47680.30897538029;49764.74444049057;50532.68036496587;49591.55309177966;51202.18059865887;50261.779693989316;47933.35749192199
mean;PI;gasolinac;knn_rf_deepar_svr_catboost_arima;{};12;12;6103.896073675261;0.10325061392704132;90.9090909090909;10.401398861939319;1.0155953194498673;42047.58656593883;41649.298153093325;43133.86175667877;43174.930982659804;46131.90061734068;48405.51528725705;49851.821442467684;50407.88862281151;49516.92583903595;51817.718838188746;50228.00666912031;47155.2166751564
softdtw_barycenter;PI;gasolinac;knn_rf_deepar_svr_catboost_arima;{};12;12;5725.36200039967;0.10017157568680218;81.81818181818181;10.074144693557956;0.9836421364126576;42284.31444313087;40948.16799676045;45341.26468212016;44594.31911174644;47438.37184842437;47682.85020058998;48921.29208373951;49890.31791980373;48830.08058190263;52921.917341486755;49793.895395384585;46932.10939689147
DBA_subgradient;PI;gasolinac;knn_rf_deepar_svr_catboost_arima;{};12;12;5687.086730378888;0.09548821818840396;81.81818181818181;9.5920226715569;0.9365676154326319;42225.932297233354;40884.16785335204;44300.54302755128;43954.57849163997;46960.61321913574;48545.506421108694;50116.70773140091;51353.33135731689;50056.698409370394;53098.84631111566;50054.73073425685;47059.49924742322
DBA;PI;gasolinac;knn_rf_deepar_svr_catboost_arima;{};12;12;5650.345888446877;0.09607793759943922;81.81818181818181;9.652902568444027;0.9425119445702638;42297.76019355646;40804.60467573131;44786.00311641726;44252.78153221545;47049.48066747329;48253.3874688195;50206.89693328128;50768.3976113634;49488.22265873001;53226.05091942848;50056.535898576694;47038.13592539709
EBA_twe;PI;gasolinac;knn_rf_deepar_svr_catboost_arima;{};12;12;6379.867355208304;0.11130742162945402;72.72727272727273;11.186742119813186;1.0922764416186117;42381.11707264624;40554.64097121559;43595.66416601344;43525.627558061824;45389.16046792869;46055.34561746113;47870.63069734424;49157.85989896255;49529.83630722204;52410.79025660695;50886.80396373713;47223.86334042934
