DATA,MCPM,UF,PRODUCT,MODEL,PARAMS,WINDOW,HORIZON,RMSE,MAPE,POCID,PBE,P1,P2,P3,P4,P5,P6,P7,P8,P9,P10,P11,P12
normal_deseasonal_log_deseasonal-log,8.580175727462451e+17,RO,oleocombustivel,ARIMA_MEAN,"{'normal': ""{'p': 9, 'd': 1, 'q': 13}"", 'deseasonal': ""{'p': 14, 'd': 1, 'q': 6}"", 'log': ""{'p': 8, 'd': 0, 'q': 3}"", 'deseasonal-log': ""{'p': 11, 'd': 0, 'q': 2}""}",12,12,23.844723674916207,2.0046661396866652e+16,25.0,-38.63583591804799,8.881784197001252e-16,12.487287416923792,8.881784197001252e-16,8.881784197001252e-16,28.52319449782152,12.404554204452268,85.18212209113835,15.612051762448374,8.881784197001252e-16,-8.49281904230179,8.881784197001252e-16,-8.633276374716672
