DATA;MCPM;UF;PRODUCT;MODEL;PARAMS;WINDOW;HORIZON;RMSE;MAPE;POCID;PBE;P1;P2;P3;P4;P5;P6;P7;P8;P9;P10;P11;P12
arima-median;108980.7624600081;RS;oleocombustivel;ARIMA_MEAN;"{'normal': ""{'p': 14, 'd': 0, 'q': 14}"", 'deseasonal': ""{'p': 14, 'd': 0, 'q': 12}"", 'log': ""{'p': 9, 'd': 1, 'q': 8}"", 'deseasonal-log': ""{'p': 14, 'd': 1, 'q': 3}""}";12;12;5968.754102276898;0.4961720137205623;58.333333333333336;51.236101946844535;3850.7266673298245;4510.931366660781;5651.363820572318;4822.933419790758;4983.739299566616;5872.57405700884;5009.152961965785;4754.956589668613;4251.24597613501;3165.8993785710995;3483.7266856707365;3070.7074324326704
