DATA,MCPM,UF,PRODUCT,MODEL,PARAMS,WINDOW,HORIZON,RMSE,MAPE,POCID,PBE,P1,P2,P3,P4,P5,P6,P7,P8,P9,P10,P11,P12
normal_deseasonal_log_deseasonal-log,4.951341627653268e+20,RJ,oleocombustivel,ARIMA_MEAN,"{'normal': ""{'p': 2, 'd': 0, 'q': 2}"", 'deseasonal': ""{'p': 13, 'd': 1, 'q': 14}"", 'log': ""{'p': 12, 'd': 1, 'q': 14}"", 'deseasonal-log': ""{'p': 14, 'd': 0, 'q': 14}""}",12,12,2071.250797794372,5.390514736961383e+17,50.0,55.93769174611536,961.9996211883058,642.4978658715434,672.476406083568,1099.3236575852927,1502.1555235729163,1436.3216581333793,774.3709035992938,1067.9835980877488,752.0568595416635,627.0055819526883,650.1148015030981,192.6019569449711
