DATA,MCPM,UF,PRODUCT,MODEL,PARAMS,WINDOW,HORIZON,RMSE,MAPE,POCID,PBE,P1,P2,P3,P4,P5,P6,P7,P8,P9,P10,P11,P12
normal_deseasonal_log_deseasonal-log,1.5183230610837053e+18,TO,oleocombustivel,ARIMA_MEAN,"{'normal': ""{'p': 14, 'd': 1, 'q': 3}"", 'deseasonal': ""{'p': 7, 'd': 0, 'q': 3}"", 'log': ""{'p': 2, 'd': 0, 'q': 11}"", 'deseasonal-log': ""{'p': 8, 'd': 1, 'q': 13}""}",12,12,8.536746968454139,3.2306265021496396e+16,0.0,-inf,7.708420799645406,0.12596755879118327,4.217659615196144,7.478652936153288,14.198634340300918,14.743762858290618,12.739392335685753,3.2173019634749913,4.998550412173378,0.9106494739560045,7.793332420528488,7.948857525422136
