DATA,MCPM,UF,PRODUCT,MODEL,PARAMS,WINDOW,HORIZON,RMSE,MAPE,POCID,PBE,P1,P2,P3,P4,P5,P6,P7,P8,P9,P10,P11,P12
normal_deseasonal_log_deseasonal-log,1718.035190710628,DF,oleocombustivel,ARIMA_MEAN,"{'normal': ""{'p': 6, 'd': 0, 'q': 10}"", 'deseasonal': ""{'p': 13, 'd': 0, 'q': 14}"", 'log': ""{'p': 6, 'd': 0, 'q': 3}"", 'deseasonal-log': ""{'p': 5, 'd': 0, 'q': 14}""}",12,12,63.539682133150386,2.142811192202244,41.666666666666664,-107.7839294388123,92.04867911259981,137.09165416938822,-8.04361281447656,49.11582285090371,56.423060252819546,123.36877446709698,115.92775222795382,61.26264425749677,88.28169302314431,89.59247797578561,75.1283674218234,-41.17203938849469
