DATA;MCPM;UF;PRODUCT;MODEL;PARAMS;WINDOW;HORIZON;RMSE;MAPE;POCID;PBE;P1;P2;P3;P4;P5;P6;P7;P8;P9;P10;P11;P12
combination;18409.158164759883;MA;glp;SARIMA_MEDIAN;"{'normal': ""{'p': 3, 'd': 1, 'q': 2, 's': 12}"", 'deseasonal': ""{'p': 2, 'd': 1, 'q': 2, 's': 12}"", 'log': ""{'p': 3, 'd': 1, 'q': 3, 's': 12}"", 'deseasonal-log': ""{'p': 2, 'd': 1, 'q': 2, 's': 12}""}";12;12;1273.9728394906024;0.03699850315567237;66.66666666666667;3.1741604451966796;26857.50152128826;26489.487191608612;26543.711928475317;26126.66534571488;26828.878961073973;26936.524292730246;25919.238221366286;26236.806363669948;25723.550806198535;27045.959041313145;25990.460158883725;24739.341701612084
