DATA;MCPM;UF;PRODUCT;MODEL;PARAMS;WINDOW;HORIZON;RMSE;MAPE;POCID;PBE;P1;P2;P3;P4;P5;P6;P7;P8;P9;P10;P11;P12
combination;59739.2524749394;BA;glp;SARIMA_MEDIAN;"{'normal': ""{'p': 2, 'd': 1, 'q': 2, 's': 12}"", 'deseasonal': ""{'p': 2, 'd': 1, 'q': 2, 's': 12}"", 'log': ""{'p': 2, 'd': 1, 'q': 2, 's': 12}"", 'deseasonal-log': ""{'p': 2, 'd': 1, 'q': 2, 's': 12}""}";12;12;4132.444815850451;0.05130697179988617;66.66666666666667;-3.6194306369761176;74291.81848100832;71635.11656575267;74750.60490851177;77208.17871673095;81309.58824146082;81052.86140543925;76390.33090038196;76126.68731012286;72959.69078238335;76856.02613553128;71976.29863211814;66937.58293740534
