DATA;MCPM;UF;PRODUCT;MODEL;PARAMS;WINDOW;HORIZON;RMSE;MAPE;POCID;PBE;P1;P2;P3;P4;P5;P6;P7;P8;P9;P10;P11;P12
combination;32911.1314717661;RJ;glp;SARIMA_MEDIAN;"{'normal': ""{'p': 2, 'd': 1, 'q': 2, 's': 12}"", 'deseasonal': ""{'p': 2, 'd': 1, 'q': 2, 's': 12}"", 'log': ""{'p': 2, 'd': 1, 'q': 2, 's': 12}"", 'deseasonal-log': ""{'p': 2, 'd': 1, 'q': 2, 's': 12}""}";12;12;4545.931173879179;0.05248827574854311;83.33333333333333;-5.283439758602506;80182.17659787339;78388.78029600639;83846.8590124344;84961.82486960337;87357.83557145434;88308.79626433906;83022.48267983855;83447.41508369587;80077.30837046754;86992.75501830522;72836.2213512755;71051.82639639059
