DATA;MCPM;UF;PRODUCT;MODEL;PARAMS;WINDOW;HORIZON;RMSE;MAPE;POCID;PBE;P1;P2;P3;P4;P5;P6;P7;P8;P9;P10;P11;P12
combination;11946.643587736737;PB;glp;SARIMA_MEDIAN;"{'normal': ""{'p': 2, 'd': 1, 'q': 2, 's': 12}"", 'deseasonal': ""{'p': 2, 'd': 1, 'q': 2, 's': 12}"", 'log': ""{'p': 2, 'd': 1, 'q': 2, 's': 12}"", 'deseasonal-log': ""{'p': 2, 'd': 1, 'q': 2, 's': 12}""}";12;12;826.8642041919743;0.031912931901415816;66.66666666666667;3.171566056574094;20880.090826465857;19991.364678895945;20645.49773052035;21138.03839199526;22011.89104900338;22045.905599109017;21145.500396621337;21007.703191796354;20073.081288088524;21300.49409723642;20090.978633745253;18897.39513525569
