DATA;MCPM;UF;PRODUCT;MODEL;PARAMS;WINDOW;HORIZON;RMSE;MAPE;POCID;PBE;P1;P2;P3;P4;P5;P6;P7;P8;P9;P10;P11;P12
combination;1316.6818420978918;AP;glp;SARIMA_MEDIAN;"{'normal': ""{'p': 3, 'd': 1, 'q': 3, 's': 12}"", 'deseasonal': ""{'p': 3, 'd': 1, 'q': 3, 's': 12}"", 'log': ""{'p': 3, 'd': 1, 'q': 3, 's': 12}"", 'deseasonal-log': ""{'p': 3, 'd': 1, 'q': 3, 's': 12}""}";12;12;91.11767585288446;0.02804800177395515;66.66666666666667;0.7942725908156029;2801.012976126095;2690.460670073182;2740.408210012368;2672.0386950743505;2682.596972995527;2691.810895712759;2638.76332343452;2689.2717360474026;2600.9990453637415;2829.014375475429;2573.9422959420963;2562.055067890753
