DATA;MCPM;UF;PRODUCT;MODEL;PARAMS;WINDOW;HORIZON;RMSE;MAPE;POCID;PBE;P1;P2;P3;P4;P5;P6;P7;P8;P9;P10;P11;P12
combination;20922.144139331773;PI;glp;SARIMA_MEDIAN;"{'normal': ""{'p': 2, 'd': 1, 'q': 2, 's': 12}"", 'deseasonal': ""{'p': 2, 'd': 1, 'q': 2, 's': 12}"", 'log': ""{'p': 2, 'd': 1, 'q': 2, 's': 12}"", 'deseasonal-log': ""{'p': 2, 'd': 1, 'q': 2, 's': 12}""}";12;12;1157.9004868411298;0.059828734789148415;58.333333333333336;6.168762313789339;14448.08578655736;14130.810117005833;14403.582797302064;14351.747209377761;14515.845580228026;14811.447557482545;13953.604705236197;14121.980094647992;13840.18057101044;14385.809933964883;14320.651767149158;13395.526811569416
