DATA;UF;PRODUCT;MODEL;PARAMS;WINDOW;HORIZON;RMSE;MAPE;POCID;PBE;MASE;P1;P2;P3;P4;P5;P6;P7;P8;P9;P10;P11;P12
mean;GO;etanolhidratado;knn_rf_deepar_svr_catboost_arima;{};12;12;36335.49166343771;0.24799670796138595;54.54545454545455;25.57403250564257;1.1594176456545229;85114.39716137314;73875.75503160799;100916.02895684673;95464.87630009967;98383.23654032484;91628.25126959564;96567.4585631076;104082.93229521386;109941.0349471181;108376.55601592705;104188.2263752618;102335.1041717332
