DATA;UF;PRODUCT;MODEL;PARAMS;WINDOW;HORIZON;RMSE;MAPE;POCID;PBE;MASE;P1;P2;P3;P4;P5;P6;P7;P8;P9;P10;P11;P12
mean;ES;etanolhidratado;knn_rf_deepar_svr_catboost_arima;{};12;12;2741.3398200747692;0.44743800413292556;72.72727272727273;47.71254705753894;1.0257814886736778;2546.225113233293;1623.6109348929397;2064.0326445399965;1831.585116335541;2940.408465372266;2649.668602069398;2901.332605881508;2980.3173595754256;2828.196790811476;3187.8149365203194;2799.7458586867538;2495.7965880340917
