DATA;UF;PRODUCT;MODEL;PARAMS;WINDOW;HORIZON;RMSE;MAPE;POCID;PBE;MASE;P1;P2;P3;P4;P5;P6;P7;P8;P9;P10;P11;P12
mean;RJ;etanolhidratado;knn_rf_deepar_svr_catboost_arima;{};12;12;27708.938563058666;0.337767251695223;54.54545454545455;36.549527766496794;1.1777262453544224;40693.89283272206;40476.01652677142;36847.11538894883;36306.10534606538;35226.01323945492;37499.65085009695;39550.13432103077;41292.82800756496;43087.52023469601;49886.92358711265;49217.65144800425;51920.51835566863
