DATA;UF;PRODUCT;MODEL;PARAMS;WINDOW;HORIZON;RMSE;MAPE;POCID;PBE;MASE;P1;P2;P3;P4;P5;P6;P7;P8;P9;P10;P11;P12
mean;RS;etanolhidratado;knn_rf_deepar_svr_catboost_arima;{};12;12;1949.0820365777026;0.23930778408409334;54.54545454545455;23.176774972584504;0.525398529193549;4628.821490345017;3405.3507923197835;3525.2955245677003;3645.0480096219026;3979.643292573129;4197.030784804421;4585.142278522809;4381.102805341441;5180.997075980715;6060.255344581298;5035.778639455572;4094.752303331589
