DATA;UF;PRODUCT;MODEL;PARAMS;WINDOW;HORIZON;RMSE;MAPE;POCID;PBE;MASE;P1;P2;P3;P4;P5;P6;P7;P8;P9;P10;P11;P12
mean;AC;etanolhidratado;knn_rf_deepar_svr_catboost_arima;{};12;12;241.09098474142098;0.23468222849374512;54.54545454545455;22.730721834744756;0.9020820873785177;496.45031842247755;507.94451508795447;544.4731309373823;414.2199333912848;457.2429523222048;497.497295902678;545.8661234169363;607.5225241464466;597.2401216909303;614.5272566538198;618.222906650216;554.8489664430089
