DATA;UF;PRODUCT;MODEL;PARAMS;WINDOW;HORIZON;RMSE;MAPE;POCID;PBE;MASE;P1;P2;P3;P4;P5;P6;P7;P8;P9;P10;P11;P12
normal;SP;etanolhidratado;knn_rf_deepar_svr_catboost_arima;{};12;12;71353.62406422128;0.07201816225343725;72.72727272727273;5.2129306945070795;0.6028613046926522;591218.0666478275;592935.8517468892;643076.3470355403;640479.8676022958;681162.838611746;700481.2400551608;727420.2963884678;714971.5256026101;717133.2761995265;722224.7819610455;715322.3083729458;679162.729143485
deseasonal;SP;etanolhidratado;knn_rf_deepar_svr_catboost_arima;{};12;12;116645.63166906407;0.11849640037150107;63.63636363636363;5.790709204155207;0.9823082383455292;614396.4543211302;647718.5291382791;675270.0737854666;700045.2183664959;706361.6626994596;727842.1267347642;730582.2558828747;740079.289990549;703617.5378354947;704575.12690913;591747.6639185031;533823.3244611684
log;SP;etanolhidratado;knn_rf_deepar_svr_catboost_arima;{};12;12;71014.22512928136;0.08240096446269576;72.72727272727273;-2.3480631011696653;0.64750357822887;678137.7584973972;633005.6715186634;672710.2056461301;712355.6519701933;749648.506411062;756524.5210406912;789635.7733881153;792376.284726357;774189.604591376;777508.7348980632;748391.2997986658;689268.7265748545
