DATA;UF;PRODUCT;MODEL;PARAMS;WINDOW;HORIZON;RMSE;MAPE;POCID;PBE;MASE;P1;P2;P3;P4;P5;P6;P7;P8;P9;P10;P11;P12
normal;PR;etanolhidratado;knn_rf_deepar_svr_catboost_arima;{};12;12;38349.549304684646;0.29387173538637074;27.272727272727273;27.852438231618347;1.07208288478645;54890.76178323959;56513.55868344767;64564.12038122901;72328.64297513914;76526.20411009631;76439.60932656976;74487.74107336397;65326.181954804015;59323.549469723046;53267.76644045088;43134.29150882836;39390.57398795951
deseasonal;PR;etanolhidratado;knn_rf_deepar_svr_catboost_arima;{};12;12;39740.33138762226;0.30925492729902854;36.36363636363637;28.273431392342985;1.1195697002947724;52532.148476979695;59551.974999655;62572.37724583556;67926.87504060612;82720.75765622559;80387.2642597898;74476.00378386943;69279.86171464148;49923.00713305567;53199.18974947289;41283.57996455311;38044.15165122458
log;PR;etanolhidratado;knn_rf_deepar_svr_catboost_arima;{};12;12;28163.981618604994;0.22268217761450657;45.45454545454545;18.932899116500675;0.7945244128302786;55554.9492717392;58216.08181098901;63586.64723395932;67032.96787466829;77161.18136050667;82439.92522847773;83915.7194454636;76980.09595030412;72635.91208381946;72161.02285843818;66279.5761912698;51243.8106772669
