DATA;MCPM;UF;PRODUCT;MODEL;PARAMS;WINDOW;HORIZON;RMSE;MAPE;POCID;PBE;P1;P2;P3;P4;P5;P6;P7;P8;P9;P10;P11;P12
arima-mean;101049.85000396777;DF;gasolinac;ARIMA_MEAN;;12;12;6987.620926485313;0.06322998833344556;66.66666666666667;-2.457626230050742;88488.9691084432;86521.99088033519;89954.25545286547;86014.24873620147;87414.1939747467;89902.64621021716;88218.56670574611;88217.1366259302;86615.67399091469;92702.12491993696;83170.90182449824;85844.6724481682
