DATA,MCPM,UF,PRODUCT,MODEL,PARAMS,WINDOW,HORIZON,RMSE,MAPE,POCID,PBE,P1,P2,P3,P4,P5,P6,P7,P8,P9,P10,P11,P12
normal_deseasonal_log_deseasonal-log,188747.1228056057,SC,gasolinac,ARIMA_MEAN,"{'normal': ""{'p': 12, 'd': 1, 'q': 2}"", 'deseasonal': ""{'p': 14, 'd': 1, 'q': 13}"", 'log': ""{'p': 12, 'd': 1, 'q': 2}"", 'deseasonal-log': ""{'p': 9, 'd': 1, 'q': 10}""}",12,12,13063.317965424425,0.034274140105088245,66.66666666666667,2.650535418794636,256908.97485395355,248170.08352093495,244755.3601225649,236560.74002758792,245268.43118565352,248516.73755249457,251152.95508462164,248916.92605627456,255155.93951659396,273114.1138141358,256458.90012846875,253191.51224159697
