DATA;UF;PRODUCT;MODEL;PARAMS;WINDOW;HORIZON;RMSE;MAPE;POCID;PBE;MASE;P1;P2;P3;P4;P5;P6;P7;P8;P9;P10;P11;P12
mean;RO;glp;knn_rf_deepar_svr_catboost_arima;{};12;12;283.0454741706825;0.026895481274179078;63.63636363636363;1.3441731273687216;0.8458190635863776;7633.776052194342;7371.139668711503;7527.363284896488;7386.8328966240515;7488.669174387706;7592.983975856904;7345.4240338945365;7512.532227967085;7624.004859109904;7631.76127655743;7333.1371869084;7250.857242873997
