DATA;UF;PRODUCT;MODEL;PARAMS;WINDOW;HORIZON;RMSE;MAPE;POCID;PBE;MASE;P1;P2;P3;P4;P5;P6;P7;P8;P9;P10;P11;P12
mean;PR;glp;knn_rf_deepar_svr_catboost_arima;{};12;12;3149.77104637762;0.028901432694073182;81.81818181818181;2.1580086936668037;0.9736160966958886;80981.89472135845;79208.66511683598;87586.42008323428;87976.23850496915;89308.31061857623;90107.91238111978;85233.17385729565;85700.43614356611;83078.37951330529;80878.93125600221;76481.00831496692;75387.8602532693
