DATA;UF;PRODUCT;MODEL;PARAMS;WINDOW;HORIZON;RMSE;MAPE;POCID;PBE;MASE;P1;P2;P3;P4;P5;P6;P7;P8;P9;P10;P11;P12
mean;ES;glp;knn_rf_deepar_svr_catboost_arima;{};12;12;1042.9440288334306;0.042781102164302566;54.54545454545455;-1.308113759941968;0.8844307015762459;22601.806398048397;21619.888788828226;23047.44857072468;23045.326197863753;23541.59877649206;24255.132787801118;23263.84643554472;23192.871250343786;22967.983136344104;23381.681470296196;22114.096353764104;21259.09634216732
