DATA;MCPM;UF;PRODUCT;MODEL;PARAMS;WINDOW;HORIZON;RMSE;MAPE;POCID;PBE;P1;P2;P3;P4;P5;P6;P7;P8;P9;P10;P11;P12
arima-median;72654.37182117114;AM;gasolinac;ARIMA_MEAN;"{'normal': ""{'p': 9, 'd': 1, 'q': 14}"", 'deseasonal': ""{'p': 12, 'd': 0, 'q': 13}"", 'log': ""{'p': 9, 'd': 1, 'q': 14}"", 'deseasonal-log': ""{'p': 8, 'd': 1, 'q': 11}""}";12;12;4020.1680660844977;0.0692006888508142;58.333333333333336;-4.912961637129707;49508.62894796628;51134.85922711318;52565.6706154907;52216.27423536121;57571.81167746983;59493.896315777616;58815.724526726946;56706.527246271435;55695.36784110834;57152.95310062474;48115.35859683789;48477.726508401654
