DATA;MCPM;UF;PRODUCT;MODEL;PARAMS;WINDOW;HORIZON;RMSE;MAPE;POCID;PBE;P1;P2;P3;P4;P5;P6;P7;P8;P9;P10;P11;P12
arima-median;37956.64237271172;ES;gasolinac;ARIMA_MEAN;"{'normal': ""{'p': 6, 'd': 0, 'q': 14}"", 'deseasonal': ""{'p': 2, 'd': 0, 'q': 6}"", 'log': ""{'p': 10, 'd': 0, 'q': 11}"", 'deseasonal-log': ""{'p': 2, 'd': 0, 'q': 5}""}";12;12;3501.9213658541;0.030926864540106864;75.0;0.13301600171906733;83706.13639959373;80672.62697619142;82474.12995912594;79292.63066025975;82414.67313065453;82248.12415506318;81908.95105394933;83209.92198869077;81579.02297217643;88916.83492907856;84277.52905578192;81344.49243843221
