DATA;MCPM;UF;PRODUCT;MODEL;PARAMS;WINDOW;HORIZON;RMSE;MAPE;POCID;PBE;P1;P2;P3;P4;P5;P6;P7;P8;P9;P10;P11;P12
combination;1765.0066720379714;RS;gasolinadeaviacao;combination-median;ARIMA-SARIMA_DS-RF;12;12;96.46759428510943;0.409928813368817;58.333333333333336;5.694346135368052;212.74134150281208;99.3255132582771;105.76837260416698;64.12903999273033;64.92695100165005;144.1570659496392;166.84440284291233;258.01969128182566;283.7453153792661;490.2648292968527;596.5667078480242;260.367581118135
