DATA;MCPM;UF;PRODUCT;MODEL;PARAMS;WINDOW;HORIZON;RMSE;MAPE;POCID;PBE;P1;P2;P3;P4;P5;P6;P7;P8;P9;P10;P11;P12
combination;605.4455201516623;MA;gasolinadeaviacao;combination-median;ARIMA-SARIMA_DS-RF;12;12;23.495984891520422;0.3375002759884671;41.666666666666664;24.950299938052986;35.773147302576085;36.95082139526758;39.33101966533511;45.876369149301766;56.94809775944989;55.78467354274832;54.35408508511952;51.421103663505455;44.82965353412904;48.1833151967564;46.01300399506417;41.04399610709678
