DATA;MCPM;UF;PRODUCT;MODEL;PARAMS;WINDOW;HORIZON;RMSE;MAPE;POCID;PBE;P1;P2;P3;P4;P5;P6;P7;P8;P9;P10;P11;P12
combination;964.7394946105634;MG;gasolinadeaviacao;combination-median;ARIMA-SARIMA_DS-RF;12;12;66.1349635664555;0.23597108654850832;66.66666666666667;-7.270280694293079;278.93943395332764;252.67783747045848;317.7893237381886;322.6662830721248;333.2445483292227;363.58750533632;331.93677713527256;324.713795145244;278.56261019075106;251.13784604858827;276.0138507949931;258.6374025007209
