DATA;MCPM;UF;PRODUCT;MODEL;PARAMS;WINDOW;HORIZON;RMSE;MAPE;POCID;PBE;P1;P2;P3;P4;P5;P6;P7;P8;P9;P10;P11;P12
combination;170.7123952758642;CE;gasolinadeaviacao;combination-median;ARIMA-SARIMA_DS-RF;12;12;9.202696691663055;0.21226320258980028;58.333333333333336;15.173785615697987;24.359926957911476;24.183560318203856;27.79991176237555;28.059204110069853;36.36404438516114;34.96909278688412;37.65373033169148;35.167191097933;34.46242147232555;36.25737838673408;24.8998532673561;23.93128375475161
