DATA;MCPM;UF;PRODUCT;MODEL;PARAMS;WINDOW;HORIZON;RMSE;MAPE;POCID;PBE;P1;P2;P3;P4;P5;P6;P7;P8;P9;P10;P11;P12
combination;1331.299758840189;PA;gasolinadeaviacao;combination-median;ARIMA-SARIMA_DS-RF;12;12;60.99374922870699;0.22359488972104793;50.0;-20.734579183200953;273.16637373035707;260.21973312690704;290.23881925799844;307.42124877478614;314.1303634356644;303.18537953770493;335.9947057083554;286.60606455418844;282.90463848885;277.98196907229124;267.38713809593185;249.5395765103493
