DATA;MCPM;UF;PRODUCT;MODEL;PARAMS;WINDOW;HORIZON;RMSE;MAPE;POCID;PBE;P1;P2;P3;P4;P5;P6;P7;P8;P9;P10;P11;P12
combination;307.96361150326305;AC;gasolinadeaviacao;combination-median;ARIMA-SARIMA_DS-RF;12;12;20.720327770638374;0.3798799791555991;66.66666666666667;-10.159881287777038;43.71888674761141;77.94871776744264;54.05246690082159;72.10101454320179;75.66759429348244;82.87242611739738;77.78432302451614;56.99553621476935;71.33984282642925;52.701941201311314;74.15720529059004;49.40479509291024
