DATA;MCPM;UF;PRODUCT;MODEL;PARAMS;WINDOW;HORIZON;RMSE;MAPE;POCID;PBE;MASE;P1;P2;P3;P4;P5;P6;P7;P8;P9;P10;P11;P12
log;172479.05466855032;ES;etanolhidratado;rf;{'n_estimators': 50};12;12;5945.357638260017;0.3270343874402684;36.36363636363637;48.78134964328701;0.8538255013614622;3582.355752906385;3605.654554897271;3662.245371144829;3786.4802264299215;3982.310705267848;4781.281016267393;4712.07924329024;4398.623871166945;4414.981708990888;3812.1027123922618;2855.5857947001723;2448.8079598045297
normal;222842.0920545384;ES;etanolhidratado;rf;{'n_estimators': 150};12;12;6145.431412621641;0.4033677711721708;18.181818181818183;48.57086198154235;0.9446697008394512;3543.824954304503;3781.1791973039126;3900.058247079563;4690.598636985516;5141.4364668134895;4771.433339324468;4481.222707621406;3993.2104061537207;3770.505690865552;2927.523155044615;2627.7145262755507;2603.0174312814265
