DATA;MCPM;UF;PRODUCT;MODEL;PARAMS;WINDOW;HORIZON;RMSE;MAPE;POCID;PBE;MASE;P1;P2;P3;P4;P5;P6;P7;P8;P9;P10;P11;P12
log;1960.518426815549;RR;etanolhidratado;rf;{'n_estimators': 100};12;12;107.72732608537;0.2609527885569372;63.63636363636363;26.71169749730461;0.8734536274066468;183.53766218514485;196.55547152115807;208.3979402891518;228.4626794309244;241.8127915507316;281.96262530461314;233.8588803804218;237.89214824762087;216.7342026273745;190.2414924489893;195.933807359586;188.2006973193384
normal;2835.771452165839;RR;etanolhidratado;rf;{'n_estimators': 50};12;12;111.53779993899946;0.2505545300405851;45.45454545454545;26.642163825453963;0.8551318767829231;203.2854389267055;197.6630479470112;212.7458293278072;228.98578584852203;250.63042774822733;272.5327196860559;243.91154803078464;241.93249781836093;209.1887374855726;185.47134977539417;195.0668677342869;164.64635427959547
