DATA;MCPM;UF;PRODUCT;MODEL;PARAMS;WINDOW;HORIZON;RMSE;MAPE;POCID;PBE;MASE;P1;P2;P3;P4;P5;P6;P7;P8;P9;P10;P11;P12
log;119738.38478377476;AM;etanolhidratado;rf;{'n_estimators': 50};12;12;4718.188068443003;0.2713936176752865;45.45454545454545;25.57965660932922;0.9732837793849544;10140.439211014142;10374.87662634114;11270.385365612943;13654.653832447091;14665.699157300913;13446.09944373764;12766.91160130853;11117.984702899936;10189.392556250672;9089.592629132443;7113.3845051344015;7590.638371220954
normal;121650.6293893768;AM;etanolhidratado;rf;{'n_estimators': 100};12;12;4793.1616542518095;0.2759969876462032;45.45454545454545;25.9808867945802;0.9898860325117544;10680.3163837243;10993.032873523696;11991.749967747974;14119.73990311469;14263.676975041037;13004.162444947857;12210.931744387266;10503.730559822914;9378.43945261437;9590.325267396189;7022.862108729905;6952.551609815896
