DATA;MCPM;UF;PRODUCT;MODEL;PARAMS;WINDOW;HORIZON;RMSE;MAPE;POCID;PBE;MASE;P1;P2;P3;P4;P5;P6;P7;P8;P9;P10;P11;P12
normal;122060.93958802852;BA;etanolhidratado;rf;{'n_estimators': 50};12;12;7726.829389305391;0.11748402431476838;63.63636363636363;10.59665702864392;0.4260361873350686;33368.042755359216;34181.695371810405;33534.828613593876;32260.66475700704;36263.970030663666;35069.00133659453;34735.31760603211;37726.71842225032;40627.78751038821;42025.78319332399;46480.05318337034;55731.680138906435
log;113899.92525225216;BA;etanolhidratado;rf;{'n_estimators': 200};12;12;5770.618954883791;0.12719035180594807;54.54545454545455;12.401800757891108;0.39358632875600796;29132.097557853576;27540.9298017976;27549.463723564648;28248.31269088749;31285.158322548275;32616.11882563045;37096.88933664664;43662.35556464179;47060.37156624124;46666.545545285735;52122.939858235375;49696.00191294817
deseasonal;59158.153111303945;BA;etanolhidratado;rf;{'n_estimators': 50};12;12;4990.697605280589;0.1016283020867562;72.72727272727273;5.927001108750585;0.3125097376676451;30415.3526328498;26036.320508554978;25969.00145266364;31062.973854457738;35994.06822694099;38006.71788270634;48906.34728922492;53190.63621212921;50437.376764442095;51794.513847862385;49569.91030402759;44753.49003650092
