DATA;MCPM;UF;PRODUCT;MODEL;PARAMS;WINDOW;HORIZON;RMSE;MAPE;POCID;PBE;MASE;P1;P2;P3;P4;P5;P6;P7;P8;P9;P10;P11;P12
normal;33902.31400357374;RN;etanolhidratado;rf;{'n_estimators': 50};12;12;1711.2425784275754;0.2904808647039801;54.54545454545455;-14.571754995828185;0.7842100994801251;3991.964348347931;4311.241491247028;4053.178293088403;4049.8473474923258;4772.929466764763;5328.021670591433;7474.5729601440225;6538.210261984899;7740.24511073748;6153.956050378173;6611.023467664935;5214.481139572174
log;41266.09099353381;RN;etanolhidratado;rf;{'n_estimators': 150};12;12;1737.4745869264482;0.29498211893220555;45.45454545454545;-10.18454677781106;0.821918097631133;4849.8549043474;3013.7994897008284;2801.1301013858256;3239.5474215799723;3539.7982353772945;4804.195213056684;5104.950862692368;6242.379978835838;7558.4118739906735;8470.105677740032;7644.844010399089;6434.188968940137
deseasonal;32103.08721537328;RN;etanolhidratado;rf;{'n_estimators': 100};12;12;2018.9543823094862;0.35146930198632437;63.63636363636363;-21.301435997836776;0.9804489769068562;4987.10090910164;4263.168491669337;4152.14930793465;4065.8539423510665;5164.743060093866;7599.608779863102;7960.422146989566;7909.281921562272;6745.335657565382;6477.97385009076;5793.777523106403;5011.0217619648865
