DATA;MCPM;UF;PRODUCT;MODEL;PARAMS;WINDOW;HORIZON;RMSE;MAPE;POCID;PBE;MASE;P1;P2;P3;P4;P5;P6;P7;P8;P9;P10;P11;P12
log;9371.317401030004;AC;etanolhidratado;rf;{'n_estimators': 50};12;12;429.4353018291607;0.3553459757267973;54.54545454545455;40.2253793876927;0.9179593554256168;499.2074850670217;514.1703316770704;526.1450284497963;508.91944335897614;583.6033381704722;573.1322512338621;579.1736458748;552.265539743347;542.3615374529098;532.1266342348827;523.0434624664155;461.3214696664847
normal;7611.8875862420355;AC;etanolhidratado;rf;{'n_estimators': 100};12;12;418.0767224395361;0.3459276557745719;63.63636363636363;39.17670799158998;0.8940282518916556;524.529331731703;510.6984331984772;532.9936756180134;511.38272559701255;557.5525413509506;576.3501817078882;593.467160638853;546.9545290780785;584.8097877508371;555.544879196698;536.6790723236741;476.70842129406816
