DATA;MCPM;UF;PRODUCT;MODEL;PARAMS;WINDOW;HORIZON;RMSE;MAPE;POCID;PBE;MASE;P1;P2;P3;P4;P5;P6;P7;P8;P9;P10;P11;P12
log;722529.3536788633;MG;etanolhidratado;rf;{'n_estimators': 150};12;12;39873.11332103761;0.1811445702047958;63.63636363636363;2.607496234990573;0.5293259733106285;134563.45376285948;132400.5842866798;148027.08333282397;161930.18034957992;192789.9001855604;186626.19040991657;203609.6516967509;201251.71490208985;182540.0509433557;167098.74992587612;154499.82808450045;140137.05523766915
normal;561947.4510960783;MG;etanolhidratado;rf;{'n_estimators': 50};12;12;38713.10721937562;0.1890532711125803;72.72727272727273;2.1069518726437426;0.5462698697103994;132665.02498640693;136184.76383494263;150777.41771619368;167040.9601056961;188980.92405282368;190625.9821497892;203790.23119192387;198190.4341487113;166645.9440924308;173955.2177190152;159313.42395953598;147611.16423581043
