DATA;MCPM;UF;PRODUCT;MODEL;PARAMS;WINDOW;HORIZON;RMSE;MAPE;POCID;PBE;P1;P2;P3;P4;P5;P6;P7;P8;P9;P10;P11;P12
combination;83798.19672518909;CE;gasolinac;SARIMA_MEDIAN;"{'normal': ""{'p': 2, 'd': 1, 'q': 2, 's': 12}"", 'deseasonal': ""{'p': 2, 'd': 1, 'q': 2, 's': 12}"", 'log': ""{'p': 2, 'd': 1, 'q': 2, 's': 12}"", 'deseasonal-log': ""{'p': 2, 'd': 1, 'q': 2, 's': 12}""}";12;12;7726.87024692906;0.04539415175136788;75.0;4.417059159313709;117403.54230492638;112923.91858749851;117388.72830238222;116861.14106668578;126679.35478354711;125301.07421712749;124445.85762834079;129040.98263670094;120181.99171515815;136212.37435471333;122487.58290697246;112852.53195113038
