DATA;MCPM;UF;PRODUCT;MODEL;PARAMS;WINDOW;HORIZON;RMSE;MAPE;POCID;PBE;P1;P2;P3;P4;P5;P6;P7;P8;P9;P10;P11;P12
combination;25107.59076418244;PI;gasolinac;SARIMA_MEDIAN;"{'normal': ""{'p': 2, 'd': 1, 'q': 2, 's': 12}"", 'deseasonal': ""{'p': 2, 'd': 1, 'q': 2, 's': 12}"", 'log': ""{'p': 2, 'd': 1, 'q': 2, 's': 12}"", 'deseasonal-log': ""{'p': 2, 'd': 1, 'q': 2, 's': 12}""}";12;12;3467.220794022074;0.056397892908594226;83.33333333333333;5.657735694815327;47159.29211868105;44332.304094609775;46836.712370300185;46522.55247728345;51364.96491123205;51672.914323389545;51322.18570752455;51990.351308427635;49272.27875033098;56609.05730621236;51447.3294097563;44825.48299980759
