DATA;MCPM;UF;PRODUCT;MODEL;PARAMS;WINDOW;HORIZON;RMSE;MAPE;POCID;PBE;P1;P2;P3;P4;P5;P6;P7;P8;P9;P10;P11;P12
combination;3781.4768414747637;AC;gasolinac;SARIMA_MEDIAN;"{'normal': ""{'p': 2, 'd': 1, 'q': 2, 's': 12}"", 'deseasonal': ""{'p': 2, 'd': 1, 'q': 2, 's': 12}"", 'log': ""{'p': 2, 'd': 1, 'q': 2, 's': 12}"", 'deseasonal-log': ""{'p': 2, 'd': 1, 'q': 2, 's': 12}""}";12;12;522.7957059659867;0.036489891302920824;83.33333333333333;-0.9265840708051799;12329.018118598437;12248.309679877217;12849.04286836017;12710.328727367643;13701.29878968795;14058.740132554361;13789.797975826865;13704.76787278521;12981.751652143459;14180.605450469538;12007.976245411493;11568.205150718757
