DATA;MCPM;UF;PRODUCT;MODEL;PARAMS;WINDOW;HORIZON;RMSE;MAPE;POCID;PBE;P1;P2;P3;P4;P5;P6;P7;P8;P9;P10;P11;P12
combination;28154.784079714787;RO;gasolinac;SARIMA_MEDIAN;"{'normal': ""{'p': 2, 'd': 1, 'q': 2, 's': 12}"", 'deseasonal': ""{'p': 2, 'd': 1, 'q': 2, 's': 12}"", 'log': ""{'p': 2, 'd': 1, 'q': 2, 's': 12}"", 'deseasonal-log': ""{'p': 2, 'd': 1, 'q': 2, 's': 12}""}";12;12;1948.6297374514388;0.033484018375572466;66.66666666666667;1.6185128581816262;37440.657602279316;37646.05774011113;38241.44359883431;38550.024486770155;41179.26005761509;41823.28985397826;40985.77371158457;41400.45039029795;39134.337231229045;43391.99543642526;36627.794698566606;35406.8526890237
