DATA;MCPM;UF;PRODUCT;MODEL;PARAMS;WINDOW;HORIZON;RMSE;MAPE;POCID;PBE;P1;P2;P3;P4;P5;P6;P7;P8;P9;P10;P11;P12
combination;14739.83287359788;SE;gasolinac;SARIMA_MEDIAN;"{'normal': ""{'p': 2, 'd': 1, 'q': 2, 's': 12}"", 'deseasonal': ""{'p': 2, 'd': 1, 'q': 2, 's': 12}"", 'log': ""{'p': 2, 'd': 1, 'q': 2, 's': 12}"", 'deseasonal-log': ""{'p': 2, 'd': 1, 'q': 2, 's': 12}""}";12;12;1359.930135971241;0.030277707992023107;75.0;1.7799370036221969;34057.87409178268;32950.39405991223;33569.89166241192;33694.195634228265;34160.48126267869;35183.212465015764;34580.176988321546;35660.271000255845;33393.17416258061;38117.94276263514;34805.34369696726;33151.66476773036
