DATA;MCPM;UF;PRODUCT;MODEL;PARAMS;WINDOW;HORIZON;RMSE;MAPE;POCID;PBE;P1;P2;P3;P4;P5;P6;P7;P8;P9;P10;P11;P12
combination;43110.42289515708;ES;gasolinac;SARIMA_MEDIAN;"{'normal': ""{'p': 2, 'd': 1, 'q': 2, 's': 12}"", 'deseasonal': ""{'p': 2, 'd': 1, 'q': 2, 's': 12}"", 'log': ""{'p': 2, 'd': 1, 'q': 2, 's': 12}"", 'deseasonal-log': ""{'p': 2, 'd': 1, 'q': 2, 's': 12}""}";12;12;3976.3673744433063;0.03750535216186643;75.0;-2.139911980476292;84872.40412991983;82034.8488091472;83109.85790806438;81930.32931507114;84515.50660001225;83964.68581763079;83432.81655784053;85811.14022482211;82276.54774319488;92387.15193352598;87497.45004268154;82790.83773570662
