DATA;MCPM;UF;PRODUCT;MODEL;PARAMS;WINDOW;HORIZON;RMSE;MAPE;POCID;PBE;P1;P2;P3;P4;P5;P6;P7;P8;P9;P10;P11;P12
combination;12835.00194897843;RN;gasolinac;SARIMA_MEDIAN;"{'normal': ""{'p': 2, 'd': 1, 'q': 2, 's': 12}"", 'deseasonal': ""{'p': 2, 'd': 1, 'q': 2, 's': 12}"", 'log': ""{'p': 2, 'd': 1, 'q': 2, 's': 12}"", 'deseasonal-log': ""{'p': 2, 'd': 1, 'q': 2, 's': 12}""}";12;12;1775.5186024112838;0.027447281908993693;83.33333333333333;-0.08810449474437751;53361.784837389656;52155.745385909446;55257.43356335631;53918.32781927283;57133.82383359001;58181.16487741917;56743.970477799936;57997.6964113033;55288.35428607666;63195.189341837424;55861.113090434344;52237.64630637465
