dataset_index;horizon;regressor;mape;pocid;smape;rmse;msmape;mae;test;predictions;start_test;final_test
9;8;DWT_catboost_normal;0.08008313227575284;14.285714285714286;0.08126607750557714;14.690708945345163;0.08124043738555142;12.909420516519504;[133.956916099773, 162.868480725624, 175.382653061224, 168.12641723356, 161.621315192744, 176.799886621315, 159.651360544218, 166.72335600907];"[155.92716099 155.78546817 154.70761546 155.55399895 156.76102231
 155.59167091 155.63663407 155.83194028]";1998-03-29;1998-05-17
3;8;DWT_catboost_normal;0.1007475476589646;71.42857142857143;0.09184133316576375;19.561521123481487;0.09181203213259359;14.40645949751671;[160.756802721088, 175.198412698413, 146.471088435374, 137.159863945578, 134.708049886621, 173.058390022676, 161.337868480726, 165.561224489796];"[165.69448132 173.79905343 168.35764403 167.02974159 173.96418281
 170.31218452 169.24695583 172.80800359]";1998-03-29;1998-05-17
12;8;DWT_catboost_normal;0.15197964154829702;28.571428571428573;0.1621405417408352;25.116950586660867;0.16208350856388387;23.114036413187996;[146.952947845805, 158.914399092971, 155.201247165533, 145.195578231293, 115.221088435374, 175.014172335601, 152.33843537415, 153.245464852608];"[134.89070421 126.74998517 131.66670712 132.60813328 136.30756706
 131.22064577 130.97744748 134.92280917]";1998-03-29;1998-05-17
24;8;DWT_catboost_normal;0.06430106465770986;71.42857142857143;0.060776376794250186;11.55759772558845;0.06075506756029056;8.679682334436398;[140.419501133787, 157.766439909297, 150.085034013606, 148.823696145125, 123.058390022676, 143.948412698413, 137.641723356009, 145.507369614512];"[153.27773795 152.06535456 148.71223805 148.17150689 148.84330707
 150.10092475 149.4679515  150.59686367]";1998-03-29;1998-05-17
18;8;DWT_catboost_normal;0.07384219286113305;57.142857142857146;0.07180528853842968;16.768984143784984;0.07178475915890023;12.579990398974449;[187.131519274377, 186.862244897959, 180.428004535147, 181.434240362812, 148.299319727891, 179.450113378685, 187.542517006803, 189.030612244898];"[164.71379244 171.10781553 181.49699886 194.22176954 183.59162745
 185.77095653 187.56422464 182.05422725]";1998-03-29;1998-05-17
0;8;DWT_catboost_normal;0.04341607532642489;42.857142857142854;0.04486313492964944;15.517724511173913;0.044854469784531864;11.622622981640198;[254.280045351474, 260.572562358277, 262.585034013605, 259.05612244898, 255.711451247166, 292.786281179138, 272.534013605442, 280.144557823129];"[254.44125037 234.52346249 253.72513328 261.46497483 267.79978684
 292.49373171 257.59129754 251.9662331 ]";1998-03-29;1998-05-17
21;8;DWT_catboost_normal;0.07116960644464108;28.571428571428573;0.07490878008026614;11.573477418710368;0.07487972773432403;9.657416443715688;[130.172902494331, 139.68253968254, 123.469387755102, 124.674036281179, 126.275510204082, 140.958049886621, 136.139455782313, 132.851473922902];"[121.61052707 120.88025441 121.38455129 121.70832684 122.70498066
 121.83049087 123.09854563 123.7463477 ]";1998-03-29;1998-05-17
27;8;DWT_catboost_normal;0.11822715874174963;71.42857142857143;0.12009913444402763;16.449277353592006;0.12004790985206987;14.17383244123425;[126.941609977324, 134.353741496599, 118.069727891156, 142.715419501134, 91.2131519274377, 132.001133786848, 118.381519274376, 116.156462585034];"[110.52090146 109.58963216 111.16410838 123.04678703 115.8603125
 117.60419175 117.40449567 110.54599911]";1998-03-29;1998-05-17
15;8;DWT_catboost_normal;0.05379152967142319;57.142857142857146;0.05584505651134519;11.297186418018933;0.055828751464546404;9.564951003485142;[171.343537414966, 185.912698412698, 170.46485260771, 171.839569160998, 175.382653061225, 181.575963718821, 173.228458049887, 168.395691609977];"[159.85433914 164.79476102 168.46152932 164.38485729 165.43457127
 166.57519231 165.80257419 166.31599146]";1998-03-29;1998-05-17
18;8;DWT_catboost_normal;0.12958695193456787;42.857142857142854;0.1077773572361907;29.6625935467182;0.10774483422149557;18.025732624291635;[203.883219954649, 114.374036042613, 190.277777777778, 170.3089569161, 188.562925170068, 173.639455782313, 199.971655328798, 186.210317460317];"[191.39051379 193.44941349 184.62431751 167.84088841 175.18383773
 189.58707345 187.72758034 183.26484893]";1998-02-01;1998-03-22
3;8;DWT_catboost_normal;0.12542963397606216;42.857142857142854;0.13580465854529006;24.347914967555344;0.13576078920029838;21.087594074116183;[139.810090702948, 163.605442176871, 158.659297052154, 147.902494331066, 190.277777777778, 157.397959183673, 160.884353741497, 176.5589569161];"[130.62845466 140.38140147 138.9294925  155.22607747 140.88840959
 142.55151206 137.05511347 155.38232436]";1998-02-01;1998-03-22
9;8;DWT_catboost_normal;0.10065873069348802;28.571428571428573;0.1079843925073513;18.238893467080697;0.10794717813827737;15.664181199030416;[158.418367346939, 155.952380952381, 146.187641723356, 149.872448979592, 160.00566893424, 150.127551020408, 151.785714285714, 154.081632653061];"[133.34947523 128.84805442 146.08631951 135.90769061 132.16798458
 140.0079201  142.41794903 142.33256282]";1998-02-01;1998-03-22
12;8;DWT_catboost_normal;0.10630647902554805;57.142857142857146;0.09676573599365207;16.484828997842122;0.09672664604134831;12.035621091546048;[114.512471655329, 95.9750566893425, 132.922335600907, 133.191609977324, 133.475056689342, 132.823129251701, 141.439909297052, 143.579931972789];"[136.32124048 133.8317796  138.57184664 129.28962346 129.08487235
 129.51664809 131.38688485 134.26164249]";1998-02-01;1998-03-22
24;8;DWT_catboost_normal;0.1258708526712517;28.571428571428573;0.13537394867889946;20.36963498119106;0.13532515376705942;18.791982148780008;[143.424036281179, 160.700113378685, 144.387755102041, 150.793650793651, 138.548752834467, 150.524376417234, 127.536848072562, 153.1320861678];"[129.53428066 130.83321051 133.05844081 123.33708695 123.75295955
 126.69755694 133.7524692  130.17699949]";1998-02-01;1998-03-22
6;8;DWT_catboost_normal;0.08597721692273494;57.142857142857146;0.08701009588507694;15.855162865973767;0.08698062939739182;12.882618758507872;[164.356575963719, 172.548185941043, 142.531179138322, 151.034580498866, 126.176303854875, 151.87074829932, 141.624149659864, 143.877551020408];"[148.78472916 142.25553151 133.94224256 142.18071309 151.10359239
 145.35379766 137.93737876 148.50018579]";1998-03-29;1998-05-17
18;8;DWT_catboost_normal;0.21919967912123195;28.571428571428573;0.1948541596201525;46.28102726856332;0.1948033103289309;37.706293493935725;[198.044217687075, 200.566893424036, 269.118480725624, 186.465419501134, 145.223922902494, 156.065759637188, 149.319727891157, 179.733560090703];"[204.50602234 195.49851881 202.49287035 208.83930159 219.47207368
 215.88223098 202.71489677 193.39444532]";1997-12-07;1998-01-25
9;8;DWT_catboost_normal;0.1454856077782768;28.571428571428573;0.13611429544043757;21.988110427191057;0.13606822794360254;20.14240745955322;[145.393990929705, 153.458049886621, 175.977891156463, 140.547052154195, 128.954081632653, 128.44387755102, 130.144557823129, 137.18820861678];"[156.81214243 150.18543155 151.51215756 156.32553199 156.93199531
 160.43709079 154.69602585 158.86989008]";1997-12-07;1998-01-25
15;8;DWT_catboost_normal;0.07932356866137506;57.142857142857146;0.07653934210353845;14.522762042575025;0.07651495746371934;12.047467905072303;[174.574829931973, 148.28514739229, 131.207482993197, 168.154761904762, 174.617346938775, 154.903628117914, 159.041950113379, 175.708616780045];"[161.8379188  158.6365982  162.53424206 155.85269562 173.48187633
 163.3441763  166.74746372 163.32759322]";1998-02-01;1998-03-22
0;8;DWT_catboost_normal;0.06007185699599878;42.857142857142854;0.05628850556649245;20.52678561919081;0.05627699980365894;13.803576428374598;[258.460884353742, 242.871315192744, 257.100340136054, 255.952380952381, 253.897392290249, 207.8089569161, 250.921201814059, 259.169501133787];"[253.1948243  273.1007551  266.17344226 248.67906698 247.51359529
 255.15302724 253.37004302 256.75951429]";1998-02-01;1998-03-22
21;8;DWT_catboost_normal;0.05689419943393843;57.142857142857146;0.05779751195378885;8.456690170935788;0.05777392024769316;7.078970170073646;[132.213718820862, 118.608276643991, 117.587868480726, 116.369047619048, 123.852040816327, 117.928004535147, 118.579931972789, 130.385487528345];"[116.23849396 122.38613857 124.53350093 122.99554733 126.15074388
 124.62937968 116.81012754 117.84882775]";1998-02-01;1998-03-22
27;8;DWT_catboost_normal;0.0671847481720773;57.142857142857146;0.0676918185416573;9.921817936299167;0.06766208886243491;7.709727767712376;[115.674603174603, 109.991496598639, 116.340702947846, 104.294217687075, 125.651927437642, 115.47619047619, 116.085600907029, 103.146258503401];"[123.13417737 109.37370032 119.87447558 106.47196856 105.58633783
 109.46004062 109.5227448  118.3905911 ]";1998-02-01;1998-03-22
3;8;DWT_catboost_normal;0.1977819045289999;57.142857142857146;0.1768599145424597;29.713625693790394;0.17680037992812214;26.333883595118035;[165.079365079365, 179.124149659864, 140.532879818594, 118.976757369615, 127.551020408163, 121.683673469388, 139.866780045352, 162.81179138322];"[151.14991808 158.02194961 160.00417988 168.55350874 165.86645239
 161.42170066 162.27480662 168.94167592]";1997-12-07;1998-01-25
15;8;DWT_catboost_normal;0.12716592232731877;71.42857142857143;0.12670609202566196;24.212111614840396;0.12666672889374525;20.56162383111941;[165.943877551021, 179.648526077098, 209.963151927438, 144.798752834467, 130.824829931973, 143.28231292517, 152.522675736962, 143.494897959184];"[158.51932777 159.47513815 160.30357296 160.57664835 160.35196694
 160.32119227 160.45540132 160.45373449]";1997-12-07;1998-01-25
9;8;DWT_catboost_normal;0.08426803653750314;42.857142857142854;0.079989245863134;13.89942983212263;0.07996236740505445;11.917613850366946;[142.998866213152, 127.565192743764, 150.198412698413, 161.833900226757, 143.069727891156, 148.4410430839, 142.517006802721, 157.993197278912];"[149.0793155  153.62612454 155.67626907 151.51507482 160.51780213
 159.62377625 158.50759105 160.77465356]";1997-10-12;1997-11-30
18;8;DWT_catboost_normal;0.08274978262451119;71.42857142857143;0.0799706850524323;17.620026190041784;0.07994983331492361;15.39736025712999;[178.344671201814, 164.384920634921, 172.477324263039, 219.756235827665, 203.528911564626, 190.093537414966, 210.232426303855, 219.104308390023];"[192.26506608 192.34982384 198.29068718 204.72996751 204.46459013
 203.98621533 204.25970669 199.45143174]";1997-10-12;1997-11-30
21;8;DWT_catboost_normal;0.2071709741975919;85.71428571428571;0.1851905094799689;24.93254364241026;0.18511360944960362;22.373883568844633;[120.804988662132, 131.788548752834, 152.919501133787, 104.861111111111, 106.56179138322, 102.437641723356, 108.379138083429, 95.4506802721088];"[128.49388926 129.8719957  131.08510254 133.59110635 134.72380121
 131.94319469 132.8507854  132.13269122]";1997-12-07;1998-01-25
0;8;DWT_catboost_normal;0.12544698061591186;14.285714285714286;0.13350128551076693;42.6279290131203;0.13347420485076844;33.09287080069199;[263.137755102041, 259.197845804989, 322.066326530612, 226.615646258503, 209.041950113379, 223.327664399093, 221.301020408163, 248.767006802721];"[215.35098476 219.00271445 228.660374   243.13858021 243.59133517
 225.98956376 236.73394027 234.57903285]";1997-12-07;1998-01-25
24;8;DWT_catboost_normal;0.1665495576475275;28.571428571428573;0.15730715646456644;28.28398101585032;0.15725214295709217;22.815880443903787;[144.430272108843, 148.979591836735, 203.528911564626, 117.34693877551, 114.83843537415, 119.146825396825, 128.1179138322, 122.50566893424];"[152.84662059 141.19529109 151.24407733 157.63654748 146.26896077
 132.56747925 129.80384251 149.72051238]";1997-12-07;1998-01-25
6;8;DWT_catboost_normal;0.20181288534047367;57.142857142857146;0.23655364899845316;34.223492898806526;0.2364550999572138;28.80410402499053;[135.374149659864, 129.464285714286, 138.506235827664, 148.412698412698, 146.400226757369, 132.270408163265, 137.443310657596, 163.236961451247];"[134.41651886  72.63624173 131.77100527 114.22334687 112.32125539
 115.134301   107.90427231 112.26850301]";1998-02-01;1998-03-22
3;8;DWT_catboost_normal;0.10965354585275909;28.571428571428573;0.0980416710017812;21.34760383170196;0.09801023768069667;15.344893308649745;[151.020408163265, 120.904195011338, 161.947278911565, 171.697845804989, 170.62074829932, 156.746031746032, 152.749433106576, 181.363378684807];"[167.73637489 171.86201646 166.16632326 165.76078585 175.39706207
 175.54432397 170.92308719 184.5443726 ]";1997-10-12;1997-11-30
12;8;DWT_catboost_normal;0.11322773373583367;57.142857142857146;0.11860742850588989;23.811688542768366;0.11856651315900243;17.37509481817019;[121.686961212681, 163.732993197279, 192.474489795918, 142.786281179138, 123.171768707483, 123.58276643991, 127.18253968254, 136.635487528345];"[137.37612139 133.21830629 138.56486359 143.42727903 137.44165748
 134.83211971 138.06552219 138.4795504 ]";1997-12-07;1998-01-25
15;8;DWT_catboost_normal;0.03990480449666241;28.571428571428573;0.041385039225459205;8.643703552803277;0.04137166156708057;6.410326918812281;[148.922902494331, 145.705782312925, 159.112811791383, 167.077664399093, 160.530045351474, 161.493764172336, 155.867346938775, 164.880952380952];"[147.95843643 138.15365297 158.32896675 156.8762839  158.79167318
 150.25565091 154.4946169  147.44937345]";1997-10-12;1997-11-30
21;8;DWT_catboost_normal;0.07373835895331685;42.857142857142854;0.07011647171081865;11.217662011579103;0.0700878967470919;8.61401448724412;[111.649659863946, 107.624716553288, 139.016439909297, 129.393424036281, 124.68820861678, 120.890022675737, 118.381519274377, 130.031179138322];"[123.68823653 131.29742658 127.33413683 129.27574677 126.54156348
 128.98374863 128.00296498 128.1988568 ]";1997-10-12;1997-11-30
0;8;DWT_catboost_normal;0.13171026382593937;57.142857142857146;0.1166314748653226;33.85406594020472;0.11660465504730523;25.456125372875235;[217.020975056689, 207.950680272109, 164.611678004535, 246.24433106576, 241.794217687075, 223.228458049887, 207.922335600907, 234.679705215419];"[239.13299536 245.59061358 239.17422311 244.28637713 236.66148685
 244.95851769 241.97136405 241.14443662]";1997-10-12;1997-11-30
27;8;DWT_catboost_normal;0.1443217070580139;57.142857142857146;0.13866636686517791;17.626592953795907;0.13860551153150993;15.906469771082936;[117.956349206349, 129.308390022676, 147.774943310658, 104.634353741497, 96.4143990929705, 96.4285714285714, 100.368480725623, 103.784013605442];"[116.23225755 116.97753605 119.16852704 115.47230536 117.7014567
 117.69235137 117.13251953 118.2215819 ]";1997-12-07;1998-01-25
24;8;DWT_catboost_normal;0.13096185782605704;57.142857142857146;0.13136000027953948;21.948474284576445;0.13131021984814534;17.482888386423667;[116.09977324263, 129.747732426304, 122.108843537415, 140.178571428571, 107.96485260771, 119.189342403628, 117.587868480726, 176.062925170068];"[133.66088991 129.20930919 120.23723299 120.96339914 130.34515054
 136.78600943 131.81758535 129.59282265]";1997-10-12;1997-11-30
6;8;DWT_catboost_normal;0.23290536164262965;28.571428571428573;0.22371225328099015;37.979965438410694;0.22362810529761787;30.360051288549144;[159.481292517007, 163.407029478458, 198.767006802721, 149.135487528345, 115.94387755102, 111.507936507937, 118.551587301587, 84.3679138321995];"[137.19248481 129.91640713 123.03042337 141.55454641 135.02371306
 130.64463525 110.74956738 142.13281536]";1997-12-07;1998-01-25
27;8;DWT_catboost_normal;0.06173352576192769;57.142857142857146;0.06112543206748815;9.568542330182337;0.0610993662449672;7.168131424169358;[111.961451247165, 105.484693877551, 115.986394557823, 129.393424036281, 115.958049886621, 116.56746031746, 118.098072562358, 118.381519274376];"[122.93658811 120.65416287 120.9812515  110.97242446 118.81135965
 119.05631537 118.93896611 119.98304992]";1997-10-12;1997-11-30
16;8;DWT_catboost_normal;0.13447378945006272;42.857142857142854;0.13591538508839118;22.30275786641817;0.13586938651391467;20.156501913482877;[165.022675736962, 120.3089569161, 174.829931972789, 159.495464852608, 128.897392290249, 165.688775510204, 167.998866213152, 147.590702947846];"[146.97336708 152.77736212 140.2756395  132.35432959 145.50384852
 156.70285233 151.9571364  140.18593845]";1998-03-29;1998-05-17
19;8;DWT_catboost_normal;0.07692341702365157;57.142857142857146;0.08196955998255309;13.748728294674981;0.08193654899185186;10.18853439975543;[145.252267573696, 128.996598639456, 125.141723356009, 112.910997732426, 115.858843537415, 132.454648526077, 118.664965986395, 121.343537414966];"[114.04507897 113.72566106 117.50388506 118.01912288 118.84266018
 118.50237852 114.80127682 119.85912766]";1998-03-29;1998-05-17
4;8;DWT_catboost_normal;0.09156202034593601;42.857142857142854;0.0956983293737168;20.463133611774868;0.09567019428557832;16.336927563870805;[176.785714285714, 205.994897959184, 185.572562358277, 174.036281179138, 145.975056689342, 154.024943310658, 155.229591836735, 156.632653061224];"[163.51491896 161.44927149 160.22482581 161.82264011 162.78560006
 161.01379707 161.12634086 162.25412799]";1998-03-29;1998-05-17
1;8;DWT_catboost_normal;0.09111012359725659;14.285714285714286;0.09430991135540429;13.75871879804722;0.09427511033764359;12.792468371142414;[136.493764172336, 150.566893424036, 143.806689342404, 128.231292517007, 118.310657596372, 143.806689342404, 147.604875283447, 143.792517006803];"[127.18850297 128.35353515 129.81935006 131.55189447 132.15763048
 132.01040209 131.61223487 131.91523131]";1998-03-29;1998-05-17
12;8;DWT_catboost_normal;0.07759573546691442;28.571428571428573;0.07408127180320549;13.542033920824027;0.07405353888466966;9.930614965248047;[138.109410430839, 111.337868480726, 136.111111111111, 155.93820861678, 135.005668934241, 123.072562358277, 139.640022675737, 146.24433106576];"[140.1453377  138.49312038 137.7694246  136.84739954 139.48458162
 140.53917809 141.89994255 140.94516137]";1997-10-12;1997-11-30
25;8;DWT_catboost_normal;0.2032660776065705;28.571428571428573;0.1927497311700361;27.866822703357645;0.192676025736321;25.40615902296345;[115.347185691741, 139.702788006312, 140.873224618622, 134.836927932667, 97.3566543924249, 146.002104155708, 129.155707522357, 130.523408732246];"[138.150462   125.26220988 115.63276008 176.0195434  137.31739236
 112.39721607 122.71569092 150.10010382]";1998-03-29;1998-05-17
10;8;DWT_catboost_normal;0.09090232450606271;85.71428571428571;0.0898760296708015;17.44911128953422;0.08984869231163327;14.846622576477742;[170.564058956916, 169.855442176871, 176.955782312925, 170.46485260771, 187.03231292517, 186.649659863946, 131.816893424036, 177.933673469388];"[164.87727768 162.88661006 165.57993758 164.14609451 164.76761908
 166.32201685 165.37136286 165.65771537]";1998-03-29;1998-05-17
22;8;DWT_catboost_normal;0.164147160011339;71.42857142857143;0.18004803727396523;15.275510754028012;0.17993118614050238;13.90079007566479;[82.8905839032089, 83.916359810626, 76.4729089952657, 78.7217254076802, 63.8742766964755, 91.3335086796424, 90.9126775381378, 89.2030510257759];"[65.06890935 69.34268911 70.16463395 72.74944097 70.66708266 72.90068367
 66.92041419 71.89052948]";1998-03-29;1998-05-17
6;8;DWT_catboost_normal;0.11961009730355676;85.71428571428571;0.10833324689008138;18.789793724660125;0.10829318854508617;14.672133105678698;[128.401360544218, 109.013605442177, 134.736394557823, 150.255102040816, 130.725623582767, 125.269274376417, 143.934240362812, 148.030045351474];"[151.47656503 146.81387337 147.46412394 151.06473478 146.82156868
 145.60561427 149.00237068 146.56623035]";1997-10-12;1997-11-30
16;8;DWT_catboost_normal;0.2152561354280229;28.571428571428573;0.17989719077669494;38.21420297793999;0.1798408591659592;28.769899496168087;[161.082766439909, 120.379818594104, 151.204648526077, 134.948979591837, 168.466553287982, 147.19387755102, 143.721655328798, 133.801020408163];"[174.68383299 197.86180928 183.55059225 194.39664407 166.11134824
 154.28113957 154.21084428 161.15189493]";1998-02-01;1998-03-22
4;8;DWT_catboost_normal;0.06328660699347638;57.142857142857146;0.0662283158401496;12.501950798100289;0.06620703283975711;10.312484283050306;[151.743197278912, 174.433106575964, 153.047052154195, 148.90873015873, 165.915532879819, 157.879818594104, 157.596371882086, 158.758503401361];"[151.31017947 153.90308148 156.39793448 143.41578229 144.53210695
 145.96145746 147.97834649 148.98531469]";1998-02-01;1998-03-22
19;8;DWT_catboost_normal;0.06925254358992294;28.571428571428573;0.06562062457163406;9.469737255341196;0.0655921560828927;7.565351137364077;[119.68537414966, 110.260770975057, 113.109410430839, 117.81462585034, 109.53798185941, 112.825963718821, 102.721088435374, 120.266439909297];"[121.18419012 121.58947095 125.76634883 119.84877461 120.81733245
 117.2054378  119.32003221 121.01287746]";1998-02-01;1998-03-22
1;8;DWT_catboost_normal;0.1421107858561944;42.857142857142854;0.1550137459962127;20.603393654061172;0.15494901952289758;18.584914130111954;[122.930839002268, 115.447845804989, 121.967120181406, 121.995464852608, 138.988095238095, 129.514913978918, 137.216553287982, 136.224489795918];"[116.54465619 121.94475175 105.76727072 102.29865548 115.72382039
 113.95995762 109.32396371 103.03674514]";1998-02-01;1998-03-22
28;8;DWT_catboost_normal;0.11265037739229808;42.857142857142854;0.10481518742625183;23.942174659467344;0.10478328870780225;17.350487807733373;[170.62074829932, 181.56179138322, 164.937641723356, 164.229024943311, 124.759070294784, 205.93820861678, 179.705215419501, 152.18253968254];"[171.15844084 175.33598201 173.32070245 172.27007778 176.77251465
 170.16943597 170.24163693 170.55303118]";1998-03-29;1998-05-17
25;8;DWT_catboost_normal;0.1335440584608228;28.571428571428573;0.13084147016505748;19.892024798743567;0.1307895127991124;16.501979081910136;[143.345607574961, 124.316149395055, 119.345081536034, 121.199368753288, 138.663861125723, 121.580746975276, 106.207259337191, 141.635981062599];"[117.6709473  106.11249104 133.97782606 124.73922312 119.82371189
 118.8065136  144.8185478  131.896737  ]";1998-02-01;1998-03-22
7;8;DWT_catboost_normal;0.10588773839457079;42.857142857142854;0.10696795024416156;18.833646795274923;0.10692408046098789;13.201917811646378;[130.286281179138, 147.448979591837, 124.730725623583, 116.326530612245, 90.3769841269841, 152.097505668934, 123.086734693878, 120.379818594104];"[120.48590597 115.81382114 126.99891408 116.07727656 118.59886934
 121.53971803 123.75204973 122.59719702]";1998-03-29;1998-05-17
4;8;DWT_catboost_normal;0.14195456119269634;71.42857142857143;0.13766638791028765;23.789846454536555;0.13762117795540385;21.258804107693074;[144.827097505669, 155.768140589569, 211.09693877551, 139.455782312925, 130.881519274376, 134.948979591837, 134.679705215419, 145.266439909297];"[119.97223866 166.32489605 176.49454599 153.08244701 143.05228128
 150.00025799 176.28331889 162.87054689]";1997-12-07;1998-01-25
16;8;DWT_catboost_normal;0.3427488847596161;57.142857142857146;0.32253733972033516;64.70386399291226;0.32245091890279687;61.58610443444829;[260.813492063492, 270.62074829932, 254.733560090703, 181.774376417234, 142.233560090703, 142.063492063492, 114.866780045351, 159.155328798186];"[189.2340147  185.12774028 172.31822325 215.75532747 208.10610704
 182.18199784 190.89725892 196.35385939]";1997-12-07;1998-01-25
13;8;DWT_catboost_normal;0.11386363727067897;42.857142857142854;0.11944870189730741;16.67797060683895;0.1194034327361004;15.78682781395706;[132.18537414966, 137.854308390023, 143.353174603175, 144.52947845805, 111.904761904762, 152.678571428571, 140.079365079365, 136.536281179138];"[122.84828156 123.21800867 124.74029083 125.18103582 125.80621396
 125.80552248 126.10874669 126.92149677]";1998-03-29;1998-05-17
1;8;DWT_catboost_normal;0.1877278924305591;71.42857142857143;0.17594199410560787;24.932758191163877;0.17587163087248858;22.24522897237903;[134.254535147392, 147.307256235828, 171.116780045352, 112.443310657596, 91.6524943310659, 106.731859410431, 112.244897959184, 120.294784580499];"[129.14585839 128.99289936 131.95167347 131.61189876 131.02591097
 131.09423229 132.91608146 132.09291504]";1997-12-07;1998-01-25
22;8;DWT_catboost_normal;0.10267518044688737;42.857142857142854;0.10273178363896196;8.939796606687588;0.10265966075159394;7.381504171922307;[89.954893056644, 75.4997369805366, 56.0099947396108, 64.4134665965281, 75.06575486586, 72.1462388216729, 78.0115728563914, 73.2772225144661];"[73.09289513 77.05224891 68.17786997 73.15336728 70.35961581 73.41058341
 68.92123923 68.60829218]";1998-02-01;1998-03-22
19;8;DWT_catboost_normal;0.123586329682632;28.571428571428573;0.13469031717226548;25.57068702131843;0.13463587683079717;16.841127175275506;[123.115079365079, 137.542517006803, 169.99716553288, 115.362811791383, 112.726757369615, 97.859977324263, 107.851473922902, 121.301020408163];"[112.75627726 102.22095645 112.08036458 114.50319752 115.6436434
 120.08081341 103.63912052 120.3788564 ]";1997-12-07;1998-01-25
25;8;DWT_catboost_normal;0.1324830776521856;28.571428571428573;0.13226723066310192;20.814930152521136;0.13221532046325213;16.932563727102202;[144.991715781526, 128.011572856391, 162.13834823777, 107.732772225145, 115.689110994213, 113.887427669648, 113.335086796423, 112.085744345082];"[133.26148259 118.91734259 118.35708305 134.15468209 120.61998046
 125.88452838 120.59265674 132.33307552]";1997-12-07;1998-01-25
28;8;DWT_catboost_normal;0.09459063454766609;57.142857142857146;0.09396048384638153;19.706105015000652;0.09393372968995142;16.509236383099005;[185.78514739229, 181.590136054422, 170.634920634921, 161.267006802721, 197.335600907029, 163.718820861678, 177.18253968254, 156.607596133316];"[178.31799907 172.14088088 192.59476214 181.51184575 159.67941702
 168.50772801 183.4023637  180.89548819]";1998-02-01;1998-03-22
13;8;DWT_catboost_normal;0.06160504838976444;71.42857142857143;0.06516983185025822;10.411748708245014;0.06514163810779353;7.552559308356653;[122.732426303855, 116.893424036281, 123.313492063492, 114.285714285714, 114.980158730159, 123.228458049887, 125.581065759637, 132.780612244898];"[ 97.34950388 109.73024652 120.6063512  118.93978672 118.80284577
 120.69133508 121.77812044 122.43020634]";1998-02-01;1998-03-22
1;8;DWT_catboost_normal;0.26605937990391826;28.571428571428573;0.31413126857881524;38.721020190125365;0.3139883411617773;34.59148552994699;[121.541950113379, 102.706916099773, 132.794784580499, 135.104875283447, 126.445578231293, 125.354308390023, 131.901927437642, 143.239795918367];"[ 88.75935866 120.55703182 110.12255563 112.330045    95.74402474
  98.54021133  83.09330717  68.9119489 ]";1997-10-12;1997-11-30
4;8;DWT_catboost_normal;0.6833893349678404;57.142857142857146;0.31313562271520895;53.86852864447942;0.312999014106951;38.06120984005558;[30.7256235827664, 116.624149659864, 163.137755102041, 199.475623582767, 117.247732426304, 147.151360544218, 156.391723356009, 166.751700680272];"[159.09759393 166.47805405 164.28164131 162.76810074 162.65316979
 170.73036114 172.9859634  163.91798373]";1997-10-12;1997-11-30
10;8;DWT_catboost_normal;0.07271733037147089;42.857142857142854;0.0769978144053399;18.18463633824116;0.07697312706354018;12.035910137323704;[171.414399092971, 153.642290249433, 155.569727891157, 166.964285714286, 148.398526077097, 172.066326530612, 164.356575963719, 167.304421768707];"[126.24094586 159.83809272 174.18125727 169.69460846 151.60445309
 159.28157186 170.39405951 168.8524298 ]";1998-02-01;1998-03-22
19;8;DWT_catboost_normal;0.12748509800795535;14.285714285714286;0.1142867556860303;17.409703095757227;0.11423727296212947;13.223749838536596;[113.052721088435, 100.93537414966, 117.757936507937, 126.615646258504, 113.732993197279, 120.592403628118, 92.1485260770975, 131.56179138322];"[123.4122078  126.39398755 125.66646929 127.4095641  130.66860506
 119.03500358 127.71409845 124.3509277 ]";1997-10-12;1997-11-30
16;8;DWT_catboost_normal;0.14307514164171228;57.142857142857146;0.13853397815454177;27.276842325215586;0.13849370703973146;24.08721568195674;[162.514172335601, 131.320861678005, 167.205215419501, 199.489795918367, 184.353741496599, 143.424036281179, 196.825396825397, 222.732426303855];"[174.38710153 172.86406465 180.88563584 175.10904049 175.36159633
 175.09502742 180.44508737 178.55545463]";1997-10-12;1997-11-30
22;8;DWT_catboost_normal;0.1716423300887961;57.142857142857146;0.1942212609030846;17.981140076733563;0.1940878924494358;14.397595398407155;[85.3761178327197, 80.4971067859021, 108.495528669121, 79.1951604418726, 70.2393477117306, 67.6749079431878, 64.6633350867964, 68.9768542872173];"[76.14076268 61.16901325 73.73008314 51.66536838 75.81094688 62.35569012
 68.96625058 59.84850986]";1997-12-07;1998-01-25
7;8;DWT_catboost_normal;0.23090708642133223;42.857142857142854;0.2532104250501126;31.13083557591658;0.25309465633292483;27.923639273191064;[89.4982993197279, 117.984693877551, 151.289682539683, 102.66439909297, 113.911172482319, 132.695578231293, 121.683673469388, 124.291383219955];"[115.51461275  77.35066892 108.32865061 117.23569512 127.25419992
  82.58664168  99.39324413 110.82732871]";1998-02-01;1998-03-22
25;8;DWT_catboost_normal;0.14547425593979532;42.857142857142854;0.1308017739284703;20.593409349675643;0.1307509002137127;16.838745281406492;[111.09942135718, 118.726985796949, 126.82798527091, 137.53287743293, 123.882167280379, 105.334643062906, 127.064702788006, 138.637559179379];"[138.31913975 149.90209474 142.4014388  136.57890639 136.00006468
 138.76847474 140.11855676 139.81968647]";1997-10-12;1997-11-30
28;8;DWT_catboost_normal;0.17389542145498765;57.142857142857146;0.17609047565499752;37.438720032676045;0.17604083186483702;31.578841874956726;[176.488095238095, 185.671768707483, 249.348072562358, 163.577097505669, 146.471088435374, 147.562358276644, 163.874716553288, 180.583900226757];"[170.10670608 140.05571506 175.16221872 187.59993958 185.91494055
 174.08761773 188.70434085 192.20976064]";1997-12-07;1998-01-25
22;8;DWT_catboost_normal;0.1592006369323997;85.71428571428571;0.16886996380570163;15.961604766894338;0.16875761524507873;12.862979677465574;[75.026301946344, 57.3382430299842, 83.4297738032615, 105.970541820095, 77.1962125197264, 83.817414393427, 60.6522882693319, 74.4476591267753];"[72.64556272 71.05596751 67.55020564 71.03061491 66.67503782 70.38192058
 68.64439086 70.41055159]";1997-10-12;1997-11-30
13;8;DWT_catboost_normal;0.17455179771755897;71.42857142857143;0.17166335461924742;23.113833672098078;0.1715949075881696;21.686216069699704;[129.6910430839, 149.121315192744, 163.803854875283, 118.721655328798, 99.985827664399, 105.541383219955, 110.530045351474, 115.391156462585];"[121.49681353 114.27435409 131.89985744 133.88581965 121.29082997
 128.24126582 130.61715276 134.6795403 ]";1997-12-07;1998-01-25
7;8;DWT_catboost_normal;0.26765523444336936;28.571428571428573;0.23911071629920655;37.73798379250921;0.2390144473270998;30.318630979501634;[145.46485260771, 175.481859410431, 169.401927437642, 131.760204081633, 122.250566893424, 74.2913832199546, 128.628117913832, 96.0175736961451];"[137.74395902 111.01587421 136.65289857 152.48438495 135.20430884
 134.14582301 128.42653046 139.8967638 ]";1997-12-07;1998-01-25
10;8;DWT_catboost_normal;0.0830766177562628;71.42857142857143;0.08814397412396219;21.285961477947826;0.08811769240530898;14.998051124081684;[162.074829931973, 152.80612244898, 220.209750566893, 160.445011337868, 171.258503401361, 132.256235827664, 173.90873015873, 175.368480725623];"[145.49957336 147.22412973 168.13867346 159.08031915 155.2692663
 145.65757611 161.03169837 173.2446995 ]";1997-12-07;1998-01-25
28;8;DWT_catboost_normal;0.0667494278058671;71.42857142857143;0.06679708997262454;14.687587865805172;0.06677785433743444;11.658900569598444;[168.565759637188, 146.201814058957, 173.937074829932, 178.698979591837, 171.513605442177, 153.968253968254, 171.669501133787, 207.553854875283];"[158.76957501 150.06876287 181.61407123 175.49388588 162.5144826
 178.07898177 178.3171744  178.5853978 ]";1997-10-12;1997-11-30
2;8;DWT_catboost_normal;0.07399058679429205;28.571428571428573;0.07517526832400964;16.957570204089734;0.07515466952464943;13.738511169423742;[184.424603174603, 193.891723356009, 186.904761904762, 185.615079365079, 157.979024943311, 206.71768707483, 188.959750566893, 192.446145124717];"[182.38082621 181.50618261 181.84448818 183.21325073 183.73722771
 175.76728012 173.37538235 176.72245376]";1998-03-29;1998-05-17
5;8;DWT_catboost_normal;0.12609419595902102;42.857142857142854;0.11637864583498544;19.782540344961493;0.11633071969158366;14.316962058371121;[158.630952380952, 132.681405895692, 126.615646258503, 123.228458049887, 86.139455782313, 131.490929705215, 141.425736961451, 129.549319727891];"[134.06723604 119.97199209 130.7420542  125.30209908 130.45686078
 122.45486015 124.14297158 129.97559713]";1998-03-29;1998-05-17
20;8;DWT_catboost_normal;0.08713867290328896;57.142857142857146;0.08616266610205611;12.244089271906276;0.08612571000625652;10.0959151674145;[103.075396825397, 125.864512471655, 129.591836734694, 126.856575963719, 97.5907029478459, 138.194444444445, 114.342403628118, 127.777777777778];"[120.5960086  122.82793479 122.45001787 123.37684216 114.30061421
 124.07221378 114.06018709 109.30355703]";1998-03-29;1998-05-17
7;8;DWT_catboost_normal;0.23362851211937524;42.857142857142854;0.2003220136602794;34.51556498834778;0.20025355445143028;29.376810342183767;[142.134353741497, 115.830498866213, 157.723922902494, 142.800453514739, 124.036281179138, 114.328231292517, 127.862811791383, 165.433673469388];"[153.57195845 168.43295835 177.85121007 156.79192647 146.298572
 175.77606049 167.63061472 152.05593801]";1997-10-12;1997-11-30
26;8;DWT_catboost_normal;0.18061412054364873;57.142857142857146;0.19364668121441636;11.072655316394869;0.19345627228594356;9.926050231722979;[51.8707482993198, 52.0408163265306, 67.1626984126984, 58.4325396825397, 37.2448979591837, 59.6513605442178, 52.0408163265306, 55.484693877551];"[46.76502466 44.96725633 46.16430401 47.01947582 46.87252802 47.21153697
 47.21667341 47.55863048]";1998-03-29;1998-05-17
17;8;DWT_catboost_normal;0.0610425354251282;28.571428571428573;0.05908056858918643;12.030563820469435;0.059061293441247636;9.078583287425815;[155.796485260771, 166.227324263039, 147.293083900227, 153.28798185941, 130.768140589569, 166.312358276644, 167.276077097506, 169.501133786848];"[155.97689432 153.67802254 155.11608002 157.00783055 158.2835628
 162.7420878  160.42169697 159.0850959 ]";1998-03-29;1998-05-17
13;8;DWT_catboost_normal;0.113542459324148;28.571428571428573;0.1124977228112483;15.607560199829514;0.11244987567033965;13.282271706093962;[112.145691609977, 102.82029478458, 132.18537414966, 130.952380952381, 96.2159863945579, 115.447845804989, 123.795351473923, 138.959750566893];"[112.29851351 124.49191404 118.52350251 108.70291311 114.41087763
 125.3071249  125.09453219 119.79070861]";1997-10-12;1997-11-30
10;8;DWT_catboost_normal;0.3407923757864084;71.42857142857143;0.2788377674045274;53.939805685028546;0.27875630370967003;48.0806579235941;[161.451247165533, 127.33843537415, 166.765873015873, 132.397959183673, 122.137188208617, 144.501133786848, 164.611678004535, 191.794217687075];"[164.46598924 202.54615116 209.10677114 204.51447143 181.12798543
 194.56383059 230.49926257 208.81853425]";1997-10-12;1997-11-30
20;8;DWT_catboost_normal;0.15205125168114436;28.571428571428573;0.15234829405112477;21.02735715765406;0.15228071529678747;17.353975067110408;[136.72052154195, 117.020975056689, 129.166666666667, 116.482426303855, 142.928004535147, 116.08560090703, 110.048185941043, 81.1649659863945];"[115.76657619 125.77544488  98.69344316 109.05105371 112.54326399
 113.51347983 104.62508403 114.00379173]";1998-02-01;1998-03-22
29;8;DWT_catboost_normal;0.1536636846089993;85.71428571428571;0.13358587393014137;17.805539649684068;0.13351869750076678;13.40032570379879;[108.786848072562, 112.840136054422, 126.615646258503, 110.799319727891, 69.968820861678, 93.8066893424036, 94.9404761904762, 102.65022675737];"[105.74160283 108.74250918 114.69459503 113.49293806 110.30818556
 110.56009591 114.16635545 111.77664019]";1998-03-29;1998-05-17
2;8;DWT_catboost_normal;0.11040816155024859;28.571428571428573;0.10904058767136202;21.855968056783162;0.10900896514295162;18.852053272669437;[185.728458049887, 183.333333333333, 177.919501133787, 190.490362811791, 196.173469387755, 183.560090702948, 177.210884353741, 138.849659625379];"[168.9698216  173.52893931 189.14120064 163.25845577 176.13067246
 162.19556084 174.16515154 180.19638919]";1998-02-01;1998-03-22
5;8;DWT_catboost_normal;0.24240115399019296;57.142857142857146;0.21682953636756033;33.419460779098046;0.21675059195509155;29.992814973482687;[157.823129251701, 121.343537414966, 144.855442176871, 131.675170068027, 150.141723356009, 101.264625611774, 107.256235827664, 137.074829931973];"[119.17597533 137.70994909 179.96160237 166.354464   147.4886299
 148.02482577 153.98748087 156.07379135]";1998-02-01;1998-03-22
23;8;DWT_catboost_normal;0.15138025861152246;57.142857142857146;0.1372381305423636;30.939450673699866;0.13720178199979893;26.210496364858987;[219.444444444444, 188.066893424036, 217.304421768707, 192.304421768707, 137.145691609977, 205.810657596372, 179.478458049887, 170.521541950113];"[247.6674277  218.31117538 190.21341389 193.77771602 195.17635406
 210.04539035 208.70654799 201.68046039]";1998-03-29;1998-05-17
17;8;DWT_catboost_normal;0.18588660113850597;28.571428571428573;0.1690262913064166;33.96575684006176;0.16897254188485897;26.73030438341911;[132.689517153521, 141.213151927438, 155.853174603175, 151.020408163265, 168.083900226757, 137.153802867807, 157.34126984127, 163.846371882086];"[206.8818728  154.08160316 120.48112775 157.15578297 180.61153252
 176.59096609 172.67990921 145.87560024]";1998-02-01;1998-03-22
8;8;DWT_catboost_normal;0.110790278088558;57.142857142857146;0.10075494818735883;7.5430129470124;0.10066583171619994;5.726698700591106;[66.5249433106576, 60.5017006802721, 48.6536281179138, 44.8696145124717, 60.7709750566893, 66.780045351474, 59.9631519274376, 59.2120181405896];"[64.40995538 61.93447029 62.19524727 59.44302618 63.42038054 61.88609059
 63.48052418 62.30208689]";1998-03-29;1998-05-17
20;8;DWT_catboost_normal;0.08014600269085718;57.142857142857146;0.08217319060222422;14.143714448754315;0.08213883425424302;9.894861278128642;[122.080498866213, 114.073129251701, 150.170068027211, 105.286281179138, 112.81179138322, 107.199546485261, 103.302154195011, 112.740929705216];"[119.89025436 120.85664461 114.95983472 113.87751032 115.08921904
 116.00606687 115.20595792 116.13684583]";1997-12-07;1998-01-25
29;8;DWT_catboost_normal;0.09190946013165405;57.142857142857146;0.09864922589038636;14.680677390853186;0.09860525909101979;11.107543784979653;[112.34410430839, 111.125283446712, 128.075396825397, 110.445011337869, 111.111111111111, 97.9450113378685, 135.062358276644, 106.986961451247];"[110.03163491 109.71786942 106.86783268  98.98122268  99.60553286
 104.81943473 104.32472111 103.63548621]";1998-02-01;1998-03-22
11;8;DWT_catboost_normal;0.179824717260131;28.571428571428573;0.19962189064705782;22.81884106311002;0.19952140989730166;19.889349474945103;[95.0538548752835, 109.098639455782, 112.315759637188, 109.84977324263, 79.2942176870749, 128.59977324263, 107.638888888889, 106.037414965986];"[93.67301031 88.4475143  89.38409166 88.19106379 90.68678925 85.00474423
 86.80858005 89.36287572]";1998-03-29;1998-05-17
20;8;DWT_catboost_normal;0.06806262638717786;57.142857142857146;0.0659132397985628;9.559965449268573;0.06588528263969735;7.78220060318557;[107.8089569161, 105.300453514739, 121.669501133787, 133.545918367347, 113.74716553288, 118.976757369615, 112.613378684807, 127.664399092971];"[120.3982174  122.45314857 121.2811606  121.66358989 118.35931001
 119.67640113 121.46508469 121.58291307]";1997-10-12;1997-11-30
5;8;DWT_catboost_normal;0.25639482952900666;57.142857142857146;0.2539553351205284;58.03791654337646;0.2538799424218885;44.60103394567279;[169.742063492063, 195.025510204082, 298.767006802721, 173.724489795918, 131.434240362812, 112.613378684807, 123.001700680272, 138.832199546485];"[183.59234223 154.52679056 161.92944822 183.25031047 165.95028401
 150.37394882 174.12841873 171.52476165]";1997-12-07;1998-01-25
2;8;DWT_catboost_normal;0.12273336295729315;42.857142857142854;0.12098386402356204;27.58336780520698;0.12095094349536956;22.444662952306494;[196.215986394558, 201.006235827665, 240.986394557823, 166.227324263039, 144.600340136054, 165.107709750567, 169.401927437642, 182.851473922902];"[179.99426943 186.9721152  185.55823821 181.63760921 185.18914634
 184.84424685 186.06713455 181.3789996 ]";1997-12-07;1998-01-25
26;8;DWT_catboost_normal;0.05455964025274368;85.71428571428571;0.05507629843366013;2.878213695880512;0.05501671911017771;2.5482948468278543;[43.8633786848073, 47.2363945578232, 41.8934240362812, 44.4019274376417, 44.5719954648526, 46.4427437641723, 50.4393424036281, 48.8095238095238];"[43.03963085 50.7402703  44.98175569 45.13686814 42.72724324 44.31886893
 45.5459789  45.43605153]";1998-02-01;1998-03-22
14;8;DWT_catboost_normal;0.05995541991588748;71.42857142857143;0.06000661513935928;9.291347940998639;0.05998456141567381;8.172825837310292;[130.739795918367, 144.359410430839, 146.159297052154, 135.274943310658, 120.521541950113, 147.689909297052, 137.145691609977, 140.405328798186];"[139.07665919 132.55122781 138.25892081 136.93902467 135.46543208
 135.20946284 134.32689698 134.97535681]";1998-03-29;1998-05-17
23;8;DWT_catboost_normal;0.33597298637801615;71.42857142857143;0.2680327938974083;76.33119018599803;0.2679749185668534;62.2854462072334;[194.118480725624, 165.15022675737, 181.335034013605, 191.425736961451, 209.84977324263, 211.366213151927, 195.734126984127, 217.602040816327];"[250.10995286 270.81249591 302.6456746  313.29671154 215.64253274
 236.41527134 234.86186829 241.08069503]";1998-02-01;1998-03-22
8;8;DWT_catboost_normal;0.07991864958960325;57.142857142857146;0.0815343620623249;5.50353208681537;0.08146984085858602;5.159021616933219;[72.1655328798186, 68.8492063492064, 63.6763038548753, 66.6524943310658, 58.9427437641724, 65.7454648526076, 61.1819727891157, 62.96768707483];"[70.03583202 62.50772331 54.66347198 61.12943939 62.34518365 61.43093605
 66.48994975 68.20784366]";1998-02-01;1998-03-22
17;8;DWT_catboost_normal;0.2684405564396602;57.142857142857146;0.24521096837974593;47.011070375778566;0.24514003819658406;42.89276902671975;[174.121315192744, 201.303854875283, 251.984126984127, 153.44387755102, 123.554421768708, 144.019274376417, 139.314058956916, 148.696145124716];"[186.77575116 177.5611584  174.37268588 186.34885374 184.02818178
 193.10027405 186.39294362 188.29110326]";1997-12-07;1998-01-25
11;8;DWT_catboost_normal;0.3155450881296068;42.857142857142854;0.25701843767324073;30.259464841571663;0.2568920360112042;26.34264939544336;[114.257369614512, 94.8270975056689, 98.3701814058957, 98.6678004535147, 97.9450113378685, 65.6604308390023, 78.6848072562359, 88.7329931972789];"[132.7239139  115.34920497 123.08966278 104.43188277 111.49524686
 111.97244535 131.15028825 117.6742419 ]";1998-02-01;1998-03-22
2;8;DWT_catboost_normal;0.10547633412298443;42.857142857142854;0.1110220814255643;20.40442155498542;0.1109896461286555;19.025621197237477;[172.052154195011, 154.648526077097, 176.686507936508, 195.351473922903, 179.06746031746, 183.574263038549, 180.272108843537, 190.235260770975];"[153.99834917 169.24934629 152.61871661 159.16413472 168.36570298
 166.49796859 164.62360463 174.36660297]";1997-10-12;1997-11-30
5;8;DWT_catboost_normal;0.1956477506237739;57.142857142857146;0.17689695522410967;28.063324233833384;0.17683547239071118;25.734758719134177;[125.637755102041, 101.814058956916, 133.361678004535, 149.404761904762, 138.775510204082, 131.490929705215, 174.050453514739, 188.520408163265];"[146.72983236 149.79206339 168.81415408 161.84731542 160.23769356
 157.18454318 161.81259443 159.0011056 ]";1997-10-12;1997-11-30
30;8;DWT_catboost_normal;0.06557820987898948;57.142857142857146;0.0651740974573227;9.18649161430225;0.06514688385738202;7.827258912973209;[126.048752834467, 132.312925170068, 127.054988662131, 123.937074829932, 101.969954648526, 134.07029478458, 118.835034013605, 127.465986394558];"[126.48130989 123.64224312 117.04778886 116.02158615 119.73392557
 127.21609104 121.65617781 119.31316116]";1998-03-29;1998-05-17
23;8;DWT_catboost_normal;0.4107916969666129;71.42857142857143;0.3784909939817904;99.41026510704675;0.37840603950314305;88.28652890603925;[310.104875283447, 317.687074829932, 402.876984126984, 246.71201814059, 187.174036281179, 114.251405454344, 154.861111111111, 176.332199546485];"[210.21099374 218.33193466 219.96819239 219.74108816 234.19795357
 233.71935946 218.69004386 243.17488332]";1997-12-07;1998-01-25
14;8;DWT_catboost_normal;0.08970661577212552;85.71428571428571;0.08466606366980027;13.750301018143926;0.08463310183916972;10.931462358188318;[143.650793650794, 102.069160997732, 131.802721088435, 131.108276643991, 146.938775510204, 127.593537414966, 128.727324263038, 131.306689342404];"[132.46119595 132.96197683 144.47115919 133.58954665 134.19319067
 132.8381028  135.73986618 136.52357442]";1998-02-01;1998-03-22
29;8;DWT_catboost_normal;0.18756057463464304;42.857142857142854;0.18374047276382513;25.718425760417087;0.18366081758712355;21.59396915618101;[143.12641723356, 127.49433106576, 165.419501133787, 103.628117913832, 79.5493197278912, 102.990362811791, 103.217120181406, 102.678571428571];"[118.28153348 115.27428719 113.95852146 115.78431686 115.44936141
 114.19575617 114.49168876 116.36821481]";1997-12-07;1998-01-25
8;8;DWT_catboost_normal;0.6038223024119624;28.571428571428573;0.39807375950236823;29.988327076951634;0.3977466055329134;24.442045167653216;[75.0141723356009, 82.4546485260771, 62.8117913832199, 31.8310657596372, 32.1570294784581, 49.0079365079365, 49.4897959183674, 62.6275510204081];"[74.34901821 69.19780764 70.07075951 74.73743153 87.69069568 79.2054591
 78.81493451 79.02025605]";1997-12-07;1998-01-25
11;8;DWT_catboost_normal;0.25786569475707477;57.142857142857146;0.24207134316339157;29.807353393287315;0.2419611494823892;26.987902637133693;[111.592970521542, 148.90873015873, 145.819160997732, 97.6190476190476, 88.0952380952381, 76.1054421768708, 87.6417233560091, 108.12074829932];"[117.41574507 108.78944786 105.34718054 136.00419956 115.34329073
 109.77608043 105.99156022 119.9562524 ]";1997-12-07;1998-01-25
33;8;DWT_catboost_normal;0.09513631166724891;28.571428571428573;0.09377787913488903;27.581587831523436;0.09375929278775053;23.753258671053633;[277.210884353742, 272.293083900227, 231.09410430839, 260.204081632653, 225.212585034014, 300.212585034014, 251.672335600907, 214.668367346939];"[254.82193249 253.14576822 255.75566575 254.89228244 254.78768606
 254.5424037  254.80101691 254.81084486]";1998-03-29;1998-05-17
26;8;DWT_catboost_normal;0.20254600217763288;57.142857142857146;0.17152429613750222;11.0502285905417;0.17134715227266753;8.359184353620646;[53.8832199546486, 55.7539682539683, 63.6054421768708, 57.5113378684807, 54.4926303854876, 34.8639455782313, 40.0226757369614, 39.7392290249433];"[53.02461546 53.09398869 55.28289224 55.08049228 56.44131501 56.34719145
 53.35948058 55.57198893]";1997-12-07;1998-01-25
17;8;DWT_catboost_normal;0.08980457878891668;42.857142857142854;0.08543145339090844;17.032418993006768;0.08540791472895018;15.5116232997721;[168.948412698413, 162.953514739229, 177.990362811791, 194.557823129252, 171.499433106576, 168.324829931973, 185.00566893424, 198.526077097506];"[189.98202884 189.99633251 193.24274504 187.19372408 190.1041198
 188.47980207 191.7316747  190.61167049]";1997-10-12;1997-11-30
30;8;DWT_catboost_normal;0.07945467095523369;57.142857142857146;0.07994609786081565;10.27521625712729;0.07991161955364645;9.289256237005974;[121.612811791383, 124.06462585034, 119.926303854875, 99.6773240244721, 133.956916099773, 118.891723356009, 115.164399092971, 122.307256235828];"[113.02925056 110.34593534 111.87771592 117.2005775  123.33232209
 115.74592516 110.81448499 113.9876058 ]";1998-02-01;1998-03-22
8;8;DWT_catboost_normal;0.11604073714331106;42.857142857142854;0.10866387076226516;10.561071860108576;0.10859709894337327;8.851059094847939;[88.3928571428571, 76.9557823129252, 80.8106575963719, 86.125283446712, 71.7687074829932, 87.1598639455783, 70.734126984127, 74.8157596371883];"[78.32408547 81.77017055 77.85778488 85.3111727  89.48301576 94.83108593
 87.81602578 84.50665997]";1997-10-12;1997-11-30
11;8;DWT_catboost_normal;0.19232003801064843;28.571428571428573;0.16788365355305307;24.45747817133691;0.1678110739383259;19.46957105644944;[111.933106575964, 83.3333333333333, 116.992630385487, 142.517006802721, 106.490929705215, 108.545918367347, 101.544784580499, 122.704081632653];"[124.57983849 137.18174319 125.42310717 118.47354823 118.85329599
 127.05505416 125.57884663 120.82215445]";1997-10-12;1997-11-30
29;8;DWT_catboost_normal;0.07055844524897825;42.857142857142854;0.06859766790784425;8.572619348958431;0.0685682713759034;8.007732772121734;[122.619047619048, 108.956916099773, 110.615079365079, 127.18253968254, 110.530045351474, 106.944444444444, 113.945578231293, 125.722789115646];"[116.86885746 116.93676386 121.51223334 120.91689245 117.33457881
 121.79200728 119.48283555 119.74311967]";1997-10-12;1997-11-30
23;8;DWT_catboost_normal;0.1399599584673909;42.857142857142854;0.13803581471208465;39.71842898529625;0.13800414806922634;30.594104354350637;[200.793650793651, 156.831065759637, 216.808390022676, 239.044784580499, 219.416099773243, 187.882653061224, 260.204081632653, 296.57029478458];"[206.14894985 214.78481586 226.90284734 219.70878145 213.80118196
 219.03970089 226.19228717 215.34072966]";1997-10-12;1997-11-30
26;8;DWT_catboost_normal;0.4069259095182069;71.42857142857143;0.33439475830771187;21.64936156498912;0.33413077562112437;21.19704734624615;[58.673469387755, 47.7324263038549, 52.451814058957, 59.3537414965986, 50.8645124716553, 58.9569160997732, 49.234693877551, 49.2205215419501];"[72.80809646 74.47461169 75.50728915 78.60588973 71.99315462 74.11283038
 73.60640705 74.95619493]";1997-10-12;1997-11-30
33;8;DWT_catboost_normal;0.09801070468455009;71.42857142857143;0.10459236741752323;27.98872488991804;0.10457037137801861;24.894577753922853;[253.28798185941, 249.050453514739, 260.034013605442, 256.292517006803, 258.503401360544, 250.77947845805, 253.018707482993, 256.25];"[252.91224682 200.9860509  238.16438488 235.0311934  238.05176062
 228.33754605 223.10814767 221.46860091]";1998-02-01;1998-03-22
39;8;DWT_catboost_normal;0.11784740326239328;28.571428571428573;0.1202612466300603;17.989121352943954;0.12021361193004601;15.289528876970945;[129.336734693878, 136.366213151927, 121.598639455782, 96.938775510204, 129.237528344671, 153.032879818594, 138.577097505669, 145.734126984127];"[121.7634484  120.31342961 121.35838541 122.34061325 122.67241417
 123.38491854 123.90122902 123.57500153]";1998-03-29;1998-05-17
45;8;DWT_catboost_normal;0.10817087833515877;42.857142857142854;0.11483992083055147;16.045428561389382;0.11479398464611382;14.36903496119385;[119.118480725624, 139.413265306122, 134.807256235828, 126.757369614512, 112.230725623583, 144.033446712018, 131.916099773243, 124.305555555555];"[114.18441745 117.33947385 115.40716965 115.57413011 121.27557877
 117.24656785 118.36594508 116.32634339]";1998-03-29;1998-05-17
30;8;DWT_catboost_normal;0.14125807006757196;14.285714285714286;0.1299128261859135;17.36303134404771;0.1298592842654126;15.76383149647237;[119.231859410431, 118.409863945578, 132.893990929705, 110.615079365079, 110.430839002268, 103.401360544218, 111.224489795918, 119.359410430839];"[128.73832436 131.61458143 129.01053211 131.13893016 130.39655306
 131.8303884  130.75470911 130.42660912]";1997-12-07;1998-01-25
42;8;DWT_catboost_normal;0.10020277260704005;57.142857142857146;0.09389975365784016;19.823525408188658;0.09386704459074696;13.691124146565265;[148.256802721088, 157.8089569161, 173.313492063492, 151.332199546485, 104.861111111111, 182.057823129252, 166.836734693878, 151.913265306122];"[150.73762569 150.71905738 162.49701616 144.09138193 148.41731742
 150.87193642 159.89551635 151.69559952]";1998-03-29;1998-05-17
48;8;DWT_catboost_normal;0.1424180621109182;28.571428571428573;0.13119182408569352;22.227657025558642;0.13114107732605063;17.103112536789297;[133.460884353742, 158.092403628118, 120.748299319728, 123.611111111111, 100.255102040816, 114.696712018141, 119.657029478458, 108.758503401361];"[162.84093604 129.4321658  120.23594247 115.59496116 142.60858164
 133.35528087 118.09656579 116.44209525]";1998-03-29;1998-05-17
14;8;DWT_catboost_normal;0.10821612955784835;85.71428571428571;0.10819612008938212;18.739440545966755;0.10815647036335568;14.91553494013741;[148.497732426304, 140.787981859411, 178.259637188209, 128.047052154195, 109.835600907029, 117.417800453515, 128.004535147392, 133.007369614512];"[139.00094505 132.59186246 137.25672424 134.19018371 131.69892181
 135.73751651 138.07939515 137.23480089]";1997-12-07;1998-01-25
39;8;DWT_catboost_normal;0.06800843557590575;57.142857142857146;0.06441200459342615;10.837393456714318;0.06438649462430997;8.13489102593639;[127.196712018141, 114.753401360544, 117.644557823129, 121.839569160998, 122.831632653061, 117.134353741496, 120.833333333333, 129.06746031746];"[128.24284962 116.08500878 136.40636476 115.85109249 123.08000148
 134.76872178 135.13692487 134.83223148]";1998-02-01;1998-03-22
36;8;DWT_catboost_normal;0.26854741752655525;42.857142857142854;0.2618017864329867;35.24226383641834;0.26166215673529536;26.02280407868701;[101.530612244898, 79.6626984126986, 53.0045351473923, 69.0617913832199, 85.3883219954649, 126.417233560091, 172.831632653061, 86.4654195011338];"[93.0692937  95.77461845 90.10338528 89.76545697 90.79263321 92.84582135
 91.50883868 91.97358043]";1998-03-29;1998-05-17
54;8;DWT_catboost_normal;0.06071331284572905;85.71428571428571;0.058649276938870905;6.192955982729168;0.05860917570252752;4.304344227576969;[76.880589163598, 73.198316675434, 75.4602840610206, 78.2219884271436, 61.2177801157286, 84.1793792740662, 78.3271962125197, 74.907943187796];"[73.47493109 72.04280635 74.61513904 76.02278211 75.48916282 75.5179339
 75.36579265 75.84294563]";1998-03-29;1998-05-17
42;8;DWT_catboost_normal;0.05477431335132284;57.142857142857146;0.05425775291979292;9.33737017671072;0.05423957051395853;8.122510767871766;[155.342970521542, 152.225056689342, 160.912698412698, 148.384353741497, 143.494897959184, 133.27664399093, 136.522108843537, 159.708049886621];"[146.48946833 150.1316031  172.97771427 143.33938986 142.98185292
 144.5028814  148.72461541 146.72668828]";1998-02-01;1998-03-22
45;8;DWT_catboost_normal;0.14032229255888204;28.571428571428573;0.1419292819311811;17.98578083610307;0.14186683046180054;16.189795922321874;[116.56746031746, 113.392857142857, 110.856009070295, 107.624716553288, 129.804421768707, 112.414965986394, 118.353174603175, 105.881519274376];"[101.98067316  94.89148291 141.71809168 117.02900454 105.80717283
 106.90672283 101.12655624 115.31324422]";1998-02-01;1998-03-22
33;8;DWT_catboost_normal;0.16292661405808948;57.142857142857146;0.1742702689491865;58.08646018325877;0.17423205855529253;40.35200793125117;[251.998299319728, 263.265306122449, 331.136621315193, 171.357709750567, 208.333333333333, 215.802154195011, 229.861111111111, 243.863378684807];"[227.9919622  161.1359021  225.9423817  240.26956341 215.26436617
 221.07300355 230.50360848 234.13352922]";1997-12-07;1998-01-25
51;8;DWT_catboost_normal;0.09678790825045593;57.142857142857146;0.09470130593848061;27.83404361545973;0.09467886596652264;20.16587383803974;[198.645449763282, 221.225670699632, 269.989479221462, 184.968437664387, 169.831667543398, 226.420305102578, 211.322987901105, 201.998947922146];"[201.4637484  214.9523013  213.71396635 212.70545267 213.5390742
 216.49945861 211.58329787 216.3331796 ]";1998-03-29;1998-05-17
36;8;DWT_catboost_normal;0.35467015711648353;42.857142857142854;0.2900284693709047;37.62401286857562;0.2899033436452716;33.66799461757265;[102.735260770975, 100.481859410431, 94.1893424036282, 86.9331065759637, 105.130385487528, 102.480158730159, 93.7925170068027, 93.0555555555555];"[106.72354882 120.40817809 151.95596236 143.31513577 139.93578619
 128.94775212 132.86832364 123.98745589]";1998-02-01;1998-03-22
14;8;DWT_catboost_normal;0.08772475744018977;57.142857142857146;0.08296252006868358;13.231682405744026;0.08293152909549606;11.116343315256016;[137.528344671202, 115.235260770975, 125.821995464853, 143.197278911565, 126.729024943311, 129.166666666667, 131.774376417234, 150.694444444445];"[140.94934471 142.41017271 142.35381057 139.36583636 136.87570144
 138.36655167 140.24400679 140.53905943]";1997-10-12;1997-11-30
48;8;DWT_catboost_normal;0.09923657051278743;71.42857142857143;0.0987749544541795;13.67713452119118;0.09873155200033351;11.31003869901268;[132.454648526077, 113.59126984127, 119.84126984127, 99.8441043083899, 137.457482993197, 117.984693877551, 103.259637188209, 94.2460317460316];"[118.69721382 112.77851287 123.14877665 111.10851997 111.72830721
 112.41306394 114.77106194 112.77199672]";1998-02-01;1998-03-22
30;8;DWT_catboost_normal;0.07876546104572976;71.42857142857143;0.0758535035768928;10.991232189632823;0.07582411359836944;9.801268602425193;[136.267006802721, 113.407029478458, 136.72052154195, 137.740929705216, 131.831065759637, 130.442176870748, 118.168934240363, 125.453514739229];"[125.07829979 131.28748494 132.80367045 140.16217293 141.90176823
 136.56911741 132.60508449 137.8226135 ]";1997-10-12;1997-11-30
45;8;DWT_catboost_normal;0.2580395472727256;28.571428571428573;0.2390059044237113;30.730319989008837;0.23890330950717126;28.116007869743108;[101.261337868481, 129.166666666667, 163.988095238095, 123.696145124717, 106.037414965986, 83.1916099773242, 95.8616780045352, 98.8236961451247];"[135.40136533 109.95473062 113.04474725 132.61243078 133.14257056
 123.17434862 121.0300983  118.28384742]";1997-12-07;1998-01-25
42;8;DWT_catboost_normal;0.14097210400311078;42.857142857142854;0.13627426393971093;22.44785335448903;0.13622901567029336;20.62916818189655;[157.553854875283, 161.550453514739, 192.81462585034, 135.770975056689, 138.43537414966, 132.865646258503, 127.891156462585, 133.90022675737];"[146.24967771 152.63808161 155.12379024 157.51622566 152.36709311
 152.56720125 155.93702958 157.60178985]";1997-12-07;1998-01-25
45;8;DWT_catboost_normal;0.20114729190474948;28.571428571428573;0.17773287005101768;23.72678081545869;0.17765820415201622;21.189382030615654;[107.49716553288, 91.7091836734694, 112.329931972789, 133.574263038549, 113.222789115646, 107.440476190476, 104.875283446712, 122.463151927438];"[122.83044135 132.86894248 138.91410513 129.44047327 129.49369322
 132.50079362 133.05880953 135.25246301]";1997-10-12;1997-11-30
51;8;DWT_catboost_normal;0.15285404501589464;14.285714285714286;0.159124410753343;43.382105747789;0.15908660989710283;33.62974622010495;[205.28669121515, 233.824302998422, 195.081536033667, 183.837453971594, 228.577064702788, 263.256180957391, 169.700157811678, 185.468174644924];"[208.05165146 198.2073546  252.1275336  197.53994316 189.57941409
 172.65017897 193.4664248  192.00582943]";1998-02-01;1998-03-22
36;8;DWT_catboost_normal;0.5500479075114959;42.857142857142854;0.3507247286964775;39.215476223600206;0.3505148210799581;29.69043010556404;[118.962585034014, 125.0, 107.001133786848, 53.7273242630385, 38.1802721088436, 64.5266439909298, 75.0425170068027, 103.883219954649];"[116.39792955 114.51802215 109.9513747  112.85839855 111.08183894
 110.00733392 109.88419153 113.05478099]";1997-12-07;1998-01-25
54;8;DWT_catboost_normal;0.07564450406132422;28.571428571428573;0.080184075090156;7.510400416993968;0.08012997860683407;5.952199712518997;[87.0153374342898, 75.6443976854287, 75.841662283009, 66.2283008942662, 76.6438716465019, 71.4886901630721, 71.6728037874803, 77.0910047343503];"[71.35461042 73.76994981 69.10038913 67.23093682 67.11438239 68.74254781
 68.51802011 70.18290629]";1998-02-01;1998-03-22
48;8;DWT_catboost_normal;0.15116851148592889;57.142857142857146;0.14257233190161417;20.564401739995407;0.14251341935799608;17.386783484376526;[124.886621315193, 144.359410430839, 152.621882086168, 101.318027210884, 124.121315192744, 92.3185941043083, 113.662131519274, 122.222222222222];"[128.17058228 121.9680312  125.88466371 129.29088956 129.46903353
 126.18965888 125.38963644 129.98478114]";1997-12-07;1998-01-25
33;8;DWT_catboost_normal;0.11441259778727525;42.857142857142854;0.10400576532686924;30.807413684984493;0.10398096465218652;22.025538594756668;[219.827097505669, 200.453514739229, 224.036281179138, 239.99433106576, 238.024376417234, 153.925736961451, 237.089002267574, 260.303287981859];"[224.16566093 223.22004765 226.70984777 223.96920377 224.98462254
 226.9737169  227.25797173 225.82153379]";1997-10-12;1997-11-30
39;8;DWT_catboost_normal;0.1316914988916558;57.142857142857146;0.13340496738185892;21.708652828922933;0.13335228169588886;17.089872112312552;[132.057823129252, 140.532879818594, 172.321428571429, 117.842970521542, 106.221655328798, 103.231292517007, 109.112811791383, 113.12358276644];"[122.0939207  128.05406866 122.50741419 120.02458021 119.5682206
 125.23285049 124.00205345 125.1668571 ]";1997-12-07;1998-01-25
36;8;DWT_catboost_normal;1.6200599857902651;42.857142857142854;0.8200471372232703;213.3704857039365;0.8198538891060617;184.73063455742783;[120.833333333333, 119.614512471655, 111.777210884354, 97.7831514860898, 107.18537414966, 126.757369614512, 102.536848072562, 131.207482993197];"[160.05463403 193.51124529 217.79663425 258.04790985 301.16782389
 352.5483946  415.55691558 496.85680197]";1997-10-12;1997-11-30
42;8;DWT_catboost_normal;0.36685175110015505;57.142857142857146;0.30145010464446453;56.12294006435515;0.3013633622076688;52.759818320524644;[153.996598639456, 113.577097505669, 164.314058956916, 180.15873015873, 140.589569160998, 141.25566893424, 153.358843537415, 161.323696145125];"[178.88718766 189.73926999 198.72396254 212.63758728 205.33821736
 201.66443376 231.62658931 212.03556171]";1997-10-12;1997-11-30
54;8;DWT_catboost_normal;0.10771759040255602;42.857142857142854;0.1123246477489229;10.268129340371624;0.11224410250539445;7.847762267017547;[64.9943459761601, 76.9331930562861, 85.5207785376118, 66.2677538137822, 63.0720673329826, 62.9142556549185, 60.8890057864282, 65.3077327722252];"[71.7301177  63.04156336 63.41956068 67.93078997 68.9904373  63.53302858
 68.84518565 69.20485271]";1997-12-07;1998-01-25
39;8;DWT_catboost_normal;0.04558562938219103;85.71428571428571;0.04308088528991752;7.702662724714348;0.043061930584835956;4.907110932022428;[110.501700680272, 99.9574829931973, 126.289682539683, 121.967120181406, 128.103741496599, 111.989795918367, 120.861678004535, 125.566893424036];"[117.71380546 119.67771536 129.75308352 123.98249654 126.93724985
 108.8001581  123.34253003 125.55810194]";1997-10-12;1997-11-30
31;8;DWT_catboost_normal;0.19869527710484344;42.857142857142854;0.17550548029428947;26.43059642080341;0.17544008791134644;23.596771986096776;[150.340136054422, 122.19387755102, 120.549886621315, 121.159297052154, 100.977891156463, 129.549319727891, 133.659297052154, 136.848072562358];"[142.07056574 147.64511153 147.57605753 146.76311163 150.95556521
 153.92289022 148.25646942 150.32304176]";1998-03-29;1998-05-17
57;8;DWT_catboost_normal;0.14471157514558675;14.285714285714286;0.159378286572073;25.863905243893853;0.15932052279030787;22.04225876301566;[137.835349815886, 151.301946344029, 145.607574960547, 136.770120988953, 126.157285639137, 172.77748553393, 142.990531299316, 156.483429773803];"[131.5402631  116.82256783 120.36665746 120.1210549  134.37309094
 128.10594909 135.12687385 123.5608077 ]";1998-03-29;1998-05-17
48;8;DWT_catboost_normal;0.0989893807664398;42.857142857142854;0.09743252022986523;14.310134726159012;0.0973929704411443;12.043939033257072;[120.15306122449, 100.836167800453, 122.562358276644, 134.141156462585, 132.043650793651, 118.395691609977, 116.269841269841, 145.039682539682];"[132.18302874 125.10816711 129.62294874 116.90267084 127.2776112
 120.25606562 123.51439629 123.16018184]";1997-10-12;1997-11-30
51;8;DWT_catboost_normal;0.16178053644035284;42.857142857142854;0.15240921964406928;35.76835317496038;0.15236787798434562;28.50817375796409;[197.856391372962, 207.969489742241, 258.561283534982, 188.197769463739, 136.804921863538, 148.921620199895, 181.680694371383, 172.198842714361];"[194.50141898 180.17230242 197.07091679 185.52223523 193.61681924
 191.5198773  192.65056462 194.56614735]";1997-12-07;1998-01-25
34;8;DWT_catboost_normal;0.09669557752501987;42.857142857142854;0.09587067188411093;14.52168878629375;0.0958311252974336;11.684429920557186;[132.65306122449, 146.442743764172, 115.674603174603, 127.012471655329, 96.7970521541951, 130.130385487528, 125.793650793651, 125.850340136054];"[119.56852158 121.4534546  122.77338941 116.04252519 122.60958949
 123.75409289 123.70043498 122.79950802]";1998-03-29;1998-05-17
40;8;DWT_catboost_normal;0.13543312174020114;42.857142857142854;0.12514762046852115;19.657899503317733;0.1251017172547901;17.092908997200645;[148.100907029478, 158.90022675737, 126.615646258503, 114.710884353742, 120.252267573696, 151.062925170068, 120.535714285714, 142.361111111111];"[140.76888528 144.82800625 145.49560777 148.37912594 142.80275785
 144.88864332 148.12289544 148.83998445]";1998-03-29;1998-05-17
46;8;DWT_catboost_normal;0.05399368257916134;42.857142857142854;0.05642024329865117;19.18832791340977;0.05640958233063052;14.937749809095667;[254.280045351474, 260.572562358277, 262.585034013605, 259.05612244898, 255.711451247166, 292.786281179138, 272.534013605442, 280.144557823129];"[253.01368071 247.49399553 250.49822587 252.89360232 252.82160585
 253.31042439 254.14399165 253.99254324]";1998-03-29;1998-05-17
54;8;DWT_catboost_normal;0.1739842817945467;71.42857142857143;0.14779901603153145;12.205532330850312;0.14767882629598228;9.183915612749793;[51.8411362440822, 42.4644923724356, 65.0710152551289, 72.5539189900052, 64.2030510257759, 77.3339846196238, 67.7012098895318, 74.7632824829037];"[69.26586119 68.44833376 74.62355221 73.95596069 72.820673   72.01842741
 71.6839785  73.57105037]";1997-10-12;1997-11-30
31;8;DWT_catboost_normal;0.11371154529360175;42.857142857142854;0.10830247395641443;17.651182801339726;0.10826300940424845;14.963675156070414;[146.003401360544, 126.374716553288, 106.788548752835, 130.78231292517, 154.931972789116, 144.770408163265, 138.066893424036, 162.840136054422];"[162.47596596 137.97053141 142.20448892 139.72088251 137.28782711
 133.99808199 138.92517792 144.82838036]";1998-02-01;1998-03-22
43;8;DWT_catboost_normal;0.06840171699446851;57.142857142857146;0.0666197150771487;11.704111738899591;0.06659407230464642;8.683204816636332;[126.303854875283, 129.393424036281, 134.651360544218, 121.768707482993, 110.884353741497, 152.636054421769, 129.37925170068, 131.774376417233];"[133.45977375 132.97324838 133.75196499 133.2516579  132.58029501
 132.17471039 132.19578848 133.14810369]";1998-03-29;1998-05-17
49;8;DWT_catboost_normal;0.09157313212568105;85.71428571428571;0.09062516017946301;17.494838908119945;0.09059759557290678;14.970241626148702;[170.564058956916, 169.855442176871, 176.955782312925, 170.46485260771, 187.03231292517, 186.649659863946, 131.816893424036, 177.933673469388];"[164.57539945 162.68538995 165.18366681 164.21915883 165.01564793
 165.9953632  165.22132249 165.4236522 ]";1998-03-29;1998-05-17
37;8;DWT_catboost_normal;0.059622284778555176;42.857142857142854;0.060136253959222494;15.054603889804627;0.06012137979073514;12.179540478300154;[187.825963718821, 196.825396825397, 191.850907029478, 181.164965986395, 196.626984126984, 229.804421768707, 213.888888888889, 198.993764172336];"[203.68039529 197.1864087  198.26963988 195.61492853 205.94122389
 198.66582555 198.58783022 203.59205451]";1998-03-29;1998-05-17
34;8;DWT_catboost_normal;0.058636000066943014;71.42857142857143;0.05912808781831349;9.742475108951954;0.05910339492252923;7.097829894788333;[113.081065759637, 115.77380952381, 118.225623582767, 111.034188355335, 125.907029478458, 129.109977324263, 119.444444444444, 121.414399092971];"[103.72725056 117.84219337 135.45714469 112.15551172 122.86248233
 110.72398033 120.42937528 126.00651976]";1998-02-01;1998-03-22
57;8;DWT_catboost_normal;0.17971801531919218;71.42857142857143;0.15796742628865557;24.040220627562114;0.1579040080649674;20.152510122337887;[149.53971593898, 127.275118358759, 125.449369647912, 79.5393223044083, 156.970015781168, 125.39452919516, 131.351920042083, 141.649132035771];"[155.83680704 162.28271924 143.87743011 125.73703609 134.24521481
 139.29410037 141.25010155 150.41619313]";1998-02-01;1998-03-22
51;8;DWT_catboost_normal;0.14107028805976782;71.42857142857143;0.1359788425198559;27.007922740990775;0.13594254441838444;25.560654849705198;[187.611783271962, 167.964229352972, 217.096265123619, 199.263545502367, 214.807995791689, 149.607707364903, 186.568204346441, 173.329826407154];"[199.82183357 197.73421256 186.06461622 183.71278696 185.3675504
 190.57994955 206.65426623 198.75387479]";1997-10-12;1997-11-30
55;8;DWT_catboost_normal;0.19568102308795832;42.857142857142854;0.20564229580138849;19.119538058612243;0.20550309621751844;15.559869353888294;[73.9216201998948, 83.6533403471857, 113.545502367175, 73.0010520778537, 49.3556023145713, 83.4297738032615, 76.1441346659652, 75.1841136244083];"[79.31689002 65.92782579 72.46270659 65.61979184 69.07822778 66.35000727
 71.88640126 63.35012458]";1998-03-29;1998-05-17
43;8;DWT_catboost_normal;0.12309575519649318;71.42857142857143;0.1342539272465034;19.4443716399051;0.13419957927233533;16.620378193468426;[126.87074829932, 140.46201814059, 129.53514739229, 129.903628117914, 148.327664399093, 129.322562358276, 121.074263038549, 134.495464852608];"[122.31831352 130.97396805 101.64438711 109.62448887 114.23256397
 114.21259158 117.43654763 116.58561032]";1998-02-01;1998-03-22
34;8;DWT_catboost_normal;0.1392623489510448;57.142857142857146;0.14549412109906182;24.915063932916123;0.14543933144602283;19.566887877869583;[144.614512471655, 144.189342403628, 184.552154195011, 117.885487528345, 108.319160997733, 110.700113378685, 115.235260770975, 116.935941043084];"[133.25000079 119.11915135 126.10316829 127.93701945 124.32531581
 122.53371267 129.62495834 126.30637184]";1997-12-07;1998-01-25
37;8;DWT_catboost_normal;0.11058321128598023;71.42857142857143;0.10134046747123202;26.835437835928925;0.1013156136287888;20.685113895240672;[202.395124716553, 180.768140589569, 185.16156462585, 177.664399092971, 216.113945578231, 190.915532879818, 195.833333333333, 214.52664399093];"[214.72127184 229.00763365 235.53734778 198.04426856 212.75741529
 201.9550201  206.28436867 205.21407848]";1998-02-01;1998-03-22
46;8;DWT_catboost_normal;0.048647289215430864;57.142857142857146;0.04681853346100594;15.843164221910921;0.04680876434277678;11.245022185125713;[258.460884353742, 242.871315192744, 257.100340136054, 255.952380952381, 253.897392290249, 207.8089569161, 250.921201814059, 259.169501133787];"[255.14421083 255.53826292 254.18586424 243.80698499 243.55946221
 246.62850166 249.13507257 251.19642083]";1998-02-01;1998-03-22
40;8;DWT_catboost_normal;0.1161008087551164;57.142857142857146;0.12013552311317777;17.690097639354054;0.12008980653834711;15.858192975518076;[127.876984126984, 109.665532879819, 141.695011337868, 146.683673469388, 133.956916099773, 138.081065759637, 150.680272108844, 157.482993197279];"[120.59179705 131.91414167 140.50727578 134.75491957 113.96983918
 119.32565277 131.59086642 131.09963032]";1998-02-01;1998-03-22
57;8;DWT_catboost_normal;0.14027815777632674;42.857142857142854;0.15863564706723182;34.07694399968073;0.15858209619326546;23.77698203778188;[160.034192530247, 155.733824302998, 211.296685954761, 145.857443450815, 130.54971067859, 120.594423987375, 134.508153603366, 138.558653340347];"[134.9763622  133.32828227 126.158086   122.39807581 125.66996191
 128.02127607 128.24481849 122.97407296]";1997-12-07;1998-01-25
31;8;DWT_catboost_normal;0.16638187340687144;42.857142857142854;0.1546788909866873;25.451337382712353;0.15462644201747805;22.913739010101647;[151.629818594104, 144.367521688668, 188.690476190476, 139.625850340136, 133.304988662131, 117.531179138322, 127.763605442177, 136.451247165533];"[144.65525466 153.86524285 155.04235506 156.84260124 156.0498211
 159.82138524 155.6393671  159.51320192]";1997-12-07;1998-01-25
52;8;DWT_catboost_normal;0.08736081566155054;71.42857142857143;0.09121314457313215;8.19796658307677;0.09115550346182129;7.2302697880864315;[78.4192530247238, 80.3129931614939, 86.8095739084692, 78.4061020515518, 68.5691741188848, 91.2677538137822, 78.5113098369279, 85.0341925302472];"[76.23794988 74.74225115 76.93838387 73.66214143 74.96372659 75.67079659
 73.62151731 76.44053227]";1998-03-29;1998-05-17
34;8;DWT_catboost_normal;0.06878705882958952;57.142857142857146;0.06717892972724296;9.627082768754457;0.06715159555611849;8.279147272207172;[118.962585034014, 105.456349206349, 123.313492063492, 141.241496598639, 129.832766439909, 131.533446712018, 127.395124716553, 116.935941043084];"[127.01506306 122.24815545 128.42355412 131.06560162 127.1472364
 120.43762165 128.13664651 128.51600101]";1997-10-12;1997-11-30
40;8;DWT_catboost_normal;0.12917865445031723;57.142857142857146;0.12977967509214966;18.536549540579742;0.12972915148306108;16.79828630138665;[139.625850340136, 139.710884353742, 156.916099773243, 155.924036281179, 112.03231292517, 119.21768707483, 101.261337868481, 131.760204081633];"[124.95444151 118.98102012 127.06430115 140.01311464 131.81134812
 128.38152407 123.13843078 134.16253608]";1997-12-07;1998-01-25
43;8;DWT_catboost_normal;0.13531204129857566;42.857142857142854;0.13842837028568755;24.334396700136576;0.13837602041478905;18.52335238927237;[130.215419501134, 140.462018140589, 183.205782312925, 114.569160997732, 109.651360544218, 111.72052154195, 113.109410430839, 121.981292517007];"[135.5384694  125.55762143 124.92632042 123.55522192 127.948911
 131.59601787 127.98595918 129.62554667]";1997-12-07;1998-01-25
57;8;DWT_catboost_normal;0.2059083651557584;57.142857142857146;0.1684269799276639;29.623277704765208;0.16836049026773825;21.451934735238417;[144.345081536034, 150.433982114676, 147.724881641242, 106.091137138706, 110.082144378004, 134.382906239824, 147.185691741189, 87.3882167280379];"[156.97091919 159.21139133 149.14588157 143.43515386 141.38968766
 147.16403453 144.93215018 152.49321796]";1997-10-12;1997-11-30
37;8;DWT_catboost_normal;0.22496515528854263;57.142857142857146;0.22252698897902756;51.58425546202539;0.22247158769366987;45.481730043731744;[240.802154195011, 223.143424036281, 303.458049886621, 153.032879818594, 160.133219954649, 163.236961451247, 177.593537414966, 211.649659863946];"[198.81716562 161.69494693 213.50502388 213.61869102 210.6323123
 194.30866436 197.67694235 219.87699713]";1997-12-07;1998-01-25
46;8;DWT_catboost_normal;0.11789745976413826;28.571428571428573;0.12734117067420997;42.59284158737338;0.1273153384370725;31.57317377475744;[263.137755102041, 259.197845804989, 322.066326530612, 226.615646258503, 209.041950113379, 223.327664399093, 221.301020408163, 248.767006802721];"[212.77228835 220.83908562 225.56732349 233.87500656 236.74098817
 230.21809597 233.74878161 235.70143773]";1997-12-07;1998-01-25
49;8;DWT_catboost_normal;0.07152083103481525;42.857142857142854;0.07268997192800271;15.474488781610578;0.07266732811122455;11.683640832382679;[171.414399092971, 153.642290249433, 155.569727891157, 166.964285714286, 148.398526077097, 172.066326530612, 164.356575963719, 167.304421768707];"[137.92551696 157.18908689 176.66267664 171.28219579 157.93901442
 162.15386811 175.70154709 167.07975061]";1998-02-01;1998-03-22
55;8;DWT_catboost_normal;0.1737664617904072;71.42857142857143;0.14142649110286887;13.918166794890105;0.1413199753216904;9.5102852054363;[71.8174644923725, 43.0431351920042, 71.2519726459759, 74.105733824303, 79.1425565491846, 70.4497632824829, 76.5912677538138, 63.4271436086271];"[71.47265023 76.15838854 84.42188457 76.33751895 78.5927244  78.31579424
 81.77623015 77.04683509]";1998-02-01;1998-03-22
40;8;DWT_catboost_normal;0.09220642529938064;71.42857142857143;0.0888218900044382;13.218877205687123;0.08878711989845259;11.384145267296887;[125.368480725624, 106.420068027211, 138.293650793651, 139.696712018141, 135.019841269841, 116.482426303855, 122.576530612245, 149.560657596372];"[132.36035924 132.63709083 131.28689105 131.64128462 131.14644957
 129.41355184 131.86364932 132.85021987]";1997-10-12;1997-11-30
46;8;DWT_catboost_normal;0.128347681001932;57.142857142857146;0.11513757150649861;31.86525835096069;0.11511101296409006;25.076274663758554;[217.020975056689, 207.950680272109, 164.611678004535, 246.24433106576, 241.794217687075, 223.228458049887, 207.922335600907, 234.679705215419];"[241.58258861 244.01988025 233.24183534 238.30311936 235.74260053
 239.82542708 240.61036357 242.75110578]";1997-10-12;1997-11-30
58;8;DWT_catboost_normal;0.19022498259642673;57.142857142857146;0.19568938282392465;20.582749729609336;0.19557481377290512;17.046541095707163;[92.9905312993162, 73.4481851657024, 88.1509731720146, 84.0478695423461, 56.0625986322988, 106.930562861652, 118.490268279853, 103.774329300368];"[78.81349606 81.13201688 83.33544788 82.66368207 80.75386819 81.61808555
 80.56785868 83.38873672]";1998-03-29;1998-05-17
52;8;DWT_catboost_normal;0.10564616148505386;14.285714285714286;0.11176077165841658;8.925994750059564;0.11168300739245618;8.04235047820962;[79.6028406102051, 69.8207531302895, 75.841662283009, 72.9089952656498, 67.8149166031484, 77.735402419779, 72.8169384534455, 82.0357706470278];"[71.47661869 76.36514763 68.44138419 60.15182413 69.32933752 67.3849692
 68.78458067 68.42224439]";1998-02-01;1998-03-22
49;8;DWT_catboost_normal;0.11741690719290564;71.42857142857143;0.12736648917661178;27.621013392586313;0.12732776433051365;21.163179197601817;[162.074829931973, 152.80612244898, 220.209750566893, 160.445011337868, 171.258503401361, 132.256235827664, 173.90873015873, 175.368480725623];"[140.09881933 140.82857767 153.98542971 151.43367921 150.20187195
 144.02459625 154.98059976 167.00537777]";1997-12-07;1998-01-25
55;8;DWT_catboost_normal;0.21290344396339933;71.42857142857143;0.21340097803293634;21.9708985996455;0.2132746183531235;18.65541213450772;[80.5760126249341, 102.169910573383, 139.334560757496, 85.0078905839031, 66.4518674381905, 61.5728563913729, 67.5433982114676, 66.2546028406102];"[94.57427968 76.95681989 92.88627455 78.02414129 83.89157795 76.76369824
 80.45692545 77.31042708]";1997-12-07;1998-01-25
43;8;DWT_catboost_normal;0.07421664040406305;42.857142857142854;0.07038941373292032;10.475814227456032;0.07036056155738155;8.598565801359356;[120.039682539683, 105.93820861678, 112.542517006803, 125.070861678004, 131.136621315193, 124.716553287982, 120.493197278911, 133.942743764172];"[125.33983293 123.89394168 131.86491639 129.54184364 128.56124833
 130.30807927 128.71020102 128.58738486]";1997-10-12;1997-11-30
31;8;DWT_catboost_normal;0.11545355928363676;28.571428571428573;0.10159555074177218;19.959635189980467;0.10155706250269153;13.539349662627155;[141.128117913832, 95.7199546485261, 149.291383219954, 130.116213151927, 155.62641723356, 139.725056689342, 144.869614512472, 162.769274376417];"[145.29580028 145.82837902 145.59179518 146.36640433 146.59745025
 146.78999453 147.2424993  147.14715264]";1997-10-12;1997-11-30
41;8;DWT_catboost_normal;0.08979080015701738;0.0;0.08476195695596488;15.91061110673093;0.08473342041125215;12.596027446871183;[144.246031746032, 157.511337868481, 133.74433106576, 152.253401360544, 128.784013605442, 164.314058956916, 153.713151927438, 155.527210884354];"[156.91418675 147.13102855 153.1895514  144.58107229 163.58135245
 155.10380762 155.88392345 151.10336673]";1998-03-29;1998-05-17
37;8;DWT_catboost_normal;0.09299189506438205;57.142857142857146;0.09197719673391522;21.830564834503363;0.09195358142753862;18.078368602728936;[193.778344671202, 160.147392290249, 234.778911564626, 209.112811791383, 201.133786848073, 158.786848072562, 203.202947845805, 231.164965986395];"[199.85104607 170.38046273 206.51781189 213.68972792 184.30563076
 198.06684575 194.69704687 200.29585954]";1997-10-12;1997-11-30
49;8;DWT_catboost_normal;0.28860119806581075;71.42857142857143;0.24649529384392185;44.26178199783949;0.2464211173842641;41.390306393249716;[161.451247165533, 127.33843537415, 166.765873015873, 132.397959183673, 122.137188208617, 144.501133786848, 164.611678004535, 191.794217687075];"[174.10245653 181.5754794  211.71509616 187.26968916 172.01736548
 183.54856923 220.76670048 211.12482713]";1997-10-12;1997-11-30
47;8;DWT_catboost_normal;0.12773962430510538;57.142857142857146;0.12009128120176782;26.573571810534425;0.12005668100500766;20.997524195642697;[200.949546485261, 180.753968253968, 193.721655328798, 186.493764172336, 130.980725623583, 214.597505668934, 153.472222222222, 181.221655328798];"[182.09156511 174.87722372 175.43858948 176.24339467 186.15494264
 180.95839252 178.84296708 180.69369805]";1998-03-29;1998-05-17
35;8;DWT_catboost_normal;0.0921174817303391;85.71428571428571;0.08922134034467044;8.1056074678331;0.08916133991786954;6.673680546698367;[76.7290249433107, 76.4314058956917, 60.2182539682539, 84.8781179138321, 64.7675736961452, 85.8843537414967, 81.9727891156462, 83.7868480725625];"[75.94693416 77.89189418 76.97404443 77.21483133 70.7863725  77.595949
 76.57513372 76.76391877]";1998-03-29;1998-05-17
52;8;DWT_catboost_normal;0.3569435607003242;42.857142857142854;0.2855928735147585;24.059784065582484;0.2853991296994596;21.20476575879295;[91.12309310889, 59.1004734350342, 57.0226196738558, 45.6075749605471, 72.8037874802735, 69.1215149921095, 72.4618621778012, 72.290899526565];"[80.78879108 84.51140884 87.4513279  86.80312733 94.29327738 94.91410154
 82.79576791 76.94354539]";1997-12-07;1998-01-25
44;8;DWT_catboost_normal;0.15295391465132116;42.857142857142854;0.1166131311584648;24.051621806772552;0.11656019006854228;12.981302593604525;[118.820861678005, 121.641156462585, 117.828798185941, 107.157029478458, 71.485260770975, 131.944444444444, 123.951247165533, 126.743197278912];"[143.03432416 120.9481685  118.88650319 111.4340171  134.44523351
 134.39763205 131.05731724 127.83324454]";1998-03-29;1998-05-17
32;8;DWT_catboost_normal;0.16449857138058027;42.857142857142854;0.17819393106775894;31.17529421235236;0.17813357336300173;26.487940594524286;[135.756802721088, 161.848072562358, 158.149092970522, 190.079365079365, 112.641723356009, 150.637755102041, 180.00283446712, 151.587301587302];"[135.08212665 125.75785228 132.12169953 138.02532924 137.55039544
 138.19218966 133.90898849 137.97818597]";1998-03-29;1998-05-17
47;8;DWT_catboost_normal;0.23708560573196072;42.857142857142854;0.2114873695853489;43.09960631529275;0.21142978437360627;38.87818859629835;[207.312925170068, 189.739229024943, 145.624036042613, 169.21768707483, 145.649092970522, 175.46768707483, 187.287414965986, 163.137755102041];"[162.73455933 207.83689817 210.73428151 215.79371772 205.35305302
 197.61581892 197.66431197 207.57196389]";1998-02-01;1998-03-22
58;8;DWT_catboost_normal;0.07341060652401821;42.857142857142854;0.07728336270062316;7.472955387364473;0.07723578268877182;6.277790312235146;[80.2735402419779, 80.2209363492898, 90.7943187795897, 81.4308258811152, 80.9705418200947, 78.8532351394004, 85.1788532351394, 88.0852183061546];"[75.50293577 81.42701008 78.49820417 77.23491115 77.03051106 76.29469025
 76.25261834 75.75641389]";1998-02-01;1998-03-22
41;8;DWT_catboost_normal;0.14781013339706428;71.42857142857143;0.1510556618629186;23.230630129994026;0.1510014390637448;21.174118951515332;[110.501700680272, 120.416274523136, 131.972789115646, 130.711451247166, 160.78514739229, 174.433106575964, 153.401360544218, 155.598072562358];"[140.42945044 131.40080248 143.10418585 121.44491933 130.40615133
 138.53708492 134.20628728 132.98541831]";1998-02-01;1998-03-22
35;8;DWT_catboost_normal;0.12078927866856867;42.857142857142854;0.1294617951903558;11.07836513402363;0.12937370619915822;9.530754307628623;[67.6729024943311, 75.5243764172336, 86.4937641723356, 77.891156462585, 83.2199546485259, 63.9314058956916, 69.2743764172336, 82.327097505669];"[72.9333612  71.49973468 72.79149033 63.39181403 66.63562194 69.2222676
 67.70319049 67.0141601 ]";1998-02-01;1998-03-22
50;8;DWT_catboost_normal;0.11361880008937482;28.571428571428573;0.11512653179257791;19.366597903240624;0.11507868486440206;14.003703142127414;[113.085218306155, 126.328248290373, 119.358232509206, 110.244608101, 92.3724355602315, 159.810625986323, 111.809573908469, 121.962125197265];"[122.58732555 115.8455419  114.00354668 111.61627201 116.53514139
 114.82669737 123.87263673 117.8533607 ]";1998-03-29;1998-05-17
55;8;DWT_catboost_normal;0.11845177261402198;57.142857142857146;0.11175011904788792;10.926231820647548;0.11167783786672843;8.701043836119062;[82.8248290373488, 72.0015781167807, 59.1947668073016, 94.8711204629142, 89.9263545502367, 83.3308283860624, 85.1920042083114, 70.1209889531825];"[86.45848169 77.56355849 82.33646452 79.74412233 82.48551523 77.85244182
 83.63163773 77.78541841]";1997-10-12;1997-11-30
38;8;DWT_catboost_normal;0.0777609958478031;14.285714285714286;0.07786096654622598;12.112558428373744;0.07783200844136177;10.488060515781985;[131.87358276644, 137.074829931973, 145.946712018141, 147.789115646259, 114.044784580499, 141.184807256236, 145.890022675737, 139.498299319728];"[138.74118355 136.46620075 131.67635236 133.02075587 134.73944353
 132.66630038 132.41968542 134.79226768]";1998-03-29;1998-05-17
44;8;DWT_catboost_normal;0.17395234934959625;14.285714285714286;0.19276374056434545;28.26341382624864;0.19268093126883926;22.666684930767715;[158.503401360544, 109.282879818594, 123.795351473923, 83.8010204081632, 143.90589569161, 117.063492063492, 115.249433106576, 120.337301587302];"[105.77547385 123.08956658 110.22968981  96.00748789  93.54975647
 101.89885124 108.2244808  103.8562979 ]";1998-02-01;1998-03-22
47;8;DWT_catboost_normal;0.14107010442013296;14.285714285714286;0.1466967891932871;46.025083742125894;0.1466634730301194;32.640574654241995;[211.862244897959, 235.870181405896, 307.157029478458, 190.419501133787, 195.266439909297, 178.117913832199, 191.652494331066, 186.72052154195];"[218.13513489 202.04754549 195.81113552 198.34888832 200.81034933
 220.75879419 215.390273   216.55174327]";1997-12-07;1998-01-25
52;8;DWT_catboost_normal;0.12002028577796613;57.142857142857146;0.11342729090215932;10.850046825465524;0.11335242142673703;8.727972336878949;[75.9337190952131, 72.0015781167807, 83.6138874276697, 93.5034192530247, 88.5718043135191, 94.4525258814732, 81.7069963177276, 54.3135192004208];"[76.39889902 81.9624654  79.16314866 79.18296078 82.43872961 84.52330471
 78.90020782 76.07094907]";1997-10-12;1997-11-30
58;8;DWT_catboost_normal;0.18763076420425276;0.0;0.17854592376212317;19.163357785297045;0.17844569785048803;16.09707831873168;[91.6096791162546, 101.459758022094, 124.658074697528, 83.8769068911099, 74.8158863755918, 76.4992109416097, 72.8037874802735, 68.9637033140452];"[ 91.52143403  90.27322719  89.24178513  97.29613807 100.18842662
  83.10094006  88.16348361  90.29606771]";1997-12-07;1998-01-25
41;8;DWT_catboost_normal;0.13296650218066725;14.285714285714286;0.15186672051085343;37.1764916175976;0.15181594562794112;22.862407121002562;[132.312925170068, 166.72335600907, 210.260770975057, 141.921768707483, 128.613945578231, 147.037981859411, 124.815759637188, 125.524376417233];"[142.57207187 145.09931266 111.3280185  136.58193822 141.74734797
 128.13499819 136.02425181 129.02298215]";1997-12-07;1998-01-25
50;8;DWT_catboost_normal;0.20039405931051762;28.571428571428573;0.220823934237881;25.027261588902583;0.22071457923746193;22.36714725031404;[125.433982114677, 93.0825881115203, 111.954234613361, 100.960021041557, 119.857969489742, 124.329300368227, 83.1358003485455, 111.217780115729];"[ 79.35640283  98.22274247  89.13396826  83.17523303 103.71272782
  93.26641815 101.98070888  90.15642253]";1998-02-01;1998-03-22
32;8;DWT_catboost_normal;0.09843905685901194;57.142857142857146;0.09272183510305634;15.167904027958025;0.09268834319247055;12.842943696478125;[139.469954648526, 119.628684807256, 136.238662131519, 131.09410430839, 146.301020408163, 126.190476190476, 139.229024943311, 150.255102040816];"[152.80559835 150.40399176 149.24768648 140.72765019 134.08584296
 142.11537405 146.30835204 149.48447576]";1998-02-01;1998-03-22
58;8;DWT_catboost_normal;0.060702259357239316;100.0;0.05823359449607761;5.935259630319966;0.05820075464264329;5.173726354766233;[78.0641767490795, 87.1120462914256, 88.6375591793792, 94.8974224092584, 82.7590741714887, 89.104105608577, 87.493424513414, 97.4092582851131];"[ 90.51250062  90.71938148  94.39002239  98.80336401  88.24970827
  92.24881576  91.59573755 100.34734798]";1997-10-12;1997-11-30
47;8;DWT_catboost_normal;0.20426702734127095;14.285714285714286;0.17357491647119813;42.87401620073509;0.17352954241873553;33.264007592443875;[201.984126984127, 169.600340136055, 222.803287981859, 172.732426303855, 148.710317460318, 152.253401360544, 216.468253968254, 207.312925170068];"[212.45978629 226.05120432 219.98121823 221.63818483 217.75143793
 216.57795483 211.10391733 216.04062357]";1997-10-12;1997-11-30
41;8;DWT_catboost_normal;0.10959083856071171;42.857142857142854;0.10479231645822998;17.80293716547635;0.10475514268289003;14.848238263160999;[161.451247165533, 142.828798185941, 131.575963718821, 150.93537414966, 155.612244897959, 111.09693877551, 133.234126984127, 166.524943310658];"[143.20902071 147.86954261 145.69134681 152.44741665 144.68982772
 146.91228711 146.2855486  146.43862082]";1997-10-12;1997-11-30
38;8;DWT_catboost_normal;0.1518790480410652;14.285714285714286;0.14780050581633486;22.321950252509247;0.14774033721043098;18.36481058109439;[142.729591836735, 135.643424036281, 133.843537414966, 118.466553287982, 157.823129251701, 135.345804988662, 86.0260770975055, 137.5];"[122.97220163 123.14223148 134.9138124  127.22448486 120.5866922
 122.33517292 125.89028479 122.77958148]";1998-02-01;1998-03-22
35;8;DWT_catboost_normal;0.26555977340354087;28.571428571428573;0.24597283782280416;20.650517903895498;0.24581358956618646;19.4401320087151;[97.2930839002267, 107.667233560091, 101.856575963719, 81.3350340136054, 46.8253968253969, 66.8509070294785, 69.3027210884354, 69.2460317460318];"[81.03871204 77.65378574 81.55380365 88.57170233 75.70163304 87.74225607
 84.43860905 86.05635428]";1997-12-07;1998-01-25
44;8;DWT_catboost_normal;0.17586124390619398;0.0;0.17369783222343965;24.72530533622241;0.17362107032691249;19.85568146063021;[122.278911564626, 126.09126984127, 157.298752834467, 103.1320861678, 85.9268707482993, 92.219387755102, 105.31462585034, 100.907029478458];"[113.3514022  107.99534591 105.49935684 117.27553163 119.29689741
 107.18846864 106.705997   117.05572772]";1997-12-07;1998-01-25
32;8;DWT_catboost_normal;0.20384469718827264;42.857142857142854;0.2333140308178864;43.45365333907937;0.23323403555709424;34.43412155379856;[150.212585034014, 178.500566893424, 210.884353741497, 153.543083900227, 116.865079365079, 106.451700441706, 125.141723356009, 172.023809523809];"[123.01152531 116.47444879 125.50807748 128.73482819 121.22016806
 125.92549777 119.66237915 125.27077712]";1997-12-07;1998-01-25
60;8;DWT_catboost_normal;0.06783700094425614;28.571428571428573;0.06950864145679192;9.31574842535301;0.06947744995406413;7.749077194928221;[120.870594423987, 118.897948448185, 113.321935823251, 108.364018937401, 99.6449237243556, 119.77906365071, 117.372435560232, 113.90057864282];"[109.3531994  102.60694105 108.39731    109.05019351 111.76372039
 109.71738345 112.95986709 111.92020923]";1998-03-29;1998-05-17
56;8;DWT_catboost_normal;0.09180811130396267;71.42857142857143;0.08742680385893753;12.75526766616423;0.08739057644905787;10.597999981948687;[131.970015781168, 140.623356128353, 120.581273014203, 111.454497632825, 97.6065228826934, 134.324039978958, 133.048395581273, 129.852709100474];"[128.79486998 131.17881421 127.08752798 124.40320513 125.60384131
 125.07814444 124.01986971 123.41509927]";1998-03-29;1998-05-17
38;8;DWT_catboost_normal;0.16826811614367454;42.857142857142854;0.1647297706087679;26.86551372946352;0.16466890225214637;22.368833744371244;[142.474489795918, 143.891723356009, 170.960884353742, 126.700680272109, 110.260770975057, 116.142290249433, 124.475623582766, 115.15022675737];"[130.24358403 122.8553158  122.12387547 155.98852891 151.06796518
 121.96958118 131.69741363 128.85245069]";1997-12-07;1998-01-25
59;8;DWT_catboost_normal;0.22743237202434485;71.42857142857143;0.2025687288894974;26.280691912298884;0.20247791772786058;22.88279333407207;[133.350867964229, 161.322987901105, 85.4287217254077, 100.973172014729, 102.998421883219, 83.4166228300894, 96.7517096265123, 117.280378748027];"[130.56393878 125.84818973 121.06965054 121.08610913 126.37401846
 122.428675   119.04371567 121.64747734]";1998-03-29;1998-05-17
63;8;DWT_catboost_normal;0.1218280639312363;42.857142857142854;0.12121296920409427;12.3972293648651;0.12113802689825637;9.873330148617306;[81.4965807469753, 101.775381378222, 62.3356128353498, 73.5270910047343, 77.3934771173068, 89.3871646501842, 90.3471856917412, 79.1688584955286];"[88.0712054  76.09876079 79.78626722 81.45262901 84.79241659 87.53066465
 80.53798466 81.46342154]";1998-03-29;1998-05-17
53;8;DWT_catboost_normal;0.18259422417734805;14.285714285714286;0.17923163509734383;24.986957209898407;0.17915922325924372;22.277391362911487;[138.598106259863, 140.570752235665, 132.995791688585, 142.214623882167, 117.937927406628, 100.604944765913, 113.821672803788, 102.511835875855];"[147.18353435 111.08502734 114.88637508 107.54450899 153.97085123
 126.11345291 115.80069477 126.35982836]";1998-03-29;1998-05-17
50;8;DWT_catboost_normal;0.4120315878331055;14.285714285714286;0.3275660555338674;36.15621738404494;0.32739995363249375;32.562625892160455;[118.990005260389, 142.043661230931, 73.8953182535508, 78.6285130394433, 63.9137296159916, 94.2793266701737, 71.3571804313519, 93.8979484481852];"[121.55679655 112.27760852 115.34774382 116.02994382 118.85401178
 117.20466102 120.34682415 116.35699501]";1997-12-07;1998-01-25
44;8;DWT_catboost_normal;0.08722252521579048;85.71428571428571;0.08572616192864929;12.127007126830257;0.08568973410437458;10.171715558055592;[108.347505668934, 104.591836734694, 120.691609977324, 149.433106575964, 112.060657596372, 103.458049886621, 103.018707482993, 121.003401360544];"[115.8676816  115.27440412 123.906872   125.50342643 116.35078691
 114.6032876  119.15644033 125.45634047]";1997-10-12;1997-11-30
60;8;DWT_catboost_normal;0.07258853105267485;42.857142857142854;0.0766273646983843;10.829557135140057;0.07659318236523652;8.595453626359971;[104.642293529721, 102.590741714887, 119.213571804314, 114.68963703314, 128.235139400316, 107.022619673856, 113.874276696476, 115.189374013677];"[106.047859   106.38163601 103.60921374 104.9260419  106.79755665
 105.50239761 107.8398955  105.98234397]";1998-02-01;1998-03-22
35;8;DWT_catboost_normal;0.14182840611961595;42.857142857142854;0.127236251835863;13.06424293489248;0.12715830918278948;10.413562642889975;[84.8497732426303, 63.6054421768707, 86.3378684807257, 91.5958049886622, 78.3871882086168, 72.4773242630385, 78.7131519274377, 95.5357142857143];"[81.23121972 88.93542062 80.74798824 96.73414935 90.13725138 93.13749171
 87.87192068 93.47296908]";1997-10-12;1997-11-30
38;8;DWT_catboost_normal;0.279436097535205;71.42857142857143;0.2434913185890989;35.61322428459966;0.2434062463820923;34.950388228766194;[117.120181405896, 110.856009070295, 129.435941043084, 136.72052154195, 133.843537414966, 132.638888888889, 117.587868480726, 137.698412698413];"[149.69079226 151.46803504 159.05346715 172.58706913 168.13617198
 159.56142949 167.29939398 167.70810733]";1997-10-12;1997-11-30
56;8;DWT_catboost_normal;0.27416132398717985;42.857142857142854;0.32975138029716977;38.70734720452456;0.32959451586145394;35.03907049109929;[115.846922672278, 125.315623356128, 122.606522882693, 107.233035244608, 149.053129931615, 138.729615991584, 116.267753813782, 126.551814834298];"[ 77.70450937  61.20882097  96.42226682 111.50682919 101.38917553
  97.70060145  90.49259322  93.41464613]";1998-02-01;1998-03-22
59;8;DWT_catboost_normal;0.1434261800990313;14.285714285714286;0.13997784422489942;23.635514124388383;0.13992358719250209;18.217955217059085;[136.401893740137, 133.982114676486, 116.109942135718, 120.817990531299, 154.050499736981, 123.803261441347, 101.341399263545, 113.869624651544];"[129.30324559 169.70359631 130.1413912  116.10219495 109.66731649
 123.22071951 130.55461652 123.86694953]";1998-02-01;1998-03-22
53;8;DWT_catboost_normal;0.18788780199896288;57.142857142857146;0.18510963246183587;24.096351438938086;0.18502602239942273;20.98908865679082;[147.422409258285, 126.775381378222, 124.026827985271, 122.264597580221, 144.923724355602, 100.657548658601, 72.1199368753288, 134.665965281431];"[116.96236225  90.50556619 135.04893542 136.10315299 118.35725887
 111.88949417 107.42539784 137.88427754]";1998-02-01;1998-03-22
66;8;DWT_catboost_normal;0.07884990399446862;28.571428571428573;0.08040868615473813;18.26836996473975;0.08038735351795018;15.201904039193519;[187.164650184114, 208.456075749605, 161.779689738424, 176.749079431878, 174.237243556023, 218.08258811152, 184.350341925303, 201.801683324566];"[192.93149968 175.64822488 183.58094974 180.23719969 186.26419613
 193.17827714 188.00798962 184.63944288]";1998-03-29;1998-05-17
50;8;DWT_catboost_normal;0.07133129480576535;42.857142857142854;0.06891458528613141;9.23644170632353;0.06888305078534909;7.5478234702227684;[111.03366649132, 93.8979484481851, 111.362440820621, 105.68122041031, 118.608627038401, 113.959444903685, 102.09100473435, 123.961073119411];"[108.94751835 111.19989404 116.63896148 112.15180824 113.16605547
 113.78674533 114.21161493 112.44956893]";1997-10-12;1997-11-30
56;8;DWT_catboost_normal;0.3042775975595575;71.42857142857143;0.2523548867366506;32.201281766949506;0.25224071935045067;28.223573376023033;[130.15518148343, 139.873750657549, 140.833771699106, 93.9768542872173, 92.7932667017358, 67.5302472382957, 103.879537085744, 106.956864807996];"[128.55737799 118.77660381 122.43533871 137.33862494 130.0601352
 122.24887482 124.78288392 135.40145492]";1997-12-07;1998-01-25
63;8;DWT_catboost_normal;0.21597038721598028;0.0;0.19424540304256266;18.436987880244118;0.1941246275546739;15.688247211973746;[102.866912151499, 77.1041557075224, 72.2382956338769, 67.1379546031985, 87.46712256707, 58.5875854813256, 77.4855339295108, 75.4339821146765];"[78.08219038 79.24463583 86.96074804 92.29620621 82.65577198 88.39715691
 84.5670099  92.43165591]";1998-02-01;1998-03-22
53;8;DWT_catboost_normal;0.15109145995684659;42.857142857142854;0.1524069380359033;23.664234436253945;0.1523472028346553;19.606262847211752;[107.877432930037, 124.566017885324, 173.63229879011, 124.776433456076, 111.730668069437, 111.086270384009, 118.990005260389, 117.740662809048];"[121.05847431 117.99427157 121.33300646 108.91796437 134.50428316
 131.8712102  130.34177504 131.76989181]";1997-12-07;1998-01-25
60;8;DWT_catboost_normal;0.21822904674225713;57.142857142857146;0.21740671654120228;31.88503127554395;0.2173252069425305;29.40465749519805;[165.255128879537, 167.648605996844, 182.943187795897, 121.948974224093, 120.410310362967, 104.024197790637, 106.378221988427, 101.867438190426];"[126.82623031 128.0770714  134.63981851 140.85468646 126.77111474
 129.93717211 132.07626504 133.92336172]";1997-12-07;1998-01-25
32;8;DWT_catboost_normal;0.12563206658582032;57.142857142857146;0.11558861466245547;17.05862355756099;0.11554122447680948;14.172595919795992;[116.992630385487, 93.5799319727892, 137.542517006803, 142.857142857143, 121.40022675737, 112.684240362812, 129.053287981859, 140.830498866213];"[133.1175418  129.31670867 132.87863918 129.04023902 132.1039796
 131.8817676  133.52673765 132.16693105]";1997-10-12;1997-11-30
66;8;DWT_catboost_normal;0.16662491766448365;28.571428571428573;0.17008986873522092;35.73528189051133;0.17003999037372863;29.23370080960584;[213.229879011047, 196.67280378748, 201.525512887954, 189.939505523409, 187.901104681746, 127.208140840064, 173.185165702262, 199.000526038927];"[183.31756466 209.8809912  131.69823886 181.6720032  154.00709729
 178.37686444 192.22454532 190.4483083 ]";1998-02-01;1998-03-22
69;8;DWT_catboost_normal;0.13895261434694994;0.0;0.1237593791049879;18.551214748317925;0.12370628249393542;14.441338055527568;[121.988427143609, 121.988427143609, 108.035244608101, 107.259337190952, 91.7937927406628, 125.302472382956, 121.501841136244, 109.928984744871];"[125.84751675 125.83576368 127.05432601 127.994049   129.98300147
 127.7697442  128.44255451 130.40227591]";1998-03-29;1998-05-17
75;8;DWT_catboost_normal;0.0961512647143141;71.42857142857143;0.09044179876420953;12.6502008119975;0.09040199525858282;10.300810942888065;[105.510257759074, 122.553918990005, 111.809573908469, 110.349815886376, 94.3976854287217, 124.053129931615, 117.872172540768, 120.476065228827];"[127.55296016 116.73211455 113.02782577 119.78383704 117.15442249
 130.84737724 109.45156257 114.55795188]";1998-03-29;1998-05-17
72;8;DWT_catboost_normal;0.1539681278432676;57.142857142857146;0.14121706618645208;17.027429685707176;0.14115010189919647;14.994944417887641;[120.436612309311, 118.069437138348, 105.128879537086, 97.4224092582851, 78.563913729616, 128.287743293004, 102.301420305103, 95.9100473435034];"[104.84675537 124.61592902 115.25357126 108.00550306 111.81293405
 118.84411196 123.5073257  109.12691129]";1998-03-29;1998-05-17
59;8;DWT_catboost_normal;0.1180923765163871;57.142857142857146;0.1143974054735756;16.181153905069557;0.11435202629121816;14.464218127158052;[122.540768016833, 131.641241451867, 152.932667017359, 110.560231457128, 116.162546028406, 124.447659126776, 110.37611783272, 113.624408206207];"[136.06706866 125.26845871 126.03532371 130.00987558 134.21745182
 126.23440243 124.38717199 129.23937915]";1997-12-07;1998-01-25
63;8;DWT_catboost_normal;0.23672214584866824;85.71428571428571;0.23657317612401402;23.19136446091631;0.23642360012768485;19.398881606708745;[89.9263545502366, 87.3750657548658, 132.956338769069, 67.8853235139401, 52.2225144660705, 58.035244608101, 83.7322461862177, 92.3066806943714];"[76.31882832 69.46317731 82.1681879  81.76263527 76.62071176 73.68607763
 75.80145149 81.28033015]";1997-12-07;1998-01-25
60;8;DWT_catboost_normal;0.10783774481076198;57.142857142857146;0.09770042724655073;16.81859468967804;0.09766148936769363;12.333913763317506;[125.39452919516, 95.7390846922671, 135.889005786428, 137.927406628091, 129.629142556549, 121.731670048345, 128.577064702788, 152.340873224619];"[134.78376391 135.69958326 137.74046054 136.58935977 137.37020059
 136.54356302 137.5917495  137.7764338 ]";1997-10-12;1997-11-30
78;8;DWT_catboost_normal;0.08910453149256439;42.857142857142854;0.09296780965559509;12.552009044403231;0.09292697409641554;10.595161208131994;[119.187269857969, 118.621778011573, 120.449763282483, 131.614939505523, 99.8290373487638, 120.620725933719, 105.247238295634, 109.481851657023];"[110.52874237 108.1802307  108.76881166 106.81115937 111.5851582
 107.32960653 108.13942975 108.24480026]";1998-03-29;1998-05-17
69;8;DWT_catboost_normal;0.09989810817706568;85.71428571428571;0.09937521414505525;14.618258993384709;0.09933457105444934;12.222743908023372;[118.884797475013, 119.568648079958, 120.278800631247, 112.046291425566, 136.309836927933, 120.817990531299, 116.741188847975, 137.440820620726];"[ 98.69488429 126.15748233 147.88941703 115.74133358 119.53022847
 113.79371611 128.24493014 133.05089952]";1998-02-01;1998-03-22
66;8;DWT_catboost_normal;0.14972340860809752;42.857142857142854;0.1412970176975744;33.453969061310914;0.1412611883054961;28.09253275938414;[222.106785902157, 227.104155707522, 253.45870594424, 156.667543398212, 160.63913729616, 181.667543398212, 186.993687532877, 201.854287217254];"[234.66252809 227.00766521 198.06790755 196.11231693 210.38496296
 209.76669387 214.78981565 213.46564043]";1997-12-07;1998-01-25
53;8;DWT_catboost_normal;0.2752805231125906;28.571428571428573;0.21638769589793616;33.22196187877795;0.2162959058463685;25.694396383980187;[135.586533403472, 95.9495002630194, 136.125723303524, 106.341005628974, 129.747501315097, 117.334294755953, 72.1221734353921, 133.087848500789];"[126.66172883 137.48648165 148.71041014 135.66294559 133.96919048
 143.2026828  144.22326491 144.08343812]";1997-10-12;1997-11-30
72;8;DWT_catboost_normal;0.13895907502707983;28.571428571428573;0.12544038328126558;18.354926642496327;0.12538664922694265;14.7873986608315;[123.619147816938, 110.994213571804, 123.395581273014, 142.162019989479, 125.867964229353, 116.491320357706, 114.005786428196, 84.4292477643346];"[126.56354592 129.79846423 125.14741565 124.76573904 140.39200445
 133.23056788 121.71798455 122.8561871 ]";1998-02-01;1998-03-22
75;8;DWT_catboost_normal;0.19645168978614558;57.142857142857146;0.2222545521545781;22.70036525575182;0.22213559008833483;20.79940436722387;[113.637559179379, 102.038400841662, 104.734350341925, 99.0794318779589, 108.153603366649, 102.446081009995, 98.1325618095739, 112.966859547607];"[ 91.14626508  86.38743116 102.5196978   75.29559397  77.70242225
  78.73480151  82.89409011  80.11331117]";1998-02-01;1998-03-22
56;8;DWT_catboost_normal;0.0598723031803198;42.857142857142854;0.06079657319649256;9.710416072123204;0.06077208317753381;7.56695318930649;[113.190426091531, 112.006838506049, 122.027880063125, 136.059968437665, 119.84481851657, 118.75955011147, 113.269331930563, 141.846396633351];"[120.02424383 119.10099146 123.97710561 122.85496102 119.82140493
 120.91045943 123.11941936 122.41738511]";1997-10-12;1997-11-30
63;8;DWT_catboost_normal;0.2106080784669465;28.571428571428573;0.18027494905806513;17.86534648918436;0.18016279752427644;14.5333691635775;[66.6754339821147, 60.5865334034719, 79.1688584955287, 85.3366649132036, 69.0689110994213, 85.3560782545527, 71.2782745923199, 94.4108364018938];"[78.60489165 95.30754108 90.0520807  89.77788382 87.01914361 94.85306155
 96.83760777 93.12533854]";1997-10-12;1997-11-30
78;8;DWT_catboost_normal;0.08474216752940186;57.142857142857146;0.08086754202469476;12.635209429981648;0.08083150067415569;9.099764349346621;[120.213045765387, 104.168858495529, 120.502367175171, 99.4871120462915, 126.82798527091, 108.627038400842, 98.844950920926, 107.088374539716];"[117.10408335 103.64098507 124.50981471 104.67429437 112.55402582
 114.5348636  128.59160327  97.05016244]";1998-02-01;1998-03-22
69;8;DWT_catboost_normal;0.19590218594381797;42.857142857142854;0.18531300834538697;25.031963756338023;0.1852404729857761;23.849040952472215;[141.714886901631, 151.749079431878, 168.332456601788, 106.575486586007, 103.629668595476, 105.576012624934, 117.148869016307, 114.137296159916];"[132.85736216 130.2828921  132.548266   134.53643575 132.77215433
 132.36595496 135.06674421 137.01046867]";1997-12-07;1998-01-25
61;8;DWT_catboost_normal;0.13171329154710051;28.571428571428573;0.12035831542184715;21.361058255782652;0.1203146647374124;16.70244114125961;[113.256180957391, 157.969489742241, 158.850604944766, 151.998947922146, 107.890583903209, 167.267227774855, 154.563387690689, 142.635455023672];"[148.14687719 149.19392507 147.6282286  146.98710025 149.50733397
 147.32741027 147.64138052 147.87592449]";1998-03-29;1998-05-17
59;8;DWT_catboost_normal;0.13476206777024868;57.142857142857146;0.11980110882303638;24.111764381298972;0.11975820968267584;16.864863181520732;[114.29510783798, 120.515518148343, 125.867964229353, 132.798527091005, 131.575486586007, 115.761128228251, 126.196738558653, 147.211993687533];"[112.37554153 116.02583538 145.56780852 145.40273947 122.65074414
 140.91995846 184.0722495  151.45850977]";1997-10-12;1997-11-30
72;8;DWT_catboost_normal;0.25176270705577386;71.42857142857143;0.24959631261660964;45.35658456391192;0.24950972079835557;36.94571460524281;[174.132035770647, 154.537085744345, 236.112572330352, 152.643345607575, 119.950026301946, 114.886901630721, 102.774855339295, 107.837980010521];"[150.34587352 125.8765711  134.37518263 145.95876316 155.53690703
 139.29998253 136.72355902 148.58638251]";1997-12-07;1998-01-25
84;8;DWT_catboost_normal;0.14930268362908183;42.857142857142854;0.133521026156099;13.818733108209475;0.1334418978441872;11.308768649860616;[87.8748027354024, 96.3834823776959, 81.9042609153076, 77.6170436612309, 64.7159389794845, 86.8490268279853, 95.1472908995265, 75.6706996317728];"[99.30216791 92.84944979 91.07531479 92.19994314 90.26149241 89.19347309
 91.72899179 96.11719893]";1998-03-29;1998-05-17
75;8;DWT_catboost_normal;0.26671406907418016;28.571428571428573;0.23791722468832976;24.35226423958553;0.23779093103422977;22.680087665213;[117.569700157812, 108.666491320358, 132.601262493425, 79.8921620199894, 88.2430299842189, 64.8605996843766, 75.0416894795794, 82.2856391372961];"[101.60115742  98.92880494 102.27600428 105.06620054 102.87739553
 103.54680853 102.35998001 101.88194969]";1997-12-07;1998-01-25
66;8;DWT_catboost_normal;0.08634980815206725;28.571428571428573;0.08685690177078584;24.9923450823781;0.08683701570805583;19.04098907930133;[201.580353340705, 219.095213045765, 195.002630194634, 265.228826933193, 210.58188135854, 196.994689511786, 194.331930562862, 231.78590215676];"[210.59276001 217.45130234 222.23583506 211.13472887 211.0850183
 214.01235819 220.1262526  214.75673749]";1997-10-12;1997-11-30
78;8;DWT_catboost_normal;0.11228130796669678;85.71428571428571;0.11916255025535108;17.771198382477294;0.11910937900683463;13.526644244475921;[108.534981588638, 114.742240925828, 151.196738558653, 124.105733824303, 93.0168332456601, 95.0420831141505, 95.2788006312467, 102.774855339295];"[ 94.51709249 103.76663551 109.9800226  107.11893906  98.34872192
 103.30125156 106.48136814 102.99737942]";1997-12-07;1998-01-25
69;8;DWT_catboost_normal;0.03750908188353215;71.42857142857143;0.03663109957715601;5.630015938402023;0.03661744937107313;4.916286267957798;[130.168332456602, 126.933193056286, 138.032614413466, 132.877432930037, 127.814308258811, 129.096215024674, 132.088374539716, 140.426091530773];"[130.09093784 134.58884321 142.07632482 137.51479742 132.93837436
 135.58311408 141.26696479 138.29947645]";1997-10-12;1997-11-30
81;8;DWT_catboost_normal;0.11059442039986808;14.285714285714286;0.11015820962715453;12.652480933897515;0.11009709430543832;9.986535070779572;[92.0962651236192, 87.2435560231457, 101.95949500263, 79.9710678590215, 71.2388216728039, 108.94266175697, 102.459231983167, 89.452919516044];"[91.70034429 89.93815232 88.63428253 88.74568007 91.51815871 88.03664624
 89.4141498  89.92442353]";1998-03-29;1998-05-17
61;8;DWT_catboost_normal;0.06412685185416954;42.857142857142854;0.06197426961323735;10.113431893802726;0.061952936855673844;9.017208058100042;[128.274592319832, 135.244608100999, 144.91057338243, 144.936875328774, 159.061020515518, 142.872172540768, 148.776959495003, 147.356654392425];"[145.40271753 143.82044852 156.58621622 156.63435603 151.54197548
 152.81640922 147.86164825 142.67467207]";1998-02-01;1998-03-22
64;8;DWT_catboost_normal;0.11185777226909954;28.571428571428573;0.12074441183588838;28.424032025078414;0.12071273820481197;23.06778511654873;[199.566017885324, 186.809573908469, 203.971593897948, 191.083640189374, 160.178853235139, 230.852183061546, 204.734350341925, 205.812730142031];"[190.41199199 174.88982487 170.84644584 177.60594841 172.32250251
 168.56684539 187.46804677 180.6423545 ]";1998-03-29;1998-05-17
72;8;DWT_catboost_normal;0.21816520520315247;57.142857142857146;0.19360822437542838;26.498497125464265;0.19353241281209366;24.94673296030517;[111.980536559705, 93.1746449237245, 115.110468174645, 137.40136770121, 116.162546028406, 109.869492247188, 126.854287217254, 163.098369279327];"[128.59246931 132.70823657 132.66572309 157.28264325 149.01725912
 141.07529835 156.26678045 150.57957289]";1997-10-12;1997-11-30
75;8;DWT_catboost_normal;0.4286660314102845;14.285714285714286;0.34994010845400464;42.7592527315568;0.3497936071262363;41.84999641774178;[91.8595476065229, 90.7548658600737, 101.617569700158, 104.103103629669, 92.2277748553393, 102.70221186844, 100.512887953709, 104.405576012625];"[126.34552279 142.07999419 136.31357346 141.95500198 148.34055368
 131.8340668  148.45679306 147.65800287]";1997-10-12;1997-11-30
67;8;DWT_catboost_normal;0.1525608221118652;28.571428571428573;0.13612982026461587;50.46368266395091;0.1361078427818832;42.301247536786946;[317.043661230931, 353.103629668596, 291.504471330879, 316.675433982115, 232.77925167086, 295.673329826407, 309.692267227775, 301.591267753814];"[342.86079618 341.04700156 342.14464554 343.59048213 341.4205675
 340.39631315 339.72518628 341.17504444]";1998-03-29;1998-05-17
78;8;DWT_catboost_normal;0.10520101512455865;42.857142857142854;0.09801528013084473;12.15346687552616;0.09796751685047486;10.08547932377078;[95.8837453971595, 84.4423987375066, 107.285639137296, 109.771173066807, 94.7418472912574, 106.174068785852, 119.568648079958, 100.252105050332];"[108.83212427 106.39634084 111.41624902 108.47872051 112.07279847
 109.06070241 110.43731675 111.2616401 ]";1997-10-12;1997-11-30
73;8;DWT_catboost_normal;0.15228029477100935;57.142857142857146;0.1678238002438145;19.08066548108182;0.167738729602161;16.61191937451911;[105.878485007891, 106.167806417675, 117.674907943188, 96.4360862703839, 82.6407154129406, 123.277222514466, 100.749605470805, 97.0804839558126];"[89.30555584 90.98736087 90.82434333 84.42654577 86.08917263 87.83662772
 89.66346688 84.7737994 ]";1998-03-29;1998-05-17
81;8;DWT_catboost_normal;0.045555271668796124;57.142857142857146;0.046458446334253264;4.894538353368099;0.04643222886840568;4.118559280751205;[94.9785648083537, 93.0825881115203, 87.7827459231984, 81.9437138348238, 94.58179905313, 90.3603366649132, 82.0226196738559, 86.9542346133614];"[89.60753213 85.72684961 87.94522401 84.42057774 87.26837088 85.50152211
 87.05221213 86.57370872]";1998-02-01;1998-03-22
87;8;DWT_catboost_normal;0.7875690264762306;71.42857142857143;0.4587334664152678;52.06706481898623;0.4584707219999343;40.3466506707517;[54.1294055760126, 61.7438190426091, 38.5718043135192, 48.7506575486586, 89.5844292477644, 113.637559179379, 120.213045765387, 113.755917937927];"[120.44139609 132.44584084 124.4963858  114.5151035  112.5674608
 119.50257869 119.54214961 118.30713633]";1998-03-29;1998-05-17
67;8;DWT_catboost_normal;0.060763848909208884;71.42857142857143;0.06235280568414422;24.827517236301976;0.06234327932336945;20.469960287847492;[352.104155707523, 331.259863229879, 317.793266701736, 314.0978432404, 372.225144660705, 354.116254602841, 334.179379274066, 302.538137822199];"[341.9314668  319.76842874 285.59389085 308.71591914 330.71029742
 322.36491605 335.48398432 332.48160593]";1998-02-01;1998-03-22
64;8;DWT_catboost_normal;0.16555994562975818;42.857142857142854;0.149537010837768;33.313495241755916;0.14949674476138997;27.854304408457335;[164.455156076107, 183.863755917938, 195.002630194634, 180.247238295634, 203.8532351394, 195.397159389795, 180.010520778538, 142.282615308091];"[204.30524524 218.48719246 168.2497521  185.76757049 192.368284
 201.45991264 216.60016279 204.23296819]";1998-02-01;1998-03-22
61;8;DWT_catboost_normal;0.12818160344347096;28.571428571428573;0.11670592327306795;21.519118684709845;0.11666556293167082;16.9148616825123;[162.00683850605, 165.005260389269, 155.010520778538, 152.511835875855, 116.583377169911, 125.591793792741, 132.088374539716, 141.201998947922];"[145.04494079 157.61265762 159.04419412 163.47788374 165.66199376
 148.37595496 142.21328663 155.17898088]";1997-12-07;1998-01-25
76;8;DWT_catboost_normal;0.10637919539454135;28.571428571428573;0.10626145802558568;14.340280051757917;0.1062162711535135;12.520100689017537;[118.503419253025, 131.141504471331, 117.306680694371, 108.140452393477, 98.2640715412941, 135.178853235139, 121.514992109416, 126.604418726986];"[111.98871735 118.67940533 122.26220067 124.22534297 118.48058582
 110.12359959 117.00004879 116.24753606]";1998-03-29;1998-05-17
79;8;DWT_catboost_normal;0.10200220532856492;85.71428571428571;0.09977375653453704;20.259685220145066;0.0997406827651506;15.200233299663557;[173.277222514466, 184.784324039979, 177.367175170963, 149.658074697527, 114.781693845345, 176.065228826933, 152.130457653866, 153.208837453972];"[164.08448635 165.86021673 141.47736477 159.16139962 152.52362659
 173.86645985 147.82048993 149.3676193 ]";1998-03-29;1998-05-17
84;8;DWT_catboost_normal;0.14287475748631798;14.285714285714286;0.14123186214983965;15.516074325219233;0.14115535291423348;13.16707229466851;[118.003682272488, 103.616517622304, 91.6096791162546, 88.9926354550237, 94.4765912677538, 70.8837453971594, 75.7364544976328, 110.849552866912];"[91.61916677 97.99407626 99.24302297 92.94011064 89.67794363 92.2418148
 91.1044243  90.62543725]";1998-02-01;1998-03-22
70;8;DWT_catboost_normal;0.16334884696669738;57.142857142857146;0.14803826389574776;16.206156277588537;0.1479535791258686;13.153587156998189;[105.08942661757, 88.4928984744872, 82.9203301520504, 57.9694897422409, 96.8306154655445, 105.470804839558, 111.493950552341, 104.497632824829];"[95.47950451 94.47796901 95.59977921 93.02580575 95.54384352 94.49628006
 93.36131605 92.99362451]";1998-03-29;1998-05-17
67;8;DWT_catboost_normal;0.10715516363470132;57.142857142857146;0.09666860269148478;42.15565721934054;0.09665221708770107;28.816334011821514;[338.282482903735, 327.932667017359, 382.732772225145, 224.684376643872, 255.365597054182, 302.603892688059, 304.182009468701, 314.873750657549];"[309.52114633 318.91935965 343.81825004 328.68789216 281.555923
 308.23681026 320.16582648 312.84282074]";1997-12-07;1998-01-25
81;8;DWT_catboost_normal;0.15202625844964837;42.857142857142854;0.1500721252833288;15.622579218637897;0.149987658125868;13.432217587489943;[83.4429247764334, 104.471330878485, 115.86007364545, 72.4618621778012, 72.7511835875856, 80.0236717517096, 82.140978432404, 87.0988953182535];"[87.3077044  87.76357258 86.55028148 89.94657376 89.88300551 91.18958556
 89.76099443 91.27184261]";1997-12-07;1998-01-25
84;8;DWT_catboost_normal;0.18399704730821015;71.42857142857143;0.16709094612953418;20.02676646830133;0.16700547263968202;16.488230617120713;[103.642819568648, 116.806943713835, 130.326144134666, 103.866386112572, 74.6712256706997, 101.43345607575, 79.5765386638611, 79.9447659126775];"[106.73688296 103.45711764 104.25973315 103.19039448 108.14290577
 108.69269349 100.7107241  106.79921582]";1997-12-07;1998-01-25
87;8;DWT_catboost_normal;0.13003101993903107;71.42857142857143;0.1220736589607104;16.49610585832193;0.12201181780206181;12.20849685699727;[125.587141747809, 123.619147816938, 123.776959495003, 74.7379944437883, 80.2889277752131, 118.661230931089, 114.73132651272, 103.89492461898];"[ 97.84750974 115.35689398 125.29920779 103.81206635 101.66952369
 114.71553395 110.76209491 102.1206803 ]";1998-02-01;1998-03-22
61;8;DWT_catboost_normal;0.12350034987851358;42.857142857142854;0.11304325591253159;21.028672685741284;0.11300536281532311;16.89091978705663;[146.27827459232, 123.776959495003, 153.905839032088, 165.12585570788, 150.69923813818, 142.628566418677, 127.22251446607, 170.831141504471];"[155.89192414 168.69081966 160.95457527 154.11042228 157.37354379
 157.31157136 156.44225631 158.87251503]";1997-10-12;1997-11-30
73;8;DWT_catboost_normal;0.06951666141386725;57.142857142857146;0.0687352052001327;6.7684690669334575;0.06869687452952597;6.17217269945295;[99.8684902682798, 86.4281956864808, 98.185165702262, 80.7206733298264, 85.4944765912677, 92.7143608627038, 91.5176223040504, 81.1305900582222];"[88.84828639 93.81036586 93.38984754 87.08808841 93.27275299 90.49708114
 89.19915858 88.62884451]";1998-02-01;1998-03-22
64;8;DWT_catboost_normal;0.1891611719709305;57.142857142857146;0.17913512524776337;38.85163703559423;0.17908550448304783;32.88395098287392;[161.167412783104, 129.313519200421, 261.533403471857, 158.705944239874, 163.269331930563, 163.348237769595, 169.765912677538, 179.747501315097];"[173.84528496 180.0741335  186.09701057 186.64886062 187.52803394
 192.34116607 207.28425852 185.23133727]";1997-12-07;1998-01-25
81;8;DWT_catboost_normal;0.2814753148660355;71.42857142857143;0.24558569944825823;23.734138003095964;0.2454560551539022;23.412627839441303;[70.3182535507628, 74.184639663335, 82.8379800105207, 90.4918463966333, 87.7564439768542, 85.3692292277247, 84.797475013151, 99.0794318779589];"[ 89.38943265 101.28516315 111.38303492 111.49885649 107.78261698
 111.07854521 112.16027662 117.5583964 ]";1997-10-12;1997-11-30
70;8;DWT_catboost_normal;0.22324006614400216;42.857142857142854;0.2585712020706542;24.557725828173933;0.25841899933009393;21.991868419349444;[102.380326144135, 101.052077853761, 90.2814308258812, 92.0699631772751, 107.653866386112, 96.8569174118885, 91.8595476065228, 83.4692267227775];"[73.73167677 61.73827802 80.81320927 76.03014832 75.46699112 68.58767941
 76.72718511 76.59324075]";1998-02-01;1998-03-22
67;8;DWT_catboost_normal;0.1714132174223743;71.42857142857143;0.14935257837415383;52.49850867766072;0.1493250544054587;40.609907487182966;[239.768542872172, 240.099553761536, 305.010520778538, 215.960331177886, 325.841662283009, 232.160391773753, 294.397685428722, 310.928458705944];"[311.75607171 289.25835868 308.34390797 306.95558222 309.0008534
 307.55916993 307.60635442 306.97242683]";1997-10-12;1997-11-30
79;8;DWT_catboost_normal;0.19023768849882605;28.571428571428573;0.1616752879106398;33.02183795086716;0.16162218777914222;24.806297884614096;[133.784850078906, 166.241451867438, 147.606522882693, 174.473961073119, 193.240399789585, 152.498684902683, 101.657022619674, 156.680694371384];"[152.439105   165.91297777 174.38937511 161.79518282 162.29109641
 164.72496602 179.24384003 175.92431604]";1998-02-01;1998-03-22
62;8;DWT_catboost_normal;0.07711264975328863;42.857142857142854;0.06973692189866212;11.052055565744212;0.06970031544113209;6.6830861583152785;[100.473435034193, 109.573908469227, 101.604418726986, 96.1730668069437, 74.9342451341399, 103.932140978432, 112.966859547607, 105.68122041031];"[102.75544566 101.64008253 102.19454254 100.39993639 103.90183309
 103.16668121 106.04122819 103.9080402 ]";1998-03-29;1998-05-17
87;8;DWT_catboost_normal;1.5132113586317064;57.142857142857146;0.6092179197683751;69.51492831619424;0.6088810495399615;56.35343171756777;[137.059442398738, 149.86849026828, 85.3366649132035, 28.9058390320883, 22.1593897948448, 51.8937401367701, 91.7411888479748, 101.69647553919];"[138.66661995 144.03321764 138.35108225 136.4967254  136.73995249
 140.77424959 136.94436012 135.81193197]";1997-12-07;1998-01-25
84;8;DWT_catboost_normal;0.1050188113105397;28.571428571428573;0.10018386471165651;12.131881227643028;0.10013258737928249;9.83602625322125;[98.6454497632825, 114.742240925829, 106.233561283535, 108.429773803262, 83.2062072593372, 100.203526965757, 79.9710678590216, 111.849026827985];"[104.42641953  99.22646921 102.8469524  101.40630967  97.53586444
 100.73958004 103.81249377 103.57476748]";1997-10-12;1997-11-30
76;8;DWT_catboost_normal;0.12439609723834029;57.142857142857146;0.12335658536586626;16.161851905134707;0.12330602185175783;15.092347548231443;[112.429906207617, 132.548658600737, 119.055760126249, 146.054708048395, 133.140452393477, 103.274592319832, 108.245660178853, 114.794844818517];"[125.21219159 126.48865953 133.33207472 119.42422831 114.32190597
 120.97950232 122.67395177 124.8327984 ]";1998-02-01;1998-03-22
73;8;DWT_catboost_normal;0.13529281630996098;71.42857142857143;0.12990625133506908;14.490655476277839;0.12983889456495032;12.59642658104157;[87.9931614939505, 98.9216201998949, 124.053129931615, 90.0184113624407, 89.2951078379801, 80.2472382956338, 85.652288269332, 86.5619419782642];"[ 88.47840939  90.38304215 100.38428771 100.310852    95.82449929
 100.5333452   99.29553473 103.88950102]";1997-12-07;1998-01-25
82;8;DWT_catboost_normal;0.13876043253300022;28.571428571428573;0.12979050544654008;38.30811078048113;0.12976079900479506;28.583348488552055;[202.301420305103, 234.061020515518, 232.009468700684, 219.31877958969, 158.074697527617, 263.729615991584, 237.940557601263, 267.88532351394];"[233.25175121 236.09893325 219.63995211 219.70651019 236.11656866
 214.4877495  226.8817807  223.30654097]";1998-03-29;1998-05-17
64;8;DWT_catboost_normal;0.11706925809619989;71.42857142857143;0.12082169624311564;24.641242351281488;0.12078908732558241;22.52491544101695;[176.394003156234, 159.07417148869, 199.881641241452, 196.935823250921, 192.701209889532, 165.471806818466, 172.082720515876, 230.378748027354];"[157.65276835 173.0227129  177.20716977 167.05799978 212.01425096
 183.82475446 184.0858431  185.09060697]";1997-10-12;1997-11-30
62;8;DWT_catboost_normal;0.1286135670510316;85.71428571428571;0.13992846581311966;15.376359464729088;0.1398549480178371;13.356377728017712;[94.4371383482378, 88.8085218306155, 113.729615991583, 112.848500789059, 104.155707522357, 92.3329826407154, 90.9915833771699, 99.5791688584955];"[82.95009092 81.88425758 90.12943154 88.242786   85.5748022  88.89179194
 85.50696379 86.85207356]";1998-02-01;1998-03-22
70;8;DWT_catboost_normal;0.2652880461172832;71.42857142857143;0.21299293094028365;23.752957136171503;0.21286698347990357;18.065621172996124;[96.6859547606522, 101.341399263545, 99.5397159389795, 64.9526564965808, 57.8905839032089, 73.7375065754865, 81.4965807469752, 83.6796422935297];"[ 97.17766    100.53298913 100.11690765 101.21369774 100.02676269
 100.45060767 101.67217956 101.04138466]";1997-12-07;1998-01-25
82;8;DWT_catboost_normal;0.16666517413845;14.285714285714286;0.15506677412480055;39.2729032269417;0.15502788945876;31.11872657278068;[238.124671225671, 138.992635455024, 205.063124671226, 204.274066280905, 238.019463440295, 214.03208837454, 228.603366649132, 207.403997895844];"[188.06346908 222.53712013 189.33236299 222.58805282 206.06734392
 202.31749615 195.57532739 212.00862441]";1998-02-01;1998-03-22
68;8;DWT_catboost_normal;0.09628299696253383;42.857142857142854;0.09398144210030503;13.274509021935133;0.09394032766372196;10.79216868784169;[124.289847448711, 135.152551288795, 120.226196738559, 119.765912677538, 92.0042083114152, 127.840610205155, 107.219884271436, 119.963177275118];"[108.52421784 119.83639232 117.84959655 118.56131969 117.11554428
 116.16529855 119.23252106 117.08809393]";1998-03-29;1998-05-17
85;8;DWT_catboost_normal;0.10617694778209127;42.857142857142854;0.09682908231293362;13.13345560683471;0.0967811843124571;9.8061723341255;[100.657548658601, 108.337716991057, 95.8442924776433, 96.2782745923198, 82.3119410836401, 93.1220410310364, 112.190952130458, 104.208311415045];"[107.11206818 101.69230437  93.82125359 100.33002608 111.2794161
 109.53566524 113.28399627 117.0088242 ]";1998-03-29;1998-05-17
79;8;DWT_catboost_normal;0.18158499622111576;42.857142857142854;0.18639587125364038;36.87438484509126;0.1863407680620331;31.867646146353668;[206.338769068911, 182.903734876381, 231.825355076276, 179.32551461756, 145.752235665439, 141.359810625986, 134.652814308259, 138.953182535508];"[154.16433781 161.57585141 161.25310336 168.65941076 163.22074612
 165.80241567 165.39246393 166.5029163 ]";1997-12-07;1998-01-25
73;8;DWT_catboost_normal;0.2181628097705388;14.285714285714286;0.1887288727913479;21.33552262853612;0.18863248641273467;18.524649315339474;[83.114150447133, 88.9663335086796, 103.971593897948, 71.462388216728, 93.7006838506049, 101.334510658551, 91.8858495528669, 100.644397685429];"[113.60983743 110.91939552 108.58997447 108.87180908 110.90688135
 110.49433455 110.79884826 109.08602169]";1997-10-12;1997-11-30
87;8;DWT_catboost_normal;0.15881433738983824;71.42857142857143;0.17655173557982745;23.29311203609763;0.17647509970661812;20.429807304521965;[137.638085218306, 133.903208837454, 98.9370077331301, 116.899000526039, 123.947922146239, 136.329250269282, 128.208837453972, 126.341399263546];"[113.57040089  93.98729586  88.90826333 103.2956013  119.05775849
 105.39541146 101.08115132 113.47037037]";1997-10-12;1997-11-30
65;8;DWT_catboost_normal;0.13170325223588514;42.857142857142854;0.12779122867183615;26.309268436004484;0.12775522838870093;22.881194044027456;[197.685428721725, 207.456601788532, 170.449763282483, 131.102051551815, 169.765912677538, 211.441346659653, 204.050499736981, 191.806943713835];"[175.86715227 183.89328018 176.2904893  180.34750488 188.37164421
 178.96352069 179.64478943 184.71443658]";1998-03-29;1998-05-17
76;8;DWT_catboost_normal;0.11562652362063455;42.857142857142854;0.12454715149464143;22.728218101277204;0.12449884712253093;16.155564945112573;[108.179905312993, 155.365597054182, 162.322461862178, 111.559705418201, 111.796422935297, 122.514466070489, 114.005786428196, 117.49079431878];"[119.38164264 115.05045138 116.45070145 118.62850645 125.30209046
 117.51035796 117.62011776 120.15376247]";1997-12-07;1998-01-25
68;8;DWT_catboost_normal;0.08224459306388093;42.857142857142854;0.08654681151716462;11.591250379660199;0.08650694868819639;9.417977755081761;[116.25460284061, 106.679538815351, 111.638611257233, 98.4613361388742, 125.631246712257, 114.03208837454, 115.334034718569, 114.55812730142];"[121.20167043 107.96874957  93.37027922 106.43506036 105.67621209
 110.56337702 110.72114239  99.72927817]";1998-02-01;1998-03-22
62;8;DWT_catboost_normal;0.26335174388508387;42.857142857142854;0.22785272605220297;26.36707985034791;0.22773954375846936;23.030586687837832;[117.069963177275, 108.74539715939, 131.970015781168, 84.2582851130984, 81.9042609153077, 80.1946344029458, 82.7327722251448, 83.1930562861651];"[113.37314606 110.91413471 106.93230446 102.70820832 118.44854928
 115.99504776 115.21464339 113.25798772]";1997-12-07;1998-01-25
82;8;DWT_catboost_normal;0.09474703998352298;28.571428571428573;0.09914669802332808;26.23004045954139;0.09912265190961683;20.498015827539877;[219.200420831142, 223.934771173067, 190.781167806418, 245.055234087322, 194.410836401894, 194.963177275118, 192.043661230931, 206.220410310363];"[199.72341275 175.78701648 181.71236896 204.32216517 197.77220995
 186.08281675 223.09738049 202.95836757]";1997-12-07;1998-01-25
79;8;DWT_catboost_normal;0.13372581605585288;85.71428571428571;0.1223978712713505;23.3148970621256;0.12236096541020752;20.315838647795903;[156.207259337191, 161.454497632825, 166.543924250395, 135.921271892941, 162.690689110994, 150.361338643822, 162.243556023146, 184.061020515518];"[176.41691313 177.17364967 179.43739361 180.22339818 181.17356049
 180.1294144  180.32885388 180.99495779]";1997-10-12;1997-11-30
85;8;DWT_catboost_normal;0.19537263490592713;28.571428571428573;0.17000084264025778;19.72942512476587;0.16991148362787653;16.17984087975306;[81.7464492372435, 100.697001578117, 77.1721471334457, 78.1240569171733, 105.168332456602, 94.0426091530774, 85.9153077327722, 102.235665439243];"[109.69474099 106.90652276 110.67536285 105.44258069  99.32441355
 103.64915043 103.11598617 104.04370144]";1998-02-01;1998-03-22
76;8;DWT_catboost_normal;0.17139871656147032;71.42857142857143;0.14726336834912016;22.927538076890123;0.1472006949920947;17.379495183109118;[122.869542346134, 93.4113624408206, 133.890057864282, 140.149921094161, 125.749605470805, 112.276120337667, 89.1241451867439, 127.958968963703];"[132.97812343 128.69541054 133.39482561 134.63156989 134.13638124
 134.80323679 135.38986401 138.40910674]";1997-10-12;1997-11-30
88;8;DWT_catboost_normal;0.40971147449475276;57.142857142857146;0.301197005007253;22.658090596973945;0.30094762156388716;18.38830957098637;[73.5007890583903, 57.7590741714887, 34.3503419253025, 41.5702261967386, 46.8043135192004, 67.1488690163072, 73.224618621778, 71.9884271436086];"[81.96092174 75.58253881 73.88479309 74.80878034 77.19052053 76.79432874
 76.34315597 76.88809701]";1998-03-29;1998-05-17
70;8;DWT_catboost_normal;0.07679362638981257;85.71428571428571;0.0816882438374799;10.051493186790013;0.08164603171485711;7.91901758341888;[105.48395581273, 88.0326144134666, 91.8463966333509, 102.393477117307, 110.323513940032, 104.00415821247, 91.4913203577065, 92.3855865334034];"[87.84460031 84.08292158 87.31476538 90.0854584  94.57002263 96.24626211
 91.0458594  91.41899255]";1997-10-12;1997-11-30
65;8;DWT_catboost_normal;0.08030926025864002;28.571428571428573;0.07675233087763936;17.174933643215393;0.07673123399921573;13.977971346302557;[190.570752235666, 163.282482903735, 161.454497632825, 181.286165176223, 203.445554971068, 180.063124671226, 174.855339295108, 194.437138348238];"[178.18776849 185.08194536 193.85627295 180.6551875  189.30713657
 184.03810598 195.66289618 188.74952336]";1998-02-01;1998-03-22
74;8;DWT_catboost_normal;0.16350906211702915;42.857142857142854;0.148760418136421;18.70881218634089;0.14869126165897226;16.07656645275202;[128.39295107838, 121.357180431352, 104.826407154129, 102.840610205155, 80.41820094687, 114.176749079432, 109.07417148869, 94.3450815360337];"[110.24645192 112.82226122 120.83586924 120.76854487 115.09796484
 112.82935142 117.81619871 117.56960926]";1998-03-29;1998-05-17
85;8;DWT_catboost_normal;0.2833840620386031;71.42857142857143;0.27167792517482886;36.26569437687681;0.27156503900438383;33.182498616172424;[131.904260915308, 155.944239873751, 176.946344029458, 109.442398737507, 92.5039452919516, 89.9658074697526, 90.5576012624935, 100.512887953708];"[120.76859951 112.73634156 114.50190014 131.70237834 130.425137
 112.83938176 120.0619998  136.62572912]";1997-12-07;1998-01-25
62;8;DWT_catboost_normal;0.1572332193665543;42.857142857142854;0.14491392318771162;17.260065931051482;0.1448447902433514;15.247386715217619;[87.0988953182536, 90.2682798527091, 100.3287743293, 108.653340347186, 95.6733298264072, 103.017835224569, 90.7943187795897, 127.261967385587];"[104.66051998 107.10622589 101.42385803 102.37998681 123.07840138
 115.66588947 114.96326508 111.2729537 ]";1997-10-12;1997-11-30
82;8;DWT_catboost_normal;0.2562334044055515;28.571428571428573;0.20337352791855534;54.4171282045307;0.2033225608533556;40.79427779400537;[195.252498684903, 152.327722251446, 206.273014203051, 229.050499736981, 199.434508153603, 128.779436112513, 250.683850604945, 234.942135718043];"[219.82812166 227.62301593 232.58416222 209.70633869 233.8359564
 250.41162157 232.59690784 228.23471555]";1997-10-12;1997-11-30
68;8;DWT_catboost_normal;0.3154536856515398;42.857142857142854;0.278878967411432;43.44785646228654;0.27877798308993224;39.166673576576486;[169.016307206733, 177.196212519726, 211.349289847449, 121.67280378748, 96.8043135192004, 117.148869016307, 116.504471330878, 96.3822597248614];"[168.99174965 139.82740708 148.44991854 148.93629036 151.09900299
 151.54397023 156.05490317 153.91920494]";1997-12-07;1998-01-25
74;8;DWT_catboost_normal;0.09544999774374771;57.142857142857146;0.08887857405307055;13.62379412942477;0.08883928400206885;10.090761139898833;[104.642293529721, 119.226722777486, 95.6721071735725, 109.876380852183, 117.6223040505, 98.9084692267228, 134.731720147291, 117.135718043135];"[117.54232444 125.41267005 114.11384864 110.2726681  119.02433434
 126.00518272 120.4582463  117.16558264]";1998-02-01;1998-03-22
71;8;DWT_catboost_normal;0.07838452123361568;57.142857142857146;0.07381172829619101;11.253522644759016;0.07377883263594157;8.300358476046778;[113.164124145187, 115.097317201473, 102.340873224618, 108.561283534982, 96.7517096265124, 131.141504471331, 105.786428195687, 117.030510257759];"[110.83116598 112.3565715  123.63660025 108.70980478 116.5752915
 121.26926626 112.34818875 113.40317521]";1998-03-29;1998-05-17
77;8;DWT_catboost_normal;0.11090351482244584;71.42857142857143;0.1049224713826285;17.358143039028075;0.10488613397919425;15.262172346755476;[150.078905839032, 153.274592319832, 131.91741188848, 133.732246186218, 113.834823776959, 173.066806943714, 156.299316149395, 146.133613887428];"[151.76130462 160.00878168 155.40473285 149.48423402 141.98710196
 151.68167525 167.63312256 159.70387943]";1998-03-29;1998-05-17
85;8;DWT_catboost_normal;0.14756430839184292;71.42857142857143;0.13685547043647867;16.518535563356178;0.13679112852916586;14.66025378571083;[94.0689110994213, 82.6670173592846, 105.35244608101, 127.630194634403, 104.839558127301, 92.8378264333964, 111.217780115728, 133.968963703314];"[111.26451789 112.35112919 114.57882913 116.90277375 112.85532451
 113.0589923  115.7649116  116.30451969]";1997-10-12;1997-11-30
65;8;DWT_catboost_normal;0.1725442561958118;28.571428571428573;0.1604895495616284;32.165378913543826;0.16044381114949663;28.374116537709824;[208.061546554445, 199.039978958443, 219.463440294582, 163.216728037875, 125.889315922757, 159.166228300894, 170.462914255655, 171.620199894792];"[175.29750376 183.50854287 182.46619848 184.69984024 189.65395279
 177.80800811 188.0273505  191.86644638]";1997-12-07;1998-01-25
88;8;DWT_catboost_normal;0.20473739566729976;57.142857142857146;0.23271652557058267;16.430432249762557;0.2325351610272631;14.994723765840536;[74.7764334560758, 67.1225670699632, 70.1998947922146, 64.0320883745397, 77.617043661231, 70.4629142556549, 71.0810099947397, 82.3908469226723];"[60.57429871 57.95934296 56.27832433 47.88496278 51.83303953 57.29865577
 67.32202785 58.57435647]";1998-02-01;1998-03-22
83;8;DWT_catboost_normal;0.10323648632739221;28.571428571428573;0.10865542416011424;18.882940045480197;0.10861426993328473;14.426970669193821;[129.642293529721, 133.153603366649, 149.894792214624, 117.438190426092, 108.153603366649, 164.62388216728, 122.514466070489, 134.402945817991];"[123.36262306 128.2962276  115.7845644  117.84923889 125.25362399
 130.55810189 131.58032076 124.87715858]";1998-03-29;1998-05-17
80;8;DWT_catboost_normal;0.17047694446849762;57.142857142857146;0.1501140141090522;12.159341769560598;0.14999835646443885;9.766455655044057;[60.9153077327723, 68.5560231457128, 54.1688584955287, 60.8232509205681, 51.4334560757496, 74.9605470804839, 58.3377169910573, 68.3587585481326];"[78.15158372 69.8343871  63.78157226 67.86321069 75.40458181 71.16727926
 70.27272956 71.62368417]";1998-03-29;1998-05-17
68;8;DWT_catboost_normal;0.15197487649484076;28.571428571428573;0.15666117755110937;24.04658267015612;0.1566064362314622;22.481745989732765;[121.67280378748, 174.381904260915, 154.95791688585, 160.718043135192, 130.35244608101, 125.650660053606, 129.287217254077, 162.098895318254];"[139.95821987 133.20274369 127.3091968  137.6834016  143.72113002
 147.04347039 141.57081244 139.43795513]";1997-10-12;1997-11-30
74;8;DWT_catboost_normal;0.19004662723153448;42.857142857142854;0.18200478231772854;27.550588963431665;0.18193436950364764;23.69045403604106;[138.466596528143, 143.648079957917, 175.381378221988, 119.345081536034, 108.824302998422, 107.3776959495, 107.916885849553, 109.547606522883];"[137.1320082  133.5504343  122.95488034 140.64248575 138.01246514
 136.94143447 130.54549825 132.53458966]";1997-12-07;1998-01-25
65;8;DWT_catboost_normal;0.16373224553545648;71.42857142857143;0.14939914471965565;29.848051782563704;0.14935729097659683;26.785875942226223;[152.62903907837, 146.015255128879, 150.678900352005, 167.648605996844, 178.39295107838, 169.969439643296, 187.66438716465, 212.26985796949];"[187.68581901 185.21243622 198.16550311 168.91752688 201.22422565
 189.2276133  213.55985451 188.97725067]";1997-10-12;1997-11-30
77;8;DWT_catboost_normal;0.05465219821591254;85.71428571428571;0.054704976039649536;9.223296190569139;0.054685479862209;7.706630407904722;[146.251972645976, 134.652814308259, 125.3287743293, 138.479747501315, 165.833771699106, 146.856917411889, 142.267227774855, 127.511835875855];"[146.18550276 137.56730854 129.79266898 131.36933959 151.62143583
 138.92183277 133.35255511 143.54751927]";1998-02-01;1998-03-22
90;8;DWT_catboost_normal;0.10962456041075576;57.142857142857146;0.10144273056665162;13.352123138699152;0.10138757736068169;9.43152954876055;[111.401893740137, 99.7106785902157, 96.0415570752236, 95.6601788532352, 67.1488690163072, 109.179379274066, 108.311415044713, 98.10625986323];"[ 95.10777225  98.16996886  94.58730281  91.92096466  98.08503213
  98.56953996 100.27579884  95.2639418 ]";1998-03-29;1998-05-17
83;8;DWT_catboost_normal;0.1397904516666984;14.285714285714286;0.1552478573768745;20.802967671311706;0.15517758562315478;17.185502194373285;[114.189900052604, 119.266175697002, 114.479221462388, 110.099947396107, 136.507101525513, 124.329300368227, 111.09942135718, 123.001052077854];"[104.76741435  87.99813384  97.64211047 104.36441408  97.19490932
 113.59836789 106.95936328 102.96338915]";1998-02-01;1998-03-22
80;8;DWT_catboost_normal;0.12257166156261365;71.42857142857143;0.12127295884016218;8.084416641845612;0.12117325094562412;7.415382213213007;[71.8306154655444, 66.6491320357706, 64.3608627038402, 48.1194108364019, 72.6459758022093, 67.4250394529195, 60.0473435034192, 59.9158337716991];"[74.18852288 55.6900659  55.32595434 59.89941196 69.65675742 60.29938798
 68.89806346 66.14141863]";1998-02-01;1998-03-22
71;8;DWT_catboost_normal;0.11154243035599061;28.571428571428573;0.10815234811261401;14.720294180471816;0.108104646703513;12.359371561337985;[111.204629142557, 102.301420305103, 146.317727511836, 111.099421357181, 128.840084166228, 110.086796422935, 103.730224335921, 91.3992635455024];"[117.83821467 118.51431328 128.97138683 110.71282317 108.00306522
 112.79375253 114.7718211  115.10924685]";1998-02-01;1998-03-22
77;8;DWT_catboost_normal;0.12372595038402381;57.142857142857146;0.11965635363353297;20.58049286652427;0.11961334296171766;16.771122230801097;[134.758022093635, 139.058390320884, 180.260389268806, 136.467648605997, 111.586007364545, 123.264071541294, 127.077853761178, 131.746449237243];"[139.80143141 139.45703734 141.00246226 148.0641074  141.41233289
 142.59997786 143.83801762 143.69658925]";1997-12-07;1998-01-25
74;8;DWT_catboost_normal;0.07717609224973207;57.142857142857146;0.07462581161698283;11.219143206571918;0.07459671089497727;9.588629275250142;[120.765386638611, 116.631030809659, 115.215675960021, 140.294581799053, 126.657022619674, 122.178803136194, 122.225144660705, 149.158337716991];"[126.7963198  128.47570204 135.15621217 139.25553366 131.85594764
 127.78337044 133.84249534 133.72533527]";1997-10-12;1997-11-30
86;8;DWT_catboost_normal;0.1384120154744954;57.142857142857146;0.151960570140537;22.802294219917584;0.15190212768435862;19.83020396816031;[151.394003156234, 149.842188321936, 126.43345607575, 128.971593897948, 127.288269331931, 152.998421883219, 144.923724355602, 139.584429247764];"[136.4290398  124.9689775  108.45178101 131.26718905 133.34836672
 118.53048226 122.31462062 104.19538264]";1998-03-29;1998-05-17
93;8;DWT_catboost_normal;0.13143565555853298;57.142857142857146;0.12806412453799232;18.291870349061014;0.12801421483103273;16.539384412537082;[136.743819042609, 152.958968963703, 116.017885323514, 115.005260389269, 100.302472382956, 153.905839032088, 144.397685428722, 124.066280904787];"[129.80309898 130.75375875 129.58945211 130.48815731 130.96900364
 130.71126753 130.52525333 130.44742735]";1998-03-29;1998-05-17
88;8;DWT_catboost_normal;0.644189449031231;42.857142857142854;0.38400366037391864;30.306025823642923;0.38368003077257956;23.168248477770387;[83.8900578642821, 76.0126249342452, 79.7211993687532, 31.3913729615992, 26.1309836927933, 43.2140978432404, 67.924776433456, 69.0150845538987];"[80.79188727 84.14210013 84.48712175 78.56947755 82.68685138 81.1820969
 82.4774086  82.11290071]";1997-12-07;1998-01-25
83;8;DWT_catboost_normal;0.32431872933561756;42.857142857142854;0.26741583786864337;33.67874400813671;0.2672970523468721;30.137303474533716;[107.259337190952, 81.0516842191901, 135.257759074172, 96.2914255654919, 108.258811152025, 100.289321409784, 85.9679116254603, 96.2388216728037];"[125.30694407 137.85898361 127.85189539 121.43556731 133.37716212
 124.9800164  134.04766185 132.0435416 ]";1997-12-07;1998-01-25
96;8;DWT_catboost_normal;0.15893123340303905;28.571428571428573;0.1754929724109871;18.90254243985146;0.17539484126196514;15.792994606936201;[77.5775907417149, 88.2430299842189, 121.60704892162, 96.9095213045766, 77.9589689637032, 94.8842714360862, 89.6238821672803, 97.8826933193055];"[84.40403295 80.86909674 82.71768272 80.82740107 82.90557679 75.59356625
 78.03020225 76.54159128]";1998-03-29;1998-05-17
80;8;DWT_catboost_normal;0.2952002356057582;42.857142857142854;0.2593146988444604;22.79061922532362;0.2591339310595973;18.876824009060236;[84.9815886375592, 77.2488164124145, 110.455023671752, 67.9510783798001, 54.1184911629039, 49.973698053656, 56.9963177275118, 59.4292477643346];"[85.8821725  73.99981159 71.7901832  75.57959424 83.72678053 77.69348584
 80.93400076 78.73513464]";1997-12-07;1998-01-25
77;8;DWT_catboost_normal;0.08723673926393238;71.42857142857143;0.09221008432530625;14.56079744947075;0.0921760490783336;12.513254501814183;[134.429247764334, 146.948974224093, 134.100473435034, 147.488164124145, 134.981588637559, 131.252974624884, 131.706996317728, 155.996843766439];"[140.16546479 131.58343542 123.30310555 129.2149938  137.02994967
 120.7057838  122.09685997 128.26879   ]";1997-10-12;1997-11-30
90;8;DWT_catboost_normal;0.1376846752348963;71.42857142857143;0.12565170369565737;15.783232642430141;0.1255877624638445;12.43798658753875;[99.6843766438716, 104.379274066281, 86.3492898474487, 77.590741714887, 107.732772225145, 91.7280378748027, 101.249342451341, 85.5733824302999];"[100.02399922 122.93566587 117.95076276  97.21074351  96.41661816
  93.5269171   93.87550533  94.47091563]";1998-02-01;1998-03-22
86;8;DWT_catboost_normal;0.0893325273399036;71.42857142857143;0.09486615770170329;17.04266778489005;0.09483131710040477;12.963035887283624;[162.151499210942, 129.458179905313, 122.470361106042, 124.263545502367, 144.64755391899, 118.437664387165, 117.661756970016, 153.8532351394];"[128.59163892 124.44047668 124.54137391 132.25738718 130.59875517
 124.13868333 124.12298066 125.00240743]";1998-02-01;1998-03-22
88;8;DWT_catboost_normal;0.2782717228123246;42.857142857142854;0.3315640457955405;24.61453591203758;0.33132117674803774;22.732949617290704;[86.599158337717, 71.1336138874277, 81.3256180957391, 86.5334034718569, 67.3066806943715, 88.0783297011598, 74.9342451341399, 84.7711730668068];"[70.27720733 49.01798421 49.70335782 54.65009583 59.31644444 52.553186
 63.30586492 59.99448489]";1997-10-12;1997-11-30
99;8;DWT_catboost_normal;0.06977291567215745;42.857142857142854;0.0719049861629004;8.982422652539764;0.0718684524457274;7.09268044460263;[98.5928458705945, 113.834823776959, 98.185165702262, 103.103629668596, 84.5476065228827, 102.617043661231, 100.13150973172, 103.734876380852];"[ 94.80982629  94.00873977  94.15524235 101.21724411  94.77003862
  95.00407126  97.87370676  96.6120528 ]";1998-03-29;1998-05-17
83;8;DWT_catboost_normal;0.14665820854271666;14.285714285714286;0.13161301142872378;20.14363399738562;0.1315604158458873;16.474589728169846;[120.725933719095, 110.849552866912, 119.187269857969, 126.906891109942, 134.179379274066, 116.839508028356, 101.459758022094, 125.946870068385];"[133.41155602 140.881497   137.33379817 129.65173863 132.01144634
 136.32973791 138.49742068 135.43882015]";1997-10-12;1997-11-30
71;8;DWT_catboost_normal;0.1554661263943518;85.71428571428571;0.17830189126814316;41.121356181014676;0.1782269008830204;22.446160583240466;[90.110468174645, 118.766438716465, 209.416096791163, 101.354550236718, 75.5917937927406, 96.528143082588, 108.600736454498, 100.184113624408];"[97.83902647 98.67776527 97.56356848 96.02189282 95.61119221 97.39131107
 97.89430616 97.20624313]";1997-12-07;1998-01-25
80;8;DWT_catboost_normal;0.05668156766154239;71.42857142857143;0.05827405052437215;4.9143009666554205;0.0582313564572675;4.017921540938919;[60.2840610205156, 56.3650710152552, 67.7012098895319, 81.6149395055234, 69.9237243556023, 75.4402444828535, 70.2656496580747, 76.2098895318253];"[57.38320921 60.8824699  67.58588418 73.77614539 65.02057401 67.14297548
 70.69799613 73.07165354]";1997-10-12;1997-11-30
93;8;DWT_catboost_normal;0.05331917376392006;57.142857142857146;0.05378830170155024;7.408875678109169;0.053767174315104055;6.850204720499262;[118.556023145713, 129.116254602841, 137.098895318254, 118.503419253025, 135.796948974224, 127.630194634403, 131.720147290899, 132.916885849553];"[124.95665148 122.99046762 130.4229287  128.49369622 123.16518628
 123.90777592 127.19416177 128.18807391]";1998-02-01;1998-03-22
96;8;DWT_catboost_normal;0.08903376922549022;71.42857142857143;0.07951889217721106;8.216924860956608;0.07945990567539805;5.401605061430068;[71.7122567069963, 51.6175697001578, 73.5270910047343, 73.7112046291426, 77.0910047343504, 69.621251972646, 71.0021041557074, 77.9458179905313];"[70.57371029 72.7081842  74.18547774 78.24076863 79.58995947 76.34832858
 74.2463008  74.62031716]";1998-02-01;1998-03-22
90;8;DWT_catboost_normal;0.24161886418149292;42.857142857142854;0.2365355569627103;31.232298775868696;0.23642421641121525;25.760743101081154;[97.9221462388217, 132.811678064177, 169.818516570226, 96.6070489216202, 89.4792214623881, 85.9416096791162, 74.8684902682799, 82.4385005624203];"[103.45613681 100.28442974 104.69979695 107.70367668 102.57383219
 104.36827614 108.40995084 109.18512133]";1997-12-07;1998-01-25
89;8;DWT_catboost_normal;0.16640958757324442;57.142857142857146;0.148393880735094;24.54901311835098;0.14833997271136107;20.50864003353867;[135.96791162546, 143.161493950552, 123.474487112046, 121.357180431352, 107.627564439769, 148.724355602314, 142.240925828511, 124.355602314571];"[144.0437918  165.79600721 163.62108986 138.72719557 144.56086153
 142.52006124 139.90418985 154.72338383]";1998-03-29;1998-05-17
102;8;DWT_catboost_normal;0.20587302671102775;57.142857142857146;0.2367793852817412;16.00660208222695;0.2365744565277025;13.743071917886652;[48.9229024943311, 56.859410430839, 78.3730158730159, 67.4036281179139, 51.3605442176871, 66.2273242630386, 61.9756235827664, 67.3611111111111];"[46.23787017 46.96638609 49.80621043 48.82841723 48.59894346 48.48504238
 50.23266011 49.38345488]";1998-03-29;1998-05-17
86;8;DWT_catboost_normal;0.14711999434448772;71.42857142857143;0.13321552741111375;22.66834705223925;0.13316677468863347;18.257031700921857;[154.905312993161, 116.964755391899, 140.018411362441, 121.870068385061, 118.332456601789, 114.676486059968, 124.395055234087, 145.423461336139];"[138.76526351 121.64655933 138.3081001  165.24369    146.61524666
 144.78856119 135.94686267 155.62725602]";1997-12-07;1998-01-25
71;8;DWT_catboost_normal;0.11722410000298594;42.857142857142854;0.10364942934053542;14.153620879225413;0.10359146711247368;9.366577393433902;[99.7238295633876, 113.847974750131, 102.801157285639, 97.0147290899527, 64.6896370331404, 95.8768567921645, 85.7180431351921, 96.357180431352];"[ 97.43406902  98.19009418  98.99910431  96.6808757   98.07587537
  99.2995475  100.16546888  97.94989732]";1997-10-12;1997-11-30
105;8;DWT_catboost_normal;0.0683992355143743;57.142857142857146;0.06581857219705627;10.753353644902798;0.06579445422095664;9.001935486113274;[119.557823129252, 143.707482993197, 130.768140589569, 126.176303854875, 144.883786848073, 150.297619047619, 130.059523809524, 137.315759637188];"[141.3724849  133.76745527 131.01711986 137.31046933 155.68218243
 144.7012474  136.81368644 143.04447944]";1998-03-29;1998-05-17
108;8;DWT_catboost_normal;0.08259084368721634;28.571428571428573;0.08653885100966452;18.066407226189103;0.0865169972758904;17.132258032525076;[206.306689342404, 212.103174603174, 207.298752834467, 199.418934240363, 195.3089569161, 206.986961451247, 207.723922902494, 211.295351473923];"[190.14608945 187.88238862 184.94393679 188.37006531 189.44571689
 188.83439368 189.97644432 189.78564445]";1998-03-29;1998-05-17
93;8;DWT_catboost_normal;0.10423433426385423;100.0;0.10438189421859762;17.66757392699388;0.10434097890645905;13.473775792608377;[133.968963703314, 151.814834297738, 160.783798001052, 125.046796291724, 97.2382956338768, 115.557601262493, 130.207785376118, 125.631246712257];"[122.43311678 128.95346697 129.00350156 124.99206069 123.49898293
 127.10649453 127.49352941 124.59712319]";1997-12-07;1998-01-25
96;8;DWT_catboost_normal;0.13682100000371283;71.42857142857143;0.1448604398285719;16.01270282692795;0.14477133620816734;11.974526792269828;[81.7332982640714, 92.3592845870595, 115.071015255129, 79.0132833775278, 82.8511309836928, 66.8200946870069, 65.9784324039979, 63.6112572330352];"[77.54018947 75.17723931 77.05044805 75.62736414 76.0364215  73.92406119
 74.48064453 74.20494294]";1997-12-07;1998-01-25
99;8;DWT_catboost_normal;0.07328843084902664;57.142857142857146;0.0777328359604669;9.504615280831903;0.07769205460945372;7.415106160439507;[102.524986849027, 99.4082062072593, 91.6228300894267, 85.652288269332, 108.232509205681, 92.0962651236192, 89.9000526038927, 100.644397685429];"[88.22273123 88.35336535 90.8215026  87.89450686 90.93096875 86.53490325
 89.58191761 92.90522828]";1998-02-01;1998-03-22
90;8;DWT_catboost_normal;0.16586935491797272;28.571428571428573;0.14290278675117443;20.680731373666674;0.14283501418384417;15.067309002890726;[89.7685428721726, 98.4744871120463, 112.585481325618, 112.66438716465, 83.955812730142, 92.4444527942686, 107.469752761704, 120.844292477643];"[119.55713072 112.79495004 108.62442125 113.05408671 125.34130933
 116.48705753 110.38116907 117.10514849]";1997-10-12;1997-11-30
86;8;DWT_catboost_normal;0.131296456840851;42.857142857142854;0.12890365830953318;22.586389623642265;0.12885643261239305;17.74854725007476;[119.292477643346, 132.469752761704, 140.807469752762, 160.915307732772, 104.089952656497, 143.167756318729, 137.756443976854, 176.643871646502];"[130.59206884 135.2838539  132.44118192 125.20051349 144.22309558
 137.00787687 130.14748794 146.75224646]";1997-10-12;1997-11-30
108;8;DWT_catboost_normal;0.06429864897659773;57.142857142857146;0.0660374844771458;14.482560806369722;0.0660192261503516;11.9700909537164;[185.756802721088, 174.433106575964, 192.375283446712, 181.958616780045, 186.054421768707, 176.814058956916, 190.915532879819, 201.24716553288];"[195.66564523 157.72369847 189.66047704 184.00124931 181.93874565
 193.13160627 164.47071104 183.74017272]";1998-02-01;1998-03-22
93;8;DWT_catboost_normal;0.32002486256157625;42.857142857142854;0.26036828620971486;48.62651957713232;0.2602839538235966;40.358244481400874;[119.792214623882, 132.706470278801, 130.35244608101, 129.011046817464, 129.260915307733, 128.136193983117, 132.298790110468, 116.38611257233];"[115.68329916 139.17631788 178.50734733 208.97291031 168.41150686
 153.5506254  171.93490639 196.35540137]";1997-10-12;1997-11-30
105;8;DWT_catboost_normal;0.08310619381774559;14.285714285714286;0.08041670064631717;12.587353557769699;0.08038685793312939;10.836310252245433;[141.383219954649, 138.378684807256, 133.602607709751, 128.202947845805, 145.393990929705, 119.37358276644, 129.931972789116, 135.728458049887];"[131.4032961  126.76890692 142.414532   143.65174568 137.16133904
 143.55893818 137.92830706 135.30274146]";1998-02-01;1998-03-22
91;8;DWT_catboost_normal;0.22043641598264002;71.42857142857143;0.2541449352551836;30.340543519633293;0.2540262805542576;27.39927711242541;[117.674907943188, 137.006838506049, 120.476065228827, 119.687006838506, 91.9647553918989, 121.580746975276, 133.100999473961, 128.866386112572];"[ 71.27357352  87.93791357  96.91110925  95.80859306  98.88315941
 102.57713394 107.19192739 104.41688746]";1998-03-29;1998-05-17
108;8;DWT_catboost_normal;0.1756014580828732;71.42857142857143;0.1712091993753984;40.06980567324426;0.17116590004632848;34.18551718059615;[217.800453514739, 205.017006802721, 272.17970521542, 178.883219954648, 164.016439909297, 163.463718820862, 176.147959183673, 161.380385487528];"[206.1733975  175.97458051 195.18818866 206.17070382 221.64641832
 195.10371162 202.87173717 173.92229101]";1997-12-07;1998-01-25
96;8;DWT_catboost_normal;0.45199124827177545;57.142857142857146;0.36000185678549823;34.612485198507756;0.35980501797329334;32.97040545249581;[69.9237243556024, 79.6817464492372, 80.8258811152025, 90.2945817990531, 66.5570752235666, 77.2945317001077, 64.9526564965807, 76.6307206733299];"[ 99.24060467 107.35998351 107.53470747 103.39418878 112.29557193
 118.25438176 111.52562832 110.31909499]";1997-10-12;1997-11-30
89;8;DWT_catboost_normal;0.09726282338339584;42.857142857142854;0.09694666372237759;17.83226989665963;0.09691264542545766;13.902372101974523;[160.270910047344, 159.245134139926, 142.859021567596, 131.891109942136, 170.528669121515, 145.476065228827, 138.006312467123, 112.321239209343];"[139.75557193 145.07499549 146.10506726 133.88340857 140.26912532
 139.52432535 142.48611686 142.92530687]";1998-02-01;1998-03-22
91;8;DWT_catboost_normal;0.16767440605969902;42.857142857142854;0.1458201503087842;19.38744269258455;0.1457492256691914;15.063131547410807;[119.213571804314, 94.8053655970542, 106.536033666491, 102.511835875855, 111.244082062073, 72.6854287217254, 106.667543398211, 97.9352972119938];"[105.41163907 102.39803376 113.07824517 116.93655067 114.08088839
 117.20469567 117.36966033 118.0206322 ]";1998-02-01;1998-03-22
99;8;DWT_catboost_normal;0.13059938690690706;42.857142857142854;0.1242981856871197;13.800900582317173;0.1242342763181902;12.107472454373902;[108.324566017885, 100.591793792741, 115.491846396633, 90.3997895844293, 83.2719621251973, 93.3982114676486, 90.9737803590663, 84.5344555497107];"[108.87182276  95.49215938  95.78924233 101.9743724  104.59753814
 102.30551754 105.80965973  99.40139569]";1997-12-07;1998-01-25
102;8;DWT_catboost_normal;0.22376791647384095;28.571428571428573;0.24963074032556737;10.856016494036396;0.24931434988967718;9.871261226057365;[37.8968253968254, 32.0294784580499, 37.65589569161, 48.483560090703, 47.3639455782313, 43.28231292517, 46.2301587301587, 49.0504535147392];"[40.49052951 39.31764005 31.21001992 32.0652478  34.07467404 36.48265395
 35.10011581 34.0453909 ]";1998-02-01;1998-03-22
105;8;DWT_catboost_normal;0.20397060558054106;42.857142857142854;0.21248335160062154;40.285198642545566;0.21241509937668682;33.33960649883005;[194.968820861678, 161.068594104308, 211.607142857143, 168.735827664399, 125.907029478458, 152.403235974383, 122.293083900227, 128.458049886621];"[155.25221385 130.97862005 130.49911758 157.34482992 175.62333773
 126.56585109 125.84907795 153.75961061]";1997-12-07;1998-01-25
94;8;DWT_catboost_normal;0.18684783591984835;42.857142857142854;0.21117788746303756;35.33447251922342;0.21110569217996203;30.99831283773083;[169.673855865334, 177.143608627039, 142.122567069963, 144.568648079958, 145.002630194634, 181.430825881115, 168.187795896896, 149.684376643872];"[125.68995562 132.0339131  150.00382489 150.36080165 111.51935796
 127.13613636 129.36107841 131.06956035]";1998-03-29;1998-05-17
99;8;DWT_catboost_normal;0.2156266453554582;100.0;0.19247241837416784;21.934659214259568;0.19238315099224212;20.85744751219376;[86.6386112572331, 88.0194634402946, 94.3582325092057, 110.70489216202, 100.013150973172, 103.451817339245, 92.5960021041556, 116.701735928459];"[104.81207147 106.3705826  118.8719184  127.34827028 121.71084352
 130.38715023 124.82308451 125.01956481]";1997-10-12;1997-11-30
91;8;DWT_catboost_normal;0.19344679128484377;57.142857142857146;0.18882661054536168;29.16134328929151;0.1887520245295929;24.411653391232157;[140.057864281957, 144.805365597054, 187.375065754866, 132.101525512888, 111.914781693845, 102.630194634403, 89.1767490794318, 110.783798001052];"[132.7373982  127.19147126 125.37308043 141.16702264 138.60815368
 127.18454717 117.84909843 130.15510839]";1997-12-07;1998-01-25
108;8;DWT_catboost_normal;0.10732313329619605;42.857142857142854;0.1030523103753882;23.416648608812263;0.10302556358750077;19.942833558714263;[182.355442176871, 158.517573696145, 190.702947845805, 185.997732426304, 190.065192743764, 173.497732426304, 209.311224489796, 235.515873015873];"[197.29353504 200.27772842 200.39715036 199.27744844 198.24788521
 198.81479944 199.65908364 198.79727099]";1997-10-12;1997-11-30
105;8;DWT_catboost_normal;0.11530034738998286;71.42857142857143;0.11097957055206065;16.812353656418125;0.11093760778460132;14.884632917110915;[135.997732426304, 114.923469387755, 135.643424036281, 163.775510204082, 144.52947845805, 100.595238095238, 136.437074829932, 170.195578231292];"[132.10955832 130.06084834 154.68036702 161.93936882 126.00666707
 126.7723828  149.90223741 149.182271  ]";1997-10-12;1997-11-30
89;8;DWT_catboost_normal;0.1730067719857802;57.142857142857146;0.16194113047653375;27.531289339538137;0.16188470866083154;23.509714599880326;[149.342451341399, 151.814834297738, 195.647027880063, 141.32035770647, 111.980536559705, 115.518148342977, 122.356654392425, 139.018937401368];"[150.15546983 158.92474491 149.50806084 164.61192613 143.71203649
 147.10999897 156.37471204 152.40178143]";1997-12-07;1998-01-25
102;8;DWT_catboost_normal;0.2509382702427225;28.571428571428573;0.2873968741295844;12.380614269558912;0.2869921430422554;10.498144657504078;[39.7534013605442, 39.8242630385488, 46.1026077097506, 46.3577097505669, 48.8520408163265, 33.6592970521542, 33.6451247165533, 33.531746031746];"[52.40111899 39.21418052 32.56101544 29.82816819 28.75404207 37.20314541
 30.04031038 20.12218419]";1997-12-07;1998-01-25
94;8;DWT_catboost_normal;0.2487900254923668;42.857142857142854;0.20654007342357272;37.542113156596784;0.20646655430931973;29.417744869378286;[150.736454497633, 116.296292320189, 168.740136770121, 148.264071541294, 116.938453445555, 95.1232255132457, 136.125723303524, 144.529195160442];"[150.36936044 185.51286464 185.53413523 186.48197378 149.31060983
 153.21691278 118.46601843 141.9083518 ]";1998-02-01;1998-03-22
100;8;DWT_catboost_normal;0.13912621899943525;28.571428571428573;0.12445349429029995;24.179034592074125;0.12441179697245033;18.628228380156468;[158.545918367347, 132.440476190476, 115.30612244898, 137.996031746032, 157.667233560091, 176.459750566893, 165.320294784581, 153.018707482993];"[160.05414613 162.45075586 167.57164426 162.03854648 167.53939958
 162.43379079 153.46545662 158.4650266 ]";1998-03-29;1998-05-17
97;8;DWT_catboost_normal;0.16279703525997596;28.571428571428573;0.15643678420883766;23.327849486117483;0.1563787687937083;21.269896552588957;[142.175170962651, 159.363492898474, 152.880063124671, 153.248290373487, 100.486586007364, 110.547080483956, 160.494476591268, 158.74539715939];"[137.99980173 136.9395229  136.56043415 136.95151474 140.40062832
 138.26022873 137.8294884  138.09414733]";1998-03-29;1998-05-17
91;8;DWT_catboost_normal;0.18094563885979253;71.42857142857143;0.1615329693230904;23.976217010276443;0.16147190540885403;21.413708357842776;[132.18043135192, 104.642293529721, 133.258811152025, 136.178327196213, 127.235665439242, 116.760602189324, 111.941083640189, 137.743293003682];"[140.3895639  141.94661497 148.66668534 148.92599933 145.56595586
 144.18204515 150.25078569 151.32252412]";1997-10-12;1997-11-30
102;8;DWT_catboost_normal;0.36835319188629023;71.42857142857143;0.2895069856818002;19.363908847373324;0.2892531316785876;16.575805274933963;[54.5918367346939, 53.188775510204, 66.7800453514739, 63.6479591836734, 41.6950113378685, 54.577664399093, 40.5895691609977, 39.3849206349206];"[62.50458381 70.22832695 73.46902127 66.58809089 65.13539459 68.28671478
 72.25902763 68.5910646 ]";1997-10-12;1997-11-30
106;8;DWT_catboost_normal;0.1843077673191013;57.142857142857146;0.15863843488662566;23.06527199695929;0.15856771029805078;17.928021022262275;[127.437641723356, 132.681405895692, 99.68820861678, 128.713151927438, 81.2500000000001, 136.210317460317, 120.082199546485, 90.3486394557823];"[141.52960173 122.98721412 114.82339403 120.77264636 132.41636151
 123.81491931 123.25568788 120.17571688]";1998-03-29;1998-05-17
94;8;DWT_catboost_normal;0.19245907259625367;57.142857142857146;0.21783406894935742;47.41800678746999;0.2177663606471132;35.74043257051566;[146.159915833772, 185.126249342451, 247.106785902157, 186.401893740137, 170.94950026302, 127.152107555279, 129.287217254077, 117.6965578446];"[142.04329476 148.40451476 141.826414   128.23148613 132.36922731
 137.23998078 142.53252837 137.41742595]";1997-12-07;1998-01-25
89;8;DWT_catboost_normal;0.13640343130606608;42.857142857142854;0.1320468741683658;22.07174636662412;0.13199937805214806;18.517030518973517;[120.397159389795, 108.206207259337, 140.268279852709, 163.453445554971, 125.775907417149, 146.560707397109, 133.784850078906, 177.893214097843];"[143.22967661 138.38907274 140.97648446 137.66152936 148.88580452
 145.16329455 143.79530658 143.7902399 ]";1997-10-12;1997-11-30
97;8;DWT_catboost_normal;0.16096220726284635;57.142857142857146;0.1768180090841337;22.781548671110627;0.1767447931998359;21.366772280495823;[129.445028932141, 121.751709626512, 134.113624408206, 121.554445028932, 137.112046291426, 127.248816412414, 130.970541820095, 144.042609153077];"[114.75425783 108.43449885 102.44307297 109.97348889 113.98290596
 109.04591303 106.96872147 109.70178443]";1998-02-01;1998-03-22
100;8;DWT_catboost_normal;0.7139042860719007;28.571428571428573;1.1364553313025345;123.51161546846355;1.1359199790622068;121.65390987756052;[178.160430839002, 165.802154195011, 168.636621315193, 156.023242630385, 181.831065759637, 166.737528344671, 176.24716553288, 167.587868480726];"[61.63011558 75.33565436 17.97947987 67.747141   61.34559491 38.95271522
 34.24494492 30.55915221]";1998-02-01;1998-03-22
109;8;DWT_catboost_normal;0.33732218834245703;57.142857142857146;0.41345796753473846;93.22590418248356;0.41334661919280236;78.76251643484902;[165.802154195011, 202.18253968254, 321.102607709751, 254.393424036281, 117.672902494331, 259.325396825397, 188.577097505669, 194.571995464853];"[135.93717248 136.91491502 140.37122087 144.96276086 144.09162875
 140.83951971 140.96388586 142.28433539]";1998-03-29;1998-05-17
103;8;DWT_catboost_normal;0.09736140030023822;57.142857142857146;0.0980496467812888;18.549641564634992;0.0980211131127666;16.921951679365897;[193.43820861678, 180.612244897959, 184.169501133787, 172.987528344671, 141.87925170068, 187.65589569161, 182.553854875283, 184.396258503401];"[176.11091457 159.46780166 201.8991766  160.13007476 168.90896134
 161.47433171 172.55298089 181.291659  ]";1998-03-29;1998-05-17
97;8;DWT_catboost_normal;0.19647541639182126;28.571428571428573;0.19281264244604435;31.676061478095818;0.19274703673401386;28.626957768319727;[159.00841662283, 168.043135192004, 205.457653866386, 129.563387690689, 125.052603892688, 132.732772225145, 119.279326670174, 117.690295476423];"[143.66691945 143.67718427 143.30821912 151.02314626 154.5188133
 151.48296993 146.81739949 147.63483627]";1997-12-07;1998-01-25
94;8;DWT_catboost_normal;0.31922423003277567;85.71428571428571;0.2625393032317059;45.75105628170183;0.2624541799036374;40.62973837995068;[165.610205155181, 157.035770647028, 179.944765912677, 136.941083640189, 110.44187269858, 117.891585882117, 122.907929172019, 137.258943556381];"[183.14819209 169.98779096 195.58039351 182.55320088 182.27455534
 177.66180384 178.30739583 183.55673124]";1997-10-12;1997-11-30
106;8;DWT_catboost_normal;0.13418226276588785;71.42857142857143;0.12298229878930846;16.66436822354601;0.12292779547340829;14.005628653640402;[135.459183673469, 84.7222222222222, 104.010770975057, 107.213718820862, 123.75283446712, 108.616780045352, 110.714285714286, 120.861678004535];"[123.56428324 107.156351   136.0310429  124.60904924 122.26463831
 118.33291801 121.0200806  127.65194668]";1998-02-01;1998-03-22
100;8;DWT_catboost_normal;0.39646356218215323;28.571428571428573;0.29236886536184503;43.403822885060414;0.29224107738544347;34.17153902397858;[117.545351473923, 168.168934240363, 156.802721088435, 67.4603174603174, 69.6003401360544, 96.1309523809524, 126.941609977324, 125.31179138322];"[160.57958468 140.79269861 148.90999303 127.6976573  147.82808753
 147.47467645 122.15448172 124.83861566]";1997-12-07;1998-01-25
92;8;DWT_catboost_normal;0.10135451943660562;42.857142857142854;0.09620196645868262;22.908248009051054;0.09617693284785245;18.582725276788796;[197.172540768017, 184.192530247238, 153.748027354024, 182.667017359285, 183.232509205681, 232.877432930037, 213.295633876907, 206.891109942136];"[196.19149193 201.98161289 201.58564985 199.23953732 196.86761996
 205.07341733 195.36663813 200.77770378]";1998-03-29;1998-05-17
109;8;DWT_catboost_normal;0.18692408290646104;42.857142857142854;0.2140295456345843;29.251304011226413;0.21393560090465644;24.641292507877054;[109.410430839002, 105.045351473923, 134.679705215419, 154.237528344671, 125.850340136054, 119.246031746032, 132.596371882086, 136.465419501134];"[ 82.4168107   93.100525    91.20234001 107.17408479 119.7596024
 118.18279812 102.765527   105.79915105]";1998-02-01;1998-03-22
106;8;DWT_catboost_normal;0.21744838731880306;42.857142857142854;0.23144618539644712;47.486611269719816;0.23136127958954625;32.55765514045511;[141.213151927438, 159.155328798186, 229.931972789116, 132.780612244898, 104.081632653061, 93.5941043083899, 104.84693877551, 122.307256235828];"[132.3975454  111.01783776 115.48285221 127.39981666 139.25993179
 125.95751336 120.06510302 123.22561119]";1997-12-07;1998-01-25
103;8;DWT_catboost_normal;0.1510576922287503;57.142857142857146;0.1295193245695734;31.615990160482323;0.12948187778660614;22.53032160997425;[198.001700680272, 185.430839002268, 181.391723356009, 189.413265306122, 121.176757131048, 165.787981859411, 169.600340136054, 180.357142857143];"[175.55892208 188.72588459 202.98259469 203.58844329 200.11868703
 175.21438068 188.85152102 191.47633262]";1998-02-01;1998-03-22
95;8;DWT_catboost_normal;0.046045606509161646;100.0;0.047516177210458824;9.979901622260995;0.04750131080329181;7.601531725154416;[154.589689637033, 164.308258811152, 165.281430825881, 160.849552866912, 157.482903734877, 178.143082588111, 147.356654392425, 153.406102051552];"[149.57462243 154.28636008 167.53184314 155.2973158  153.35977071
 154.32914415 153.02491981 157.77340366]";1998-03-29;1998-05-17
100;8;DWT_catboost_normal;0.1601836569742562;71.42857142857143;0.17663835315180743;29.538122058874766;0.176580846760307;27.174259164999416;[179.024943310658, 164.044784580499, 173.611111111111, 178.75566893424, 163.392857142857, 130.045351473923, 159.452947845805, 169.005102040816];"[137.23790329 138.90084122 144.79996444 145.80905935 140.66261333
 125.38166458 140.3754879  126.77115901]";1997-10-12;1997-11-30
92;8;DWT_catboost_normal;0.14366811500419363;85.71428571428571;0.16114838862292774;36.977547611456735;0.16110246708471782;28.416359147887533;[201.933193056286, 201.104681746449, 203.037874802735, 174.079431877959, 219.923724355602, 154.052736297044, 182.930036822725, 175.486586007365];"[178.0337355  129.32675532 144.56804851 173.73526387 183.53472129
 170.5516512  192.12738503 186.24081473]";1998-02-01;1998-03-22
97;8;DWT_catboost_normal;0.05559430778345404;71.42857142857143;0.053595353530242994;9.431030116574508;0.053576924556475676;7.796241384096138;[138.295633876907, 142.438190426091, 155.128879537086, 152.748553392951, 148.816412414519, 134.093584830039, 136.296685954761, 157.167280378748];"[148.68487024 149.43110566 152.21077341 150.70930603 151.36213322
 151.09685408 150.82151381 151.21067229]";1997-10-12;1997-11-30
103;8;DWT_catboost_normal;0.1188870817116477;57.142857142857146;0.12420875391117774;32.01509829591977;0.12417641091088649;24.149072358686716;[191.695011337868, 180.442176870748, 258.333333333333, 218.735827664399, 167.729591836735, 156.746031746032, 159.297052154195, 183.149092970522];"[172.06890695 173.92091696 185.94916947 183.29107094 178.17900312
 179.5598477  184.71910998 183.68010189]";1997-12-07;1998-01-25
109;8;DWT_catboost_normal;0.2773957201742338;71.42857142857143;0.2241007482783919;35.30364187993853;0.22400972294556096;27.888528516535672;[125.368480725623, 121.485260770975, 135.303287981859, 152.140022675737, 180.853174603175, 94.4727891156464, 83.2482993197278, 96.641156462585];"[138.9406347  140.75980275 134.48590949 155.67579135 157.44890846
 145.46724098 143.27508954 148.12403324]";1997-12-07;1998-01-25
106;8;DWT_catboost_normal;0.1604515923024369;57.142857142857146;0.14114357746603368;21.59166438683914;0.14108479292444748;17.006396935619147;[124.390589569161, 99.1780045351475, 133.064058956916, 141.950113378685, 117.446145124717, 92.2902494331066, 116.057256235828, 133.815192743764];"[131.14464252 130.94490369 135.42345618 131.1917964  133.52343579
 135.02764734 137.25110104 138.21916855]";1997-10-12;1997-11-30
92;8;DWT_catboost_normal;0.2773202494036712;14.285714285714286;0.21076300664922237;45.29790558563777;0.21069408227556696;32.63534164802398;[200.920568122041, 185.849552866912, 172.830089426618, 87.6929256710575, 119.936875328774, 162.914255654918, 183.74539715939, 174.883877801515];"[171.41424869 168.34439309 185.21425915 187.57422649 187.55677168
 182.85379952 180.92290251 186.30772636]";1997-12-07;1998-01-25
95;8;DWT_catboost_normal;0.10387100949450737;57.142857142857146;0.11051709647291251;16.665467636216924;0.11047717740979549;15.310171729068433;[140.084166228301, 138.940031562336, 152.880063124671, 142.122567069963, 144.160967911626, 139.150447133088, 146.34402945818, 158.74539715939];"[127.37520489 124.03748498 126.43896033 130.26874961 130.270068
 133.24352722 134.83030103 133.48199976]";1998-02-01;1998-03-22
103;8;DWT_catboost_normal;0.09651032426032889;42.857142857142854;0.09066875562210802;20.666627510488773;0.0906426927902631;15.81772191135083;[170.606575963719, 139.625850340136, 188.194444444444, 188.492063492063, 169.359410430839, 164.980158730159, 191.340702947846, 196.301020408163];"[170.40857993 187.27710413 175.38646463 178.44253165 188.93724789
 171.55829049 179.1630346  178.79964416]";1997-10-12;1997-11-30
92;8;DWT_catboost_normal;0.18312352237125484;85.71428571428571;0.16163516760240482;36.28273672608347;0.16159334231372616;31.565778994551927;[185.981062598632, 153.605603209195, 217.148869016307, 243.34560757496, 207.193582325092, 175.519150321886, 146.234169627872, 190.123619147817];"[198.68491812 196.00854929 227.30491421 262.249521   229.62841823
 211.00407193 212.64840331 234.1490997 ]";1997-10-12;1997-11-30
109;8;DWT_catboost_normal;0.5046211273646735;57.142857142857146;0.36769814505657056;78.4135626282335;0.36759587199937155;66.31478608179367;[176.856575963719, 136.337868480726, 223.993764172336, 228.75566893424, 162.981859410431, 110.912698412698, 126.587301587301, 124.518140589569];"[231.39838959 218.06633748 227.33409073 230.11937252 227.52548124
 227.91576627 226.39712949 232.70559888]";1997-10-12;1997-11-30
98;8;DWT_catboost_normal;0.12482487488820926;57.142857142857146;0.12765846273857653;18.621354959679127;0.1276051388466479;15.339565510859025;[116.307206733298, 129.839558127302, 117.385586533403, 118.069437138348, 96.0678590215675, 147.093634928985, 131.233561283535, 130.15518148343];"[116.51109179 110.57604627 109.87254992 118.76918914 123.72019735
 117.91374702 112.33678763 110.84784282]";1998-03-29;1998-05-17
101;8;DWT_catboost_normal;0.14181858900650468;14.285714285714286;0.16225414039230573;29.261845122382947;0.16219276972828486;21.545872981937165;[159.736394557823, 159.410430839002, 126.899092970521, 156.505102040816, 141.468253968254, 150.297619047619, 131.079931972789, 133.886054421769];"[146.60899981 123.42527209 127.07440996  89.66148799 130.02758085
 126.74496465 143.01508763 124.57903828]";1998-03-29;1998-05-17
107;8;DWT_catboost_normal;0.17502929726785188;42.857142857142854;0.18759096915576612;20.89778969154016;0.18749999523068253;19.45391970048075;[102.111678004535, 114.980158730159, 120.734126984127, 108.262471655329, 80.3146258503402, 132.8089569161, 115.008503401361, 105.243764172336];"[ 96.73244791  95.65032537  91.80548896  91.3456894   98.49927984
 102.68324798  91.429549    92.05620764]";1998-03-29;1998-05-17
95;8;DWT_catboost_normal;0.1978883140099878;57.142857142857146;0.1775293810331922;33.12898798617761;0.17747145954020288;27.476494377627144;[154.721199368753, 161.533403471857, 214.334560757496, 150.460284061021, 132.035770647028, 128.642819568648, 131.772751183588, 116.249950795679];"[153.37653441 161.3929327  170.00480304 165.37142847 162.97676122
 168.28893444 167.48511725 169.03639645]";1997-12-07;1998-01-25
110;8;DWT_catboost_normal;0.09755185018396112;14.285714285714286;0.10424034245579704;14.934516705130292;0.10419412615953463;11.761410281453307;[119.187269857969, 118.621778011573, 120.449763282483, 131.614939505523, 99.8290373487638, 120.620725933719, 105.247238295634, 109.481851657023];"[110.32053193 109.08372762 107.29083112  98.03244251 109.41019476
 106.22792469 106.62013377 105.88364102]";1998-03-29;1998-05-17
104;8;DWT_catboost_normal;0.039195933499894774;57.142857142857146;0.03893658127351053;5.347810522293015;0.03891925122014499;4.3789020711926465;[109.708049886621, 121.017573696145, 117.743764172336, 107.851473922902, 102.239229024943, 114.073129251701, 115.036848072562, 120.833333333333];"[108.3492652  115.72018132 116.32481317 113.40925077 112.05777956
 110.48795858 115.51508588 113.31698069]";1998-03-29;1998-05-17
98;8;DWT_catboost_normal;0.0953131671375747;42.857142857142854;0.10192812887300542;13.536256404030876;0.10188211108301158;11.297871349799674;[126.459758022094, 104.997369805366, 111.822724881641, 100.3287743293, 119.082062072593, 112.980010520779, 115.912677538138, 122.501315097317];"[107.13301811 107.59917818 109.2108996  103.68705371  97.10936489
 101.31668541 105.5199869  104.0457102 ]";1998-02-01;1998-03-22
107;8;DWT_catboost_normal;0.21877701930383534;85.71428571428571;0.24448686776462442;25.647513378102374;0.24435776701623252;23.373105157590793;[124.263038548753, 108.106575963719, 106.264172335601, 113.647959183673, 119.982993197279, 104.109977324263, 71.5986394557823, 86.9472789115646];"[92.21833405 81.61385219 66.40520698 90.38849894 90.35580163 88.30081455
 87.8033063  90.63524511]";1998-02-01;1998-03-22
95;8;DWT_catboost_normal;0.1691913907187066;57.142857142857146;0.15341075265697704;27.14846706723938;0.15336402421431297;25.231116695950405;[151.446607048922, 136.730668069437, 173.10625986323, 158.285113098369, 156.877958968964, 135.369229227725, 162.611783271962, 162.20410310363];"[169.68343798 179.11230639 189.8000113  182.54654213 177.26218889
 177.2881622  179.78458534 183.00342199]";1997-10-12;1997-11-30
110;8;DWT_catboost_normal;0.08205498480954852;57.142857142857146;0.0778496109751646;12.11833519679638;0.0778151748495697;8.815136623117771;[120.213045765387, 104.168858495529, 120.502367175171, 99.4871120462915, 126.82798527091, 108.627038400842, 98.844950920926, 107.088374539716];"[112.95930452 101.87123489 122.33598263 106.77068379 113.34053806
 116.96065092 127.24386609 108.72094058]";1998-02-01;1998-03-22
98;8;DWT_catboost_normal;0.18160622341806876;42.857142857142854;0.17276602196061003;21.861045309082293;0.17268866102654246;19.373250558839665;[116.885849552867, 120.370857443451, 145.213045765387, 97.0673329826407, 93.8979484481852, 97.9221462388217, 99.7369805365597, 95.1031859350789];"[115.09204282 107.34536139 108.8718899  120.69750605 118.92844352
 110.84460103 114.31717637 122.76541298]";1997-12-07;1998-01-25
107;8;DWT_catboost_normal;0.11720963281795216;28.571428571428573;0.12574006136006138;17.300152236513778;0.12568151282408677;13.631965515443838;[119.869614512472, 127.040816326531, 137.65589569161, 112.372448979592, 101.955782312925, 98.6961451247164, 91.312358276644, 95.3798185941043];"[113.86387073 108.55463349 106.25661859  83.65055522 106.15062952
 100.82407766 103.48701889 101.32500487]";1997-12-07;1998-01-25
104;8;DWT_catboost_normal;0.08970588406056643;71.42857142857143;0.09414234034019998;15.845372047341323;0.09410341498742253;11.450118014738353;[147.477324263038, 121.173469387755, 113.151927437642, 118.806689342404, 139.512471655329, 110.728458049887, 100.439342403628, 112.259070294785];"[110.91257598 113.93170941 106.82112581 117.19225416 121.7556569
 117.06989375 115.2765945  113.17276679]";1998-02-01;1998-03-22
101;8;DWT_catboost_normal;0.42730399591048834;42.857142857142854;0.32282912412752657;58.487581524172384;0.3227267954286127;51.282975744258536;[151.686507936508, 137.301587301587, 146.584467120181, 130.654761904762, 142.602040816327, 85.1615646258504, 157.993197278912, 140.646258503401];"[156.61292794 174.1844799  199.99531288 183.8896774  195.29665979
 196.94914003 194.70504088 201.26095262]";1998-02-01;1998-03-22
110;8;DWT_catboost_normal;0.10575113291943954;71.42857142857143;0.11179688188317516;16.882460734058565;0.11174721142040221;12.75260736085296;[108.534981588638, 114.742240925828, 151.196738558653, 124.105733824303, 93.0168332456601, 95.0420831141505, 95.2788006312467, 102.774855339295];"[ 98.44429565 106.86706006 112.69013896 103.39000841 100.92319621
 103.81965731 103.33076863 102.87161726]";1997-12-07;1998-01-25
98;8;DWT_catboost_normal;0.31464521337112095;42.857142857142854;0.26055057602342;39.342554808553636;0.26044852360135007;33.71882183623642;[94.0163072067333, 111.401893740137, 99.6843766438717, 117.977380326144, 107.653866386112, 96.258235014153, 106.404523934771, 123.513940031562];"[124.60729758 111.48043418 149.50643311 169.89528668 138.00615593
 138.14809205 111.80427164 183.21312681]";1997-10-12;1997-11-30
101;8;DWT_catboost_normal;1.1917655568212084;42.857142857142854;0.6386990034377288;214.95888150431028;0.6385860516117197;181.65207113797584;[210.246598639456, 241.992630385488, 305.442176870748, 201.842403628118, 152.140022675737, 140.334467120181, 143.197278911565, 132.582199546485];"[260.9191585  358.09300173 327.90499735 321.09942303 354.79242471
 436.55919885 438.65516213 482.97098058]";1997-12-07;1998-01-25
107;8;DWT_catboost_normal;0.1741659489081831;42.857142857142854;0.16030082412134752;23.097869895355604;0.1602397033048799;21.130845895864333;[127.820294784581, 115.532879818594, 131.618480725624, 170.436507936508, 126.516439909297, 115.051020408163, 108.531746031746, 110.445011337869];"[135.28484664 140.15225046 145.74703476 143.8079714  134.49340762
 139.37773189 140.93351256 141.9453197 ]";1997-10-12;1997-11-30
110;8;DWT_catboost_normal;0.12573901193915463;71.42857142857143;0.11675026650080944;14.30300314333556;0.11669451094010601;12.272496147112614;[95.8837453971595, 84.4423987375066, 107.285639137296, 109.771173066807, 94.7418472912574, 106.174068785852, 119.568648079958, 100.252105050332];"[116.68810976 108.32533804 124.4534911  103.79179527 106.70513725
 107.28079445 108.7702082  106.7290853 ]";1997-10-12;1997-11-30
104;8;DWT_catboost_normal;0.1415189284930206;57.142857142857146;0.1462556366916361;21.84020737190627;0.14619337514959302;17.444466467986054;[124.957482993197, 117.715419501134, 166.666666666667, 103.954081632653, 90.9863945578231, 102.536848072562, 105.47052154195, 121.329365079365];"[105.90386889 108.01316936 116.20999765 114.92726675 110.69346705
 114.77113821 113.050902   111.48109479]";1997-12-07;1998-01-25
101;8;DWT_catboost_normal;0.16420822582591604;85.71428571428571;0.16040554569464321;30.600276109130355;0.16035499004644282;25.964640477333667;[139.795918367347, 115.419501133787, 152.791950113379, 129.790249433106, 152.395124716553, 138.74716553288, 196.230158730159, 223.922902494331];"[147.27855612 146.28409212 168.73666301 168.72278868 166.81263487
 148.36045948 163.65770873 166.03351367]";1997-10-12;1997-11-30
104;8;DWT_catboost_normal;0.08724500906190989;57.142857142857146;0.08736215879632098;11.378699710734102;0.08732225603045808;9.591166694260318;[118.579931972789, 100.637755102041, 92.4886621315194, 113.151927437642, 105.895691609977, 103.1320861678, 120.578231292517, 126.020408163265];"[113.85999437 116.43270128 104.40254922 107.57832275 108.37577409
 107.99842466 110.75453908 104.46356335]";1997-10-12;1997-11-30
25;8;ONLY_DWT_catboost_normal;0.18000870470340102;28.571428571428573;0.16877815150551082;24.963597771374786;0.16871359312377457;22.230992935920007;[115.347185691741, 139.702788006312, 140.873224618622, 134.836927932667, 97.3566543924249, 146.002104155708, 129.155707522357, 130.523408732246];"[139.23671776 128.895739   114.02912124 154.67946121 134.22879831
 124.44792353 130.3421018  167.37541566]";1998-03-29;1998-05-17
10;8;ONLY_DWT_catboost_normal;0.09157431972704294;85.71428571428571;0.09062671535652998;17.494395642867737;0.09059915024306792;14.970482533975183;[170.564058956916, 169.855442176871, 176.955782312925, 170.46485260771, 187.03231292517, 186.649659863946, 131.816893424036, 177.933673469388];"[164.57858793 162.68112123 165.19222192 164.20875639 165.01655711
 165.99277362 165.21951087 165.4245213 ]";1998-03-29;1998-05-17
5;8;ONLY_DWT_catboost_normal;0.1808293841072585;42.857142857142854;0.1514847822178486;26.444837481810676;0.15142567224043024;19.570675707619394;[158.630952380952, 132.681405895692, 126.615646258503, 123.228458049887, 86.139455782313, 131.490929705215, 141.425736961451, 129.549319727891];"[155.82534428 145.51544304 144.8466596  158.2723654  145.16006502
 145.155621   142.60507836 143.33551751]";1998-03-29;1998-05-17
0;8;ONLY_DWT_catboost_normal;0.054235875408698245;42.857142857142854;0.05667732867995616;19.2471736753256;0.056666617485906984;15.00340841930415;[254.280045351474, 260.572562358277, 262.585034013605, 259.05612244898, 255.711451247166, 292.786281179138, 272.534013605442, 280.144557823129];"[252.89612499 247.59295779 250.59752406 252.79966123 252.66442052
 253.17176167 254.0379919  253.88235851]";1998-03-29;1998-05-17
15;8;ONLY_DWT_catboost_normal;0.04281536584557685;57.142857142857146;0.04439174151139615;9.973394117842053;0.044378871912478836;7.65695405681981;[171.343537414966, 185.912698412698, 170.46485260771, 171.839569160998, 175.382653061225, 181.575963718821, 173.228458049887, 168.395691609977];"[161.7131507  164.60395109 169.83142645 169.43686443 167.25145335
 169.52730767 167.90728611 166.61635179]";1998-03-29;1998-05-17
20;8;ONLY_DWT_catboost_normal;0.08917995280741894;71.42857142857143;0.0860598244827661;12.309100323843879;0.08602293408616787;10.084335106079036;[103.075396825397, 125.864512471655, 129.591836734694, 126.856575963719, 97.5907029478459, 138.194444444445, 114.342403628118, 127.777777777778];"[122.03855552 121.42563146 122.150562   127.40937713 118.89550084
 125.55278518 111.46621722 115.32185612]";1998-03-29;1998-05-17
25;8;ONLY_DWT_catboost_normal;0.07266382072380972;71.42857142857143;0.07507917766287006;11.679199554209102;0.07504948986019096;9.531238586724442;[143.345607574961, 124.316149395055, 119.345081536034, 121.199368753288, 138.663861125723, 121.580746975276, 106.207259337191, 141.635981062599];"[127.12010973 117.9222144  124.47420122 122.6038378  126.15786226
 123.3611409  117.09136752 119.70959491]";1998-02-01;1998-03-22
15;8;ONLY_DWT_catboost_normal;0.0815789393077958;42.857142857142854;0.07865294623337192;14.800813512284453;0.07862798479068867;12.429228333849679;[174.574829931973, 148.28514739229, 131.207482993197, 168.154761904762, 174.617346938775, 154.903628117914, 159.041950113379, 175.708616780045];"[159.05329276 160.06548599 163.53894903 159.23300306 166.93734598
 161.28102089 165.61352531 165.45885968]";1998-02-01;1998-03-22
0;8;ONLY_DWT_catboost_normal;0.069182128580317;42.857142857142854;0.06403194847761229;24.65715819909925;0.06401906241287855;15.96646065089848;[258.460884353742, 242.871315192744, 257.100340136054, 255.952380952381, 253.897392290249, 207.8089569161, 250.921201814059, 259.169501133787];"[261.98969002 290.69001297 259.88580425 245.22883372 246.76090072
 256.35948105 256.52180758 260.75705009]";1998-02-01;1998-03-22
25;8;ONLY_DWT_catboost_normal;0.14127811877017166;57.142857142857146;0.13910649892315535;20.453842706059525;0.1390519247282988;17.817140513143137;[144.991715781526, 128.011572856391, 162.13834823777, 107.732772225145, 115.689110994213, 113.887427669648, 113.335086796423, 112.085744345082];"[130.67985693 121.24865089 122.73121191 134.1670317  127.34419109
 125.2861248  124.69236048 133.29564091]";1997-12-07;1998-01-25
10;8;ONLY_DWT_catboost_normal;0.0886806508616098;28.571428571428573;0.09512106669390208;22.454882983665826;0.09509015826931877;14.702659228609779;[171.414399092971, 153.642290249433, 155.569727891157, 166.964285714286, 148.398526077097, 172.066326530612, 164.356575963719, 167.304421768707];"[117.22423058 153.01263812 180.21386466 167.27287678 154.64258718
 153.49361761 174.07605814 163.99194861]";1998-02-01;1998-03-22
20;8;ONLY_DWT_catboost_normal;0.15556081312422856;42.857142857142854;0.15732824930937572;21.316070386925364;0.15725785245826157;17.780020889787732;[136.72052154195, 117.020975056689, 129.166666666667, 116.482426303855, 142.928004535147, 116.08560090703, 110.048185941043, 81.1649659863945];"[116.28656567 128.47230518  93.27539229 109.4085113  116.80215677
 115.41878404 100.72764166 112.44144881]";1998-02-01;1998-03-22
25;8;ONLY_DWT_catboost_normal;0.1822983833256791;28.571428571428573;0.16274022455885817;23.995813300594246;0.16267824031859424;21.389292703164692;[111.09942135718, 118.726985796949, 126.82798527091, 137.53287743293, 123.882167280379, 105.334643062906, 127.064702788006, 138.637559179379];"[140.27524293 146.17268302 146.18504681 143.48726066 144.48179198
 147.00446989 146.39017095 146.22401755]";1997-10-12;1997-11-30
5;8;ONLY_DWT_catboost_normal;0.4089584281183231;57.142857142857146;0.325712381732997;55.43815913857251;0.32560600262263073;50.35610655906969;[157.823129251701, 121.343537414966, 144.855442176871, 131.675170068027, 150.141723356009, 101.264625611774, 107.256235827664, 137.074829931973];"[162.00157972 161.91499286 189.81207727 216.44913688 199.27962748
 175.69025358 171.28096735 177.85491096]";1998-02-01;1998-03-22
20;8;ONLY_DWT_catboost_normal;0.07338077656878278;28.571428571428573;0.07600473654055787;14.13825240145888;0.07597308817304636;9.191820912344241;[122.080498866213, 114.073129251701, 150.170068027211, 105.286281179138, 112.81179138322, 107.199546485261, 103.302154195011, 112.740929705216];"[119.36860864 120.66343745 114.06032474 111.66522955 111.43819861
 115.32952344 114.93750468 113.3456867 ]";1997-12-07;1998-01-25
10;8;ONLY_DWT_catboost_normal;0.09354581833047956;71.42857142857143;0.10022604430996293;22.68842196105445;0.10019596946720959;16.92150440540537;[162.074829931973, 152.80612244898, 220.209750566893, 160.445011337868, 171.258503401361, 132.256235827664, 173.90873015873, 175.368480725623];"[140.73078579 145.83104694 166.43713449 155.16041156 151.74116252
 141.32666495 159.57110329 170.29817787]";1997-12-07;1998-01-25
15;8;ONLY_DWT_catboost_normal;0.12953616585924563;85.71428571428571;0.12868983377422746;24.40467882719862;0.12864986112744728;20.883239329370756;[165.943877551021, 179.648526077098, 209.963151927438, 144.798752834467, 130.824829931973, 143.28231292517, 152.522675736962, 143.494897959184];"[159.00059288 159.7608802  160.49772961 162.37767564 160.60492758
 160.63887354 161.21243025 160.85912417]";1997-12-07;1998-01-25
0;8;ONLY_DWT_catboost_normal;0.1239485180115493;28.571428571428573;0.13336570522922622;43.395196747692864;0.13333856846543501;32.96424255890463;[263.137755102041, 259.197845804989, 322.066326530612, 226.615646258503, 209.041950113379, 223.327664399093, 221.301020408163, 248.767006802721];"[211.40356831 215.31089983 227.10421029 240.52291104 236.1269125
 224.78062283 241.38364414 238.16412468]";1997-12-07;1998-01-25
15;8;ONLY_DWT_catboost_normal;0.03917335162733037;42.857142857142854;0.040383136529927074;7.829346717921457;0.040370128400503316;6.278331682289469;[148.922902494331, 145.705782312925, 159.112811791383, 167.077664399093, 160.530045351474, 161.493764172336, 155.867346938775, 164.880952380952];"[149.41062762 137.7878921  155.16507678 154.61029789 158.82083603
 155.77305199 152.32094558 150.45133864]";1997-10-12;1997-11-30
10;8;ONLY_DWT_catboost_normal;0.32675493459131666;71.42857142857143;0.2727672162688898;53.99311809799941;0.27268688521831574;47.065439740153266;[161.451247165533, 127.33843537415, 166.765873015873, 132.397959183673, 122.137188208617, 144.501133786848, 164.611678004535, 191.794217687075];"[136.13712977 199.1722415  205.5394162  201.68116471 153.06272361
 187.46151764 256.15939766 197.67942445]";1997-10-12;1997-11-30
20;8;ONLY_DWT_catboost_normal;0.0666370090078257;42.857142857142854;0.06571202681095956;9.205624581763882;0.06568414441333024;7.757280876875873;[107.8089569161, 105.300453514739, 121.669501133787, 133.545918367347, 113.74716553288, 118.976757369615, 112.613378684807, 127.664399092971];"[118.70670803 119.17078547 119.95476603 118.7847146  117.91474493
 119.61270195 120.51095136 119.55127068]";1997-10-12;1997-11-30
0;8;ONLY_DWT_catboost_normal;0.13447814388074983;42.857142857142854;0.12026967163741772;33.31544749916183;0.12024208567886621;26.349373138110646;[217.020975056689, 207.950680272109, 164.611678004535, 246.24433106576, 241.794217687075, 223.228458049887, 207.922335600907, 234.679705215419];"[245.69702678 248.21503944 232.91074697 238.44062321 239.20917082
 240.17606711 244.22562943 244.59555285]";1997-10-12;1997-11-30
5;8;ONLY_DWT_catboost_normal;0.25564720454949674;71.42857142857143;0.2581334452346403;60.910961738031006;0.2580565227330924;45.07111317165383;[169.742063492063, 195.025510204082, 298.767006802721, 173.724489795918, 131.434240362812, 112.613378684807, 123.001700680272, 138.832199546485];"[174.24968567 150.21817835 152.15261094 162.36396812 161.69033551
 158.47004266 165.62971179 173.37046312]";1997-12-07;1998-01-25
26;8;ONLY_DWT_catboost_normal;0.19831833162038076;71.42857142857143;0.21745227914010756;12.225475915918656;0.21723615265814303;11.01600550816012;[51.8707482993198, 52.0408163265306, 67.1626984126984, 58.4325396825397, 37.2448979591837, 59.6513605442178, 52.0408163265306, 55.484693877551];"[46.2228884  41.92935663 43.6511543  46.05571    45.47006503 46.63339431
 45.51131689 46.77697595]";1998-03-29;1998-05-17
16;8;ONLY_DWT_catboost_normal;0.13487907831658386;42.857142857142854;0.13592177779603257;21.877110008689538;0.13587556655967536;20.072430788121153;[165.022675736962, 120.3089569161, 174.829931972789, 159.495464852608, 128.897392290249, 165.688775510204, 167.998866213152, 147.590702947846];"[147.81008081 152.84899931 145.2910877  130.54126403 146.17391548
 159.70961184 151.74945409 134.76203805]";1998-03-29;1998-05-17
11;8;ONLY_DWT_catboost_normal;0.17151265884654554;28.571428571428573;0.1898350438441515;22.075973061102026;0.18973990693045698;19.001455389353747;[95.0538548752835, 109.098639455782, 112.315759637188, 109.84977324263, 79.2942176870749, 128.59977324263, 107.638888888889, 106.037414965986];"[95.15149682 89.6451618  90.6386146  89.22277123 90.46837588 85.72513832
 87.34963099 90.21908951]";1998-03-29;1998-05-17
5;8;ONLY_DWT_catboost_normal;0.19510390072706918;57.142857142857146;0.17535960424863742;28.03672083008944;0.1752986139295884;25.483285528461202;[125.637755102041, 101.814058956916, 133.361678004535, 149.404761904762, 138.775510204082, 131.490929705215, 174.050453514739, 188.520408163265];"[145.3498444  151.47307234 167.25215312 162.2490996  161.70742989
 158.63681859 163.79918031 161.0891212 ]";1997-10-12;1997-11-30
21;8;ONLY_DWT_catboost_normal;0.07100885433419281;28.571428571428573;0.07473423830342915;11.552718880511879;0.07470525757109454;9.63620841877622;[130.172902494331, 139.68253968254, 123.469387755102, 124.674036281179, 126.275510204082, 140.958049886621, 136.139455782313, 132.851473922902];"[121.63475824 120.91451896 121.43579115 121.75493327 122.67782992
 121.89247191 123.08239438 123.74099082]";1998-03-29;1998-05-17
16;8;ONLY_DWT_catboost_normal;0.2541822478712848;28.571428571428573;0.21932783616931195;38.3671391023323;0.2192590752419083;35.04588643838203;[161.082766439909, 120.379818594104, 151.204648526077, 134.948979591837, 168.466553287982, 147.19387755102, 143.721655328798, 133.801020408163];"[171.91160646 179.15213971 180.71227119 188.89981546 185.65339773
 186.74442739 172.933994   175.15875931]";1998-02-01;1998-03-22
1;8;ONLY_DWT_catboost_normal;0.09353075980938261;28.571428571428573;0.09672538012756178;14.030462271030137;0.09668968627584495;13.118069531197738;[136.493764172336, 150.566893424036, 143.806689342404, 128.231292517007, 118.310657596372, 143.806689342404, 147.604875283447, 143.792517006803];"[128.75204114 127.74256534 130.74902563 136.06385703 131.3146547
 131.84095145 128.70024884 134.17860155]";1998-03-29;1998-05-17
11;8;ONLY_DWT_catboost_normal;0.16498133925780867;85.71428571428571;0.1475373870299257;15.839116906799738;0.14745714277465646;13.751230101373634;[114.257369614512, 94.8270975056689, 98.3701814058957, 98.6678004535147, 97.9450113378685, 65.6604308390023, 78.6848072562359, 88.7329931972789];"[108.45468075  90.37815399 118.33851949 109.25521622 103.95051251
  93.21248242  98.98391887 104.07878341]";1998-02-01;1998-03-22
16;8;ONLY_DWT_catboost_normal;0.36228278709540096;28.571428571428573;0.3263714173083538;65.67916073494754;0.3262847474716719;62.794964494310236;[260.813492063492, 270.62074829932, 254.733560090703, 181.774376417234, 142.233560090703, 142.063492063492, 114.866780045351, 159.155328798186];"[203.73986738 181.9342899  189.15052275 219.05627888 228.2206274
 189.97961546 195.11391777 198.73969344]";1997-12-07;1998-01-25
21;8;ONLY_DWT_catboost_normal;0.056817692938090386;28.571428571428573;0.05979017737079027;9.650399132686518;0.05976529632260061;7.187557952525836;[132.213718820862, 118.608276643991, 117.587868480726, 116.369047619048, 123.852040816327, 117.928004535147, 118.579931972789, 130.385487528345];"[115.33598469 116.39565966 119.02882255 116.90771668 114.00183602
 117.18308248 108.94912684 114.18093014]";1998-02-01;1998-03-22
1;8;ONLY_DWT_catboost_normal;0.12687462278507225;28.571428571428573;0.13848235872274228;19.769965442058872;0.13842460387397473;16.642516565353972;[122.930839002268, 115.447845804989, 121.967120181406, 121.995464852608, 138.988095238095, 129.514913978918, 137.216553287982, 136.224489795918];"[118.52046922 124.29431751 121.34979375  95.86068565 111.16255028
 116.85654625 114.4517216  106.34204876]";1998-02-01;1998-03-22
11;8;ONLY_DWT_catboost_normal;0.2537032947948842;57.142857142857146;0.23977370837585832;29.635034894069086;0.239664333853264;26.672980945563022;[111.592970521542, 148.90873015873, 145.819160997732, 97.6190476190476, 88.0952380952381, 76.1054421768708, 87.6417233560091, 108.12074829932];"[118.09633164 107.23616813 104.9621158  134.16068454 113.83480475
 110.19168614 105.27097262 118.47493072]";1997-12-07;1998-01-25
6;8;ONLY_DWT_catboost_normal;0.07819285467794596;28.571428571428573;0.080080670952518;15.981227822253873;0.08005371915846762;11.926789839845052;[164.356575963719, 172.548185941043, 142.531179138322, 151.034580498866, 126.176303854875, 151.87074829932, 141.624149659864, 143.877551020408];"[144.869489   140.03760665 140.81945412 145.17248018 148.16567391
 143.52953117 143.70281065 147.31112997]";1998-03-29;1998-05-17
21;8;ONLY_DWT_catboost_normal;0.21455408844678506;71.42857142857143;0.1902944751684044;26.104634633264897;0.1902158155971397;23.087583002571744;[120.804988662132, 131.788548752834, 152.919501133787, 104.861111111111, 106.56179138322, 102.437641723356, 108.379138083429, 95.4506802721088];"[126.91912704 130.96504443 130.93605915 135.3172088  136.66588624
 133.56769802 134.35539885 133.56374999]";1997-12-07;1998-01-25
26;8;ONLY_DWT_catboost_normal;0.070366806556802;85.71428571428571;0.07225491897769984;3.6507216485395095;0.07217536778703612;3.2830521400122086;[43.8633786848073, 47.2363945578232, 41.8934240362812, 44.4019274376417, 44.5719954648526, 46.4427437641723, 50.4393424036281, 48.8095238095238];"[41.30413129 49.53424805 45.31309729 45.59689592 42.76669227 42.98089049
 44.73913356 42.98421462]";1998-02-01;1998-03-22
1;8;ONLY_DWT_catboost_normal;0.1852610104777368;71.42857142857143;0.17367787496920256;24.694100662664383;0.1736083589797625;21.946526617211738;[134.254535147392, 147.307256235828, 171.116780045352, 112.443310657596, 91.6524943310659, 106.731859410431, 112.244897959184, 120.294784580499];"[129.48270274 129.51697283 132.11653559 132.20363908 130.45784696
 131.04068032 132.61650122 131.05853203]";1997-12-07;1998-01-25
11;8;ONLY_DWT_catboost_normal;0.21717804965838944;57.142857142857146;0.18709705255829417;25.89397541874173;0.1870172199344851;21.99426835872979;[111.933106575964, 83.3333333333333, 116.992630385487, 142.517006802721, 106.490929705215, 108.545918367347, 101.544784580499, 122.704081632653];"[124.00471779 136.85681982 128.05735734 127.87908128 123.52097511
 135.57888392 131.11736282 133.72488913]";1997-10-12;1997-11-30
21;8;ONLY_DWT_catboost_normal;0.07226555875853788;42.857142857142854;0.06908277374601086;10.569335580495483;0.06905456680729707;8.47247185743386;[111.649659863946, 107.624716553288, 139.016439909297, 129.393424036281, 124.68820861678, 120.890022675737, 118.381519274377, 130.031179138322];"[124.37183763 129.60519042 128.32303623 126.04457059 126.30644807
 127.36578569 126.91157872 127.62037497]";1997-10-12;1997-11-30
16;8;ONLY_DWT_catboost_normal;0.12240481426864121;71.42857142857143;0.1159246765736767;24.04437400287415;0.11589070604768965;20.044791733263338;[162.514172335601, 131.320861678005, 167.205215419501, 199.489795918367, 184.353741496599, 143.424036281179, 196.825396825397, 222.732426303855];"[168.57341543 171.89275965 188.35714683 185.31456174 182.36755497
 173.75991282 186.19852253 187.28133644]";1997-10-12;1997-11-30
6;8;ONLY_DWT_catboost_normal;0.2719086534596528;42.857142857142854;0.34131309491939155;44.88601663277319;0.3411565079775345;38.396898154456224;[135.374149659864, 129.464285714286, 138.506235827664, 148.412698412698, 146.400226757369, 132.270408163265, 137.443310657596, 163.236961451247];"[110.87868524  45.44695867 126.78266295  95.1883453   97.92155964
 124.64075283 104.51702557 118.5571012 ]";1998-02-01;1998-03-22
12;8;ONLY_DWT_catboost_normal;0.1521075408339555;42.857142857142854;0.1619676782643153;24.88859831603939;0.16191057555855623;23.044964153037775;[146.952947845805, 158.914399092971, 155.201247165533, 145.195578231293, 115.221088435374, 175.014172335601, 152.33843537415, 153.245464852608];"[128.4842187  122.82860987 133.93596052 133.6845265  136.95413086
 134.47395041 132.99424386 137.83406423]";1998-03-29;1998-05-17
26;8;ONLY_DWT_catboost_normal;0.19802197713425726;28.571428571428573;0.17081413135138285;10.716078546039219;0.17063695449023408;8.296577638388381;[53.8832199546486, 55.7539682539683, 63.6054421768708, 57.5113378684807, 54.4926303854876, 34.8639455782313, 40.0226757369614, 39.7392290249433];"[52.74394514 53.99743107 53.97020776 52.93033504 53.5503418  54.65064506
 53.56701252 54.72647603]";1997-12-07;1998-01-25
22;8;ONLY_DWT_catboost_normal;0.16892880807677202;85.71428571428571;0.18837562001446528;16.381146520731146;0.18825322686848836;14.511510952255525;[82.8905839032089, 83.916359810626, 76.4729089952657, 78.7217254076802, 63.8742766964755, 91.3335086796424, 90.9126775381378, 89.2030510257759];"[68.07839884 73.55284431 69.01486815 67.50758176 66.19606867 69.32630914
 66.2798887  65.9206288 ]";1998-03-29;1998-05-17
1;8;ONLY_DWT_catboost_normal;0.15852331798223468;42.857142857142854;0.17147677224428973;22.628744739409793;0.1714023470954784;19.895417768986412;[121.541950113379, 102.706916099773, 132.794784580499, 135.104875283447, 126.445578231293, 125.354308390023, 131.901927437642, 143.239795918367];"[ 83.3549382  124.78325321 114.87651307 124.15567686 109.38282802
 125.109244   101.74656513 120.67044963]";1997-10-12;1997-11-30
26;8;ONLY_DWT_catboost_normal;0.4789630437674605;71.42857142857143;0.3826857990992706;25.38852892397355;0.3823928129188113;25.012159944366033;[58.673469387755, 47.7324263038549, 52.451814058957, 59.3537414965986, 50.8645124716553, 58.9569160997732, 49.234693877551, 49.2205215419501];"[76.05814468 77.99381916 78.53833073 81.89007783 76.05849683 79.32967382
 77.0900621  79.62676965]";1997-10-12;1997-11-30
6;8;ONLY_DWT_catboost_normal;0.2387829640516365;28.571428571428573;0.2290802477820577;38.35604215697188;0.22899359388228482;30.92393615106685;[159.481292517007, 163.407029478458, 198.767006802721, 149.135487528345, 115.94387755102, 111.507936507937, 118.551587301587, 84.3679138321995];"[141.17439574 127.76830605 123.72497306 139.01025688 133.60120082
 127.13612265 104.10277415 144.91219589]";1997-12-07;1998-01-25
17;8;ONLY_DWT_catboost_normal;0.061224540117153094;57.142857142857146;0.05857287925331705;12.365689034769412;0.05855369620908679;8.960778836781635;[155.796485260771, 166.227324263039, 147.293083900227, 153.28798185941, 130.768140589569, 166.312358276644, 167.276077097506, 169.501133786848];"[152.12584999 153.55172262 156.11514952 158.21333849 160.5595133
 167.31010998 162.16681795 163.80694584]";1998-03-29;1998-05-17
22;8;ONLY_DWT_catboost_normal;0.16846463261811523;71.42857142857143;0.18897709553617587;15.310947099621478;0.18884027434485648;13.09240567693983;[89.954893056644, 75.4997369805366, 56.0099947396108, 64.4134665965281, 75.06575486586, 72.1462388216729, 78.0115728563914, 73.2772225144661];"[60.99532823 63.46027092 54.42212771 61.20355091 60.45116678 59.58695067
 60.89678202 58.62345777]";1998-02-01;1998-03-22
12;8;ONLY_DWT_catboost_normal;0.11419662537311623;71.42857142857143;0.09943778869749423;19.55810461352055;0.09939826777156854;12.56830456473357;[114.512471655329, 95.9750566893425, 132.922335600907, 133.191609977324, 133.475056689342, 132.823129251701, 141.439909297052, 143.579931972789];"[147.48239865 138.06973937 145.32519014 131.13183333 132.02653146
 132.27151415 137.05201247 138.94877347]";1998-02-01;1998-03-22
17;8;ONLY_DWT_catboost_normal;0.14488269145206445;57.142857142857146;0.12678663218668806;28.834237026167553;0.12674764818888168;20.675803029245767;[132.689517153521, 141.213151927438, 155.853174603175, 151.020408163265, 168.083900226757, 137.153802867807, 157.34126984127, 163.846371882086];"[204.03545207 160.44892347 150.03855805 168.96694695 170.86546823
 147.77397299 177.81972621 181.02973983]";1998-02-01;1998-03-22
27;8;ONLY_DWT_catboost_normal;0.1249668476762652;57.142857142857146;0.12896783444547366;17.228896683001288;0.12891295260113783;15.24890366887111;[126.941609977324, 134.353741496599, 118.069727891156, 142.715419501134, 91.2131519274377, 132.001133786848, 118.381519274376, 116.156462585034];"[112.3849274  111.12350742 111.68951499 115.98733102 112.78686563
 113.55592333 113.56359768 109.89729703]";1998-03-29;1998-05-17
22;8;ONLY_DWT_catboost_normal;0.2111778313092566;42.857142857142854;0.24301296094399494;21.085356757998202;0.24284301686502913;17.634306955548116;[85.3761178327197, 80.4971067859021, 108.495528669121, 79.1951604418726, 70.2393477117306, 67.6749079431878, 64.6633350867964, 68.9768542872173];"[71.2037605  61.08970714 63.37534235 56.83259198 57.61351131 57.90063754
 59.93682168 56.09153061]";1997-12-07;1998-01-25
2;8;ONLY_DWT_catboost_normal;0.07537973145959023;42.857142857142854;0.07637213814787276;17.30643769309235;0.07635121929119995;13.960642587694;[184.424603174603, 193.891723356009, 186.904761904762, 185.615079365079, 157.979024943311, 206.71768707483, 188.959750566893, 192.446145124717];"[182.4834024  181.55220254 181.47198518 183.43073824 185.43662123
 175.72294588 173.64602608 176.42490583]";1998-03-29;1998-05-17
12;8;ONLY_DWT_catboost_normal;0.1160128689324759;28.571428571428573;0.12600051357698333;27.209402840515978;0.1259570411972502;18.405197889975383;[121.686961212681, 163.732993197279, 192.474489795918, 142.786281179138, 123.171768707483, 123.58276643991, 127.18253968254, 136.635487528345];"[138.62196151 128.76064171 127.69557222 139.41906553 133.78363928
 129.96512226 132.31912312 131.57819924]";1997-12-07;1998-01-25
6;8;ONLY_DWT_catboost_normal;0.11715489000322746;71.42857142857143;0.10618706658939293;18.466323256108513;0.10614771900445594;14.348409278479076;[128.401360544218, 109.013605442177, 134.736394557823, 150.255102040816, 130.725623582767, 125.269274376417, 143.934240362812, 148.030045351474];"[148.68167718 147.42190352 146.47150555 148.29955893 146.53373711
 146.02990835 147.87031692 146.12686399]";1997-10-12;1997-11-30
17;8;ONLY_DWT_catboost_normal;0.28143300996760434;42.857142857142854;0.25204919749143184;48.72897919054763;0.2519767251502003;44.311994266579205;[174.121315192744, 201.303854875283, 251.984126984127, 153.44387755102, 123.554421768708, 144.019274376417, 139.314058956916, 148.696145124716];"[188.11467287 186.22178401 177.01947173 191.33544922 186.90201164
 198.67944648 191.40027745 191.16646333]";1997-12-07;1998-01-25
22;8;ONLY_DWT_catboost_normal;0.17893411687666239;42.857142857142854;0.1905404732035697;17.488414435077676;0.1904131153641715;14.407618456192889;[75.026301946344, 57.3382430299842, 83.4297738032615, 105.970541820095, 77.1962125197264, 83.817414393427, 60.6522882693319, 74.4476591267753];"[69.0945702  73.15158019 69.37539523 66.91616131 66.63935527 69.37444285
 68.376909   66.76498898]";1997-10-12;1997-11-30
27;8;ONLY_DWT_catboost_normal;0.06217888854571335;71.42857142857143;0.06305753712710997;8.140136334418939;0.06302976097397898;7.168316297726408;[115.674603174603, 109.991496598639, 116.340702947846, 104.294217687075, 125.651927437642, 115.47619047619, 116.085600907029, 103.146258503401];"[122.87139465 108.37569157 122.03349768 105.91850505 112.48630748
 107.13198451 104.90903367 111.67671712]";1998-02-01;1998-03-22
2;8;ONLY_DWT_catboost_normal;0.07004915753270383;42.857142857142854;0.06644818994424692;17.785301531916293;0.06642874680218387;11.405069300375441;[185.728458049887, 183.333333333333, 177.919501133787, 190.490362811791, 196.173469387755, 183.560090702948, 177.210884353741, 138.849659625379];"[186.32004838 182.04427668 179.66963118 173.57588959 175.3097216
 176.70852223 178.28664359 180.75388827]";1998-02-01;1998-03-22
7;8;ONLY_DWT_catboost_normal;0.10906986088491555;42.857142857142854;0.11101224058668266;19.023533512365237;0.11096669651616055;13.693595934652919;[130.286281179138, 147.448979591837, 124.730725623583, 116.326530612245, 90.3769841269841, 152.097505668934, 123.086734693878, 120.379818594104];"[121.81267478 116.79999813 129.03883333 113.25925253 117.100706
 118.3558878  124.50632299 121.54568437]";1998-03-29;1998-05-17
17;8;ONLY_DWT_catboost_normal;0.090705494540805;57.142857142857146;0.08616954693600923;17.241992708038584;0.08614581530230503;15.652015028904579;[168.948412698413, 162.953514739229, 177.990362811791, 194.557823129252, 171.499433106576, 168.324829931973, 185.00566893424, 198.526077097506];"[190.34007514 190.18660714 193.36146031 187.09996336 190.23274711
 189.20829731 192.23660362 191.61138505]";1997-10-12;1997-11-30
27;8;ONLY_DWT_catboost_normal;0.1481315871102968;57.142857142857146;0.14040915800217488;17.87296757790031;0.14034756935838644;16.10888032618611;[117.956349206349, 129.308390022676, 147.774943310658, 104.634353741497, 96.4143990929705, 96.4285714285714, 100.368480725623, 103.784013605442];"[117.24252029 119.31049924 121.56046264 117.59987791 119.8927604
 118.4424839  118.38395315 119.25558548]";1997-12-07;1998-01-25
18;8;ONLY_DWT_catboost_normal;0.07076003948982086;71.42857142857143;0.06774810631841921;15.27975985180143;0.06772912896843278;12.151617916968743;[187.131519274377, 186.862244897959, 180.428004535147, 181.434240362812, 148.299319727891, 179.450113378685, 187.542517006803, 189.030612244898];"[170.26653593 206.26901415 192.71485203 179.47107479 179.25372422
 183.09519344 191.6737872  196.99103517]";1998-03-29;1998-05-17
7;8;ONLY_DWT_catboost_normal;0.272324859121157;42.857142857142854;0.32608869867707974;39.93713306054708;0.3259246236690495;33.15331925236051;[89.4982993197279, 117.984693877551, 151.289682539683, 102.66439909297, 113.911172482319, 132.695578231293, 121.683673469388, 124.291383219955];"[112.07313518  48.83753942 106.35622662 117.77028159 131.61355661
  66.75131604  99.18994264 116.96653508]";1998-02-01;1998-03-22
12;8;ONLY_DWT_catboost_normal;0.08257903904060118;28.571428571428573;0.07836917569432268;13.948727011837063;0.07833994135200953;10.538468792983146;[138.109410430839, 111.337868480726, 136.111111111111, 155.93820861678, 135.005668934241, 123.072562358277, 139.640022675737, 146.24433106576];"[140.87859491 141.17361699 141.17532323 138.2063223  138.77680674
 139.24042588 142.94102417 140.57761498]";1997-10-12;1997-11-30
27;8;ONLY_DWT_catboost_normal;0.08026340178520738;57.142857142857146;0.07722902641651827;9.661840241840837;0.07719670752402494;9.23501665679178;[111.961451247165, 105.484693877551, 115.986394557823, 129.393424036281, 115.958049886621, 116.56746031746, 118.098072562358, 118.381519274376];"[126.31551454 116.75387918 126.85071542 122.13330593 123.01187591
 127.25884144 123.23129789 125.6355325 ]";1997-10-12;1997-11-30
23;8;ONLY_DWT_catboost_normal;0.18607211205110763;71.42857142857143;0.1600411975771015;38.532807435465784;0.15999961799761359;30.93832598164137;[219.444444444444, 188.066893424036, 217.304421768707, 192.304421768707, 137.145691609977, 205.810657596372, 179.478458049887, 170.521541950113];"[228.99644992 208.6016194  209.66988507 213.71719948 218.75922192
 226.01340107 218.65816806 217.89812015]";1998-03-29;1998-05-17
2;8;ONLY_DWT_catboost_normal;0.1400126597920481;42.857142857142854;0.13892876331105009;29.89423306947223;0.13889092807045464;25.708986519458314;[196.215986394558, 201.006235827665, 240.986394557823, 166.227324263039, 144.600340136054, 165.107709750567, 169.401927437642, 182.851473922902];"[174.69728949 181.01640584 182.61416831 187.24743462 186.45637742
 185.35633871 183.79248381 174.57566788]";1997-12-07;1998-01-25
18;8;ONLY_DWT_catboost_normal;0.14119669890956568;42.857142857142854;0.1172168579622116;31.968881642555264;0.11718189190425553;19.790993329384982;[203.883219954649, 114.374036042613, 190.277777777778, 170.3089569161, 188.562925170068, 173.639455782313, 199.971655328798, 186.210317460317];"[192.5576129  198.91024035 186.2647054  166.97366736 170.23871613
 188.54168721 182.83169062 181.45894928]";1998-02-01;1998-03-22
13;8;ONLY_DWT_catboost_normal;0.11381122633462462;57.142857142857146;0.11944118673398503;16.69084890269152;0.11939592199066573;15.786277859285923;[132.18537414966, 137.854308390023, 143.353174603175, 144.52947845805, 111.904761904762, 152.678571428571, 140.079365079365, 136.536281179138];"[122.96966779 123.20882134 124.70122213 125.07012177 125.64628641
 125.74564135 126.13878873 126.83359181]";1998-03-29;1998-05-17
2;8;ONLY_DWT_catboost_normal;0.11589602234612799;14.285714285714286;0.1238174999993587;23.833424837838795;0.12378105126934842;21.047472215619717;[172.052154195011, 154.648526077097, 176.686507936508, 195.351473922903, 179.06746031746, 183.574263038549, 180.272108843537, 190.235260770975];"[158.52663966 169.31690599 149.67769762 149.50792434 165.14617095
 156.52158513 171.67417276 172.47364075]";1997-10-12;1997-11-30
7;8;ONLY_DWT_catboost_normal;0.2848629142094088;14.285714285714286;0.2516764390176913;38.811299128972436;0.25157593712007975;32.12591881022926;[145.46485260771, 175.481859410431, 169.401927437642, 131.760204081633, 122.250566893424, 74.2913832199546, 128.628117913832, 96.0175736961451];"[146.59908794 115.34273613 130.85378848 148.47169231 149.71342226
 135.85454626 134.35723678 141.73680109]";1997-12-07;1998-01-25
18;8;ONLY_DWT_catboost_normal;0.21566670843409058;57.142857142857146;0.19342431784372643;43.40547501606781;0.19337355072203813;37.26008225590395;[198.044217687075, 200.566893424036, 269.118480725624, 186.465419501134, 145.223922902494, 156.065759637188, 149.319727891157, 179.733560090703];"[211.50578645 206.4879102  208.45670558 200.56150862 205.26031092
 206.91019159 210.98068281 211.13199343]";1997-12-07;1998-01-25
13;8;ONLY_DWT_catboost_normal;0.059803220168670845;57.142857142857146;0.06292396782047995;9.934422624067475;0.06289710369461594;7.388923041796204;[122.732426303855, 116.893424036281, 123.313492063492, 114.285714285714, 114.980158730159, 123.228458049887, 125.581065759637, 132.780612244898];"[ 99.54531557 111.71922574 125.38467343 118.06749818 112.93053369
 127.88736055 119.2451533  120.92794221]";1998-02-01;1998-03-22
7;8;ONLY_DWT_catboost_normal;0.2573425163459757;42.857142857142854;0.21777796920938283;38.99194734226654;0.2177045661710878;32.36139039999259;[142.134353741497, 115.830498866213, 157.723922902494, 142.800453514739, 124.036281179138, 114.328231292517, 127.862811791383, 165.433673469388];"[153.05131405 171.72555817 176.43963099 149.59029745 149.22850088
 188.02737648 170.82824461 140.71691962]";1997-10-12;1997-11-30
23;8;ONLY_DWT_catboost_normal;0.1799332496426754;85.71428571428571;0.16325948041294958;35.74507534674964;0.1632203899479195;34.20463216912919;[194.118480725624, 165.15022675737, 181.335034013605, 191.425736961451, 209.84977324263, 211.366213151927, 195.734126984127, 217.602040816327];"[218.68676044 216.11991555 226.35565337 232.91270848 243.92592347
 235.64811065 229.5776807  236.99193736]";1998-02-01;1998-03-22
3;8;ONLY_DWT_catboost_normal;0.09678499066394246;71.42857142857143;0.08841112183240357;18.962035369785237;0.08838283057039761;13.827563794100186;[160.756802721088, 175.198412698413, 146.471088435374, 137.159863945578, 134.708049886621, 173.058390022676, 161.337868480726, 165.561224489796];"[164.45794276 173.58106272 167.25889267 166.07938514 173.31503848
 169.21532333 168.02200933 172.02172326]";1998-03-29;1998-05-17
18;8;ONLY_DWT_catboost_normal;0.09141650855282982;28.571428571428573;0.08791529988595996;19.409622940811378;0.0878924411762565;16.962137100196266;[178.344671201814, 164.384920634921, 172.477324263039, 219.756235827665, 203.528911564626, 190.093537414966, 210.232426303855, 219.104308390023];"[198.47680079 198.48433219 196.44687685 199.67556522 200.34858903
 201.09798221 204.40422303 201.70194653]";1997-10-12;1997-11-30
28;8;ONLY_DWT_catboost_normal;0.12260781302613877;57.142857142857146;0.1099272510890638;25.211549574250977;0.10989406126595791;18.31081912517609;[170.62074829932, 181.56179138322, 164.937641723356, 164.229024943311, 124.759070294784, 205.93820861678, 179.705215419501, 152.18253968254];"[181.42649792 176.27244009 174.56709119 173.99670752 185.48285052
 181.58553207 174.98656033 173.38174786]";1998-03-29;1998-05-17
23;8;ONLY_DWT_catboost_normal;0.3991785774662293;28.571428571428573;0.3830219612840423;101.55719037042958;0.3829354167457183;88.8670811105927;[310.104875283447, 317.687074829932, 402.876984126984, 246.71201814059, 187.174036281179, 114.251405454344, 154.861111111111, 176.332199546485];"[213.55253841 208.77610301 205.95947509 197.58716714 219.41774779
 223.09313528 225.17347373 224.36537573]";1997-12-07;1998-01-25
13;8;ONLY_DWT_catboost_normal;0.21801761876329456;28.571428571428573;0.20764636476953727;28.1754627798954;0.207564374401975;26.401684003163346;[129.6910430839, 149.121315192744, 163.803854875283, 118.721655328798, 99.985827664399, 105.541383219955, 110.530045351474, 115.391156462585];"[119.62367153 110.41080817 132.14058054 137.15368893 140.81349306
 133.75931356 130.13648864 139.07940296]";1997-12-07;1998-01-25
28;8;ONLY_DWT_catboost_normal;0.10408290986450706;42.857142857142854;0.10180942377981915;22.396181468293545;0.10178074583435653;18.091461738040273;[185.78514739229, 181.590136054422, 170.634920634921, 161.267006802721, 197.335600907029, 163.718820861678, 177.18253968254, 156.607596133316];"[194.12046606 184.84315757 201.49369186 176.84736009 157.208016
 169.34600811 186.31435467 188.4252382 ]";1998-02-01;1998-03-22
3;8;ONLY_DWT_catboost_normal;0.07722236503676008;85.71428571428571;0.08248031519247505;17.793110551019794;0.08245473535536643;13.333630616250929;[139.810090702948, 163.605442176871, 158.659297052154, 147.902494331066, 190.277777777778, 157.397959183673, 160.884353741497, 176.5589569161];"[136.02532098 153.8440659  150.1855006  148.59300022 149.40541828
 148.8323871  145.98096192 156.94168373]";1998-02-01;1998-03-22
19;8;ONLY_DWT_catboost_normal;0.07492368539374389;42.857142857142854;0.07751312736289932;12.474372831776492;0.07748208380005525;9.690976175376715;[145.252267573696, 128.996598639456, 125.141723356009, 112.910997732426, 115.858843537415, 132.454648526077, 118.664965986395, 121.343537414966];"[117.00766061 117.37735093 122.31117983 123.68085389 125.40359062
 123.77705797 114.21946104 122.73924986]";1998-03-29;1998-05-17
8;8;ONLY_DWT_catboost_normal;0.1083916523582462;57.142857142857146;0.09907185493272397;7.251679386729011;0.09898400659461584;5.619148750634026;[66.5249433106576, 60.5017006802721, 48.6536281179138, 44.8696145124717, 60.7709750566893, 66.780045351474, 59.9631519274376, 59.2120181405896];"[65.55405219 62.71439922 61.04873671 58.97894786 63.17166321 61.92422787
 63.36223625 63.82158659]";1998-03-29;1998-05-17
28;8;ONLY_DWT_catboost_normal;0.14732243882759744;57.142857142857146;0.15420078057335873;35.240719063373305;0.15415738940644952;27.766518283068567;[176.488095238095, 185.671768707483, 249.348072562358, 163.577097505669, 146.471088435374, 147.562358276644, 163.874716553288, 180.583900226757];"[169.73053275 139.85684607 172.64277058 183.71708556 175.66400301
 158.9999215  178.58629397 197.95621611]";1997-12-07;1998-01-25
23;8;ONLY_DWT_catboost_normal;0.144799634330299;28.571428571428573;0.14286215612632355;40.59866333823641;0.14282936907676455;31.62527260225617;[200.793650793651, 156.831065759637, 216.808390022676, 239.044784580499, 219.416099773243, 187.882653061224, 260.204081632653, 296.57029478458];"[210.73776748 216.7567069  221.42840568 214.77094134 215.6083362
 218.89169801 220.22442281 217.12819805]";1997-10-12;1997-11-30
13;8;ONLY_DWT_catboost_normal;0.11481918638887226;28.571428571428573;0.11117011904019461;15.353042420463462;0.11112285603103923;13.13121490261884;[112.145691609977, 102.82029478458, 132.18537414966, 130.952380952381, 96.2159863945579, 115.447845804989, 123.795351473923, 138.959750566893];"[109.44891433 128.02153315 121.73593794 110.97273761 116.31676933
 126.55101316 124.95018279 124.59590814]";1997-10-12;1997-11-30
8;8;ONLY_DWT_catboost_normal;0.08236847925187582;42.857142857142854;0.08387566890474982;6.457091839579475;0.08380979615225898;5.349488024719482;[72.1655328798186, 68.8492063492064, 63.6763038548753, 66.6524943310658, 58.9427437641724, 65.7454648526076, 61.1819727891157, 62.96768707483];"[67.79435895 64.64227415 57.89910983 54.92120339 61.23711109 62.51946979
 71.64882988 63.6897807 ]";1998-02-01;1998-03-22
28;8;ONLY_DWT_catboost_normal;0.06225903593926674;71.42857142857143;0.06105586226526974;13.865592235211569;0.06103824113575285;10.64741963437443;[168.565759637188, 146.201814058957, 173.937074829932, 178.698979591837, 171.513605442177, 153.968253968254, 171.669501133787, 207.553854875283];"[172.52691713 156.99708479 180.84679438 175.86261134 170.41614967
 179.17259979 181.02330495 182.53261923]";1997-10-12;1997-11-30
19;8;ONLY_DWT_catboost_normal;0.06272618693533565;57.142857142857146;0.05940374225897689;9.210489752353663;0.05937796365741107;6.849185616565034;[119.68537414966, 110.260770975057, 113.109410430839, 117.81462585034, 109.53798185941, 112.825963718821, 102.721088435374, 120.266439909297];"[117.64278745 107.36853815 117.45994189 119.16754503 127.29903452
 118.44250392 119.53309894 124.23205133]";1998-02-01;1998-03-22
8;8;ONLY_DWT_catboost_normal;0.5865450899631006;14.285714285714286;0.3940962729339602;28.86607272526295;0.3937686294489131;23.961239990637942;[75.0141723356009, 82.4546485260771, 62.8117913832199, 31.8310657596372, 32.1570294784581, 49.0079365079365, 49.4897959183674, 62.6275510204081];"[73.8128737  70.85798632 72.12229779 73.73851578 82.96189516 80.25716713
 78.96754214 78.76971115]";1997-12-07;1998-01-25
29;8;ONLY_DWT_catboost_normal;0.16861261528131932;85.71428571428571;0.1456576281130035;19.191246127673892;0.1455848676457785;14.67686032253387;[108.786848072562, 112.840136054422, 126.615646258503, 110.799319727891, 69.968820861678, 93.8066893424036, 94.9404761904762, 102.65022675737];"[100.63369449 104.97183976 120.00216775 113.28026247 112.73595845
 114.34169198 116.40420388 110.18337029]";1998-03-29;1998-05-17
24;8;ONLY_DWT_catboost_normal;0.0649887285066072;57.142857142857146;0.06136762464576726;11.767616414306177;0.06134612319149287;8.76985224754923;[140.419501133787, 157.766439909297, 150.085034013606, 148.823696145125, 123.058390022676, 143.948412698413, 137.641723356009, 145.507369614512];"[153.00109003 151.41864083 149.45746325 148.41504115 149.20560264
 150.0062877  150.27596336 150.86124625]";1998-03-29;1998-05-17
3;8;ONLY_DWT_catboost_normal;0.18771312119930375;42.857142857142854;0.17011754400439866;28.244937994785538;0.17005999101645755;25.217036221859274;[165.079365079365, 179.124149659864, 140.532879818594, 118.976757369615, 127.551020408163, 121.683673469388, 139.866780045352, 162.81179138322];"[147.38905841 155.92074311 157.83410601 167.99540884 162.79580141
 157.73649876 154.39508272 171.5085813 ]";1997-12-07;1998-01-25
14;8;ONLY_DWT_catboost_normal;0.06171361248582557;57.142857142857146;0.06219323821198208;9.99158567694556;0.06217034338909854;8.455606199661535;[130.739795918367, 144.359410430839, 146.159297052154, 135.274943310658, 120.521541950113, 147.689909297052, 137.145691609977, 140.405328798186];"[137.79234259 129.3952503  136.12426905 134.72746285 135.75600775
 134.80095429 134.63737559 135.99143129]";1998-03-29;1998-05-17
8;8;ONLY_DWT_catboost_normal;0.1177758360645926;57.142857142857146;0.10890230929284064;11.212057340227233;0.10883670571917692;9.081091315161077;[88.3928571428571, 76.9557823129252, 80.8106575963719, 86.125283446712, 71.7687074829932, 87.1598639455783, 70.734126984127, 74.8157596371883];"[ 81.60334649  78.13590186  77.11821646  87.40511829  89.74179314
 103.73066862  87.10436708  83.60845355]";1997-10-12;1997-11-30
19;8;ONLY_DWT_catboost_normal;0.13387576830471537;28.571428571428573;0.1468022987313474;28.146302840250733;0.14674252292805193;18.189501606459707;[123.115079365079, 137.542517006803, 169.99716553288, 115.362811791383, 112.726757369615, 97.859977324263, 107.851473922902, 121.301020408163];"[116.93668539 104.14978417 103.49018714 114.56685981 113.89019158
 123.65590306  98.43029122 119.03960738]";1997-12-07;1998-01-25
29;8;ONLY_DWT_catboost_normal;0.08999835373973601;42.857142857142854;0.0906414059620902;12.055313838307764;0.09060191301947217;10.442235195923047;[112.34410430839, 111.125283446712, 128.075396825397, 110.445011337869, 111.111111111111, 97.9450113378685, 135.062358276644, 106.986961451247];"[118.7753786  123.41672814 111.37857903 105.26340752 102.50845089
 113.23978743 116.17820944 107.14211725]";1998-02-01;1998-03-22
19;8;ONLY_DWT_catboost_normal;0.12597672084137745;14.285714285714286;0.11282016079499481;17.24743194650959;0.11277125135697957;13.037445463542117;[113.052721088435, 100.93537414966, 117.757936507937, 126.615646258504, 113.732993197279, 120.592403628118, 92.1485260770975, 131.56179138322];"[122.78679668 127.18969184 126.60890438 127.94238988 129.70669004
 118.94682308 127.18877593 126.08785971]";1997-10-12;1997-11-30
14;8;ONLY_DWT_catboost_normal;0.09395745564885485;57.142857142857146;0.09113204655929509;15.314018976671967;0.09109664948327513;11.797182588595527;[143.650793650794, 102.069160997732, 131.802721088435, 131.108276643991, 146.938775510204, 127.593537414966, 128.727324263038, 131.306689342404];"[122.79831154 129.8325865  148.74958781 131.25424418 128.8871781
 127.24203491 135.38112427 134.91850826]";1998-02-01;1998-03-22
9;8;ONLY_DWT_catboost_normal;0.07389919943586984;42.857142857142854;0.07461828301431024;14.036235460945498;0.07459476076320798;11.867246448976086;[133.956916099773, 162.868480725624, 175.382653061224, 168.12641723356, 161.621315192744, 176.799886621315, 159.651360544218, 166.72335600907];"[156.42198887 157.41154838 155.30714557 156.34907755 158.82625585
 157.12505546 156.80242713 156.87906063]";1998-03-29;1998-05-17
29;8;ONLY_DWT_catboost_normal;0.2008869535507583;42.857142857142854;0.1912002169376273;26.17068900610465;0.19111756305683805;22.4890272004928;[143.12641723356, 127.49433106576, 165.419501133787, 103.628117913832, 79.5493197278912, 102.990362811791, 103.217120181406, 102.678571428571];"[121.20995564 115.91666588 117.27710553 120.15380126 121.02766407
 114.51189137 115.64363836 119.00219222]";1997-12-07;1998-01-25
24;8;ONLY_DWT_catboost_normal;0.10920520750686313;71.42857142857143;0.11632233173617497;17.708163349950198;0.11628067618387994;16.260481679585233;[143.424036281179, 160.700113378685, 144.387755102041, 150.793650793651, 138.548752834467, 150.524376417234, 127.536848072562, 153.1320861678];"[133.5591548  134.74802294 132.02370552 125.1304048  124.11520841
 128.11644327 133.51114621 139.70827594]";1998-02-01;1998-03-22
3;8;ONLY_DWT_catboost_normal;0.10615168730861337;42.857142857142854;0.09462064550475081;21.414510099201827;0.09459024966505603;14.77139147135646;[151.020408163265, 120.904195011338, 161.947278911565, 171.697845804989, 170.62074829932, 156.746031746032, 152.749433106576, 181.363378684807];"[162.70210108 174.4563031  165.65555173 161.42263687 175.01975481
 174.97695366 166.39206591 184.04466647]";1997-10-12;1997-11-30
24;8;ONLY_DWT_catboost_normal;0.24086865240754998;28.571428571428573;0.2249976640352281;40.73386944945144;0.22492075737351525;33.169254189249486;[144.430272108843, 148.979591836735, 203.528911564626, 117.34693877551, 114.83843537415, 119.146825396825, 128.1179138322, 122.50566893424];"[138.7354505  135.55680711 128.60325528 170.26743674 134.91942104
 145.3535123  142.2886195  180.43756362]";1997-12-07;1998-01-25
30;8;ONLY_DWT_catboost_normal;0.06371769765939782;71.42857142857143;0.06419413094608262;9.302202537104822;0.06416720879655724;7.6784258971327475;[126.048752834467, 132.312925170068, 127.054988662131, 123.937074829932, 101.969954648526, 134.07029478458, 118.835034013605, 127.465986394558];"[125.36966899 128.07637748 120.54756401 110.76302988 117.16736647
 120.1501981  121.37571843 122.29387327]";1998-03-29;1998-05-17
4;8;ONLY_DWT_catboost_normal;0.0949000903809414;28.571428571428573;0.09939510370576055;21.287644232365547;0.09936583131210332;16.933960490147296;[176.785714285714, 205.994897959184, 185.572562358277, 174.036281179138, 145.975056689342, 154.024943310658, 155.229591836735, 156.632653061224];"[163.60921771 160.62606531 157.38697061 161.2818429  163.94055838
 161.88472839 160.08960987 161.93367292]";1998-03-29;1998-05-17
9;8;ONLY_DWT_catboost_normal;0.11940896454887108;28.571428571428573;0.12736474427718286;19.424175859088823;0.12732076690149075;18.44283561843622;[158.418367346939, 155.952380952381, 146.187641723356, 149.872448979592, 160.00566893424, 150.127551020408, 151.785714285714, 154.081632653061];"[131.24171684 136.95191032 154.83815428 129.96692484 132.2809692
 135.80594686 135.77795799 139.32616572]";1998-02-01;1998-03-22
29;8;ONLY_DWT_catboost_normal;0.06275143724942664;71.42857142857143;0.061834173613839666;7.760026932276017;0.061807629484347745;7.207473050498727;[122.619047619048, 108.956916099773, 110.615079365079, 127.18253968254, 110.530045351474, 106.944444444444, 113.945578231293, 125.722789115646];"[117.20935057 115.58996865 118.21185189 118.36971395 115.99144451
 120.19642957 116.68257165 117.96573027]";1997-10-12;1997-11-30
24;8;ONLY_DWT_catboost_normal;0.11530725107817894;42.857142857142854;0.1188783918121166;20.913627470364553;0.11883332532340285;15.836732792324545;[116.09977324263, 129.747732426304, 122.108843537415, 140.178571428571, 107.96485260771, 119.189342403628, 117.587868480726, 176.062925170068];"[127.62294593 134.31081551 124.61818411 120.06855003 126.57687896
 127.65015871 129.86058263 127.42023739]";1997-10-12;1997-11-30
14;8;ONLY_DWT_catboost_normal;0.11771744568497462;57.142857142857146;0.11745736733973675;20.243870285745004;0.11741435154619773;16.178292016035677;[148.497732426304, 140.787981859411, 178.259637188209, 128.047052154195, 109.835600907029, 117.417800453515, 128.004535147392, 133.007369614512];"[139.1459042  131.34013606 134.36029135 135.27085403 135.9628895
 135.29936289 135.87861914 140.62794898]";1997-12-07;1998-01-25
30;8;ONLY_DWT_catboost_normal;0.07414215480922767;57.142857142857146;0.07443633754067328;9.898810705578933;0.07440426762144882;8.660268328164909;[121.612811791383, 124.06462585034, 119.926303854875, 99.6773240244721, 133.956916099773, 118.891723356009, 115.164399092971, 122.307256235828];"[116.17368728 109.47197883 114.15070837 116.96060478 122.62890933
 115.74076613 110.41468088 115.3444396 ]";1998-02-01;1998-03-22
9;8;ONLY_DWT_catboost_normal;0.13322109128166104;42.857142857142854;0.12525995377520543;20.28560362320102;0.125217317908566;18.437962434105344;[145.393990929705, 153.458049886621, 175.977891156463, 140.547052154195, 128.954081632653, 128.44387755102, 130.144557823129, 137.18820861678];"[152.89407227 150.50457762 152.99752331 156.32290753 155.20813164
 156.14928275 154.59865148 157.0685824 ]";1997-12-07;1998-01-25
14;8;ONLY_DWT_catboost_normal;0.08773449646732068;57.142857142857146;0.08296987067184709;13.233499142132423;0.08293887717681092;11.117407416627517;[137.528344671202, 115.235260770975, 125.821995464853, 143.197278911565, 126.729024943311, 129.166666666667, 131.774376417234, 150.694444444445];"[140.94907669 142.40910957 142.36818536 139.37262143 136.87567894
 138.36687556 140.25128383 140.5443836 ]";1997-10-12;1997-11-30
9;8;ONLY_DWT_catboost_normal;0.09072699890557764;71.42857142857143;0.08594585735046753;14.385689646152379;0.08591712778464493;12.87713765726368;[142.998866213152, 127.565192743764, 150.198412698413, 161.833900226757, 143.069727891156, 148.4410430839, 142.517006802721, 157.993197278912];"[152.90981565 151.58907658 157.23509862 154.36371359 161.75384263
 164.66633236 158.23048793 161.94570756]";1997-10-12;1997-11-30
35;8;ONLY_DWT_catboost_normal;0.09412339090384714;57.142857142857146;0.09067457112831116;8.288172015918708;0.0906134636854673;6.7656572963347115;[76.7290249433107, 76.4314058956917, 60.2182539682539, 84.8781179138321, 64.7675736961452, 85.8843537414967, 81.9727891156462, 83.7868480725625];"[76.34968512 78.30829022 77.29403249 75.38664752 72.37419853 79.69105256
 77.18348375 77.07429415]";1998-03-29;1998-05-17
4;8;ONLY_DWT_catboost_normal;0.06607963001579839;57.142857142857146;0.06900181284599388;12.592136108820226;0.0689795937552908;10.724080235871945;[151.743197278912, 174.433106575964, 153.047052154195, 148.90873015873, 165.915532879819, 157.879818594104, 157.596371882086, 158.758503401361];"[152.70659014 154.82354875 158.17934324 141.80522062 143.97234905
 146.00242176 148.15595313 149.03561224]";1998-02-01;1998-03-22
45;8;ONLY_DWT_catboost_normal;0.10524315549948217;57.142857142857146;0.1113426648868647;15.689095879573896;0.11129825378273284;13.970101503437943;[119.118480725624, 139.413265306122, 134.807256235828, 126.757369614512, 112.230725623583, 144.033446712018, 131.916099773243, 124.305555555555];"[115.95269741 117.55544811 116.06298194 116.30532882 122.64273287
 118.27303532 118.03124434 116.82193319]";1998-03-29;1998-05-17
30;8;ONLY_DWT_catboost_normal;0.14739042625872043;14.285714285714286;0.13488513767286686;18.22422099932376;0.13482974648921103;16.425174361501163;[119.231859410431, 118.409863945578, 132.893990929705, 110.615079365079, 110.430839002268, 103.401360544218, 111.224489795918, 119.359410430839];"[128.89960904 132.44021122 130.29357626 132.20074528 131.87439591
 132.56876697 132.25932952 131.23082479]";1997-12-07;1998-01-25
40;8;ONLY_DWT_catboost_normal;0.14504520886532718;42.857142857142854;0.13347858469470114;21.004342898803507;0.13342990057793047;18.331427986619985;[148.100907029478, 158.90022675737, 126.615646258503, 114.710884353742, 120.252267573696, 151.062925170068, 120.535714285714, 142.361111111111];"[137.59438384 144.83919272 149.81219196 148.38918145 141.13711154
 146.70850401 152.66809816 150.19848598]";1998-03-29;1998-05-17
4;8;ONLY_DWT_catboost_normal;0.1396406539786097;71.42857142857143;0.13551938223879129;23.53182703528205;0.13547537916533908;21.116899248591523;[144.827097505669, 155.768140589569, 211.09693877551, 139.455782312925, 130.881519274376, 134.948979591837, 134.679705215419, 145.266439909297];"[129.6877386  161.25712685 169.31110101 158.68695386 147.13863545
 155.79697278 166.72064919 163.41022608]";1997-12-07;1998-01-25
35;8;ONLY_DWT_catboost_normal;0.11674152121931741;57.142857142857146;0.12495189623310923;10.794276556918758;0.1248675622262037;9.268530476768287;[67.6729024943311, 75.5243764172336, 86.4937641723356, 77.891156462585, 83.2199546485259, 63.9314058956916, 69.2743764172336, 82.327097505669];"[72.51514874 67.72904877 68.96963854 67.60576697 68.46960635 68.63925435
 69.0036278  68.35488809]";1998-02-01;1998-03-22
30;8;ONLY_DWT_catboost_normal;0.0983759229984963;57.142857142857146;0.09273416153095436;15.267877647416974;0.0926994948225077;12.489082723807355;[136.267006802721, 113.407029478458, 136.72052154195, 137.740929705216, 131.831065759637, 130.442176870748, 118.168934240363, 125.453514739229];"[131.11451309 127.24552524 139.36675343 168.24465859 123.87061875
 124.31650665 139.543858   137.76418528]";1997-10-12;1997-11-30
50;8;ONLY_DWT_catboost_normal;0.10497119803257812;42.857142857142854;0.1046318534760266;18.142627266388104;0.10458839159930206;12.754801482857705;[113.085218306155, 126.328248290373, 119.358232509206, 110.244608101, 92.3724355602315, 159.810625986323, 111.809573908469, 121.962125197265];"[121.76298436 120.94106126 115.28789727 112.43139639 117.88258259
 118.6628605  124.35276872 119.44689728]";1998-03-29;1998-05-17
4;8;ONLY_DWT_catboost_normal;0.7280412502005011;57.142857142857146;0.35461944539659107;58.03530243494052;0.3544708729331196;45.66702321881243;[30.7256235827664, 116.624149659864, 163.137755102041, 199.475623582767, 117.247732426304, 147.151360544218, 156.391723356009, 166.751700680272];"[155.75022551 192.77527789 182.90354041 171.91743793 155.65440191
 184.31349842 195.14844809 169.26265322]";1997-10-12;1997-11-30
45;8;ONLY_DWT_catboost_normal;0.1068530975874559;28.571428571428573;0.10954524125108472;14.13261196122433;0.10949698747163222;12.442247376953038;[116.56746031746, 113.392857142857, 110.856009070295, 107.624716553288, 129.804421768707, 112.414965986394, 118.353174603175, 105.881519274376];"[108.55352314 100.88679108 127.00187005 119.8330352  102.56751373
 109.04506728 105.76126133 113.34659541]";1998-02-01;1998-03-22
40;8;ONLY_DWT_catboost_normal;0.16348794468381841;57.142857142857146;0.17092461364346956;24.187148437723682;0.17085906571558962;22.346727533759974;[127.876984126984, 109.665532879819, 141.695011337868, 146.683673469388, 133.956916099773, 138.081065759637, 150.680272108844, 157.482993197279];"[117.25350833 141.05571747 134.10290002 129.33841494 107.78924386
 116.53973279 121.73628215 122.31319834]";1998-02-01;1998-03-22
50;8;ONLY_DWT_catboost_normal;0.16473550106410634;85.71428571428571;0.18509579211351862;22.454968359328152;0.18500537179449877;19.019059087233607;[125.433982114677, 93.0825881115203, 111.954234613361, 100.960021041557, 119.857969489742, 124.329300368227, 83.1358003485455, 111.217780115729];"[ 93.59264989  87.9167712   88.39982852  86.47287987 106.46796021
  84.41181124  80.53098473  90.02631785]";1998-02-01;1998-03-22
55;8;ONLY_DWT_catboost_normal;0.1652081893628285;71.42857142857143;0.1740132011710782;17.946119236068284;0.17389645775861198;13.341365742813585;[73.9216201998948, 83.6533403471857, 113.545502367175, 73.0010520778537, 49.3556023145713, 83.4297738032615, 76.1441346659652, 75.1841136244083];"[72.8031619  66.45780745 72.94536942 67.80252274 67.38729917 68.44414824
 73.38970171 68.33759655]";1998-03-29;1998-05-17
35;8;ONLY_DWT_catboost_normal;0.2376760899243463;28.571428571428573;0.2311853555906218;20.25934567717604;0.23103418547538723;18.146236587628497;[97.2930839002267, 107.667233560091, 101.856575963719, 81.3350340136054, 46.8253968253969, 66.8509070294785, 69.3027210884354, 69.2460317460318];"[78.46370795 73.57276649 77.65099983 83.78387549 71.20747402 81.85963698
 79.98915366 84.76042411]";1997-12-07;1998-01-25
45;8;ONLY_DWT_catboost_normal;0.23626337953813162;57.142857142857146;0.2223700730675801;27.789347524903945;0.22227405017835428;26.088558975653658;[101.261337868481, 129.166666666667, 163.988095238095, 123.696145124717, 106.037414965986, 83.1916099773242, 95.8616780045352, 98.8236961451247];"[128.76255932 111.63416682 116.11755126 139.1735999  128.77856148
 113.4756264  123.3941486  118.59281438]";1997-12-07;1998-01-25
40;8;ONLY_DWT_catboost_normal;0.13833515206631447;85.71428571428571;0.1367376905730705;19.407228788981996;0.1366848123843974;17.80768627971104;[139.625850340136, 139.710884353742, 156.916099773243, 155.924036281179, 112.03231292517, 119.21768707483, 101.261337868481, 131.760204081633];"[124.73631987 124.82428569 129.16197168 134.7201032  132.74525273
 138.18701928 124.94519328 132.12137659]";1997-12-07;1998-01-25
31;8;ONLY_DWT_catboost_normal;0.21469418645902275;28.571428571428573;0.18871139138274864;28.310516299760526;0.18864165263461868;25.572386557779595;[150.340136054422, 122.19387755102, 120.549886621315, 121.159297052154, 100.977891156463, 129.549319727891, 133.659297052154, 136.848072562358];"[139.24437633 151.53814222 148.28836713 150.74048146 153.44944953
 152.82084136 150.85788823 150.72580453]";1998-03-29;1998-05-17
45;8;ONLY_DWT_catboost_normal;0.146042392301296;57.142857142857146;0.13214746552871157;18.275006101260075;0.13209032467424364;15.325158944846871;[107.49716553288, 91.7091836734694, 112.329931972789, 133.574263038549, 113.222789115646, 107.440476190476, 104.875283446712, 122.463151927438];"[123.54524888 125.58773997 138.47444347 125.06870308 119.22046947
 122.25710341 120.7957425  123.75294575]";1997-10-12;1997-11-30
50;8;ONLY_DWT_catboost_normal;0.3972285078468648;71.42857142857143;0.32124149366376886;34.55594383416522;0.3210772647955874;31.722522551919887;[118.990005260389, 142.043661230931, 73.8953182535508, 78.6285130394433, 63.9137296159916, 94.2793266701737, 71.3571804313519, 93.8979484481852];"[113.04081159 111.8126859  113.83868098 117.30753839 114.85550741
 115.69750742 115.60452755 116.26826613]";1997-12-07;1998-01-25
40;8;ONLY_DWT_catboost_normal;0.09594018717790802;28.571428571428573;0.09210542638281302;14.24017967047005;0.09206945497383812;11.827891240218381;[125.368480725624, 106.420068027211, 138.293650793651, 139.696712018141, 135.019841269841, 116.482426303855, 122.576530612245, 149.560657596372];"[128.57010962 132.9387024  129.42211379 130.81779239 132.85279251
 135.60617542 130.69025327 131.8127681 ]";1997-10-12;1997-11-30
35;8;ONLY_DWT_catboost_normal;0.11934236345205591;14.285714285714286;0.11416854787223135;10.28376727601281;0.11409747887565455;9.214552056287495;[84.8497732426303, 63.6054421768707, 86.3378684807257, 91.5958049886622, 78.3871882086168, 72.4773242630385, 78.7131519274377, 95.5357142857143];"[81.0452116  81.8788921  81.31315942 82.34297893 84.39170407 85.60634509
 85.35219039 83.94741967]";1997-10-12;1997-11-30
55;8;ONLY_DWT_catboost_normal;0.15627710049201307;57.142857142857146;0.1269534799760302;13.304853437086592;0.1268556257395821;8.290528079083963;[71.8174644923725, 43.0431351920042, 71.2519726459759, 74.105733824303, 79.1425565491846, 70.4497632824829, 76.5912677538138, 63.4271436086271];"[71.52710769 78.2844942  75.23944525 67.42442948 72.43579221 67.74102337
 72.63795964 70.18206311]";1998-02-01;1998-03-22
31;8;ONLY_DWT_catboost_normal;0.11180104696881668;57.142857142857146;0.11023383866008706;17.587118571447853;0.11019331591472004;15.086043343628097;[146.003401360544, 126.374716553288, 106.788548752835, 130.78231292517, 154.931972789116, 144.770408163265, 138.066893424036, 162.840136054422];"[154.06044605 134.39951984 136.90085357 141.30291586 135.96592112
 130.93482956 134.53758285 135.19748588]";1998-02-01;1998-03-22
41;8;ONLY_DWT_catboost_normal;0.05962137554306535;57.142857142857146;0.05879597803829425;10.267272381636923;0.05877580954346865;8.591552984243481;[144.246031746032, 157.511337868481, 133.74433106576, 152.253401360544, 128.784013605442, 164.314058956916, 153.713151927438, 155.527210884354];"[139.48820285 148.29783601 145.52103279 147.5922365  147.6338755
 150.39462131 153.27084615 150.41558966]";1998-03-29;1998-05-17
46;8;ONLY_DWT_catboost_normal;0.05084525536897942;42.857142857142854;0.053037164924265745;18.24420657711767;0.05302716538804682;14.074462392354558;[254.280045351474, 260.572562358277, 262.585034013605, 259.05612244898, 255.711451247166, 292.786281179138, 272.534013605442, 280.144557823129];"[253.60683724 246.63941714 251.47769739 253.44064289 254.03879256
 255.86052843 255.48499528 254.52545797]";1998-03-29;1998-05-17
50;8;ONLY_DWT_catboost_normal;0.07545406179051833;42.857142857142854;0.07268768901670067;9.619467182836145;0.07265454357092088;7.988168008252359;[111.03366649132, 93.8979484481851, 111.362440820621, 105.68122041031, 118.608627038401, 113.959444903685, 102.09100473435, 123.961073119411];"[109.44738589 111.44197229 117.79556215 111.77242973 112.46567413
 115.22851806 115.86122552 112.89261101]";1997-10-12;1997-11-30
31;8;ONLY_DWT_catboost_normal;0.141884039432658;71.42857142857143;0.13320959475868177;20.66519747251192;0.13316356743963628;19.39058864943849;[151.629818594104, 144.367521688668, 188.690476190476, 139.625850340136, 133.304988662131, 117.531179138322, 127.763605442177, 136.451247165533];"[135.42015921 157.28904794 171.26466791 155.81650894 142.82495368
 150.19954546 154.19625185 160.2073261 ]";1997-12-07;1998-01-25
41;8;ONLY_DWT_catboost_normal;0.16471121602880429;71.42857142857143;0.16412019481580215;24.875776160544035;0.16406158932991904;23.099874058386163;[110.501700680272, 120.416274523136, 131.972789115646, 130.711451247166, 160.78514739229, 174.433106575964, 153.401360544218, 155.598072562358];"[146.16075613 136.50519458 153.59355817 122.64985123 128.0267517
 140.93183094 136.18464186 135.70581468]";1998-02-01;1998-03-22
31;8;ONLY_DWT_catboost_normal;0.11579546789945058;28.571428571428573;0.10161761016337248;20.161841956344507;0.10157913748215971;13.547346386812082;[141.128117913832, 95.7199546485261, 149.291383219954, 130.116213151927, 155.62641723356, 139.725056689342, 144.869614512472, 162.769274376417];"[144.53841836 146.48867889 145.75259593 146.35548296 146.74745342
 147.10193735 147.30365607 147.0374711 ]";1997-10-12;1997-11-30
55;8;ONLY_DWT_catboost_normal;0.20594881040635873;71.42857142857143;0.21760600004391326;25.44963298809725;0.21747701807629904;18.949589684247357;[80.5760126249341, 102.169910573383, 139.334560757496, 85.0078905839031, 66.4518674381905, 61.5728563913729, 67.5433982114676, 66.2546028406102];"[82.81928458 67.89465216 82.56269409 79.66273054 80.82575339 78.42846233
 81.81339227 73.71627729]";1997-12-07;1998-01-25
46;8;ONLY_DWT_catboost_normal;0.04971441953181791;57.142857142857146;0.04763788491871933;16.426217349375236;0.04762796577056215;11.46618542668364;[258.460884353742, 242.871315192744, 257.100340136054, 255.952380952381, 253.897392290249, 207.8089569161, 250.921201814059, 259.169501133787];"[254.5585812  259.74353056 255.7026521  244.4803251  244.02249179
 247.46687972 249.667209   251.87109624]";1998-02-01;1998-03-22
36;8;ONLY_DWT_catboost_normal;0.2681984276450724;57.142857142857146;0.2606617043138322;35.32795889685278;0.2605229247483144;25.940258117867703;[101.530612244898, 79.6626984126986, 53.0045351473923, 69.0617913832199, 85.3883219954649, 126.417233560091, 172.831632653061, 86.4654195011338];"[92.13994384 96.30637786 91.69702021 87.67984358 90.86308696 92.84583514
 91.56907268 90.33387598]";1998-03-29;1998-05-17
41;8;ONLY_DWT_catboost_normal;0.12202085330160335;42.857142857142854;0.1390754816304121;34.34719343548894;0.13902943301410875;21.203220481883296;[132.312925170068, 166.72335600907, 210.260770975057, 141.921768707483, 128.613945578231, 147.037981859411, 124.815759637188, 125.524376417233];"[132.61239478 131.93957733 123.19133312 144.61515997 135.94540429
 126.99944261 120.15154034 138.2698456 ]";1997-12-07;1998-01-25
51;8;ONLY_DWT_catboost_normal;0.11867075963944121;71.42857142857143;0.11795993474227817;30.012423708340258;0.11793102335735814;24.35417763698298;[198.645449763282, 221.225670699632, 269.989479221462, 184.968437664387, 169.831667543398, 226.420305102578, 211.322987901105, 201.998947922146];"[161.9074529  213.54028891 218.51087296 208.78019199 216.46268772
 224.01773272 229.82982872 209.57819641]";1998-03-29;1998-05-17
36;8;ONLY_DWT_catboost_normal;0.3994987856185578;42.857142857142854;0.3232375213175365;41.311710867468854;0.32310000204429934;38.044265093813024;[102.735260770975, 100.481859410431, 94.1893424036282, 86.9331065759637, 105.130385487528, 102.480158730159, 93.7925170068027, 93.0555555555555];"[ 96.8331114  126.84034928 153.10921674 144.88647469 138.71100593
 141.68836679 138.95153582 130.32794729]";1998-02-01;1998-03-22
32;8;ONLY_DWT_catboost_normal;0.17280851422274265;42.857142857142854;0.18963388238170534;32.1488924004822;0.1895689912348926;27.916784331761438;[135.756802721088, 161.848072562358, 158.149092970522, 190.079365079365, 112.641723356009, 150.637755102041, 180.00283446712, 151.587301587302];"[132.91231753 118.16814408 134.08607986 142.31802034 132.94823199
 130.51714748 130.53174528 136.50000391]";1998-03-29;1998-05-17
46;8;ONLY_DWT_catboost_normal;0.1068141894154912;85.71428571428571;0.11288516473320412;36.18513311146782;0.11286244860367524;28.263497534048096;[263.137755102041, 259.197845804989, 322.066326530612, 226.615646258503, 209.041950113379, 223.327664399093, 221.301020408163, 248.767006802721];"[227.49354846 222.36635447 240.16973889 239.25759933 232.21029896
 232.74036208 235.99608862 236.94937996]";1997-12-07;1998-01-25
51;8;ONLY_DWT_catboost_normal;0.19840758421371268;28.571428571428573;0.22599914873017596;55.72934685789945;0.22594149200682065;44.52955904323389;[205.28669121515, 233.824302998422, 195.081536033667, 183.837453971594, 228.577064702788, 263.256180957391, 169.700157811678, 185.468174644924];"[176.28137105 136.26993361 233.28433681 161.86201341 178.07760453
 164.64913114 185.55656336 180.93254873]";1998-02-01;1998-03-22
41;8;ONLY_DWT_catboost_normal;0.11823118899964379;0.0;0.1108528444367799;18.979541879563264;0.11081371657835307;15.77244581388837;[161.451247165533, 142.828798185941, 131.575963718821, 150.93537414966, 155.612244897959, 111.09693877551, 133.234126984127, 166.524943310658];"[145.45535011 150.57177619 150.7424003  148.82865123 148.37807733
 150.31877721 149.86868658 148.44797695]";1997-10-12;1997-11-30
36;8;ONLY_DWT_catboost_normal;0.5569901132844027;28.571428571428573;0.35393987306898433;39.65668171158714;0.35372901365489273;30.087347728452393;[118.962585034014, 125.0, 107.001133786848, 53.7273242630385, 38.1802721088436, 64.5266439909298, 75.0425170068027, 103.883219954649];"[116.73847662 113.94897468 110.64332325 111.22684452 112.75969056
 111.36648909 111.11747015 112.67094163]";1997-12-07;1998-01-25
55;8;ONLY_DWT_catboost_normal;0.12484998800636284;57.142857142857146;0.11565714385780387;11.544312402449096;0.1155824039664809;9.001942508772117;[82.8248290373488, 72.0015781167807, 59.1947668073016, 94.8711204629142, 89.9263545502367, 83.3308283860624, 85.1920042083114, 70.1209889531825];"[84.52091921 80.21384857 84.11616776 80.89553114 83.16828276 78.58982845
 83.95889126 80.59899345]";1997-10-12;1997-11-30
46;8;ONLY_DWT_catboost_normal;0.13450258742342075;42.857142857142854;0.12005430478390448;33.521741586374475;0.12002676730834988;26.29952183457126;[217.020975056689, 207.950680272109, 164.611678004535, 246.24433106576, 241.794217687075, 223.228458049887, 207.922335600907, 234.679705215419];"[244.99029276 246.44788279 233.23045468 240.86295568 240.51090879
 243.17675352 246.45790179 244.84203705]";1997-10-12;1997-11-30
32;8;ONLY_DWT_catboost_normal;0.09493265533309563;71.42857142857143;0.08983336212637885;14.540780310940564;0.0898008904029516;12.440011721631544;[139.469954648526, 119.628684807256, 136.238662131519, 131.09410430839, 146.301020408163, 126.190476190476, 139.229024943311, 150.255102040816];"[155.82904996 147.674262   148.96607134 139.63092703 133.94631899
 140.38798132 146.16411184 149.89120614]";1998-02-01;1998-03-22
36;8;ONLY_DWT_catboost_normal;2.0104176535745886;42.857142857142854;0.9038643546395893;269.7445611811408;0.9036711110032283;229.60007820699;[120.833333333333, 119.614512471655, 111.777210884354, 97.7831514860898, 107.18537414966, 126.757369614512, 102.536848072562, 131.207482993197];"[163.73904831 197.21122081 240.73130894 285.67605206 345.92050595
 417.7158128  502.6915347  600.8104251 ]";1997-10-12;1997-11-30
42;8;ONLY_DWT_catboost_normal;0.10835812979945532;57.142857142857146;0.10404413938876102;20.331245028305762;0.10400822329652934;15.306412454776659;[148.256802721088, 157.8089569161, 173.313492063492, 151.332199546485, 104.861111111111, 182.057823129252, 166.836734693878, 151.913265306122];"[150.608497   146.6764266  158.28835624 149.63483986 145.43524186
 150.08416259 150.42252097 155.19583983]";1998-03-29;1998-05-17
51;8;ONLY_DWT_catboost_normal;0.16051637730275217;42.857142857142854;0.15186972423222128;35.408918953976205;0.15182848308200386;28.38395196233228;[197.856391372962, 207.969489742241, 258.561283534982, 188.197769463739, 136.804921863538, 148.921620199895, 181.680694371383, 172.198842714361];"[194.03448291 179.03612635 197.19028536 184.69187136 192.42637675
 190.41583771 192.27636506 193.92694719]";1997-12-07;1998-01-25
32;8;ONLY_DWT_catboost_normal;0.20887966067374145;42.857142857142854;0.2412956592996955;44.85197439525524;0.24121252631418638;35.42273965985422;[150.212585034014, 178.500566893424, 210.884353741497, 153.543083900227, 116.865079365079, 106.451700441706, 125.141723356009, 172.023809523809];"[118.24463887 113.83725132 123.4656217  129.79445742 123.63102548
 123.63785725 121.80098792 123.73335087]";1997-12-07;1998-01-25
47;8;ONLY_DWT_catboost_normal;0.13796839047198087;0.0;0.12751420405702002;29.187396550026563;0.12747772142423974;22.415819706348714;[200.949546485261, 180.753968253968, 193.721655328798, 186.493764172336, 130.980725623583, 214.597505668934, 153.472222222222, 181.221655328798];"[175.26225846 178.98469327 175.4463868  178.80086239 191.84476771
 183.9343341  186.84024173 182.2282465 ]";1998-03-29;1998-05-17
56;8;ONLY_DWT_catboost_normal;0.07770251161506414;71.42857142857143;0.07605166087773181;11.408788899145751;0.07602001738625229;9.196953748163292;[131.970015781168, 140.623356128353, 120.581273014203, 111.454497632825, 97.6065228826934, 134.324039978958, 133.048395581273, 129.852709100474];"[130.48585233 128.12810435 121.59864068 116.86674307 120.906062
 126.90366236 120.64928563 119.80513414]";1998-03-29;1998-05-17
37;8;ONLY_DWT_catboost_normal;0.059749127439036306;28.571428571428573;0.06029246480843299;15.050658808086904;0.06027754171751919;12.202777119644583;[187.825963718821, 196.825396825397, 191.850907029478, 181.164965986395, 196.626984126984, 229.804421768707, 213.888888888889, 198.993764172336];"[202.24908404 197.42599596 199.61962789 196.37398678 205.57475021
 198.37542634 198.8302449  203.17911452]";1998-03-29;1998-05-17
32;8;ONLY_DWT_catboost_normal;0.1238339343555423;57.142857142857146;0.11443478480296163;16.75184664329858;0.11438780999767112;14.01734815932064;[116.992630385487, 93.5799319727892, 137.542517006803, 142.857142857143, 121.40022675737, 112.684240362812, 129.053287981859, 140.830498866213];"[132.5161414  128.45220626 132.22163858 128.53141934 132.11399028
 131.19515599 132.83183502 131.73732704]";1997-10-12;1997-11-30
47;8;ONLY_DWT_catboost_normal;0.11737393737630111;71.42857142857143;0.11008478553311975;22.49735835776574;0.11005297005689493;19.129373880962426;[207.312925170068, 189.739229024943, 145.624036042613, 169.21768707483, 145.649092970522, 175.46768707483, 187.287414965986, 163.137755102041];"[181.04895857 199.87016561 178.31436091 182.0128169  183.5810969
 186.00314961 186.3615545  184.89906135]";1998-02-01;1998-03-22
37;8;ONLY_DWT_catboost_normal;0.0729969062972845;42.857142857142854;0.071439206006744;17.22174853590977;0.07142104916744091;14.066286076910256;[202.395124716553, 180.768140589569, 185.16156462585, 177.664399092971, 216.113945578231, 190.915532879818, 195.833333333333, 214.52664399093];"[197.54292638 211.78399841 205.0715337  191.20367464 206.23332491
 193.892291   191.61553819 188.38883009]";1998-02-01;1998-03-22
51;8;ONLY_DWT_catboost_normal;0.1302269822251515;71.42857142857143;0.1251594496706025;25.345614364780133;0.12512589699443233;23.429897888243026;[187.611783271962, 167.964229352972, 217.096265123619, 199.263545502367, 214.807995791689, 149.607707364903, 186.568204346441, 173.329826407154];"[201.7805757  194.24577698 188.51609267 182.98946394 189.38628656
 193.63599539 198.05456516 194.52805738]";1997-10-12;1997-11-30
56;8;ONLY_DWT_catboost_normal;0.28487218003958525;42.857142857142854;0.3407993807367711;39.62602635854165;0.34063982922996694;36.59319586474885;[115.846922672278, 125.315623356128, 122.606522882693, 107.233035244608, 149.053129931615, 138.729615991584, 116.267753813782, 126.551814834298];"[ 82.62670102  72.05191553  91.28547293 102.84852884  96.83062004
  88.44055689  87.23198641  87.54307015]";1998-02-01;1998-03-22
42;8;ONLY_DWT_catboost_normal;0.0527206838637011;71.42857142857143;0.05243060210051497;8.623708651346801;0.052412846157688445;7.757810585868256;[155.342970521542, 152.225056689342, 160.912698412698, 148.384353741497, 143.494897959184, 133.27664399093, 136.522108843537, 159.708049886621];"[148.12122544 147.55064436 167.71489309 142.32997016 144.88562469
 146.39504825 146.49817781 146.88350083]";1998-02-01;1998-03-22
33;8;ONLY_DWT_catboost_normal;0.09494469307563233;57.142857142857146;0.09364336468082776;27.19899506350778;0.09362480165705195;23.716694609622;[277.210884353742, 272.293083900227, 231.09410430839, 260.204081632653, 225.212585034014, 300.212585034014, 251.672335600907, 214.668367346939];"[256.47680377 251.50521262 255.86601336 254.95528462 253.18813802
 255.26851823 257.16588433 254.44609778]";1998-03-29;1998-05-17
47;8;ONLY_DWT_catboost_normal;0.14199845661143365;14.285714285714286;0.15157546066979172;48.132385145003184;0.1515408023746726;33.477413378172976;[211.862244897959, 235.870181405896, 307.157029478458, 190.419501133787, 195.266439909297, 178.117913832199, 191.652494331066, 186.72052154195];"[219.08170766 193.98748485 187.68721586 204.20637388 206.5593439
 216.09035686 205.28140525 209.28672495]";1997-12-07;1998-01-25
52;8;ONLY_DWT_catboost_normal;0.08428065964039089;42.857142857142854;0.08808728738058871;8.285550552268996;0.0880317678747584;6.999413889885151;[78.4192530247238, 80.3129931614939, 86.8095739084692, 78.4061020515518, 68.5691741188848, 91.2677538137822, 78.5113098369279, 85.0341925302472];"[76.59394487 75.07464468 76.69971488 75.08927566 75.31011327 74.65771179
 74.6733653  76.71814918]";1998-03-29;1998-05-17
37;8;ONLY_DWT_catboost_normal;0.20316857615019895;85.71428571428571;0.19842706202833332;48.81798863907977;0.1983781851099406;41.02502746998475;[240.802154195011, 223.143424036281, 303.458049886621, 153.032879818594, 160.133219954649, 163.236961451247, 177.593537414966, 211.649659863946];"[209.81021834 162.30353755 222.03550379 215.27527847 218.08124023
 159.87571    197.63577894 223.00159928]";1997-12-07;1998-01-25
56;8;ONLY_DWT_catboost_normal;0.2705340775847638;71.42857142857143;0.2281605615790463;28.68460463240039;0.22805535565005747;25.09183585237777;[130.15518148343, 139.873750657549, 140.833771699106, 93.9768542872173, 92.7932667017358, 67.5302472382957, 103.879537085744, 106.956864807996];"[125.07366751 119.98801375 124.19557905 135.65531859 121.91939334
 118.32877046 119.96512264 128.39740837]";1997-12-07;1998-01-25
42;8;ONLY_DWT_catboost_normal;0.1507320601853115;57.142857142857146;0.14241514854800552;23.757202206003367;0.14236810141363376;21.655953615109194;[157.553854875283, 161.550453514739, 192.81462585034, 135.770975056689, 138.43537414966, 132.865646258503, 127.891156462585, 133.90022675737];"[152.04557615 153.1147557  159.42293349 164.80159702 155.80830851
 154.92139441 159.55638723 159.68765152]";1997-12-07;1998-01-25
33;8;ONLY_DWT_catboost_normal;0.1035398841689284;85.71428571428571;0.11019830518884559;28.19931712362355;0.11017519584190727;26.30115978036992;[253.28798185941, 249.050453514739, 260.034013605442, 256.292517006803, 258.503401360544, 250.77947845805, 253.018707482993, 256.25];"[240.5950381  202.24136088 240.27638595 222.62214964 232.45002893
 220.42377399 237.05122518 231.14731237]";1998-02-01;1998-03-22
52;8;ONLY_DWT_catboost_normal;0.08908224801885573;28.571428571428573;0.0900689727009545;7.24399000909337;0.09000654305293085;6.515004036587458;[79.6028406102051, 69.8207531302895, 75.841662283009, 72.9089952656498, 67.8149166031484, 77.735402419779, 72.8169384534455, 82.0357706470278];"[75.83467914 78.97761256 69.05478584 59.92377243 75.406971   74.43068725
 78.12172102 78.81441068]";1998-02-01;1998-03-22
47;8;ONLY_DWT_catboost_normal;0.22386492851048198;28.571428571428573;0.18986360441583844;45.49950073225736;0.18981463944527005;36.907663126617734;[201.984126984127, 169.600340136055, 222.803287981859, 172.732426303855, 148.710317460318, 152.253401360544, 216.468253968254, 207.312925170068];"[222.76135792 229.64246771 221.38328648 223.69776116 220.70372365
 218.21797056 221.42330107 226.45651283]";1997-10-12;1997-11-30
56;8;ONLY_DWT_catboost_normal;0.05829130126312516;28.571428571428573;0.059498714972958666;9.83727073945842;0.0594747575915517;7.408477414020158;[113.190426091531, 112.006838506049, 122.027880063125, 136.059968437665, 119.84481851657, 118.75955011147, 113.269331930563, 141.846396633351];"[119.20691936 119.58666732 122.98889991 122.08164477 119.49710069
 120.16084904 122.1881804  121.78210815]";1997-10-12;1997-11-30
42;8;ONLY_DWT_catboost_normal;0.2950534803776694;71.42857142857143;0.24874021186531958;45.65856306215803;0.24866574260663601;41.79061181021642;[153.996598639456, 113.577097505669, 164.314058956916, 180.15873015873, 140.589569160998, 141.25566893424, 153.358843537415, 161.323696145125];"[181.73517139 182.07150278 187.86298176 189.16391383 192.84453747
 194.37125993 200.9433487  213.90644166]";1997-10-12;1997-11-30
37;8;ONLY_DWT_catboost_normal;0.08837243862259486;71.42857142857143;0.08700121670648647;21.0576463140014;0.08697894165993095;17.163689810354605;[193.778344671202, 160.147392290249, 234.778911564626, 209.112811791383, 201.133786848073, 158.786848072562, 203.202947845805, 231.164965986395];"[200.6723045  171.02719095 204.68038966 216.40771795 191.91052592
 197.17285869 197.50235656 202.33249689]";1997-10-12;1997-11-30
48;8;ONLY_DWT_catboost_normal;0.21479173670270976;57.142857142857146;0.1969506598132395;30.358086289196137;0.19687656085500732;26.4449014538081;[133.460884353742, 158.092403628118, 120.748299319728, 123.611111111111, 100.255102040816, 114.696712018141, 119.657029478458, 108.758503401361];"[174.21500292 118.10040652 124.40512161 169.49217821 135.52190131
 128.45013303 131.25082905 129.41969013]";1998-03-29;1998-05-17
52;8;ONLY_DWT_catboost_normal;0.3103253429199591;42.857142857142854;0.2550165256905964;21.21680661508824;0.2548389413360282;18.502115702851412;[91.12309310889, 59.1004734350342, 57.0226196738558, 45.6075749605471, 72.8037874802735, 69.1215149921095, 72.4618621778012, 72.290899526565];"[79.53888587 83.19113774 83.97737509 79.9358239  84.14672371 96.79643332
 81.18644642 75.60751046]";1997-12-07;1998-01-25
33;8;ONLY_DWT_catboost_normal;0.17809088038170154;57.142857142857146;0.1893319076622459;53.711221411413504;0.18929098977806255;44.3818583067778;[251.998299319728, 263.265306122449, 331.136621315193, 171.357709750567, 208.333333333333, 215.802154195011, 229.861111111111, 243.863378684807];"[195.655077   201.74726878 223.06698451 221.39360445 232.40609827
 224.91390335 217.43090876 210.39001982]";1997-12-07;1998-01-25
38;8;ONLY_DWT_catboost_normal;0.24628341909758955;71.42857142857143;0.21600751222967507;35.49764765420847;0.21593733047496283;33.4111418513676;[131.87358276644, 137.074829931973, 145.946712018141, 147.789115646259, 114.044784580499, 141.184807256236, 145.890022675737, 139.498299319728];"[167.68934288 182.22537722 186.53364349 173.8357754  155.30715397
 188.62488934 161.80820851 154.56689819]";1998-03-29;1998-05-17
57;8;ONLY_DWT_catboost_normal;0.11315587194753181;14.285714285714286;0.12264037689713773;21.710710455651896;0.1225970448097093;17.390330919321663;[137.835349815886, 151.301946344029, 145.607574960547, 136.770120988953, 126.157285639137, 172.77748553393, 142.990531299316, 156.483429773803];"[135.88124733 124.8284585  128.18511252 126.59978582 135.63129023
 128.60715678 137.86724858 132.14878642]";1998-03-29;1998-05-17
43;8;ONLY_DWT_catboost_normal;0.06833938541794649;57.142857142857146;0.06656365157570862;11.69796934297818;0.06653802976022999;8.675732956923175;[126.303854875283, 129.393424036281, 134.651360544218, 121.768707482993, 110.884353741497, 152.636054421769, 129.37925170068, 131.774376417233];"[133.45769201 132.96053872 133.75251411 133.23603194 132.56166963
 132.16974632 132.18762688 133.14111819]";1998-03-29;1998-05-17
52;8;ONLY_DWT_catboost_normal;0.1201181421203856;42.857142857142854;0.1125536287303607;11.090828721009142;0.11247929833777125;8.652544168779933;[75.9337190952131, 72.0015781167807, 83.6138874276697, 93.5034192530247, 88.5718043135191, 94.4525258814732, 81.7069963177276, 54.3135192004208];"[75.4351568  83.42849245 81.28997509 78.5998727  83.01366627 85.33977327
 78.73718828 76.74023834]";1997-10-12;1997-11-30
57;8;ONLY_DWT_catboost_normal;0.17539322963572662;71.42857142857143;0.15284066005620986;24.518039535551928;0.15277914680451277;19.437527984808824;[149.53971593898, 127.275118358759, 125.449369647912, 79.5393223044083, 156.970015781168, 125.39452919516, 131.351920042083, 141.649132035771];"[158.69536271 163.69819906 138.93656819 128.50749335 132.14860659
 137.28159353 138.06358597 145.69511941]";1998-02-01;1998-03-22
33;8;ONLY_DWT_catboost_normal;0.10910814597142889;71.42857142857143;0.09869523736481908;30.077840698198926;0.09867161340761568;20.830153030045793;[219.827097505669, 200.453514739229, 224.036281179138, 239.99433106576, 238.024376417234, 153.925736961451, 237.089002267574, 260.303287981859];"[224.2288219  220.06509827 226.6104703  227.98974135 225.83078572
 226.87034332 227.72510647 226.75624336]";1997-10-12;1997-11-30
48;8;ONLY_DWT_catboost_normal;0.11404274616875093;57.142857142857146;0.11482960227889043;14.206097754283858;0.11477864969653905;13.015694709954193;[132.454648526077, 113.59126984127, 119.84126984127, 99.8441043083899, 137.457482993197, 117.984693877551, 103.259637188209, 94.2460317460316];"[119.14510037 100.03827664 112.32345267 113.22632194 112.88297939
 112.02209706 111.42232346 111.90922656]";1998-02-01;1998-03-22
38;8;ONLY_DWT_catboost_normal;0.1692061656070724;28.571428571428573;0.16290841563166764;24.780037323852362;0.16284239570728873;20.26676228894039;[142.729591836735, 135.643424036281, 133.843537414966, 118.466553287982, 157.823129251701, 135.345804988662, 86.0260770975055, 137.5];"[119.16014844 116.92549266 134.61395588 126.15304075 120.4991816
 121.25250229 132.69759501 124.19895064]";1998-02-01;1998-03-22
48;8;ONLY_DWT_catboost_normal;0.1508557020708897;57.142857142857146;0.1415401926160535;20.619099616170963;0.1414816995835798;17.25702010128117;[124.886621315193, 144.359410430839, 152.621882086168, 101.318027210884, 124.121315192744, 92.3185941043083, 113.662131519274, 122.222222222222];"[127.36571512 122.56752884 126.77048965 129.7439031  128.21145524
 126.84436575 127.00857673 129.7677824 ]";1997-12-07;1998-01-25
57;8;ONLY_DWT_catboost_normal;0.11703537127393966;14.285714285714286;0.13159716810141686;32.90298713809821;0.13155304495173378;19.897879676994332;[160.034192530247, 155.733824302998, 211.296685954761, 145.857443450815, 130.54971067859, 120.594423987375, 134.508153603366, 138.558653340347];"[149.78729572 153.43954106 125.82873193 118.91608832 129.10976944
 139.51249988 135.79901513 125.97498379]";1997-12-07;1998-01-25
43;8;ONLY_DWT_catboost_normal;0.10318290813029468;57.142857142857146;0.11137237683787238;16.93235153913459;0.11132786808351933;13.95144662066202;[126.87074829932, 140.46201814059, 129.53514739229, 129.903628117914, 148.327664399093, 129.322562358276, 121.074263038549, 134.495464852608];"[121.7409315  137.84745435 112.55419789 109.87858143 114.96695968
 115.84226129 117.23145963 118.31807786]";1998-02-01;1998-03-22
57;8;ONLY_DWT_catboost_normal;0.24268123460783544;57.142857142857146;0.19570472923178478;34.043639464630864;0.19563024469822288;25.901193841036637;[144.345081536034, 150.433982114676, 147.724881641242, 106.091137138706, 110.082144378004, 134.382906239824, 147.185691741189, 87.3882167280379];"[161.80650549 171.82679413 147.24889563 145.42333822 139.04121066
 152.84346877 141.91852389 163.24854774]";1997-10-12;1997-11-30
38;8;ONLY_DWT_catboost_normal;0.16535062200427372;28.571428571428573;0.16295211256936648;26.30420952112707;0.16289148733661252;21.976060180671638;[142.474489795918, 143.891723356009, 170.960884353742, 126.700680272109, 110.260770975057, 116.142290249433, 124.475623582766, 115.15022675737];"[132.42819998 122.79384732 121.04685949 151.70102993 149.01990113
 126.29525284 129.87682645 130.58687224]";1997-12-07;1998-01-25
53;8;ONLY_DWT_catboost_normal;0.20055172081739558;14.285714285714286;0.19249588004092266;27.2694545970598;0.19241899378755967;24.226518069054528;[138.598106259863, 140.570752235665, 132.995791688585, 142.214623882167, 117.937927406628, 100.604944765913, 113.821672803788, 102.511835875855];"[146.53408354 111.56672389 114.18961941 109.25129988 163.39955502
 126.8555466  118.45028372 131.27363816]";1998-03-29;1998-05-17
48;8;ONLY_DWT_catboost_normal;0.09111909522994556;71.42857142857143;0.0882153049321508;12.971033772845008;0.08817938689140666;10.87583484453741;[120.15306122449, 100.836167800453, 122.562358276644, 134.141156462585, 132.043650793651, 118.395691609977, 116.269841269841, 145.039682539682];"[129.51930803 125.99883417 126.96104801 122.24675943 130.12407227
 127.18404739 123.58520732 126.87830409]";1997-10-12;1997-11-30
34;8;ONLY_DWT_catboost_normal;0.09289799351143307;57.142857142857146;0.09099363566646657;14.176626565379904;0.09095608868006436;11.088416348558214;[132.65306122449, 146.442743764172, 115.674603174603, 127.012471655329, 96.7970521541951, 130.130385487528, 125.793650793651, 125.850340136054];"[120.83971779 123.53177196 123.17026119 116.45766471 124.17336439
 126.16000679 123.5900028  123.46812847]";1998-03-29;1998-05-17
53;8;ONLY_DWT_catboost_normal;0.21050167697039096;57.142857142857146;0.19364396828226701;25.520388371751736;0.19355820666121776;22.2581743089289;[147.422409258285, 126.775381378222, 124.026827985271, 122.264597580221, 144.923724355602, 100.657548658601, 72.1199368753288, 134.665965281431];"[117.71255293  99.67579632 139.50823859 130.591539   123.39951303
 125.28485221 118.96711554 130.21705775]";1998-02-01;1998-03-22
38;8;ONLY_DWT_catboost_normal;0.23489354867443843;85.71428571428571;0.20783830519413382;30.437845123537507;0.20776418792553308;29.225236499330364;[117.120181405896, 110.856009070295, 129.435941043084, 136.72052154195, 133.843537414966, 132.638888888889, 117.587868480726, 137.698412698413];"[149.18427386 144.83479983 153.72956674 164.1234676  156.12009488
 149.55073791 164.71020015 167.45011157]";1997-10-12;1997-11-30
34;8;ONLY_DWT_catboost_normal;0.06912638603737568;71.42857142857143;0.06632013755830131;9.723392856758075;0.0662931118154497;8.150726279588467;[113.081065759637, 115.77380952381, 118.225623582767, 111.034188355335, 125.907029478458, 129.109977324263, 119.444444444444, 121.414399092971];"[108.55617933 127.57144716 138.31350422 118.61728907 124.26327019
 124.09799648 127.69767521 127.71773303]";1998-02-01;1998-03-22
43;8;ONLY_DWT_catboost_normal;0.12375556093975236;57.142857142857146;0.1296472279379708;24.570438370307183;0.12959819874758802;17.358827314917058;[130.215419501134, 140.462018140589, 183.205782312925, 114.569160997732, 109.651360544218, 111.72052154195, 113.109410430839, 121.981292517007];"[131.63889552 122.78498916 121.91609404 126.15576028 124.82383334
 125.96249297 126.24629649 126.3237882 ]";1997-12-07;1998-01-25
53;8;ONLY_DWT_catboost_normal;0.14110896438489529;28.571428571428573;0.1419375882789603;21.28778979766822;0.1418815632179388;18.170026572028675;[107.877432930037, 124.566017885324, 173.63229879011, 124.776433456076, 111.730668069437, 111.086270384009, 118.990005260389, 117.740662809048];"[125.82616066 114.62481614 128.48779592 108.16496375 128.73185729
 128.79837731 123.69706346 134.03461899]";1997-12-07;1998-01-25
58;8;ONLY_DWT_catboost_normal;0.18394788548906074;71.42857142857143;0.18818840070458046;20.058495741703705;0.188078293551191;16.422288946803647;[92.9905312993162, 73.4481851657024, 88.1509731720146, 84.0478695423461, 56.0625986322988, 106.930562861652, 118.490268279853, 103.774329300368];"[79.92521574 81.69114299 84.41740765 84.20075489 80.72231118 81.71954385
 82.06133966 83.89040214]";1998-03-29;1998-05-17
43;8;ONLY_DWT_catboost_normal;0.06824513913739995;28.571428571428573;0.06469250171416047;10.284146108847505;0.06466590756604293;7.879918312178752;[120.039682539683, 105.93820861678, 112.542517006803, 125.070861678004, 131.136621315193, 124.716553287982, 120.493197278911, 133.942743764172];"[122.3251007  123.9078302  131.93032407 126.65922686 127.05307804
 127.49329925 129.28321334 127.78491455]";1997-10-12;1997-11-30
39;8;ONLY_DWT_catboost_normal;0.12635307753197728;42.857142857142854;0.13025213292933502;18.762167330153673;0.13020039683179974;16.50490651785988;[129.336734693878, 136.366213151927, 121.598639455782, 96.938775510204, 129.237528344671, 153.032879818594, 138.577097505669, 145.734126984127];"[120.30760963 118.28579208 119.66482558 120.83442605 121.07406672
 123.03192495 121.87831085 121.49708854]";1998-03-29;1998-05-17
53;8;ONLY_DWT_catboost_normal;0.27890667440864814;28.571428571428573;0.21958440627144724;33.65054931244427;0.21949163746684391;26.20320237619575;[135.586533403472, 95.9495002630194, 136.125723303524, 106.341005628974, 129.747501315097, 117.334294755953, 72.1221734353921, 133.087848500789];"[123.52221232 138.68884292 155.79493171 132.46195539 131.5629072
 143.18961804 144.70795457 141.86313528]";1997-10-12;1997-11-30
49;8;ONLY_DWT_catboost_normal;0.0907715258563778;85.71428571428571;0.08972359351143025;17.436718248987436;0.08969630185000972;14.82116736158239;[170.564058956916, 169.855442176871, 176.955782312925, 170.46485260771, 187.03231292517, 186.649659863946, 131.816893424036, 177.933673469388];"[165.00164359 162.79093698 165.64697731 164.10955554 164.76138798
 166.37060674 165.41446892 165.80291078]";1998-03-29;1998-05-17
58;8;ONLY_DWT_catboost_normal;0.05362322391193765;85.71428571428571;0.056019795841504086;5.928411086050563;0.055985792134497045;4.616005070279579;[80.2735402419779, 80.2209363492898, 90.7943187795897, 81.4308258811152, 80.9705418200947, 78.8532351394004, 85.1788532351394, 88.0852183061546];"[80.54462159 81.10250847 81.33252906 78.41973342 78.07193818 76.61316986
 77.3898781  77.71035744]";1998-02-01;1998-03-22
44;8;ONLY_DWT_catboost_normal;0.14195831391649635;42.857142857142854;0.11306158386346717;21.215490625130123;0.11300880417325804;12.226251664339923;[118.820861678005, 121.641156462585, 117.828798185941, 107.157029478458, 71.485260770975, 131.944444444444, 123.951247165533, 126.743197278912];"[131.88186031 120.56434609 116.81974682 114.23168873 128.49771106
 124.27418439 120.64750803 119.14115306]";1998-03-29;1998-05-17
39;8;ONLY_DWT_catboost_normal;0.07102120771040321;57.142857142857146;0.07526167658570448;12.069619619601461;0.07522897148914118;8.681477155094838;[127.196712018141, 114.753401360544, 117.644557823129, 121.839569160998, 122.831632653061, 117.134353741496, 120.833333333333, 129.06746031746];"[128.900973   119.58901764 127.25523848  95.13704256 109.58600669
 117.39891841 121.35446676 116.50005165]";1998-02-01;1998-03-22
34;8;ONLY_DWT_catboost_normal;0.1459251046848853;71.42857142857143;0.15104608810896003;25.16192901411835;0.15098917206506798;20.289720977830783;[144.614512471655, 144.189342403628, 184.552154195011, 117.885487528345, 108.319160997733, 110.700113378685, 115.235260770975, 116.935941043084];"[130.82502237 121.51136377 126.34839315 130.08604039 126.20800799
 127.23373743 127.94288757 125.25182838]";1997-12-07;1998-01-25
49;8;ONLY_DWT_catboost_normal;0.1355110870853022;42.857142857142854;0.14700897810782126;30.654448523592762;0.14696031099052959;22.46339884417528;[171.414399092971, 153.642290249433, 155.569727891157, 166.964285714286, 148.398526077097, 172.066326530612, 164.356575963719, 167.304421768707];"[ 99.93437228 145.89374767 189.58015563 185.02120922 144.45245707
 147.48157452 179.18394014 162.25133684]";1998-02-01;1998-03-22
34;8;ONLY_DWT_catboost_normal;0.07240082599694123;57.142857142857146;0.07019031035165962;10.156343324455383;0.07016184863430511;8.677716057945052;[118.962585034014, 105.456349206349, 123.313492063492, 141.241496598639, 129.832766439909, 131.533446712018, 127.395124716553, 116.935941043084];"[127.42720568 124.73792478 129.53162896 129.47409227 126.74240171
 123.47087816 128.58919729 128.2789262 ]";1997-10-12;1997-11-30
44;8;ONLY_DWT_catboost_normal;0.17399348214832516;14.285714285714286;0.19242404621516282;27.96065623667779;0.19234123066041414;22.59377516788897;[158.503401360544, 109.282879818594, 123.795351473923, 83.8010204081632, 143.90589569161, 117.063492063492, 115.249433106576, 120.337301587302];"[105.48816829 120.64592542 110.4669313   97.26854639  95.24726155
 101.57911489 106.05325746 104.10051204]";1998-02-01;1998-03-22
58;8;ONLY_DWT_catboost_normal;0.20815734805814723;14.285714285714286;0.19617172828532412;20.325799844285935;0.19606216623073608;17.746103446103753;[91.6096791162546, 101.459758022094, 124.658074697528, 83.8769068911099, 74.8158863755918, 76.4992109416097, 72.8037874802735, 68.9637033140452];"[ 95.79771152  88.73681913  89.24330992  96.93637226 103.08270307
  84.83232638  88.72528477  93.02590002]";1997-12-07;1998-01-25
39;8;ONLY_DWT_catboost_normal;0.13631714432459202;57.142857142857146;0.13826696702781438;22.109460054911892;0.13821231446938775;17.68858057540558;[132.057823129252, 140.532879818594, 172.321428571429, 117.842970521542, 106.221655328798, 103.231292517007, 109.112811791383, 113.12358276644];"[122.47881189 125.470766   121.96529971 121.78803373 121.72413055
 125.00012422 123.57278176 123.95863334]";1997-12-07;1998-01-25
58;8;ONLY_DWT_catboost_normal;0.07607541355262343;71.42857142857143;0.07229122539289222;7.455374968612471;0.07225079538180353;6.472714967959419;[78.0641767490795, 87.1120462914256, 88.6375591793792, 94.8974224092584, 82.7590741714887, 89.104105608577, 87.493424513414, 97.4092582851131];"[ 91.70020972  91.15442247  95.62572499 100.85915824  91.75039986
  92.02364124  95.71483738  96.38812351]";1997-10-12;1997-11-30
54;8;ONLY_DWT_catboost_normal;0.061596997925208855;57.142857142857146;0.06004991916312566;6.220926930353942;0.06000888004864109;4.40963772797816;[76.880589163598, 73.198316675434, 75.4602840610206, 78.2219884271436, 61.2177801157286, 84.1793792740662, 78.3271962125197, 74.907943187796];"[72.61334413 72.5843737  75.85736199 75.55051454 74.75844133 74.83223599
 74.85336879 75.87367327]";1998-03-29;1998-05-17
39;8;ONLY_DWT_catboost_normal;0.057108299207397656;71.42857142857143;0.05362972130379827;9.093268755943432;0.053606612446771784;6.239328330812302;[110.501700680272, 99.9574829931973, 126.289682539683, 121.967120181406, 128.103741496599, 111.989795918367, 120.861678004535, 125.566893424036];"[119.67420401 122.22082797 131.45580691 125.66129411 126.33746587
 110.14248797 126.76339489 125.46371384]";1997-10-12;1997-11-30
49;8;ONLY_DWT_catboost_normal;0.11315419568398583;85.71428571428571;0.12189913427919588;25.84516266536812;0.12186217671704035;20.328404056738304;[162.074829931973, 152.80612244898, 220.209750566893, 160.445011337868, 171.258503401361, 132.256235827664, 173.90873015873, 175.368480725623];"[140.78486915 142.81543369 159.42625609 149.20244847 149.7988837
 143.21895163 156.77032472 165.60869612]";1997-12-07;1998-01-25
49;8;ONLY_DWT_catboost_normal;0.4341539824553425;57.142857142857146;0.3400285095424814;68.55062960833088;0.33993393292659874;61.63493728228721;[161.451247165533, 127.33843537415, 166.765873015873, 132.397959183673, 122.137188208617, 144.501133786848, 164.611678004535, 191.794217687075];"[188.87162458 171.58346113 226.05156732 254.98271346 214.50371807
 202.90885005 224.14819732 221.02709875]";1997-10-12;1997-11-30
44;8;ONLY_DWT_catboost_normal;0.17688523821833999;0.0;0.17401029938760143;25.811514107911872;0.17393351178131783;19.89951841145846;[122.278911564626, 126.09126984127, 157.298752834467, 103.1320861678, 85.9268707482993, 92.219387755102, 105.31462585034, 100.907029478458];"[117.01814747 105.85841952 103.65824937 117.03904097 123.40742449
 108.76006954 105.1689444  112.89518711]";1997-12-07;1998-01-25
60;8;ONLY_DWT_catboost_normal;0.059209761261479435;28.571428571428573;0.05762176710978699;8.750172549996478;0.05759618950545664;6.492593695829301;[120.870594423987, 118.897948448185, 113.321935823251, 108.364018937401, 99.6449237243556, 119.77906365071, 117.372435560232, 113.90057864282];"[109.04724932 113.20502103 114.46726313 116.6525643  118.49389412
 116.50833482 116.26031409 115.65936232]";1998-03-29;1998-05-17
44;8;ONLY_DWT_catboost_normal;0.09186770574749775;85.71428571428571;0.08937406697716724;11.995572187407396;0.0893360435909995;10.587441581674291;[108.347505668934, 104.591836734694, 120.691609977324, 149.433106575964, 112.060657596372, 103.458049886621, 103.018707482993, 121.003401360544];"[116.37853101 115.61120805 123.55582768 128.59864924 117.83427103
 115.60781864 120.19683781 127.85234979]";1997-10-12;1997-11-30
59;8;ONLY_DWT_catboost_normal;0.19348287325860586;28.571428571428573;0.17378516505837505;22.54716083133707;0.173706287858643;19.46567158335086;[133.350867964229, 161.322987901105, 85.4287217254077, 100.973172014729, 102.998421883219, 83.4166228300894, 96.7517096265123, 117.280378748027];"[140.76340855 133.23763145 110.72019998 109.07002246 121.50390493
 125.35707162 115.79168003 109.92713406]";1998-03-29;1998-05-17
60;8;ONLY_DWT_catboost_normal;0.06759786481753241;14.285714285714286;0.06849821373692838;9.09883459829587;0.06846788006826797;7.742389288431852;[104.642293529721, 102.590741714887, 119.213571804314, 114.68963703314, 128.235139400316, 107.022619673856, 113.874276696476, 115.189374013677];"[110.94543767 114.02225949 107.86711945 112.7272748  111.02271817
 112.17444153 109.84009204 110.69216395]";1998-02-01;1998-03-22
54;8;ONLY_DWT_catboost_normal;0.06624628799339474;42.857142857142854;0.06977860972911129;6.739670640608567;0.06973188252130538;5.219760816035983;[87.0153374342898, 75.6443976854287, 75.841662283009, 66.2283008942662, 76.6438716465019, 71.4886901630721, 71.6728037874803, 77.0910047343503];"[72.39150853 73.95896773 71.26052247 67.957873   68.07190744 69.52456972
 69.4182689  70.74350852]";1998-02-01;1998-03-22
75;8;ONLY_DWT_catboost_normal;0.07323553125897968;57.142857142857146;0.07000828143937646;10.28397008199691;0.06997697314559168;7.847901096315697;[105.510257759074, 122.553918990005, 111.809573908469, 110.349815886376, 94.3976854287217, 124.053129931615, 117.872172540768, 120.476065228827];"[124.42974791 112.98952927 113.00616467 112.07531406 112.36613185
 122.08368265 112.34404919 114.56484234]";1998-03-29;1998-05-17
65;8;ONLY_DWT_catboost_normal;0.13469534813302464;42.857142857142854;0.13151198072410925;27.159356186646118;0.1314748772276757;23.498668465136173;[197.685428721725, 207.456601788532, 170.449763282483, 131.102051551815, 169.765912677538, 211.441346659653, 204.050499736981, 191.806943713835];"[168.91753472 179.91697069 178.19940207 181.51149011 182.17298021
 180.03871606 181.05885153 185.08554478]";1998-03-29;1998-05-17
59;8;ONLY_DWT_catboost_normal;0.14202224601925548;28.571428571428573;0.13710800349391394;22.736061541604325;0.13705509523608828;17.94449156049801;[136.401893740137, 133.982114676486, 116.109942135718, 120.817990531299, 154.050499736981, 123.803261441347, 101.341399263545, 113.869624651544];"[129.76062454 170.69199268 134.13572399 113.50893612 114.87898787
 124.11354233 129.15206896 121.44711121]";1998-02-01;1998-03-22
60;8;ONLY_DWT_catboost_normal;0.24561184799134958;57.142857142857146;0.24010230384225895;35.11530805824676;0.24001316088695235;32.709310939377445;[165.255128879537, 167.648605996844, 182.943187795897, 121.948974224093, 120.410310362967, 104.024197790637, 106.378221988427, 101.867438190426];"[124.76512126 127.65161674 132.93412704 153.58653947 130.48642808
 127.81627185 126.97535084 146.94298219]";1997-12-07;1998-01-25
54;8;ONLY_DWT_catboost_normal;0.09383196007209108;28.571428571428573;0.10055436622872631;10.223170319229666;0.10048195488058118;6.999545868979716;[64.9943459761601, 76.9331930562861, 85.5207785376118, 66.2677538137822, 63.0720673329826, 62.9142556549185, 60.8890057864282, 65.3077327722252];"[66.44310203 61.28273602 62.87960453 65.36710344 66.64497554 65.48553525
 68.1248183  67.28306193]";1997-12-07;1998-01-25
70;8;ONLY_DWT_catboost_normal;0.15955557480640448;57.142857142857146;0.1468518942275382;15.426499670199345;0.1467676229427306;13.037213014234958;[105.08942661757, 88.4928984744872, 82.9203301520504, 57.9694897422409, 96.8306154655445, 105.470804839558, 111.493950552341, 104.497632824829];"[94.75752389 95.1114134  96.92658646 89.53409939 95.00870086 95.22821648
 94.27860904 92.0010568 ]";1998-03-29;1998-05-17
54;8;ONLY_DWT_catboost_normal;0.19280616929009164;57.142857142857146;0.1619636301930664;13.545072254647097;0.16183410883730368;10.207521721408611;[51.8411362440822, 42.4644923724356, 65.0710152551289, 72.5539189900052, 64.2030510257759, 77.3339846196238, 67.7012098895318, 74.7632824829037];"[73.21945306 71.17981079 73.43532769 68.7891317  69.80563428 70.77658601
 70.58314701 70.36776265]";1997-10-12;1997-11-30
65;8;ONLY_DWT_catboost_normal;0.07964108484761022;42.857142857142854;0.07683466950635473;16.926906873771042;0.07681350755020487;13.969485199223758;[190.570752235666, 163.282482903735, 161.454497632825, 181.286165176223, 203.445554971068, 180.063124671226, 174.855339295108, 194.437138348238];"[183.58394456 172.76810317 195.45784635 167.91320017 193.96823915
 181.40192231 197.80658763 180.29736022]";1998-02-01;1998-03-22
75;8;ONLY_DWT_catboost_normal;0.19680546263378643;71.42857142857143;0.22148340492425395;22.120500129790027;0.22136498586204617;20.758115624905273;[113.637559179379, 102.038400841662, 104.734350341925, 99.0794318779589, 108.153603366649, 102.446081009995, 98.1325618095739, 112.966859547607];"[96.284072   83.76240213 98.57445789 76.15314508 76.72315517 79.69789925
 81.54476965 82.38402181]";1998-02-01;1998-03-22
59;8;ONLY_DWT_catboost_normal;0.122540953180935;57.142857142857146;0.1177410499290513;16.289012639044813;0.11769446809770437;14.927896260170172;[122.540768016833, 131.641241451867, 152.932667017359, 110.560231457128, 116.162546028406, 124.447659126776, 110.37611783272, 113.624408206207];"[137.62498223 127.11041547 128.36096467 128.73732028 136.94880737
 129.85325657 124.64181621 130.22618975]";1997-12-07;1998-01-25
70;8;ONLY_DWT_catboost_normal;0.26149058886907;28.571428571428573;0.31039694322860145;28.50254783439129;0.3102095263987746;25.730361832459547;[102.380326144135, 101.052077853761, 90.2814308258812, 92.0699631772751, 107.653866386112, 96.8569174118885, 91.8595476065228, 83.4692267227775];"[67.84414981 57.50512392 81.69217065 70.209512   70.0383858  65.74444866
 71.77867463 74.96799601]";1998-02-01;1998-03-22
60;8;ONLY_DWT_catboost_normal;0.10840123685857667;42.857142857142854;0.09819672271201516;16.91634427753971;0.09815760329795564;12.401500824578767;[125.39452919516, 95.7390846922671, 135.889005786428, 137.927406628091, 129.629142556549, 121.731670048345, 128.577064702788, 152.340873224619];"[135.23185093 135.679471   137.66223988 137.21992556 137.61515211
 136.91369339 137.59729785 137.57555589]";1997-10-12;1997-11-30
65;8;ONLY_DWT_catboost_normal;0.1500570345038286;42.857142857142854;0.1440394881245398;30.38692295026978;0.14399819710469097;25.38307042090296;[208.061546554445, 199.039978958443, 219.463440294582, 163.216728037875, 125.889315922757, 159.166228300894, 170.462914255655, 171.620199894792];"[170.67996899 188.47801305 174.53074049 183.23454178 178.7556778
 165.18283025 177.8056021  195.56505457]";1997-12-07;1998-01-25
61;8;ONLY_DWT_catboost_normal;0.13244948071528254;28.571428571428573;0.12274416320702623;21.051386766645635;0.12269965070002507;17.04205415509696;[113.256180957391, 157.969489742241, 158.850604944766, 151.998947922146, 107.890583903209, 167.267227774855, 154.563387690689, 142.635455023672];"[145.91294632 144.5528073  146.5847262  146.72986312 147.94071997
 146.26207027 146.82386604 146.56866169]";1998-03-29;1998-05-17
80;8;ONLY_DWT_catboost_normal;0.16587452990923823;57.142857142857146;0.145290274666803;12.11587132804769;0.14517812092320648;9.43387966259386;[60.9153077327723, 68.5560231457128, 54.1688584955287, 60.8232509205681, 51.4334560757496, 74.9605470804839, 58.3377169910573, 68.3587585481326];"[78.53145982 72.20238169 63.71663779 67.16389558 75.90992192 74.05126296
 69.03532932 70.59549896]";1998-03-29;1998-05-17
59;8;ONLY_DWT_catboost_normal;0.12123463320563799;57.142857142857146;0.10843193578661166;22.994912023231393;0.1083930681974517;15.252104050368674;[114.29510783798, 120.515518148343, 125.867964229353, 132.798527091005, 131.575486586007, 115.761128228251, 126.196738558653, 147.211993687533];"[115.79553509 119.39557255 148.31963573 136.83925047 118.77220069
 133.85928382 182.62035597 141.63298791]";1997-10-12;1997-11-30
65;8;ONLY_DWT_catboost_normal;0.16731270520586158;71.42857142857143;0.15258394265499575;30.204045354371523;0.1525411719883905;27.33135876305238;[152.62903907837, 146.015255128879, 150.678900352005, 167.648605996844, 178.39295107838, 169.969439643296, 187.66438716465, 212.26985796949];"[191.0234627  186.71128658 196.73041347 171.58807978 201.36749596
 188.09741024 212.50651    188.64506815]";1997-10-12;1997-11-30
70;8;ONLY_DWT_catboost_normal;0.26991089103175575;71.42857142857143;0.21661206938113042;24.038976058819447;0.21648441737506194;18.438854123160382;[96.6859547606522, 101.341399263545, 99.5397159389795, 64.9526564965808, 57.8905839032089, 73.7375065754865, 81.4965807469752, 83.6796422935297];"[ 96.47446893  99.74263483 100.5271069  101.5729233  100.32296511
 100.68944111 101.91562478 101.96920748]";1997-12-07;1998-01-25
75;8;ONLY_DWT_catboost_normal;0.2745891776761177;42.857142857142854;0.24490347666592202;25.009332545376747;0.24477386100232396;23.403260300480945;[117.569700157812, 108.666491320358, 132.601262493425, 79.8921620199894, 88.2430299842189, 64.8605996843766, 75.0416894795794, 82.2856391372961];"[102.78362993  96.73425527 100.9755742  106.79968163 102.6087905
 103.9162353  101.33145766 104.54904305]";1997-12-07;1998-01-25
61;8;ONLY_DWT_catboost_normal;0.06151832189632738;28.571428571428573;0.060770078240740266;9.676598696449032;0.060749078035949394;8.805415593187849;[128.274592319832, 135.244608100999, 144.91057338243, 144.936875328774, 159.061020515518, 142.872172540768, 148.776959495003, 147.356654392425];"[143.65717348 139.75534018 155.44192223 149.93109336 144.46348494
 151.20388083 142.1734271  141.86498602]";1998-02-01;1998-03-22
66;8;ONLY_DWT_catboost_normal;0.07923135382121976;14.285714285714286;0.08095242958498863;19.000127190957993;0.08093099581443483;15.331791544955756;[187.164650184114, 208.456075749605, 161.779689738424, 176.749079431878, 174.237243556023, 218.08258811152, 184.350341925303, 201.801683324566];"[190.82866423 181.26382541 185.00727994 182.97562577 184.6620929
 183.52894368 185.83954551 185.92544925]";1998-03-29;1998-05-17
80;8;ONLY_DWT_catboost_normal;0.11754164665680568;42.857142857142854;0.11504152889282697;8.294870596677855;0.1149464019685786;6.989661730305713;[71.8306154655444, 66.6491320357706, 64.3608627038402, 48.1194108364019, 72.6459758022093, 67.4250394529195, 60.0473435034192, 59.9158337716991];"[73.39652047 52.62765326 58.73348268 61.79128817 69.75844767 64.34920177
 66.71863517 68.31182898]";1998-02-01;1998-03-22
75;8;ONLY_DWT_catboost_normal;0.5038215653501557;28.571428571428573;0.39714018832185516;51.212544256665055;0.39697969665768373;49.341952030052184;[91.8595476065229, 90.7548658600737, 101.617569700158, 104.103103629669, 92.2277748553393, 102.70221186844, 100.512887953709, 104.405576012625];"[131.31459827 154.63617695 138.97701609 141.42333234 140.6905935
 139.38404658 176.43850934 160.05488065]";1997-10-12;1997-11-30
61;8;ONLY_DWT_catboost_normal;0.12231280315893302;42.857142857142854;0.1141114542543033;19.671051676556697;0.11407146239853777;16.32441941408341;[162.00683850605, 165.005260389269, 155.010520778538, 152.511835875855, 116.583377169911, 125.591793792741, 132.088374539716, 141.201998947922];"[141.56211585 154.71746358 158.85014567 150.37500566 153.97648048
 152.14386984 146.36137421 156.87020066]";1997-12-07;1998-01-25
85;8;ONLY_DWT_catboost_normal;0.1017337234896495;42.857142857142854;0.09448175373601299;12.516219501273678;0.09443437386191163;9.432363990960074;[100.657548658601, 108.337716991057, 95.8442924776433, 96.2782745923198, 82.3119410836401, 93.1220410310364, 112.190952130458, 104.208311415045];"[107.92825466  99.99677062  90.54252907  98.81979112 111.35696834
 106.62271808 103.88186501 103.05912321]";1998-03-29;1998-05-17
66;8;ONLY_DWT_catboost_normal;0.16593559007614642;28.571428571428573;0.16702428237084366;35.13738567582282;0.16697561281404477;28.880069201580298;[213.229879011047, 196.67280378748, 201.525512887954, 189.939505523409, 187.901104681746, 127.208140840064, 173.185165702262, 199.000526038927];"[183.42957148 209.67138354 135.31682692 178.67502636 157.38605062
 180.35541394 196.39261667 195.10180296]";1998-02-01;1998-03-22
76;8;ONLY_DWT_catboost_normal;0.10891642355593041;42.857142857142854;0.1114659201482377;14.165203154925392;0.1114181989723047;13.04866414147902;[118.503419253025, 131.141504471331, 117.306680694371, 108.140452393477, 98.2640715412941, 135.178853235139, 121.514992109416, 126.604418726986];"[110.40823115 113.32247853 109.14804896 120.7073889  113.69549227
 111.12425319 115.04335863 114.81254212]";1998-03-29;1998-05-17
70;8;ONLY_DWT_catboost_normal;0.0663620465716205;100.0;0.0702847470408153;9.043723816001899;0.07024877260186468;6.876631339504106;[105.48395581273, 88.0326144134666, 91.8463966333509, 102.393477117307, 110.323513940032, 104.00415821247, 91.4913203577065, 92.3855865334034];"[87.57196752 86.28961359 87.93502154 92.47409884 97.60499765 96.66236602
 92.18867256 93.15523408]";1997-10-12;1997-11-30
61;8;ONLY_DWT_catboost_normal;0.1240136795642257;28.571428571428573;0.11383408987656085;20.934660107416022;0.11379591605929754;17.002271247039626;[146.27827459232, 123.776959495003, 153.905839032088, 165.12585570788, 150.69923813818, 142.628566418677, 127.22251446607, 170.831141504471];"[156.94795807 167.79103764 161.38697099 152.61603037 157.12659728
 156.02165695 156.92185671 159.00748237]";1997-10-12;1997-11-30
66;8;ONLY_DWT_catboost_normal;0.15267596474579512;28.571428571428573;0.14449500745508914;33.842777700444245;0.14445841870966827;28.7611545597402;[222.106785902157, 227.104155707522, 253.45870594424, 156.667543398212, 160.63913729616, 181.667543398212, 186.993687532877, 201.854287217254];"[234.32882262 219.99176229 196.08036229 206.88310383 202.28642454
 211.00124993 207.33167307 213.69621017]";1997-12-07;1998-01-25
85;8;ONLY_DWT_catboost_normal;0.1942791711312065;28.571428571428573;0.1696587829383414;19.37160965614263;0.16956957372738624;16.153602287457844;[81.7464492372435, 100.697001578117, 77.1721471334457, 78.1240569171733, 105.168332456602, 94.0426091530774, 85.9153077327722, 102.235665439243];"[111.36746785 110.27583603 105.98769929 105.2047678  102.70441539
 104.40390805 104.59346476 104.86499463]";1998-02-01;1998-03-22
76;8;ONLY_DWT_catboost_normal;0.1188643881185566;57.142857142857146;0.11609837353062598;15.524912000033634;0.11605078744535897;14.205668545484698;[112.429906207617, 132.548658600737, 119.055760126249, 146.054708048395, 133.140452393477, 103.274592319832, 108.245660178853, 114.794844818517];"[128.2150969  130.15805894 130.66404368 120.87567902 120.020673
 122.77423093 123.78308418 125.32024823]";1998-02-01;1998-03-22
80;8;ONLY_DWT_catboost_normal;0.27824990972533825;85.71428571428571;0.25257483721220386;21.02952845573352;0.2523969770215022;18.25782507857369;[84.9815886375592, 77.2488164124145, 110.455023671752, 67.9510783798001, 54.1184911629039, 49.973698053656, 56.9963177275118, 59.4292477643346];"[80.5456441  70.55616868 72.34449772 77.78798026 77.4090921  75.63016934
 75.82389349 78.64118031]";1997-12-07;1998-01-25
62;8;ONLY_DWT_catboost_normal;0.06959044016776418;85.71428571428571;0.06218799840824451;10.368931981158148;0.062154939792879005;5.884727853254278;[100.473435034193, 109.573908469227, 101.604418726986, 96.1730668069437, 74.9342451341399, 103.932140978432, 112.966859547607, 105.68122041031];"[104.06132712 104.86496386 101.29845073 100.71535932 102.98532938
 105.17140911 109.03789348 104.96781323]";1998-03-29;1998-05-17
85;8;ONLY_DWT_catboost_normal;0.26221770894615654;71.42857142857143;0.25616921836277745;33.95826462060619;0.25606201946698326;31.14417497877001;[131.904260915308, 155.944239873751, 176.946344029458, 109.442398737507, 92.5039452919516, 89.9658074697526, 90.5576012624935, 100.512887953708];"[117.90584251 112.03923753 117.17050398 130.21506543 120.41363766
 114.90211101 116.1199297  132.80603596]";1997-12-07;1998-01-25
80;8;ONLY_DWT_catboost_normal;0.06512082052219367;100.0;0.06605279588284214;5.110504857203924;0.06600459928707358;4.5639190066897815;[60.2840610205156, 56.3650710152552, 67.7012098895319, 81.6149395055234, 69.9237243556023, 75.4402444828535, 70.2656496580747, 76.2098895318253];"[62.83300587 62.68907509 65.98696226 73.044309   66.08186701 68.37572424
 67.59135305 72.43703874]";1997-10-12;1997-11-30
85;8;ONLY_DWT_catboost_normal;0.13788562847758273;57.142857142857146;0.12909095958932515;15.379398355495614;0.129030025406323;13.78993804201814;[94.0689110994213, 82.6670173592846, 105.35244608101, 127.630194634403, 104.839558127301, 92.8378264333964, 111.217780115728, 133.968963703314];"[108.39493756 109.52535594 114.84741896 117.49002818 112.01766591
 112.25647564 116.27659935 116.12453997]";1997-10-12;1997-11-30
66;8;ONLY_DWT_catboost_normal;0.07723644122512466;57.142857142857146;0.07956424462483654;23.99489352521626;0.0795460412703107;17.462774492763142;[201.580353340705, 219.095213045765, 195.002630194634, 265.228826933193, 210.58188135854, 196.994689511786, 194.331930562862, 231.78590215676];"[205.14296794 216.55404378 216.60325972 208.93921043 206.77141978
 213.40454117 207.70065758 209.66677637]";1997-10-12;1997-11-30
62;8;ONLY_DWT_catboost_normal;0.14618730914677167;71.42857142857143;0.1601925302316456;16.777910683172134;0.16010678061636077;15.026935474000357;[94.4371383482378, 88.8085218306155, 113.729615991583, 112.848500789059, 104.155707522357, 92.3329826407154, 90.9915833771699, 99.5791688584955];"[77.70508456 80.09296601 88.97357187 88.40143627 84.36854035 90.33293816
 81.01655625 85.77664208]";1998-02-01;1998-03-22
71;8;ONLY_DWT_catboost_normal;0.07752530004704453;57.142857142857146;0.07354588732194481;11.260658163083422;0.07351311548572509;8.274933891140389;[113.164124145187, 115.097317201473, 102.340873224618, 108.561283534982, 96.7517096265124, 131.141504471331, 105.786428195687, 117.030510257759];"[110.24590112 115.15819988 123.82534381 110.31197491 114.25263819
 117.95821762 113.42995638 115.3730504 ]";1998-03-29;1998-05-17
76;8;ONLY_DWT_catboost_normal;0.10657787981592945;57.142857142857146;0.11355064587456472;21.887669786450566;0.1135070620398895;14.884101642629826;[108.179905312993, 155.365597054182, 162.322461862178, 111.559705418201, 111.796422935297, 122.514466070489, 114.005786428196, 117.49079431878];"[128.44048557 120.27708204 116.68588295 109.54732994 120.8146783
 118.95239729 117.16649552 117.82452456]";1997-12-07;1998-01-25
71;8;ONLY_DWT_catboost_normal;0.11172584505103349;57.142857142857146;0.11269033239779896;17.9488133395318;0.11264152439126685;13.082951237171374;[111.204629142557, 102.301420305103, 146.317727511836, 111.099421357181, 128.840084166228, 110.086796422935, 103.730224335921, 91.3992635455024];"[130.73360552  99.71923798 140.49129968 136.72057919  91.5794058
 107.38978331 113.83580055  92.44086138]";1998-02-01;1998-03-22
62;8;ONLY_DWT_catboost_normal;0.25536724490508667;42.857142857142854;0.22322460879557243;25.412739800287376;0.22311317027525365;22.459068723814184;[117.069963177275, 108.74539715939, 131.970015781168, 84.2582851130984, 81.9042609153077, 80.1946344029458, 82.7327722251448, 83.1930562861651];"[111.87646753 110.62913769 106.22300477 103.01938845 116.07111762
 114.32330153 113.46169482 112.25580913]";1997-12-07;1998-01-25
67;8;ONLY_DWT_catboost_normal;0.17994364212115016;57.142857142857146;0.16044875973954262;56.69060588323662;0.16042333690485133;50.87461524519507;[317.043661230931, 353.103629668596, 291.504471330879, 316.675433982115, 232.77925167086, 295.673329826407, 309.692267227775, 301.591267753814];"[356.48367371 365.37416934 354.88860571 348.86319875 334.09341636
 361.31602737 349.93078335 354.11036006]";1998-03-29;1998-05-17
76;8;ONLY_DWT_catboost_normal;0.15602204316869758;85.71428571428571;0.13440342853891424;21.45548769841893;0.13434545780784377;15.64845676028966;[122.869542346134, 93.4113624408206, 133.890057864282, 140.149921094161, 125.749605470805, 112.276120337667, 89.1241451867439, 127.958968963703];"[129.105177   127.43092085 133.84261294 135.8157306  133.53123069
 132.58854527 132.94084897 136.59904063]";1997-10-12;1997-11-30
86;8;ONLY_DWT_catboost_normal;0.12739361405524297;71.42857142857143;0.1372576060145509;20.338086383840288;0.1372061675317845;18.343344346776412;[151.394003156234, 149.842188321936, 126.43345607575, 128.971593897948, 127.288269331931, 152.998421883219, 144.923724355602, 139.584429247764];"[131.75169175 124.80986366 112.82249532 136.0733705  132.93041255
 118.96126566 123.0850581  119.74301359]";1998-03-29;1998-05-17
67;8;ONLY_DWT_catboost_normal;0.0875884671143898;71.42857142857143;0.09276703849882814;34.668283945234805;0.09275267982267901;30.03886852086685;[352.104155707523, 331.259863229879, 317.793266701736, 314.0978432404, 372.225144660705, 354.116254602841, 334.179379274066, 302.538137822199];"[328.96528139 298.96366214 278.76390722 300.27862019 309.68416889
 308.30176141 318.35057749 310.38115731]";1998-02-01;1998-03-22
81;8;ONLY_DWT_catboost_normal;0.11217838831689822;14.285714285714286;0.11171137927527822;12.752138603444228;0.11164939410474731;10.124426482928408;[92.0962651236192, 87.2435560231457, 101.95949500263, 79.9710678590215, 71.2388216728039, 108.94266175697, 102.459231983167, 89.452919516044];"[91.9264225  90.31332824 87.81294129 88.81921918 91.66535423 87.83801759
 90.23603786 90.45964065]";1998-03-29;1998-05-17
62;8;ONLY_DWT_catboost_normal;0.1627463694984273;28.571428571428573;0.14946038454689559;17.712599685517773;0.14938920495707997;15.751320563634513;[87.0988953182536, 90.2682798527091, 100.3287743293, 108.653340347186, 95.6733298264072, 103.017835224569, 90.7943187795897, 127.261967385587];"[105.5699071  107.91191155 101.3121041  101.05830998 123.96635328
 117.32062791 114.84615313 112.59205699]";1997-10-12;1997-11-30
77;8;ONLY_DWT_catboost_normal;0.10088286320049698;71.42857142857143;0.0966128552769572;15.788452126852338;0.09657918884800377;13.976186994446449;[150.078905839032, 153.274592319832, 131.91741188848, 133.732246186218, 113.834823776959, 173.066806943714, 156.299316149395, 146.133613887428];"[145.9815573  165.29669842 148.15039175 146.52072104 141.1918309
 150.57838856 162.45439884 156.80169228]";1998-03-29;1998-05-17
71;8;ONLY_DWT_catboost_normal;0.14445063177755516;28.571428571428573;0.16822561634430838;40.71255000615799;0.16815580967547847;21.47690277593164;[90.110468174645, 118.766438716465, 209.416096791163, 101.354550236718, 75.5917937927406, 96.528143082588, 108.600736454498, 100.184113624408];"[100.01659115  99.02642267  98.06076821 100.4227894   90.70220613
  97.13659727  96.91346593  97.7082569 ]";1997-12-07;1998-01-25
67;8;ONLY_DWT_catboost_normal;0.13582198825158054;57.142857142857146;0.11950782682400142;49.789242025485784;0.1194878193075616;35.94667387344802;[338.282482903735, 327.932667017359, 382.732772225145, 224.684376643872, 255.365597054182, 302.603892688059, 304.182009468701, 314.873750657549];"[332.27635055 337.05807856 343.2245778  336.93529902 322.99115793
 322.18319703 325.06134304 327.47228215]";1997-12-07;1998-01-25
86;8;ONLY_DWT_catboost_normal;0.09012418924121535;85.71428571428571;0.09508776128136867;16.371089890154064;0.09505268045184381;12.945492387180808;[162.151499210942, 129.458179905313, 122.470361106042, 124.263545502367, 144.64755391899, 118.437664387165, 117.661756970016, 153.8532351394];"[129.27229958 120.83994085 126.05559532 128.22400815 131.53247649
 126.38100225 125.30234865 128.03143857]";1998-02-01;1998-03-22
77;8;ONLY_DWT_catboost_normal;0.06813794972234352;42.857142857142854;0.07088289835454714;13.526137245820333;0.07085768528014301;9.99184501439293;[146.251972645976, 134.652814308259, 125.3287743293, 138.479747501315, 165.833771699106, 146.856917411889, 142.267227774855, 127.511835875855];"[143.90224781 127.97688154 131.46634601 139.56809584 134.34302314
 132.4432684  136.3141951  139.33758813]";1998-02-01;1998-03-22
81;8;ONLY_DWT_catboost_normal;0.06857513422482285;57.142857142857146;0.072508456585893;8.068967072028963;0.07246699565137146;6.338595264412227;[94.9785648083537, 93.0825881115203, 87.7827459231984, 81.9437138348238, 94.58179905313, 90.3603366649132, 82.0226196738559, 86.9542346133614];"[81.27558715 81.2970861  86.158672   81.45860962 84.01825726 82.00577949
 83.36230253 84.10091212]";1998-02-01;1998-03-22
71;8;ONLY_DWT_catboost_normal;0.11268426489720573;71.42857142857143;0.10149792615729902;13.405235989608734;0.10144083787791182;9.130031636872479;[99.7238295633876, 113.847974750131, 102.801157285639, 97.0147290899527, 64.6896370331404, 95.8768567921645, 85.7180431351921, 96.357180431352];"[93.37470551 98.29535713 97.03219414 96.80891162 95.94164826 96.74063381
 97.69753955 97.4256266 ]";1997-10-12;1997-11-30
63;8;ONLY_DWT_catboost_normal;0.14508578756032642;28.571428571428573;0.14282766593918014;14.256679020671054;0.14273998489394835;11.696581820562246;[81.4965807469753, 101.775381378222, 62.3356128353498, 73.5270910047343, 77.3934771173068, 89.3871646501842, 90.3471856917412, 79.1688584955286];"[92.42824782 74.07177734 81.12593342 87.65095188 84.67800174 88.09798014
 79.07811131 81.34927697]";1998-03-29;1998-05-17
72;8;ONLY_DWT_catboost_normal;0.15107245071813893;57.142857142857146;0.1454127422317763;17.333196382044314;0.1453431672981749;15.299898194864912;[120.436612309311, 118.069437138348, 105.128879537086, 97.4224092582851, 78.563913729616, 128.287743293004, 102.301420305103, 95.9100473435034];"[ 95.44285104 115.46539728 120.17410881 109.2768969  107.11548894
 108.71495812 114.56739821 103.42137656]";1998-03-29;1998-05-17
67;8;ONLY_DWT_catboost_normal;0.17486735536783998;42.857142857142854;0.1529866704046684;52.72405659723696;0.1529585175610099;41.66191388166781;[239.768542872172, 240.099553761536, 305.010520778538, 215.960331177886, 325.841662283009, 232.160391773753, 294.397685428722, 310.928458705944];"[307.82888221 298.84441726 306.63140969 305.87956757 303.78709119
 305.45041437 307.14375056 304.0691346 ]";1997-10-12;1997-11-30
86;8;ONLY_DWT_catboost_normal;0.13299249920853343;57.142857142857146;0.12223710385740631;20.383289723802225;0.1221918046148713;16.540535111678647;[154.905312993161, 116.964755391899, 140.018411362441, 121.870068385061, 118.332456601789, 114.676486059968, 124.395055234087, 145.423461336139];"[137.13641739 121.65986706 143.46160122 161.13733293 140.30758048
 142.19606466 137.47654146 149.99709185]";1997-12-07;1998-01-25
81;8;ONLY_DWT_catboost_normal;0.14913810720536402;71.42857142857143;0.1467796559351432;15.08588898621546;0.14669700013385886;13.138176747724506;[83.4429247764334, 104.471330878485, 115.86007364545, 72.4618621778012, 72.7511835875856, 80.0236717517096, 82.140978432404, 87.0988953182535];"[86.87073345 87.14336424 88.9150035  88.91511063 90.12484483 91.31038151
 90.17725247 91.35357036]";1997-12-07;1998-01-25
72;8;ONLY_DWT_catboost_normal;0.1316546322235148;42.857142857142854;0.11936797381642819;18.334726934374704;0.11931607345356554;13.819671496266709;[123.619147816938, 110.994213571804, 123.395581273014, 142.162019989479, 125.867964229353, 116.491320357706, 114.005786428196, 84.4292477643346];"[129.89184403 125.59313011 113.4201953  121.33959668 125.70993465
 122.1503757  125.31898622 126.18691298]";1998-02-01;1998-03-22
77;8;ONLY_DWT_catboost_normal;0.10294485129602332;71.42857142857143;0.10207610358013211;18.991434205988433;0.10203941830813773;14.343602671722484;[134.758022093635, 139.058390320884, 180.260389268806, 136.467648605997, 111.586007364545, 123.264071541294, 127.077853761178, 131.746449237243];"[138.38763418 138.43614644 138.7004353  151.39263601 133.74841477
 138.7890381  140.55084272 134.59811035]";1997-12-07;1998-01-25
86;8;ONLY_DWT_catboost_normal;0.12606833491329428;42.857142857142854;0.12353526723702889;21.853843703773002;0.12349016673763961;17.08210839313293;[119.292477643346, 132.469752761704, 140.807469752762, 160.915307732772, 104.089952656497, 143.167756318729, 137.756443976854, 176.643871646502];"[129.01081269 136.76676625 134.5553262  129.47539086 143.27902111
 136.34392104 131.324278   144.13948317]";1997-10-12;1997-11-30
81;8;ONLY_DWT_catboost_normal;0.2694465197850669;71.42857142857143;0.23483580248206778;22.999615180892132;0.23471058145367918;22.135235503285088;[70.3182535507628, 74.184639663335, 82.8379800105207, 90.4918463966333, 87.7564439768542, 85.3692292277247, 84.797475013151, 99.0794318779589];"[ 93.08373974 100.96726863 104.41875128 112.47670256 112.02045468
 110.0945196  113.13531413 105.72043312]";1997-10-12;1997-11-30
63;8;ONLY_DWT_catboost_normal;0.22438690325441674;42.857142857142854;0.20119678501875032;19.267977094274595;0.2010724063888498;16.349595006552747;[102.866912151499, 77.1041557075224, 72.2382956338769, 67.1379546031985, 87.46712256707, 58.5875854813256, 77.4855339295108, 75.4339821146765];"[76.87208458 76.74972377 94.68134478 89.20800205 86.53439246 87.40525508
 89.70175128 93.40176901]";1998-02-01;1998-03-22
77;8;ONLY_DWT_catboost_normal;0.08711213964314415;71.42857142857143;0.09218544010581486;14.645000651136336;0.09215139407747111;12.50260931656306;[134.429247764334, 146.948974224093, 134.100473435034, 147.488164124145, 134.981588637559, 131.252974624884, 131.706996317728, 155.996843766439];"[139.88098547 130.85427202 122.99137771 129.51235072 136.34976058
 121.37813625 121.39567223 128.1616527 ]";1997-10-12;1997-11-30
87;8;ONLY_DWT_catboost_normal;0.7338476438777708;57.142857142857146;0.4327593152752336;48.7266940355519;0.4325045846509266;36.985544965654256;[54.1294055760126, 61.7438190426091, 38.5718043135192, 48.7506575486586, 89.5844292477644, 113.637559179379, 120.213045765387, 113.755917937927];"[111.24347858 125.63060734 124.97678937 110.66890269 106.74718854
 113.04414965 112.8590823  112.30578201]";1998-03-29;1998-05-17
82;8;ONLY_DWT_catboost_normal;0.1495993918491354;14.285714285714286;0.14369787302205256;38.259726393735654;0.14366492764643496;31.59594892990222;[202.301420305103, 234.061020515518, 232.009468700684, 219.31877958969, 158.074697527617, 263.729615991584, 237.940557601263, 267.88532351394];"[233.66694109 211.98396546 218.8600842  215.04917094 228.89240208
 216.8630947  225.50562826 216.09845625]";1998-03-29;1998-05-17
68;8;ONLY_DWT_catboost_normal;0.09717442519400876;42.857142857142854;0.0963153066724832;13.422340182512043;0.09627311166103947;11.04626806583408;[124.289847448711, 135.152551288795, 120.226196738559, 119.765912677538, 92.0042083114152, 127.840610205155, 107.219884271436, 119.963177275118];"[107.41118978 118.7556341  117.94626769 118.21275749 114.6998147
 112.6691413  118.65767226 118.00655512]";1998-03-29;1998-05-17
63;8;ONLY_DWT_catboost_normal;0.25434577310727735;57.142857142857146;0.24613996488738527;24.66088279405209;0.24598588512658248;20.30805106170717;[89.9263545502366, 87.3750657548658, 132.956338769069, 67.8853235139401, 52.2225144660705, 58.035244608101, 83.7322461862177, 92.3066806943714];"[73.04361344 76.78514968 80.22343959 89.88429939 79.40364912 76.88964925
 78.60976608 83.20482384]";1997-12-07;1998-01-25
78;8;ONLY_DWT_catboost_normal;0.12596360188346636;28.571428571428573;0.13899191569350033;19.322530193193437;0.13892862407415704;15.266135023104413;[119.187269857969, 118.621778011573, 120.449763282483, 131.614939505523, 99.8290373487638, 120.620725933719, 105.247238295634, 109.481851657023];"[109.35880408 107.42318939 102.14065539  88.39363369 105.45937224
  99.74491581 100.80211294 100.86150995]";1998-03-29;1998-05-17
72;8;ONLY_DWT_catboost_normal;0.23836682484512892;57.142857142857146;0.23630524629461763;42.76061088130819;0.2362229007916622;34.925041308211675;[174.132035770647, 154.537085744345, 236.112572330352, 152.643345607575, 119.950026301946, 114.886901630721, 102.774855339295, 107.837980010521];"[153.17048981 124.40508367 140.66741199 144.92772325 150.93352654
 134.8743875  139.27835763 145.50949134]";1997-12-07;1998-01-25
87;8;ONLY_DWT_catboost_normal;0.1789259943331809;57.142857142857146;0.18295047457668578;20.386241697221557;0.1828598806270719;18.737725590684605;[125.587141747809, 123.619147816938, 123.776959495003, 74.7379944437883, 80.2889277752131, 118.661230931089, 114.73132651272, 103.89492461898];"[ 89.16457898 111.57445225 136.63507136 100.04882587  90.89130135
  98.89543573  99.49220189  86.2366149 ]";1998-02-01;1998-03-22
82;8;ONLY_DWT_catboost_normal;0.16530228064470748;0.0;0.15501189820454725;41.24726937207238;0.15497299364615563;31.054852711805673;[238.124671225671, 138.992635455024, 205.063124671226, 204.274066280905, 238.019463440295, 214.03208837454, 228.603366649132, 207.403997895844];"[182.55403359 223.67387648 200.82088268 218.90294506 198.27053645
 202.68047159 191.04784638 206.74423968]";1998-02-01;1998-03-22
68;8;ONLY_DWT_catboost_normal;0.13169262803581827;57.142857142857146;0.1436142596564323;17.52964867138474;0.1435458987335878;15.117651073749432;[116.25460284061, 106.679538815351, 111.638611257233, 98.4613361388742, 125.631246712257, 114.03208837454, 115.334034718569, 114.55812730142];"[ 82.58923773  94.51708673 102.70430962 106.06439206 101.08191126
  97.15919388 108.32357347 104.41478466]";1998-02-01;1998-03-22
87;8;ONLY_DWT_catboost_normal;1.3036521107604897;57.142857142857146;0.572767794426986;59.00124140738538;0.572424712913511;49.51144007870208;[137.059442398738, 149.86849026828, 85.3366649132035, 28.9058390320883, 22.1593897948448, 51.8937401367701, 91.7411888479748, 101.69647553919];"[127.02324507 126.10710065 124.30142699 125.19693264 120.7427251
 121.84950014 126.90962311 125.02702398]";1997-12-07;1998-01-25
78;8;ONLY_DWT_catboost_normal;0.09978356255059405;42.857142857142854;0.09490830886400972;14.201409909311893;0.09486618401901409;10.718010312342617;[120.213045765387, 104.168858495529, 120.502367175171, 99.4871120462915, 126.82798527091, 108.627038400842, 98.844950920926, 107.088374539716];"[115.35074557 100.89331195 124.96814631 109.48761289 109.27161585
 113.85903882 131.45840442  99.3502421 ]";1998-02-01;1998-03-22
72;8;ONLY_DWT_catboost_normal;0.15948584911696873;28.571428571428573;0.1485386778395162;21.826166646816734;0.14847853103875597;18.49029386780869;[111.980536559705, 93.1746449237245, 115.110468174645, 137.40136770121, 116.162546028406, 109.869492247188, 126.854287217254, 163.098369279327];"[123.79436576 133.03859369 131.69926686 129.04159088 127.20807173
 131.42829872 132.02321848 129.57563525]";1997-10-12;1997-11-30
63;8;ONLY_DWT_catboost_normal;0.1639599237118194;14.285714285714286;0.14510512673531245;14.654642434187178;0.1450126162349627;11.414930462782237;[66.6754339821147, 60.5865334034719, 79.1688584955287, 85.3366649132036, 69.0689110994213, 85.3560782545527, 71.2782745923199, 94.4108364018938];"[72.16694726 91.05664222 86.2832424  82.58563213 84.0508124  84.91601574
 89.81597529 82.87809598]";1997-10-12;1997-11-30
78;8;ONLY_DWT_catboost_normal;0.10463100606697658;71.42857142857143;0.1100507974469565;16.703147428947187;0.1100019112109165;12.558796756336632;[108.534981588638, 114.742240925828, 151.196738558653, 124.105733824303, 93.0168332456601, 95.0420831141505, 95.2788006312467, 102.774855339295];"[ 99.77426969 109.78113268 112.68449033 103.89936344 101.59626566
 104.5830979  103.79522514 101.38179176]";1997-12-07;1998-01-25
68;8;ONLY_DWT_catboost_normal;0.3190484675054558;42.857142857142854;0.28946721036392953;44.73430960553461;0.28936256241569475;40.717141923359755;[169.016307206733, 177.196212519726, 211.349289847449, 121.67280378748, 96.8043135192004, 117.148869016307, 116.504471330878, 96.3822597248614];"[162.27792856 131.85390918 140.84546905 147.55662215 147.71351259
 156.02966304 147.25461982 153.11093239]";1997-12-07;1998-01-25
73;8;ONLY_DWT_catboost_normal;0.1500942488742591;57.142857142857146;0.1653545894164944;18.987603634982214;0.16527092062879517;16.394047626437676;[105.878485007891, 106.167806417675, 117.674907943188, 96.4360862703839, 82.6407154129406, 123.277222514466, 100.749605470805, 97.0804839558126];"[90.57422116 90.14500272 91.71251083 84.77551929 86.39984159 86.85614988
 90.01601823 85.79192062]";1998-03-29;1998-05-17
82;8;ONLY_DWT_catboost_normal;0.08858375931693746;28.571428571428573;0.09400938803188907;25.75966164545795;0.09398646326052595;19.341367701967787;[219.200420831142, 223.934771173067, 190.781167806418, 245.055234087322, 194.410836401894, 194.963177275118, 192.043661230931, 206.220410310363];"[202.17510985 178.0002787  188.75148742 200.56764644 195.99472924
 175.13197952 215.04115211 207.06169896]";1997-12-07;1998-01-25
87;8;ONLY_DWT_catboost_normal;0.27517134397657234;28.571428571428573;0.3328716620600775;40.575123535405616;0.3327148150155774;35.470462497590454;[137.638085218306, 133.903208837454, 98.9370077331301, 116.899000526039, 123.947922146239, 136.329250269282, 128.208837453972, 126.341399263546];"[103.9244917   89.15745176 113.06746319 112.67816255 105.36765288
  80.43851326  68.85781658  73.21037046]";1997-10-12;1997-11-30
68;8;ONLY_DWT_catboost_normal;0.15211626459238328;28.571428571428573;0.1595949955793223;25.052529065813676;0.1595390007244677;22.808290345276355;[121.67280378748, 174.381904260915, 154.95791688585, 160.718043135192, 130.35244608101, 125.650660053606, 129.287217254077, 162.098895318254];"[137.24782023 131.73349354 123.09350427 136.45303513 143.24006063
 144.96891489 137.98168494 134.88575741]";1997-10-12;1997-11-30
78;8;ONLY_DWT_catboost_normal;0.1123341077837301;28.571428571428573;0.10439336219058229;12.655463725361813;0.10434272497873105;10.790218722394416;[95.8837453971595, 84.4423987375066, 107.285639137296, 109.771173066807, 94.7418472912574, 106.174068785852, 119.568648079958, 100.252105050332];"[109.92921835 107.09576091 112.81038704 108.32385822 112.39179171
 111.45762881 111.19236582 111.59317027]";1997-10-12;1997-11-30
64;8;ONLY_DWT_catboost_normal;0.10609227030379158;28.571428571428573;0.1133155677996279;27.075948891541366;0.11328598037526019;21.75478259785889;[199.566017885324, 186.809573908469, 203.971593897948, 191.083640189374, 160.178853235139, 230.852183061546, 204.734350341925, 205.812730142031];"[189.398157   180.69971926 174.95244674 184.56092518 178.34259422
 172.51423759 187.40868027 177.42140359]";1998-03-29;1998-05-17
73;8;ONLY_DWT_catboost_normal;0.0810435331324348;42.857142857142854;0.0821037906164501;8.551074598775294;0.08205770681478039;7.319016899449421;[99.8684902682798, 86.4281956864808, 98.185165702262, 80.7206733298264, 85.4944765912677, 92.7143608627038, 91.5176223040504, 81.1305900582222];"[83.88561512 85.05582549 90.44745263 88.52659898 88.99935477 84.41423947
 88.4511782  91.9123975 ]";1998-02-01;1998-03-22
82;8;ONLY_DWT_catboost_normal;0.242563552499246;14.285714285714286;0.2083022694283359;50.311741764290616;0.20824879788291084;40.945839796073315;[195.252498684903, 152.327722251446, 206.273014203051, 229.050499736981, 199.434508153603, 128.779436112513, 250.683850604945, 234.942135718043];"[206.96716936 218.51308513 247.41844803 173.58670746 215.24386243
 228.03326347 223.31367036 224.31803888]";1997-10-12;1997-11-30
69;8;ONLY_DWT_catboost_normal;0.14046552372658033;14.285714285714286;0.12492787720001415;18.750856968532254;0.12487437842764319;14.604163922783526;[121.988427143609, 121.988427143609, 108.035244608101, 107.259337190952, 91.7937927406628, 125.302472382956, 121.501841136244, 109.928984744871];"[126.50175121 124.29030378 125.73994461 127.97113698 131.13962098
 129.36790182 129.16726696 130.45391214]";1998-03-29;1998-05-17
83;8;ONLY_DWT_catboost_normal;0.11549272289110561;57.142857142857146;0.12118628934405623;19.757158690579306;0.1211398599287759;15.90662359304833;[129.642293529721, 133.153603366649, 149.894792214624, 117.438190426092, 108.153603366649, 164.62388216728, 122.514466070489, 134.402945817991];"[120.06377213 130.14239172 112.5989659  126.21672771 126.02267529
 131.88000191 130.84172533 124.75426516]";1998-03-29;1998-05-17
73;8;ONLY_DWT_catboost_normal;0.13735207380523023;71.42857142857143;0.1317385613267809;14.146931899909697;0.13166992004738304;12.715546033962951;[87.9931614939505, 98.9216201998949, 124.053129931615, 90.0184113624407, 89.2951078379801, 80.2472382956338, 85.652288269332, 86.5619419782642];"[ 94.03140671  88.40507733 102.98568686 101.87405774  87.84927097
  99.36700659 101.22945339 102.66566244]";1997-12-07;1998-01-25
64;8;ONLY_DWT_catboost_normal;0.10607936758160316;42.857142857142854;0.09933191719828113;21.89978544731861;0.09930401399021735;17.74578056189981;[164.455156076107, 183.863755917938, 195.002630194634, 180.247238295634, 203.8532351394, 195.397159389795, 180.010520778538, 142.282615308091];"[191.69353945 197.4706442  174.74143874 177.82269396 189.8682705
 191.07374391 194.72072533 187.69926769]";1998-02-01;1998-03-22
79;8;ONLY_DWT_catboost_normal;0.12646378285103382;57.142857142857146;0.13064412792926128;27.822400149215525;0.13060078212740356;19.818394470133867;[173.277222514466, 184.784324039979, 177.367175170963, 149.658074697527, 114.781693845345, 176.065228826933, 152.130457653866, 153.208837453972];"[151.17796075 147.56109896 124.86055095 149.62202968 153.94612858
 171.42275884 149.63076662 152.83343352]";1998-03-29;1998-05-17
69;8;ONLY_DWT_catboost_normal;0.10124675342454185;57.142857142857146;0.10824771996288007;16.03501239514728;0.10820189323648287;12.830509266961938;[118.884797475013, 119.568648079958, 120.278800631247, 112.046291425566, 136.309836927933, 120.817990531299, 116.741188847975, 137.440820620726];"[ 96.97857461 116.41733022 133.1392045  109.6612253  104.97687727
 108.76084247 119.531515   121.28019108]";1998-02-01;1998-03-22
88;8;ONLY_DWT_catboost_normal;0.42132248199878736;85.71428571428571;0.31125744762763496;22.99622665045928;0.31100174899017885;19.1843955656211;[73.5007890583903, 57.7590741714887, 34.3503419253025, 41.5702261967386, 46.8043135192004, 67.1488690163072, 73.224618621778, 71.9884271436086];"[84.00239589 77.51904392 73.80092532 75.29204159 76.46312869 77.19767721
 77.30815341 78.23845815]";1998-03-29;1998-05-17
73;8;ONLY_DWT_catboost_normal;0.22299559141160397;57.142857142857146;0.19333409909898644;21.56490217993557;0.1932356629760213;19.04707313306507;[83.114150447133, 88.9663335086796, 103.971593897948, 71.462388216728, 93.7006838506049, 101.334510658551, 91.8858495528669, 100.644397685429];"[112.60935093 112.04141658 108.15236389 107.84801008 112.44787743
 114.57151074 111.77585401 108.01010923]";1997-10-12;1997-11-30
64;8;ONLY_DWT_catboost_normal;0.18355934626739873;71.42857142857143;0.1757331694304326;38.95305159432369;0.17568451220800524;32.296560306190706;[161.167412783104, 129.313519200421, 261.533403471857, 158.705944239874, 163.269331930563, 163.348237769595, 169.765912677538, 179.747501315097];"[172.80031233 175.05365598 182.27311685 181.80213437 192.62796038
 193.54426572 206.01236025 182.5893667 ]";1997-12-07;1998-01-25
83;8;ONLY_DWT_catboost_normal;0.14878533723719917;28.571428571428573;0.164233924779093;20.826762960312237;0.16415977687057232;18.220602595731663;[114.189900052604, 119.266175697002, 114.479221462388, 110.099947396107, 136.507101525513, 124.329300368227, 111.09942135718, 123.001052077854];"[103.07112368  89.22188924 102.58075911 101.19632567  98.98726339
 107.03400421 103.53466666 101.5812672 ]";1998-02-01;1998-03-22
83;8;ONLY_DWT_catboost_normal;0.28597504785588695;28.571428571428573;0.2395065323137307;30.095425978721988;0.23939781981668046;26.42805233321356;[107.259337190952, 81.0516842191901, 135.257759074172, 96.2914255654919, 108.258811152025, 100.289321409784, 85.9679116254603, 96.2388216728037];"[116.48396961 125.64241645 138.36703193 127.11227835 125.16420199
 128.94942683 130.25958279 130.06058263]";1997-12-07;1998-01-25
69;8;ONLY_DWT_catboost_normal;0.19582210711170522;42.857142857142854;0.18476817327088776;25.136660454870096;0.18469585900210056;23.778212478842477;[141.714886901631, 151.749079431878, 168.332456601788, 106.575486586007, 103.629668595476, 105.576012624934, 117.148869016307, 114.137296159916];"[133.21282652 130.93262914 132.45661231 134.99619739 134.42861669
 132.97939018 133.41435275 136.28012085]";1997-12-07;1998-01-25
64;8;ONLY_DWT_catboost_normal;0.1203725058019099;28.571428571428573;0.12081008632122373;25.096061295370166;0.12077761890743122;22.572497383984146;[176.394003156234, 159.07417148869, 199.881641241452, 196.935823250921, 192.701209889532, 165.471806818466, 172.082720515876, 230.378748027354];"[169.75586138 181.78467026 173.02114267 170.61881851 188.45996889
 191.58995779 199.88094309 190.48252735]";1997-10-12;1997-11-30
74;8;ONLY_DWT_catboost_normal;0.17651118575201769;42.857142857142854;0.16059283278102077;20.025832570057805;0.16051875853858238;17.490883151621052;[128.39295107838, 121.357180431352, 104.826407154129, 102.840610205155, 80.41820094687, 114.176749079432, 109.07417148869, 94.3450815360337];"[107.25643586 113.50524642 125.39916236 119.64241059 115.96694537
 113.34639835 123.27550777 117.32871049]";1998-03-29;1998-05-17
88;8;ONLY_DWT_catboost_normal;0.14414907067236818;42.857142857142854;0.16000507576934658;12.590014087225427;0.15988371091609876;10.616599291387612;[74.7764334560758, 67.1225670699632, 70.1998947922146, 64.0320883745397, 77.617043661231, 70.4629142556549, 71.0810099947397, 82.3908469226723];"[63.12559894 63.31614757 62.93960311 49.40490138 55.39331022 65.54404603
 73.42743312 64.29181008]";1998-02-01;1998-03-22
79;8;ONLY_DWT_catboost_normal;0.18071076063681815;28.571428571428573;0.15396891512900635;32.03655721438535;0.15391846944490256;23.745041840244674;[133.784850078906, 166.241451867438, 147.606522882693, 174.473961073119, 193.240399789585, 152.498684902683, 101.657022619674, 156.680694371384];"[141.59107246 165.21970054 182.30487692 166.01608577 163.37144765
 164.20057591 174.32553179 180.41747373]";1998-02-01;1998-03-22
83;8;ONLY_DWT_catboost_normal;0.14439941550681662;57.142857142857146;0.1302386562161463;19.711593157614878;0.13018660664580198;16.317691481853025;[120.725933719095, 110.849552866912, 119.187269857969, 126.906891109942, 134.179379274066, 116.839508028356, 101.459758022094, 125.946870068385];"[131.79646077 135.50315973 143.98222108 128.86916969 134.01591078
 140.26441465 134.22549393 137.6529272 ]";1997-10-12;1997-11-30
69;8;ONLY_DWT_catboost_normal;0.04372065432927001;71.42857142857143;0.042452640568784714;6.658025979005371;0.042436857265460814;5.710074699406835;[130.168332456602, 126.933193056286, 138.032614413466, 132.877432930037, 127.814308258811, 129.096215024674, 132.088374539716, 140.426091530773];"[130.19563799 135.37246022 143.09178308 138.9465245  136.14809771
 136.8009849  141.67786981 139.96838147]";1997-10-12;1997-11-30
74;8;ONLY_DWT_catboost_normal;0.13447557885624334;42.857142857142854;0.12338548329727854;16.663976594659093;0.12333185448591549;14.229748994402733;[104.642293529721, 119.226722777486, 95.6721071735725, 109.876380852183, 117.6223040505, 98.9084692267228, 134.731720147291, 117.135718043135];"[120.37222968 119.17035691 119.24224481 125.36132001 129.19173362
 128.54872724 123.81932519 124.01024865]";1998-02-01;1998-03-22
90;8;ONLY_DWT_catboost_normal;0.10124122118031224;71.42857142857143;0.09265909037969229;12.170545789110893;0.09260807257036065;8.511040254236605;[111.401893740137, 99.7106785902157, 96.0415570752236, 95.6601788532352, 67.1488690163072, 109.179379274066, 108.311415044713, 98.10625986323];"[106.65669319  96.15616766  93.75332191  94.82999673  97.18131324
  99.033071    98.83652974  91.08970438]";1998-03-29;1998-05-17
79;8;ONLY_DWT_catboost_normal;0.16833749140450938;42.857142857142854;0.1718743663819866;34.64696667460535;0.17182369244591708;29.509317582223527;[206.338769068911, 182.903734876381, 231.825355076276, 179.32551461756, 145.752235665439, 141.359810625986, 134.652814308259, 138.953182535508];"[159.06607228 168.12181722 163.92007687 167.86178309 159.03693502
 165.20457699 161.3977608  169.7296868 ]";1997-12-07;1998-01-25
88;8;ONLY_DWT_catboost_normal;0.628564394134757;57.142857142857146;0.379189248555266;29.6237967859227;0.37886634530149454;22.680693202574936;[83.8900578642821, 76.0126249342452, 79.7211993687532, 31.3913729615992, 26.1309836927933, 43.2140978432404, 67.924776433456, 69.0150845538987];"[80.85200867 83.29741442 83.78035368 77.50844579 80.3298676  81.53386943
 83.72000745 81.64767785]";1997-12-07;1998-01-25
90;8;ONLY_DWT_catboost_normal;0.13685651704319365;85.71428571428571;0.13124380219087445;15.635249778837446;0.1311758438686525;12.752163363581701;[99.6843766438716, 104.379274066281, 86.3492898474487, 77.590741714887, 107.732772225145, 91.7280378748027, 101.249342451341, 85.5733824302999];"[ 99.21442823 121.93544711 112.33911386  95.68967962  87.03728353
  87.00712855  87.34701249  86.15707798]";1998-02-01;1998-03-22
74;8;ONLY_DWT_catboost_normal;0.20969547957205126;42.857142857142854;0.19500273614080466;29.26334139645455;0.1949282664604408;25.708343900759317;[138.466596528143, 143.648079957917, 175.381378221988, 119.345081536034, 108.824302998422, 107.3776959495, 107.916885849553, 109.547606522883];"[138.17826056 131.54384184 128.88804426 151.79163184 147.52184381
 138.32068722 126.02075725 136.1374959 ]";1997-12-07;1998-01-25
88;8;ONLY_DWT_catboost_normal;0.3277568842417239;71.42857142857143;0.4095239539649447;29.47274383105099;0.40920847258735177;26.77144253612834;[86.599158337717, 71.1336138874277, 81.3256180957391, 86.5334034718569, 67.3066806943715, 88.0783297011598, 74.9342451341399, 84.7711730668068];"[65.59693732 48.96623404 51.17195863 64.92439065 65.62260645 47.29783842
 40.24827389 42.6824427 ]";1997-10-12;1997-11-30
84;8;ONLY_DWT_catboost_normal;0.14725430343352827;42.857142857142854;0.13177094210110582;13.649729214516062;0.13169268451726296;11.134327568373093;[87.8748027354024, 96.3834823776959, 81.9042609153076, 77.6170436612309, 64.7159389794845, 86.8490268279853, 95.1472908995265, 75.6706996317728];"[98.20304541 92.18987463 91.4412953  92.14724629 90.3756095  89.12887585
 92.43005229 95.49947461]";1998-03-29;1998-05-17
79;8;ONLY_DWT_catboost_normal;0.17061613599168635;57.142857142857146;0.15260850148590066;29.77564624706007;0.15256357944271262;25.933868012518044;[156.207259337191, 161.454497632825, 166.543924250395, 135.921271892941, 162.690689110994, 150.361338643822, 162.243556023146, 184.061020515518];"[181.2122968  179.19428337 184.7333859  193.81400399 189.13155111
 184.65238788 186.34353946 187.873053  ]";1997-10-12;1997-11-30
95;8;ONLY_DWT_catboost_normal;0.04191205657017155;85.71428571428571;0.0420870899298702;9.21118499231861;0.04207400046631643;6.774142409554148;[154.589689637033, 164.308258811152, 165.281430825881, 160.849552866912, 157.482903734877, 178.143082588111, 147.356654392425, 153.406102051552];"[151.7577029  156.99494594 167.52668621 160.63165068 157.9412999
 159.33184235 160.64965916 162.42814297]";1998-03-29;1998-05-17
74;8;ONLY_DWT_catboost_normal;0.12155491695129364;14.285714285714286;0.11699325459147493;16.169444892207373;0.1169483221404053;15.244118747158579;[120.765386638611, 116.631030809659, 115.215675960021, 140.294581799053, 126.657022619674, 122.178803136194, 122.225144660705, 149.158337716991];"[133.80081683 142.29349925 132.51274618 128.65720397 135.51555221
 137.33564274 131.8506143  128.47857326]";1997-10-12;1997-11-30
89;8;ONLY_DWT_catboost_normal;0.18090513069144992;57.142857142857146;0.15956794546680686;27.162669713701977;0.15951082488949322;22.410744146094373;[135.96791162546, 143.161493950552, 123.474487112046, 121.357180431352, 107.627564439769, 148.724355602314, 142.240925828511, 124.355602314571];"[144.29463926 163.27595141 173.59061559 143.63643108 136.91846851
 146.17571749 150.21815618 162.98821874]";1998-03-29;1998-05-17
84;8;ONLY_DWT_catboost_normal;0.1946444099378214;14.285714285714286;0.19622400586542144;22.396688526312328;0.19611766210607554;18.168232429793512;[118.003682272488, 103.616517622304, 91.6096791162546, 88.9926354550237, 94.4765912677538, 70.8837453971594, 75.7364544976328, 110.849552866912];"[ 73.98286903  86.33661181  92.73958727  99.3673983   91.89987112
  93.54200606 103.17158082  90.97919061]";1998-02-01;1998-03-22
90;8;ONLY_DWT_catboost_normal;0.24707672881574658;28.571428571428573;0.24758534525499737;34.08609986837211;0.24746903697799955;26.928126605848185;[97.9221462388217, 132.811678064177, 169.818516570226, 96.6070489216202, 89.4792214623881, 85.9416096791162, 74.8684902682799, 82.4385005624203];"[103.6315712   92.88585817  97.39175098 104.67527274 105.78127878
 100.09032037 113.24159938 102.90940203]";1997-12-07;1998-01-25
84;8;ONLY_DWT_catboost_normal;0.21669897262531107;57.142857142857146;0.18943284212277295;22.856143119657133;0.18933770953493917;18.982658161165045;[103.642819568648, 116.806943713835, 130.326144134666, 103.866386112572, 74.6712256706997, 101.43345607575, 79.5765386638611, 79.9447659126775];"[110.39836934 103.47230318 108.97409116 107.50572995 117.34995782
 108.81963376 106.85947583 109.37659709]";1997-12-07;1998-01-25
105;8;ONLY_DWT_catboost_normal;0.0750574601892834;42.857142857142854;0.07339257483198683;11.959614538089006;0.07336559578653279;10.003278386749363;[119.557823129252, 143.707482993197, 130.768140589569, 126.176303854875, 144.883786848073, 150.297619047619, 130.059523809524, 137.315759637188];"[142.14296525 126.27464248 128.58510169 136.0317795  155.06273259
 141.7195423  132.57553291 144.01245797]";1998-03-29;1998-05-17
100;8;ONLY_DWT_catboost_normal;0.13855517051190022;57.142857142857146;0.12326634036327692;24.390641846375203;0.12322501718625711;18.436641871540534;[158.545918367347, 132.440476190476, 115.30612244898, 137.996031746032, 157.667233560091, 176.459750566893, 165.320294784581, 153.018707482993];"[163.15572129 167.13499391 166.91582937 161.20471391 165.5970072
 166.35003447 152.68209153 155.71143972]";1998-03-29;1998-05-17
89;8;ONLY_DWT_catboost_normal;0.11759414975595381;42.857142857142854;0.12324542505159465;22.161754524175702;0.12320219651933682;17.665726197613452;[160.270910047344, 159.245134139926, 142.859021567596, 131.891109942136, 170.528669121515, 145.476065228827, 138.006312467123, 112.321239209343];"[144.45763256 139.00364791 163.31930037 132.11043264 123.03082994
 128.74102794 135.15357084 129.82706548]";1998-02-01;1998-03-22
95;8;ONLY_DWT_catboost_normal;0.08245372710234641;57.142857142857146;0.08749498094243688;14.317690476907227;0.08746330603683927;12.111884644856485;[140.084166228301, 138.940031562336, 152.880063124671, 142.122567069963, 144.160967911626, 139.150447133088, 146.34402945818, 158.74539715939];"[129.51818612 117.8405671  128.67950507 136.74574952 131.74283116
 138.45333364 140.54869461 142.00372527]";1998-02-01;1998-03-22
105;8;ONLY_DWT_catboost_normal;0.0572955148007305;28.571428571428573;0.05613299387700201;9.028355333436158;0.05611195766721075;7.494372478022754;[141.383219954649, 138.378684807256, 133.602607709751, 128.202947845805, 145.393990929705, 119.37358276644, 129.931972789116, 135.728458049887];"[139.19242907 130.29905769 138.531124   139.45662931 134.30357601
 136.48103752 133.40364055 133.89563142]";1998-02-01;1998-03-22
84;8;ONLY_DWT_catboost_normal;0.11206550666003959;14.285714285714286;0.107249480673753;12.883802186832673;0.10719456618419233;10.516478012892767;[98.6454497632825, 114.742240925829, 106.233561283535, 108.429773803262, 83.2062072593372, 100.203526965757, 79.9710678590216, 111.849026827985];"[102.77592427  97.43892254 104.16134967  98.59040439  98.94771586
  96.65042967 104.49418347 104.88029816]";1997-10-12;1997-11-30
100;8;ONLY_DWT_catboost_normal;0.6800723988391467;28.571428571428573;1.0519556783500839;117.43002012531221;1.0514740845177406;115.77096261767937;[178.160430839002, 165.802154195011, 168.636621315193, 156.023242630385, 181.831065759637, 166.737528344671, 176.24716553288, 167.587868480726];"[68.35822053 76.52618054 27.87107376 65.66175326 76.90520168 49.21223591
 32.94319687 37.3805136 ]";1998-02-01;1998-03-22
90;8;ONLY_DWT_catboost_normal;0.14894172373330206;28.571428571428573;0.1321151519181084;17.859320128843915;0.13205155631026308;13.737101239556944;[89.7685428721726, 98.4744871120463, 112.585481325618, 112.66438716465, 83.955812730142, 92.4444527942686, 107.469752761704, 120.844292477643];"[117.65843626 112.60349786 107.99454521 113.81810541 118.08967504
 110.3933701  109.85212231 113.17619023]";1997-10-12;1997-11-30
91;8;ONLY_DWT_catboost_normal;0.22193023799142222;28.571428571428573;0.25516889711458457;30.431391083593155;0.25504849081334;27.25006873385151;[117.674907943188, 137.006838506049, 120.476065228827, 119.687006838506, 91.9647553918989, 121.580746975276, 133.100999473961, 128.866386112572];"[ 68.87605342  88.75615688  93.10432977  95.83824391 104.70116707
 103.89990818 105.27338208 117.38073866]";1998-03-29;1998-05-17
100;8;ONLY_DWT_catboost_normal;0.39544315228119176;71.42857142857143;0.2970279113406834;42.412397551758495;0.29689792180145025;34.719409007606615;[117.545351473923, 168.168934240363, 156.802721088435, 67.4603174603174, 69.6003401360544, 96.1309523809524, 126.941609977324, 125.31179138322];"[157.89061401 141.33729575 140.333493   126.86497903 144.06362586
 147.70098623 130.63626577 130.2882974 ]";1997-12-07;1998-01-25
110;8;ONLY_DWT_catboost_normal;0.09127566699078886;14.285714285714286;0.09555063584782647;13.021151883928717;0.0955085940602513;10.869070079804832;[119.187269857969, 118.621778011573, 120.449763282483, 131.614939505523, 99.8290373487638, 120.620725933719, 105.247238295634, 109.481851657023];"[111.09679043 109.09316749 107.84931756 104.72232917 111.35888447
 107.59554289 108.78680284 107.73603173]";1998-03-29;1998-05-17
95;8;ONLY_DWT_catboost_normal;0.20535854236741322;57.142857142857146;0.18392209470492085;33.51771648425789;0.1838622825373557;28.548982086598343;[154.721199368753, 161.533403471857, 214.334560757496, 150.460284061021, 132.035770647028, 128.642819568648, 131.772751183588, 116.249950795679];"[154.69583483 167.74792263 171.20837289 168.09666705 164.09878065
 170.11002365 166.46158001 169.42031002]";1997-12-07;1998-01-25
91;8;ONLY_DWT_catboost_normal;0.1324430903823513;42.857142857142854;0.13319969973360662;14.888013882568565;0.13313014080695734;12.858145222810904;[119.213571804314, 94.8053655970542, 106.536033666491, 102.511835875855, 111.244082062073, 72.6854287217254, 106.667543398211, 97.9352972119938];"[ 96.31341789  84.80394707  91.90826476 106.85107031 105.51942693
  96.20070573  88.9495624  101.97397007]";1998-02-01;1998-03-22
89;8;ONLY_DWT_catboost_normal;0.19361426909051146;57.142857142857146;0.17531662014957905;30.176050438914558;0.17525593745962034;25.539193980225164;[149.342451341399, 151.814834297738, 195.647027880063, 141.32035770647, 111.980536559705, 115.518148342977, 122.356654392425, 139.018937401368];"[151.14220308 156.30505284 154.29011133 158.70347516 154.00802711
 160.74433683 154.83347601 158.5719843 ]";1997-12-07;1998-01-25
100;8;ONLY_DWT_catboost_normal;0.09373085510245402;0.0;0.0947960770256132;18.504244900536683;0.09476620705564542;15.088143762982348;[179.024943310658, 164.044784580499, 173.611111111111, 178.75566893424, 163.392857142857, 130.045351473923, 159.452947845805, 169.005102040816];"[158.43707698 160.3236804  156.74784613 147.68176632 155.20545351
 159.74177477 159.00086172 158.88200308]";1997-10-12;1997-11-30
110;8;ONLY_DWT_catboost_normal;0.09678870127224076;57.142857142857146;0.0902323490030637;14.14358682596689;0.09019294625552396;10.351126321189383;[120.213045765387, 104.168858495529, 120.502367175171, 99.4871120462915, 126.82798527091, 108.627038400842, 98.844950920926, 107.088374539716];"[115.89678395 102.00285239 126.84334782 110.06821255 112.70911011
 119.58716145 132.07399636 105.99175669]";1998-02-01;1998-03-22
105;8;ONLY_DWT_catboost_normal;0.1913444478718769;57.142857142857146;0.2037365398500965;37.43101912634928;0.20367055158066882;31.77268870791653;[194.968820861678, 161.068594104308, 211.607142857143, 168.735827664399, 125.907029478458, 152.403235974383, 122.293083900227, 128.458049886621];"[150.37522583 129.25960051 134.0722582  151.97580636 156.28824516
 135.28934854 135.17932116 151.56072459]";1997-12-07;1998-01-25
95;8;ONLY_DWT_catboost_normal;0.1814429572109297;71.42857142857143;0.1639901177195663;29.134771761581256;0.1639407930011311;27.361827745947366;[151.446607048922, 136.730668069437, 173.10625986323, 158.285113098369, 156.877958968964, 135.369229227725, 162.611783271962, 162.20410310363];"[170.17818101 183.38651125 203.52131623 185.52904783 172.18674194
 172.15623923 179.44061296 189.12769418]";1997-10-12;1997-11-30
110;8;ONLY_DWT_catboost_normal;0.11092497184949791;85.71428571428571;0.11608136546475789;17.10996492451683;0.1160297519605074;13.222718951130405;[108.534981588638, 114.742240925828, 151.196738558653, 124.105733824303, 93.0168332456601, 95.0420831141505, 95.2788006312467, 102.774855339295];"[100.44870329 108.25070973 111.37368884 105.32876013 101.41100538
 103.95583377 106.74311041 106.60654148]";1997-12-07;1998-01-25
91;8;ONLY_DWT_catboost_normal;0.19100495256916422;71.42857142857143;0.18903444901641847;29.165839909895155;0.18895950169437692;24.343762165884794;[140.057864281957, 144.805365597054, 187.375065754866, 132.101525512888, 111.914781693845, 102.630194634403, 89.1767490794318, 110.783798001052];"[128.0561566  120.56471533 125.5471886  135.8371205  134.91613209
 128.12602085 117.31668511 127.09095261]";1997-12-07;1998-01-25
105;8;ONLY_DWT_catboost_normal;0.09866400817419439;100.0;0.08851807904749652;16.368631811636966;0.08848349582155265;11.415342333265132;[135.997732426304, 114.923469387755, 135.643424036281, 163.775510204082, 144.52947845805, 100.595238095238, 136.437074829932, 170.195578231292];"[138.96741703 135.34790195 148.39116883 168.56429581 142.39309142
 138.30575862 146.69940439 169.91272426]";1997-10-12;1997-11-30
89;8;ONLY_DWT_catboost_normal;0.13963662149914352;28.571428571428573;0.13575457205508426;22.550919554880558;0.1357057772855202;19.043878557814253;[120.397159389795, 108.206207259337, 140.268279852709, 163.453445554971, 125.775907417149, 146.560707397109, 133.784850078906, 177.893214097843];"[142.26026772 138.5798883  140.5692263  135.69209942 149.26619872
 143.45727854 144.21838192 142.86851958]";1997-10-12;1997-11-30
96;8;ONLY_DWT_catboost_normal;0.18183119545129073;14.285714285714286;0.20961575733026416;23.28618541624956;0.2094959367958611;18.420459148627206;[77.5775907417149, 88.2430299842189, 121.60704892162, 96.9095213045766, 77.9589689637032, 94.8842714360862, 89.6238821672803, 97.8826933193055];"[75.251718   70.3105602  71.9519559  73.84362567 78.48405703 76.57802021
 76.63914126 75.31443152]";1998-03-29;1998-05-17
101;8;ONLY_DWT_catboost_normal;0.13682508072947405;28.571428571428573;0.14756075500903507;23.462599116703114;0.14750729960363157;20.39015212287353;[159.736394557823, 159.410430839002, 126.899092970521, 156.505102040816, 141.468253968254, 150.297619047619, 131.079931972789, 133.886054421769];"[143.26277517 124.05322797 140.41286431 113.24613292 124.94229996
 131.08937601 142.70808789 126.7307531 ]";1998-03-29;1998-05-17
91;8;ONLY_DWT_catboost_normal;0.138601052965982;57.142857142857146;0.1255318858089581;19.32417705971317;0.12548317342314483;16.21653795953649;[132.18043135192, 104.642293529721, 133.258811152025, 136.178327196213, 127.235665439242, 116.760602189324, 111.941083640189, 137.743293003682];"[144.44368685 135.41367648 133.95310943 146.47600781 140.16618138
 140.27235179 143.67221787 145.27557958]";1997-10-12;1997-11-30
110;8;ONLY_DWT_catboost_normal;0.09079213951891288;71.42857142857143;0.08608098924834189;10.768559362312027;0.08603865351713894;8.781408620747117;[95.8837453971595, 84.4423987375066, 107.285639137296, 109.771173066807, 94.7418472912574, 106.174068785852, 119.568648079958, 100.252105050332];"[109.24686275 104.76204711 110.26759617 106.87919476 106.08977449
 105.16682562 107.15691271 106.1797672 ]";1997-10-12;1997-11-30
96;8;ONLY_DWT_catboost_normal;0.08877602155460607;28.571428571428573;0.08601962624457202;7.348175051379085;0.08595491943554684;5.76532083878678;[71.7122567069963, 51.6175697001578, 73.5270910047343, 73.7112046291426, 77.0910047343504, 69.621251972646, 71.0021041557074, 77.9458179905313];"[64.15973717 67.06566545 70.92984038 71.57604471 70.18008013 71.85993297
 70.22373819 69.48424868]";1998-02-01;1998-03-22
92;8;ONLY_DWT_catboost_normal;0.13676307716703662;71.42857142857143;0.12102998866351858;31.730987419568066;0.12099930725259264;23.929690234340406;[197.172540768017, 184.192530247238, 153.748027354024, 182.667017359285, 183.232509205681, 232.877432930037, 213.295633876907, 206.891109942136];"[207.0138025  229.2139754  222.37091079 203.58060708 207.82421961
 237.61140917 221.62596228 216.27343673]";1998-03-29;1998-05-17
106;8;ONLY_DWT_catboost_normal;0.16720400934578142;57.142857142857146;0.14626938093832453;20.87699069060047;0.1462029543804042;16.232819697676142;[127.437641723356, 132.681405895692, 99.68820861678, 128.713151927438, 81.2500000000001, 136.210317460317, 120.082199546485, 90.3486394557823];"[135.16149691 126.58774082 113.84829202 124.39933008 123.43834602
 120.28861583 126.4161658  123.47575761]";1998-03-29;1998-05-17
92;8;ONLY_DWT_catboost_normal;0.1341222790803145;85.71428571428571;0.14581492241320926;30.994724004519366;0.14577479464204834;26.55313365106124;[201.933193056286, 201.104681746449, 203.037874802735, 174.079431877959, 219.923724355602, 154.052736297044, 182.930036822725, 175.486586007365];"[171.79317963 162.45362756 163.42767451 162.19643466 164.21400347
 167.57738124 168.00955218 167.50063241]";1998-02-01;1998-03-22
106;8;ONLY_DWT_catboost_normal;0.12127598544629258;71.42857142857143;0.11065725420080891;15.574874281342549;0.11060725667604523;12.327812576850288;[135.459183673469, 84.7222222222222, 104.010770975057, 107.213718820862, 123.75283446712, 108.616780045352, 110.714285714286, 120.861678004535];"[129.51509105 114.41021748 130.09681866 120.0735968  113.30525234
 111.97845295 117.44640192 124.36479384]";1998-02-01;1998-03-22
96;8;ONLY_DWT_catboost_normal;0.14223083277737625;28.571428571428573;0.14834254965330262;16.16272697848854;0.14825108358909722;12.228735090313467;[81.7332982640714, 92.3592845870595, 115.071015255129, 79.0132833775278, 82.8511309836928, 66.8200946870069, 65.9784324039979, 63.6112572330352];"[77.35169039 75.71424279 77.54117825 77.93120292 76.38068097 76.49106761
 75.35092505 76.28865525]";1997-12-07;1998-01-25
92;8;ONLY_DWT_catboost_normal;0.27575267293029504;28.571428571428573;0.24134223712909103;43.13484317341505;0.24126132610632386;36.60611593204794;[200.920568122041, 185.849552866912, 172.830089426618, 87.6929256710575, 119.936875328774, 162.914255654918, 183.74539715939, 174.883877801515];"[145.46861572 147.61449903 153.83700229 163.57368604 178.9321697
 172.45510814 162.79703373 160.08031437]";1997-12-07;1998-01-25
101;8;ONLY_DWT_catboost_normal;0.41956993140997184;42.857142857142854;0.3190819150678015;57.15936670047134;0.3189801502246682;50.39344192630825;[151.686507936508, 137.301587301587, 146.584467120181, 130.654761904762, 142.602040816327, 85.1615646258504, 157.993197278912, 140.646258503401];"[163.12157307 169.98845398 199.6272474  186.52676    188.05789818
 194.17826492 190.33780505 203.93991829]";1998-02-01;1998-03-22
101;8;ONLY_DWT_catboost_normal;1.0034864878788845;57.142857142857146;0.5713583866873062;182.41457195510736;0.5712504756824605;151.4633526254506;[210.246598639456, 241.992630385488, 305.442176870748, 201.842403628118, 152.140022675737, 140.334467120181, 143.197278911565, 132.582199546485];"[246.77938914 274.97372084 318.99114628 351.72285618 363.23209216
 387.65560372 400.15865647 395.97113399]";1997-12-07;1998-01-25
106;8;ONLY_DWT_catboost_normal;0.20707366851404335;42.857142857142854;0.22063988912457405;45.21346819428394;0.2205587775850245;31.086619458555116;[141.213151927438, 159.155328798186, 229.931972789116, 132.780612244898, 104.081632653061, 93.5941043083899, 104.84693877551, 122.307256235828];"[132.03471395 113.12413042 120.04102393 130.42606258 130.69776886
 125.42279737 122.88186493 127.0653216 ]";1997-12-07;1998-01-25
92;8;ONLY_DWT_catboost_normal;0.12996729415225122;42.857142857142854;0.1123667965923868;31.455870800061;0.11233674577863469;21.1669274249062;[185.981062598632, 153.605603209195, 217.148869016307, 243.34560757496, 207.193582325092, 175.519150321886, 146.234169627872, 190.123619147817];"[189.64000605 211.50631489 238.58384322 236.19925659 207.25366761
 177.99414688 207.96158303 205.05556298]";1997-10-12;1997-11-30
96;8;ONLY_DWT_catboost_normal;0.48940445228419893;71.42857142857143;0.384653587076615;37.27966126676843;0.3844465059047817;35.775011459987866;[69.9237243556024, 79.6817464492372, 80.8258811152025, 90.2945817990531, 66.5570752235666, 77.2945317001077, 64.9526564965807, 76.6307206733299];"[115.07495093 116.15814176 101.67880452 107.68006897 107.51019914
 118.9251759  113.70531517 111.6283531 ]";1997-10-12;1997-11-30
101;8;ONLY_DWT_catboost_normal;0.16588395018250526;42.857142857142854;0.15696181624358727;28.164064452853864;0.15691189350540888;25.180837191553884;[139.795918367347, 115.419501133787, 152.791950113379, 129.790249433106, 152.395124716553, 138.74716553288, 196.230158730159, 223.922902494331];"[145.73357169 147.24845192 168.20574296 168.66357616 163.63354708
 168.27981521 171.81101246 179.72014695]";1997-10-12;1997-11-30
102;8;ONLY_DWT_catboost_normal;0.22684427894664183;42.857142857142854;0.26414352568139365;17.42119265175558;0.2639115112645378;15.100483230235017;[48.9229024943311, 56.859410430839, 78.3730158730159, 67.4036281179139, 51.3605442176871, 66.2273242630386, 61.9756235827664, 67.3611111111111];"[46.23163317 46.13660343 47.48421144 47.55605208 47.37656656 47.44547655
 47.7616255  47.68752554]";1998-03-29;1998-05-17
93;8;ONLY_DWT_catboost_normal;0.13044719137259003;42.857142857142854;0.12748982871202164;18.222681592656652;0.1274401326290696;16.4637201091754;[136.743819042609, 152.958968963703, 116.017885323514, 115.005260389269, 100.302472382956, 153.905839032088, 144.397685428722, 124.066280904787];"[129.7630893  130.38587051 129.48374243 129.85129989 130.36994886
 130.25892205 130.41569952 130.21393761]";1998-03-29;1998-05-17
106;8;ONLY_DWT_catboost_normal;0.160845473624677;57.142857142857146;0.14197569362980186;21.406682254436628;0.14191657650944248;17.11514458879761;[124.390589569161, 99.1780045351475, 133.064058956916, 141.950113378685, 117.446145124717, 92.2902494331066, 116.057256235828, 133.815192743764];"[132.31826002 129.72006047 135.48563852 130.79795401 134.23725292
 134.76724861 136.79635207 138.68568133]";1997-10-12;1997-11-30
97;8;ONLY_DWT_catboost_normal;0.161771835649271;0.0;0.15564528686398924;23.300431075679196;0.15558753178286536;21.152574804636107;[142.175170962651, 159.363492898474, 152.880063124671, 153.248290373487, 100.486586007364, 110.547080483956, 160.494476591268, 158.74539715939];"[139.05051332 136.79119333 139.19846905 134.46273865 139.5551661
 138.86558527 137.62895344 137.94150977]";1998-03-29;1998-05-17
102;8;ONLY_DWT_catboost_normal;0.24440159685040824;14.285714285714286;0.28299547371477735;12.387722699621127;0.2826297100135682;10.963794389838784;[37.8968253968254, 32.0294784580499, 37.65589569161, 48.483560090703, 47.3639455782313, 43.28231292517, 46.2301587301587, 49.0504535147392];"[40.21707439 37.20016166 30.66197247 29.56870053 31.51752784 35.23391084
 33.30174425 31.56304769]";1998-02-01;1998-03-22
93;8;ONLY_DWT_catboost_normal;0.04993122881049708;42.857142857142854;0.05032368932102188;7.206754835160277;0.050303947299241925;6.417143956295721;[118.556023145713, 129.116254602841, 137.098895318254, 118.503419253025, 135.796948974224, 127.630194634403, 131.720147290899, 132.916885849553];"[127.75354502 126.44382853 130.63552997 125.84370943 122.84316192
 125.05977233 127.72205032 126.77564401]";1998-02-01;1998-03-22
97;8;ONLY_DWT_catboost_normal;0.10438152883552529;57.142857142857146;0.11102661352785767;15.050442792322029;0.11098217158767931;13.885543670535007;[129.445028932141, 121.751709626512, 134.113624408206, 121.554445028932, 137.112046291426, 127.248816412414, 130.970541820095, 144.042609153077];"[111.83041289 110.99760669 117.11381119 123.74496261 120.00039165
 117.50320268 116.65841713 121.68670263]";1998-02-01;1998-03-22
107;8;ONLY_DWT_catboost_normal;0.18513189930963428;71.42857142857143;0.20365747085136227;22.36513994561208;0.2035574641131534;20.87014805062205;[102.111678004535, 114.980158730159, 120.734126984127, 108.262471655329, 80.3146258503402, 132.8089569161, 115.008503401361, 105.243764172336];"[ 94.61549718  96.28387606  91.34255975  83.55197615  91.51154529
 101.55510064  88.33533024  87.70105488]";1998-03-29;1998-05-17
102;8;ONLY_DWT_catboost_normal;0.14398169182858558;57.142857142857146;0.14084190272901326;6.067359080917811;0.14066636562703963;5.684242839894172;[39.7534013605442, 39.8242630385488, 46.1026077097506, 46.3577097505669, 48.8520408163265, 33.6592970521542, 33.6451247165533, 33.531746031746];"[45.96257153 38.73069645 37.97587225 42.23560112 41.51559047 41.09321267
 39.69407481 38.63479183]";1997-12-07;1998-01-25
93;8;ONLY_DWT_catboost_normal;0.10470197593346839;85.71428571428571;0.10514587391064317;17.93384735471974;0.10510467456276962;13.574928174753266;[133.968963703314, 151.814834297738, 160.783798001052, 125.046796291724, 97.2382956338768, 115.557601262493, 130.207785376118, 125.631246712257];"[123.13702254 129.15745812 127.23892483 123.8934643  123.22866802
 127.22016158 128.38899195 124.69106995]";1997-12-07;1998-01-25
97;8;ONLY_DWT_catboost_normal;0.18231213458507378;28.571428571428573;0.18021609424611024;30.03119794074036;0.18015461521440995;26.72242182567502;[159.00841662283, 168.043135192004, 205.457653866386, 129.563387690689, 125.052603892688, 132.732772225145, 119.279326670174, 117.690295476423];"[143.54644552 141.25701251 146.2669618  148.26561666 147.91437121
 145.02759407 145.26285973 150.18853303]";1997-12-07;1998-01-25
93;8;ONLY_DWT_catboost_normal;0.27918353136716384;42.857142857142854;0.2295378277142086;43.81430258316627;0.22946244803046553;35.06460251907625;[119.792214623882, 132.706470278801, 130.35244608101, 129.011046817464, 129.260915307733, 128.136193983117, 132.298790110468, 116.38611257233];"[121.94718516 142.96747984 170.77205056 198.85012145 163.00809003
 143.25951859 160.03229732 197.62426696]";1997-10-12;1997-11-30
102;8;ONLY_DWT_catboost_normal;0.32717560997264233;71.42857142857143;0.260859439593385;17.486830619596386;0.26062443641754285;14.521075691664366;[54.5918367346939, 53.188775510204, 66.7800453514739, 63.6479591836734, 41.6950113378685, 54.577664399093, 40.5895691609977, 39.3849206349206];"[64.6149267  68.35724497 68.55105616 64.99310221 63.68484401 65.57825576
 68.68562861 66.15932942]";1997-10-12;1997-11-30
107;8;ONLY_DWT_catboost_normal;0.2172080974256623;57.142857142857146;0.24616941884558144;26.03048586217399;0.2460389820513012;23.466885355249115;[124.263038548753, 108.106575963719, 106.264172335601, 113.647959183673, 119.982993197279, 104.109977324263, 71.5986394557823, 86.9472789115646];"[92.42598595 84.81475107 64.75710801 90.95383452 85.68102741 87.41868765
 83.4600015  81.39688007]";1998-02-01;1998-03-22
97;8;ONLY_DWT_catboost_normal;0.06086208702768005;85.71428571428571;0.058270250719909905;10.424095281416268;0.05825027528198294;8.500921062468883;[138.295633876907, 142.438190426091, 155.128879537086, 152.748553392951, 148.816412414519, 134.093584830039, 136.296685954761, 157.167280378748];"[151.3031655  151.88918012 152.99635699 151.68064511 152.78725594
 151.83591407 152.16518379 152.40053464]";1997-10-12;1997-11-30
107;8;ONLY_DWT_catboost_normal;0.1236824999443854;42.857142857142854;0.13393059042766647;18.17484683275189;0.13386781987547336;14.43213531754509;[119.869614512472, 127.040816326531, 137.65589569161, 112.372448979592, 101.955782312925, 98.6961451247164, 91.312358276644, 95.3798185941043];"[111.85281863 106.96331488 105.85289044  80.93096668 106.13312681
 102.19224705 101.80831909 101.32870901]";1997-12-07;1998-01-25
103;8;ONLY_DWT_catboost_normal;0.10185648923381457;57.142857142857146;0.10507345773723778;20.26691287212533;0.10504245513425636;17.875168258897094;[193.43820861678, 180.612244897959, 184.169501133787, 172.987528344671, 141.87925170068, 187.65589569161, 182.553854875283, 184.396258503401];"[173.01794902 147.81052432 196.54358695 161.10783141 165.62162294
 159.03639897 172.1392762  181.64712199]";1998-03-29;1998-05-17
94;8;ONLY_DWT_catboost_normal;0.21040665639081685;57.142857142857146;0.23045352776239528;36.983000616833415;0.23037610900493932;34.39605465813037;[169.673855865334, 177.143608627039, 142.122567069963, 144.568648079958, 145.002630194634, 181.430825881115, 168.187795896896, 149.684376643872];"[114.7118892  135.00898617 159.34472836 176.67566583 122.4535802
 133.13963714 126.95882089 133.01092128]";1998-03-29;1998-05-17
107;8;ONLY_DWT_catboost_normal;0.17541226889633083;42.857142857142854;0.16256772764828986;23.26282114623663;0.16250577374243103;21.44188194256812;[127.820294784581, 115.532879818594, 131.618480725624, 170.436507936508, 126.516439909297, 115.051020408163, 108.531746031746, 110.445011337869];"[137.3581739  140.24518923 145.19863013 140.45591574 134.51104359
 139.22228189 140.1687131  140.36630452]";1997-10-12;1997-11-30
98;8;ONLY_DWT_catboost_normal;0.10562672330588171;28.571428571428573;0.10726492062191978;16.503905872247763;0.10722039346775003;12.985729056067141;[116.307206733298, 129.839558127302, 117.385586533403, 118.069437138348, 96.0678590215675, 147.093634928985, 131.233561283535, 130.15518148343];"[116.07048158 111.42612865 113.39643196 119.51087272 121.25590815
 117.79728944 116.49387209 119.57417763]";1998-03-29;1998-05-17
108;8;ONLY_DWT_catboost_normal;0.0761344021898789;28.571428571428573;0.07953732048493861;16.816624819117994;0.07951731282177213;15.807114012256722;[206.306689342404, 212.103174603174, 207.298752834467, 199.418934240363, 195.3089569161, 206.986961451247, 207.723922902494, 211.295351473923];"[191.70712091 189.23597187 187.70018912 190.07083407 190.54841186
 189.35728912 191.39647389 189.96954083]";1998-03-29;1998-05-17
103;8;ONLY_DWT_catboost_normal;0.20861866360077413;14.285714285714286;0.16814417416764793;43.46367911736368;0.16809822411253347;30.84350955348294;[198.001700680272, 185.430839002268, 181.391723356009, 189.413265306122, 121.176757131048, 165.787981859411, 169.600340136054, 180.357142857143];"[188.86420907 189.85230682 215.18254036 214.74843076 229.53577864
 193.06905538 189.78619784 198.59432467]";1998-02-01;1998-03-22
94;8;ONLY_DWT_catboost_normal;0.25648439933179945;42.857142857142854;0.2099179383093087;39.226359298497755;0.20984486709646716;30.634841082894567;[150.736454497633, 116.296292320189, 168.740136770121, 148.264071541294, 116.938453445555, 95.1232255132457, 136.125723303524, 144.529195160442];"[149.11971556 188.32839653 187.75002266 195.26905324 153.03084773
 151.26097742 131.34265577 152.93099936]";1998-02-01;1998-03-22
108;8;ONLY_DWT_catboost_normal;0.04044830801033187;57.142857142857146;0.04084363839452289;9.224729117371218;0.04083265001620887;7.599261617759886;[185.756802721088, 174.433106575964, 192.375283446712, 181.958616780045, 186.054421768707, 176.814058956916, 190.915532879819, 201.24716553288];"[187.94894371 172.15741894 199.50214499 171.47407562 180.58131976
 189.46175053 187.96990201 183.59872837]";1998-02-01;1998-03-22
98;8;ONLY_DWT_catboost_normal;0.08912210929752166;42.857142857142854;0.09625846487792934;13.906955984369263;0.09621513685666509;10.697624419831788;[126.459758022094, 104.997369805366, 111.822724881641, 100.3287743293, 119.082062072593, 112.980010520779, 115.912677538138, 122.501315097317];"[104.02778465 105.0560694  112.1676542  101.35375805  97.87823912
 100.43170008 106.65540544 103.79031123]";1998-02-01;1998-03-22
94;8;ONLY_DWT_catboost_normal;0.18562526662911422;71.42857142857143;0.19868629900672366;39.19085394855508;0.19862486341059998;32.924760308002945;[146.159915833772, 185.126249342451, 247.106785902157, 186.401893740137, 170.94950026302, 127.152107555279, 129.287217254077, 117.6965578446];"[164.87512277 153.54246164 163.69442404 144.84955789 133.96970388
 142.4041962  149.55627466 133.33000552]";1997-12-07;1998-01-25
103;8;ONLY_DWT_catboost_normal;0.1255515272183601;42.857142857142854;0.13217436212395478;33.01447920202138;0.13213977006381206;25.554810737853757;[191.695011337868, 180.442176870748, 258.333333333333, 218.735827664399, 167.729591836735, 156.746031746032, 159.297052154195, 183.149092970522];"[170.13632814 170.53915257 185.97745404 176.7459167  178.287294
 179.17885676 182.48214543 180.69372527]";1997-12-07;1998-01-25
94;8;ONLY_DWT_catboost_normal;0.32046642874984155;71.42857142857143;0.26315859327228935;46.021329170046286;0.26307315022788114;40.63584122554236;[165.610205155181, 157.035770647028, 179.944765912677, 136.941083640189, 110.44187269858, 117.891585882117, 122.907929172019, 137.258943556381];"[183.9502258  179.28009478 185.15532035 180.32579909 180.71727109
 179.00962565 180.97645593 183.70409378]";1997-10-12;1997-11-30
98;8;ONLY_DWT_catboost_normal;0.16988677383943557;14.285714285714286;0.16467353171875992;21.449656150050078;0.16459947521409224;18.390004171228302;[116.885849552867, 120.370857443451, 145.213045765387, 97.0673329826407, 93.8979484481852, 97.9221462388217, 99.7369805365597, 95.1031859350789];"[118.44180952 107.1448374  104.99123522 116.35662318 121.88703263
 109.5969571  111.63351314 116.36971089]";1997-12-07;1998-01-25
108;8;ONLY_DWT_catboost_normal;0.16278118937488764;71.42857142857143;0.1551227649237146;37.005150064905465;0.15508352054051985;31.00722905600057;[217.800453514739, 205.017006802721, 272.17970521542, 178.883219954648, 164.016439909297, 163.463718820862, 176.147959183673, 161.380385487528];"[219.81068014 185.80581948 206.55591185 210.90354668 222.40075798
 195.50715803 201.15603298 175.13685282]";1997-12-07;1998-01-25
103;8;ONLY_DWT_catboost_normal;0.11735206932554457;28.571428571428573;0.11443154522384491;23.908314050100678;0.11439842954757184;19.809538887143788;[170.606575963719, 139.625850340136, 188.194444444444, 188.492063492063, 169.359410430839, 164.980158730159, 191.340702947846, 196.301020408163];"[168.51687374 188.59121994 167.54446917 164.37652296 179.11825926
 156.02840755 172.68091038 171.01568952]";1997-10-12;1997-11-30
98;8;ONLY_DWT_catboost_normal;0.3218717058583719;42.857142857142854;0.27006346666504055;38.248066624977795;0.26995649259666726;34.51398153439095;[94.0163072067333, 111.401893740137, 99.6843766438717, 117.977380326144, 107.653866386112, 96.258235014153, 106.404523934771, 123.513940031562];"[119.05378861 114.06569828 150.94399328 169.48377056 134.33574041
 134.58173948 133.36490801 177.19273693]";1997-10-12;1997-11-30
108;8;ONLY_DWT_catboost_normal;0.10730971028685718;42.857142857142854;0.1030129095443161;23.431766178866436;0.10298617362354201;19.935531696096184;[182.355442176871, 158.517573696145, 190.702947845805, 185.997732426304, 190.065192743764, 173.497732426304, 209.311224489796, 235.515873015873];"[197.10953809 200.40188333 200.5049032  199.34519353 198.22754358
 198.83930689 199.82519469 198.80939655]";1997-10-12;1997-11-30
104;8;ONLY_DWT_catboost_normal;0.04043664197913617;57.142857142857146;0.04013970428803644;5.480273407255911;0.040121805054917956;4.505443022597335;[109.708049886621, 121.017573696145, 117.743764172336, 107.851473922902, 102.239229024943, 114.073129251701, 115.036848072562, 120.833333333333];"[107.24914461 116.33521917 116.67697949 113.14441257 112.63696443
 110.52842723 115.76728751 112.96364915]";1998-03-29;1998-05-17
99;8;ONLY_DWT_catboost_normal;0.07044738805031811;42.857142857142854;0.0721934595631302;8.966391824761441;0.07215682826125706;7.130442321127381;[98.5928458705945, 113.834823776959, 98.185165702262, 103.103629668596, 84.5476065228827, 102.617043661231, 100.13150973172, 103.734876380852];"[96.23291727 94.57623935 94.20651625 99.46722537 96.01115387 95.16658862
 98.04601314 96.92440359]";1998-03-29;1998-05-17
109;8;ONLY_DWT_catboost_normal;0.3319608553017672;42.857142857142854;0.40734984365631044;92.79346048151183;0.40724061702722947;77.89394359453131;[165.802154195011, 202.18253968254, 321.102607709751, 254.393424036281, 117.672902494331, 259.325396825397, 188.577097505669, 194.571995464853];"[139.91496371 138.85876772 141.75313554 144.06536289 142.71247765
 140.0086647  141.10441856 142.13792871]";1998-03-29;1998-05-17
99;8;ONLY_DWT_catboost_normal;0.061548708860601764;71.42857142857143;0.06455510547984905;8.20084215221268;0.06452162018137436;6.2284879968959554;[102.524986849027, 99.4082062072593, 91.6228300894267, 85.652288269332, 108.232509205681, 92.0962651236192, 89.9000526038927, 100.644397685429];"[90.9321648  92.15949593 91.64378339 89.80074592 91.72469284 90.31754559
 90.86169766 93.07561795]";1998-02-01;1998-03-22
104;8;ONLY_DWT_catboost_normal;0.09021655637354524;42.857142857142854;0.09630849297805624;16.58971930836211;0.09626875809392332;11.732727624969616;[147.477324263038, 121.173469387755, 113.151927437642, 118.806689342404, 139.512471655329, 110.728458049887, 100.439342403628, 112.259070294785];"[113.6613484  116.92623556 107.80996426 110.72721239 111.50074553
 112.46899161 113.03654572 112.28677847]";1998-02-01;1998-03-22
109;8;ONLY_DWT_catboost_normal;0.15484481751503937;28.571428571428573;0.15416628261158685;23.499469217735072;0.15410637371334585;20.025935259604815;[109.410430839002, 105.045351473923, 134.679705215419, 154.237528344671, 125.850340136054, 119.246031746032, 132.596371882086, 136.465419501134];"[ 96.4449359  106.9425833  105.45458249 123.75819071 150.59490015
 159.72670622 123.73670233 124.91002859]";1998-02-01;1998-03-22
104;8;ONLY_DWT_catboost_normal;0.14954881416690471;28.571428571428573;0.15248571624494991;23.85788560042426;0.15242115964673952;18.241331302453162;[124.957482993197, 117.715419501134, 166.666666666667, 103.954081632653, 90.9863945578231, 102.536848072562, 105.47052154195, 121.329365079365];"[110.05617205 113.09438559 110.72841098 117.02852637 116.42518138
 116.99563282 114.88216373 113.24297371]";1997-12-07;1998-01-25
99;8;ONLY_DWT_catboost_normal;0.14651551093555618;42.857142857142854;0.13661545449475065;15.57007783482426;0.13654611000630532;13.479585519255533;[108.324566017885, 100.591793792741, 115.491846396633, 90.3997895844293, 83.2719621251973, 93.3982114676486, 90.9737803590663, 84.5344555497107];"[107.5545457   98.43214007  96.87748071 107.37382051 106.43087843
 104.12584761 111.88481965  99.05547731]";1997-12-07;1998-01-25
104;8;ONLY_DWT_catboost_normal;0.0763993918117348;71.42857142857143;0.07571694461719278;9.97225082208392;0.07568218039996771;8.275875826254865;[118.579931972789, 100.637755102041, 92.4886621315194, 113.151927437642, 105.895691609977, 103.1320861678, 120.578231292517, 126.020408163265];"[115.43052577 112.56986544 107.39748795 109.41915669 103.7341368
 107.69311057 112.68594516 108.15138001]";1997-10-12;1997-11-30
109;8;ONLY_DWT_catboost_normal;0.31518413494177494;71.42857142857143;0.25793509643815227;38.132271803584096;0.25783260064898694;32.848265002547905;[125.368480725623, 121.485260770975, 135.303287981859, 152.140022675737, 180.853174603175, 94.4727891156464, 83.2482993197278, 96.641156462585];"[152.3870998  154.83455702 129.96974967 146.93371208 151.63015594
 146.59930478 143.77383842 146.64443882]";1997-12-07;1998-01-25
99;8;ONLY_DWT_catboost_normal;0.2750114342599228;100.0;0.23610738165288517;32.05442009546828;0.23600678295400376;28.236823261079554;[86.6386112572331, 88.0194634402946, 94.3582325092057, 110.70489216202, 100.013150973172, 103.451817339245, 92.5960021041556, 116.701735928459];"[ 98.4494972   98.83064885 108.81982619 161.32466941 123.35457216
 152.3195067  119.17136907 156.10840223]";1997-10-12;1997-11-30
109;8;ONLY_DWT_catboost_normal;0.5137206251166582;57.142857142857146;0.37255787365606985;79.7846097796662;0.3724547398601891;67.49004811602;[176.856575963719, 136.337868480726, 223.993764172336, 228.75566893424, 162.981859410431, 110.912698412698, 126.587301587301, 124.518140589569];"[231.76173034 224.18426992 225.46295324 224.58650365 224.74654356
 229.3973559  231.89915296 230.48742236]";1997-10-12;1997-11-30
