DATA;MCPM;UF;PRODUCT;MODEL;PARAMS;WINDOW;HORIZON;RMSE;MAPE;POCID;PBE;P1;P2;P3;P4;P5;P6;P7;P8;P9;P10;P11;P12
combination;607444.2582682531;PR;etanolhidratado;combination-mean;ARIMA-SARIMA-VARMA;12;12;27929.322569991702;0.22753573107293243;50.0;19.985920810843197;72225.4990212129;70832.41954355095;68204.70597292556;67613.72238876058;68078.71191845412;65848.3034116142;68024.51134166111;68293.61043043589;67496.5300913554;74281.99834170143;62048.03766102713;63514.8169832281
