DATA;MCPM;UF;PRODUCT;MODEL;PARAMS;WINDOW;HORIZON;RMSE;MAPE;POCID;PBE;P1;P2;P3;P4;P5;P6;P7;P8;P9;P10;P11;P12
combination;3777578.820988116;SP;etanolhidratado;combination-mean;ARIMA-SARIMA-VARMA;12;12;130558.94728789557;0.15322245715143953;33.333333333333336;9.881568283413856;653476.7375055258;684657.249737084;684321.3139266192;672088.1023269407;692067.8948147155;604648.5468865586;649404.1892333671;638242.6418739628;596692.3029700955;666366.2611816206;572413.7310294933;610992.7957526147
