DATA;MCPM;UF;PRODUCT;MODEL;PARAMS;WINDOW;HORIZON;RMSE;MAPE;POCID;PBE;P1;P2;P3;P4;P5;P6;P7;P8;P9;P10;P11;P12
combination;290235.3304237567;BA;etanolhidratado;combination-mean;ARIMA-SARIMA-VARMA;12;12;11448.587101066467;0.21165845767839742;41.666666666666664;13.637136507955102;40204.71163805068;38587.84006647131;37364.4843320593;38333.668924480524;36463.29163649076;34866.88059263224;34719.23506021088;36860.476411988864;36839.861104005;39784.90705276504;37506.501600873344;34761.53855609186
