DATA;MCPM;UF;PRODUCT;MODEL;PARAMS;WINDOW;HORIZON;RMSE;MAPE;POCID;PBE;P1;P2;P3;P4;P5;P6;P7;P8;P9;P10;P11;P12
combination;159108.2508740167;DF;etanolhidratado;combination-mean;ARIMA-SARIMA-VARMA;12;12;14370.420596189579;0.5685315639227004;75.0;63.0103876902243;7823.365496488522;7233.6810901854;7237.293379680965;7603.420997520503;6061.30653425181;6642.724191710876;7916.615106884352;8335.71315588045;7857.093397799685;7844.6756574939545;5718.624421325658;6422.368725839338
