DATA;UF;PRODUCT;MODEL;PARAMS;WINDOW;HORIZON;RMSE;MAPE;POCID;PBE;MASE;P1;P2;P3;P4;P5;P6;P7;P8;P9;P10;P11;P12
normal;PA;glp;deepar;{};12;12;2530.6987755763294;1.40461035332728;81.81818181818181;130.4725225041378;0.9768677528423695;-595.466094244436;-642.2481804408262;-565.8774484122515;-1015.3237122215912;-1276.5590929785674;-786.8287945055831;-880.810322202155;-664.488526861167;-574.3448294455201;-93.06506958468589;72.71454858024487;349.22185123477226
deseasonal;PA;glp;deepar;{};12;12;1595.1598624399533;1.2136936525063493;63.63636363636363;89.01375121707498;0.6913386398078154;514.6314273771075;-329.8905377435767;-370.82749164264;-98.53128372501894;-345.4649555998715;-183.7925170246464;-106.10949855561941;306.60666203887445;162.0636949882814;694.4133683367471;842.8020849430766;797.6331573225032
log;PA;glp;deepar;{};12;12;2360.211400389111;1.967323785932513;45.45454545454545;126.33604630926423;1.0759724191445799;558.0990557297471;-54.2784782670646;-376.95345394974254;-90.45281982853066;-829.9762604884869;-1164.0373617319383;-1016.1122179298081;-1188.3534824002252;-604.4953916638713;-435.37426016310854;-237.04607331069525;475.6901944628896
