DATA;UF;PRODUCT;MODEL;PARAMS;WINDOW;HORIZON;RMSE;MAPE;POCID;PBE;MASE;P1;P2;P3;P4;P5;P6;P7;P8;P9;P10;P11;P12
normal;ES;glp;deepar;{};12;12;1389.2388904154636;2.752376354320648;45.45454545454545;-1012.3509072685364;0.9529606366951889;503.10576520853675;65.2414468016766;1517.2198275223627;492.3263062441961;1049.146919808094;1324.190574144476;406.6648237572046;1225.5356907268251;771.1133644227992;1660.4149341184334;1232.7669764851962;1657.1259188064964
deseasonal;ES;glp;deepar;{};12;12;1580.605861250916;14.804010943189786;54.54545454545455;825.1058077689966;0.9270883904245956;605.7593398285503;118.98174442910329;915.8301010421982;1214.4519171872325;1288.9041418781426;981.1085556847302;1629.9345452493021;1306.2837973290225;1252.109996650802;1004.8678515306958;648.9128235966364;488.06571965183946
log;ES;glp;deepar;{};12;12;1950.2706929469898;1.7566147915803787;63.63636363636363;669.6737951533689;1.5307415684431793;374.81538359325;381.2555593114504;1156.9407071723317;772.8250819175005;1648.6788858156995;1818.7709150742169;2083.6561951176836;1216.7924033356744;1594.1846369337648;1231.5430782741573;764.5854446740799;488.5729859146483
