DATA;MCPM;UF;PRODUCT;MODEL;PARAMS;WINDOW;HORIZON;RMSE;MAPE;POCID;PBE;P1;P2;P3;P4;P5;P6;P7;P8;P9;P10;P11;P12
combination;2.0111983211323635e+18;PB;queroseneiluminante;ARIMA-MEAN;;12;12;9.481143914438604;4.242432443003936e+16;0.0;-inf;10.371131833964348;9.01840381620091;9.650389192681384;8.14491967741877;9.79007650478588;10.044147215157045;11.737363366898741;9.799669185903122;7.52959004484963;8.458371193379135;8.746262097203548;9.750784158910811
