DATA;MCPM;UF;PRODUCT;MODEL;PARAMS;WINDOW;HORIZON;RMSE;MAPE;POCID;PBE;P1;P2;P3;P4;P5;P6;P7;P8;P9;P10;P11;P12
combination;903.2555222216506;MG;queroseneiluminante;ARIMA-MEAN;;12;12;76.91820454958821;1.599558808826142;75.0;-152.03396950895154;126.63226292533247;106.81137422110842;142.46322835508875;123.26120153192069;137.09103158072548;137.97610347905302;127.39331325356467;118.97350289220802;140.67673857580775;99.18824074255164;138.31329319529166;98.30148813051936
