DATA;MCPM;UF;PRODUCT;MODEL;PARAMS;WINDOW;HORIZON;RMSE;MAPE;POCID;PBE;P1;P2;P3;P4;P5;P6;P7;P8;P9;P10;P11;P12
combination;4.673510338548636e+18;MA;queroseneiluminante;ARIMA-MEAN;;12;12;21.594861733559856;8.876205502610782e+16;0.0;-inf;12.844158575823943;15.887811062236132;19.53056557828336;8.330354781090985;24.716713142924064;40.948123674787965;23.445809598999933;17.714550325254883;10.915768156144525;10.922717193433053;22.10868716361981;29.144366034673336
