DATA;MCPM;UF;PRODUCT;MODEL;PARAMS;WINDOW;HORIZON;RMSE;MAPE;POCID;PBE;P1;P2;P3;P4;P5;P6;P7;P8;P9;P10;P11;P12
combination;252.35594922504893;DF;gasolinadeaviacao;SARIMA_MEDIAN;"{'normal': ""{'p': 2, 'd': 1, 'q': 2, 's': 12}"", 'deseasonal': ""{'p': 2, 'd': 1, 'q': 2, 's': 12}"", 'log': ""{'p': 2, 'd': 1, 'q': 2, 's': 12}"", 'deseasonal-log': ""{'p': 2, 'd': 1, 'q': 2, 's': 12}""}";12;12;13.645160196946376;0.25749934751620884;58.333333333333336;23.892993946658795;35.29852225196036;29.1154050211329;37.300709003317394;35.2361781999506;30.299860644748108;36.54041969791341;31.378849384868346;24.94055121489323;22.640056400722436;25.428904459028907;21.764469502531828;23.33490240775545
