DATA;MCPM;UF;PRODUCT;MODEL;PARAMS;WINDOW;HORIZON;RMSE;MAPE;POCID;PBE;MASE;P1;P2;P3;P4;P5;P6;P7;P8;P9;P10;P11;P12
normal;105087.35555667797;DF;oleodiesel;xgb;{'learning_rate': 0.3, 'n_estimators': 200, 'subsample': 0.8};12;12;3332.9136882025314;0.086658958274119;27.272727272727273;-4.84579412377244;2.2813108048809503;32065.65;31490.646;32009.426;32733.104;33185.914;33746.1;36153.27;36276.86;36285.324;35828.914;36157.484;31895.764
log;7929.903983414627;DF;oleodiesel;xgb;{'learning_rate': 0.3, 'n_estimators': 50, 'subsample': 0.8};12;12;2002.7823403710693;0.05279488294112978;90.9090909090909;-1.552467533813879;1.3928901041734465;33551.355;33768.938;34024.67;33894.023;33815.02;33899.395;33444.754;32140.05;31804.953;31962.459;31348.137;31364.342
deseasonal;32009.79702143728;DF;oleodiesel;xgb;{'learning_rate': 0.4, 'n_estimators': 50, 'subsample': 0.9};12;12;2029.778959781127;0.05484409270629426;63.63636363636363;-2.4694939116557624;1.4581816041274709;31999.513039831272;31291.411358542642;32404.87968009815;31914.97794179762;33236.91189952288;35357.24230288545;34907.69421745173;36000.20787702114;35181.8451827354;33563.78340974822;31812.42481295039;30914.2489024151
