DATA;MCPM;UF;PRODUCT;MODEL;PARAMS;WINDOW;HORIZON;RMSE;MAPE;POCID;PBE;MASE;P1;P2;P3;P4;P5;P6;P7;P8;P9;P10;P11;P12
normal;616941.2711313303;RJ;oleodiesel;xgb;{'learning_rate': 0.3, 'n_estimators': 50, 'subsample': 0.7};12;12;26076.14015795754;0.092990982965865;45.45454545454545;8.533643099101557;1.2154245968163084;191921.56;187726.14;189419.66;191154.89;210531.98;208835.25;223574.67;228422.19;222078.31;225445.92;225768.4;217488.17
log;732491.5326144458;RJ;oleodiesel;xgb;{'learning_rate': 0.2, 'n_estimators': 100, 'subsample': 0.9};12;12;26538.93583148503;0.10432686814752039;36.36363636363637;8.97164293483347;1.3668833920544199;198962.86;198665.9;197632.44;199129.7;204783.7;202622.12;212701.66;216032.69;219494.98;216512.44;215797.75;227952.19
deseasonal;179623.38801466126;RJ;oleodiesel;xgb;{'learning_rate': 0.4, 'n_estimators': 50, 'subsample': 0.9};12;12;22708.091332235726;0.08571831467236234;81.81818181818181;8.672628970048443;1.1219293290409507;206308.30447435664;189934.0566239318;195227.05571394713;190292.05706962783;217196.06918854866;222599.70761106908;216868.03750013496;226688.71810046828;215690.38536838515;223362.9534518459;211304.64608814023;203062.35255954432
