DATA;MCPM;UF;PRODUCT;MODEL;PARAMS;WINDOW;HORIZON;RMSE;MAPE;POCID;PBE;P1;P2;P3;P4;P5;P6;P7;P8;P9;P10;P11;P12
hybrid1;2584.467061430713;TO;querosenedeaviacao;HYBRID;{'p': 14, 'd': 0, 'q': 13};12;12;236.86617570221034;0.1791625888066808;75.0;6.088240849556805;767.9140323702011;656.667268085116;733.2191606405003;715.1855795138579;803.4932920294468;857.5175196443515;785.969297989789;960.7239462870897;856.9260896349782;946.6128122155053;981.0495075890643;640.179684864518
half-arima-hybrid1;5161.060476052474;TO;querosenedeaviacao;HYBRID;{'p': 14, 'd': 0, 'q': 13};12;12;237.3425241847198;0.18038545294473898;50.0;5.111708472010348;755.4548222321097;742.1863241408953;732.268670335941;779.1257853156225;814.6208590993213;811.2616628729552;785.969297989789;960.7239462870897;856.9260896349782;946.6128122155053;981.0495075890643;640.179684864518
half-arima_mean-hybrid1;4259.337136091173;TO;querosenedeaviacao;HYBRID;{'p': 14, 'd': 0, 'q': 13};12;12;234.9663874327722;0.1671948621065089;58.333333333333336;6.606168636981498;708.5604068811019;708.0691804821511;702.8421106466042;752.5513764299994;802.8238960209223;805.6238214846635;785.969297989789;960.7239462870897;856.9260896349782;946.6128122155053;981.0495075890643;640.179684864518
