DATA;MCPM;UF;PRODUCT;MODEL;PARAMS;WINDOW;HORIZON;RMSE;MAPE;POCID;PBE;P1;P2;P3;P4;P5;P6;P7;P8;P9;P10;P11;P12
hybrid1;56710.85064647918;PR;querosenedeaviacao;HYBRID;{'p': 3, 'd': 1, 'q': 6};12;12;3111.3895031274265;0.4208203655249876;58.333333333333336;-39.84920614804593;8806.305504552201;8140.904102204662;9424.109439917027;10190.66432173629;10713.473713372963;11467.131514009987;11223.637885505403;11195.521363396349;11381.566902305949;11371.511327788952;11168.570992626039;10576.834489134904
half-arima-hybrid1;64342.067319699556;PR;querosenedeaviacao;HYBRID;{'p': 3, 'd': 1, 'q': 6};12;12;2532.3969306397757;0.3352279755786203;41.666666666666664;-32.259441235243145;8044.40700506827;8104.840569511442;8659.309468763997;8660.753815721091;9114.915260315704;9338.648280874386;11223.637885505403;11195.521363396349;11381.566902305949;11371.511327788952;11168.570992626039;10576.834489134904
half-arima_mean-hybrid1;44724.22866187703;PR;querosenedeaviacao;HYBRID;{'p': 3, 'd': 1, 'q': 6};12;12;2459.437973496345;0.3236968125672564;58.333333333333336;-31.33659560676817;8296.729183472602;7980.8025154887;8428.825313391017;8213.725058707838;8955.561870577192;9218.015917046574;11223.637885505403;11195.521363396349;11381.566902305949;11371.511327788952;11168.570992626039;10576.834489134904
