DATA;MCPM;UF;PRODUCT;MODEL;PARAMS;WINDOW;HORIZON;RMSE;MAPE;POCID;PBE;P1;P2;P3;P4;P5;P6;P7;P8;P9;P10;P11;P12
hybrid1;26503.86537078678;GO;querosenedeaviacao;HYBRID;{'p': 4, 'd': 0, 'q': 11};12;12;1460.778099747874;0.2278293865090626;58.333333333333336;-18.895582825940444;5097.841348772224;4279.233829330898;5170.990291418625;5047.294800767522;5188.330378801813;5604.884565798334;5614.888767239872;6594.486928812615;6702.351000590931;7303.422927060347;7552.221462492706;6857.466434289964
half-arima-hybrid1;27922.343241118266;GO;querosenedeaviacao;HYBRID;{'p': 4, 'd': 0, 'q': 11};12;12;1537.8035849372413;0.2587830786043084;58.333333333333336;-24.67671893538337;4884.806265666913;4788.234314114072;5515.467239355846;5858.728572743741;6105.6323447518025;6688.6371495358135;5614.888767239872;6594.486928812615;6702.351000590931;7303.422927060347;7552.221462492706;6857.466434289964
half-arima_mean-hybrid1;27586.131560245012;GO;querosenedeaviacao;HYBRID;{'p': 4, 'd': 0, 'q': 11};12;12;1519.3940370078394;0.25582416658422186;58.333333333333336;-24.027810841167554;4845.0959388946885;4793.682194849757;5451.406991954324;5747.198022800497;6156.5315304829255;6460.014333204601;5614.888767239872;6594.486928812615;6702.351000590931;7303.422927060347;7552.221462492706;6857.466434289964
