DATA;MCPM;UF;PRODUCT;MODEL;PARAMS;WINDOW;HORIZON;RMSE;MAPE;POCID;PBE;P1;P2;P3;P4;P5;P6;P7;P8;P9;P10;P11;P12
hybrid1;28233.375229882175;CE;querosenedeaviacao;HYBRID;{'p': 5, 'd': 1, 'q': 6};12;12;1949.382847517055;0.11235037470299641;66.66666666666667;-11.043271657089045;17740.03720633493;16287.558566876738;17123.833591256338;18468.7126123232;19170.5419489042;18008.780131981333;17791.397059168463;16842.278211017267;17610.38583684367;18005.08100478073;19885.816329862115;18755.315469576737
half-arima-hybrid1;39149.85445206801;CE;querosenedeaviacao;HYBRID;{'p': 5, 'd': 1, 'q': 6};12;12;1804.516998660143;0.10076267495654449;50.0;-9.868490901057688;16845.316230892593;16768.224709668582;16735.34637142882;18050.78725709648;18971.37508526231;17146.527804905105;17791.397059168463;16842.278211017267;17610.38583684367;18005.08100478073;19885.816329862115;18755.315469576737
half-arima_mean-hybrid1;28241.40630798665;CE;querosenedeaviacao;HYBRID;{'p': 5, 'd': 1, 'q': 6};12;12;1562.158882483694;0.0815429708595443;58.333333333333336;-7.625012798408718;16674.87458707047;15782.741266637911;15990.916546248567;16676.610321951797;18150.104573701465;16884.612700187736;17791.397059168463;16842.278211017267;17610.38583684367;18005.08100478073;19885.816329862115;18755.315469576737
