DATA;MCPM;UF;PRODUCT;MODEL;PARAMS;WINDOW;HORIZON;RMSE;MAPE;POCID;PBE;P1;P2;P3;P4;P5;P6;P7;P8;P9;P10;P11;P12
combination;469871.5839381638;MT;oleodiesel;combination-mean;ARIMA-SARIMA-VARMA-RF;12;12;32466.92804603503;0.08895334666507904;66.66666666666667;7.127072194687586;320172.1584023845;263864.11006023677;282543.32757131814;333622.01113933255;350738.33904351405;326228.90940846823;322078.55611281004;323447.0426188807;269442.6974540183;253613.85368367124;299160.85882164305;343261.2540534688
