DATA;MCPM;UF;PRODUCT;MODEL;PARAMS;WINDOW;HORIZON;RMSE;MAPE;POCID;PBE;MASE;P1;P2;P3;P4;P5;P6;P7;P8;P9;P10;P11;P12
normal;96378.24632357396;AL;etanolhidratado;knn;{'n_neighbors': 1};12;12;3040.1100525963834;0.4745230043474122;27.272727272727273;-1.7903616632404429;1.4022456014958324;5353.674423005948;4486.09251444528;7988.219778041155;10274.365572170673;8254.259129561235;7714.152770636137;6353.387200595267;5321.88706936505;3740.1568571791922;3710.8870431102023;3673.35228157492;3665.5252577255796
log;44716.680361638115;AL;etanolhidratado;knn;{'n_neighbors': 5};12;12;1617.5588436303628;0.19818460004827487;36.36363636363637;8.77249824831378;0.6174688923186749;2116.8975279856572;3199.6926289929775;3551.993330473873;3831.223935992773;4131.2912159806065;5112.091966806326;6097.337331044209;6845.161708723699;7472.845029603814;6451.031707279023;7279.133614426892;7127.692006351775
deseasonal;51446.96243681992;AL;etanolhidratado;knn;{'n_neighbors': 1};12;12;3218.3514686265917;0.5471163818005181;63.63636363636363;2.4657126899047097;1.5959885652396857;4161.1020112613505;3766.8918921518534;3609.823576407217;10441.736542202694;8898.862536435496;8967.780995147972;7770.139686987108;3853.5139100619003;3355.346398146243;4001.5285583754585;4592.27298397499;4167.70033612626
