DATA;MCPM;UF;PRODUCT;MODEL;PARAMS;WINDOW;HORIZON;RMSE;MAPE;POCID;PBE;MASE;P1;P2;P3;P4;P5;P6;P7;P8;P9;P10;P11;P12
normal;2500.2973064817184;RR;etanolhidratado;knn;{'n_neighbors': 3};12;12;125.67012365354141;0.36178853837791386;54.54545454545455;30.35789016584247;1.1442841197671605;109.19246825860711;155.61213033706974;162.27030287121084;158.09110752664157;207.95495867584927;313.1149969193013;305.7307585854205;273.68008809710454;205.62148191534232;180.37363077879567;188.1532779923946;214.26303537585568
log;2251.0865274992993;RR;etanolhidratado;knn;{'n_neighbors': 3};12;12;113.21545457854495;0.33090454512506473;54.54545454545455;33.6895626634252;1.0280379201335799;87.47667580729633;169.15674586207942;143.6805154763417;158.27888269306868;216.72038487473282;236.1671605581474;168.52604192739722;189.68790153463652;220.56607946397878;225.36400448664727;284.28601292077917;255.78910011666204
deseasonal;3514.033513445668;RR;etanolhidratado;knn;{'n_neighbors': 1};12;12;110.8148779880937;0.3053735930351495;27.272727272727273;23.321118669929998;0.9596181869631328;131.0764641529024;125.83101178321014;168.52824201324017;154.7370840917066;214.06615617788685;300.45627693406396;285.60607192106863;250.0512952625758;298.28197774064694;300.22639959360265;271.8916725390666;223.2891442827917
