DATA;MCPM;UF;PRODUCT;MODEL;PARAMS;WINDOW;HORIZON;RMSE;MAPE;POCID;PBE;MASE;P1;P2;P3;P4;P5;P6;P7;P8;P9;P10;P11;P12
arima_nn_rf;19296.939144079362;RO;gasolinac;ARIMA;arima_nn_rf;12;12;2665.259193338627;0.053463626260013226;83.33333333333333;4.461911226736186;1.0054688661339264;36845.60653796251;36222.766019445786;37908.29826560188;34791.85191674683;39721.036387610286;40842.545656820366;39142.225988960636;38812.286670905516;37494.326880032124;44458.78673554296;35225.427868704166;36726.11961259022
