DATA;MCPM;UF;PRODUCT;MODEL;PARAMS;WINDOW;HORIZON;RMSE;MAPE;POCID;PBE;MASE;P1;P2;P3;P4;P5;P6;P7;P8;P9;P10;P11;P12
arima_nn_rf;392930.9815963174;SC;gasolinac;ARIMA;arima_nn_rf;12;12;18127.583608177665;0.05809636771262298;50.0;4.753886316036513;1.1582299252568582;266649.99840612;251453.70616568212;250984.70659784073;218189.30475985986;242771.8571323336;227767.54093976025;231587.11464074714;224286.84722433303;228081.65797393373;301157.24130015075;249421.02122063198;260608.51276463864
