DATA;MCPM;UF;PRODUCT;MODEL;PARAMS;WINDOW;HORIZON;RMSE;MAPE;POCID;PBE;MASE;P1;P2;P3;P4;P5;P6;P7;P8;P9;P10;P11;P12
arima_nn_rf;91407.35184583261;RN;gasolinac;ARIMA;arima_nn_rf;12;12;6314.5774659020435;0.0961452146451993;66.66666666666667;8.830860555500674;1.2243210418663124;51832.62294236163;49486.00859094342;53509.607336712004;46643.07096512147;50820.568102285404;52700.516247313324;51375.048631525446;47040.797270290015;45250.18245595557;59321.36584426816;51167.668294055635;52361.6116929413
