DATA;MCPM;UF;PRODUCT;MODEL;PARAMS;WINDOW;HORIZON;RMSE;MAPE;POCID;PBE;MASE;P1;P2;P3;P4;P5;P6;P7;P8;P9;P10;P11;P12
normal;31774.971965515906;SE;glp;knn;{'n_neighbors': 7};12;12;1343.420828280273;0.07414681457525835;45.45454545454545;4.604468981642629;1.060267362811265;9699.183199256317;10550.223641734943;10760.670615414409;10994.05155698264;11323.909237256035;12656.365672389033;12718.777221958326;12121.736711317855;12051.388950045557;11331.746095968534;11908.987365728826;10883.742885480193
log;30800.883956995458;SE;glp;knn;{'n_neighbors': 9};12;12;1302.3264968839098;0.07045899664735468;45.45454545454545;3.115462449648262;1.0098321138319126;9700.670404959805;10990.625745200787;10617.765803581786;11724.866023792123;11533.140175244382;13169.232125262304;12898.008238455652;12073.43965432015;12271.043788438812;11405.599444859183;11951.909463974453;10802.895467133038
deseasonal;22066.04483117193;SE;glp;knn;{'n_neighbors': 1};12;12;1397.9683453266505;0.08654560949746824;63.63636363636363;4.849005407047838;1.2363147963711933;10096.001154451578;10527.914032322173;10004.348140354341;10796.036946268801;11303.214564139991;11905.45087996813;12156.191756176206;12880.88424536891;11852.438297301316;12814.836367288537;11581.462877711589;10730.816772276788
