DATA;MCPM;UF;PRODUCT;MODEL;PARAMS;WINDOW;HORIZON;RMSE;MAPE;POCID;PBE;MASE;P1;P2;P3;P4;P5;P6;P7;P8;P9;P10;P11;P12
normal;19308.835834160953;PA;glp;knn;{'n_neighbors': 7};12;12;1632.6471707134765;0.03922192088005101;72.72727272727273;3.800449632451234;1.0232277715715759;32989.8165832609;30417.351933391794;33898.48464427974;32339.511755841293;32854.30145537881;32876.73752342799;32277.403857958598;33013.469631917484;31769.6465830341;33262.820588560295;32190.522709650144;34319.23777126303
log;67650.45224917379;PA;glp;knn;{'n_neighbors': 3};12;12;2146.7263033879926;0.04797483996916358;27.272727272727273;3.9182879126755346;1.2597417224798606;30326.28028141222;33050.00844090904;32132.311739136898;32049.934976133667;33302.69615251378;32813.41908646269;33116.170177018525;32501.981552964982;32389.26422262975;33370.99756729695;32619.457418292197;34056.35217567663
deseasonal;24816.365291191745;PA;glp;knn;{'n_neighbors': 1};12;12;1574.3587501648747;0.0382012619434886;63.63636363636363;3.5188831458136076;0.9987424000127332;32640.39378966829;32935.57485658866;32988.721382401854;32524.335266597296;33045.72112745952;32928.758527478705;32145.802220172667;32945.92646774489;31874.021220589024;34538.36447265461;32991.14751490876;31798.495699029147
