DATA;MCPM;UF;PRODUCT;MODEL;PARAMS;WINDOW;HORIZON;RMSE;MAPE;POCID;PBE;MASE;P1;P2;P3;P4;P5;P6;P7;P8;P9;P10;P11;P12
normal;911.1610902595868;AP;glp;knn;{'n_neighbors': 1};12;12;115.48324800257481;0.03397286102446088;81.81818181818181;2.3905013019997865;1.2402077785076737;2959.2989859652635;2482.021499105791;2561.518644950379;2817.5932772993;2639.625393512684;2748.4857593981233;2521.5222466101977;2633.426584078033;2511.854998883424;2611.3778281443783;2649.1207471654448;2518.8720220384175
log;7860.765001669326;AP;glp;knn;{'n_neighbors': 1};12;12;221.64575293182904;0.06263230723664469;18.181818181818183;3.314107883052568;2.3166420638587772;2400.2125430749447;2400.2125430749447;2665.0717000469494;2616.5570675801296;2663.2602757302316;2534.142964142542;2656.7299235517376;2559.8046979221203;2697.5426953286396;2726.3236460856688;2579.799316336874;2855.5354016253777
deseasonal;1466.1322576079117;AP;glp;knn;{'n_neighbors': 7};12;12;93.01149379240361;0.028222398540553018;63.63636363636363;1.2649054529391142;1.036296441545936;2777.3083664850706;2563.753752815514;2654.3888735130067;2597.9843735011113;2687.4985179106457;2650.340039770041;2617.983685979832;2669.342519128092;2616.915615866586;2915.1690192529795;2644.30376920622;2624.759698163638
