DATA;MCPM;UF;PRODUCT;MODEL;PARAMS;WINDOW;HORIZON;RMSE;MAPE;POCID;PBE;MASE;P1;P2;P3;P4;P5;P6;P7;P8;P9;P10;P11;P12
normal;5975.171144004857;AM;glp;knn;{'n_neighbors': 1};12;12;757.3259115863577;0.03804558459668366;81.81818181818181;-0.04539886263594376;0.8364553697984144;16264.982251535677;15458.370326547565;15652.145513111318;14874.979043669236;15398.82337554387;15597.28878143099;14314.44858510429;15263.787449952644;14821.184679387223;15001.905011448122;13869.906362009724;13728.038077565077
log;30770.383524861292;AM;glp;knn;{'n_neighbors': 1};12;12;976.3192998152149;0.05349319991550228;27.272727272727273;0.4286509583638289;1.1761554871526867;13680.554968650973;15877.88679343239;15163.669442551109;15522.783904597092;15049.758879902336;14448.546469182687;15098.777181532174;14519.643947285076;14408.034717764309;15150.702203212679;15014.053085954572;15457.38042602612
deseasonal;8077.079711251229;AM;glp;knn;{'n_neighbors': 9};12;12;682.8924394900964;0.0406628271260785;72.72727272727273;1.3484799459569503;0.904417306196899;15205.378687031394;14210.737378341206;14858.703040053093;14378.191616118655;14424.639998708632;14975.595749598346;14258.146908138182;14535.704757274892;14951.863713664276;15937.889323241283;15051.045324933257;14946.694209311645
