DATA;MCPM;UF;PRODUCT;MODEL;PARAMS;WINDOW;HORIZON;RMSE;MAPE;POCID;PBE;MASE;P1;P2;P3;P4;P5;P6;P7;P8;P9;P10;P11;P12;Test Statistic;p-value;Lags Used;Observations Used;Critical Value (1%);Critical Value (5%);Critical Value (10%);Stationary
normal;14724.50969295388;PB;querosenedeaviacao;SARIMA;{'p': 3, 'd': 1, 'q': 5, 'P': 4, 'D': 0, 'Q': 6, 's': 12};12;12;930.990019456393;0.15569901768139097;63.63636363636363;17.568728168974058;1.0175739691875176;3303.301142225251;3038.055074432852;3017.01966558803;3047.8695710519673;3214.29431583273;3084.338128967114;3056.1858691905823;3174.3173492386654;3127.1210213185645;3453.865640755565;3595.589760592526;3101.130015939342;-4.915318502883419;3.255743451410361e-05;13;383;-3.44753973676872;-2.8691160516676844;-2.57080585953957;True
deseasonal;17158.56491007502;PB;querosenedeaviacao;SARIMA;{'p': 1, 'd': 1, 'q': 3, 'P': 5, 'D': 0, 'Q': 2, 's': 12};12;12;868.3600331974138;0.16972554684372135;54.54545454545455;18.42844997029506;1.057350092074802;3168.4449878077307;2754.7771063952864;2740.2326342300107;2868.4819278018836;3226.9982461938325;2977.6896445557118;2930.3930063713606;3145.069779838653;3180.439503074531;3725.8090081486444;3927.6643871042093;3168.5416778001168;-5.0210270018467265;2.016199809376323e-05;17;379;-3.4477224095888497;-2.869196333125208;-2.5708486586002604;True
log;10853.3457888617;PB;querosenedeaviacao;SARIMA;{'p': 1, 'd': 1, 'q': 4, 'P': 6, 'D': 0, 'Q': 6, 's': 12};12;12;913.8955518533945;0.14907462659454787;72.72727272727273;16.771564680637223;0.9802115602030284;3298.332692631129;3044.592433032845;3036.33389473691;3088.33528024106;3194.829040922714;3133.2481329673897;3139.576654804259;3250.601910719573;3219.845888280603;3437.585071164188;3546.1776209418103;3193.17410242771;-4.90048786744105;3.479818364928144e-05;13;383;-3.44753973676872;-2.8691160516676844;-2.57080585953957;True
