DATA;MCPM;UF;PRODUCT;MODEL;PARAMS;WINDOW;HORIZON;RMSE;MAPE;POCID;PBE;MASE;P1;P2;P3;P4;P5;P6;P7;P8;P9;P10;P11;P12
normal;130055.8179151628;BA;glp;rf;{'n_estimators': 150};12;12;6595.63216563843;0.0827551094300117;54.54545454545455;-7.077771808201991;1.581197080614709;76348.0905006171;76658.73536592504;78624.16003625254;79055.21274339537;79288.06481980294;78532.60391207683;77996.03560747625;78354.43419014788;78018.65340734487;78090.48572591358;76448.62990158914;74167.43851994186
log;177096.26492778995;BA;glp;rf;{'n_estimators': 150};12;12;6419.205854592562;0.07579806481158341;36.36363636363637;-6.67563747703012;1.436864330954251;78162.9597150919;78754.3242066813;78918.78552068716;78268.16947853439;77950.30572739782;78142.0326878685;78261.98702705083;78574.16488393431;76262.150739096;75140.90442307199;74443.40999606709;75204.75937348693
deseasonal;70282.23930013967;BA;glp;rf;{'n_estimators': 50};12;12;5935.332755311338;0.07331821793798621;72.72727272727273;-5.837464121053143;1.421440482593693;74516.76586192063;71937.41333442688;76108.36043192624;77555.00855188054;80362.40574542555;80489.57796101978;77480.52119427109;79858.65095862914;77782.54114985943;80425.82268501913;74881.5971379246;69393.13415137358
