DATA;MCPM;UF;PRODUCT;MODEL;PARAMS;WINDOW;HORIZON;RMSE;MAPE;POCID;PBE;MASE;P1;P2;P3;P4;P5;P6;P7;P8;P9;P10;P11;P12
normal;1798.591418880449;AP;glp;rf;{'n_estimators': 50};12;12;114.10298902176672;0.029703321970219267;63.63636363636363;0.8384106266691348;1.0951189761765323;2661.0369260533416;2635.870507815332;2641.047267086374;2639.2214086903173;2646.9221313394023;2693.2671665216053;2683.4543041689008;2702.772448931002;2676.9774611928374;2746.2518848890973;2711.068969912734;2720.1698417111966
log;2401.96748596184;AP;glp;rf;{'n_estimators': 150};12;12;121.92037071410226;0.03149376310773793;54.54545454545455;1.7144335234032704;1.1713407757463428;2655.513681549779;2657.7631882939704;2632.4537667960635;2634.1872486270536;2629.7883557441646;2637.182759794147;2644.1671546714297;2644.212946833479;2647.6893040262767;2687.3161453193197;2690.226304299154;2713.465617841179
deseasonal;1897.2894870339578;AP;glp;rf;{'n_estimators': 50};12;12;96.30702595424663;0.028289016618286488;54.54545454545455;1.4898236979896597;1.0357086668843696;2771.8337007137043;2653.9186426052584;2705.6983551983953;2625.6565535181576;2656.6962085141145;2653.650912379918;2626.918866997935;2647.393600387191;2551.6681321959272;2849.7851604670805;2593.747324912977;2609.8398846266396
