DATA;MCPM;UF;PRODUCT;MODEL;PARAMS;WINDOW;HORIZON;RMSE;MAPE;POCID;PBE;MASE;P1;P2;P3;P4;P5;P6;P7;P8;P9;P10;P11;P12
normal;16968.51266730573;DF;glp;rf;{'n_estimators': 50};12;12;861.0585636359924;0.053033767042311546;54.54545454545455;-1.874820826618899;1.1515332694131735;14682.46232382702;14632.054691189996;14679.90101229088;14656.694169929573;14606.622238925362;14627.70440130019;14692.823055159648;14661.126075642956;14672.115776720497;14634.39862177761;14624.268091124764;14623.089924357753
log;15475.699902407427;DF;glp;rf;{'n_estimators': 100};12;12;785.4056867352768;0.04734795182140122;54.54545454545455;-1.9244828219837096;1.0253415032239301;14754.254247335239;14750.855304210374;14798.234120700445;14758.5684455314;14742.6095132623;14733.475007971972;14632.653429064536;14609.410945376785;14605.042901127104;14559.298687788925;14569.10490108383;14365.44867694474
deseasonal;5344.971515869632;DF;glp;rf;{'n_estimators': 50};12;12;677.3055621630374;0.04174969960771308;81.81818181818181;0.4954924022425911;0.9323626479963415;14294.729761564708;14030.92453296269;14190.217809766247;14348.103036046492;14602.083325267045;14832.734633532886;14134.632338773074;14297.873740236546;14101.833741630306;15198.572011581406;13812.327844701278;13859.06001376259
