DATA;MCPM;UF;PRODUCT;MODEL;PARAMS;WINDOW;HORIZON;RMSE;MAPE;POCID;PBE;MASE;P1;P2;P3;P4;P5;P6;P7;P8;P9;P10;P11;P12
normal;22170.596973425967;RN;glp;rf;{'n_estimators': 50};12;12;804.1157812552166;0.034337294685514726;36.36363636363637;-0.30098522249176796;1.594289490626157;17181.503382862113;17818.325272567254;17758.442753071213;17108.592312643672;17645.945825846025;17571.942231001736;17659.87413501956;16998.50531915558;17038.95127518975;17620.92429309032;16784.934328849813;16869.381557287958
log;8772.21112139323;RN;glp;rf;{'n_estimators': 50};12;12;741.9118930369712;0.03197293531222417;72.72727272727273;-0.15085205736783697;1.4841113032808904;17580.947928366844;17581.399747689917;17586.685356878217;17452.993807222978;17470.68766098049;17535.766775302145;17088.20824962593;17138.841494487508;17117.813696052486;17088.6712709573;17093.002727721137;17010.878272810056
deseasonal;7323.8361154590175;RN;glp;rf;{'n_estimators': 150};12;12;619.4351498416066;0.03090901932720382;72.72727272727273;0.9259494534783184;1.4921064490425275;16769.51788978478;16204.12735552067;16736.247606611003;16759.357022398086;17619.17325916239;17652.404024760956;17242.32556386713;17537.52459361512;17232.440668862724;18381.01509846855;17326.15033466278;16051.972106993859
