DATA;MCPM;UF;PRODUCT;MODEL;PARAMS;WINDOW;HORIZON;RMSE;MAPE;POCID;PBE;MASE;P1;P2;P3;P4;P5;P6;P7;P8;P9;P10;P11;P12
normal;25920.035401862704;MA;glp;rf;{'n_estimators': 100};12;12;1315.7843538602272;0.037743518633418134;54.54545454545455;3.2377643195934454;0.8155958649695124;26432.044525701367;26247.164161286586;25884.06215938755;25800.779093369467;26184.501018657174;27006.26631025085;25846.936108397866;25911.54158725662;26650.58994055061;26853.476033347535;26439.15358750248;25974.403025227122
log;44923.058097046385;MA;glp;rf;{'n_estimators': 50};12;12;1425.6600368792938;0.04070537818798637;27.272727272727273;3.2935265146492596;0.8804153128119209;26107.292875080675;26100.83540666822;26037.582850505925;25981.649898058688;26017.14174143891;26064.273291117464;26196.860116670414;26190.304068213827;26337.44614703292;26664.46566936954;26661.581941758108;26689.822096331438
deseasonal;17767.970665081597;MA;glp;rf;{'n_estimators': 150};12;12;1502.1602214428133;0.042737765299480035;72.72727272727273;4.346729881009574;0.9243611962883918;26477.413947612877;25707.456922389825;25865.610361783605;25323.074527590215;26142.46740395665;26189.521893836158;25368.627662999213;26029.290229868504;25761.921215841943;27090.014175603017;26026.024505415913;25636.71923435703
