DATA;MCPM;UF;PRODUCT;MODEL;PARAMS;WINDOW;HORIZON;RMSE;MAPE;POCID;PBE;MASE;P1;P2;P3;P4;P5;P6;P7;P8;P9;P10;P11;P12
log;76347.8754559595;PE;querosenedeaviacao;xgb;{'learning_rate': 0.4, 'n_estimators': 200, 'subsample': 0.8};12;12;2639.6001103760905;0.1273064050448435;36.36363636363637;-6.309444036691586;1.276890808698509;18441.188;18580.295;18737.367;19747.541;19757.656;21082.826;21583.45;19277.566;20269.74;17226.066;18886.287;17416.162
normal;22765.77504656927;PE;querosenedeaviacao;xgb;{'subsample': 0.7, 'n_estimators': 50, 'learning_rate': 0.4};12;12;2094.76637179685;0.097249448623405;81.81818181818181;-8.986618585353789;0.9265604961233592;18656.342;18983.428;19196.584;20136.291;20470.537;20115.94;19246.578;19282.703;18529.36;20113.447;22428.205;19664.123
