DATA;MCPM;UF;PRODUCT;MODEL;PARAMS;WINDOW;HORIZON;RMSE;MAPE;POCID;PBE;MASE;P1;P2;P3;P4;P5;P6;P7;P8;P9;P10;P11;P12
normal;67866.03996558308;RS;querosenedeaviacao;xgb;{'learning_rate': 0.3, 'n_estimators': 100, 'subsample': 0.8};12;12;3423.4446713123593;0.32251855088682263;54.54545454545455;-31.79784795718271;0.9588989980012647;9521.907;9305.705;9550.418;10275.242;10615.877;12086.406;14085.8125;13776.578;13924.6455;14398.405;15029.553;13196.068
log;80481.70263709138;RS;querosenedeaviacao;xgb;{'subsample': 0.7, 'n_estimators': 200, 'learning_rate': 0.3};12;12;3386.9492149337707;0.3259764684433675;45.45454545454545;-31.0199171310621;0.9405525556573335;10620.448;9401.437;9811.374;11545.506;12822.598;13054.455;14024.394;14696.022;13493.314;11976.746;10193.889;13266.055
deseasonal;37861.12825247925;RS;querosenedeaviacao;xgb;{'learning_rate': 0.3, 'n_estimators': 150, 'subsample': 0.7};12;12;3169.7154289349255;0.3095869861599598;72.72727272727273;-30.885949819165038;0.9264690006691108;11112.495384604508;8553.151224448258;9603.22937679201;10348.585977052426;12406.487229853878;13358.724013944786;11562.220854656593;11649.348204917009;13634.73990022951;14658.763785646175;14848.132117677425;13022.193219239925
