DATA;MCPM;UF;PRODUCT;MODEL;PARAMS;WINDOW;HORIZON;RMSE;MAPE;POCID;PBE;MASE;P1;P2;P3;P4;P5;P6;P7;P8;P9;P10;P11;P12
normal;202246.27756938376;RJ;querosenedeaviacao;xgb;{'learning_rate': 0.4, 'n_estimators': 200, 'subsample': 0.7};12;12;10239.581679629575;0.15870049080621007;54.54545454545455;15.911183083656155;1.2432274204307157;44361.79;39643.727;45463.816;45580.004;42822.43;49241.9;47413.08;48418.14;50776.285;55159.812;59958.914;63617.297
log;219515.72535457124;RJ;querosenedeaviacao;xgb;{'learning_rate': 0.3, 'n_estimators': 50, 'subsample': 0.8};12;12;11112.504946642255;0.16454543409657577;54.54545454545455;16.621693448336437;1.2987434661720347;38774.953;41142.617;42224.984;45621.62;46486.3;45844.445;48369.46;50572.08;58151.67;60536.312;57211.797;52514.97
deseasonal;83475.5523227373;RJ;querosenedeaviacao;xgb;{'learning_rate': 0.2, 'n_estimators': 100, 'subsample': 0.7};12;12;10514.24280054706;0.15290681456566124;81.81818181818181;15.633436525170985;1.2215255686184692;43564.716696085205;40464.90432759562;42301.142394001865;43910.56830285603;54742.31279165023;54436.05485036234;48330.40681848103;49608.03864269979;51214.482762491454;55292.0484382727;56664.980306762285;53884.42960624145
