DATA;MCPM;UF;PRODUCT;MODEL;PARAMS;WINDOW;HORIZON;RMSE;MAPE;POCID;PBE;MASE;P1;P2;P3;P4;P5;P6;P7;P8;P9;P10;P11;P12
normal;11543.521290887687;SE;querosenedeaviacao;xgb;{'learning_rate': 0.2, 'n_estimators': 100, 'subsample': 0.7};12;12;580.5947160856424;0.4280039962315107;54.54545454545455;-31.98120967764616;1.1165527785110572;1408.7972;1516.9553;1573.8501;1501.44;1580.3569;1472.0465;1693.0498;1642.8385;1815.6372;2156.6296;2414.146;2077.9927
log;11224.44954329214;SE;querosenedeaviacao;xgb;{'learning_rate': 0.4, 'n_estimators': 100, 'subsample': 0.7};12;12;564.7296546238712;0.4133605977300479;54.54545454545455;-29.805358676011696;1.0583608119638732;1497.0726;1457.1036;1464.9116;1450.6769;1588.1287;1653.706;1799.4724;2069.1711;2268.5806;2080.4736;1532.6733;1647.9731
deseasonal;9926.216576766727;SE;querosenedeaviacao;xgb;{'learning_rate': 0.3, 'n_estimators': 200, 'subsample': 0.7};12;12;621.960246777028;0.4661520141450252;63.63636363636363;-31.105326237043013;1.2680633989372447;1209.200390996554;1226.38345186895;1509.4857344210332;1510.7284391736375;1825.4521430285931;1648.7671846360743;1583.626451543429;1590.8349648897834;1988.6810322725958;2362.3210687309293;2450.9251520642624;1808.9395674288457
