DATA;MCPM;UF;PRODUCT;MODEL;PARAMS;WINDOW;HORIZON;RMSE;MAPE;POCID;PBE;MASE;P1;P2;P3;P4;P5;P6;P7;P8;P9;P10;P11;P12
log;1102.534852411485;RR;querosenedeaviacao;xgb;{'learning_rate': 0.2, 'n_estimators': 50, 'subsample': 0.7};12;12;76.12174569226428;0.0804316467153278;72.72727272727273;2.2587330980426907;0.834197100930103;775.44904;762.5981;736.9766;722.0013;661.32574;622.1794;564.8735;627.3233;651.58;695.82043;708.33545;726.7812
normal;1091.3543020489872;RR;querosenedeaviacao;xgb;{'learning_rate': 0.3, 'n_estimators': 150, 'subsample': 0.7};12;12;60.305888574759166;0.0748185918972078;63.63636363636363;0.5167718543767414;0.7672342307850251;783.8638;685.79584;695.42206;661.0892;622.20856;617.177;636.2593;665.09344;674.6746;769.0497;820.9514;770.7855
