DATA;MCPM;UF;PRODUCT;MODEL;PARAMS;WINDOW;HORIZON;RMSE;MAPE;POCID;PBE;MASE;P1;P2;P3;P4;P5;P6;P7;P8;P9;P10;P11;P12
log;2530.5939780621084;AP;querosenedeaviacao;xgb;{'learning_rate': 0.2, 'n_estimators': 50, 'subsample': 0.7};12;12;116.18224101389406;0.2108793747557162;54.54545454545455;12.19386409737165;0.799529454261272;410.66443;377.13525;324.95654;245.50723;207.83496;297.75754;283.97675;321.95465;327.1757;347.84586;428.19223;487.2424
normal;3891.356796385764;AP;querosenedeaviacao;xgb;{'learning_rate': 0.3, 'n_estimators': 150, 'subsample': 0.8};12;12;119.2229380084819;0.2316061400878139;27.272727272727277;9.537310934492655;0.8633620143076571;384.32245;370.10373;256.4662;294.14703;253.36569;287.77185;385.818;397.06857;311.68588;391.26062;405.10538;445.96982
