nohup: ignoring input
JEV/run_laya_batch.sh: line 16: /home/lucas.castro/.conda/etc/profile.d/conda.sh: No such file or directory

CondaError: Run 'conda init' before 'conda activate'

===== ETTM1 (english) -> version laya_v0 =====
WARNING: 5 model(s) do not share the pool's windows on ETTM1 and are being DROPPED for every series: ['ONLY_CWT_catboost', 'ONLY_DWT_catboost', 'ONLY_DWT_rf', 'ONLY_FT_catboost', 'ONLY_FT_rf']
dataset      : ETTM1
source       : ETTM1.tsf
models       : 14
agent        : laya-english (max_len=None)
writing to   : ./timeseries/mestrado/resultados/orchestrator_laya_laya_v0
--------------------------------------------------------------------------
/home/lucas.castro/.conda/envs/agno/lib/python3.11/site-packages/tslearn/bases/bases.py:15: UserWarning: h5py not installed, hdf5 features will not be supported.
Install h5py to use hdf5 features: http://docs.h5py.org/
  warn(h5py_msg)
Fetching 5 files:   0%|          | 0/5 [00:00<?, ?it/s]Fetching 5 files: 100%|██████████| 5/5 [00:00<00:00, 2744.60it/s]
/home/lucas.castro/.conda/envs/agno/lib/python3.11/site-packages/laya/agent.py:928: RuntimeWarning: laya: this checkpoint ships invalid temperatures or values outside [0.5, 5]; using choice:11+=0.10058280825614929 -> 0.5. Treat confidence from the affected entries as uncalibrated.
  return Agent(model_id_or_path, device=device, token=token, subfolder=subfolder, fast=fast,
[   0] trimmed_mean   score=-0.0913 origin=baseline iters=5 stop=no new information in 3 consecutive turns
         TEST  smape=1.1753  rmse=5.4608  pocid=78.26  mape=367565306684846.8125  | FLOOR smape=1.1753
         laya iter 1 -> mean_pool1 conf=0.2751 rank=6
         laya iter 2 -> mean_pool4 conf=0.2311 rank=8
         laya iter 3 -> mean_pool4 conf=0.2311 rank=8
         laya iter 4 -> mean_pool4 conf=0.2311 rank=8
         laya iter 5 -> mean_pool4 conf=0.2311 rank=8
[   1] trimmed_mean   score=-0.0537 origin=baseline iters=4 stop=no new information in 3 consecutive turns
         TEST  smape=0.2740  rmse=1.4455  pocid=43.48  mape=0.3359  | FLOOR smape=0.2740
         laya iter 1 -> best_rf conf=0.3725 rank=2
         laya iter 2 -> best_rf conf=0.5226 rank=2
         laya iter 3 -> best_rf conf=0.5226 rank=2
         laya iter 4 -> best_rf conf=0.5226 rank=2
[   2] mean           score=-0.0829 origin=baseline iters=5 stop=no new information in 3 consecutive turns
         TEST  smape=0.8916  rmse=5.6497  pocid=73.91  mape=0.8287  | FLOOR smape=0.8916
         laya iter 1 -> mean_pool1 conf=0.3133 rank=3
         laya iter 2 -> best_DWT_rf conf=0.2919 rank=4
         laya iter 3 -> best_DWT_rf conf=0.2919 rank=4
         laya iter 4 -> best_DWT_rf conf=0.2919 rank=4
         laya iter 5 -> best_DWT_rf conf=0.2919 rank=4
[   3] best_single    score=-0.0733 origin=agent    iters=4 stop=no new information in 3 consecutive turns
         TEST  smape=0.3802  rmse=1.2509  pocid=52.17  mape=0.5468  | FLOOR smape=0.3921
         laya iter 1 -> best_rf conf=0.496 rank=1
         laya iter 2 -> best_rf conf=0.6601 rank=1
         laya iter 3 -> best_rf conf=0.6601 rank=1
         laya iter 4 -> best_rf conf=0.6601 rank=1
[   4] mean           score=-0.0911 origin=baseline iters=5 stop=no new information in 3 consecutive turns
         TEST  smape=0.2512  rmse=1.0856  pocid=43.48  mape=0.2966  | FLOOR smape=0.2512
         laya iter 1 -> mean_pool1 conf=0.2854 rank=3
         laya iter 2 -> best_ONLY_CWT_rf conf=0.2732 rank=3
         laya iter 3 -> best_ONLY_CWT_rf conf=0.2732 rank=3
         laya iter 4 -> best_ONLY_CWT_rf conf=0.2732 rank=3
         laya iter 5 -> best_ONLY_CWT_rf conf=0.2732 rank=3
[   5] mean           score=-0.0759 origin=baseline iters=5 stop=no new information in 3 consecutive turns
         TEST  smape=0.1809  rmse=0.3329  pocid=47.83  mape=0.2019  | FLOOR smape=0.1809
         laya iter 1 -> mean_pool1 conf=0.3204 rank=5
         laya iter 2 -> best_rf conf=0.3725 rank=8
         laya iter 3 -> best_rf conf=0.3725 rank=8
         laya iter 4 -> best_rf conf=0.3725 rank=8
         laya iter 5 -> best_rf conf=0.3725 rank=8
[   6] best_single    score=-0.1073 origin=agent    iters=4 stop=no new information in 3 consecutive turns
         TEST  smape=0.0612  rmse=0.6708  pocid=56.52  mape=0.0626  | FLOOR smape=0.0576
         laya iter 1 -> best_FT_rf conf=0.6194 rank=1
         laya iter 2 -> best_FT_rf conf=0.7322 rank=1
         laya iter 3 -> best_FT_rf conf=0.7322 rank=1
         laya iter 4 -> best_FT_rf conf=0.7322 rank=1
--------------------------------------------------------------------------
done in 42.9s | ok: 7 | failed: 0
DATASET SUMMARY over 7 series (mean across series):
  this run   smape=0.4592  rmse=2.2709  pocid=56.52  mape=52509329526407.0078  mae=1.9376
  baseline   smape=0.4604  rmse=2.2598  pocid=55.28  mape=52509329526407.0078  <- this run is WORSE than the seed floor
  mean       smape=2.0000  rmse=136084107294.9405  pocid=44.72  mape=52599961740521154543616.0000  <- this run is better
  median     smape=0.5443  rmse=2.5657  pocid=58.39  mape=9059687099970.2324  <- this run is better
  dba        smape=2.0000  rmse=195921298116.2774  pocid=47.20  mape=69231906943291170816.0000  <- this run is better
  ADE        smape=0.4572  rmse=2.4809  pocid=50.93  mape=21115097813161.2109  <- this run is better
  FFORMA     smape=0.4396  rmse=2.2985  pocid=51.55  mape=59253483494535.9609  <- this run is better
csv: ./timeseries/mestrado/resultados/orchestrator_laya_laya_v0/ETTM1.csv
===== ETTM2 (english) -> version laya_v0 =====
WARNING: 5 model(s) do not share the pool's windows on ETTM2 and are being DROPPED for every series: ['ONLY_CWT_catboost', 'ONLY_DWT_catboost', 'ONLY_DWT_rf', 'ONLY_FT_catboost', 'ONLY_FT_rf']
dataset      : ETTM2
source       : ETTM2.tsf
models       : 14
agent        : laya-english (max_len=None)
writing to   : ./timeseries/mestrado/resultados/orchestrator_laya_laya_v0
--------------------------------------------------------------------------
/home/lucas.castro/.conda/envs/agno/lib/python3.11/site-packages/tslearn/bases/bases.py:15: UserWarning: h5py not installed, hdf5 features will not be supported.
Install h5py to use hdf5 features: http://docs.h5py.org/
  warn(h5py_msg)
Fetching 5 files:   0%|          | 0/5 [00:00<?, ?it/s]Fetching 5 files: 100%|██████████| 5/5 [00:00<00:00, 2730.31it/s]
/home/lucas.castro/.conda/envs/agno/lib/python3.11/site-packages/laya/agent.py:928: RuntimeWarning: laya: this checkpoint ships invalid temperatures or values outside [0.5, 5]; using choice:11+=0.10058280825614929 -> 0.5. Treat confidence from the affected entries as uncalibrated.
  return Agent(model_id_or_path, device=device, token=token, subfolder=subfolder, fast=fast,
[   0] trimmed_mean   score=-0.0811 origin=baseline iters=5 stop=no new information in 3 consecutive turns
         TEST  smape=0.1983  rmse=7.9895  pocid=65.22  mape=0.1787  | FLOOR smape=0.1983
         laya iter 1 -> mean_pool1 conf=0.2885 rank=3
         laya iter 2 -> mean_pool4 conf=0.2516 rank=6
         laya iter 3 -> mean_pool4 conf=0.2516 rank=6
         laya iter 4 -> mean_pool4 conf=0.2516 rank=6
         laya iter 5 -> mean_pool4 conf=0.2516 rank=6
[   1] mean           score=-0.0775 origin=baseline iters=4 stop=no new information in 3 consecutive turns
         TEST  smape=0.2653  rmse=2.9583  pocid=47.83  mape=0.2323  | FLOOR smape=0.2653
         laya iter 1 -> best_rf conf=0.4243 rank=7
         laya iter 2 -> best_rf conf=0.5308 rank=7
         laya iter 3 -> best_rf conf=0.5308 rank=7
         laya iter 4 -> best_rf conf=0.5308 rank=7
[   2] mean           score=-0.1042 origin=baseline iters=4 stop=no new information in 3 consecutive turns
         TEST  smape=0.1569  rmse=8.0382  pocid=52.17  mape=0.1446  | FLOOR smape=0.1569
         laya iter 1 -> best_rf conf=0.8656 rank=8
         laya iter 2 -> best_rf conf=0.9164 rank=8
         laya iter 3 -> best_rf conf=0.9164 rank=8
         laya iter 4 -> best_rf conf=0.9164 rank=8
[   3] trimmed_mean   score=-0.0772 origin=baseline iters=4 stop=no new information in 3 consecutive turns
         TEST  smape=0.2551  rmse=2.9702  pocid=39.13  mape=0.2248  | FLOOR smape=0.2551
         laya iter 1 -> best_rf conf=0.5248 rank=2
         laya iter 2 -> best_rf conf=0.7208 rank=2
         laya iter 3 -> best_rf conf=0.7208 rank=2
         laya iter 4 -> best_rf conf=0.7208 rank=2
[   4] best_single    score=-0.0520 origin=agent    iters=5 stop=no new information in 3 consecutive turns
         TEST  smape=0.0654  rmse=0.8501  pocid=21.74  mape=0.0625  | FLOOR smape=0.0741
         laya iter 1 -> mean_pool1 conf=0.3171 rank=2
         laya iter 2 -> best_CWT_rf conf=0.294 rank=1
         laya iter 3 -> best_CWT_rf conf=0.294 rank=1
         laya iter 4 -> best_CWT_rf conf=0.294 rank=1
         laya iter 5 -> best_CWT_rf conf=0.294 rank=1
[   5] best_single    score= 0.0353 origin=agent    iters=4 stop=no new information in 3 consecutive turns
         TEST  smape=0.7310  rmse=1.0954  pocid=26.09  mape=0.5263  | FLOOR smape=0.4531
         laya iter 1 -> best_DWT_rf conf=0.3174 rank=1
         laya iter 2 -> best_DWT_rf conf=0.3961 rank=1
         laya iter 3 -> best_DWT_rf conf=0.3961 rank=1
         laya iter 4 -> best_DWT_rf conf=0.3961 rank=1
[   6] best_single    score= 0.2528 origin=agent    iters=4 stop=no new information in 3 consecutive turns
         TEST  smape=0.0197  rmse=1.1166  pocid=60.87  mape=0.0194  | FLOOR smape=0.0183
         laya iter 1 -> best_CWT_rf conf=0.2926 rank=1
         laya iter 2 -> best_CWT_rf conf=0.3558 rank=1
         laya iter 3 -> best_CWT_rf conf=0.3558 rank=1
         laya iter 4 -> best_CWT_rf conf=0.3558 rank=1
--------------------------------------------------------------------------
done in 43.5s | ok: 7 | failed: 0
DATASET SUMMARY over 7 series (mean across series):
  this run   smape=0.2417  rmse=3.5740  pocid=44.72  mape=0.1984  mae=3.3452
  baseline   smape=0.2030  rmse=3.5354  pocid=45.34  mape=0.1760  <- this run is WORSE than the seed floor
  mean       smape=1.7405  rmse=63484511305.5706  pocid=43.48  mape=3253528624.5137  <- this run is better
  median     smape=0.1997  rmse=3.6501  pocid=39.13  mape=0.1739  <- this run is better
  dba        smape=1.7438  rmse=106383343565.7140  pocid=37.27  mape=2228290941.4547  <- this run is better
  ADE        smape=0.1872  rmse=4.0934  pocid=31.06  mape=0.1752  <- this run is better
  FFORMA     smape=0.1654  rmse=3.9513  pocid=31.06  mape=0.1525  <- this run is better
csv: ./timeseries/mestrado/resultados/orchestrator_laya_laya_v0/ETTM2.csv
===== ETTH1 (english) -> version laya_v0 =====
dataset      : ETTH1
source       : ETTH1.tsf
models       : 19
agent        : laya-english (max_len=None)
writing to   : ./timeseries/mestrado/resultados/orchestrator_laya_laya_v0
--------------------------------------------------------------------------
/home/lucas.castro/.conda/envs/agno/lib/python3.11/site-packages/tslearn/bases/bases.py:15: UserWarning: h5py not installed, hdf5 features will not be supported.
Install h5py to use hdf5 features: http://docs.h5py.org/
  warn(h5py_msg)
Fetching 5 files:   0%|          | 0/5 [00:00<?, ?it/s]Fetching 5 files: 100%|██████████| 5/5 [00:00<00:00, 2607.43it/s]
/home/lucas.castro/.conda/envs/agno/lib/python3.11/site-packages/laya/agent.py:928: RuntimeWarning: laya: this checkpoint ships invalid temperatures or values outside [0.5, 5]; using choice:11+=0.10058280825614929 -> 0.5. Treat confidence from the affected entries as uncalibrated.
  return Agent(model_id_or_path, device=device, token=token, subfolder=subfolder, fast=fast,
[   0] best_single    score=-0.0512 origin=agent    iters=5 stop=no new information in 3 consecutive turns
         TEST  smape=0.5508  rmse=15.2618  pocid=65.22  mape=1.3179  | FLOOR smape=0.3882
         laya iter 1 -> mean_pool1 conf=0.2689 rank=1
         laya iter 2 -> best_FT_rf conf=0.2733 rank=1
         laya iter 3 -> best_FT_rf conf=0.2733 rank=1
         laya iter 4 -> best_FT_rf conf=0.2733 rank=1
         laya iter 5 -> best_FT_rf conf=0.2733 rank=1
[   1] trimmed_mean   score=-0.1072 origin=baseline iters=5 stop=no new information in 3 consecutive turns
         TEST  smape=0.1711  rmse=0.9478  pocid=65.22  mape=0.1587  | FLOOR smape=0.1711
         laya iter 1 -> best_ONLY_CWT_rf conf=0.2452 rank=6
         laya iter 2 -> best_ONLY_DWT_catboost conf=0.2491 rank=9
         laya iter 3 -> best_ONLY_DWT_catboost conf=0.2491 rank=9
         laya iter 4 -> best_ONLY_DWT_catboost conf=0.2491 rank=9
         laya iter 5 -> best_ONLY_DWT_catboost conf=0.2491 rank=9
[   2] trimmed_mean   score=-0.0572 origin=baseline iters=4 stop=no new information in 3 consecutive turns
         TEST  smape=0.3894  rmse=2.5624  pocid=82.61  mape=0.4100  | FLOOR smape=0.3894
         laya iter 1 -> best_FT_rf conf=0.3384 rank=2
         laya iter 2 -> best_FT_rf conf=0.3786 rank=2
         laya iter 3 -> best_FT_rf conf=0.3786 rank=2
         laya iter 4 -> best_FT_rf conf=0.3786 rank=2
[   3] trimmed_mean   score=-0.0948 origin=baseline iters=4 stop=no new information in 3 consecutive turns
         TEST  smape=0.1965  rmse=0.6604  pocid=52.17  mape=0.1793  | FLOOR smape=0.1965
         laya iter 1 -> best_ONLY_DWT_catboost conf=0.3147 rank=7
         laya iter 2 -> best_ONLY_DWT_catboost conf=0.3177 rank=7
         laya iter 3 -> best_ONLY_DWT_catboost conf=0.3177 rank=7
         laya iter 4 -> best_ONLY_DWT_catboost conf=0.3177 rank=7
[   4] mean           score=-0.0847 origin=agent    iters=5 stop=no new information in 3 consecutive turns
         TEST  smape=0.1829  rmse=0.9480  pocid=47.83  mape=0.1775  | FLOOR smape=0.1984
         laya iter 1 -> mean_pool_full conf=0.299 rank=8
         laya iter 2 -> mean_pool4 conf=0.2475 rank=1
         laya iter 3 -> mean_pool4 conf=0.2475 rank=1
         laya iter 4 -> mean_pool4 conf=0.2475 rank=1
         laya iter 5 -> mean_pool4 conf=0.2475 rank=1
[   5] trimmed_mean   score=-0.1036 origin=baseline iters=4 stop=no new information in 3 consecutive turns
         TEST  smape=0.1557  rmse=0.2920  pocid=69.57  mape=0.1499  | FLOOR smape=0.1557
         laya iter 1 -> best_ONLY_DWT_rf conf=0.3264 rank=5
         laya iter 2 -> best_ONLY_DWT_rf conf=0.3602 rank=5
         laya iter 3 -> best_ONLY_DWT_rf conf=0.3602 rank=5
         laya iter 4 -> best_ONLY_DWT_rf conf=0.3602 rank=5
[   6] mean           score=-0.0883 origin=baseline iters=5 stop=no new information in 3 consecutive turns
         TEST  smape=0.0844  rmse=0.9642  pocid=56.52  mape=0.0893  | FLOOR smape=0.0844
         laya iter 1 -> mean_pool1 conf=0.2818 rank=3
         laya iter 2 -> mean_pool4 conf=0.2033 rank=6
         laya iter 3 -> mean_pool4 conf=0.2033 rank=6
         laya iter 4 -> mean_pool4 conf=0.2033 rank=6
         laya iter 5 -> mean_pool4 conf=0.2033 rank=6
--------------------------------------------------------------------------
done in 18.2s | ok: 7 | failed: 0
DATASET SUMMARY over 7 series (mean across series):
  this run   smape=0.2472  rmse=3.0910  pocid=62.73  mape=0.3547  mae=1.9137
  baseline   smape=0.2262  rmse=1.3877  pocid=61.49  mape=0.2391  <- this run is WORSE than the seed floor
  mean       smape=2.0000  rmse=1245113253499.4958  pocid=52.17  mape=273162683680.0966  <- this run is better
  median     smape=0.2602  rmse=1.5957  pocid=62.11  mape=0.2353
  dba        smape=2.0000  rmse=2059519043323.2112  pocid=54.66  mape=272603577994.6630  <- this run is better
  ADE        smape=0.3951  rmse=2.5172  pocid=62.73  mape=0.3505
  FFORMA     smape=0.3001  rmse=1.9946  pocid=65.22  mape=0.2754
csv: ./timeseries/mestrado/resultados/orchestrator_laya_laya_v0/ETTH1.csv
===== ETTH2 (english) -> version laya_v0 =====
dataset      : ETTH2
source       : ETTH2.tsf
models       : 19
agent        : laya-english (max_len=None)
writing to   : ./timeseries/mestrado/resultados/orchestrator_laya_laya_v0
--------------------------------------------------------------------------
/home/lucas.castro/.conda/envs/agno/lib/python3.11/site-packages/tslearn/bases/bases.py:15: UserWarning: h5py not installed, hdf5 features will not be supported.
Install h5py to use hdf5 features: http://docs.h5py.org/
  warn(h5py_msg)
Fetching 5 files:   0%|          | 0/5 [00:00<?, ?it/s]Fetching 5 files: 100%|██████████| 5/5 [00:00<00:00, 2652.27it/s]
/home/lucas.castro/.conda/envs/agno/lib/python3.11/site-packages/laya/agent.py:928: RuntimeWarning: laya: this checkpoint ships invalid temperatures or values outside [0.5, 5]; using choice:11+=0.10058280825614929 -> 0.5. Treat confidence from the affected entries as uncalibrated.
  return Agent(model_id_or_path, device=device, token=token, subfolder=subfolder, fast=fast,
[   0] trimmed_mean   score=-0.1136 origin=baseline iters=4 stop=no new information in 3 consecutive turns
         TEST  smape=0.1310  rmse=5.4826  pocid=56.52  mape=0.1236  | FLOOR smape=0.1310
         laya iter 1 -> best_ONLY_CWT_rf conf=0.2761 rank=8
         laya iter 2 -> best_ONLY_CWT_rf conf=0.303 rank=8
         laya iter 3 -> best_ONLY_CWT_rf conf=0.303 rank=8
         laya iter 4 -> best_ONLY_CWT_rf conf=0.303 rank=8
[   1] median         score=-0.1019 origin=baseline iters=5 stop=no new information in 3 consecutive turns
         TEST  smape=0.1395  rmse=1.7078  pocid=60.87  mape=0.1370  | FLOOR smape=0.1395
         laya iter 1 -> mean_pool1 conf=0.2915 rank=3
         laya iter 2 -> best_ONLY_FT_rf conf=0.2588 rank=6
         laya iter 3 -> best_ONLY_FT_rf conf=0.2588 rank=6
         laya iter 4 -> best_ONLY_FT_rf conf=0.2588 rank=6
         laya iter 5 -> best_ONLY_FT_rf conf=0.2588 rank=6
[   2] median         score=-0.1181 origin=baseline iters=5 stop=no new information in 3 consecutive turns
         TEST  smape=0.1064  rmse=5.6368  pocid=69.57  mape=0.1011  | FLOOR smape=0.1064
         laya iter 1 -> mean_pool1 conf=0.2957 rank=7
         laya iter 2 -> best_CWT_rf conf=0.2835 rank=6
         laya iter 3 -> best_CWT_rf conf=0.2835 rank=6
         laya iter 4 -> best_CWT_rf conf=0.2835 rank=6
         laya iter 5 -> best_CWT_rf conf=0.2835 rank=6
[   3] mean           score=-0.1069 origin=agent    iters=5 stop=no new information in 3 consecutive turns
         TEST  smape=0.1156  rmse=1.5511  pocid=52.17  mape=0.1127  | FLOOR smape=0.1149
         laya iter 1 -> mean_pool_full conf=0.2935 rank=8
         laya iter 2 -> mean_pool4 conf=0.2258 rank=1
         laya iter 3 -> mean_pool4 conf=0.2258 rank=1
         laya iter 4 -> mean_pool4 conf=0.2258 rank=1
         laya iter 5 -> mean_pool4 conf=0.2258 rank=1
[   4] median         score=-0.0752 origin=baseline iters=5 stop=no new information in 3 consecutive turns
         TEST  smape=0.0793  rmse=1.0306  pocid=34.78  mape=0.0811  | FLOOR smape=0.0793
         laya iter 1 -> mean_pool1 conf=0.2769 rank=6
         laya iter 2 -> best_FT_rf conf=0.2489 rank=4
         laya iter 3 -> best_FT_rf conf=0.2489 rank=4
         laya iter 4 -> best_FT_rf conf=0.2489 rank=4
         laya iter 5 -> best_FT_rf conf=0.2489 rank=4
[   5] median         score=-0.0041 origin=baseline iters=5 stop=no new information in 3 consecutive turns
         TEST  smape=0.6525  rmse=0.7116  pocid=43.48  mape=1271662993922632.2500  | FLOOR smape=0.6525
         laya iter 1 -> mean_pool1 conf=0.3106 rank=5
         laya iter 2 -> mean_pool4 conf=0.2753 rank=8
         laya iter 3 -> mean_pool4 conf=0.2753 rank=8
         laya iter 4 -> mean_pool4 conf=0.2753 rank=8
         laya iter 5 -> mean_pool4 conf=0.2753 rank=8
[   6] median         score= 0.4724 origin=baseline iters=4 stop=no new information in 3 consecutive turns
         TEST  smape=0.0359  rmse=1.7847  pocid=73.91  mape=0.0355  | FLOOR smape=0.0359
         laya iter 1 -> best_FT_catboost conf=0.3951 rank=7
         laya iter 2 -> best_FT_catboost conf=0.4975 rank=7
         laya iter 3 -> best_FT_catboost conf=0.4975 rank=7
         laya iter 4 -> best_FT_catboost conf=0.4975 rank=7
--------------------------------------------------------------------------
done in 17.7s | ok: 7 | failed: 0
DATASET SUMMARY over 7 series (mean across series):
  this run   smape=0.1800  rmse=2.5579  pocid=55.90  mape=181666141988947.5312  mae=2.2110
  baseline   smape=0.1799  rmse=2.5553  pocid=55.28  mape=181666141988947.5312  <- this run is WORSE than the seed floor
  mean       smape=1.7197  rmse=99996379087.4691  pocid=49.69  mape=20879052073827343269888.0000  <- this run is better
  median     smape=0.1815  rmse=2.5568  pocid=56.52  mape=181666141988947.5312
  dba        smape=1.7257  rmse=151967111938.0612  pocid=52.80  mape=20879052073826667986944.0000  <- this run is better
  ADE        smape=0.2261  rmse=2.6531  pocid=56.52  mape=299065117726769.6250  <- this run is better
  FFORMA     smape=0.2035  rmse=2.5436  pocid=56.52  mape=269479043127657.0625
csv: ./timeseries/mestrado/resultados/orchestrator_laya_laya_v0/ETTH2.csv
===== ANP_MONTHLY (english) -> version laya_v0 =====
dataset      : ANP_MONTHLY
source       : mes_11_venda_mensal.tsf
models       : 19
agent        : laya-english (max_len=None)
writing to   : ./timeseries/mestrado/resultados/orchestrator_laya_laya_v0
--------------------------------------------------------------------------
/home/lucas.castro/.conda/envs/agno/lib/python3.11/site-packages/tslearn/bases/bases.py:15: UserWarning: h5py not installed, hdf5 features will not be supported.
Install h5py to use hdf5 features: http://docs.h5py.org/
  warn(h5py_msg)
Fetching 5 files:   0%|          | 0/5 [00:00<?, ?it/s]Fetching 5 files: 100%|██████████| 5/5 [00:00<00:00, 2759.41it/s]
/home/lucas.castro/.conda/envs/agno/lib/python3.11/site-packages/laya/agent.py:928: RuntimeWarning: laya: this checkpoint ships invalid temperatures or values outside [0.5, 5]; using choice:11+=0.10058280825614929 -> 0.5. Treat confidence from the affected entries as uncalibrated.
  return Agent(model_id_or_path, device=device, token=token, subfolder=subfolder, fast=fast,
[   0] best_single    score= 0.6782 origin=agent    iters=4 stop=no new information in 3 consecutive turns
         TEST  smape=0.1802  rmse=1450.2311  pocid=45.45  mape=0.1590  | FLOOR smape=0.3622
         laya iter 1 -> best_ONLY_DWT_rf conf=0.3892 rank=1
         laya iter 2 -> best_ONLY_DWT_rf conf=0.4483 rank=1
         laya iter 3 -> best_ONLY_DWT_rf conf=0.4483 rank=1
         laya iter 4 -> best_ONLY_DWT_rf conf=0.4483 rank=1
[   1] mean           score= 0.4744 origin=agent    iters=5 stop=no new information in 3 consecutive turns
         TEST  smape=0.1332  rmse=2503.6990  pocid=81.82  mape=0.1236  | FLOOR smape=0.1132
         laya iter 1 -> mean_pool1 conf=0.2929 rank=2
         laya iter 2 -> mean_pool4 conf=0.2506 rank=1
         laya iter 3 -> mean_pool4 conf=0.2506 rank=1
         laya iter 4 -> mean_pool4 conf=0.2506 rank=1
         laya iter 5 -> mean_pool4 conf=0.2506 rank=1
[   2] dba            score= 0.6226 origin=baseline iters=5 stop=no new information in 3 consecutive turns
         TEST  smape=0.0471  rmse=5138.8514  pocid=90.91  mape=0.0489  | FLOOR smape=0.0471
         laya iter 1 -> mean_pool1 conf=0.3336 rank=9
         laya iter 2 -> mean_pool4 conf=0.3116 rank=9
         laya iter 3 -> mean_pool4 conf=0.3116 rank=9
         laya iter 4 -> mean_pool4 conf=0.3116 rank=9
         laya iter 5 -> mean_pool4 conf=0.3116 rank=9
[   3] best_single    score= 0.5469 origin=agent    iters=5 stop=no new information in 3 consecutive turns
         TEST  smape=0.3961  rmse=3444.0776  pocid=72.73  mape=0.3213  | FLOOR smape=0.3041
         laya iter 1 -> mean_pool1 conf=0.3226 rank=3
         laya iter 2 -> best_ETS conf=0.3093 rank=1
         laya iter 3 -> best_ETS conf=0.3093 rank=1
         laya iter 4 -> best_ETS conf=0.3093 rank=1
         laya iter 5 -> best_ETS conf=0.3093 rank=1
[   4] mean           score= 0.5728 origin=agent    iters=5 stop=no new information in 3 consecutive turns
         TEST  smape=0.0616  rmse=3823.7586  pocid=72.73  mape=0.0595  | FLOOR smape=0.0520
         laya iter 1 -> mean_pool1 conf=0.3119 rank=8
         laya iter 2 -> mean_pool4 conf=0.2417 rank=1
         laya iter 3 -> mean_pool4 conf=0.2417 rank=1
         laya iter 4 -> mean_pool4 conf=0.2417 rank=1
         laya iter 5 -> mean_pool4 conf=0.2417 rank=1
[   5] best_single    score= 0.5511 origin=agent    iters=4 stop=no new information in 3 consecutive turns
         TEST  smape=0.2370  rmse=29.2490  pocid=36.36  mape=0.2710  | FLOOR smape=0.2077
         laya iter 1 -> best_FT_rf conf=0.3232 rank=1
         laya iter 2 -> best_FT_rf conf=0.3432 rank=1
         laya iter 3 -> best_FT_rf conf=0.3432 rank=1
         laya iter 4 -> best_FT_rf conf=0.3432 rank=1
[   6] best_single    score= 0.5527 origin=agent    iters=5 stop=no new information in 3 consecutive turns
         TEST  smape=0.5737  rmse=5253.6827  pocid=81.82  mape=0.4291  | FLOOR smape=0.4842
         laya iter 1 -> mean_pool1 conf=0.2543 rank=4
         laya iter 2 -> best_THETA conf=0.2611 rank=1
         laya iter 3 -> best_THETA conf=0.2611 rank=1
         laya iter 4 -> best_THETA conf=0.2611 rank=1
         laya iter 5 -> best_THETA conf=0.2611 rank=1
[   7] best_single    score= 0.5882 origin=agent    iters=5 stop=no new information in 3 consecutive turns
         TEST  smape=0.2018  rmse=110.0732  pocid=45.45  mape=0.2279  | FLOOR smape=0.1649
         laya iter 1 -> mean_pool1 conf=0.2966 rank=5
         laya iter 2 -> best_ONLY_CWT_catboost conf=0.2699 rank=1
         laya iter 3 -> best_ONLY_CWT_catboost conf=0.2699 rank=1
         laya iter 4 -> best_ONLY_CWT_catboost conf=0.2699 rank=1
         laya iter 5 -> best_ONLY_CWT_catboost conf=0.2699 rank=1
[   8] best_single    score= 0.5913 origin=agent    iters=4 stop=no new information in 3 consecutive turns
         TEST  smape=0.3857  rmse=638.8080  pocid=36.36  mape=0.3133  | FLOOR smape=0.5178
         laya iter 1 -> best_DWT_rf conf=0.3425 rank=1
         laya iter 2 -> best_DWT_rf conf=0.4702 rank=1
         laya iter 3 -> best_DWT_rf conf=0.4702 rank=1
         laya iter 4 -> best_DWT_rf conf=0.4702 rank=1
[   9] mean           score= 0.6667 origin=baseline iters=5 stop=no new information in 3 consecutive turns
         TEST  smape=0.0486  rmse=12303.7366  pocid=72.73  mape=0.0502  | FLOOR smape=0.0486
         laya iter 1 -> mean_pool1 conf=0.3003 rank=9
         laya iter 2 -> mean_pool4 conf=0.2902 rank=10
         laya iter 3 -> mean_pool4 conf=0.2902 rank=10
         laya iter 4 -> mean_pool4 conf=0.2902 rank=10
         laya iter 5 -> mean_pool4 conf=0.2902 rank=10
[  10] best_single    score= 0.4507 origin=agent    iters=5 stop=no new information in 3 consecutive turns
         TEST  smape=0.2564  rmse=1539.9087  pocid=72.73  mape=0.2221  | FLOOR smape=0.2671
         laya iter 1 -> mean_pool1 conf=0.2717 rank=2
         laya iter 2 -> best_THETA conf=0.3035 rank=1
         laya iter 3 -> best_THETA conf=0.3035 rank=1
         laya iter 4 -> best_THETA conf=0.3035 rank=1
         laya iter 5 -> best_THETA conf=0.3035 rank=1
[  11] best_single    score= 0.6370 origin=agent    iters=4 stop=no new information in 3 consecutive turns
         TEST  smape=0.5972  rmse=10701.2866  pocid=54.55  mape=0.4555  | FLOOR smape=0.7316
         laya iter 1 -> best_FT_rf conf=0.4794 rank=1
         laya iter 2 -> best_FT_rf conf=0.6019 rank=1
         laya iter 3 -> best_FT_rf conf=0.6019 rank=1
         laya iter 4 -> best_FT_rf conf=0.6019 rank=1
[  12] median         score= 0.6904 origin=baseline iters=4 stop=no new information in 3 consecutive turns
         TEST  smape=1.1713  rmse=2460.0309  pocid=0.00  mape=27.4675  | FLOOR smape=1.1713
         laya iter 1 -> best_FT_catboost conf=0.3761 rank=3
         laya iter 2 -> best_FT_catboost conf=0.4976 rank=3
         laya iter 3 -> best_FT_catboost conf=0.4976 rank=3
         laya iter 4 -> best_FT_catboost conf=0.4976 rank=3
[  13] dba            score= 0.6472 origin=baseline iters=5 stop=no new information in 3 consecutive turns
         TEST  smape=0.2182  rmse=323.4298  pocid=54.55  mape=0.2484  | FLOOR smape=0.2182
         laya iter 1 -> mean_pool1 conf=0.2712 rank=4
         laya iter 2 -> mean_pool4 conf=0.2446 rank=10
         laya iter 3 -> mean_pool4 conf=0.2446 rank=10
         laya iter 4 -> mean_pool4 conf=0.2446 rank=10
         laya iter 5 -> mean_pool4 conf=0.2446 rank=10
[  14] mean           score= 0.6788 origin=baseline iters=5 stop=no new information in 3 consecutive turns
         TEST  smape=0.0466  rmse=2068.6530  pocid=63.64  mape=0.0460  | FLOOR smape=0.0466
         laya iter 1 -> mean_pool1 conf=0.3676 rank=8
         laya iter 2 -> mean_pool4 conf=0.2703 rank=10
         laya iter 3 -> mean_pool4 conf=0.2703 rank=10
         laya iter 4 -> mean_pool4 conf=0.2703 rank=10
         laya iter 5 -> mean_pool4 conf=0.2703 rank=10
[  15] mean           score= 0.6909 origin=baseline iters=4 stop=no new information in 3 consecutive turns
         TEST  smape=0.0504  rmse=2642.4148  pocid=63.64  mape=0.0502  | FLOOR smape=0.0504
         laya iter 1 -> best_ONLY_CWT_rf conf=0.3371 rank=4
         laya iter 2 -> best_ONLY_CWT_rf conf=0.3537 rank=4
         laya iter 3 -> best_ONLY_CWT_rf conf=0.3537 rank=4
         laya iter 4 -> best_ONLY_CWT_rf conf=0.3537 rank=4
[  16] median         score= 0.6631 origin=baseline iters=5 stop=no new information in 3 consecutive turns
         TEST  smape=0.1978  rmse=21616.9319  pocid=36.36  mape=0.1785  | FLOOR smape=0.1978
         laya iter 1 -> mean_pool1 conf=0.3875 rank=9
         laya iter 2 -> mean_pool4 conf=0.3236 rank=7
         laya iter 3 -> mean_pool4 conf=0.3236 rank=7
         laya iter 4 -> mean_pool4 conf=0.3236 rank=7
         laya iter 5 -> mean_pool4 conf=0.3236 rank=7
[  17] trimmed_mean   score= 0.6006 origin=baseline iters=4 stop=no new information in 3 consecutive turns
         TEST  smape=0.1498  rmse=128987.7786  pocid=72.73  mape=0.1635  | FLOOR smape=0.1498
         laya iter 1 -> best_ONLY_DWT_rf conf=0.3368 rank=5
         laya iter 2 -> best_ONLY_DWT_rf conf=0.3596 rank=5
         laya iter 3 -> best_ONLY_DWT_rf conf=0.3596 rank=5
         laya iter 4 -> best_ONLY_DWT_rf conf=0.3596 rank=5
[  18] median         score= 0.6605 origin=baseline iters=5 stop=no new information in 3 consecutive turns
         TEST  smape=1.4312  rmse=4817.0742  pocid=54.55  mape=230028294017373600.0000  | FLOOR smape=1.4312
         laya iter 1 -> mean_pool1 conf=0.2815 rank=9
         laya iter 2 -> mean_pool4 conf=0.2337 rank=10
         laya iter 3 -> mean_pool4 conf=0.2337 rank=10
         laya iter 4 -> mean_pool4 conf=0.2337 rank=10
         laya iter 5 -> mean_pool4 conf=0.2337 rank=10
[  19] best_single    score= 0.5703 origin=agent    iters=4 stop=no new information in 3 consecutive turns
         TEST  smape=0.2095  rmse=593.8564  pocid=72.73  mape=0.2503  | FLOOR smape=0.2139
         laya iter 1 -> best_DWT_rf conf=0.4055 rank=1
         laya iter 2 -> best_DWT_rf conf=0.519 rank=1
         laya iter 3 -> best_DWT_rf conf=0.519 rank=1
         laya iter 4 -> best_DWT_rf conf=0.519 rank=1
[  20] mean           score= 0.6131 origin=agent    iters=5 stop=no new information in 3 consecutive turns
         TEST  smape=0.1379  rmse=114032.0574  pocid=100.00  mape=0.1287  | FLOOR smape=0.1073
         laya iter 1 -> mean_pool1 conf=0.3708 rank=3
         laya iter 2 -> mean_pool4 conf=0.2903 rank=1
         laya iter 3 -> mean_pool4 conf=0.2903 rank=1
         laya iter 4 -> mean_pool4 conf=0.2903 rank=1
         laya iter 5 -> mean_pool4 conf=0.2903 rank=1
[  21] dba            score= 0.6503 origin=baseline iters=5 stop=no new information in 3 consecutive turns
         TEST  smape=0.0311  rmse=3044.7534  pocid=72.73  mape=0.0319  | FLOOR smape=0.0311
         laya iter 1 -> mean_pool1 conf=0.3136 rank=4
         laya iter 2 -> mean_pool4 conf=0.2747 rank=7
         laya iter 3 -> mean_pool4 conf=0.2747 rank=7
         laya iter 4 -> mean_pool4 conf=0.2747 rank=7
         laya iter 5 -> mean_pool4 conf=0.2747 rank=7
[  22] best_single    score= 0.5003 origin=agent    iters=4 stop=no new information in 3 consecutive turns
         TEST  smape=0.2766  rmse=1535.9493  pocid=63.64  mape=0.2913  | FLOOR smape=0.2940
         laya iter 1 -> best_FT_rf conf=0.3645 rank=1
         laya iter 2 -> best_FT_rf conf=0.4298 rank=1
         laya iter 3 -> best_FT_rf conf=0.4298 rank=1
         laya iter 4 -> best_FT_rf conf=0.4298 rank=1
[  23] trimmed_mean   score= 0.4814 origin=baseline iters=5 stop=no new information in 3 consecutive turns
         TEST  smape=0.2674  rmse=6971.4135  pocid=90.91  mape=0.2281  | FLOOR smape=0.2674
         laya iter 1 -> mean_pool1 conf=0.2997 rank=5
         laya iter 2 -> mean_pool4 conf=0.2368 rank=2
         laya iter 3 -> mean_pool4 conf=0.2368 rank=2
         laya iter 4 -> mean_pool4 conf=0.2368 rank=2
         laya iter 5 -> mean_pool4 conf=0.2368 rank=2
[  24] dba            score= 0.6427 origin=baseline iters=5 stop=no new information in 3 consecutive turns
         TEST  smape=0.0455  rmse=6840.2111  pocid=81.82  mape=0.0458  | FLOOR smape=0.0455
         laya iter 1 -> mean_pool1 conf=0.3335 rank=9
         laya iter 2 -> mean_pool4 conf=0.2788 rank=10
         laya iter 3 -> mean_pool4 conf=0.2788 rank=10
         laya iter 4 -> mean_pool4 conf=0.2788 rank=10
         laya iter 5 -> mean_pool4 conf=0.2788 rank=10
[  25] mean           score= 0.6276 origin=baseline iters=4 stop=no new information in 3 consecutive turns
         TEST  smape=0.1671  rmse=51.3148  pocid=54.55  mape=0.1906  | FLOOR smape=0.1671
         laya iter 1 -> best_ONLY_FT_catboost conf=0.3179 rank=5
         laya iter 2 -> best_ONLY_FT_catboost conf=0.3534 rank=5
         laya iter 3 -> best_ONLY_FT_catboost conf=0.3534 rank=5
         laya iter 4 -> best_ONLY_FT_catboost conf=0.3534 rank=5
[  26] best_single    score= 0.4994 origin=agent    iters=5 stop=no new information in 3 consecutive turns
         TEST  smape=0.3514  rmse=1622.9242  pocid=45.45  mape=0.2957  | FLOOR smape=0.4658
         laya iter 1 -> mean_pool1 conf=0.3331 rank=9
         laya iter 2 -> best_CWT_rf conf=0.323 rank=1
         laya iter 3 -> best_CWT_rf conf=0.323 rank=1
         laya iter 4 -> best_CWT_rf conf=0.323 rank=1
         laya iter 5 -> best_CWT_rf conf=0.323 rank=1
[  27] mean           score= 0.6727 origin=baseline iters=4 stop=no new information in 3 consecutive turns
         TEST  smape=0.3728  rmse=4401.5358  pocid=63.64  mape=0.3040  | FLOOR smape=0.3728
         laya iter 1 -> best_ONLY_DWT_rf conf=0.475 rank=4
         laya iter 2 -> best_ONLY_DWT_rf conf=0.5358 rank=4
         laya iter 3 -> best_ONLY_DWT_rf conf=0.5358 rank=4
         laya iter 4 -> best_ONLY_DWT_rf conf=0.5358 rank=4
[  28] best_single    score= 0.5756 origin=agent    iters=4 stop=no new information in 3 consecutive turns
         TEST  smape=0.0551  rmse=10350.5907  pocid=63.64  mape=0.0538  | FLOOR smape=0.0403
         laya iter 1 -> best_ONLY_CWT_catboost conf=0.9529 rank=1
         laya iter 2 -> best_ONLY_CWT_catboost conf=0.972 rank=1
         laya iter 3 -> best_ONLY_CWT_catboost conf=0.972 rank=1
         laya iter 4 -> best_ONLY_CWT_catboost conf=0.972 rank=1
[  29] best_single    score= 0.4967 origin=agent    iters=4 stop=no new information in 3 consecutive turns
         TEST  smape=0.3824  rmse=2970.6623  pocid=63.64  mape=0.3124  | FLOOR smape=0.3579
         laya iter 1 -> best_THETA conf=0.2983 rank=1
         laya iter 2 -> best_THETA conf=0.3506 rank=1
         laya iter 3 -> best_THETA conf=0.3506 rank=1
         laya iter 4 -> best_THETA conf=0.3506 rank=1
[  30] mean           score= 0.6303 origin=baseline iters=5 stop=no new information in 3 consecutive turns
         TEST  smape=0.1473  rmse=236.1429  pocid=63.64  mape=0.1531  | FLOOR smape=0.1473
         laya iter 1 -> mean_pool1 conf=0.2843 rank=9
         laya iter 2 -> mean_pool4 conf=0.2715 rank=9
         laya iter 3 -> mean_pool4 conf=0.2715 rank=9
         laya iter 4 -> mean_pool4 conf=0.2715 rank=9
         laya iter 5 -> mean_pool4 conf=0.2715 rank=9
[  31] mean           score= 0.6660 origin=baseline iters=5 stop=no new information in 3 consecutive turns
         TEST  smape=0.4562  rmse=19.0531  pocid=63.64  mape=0.8270  | FLOOR smape=0.4562
         laya iter 1 -> mean_pool1 conf=0.3704 rank=4
         laya iter 2 -> mean_pool4 conf=0.3371 rank=4
         laya iter 3 -> mean_pool4 conf=0.3371 rank=4
         laya iter 4 -> mean_pool4 conf=0.3371 rank=4
         laya iter 5 -> mean_pool4 conf=0.3371 rank=4
[  32] mean           score= 0.5844 origin=agent    iters=5 stop=no new information in 3 consecutive turns
         TEST  smape=1.2082  rmse=330.7339  pocid=72.73  mape=0.7189  | FLOOR smape=1.2541
         laya iter 1 -> mean_pool1 conf=0.392 rank=3
         laya iter 2 -> mean_pool4 conf=0.3018 rank=1
         laya iter 3 -> mean_pool4 conf=0.3018 rank=1
         laya iter 4 -> mean_pool4 conf=0.3018 rank=1
         laya iter 5 -> mean_pool4 conf=0.3018 rank=1
[  33] trimmed_mean   score= 0.5935 origin=baseline iters=4 stop=no new information in 3 consecutive turns
         TEST  smape=0.0600  rmse=62.4945  pocid=54.55  mape=0.0579  | FLOOR smape=0.0600
         laya iter 1 -> best_ONLY_DWT_rf conf=0.365 rank=5
         laya iter 2 -> best_ONLY_DWT_rf conf=0.3967 rank=5
         laya iter 3 -> best_ONLY_DWT_rf conf=0.3967 rank=5
         laya iter 4 -> best_ONLY_DWT_rf conf=0.3967 rank=5
[  34] best_single    score= 0.5180 origin=agent    iters=4 stop=no new information in 3 consecutive turns
         TEST  smape=0.0589  rmse=620.0266  pocid=54.55  mape=0.0607  | FLOOR smape=0.0492
         laya iter 1 -> best_ETS conf=0.3479 rank=1
         laya iter 2 -> best_ETS conf=0.3999 rank=1
         laya iter 3 -> best_ETS conf=0.3999 rank=1
         laya iter 4 -> best_ETS conf=0.3999 rank=1
[  35] best_single    score= 0.5857 origin=agent    iters=5 stop=no new information in 3 consecutive turns
         TEST  smape=0.1993  rmse=98.0423  pocid=54.55  mape=0.2120  | FLOOR smape=0.2042
         laya iter 1 -> mean_pool1 conf=0.2884 rank=9
         laya iter 2 -> best_ARIMA conf=0.294 rank=1
         laya iter 3 -> best_ARIMA conf=0.294 rank=1
         laya iter 4 -> best_ARIMA conf=0.294 rank=1
         laya iter 5 -> best_ARIMA conf=0.294 rank=1
[  36] mean           score= 0.5962 origin=baseline iters=4 stop=no new information in 3 consecutive turns
         TEST  smape=0.1109  rmse=38618.7375  pocid=72.73  mape=0.1194  | FLOOR smape=0.1109
         laya iter 1 -> best_ONLY_FT_rf conf=0.4984 rank=4
         laya iter 2 -> best_ONLY_FT_rf conf=0.6463 rank=4
         laya iter 3 -> best_ONLY_FT_rf conf=0.6463 rank=4
         laya iter 4 -> best_ONLY_FT_rf conf=0.6463 rank=4
[  37] best_single    score= 0.6080 origin=agent    iters=4 stop=no new information in 3 consecutive turns
         TEST  smape=0.2190  rmse=64.4430  pocid=54.55  mape=0.2220  | FLOOR smape=0.2102
         laya iter 1 -> best_rf conf=0.4105 rank=1
         laya iter 2 -> best_rf conf=0.5204 rank=1
         laya iter 3 -> best_rf conf=0.5204 rank=1
         laya iter 4 -> best_rf conf=0.5204 rank=1
[  38] best_single    score= 0.5232 origin=agent    iters=4 stop=no new information in 3 consecutive turns
         TEST  smape=0.7710  rmse=5301.5358  pocid=45.45  mape=0.5533  | FLOOR smape=0.7530
         laya iter 1 -> best_ONLY_CWT_catboost conf=0.364 rank=1
         laya iter 2 -> best_ONLY_CWT_catboost conf=0.4458 rank=1
         laya iter 3 -> best_ONLY_CWT_catboost conf=0.4458 rank=1
         laya iter 4 -> best_ONLY_CWT_catboost conf=0.4458 rank=1
[  39] best_single    score= 0.5954 origin=agent    iters=5 stop=no new information in 3 consecutive turns
         TEST  smape=0.0337  rmse=4494.8945  pocid=81.82  mape=0.0344  | FLOOR smape=0.0388
         laya iter 1 -> mean_pool1 conf=0.2665 rank=8
         laya iter 2 -> best_CWT_rf conf=0.2839 rank=1
         laya iter 3 -> best_CWT_rf conf=0.2839 rank=1
         laya iter 4 -> best_CWT_rf conf=0.2839 rank=1
         laya iter 5 -> best_CWT_rf conf=0.2839 rank=1
[  40] best_single    score= 0.5012 origin=agent    iters=5 stop=no new information in 3 consecutive turns
         TEST  smape=0.0333  rmse=4790.0939  pocid=81.82  mape=0.0331  | FLOOR smape=0.0417
         laya iter 1 -> mean_pool1 conf=0.3264 rank=4
         laya iter 2 -> best_ETS conf=0.3121 rank=1
         laya iter 3 -> best_ETS conf=0.3121 rank=1
         laya iter 4 -> best_ETS conf=0.3121 rank=1
         laya iter 5 -> best_ETS conf=0.3121 rank=1
[  41] best_single    score= 0.5417 origin=agent    iters=5 stop=no new information in 3 consecutive turns
         TEST  smape=0.1601  rmse=11464.7557  pocid=54.55  mape=0.1465  | FLOOR smape=0.1736
         laya iter 1 -> mean_pool1 conf=0.285 rank=4
         laya iter 2 -> best_FT_catboost conf=0.2991 rank=1
         laya iter 3 -> best_FT_catboost conf=0.2991 rank=1
         laya iter 4 -> best_FT_catboost conf=0.2991 rank=1
         laya iter 5 -> best_FT_catboost conf=0.2991 rank=1
[  42] mean           score= 0.6848 origin=baseline iters=5 stop=no new information in 3 consecutive turns
         TEST  smape=0.2940  rmse=6.2915  pocid=63.64  mape=0.3538  | FLOOR smape=0.2940
         laya iter 1 -> mean_pool1 conf=0.4108 rank=9
         laya iter 2 -> mean_pool4 conf=0.3016 rank=10
         laya iter 3 -> mean_pool4 conf=0.3016 rank=10
         laya iter 4 -> mean_pool4 conf=0.3016 rank=10
         laya iter 5 -> mean_pool4 conf=0.3016 rank=10
[  43] best_single    score= 0.5151 origin=agent    iters=4 stop=no new information in 3 consecutive turns
         TEST  smape=0.0894  rmse=1695.6377  pocid=81.82  mape=0.0860  | FLOOR smape=0.0858
         laya iter 1 -> best_NaiveSeasonal conf=0.2807 rank=1
         laya iter 2 -> best_NaiveSeasonal conf=0.3216 rank=1
         laya iter 3 -> best_NaiveSeasonal conf=0.3216 rank=1
         laya iter 4 -> best_NaiveSeasonal conf=0.3216 rank=1
[  44] best_single    score= 0.6606 origin=agent    iters=4 stop=no new information in 3 consecutive turns
         TEST  smape=0.5891  rmse=4845.1696  pocid=54.55  mape=1.2415  | FLOOR smape=0.5948
         laya iter 1 -> best_FT_catboost conf=0.3338 rank=1
         laya iter 2 -> best_FT_catboost conf=0.339 rank=1
         laya iter 3 -> best_FT_catboost conf=0.339 rank=1
         laya iter 4 -> best_FT_catboost conf=0.339 rank=1
[  45] dba            score= 0.6774 origin=baseline iters=5 stop=no new information in 3 consecutive turns
         TEST  smape=0.2695  rmse=4879.6834  pocid=63.64  mape=0.2300  | FLOOR smape=0.2695
         laya iter 1 -> mean_pool1 conf=0.4075 rank=9
         laya iter 2 -> mean_pool4 conf=0.3308 rank=9
         laya iter 3 -> mean_pool4 conf=0.3308 rank=9
         laya iter 4 -> mean_pool4 conf=0.3308 rank=9
         laya iter 5 -> mean_pool4 conf=0.3308 rank=9
[  46] best_single    score= 0.6331 origin=agent    iters=5 stop=no new information in 3 consecutive turns
         TEST  smape=0.1555  rmse=13731.0815  pocid=72.73  mape=0.1612  | FLOOR smape=0.1677
         laya iter 1 -> mean_pool1 conf=0.2849 rank=3
         laya iter 2 -> best_FT_rf conf=0.2825 rank=1
         laya iter 3 -> best_FT_rf conf=0.2825 rank=1
         laya iter 4 -> best_FT_rf conf=0.2825 rank=1
         laya iter 5 -> best_FT_rf conf=0.2825 rank=1
[  47] mean           score= 0.5045 origin=agent    iters=5 stop=no new information in 3 consecutive turns
         TEST  smape=0.1376  rmse=413.1731  pocid=81.82  mape=0.1540  | FLOOR smape=0.1329
         laya iter 1 -> mean_pool_full conf=0.3502 rank=8
         laya iter 2 -> mean_pool4 conf=0.2997 rank=1
         laya iter 3 -> mean_pool4 conf=0.2997 rank=1
         laya iter 4 -> mean_pool4 conf=0.2997 rank=1
         laya iter 5 -> mean_pool4 conf=0.2997 rank=1
[  48] mean           score= 0.7091 origin=baseline iters=5 stop=no new information in 3 consecutive turns
         TEST  smape=0.3216  rmse=377.0562  pocid=36.36  mape=0.2640  | FLOOR smape=0.3216
         laya iter 1 -> mean_pool_full conf=0.3735 rank=1
         laya iter 2 -> mean_pool4 conf=0.2869 rank=10
         laya iter 3 -> mean_pool4 conf=0.2869 rank=10
         laya iter 4 -> mean_pool4 conf=0.2869 rank=10
         laya iter 5 -> mean_pool4 conf=0.2869 rank=10
[  49] dba            score= 0.6288 origin=baseline iters=4 stop=no new information in 3 consecutive turns
         TEST  smape=0.2523  rmse=2299.8628  pocid=27.27  mape=0.2116  | FLOOR smape=0.2523
         laya iter 1 -> best_ONLY_CWT_rf conf=0.2865 rank=2
         laya iter 2 -> best_ONLY_CWT_rf conf=0.306 rank=2
         laya iter 3 -> best_ONLY_CWT_rf conf=0.306 rank=2
         laya iter 4 -> best_ONLY_CWT_rf conf=0.306 rank=2
[  50] trimmed_mean   score= 0.6647 origin=baseline iters=5 stop=no new information in 3 consecutive turns
         TEST  smape=0.1063  rmse=84.8195  pocid=45.45  mape=0.1037  | FLOOR smape=0.1063
         laya iter 1 -> mean_pool1 conf=0.3521 rank=6
         laya iter 2 -> mean_pool4 conf=0.2775 rank=4
         laya iter 3 -> mean_pool4 conf=0.2775 rank=4
         laya iter 4 -> mean_pool4 conf=0.2775 rank=4
         laya iter 5 -> mean_pool4 conf=0.2775 rank=4
[  51] dba            score= 0.6584 origin=baseline iters=4 stop=no new information in 3 consecutive turns
         TEST  smape=0.1676  rmse=7.7880  pocid=72.73  mape=0.1846  | FLOOR smape=0.1676
         laya iter 1 -> best_ONLY_FT_rf conf=0.69 rank=2
         laya iter 2 -> best_ONLY_FT_rf conf=0.7785 rank=2
         laya iter 3 -> best_ONLY_FT_rf conf=0.7785 rank=2
         laya iter 4 -> best_ONLY_FT_rf conf=0.7785 rank=2
[  52] trimmed_mean   score= 0.5589 origin=baseline iters=5 stop=no new information in 3 consecutive turns
         TEST  smape=0.1344  rmse=3056.9489  pocid=63.64  mape=0.1421  | FLOOR smape=0.1344
         laya iter 1 -> mean_pool1 conf=0.3779 rank=2
         laya iter 2 -> mean_pool4 conf=0.3137 rank=9
         laya iter 3 -> mean_pool4 conf=0.3137 rank=9
         laya iter 4 -> mean_pool4 conf=0.3137 rank=9
         laya iter 5 -> mean_pool4 conf=0.3137 rank=9
[  53] best_single    score= 0.6222 origin=agent    iters=4 stop=no new information in 3 consecutive turns
         TEST  smape=0.0813  rmse=1711.9838  pocid=90.91  mape=0.0783  | FLOOR smape=0.0757
         laya iter 1 -> best_ETS conf=0.3407 rank=1
         laya iter 2 -> best_ETS conf=0.4033 rank=1
         laya iter 3 -> best_ETS conf=0.4033 rank=1
         laya iter 4 -> best_ETS conf=0.4033 rank=1
[  54] trimmed_mean   score= 0.5779 origin=baseline iters=5 stop=no new information in 3 consecutive turns
         TEST  smape=0.2612  rmse=1631.1812  pocid=45.45  mape=0.2217  | FLOOR smape=0.2612
         laya iter 1 -> mean_pool1 conf=0.3034 rank=6
         laya iter 2 -> mean_pool4 conf=0.2568 rank=8
         laya iter 3 -> mean_pool4 conf=0.2568 rank=8
         laya iter 4 -> mean_pool4 conf=0.2568 rank=8
         laya iter 5 -> mean_pool4 conf=0.2568 rank=8
[  55] best_single    score= 0.2921 origin=agent    iters=4 stop=no new information in 3 consecutive turns
         TEST  smape=0.1142  rmse=674.2101  pocid=90.91  mape=0.1049  | FLOOR smape=0.1207
         laya iter 1 -> best_ETS conf=0.4632 rank=1
         laya iter 2 -> best_ETS conf=0.6017 rank=1
         laya iter 3 -> best_ETS conf=0.6017 rank=1
         laya iter 4 -> best_ETS conf=0.6017 rank=1
[  56] best_single    score= 0.5531 origin=agent    iters=5 stop=no new information in 3 consecutive turns
         TEST  smape=0.1575  rmse=366.8919  pocid=54.55  mape=0.1755  | FLOOR smape=0.1550
         laya iter 1 -> mean_pool1 conf=0.3475 rank=1
         laya iter 2 -> best_ONLY_DWT_catboost conf=0.3456 rank=1
         laya iter 3 -> best_ONLY_DWT_catboost conf=0.3456 rank=1
         laya iter 4 -> best_ONLY_DWT_catboost conf=0.3456 rank=1
         laya iter 5 -> best_ONLY_DWT_catboost conf=0.3456 rank=1
[  57] best_single    score= 0.6220 origin=agent    iters=4 stop=no new information in 3 consecutive turns
         TEST  smape=0.3284  rmse=5757.8613  pocid=63.64  mape=0.3114  | FLOOR smape=0.3214
         laya iter 1 -> best_ONLY_CWT_rf conf=0.3218 rank=1
         laya iter 2 -> best_ONLY_CWT_rf conf=0.3448 rank=1
         laya iter 3 -> best_ONLY_CWT_rf conf=0.3448 rank=1
         laya iter 4 -> best_ONLY_CWT_rf conf=0.3448 rank=1
[  58] best_single    score= 0.6859 origin=agent    iters=5 stop=no new information in 3 consecutive turns
         TEST  smape=0.1706  rmse=84.1707  pocid=72.73  mape=0.1633  | FLOOR smape=0.1508
         laya iter 1 -> mean_pool1 conf=0.3694 rank=9
         laya iter 2 -> best_ONLY_CWT_catboost conf=0.3628 rank=1
         laya iter 3 -> best_ONLY_CWT_catboost conf=0.3628 rank=1
         laya iter 4 -> best_ONLY_CWT_catboost conf=0.3628 rank=1
         laya iter 5 -> best_ONLY_CWT_catboost conf=0.3628 rank=1
[  59] median         score= 0.6748 origin=baseline iters=4 stop=no new information in 3 consecutive turns
         TEST  smape=0.2581  rmse=2066.5892  pocid=54.55  mape=0.2248  | FLOOR smape=0.2581
         laya iter 1 -> best_rf conf=0.8177 rank=2
         laya iter 2 -> best_rf conf=0.8765 rank=2
         laya iter 3 -> best_rf conf=0.8765 rank=2
         laya iter 4 -> best_rf conf=0.8765 rank=2
[  60] mean           score= 0.6545 origin=baseline iters=5 stop=no new information in 3 consecutive turns
         TEST  smape=0.0323  rmse=4838.1117  pocid=81.82  mape=0.0323  | FLOOR smape=0.0323
         laya iter 1 -> mean_pool1 conf=0.2795 rank=2
         laya iter 2 -> mean_pool4 conf=0.2331 rank=10
         laya iter 3 -> mean_pool4 conf=0.2331 rank=10
         laya iter 4 -> mean_pool4 conf=0.2331 rank=10
         laya iter 5 -> mean_pool4 conf=0.2331 rank=10
[  61] best_single    score= 0.5823 origin=agent    iters=4 stop=no new information in 3 consecutive turns
         TEST  smape=0.2666  rmse=6281.7458  pocid=63.64  mape=0.2328  | FLOOR smape=0.3027
         laya iter 1 -> best_ONLY_CWT_rf conf=0.4139 rank=1
         laya iter 2 -> best_ONLY_CWT_rf conf=0.5213 rank=1
         laya iter 3 -> best_ONLY_CWT_rf conf=0.5213 rank=1
         laya iter 4 -> best_ONLY_CWT_rf conf=0.5213 rank=1
[  62] dba            score= 0.6710 origin=baseline iters=4 stop=no new information in 3 consecutive turns
         TEST  smape=0.1001  rmse=14267.5998  pocid=36.36  mape=0.1067  | FLOOR smape=0.1001
         laya iter 1 -> best_ONLY_DWT_catboost conf=0.9439 rank=4
         laya iter 2 -> best_ONLY_DWT_catboost conf=0.9597 rank=4
         laya iter 3 -> best_ONLY_DWT_catboost conf=0.9597 rank=4
         laya iter 4 -> best_ONLY_DWT_catboost conf=0.9597 rank=4
[  63] trimmed_mean   score= 0.5225 origin=baseline iters=5 stop=no new information in 3 consecutive turns
         TEST  smape=0.2984  rmse=4232.1421  pocid=36.36  mape=0.2577  | FLOOR smape=0.2984
         laya iter 1 -> mean_pool1 conf=0.347 rank=3
         laya iter 2 -> mean_pool4 conf=0.3008 rank=3
         laya iter 3 -> mean_pool4 conf=0.3008 rank=3
         laya iter 4 -> mean_pool4 conf=0.3008 rank=3
         laya iter 5 -> mean_pool4 conf=0.3008 rank=3
[  64] best_single    score= 0.6189 origin=agent    iters=4 stop=no new information in 3 consecutive turns
         TEST  smape=0.5118  rmse=30.2943  pocid=54.55  mape=0.5821  | FLOOR smape=0.4520
         laya iter 1 -> best_DWT_rf conf=0.2789 rank=1
         laya iter 2 -> best_DWT_rf conf=0.315 rank=1
         laya iter 3 -> best_DWT_rf conf=0.315 rank=1
         laya iter 4 -> best_DWT_rf conf=0.315 rank=1
[  65] mean           score= 0.5673 origin=agent    iters=5 stop=no new information in 3 consecutive turns
         TEST  smape=0.0915  rmse=8247.9011  pocid=72.73  mape=0.0972  | FLOOR smape=0.1016
         laya iter 1 -> mean_pool1 conf=0.3709 rank=2
         laya iter 2 -> mean_pool4 conf=0.2897 rank=1
         laya iter 3 -> mean_pool4 conf=0.2897 rank=1
         laya iter 4 -> mean_pool4 conf=0.2897 rank=1
         laya iter 5 -> mean_pool4 conf=0.2897 rank=1
[  66] best_single    score= 0.5572 origin=agent    iters=5 stop=no new information in 3 consecutive turns
         TEST  smape=0.4399  rmse=24713.5621  pocid=27.27  mape=0.7421  | FLOOR smape=0.4457
         laya iter 1 -> mean_pool1 conf=0.2575 rank=6
         laya iter 2 -> best_FT_rf conf=0.2376 rank=1
         laya iter 3 -> best_FT_rf conf=0.2376 rank=1
         laya iter 4 -> best_FT_rf conf=0.2376 rank=1
         laya iter 5 -> best_FT_rf conf=0.2376 rank=1
[  67] dba            score= 0.6648 origin=baseline iters=5 stop=no new information in 3 consecutive turns
         TEST  smape=0.0473  rmse=932.8979  pocid=54.55  mape=0.0487  | FLOOR smape=0.0473
         laya iter 1 -> mean_pool1 conf=0.3038 rank=9
         laya iter 2 -> mean_pool4 conf=0.2642 rank=8
         laya iter 3 -> mean_pool4 conf=0.2642 rank=8
         laya iter 4 -> mean_pool4 conf=0.2642 rank=8
         laya iter 5 -> mean_pool4 conf=0.2642 rank=8
[  68] mean           score= 0.6545 origin=baseline iters=5 stop=no new information in 3 consecutive turns
         TEST  smape=0.1450  rmse=9765.7560  pocid=72.73  mape=0.1580  | FLOOR smape=0.1450
         laya iter 1 -> mean_pool1 conf=0.252 rank=8
         laya iter 2 -> mean_pool4 conf=0.2456 rank=4
         laya iter 3 -> mean_pool4 conf=0.2456 rank=4
         laya iter 4 -> mean_pool4 conf=0.2456 rank=4
         laya iter 5 -> mean_pool4 conf=0.2456 rank=4
[  69] median         score= 0.6004 origin=baseline iters=5 stop=no new information in 3 consecutive turns
         TEST  smape=0.9523  rmse=1637.3550  pocid=63.64  mape=1.4443  | FLOOR smape=0.9523
         laya iter 1 -> mean_pool1 conf=0.4036 rank=9
         laya iter 2 -> mean_pool4 conf=0.3058 rank=9
         laya iter 3 -> mean_pool4 conf=0.3058 rank=9
         laya iter 4 -> mean_pool4 conf=0.3058 rank=9
         laya iter 5 -> mean_pool4 conf=0.3058 rank=9
[  70] best_single    score= 0.6641 origin=agent    iters=4 stop=no new information in 3 consecutive turns
         TEST  smape=0.1232  rmse=5523.7034  pocid=63.64  mape=0.1167  | FLOOR smape=0.1397
         laya iter 1 -> best_ONLY_DWT_rf conf=0.5743 rank=1
         laya iter 2 -> best_ONLY_DWT_rf conf=0.6593 rank=1
         laya iter 3 -> best_ONLY_DWT_rf conf=0.6593 rank=1
         laya iter 4 -> best_ONLY_DWT_rf conf=0.6593 rank=1
[  71] trimmed_mean   score= 0.6224 origin=baseline iters=5 stop=no new information in 3 consecutive turns
         TEST  smape=0.2199  rmse=6568.6229  pocid=45.45  mape=0.1854  | FLOOR smape=0.2199
         laya iter 1 -> mean_pool1 conf=0.2697 rank=6
         laya iter 2 -> best_DWT_rf conf=0.2672 rank=3
         laya iter 3 -> best_DWT_rf conf=0.2672 rank=3
         laya iter 4 -> best_DWT_rf conf=0.2672 rank=3
         laya iter 5 -> best_DWT_rf conf=0.2672 rank=3
[  72] dba            score= 0.6517 origin=baseline iters=5 stop=no new information in 3 consecutive turns
         TEST  smape=0.0342  rmse=11665.6296  pocid=36.36  mape=0.0342  | FLOOR smape=0.0342
         laya iter 1 -> mean_pool1 conf=0.2737 rank=5
         laya iter 2 -> best_THETA conf=0.253 rank=3
         laya iter 3 -> best_THETA conf=0.253 rank=3
         laya iter 4 -> best_THETA conf=0.253 rank=3
         laya iter 5 -> best_THETA conf=0.253 rank=3
[  73] best_single    score= 0.6221 origin=agent    iters=4 stop=no new information in 3 consecutive turns
         TEST  smape=0.0948  rmse=41563.8480  pocid=63.64  mape=0.1009  | FLOOR smape=0.0870
         laya iter 1 -> best_rf conf=0.3507 rank=1
         laya iter 2 -> best_rf conf=0.4321 rank=1
         laya iter 3 -> best_rf conf=0.4321 rank=1
         laya iter 4 -> best_rf conf=0.4321 rank=1
[  74] best_single    score= 0.6221 origin=agent    iters=4 stop=no new information in 3 consecutive turns
         TEST  smape=0.1235  rmse=7302.4323  pocid=36.36  mape=0.1336  | FLOOR smape=0.1027
         laya iter 1 -> best_ONLY_CWT_rf conf=0.3821 rank=1
         laya iter 2 -> best_ONLY_CWT_rf conf=0.4621 rank=1
         laya iter 3 -> best_ONLY_CWT_rf conf=0.4621 rank=1
         laya iter 4 -> best_ONLY_CWT_rf conf=0.4621 rank=1
[  75] best_single    score= 0.6298 origin=agent    iters=5 stop=no new information in 3 consecutive turns
         TEST  smape=0.0845  rmse=1195.8626  pocid=81.82  mape=0.0823  | FLOOR smape=0.0775
         laya iter 1 -> mean_pool1 conf=0.2649 rank=7
         laya iter 2 -> best_DWT_rf conf=0.2663 rank=1
         laya iter 3 -> best_DWT_rf conf=0.2663 rank=1
         laya iter 4 -> best_DWT_rf conf=0.2663 rank=1
         laya iter 5 -> best_DWT_rf conf=0.2663 rank=1
[  76] best_single    score= 0.4201 origin=agent    iters=4 stop=no new information in 3 consecutive turns
         TEST  smape=0.0460  rmse=10774.4965  pocid=63.64  mape=0.0451  | FLOOR smape=0.0412
         laya iter 1 -> best_ETS conf=0.5597 rank=1
         laya iter 2 -> best_ETS conf=0.7265 rank=1
         laya iter 3 -> best_ETS conf=0.7265 rank=1
         laya iter 4 -> best_ETS conf=0.7265 rank=1
[  77] median         score= 0.5925 origin=baseline iters=5 stop=no new information in 3 consecutive turns
         TEST  smape=1.1166  rmse=879.5491  pocid=81.82  mape=6.3226  | FLOOR smape=1.1166
         laya iter 1 -> mean_pool1 conf=0.4514 rank=7
         laya iter 2 -> mean_pool4 conf=0.3206 rank=7
         laya iter 3 -> mean_pool4 conf=0.3206 rank=7
         laya iter 4 -> mean_pool4 conf=0.3206 rank=7
         laya iter 5 -> mean_pool4 conf=0.3206 rank=7
[  78] median         score= 0.6721 origin=baseline iters=5 stop=no new information in 3 consecutive turns
         TEST  smape=0.3944  rmse=25.4188  pocid=63.64  mape=0.6090  | FLOOR smape=0.3944
         laya iter 1 -> mean_pool1 conf=0.3528 rank=8
         laya iter 2 -> mean_pool4 conf=0.2637 rank=10
         laya iter 3 -> mean_pool4 conf=0.2637 rank=10
         laya iter 4 -> mean_pool4 conf=0.2637 rank=10
         laya iter 5 -> mean_pool4 conf=0.2637 rank=10
[  79] best_single    score= 0.5894 origin=agent    iters=4 stop=no new information in 3 consecutive turns
         TEST  smape=0.0660  rmse=19801.2922  pocid=72.73  mape=0.0684  | FLOOR smape=0.0659
         laya iter 1 -> best_FT_rf conf=0.2926 rank=1
         laya iter 2 -> best_FT_rf conf=0.3065 rank=1
         laya iter 3 -> best_FT_rf conf=0.3065 rank=1
         laya iter 4 -> best_FT_rf conf=0.3065 rank=1
[  80] best_single    score= 0.5454 origin=agent    iters=4 stop=no new information in 3 consecutive turns
         TEST  smape=0.4100  rmse=31449.0516  pocid=72.73  mape=0.3380  | FLOOR smape=0.2088
         laya iter 1 -> best_ONLY_FT_rf conf=0.344 rank=1
         laya iter 2 -> best_ONLY_FT_rf conf=0.3531 rank=1
         laya iter 3 -> best_ONLY_FT_rf conf=0.3531 rank=1
         laya iter 4 -> best_ONLY_FT_rf conf=0.3531 rank=1
[  81] best_single    score= 0.6121 origin=agent    iters=5 stop=no new information in 3 consecutive turns
         TEST  smape=0.2496  rmse=1207.8589  pocid=54.55  mape=0.2888  | FLOOR smape=0.2884
         laya iter 1 -> mean_pool1 conf=0.3049 rank=2
         laya iter 2 -> best_ETS conf=0.3052 rank=1
         laya iter 3 -> best_ETS conf=0.3052 rank=1
         laya iter 4 -> best_ETS conf=0.3052 rank=1
         laya iter 5 -> best_ETS conf=0.3052 rank=1
[  82] best_single    score= 0.6250 origin=agent    iters=4 stop=no new information in 3 consecutive turns
         TEST  smape=0.5854  rmse=26.4483  pocid=27.27  mape=0.8273  | FLOOR smape=0.4143
         laya iter 1 -> best_ONLY_FT_catboost conf=0.5108 rank=1
         laya iter 2 -> best_ONLY_FT_catboost conf=0.6482 rank=1
         laya iter 3 -> best_ONLY_FT_catboost conf=0.6482 rank=1
         laya iter 4 -> best_ONLY_FT_catboost conf=0.6482 rank=1
[  83] dba            score= 0.6201 origin=baseline iters=5 stop=no new information in 3 consecutive turns
         TEST  smape=0.0401  rmse=3073.0864  pocid=72.73  mape=0.0412  | FLOOR smape=0.0401
         laya iter 1 -> mean_pool1 conf=0.3559 rank=9
         laya iter 2 -> mean_pool4 conf=0.2679 rank=9
         laya iter 3 -> mean_pool4 conf=0.2679 rank=9
         laya iter 4 -> mean_pool4 conf=0.2679 rank=9
         laya iter 5 -> mean_pool4 conf=0.2679 rank=9
[  84] mean           score= 0.6362 origin=agent    iters=5 stop=no new information in 3 consecutive turns
         TEST  smape=0.0357  rmse=1542.7142  pocid=63.64  mape=0.0363  | FLOOR smape=0.0389
         laya iter 1 -> mean_pool1 conf=0.3311 rank=7
         laya iter 2 -> mean_pool4 conf=0.2919 rank=1
         laya iter 3 -> mean_pool4 conf=0.2919 rank=1
         laya iter 4 -> mean_pool4 conf=0.2919 rank=1
         laya iter 5 -> mean_pool4 conf=0.2919 rank=1
[  85] best_single    score= 0.6500 origin=agent    iters=4 stop=no new information in 3 consecutive turns
         TEST  smape=1.3326  rmse=43.4709  pocid=36.36  mape=59117553604144680.0000  | FLOOR smape=1.3540
         laya iter 1 -> best_rf conf=0.3804 rank=1
         laya iter 2 -> best_rf conf=0.4604 rank=1
         laya iter 3 -> best_rf conf=0.4604 rank=1
         laya iter 4 -> best_rf conf=0.4604 rank=1
[  86] best_single    score= 0.5860 origin=agent    iters=4 stop=no new information in 3 consecutive turns
         TEST  smape=0.7330  rmse=2472.4733  pocid=45.45  mape=0.5482  | FLOOR smape=0.6998
         laya iter 1 -> best_FT_rf conf=0.4411 rank=1
         laya iter 2 -> best_FT_rf conf=0.5694 rank=1
         laya iter 3 -> best_FT_rf conf=0.5694 rank=1
         laya iter 4 -> best_FT_rf conf=0.5694 rank=1
[  87] mean           score= 0.6545 origin=baseline iters=5 stop=no new information in 3 consecutive turns
         TEST  smape=0.0439  rmse=7446.9473  pocid=90.91  mape=0.0442  | FLOOR smape=0.0439
         laya iter 1 -> mean_pool1 conf=0.2606 rank=8
         laya iter 2 -> mean_pool4 conf=0.2411 rank=10
         laya iter 3 -> mean_pool4 conf=0.2411 rank=10
         laya iter 4 -> mean_pool4 conf=0.2411 rank=10
         laya iter 5 -> mean_pool4 conf=0.2411 rank=10
[  88] best_single    score= 0.6192 origin=agent    iters=4 stop=no new information in 3 consecutive turns
         TEST  smape=0.2381  rmse=4342.6391  pocid=54.55  mape=0.2095  | FLOOR smape=0.2286
         laya iter 1 -> best_ONLY_FT_rf conf=0.3632 rank=1
         laya iter 2 -> best_ONLY_FT_rf conf=0.3823 rank=1
         laya iter 3 -> best_ONLY_FT_rf conf=0.3823 rank=1
         laya iter 4 -> best_ONLY_FT_rf conf=0.3823 rank=1
[  89] best_single    score= 0.6024 origin=agent    iters=4 stop=no new information in 3 consecutive turns
         TEST  smape=0.3604  rmse=4399.5600  pocid=27.27  mape=0.5619  | FLOOR smape=0.3305
         laya iter 1 -> best_ONLY_FT_catboost conf=0.9493 rank=1
         laya iter 2 -> best_ONLY_FT_catboost conf=0.9768 rank=1
         laya iter 3 -> best_ONLY_FT_catboost conf=0.9768 rank=1
         laya iter 4 -> best_ONLY_FT_catboost conf=0.9768 rank=1
[  90] best_single    score= 0.6022 origin=agent    iters=4 stop=no new information in 3 consecutive turns
         TEST  smape=0.9613  rmse=840.7238  pocid=81.82  mape=0.6178  | FLOOR smape=0.9555
         laya iter 1 -> best_FT_rf conf=0.3028 rank=1
         laya iter 2 -> best_FT_rf conf=0.3625 rank=1
         laya iter 3 -> best_FT_rf conf=0.3625 rank=1
         laya iter 4 -> best_FT_rf conf=0.3625 rank=1
[  91] dba            score= 0.6106 origin=baseline iters=5 stop=no new information in 3 consecutive turns
         TEST  smape=0.0423  rmse=848.1501  pocid=63.64  mape=0.0436  | FLOOR smape=0.0423
         laya iter 1 -> mean_pool1 conf=0.2803 rank=7
         laya iter 2 -> mean_pool4 conf=0.2297 rank=10
         laya iter 3 -> mean_pool4 conf=0.2297 rank=10
         laya iter 4 -> mean_pool4 conf=0.2297 rank=10
         laya iter 5 -> mean_pool4 conf=0.2297 rank=10
[  92] best_single    score= 0.5712 origin=agent    iters=5 stop=no new information in 3 consecutive turns
         TEST  smape=0.6309  rmse=18.6780  pocid=36.36  mape=10791682538931182.0000  | FLOOR smape=0.6326
         laya iter 1 -> mean_pool1 conf=0.2784 rank=2
         laya iter 2 -> best_FT_rf conf=0.2956 rank=1
         laya iter 3 -> best_FT_rf conf=0.2956 rank=1
         laya iter 4 -> best_FT_rf conf=0.2956 rank=1
         laya iter 5 -> best_FT_rf conf=0.2956 rank=1
[  93] mean           score= 0.7394 origin=baseline iters=5 stop=no new information in 3 consecutive turns
         TEST  smape=0.5194  rmse=45.8077  pocid=36.36  mape=0.3861  | FLOOR smape=0.5194
         laya iter 1 -> mean_pool1 conf=0.3003 rank=8
         laya iter 2 -> best_rf conf=0.2537 rank=10
         laya iter 3 -> best_rf conf=0.2537 rank=10
         laya iter 4 -> best_rf conf=0.2537 rank=10
         laya iter 5 -> best_rf conf=0.2537 rank=10
[  94] mean           score= 0.6606 origin=baseline iters=5 stop=no new information in 3 consecutive turns
         TEST  smape=0.0383  rmse=4309.6067  pocid=81.82  mape=0.0386  | FLOOR smape=0.0383
         laya iter 1 -> mean_pool1 conf=0.3938 rank=9
         laya iter 2 -> mean_pool4 conf=0.3047 rank=10
         laya iter 3 -> mean_pool4 conf=0.3047 rank=10
         laya iter 4 -> mean_pool4 conf=0.3047 rank=10
         laya iter 5 -> mean_pool4 conf=0.3047 rank=10
[  95] mean           score= 0.6295 origin=baseline iters=5 stop=no new information in 3 consecutive turns
         TEST  smape=0.0354  rmse=1670.1153  pocid=81.82  mape=0.0360  | FLOOR smape=0.0354
         laya iter 1 -> mean_pool1 conf=0.2843 rank=4
         laya iter 2 -> mean_pool4 conf=0.2518 rank=10
         laya iter 3 -> mean_pool4 conf=0.2518 rank=10
         laya iter 4 -> mean_pool4 conf=0.2518 rank=10
         laya iter 5 -> mean_pool4 conf=0.2518 rank=10
[  96] mean           score= 0.4267 origin=agent    iters=5 stop=no new information in 3 consecutive turns
         TEST  smape=0.0409  rmse=2476.5310  pocid=63.64  mape=0.0417  | FLOOR smape=0.0448
         laya iter 1 -> mean_pool1 conf=0.3436 rank=2
         laya iter 2 -> mean_pool4 conf=0.2882 rank=1
         laya iter 3 -> mean_pool4 conf=0.2882 rank=1
         laya iter 4 -> mean_pool4 conf=0.2882 rank=1
         laya iter 5 -> mean_pool4 conf=0.2882 rank=1
[  97] mean           score= 0.6476 origin=baseline iters=5 stop=no new information in 3 consecutive turns
         TEST  smape=0.0405  rmse=733.8901  pocid=72.73  mape=0.0423  | FLOOR smape=0.0405
         laya iter 1 -> mean_pool1 conf=0.2882 rank=6
         laya iter 2 -> mean_pool4 conf=0.2339 rank=8
         laya iter 3 -> mean_pool4 conf=0.2339 rank=8
         laya iter 4 -> mean_pool4 conf=0.2339 rank=8
         laya iter 5 -> mean_pool4 conf=0.2339 rank=8
[  98] best_single    score= 0.6543 origin=agent    iters=5 stop=no new information in 3 consecutive turns
         TEST  smape=0.3492  rmse=23.3770  pocid=36.36  mape=0.3856  | FLOOR smape=0.2995
         laya iter 1 -> mean_pool_full conf=0.2736 rank=7
         laya iter 2 -> best_DWT_catboost conf=0.2722 rank=1
         laya iter 3 -> best_DWT_catboost conf=0.2722 rank=1
         laya iter 4 -> best_DWT_catboost conf=0.2722 rank=1
         laya iter 5 -> best_DWT_catboost conf=0.2722 rank=1
[  99] dba            score= 0.6373 origin=baseline iters=4 stop=no new information in 3 consecutive turns
         TEST  smape=0.0572  rmse=23571.2345  pocid=63.64  mape=0.0586  | FLOOR smape=0.0572
         laya iter 1 -> best_ONLY_FT_rf conf=0.383 rank=4
         laya iter 2 -> best_ONLY_FT_rf conf=0.4085 rank=4
         laya iter 3 -> best_ONLY_FT_rf conf=0.4085 rank=4
         laya iter 4 -> best_ONLY_FT_rf conf=0.4085 rank=4
[ 100] best_single    score= 0.6453 origin=agent    iters=5 stop=no new information in 3 consecutive turns
         TEST  smape=0.1429  rmse=2013.2417  pocid=45.45  mape=0.1460  | FLOOR smape=0.1284
         laya iter 1 -> mean_pool1 conf=0.3785 rank=1
         laya iter 2 -> best_FT_catboost conf=0.4078 rank=1
         laya iter 3 -> best_FT_catboost conf=0.4078 rank=1
         laya iter 4 -> best_FT_catboost conf=0.4078 rank=1
         laya iter 5 -> best_FT_catboost conf=0.4078 rank=1
[ 101] trimmed_mean   score= 0.5471 origin=baseline iters=5 stop=no new information in 3 consecutive turns
         TEST  smape=0.4370  rmse=1780.5711  pocid=27.27  mape=0.3534  | FLOOR smape=0.4370
         laya iter 1 -> mean_pool1 conf=0.4062 rank=9
         laya iter 2 -> mean_pool4 conf=0.3134 rank=9
         laya iter 3 -> mean_pool4 conf=0.3134 rank=9
         laya iter 4 -> mean_pool4 conf=0.3134 rank=9
         laya iter 5 -> mean_pool4 conf=0.3134 rank=9
[ 102] best_single    score= 0.6202 origin=agent    iters=4 stop=no new information in 3 consecutive turns
         TEST  smape=0.4452  rmse=10725.8392  pocid=54.55  mape=0.3463  | FLOOR smape=0.4447
         laya iter 1 -> best_FT_rf conf=0.2974 rank=1
         laya iter 2 -> best_FT_rf conf=0.3263 rank=1
         laya iter 3 -> best_FT_rf conf=0.3263 rank=1
         laya iter 4 -> best_FT_rf conf=0.3263 rank=1
[ 103] best_single    score= 0.5378 origin=agent    iters=4 stop=no new information in 3 consecutive turns
         TEST  smape=0.0282  rmse=8410.9579  pocid=72.73  mape=0.0282  | FLOOR smape=0.0321
         laya iter 1 -> best_FT_rf conf=0.3728 rank=1
         laya iter 2 -> best_FT_rf conf=0.4587 rank=1
         laya iter 3 -> best_FT_rf conf=0.4587 rank=1
         laya iter 4 -> best_FT_rf conf=0.4587 rank=1
[ 104] best_single    score= 0.4538 origin=agent    iters=4 stop=no new information in 3 consecutive turns
         TEST  smape=0.6858  rmse=7.6080  pocid=45.45  mape=13850147707356640.0000  | FLOOR smape=0.6929
         laya iter 1 -> best_rf conf=0.7002 rank=1
         laya iter 2 -> best_rf conf=0.8019 rank=1
         laya iter 3 -> best_rf conf=0.8019 rank=1
         laya iter 4 -> best_rf conf=0.8019 rank=1
[ 105] best_single    score= 0.6203 origin=agent    iters=5 stop=no new information in 3 consecutive turns
         TEST  smape=0.0371  rmse=323.5446  pocid=72.73  mape=0.0365  | FLOOR smape=0.0380
         laya iter 1 -> mean_pool1 conf=0.2668 rank=3
         laya iter 2 -> best_ETS conf=0.2653 rank=1
         laya iter 3 -> best_ETS conf=0.2653 rank=1
         laya iter 4 -> best_ETS conf=0.2653 rank=1
         laya iter 5 -> best_ETS conf=0.2653 rank=1
[ 106] mean           score= 0.6230 origin=baseline iters=4 stop=no new information in 3 consecutive turns
         TEST  smape=0.0383  rmse=132.5842  pocid=72.73  mape=0.0373  | FLOOR smape=0.0383
         laya iter 1 -> best_DWT_rf conf=0.3551 rank=7
         laya iter 2 -> best_DWT_rf conf=0.3881 rank=7
         laya iter 3 -> best_DWT_rf conf=0.3881 rank=7
         laya iter 4 -> best_DWT_rf conf=0.3881 rank=7
[ 107] median         score= 0.6080 origin=baseline iters=5 stop=no new information in 3 consecutive turns
         TEST  smape=0.0479  rmse=1263.4323  pocid=63.64  mape=0.0469  | FLOOR smape=0.0479
         laya iter 1 -> mean_pool1 conf=0.315 rank=8
         laya iter 2 -> mean_pool4 conf=0.2503 rank=3
         laya iter 3 -> mean_pool4 conf=0.2503 rank=3
         laya iter 4 -> mean_pool4 conf=0.2503 rank=3
         laya iter 5 -> mean_pool4 conf=0.2503 rank=3
[ 108] best_single    score= 0.5179 origin=agent    iters=4 stop=no new information in 3 consecutive turns
         TEST  smape=0.0325  rmse=1460.3561  pocid=81.82  mape=0.0318  | FLOOR smape=0.0252
         laya iter 1 -> best_ONLY_CWT_catboost conf=0.4086 rank=1
         laya iter 2 -> best_ONLY_CWT_catboost conf=0.3994 rank=1
         laya iter 3 -> best_ONLY_CWT_catboost conf=0.3994 rank=1
         laya iter 4 -> best_ONLY_CWT_catboost conf=0.3994 rank=1
[ 109] best_single    score= 0.5175 origin=agent    iters=5 stop=no new information in 3 consecutive turns
         TEST  smape=0.0343  rmse=3217.6990  pocid=72.73  mape=0.0351  | FLOOR smape=0.0301
         laya iter 1 -> mean_pool1 conf=0.3238 rank=2
         laya iter 2 -> best_ARIMA conf=0.3352 rank=1
         laya iter 3 -> best_ARIMA conf=0.3352 rank=1
         laya iter 4 -> best_ARIMA conf=0.3352 rank=1
         laya iter 5 -> best_ARIMA conf=0.3352 rank=1
[ 110] median         score= 0.6703 origin=baseline iters=5 stop=no new information in 3 consecutive turns
         TEST  smape=0.0561  rmse=13845.2719  pocid=54.55  mape=0.0542  | FLOOR smape=0.0561
         laya iter 1 -> mean_pool1 conf=0.3885 rank=9
         laya iter 2 -> mean_pool4 conf=0.2939 rank=10
         laya iter 3 -> mean_pool4 conf=0.2939 rank=10
         laya iter 4 -> mean_pool4 conf=0.2939 rank=10
         laya iter 5 -> mean_pool4 conf=0.2939 rank=10
[ 111] best_single    score= 0.6642 origin=agent    iters=4 stop=no new information in 3 consecutive turns
         TEST  smape=0.2433  rmse=32.8290  pocid=45.45  mape=0.2805  | FLOOR smape=0.2334
         laya iter 1 -> best_ONLY_FT_rf conf=0.8036 rank=1
         laya iter 2 -> best_ONLY_FT_rf conf=0.832 rank=1
         laya iter 3 -> best_ONLY_FT_rf conf=0.832 rank=1
         laya iter 4 -> best_ONLY_FT_rf conf=0.832 rank=1
[ 112] median         score= 0.6222 origin=baseline iters=4 stop=no new information in 3 consecutive turns
         TEST  smape=0.0412  rmse=55656.8059  pocid=90.91  mape=0.0415  | FLOOR smape=0.0412
         laya iter 1 -> best_rf conf=0.3669 rank=3
         laya iter 2 -> best_rf conf=0.4481 rank=3
         laya iter 3 -> best_rf conf=0.4481 rank=3
         laya iter 4 -> best_rf conf=0.4481 rank=3
[ 113] best_single    score= 0.6218 origin=agent    iters=4 stop=no new information in 3 consecutive turns
         TEST  smape=0.1826  rmse=50.7514  pocid=63.64  mape=0.2009  | FLOOR smape=0.1842
         laya iter 1 -> best_ONLY_DWT_rf conf=0.302 rank=1
         laya iter 2 -> best_ONLY_DWT_rf conf=0.2815 rank=1
         laya iter 3 -> best_ONLY_DWT_rf conf=0.2815 rank=1
         laya iter 4 -> best_ONLY_DWT_rf conf=0.2815 rank=1
[ 114] best_single    score= 0.6042 origin=agent    iters=5 stop=no new information in 3 consecutive turns
         TEST  smape=0.0602  rmse=1525.0011  pocid=27.27  mape=0.0586  | FLOOR smape=0.0493
         laya iter 1 -> mean_pool1 conf=0.2792 rank=8
         laya iter 2 -> best_CWT_rf conf=0.2987 rank=1
         laya iter 3 -> best_CWT_rf conf=0.2987 rank=1
         laya iter 4 -> best_CWT_rf conf=0.2987 rank=1
         laya iter 5 -> best_CWT_rf conf=0.2987 rank=1
[ 115] mean           score= 0.6286 origin=baseline iters=5 stop=no new information in 3 consecutive turns
         TEST  smape=0.5585  rmse=21.5391  pocid=45.45  mape=15702490422335918.0000  | FLOOR smape=0.5585
         laya iter 1 -> mean_pool1 conf=0.292 rank=1
         laya iter 2 -> best_ONLY_FT_rf conf=0.2901 rank=3
         laya iter 3 -> best_ONLY_FT_rf conf=0.2901 rank=3
         laya iter 4 -> best_ONLY_FT_rf conf=0.2901 rank=3
         laya iter 5 -> best_ONLY_FT_rf conf=0.2901 rank=3
[ 116] mean           score= 0.5424 origin=agent    iters=5 stop=no new information in 3 consecutive turns
         TEST  smape=0.0571  rmse=22676.6040  pocid=72.73  mape=0.0568  | FLOOR smape=0.0569
         laya iter 1 -> mean_pool1 conf=0.3055 rank=2
         laya iter 2 -> mean_pool4 conf=0.2212 rank=1
         laya iter 3 -> mean_pool4 conf=0.2212 rank=1
         laya iter 4 -> mean_pool4 conf=0.2212 rank=1
         laya iter 5 -> mean_pool4 conf=0.2212 rank=1
[ 117] mean           score= 0.4503 origin=agent    iters=5 stop=no new information in 3 consecutive turns
         TEST  smape=0.0347  rmse=553.8859  pocid=81.82  mape=0.0347  | FLOOR smape=0.0371
         laya iter 1 -> mean_pool1 conf=0.3055 rank=3
         laya iter 2 -> mean_pool4 conf=0.2407 rank=1
         laya iter 3 -> mean_pool4 conf=0.2407 rank=1
         laya iter 4 -> mean_pool4 conf=0.2407 rank=1
         laya iter 5 -> mean_pool4 conf=0.2407 rank=1
[ 118] mean           score= 0.6667 origin=baseline iters=5 stop=no new information in 3 consecutive turns
         TEST  smape=0.0440  rmse=13612.0071  pocid=63.64  mape=0.0428  | FLOOR smape=0.0440
         laya iter 1 -> mean_pool1 conf=0.2922 rank=6
         laya iter 2 -> best_FT_catboost conf=0.3233 rank=3
         laya iter 3 -> best_FT_catboost conf=0.3233 rank=3
         laya iter 4 -> best_FT_catboost conf=0.3233 rank=3
         laya iter 5 -> best_FT_catboost conf=0.3233 rank=3
[ 119] best_single    score= 0.5989 origin=agent    iters=4 stop=no new information in 3 consecutive turns
         TEST  smape=0.2956  rmse=4664.0933  pocid=63.64  mape=0.2374  | FLOOR smape=0.4791
         laya iter 1 -> best_DWT_rf conf=0.3421 rank=1
         laya iter 2 -> best_DWT_rf conf=0.4355 rank=1
         laya iter 3 -> best_DWT_rf conf=0.4355 rank=1
         laya iter 4 -> best_DWT_rf conf=0.4355 rank=1
[ 120] best_single    score= 0.5040 origin=agent    iters=5 stop=no new information in 3 consecutive turns
         TEST  smape=0.0345  rmse=11315.9775  pocid=72.73  mape=0.0350  | FLOOR smape=0.0351
         laya iter 1 -> mean_pool1 conf=0.3269 rank=8
         laya iter 2 -> best_ARIMA conf=0.3642 rank=1
         laya iter 3 -> best_ARIMA conf=0.3642 rank=1
         laya iter 4 -> best_ARIMA conf=0.3642 rank=1
         laya iter 5 -> best_ARIMA conf=0.3642 rank=1
[ 121] mean           score= 0.5881 origin=baseline iters=5 stop=no new information in 3 consecutive turns
         TEST  smape=0.0688  rmse=2714.2835  pocid=54.55  mape=0.0660  | FLOOR smape=0.0688
         laya iter 1 -> mean_pool1 conf=0.3446 rank=1
         laya iter 2 -> mean_pool4 conf=0.265 rank=10
         laya iter 3 -> mean_pool4 conf=0.265 rank=10
         laya iter 4 -> mean_pool4 conf=0.265 rank=10
         laya iter 5 -> mean_pool4 conf=0.265 rank=10
[ 122] trimmed_mean   score= 0.6140 origin=baseline iters=4 stop=no new information in 3 consecutive turns
         TEST  smape=0.0575  rmse=8654.2656  pocid=63.64  mape=0.0550  | FLOOR smape=0.0575
         laya iter 1 -> best_NaiveSeasonal conf=0.4928 rank=9
         laya iter 2 -> best_NaiveSeasonal conf=0.6266 rank=9
         laya iter 3 -> best_NaiveSeasonal conf=0.6266 rank=9
         laya iter 4 -> best_NaiveSeasonal conf=0.6266 rank=9
[ 123] dba            score= 0.6112 origin=baseline iters=5 stop=no new information in 3 consecutive turns
         TEST  smape=0.0373  rmse=546.9746  pocid=90.91  mape=0.0376  | FLOOR smape=0.0373
         laya iter 1 -> mean_pool1 conf=0.3629 rank=6
         laya iter 2 -> mean_pool4 conf=0.3128 rank=10
         laya iter 3 -> mean_pool4 conf=0.3128 rank=10
         laya iter 4 -> mean_pool4 conf=0.3128 rank=10
         laya iter 5 -> mean_pool4 conf=0.3128 rank=10
[ 124] mean           score= 0.6209 origin=agent    iters=5 stop=no new information in 3 consecutive turns
         TEST  smape=0.2498  rmse=11.6587  pocid=45.45  mape=0.2776  | FLOOR smape=0.2624
         laya iter 1 -> mean_pool1 conf=0.3535 rank=2
         laya iter 2 -> mean_pool4 conf=0.2683 rank=1
         laya iter 3 -> mean_pool4 conf=0.2683 rank=1
         laya iter 4 -> mean_pool4 conf=0.2683 rank=1
         laya iter 5 -> mean_pool4 conf=0.2683 rank=1
[ 125] mean           score= 0.7030 origin=baseline iters=5 stop=no new information in 3 consecutive turns
         TEST  smape=0.2661  rmse=21.4886  pocid=63.64  mape=0.5655  | FLOOR smape=0.2661
         laya iter 1 -> mean_pool1 conf=0.2957 rank=8
         laya iter 2 -> best_ONLY_FT_rf conf=0.2744 rank=3
         laya iter 3 -> best_ONLY_FT_rf conf=0.2744 rank=3
         laya iter 4 -> best_ONLY_FT_rf conf=0.2744 rank=3
         laya iter 5 -> best_ONLY_FT_rf conf=0.2744 rank=3
[ 126] best_single    score= 0.6821 origin=agent    iters=4 stop=no new information in 3 consecutive turns
         TEST  smape=0.6607  rmse=7.4004  pocid=63.64  mape=3.8161  | FLOOR smape=0.6310
         laya iter 1 -> best_FT_rf conf=0.3739 rank=1
         laya iter 2 -> best_FT_rf conf=0.4811 rank=1
         laya iter 3 -> best_FT_rf conf=0.4811 rank=1
         laya iter 4 -> best_FT_rf conf=0.4811 rank=1
[ 127] best_single    score= 0.5122 origin=agent    iters=4 stop=no new information in 3 consecutive turns
         TEST  smape=0.0395  rmse=14081.7726  pocid=81.82  mape=0.0399  | FLOOR smape=0.0395
         laya iter 1 -> best_DWT_catboost conf=0.3222 rank=1
         laya iter 2 -> best_DWT_catboost conf=0.3519 rank=1
         laya iter 3 -> best_DWT_catboost conf=0.3519 rank=1
         laya iter 4 -> best_DWT_catboost conf=0.3519 rank=1
[ 128] mean           score= 0.5732 origin=agent    iters=5 stop=no new information in 3 consecutive turns
         TEST  smape=0.0324  rmse=299.6559  pocid=81.82  mape=0.0324  | FLOOR smape=0.0360
         laya iter 1 -> mean_pool1 conf=0.2856 rank=2
         laya iter 2 -> mean_pool4 conf=0.2484 rank=1
         laya iter 3 -> mean_pool4 conf=0.2484 rank=1
         laya iter 4 -> mean_pool4 conf=0.2484 rank=1
         laya iter 5 -> mean_pool4 conf=0.2484 rank=1
[ 129] mean           score= 0.4777 origin=baseline iters=4 stop=no new information in 3 consecutive turns
         TEST  smape=0.0366  rmse=3704.4067  pocid=72.73  mape=0.0366  | FLOOR smape=0.0366
         laya iter 1 -> best_rf conf=0.4026 rank=4
         laya iter 2 -> best_rf conf=0.4899 rank=4
         laya iter 3 -> best_rf conf=0.4899 rank=4
         laya iter 4 -> best_rf conf=0.4899 rank=4
[ 130] mean           score= 0.5634 origin=agent    iters=5 stop=no new information in 3 consecutive turns
         TEST  smape=0.0519  rmse=2228.0653  pocid=90.91  mape=0.0507  | FLOOR smape=0.0515
         laya iter 1 -> mean_pool1 conf=0.3616 rank=1
         laya iter 2 -> mean_pool4 conf=0.2708 rank=1
         laya iter 3 -> mean_pool4 conf=0.2708 rank=1
         laya iter 4 -> mean_pool4 conf=0.2708 rank=1
         laya iter 5 -> mean_pool4 conf=0.2708 rank=1
[ 131] best_single    score= 0.5513 origin=agent    iters=4 stop=no new information in 3 consecutive turns
         TEST  smape=0.0772  rmse=3723.4972  pocid=72.73  mape=0.0738  | FLOOR smape=0.0832
         laya iter 1 -> best_FT_rf conf=0.4705 rank=1
         laya iter 2 -> best_FT_rf conf=0.5975 rank=1
         laya iter 3 -> best_FT_rf conf=0.5975 rank=1
         laya iter 4 -> best_FT_rf conf=0.5975 rank=1
[ 132] mean           score= 0.6928 origin=agent    iters=5 stop=no new information in 3 consecutive turns
         TEST  smape=0.2478  rmse=11.6106  pocid=81.82  mape=0.2656  | FLOOR smape=0.2510
         laya iter 1 -> mean_pool1 conf=0.3383 rank=5
         laya iter 2 -> mean_pool4 conf=0.2833 rank=1
         laya iter 3 -> mean_pool4 conf=0.2833 rank=1
         laya iter 4 -> mean_pool4 conf=0.2833 rank=1
         laya iter 5 -> mean_pool4 conf=0.2833 rank=1
[ 133] mean           score= 0.6605 origin=agent    iters=5 stop=no new information in 3 consecutive turns
         TEST  smape=0.1733  rmse=52.4114  pocid=36.36  mape=0.1873  | FLOOR smape=0.1799
         laya iter 1 -> mean_pool1 conf=0.2825 rank=7
         laya iter 2 -> mean_pool4 conf=0.266 rank=1
         laya iter 3 -> mean_pool4 conf=0.266 rank=1
         laya iter 4 -> mean_pool4 conf=0.266 rank=1
         laya iter 5 -> mean_pool4 conf=0.266 rank=1
[ 134] best_single    score= 0.6199 origin=agent    iters=4 stop=no new information in 3 consecutive turns
         TEST  smape=0.0654  rmse=4271.2548  pocid=72.73  mape=0.0643  | FLOOR smape=0.0679
         laya iter 1 -> best_ONLY_DWT_catboost conf=0.6285 rank=1
         laya iter 2 -> best_ONLY_DWT_catboost conf=0.7 rank=1
         laya iter 3 -> best_ONLY_DWT_catboost conf=0.7 rank=1
         laya iter 4 -> best_ONLY_DWT_catboost conf=0.7 rank=1
[ 135] mean           score= 0.6012 origin=agent    iters=5 stop=no new information in 3 consecutive turns
         TEST  smape=0.4551  rmse=13.3715  pocid=36.36  mape=0.7409  | FLOOR smape=0.4553
         laya iter 1 -> mean_pool1 conf=0.395 rank=1
         laya iter 2 -> mean_pool4 conf=0.3004 rank=1
         laya iter 3 -> mean_pool4 conf=0.3004 rank=1
         laya iter 4 -> mean_pool4 conf=0.3004 rank=1
         laya iter 5 -> mean_pool4 conf=0.3004 rank=1
[ 136] median         score= 0.6281 origin=baseline iters=4 stop=no new information in 3 consecutive turns
         TEST  smape=0.0479  rmse=1634.8155  pocid=72.73  mape=0.0463  | FLOOR smape=0.0479
         laya iter 1 -> best_FT_catboost conf=0.4261 rank=5
         laya iter 2 -> best_FT_catboost conf=0.5198 rank=5
         laya iter 3 -> best_FT_catboost conf=0.5198 rank=5
         laya iter 4 -> best_FT_catboost conf=0.5198 rank=5
[ 137] mean           score= 0.6727 origin=baseline iters=5 stop=no new information in 3 consecutive turns
         TEST  smape=0.0661  rmse=7274.0709  pocid=72.73  mape=0.0632  | FLOOR smape=0.0661
         laya iter 1 -> mean_pool1 conf=0.3771 rank=8
         laya iter 2 -> mean_pool4 conf=0.2778 rank=7
         laya iter 3 -> mean_pool4 conf=0.2778 rank=7
         laya iter 4 -> mean_pool4 conf=0.2778 rank=7
         laya iter 5 -> mean_pool4 conf=0.2778 rank=7
[ 138] best_single    score= 0.6088 origin=agent    iters=4 stop=no new information in 3 consecutive turns
         TEST  smape=0.4064  rmse=913.3203  pocid=72.73  mape=0.3337  | FLOOR smape=0.5755
         laya iter 1 -> best_CWT_rf conf=0.4324 rank=1
         laya iter 2 -> best_CWT_rf conf=0.5113 rank=1
         laya iter 3 -> best_CWT_rf conf=0.5113 rank=1
         laya iter 4 -> best_CWT_rf conf=0.5113 rank=1
[ 139] mean           score= 0.5701 origin=baseline iters=4 stop=no new information in 3 consecutive turns
         TEST  smape=0.0340  rmse=98.8840  pocid=72.73  mape=0.0336  | FLOOR smape=0.0340
         laya iter 1 -> best_ONLY_DWT_rf conf=0.6313 rank=2
         laya iter 2 -> best_ONLY_DWT_rf conf=0.5698 rank=2
         laya iter 3 -> best_ONLY_DWT_rf conf=0.5698 rank=2
         laya iter 4 -> best_ONLY_DWT_rf conf=0.5698 rank=2
[ 140] median         score= 0.5430 origin=baseline iters=5 stop=no new information in 3 consecutive turns
         TEST  smape=0.0461  rmse=3673.7033  pocid=72.73  mape=0.0466  | FLOOR smape=0.0461
         laya iter 1 -> mean_pool1 conf=0.3416 rank=7
         laya iter 2 -> mean_pool4 conf=0.2853 rank=8
         laya iter 3 -> mean_pool4 conf=0.2853 rank=8
         laya iter 4 -> mean_pool4 conf=0.2853 rank=8
         laya iter 5 -> mean_pool4 conf=0.2853 rank=8
[ 141] mean           score= 0.6247 origin=agent    iters=5 stop=no new information in 3 consecutive turns
         TEST  smape=0.3267  rmse=15.2199  pocid=72.73  mape=0.2704  | FLOOR smape=0.3280
         laya iter 1 -> mean_pool1 conf=0.3351 rank=2
         laya iter 2 -> mean_pool4 conf=0.2878 rank=1
         laya iter 3 -> mean_pool4 conf=0.2878 rank=1
         laya iter 4 -> mean_pool4 conf=0.2878 rank=1
         laya iter 5 -> mean_pool4 conf=0.2878 rank=1
[ 142] trimmed_mean   score= 0.5347 origin=baseline iters=5 stop=no new information in 3 consecutive turns
         TEST  smape=0.0688  rmse=3949.6556  pocid=72.73  mape=0.0659  | FLOOR smape=0.0688
         laya iter 1 -> mean_pool1 conf=0.3421 rank=2
         laya iter 2 -> mean_pool4 conf=0.2594 rank=10
         laya iter 3 -> mean_pool4 conf=0.2594 rank=10
         laya iter 4 -> mean_pool4 conf=0.2594 rank=10
         laya iter 5 -> mean_pool4 conf=0.2594 rank=10
[ 143] median         score= 0.6735 origin=baseline iters=4 stop=no new information in 3 consecutive turns
         TEST  smape=0.6512  rmse=5112.7161  pocid=45.45  mape=0.4876  | FLOOR smape=0.6512
         laya iter 1 -> best_ONLY_DWT_catboost conf=0.3181 rank=2
         laya iter 2 -> best_ONLY_DWT_catboost conf=0.3469 rank=2
         laya iter 3 -> best_ONLY_DWT_catboost conf=0.3469 rank=2
         laya iter 4 -> best_ONLY_DWT_catboost conf=0.3469 rank=2
[ 144] mean           score= 0.4742 origin=agent    iters=5 stop=no new information in 3 consecutive turns
         TEST  smape=0.0573  rmse=6476.1054  pocid=81.82  mape=0.0553  | FLOOR smape=0.0574
         laya iter 1 -> mean_pool1 conf=0.2806 rank=2
         laya iter 2 -> mean_pool4 conf=0.261 rank=1
         laya iter 3 -> mean_pool4 conf=0.261 rank=1
         laya iter 4 -> mean_pool4 conf=0.261 rank=1
         laya iter 5 -> mean_pool4 conf=0.261 rank=1
[ 145] best_single    score= 0.6117 origin=agent    iters=4 stop=no new information in 3 consecutive turns
         TEST  smape=0.1671  rmse=38.9373  pocid=45.45  mape=0.1932  | FLOOR smape=0.1305
         laya iter 1 -> best_ONLY_FT_rf conf=0.6041 rank=1
         laya iter 2 -> best_ONLY_FT_rf conf=0.7028 rank=1
         laya iter 3 -> best_ONLY_FT_rf conf=0.7028 rank=1
         laya iter 4 -> best_ONLY_FT_rf conf=0.7028 rank=1
[ 146] best_single    score= 0.6358 origin=agent    iters=4 stop=no new information in 3 consecutive turns
         TEST  smape=0.0867  rmse=19101.5821  pocid=54.55  mape=0.0906  | FLOOR smape=0.0636
         laya iter 1 -> best_ONLY_DWT_rf conf=0.4626 rank=1
         laya iter 2 -> best_ONLY_DWT_rf conf=0.4625 rank=1
         laya iter 3 -> best_ONLY_DWT_rf conf=0.4625 rank=1
         laya iter 4 -> best_ONLY_DWT_rf conf=0.4625 rank=1
[ 147] best_single    score= 0.5824 origin=agent    iters=4 stop=no new information in 3 consecutive turns
         TEST  smape=0.0718  rmse=2621.2998  pocid=90.91  mape=0.0730  | FLOOR smape=0.0712
         laya iter 1 -> best_FT_rf conf=0.6465 rank=1
         laya iter 2 -> best_FT_rf conf=0.7958 rank=1
         laya iter 3 -> best_FT_rf conf=0.7958 rank=1
         laya iter 4 -> best_FT_rf conf=0.7958 rank=1
[ 148] best_single    score= 0.5407 origin=agent    iters=5 stop=no new information in 3 consecutive turns
         TEST  smape=0.0485  rmse=194.0153  pocid=100.00  mape=0.0470  | FLOOR smape=0.0454
         laya iter 1 -> mean_pool1 conf=0.3309 rank=2
         laya iter 2 -> best_ETS conf=0.3358 rank=1
         laya iter 3 -> best_ETS conf=0.3358 rank=1
         laya iter 4 -> best_ETS conf=0.3358 rank=1
         laya iter 5 -> best_ETS conf=0.3358 rank=1
[ 149] dba            score= 0.6525 origin=baseline iters=5 stop=no new information in 3 consecutive turns
         TEST  smape=0.6712  rmse=16730.0623  pocid=54.55  mape=0.4969  | FLOOR smape=0.6712
         laya iter 1 -> mean_pool1 conf=0.2743 rank=8
         laya iter 2 -> mean_pool4 conf=0.2353 rank=10
         laya iter 3 -> mean_pool4 conf=0.2353 rank=10
         laya iter 4 -> mean_pool4 conf=0.2353 rank=10
         laya iter 5 -> mean_pool4 conf=0.2353 rank=10
[ 150] dba            score= 0.6017 origin=baseline iters=5 stop=no new information in 3 consecutive turns
         TEST  smape=0.0311  rmse=780.9135  pocid=63.64  mape=0.0310  | FLOOR smape=0.0311
         laya iter 1 -> mean_pool1 conf=0.3115 rank=8
         laya iter 2 -> mean_pool4 conf=0.272 rank=8
         laya iter 3 -> mean_pool4 conf=0.272 rank=8
         laya iter 4 -> mean_pool4 conf=0.272 rank=8
         laya iter 5 -> mean_pool4 conf=0.272 rank=8
[ 151] trimmed_mean   score= 0.6335 origin=baseline iters=5 stop=no new information in 3 consecutive turns
         TEST  smape=0.0417  rmse=2503.1066  pocid=63.64  mape=0.0409  | FLOOR smape=0.0417
         laya iter 1 -> mean_pool1 conf=0.2899 rank=8
         laya iter 2 -> mean_pool4 conf=0.2659 rank=8
         laya iter 3 -> mean_pool4 conf=0.2659 rank=8
         laya iter 4 -> mean_pool4 conf=0.2659 rank=8
         laya iter 5 -> mean_pool4 conf=0.2659 rank=8
[ 152] best_single    score= 0.5442 origin=agent    iters=5 stop=no new information in 3 consecutive turns
         TEST  smape=0.0453  rmse=800.1632  pocid=81.82  mape=0.0443  | FLOOR smape=0.0434
         laya iter 1 -> mean_pool1 conf=0.3444 rank=2
         laya iter 2 -> best_ETS conf=0.3309 rank=1
         laya iter 3 -> best_ETS conf=0.3309 rank=1
         laya iter 4 -> best_ETS conf=0.3309 rank=1
         laya iter 5 -> best_ETS conf=0.3309 rank=1
[ 153] best_single    score= 0.5568 origin=agent    iters=4 stop=no new information in 3 consecutive turns
         TEST  smape=0.0353  rmse=30707.9330  pocid=72.73  mape=0.0346  | FLOOR smape=0.0341
         laya iter 1 -> best_ONLY_CWT_rf conf=0.991 rank=1
         laya iter 2 -> best_ONLY_CWT_rf conf=0.9918 rank=1
         laya iter 3 -> best_ONLY_CWT_rf conf=0.9918 rank=1
         laya iter 4 -> best_ONLY_CWT_rf conf=0.9918 rank=1
[ 154] best_single    score= 0.6231 origin=agent    iters=5 stop=no new information in 3 consecutive turns
         TEST  smape=0.2004  rmse=5787.6167  pocid=54.55  mape=0.1809  | FLOOR smape=0.2957
         laya iter 1 -> mean_pool1 conf=0.2619 rank=7
         laya iter 2 -> best_FT_rf conf=0.2649 rank=1
         laya iter 3 -> best_FT_rf conf=0.2649 rank=1
         laya iter 4 -> best_FT_rf conf=0.2649 rank=1
         laya iter 5 -> best_FT_rf conf=0.2649 rank=1
[ 155] mean           score= 0.6741 origin=baseline iters=4 stop=no new information in 3 consecutive turns
         TEST  smape=0.1033  rmse=17.7444  pocid=90.91  mape=0.1066  | FLOOR smape=0.1033
         laya iter 1 -> best_ONLY_DWT_rf conf=0.3831 rank=2
         laya iter 2 -> best_ONLY_DWT_rf conf=0.44 rank=2
         laya iter 3 -> best_ONLY_DWT_rf conf=0.44 rank=2
         laya iter 4 -> best_ONLY_DWT_rf conf=0.44 rank=2
[ 156] best_single    score= 0.6539 origin=agent    iters=5 stop=no new information in 3 consecutive turns
         TEST  smape=0.1422  rmse=16.9211  pocid=45.45  mape=0.1346  | FLOOR smape=0.1226
         laya iter 1 -> mean_pool1 conf=0.3373 rank=2
         laya iter 2 -> best_FT_rf conf=0.3253 rank=1
         laya iter 3 -> best_FT_rf conf=0.3253 rank=1
         laya iter 4 -> best_FT_rf conf=0.3253 rank=1
         laya iter 5 -> best_FT_rf conf=0.3253 rank=1
[ 157] best_single    score= 0.4772 origin=agent    iters=4 stop=no new information in 3 consecutive turns
         TEST  smape=0.3425  rmse=1205.8907  pocid=63.64  mape=0.2809  | FLOOR smape=0.3502
         laya iter 1 -> best_FT_catboost conf=0.3286 rank=1
         laya iter 2 -> best_FT_catboost conf=0.3425 rank=1
         laya iter 3 -> best_FT_catboost conf=0.3425 rank=1
         laya iter 4 -> best_FT_catboost conf=0.3425 rank=1
[ 158] mean           score= 0.5245 origin=agent    iters=5 stop=no new information in 3 consecutive turns
         TEST  smape=0.0492  rmse=893.2549  pocid=63.64  mape=0.0478  | FLOOR smape=0.0414
         laya iter 1 -> mean_pool1 conf=0.3418 rank=3
         laya iter 2 -> mean_pool4 conf=0.3035 rank=1
         laya iter 3 -> mean_pool4 conf=0.3035 rank=1
         laya iter 4 -> mean_pool4 conf=0.3035 rank=1
         laya iter 5 -> mean_pool4 conf=0.3035 rank=1
[ 159] trimmed_mean   score= 0.5770 origin=baseline iters=5 stop=no new information in 3 consecutive turns
         TEST  smape=0.0507  rmse=17653.4035  pocid=90.91  mape=0.0499  | FLOOR smape=0.0507
         laya iter 1 -> mean_pool1 conf=0.2784 rank=6
         laya iter 2 -> mean_pool4 conf=0.2549 rank=8
         laya iter 3 -> mean_pool4 conf=0.2549 rank=8
         laya iter 4 -> mean_pool4 conf=0.2549 rank=8
         laya iter 5 -> mean_pool4 conf=0.2549 rank=8
[ 160] dba            score= 0.6697 origin=baseline iters=4 stop=no new information in 3 consecutive turns
         TEST  smape=0.1737  rmse=1187.7709  pocid=72.73  mape=0.1556  | FLOOR smape=0.1737
         laya iter 1 -> best_ETS conf=0.3413 rank=4
         laya iter 2 -> best_ETS conf=0.3725 rank=4
         laya iter 3 -> best_ETS conf=0.3725 rank=4
         laya iter 4 -> best_ETS conf=0.3725 rank=4
[ 161] mean           score= 0.5409 origin=agent    iters=5 stop=no new information in 3 consecutive turns
         TEST  smape=0.0768  rmse=32357.0632  pocid=72.73  mape=0.0744  | FLOOR smape=0.0798
         laya iter 1 -> mean_pool1 conf=0.2639 rank=2
         laya iter 2 -> mean_pool4 conf=0.2206 rank=1
         laya iter 3 -> mean_pool4 conf=0.2206 rank=1
         laya iter 4 -> mean_pool4 conf=0.2206 rank=1
         laya iter 5 -> mean_pool4 conf=0.2206 rank=1
[ 162] dba            score= 0.6645 origin=baseline iters=5 stop=no new information in 3 consecutive turns
         TEST  smape=0.0649  rmse=5910.2261  pocid=72.73  mape=0.0664  | FLOOR smape=0.0649
         laya iter 1 -> mean_pool1 conf=0.3654 rank=5
         laya iter 2 -> mean_pool4 conf=0.3022 rank=10
         laya iter 3 -> mean_pool4 conf=0.3022 rank=10
         laya iter 4 -> mean_pool4 conf=0.3022 rank=10
         laya iter 5 -> mean_pool4 conf=0.3022 rank=10
[ 163] median         score= 0.6237 origin=baseline iters=5 stop=no new information in 3 consecutive turns
         TEST  smape=0.0479  rmse=6365.7596  pocid=63.64  mape=0.0482  | FLOOR smape=0.0479
         laya iter 1 -> mean_pool1 conf=0.2859 rank=9
         laya iter 2 -> mean_pool4 conf=0.2345 rank=9
         laya iter 3 -> mean_pool4 conf=0.2345 rank=9
         laya iter 4 -> mean_pool4 conf=0.2345 rank=9
         laya iter 5 -> mean_pool4 conf=0.2345 rank=9
[ 164] dba            score= 0.6458 origin=baseline iters=5 stop=no new information in 3 consecutive turns
         TEST  smape=0.0406  rmse=2585.7250  pocid=63.64  mape=0.0394  | FLOOR smape=0.0406
         laya iter 1 -> mean_pool1 conf=0.3338 rank=8
         laya iter 2 -> mean_pool4 conf=0.2971 rank=10
         laya iter 3 -> mean_pool4 conf=0.2971 rank=10
         laya iter 4 -> mean_pool4 conf=0.2971 rank=10
         laya iter 5 -> mean_pool4 conf=0.2971 rank=10
[ 165] best_single    score= 0.5788 origin=agent    iters=4 stop=no new information in 3 consecutive turns
         TEST  smape=0.0445  rmse=32571.2481  pocid=63.64  mape=0.0442  | FLOOR smape=0.0492
         laya iter 1 -> best_ONLY_DWT_rf conf=0.3076 rank=1
         laya iter 2 -> best_ONLY_DWT_rf conf=0.3182 rank=1
         laya iter 3 -> best_ONLY_DWT_rf conf=0.3182 rank=1
         laya iter 4 -> best_ONLY_DWT_rf conf=0.3182 rank=1
[ 166] trimmed_mean   score= 0.5948 origin=baseline iters=5 stop=no new information in 3 consecutive turns
         TEST  smape=0.0343  rmse=737.0073  pocid=63.64  mape=0.0336  | FLOOR smape=0.0343
         laya iter 1 -> mean_pool1 conf=0.3498 rank=6
         laya iter 2 -> mean_pool4 conf=0.2868 rank=10
         laya iter 3 -> mean_pool4 conf=0.2868 rank=10
         laya iter 4 -> mean_pool4 conf=0.2868 rank=10
         laya iter 5 -> mean_pool4 conf=0.2868 rank=10
[ 167] mean           score= 0.6970 origin=baseline iters=5 stop=no new information in 3 consecutive turns
         TEST  smape=0.3503  rmse=38.9857  pocid=36.36  mape=0.4237  | FLOOR smape=0.3503
         laya iter 1 -> mean_pool1 conf=0.3098 rank=7
         laya iter 2 -> mean_pool4 conf=0.3044 rank=4
         laya iter 3 -> mean_pool4 conf=0.3044 rank=4
         laya iter 4 -> mean_pool4 conf=0.3044 rank=4
         laya iter 5 -> mean_pool4 conf=0.3044 rank=4
[ 168] best_single    score= 0.5684 origin=agent    iters=5 stop=no new information in 3 consecutive turns
         TEST  smape=0.0503  rmse=13782.7859  pocid=36.36  mape=0.0489  | FLOOR smape=0.0418
         laya iter 1 -> mean_pool1 conf=0.2981 rank=9
         laya iter 2 -> best_ONLY_DWT_catboost conf=0.2757 rank=1
         laya iter 3 -> best_ONLY_DWT_catboost conf=0.2757 rank=1
         laya iter 4 -> best_ONLY_DWT_catboost conf=0.2757 rank=1
         laya iter 5 -> best_ONLY_DWT_catboost conf=0.2757 rank=1
[ 169] trimmed_mean   score= 0.4883 origin=baseline iters=5 stop=no new information in 3 consecutive turns
         TEST  smape=0.0866  rmse=3980.8161  pocid=72.73  mape=0.0803  | FLOOR smape=0.0866
         laya iter 1 -> mean_pool1 conf=0.3777 rank=2
         laya iter 2 -> mean_pool4 conf=0.2877 rank=3
         laya iter 3 -> mean_pool4 conf=0.2877 rank=3
         laya iter 4 -> mean_pool4 conf=0.2877 rank=3
         laya iter 5 -> mean_pool4 conf=0.2877 rank=3
[ 170] best_single    score= 0.4895 origin=agent    iters=5 stop=no new information in 3 consecutive turns
         TEST  smape=0.0557  rmse=2984.4128  pocid=63.64  mape=0.0542  | FLOOR smape=0.0484
         laya iter 1 -> mean_pool1 conf=0.3241 rank=8
         laya iter 2 -> best_ARIMA conf=0.3046 rank=1
         laya iter 3 -> best_ARIMA conf=0.3046 rank=1
         laya iter 4 -> best_ARIMA conf=0.3046 rank=1
         laya iter 5 -> best_ARIMA conf=0.3046 rank=1
[ 171] dba            score= 0.6288 origin=baseline iters=5 stop=no new information in 3 consecutive turns
         TEST  smape=0.0590  rmse=3120.9711  pocid=81.82  mape=0.0566  | FLOOR smape=0.0590
         laya iter 1 -> mean_pool1 conf=0.2564 rank=9
         laya iter 2 -> best_DWT_rf conf=0.2673 rank=2
         laya iter 3 -> best_DWT_rf conf=0.2673 rank=2
         laya iter 4 -> best_DWT_rf conf=0.2673 rank=2
         laya iter 5 -> best_DWT_rf conf=0.2673 rank=2
[ 172] best_single    score= 0.4381 origin=agent    iters=4 stop=no new information in 3 consecutive turns
         TEST  smape=0.1503  rmse=306.7160  pocid=54.55  mape=0.1380  | FLOOR smape=0.1332
         laya iter 1 -> best_ETS conf=0.3609 rank=1
         laya iter 2 -> best_ETS conf=0.3864 rank=1
         laya iter 3 -> best_ETS conf=0.3864 rank=1
         laya iter 4 -> best_ETS conf=0.3864 rank=1
[ 173] best_single    score= 0.5895 origin=agent    iters=4 stop=no new information in 3 consecutive turns
         TEST  smape=0.2272  rmse=277.8467  pocid=63.64  mape=0.2067  | FLOOR smape=0.2018
         laya iter 1 -> best_THETA conf=0.3265 rank=1
         laya iter 2 -> best_THETA conf=0.3864 rank=1
         laya iter 3 -> best_THETA conf=0.3864 rank=1
         laya iter 4 -> best_THETA conf=0.3864 rank=1
[ 174] best_single    score= 0.5950 origin=agent    iters=5 stop=no new information in 3 consecutive turns
         TEST  smape=0.0590  rmse=1178.9465  pocid=54.55  mape=0.0564  | FLOOR smape=0.0549
         laya iter 1 -> mean_pool1 conf=0.2818 rank=7
         laya iter 2 -> best_DWT_catboost conf=0.2882 rank=1
         laya iter 3 -> best_DWT_catboost conf=0.2882 rank=1
         laya iter 4 -> best_DWT_catboost conf=0.2882 rank=1
         laya iter 5 -> best_DWT_catboost conf=0.2882 rank=1
[ 175] mean           score= 0.5917 origin=baseline iters=5 stop=no new information in 3 consecutive turns
         TEST  smape=0.0319  rmse=587.1865  pocid=81.82  mape=0.0320  | FLOOR smape=0.0319
         laya iter 1 -> mean_pool1 conf=0.3121 rank=1
         laya iter 2 -> mean_pool4 conf=0.2367 rank=5
         laya iter 3 -> mean_pool4 conf=0.2367 rank=5
         laya iter 4 -> mean_pool4 conf=0.2367 rank=5
         laya iter 5 -> mean_pool4 conf=0.2367 rank=5
[ 176] median         score= 0.4742 origin=baseline iters=5 stop=no new information in 3 consecutive turns
         TEST  smape=0.1105  rmse=6131.7362  pocid=81.82  mape=0.1040  | FLOOR smape=0.1105
         laya iter 1 -> mean_pool1 conf=0.4098 rank=2
         laya iter 2 -> mean_pool4 conf=0.3385 rank=3
         laya iter 3 -> mean_pool4 conf=0.3385 rank=3
         laya iter 4 -> mean_pool4 conf=0.3385 rank=3
         laya iter 5 -> mean_pool4 conf=0.3385 rank=3
[ 177] mean           score= 0.4406 origin=baseline iters=4 stop=no new information in 3 consecutive turns
         TEST  smape=0.2371  rmse=2319.2196  pocid=72.73  mape=0.2004  | FLOOR smape=0.2371
         laya iter 1 -> best_NaiveSeasonal conf=0.3821 rank=2
         laya iter 2 -> best_NaiveSeasonal conf=0.4669 rank=2
         laya iter 3 -> best_NaiveSeasonal conf=0.4669 rank=2
         laya iter 4 -> best_NaiveSeasonal conf=0.4669 rank=2
[ 178] best_single    score= 0.6074 origin=agent    iters=4 stop=no new information in 3 consecutive turns
         TEST  smape=0.2356  rmse=44.4890  pocid=54.55  mape=0.2268  | FLOOR smape=0.2115
         laya iter 1 -> best_ETS conf=0.391 rank=1
         laya iter 2 -> best_ETS conf=0.4811 rank=1
         laya iter 3 -> best_ETS conf=0.4811 rank=1
         laya iter 4 -> best_ETS conf=0.4811 rank=1
[ 179] best_single    score= 0.6216 origin=agent    iters=4 stop=no new information in 3 consecutive turns
         TEST  smape=0.1024  rmse=32.7210  pocid=72.73  mape=0.0949  | FLOOR smape=0.1076
         laya iter 1 -> best_rf conf=0.5106 rank=1
         laya iter 2 -> best_rf conf=0.6109 rank=1
         laya iter 3 -> best_rf conf=0.6109 rank=1
         laya iter 4 -> best_rf conf=0.6109 rank=1
[ 180] median         score= 0.6805 origin=baseline iters=5 stop=no new information in 3 consecutive turns
         TEST  smape=0.0995  rmse=14765.0166  pocid=63.64  mape=0.0939  | FLOOR smape=0.0995
         laya iter 1 -> mean_pool1 conf=0.2866 rank=7
         laya iter 2 -> mean_pool4 conf=0.2349 rank=10
         laya iter 3 -> mean_pool4 conf=0.2349 rank=10
         laya iter 4 -> mean_pool4 conf=0.2349 rank=10
         laya iter 5 -> mean_pool4 conf=0.2349 rank=10
[ 181] mean           score= 0.5000 origin=agent    iters=5 stop=no new information in 3 consecutive turns
         TEST  smape=0.0378  rmse=3176.8347  pocid=72.73  mape=0.0385  | FLOOR smape=0.0417
         laya iter 1 -> mean_pool1 conf=0.3392 rank=2
         laya iter 2 -> mean_pool4 conf=0.2656 rank=1
         laya iter 3 -> mean_pool4 conf=0.2656 rank=1
         laya iter 4 -> mean_pool4 conf=0.2656 rank=1
         laya iter 5 -> mean_pool4 conf=0.2656 rank=1
--------------------------------------------------------------------------
done in 38.9s | ok: 182 | failed: 0
DATASET SUMMARY over 182 series (mean across series):
  this run   smape=0.2208  rmse=6588.6177  pocid=63.29  mape=1810385540055726.0000  mae=5734.4469
  baseline   smape=0.2212  rmse=6361.3526  pocid=62.14  mape=1839764113501077.5000  <- this run is WORSE than the seed floor
  mean       smape=0.2206  rmse=6315.3736  pocid=61.89  mape=2069887256147612.2500
  median     smape=0.2194  rmse=6388.0611  pocid=61.94  mape=1847438750372403.0000
  dba        smape=0.2252  rmse=6398.3966  pocid=60.54  mape=2360707168394951.5000
  ADE        smape=0.2177  rmse=6137.6834  pocid=62.39  mape=2082486066574125.0000
  FFORMA     smape=0.2166  rmse=6035.2411  pocid=65.13  mape=2022245026195087.0000
csv: ./timeseries/mestrado/resultados/orchestrator_laya_laya_v0/ANP_MONTHLY.csv
===== NN5_WEEKLY_DATASET (english) -> version laya_v0 =====
dataset      : NN5_WEEKLY_DATASET
source       : nn5_weekly_dataset.tsf
models       : 19
agent        : laya-english (max_len=None)
writing to   : ./timeseries/mestrado/resultados/orchestrator_laya_laya_v0
--------------------------------------------------------------------------
/home/lucas.castro/.conda/envs/agno/lib/python3.11/site-packages/tslearn/bases/bases.py:15: UserWarning: h5py not installed, hdf5 features will not be supported.
Install h5py to use hdf5 features: http://docs.h5py.org/
  warn(h5py_msg)
Fetching 5 files:   0%|          | 0/5 [00:00<?, ?it/s]Fetching 5 files: 100%|██████████| 5/5 [00:00<00:00, 2732.80it/s]
/home/lucas.castro/.conda/envs/agno/lib/python3.11/site-packages/laya/agent.py:928: RuntimeWarning: laya: this checkpoint ships invalid temperatures or values outside [0.5, 5]; using choice:11+=0.10058280825614929 -> 0.5. Treat confidence from the affected entries as uncalibrated.
  return Agent(model_id_or_path, device=device, token=token, subfolder=subfolder, fast=fast,
[   0] best_single    score= 0.6156 origin=agent    iters=4 stop=no new information in 3 consecutive turns
         TEST  smape=0.0409  rmse=14.5924  pocid=42.86  mape=0.0399  | FLOOR smape=0.0422
         laya iter 1 -> best_ONLY_FT_rf conf=0.6678 rank=1
         laya iter 2 -> best_ONLY_FT_rf conf=0.813 rank=1
         laya iter 3 -> best_ONLY_FT_rf conf=0.813 rank=1
         laya iter 4 -> best_ONLY_FT_rf conf=0.813 rank=1
[   1] trimmed_mean   score= 0.5579 origin=baseline iters=5 stop=no new information in 3 consecutive turns
         TEST  smape=0.1090  rmse=16.3937  pocid=28.57  mape=0.1027  | FLOOR smape=0.1090
         laya iter 1 -> mean_pool1 conf=0.3593 rank=2
         laya iter 2 -> mean_pool4 conf=0.311 rank=2
         laya iter 3 -> mean_pool4 conf=0.311 rank=2
         laya iter 4 -> mean_pool4 conf=0.311 rank=2
         laya iter 5 -> mean_pool4 conf=0.311 rank=2
[   2] trimmed_mean   score= 0.6171 origin=baseline iters=4 stop=no new information in 3 consecutive turns
         TEST  smape=0.0697  rmse=16.1184  pocid=42.86  mape=0.0702  | FLOOR smape=0.0697
         laya iter 1 -> best_CWT_rf conf=0.3699 rank=2
         laya iter 2 -> best_CWT_rf conf=0.4366 rank=2
         laya iter 3 -> best_CWT_rf conf=0.4366 rank=2
         laya iter 4 -> best_CWT_rf conf=0.4366 rank=2
[   3] dba            score= 0.7144 origin=baseline iters=3 stop=no new information in 3 consecutive turns
         TEST  smape=0.0826  rmse=16.0588  pocid=28.57  mape=0.0857  | FLOOR smape=0.0826
         laya iter 1 -> mean_pool_full conf=0.3905 rank=2
         laya iter 2 -> mean_pool_full conf=0.2831 rank=2
         laya iter 3 -> mean_pool_full conf=0.2831 rank=2
[   4] best_single    score= 0.6904 origin=agent    iters=4 stop=no new information in 3 consecutive turns
         TEST  smape=0.0956  rmse=20.3402  pocid=42.86  mape=0.0917  | FLOOR smape=0.0998
         laya iter 1 -> best_DWT_rf conf=0.4226 rank=1
         laya iter 2 -> best_DWT_rf conf=0.5254 rank=1
         laya iter 3 -> best_DWT_rf conf=0.5254 rank=1
         laya iter 4 -> best_DWT_rf conf=0.5254 rank=1
[   5] best_single    score= 0.5947 origin=agent    iters=5 stop=no new information in 3 consecutive turns
         TEST  smape=0.1176  rmse=21.4997  pocid=42.86  mape=0.1368  | FLOOR smape=0.1078
         laya iter 1 -> mean_pool_full conf=0.325 rank=3
         laya iter 2 -> best_DWT_catboost conf=0.2667 rank=1
         laya iter 3 -> best_DWT_catboost conf=0.2667 rank=1
         laya iter 4 -> best_DWT_catboost conf=0.2667 rank=1
         laya iter 5 -> best_DWT_catboost conf=0.2667 rank=1
[   6] mean           score= 0.4362 origin=baseline iters=5 stop=no new information in 3 consecutive turns
         TEST  smape=0.1187  rmse=21.3796  pocid=14.29  mape=0.1099  | FLOOR smape=0.1187
         laya iter 1 -> mean_pool1 conf=0.3961 rank=1
         laya iter 2 -> mean_pool4 conf=0.3148 rank=2
         laya iter 3 -> mean_pool4 conf=0.3148 rank=2
         laya iter 4 -> mean_pool4 conf=0.3148 rank=2
         laya iter 5 -> mean_pool4 conf=0.3148 rank=2
[   7] mean           score= 0.7429 origin=baseline iters=5 stop=no new information in 3 consecutive turns
         TEST  smape=0.1228  rmse=18.4162  pocid=42.86  mape=0.1297  | FLOOR smape=0.1228
         laya iter 1 -> mean_pool1 conf=0.3841 rank=6
         laya iter 2 -> mean_pool4 conf=0.3149 rank=8
         laya iter 3 -> mean_pool4 conf=0.3149 rank=8
         laya iter 4 -> mean_pool4 conf=0.3149 rank=8
         laya iter 5 -> mean_pool4 conf=0.3149 rank=8
[   8] best_single    score= 0.6115 origin=agent    iters=5 stop=no new information in 3 consecutive turns
         TEST  smape=0.1034  rmse=7.3099  pocid=0.00  mape=0.1082  | FLOOR smape=0.1042
         laya iter 1 -> mean_pool1 conf=0.3405 rank=6
         laya iter 2 -> best_ETS conf=0.3104 rank=1
         laya iter 3 -> best_ETS conf=0.3104 rank=1
         laya iter 4 -> best_ETS conf=0.3104 rank=1
         laya iter 5 -> best_ETS conf=0.3104 rank=1
[   9] mean           score= 0.7333 origin=baseline iters=5 stop=no new information in 3 consecutive turns
         TEST  smape=0.1040  rmse=17.5233  pocid=28.57  mape=0.0998  | FLOOR smape=0.1040
         laya iter 1 -> mean_pool1 conf=0.3488 rank=9
         laya iter 2 -> mean_pool4 conf=0.2883 rank=10
         laya iter 3 -> mean_pool4 conf=0.2883 rank=10
         laya iter 4 -> mean_pool4 conf=0.2883 rank=10
         laya iter 5 -> mean_pool4 conf=0.2883 rank=10
[  10] best_single    score= 0.4309 origin=agent    iters=4 stop=no new information in 3 consecutive turns
         TEST  smape=0.1371  rmse=23.3183  pocid=57.14  mape=0.1310  | FLOOR smape=0.1199
         laya iter 1 -> best_ETS conf=0.5605 rank=1
         laya iter 2 -> best_ETS conf=0.7108 rank=1
         laya iter 3 -> best_ETS conf=0.7108 rank=1
         laya iter 4 -> best_ETS conf=0.7108 rank=1
[  11] best_single    score= 0.5764 origin=agent    iters=5 stop=no new information in 3 consecutive turns
         TEST  smape=0.2058  rmse=22.6721  pocid=14.29  mape=0.1901  | FLOOR smape=0.1394
         laya iter 1 -> mean_pool1 conf=0.3358 rank=1
         laya iter 2 -> best_ONLY_FT_catboost conf=0.2952 rank=1
         laya iter 3 -> best_ONLY_FT_catboost conf=0.2952 rank=1
         laya iter 4 -> best_ONLY_FT_catboost conf=0.2952 rank=1
         laya iter 5 -> best_ONLY_FT_catboost conf=0.2952 rank=1
[  12] mean           score= 0.6331 origin=baseline iters=5 stop=no new information in 3 consecutive turns
         TEST  smape=0.1194  rmse=19.5971  pocid=28.57  mape=0.1159  | FLOOR smape=0.1194
         laya iter 1 -> mean_pool1 conf=0.3525 rank=4
         laya iter 2 -> mean_pool4 conf=0.2732 rank=4
         laya iter 3 -> mean_pool4 conf=0.2732 rank=4
         laya iter 4 -> mean_pool4 conf=0.2732 rank=4
         laya iter 5 -> mean_pool4 conf=0.2732 rank=4
[  13] trimmed_mean   score= 0.6667 origin=baseline iters=5 stop=no new information in 3 consecutive turns
         TEST  smape=0.0794  rmse=12.6205  pocid=42.86  mape=0.0785  | FLOOR smape=0.0794
         laya iter 1 -> mean_pool1 conf=0.3413 rank=2
         laya iter 2 -> mean_pool4 conf=0.2827 rank=7
         laya iter 3 -> mean_pool4 conf=0.2827 rank=7
         laya iter 4 -> mean_pool4 conf=0.2827 rank=7
         laya iter 5 -> mean_pool4 conf=0.2827 rank=7
[  14] mean           score= 0.6857 origin=baseline iters=3 stop=no new information in 3 consecutive turns
         TEST  smape=0.0704  rmse=10.8648  pocid=42.86  mape=0.0688  | FLOOR smape=0.0704
         laya iter 1 -> mean_pool_full conf=0.3832 rank=1
         laya iter 2 -> mean_pool_full conf=0.2667 rank=1
         laya iter 3 -> mean_pool_full conf=0.2667 rank=1
[  15] best_single    score= 0.6799 origin=agent    iters=4 stop=no new information in 3 consecutive turns
         TEST  smape=0.0380  rmse=8.5366  pocid=42.86  mape=0.0370  | FLOOR smape=0.0618
         laya iter 1 -> best_ONLY_DWT_rf conf=0.5597 rank=1
         laya iter 2 -> best_ONLY_DWT_rf conf=0.7159 rank=1
         laya iter 3 -> best_ONLY_DWT_rf conf=0.7159 rank=1
         laya iter 4 -> best_ONLY_DWT_rf conf=0.7159 rank=1
[  16] median         score= 0.6431 origin=baseline iters=5 stop=no new information in 3 consecutive turns
         TEST  smape=0.1198  rmse=20.7102  pocid=57.14  mape=0.1218  | FLOOR smape=0.1198
         laya iter 1 -> mean_pool1 conf=0.3552 rank=5
         laya iter 2 -> mean_pool4 conf=0.2588 rank=4
         laya iter 3 -> mean_pool4 conf=0.2588 rank=4
         laya iter 4 -> mean_pool4 conf=0.2588 rank=4
         laya iter 5 -> mean_pool4 conf=0.2588 rank=4
[  17] best_single    score= 0.5436 origin=agent    iters=4 stop=no new information in 3 consecutive turns
         TEST  smape=0.1055  rmse=17.4380  pocid=85.71  mape=0.0994  | FLOOR smape=0.0593
         laya iter 1 -> best_ONLY_FT_rf conf=0.8795 rank=1
         laya iter 2 -> best_ONLY_FT_rf conf=0.9087 rank=1
         laya iter 3 -> best_ONLY_FT_rf conf=0.9087 rank=1
         laya iter 4 -> best_ONLY_FT_rf conf=0.9087 rank=1
[  18] mean           score= 0.7048 origin=baseline iters=5 stop=no new information in 3 consecutive turns
         TEST  smape=0.0528  rmse=14.4762  pocid=28.57  mape=0.0561  | FLOOR smape=0.0528
         laya iter 1 -> mean_pool1 conf=0.3397 rank=9
         laya iter 2 -> mean_pool4 conf=0.2465 rank=2
         laya iter 3 -> mean_pool4 conf=0.2465 rank=2
         laya iter 4 -> mean_pool4 conf=0.2465 rank=2
         laya iter 5 -> mean_pool4 conf=0.2465 rank=2
[  19] best_single    score= 0.6635 origin=agent    iters=4 stop=no new information in 3 consecutive turns
         TEST  smape=0.0632  rmse=10.6157  pocid=57.14  mape=0.0610  | FLOOR smape=0.0718
         laya iter 1 -> best_ETS conf=0.3442 rank=1
         laya iter 2 -> best_ETS conf=0.3301 rank=1
         laya iter 3 -> best_ETS conf=0.3301 rank=1
         laya iter 4 -> best_ETS conf=0.3301 rank=1
[  20] median         score= 0.7064 origin=baseline iters=5 stop=no new information in 3 consecutive turns
         TEST  smape=0.0908  rmse=11.7390  pocid=71.43  mape=0.0914  | FLOOR smape=0.0908
         laya iter 1 -> mean_pool1 conf=0.317 rank=9
         laya iter 2 -> best_ETS conf=0.3279 rank=8
         laya iter 3 -> best_ETS conf=0.3279 rank=8
         laya iter 4 -> best_ETS conf=0.3279 rank=8
         laya iter 5 -> best_ETS conf=0.3279 rank=8
[  21] mean           score= 0.6741 origin=agent    iters=5 stop=no new information in 3 consecutive turns
         TEST  smape=0.0951  rmse=13.6591  pocid=28.57  mape=0.0898  | FLOOR smape=0.0713
         laya iter 1 -> mean_pool1 conf=0.4232 rank=9
         laya iter 2 -> mean_pool4 conf=0.3351 rank=1
         laya iter 3 -> mean_pool4 conf=0.3351 rank=1
         laya iter 4 -> mean_pool4 conf=0.3351 rank=1
         laya iter 5 -> mean_pool4 conf=0.3351 rank=1
[  22] trimmed_mean   score= 0.5867 origin=baseline iters=3 stop=no new information in 3 consecutive turns
         TEST  smape=0.1238  rmse=11.0990  pocid=71.43  mape=0.1181  | FLOOR smape=0.1238
         laya iter 1 -> mean_pool_full conf=0.4096 rank=7
         laya iter 2 -> mean_pool_full conf=0.3224 rank=7
         laya iter 3 -> mean_pool_full conf=0.3224 rank=7
[  23] median         score= 0.6780 origin=baseline iters=5 stop=no new information in 3 consecutive turns
         TEST  smape=0.1646  rmse=40.6866  pocid=28.57  mape=0.1934  | FLOOR smape=0.1646
         laya iter 1 -> mean_pool1 conf=0.3268 rank=5
         laya iter 2 -> mean_pool4 conf=0.273 rank=6
         laya iter 3 -> mean_pool4 conf=0.273 rank=6
         laya iter 4 -> mean_pool4 conf=0.273 rank=6
         laya iter 5 -> mean_pool4 conf=0.273 rank=6
[  24] mean           score= 0.6688 origin=baseline iters=5 stop=no new information in 3 consecutive turns
         TEST  smape=0.0586  rmse=11.3368  pocid=71.43  mape=0.0620  | FLOOR smape=0.0586
         laya iter 1 -> mean_pool1 conf=0.3718 rank=1
         laya iter 2 -> mean_pool4 conf=0.2421 rank=4
         laya iter 3 -> mean_pool4 conf=0.2421 rank=4
         laya iter 4 -> mean_pool4 conf=0.2421 rank=4
         laya iter 5 -> mean_pool4 conf=0.2421 rank=4
[  25] mean           score= 0.7429 origin=baseline iters=5 stop=no new information in 3 consecutive turns
         TEST  smape=0.1342  rmse=19.5075  pocid=28.57  mape=0.1334  | FLOOR smape=0.1342
         laya iter 1 -> mean_pool1 conf=0.3467 rank=3
         laya iter 2 -> mean_pool4 conf=0.2517 rank=8
         laya iter 3 -> mean_pool4 conf=0.2517 rank=8
         laya iter 4 -> mean_pool4 conf=0.2517 rank=8
         laya iter 5 -> mean_pool4 conf=0.2517 rank=8
[  26] mean           score= 0.5939 origin=baseline iters=5 stop=no new information in 3 consecutive turns
         TEST  smape=0.1354  rmse=9.6349  pocid=71.43  mape=0.1554  | FLOOR smape=0.1354
         laya iter 1 -> mean_pool1 conf=0.3608 rank=1
         laya iter 2 -> mean_pool4 conf=0.278 rank=10
         laya iter 3 -> mean_pool4 conf=0.278 rank=10
         laya iter 4 -> mean_pool4 conf=0.278 rank=10
         laya iter 5 -> mean_pool4 conf=0.278 rank=10
[  27] mean           score= 0.6592 origin=baseline iters=5 stop=no new information in 3 consecutive turns
         TEST  smape=0.1222  rmse=17.1321  pocid=42.86  mape=0.1195  | FLOOR smape=0.1222
         laya iter 1 -> mean_pool1 conf=0.3866 rank=3
         laya iter 2 -> mean_pool4 conf=0.2947 rank=2
         laya iter 3 -> mean_pool4 conf=0.2947 rank=2
         laya iter 4 -> mean_pool4 conf=0.2947 rank=2
         laya iter 5 -> mean_pool4 conf=0.2947 rank=2
[  28] mean           score= 0.6828 origin=baseline iters=5 stop=no new information in 3 consecutive turns
         TEST  smape=0.1011  rmse=23.0454  pocid=42.86  mape=0.1058  | FLOOR smape=0.1011
         laya iter 1 -> mean_pool1 conf=0.3534 rank=9
         laya iter 2 -> best_FT_catboost conf=0.3132 rank=5
         laya iter 3 -> best_FT_catboost conf=0.3132 rank=5
         laya iter 4 -> best_FT_catboost conf=0.3132 rank=5
         laya iter 5 -> best_FT_catboost conf=0.3132 rank=5
[  29] median         score= 0.5504 origin=baseline iters=5 stop=no new information in 3 consecutive turns
         TEST  smape=0.1508  rmse=19.8722  pocid=57.14  mape=0.1752  | FLOOR smape=0.1508
         laya iter 1 -> mean_pool1 conf=0.3406 rank=6
         laya iter 2 -> mean_pool4 conf=0.2304 rank=8
         laya iter 3 -> mean_pool4 conf=0.2304 rank=8
         laya iter 4 -> mean_pool4 conf=0.2304 rank=8
         laya iter 5 -> mean_pool4 conf=0.2304 rank=8
[  30] mean           score= 0.6497 origin=baseline iters=5 stop=no new information in 3 consecutive turns
         TEST  smape=0.0645  rmse=9.8088  pocid=42.86  mape=0.0656  | FLOOR smape=0.0645
         laya iter 1 -> mean_pool1 conf=0.3378 rank=6
         laya iter 2 -> mean_pool4 conf=0.2497 rank=2
         laya iter 3 -> mean_pool4 conf=0.2497 rank=2
         laya iter 4 -> mean_pool4 conf=0.2497 rank=2
         laya iter 5 -> mean_pool4 conf=0.2497 rank=2
[  31] best_single    score= 0.6137 origin=agent    iters=4 stop=no new information in 3 consecutive turns
         TEST  smape=0.1881  rmse=30.7578  pocid=28.57  mape=0.2191  | FLOOR smape=0.1713
         laya iter 1 -> best_catboost conf=0.3406 rank=1
         laya iter 2 -> best_catboost conf=0.3424 rank=1
         laya iter 3 -> best_catboost conf=0.3424 rank=1
         laya iter 4 -> best_catboost conf=0.3424 rank=1
[  32] best_single    score= 0.6015 origin=agent    iters=5 stop=no new information in 3 consecutive turns
         TEST  smape=0.1681  rmse=29.8359  pocid=57.14  mape=0.1557  | FLOOR smape=0.1696
         laya iter 1 -> mean_pool1 conf=0.358 rank=6
         laya iter 2 -> best_ETS conf=0.2955 rank=1
         laya iter 3 -> best_ETS conf=0.2955 rank=1
         laya iter 4 -> best_ETS conf=0.2955 rank=1
         laya iter 5 -> best_ETS conf=0.2955 rank=1
[  33] best_single    score= 0.5378 origin=agent    iters=4 stop=no new information in 3 consecutive turns
         TEST  smape=0.0952  rmse=27.7791  pocid=14.29  mape=0.0968  | FLOOR smape=0.0941
         laya iter 1 -> best_catboost conf=0.3661 rank=1
         laya iter 2 -> best_catboost conf=0.4005 rank=1
         laya iter 3 -> best_catboost conf=0.4005 rank=1
         laya iter 4 -> best_catboost conf=0.4005 rank=1
[  34] best_single    score= 0.6120 origin=agent    iters=4 stop=no new information in 3 consecutive turns
         TEST  smape=0.0877  rmse=12.2689  pocid=71.43  mape=0.0875  | FLOOR smape=0.0927
         laya iter 1 -> best_rf conf=0.7727 rank=1
         laya iter 2 -> best_rf conf=0.8185 rank=1
         laya iter 3 -> best_rf conf=0.8185 rank=1
         laya iter 4 -> best_rf conf=0.8185 rank=1
[  35] trimmed_mean   score= 0.6540 origin=baseline iters=5 stop=no new information in 3 consecutive turns
         TEST  smape=0.0974  rmse=9.1676  pocid=85.71  mape=0.1046  | FLOOR smape=0.0974
         laya iter 1 -> mean_pool_full conf=0.3642 rank=5
         laya iter 2 -> best_ONLY_FT_catboost conf=0.3146 rank=3
         laya iter 3 -> best_ONLY_FT_catboost conf=0.3146 rank=3
         laya iter 4 -> best_ONLY_FT_catboost conf=0.3146 rank=3
         laya iter 5 -> best_ONLY_FT_catboost conf=0.3146 rank=3
[  36] median         score= 0.5368 origin=baseline iters=5 stop=no new information in 3 consecutive turns
         TEST  smape=0.2612  rmse=35.4157  pocid=57.14  mape=0.2636  | FLOOR smape=0.2612
         laya iter 1 -> mean_pool1 conf=0.3642 rank=9
         laya iter 2 -> mean_pool4 conf=0.2648 rank=10
         laya iter 3 -> mean_pool4 conf=0.2648 rank=10
         laya iter 4 -> mean_pool4 conf=0.2648 rank=10
         laya iter 5 -> mean_pool4 conf=0.2648 rank=10
[  37] dba            score= 0.6398 origin=baseline iters=5 stop=no new information in 3 consecutive turns
         TEST  smape=0.0559  rmse=15.3509  pocid=42.86  mape=0.0547  | FLOOR smape=0.0559
         laya iter 1 -> mean_pool1 conf=0.354 rank=8
         laya iter 2 -> mean_pool4 conf=0.2616 rank=10
         laya iter 3 -> mean_pool4 conf=0.2616 rank=10
         laya iter 4 -> mean_pool4 conf=0.2616 rank=10
         laya iter 5 -> mean_pool4 conf=0.2616 rank=10
[  38] best_single    score= 0.4351 origin=agent    iters=4 stop=no new information in 3 consecutive turns
         TEST  smape=0.0969  rmse=13.8798  pocid=28.57  mape=0.0936  | FLOOR smape=0.0663
         laya iter 1 -> best_ETS conf=0.5449 rank=1
         laya iter 2 -> best_ETS conf=0.6801 rank=1
         laya iter 3 -> best_ETS conf=0.6801 rank=1
         laya iter 4 -> best_ETS conf=0.6801 rank=1
[  39] best_single    score= 0.6866 origin=agent    iters=5 stop=no new information in 3 consecutive turns
         TEST  smape=0.1217  rmse=18.2437  pocid=28.57  mape=0.1191  | FLOOR smape=0.1228
         laya iter 1 -> mean_pool1 conf=0.2967 rank=8
         laya iter 2 -> best_FT_catboost conf=0.2652 rank=1
         laya iter 3 -> best_FT_catboost conf=0.2652 rank=1
         laya iter 4 -> best_FT_catboost conf=0.2652 rank=1
         laya iter 5 -> best_FT_catboost conf=0.2652 rank=1
[  40] mean           score= 0.6571 origin=baseline iters=5 stop=no new information in 3 consecutive turns
         TEST  smape=0.1226  rmse=18.5063  pocid=14.29  mape=0.1270  | FLOOR smape=0.1226
         laya iter 1 -> mean_pool1 conf=0.3142 rank=3
         laya iter 2 -> best_rf conf=0.2681 rank=2
         laya iter 3 -> best_rf conf=0.2681 rank=2
         laya iter 4 -> best_rf conf=0.2681 rank=2
         laya iter 5 -> best_rf conf=0.2681 rank=2
[  41] mean           score= 0.7073 origin=agent    iters=5 stop=no new information in 3 consecutive turns
         TEST  smape=0.0707  rmse=11.5645  pocid=42.86  mape=0.0713  | FLOOR smape=0.0725
         laya iter 1 -> mean_pool1 conf=0.4217 rank=1
         laya iter 2 -> mean_pool4 conf=0.3331 rank=1
         laya iter 3 -> mean_pool4 conf=0.3331 rank=1
         laya iter 4 -> mean_pool4 conf=0.3331 rank=1
         laya iter 5 -> mean_pool4 conf=0.3331 rank=1
[  42] trimmed_mean   score= 0.6035 origin=baseline iters=5 stop=no new information in 3 consecutive turns
         TEST  smape=0.0986  rmse=20.7030  pocid=57.14  mape=0.1059  | FLOOR smape=0.0986
         laya iter 1 -> mean_pool1 conf=0.3733 rank=2
         laya iter 2 -> mean_pool4 conf=0.2905 rank=10
         laya iter 3 -> mean_pool4 conf=0.2905 rank=10
         laya iter 4 -> mean_pool4 conf=0.2905 rank=10
         laya iter 5 -> mean_pool4 conf=0.2905 rank=10
[  43] mean           score= 0.6762 origin=baseline iters=5 stop=no new information in 3 consecutive turns
         TEST  smape=0.0538  rmse=10.4702  pocid=71.43  mape=0.0534  | FLOOR smape=0.0538
         laya iter 1 -> mean_pool1 conf=0.3947 rank=9
         laya iter 2 -> mean_pool4 conf=0.3117 rank=10
         laya iter 3 -> mean_pool4 conf=0.3117 rank=10
         laya iter 4 -> mean_pool4 conf=0.3117 rank=10
         laya iter 5 -> mean_pool4 conf=0.3117 rank=10
[  44] median         score= 0.7025 origin=baseline iters=5 stop=no new information in 3 consecutive turns
         TEST  smape=0.1146  rmse=20.4007  pocid=42.86  mape=0.1407  | FLOOR smape=0.1146
         laya iter 1 -> mean_pool1 conf=0.4122 rank=7
         laya iter 2 -> mean_pool4 conf=0.3223 rank=6
         laya iter 3 -> mean_pool4 conf=0.3223 rank=6
         laya iter 4 -> mean_pool4 conf=0.3223 rank=6
         laya iter 5 -> mean_pool4 conf=0.3223 rank=6
[  45] best_single    score= 0.5544 origin=agent    iters=4 stop=no new information in 3 consecutive turns
         TEST  smape=0.1640  rmse=22.1222  pocid=28.57  mape=0.1493  | FLOOR smape=0.1306
         laya iter 1 -> best_ARIMA conf=0.3693 rank=1
         laya iter 2 -> best_ARIMA conf=0.4306 rank=1
         laya iter 3 -> best_ARIMA conf=0.4306 rank=1
         laya iter 4 -> best_ARIMA conf=0.4306 rank=1
[  46] best_single    score= 0.6056 origin=agent    iters=4 stop=no new information in 3 consecutive turns
         TEST  smape=0.0409  rmse=14.5924  pocid=42.86  mape=0.0399  | FLOOR smape=0.0421
         laya iter 1 -> best_ONLY_FT_rf conf=0.6678 rank=1
         laya iter 2 -> best_ONLY_FT_rf conf=0.813 rank=1
         laya iter 3 -> best_ONLY_FT_rf conf=0.813 rank=1
         laya iter 4 -> best_ONLY_FT_rf conf=0.813 rank=1
[  47] mean           score= 0.6952 origin=baseline iters=4 stop=no new information in 3 consecutive turns
         TEST  smape=0.1546  rmse=29.1903  pocid=28.57  mape=0.1515  | FLOOR smape=0.1546
         laya iter 1 -> best_ONLY_CWT_rf conf=0.628 rank=4
         laya iter 2 -> best_ONLY_CWT_rf conf=0.6767 rank=4
         laya iter 3 -> best_ONLY_CWT_rf conf=0.6767 rank=4
         laya iter 4 -> best_ONLY_CWT_rf conf=0.6767 rank=4
[  48] best_single    score= 0.5771 origin=agent    iters=4 stop=no new information in 3 consecutive turns
         TEST  smape=0.1312  rmse=22.2277  pocid=28.57  mape=0.1424  | FLOOR smape=0.1015
         laya iter 1 -> best_ONLY_DWT_catboost conf=0.6501 rank=1
         laya iter 2 -> best_ONLY_DWT_catboost conf=0.6602 rank=1
         laya iter 3 -> best_ONLY_DWT_catboost conf=0.6602 rank=1
         laya iter 4 -> best_ONLY_DWT_catboost conf=0.6602 rank=1
[  49] best_single    score= 0.4555 origin=agent    iters=4 stop=no new information in 3 consecutive turns
         TEST  smape=0.1371  rmse=23.3183  pocid=57.14  mape=0.1310  | FLOOR smape=0.1144
         laya iter 1 -> best_ETS conf=0.5605 rank=1
         laya iter 2 -> best_ETS conf=0.7108 rank=1
         laya iter 3 -> best_ETS conf=0.7108 rank=1
         laya iter 4 -> best_ETS conf=0.7108 rank=1
[  50] mean           score= 0.6757 origin=agent    iters=5 stop=no new information in 3 consecutive turns
         TEST  smape=0.1807  rmse=26.0830  pocid=57.14  mape=0.1619  | FLOOR smape=0.1268
         laya iter 1 -> mean_pool1 conf=0.3815 rank=9
         laya iter 2 -> mean_pool4 conf=0.31 rank=1
         laya iter 3 -> mean_pool4 conf=0.31 rank=1
         laya iter 4 -> mean_pool4 conf=0.31 rank=1
         laya iter 5 -> mean_pool4 conf=0.31 rank=1
[  51] best_single    score= 0.6508 origin=agent    iters=4 stop=no new information in 3 consecutive turns
         TEST  smape=0.0966  rmse=27.3718  pocid=85.71  mape=0.0970  | FLOOR smape=0.0896
         laya iter 1 -> best_ONLY_CWT_rf conf=0.6511 rank=1
         laya iter 2 -> best_ONLY_CWT_rf conf=0.7982 rank=1
         laya iter 3 -> best_ONLY_CWT_rf conf=0.7982 rank=1
         laya iter 4 -> best_ONLY_CWT_rf conf=0.7982 rank=1
[  52] median         score= 0.6638 origin=baseline iters=5 stop=no new information in 3 consecutive turns
         TEST  smape=0.0821  rmse=7.8417  pocid=85.71  mape=0.0789  | FLOOR smape=0.0821
         laya iter 1 -> mean_pool1 conf=0.3763 rank=9
         laya iter 2 -> mean_pool4 conf=0.3141 rank=10
         laya iter 3 -> mean_pool4 conf=0.3141 rank=10
         laya iter 4 -> mean_pool4 conf=0.3141 rank=10
         laya iter 5 -> mean_pool4 conf=0.3141 rank=10
[  53] trimmed_mean   score= 0.5847 origin=baseline iters=4 stop=no new information in 3 consecutive turns
         TEST  smape=0.1175  rmse=15.7569  pocid=28.57  mape=0.1172  | FLOOR smape=0.1175
         laya iter 1 -> best_ETS conf=0.3459 rank=7
         laya iter 2 -> best_ETS conf=0.3647 rank=7
         laya iter 3 -> best_ETS conf=0.3647 rank=7
         laya iter 4 -> best_ETS conf=0.3647 rank=7
[  54] best_single    score= 0.5363 origin=agent    iters=5 stop=no new information in 3 consecutive turns
         TEST  smape=0.0670  rmse=6.6497  pocid=14.29  mape=0.0694  | FLOOR smape=0.0587
         laya iter 1 -> mean_pool1 conf=0.3051 rank=2
         laya iter 2 -> best_catboost conf=0.2541 rank=1
         laya iter 3 -> best_catboost conf=0.2541 rank=1
         laya iter 4 -> best_catboost conf=0.2541 rank=1
         laya iter 5 -> best_catboost conf=0.2541 rank=1
[  55] best_single    score= 0.5863 origin=agent    iters=5 stop=no new information in 3 consecutive turns
         TEST  smape=0.1482  rmse=16.7520  pocid=42.86  mape=0.1472  | FLOOR smape=0.1519
         laya iter 1 -> mean_pool_full conf=0.3072 rank=8
         laya iter 2 -> best_ONLY_DWT_rf conf=0.2556 rank=1
         laya iter 3 -> best_ONLY_DWT_rf conf=0.2556 rank=1
         laya iter 4 -> best_ONLY_DWT_rf conf=0.2556 rank=1
         laya iter 5 -> best_ONLY_DWT_rf conf=0.2556 rank=1
[  56] best_single    score= 0.6241 origin=agent    iters=4 stop=no new information in 3 consecutive turns
         TEST  smape=0.1125  rmse=15.0288  pocid=0.00  mape=0.1102  | FLOOR smape=0.0754
         laya iter 1 -> best_ETS conf=0.4635 rank=1
         laya iter 2 -> best_ETS conf=0.5576 rank=1
         laya iter 3 -> best_ETS conf=0.5576 rank=1
         laya iter 4 -> best_ETS conf=0.5576 rank=1
[  57] trimmed_mean   score= 0.5933 origin=baseline iters=5 stop=no new information in 3 consecutive turns
         TEST  smape=0.0757  rmse=14.8265  pocid=0.00  mape=0.0727  | FLOOR smape=0.0757
         laya iter 1 -> mean_pool1 conf=0.4251 rank=6
         laya iter 2 -> mean_pool4 conf=0.3256 rank=10
         laya iter 3 -> mean_pool4 conf=0.3256 rank=10
         laya iter 4 -> mean_pool4 conf=0.3256 rank=10
         laya iter 5 -> mean_pool4 conf=0.3256 rank=10
[  58] trimmed_mean   score= 0.6786 origin=baseline iters=4 stop=no new information in 3 consecutive turns
         TEST  smape=0.1799  rmse=18.9438  pocid=42.86  mape=0.1826  | FLOOR smape=0.1799
         laya iter 1 -> best_rf conf=0.4723 rank=2
         laya iter 2 -> best_rf conf=0.5318 rank=2
         laya iter 3 -> best_rf conf=0.5318 rank=2
         laya iter 4 -> best_rf conf=0.5318 rank=2
[  59] mean           score= 0.6575 origin=agent    iters=5 stop=no new information in 3 consecutive turns
         TEST  smape=0.2303  rmse=29.4488  pocid=71.43  mape=0.2651  | FLOOR smape=0.1932
         laya iter 1 -> mean_pool1 conf=0.3535 rank=5
         laya iter 2 -> mean_pool4 conf=0.2784 rank=1
         laya iter 3 -> mean_pool4 conf=0.2784 rank=1
         laya iter 4 -> mean_pool4 conf=0.2784 rank=1
         laya iter 5 -> mean_pool4 conf=0.2784 rank=1
[  60] mean           score= 0.6651 origin=baseline iters=5 stop=no new information in 3 consecutive turns
         TEST  smape=0.0564  rmse=8.7210  pocid=14.29  mape=0.0594  | FLOOR smape=0.0564
         laya iter 1 -> mean_pool1 conf=0.3665 rank=7
         laya iter 2 -> mean_pool4 conf=0.3051 rank=6
         laya iter 3 -> mean_pool4 conf=0.3051 rank=6
         laya iter 4 -> mean_pool4 conf=0.3051 rank=6
         laya iter 5 -> mean_pool4 conf=0.3051 rank=6
[  61] mean           score= 0.5940 origin=agent    iters=5 stop=no new information in 3 consecutive turns
         TEST  smape=0.1209  rmse=20.8054  pocid=28.57  mape=0.1307  | FLOOR smape=0.1226
         laya iter 1 -> mean_pool1 conf=0.3714 rank=2
         laya iter 2 -> mean_pool4 conf=0.3087 rank=1
         laya iter 3 -> mean_pool4 conf=0.3087 rank=1
         laya iter 4 -> mean_pool4 conf=0.3087 rank=1
         laya iter 5 -> mean_pool4 conf=0.3087 rank=1
[  62] mean           score= 0.7173 origin=agent    iters=5 stop=no new information in 3 consecutive turns
         TEST  smape=0.0851  rmse=10.9640  pocid=57.14  mape=0.0897  | FLOOR smape=0.0775
         laya iter 1 -> mean_pool1 conf=0.3801 rank=1
         laya iter 2 -> mean_pool4 conf=0.2961 rank=1
         laya iter 3 -> mean_pool4 conf=0.2961 rank=1
         laya iter 4 -> mean_pool4 conf=0.2961 rank=1
         laya iter 5 -> mean_pool4 conf=0.2961 rank=1
[  63] best_single    score= 0.6251 origin=agent    iters=4 stop=no new information in 3 consecutive turns
         TEST  smape=0.1614  rmse=14.3574  pocid=57.14  mape=0.1537  | FLOOR smape=0.1190
         laya iter 1 -> best_ONLY_FT_catboost conf=0.3621 rank=1
         laya iter 2 -> best_ONLY_FT_catboost conf=0.3533 rank=1
         laya iter 3 -> best_ONLY_FT_catboost conf=0.3533 rank=1
         laya iter 4 -> best_ONLY_FT_catboost conf=0.3533 rank=1
[  64] median         score= 0.7227 origin=baseline iters=5 stop=no new information in 3 consecutive turns
         TEST  smape=0.1143  rmse=26.0085  pocid=42.86  mape=0.1080  | FLOOR smape=0.1143
         laya iter 1 -> mean_pool1 conf=0.3964 rank=7
         laya iter 2 -> mean_pool4 conf=0.3241 rank=10
         laya iter 3 -> mean_pool4 conf=0.3241 rank=10
         laya iter 4 -> mean_pool4 conf=0.3241 rank=10
         laya iter 5 -> mean_pool4 conf=0.3241 rank=10
[  65] dba            score= 0.6577 origin=baseline iters=5 stop=no new information in 3 consecutive turns
         TEST  smape=0.1253  rmse=27.1082  pocid=42.86  mape=0.1283  | FLOOR smape=0.1253
         laya iter 1 -> mean_pool_full conf=0.4152 rank=2
         laya iter 2 -> mean_pool4 conf=0.3206 rank=10
         laya iter 3 -> mean_pool4 conf=0.3206 rank=10
         laya iter 4 -> mean_pool4 conf=0.3206 rank=10
         laya iter 5 -> mean_pool4 conf=0.3206 rank=10
[  66] best_single    score= 0.5505 origin=agent    iters=4 stop=no new information in 3 consecutive turns
         TEST  smape=0.0877  rmse=20.0936  pocid=71.43  mape=0.0855  | FLOOR smape=0.0750
         laya iter 1 -> best_ONLY_FT_catboost conf=0.7304 rank=1
         laya iter 2 -> best_ONLY_FT_catboost conf=0.8179 rank=1
         laya iter 3 -> best_ONLY_FT_catboost conf=0.8179 rank=1
         laya iter 4 -> best_ONLY_FT_catboost conf=0.8179 rank=1
[  67] mean           score= 0.5852 origin=agent    iters=5 stop=no new information in 3 consecutive turns
         TEST  smape=0.1428  rmse=50.7571  pocid=42.86  mape=0.1582  | FLOOR smape=0.1476
         laya iter 1 -> mean_pool1 conf=0.3104 rank=6
         laya iter 2 -> mean_pool4 conf=0.237 rank=1
         laya iter 3 -> mean_pool4 conf=0.237 rank=1
         laya iter 4 -> mean_pool4 conf=0.237 rank=1
         laya iter 5 -> mean_pool4 conf=0.237 rank=1
[  68] best_single    score= 0.7059 origin=agent    iters=5 stop=no new information in 3 consecutive turns
         TEST  smape=0.1034  rmse=13.5854  pocid=42.86  mape=0.1035  | FLOOR smape=0.0983
         laya iter 1 -> mean_pool1 conf=0.3554 rank=9
         laya iter 2 -> best_FT_catboost conf=0.3701 rank=1
         laya iter 3 -> best_FT_catboost conf=0.3701 rank=1
         laya iter 4 -> best_FT_catboost conf=0.3701 rank=1
         laya iter 5 -> best_FT_catboost conf=0.3701 rank=1
[  69] mean           score= 0.6952 origin=baseline iters=5 stop=no new information in 3 consecutive turns
         TEST  smape=0.1305  rmse=18.9446  pocid=14.29  mape=0.1463  | FLOOR smape=0.1305
         laya iter 1 -> mean_pool1 conf=0.3324 rank=6
         laya iter 2 -> mean_pool4 conf=0.2894 rank=8
         laya iter 3 -> mean_pool4 conf=0.2894 rank=8
         laya iter 4 -> mean_pool4 conf=0.2894 rank=8
         laya iter 5 -> mean_pool4 conf=0.2894 rank=8
[  70] dba            score= 0.6383 origin=baseline iters=5 stop=no new information in 3 consecutive turns
         TEST  smape=0.1595  rmse=16.2623  pocid=57.14  mape=0.1687  | FLOOR smape=0.1595
         laya iter 1 -> mean_pool1 conf=0.3884 rank=7
         laya iter 2 -> mean_pool4 conf=0.3313 rank=6
         laya iter 3 -> mean_pool4 conf=0.3313 rank=6
         laya iter 4 -> mean_pool4 conf=0.3313 rank=6
         laya iter 5 -> mean_pool4 conf=0.3313 rank=6
[  71] mean           score= 0.6857 origin=baseline iters=4 stop=no new information in 3 consecutive turns
         TEST  smape=0.0851  rmse=10.9971  pocid=28.57  mape=0.0856  | FLOOR smape=0.0851
         laya iter 1 -> best_ONLY_DWT_rf conf=0.4033 rank=2
         laya iter 2 -> best_ONLY_DWT_rf conf=0.4702 rank=2
         laya iter 3 -> best_ONLY_DWT_rf conf=0.4702 rank=2
         laya iter 4 -> best_ONLY_DWT_rf conf=0.4702 rank=2
[  72] median         score= 0.6780 origin=baseline iters=4 stop=no new information in 3 consecutive turns
         TEST  smape=0.1378  rmse=16.9550  pocid=57.14  mape=0.1516  | FLOOR smape=0.1378
         laya iter 1 -> best_DWT_rf conf=0.6974 rank=3
         laya iter 2 -> best_DWT_rf conf=0.8163 rank=3
         laya iter 3 -> best_DWT_rf conf=0.8163 rank=3
         laya iter 4 -> best_DWT_rf conf=0.8163 rank=3
[  73] mean           score= 0.6572 origin=baseline iters=5 stop=no new information in 3 consecutive turns
         TEST  smape=0.1579  rmse=18.2593  pocid=42.86  mape=0.1444  | FLOOR smape=0.1579
         laya iter 1 -> mean_pool1 conf=0.2921 rank=5
         laya iter 2 -> mean_pool4 conf=0.2563 rank=10
         laya iter 3 -> mean_pool4 conf=0.2563 rank=10
         laya iter 4 -> mean_pool4 conf=0.2563 rank=10
         laya iter 5 -> mean_pool4 conf=0.2563 rank=10
[  74] best_single    score= 0.6057 origin=agent    iters=4 stop=no new information in 3 consecutive turns
         TEST  smape=0.1115  rmse=13.7667  pocid=28.57  mape=0.1190  | FLOOR smape=0.1377
         laya iter 1 -> best_FT_rf conf=0.3913 rank=1
         laya iter 2 -> best_FT_rf conf=0.4901 rank=1
         laya iter 3 -> best_FT_rf conf=0.4901 rank=1
         laya iter 4 -> best_FT_rf conf=0.4901 rank=1
[  75] mean           score= 0.4107 origin=agent    iters=5 stop=no new information in 3 consecutive turns
         TEST  smape=0.1513  rmse=18.1347  pocid=71.43  mape=0.1388  | FLOOR smape=0.1245
         laya iter 1 -> mean_pool1 conf=0.399 rank=2
         laya iter 2 -> mean_pool4 conf=0.3273 rank=1
         laya iter 3 -> mean_pool4 conf=0.3273 rank=1
         laya iter 4 -> mean_pool4 conf=0.3273 rank=1
         laya iter 5 -> mean_pool4 conf=0.3273 rank=1
[  76] mean           score= 0.5996 origin=baseline iters=4 stop=no new information in 3 consecutive turns
         TEST  smape=0.0786  rmse=11.7526  pocid=57.14  mape=0.0820  | FLOOR smape=0.0786
         laya iter 1 -> best_ETS conf=0.5079 rank=10
         laya iter 2 -> best_ETS conf=0.6602 rank=10
         laya iter 3 -> best_ETS conf=0.6602 rank=10
         laya iter 4 -> best_ETS conf=0.6602 rank=10
[  77] mean           score= 0.5843 origin=baseline iters=4 stop=no new information in 3 consecutive turns
         TEST  smape=0.0885  rmse=17.1500  pocid=42.86  mape=0.0933  | FLOOR smape=0.0885
         laya iter 1 -> best_rf conf=0.5343 rank=3
         laya iter 2 -> best_rf conf=0.5509 rank=3
         laya iter 3 -> best_rf conf=0.5509 rank=3
         laya iter 4 -> best_rf conf=0.5509 rank=3
[  78] trimmed_mean   score= 0.6282 origin=baseline iters=4 stop=no new information in 3 consecutive turns
         TEST  smape=0.1014  rmse=13.7804  pocid=14.29  mape=0.0958  | FLOOR smape=0.1014
         laya iter 1 -> best_ONLY_DWT_rf conf=0.5552 rank=9
         laya iter 2 -> best_ONLY_DWT_rf conf=0.6551 rank=9
         laya iter 3 -> best_ONLY_DWT_rf conf=0.6551 rank=9
         laya iter 4 -> best_ONLY_DWT_rf conf=0.6551 rank=9
[  79] trimmed_mean   score= 0.6296 origin=baseline iters=5 stop=no new information in 3 consecutive turns
         TEST  smape=0.1177  rmse=23.0436  pocid=71.43  mape=0.1205  | FLOOR smape=0.1177
         laya iter 1 -> mean_pool1 conf=0.3204 rank=3
         laya iter 2 -> best_ETS conf=0.3112 rank=2
         laya iter 3 -> best_ETS conf=0.3112 rank=2
         laya iter 4 -> best_ETS conf=0.3112 rank=2
         laya iter 5 -> best_ETS conf=0.3112 rank=2
[  80] trimmed_mean   score= 0.6175 origin=baseline iters=4 stop=no new information in 3 consecutive turns
         TEST  smape=0.1695  rmse=12.9178  pocid=0.00  mape=0.1919  | FLOOR smape=0.1695
         laya iter 1 -> best_ONLY_CWT_catboost conf=0.7962 rank=9
         laya iter 2 -> best_ONLY_CWT_catboost conf=0.8137 rank=9
         laya iter 3 -> best_ONLY_CWT_catboost conf=0.8137 rank=9
         laya iter 4 -> best_ONLY_CWT_catboost conf=0.8137 rank=9
[  81] dba            score= 0.6377 origin=baseline iters=5 stop=no new information in 3 consecutive turns
         TEST  smape=0.1137  rmse=11.8396  pocid=85.71  mape=0.1109  | FLOOR smape=0.1137
         laya iter 1 -> mean_pool1 conf=0.3439 rank=7
         laya iter 2 -> mean_pool4 conf=0.2967 rank=10
         laya iter 3 -> mean_pool4 conf=0.2967 rank=10
         laya iter 4 -> mean_pool4 conf=0.2967 rank=10
         laya iter 5 -> mean_pool4 conf=0.2967 rank=10
[  82] best_single    score= 0.6165 origin=agent    iters=4 stop=no new information in 3 consecutive turns
         TEST  smape=0.1361  rmse=36.3039  pocid=14.29  mape=0.1365  | FLOOR smape=0.1296
         laya iter 1 -> best_ONLY_FT_catboost conf=0.424 rank=1
         laya iter 2 -> best_ONLY_FT_catboost conf=0.4852 rank=1
         laya iter 3 -> best_ONLY_FT_catboost conf=0.4852 rank=1
         laya iter 4 -> best_ONLY_FT_catboost conf=0.4852 rank=1
[  83] mean           score= 0.6857 origin=baseline iters=5 stop=no new information in 3 consecutive turns
         TEST  smape=0.1207  rmse=21.0334  pocid=42.86  mape=0.1114  | FLOOR smape=0.1207
         laya iter 1 -> mean_pool1 conf=0.3327 rank=8
         laya iter 2 -> mean_pool4 conf=0.2636 rank=8
         laya iter 3 -> mean_pool4 conf=0.2636 rank=8
         laya iter 4 -> mean_pool4 conf=0.2636 rank=8
         laya iter 5 -> mean_pool4 conf=0.2636 rank=8
[  84] mean           score= 0.6932 origin=baseline iters=5 stop=no new information in 3 consecutive turns
         TEST  smape=0.1366  rmse=14.3723  pocid=42.86  mape=0.1534  | FLOOR smape=0.1366
         laya iter 1 -> mean_pool1 conf=0.4526 rank=9
         laya iter 2 -> mean_pool4 conf=0.3486 rank=7
         laya iter 3 -> mean_pool4 conf=0.3486 rank=7
         laya iter 4 -> mean_pool4 conf=0.3486 rank=7
         laya iter 5 -> mean_pool4 conf=0.3486 rank=7
[  85] best_single    score= 0.6329 origin=agent    iters=5 stop=no new information in 3 consecutive turns
         TEST  smape=0.0974  rmse=10.4743  pocid=71.43  mape=0.0974  | FLOOR smape=0.0844
         laya iter 1 -> mean_pool_full conf=0.3491 rank=4
         laya iter 2 -> best_ONLY_FT_catboost conf=0.3382 rank=1
         laya iter 3 -> best_ONLY_FT_catboost conf=0.3382 rank=1
         laya iter 4 -> best_ONLY_FT_catboost conf=0.3382 rank=1
         laya iter 5 -> best_ONLY_FT_catboost conf=0.3382 rank=1
[  86] dba            score= 0.6423 origin=baseline iters=5 stop=no new information in 3 consecutive turns
         TEST  smape=0.0894  rmse=13.5008  pocid=71.43  mape=0.0866  | FLOOR smape=0.0894
         laya iter 1 -> mean_pool_full conf=0.3512 rank=2
         laya iter 2 -> mean_pool4 conf=0.2572 rank=3
         laya iter 3 -> mean_pool4 conf=0.2572 rank=3
         laya iter 4 -> mean_pool4 conf=0.2572 rank=3
         laya iter 5 -> mean_pool4 conf=0.2572 rank=3
[  87] best_single    score= 0.6018 origin=agent    iters=5 stop=no new information in 3 consecutive turns
         TEST  smape=0.3971  rmse=33.1908  pocid=28.57  mape=0.5030  | FLOOR smape=0.4153
         laya iter 1 -> mean_pool1 conf=0.3618 rank=4
         laya iter 2 -> best_ARIMA conf=0.3292 rank=1
         laya iter 3 -> best_ARIMA conf=0.3292 rank=1
         laya iter 4 -> best_ARIMA conf=0.3292 rank=1
         laya iter 5 -> best_ARIMA conf=0.3292 rank=1
[  88] median         score= 0.6488 origin=baseline iters=5 stop=no new information in 3 consecutive turns
         TEST  smape=0.3900  rmse=28.7573  pocid=71.43  mape=0.5437  | FLOOR smape=0.3900
         laya iter 1 -> mean_pool1 conf=0.3581 rank=8
         laya iter 2 -> mean_pool4 conf=0.2638 rank=10
         laya iter 3 -> mean_pool4 conf=0.2638 rank=10
         laya iter 4 -> mean_pool4 conf=0.2638 rank=10
         laya iter 5 -> mean_pool4 conf=0.2638 rank=10
[  89] median         score= 0.6878 origin=baseline iters=5 stop=no new information in 3 consecutive turns
         TEST  smape=0.1170  rmse=19.8321  pocid=28.57  mape=0.1294  | FLOOR smape=0.1170
         laya iter 1 -> mean_pool_full conf=0.4007 rank=3
         laya iter 2 -> mean_pool4 conf=0.3244 rank=7
         laya iter 3 -> mean_pool4 conf=0.3244 rank=7
         laya iter 4 -> mean_pool4 conf=0.3244 rank=7
         laya iter 5 -> mean_pool4 conf=0.3244 rank=7
[  90] mean           score= 0.6163 origin=baseline iters=5 stop=no new information in 3 consecutive turns
         TEST  smape=0.0993  rmse=13.2988  pocid=57.14  mape=0.1112  | FLOOR smape=0.0993
         laya iter 1 -> mean_pool1 conf=0.3475 rank=5
         laya iter 2 -> mean_pool4 conf=0.2703 rank=10
         laya iter 3 -> mean_pool4 conf=0.2703 rank=10
         laya iter 4 -> mean_pool4 conf=0.2703 rank=10
         laya iter 5 -> mean_pool4 conf=0.2703 rank=10
[  91] mean           score= 0.6052 origin=baseline iters=5 stop=no new information in 3 consecutive turns
         TEST  smape=0.1806  rmse=21.6758  pocid=57.14  mape=0.1667  | FLOOR smape=0.1806
         laya iter 1 -> mean_pool_full conf=0.4036 rank=6
         laya iter 2 -> mean_pool4 conf=0.3126 rank=3
         laya iter 3 -> mean_pool4 conf=0.3126 rank=3
         laya iter 4 -> mean_pool4 conf=0.3126 rank=3
         laya iter 5 -> mean_pool4 conf=0.3126 rank=3
[  92] dba            score= 0.6467 origin=baseline iters=4 stop=no new information in 3 consecutive turns
         TEST  smape=0.1299  rmse=27.6728  pocid=71.43  mape=0.1214  | FLOOR smape=0.1299
         laya iter 1 -> best_rf conf=0.6339 rank=4
         laya iter 2 -> best_rf conf=0.6966 rank=4
         laya iter 3 -> best_rf conf=0.6966 rank=4
         laya iter 4 -> best_rf conf=0.6966 rank=4
[  93] best_single    score= 0.4692 origin=agent    iters=4 stop=no new information in 3 consecutive turns
         TEST  smape=0.1284  rmse=18.4865  pocid=0.00  mape=0.1292  | FLOOR smape=0.1256
         laya iter 1 -> best_ETS conf=0.399 rank=1
         laya iter 2 -> best_ETS conf=0.3962 rank=1
         laya iter 3 -> best_ETS conf=0.3962 rank=1
         laya iter 4 -> best_ETS conf=0.3962 rank=1
[  94] trimmed_mean   score= 0.6267 origin=baseline iters=5 stop=no new information in 3 consecutive turns
         TEST  smape=0.0954  rmse=18.6102  pocid=57.14  mape=0.0906  | FLOOR smape=0.0954
         laya iter 1 -> mean_pool_full conf=0.4082 rank=3
         laya iter 2 -> mean_pool4 conf=0.3275 rank=2
         laya iter 3 -> mean_pool4 conf=0.3275 rank=2
         laya iter 4 -> mean_pool4 conf=0.3275 rank=2
         laya iter 5 -> mean_pool4 conf=0.3275 rank=2
[  95] mean           score= 0.5994 origin=agent    iters=5 stop=no new information in 3 consecutive turns
         TEST  smape=0.0584  rmse=10.8459  pocid=28.57  mape=0.0601  | FLOOR smape=0.0423
         laya iter 1 -> mean_pool1 conf=0.3299 rank=3
         laya iter 2 -> mean_pool4 conf=0.2365 rank=1
         laya iter 3 -> mean_pool4 conf=0.2365 rank=1
         laya iter 4 -> mean_pool4 conf=0.2365 rank=1
         laya iter 5 -> mean_pool4 conf=0.2365 rank=1
[  96] mean           score= 0.4739 origin=baseline iters=5 stop=no new information in 3 consecutive turns
         TEST  smape=0.1002  rmse=12.8702  pocid=57.14  mape=0.1004  | FLOOR smape=0.1002
         laya iter 1 -> mean_pool1 conf=0.3654 rank=5
         laya iter 2 -> mean_pool4 conf=0.276 rank=8
         laya iter 3 -> mean_pool4 conf=0.276 rank=8
         laya iter 4 -> mean_pool4 conf=0.276 rank=8
         laya iter 5 -> mean_pool4 conf=0.276 rank=8
[  97] mean           score= 0.7036 origin=baseline iters=5 stop=no new information in 3 consecutive turns
         TEST  smape=0.1185  rmse=23.7866  pocid=57.14  mape=0.1382  | FLOOR smape=0.1185
         laya iter 1 -> mean_pool_full conf=0.4414 rank=5
         laya iter 2 -> mean_pool4 conf=0.3385 rank=10
         laya iter 3 -> mean_pool4 conf=0.3385 rank=10
         laya iter 4 -> mean_pool4 conf=0.3385 rank=10
         laya iter 5 -> mean_pool4 conf=0.3385 rank=10
[  98] dba            score= 0.6345 origin=baseline iters=5 stop=no new information in 3 consecutive turns
         TEST  smape=0.1435  rmse=19.7560  pocid=28.57  mape=0.1363  | FLOOR smape=0.1435
         laya iter 1 -> mean_pool_full conf=0.3525 rank=2
         laya iter 2 -> mean_pool4 conf=0.2909 rank=9
         laya iter 3 -> mean_pool4 conf=0.2909 rank=9
         laya iter 4 -> mean_pool4 conf=0.2909 rank=9
         laya iter 5 -> mean_pool4 conf=0.2909 rank=9
[  99] mean           score= 0.4563 origin=agent    iters=5 stop=no new information in 3 consecutive turns
         TEST  smape=0.0639  rmse=8.1392  pocid=57.14  mape=0.0628  | FLOOR smape=0.0674
         laya iter 1 -> mean_pool1 conf=0.3692 rank=2
         laya iter 2 -> mean_pool4 conf=0.2683 rank=1
         laya iter 3 -> mean_pool4 conf=0.2683 rank=1
         laya iter 4 -> mean_pool4 conf=0.2683 rank=1
         laya iter 5 -> mean_pool4 conf=0.2683 rank=1
[ 100] best_single    score= 0.4961 origin=agent    iters=5 stop=no new information in 3 consecutive turns
         TEST  smape=0.1122  rmse=18.6949  pocid=0.00  mape=0.1137  | FLOOR smape=0.1093
         laya iter 1 -> mean_pool1 conf=0.3529 rank=2
         laya iter 2 -> best_ETS conf=0.3367 rank=1
         laya iter 3 -> best_ETS conf=0.3367 rank=1
         laya iter 4 -> best_ETS conf=0.3367 rank=1
         laya iter 5 -> best_ETS conf=0.3367 rank=1
[ 101] best_single    score= 0.5618 origin=agent    iters=5 stop=no new information in 3 consecutive turns
         TEST  smape=0.0802  rmse=12.4844  pocid=0.00  mape=0.0814  | FLOOR smape=0.0915
         laya iter 1 -> mean_pool1 conf=0.3554 rank=9
         laya iter 2 -> best_ETS conf=0.3201 rank=1
         laya iter 3 -> best_ETS conf=0.3201 rank=1
         laya iter 4 -> best_ETS conf=0.3201 rank=1
         laya iter 5 -> best_ETS conf=0.3201 rank=1
[ 102] trimmed_mean   score= 0.7090 origin=baseline iters=4 stop=no new information in 3 consecutive turns
         TEST  smape=0.1511  rmse=10.9337  pocid=42.86  mape=0.1403  | FLOOR smape=0.1511
         laya iter 1 -> best_ONLY_CWT_rf conf=0.9698 rank=7
         laya iter 2 -> best_ONLY_CWT_rf conf=0.9825 rank=7
         laya iter 3 -> best_ONLY_CWT_rf conf=0.9825 rank=7
         laya iter 4 -> best_ONLY_CWT_rf conf=0.9825 rank=7
[ 103] dba            score= 0.6755 origin=baseline iters=3 stop=no new information in 3 consecutive turns
         TEST  smape=0.1008  rmse=18.7019  pocid=57.14  mape=0.0976  | FLOOR smape=0.1008
         laya iter 1 -> mean_pool_full conf=0.3792 rank=2
         laya iter 2 -> mean_pool_full conf=0.2789 rank=2
         laya iter 3 -> mean_pool_full conf=0.2789 rank=2
[ 104] median         score= 0.6796 origin=baseline iters=4 stop=no new information in 3 consecutive turns
         TEST  smape=0.0414  rmse=5.8662  pocid=57.14  mape=0.0421  | FLOOR smape=0.0414
         laya iter 1 -> best_ONLY_DWT_catboost conf=0.4603 rank=2
         laya iter 2 -> best_ONLY_DWT_catboost conf=0.4477 rank=2
         laya iter 3 -> best_ONLY_DWT_catboost conf=0.4477 rank=2
         laya iter 4 -> best_ONLY_DWT_catboost conf=0.4477 rank=2
[ 105] median         score= 0.6583 origin=baseline iters=5 stop=no new information in 3 consecutive turns
         TEST  smape=0.0585  rmse=9.9628  pocid=57.14  mape=0.0591  | FLOOR smape=0.0585
         laya iter 1 -> mean_pool1 conf=0.27 rank=9
         laya iter 2 -> best_ONLY_DWT_rf conf=0.2486 rank=6
         laya iter 3 -> best_ONLY_DWT_rf conf=0.2486 rank=6
         laya iter 4 -> best_ONLY_DWT_rf conf=0.2486 rank=6
         laya iter 5 -> best_ONLY_DWT_rf conf=0.2486 rank=6
[ 106] best_single    score= 0.5604 origin=agent    iters=5 stop=no new information in 3 consecutive turns
         TEST  smape=0.1585  rmse=19.5066  pocid=42.86  mape=0.1681  | FLOOR smape=0.1564
         laya iter 1 -> mean_pool1 conf=0.4081 rank=4
         laya iter 2 -> best_ONLY_FT_catboost conf=0.3484 rank=1
         laya iter 3 -> best_ONLY_FT_catboost conf=0.3484 rank=1
         laya iter 4 -> best_ONLY_FT_catboost conf=0.3484 rank=1
         laya iter 5 -> best_ONLY_FT_catboost conf=0.3484 rank=1
[ 107] trimmed_mean   score= 0.6052 origin=baseline iters=5 stop=no new information in 3 consecutive turns
         TEST  smape=0.1064  rmse=14.7482  pocid=42.86  mape=0.1098  | FLOOR smape=0.1064
         laya iter 1 -> mean_pool1 conf=0.3833 rank=2
         laya iter 2 -> mean_pool4 conf=0.2794 rank=3
         laya iter 3 -> mean_pool4 conf=0.2794 rank=3
         laya iter 4 -> mean_pool4 conf=0.2794 rank=3
         laya iter 5 -> mean_pool4 conf=0.2794 rank=3
[ 108] mean           score= 0.6762 origin=baseline iters=4 stop=no new information in 3 consecutive turns
         TEST  smape=0.0835  rmse=17.3461  pocid=57.14  mape=0.0799  | FLOOR smape=0.0835
         laya iter 1 -> best_ETS conf=0.354 rank=7
         laya iter 2 -> best_ETS conf=0.4537 rank=7
         laya iter 3 -> best_ETS conf=0.4537 rank=7
         laya iter 4 -> best_ETS conf=0.4537 rank=7
[ 109] mean           score= 0.5400 origin=agent    iters=5 stop=no new information in 3 consecutive turns
         TEST  smape=0.2457  rmse=66.0666  pocid=57.14  mape=0.2331  | FLOOR smape=0.3514
         laya iter 1 -> mean_pool1 conf=0.4055 rank=4
         laya iter 2 -> mean_pool4 conf=0.2877 rank=1
         laya iter 3 -> mean_pool4 conf=0.2877 rank=1
         laya iter 4 -> mean_pool4 conf=0.2877 rank=1
         laya iter 5 -> mean_pool4 conf=0.2877 rank=1
[ 110] trimmed_mean   score= 0.6209 origin=baseline iters=5 stop=no new information in 3 consecutive turns
         TEST  smape=0.1009  rmse=13.8069  pocid=28.57  mape=0.0952  | FLOOR smape=0.1009
         laya iter 1 -> mean_pool_full conf=0.3413 rank=3
         laya iter 2 -> best_ONLY_DWT_rf conf=0.2842 rank=10
         laya iter 3 -> best_ONLY_DWT_rf conf=0.2842 rank=10
         laya iter 4 -> best_ONLY_DWT_rf conf=0.2842 rank=10
         laya iter 5 -> best_ONLY_DWT_rf conf=0.2842 rank=10
--------------------------------------------------------------------------
done in 17.3s | ok: 111 | failed: 0
DATASET SUMMARY over 111 series (mean across series):
  this run   smape=0.1188  rmse=18.3732  pocid=43.63  mape=0.1227  mae=15.2404
  baseline   smape=0.1156  rmse=18.2258  pocid=46.46  mape=0.1207  <- this run is WORSE than the seed floor
  mean       smape=0.1199  rmse=18.8837  pocid=44.53  mape=0.1241  <- this run is better
  median     smape=0.1201  rmse=18.6626  pocid=46.20  mape=0.1238  <- this run is better
  dba        smape=0.1226  rmse=19.3352  pocid=46.46  mape=0.1265  <- this run is better
  ADE        smape=0.1178  rmse=18.5121  pocid=45.05  mape=0.1219  <- this run is better
  FFORMA     smape=0.1197  rmse=18.8493  pocid=44.66  mape=0.1239  <- this run is better
csv: ./timeseries/mestrado/resultados/orchestrator_laya_laya_v0/NN5_WEEKLY_DATASET.csv
===== M4_WEEKLY_DATASET (english) -> version laya_v0 =====
dataset      : M4_WEEKLY_DATASET
source       : m4_weekly_dataset.tsf
models       : 19
agent        : laya-english (max_len=None)
writing to   : ./timeseries/mestrado/resultados/orchestrator_laya_laya_v0
--------------------------------------------------------------------------
/home/lucas.castro/.conda/envs/agno/lib/python3.11/site-packages/tslearn/bases/bases.py:15: UserWarning: h5py not installed, hdf5 features will not be supported.
Install h5py to use hdf5 features: http://docs.h5py.org/
  warn(h5py_msg)
Fetching 5 files:   0%|          | 0/5 [00:00<?, ?it/s]Fetching 5 files: 100%|██████████| 5/5 [00:00<00:00, 2618.49it/s]
/home/lucas.castro/.conda/envs/agno/lib/python3.11/site-packages/laya/agent.py:928: RuntimeWarning: laya: this checkpoint ships invalid temperatures or values outside [0.5, 5]; using choice:11+=0.10058280825614929 -> 0.5. Treat confidence from the affected entries as uncalibrated.
  return Agent(model_id_or_path, device=device, token=token, subfolder=subfolder, fast=fast,
[   0] mean           score= 0.0268 origin=agent    iters=5 stop=no new information in 3 consecutive turns
         TEST  smape=0.0417  rmse=1994.4861  pocid=25.00  mape=0.0433  | FLOOR smape=0.0374
         laya iter 1 -> mean_pool_full conf=0.3147 rank=8
         laya iter 2 -> mean_pool4 conf=0.2245 rank=1
         laya iter 3 -> mean_pool4 conf=0.2245 rank=1
         laya iter 4 -> mean_pool4 conf=0.2245 rank=1
         laya iter 5 -> mean_pool4 conf=0.2245 rank=1
[   1] best_single    score=-0.0491 origin=agent    iters=5 stop=no new information in 3 consecutive turns
         TEST  smape=0.0397  rmse=186.9013  pocid=66.67  mape=0.0411  | FLOOR smape=0.0358
         laya iter 1 -> mean_pool1 conf=0.2883 rank=4
         laya iter 2 -> best_ONLY_CWT_rf conf=0.2651 rank=1
         laya iter 3 -> best_ONLY_CWT_rf conf=0.2651 rank=1
         laya iter 4 -> best_ONLY_CWT_rf conf=0.2651 rank=1
         laya iter 5 -> best_ONLY_CWT_rf conf=0.2651 rank=1
[   2] median         score=-0.1401 origin=baseline iters=4 stop=no new information in 3 consecutive turns
         TEST  smape=0.0072  rmse=85.1787  pocid=91.67  mape=0.0071  | FLOOR smape=0.0072
         laya iter 1 -> best_DWT_catboost conf=0.3437 rank=5
         laya iter 2 -> best_DWT_catboost conf=0.4136 rank=5
         laya iter 3 -> best_DWT_catboost conf=0.4136 rank=5
         laya iter 4 -> best_DWT_catboost conf=0.4136 rank=5
[   3] best_single    score= 0.1800 origin=agent    iters=4 stop=no new information in 3 consecutive turns
         TEST  smape=0.2046  rmse=755.5637  pocid=66.67  mape=0.1779  | FLOOR smape=0.1715
         laya iter 1 -> best_ONLY_CWT_catboost conf=0.7698 rank=1
         laya iter 2 -> best_ONLY_CWT_catboost conf=0.829 rank=1
         laya iter 3 -> best_ONLY_CWT_catboost conf=0.829 rank=1
         laya iter 4 -> best_ONLY_CWT_catboost conf=0.829 rank=1
[   4] best_single    score= 0.1950 origin=agent    iters=4 stop=no new information in 3 consecutive turns
         TEST  smape=0.1153  rmse=297.0621  pocid=66.67  mape=0.1203  | FLOOR smape=0.1239
         laya iter 1 -> best_DWT_rf conf=0.3518 rank=1
         laya iter 2 -> best_DWT_rf conf=0.4142 rank=1
         laya iter 3 -> best_DWT_rf conf=0.4142 rank=1
         laya iter 4 -> best_DWT_rf conf=0.4142 rank=1
[   5] best_single    score= 0.4030 origin=agent    iters=4 stop=no new information in 3 consecutive turns
         TEST  smape=0.2877  rmse=303.2396  pocid=33.33  mape=0.2374  | FLOOR smape=0.2997
         laya iter 1 -> best_ONLY_CWT_catboost conf=0.5419 rank=1
         laya iter 2 -> best_ONLY_CWT_catboost conf=0.6876 rank=1
         laya iter 3 -> best_ONLY_CWT_catboost conf=0.6876 rank=1
         laya iter 4 -> best_ONLY_CWT_catboost conf=0.6876 rank=1
[   6] best_single    score= 0.2356 origin=agent    iters=4 stop=no new information in 3 consecutive turns
         TEST  smape=0.3363  rmse=1827.2417  pocid=50.00  mape=0.2763  | FLOOR smape=0.2823
         laya iter 1 -> best_FT_rf conf=0.3591 rank=1
         laya iter 2 -> best_FT_rf conf=0.428 rank=1
         laya iter 3 -> best_FT_rf conf=0.428 rank=1
         laya iter 4 -> best_FT_rf conf=0.428 rank=1
[   7] median         score= 0.5697 origin=baseline iters=5 stop=no new information in 3 consecutive turns
         TEST  smape=0.3456  rmse=1980.3565  pocid=41.67  mape=0.4309  | FLOOR smape=0.3456
         laya iter 1 -> mean_pool1 conf=0.3461 rank=9
         laya iter 2 -> mean_pool4 conf=0.294 rank=10
         laya iter 3 -> mean_pool4 conf=0.294 rank=10
         laya iter 4 -> mean_pool4 conf=0.294 rank=10
         laya iter 5 -> mean_pool4 conf=0.294 rank=10
[   8] best_single    score= 0.3587 origin=agent    iters=5 stop=no new information in 3 consecutive turns
         TEST  smape=0.0985  rmse=1180.1490  pocid=58.33  mape=0.1080  | FLOOR smape=0.1106
         laya iter 1 -> mean_pool_full conf=0.264 rank=8
         laya iter 2 -> best_FT_rf conf=0.2129 rank=1
         laya iter 3 -> best_FT_rf conf=0.2129 rank=1
         laya iter 4 -> best_FT_rf conf=0.2129 rank=1
         laya iter 5 -> best_FT_rf conf=0.2129 rank=1
[   9] trimmed_mean   score= 0.0280 origin=baseline iters=5 stop=no new information in 3 consecutive turns
         TEST  smape=0.6248  rmse=5630.7468  pocid=8.33  mape=0.9657  | FLOOR smape=0.6248
         laya iter 1 -> mean_pool_full conf=0.3703 rank=9
         laya iter 2 -> mean_pool4 conf=0.2869 rank=4
         laya iter 3 -> mean_pool4 conf=0.2869 rank=4
         laya iter 4 -> mean_pool4 conf=0.2869 rank=4
         laya iter 5 -> mean_pool4 conf=0.2869 rank=4
[  10] mean           score= 0.1564 origin=agent    iters=5 stop=no new information in 3 consecutive turns
         TEST  smape=0.0671  rmse=28.9935  pocid=75.00  mape=0.0663  | FLOOR smape=0.0760
         laya iter 1 -> mean_pool_full conf=0.3008 rank=9
         laya iter 2 -> mean_pool4 conf=0.2189 rank=1
         laya iter 3 -> mean_pool4 conf=0.2189 rank=1
         laya iter 4 -> mean_pool4 conf=0.2189 rank=1
         laya iter 5 -> mean_pool4 conf=0.2189 rank=1
[  11] best_single    score= 0.5992 origin=agent    iters=4 stop=no new information in 3 consecutive turns
         TEST  smape=0.0157  rmse=19.9649  pocid=50.00  mape=0.0156  | FLOOR smape=0.0286
         laya iter 1 -> best_ONLY_FT_rf conf=0.7311 rank=1
         laya iter 2 -> best_ONLY_FT_rf conf=0.8307 rank=1
         laya iter 3 -> best_ONLY_FT_rf conf=0.8307 rank=1
         laya iter 4 -> best_ONLY_FT_rf conf=0.8307 rank=1
[  12] best_single    score= 0.3290 origin=agent    iters=5 stop=no new information in 3 consecutive turns
         TEST  smape=0.0315  rmse=101.0127  pocid=33.33  mape=0.0307  | FLOOR smape=0.0242
         laya iter 1 -> best_ONLY_FT_rf conf=0.4316 rank=1
         laya iter 2 -> best_ONLY_FT_catboost conf=0.4898 rank=1
         laya iter 3 -> best_ONLY_FT_catboost conf=0.4898 rank=1
         laya iter 4 -> best_ONLY_FT_catboost conf=0.4898 rank=1
         laya iter 5 -> best_ONLY_FT_catboost conf=0.4898 rank=1
[  13] best_single    score= 0.1890 origin=agent    iters=5 stop=no new information in 3 consecutive turns
         TEST  smape=0.0690  rmse=203.2526  pocid=50.00  mape=0.0723  | FLOOR smape=0.0455
         laya iter 1 -> mean_pool_full conf=0.2595 rank=8
         laya iter 2 -> best_ONLY_DWT_rf conf=0.2494 rank=1
         laya iter 3 -> best_ONLY_DWT_rf conf=0.2494 rank=1
         laya iter 4 -> best_ONLY_DWT_rf conf=0.2494 rank=1
         laya iter 5 -> best_ONLY_DWT_rf conf=0.2494 rank=1
[  14] median         score= 0.5119 origin=baseline iters=4 stop=no new information in 3 consecutive turns
         TEST  smape=0.1277  rmse=629.8445  pocid=50.00  mape=0.1386  | FLOOR smape=0.1277
         laya iter 1 -> best_DWT_catboost conf=0.2758 rank=2
         laya iter 2 -> best_DWT_catboost conf=0.281 rank=2
         laya iter 3 -> best_DWT_catboost conf=0.281 rank=2
         laya iter 4 -> best_DWT_catboost conf=0.281 rank=2
[  15] median         score= 0.5733 origin=baseline iters=5 stop=no new information in 3 consecutive turns
         TEST  smape=0.1564  rmse=825.5097  pocid=41.67  mape=0.1754  | FLOOR smape=0.1564
         laya iter 1 -> mean_pool_full conf=0.288 rank=8
         laya iter 2 -> mean_pool4 conf=0.2157 rank=10
         laya iter 3 -> mean_pool4 conf=0.2157 rank=10
         laya iter 4 -> mean_pool4 conf=0.2157 rank=10
         laya iter 5 -> mean_pool4 conf=0.2157 rank=10
[  16] best_single    score=-0.0817 origin=agent    iters=5 stop=no new information in 3 consecutive turns
         TEST  smape=0.0182  rmse=272.8623  pocid=58.33  mape=0.0179  | FLOOR smape=0.0179
         laya iter 1 -> best_rf conf=0.2849 rank=1
         laya iter 2 -> best_CWT_rf conf=0.3242 rank=1
         laya iter 3 -> best_CWT_rf conf=0.3242 rank=1
         laya iter 4 -> best_CWT_rf conf=0.3242 rank=1
         laya iter 5 -> best_CWT_rf conf=0.3242 rank=1
[  17] median         score= 0.0013 origin=baseline iters=5 stop=no new information in 3 consecutive turns
         TEST  smape=0.0539  rmse=281.1832  pocid=33.33  mape=0.0563  | FLOOR smape=0.0539
         laya iter 1 -> mean_pool1 conf=0.2957 rank=9
         laya iter 2 -> best_FT_rf conf=0.259 rank=2
         laya iter 3 -> best_FT_rf conf=0.259 rank=2
         laya iter 4 -> best_FT_rf conf=0.259 rank=2
         laya iter 5 -> best_FT_rf conf=0.259 rank=2
[  18] best_single    score= 0.1286 origin=agent    iters=4 stop=no new information in 3 consecutive turns
         TEST  smape=0.2000  rmse=1243.3159  pocid=50.00  mape=0.1961  | FLOOR smape=0.2098
         laya iter 1 -> best_FT_rf conf=0.4187 rank=1
         laya iter 2 -> best_FT_rf conf=0.4969 rank=1
         laya iter 3 -> best_FT_rf conf=0.4969 rank=1
         laya iter 4 -> best_FT_rf conf=0.4969 rank=1
[  19] mean           score= 0.6556 origin=baseline iters=5 stop=no new information in 3 consecutive turns
         TEST  smape=0.1083  rmse=481.4908  pocid=75.00  mape=0.1140  | FLOOR smape=0.1083
         laya iter 1 -> mean_pool1 conf=0.3482 rank=8
         laya iter 2 -> best_FT_catboost conf=0.3056 rank=2
         laya iter 3 -> best_FT_catboost conf=0.3056 rank=2
         laya iter 4 -> best_FT_catboost conf=0.3056 rank=2
         laya iter 5 -> best_FT_catboost conf=0.3056 rank=2
[  20] trimmed_mean   score= 0.4007 origin=baseline iters=5 stop=no new information in 3 consecutive turns
         TEST  smape=0.2205  rmse=695.8261  pocid=66.67  mape=0.1947  | FLOOR smape=0.2205
         laya iter 1 -> mean_pool_full conf=0.2663 rank=8
         laya iter 2 -> mean_pool4 conf=0.2153 rank=2
         laya iter 3 -> mean_pool4 conf=0.2153 rank=2
         laya iter 4 -> mean_pool4 conf=0.2153 rank=2
         laya iter 5 -> mean_pool4 conf=0.2153 rank=2
[  21] best_single    score= 0.3729 origin=agent    iters=4 stop=no new information in 3 consecutive turns
         TEST  smape=0.1793  rmse=755.1947  pocid=66.67  mape=0.1626  | FLOOR smape=0.1585
         laya iter 1 -> best_DWT_rf conf=0.2862 rank=1
         laya iter 2 -> best_DWT_rf conf=0.3066 rank=1
         laya iter 3 -> best_DWT_rf conf=0.3066 rank=1
         laya iter 4 -> best_DWT_rf conf=0.3066 rank=1
[  22] best_single    score= 0.2987 origin=agent    iters=5 stop=no new information in 3 consecutive turns
         TEST  smape=0.1109  rmse=109.3308  pocid=33.33  mape=0.1226  | FLOOR smape=0.1081
         laya iter 1 -> mean_pool1 conf=0.3036 rank=1
         laya iter 2 -> best_CWT_rf conf=0.3014 rank=1
         laya iter 3 -> best_CWT_rf conf=0.3014 rank=1
         laya iter 4 -> best_CWT_rf conf=0.3014 rank=1
         laya iter 5 -> best_CWT_rf conf=0.3014 rank=1
[  23] best_single    score= 0.2362 origin=agent    iters=4 stop=no new information in 3 consecutive turns
         TEST  smape=0.2715  rmse=3671.2752  pocid=33.33  mape=0.2790  | FLOOR smape=0.2284
         laya iter 1 -> best_rf conf=0.3648 rank=1
         laya iter 2 -> best_rf conf=0.4892 rank=1
         laya iter 3 -> best_rf conf=0.4892 rank=1
         laya iter 4 -> best_rf conf=0.4892 rank=1
[  24] best_single    score= 0.3268 origin=agent    iters=4 stop=no new information in 3 consecutive turns
         TEST  smape=0.2115  rmse=545.6557  pocid=75.00  mape=0.1888  | FLOOR smape=0.2707
         laya iter 1 -> best_FT_catboost conf=0.4905 rank=1
         laya iter 2 -> best_FT_catboost conf=0.6245 rank=1
         laya iter 3 -> best_FT_catboost conf=0.6245 rank=1
         laya iter 4 -> best_FT_catboost conf=0.6245 rank=1
[  25] trimmed_mean   score= 0.4656 origin=baseline iters=5 stop=no new information in 3 consecutive turns
         TEST  smape=0.2785  rmse=1528.3992  pocid=50.00  mape=0.2314  | FLOOR smape=0.2785
         laya iter 1 -> mean_pool_full conf=0.2702 rank=8
         laya iter 2 -> mean_pool4 conf=0.236 rank=10
         laya iter 3 -> mean_pool4 conf=0.236 rank=10
         laya iter 4 -> mean_pool4 conf=0.236 rank=10
         laya iter 5 -> mean_pool4 conf=0.236 rank=10
[  26] median         score= 0.5825 origin=baseline iters=5 stop=no new information in 3 consecutive turns
         TEST  smape=0.3181  rmse=1072.5384  pocid=33.33  mape=0.2649  | FLOOR smape=0.3181
         laya iter 1 -> mean_pool1 conf=0.3369 rank=9
         laya iter 2 -> mean_pool4 conf=0.2815 rank=4
         laya iter 3 -> mean_pool4 conf=0.2815 rank=4
         laya iter 4 -> mean_pool4 conf=0.2815 rank=4
         laya iter 5 -> mean_pool4 conf=0.2815 rank=4
[  27] trimmed_mean   score= 0.3542 origin=baseline iters=4 stop=no new information in 3 consecutive turns
         TEST  smape=0.3047  rmse=2191.9009  pocid=50.00  mape=0.3061  | FLOOR smape=0.3047
         laya iter 1 -> best_DWT_rf conf=0.3381 rank=6
         laya iter 2 -> best_DWT_rf conf=0.3608 rank=6
         laya iter 3 -> best_DWT_rf conf=0.3608 rank=6
         laya iter 4 -> best_DWT_rf conf=0.3608 rank=6
[  28] best_single    score= 0.2266 origin=agent    iters=4 stop=no new information in 3 consecutive turns
         TEST  smape=0.5452  rmse=696.0374  pocid=58.33  mape=0.4129  | FLOOR smape=0.4769
         laya iter 1 -> best_ONLY_CWT_catboost conf=0.3016 rank=1
         laya iter 2 -> best_ONLY_CWT_catboost conf=0.2804 rank=1
         laya iter 3 -> best_ONLY_CWT_catboost conf=0.2804 rank=1
         laya iter 4 -> best_ONLY_CWT_catboost conf=0.2804 rank=1
[  29] best_single    score= 0.5115 origin=agent    iters=5 stop=no new information in 3 consecutive turns
         TEST  smape=0.1244  rmse=871.2082  pocid=83.33  mape=0.1153  | FLOOR smape=0.1259
         laya iter 1 -> mean_pool1 conf=0.2772 rank=8
         laya iter 2 -> best_FT_catboost conf=0.2833 rank=1
         laya iter 3 -> best_FT_catboost conf=0.2833 rank=1
         laya iter 4 -> best_FT_catboost conf=0.2833 rank=1
         laya iter 5 -> best_FT_catboost conf=0.2833 rank=1
[  30] best_single    score= 0.4765 origin=agent    iters=4 stop=no new information in 3 consecutive turns
         TEST  smape=0.2307  rmse=418.0932  pocid=50.00  mape=0.2333  | FLOOR smape=0.3433
         laya iter 1 -> best_ONLY_DWT_catboost conf=0.2939 rank=1
         laya iter 2 -> best_ONLY_DWT_catboost conf=0.2951 rank=1
         laya iter 3 -> best_ONLY_DWT_catboost conf=0.2951 rank=1
         laya iter 4 -> best_ONLY_DWT_catboost conf=0.2951 rank=1
[  31] mean           score= 0.4913 origin=agent    iters=5 stop=no new information in 3 consecutive turns
         TEST  smape=0.2812  rmse=1773.5280  pocid=58.33  mape=0.2418  | FLOOR smape=0.2666
         laya iter 1 -> mean_pool1 conf=0.3445 rank=1
         laya iter 2 -> mean_pool4 conf=0.2611 rank=1
         laya iter 3 -> mean_pool4 conf=0.2611 rank=1
         laya iter 4 -> mean_pool4 conf=0.2611 rank=1
         laya iter 5 -> mean_pool4 conf=0.2611 rank=1
[  32] trimmed_mean   score= 0.3412 origin=baseline iters=5 stop=no new information in 3 consecutive turns
         TEST  smape=0.1001  rmse=287.5269  pocid=83.33  mape=0.0995  | FLOOR smape=0.1001
         laya iter 1 -> mean_pool1 conf=0.2864 rank=2
         laya iter 2 -> best_ONLY_DWT_catboost conf=0.2827 rank=5
         laya iter 3 -> best_ONLY_DWT_catboost conf=0.2827 rank=5
         laya iter 4 -> best_ONLY_DWT_catboost conf=0.2827 rank=5
         laya iter 5 -> best_ONLY_DWT_catboost conf=0.2827 rank=5
[  33] best_single    score= 0.3274 origin=agent    iters=4 stop=no new information in 3 consecutive turns
         TEST  smape=0.1411  rmse=349.2867  pocid=75.00  mape=0.1378  | FLOOR smape=0.1593
         laya iter 1 -> best_ONLY_DWT_rf conf=0.2741 rank=1
         laya iter 2 -> best_ONLY_DWT_rf conf=0.294 rank=1
         laya iter 3 -> best_ONLY_DWT_rf conf=0.294 rank=1
         laya iter 4 -> best_ONLY_DWT_rf conf=0.294 rank=1
[  34] best_single    score= 0.3559 origin=agent    iters=4 stop=no new information in 3 consecutive turns
         TEST  smape=0.2296  rmse=464.2917  pocid=83.33  mape=0.1999  | FLOOR smape=0.1908
         laya iter 1 -> best_CWT_catboost conf=0.3132 rank=1
         laya iter 2 -> best_CWT_catboost conf=0.3521 rank=1
         laya iter 3 -> best_CWT_catboost conf=0.3521 rank=1
         laya iter 4 -> best_CWT_catboost conf=0.3521 rank=1
[  35] best_single    score= 0.3038 origin=agent    iters=5 stop=no new information in 3 consecutive turns
         TEST  smape=0.1253  rmse=2272.5748  pocid=83.33  mape=0.1360  | FLOOR smape=0.1271
         laya iter 1 -> mean_pool1 conf=0.263 rank=3
         laya iter 2 -> best_FT_catboost conf=0.248 rank=1
         laya iter 3 -> best_FT_catboost conf=0.248 rank=1
         laya iter 4 -> best_FT_catboost conf=0.248 rank=1
         laya iter 5 -> best_FT_catboost conf=0.248 rank=1
[  36] best_single    score= 0.3003 origin=agent    iters=4 stop=no new information in 3 consecutive turns
         TEST  smape=0.0700  rmse=226.4983  pocid=50.00  mape=0.0730  | FLOOR smape=0.0135
         laya iter 1 -> best_rf conf=0.6228 rank=1
         laya iter 2 -> best_rf conf=0.7446 rank=1
         laya iter 3 -> best_rf conf=0.7446 rank=1
         laya iter 4 -> best_rf conf=0.7446 rank=1
[  37] mean           score= 0.7056 origin=baseline iters=4 stop=no new information in 3 consecutive turns
         TEST  smape=0.0142  rmse=51.1963  pocid=75.00  mape=0.0140  | FLOOR smape=0.0142
         laya iter 1 -> best_DWT_rf conf=0.5689 rank=3
         laya iter 2 -> best_DWT_rf conf=0.7598 rank=3
         laya iter 3 -> best_DWT_rf conf=0.7598 rank=3
         laya iter 4 -> best_DWT_rf conf=0.7598 rank=3
[  38] trimmed_mean   score= 0.0464 origin=baseline iters=4 stop=no new information in 3 consecutive turns
         TEST  smape=0.0230  rmse=149.1667  pocid=41.67  mape=0.0233  | FLOOR smape=0.0230
         laya iter 1 -> best_DWT_rf conf=0.3091 rank=2
         laya iter 2 -> best_DWT_rf conf=0.3146 rank=2
         laya iter 3 -> best_DWT_rf conf=0.3146 rank=2
         laya iter 4 -> best_DWT_rf conf=0.3146 rank=2
[  39] best_single    score=-0.0034 origin=agent    iters=4 stop=no new information in 3 consecutive turns
         TEST  smape=0.0323  rmse=205.7199  pocid=33.33  mape=0.0329  | FLOOR smape=0.0275
         laya iter 1 -> best_ONLY_DWT_rf conf=0.2866 rank=1
         laya iter 2 -> best_ONLY_DWT_rf conf=0.3087 rank=1
         laya iter 3 -> best_ONLY_DWT_rf conf=0.3087 rank=1
         laya iter 4 -> best_ONLY_DWT_rf conf=0.3087 rank=1
[  40] best_single    score= 0.1200 origin=agent    iters=4 stop=no new information in 3 consecutive turns
         TEST  smape=0.0181  rmse=125.9207  pocid=25.00  mape=0.0183  | FLOOR smape=0.0120
         laya iter 1 -> best_FT_catboost conf=0.3549 rank=1
         laya iter 2 -> best_FT_catboost conf=0.3778 rank=1
         laya iter 3 -> best_FT_catboost conf=0.3778 rank=1
         laya iter 4 -> best_FT_catboost conf=0.3778 rank=1
[  41] best_single    score= 0.1940 origin=agent    iters=4 stop=no new information in 3 consecutive turns
         TEST  smape=0.0137  rmse=99.9876  pocid=8.33  mape=0.0138  | FLOOR smape=0.0113
         laya iter 1 -> best_DWT_catboost conf=0.3376 rank=1
         laya iter 2 -> best_DWT_catboost conf=0.415 rank=1
         laya iter 3 -> best_DWT_catboost conf=0.415 rank=1
         laya iter 4 -> best_DWT_catboost conf=0.415 rank=1
[  42] best_single    score= 0.2332 origin=agent    iters=5 stop=no new information in 3 consecutive turns
         TEST  smape=0.0078  rmse=56.4871  pocid=66.67  mape=0.0077  | FLOOR smape=0.0157
         laya iter 1 -> mean_pool1 conf=0.3261 rank=7
         laya iter 2 -> best_DWT_rf conf=0.2892 rank=1
         laya iter 3 -> best_DWT_rf conf=0.2892 rank=1
         laya iter 4 -> best_DWT_rf conf=0.2892 rank=1
         laya iter 5 -> best_DWT_rf conf=0.2892 rank=1
[  43] trimmed_mean   score= 0.0320 origin=baseline iters=5 stop=no new information in 3 consecutive turns
         TEST  smape=0.0254  rmse=158.6243  pocid=33.33  mape=0.0257  | FLOOR smape=0.0254
         laya iter 1 -> mean_pool_full conf=0.3061 rank=8
         laya iter 2 -> mean_pool4 conf=0.2417 rank=4
         laya iter 3 -> mean_pool4 conf=0.2417 rank=4
         laya iter 4 -> mean_pool4 conf=0.2417 rank=4
         laya iter 5 -> mean_pool4 conf=0.2417 rank=4
[  44] best_single    score= 0.4210 origin=agent    iters=4 stop=no new information in 3 consecutive turns
         TEST  smape=0.0403  rmse=152.1604  pocid=33.33  mape=0.0391  | FLOOR smape=0.0369
         laya iter 1 -> best_ONLY_FT_catboost conf=0.3225 rank=1
         laya iter 2 -> best_ONLY_FT_catboost conf=0.37 rank=1
         laya iter 3 -> best_ONLY_FT_catboost conf=0.37 rank=1
         laya iter 4 -> best_ONLY_FT_catboost conf=0.37 rank=1
[  45] median         score= 0.1267 origin=baseline iters=5 stop=no new information in 3 consecutive turns
         TEST  smape=0.0625  rmse=203.6255  pocid=33.33  mape=0.0646  | FLOOR smape=0.0625
         laya iter 1 -> mean_pool1 conf=0.2986 rank=7
         laya iter 2 -> best_FT_catboost conf=0.3071 rank=2
         laya iter 3 -> best_FT_catboost conf=0.3071 rank=2
         laya iter 4 -> best_FT_catboost conf=0.3071 rank=2
         laya iter 5 -> best_FT_catboost conf=0.3071 rank=2
[  46] best_single    score= 0.4413 origin=agent    iters=4 stop=no new information in 3 consecutive turns
         TEST  smape=0.0412  rmse=151.3095  pocid=41.67  mape=0.0400  | FLOOR smape=0.0404
         laya iter 1 -> best_ONLY_FT_catboost conf=0.3047 rank=1
         laya iter 2 -> best_ONLY_FT_catboost conf=0.3491 rank=1
         laya iter 3 -> best_ONLY_FT_catboost conf=0.3491 rank=1
         laya iter 4 -> best_ONLY_FT_catboost conf=0.3491 rank=1
[  47] best_single    score= 0.1076 origin=agent    iters=4 stop=no new information in 3 consecutive turns
         TEST  smape=0.0166  rmse=51.0157  pocid=75.00  mape=0.0164  | FLOOR smape=0.0095
         laya iter 1 -> best_ONLY_DWT_rf conf=0.408 rank=1
         laya iter 2 -> best_ONLY_DWT_rf conf=0.4133 rank=1
         laya iter 3 -> best_ONLY_DWT_rf conf=0.4133 rank=1
         laya iter 4 -> best_ONLY_DWT_rf conf=0.4133 rank=1
[  48] best_single    score= 0.5303 origin=agent    iters=5 stop=no new information in 3 consecutive turns
         TEST  smape=0.0207  rmse=82.3848  pocid=66.67  mape=0.0209  | FLOOR smape=0.0785
         laya iter 1 -> mean_pool1 conf=0.2832 rank=9
         laya iter 2 -> best_catboost conf=0.2631 rank=1
         laya iter 3 -> best_catboost conf=0.2631 rank=1
         laya iter 4 -> best_catboost conf=0.2631 rank=1
         laya iter 5 -> best_catboost conf=0.2631 rank=1
[  49] best_single    score= 0.3806 origin=agent    iters=4 stop=no new information in 3 consecutive turns
         TEST  smape=0.0259  rmse=95.3041  pocid=41.67  mape=0.0259  | FLOOR smape=0.0260
         laya iter 1 -> best_DWT_catboost conf=0.3105 rank=1
         laya iter 2 -> best_DWT_catboost conf=0.3325 rank=1
         laya iter 3 -> best_DWT_catboost conf=0.3325 rank=1
         laya iter 4 -> best_DWT_catboost conf=0.3325 rank=1
[  50] best_single    score= 0.0892 origin=agent    iters=4 stop=no new information in 3 consecutive turns
         TEST  smape=0.0159  rmse=121.4403  pocid=33.33  mape=0.0161  | FLOOR smape=0.0161
         laya iter 1 -> best_ONLY_CWT_rf conf=0.9679 rank=1
         laya iter 2 -> best_ONLY_CWT_rf conf=0.9782 rank=1
         laya iter 3 -> best_ONLY_CWT_rf conf=0.9782 rank=1
         laya iter 4 -> best_ONLY_CWT_rf conf=0.9782 rank=1
[  51] best_single    score= 0.1816 origin=agent    iters=4 stop=no new information in 3 consecutive turns
         TEST  smape=0.0146  rmse=134.0292  pocid=41.67  mape=0.0148  | FLOOR smape=0.0205
         laya iter 1 -> best_CWT_rf conf=0.304 rank=1
         laya iter 2 -> best_CWT_rf conf=0.3443 rank=1
         laya iter 3 -> best_CWT_rf conf=0.3443 rank=1
         laya iter 4 -> best_CWT_rf conf=0.3443 rank=1
[  52] best_single    score= 0.4421 origin=agent    iters=4 stop=no new information in 3 consecutive turns
         TEST  smape=0.1356  rmse=316.7600  pocid=50.00  mape=0.1238  | FLOOR smape=0.0824
         laya iter 1 -> best_CWT_catboost conf=0.2732 rank=1
         laya iter 2 -> best_CWT_catboost conf=0.2991 rank=1
         laya iter 3 -> best_CWT_catboost conf=0.2991 rank=1
         laya iter 4 -> best_CWT_catboost conf=0.2991 rank=1
[  53] best_single    score=-0.0955 origin=agent    iters=5 stop=no new information in 3 consecutive turns
         TEST  smape=0.0134  rmse=39.8220  pocid=91.67  mape=0.0136  | FLOOR smape=0.0114
         laya iter 1 -> mean_pool_full conf=0.276 rank=9
         laya iter 2 -> best_DWT_catboost conf=0.265 rank=1
         laya iter 3 -> best_DWT_catboost conf=0.265 rank=1
         laya iter 4 -> best_DWT_catboost conf=0.265 rank=1
         laya iter 5 -> best_DWT_catboost conf=0.265 rank=1
[  54] best_single    score= 0.2837 origin=agent    iters=4 stop=no new information in 3 consecutive turns
         TEST  smape=0.0503  rmse=327.8838  pocid=66.67  mape=0.0525  | FLOOR smape=0.0573
         laya iter 1 -> best_FT_rf conf=0.4548 rank=1
         laya iter 2 -> best_FT_rf conf=0.5692 rank=1
         laya iter 3 -> best_FT_rf conf=0.5692 rank=1
         laya iter 4 -> best_FT_rf conf=0.5692 rank=1
[  55] median         score= 0.4768 origin=baseline iters=5 stop=no new information in 3 consecutive turns
         TEST  smape=0.0566  rmse=272.2945  pocid=83.33  mape=0.0540  | FLOOR smape=0.0566
         laya iter 1 -> mean_pool_full conf=0.289 rank=2
         laya iter 2 -> best_ONLY_DWT_catboost conf=0.2799 rank=2
         laya iter 3 -> best_ONLY_DWT_catboost conf=0.2799 rank=2
         laya iter 4 -> best_ONLY_DWT_catboost conf=0.2799 rank=2
         laya iter 5 -> best_ONLY_DWT_catboost conf=0.2799 rank=2
[  56] best_single    score= 0.3096 origin=agent    iters=5 stop=no new information in 3 consecutive turns
         TEST  smape=0.4169  rmse=559.5087  pocid=75.00  mape=0.3052  | FLOOR smape=0.1753
         laya iter 1 -> mean_pool1 conf=0.305 rank=3
         laya iter 2 -> best_CWT_rf conf=0.3421 rank=1
         laya iter 3 -> best_CWT_rf conf=0.3421 rank=1
         laya iter 4 -> best_CWT_rf conf=0.3421 rank=1
         laya iter 5 -> best_CWT_rf conf=0.3421 rank=1
[  57] median         score= 0.6551 origin=baseline iters=5 stop=no new information in 3 consecutive turns
         TEST  smape=0.0880  rmse=341.6351  pocid=58.33  mape=0.0850  | FLOOR smape=0.0880
         laya iter 1 -> mean_pool1 conf=0.336 rank=5
         laya iter 2 -> mean_pool4 conf=0.246 rank=10
         laya iter 3 -> mean_pool4 conf=0.246 rank=10
         laya iter 4 -> mean_pool4 conf=0.246 rank=10
         laya iter 5 -> mean_pool4 conf=0.246 rank=10
[  58] best_single    score= 0.5868 origin=agent    iters=4 stop=no new information in 3 consecutive turns
         TEST  smape=0.2166  rmse=495.5378  pocid=100.00  mape=0.2572  | FLOOR smape=0.1854
         laya iter 1 -> best_FT_rf conf=0.872 rank=1
         laya iter 2 -> best_FT_rf conf=0.9289 rank=1
         laya iter 3 -> best_FT_rf conf=0.9289 rank=1
         laya iter 4 -> best_FT_rf conf=0.9289 rank=1
[  59] trimmed_mean   score= 0.1513 origin=baseline iters=4 stop=no new information in 3 consecutive turns
         TEST  smape=0.0334  rmse=349.3081  pocid=75.00  mape=0.0327  | FLOOR smape=0.0334
         laya iter 1 -> best_FT_rf conf=0.3138 rank=5
         laya iter 2 -> best_FT_rf conf=0.3141 rank=5
         laya iter 3 -> best_FT_rf conf=0.3141 rank=5
         laya iter 4 -> best_FT_rf conf=0.3141 rank=5
[  60] mean           score= 0.1213 origin=baseline iters=5 stop=no new information in 3 consecutive turns
         TEST  smape=0.0348  rmse=428.3169  pocid=16.67  mape=0.0350  | FLOOR smape=0.0348
         laya iter 1 -> mean_pool1 conf=0.324 rank=6
         laya iter 2 -> mean_pool4 conf=0.2482 rank=8
         laya iter 3 -> mean_pool4 conf=0.2482 rank=8
         laya iter 4 -> mean_pool4 conf=0.2482 rank=8
         laya iter 5 -> mean_pool4 conf=0.2482 rank=8
[  61] best_single    score= 0.0737 origin=agent    iters=4 stop=no new information in 3 consecutive turns
         TEST  smape=0.0211  rmse=201.4007  pocid=33.33  mape=0.0209  | FLOOR smape=0.0245
         laya iter 1 -> best_CWT_rf conf=0.3196 rank=1
         laya iter 2 -> best_CWT_rf conf=0.3862 rank=1
         laya iter 3 -> best_CWT_rf conf=0.3862 rank=1
         laya iter 4 -> best_CWT_rf conf=0.3862 rank=1
[  62] best_single    score= 0.0634 origin=agent    iters=4 stop=no new information in 3 consecutive turns
         TEST  smape=0.0200  rmse=212.1813  pocid=33.33  mape=0.0195  | FLOOR smape=0.0203
         laya iter 1 -> best_DWT_catboost conf=0.3537 rank=1
         laya iter 2 -> best_DWT_catboost conf=0.4481 rank=1
         laya iter 3 -> best_DWT_catboost conf=0.4481 rank=1
         laya iter 4 -> best_DWT_catboost conf=0.4481 rank=1
[  63] best_single    score=-0.0941 origin=agent    iters=4 stop=no new information in 3 consecutive turns
         TEST  smape=0.0154  rmse=333.2679  pocid=100.00  mape=0.0152  | FLOOR smape=0.0184
         laya iter 1 -> best_ONLY_CWT_rf conf=0.2961 rank=1
         laya iter 2 -> best_ONLY_CWT_rf conf=0.3172 rank=1
         laya iter 3 -> best_ONLY_CWT_rf conf=0.3172 rank=1
         laya iter 4 -> best_ONLY_CWT_rf conf=0.3172 rank=1
[  64] best_single    score=-0.1076 origin=agent    iters=4 stop=no new information in 3 consecutive turns
         TEST  smape=0.0212  rmse=541.7724  pocid=91.67  mape=0.0209  | FLOOR smape=0.0187
         laya iter 1 -> best_DWT_rf conf=0.3947 rank=1
         laya iter 2 -> best_DWT_rf conf=0.4565 rank=1
         laya iter 3 -> best_DWT_rf conf=0.4565 rank=1
         laya iter 4 -> best_DWT_rf conf=0.4565 rank=1
[  65] median         score=-0.1448 origin=baseline iters=5 stop=no new information in 3 consecutive turns
         TEST  smape=0.0060  rmse=51.9880  pocid=91.67  mape=0.0060  | FLOOR smape=0.0060
         laya iter 1 -> mean_pool1 conf=0.2898 rank=5
         laya iter 2 -> best_CWT_rf conf=0.3138 rank=2
         laya iter 3 -> best_CWT_rf conf=0.3138 rank=2
         laya iter 4 -> best_CWT_rf conf=0.3138 rank=2
         laya iter 5 -> best_CWT_rf conf=0.3138 rank=2
[  66] trimmed_mean   score= 0.0465 origin=baseline iters=5 stop=no new information in 3 consecutive turns
         TEST  smape=0.0257  rmse=411.8384  pocid=66.67  mape=0.0253  | FLOOR smape=0.0257
         laya iter 1 -> mean_pool1 conf=0.269 rank=5
         laya iter 2 -> best_FT_catboost conf=0.2753 rank=4
         laya iter 3 -> best_FT_catboost conf=0.2753 rank=4
         laya iter 4 -> best_FT_catboost conf=0.2753 rank=4
         laya iter 5 -> best_FT_catboost conf=0.2753 rank=4
[  67] best_single    score=-0.0483 origin=agent    iters=4 stop=no new information in 3 consecutive turns
         TEST  smape=0.0059  rmse=49.6992  pocid=75.00  mape=0.0059  | FLOOR smape=0.0103
         laya iter 1 -> best_rf conf=0.9191 rank=1
         laya iter 2 -> best_rf conf=0.954 rank=1
         laya iter 3 -> best_rf conf=0.954 rank=1
         laya iter 4 -> best_rf conf=0.954 rank=1
[  68] best_single    score=-0.0240 origin=agent    iters=5 stop=no new information in 3 consecutive turns
         TEST  smape=0.0141  rmse=103.0350  pocid=66.67  mape=0.0140  | FLOOR smape=0.0135
         laya iter 1 -> mean_pool1 conf=0.2628 rank=5
         laya iter 2 -> best_ONLY_CWT_rf conf=0.2308 rank=1
         laya iter 3 -> best_ONLY_CWT_rf conf=0.2308 rank=1
         laya iter 4 -> best_ONLY_CWT_rf conf=0.2308 rank=1
         laya iter 5 -> best_ONLY_CWT_rf conf=0.2308 rank=1
[  69] mean           score=-0.0609 origin=baseline iters=4 stop=no new information in 3 consecutive turns
         TEST  smape=0.0105  rmse=34.8510  pocid=50.00  mape=0.0104  | FLOOR smape=0.0105
         laya iter 1 -> best_DWT_catboost conf=0.3146 rank=4
         laya iter 2 -> best_DWT_catboost conf=0.4046 rank=4
         laya iter 3 -> best_DWT_catboost conf=0.4046 rank=4
         laya iter 4 -> best_DWT_catboost conf=0.4046 rank=4
[  70] mean           score= 0.1476 origin=baseline iters=5 stop=no new information in 3 consecutive turns
         TEST  smape=0.4482  rmse=1153.4893  pocid=50.00  mape=0.3475  | FLOOR smape=0.4482
         laya iter 1 -> mean_pool1 conf=0.3514 rank=1
         laya iter 2 -> best_DWT_rf conf=0.3704 rank=6
         laya iter 3 -> best_DWT_rf conf=0.3704 rank=6
         laya iter 4 -> best_DWT_rf conf=0.3704 rank=6
         laya iter 5 -> best_DWT_rf conf=0.3704 rank=6
[  71] mean           score= 0.1407 origin=baseline iters=5 stop=no new information in 3 consecutive turns
         TEST  smape=0.2485  rmse=560.2686  pocid=41.67  mape=0.1850  | FLOOR smape=0.2485
         laya iter 1 -> mean_pool1 conf=0.325 rank=2
         laya iter 2 -> mean_pool4 conf=0.2423 rank=10
         laya iter 3 -> mean_pool4 conf=0.2423 rank=10
         laya iter 4 -> mean_pool4 conf=0.2423 rank=10
         laya iter 5 -> mean_pool4 conf=0.2423 rank=10
[  72] best_single    score= 0.1179 origin=agent    iters=5 stop=no new information in 3 consecutive turns
         TEST  smape=0.0625  rmse=151.3030  pocid=75.00  mape=0.0591  | FLOOR smape=0.1530
         laya iter 1 -> mean_pool1 conf=0.293 rank=4
         laya iter 2 -> best_CWT_rf conf=0.3084 rank=1
         laya iter 3 -> best_CWT_rf conf=0.3084 rank=1
         laya iter 4 -> best_CWT_rf conf=0.3084 rank=1
         laya iter 5 -> best_CWT_rf conf=0.3084 rank=1
[  73] dba            score= 0.6403 origin=baseline iters=5 stop=no new information in 3 consecutive turns
         TEST  smape=0.1134  rmse=677.2868  pocid=66.67  mape=0.1120  | FLOOR smape=0.1134
         laya iter 1 -> mean_pool1 conf=0.2745 rank=5
         laya iter 2 -> best_ONLY_FT_rf conf=0.2545 rank=2
         laya iter 3 -> best_ONLY_FT_rf conf=0.2545 rank=2
         laya iter 4 -> best_ONLY_FT_rf conf=0.2545 rank=2
         laya iter 5 -> best_ONLY_FT_rf conf=0.2545 rank=2
[  74] best_single    score= 0.0458 origin=agent    iters=4 stop=no new information in 3 consecutive turns
         TEST  smape=0.0413  rmse=1288.3566  pocid=41.67  mape=0.0427  | FLOOR smape=0.0292
         laya iter 1 -> best_ONLY_DWT_catboost conf=0.2983 rank=1
         laya iter 2 -> best_ONLY_DWT_catboost conf=0.3281 rank=1
         laya iter 3 -> best_ONLY_DWT_catboost conf=0.3281 rank=1
         laya iter 4 -> best_ONLY_DWT_catboost conf=0.3281 rank=1
[  75] best_single    score= 0.0053 origin=agent    iters=4 stop=no new information in 3 consecutive turns
         TEST  smape=0.2614  rmse=120.3483  pocid=8.33  mape=0.3450  | FLOOR smape=1.3326
         laya iter 1 -> best_catboost conf=0.3076 rank=1
         laya iter 2 -> best_catboost conf=0.3772 rank=1
         laya iter 3 -> best_catboost conf=0.3772 rank=1
         laya iter 4 -> best_catboost conf=0.3772 rank=1
[  76] best_single    score=-0.0651 origin=agent    iters=4 stop=no new information in 3 consecutive turns
         TEST  smape=0.2381  rmse=1010.6013  pocid=58.33  mape=0.2109  | FLOOR smape=0.2484
         laya iter 1 -> best_ONLY_DWT_rf conf=0.3954 rank=1
         laya iter 2 -> best_ONLY_DWT_rf conf=0.4315 rank=1
         laya iter 3 -> best_ONLY_DWT_rf conf=0.4315 rank=1
         laya iter 4 -> best_ONLY_DWT_rf conf=0.4315 rank=1
[  77] best_single    score= 0.3725 origin=agent    iters=4 stop=no new information in 3 consecutive turns
         TEST  smape=0.2199  rmse=949.6860  pocid=91.67  mape=0.1958  | FLOOR smape=0.2407
         laya iter 1 -> best_ONLY_CWT_catboost conf=0.9314 rank=1
         laya iter 2 -> best_ONLY_CWT_catboost conf=0.9262 rank=1
         laya iter 3 -> best_ONLY_CWT_catboost conf=0.9262 rank=1
         laya iter 4 -> best_ONLY_CWT_catboost conf=0.9262 rank=1
[  78] mean           score= 0.7000 origin=baseline iters=5 stop=no new information in 3 consecutive turns
         TEST  smape=0.0850  rmse=186.3297  pocid=50.00  mape=0.0910  | FLOOR smape=0.0850
         laya iter 1 -> mean_pool1 conf=0.2727 rank=9
         laya iter 2 -> mean_pool4 conf=0.2636 rank=10
         laya iter 3 -> mean_pool4 conf=0.2636 rank=10
         laya iter 4 -> mean_pool4 conf=0.2636 rank=10
         laya iter 5 -> mean_pool4 conf=0.2636 rank=10
[  79] mean           score= 0.7000 origin=baseline iters=4 stop=no new information in 3 consecutive turns
         TEST  smape=0.1335  rmse=285.3542  pocid=41.67  mape=0.1471  | FLOOR smape=0.1335
         laya iter 1 -> best_ONLY_DWT_catboost conf=0.2885 rank=4
         laya iter 2 -> best_ONLY_DWT_catboost conf=0.2694 rank=4
         laya iter 3 -> best_ONLY_DWT_catboost conf=0.2694 rank=4
         laya iter 4 -> best_ONLY_DWT_catboost conf=0.2694 rank=4
[  80] best_single    score= 0.1345 origin=agent    iters=4 stop=no new information in 3 consecutive turns
         TEST  smape=0.0292  rmse=837.4919  pocid=58.33  mape=0.0297  | FLOOR smape=0.0254
         laya iter 1 -> best_ONLY_DWT_rf conf=0.3846 rank=1
         laya iter 2 -> best_ONLY_DWT_rf conf=0.4966 rank=1
         laya iter 3 -> best_ONLY_DWT_rf conf=0.4966 rank=1
         laya iter 4 -> best_ONLY_DWT_rf conf=0.4966 rank=1
[  81] best_single    score=-0.1398 origin=agent    iters=4 stop=no new information in 3 consecutive turns
         TEST  smape=0.0023  rmse=11.3651  pocid=83.33  mape=0.0023  | FLOOR smape=0.0020
         laya iter 1 -> best_FT_rf conf=0.277 rank=1
         laya iter 2 -> best_FT_rf conf=0.2767 rank=1
         laya iter 3 -> best_FT_rf conf=0.2767 rank=1
         laya iter 4 -> best_FT_rf conf=0.2767 rank=1
[  82] best_single    score= 0.3738 origin=agent    iters=4 stop=no new information in 3 consecutive turns
         TEST  smape=0.0316  rmse=273.9036  pocid=33.33  mape=0.0326  | FLOOR smape=0.0158
         laya iter 1 -> best_rf conf=0.397 rank=1
         laya iter 2 -> best_rf conf=0.5639 rank=1
         laya iter 3 -> best_rf conf=0.5639 rank=1
         laya iter 4 -> best_rf conf=0.5639 rank=1
[  83] trimmed_mean   score= 0.3515 origin=baseline iters=5 stop=no new information in 3 consecutive turns
         TEST  smape=0.0097  rmse=65.5074  pocid=75.00  mape=0.0097  | FLOOR smape=0.0097
         laya iter 1 -> mean_pool1 conf=0.2842 rank=2
         laya iter 2 -> best_DWT_rf conf=0.252 rank=2
         laya iter 3 -> best_DWT_rf conf=0.252 rank=2
         laya iter 4 -> best_DWT_rf conf=0.252 rank=2
         laya iter 5 -> best_DWT_rf conf=0.252 rank=2
[  84] median         score=-0.0043 origin=baseline iters=4 stop=no new information in 3 consecutive turns
         TEST  smape=0.0101  rmse=211.9388  pocid=66.67  mape=0.0100  | FLOOR smape=0.0101
         laya iter 1 -> best_rf conf=0.2601 rank=2
         laya iter 2 -> best_rf conf=0.2428 rank=2
         laya iter 3 -> best_rf conf=0.2428 rank=2
         laya iter 4 -> best_rf conf=0.2428 rank=2
[  85] best_single    score=-0.0753 origin=agent    iters=4 stop=no new information in 3 consecutive turns
         TEST  smape=0.0122  rmse=228.7026  pocid=75.00  mape=0.0121  | FLOOR smape=0.0116
         laya iter 1 -> best_ONLY_CWT_catboost conf=0.2993 rank=1
         laya iter 2 -> best_ONLY_CWT_catboost conf=0.3366 rank=1
         laya iter 3 -> best_ONLY_CWT_catboost conf=0.3366 rank=1
         laya iter 4 -> best_ONLY_CWT_catboost conf=0.3366 rank=1
[  86] best_single    score=-0.0638 origin=agent    iters=5 stop=no new information in 3 consecutive turns
         TEST  smape=0.0319  rmse=36.8164  pocid=58.33  mape=0.0313  | FLOOR smape=0.0168
         laya iter 1 -> best_ONLY_CWT_catboost conf=0.2931 rank=8
         laya iter 2 -> best_CWT_catboost conf=0.3294 rank=1
         laya iter 3 -> best_CWT_catboost conf=0.3294 rank=1
         laya iter 4 -> best_CWT_catboost conf=0.3294 rank=1
         laya iter 5 -> best_CWT_catboost conf=0.3294 rank=1
[  87] best_single    score=-0.0639 origin=agent    iters=4 stop=no new information in 3 consecutive turns
         TEST  smape=0.0055  rmse=80.2186  pocid=75.00  mape=0.0055  | FLOOR smape=0.0031
         laya iter 1 -> best_rf conf=0.7197 rank=1
         laya iter 2 -> best_rf conf=0.7809 rank=1
         laya iter 3 -> best_rf conf=0.7809 rank=1
         laya iter 4 -> best_rf conf=0.7809 rank=1
[  88] trimmed_mean   score=-0.0096 origin=baseline iters=5 stop=no new information in 3 consecutive turns
         TEST  smape=0.0997  rmse=125.5049  pocid=75.00  mape=0.1058  | FLOOR smape=0.0997
         laya iter 1 -> mean_pool_full conf=0.2743 rank=9
         laya iter 2 -> mean_pool4 conf=0.2198 rank=8
         laya iter 3 -> mean_pool4 conf=0.2198 rank=8
         laya iter 4 -> mean_pool4 conf=0.2198 rank=8
         laya iter 5 -> mean_pool4 conf=0.2198 rank=8
[  89] mean           score= 0.0512 origin=baseline iters=5 stop=no new information in 3 consecutive turns
         TEST  smape=0.0193  rmse=43.2334  pocid=50.00  mape=0.0196  | FLOOR smape=0.0193
         laya iter 1 -> mean_pool1 conf=0.257 rank=1
         laya iter 2 -> mean_pool4 conf=0.2327 rank=2
         laya iter 3 -> mean_pool4 conf=0.2327 rank=2
         laya iter 4 -> mean_pool4 conf=0.2327 rank=2
         laya iter 5 -> mean_pool4 conf=0.2327 rank=2
[  90] best_single    score=-0.0140 origin=agent    iters=4 stop=no new information in 3 consecutive turns
         TEST  smape=0.0294  rmse=621.4291  pocid=66.67  mape=0.0299  | FLOOR smape=0.0324
         laya iter 1 -> best_ONLY_FT_catboost conf=0.493 rank=1
         laya iter 2 -> best_ONLY_FT_catboost conf=0.5861 rank=1
         laya iter 3 -> best_ONLY_FT_catboost conf=0.5861 rank=1
         laya iter 4 -> best_ONLY_FT_catboost conf=0.5861 rank=1
[  91] trimmed_mean   score=-0.0586 origin=baseline iters=4 stop=no new information in 3 consecutive turns
         TEST  smape=0.0696  rmse=1732.9826  pocid=58.33  mape=0.0727  | FLOOR smape=0.0696
         laya iter 1 -> best_ONLY_CWT_rf conf=0.5979 rank=7
         laya iter 2 -> best_ONLY_CWT_rf conf=0.6455 rank=7
         laya iter 3 -> best_ONLY_CWT_rf conf=0.6455 rank=7
         laya iter 4 -> best_ONLY_CWT_rf conf=0.6455 rank=7
[  92] best_single    score= 0.3060 origin=agent    iters=4 stop=no new information in 3 consecutive turns
         TEST  smape=0.0028  rmse=5.7966  pocid=83.33  mape=0.0028  | FLOOR smape=0.0043
         laya iter 1 -> best_CWT_catboost conf=0.3115 rank=1
         laya iter 2 -> best_CWT_catboost conf=0.3071 rank=1
         laya iter 3 -> best_CWT_catboost conf=0.3071 rank=1
         laya iter 4 -> best_CWT_catboost conf=0.3071 rank=1
[  93] best_single    score= 0.2520 origin=agent    iters=4 stop=no new information in 3 consecutive turns
         TEST  smape=0.1270  rmse=271.7649  pocid=33.33  mape=0.1177  | FLOOR smape=0.1178
         laya iter 1 -> best_rf conf=0.736 rank=1
         laya iter 2 -> best_rf conf=0.8298 rank=1
         laya iter 3 -> best_rf conf=0.8298 rank=1
         laya iter 4 -> best_rf conf=0.8298 rank=1
[  94] median         score= 0.5014 origin=baseline iters=5 stop=no new information in 3 consecutive turns
         TEST  smape=0.0874  rmse=179.8224  pocid=41.67  mape=0.0826  | FLOOR smape=0.0874
         laya iter 1 -> mean_pool1 conf=0.2843 rank=4
         laya iter 2 -> mean_pool4 conf=0.2298 rank=8
         laya iter 3 -> mean_pool4 conf=0.2298 rank=8
         laya iter 4 -> mean_pool4 conf=0.2298 rank=8
         laya iter 5 -> mean_pool4 conf=0.2298 rank=8
[  95] trimmed_mean   score=-0.1123 origin=baseline iters=4 stop=no new information in 3 consecutive turns
         TEST  smape=0.0031  rmse=43.2997  pocid=83.33  mape=0.0031  | FLOOR smape=0.0031
         laya iter 1 -> best_DWT_rf conf=0.3256 rank=2
         laya iter 2 -> best_DWT_rf conf=0.4028 rank=2
         laya iter 3 -> best_DWT_rf conf=0.4028 rank=2
         laya iter 4 -> best_DWT_rf conf=0.4028 rank=2
[  96] trimmed_mean   score= 0.0306 origin=baseline iters=5 stop=no new information in 3 consecutive turns
         TEST  smape=0.0312  rmse=20.9591  pocid=91.67  mape=0.0305  | FLOOR smape=0.0312
         laya iter 1 -> best_ONLY_FT_rf conf=0.3009 rank=8
         laya iter 2 -> best_ONLY_CWT_rf conf=0.3114 rank=4
         laya iter 3 -> best_ONLY_CWT_rf conf=0.3114 rank=4
         laya iter 4 -> best_ONLY_CWT_rf conf=0.3114 rank=4
         laya iter 5 -> best_ONLY_CWT_rf conf=0.3114 rank=4
[  97] mean           score= 0.0072 origin=baseline iters=5 stop=no new information in 3 consecutive turns
         TEST  smape=0.0219  rmse=17.8919  pocid=91.67  mape=0.0217  | FLOOR smape=0.0219
         laya iter 1 -> mean_pool_full conf=0.2503 rank=8
         laya iter 2 -> best_DWT_catboost conf=0.2411 rank=2
         laya iter 3 -> best_DWT_catboost conf=0.2411 rank=2
         laya iter 4 -> best_DWT_catboost conf=0.2411 rank=2
         laya iter 5 -> best_DWT_catboost conf=0.2411 rank=2
[  98] best_single    score= 0.0029 origin=agent    iters=4 stop=no new information in 3 consecutive turns
         TEST  smape=0.0118  rmse=185.4583  pocid=66.67  mape=0.0119  | FLOOR smape=0.0130
         laya iter 1 -> best_DWT_rf conf=0.4719 rank=1
         laya iter 2 -> best_DWT_rf conf=0.6062 rank=1
         laya iter 3 -> best_DWT_rf conf=0.6062 rank=1
         laya iter 4 -> best_DWT_rf conf=0.6062 rank=1
[  99] median         score=-0.0868 origin=baseline iters=4 stop=no new information in 3 consecutive turns
         TEST  smape=0.0156  rmse=210.5997  pocid=75.00  mape=0.0155  | FLOOR smape=0.0156
         laya iter 1 -> best_FT_rf conf=0.4071 rank=2
         laya iter 2 -> best_FT_rf conf=0.5429 rank=2
         laya iter 3 -> best_FT_rf conf=0.5429 rank=2
         laya iter 4 -> best_FT_rf conf=0.5429 rank=2
[ 100] best_single    score=-0.0119 origin=agent    iters=5 stop=no new information in 3 consecutive turns
         TEST  smape=0.0039  rmse=44.9234  pocid=91.67  mape=0.0039  | FLOOR smape=0.0025
         laya iter 1 -> mean_pool1 conf=0.2882 rank=2
         laya iter 2 -> best_FT_catboost conf=0.2972 rank=1
         laya iter 3 -> best_FT_catboost conf=0.2972 rank=1
         laya iter 4 -> best_FT_catboost conf=0.2972 rank=1
         laya iter 5 -> best_FT_catboost conf=0.2972 rank=1
[ 101] trimmed_mean   score=-0.0831 origin=baseline iters=4 stop=no new information in 3 consecutive turns
         TEST  smape=0.0221  rmse=389.5042  pocid=50.00  mape=0.0224  | FLOOR smape=0.0221
         laya iter 1 -> best_CWT_rf conf=0.3758 rank=5
         laya iter 2 -> best_CWT_rf conf=0.5107 rank=5
         laya iter 3 -> best_CWT_rf conf=0.5107 rank=5
         laya iter 4 -> best_CWT_rf conf=0.5107 rank=5
[ 102] trimmed_mean   score=-0.0121 origin=baseline iters=4 stop=no new information in 3 consecutive turns
         TEST  smape=0.0295  rmse=134.8050  pocid=58.33  mape=0.0294  | FLOOR smape=0.0295
         laya iter 1 -> best_ONLY_DWT_rf conf=0.3592 rank=3
         laya iter 2 -> best_ONLY_DWT_rf conf=0.4332 rank=3
         laya iter 3 -> best_ONLY_DWT_rf conf=0.4332 rank=3
         laya iter 4 -> best_ONLY_DWT_rf conf=0.4332 rank=3
[ 103] best_single    score= 0.3026 origin=agent    iters=4 stop=no new information in 3 consecutive turns
         TEST  smape=0.0306  rmse=33.2086  pocid=83.33  mape=0.0312  | FLOOR smape=0.0256
         laya iter 1 -> best_ONLY_CWT_catboost conf=0.8867 rank=1
         laya iter 2 -> best_ONLY_CWT_catboost conf=0.9386 rank=1
         laya iter 3 -> best_ONLY_CWT_catboost conf=0.9386 rank=1
         laya iter 4 -> best_ONLY_CWT_catboost conf=0.9386 rank=1
[ 104] trimmed_mean   score=-0.0949 origin=baseline iters=4 stop=no new information in 3 consecutive turns
         TEST  smape=0.0116  rmse=127.8934  pocid=33.33  mape=0.0117  | FLOOR smape=0.0116
         laya iter 1 -> best_rf conf=0.4223 rank=4
         laya iter 2 -> best_rf conf=0.5361 rank=4
         laya iter 3 -> best_rf conf=0.5361 rank=4
         laya iter 4 -> best_rf conf=0.5361 rank=4
[ 105] best_single    score= 0.1103 origin=agent    iters=4 stop=no new information in 3 consecutive turns
         TEST  smape=0.0028  rmse=7.1052  pocid=83.33  mape=0.0028  | FLOOR smape=0.0019
         laya iter 1 -> best_ONLY_CWT_rf conf=0.49 rank=1
         laya iter 2 -> best_ONLY_CWT_rf conf=0.6862 rank=1
         laya iter 3 -> best_ONLY_CWT_rf conf=0.6862 rank=1
         laya iter 4 -> best_ONLY_CWT_rf conf=0.6862 rank=1
[ 106] trimmed_mean   score=-0.0606 origin=baseline iters=5 stop=no new information in 3 consecutive turns
         TEST  smape=0.0115  rmse=305.2292  pocid=66.67  mape=0.0114  | FLOOR smape=0.0115
         laya iter 1 -> best_ONLY_DWT_catboost conf=0.3499 rank=3
         laya iter 2 -> best_rf conf=0.4182 rank=5
         laya iter 3 -> best_rf conf=0.4182 rank=5
         laya iter 4 -> best_rf conf=0.4182 rank=5
         laya iter 5 -> best_rf conf=0.4182 rank=5
[ 107] best_single    score=-0.1234 origin=agent    iters=4 stop=no new information in 3 consecutive turns
         TEST  smape=0.0074  rmse=150.9616  pocid=66.67  mape=0.0074  | FLOOR smape=0.0074
         laya iter 1 -> best_FT_rf conf=0.3033 rank=1
         laya iter 2 -> best_FT_rf conf=0.3047 rank=1
         laya iter 3 -> best_FT_rf conf=0.3047 rank=1
         laya iter 4 -> best_FT_rf conf=0.3047 rank=1
[ 108] mean           score=-0.0973 origin=baseline iters=5 stop=no new information in 3 consecutive turns
         TEST  smape=0.0092  rmse=149.9241  pocid=66.67  mape=0.0092  | FLOOR smape=0.0092
         laya iter 1 -> mean_pool1 conf=0.297 rank=6
         laya iter 2 -> best_ONLY_FT_rf conf=0.2562 rank=8
         laya iter 3 -> best_ONLY_FT_rf conf=0.2562 rank=8
         laya iter 4 -> best_ONLY_FT_rf conf=0.2562 rank=8
         laya iter 5 -> best_ONLY_FT_rf conf=0.2562 rank=8
[ 109] best_single    score= 0.0801 origin=agent    iters=4 stop=no new information in 3 consecutive turns
         TEST  smape=0.0168  rmse=141.9116  pocid=58.33  mape=0.0166  | FLOOR smape=0.0121
         laya iter 1 -> best_rf conf=0.5908 rank=1
         laya iter 2 -> best_rf conf=0.7096 rank=1
         laya iter 3 -> best_rf conf=0.7096 rank=1
         laya iter 4 -> best_rf conf=0.7096 rank=1
[ 110] trimmed_mean   score=-0.0410 origin=baseline iters=4 stop=no new information in 3 consecutive turns
         TEST  smape=0.0209  rmse=23.7062  pocid=75.00  mape=0.0206  | FLOOR smape=0.0209
         laya iter 1 -> best_CWT_catboost conf=0.4178 rank=2
         laya iter 2 -> best_CWT_catboost conf=0.4972 rank=2
         laya iter 3 -> best_CWT_catboost conf=0.4972 rank=2
         laya iter 4 -> best_CWT_catboost conf=0.4972 rank=2
[ 111] best_single    score=-0.0820 origin=agent    iters=5 stop=no new information in 3 consecutive turns
         TEST  smape=0.0069  rmse=74.0921  pocid=50.00  mape=0.0069  | FLOOR smape=0.0037
         laya iter 1 -> mean_pool1 conf=0.2533 rank=6
         laya iter 2 -> best_FT_catboost conf=0.2494 rank=1
         laya iter 3 -> best_FT_catboost conf=0.2494 rank=1
         laya iter 4 -> best_FT_catboost conf=0.2494 rank=1
         laya iter 5 -> best_FT_catboost conf=0.2494 rank=1
[ 112] mean           score=-0.0947 origin=baseline iters=4 stop=no new information in 3 consecutive turns
         TEST  smape=0.0344  rmse=30.1095  pocid=83.33  mape=0.0351  | FLOOR smape=0.0344
         laya iter 1 -> best_ONLY_CWT_catboost conf=0.3096 rank=3
         laya iter 2 -> best_ONLY_CWT_catboost conf=0.2958 rank=3
         laya iter 3 -> best_ONLY_CWT_catboost conf=0.2958 rank=3
         laya iter 4 -> best_ONLY_CWT_catboost conf=0.2958 rank=3
[ 113] median         score= 0.2069 origin=baseline iters=5 stop=no new information in 3 consecutive turns
         TEST  smape=0.0256  rmse=284.5511  pocid=41.67  mape=0.0260  | FLOOR smape=0.0256
         laya iter 1 -> mean_pool_full conf=0.2603 rank=8
         laya iter 2 -> mean_pool4 conf=0.2214 rank=8
         laya iter 3 -> mean_pool4 conf=0.2214 rank=8
         laya iter 4 -> mean_pool4 conf=0.2214 rank=8
         laya iter 5 -> mean_pool4 conf=0.2214 rank=8
[ 114] trimmed_mean   score= 0.0925 origin=baseline iters=5 stop=no new information in 3 consecutive turns
         TEST  smape=0.0382  rmse=459.8593  pocid=33.33  mape=0.0390  | FLOOR smape=0.0382
         laya iter 1 -> mean_pool_full conf=0.2934 rank=8
         laya iter 2 -> mean_pool4 conf=0.231 rank=8
         laya iter 3 -> mean_pool4 conf=0.231 rank=8
         laya iter 4 -> mean_pool4 conf=0.231 rank=8
         laya iter 5 -> mean_pool4 conf=0.231 rank=8
[ 115] trimmed_mean   score=-0.0266 origin=baseline iters=5 stop=no new information in 3 consecutive turns
         TEST  smape=0.0408  rmse=695.4162  pocid=75.00  mape=0.0419  | FLOOR smape=0.0408
         laya iter 1 -> mean_pool_full conf=0.2852 rank=8
         laya iter 2 -> best_ONLY_DWT_rf conf=0.2492 rank=8
         laya iter 3 -> best_ONLY_DWT_rf conf=0.2492 rank=8
         laya iter 4 -> best_ONLY_DWT_rf conf=0.2492 rank=8
         laya iter 5 -> best_ONLY_DWT_rf conf=0.2492 rank=8
[ 116] best_single    score=-0.0487 origin=agent    iters=4 stop=no new information in 3 consecutive turns
         TEST  smape=0.0159  rmse=181.9204  pocid=58.33  mape=0.0156  | FLOOR smape=0.0182
         laya iter 1 -> best_FT_rf conf=0.4063 rank=1
         laya iter 2 -> best_FT_rf conf=0.5218 rank=1
         laya iter 3 -> best_FT_rf conf=0.5218 rank=1
         laya iter 4 -> best_FT_rf conf=0.5218 rank=1
[ 117] best_single    score= 0.3675 origin=agent    iters=4 stop=no new information in 3 consecutive turns
         TEST  smape=0.0059  rmse=10.9859  pocid=75.00  mape=0.0058  | FLOOR smape=0.0046
         laya iter 1 -> best_ONLY_CWT_catboost conf=0.3166 rank=1
         laya iter 2 -> best_ONLY_CWT_catboost conf=0.3056 rank=1
         laya iter 3 -> best_ONLY_CWT_catboost conf=0.3056 rank=1
         laya iter 4 -> best_ONLY_CWT_catboost conf=0.3056 rank=1
[ 118] best_single    score= 0.2893 origin=agent    iters=5 stop=no new information in 3 consecutive turns
         TEST  smape=0.1600  rmse=199.4430  pocid=66.67  mape=0.1458  | FLOOR smape=0.1541
         laya iter 1 -> mean_pool1 conf=0.3138 rank=1
         laya iter 2 -> best_ONLY_CWT_rf conf=0.2863 rank=1
         laya iter 3 -> best_ONLY_CWT_rf conf=0.2863 rank=1
         laya iter 4 -> best_ONLY_CWT_rf conf=0.2863 rank=1
         laya iter 5 -> best_ONLY_CWT_rf conf=0.2863 rank=1
[ 119] mean           score= 0.5020 origin=agent    iters=5 stop=no new information in 3 consecutive turns
         TEST  smape=0.1994  rmse=206.2843  pocid=75.00  mape=0.1781  | FLOOR smape=0.1495
         laya iter 1 -> mean_pool1 conf=0.3691 rank=4
         laya iter 2 -> mean_pool4 conf=0.255 rank=1
         laya iter 3 -> mean_pool4 conf=0.255 rank=1
         laya iter 4 -> mean_pool4 conf=0.255 rank=1
         laya iter 5 -> mean_pool4 conf=0.255 rank=1
[ 120] best_single    score=-0.1268 origin=agent    iters=4 stop=no new information in 3 consecutive turns
         TEST  smape=0.0039  rmse=54.9591  pocid=75.00  mape=0.0039  | FLOOR smape=0.0036
         laya iter 1 -> best_CWT_rf conf=0.3591 rank=1
         laya iter 2 -> best_CWT_rf conf=0.4805 rank=1
         laya iter 3 -> best_CWT_rf conf=0.4805 rank=1
         laya iter 4 -> best_CWT_rf conf=0.4805 rank=1
[ 121] trimmed_mean   score=-0.0860 origin=baseline iters=4 stop=no new information in 3 consecutive turns
         TEST  smape=0.0418  rmse=18.9026  pocid=66.67  mape=0.0426  | FLOOR smape=0.0418
         laya iter 1 -> best_rf conf=0.4033 rank=6
         laya iter 2 -> best_rf conf=0.4948 rank=6
         laya iter 3 -> best_rf conf=0.4948 rank=6
         laya iter 4 -> best_rf conf=0.4948 rank=6
[ 122] trimmed_mean   score=-0.1001 origin=baseline iters=4 stop=no new information in 3 consecutive turns
         TEST  smape=0.0356  rmse=21.5406  pocid=83.33  mape=0.0367  | FLOOR smape=0.0356
         laya iter 1 -> best_ONLY_DWT_rf conf=0.4086 rank=8
         laya iter 2 -> best_ONLY_DWT_rf conf=0.4347 rank=8
         laya iter 3 -> best_ONLY_DWT_rf conf=0.4347 rank=8
         laya iter 4 -> best_ONLY_DWT_rf conf=0.4347 rank=8
[ 123] mean           score= 0.2319 origin=baseline iters=4 stop=no new information in 3 consecutive turns
         TEST  smape=0.0123  rmse=117.5304  pocid=58.33  mape=0.0124  | FLOOR smape=0.0123
         laya iter 1 -> best_ONLY_FT_catboost conf=0.3081 rank=3
         laya iter 2 -> best_ONLY_FT_catboost conf=0.3549 rank=3
         laya iter 3 -> best_ONLY_FT_catboost conf=0.3549 rank=3
         laya iter 4 -> best_ONLY_FT_catboost conf=0.3549 rank=3
[ 124] best_single    score=-0.1263 origin=agent    iters=5 stop=no new information in 3 consecutive turns
         TEST  smape=0.0107  rmse=139.8985  pocid=33.33  mape=0.0106  | FLOOR smape=0.0138
         laya iter 1 -> mean_pool1 conf=0.2825 rank=7
         laya iter 2 -> best_FT_catboost conf=0.2873 rank=1
         laya iter 3 -> best_FT_catboost conf=0.2873 rank=1
         laya iter 4 -> best_FT_catboost conf=0.2873 rank=1
         laya iter 5 -> best_FT_catboost conf=0.2873 rank=1
[ 125] mean           score= 0.0146 origin=baseline iters=4 stop=no new information in 3 consecutive turns
         TEST  smape=0.0048  rmse=58.6468  pocid=91.67  mape=0.0048  | FLOOR smape=0.0048
         laya iter 1 -> best_CWT_rf conf=0.3447 rank=4
         laya iter 2 -> best_CWT_rf conf=0.4469 rank=4
         laya iter 3 -> best_CWT_rf conf=0.4469 rank=4
         laya iter 4 -> best_CWT_rf conf=0.4469 rank=4
[ 126] best_single    score=-0.0198 origin=agent    iters=5 stop=no new information in 3 consecutive turns
         TEST  smape=0.0309  rmse=368.7624  pocid=66.67  mape=0.0314  | FLOOR smape=0.0191
         laya iter 1 -> mean_pool1 conf=0.2709 rank=6
         laya iter 2 -> best_ONLY_CWT_catboost conf=0.2348 rank=1
         laya iter 3 -> best_ONLY_CWT_catboost conf=0.2348 rank=1
         laya iter 4 -> best_ONLY_CWT_catboost conf=0.2348 rank=1
         laya iter 5 -> best_ONLY_CWT_catboost conf=0.2348 rank=1
[ 127] trimmed_mean   score=-0.0105 origin=baseline iters=4 stop=no new information in 3 consecutive turns
         TEST  smape=0.0221  rmse=95.5364  pocid=66.67  mape=0.0221  | FLOOR smape=0.0221
         laya iter 1 -> best_ONLY_DWT_catboost conf=0.5685 rank=8
         laya iter 2 -> best_ONLY_DWT_catboost conf=0.5768 rank=8
         laya iter 3 -> best_ONLY_DWT_catboost conf=0.5768 rank=8
         laya iter 4 -> best_ONLY_DWT_catboost conf=0.5768 rank=8
[ 128] best_single    score= 0.3403 origin=agent    iters=4 stop=no new information in 3 consecutive turns
         TEST  smape=0.0254  rmse=27.1630  pocid=83.33  mape=0.0258  | FLOOR smape=0.0268
         laya iter 1 -> best_ONLY_CWT_catboost conf=0.9 rank=1
         laya iter 2 -> best_ONLY_CWT_catboost conf=0.9508 rank=1
         laya iter 3 -> best_ONLY_CWT_catboost conf=0.9508 rank=1
         laya iter 4 -> best_ONLY_CWT_catboost conf=0.9508 rank=1
[ 129] mean           score=-0.0840 origin=baseline iters=4 stop=no new information in 3 consecutive turns
         TEST  smape=0.0097  rmse=93.6733  pocid=50.00  mape=0.0098  | FLOOR smape=0.0097
         laya iter 1 -> best_ONLY_CWT_rf conf=0.4318 rank=4
         laya iter 2 -> best_ONLY_CWT_rf conf=0.5356 rank=4
         laya iter 3 -> best_ONLY_CWT_rf conf=0.5356 rank=4
         laya iter 4 -> best_ONLY_CWT_rf conf=0.5356 rank=4
[ 130] best_single    score= 0.1301 origin=agent    iters=5 stop=no new information in 3 consecutive turns
         TEST  smape=0.0032  rmse=8.2579  pocid=66.67  mape=0.0032  | FLOOR smape=0.0024
         laya iter 1 -> mean_pool_full conf=0.3114 rank=8
         laya iter 2 -> best_ONLY_CWT_catboost conf=0.2721 rank=1
         laya iter 3 -> best_ONLY_CWT_catboost conf=0.2721 rank=1
         laya iter 4 -> best_ONLY_CWT_catboost conf=0.2721 rank=1
         laya iter 5 -> best_ONLY_CWT_catboost conf=0.2721 rank=1
[ 131] best_single    score=-0.0801 origin=agent    iters=4 stop=no new information in 3 consecutive turns
         TEST  smape=0.0110  rmse=274.7907  pocid=50.00  mape=0.0110  | FLOOR smape=0.0117
         laya iter 1 -> best_CWT_rf conf=0.3321 rank=1
         laya iter 2 -> best_CWT_rf conf=0.4219 rank=1
         laya iter 3 -> best_CWT_rf conf=0.4219 rank=1
         laya iter 4 -> best_CWT_rf conf=0.4219 rank=1
[ 132] best_single    score=-0.1134 origin=agent    iters=4 stop=no new information in 3 consecutive turns
         TEST  smape=0.0030  rmse=50.8460  pocid=91.67  mape=0.0030  | FLOOR smape=0.0032
         laya iter 1 -> best_CWT_rf conf=0.5133 rank=1
         laya iter 2 -> best_CWT_rf conf=0.6581 rank=1
         laya iter 3 -> best_CWT_rf conf=0.6581 rank=1
         laya iter 4 -> best_CWT_rf conf=0.6581 rank=1
[ 133] best_single    score=-0.0991 origin=agent    iters=4 stop=no new information in 3 consecutive turns
         TEST  smape=0.0037  rmse=54.1662  pocid=83.33  mape=0.0037  | FLOOR smape=0.0031
         laya iter 1 -> best_DWT_rf conf=0.3178 rank=1
         laya iter 2 -> best_DWT_rf conf=0.4052 rank=1
         laya iter 3 -> best_DWT_rf conf=0.4052 rank=1
         laya iter 4 -> best_DWT_rf conf=0.4052 rank=1
[ 134] best_single    score= 0.0280 origin=agent    iters=5 stop=no new information in 3 consecutive turns
         TEST  smape=0.0117  rmse=85.8195  pocid=58.33  mape=0.0116  | FLOOR smape=0.0205
         laya iter 1 -> mean_pool1 conf=0.2867 rank=5
         laya iter 2 -> best_ONLY_DWT_catboost conf=0.2896 rank=1
         laya iter 3 -> best_ONLY_DWT_catboost conf=0.2896 rank=1
         laya iter 4 -> best_ONLY_DWT_catboost conf=0.2896 rank=1
         laya iter 5 -> best_ONLY_DWT_catboost conf=0.2896 rank=1
[ 135] best_single    score= 0.0534 origin=agent    iters=5 stop=no new information in 3 consecutive turns
         TEST  smape=0.0215  rmse=170.1993  pocid=58.33  mape=0.0213  | FLOOR smape=0.0196
         laya iter 1 -> mean_pool1 conf=0.3181 rank=6
         laya iter 2 -> best_DWT_catboost conf=0.3347 rank=1
         laya iter 3 -> best_DWT_catboost conf=0.3347 rank=1
         laya iter 4 -> best_DWT_catboost conf=0.3347 rank=1
         laya iter 5 -> best_DWT_catboost conf=0.3347 rank=1
[ 136] best_single    score=-0.0610 origin=agent    iters=4 stop=no new information in 3 consecutive turns
         TEST  smape=0.0097  rmse=78.1532  pocid=58.33  mape=0.0097  | FLOOR smape=0.0106
         laya iter 1 -> best_DWT_catboost conf=0.3876 rank=1
         laya iter 2 -> best_DWT_catboost conf=0.4485 rank=1
         laya iter 3 -> best_DWT_catboost conf=0.4485 rank=1
         laya iter 4 -> best_DWT_catboost conf=0.4485 rank=1
[ 137] mean           score=-0.0994 origin=baseline iters=5 stop=no new information in 3 consecutive turns
         TEST  smape=0.0662  rmse=26.8251  pocid=75.00  mape=0.0679  | FLOOR smape=0.0662
         laya iter 1 -> mean_pool_full conf=0.2877 rank=9
         laya iter 2 -> best_ONLY_FT_rf conf=0.2855 rank=8
         laya iter 3 -> best_ONLY_FT_rf conf=0.2855 rank=8
         laya iter 4 -> best_ONLY_FT_rf conf=0.2855 rank=8
         laya iter 5 -> best_ONLY_FT_rf conf=0.2855 rank=8
[ 138] best_single    score= 0.2671 origin=agent    iters=4 stop=no new information in 3 consecutive turns
         TEST  smape=0.0353  rmse=292.6226  pocid=50.00  mape=0.0360  | FLOOR smape=0.0327
         laya iter 1 -> best_DWT_rf conf=0.3442 rank=1
         laya iter 2 -> best_DWT_rf conf=0.4023 rank=1
         laya iter 3 -> best_DWT_rf conf=0.4023 rank=1
         laya iter 4 -> best_DWT_rf conf=0.4023 rank=1
[ 139] best_single    score= 0.2773 origin=agent    iters=4 stop=no new information in 3 consecutive turns
         TEST  smape=0.0399  rmse=361.0408  pocid=58.33  mape=0.0409  | FLOOR smape=0.0344
         laya iter 1 -> best_ONLY_CWT_rf conf=0.3621 rank=1
         laya iter 2 -> best_ONLY_CWT_rf conf=0.4641 rank=1
         laya iter 3 -> best_ONLY_CWT_rf conf=0.4641 rank=1
         laya iter 4 -> best_ONLY_CWT_rf conf=0.4641 rank=1
[ 140] median         score= 0.0218 origin=baseline iters=4 stop=no new information in 3 consecutive turns
         TEST  smape=0.0458  rmse=569.6585  pocid=66.67  mape=0.0472  | FLOOR smape=0.0458
         laya iter 1 -> best_DWT_catboost conf=0.3087 rank=2
         laya iter 2 -> best_DWT_catboost conf=0.3605 rank=2
         laya iter 3 -> best_DWT_catboost conf=0.3605 rank=2
         laya iter 4 -> best_DWT_catboost conf=0.3605 rank=2
[ 141] best_single    score=-0.0134 origin=agent    iters=4 stop=no new information in 3 consecutive turns
         TEST  smape=0.0134  rmse=115.5515  pocid=75.00  mape=0.0132  | FLOOR smape=0.0136
         laya iter 1 -> best_ONLY_CWT_rf conf=0.6444 rank=1
         laya iter 2 -> best_ONLY_CWT_rf conf=0.8035 rank=1
         laya iter 3 -> best_ONLY_CWT_rf conf=0.8035 rank=1
         laya iter 4 -> best_ONLY_CWT_rf conf=0.8035 rank=1
[ 142] best_single    score= 0.0398 origin=agent    iters=4 stop=no new information in 3 consecutive turns
         TEST  smape=0.0057  rmse=73.5386  pocid=75.00  mape=0.0056  | FLOOR smape=0.0043
         laya iter 1 -> best_CWT_catboost conf=0.2887 rank=1
         laya iter 2 -> best_CWT_catboost conf=0.3076 rank=1
         laya iter 3 -> best_CWT_catboost conf=0.3076 rank=1
         laya iter 4 -> best_CWT_catboost conf=0.3076 rank=1
[ 143] median         score= 0.1717 origin=baseline iters=4 stop=no new information in 3 consecutive turns
         TEST  smape=0.1282  rmse=159.5969  pocid=16.67  mape=0.1188  | FLOOR smape=0.1282
         laya iter 1 -> best_CWT_rf conf=0.4013 rank=2
         laya iter 2 -> best_CWT_rf conf=0.5317 rank=2
         laya iter 3 -> best_CWT_rf conf=0.5317 rank=2
         laya iter 4 -> best_CWT_rf conf=0.5317 rank=2
[ 144] trimmed_mean   score= 0.3564 origin=baseline iters=5 stop=no new information in 3 consecutive turns
         TEST  smape=0.1696  rmse=1757.2369  pocid=75.00  mape=0.1537  | FLOOR smape=0.1696
         laya iter 1 -> mean_pool1 conf=0.323 rank=6
         laya iter 2 -> mean_pool4 conf=0.2264 rank=8
         laya iter 3 -> mean_pool4 conf=0.2264 rank=8
         laya iter 4 -> mean_pool4 conf=0.2264 rank=8
         laya iter 5 -> mean_pool4 conf=0.2264 rank=8
[ 145] median         score=-0.1025 origin=baseline iters=4 stop=no new information in 3 consecutive turns
         TEST  smape=0.0089  rmse=73.9772  pocid=75.00  mape=0.0088  | FLOOR smape=0.0089
         laya iter 1 -> best_ONLY_CWT_rf conf=0.2936 rank=8
         laya iter 2 -> best_ONLY_CWT_rf conf=0.3091 rank=8
         laya iter 3 -> best_ONLY_CWT_rf conf=0.3091 rank=8
         laya iter 4 -> best_ONLY_CWT_rf conf=0.3091 rank=8
[ 146] trimmed_mean   score=-0.0638 origin=baseline iters=4 stop=no new information in 3 consecutive turns
         TEST  smape=0.0847  rmse=11.6306  pocid=41.67  mape=0.0897  | FLOOR smape=0.0847
         laya iter 1 -> best_ONLY_FT_rf conf=0.2766 rank=7
         laya iter 2 -> best_ONLY_FT_rf conf=0.2849 rank=7
         laya iter 3 -> best_ONLY_FT_rf conf=0.2849 rank=7
         laya iter 4 -> best_ONLY_FT_rf conf=0.2849 rank=7
[ 147] median         score=-0.0696 origin=baseline iters=4 stop=no new information in 3 consecutive turns
         TEST  smape=0.0675  rmse=16.3890  pocid=50.00  mape=0.0705  | FLOOR smape=0.0675
         laya iter 1 -> best_FT_catboost conf=0.4804 rank=5
         laya iter 2 -> best_FT_catboost conf=0.6178 rank=5
         laya iter 3 -> best_FT_catboost conf=0.6178 rank=5
         laya iter 4 -> best_FT_catboost conf=0.6178 rank=5
[ 148] best_single    score= 0.5658 origin=agent    iters=4 stop=no new information in 3 consecutive turns
         TEST  smape=0.0829  rmse=384.3356  pocid=50.00  mape=0.0866  | FLOOR smape=0.0405
         laya iter 1 -> best_ONLY_FT_catboost conf=0.3531 rank=1
         laya iter 2 -> best_ONLY_FT_catboost conf=0.3922 rank=1
         laya iter 3 -> best_ONLY_FT_catboost conf=0.3922 rank=1
         laya iter 4 -> best_ONLY_FT_catboost conf=0.3922 rank=1
[ 149] trimmed_mean   score=-0.0693 origin=baseline iters=5 stop=no new information in 3 consecutive turns
         TEST  smape=0.0152  rmse=146.1281  pocid=75.00  mape=0.0151  | FLOOR smape=0.0152
         laya iter 1 -> mean_pool1 conf=0.297 rank=4
         laya iter 2 -> best_DWT_catboost conf=0.2941 rank=7
         laya iter 3 -> best_DWT_catboost conf=0.2941 rank=7
         laya iter 4 -> best_DWT_catboost conf=0.2941 rank=7
         laya iter 5 -> best_DWT_catboost conf=0.2941 rank=7
[ 150] trimmed_mean   score=-0.1187 origin=baseline iters=4 stop=no new information in 3 consecutive turns
         TEST  smape=0.0079  rmse=59.8727  pocid=91.67  mape=0.0079  | FLOOR smape=0.0079
         laya iter 1 -> best_ONLY_CWT_catboost conf=0.298 rank=6
         laya iter 2 -> best_ONLY_CWT_catboost conf=0.3066 rank=6
         laya iter 3 -> best_ONLY_CWT_catboost conf=0.3066 rank=6
         laya iter 4 -> best_ONLY_CWT_catboost conf=0.3066 rank=6
[ 151] best_single    score= 0.0611 origin=agent    iters=4 stop=no new information in 3 consecutive turns
         TEST  smape=0.0212  rmse=214.6915  pocid=50.00  mape=0.0209  | FLOOR smape=0.0137
         laya iter 1 -> best_ONLY_FT_catboost conf=0.3499 rank=1
         laya iter 2 -> best_ONLY_FT_catboost conf=0.4288 rank=1
         laya iter 3 -> best_ONLY_FT_catboost conf=0.4288 rank=1
         laya iter 4 -> best_ONLY_FT_catboost conf=0.4288 rank=1
[ 152] best_single    score= 0.0015 origin=agent    iters=4 stop=no new information in 3 consecutive turns
         TEST  smape=0.0226  rmse=94.0364  pocid=75.00  mape=0.0229  | FLOOR smape=0.0227
         laya iter 1 -> best_FT_rf conf=0.3783 rank=1
         laya iter 2 -> best_FT_rf conf=0.4452 rank=1
         laya iter 3 -> best_FT_rf conf=0.4452 rank=1
         laya iter 4 -> best_FT_rf conf=0.4452 rank=1
[ 153] best_single    score= 0.0225 origin=agent    iters=4 stop=no new information in 3 consecutive turns
         TEST  smape=0.0217  rmse=214.7032  pocid=58.33  mape=0.0220  | FLOOR smape=0.0190
         laya iter 1 -> best_ONLY_CWT_rf conf=0.6268 rank=1
         laya iter 2 -> best_ONLY_CWT_rf conf=0.7565 rank=1
         laya iter 3 -> best_ONLY_CWT_rf conf=0.7565 rank=1
         laya iter 4 -> best_ONLY_CWT_rf conf=0.7565 rank=1
[ 154] best_single    score= 0.0248 origin=agent    iters=4 stop=no new information in 3 consecutive turns
         TEST  smape=0.0178  rmse=99.1961  pocid=41.67  mape=0.0180  | FLOOR smape=0.0186
         laya iter 1 -> best_ONLY_CWT_rf conf=0.3385 rank=1
         laya iter 2 -> best_ONLY_CWT_rf conf=0.4218 rank=1
         laya iter 3 -> best_ONLY_CWT_rf conf=0.4218 rank=1
         laya iter 4 -> best_ONLY_CWT_rf conf=0.4218 rank=1
[ 155] best_single    score=-0.0450 origin=agent    iters=4 stop=no new information in 3 consecutive turns
         TEST  smape=0.0119  rmse=82.9985  pocid=41.67  mape=0.0120  | FLOOR smape=0.0143
         laya iter 1 -> best_ONLY_FT_catboost conf=0.3034 rank=1
         laya iter 2 -> best_ONLY_FT_catboost conf=0.2994 rank=1
         laya iter 3 -> best_ONLY_FT_catboost conf=0.2994 rank=1
         laya iter 4 -> best_ONLY_FT_catboost conf=0.2994 rank=1
[ 156] mean           score=-0.1275 origin=agent    iters=5 stop=no new information in 3 consecutive turns
         TEST  smape=0.0033  rmse=6.1294  pocid=75.00  mape=0.0033  | FLOOR smape=0.0033
         laya iter 1 -> mean_pool1 conf=0.3034 rank=5
         laya iter 2 -> mean_pool4 conf=0.2321 rank=1
         laya iter 3 -> mean_pool4 conf=0.2321 rank=1
         laya iter 4 -> mean_pool4 conf=0.2321 rank=1
         laya iter 5 -> mean_pool4 conf=0.2321 rank=1
[ 157] best_single    score=-0.0848 origin=agent    iters=4 stop=no new information in 3 consecutive turns
         TEST  smape=0.0051  rmse=109.6777  pocid=33.33  mape=0.0051  | FLOOR smape=0.0069
         laya iter 1 -> best_ONLY_DWT_catboost conf=0.3019 rank=1
         laya iter 2 -> best_ONLY_DWT_catboost conf=0.3038 rank=1
         laya iter 3 -> best_ONLY_DWT_catboost conf=0.3038 rank=1
         laya iter 4 -> best_ONLY_DWT_catboost conf=0.3038 rank=1
[ 158] best_single    score=-0.1018 origin=agent    iters=4 stop=no new information in 3 consecutive turns
         TEST  smape=0.0069  rmse=69.2316  pocid=83.33  mape=0.0069  | FLOOR smape=0.0057
         laya iter 1 -> best_CWT_rf conf=0.331 rank=1
         laya iter 2 -> best_CWT_rf conf=0.4157 rank=1
         laya iter 3 -> best_CWT_rf conf=0.4157 rank=1
         laya iter 4 -> best_CWT_rf conf=0.4157 rank=1
[ 159] mean           score=-0.0982 origin=baseline iters=5 stop=no new information in 3 consecutive turns
         TEST  smape=0.0048  rmse=44.4603  pocid=91.67  mape=0.0048  | FLOOR smape=0.0048
         laya iter 1 -> mean_pool1 conf=0.2769 rank=1
         laya iter 2 -> best_ONLY_CWT_rf conf=0.2854 rank=2
         laya iter 3 -> best_ONLY_CWT_rf conf=0.2854 rank=2
         laya iter 4 -> best_ONLY_CWT_rf conf=0.2854 rank=2
         laya iter 5 -> best_ONLY_CWT_rf conf=0.2854 rank=2
[ 160] best_single    score=-0.0118 origin=agent    iters=5 stop=no new information in 3 consecutive turns
         TEST  smape=0.0072  rmse=107.2302  pocid=41.67  mape=0.0071  | FLOOR smape=0.0062
         laya iter 1 -> mean_pool1 conf=0.2679 rank=3
         laya iter 2 -> best_FT_catboost conf=0.2708 rank=1
         laya iter 3 -> best_FT_catboost conf=0.2708 rank=1
         laya iter 4 -> best_FT_catboost conf=0.2708 rank=1
         laya iter 5 -> best_FT_catboost conf=0.2708 rank=1
[ 161] mean           score= 0.0098 origin=baseline iters=4 stop=no new information in 3 consecutive turns
         TEST  smape=0.0117  rmse=66.6612  pocid=41.67  mape=0.0116  | FLOOR smape=0.0117
         laya iter 1 -> best_rf conf=0.4265 rank=2
         laya iter 2 -> best_rf conf=0.4911 rank=2
         laya iter 3 -> best_rf conf=0.4911 rank=2
         laya iter 4 -> best_rf conf=0.4911 rank=2
[ 162] best_single    score= 0.0275 origin=agent    iters=5 stop=no new information in 3 consecutive turns
         TEST  smape=0.0124  rmse=50.2909  pocid=75.00  mape=0.0123  | FLOOR smape=0.0124
         laya iter 1 -> mean_pool1 conf=0.3117 rank=7
         laya iter 2 -> best_ONLY_DWT_catboost conf=0.2668 rank=1
         laya iter 3 -> best_ONLY_DWT_catboost conf=0.2668 rank=1
         laya iter 4 -> best_ONLY_DWT_catboost conf=0.2668 rank=1
         laya iter 5 -> best_ONLY_DWT_catboost conf=0.2668 rank=1
[ 163] median         score=-0.0014 origin=baseline iters=4 stop=no new information in 3 consecutive turns
         TEST  smape=0.0105  rmse=283.3121  pocid=58.33  mape=0.0106  | FLOOR smape=0.0105
         laya iter 1 -> best_ONLY_DWT_rf conf=0.2793 rank=2
         laya iter 2 -> best_ONLY_DWT_rf conf=0.2771 rank=2
         laya iter 3 -> best_ONLY_DWT_rf conf=0.2771 rank=2
         laya iter 4 -> best_ONLY_DWT_rf conf=0.2771 rank=2
[ 164] trimmed_mean   score=-0.0294 origin=baseline iters=4 stop=no new information in 3 consecutive turns
         TEST  smape=0.0403  rmse=174.9849  pocid=50.00  mape=0.0414  | FLOOR smape=0.0403
         laya iter 1 -> best_ONLY_CWT_catboost conf=0.7286 rank=2
         laya iter 2 -> best_ONLY_CWT_catboost conf=0.7816 rank=2
         laya iter 3 -> best_ONLY_CWT_catboost conf=0.7816 rank=2
         laya iter 4 -> best_ONLY_CWT_catboost conf=0.7816 rank=2
[ 165] best_single    score= 0.0906 origin=agent    iters=4 stop=no new information in 3 consecutive turns
         TEST  smape=0.0498  rmse=147.9805  pocid=33.33  mape=0.0514  | FLOOR smape=0.0282
         laya iter 1 -> best_rf conf=0.4694 rank=1
         laya iter 2 -> best_rf conf=0.5762 rank=1
         laya iter 3 -> best_rf conf=0.5762 rank=1
         laya iter 4 -> best_rf conf=0.5762 rank=1
[ 166] best_single    score= 0.0037 origin=agent    iters=5 stop=no new information in 3 consecutive turns
         TEST  smape=0.0473  rmse=157.6121  pocid=50.00  mape=0.0487  | FLOOR smape=0.0308
         laya iter 1 -> mean_pool1 conf=0.3164 rank=5
         laya iter 2 -> best_catboost conf=0.2729 rank=1
         laya iter 3 -> best_catboost conf=0.2729 rank=1
         laya iter 4 -> best_catboost conf=0.2729 rank=1
         laya iter 5 -> best_catboost conf=0.2729 rank=1
[ 167] best_single    score= 0.0570 origin=agent    iters=4 stop=no new information in 3 consecutive turns
         TEST  smape=0.0404  rmse=164.9567  pocid=66.67  mape=0.0399  | FLOOR smape=0.0286
         laya iter 1 -> best_FT_catboost conf=0.2989 rank=1
         laya iter 2 -> best_FT_catboost conf=0.3542 rank=1
         laya iter 3 -> best_FT_catboost conf=0.3542 rank=1
         laya iter 4 -> best_FT_catboost conf=0.3542 rank=1
[ 168] best_single    score= 0.0300 origin=agent    iters=4 stop=no new information in 3 consecutive turns
         TEST  smape=0.0295  rmse=73.1664  pocid=50.00  mape=0.0286  | FLOOR smape=0.0419
         laya iter 1 -> best_DWT_catboost conf=0.3404 rank=1
         laya iter 2 -> best_DWT_catboost conf=0.3985 rank=1
         laya iter 3 -> best_DWT_catboost conf=0.3985 rank=1
         laya iter 4 -> best_DWT_catboost conf=0.3985 rank=1
[ 169] best_single    score= 0.0004 origin=agent    iters=4 stop=no new information in 3 consecutive turns
         TEST  smape=0.0208  rmse=93.3815  pocid=66.67  mape=0.0204  | FLOOR smape=0.0210
         laya iter 1 -> best_FT_rf conf=0.2976 rank=1
         laya iter 2 -> best_FT_rf conf=0.3168 rank=1
         laya iter 3 -> best_FT_rf conf=0.3168 rank=1
         laya iter 4 -> best_FT_rf conf=0.3168 rank=1
[ 170] trimmed_mean   score= 0.1181 origin=baseline iters=5 stop=no new information in 3 consecutive turns
         TEST  smape=0.0087  rmse=63.1978  pocid=66.67  mape=0.0087  | FLOOR smape=0.0087
         laya iter 1 -> mean_pool1 conf=0.2872 rank=5
         laya iter 2 -> mean_pool4 conf=0.2456 rank=7
         laya iter 3 -> mean_pool4 conf=0.2456 rank=7
         laya iter 4 -> mean_pool4 conf=0.2456 rank=7
         laya iter 5 -> mean_pool4 conf=0.2456 rank=7
[ 171] best_single    score=-0.0928 origin=agent    iters=4 stop=no new information in 3 consecutive turns
         TEST  smape=0.0063  rmse=27.6979  pocid=83.33  mape=0.0063  | FLOOR smape=0.0056
         laya iter 1 -> best_ONLY_CWT_rf conf=0.2969 rank=1
         laya iter 2 -> best_ONLY_CWT_rf conf=0.3266 rank=1
         laya iter 3 -> best_ONLY_CWT_rf conf=0.3266 rank=1
         laya iter 4 -> best_ONLY_CWT_rf conf=0.3266 rank=1
[ 172] trimmed_mean   score= 0.4402 origin=baseline iters=5 stop=no new information in 3 consecutive turns
         TEST  smape=0.0670  rmse=352.5113  pocid=58.33  mape=0.0645  | FLOOR smape=0.0670
         laya iter 1 -> mean_pool1 conf=0.3368 rank=5
         laya iter 2 -> mean_pool4 conf=0.2536 rank=8
         laya iter 3 -> mean_pool4 conf=0.2536 rank=8
         laya iter 4 -> mean_pool4 conf=0.2536 rank=8
         laya iter 5 -> mean_pool4 conf=0.2536 rank=8
[ 173] best_single    score= 0.2242 origin=agent    iters=4 stop=no new information in 3 consecutive turns
         TEST  smape=0.0064  rmse=24.2184  pocid=41.67  mape=0.0065  | FLOOR smape=0.0059
         laya iter 1 -> best_ONLY_DWT_catboost conf=0.4987 rank=1
         laya iter 2 -> best_ONLY_DWT_catboost conf=0.5145 rank=1
         laya iter 3 -> best_ONLY_DWT_catboost conf=0.5145 rank=1
         laya iter 4 -> best_ONLY_DWT_catboost conf=0.5145 rank=1
[ 174] best_single    score=-0.0751 origin=agent    iters=4 stop=no new information in 3 consecutive turns
         TEST  smape=0.0054  rmse=20.4984  pocid=83.33  mape=0.0053  | FLOOR smape=0.0063
         laya iter 1 -> best_DWT_rf conf=0.3805 rank=1
         laya iter 2 -> best_DWT_rf conf=0.5111 rank=1
         laya iter 3 -> best_DWT_rf conf=0.5111 rank=1
         laya iter 4 -> best_DWT_rf conf=0.5111 rank=1
[ 175] best_single    score= 0.0874 origin=agent    iters=4 stop=no new information in 3 consecutive turns
         TEST  smape=0.0248  rmse=67.1195  pocid=33.33  mape=0.0251  | FLOOR smape=0.0237
         laya iter 1 -> best_ONLY_FT_catboost conf=0.663 rank=1
         laya iter 2 -> best_ONLY_FT_catboost conf=0.7354 rank=1
         laya iter 3 -> best_ONLY_FT_catboost conf=0.7354 rank=1
         laya iter 4 -> best_ONLY_FT_catboost conf=0.7354 rank=1
[ 176] best_single    score= 0.4509 origin=agent    iters=4 stop=no new information in 3 consecutive turns
         TEST  smape=0.0364  rmse=279.2557  pocid=66.67  mape=0.0356  | FLOOR smape=0.0309
         laya iter 1 -> best_ONLY_DWT_catboost conf=0.7789 rank=1
         laya iter 2 -> best_ONLY_DWT_catboost conf=0.7906 rank=1
         laya iter 3 -> best_ONLY_DWT_catboost conf=0.7906 rank=1
         laya iter 4 -> best_ONLY_DWT_catboost conf=0.7906 rank=1
[ 177] best_single    score= 0.3637 origin=agent    iters=4 stop=no new information in 3 consecutive turns
         TEST  smape=0.0931  rmse=140.5790  pocid=58.33  mape=0.0979  | FLOOR smape=0.0600
         laya iter 1 -> best_rf conf=0.4238 rank=1
         laya iter 2 -> best_rf conf=0.4803 rank=1
         laya iter 3 -> best_rf conf=0.4803 rank=1
         laya iter 4 -> best_rf conf=0.4803 rank=1
[ 178] trimmed_mean   score=-0.0741 origin=baseline iters=5 stop=no new information in 3 consecutive turns
         TEST  smape=0.0063  rmse=23.5996  pocid=50.00  mape=0.0062  | FLOOR smape=0.0063
         laya iter 1 -> mean_pool1 conf=0.2772 rank=2
         laya iter 2 -> best_FT_rf conf=0.2548 rank=6
         laya iter 3 -> best_FT_rf conf=0.2548 rank=6
         laya iter 4 -> best_FT_rf conf=0.2548 rank=6
         laya iter 5 -> best_FT_rf conf=0.2548 rank=6
[ 179] best_single    score= 0.0995 origin=agent    iters=4 stop=no new information in 3 consecutive turns
         TEST  smape=0.0065  rmse=58.0664  pocid=66.67  mape=0.0064  | FLOOR smape=0.0080
         laya iter 1 -> best_ONLY_CWT_rf conf=0.8874 rank=1
         laya iter 2 -> best_ONLY_CWT_rf conf=0.8974 rank=1
         laya iter 3 -> best_ONLY_CWT_rf conf=0.8974 rank=1
         laya iter 4 -> best_ONLY_CWT_rf conf=0.8974 rank=1
[ 180] best_single    score=-0.0538 origin=agent    iters=4 stop=no new information in 3 consecutive turns
         TEST  smape=0.0163  rmse=161.9795  pocid=25.00  mape=0.0161  | FLOOR smape=0.0146
         laya iter 1 -> best_DWT_rf conf=0.3698 rank=1
         laya iter 2 -> best_DWT_rf conf=0.4357 rank=1
         laya iter 3 -> best_DWT_rf conf=0.4357 rank=1
         laya iter 4 -> best_DWT_rf conf=0.4357 rank=1
[ 181] best_single    score= 0.2014 origin=agent    iters=4 stop=no new information in 3 consecutive turns
         TEST  smape=0.2579  rmse=355.5854  pocid=33.33  mape=0.2235  | FLOOR smape=0.2051
         laya iter 1 -> best_FT_rf conf=0.6488 rank=1
         laya iter 2 -> best_FT_rf conf=0.7586 rank=1
         laya iter 3 -> best_FT_rf conf=0.7586 rank=1
         laya iter 4 -> best_FT_rf conf=0.7586 rank=1
[ 182] trimmed_mean   score=-0.0800 origin=baseline iters=5 stop=no new information in 3 consecutive turns
         TEST  smape=0.0196  rmse=132.6261  pocid=41.67  mape=0.0194  | FLOOR smape=0.0196
         laya iter 1 -> mean_pool1 conf=0.2876 rank=7
         laya iter 2 -> best_ONLY_CWT_catboost conf=0.2746 rank=8
         laya iter 3 -> best_ONLY_CWT_catboost conf=0.2746 rank=8
         laya iter 4 -> best_ONLY_CWT_catboost conf=0.2746 rank=8
         laya iter 5 -> best_ONLY_CWT_catboost conf=0.2746 rank=8
[ 183] best_single    score=-0.0480 origin=agent    iters=5 stop=no new information in 3 consecutive turns
         TEST  smape=0.0037  rmse=18.3987  pocid=83.33  mape=0.0037  | FLOOR smape=0.0043
         laya iter 1 -> mean_pool1 conf=0.2946 rank=1
         laya iter 2 -> best_ONLY_DWT_catboost conf=0.2625 rank=1
         laya iter 3 -> best_ONLY_DWT_catboost conf=0.2625 rank=1
         laya iter 4 -> best_ONLY_DWT_catboost conf=0.2625 rank=1
         laya iter 5 -> best_ONLY_DWT_catboost conf=0.2625 rank=1
[ 184] mean           score=-0.0560 origin=baseline iters=4 stop=no new information in 3 consecutive turns
         TEST  smape=0.0045  rmse=22.1940  pocid=83.33  mape=0.0045  | FLOOR smape=0.0045
         laya iter 1 -> best_ONLY_DWT_catboost conf=0.6406 rank=7
         laya iter 2 -> best_ONLY_DWT_catboost conf=0.7021 rank=7
         laya iter 3 -> best_ONLY_DWT_catboost conf=0.7021 rank=7
         laya iter 4 -> best_ONLY_DWT_catboost conf=0.7021 rank=7
[ 185] mean           score= 0.7500 origin=baseline iters=5 stop=no new information in 3 consecutive turns
         TEST  smape=0.0284  rmse=51.7753  pocid=58.33  mape=0.0279  | FLOOR smape=0.0284
         laya iter 1 -> mean_pool_full conf=0.3217 rank=1
         laya iter 2 -> best_ONLY_DWT_catboost conf=0.282 rank=3
         laya iter 3 -> best_ONLY_DWT_catboost conf=0.282 rank=3
         laya iter 4 -> best_ONLY_DWT_catboost conf=0.282 rank=3
         laya iter 5 -> best_ONLY_DWT_catboost conf=0.282 rank=3
[ 186] best_single    score= 0.3340 origin=agent    iters=5 stop=no new information in 3 consecutive turns
         TEST  smape=0.0421  rmse=40.0018  pocid=75.00  mape=0.0412  | FLOOR smape=0.0765
         laya iter 1 -> mean_pool_full conf=0.3147 rank=8
         laya iter 2 -> best_ONLY_DWT_rf conf=0.2634 rank=1
         laya iter 3 -> best_ONLY_DWT_rf conf=0.2634 rank=1
         laya iter 4 -> best_ONLY_DWT_rf conf=0.2634 rank=1
         laya iter 5 -> best_ONLY_DWT_rf conf=0.2634 rank=1
[ 187] best_single    score= 0.2426 origin=agent    iters=4 stop=no new information in 3 consecutive turns
         TEST  smape=0.0483  rmse=129.5481  pocid=41.67  mape=0.0466  | FLOOR smape=0.0135
         laya iter 1 -> best_ONLY_CWT_rf conf=0.84 rank=1
         laya iter 2 -> best_ONLY_CWT_rf conf=0.9162 rank=1
         laya iter 3 -> best_ONLY_CWT_rf conf=0.9162 rank=1
         laya iter 4 -> best_ONLY_CWT_rf conf=0.9162 rank=1
[ 188] best_single    score= 0.1807 origin=agent    iters=4 stop=no new information in 3 consecutive turns
         TEST  smape=0.0631  rmse=162.8081  pocid=58.33  mape=0.0604  | FLOOR smape=0.0808
         laya iter 1 -> best_ONLY_FT_rf conf=0.8587 rank=1
         laya iter 2 -> best_ONLY_FT_rf conf=0.9485 rank=1
         laya iter 3 -> best_ONLY_FT_rf conf=0.9485 rank=1
         laya iter 4 -> best_ONLY_FT_rf conf=0.9485 rank=1
[ 189] trimmed_mean   score=-0.0135 origin=baseline iters=5 stop=no new information in 3 consecutive turns
         TEST  smape=0.0158  rmse=8.3701  pocid=58.33  mape=0.0157  | FLOOR smape=0.0158
         laya iter 1 -> mean_pool_full conf=0.3189 rank=8
         laya iter 2 -> mean_pool4 conf=0.2503 rank=5
         laya iter 3 -> mean_pool4 conf=0.2503 rank=5
         laya iter 4 -> mean_pool4 conf=0.2503 rank=5
         laya iter 5 -> mean_pool4 conf=0.2503 rank=5
[ 190] best_single    score= 0.4020 origin=agent    iters=4 stop=no new information in 3 consecutive turns
         TEST  smape=0.0759  rmse=623.9810  pocid=66.67  mape=0.0723  | FLOOR smape=0.0602
         laya iter 1 -> best_CWT_rf conf=0.3339 rank=1
         laya iter 2 -> best_CWT_rf conf=0.44 rank=1
         laya iter 3 -> best_CWT_rf conf=0.44 rank=1
         laya iter 4 -> best_CWT_rf conf=0.44 rank=1
[ 191] best_single    score= 0.4045 origin=agent    iters=4 stop=no new information in 3 consecutive turns
         TEST  smape=0.0382  rmse=52.2545  pocid=58.33  mape=0.0394  | FLOOR smape=0.0310
         laya iter 1 -> best_ONLY_CWT_rf conf=0.333 rank=1
         laya iter 2 -> best_ONLY_CWT_rf conf=0.3985 rank=1
         laya iter 3 -> best_ONLY_CWT_rf conf=0.3985 rank=1
         laya iter 4 -> best_ONLY_CWT_rf conf=0.3985 rank=1
[ 192] mean           score= 0.2957 origin=agent    iters=5 stop=no new information in 3 consecutive turns
         TEST  smape=0.0236  rmse=166.8944  pocid=58.33  mape=0.0234  | FLOOR smape=0.0228
         laya iter 1 -> mean_pool1 conf=0.3161 rank=4
         laya iter 2 -> mean_pool4 conf=0.2509 rank=1
         laya iter 3 -> mean_pool4 conf=0.2509 rank=1
         laya iter 4 -> mean_pool4 conf=0.2509 rank=1
         laya iter 5 -> mean_pool4 conf=0.2509 rank=1
[ 193] best_single    score= 0.0610 origin=agent    iters=4 stop=no new information in 3 consecutive turns
         TEST  smape=0.0594  rmse=31.1122  pocid=50.00  mape=0.0575  | FLOOR smape=0.0273
         laya iter 1 -> best_DWT_rf conf=0.5754 rank=1
         laya iter 2 -> best_DWT_rf conf=0.7412 rank=1
         laya iter 3 -> best_DWT_rf conf=0.7412 rank=1
         laya iter 4 -> best_DWT_rf conf=0.7412 rank=1
[ 194] best_single    score= 0.6139 origin=agent    iters=5 stop=no new information in 3 consecutive turns
         TEST  smape=0.1745  rmse=161.5490  pocid=50.00  mape=0.1596  | FLOOR smape=0.0793
         laya iter 1 -> mean_pool_full conf=0.29 rank=8
         laya iter 2 -> best_ONLY_DWT_catboost conf=0.298 rank=1
         laya iter 3 -> best_ONLY_DWT_catboost conf=0.298 rank=1
         laya iter 4 -> best_ONLY_DWT_catboost conf=0.298 rank=1
         laya iter 5 -> best_ONLY_DWT_catboost conf=0.298 rank=1
[ 195] best_single    score= 0.3322 origin=agent    iters=4 stop=no new information in 3 consecutive turns
         TEST  smape=0.2166  rmse=2068.6036  pocid=33.33  mape=0.1925  | FLOOR smape=0.1398
         laya iter 1 -> best_ONLY_CWT_catboost conf=0.9767 rank=1
         laya iter 2 -> best_ONLY_CWT_catboost conf=0.9821 rank=1
         laya iter 3 -> best_ONLY_CWT_catboost conf=0.9821 rank=1
         laya iter 4 -> best_ONLY_CWT_catboost conf=0.9821 rank=1
[ 196] best_single    score= 0.6294 origin=agent    iters=4 stop=no new information in 3 consecutive turns
         TEST  smape=0.0656  rmse=225.4022  pocid=66.67  mape=0.0633  | FLOOR smape=0.1937
         laya iter 1 -> best_ONLY_CWT_rf conf=0.3657 rank=1
         laya iter 2 -> best_ONLY_CWT_rf conf=0.4453 rank=1
         laya iter 3 -> best_ONLY_CWT_rf conf=0.4453 rank=1
         laya iter 4 -> best_ONLY_CWT_rf conf=0.4453 rank=1
[ 197] best_single    score= 0.0428 origin=agent    iters=5 stop=no new information in 3 consecutive turns
         TEST  smape=0.0902  rmse=238.4663  pocid=33.33  mape=0.0856  | FLOOR smape=0.0527
         laya iter 1 -> mean_pool_full conf=0.2745 rank=9
         laya iter 2 -> best_ONLY_CWT_catboost conf=0.2384 rank=1
         laya iter 3 -> best_ONLY_CWT_catboost conf=0.2384 rank=1
         laya iter 4 -> best_ONLY_CWT_catboost conf=0.2384 rank=1
         laya iter 5 -> best_ONLY_CWT_catboost conf=0.2384 rank=1
[ 198] median         score= 0.0725 origin=baseline iters=5 stop=no new information in 3 consecutive turns
         TEST  smape=0.0570  rmse=51.5690  pocid=50.00  mape=0.0566  | FLOOR smape=0.0570
         laya iter 1 -> mean_pool_full conf=0.2603 rank=8
         laya iter 2 -> mean_pool4 conf=0.2092 rank=3
         laya iter 3 -> mean_pool4 conf=0.2092 rank=3
         laya iter 4 -> mean_pool4 conf=0.2092 rank=3
         laya iter 5 -> mean_pool4 conf=0.2092 rank=3
[ 199] median         score= 0.2626 origin=baseline iters=4 stop=no new information in 3 consecutive turns
         TEST  smape=0.0885  rmse=201.9539  pocid=66.67  mape=0.0931  | FLOOR smape=0.0885
         laya iter 1 -> best_ONLY_CWT_rf conf=0.3298 rank=2
         laya iter 2 -> best_ONLY_CWT_rf conf=0.3549 rank=2
         laya iter 3 -> best_ONLY_CWT_rf conf=0.3549 rank=2
         laya iter 4 -> best_ONLY_CWT_rf conf=0.3549 rank=2
[ 200] best_single    score= 0.4886 origin=agent    iters=5 stop=no new information in 3 consecutive turns
         TEST  smape=0.3537  rmse=622.3100  pocid=58.33  mape=0.2932  | FLOOR smape=0.1823
         laya iter 1 -> mean_pool1 conf=0.2886 rank=4
         laya iter 2 -> best_CWT_rf conf=0.262 rank=1
         laya iter 3 -> best_CWT_rf conf=0.262 rank=1
         laya iter 4 -> best_CWT_rf conf=0.262 rank=1
         laya iter 5 -> best_CWT_rf conf=0.262 rank=1
[ 201] best_single    score= 0.5136 origin=agent    iters=5 stop=no new information in 3 consecutive turns
         TEST  smape=0.1509  rmse=619.0914  pocid=41.67  mape=0.1389  | FLOOR smape=0.0431
         laya iter 1 -> mean_pool_full conf=0.2856 rank=4
         laya iter 2 -> best_CWT_catboost conf=0.2765 rank=1
         laya iter 3 -> best_CWT_catboost conf=0.2765 rank=1
         laya iter 4 -> best_CWT_catboost conf=0.2765 rank=1
         laya iter 5 -> best_CWT_catboost conf=0.2765 rank=1
[ 202] best_single    score= 0.4374 origin=agent    iters=4 stop=no new information in 3 consecutive turns
         TEST  smape=0.0694  rmse=442.3074  pocid=58.33  mape=0.0736  | FLOOR smape=0.0801
         laya iter 1 -> best_ONLY_DWT_catboost conf=0.7755 rank=1
         laya iter 2 -> best_ONLY_DWT_catboost conf=0.838 rank=1
         laya iter 3 -> best_ONLY_DWT_catboost conf=0.838 rank=1
         laya iter 4 -> best_ONLY_DWT_catboost conf=0.838 rank=1
[ 203] best_single    score=-0.0090 origin=agent    iters=5 stop=no new information in 3 consecutive turns
         TEST  smape=0.0074  rmse=59.1205  pocid=75.00  mape=0.0074  | FLOOR smape=0.0022
         laya iter 1 -> mean_pool_full conf=0.2788 rank=8
         laya iter 2 -> best_ONLY_DWT_rf conf=0.2508 rank=1
         laya iter 3 -> best_ONLY_DWT_rf conf=0.2508 rank=1
         laya iter 4 -> best_ONLY_DWT_rf conf=0.2508 rank=1
         laya iter 5 -> best_ONLY_DWT_rf conf=0.2508 rank=1
[ 204] best_single    score= 0.1474 origin=agent    iters=4 stop=no new information in 3 consecutive turns
         TEST  smape=0.0159  rmse=259.3038  pocid=50.00  mape=0.0157  | FLOOR smape=0.0324
         laya iter 1 -> best_ONLY_CWT_rf conf=0.3718 rank=1
         laya iter 2 -> best_ONLY_CWT_rf conf=0.4331 rank=1
         laya iter 3 -> best_ONLY_CWT_rf conf=0.4331 rank=1
         laya iter 4 -> best_ONLY_CWT_rf conf=0.4331 rank=1
[ 205] best_single    score= 0.5203 origin=agent    iters=4 stop=no new information in 3 consecutive turns
         TEST  smape=0.1065  rmse=151.5987  pocid=75.00  mape=0.0998  | FLOOR smape=0.1121
         laya iter 1 -> best_ONLY_DWT_catboost conf=0.4244 rank=1
         laya iter 2 -> best_ONLY_DWT_catboost conf=0.4509 rank=1
         laya iter 3 -> best_ONLY_DWT_catboost conf=0.4509 rank=1
         laya iter 4 -> best_ONLY_DWT_catboost conf=0.4509 rank=1
[ 206] best_single    score= 0.3672 origin=agent    iters=4 stop=no new information in 3 consecutive turns
         TEST  smape=0.0905  rmse=2121.1739  pocid=58.33  mape=0.0847  | FLOOR smape=0.1093
         laya iter 1 -> best_ONLY_DWT_rf conf=0.4555 rank=1
         laya iter 2 -> best_ONLY_DWT_rf conf=0.4965 rank=1
         laya iter 3 -> best_ONLY_DWT_rf conf=0.4965 rank=1
         laya iter 4 -> best_ONLY_DWT_rf conf=0.4965 rank=1
[ 207] mean           score= 0.1737 origin=baseline iters=5 stop=no new information in 3 consecutive turns
         TEST  smape=0.0770  rmse=2389.1930  pocid=75.00  mape=0.0801  | FLOOR smape=0.0770
         laya iter 1 -> mean_pool1 conf=0.2871 rank=6
         laya iter 2 -> best_CWT_catboost conf=0.2775 rank=4
         laya iter 3 -> best_CWT_catboost conf=0.2775 rank=4
         laya iter 4 -> best_CWT_catboost conf=0.2775 rank=4
         laya iter 5 -> best_CWT_catboost conf=0.2775 rank=4
[ 208] mean           score= 0.0763 origin=baseline iters=5 stop=no new information in 3 consecutive turns
         TEST  smape=1.2122  rmse=3041.5898  pocid=0.00  mape=0.7496  | FLOOR smape=1.2122
         laya iter 1 -> mean_pool1 conf=0.2982 rank=1
         laya iter 2 -> best_ETS conf=0.3166 rank=3
         laya iter 3 -> best_ETS conf=0.3166 rank=3
         laya iter 4 -> best_ETS conf=0.3166 rank=3
         laya iter 5 -> best_ETS conf=0.3166 rank=3
[ 209] best_single    score= 0.1147 origin=agent    iters=4 stop=no new information in 3 consecutive turns
         TEST  smape=0.1310  rmse=1230.6046  pocid=75.00  mape=0.1219  | FLOOR smape=0.1320
         laya iter 1 -> best_CWT_rf conf=0.2951 rank=1
         laya iter 2 -> best_CWT_rf conf=0.2773 rank=1
         laya iter 3 -> best_CWT_rf conf=0.2773 rank=1
         laya iter 4 -> best_CWT_rf conf=0.2773 rank=1
[ 210] best_single    score=-0.1355 origin=agent    iters=4 stop=no new information in 3 consecutive turns
         TEST  smape=0.0161  rmse=407.7503  pocid=91.67  mape=0.0163  | FLOOR smape=0.0046
         laya iter 1 -> best_FT_rf conf=0.4506 rank=1
         laya iter 2 -> best_FT_rf conf=0.5274 rank=1
         laya iter 3 -> best_FT_rf conf=0.5274 rank=1
         laya iter 4 -> best_FT_rf conf=0.5274 rank=1
[ 211] best_single    score= 0.0316 origin=agent    iters=5 stop=no new information in 3 consecutive turns
         TEST  smape=0.0520  rmse=348.8678  pocid=66.67  mape=0.0502  | FLOOR smape=0.0461
         laya iter 1 -> mean_pool_full conf=0.3124 rank=8
         laya iter 2 -> best_ONLY_CWT_rf conf=0.2925 rank=1
         laya iter 3 -> best_ONLY_CWT_rf conf=0.2925 rank=1
         laya iter 4 -> best_ONLY_CWT_rf conf=0.2925 rank=1
         laya iter 5 -> best_ONLY_CWT_rf conf=0.2925 rank=1
[ 212] trimmed_mean   score= 0.1546 origin=baseline iters=4 stop=no new information in 3 consecutive turns
         TEST  smape=0.0490  rmse=206.2662  pocid=66.67  mape=0.0499  | FLOOR smape=0.0490
         laya iter 1 -> best_DWT_catboost conf=0.2866 rank=6
         laya iter 2 -> best_DWT_catboost conf=0.2969 rank=6
         laya iter 3 -> best_DWT_catboost conf=0.2969 rank=6
         laya iter 4 -> best_DWT_catboost conf=0.2969 rank=6
[ 213] best_single    score= 0.2722 origin=agent    iters=4 stop=no new information in 3 consecutive turns
         TEST  smape=0.0276  rmse=63.0368  pocid=66.67  mape=0.0273  | FLOOR smape=0.0269
         laya iter 1 -> best_ONLY_CWT_catboost conf=0.3096 rank=1
         laya iter 2 -> best_ONLY_CWT_catboost conf=0.3112 rank=1
         laya iter 3 -> best_ONLY_CWT_catboost conf=0.3112 rank=1
         laya iter 4 -> best_ONLY_CWT_catboost conf=0.3112 rank=1
[ 214] best_single    score= 0.1925 origin=agent    iters=4 stop=no new information in 3 consecutive turns
         TEST  smape=0.0355  rmse=98.8328  pocid=33.33  mape=0.0347  | FLOOR smape=0.0310
         laya iter 1 -> best_catboost conf=0.325 rank=1
         laya iter 2 -> best_catboost conf=0.3187 rank=1
         laya iter 3 -> best_catboost conf=0.3187 rank=1
         laya iter 4 -> best_catboost conf=0.3187 rank=1
[ 215] best_single    score= 0.0565 origin=agent    iters=4 stop=no new information in 3 consecutive turns
         TEST  smape=0.0319  rmse=114.4165  pocid=25.00  mape=0.0313  | FLOOR smape=0.0214
         laya iter 1 -> best_FT_catboost conf=0.3552 rank=1
         laya iter 2 -> best_FT_catboost conf=0.4453 rank=1
         laya iter 3 -> best_FT_catboost conf=0.4453 rank=1
         laya iter 4 -> best_FT_catboost conf=0.4453 rank=1
[ 216] median         score= 0.3908 origin=baseline iters=5 stop=no new information in 3 consecutive turns
         TEST  smape=0.0296  rmse=385.6762  pocid=25.00  mape=0.0294  | FLOOR smape=0.0296
         laya iter 1 -> mean_pool1 conf=0.3182 rank=9
         laya iter 2 -> mean_pool4 conf=0.2747 rank=10
         laya iter 3 -> mean_pool4 conf=0.2747 rank=10
         laya iter 4 -> mean_pool4 conf=0.2747 rank=10
         laya iter 5 -> mean_pool4 conf=0.2747 rank=10
[ 217] mean           score=-0.0676 origin=agent    iters=5 stop=no new information in 3 consecutive turns
         TEST  smape=0.0299  rmse=386.3236  pocid=41.67  mape=0.0306  | FLOOR smape=0.0450
         laya iter 1 -> mean_pool1 conf=0.3757 rank=9
         laya iter 2 -> mean_pool4 conf=0.2953 rank=1
         laya iter 3 -> mean_pool4 conf=0.2953 rank=1
         laya iter 4 -> mean_pool4 conf=0.2953 rank=1
         laya iter 5 -> mean_pool4 conf=0.2953 rank=1
[ 218] best_single    score=-0.1881 origin=agent    iters=5 stop=no new information in 3 consecutive turns
         TEST  smape=0.0005  rmse=0.6555  pocid=100.00  mape=0.0005  | FLOOR smape=0.0006
         laya iter 1 -> mean_pool1 conf=0.3463 rank=4
         laya iter 2 -> best_DWT_rf conf=0.3763 rank=1
         laya iter 3 -> best_DWT_rf conf=0.3763 rank=1
         laya iter 4 -> best_DWT_rf conf=0.3763 rank=1
         laya iter 5 -> best_DWT_rf conf=0.3763 rank=1
[ 219] best_single    score=-0.1844 origin=agent    iters=4 stop=no new information in 3 consecutive turns
         TEST  smape=0.0000  rmse=0.1123  pocid=100.00  mape=0.0000  | FLOOR smape=0.0000
         laya iter 1 -> best_FT_rf conf=0.5482 rank=1
         laya iter 2 -> best_FT_rf conf=0.7477 rank=1
         laya iter 3 -> best_FT_rf conf=0.7477 rank=1
         laya iter 4 -> best_FT_rf conf=0.7477 rank=1
[ 220] mean           score= 0.6833 origin=baseline iters=5 stop=no new information in 3 consecutive turns
         TEST  smape=0.0509  rmse=438.7661  pocid=83.33  mape=0.0494  | FLOOR smape=0.0509
         laya iter 1 -> mean_pool_full conf=0.3117 rank=1
         laya iter 2 -> best_ONLY_CWT_rf conf=0.2883 rank=4
         laya iter 3 -> best_ONLY_CWT_rf conf=0.2883 rank=4
         laya iter 4 -> best_ONLY_CWT_rf conf=0.2883 rank=4
         laya iter 5 -> best_ONLY_CWT_rf conf=0.2883 rank=4
[ 221] best_single    score= 0.0972 origin=agent    iters=4 stop=no new information in 3 consecutive turns
         TEST  smape=0.0943  rmse=841.6188  pocid=58.33  mape=0.0910  | FLOOR smape=0.0860
         laya iter 1 -> best_rf conf=0.6733 rank=1
         laya iter 2 -> best_rf conf=0.7953 rank=1
         laya iter 3 -> best_rf conf=0.7953 rank=1
         laya iter 4 -> best_rf conf=0.7953 rank=1
[ 222] best_single    score= 0.0504 origin=agent    iters=5 stop=no new information in 3 consecutive turns
         TEST  smape=0.1668  rmse=10520.0044  pocid=75.00  mape=0.2212  | FLOOR smape=0.0113
         laya iter 1 -> mean_pool1 conf=0.3542 rank=5
         laya iter 2 -> best_DWT_rf conf=0.3319 rank=1
         laya iter 3 -> best_DWT_rf conf=0.3319 rank=1
         laya iter 4 -> best_DWT_rf conf=0.3319 rank=1
         laya iter 5 -> best_DWT_rf conf=0.3319 rank=1
[ 223] best_single    score= 0.1524 origin=agent    iters=5 stop=no new information in 3 consecutive turns
         TEST  smape=0.1558  rmse=354.0065  pocid=25.00  mape=0.1410  | FLOOR smape=0.1386
         laya iter 1 -> mean_pool_full conf=0.3127 rank=7
         laya iter 2 -> best_ONLY_DWT_rf conf=0.3012 rank=1
         laya iter 3 -> best_ONLY_DWT_rf conf=0.3012 rank=1
         laya iter 4 -> best_ONLY_DWT_rf conf=0.3012 rank=1
         laya iter 5 -> best_ONLY_DWT_rf conf=0.3012 rank=1
[ 224] best_single    score= 0.0546 origin=agent    iters=5 stop=no new information in 3 consecutive turns
         TEST  smape=0.0642  rmse=253.5194  pocid=33.33  mape=0.0590  | FLOOR smape=0.0536
         laya iter 1 -> mean_pool1 conf=0.2757 rank=4
         laya iter 2 -> best_DWT_rf conf=0.2875 rank=1
         laya iter 3 -> best_DWT_rf conf=0.2875 rank=1
         laya iter 4 -> best_DWT_rf conf=0.2875 rank=1
         laya iter 5 -> best_DWT_rf conf=0.2875 rank=1
[ 225] best_single    score= 0.0725 origin=agent    iters=4 stop=no new information in 3 consecutive turns
         TEST  smape=0.0347  rmse=116.5946  pocid=58.33  mape=0.0357  | FLOOR smape=0.0411
         laya iter 1 -> best_FT_rf conf=0.3474 rank=1
         laya iter 2 -> best_FT_rf conf=0.4366 rank=1
         laya iter 3 -> best_FT_rf conf=0.4366 rank=1
         laya iter 4 -> best_FT_rf conf=0.4366 rank=1
[ 226] mean           score= 0.1265 origin=baseline iters=5 stop=no new information in 3 consecutive turns
         TEST  smape=0.1142  rmse=224.4497  pocid=50.00  mape=0.1055  | FLOOR smape=0.1142
         laya iter 1 -> mean_pool1 conf=0.2787 rank=2
         laya iter 2 -> mean_pool4 conf=0.237 rank=4
         laya iter 3 -> mean_pool4 conf=0.237 rank=4
         laya iter 4 -> mean_pool4 conf=0.237 rank=4
         laya iter 5 -> mean_pool4 conf=0.237 rank=4
[ 227] best_single    score= 0.2550 origin=agent    iters=5 stop=no new information in 3 consecutive turns
         TEST  smape=0.0327  rmse=308.7371  pocid=50.00  mape=0.0321  | FLOOR smape=0.0490
         laya iter 1 -> mean_pool1 conf=0.278 rank=1
         laya iter 2 -> best_CWT_rf conf=0.287 rank=1
         laya iter 3 -> best_CWT_rf conf=0.287 rank=1
         laya iter 4 -> best_CWT_rf conf=0.287 rank=1
         laya iter 5 -> best_CWT_rf conf=0.287 rank=1
[ 228] best_single    score=-0.0124 origin=agent    iters=4 stop=no new information in 3 consecutive turns
         TEST  smape=0.1842  rmse=108.3294  pocid=75.00  mape=0.2114  | FLOOR smape=0.0629
         laya iter 1 -> best_rf conf=0.3483 rank=1
         laya iter 2 -> best_rf conf=0.398 rank=1
         laya iter 3 -> best_rf conf=0.398 rank=1
         laya iter 4 -> best_rf conf=0.398 rank=1
[ 229] best_single    score= 0.0826 origin=agent    iters=4 stop=no new information in 3 consecutive turns
         TEST  smape=0.1143  rmse=530.9228  pocid=50.00  mape=0.1140  | FLOOR smape=0.1136
         laya iter 1 -> best_FT_rf conf=0.3284 rank=1
         laya iter 2 -> best_FT_rf conf=0.3303 rank=1
         laya iter 3 -> best_FT_rf conf=0.3303 rank=1
         laya iter 4 -> best_FT_rf conf=0.3303 rank=1
[ 230] best_single    score= 0.1759 origin=agent    iters=4 stop=no new information in 3 consecutive turns
         TEST  smape=0.1785  rmse=251.7970  pocid=100.00  mape=0.1578  | FLOOR smape=0.3245
         laya iter 1 -> best_FT_catboost conf=0.3206 rank=1
         laya iter 2 -> best_FT_catboost conf=0.4018 rank=1
         laya iter 3 -> best_FT_catboost conf=0.4018 rank=1
         laya iter 4 -> best_FT_catboost conf=0.4018 rank=1
[ 231] best_single    score= 0.1485 origin=agent    iters=4 stop=no new information in 3 consecutive turns
         TEST  smape=0.2122  rmse=704.7659  pocid=41.67  mape=0.1794  | FLOOR smape=0.1919
         laya iter 1 -> best_FT_catboost conf=0.2953 rank=1
         laya iter 2 -> best_FT_catboost conf=0.3293 rank=1
         laya iter 3 -> best_FT_catboost conf=0.3293 rank=1
         laya iter 4 -> best_FT_catboost conf=0.3293 rank=1
[ 232] best_single    score= 0.1912 origin=agent    iters=5 stop=no new information in 3 consecutive turns
         TEST  smape=0.1628  rmse=296.1154  pocid=33.33  mape=0.1412  | FLOOR smape=0.1576
         laya iter 1 -> mean_pool1 conf=0.2772 rank=6
         laya iter 2 -> best_FT_catboost conf=0.2713 rank=1
         laya iter 3 -> best_FT_catboost conf=0.2713 rank=1
         laya iter 4 -> best_FT_catboost conf=0.2713 rank=1
         laya iter 5 -> best_FT_catboost conf=0.2713 rank=1
[ 233] best_single    score= 0.1977 origin=agent    iters=5 stop=no new information in 3 consecutive turns
         TEST  smape=0.1279  rmse=391.4695  pocid=41.67  mape=0.1143  | FLOOR smape=0.1442
         laya iter 1 -> mean_pool1 conf=0.2856 rank=4
         laya iter 2 -> best_FT_catboost conf=0.2626 rank=1
         laya iter 3 -> best_FT_catboost conf=0.2626 rank=1
         laya iter 4 -> best_FT_catboost conf=0.2626 rank=1
         laya iter 5 -> best_FT_catboost conf=0.2626 rank=1
[ 234] best_single    score= 0.2234 origin=agent    iters=4 stop=no new information in 3 consecutive turns
         TEST  smape=0.0804  rmse=87.0134  pocid=100.00  mape=0.0759  | FLOOR smape=0.0551
         laya iter 1 -> best_ONLY_CWT_rf conf=0.4154 rank=1
         laya iter 2 -> best_ONLY_CWT_rf conf=0.5469 rank=1
         laya iter 3 -> best_ONLY_CWT_rf conf=0.5469 rank=1
         laya iter 4 -> best_ONLY_CWT_rf conf=0.5469 rank=1
[ 235] median         score= 0.1591 origin=baseline iters=5 stop=no new information in 3 consecutive turns
         TEST  smape=0.0692  rmse=402.3851  pocid=58.33  mape=0.0653  | FLOOR smape=0.0692
         laya iter 1 -> mean_pool1 conf=0.2801 rank=7
         laya iter 2 -> mean_pool4 conf=0.2232 rank=8
         laya iter 3 -> mean_pool4 conf=0.2232 rank=8
         laya iter 4 -> mean_pool4 conf=0.2232 rank=8
         laya iter 5 -> mean_pool4 conf=0.2232 rank=8
[ 236] best_single    score= 0.1053 origin=agent    iters=4 stop=no new information in 3 consecutive turns
         TEST  smape=0.2924  rmse=470.5059  pocid=50.00  mape=0.3547  | FLOOR smape=0.0697
         laya iter 1 -> best_rf conf=0.3344 rank=1
         laya iter 2 -> best_rf conf=0.4174 rank=1
         laya iter 3 -> best_rf conf=0.4174 rank=1
         laya iter 4 -> best_rf conf=0.4174 rank=1
[ 237] trimmed_mean   score= 0.1218 origin=baseline iters=5 stop=no new information in 3 consecutive turns
         TEST  smape=0.2746  rmse=227.1684  pocid=83.33  mape=0.2293  | FLOOR smape=0.2746
         laya iter 1 -> mean_pool1 conf=0.2893 rank=5
         laya iter 2 -> mean_pool4 conf=0.2263 rank=8
         laya iter 3 -> mean_pool4 conf=0.2263 rank=8
         laya iter 4 -> mean_pool4 conf=0.2263 rank=8
         laya iter 5 -> mean_pool4 conf=0.2263 rank=8
[ 238] best_single    score= 0.3135 origin=agent    iters=4 stop=no new information in 3 consecutive turns
         TEST  smape=0.0449  rmse=263.0449  pocid=75.00  mape=0.0452  | FLOOR smape=0.0498
         laya iter 1 -> best_DWT_catboost conf=0.3289 rank=1
         laya iter 2 -> best_DWT_catboost conf=0.3522 rank=1
         laya iter 3 -> best_DWT_catboost conf=0.3522 rank=1
         laya iter 4 -> best_DWT_catboost conf=0.3522 rank=1
[ 239] mean           score= 0.0028 origin=baseline iters=4 stop=no new information in 3 consecutive turns
         TEST  smape=0.0307  rmse=117.1486  pocid=58.33  mape=0.0308  | FLOOR smape=0.0307
         laya iter 1 -> best_rf conf=0.4012 rank=6
         laya iter 2 -> best_rf conf=0.5324 rank=6
         laya iter 3 -> best_rf conf=0.5324 rank=6
         laya iter 4 -> best_rf conf=0.5324 rank=6
[ 240] trimmed_mean   score= 0.3127 origin=baseline iters=5 stop=no new information in 3 consecutive turns
         TEST  smape=0.0847  rmse=151.5935  pocid=91.67  mape=0.0795  | FLOOR smape=0.0847
         laya iter 1 -> mean_pool1 conf=0.2726 rank=7
         laya iter 2 -> best_ONLY_CWT_catboost conf=0.2464 rank=6
         laya iter 3 -> best_ONLY_CWT_catboost conf=0.2464 rank=6
         laya iter 4 -> best_ONLY_CWT_catboost conf=0.2464 rank=6
         laya iter 5 -> best_ONLY_CWT_catboost conf=0.2464 rank=6
[ 241] trimmed_mean   score= 0.1952 origin=baseline iters=5 stop=no new information in 3 consecutive turns
         TEST  smape=0.0811  rmse=230.3040  pocid=58.33  mape=0.0757  | FLOOR smape=0.0811
         laya iter 1 -> mean_pool_full conf=0.2988 rank=8
         laya iter 2 -> mean_pool4 conf=0.2269 rank=4
         laya iter 3 -> mean_pool4 conf=0.2269 rank=4
         laya iter 4 -> mean_pool4 conf=0.2269 rank=4
         laya iter 5 -> mean_pool4 conf=0.2269 rank=4
[ 242] median         score= 0.3639 origin=baseline iters=5 stop=no new information in 3 consecutive turns
         TEST  smape=0.4878  rmse=1402.7283  pocid=66.67  mape=0.3720  | FLOOR smape=0.4878
         laya iter 1 -> mean_pool1 conf=0.3186 rank=5
         laya iter 2 -> best_ONLY_DWT_rf conf=0.276 rank=2
         laya iter 3 -> best_ONLY_DWT_rf conf=0.276 rank=2
         laya iter 4 -> best_ONLY_DWT_rf conf=0.276 rank=2
         laya iter 5 -> best_ONLY_DWT_rf conf=0.276 rank=2
[ 243] best_single    score= 0.2112 origin=agent    iters=4 stop=no new information in 3 consecutive turns
         TEST  smape=0.1923  rmse=253.5101  pocid=100.00  mape=0.1716  | FLOOR smape=0.1975
         laya iter 1 -> best_DWT_rf conf=0.4236 rank=1
         laya iter 2 -> best_DWT_rf conf=0.5857 rank=1
         laya iter 3 -> best_DWT_rf conf=0.5857 rank=1
         laya iter 4 -> best_DWT_rf conf=0.5857 rank=1
[ 244] best_single    score= 0.0545 origin=agent    iters=4 stop=no new information in 3 consecutive turns
         TEST  smape=0.0552  rmse=207.5240  pocid=58.33  mape=0.0531  | FLOOR smape=0.0972
         laya iter 1 -> best_ONLY_CWT_rf conf=0.401 rank=1
         laya iter 2 -> best_ONLY_CWT_rf conf=0.4828 rank=1
         laya iter 3 -> best_ONLY_CWT_rf conf=0.4828 rank=1
         laya iter 4 -> best_ONLY_CWT_rf conf=0.4828 rank=1
[ 245] best_single    score= 0.4963 origin=agent    iters=4 stop=no new information in 3 consecutive turns
         TEST  smape=0.2052  rmse=348.8898  pocid=41.67  mape=0.1788  | FLOOR smape=0.1914
         laya iter 1 -> best_ONLY_DWT_rf conf=0.3741 rank=1
         laya iter 2 -> best_ONLY_DWT_rf conf=0.4241 rank=1
         laya iter 3 -> best_ONLY_DWT_rf conf=0.4241 rank=1
         laya iter 4 -> best_ONLY_DWT_rf conf=0.4241 rank=1
[ 246] best_single    score= 0.0874 origin=agent    iters=5 stop=no new information in 3 consecutive turns
         TEST  smape=0.0480  rmse=434.0411  pocid=66.67  mape=0.0457  | FLOOR smape=0.0510
         laya iter 1 -> mean_pool_full conf=0.2677 rank=8
         laya iter 2 -> best_ONLY_CWT_rf conf=0.2459 rank=1
         laya iter 3 -> best_ONLY_CWT_rf conf=0.2459 rank=1
         laya iter 4 -> best_ONLY_CWT_rf conf=0.2459 rank=1
         laya iter 5 -> best_ONLY_CWT_rf conf=0.2459 rank=1
[ 247] best_single    score= 0.0525 origin=agent    iters=4 stop=no new information in 3 consecutive turns
         TEST  smape=0.0197  rmse=416.6484  pocid=16.67  mape=0.0198  | FLOOR smape=0.0212
         laya iter 1 -> best_ONLY_CWT_rf conf=0.7993 rank=1
         laya iter 2 -> best_ONLY_CWT_rf conf=0.8766 rank=1
         laya iter 3 -> best_ONLY_CWT_rf conf=0.8766 rank=1
         laya iter 4 -> best_ONLY_CWT_rf conf=0.8766 rank=1
[ 248] trimmed_mean   score= 0.0206 origin=baseline iters=5 stop=no new information in 3 consecutive turns
         TEST  smape=0.0627  rmse=1753.0946  pocid=16.67  mape=0.0662  | FLOOR smape=0.0627
         laya iter 1 -> mean_pool1 conf=0.2933 rank=2
         laya iter 2 -> mean_pool4 conf=0.2229 rank=3
         laya iter 3 -> mean_pool4 conf=0.2229 rank=3
         laya iter 4 -> mean_pool4 conf=0.2229 rank=3
         laya iter 5 -> mean_pool4 conf=0.2229 rank=3
[ 249] best_single    score=-0.1331 origin=agent    iters=4 stop=no new information in 3 consecutive turns
         TEST  smape=0.0105  rmse=47.2917  pocid=91.67  mape=0.0105  | FLOOR smape=0.0100
         laya iter 1 -> best_DWT_rf conf=0.3795 rank=1
         laya iter 2 -> best_DWT_rf conf=0.4976 rank=1
         laya iter 3 -> best_DWT_rf conf=0.4976 rank=1
         laya iter 4 -> best_DWT_rf conf=0.4976 rank=1
[ 250] trimmed_mean   score= 0.0928 origin=baseline iters=5 stop=no new information in 3 consecutive turns
         TEST  smape=0.0503  rmse=390.8746  pocid=58.33  mape=0.0487  | FLOOR smape=0.0503
         laya iter 1 -> mean_pool1 conf=0.2887 rank=2
         laya iter 2 -> best_CWT_rf conf=0.311 rank=3
         laya iter 3 -> best_CWT_rf conf=0.311 rank=3
         laya iter 4 -> best_CWT_rf conf=0.311 rank=3
         laya iter 5 -> best_CWT_rf conf=0.311 rank=3
[ 251] median         score=-0.1498 origin=baseline iters=4 stop=no new information in 3 consecutive turns
         TEST  smape=0.0098  rmse=106.9684  pocid=83.33  mape=0.0097  | FLOOR smape=0.0098
         laya iter 1 -> best_ONLY_DWT_rf conf=0.4823 rank=6
         laya iter 2 -> best_ONLY_DWT_rf conf=0.5648 rank=6
         laya iter 3 -> best_ONLY_DWT_rf conf=0.5648 rank=6
         laya iter 4 -> best_ONLY_DWT_rf conf=0.5648 rank=6
[ 252] mean           score=-0.0822 origin=baseline iters=5 stop=no new information in 3 consecutive turns
         TEST  smape=0.0072  rmse=103.2238  pocid=83.33  mape=0.0072  | FLOOR smape=0.0072
         laya iter 1 -> mean_pool_full conf=0.3089 rank=9
         laya iter 2 -> best_ONLY_CWT_rf conf=0.3139 rank=3
         laya iter 3 -> best_ONLY_CWT_rf conf=0.3139 rank=3
         laya iter 4 -> best_ONLY_CWT_rf conf=0.3139 rank=3
         laya iter 5 -> best_ONLY_CWT_rf conf=0.3139 rank=3
[ 253] trimmed_mean   score=-0.1310 origin=baseline iters=5 stop=no new information in 3 consecutive turns
         TEST  smape=0.0038  rmse=31.1642  pocid=91.67  mape=0.0038  | FLOOR smape=0.0038
         laya iter 1 -> mean_pool1 conf=0.2912 rank=3
         laya iter 2 -> best_CWT_rf conf=0.2819 rank=8
         laya iter 3 -> best_CWT_rf conf=0.2819 rank=8
         laya iter 4 -> best_CWT_rf conf=0.2819 rank=8
         laya iter 5 -> best_CWT_rf conf=0.2819 rank=8
[ 254] best_single    score=-0.0264 origin=agent    iters=5 stop=no new information in 3 consecutive turns
         TEST  smape=0.0189  rmse=40.8161  pocid=66.67  mape=0.0191  | FLOOR smape=0.0268
         laya iter 1 -> mean_pool1 conf=0.2799 rank=4
         laya iter 2 -> best_DWT_catboost conf=0.2722 rank=1
         laya iter 3 -> best_DWT_catboost conf=0.2722 rank=1
         laya iter 4 -> best_DWT_catboost conf=0.2722 rank=1
         laya iter 5 -> best_DWT_catboost conf=0.2722 rank=1
[ 255] mean           score= 0.1205 origin=baseline iters=4 stop=no new information in 3 consecutive turns
         TEST  smape=0.0232  rmse=68.9938  pocid=75.00  mape=0.0232  | FLOOR smape=0.0232
         laya iter 1 -> best_ONLY_DWT_rf conf=0.3057 rank=5
         laya iter 2 -> best_ONLY_DWT_rf conf=0.322 rank=5
         laya iter 3 -> best_ONLY_DWT_rf conf=0.322 rank=5
         laya iter 4 -> best_ONLY_DWT_rf conf=0.322 rank=5
[ 256] best_single    score=-0.0235 origin=agent    iters=4 stop=no new information in 3 consecutive turns
         TEST  smape=0.0026  rmse=11.6580  pocid=66.67  mape=0.0026  | FLOOR smape=0.0037
         laya iter 1 -> best_CWT_rf conf=0.4469 rank=1
         laya iter 2 -> best_CWT_rf conf=0.6421 rank=1
         laya iter 3 -> best_CWT_rf conf=0.6421 rank=1
         laya iter 4 -> best_CWT_rf conf=0.6421 rank=1
[ 257] median         score= 0.1005 origin=baseline iters=5 stop=no new information in 3 consecutive turns
         TEST  smape=0.0569  rmse=137.9844  pocid=50.00  mape=0.0592  | FLOOR smape=0.0569
         laya iter 1 -> mean_pool1 conf=0.2542 rank=2
         laya iter 2 -> best_CWT_catboost conf=0.2219 rank=3
         laya iter 3 -> best_CWT_catboost conf=0.2219 rank=3
         laya iter 4 -> best_CWT_catboost conf=0.2219 rank=3
         laya iter 5 -> best_CWT_catboost conf=0.2219 rank=3
[ 258] best_single    score= 0.5271 origin=agent    iters=5 stop=no new information in 3 consecutive turns
         TEST  smape=0.5929  rmse=7628.4929  pocid=33.33  mape=1.0033  | FLOOR smape=0.1516
         laya iter 1 -> mean_pool_full conf=0.2554 rank=2
         laya iter 2 -> best_FT_rf conf=0.2032 rank=1
         laya iter 3 -> best_FT_rf conf=0.2032 rank=1
         laya iter 4 -> best_FT_rf conf=0.2032 rank=1
         laya iter 5 -> best_FT_rf conf=0.2032 rank=1
[ 259] trimmed_mean   score= 0.1334 origin=baseline iters=4 stop=no new information in 3 consecutive turns
         TEST  smape=0.1886  rmse=241.3651  pocid=75.00  mape=0.1762  | FLOOR smape=0.1886
         laya iter 1 -> best_ONLY_DWT_catboost conf=0.5286 rank=4
         laya iter 2 -> best_ONLY_DWT_catboost conf=0.5989 rank=4
         laya iter 3 -> best_ONLY_DWT_catboost conf=0.5989 rank=4
         laya iter 4 -> best_ONLY_DWT_catboost conf=0.5989 rank=4
[ 260] dba            score= 0.6976 origin=baseline iters=4 stop=no new information in 3 consecutive turns
         TEST  smape=0.0286  rmse=168.0614  pocid=58.33  mape=0.0284  | FLOOR smape=0.0286
         laya iter 1 -> best_ONLY_DWT_catboost conf=0.5066 rank=3
         laya iter 2 -> best_ONLY_DWT_catboost conf=0.6173 rank=3
         laya iter 3 -> best_ONLY_DWT_catboost conf=0.6173 rank=3
         laya iter 4 -> best_ONLY_DWT_catboost conf=0.6173 rank=3
[ 261] best_single    score=-0.1526 origin=agent    iters=5 stop=no new information in 3 consecutive turns
         TEST  smape=0.0029  rmse=14.3571  pocid=83.33  mape=0.0029  | FLOOR smape=0.0015
         laya iter 1 -> mean_pool_full conf=0.2851 rank=9
         laya iter 2 -> best_CWT_catboost conf=0.2729 rank=1
         laya iter 3 -> best_CWT_catboost conf=0.2729 rank=1
         laya iter 4 -> best_CWT_catboost conf=0.2729 rank=1
         laya iter 5 -> best_CWT_catboost conf=0.2729 rank=1
[ 262] mean           score= 0.7167 origin=baseline iters=5 stop=no new information in 3 consecutive turns
         TEST  smape=0.2291  rmse=529.4317  pocid=83.33  mape=0.2686  | FLOOR smape=0.2291
         laya iter 1 -> mean_pool_full conf=0.3273 rank=1
         laya iter 2 -> mean_pool4 conf=0.2396 rank=10
         laya iter 3 -> mean_pool4 conf=0.2396 rank=10
         laya iter 4 -> mean_pool4 conf=0.2396 rank=10
         laya iter 5 -> mean_pool4 conf=0.2396 rank=10
[ 263] trimmed_mean   score= 0.3355 origin=baseline iters=4 stop=no new information in 3 consecutive turns
         TEST  smape=0.0658  rmse=317.0659  pocid=41.67  mape=0.0645  | FLOOR smape=0.0658
         laya iter 1 -> best_ONLY_DWT_rf conf=0.3856 rank=4
         laya iter 2 -> best_ONLY_DWT_rf conf=0.4275 rank=4
         laya iter 3 -> best_ONLY_DWT_rf conf=0.4275 rank=4
         laya iter 4 -> best_ONLY_DWT_rf conf=0.4275 rank=4
[ 264] median         score= 0.4653 origin=baseline iters=4 stop=no new information in 3 consecutive turns
         TEST  smape=0.0837  rmse=182.7780  pocid=66.67  mape=0.0878  | FLOOR smape=0.0837
         laya iter 1 -> best_ONLY_CWT_catboost conf=0.297 rank=2
         laya iter 2 -> best_ONLY_CWT_catboost conf=0.3256 rank=2
         laya iter 3 -> best_ONLY_CWT_catboost conf=0.3256 rank=2
         laya iter 4 -> best_ONLY_CWT_catboost conf=0.3256 rank=2
[ 265] mean           score= 0.6889 origin=baseline iters=5 stop=no new information in 3 consecutive turns
         TEST  smape=0.0841  rmse=185.2678  pocid=50.00  mape=0.0881  | FLOOR smape=0.0841
         laya iter 1 -> mean_pool1 conf=0.3783 rank=8
         laya iter 2 -> mean_pool4 conf=0.2678 rank=10
         laya iter 3 -> mean_pool4 conf=0.2678 rank=10
         laya iter 4 -> mean_pool4 conf=0.2678 rank=10
         laya iter 5 -> mean_pool4 conf=0.2678 rank=10
[ 266] best_single    score= 0.3406 origin=agent    iters=4 stop=no new information in 3 consecutive turns
         TEST  smape=0.1856  rmse=809.2529  pocid=41.67  mape=0.1647  | FLOOR smape=0.1510
         laya iter 1 -> best_ONLY_FT_rf conf=0.3898 rank=1
         laya iter 2 -> best_ONLY_FT_rf conf=0.4209 rank=1
         laya iter 3 -> best_ONLY_FT_rf conf=0.4209 rank=1
         laya iter 4 -> best_ONLY_FT_rf conf=0.4209 rank=1
[ 267] best_single    score= 0.5982 origin=agent    iters=4 stop=no new information in 3 consecutive turns
         TEST  smape=0.0867  rmse=129.6087  pocid=41.67  mape=0.0917  | FLOOR smape=0.0433
         laya iter 1 -> best_ONLY_FT_rf conf=0.7323 rank=1
         laya iter 2 -> best_ONLY_FT_rf conf=0.7946 rank=1
         laya iter 3 -> best_ONLY_FT_rf conf=0.7946 rank=1
         laya iter 4 -> best_ONLY_FT_rf conf=0.7946 rank=1
[ 268] mean           score= 0.7056 origin=baseline iters=5 stop=no new information in 3 consecutive turns
         TEST  smape=0.0495  rmse=70.7459  pocid=41.67  mape=0.0510  | FLOOR smape=0.0495
         laya iter 1 -> mean_pool1 conf=0.3601 rank=9
         laya iter 2 -> mean_pool4 conf=0.2908 rank=4
         laya iter 3 -> mean_pool4 conf=0.2908 rank=4
         laya iter 4 -> mean_pool4 conf=0.2908 rank=4
         laya iter 5 -> mean_pool4 conf=0.2908 rank=4
[ 269] trimmed_mean   score= 0.0476 origin=baseline iters=4 stop=no new information in 3 consecutive turns
         TEST  smape=0.0498  rmse=458.3066  pocid=25.00  mape=0.0483  | FLOOR smape=0.0498
         laya iter 1 -> best_rf conf=0.4254 rank=4
         laya iter 2 -> best_rf conf=0.4613 rank=4
         laya iter 3 -> best_rf conf=0.4613 rank=4
         laya iter 4 -> best_rf conf=0.4613 rank=4
[ 270] best_single    score= 0.2028 origin=agent    iters=4 stop=no new information in 3 consecutive turns
         TEST  smape=0.0625  rmse=552.0529  pocid=50.00  mape=0.0600  | FLOOR smape=0.0654
         laya iter 1 -> best_ONLY_DWT_rf conf=0.5451 rank=1
         laya iter 2 -> best_ONLY_DWT_rf conf=0.6032 rank=1
         laya iter 3 -> best_ONLY_DWT_rf conf=0.6032 rank=1
         laya iter 4 -> best_ONLY_DWT_rf conf=0.6032 rank=1
[ 271] best_single    score= 0.1768 origin=agent    iters=4 stop=no new information in 3 consecutive turns
         TEST  smape=0.0272  rmse=28.6007  pocid=41.67  mape=0.0276  | FLOOR smape=0.0325
         laya iter 1 -> best_FT_catboost conf=0.2991 rank=1
         laya iter 2 -> best_FT_catboost conf=0.3265 rank=1
         laya iter 3 -> best_FT_catboost conf=0.3265 rank=1
         laya iter 4 -> best_FT_catboost conf=0.3265 rank=1
[ 272] best_single    score= 0.1493 origin=agent    iters=5 stop=no new information in 3 consecutive turns
         TEST  smape=0.0191  rmse=144.1991  pocid=33.33  mape=0.0190  | FLOOR smape=0.0253
         laya iter 1 -> mean_pool_full conf=0.2714 rank=8
         laya iter 2 -> best_ONLY_DWT_catboost conf=0.2678 rank=1
         laya iter 3 -> best_ONLY_DWT_catboost conf=0.2678 rank=1
         laya iter 4 -> best_ONLY_DWT_catboost conf=0.2678 rank=1
         laya iter 5 -> best_ONLY_DWT_catboost conf=0.2678 rank=1
[ 273] best_single    score= 0.2345 origin=agent    iters=5 stop=no new information in 3 consecutive turns
         TEST  smape=0.1663  rmse=136.6147  pocid=33.33  mape=0.1839  | FLOOR smape=0.1750
         laya iter 1 -> mean_pool1 conf=0.2976 rank=6
         laya iter 2 -> best_DWT_catboost conf=0.2892 rank=1
         laya iter 3 -> best_DWT_catboost conf=0.2892 rank=1
         laya iter 4 -> best_DWT_catboost conf=0.2892 rank=1
         laya iter 5 -> best_DWT_catboost conf=0.2892 rank=1
[ 274] best_single    score= 0.5621 origin=agent    iters=5 stop=no new information in 3 consecutive turns
         TEST  smape=0.0897  rmse=806.6507  pocid=75.00  mape=0.0951  | FLOOR smape=0.1098
         laya iter 1 -> mean_pool1 conf=0.2994 rank=4
         laya iter 2 -> best_DWT_rf conf=0.3172 rank=1
         laya iter 3 -> best_DWT_rf conf=0.3172 rank=1
         laya iter 4 -> best_DWT_rf conf=0.3172 rank=1
         laya iter 5 -> best_DWT_rf conf=0.3172 rank=1
[ 275] best_single    score= 0.2795 origin=agent    iters=5 stop=no new information in 3 consecutive turns
         TEST  smape=0.0249  rmse=346.9953  pocid=33.33  mape=0.0247  | FLOOR smape=0.0259
         laya iter 1 -> mean_pool_full conf=0.3265 rank=8
         laya iter 2 -> best_ONLY_DWT_rf conf=0.3159 rank=1
         laya iter 3 -> best_ONLY_DWT_rf conf=0.3159 rank=1
         laya iter 4 -> best_ONLY_DWT_rf conf=0.3159 rank=1
         laya iter 5 -> best_ONLY_DWT_rf conf=0.3159 rank=1
[ 276] best_single    score=-0.0471 origin=agent    iters=4 stop=no new information in 3 consecutive turns
         TEST  smape=0.2313  rmse=1235.4641  pocid=50.00  mape=0.1637  | FLOOR smape=0.0156
         laya iter 1 -> best_rf conf=0.3301 rank=1
         laya iter 2 -> best_rf conf=0.4211 rank=1
         laya iter 3 -> best_rf conf=0.4211 rank=1
         laya iter 4 -> best_rf conf=0.4211 rank=1
[ 277] median         score= 0.5834 origin=baseline iters=4 stop=no new information in 3 consecutive turns
         TEST  smape=0.0444  rmse=67.0947  pocid=75.00  mape=0.0458  | FLOOR smape=0.0444
         laya iter 1 -> best_ONLY_FT_rf conf=0.4216 rank=2
         laya iter 2 -> best_ONLY_FT_rf conf=0.4816 rank=2
         laya iter 3 -> best_ONLY_FT_rf conf=0.4816 rank=2
         laya iter 4 -> best_ONLY_FT_rf conf=0.4816 rank=2
[ 278] best_single    score= 0.3438 origin=agent    iters=4 stop=no new information in 3 consecutive turns
         TEST  smape=0.0842  rmse=131.0269  pocid=50.00  mape=0.0897  | FLOOR smape=0.0819
         laya iter 1 -> best_rf conf=0.461 rank=1
         laya iter 2 -> best_rf conf=0.6569 rank=1
         laya iter 3 -> best_rf conf=0.6569 rank=1
         laya iter 4 -> best_rf conf=0.6569 rank=1
[ 279] best_single    score=-0.0113 origin=agent    iters=5 stop=no new information in 3 consecutive turns
         TEST  smape=0.0121  rmse=67.7427  pocid=58.33  mape=0.0120  | FLOOR smape=0.0123
         laya iter 1 -> mean_pool1 conf=0.27 rank=1
         laya iter 2 -> best_CWT_catboost conf=0.2656 rank=1
         laya iter 3 -> best_CWT_catboost conf=0.2656 rank=1
         laya iter 4 -> best_CWT_catboost conf=0.2656 rank=1
         laya iter 5 -> best_CWT_catboost conf=0.2656 rank=1
[ 280] best_single    score= 0.5705 origin=agent    iters=4 stop=no new information in 3 consecutive turns
         TEST  smape=0.0580  rmse=138.5678  pocid=66.67  mape=0.0554  | FLOOR smape=0.0524
         laya iter 1 -> best_FT_rf conf=0.476 rank=1
         laya iter 2 -> best_FT_rf conf=0.6116 rank=1
         laya iter 3 -> best_FT_rf conf=0.6116 rank=1
         laya iter 4 -> best_FT_rf conf=0.6116 rank=1
[ 281] trimmed_mean   score=-0.0804 origin=baseline iters=5 stop=no new information in 3 consecutive turns
         TEST  smape=0.0111  rmse=30.5695  pocid=83.33  mape=0.0112  | FLOOR smape=0.0111
         laya iter 1 -> mean_pool_full conf=0.2646 rank=8
         laya iter 2 -> mean_pool4 conf=0.2086 rank=8
         laya iter 3 -> mean_pool4 conf=0.2086 rank=8
         laya iter 4 -> mean_pool4 conf=0.2086 rank=8
         laya iter 5 -> mean_pool4 conf=0.2086 rank=8
[ 282] mean           score=-0.0723 origin=baseline iters=5 stop=no new information in 3 consecutive turns
         TEST  smape=0.0497  rmse=21.0296  pocid=33.33  mape=0.0518  | FLOOR smape=0.0497
         laya iter 1 -> mean_pool_full conf=0.3252 rank=8
         laya iter 2 -> best_ONLY_DWT_rf conf=0.3349 rank=4
         laya iter 3 -> best_ONLY_DWT_rf conf=0.3349 rank=4
         laya iter 4 -> best_ONLY_DWT_rf conf=0.3349 rank=4
         laya iter 5 -> best_ONLY_DWT_rf conf=0.3349 rank=4
[ 283] median         score=-0.0150 origin=baseline iters=5 stop=no new information in 3 consecutive turns
         TEST  smape=0.0416  rmse=30.1856  pocid=50.00  mape=0.0424  | FLOOR smape=0.0416
         laya iter 1 -> mean_pool_full conf=0.2812 rank=8
         laya iter 2 -> mean_pool4 conf=0.2235 rank=2
         laya iter 3 -> mean_pool4 conf=0.2235 rank=2
         laya iter 4 -> mean_pool4 conf=0.2235 rank=2
         laya iter 5 -> mean_pool4 conf=0.2235 rank=2
[ 284] mean           score= 0.6667 origin=baseline iters=5 stop=no new information in 3 consecutive turns
         TEST  smape=0.3486  rmse=302.3252  pocid=58.33  mape=0.4238  | FLOOR smape=0.3486
         laya iter 1 -> mean_pool1 conf=0.3883 rank=8
         laya iter 2 -> mean_pool4 conf=0.2911 rank=10
         laya iter 3 -> mean_pool4 conf=0.2911 rank=10
         laya iter 4 -> mean_pool4 conf=0.2911 rank=10
         laya iter 5 -> mean_pool4 conf=0.2911 rank=10
[ 285] mean           score= 0.0025 origin=baseline iters=5 stop=no new information in 3 consecutive turns
         TEST  smape=0.0282  rmse=358.4405  pocid=66.67  mape=0.0288  | FLOOR smape=0.0282
         laya iter 1 -> mean_pool1 conf=0.2761 rank=5
         laya iter 2 -> best_ONLY_DWT_catboost conf=0.2584 rank=3
         laya iter 3 -> best_ONLY_DWT_catboost conf=0.2584 rank=3
         laya iter 4 -> best_ONLY_DWT_catboost conf=0.2584 rank=3
         laya iter 5 -> best_ONLY_DWT_catboost conf=0.2584 rank=3
[ 286] best_single    score= 0.0366 origin=agent    iters=4 stop=no new information in 3 consecutive turns
         TEST  smape=0.0570  rmse=144.8562  pocid=33.33  mape=0.0550  | FLOOR smape=0.0343
         laya iter 1 -> best_ONLY_DWT_rf conf=0.4823 rank=1
         laya iter 2 -> best_ONLY_DWT_rf conf=0.5938 rank=1
         laya iter 3 -> best_ONLY_DWT_rf conf=0.5938 rank=1
         laya iter 4 -> best_ONLY_DWT_rf conf=0.5938 rank=1
[ 287] best_single    score=-0.0639 origin=agent    iters=4 stop=no new information in 3 consecutive turns
         TEST  smape=0.0073  rmse=74.6212  pocid=41.67  mape=0.0074  | FLOOR smape=0.0061
         laya iter 1 -> best_ONLY_DWT_catboost conf=0.283 rank=1
         laya iter 2 -> best_ONLY_DWT_catboost conf=0.2801 rank=1
         laya iter 3 -> best_ONLY_DWT_catboost conf=0.2801 rank=1
         laya iter 4 -> best_ONLY_DWT_catboost conf=0.2801 rank=1
[ 288] best_single    score= 0.1005 origin=agent    iters=5 stop=no new information in 3 consecutive turns
         TEST  smape=0.0379  rmse=428.5593  pocid=66.67  mape=0.0387  | FLOOR smape=0.0389
         laya iter 1 -> mean_pool1 conf=0.2694 rank=7
         laya iter 2 -> best_CWT_catboost conf=0.2765 rank=1
         laya iter 3 -> best_CWT_catboost conf=0.2765 rank=1
         laya iter 4 -> best_CWT_catboost conf=0.2765 rank=1
         laya iter 5 -> best_CWT_catboost conf=0.2765 rank=1
[ 289] median         score= 0.3666 origin=baseline iters=5 stop=no new information in 3 consecutive turns
         TEST  smape=0.0572  rmse=1042.6812  pocid=75.00  mape=0.0556  | FLOOR smape=0.0572
         laya iter 1 -> mean_pool1 conf=0.3325 rank=5
         laya iter 2 -> mean_pool4 conf=0.2492 rank=2
         laya iter 3 -> mean_pool4 conf=0.2492 rank=2
         laya iter 4 -> mean_pool4 conf=0.2492 rank=2
         laya iter 5 -> mean_pool4 conf=0.2492 rank=2
[ 290] best_single    score= 0.3198 origin=agent    iters=5 stop=no new information in 3 consecutive turns
         TEST  smape=0.1221  rmse=1137.0424  pocid=33.33  mape=0.1323  | FLOOR smape=0.1270
         laya iter 1 -> mean_pool_full conf=0.2724 rank=8
         laya iter 2 -> best_ONLY_DWT_rf conf=0.2597 rank=1
         laya iter 3 -> best_ONLY_DWT_rf conf=0.2597 rank=1
         laya iter 4 -> best_ONLY_DWT_rf conf=0.2597 rank=1
         laya iter 5 -> best_ONLY_DWT_rf conf=0.2597 rank=1
[ 291] best_single    score= 0.1502 origin=agent    iters=4 stop=no new information in 3 consecutive turns
         TEST  smape=0.0973  rmse=1846.5917  pocid=50.00  mape=0.1030  | FLOOR smape=0.0904
         laya iter 1 -> best_FT_rf conf=0.4564 rank=1
         laya iter 2 -> best_FT_rf conf=0.626 rank=1
         laya iter 3 -> best_FT_rf conf=0.626 rank=1
         laya iter 4 -> best_FT_rf conf=0.626 rank=1
[ 292] mean           score= 0.6056 origin=baseline iters=5 stop=no new information in 3 consecutive turns
         TEST  smape=0.1852  rmse=630.3213  pocid=83.33  mape=0.1555  | FLOOR smape=0.1852
         laya iter 1 -> mean_pool1 conf=0.3071 rank=3
         laya iter 2 -> mean_pool4 conf=0.2474 rank=2
         laya iter 3 -> mean_pool4 conf=0.2474 rank=2
         laya iter 4 -> mean_pool4 conf=0.2474 rank=2
         laya iter 5 -> mean_pool4 conf=0.2474 rank=2
[ 293] mean           score= 0.6833 origin=baseline iters=5 stop=no new information in 3 consecutive turns
         TEST  smape=0.1444  rmse=224.4498  pocid=58.33  mape=0.1604  | FLOOR smape=0.1444
         laya iter 1 -> mean_pool1 conf=0.2652 rank=7
         laya iter 2 -> best_ONLY_CWT_catboost conf=0.2572 rank=5
         laya iter 3 -> best_ONLY_CWT_catboost conf=0.2572 rank=5
         laya iter 4 -> best_ONLY_CWT_catboost conf=0.2572 rank=5
         laya iter 5 -> best_ONLY_CWT_catboost conf=0.2572 rank=5
[ 294] best_single    score= 0.5682 origin=agent    iters=5 stop=no new information in 3 consecutive turns
         TEST  smape=0.6340  rmse=2961.7972  pocid=0.00  mape=0.9315  | FLOOR smape=0.1964
         laya iter 1 -> mean_pool1 conf=0.3394 rank=9
         laya iter 2 -> best_ETS conf=0.3391 rank=1
         laya iter 3 -> best_ETS conf=0.3391 rank=1
         laya iter 4 -> best_ETS conf=0.3391 rank=1
         laya iter 5 -> best_ETS conf=0.3391 rank=1
[ 295] mean           score= 0.6557 origin=baseline iters=4 stop=no new information in 3 consecutive turns
         TEST  smape=0.1271  rmse=488.9808  pocid=75.00  mape=0.1456  | FLOOR smape=0.1271
         laya iter 1 -> best_ETS conf=0.3414 rank=10
         laya iter 2 -> best_ETS conf=0.3727 rank=10
         laya iter 3 -> best_ETS conf=0.3727 rank=10
         laya iter 4 -> best_ETS conf=0.3727 rank=10
[ 296] dba            score= 0.6530 origin=baseline iters=5 stop=no new information in 3 consecutive turns
         TEST  smape=0.0995  rmse=532.7718  pocid=66.67  mape=0.1058  | FLOOR smape=0.0995
         laya iter 1 -> mean_pool1 conf=0.3835 rank=9
         laya iter 2 -> mean_pool4 conf=0.3004 rank=10
         laya iter 3 -> mean_pool4 conf=0.3004 rank=10
         laya iter 4 -> mean_pool4 conf=0.3004 rank=10
         laya iter 5 -> mean_pool4 conf=0.3004 rank=10
[ 297] best_single    score= 0.5961 origin=agent    iters=5 stop=no new information in 3 consecutive turns
         TEST  smape=0.2865  rmse=1222.3029  pocid=0.00  mape=0.3712  | FLOOR smape=0.1758
         laya iter 1 -> mean_pool1 conf=0.4103 rank=2
         laya iter 2 -> best_ETS conf=0.4082 rank=1
         laya iter 3 -> best_ETS conf=0.4082 rank=1
         laya iter 4 -> best_ETS conf=0.4082 rank=1
         laya iter 5 -> best_ETS conf=0.4082 rank=1
[ 298] best_single    score= 0.6685 origin=agent    iters=4 stop=no new information in 3 consecutive turns
         TEST  smape=0.1318  rmse=532.2736  pocid=0.00  mape=0.1486  | FLOOR smape=0.0984
         laya iter 1 -> best_ETS conf=0.352 rank=1
         laya iter 2 -> best_ETS conf=0.4373 rank=1
         laya iter 3 -> best_ETS conf=0.4373 rank=1
         laya iter 4 -> best_ETS conf=0.4373 rank=1
[ 299] dba            score= 0.6474 origin=baseline iters=5 stop=no new information in 3 consecutive turns
         TEST  smape=0.1141  rmse=273.0295  pocid=58.33  mape=0.1207  | FLOOR smape=0.1141
         laya iter 1 -> mean_pool1 conf=0.3156 rank=7
         laya iter 2 -> mean_pool4 conf=0.2444 rank=3
         laya iter 3 -> mean_pool4 conf=0.2444 rank=3
         laya iter 4 -> mean_pool4 conf=0.2444 rank=3
         laya iter 5 -> mean_pool4 conf=0.2444 rank=3
[ 300] dba            score= 0.6622 origin=baseline iters=5 stop=no new information in 3 consecutive turns
         TEST  smape=0.0915  rmse=311.7036  pocid=50.00  mape=0.0903  | FLOOR smape=0.0915
         laya iter 1 -> mean_pool1 conf=0.3678 rank=4
         laya iter 2 -> mean_pool4 conf=0.2587 rank=4
         laya iter 3 -> mean_pool4 conf=0.2587 rank=4
         laya iter 4 -> mean_pool4 conf=0.2587 rank=4
         laya iter 5 -> mean_pool4 conf=0.2587 rank=4
[ 301] mean           score= 0.6889 origin=baseline iters=5 stop=no new information in 3 consecutive turns
         TEST  smape=0.1308  rmse=568.4458  pocid=33.33  mape=0.1175  | FLOOR smape=0.1308
         laya iter 1 -> mean_pool1 conf=0.3595 rank=1
         laya iter 2 -> mean_pool4 conf=0.2669 rank=9
         laya iter 3 -> mean_pool4 conf=0.2669 rank=9
         laya iter 4 -> mean_pool4 conf=0.2669 rank=9
         laya iter 5 -> mean_pool4 conf=0.2669 rank=9
[ 302] best_single    score= 0.4547 origin=agent    iters=5 stop=no new information in 3 consecutive turns
         TEST  smape=0.2378  rmse=1503.8325  pocid=50.00  mape=0.2920  | FLOOR smape=0.1491
         laya iter 1 -> mean_pool1 conf=0.2966 rank=1
         laya iter 2 -> best_THETA conf=0.2719 rank=1
         laya iter 3 -> best_THETA conf=0.2719 rank=1
         laya iter 4 -> best_THETA conf=0.2719 rank=1
         laya iter 5 -> best_THETA conf=0.2719 rank=1
[ 303] best_single    score= 0.6702 origin=agent    iters=5 stop=no new information in 3 consecutive turns
         TEST  smape=0.2336  rmse=825.6662  pocid=0.00  mape=0.2915  | FLOOR smape=0.1521
         laya iter 1 -> mean_pool1 conf=0.3414 rank=1
         laya iter 2 -> best_ETS conf=0.3408 rank=1
         laya iter 3 -> best_ETS conf=0.3408 rank=1
         laya iter 4 -> best_ETS conf=0.3408 rank=1
         laya iter 5 -> best_ETS conf=0.3408 rank=1
[ 304] dba            score= 0.6364 origin=baseline iters=5 stop=no new information in 3 consecutive turns
         TEST  smape=0.1958  rmse=695.5597  pocid=66.67  mape=0.2323  | FLOOR smape=0.1958
         laya iter 1 -> mean_pool1 conf=0.3275 rank=5
         laya iter 2 -> mean_pool4 conf=0.246 rank=10
         laya iter 3 -> mean_pool4 conf=0.246 rank=10
         laya iter 4 -> mean_pool4 conf=0.246 rank=10
         laya iter 5 -> mean_pool4 conf=0.246 rank=10
[ 305] mean           score= 0.5126 origin=agent    iters=5 stop=no new information in 3 consecutive turns
         TEST  smape=0.2086  rmse=604.0954  pocid=75.00  mape=0.2623  | FLOOR smape=0.1691
         laya iter 1 -> mean_pool1 conf=0.3067 rank=1
         laya iter 2 -> mean_pool4 conf=0.2458 rank=1
         laya iter 3 -> mean_pool4 conf=0.2458 rank=1
         laya iter 4 -> mean_pool4 conf=0.2458 rank=1
         laya iter 5 -> mean_pool4 conf=0.2458 rank=1
[ 306] mean           score= 0.6889 origin=baseline iters=5 stop=no new information in 3 consecutive turns
         TEST  smape=0.1005  rmse=376.5866  pocid=91.67  mape=0.1061  | FLOOR smape=0.1005
         laya iter 1 -> mean_pool1 conf=0.4046 rank=7
         laya iter 2 -> mean_pool4 conf=0.34 rank=10
         laya iter 3 -> mean_pool4 conf=0.34 rank=10
         laya iter 4 -> mean_pool4 conf=0.34 rank=10
         laya iter 5 -> mean_pool4 conf=0.34 rank=10
[ 307] trimmed_mean   score= 0.6358 origin=baseline iters=5 stop=no new information in 3 consecutive turns
         TEST  smape=0.1252  rmse=358.0484  pocid=58.33  mape=0.1443  | FLOOR smape=0.1252
         laya iter 1 -> mean_pool_full conf=0.4248 rank=7
         laya iter 2 -> mean_pool4 conf=0.3111 rank=3
         laya iter 3 -> mean_pool4 conf=0.3111 rank=3
         laya iter 4 -> mean_pool4 conf=0.3111 rank=3
         laya iter 5 -> mean_pool4 conf=0.3111 rank=3
[ 308] dba            score= 0.6648 origin=baseline iters=5 stop=no new information in 3 consecutive turns
         TEST  smape=0.1221  rmse=1011.5338  pocid=33.33  mape=0.1153  | FLOOR smape=0.1221
         laya iter 1 -> mean_pool1 conf=0.3663 rank=8
         laya iter 2 -> mean_pool4 conf=0.2791 rank=10
         laya iter 3 -> mean_pool4 conf=0.2791 rank=10
         laya iter 4 -> mean_pool4 conf=0.2791 rank=10
         laya iter 5 -> mean_pool4 conf=0.2791 rank=10
[ 309] trimmed_mean   score= 0.6993 origin=baseline iters=5 stop=no new information in 3 consecutive turns
         TEST  smape=0.1237  rmse=755.2337  pocid=58.33  mape=0.1163  | FLOOR smape=0.1237
         laya iter 1 -> mean_pool1 conf=0.3114 rank=9
         laya iter 2 -> mean_pool4 conf=0.2239 rank=10
         laya iter 3 -> mean_pool4 conf=0.2239 rank=10
         laya iter 4 -> mean_pool4 conf=0.2239 rank=10
         laya iter 5 -> mean_pool4 conf=0.2239 rank=10
[ 310] dba            score= 0.7250 origin=baseline iters=5 stop=no new information in 3 consecutive turns
         TEST  smape=0.1139  rmse=627.4031  pocid=75.00  mape=0.1098  | FLOOR smape=0.1139
         laya iter 1 -> mean_pool1 conf=0.4097 rank=4
         laya iter 2 -> mean_pool4 conf=0.3005 rank=3
         laya iter 3 -> mean_pool4 conf=0.3005 rank=3
         laya iter 4 -> mean_pool4 conf=0.3005 rank=3
         laya iter 5 -> mean_pool4 conf=0.3005 rank=3
[ 311] dba            score= 0.6760 origin=baseline iters=5 stop=no new information in 3 consecutive turns
         TEST  smape=0.1121  rmse=627.1311  pocid=41.67  mape=0.1054  | FLOOR smape=0.1121
         laya iter 1 -> mean_pool1 conf=0.2999 rank=9
         laya iter 2 -> mean_pool4 conf=0.2317 rank=10
         laya iter 3 -> mean_pool4 conf=0.2317 rank=10
         laya iter 4 -> mean_pool4 conf=0.2317 rank=10
         laya iter 5 -> mean_pool4 conf=0.2317 rank=10
[ 312] trimmed_mean   score= 0.5633 origin=baseline iters=5 stop=no new information in 3 consecutive turns
         TEST  smape=0.2754  rmse=721.5210  pocid=50.00  mape=0.3222  | FLOOR smape=0.2754
         laya iter 1 -> mean_pool1 conf=0.336 rank=2
         laya iter 2 -> mean_pool4 conf=0.2491 rank=5
         laya iter 3 -> mean_pool4 conf=0.2491 rank=5
         laya iter 4 -> mean_pool4 conf=0.2491 rank=5
         laya iter 5 -> mean_pool4 conf=0.2491 rank=5
[ 313] best_single    score= 0.6506 origin=agent    iters=5 stop=no new information in 3 consecutive turns
         TEST  smape=0.1836  rmse=1620.6276  pocid=75.00  mape=0.1656  | FLOOR smape=0.0864
         laya iter 1 -> mean_pool1 conf=0.3234 rank=8
         laya iter 2 -> best_ONLY_FT_rf conf=0.2752 rank=1
         laya iter 3 -> best_ONLY_FT_rf conf=0.2752 rank=1
         laya iter 4 -> best_ONLY_FT_rf conf=0.2752 rank=1
         laya iter 5 -> best_ONLY_FT_rf conf=0.2752 rank=1
[ 314] dba            score= 0.6601 origin=baseline iters=5 stop=no new information in 3 consecutive turns
         TEST  smape=0.0997  rmse=614.9052  pocid=16.67  mape=0.1078  | FLOOR smape=0.0997
         laya iter 1 -> mean_pool1 conf=0.3643 rank=8
         laya iter 2 -> mean_pool4 conf=0.2949 rank=6
         laya iter 3 -> mean_pool4 conf=0.2949 rank=6
         laya iter 4 -> mean_pool4 conf=0.2949 rank=6
         laya iter 5 -> mean_pool4 conf=0.2949 rank=6
[ 315] dba            score= 0.6858 origin=baseline iters=5 stop=no new information in 3 consecutive turns
         TEST  smape=0.0832  rmse=281.7137  pocid=58.33  mape=0.0821  | FLOOR smape=0.0832
         laya iter 1 -> mean_pool1 conf=0.4276 rank=3
         laya iter 2 -> mean_pool4 conf=0.3327 rank=10
         laya iter 3 -> mean_pool4 conf=0.3327 rank=10
         laya iter 4 -> mean_pool4 conf=0.3327 rank=10
         laya iter 5 -> mean_pool4 conf=0.3327 rank=10
[ 316] best_single    score= 0.5593 origin=agent    iters=4 stop=no new information in 3 consecutive turns
         TEST  smape=0.1774  rmse=785.3842  pocid=50.00  mape=0.1604  | FLOOR smape=0.0967
         laya iter 1 -> best_ONLY_FT_rf conf=0.9584 rank=1
         laya iter 2 -> best_ONLY_FT_rf conf=0.9818 rank=1
         laya iter 3 -> best_ONLY_FT_rf conf=0.9818 rank=1
         laya iter 4 -> best_ONLY_FT_rf conf=0.9818 rank=1
[ 317] best_single    score= 0.5349 origin=agent    iters=4 stop=no new information in 3 consecutive turns
         TEST  smape=0.0544  rmse=269.6843  pocid=25.00  mape=0.0522  | FLOOR smape=0.0480
         laya iter 1 -> best_rf conf=0.4046 rank=1
         laya iter 2 -> best_rf conf=0.4841 rank=1
         laya iter 3 -> best_rf conf=0.4841 rank=1
         laya iter 4 -> best_rf conf=0.4841 rank=1
[ 318] median         score= 0.7273 origin=baseline iters=5 stop=no new information in 3 consecutive turns
         TEST  smape=0.1446  rmse=420.1490  pocid=50.00  mape=0.1322  | FLOOR smape=0.1446
         laya iter 1 -> mean_pool1 conf=0.3008 rank=7
         laya iter 2 -> mean_pool4 conf=0.2401 rank=10
         laya iter 3 -> mean_pool4 conf=0.2401 rank=10
         laya iter 4 -> mean_pool4 conf=0.2401 rank=10
         laya iter 5 -> mean_pool4 conf=0.2401 rank=10
[ 319] dba            score= 0.6841 origin=baseline iters=5 stop=no new information in 3 consecutive turns
         TEST  smape=0.2265  rmse=676.2416  pocid=50.00  mape=0.2002  | FLOOR smape=0.2265
         laya iter 1 -> mean_pool1 conf=0.3267 rank=9
         laya iter 2 -> mean_pool4 conf=0.2409 rank=9
         laya iter 3 -> mean_pool4 conf=0.2409 rank=9
         laya iter 4 -> mean_pool4 conf=0.2409 rank=9
         laya iter 5 -> mean_pool4 conf=0.2409 rank=9
[ 320] mean           score= 0.5021 origin=agent    iters=5 stop=no new information in 3 consecutive turns
         TEST  smape=0.1538  rmse=1107.1190  pocid=66.67  mape=0.1755  | FLOOR smape=0.0972
         laya iter 1 -> mean_pool1 conf=0.3785 rank=2
         laya iter 2 -> mean_pool4 conf=0.2841 rank=1
         laya iter 3 -> mean_pool4 conf=0.2841 rank=1
         laya iter 4 -> mean_pool4 conf=0.2841 rank=1
         laya iter 5 -> mean_pool4 conf=0.2841 rank=1
[ 321] mean           score= 0.6833 origin=baseline iters=5 stop=no new information in 3 consecutive turns
         TEST  smape=0.1230  rmse=402.4541  pocid=50.00  mape=0.1130  | FLOOR smape=0.1230
         laya iter 1 -> mean_pool1 conf=0.3336 rank=5
         laya iter 2 -> mean_pool4 conf=0.2502 rank=6
         laya iter 3 -> mean_pool4 conf=0.2502 rank=6
         laya iter 4 -> mean_pool4 conf=0.2502 rank=6
         laya iter 5 -> mean_pool4 conf=0.2502 rank=6
[ 322] dba            score= 0.6681 origin=baseline iters=5 stop=no new information in 3 consecutive turns
         TEST  smape=0.2499  rmse=1401.5678  pocid=41.67  mape=0.2169  | FLOOR smape=0.2499
         laya iter 1 -> mean_pool1 conf=0.3702 rank=3
         laya iter 2 -> mean_pool4 conf=0.2657 rank=10
         laya iter 3 -> mean_pool4 conf=0.2657 rank=10
         laya iter 4 -> mean_pool4 conf=0.2657 rank=10
         laya iter 5 -> mean_pool4 conf=0.2657 rank=10
[ 323] dba            score= 0.6838 origin=baseline iters=5 stop=no new information in 3 consecutive turns
         TEST  smape=0.2382  rmse=740.7728  pocid=41.67  mape=0.2075  | FLOOR smape=0.2382
         laya iter 1 -> mean_pool1 conf=0.4273 rank=2
         laya iter 2 -> mean_pool4 conf=0.2936 rank=3
         laya iter 3 -> mean_pool4 conf=0.2936 rank=3
         laya iter 4 -> mean_pool4 conf=0.2936 rank=3
         laya iter 5 -> mean_pool4 conf=0.2936 rank=3
[ 324] dba            score= 0.6740 origin=baseline iters=5 stop=no new information in 3 consecutive turns
         TEST  smape=0.1719  rmse=669.4901  pocid=50.00  mape=0.1911  | FLOOR smape=0.1719
         laya iter 1 -> mean_pool1 conf=0.3556 rank=8
         laya iter 2 -> mean_pool4 conf=0.25 rank=10
         laya iter 3 -> mean_pool4 conf=0.25 rank=10
         laya iter 4 -> mean_pool4 conf=0.25 rank=10
         laya iter 5 -> mean_pool4 conf=0.25 rank=10
[ 325] dba            score= 0.6786 origin=baseline iters=5 stop=no new information in 3 consecutive turns
         TEST  smape=0.1243  rmse=547.6325  pocid=75.00  mape=0.1194  | FLOOR smape=0.1243
         laya iter 1 -> mean_pool1 conf=0.3937 rank=8
         laya iter 2 -> mean_pool4 conf=0.2729 rank=4
         laya iter 3 -> mean_pool4 conf=0.2729 rank=4
         laya iter 4 -> mean_pool4 conf=0.2729 rank=4
         laya iter 5 -> mean_pool4 conf=0.2729 rank=4
[ 326] best_single    score= 0.6418 origin=agent    iters=5 stop=no new information in 3 consecutive turns
         TEST  smape=0.1147  rmse=1396.4895  pocid=0.00  mape=0.1204  | FLOOR smape=0.1466
         laya iter 1 -> mean_pool1 conf=0.3978 rank=8
         laya iter 2 -> best_ETS conf=0.4167 rank=1
         laya iter 3 -> best_ETS conf=0.4167 rank=1
         laya iter 4 -> best_ETS conf=0.4167 rank=1
         laya iter 5 -> best_ETS conf=0.4167 rank=1
[ 327] mean           score= 0.7000 origin=baseline iters=5 stop=no new information in 3 consecutive turns
         TEST  smape=0.1604  rmse=466.0795  pocid=58.33  mape=0.1501  | FLOOR smape=0.1604
         laya iter 1 -> mean_pool1 conf=0.3852 rank=6
         laya iter 2 -> mean_pool4 conf=0.3138 rank=10
         laya iter 3 -> mean_pool4 conf=0.3138 rank=10
         laya iter 4 -> mean_pool4 conf=0.3138 rank=10
         laya iter 5 -> mean_pool4 conf=0.3138 rank=10
[ 328] dba            score= 0.6578 origin=baseline iters=5 stop=no new information in 3 consecutive turns
         TEST  smape=0.1285  rmse=1537.5027  pocid=66.67  mape=0.1188  | FLOOR smape=0.1285
         laya iter 1 -> mean_pool_full conf=0.3627 rank=2
         laya iter 2 -> mean_pool4 conf=0.2769 rank=10
         laya iter 3 -> mean_pool4 conf=0.2769 rank=10
         laya iter 4 -> mean_pool4 conf=0.2769 rank=10
         laya iter 5 -> mean_pool4 conf=0.2769 rank=10
[ 329] best_single    score= 0.5010 origin=agent    iters=4 stop=no new information in 3 consecutive turns
         TEST  smape=0.1626  rmse=683.0271  pocid=75.00  mape=0.1510  | FLOOR smape=0.1184
         laya iter 1 -> best_ONLY_FT_rf conf=0.391 rank=1
         laya iter 2 -> best_ONLY_FT_rf conf=0.422 rank=1
         laya iter 3 -> best_ONLY_FT_rf conf=0.422 rank=1
         laya iter 4 -> best_ONLY_FT_rf conf=0.422 rank=1
[ 330] dba            score= 0.7138 origin=baseline iters=5 stop=no new information in 3 consecutive turns
         TEST  smape=0.1117  rmse=891.9643  pocid=75.00  mape=0.1058  | FLOOR smape=0.1117
         laya iter 1 -> mean_pool1 conf=0.3579 rank=7
         laya iter 2 -> mean_pool4 conf=0.2981 rank=5
         laya iter 3 -> mean_pool4 conf=0.2981 rank=5
         laya iter 4 -> mean_pool4 conf=0.2981 rank=5
         laya iter 5 -> mean_pool4 conf=0.2981 rank=5
[ 331] best_single    score= 0.5970 origin=agent    iters=4 stop=no new information in 3 consecutive turns
         TEST  smape=0.1432  rmse=599.0060  pocid=58.33  mape=0.1318  | FLOOR smape=0.0980
         laya iter 1 -> best_ONLY_FT_rf conf=0.345 rank=1
         laya iter 2 -> best_ONLY_FT_rf conf=0.343 rank=1
         laya iter 3 -> best_ONLY_FT_rf conf=0.343 rank=1
         laya iter 4 -> best_ONLY_FT_rf conf=0.343 rank=1
[ 332] mean           score= 0.6889 origin=baseline iters=5 stop=no new information in 3 consecutive turns
         TEST  smape=0.1727  rmse=575.0668  pocid=58.33  mape=0.1554  | FLOOR smape=0.1727
         laya iter 1 -> mean_pool1 conf=0.3696 rank=8
         laya iter 2 -> mean_pool4 conf=0.2976 rank=10
         laya iter 3 -> mean_pool4 conf=0.2976 rank=10
         laya iter 4 -> mean_pool4 conf=0.2976 rank=10
         laya iter 5 -> mean_pool4 conf=0.2976 rank=10
[ 333] mean           score= 0.6720 origin=agent    iters=5 stop=no new information in 3 consecutive turns
         TEST  smape=0.1292  rmse=628.0360  pocid=58.33  mape=0.1184  | FLOOR smape=0.1688
         laya iter 1 -> mean_pool1 conf=0.3314 rank=5
         laya iter 2 -> mean_pool4 conf=0.239 rank=1
         laya iter 3 -> mean_pool4 conf=0.239 rank=1
         laya iter 4 -> mean_pool4 conf=0.239 rank=1
         laya iter 5 -> mean_pool4 conf=0.239 rank=1
[ 334] dba            score= 0.7050 origin=baseline iters=5 stop=no new information in 3 consecutive turns
         TEST  smape=0.1518  rmse=826.9315  pocid=41.67  mape=0.1376  | FLOOR smape=0.1518
         laya iter 1 -> mean_pool1 conf=0.4103 rank=7
         laya iter 2 -> mean_pool4 conf=0.3135 rank=10
         laya iter 3 -> mean_pool4 conf=0.3135 rank=10
         laya iter 4 -> mean_pool4 conf=0.3135 rank=10
         laya iter 5 -> mean_pool4 conf=0.3135 rank=10
[ 335] dba            score= 0.6859 origin=baseline iters=4 stop=no new information in 3 consecutive turns
         TEST  smape=0.1861  rmse=399.5305  pocid=83.33  mape=0.1692  | FLOOR smape=0.1861
         laya iter 1 -> best_ONLY_FT_catboost conf=0.3968 rank=2
         laya iter 2 -> best_ONLY_FT_catboost conf=0.3812 rank=2
         laya iter 3 -> best_ONLY_FT_catboost conf=0.3812 rank=2
         laya iter 4 -> best_ONLY_FT_catboost conf=0.3812 rank=2
[ 336] best_single    score= 0.5897 origin=agent    iters=5 stop=no new information in 3 consecutive turns
         TEST  smape=0.1441  rmse=362.9498  pocid=33.33  mape=0.1326  | FLOOR smape=0.1842
         laya iter 1 -> mean_pool1 conf=0.2821 rank=4
         laya iter 2 -> best_DWT_rf conf=0.2567 rank=1
         laya iter 3 -> best_DWT_rf conf=0.2567 rank=1
         laya iter 4 -> best_DWT_rf conf=0.2567 rank=1
         laya iter 5 -> best_DWT_rf conf=0.2567 rank=1
[ 337] dba            score= 0.6640 origin=baseline iters=5 stop=no new information in 3 consecutive turns
         TEST  smape=0.1966  rmse=588.4901  pocid=58.33  mape=0.1725  | FLOOR smape=0.1966
         laya iter 1 -> mean_pool1 conf=0.4266 rank=8
         laya iter 2 -> mean_pool4 conf=0.306 rank=6
         laya iter 3 -> mean_pool4 conf=0.306 rank=6
         laya iter 4 -> mean_pool4 conf=0.306 rank=6
         laya iter 5 -> mean_pool4 conf=0.306 rank=6
[ 338] best_single    score= 0.6558 origin=agent    iters=4 stop=no new information in 3 consecutive turns
         TEST  smape=0.2991  rmse=1356.1699  pocid=0.00  mape=0.3693  | FLOOR smape=0.1537
         laya iter 1 -> best_ETS conf=0.4249 rank=1
         laya iter 2 -> best_ETS conf=0.5288 rank=1
         laya iter 3 -> best_ETS conf=0.5288 rank=1
         laya iter 4 -> best_ETS conf=0.5288 rank=1
[ 339] dba            score= 0.6829 origin=baseline iters=5 stop=no new information in 3 consecutive turns
         TEST  smape=0.1517  rmse=1191.7864  pocid=50.00  mape=0.1376  | FLOOR smape=0.1517
         laya iter 1 -> mean_pool1 conf=0.3906 rank=8
         laya iter 2 -> mean_pool4 conf=0.2773 rank=8
         laya iter 3 -> mean_pool4 conf=0.2773 rank=8
         laya iter 4 -> mean_pool4 conf=0.2773 rank=8
         laya iter 5 -> mean_pool4 conf=0.2773 rank=8
[ 340] best_single    score= 0.5873 origin=agent    iters=5 stop=no new information in 3 consecutive turns
         TEST  smape=0.2361  rmse=1333.5292  pocid=41.67  mape=0.2059  | FLOOR smape=0.1062
         laya iter 1 -> mean_pool1 conf=0.3284 rank=8
         laya iter 2 -> best_ONLY_FT_catboost conf=0.3294 rank=1
         laya iter 3 -> best_ONLY_FT_catboost conf=0.3294 rank=1
         laya iter 4 -> best_ONLY_FT_catboost conf=0.3294 rank=1
         laya iter 5 -> best_ONLY_FT_catboost conf=0.3294 rank=1
[ 341] best_single    score= 0.6015 origin=agent    iters=5 stop=no new information in 3 consecutive turns
         TEST  smape=0.0789  rmse=142.4899  pocid=58.33  mape=0.0814  | FLOOR smape=0.0793
         laya iter 1 -> mean_pool1 conf=0.3199 rank=9
         laya iter 2 -> best_ARIMA conf=0.2725 rank=1
         laya iter 3 -> best_ARIMA conf=0.2725 rank=1
         laya iter 4 -> best_ARIMA conf=0.2725 rank=1
         laya iter 5 -> best_ARIMA conf=0.2725 rank=1
[ 342] dba            score= 0.6288 origin=baseline iters=5 stop=no new information in 3 consecutive turns
         TEST  smape=0.1136  rmse=522.4581  pocid=66.67  mape=0.1116  | FLOOR smape=0.1136
         laya iter 1 -> mean_pool1 conf=0.322 rank=9
         laya iter 2 -> mean_pool4 conf=0.242 rank=6
         laya iter 3 -> mean_pool4 conf=0.242 rank=6
         laya iter 4 -> mean_pool4 conf=0.242 rank=6
         laya iter 5 -> mean_pool4 conf=0.242 rank=6
[ 343] dba            score= 0.6837 origin=baseline iters=5 stop=no new information in 3 consecutive turns
         TEST  smape=0.1227  rmse=543.4616  pocid=58.33  mape=0.1378  | FLOOR smape=0.1227
         laya iter 1 -> mean_pool1 conf=0.2943 rank=9
         laya iter 2 -> mean_pool4 conf=0.2539 rank=8
         laya iter 3 -> mean_pool4 conf=0.2539 rank=8
         laya iter 4 -> mean_pool4 conf=0.2539 rank=8
         laya iter 5 -> mean_pool4 conf=0.2539 rank=8
[ 344] trimmed_mean   score= 0.6707 origin=baseline iters=4 stop=no new information in 3 consecutive turns
         TEST  smape=0.1035  rmse=462.5523  pocid=41.67  mape=0.1094  | FLOOR smape=0.1035
         laya iter 1 -> best_ETS conf=0.4114 rank=9
         laya iter 2 -> best_ETS conf=0.4995 rank=9
         laya iter 3 -> best_ETS conf=0.4995 rank=9
         laya iter 4 -> best_ETS conf=0.4995 rank=9
[ 345] mean           score= 0.5933 origin=agent    iters=5 stop=no new information in 3 consecutive turns
         TEST  smape=0.2281  rmse=1570.5880  pocid=75.00  mape=0.2770  | FLOOR smape=0.1028
         laya iter 1 -> mean_pool1 conf=0.3238 rank=4
         laya iter 2 -> mean_pool4 conf=0.2679 rank=1
         laya iter 3 -> mean_pool4 conf=0.2679 rank=1
         laya iter 4 -> mean_pool4 conf=0.2679 rank=1
         laya iter 5 -> mean_pool4 conf=0.2679 rank=1
[ 346] best_single    score= 0.6165 origin=agent    iters=5 stop=no new information in 3 consecutive turns
         TEST  smape=0.1509  rmse=698.0320  pocid=0.00  mape=0.1731  | FLOOR smape=0.1025
         laya iter 1 -> mean_pool1 conf=0.3258 rank=7
         laya iter 2 -> best_ETS conf=0.3129 rank=1
         laya iter 3 -> best_ETS conf=0.3129 rank=1
         laya iter 4 -> best_ETS conf=0.3129 rank=1
         laya iter 5 -> best_ETS conf=0.3129 rank=1
[ 347] mean           score= 0.6039 origin=agent    iters=5 stop=no new information in 3 consecutive turns
         TEST  smape=0.1978  rmse=1090.3281  pocid=58.33  mape=0.2388  | FLOOR smape=0.1515
         laya iter 1 -> mean_pool1 conf=0.3842 rank=4
         laya iter 2 -> mean_pool4 conf=0.2836 rank=1
         laya iter 3 -> mean_pool4 conf=0.2836 rank=1
         laya iter 4 -> mean_pool4 conf=0.2836 rank=1
         laya iter 5 -> mean_pool4 conf=0.2836 rank=1
[ 348] best_single    score= 0.3288 origin=agent    iters=4 stop=no new information in 3 consecutive turns
         TEST  smape=0.0476  rmse=263.2933  pocid=75.00  mape=0.0458  | FLOOR smape=0.0379
         laya iter 1 -> best_ONLY_CWT_rf conf=0.4753 rank=1
         laya iter 2 -> best_ONLY_CWT_rf conf=0.6063 rank=1
         laya iter 3 -> best_ONLY_CWT_rf conf=0.6063 rank=1
         laya iter 4 -> best_ONLY_CWT_rf conf=0.6063 rank=1
[ 349] trimmed_mean   score= 0.5608 origin=baseline iters=5 stop=no new information in 3 consecutive turns
         TEST  smape=0.1541  rmse=921.2901  pocid=83.33  mape=0.1506  | FLOOR smape=0.1541
         laya iter 1 -> mean_pool1 conf=0.3708 rank=2
         laya iter 2 -> mean_pool4 conf=0.2763 rank=7
         laya iter 3 -> mean_pool4 conf=0.2763 rank=7
         laya iter 4 -> mean_pool4 conf=0.2763 rank=7
         laya iter 5 -> mean_pool4 conf=0.2763 rank=7
[ 350] trimmed_mean   score= 0.6650 origin=baseline iters=5 stop=no new information in 3 consecutive turns
         TEST  smape=0.1338  rmse=303.7117  pocid=50.00  mape=0.1405  | FLOOR smape=0.1338
         laya iter 1 -> mean_pool1 conf=0.3635 rank=2
         laya iter 2 -> mean_pool4 conf=0.2673 rank=10
         laya iter 3 -> mean_pool4 conf=0.2673 rank=10
         laya iter 4 -> mean_pool4 conf=0.2673 rank=10
         laya iter 5 -> mean_pool4 conf=0.2673 rank=10
[ 351] best_single    score= 0.3560 origin=agent    iters=5 stop=no new information in 3 consecutive turns
         TEST  smape=0.0591  rmse=118.2969  pocid=41.67  mape=0.0562  | FLOOR smape=0.1435
         laya iter 1 -> mean_pool1 conf=0.3717 rank=3
         laya iter 2 -> best_rf conf=0.3653 rank=1
         laya iter 3 -> best_rf conf=0.3653 rank=1
         laya iter 4 -> best_rf conf=0.3653 rank=1
         laya iter 5 -> best_rf conf=0.3653 rank=1
[ 352] best_single    score= 0.6875 origin=agent    iters=5 stop=no new information in 3 consecutive turns
         TEST  smape=0.1666  rmse=367.3691  pocid=33.33  mape=0.1963  | FLOOR smape=0.1227
         laya iter 1 -> mean_pool1 conf=0.3392 rank=8
         laya iter 2 -> best_FT_rf conf=0.3429 rank=1
         laya iter 3 -> best_FT_rf conf=0.3429 rank=1
         laya iter 4 -> best_FT_rf conf=0.3429 rank=1
         laya iter 5 -> best_FT_rf conf=0.3429 rank=1
[ 353] best_single    score= 0.4615 origin=agent    iters=5 stop=no new information in 3 consecutive turns
         TEST  smape=0.1552  rmse=654.4407  pocid=58.33  mape=0.1752  | FLOOR smape=0.1655
         laya iter 1 -> mean_pool1 conf=0.28 rank=9
         laya iter 2 -> best_NaiveMovingAverage conf=0.2823 rank=1
         laya iter 3 -> best_NaiveMovingAverage conf=0.2823 rank=1
         laya iter 4 -> best_NaiveMovingAverage conf=0.2823 rank=1
         laya iter 5 -> best_NaiveMovingAverage conf=0.2823 rank=1
[ 354] mean           score= 0.6944 origin=baseline iters=4 stop=no new information in 3 consecutive turns
         TEST  smape=0.3267  rmse=1345.8959  pocid=50.00  mape=0.4095  | FLOOR smape=0.3267
         laya iter 1 -> best_ETS conf=0.5192 rank=4
         laya iter 2 -> best_ETS conf=0.6907 rank=4
         laya iter 3 -> best_ETS conf=0.6907 rank=4
         laya iter 4 -> best_ETS conf=0.6907 rank=4
[ 355] dba            score= 0.6880 origin=baseline iters=5 stop=no new information in 3 consecutive turns
         TEST  smape=0.1343  rmse=679.5794  pocid=83.33  mape=0.1547  | FLOOR smape=0.1343
         laya iter 1 -> mean_pool1 conf=0.3143 rank=7
         laya iter 2 -> mean_pool4 conf=0.2526 rank=10
         laya iter 3 -> mean_pool4 conf=0.2526 rank=10
         laya iter 4 -> mean_pool4 conf=0.2526 rank=10
         laya iter 5 -> mean_pool4 conf=0.2526 rank=10
[ 356] trimmed_mean   score= 0.6239 origin=baseline iters=5 stop=no new information in 3 consecutive turns
         TEST  smape=0.1377  rmse=620.4794  pocid=50.00  mape=0.1594  | FLOOR smape=0.1377
         laya iter 1 -> mean_pool1 conf=0.326 rank=2
         laya iter 2 -> best_ETS conf=0.3108 rank=7
         laya iter 3 -> best_ETS conf=0.3108 rank=7
         laya iter 4 -> best_ETS conf=0.3108 rank=7
         laya iter 5 -> best_ETS conf=0.3108 rank=7
[ 357] best_single    score= 0.5995 origin=agent    iters=5 stop=no new information in 3 consecutive turns
         TEST  smape=0.1478  rmse=969.5319  pocid=58.33  mape=0.1407  | FLOOR smape=0.0982
         laya iter 1 -> mean_pool1 conf=0.4361 rank=8
         laya iter 2 -> best_FT_catboost conf=0.4597 rank=1
         laya iter 3 -> best_FT_catboost conf=0.4597 rank=1
         laya iter 4 -> best_FT_catboost conf=0.4597 rank=1
         laya iter 5 -> best_FT_catboost conf=0.4597 rank=1
[ 358] mean           score= 0.6711 origin=agent    iters=5 stop=no new information in 3 consecutive turns
         TEST  smape=0.1572  rmse=730.6708  pocid=58.33  mape=0.1729  | FLOOR smape=0.1380
         laya iter 1 -> mean_pool1 conf=0.3095 rank=5
         laya iter 2 -> mean_pool4 conf=0.2356 rank=1
         laya iter 3 -> mean_pool4 conf=0.2356 rank=1
         laya iter 4 -> mean_pool4 conf=0.2356 rank=1
         laya iter 5 -> mean_pool4 conf=0.2356 rank=1
--------------------------------------------------------------------------
done in 108.8s | ok: 359 | failed: 0
DATASET SUMMARY over 359 series (mean across series):
  this run   smape=0.0979  rmse=496.9981  pocid=57.64  mape=0.0983  mae=403.6384
  baseline   smape=0.0910  rmse=419.6139  pocid=59.61  mape=0.0897  <- this run is WORSE than the seed floor
  mean       smape=0.1560  rmse=565670643599352549196716204211537639244317944908035229208154108667468348208885108199311009429349561812871400925394649666000525459456.0000  pocid=53.20  mape=39777294267569865632092305676114673475780582879823695972881129375030108721987150752620451168492782782066944539201619654537641984.0000  <- this run is better
  median     smape=0.0897  rmse=98091549866.9433  pocid=58.45  mape=11214489.3177  <- this run is better
  dba        smape=0.1594  rmse=565670643599352549196716204211537639244317944908035229208154108667468348208885108199311009429349561812871400925394649666000525459456.0000  pocid=51.74  mape=39777294267569846392831467592872870605155533981574767711289688718073727887859511960764117429620413927444749771176404416926318592.0000  <- this run is better
  ADE        smape=0.1069  rmse=335850489305280897150278938350792956054116807272513112971539555160952541873624259473465507936843830466561185255755901421801810427904.0000  pocid=57.29  mape=23616611351791077356813904533184018234363216971665633450013792487243617037607409536889105068880425355870002736047763781094211584.0000  <- this run is better
  FFORMA     smape=0.0996  rmse=331703934033556502999311883249781817930691741283770894983858217784985857106662638100444095177311322092507477833421706256574660476928.0000  pocid=59.45  mape=23325030462617560519266366214871385284458556859797996695315252011496452105542748146985504910684292478496494399058427224917016576.0000  <- this run is better
csv: ./timeseries/mestrado/resultados/orchestrator_laya_laya_v0/M4_WEEKLY_DATASET.csv
===== ETTM1 (english, NO-SEEDS) -> version laya_v0_noseeds =====
WARNING: 5 model(s) do not share the pool's windows on ETTM1 and are being DROPPED for every series: ['ONLY_CWT_catboost', 'ONLY_DWT_catboost', 'ONLY_DWT_rf', 'ONLY_FT_catboost', 'ONLY_FT_rf']
dataset      : ETTM1
source       : ETTM1.tsf
models       : 14
agent        : laya-english (max_len=None)
writing to   : ./timeseries/mestrado/resultados/orchestrator_laya_laya_v0_noseeds
--------------------------------------------------------------------------
/home/lucas.castro/.conda/envs/agno/lib/python3.11/site-packages/tslearn/bases/bases.py:15: UserWarning: h5py not installed, hdf5 features will not be supported.
Install h5py to use hdf5 features: http://docs.h5py.org/
  warn(h5py_msg)
Fetching 5 files:   0%|          | 0/5 [00:00<?, ?it/s]Fetching 5 files: 100%|██████████| 5/5 [00:00<00:00, 2599.67it/s]
/home/lucas.castro/.conda/envs/agno/lib/python3.11/site-packages/laya/agent.py:928: RuntimeWarning: laya: this checkpoint ships invalid temperatures or values outside [0.5, 5]; using choice:11+=0.10058280825614929 -> 0.5. Treat confidence from the affected entries as uncalibrated.
  return Agent(model_id_or_path, device=device, token=token, subfolder=subfolder, fast=fast,
[   0] best_single    score=-0.0833 origin=agent    iters=5 stop=no new information in 3 consecutive turns
         TEST  smape=1.2993  rmse=6.2978  pocid=69.57  mape=74287427544434.7969
         laya iter 1 -> select_stable_k5 conf=0.2923 obs=pool pool5 (5 models)
         laya iter 2 -> best_DWT_rf conf=0.3993 rank=1
         laya iter 3 -> best_DWT_rf conf=0.6003 rank=1
         laya iter 4 -> best_DWT_rf conf=0.6003 rank=1
         laya iter 5 -> best_DWT_rf conf=0.6003 rank=1
[   1] best_single    score=-0.0453 origin=agent    iters=4 stop=no new information in 3 consecutive turns
         TEST  smape=0.2725  rmse=1.4106  pocid=43.48  mape=0.3304
         laya iter 1 -> best_rf conf=0.7341 rank=1
         laya iter 2 -> best_rf conf=0.7063 rank=1
         laya iter 3 -> best_rf conf=0.7063 rank=1
         laya iter 4 -> best_rf conf=0.7063 rank=1
[   2] best_single    score=-0.0726 origin=agent    iters=5 stop=no new information in 3 consecutive turns
         TEST  smape=1.0541  rmse=6.7702  pocid=82.61  mape=1.0003
         laya iter 1 -> select_stable_k5 conf=0.2883 obs=pool pool5 (5 models)
         laya iter 2 -> best_DWT_rf conf=0.4927 rank=1
         laya iter 3 -> best_DWT_rf conf=0.6864 rank=1
         laya iter 4 -> best_DWT_rf conf=0.6864 rank=1
         laya iter 5 -> best_DWT_rf conf=0.6864 rank=1
[   3] best_single    score=-0.0733 origin=agent    iters=4 stop=no new information in 3 consecutive turns
         TEST  smape=0.3802  rmse=1.2509  pocid=52.17  mape=0.5468
         laya iter 1 -> best_rf conf=0.5135 rank=1
         laya iter 2 -> best_rf conf=0.7469 rank=1
         laya iter 3 -> best_rf conf=0.7469 rank=1
         laya iter 4 -> best_rf conf=0.7469 rank=1
[   4] best_single    score=-0.0839 origin=agent    iters=4 stop=no new information in 3 consecutive turns
         TEST  smape=0.2841  rmse=1.2028  pocid=43.48  mape=0.3409
         laya iter 1 -> best_ONLY_CWT_rf conf=0.3916 rank=1
         laya iter 2 -> best_ONLY_CWT_rf conf=0.4582 rank=1
         laya iter 3 -> best_ONLY_CWT_rf conf=0.4582 rank=1
         laya iter 4 -> best_ONLY_CWT_rf conf=0.4582 rank=1
[   5] best_single    score=-0.0589 origin=agent    iters=5 stop=no new information in 3 consecutive turns
         TEST  smape=0.1346  rmse=0.2904  pocid=47.83  mape=0.1435
         laya iter 1 -> select_stable_k5 conf=0.3069 obs=pool pool5 (5 models)
         laya iter 2 -> best_rf conf=0.6784 rank=1
         laya iter 3 -> best_rf conf=0.9276 rank=1
         laya iter 4 -> best_rf conf=0.9276 rank=1
         laya iter 5 -> best_rf conf=0.9276 rank=1
[   6] best_single    score=-0.1073 origin=agent    iters=4 stop=no new information in 3 consecutive turns
         TEST  smape=0.0612  rmse=0.6708  pocid=56.52  mape=0.0626
         laya iter 1 -> best_FT_rf conf=0.664 rank=1
         laya iter 2 -> best_FT_rf conf=0.8509 rank=1
         laya iter 3 -> best_FT_rf conf=0.8509 rank=1
         laya iter 4 -> best_FT_rf conf=0.8509 rank=1
--------------------------------------------------------------------------
done in 43.2s | ok: 7 | failed: 0
DATASET SUMMARY over 7 series (mean across series):
  this run   smape=0.4980  rmse=2.5562  pocid=56.52  mape=10612489649205.3164  mae=2.1296
  baseline   (n/a - no-seeds arm: o agente partiu de histórico vazio)
  mean       smape=2.0000  rmse=136084107294.9405  pocid=44.72  mape=52599961740521154543616.0000  <- this run is better
  median     smape=0.5443  rmse=2.5657  pocid=58.39  mape=9059687099970.2324  <- this run is better
  dba        smape=2.0000  rmse=195921298116.2774  pocid=47.20  mape=69231906943291170816.0000  <- this run is better
  ADE        smape=0.4572  rmse=2.4809  pocid=50.93  mape=21115097813161.2109
  FFORMA     smape=0.4396  rmse=2.2985  pocid=51.55  mape=59253483494535.9609
csv: ./timeseries/mestrado/resultados/orchestrator_laya_laya_v0_noseeds/ETTM1.csv
===== ETTM2 (english, NO-SEEDS) -> version laya_v0_noseeds =====
WARNING: 5 model(s) do not share the pool's windows on ETTM2 and are being DROPPED for every series: ['ONLY_CWT_catboost', 'ONLY_DWT_catboost', 'ONLY_DWT_rf', 'ONLY_FT_catboost', 'ONLY_FT_rf']
dataset      : ETTM2
source       : ETTM2.tsf
models       : 14
agent        : laya-english (max_len=None)
writing to   : ./timeseries/mestrado/resultados/orchestrator_laya_laya_v0_noseeds
--------------------------------------------------------------------------
/home/lucas.castro/.conda/envs/agno/lib/python3.11/site-packages/tslearn/bases/bases.py:15: UserWarning: h5py not installed, hdf5 features will not be supported.
Install h5py to use hdf5 features: http://docs.h5py.org/
  warn(h5py_msg)
Fetching 5 files:   0%|          | 0/5 [00:00<?, ?it/s]Fetching 5 files: 100%|██████████| 5/5 [00:00<00:00, 2534.94it/s]
/home/lucas.castro/.conda/envs/agno/lib/python3.11/site-packages/laya/agent.py:928: RuntimeWarning: laya: this checkpoint ships invalid temperatures or values outside [0.5, 5]; using choice:11+=0.10058280825614929 -> 0.5. Treat confidence from the affected entries as uncalibrated.
  return Agent(model_id_or_path, device=device, token=token, subfolder=subfolder, fast=fast,
[   0] best_single    score=-0.0900 origin=agent    iters=5 stop=no new information in 3 consecutive turns
         TEST  smape=0.1151  rmse=5.1485  pocid=56.52  mape=0.1152
         laya iter 1 -> select_stable_k5 conf=0.2782 obs=pool pool5 (5 models)
         laya iter 2 -> best_ARIMA conf=0.3716 rank=1
         laya iter 3 -> best_ARIMA conf=0.6244 rank=1
         laya iter 4 -> best_ARIMA conf=0.6244 rank=1
         laya iter 5 -> best_ARIMA conf=0.6244 rank=1
[   1] best_single    score=-0.0634 origin=agent    iters=5 stop=no new information in 3 consecutive turns
         TEST  smape=0.2030  rmse=2.4092  pocid=47.83  mape=0.1819
         laya iter 1 -> select_stable_k5 conf=0.3138 obs=pool pool5 (5 models)
         laya iter 2 -> best_rf conf=0.9633 rank=1
         laya iter 3 -> best_rf conf=0.9947 rank=1
         laya iter 4 -> best_rf conf=0.9947 rank=1
         laya iter 5 -> best_rf conf=0.9947 rank=1
[   2] best_single    score=-0.0852 origin=agent    iters=4 stop=no new information in 3 consecutive turns
         TEST  smape=0.1228  rmse=6.5712  pocid=52.17  mape=0.1148
         laya iter 1 -> best_rf conf=0.9808 rank=1
         laya iter 2 -> best_rf conf=0.9688 rank=1
         laya iter 3 -> best_rf conf=0.9688 rank=1
         laya iter 4 -> best_rf conf=0.9688 rank=1
[   3] best_single    score=-0.0745 origin=agent    iters=4 stop=no new information in 3 consecutive turns
         TEST  smape=0.1937  rmse=2.3626  pocid=60.87  mape=0.1752
         laya iter 1 -> best_rf conf=0.4031 rank=1
         laya iter 2 -> best_rf conf=0.7464 rank=1
         laya iter 3 -> best_rf conf=0.7464 rank=1
         laya iter 4 -> best_rf conf=0.7464 rank=1
[   4] best_single    score=-0.0520 origin=agent    iters=5 stop=no new information in 3 consecutive turns
         TEST  smape=0.0654  rmse=0.8501  pocid=21.74  mape=0.0625
         laya iter 1 -> select_stable_k5 conf=0.3169 obs=pool pool5 (5 models)
         laya iter 2 -> best_CWT_rf conf=0.7672 rank=1
         laya iter 3 -> best_CWT_rf conf=0.5086 rank=1
         laya iter 4 -> best_CWT_rf conf=0.5086 rank=1
         laya iter 5 -> best_CWT_rf conf=0.5086 rank=1
[   5] best_single    score= 0.0353 origin=agent    iters=4 stop=no new information in 3 consecutive turns
         TEST  smape=0.7310  rmse=1.0954  pocid=26.09  mape=0.5263
         laya iter 1 -> best_DWT_rf conf=0.4575 rank=1
         laya iter 2 -> best_DWT_rf conf=0.9148 rank=1
         laya iter 3 -> best_DWT_rf conf=0.9148 rank=1
         laya iter 4 -> best_DWT_rf conf=0.9148 rank=1
[   6] best_single    score= 0.2528 origin=agent    iters=4 stop=no new information in 3 consecutive turns
         TEST  smape=0.0197  rmse=1.1166  pocid=60.87  mape=0.0194
         laya iter 1 -> best_CWT_rf conf=0.4042 rank=1
         laya iter 2 -> best_CWT_rf conf=0.7344 rank=1
         laya iter 3 -> best_CWT_rf conf=0.7344 rank=1
         laya iter 4 -> best_CWT_rf conf=0.7344 rank=1
--------------------------------------------------------------------------
done in 43.6s | ok: 7 | failed: 0
DATASET SUMMARY over 7 series (mean across series):
  this run   smape=0.2072  rmse=2.7934  pocid=46.58  mape=0.1708  mae=2.5383
  baseline   (n/a - no-seeds arm: o agente partiu de histórico vazio)
  mean       smape=1.7405  rmse=63484511305.5706  pocid=43.48  mape=3253528624.5137  <- this run is better
  median     smape=0.1997  rmse=3.6501  pocid=39.13  mape=0.1739  <- this run is better
  dba        smape=1.7438  rmse=106383343565.7140  pocid=37.27  mape=2228290941.4547  <- this run is better
  ADE        smape=0.1872  rmse=4.0934  pocid=31.06  mape=0.1752  <- this run is better
  FFORMA     smape=0.1654  rmse=3.9513  pocid=31.06  mape=0.1525  <- this run is better
csv: ./timeseries/mestrado/resultados/orchestrator_laya_laya_v0_noseeds/ETTM2.csv
===== ETTH1 (english, NO-SEEDS) -> version laya_v0_noseeds =====
dataset      : ETTH1
source       : ETTH1.tsf
models       : 19
agent        : laya-english (max_len=None)
writing to   : ./timeseries/mestrado/resultados/orchestrator_laya_laya_v0_noseeds
--------------------------------------------------------------------------
/home/lucas.castro/.conda/envs/agno/lib/python3.11/site-packages/tslearn/bases/bases.py:15: UserWarning: h5py not installed, hdf5 features will not be supported.
Install h5py to use hdf5 features: http://docs.h5py.org/
  warn(h5py_msg)
Fetching 5 files:   0%|          | 0/5 [00:00<?, ?it/s]Fetching 5 files: 100%|██████████| 5/5 [00:00<00:00, 2755.78it/s]
/home/lucas.castro/.conda/envs/agno/lib/python3.11/site-packages/laya/agent.py:928: RuntimeWarning: laya: this checkpoint ships invalid temperatures or values outside [0.5, 5]; using choice:11+=0.10058280825614929 -> 0.5. Treat confidence from the affected entries as uncalibrated.
  return Agent(model_id_or_path, device=device, token=token, subfolder=subfolder, fast=fast,
[   0] best_single    score=-0.0512 origin=agent    iters=4 stop=no new information in 3 consecutive turns
         TEST  smape=0.5508  rmse=15.2618  pocid=65.22  mape=1.3179
         laya iter 1 -> best_FT_rf conf=0.367 rank=1
         laya iter 2 -> best_FT_rf conf=0.4007 rank=1
         laya iter 3 -> best_FT_rf conf=0.4007 rank=1
         laya iter 4 -> best_FT_rf conf=0.4007 rank=1
[   1] best_single    score=-0.0932 origin=agent    iters=4 stop=no new information in 3 consecutive turns
         TEST  smape=0.1717  rmse=1.0123  pocid=52.17  mape=0.1625
         laya iter 1 -> best_ONLY_DWT_catboost conf=0.2978 rank=1
         laya iter 2 -> best_ONLY_DWT_catboost conf=0.4388 rank=1
         laya iter 3 -> best_ONLY_DWT_catboost conf=0.4388 rank=1
         laya iter 4 -> best_ONLY_DWT_catboost conf=0.4388 rank=1
[   2] best_single    score=-0.0568 origin=agent    iters=4 stop=no new information in 3 consecutive turns
         TEST  smape=0.3900  rmse=2.5590  pocid=78.26  mape=0.3937
         laya iter 1 -> best_FT_rf conf=0.464 rank=1
         laya iter 2 -> best_FT_rf conf=0.5426 rank=1
         laya iter 3 -> best_FT_rf conf=0.5426 rank=1
         laya iter 4 -> best_FT_rf conf=0.5426 rank=1
[   3] best_single    score=-0.0841 origin=agent    iters=5 stop=no new information in 3 consecutive turns
         TEST  smape=0.2061  rmse=0.7051  pocid=47.83  mape=0.1858
         laya iter 1 -> select_stable_k5 conf=0.2588 obs=pool pool5 (5 models)
         laya iter 2 -> best_ONLY_DWT_catboost conf=0.4424 rank=1
         laya iter 3 -> best_ONLY_DWT_catboost conf=0.5545 rank=1
         laya iter 4 -> best_ONLY_DWT_catboost conf=0.5545 rank=1
         laya iter 5 -> best_ONLY_DWT_catboost conf=0.5545 rank=1
[   4] best_single    score=-0.0870 origin=agent    iters=5 stop=no new information in 3 consecutive turns
         TEST  smape=0.2052  rmse=0.9973  pocid=56.52  mape=0.1985
         laya iter 1 -> select_stable_k5 conf=0.2626 obs=pool pool5 (5 models)
         laya iter 2 -> best_ONLY_DWT_rf conf=0.3285 rank=1
         laya iter 3 -> best_ONLY_DWT_rf conf=0.403 rank=1
         laya iter 4 -> best_ONLY_DWT_rf conf=0.403 rank=1
         laya iter 5 -> best_ONLY_DWT_rf conf=0.403 rank=1
[   5] best_single    score=-0.0978 origin=agent    iters=4 stop=no new information in 3 consecutive turns
         TEST  smape=0.1451  rmse=0.2780  pocid=60.87  mape=0.1499
         laya iter 1 -> best_ONLY_DWT_rf conf=0.4928 rank=1
         laya iter 2 -> best_ONLY_DWT_rf conf=0.4996 rank=1
         laya iter 3 -> best_ONLY_DWT_rf conf=0.4996 rank=1
         laya iter 4 -> best_ONLY_DWT_rf conf=0.4996 rank=1
[   6] best_single    score=-0.1038 origin=agent    iters=5 stop=no new information in 3 consecutive turns
         TEST  smape=0.0707  rmse=0.8725  pocid=56.52  mape=0.0748
         laya iter 1 -> select_stable_k5 conf=0.2528 obs=pool pool5 (5 models)
         laya iter 2 -> best_ONLY_CWT_catboost conf=0.6584 rank=1
         laya iter 3 -> best_ONLY_CWT_catboost conf=0.9075 rank=1
         laya iter 4 -> best_ONLY_CWT_catboost conf=0.9075 rank=1
         laya iter 5 -> best_ONLY_CWT_catboost conf=0.9075 rank=1
--------------------------------------------------------------------------
done in 17.9s | ok: 7 | failed: 0
DATASET SUMMARY over 7 series (mean across series):
  this run   smape=0.2485  rmse=3.0980  pocid=59.63  mape=0.3547  mae=1.9066
  baseline   (n/a - no-seeds arm: o agente partiu de histórico vazio)
  mean       smape=2.0000  rmse=1245113253499.4958  pocid=52.17  mape=273162683680.0966  <- this run is better
  median     smape=0.2602  rmse=1.5957  pocid=62.11  mape=0.2353
  dba        smape=2.0000  rmse=2059519043323.2112  pocid=54.66  mape=272603577994.6630  <- this run is better
  ADE        smape=0.3951  rmse=2.5172  pocid=62.73  mape=0.3505
  FFORMA     smape=0.3001  rmse=1.9946  pocid=65.22  mape=0.2754
csv: ./timeseries/mestrado/resultados/orchestrator_laya_laya_v0_noseeds/ETTH1.csv
===== ETTH2 (english, NO-SEEDS) -> version laya_v0_noseeds =====
dataset      : ETTH2
source       : ETTH2.tsf
models       : 19
agent        : laya-english (max_len=None)
writing to   : ./timeseries/mestrado/resultados/orchestrator_laya_laya_v0_noseeds
--------------------------------------------------------------------------
/home/lucas.castro/.conda/envs/agno/lib/python3.11/site-packages/tslearn/bases/bases.py:15: UserWarning: h5py not installed, hdf5 features will not be supported.
Install h5py to use hdf5 features: http://docs.h5py.org/
  warn(h5py_msg)
Fetching 5 files:   0%|          | 0/5 [00:00<?, ?it/s]Fetching 5 files: 100%|██████████| 5/5 [00:00<00:00, 2632.63it/s]
/home/lucas.castro/.conda/envs/agno/lib/python3.11/site-packages/laya/agent.py:928: RuntimeWarning: laya: this checkpoint ships invalid temperatures or values outside [0.5, 5]; using choice:11+=0.10058280825614929 -> 0.5. Treat confidence from the affected entries as uncalibrated.
  return Agent(model_id_or_path, device=device, token=token, subfolder=subfolder, fast=fast,
[   0] best_single    score=-0.0969 origin=agent    iters=5 stop=no new information in 3 consecutive turns
         TEST  smape=0.1221  rmse=5.2266  pocid=47.83  mape=0.1159
         laya iter 1 -> select_stable_k5 conf=0.243 obs=pool pool5 (5 models)
         laya iter 2 -> best_ONLY_CWT_rf conf=0.7353 rank=1
         laya iter 3 -> best_ONLY_CWT_rf conf=0.8645 rank=1
         laya iter 4 -> best_ONLY_CWT_rf conf=0.8645 rank=1
         laya iter 5 -> best_ONLY_CWT_rf conf=0.8645 rank=1
[   1] best_single    score=-0.1078 origin=agent    iters=5 stop=no new information in 3 consecutive turns
         TEST  smape=0.1322  rmse=1.6390  pocid=47.83  mape=0.1295
         laya iter 1 -> select_stable_k5 conf=0.2735 obs=pool pool5 (5 models)
         laya iter 2 -> best_ONLY_CWT_rf conf=0.5741 rank=1
         laya iter 3 -> best_ONLY_CWT_rf conf=0.667 rank=1
         laya iter 4 -> best_ONLY_CWT_rf conf=0.667 rank=1
         laya iter 5 -> best_ONLY_CWT_rf conf=0.667 rank=1
[   2] best_single    score=-0.1081 origin=agent    iters=4 stop=no new information in 3 consecutive turns
         TEST  smape=0.1036  rmse=5.6773  pocid=65.22  mape=0.0982
         laya iter 1 -> best_ONLY_CWT_rf conf=0.4325 rank=1
         laya iter 2 -> best_ONLY_CWT_rf conf=0.7487 rank=1
         laya iter 3 -> best_ONLY_CWT_rf conf=0.7487 rank=1
         laya iter 4 -> best_ONLY_CWT_rf conf=0.7487 rank=1
[   3] best_single    score=-0.1173 origin=agent    iters=5 stop=no new information in 3 consecutive turns
         TEST  smape=0.1144  rmse=1.5346  pocid=56.52  mape=0.1113
         laya iter 1 -> select_stable_k5 conf=0.2255 obs=pool pool5 (5 models)
         laya iter 2 -> best_ONLY_CWT_rf conf=0.4062 rank=1
         laya iter 3 -> best_ONLY_CWT_rf conf=0.6662 rank=1
         laya iter 4 -> best_ONLY_CWT_rf conf=0.6662 rank=1
         laya iter 5 -> best_ONLY_CWT_rf conf=0.6662 rank=1
[   4] best_single    score=-0.0672 origin=agent    iters=5 stop=no new information in 3 consecutive turns
         TEST  smape=0.0759  rmse=1.0215  pocid=30.43  mape=0.0777
         laya iter 1 -> best_FT_rf conf=0.386 rank=1
         laya iter 2 -> best_ONLY_CWT_rf conf=0.3904 rank=2
         laya iter 3 -> best_ONLY_CWT_rf conf=0.3904 rank=2
         laya iter 4 -> best_ONLY_CWT_rf conf=0.3904 rank=2
         laya iter 5 -> best_ONLY_CWT_rf conf=0.3904 rank=2
[   5] best_single    score= 0.0285 origin=agent    iters=4 stop=no new information in 3 consecutive turns
         TEST  smape=0.7397  rmse=0.6665  pocid=34.78  mape=905272297208934.5000
         laya iter 1 -> best_DWT_rf conf=0.2522 rank=1
         laya iter 2 -> best_DWT_rf conf=0.4121 rank=1
         laya iter 3 -> best_DWT_rf conf=0.4121 rank=1
         laya iter 4 -> best_DWT_rf conf=0.4121 rank=1
[   6] best_single    score= 0.4439 origin=agent    iters=5 stop=no new information in 3 consecutive turns
         TEST  smape=0.0490  rmse=2.2962  pocid=73.91  mape=0.0485
         laya iter 1 -> select_stable_k5 conf=0.2355 obs=pool pool5 (5 models)
         laya iter 2 -> best_ONLY_DWT_rf conf=0.4818 rank=1
         laya iter 3 -> best_ONLY_DWT_rf conf=0.5922 rank=1
         laya iter 4 -> best_ONLY_DWT_rf conf=0.5922 rank=1
         laya iter 5 -> best_ONLY_DWT_rf conf=0.5922 rank=1
--------------------------------------------------------------------------
done in 18.0s | ok: 7 | failed: 0
DATASET SUMMARY over 7 series (mean across series):
  this run   smape=0.1910  rmse=2.5802  pocid=50.93  mape=129324613886990.7188  mae=2.2050
  baseline   (n/a - no-seeds arm: o agente partiu de histórico vazio)
  mean       smape=1.7197  rmse=99996379087.4691  pocid=49.69  mape=20879052073827343269888.0000  <- this run is better
  median     smape=0.1815  rmse=2.5568  pocid=56.52  mape=181666141988947.5312
  dba        smape=1.7257  rmse=151967111938.0612  pocid=52.80  mape=20879052073826667986944.0000  <- this run is better
  ADE        smape=0.2261  rmse=2.6531  pocid=56.52  mape=299065117726769.6250  <- this run is better
  FFORMA     smape=0.2035  rmse=2.5436  pocid=56.52  mape=269479043127657.0625
csv: ./timeseries/mestrado/resultados/orchestrator_laya_laya_v0_noseeds/ETTH2.csv
===== ANP_MONTHLY (english, NO-SEEDS) -> version laya_v0_noseeds =====
dataset      : ANP_MONTHLY
source       : mes_11_venda_mensal.tsf
models       : 19
agent        : laya-english (max_len=None)
writing to   : ./timeseries/mestrado/resultados/orchestrator_laya_laya_v0_noseeds
--------------------------------------------------------------------------
/home/lucas.castro/.conda/envs/agno/lib/python3.11/site-packages/tslearn/bases/bases.py:15: UserWarning: h5py not installed, hdf5 features will not be supported.
Install h5py to use hdf5 features: http://docs.h5py.org/
  warn(h5py_msg)
Fetching 5 files:   0%|          | 0/5 [00:00<?, ?it/s]Fetching 5 files: 100%|██████████| 5/5 [00:00<00:00, 2727.83it/s]
/home/lucas.castro/.conda/envs/agno/lib/python3.11/site-packages/laya/agent.py:928: RuntimeWarning: laya: this checkpoint ships invalid temperatures or values outside [0.5, 5]; using choice:11+=0.10058280825614929 -> 0.5. Treat confidence from the affected entries as uncalibrated.
  return Agent(model_id_or_path, device=device, token=token, subfolder=subfolder, fast=fast,
[   0] best_single    score= 0.6782 origin=agent    iters=4 stop=no new information in 3 consecutive turns
         TEST  smape=0.1802  rmse=1450.2311  pocid=45.45  mape=0.1590
         laya iter 1 -> best_ONLY_DWT_rf conf=0.5972 rank=1
         laya iter 2 -> best_ONLY_DWT_rf conf=0.7622 rank=1
         laya iter 3 -> best_ONLY_DWT_rf conf=0.7622 rank=1
         laya iter 4 -> best_ONLY_DWT_rf conf=0.7622 rank=1
[   1] best_single    score= 0.3494 origin=agent    iters=4 stop=no new information in 3 consecutive turns
         TEST  smape=0.1663  rmse=3016.6640  pocid=81.82  mape=0.1518
         laya iter 1 -> best_THETA conf=0.3869 rank=1
         laya iter 2 -> best_THETA conf=0.3844 rank=1
         laya iter 3 -> best_THETA conf=0.3844 rank=1
         laya iter 4 -> best_THETA conf=0.3844 rank=1
[   2] best_single    score= 0.6171 origin=agent    iters=5 stop=no new information in 3 consecutive turns
         TEST  smape=0.0487  rmse=5548.7804  pocid=63.64  mape=0.0508
         laya iter 1 -> select_stable_k5 conf=0.3675 obs=pool pool5 (5 models)
         laya iter 2 -> best_ONLY_CWT_rf conf=0.7931 rank=1
         laya iter 3 -> best_ONLY_CWT_rf conf=0.9533 rank=1
         laya iter 4 -> best_ONLY_CWT_rf conf=0.9533 rank=1
         laya iter 5 -> best_ONLY_CWT_rf conf=0.9533 rank=1
[   3] best_single    score= 0.5469 origin=agent    iters=4 stop=no new information in 3 consecutive turns
         TEST  smape=0.3961  rmse=3444.0776  pocid=72.73  mape=0.3213
         laya iter 1 -> best_ETS conf=0.5282 rank=1
         laya iter 2 -> best_ETS conf=0.4074 rank=1
         laya iter 3 -> best_ETS conf=0.4074 rank=1
         laya iter 4 -> best_ETS conf=0.4074 rank=1
[   4] best_single    score= 0.3755 origin=agent    iters=5 stop=no new information in 3 consecutive turns
         TEST  smape=0.0564  rmse=3445.4683  pocid=81.82  mape=0.0548
         laya iter 1 -> select_stable_k5 conf=0.3663 obs=pool pool5 (5 models)
         laya iter 2 -> best_THETA conf=0.4569 rank=1
         laya iter 3 -> best_THETA conf=0.7677 rank=1
         laya iter 4 -> best_THETA conf=0.7677 rank=1
         laya iter 5 -> best_THETA conf=0.7677 rank=1
[   5] best_single    score= 0.5511 origin=agent    iters=4 stop=no new information in 3 consecutive turns
         TEST  smape=0.2370  rmse=29.2490  pocid=36.36  mape=0.2710
         laya iter 1 -> best_FT_rf conf=0.3072 rank=1
         laya iter 2 -> best_FT_rf conf=0.4504 rank=1
         laya iter 3 -> best_FT_rf conf=0.4504 rank=1
         laya iter 4 -> best_FT_rf conf=0.4504 rank=1
[   6] best_single    score= 0.5527 origin=agent    iters=4 stop=no new information in 3 consecutive turns
         TEST  smape=0.5737  rmse=5253.6827  pocid=81.82  mape=0.4291
         laya iter 1 -> best_THETA conf=0.3842 rank=1
         laya iter 2 -> best_THETA conf=0.4578 rank=1
         laya iter 3 -> best_THETA conf=0.4578 rank=1
         laya iter 4 -> best_THETA conf=0.4578 rank=1
[   7] best_single    score= 0.5882 origin=agent    iters=4 stop=no new information in 3 consecutive turns
         TEST  smape=0.2018  rmse=110.0732  pocid=45.45  mape=0.2279
         laya iter 1 -> best_ONLY_CWT_catboost conf=0.3707 rank=1
         laya iter 2 -> best_ONLY_CWT_catboost conf=0.5979 rank=1
         laya iter 3 -> best_ONLY_CWT_catboost conf=0.5979 rank=1
         laya iter 4 -> best_ONLY_CWT_catboost conf=0.5979 rank=1
[   8] best_single    score= 0.5913 origin=agent    iters=6 stop=no new information in 3 consecutive turns
         TEST  smape=0.3857  rmse=638.8080  pocid=36.36  mape=0.3133
         laya iter 1 -> select_stable_k5 conf=0.2844 obs=pool pool5 (5 models)
         laya iter 2 -> best_ONLY_DWT_rf conf=0.6296 rank=1
         laya iter 3 -> best_DWT_rf conf=0.6521 rank=1
         laya iter 4 -> best_DWT_rf conf=0.6521 rank=1
         laya iter 5 -> best_DWT_rf conf=0.6521 rank=1
         laya iter 6 -> best_DWT_rf conf=0.6521 rank=1
[   9] best_single    score= 0.5599 origin=agent    iters=5 stop=no new information in 3 consecutive turns
         TEST  smape=0.0281  rmse=7472.1642  pocid=81.82  mape=0.0286
         laya iter 1 -> best_ETS conf=0.5355 rank=1
         laya iter 2 -> prune_redundant_full conf=0.4116 obs=pool pool5 (0 models)
         laya iter 3 -> best_ETS conf=0.409 rank=1
         laya iter 4 -> best_ETS conf=0.409 rank=1
         laya iter 5 -> best_ETS conf=0.409 rank=1
[  10] best_single    score= 0.4507 origin=agent    iters=4 stop=no new information in 3 consecutive turns
         TEST  smape=0.2564  rmse=1539.9087  pocid=72.73  mape=0.2221
         laya iter 1 -> best_THETA conf=0.4361 rank=1
         laya iter 2 -> best_THETA conf=0.5383 rank=1
         laya iter 3 -> best_THETA conf=0.5383 rank=1
         laya iter 4 -> best_THETA conf=0.5383 rank=1
[  11] best_single    score= 0.6370 origin=agent    iters=4 stop=no new information in 3 consecutive turns
         TEST  smape=0.5972  rmse=10701.2866  pocid=54.55  mape=0.4555
         laya iter 1 -> best_FT_rf conf=0.8042 rank=1
         laya iter 2 -> best_FT_rf conf=0.8296 rank=1
         laya iter 3 -> best_FT_rf conf=0.8296 rank=1
         laya iter 4 -> best_FT_rf conf=0.8296 rank=1
[  12] best_single    score= 0.7025 origin=agent    iters=5 stop=no new information in 3 consecutive turns
         TEST  smape=1.1072  rmse=2334.3495  pocid=45.45  mape=20.7604
         laya iter 1 -> select_stable_k5 conf=0.3104 obs=pool pool5 (5 models)
         laya iter 2 -> best_rf conf=0.505 rank=1
         laya iter 3 -> best_rf conf=0.6355 rank=1
         laya iter 4 -> best_rf conf=0.6355 rank=1
         laya iter 5 -> best_rf conf=0.6355 rank=1
[  13] best_single    score= 0.6382 origin=agent    iters=5 stop=no new information in 3 consecutive turns
         TEST  smape=0.2026  rmse=289.7237  pocid=54.55  mape=0.2088
         laya iter 1 -> select_stable_k5 conf=0.2925 obs=pool pool5 (5 models)
         laya iter 2 -> best_NaiveMovingAverage conf=0.3217 rank=1
         laya iter 3 -> best_NaiveMovingAverage conf=0.3518 rank=1
         laya iter 4 -> best_NaiveMovingAverage conf=0.3518 rank=1
         laya iter 5 -> best_NaiveMovingAverage conf=0.3518 rank=1
[  14] best_single    score= 0.5205 origin=agent    iters=5 stop=no new information in 3 consecutive turns
         TEST  smape=0.0492  rmse=2059.2937  pocid=63.64  mape=0.0479
         laya iter 1 -> select_stable_k5 conf=0.3861 obs=pool pool5 (5 models)
         laya iter 2 -> best_THETA conf=0.4047 rank=1
         laya iter 3 -> best_THETA conf=0.6024 rank=1
         laya iter 4 -> best_THETA conf=0.6024 rank=1
         laya iter 5 -> best_THETA conf=0.6024 rank=1
[  15] best_single    score= 0.7224 origin=agent    iters=4 stop=no new information in 3 consecutive turns
         TEST  smape=0.0531  rmse=2846.7288  pocid=27.27  mape=0.0539
         laya iter 1 -> best_ONLY_CWT_rf conf=0.6855 rank=1
         laya iter 2 -> best_ONLY_CWT_rf conf=0.8282 rank=1
         laya iter 3 -> best_ONLY_CWT_rf conf=0.8282 rank=1
         laya iter 4 -> best_ONLY_CWT_rf conf=0.8282 rank=1
[  16] best_single    score= 0.5103 origin=agent    iters=5 stop=no new information in 3 consecutive turns
         TEST  smape=0.1568  rmse=17349.3700  pocid=72.73  mape=0.1443
         laya iter 1 -> select_stable_k5 conf=0.3114 obs=pool pool5 (5 models)
         laya iter 2 -> best_FT_rf conf=0.4927 rank=1
         laya iter 3 -> best_FT_rf conf=0.701 rank=1
         laya iter 4 -> best_FT_rf conf=0.701 rank=1
         laya iter 5 -> best_FT_rf conf=0.701 rank=1
[  17] best_single    score= 0.6087 origin=agent    iters=4 stop=no new information in 3 consecutive turns
         TEST  smape=0.1678  rmse=144541.9798  pocid=81.82  mape=0.1845
         laya iter 1 -> best_ONLY_DWT_rf conf=0.3407 rank=1
         laya iter 2 -> best_ONLY_DWT_rf conf=0.4614 rank=1
         laya iter 3 -> best_ONLY_DWT_rf conf=0.4614 rank=1
         laya iter 4 -> best_ONLY_DWT_rf conf=0.4614 rank=1
[  18] best_single    score= 0.6320 origin=agent    iters=5 stop=no new information in 3 consecutive turns
         TEST  smape=1.3196  rmse=4617.4047  pocid=45.45  mape=175014548472309344.0000
         laya iter 1 -> select_stable_k5 conf=0.3301 obs=pool pool5 (5 models)
         laya iter 2 -> best_ONLY_FT_catboost conf=0.3328 rank=1
         laya iter 3 -> best_ONLY_FT_catboost conf=0.3568 rank=1
         laya iter 4 -> best_ONLY_FT_catboost conf=0.3568 rank=1
         laya iter 5 -> best_ONLY_FT_catboost conf=0.3568 rank=1
[  19] best_single    score= 0.5672 origin=agent    iters=5 stop=no new information in 3 consecutive turns
         TEST  smape=0.2390  rmse=673.9470  pocid=63.64  mape=0.2916
         laya iter 1 -> best_ONLY_DWT_rf conf=0.2749 rank=1
         laya iter 2 -> best_DWT_rf conf=0.7339 rank=2
         laya iter 3 -> best_DWT_rf conf=0.7339 rank=2
         laya iter 4 -> best_DWT_rf conf=0.7339 rank=2
         laya iter 5 -> best_DWT_rf conf=0.7339 rank=2
[  20] best_single    score= 0.5822 origin=agent    iters=5 stop=no new information in 3 consecutive turns
         TEST  smape=0.1056  rmse=89801.6916  pocid=100.00  mape=0.0999
         laya iter 1 -> select_stable_k5 conf=0.2859 obs=pool pool5 (5 models)
         laya iter 2 -> best_ETS conf=0.2728 rank=1
         laya iter 3 -> best_ETS conf=0.3125 rank=1
         laya iter 4 -> best_ETS conf=0.3125 rank=1
         laya iter 5 -> best_ETS conf=0.3125 rank=1
[  21] best_single    score= 0.5877 origin=agent    iters=5 stop=no new information in 3 consecutive turns
         TEST  smape=0.0491  rmse=3998.2059  pocid=45.45  mape=0.0505
         laya iter 1 -> select_stable_k5 conf=0.3231 obs=pool pool5 (5 models)
         laya iter 2 -> best_rf conf=0.4229 rank=1
         laya iter 3 -> best_rf conf=0.41 rank=1
         laya iter 4 -> best_rf conf=0.41 rank=1
         laya iter 5 -> best_rf conf=0.41 rank=1
[  22] best_single    score= 0.5003 origin=agent    iters=4 stop=no new information in 3 consecutive turns
         TEST  smape=0.2766  rmse=1535.9493  pocid=63.64  mape=0.2913
         laya iter 1 -> best_FT_rf conf=0.6794 rank=1
         laya iter 2 -> best_FT_rf conf=0.5311 rank=1
         laya iter 3 -> best_FT_rf conf=0.5311 rank=1
         laya iter 4 -> best_FT_rf conf=0.5311 rank=1
[  23] best_single    score= 0.3526 origin=agent    iters=6 stop=no new information in 3 consecutive turns
         TEST  smape=0.2663  rmse=6920.5443  pocid=81.82  mape=0.2277
         laya iter 1 -> select_stable_k5 conf=0.2373 obs=pool pool5 (5 models)
         laya iter 2 -> best_FT_catboost conf=0.3763 rank=1
         laya iter 3 -> best_ONLY_CWT_rf conf=0.3679 rank=2
         laya iter 4 -> best_ONLY_CWT_rf conf=0.3679 rank=2
         laya iter 5 -> best_ONLY_CWT_rf conf=0.3679 rank=2
         laya iter 6 -> best_ONLY_CWT_rf conf=0.3679 rank=2
[  24] best_single    score= 0.6487 origin=agent    iters=5 stop=no new information in 3 consecutive turns
         TEST  smape=0.0429  rmse=6901.2866  pocid=72.73  mape=0.0437
         laya iter 1 -> select_stable_k5 conf=0.2779 obs=pool pool5 (5 models)
         laya iter 2 -> best_FT_rf conf=0.4992 rank=1
         laya iter 3 -> best_FT_rf conf=0.7345 rank=1
         laya iter 4 -> best_FT_rf conf=0.7345 rank=1
         laya iter 5 -> best_FT_rf conf=0.7345 rank=1
[  25] best_single    score= 0.6415 origin=agent    iters=4 stop=no new information in 3 consecutive turns
         TEST  smape=0.1843  rmse=55.4445  pocid=45.45  mape=0.2084
         laya iter 1 -> best_ONLY_FT_catboost conf=0.5782 rank=1
         laya iter 2 -> best_ONLY_FT_catboost conf=0.8705 rank=1
         laya iter 3 -> best_ONLY_FT_catboost conf=0.8705 rank=1
         laya iter 4 -> best_ONLY_FT_catboost conf=0.8705 rank=1
[  26] best_single    score= 0.4994 origin=agent    iters=4 stop=no new information in 3 consecutive turns
         TEST  smape=0.3514  rmse=1622.9242  pocid=45.45  mape=0.2957
         laya iter 1 -> best_CWT_rf conf=0.4363 rank=1
         laya iter 2 -> best_CWT_rf conf=0.4811 rank=1
         laya iter 3 -> best_CWT_rf conf=0.4811 rank=1
         laya iter 4 -> best_CWT_rf conf=0.4811 rank=1
[  27] best_single    score= 0.6440 origin=agent    iters=6 stop=no new information in 3 consecutive turns
         TEST  smape=0.2865  rmse=3614.1050  pocid=63.64  mape=0.2426
         laya iter 1 -> select_stable_k5 conf=0.3126 obs=pool pool5 (5 models)
         laya iter 2 -> best_DWT_rf conf=0.6466 rank=1
         laya iter 3 -> best_ONLY_DWT_rf conf=0.6393 rank=2
         laya iter 4 -> best_ONLY_DWT_rf conf=0.6393 rank=2
         laya iter 5 -> best_ONLY_DWT_rf conf=0.6393 rank=2
         laya iter 6 -> best_ONLY_DWT_rf conf=0.6393 rank=2
[  28] best_single    score= 0.5756 origin=agent    iters=4 stop=no new information in 3 consecutive turns
         TEST  smape=0.0551  rmse=10350.5907  pocid=63.64  mape=0.0538
         laya iter 1 -> best_ONLY_CWT_catboost conf=0.7135 rank=1
         laya iter 2 -> best_ONLY_CWT_catboost conf=0.995 rank=1
         laya iter 3 -> best_ONLY_CWT_catboost conf=0.995 rank=1
         laya iter 4 -> best_ONLY_CWT_catboost conf=0.995 rank=1
[  29] best_single    score= 0.4967 origin=agent    iters=4 stop=no new information in 3 consecutive turns
         TEST  smape=0.3824  rmse=2970.6623  pocid=63.64  mape=0.3124
         laya iter 1 -> best_THETA conf=0.6868 rank=1
         laya iter 2 -> best_THETA conf=0.6445 rank=1
         laya iter 3 -> best_THETA conf=0.6445 rank=1
         laya iter 4 -> best_THETA conf=0.6445 rank=1
[  30] best_single    score= 0.5811 origin=agent    iters=5 stop=no new information in 3 consecutive turns
         TEST  smape=0.1513  rmse=235.8082  pocid=63.64  mape=0.1563
         laya iter 1 -> select_stable_k5 conf=0.2458 obs=pool pool5 (5 models)
         laya iter 2 -> best_ARIMA conf=0.3768 rank=1
         laya iter 3 -> best_ARIMA conf=0.6886 rank=1
         laya iter 4 -> best_ARIMA conf=0.6886 rank=1
         laya iter 5 -> best_ARIMA conf=0.6886 rank=1
[  31] best_single    score= 0.6667 origin=agent    iters=4 stop=no new information in 3 consecutive turns
         TEST  smape=0.4807  rmse=20.9528  pocid=63.64  mape=0.7808
         laya iter 1 -> best_ONLY_FT_catboost conf=0.7831 rank=1
         laya iter 2 -> best_ONLY_FT_catboost conf=0.4838 rank=1
         laya iter 3 -> best_ONLY_FT_catboost conf=0.4838 rank=1
         laya iter 4 -> best_ONLY_FT_catboost conf=0.4838 rank=1
[  32] FAILED: ValueError: Attempt(attempt_id='a1', spec={'combine': 'mean', 'pool': 'pool_full'}, origin='baseline', aggregate={'MAPE': 0.4366301241853982, 'SMAPE': 0.4294875812884602, 'RMSE': 15.085776029836566, 'POCID': 60.6060606060606, 'MSMAPE': 0.42858892138344623, 'MAE': 11.464760864195902}, per_window=[{'MAPE': 0.3415670200677183, 'SMAPE': 0.3511419234746416, 'RMSE': 13.926015129104918, 'POCID': 54.54545454545455, 'MSMAPE': 0.35042525976646827, 'MAE': 9.52988805460526}, {'MAPE': 0.5452374033038793, 'SMAPE': 0.422039847066318, 'RMSE': 10.034587445533875, 'POCID': 54.54545454545455, 'MSMAPE': 0.4209438539229646, 'MAE': 8.99920295328947}, {'MAPE': 0.42308594918459713, 'SMAPE': 0.5152809733244208, 'RMSE': 19.700636352388454, 'POCID': 72.72727272727273, 'MSMAPE': 0.5143976504609059, 'MAE': 15.865191584692981}], score=0.6787878787878788, rationale='deterministic baseline: plain mean of the full pool', iteration=0, n_models=19, per_window_scores=[0.6909090909090909, 0.6909090909090909, 0.6545454545454545], residuals=[-2.837854481052627, -6.627951285263158, -14.870321420526313, -38.10357937, -4.910242716315789, -18.865627866315787, 1.576707516315789, -1.420078296842103, -0.896584248947363, 8.100940926842107, 11.304623828421052, -4.844144698421054, 7.046650746842104, 2.4985239384210516, 7.2462410789473655, -11.463810549999998, -19.353410647368417, -10.873241719473683, -5.252800047368417, 5.1853989836842125, -9.688764754736841, 14.40574208157895, -5.526715458947365, -9.449135432105265, 9.7274810731579, -16.18616403421053, 6.567824292631574, -6.499736738421049, 2.543409227368418, -3.927040073684207, -5.106560332631577, -20.540653715789478, -39.14883137105264, -31.108270960526312, -29.168821321578946, -19.857505875263154], agent_converged=True, agent_rationale='laya selected mean_pool_full') is not in list
[  33] best_single    score= 0.5934 origin=agent    iters=5 stop=no new information in 3 consecutive turns
         TEST  smape=0.0676  rmse=68.5991  pocid=9.09  mape=0.0659
         laya iter 1 -> best_ONLY_DWT_rf conf=0.6236 rank=1
         laya iter 2 -> best_CWT_rf conf=0.6195 rank=1
         laya iter 3 -> best_CWT_rf conf=0.6195 rank=1
         laya iter 4 -> best_CWT_rf conf=0.6195 rank=1
         laya iter 5 -> best_CWT_rf conf=0.6195 rank=1
[  34] best_single    score= 0.5180 origin=agent    iters=4 stop=no new information in 3 consecutive turns
         TEST  smape=0.0589  rmse=620.0266  pocid=54.55  mape=0.0607
         laya iter 1 -> best_ETS conf=0.4889 rank=1
         laya iter 2 -> best_ETS conf=0.5897 rank=1
         laya iter 3 -> best_ETS conf=0.5897 rank=1
         laya iter 4 -> best_ETS conf=0.5897 rank=1
[  35] best_single    score= 0.5857 origin=agent    iters=4 stop=no new information in 3 consecutive turns
         TEST  smape=0.1993  rmse=98.0423  pocid=54.55  mape=0.2120
         laya iter 1 -> best_ARIMA conf=0.4352 rank=1
         laya iter 2 -> best_ARIMA conf=0.3693 rank=1
         laya iter 3 -> best_ARIMA conf=0.3693 rank=1
         laya iter 4 -> best_ARIMA conf=0.3693 rank=1
[  36] best_single    score= 0.6438 origin=agent    iters=4 stop=no new information in 3 consecutive turns
         TEST  smape=0.1020  rmse=34615.9778  pocid=45.45  mape=0.1087
         laya iter 1 -> best_ONLY_FT_rf conf=0.4496 rank=1
         laya iter 2 -> best_ONLY_FT_rf conf=0.7387 rank=1
         laya iter 3 -> best_ONLY_FT_rf conf=0.7387 rank=1
         laya iter 4 -> best_ONLY_FT_rf conf=0.7387 rank=1
[  37] best_single    score= 0.6080 origin=agent    iters=4 stop=no new information in 3 consecutive turns
         TEST  smape=0.2190  rmse=64.4430  pocid=54.55  mape=0.2220
         laya iter 1 -> best_rf conf=0.596 rank=1
         laya iter 2 -> best_rf conf=0.6627 rank=1
         laya iter 3 -> best_rf conf=0.6627 rank=1
         laya iter 4 -> best_rf conf=0.6627 rank=1
[  38] best_single    score= 0.5232 origin=agent    iters=6 stop=no new information in 3 consecutive turns
         TEST  smape=0.7710  rmse=5301.5358  pocid=45.45  mape=0.5533
         laya iter 1 -> select_stable_k5 conf=0.2109 obs=pool pool5 (5 models)
         laya iter 2 -> best_FT_catboost conf=0.4969 rank=1
         laya iter 3 -> best_ONLY_CWT_catboost conf=0.4539 rank=1
         laya iter 4 -> best_ONLY_CWT_catboost conf=0.4539 rank=1
         laya iter 5 -> best_ONLY_CWT_catboost conf=0.4539 rank=1
         laya iter 6 -> best_ONLY_CWT_catboost conf=0.4539 rank=1
[  39] best_single    score= 0.6189 origin=agent    iters=5 stop=no new information in 3 consecutive turns
         TEST  smape=0.0437  rmse=6224.5559  pocid=45.45  mape=0.0455
         laya iter 1 -> select_stable_k5 conf=0.2376 obs=pool pool5 (5 models)
         laya iter 2 -> best_ONLY_CWT_catboost conf=0.4821 rank=1
         laya iter 3 -> best_ONLY_CWT_catboost conf=0.4957 rank=1
         laya iter 4 -> best_ONLY_CWT_catboost conf=0.4957 rank=1
         laya iter 5 -> best_ONLY_CWT_catboost conf=0.4957 rank=1
[  40] best_single    score= 0.5012 origin=agent    iters=4 stop=no new information in 3 consecutive turns
         TEST  smape=0.0333  rmse=4790.0939  pocid=81.82  mape=0.0331
         laya iter 1 -> best_ETS conf=0.3853 rank=1
         laya iter 2 -> best_ETS conf=0.4884 rank=1
         laya iter 3 -> best_ETS conf=0.4884 rank=1
         laya iter 4 -> best_ETS conf=0.4884 rank=1
[  41] best_single    score= 0.5417 origin=agent    iters=5 stop=no new information in 3 consecutive turns
         TEST  smape=0.1601  rmse=11464.7557  pocid=54.55  mape=0.1465
         laya iter 1 -> select_stable_k5 conf=0.2537 obs=pool pool5 (5 models)
         laya iter 2 -> best_FT_catboost conf=0.451 rank=1
         laya iter 3 -> best_FT_catboost conf=0.6094 rank=1
         laya iter 4 -> best_FT_catboost conf=0.6094 rank=1
         laya iter 5 -> best_FT_catboost conf=0.6094 rank=1
[  42] best_single    score= 0.7680 origin=agent    iters=6 stop=no new information in 3 consecutive turns
         TEST  smape=0.2812  rmse=5.9219  pocid=0.00  mape=0.3271
         laya iter 1 -> select_stable_k5 conf=0.2666 obs=pool pool5 (5 models)
         laya iter 2 -> prune_redundant_full conf=0.2577 obs=pool pool6 (0 models)
         laya iter 3 -> best_ETS conf=0.5276 rank=1
         laya iter 4 -> best_ETS conf=0.3404 rank=1
         laya iter 5 -> best_ETS conf=0.3404 rank=1
         laya iter 6 -> best_ETS conf=0.3404 rank=1
[  43] best_single    score= 0.5151 origin=agent    iters=4 stop=no new information in 3 consecutive turns
         TEST  smape=0.0894  rmse=1695.6377  pocid=81.82  mape=0.0860
         laya iter 1 -> best_NaiveSeasonal conf=0.3705 rank=1
         laya iter 2 -> best_NaiveSeasonal conf=0.3762 rank=1
         laya iter 3 -> best_NaiveSeasonal conf=0.3762 rank=1
         laya iter 4 -> best_NaiveSeasonal conf=0.3762 rank=1
[  44] best_single    score= 0.6606 origin=agent    iters=4 stop=no new information in 3 consecutive turns
         TEST  smape=0.5891  rmse=4845.1696  pocid=54.55  mape=1.2415
         laya iter 1 -> best_FT_catboost conf=0.3916 rank=1
         laya iter 2 -> best_FT_catboost conf=0.4968 rank=1
         laya iter 3 -> best_FT_catboost conf=0.4968 rank=1
         laya iter 4 -> best_FT_catboost conf=0.4968 rank=1
[  45] best_single    score= 0.5014 origin=agent    iters=4 stop=no new information in 3 consecutive turns
         TEST  smape=0.3127  rmse=5445.2251  pocid=36.36  mape=0.2611
         laya iter 1 -> best_ONLY_FT_rf conf=0.499 rank=1
         laya iter 2 -> best_ONLY_FT_rf conf=0.5449 rank=1
         laya iter 3 -> best_ONLY_FT_rf conf=0.5449 rank=1
         laya iter 4 -> best_ONLY_FT_rf conf=0.5449 rank=1
[  46] best_single    score= 0.6331 origin=agent    iters=4 stop=no new information in 3 consecutive turns
         TEST  smape=0.1555  rmse=13731.0815  pocid=72.73  mape=0.1612
         laya iter 1 -> best_FT_rf conf=0.3793 rank=1
         laya iter 2 -> best_FT_rf conf=0.3631 rank=1
         laya iter 3 -> best_FT_rf conf=0.3631 rank=1
         laya iter 4 -> best_FT_rf conf=0.3631 rank=1
[  47] best_single    score= 0.4558 origin=agent    iters=5 stop=no new information in 3 consecutive turns
         TEST  smape=0.1294  rmse=394.2491  pocid=81.82  mape=0.1445
         laya iter 1 -> best_ETS conf=0.4256 rank=1
         laya iter 2 -> prune_redundant_full conf=0.3488 obs=pool pool5 (0 models)
         laya iter 3 -> best_ETS conf=0.3944 rank=1
         laya iter 4 -> best_ETS conf=0.3944 rank=1
         laya iter 5 -> best_ETS conf=0.3944 rank=1
[  48] best_single    score= 0.5721 origin=agent    iters=4 stop=no new information in 3 consecutive turns
         TEST  smape=0.3075  rmse=367.5940  pocid=45.45  mape=0.2532
         laya iter 1 -> best_ONLY_DWT_rf conf=0.3812 rank=1
         laya iter 2 -> best_ONLY_DWT_rf conf=0.4499 rank=1
         laya iter 3 -> best_ONLY_DWT_rf conf=0.4499 rank=1
         laya iter 4 -> best_ONLY_DWT_rf conf=0.4499 rank=1
[  49] best_single    score= 0.6134 origin=agent    iters=6 stop=no new information in 3 consecutive turns
         TEST  smape=0.2072  rmse=2101.7250  pocid=36.36  mape=0.1753
         laya iter 1 -> select_stable_k5 conf=0.2589 obs=pool pool5 (5 models)
         laya iter 2 -> best_CWT_rf conf=0.4909 rank=1
         laya iter 3 -> best_ONLY_CWT_rf conf=0.6156 rank=2
         laya iter 4 -> best_ONLY_CWT_rf conf=0.6156 rank=2
         laya iter 5 -> best_ONLY_CWT_rf conf=0.6156 rank=2
         laya iter 6 -> best_ONLY_CWT_rf conf=0.6156 rank=2
[  50] best_single    score= 0.6432 origin=agent    iters=5 stop=no new information in 3 consecutive turns
         TEST  smape=0.1095  rmse=88.6631  pocid=54.55  mape=0.1035
         laya iter 1 -> select_stable_k5 conf=0.3066 obs=pool pool5 (5 models)
         laya iter 2 -> best_ARIMA conf=0.3423 rank=1
         laya iter 3 -> best_ARIMA conf=0.4422 rank=1
         laya iter 4 -> best_ARIMA conf=0.4422 rank=1
         laya iter 5 -> best_ARIMA conf=0.4422 rank=1
[  51] best_single    score= 0.6595 origin=agent    iters=4 stop=no new information in 3 consecutive turns
         TEST  smape=0.1800  rmse=8.1081  pocid=72.73  mape=0.1938
         laya iter 1 -> best_ONLY_FT_rf conf=0.359 rank=1
         laya iter 2 -> best_ONLY_FT_rf conf=0.9878 rank=1
         laya iter 3 -> best_ONLY_FT_rf conf=0.9878 rank=1
         laya iter 4 -> best_ONLY_FT_rf conf=0.9878 rank=1
[  52] best_single    score= 0.5741 origin=agent    iters=4 stop=no new information in 3 consecutive turns
         TEST  smape=0.1559  rmse=3545.5448  pocid=63.64  mape=0.1664
         laya iter 1 -> best_ONLY_FT_catboost conf=0.3952 rank=1
         laya iter 2 -> best_ONLY_FT_catboost conf=0.4854 rank=1
         laya iter 3 -> best_ONLY_FT_catboost conf=0.4854 rank=1
         laya iter 4 -> best_ONLY_FT_catboost conf=0.4854 rank=1
[  53] best_single    score= 0.6222 origin=agent    iters=4 stop=no new information in 3 consecutive turns
         TEST  smape=0.0813  rmse=1711.9838  pocid=90.91  mape=0.0783
         laya iter 1 -> best_ETS conf=0.4805 rank=1
         laya iter 2 -> best_ETS conf=0.5727 rank=1
         laya iter 3 -> best_ETS conf=0.5727 rank=1
         laya iter 4 -> best_ETS conf=0.5727 rank=1
[  54] best_single    score= 0.5629 origin=agent    iters=6 stop=no new information in 3 consecutive turns
         TEST  smape=0.2401  rmse=1510.5177  pocid=63.64  mape=0.2071
         laya iter 1 -> select_stable_k5 conf=0.2902 obs=pool pool5 (5 models)
         laya iter 2 -> best_ONLY_FT_catboost conf=0.4948 rank=1
         laya iter 3 -> best_ARIMA conf=0.7259 rank=2
         laya iter 4 -> best_ARIMA conf=0.7259 rank=2
         laya iter 5 -> best_ARIMA conf=0.7259 rank=2
         laya iter 6 -> best_ARIMA conf=0.7259 rank=2
[  55] best_single    score= 0.2921 origin=agent    iters=4 stop=no new information in 3 consecutive turns
         TEST  smape=0.1142  rmse=674.2101  pocid=90.91  mape=0.1049
         laya iter 1 -> best_ETS conf=0.815 rank=1
         laya iter 2 -> best_ETS conf=0.9609 rank=1
         laya iter 3 -> best_ETS conf=0.9609 rank=1
         laya iter 4 -> best_ETS conf=0.9609 rank=1
[  56] best_single    score= 0.5531 origin=agent    iters=4 stop=no new information in 3 consecutive turns
         TEST  smape=0.1575  rmse=366.8919  pocid=54.55  mape=0.1755
         laya iter 1 -> best_ONLY_DWT_catboost conf=0.3761 rank=1
         laya iter 2 -> best_ONLY_DWT_catboost conf=0.5834 rank=1
         laya iter 3 -> best_ONLY_DWT_catboost conf=0.5834 rank=1
         laya iter 4 -> best_ONLY_DWT_catboost conf=0.5834 rank=1
[  57] best_single    score= 0.5818 origin=agent    iters=6 stop=no new information in 3 consecutive turns
         TEST  smape=0.2945  rmse=5234.2037  pocid=72.73  mape=0.2832
         laya iter 1 -> select_stable_k5 conf=0.2542 obs=pool pool5 (5 models)
         laya iter 2 -> best_ONLY_CWT_rf conf=0.9137 rank=1
         laya iter 3 -> best_ONLY_FT_rf conf=0.8001 rank=1
         laya iter 4 -> best_ONLY_FT_rf conf=0.8001 rank=1
         laya iter 5 -> best_ONLY_FT_rf conf=0.8001 rank=1
         laya iter 6 -> best_ONLY_FT_rf conf=0.8001 rank=1
[  58] best_single    score= 0.6859 origin=agent    iters=4 stop=no new information in 3 consecutive turns
         TEST  smape=0.1706  rmse=84.1707  pocid=72.73  mape=0.1633
         laya iter 1 -> best_ONLY_CWT_catboost conf=0.556 rank=1
         laya iter 2 -> best_ONLY_CWT_catboost conf=0.4563 rank=1
         laya iter 3 -> best_ONLY_CWT_catboost conf=0.4563 rank=1
         laya iter 4 -> best_ONLY_CWT_catboost conf=0.4563 rank=1
[  59] best_single    score= 0.6807 origin=agent    iters=4 stop=no new information in 3 consecutive turns
         TEST  smape=0.2646  rmse=2120.5953  pocid=54.55  mape=0.2284
         laya iter 1 -> best_rf conf=0.8725 rank=1
         laya iter 2 -> best_rf conf=0.9821 rank=1
         laya iter 3 -> best_rf conf=0.9821 rank=1
         laya iter 4 -> best_rf conf=0.9821 rank=1
[  60] best_single    score= 0.6306 origin=agent    iters=5 stop=no new information in 3 consecutive turns
         TEST  smape=0.0443  rmse=5813.2976  pocid=81.82  mape=0.0433
         laya iter 1 -> best_ETS conf=0.3687 rank=1
         laya iter 2 -> prune_redundant_full conf=0.594 obs=pool pool5 (0 models)
         laya iter 3 -> best_ETS conf=0.6003 rank=1
         laya iter 4 -> best_ETS conf=0.6003 rank=1
         laya iter 5 -> best_ETS conf=0.6003 rank=1
[  61] best_single    score= 0.5823 origin=agent    iters=4 stop=no new information in 3 consecutive turns
         TEST  smape=0.2666  rmse=6281.7458  pocid=63.64  mape=0.2328
         laya iter 1 -> best_ONLY_CWT_rf conf=0.2901 rank=1
         laya iter 2 -> best_ONLY_CWT_rf conf=0.7101 rank=1
         laya iter 3 -> best_ONLY_CWT_rf conf=0.7101 rank=1
         laya iter 4 -> best_ONLY_CWT_rf conf=0.7101 rank=1
[  62] best_single    score= 0.6809 origin=agent    iters=4 stop=no new information in 3 consecutive turns
         TEST  smape=0.1307  rmse=18514.3754  pocid=81.82  mape=0.1416
         laya iter 1 -> best_ONLY_DWT_catboost conf=0.8703 rank=1
         laya iter 2 -> best_ONLY_DWT_catboost conf=0.9907 rank=1
         laya iter 3 -> best_ONLY_DWT_catboost conf=0.9907 rank=1
         laya iter 4 -> best_ONLY_DWT_catboost conf=0.9907 rank=1
[  63] best_single    score= 0.5648 origin=agent    iters=5 stop=no new information in 3 consecutive turns
         TEST  smape=0.2338  rmse=3419.8902  pocid=36.36  mape=0.2070
         laya iter 1 -> select_stable_k5 conf=0.3339 obs=pool pool5 (5 models)
         laya iter 2 -> best_CWT_catboost conf=0.3698 rank=1
         laya iter 3 -> best_CWT_catboost conf=0.365 rank=1
         laya iter 4 -> best_CWT_catboost conf=0.365 rank=1
         laya iter 5 -> best_CWT_catboost conf=0.365 rank=1
[  64] best_single    score= 0.6189 origin=agent    iters=5 stop=no new information in 3 consecutive turns
         TEST  smape=0.5118  rmse=30.2943  pocid=54.55  mape=0.5821
         laya iter 1 -> select_stable_k5 conf=0.3159 obs=pool pool5 (5 models)
         laya iter 2 -> best_DWT_rf conf=0.3972 rank=1
         laya iter 3 -> best_DWT_rf conf=0.5135 rank=1
         laya iter 4 -> best_DWT_rf conf=0.5135 rank=1
         laya iter 5 -> best_DWT_rf conf=0.5135 rank=1
[  65] best_single    score= 0.5248 origin=agent    iters=5 stop=no new information in 3 consecutive turns
         TEST  smape=0.0746  rmse=6862.5842  pocid=72.73  mape=0.0787
         laya iter 1 -> best_ETS conf=0.4817 rank=1
         laya iter 2 -> prune_redundant_full conf=0.4276 obs=pool pool5 (0 models)
         laya iter 3 -> best_ETS conf=0.4056 rank=1
         laya iter 4 -> best_ETS conf=0.4056 rank=1
         laya iter 5 -> best_ETS conf=0.4056 rank=1
[  66] best_single    score= 0.5572 origin=agent    iters=4 stop=no new information in 3 consecutive turns
         TEST  smape=0.4399  rmse=24713.5621  pocid=27.27  mape=0.7421
         laya iter 1 -> best_FT_rf conf=0.371 rank=1
         laya iter 2 -> best_FT_rf conf=0.326 rank=1
         laya iter 3 -> best_FT_rf conf=0.326 rank=1
         laya iter 4 -> best_FT_rf conf=0.326 rank=1
[  67] best_single    score= 0.6274 origin=agent    iters=5 stop=no new information in 3 consecutive turns
         TEST  smape=0.0384  rmse=679.9519  pocid=90.91  mape=0.0379
         laya iter 1 -> select_stable_k5 conf=0.3162 obs=pool pool5 (5 models)
         laya iter 2 -> best_THETA conf=0.4134 rank=1
         laya iter 3 -> best_THETA conf=0.6335 rank=1
         laya iter 4 -> best_THETA conf=0.6335 rank=1
         laya iter 5 -> best_THETA conf=0.6335 rank=1
[  68] best_single    score= 0.5070 origin=agent    iters=5 stop=no new information in 3 consecutive turns
         TEST  smape=0.0866  rmse=5574.6704  pocid=90.91  mape=0.0909
         laya iter 1 -> select_stable_k5 conf=0.2936 obs=pool pool5 (5 models)
         laya iter 2 -> best_THETA conf=0.4856 rank=1
         laya iter 3 -> best_THETA conf=0.6981 rank=1
         laya iter 4 -> best_THETA conf=0.6981 rank=1
         laya iter 5 -> best_THETA conf=0.6981 rank=1
[  69] best_single    score= 0.5607 origin=agent    iters=4 stop=no new information in 3 consecutive turns
         TEST  smape=0.9291  rmse=1635.2867  pocid=81.82  mape=1.2997
         laya iter 1 -> best_ONLY_FT_rf conf=0.4243 rank=1
         laya iter 2 -> best_ONLY_FT_rf conf=0.4466 rank=1
         laya iter 3 -> best_ONLY_FT_rf conf=0.4466 rank=1
         laya iter 4 -> best_ONLY_FT_rf conf=0.4466 rank=1
[  70] best_single    score= 0.6641 origin=agent    iters=4 stop=no new information in 3 consecutive turns
         TEST  smape=0.1232  rmse=5523.7034  pocid=63.64  mape=0.1167
         laya iter 1 -> best_ONLY_DWT_rf conf=0.3988 rank=1
         laya iter 2 -> best_ONLY_DWT_rf conf=0.8681 rank=1
         laya iter 3 -> best_ONLY_DWT_rf conf=0.8681 rank=1
         laya iter 4 -> best_ONLY_DWT_rf conf=0.8681 rank=1
[  71] best_single    score= 0.6175 origin=agent    iters=6 stop=no new information in 3 consecutive turns
         TEST  smape=0.2039  rmse=6442.9359  pocid=54.55  mape=0.1744
         laya iter 1 -> select_stable_k5 conf=0.2543 obs=pool pool5 (5 models)
         laya iter 2 -> best_DWT_rf conf=0.5896 rank=1
         laya iter 3 -> best_CWT_catboost conf=0.3874 rank=1
         laya iter 4 -> best_CWT_catboost conf=0.3874 rank=1
         laya iter 5 -> best_CWT_catboost conf=0.3874 rank=1
         laya iter 6 -> best_CWT_catboost conf=0.3874 rank=1
[  72] best_single    score= 0.7482 origin=agent    iters=4 stop=no new information in 3 consecutive turns
         TEST  smape=0.0308  rmse=10236.1126  pocid=90.91  mape=0.0303
         laya iter 1 -> best_THETA conf=0.4549 rank=1
         laya iter 2 -> best_THETA conf=0.4942 rank=1
         laya iter 3 -> best_THETA conf=0.4942 rank=1
         laya iter 4 -> best_THETA conf=0.4942 rank=1
[  73] best_single    score= 0.6221 origin=agent    iters=4 stop=no new information in 3 consecutive turns
         TEST  smape=0.0948  rmse=41563.8480  pocid=63.64  mape=0.1009
         laya iter 1 -> best_rf conf=0.3081 rank=1
         laya iter 2 -> best_rf conf=0.5427 rank=1
         laya iter 3 -> best_rf conf=0.5427 rank=1
         laya iter 4 -> best_rf conf=0.5427 rank=1
[  74] best_single    score= 0.6221 origin=agent    iters=4 stop=no new information in 3 consecutive turns
         TEST  smape=0.1235  rmse=7302.4323  pocid=36.36  mape=0.1336
         laya iter 1 -> best_ONLY_CWT_rf conf=0.3076 rank=1
         laya iter 2 -> best_ONLY_CWT_rf conf=0.8428 rank=1
         laya iter 3 -> best_ONLY_CWT_rf conf=0.8428 rank=1
         laya iter 4 -> best_ONLY_CWT_rf conf=0.8428 rank=1
[  75] best_single    score= 0.6298 origin=agent    iters=4 stop=no new information in 3 consecutive turns
         TEST  smape=0.0845  rmse=1195.8626  pocid=81.82  mape=0.0823
         laya iter 1 -> best_DWT_rf conf=0.3222 rank=1
         laya iter 2 -> best_DWT_rf conf=0.4431 rank=1
         laya iter 3 -> best_DWT_rf conf=0.4431 rank=1
         laya iter 4 -> best_DWT_rf conf=0.4431 rank=1
[  76] best_single    score= 0.4201 origin=agent    iters=4 stop=no new information in 3 consecutive turns
         TEST  smape=0.0460  rmse=10774.4965  pocid=63.64  mape=0.0451
         laya iter 1 -> best_ETS conf=0.842 rank=1
         laya iter 2 -> best_ETS conf=0.9708 rank=1
         laya iter 3 -> best_ETS conf=0.9708 rank=1
         laya iter 4 -> best_ETS conf=0.9708 rank=1
[  77] best_single    score= 0.5462 origin=agent    iters=5 stop=no new information in 3 consecutive turns
         TEST  smape=1.5608  rmse=3381.5789  pocid=72.73  mape=23.7642
         laya iter 1 -> select_stable_k5 conf=0.4395 obs=pool pool5 (5 models)
         laya iter 2 -> best_rf conf=0.4657 rank=1
         laya iter 3 -> best_rf conf=0.7615 rank=1
         laya iter 4 -> best_rf conf=0.7615 rank=1
         laya iter 5 -> best_rf conf=0.7615 rank=1
[  78] best_single    score= 0.6574 origin=agent    iters=5 stop=no new information in 3 consecutive turns
         TEST  smape=0.3984  rmse=25.9351  pocid=45.45  mape=0.6224
         laya iter 1 -> select_stable_k5 conf=0.3126 obs=pool pool5 (5 models)
         laya iter 2 -> best_ONLY_CWT_catboost conf=0.7882 rank=1
         laya iter 3 -> best_ONLY_CWT_catboost conf=0.9867 rank=1
         laya iter 4 -> best_ONLY_CWT_catboost conf=0.9867 rank=1
         laya iter 5 -> best_ONLY_CWT_catboost conf=0.9867 rank=1
[  79] best_single    score= 0.5894 origin=agent    iters=4 stop=no new information in 3 consecutive turns
         TEST  smape=0.0660  rmse=19801.2922  pocid=72.73  mape=0.0684
         laya iter 1 -> best_FT_rf conf=0.4544 rank=1
         laya iter 2 -> best_FT_rf conf=0.4521 rank=1
         laya iter 3 -> best_FT_rf conf=0.4521 rank=1
         laya iter 4 -> best_FT_rf conf=0.4521 rank=1
[  80] best_single    score= 0.5454 origin=agent    iters=4 stop=no new information in 3 consecutive turns
         TEST  smape=0.4100  rmse=31449.0516  pocid=72.73  mape=0.3380
         laya iter 1 -> best_ONLY_FT_rf conf=0.4124 rank=1
         laya iter 2 -> best_ONLY_FT_rf conf=0.7848 rank=1
         laya iter 3 -> best_ONLY_FT_rf conf=0.7848 rank=1
         laya iter 4 -> best_ONLY_FT_rf conf=0.7848 rank=1
[  81] best_single    score= 0.6121 origin=agent    iters=4 stop=no new information in 3 consecutive turns
         TEST  smape=0.2496  rmse=1207.8589  pocid=54.55  mape=0.2888
         laya iter 1 -> best_ETS conf=0.7693 rank=1
         laya iter 2 -> best_ETS conf=0.4181 rank=1
         laya iter 3 -> best_ETS conf=0.4181 rank=1
         laya iter 4 -> best_ETS conf=0.4181 rank=1
[  82] best_single    score= 0.6250 origin=agent    iters=4 stop=no new information in 3 consecutive turns
         TEST  smape=0.5854  rmse=26.4483  pocid=27.27  mape=0.8273
         laya iter 1 -> best_ONLY_FT_catboost conf=0.5836 rank=1
         laya iter 2 -> best_ONLY_FT_catboost conf=0.9073 rank=1
         laya iter 3 -> best_ONLY_FT_catboost conf=0.9073 rank=1
         laya iter 4 -> best_ONLY_FT_catboost conf=0.9073 rank=1
[  83] best_single    score= 0.5037 origin=agent    iters=6 stop=no new information in 3 consecutive turns
         TEST  smape=0.0364  rmse=2439.4008  pocid=90.91  mape=0.0363
         laya iter 1 -> select_stable_k5 conf=0.3008 obs=pool pool5 (5 models)
         laya iter 2 -> best_ARIMA conf=0.3325 rank=1
         laya iter 3 -> best_THETA conf=0.3019 rank=1
         laya iter 4 -> best_THETA conf=0.3019 rank=1
         laya iter 5 -> best_THETA conf=0.3019 rank=1
         laya iter 6 -> best_THETA conf=0.3019 rank=1
[  84] best_single    score= 0.5051 origin=agent    iters=5 stop=no new information in 3 consecutive turns
         TEST  smape=0.0320  rmse=1412.7829  pocid=63.64  mape=0.0317
         laya iter 1 -> select_stable_k5 conf=0.2916 obs=pool pool5 (5 models)
         laya iter 2 -> best_ETS conf=0.3654 rank=1
         laya iter 3 -> best_ETS conf=0.3689 rank=1
         laya iter 4 -> best_ETS conf=0.3689 rank=1
         laya iter 5 -> best_ETS conf=0.3689 rank=1
[  85] best_single    score= 0.6500 origin=agent    iters=5 stop=no new information in 3 consecutive turns
         TEST  smape=1.3326  rmse=43.4709  pocid=36.36  mape=59117553604144680.0000
         laya iter 1 -> best_rf conf=0.3761 rank=1
         laya iter 2 -> best_ONLY_DWT_rf conf=0.6083 rank=2
         laya iter 3 -> best_ONLY_DWT_rf conf=0.6083 rank=2
         laya iter 4 -> best_ONLY_DWT_rf conf=0.6083 rank=2
         laya iter 5 -> best_ONLY_DWT_rf conf=0.6083 rank=2
[  86] best_single    score= 0.5860 origin=agent    iters=4 stop=no new information in 3 consecutive turns
         TEST  smape=0.7330  rmse=2472.4733  pocid=45.45  mape=0.5482
         laya iter 1 -> best_FT_rf conf=0.3711 rank=1
         laya iter 2 -> best_FT_rf conf=0.7857 rank=1
         laya iter 3 -> best_FT_rf conf=0.7857 rank=1
         laya iter 4 -> best_FT_rf conf=0.7857 rank=1
[  87] best_single    score= 0.5521 origin=agent    iters=5 stop=no new information in 3 consecutive turns
         TEST  smape=0.0550  rmse=8232.5285  pocid=81.82  mape=0.0538
         laya iter 1 -> select_stable_k5 conf=0.2885 obs=pool pool5 (5 models)
         laya iter 2 -> best_THETA conf=0.4541 rank=1
         laya iter 3 -> best_THETA conf=0.6413 rank=1
         laya iter 4 -> best_THETA conf=0.6413 rank=1
         laya iter 5 -> best_THETA conf=0.6413 rank=1
[  88] best_single    score= 0.6192 origin=agent    iters=4 stop=no new information in 3 consecutive turns
         TEST  smape=0.2381  rmse=4342.6391  pocid=54.55  mape=0.2095
         laya iter 1 -> best_ONLY_FT_rf conf=0.4555 rank=1
         laya iter 2 -> best_ONLY_FT_rf conf=0.8299 rank=1
         laya iter 3 -> best_ONLY_FT_rf conf=0.8299 rank=1
         laya iter 4 -> best_ONLY_FT_rf conf=0.8299 rank=1
[  89] best_single    score= 0.6024 origin=agent    iters=4 stop=no new information in 3 consecutive turns
         TEST  smape=0.3604  rmse=4399.5600  pocid=27.27  mape=0.5619
         laya iter 1 -> best_ONLY_FT_catboost conf=0.5685 rank=1
         laya iter 2 -> best_ONLY_FT_catboost conf=0.9933 rank=1
         laya iter 3 -> best_ONLY_FT_catboost conf=0.9933 rank=1
         laya iter 4 -> best_ONLY_FT_catboost conf=0.9933 rank=1
[  90] best_single    score= 0.6022 origin=agent    iters=4 stop=no new information in 3 consecutive turns
         TEST  smape=0.9613  rmse=840.7238  pocid=81.82  mape=0.6178
         laya iter 1 -> best_FT_rf conf=0.386 rank=1
         laya iter 2 -> best_FT_rf conf=0.5361 rank=1
         laya iter 3 -> best_FT_rf conf=0.5361 rank=1
         laya iter 4 -> best_FT_rf conf=0.5361 rank=1
[  91] best_single    score= 0.7755 origin=agent    iters=5 stop=no new information in 3 consecutive turns
         TEST  smape=0.0277  rmse=504.7330  pocid=63.64  mape=0.0277
         laya iter 1 -> select_stable_k5 conf=0.2259 obs=pool pool5 (5 models)
         laya iter 2 -> best_THETA conf=0.466 rank=1
         laya iter 3 -> best_THETA conf=0.8137 rank=1
         laya iter 4 -> best_THETA conf=0.8137 rank=1
         laya iter 5 -> best_THETA conf=0.8137 rank=1
[  92] best_single    score= 0.5712 origin=agent    iters=4 stop=no new information in 3 consecutive turns
         TEST  smape=0.6309  rmse=18.6780  pocid=36.36  mape=10791682538931182.0000
         laya iter 1 -> best_FT_rf conf=0.4001 rank=1
         laya iter 2 -> best_FT_rf conf=0.3715 rank=1
         laya iter 3 -> best_FT_rf conf=0.3715 rank=1
         laya iter 4 -> best_FT_rf conf=0.3715 rank=1
[  93] best_single    score= 0.8639 origin=agent    iters=5 stop=no new information in 3 consecutive turns
         TEST  smape=0.5291  rmse=45.4642  pocid=63.64  mape=0.3958
         laya iter 1 -> select_stable_k5 conf=0.2977 obs=pool pool5 (5 models)
         laya iter 2 -> best_catboost conf=0.4262 rank=1
         laya iter 3 -> best_catboost conf=0.821 rank=1
         laya iter 4 -> best_catboost conf=0.821 rank=1
         laya iter 5 -> best_catboost conf=0.821 rank=1
[  94] FAILED: ValueError: Attempt(attempt_id='a1', spec={'combine': 'mean', 'pool': 'pool_full'}, origin='baseline', aggregate={'MAPE': 0.06114854416202704, 'SMAPE': 0.05857240747872426, 'RMSE': 6194.023597285083, 'POCID': 69.6969696969697, 'MSMAPE': 0.05857237202428486, 'MAE': 4860.134471469236}, per_window=[{'MAPE': 0.09535360083447886, 'SMAPE': 0.08926628770144329, 'RMSE': 8554.010768519189, 'POCID': 54.54545454545455, 'MSMAPE': 0.08926623264390869, 'MAE': 7258.424528939294}, {'MAPE': 0.057611262639001425, 'SMAPE': 0.05546772203863862, 'RMSE': 5439.735501898849, 'POCID': 63.63636363636363, 'MSMAPE': 0.05546768795234131, 'MAE': 4527.835941873768}, {'MAPE': 0.030480769012600828, 'SMAPE': 0.030983212696090872, 'RMSE': 3512.2588760813737, 'POCID': 90.9090909090909, 'MSMAPE': 0.030983195476604636, 'MAE': 2794.142943594646}], score=0.6606060606060606, rationale='deterministic baseline: plain mean of the full pool', iteration=0, n_models=19, per_window_scores=[0.6909090909090909, 0.6727272727272727, 0.6181818181818182], residuals=[-5067.684842645249, 7811.596559108933, 18249.515169480524, 12665.947104496314, 10869.1111324284, 6103.525824017386, 6406.9351561173535, 899.9324066226254, 2712.132814651064, 3777.2763837621023, 5814.148571303158, 6723.28838263842, 1286.5043751925987, 11999.45481080527, 5008.329886757361, 8128.98003728631, 4965.3865450031735, 2402.169627905241, 5250.658110493168, 5542.727736812609, -3956.497662050533, -2791.1360708510474, -2399.807344951594, -602.3790943763161, -6497.266376039479, 1010.747731364725, 1395.057592429468, -3053.202920337353, 3082.6073331889347, -7627.624111223151, -3615.615754101076, -1258.8096393589512, -2135.6916126147407, 2132.592648467369, 1406.8976778563083, -313.6019261541951], agent_converged=True, agent_rationale='laya selected mean_pool_full') is not in list
[  95] best_single    score= 0.5370 origin=agent    iters=6 stop=no new information in 3 consecutive turns
         TEST  smape=0.0347  rmse=1491.9409  pocid=81.82  mape=0.0346
         laya iter 1 -> select_stable_k5 conf=0.29 obs=pool pool5 (5 models)
         laya iter 2 -> best_ONLY_CWT_catboost conf=0.4086 rank=1
         laya iter 3 -> best_ETS conf=0.4101 rank=1
         laya iter 4 -> best_ETS conf=0.4101 rank=1
         laya iter 5 -> best_ETS conf=0.4101 rank=1
         laya iter 6 -> best_ETS conf=0.4101 rank=1
[  96] best_single    score= 0.4064 origin=agent    iters=5 stop=no new information in 3 consecutive turns
         TEST  smape=0.0441  rmse=2856.8041  pocid=54.55  mape=0.0453
         laya iter 1 -> select_stable_k5 conf=0.3678 obs=pool pool5 (5 models)
         laya iter 2 -> best_ARIMA conf=0.5235 rank=1
         laya iter 3 -> best_ARIMA conf=0.73 rank=1
         laya iter 4 -> best_ARIMA conf=0.73 rank=1
         laya iter 5 -> best_ARIMA conf=0.73 rank=1
[  97] best_single    score= 0.4827 origin=agent    iters=5 stop=no new information in 3 consecutive turns
         TEST  smape=0.0297  rmse=514.6628  pocid=63.64  mape=0.0305
         laya iter 1 -> select_stable_k5 conf=0.3012 obs=pool pool5 (5 models)
         laya iter 2 -> best_THETA conf=0.4391 rank=1
         laya iter 3 -> best_THETA conf=0.4798 rank=1
         laya iter 4 -> best_THETA conf=0.4798 rank=1
         laya iter 5 -> best_THETA conf=0.4798 rank=1
[  98] best_single    score= 0.6543 origin=agent    iters=5 stop=no new information in 3 consecutive turns
         TEST  smape=0.3492  rmse=23.3770  pocid=36.36  mape=0.3856
         laya iter 1 -> select_stable_k5 conf=0.2449 obs=pool pool5 (5 models)
         laya iter 2 -> best_DWT_catboost conf=0.4378 rank=1
         laya iter 3 -> best_DWT_catboost conf=0.5555 rank=1
         laya iter 4 -> best_DWT_catboost conf=0.5555 rank=1
         laya iter 5 -> best_DWT_catboost conf=0.5555 rank=1
[  99] best_single    score= 0.7482 origin=agent    iters=4 stop=no new information in 3 consecutive turns
         TEST  smape=0.0677  rmse=25394.8332  pocid=18.18  mape=0.0681
         laya iter 1 -> best_ONLY_FT_rf conf=0.338 rank=1
         laya iter 2 -> best_ONLY_FT_rf conf=0.8993 rank=1
         laya iter 3 -> best_ONLY_FT_rf conf=0.8993 rank=1
         laya iter 4 -> best_ONLY_FT_rf conf=0.8993 rank=1
[ 100] best_single    score= 0.6453 origin=agent    iters=5 stop=no new information in 3 consecutive turns
         TEST  smape=0.1429  rmse=2013.2417  pocid=45.45  mape=0.1460
         laya iter 1 -> select_stable_k5 conf=0.3183 obs=pool pool5 (5 models)
         laya iter 2 -> best_FT_catboost conf=0.6169 rank=1
         laya iter 3 -> best_FT_catboost conf=0.7662 rank=1
         laya iter 4 -> best_FT_catboost conf=0.7662 rank=1
         laya iter 5 -> best_FT_catboost conf=0.7662 rank=1
[ 101] best_single    score= 0.4491 origin=agent    iters=5 stop=no new information in 3 consecutive turns
         TEST  smape=0.4978  rmse=1952.4871  pocid=27.27  mape=0.3939
         laya iter 1 -> select_stable_k5 conf=0.3823 obs=pool pool5 (5 models)
         laya iter 2 -> best_CWT_catboost conf=0.3208 rank=1
         laya iter 3 -> best_CWT_catboost conf=0.3852 rank=1
         laya iter 4 -> best_CWT_catboost conf=0.3852 rank=1
         laya iter 5 -> best_CWT_catboost conf=0.3852 rank=1
[ 102] best_single    score= 0.6202 origin=agent    iters=5 stop=no new information in 3 consecutive turns
         TEST  smape=0.4452  rmse=10725.8392  pocid=54.55  mape=0.3463
         laya iter 1 -> best_FT_rf conf=0.3564 rank=1
         laya iter 2 -> best_ONLY_DWT_rf conf=0.3825 rank=2
         laya iter 3 -> best_ONLY_DWT_rf conf=0.3825 rank=2
         laya iter 4 -> best_ONLY_DWT_rf conf=0.3825 rank=2
         laya iter 5 -> best_ONLY_DWT_rf conf=0.3825 rank=2
[ 103] best_single    score= 0.5378 origin=agent    iters=4 stop=no new information in 3 consecutive turns
         TEST  smape=0.0282  rmse=8410.9579  pocid=72.73  mape=0.0282
         laya iter 1 -> best_FT_rf conf=0.4074 rank=1
         laya iter 2 -> best_FT_rf conf=0.6134 rank=1
         laya iter 3 -> best_FT_rf conf=0.6134 rank=1
         laya iter 4 -> best_FT_rf conf=0.6134 rank=1
[ 104] best_single    score= 0.4538 origin=agent    iters=4 stop=no new information in 3 consecutive turns
         TEST  smape=0.6858  rmse=7.6080  pocid=45.45  mape=13850147707356640.0000
         laya iter 1 -> best_rf conf=0.9335 rank=1
         laya iter 2 -> best_rf conf=0.9129 rank=1
         laya iter 3 -> best_rf conf=0.9129 rank=1
         laya iter 4 -> best_rf conf=0.9129 rank=1
[ 105] best_single    score= 0.6244 origin=agent    iters=5 stop=no new information in 3 consecutive turns
         TEST  smape=0.0410  rmse=347.0793  pocid=54.55  mape=0.0404
         laya iter 1 -> best_ONLY_CWT_catboost conf=0.2726 rank=1
         laya iter 2 -> prune_redundant_full conf=0.4183 obs=pool pool5 (0 models)
         laya iter 3 -> best_ONLY_CWT_catboost conf=0.6466 rank=1
         laya iter 4 -> best_ONLY_CWT_catboost conf=0.6466 rank=1
         laya iter 5 -> best_ONLY_CWT_catboost conf=0.6466 rank=1
[ 106] best_single    score= 0.6384 origin=agent    iters=4 stop=no new information in 3 consecutive turns
         TEST  smape=0.0288  rmse=103.6242  pocid=63.64  mape=0.0282
         laya iter 1 -> best_DWT_rf conf=0.4337 rank=1
         laya iter 2 -> best_DWT_rf conf=0.4827 rank=1
         laya iter 3 -> best_DWT_rf conf=0.4827 rank=1
         laya iter 4 -> best_DWT_rf conf=0.4827 rank=1
[ 107] best_single    score= 0.5651 origin=agent    iters=5 stop=no new information in 3 consecutive turns
         TEST  smape=0.0495  rmse=1294.8924  pocid=63.64  mape=0.0486
         laya iter 1 -> select_stable_k5 conf=0.2794 obs=pool pool5 (5 models)
         laya iter 2 -> best_ETS conf=0.362 rank=1
         laya iter 3 -> best_ETS conf=0.4118 rank=1
         laya iter 4 -> best_ETS conf=0.4118 rank=1
         laya iter 5 -> best_ETS conf=0.4118 rank=1
[ 108] best_single    score= 0.5179 origin=agent    iters=4 stop=no new information in 3 consecutive turns
         TEST  smape=0.0325  rmse=1460.3561  pocid=81.82  mape=0.0318
         laya iter 1 -> best_ONLY_CWT_catboost conf=0.8236 rank=1
         laya iter 2 -> best_ONLY_CWT_catboost conf=0.9115 rank=1
         laya iter 3 -> best_ONLY_CWT_catboost conf=0.9115 rank=1
         laya iter 4 -> best_ONLY_CWT_catboost conf=0.9115 rank=1
[ 109] best_single    score= 0.5175 origin=agent    iters=5 stop=no new information in 3 consecutive turns
         TEST  smape=0.0343  rmse=3217.6990  pocid=72.73  mape=0.0351
         laya iter 1 -> select_stable_k5 conf=0.3315 obs=pool pool5 (5 models)
         laya iter 2 -> best_ARIMA conf=0.4461 rank=1
         laya iter 3 -> best_ARIMA conf=0.5785 rank=1
         laya iter 4 -> best_ARIMA conf=0.5785 rank=1
         laya iter 5 -> best_ARIMA conf=0.5785 rank=1
[ 110] best_single    score= 0.5626 origin=agent    iters=6 stop=no new information in 3 consecutive turns
         TEST  smape=0.0706  rmse=18805.1587  pocid=72.73  mape=0.0669
         laya iter 1 -> select_stable_k5 conf=0.3422 obs=pool pool5 (5 models)
         laya iter 2 -> prune_redundant_full conf=0.2982 obs=pool pool6 (0 models)
         laya iter 3 -> best_ETS conf=0.4351 rank=1
         laya iter 4 -> best_ETS conf=0.294 rank=1
         laya iter 5 -> best_ETS conf=0.294 rank=1
         laya iter 6 -> best_ETS conf=0.294 rank=1
[ 111] best_single    score= 0.6642 origin=agent    iters=4 stop=no new information in 3 consecutive turns
         TEST  smape=0.2433  rmse=32.8290  pocid=45.45  mape=0.2805
         laya iter 1 -> best_ONLY_FT_rf conf=0.5568 rank=1
         laya iter 2 -> best_ONLY_FT_rf conf=0.9957 rank=1
         laya iter 3 -> best_ONLY_FT_rf conf=0.9957 rank=1
         laya iter 4 -> best_ONLY_FT_rf conf=0.9957 rank=1
[ 112] best_single    score= 0.6283 origin=agent    iters=4 stop=no new information in 3 consecutive turns
         TEST  smape=0.0451  rmse=59928.2540  pocid=81.82  mape=0.0449
         laya iter 1 -> best_rf conf=0.3319 rank=1
         laya iter 2 -> best_rf conf=0.471 rank=1
         laya iter 3 -> best_rf conf=0.471 rank=1
         laya iter 4 -> best_rf conf=0.471 rank=1
[ 113] best_single    score= 0.6218 origin=agent    iters=6 stop=no new information in 3 consecutive turns
         TEST  smape=0.1826  rmse=50.7514  pocid=63.64  mape=0.2009
         laya iter 1 -> select_stable_k5 conf=0.2745 obs=pool pool5 (5 models)
         laya iter 2 -> best_ONLY_DWT_rf conf=0.5623 rank=1
         laya iter 3 -> best_ONLY_FT_catboost conf=0.6394 rank=2
         laya iter 4 -> best_ONLY_FT_catboost conf=0.6394 rank=2
         laya iter 5 -> best_ONLY_FT_catboost conf=0.6394 rank=2
         laya iter 6 -> best_ONLY_FT_catboost conf=0.6394 rank=2
[ 114] best_single    score= 0.6042 origin=agent    iters=4 stop=no new information in 3 consecutive turns
         TEST  smape=0.0602  rmse=1525.0011  pocid=27.27  mape=0.0586
         laya iter 1 -> best_CWT_rf conf=0.413 rank=1
         laya iter 2 -> best_CWT_rf conf=0.3628 rank=1
         laya iter 3 -> best_CWT_rf conf=0.3628 rank=1
         laya iter 4 -> best_CWT_rf conf=0.3628 rank=1
[ 115] best_single    score= 0.6364 origin=agent    iters=4 stop=no new information in 3 consecutive turns
         TEST  smape=0.5115  rmse=20.0154  pocid=45.45  mape=13514846751233566.0000
         laya iter 1 -> best_ONLY_FT_rf conf=0.4982 rank=1
         laya iter 2 -> best_ONLY_FT_rf conf=0.3806 rank=1
         laya iter 3 -> best_ONLY_FT_rf conf=0.3806 rank=1
         laya iter 4 -> best_ONLY_FT_rf conf=0.3806 rank=1
[ 116] best_single    score= 0.5394 origin=agent    iters=5 stop=no new information in 3 consecutive turns
         TEST  smape=0.0503  rmse=20932.9586  pocid=63.64  mape=0.0507
         laya iter 1 -> best_ONLY_CWT_catboost conf=0.3063 rank=1
         laya iter 2 -> prune_redundant_full conf=0.328 obs=pool pool5 (0 models)
         laya iter 3 -> best_ONLY_CWT_catboost conf=0.3174 rank=1
         laya iter 4 -> best_ONLY_CWT_catboost conf=0.3174 rank=1
         laya iter 5 -> best_ONLY_CWT_catboost conf=0.3174 rank=1
[ 117] best_single    score= 0.4358 origin=agent    iters=5 stop=no new information in 3 consecutive turns
         TEST  smape=0.0344  rmse=542.7175  pocid=72.73  mape=0.0344
         laya iter 1 -> select_stable_k5 conf=0.3737 obs=pool pool5 (5 models)
         laya iter 2 -> best_THETA conf=0.4448 rank=1
         laya iter 3 -> best_THETA conf=0.833 rank=1
         laya iter 4 -> best_THETA conf=0.833 rank=1
         laya iter 5 -> best_THETA conf=0.833 rank=1
[ 118] best_single    score= 0.6717 origin=agent    iters=6 stop=no new information in 3 consecutive turns
         TEST  smape=0.0418  rmse=12754.6968  pocid=63.64  mape=0.0410
         laya iter 1 -> select_stable_k5 conf=0.2542 obs=pool pool5 (5 models)
         laya iter 2 -> best_FT_catboost conf=0.5092 rank=1
         laya iter 3 -> best_FT_rf conf=0.4642 rank=2
         laya iter 4 -> best_FT_rf conf=0.4642 rank=2
         laya iter 5 -> best_FT_rf conf=0.4642 rank=2
         laya iter 6 -> best_FT_rf conf=0.4642 rank=2
[ 119] best_single    score= 0.5989 origin=agent    iters=4 stop=no new information in 3 consecutive turns
         TEST  smape=0.2956  rmse=4664.0933  pocid=63.64  mape=0.2374
         laya iter 1 -> best_DWT_rf conf=0.302 rank=1
         laya iter 2 -> best_DWT_rf conf=0.6338 rank=1
         laya iter 3 -> best_DWT_rf conf=0.6338 rank=1
         laya iter 4 -> best_DWT_rf conf=0.6338 rank=1
[ 120] best_single    score= 0.5040 origin=agent    iters=5 stop=no new information in 3 consecutive turns
         TEST  smape=0.0345  rmse=11315.9775  pocid=72.73  mape=0.0350
         laya iter 1 -> select_stable_k5 conf=0.3696 obs=pool pool5 (5 models)
         laya iter 2 -> best_ARIMA conf=0.3828 rank=1
         laya iter 3 -> best_ARIMA conf=0.6517 rank=1
         laya iter 4 -> best_ARIMA conf=0.6517 rank=1
         laya iter 5 -> best_ARIMA conf=0.6517 rank=1
[ 121] FAILED: ValueError: Attempt(attempt_id='a1', spec={'combine': 'mean', 'pool': 'pool_full'}, origin='baseline', aggregate={'MAPE': 0.025637824087215048, 'SMAPE': 0.02552944212462992, 'RMSE': 1079.3732664979411, 'POCID': 78.7878787878788, 'MSMAPE': 0.025529403448604205, 'MAE': 843.3733907285236}, per_window=[{'MAPE': 0.027284312045427667, 'SMAPE': 0.026815173374125534, 'RMSE': 1171.8344267030593, 'POCID': 72.72727272727273, 'MSMAPE': 0.02681513278104365, 'MAE': 886.5864739981583}, {'MAPE': 0.022011755622199577, 'SMAPE': 0.021769180798948965, 'RMSE': 876.8357948132306, 'POCID': 63.63636363636363, 'MSMAPE': 0.02176914732362384, 'MAE': 708.1184957481597}, {'MAPE': 0.027617404594017916, 'SMAPE': 0.028003972200815266, 'RMSE': 1163.2295605851277, 'POCID': 100.0, 'MSMAPE': 0.028003930241145142, 'MAE': 935.4152024392528}], score=0.6424242424242425, rationale='deterministic baseline: plain mean of the full pool', iteration=0, n_models=19, per_window_scores=[0.6545454545454545, 0.6727272727272727, 0.6000000000000001], residuals=[203.8816212226302, 287.81551677104653, 42.974719289995846, -1562.633220831587, -437.37087585526024, 1637.5516148073657, -225.82797245369147, 193.24193510157784, 382.6348309294772, 1659.0734966489472, 1889.0271602684188, 2117.0047237979015, -21.181252308415424, 979.7858575873615, 774.0009472405254, 236.93041848106805, 940.9182391910545, -273.4191391105269, 146.86989357473794, 2025.2600026926266, -1033.1437395473695, 532.2534591836848, 753.0278180894857, -780.6311819710609, -863.9535545973777, -196.07600898052988, 1503.2374854852533, -2269.7542774757894, 225.85200537315177, -1680.3536174131514, -1672.2022493942059, -751.24439910211, -1142.2862711963098, 212.8984100989437, -674.0970228942097, 33.02712726000027], agent_converged=True, agent_rationale='laya selected mean_pool_full') is not in list
[ 122] best_single    score= 0.6585 origin=agent    iters=4 stop=no new information in 3 consecutive turns
         TEST  smape=0.0727  rmse=11524.6090  pocid=54.55  mape=0.0684
         laya iter 1 -> best_NaiveSeasonal conf=0.4947 rank=1
         laya iter 2 -> best_NaiveSeasonal conf=0.7433 rank=1
         laya iter 3 -> best_NaiveSeasonal conf=0.7433 rank=1
         laya iter 4 -> best_NaiveSeasonal conf=0.7433 rank=1
[ 123] best_single    score= 0.6366 origin=agent    iters=4 stop=no new information in 3 consecutive turns
         TEST  smape=0.0387  rmse=586.0023  pocid=90.91  mape=0.0387
         laya iter 1 -> best_FT_catboost conf=0.5256 rank=1
         laya iter 2 -> best_FT_catboost conf=0.4577 rank=1
         laya iter 3 -> best_FT_catboost conf=0.4577 rank=1
         laya iter 4 -> best_FT_catboost conf=0.4577 rank=1
[ 124] FAILED: ValueError: Attempt(attempt_id='a1', spec={'combine': 'mean', 'pool': 'pool_full'}, origin='baseline', aggregate={'MAPE': 0.4044904143846746, 'SMAPE': 0.3430891781492804, 'RMSE': 11.573230780074345, 'POCID': 39.3939393939394, 'MSMAPE': 0.34239467768616577, 'MAE': 9.409310812982458}, per_window=[{'MAPE': 0.6520698965591406, 'SMAPE': 0.5455853334915055, 'RMSE': 15.220124278200934, 'POCID': 54.54545454545455, 'MSMAPE': 0.5443293026967139, 'MAE': 13.632687228728068}, {'MAPE': 0.3782747393387604, 'SMAPE': 0.2873196437649613, 'RMSE': 10.305431730031245, 'POCID': 18.181818181818183, 'MSMAPE': 0.2867970256324997, 'MAE': 8.161527494561403}, {'MAPE': 0.1831266072561227, 'SMAPE': 0.19636255719137438, 'RMSE': 7.997806316757395, 'POCID': 45.45454545454545, 'MSMAPE': 0.19605770472928383, 'MAE': 6.433717715657895}], score=0.7212121212121212, rationale='deterministic baseline: plain mean of the full pool', iteration=0, n_models=19, per_window_scores=[0.6909090909090909, 0.7636363636363637, 0.7090909090909091], residuals=[17.14309381526316, -14.61693072, -10.475720223157904, -18.171570535263157, 12.993071948421058, -10.818993112631581, -7.486860361578945, -28.40537430789474, 2.103617482631577, -20.7555981568421, -14.536155777368418, -6.085260303684205, 0.45977133947368287, -4.64715150315789, 3.4482614957894704, 18.468736598947366, 11.049489760526313, 7.158741979473678, -4.8962570131579, 20.229208638947362, -15.379553343157898, -4.97205348263158, 1.9239975094736863, -5.305107270000001, 4.232303441578946, -7.706455128421052, 0.1520272021052591, -0.2983271368421043, -14.454552948421053, 8.162134975263161, -11.365503398947371, -13.735389611052632, -8.333578139999997, -3.9091250368421093, -2.7870728705263197, -2.0681426978947464], agent_converged=True, agent_rationale='laya selected mean_pool_full') is not in list
[ 125] best_single    score= 0.6963 origin=agent    iters=6 stop=no new information in 3 consecutive turns
         TEST  smape=0.3183  rmse=23.5181  pocid=54.55  mape=0.5789
         laya iter 1 -> select_stable_k5 conf=0.3078 obs=pool pool5 (5 models)
         laya iter 2 -> best_ONLY_FT_rf conf=0.4681 rank=1
         laya iter 3 -> best_catboost conf=0.7375 rank=1
         laya iter 4 -> best_catboost conf=0.7375 rank=1
         laya iter 5 -> best_catboost conf=0.7375 rank=1
         laya iter 6 -> best_catboost conf=0.7375 rank=1
[ 126] best_single    score= 0.6821 origin=agent    iters=4 stop=no new information in 3 consecutive turns
         TEST  smape=0.6607  rmse=7.4004  pocid=63.64  mape=3.8161
         laya iter 1 -> best_FT_rf conf=0.503 rank=1
         laya iter 2 -> best_FT_rf conf=0.7191 rank=1
         laya iter 3 -> best_FT_rf conf=0.7191 rank=1
         laya iter 4 -> best_FT_rf conf=0.7191 rank=1
[ 127] best_single    score= 0.5122 origin=agent    iters=5 stop=no new information in 3 consecutive turns
         TEST  smape=0.0395  rmse=14081.7726  pocid=81.82  mape=0.0399
         laya iter 1 -> select_stable_k5 conf=0.2533 obs=pool pool5 (5 models)
         laya iter 2 -> best_DWT_catboost conf=0.489 rank=1
         laya iter 3 -> best_DWT_catboost conf=0.7989 rank=1
         laya iter 4 -> best_DWT_catboost conf=0.7989 rank=1
         laya iter 5 -> best_DWT_catboost conf=0.7989 rank=1
[ 128] best_single    score= 0.5857 origin=agent    iters=6 stop=no new information in 3 consecutive turns
         TEST  smape=0.0323  rmse=295.3230  pocid=72.73  mape=0.0323
         laya iter 1 -> select_stable_k5 conf=0.294 obs=pool pool5 (5 models)
         laya iter 2 -> best_ONLY_CWT_catboost conf=0.3802 rank=1
         laya iter 3 -> best_ETS conf=0.4062 rank=1
         laya iter 4 -> best_ETS conf=0.4062 rank=1
         laya iter 5 -> best_ETS conf=0.4062 rank=1
         laya iter 6 -> best_ETS conf=0.4062 rank=1
[ 129] best_single    score= 0.5076 origin=agent    iters=4 stop=no new information in 3 consecutive turns
         TEST  smape=0.0360  rmse=3670.8578  pocid=72.73  mape=0.0361
         laya iter 1 -> best_rf conf=0.6056 rank=1
         laya iter 2 -> best_rf conf=0.5435 rank=1
         laya iter 3 -> best_rf conf=0.5435 rank=1
         laya iter 4 -> best_rf conf=0.5435 rank=1
[ 130] best_single    score= 0.5494 origin=agent    iters=6 stop=no new information in 3 consecutive turns
         TEST  smape=0.0533  rmse=2303.1431  pocid=81.82  mape=0.0524
         laya iter 1 -> select_stable_k5 conf=0.3323 obs=pool pool5 (5 models)
         laya iter 2 -> best_ARIMA conf=0.32 rank=1
         laya iter 3 -> best_THETA conf=0.2862 rank=1
         laya iter 4 -> best_THETA conf=0.2862 rank=1
         laya iter 5 -> best_THETA conf=0.2862 rank=1
         laya iter 6 -> best_THETA conf=0.2862 rank=1
[ 131] best_single    score= 0.5513 origin=agent    iters=4 stop=no new information in 3 consecutive turns
         TEST  smape=0.0772  rmse=3723.4972  pocid=72.73  mape=0.0738
         laya iter 1 -> best_FT_rf conf=0.4601 rank=1
         laya iter 2 -> best_FT_rf conf=0.8203 rank=1
         laya iter 3 -> best_FT_rf conf=0.8203 rank=1
         laya iter 4 -> best_FT_rf conf=0.8203 rank=1
[ 132] best_single    score= 0.6545 origin=agent    iters=6 stop=no new information in 3 consecutive turns
         TEST  smape=0.2245  rmse=11.6643  pocid=63.64  mape=0.2312
         laya iter 1 -> select_stable_k5 conf=0.3001 obs=pool pool5 (5 models)
         laya iter 2 -> best_FT_catboost conf=0.3069 rank=1
         laya iter 3 -> best_THETA conf=0.4179 rank=1
         laya iter 4 -> best_THETA conf=0.4179 rank=1
         laya iter 5 -> best_THETA conf=0.4179 rank=1
         laya iter 6 -> best_THETA conf=0.4179 rank=1
[ 133] best_single    score= 0.5465 origin=agent    iters=5 stop=no new information in 3 consecutive turns
         TEST  smape=0.1680  rmse=50.7960  pocid=72.73  mape=0.1892
         laya iter 1 -> select_stable_k5 conf=0.3266 obs=pool pool5 (5 models)
         laya iter 2 -> best_ETS conf=0.5605 rank=1
         laya iter 3 -> best_ETS conf=0.8512 rank=1
         laya iter 4 -> best_ETS conf=0.8512 rank=1
         laya iter 5 -> best_ETS conf=0.8512 rank=1
[ 134] best_single    score= 0.6199 origin=agent    iters=5 stop=no new information in 3 consecutive turns
         TEST  smape=0.0654  rmse=4271.2548  pocid=72.73  mape=0.0643
         laya iter 1 -> select_stable_k5 conf=0.2656 obs=pool pool5 (5 models)
         laya iter 2 -> best_ONLY_DWT_catboost conf=0.5254 rank=1
         laya iter 3 -> best_ONLY_DWT_catboost conf=0.7524 rank=1
         laya iter 4 -> best_ONLY_DWT_catboost conf=0.7524 rank=1
         laya iter 5 -> best_ONLY_DWT_catboost conf=0.7524 rank=1
[ 135] best_single    score= 0.5996 origin=agent    iters=6 stop=no new information in 3 consecutive turns
         TEST  smape=0.4156  rmse=12.2958  pocid=36.36  mape=0.6691
         laya iter 1 -> select_stable_k5 conf=0.4555 obs=pool pool5 (5 models)
         laya iter 2 -> best_ARIMA conf=0.2957 rank=1
         laya iter 3 -> best_rf conf=0.427 rank=1
         laya iter 4 -> best_rf conf=0.427 rank=1
         laya iter 5 -> best_rf conf=0.427 rank=1
         laya iter 6 -> best_rf conf=0.427 rank=1
[ 136] best_single    score= 0.6485 origin=agent    iters=5 stop=no new information in 3 consecutive turns
         TEST  smape=0.0756  rmse=2465.2706  pocid=54.55  mape=0.0718
         laya iter 1 -> select_stable_k5 conf=0.3965 obs=pool pool5 (5 models)
         laya iter 2 -> best_FT_catboost conf=0.6181 rank=1
         laya iter 3 -> best_FT_catboost conf=0.8418 rank=1
         laya iter 4 -> best_FT_catboost conf=0.8418 rank=1
         laya iter 5 -> best_FT_catboost conf=0.8418 rank=1
[ 137] FAILED: ValueError: Attempt(attempt_id='a1', spec={'combine': 'mean', 'pool': 'pool_full'}, origin='baseline', aggregate={'MAPE': 0.12285910566149998, 'SMAPE': 0.11627114107646593, 'RMSE': 10883.561599715584, 'POCID': 63.63636363636363, 'MSMAPE': 0.11627106305773342, 'MAE': 8730.78222653167}, per_window=[{'MAPE': 0.20699715400943872, 'SMAPE': 0.18255323744679797, 'RMSE': 15551.840318770925, 'POCID': 72.72727272727273, 'MSMAPE': 0.18255311947726285, 'MAE': 14161.13059467781}, {'MAPE': 0.09050697692970884, 'SMAPE': 0.09178545562084263, 'RMSE': 7622.300074559175, 'POCID': 54.54545454545455, 'MSMAPE': 0.09178538739536007, 'MAE': 6212.8947288222}, {'MAPE': 0.07107318604535241, 'SMAPE': 0.07447473016175724, 'RMSE': 7442.885432225667, 'POCID': 63.63636363636363, 'MSMAPE': 0.07447468230057731, 'MAE': 5818.321356094998}], score=0.6727272727272727, rationale='deterministic baseline: plain mean of the full pool', iteration=0, n_models=19, per_window_scores=[0.6545454545454545, 0.6909090909090909, 0.6727272727272727], residuals=[-1716.4193998826377, 11247.421472812654, 11216.43302385947, 12047.529960649481, 9245.659437236827, 14470.820861317901, 14040.999327628408, 14830.610523048948, 14441.660768675269, 17864.56425396893, 18449.701303329493, 30361.746803723705, 2411.050854623696, 12113.302025577359, 6676.335718315786, -5227.370338525805, -1386.8750024631663, -192.49797238895553, 1.7921273636820843, -6095.104807006326, -8367.004664174208, -13046.123272669487, -11990.632336256327, -7046.647626501595, -5355.40310870159, 4809.691603876316, 1319.5459765894775, -4439.060937253671, 1446.8142513957864, -2197.997966020528, 996.8398933747376, 2667.4004377620877, -8963.613347817882, -8526.035494827913, -14330.93839934525, -14766.514856174734], agent_converged=True, agent_rationale='laya selected mean_pool_full') is not in list
[ 138] best_single    score= 0.6088 origin=agent    iters=4 stop=no new information in 3 consecutive turns
         TEST  smape=0.4064  rmse=913.3203  pocid=72.73  mape=0.3337
         laya iter 1 -> best_CWT_rf conf=0.7962 rank=1
         laya iter 2 -> best_CWT_rf conf=0.8116 rank=1
         laya iter 3 -> best_CWT_rf conf=0.8116 rank=1
         laya iter 4 -> best_CWT_rf conf=0.8116 rank=1
[ 139] best_single    score= 0.5800 origin=agent    iters=4 stop=no new information in 3 consecutive turns
         TEST  smape=0.0355  rmse=100.5868  pocid=81.82  mape=0.0352
         laya iter 1 -> best_ONLY_DWT_rf conf=0.7764 rank=1
         laya iter 2 -> best_ONLY_DWT_rf conf=0.876 rank=1
         laya iter 3 -> best_ONLY_DWT_rf conf=0.876 rank=1
         laya iter 4 -> best_ONLY_DWT_rf conf=0.876 rank=1
[ 140] best_single    score= 0.4850 origin=agent    iters=4 stop=no new information in 3 consecutive turns
         TEST  smape=0.0449  rmse=3569.8511  pocid=72.73  mape=0.0454
         laya iter 1 -> best_CWT_rf conf=0.2533 rank=1
         laya iter 2 -> best_CWT_rf conf=0.4375 rank=1
         laya iter 3 -> best_CWT_rf conf=0.4375 rank=1
         laya iter 4 -> best_CWT_rf conf=0.4375 rank=1
[ 141] best_single    score= 0.5237 origin=agent    iters=5 stop=no new information in 3 consecutive turns
         TEST  smape=0.2955  rmse=14.4864  pocid=72.73  mape=0.2509
         laya iter 1 -> select_stable_k5 conf=0.3696 obs=pool pool5 (5 models)
         laya iter 2 -> best_ONLY_FT_rf conf=0.6465 rank=1
         laya iter 3 -> best_ONLY_FT_rf conf=0.9378 rank=1
         laya iter 4 -> best_ONLY_FT_rf conf=0.9378 rank=1
         laya iter 5 -> best_ONLY_FT_rf conf=0.9378 rank=1
[ 142] FAILED: ValueError: Attempt(attempt_id='a1', spec={'combine': 'mean', 'pool': 'pool_full'}, origin='baseline', aggregate={'MAPE': 0.04105762686183413, 'SMAPE': 0.040920858541660395, 'RMSE': 2368.503108883185, 'POCID': 81.81818181818181, 'MSMAPE': 0.04092081437287838, 'MAE': 1905.59333616386}, per_window=[{'MAPE': 0.02937130245774579, 'SMAPE': 0.029058959495693305, 'RMSE': 1714.4585647537237, 'POCID': 90.9090909090909, 'MSMAPE': 0.029058928645291346, 'MAE': 1373.4194435981153}, {'MAPE': 0.03889381922119959, 'SMAPE': 0.03802430616311311, 'RMSE': 2122.2849726926434, 'POCID': 72.72727272727273, 'MSMAPE': 0.03802426390970071, 'MAE': 1718.90968986}, {'MAPE': 0.054907758906556976, 'SMAPE': 0.05567930996617479, 'RMSE': 3063.651294581928, 'POCID': 81.81818181818181, 'MSMAPE': 0.05567925056364307, 'MAE': 2624.450875033464}], score=0.6363636363636365, rationale='deterministic baseline: plain mean of the full pool', iteration=0, n_models=19, per_window_scores=[0.6181818181818182, 0.6545454545454545, 0.6363636363636365], residuals=[283.6407254000078, 1296.543278236306, 1652.77692517369, -617.547974386318, 403.8934437310454, 1025.8194924752606, -193.3701959594764, -3203.857417766856, -860.0328403421081, 1162.59818602421, 2691.2584577410526, 3089.694385941053, 694.0870980736872, 3147.4882624152597, 3323.659049031048, 1015.2763770210586, 3963.003284875791, -722.4947309768468, 323.89549368052394, 2490.388584871049, -2695.8459565773665, -992.9572043994704, 582.8415036689548, -674.978732728945, 871.8798812963214, 2878.093488010527, 3044.17325196421, 879.9328160494842, 2614.0908154331555, -4022.7943013568292, -5573.813339297376, -3933.0115576757817, -4285.428177597372, -40.20924958840624, -1583.8451277115746, -1766.1384944205274], agent_converged=True, agent_rationale='laya selected mean_pool_full') is not in list
[ 143] best_single    score= 0.6864 origin=agent    iters=5 stop=no new information in 3 consecutive turns
         TEST  smape=0.6440  rmse=5123.2788  pocid=54.55  mape=0.4798
         laya iter 1 -> select_stable_k5 conf=0.2692 obs=pool pool5 (5 models)
         laya iter 2 -> best_ONLY_DWT_catboost conf=0.4731 rank=1
         laya iter 3 -> best_ONLY_DWT_catboost conf=0.6834 rank=1
         laya iter 4 -> best_ONLY_DWT_catboost conf=0.6834 rank=1
         laya iter 5 -> best_ONLY_DWT_catboost conf=0.6834 rank=1
[ 144] best_single    score= 0.4818 origin=agent    iters=5 stop=no new information in 3 consecutive turns
         TEST  smape=0.0578  rmse=6989.6960  pocid=81.82  mape=0.0556
         laya iter 1 -> select_stable_k5 conf=0.2755 obs=pool pool5 (5 models)
         laya iter 2 -> best_DWT_rf conf=0.3609 rank=1
         laya iter 3 -> best_DWT_rf conf=0.6025 rank=1
         laya iter 4 -> best_DWT_rf conf=0.6025 rank=1
         laya iter 5 -> best_DWT_rf conf=0.6025 rank=1
[ 145] best_single    score= 0.6117 origin=agent    iters=4 stop=no new information in 3 consecutive turns
         TEST  smape=0.1671  rmse=38.9373  pocid=45.45  mape=0.1932
         laya iter 1 -> best_ONLY_FT_rf conf=0.3651 rank=1
         laya iter 2 -> best_ONLY_FT_rf conf=0.9738 rank=1
         laya iter 3 -> best_ONLY_FT_rf conf=0.9738 rank=1
         laya iter 4 -> best_ONLY_FT_rf conf=0.9738 rank=1
[ 146] best_single    score= 0.6045 origin=agent    iters=5 stop=no new information in 3 consecutive turns
         TEST  smape=0.0628  rmse=12086.8232  pocid=72.73  mape=0.0620
         laya iter 1 -> best_ETS conf=0.3283 rank=1
         laya iter 2 -> best_ONLY_DWT_rf conf=0.6028 rank=2
         laya iter 3 -> best_ONLY_DWT_rf conf=0.6028 rank=2
         laya iter 4 -> best_ONLY_DWT_rf conf=0.6028 rank=2
         laya iter 5 -> best_ONLY_DWT_rf conf=0.6028 rank=2
[ 147] best_single    score= 0.5824 origin=agent    iters=4 stop=no new information in 3 consecutive turns
         TEST  smape=0.0718  rmse=2621.2998  pocid=90.91  mape=0.0730
         laya iter 1 -> best_FT_rf conf=0.7171 rank=1
         laya iter 2 -> best_FT_rf conf=0.9456 rank=1
         laya iter 3 -> best_FT_rf conf=0.9456 rank=1
         laya iter 4 -> best_FT_rf conf=0.9456 rank=1
[ 148] best_single    score= 0.5407 origin=agent    iters=4 stop=no new information in 3 consecutive turns
         TEST  smape=0.0485  rmse=194.0153  pocid=100.00  mape=0.0470
         laya iter 1 -> best_ETS conf=0.3977 rank=1
         laya iter 2 -> best_ETS conf=0.536 rank=1
         laya iter 3 -> best_ETS conf=0.536 rank=1
         laya iter 4 -> best_ETS conf=0.536 rank=1
[ 149] best_single    score= 0.6561 origin=agent    iters=5 stop=no new information in 3 consecutive turns
         TEST  smape=0.6512  rmse=16546.7240  pocid=45.45  mape=0.4816
         laya iter 1 -> select_stable_k5 conf=0.2934 obs=pool pool5 (5 models)
         laya iter 2 -> best_ONLY_CWT_catboost conf=0.3273 rank=1
         laya iter 3 -> best_ONLY_CWT_catboost conf=0.4297 rank=1
         laya iter 4 -> best_ONLY_CWT_catboost conf=0.4297 rank=1
         laya iter 5 -> best_ONLY_CWT_catboost conf=0.4297 rank=1
[ 150] best_single    score= 0.5589 origin=agent    iters=5 stop=no new information in 3 consecutive turns
         TEST  smape=0.0377  rmse=966.1326  pocid=63.64  mape=0.0369
         laya iter 1 -> select_stable_k5 conf=0.377 obs=pool pool5 (5 models)
         laya iter 2 -> best_ARIMA conf=0.4772 rank=1
         laya iter 3 -> best_ARIMA conf=0.8626 rank=1
         laya iter 4 -> best_ARIMA conf=0.8626 rank=1
         laya iter 5 -> best_ARIMA conf=0.8626 rank=1
[ 151] best_single    score= 0.6429 origin=agent    iters=4 stop=no new information in 3 consecutive turns
         TEST  smape=0.0355  rmse=2222.6030  pocid=63.64  mape=0.0350
         laya iter 1 -> best_DWT_rf conf=0.2797 rank=1
         laya iter 2 -> best_DWT_rf conf=0.3521 rank=1
         laya iter 3 -> best_DWT_rf conf=0.3521 rank=1
         laya iter 4 -> best_DWT_rf conf=0.3521 rank=1
[ 152] best_single    score= 0.5442 origin=agent    iters=5 stop=no new information in 3 consecutive turns
         TEST  smape=0.0453  rmse=800.1632  pocid=81.82  mape=0.0443
         laya iter 1 -> select_stable_k5 conf=0.4207 obs=pool pool5 (5 models)
         laya iter 2 -> best_ETS conf=0.6982 rank=1
         laya iter 3 -> best_ETS conf=0.8303 rank=1
         laya iter 4 -> best_ETS conf=0.8303 rank=1
         laya iter 5 -> best_ETS conf=0.8303 rank=1
[ 153] best_single    score= 0.5568 origin=agent    iters=4 stop=no new information in 3 consecutive turns
         TEST  smape=0.0353  rmse=30707.9330  pocid=72.73  mape=0.0346
         laya iter 1 -> best_ONLY_CWT_rf conf=0.903 rank=1
         laya iter 2 -> best_ONLY_CWT_rf conf=0.9993 rank=1
         laya iter 3 -> best_ONLY_CWT_rf conf=0.9993 rank=1
         laya iter 4 -> best_ONLY_CWT_rf conf=0.9993 rank=1
[ 154] best_single    score= 0.6231 origin=agent    iters=4 stop=no new information in 3 consecutive turns
         TEST  smape=0.2004  rmse=5787.6167  pocid=54.55  mape=0.1809
         laya iter 1 -> best_FT_rf conf=0.323 rank=1
         laya iter 2 -> best_FT_rf conf=0.3714 rank=1
         laya iter 3 -> best_FT_rf conf=0.3714 rank=1
         laya iter 4 -> best_FT_rf conf=0.3714 rank=1
[ 155] best_single    score= 0.6848 origin=agent    iters=4 stop=no new information in 3 consecutive turns
         TEST  smape=0.1095  rmse=18.6042  pocid=45.45  mape=0.1109
         laya iter 1 -> best_ONLY_DWT_rf conf=0.4758 rank=1
         laya iter 2 -> best_ONLY_DWT_rf conf=0.9735 rank=1
         laya iter 3 -> best_ONLY_DWT_rf conf=0.9735 rank=1
         laya iter 4 -> best_ONLY_DWT_rf conf=0.9735 rank=1
[ 156] best_single    score= 0.6539 origin=agent    iters=5 stop=no new information in 3 consecutive turns
         TEST  smape=0.1422  rmse=16.9211  pocid=45.45  mape=0.1346
         laya iter 1 -> select_stable_k5 conf=0.354 obs=pool pool5 (5 models)
         laya iter 2 -> best_FT_rf conf=0.8981 rank=1
         laya iter 3 -> best_FT_rf conf=0.9544 rank=1
         laya iter 4 -> best_FT_rf conf=0.9544 rank=1
         laya iter 5 -> best_FT_rf conf=0.9544 rank=1
[ 157] best_single    score= 0.4772 origin=agent    iters=4 stop=no new information in 3 consecutive turns
         TEST  smape=0.3425  rmse=1205.8907  pocid=63.64  mape=0.2809
         laya iter 1 -> best_FT_catboost conf=0.2872 rank=1
         laya iter 2 -> best_FT_catboost conf=0.6524 rank=1
         laya iter 3 -> best_FT_catboost conf=0.6524 rank=1
         laya iter 4 -> best_FT_catboost conf=0.6524 rank=1
[ 158] best_single    score= 0.4504 origin=agent    iters=5 stop=no new information in 3 consecutive turns
         TEST  smape=0.0523  rmse=950.6318  pocid=63.64  mape=0.0506
         laya iter 1 -> select_stable_k5 conf=0.3826 obs=pool pool5 (5 models)
         laya iter 2 -> best_ARIMA conf=0.4022 rank=1
         laya iter 3 -> best_ARIMA conf=0.6435 rank=1
         laya iter 4 -> best_ARIMA conf=0.6435 rank=1
         laya iter 5 -> best_ARIMA conf=0.6435 rank=1
[ 159] best_single    score= 0.5278 origin=agent    iters=5 stop=no new information in 3 consecutive turns
         TEST  smape=0.0461  rmse=15882.9365  pocid=90.91  mape=0.0455
         laya iter 1 -> best_ETS conf=0.4499 rank=1
         laya iter 2 -> prune_redundant_full conf=0.4319 obs=pool pool5 (0 models)
         laya iter 3 -> best_ETS conf=0.5581 rank=1
         laya iter 4 -> best_ETS conf=0.5581 rank=1
         laya iter 5 -> best_ETS conf=0.5581 rank=1
[ 160] best_single    score= 0.6328 origin=agent    iters=5 stop=no new information in 3 consecutive turns
         TEST  smape=0.1443  rmse=976.7869  pocid=54.55  mape=0.1336
         laya iter 1 -> best_CWT_rf conf=0.3154 rank=1
         laya iter 2 -> best_ETS conf=0.6272 rank=2
         laya iter 3 -> best_ETS conf=0.6272 rank=2
         laya iter 4 -> best_ETS conf=0.6272 rank=2
         laya iter 5 -> best_ETS conf=0.6272 rank=2
[ 161] best_single    score= 0.5137 origin=agent    iters=5 stop=no new information in 3 consecutive turns
         TEST  smape=0.0800  rmse=33296.4120  pocid=63.64  mape=0.0773
         laya iter 1 -> select_stable_k5 conf=0.325 obs=pool pool5 (5 models)
         laya iter 2 -> best_THETA conf=0.3985 rank=1
         laya iter 3 -> best_THETA conf=0.8003 rank=1
         laya iter 4 -> best_THETA conf=0.8003 rank=1
         laya iter 5 -> best_THETA conf=0.8003 rank=1
[ 162] best_single    score= 0.6499 origin=agent    iters=5 stop=no new information in 3 consecutive turns
         TEST  smape=0.0625  rmse=5775.0949  pocid=63.64  mape=0.0642
         laya iter 1 -> select_stable_k5 conf=0.3399 obs=pool pool5 (5 models)
         laya iter 2 -> best_DWT_catboost conf=0.3226 rank=1
         laya iter 3 -> best_DWT_catboost conf=0.283 rank=1
         laya iter 4 -> best_DWT_catboost conf=0.283 rank=1
         laya iter 5 -> best_DWT_catboost conf=0.283 rank=1
[ 163] best_single    score= 0.5088 origin=agent    iters=5 stop=no new information in 3 consecutive turns
         TEST  smape=0.0331  rmse=4553.9329  pocid=72.73  mape=0.0328
         laya iter 1 -> select_stable_k5 conf=0.2952 obs=pool pool5 (5 models)
         laya iter 2 -> best_THETA conf=0.4867 rank=1
         laya iter 3 -> best_THETA conf=0.5967 rank=1
         laya iter 4 -> best_THETA conf=0.5967 rank=1
         laya iter 5 -> best_THETA conf=0.5967 rank=1
[ 164] best_single    score= 0.5301 origin=agent    iters=4 stop=no new information in 3 consecutive turns
         TEST  smape=0.0439  rmse=2457.2756  pocid=72.73  mape=0.0426
         laya iter 1 -> best_ETS conf=0.4433 rank=1
         laya iter 2 -> best_ETS conf=0.4299 rank=1
         laya iter 3 -> best_ETS conf=0.4299 rank=1
         laya iter 4 -> best_ETS conf=0.4299 rank=1
[ 165] best_single    score= 0.5788 origin=agent    iters=4 stop=no new information in 3 consecutive turns
         TEST  smape=0.0445  rmse=32571.2481  pocid=63.64  mape=0.0442
         laya iter 1 -> best_ONLY_DWT_rf conf=0.2845 rank=1
         laya iter 2 -> best_ONLY_DWT_rf conf=0.6425 rank=1
         laya iter 3 -> best_ONLY_DWT_rf conf=0.6425 rank=1
         laya iter 4 -> best_ONLY_DWT_rf conf=0.6425 rank=1
[ 166] best_single    score= 0.5233 origin=agent    iters=5 stop=no new information in 3 consecutive turns
         TEST  smape=0.0398  rmse=825.5388  pocid=63.64  mape=0.0390
         laya iter 1 -> select_stable_k5 conf=0.3665 obs=pool pool5 (5 models)
         laya iter 2 -> best_ARIMA conf=0.2476 rank=1
         laya iter 3 -> best_ARIMA conf=0.3587 rank=1
         laya iter 4 -> best_ARIMA conf=0.3587 rank=1
         laya iter 5 -> best_ARIMA conf=0.3587 rank=1
[ 167] best_single    score= 0.6750 origin=agent    iters=4 stop=no new information in 3 consecutive turns
         TEST  smape=0.3946  rmse=45.4586  pocid=27.27  mape=0.4640
         laya iter 1 -> best_ONLY_DWT_rf conf=0.5275 rank=1
         laya iter 2 -> best_ONLY_DWT_rf conf=0.6611 rank=1
         laya iter 3 -> best_ONLY_DWT_rf conf=0.6611 rank=1
         laya iter 4 -> best_ONLY_DWT_rf conf=0.6611 rank=1
[ 168] best_single    score= 0.5426 origin=agent    iters=5 stop=no new information in 3 consecutive turns
         TEST  smape=0.0408  rmse=11242.6585  pocid=45.45  mape=0.0406
         laya iter 1 -> best_FT_rf conf=0.3807 rank=1
         laya iter 2 -> best_ONLY_DWT_catboost conf=0.6273 rank=2
         laya iter 3 -> best_ONLY_DWT_catboost conf=0.6273 rank=2
         laya iter 4 -> best_ONLY_DWT_catboost conf=0.6273 rank=2
         laya iter 5 -> best_ONLY_DWT_catboost conf=0.6273 rank=2
[ 169] FAILED: ValueError: Attempt(attempt_id='a1', spec={'combine': 'mean', 'pool': 'pool_full'}, origin='baseline', aggregate={'MAPE': 0.20260095931615313, 'SMAPE': 0.24247686261845253, 'RMSE': 6365.847992708565, 'POCID': 78.7878787878788, 'MSMAPE': 0.24247625592606228, 'MAE': 5128.966673081856}, per_window=[{'MAPE': 0.35249333800475396, 'SMAPE': 0.44882509147998767, 'RMSE': 9118.19631174479, 'POCID': 72.72727272727273, 'MSMAPE': 0.4488237966456547, 'MAE': 7936.981651647719}, {'MAPE': 0.17965210652809163, 'SMAPE': 0.19803243082657726, 'RMSE': 5383.68945824253, 'POCID': 81.81818181818181, 'MSMAPE': 0.1980320421836578, 'MAE': 5070.464751513596}, {'MAPE': 0.07565743341561378, 'SMAPE': 0.0805730655487925, 'RMSE': 3073.507090687604, 'POCID': 81.81818181818181, 'MSMAPE': 0.08057292894887437, 'MAE': 2379.4536160842554}], score=0.6424242424242425, rationale='deterministic baseline: plain mean of the full pool', iteration=0, n_models=19, per_window_scores=[0.6545454545454545, 0.6363636363636365, 0.6363636363636365], residuals=[-5492.39458190947, -7633.951401105263, -3822.442355262632, -1388.1717021147379, -665.3117342999976, -5381.16466037421, -7411.761593285264, -11473.869109610527, -12146.900979475262, -13805.429680109472, -12928.671002852107, -13093.711019373684, -5399.98982110474, -6102.59535780684, 2051.7861615473666, -5285.382135331576, -3187.5502228310506, -3736.16847693158, -3537.1370382415735, -9131.307127332631, -6936.924228699991, -5747.312315829473, -5484.305512623152, -4245.118619883164, -603.7153470068406, -3291.9774510989446, -232.5577438310538, -3318.0353322789488, -1087.3640774547384, -5647.824046859994, -5926.392564712114, -3650.034586317375, -2840.020043299999, -531.2283764815766, -392.0387950621043, -1032.2550286073747], agent_converged=True, agent_rationale='laya selected mean_pool_full') is not in list
[ 170] FAILED: ValueError: Attempt(attempt_id='a1', spec={'combine': 'mean', 'pool': 'pool_full'}, origin='baseline', aggregate={'MAPE': 0.03721221170371114, 'SMAPE': 0.03656911206211758, 'RMSE': 2024.174697385166, 'POCID': 96.96969696969695, 'MSMAPE': 0.03656907176989242, 'MAE': 1664.0635398918712}, per_window=[{'MAPE': 0.0418657465185693, 'SMAPE': 0.040586947480235815, 'RMSE': 2325.5601456999334, 'POCID': 90.9090909090909, 'MSMAPE': 0.04058690363484183, 'MAE': 1881.2681166330688}, {'MAPE': 0.035897741571836186, 'SMAPE': 0.035101983893235385, 'RMSE': 1917.4792284470745, 'POCID': 100.0, 'MSMAPE': 0.03510194448067062, 'MAE': 1566.2412777818888}, {'MAPE': 0.033873147020727946, 'SMAPE': 0.03401840481288159, 'RMSE': 1790.7800070944224, 'POCID': 100.0, 'MSMAPE': 0.03401836719416481, 'MAE': 1544.681225260656}], score=0.6060606060606062, rationale='deterministic baseline: plain mean of the full pool', iteration=0, n_models=19, per_window_scores=[0.6181818181818182, 0.6000000000000001, 0.6000000000000001], residuals=[-840.4336080278954, -416.35676737421454, 1315.4082798205272, -522.4870100968401, 2245.601708106835, 2218.689958456838, 319.95779347209464, 926.5111226347435, 2095.0140502789363, 3185.3150135205287, 4754.156795059476, 3735.285292747896, 1544.6550840152631, 3089.2081143810574, 2830.1628855873714, -431.64925350472913, 3460.8042078352737, 1325.040305595794, 378.3801228431548, 196.46572929737158, -2206.6555963847422, -318.49554469421855, 972.9529851110565, 2040.4255041326323, -2761.16361890579, 1161.0312136378852, 2458.9019870021, -698.6606054078948, 2322.3148032868485, -977.583944914215, -2790.630178321582, -2020.0956405615725, -2047.4752361784194, -389.8354555336773, -419.91278477683227, -488.56923460105463], agent_converged=True, agent_rationale='laya selected mean_pool_full') is not in list
[ 171] best_single    score= 0.6414 origin=agent    iters=5 stop=no new information in 3 consecutive turns
         TEST  smape=0.0807  rmse=3685.3650  pocid=81.82  mape=0.0771
         laya iter 1 -> select_stable_k5 conf=0.2443 obs=pool pool5 (5 models)
         laya iter 2 -> best_ONLY_CWT_rf conf=0.4195 rank=1
         laya iter 3 -> best_ONLY_CWT_rf conf=0.4297 rank=1
         laya iter 4 -> best_ONLY_CWT_rf conf=0.4297 rank=1
         laya iter 5 -> best_ONLY_CWT_rf conf=0.4297 rank=1
[ 172] best_single    score= 0.4381 origin=agent    iters=4 stop=no new information in 3 consecutive turns
         TEST  smape=0.1503  rmse=306.7160  pocid=54.55  mape=0.1380
         laya iter 1 -> best_ETS conf=0.4356 rank=1
         laya iter 2 -> best_ETS conf=0.5455 rank=1
         laya iter 3 -> best_ETS conf=0.5455 rank=1
         laya iter 4 -> best_ETS conf=0.5455 rank=1
[ 173] best_single    score= 0.5895 origin=agent    iters=4 stop=no new information in 3 consecutive turns
         TEST  smape=0.2272  rmse=277.8467  pocid=63.64  mape=0.2067
         laya iter 1 -> best_THETA conf=0.3535 rank=1
         laya iter 2 -> best_THETA conf=0.6798 rank=1
         laya iter 3 -> best_THETA conf=0.6798 rank=1
         laya iter 4 -> best_THETA conf=0.6798 rank=1
[ 174] best_single    score= 0.5950 origin=agent    iters=6 stop=no new information in 3 consecutive turns
         TEST  smape=0.0590  rmse=1178.9465  pocid=54.55  mape=0.0564
         laya iter 1 -> select_stable_k5 conf=0.2449 obs=pool pool5 (5 models)
         laya iter 2 -> best_ONLY_DWT_catboost conf=0.5479 rank=1
         laya iter 3 -> best_DWT_catboost conf=0.7004 rank=1
         laya iter 4 -> best_DWT_catboost conf=0.7004 rank=1
         laya iter 5 -> best_DWT_catboost conf=0.7004 rank=1
         laya iter 6 -> best_DWT_catboost conf=0.7004 rank=1
[ 175] best_single    score= 0.5498 origin=agent    iters=5 stop=no new information in 3 consecutive turns
         TEST  smape=0.0314  rmse=563.7019  pocid=81.82  mape=0.0315
         laya iter 1 -> select_stable_k5 conf=0.3804 obs=pool pool5 (5 models)
         laya iter 2 -> best_THETA conf=0.432 rank=1
         laya iter 3 -> best_THETA conf=0.6094 rank=1
         laya iter 4 -> best_THETA conf=0.6094 rank=1
         laya iter 5 -> best_THETA conf=0.6094 rank=1
[ 176] FAILED: ValueError: Attempt(attempt_id='a1', spec={'combine': 'mean', 'pool': 'pool_full'}, origin='baseline', aggregate={'MAPE': 0.21674316828472107, 'SMAPE': 0.1908895312164432, 'RMSE': 10229.013195154705, 'POCID': 48.48484848484848, 'MSMAPE': 0.19088929657826914, 'MAE': 7857.016531329678}, per_window=[{'MAPE': 0.32840080851973547, 'SMAPE': 0.2634647282073155, 'RMSE': 13893.861242958512, 'POCID': 45.45454545454545, 'MSMAPE': 0.2634644280883458, 'MAE': 11578.255582120748}, {'MAPE': 0.15597548362936164, 'SMAPE': 0.14534857898097334, 'RMSE': 7964.725399793051, 'POCID': 45.45454545454545, 'MSMAPE': 0.1453483862066101, 'MAE': 5580.324545091709}, {'MAPE': 0.1658532127050661, 'SMAPE': 0.16385528646104072, 'RMSE': 7577.724058531946, 'POCID': 54.54545454545455, 'MSMAPE': 0.16385507543985164, 'MAE': 6412.469466776581}], score=0.7030303030303031, rationale='deterministic baseline: plain mean of the full pool', iteration=0, n_models=19, per_window_scores=[0.7090909090909091, 0.7090909090909091, 0.6909090909090909], residuals=[-3035.920104443161, 126.1814839047438, 3444.5545755947533, 3824.3767814900057, 6325.5118601384165, 9821.432808926838, 15642.549742394207, 14908.91467131368, 18811.41178739631, 20928.704691840518, 20529.97255949527, 21539.535918511065, -171.9516374678933, 2144.161771496314, -119.48350784315699, -18072.629207637365, -5141.575109474208, -3115.865966391575, -3892.6989219947354, 7906.501107727901, 14061.98962587579, 10824.221240565257, 1004.5049622589504, 508.31148236736044, -432.88594383525924, 510.33257942842465, 6404.557491804204, 7943.889471908951, 7499.014566206846, 6928.41386633159, 6467.8883800889525, 5828.220050478951, -1209.4450846079053, -7424.462957949472, -14152.065308690522, -12148.457899987894], agent_converged=True, agent_rationale='laya selected mean_pool_full') is not in list
[ 177] best_single    score= 0.4672 origin=agent    iters=4 stop=no new information in 3 consecutive turns
         TEST  smape=0.3044  rmse=2358.3478  pocid=72.73  mape=0.2542
         laya iter 1 -> best_NaiveSeasonal conf=0.4358 rank=1
         laya iter 2 -> best_NaiveSeasonal conf=0.5133 rank=1
         laya iter 3 -> best_NaiveSeasonal conf=0.5133 rank=1
         laya iter 4 -> best_NaiveSeasonal conf=0.5133 rank=1
[ 178] best_single    score= 0.6074 origin=agent    iters=4 stop=no new information in 3 consecutive turns
         TEST  smape=0.2356  rmse=44.4890  pocid=54.55  mape=0.2268
         laya iter 1 -> best_ETS conf=0.335 rank=1
         laya iter 2 -> best_ETS conf=0.4855 rank=1
         laya iter 3 -> best_ETS conf=0.4855 rank=1
         laya iter 4 -> best_ETS conf=0.4855 rank=1
[ 179] best_single    score= 0.6216 origin=agent    iters=4 stop=no new information in 3 consecutive turns
         TEST  smape=0.1024  rmse=32.7210  pocid=72.73  mape=0.0949
         laya iter 1 -> best_rf conf=0.5782 rank=1
         laya iter 2 -> best_rf conf=0.5627 rank=1
         laya iter 3 -> best_rf conf=0.5627 rank=1
         laya iter 4 -> best_rf conf=0.5627 rank=1
[ 180] best_single    score= 0.5370 origin=agent    iters=5 stop=no new information in 3 consecutive turns
         TEST  smape=0.2082  rmse=27891.1445  pocid=54.55  mape=0.1875
         laya iter 1 -> select_stable_k5 conf=0.3596 obs=pool pool5 (5 models)
         laya iter 2 -> best_NaiveMovingAverage conf=0.3326 rank=1
         laya iter 3 -> best_NaiveMovingAverage conf=0.5658 rank=1
         laya iter 4 -> best_NaiveMovingAverage conf=0.5658 rank=1
         laya iter 5 -> best_NaiveMovingAverage conf=0.5658 rank=1
[ 181] best_single    score= 0.4997 origin=agent    iters=6 stop=no new information in 3 consecutive turns
         TEST  smape=0.0423  rmse=3650.7753  pocid=54.55  mape=0.0434
         laya iter 1 -> select_stable_k5 conf=0.3305 obs=pool pool5 (5 models)
         laya iter 2 -> best_ARIMA conf=0.3261 rank=1
         laya iter 3 -> best_THETA conf=0.3211 rank=2
         laya iter 4 -> best_THETA conf=0.3211 rank=2
         laya iter 5 -> best_THETA conf=0.3211 rank=2
         laya iter 6 -> best_THETA conf=0.3211 rank=2
--------------------------------------------------------------------------
done in 38.5s | ok: 173 | failed: 9
DATASET SUMMARY over 173 series (mean across series):
  this run   smape=0.2222  rmse=6714.9637  pocid=61.95  mape=1573923578462285.7500  mae=5869.9593
  baseline   (n/a - no-seeds arm: o agente partiu de histórico vazio)
  mean       smape=0.2204  rmse=6460.7836  pocid=61.90  mape=2177569252132170.0000
  median     smape=0.2190  rmse=6537.6442  pocid=61.95  mape=1943548280738597.2500
  dba        smape=0.2252  rmse=6550.6253  pocid=60.54  mape=2483518523976191.5000
  ADE        smape=0.2176  rmse=6287.4142  pocid=62.27  mape=2190823492002836.7500
  FFORMA     smape=0.2165  rmse=6180.8845  pocid=65.11  mape=2127448524667664.0000
csv: ./timeseries/mestrado/resultados/orchestrator_laya_laya_v0_noseeds/ANP_MONTHLY.csv
===== NN5_WEEKLY_DATASET (english, NO-SEEDS) -> version laya_v0_noseeds =====
dataset      : NN5_WEEKLY_DATASET
source       : nn5_weekly_dataset.tsf
models       : 19
agent        : laya-english (max_len=None)
writing to   : ./timeseries/mestrado/resultados/orchestrator_laya_laya_v0_noseeds
--------------------------------------------------------------------------
/home/lucas.castro/.conda/envs/agno/lib/python3.11/site-packages/tslearn/bases/bases.py:15: UserWarning: h5py not installed, hdf5 features will not be supported.
Install h5py to use hdf5 features: http://docs.h5py.org/
  warn(h5py_msg)
Fetching 5 files:   0%|          | 0/5 [00:00<?, ?it/s]Fetching 5 files: 100%|██████████| 5/5 [00:00<00:00, 2583.34it/s]
/home/lucas.castro/.conda/envs/agno/lib/python3.11/site-packages/laya/agent.py:928: RuntimeWarning: laya: this checkpoint ships invalid temperatures or values outside [0.5, 5]; using choice:11+=0.10058280825614929 -> 0.5. Treat confidence from the affected entries as uncalibrated.
  return Agent(model_id_or_path, device=device, token=token, subfolder=subfolder, fast=fast,
[   0] best_single    score= 0.6156 origin=agent    iters=5 stop=no new information in 3 consecutive turns
         TEST  smape=0.0409  rmse=14.5924  pocid=42.86  mape=0.0399
         laya iter 1 -> select_stable_k5 conf=0.3355 obs=pool pool5 (5 models)
         laya iter 2 -> best_ONLY_FT_rf conf=0.9717 rank=1
         laya iter 3 -> best_ONLY_FT_rf conf=0.9931 rank=1
         laya iter 4 -> best_ONLY_FT_rf conf=0.9931 rank=1
         laya iter 5 -> best_ONLY_FT_rf conf=0.9931 rank=1
[   1] best_single    score= 0.5967 origin=agent    iters=4 stop=no new information in 3 consecutive turns
         TEST  smape=0.1255  rmse=18.4727  pocid=0.00  mape=0.1170
         laya iter 1 -> best_ETS conf=0.3677 rank=1
         laya iter 2 -> best_ETS conf=0.434 rank=1
         laya iter 3 -> best_ETS conf=0.434 rank=1
         laya iter 4 -> best_ETS conf=0.434 rank=1
[   2] best_single    score= 0.6189 origin=agent    iters=5 stop=no new information in 3 consecutive turns
         TEST  smape=0.0743  rmse=16.8253  pocid=42.86  mape=0.0751
         laya iter 1 -> select_stable_k5 conf=0.3085 obs=pool pool5 (5 models)
         laya iter 2 -> best_CWT_rf conf=0.8469 rank=1
         laya iter 3 -> best_CWT_rf conf=0.9148 rank=1
         laya iter 4 -> best_CWT_rf conf=0.9148 rank=1
         laya iter 5 -> best_CWT_rf conf=0.9148 rank=1
[   3] best_single    score= 0.8254 origin=agent    iters=5 stop=no new information in 3 consecutive turns
         TEST  smape=0.1008  rmse=17.8471  pocid=0.00  mape=0.0962
         laya iter 1 -> select_stable_k5 conf=0.3438 obs=pool pool5 (5 models)
         laya iter 2 -> best_ETS conf=0.5414 rank=1
         laya iter 3 -> best_ETS conf=0.6316 rank=1
         laya iter 4 -> best_ETS conf=0.6316 rank=1
         laya iter 5 -> best_ETS conf=0.6316 rank=1
[   4] best_single    score= 0.6904 origin=agent    iters=4 stop=no new information in 3 consecutive turns
         TEST  smape=0.0956  rmse=20.3402  pocid=42.86  mape=0.0917
         laya iter 1 -> best_DWT_rf conf=0.4086 rank=1
         laya iter 2 -> best_DWT_rf conf=0.7854 rank=1
         laya iter 3 -> best_DWT_rf conf=0.7854 rank=1
         laya iter 4 -> best_DWT_rf conf=0.7854 rank=1
[   5] best_single    score= 0.5947 origin=agent    iters=5 stop=no new information in 3 consecutive turns
         TEST  smape=0.1176  rmse=21.4997  pocid=42.86  mape=0.1368
         laya iter 1 -> select_stable_k5 conf=0.1898 obs=pool pool5 (5 models)
         laya iter 2 -> best_DWT_catboost conf=0.3332 rank=1
         laya iter 3 -> best_DWT_catboost conf=0.3092 rank=1
         laya iter 4 -> best_DWT_catboost conf=0.3092 rank=1
         laya iter 5 -> best_DWT_catboost conf=0.3092 rank=1
[   6] best_single    score= 0.4257 origin=agent    iters=5 stop=no new information in 3 consecutive turns
         TEST  smape=0.2176  rmse=36.7387  pocid=28.57  mape=0.1874
         laya iter 1 -> select_stable_k5 conf=0.3565 obs=pool pool5 (5 models)
         laya iter 2 -> best_NaiveSeasonal conf=0.3911 rank=1
         laya iter 3 -> best_NaiveSeasonal conf=0.6062 rank=1
         laya iter 4 -> best_NaiveSeasonal conf=0.6062 rank=1
         laya iter 5 -> best_NaiveSeasonal conf=0.6062 rank=1
[   7] best_single    score= 0.6775 origin=agent    iters=5 stop=no new information in 3 consecutive turns
         TEST  smape=0.2455  rmse=38.2373  pocid=57.14  mape=0.2973
         laya iter 1 -> select_stable_k5 conf=0.3792 obs=pool pool5 (5 models)
         laya iter 2 -> best_NaiveMovingAverage conf=0.3115 rank=1
         laya iter 3 -> best_NaiveMovingAverage conf=0.5582 rank=1
         laya iter 4 -> best_NaiveMovingAverage conf=0.5582 rank=1
         laya iter 5 -> best_NaiveMovingAverage conf=0.5582 rank=1
[   8] best_single    score= 0.6115 origin=agent    iters=5 stop=no new information in 3 consecutive turns
         TEST  smape=0.1034  rmse=7.3099  pocid=0.00  mape=0.1082
         laya iter 1 -> select_stable_k5 conf=0.3983 obs=pool pool5 (5 models)
         laya iter 2 -> best_ETS conf=0.6918 rank=1
         laya iter 3 -> best_ETS conf=0.8196 rank=1
         laya iter 4 -> best_ETS conf=0.8196 rank=1
         laya iter 5 -> best_ETS conf=0.8196 rank=1
[   9] best_single    score= 0.7959 origin=agent    iters=5 stop=no new information in 3 consecutive turns
         TEST  smape=0.0776  rmse=14.6049  pocid=42.86  mape=0.0772
         laya iter 1 -> select_stable_k5 conf=0.294 obs=pool pool5 (5 models)
         laya iter 2 -> best_rf conf=0.5578 rank=1
         laya iter 3 -> best_rf conf=0.65 rank=1
         laya iter 4 -> best_rf conf=0.65 rank=1
         laya iter 5 -> best_rf conf=0.65 rank=1
[  10] best_single    score= 0.4309 origin=agent    iters=4 stop=no new information in 3 consecutive turns
         TEST  smape=0.1371  rmse=23.3183  pocid=57.14  mape=0.1310
         laya iter 1 -> best_ETS conf=0.7735 rank=1
         laya iter 2 -> best_ETS conf=0.9779 rank=1
         laya iter 3 -> best_ETS conf=0.9779 rank=1
         laya iter 4 -> best_ETS conf=0.9779 rank=1
[  11] best_single    score= 0.5764 origin=agent    iters=4 stop=no new information in 3 consecutive turns
         TEST  smape=0.2058  rmse=22.6721  pocid=14.29  mape=0.1901
         laya iter 1 -> best_ONLY_FT_catboost conf=0.3715 rank=1
         laya iter 2 -> best_ONLY_FT_catboost conf=0.6432 rank=1
         laya iter 3 -> best_ONLY_FT_catboost conf=0.6432 rank=1
         laya iter 4 -> best_ONLY_FT_catboost conf=0.6432 rank=1
[  12] best_single    score= 0.6094 origin=agent    iters=6 stop=no new information in 3 consecutive turns
         TEST  smape=0.0746  rmse=15.7667  pocid=42.86  mape=0.0776
         laya iter 1 -> select_stable_k5 conf=0.325 obs=pool pool5 (5 models)
         laya iter 2 -> best_ARIMA conf=0.3755 rank=1
         laya iter 3 -> best_THETA conf=0.442 rank=1
         laya iter 4 -> best_THETA conf=0.442 rank=1
         laya iter 5 -> best_THETA conf=0.442 rank=1
         laya iter 6 -> best_THETA conf=0.442 rank=1
[  13] best_single    score= 0.6017 origin=agent    iters=5 stop=no new information in 3 consecutive turns
         TEST  smape=0.1095  rmse=15.9123  pocid=42.86  mape=0.1048
         laya iter 1 -> select_stable_k5 conf=0.3283 obs=pool pool5 (5 models)
         laya iter 2 -> best_ARIMA conf=0.3792 rank=1
         laya iter 3 -> best_ARIMA conf=0.6749 rank=1
         laya iter 4 -> best_ARIMA conf=0.6749 rank=1
         laya iter 5 -> best_ARIMA conf=0.6749 rank=1
[  14] best_single    score= 0.6747 origin=agent    iters=5 stop=no new information in 3 consecutive turns
         TEST  smape=0.0600  rmse=9.2913  pocid=71.43  mape=0.0600
         laya iter 1 -> select_stable_k5 conf=0.2577 obs=pool pool5 (5 models)
         laya iter 2 -> best_ONLY_DWT_catboost conf=0.3171 rank=1
         laya iter 3 -> best_ONLY_DWT_catboost conf=0.2862 rank=1
         laya iter 4 -> best_ONLY_DWT_catboost conf=0.2862 rank=1
         laya iter 5 -> best_ONLY_DWT_catboost conf=0.2862 rank=1
[  15] best_single    score= 0.6799 origin=agent    iters=4 stop=no new information in 3 consecutive turns
         TEST  smape=0.0380  rmse=8.5366  pocid=42.86  mape=0.0370
         laya iter 1 -> best_ONLY_DWT_rf conf=0.3175 rank=1
         laya iter 2 -> best_ONLY_DWT_rf conf=0.9522 rank=1
         laya iter 3 -> best_ONLY_DWT_rf conf=0.9522 rank=1
         laya iter 4 -> best_ONLY_DWT_rf conf=0.9522 rank=1
[  16] FAILED: ValueError: Attempt(attempt_id='a1', spec={'combine': 'mean', 'pool': 'pool_full'}, origin='baseline', aggregate={'MAPE': 0.2253480670522995, 'SMAPE': 0.20874515307644273, 'RMSE': 43.73554538205408, 'POCID': 47.61904761904762, 'MSMAPE': 0.20868481921516588, 'MAE': 36.89979610389732}, per_window=[{'MAPE': 0.13692254454979402, 'SMAPE': 0.13032376646741123, 'RMSE': 26.693767331389935, 'POCID': 71.42857142857143, 'MSMAPE': 0.13028584315254213, 'MAE': 22.649487215078217}, {'MAPE': 0.32332826661697656, 'SMAPE': 0.30757620043862977, 'RMSE': 62.552804114039, 'POCID': 42.857142857142854, 'MSMAPE': 0.30749344420226166, 'MAE': 58.61494541575196}, {'MAPE': 0.21579338999012798, 'SMAPE': 0.18833549232328728, 'RMSE': 33.36140393816515, 'POCID': 28.571428571428573, 'MSMAPE': 0.1882751702906937, 'MAE': 29.43495568086178}], score=0.7047619047619048, rationale='deterministic baseline: plain mean of the full pool', iteration=0, n_models=19, per_window_scores=[0.6571428571428571, 0.7142857142857143, 0.7428571428571429], residuals=[15.375287955814741, 45.263701552817565, 22.467872818532925, -13.543498160757622, 0.9552232639884437, 26.026864186775327, -14.78282459394191, -42.7806251879972, -70.87181904837311, -94.32370394878103, -71.29806211934763, 23.28142116330335, 57.921510632542464, 34.04341193893302, 72.34161106251442, 44.83802341222071, 11.481000056129574, 57.37029481434968, 22.917013634104705, 46.92870652286814, 9.411024626982623, 21.095488012863342, 29.720443521159524, 36.55567425843665], agent_converged=True, agent_rationale='laya selected mean_pool_full') is not in list
[  17] best_single    score= 0.5436 origin=agent    iters=4 stop=no new information in 3 consecutive turns
         TEST  smape=0.1055  rmse=17.4380  pocid=85.71  mape=0.0994
         laya iter 1 -> best_ONLY_FT_rf conf=0.6193 rank=1
         laya iter 2 -> best_ONLY_FT_rf conf=0.9549 rank=1
         laya iter 3 -> best_ONLY_FT_rf conf=0.9549 rank=1
         laya iter 4 -> best_ONLY_FT_rf conf=0.9549 rank=1
[  18] FAILED: ValueError: Attempt(attempt_id='a1', spec={'combine': 'mean', 'pool': 'pool_full'}, origin='baseline', aggregate={'MAPE': 0.1373440969871039, 'SMAPE': 0.12655310704758124, 'RMSE': 31.240487707263465, 'POCID': 47.61904761904762, 'MSMAPE': 0.12651829330695652, 'MAE': 23.329940778269858}, per_window=[{'MAPE': 0.09399205682621425, 'SMAPE': 0.0920488462261988, 'RMSE': 19.56146570633928, 'POCID': 57.142857142857146, 'MSMAPE': 0.09202496298927806, 'MAE': 17.79909860419184}, {'MAPE': 0.18952461728343764, 'SMAPE': 0.17651862327316412, 'RMSE': 41.26100304079127, 'POCID': 42.857142857142854, 'MSMAPE': 0.1764717282542898, 'MAE': 33.66208325285541}, {'MAPE': 0.12851561685165983, 'SMAPE': 0.11109185164338077, 'RMSE': 29.030723450347647, 'POCID': 42.857142857142854, 'MSMAPE': 0.11105818867730169, 'MAE': 18.528640477762327}], score=0.7047619047619048, rationale='deterministic baseline: plain mean of the full pool', iteration=0, n_models=19, per_window_scores=[0.6857142857142857, 0.7142857142857143, 0.7142857142857143], residuals=[17.36334286632649, 30.6789082320702, 22.62430629551801, -23.123433943747813, -5.8485801579109875, 7.7857702289908275, -11.750387508519026, -23.21805960045137, -0.038663550593526, -12.338958188860431, -74.17953257064957, 14.562596542659719, 56.29641889581717, 41.982467244127236, 48.69961001835742, 21.198419011778213, -21.814352231062713, 73.68180222005219, -2.4688533340414267, 3.352056455400543, -21.342638592585587, 0.7787383918952173, -17.71765959475789, -7.073023002303046], agent_converged=True, agent_rationale='laya selected mean_pool_full') is not in list
[  19] best_single    score= 0.6635 origin=agent    iters=5 stop=no new information in 3 consecutive turns
         TEST  smape=0.0632  rmse=10.6157  pocid=57.14  mape=0.0610
         laya iter 1 -> best_ETS conf=0.4138 rank=1
         laya iter 2 -> best_ONLY_FT_catboost conf=0.5295 rank=2
         laya iter 3 -> best_ONLY_FT_catboost conf=0.5295 rank=2
         laya iter 4 -> best_ONLY_FT_catboost conf=0.5295 rank=2
         laya iter 5 -> best_ONLY_FT_catboost conf=0.5295 rank=2
[  20] best_single    score= 0.7536 origin=agent    iters=4 stop=no new information in 3 consecutive turns
         TEST  smape=0.1079  rmse=13.9804  pocid=0.00  mape=0.1067
         laya iter 1 -> best_ETS conf=0.4812 rank=1
         laya iter 2 -> best_ETS conf=0.5456 rank=1
         laya iter 3 -> best_ETS conf=0.5456 rank=1
         laya iter 4 -> best_ETS conf=0.5456 rank=1
[  21] best_single    score= 0.7144 origin=agent    iters=5 stop=no new information in 3 consecutive turns
         TEST  smape=0.1015  rmse=14.3443  pocid=0.00  mape=0.0957
         laya iter 1 -> select_stable_k5 conf=0.3983 obs=pool pool5 (5 models)
         laya iter 2 -> best_ETS conf=0.482 rank=1
         laya iter 3 -> best_ETS conf=0.4751 rank=1
         laya iter 4 -> best_ETS conf=0.4751 rank=1
         laya iter 5 -> best_ETS conf=0.4751 rank=1
[  22] best_single    score= 0.6314 origin=agent    iters=4 stop=no new information in 3 consecutive turns
         TEST  smape=0.1191  rmse=10.9163  pocid=42.86  mape=0.1147
         laya iter 1 -> best_ONLY_FT_catboost conf=0.371 rank=1
         laya iter 2 -> best_ONLY_FT_catboost conf=0.4262 rank=1
         laya iter 3 -> best_ONLY_FT_catboost conf=0.4262 rank=1
         laya iter 4 -> best_ONLY_FT_catboost conf=0.4262 rank=1
[  23] best_single    score= 0.6938 origin=agent    iters=5 stop=no new information in 3 consecutive turns
         TEST  smape=0.1731  rmse=41.7125  pocid=28.57  mape=0.2020
         laya iter 1 -> select_stable_k5 conf=0.3157 obs=pool pool5 (5 models)
         laya iter 2 -> best_rf conf=0.3719 rank=1
         laya iter 3 -> best_rf conf=0.5671 rank=1
         laya iter 4 -> best_rf conf=0.5671 rank=1
         laya iter 5 -> best_rf conf=0.5671 rank=1
[  24] best_single    score= 0.7001 origin=agent    iters=5 stop=no new information in 3 consecutive turns
         TEST  smape=0.0662  rmse=12.5749  pocid=57.14  mape=0.0705
         laya iter 1 -> select_stable_k5 conf=0.2841 obs=pool pool5 (5 models)
         laya iter 2 -> best_FT_catboost conf=0.3252 rank=1
         laya iter 3 -> best_FT_catboost conf=0.3014 rank=1
         laya iter 4 -> best_FT_catboost conf=0.3014 rank=1
         laya iter 5 -> best_FT_catboost conf=0.3014 rank=1
[  25] best_single    score= 0.6794 origin=agent    iters=5 stop=no new information in 3 consecutive turns
         TEST  smape=0.1071  rmse=17.5679  pocid=42.86  mape=0.1139
         laya iter 1 -> best_FT_catboost conf=0.2735 rank=1
         laya iter 2 -> mean_pool4 conf=0.2518 rank=2
         laya iter 3 -> mean_pool4 conf=0.2518 rank=2
         laya iter 4 -> mean_pool4 conf=0.2518 rank=2
         laya iter 5 -> mean_pool4 conf=0.2518 rank=2
[  26] best_single    score= 0.3762 origin=agent    iters=6 stop=no new information in 3 consecutive turns
         TEST  smape=0.3525  rmse=23.8714  pocid=0.00  mape=0.4513
         laya iter 1 -> select_stable_k5 conf=0.327 obs=pool pool5 (5 models)
         laya iter 2 -> best_NaiveMovingAverage conf=0.3138 rank=1
         laya iter 3 -> best_THETA conf=0.2729 rank=1
         laya iter 4 -> best_THETA conf=0.2729 rank=1
         laya iter 5 -> best_THETA conf=0.2729 rank=1
         laya iter 6 -> best_THETA conf=0.2729 rank=1
[  27] best_single    score= 0.7221 origin=agent    iters=5 stop=no new information in 3 consecutive turns
         TEST  smape=0.1441  rmse=19.1749  pocid=42.86  mape=0.1394
         laya iter 1 -> select_stable_k5 conf=0.3864 obs=pool pool5 (5 models)
         laya iter 2 -> best_ARIMA conf=0.307 rank=1
         laya iter 3 -> best_ARIMA conf=0.4246 rank=1
         laya iter 4 -> best_ARIMA conf=0.4246 rank=1
         laya iter 5 -> best_ARIMA conf=0.4246 rank=1
[  28] best_single    score= 0.7038 origin=agent    iters=5 stop=no new information in 3 consecutive turns
         TEST  smape=0.1041  rmse=23.1480  pocid=28.57  mape=0.1107
         laya iter 1 -> select_stable_k5 conf=0.2456 obs=pool pool5 (5 models)
         laya iter 2 -> best_FT_catboost conf=0.54 rank=1
         laya iter 3 -> best_FT_catboost conf=0.4883 rank=1
         laya iter 4 -> best_FT_catboost conf=0.4883 rank=1
         laya iter 5 -> best_FT_catboost conf=0.4883 rank=1
[  29] best_single    score= 0.5451 origin=agent    iters=5 stop=no new information in 3 consecutive turns
         TEST  smape=0.1639  rmse=20.4668  pocid=57.14  mape=0.1884
         laya iter 1 -> select_stable_k5 conf=0.2865 obs=pool pool5 (5 models)
         laya iter 2 -> best_ONLY_FT_catboost conf=0.2947 rank=1
         laya iter 3 -> best_ONLY_FT_catboost conf=0.2741 rank=1
         laya iter 4 -> best_ONLY_FT_catboost conf=0.2741 rank=1
         laya iter 5 -> best_ONLY_FT_catboost conf=0.2741 rank=1
[  30] FAILED: ValueError: Attempt(attempt_id='a1', spec={'combine': 'mean', 'pool': 'pool_full'}, origin='baseline', aggregate={'MAPE': 0.08314648769884132, 'SMAPE': 0.08028830037467095, 'RMSE': 11.466359277504264, 'POCID': 57.142857142857146, 'MSMAPE': 0.08025497125555049, 'MAE': 9.690197661276658}, per_window=[{'MAPE': 0.06044154031602094, 'SMAPE': 0.05903088805171787, 'RMSE': 9.035250183938519, 'POCID': 57.142857142857146, 'MSMAPE': 0.059007591658671234, 'MAE': 7.484345153345069}, {'MAPE': 0.11681807536760364, 'SMAPE': 0.1090304141576658, 'RMSE': 14.407939483512727, 'POCID': 85.71428571428571, 'MSMAPE': 0.1089848595133464, 'MAE': 13.05413585893794}, {'MAPE': 0.0721798474128994, 'SMAPE': 0.07280359891462918, 'RMSE': 10.25708141702591, 'POCID': 28.571428571428573, 'MSMAPE': 0.07277246259463385, 'MAE': 8.532111971546964}], score=0.6857142857142857, rationale='deterministic baseline: plain mean of the full pool', iteration=0, n_models=19, per_window_scores=[0.6857142857142857, 0.6285714285714286, 0.7428571428571429], residuals=[-9.394125900264527, 17.99438189426955, -7.88422661696444, -0.8435527660220998, -2.1847791854669936, -5.426796138070131, 10.679349365236703, 5.4675493604661085, 7.29894799005001, 7.170435031326903, -5.476888743827175, 18.609872803371502, 17.103969716949806, 22.805817340821875, 16.850012963455242, 9.117142281701007, -7.067529568299548, -9.165487410999376, -4.799759002511166, 16.6860127452143, -18.04892229892532, -4.2157478236802035, 0.36286718280257446, -7.910569739943227], agent_converged=True, agent_rationale='laya selected mean_pool_full') is not in list
[  31] best_single    score= 0.6137 origin=agent    iters=4 stop=no new information in 3 consecutive turns
         TEST  smape=0.1881  rmse=30.7578  pocid=28.57  mape=0.2191
         laya iter 1 -> best_catboost conf=0.4219 rank=1
         laya iter 2 -> best_catboost conf=0.4823 rank=1
         laya iter 3 -> best_catboost conf=0.4823 rank=1
         laya iter 4 -> best_catboost conf=0.4823 rank=1
[  32] best_single    score= 0.6015 origin=agent    iters=5 stop=no new information in 3 consecutive turns
         TEST  smape=0.1681  rmse=29.8359  pocid=57.14  mape=0.1557
         laya iter 1 -> select_stable_k5 conf=0.3963 obs=pool pool5 (5 models)
         laya iter 2 -> best_ETS conf=0.4286 rank=1
         laya iter 3 -> best_ETS conf=0.3922 rank=1
         laya iter 4 -> best_ETS conf=0.3922 rank=1
         laya iter 5 -> best_ETS conf=0.3922 rank=1
[  33] best_single    score= 0.5378 origin=agent    iters=4 stop=no new information in 3 consecutive turns
         TEST  smape=0.0952  rmse=27.7791  pocid=14.29  mape=0.0968
         laya iter 1 -> best_catboost conf=0.3157 rank=1
         laya iter 2 -> best_catboost conf=0.6397 rank=1
         laya iter 3 -> best_catboost conf=0.6397 rank=1
         laya iter 4 -> best_catboost conf=0.6397 rank=1
[  34] best_single    score= 0.6120 origin=agent    iters=4 stop=no new information in 3 consecutive turns
         TEST  smape=0.0877  rmse=12.2689  pocid=71.43  mape=0.0875
         laya iter 1 -> best_rf conf=0.4609 rank=1
         laya iter 2 -> best_rf conf=0.9505 rank=1
         laya iter 3 -> best_rf conf=0.9505 rank=1
         laya iter 4 -> best_rf conf=0.9505 rank=1
[  35] best_single    score= 0.6698 origin=agent    iters=5 stop=no new information in 3 consecutive turns
         TEST  smape=0.1023  rmse=9.2547  pocid=57.14  mape=0.1050
         laya iter 1 -> select_stable_k5 conf=0.2709 obs=pool pool5 (5 models)
         laya iter 2 -> best_ONLY_FT_catboost conf=0.4652 rank=1
         laya iter 3 -> best_ONLY_FT_catboost conf=0.3206 rank=1
         laya iter 4 -> best_ONLY_FT_catboost conf=0.3206 rank=1
         laya iter 5 -> best_ONLY_FT_catboost conf=0.3206 rank=1
[  36] FAILED: ValueError: Attempt(attempt_id='a1', spec={'combine': 'mean', 'pool': 'pool_full'}, origin='baseline', aggregate={'MAPE': 0.3238544599615352, 'SMAPE': 0.23599842578510932, 'RMSE': 31.420011176807428, 'POCID': 57.14285714285714, 'MSMAPE': 0.2358787549791623, 'MAE': 24.25985676028606}, per_window=[{'MAPE': 0.2807764475585272, 'SMAPE': 0.24022811823562223, 'RMSE': 33.44574001083927, 'POCID': 42.857142857142854, 'MSMAPE': 0.24013480848157912, 'MAE': 31.02970117415247}, {'MAPE': 0.5682941984386111, 'SMAPE': 0.3546257870279625, 'RMSE': 40.846557246757705, 'POCID': 71.42857142857143, 'MSMAPE': 0.3544156963643198, 'MAE': 30.236864739342128}, {'MAPE': 0.12249273388746756, 'SMAPE': 0.1131413720917433, 'RMSE': 13.21334716363729, 'POCID': 57.142857142857146, 'MSMAPE': 0.113085760091588, 'MAE': 11.513004367363584}], score=0.6857142857142857, rationale='deterministic baseline: plain mean of the full pool', iteration=0, n_models=19, per_window_scores=[0.7142857142857143, 0.6571428571428571, 0.6857142857142857], residuals=[11.657740394423058, 19.585241783010773, 27.480084725855747, 43.21034523311262, 39.48071438694477, 22.009446728069364, 51.553429480921935, 33.26060666088151, -1.12100553923068, -2.937465352211376, 8.528819042984196, 62.01702839705365, 75.36937687521191, 49.1933928838132, 35.60163584972891, 7.12619397450311, -3.096453734164868, 6.843612563648463, 13.871553507255584, 25.420238895237333, 8.30900757056483, 7.226020111830707, 15.511659494978005, 11.825489061228879], agent_converged=True, agent_rationale='laya selected mean_pool_full') is not in list
[  37] FAILED: ValueError: Attempt(attempt_id='a1', spec={'combine': 'mean', 'pool': 'pool_full'}, origin='baseline', aggregate={'MAPE': 0.11332131059551383, 'SMAPE': 0.11333527719165332, 'RMSE': 32.92779748060475, 'POCID': 76.19047619047619, 'MSMAPE': 0.11330682177861083, 'MAE': 22.90193883550944}, per_window=[{'MAPE': 0.077044038163608, 'SMAPE': 0.0757917391680126, 'RMSE': 18.8672558588913, 'POCID': 85.71428571428571, 'MSMAPE': 0.07577194879431196, 'MAE': 14.699743133178476}, {'MAPE': 0.20194083131232043, 'SMAPE': 0.20362462197069323, 'RMSE': 51.732986178015096, 'POCID': 57.142857142857146, 'MSMAPE': 0.20357448805110198, 'MAE': 42.103526542240495}, {'MAPE': 0.060979062310613084, 'SMAPE': 0.06058947043625411, 'RMSE': 14.847368057389586, 'POCID': 85.71428571428571, 'MSMAPE': 0.060574028490418555, 'MAE': 11.902546831109362}], score=0.6476190476190476, rationale='deterministic baseline: plain mean of the full pool', iteration=0, n_models=19, per_window_scores=[0.6285714285714286, 0.6857142857142857, 0.6285714285714286], residuals=[1.8149084989410937, 23.870591708556617, -29.616425688250587, 0.7464071722152426, -8.608460910900106, 28.0557306180352, -1.8095964416257573, -23.075824026903206, -38.944157171516395, -50.666519102270996, -106.34566672853629, 56.612154435570545, 48.18298192670156, 15.456214014464166, 14.739552513712027, -5.880966445151984, -0.49759723750315743, 19.765901855674457, 17.84806299286572, 13.66989756615294, -20.793161142179116, -0.7944929042942306, -1.0394987040100148, -20.811762246195258], agent_converged=True, agent_rationale='laya selected mean_pool_full') is not in list
[  38] best_single    score= 0.4351 origin=agent    iters=4 stop=no new information in 3 consecutive turns
         TEST  smape=0.0969  rmse=13.8798  pocid=28.57  mape=0.0936
         laya iter 1 -> best_ETS conf=0.839 rank=1
         laya iter 2 -> best_ETS conf=0.9677 rank=1
         laya iter 3 -> best_ETS conf=0.9677 rank=1
         laya iter 4 -> best_ETS conf=0.9677 rank=1
[  39] best_single    score= 0.6866 origin=agent    iters=5 stop=no new information in 3 consecutive turns
         TEST  smape=0.1217  rmse=18.2437  pocid=28.57  mape=0.1191
         laya iter 1 -> select_stable_k5 conf=0.2643 obs=pool pool5 (5 models)
         laya iter 2 -> best_FT_catboost conf=0.4462 rank=1
         laya iter 3 -> best_FT_catboost conf=0.4222 rank=1
         laya iter 4 -> best_FT_catboost conf=0.4222 rank=1
         laya iter 5 -> best_FT_catboost conf=0.4222 rank=1
[  40] best_single    score= 0.6681 origin=agent    iters=5 stop=no new information in 3 consecutive turns
         TEST  smape=0.1499  rmse=22.9814  pocid=14.29  mape=0.1538
         laya iter 1 -> select_stable_k5 conf=0.3637 obs=pool pool5 (5 models)
         laya iter 2 -> best_rf conf=0.3946 rank=1
         laya iter 3 -> best_rf conf=0.5266 rank=1
         laya iter 4 -> best_rf conf=0.5266 rank=1
         laya iter 5 -> best_rf conf=0.5266 rank=1
[  41] best_single    score= 0.7704 origin=agent    iters=5 stop=no new information in 3 consecutive turns
         TEST  smape=0.0711  rmse=11.6541  pocid=0.00  mape=0.0712
         laya iter 1 -> select_stable_k5 conf=0.3752 obs=pool pool5 (5 models)
         laya iter 2 -> best_ETS conf=0.4221 rank=1
         laya iter 3 -> best_ETS conf=0.3138 rank=1
         laya iter 4 -> best_ETS conf=0.3138 rank=1
         laya iter 5 -> best_ETS conf=0.3138 rank=1
[  42] best_single    score= 0.5389 origin=agent    iters=5 stop=no new information in 3 consecutive turns
         TEST  smape=0.1069  rmse=21.8183  pocid=42.86  mape=0.1175
         laya iter 1 -> select_stable_k5 conf=0.3083 obs=pool pool5 (5 models)
         laya iter 2 -> best_NaiveMovingAverage conf=0.3143 rank=1
         laya iter 3 -> best_NaiveMovingAverage conf=0.3232 rank=1
         laya iter 4 -> best_NaiveMovingAverage conf=0.3232 rank=1
         laya iter 5 -> best_NaiveMovingAverage conf=0.3232 rank=1
[  43] best_single    score= 0.6653 origin=agent    iters=6 stop=no new information in 3 consecutive turns
         TEST  smape=0.0568  rmse=9.1850  pocid=85.71  mape=0.0577
         laya iter 1 -> select_stable_k5 conf=0.2473 obs=pool pool5 (5 models)
         laya iter 2 -> best_ARIMA conf=0.3117 rank=1
         laya iter 3 -> best_catboost conf=0.4647 rank=1
         laya iter 4 -> best_catboost conf=0.4647 rank=1
         laya iter 5 -> best_catboost conf=0.4647 rank=1
         laya iter 6 -> best_catboost conf=0.4647 rank=1
[  44] best_single    score= 0.7488 origin=agent    iters=5 stop=no new information in 3 consecutive turns
         TEST  smape=0.1340  rmse=18.0423  pocid=0.00  mape=0.1458
         laya iter 1 -> select_stable_k5 conf=0.424 obs=pool pool5 (5 models)
         laya iter 2 -> best_ETS conf=0.3697 rank=1
         laya iter 3 -> best_ETS conf=0.414 rank=1
         laya iter 4 -> best_ETS conf=0.414 rank=1
         laya iter 5 -> best_ETS conf=0.414 rank=1
[  45] best_single    score= 0.5544 origin=agent    iters=5 stop=no new information in 3 consecutive turns
         TEST  smape=0.1640  rmse=22.1222  pocid=28.57  mape=0.1493
         laya iter 1 -> select_stable_k5 conf=0.3697 obs=pool pool5 (5 models)
         laya iter 2 -> best_ARIMA conf=0.6432 rank=1
         laya iter 3 -> best_ARIMA conf=0.9187 rank=1
         laya iter 4 -> best_ARIMA conf=0.9187 rank=1
         laya iter 5 -> best_ARIMA conf=0.9187 rank=1
[  46] best_single    score= 0.6056 origin=agent    iters=5 stop=no new information in 3 consecutive turns
         TEST  smape=0.0409  rmse=14.5924  pocid=42.86  mape=0.0399
         laya iter 1 -> select_stable_k5 conf=0.3355 obs=pool pool5 (5 models)
         laya iter 2 -> best_ONLY_FT_rf conf=0.9717 rank=1
         laya iter 3 -> best_ONLY_FT_rf conf=0.9931 rank=1
         laya iter 4 -> best_ONLY_FT_rf conf=0.9931 rank=1
         laya iter 5 -> best_ONLY_FT_rf conf=0.9931 rank=1
[  47] best_single    score= 0.8259 origin=agent    iters=4 stop=no new information in 3 consecutive turns
         TEST  smape=0.1288  rmse=26.5512  pocid=28.57  mape=0.1340
         laya iter 1 -> best_ONLY_CWT_rf conf=0.4247 rank=1
         laya iter 2 -> best_ONLY_CWT_rf conf=0.79 rank=1
         laya iter 3 -> best_ONLY_CWT_rf conf=0.79 rank=1
         laya iter 4 -> best_ONLY_CWT_rf conf=0.79 rank=1
[  48] best_single    score= 0.5771 origin=agent    iters=4 stop=no new information in 3 consecutive turns
         TEST  smape=0.1312  rmse=22.2277  pocid=28.57  mape=0.1424
         laya iter 1 -> best_ONLY_DWT_catboost conf=0.2956 rank=1
         laya iter 2 -> best_ONLY_DWT_catboost conf=0.9868 rank=1
         laya iter 3 -> best_ONLY_DWT_catboost conf=0.9868 rank=1
         laya iter 4 -> best_ONLY_DWT_catboost conf=0.9868 rank=1
[  49] best_single    score= 0.4555 origin=agent    iters=4 stop=no new information in 3 consecutive turns
         TEST  smape=0.1371  rmse=23.3183  pocid=57.14  mape=0.1310
         laya iter 1 -> best_ETS conf=0.7735 rank=1
         laya iter 2 -> best_ETS conf=0.9779 rank=1
         laya iter 3 -> best_ETS conf=0.9779 rank=1
         laya iter 4 -> best_ETS conf=0.9779 rank=1
[  50] best_single    score= 0.6143 origin=agent    iters=5 stop=no new information in 3 consecutive turns
         TEST  smape=0.1780  rmse=25.7908  pocid=42.86  mape=0.1598
         laya iter 1 -> select_stable_k5 conf=0.3744 obs=pool pool5 (5 models)
         laya iter 2 -> best_ETS conf=0.5737 rank=1
         laya iter 3 -> best_ETS conf=0.5048 rank=1
         laya iter 4 -> best_ETS conf=0.5048 rank=1
         laya iter 5 -> best_ETS conf=0.5048 rank=1
[  51] best_single    score= 0.6508 origin=agent    iters=4 stop=no new information in 3 consecutive turns
         TEST  smape=0.0966  rmse=27.3718  pocid=85.71  mape=0.0970
         laya iter 1 -> best_ONLY_CWT_rf conf=0.3201 rank=1
         laya iter 2 -> best_ONLY_CWT_rf conf=0.9378 rank=1
         laya iter 3 -> best_ONLY_CWT_rf conf=0.9378 rank=1
         laya iter 4 -> best_ONLY_CWT_rf conf=0.9378 rank=1
[  52] best_single    score= 0.7025 origin=agent    iters=5 stop=no new information in 3 consecutive turns
         TEST  smape=0.0878  rmse=8.2607  pocid=0.00  mape=0.0842
         laya iter 1 -> select_stable_k5 conf=0.4024 obs=pool pool5 (5 models)
         laya iter 2 -> best_ETS conf=0.5177 rank=1
         laya iter 3 -> best_ETS conf=0.4455 rank=1
         laya iter 4 -> best_ETS conf=0.4455 rank=1
         laya iter 5 -> best_ETS conf=0.4455 rank=1
[  53] best_single    score= 0.6956 origin=agent    iters=4 stop=no new information in 3 consecutive turns
         TEST  smape=0.1221  rmse=16.0080  pocid=0.00  mape=0.1253
         laya iter 1 -> best_ETS conf=0.4862 rank=1
         laya iter 2 -> best_ETS conf=0.4421 rank=1
         laya iter 3 -> best_ETS conf=0.4421 rank=1
         laya iter 4 -> best_ETS conf=0.4421 rank=1
[  54] best_single    score= 0.5363 origin=agent    iters=5 stop=no new information in 3 consecutive turns
         TEST  smape=0.0670  rmse=6.6497  pocid=14.29  mape=0.0694
         laya iter 1 -> select_stable_k5 conf=0.2988 obs=pool pool5 (5 models)
         laya iter 2 -> best_catboost conf=0.4615 rank=1
         laya iter 3 -> best_catboost conf=0.7501 rank=1
         laya iter 4 -> best_catboost conf=0.7501 rank=1
         laya iter 5 -> best_catboost conf=0.7501 rank=1
[  55] best_single    score= 0.5616 origin=agent    iters=6 stop=no new information in 3 consecutive turns
         TEST  smape=0.2056  rmse=19.1195  pocid=42.86  mape=0.1957
         laya iter 1 -> select_stable_k5 conf=0.2504 obs=pool pool5 (5 models)
         laya iter 2 -> best_ONLY_DWT_rf conf=0.8072 rank=1
         laya iter 3 -> best_ONLY_DWT_catboost conf=0.6404 rank=1
         laya iter 4 -> best_ONLY_DWT_catboost conf=0.6404 rank=1
         laya iter 5 -> best_ONLY_DWT_catboost conf=0.6404 rank=1
         laya iter 6 -> best_ONLY_DWT_catboost conf=0.6404 rank=1
[  56] best_single    score= 0.6241 origin=agent    iters=5 stop=no new information in 3 consecutive turns
         TEST  smape=0.1125  rmse=15.0288  pocid=0.00  mape=0.1102
         laya iter 1 -> select_stable_k5 conf=0.3478 obs=pool pool5 (5 models)
         laya iter 2 -> best_ETS conf=0.7096 rank=1
         laya iter 3 -> best_ETS conf=0.6939 rank=1
         laya iter 4 -> best_ETS conf=0.6939 rank=1
         laya iter 5 -> best_ETS conf=0.6939 rank=1
[  57] best_single    score= 0.7003 origin=agent    iters=5 stop=no new information in 3 consecutive turns
         TEST  smape=0.0729  rmse=14.1576  pocid=0.00  mape=0.0706
         laya iter 1 -> select_stable_k5 conf=0.4193 obs=pool pool5 (5 models)
         laya iter 2 -> best_ARIMA conf=0.2949 rank=1
         laya iter 3 -> best_ARIMA conf=0.4341 rank=1
         laya iter 4 -> best_ARIMA conf=0.4341 rank=1
         laya iter 5 -> best_ARIMA conf=0.4341 rank=1
[  58] best_single    score= 0.6850 origin=agent    iters=4 stop=no new information in 3 consecutive turns
         TEST  smape=0.1869  rmse=19.5551  pocid=42.86  mape=0.1834
         laya iter 1 -> best_rf conf=0.3756 rank=1
         laya iter 2 -> best_rf conf=0.7872 rank=1
         laya iter 3 -> best_rf conf=0.7872 rank=1
         laya iter 4 -> best_rf conf=0.7872 rank=1
[  59] best_single    score= 0.5872 origin=agent    iters=5 stop=no new information in 3 consecutive turns
         TEST  smape=0.2371  rmse=30.1338  pocid=28.57  mape=0.2729
         laya iter 1 -> select_stable_k5 conf=0.4006 obs=pool pool5 (5 models)
         laya iter 2 -> best_ETS conf=0.5837 rank=1
         laya iter 3 -> best_ETS conf=0.435 rank=1
         laya iter 4 -> best_ETS conf=0.435 rank=1
         laya iter 5 -> best_ETS conf=0.435 rank=1
[  60] best_single    score= 0.6538 origin=agent    iters=5 stop=no new information in 3 consecutive turns
         TEST  smape=0.0879  rmse=11.9898  pocid=42.86  mape=0.0938
         laya iter 1 -> select_stable_k5 conf=0.2396 obs=pool pool5 (5 models)
         laya iter 2 -> best_ARIMA conf=0.3444 rank=1
         laya iter 3 -> best_ARIMA conf=0.6712 rank=1
         laya iter 4 -> best_ARIMA conf=0.6712 rank=1
         laya iter 5 -> best_ARIMA conf=0.6712 rank=1
[  61] best_single    score= 0.6126 origin=agent    iters=5 stop=no new information in 3 consecutive turns
         TEST  smape=0.1242  rmse=20.9437  pocid=57.14  mape=0.1330
         laya iter 1 -> select_stable_k5 conf=0.3629 obs=pool pool5 (5 models)
         laya iter 2 -> best_ARIMA conf=0.4667 rank=1
         laya iter 3 -> best_ARIMA conf=0.8427 rank=1
         laya iter 4 -> best_ARIMA conf=0.8427 rank=1
         laya iter 5 -> best_ARIMA conf=0.8427 rank=1
[  62] best_single    score= 0.5239 origin=agent    iters=5 stop=no new information in 3 consecutive turns
         TEST  smape=0.1059  rmse=12.8225  pocid=57.14  mape=0.1058
         laya iter 1 -> select_stable_k5 conf=0.3019 obs=pool pool5 (5 models)
         laya iter 2 -> best_ARIMA conf=0.3161 rank=1
         laya iter 3 -> best_ARIMA conf=0.4272 rank=1
         laya iter 4 -> best_ARIMA conf=0.4272 rank=1
         laya iter 5 -> best_ARIMA conf=0.4272 rank=1
[  63] best_single    score= 0.6251 origin=agent    iters=4 stop=no new information in 3 consecutive turns
         TEST  smape=0.1614  rmse=14.3574  pocid=57.14  mape=0.1537
         laya iter 1 -> best_ONLY_FT_catboost conf=0.4207 rank=1
         laya iter 2 -> best_ONLY_FT_catboost conf=0.4368 rank=1
         laya iter 3 -> best_ONLY_FT_catboost conf=0.4368 rank=1
         laya iter 4 -> best_ONLY_FT_catboost conf=0.4368 rank=1
[  64] best_single    score= 0.7014 origin=agent    iters=5 stop=no new information in 3 consecutive turns
         TEST  smape=0.1445  rmse=30.4450  pocid=0.00  mape=0.1340
         laya iter 1 -> select_stable_k5 conf=0.3942 obs=pool pool5 (5 models)
         laya iter 2 -> best_ETS conf=0.4885 rank=1
         laya iter 3 -> best_ETS conf=0.4126 rank=1
         laya iter 4 -> best_ETS conf=0.4126 rank=1
         laya iter 5 -> best_ETS conf=0.4126 rank=1
[  65] best_single    score= 0.7478 origin=agent    iters=5 stop=no new information in 3 consecutive turns
         TEST  smape=0.1482  rmse=30.5308  pocid=0.00  mape=0.1427
         laya iter 1 -> select_stable_k5 conf=0.4181 obs=pool pool5 (5 models)
         laya iter 2 -> best_ETS conf=0.3876 rank=1
         laya iter 3 -> best_ETS conf=0.437 rank=1
         laya iter 4 -> best_ETS conf=0.437 rank=1
         laya iter 5 -> best_ETS conf=0.437 rank=1
[  66] best_single    score= 0.5505 origin=agent    iters=4 stop=no new information in 3 consecutive turns
         TEST  smape=0.0877  rmse=20.0936  pocid=71.43  mape=0.0855
         laya iter 1 -> best_ONLY_FT_catboost conf=0.6883 rank=1
         laya iter 2 -> best_ONLY_FT_catboost conf=0.9855 rank=1
         laya iter 3 -> best_ONLY_FT_catboost conf=0.9855 rank=1
         laya iter 4 -> best_ONLY_FT_catboost conf=0.9855 rank=1
[  67] best_single    score= 0.5941 origin=agent    iters=5 stop=no new information in 3 consecutive turns
         TEST  smape=0.1565  rmse=56.7133  pocid=28.57  mape=0.1701
         laya iter 1 -> select_stable_k5 conf=0.2523 obs=pool pool5 (5 models)
         laya iter 2 -> best_rf conf=0.6114 rank=1
         laya iter 3 -> best_rf conf=0.8309 rank=1
         laya iter 4 -> best_rf conf=0.8309 rank=1
         laya iter 5 -> best_rf conf=0.8309 rank=1
[  68] best_single    score= 0.7059 origin=agent    iters=5 stop=no new information in 3 consecutive turns
         TEST  smape=0.1034  rmse=13.5854  pocid=42.86  mape=0.1035
         laya iter 1 -> select_stable_k5 conf=0.275 obs=pool pool5 (5 models)
         laya iter 2 -> best_FT_catboost conf=0.4892 rank=1
         laya iter 3 -> best_FT_catboost conf=0.3666 rank=1
         laya iter 4 -> best_FT_catboost conf=0.3666 rank=1
         laya iter 5 -> best_FT_catboost conf=0.3666 rank=1
[  69] best_single    score= 0.7231 origin=agent    iters=5 stop=no new information in 3 consecutive turns
         TEST  smape=0.1134  rmse=16.6033  pocid=42.86  mape=0.1258
         laya iter 1 -> select_stable_k5 conf=0.3001 obs=pool pool5 (5 models)
         laya iter 2 -> best_rf conf=0.5228 rank=1
         laya iter 3 -> best_rf conf=0.7457 rank=1
         laya iter 4 -> best_rf conf=0.7457 rank=1
         laya iter 5 -> best_rf conf=0.7457 rank=1
[  70] best_single    score= 0.6651 origin=agent    iters=4 stop=no new information in 3 consecutive turns
         TEST  smape=0.1963  rmse=19.7395  pocid=0.00  mape=0.1903
         laya iter 1 -> best_ETS conf=0.3715 rank=1
         laya iter 2 -> best_ETS conf=0.4325 rank=1
         laya iter 3 -> best_ETS conf=0.4325 rank=1
         laya iter 4 -> best_ETS conf=0.4325 rank=1
[  71] best_single    score= 0.6883 origin=agent    iters=5 stop=no new information in 3 consecutive turns
         TEST  smape=0.0770  rmse=9.9371  pocid=42.86  mape=0.0800
         laya iter 1 -> select_stable_k5 conf=0.281 obs=pool pool5 (5 models)
         laya iter 2 -> best_ONLY_DWT_rf conf=0.8871 rank=1
         laya iter 3 -> best_ONLY_DWT_rf conf=0.9681 rank=1
         laya iter 4 -> best_ONLY_DWT_rf conf=0.9681 rank=1
         laya iter 5 -> best_ONLY_DWT_rf conf=0.9681 rank=1
[  72] best_single    score= 0.6851 origin=agent    iters=4 stop=no new information in 3 consecutive turns
         TEST  smape=0.2258  rmse=28.8217  pocid=71.43  mape=0.2620
         laya iter 1 -> best_DWT_rf conf=0.5541 rank=1
         laya iter 2 -> best_DWT_rf conf=0.6878 rank=1
         laya iter 3 -> best_DWT_rf conf=0.6878 rank=1
         laya iter 4 -> best_DWT_rf conf=0.6878 rank=1
[  73] best_single    score= 0.5844 origin=agent    iters=4 stop=no new information in 3 consecutive turns
         TEST  smape=0.1663  rmse=19.1460  pocid=57.14  mape=0.1512
         laya iter 1 -> best_THETA conf=0.4705 rank=1
         laya iter 2 -> best_THETA conf=0.5612 rank=1
         laya iter 3 -> best_THETA conf=0.5612 rank=1
         laya iter 4 -> best_THETA conf=0.5612 rank=1
[  74] best_single    score= 0.6057 origin=agent    iters=4 stop=no new information in 3 consecutive turns
         TEST  smape=0.1115  rmse=13.7667  pocid=28.57  mape=0.1190
         laya iter 1 -> best_FT_rf conf=0.3882 rank=1
         laya iter 2 -> best_FT_rf conf=0.8607 rank=1
         laya iter 3 -> best_FT_rf conf=0.8607 rank=1
         laya iter 4 -> best_FT_rf conf=0.8607 rank=1
[  75] best_single    score= 0.3503 origin=agent    iters=5 stop=no new information in 3 consecutive turns
         TEST  smape=0.1477  rmse=17.6327  pocid=42.86  mape=0.1360
         laya iter 1 -> select_stable_k5 conf=0.4039 obs=pool pool5 (5 models)
         laya iter 2 -> best_ETS conf=0.4834 rank=1
         laya iter 3 -> best_ETS conf=0.4054 rank=1
         laya iter 4 -> best_ETS conf=0.4054 rank=1
         laya iter 5 -> best_ETS conf=0.4054 rank=1
[  76] best_single    score= 0.7522 origin=agent    iters=4 stop=no new information in 3 consecutive turns
         TEST  smape=0.0806  rmse=11.9689  pocid=0.00  mape=0.0850
         laya iter 1 -> best_ETS conf=0.7563 rank=1
         laya iter 2 -> best_ETS conf=0.9732 rank=1
         laya iter 3 -> best_ETS conf=0.9732 rank=1
         laya iter 4 -> best_ETS conf=0.9732 rank=1
[  77] best_single    score= 0.5908 origin=agent    iters=4 stop=no new information in 3 consecutive turns
         TEST  smape=0.0973  rmse=16.8748  pocid=42.86  mape=0.0978
         laya iter 1 -> best_rf conf=0.7655 rank=1
         laya iter 2 -> best_rf conf=0.901 rank=1
         laya iter 3 -> best_rf conf=0.901 rank=1
         laya iter 4 -> best_rf conf=0.901 rank=1
[  78] best_single    score= 0.6777 origin=agent    iters=4 stop=no new information in 3 consecutive turns
         TEST  smape=0.1112  rmse=16.2325  pocid=14.29  mape=0.1034
         laya iter 1 -> best_ONLY_DWT_rf conf=0.5784 rank=1
         laya iter 2 -> best_ONLY_DWT_rf conf=0.9542 rank=1
         laya iter 3 -> best_ONLY_DWT_rf conf=0.9542 rank=1
         laya iter 4 -> best_ONLY_DWT_rf conf=0.9542 rank=1
[  79] best_single    score= 0.6304 origin=agent    iters=4 stop=no new information in 3 consecutive turns
         TEST  smape=0.1140  rmse=21.3203  pocid=57.14  mape=0.1186
         laya iter 1 -> best_ETS conf=0.3997 rank=1
         laya iter 2 -> best_ETS conf=0.3809 rank=1
         laya iter 3 -> best_ETS conf=0.3809 rank=1
         laya iter 4 -> best_ETS conf=0.3809 rank=1
[  80] best_single    score= 0.6635 origin=agent    iters=4 stop=no new information in 3 consecutive turns
         TEST  smape=0.1356  rmse=10.3316  pocid=42.86  mape=0.1486
         laya iter 1 -> best_ONLY_CWT_catboost conf=0.9595 rank=1
         laya iter 2 -> best_ONLY_CWT_catboost conf=0.9917 rank=1
         laya iter 3 -> best_ONLY_CWT_catboost conf=0.9917 rank=1
         laya iter 4 -> best_ONLY_CWT_catboost conf=0.9917 rank=1
[  81] best_single    score= 0.4992 origin=agent    iters=5 stop=no new information in 3 consecutive turns
         TEST  smape=0.1587  rmse=16.7502  pocid=71.43  mape=0.1451
         laya iter 1 -> select_stable_k5 conf=0.4214 obs=pool pool5 (5 models)
         laya iter 2 -> best_ETS conf=0.4566 rank=1
         laya iter 3 -> best_ETS conf=0.4382 rank=1
         laya iter 4 -> best_ETS conf=0.4382 rank=1
         laya iter 5 -> best_ETS conf=0.4382 rank=1
[  82] best_single    score= 0.6165 origin=agent    iters=4 stop=no new information in 3 consecutive turns
         TEST  smape=0.1361  rmse=36.3039  pocid=14.29  mape=0.1365
         laya iter 1 -> best_ONLY_FT_catboost conf=0.8612 rank=1
         laya iter 2 -> best_ONLY_FT_catboost conf=0.838 rank=1
         laya iter 3 -> best_ONLY_FT_catboost conf=0.838 rank=1
         laya iter 4 -> best_ONLY_FT_catboost conf=0.838 rank=1
[  83] best_single    score= 0.6834 origin=agent    iters=5 stop=no new information in 3 consecutive turns
         TEST  smape=0.1108  rmse=18.8219  pocid=57.14  mape=0.1044
         laya iter 1 -> select_stable_k5 conf=0.2935 obs=pool pool5 (5 models)
         laya iter 2 -> best_ONLY_FT_catboost conf=0.4286 rank=1
         laya iter 3 -> best_ONLY_FT_catboost conf=0.4472 rank=1
         laya iter 4 -> best_ONLY_FT_catboost conf=0.4472 rank=1
         laya iter 5 -> best_ONLY_FT_catboost conf=0.4472 rank=1
[  84] FAILED: ValueError: Attempt(attempt_id='a1', spec={'combine': 'mean', 'pool': 'pool_full'}, origin='baseline', aggregate={'MAPE': 0.13903566890954364, 'SMAPE': 0.13343281207420052, 'RMSE': 16.002305285356623, 'POCID': 47.61904761904762, 'MSMAPE': 0.13336279904945114, 'MAE': 12.835633841717453}, per_window=[{'MAPE': 0.10267524371196474, 'SMAPE': 0.09949831983179976, 'RMSE': 11.963728497017042, 'POCID': 42.857142857142854, 'MSMAPE': 0.09944732420689828, 'MAE': 9.75863945997449}, {'MAPE': 0.161784575194231, 'SMAPE': 0.15218785612273472, 'RMSE': 18.590570223246676, 'POCID': 71.42857142857143, 'MSMAPE': 0.15210910837295838, 'MAE': 14.88087778572078}, {'MAPE': 0.15264718782243514, 'SMAPE': 0.14861226026806706, 'RMSE': 16.71769190293487, 'POCID': 28.571428571428573, 'MSMAPE': 0.14853196456849677, 'MAE': 13.867384279457088}], score=0.7047619047619048, rationale='deterministic baseline: plain mean of the full pool', iteration=0, n_models=19, per_window_scores=[0.7142857142857143, 0.6571428571428571, 0.7428571428571429], residuals=[-0.6563787272966692, -16.46464796869276, -5.003006958786671, -8.108942457251587, 13.387968860274114, -1.736973893745514, 22.07748259070172, -10.63371422304688, -3.2323274655368266, -14.764515443757261, -30.39935495496185, -0.641495623782717, 27.53568350586646, 1.4516172548491681, 18.25504378014935, 22.766984256862614, -28.71631435190949, -4.819154431770244, 6.085050076554097, 8.159516799064193, -1.7739112136065103, 24.546537890249823, 18.125056979234685, -18.713532493267664], agent_converged=True, agent_rationale='laya selected mean_pool_full') is not in list
[  85] best_single    score= 0.6329 origin=agent    iters=4 stop=no new information in 3 consecutive turns
         TEST  smape=0.0974  rmse=10.4743  pocid=71.43  mape=0.0974
         laya iter 1 -> best_ONLY_FT_catboost conf=0.3154 rank=1
         laya iter 2 -> best_ONLY_FT_catboost conf=0.4908 rank=1
         laya iter 3 -> best_ONLY_FT_catboost conf=0.4908 rank=1
         laya iter 4 -> best_ONLY_FT_catboost conf=0.4908 rank=1
[  86] best_single    score= 0.6230 origin=agent    iters=5 stop=no new information in 3 consecutive turns
         TEST  smape=0.0857  rmse=13.4324  pocid=57.14  mape=0.0857
         laya iter 1 -> select_stable_k5 conf=0.3431 obs=pool pool5 (5 models)
         laya iter 2 -> best_rf conf=0.3851 rank=1
         laya iter 3 -> best_rf conf=0.4788 rank=1
         laya iter 4 -> best_rf conf=0.4788 rank=1
         laya iter 5 -> best_rf conf=0.4788 rank=1
[  87] best_single    score= 0.6018 origin=agent    iters=4 stop=no new information in 3 consecutive turns
         TEST  smape=0.3971  rmse=33.1908  pocid=28.57  mape=0.5030
         laya iter 1 -> best_ARIMA conf=0.3821 rank=1
         laya iter 2 -> best_ARIMA conf=0.4224 rank=1
         laya iter 3 -> best_ARIMA conf=0.4224 rank=1
         laya iter 4 -> best_ARIMA conf=0.4224 rank=1
[  88] best_single    score= 0.7269 origin=agent    iters=5 stop=no new information in 3 consecutive turns
         TEST  smape=0.3794  rmse=28.0070  pocid=42.86  mape=0.5265
         laya iter 1 -> select_stable_k5 conf=0.2881 obs=pool pool5 (5 models)
         laya iter 2 -> best_ONLY_CWT_catboost conf=0.288 rank=1
         laya iter 3 -> best_ONLY_CWT_catboost conf=0.2235 rank=1
         laya iter 4 -> best_ONLY_CWT_catboost conf=0.2235 rank=1
         laya iter 5 -> best_ONLY_CWT_catboost conf=0.2235 rank=1
[  89] best_single    score= 0.6245 origin=agent    iters=5 stop=no new information in 3 consecutive turns
         TEST  smape=0.0971  rmse=15.9262  pocid=71.43  mape=0.1052
         laya iter 1 -> best_ETS conf=0.4182 rank=1
         laya iter 2 -> prune_redundant_full conf=0.3862 obs=pool pool5 (0 models)
         laya iter 3 -> best_ETS conf=0.4476 rank=1
         laya iter 4 -> best_ETS conf=0.4476 rank=1
         laya iter 5 -> best_ETS conf=0.4476 rank=1
[  90] best_single    score= 0.5601 origin=agent    iters=5 stop=no new information in 3 consecutive turns
         TEST  smape=0.1141  rmse=16.6181  pocid=28.57  mape=0.1353
         laya iter 1 -> select_stable_k5 conf=0.3252 obs=pool pool5 (5 models)
         laya iter 2 -> best_NaiveMovingAverage conf=0.3178 rank=1
         laya iter 3 -> best_NaiveMovingAverage conf=0.4401 rank=1
         laya iter 4 -> best_NaiveMovingAverage conf=0.4401 rank=1
         laya iter 5 -> best_NaiveMovingAverage conf=0.4401 rank=1
[  91] best_single    score= 0.6385 origin=agent    iters=5 stop=no new information in 3 consecutive turns
         TEST  smape=0.0754  rmse=12.8700  pocid=0.00  mape=0.0788
         laya iter 1 -> best_ETS conf=0.4415 rank=1
         laya iter 2 -> prune_redundant_full conf=0.3654 obs=pool pool5 (0 models)
         laya iter 3 -> best_ETS conf=0.3113 rank=1
         laya iter 4 -> best_ETS conf=0.3113 rank=1
         laya iter 5 -> best_ETS conf=0.3113 rank=1
[  92] best_single    score= 0.8342 origin=agent    iters=4 stop=no new information in 3 consecutive turns
         TEST  smape=0.1376  rmse=31.4675  pocid=57.14  mape=0.1369
         laya iter 1 -> best_rf conf=0.4308 rank=1
         laya iter 2 -> best_rf conf=0.9198 rank=1
         laya iter 3 -> best_rf conf=0.9198 rank=1
         laya iter 4 -> best_rf conf=0.9198 rank=1
[  93] best_single    score= 0.4692 origin=agent    iters=4 stop=no new information in 3 consecutive turns
         TEST  smape=0.1284  rmse=18.4865  pocid=0.00  mape=0.1292
         laya iter 1 -> best_ETS conf=0.4287 rank=1
         laya iter 2 -> best_ETS conf=0.6589 rank=1
         laya iter 3 -> best_ETS conf=0.6589 rank=1
         laya iter 4 -> best_ETS conf=0.6589 rank=1
[  94] best_single    score= 0.7229 origin=agent    iters=5 stop=no new information in 3 consecutive turns
         TEST  smape=0.0901  rmse=15.0667  pocid=0.00  mape=0.0913
         laya iter 1 -> select_stable_k5 conf=0.3894 obs=pool pool5 (5 models)
         laya iter 2 -> best_ETS conf=0.501 rank=1
         laya iter 3 -> best_ETS conf=0.4217 rank=1
         laya iter 4 -> best_ETS conf=0.4217 rank=1
         laya iter 5 -> best_ETS conf=0.4217 rank=1
[  95] FAILED: ValueError: Attempt(attempt_id='a1', spec={'combine': 'mean', 'pool': 'pool_full'}, origin='baseline', aggregate={'MAPE': 0.12271194774464063, 'SMAPE': 0.11317755410916512, 'RMSE': 23.200891788128533, 'POCID': 66.66666666666667, 'MSMAPE': 0.1131407624220857, 'MAE': 17.528903016576805}, per_window=[{'MAPE': 0.12101586120988692, 'SMAPE': 0.11120798820009531, 'RMSE': 20.791007521822376, 'POCID': 57.142857142857146, 'MSMAPE': 0.11117302942686669, 'MAE': 17.709625366655523}, {'MAPE': 0.20317142473819144, 'SMAPE': 0.18289564100588032, 'RMSE': 33.39965492392436, 'POCID': 71.42857142857143, 'MSMAPE': 0.18283608043124305, 'MAE': 28.358611366497687}, {'MAPE': 0.04394855728584356, 'SMAPE': 0.04542903312151971, 'RMSE': 8.187868860921665, 'POCID': 71.42857142857143, 'MSMAPE': 0.045413177408147445, 'MAE': 6.518472316577206}], score=0.6666666666666667, rationale='deterministic baseline: plain mean of the full pool', iteration=0, n_models=19, per_window_scores=[0.6857142857142857, 0.6571428571428571, 0.6571428571428571], residuals=[15.113962593832639, 34.17617834832342, 4.455982343800883, 15.414381330824142, 14.365753199703931, 37.09391607382406, 10.214178482091853, 10.842650560843254, 1.5434449004151531, -1.9809327481298453, -45.21016569403187, 19.121246054635947, 35.42274009226912, 36.002983883973826, 35.994700869385696, 51.59267668914005, -6.84439267284489, -8.67189947927389, -10.339291888456842, -3.3938826278518093, -3.4749555177131697, 2.4641971307216863, -0.29702193370496843, -16.662137282050395], agent_converged=True, agent_rationale='laya selected mean_pool_full') is not in list
[  96] best_single    score= 0.4726 origin=agent    iters=5 stop=no new information in 3 consecutive turns
         TEST  smape=0.1417  rmse=15.9605  pocid=71.43  mape=0.1304
         laya iter 1 -> select_stable_k5 conf=0.3531 obs=pool pool5 (5 models)
         laya iter 2 -> best_ONLY_DWT_rf conf=0.4222 rank=1
         laya iter 3 -> best_ONLY_DWT_rf conf=0.8201 rank=1
         laya iter 4 -> best_ONLY_DWT_rf conf=0.8201 rank=1
         laya iter 5 -> best_ONLY_DWT_rf conf=0.8201 rank=1
[  97] best_single    score= 0.7786 origin=agent    iters=5 stop=no new information in 3 consecutive turns
         TEST  smape=0.1663  rmse=32.4182  pocid=0.00  mape=0.2017
         laya iter 1 -> best_ETS conf=0.5117 rank=1
         laya iter 2 -> prune_redundant_full conf=0.3865 obs=pool pool5 (0 models)
         laya iter 3 -> best_ETS conf=0.2933 rank=1
         laya iter 4 -> best_ETS conf=0.2933 rank=1
         laya iter 5 -> best_ETS conf=0.2933 rank=1
[  98] best_single    score= 0.5827 origin=agent    iters=5 stop=no new information in 3 consecutive turns
         TEST  smape=0.2009  rmse=25.9748  pocid=0.00  mape=0.1799
         laya iter 1 -> best_ETS conf=0.4191 rank=1
         laya iter 2 -> prune_redundant_full conf=0.4252 obs=pool pool5 (0 models)
         laya iter 3 -> best_ETS conf=0.3419 rank=1
         laya iter 4 -> best_ETS conf=0.3419 rank=1
         laya iter 5 -> best_ETS conf=0.3419 rank=1
[  99] FAILED: ValueError: Attempt(attempt_id='a1', spec={'combine': 'mean', 'pool': 'pool_full'}, origin='baseline', aggregate={'MAPE': 0.16263345944695048, 'SMAPE': 0.14540459574561346, 'RMSE': 22.875886947768926, 'POCID': 57.14285714285714, 'MSMAPE': 0.14533757029411123, 'MAE': 16.226179355853684}, per_window=[{'MAPE': 0.2800188341028066, 'SMAPE': 0.23480398986356943, 'RMSE': 35.97467943959562, 'POCID': 85.71428571428571, 'MSMAPE': 0.23470681726690562, 'MAE': 29.127239689714017}, {'MAPE': 0.13523037771500326, 'SMAPE': 0.1256608522895001, 'RMSE': 14.229160873246178, 'POCID': 42.857142857142854, 'MSMAPE': 0.12559662312879355, 'MAE': 12.311265072008073}, {'MAPE': 0.0726511665230416, 'SMAPE': 0.07574894508377078, 'RMSE': 8.559908352484358, 'POCID': 42.857142857142854, 'MSMAPE': 0.07570927048663462, 'MAE': 7.240033305838962}], score=0.6857142857142857, rationale='deterministic baseline: plain mean of the full pool', iteration=0, n_models=19, per_window_scores=[0.6285714285714286, 0.7142857142857143, 0.7142857142857143], residuals=[11.176555562579239, 5.192018829744569, 37.99975980016539, 60.17922653427928, 11.916212062901096, 19.171669127179456, 23.583658965209963, 63.798816635653125, -1.9596900106696893, -2.29675951370929, -14.34408770940702, 15.33001583372915, 23.175076129887543, 8.368825045929242, 13.529920440827269, 19.48574589190538, -11.453757900221987, -6.948934657530856, -3.1333094091134512, 5.831899714202237, -15.620189248776583, -3.267954206100498, 1.3502339988841499, -10.313987311881931], agent_converged=True, agent_rationale='laya selected mean_pool_full') is not in list
[ 100] best_single    score= 0.4961 origin=agent    iters=5 stop=no new information in 3 consecutive turns
         TEST  smape=0.1122  rmse=18.6949  pocid=0.00  mape=0.1137
         laya iter 1 -> select_stable_k5 conf=0.3943 obs=pool pool5 (5 models)
         laya iter 2 -> best_ETS conf=0.7086 rank=1
         laya iter 3 -> best_ETS conf=0.8214 rank=1
         laya iter 4 -> best_ETS conf=0.8214 rank=1
         laya iter 5 -> best_ETS conf=0.8214 rank=1
[ 101] best_single    score= 0.5618 origin=agent    iters=5 stop=no new information in 3 consecutive turns
         TEST  smape=0.0802  rmse=12.4844  pocid=0.00  mape=0.0814
         laya iter 1 -> select_stable_k5 conf=0.3168 obs=pool pool5 (5 models)
         laya iter 2 -> best_ETS conf=0.4127 rank=1
         laya iter 3 -> best_ETS conf=0.399 rank=1
         laya iter 4 -> best_ETS conf=0.399 rank=1
         laya iter 5 -> best_ETS conf=0.399 rank=1
[ 102] best_single    score= 0.7363 origin=agent    iters=4 stop=no new information in 3 consecutive turns
         TEST  smape=0.3451  rmse=21.2797  pocid=28.57  mape=0.2861
         laya iter 1 -> best_ONLY_CWT_rf conf=0.9781 rank=1
         laya iter 2 -> best_ONLY_CWT_rf conf=0.99 rank=1
         laya iter 3 -> best_ONLY_CWT_rf conf=0.99 rank=1
         laya iter 4 -> best_ONLY_CWT_rf conf=0.99 rank=1
[ 103] best_single    score= 0.6658 origin=agent    iters=5 stop=no new information in 3 consecutive turns
         TEST  smape=0.0942  rmse=17.2709  pocid=57.14  mape=0.0925
         laya iter 1 -> select_stable_k5 conf=0.2498 obs=pool pool5 (5 models)
         laya iter 2 -> best_ONLY_CWT_rf conf=0.3475 rank=1
         laya iter 3 -> best_ONLY_CWT_rf conf=0.4425 rank=1
         laya iter 4 -> best_ONLY_CWT_rf conf=0.4425 rank=1
         laya iter 5 -> best_ONLY_CWT_rf conf=0.4425 rank=1
[ 104] best_single    score= 0.6837 origin=agent    iters=4 stop=no new information in 3 consecutive turns
         TEST  smape=0.0389  rmse=5.3478  pocid=57.14  mape=0.0392
         laya iter 1 -> best_ONLY_DWT_catboost conf=0.4238 rank=1
         laya iter 2 -> best_ONLY_DWT_catboost conf=0.7952 rank=1
         laya iter 3 -> best_ONLY_DWT_catboost conf=0.7952 rank=1
         laya iter 4 -> best_ONLY_DWT_catboost conf=0.7952 rank=1
[ 105] best_single    score= 0.7040 origin=agent    iters=4 stop=no new information in 3 consecutive turns
         TEST  smape=0.0644  rmse=10.3987  pocid=42.86  mape=0.0631
         laya iter 1 -> best_THETA conf=0.2725 rank=1
         laya iter 2 -> best_THETA conf=0.3465 rank=1
         laya iter 3 -> best_THETA conf=0.3465 rank=1
         laya iter 4 -> best_THETA conf=0.3465 rank=1
[ 106] best_single    score= 0.5604 origin=agent    iters=4 stop=no new information in 3 consecutive turns
         TEST  smape=0.1585  rmse=19.5066  pocid=42.86  mape=0.1681
         laya iter 1 -> best_ONLY_FT_catboost conf=0.3957 rank=1
         laya iter 2 -> best_ONLY_FT_catboost conf=0.676 rank=1
         laya iter 3 -> best_ONLY_FT_catboost conf=0.676 rank=1
         laya iter 4 -> best_ONLY_FT_catboost conf=0.676 rank=1
[ 107] FAILED: ValueError: Attempt(attempt_id='a1', spec={'combine': 'mean', 'pool': 'pool_full'}, origin='baseline', aggregate={'MAPE': 0.14909135728524744, 'SMAPE': 0.14047680385572417, 'RMSE': 18.72872724700897, 'POCID': 52.38095238095239, 'MSMAPE': 0.1404141471869714, 'MAE': 16.072668167643467}, per_window=[{'MAPE': 0.15910191600572854, 'SMAPE': 0.1465809817380055, 'RMSE': 22.071875683538188, 'POCID': 28.571428571428573, 'MSMAPE': 0.14652491359560554, 'MAE': 19.27449420204292}, {'MAPE': 0.1350237130643912, 'SMAPE': 0.1271359228121397, 'RMSE': 16.3068252878927, 'POCID': 57.142857142857146, 'MSMAPE': 0.12707847833713726, 'MAE': 14.140635898360856}, {'MAPE': 0.15314844278562256, 'SMAPE': 0.1477135070170273, 'RMSE': 17.297844539686064, 'POCID': 71.42857142857143, 'MSMAPE': 0.14763904962817145, 'MAE': 14.802874402526628}], score=0.6952380952380952, rationale='deterministic baseline: plain mean of the full pool', iteration=0, n_models=19, per_window_scores=[0.7428571428571429, 0.6857142857142857, 0.6571428571428571], residuals=[-1.0657038292773109, 19.89838896634906, 14.197526243774604, -26.22872384554745, 6.336888804365813, 22.153586598810392, 34.56468007803673, 29.750455250182, -3.8590961873901364, -9.816949580618513, -20.673901237963307, 0.6831688733200281, 13.959997678688396, 17.850499069317465, 24.491492121124764, 21.789982438464236, -23.736143047036265, -7.617287845224368, -9.628126653487726, -13.205669850595314, -18.14158933537253, -0.30306063885645074, 30.882515776598268, 14.908602073042104], agent_converged=True, agent_rationale='laya selected mean_pool_full') is not in list
[ 108] best_single    score= 0.7305 origin=agent    iters=4 stop=no new information in 3 consecutive turns
         TEST  smape=0.0969  rmse=19.8296  pocid=0.00  mape=0.0922
         laya iter 1 -> best_ETS conf=0.473 rank=1
         laya iter 2 -> best_ETS conf=0.6628 rank=1
         laya iter 3 -> best_ETS conf=0.6628 rank=1
         laya iter 4 -> best_ETS conf=0.6628 rank=1
[ 109] FAILED: ValueError: Attempt(attempt_id='a1', spec={'combine': 'mean', 'pool': 'pool_full'}, origin='baseline', aggregate={'MAPE': 0.28810064592445533, 'SMAPE': 0.22954203740500154, 'RMSE': 45.306885466397844, 'POCID': 61.904761904761905, 'MSMAPE': 0.22946311047322054, 'MAE': 34.099341820528586}, per_window=[{'MAPE': 0.38616481676449543, 'SMAPE': 0.3050049506002241, 'RMSE': 58.80383736247729, 'POCID': 71.42857142857143, 'MSMAPE': 0.3049146600523389, 'MAE': 51.89499235058845}, {'MAPE': 0.3897609550940666, 'SMAPE': 0.28822282363497764, 'RMSE': 49.269001932939844, 'POCID': 57.142857142857146, 'MSMAPE': 0.2881138436344179, 'MAE': 38.22051609706268}, {'MAPE': 0.08837616591480393, 'SMAPE': 0.0953983379798028, 'RMSE': 16.517135707354527, 'POCID': 57.142857142857146, 'MSMAPE': 0.095360827732905, 'MAE': 12.182517013934623}], score=0.6761904761904762, rationale='deterministic baseline: plain mean of the full pool', iteration=0, n_models=19, per_window_scores=[0.6571428571428571, 0.6857142857142857, 0.6857142857142857], residuals=[21.164484910786996, 62.73791237934728, -18.579604432108056, -24.459530459718025, 38.8376946745727, 90.64292570103663, 81.8518356722769, 76.88595057486101, 13.011777482622804, 26.98254973189981, 16.80573043893142, 11.450343803430968, -5.386788887528695, 73.24333142936615, 86.2596381708617, 72.62396883185986, -6.068567414235247, -0.3121709313105896, -22.188896986700698, -35.07149715530548, -0.57410682417364, 5.1337000253003, -13.207074431301422, -14.90412234314961], agent_converged=True, agent_rationale='laya selected mean_pool_full') is not in list
[ 110] best_single    score= 0.6754 origin=agent    iters=5 stop=no new information in 3 consecutive turns
         TEST  smape=0.1112  rmse=16.2325  pocid=14.29  mape=0.1034
         laya iter 1 -> select_stable_k5 conf=0.2681 obs=pool pool5 (5 models)
         laya iter 2 -> best_ONLY_DWT_rf conf=0.6969 rank=1
         laya iter 3 -> best_ONLY_DWT_rf conf=0.6739 rank=1
         laya iter 4 -> best_ONLY_DWT_rf conf=0.6739 rank=1
         laya iter 5 -> best_ONLY_DWT_rf conf=0.6739 rank=1
--------------------------------------------------------------------------
done in 16.9s | ok: 101 | failed: 10
DATASET SUMMARY over 101 series (mean across series):
  this run   smape=0.1296  rmse=19.2182  pocid=34.65  mape=0.1340  mae=16.2441
  baseline   (n/a - no-seeds arm: o agente partiu de histórico vazio)
  mean       smape=0.1190  rmse=18.4513  pocid=44.84  mape=0.1239
  median     smape=0.1185  rmse=18.1322  pocid=46.25  mape=0.1231
  dba        smape=0.1221  rmse=18.9343  pocid=46.96  mape=0.1267
  ADE        smape=0.1164  rmse=18.0206  pocid=45.40  mape=0.1213
  FFORMA     smape=0.1187  rmse=18.4188  pocid=44.98  mape=0.1238
csv: ./timeseries/mestrado/resultados/orchestrator_laya_laya_v0_noseeds/NN5_WEEKLY_DATASET.csv
===== M4_WEEKLY_DATASET (english, NO-SEEDS) -> version laya_v0_noseeds =====
dataset      : M4_WEEKLY_DATASET
source       : m4_weekly_dataset.tsf
models       : 19
agent        : laya-english (max_len=None)
writing to   : ./timeseries/mestrado/resultados/orchestrator_laya_laya_v0_noseeds
--------------------------------------------------------------------------
/home/lucas.castro/.conda/envs/agno/lib/python3.11/site-packages/tslearn/bases/bases.py:15: UserWarning: h5py not installed, hdf5 features will not be supported.
Install h5py to use hdf5 features: http://docs.h5py.org/
  warn(h5py_msg)
Fetching 5 files:   0%|          | 0/5 [00:00<?, ?it/s]Fetching 5 files: 100%|██████████| 5/5 [00:00<00:00, 2487.43it/s]
/home/lucas.castro/.conda/envs/agno/lib/python3.11/site-packages/laya/agent.py:928: RuntimeWarning: laya: this checkpoint ships invalid temperatures or values outside [0.5, 5]; using choice:11+=0.10058280825614929 -> 0.5. Treat confidence from the affected entries as uncalibrated.
  return Agent(model_id_or_path, device=device, token=token, subfolder=subfolder, fast=fast,
[   0] best_single    score= 0.0296 origin=agent    iters=5 stop=no new information in 3 consecutive turns
         TEST  smape=0.0634  rmse=2761.5432  pocid=25.00  mape=0.0664
         laya iter 1 -> select_stable_k5 conf=0.2722 obs=pool pool5 (5 models)
         laya iter 2 -> best_ONLY_DWT_catboost conf=0.3693 rank=1
         laya iter 3 -> best_ONLY_DWT_catboost conf=0.4432 rank=1
         laya iter 4 -> best_ONLY_DWT_catboost conf=0.4432 rank=1
         laya iter 5 -> best_ONLY_DWT_catboost conf=0.4432 rank=1
[   1] best_single    score=-0.0491 origin=agent    iters=5 stop=no new information in 3 consecutive turns
         TEST  smape=0.0397  rmse=186.9013  pocid=66.67  mape=0.0411
         laya iter 1 -> select_stable_k5 conf=0.2848 obs=pool pool5 (5 models)
         laya iter 2 -> best_ONLY_CWT_rf conf=0.6956 rank=1
         laya iter 3 -> best_ONLY_CWT_rf conf=0.9435 rank=1
         laya iter 4 -> best_ONLY_CWT_rf conf=0.9435 rank=1
         laya iter 5 -> best_ONLY_CWT_rf conf=0.9435 rank=1
[   2] best_single    score=-0.1272 origin=agent    iters=5 stop=no new information in 3 consecutive turns
         TEST  smape=0.0036  rmse=47.0602  pocid=91.67  mape=0.0036
         laya iter 1 -> select_stable_k5 conf=0.2877 obs=pool pool5 (5 models)
         laya iter 2 -> best_DWT_catboost conf=0.4608 rank=1
         laya iter 3 -> best_DWT_catboost conf=0.6903 rank=1
         laya iter 4 -> best_DWT_catboost conf=0.6903 rank=1
         laya iter 5 -> best_DWT_catboost conf=0.6903 rank=1
[   3] best_single    score= 0.1800 origin=agent    iters=4 stop=no new information in 3 consecutive turns
         TEST  smape=0.2046  rmse=755.5637  pocid=66.67  mape=0.1779
         laya iter 1 -> best_ONLY_CWT_catboost conf=0.9433 rank=1
         laya iter 2 -> best_ONLY_CWT_catboost conf=0.9671 rank=1
         laya iter 3 -> best_ONLY_CWT_catboost conf=0.9671 rank=1
         laya iter 4 -> best_ONLY_CWT_catboost conf=0.9671 rank=1
[   4] best_single    score= 0.1950 origin=agent    iters=4 stop=no new information in 3 consecutive turns
         TEST  smape=0.1153  rmse=297.0621  pocid=66.67  mape=0.1203
         laya iter 1 -> best_DWT_rf conf=0.2932 rank=1
         laya iter 2 -> best_DWT_rf conf=0.5683 rank=1
         laya iter 3 -> best_DWT_rf conf=0.5683 rank=1
         laya iter 4 -> best_DWT_rf conf=0.5683 rank=1
[   5] best_single    score= 0.4030 origin=agent    iters=4 stop=no new information in 3 consecutive turns
         TEST  smape=0.2877  rmse=303.2396  pocid=33.33  mape=0.2374
         laya iter 1 -> best_ONLY_CWT_catboost conf=0.4741 rank=1
         laya iter 2 -> best_ONLY_CWT_catboost conf=0.9517 rank=1
         laya iter 3 -> best_ONLY_CWT_catboost conf=0.9517 rank=1
         laya iter 4 -> best_ONLY_CWT_catboost conf=0.9517 rank=1
[   6] best_single    score= 0.2356 origin=agent    iters=4 stop=no new information in 3 consecutive turns
         TEST  smape=0.3363  rmse=1827.2417  pocid=50.00  mape=0.2763
         laya iter 1 -> best_FT_rf conf=0.4911 rank=1
         laya iter 2 -> best_FT_rf conf=0.4705 rank=1
         laya iter 3 -> best_FT_rf conf=0.4705 rank=1
         laya iter 4 -> best_FT_rf conf=0.4705 rank=1
[   7] best_single    score= 0.5755 origin=agent    iters=5 stop=no new information in 3 consecutive turns
         TEST  smape=0.3834  rmse=2211.9923  pocid=0.00  mape=0.5300
         laya iter 1 -> best_ETS conf=0.3549 rank=1
         laya iter 2 -> prune_redundant_full conf=0.3726 obs=pool pool5 (0 models)
         laya iter 3 -> best_ETS conf=0.4427 rank=1
         laya iter 4 -> best_ETS conf=0.4427 rank=1
         laya iter 5 -> best_ETS conf=0.4427 rank=1
[   8] best_single    score= 0.3587 origin=agent    iters=5 stop=no new information in 3 consecutive turns
         TEST  smape=0.0985  rmse=1180.1490  pocid=58.33  mape=0.1080
         laya iter 1 -> select_stable_k5 conf=0.2338 obs=pool pool5 (5 models)
         laya iter 2 -> best_FT_rf conf=0.8016 rank=1
         laya iter 3 -> best_FT_rf conf=0.6446 rank=1
         laya iter 4 -> best_FT_rf conf=0.6446 rank=1
         laya iter 5 -> best_FT_rf conf=0.6446 rank=1
[   9] FAILED: ValueError: Attempt(attempt_id='a1', spec={'combine': 'mean', 'pool': 'pool_full'}, origin='baseline', aggregate={'MAPE': 449127063399.07715, 'SMAPE': 1.7898774944923865, 'RMSE': 1.3448969525482608e+16, 'POCID': 11.111111111111112, 'MSMAPE': 1.7898757100404652, 'MAE': 2300419088549114.5}, per_window=[{'MAPE': 67679287.1044694, 'SMAPE': 1.6750816242357516, 'RMSE': 972792867602.3383, 'POCID': 16.666666666666668, 'MSMAPE': 1.6750808982261276, 'MAE': 310332208958.3476}, {'MAPE': 644284806.4738641, 'SMAPE': 1.828078069998568, 'RMSE': 10068934933181.357, 'POCID': 8.333333333333334, 'MSMAPE': 1.8280741442645996, 'MAE': 3118224854041.5566}, {'MAPE': 1346669226103.653, 'SMAPE': 1.8664727892428394, 'RMSE': 2.3294296331125844e+16, 'POCID': 8.333333333333334, 'MSMAPE': 1.8664720876306686, 'MAE': 6897828708584343.0}], score=0.7777777777777778, rationale='deterministic baseline: plain mean of the full pool', iteration=0, n_models=19, per_window_scores=[0.7666666666666667, 0.7833333333333333, 0.7833333333333333], residuals=[342.9822635874352, 1520.7163923732087, 111667.75548425144, 33302.75375783557, -290838.41811403894, -2887950.3247579886, -22575479.400999192, -175349868.84539896, -1269594201.8708832, -9384245657.996214, -68373824135.98119, -481532673791.331, -3473557127700.1426, -3329.225136455193, -3600.924419315042, 20728.534147035072, 155495.70197346792, 1271560.3553623718, 11068415.243857807, 78314033.10313463, 607293517.443316, 4627772151.466766, 45683346705.58304, 433191092716.70294, 3968889670470.846, 36083833089815.1, 6058.439062535146, 34521.07488303588, 301512.9909657805, 3168526.7979790056, 39170490.96157435, 517270258.87462467, 7272771997.470608, 105530228137.76605, 1570192343518.2407, 23643202720100.016, 359139913698852.2, 5478145212588491.0, 8.3809161327294e+16], agent_converged=True, agent_rationale='laya selected mean_pool_full') is not in list
[  10] best_single    score= 0.0820 origin=agent    iters=5 stop=no new information in 3 consecutive turns
         TEST  smape=0.0835  rmse=32.9368  pocid=58.33  mape=0.0797
         laya iter 1 -> select_stable_k5 conf=0.2781 obs=pool pool5 (5 models)
         laya iter 2 -> best_ONLY_CWT_catboost conf=0.5023 rank=1
         laya iter 3 -> best_ONLY_CWT_catboost conf=0.456 rank=1
         laya iter 4 -> best_ONLY_CWT_catboost conf=0.456 rank=1
         laya iter 5 -> best_ONLY_CWT_catboost conf=0.456 rank=1
[  11] best_single    score= 0.5992 origin=agent    iters=4 stop=no new information in 3 consecutive turns
         TEST  smape=0.0157  rmse=19.9649  pocid=50.00  mape=0.0156
         laya iter 1 -> best_ONLY_FT_rf conf=0.9357 rank=1
         laya iter 2 -> best_ONLY_FT_rf conf=0.9875 rank=1
         laya iter 3 -> best_ONLY_FT_rf conf=0.9875 rank=1
         laya iter 4 -> best_ONLY_FT_rf conf=0.9875 rank=1
[  12] best_single    score= 0.3290 origin=agent    iters=4 stop=no new information in 3 consecutive turns
         TEST  smape=0.0315  rmse=101.0127  pocid=33.33  mape=0.0307
         laya iter 1 -> best_ONLY_FT_catboost conf=0.9065 rank=1
         laya iter 2 -> best_ONLY_FT_catboost conf=0.7843 rank=1
         laya iter 3 -> best_ONLY_FT_catboost conf=0.7843 rank=1
         laya iter 4 -> best_ONLY_FT_catboost conf=0.7843 rank=1
[  13] best_single    score= 0.1890 origin=agent    iters=5 stop=no new information in 3 consecutive turns
         TEST  smape=0.0690  rmse=203.2526  pocid=50.00  mape=0.0723
         laya iter 1 -> select_stable_k5 conf=0.2782 obs=pool pool5 (5 models)
         laya iter 2 -> best_ONLY_DWT_rf conf=0.6335 rank=1
         laya iter 3 -> best_ONLY_DWT_rf conf=0.9073 rank=1
         laya iter 4 -> best_ONLY_DWT_rf conf=0.9073 rank=1
         laya iter 5 -> best_ONLY_DWT_rf conf=0.9073 rank=1
[  14] best_single    score= 0.5339 origin=agent    iters=5 stop=no new information in 3 consecutive turns
         TEST  smape=0.2142  rmse=1183.8257  pocid=33.33  mape=0.2520
         laya iter 1 -> select_stable_k5 conf=0.3075 obs=pool pool5 (5 models)
         laya iter 2 -> best_ONLY_DWT_catboost conf=0.5358 rank=1
         laya iter 3 -> best_ONLY_DWT_catboost conf=0.6825 rank=1
         laya iter 4 -> best_ONLY_DWT_catboost conf=0.6825 rank=1
         laya iter 5 -> best_ONLY_DWT_catboost conf=0.6825 rank=1
[  15] best_single    score= 0.5958 origin=agent    iters=5 stop=no new information in 3 consecutive turns
         TEST  smape=0.1617  rmse=897.0017  pocid=75.00  mape=0.1833
         laya iter 1 -> select_stable_k5 conf=0.2618 obs=pool pool5 (5 models)
         laya iter 2 -> best_ONLY_CWT_catboost conf=0.3435 rank=1
         laya iter 3 -> best_ONLY_CWT_catboost conf=0.7319 rank=1
         laya iter 4 -> best_ONLY_CWT_catboost conf=0.7319 rank=1
         laya iter 5 -> best_ONLY_CWT_catboost conf=0.7319 rank=1
[  16] best_single    score=-0.0817 origin=agent    iters=4 stop=no new information in 3 consecutive turns
         TEST  smape=0.0182  rmse=272.8623  pocid=58.33  mape=0.0179
         laya iter 1 -> best_CWT_rf conf=0.7151 rank=1
         laya iter 2 -> best_CWT_rf conf=0.4323 rank=1
         laya iter 3 -> best_CWT_rf conf=0.4323 rank=1
         laya iter 4 -> best_CWT_rf conf=0.4323 rank=1
[  17] best_single    score= 0.0077 origin=agent    iters=4 stop=no new information in 3 consecutive turns
         TEST  smape=0.0563  rmse=293.5967  pocid=66.67  mape=0.0589
         laya iter 1 -> best_FT_rf conf=0.5364 rank=1
         laya iter 2 -> best_FT_rf conf=0.3395 rank=1
         laya iter 3 -> best_FT_rf conf=0.3395 rank=1
         laya iter 4 -> best_FT_rf conf=0.3395 rank=1
[  18] best_single    score= 0.1286 origin=agent    iters=4 stop=no new information in 3 consecutive turns
         TEST  smape=0.2000  rmse=1243.3159  pocid=50.00  mape=0.1961
         laya iter 1 -> best_FT_rf conf=0.4465 rank=1
         laya iter 2 -> best_FT_rf conf=0.5695 rank=1
         laya iter 3 -> best_FT_rf conf=0.5695 rank=1
         laya iter 4 -> best_FT_rf conf=0.5695 rank=1
[  19] best_single    score= 0.6630 origin=agent    iters=5 stop=no new information in 3 consecutive turns
         TEST  smape=0.1167  rmse=584.5598  pocid=66.67  mape=0.1309
         laya iter 1 -> select_stable_k5 conf=0.3879 obs=pool pool5 (5 models)
         laya iter 2 -> best_FT_catboost conf=0.3697 rank=1
         laya iter 3 -> best_FT_catboost conf=0.5278 rank=1
         laya iter 4 -> best_FT_catboost conf=0.5278 rank=1
         laya iter 5 -> best_FT_catboost conf=0.5278 rank=1
[  20] best_single    score= 0.2907 origin=agent    iters=5 stop=no new information in 3 consecutive turns
         TEST  smape=0.2183  rmse=719.3227  pocid=75.00  mape=0.1894
         laya iter 1 -> select_stable_k5 conf=0.2666 obs=pool pool5 (5 models)
         laya iter 2 -> best_ONLY_DWT_catboost conf=0.4968 rank=1
         laya iter 3 -> best_ONLY_DWT_catboost conf=0.6998 rank=1
         laya iter 4 -> best_ONLY_DWT_catboost conf=0.6998 rank=1
         laya iter 5 -> best_ONLY_DWT_catboost conf=0.6998 rank=1
[  21] best_single    score= 0.3431 origin=agent    iters=4 stop=no new information in 3 consecutive turns
         TEST  smape=0.1543  rmse=685.2353  pocid=58.33  mape=0.1433
         laya iter 1 -> best_catboost conf=0.2941 rank=1
         laya iter 2 -> best_catboost conf=0.5201 rank=1
         laya iter 3 -> best_catboost conf=0.5201 rank=1
         laya iter 4 -> best_catboost conf=0.5201 rank=1
[  22] best_single    score= 0.2987 origin=agent    iters=4 stop=no new information in 3 consecutive turns
         TEST  smape=0.1109  rmse=109.3308  pocid=33.33  mape=0.1226
         laya iter 1 -> best_CWT_rf conf=0.4343 rank=1
         laya iter 2 -> best_CWT_rf conf=0.4616 rank=1
         laya iter 3 -> best_CWT_rf conf=0.4616 rank=1
         laya iter 4 -> best_CWT_rf conf=0.4616 rank=1
[  23] best_single    score= 0.2362 origin=agent    iters=4 stop=no new information in 3 consecutive turns
         TEST  smape=0.2715  rmse=3671.2752  pocid=33.33  mape=0.2790
         laya iter 1 -> best_rf conf=0.8716 rank=1
         laya iter 2 -> best_rf conf=0.709 rank=1
         laya iter 3 -> best_rf conf=0.709 rank=1
         laya iter 4 -> best_rf conf=0.709 rank=1
[  24] best_single    score= 0.3268 origin=agent    iters=4 stop=no new information in 3 consecutive turns
         TEST  smape=0.2115  rmse=545.6557  pocid=75.00  mape=0.1888
         laya iter 1 -> best_FT_catboost conf=0.6763 rank=1
         laya iter 2 -> best_FT_catboost conf=0.9181 rank=1
         laya iter 3 -> best_FT_catboost conf=0.9181 rank=1
         laya iter 4 -> best_FT_catboost conf=0.9181 rank=1
[  25] best_single    score= 0.2710 origin=agent    iters=6 stop=no new information in 3 consecutive turns
         TEST  smape=0.2348  rmse=1308.9514  pocid=66.67  mape=0.2021
         laya iter 1 -> select_stable_k5 conf=0.2552 obs=pool pool5 (5 models)
         laya iter 2 -> best_ONLY_DWT_catboost conf=0.4923 rank=1
         laya iter 3 -> best_CWT_catboost conf=0.5212 rank=1
         laya iter 4 -> best_CWT_catboost conf=0.5212 rank=1
         laya iter 5 -> best_CWT_catboost conf=0.5212 rank=1
         laya iter 6 -> best_CWT_catboost conf=0.5212 rank=1
[  26] best_single    score= 0.3835 origin=agent    iters=5 stop=no new information in 3 consecutive turns
         TEST  smape=0.2381  rmse=785.3271  pocid=66.67  mape=0.2812
         laya iter 1 -> select_stable_k5 conf=0.3748 obs=pool pool5 (5 models)
         laya iter 2 -> best_ARIMA conf=0.4991 rank=1
         laya iter 3 -> best_ARIMA conf=0.7055 rank=1
         laya iter 4 -> best_ARIMA conf=0.7055 rank=1
         laya iter 5 -> best_ARIMA conf=0.7055 rank=1
[  27] best_single    score= 0.4242 origin=agent    iters=4 stop=no new information in 3 consecutive turns
         TEST  smape=0.4628  rmse=3674.7176  pocid=66.67  mape=0.6951
         laya iter 1 -> best_DWT_rf conf=0.3589 rank=1
         laya iter 2 -> best_DWT_rf conf=0.5378 rank=1
         laya iter 3 -> best_DWT_rf conf=0.5378 rank=1
         laya iter 4 -> best_DWT_rf conf=0.5378 rank=1
[  28] best_single    score= 0.2266 origin=agent    iters=5 stop=no new information in 3 consecutive turns
         TEST  smape=0.5452  rmse=696.0374  pocid=58.33  mape=0.4129
         laya iter 1 -> select_stable_k5 conf=0.1984 obs=pool pool5 (5 models)
         laya iter 2 -> best_ONLY_CWT_catboost conf=0.5003 rank=1
         laya iter 3 -> best_ONLY_CWT_catboost conf=0.4471 rank=1
         laya iter 4 -> best_ONLY_CWT_catboost conf=0.4471 rank=1
         laya iter 5 -> best_ONLY_CWT_catboost conf=0.4471 rank=1
[  29] best_single    score= 0.5115 origin=agent    iters=5 stop=no new information in 3 consecutive turns
         TEST  smape=0.1244  rmse=871.2082  pocid=83.33  mape=0.1153
         laya iter 1 -> select_stable_k5 conf=0.2465 obs=pool pool5 (5 models)
         laya iter 2 -> best_FT_catboost conf=0.5319 rank=1
         laya iter 3 -> best_FT_catboost conf=0.4715 rank=1
         laya iter 4 -> best_FT_catboost conf=0.4715 rank=1
         laya iter 5 -> best_FT_catboost conf=0.4715 rank=1
[  30] best_single    score= 0.4192 origin=agent    iters=5 stop=no new information in 3 consecutive turns
         TEST  smape=0.3135  rmse=508.7995  pocid=50.00  mape=0.2710
         laya iter 1 -> select_stable_k5 conf=0.2475 obs=pool pool5 (5 models)
         laya iter 2 -> best_FT_catboost conf=0.496 rank=1
         laya iter 3 -> best_FT_catboost conf=0.4609 rank=1
         laya iter 4 -> best_FT_catboost conf=0.4609 rank=1
         laya iter 5 -> best_FT_catboost conf=0.4609 rank=1
[  31] best_single    score= 0.4755 origin=agent    iters=6 stop=no new information in 3 consecutive turns
         TEST  smape=0.3888  rmse=2340.7210  pocid=41.67  mape=0.3137
         laya iter 1 -> select_stable_k5 conf=0.3939 obs=pool pool5 (5 models)
         laya iter 2 -> best_rf conf=0.304 rank=1
         laya iter 3 -> best_catboost conf=0.7636 rank=1
         laya iter 4 -> best_catboost conf=0.7636 rank=1
         laya iter 5 -> best_catboost conf=0.7636 rank=1
         laya iter 6 -> best_catboost conf=0.7636 rank=1
[  32] best_single    score= 0.2960 origin=agent    iters=4 stop=no new information in 3 consecutive turns
         TEST  smape=0.1618  rmse=573.2532  pocid=83.33  mape=0.1884
         laya iter 1 -> best_DWT_rf conf=0.304 rank=1
         laya iter 2 -> best_DWT_rf conf=0.7252 rank=1
         laya iter 3 -> best_DWT_rf conf=0.7252 rank=1
         laya iter 4 -> best_DWT_rf conf=0.7252 rank=1
[  33] best_single    score= 0.3274 origin=agent    iters=4 stop=no new information in 3 consecutive turns
         TEST  smape=0.1411  rmse=349.2867  pocid=75.00  mape=0.1378
         laya iter 1 -> best_ONLY_DWT_rf conf=0.4767 rank=1
         laya iter 2 -> best_ONLY_DWT_rf conf=0.5746 rank=1
         laya iter 3 -> best_ONLY_DWT_rf conf=0.5746 rank=1
         laya iter 4 -> best_ONLY_DWT_rf conf=0.5746 rank=1
[  34] best_single    score= 0.3559 origin=agent    iters=5 stop=no new information in 3 consecutive turns
         TEST  smape=0.2296  rmse=464.2917  pocid=83.33  mape=0.1999
         laya iter 1 -> select_stable_k5 conf=0.273 obs=pool pool5 (5 models)
         laya iter 2 -> best_CWT_catboost conf=0.6269 rank=1
         laya iter 3 -> best_CWT_catboost conf=0.8421 rank=1
         laya iter 4 -> best_CWT_catboost conf=0.8421 rank=1
         laya iter 5 -> best_CWT_catboost conf=0.8421 rank=1
[  35] best_single    score= 0.4046 origin=agent    iters=5 stop=no new information in 3 consecutive turns
         TEST  smape=0.1321  rmse=2352.5976  pocid=66.67  mape=0.1424
         laya iter 1 -> select_stable_k5 conf=0.2286 obs=pool pool5 (5 models)
         laya iter 2 -> best_ONLY_DWT_rf conf=0.4234 rank=1
         laya iter 3 -> best_ONLY_DWT_rf conf=0.3725 rank=1
         laya iter 4 -> best_ONLY_DWT_rf conf=0.3725 rank=1
         laya iter 5 -> best_ONLY_DWT_rf conf=0.3725 rank=1
[  36] best_single    score= 0.3003 origin=agent    iters=5 stop=no new information in 3 consecutive turns
         TEST  smape=0.0700  rmse=226.4983  pocid=50.00  mape=0.0730
         laya iter 1 -> best_rf conf=0.4227 rank=1
         laya iter 2 -> best_ONLY_CWT_catboost conf=0.6477 rank=2
         laya iter 3 -> best_ONLY_CWT_catboost conf=0.6477 rank=2
         laya iter 4 -> best_ONLY_CWT_catboost conf=0.6477 rank=2
         laya iter 5 -> best_ONLY_CWT_catboost conf=0.6477 rank=2
[  37] best_single    score= 1.3632 origin=agent    iters=4 stop=no new information in 3 consecutive turns
         TEST  smape=0.0174  rmse=58.0654  pocid=75.00  mape=0.0175
         laya iter 1 -> best_DWT_rf conf=0.3864 rank=1
         laya iter 2 -> best_DWT_rf conf=0.827 rank=1
         laya iter 3 -> best_DWT_rf conf=0.827 rank=1
         laya iter 4 -> best_DWT_rf conf=0.827 rank=1
[  38] best_single    score= 0.0144 origin=agent    iters=5 stop=no new information in 3 consecutive turns
         TEST  smape=0.0312  rmse=200.4735  pocid=33.33  mape=0.0318
         laya iter 1 -> select_stable_k5 conf=0.3318 obs=pool pool5 (5 models)
         laya iter 2 -> best_ONLY_DWT_rf conf=0.8805 rank=1
         laya iter 3 -> best_ONLY_DWT_rf conf=0.983 rank=1
         laya iter 4 -> best_ONLY_DWT_rf conf=0.983 rank=1
         laya iter 5 -> best_ONLY_DWT_rf conf=0.983 rank=1
[  39] best_single    score=-0.0034 origin=agent    iters=4 stop=no new information in 3 consecutive turns
         TEST  smape=0.0323  rmse=205.7199  pocid=33.33  mape=0.0329
         laya iter 1 -> best_ONLY_DWT_rf conf=0.4442 rank=1
         laya iter 2 -> best_ONLY_DWT_rf conf=0.5189 rank=1
         laya iter 3 -> best_ONLY_DWT_rf conf=0.5189 rank=1
         laya iter 4 -> best_ONLY_DWT_rf conf=0.5189 rank=1
[  40] best_single    score= 0.1200 origin=agent    iters=4 stop=no new information in 3 consecutive turns
         TEST  smape=0.0181  rmse=125.9207  pocid=25.00  mape=0.0183
         laya iter 1 -> best_FT_catboost conf=0.5302 rank=1
         laya iter 2 -> best_FT_catboost conf=0.4663 rank=1
         laya iter 3 -> best_FT_catboost conf=0.4663 rank=1
         laya iter 4 -> best_FT_catboost conf=0.4663 rank=1
[  41] best_single    score= 0.1940 origin=agent    iters=6 stop=no new information in 3 consecutive turns
         TEST  smape=0.0137  rmse=99.9876  pocid=8.33  mape=0.0138
         laya iter 1 -> select_stable_k5 conf=0.2625 obs=pool pool5 (5 models)
         laya iter 2 -> best_FT_rf conf=0.5931 rank=1
         laya iter 3 -> best_DWT_catboost conf=0.6674 rank=1
         laya iter 4 -> best_DWT_catboost conf=0.6674 rank=1
         laya iter 5 -> best_DWT_catboost conf=0.6674 rank=1
         laya iter 6 -> best_DWT_catboost conf=0.6674 rank=1
[  42] best_single    score= 0.2332 origin=agent    iters=4 stop=no new information in 3 consecutive turns
         TEST  smape=0.0078  rmse=56.4871  pocid=66.67  mape=0.0077
         laya iter 1 -> best_DWT_rf conf=0.3372 rank=1
         laya iter 2 -> best_DWT_rf conf=0.6519 rank=1
         laya iter 3 -> best_DWT_rf conf=0.6519 rank=1
         laya iter 4 -> best_DWT_rf conf=0.6519 rank=1
[  43] best_single    score= 0.0267 origin=agent    iters=5 stop=no new information in 3 consecutive turns
         TEST  smape=0.0234  rmse=146.9084  pocid=41.67  mape=0.0237
         laya iter 1 -> select_stable_k5 conf=0.2623 obs=pool pool5 (5 models)
         laya iter 2 -> best_ONLY_CWT_rf conf=0.8691 rank=1
         laya iter 3 -> best_ONLY_CWT_rf conf=0.5509 rank=1
         laya iter 4 -> best_ONLY_CWT_rf conf=0.5509 rank=1
         laya iter 5 -> best_ONLY_CWT_rf conf=0.5509 rank=1
[  44] best_single    score= 0.4210 origin=agent    iters=4 stop=no new information in 3 consecutive turns
         TEST  smape=0.0403  rmse=152.1604  pocid=33.33  mape=0.0391
         laya iter 1 -> best_ONLY_FT_catboost conf=0.5757 rank=1
         laya iter 2 -> best_ONLY_FT_catboost conf=0.7759 rank=1
         laya iter 3 -> best_ONLY_FT_catboost conf=0.7759 rank=1
         laya iter 4 -> best_ONLY_FT_catboost conf=0.7759 rank=1
[  45] best_single    score= 0.1450 origin=agent    iters=6 stop=no new information in 3 consecutive turns
         TEST  smape=0.0609  rmse=197.8895  pocid=58.33  mape=0.0629
         laya iter 1 -> select_stable_k5 conf=0.2777 obs=pool pool5 (5 models)
         laya iter 2 -> best_FT_catboost conf=0.4374 rank=1
         laya iter 3 -> best_ONLY_CWT_rf conf=0.5257 rank=1
         laya iter 4 -> best_ONLY_CWT_rf conf=0.5257 rank=1
         laya iter 5 -> best_ONLY_CWT_rf conf=0.5257 rank=1
         laya iter 6 -> best_ONLY_CWT_rf conf=0.5257 rank=1
[  46] best_single    score= 0.4413 origin=agent    iters=4 stop=no new information in 3 consecutive turns
         TEST  smape=0.0412  rmse=151.3095  pocid=41.67  mape=0.0400
         laya iter 1 -> best_ONLY_FT_catboost conf=0.8278 rank=1
         laya iter 2 -> best_ONLY_FT_catboost conf=0.6628 rank=1
         laya iter 3 -> best_ONLY_FT_catboost conf=0.6628 rank=1
         laya iter 4 -> best_ONLY_FT_catboost conf=0.6628 rank=1
[  47] best_single    score= 0.1076 origin=agent    iters=4 stop=no new information in 3 consecutive turns
         TEST  smape=0.0166  rmse=51.0157  pocid=75.00  mape=0.0164
         laya iter 1 -> best_ONLY_DWT_rf conf=0.3283 rank=1
         laya iter 2 -> best_ONLY_DWT_rf conf=0.7124 rank=1
         laya iter 3 -> best_ONLY_DWT_rf conf=0.7124 rank=1
         laya iter 4 -> best_ONLY_DWT_rf conf=0.7124 rank=1
[  48] best_single    score= 0.5303 origin=agent    iters=5 stop=no new information in 3 consecutive turns
         TEST  smape=0.0207  rmse=82.3848  pocid=66.67  mape=0.0209
         laya iter 1 -> best_catboost conf=0.2715 rank=1
         laya iter 2 -> best_ONLY_CWT_catboost conf=0.4293 rank=2
         laya iter 3 -> best_ONLY_CWT_catboost conf=0.4293 rank=2
         laya iter 4 -> best_ONLY_CWT_catboost conf=0.4293 rank=2
         laya iter 5 -> best_ONLY_CWT_catboost conf=0.4293 rank=2
[  49] best_single    score= 0.3806 origin=agent    iters=5 stop=no new information in 3 consecutive turns
         TEST  smape=0.0259  rmse=95.3041  pocid=41.67  mape=0.0259
         laya iter 1 -> select_stable_k5 conf=0.2888 obs=pool pool5 (5 models)
         laya iter 2 -> best_DWT_catboost conf=0.5799 rank=1
         laya iter 3 -> best_DWT_catboost conf=0.9298 rank=1
         laya iter 4 -> best_DWT_catboost conf=0.9298 rank=1
         laya iter 5 -> best_DWT_catboost conf=0.9298 rank=1
[  50] best_single    score= 0.0892 origin=agent    iters=4 stop=no new information in 3 consecutive turns
         TEST  smape=0.0159  rmse=121.4403  pocid=33.33  mape=0.0161
         laya iter 1 -> best_ONLY_CWT_rf conf=0.8897 rank=1
         laya iter 2 -> best_ONLY_CWT_rf conf=0.9904 rank=1
         laya iter 3 -> best_ONLY_CWT_rf conf=0.9904 rank=1
         laya iter 4 -> best_ONLY_CWT_rf conf=0.9904 rank=1
[  51] best_single    score= 0.1816 origin=agent    iters=4 stop=no new information in 3 consecutive turns
         TEST  smape=0.0146  rmse=134.0292  pocid=41.67  mape=0.0148
         laya iter 1 -> best_CWT_rf conf=0.3933 rank=1
         laya iter 2 -> best_CWT_rf conf=0.7007 rank=1
         laya iter 3 -> best_CWT_rf conf=0.7007 rank=1
         laya iter 4 -> best_CWT_rf conf=0.7007 rank=1
[  52] best_single    score= 0.4421 origin=agent    iters=5 stop=no new information in 3 consecutive turns
         TEST  smape=0.1356  rmse=316.7600  pocid=50.00  mape=0.1238
         laya iter 1 -> select_stable_k5 conf=0.2519 obs=pool pool5 (5 models)
         laya iter 2 -> best_CWT_catboost conf=0.5016 rank=1
         laya iter 3 -> best_CWT_catboost conf=0.8009 rank=1
         laya iter 4 -> best_CWT_catboost conf=0.8009 rank=1
         laya iter 5 -> best_CWT_catboost conf=0.8009 rank=1
[  53] best_single    score=-0.1004 origin=agent    iters=6 stop=no new information in 3 consecutive turns
         TEST  smape=0.0116  rmse=36.4830  pocid=58.33  mape=0.0118
         laya iter 1 -> select_stable_k5 conf=0.2858 obs=pool pool5 (5 models)
         laya iter 2 -> best_ONLY_DWT_catboost conf=0.3668 rank=1
         laya iter 3 -> best_DWT_catboost conf=0.6476 rank=2
         laya iter 4 -> best_DWT_catboost conf=0.6476 rank=2
         laya iter 5 -> best_DWT_catboost conf=0.6476 rank=2
         laya iter 6 -> best_DWT_catboost conf=0.6476 rank=2
[  54] best_single    score= 0.2837 origin=agent    iters=4 stop=no new information in 3 consecutive turns
         TEST  smape=0.0503  rmse=327.8838  pocid=66.67  mape=0.0525
         laya iter 1 -> best_FT_rf conf=0.3478 rank=1
         laya iter 2 -> best_FT_rf conf=0.6413 rank=1
         laya iter 3 -> best_FT_rf conf=0.6413 rank=1
         laya iter 4 -> best_FT_rf conf=0.6413 rank=1
[  55] best_single    score= 0.5553 origin=agent    iters=4 stop=no new information in 3 consecutive turns
         TEST  smape=0.2382  rmse=824.7350  pocid=41.67  mape=0.2097
         laya iter 1 -> best_ONLY_DWT_catboost conf=0.3366 rank=1
         laya iter 2 -> best_ONLY_DWT_catboost conf=0.5688 rank=1
         laya iter 3 -> best_ONLY_DWT_catboost conf=0.5688 rank=1
         laya iter 4 -> best_ONLY_DWT_catboost conf=0.5688 rank=1
[  56] best_single    score= 0.3096 origin=agent    iters=4 stop=no new information in 3 consecutive turns
         TEST  smape=0.4169  rmse=559.5087  pocid=75.00  mape=0.3052
         laya iter 1 -> best_CWT_rf conf=0.4232 rank=1
         laya iter 2 -> best_CWT_rf conf=0.5609 rank=1
         laya iter 3 -> best_CWT_rf conf=0.5609 rank=1
         laya iter 4 -> best_CWT_rf conf=0.5609 rank=1
[  57] best_single    score= 0.4900 origin=agent    iters=5 stop=no new information in 3 consecutive turns
         TEST  smape=0.1107  rmse=439.7044  pocid=58.33  mape=0.1037
         laya iter 1 -> select_stable_k5 conf=0.2903 obs=pool pool5 (5 models)
         laya iter 2 -> best_FT_catboost conf=0.3689 rank=1
         laya iter 3 -> best_FT_catboost conf=0.3298 rank=1
         laya iter 4 -> best_FT_catboost conf=0.3298 rank=1
         laya iter 5 -> best_FT_catboost conf=0.3298 rank=1
[  58] best_single    score= 0.5868 origin=agent    iters=4 stop=no new information in 3 consecutive turns
         TEST  smape=0.2166  rmse=495.5378  pocid=100.00  mape=0.2572
         laya iter 1 -> best_FT_rf conf=0.9798 rank=1
         laya iter 2 -> best_FT_rf conf=0.868 rank=1
         laya iter 3 -> best_FT_rf conf=0.868 rank=1
         laya iter 4 -> best_FT_rf conf=0.868 rank=1
[  59] best_single    score= 0.1812 origin=agent    iters=5 stop=no new information in 3 consecutive turns
         TEST  smape=0.0375  rmse=385.9353  pocid=66.67  mape=0.0366
         laya iter 1 -> best_ONLY_CWT_catboost conf=0.3007 rank=1
         laya iter 2 -> best_FT_rf conf=0.5363 rank=2
         laya iter 3 -> best_FT_rf conf=0.5363 rank=2
         laya iter 4 -> best_FT_rf conf=0.5363 rank=2
         laya iter 5 -> best_FT_rf conf=0.5363 rank=2
[  60] best_single    score= 0.0952 origin=agent    iters=4 stop=no new information in 3 consecutive turns
         TEST  smape=0.0403  rmse=485.0615  pocid=16.67  mape=0.0410
         laya iter 1 -> best_DWT_rf conf=0.3372 rank=1
         laya iter 2 -> best_DWT_rf conf=0.3451 rank=1
         laya iter 3 -> best_DWT_rf conf=0.3451 rank=1
         laya iter 4 -> best_DWT_rf conf=0.3451 rank=1
[  61] best_single    score= 0.0737 origin=agent    iters=4 stop=no new information in 3 consecutive turns
         TEST  smape=0.0211  rmse=201.4007  pocid=33.33  mape=0.0209
         laya iter 1 -> best_CWT_rf conf=0.447 rank=1
         laya iter 2 -> best_CWT_rf conf=0.6372 rank=1
         laya iter 3 -> best_CWT_rf conf=0.6372 rank=1
         laya iter 4 -> best_CWT_rf conf=0.6372 rank=1
[  62] best_single    score= 0.0634 origin=agent    iters=6 stop=no new information in 3 consecutive turns
         TEST  smape=0.0200  rmse=212.1813  pocid=33.33  mape=0.0195
         laya iter 1 -> select_stable_k5 conf=0.2809 obs=pool pool5 (5 models)
         laya iter 2 -> best_DWT_rf conf=0.8453 rank=1
         laya iter 3 -> best_DWT_catboost conf=0.5675 rank=1
         laya iter 4 -> best_DWT_catboost conf=0.5675 rank=1
         laya iter 5 -> best_DWT_catboost conf=0.5675 rank=1
         laya iter 6 -> best_DWT_catboost conf=0.5675 rank=1
[  63] best_single    score=-0.0941 origin=agent    iters=5 stop=no new information in 3 consecutive turns
         TEST  smape=0.0154  rmse=333.2679  pocid=100.00  mape=0.0152
         laya iter 1 -> select_stable_k5 conf=0.2913 obs=pool pool5 (5 models)
         laya iter 2 -> best_ONLY_CWT_rf conf=0.8119 rank=1
         laya iter 3 -> best_ONLY_CWT_rf conf=0.9784 rank=1
         laya iter 4 -> best_ONLY_CWT_rf conf=0.9784 rank=1
         laya iter 5 -> best_ONLY_CWT_rf conf=0.9784 rank=1
[  64] best_single    score=-0.1076 origin=agent    iters=5 stop=no new information in 3 consecutive turns
         TEST  smape=0.0212  rmse=541.7724  pocid=91.67  mape=0.0209
         laya iter 1 -> select_stable_k5 conf=0.3383 obs=pool pool5 (5 models)
         laya iter 2 -> best_DWT_rf conf=0.9153 rank=1
         laya iter 3 -> best_DWT_rf conf=0.9674 rank=1
         laya iter 4 -> best_DWT_rf conf=0.9674 rank=1
         laya iter 5 -> best_DWT_rf conf=0.9674 rank=1
[  65] best_single    score=-0.1409 origin=agent    iters=5 stop=no new information in 3 consecutive turns
         TEST  smape=0.0037  rmse=39.0025  pocid=100.00  mape=0.0037
         laya iter 1 -> select_stable_k5 conf=0.3035 obs=pool pool5 (5 models)
         laya iter 2 -> best_CWT_rf conf=0.5537 rank=1
         laya iter 3 -> best_CWT_rf conf=0.7392 rank=1
         laya iter 4 -> best_CWT_rf conf=0.7392 rank=1
         laya iter 5 -> best_CWT_rf conf=0.7392 rank=1
[  66] best_single    score= 0.0516 origin=agent    iters=5 stop=no new information in 3 consecutive turns
         TEST  smape=0.0260  rmse=413.6317  pocid=66.67  mape=0.0255
         laya iter 1 -> select_stable_k5 conf=0.2754 obs=pool pool5 (5 models)
         laya iter 2 -> best_FT_catboost conf=0.5821 rank=1
         laya iter 3 -> best_FT_catboost conf=0.6313 rank=1
         laya iter 4 -> best_FT_catboost conf=0.6313 rank=1
         laya iter 5 -> best_FT_catboost conf=0.6313 rank=1
[  67] best_single    score=-0.0483 origin=agent    iters=4 stop=no new information in 3 consecutive turns
         TEST  smape=0.0059  rmse=49.6992  pocid=75.00  mape=0.0059
         laya iter 1 -> best_rf conf=0.9727 rank=1
         laya iter 2 -> best_rf conf=0.9548 rank=1
         laya iter 3 -> best_rf conf=0.9548 rank=1
         laya iter 4 -> best_rf conf=0.9548 rank=1
[  68] best_single    score=-0.0240 origin=agent    iters=4 stop=no new information in 3 consecutive turns
         TEST  smape=0.0141  rmse=103.0350  pocid=66.67  mape=0.0140
         laya iter 1 -> best_ONLY_CWT_rf conf=0.327 rank=1
         laya iter 2 -> best_ONLY_CWT_rf conf=0.3663 rank=1
         laya iter 3 -> best_ONLY_CWT_rf conf=0.3663 rank=1
         laya iter 4 -> best_ONLY_CWT_rf conf=0.3663 rank=1
[  69] best_single    score=-0.0489 origin=agent    iters=5 stop=no new information in 3 consecutive turns
         TEST  smape=0.0101  rmse=35.3591  pocid=75.00  mape=0.0100
         laya iter 1 -> select_stable_k5 conf=0.2964 obs=pool pool5 (5 models)
         laya iter 2 -> best_DWT_catboost conf=0.4668 rank=1
         laya iter 3 -> best_DWT_catboost conf=0.6209 rank=1
         laya iter 4 -> best_DWT_catboost conf=0.6209 rank=1
         laya iter 5 -> best_DWT_catboost conf=0.6209 rank=1
[  70] best_single    score= 0.1696 origin=agent    iters=5 stop=no new information in 3 consecutive turns
         TEST  smape=0.0160  rmse=36.7688  pocid=75.00  mape=0.0158
         laya iter 1 -> select_stable_k5 conf=0.3278 obs=pool pool5 (5 models)
         laya iter 2 -> best_DWT_rf conf=0.5291 rank=1
         laya iter 3 -> best_DWT_rf conf=0.5414 rank=1
         laya iter 4 -> best_DWT_rf conf=0.5414 rank=1
         laya iter 5 -> best_DWT_rf conf=0.5414 rank=1
[  71] best_single    score= 0.1402 origin=agent    iters=6 stop=no new information in 3 consecutive turns
         TEST  smape=0.4308  rmse=804.4260  pocid=50.00  mape=0.2844
         laya iter 1 -> select_stable_k5 conf=0.2553 obs=pool pool5 (5 models)
         laya iter 2 -> best_ONLY_DWT_catboost conf=0.3056 rank=1
         laya iter 3 -> best_CWT_catboost conf=0.3017 rank=1
         laya iter 4 -> best_CWT_catboost conf=0.3017 rank=1
         laya iter 5 -> best_CWT_catboost conf=0.3017 rank=1
         laya iter 6 -> best_CWT_catboost conf=0.3017 rank=1
[  72] best_single    score= 0.1179 origin=agent    iters=6 stop=no new information in 3 consecutive turns
         TEST  smape=0.0625  rmse=151.3030  pocid=75.00  mape=0.0591
         laya iter 1 -> select_stable_k5 conf=0.2574 obs=pool pool5 (5 models)
         laya iter 2 -> best_ONLY_DWT_rf conf=0.5124 rank=1
         laya iter 3 -> best_CWT_rf conf=0.5398 rank=1
         laya iter 4 -> best_CWT_rf conf=0.5398 rank=1
         laya iter 5 -> best_CWT_rf conf=0.5398 rank=1
         laya iter 6 -> best_CWT_rf conf=0.5398 rank=1
[  73] best_single    score= 0.6735 origin=agent    iters=5 stop=no new information in 3 consecutive turns
         TEST  smape=0.1807  rmse=944.1360  pocid=33.33  mape=0.1646
         laya iter 1 -> select_stable_k5 conf=0.3518 obs=pool pool5 (5 models)
         laya iter 2 -> best_ONLY_FT_rf conf=0.5252 rank=1
         laya iter 3 -> best_ONLY_FT_rf conf=0.7396 rank=1
         laya iter 4 -> best_ONLY_FT_rf conf=0.7396 rank=1
         laya iter 5 -> best_ONLY_FT_rf conf=0.7396 rank=1
[  74] best_single    score= 0.0458 origin=agent    iters=6 stop=no new information in 3 consecutive turns
         TEST  smape=0.0413  rmse=1288.3566  pocid=41.67  mape=0.0427
         laya iter 1 -> select_stable_k5 conf=0.2485 obs=pool pool5 (5 models)
         laya iter 2 -> best_ONLY_CWT_catboost conf=0.6283 rank=1
         laya iter 3 -> best_ONLY_DWT_catboost conf=0.8565 rank=1
         laya iter 4 -> best_ONLY_DWT_catboost conf=0.8565 rank=1
         laya iter 5 -> best_ONLY_DWT_catboost conf=0.8565 rank=1
         laya iter 6 -> best_ONLY_DWT_catboost conf=0.8565 rank=1
[  75] best_single    score= 0.0053 origin=agent    iters=4 stop=no new information in 3 consecutive turns
         TEST  smape=0.2614  rmse=120.3483  pocid=8.33  mape=0.3450
         laya iter 1 -> best_catboost conf=0.4283 rank=1
         laya iter 2 -> best_catboost conf=0.6279 rank=1
         laya iter 3 -> best_catboost conf=0.6279 rank=1
         laya iter 4 -> best_catboost conf=0.6279 rank=1
[  76] best_single    score=-0.0651 origin=agent    iters=4 stop=no new information in 3 consecutive turns
         TEST  smape=0.2381  rmse=1010.6013  pocid=58.33  mape=0.2109
         laya iter 1 -> best_ONLY_DWT_rf conf=0.7285 rank=1
         laya iter 2 -> best_ONLY_DWT_rf conf=0.9088 rank=1
         laya iter 3 -> best_ONLY_DWT_rf conf=0.9088 rank=1
         laya iter 4 -> best_ONLY_DWT_rf conf=0.9088 rank=1
[  77] best_single    score= 0.3725 origin=agent    iters=4 stop=no new information in 3 consecutive turns
         TEST  smape=0.2199  rmse=949.6860  pocid=91.67  mape=0.1958
         laya iter 1 -> best_ONLY_CWT_catboost conf=0.9558 rank=1
         laya iter 2 -> best_ONLY_CWT_catboost conf=0.9854 rank=1
         laya iter 3 -> best_ONLY_CWT_catboost conf=0.9854 rank=1
         laya iter 4 -> best_ONLY_CWT_catboost conf=0.9854 rank=1
[  78] best_single    score= 0.6782 origin=agent    iters=5 stop=no new information in 3 consecutive turns
         TEST  smape=0.1209  rmse=235.4968  pocid=50.00  mape=0.1133
         laya iter 1 -> select_stable_k5 conf=0.2784 obs=pool pool5 (5 models)
         laya iter 2 -> best_ONLY_DWT_rf conf=0.4124 rank=1
         laya iter 3 -> best_ONLY_DWT_rf conf=0.4757 rank=1
         laya iter 4 -> best_ONLY_DWT_rf conf=0.4757 rank=1
         laya iter 5 -> best_ONLY_DWT_rf conf=0.4757 rank=1
[  79] best_single    score= 0.6966 origin=agent    iters=6 stop=no new information in 3 consecutive turns
         TEST  smape=0.1467  rmse=306.0415  pocid=58.33  mape=0.1594
         laya iter 1 -> select_stable_k5 conf=0.2368 obs=pool pool5 (5 models)
         laya iter 2 -> best_ONLY_DWT_catboost conf=0.5756 rank=1
         laya iter 3 -> best_FT_rf conf=0.52 rank=1
         laya iter 4 -> best_FT_rf conf=0.52 rank=1
         laya iter 5 -> best_FT_rf conf=0.52 rank=1
         laya iter 6 -> best_FT_rf conf=0.52 rank=1
[  80] best_single    score= 0.1345 origin=agent    iters=4 stop=no new information in 3 consecutive turns
         TEST  smape=0.0292  rmse=837.4919  pocid=58.33  mape=0.0297
         laya iter 1 -> best_ONLY_DWT_rf conf=0.3848 rank=1
         laya iter 2 -> best_ONLY_DWT_rf conf=0.9104 rank=1
         laya iter 3 -> best_ONLY_DWT_rf conf=0.9104 rank=1
         laya iter 4 -> best_ONLY_DWT_rf conf=0.9104 rank=1
[  81] best_single    score=-0.1398 origin=agent    iters=6 stop=no new information in 3 consecutive turns
         TEST  smape=0.0023  rmse=11.3651  pocid=83.33  mape=0.0023
         laya iter 1 -> select_stable_k5 conf=0.3172 obs=pool pool5 (5 models)
         laya iter 2 -> best_FT_rf conf=0.5233 rank=1
         laya iter 3 -> best_ONLY_FT_catboost conf=0.6305 rank=2
         laya iter 4 -> best_ONLY_FT_catboost conf=0.6305 rank=2
         laya iter 5 -> best_ONLY_FT_catboost conf=0.6305 rank=2
         laya iter 6 -> best_ONLY_FT_catboost conf=0.6305 rank=2
[  82] best_single    score= 0.3738 origin=agent    iters=5 stop=no new information in 3 consecutive turns
         TEST  smape=0.0316  rmse=273.9036  pocid=33.33  mape=0.0326
         laya iter 1 -> select_stable_k5 conf=0.2798 obs=pool pool5 (5 models)
         laya iter 2 -> best_rf conf=0.7878 rank=1
         laya iter 3 -> best_rf conf=0.893 rank=1
         laya iter 4 -> best_rf conf=0.893 rank=1
         laya iter 5 -> best_rf conf=0.893 rank=1
[  83] best_single    score= 0.3592 origin=agent    iters=4 stop=no new information in 3 consecutive turns
         TEST  smape=0.0077  rmse=54.6133  pocid=75.00  mape=0.0076
         laya iter 1 -> best_DWT_rf conf=0.4702 rank=1
         laya iter 2 -> best_DWT_rf conf=0.317 rank=1
         laya iter 3 -> best_DWT_rf conf=0.317 rank=1
         laya iter 4 -> best_DWT_rf conf=0.317 rank=1
[  84] best_single    score=-0.0749 origin=agent    iters=5 stop=no new information in 3 consecutive turns
         TEST  smape=0.0091  rmse=199.7728  pocid=83.33  mape=0.0090
         laya iter 1 -> best_ONLY_CWT_catboost conf=0.3524 rank=1
         laya iter 2 -> best_rf conf=0.4116 rank=2
         laya iter 3 -> best_rf conf=0.4116 rank=2
         laya iter 4 -> best_rf conf=0.4116 rank=2
         laya iter 5 -> best_rf conf=0.4116 rank=2
[  85] best_single    score=-0.0753 origin=agent    iters=4 stop=no new information in 3 consecutive turns
         TEST  smape=0.0122  rmse=228.7026  pocid=75.00  mape=0.0121
         laya iter 1 -> best_ONLY_CWT_catboost conf=0.3895 rank=1
         laya iter 2 -> best_ONLY_CWT_catboost conf=0.8313 rank=1
         laya iter 3 -> best_ONLY_CWT_catboost conf=0.8313 rank=1
         laya iter 4 -> best_ONLY_CWT_catboost conf=0.8313 rank=1
[  86] best_single    score=-0.0638 origin=agent    iters=6 stop=no new information in 3 consecutive turns
         TEST  smape=0.0319  rmse=36.8164  pocid=58.33  mape=0.0313
         laya iter 1 -> select_stable_k5 conf=0.3266 obs=pool pool5 (5 models)
         laya iter 2 -> best_ONLY_CWT_catboost conf=0.5169 rank=1
         laya iter 3 -> best_CWT_catboost conf=0.8895 rank=1
         laya iter 4 -> best_CWT_catboost conf=0.8895 rank=1
         laya iter 5 -> best_CWT_catboost conf=0.8895 rank=1
         laya iter 6 -> best_CWT_catboost conf=0.8895 rank=1
[  87] best_single    score=-0.0639 origin=agent    iters=4 stop=no new information in 3 consecutive turns
         TEST  smape=0.0055  rmse=80.2186  pocid=75.00  mape=0.0055
         laya iter 1 -> best_rf conf=0.5183 rank=1
         laya iter 2 -> best_rf conf=0.9567 rank=1
         laya iter 3 -> best_rf conf=0.9567 rank=1
         laya iter 4 -> best_rf conf=0.9567 rank=1
[  88] best_single    score=-0.0035 origin=agent    iters=5 stop=no new information in 3 consecutive turns
         TEST  smape=0.1119  rmse=138.8863  pocid=58.33  mape=0.1193
         laya iter 1 -> select_stable_k5 conf=0.3056 obs=pool pool5 (5 models)
         laya iter 2 -> best_ONLY_FT_catboost conf=0.3667 rank=1
         laya iter 3 -> best_ONLY_FT_catboost conf=0.4432 rank=1
         laya iter 4 -> best_ONLY_FT_catboost conf=0.4432 rank=1
         laya iter 5 -> best_ONLY_FT_catboost conf=0.4432 rank=1
[  89] best_single    score= 0.0373 origin=agent    iters=5 stop=no new information in 3 consecutive turns
         TEST  smape=0.0213  rmse=45.3663  pocid=83.33  mape=0.0216
         laya iter 1 -> select_stable_k5 conf=0.3035 obs=pool pool5 (5 models)
         laya iter 2 -> best_ONLY_DWT_rf conf=0.5382 rank=1
         laya iter 3 -> best_ONLY_DWT_rf conf=0.7548 rank=1
         laya iter 4 -> best_ONLY_DWT_rf conf=0.7548 rank=1
         laya iter 5 -> best_ONLY_DWT_rf conf=0.7548 rank=1
[  90] best_single    score=-0.0140 origin=agent    iters=4 stop=no new information in 3 consecutive turns
         TEST  smape=0.0294  rmse=621.4291  pocid=66.67  mape=0.0299
         laya iter 1 -> best_ONLY_FT_catboost conf=0.9614 rank=1
         laya iter 2 -> best_ONLY_FT_catboost conf=0.8514 rank=1
         laya iter 3 -> best_ONLY_FT_catboost conf=0.8514 rank=1
         laya iter 4 -> best_ONLY_FT_catboost conf=0.8514 rank=1
[  91] best_single    score=-0.0695 origin=agent    iters=5 stop=no new information in 3 consecutive turns
         TEST  smape=0.0657  rmse=1644.7229  pocid=58.33  mape=0.0684
         laya iter 1 -> best_FT_rf conf=0.4686 rank=1
         laya iter 2 -> best_ONLY_CWT_rf conf=0.8753 rank=2
         laya iter 3 -> best_ONLY_CWT_rf conf=0.8753 rank=2
         laya iter 4 -> best_ONLY_CWT_rf conf=0.8753 rank=2
         laya iter 5 -> best_ONLY_CWT_rf conf=0.8753 rank=2
[  92] best_single    score= 0.3060 origin=agent    iters=5 stop=no new information in 3 consecutive turns
         TEST  smape=0.0028  rmse=5.7966  pocid=83.33  mape=0.0028
         laya iter 1 -> select_stable_k5 conf=0.3198 obs=pool pool5 (5 models)
         laya iter 2 -> best_CWT_catboost conf=0.4283 rank=1
         laya iter 3 -> best_CWT_catboost conf=0.4063 rank=1
         laya iter 4 -> best_CWT_catboost conf=0.4063 rank=1
         laya iter 5 -> best_CWT_catboost conf=0.4063 rank=1
[  93] best_single    score= 0.2520 origin=agent    iters=4 stop=no new information in 3 consecutive turns
         TEST  smape=0.1270  rmse=271.7649  pocid=33.33  mape=0.1177
         laya iter 1 -> best_rf conf=0.432 rank=1
         laya iter 2 -> best_rf conf=0.8089 rank=1
         laya iter 3 -> best_rf conf=0.8089 rank=1
         laya iter 4 -> best_rf conf=0.8089 rank=1
[  94] best_single    score= 0.3936 origin=agent    iters=4 stop=no new information in 3 consecutive turns
         TEST  smape=0.0798  rmse=167.0561  pocid=41.67  mape=0.0757
         laya iter 1 -> best_DWT_catboost conf=0.2954 rank=1
         laya iter 2 -> best_DWT_catboost conf=0.2932 rank=1
         laya iter 3 -> best_DWT_catboost conf=0.2932 rank=1
         laya iter 4 -> best_DWT_catboost conf=0.2932 rank=1
[  95] best_single    score=-0.1120 origin=agent    iters=4 stop=no new information in 3 consecutive turns
         TEST  smape=0.0050  rmse=62.7660  pocid=75.00  mape=0.0050
         laya iter 1 -> best_DWT_rf conf=0.4152 rank=1
         laya iter 2 -> best_DWT_rf conf=0.7788 rank=1
         laya iter 3 -> best_DWT_rf conf=0.7788 rank=1
         laya iter 4 -> best_DWT_rf conf=0.7788 rank=1
[  96] best_single    score= 0.0447 origin=agent    iters=5 stop=no new information in 3 consecutive turns
         TEST  smape=0.0299  rmse=19.5639  pocid=91.67  mape=0.0294
         laya iter 1 -> select_stable_k5 conf=0.2556 obs=pool pool5 (5 models)
         laya iter 2 -> best_ONLY_CWT_rf conf=0.669 rank=1
         laya iter 3 -> best_ONLY_CWT_rf conf=0.7042 rank=1
         laya iter 4 -> best_ONLY_CWT_rf conf=0.7042 rank=1
         laya iter 5 -> best_ONLY_CWT_rf conf=0.7042 rank=1
[  97] best_single    score= 0.0181 origin=agent    iters=6 stop=no new information in 3 consecutive turns
         TEST  smape=0.0700  rmse=48.6225  pocid=50.00  mape=0.0732
         laya iter 1 -> select_stable_k5 conf=0.2551 obs=pool pool5 (5 models)
         laya iter 2 -> best_ONLY_DWT_catboost conf=0.5735 rank=1
         laya iter 3 -> best_ONLY_FT_rf conf=0.5746 rank=1
         laya iter 4 -> best_ONLY_FT_rf conf=0.5746 rank=1
         laya iter 5 -> best_ONLY_FT_rf conf=0.5746 rank=1
         laya iter 6 -> best_ONLY_FT_rf conf=0.5746 rank=1
[  98] best_single    score=-0.0297 origin=agent    iters=6 stop=no new information in 3 consecutive turns
         TEST  smape=0.0201  rmse=306.4007  pocid=50.00  mape=0.0203
         laya iter 1 -> select_stable_k5 conf=0.3026 obs=pool pool5 (5 models)
         laya iter 2 -> best_ONLY_DWT_rf conf=0.9514 rank=1
         laya iter 3 -> best_DWT_rf conf=0.7055 rank=2
         laya iter 4 -> best_DWT_rf conf=0.7055 rank=2
         laya iter 5 -> best_DWT_rf conf=0.7055 rank=2
         laya iter 6 -> best_DWT_rf conf=0.7055 rank=2
[  99] best_single    score=-0.0757 origin=agent    iters=4 stop=no new information in 3 consecutive turns
         TEST  smape=0.0159  rmse=211.9209  pocid=66.67  mape=0.0158
         laya iter 1 -> best_FT_rf conf=0.5648 rank=1
         laya iter 2 -> best_FT_rf conf=0.7451 rank=1
         laya iter 3 -> best_FT_rf conf=0.7451 rank=1
         laya iter 4 -> best_FT_rf conf=0.7451 rank=1
[ 100] best_single    score=-0.0119 origin=agent    iters=5 stop=no new information in 3 consecutive turns
         TEST  smape=0.0039  rmse=44.9234  pocid=91.67  mape=0.0039
         laya iter 1 -> best_DWT_catboost conf=0.2905 rank=1
         laya iter 2 -> best_FT_catboost conf=0.4996 rank=1
         laya iter 3 -> best_FT_catboost conf=0.4996 rank=1
         laya iter 4 -> best_FT_catboost conf=0.4996 rank=1
         laya iter 5 -> best_FT_catboost conf=0.4996 rank=1
[ 101] best_single    score=-0.0684 origin=agent    iters=5 stop=no new information in 3 consecutive turns
         TEST  smape=0.0206  rmse=364.7389  pocid=50.00  mape=0.0208
         laya iter 1 -> select_stable_k5 conf=0.3387 obs=pool pool5 (5 models)
         laya iter 2 -> best_CWT_rf conf=0.8275 rank=1
         laya iter 3 -> best_CWT_rf conf=0.9856 rank=1
         laya iter 4 -> best_CWT_rf conf=0.9856 rank=1
         laya iter 5 -> best_CWT_rf conf=0.9856 rank=1
[ 102] best_single    score=-0.0036 origin=agent    iters=4 stop=no new information in 3 consecutive turns
         TEST  smape=0.0263  rmse=130.8069  pocid=83.33  mape=0.0265
         laya iter 1 -> best_ONLY_DWT_rf conf=0.3383 rank=1
         laya iter 2 -> best_ONLY_DWT_rf conf=0.6517 rank=1
         laya iter 3 -> best_ONLY_DWT_rf conf=0.6517 rank=1
         laya iter 4 -> best_ONLY_DWT_rf conf=0.6517 rank=1
[ 103] best_single    score= 0.3026 origin=agent    iters=4 stop=no new information in 3 consecutive turns
         TEST  smape=0.0306  rmse=33.2086  pocid=83.33  mape=0.0312
         laya iter 1 -> best_ONLY_CWT_catboost conf=0.7661 rank=1
         laya iter 2 -> best_ONLY_CWT_catboost conf=0.9912 rank=1
         laya iter 3 -> best_ONLY_CWT_catboost conf=0.9912 rank=1
         laya iter 4 -> best_ONLY_CWT_catboost conf=0.9912 rank=1
[ 104] best_single    score=-0.0843 origin=agent    iters=4 stop=no new information in 3 consecutive turns
         TEST  smape=0.0130  rmse=139.2380  pocid=50.00  mape=0.0132
         laya iter 1 -> best_rf conf=0.6575 rank=1
         laya iter 2 -> best_rf conf=0.7174 rank=1
         laya iter 3 -> best_rf conf=0.7174 rank=1
         laya iter 4 -> best_rf conf=0.7174 rank=1
[ 105] best_single    score= 0.1103 origin=agent    iters=4 stop=no new information in 3 consecutive turns
         TEST  smape=0.0028  rmse=7.1052  pocid=83.33  mape=0.0028
         laya iter 1 -> best_ONLY_CWT_rf conf=0.3234 rank=1
         laya iter 2 -> best_ONLY_CWT_rf conf=0.9527 rank=1
         laya iter 3 -> best_ONLY_CWT_rf conf=0.9527 rank=1
         laya iter 4 -> best_ONLY_CWT_rf conf=0.9527 rank=1
[ 106] best_single    score=-0.0531 origin=agent    iters=5 stop=no new information in 3 consecutive turns
         TEST  smape=0.0094  rmse=252.5645  pocid=58.33  mape=0.0094
         laya iter 1 -> best_rf conf=0.3944 rank=1
         laya iter 2 -> best_ONLY_DWT_catboost conf=0.7996 rank=1
         laya iter 3 -> best_ONLY_DWT_catboost conf=0.7996 rank=1
         laya iter 4 -> best_ONLY_DWT_catboost conf=0.7996 rank=1
         laya iter 5 -> best_ONLY_DWT_catboost conf=0.7996 rank=1
[ 107] best_single    score=-0.1234 origin=agent    iters=4 stop=no new information in 3 consecutive turns
         TEST  smape=0.0074  rmse=150.9616  pocid=66.67  mape=0.0074
         laya iter 1 -> best_FT_rf conf=0.5093 rank=1
         laya iter 2 -> best_FT_rf conf=0.4669 rank=1
         laya iter 3 -> best_FT_rf conf=0.4669 rank=1
         laya iter 4 -> best_FT_rf conf=0.4669 rank=1
[ 108] best_single    score=-0.0741 origin=agent    iters=5 stop=no new information in 3 consecutive turns
         TEST  smape=0.0106  rmse=165.4371  pocid=58.33  mape=0.0107
         laya iter 1 -> select_stable_k5 conf=0.3064 obs=pool pool5 (5 models)
         laya iter 2 -> best_ONLY_FT_rf conf=0.5923 rank=1
         laya iter 3 -> best_ONLY_FT_rf conf=0.806 rank=1
         laya iter 4 -> best_ONLY_FT_rf conf=0.806 rank=1
         laya iter 5 -> best_ONLY_FT_rf conf=0.806 rank=1
[ 109] best_single    score= 0.0801 origin=agent    iters=4 stop=no new information in 3 consecutive turns
         TEST  smape=0.0168  rmse=141.9116  pocid=58.33  mape=0.0166
         laya iter 1 -> best_rf conf=0.5104 rank=1
         laya iter 2 -> best_rf conf=0.7989 rank=1
         laya iter 3 -> best_rf conf=0.7989 rank=1
         laya iter 4 -> best_rf conf=0.7989 rank=1
[ 110] best_single    score=-0.0367 origin=agent    iters=4 stop=no new information in 3 consecutive turns
         TEST  smape=0.0242  rmse=28.5600  pocid=50.00  mape=0.0239
         laya iter 1 -> best_CWT_catboost conf=0.5556 rank=1
         laya iter 2 -> best_CWT_catboost conf=0.5341 rank=1
         laya iter 3 -> best_CWT_catboost conf=0.5341 rank=1
         laya iter 4 -> best_CWT_catboost conf=0.5341 rank=1
[ 111] best_single    score=-0.0820 origin=agent    iters=6 stop=no new information in 3 consecutive turns
         TEST  smape=0.0069  rmse=74.0921  pocid=50.00  mape=0.0069
         laya iter 1 -> select_stable_k5 conf=0.2613 obs=pool pool5 (5 models)
         laya iter 2 -> best_FT_catboost conf=0.5764 rank=1
         laya iter 3 -> best_ONLY_FT_rf conf=0.6472 rank=2
         laya iter 4 -> best_ONLY_FT_rf conf=0.6472 rank=2
         laya iter 5 -> best_ONLY_FT_rf conf=0.6472 rank=2
         laya iter 6 -> best_ONLY_FT_rf conf=0.6472 rank=2
[ 112] best_single    score=-0.0869 origin=agent    iters=4 stop=no new information in 3 consecutive turns
         TEST  smape=0.0427  rmse=36.8855  pocid=75.00  mape=0.0439
         laya iter 1 -> best_ONLY_CWT_catboost conf=0.5047 rank=1
         laya iter 2 -> best_ONLY_CWT_catboost conf=0.4917 rank=1
         laya iter 3 -> best_ONLY_CWT_catboost conf=0.4917 rank=1
         laya iter 4 -> best_ONLY_CWT_catboost conf=0.4917 rank=1
[ 113] best_single    score= 0.1564 origin=agent    iters=5 stop=no new information in 3 consecutive turns
         TEST  smape=0.0317  rmse=349.9440  pocid=33.33  mape=0.0323
         laya iter 1 -> select_stable_k5 conf=0.3018 obs=pool pool5 (5 models)
         laya iter 2 -> best_ONLY_DWT_rf conf=0.4263 rank=1
         laya iter 3 -> best_ONLY_DWT_rf conf=0.5886 rank=1
         laya iter 4 -> best_ONLY_DWT_rf conf=0.5886 rank=1
         laya iter 5 -> best_ONLY_DWT_rf conf=0.5886 rank=1
[ 114] best_single    score= 0.0747 origin=agent    iters=6 stop=no new information in 3 consecutive turns
         TEST  smape=0.0381  rmse=461.8816  pocid=41.67  mape=0.0389
         laya iter 1 -> select_stable_k5 conf=0.2823 obs=pool pool5 (5 models)
         laya iter 2 -> best_ONLY_DWT_catboost conf=0.4251 rank=1
         laya iter 3 -> best_ONLY_DWT_rf conf=0.6507 rank=2
         laya iter 4 -> best_ONLY_DWT_rf conf=0.6507 rank=2
         laya iter 5 -> best_ONLY_DWT_rf conf=0.6507 rank=2
         laya iter 6 -> best_ONLY_DWT_rf conf=0.6507 rank=2
[ 115] best_single    score=-0.0359 origin=agent    iters=5 stop=no new information in 3 consecutive turns
         TEST  smape=0.0369  rmse=646.2438  pocid=83.33  mape=0.0379
         laya iter 1 -> select_stable_k5 conf=0.3183 obs=pool pool5 (5 models)
         laya iter 2 -> best_ONLY_DWT_catboost conf=0.5808 rank=1
         laya iter 3 -> best_ONLY_DWT_catboost conf=0.9315 rank=1
         laya iter 4 -> best_ONLY_DWT_catboost conf=0.9315 rank=1
         laya iter 5 -> best_ONLY_DWT_catboost conf=0.9315 rank=1
[ 116] best_single    score=-0.0487 origin=agent    iters=4 stop=no new information in 3 consecutive turns
         TEST  smape=0.0159  rmse=181.9204  pocid=58.33  mape=0.0156
         laya iter 1 -> best_FT_rf conf=0.4227 rank=1
         laya iter 2 -> best_FT_rf conf=0.7561 rank=1
         laya iter 3 -> best_FT_rf conf=0.7561 rank=1
         laya iter 4 -> best_FT_rf conf=0.7561 rank=1
[ 117] best_single    score= 0.3675 origin=agent    iters=5 stop=no new information in 3 consecutive turns
         TEST  smape=0.0059  rmse=10.9859  pocid=75.00  mape=0.0058
         laya iter 1 -> select_stable_k5 conf=0.2359 obs=pool pool5 (5 models)
         laya iter 2 -> best_ONLY_CWT_catboost conf=0.4775 rank=1
         laya iter 3 -> best_ONLY_CWT_catboost conf=0.5063 rank=1
         laya iter 4 -> best_ONLY_CWT_catboost conf=0.5063 rank=1
         laya iter 5 -> best_ONLY_CWT_catboost conf=0.5063 rank=1
[ 118] best_single    score= 0.2893 origin=agent    iters=5 stop=no new information in 3 consecutive turns
         TEST  smape=0.1600  rmse=199.4430  pocid=66.67  mape=0.1458
         laya iter 1 -> select_stable_k5 conf=0.3099 obs=pool pool5 (5 models)
         laya iter 2 -> best_ONLY_CWT_rf conf=0.8488 rank=1
         laya iter 3 -> best_ONLY_CWT_rf conf=0.9657 rank=1
         laya iter 4 -> best_ONLY_CWT_rf conf=0.9657 rank=1
         laya iter 5 -> best_ONLY_CWT_rf conf=0.9657 rank=1
[ 119] FAILED: ValueError: Attempt(attempt_id='a1', spec={'combine': 'mean', 'pool': 'pool_full'}, origin='baseline', aggregate={'MAPE': 0.11546126470440843, 'SMAPE': 0.1093595001276606, 'RMSE': 109.97092586272042, 'POCID': 50.0, 'MSMAPE': 0.1093526653573053, 'MAE': 87.94333749784778}, per_window=[{'MAPE': 0.20405931375466005, 'SMAPE': 0.18304328763704672, 'RMSE': 162.58839200967736, 'POCID': 58.333333333333336, 'MSMAPE': 0.18303246498317824, 'MAE': 154.87330042356845}, {'MAPE': 0.0546026441047279, 'SMAPE': 0.052736106694745266, 'RMSE': 44.12652130849254, 'POCID': 25.0, 'MSMAPE': 0.05273241638818161, 'MAE': 37.685913516026815}, {'MAPE': 0.0877218362538373, 'SMAPE': 0.0922991060511898, 'RMSE': 88.87450987898882, 'POCID': 66.66666666666667, 'MSMAPE': 0.0922931147005561, 'MAE': 71.27079855394807}], score=0.7000000000000001, rationale='deterministic baseline: plain mean of the full pool', iteration=0, n_models=19, per_window_scores=[0.6833333333333333, 0.75, 0.6666666666666667], residuals=[80.17988050157123, 107.6646804106249, 88.64331828448348, 94.52683079553685, 151.3877332029832, 157.32481475758868, 130.14943538170075, 161.19457835671346, 192.7011415692175, 193.30724086192072, 218.7241694328011, 209.20480635824924, 228.34427559299866, 49.39317415235746, 70.66290017832353, 64.42136267047454, -9.590163541810057, 15.948159337766242, 10.592643786010399, -8.907419667652903, -28.09889438311393, 62.23664740245704, 31.556287717154532, 34.6152334229605, 30.28941179875244, 73.60457764951502, 44.47086769681698, 29.75339874701831, 21.429333580469688, 66.90073887876554, 27.123476471094136, -5.0221838106152745, -17.065967870798772, -64.15145782628724, -77.60935132682789, -127.67083349628206, -119.50335516586836, -167.04246750237382, -158.7769488281068], agent_converged=True, agent_rationale='laya selected mean_pool_full') is not in list
[ 120] best_single    score=-0.1268 origin=agent    iters=5 stop=no new information in 3 consecutive turns
         TEST  smape=0.0039  rmse=54.9591  pocid=75.00  mape=0.0039
         laya iter 1 -> select_stable_k5 conf=0.2875 obs=pool pool5 (5 models)
         laya iter 2 -> best_CWT_rf conf=0.8016 rank=1
         laya iter 3 -> best_CWT_rf conf=0.9028 rank=1
         laya iter 4 -> best_CWT_rf conf=0.9028 rank=1
         laya iter 5 -> best_CWT_rf conf=0.9028 rank=1
[ 121] best_single    score=-0.0736 origin=agent    iters=4 stop=no new information in 3 consecutive turns
         TEST  smape=0.0670  rmse=26.2578  pocid=83.33  mape=0.0682
         laya iter 1 -> best_rf conf=0.7986 rank=1
         laya iter 2 -> best_rf conf=0.6538 rank=1
         laya iter 3 -> best_rf conf=0.6538 rank=1
         laya iter 4 -> best_rf conf=0.6538 rank=1
[ 122] best_single    score=-0.0923 origin=agent    iters=4 stop=no new information in 3 consecutive turns
         TEST  smape=0.0329  rmse=20.6034  pocid=75.00  mape=0.0339
         laya iter 1 -> best_ONLY_DWT_rf conf=0.7889 rank=1
         laya iter 2 -> best_ONLY_DWT_rf conf=0.6414 rank=1
         laya iter 3 -> best_ONLY_DWT_rf conf=0.6414 rank=1
         laya iter 4 -> best_ONLY_DWT_rf conf=0.6414 rank=1
[ 123] best_single    score= 0.2511 origin=agent    iters=4 stop=no new information in 3 consecutive turns
         TEST  smape=0.0302  rmse=275.4272  pocid=41.67  mape=0.0307
         laya iter 1 -> best_ONLY_FT_catboost conf=0.7384 rank=1
         laya iter 2 -> best_ONLY_FT_catboost conf=0.4703 rank=1
         laya iter 3 -> best_ONLY_FT_catboost conf=0.4703 rank=1
         laya iter 4 -> best_ONLY_FT_catboost conf=0.4703 rank=1
[ 124] best_single    score=-0.1263 origin=agent    iters=5 stop=no new information in 3 consecutive turns
         TEST  smape=0.0107  rmse=139.8985  pocid=33.33  mape=0.0106
         laya iter 1 -> best_ONLY_DWT_rf conf=0.2745 rank=1
         laya iter 2 -> best_FT_catboost conf=0.4615 rank=1
         laya iter 3 -> best_FT_catboost conf=0.4615 rank=1
         laya iter 4 -> best_FT_catboost conf=0.4615 rank=1
         laya iter 5 -> best_FT_catboost conf=0.4615 rank=1
[ 125] best_single    score= 0.0196 origin=agent    iters=4 stop=no new information in 3 consecutive turns
         TEST  smape=0.0060  rmse=67.8178  pocid=83.33  mape=0.0059
         laya iter 1 -> best_CWT_rf conf=0.3761 rank=1
         laya iter 2 -> best_CWT_rf conf=0.5182 rank=1
         laya iter 3 -> best_CWT_rf conf=0.5182 rank=1
         laya iter 4 -> best_CWT_rf conf=0.5182 rank=1
[ 126] best_single    score=-0.0198 origin=agent    iters=4 stop=no new information in 3 consecutive turns
         TEST  smape=0.0309  rmse=368.7624  pocid=66.67  mape=0.0314
         laya iter 1 -> best_ONLY_CWT_catboost conf=0.6532 rank=1
         laya iter 2 -> best_ONLY_CWT_catboost conf=0.4165 rank=1
         laya iter 3 -> best_ONLY_CWT_catboost conf=0.4165 rank=1
         laya iter 4 -> best_ONLY_CWT_catboost conf=0.4165 rank=1
[ 127] best_single    score= 0.0259 origin=agent    iters=4 stop=no new information in 3 consecutive turns
         TEST  smape=0.0235  rmse=114.8725  pocid=41.67  mape=0.0237
         laya iter 1 -> best_ONLY_DWT_catboost conf=0.624 rank=1
         laya iter 2 -> best_ONLY_DWT_catboost conf=0.6838 rank=1
         laya iter 3 -> best_ONLY_DWT_catboost conf=0.6838 rank=1
         laya iter 4 -> best_ONLY_DWT_catboost conf=0.6838 rank=1
[ 128] best_single    score= 0.3403 origin=agent    iters=4 stop=no new information in 3 consecutive turns
         TEST  smape=0.0254  rmse=27.1630  pocid=83.33  mape=0.0258
         laya iter 1 -> best_ONLY_CWT_catboost conf=0.468 rank=1
         laya iter 2 -> best_ONLY_CWT_catboost conf=0.9854 rank=1
         laya iter 3 -> best_ONLY_CWT_catboost conf=0.9854 rank=1
         laya iter 4 -> best_ONLY_CWT_catboost conf=0.9854 rank=1
[ 129] best_single    score=-0.0769 origin=agent    iters=5 stop=no new information in 3 consecutive turns
         TEST  smape=0.0094  rmse=91.9930  pocid=50.00  mape=0.0095
         laya iter 1 -> select_stable_k5 conf=0.3165 obs=pool pool5 (5 models)
         laya iter 2 -> best_ONLY_CWT_rf conf=0.9856 rank=1
         laya iter 3 -> best_ONLY_CWT_rf conf=0.9792 rank=1
         laya iter 4 -> best_ONLY_CWT_rf conf=0.9792 rank=1
         laya iter 5 -> best_ONLY_CWT_rf conf=0.9792 rank=1
[ 130] best_single    score= 0.1301 origin=agent    iters=5 stop=no new information in 3 consecutive turns
         TEST  smape=0.0032  rmse=8.2579  pocid=66.67  mape=0.0032
         laya iter 1 -> select_stable_k5 conf=0.2505 obs=pool pool5 (5 models)
         laya iter 2 -> best_ONLY_CWT_catboost conf=0.5667 rank=1
         laya iter 3 -> best_ONLY_CWT_catboost conf=0.9653 rank=1
         laya iter 4 -> best_ONLY_CWT_catboost conf=0.9653 rank=1
         laya iter 5 -> best_ONLY_CWT_catboost conf=0.9653 rank=1
[ 131] best_single    score=-0.0801 origin=agent    iters=4 stop=no new information in 3 consecutive turns
         TEST  smape=0.0110  rmse=274.7907  pocid=50.00  mape=0.0110
         laya iter 1 -> best_CWT_rf conf=0.2685 rank=1
         laya iter 2 -> best_CWT_rf conf=0.6659 rank=1
         laya iter 3 -> best_CWT_rf conf=0.6659 rank=1
         laya iter 4 -> best_CWT_rf conf=0.6659 rank=1
[ 132] best_single    score=-0.1134 origin=agent    iters=4 stop=no new information in 3 consecutive turns
         TEST  smape=0.0030  rmse=50.8460  pocid=91.67  mape=0.0030
         laya iter 1 -> best_CWT_rf conf=0.511 rank=1
         laya iter 2 -> best_CWT_rf conf=0.9177 rank=1
         laya iter 3 -> best_CWT_rf conf=0.9177 rank=1
         laya iter 4 -> best_CWT_rf conf=0.9177 rank=1
[ 133] best_single    score=-0.0991 origin=agent    iters=4 stop=no new information in 3 consecutive turns
         TEST  smape=0.0037  rmse=54.1662  pocid=83.33  mape=0.0037
         laya iter 1 -> best_DWT_rf conf=0.2712 rank=1
         laya iter 2 -> best_DWT_rf conf=0.5561 rank=1
         laya iter 3 -> best_DWT_rf conf=0.5561 rank=1
         laya iter 4 -> best_DWT_rf conf=0.5561 rank=1
[ 134] best_single    score= 0.0280 origin=agent    iters=4 stop=no new information in 3 consecutive turns
         TEST  smape=0.0117  rmse=85.8195  pocid=58.33  mape=0.0116
         laya iter 1 -> best_ONLY_DWT_catboost conf=0.4863 rank=1
         laya iter 2 -> best_ONLY_DWT_catboost conf=0.4461 rank=1
         laya iter 3 -> best_ONLY_DWT_catboost conf=0.4461 rank=1
         laya iter 4 -> best_ONLY_DWT_catboost conf=0.4461 rank=1
[ 135] best_single    score= 0.0534 origin=agent    iters=6 stop=no new information in 3 consecutive turns
         TEST  smape=0.0215  rmse=170.1993  pocid=58.33  mape=0.0213
         laya iter 1 -> select_stable_k5 conf=0.3606 obs=pool pool5 (5 models)
         laya iter 2 -> best_DWT_rf conf=0.4653 rank=1
         laya iter 3 -> best_DWT_catboost conf=0.6568 rank=1
         laya iter 4 -> best_DWT_catboost conf=0.6568 rank=1
         laya iter 5 -> best_DWT_catboost conf=0.6568 rank=1
         laya iter 6 -> best_DWT_catboost conf=0.6568 rank=1
[ 136] best_single    score=-0.0610 origin=agent    iters=5 stop=no new information in 3 consecutive turns
         TEST  smape=0.0097  rmse=78.1532  pocid=58.33  mape=0.0097
         laya iter 1 -> select_stable_k5 conf=0.3117 obs=pool pool5 (5 models)
         laya iter 2 -> best_DWT_catboost conf=0.6852 rank=1
         laya iter 3 -> best_DWT_catboost conf=0.7432 rank=1
         laya iter 4 -> best_DWT_catboost conf=0.7432 rank=1
         laya iter 5 -> best_DWT_catboost conf=0.7432 rank=1
[ 137] best_single    score=-0.0702 origin=agent    iters=5 stop=no new information in 3 consecutive turns
         TEST  smape=0.0589  rmse=23.9705  pocid=58.33  mape=0.0591
         laya iter 1 -> select_stable_k5 conf=0.2657 obs=pool pool5 (5 models)
         laya iter 2 -> best_ONLY_FT_rf conf=0.4896 rank=1
         laya iter 3 -> best_ONLY_FT_rf conf=0.7717 rank=1
         laya iter 4 -> best_ONLY_FT_rf conf=0.7717 rank=1
         laya iter 5 -> best_ONLY_FT_rf conf=0.7717 rank=1
[ 138] best_single    score= 0.2671 origin=agent    iters=5 stop=no new information in 3 consecutive turns
         TEST  smape=0.0353  rmse=292.6226  pocid=50.00  mape=0.0360
         laya iter 1 -> best_CWT_rf conf=0.3257 rank=1
         laya iter 2 -> best_DWT_rf conf=0.5227 rank=1
         laya iter 3 -> best_DWT_rf conf=0.5227 rank=1
         laya iter 4 -> best_DWT_rf conf=0.5227 rank=1
         laya iter 5 -> best_DWT_rf conf=0.5227 rank=1
[ 139] best_single    score= 0.2773 origin=agent    iters=4 stop=no new information in 3 consecutive turns
         TEST  smape=0.0399  rmse=361.0408  pocid=58.33  mape=0.0409
         laya iter 1 -> best_ONLY_CWT_rf conf=0.3728 rank=1
         laya iter 2 -> best_ONLY_CWT_rf conf=0.9655 rank=1
         laya iter 3 -> best_ONLY_CWT_rf conf=0.9655 rank=1
         laya iter 4 -> best_ONLY_CWT_rf conf=0.9655 rank=1
[ 140] best_single    score= 0.0311 origin=agent    iters=5 stop=no new information in 3 consecutive turns
         TEST  smape=0.0378  rmse=464.6078  pocid=66.67  mape=0.0386
         laya iter 1 -> select_stable_k5 conf=0.2921 obs=pool pool5 (5 models)
         laya iter 2 -> best_DWT_catboost conf=0.4195 rank=1
         laya iter 3 -> best_DWT_catboost conf=0.6208 rank=1
         laya iter 4 -> best_DWT_catboost conf=0.6208 rank=1
         laya iter 5 -> best_DWT_catboost conf=0.6208 rank=1
[ 141] best_single    score=-0.0134 origin=agent    iters=4 stop=no new information in 3 consecutive turns
         TEST  smape=0.0134  rmse=115.5515  pocid=75.00  mape=0.0132
         laya iter 1 -> best_ONLY_CWT_rf conf=0.8927 rank=1
         laya iter 2 -> best_ONLY_CWT_rf conf=0.9692 rank=1
         laya iter 3 -> best_ONLY_CWT_rf conf=0.9692 rank=1
         laya iter 4 -> best_ONLY_CWT_rf conf=0.9692 rank=1
[ 142] best_single    score= 0.0398 origin=agent    iters=6 stop=no new information in 3 consecutive turns
         TEST  smape=0.0057  rmse=73.5386  pocid=75.00  mape=0.0056
         laya iter 1 -> select_stable_k5 conf=0.3008 obs=pool pool5 (5 models)
         laya iter 2 -> best_ONLY_CWT_catboost conf=0.5409 rank=1
         laya iter 3 -> best_CWT_catboost conf=0.7065 rank=1
         laya iter 4 -> best_CWT_catboost conf=0.7065 rank=1
         laya iter 5 -> best_CWT_catboost conf=0.7065 rank=1
         laya iter 6 -> best_CWT_catboost conf=0.7065 rank=1
[ 143] best_single    score= 0.1807 origin=agent    iters=6 stop=no new information in 3 consecutive turns
         TEST  smape=0.1374  rmse=168.9739  pocid=16.67  mape=0.1268
         laya iter 1 -> select_stable_k5 conf=0.3405 obs=pool pool5 (5 models)
         laya iter 2 -> best_CWT_rf conf=0.8012 rank=1
         laya iter 3 -> best_ONLY_CWT_rf conf=0.7781 rank=2
         laya iter 4 -> best_ONLY_CWT_rf conf=0.7781 rank=2
         laya iter 5 -> best_ONLY_CWT_rf conf=0.7781 rank=2
         laya iter 6 -> best_ONLY_CWT_rf conf=0.7781 rank=2
[ 144] best_single    score= 0.3471 origin=agent    iters=5 stop=no new information in 3 consecutive turns
         TEST  smape=0.1613  rmse=1682.4895  pocid=66.67  mape=0.1469
         laya iter 1 -> select_stable_k5 conf=0.2474 obs=pool pool5 (5 models)
         laya iter 2 -> best_ONLY_DWT_catboost conf=0.3584 rank=1
         laya iter 3 -> best_ONLY_DWT_catboost conf=0.2962 rank=1
         laya iter 4 -> best_ONLY_DWT_catboost conf=0.2962 rank=1
         laya iter 5 -> best_ONLY_DWT_catboost conf=0.2962 rank=1
[ 145] best_single    score=-0.1001 origin=agent    iters=5 stop=no new information in 3 consecutive turns
         TEST  smape=0.0051  rmse=45.4197  pocid=100.00  mape=0.0051
         laya iter 1 -> best_CWT_rf conf=0.303 rank=1
         laya iter 2 -> best_ONLY_CWT_rf conf=0.687 rank=2
         laya iter 3 -> best_ONLY_CWT_rf conf=0.687 rank=2
         laya iter 4 -> best_ONLY_CWT_rf conf=0.687 rank=2
         laya iter 5 -> best_ONLY_CWT_rf conf=0.687 rank=2
[ 146] best_single    score=-0.0487 origin=agent    iters=5 stop=no new information in 3 consecutive turns
         TEST  smape=0.0589  rmse=8.2396  pocid=66.67  mape=0.0615
         laya iter 1 -> best_ONLY_FT_rf conf=0.3535 rank=1
         laya iter 2 -> best_ONLY_FT_catboost conf=0.475 rank=1
         laya iter 3 -> best_ONLY_FT_catboost conf=0.475 rank=1
         laya iter 4 -> best_ONLY_FT_catboost conf=0.475 rank=1
         laya iter 5 -> best_ONLY_FT_catboost conf=0.475 rank=1
[ 147] best_single    score=-0.0588 origin=agent    iters=5 stop=no new information in 3 consecutive turns
         TEST  smape=0.0651  rmse=15.9524  pocid=41.67  mape=0.0680
         laya iter 1 -> select_stable_k5 conf=0.3069 obs=pool pool5 (5 models)
         laya iter 2 -> best_FT_catboost conf=0.6873 rank=1
         laya iter 3 -> best_FT_catboost conf=0.8934 rank=1
         laya iter 4 -> best_FT_catboost conf=0.8934 rank=1
         laya iter 5 -> best_FT_catboost conf=0.8934 rank=1
[ 148] best_single    score= 0.5658 origin=agent    iters=4 stop=no new information in 3 consecutive turns
         TEST  smape=0.0829  rmse=384.3356  pocid=50.00  mape=0.0866
         laya iter 1 -> best_ONLY_FT_catboost conf=0.3828 rank=1
         laya iter 2 -> best_ONLY_FT_catboost conf=0.5343 rank=1
         laya iter 3 -> best_ONLY_FT_catboost conf=0.5343 rank=1
         laya iter 4 -> best_ONLY_FT_catboost conf=0.5343 rank=1
[ 149] best_single    score=-0.0626 origin=agent    iters=6 stop=no new information in 3 consecutive turns
         TEST  smape=0.0143  rmse=138.1463  pocid=75.00  mape=0.0141
         laya iter 1 -> select_stable_k5 conf=0.2651 obs=pool pool5 (5 models)
         laya iter 2 -> best_ONLY_DWT_rf conf=0.4283 rank=1
         laya iter 3 -> best_DWT_catboost conf=0.6393 rank=1
         laya iter 4 -> best_DWT_catboost conf=0.6393 rank=1
         laya iter 5 -> best_DWT_catboost conf=0.6393 rank=1
         laya iter 6 -> best_DWT_catboost conf=0.6393 rank=1
[ 150] best_single    score=-0.1086 origin=agent    iters=4 stop=no new information in 3 consecutive turns
         TEST  smape=0.0043  rmse=34.8003  pocid=100.00  mape=0.0043
         laya iter 1 -> best_ONLY_CWT_catboost conf=0.3411 rank=1
         laya iter 2 -> best_ONLY_CWT_catboost conf=0.4808 rank=1
         laya iter 3 -> best_ONLY_CWT_catboost conf=0.4808 rank=1
         laya iter 4 -> best_ONLY_CWT_catboost conf=0.4808 rank=1
[ 151] best_single    score= 0.0611 origin=agent    iters=4 stop=no new information in 3 consecutive turns
         TEST  smape=0.0212  rmse=214.6915  pocid=50.00  mape=0.0209
         laya iter 1 -> best_ONLY_FT_catboost conf=0.7956 rank=1
         laya iter 2 -> best_ONLY_FT_catboost conf=0.7697 rank=1
         laya iter 3 -> best_ONLY_FT_catboost conf=0.7697 rank=1
         laya iter 4 -> best_ONLY_FT_catboost conf=0.7697 rank=1
[ 152] best_single    score= 0.0015 origin=agent    iters=5 stop=no new information in 3 consecutive turns
         TEST  smape=0.0226  rmse=94.0364  pocid=75.00  mape=0.0229
         laya iter 1 -> best_FT_rf conf=0.3478 rank=1
         laya iter 2 -> best_ONLY_FT_rf conf=0.8386 rank=2
         laya iter 3 -> best_ONLY_FT_rf conf=0.8386 rank=2
         laya iter 4 -> best_ONLY_FT_rf conf=0.8386 rank=2
         laya iter 5 -> best_ONLY_FT_rf conf=0.8386 rank=2
[ 153] best_single    score= 0.0225 origin=agent    iters=4 stop=no new information in 3 consecutive turns
         TEST  smape=0.0217  rmse=214.7032  pocid=58.33  mape=0.0220
         laya iter 1 -> best_ONLY_CWT_rf conf=0.6445 rank=1
         laya iter 2 -> best_ONLY_CWT_rf conf=0.9835 rank=1
         laya iter 3 -> best_ONLY_CWT_rf conf=0.9835 rank=1
         laya iter 4 -> best_ONLY_CWT_rf conf=0.9835 rank=1
[ 154] best_single    score= 0.0248 origin=agent    iters=5 stop=no new information in 3 consecutive turns
         TEST  smape=0.0178  rmse=99.1961  pocid=41.67  mape=0.0180
         laya iter 1 -> select_stable_k5 conf=0.2954 obs=pool pool5 (5 models)
         laya iter 2 -> best_ONLY_CWT_rf conf=0.6508 rank=1
         laya iter 3 -> best_ONLY_CWT_rf conf=0.8675 rank=1
         laya iter 4 -> best_ONLY_CWT_rf conf=0.8675 rank=1
         laya iter 5 -> best_ONLY_CWT_rf conf=0.8675 rank=1
[ 155] best_single    score=-0.0450 origin=agent    iters=4 stop=no new information in 3 consecutive turns
         TEST  smape=0.0119  rmse=82.9985  pocid=41.67  mape=0.0120
         laya iter 1 -> best_ONLY_FT_catboost conf=0.3892 rank=1
         laya iter 2 -> best_ONLY_FT_catboost conf=0.7946 rank=1
         laya iter 3 -> best_ONLY_FT_catboost conf=0.7946 rank=1
         laya iter 4 -> best_ONLY_FT_catboost conf=0.7946 rank=1
[ 156] best_single    score=-0.1308 origin=agent    iters=5 stop=no new information in 3 consecutive turns
         TEST  smape=0.0040  rmse=6.6496  pocid=75.00  mape=0.0040
         laya iter 1 -> select_stable_k5 conf=0.2787 obs=pool pool5 (5 models)
         laya iter 2 -> best_ONLY_DWT_rf conf=0.7268 rank=1
         laya iter 3 -> best_ONLY_DWT_rf conf=0.9875 rank=1
         laya iter 4 -> best_ONLY_DWT_rf conf=0.9875 rank=1
         laya iter 5 -> best_ONLY_DWT_rf conf=0.9875 rank=1
[ 157] best_single    score=-0.0848 origin=agent    iters=4 stop=no new information in 3 consecutive turns
         TEST  smape=0.0051  rmse=109.6777  pocid=33.33  mape=0.0051
         laya iter 1 -> best_ONLY_DWT_catboost conf=0.3876 rank=1
         laya iter 2 -> best_ONLY_DWT_catboost conf=0.8093 rank=1
         laya iter 3 -> best_ONLY_DWT_catboost conf=0.8093 rank=1
         laya iter 4 -> best_ONLY_DWT_catboost conf=0.8093 rank=1
[ 158] best_single    score=-0.0810 origin=agent    iters=4 stop=no new information in 3 consecutive turns
         TEST  smape=0.0059  rmse=60.1398  pocid=91.67  mape=0.0059
         laya iter 1 -> best_ONLY_CWT_rf conf=0.2864 rank=1
         laya iter 2 -> best_ONLY_CWT_rf conf=0.6089 rank=1
         laya iter 3 -> best_ONLY_CWT_rf conf=0.6089 rank=1
         laya iter 4 -> best_ONLY_CWT_rf conf=0.6089 rank=1
[ 159] best_single    score=-0.0908 origin=agent    iters=4 stop=no new information in 3 consecutive turns
         TEST  smape=0.0047  rmse=44.3452  pocid=91.67  mape=0.0047
         laya iter 1 -> best_ONLY_CWT_rf conf=0.2921 rank=1
         laya iter 2 -> best_ONLY_CWT_rf conf=0.6401 rank=1
         laya iter 3 -> best_ONLY_CWT_rf conf=0.6401 rank=1
         laya iter 4 -> best_ONLY_CWT_rf conf=0.6401 rank=1
[ 160] best_single    score=-0.0118 origin=agent    iters=5 stop=no new information in 3 consecutive turns
         TEST  smape=0.0072  rmse=107.2302  pocid=41.67  mape=0.0071
         laya iter 1 -> select_stable_k5 conf=0.295 obs=pool pool5 (5 models)
         laya iter 2 -> best_FT_catboost conf=0.484 rank=1
         laya iter 3 -> best_FT_catboost conf=0.4643 rank=1
         laya iter 4 -> best_FT_catboost conf=0.4643 rank=1
         laya iter 5 -> best_FT_catboost conf=0.4643 rank=1
[ 161] best_single    score= 0.0119 origin=agent    iters=4 stop=no new information in 3 consecutive turns
         TEST  smape=0.0121  rmse=68.8364  pocid=75.00  mape=0.0120
         laya iter 1 -> best_DWT_rf conf=0.8809 rank=1
         laya iter 2 -> best_DWT_rf conf=0.6407 rank=1
         laya iter 3 -> best_DWT_rf conf=0.6407 rank=1
         laya iter 4 -> best_DWT_rf conf=0.6407 rank=1
[ 162] best_single    score= 0.0275 origin=agent    iters=5 stop=no new information in 3 consecutive turns
         TEST  smape=0.0124  rmse=50.2909  pocid=75.00  mape=0.0123
         laya iter 1 -> select_stable_k5 conf=0.2224 obs=pool pool5 (5 models)
         laya iter 2 -> best_ONLY_DWT_catboost conf=0.4953 rank=1
         laya iter 3 -> best_ONLY_DWT_catboost conf=0.507 rank=1
         laya iter 4 -> best_ONLY_DWT_catboost conf=0.507 rank=1
         laya iter 5 -> best_ONLY_DWT_catboost conf=0.507 rank=1
[ 163] best_single    score= 0.0344 origin=agent    iters=5 stop=no new information in 3 consecutive turns
         TEST  smape=0.0103  rmse=273.9901  pocid=83.33  mape=0.0103
         laya iter 1 -> select_stable_k5 conf=0.257 obs=pool pool5 (5 models)
         laya iter 2 -> best_ONLY_DWT_rf conf=0.9098 rank=1
         laya iter 3 -> best_ONLY_DWT_rf conf=0.7368 rank=1
         laya iter 4 -> best_ONLY_DWT_rf conf=0.7368 rank=1
         laya iter 5 -> best_ONLY_DWT_rf conf=0.7368 rank=1
[ 164] best_single    score=-0.0255 origin=agent    iters=4 stop=no new information in 3 consecutive turns
         TEST  smape=0.0476  rmse=198.7631  pocid=41.67  mape=0.0490
         laya iter 1 -> best_ONLY_CWT_catboost conf=0.9879 rank=1
         laya iter 2 -> best_ONLY_CWT_catboost conf=0.9578 rank=1
         laya iter 3 -> best_ONLY_CWT_catboost conf=0.9578 rank=1
         laya iter 4 -> best_ONLY_CWT_catboost conf=0.9578 rank=1
[ 165] best_single    score= 0.0906 origin=agent    iters=4 stop=no new information in 3 consecutive turns
         TEST  smape=0.0498  rmse=147.9805  pocid=33.33  mape=0.0514
         laya iter 1 -> best_rf conf=0.9414 rank=1
         laya iter 2 -> best_rf conf=0.6692 rank=1
         laya iter 3 -> best_rf conf=0.6692 rank=1
         laya iter 4 -> best_rf conf=0.6692 rank=1
[ 166] best_single    score= 0.0037 origin=agent    iters=4 stop=no new information in 3 consecutive turns
         TEST  smape=0.0473  rmse=157.6121  pocid=50.00  mape=0.0487
         laya iter 1 -> best_catboost conf=0.4465 rank=1
         laya iter 2 -> best_catboost conf=0.5166 rank=1
         laya iter 3 -> best_catboost conf=0.5166 rank=1
         laya iter 4 -> best_catboost conf=0.5166 rank=1
[ 167] best_single    score= 0.0570 origin=agent    iters=5 stop=no new information in 3 consecutive turns
         TEST  smape=0.0404  rmse=164.9567  pocid=66.67  mape=0.0399
         laya iter 1 -> select_stable_k5 conf=0.3133 obs=pool pool5 (5 models)
         laya iter 2 -> best_FT_catboost conf=0.5842 rank=1
         laya iter 3 -> best_FT_catboost conf=0.8525 rank=1
         laya iter 4 -> best_FT_catboost conf=0.8525 rank=1
         laya iter 5 -> best_FT_catboost conf=0.8525 rank=1
[ 168] best_single    score= 0.0300 origin=agent    iters=5 stop=no new information in 3 consecutive turns
         TEST  smape=0.0295  rmse=73.1664  pocid=50.00  mape=0.0286
         laya iter 1 -> select_stable_k5 conf=0.3389 obs=pool pool5 (5 models)
         laya iter 2 -> best_DWT_catboost conf=0.568 rank=1
         laya iter 3 -> best_DWT_catboost conf=0.4605 rank=1
         laya iter 4 -> best_DWT_catboost conf=0.4605 rank=1
         laya iter 5 -> best_DWT_catboost conf=0.4605 rank=1
[ 169] best_single    score= 0.0004 origin=agent    iters=4 stop=no new information in 3 consecutive turns
         TEST  smape=0.0208  rmse=93.3815  pocid=66.67  mape=0.0204
         laya iter 1 -> best_FT_rf conf=0.3282 rank=1
         laya iter 2 -> best_FT_rf conf=0.5206 rank=1
         laya iter 3 -> best_FT_rf conf=0.5206 rank=1
         laya iter 4 -> best_FT_rf conf=0.5206 rank=1
[ 170] best_single    score= 0.1063 origin=agent    iters=6 stop=no new information in 3 consecutive turns
         TEST  smape=0.0079  rmse=61.0144  pocid=58.33  mape=0.0079
         laya iter 1 -> select_stable_k5 conf=0.279 obs=pool pool5 (5 models)
         laya iter 2 -> best_FT_rf conf=0.5278 rank=1
         laya iter 3 -> best_CWT_catboost conf=0.4826 rank=2
         laya iter 4 -> best_CWT_catboost conf=0.4826 rank=2
         laya iter 5 -> best_CWT_catboost conf=0.4826 rank=2
         laya iter 6 -> best_CWT_catboost conf=0.4826 rank=2
[ 171] best_single    score=-0.0928 origin=agent    iters=5 stop=no new information in 3 consecutive turns
         TEST  smape=0.0063  rmse=27.6979  pocid=83.33  mape=0.0063
         laya iter 1 -> select_stable_k5 conf=0.2873 obs=pool pool5 (5 models)
         laya iter 2 -> best_ONLY_CWT_rf conf=0.8156 rank=1
         laya iter 3 -> best_ONLY_CWT_rf conf=0.912 rank=1
         laya iter 4 -> best_ONLY_CWT_rf conf=0.912 rank=1
         laya iter 5 -> best_ONLY_CWT_rf conf=0.912 rank=1
[ 172] FAILED: ValueError: Attempt(attempt_id='a1', spec={'combine': 'mean', 'pool': 'pool_full'}, origin='baseline', aggregate={'MAPE': 0.1775254600549238, 'SMAPE': 0.15738500157553045, 'RMSE': 779.3268576250683, 'POCID': 36.11111111111111, 'MSMAPE': 0.15738310159960986, 'MAE': 653.0208383059286}, per_window=[{'MAPE': 0.3016686843409967, 'SMAPE': 0.2595706066976994, 'RMSE': 1131.680635812954, 'POCID': 50.0, 'MSMAPE': 0.25956753044574643, 'MAE': 1095.8423930607046}, {'MAPE': 0.08890986285506584, 'SMAPE': 0.08355582785572219, 'RMSE': 412.5452426130769, 'POCID': 41.666666666666664, 'MSMAPE': 0.08355479930342816, 'MAE': 340.1899826418928}, {'MAPE': 0.1419978329687089, 'SMAPE': 0.12902857017316968, 'RMSE': 609.226078209556, 'POCID': 16.666666666666668, 'MSMAPE': 0.12902697504965513, 'MAE': 523.0301392151881}], score=0.7277777777777779, rationale='deterministic baseline: plain mean of the full pool', iteration=0, n_models=19, per_window_scores=[0.7000000000000001, 0.7166666666666667, 0.7666666666666667], residuals=[764.7110439449589, 1048.8875194167713, 1180.9331662659433, 1441.6942729923394, 1216.5335560441072, 1330.1250889210683, 1187.1085974457742, 1152.0991772309294, 1349.4716210646661, 923.204015376909, 441.24540187178945, 792.4426119737245, 1417.4950372401813, -45.205055108918714, 324.5791963842785, -68.82556617729051, 388.20116740085905, 166.16767092575174, 228.39532443587996, 39.11819213337549, -262.92281186773926, 517.019391082003, 521.5431687843202, 863.9514763535071, 406.1447238145129, 590.3960298761708, 538.8805729943351, 233.83775194136888, 98.6771478626506, 441.44643697311676, 162.06117761521182, 557.8942930788967, 831.8904796856382, 292.13773053086425, 799.2953705164878, 170.99346707552513, 805.2605644937544, 708.7635935578464, 1158.2532234717496], agent_converged=True, agent_rationale='laya selected mean_pool_full') is not in list
[ 173] best_single    score= 0.2242 origin=agent    iters=4 stop=no new information in 3 consecutive turns
         TEST  smape=0.0064  rmse=24.2184  pocid=41.67  mape=0.0065
         laya iter 1 -> best_ONLY_DWT_catboost conf=0.8671 rank=1
         laya iter 2 -> best_ONLY_DWT_catboost conf=0.7826 rank=1
         laya iter 3 -> best_ONLY_DWT_catboost conf=0.7826 rank=1
         laya iter 4 -> best_ONLY_DWT_catboost conf=0.7826 rank=1
[ 174] best_single    score=-0.0751 origin=agent    iters=4 stop=no new information in 3 consecutive turns
         TEST  smape=0.0054  rmse=20.4984  pocid=83.33  mape=0.0053
         laya iter 1 -> best_DWT_rf conf=0.3805 rank=1
         laya iter 2 -> best_DWT_rf conf=0.8026 rank=1
         laya iter 3 -> best_DWT_rf conf=0.8026 rank=1
         laya iter 4 -> best_DWT_rf conf=0.8026 rank=1
[ 175] best_single    score= 0.0874 origin=agent    iters=4 stop=no new information in 3 consecutive turns
         TEST  smape=0.0248  rmse=67.1195  pocid=33.33  mape=0.0251
         laya iter 1 -> best_ONLY_FT_catboost conf=0.9698 rank=1
         laya iter 2 -> best_ONLY_FT_catboost conf=0.9579 rank=1
         laya iter 3 -> best_ONLY_FT_catboost conf=0.9579 rank=1
         laya iter 4 -> best_ONLY_FT_catboost conf=0.9579 rank=1
[ 176] best_single    score= 0.4509 origin=agent    iters=4 stop=no new information in 3 consecutive turns
         TEST  smape=0.0364  rmse=279.2557  pocid=66.67  mape=0.0356
         laya iter 1 -> best_ONLY_DWT_catboost conf=0.9805 rank=1
         laya iter 2 -> best_ONLY_DWT_catboost conf=0.8708 rank=1
         laya iter 3 -> best_ONLY_DWT_catboost conf=0.8708 rank=1
         laya iter 4 -> best_ONLY_DWT_catboost conf=0.8708 rank=1
[ 177] best_single    score= 0.3637 origin=agent    iters=5 stop=no new information in 3 consecutive turns
         TEST  smape=0.0931  rmse=140.5790  pocid=58.33  mape=0.0979
         laya iter 1 -> best_ONLY_DWT_rf conf=0.9419 rank=1
         laya iter 2 -> best_rf conf=0.864 rank=1
         laya iter 3 -> best_rf conf=0.864 rank=1
         laya iter 4 -> best_rf conf=0.864 rank=1
         laya iter 5 -> best_rf conf=0.864 rank=1
[ 178] best_single    score=-0.0587 origin=agent    iters=4 stop=no new information in 3 consecutive turns
         TEST  smape=0.0080  rmse=29.2572  pocid=33.33  mape=0.0080
         laya iter 1 -> best_FT_rf conf=0.2858 rank=1
         laya iter 2 -> best_FT_rf conf=0.492 rank=1
         laya iter 3 -> best_FT_rf conf=0.492 rank=1
         laya iter 4 -> best_FT_rf conf=0.492 rank=1
[ 179] best_single    score= 0.0995 origin=agent    iters=5 stop=no new information in 3 consecutive turns
         TEST  smape=0.0065  rmse=58.0664  pocid=66.67  mape=0.0064
         laya iter 1 -> select_stable_k5 conf=0.3013 obs=pool pool5 (5 models)
         laya iter 2 -> best_ONLY_CWT_rf conf=0.9359 rank=1
         laya iter 3 -> best_ONLY_CWT_rf conf=0.7584 rank=1
         laya iter 4 -> best_ONLY_CWT_rf conf=0.7584 rank=1
         laya iter 5 -> best_ONLY_CWT_rf conf=0.7584 rank=1
[ 180] best_single    score=-0.0538 origin=agent    iters=4 stop=no new information in 3 consecutive turns
         TEST  smape=0.0163  rmse=161.9795  pocid=25.00  mape=0.0161
         laya iter 1 -> best_DWT_rf conf=0.4574 rank=1
         laya iter 2 -> best_DWT_rf conf=0.7594 rank=1
         laya iter 3 -> best_DWT_rf conf=0.7594 rank=1
         laya iter 4 -> best_DWT_rf conf=0.7594 rank=1
[ 181] best_single    score= 0.2014 origin=agent    iters=4 stop=no new information in 3 consecutive turns
         TEST  smape=0.2579  rmse=355.5854  pocid=33.33  mape=0.2235
         laya iter 1 -> best_FT_rf conf=0.5028 rank=1
         laya iter 2 -> best_FT_rf conf=0.8964 rank=1
         laya iter 3 -> best_FT_rf conf=0.8964 rank=1
         laya iter 4 -> best_FT_rf conf=0.8964 rank=1
[ 182] best_single    score=-0.0915 origin=agent    iters=5 stop=no new information in 3 consecutive turns
         TEST  smape=0.0194  rmse=130.2253  pocid=58.33  mape=0.0191
         laya iter 1 -> select_stable_k5 conf=0.2719 obs=pool pool5 (5 models)
         laya iter 2 -> best_DWT_rf conf=0.4665 rank=1
         laya iter 3 -> best_DWT_rf conf=0.4507 rank=1
         laya iter 4 -> best_DWT_rf conf=0.4507 rank=1
         laya iter 5 -> best_DWT_rf conf=0.4507 rank=1
[ 183] best_single    score=-0.0480 origin=agent    iters=5 stop=no new information in 3 consecutive turns
         TEST  smape=0.0037  rmse=18.3987  pocid=83.33  mape=0.0037
         laya iter 1 -> select_stable_k5 conf=0.289 obs=pool pool5 (5 models)
         laya iter 2 -> best_ONLY_DWT_catboost conf=0.4793 rank=1
         laya iter 3 -> best_ONLY_DWT_catboost conf=0.6048 rank=1
         laya iter 4 -> best_ONLY_DWT_catboost conf=0.6048 rank=1
         laya iter 5 -> best_ONLY_DWT_catboost conf=0.6048 rank=1
[ 184] best_single    score=-0.0281 origin=agent    iters=4 stop=no new information in 3 consecutive turns
         TEST  smape=0.0047  rmse=22.8404  pocid=91.67  mape=0.0047
         laya iter 1 -> best_ONLY_DWT_catboost conf=0.7011 rank=1
         laya iter 2 -> best_ONLY_DWT_catboost conf=0.9434 rank=1
         laya iter 3 -> best_ONLY_DWT_catboost conf=0.9434 rank=1
         laya iter 4 -> best_ONLY_DWT_catboost conf=0.9434 rank=1
[ 185] best_single    score= 0.9606 origin=agent    iters=6 stop=no new information in 3 consecutive turns
         TEST  smape=0.0157  rmse=32.6235  pocid=58.33  mape=0.0155
         laya iter 1 -> select_stable_k5 conf=0.2563 obs=pool pool5 (5 models)
         laya iter 2 -> best_ONLY_DWT_catboost conf=0.6178 rank=1
         laya iter 3 -> best_CWT_catboost conf=0.5407 rank=2
         laya iter 4 -> best_CWT_catboost conf=0.5407 rank=2
         laya iter 5 -> best_CWT_catboost conf=0.5407 rank=2
         laya iter 6 -> best_CWT_catboost conf=0.5407 rank=2
[ 186] best_single    score= 0.3340 origin=agent    iters=5 stop=no new information in 3 consecutive turns
         TEST  smape=0.0421  rmse=40.0018  pocid=75.00  mape=0.0412
         laya iter 1 -> select_stable_k5 conf=0.2836 obs=pool pool5 (5 models)
         laya iter 2 -> best_ONLY_DWT_rf conf=0.8722 rank=1
         laya iter 3 -> best_ONLY_DWT_rf conf=0.7746 rank=1
         laya iter 4 -> best_ONLY_DWT_rf conf=0.7746 rank=1
         laya iter 5 -> best_ONLY_DWT_rf conf=0.7746 rank=1
[ 187] best_single    score= 0.2426 origin=agent    iters=4 stop=no new information in 3 consecutive turns
         TEST  smape=0.0483  rmse=129.5481  pocid=41.67  mape=0.0466
         laya iter 1 -> best_ONLY_CWT_rf conf=0.6978 rank=1
         laya iter 2 -> best_ONLY_CWT_rf conf=0.9831 rank=1
         laya iter 3 -> best_ONLY_CWT_rf conf=0.9831 rank=1
         laya iter 4 -> best_ONLY_CWT_rf conf=0.9831 rank=1
[ 188] best_single    score= 0.1807 origin=agent    iters=4 stop=no new information in 3 consecutive turns
         TEST  smape=0.0631  rmse=162.8081  pocid=58.33  mape=0.0604
         laya iter 1 -> best_ONLY_FT_rf conf=0.4643 rank=1
         laya iter 2 -> best_ONLY_FT_rf conf=0.9951 rank=1
         laya iter 3 -> best_ONLY_FT_rf conf=0.9951 rank=1
         laya iter 4 -> best_ONLY_FT_rf conf=0.9951 rank=1
[ 189] best_single    score=-0.0086 origin=agent    iters=5 stop=no new information in 3 consecutive turns
         TEST  smape=0.0238  rmse=11.8325  pocid=50.00  mape=0.0235
         laya iter 1 -> select_stable_k5 conf=0.3083 obs=pool pool5 (5 models)
         laya iter 2 -> best_ONLY_DWT_rf conf=0.4892 rank=1
         laya iter 3 -> best_ONLY_DWT_rf conf=0.8574 rank=1
         laya iter 4 -> best_ONLY_DWT_rf conf=0.8574 rank=1
         laya iter 5 -> best_ONLY_DWT_rf conf=0.8574 rank=1
[ 190] best_single    score= 0.4020 origin=agent    iters=4 stop=no new information in 3 consecutive turns
         TEST  smape=0.0759  rmse=623.9810  pocid=66.67  mape=0.0723
         laya iter 1 -> best_CWT_rf conf=0.3318 rank=1
         laya iter 2 -> best_CWT_rf conf=0.639 rank=1
         laya iter 3 -> best_CWT_rf conf=0.639 rank=1
         laya iter 4 -> best_CWT_rf conf=0.639 rank=1
[ 191] best_single    score= 0.4045 origin=agent    iters=5 stop=no new information in 3 consecutive turns
         TEST  smape=0.0382  rmse=52.2545  pocid=58.33  mape=0.0394
         laya iter 1 -> select_stable_k5 conf=0.2812 obs=pool pool5 (5 models)
         laya iter 2 -> best_ONLY_CWT_rf conf=0.7941 rank=1
         laya iter 3 -> best_ONLY_CWT_rf conf=0.9803 rank=1
         laya iter 4 -> best_ONLY_CWT_rf conf=0.9803 rank=1
         laya iter 5 -> best_ONLY_CWT_rf conf=0.9803 rank=1
[ 192] best_single    score= 0.2644 origin=agent    iters=4 stop=no new information in 3 consecutive turns
         TEST  smape=0.0257  rmse=177.6087  pocid=50.00  mape=0.0256
         laya iter 1 -> best_FT_rf conf=0.4196 rank=1
         laya iter 2 -> best_FT_rf conf=0.3769 rank=1
         laya iter 3 -> best_FT_rf conf=0.3769 rank=1
         laya iter 4 -> best_FT_rf conf=0.3769 rank=1
[ 193] best_single    score= 0.0610 origin=agent    iters=5 stop=no new information in 3 consecutive turns
         TEST  smape=0.0594  rmse=31.1122  pocid=50.00  mape=0.0575
         laya iter 1 -> select_stable_k5 conf=0.3406 obs=pool pool5 (5 models)
         laya iter 2 -> best_DWT_rf conf=0.8478 rank=1
         laya iter 3 -> best_DWT_rf conf=0.9505 rank=1
         laya iter 4 -> best_DWT_rf conf=0.9505 rank=1
         laya iter 5 -> best_DWT_rf conf=0.9505 rank=1
[ 194] best_single    score= 0.6139 origin=agent    iters=4 stop=no new information in 3 consecutive turns
         TEST  smape=0.1745  rmse=161.5490  pocid=50.00  mape=0.1596
         laya iter 1 -> best_ONLY_DWT_catboost conf=0.5364 rank=1
         laya iter 2 -> best_ONLY_DWT_catboost conf=0.6251 rank=1
         laya iter 3 -> best_ONLY_DWT_catboost conf=0.6251 rank=1
         laya iter 4 -> best_ONLY_DWT_catboost conf=0.6251 rank=1
[ 195] best_single    score= 0.3322 origin=agent    iters=4 stop=no new information in 3 consecutive turns
         TEST  smape=0.2166  rmse=2068.6036  pocid=33.33  mape=0.1925
         laya iter 1 -> best_ONLY_CWT_catboost conf=0.9603 rank=1
         laya iter 2 -> best_ONLY_CWT_catboost conf=0.9911 rank=1
         laya iter 3 -> best_ONLY_CWT_catboost conf=0.9911 rank=1
         laya iter 4 -> best_ONLY_CWT_catboost conf=0.9911 rank=1
[ 196] best_single    score= 0.6294 origin=agent    iters=5 stop=no new information in 3 consecutive turns
         TEST  smape=0.0656  rmse=225.4022  pocid=66.67  mape=0.0633
         laya iter 1 -> select_stable_k5 conf=0.3532 obs=pool pool5 (5 models)
         laya iter 2 -> best_ONLY_CWT_rf conf=0.8413 rank=1
         laya iter 3 -> best_ONLY_CWT_rf conf=0.9435 rank=1
         laya iter 4 -> best_ONLY_CWT_rf conf=0.9435 rank=1
         laya iter 5 -> best_ONLY_CWT_rf conf=0.9435 rank=1
[ 197] best_single    score= 0.0428 origin=agent    iters=5 stop=no new information in 3 consecutive turns
         TEST  smape=0.0902  rmse=238.4663  pocid=33.33  mape=0.0856
         laya iter 1 -> best_CWT_catboost conf=0.3118 rank=1
         laya iter 2 -> best_ONLY_CWT_catboost conf=0.8558 rank=1
         laya iter 3 -> best_ONLY_CWT_catboost conf=0.8558 rank=1
         laya iter 4 -> best_ONLY_CWT_catboost conf=0.8558 rank=1
         laya iter 5 -> best_ONLY_CWT_catboost conf=0.8558 rank=1
[ 198] best_single    score= 0.0778 origin=agent    iters=5 stop=no new information in 3 consecutive turns
         TEST  smape=0.0393  rmse=41.5300  pocid=50.00  mape=0.0392
         laya iter 1 -> select_stable_k5 conf=0.2614 obs=pool pool5 (5 models)
         laya iter 2 -> best_ONLY_CWT_catboost conf=0.5309 rank=1
         laya iter 3 -> best_ONLY_CWT_catboost conf=0.6613 rank=1
         laya iter 4 -> best_ONLY_CWT_catboost conf=0.6613 rank=1
         laya iter 5 -> best_ONLY_CWT_catboost conf=0.6613 rank=1
[ 199] best_single    score= 0.2239 origin=agent    iters=5 stop=no new information in 3 consecutive turns
         TEST  smape=0.1259  rmse=253.6148  pocid=66.67  mape=0.1271
         laya iter 1 -> best_DWT_rf conf=0.318 rank=1
         laya iter 2 -> best_ONLY_CWT_rf conf=0.6087 rank=2
         laya iter 3 -> best_ONLY_CWT_rf conf=0.6087 rank=2
         laya iter 4 -> best_ONLY_CWT_rf conf=0.6087 rank=2
         laya iter 5 -> best_ONLY_CWT_rf conf=0.6087 rank=2
[ 200] best_single    score= 0.4886 origin=agent    iters=5 stop=no new information in 3 consecutive turns
         TEST  smape=0.3537  rmse=622.3100  pocid=58.33  mape=0.2932
         laya iter 1 -> select_stable_k5 conf=0.3132 obs=pool pool5 (5 models)
         laya iter 2 -> best_CWT_rf conf=0.7039 rank=1
         laya iter 3 -> best_CWT_rf conf=0.4769 rank=1
         laya iter 4 -> best_CWT_rf conf=0.4769 rank=1
         laya iter 5 -> best_CWT_rf conf=0.4769 rank=1
[ 201] best_single    score= 0.5136 origin=agent    iters=6 stop=no new information in 3 consecutive turns
         TEST  smape=0.1509  rmse=619.0914  pocid=41.67  mape=0.1389
         laya iter 1 -> select_stable_k5 conf=0.2545 obs=pool pool5 (5 models)
         laya iter 2 -> best_ONLY_CWT_rf conf=0.739 rank=1
         laya iter 3 -> best_CWT_catboost conf=0.6481 rank=1
         laya iter 4 -> best_CWT_catboost conf=0.6481 rank=1
         laya iter 5 -> best_CWT_catboost conf=0.6481 rank=1
         laya iter 6 -> best_CWT_catboost conf=0.6481 rank=1
[ 202] best_single    score= 0.4374 origin=agent    iters=6 stop=no new information in 3 consecutive turns
         TEST  smape=0.0694  rmse=442.3074  pocid=58.33  mape=0.0736
         laya iter 1 -> select_stable_k5 conf=0.2196 obs=pool pool5 (5 models)
         laya iter 2 -> best_FT_catboost conf=0.6327 rank=1
         laya iter 3 -> best_ONLY_DWT_catboost conf=0.8311 rank=1
         laya iter 4 -> best_ONLY_DWT_catboost conf=0.8311 rank=1
         laya iter 5 -> best_ONLY_DWT_catboost conf=0.8311 rank=1
         laya iter 6 -> best_ONLY_DWT_catboost conf=0.8311 rank=1
[ 203] best_single    score=-0.0090 origin=agent    iters=5 stop=no new information in 3 consecutive turns
         TEST  smape=0.0074  rmse=59.1205  pocid=75.00  mape=0.0074
         laya iter 1 -> select_stable_k5 conf=0.3031 obs=pool pool5 (5 models)
         laya iter 2 -> best_ONLY_DWT_rf conf=0.8852 rank=1
         laya iter 3 -> best_ONLY_DWT_rf conf=0.9816 rank=1
         laya iter 4 -> best_ONLY_DWT_rf conf=0.9816 rank=1
         laya iter 5 -> best_ONLY_DWT_rf conf=0.9816 rank=1
[ 204] best_single    score= 0.1474 origin=agent    iters=5 stop=no new information in 3 consecutive turns
         TEST  smape=0.0159  rmse=259.3038  pocid=50.00  mape=0.0157
         laya iter 1 -> select_stable_k5 conf=0.3012 obs=pool pool5 (5 models)
         laya iter 2 -> best_ONLY_CWT_rf conf=0.818 rank=1
         laya iter 3 -> best_ONLY_CWT_rf conf=0.975 rank=1
         laya iter 4 -> best_ONLY_CWT_rf conf=0.975 rank=1
         laya iter 5 -> best_ONLY_CWT_rf conf=0.975 rank=1
[ 205] best_single    score= 0.5203 origin=agent    iters=4 stop=no new information in 3 consecutive turns
         TEST  smape=0.1065  rmse=151.5987  pocid=75.00  mape=0.0998
         laya iter 1 -> best_ONLY_DWT_catboost conf=0.4548 rank=1
         laya iter 2 -> best_ONLY_DWT_catboost conf=0.6971 rank=1
         laya iter 3 -> best_ONLY_DWT_catboost conf=0.6971 rank=1
         laya iter 4 -> best_ONLY_DWT_catboost conf=0.6971 rank=1
[ 206] best_single    score= 0.3672 origin=agent    iters=5 stop=no new information in 3 consecutive turns
         TEST  smape=0.0905  rmse=2121.1739  pocid=58.33  mape=0.0847
         laya iter 1 -> select_stable_k5 conf=0.2693 obs=pool pool5 (5 models)
         laya iter 2 -> best_ONLY_DWT_rf conf=0.9668 rank=1
         laya iter 3 -> best_ONLY_DWT_rf conf=0.9795 rank=1
         laya iter 4 -> best_ONLY_DWT_rf conf=0.9795 rank=1
         laya iter 5 -> best_ONLY_DWT_rf conf=0.9795 rank=1
[ 207] best_single    score= 0.1792 origin=agent    iters=5 stop=no new information in 3 consecutive turns
         TEST  smape=0.0658  rmse=2117.6675  pocid=66.67  mape=0.0671
         laya iter 1 -> best_DWT_catboost conf=0.2581 rank=1
         laya iter 2 -> best_CWT_catboost conf=0.4509 rank=2
         laya iter 3 -> best_CWT_catboost conf=0.4509 rank=2
         laya iter 4 -> best_CWT_catboost conf=0.4509 rank=2
         laya iter 5 -> best_CWT_catboost conf=0.4509 rank=2
[ 208] best_single    score= 0.0898 origin=agent    iters=4 stop=no new information in 3 consecutive turns
         TEST  smape=1.2550  rmse=3115.9102  pocid=0.00  mape=0.7711
         laya iter 1 -> best_ETS conf=0.3843 rank=1
         laya iter 2 -> best_ETS conf=0.4444 rank=1
         laya iter 3 -> best_ETS conf=0.4444 rank=1
         laya iter 4 -> best_ETS conf=0.4444 rank=1
[ 209] best_single    score= 0.1256 origin=agent    iters=5 stop=no new information in 3 consecutive turns
         TEST  smape=0.1350  rmse=1259.1362  pocid=66.67  mape=0.1253
         laya iter 1 -> select_stable_k5 conf=0.2815 obs=pool pool5 (5 models)
         laya iter 2 -> best_FT_rf conf=0.6929 rank=1
         laya iter 3 -> best_FT_rf conf=0.6143 rank=1
         laya iter 4 -> best_FT_rf conf=0.6143 rank=1
         laya iter 5 -> best_FT_rf conf=0.6143 rank=1
[ 210] best_single    score=-0.1355 origin=agent    iters=4 stop=no new information in 3 consecutive turns
         TEST  smape=0.0161  rmse=407.7503  pocid=91.67  mape=0.0163
         laya iter 1 -> best_FT_rf conf=0.4272 rank=1
         laya iter 2 -> best_FT_rf conf=0.4963 rank=1
         laya iter 3 -> best_FT_rf conf=0.4963 rank=1
         laya iter 4 -> best_FT_rf conf=0.4963 rank=1
[ 211] best_single    score= 0.0316 origin=agent    iters=5 stop=no new information in 3 consecutive turns
         TEST  smape=0.0520  rmse=348.8678  pocid=66.67  mape=0.0502
         laya iter 1 -> select_stable_k5 conf=0.2578 obs=pool pool5 (5 models)
         laya iter 2 -> best_ONLY_CWT_rf conf=0.7898 rank=1
         laya iter 3 -> best_ONLY_CWT_rf conf=0.6895 rank=1
         laya iter 4 -> best_ONLY_CWT_rf conf=0.6895 rank=1
         laya iter 5 -> best_ONLY_CWT_rf conf=0.6895 rank=1
[ 212] best_single    score= 0.2049 origin=agent    iters=6 stop=no new information in 3 consecutive turns
         TEST  smape=0.0456  rmse=192.1380  pocid=50.00  mape=0.0464
         laya iter 1 -> select_stable_k5 conf=0.3174 obs=pool pool5 (5 models)
         laya iter 2 -> best_DWT_rf conf=0.4716 rank=1
         laya iter 3 -> best_DWT_catboost conf=0.652 rank=1
         laya iter 4 -> best_DWT_catboost conf=0.652 rank=1
         laya iter 5 -> best_DWT_catboost conf=0.652 rank=1
         laya iter 6 -> best_DWT_catboost conf=0.652 rank=1
[ 213] best_single    score= 0.2722 origin=agent    iters=5 stop=no new information in 3 consecutive turns
         TEST  smape=0.0276  rmse=63.0368  pocid=66.67  mape=0.0273
         laya iter 1 -> select_stable_k5 conf=0.2874 obs=pool pool5 (5 models)
         laya iter 2 -> best_ONLY_CWT_catboost conf=0.6311 rank=1
         laya iter 3 -> best_ONLY_CWT_catboost conf=0.8653 rank=1
         laya iter 4 -> best_ONLY_CWT_catboost conf=0.8653 rank=1
         laya iter 5 -> best_ONLY_CWT_catboost conf=0.8653 rank=1
[ 214] best_single    score= 0.0675 origin=agent    iters=5 stop=no new information in 3 consecutive turns
         TEST  smape=0.0240  rmse=68.6759  pocid=58.33  mape=0.0236
         laya iter 1 -> select_stable_k5 conf=0.2591 obs=pool pool5 (5 models)
         laya iter 2 -> best_CWT_catboost conf=0.4212 rank=1
         laya iter 3 -> best_CWT_catboost conf=0.5434 rank=1
         laya iter 4 -> best_CWT_catboost conf=0.5434 rank=1
         laya iter 5 -> best_CWT_catboost conf=0.5434 rank=1
[ 215] best_single    score= 0.0565 origin=agent    iters=5 stop=no new information in 3 consecutive turns
         TEST  smape=0.0319  rmse=114.4165  pocid=25.00  mape=0.0313
         laya iter 1 -> select_stable_k5 conf=0.343 obs=pool pool5 (5 models)
         laya iter 2 -> best_FT_catboost conf=0.593 rank=1
         laya iter 3 -> best_FT_catboost conf=0.6326 rank=1
         laya iter 4 -> best_FT_catboost conf=0.6326 rank=1
         laya iter 5 -> best_FT_catboost conf=0.6326 rank=1
[ 216] best_single    score= 0.2814 origin=agent    iters=5 stop=no new information in 3 consecutive turns
         TEST  smape=0.0153  rmse=239.0586  pocid=0.00  mape=0.0155
         laya iter 1 -> select_stable_k5 conf=0.3909 obs=pool pool5 (5 models)
         laya iter 2 -> best_ARIMA conf=0.4844 rank=1
         laya iter 3 -> best_ARIMA conf=0.7515 rank=1
         laya iter 4 -> best_ARIMA conf=0.7515 rank=1
         laya iter 5 -> best_ARIMA conf=0.7515 rank=1
[ 217] FAILED: ValueError: Attempt(attempt_id='a1', spec={'combine': 'mean', 'pool': 'pool_full'}, origin='baseline', aggregate={'MAPE': 178.5187495572051, 'SMAPE': 0.7898055605978166, 'RMSE': 7980356.276493718, 'POCID': 41.666666666666664, 'MSMAPE': 0.7898035991847322, 'MAE': 1775572.4709012054}, per_window=[{'MAPE': 523.5649627073735, 'SMAPE': 1.29368788231089, 'RMSE': 13819170.206266126, 'POCID': 41.666666666666664, 'MSMAPE': 1.293685468066305, 'MAE': 5208053.921039785}, {'MAPE': 0.03154602192534646, 'SMAPE': 0.031122973544990187, 'RMSE': 369.24867826682805, 'POCID': 41.666666666666664, 'MSMAPE': 0.031122812293956713, 'MAE': 300.4238385373344}, {'MAPE': 11.959739942316215, 'SMAPE': 1.0446058259375695, 'RMSE': 297982.50488931505, 'POCID': 41.666666666666664, 'MSMAPE': 1.0446025171939348, 'MAE': 118363.06782529254}], score=0.7166666666666667, rationale='deterministic baseline: plain mean of the full pool', iteration=0, n_models=19, per_window_scores=[0.7166666666666667, 0.7166666666666667, 0.7166666666666667], residuals=[-264.3184301905512, -346.7026904944887, -554.2413201033305, -1265.5984473206536, -4350.778550603004, -11006.816001992041, -34822.88924439141, -114771.59933814712, -376504.99976601463, -1297401.820908472, -4190692.5285952664, -14081666.056424512, -47591052.62379971, -19.249393841932033, -31.58367763689421, 386.6699579985434, 388.8016974623297, 388.48141205454885, 893.5827940453564, -125.96769577744635, 319.0618657010218, -139.46169312838356, -283.38285933460065, -230.1145698027649, -293.7205029653487, -405.4317812361769, -1163.510392133885, -1757.4107327223119, -1113.0192648632692, -2486.592621433473, -1654.0326176077187, -4343.485483281582, -5964.604699710586, -7551.015083353812, -17447.50369561912, -53756.2549537037, -105854.8831682354, -315790.71463244257, -1019836.8543836956], agent_converged=True, agent_rationale='laya selected mean_pool_full') is not in list
[ 218] best_single    score=-0.1881 origin=agent    iters=4 stop=no new information in 3 consecutive turns
         TEST  smape=0.0005  rmse=0.6555  pocid=100.00  mape=0.0005
         laya iter 1 -> best_DWT_rf conf=0.5518 rank=1
         laya iter 2 -> best_DWT_rf conf=0.5649 rank=1
         laya iter 3 -> best_DWT_rf conf=0.5649 rank=1
         laya iter 4 -> best_DWT_rf conf=0.5649 rank=1
[ 219] best_single    score=-0.1844 origin=agent    iters=5 stop=no new information in 3 consecutive turns
         TEST  smape=0.0000  rmse=0.1123  pocid=100.00  mape=0.0000
         laya iter 1 -> select_stable_k5 conf=0.3398 obs=pool pool5 (5 models)
         laya iter 2 -> best_FT_rf conf=0.831 rank=1
         laya iter 3 -> best_FT_rf conf=0.8511 rank=1
         laya iter 4 -> best_FT_rf conf=0.8511 rank=1
         laya iter 5 -> best_FT_rf conf=0.8511 rank=1
[ 220] best_single    score= 0.7360 origin=agent    iters=5 stop=no new information in 3 consecutive turns
         TEST  smape=0.0444  rmse=389.9080  pocid=66.67  mape=0.0435
         laya iter 1 -> select_stable_k5 conf=0.2803 obs=pool pool5 (5 models)
         laya iter 2 -> best_ONLY_CWT_rf conf=0.6081 rank=1
         laya iter 3 -> best_ONLY_CWT_rf conf=0.8822 rank=1
         laya iter 4 -> best_ONLY_CWT_rf conf=0.8822 rank=1
         laya iter 5 -> best_ONLY_CWT_rf conf=0.8822 rank=1
[ 221] best_single    score= 0.0972 origin=agent    iters=4 stop=no new information in 3 consecutive turns
         TEST  smape=0.0943  rmse=841.6188  pocid=58.33  mape=0.0910
         laya iter 1 -> best_rf conf=0.9327 rank=1
         laya iter 2 -> best_rf conf=0.8864 rank=1
         laya iter 3 -> best_rf conf=0.8864 rank=1
         laya iter 4 -> best_rf conf=0.8864 rank=1
[ 222] best_single    score= 0.0504 origin=agent    iters=4 stop=no new information in 3 consecutive turns
         TEST  smape=0.1668  rmse=10520.0044  pocid=75.00  mape=0.2212
         laya iter 1 -> best_DWT_rf conf=0.4634 rank=1
         laya iter 2 -> best_DWT_rf conf=0.7411 rank=1
         laya iter 3 -> best_DWT_rf conf=0.7411 rank=1
         laya iter 4 -> best_DWT_rf conf=0.7411 rank=1
[ 223] best_single    score= 0.1524 origin=agent    iters=5 stop=no new information in 3 consecutive turns
         TEST  smape=0.1558  rmse=354.0065  pocid=25.00  mape=0.1410
         laya iter 1 -> select_stable_k5 conf=0.2228 obs=pool pool5 (5 models)
         laya iter 2 -> best_ONLY_DWT_rf conf=0.914 rank=1
         laya iter 3 -> best_ONLY_DWT_rf conf=0.7621 rank=1
         laya iter 4 -> best_ONLY_DWT_rf conf=0.7621 rank=1
         laya iter 5 -> best_ONLY_DWT_rf conf=0.7621 rank=1
[ 224] best_single    score= 0.0546 origin=agent    iters=5 stop=no new information in 3 consecutive turns
         TEST  smape=0.0642  rmse=253.5194  pocid=33.33  mape=0.0590
         laya iter 1 -> best_ONLY_CWT_catboost conf=0.3131 rank=1
         laya iter 2 -> best_DWT_rf conf=0.4957 rank=1
         laya iter 3 -> best_DWT_rf conf=0.4957 rank=1
         laya iter 4 -> best_DWT_rf conf=0.4957 rank=1
         laya iter 5 -> best_DWT_rf conf=0.4957 rank=1
[ 225] best_single    score= 0.0725 origin=agent    iters=5 stop=no new information in 3 consecutive turns
         TEST  smape=0.0347  rmse=116.5946  pocid=58.33  mape=0.0357
         laya iter 1 -> select_stable_k5 conf=0.3587 obs=pool pool5 (5 models)
         laya iter 2 -> best_FT_rf conf=0.9553 rank=1
         laya iter 3 -> best_FT_rf conf=0.993 rank=1
         laya iter 4 -> best_FT_rf conf=0.993 rank=1
         laya iter 5 -> best_FT_rf conf=0.993 rank=1
[ 226] best_single    score= 0.1037 origin=agent    iters=5 stop=no new information in 3 consecutive turns
         TEST  smape=0.1432  rmse=287.0740  pocid=25.00  mape=0.1286
         laya iter 1 -> select_stable_k5 conf=0.2952 obs=pool pool5 (5 models)
         laya iter 2 -> best_rf conf=0.7059 rank=1
         laya iter 3 -> best_rf conf=0.7197 rank=1
         laya iter 4 -> best_rf conf=0.7197 rank=1
         laya iter 5 -> best_rf conf=0.7197 rank=1
[ 227] best_single    score= 0.2550 origin=agent    iters=5 stop=no new information in 3 consecutive turns
         TEST  smape=0.0327  rmse=308.7371  pocid=50.00  mape=0.0321
         laya iter 1 -> select_stable_k5 conf=0.2567 obs=pool pool5 (5 models)
         laya iter 2 -> best_CWT_rf conf=0.394 rank=1
         laya iter 3 -> best_CWT_rf conf=0.5796 rank=1
         laya iter 4 -> best_CWT_rf conf=0.5796 rank=1
         laya iter 5 -> best_CWT_rf conf=0.5796 rank=1
[ 228] best_single    score=-0.0124 origin=agent    iters=4 stop=no new information in 3 consecutive turns
         TEST  smape=0.1842  rmse=108.3294  pocid=75.00  mape=0.2114
         laya iter 1 -> best_rf conf=0.946 rank=1
         laya iter 2 -> best_rf conf=0.5225 rank=1
         laya iter 3 -> best_rf conf=0.5225 rank=1
         laya iter 4 -> best_rf conf=0.5225 rank=1
[ 229] best_single    score= 0.0826 origin=agent    iters=4 stop=no new information in 3 consecutive turns
         TEST  smape=0.1143  rmse=530.9228  pocid=50.00  mape=0.1140
         laya iter 1 -> best_FT_rf conf=0.4809 rank=1
         laya iter 2 -> best_FT_rf conf=0.4475 rank=1
         laya iter 3 -> best_FT_rf conf=0.4475 rank=1
         laya iter 4 -> best_FT_rf conf=0.4475 rank=1
[ 230] best_single    score= 0.1759 origin=agent    iters=5 stop=no new information in 3 consecutive turns
         TEST  smape=0.1785  rmse=251.7970  pocid=100.00  mape=0.1578
         laya iter 1 -> select_stable_k5 conf=0.2478 obs=pool pool5 (5 models)
         laya iter 2 -> best_FT_catboost conf=0.5368 rank=1
         laya iter 3 -> best_FT_catboost conf=0.7995 rank=1
         laya iter 4 -> best_FT_catboost conf=0.7995 rank=1
         laya iter 5 -> best_FT_catboost conf=0.7995 rank=1
[ 231] best_single    score= 0.1485 origin=agent    iters=5 stop=no new information in 3 consecutive turns
         TEST  smape=0.2122  rmse=704.7659  pocid=41.67  mape=0.1794
         laya iter 1 -> select_stable_k5 conf=0.2488 obs=pool pool5 (5 models)
         laya iter 2 -> best_FT_catboost conf=0.5423 rank=1
         laya iter 3 -> best_FT_catboost conf=0.4466 rank=1
         laya iter 4 -> best_FT_catboost conf=0.4466 rank=1
         laya iter 5 -> best_FT_catboost conf=0.4466 rank=1
[ 232] best_single    score= 0.1912 origin=agent    iters=5 stop=no new information in 3 consecutive turns
         TEST  smape=0.1628  rmse=296.1154  pocid=33.33  mape=0.1412
         laya iter 1 -> select_stable_k5 conf=0.2866 obs=pool pool5 (5 models)
         laya iter 2 -> best_FT_catboost conf=0.7674 rank=1
         laya iter 3 -> best_FT_catboost conf=0.6605 rank=1
         laya iter 4 -> best_FT_catboost conf=0.6605 rank=1
         laya iter 5 -> best_FT_catboost conf=0.6605 rank=1
[ 233] best_single    score= 0.1977 origin=agent    iters=5 stop=no new information in 3 consecutive turns
         TEST  smape=0.1279  rmse=391.4695  pocid=41.67  mape=0.1143
         laya iter 1 -> select_stable_k5 conf=0.2692 obs=pool pool5 (5 models)
         laya iter 2 -> best_FT_catboost conf=0.5562 rank=1
         laya iter 3 -> best_FT_catboost conf=0.4667 rank=1
         laya iter 4 -> best_FT_catboost conf=0.4667 rank=1
         laya iter 5 -> best_FT_catboost conf=0.4667 rank=1
[ 234] best_single    score= 0.2234 origin=agent    iters=4 stop=no new information in 3 consecutive turns
         TEST  smape=0.0804  rmse=87.0134  pocid=100.00  mape=0.0759
         laya iter 1 -> best_ONLY_CWT_rf conf=0.3904 rank=1
         laya iter 2 -> best_ONLY_CWT_rf conf=0.9398 rank=1
         laya iter 3 -> best_ONLY_CWT_rf conf=0.9398 rank=1
         laya iter 4 -> best_ONLY_CWT_rf conf=0.9398 rank=1
[ 235] best_single    score= 0.1018 origin=agent    iters=6 stop=no new information in 3 consecutive turns
         TEST  smape=0.0567  rmse=318.8722  pocid=58.33  mape=0.0546
         laya iter 1 -> select_stable_k5 conf=0.261 obs=pool pool5 (5 models)
         laya iter 2 -> best_CWT_rf conf=0.6317 rank=1
         laya iter 3 -> best_ONLY_DWT_catboost conf=0.5961 rank=1
         laya iter 4 -> best_ONLY_DWT_catboost conf=0.5961 rank=1
         laya iter 5 -> best_ONLY_DWT_catboost conf=0.5961 rank=1
         laya iter 6 -> best_ONLY_DWT_catboost conf=0.5961 rank=1
[ 236] best_single    score= 0.1053 origin=agent    iters=4 stop=no new information in 3 consecutive turns
         TEST  smape=0.2924  rmse=470.5059  pocid=50.00  mape=0.3547
         laya iter 1 -> best_rf conf=0.8961 rank=1
         laya iter 2 -> best_rf conf=0.5459 rank=1
         laya iter 3 -> best_rf conf=0.5459 rank=1
         laya iter 4 -> best_rf conf=0.5459 rank=1
[ 237] best_single    score= 0.1041 origin=agent    iters=5 stop=no new information in 3 consecutive turns
         TEST  smape=0.3098  rmse=250.3550  pocid=83.33  mape=0.2535
         laya iter 1 -> select_stable_k5 conf=0.2798 obs=pool pool5 (5 models)
         laya iter 2 -> best_DWT_rf conf=0.6143 rank=1
         laya iter 3 -> best_DWT_rf conf=0.3386 rank=1
         laya iter 4 -> best_DWT_rf conf=0.3386 rank=1
         laya iter 5 -> best_DWT_rf conf=0.3386 rank=1
[ 238] best_single    score= 0.3083 origin=agent    iters=5 stop=no new information in 3 consecutive turns
         TEST  smape=0.0672  rmse=352.2257  pocid=83.33  mape=0.0697
         laya iter 1 -> select_stable_k5 conf=0.3165 obs=pool pool5 (5 models)
         laya iter 2 -> best_FT_rf conf=0.6685 rank=1
         laya iter 3 -> best_FT_rf conf=0.9576 rank=1
         laya iter 4 -> best_FT_rf conf=0.9576 rank=1
         laya iter 5 -> best_FT_rf conf=0.9576 rank=1
[ 239] best_single    score= 0.0391 origin=agent    iters=4 stop=no new information in 3 consecutive turns
         TEST  smape=0.1151  rmse=511.3237  pocid=50.00  mape=0.1047
         laya iter 1 -> best_rf conf=0.7769 rank=1
         laya iter 2 -> best_rf conf=0.7026 rank=1
         laya iter 3 -> best_rf conf=0.7026 rank=1
         laya iter 4 -> best_rf conf=0.7026 rank=1
[ 240] best_single    score= 0.1096 origin=agent    iters=6 stop=no new information in 3 consecutive turns
         TEST  smape=0.0338  rmse=55.0904  pocid=75.00  mape=0.0336
         laya iter 1 -> select_stable_k5 conf=0.2652 obs=pool pool5 (5 models)
         laya iter 2 -> best_ONLY_CWT_catboost conf=0.3768 rank=1
         laya iter 3 -> best_DWT_rf conf=0.4672 rank=1
         laya iter 4 -> best_DWT_rf conf=0.4672 rank=1
         laya iter 5 -> best_DWT_rf conf=0.4672 rank=1
         laya iter 6 -> best_DWT_rf conf=0.4672 rank=1
[ 241] best_single    score= 0.0544 origin=agent    iters=5 stop=no new information in 3 consecutive turns
         TEST  smape=0.1020  rmse=256.4712  pocid=41.67  mape=0.0951
         laya iter 1 -> select_stable_k5 conf=0.2447 obs=pool pool5 (5 models)
         laya iter 2 -> best_ONLY_CWT_catboost conf=0.3338 rank=1
         laya iter 3 -> best_ONLY_CWT_catboost conf=0.2693 rank=1
         laya iter 4 -> best_ONLY_CWT_catboost conf=0.2693 rank=1
         laya iter 5 -> best_ONLY_CWT_catboost conf=0.2693 rank=1
[ 242] best_single    score= 0.3922 origin=agent    iters=5 stop=no new information in 3 consecutive turns
         TEST  smape=0.6444  rmse=1735.7603  pocid=66.67  mape=0.4559
         laya iter 1 -> select_stable_k5 conf=0.2349 obs=pool pool5 (5 models)
         laya iter 2 -> best_ONLY_DWT_rf conf=0.8125 rank=1
         laya iter 3 -> best_ONLY_DWT_rf conf=0.8058 rank=1
         laya iter 4 -> best_ONLY_DWT_rf conf=0.8058 rank=1
         laya iter 5 -> best_ONLY_DWT_rf conf=0.8058 rank=1
[ 243] best_single    score= 0.2112 origin=agent    iters=5 stop=no new information in 3 consecutive turns
         TEST  smape=0.1923  rmse=253.5101  pocid=100.00  mape=0.1716
         laya iter 1 -> select_stable_k5 conf=0.3311 obs=pool pool5 (5 models)
         laya iter 2 -> best_DWT_rf conf=0.7233 rank=1
         laya iter 3 -> best_DWT_rf conf=0.8985 rank=1
         laya iter 4 -> best_DWT_rf conf=0.8985 rank=1
         laya iter 5 -> best_DWT_rf conf=0.8985 rank=1
[ 244] best_single    score= 0.0545 origin=agent    iters=5 stop=no new information in 3 consecutive turns
         TEST  smape=0.0552  rmse=207.5240  pocid=58.33  mape=0.0531
         laya iter 1 -> select_stable_k5 conf=0.304 obs=pool pool5 (5 models)
         laya iter 2 -> best_ONLY_CWT_rf conf=0.9682 rank=1
         laya iter 3 -> best_ONLY_CWT_rf conf=0.9967 rank=1
         laya iter 4 -> best_ONLY_CWT_rf conf=0.9967 rank=1
         laya iter 5 -> best_ONLY_CWT_rf conf=0.9967 rank=1
[ 245] best_single    score= 0.4963 origin=agent    iters=4 stop=no new information in 3 consecutive turns
         TEST  smape=0.2052  rmse=348.8898  pocid=41.67  mape=0.1788
         laya iter 1 -> best_ONLY_DWT_rf conf=0.3855 rank=1
         laya iter 2 -> best_ONLY_DWT_rf conf=0.6744 rank=1
         laya iter 3 -> best_ONLY_DWT_rf conf=0.6744 rank=1
         laya iter 4 -> best_ONLY_DWT_rf conf=0.6744 rank=1
[ 246] best_single    score=-0.0012 origin=agent    iters=6 stop=no new information in 3 consecutive turns
         TEST  smape=0.0357  rmse=294.9075  pocid=83.33  mape=0.0366
         laya iter 1 -> select_stable_k5 conf=0.2475 obs=pool pool5 (5 models)
         laya iter 2 -> best_ONLY_CWT_rf conf=0.6481 rank=1
         laya iter 3 -> best_ONLY_CWT_catboost conf=0.78 rank=1
         laya iter 4 -> best_ONLY_CWT_catboost conf=0.78 rank=1
         laya iter 5 -> best_ONLY_CWT_catboost conf=0.78 rank=1
         laya iter 6 -> best_ONLY_CWT_catboost conf=0.78 rank=1
[ 247] best_single    score= 0.0525 origin=agent    iters=4 stop=no new information in 3 consecutive turns
         TEST  smape=0.0197  rmse=416.6484  pocid=16.67  mape=0.0198
         laya iter 1 -> best_ONLY_CWT_rf conf=0.9443 rank=1
         laya iter 2 -> best_ONLY_CWT_rf conf=0.992 rank=1
         laya iter 3 -> best_ONLY_CWT_rf conf=0.992 rank=1
         laya iter 4 -> best_ONLY_CWT_rf conf=0.992 rank=1
[ 248] best_single    score= 0.0032 origin=agent    iters=5 stop=no new information in 3 consecutive turns
         TEST  smape=0.0653  rmse=1941.7557  pocid=16.67  mape=0.0695
         laya iter 1 -> select_stable_k5 conf=0.2621 obs=pool pool5 (5 models)
         laya iter 2 -> best_FT_catboost conf=0.3915 rank=1
         laya iter 3 -> best_FT_catboost conf=0.4509 rank=1
         laya iter 4 -> best_FT_catboost conf=0.4509 rank=1
         laya iter 5 -> best_FT_catboost conf=0.4509 rank=1
[ 249] best_single    score=-0.1331 origin=agent    iters=4 stop=no new information in 3 consecutive turns
         TEST  smape=0.0105  rmse=47.2917  pocid=91.67  mape=0.0105
         laya iter 1 -> best_DWT_rf conf=0.3363 rank=1
         laya iter 2 -> best_DWT_rf conf=0.8519 rank=1
         laya iter 3 -> best_DWT_rf conf=0.8519 rank=1
         laya iter 4 -> best_DWT_rf conf=0.8519 rank=1
[ 250] best_single    score= 0.1042 origin=agent    iters=5 stop=no new information in 3 consecutive turns
         TEST  smape=0.0477  rmse=368.3050  pocid=50.00  mape=0.0463
         laya iter 1 -> select_stable_k5 conf=0.2942 obs=pool pool5 (5 models)
         laya iter 2 -> best_CWT_rf conf=0.5843 rank=1
         laya iter 3 -> best_CWT_rf conf=0.695 rank=1
         laya iter 4 -> best_CWT_rf conf=0.695 rank=1
         laya iter 5 -> best_CWT_rf conf=0.695 rank=1
[ 251] best_single    score=-0.1443 origin=agent    iters=6 stop=no new information in 3 consecutive turns
         TEST  smape=0.0035  rmse=37.4471  pocid=91.67  mape=0.0035
         laya iter 1 -> select_stable_k5 conf=0.2539 obs=pool pool5 (5 models)
         laya iter 2 -> best_CWT_rf conf=0.7249 rank=1
         laya iter 3 -> best_ONLY_DWT_rf conf=0.6974 rank=2
         laya iter 4 -> best_ONLY_DWT_rf conf=0.6974 rank=2
         laya iter 5 -> best_ONLY_DWT_rf conf=0.6974 rank=2
         laya iter 6 -> best_ONLY_DWT_rf conf=0.6974 rank=2
[ 252] best_single    score=-0.0781 origin=agent    iters=5 stop=no new information in 3 consecutive turns
         TEST  smape=0.0050  rmse=68.1820  pocid=83.33  mape=0.0049
         laya iter 1 -> select_stable_k5 conf=0.2978 obs=pool pool5 (5 models)
         laya iter 2 -> best_ONLY_CWT_rf conf=0.8126 rank=1
         laya iter 3 -> best_ONLY_CWT_rf conf=0.9727 rank=1
         laya iter 4 -> best_ONLY_CWT_rf conf=0.9727 rank=1
         laya iter 5 -> best_ONLY_CWT_rf conf=0.9727 rank=1
[ 253] best_single    score=-0.1327 origin=agent    iters=4 stop=no new information in 3 consecutive turns
         TEST  smape=0.0045  rmse=38.7529  pocid=100.00  mape=0.0045
         laya iter 1 -> best_ONLY_CWT_rf conf=0.3297 rank=1
         laya iter 2 -> best_ONLY_CWT_rf conf=0.3854 rank=1
         laya iter 3 -> best_ONLY_CWT_rf conf=0.3854 rank=1
         laya iter 4 -> best_ONLY_CWT_rf conf=0.3854 rank=1
[ 254] best_single    score=-0.0264 origin=agent    iters=5 stop=no new information in 3 consecutive turns
         TEST  smape=0.0189  rmse=40.8161  pocid=66.67  mape=0.0191
         laya iter 1 -> best_DWT_rf conf=0.2899 rank=1
         laya iter 2 -> best_DWT_catboost conf=0.399 rank=1
         laya iter 3 -> best_DWT_catboost conf=0.399 rank=1
         laya iter 4 -> best_DWT_catboost conf=0.399 rank=1
         laya iter 5 -> best_DWT_catboost conf=0.399 rank=1
[ 255] best_single    score= 0.0601 origin=agent    iters=6 stop=no new information in 3 consecutive turns
         TEST  smape=0.0269  rmse=83.9727  pocid=66.67  mape=0.0264
         laya iter 1 -> select_stable_k5 conf=0.2798 obs=pool pool5 (5 models)
         laya iter 2 -> best_ONLY_DWT_rf conf=0.8965 rank=1
         laya iter 3 -> best_ONLY_DWT_catboost conf=0.7152 rank=1
         laya iter 4 -> best_ONLY_DWT_catboost conf=0.7152 rank=1
         laya iter 5 -> best_ONLY_DWT_catboost conf=0.7152 rank=1
         laya iter 6 -> best_ONLY_DWT_catboost conf=0.7152 rank=1
[ 256] best_single    score=-0.0235 origin=agent    iters=4 stop=no new information in 3 consecutive turns
         TEST  smape=0.0026  rmse=11.6580  pocid=66.67  mape=0.0026
         laya iter 1 -> best_CWT_rf conf=0.3468 rank=1
         laya iter 2 -> best_CWT_rf conf=0.8498 rank=1
         laya iter 3 -> best_CWT_rf conf=0.8498 rank=1
         laya iter 4 -> best_CWT_rf conf=0.8498 rank=1
[ 257] best_single    score= 0.0859 origin=agent    iters=5 stop=no new information in 3 consecutive turns
         TEST  smape=0.0638  rmse=156.0706  pocid=50.00  mape=0.0668
         laya iter 1 -> select_stable_k5 conf=0.2831 obs=pool pool5 (5 models)
         laya iter 2 -> best_ONLY_DWT_rf conf=0.3831 rank=1
         laya iter 3 -> best_ONLY_DWT_rf conf=0.3934 rank=1
         laya iter 4 -> best_ONLY_DWT_rf conf=0.3934 rank=1
         laya iter 5 -> best_ONLY_DWT_rf conf=0.3934 rank=1
[ 258] best_single    score= 0.5456 origin=agent    iters=4 stop=no new information in 3 consecutive turns
         TEST  smape=0.1104  rmse=831.8966  pocid=50.00  mape=0.1205
         laya iter 1 -> best_ONLY_CWT_catboost conf=0.3178 rank=1
         laya iter 2 -> best_ONLY_CWT_catboost conf=0.3975 rank=1
         laya iter 3 -> best_ONLY_CWT_catboost conf=0.3975 rank=1
         laya iter 4 -> best_ONLY_CWT_catboost conf=0.3975 rank=1
[ 259] best_single    score= 0.1420 origin=agent    iters=5 stop=no new information in 3 consecutive turns
         TEST  smape=0.2480  rmse=288.8134  pocid=83.33  mape=0.2391
         laya iter 1 -> select_stable_k5 conf=0.2682 obs=pool pool5 (5 models)
         laya iter 2 -> best_ONLY_DWT_catboost conf=0.6561 rank=1
         laya iter 3 -> best_ONLY_DWT_catboost conf=0.5287 rank=1
         laya iter 4 -> best_ONLY_DWT_catboost conf=0.5287 rank=1
         laya iter 5 -> best_ONLY_DWT_catboost conf=0.5287 rank=1
[ 260] best_single    score= 0.7763 origin=agent    iters=4 stop=no new information in 3 consecutive turns
         TEST  smape=0.0158  rmse=86.2148  pocid=50.00  mape=0.0159
         laya iter 1 -> best_ONLY_DWT_catboost conf=0.295 rank=1
         laya iter 2 -> best_ONLY_DWT_catboost conf=0.9641 rank=1
         laya iter 3 -> best_ONLY_DWT_catboost conf=0.9641 rank=1
         laya iter 4 -> best_ONLY_DWT_catboost conf=0.9641 rank=1
[ 261] best_single    score=-0.1526 origin=agent    iters=5 stop=no new information in 3 consecutive turns
         TEST  smape=0.0029  rmse=14.3571  pocid=83.33  mape=0.0029
         laya iter 1 -> select_stable_k5 conf=0.2644 obs=pool pool5 (5 models)
         laya iter 2 -> best_CWT_catboost conf=0.4671 rank=1
         laya iter 3 -> best_CWT_catboost conf=0.6249 rank=1
         laya iter 4 -> best_CWT_catboost conf=0.6249 rank=1
         laya iter 5 -> best_CWT_catboost conf=0.6249 rank=1
[ 262] best_single    score= 1.1234 origin=agent    iters=6 stop=no new information in 3 consecutive turns
         TEST  smape=0.2780  rmse=654.5049  pocid=50.00  mape=0.3357
         laya iter 1 -> select_stable_k5 conf=0.3354 obs=pool pool5 (5 models)
         laya iter 2 -> best_ONLY_DWT_rf conf=0.3416 rank=1
         laya iter 3 -> best_DWT_catboost conf=0.3648 rank=1
         laya iter 4 -> best_DWT_catboost conf=0.3648 rank=1
         laya iter 5 -> best_DWT_catboost conf=0.3648 rank=1
         laya iter 6 -> best_DWT_catboost conf=0.3648 rank=1
[ 263] best_single    score= 0.3289 origin=agent    iters=5 stop=no new information in 3 consecutive turns
         TEST  smape=0.0605  rmse=297.0803  pocid=50.00  mape=0.0616
         laya iter 1 -> best_FT_rf conf=0.3495 rank=1
         laya iter 2 -> best_ONLY_DWT_rf conf=0.6884 rank=2
         laya iter 3 -> best_ONLY_DWT_rf conf=0.6884 rank=2
         laya iter 4 -> best_ONLY_DWT_rf conf=0.6884 rank=2
         laya iter 5 -> best_ONLY_DWT_rf conf=0.6884 rank=2
[ 264] best_single    score= 0.4700 origin=agent    iters=4 stop=no new information in 3 consecutive turns
         TEST  smape=0.0907  rmse=198.9171  pocid=50.00  mape=0.0955
         laya iter 1 -> best_ONLY_CWT_catboost conf=0.872 rank=1
         laya iter 2 -> best_ONLY_CWT_catboost conf=0.5758 rank=1
         laya iter 3 -> best_ONLY_CWT_catboost conf=0.5758 rank=1
         laya iter 4 -> best_ONLY_CWT_catboost conf=0.5758 rank=1
[ 265] best_single    score= 0.5978 origin=agent    iters=5 stop=no new information in 3 consecutive turns
         TEST  smape=0.1538  rmse=379.2015  pocid=50.00  mape=0.1699
         laya iter 1 -> select_stable_k5 conf=0.2339 obs=pool pool5 (5 models)
         laya iter 2 -> best_catboost conf=0.2784 rank=1
         laya iter 3 -> best_catboost conf=0.7796 rank=1
         laya iter 4 -> best_catboost conf=0.7796 rank=1
         laya iter 5 -> best_catboost conf=0.7796 rank=1
[ 266] best_single    score= 0.3406 origin=agent    iters=4 stop=no new information in 3 consecutive turns
         TEST  smape=0.1856  rmse=809.2529  pocid=41.67  mape=0.1647
         laya iter 1 -> best_ONLY_FT_rf conf=0.2843 rank=1
         laya iter 2 -> best_ONLY_FT_rf conf=0.6266 rank=1
         laya iter 3 -> best_ONLY_FT_rf conf=0.6266 rank=1
         laya iter 4 -> best_ONLY_FT_rf conf=0.6266 rank=1
[ 267] best_single    score= 0.5982 origin=agent    iters=4 stop=no new information in 3 consecutive turns
         TEST  smape=0.0867  rmse=129.6087  pocid=41.67  mape=0.0917
         laya iter 1 -> best_ONLY_FT_rf conf=0.5235 rank=1
         laya iter 2 -> best_ONLY_FT_rf conf=0.986 rank=1
         laya iter 3 -> best_ONLY_FT_rf conf=0.986 rank=1
         laya iter 4 -> best_ONLY_FT_rf conf=0.986 rank=1
[ 268] best_single    score= 0.5398 origin=agent    iters=5 stop=no new information in 3 consecutive turns
         TEST  smape=0.1131  rmse=176.7595  pocid=50.00  mape=0.1225
         laya iter 1 -> select_stable_k5 conf=0.3846 obs=pool pool5 (5 models)
         laya iter 2 -> best_rf conf=0.4028 rank=1
         laya iter 3 -> best_rf conf=0.6365 rank=1
         laya iter 4 -> best_rf conf=0.6365 rank=1
         laya iter 5 -> best_rf conf=0.6365 rank=1
[ 269] best_single    score= 0.0267 origin=agent    iters=5 stop=no new information in 3 consecutive turns
         TEST  smape=0.0543  rmse=494.3488  pocid=25.00  mape=0.0524
         laya iter 1 -> best_rf conf=0.5165 rank=1
         laya iter 2 -> best_ONLY_DWT_catboost conf=0.6229 rank=1
         laya iter 3 -> best_ONLY_DWT_catboost conf=0.6229 rank=1
         laya iter 4 -> best_ONLY_DWT_catboost conf=0.6229 rank=1
         laya iter 5 -> best_ONLY_DWT_catboost conf=0.6229 rank=1
[ 270] best_single    score= 0.2028 origin=agent    iters=4 stop=no new information in 3 consecutive turns
         TEST  smape=0.0625  rmse=552.0529  pocid=50.00  mape=0.0600
         laya iter 1 -> best_ONLY_DWT_rf conf=0.5 rank=1
         laya iter 2 -> best_ONLY_DWT_rf conf=0.8336 rank=1
         laya iter 3 -> best_ONLY_DWT_rf conf=0.8336 rank=1
         laya iter 4 -> best_ONLY_DWT_rf conf=0.8336 rank=1
[ 271] best_single    score= 0.1768 origin=agent    iters=5 stop=no new information in 3 consecutive turns
         TEST  smape=0.0272  rmse=28.6007  pocid=41.67  mape=0.0276
         laya iter 1 -> select_stable_k5 conf=0.2767 obs=pool pool5 (5 models)
         laya iter 2 -> best_FT_catboost conf=0.5224 rank=1
         laya iter 3 -> best_FT_catboost conf=0.5157 rank=1
         laya iter 4 -> best_FT_catboost conf=0.5157 rank=1
         laya iter 5 -> best_FT_catboost conf=0.5157 rank=1
[ 272] best_single    score= 0.1493 origin=agent    iters=5 stop=no new information in 3 consecutive turns
         TEST  smape=0.0191  rmse=144.1991  pocid=33.33  mape=0.0190
         laya iter 1 -> best_CWT_catboost conf=0.3322 rank=1
         laya iter 2 -> best_ONLY_DWT_catboost conf=0.8525 rank=1
         laya iter 3 -> best_ONLY_DWT_catboost conf=0.8525 rank=1
         laya iter 4 -> best_ONLY_DWT_catboost conf=0.8525 rank=1
         laya iter 5 -> best_ONLY_DWT_catboost conf=0.8525 rank=1
[ 273] best_single    score= 0.2345 origin=agent    iters=5 stop=no new information in 3 consecutive turns
         TEST  smape=0.1663  rmse=136.6147  pocid=33.33  mape=0.1839
         laya iter 1 -> select_stable_k5 conf=0.2703 obs=pool pool5 (5 models)
         laya iter 2 -> best_DWT_catboost conf=0.5222 rank=1
         laya iter 3 -> best_DWT_catboost conf=0.6826 rank=1
         laya iter 4 -> best_DWT_catboost conf=0.6826 rank=1
         laya iter 5 -> best_DWT_catboost conf=0.6826 rank=1
[ 274] best_single    score= 0.5621 origin=agent    iters=5 stop=no new information in 3 consecutive turns
         TEST  smape=0.0897  rmse=806.6507  pocid=75.00  mape=0.0951
         laya iter 1 -> select_stable_k5 conf=0.3023 obs=pool pool5 (5 models)
         laya iter 2 -> best_DWT_rf conf=0.6017 rank=1
         laya iter 3 -> best_DWT_rf conf=0.7147 rank=1
         laya iter 4 -> best_DWT_rf conf=0.7147 rank=1
         laya iter 5 -> best_DWT_rf conf=0.7147 rank=1
[ 275] best_single    score= 0.2795 origin=agent    iters=5 stop=no new information in 3 consecutive turns
         TEST  smape=0.0249  rmse=346.9953  pocid=33.33  mape=0.0247
         laya iter 1 -> select_stable_k5 conf=0.3072 obs=pool pool5 (5 models)
         laya iter 2 -> best_ONLY_DWT_rf conf=0.5468 rank=1
         laya iter 3 -> best_ONLY_DWT_rf conf=0.8688 rank=1
         laya iter 4 -> best_ONLY_DWT_rf conf=0.8688 rank=1
         laya iter 5 -> best_ONLY_DWT_rf conf=0.8688 rank=1
[ 276] best_single    score=-0.0471 origin=agent    iters=4 stop=no new information in 3 consecutive turns
         TEST  smape=0.2313  rmse=1235.4641  pocid=50.00  mape=0.1637
         laya iter 1 -> best_rf conf=0.5347 rank=1
         laya iter 2 -> best_rf conf=0.5894 rank=1
         laya iter 3 -> best_rf conf=0.5894 rank=1
         laya iter 4 -> best_rf conf=0.5894 rank=1
[ 277] best_single    score= 0.5835 origin=agent    iters=5 stop=no new information in 3 consecutive turns
         TEST  smape=0.0868  rmse=125.2378  pocid=66.67  mape=0.0917
         laya iter 1 -> best_catboost conf=0.3473 rank=1
         laya iter 2 -> best_ONLY_FT_rf conf=0.6447 rank=2
         laya iter 3 -> best_ONLY_FT_rf conf=0.6447 rank=2
         laya iter 4 -> best_ONLY_FT_rf conf=0.6447 rank=2
         laya iter 5 -> best_ONLY_FT_rf conf=0.6447 rank=2
[ 278] best_single    score= 0.3438 origin=agent    iters=4 stop=no new information in 3 consecutive turns
         TEST  smape=0.0842  rmse=131.0269  pocid=50.00  mape=0.0897
         laya iter 1 -> best_rf conf=0.6595 rank=1
         laya iter 2 -> best_rf conf=0.8577 rank=1
         laya iter 3 -> best_rf conf=0.8577 rank=1
         laya iter 4 -> best_rf conf=0.8577 rank=1
[ 279] best_single    score=-0.0113 origin=agent    iters=6 stop=no new information in 3 consecutive turns
         TEST  smape=0.0121  rmse=67.7427  pocid=58.33  mape=0.0120
         laya iter 1 -> select_stable_k5 conf=0.2659 obs=pool pool5 (5 models)
         laya iter 2 -> best_FT_catboost conf=0.4396 rank=1
         laya iter 3 -> best_CWT_catboost conf=0.6337 rank=1
         laya iter 4 -> best_CWT_catboost conf=0.6337 rank=1
         laya iter 5 -> best_CWT_catboost conf=0.6337 rank=1
         laya iter 6 -> best_CWT_catboost conf=0.6337 rank=1
[ 280] best_single    score= 0.5705 origin=agent    iters=4 stop=no new information in 3 consecutive turns
         TEST  smape=0.0580  rmse=138.5678  pocid=66.67  mape=0.0554
         laya iter 1 -> best_FT_rf conf=0.4924 rank=1
         laya iter 2 -> best_FT_rf conf=0.8493 rank=1
         laya iter 3 -> best_FT_rf conf=0.8493 rank=1
         laya iter 4 -> best_FT_rf conf=0.8493 rank=1
[ 281] best_single    score=-0.0944 origin=agent    iters=5 stop=no new information in 3 consecutive turns
         TEST  smape=0.0073  rmse=18.5711  pocid=75.00  mape=0.0072
         laya iter 1 -> select_stable_k5 conf=0.2647 obs=pool pool5 (5 models)
         laya iter 2 -> best_ONLY_CWT_catboost conf=0.512 rank=1
         laya iter 3 -> best_ONLY_CWT_catboost conf=0.7715 rank=1
         laya iter 4 -> best_ONLY_CWT_catboost conf=0.7715 rank=1
         laya iter 5 -> best_ONLY_CWT_catboost conf=0.7715 rank=1
[ 282] best_single    score=-0.0606 origin=agent    iters=5 stop=no new information in 3 consecutive turns
         TEST  smape=0.0372  rmse=16.1074  pocid=41.67  mape=0.0385
         laya iter 1 -> select_stable_k5 conf=0.2551 obs=pool pool5 (5 models)
         laya iter 2 -> best_ONLY_DWT_rf conf=0.6167 rank=1
         laya iter 3 -> best_ONLY_DWT_rf conf=0.7405 rank=1
         laya iter 4 -> best_ONLY_DWT_rf conf=0.7405 rank=1
         laya iter 5 -> best_ONLY_DWT_rf conf=0.7405 rank=1
[ 283] best_single    score=-0.0132 origin=agent    iters=5 stop=no new information in 3 consecutive turns
         TEST  smape=0.0310  rmse=30.9212  pocid=58.33  mape=0.0324
         laya iter 1 -> select_stable_k5 conf=0.2779 obs=pool pool5 (5 models)
         laya iter 2 -> best_ONLY_CWT_catboost conf=0.3352 rank=1
         laya iter 3 -> best_ONLY_CWT_catboost conf=0.3563 rank=1
         laya iter 4 -> best_ONLY_CWT_catboost conf=0.3563 rank=1
         laya iter 5 -> best_ONLY_CWT_catboost conf=0.3563 rank=1
[ 284] FAILED: ValueError: Attempt(attempt_id='a1', spec={'combine': 'mean', 'pool': 'pool_full'}, origin='baseline', aggregate={'MAPE': 0.6634371112547947, 'SMAPE': 0.2880851760972599, 'RMSE': 1072.8541606037422, 'POCID': 66.66666666666667, 'MSMAPE': 0.2880751950891469, 'MAE': 562.9387850665072}, per_window=[{'MAPE': 0.078715357228854, 'SMAPE': 0.08199380923390986, 'RMSE': 282.2629970304919, 'POCID': 83.33333333333333, 'MSMAPE': 0.08199260614054384, 'MAE': 279.46426458300505}, {'MAPE': 1.6768469281462361, 'SMAPE': 0.5565383459956148, 'RMSE': 1826.5809995442974, 'POCID': 58.333333333333336, 'MSMAPE': 0.556525732231382, 'MAE': 1246.651159993522}, {'MAPE': 0.23474904838929345, 'SMAPE': 0.22572337306225493, 'RMSE': 192.2956119764582, 'POCID': 58.333333333333336, 'MSMAPE': 0.22570724689551477, 'MAE': 162.7009306229946}], score=0.6666666666666667, rationale='deterministic baseline: plain mean of the full pool', iteration=0, n_models=19, per_window_scores=[0.6333333333333334, 0.6833333333333333, 0.6833333333333333], residuals=[-202.05810934692454, -220.20504711093508, -235.40193558405508, -256.96562697355375, -274.8568050492736, -276.2277118226989, -290.5375371818609, -292.9207865226085, -297.878452107926, -307.949768401822, -315.0285489101134, -318.8558250800047, -344.14928548728903, -137.61094023663463, -150.13523920080434, -167.89954455351426, -196.3059211741711, -216.20834459136995, -219.3001578296312, -220.15530888897638, -224.98364232379345, 2882.288633581964, 2909.1229676851244, 2934.8386524558746, 2981.525973217443, 2966.089754176485, 77.4632108986209, 43.780610069336944, 76.94367014271347, 283.42912952760105, 216.96567329831475, 168.59056433417368, 196.28637310084855, -26.985512380270507, 112.11567150546557, -178.98850314047382, -322.52391931212526, -66.4502643707915, 344.58899601819394], agent_converged=True, agent_rationale='laya selected mean_pool_full') is not in list
[ 285] best_single    score= 0.0093 origin=agent    iters=5 stop=no new information in 3 consecutive turns
         TEST  smape=0.0315  rmse=387.9491  pocid=66.67  mape=0.0322
         laya iter 1 -> select_stable_k5 conf=0.2838 obs=pool pool5 (5 models)
         laya iter 2 -> best_ONLY_DWT_rf conf=0.6887 rank=1
         laya iter 3 -> best_ONLY_DWT_rf conf=0.5223 rank=1
         laya iter 4 -> best_ONLY_DWT_rf conf=0.5223 rank=1
         laya iter 5 -> best_ONLY_DWT_rf conf=0.5223 rank=1
[ 286] best_single    score= 0.0366 origin=agent    iters=5 stop=no new information in 3 consecutive turns
         TEST  smape=0.0570  rmse=144.8562  pocid=33.33  mape=0.0550
         laya iter 1 -> select_stable_k5 conf=0.2934 obs=pool pool5 (5 models)
         laya iter 2 -> best_ONLY_DWT_rf conf=0.9605 rank=1
         laya iter 3 -> best_ONLY_DWT_rf conf=0.962 rank=1
         laya iter 4 -> best_ONLY_DWT_rf conf=0.962 rank=1
         laya iter 5 -> best_ONLY_DWT_rf conf=0.962 rank=1
[ 287] best_single    score=-0.0391 origin=agent    iters=5 stop=no new information in 3 consecutive turns
         TEST  smape=0.0106  rmse=97.9352  pocid=41.67  mape=0.0107
         laya iter 1 -> select_stable_k5 conf=0.2699 obs=pool pool5 (5 models)
         laya iter 2 -> best_ONLY_CWT_rf conf=0.7216 rank=1
         laya iter 3 -> best_ONLY_CWT_rf conf=0.5746 rank=1
         laya iter 4 -> best_ONLY_CWT_rf conf=0.5746 rank=1
         laya iter 5 -> best_ONLY_CWT_rf conf=0.5746 rank=1
[ 288] best_single    score= 0.1005 origin=agent    iters=6 stop=no new information in 3 consecutive turns
         TEST  smape=0.0379  rmse=428.5593  pocid=66.67  mape=0.0387
         laya iter 1 -> select_stable_k5 conf=0.2907 obs=pool pool5 (5 models)
         laya iter 2 -> best_FT_rf conf=0.593 rank=1
         laya iter 3 -> best_CWT_catboost conf=0.5206 rank=1
         laya iter 4 -> best_CWT_catboost conf=0.5206 rank=1
         laya iter 5 -> best_CWT_catboost conf=0.5206 rank=1
         laya iter 6 -> best_CWT_catboost conf=0.5206 rank=1
[ 289] best_single    score= 0.3303 origin=agent    iters=5 stop=no new information in 3 consecutive turns
         TEST  smape=0.0514  rmse=910.6420  pocid=58.33  mape=0.0511
         laya iter 1 -> select_stable_k5 conf=0.3461 obs=pool pool5 (5 models)
         laya iter 2 -> best_ONLY_DWT_rf conf=0.4451 rank=1
         laya iter 3 -> best_ONLY_DWT_rf conf=0.8142 rank=1
         laya iter 4 -> best_ONLY_DWT_rf conf=0.8142 rank=1
         laya iter 5 -> best_ONLY_DWT_rf conf=0.8142 rank=1
[ 290] best_single    score= 0.3198 origin=agent    iters=4 stop=no new information in 3 consecutive turns
         TEST  smape=0.1221  rmse=1137.0424  pocid=33.33  mape=0.1323
         laya iter 1 -> best_ONLY_DWT_rf conf=0.4329 rank=1
         laya iter 2 -> best_ONLY_DWT_rf conf=0.6414 rank=1
         laya iter 3 -> best_ONLY_DWT_rf conf=0.6414 rank=1
         laya iter 4 -> best_ONLY_DWT_rf conf=0.6414 rank=1
[ 291] best_single    score= 0.1502 origin=agent    iters=4 stop=no new information in 3 consecutive turns
         TEST  smape=0.0973  rmse=1846.5917  pocid=50.00  mape=0.1030
         laya iter 1 -> best_FT_rf conf=0.5566 rank=1
         laya iter 2 -> best_FT_rf conf=0.7832 rank=1
         laya iter 3 -> best_FT_rf conf=0.7832 rank=1
         laya iter 4 -> best_FT_rf conf=0.7832 rank=1
[ 292] best_single    score= 0.5449 origin=agent    iters=5 stop=no new information in 3 consecutive turns
         TEST  smape=0.1658  rmse=576.5895  pocid=75.00  mape=0.1424
         laya iter 1 -> select_stable_k5 conf=0.348 obs=pool pool5 (5 models)
         laya iter 2 -> best_rf conf=0.6193 rank=1
         laya iter 3 -> best_rf conf=0.9048 rank=1
         laya iter 4 -> best_rf conf=0.9048 rank=1
         laya iter 5 -> best_rf conf=0.9048 rank=1
[ 293] best_single    score= 0.8996 origin=agent    iters=5 stop=no new information in 3 consecutive turns
         TEST  smape=0.1580  rmse=239.3766  pocid=66.67  mape=0.1767
         laya iter 1 -> select_stable_k5 conf=0.2664 obs=pool pool5 (5 models)
         laya iter 2 -> best_ONLY_CWT_catboost conf=0.4476 rank=1
         laya iter 3 -> best_ONLY_CWT_catboost conf=0.4275 rank=1
         laya iter 4 -> best_ONLY_CWT_catboost conf=0.4275 rank=1
         laya iter 5 -> best_ONLY_CWT_catboost conf=0.4275 rank=1
[ 294] best_single    score= 0.5682 origin=agent    iters=5 stop=no new information in 3 consecutive turns
         TEST  smape=0.6340  rmse=2961.7972  pocid=0.00  mape=0.9315
         laya iter 1 -> select_stable_k5 conf=0.4182 obs=pool pool5 (5 models)
         laya iter 2 -> best_ETS conf=0.6872 rank=1
         laya iter 3 -> best_ETS conf=0.8199 rank=1
         laya iter 4 -> best_ETS conf=0.8199 rank=1
         laya iter 5 -> best_ETS conf=0.8199 rank=1
[ 295] best_single    score= 0.6737 origin=agent    iters=5 stop=no new information in 3 consecutive turns
         TEST  smape=0.1109  rmse=440.9885  pocid=58.33  mape=0.1230
         laya iter 1 -> best_ETS conf=0.5865 rank=1
         laya iter 2 -> best_FT_catboost conf=0.4344 rank=1
         laya iter 3 -> best_FT_catboost conf=0.4344 rank=1
         laya iter 4 -> best_FT_catboost conf=0.4344 rank=1
         laya iter 5 -> best_FT_catboost conf=0.4344 rank=1
[ 296] best_single    score= 0.5270 origin=agent    iters=5 stop=no new information in 3 consecutive turns
         TEST  smape=0.1333  rmse=818.4945  pocid=83.33  mape=0.1527
         laya iter 1 -> select_stable_k5 conf=0.2831 obs=pool pool5 (5 models)
         laya iter 2 -> best_NaiveMovingAverage conf=0.2878 rank=1
         laya iter 3 -> best_NaiveMovingAverage conf=0.3672 rank=1
         laya iter 4 -> best_NaiveMovingAverage conf=0.3672 rank=1
         laya iter 5 -> best_NaiveMovingAverage conf=0.3672 rank=1
[ 297] best_single    score= 0.5961 origin=agent    iters=4 stop=no new information in 3 consecutive turns
         TEST  smape=0.2865  rmse=1222.3029  pocid=0.00  mape=0.3712
         laya iter 1 -> best_ETS conf=0.4184 rank=1
         laya iter 2 -> best_ETS conf=0.555 rank=1
         laya iter 3 -> best_ETS conf=0.555 rank=1
         laya iter 4 -> best_ETS conf=0.555 rank=1
[ 298] best_single    score= 0.6685 origin=agent    iters=4 stop=no new information in 3 consecutive turns
         TEST  smape=0.1318  rmse=532.2736  pocid=0.00  mape=0.1486
         laya iter 1 -> best_ETS conf=0.5022 rank=1
         laya iter 2 -> best_ETS conf=0.5489 rank=1
         laya iter 3 -> best_ETS conf=0.5489 rank=1
         laya iter 4 -> best_ETS conf=0.5489 rank=1
[ 299] best_single    score= 0.4489 origin=agent    iters=5 stop=no new information in 3 consecutive turns
         TEST  smape=0.2377  rmse=544.5011  pocid=0.00  mape=0.2900
         laya iter 1 -> select_stable_k5 conf=0.3798 obs=pool pool5 (5 models)
         laya iter 2 -> best_THETA conf=0.3608 rank=1
         laya iter 3 -> best_THETA conf=0.6318 rank=1
         laya iter 4 -> best_THETA conf=0.6318 rank=1
         laya iter 5 -> best_THETA conf=0.6318 rank=1
[ 300] FAILED: ValueError: Attempt(attempt_id='a1', spec={'combine': 'mean', 'pool': 'pool_full'}, origin='baseline', aggregate={'MAPE': 0.20953169783985126, 'SMAPE': 0.1950556332825902, 'RMSE': 802.1430881517543, 'POCID': 66.66666666666667, 'MSMAPE': 0.1950523668872047, 'MAE': 592.7249278217554}, per_window=[{'MAPE': 0.19249913321926254, 'SMAPE': 0.2227072121321308, 'RMSE': 955.438167599596, 'POCID': 75.0, 'MSMAPE': 0.2227038234931409, 'MAE': 739.2361498663237}, {'MAPE': 0.37502044339035684, 'SMAPE': 0.3017462377884526, 'RMSE': 990.1371990868515, 'POCID': 66.66666666666667, 'MSMAPE': 0.30174112450509993, 'MAE': 896.3472834184087}, {'MAPE': 0.061075516909934485, 'SMAPE': 0.060713449927187225, 'RMSE': 192.52749540590276, 'POCID': 58.333333333333336, 'MSMAPE': 0.06071215266337326, 'MAE': 142.59135018053365}], score=0.6666666666666667, rationale='deterministic baseline: plain mean of the full pool', iteration=0, n_models=19, per_window_scores=[0.65, 0.6666666666666667, 0.6833333333333333], residuals=[279.78125025166946, 190.29246755079112, -549.844106334775, -321.5637612679202, -313.94787016573355, -939.4630768559368, -313.0965245289235, -1189.1710204076749, -1785.977939808111, -1628.9241724961848, -1713.6121335525177, -181.76610164314252, -202.62952339882486, -578.4100500812178, 355.1098304098691, 442.49415683891584, 95.8268761661293, 697.9182412711707, 1080.2459117417225, 982.2316152649305, 1025.0192408194039, 1398.8750501257186, 1031.8783662383962, 1636.552108812596, 1171.456644340315, 1156.49659232893, -257.3400233192024, 19.124201089023245, 71.22488857782764, -1.1200374939617177, -36.76420198829601, 117.9714931389044, 132.056582199481, -66.4581801848799, 317.95309391582305, 0.24957542518677656, 292.2832203670596, -412.2386441081467, -128.90341053914517], agent_converged=True, agent_rationale='laya selected mean_pool_full') is not in list
[ 301] best_single    score= 0.6548 origin=agent    iters=6 stop=no new information in 3 consecutive turns
         TEST  smape=0.1138  rmse=491.2576  pocid=41.67  mape=0.1059
         laya iter 1 -> select_stable_k5 conf=0.338 obs=pool pool5 (5 models)
         laya iter 2 -> best_ETS conf=0.2567 rank=1
         laya iter 3 -> best_ARIMA conf=0.2873 rank=1
         laya iter 4 -> best_ARIMA conf=0.2873 rank=1
         laya iter 5 -> best_ARIMA conf=0.2873 rank=1
         laya iter 6 -> best_ARIMA conf=0.2873 rank=1
[ 302] best_single    score= 0.4547 origin=agent    iters=4 stop=no new information in 3 consecutive turns
         TEST  smape=0.2378  rmse=1503.8325  pocid=50.00  mape=0.2920
         laya iter 1 -> best_THETA conf=0.4512 rank=1
         laya iter 2 -> best_THETA conf=0.521 rank=1
         laya iter 3 -> best_THETA conf=0.521 rank=1
         laya iter 4 -> best_THETA conf=0.521 rank=1
[ 303] best_single    score= 0.6702 origin=agent    iters=5 stop=no new information in 3 consecutive turns
         TEST  smape=0.2336  rmse=825.6662  pocid=0.00  mape=0.2915
         laya iter 1 -> select_stable_k5 conf=0.358 obs=pool pool5 (5 models)
         laya iter 2 -> best_ETS conf=0.4208 rank=1
         laya iter 3 -> best_ETS conf=0.3789 rank=1
         laya iter 4 -> best_ETS conf=0.3789 rank=1
         laya iter 5 -> best_ETS conf=0.3789 rank=1
[ 304] best_single    score= 0.5980 origin=agent    iters=5 stop=no new information in 3 consecutive turns
         TEST  smape=0.4950  rmse=1853.5745  pocid=41.67  mape=0.6822
         laya iter 1 -> select_stable_k5 conf=0.2849 obs=pool pool5 (5 models)
         laya iter 2 -> best_THETA conf=0.424 rank=1
         laya iter 3 -> best_THETA conf=0.7961 rank=1
         laya iter 4 -> best_THETA conf=0.7961 rank=1
         laya iter 5 -> best_THETA conf=0.7961 rank=1
[ 305] best_single    score= 0.4411 origin=agent    iters=5 stop=no new information in 3 consecutive turns
         TEST  smape=0.2449  rmse=700.4166  pocid=41.67  mape=0.3125
         laya iter 1 -> select_stable_k5 conf=0.3159 obs=pool pool5 (5 models)
         laya iter 2 -> best_THETA conf=0.4382 rank=1
         laya iter 3 -> best_THETA conf=0.5376 rank=1
         laya iter 4 -> best_THETA conf=0.5376 rank=1
         laya iter 5 -> best_THETA conf=0.5376 rank=1
[ 306] best_single    score= 0.6897 origin=agent    iters=5 stop=no new information in 3 consecutive turns
         TEST  smape=0.1584  rmse=623.1773  pocid=0.00  mape=0.1810
         laya iter 1 -> select_stable_k5 conf=0.3785 obs=pool pool5 (5 models)
         laya iter 2 -> best_ETS conf=0.3613 rank=1
         laya iter 3 -> best_ETS conf=0.3483 rank=1
         laya iter 4 -> best_ETS conf=0.3483 rank=1
         laya iter 5 -> best_ETS conf=0.3483 rank=1
[ 307] best_single    score= 0.6535 origin=agent    iters=5 stop=no new information in 3 consecutive turns
         TEST  smape=0.1433  rmse=407.8263  pocid=0.00  mape=0.1687
         laya iter 1 -> best_ETS conf=0.4189 rank=1
         laya iter 2 -> prune_redundant_full conf=0.3994 obs=pool pool5 (0 models)
         laya iter 3 -> best_ETS conf=0.3605 rank=1
         laya iter 4 -> best_ETS conf=0.3605 rank=1
         laya iter 5 -> best_ETS conf=0.3605 rank=1
[ 308] best_single    score= 0.7754 origin=agent    iters=5 stop=no new information in 3 consecutive turns
         TEST  smape=0.2031  rmse=1688.5473  pocid=0.00  mape=0.2357
         laya iter 1 -> select_stable_k5 conf=0.3324 obs=pool pool5 (5 models)
         laya iter 2 -> best_ETS conf=0.2579 rank=1
         laya iter 3 -> best_ETS conf=0.3337 rank=1
         laya iter 4 -> best_ETS conf=0.3337 rank=1
         laya iter 5 -> best_ETS conf=0.3337 rank=1
[ 309] best_single    score= 0.6192 origin=agent    iters=6 stop=no new information in 3 consecutive turns
         TEST  smape=0.2222  rmse=1276.1454  pocid=58.33  mape=0.1933
         laya iter 1 -> select_stable_k5 conf=0.2959 obs=pool pool5 (5 models)
         laya iter 2 -> best_ONLY_FT_catboost conf=0.3589 rank=1
         laya iter 3 -> best_ONLY_FT_rf conf=0.4184 rank=2
         laya iter 4 -> best_ONLY_FT_rf conf=0.4184 rank=2
         laya iter 5 -> best_ONLY_FT_rf conf=0.4184 rank=2
         laya iter 6 -> best_ONLY_FT_rf conf=0.4184 rank=2
[ 310] best_single    score= 0.4870 origin=agent    iters=5 stop=no new information in 3 consecutive turns
         TEST  smape=0.2014  rmse=1040.5280  pocid=50.00  mape=0.1799
         laya iter 1 -> select_stable_k5 conf=0.3594 obs=pool pool5 (5 models)
         laya iter 2 -> best_ONLY_FT_rf conf=0.7771 rank=1
         laya iter 3 -> best_ONLY_FT_rf conf=0.959 rank=1
         laya iter 4 -> best_ONLY_FT_rf conf=0.959 rank=1
         laya iter 5 -> best_ONLY_FT_rf conf=0.959 rank=1
[ 311] best_single    score= 0.6338 origin=agent    iters=5 stop=no new information in 3 consecutive turns
         TEST  smape=0.1591  rmse=826.1270  pocid=0.00  mape=0.1766
         laya iter 1 -> select_stable_k5 conf=0.2789 obs=pool pool5 (5 models)
         laya iter 2 -> best_THETA conf=0.31 rank=1
         laya iter 3 -> best_THETA conf=0.4714 rank=1
         laya iter 4 -> best_THETA conf=0.4714 rank=1
         laya iter 5 -> best_THETA conf=0.4714 rank=1
[ 312] best_single    score= 0.5728 origin=agent    iters=5 stop=no new information in 3 consecutive turns
         TEST  smape=0.5995  rmse=1869.7575  pocid=50.00  mape=0.8591
         laya iter 1 -> select_stable_k5 conf=0.3905 obs=pool pool5 (5 models)
         laya iter 2 -> best_THETA conf=0.3754 rank=1
         laya iter 3 -> best_THETA conf=0.6717 rank=1
         laya iter 4 -> best_THETA conf=0.6717 rank=1
         laya iter 5 -> best_THETA conf=0.6717 rank=1
[ 313] best_single    score= 0.6506 origin=agent    iters=5 stop=no new information in 3 consecutive turns
         TEST  smape=0.1836  rmse=1620.6276  pocid=75.00  mape=0.1656
         laya iter 1 -> select_stable_k5 conf=0.2891 obs=pool pool5 (5 models)
         laya iter 2 -> best_ONLY_FT_rf conf=0.6412 rank=1
         laya iter 3 -> best_ONLY_FT_rf conf=0.8047 rank=1
         laya iter 4 -> best_ONLY_FT_rf conf=0.8047 rank=1
         laya iter 5 -> best_ONLY_FT_rf conf=0.8047 rank=1
[ 314] best_single    score= 0.5548 origin=agent    iters=5 stop=no new information in 3 consecutive turns
         TEST  smape=0.2766  rmse=1587.7443  pocid=0.00  mape=0.3268
         laya iter 1 -> best_ETS conf=0.4218 rank=1
         laya iter 2 -> prune_redundant_full conf=0.3855 obs=pool pool5 (0 models)
         laya iter 3 -> best_ETS conf=0.3287 rank=1
         laya iter 4 -> best_ETS conf=0.3287 rank=1
         laya iter 5 -> best_ETS conf=0.3287 rank=1
[ 315] best_single    score= 0.6603 origin=agent    iters=4 stop=no new information in 3 consecutive turns
         TEST  smape=0.2067  rmse=729.2310  pocid=0.00  mape=0.2364
         laya iter 1 -> best_ETS conf=0.3705 rank=1
         laya iter 2 -> best_ETS conf=0.4354 rank=1
         laya iter 3 -> best_ETS conf=0.4354 rank=1
         laya iter 4 -> best_ETS conf=0.4354 rank=1
[ 316] best_single    score= 0.5593 origin=agent    iters=4 stop=no new information in 3 consecutive turns
         TEST  smape=0.1774  rmse=785.3842  pocid=50.00  mape=0.1604
         laya iter 1 -> best_ONLY_FT_rf conf=0.8158 rank=1
         laya iter 2 -> best_ONLY_FT_rf conf=0.9954 rank=1
         laya iter 3 -> best_ONLY_FT_rf conf=0.9954 rank=1
         laya iter 4 -> best_ONLY_FT_rf conf=0.9954 rank=1
[ 317] best_single    score= 0.5349 origin=agent    iters=4 stop=no new information in 3 consecutive turns
         TEST  smape=0.0544  rmse=269.6843  pocid=25.00  mape=0.0522
         laya iter 1 -> best_rf conf=0.4877 rank=1
         laya iter 2 -> best_rf conf=0.6398 rank=1
         laya iter 3 -> best_rf conf=0.6398 rank=1
         laya iter 4 -> best_rf conf=0.6398 rank=1
[ 318] best_single    score= 0.5497 origin=agent    iters=5 stop=no new information in 3 consecutive turns
         TEST  smape=0.1308  rmse=393.4159  pocid=50.00  mape=0.1437
         laya iter 1 -> select_stable_k5 conf=0.3524 obs=pool pool5 (5 models)
         laya iter 2 -> best_THETA conf=0.3101 rank=1
         laya iter 3 -> best_THETA conf=0.6396 rank=1
         laya iter 4 -> best_THETA conf=0.6396 rank=1
         laya iter 5 -> best_THETA conf=0.6396 rank=1
[ 319] best_single    score= 0.6606 origin=agent    iters=5 stop=no new information in 3 consecutive turns
         TEST  smape=0.3366  rmse=911.9320  pocid=33.33  mape=0.2781
         laya iter 1 -> select_stable_k5 conf=0.2169 obs=pool pool5 (5 models)
         laya iter 2 -> best_catboost conf=0.3653 rank=1
         laya iter 3 -> best_catboost conf=0.9276 rank=1
         laya iter 4 -> best_catboost conf=0.9276 rank=1
         laya iter 5 -> best_catboost conf=0.9276 rank=1
[ 320] best_single    score= 0.5791 origin=agent    iters=6 stop=no new information in 3 consecutive turns
         TEST  smape=0.1820  rmse=1282.1960  pocid=66.67  mape=0.2095
         laya iter 1 -> best_ARIMA conf=0.2934 rank=1
         laya iter 2 -> prune_redundant_full conf=0.3206 obs=pool pool5 (0 models)
         laya iter 3 -> best_THETA conf=0.4371 rank=2
         laya iter 4 -> best_THETA conf=0.4371 rank=2
         laya iter 5 -> best_THETA conf=0.4371 rank=2
         laya iter 6 -> best_THETA conf=0.4371 rank=2
[ 321] best_single    score= 0.5501 origin=agent    iters=5 stop=no new information in 3 consecutive turns
         TEST  smape=0.0916  rmse=294.6292  pocid=50.00  mape=0.0925
         laya iter 1 -> select_stable_k5 conf=0.412 obs=pool pool5 (5 models)
         laya iter 2 -> best_THETA conf=0.4375 rank=1
         laya iter 3 -> best_THETA conf=0.7384 rank=1
         laya iter 4 -> best_THETA conf=0.7384 rank=1
         laya iter 5 -> best_THETA conf=0.7384 rank=1
[ 322] FAILED: ValueError: Attempt(attempt_id='a1', spec={'combine': 'mean', 'pool': 'pool_full'}, origin='baseline', aggregate={'MAPE': 0.30668326477438906, 'SMAPE': 0.2320927308961061, 'RMSE': 1528.1744875824663, 'POCID': 52.77777777777778, 'MSMAPE': 0.23209023224392247, 'MAE': 1106.6695343259553}, per_window=[{'MAPE': 0.1164031282058687, 'SMAPE': 0.11420498707963377, 'RMSE': 992.0334621442579, 'POCID': 58.333333333333336, 'MSMAPE': 0.11420398470898875, 'MAE': 664.6264067374772}, {'MAPE': 0.6874040541564829, 'SMAPE': 0.4780548299957262, 'RMSE': 2391.138225273091, 'POCID': 58.333333333333336, 'MSMAPE': 0.478049707562871, 'MAE': 2259.313025380261}, {'MAPE': 0.11624261196081567, 'SMAPE': 0.10401837561295837, 'RMSE': 551.6152564221982, 'POCID': 41.666666666666664, 'MSMAPE': 0.10401700445990739, 'MAE': 396.0691708601267}], score=0.6944444444444444, rationale='deterministic baseline: plain mean of the full pool', iteration=0, n_models=19, per_window_scores=[0.6833333333333333, 0.6833333333333333, 0.7166666666666667], residuals=[577.1616911043702, 1575.4010346970308, 172.35482214828698, -95.7442722549049, -212.86934392721014, -2752.6889048558805, 51.57293604628194, 256.26740055204846, 139.18942896826684, -266.97779876977893, -775.7204988248395, 894.1425240942162, 870.0526313440878, 2687.0954949093166, 2064.1557838443587, 785.8548457322931, 1073.6754786633628, 1779.6992541412255, 2087.999177068302, 2699.6387704919644, 3730.285388808753, 2198.2313783025775, 2818.0425819894444, 3239.5649730861023, 2441.9907632666627, 1764.835439639035, 406.2705544830269, 1213.7981189487582, -44.573065334133844, -7.617596861621223, 349.75743253893233, 416.82944826156927, 143.7820233105649, -74.17273778776735, 965.8815740656487, 238.86423323973122, 976.3307653405982, 129.0400452892618, -181.98162572003275], agent_converged=True, agent_rationale='laya selected mean_pool_full') is not in list
[ 323] best_single    score= 0.5923 origin=agent    iters=5 stop=no new information in 3 consecutive turns
         TEST  smape=0.2083  rmse=667.7780  pocid=0.00  mape=0.1843
         laya iter 1 -> select_stable_k5 conf=0.2771 obs=pool pool5 (5 models)
         laya iter 2 -> best_ETS conf=0.3605 rank=1
         laya iter 3 -> best_ETS conf=0.3138 rank=1
         laya iter 4 -> best_ETS conf=0.3138 rank=1
         laya iter 5 -> best_ETS conf=0.3138 rank=1
[ 324] best_single    score= 0.7568 origin=agent    iters=6 stop=no new information in 3 consecutive turns
         TEST  smape=0.2866  rmse=1116.3404  pocid=0.00  mape=0.3365
         laya iter 1 -> select_stable_k5 conf=0.305 obs=pool pool5 (5 models)
         laya iter 2 -> prune_redundant_full conf=0.2301 obs=pool pool6 (0 models)
         laya iter 3 -> best_ETS conf=0.359 rank=1
         laya iter 4 -> best_ETS conf=0.3079 rank=1
         laya iter 5 -> best_ETS conf=0.3079 rank=1
         laya iter 6 -> best_ETS conf=0.3079 rank=1
[ 325] FAILED: ValueError: Attempt(attempt_id='a1', spec={'combine': 'mean', 'pool': 'pool_full'}, origin='baseline', aggregate={'MAPE': 0.2756392266811217, 'SMAPE': 0.2279313452389232, 'RMSE': 1076.60398876127, 'POCID': 36.11111111111111, 'MSMAPE': 0.22792824965073974, 'MAE': 851.8605456597707}, per_window=[{'MAPE': 0.1331422744010901, 'SMAPE': 0.13647038104349862, 'RMSE': 768.8771589388439, 'POCID': 41.666666666666664, 'MSMAPE': 0.1364687568778354, 'MAE': 581.3179980027173}, {'MAPE': 0.5145327379255901, 'SMAPE': 0.3865357588603428, 'RMSE': 1597.7441572200546, 'POCID': 16.666666666666668, 'MSMAPE': 0.3865306336582981, 'MAE': 1462.9810915452363}, {'MAPE': 0.17924266771668484, 'SMAPE': 0.16078789581292816, 'RMSE': 577.295390923348, 'POCID': 50.0, 'MSMAPE': 0.16078535841608582, 'MAE': 511.2825474313579}], score=0.7277777777777779, rationale='deterministic baseline: plain mean of the full pool', iteration=0, n_models=19, per_window_scores=[0.7166666666666667, 0.7666666666666667, 0.7000000000000001], residuals=[301.39753336828153, 530.876431266579, -35.81517510562753, -156.11235229292515, -344.1526978105139, -1196.2778322063546, -354.51435138105626, -101.63974022208913, -123.77044991805906, -1522.2268425956436, -1383.1229595179084, 421.95891615056735, 1085.2686921997201, 1590.0182313868254, 1273.6910450194746, 847.8502379118909, -88.24383192413006, 1187.3118526770295, 1892.7165808972704, 1243.6743368605466, 1227.0553445145852, 1788.3637612209013, 2063.5858922963916, 2767.826864449259, 2024.5805411504334, 1023.8356697793315, -137.96831342014093, 986.3541114596601, 565.2596068168878, 611.8972753042503, 372.103637196622, 640.5519945454262, 989.4241901383334, 440.09597548209285, 697.1078414754247, 76.97698251555857, 438.2874235171562, 308.21438493138703, -382.4313798047124], agent_converged=True, agent_rationale='laya selected mean_pool_full') is not in list
[ 326] best_single    score= 0.6418 origin=agent    iters=4 stop=no new information in 3 consecutive turns
         TEST  smape=0.1147  rmse=1396.4895  pocid=0.00  mape=0.1204
         laya iter 1 -> best_ETS conf=0.5901 rank=1
         laya iter 2 -> best_ETS conf=0.7158 rank=1
         laya iter 3 -> best_ETS conf=0.7158 rank=1
         laya iter 4 -> best_ETS conf=0.7158 rank=1
[ 327] best_single    score= 0.7536 origin=agent    iters=5 stop=no new information in 3 consecutive turns
         TEST  smape=0.1093  rmse=367.4235  pocid=0.00  mape=0.1174
         laya iter 1 -> select_stable_k5 conf=0.3111 obs=pool pool5 (5 models)
         laya iter 2 -> best_ETS conf=0.2884 rank=1
         laya iter 3 -> best_ETS conf=0.3146 rank=1
         laya iter 4 -> best_ETS conf=0.3146 rank=1
         laya iter 5 -> best_ETS conf=0.3146 rank=1
[ 328] FAILED: ValueError: Attempt(attempt_id='a1', spec={'combine': 'mean', 'pool': 'pool_full'}, origin='baseline', aggregate={'MAPE': 0.2525845608950632, 'SMAPE': 0.20939337956568332, 'RMSE': 2610.1379874563518, 'POCID': 44.444444444444436, 'MSMAPE': 0.20939227942412536, 'MAE': 2023.4424438829556}, per_window=[{'MAPE': 0.13510712311048984, 'SMAPE': 0.13214370554871008, 'RMSE': 1908.6448611913672, 'POCID': 41.666666666666664, 'MSMAPE': 0.13214309092034615, 'MAE': 1441.4585481230506}, {'MAPE': 0.4917915955465099, 'SMAPE': 0.37302903205204196, 'RMSE': 3937.228526805868, 'POCID': 41.666666666666664, 'MSMAPE': 0.3730271055025106, 'MAE': 3627.7311446358603}, {'MAPE': 0.13085496402819008, 'SMAPE': 0.12300740109629779, 'RMSE': 1137.438904839271, 'POCID': 50.0, 'MSMAPE': 0.1230066418495192, 'MAE': 1001.1376388899553}], score=0.7111111111111111, rationale='deterministic baseline: plain mean of the full pool', iteration=0, n_models=19, per_window_scores=[0.7166666666666667, 0.7166666666666667, 0.7000000000000001], residuals=[410.1273204348545, 2747.1607328728733, -86.43267050576105, 1326.1621995346413, -288.1506934038971, -4287.452137835871, -177.72311931537115, -300.85707303212075, -936.2773618239098, -1595.773020804687, -2517.1347596873766, 1237.4607887374223, 2828.2492476108728, 823.8014360103807, 2700.3763642150534, 2595.4087219810535, 2070.7509057578463, 4474.147869528286, 4959.999446270285, 3074.112920359872, 3524.8662130830908, 4526.010309548596, 5072.105162297443, 6923.717244718953, 4016.114526921823, 2399.0937595734995, 617.9431805191698, 1477.4544739066932, 1298.2025814094286, 441.19338372409766, 998.9122369346042, 1551.3486988950299, 1368.4113845441334, -169.3683745191811, 1536.4431120230183, -351.45900709215493, 1146.8148743867405, 269.32845951104173, -1787.9095381041243], agent_converged=True, agent_rationale='laya selected mean_pool_full') is not in list
[ 329] best_single    score= 0.5010 origin=agent    iters=4 stop=no new information in 3 consecutive turns
         TEST  smape=0.1626  rmse=683.0271  pocid=75.00  mape=0.1510
         laya iter 1 -> best_ONLY_FT_rf conf=0.3585 rank=1
         laya iter 2 -> best_ONLY_FT_rf conf=0.776 rank=1
         laya iter 3 -> best_ONLY_FT_rf conf=0.776 rank=1
         laya iter 4 -> best_ONLY_FT_rf conf=0.776 rank=1
[ 330] best_single    score= 0.6601 origin=agent    iters=5 stop=no new information in 3 consecutive turns
         TEST  smape=0.1257  rmse=1000.6552  pocid=0.00  mape=0.1414
         laya iter 1 -> select_stable_k5 conf=0.3724 obs=pool pool5 (5 models)
         laya iter 2 -> best_ETS conf=0.389 rank=1
         laya iter 3 -> best_ETS conf=0.3483 rank=1
         laya iter 4 -> best_ETS conf=0.3483 rank=1
         laya iter 5 -> best_ETS conf=0.3483 rank=1
[ 331] best_single    score= 0.5970 origin=agent    iters=4 stop=no new information in 3 consecutive turns
         TEST  smape=0.1432  rmse=599.0060  pocid=58.33  mape=0.1318
         laya iter 1 -> best_ONLY_FT_rf conf=0.3381 rank=1
         laya iter 2 -> best_ONLY_FT_rf conf=0.6799 rank=1
         laya iter 3 -> best_ONLY_FT_rf conf=0.6799 rank=1
         laya iter 4 -> best_ONLY_FT_rf conf=0.6799 rank=1
[ 332] best_single    score= 0.6746 origin=agent    iters=5 stop=no new information in 3 consecutive turns
         TEST  smape=0.0941  rmse=339.2529  pocid=0.00  mape=0.0956
         laya iter 1 -> best_ETS conf=0.47 rank=1
         laya iter 2 -> prune_redundant_full conf=0.414 obs=pool pool5 (0 models)
         laya iter 3 -> best_ETS conf=0.4121 rank=1
         laya iter 4 -> best_ETS conf=0.4121 rank=1
         laya iter 5 -> best_ETS conf=0.4121 rank=1
[ 333] best_single    score= 0.4839 origin=agent    iters=6 stop=no new information in 3 consecutive turns
         TEST  smape=0.1515  rmse=655.9509  pocid=75.00  mape=0.1402
         laya iter 1 -> select_stable_k5 conf=0.2588 obs=pool pool5 (5 models)
         laya iter 2 -> best_NaiveMovingAverage conf=0.3281 rank=1
         laya iter 3 -> best_NaiveSeasonal conf=0.4313 rank=2
         laya iter 4 -> best_NaiveSeasonal conf=0.4313 rank=2
         laya iter 5 -> best_NaiveSeasonal conf=0.4313 rank=2
         laya iter 6 -> best_NaiveSeasonal conf=0.4313 rank=2
[ 334] best_single    score= 0.7093 origin=agent    iters=5 stop=no new information in 3 consecutive turns
         TEST  smape=0.0852  rmse=514.4683  pocid=0.00  mape=0.0851
         laya iter 1 -> best_ETS conf=0.4445 rank=1
         laya iter 2 -> prune_redundant_full conf=0.4005 obs=pool pool5 (0 models)
         laya iter 3 -> best_ETS conf=0.3544 rank=1
         laya iter 4 -> best_ETS conf=0.3544 rank=1
         laya iter 5 -> best_ETS conf=0.3544 rank=1
[ 335] best_single    score= 0.6931 origin=agent    iters=4 stop=no new information in 3 consecutive turns
         TEST  smape=0.2971  rmse=569.4966  pocid=75.00  mape=0.2511
         laya iter 1 -> best_ONLY_FT_catboost conf=0.2633 rank=1
         laya iter 2 -> best_ONLY_FT_catboost conf=0.6528 rank=1
         laya iter 3 -> best_ONLY_FT_catboost conf=0.6528 rank=1
         laya iter 4 -> best_ONLY_FT_catboost conf=0.6528 rank=1
[ 336] best_single    score= 0.7073 origin=agent    iters=5 stop=no new information in 3 consecutive turns
         TEST  smape=0.2108  rmse=462.3359  pocid=75.00  mape=0.1863
         laya iter 1 -> select_stable_k5 conf=0.258 obs=pool pool5 (5 models)
         laya iter 2 -> best_ONLY_CWT_catboost conf=0.4826 rank=1
         laya iter 3 -> best_ONLY_CWT_catboost conf=0.5741 rank=1
         laya iter 4 -> best_ONLY_CWT_catboost conf=0.5741 rank=1
         laya iter 5 -> best_ONLY_CWT_catboost conf=0.5741 rank=1
[ 337] best_single    score= 0.6267 origin=agent    iters=5 stop=no new information in 3 consecutive turns
         TEST  smape=0.2436  rmse=662.3284  pocid=50.00  mape=0.2116
         laya iter 1 -> select_stable_k5 conf=0.3771 obs=pool pool5 (5 models)
         laya iter 2 -> best_ONLY_FT_rf conf=0.8552 rank=1
         laya iter 3 -> best_ONLY_FT_rf conf=0.9813 rank=1
         laya iter 4 -> best_ONLY_FT_rf conf=0.9813 rank=1
         laya iter 5 -> best_ONLY_FT_rf conf=0.9813 rank=1
[ 338] best_single    score= 0.6558 origin=agent    iters=4 stop=no new information in 3 consecutive turns
         TEST  smape=0.2991  rmse=1356.1699  pocid=0.00  mape=0.3693
         laya iter 1 -> best_ETS conf=0.3934 rank=1
         laya iter 2 -> best_ETS conf=0.5972 rank=1
         laya iter 3 -> best_ETS conf=0.5972 rank=1
         laya iter 4 -> best_ETS conf=0.5972 rank=1
[ 339] best_single    score= 0.7535 origin=agent    iters=6 stop=no new information in 3 consecutive turns
         TEST  smape=0.0795  rmse=633.9084  pocid=0.00  mape=0.0790
         laya iter 1 -> select_stable_k5 conf=0.296 obs=pool pool5 (5 models)
         laya iter 2 -> prune_redundant_full conf=0.2923 obs=pool pool6 (0 models)
         laya iter 3 -> best_ETS conf=0.4038 rank=1
         laya iter 4 -> best_ETS conf=0.4104 rank=1
         laya iter 5 -> best_ETS conf=0.4104 rank=1
         laya iter 6 -> best_ETS conf=0.4104 rank=1
[ 340] best_single    score= 0.5873 origin=agent    iters=4 stop=no new information in 3 consecutive turns
         TEST  smape=0.2361  rmse=1333.5292  pocid=41.67  mape=0.2059
         laya iter 1 -> best_ONLY_FT_catboost conf=0.5367 rank=1
         laya iter 2 -> best_ONLY_FT_catboost conf=0.7198 rank=1
         laya iter 3 -> best_ONLY_FT_catboost conf=0.7198 rank=1
         laya iter 4 -> best_ONLY_FT_catboost conf=0.7198 rank=1
[ 341] best_single    score= 0.5593 origin=agent    iters=5 stop=no new information in 3 consecutive turns
         TEST  smape=0.2499  rmse=400.9577  pocid=41.67  mape=0.2964
         laya iter 1 -> select_stable_k5 conf=0.3132 obs=pool pool5 (5 models)
         laya iter 2 -> best_THETA conf=0.2582 rank=1
         laya iter 3 -> best_THETA conf=0.3952 rank=1
         laya iter 4 -> best_THETA conf=0.3952 rank=1
         laya iter 5 -> best_THETA conf=0.3952 rank=1
[ 342] best_single    score= 0.5218 origin=agent    iters=5 stop=no new information in 3 consecutive turns
         TEST  smape=0.1536  rmse=754.4234  pocid=0.00  mape=0.1763
         laya iter 1 -> select_stable_k5 conf=0.3683 obs=pool pool5 (5 models)
         laya iter 2 -> best_THETA conf=0.3972 rank=1
         laya iter 3 -> best_THETA conf=0.6146 rank=1
         laya iter 4 -> best_THETA conf=0.6146 rank=1
         laya iter 5 -> best_THETA conf=0.6146 rank=1
[ 343] best_single    score= 0.6608 origin=agent    iters=4 stop=no new information in 3 consecutive turns
         TEST  smape=0.1151  rmse=509.6265  pocid=58.33  mape=0.1297
         laya iter 1 -> best_NaiveMovingAverage conf=0.2961 rank=1
         laya iter 2 -> best_NaiveMovingAverage conf=0.3021 rank=1
         laya iter 3 -> best_NaiveMovingAverage conf=0.3021 rank=1
         laya iter 4 -> best_NaiveMovingAverage conf=0.3021 rank=1
[ 344] best_single    score= 0.7500 origin=agent    iters=4 stop=no new information in 3 consecutive turns
         TEST  smape=0.1184  rmse=496.6843  pocid=0.00  mape=0.1315
         laya iter 1 -> best_ETS conf=0.5457 rank=1
         laya iter 2 -> best_ETS conf=0.6274 rank=1
         laya iter 3 -> best_ETS conf=0.6274 rank=1
         laya iter 4 -> best_ETS conf=0.6274 rank=1
[ 345] best_single    score= 0.5843 origin=agent    iters=5 stop=no new information in 3 consecutive turns
         TEST  smape=0.1637  rmse=1138.4638  pocid=75.00  mape=0.1908
         laya iter 1 -> select_stable_k5 conf=0.3179 obs=pool pool5 (5 models)
         laya iter 2 -> best_NaiveMovingAverage conf=0.4137 rank=1
         laya iter 3 -> best_NaiveMovingAverage conf=0.4303 rank=1
         laya iter 4 -> best_NaiveMovingAverage conf=0.4303 rank=1
         laya iter 5 -> best_NaiveMovingAverage conf=0.4303 rank=1
[ 346] best_single    score= 0.6165 origin=agent    iters=5 stop=no new information in 3 consecutive turns
         TEST  smape=0.1509  rmse=698.0320  pocid=0.00  mape=0.1731
         laya iter 1 -> best_ETS conf=0.4019 rank=1
         laya iter 2 -> prune_redundant_full conf=0.3938 obs=pool pool5 (0 models)
         laya iter 3 -> best_ETS conf=0.3236 rank=1
         laya iter 4 -> best_ETS conf=0.3236 rank=1
         laya iter 5 -> best_ETS conf=0.3236 rank=1
[ 347] FAILED: ValueError: Attempt(attempt_id='a1', spec={'combine': 'mean', 'pool': 'pool_full'}, origin='baseline', aggregate={'MAPE': 0.28684570728420516, 'SMAPE': 0.250772803042314, 'RMSE': 1670.7715713321984, 'POCID': 61.111111111111114, 'MSMAPE': 0.25077036758123067, 'MAE': 1314.4848860600646}, per_window=[{'MAPE': 0.19791821549936855, 'SMAPE': 0.22770408860691355, 'RMSE': 1614.6550968124568, 'POCID': 58.333333333333336, 'MSMAPE': 0.22770208730941693, 'MAE': 1305.9133775231037}, {'MAPE': 0.5712720059869711, 'SMAPE': 0.4306468530389483, 'RMSE': 2364.810034815155, 'POCID': 58.333333333333336, 'MSMAPE': 0.43064272853933167, 'MAE': 2262.4190392254063}, {'MAPE': 0.09134690036627581, 'SMAPE': 0.09396746748108037, 'RMSE': 418.3244533740408, 'POCID': 66.66666666666667, 'MSMAPE': 0.09396628689494348, 'MAE': 375.12224143168237}], score=0.6777777777777778, rationale='deterministic baseline: plain mean of the full pool', iteration=0, n_models=19, per_window_scores=[0.6833333333333333, 0.6833333333333333, 0.6666666666666667], residuals=[60.385419658730825, 682.2936461896325, -892.9300176234328, -514.1878081740815, -1242.121180449496, -3088.677429604776, -1578.3249908757052, -2033.580513150635, -2147.93974854533, -2345.7269974754154, -2121.213463527546, -146.30337198185043, -123.18932054371362, 803.0927692461819, 1788.530178169849, 1693.4662283638545, 1193.8132825452221, 2512.1855108559066, 2759.8909317280322, 2806.1426875729885, 2727.582847071083, 2337.204521627372, 2626.4283344111673, 3427.3656146699195, 2374.392459559732, 2361.352144108976, -380.7506778406737, 389.64181365297054, -577.0205987203922, 247.56116431703595, -686.8104854283156, -408.53220892558875, -156.548681551958, -73.8878266085485, -236.33636280222527, -150.2386053751452, 455.68543265274366, -488.84055030197806, -624.7347304342952], agent_converged=True, agent_rationale='laya selected mean_pool_full') is not in list
[ 348] best_single    score= 0.3288 origin=agent    iters=4 stop=no new information in 3 consecutive turns
         TEST  smape=0.0476  rmse=263.2933  pocid=75.00  mape=0.0458
         laya iter 1 -> best_ONLY_CWT_rf conf=0.3544 rank=1
         laya iter 2 -> best_ONLY_CWT_rf conf=0.8615 rank=1
         laya iter 3 -> best_ONLY_CWT_rf conf=0.8615 rank=1
         laya iter 4 -> best_ONLY_CWT_rf conf=0.8615 rank=1
[ 349] best_single    score= 0.5808 origin=agent    iters=5 stop=no new information in 3 consecutive turns
         TEST  smape=0.1459  rmse=910.7109  pocid=58.33  mape=0.1434
         laya iter 1 -> select_stable_k5 conf=0.3325 obs=pool pool5 (5 models)
         laya iter 2 -> best_FT_catboost conf=0.3083 rank=1
         laya iter 3 -> best_FT_catboost conf=0.3212 rank=1
         laya iter 4 -> best_FT_catboost conf=0.3212 rank=1
         laya iter 5 -> best_FT_catboost conf=0.3212 rank=1
[ 350] FAILED: ValueError: Attempt(attempt_id='a1', spec={'combine': 'mean', 'pool': 'pool_full'}, origin='baseline', aggregate={'MAPE': 0.19161564202967293, 'SMAPE': 0.17022000739896007, 'RMSE': 385.15053801821705, 'POCID': 44.444444444444436, 'MSMAPE': 0.17021529349280348, 'MAE': 314.78719361148677}, per_window=[{'MAPE': 0.1529707605990072, 'SMAPE': 0.14882176958961763, 'RMSE': 363.0839658477794, 'POCID': 50.0, 'MSMAPE': 0.14881821685830318, 'MAE': 315.5664459537048}, {'MAPE': 0.2839466323543109, 'SMAPE': 0.23427746632704016, 'RMSE': 512.5056815483779, 'POCID': 41.666666666666664, 'MSMAPE': 0.2342711681501616, 'MAE': 438.6278320372658}, {'MAPE': 0.13792953313570072, 'SMAPE': 0.12756078628022244, 'RMSE': 224.79050454155634, 'POCID': 41.666666666666664, 'MSMAPE': 0.1275564954699457, 'MAE': 190.1673028434896}], score=0.7111111111111111, rationale='deterministic baseline: plain mean of the full pool', iteration=0, n_models=19, per_window_scores=[0.7000000000000001, 0.7166666666666667, 0.7166666666666667], residuals=[234.2172559820665, 608.3015689544732, 8.825172243485667, 159.34514199286014, -118.9958499293707, -568.3680235192419, -221.85821989439546, 346.9479005414346, 200.49779787850866, -493.9494803186692, -537.3757766570038, 274.80176360701716, 328.879845879635, -255.92867796942028, 150.88888749751686, 213.90643782429697, 73.80323940372, 543.202505576246, 366.70841782452726, 152.75358497714387, 394.62538771782647, 753.0751266119332, 703.4138427562102, 946.1543166318934, 733.2242137710268, 414.47717792269486, 187.3450319001547, 502.58307321761254, 117.12164822715181, -66.03526708197114, 101.75319385687749, 308.9203392580139, 300.8605572891545, 117.92199720114581, 138.15217177937006, 98.29124633062224, 114.21365016269556, -134.11230552684106, -284.8644551337543], agent_converged=True, agent_rationale='laya selected mean_pool_full') is not in list
[ 351] best_single    score= 0.3560 origin=agent    iters=5 stop=no new information in 3 consecutive turns
         TEST  smape=0.0591  rmse=118.2969  pocid=41.67  mape=0.0562
         laya iter 1 -> select_stable_k5 conf=0.3212 obs=pool pool5 (5 models)
         laya iter 2 -> best_rf conf=0.4919 rank=1
         laya iter 3 -> best_rf conf=0.5988 rank=1
         laya iter 4 -> best_rf conf=0.5988 rank=1
         laya iter 5 -> best_rf conf=0.5988 rank=1
[ 352] best_single    score= 0.6875 origin=agent    iters=4 stop=no new information in 3 consecutive turns
         TEST  smape=0.1666  rmse=367.3691  pocid=33.33  mape=0.1963
         laya iter 1 -> best_FT_rf conf=0.485 rank=1
         laya iter 2 -> best_FT_rf conf=0.5523 rank=1
         laya iter 3 -> best_FT_rf conf=0.5523 rank=1
         laya iter 4 -> best_FT_rf conf=0.5523 rank=1
[ 353] best_single    score= 0.4615 origin=agent    iters=5 stop=no new information in 3 consecutive turns
         TEST  smape=0.1552  rmse=654.4407  pocid=58.33  mape=0.1752
         laya iter 1 -> select_stable_k5 conf=0.2588 obs=pool pool5 (5 models)
         laya iter 2 -> best_NaiveMovingAverage conf=0.4095 rank=1
         laya iter 3 -> best_NaiveMovingAverage conf=0.5968 rank=1
         laya iter 4 -> best_NaiveMovingAverage conf=0.5968 rank=1
         laya iter 5 -> best_NaiveMovingAverage conf=0.5968 rank=1
[ 354] best_single    score= 0.7450 origin=agent    iters=4 stop=no new information in 3 consecutive turns
         TEST  smape=0.6418  rmse=2709.8740  pocid=0.00  mape=0.9483
         laya iter 1 -> best_ETS conf=0.8687 rank=1
         laya iter 2 -> best_ETS conf=0.9563 rank=1
         laya iter 3 -> best_ETS conf=0.9563 rank=1
         laya iter 4 -> best_ETS conf=0.9563 rank=1
[ 355] best_single    score= 0.5941 origin=agent    iters=5 stop=no new information in 3 consecutive turns
         TEST  smape=0.3289  rmse=1606.9854  pocid=33.33  mape=0.4210
         laya iter 1 -> select_stable_k5 conf=0.3128 obs=pool pool5 (5 models)
         laya iter 2 -> best_THETA conf=0.4845 rank=1
         laya iter 3 -> best_THETA conf=0.7863 rank=1
         laya iter 4 -> best_THETA conf=0.7863 rank=1
         laya iter 5 -> best_THETA conf=0.7863 rank=1
[ 356] best_single    score= 0.6873 origin=agent    iters=4 stop=no new information in 3 consecutive turns
         TEST  smape=0.2392  rmse=1023.4368  pocid=0.00  mape=0.2889
         laya iter 1 -> best_ETS conf=0.4372 rank=1
         laya iter 2 -> best_ETS conf=0.4202 rank=1
         laya iter 3 -> best_ETS conf=0.4202 rank=1
         laya iter 4 -> best_ETS conf=0.4202 rank=1
[ 357] best_single    score= 0.5995 origin=agent    iters=4 stop=no new information in 3 consecutive turns
         TEST  smape=0.1478  rmse=969.5319  pocid=58.33  mape=0.1407
         laya iter 1 -> best_FT_catboost conf=0.3871 rank=1
         laya iter 2 -> best_FT_catboost conf=0.7765 rank=1
         laya iter 3 -> best_FT_catboost conf=0.7765 rank=1
         laya iter 4 -> best_FT_catboost conf=0.7765 rank=1
[ 358] best_single    score= 0.4778 origin=agent    iters=5 stop=no new information in 3 consecutive turns
         TEST  smape=0.2025  rmse=982.4298  pocid=58.33  mape=0.2400
         laya iter 1 -> select_stable_k5 conf=0.321 obs=pool pool5 (5 models)
         laya iter 2 -> best_THETA conf=0.4187 rank=1
         laya iter 3 -> best_THETA conf=0.427 rank=1
         laya iter 4 -> best_THETA conf=0.427 rank=1
         laya iter 5 -> best_THETA conf=0.427 rank=1
--------------------------------------------------------------------------
done in 109.1s | ok: 348 | failed: 11
DATASET SUMMARY over 348 series (mean across series):
  this run   smape=0.1036  rmse=498.3201  pocid=54.29  mape=0.1056  mae=411.2205
  baseline   (n/a - no-seeds arm: o agente partiu de histórico vazio)
  mean       smape=0.1488  rmse=583551037506228700965461778241238497660906092255728237419013285461635951382480866372355851467023638184674506481890573610129790337024.0000  pocid=53.45  mape=41034622534648224518037094456401070353634371968816088285344714592764998167386046456706828718282189997739972238097318532479975424.0000  <- this run is better
  median     smape=0.0854  rmse=101192144736.7327  pocid=58.96  mape=11568970.2871  <- this run is better
  dba        smape=0.1538  rmse=583551037506228700965461778241238497660906092255728237419013285461635951382480866372355851467023638184674506481890573610129790337024.0000  pocid=52.04  mape=41034622534648205278776256373159267483009323070567160023753273935808617333258407664850494979409821143117777470072103294868652032.0000  <- this run is better
  ADE        smape=0.0986  rmse=346466453047689182801784835227701380487544130423217079091107643524277899393997100157114215010874697889528160073822423902700745785344.0000  pocid=57.59  mape=24363113434749991039430866512619835955869221045956591224307765191660798006601419387345869651513186274917840810796816623646801920.0000  <- this run is better
  FFORMA     smape=0.0908  rmse=342188828500134442628239067107090239917939134558009948526308773540320256940743514468825102626584934636603551646380089815964191817728.0000  pocid=59.82  mape=24062315908275014618889505676333040217187048422023334348633311613580529736255915002021170108477584787426967543480183205828493312.0000  <- this run is better
csv: ./timeseries/mestrado/resultados/orchestrator_laya_laya_v0_noseeds/M4_WEEKLY_DATASET.csv
===== BATELADA LAYA CONCLUÍDA =====
