nohup: ignoring input
WARNING: 5 model(s) do not share the pool's windows on ETTM1 and are being DROPPED for every series: ['ONLY_CWT_catboost', 'ONLY_DWT_catboost', 'ONLY_DWT_rf', 'ONLY_FT_catboost', 'ONLY_FT_rf']
/home/lucas.castro/.conda/envs/agno/lib/python3.11/site-packages/tslearn/bases/bases.py:15: UserWarning: h5py not installed, hdf5 features will not be supported.
Install h5py to use hdf5 features: http://docs.h5py.org/
  warn(h5py_msg)
dataset      : ETTM1
source       : ETTM1.tsf
models       : 14
agent        : laya-multilingual (max_len=8192)
writing to   : ./timeseries/mestrado/resultados/orchestrator_laya_laya_v2b_raw
--------------------------------------------------------------------------
Fetching 5 files:   0%|          | 0/5 [00:00<?, ?it/s]Fetching 5 files: 100%|██████████| 5/5 [00:00<00:00, 2785.06it/s]
[   0] trimmed_mean   score=-0.0913 origin=baseline iters=9 stop=no new information in 3 consecutive turns
         TEST  smape=1.1753  rmse=5.4608  pocid=78.26  mape=367565306684846.8125  | FLOOR smape=1.1753
         laya iter 1 -> mean_top5 conf=0.1598 rank=8
         laya iter 2 -> trimmed_mean_top5 conf=0.9723 rank=6
         laya iter 3 -> trimmed_mean_top5 conf=0.9321 rank=6
         laya iter 4 -> trimmed_mean_prune conf=0.2799 rank=10
         laya iter 5 -> trimmed_mean_prune conf=0.9985 rank=10
         laya iter 6 -> trimmed_mean_full conf=0.2902 rank=10
         laya iter 7 -> trimmed_mean_full conf=0.9299 rank=10
         laya iter 8 -> trimmed_mean_stable7 conf=0.3167 rank=1
         laya iter 9 -> trimmed_mean_stable7 conf=0.5254 rank=1
[   1] best_single    score=-0.0636 origin=agent    iters=12 stop=iteration_budget_exhausted
         TEST  smape=0.2375  rmse=1.2157  pocid=47.83  mape=0.2818  | FLOOR smape=0.2740
         laya iter 1 -> best_CWT_rf conf=0.283 rank=1
         laya iter 2 -> best_CWT_rf conf=0.8765 rank=1
         laya iter 3 -> best_ONLY_CWT_rf conf=0.6408 rank=2
         laya iter 4 -> best_ONLY_CWT_rf conf=0.9425 rank=2
         laya iter 5 -> best_rf conf=0.3646 rank=4
         laya iter 6 -> best_rf conf=0.9225 rank=4
         laya iter 7 -> trimmed_mean_prune conf=0.1458 rank=11
         laya iter 8 -> trimmed_mean_prune conf=0.9605 rank=11
         laya iter 9 -> trimmed_mean_full conf=0.9213 rank=11
         laya iter 10 -> trimmed_mean_full conf=0.9953 rank=11
         laya iter 11 -> trimmed_mean_top5 conf=0.5861 rank=4
         laya iter 12 -> trimmed_mean_top5 conf=0.5875 rank=4
[   2] mean           score=-0.0829 origin=baseline iters=8 stop=no new information in 3 consecutive turns
         TEST  smape=0.8916  rmse=5.6497  pocid=73.91  mape=0.8287  | FLOOR smape=0.8916
         laya iter 1 -> trimmed_mean_prune conf=0.1646 rank=8
         laya iter 2 -> trimmed_mean_prune conf=1.0 rank=8
         laya iter 3 -> trimmed_mean_top5 conf=0.3224 rank=3
         laya iter 4 -> trimmed_mean_top5 conf=0.7822 rank=3
         laya iter 5 -> trimmed_mean_full conf=0.3392 rank=7
         laya iter 6 -> trimmed_mean_full conf=0.9402 rank=7
         laya iter 7 -> trimmed_mean_stable9 conf=0.3745 rank=9
         laya iter 8 -> trimmed_mean_stable9 conf=0.7651 rank=9
[   3] best_single    score=-0.0733 origin=agent    iters=7 stop=laya_accept
         TEST  smape=0.3802  rmse=1.2509  pocid=52.17  mape=0.5468  | FLOOR smape=0.3921
         laya iter 1 -> best_CWT_rf conf=0.5381 rank=2
         laya iter 2 -> best_CWT_rf conf=0.8023 rank=2
         laya iter 3 -> best_FT_catboost conf=0.7961 rank=1
         laya iter 4 -> best_FT_catboost conf=0.9869 rank=1
         laya iter 5 -> best_rf conf=0.2318 rank=1
         laya iter 6 -> best_rf conf=0.9205 rank=1
[   4] mean           score=-0.0911 origin=baseline iters=7 stop=laya_accept
         TEST  smape=0.2512  rmse=1.0856  pocid=43.48  mape=0.2966  | FLOOR smape=0.2512
         laya iter 1 -> best_ONLY_CWT_rf conf=0.3905 rank=3
         laya iter 2 -> best_ONLY_CWT_rf conf=1.0 rank=3
         laya iter 3 -> best_CWT_rf conf=0.6501 rank=4
         laya iter 4 -> best_CWT_rf conf=0.7142 rank=4
         laya iter 5 -> best_DWT_rf conf=0.7465 rank=7
         laya iter 6 -> best_DWT_rf conf=0.9236 rank=7
[   5] mean           score=-0.0759 origin=baseline iters=12 stop=iteration_budget_exhausted
         TEST  smape=0.1809  rmse=0.3329  pocid=47.83  mape=0.2019  | FLOOR smape=0.1809
         laya iter 1 -> best_FT_catboost conf=0.3124 rank=8
         laya iter 2 -> best_FT_catboost conf=0.9815 rank=8
         laya iter 3 -> best_DWT_catboost conf=0.3628 rank=9
         laya iter 4 -> best_DWT_catboost conf=0.3714 rank=9
         laya iter 5 -> median_top5 conf=0.237 rank=8
         laya iter 6 -> median_top5 conf=0.9578 rank=8
         laya iter 7 -> trimmed_mean_top5 conf=0.6317 rank=11
         laya iter 8 -> trimmed_mean_top5 conf=0.2949 rank=11
         laya iter 9 -> trimmed_mean_prune conf=0.6956 rank=6
         laya iter 10 -> trimmed_mean_prune conf=0.9987 rank=6
         laya iter 11 -> trimmed_mean_full conf=0.8711 rank=9
         laya iter 12 -> trimmed_mean_full conf=1.0 rank=9
[   6] best_single    score=-0.1073 origin=agent    iters=7 stop=laya_accept
         TEST  smape=0.0612  rmse=0.6708  pocid=56.52  mape=0.0626  | FLOOR smape=0.0576
         laya iter 1 -> best_ONLY_CWT_rf conf=0.4997 rank=4
         laya iter 2 -> best_ONLY_CWT_rf conf=0.9887 rank=4
         laya iter 3 -> best_CWT_rf conf=0.7403 rank=3
         laya iter 4 -> best_CWT_rf conf=0.7966 rank=3
         laya iter 5 -> best_FT_rf conf=0.6486 rank=1
         laya iter 6 -> best_FT_rf conf=1.0 rank=1
--------------------------------------------------------------------------
done in 52.8s | ok: 7 | failed: 0
DATASET SUMMARY over 7 series (mean across series):
  this run   smape=0.4540  rmse=2.2380  pocid=57.14  mape=52509329526407.0078  mae=1.9090
  baseline   smape=0.4604  rmse=2.2598  pocid=55.28  mape=52509329526407.0078  <- this run is better
  mean       smape=2.0000  rmse=136084107294.9405  pocid=44.72  mape=52599961740521154543616.0000  <- this run is better
  median     smape=0.5443  rmse=2.5657  pocid=58.39  mape=9059687099970.2324  <- this run is better
  dba        smape=2.0000  rmse=195921298116.2774  pocid=47.20  mape=69231906943291170816.0000  <- this run is better
  ADE        smape=0.4572  rmse=2.4809  pocid=50.93  mape=21115097813161.2109  <- this run is better
  FFORMA     smape=0.4396  rmse=2.2985  pocid=51.55  mape=59253483494535.9609  <- this run is better
csv: ./timeseries/mestrado/resultados/orchestrator_laya_laya_v2b_raw/ETTM1.csv
WARNING: 5 model(s) do not share the pool's windows on ETTM2 and are being DROPPED for every series: ['ONLY_CWT_catboost', 'ONLY_DWT_catboost', 'ONLY_DWT_rf', 'ONLY_FT_catboost', 'ONLY_FT_rf']
dataset      : ETTM2
source       : ETTM2.tsf
models       : 14
agent        : laya-multilingual (max_len=8192)
writing to   : ./timeseries/mestrado/resultados/orchestrator_laya_laya_v2b_raw
--------------------------------------------------------------------------
Fetching 5 files:   0%|          | 0/5 [00:00<?, ?it/s]Fetching 5 files: 100%|██████████| 5/5 [00:00<00:00, 2606.45it/s]
[   0] best_single    score=-0.0900 origin=agent    iters=12 stop=iteration_budget_exhausted
         TEST  smape=0.1151  rmse=5.1485  pocid=56.52  mape=0.1152  | FLOOR smape=0.1983
         laya iter 1 -> best_ONLY_CWT_rf conf=0.4187 rank=6
         laya iter 2 -> best_ONLY_CWT_rf conf=0.9434 rank=6
         laya iter 3 -> best_FT_catboost conf=0.4018 rank=7
         laya iter 4 -> best_FT_catboost conf=0.9853 rank=7
         laya iter 5 -> best_ARIMA conf=0.1296 rank=1
         laya iter 6 -> best_ARIMA conf=0.6781 rank=1
         laya iter 7 -> median_top5 conf=0.1443 rank=2
         laya iter 8 -> median_top5 conf=0.7414 rank=2
         laya iter 9 -> trimmed_mean_full conf=0.5723 rank=11
         laya iter 10 -> trimmed_mean_full conf=0.9861 rank=11
         laya iter 11 -> trimmed_mean_prune conf=0.6963 rank=7
         laya iter 12 -> trimmed_mean_prune conf=0.9991 rank=7
[   1] mean           score=-0.0775 origin=baseline iters=9 stop=no new information in 3 consecutive turns
         TEST  smape=0.2653  rmse=2.9583  pocid=47.83  mape=0.2323  | FLOOR smape=0.2653
         laya iter 1 -> mean_top5 conf=0.2078 rank=7
         laya iter 2 -> trimmed_mean_top5 conf=0.5299 rank=8
         laya iter 3 -> trimmed_mean_top5 conf=0.6072 rank=8
         laya iter 4 -> trimmed_mean_full conf=0.3272 rank=10
         laya iter 5 -> trimmed_mean_full conf=0.8692 rank=10
         laya iter 6 -> trimmed_mean_prune conf=0.2574 rank=11
         laya iter 7 -> trimmed_mean_prune conf=0.9954 rank=11
         laya iter 8 -> trimmed_mean_stable9 conf=0.6255 rank=3
         laya iter 9 -> trimmed_mean_stable9 conf=0.9331 rank=3
[   2] mean           score=-0.1042 origin=baseline iters=7 stop=laya_accept
         TEST  smape=0.1569  rmse=8.0382  pocid=52.17  mape=0.1446  | FLOOR smape=0.1569
         laya iter 1 -> best_ONLY_CWT_rf conf=0.4887 rank=2
         laya iter 2 -> best_ONLY_CWT_rf conf=0.9831 rank=2
         laya iter 3 -> best_FT_rf conf=0.9404 rank=2
         laya iter 4 -> best_FT_rf conf=1.0 rank=2
         laya iter 5 -> best_rf conf=0.7412 rank=10
         laya iter 6 -> best_rf conf=0.9736 rank=10
[   3] best_single    score=-0.1012 origin=agent    iters=7 stop=laya_accept
         TEST  smape=0.2468  rmse=2.8902  pocid=52.17  mape=0.2182  | FLOOR smape=0.2551
         laya iter 1 -> best_ONLY_CWT_rf conf=0.8565 rank=2
         laya iter 2 -> best_ONLY_CWT_rf conf=1.0 rank=2
         laya iter 3 -> best_CWT_catboost conf=0.8194 rank=1
         laya iter 4 -> best_CWT_catboost conf=0.8819 rank=1
         laya iter 5 -> best_rf conf=0.5096 rank=4
         laya iter 6 -> best_rf conf=0.9722 rank=4
[   4] best_single    score=-0.0660 origin=agent    iters=7 stop=laya_accept
         TEST  smape=0.0837  rmse=0.9936  pocid=26.09  mape=0.0797  | FLOOR smape=0.0741
         laya iter 1 -> best_FT_catboost conf=0.196 rank=1
         laya iter 2 -> best_FT_catboost conf=0.9684 rank=1
         laya iter 3 -> best_CWT_catboost conf=0.4731 rank=3
         laya iter 4 -> best_CWT_catboost conf=0.4548 rank=3
         laya iter 5 -> best_CWT_rf conf=0.2857 rank=2
         laya iter 6 -> best_CWT_rf conf=0.8305 rank=2
[   5] best_single    score= 0.0353 origin=agent    iters=12 stop=iteration_budget_exhausted
         TEST  smape=0.7310  rmse=1.0954  pocid=26.09  mape=0.5263  | FLOOR smape=0.4531
         laya iter 1 -> best_ONLY_CWT_rf conf=0.2358 rank=6
         laya iter 2 -> best_ONLY_CWT_rf conf=1.0 rank=6
         laya iter 3 -> best_DWT_rf conf=0.3642 rank=1
         laya iter 4 -> best_DWT_rf conf=0.7063 rank=1
         laya iter 5 -> best_FT_rf conf=0.6439 rank=5
         laya iter 6 -> best_FT_rf conf=0.9997 rank=5
         laya iter 7 -> trimmed_mean_stable7 conf=0.142 rank=10
         laya iter 8 -> median_stable7 conf=0.7483 rank=8
         laya iter 9 -> median_stable7 conf=0.5196 rank=8
         laya iter 10 -> trimmed_mean_stable7 conf=0.4449 rank=11
         laya iter 11 -> trimmed_mean_full conf=0.4667 rank=4
         laya iter 12 -> trimmed_mean_full conf=0.9984 rank=4
[   6] best_single    score= 0.2528 origin=agent    iters=7 stop=laya_accept
         TEST  smape=0.0197  rmse=1.1166  pocid=60.87  mape=0.0194  | FLOOR smape=0.0183
         laya iter 1 -> best_ONLY_CWT_rf conf=0.2129 rank=1
         laya iter 2 -> best_ONLY_CWT_rf conf=1.0 rank=1
         laya iter 3 -> best_DWT_rf conf=0.2403 rank=1
         laya iter 4 -> best_DWT_rf conf=0.5268 rank=1
         laya iter 5 -> best_CWT_rf conf=0.4044 rank=1
         laya iter 6 -> best_CWT_rf conf=0.4163 rank=1
--------------------------------------------------------------------------
done in 48.1s | ok: 7 | failed: 0
DATASET SUMMARY over 7 series (mean across series):
  this run   smape=0.2312  rmse=3.1773  pocid=45.96  mape=0.1908  mae=2.9489
  baseline   smape=0.2030  rmse=3.5354  pocid=45.34  mape=0.1760  <- this run is better
  mean       smape=1.7405  rmse=63484511305.5706  pocid=43.48  mape=3253528624.5137  <- this run is better
  median     smape=0.1997  rmse=3.6501  pocid=39.13  mape=0.1739  <- this run is better
  dba        smape=1.7438  rmse=106383343565.7140  pocid=37.27  mape=2228290941.4547  <- this run is better
  ADE        smape=0.1872  rmse=4.0934  pocid=31.06  mape=0.1752  <- this run is better
  FFORMA     smape=0.1654  rmse=3.9513  pocid=31.06  mape=0.1525  <- this run is better
csv: ./timeseries/mestrado/resultados/orchestrator_laya_laya_v2b_raw/ETTM2.csv
dataset      : ETTH1
source       : ETTH1.tsf
models       : 19
agent        : laya-multilingual (max_len=8192)
writing to   : ./timeseries/mestrado/resultados/orchestrator_laya_laya_v2b_raw
--------------------------------------------------------------------------
Fetching 5 files:   0%|          | 0/5 [00:00<?, ?it/s]Fetching 5 files: 100%|██████████| 5/5 [00:00<00:00, 3627.66it/s]
[   0] best_single    score=-0.0517 origin=agent    iters=7 stop=laya_accept
         TEST  smape=0.3938  rmse=3.0450  pocid=60.87  mape=0.4438  | FLOOR smape=0.3882
         laya iter 1 -> best_FT_rf conf=0.6907 rank=1
         laya iter 2 -> best_FT_rf conf=1.0 rank=1
         laya iter 3 -> best_DWT_rf conf=0.599 rank=1
         laya iter 4 -> best_DWT_rf conf=0.7214 rank=1
         laya iter 5 -> best_CWT_rf conf=0.7084 rank=10
         laya iter 6 -> best_CWT_rf conf=0.8561 rank=10
[   1] trimmed_mean   score=-0.1072 origin=baseline iters=10 stop=no new information in 3 consecutive turns
         TEST  smape=0.1711  rmse=0.9478  pocid=65.22  mape=0.1587  | FLOOR smape=0.1711
         laya iter 1 -> best_ONLY_DWT_catboost conf=0.4846 rank=8
         laya iter 2 -> best_ONLY_DWT_catboost conf=0.9916 rank=8
         laya iter 3 -> best_FT_rf conf=0.6927 rank=5
         laya iter 4 -> best_FT_rf conf=0.9089 rank=5
         laya iter 5 -> best_ONLY_CWT_rf conf=0.5309 rank=7
         laya iter 6 -> best_ONLY_CWT_rf conf=0.8773 rank=7
         laya iter 7 -> median_stable7 conf=0.2933 rank=6
         laya iter 8 -> median_stable7 conf=0.9652 rank=6
         laya iter 9 -> trimmed_mean_stable7 conf=0.2771 rank=9
         laya iter 10 -> trimmed_mean_stable7 conf=0.3496 rank=9
[   2] trimmed_mean   score=-0.0572 origin=baseline iters=7 stop=laya_accept
         TEST  smape=0.3894  rmse=2.5624  pocid=82.61  mape=0.4100  | FLOOR smape=0.3894
         laya iter 1 -> best_FT_rf conf=0.584 rank=2
         laya iter 2 -> best_FT_rf conf=1.0 rank=2
         laya iter 3 -> best_CWT_rf conf=0.8355 rank=2
         laya iter 4 -> best_CWT_rf conf=0.8632 rank=2
         laya iter 5 -> best_DWT_rf conf=0.6792 rank=9
         laya iter 6 -> best_DWT_rf conf=0.7655 rank=9
[   3] best_single    score=-0.0977 origin=agent    iters=8 stop=no new information in 3 consecutive turns
         TEST  smape=0.2026  rmse=0.7026  pocid=56.52  mape=0.1817  | FLOOR smape=0.1965
         laya iter 1 -> best_ONLY_DWT_catboost conf=0.9383 rank=7
         laya iter 2 -> best_ONLY_DWT_catboost conf=1.0 rank=7
         laya iter 3 -> best_DWT_catboost conf=0.6986 rank=1
         laya iter 4 -> best_DWT_catboost conf=0.5178 rank=1
         laya iter 5 -> best_CWT_rf conf=0.6158 rank=8
         laya iter 6 -> best_CWT_rf conf=0.8065 rank=8
         laya iter 7 -> trimmed_mean_stable7 conf=0.1537 rank=7
         laya iter 8 -> trimmed_mean_stable7 conf=0.9788 rank=7
[   4] trimmed_mean   score=-0.0944 origin=agent    iters=12 stop=iteration_budget_exhausted
         TEST  smape=0.2356  rmse=1.1821  pocid=56.52  mape=0.2117  | FLOOR smape=0.1984
         laya iter 1 -> best_ONLY_DWT_catboost conf=0.5699 rank=1
         laya iter 2 -> best_ONLY_DWT_rf conf=0.8592 rank=2
         laya iter 3 -> best_ONLY_DWT_catboost conf=0.7614 rank=1
         laya iter 4 -> best_ONLY_DWT_rf conf=0.9795 rank=2
         laya iter 5 -> best_DWT_catboost conf=0.4115 rank=3
         laya iter 6 -> best_DWT_catboost conf=0.5906 rank=3
         laya iter 7 -> median_top5 conf=0.2808 rank=3
         laya iter 8 -> median_top5 conf=0.8815 rank=3
         laya iter 9 -> trimmed_mean_full conf=0.4084 rank=2
         laya iter 10 -> trimmed_mean_full conf=0.9173 rank=2
         laya iter 11 -> trimmed_mean_prune conf=0.6852 rank=1
         laya iter 12 -> trimmed_mean_prune conf=0.9968 rank=1
[   5] trimmed_mean   score=-0.1036 origin=baseline iters=12 stop=iteration_budget_exhausted
         TEST  smape=0.1557  rmse=0.2920  pocid=69.57  mape=0.1499  | FLOOR smape=0.1557
         laya iter 1 -> best_FT_rf conf=0.7203 rank=7
         laya iter 2 -> best_FT_rf conf=1.0 rank=7
         laya iter 3 -> best_ONLY_DWT_rf conf=0.7653 rank=5
         laya iter 4 -> best_ONLY_DWT_rf conf=0.9837 rank=5
         laya iter 5 -> best_DWT_rf conf=0.6893 rank=10
         laya iter 6 -> best_DWT_rf conf=0.8438 rank=10
         laya iter 7 -> trimmed_mean_top5 conf=0.1279 rank=4
         laya iter 8 -> trimmed_mean_top5 conf=0.9512 rank=4
         laya iter 9 -> trimmed_mean_prune conf=0.8231 rank=12
         laya iter 10 -> trimmed_mean_prune conf=0.9987 rank=12
         laya iter 11 -> trimmed_mean_full conf=0.765 rank=12
         laya iter 12 -> trimmed_mean_full conf=0.9867 rank=12
[   6] best_single    score=-0.1038 origin=agent    iters=12 stop=iteration_budget_exhausted
         TEST  smape=0.0707  rmse=0.8725  pocid=56.52  mape=0.0748  | FLOOR smape=0.0844
         laya iter 1 -> best_ONLY_CWT_rf conf=0.6399 rank=2
         laya iter 2 -> best_ONLY_CWT_catboost conf=0.8633 rank=1
         laya iter 3 -> best_ONLY_CWT_rf conf=0.877 rank=3
         laya iter 4 -> best_ONLY_CWT_catboost conf=0.7606 rank=1
         laya iter 5 -> best_ONLY_DWT_catboost conf=0.8642 rank=9
         laya iter 6 -> best_ONLY_DWT_catboost conf=0.9442 rank=9
         laya iter 7 -> trimmed_mean_top5 conf=0.2601 rank=10
         laya iter 8 -> trimmed_mean_top5 conf=0.9958 rank=10
         laya iter 9 -> trimmed_mean_prune conf=0.7752 rank=12
         laya iter 10 -> trimmed_mean_prune conf=0.9995 rank=12
         laya iter 11 -> trimmed_mean_full conf=0.7828 rank=8
         laya iter 12 -> trimmed_mean_full conf=0.9986 rank=8
--------------------------------------------------------------------------
done in 18.5s | ok: 7 | failed: 0
DATASET SUMMARY over 7 series (mean across series):
  this run   smape=0.2313  rmse=1.3721  pocid=63.98  mape=0.2329  mae=1.1339
  baseline   smape=0.2262  rmse=1.3877  pocid=61.49  mape=0.2391  <- this run is better
  mean       smape=2.0000  rmse=1245113253499.4958  pocid=52.17  mape=273162683680.0966  <- this run is better
  median     smape=0.2602  rmse=1.5957  pocid=62.11  mape=0.2353  <- this run is better
  dba        smape=2.0000  rmse=2059519043323.2112  pocid=54.66  mape=272603577994.6630  <- this run is better
  ADE        smape=0.3951  rmse=2.5172  pocid=62.73  mape=0.3505  <- this run is better
  FFORMA     smape=0.3001  rmse=1.9946  pocid=65.22  mape=0.2754  <- this run is better
csv: ./timeseries/mestrado/resultados/orchestrator_laya_laya_v2b_raw/ETTH1.csv
dataset      : ETTH2
source       : ETTH2.tsf
models       : 19
agent        : laya-multilingual (max_len=8192)
writing to   : ./timeseries/mestrado/resultados/orchestrator_laya_laya_v2b_raw
--------------------------------------------------------------------------
Fetching 5 files:   0%|          | 0/5 [00:00<?, ?it/s]Fetching 5 files: 100%|██████████| 5/5 [00:00<00:00, 2636.93it/s]
[   0] best_single    score=-0.1198 origin=agent    iters=12 stop=no new information in 3 consecutive turns
         TEST  smape=0.1227  rmse=5.2048  pocid=60.87  mape=0.1159  | FLOOR smape=0.1310
         laya iter 1 -> best_ONLY_CWT_catboost conf=0.8876 rank=1
         laya iter 2 -> best_ONLY_CWT_catboost conf=0.9675 rank=1
         laya iter 3 -> best_ONLY_CWT_rf conf=0.869 rank=9
         laya iter 4 -> best_ONLY_CWT_rf conf=0.8453 rank=9
         laya iter 5 -> best_CWT_rf conf=0.147 rank=9
         laya iter 6 -> best_CWT_rf conf=0.1606 rank=9
         laya iter 7 -> trimmed_mean_prune conf=0.0819 rank=11
         laya iter 8 -> trimmed_mean_prune conf=0.8797 rank=11
         laya iter 9 -> trimmed_mean_full conf=0.7153 rank=10
         laya iter 10 -> trimmed_mean_full conf=0.9951 rank=10
         laya iter 11 -> trimmed_mean_stable7 conf=0.2758 rank=2
         laya iter 12 -> trimmed_mean_stable7 conf=0.9506 rank=2
[   1] best_single    score=-0.1078 origin=agent    iters=7 stop=laya_accept
         TEST  smape=0.1322  rmse=1.6390  pocid=47.83  mape=0.1295  | FLOOR smape=0.1395
         laya iter 1 -> best_ONLY_FT_rf conf=0.7365 rank=6
         laya iter 2 -> best_ONLY_FT_rf conf=0.8165 rank=6
         laya iter 3 -> best_ONLY_FT_catboost conf=0.9269 rank=9
         laya iter 4 -> best_ONLY_FT_catboost conf=0.9882 rank=9
         laya iter 5 -> best_ONLY_CWT_rf conf=0.8504 rank=1
         laya iter 6 -> best_ONLY_CWT_rf conf=0.9781 rank=1
[   2] median         score=-0.1181 origin=baseline iters=6 stop=no new information in 3 consecutive turns
         TEST  smape=0.1064  rmse=5.6368  pocid=69.57  mape=0.1011  | FLOOR smape=0.1064
         laya iter 1 -> best_ONLY_CWT_rf conf=0.4447 rank=7
         laya iter 2 -> best_ONLY_CWT_rf conf=0.9997 rank=7
         laya iter 3 -> best_CWT_rf conf=0.6394 rank=6
         laya iter 4 -> best_CWT_rf conf=0.8533 rank=6
         laya iter 5 -> trimmed_mean_stable7 conf=0.1572 rank=7
         laya iter 6 -> trimmed_mean_stable7 conf=0.7925 rank=7
[   3] best_single    score=-0.1173 origin=agent    iters=7 stop=laya_accept
         TEST  smape=0.1144  rmse=1.5346  pocid=56.52  mape=0.1113  | FLOOR smape=0.1149
         laya iter 1 -> best_ONLY_CWT_catboost conf=0.8395 rank=1
         laya iter 2 -> best_ONLY_CWT_rf conf=0.9867 rank=1
         laya iter 3 -> best_ONLY_CWT_catboost conf=0.8609 rank=2
         laya iter 4 -> best_ONLY_CWT_rf conf=0.9856 rank=1
         laya iter 5 -> best_CWT_catboost conf=0.5701 rank=8
         laya iter 6 -> best_CWT_catboost conf=0.5626 rank=8
[   4] median         score=-0.0752 origin=baseline iters=7 stop=laya_accept
         TEST  smape=0.0793  rmse=1.0306  pocid=34.78  mape=0.0811  | FLOOR smape=0.0793
         laya iter 1 -> best_ONLY_CWT_rf conf=0.5545 rank=4
         laya iter 2 -> best_FT_rf conf=0.8346 rank=4
         laya iter 3 -> best_FT_rf conf=0.9992 rank=4
         laya iter 4 -> best_ONLY_CWT_rf conf=0.7905 rank=5
         laya iter 5 -> best_CWT_catboost conf=0.4449 rank=4
         laya iter 6 -> best_CWT_catboost conf=0.7639 rank=4
[   5] median         score=-0.0041 origin=baseline iters=7 stop=laya_accept
         TEST  smape=0.6525  rmse=0.7116  pocid=43.48  mape=1271662993922632.2500  | FLOOR smape=0.6525
         laya iter 1 -> best_FT_rf conf=0.1565 rank=8
         laya iter 2 -> best_FT_rf conf=0.6184 rank=8
         laya iter 3 -> best_DWT_rf conf=0.3602 rank=9
         laya iter 4 -> best_DWT_rf conf=0.4364 rank=9
         laya iter 5 -> best_CWT_rf conf=0.5961 rank=9
         laya iter 6 -> best_CWT_rf conf=0.7495 rank=9
[   6] best_single    score= 0.4439 origin=agent    iters=7 stop=laya_accept
         TEST  smape=0.0490  rmse=2.2962  pocid=73.91  mape=0.0485  | FLOOR smape=0.0359
         laya iter 1 -> best_ONLY_DWT_rf conf=0.5897 rank=1
         laya iter 2 -> best_ONLY_DWT_rf conf=0.8321 rank=1
         laya iter 3 -> best_FT_catboost conf=0.665 rank=8
         laya iter 4 -> best_FT_catboost conf=0.999 rank=8
         laya iter 5 -> best_ONLY_CWT_rf conf=0.5911 rank=2
         laya iter 6 -> best_ONLY_CWT_rf conf=0.9943 rank=2
--------------------------------------------------------------------------
done in 17.2s | ok: 7 | failed: 0
DATASET SUMMARY over 7 series (mean across series):
  this run   smape=0.1795  rmse=2.5791  pocid=55.28  mape=181666141988947.5312  mae=2.2377
  baseline   smape=0.1799  rmse=2.5553  pocid=55.28  mape=181666141988947.5312  <- this run is WORSE than the seed floor
  mean       smape=1.7197  rmse=99996379087.4691  pocid=49.69  mape=20879052073827343269888.0000  <- this run is better
  median     smape=0.1815  rmse=2.5568  pocid=56.52  mape=181666141988947.5312
  dba        smape=1.7257  rmse=151967111938.0612  pocid=52.80  mape=20879052073826667986944.0000  <- this run is better
  ADE        smape=0.2261  rmse=2.6531  pocid=56.52  mape=299065117726769.6250  <- this run is better
  FFORMA     smape=0.2035  rmse=2.5436  pocid=56.52  mape=269479043127657.0625
csv: ./timeseries/mestrado/resultados/orchestrator_laya_laya_v2b_raw/ETTH2.csv
dataset      : ANP_MONTHLY
source       : mes_11_venda_mensal.tsf
models       : 19
agent        : laya-multilingual (max_len=8192)
writing to   : ./timeseries/mestrado/resultados/orchestrator_laya_laya_v2b_raw
--------------------------------------------------------------------------
Fetching 5 files:   0%|          | 0/5 [00:00<?, ?it/s]Fetching 5 files: 100%|██████████| 5/5 [00:00<00:00, 2671.87it/s]
[   0] best_single    score= 0.6352 origin=agent    iters=12 stop=iteration_budget_exhausted
         TEST  smape=0.2496  rmse=1664.9606  pocid=72.73  mape=0.2154  | FLOOR smape=0.3622
         laya iter 1 -> best_ONLY_DWT_rf conf=0.5308 rank=1
         laya iter 2 -> best_ONLY_DWT_rf conf=0.9995 rank=1
         laya iter 3 -> best_rf conf=0.3563 rank=1
         laya iter 4 -> best_rf conf=0.9193 rank=1
         laya iter 5 -> trimmed_mean_prune conf=0.1779 rank=12
         laya iter 6 -> trimmed_mean_prune conf=0.9509 rank=12
         laya iter 7 -> trimmed_mean_top5 conf=0.2494 rank=9
         laya iter 8 -> trimmed_mean_top5 conf=0.5558 rank=9
         laya iter 9 -> trimmed_mean_full conf=0.7215 rank=6
         laya iter 10 -> trimmed_mean_full conf=0.9027 rank=6
         laya iter 11 -> best_ARIMA conf=0.4989 rank=3
         laya iter 12 -> best_ARIMA conf=1.0 rank=3
[   1] best_single    score= 0.3494 origin=agent    iters=8 stop=no new information in 3 consecutive turns
         TEST  smape=0.1663  rmse=3016.6640  pocid=81.82  mape=0.1518  | FLOOR smape=0.1132
         laya iter 1 -> best_ETS conf=0.3849 rank=1
         laya iter 2 -> best_ETS conf=1.0 rank=1
         laya iter 3 -> best_FT_rf conf=0.3872 rank=4
         laya iter 4 -> best_FT_rf conf=0.912 rank=4
         laya iter 5 -> best_THETA conf=0.3321 rank=1
         laya iter 6 -> best_THETA conf=0.9203 rank=1
         laya iter 7 -> trimmed_mean_stable7 conf=0.2039 rank=6
         laya iter 8 -> trimmed_mean_stable7 conf=0.8346 rank=6
[   2] best_single    score= 0.6171 origin=agent    iters=7 stop=laya_accept
         TEST  smape=0.0487  rmse=5548.7804  pocid=63.64  mape=0.0508  | FLOOR smape=0.0471
         laya iter 1 -> best_ONLY_CWT_rf conf=0.5405 rank=1
         laya iter 2 -> best_ONLY_CWT_rf conf=0.9742 rank=1
         laya iter 3 -> best_ETS conf=0.5607 rank=3
         laya iter 4 -> best_ETS conf=0.9999 rank=3
         laya iter 5 -> best_THETA conf=0.5394 rank=3
         laya iter 6 -> best_THETA conf=0.562 rank=3
[   3] best_single    score= 0.5469 origin=agent    iters=7 stop=laya_accept
         TEST  smape=0.3961  rmse=3444.0776  pocid=72.73  mape=0.3213  | FLOOR smape=0.3041
         laya iter 1 -> best_catboost conf=0.2945 rank=1
         laya iter 2 -> best_catboost conf=0.9725 rank=1
         laya iter 3 -> best_ETS conf=0.3143 rank=1
         laya iter 4 -> best_ETS conf=0.9734 rank=1
         laya iter 5 -> best_THETA conf=0.1048 rank=3
         laya iter 6 -> best_THETA conf=0.1561 rank=3
[   4] best_single    score= 0.3988 origin=agent    iters=4 stop=no new information in 3 consecutive turns
         TEST  smape=0.0573  rmse=3509.4426  pocid=81.82  mape=0.0556  | FLOOR smape=0.0520
         laya iter 1 -> best_ETS conf=0.3218 rank=1
         laya iter 2 -> best_ETS conf=1.0 rank=1
         laya iter 3 -> trimmed_mean_stable7 conf=0.2512 rank=10
         laya iter 4 -> trimmed_mean_stable7 conf=0.4292 rank=10
[   5] best_single    score= 0.5432 origin=agent    iters=12 stop=iteration_budget_exhausted
         TEST  smape=0.2523  rmse=35.7704  pocid=54.55  mape=0.3405  | FLOOR smape=0.2077
         laya iter 1 -> best_FT_catboost conf=0.4335 rank=1
         laya iter 2 -> best_FT_catboost conf=0.9964 rank=1
         laya iter 3 -> best_FT_rf conf=0.6764 rank=2
         laya iter 4 -> best_FT_rf conf=0.9694 rank=2
         laya iter 5 -> best_DWT_rf conf=0.3482 rank=4
         laya iter 6 -> best_DWT_rf conf=0.3273 rank=4
         laya iter 7 -> median_prune conf=0.0934 rank=3
         laya iter 8 -> median_prune conf=0.4646 rank=3
         laya iter 9 -> trimmed_mean_prune conf=0.3862 rank=6
         laya iter 10 -> trimmed_mean_prune conf=0.9308 rank=6
         laya iter 11 -> trimmed_mean_full conf=0.9073 rank=9
         laya iter 12 -> trimmed_mean_full conf=0.9891 rank=9
[   6] best_single    score= 0.5527 origin=agent    iters=7 stop=laya_accept
         TEST  smape=0.5737  rmse=5253.6827  pocid=81.82  mape=0.4291  | FLOOR smape=0.4842
         laya iter 1 -> best_DWT_rf conf=0.469 rank=3
         laya iter 2 -> best_DWT_rf conf=0.9083 rank=3
         laya iter 3 -> best_THETA conf=0.7217 rank=1
         laya iter 4 -> best_ETS conf=0.7512 rank=2
         laya iter 5 -> best_ETS conf=0.9956 rank=2
         laya iter 6 -> best_THETA conf=0.7471 rank=1
[   7] mean           score= 0.6485 origin=baseline iters=3 stop=no new information in 3 consecutive turns
         TEST  smape=0.1649  rmse=107.1624  pocid=54.55  mape=0.1645  | FLOOR smape=0.1649
         laya iter 1 -> trimmed_mean_stable7 conf=0.1571 rank=9
         laya iter 2 -> trimmed_mean_stable7 conf=0.9971 rank=9
         laya iter 3 -> trimmed_mean_stable9 conf=0.4173 rank=8
[   8] best_single    score= 0.5913 origin=agent    iters=7 stop=laya_accept
         TEST  smape=0.3857  rmse=638.8080  pocid=36.36  mape=0.3133  | FLOOR smape=0.5178
         laya iter 1 -> best_ONLY_DWT_rf conf=0.6623 rank=8
         laya iter 2 -> best_ONLY_DWT_rf conf=1.0 rank=8
         laya iter 3 -> best_DWT_rf conf=0.1438 rank=1
         laya iter 4 -> best_DWT_rf conf=0.2175 rank=1
         laya iter 5 -> best_DWT_catboost conf=0.2074 rank=10
         laya iter 6 -> best_DWT_catboost conf=0.6334 rank=10
[   9] best_single    score= 0.5599 origin=agent    iters=7 stop=laya_accept
         TEST  smape=0.0281  rmse=7472.1642  pocid=81.82  mape=0.0286  | FLOOR smape=0.0486
         laya iter 1 -> trimmed_mean_stable7 conf=0.3156 rank=7
         laya iter 2 -> trimmed_mean_stable7 conf=0.8035 rank=7
         laya iter 3 -> best_ETS conf=0.3254 rank=1
         laya iter 4 -> best_ETS conf=0.5066 rank=1
         laya iter 5 -> best_ONLY_CWT_rf conf=0.3887 rank=4
         laya iter 6 -> best_ONLY_CWT_rf conf=0.9263 rank=4
[  10] best_single    score= 0.4567 origin=agent    iters=6 stop=no new information in 3 consecutive turns
         TEST  smape=0.2608  rmse=1554.3581  pocid=72.73  mape=0.2258  | FLOOR smape=0.2671
         laya iter 1 -> best_ONLY_DWT_catboost conf=0.5052 rank=4
         laya iter 2 -> best_ONLY_DWT_catboost conf=0.9972 rank=4
         laya iter 3 -> best_ETS conf=0.4421 rank=1
         laya iter 4 -> best_ETS conf=1.0 rank=1
         laya iter 5 -> trimmed_mean_stable7 conf=0.2463 rank=6
         laya iter 6 -> trimmed_mean_stable7 conf=0.9384 rank=6
[  11] best_single    score= 0.6370 origin=agent    iters=8 stop=no new information in 3 consecutive turns
         TEST  smape=0.5972  rmse=10701.2866  pocid=54.55  mape=0.4555  | FLOOR smape=0.7316
         laya iter 1 -> best_FT_rf conf=0.2403 rank=1
         laya iter 2 -> best_FT_rf conf=0.9911 rank=1
         laya iter 3 -> best_ONLY_CWT_rf conf=0.5755 rank=2
         laya iter 4 -> best_ONLY_CWT_rf conf=0.9753 rank=2
         laya iter 5 -> best_DWT_rf conf=0.3299 rank=4
         laya iter 6 -> best_DWT_rf conf=0.6302 rank=4
         laya iter 7 -> trimmed_mean_stable7 conf=0.1186 rank=11
         laya iter 8 -> trimmed_mean_stable7 conf=0.9499 rank=11
[  12] median         score= 0.6904 origin=baseline iters=7 stop=laya_accept
         TEST  smape=1.1713  rmse=2460.0309  pocid=0.00  mape=27.4675  | FLOOR smape=1.1713
         laya iter 1 -> best_NaiveMovingAverage conf=0.1597 rank=10
         laya iter 2 -> best_NaiveMovingAverage conf=1.0 rank=10
         laya iter 3 -> best_FT_catboost conf=0.5874 rank=3
         laya iter 4 -> best_FT_catboost conf=0.9712 rank=3
         laya iter 5 -> best_rf conf=0.3277 rank=3
         laya iter 6 -> best_rf conf=0.682 rank=3
[  13] best_single    score= 0.4885 origin=agent    iters=12 stop=iteration_budget_exhausted
         TEST  smape=0.1947  rmse=297.5879  pocid=63.64  mape=0.2243  | FLOOR smape=0.2182
         laya iter 1 -> best_ONLY_FT_rf conf=0.4319 rank=1
         laya iter 2 -> best_ONLY_FT_rf conf=1.0 rank=1
         laya iter 3 -> best_NaiveMovingAverage conf=0.6576 rank=2
         laya iter 4 -> best_NaiveMovingAverage conf=0.9772 rank=2
         laya iter 5 -> best_ARIMA conf=0.1654 rank=1
         laya iter 6 -> best_ARIMA conf=0.9548 rank=1
         laya iter 7 -> median_prune conf=0.1303 rank=3
         laya iter 8 -> median_prune conf=0.3907 rank=3
         laya iter 9 -> trimmed_mean_prune conf=0.4555 rank=2
         laya iter 10 -> trimmed_mean_prune conf=0.8969 rank=2
         laya iter 11 -> trimmed_mean_full conf=0.6861 rank=8
         laya iter 12 -> trimmed_mean_full conf=0.9935 rank=8
[  14] best_single    score= 0.5205 origin=agent    iters=6 stop=no new information in 3 consecutive turns
         TEST  smape=0.0492  rmse=2059.2937  pocid=63.64  mape=0.0479  | FLOOR smape=0.0466
         laya iter 1 -> best_ETS conf=0.1577 rank=1
         laya iter 2 -> best_ETS conf=1.0 rank=1
         laya iter 3 -> best_THETA conf=0.1397 rank=1
         laya iter 4 -> best_THETA conf=0.6113 rank=1
         laya iter 5 -> trimmed_mean_stable7 conf=0.1942 rank=9
         laya iter 6 -> trimmed_mean_stable7 conf=0.8961 rank=9
[  15] best_single    score= 0.5828 origin=agent    iters=7 stop=laya_accept
         TEST  smape=0.0465  rmse=2457.5871  pocid=81.82  mape=0.0454  | FLOOR smape=0.0504
         laya iter 1 -> best_ONLY_CWT_rf conf=0.4222 rank=4
         laya iter 2 -> best_ONLY_CWT_rf conf=0.8504 rank=4
         laya iter 3 -> best_ETS conf=0.4829 rank=1
         laya iter 4 -> best_ETS conf=1.0 rank=1
         laya iter 5 -> best_THETA conf=0.2273 rank=2
         laya iter 6 -> best_THETA conf=0.4275 rank=2
[  16] best_single    score= 0.5103 origin=agent    iters=7 stop=laya_accept
         TEST  smape=0.1568  rmse=17349.3700  pocid=72.73  mape=0.1443  | FLOOR smape=0.1978
         laya iter 1 -> best_FT_rf conf=0.9014 rank=1
         laya iter 2 -> best_FT_rf conf=1.0 rank=1
         laya iter 3 -> best_NaiveMovingAverage conf=0.673 rank=2
         laya iter 4 -> best_NaiveMovingAverage conf=0.9859 rank=2
         laya iter 5 -> best_THETA conf=0.1965 rank=3
         laya iter 6 -> best_THETA conf=0.5773 rank=3
[  17] best_single    score= 0.5980 origin=agent    iters=8 stop=no new information in 3 consecutive turns
         TEST  smape=0.1511  rmse=127872.1796  pocid=90.91  mape=0.1643  | FLOOR smape=0.1498
         laya iter 1 -> best_ONLY_DWT_rf conf=0.6131 rank=5
         laya iter 2 -> best_ONLY_DWT_rf conf=1.0 rank=5
         laya iter 3 -> best_DWT_rf conf=0.5557 rank=1
         laya iter 4 -> best_DWT_rf conf=0.5009 rank=1
         laya iter 5 -> best_DWT_catboost conf=0.4237 rank=9
         laya iter 6 -> best_DWT_catboost conf=0.8204 rank=9
         laya iter 7 -> trimmed_mean_stable7 conf=0.2089 rank=2
         laya iter 8 -> trimmed_mean_stable7 conf=0.7391 rank=2
[  18] best_single    score= 0.6029 origin=agent    iters=7 stop=laya_accept
         TEST  smape=1.3893  rmse=4813.4022  pocid=54.55  mape=278313148939292800.0000  | FLOOR smape=1.4312
         laya iter 1 -> best_ONLY_FT_catboost conf=0.374 rank=1
         laya iter 2 -> best_ONLY_FT_catboost conf=0.9859 rank=1
         laya iter 3 -> best_ONLY_CWT_catboost conf=0.7612 rank=1
         laya iter 4 -> best_ONLY_CWT_catboost conf=0.5622 rank=1
         laya iter 5 -> best_NaiveMovingAverage conf=0.4307 rank=2
         laya iter 6 -> best_NaiveMovingAverage conf=0.9228 rank=2
[  19] best_single    score= 0.5672 origin=agent    iters=7 stop=laya_accept
         TEST  smape=0.2390  rmse=673.9470  pocid=63.64  mape=0.2916  | FLOOR smape=0.2139
         laya iter 1 -> best_ONLY_DWT_rf conf=0.1752 rank=1
         laya iter 2 -> best_ONLY_DWT_rf conf=0.9896 rank=1
         laya iter 3 -> best_DWT_rf conf=0.5878 rank=2
         laya iter 4 -> best_DWT_rf conf=0.5266 rank=2
         laya iter 5 -> best_ETS conf=0.4561 rank=3
         laya iter 6 -> best_ETS conf=0.9955 rank=3
[  20] best_single    score= 0.4873 origin=agent    iters=6 stop=no new information in 3 consecutive turns
         TEST  smape=0.2084  rmse=166525.8803  pocid=63.64  mape=0.1880  | FLOOR smape=0.1073
         laya iter 1 -> best_NaiveMovingAverage conf=1.0 rank=1
         laya iter 2 -> best_NaiveMovingAverage conf=1.0 rank=1
         laya iter 3 -> best_ETS conf=0.5036 rank=2
         laya iter 4 -> best_ETS conf=0.9928 rank=2
         laya iter 5 -> trimmed_mean_stable7 conf=0.1558 rank=9
         laya iter 6 -> trimmed_mean_stable7 conf=0.5869 rank=9
[  21] dba            score= 0.6503 origin=baseline iters=3 stop=no new information in 3 consecutive turns
         TEST  smape=0.0311  rmse=3044.7534  pocid=72.73  mape=0.0319  | FLOOR smape=0.0311
         laya iter 1 -> trimmed_mean_stable7 conf=0.1495 rank=8
         laya iter 2 -> trimmed_mean_stable7 conf=0.7467 rank=8
         laya iter 3 -> trimmed_mean_stable9 conf=0.3718 rank=6
[  22] best_single    score= 0.5003 origin=agent    iters=7 stop=laya_accept
         TEST  smape=0.2766  rmse=1535.9493  pocid=63.64  mape=0.2913  | FLOOR smape=0.2940
         laya iter 1 -> best_FT_rf conf=0.2304 rank=1
         laya iter 2 -> best_FT_rf conf=0.986 rank=1
         laya iter 3 -> best_DWT_rf conf=0.6695 rank=2
         laya iter 4 -> best_DWT_rf conf=0.8668 rank=2
         laya iter 5 -> best_rf conf=0.2877 rank=2
         laya iter 6 -> best_rf conf=0.4413 rank=2
[  23] best_single    score= 0.3526 origin=agent    iters=7 stop=laya_accept
         TEST  smape=0.2663  rmse=6920.5443  pocid=81.82  mape=0.2277  | FLOOR smape=0.2674
         laya iter 1 -> best_ONLY_CWT_rf conf=0.7456 rank=1
         laya iter 2 -> best_ONLY_CWT_rf conf=0.9996 rank=1
         laya iter 3 -> best_FT_catboost conf=0.9505 rank=1
         laya iter 4 -> best_FT_catboost conf=0.9787 rank=1
         laya iter 5 -> best_CWT_catboost conf=0.4185 rank=5
         laya iter 6 -> best_CWT_catboost conf=0.648 rank=5
[  24] best_single    score= 0.5684 origin=agent    iters=6 stop=no new information in 3 consecutive turns
         TEST  smape=0.0458  rmse=6676.7311  pocid=81.82  mape=0.0452  | FLOOR smape=0.0455
         laya iter 1 -> best_FT_rf conf=0.1692 rank=3
         laya iter 2 -> best_FT_rf conf=0.9989 rank=3
         laya iter 3 -> best_ARIMA conf=0.3545 rank=1
         laya iter 4 -> best_ARIMA conf=0.8741 rank=1
         laya iter 5 -> trimmed_mean_stable7 conf=0.2166 rank=8
         laya iter 6 -> trimmed_mean_stable7 conf=0.8684 rank=8
[  25] mean           score= 0.6276 origin=baseline iters=3 stop=no new information in 3 consecutive turns
         TEST  smape=0.1671  rmse=51.3148  pocid=54.55  mape=0.1906  | FLOOR smape=0.1671
         laya iter 1 -> trimmed_mean_stable7 conf=0.1695 rank=4
         laya iter 2 -> trimmed_mean_stable7 conf=0.9999 rank=4
         laya iter 3 -> trimmed_mean_stable9 conf=0.6 rank=8
[  26] best_single    score= 0.4994 origin=agent    iters=6 stop=no new information in 3 consecutive turns
         TEST  smape=0.3514  rmse=1622.9242  pocid=45.45  mape=0.2957  | FLOOR smape=0.4658
         laya iter 1 -> best_NaiveMovingAverage conf=0.2782 rank=2
         laya iter 2 -> best_NaiveMovingAverage conf=1.0 rank=2
         laya iter 3 -> best_CWT_rf conf=0.2948 rank=1
         laya iter 4 -> best_CWT_rf conf=0.5753 rank=1
         laya iter 5 -> trimmed_mean_stable7 conf=0.1787 rank=7
         laya iter 6 -> trimmed_mean_stable7 conf=0.3119 rank=7
[  27] best_single    score= 0.6440 origin=agent    iters=7 stop=laya_accept
         TEST  smape=0.2865  rmse=3614.1050  pocid=63.64  mape=0.2426  | FLOOR smape=0.3728
         laya iter 1 -> best_ONLY_DWT_rf conf=0.2208 rank=4
         laya iter 2 -> best_ONLY_DWT_rf conf=1.0 rank=4
         laya iter 3 -> best_DWT_rf conf=0.2618 rank=1
         laya iter 4 -> best_DWT_rf conf=0.4967 rank=1
         laya iter 5 -> best_CWT_catboost conf=0.299 rank=3
         laya iter 6 -> best_CWT_catboost conf=0.6088 rank=3
[  28] best_single    score= 0.5756 origin=agent    iters=7 stop=laya_accept
         TEST  smape=0.0551  rmse=10350.5907  pocid=63.64  mape=0.0538  | FLOOR smape=0.0403
         laya iter 1 -> best_ONLY_CWT_catboost conf=0.427 rank=1
         laya iter 2 -> best_ONLY_CWT_catboost conf=1.0 rank=1
         laya iter 3 -> best_ETS conf=0.6183 rank=4
         laya iter 4 -> best_ETS conf=1.0 rank=4
         laya iter 5 -> best_DWT_rf conf=0.2381 rank=9
         laya iter 6 -> best_DWT_rf conf=0.4729 rank=9
[  29] best_single    score= 0.4969 origin=agent    iters=6 stop=no new information in 3 consecutive turns
         TEST  smape=0.3841  rmse=2977.5657  pocid=63.64  mape=0.3136  | FLOOR smape=0.3579
         laya iter 1 -> best_ETS conf=0.3621 rank=1
         laya iter 2 -> best_ETS conf=0.9978 rank=1
         laya iter 3 -> best_ONLY_DWT_rf conf=0.3419 rank=2
         laya iter 4 -> best_ONLY_DWT_rf conf=0.8904 rank=2
         laya iter 5 -> trimmed_mean_stable7 conf=0.1502 rank=7
         laya iter 6 -> trimmed_mean_stable7 conf=0.5252 rank=7
[  30] mean           score= 0.6303 origin=baseline iters=3 stop=no new information in 3 consecutive turns
         TEST  smape=0.1473  rmse=236.1429  pocid=63.64  mape=0.1531  | FLOOR smape=0.1473
         laya iter 1 -> trimmed_mean_stable7 conf=0.4376 rank=6
         laya iter 2 -> trimmed_mean_stable7 conf=0.7868 rank=6
         laya iter 3 -> trimmed_mean_stable9 conf=0.841 rank=5
[  31] mean           score= 0.6660 origin=baseline iters=6 stop=no new information in 3 consecutive turns
         TEST  smape=0.4562  rmse=19.0531  pocid=63.64  mape=0.8270  | FLOOR smape=0.4562
         laya iter 1 -> best_NaiveMovingAverage conf=0.6656 rank=3
         laya iter 2 -> best_NaiveMovingAverage conf=1.0 rank=3
         laya iter 3 -> best_ONLY_FT_catboost conf=0.5992 rank=2
         laya iter 4 -> best_ONLY_FT_catboost conf=0.8601 rank=2
         laya iter 5 -> trimmed_mean_stable7 conf=0.1606 rank=9
         laya iter 6 -> trimmed_mean_stable7 conf=0.6133 rank=9
[  32] trimmed_mean   score= 0.6181 origin=baseline iters=3 stop=no new information in 3 consecutive turns
         TEST  smape=1.2541  rmse=333.9222  pocid=27.27  mape=0.7390  | FLOOR smape=1.2541
         laya iter 1 -> trimmed_mean_stable7 conf=0.2328 rank=6
         laya iter 2 -> trimmed_mean_stable7 conf=1.0 rank=6
         laya iter 3 -> trimmed_mean_stable9 conf=0.5153 rank=2
[  33] best_single    score= 0.5934 origin=agent    iters=8 stop=no new information in 3 consecutive turns
         TEST  smape=0.0676  rmse=68.5991  pocid=9.09  mape=0.0659  | FLOOR smape=0.0600
         laya iter 1 -> best_ONLY_DWT_rf conf=0.7708 rank=5
         laya iter 2 -> best_ONLY_DWT_rf conf=0.9828 rank=5
         laya iter 3 -> best_ETS conf=0.5807 rank=2
         laya iter 4 -> best_ETS conf=0.9965 rank=2
         laya iter 5 -> best_CWT_rf conf=0.4206 rank=1
         laya iter 6 -> best_CWT_rf conf=0.4992 rank=1
         laya iter 7 -> trimmed_mean_stable7 conf=0.2339 rank=5
         laya iter 8 -> trimmed_mean_stable7 conf=0.8685 rank=5
[  34] best_single    score= 0.5180 origin=agent    iters=6 stop=no new information in 3 consecutive turns
         TEST  smape=0.0589  rmse=620.0266  pocid=54.55  mape=0.0607  | FLOOR smape=0.0492
         laya iter 1 -> best_ETS conf=0.5014 rank=1
         laya iter 2 -> best_ETS conf=1.0 rank=1
         laya iter 3 -> best_THETA conf=0.3859 rank=2
         laya iter 4 -> best_THETA conf=0.5877 rank=2
         laya iter 5 -> trimmed_mean_stable7 conf=0.241 rank=5
         laya iter 6 -> trimmed_mean_stable7 conf=0.9529 rank=5
[  35] best_single    score= 0.5857 origin=agent    iters=12 stop=iteration_budget_exhausted
         TEST  smape=0.1993  rmse=98.0423  pocid=54.55  mape=0.2120  | FLOOR smape=0.2042
         laya iter 1 -> best_NaiveMovingAverage conf=0.51 rank=1
         laya iter 2 -> best_NaiveMovingAverage conf=1.0 rank=1
         laya iter 3 -> median_top5 conf=0.2492 rank=4
         laya iter 4 -> trimmed_mean_top5 conf=0.2711 rank=5
         laya iter 5 -> trimmed_mean_top5 conf=0.4425 rank=5
         laya iter 6 -> trimmed_mean_prune conf=0.2531 rank=9
         laya iter 7 -> trimmed_mean_prune conf=0.912 rank=9
         laya iter 8 -> best_ETS conf=0.2364 rank=1
         laya iter 9 -> best_ETS conf=0.9989 rank=1
         laya iter 10 -> trimmed_mean_full conf=0.7902 rank=5
         laya iter 11 -> trimmed_mean_full conf=0.9581 rank=5
         laya iter 12 -> best_ARIMA conf=0.3374 rank=1
[  36] mean           score= 0.5962 origin=baseline iters=6 stop=no new information in 3 consecutive turns
         TEST  smape=0.1109  rmse=38618.7375  pocid=72.73  mape=0.1194  | FLOOR smape=0.1109
         laya iter 1 -> best_ONLY_FT_rf conf=0.2816 rank=4
         laya iter 2 -> best_ONLY_FT_rf conf=0.9622 rank=4
         laya iter 3 -> best_ETS conf=0.3015 rank=8
         laya iter 4 -> best_ETS conf=0.6949 rank=8
         laya iter 5 -> trimmed_mean_stable7 conf=0.2743 rank=2
         laya iter 6 -> trimmed_mean_stable7 conf=0.7736 rank=2
[  37] median         score= 0.6394 origin=baseline iters=3 stop=no new information in 3 consecutive turns
         TEST  smape=0.2102  rmse=62.1482  pocid=54.55  mape=0.2148  | FLOOR smape=0.2102
         laya iter 1 -> trimmed_mean_stable7 conf=0.1118 rank=5
         laya iter 2 -> trimmed_mean_stable7 conf=0.9992 rank=5
         laya iter 3 -> trimmed_mean_stable5 conf=0.2624 rank=6
[  38] best_single    score= 0.5232 origin=agent    iters=6 stop=laya_accept
         TEST  smape=0.7710  rmse=5301.5358  pocid=45.45  mape=0.5533  | FLOOR smape=0.7530
         laya iter 1 -> best_FT_catboost conf=0.4403 rank=1
         laya iter 2 -> best_FT_catboost conf=0.9733 rank=1
         laya iter 3 -> best_ONLY_CWT_catboost conf=0.5356 rank=1
         laya iter 4 -> best_ONLY_CWT_catboost conf=0.6094 rank=1
         laya iter 5 -> best_CWT_catboost conf=0.2101 rank=2
[  39] best_single    score= 0.5954 origin=agent    iters=12 stop=no new information in 3 consecutive turns
         TEST  smape=0.0337  rmse=4494.8945  pocid=81.82  mape=0.0344  | FLOOR smape=0.0388
         laya iter 1 -> best_ONLY_CWT_catboost conf=0.4869 rank=5
         laya iter 2 -> best_ONLY_CWT_catboost conf=0.9966 rank=5
         laya iter 3 -> best_ONLY_DWT_rf conf=0.967 rank=6
         laya iter 4 -> best_ONLY_DWT_rf conf=0.9979 rank=6
         laya iter 5 -> best_CWT_rf conf=0.3374 rank=1
         laya iter 6 -> best_CWT_rf conf=0.4999 rank=1
         laya iter 7 -> trimmed_mean_prune conf=0.151 rank=3
         laya iter 8 -> trimmed_mean_prune conf=0.8106 rank=3
         laya iter 9 -> trimmed_mean_full conf=0.7982 rank=2
         laya iter 10 -> trimmed_mean_full conf=0.8862 rank=2
         laya iter 11 -> trimmed_mean_stable7 conf=0.2624 rank=10
         laya iter 12 -> trimmed_mean_stable7 conf=0.3925 rank=10
[  40] best_single    score= 0.5012 origin=agent    iters=8 stop=no new information in 3 consecutive turns
         TEST  smape=0.0333  rmse=4790.0939  pocid=81.82  mape=0.0331  | FLOOR smape=0.0417
         laya iter 1 -> best_ETS conf=0.3241 rank=1
         laya iter 2 -> best_ETS conf=1.0 rank=1
         laya iter 3 -> best_THETA conf=0.2568 rank=2
         laya iter 4 -> best_THETA conf=0.9143 rank=2
         laya iter 5 -> trimmed_mean_full conf=0.1467 rank=5
         laya iter 6 -> trimmed_mean_full conf=0.3442 rank=5
         laya iter 7 -> trimmed_mean_stable7 conf=0.2422 rank=9
         laya iter 8 -> trimmed_mean_stable7 conf=0.403 rank=9
[  41] best_single    score= 0.5417 origin=agent    iters=7 stop=laya_accept
         TEST  smape=0.1601  rmse=11464.7557  pocid=54.55  mape=0.1465  | FLOOR smape=0.1736
         laya iter 1 -> best_ONLY_DWT_rf conf=0.9556 rank=1
         laya iter 2 -> best_ONLY_DWT_rf conf=1.0 rank=1
         laya iter 3 -> best_FT_catboost conf=0.9129 rank=1
         laya iter 4 -> best_FT_catboost conf=0.8424 rank=1
         laya iter 5 -> best_DWT_rf conf=0.6562 rank=7
         laya iter 6 -> best_DWT_rf conf=0.8561 rank=7
[  42] best_single    score= 0.6719 origin=agent    iters=12 stop=iteration_budget_exhausted
         TEST  smape=0.2779  rmse=5.9476  pocid=72.73  mape=0.3310  | FLOOR smape=0.2940
         laya iter 1 -> best_NaiveMovingAverage conf=0.5284 rank=1
         laya iter 2 -> best_NaiveMovingAverage conf=1.0 rank=1
         laya iter 3 -> best_ETS conf=0.2237 rank=10
         laya iter 4 -> best_ETS conf=0.4931 rank=10
         laya iter 5 -> trimmed_mean_top5 conf=0.1298 rank=5
         laya iter 6 -> trimmed_mean_top5 conf=0.7213 rank=5
         laya iter 7 -> trimmed_mean_prune conf=0.3105 rank=9
         laya iter 8 -> trimmed_mean_prune conf=0.9524 rank=9
         laya iter 9 -> trimmed_mean_full conf=0.5909 rank=4
         laya iter 10 -> trimmed_mean_full conf=0.9897 rank=4
         laya iter 11 -> best_THETA conf=0.4054 rank=13
         laya iter 12 -> best_THETA conf=0.8178 rank=13
[  43] best_single    score= 0.5151 origin=agent    iters=8 stop=no new information in 3 consecutive turns
         TEST  smape=0.0894  rmse=1695.6377  pocid=81.82  mape=0.0860  | FLOOR smape=0.0858
         laya iter 1 -> best_NaiveSeasonal conf=0.2502 rank=1
         laya iter 2 -> best_NaiveSeasonal conf=1.0 rank=1
         laya iter 3 -> best_ETS conf=0.3005 rank=2
         laya iter 4 -> best_ETS conf=1.0 rank=2
         laya iter 5 -> best_ONLY_CWT_rf conf=0.3115 rank=2
         laya iter 6 -> best_ONLY_CWT_rf conf=0.6258 rank=2
         laya iter 7 -> trimmed_mean_stable7 conf=0.3458 rank=5
         laya iter 8 -> trimmed_mean_stable7 conf=0.9455 rank=5
[  44] best_single    score= 0.6606 origin=agent    iters=6 stop=no new information in 3 consecutive turns
         TEST  smape=0.5891  rmse=4845.1696  pocid=54.55  mape=1.2415  | FLOOR smape=0.5948
         laya iter 1 -> best_FT_catboost conf=0.2831 rank=1
         laya iter 2 -> best_FT_catboost conf=0.9977 rank=1
         laya iter 3 -> best_CWT_rf conf=0.2468 rank=3
         laya iter 4 -> best_CWT_rf conf=0.5314 rank=3
         laya iter 5 -> trimmed_mean_stable7 conf=0.2627 rank=7
         laya iter 6 -> trimmed_mean_stable7 conf=0.5507 rank=7
[  45] best_single    score= 0.5014 origin=agent    iters=6 stop=no new information in 3 consecutive turns
         TEST  smape=0.3127  rmse=5445.2251  pocid=36.36  mape=0.2611  | FLOOR smape=0.2695
         laya iter 1 -> best_NaiveMovingAverage conf=0.5271 rank=1
         laya iter 2 -> best_NaiveMovingAverage conf=1.0 rank=1
         laya iter 3 -> best_ONLY_FT_rf conf=0.9227 rank=1
         laya iter 4 -> best_ONLY_FT_rf conf=0.9923 rank=1
         laya iter 5 -> trimmed_mean_stable7 conf=0.2418 rank=8
         laya iter 6 -> trimmed_mean_stable7 conf=0.7724 rank=8
[  46] best_single    score= 0.6269 origin=agent    iters=8 stop=no new information in 3 consecutive turns
         TEST  smape=0.0912  rmse=10400.5618  pocid=72.73  mape=0.1040  | FLOOR smape=0.1677
         laya iter 1 -> best_ONLY_FT_catboost conf=0.7711 rank=1
         laya iter 2 -> best_ONLY_FT_catboost conf=0.9998 rank=1
         laya iter 3 -> best_FT_rf conf=0.8507 rank=1
         laya iter 4 -> best_FT_rf conf=0.9949 rank=1
         laya iter 5 -> best_FT_catboost conf=0.6456 rank=1
         laya iter 6 -> best_FT_catboost conf=0.7893 rank=1
         laya iter 7 -> trimmed_mean_stable7 conf=0.2082 rank=10
         laya iter 8 -> trimmed_mean_stable7 conf=0.5082 rank=10
[  47] best_single    score= 0.4558 origin=agent    iters=12 stop=iteration_budget_exhausted
         TEST  smape=0.1294  rmse=394.2491  pocid=81.82  mape=0.1445  | FLOOR smape=0.1329
         laya iter 1 -> best_ETS conf=0.3025 rank=1
         laya iter 2 -> best_ETS conf=1.0 rank=1
         laya iter 3 -> best_CWT_rf conf=0.2943 rank=3
         laya iter 4 -> best_CWT_rf conf=0.6655 rank=3
         laya iter 5 -> best_THETA conf=0.1652 rank=11
         laya iter 6 -> best_THETA conf=0.5634 rank=11
         laya iter 7 -> trimmed_mean_prune conf=0.142 rank=9
         laya iter 8 -> trimmed_mean_prune conf=0.8382 rank=9
         laya iter 9 -> trimmed_mean_full conf=0.8405 rank=11
         laya iter 10 -> trimmed_mean_full conf=0.996 rank=11
         laya iter 11 -> trimmed_mean_top5 conf=0.2366 rank=4
         laya iter 12 -> trimmed_mean_top5 conf=0.8519 rank=4
[  48] best_single    score= 0.5721 origin=agent    iters=7 stop=laya_accept
         TEST  smape=0.3075  rmse=367.5940  pocid=45.45  mape=0.2532  | FLOOR smape=0.3216
         laya iter 1 -> best_ETS conf=0.2538 rank=1
         laya iter 2 -> best_ETS conf=1.0 rank=1
         laya iter 3 -> best_ONLY_DWT_rf conf=0.4831 rank=1
         laya iter 4 -> best_ONLY_DWT_rf conf=0.9616 rank=1
         laya iter 5 -> best_THETA conf=0.2688 rank=2
         laya iter 6 -> best_THETA conf=0.8897 rank=2
[  49] best_single    score= 0.5738 origin=agent    iters=7 stop=laya_accept
         TEST  smape=0.2925  rmse=2471.8847  pocid=27.27  mape=0.2436  | FLOOR smape=0.2523
         laya iter 1 -> best_ONLY_CWT_rf conf=0.923 rank=2
         laya iter 2 -> best_ONLY_CWT_rf conf=0.998 rank=2
         laya iter 3 -> best_CWT_rf conf=0.3415 rank=1
         laya iter 4 -> best_CWT_rf conf=0.4892 rank=1
         laya iter 5 -> best_CWT_catboost conf=0.2486 rank=1
         laya iter 6 -> best_CWT_catboost conf=0.2847 rank=1
[  50] best_single    score= 0.6432 origin=agent    iters=8 stop=no new information in 3 consecutive turns
         TEST  smape=0.1095  rmse=88.6631  pocid=54.55  mape=0.1035  | FLOOR smape=0.1063
         laya iter 1 -> best_FT_rf conf=0.5314 rank=2
         laya iter 2 -> best_FT_rf conf=0.9835 rank=2
         laya iter 3 -> best_FT_catboost conf=0.8536 rank=9
         laya iter 4 -> best_FT_catboost conf=0.8758 rank=9
         laya iter 5 -> best_ARIMA conf=0.1755 rank=1
         laya iter 6 -> best_ARIMA conf=0.9652 rank=1
         laya iter 7 -> trimmed_mean_stable7 conf=0.1233 rank=5
         laya iter 8 -> trimmed_mean_stable7 conf=0.8432 rank=5
[  51] best_single    score= 0.6321 origin=agent    iters=8 stop=no new information in 3 consecutive turns
         TEST  smape=0.1835  rmse=8.6408  pocid=45.45  mape=0.2095  | FLOOR smape=0.1676
         laya iter 1 -> best_NaiveMovingAverage conf=0.6417 rank=1
         laya iter 2 -> best_NaiveMovingAverage conf=1.0 rank=1
         laya iter 3 -> best_ONLY_FT_rf conf=0.6592 rank=3
         laya iter 4 -> best_ONLY_FT_rf conf=0.9117 rank=3
         laya iter 5 -> best_ETS conf=0.4071 rank=12
         laya iter 6 -> best_ETS conf=0.963 rank=12
         laya iter 7 -> trimmed_mean_stable7 conf=0.1295 rank=11
         laya iter 8 -> trimmed_mean_stable7 conf=0.7775 rank=11
[  52] best_single    score= 0.5390 origin=agent    iters=12 stop=no new information in 3 consecutive turns
         TEST  smape=0.1246  rmse=2936.8970  pocid=63.64  mape=0.1326  | FLOOR smape=0.1344
         laya iter 1 -> best_ONLY_FT_catboost conf=0.4539 rank=2
         laya iter 2 -> best_ONLY_FT_catboost conf=0.9947 rank=2
         laya iter 3 -> best_ETS conf=0.7311 rank=1
         laya iter 4 -> best_ETS conf=0.9785 rank=1
         laya iter 5 -> best_THETA conf=0.4436 rank=2
         laya iter 6 -> best_THETA conf=0.6254 rank=2
         laya iter 7 -> trimmed_mean_prune conf=0.2034 rank=7
         laya iter 8 -> trimmed_mean_prune conf=0.9751 rank=7
         laya iter 9 -> trimmed_mean_full conf=0.8412 rank=11
         laya iter 10 -> trimmed_mean_full conf=0.997 rank=11
         laya iter 11 -> trimmed_mean_stable9 conf=0.3212 rank=10
         laya iter 12 -> trimmed_mean_stable9 conf=0.9241 rank=10
[  53] best_single    score= 0.6222 origin=agent    iters=7 stop=laya_accept
         TEST  smape=0.0813  rmse=1711.9838  pocid=90.91  mape=0.0783  | FLOOR smape=0.0757
         laya iter 1 -> best_ONLY_DWT_catboost conf=0.6389 rank=3
         laya iter 2 -> best_ONLY_DWT_catboost conf=1.0 rank=3
         laya iter 3 -> best_ETS conf=0.7328 rank=1
         laya iter 4 -> best_ETS conf=0.9999 rank=1
         laya iter 5 -> best_THETA conf=0.2419 rank=2
         laya iter 6 -> best_THETA conf=0.7344 rank=2
[  54] best_single    score= 0.5629 origin=agent    iters=6 stop=no new information in 3 consecutive turns
         TEST  smape=0.2401  rmse=1510.5177  pocid=63.64  mape=0.2071  | FLOOR smape=0.2612
         laya iter 1 -> best_ONLY_FT_catboost conf=0.1529 rank=1
         laya iter 2 -> best_ONLY_FT_catboost conf=0.7074 rank=1
         laya iter 3 -> best_THETA conf=0.2553 rank=4
         laya iter 4 -> best_THETA conf=0.4083 rank=4
         laya iter 5 -> trimmed_mean_stable7 conf=0.1652 rank=2
         laya iter 6 -> trimmed_mean_stable7 conf=0.9169 rank=2
[  55] dba            score= 0.4742 origin=baseline iters=6 stop=no new information in 3 consecutive turns
         TEST  smape=0.1207  rmse=698.3422  pocid=54.55  mape=0.1114  | FLOOR smape=0.1207
         laya iter 1 -> trimmed_mean_stable7 conf=0.3169 rank=7
         laya iter 2 -> trimmed_mean_stable7 conf=0.6566 rank=7
         laya iter 3 -> trimmed_mean_full conf=0.2971 rank=2
         laya iter 4 -> trimmed_mean_full conf=0.7363 rank=2
         laya iter 5 -> trimmed_mean_stable9 conf=0.3589 rank=6
         laya iter 6 -> trimmed_mean_stable9 conf=0.8674 rank=6
[  56] best_single    score= 0.5531 origin=agent    iters=4 stop=no new information in 3 consecutive turns
         TEST  smape=0.1575  rmse=366.8919  pocid=54.55  mape=0.1755  | FLOOR smape=0.1550
         laya iter 1 -> best_ONLY_DWT_catboost conf=0.2326 rank=1
         laya iter 2 -> best_ONLY_DWT_catboost conf=1.0 rank=1
         laya iter 3 -> trimmed_mean_stable7 conf=0.2145 rank=7
         laya iter 4 -> trimmed_mean_stable7 conf=0.4585 rank=7
[  57] best_single    score= 0.5818 origin=agent    iters=7 stop=laya_accept
         TEST  smape=0.2945  rmse=5234.2037  pocid=72.73  mape=0.2832  | FLOOR smape=0.3214
         laya iter 1 -> best_ONLY_CWT_rf conf=0.2556 rank=1
         laya iter 2 -> best_ONLY_FT_rf conf=0.8863 rank=1
         laya iter 3 -> best_ONLY_FT_rf conf=0.8106 rank=1
         laya iter 4 -> best_ONLY_CWT_rf conf=0.7826 rank=2
         laya iter 5 -> best_CWT_catboost conf=0.1812 rank=3
         laya iter 6 -> best_CWT_catboost conf=0.5249 rank=3
[  58] best_single    score= 0.6832 origin=agent    iters=6 stop=no new information in 3 consecutive turns
         TEST  smape=0.1428  rmse=71.5079  pocid=45.45  mape=0.1423  | FLOOR smape=0.1508
         laya iter 1 -> best_NaiveMovingAverage conf=0.5883 rank=1
         laya iter 2 -> best_NaiveMovingAverage conf=1.0 rank=1
         laya iter 3 -> best_ONLY_CWT_catboost conf=0.5247 rank=2
         laya iter 4 -> best_ONLY_CWT_catboost conf=0.9282 rank=2
         laya iter 5 -> trimmed_mean_stable7 conf=0.1623 rank=4
         laya iter 6 -> trimmed_mean_stable7 conf=0.9148 rank=4
[  59] best_single    score= 0.6245 origin=agent    iters=12 stop=iteration_budget_exhausted
         TEST  smape=0.2811  rmse=2274.2440  pocid=18.18  mape=0.2376  | FLOOR smape=0.2581
         laya iter 1 -> best_NaiveMovingAverage conf=0.8481 rank=1
         laya iter 2 -> best_NaiveMovingAverage conf=1.0 rank=1
         laya iter 3 -> best_ARIMA conf=0.2608 rank=1
         laya iter 4 -> best_ARIMA conf=0.6087 rank=1
         laya iter 5 -> best_rf conf=0.2478 rank=4
         laya iter 6 -> best_rf conf=0.7725 rank=4
         laya iter 7 -> median_top5 conf=0.1389 rank=11
         laya iter 8 -> median_top5 conf=0.83 rank=11
         laya iter 9 -> trimmed_mean_full conf=0.3776 rank=4
         laya iter 10 -> trimmed_mean_full conf=0.9535 rank=4
         laya iter 11 -> trimmed_mean_prune conf=0.5937 rank=7
         laya iter 12 -> trimmed_mean_prune conf=0.9992 rank=7
[  60] best_single    score= 0.5780 origin=agent    iters=7 stop=laya_accept
         TEST  smape=0.0429  rmse=5624.0026  pocid=72.73  mape=0.0420  | FLOOR smape=0.0323
         laya iter 1 -> best_ONLY_CWT_rf conf=0.637 rank=1
         laya iter 2 -> best_ONLY_CWT_rf conf=0.9934 rank=1
         laya iter 3 -> best_ETS conf=0.4693 rank=1
         laya iter 4 -> best_ETS conf=0.9954 rank=1
         laya iter 5 -> best_THETA conf=0.2409 rank=1
         laya iter 6 -> best_THETA conf=0.3077 rank=1
[  61] best_single    score= 0.5823 origin=agent    iters=8 stop=no new information in 3 consecutive turns
         TEST  smape=0.2666  rmse=6281.7458  pocid=63.64  mape=0.2328  | FLOOR smape=0.3027
         laya iter 1 -> best_ONLY_CWT_rf conf=0.1896 rank=1
         laya iter 2 -> best_ONLY_CWT_rf conf=1.0 rank=1
         laya iter 3 -> best_DWT_rf conf=0.4268 rank=2
         laya iter 4 -> best_DWT_rf conf=0.7069 rank=2
         laya iter 5 -> best_FT_catboost conf=0.2131 rank=2
         laya iter 6 -> best_FT_catboost conf=0.9955 rank=2
         laya iter 7 -> trimmed_mean_stable7 conf=0.1634 rank=10
         laya iter 8 -> trimmed_mean_stable7 conf=0.7112 rank=10
[  62] dba            score= 0.6710 origin=baseline iters=6 stop=no new information in 3 consecutive turns
         TEST  smape=0.1001  rmse=14267.5998  pocid=36.36  mape=0.1067  | FLOOR smape=0.1001
         laya iter 1 -> best_ONLY_DWT_catboost conf=0.48 rank=4
         laya iter 2 -> best_ONLY_DWT_catboost conf=0.9392 rank=4
         laya iter 3 -> best_ETS conf=0.4784 rank=10
         laya iter 4 -> best_ETS conf=0.8812 rank=10
         laya iter 5 -> trimmed_mean_stable7 conf=0.2461 rank=5
         laya iter 6 -> trimmed_mean_stable7 conf=0.9037 rank=5
[  63] best_single    score= 0.5092 origin=agent    iters=12 stop=iteration_budget_exhausted
         TEST  smape=0.3604  rmse=4923.5091  pocid=27.27  mape=0.3036  | FLOOR smape=0.2984
         laya iter 1 -> best_NaiveMovingAverage conf=0.9983 rank=3
         laya iter 2 -> best_NaiveMovingAverage conf=1.0 rank=3
         laya iter 3 -> best_ARIMA conf=0.7207 rank=1
         laya iter 4 -> best_ARIMA conf=0.9777 rank=1
         laya iter 5 -> trimmed_mean_top5 conf=0.1432 rank=7
         laya iter 6 -> trimmed_mean_top5 conf=0.7727 rank=7
         laya iter 7 -> trimmed_mean_prune conf=0.4475 rank=12
         laya iter 8 -> trimmed_mean_prune conf=0.9383 rank=12
         laya iter 9 -> trimmed_mean_full conf=0.575 rank=12
         laya iter 10 -> trimmed_mean_full conf=0.8731 rank=12
         laya iter 11 -> best_CWT_catboost conf=0.3502 rank=9
         laya iter 12 -> best_CWT_catboost conf=0.9998 rank=9
[  64] mean           score= 0.6485 origin=baseline iters=3 stop=no new information in 3 consecutive turns
         TEST  smape=0.4520  rmse=27.9583  pocid=63.64  mape=0.6251  | FLOOR smape=0.4520
         laya iter 1 -> trimmed_mean_stable7 conf=0.2889 rank=9
         laya iter 2 -> trimmed_mean_stable7 conf=0.9844 rank=9
         laya iter 3 -> trimmed_mean_stable9 conf=0.4138 rank=7
[  65] best_single    score= 0.5248 origin=agent    iters=8 stop=no new information in 3 consecutive turns
         TEST  smape=0.0746  rmse=6862.5842  pocid=72.73  mape=0.0787  | FLOOR smape=0.1016
         laya iter 1 -> best_THETA conf=0.612 rank=1
         laya iter 2 -> best_THETA conf=1.0 rank=1
         laya iter 3 -> best_ETS conf=0.6905 rank=1
         laya iter 4 -> best_ETS conf=0.9999 rank=1
         laya iter 5 -> best_FT_catboost conf=0.4685 rank=6
         laya iter 6 -> best_FT_catboost conf=0.7598 rank=6
         laya iter 7 -> trimmed_mean_stable7 conf=0.1913 rank=5
         laya iter 8 -> trimmed_mean_stable7 conf=0.9178 rank=5
[  66] best_single    score= 0.5572 origin=agent    iters=7 stop=laya_accept
         TEST  smape=0.4399  rmse=24713.5621  pocid=27.27  mape=0.7421  | FLOOR smape=0.4457
         laya iter 1 -> best_FT_rf conf=0.6615 rank=1
         laya iter 2 -> best_FT_rf conf=0.9368 rank=1
         laya iter 3 -> best_FT_catboost conf=0.945 rank=2
         laya iter 4 -> best_FT_catboost conf=0.9586 rank=2
         laya iter 5 -> best_ONLY_CWT_catboost conf=0.2983 rank=2
         laya iter 6 -> best_ONLY_CWT_catboost conf=0.7694 rank=2
[  67] best_single    score= 0.6274 origin=agent    iters=7 stop=laya_accept
         TEST  smape=0.0384  rmse=679.9519  pocid=90.91  mape=0.0379  | FLOOR smape=0.0473
         laya iter 1 -> best_ETS conf=0.5787 rank=1
         laya iter 2 -> best_ETS conf=1.0 rank=1
         laya iter 3 -> best_FT_rf conf=0.4012 rank=5
         laya iter 4 -> best_FT_rf conf=0.9909 rank=5
         laya iter 5 -> best_THETA conf=0.2049 rank=1
         laya iter 6 -> best_THETA conf=0.9394 rank=1
[  68] best_single    score= 0.5070 origin=agent    iters=8 stop=no new information in 3 consecutive turns
         TEST  smape=0.0866  rmse=5574.6704  pocid=90.91  mape=0.0909  | FLOOR smape=0.1450
         laya iter 1 -> best_ONLY_FT_rf conf=0.6211 rank=6
         laya iter 2 -> best_ONLY_FT_rf conf=0.9996 rank=6
         laya iter 3 -> best_ETS conf=0.5485 rank=1
         laya iter 4 -> best_ETS conf=0.8851 rank=1
         laya iter 5 -> best_THETA conf=0.2378 rank=1
         laya iter 6 -> best_THETA conf=0.6114 rank=1
         laya iter 7 -> trimmed_mean_stable7 conf=0.221 rank=9
         laya iter 8 -> trimmed_mean_stable7 conf=0.5549 rank=9
[  69] best_single    score= 0.5607 origin=agent    iters=6 stop=no new information in 3 consecutive turns
         TEST  smape=0.9291  rmse=1635.2867  pocid=81.82  mape=1.2997  | FLOOR smape=0.9523
         laya iter 1 -> best_ONLY_FT_rf conf=0.4751 rank=1
         laya iter 2 -> best_ONLY_FT_rf conf=0.9998 rank=1
         laya iter 3 -> best_NaiveMovingAverage conf=0.4207 rank=2
         laya iter 4 -> best_NaiveMovingAverage conf=0.9211 rank=2
         laya iter 5 -> trimmed_mean_stable7 conf=0.2327 rank=6
         laya iter 6 -> trimmed_mean_stable7 conf=0.9301 rank=6
[  70] best_single    score= 0.6536 origin=agent    iters=7 stop=laya_accept
         TEST  smape=0.1272  rmse=5519.7116  pocid=54.55  mape=0.1214  | FLOOR smape=0.1397
         laya iter 1 -> best_ONLY_DWT_rf conf=0.6373 rank=1
         laya iter 2 -> best_ONLY_DWT_rf conf=0.9927 rank=1
         laya iter 3 -> best_DWT_rf conf=0.6475 rank=1
         laya iter 4 -> best_FT_catboost conf=0.5367 rank=3
         laya iter 5 -> best_FT_catboost conf=0.9505 rank=3
         laya iter 6 -> best_DWT_rf conf=0.4984 rank=1
[  71] trimmed_mean   score= 0.6224 origin=baseline iters=3 stop=no new information in 3 consecutive turns
         TEST  smape=0.2199  rmse=6568.6229  pocid=45.45  mape=0.1854  | FLOOR smape=0.2199
         laya iter 1 -> trimmed_mean_stable7 conf=0.3129 rank=2
         laya iter 2 -> trimmed_mean_stable7 conf=0.9608 rank=2
         laya iter 3 -> trimmed_mean_stable9 conf=0.5923 rank=4
[  72] dba            score= 0.6517 origin=baseline iters=7 stop=laya_accept
         TEST  smape=0.0342  rmse=11665.6296  pocid=36.36  mape=0.0342  | FLOOR smape=0.0342
         laya iter 1 -> best_ONLY_FT_rf conf=0.7832 rank=3
         laya iter 2 -> best_ONLY_FT_rf conf=0.9983 rank=3
         laya iter 3 -> best_ETS conf=0.6169 rank=3
         laya iter 4 -> best_ETS conf=0.9896 rank=3
         laya iter 5 -> best_THETA conf=0.2315 rank=3
         laya iter 6 -> best_THETA conf=0.8966 rank=3
[  73] best_single    score= 0.6221 origin=agent    iters=7 stop=laya_accept
         TEST  smape=0.0948  rmse=41563.8480  pocid=63.64  mape=0.1009  | FLOOR smape=0.0870
         laya iter 1 -> best_DWT_rf conf=0.4034 rank=10
         laya iter 2 -> best_DWT_rf conf=0.9837 rank=10
         laya iter 3 -> best_CWT_rf conf=0.7559 rank=11
         laya iter 4 -> best_CWT_rf conf=0.7403 rank=11
         laya iter 5 -> best_rf conf=0.3151 rank=1
         laya iter 6 -> best_rf conf=0.8252 rank=1
[  74] best_single    score= 0.6221 origin=agent    iters=7 stop=laya_accept
         TEST  smape=0.1235  rmse=7302.4323  pocid=36.36  mape=0.1336  | FLOOR smape=0.1027
         laya iter 1 -> best_ONLY_DWT_catboost conf=0.7124 rank=3
         laya iter 2 -> best_ONLY_DWT_catboost conf=0.9353 rank=3
         laya iter 3 -> best_ONLY_CWT_rf conf=0.8099 rank=1
         laya iter 4 -> best_ONLY_CWT_rf conf=0.9594 rank=1
         laya iter 5 -> best_CWT_rf conf=0.4842 rank=2
         laya iter 6 -> best_CWT_rf conf=0.4335 rank=2
[  75] best_single    score= 0.5743 origin=agent    iters=7 stop=laya_accept
         TEST  smape=0.0919  rmse=1326.4462  pocid=72.73  mape=0.0870  | FLOOR smape=0.0775
         laya iter 1 -> best_ONLY_DWT_rf conf=0.6618 rank=4
         laya iter 2 -> best_ONLY_DWT_rf conf=0.9998 rank=4
         laya iter 3 -> best_DWT_rf conf=0.3278 rank=1
         laya iter 4 -> best_DWT_rf conf=0.6808 rank=1
         laya iter 5 -> best_CWT_catboost conf=0.3862 rank=1
         laya iter 6 -> best_CWT_catboost conf=0.5454 rank=1
[  76] trimmed_mean   score= 0.5776 origin=baseline iters=3 stop=no new information in 3 consecutive turns
         TEST  smape=0.0412  rmse=10589.9400  pocid=45.45  mape=0.0413  | FLOOR smape=0.0412
         laya iter 1 -> trimmed_mean_stable7 conf=0.2967 rank=2
         laya iter 2 -> trimmed_mean_stable7 conf=0.9913 rank=2
         laya iter 3 -> trimmed_mean_stable9 conf=0.6772 rank=6
[  77] best_single    score= 0.5462 origin=agent    iters=12 stop=iteration_budget_exhausted
         TEST  smape=1.5608  rmse=3381.5789  pocid=72.73  mape=23.7642  | FLOOR smape=1.1166
         laya iter 1 -> best_catboost conf=0.1357 rank=1
         laya iter 2 -> best_catboost conf=0.9956 rank=1
         laya iter 3 -> best_ARIMA conf=0.3086 rank=3
         laya iter 4 -> best_ARIMA conf=0.6623 rank=3
         laya iter 5 -> best_rf conf=0.2938 rank=1
         laya iter 6 -> best_rf conf=0.7284 rank=1
         laya iter 7 -> trimmed_mean_top5 conf=0.151 rank=10
         laya iter 8 -> trimmed_mean_top5 conf=0.9856 rank=10
         laya iter 9 -> trimmed_mean_prune conf=0.8562 rank=13
         laya iter 10 -> trimmed_mean_prune conf=0.9858 rank=13
         laya iter 11 -> trimmed_mean_full conf=0.8487 rank=5
         laya iter 12 -> trimmed_mean_full conf=0.9241 rank=5
[  78] best_single    score= 0.6574 origin=agent    iters=4 stop=no new information in 3 consecutive turns
         TEST  smape=0.3984  rmse=25.9351  pocid=45.45  mape=0.6224  | FLOOR smape=0.3944
         laya iter 1 -> best_ONLY_CWT_catboost conf=0.1418 rank=1
         laya iter 2 -> best_ONLY_CWT_catboost conf=0.9948 rank=1
         laya iter 3 -> trimmed_mean_stable7 conf=0.3054 rank=5
         laya iter 4 -> trimmed_mean_stable7 conf=0.942 rank=5
[  79] best_single    score= 0.5894 origin=agent    iters=8 stop=no new information in 3 consecutive turns
         TEST  smape=0.0660  rmse=19801.2922  pocid=72.73  mape=0.0684  | FLOOR smape=0.0659
         laya iter 1 -> best_FT_rf conf=0.3769 rank=1
         laya iter 2 -> best_FT_rf conf=0.7708 rank=1
         laya iter 3 -> best_ONLY_DWT_rf conf=0.5868 rank=2
         laya iter 4 -> best_ONLY_DWT_rf conf=0.9887 rank=2
         laya iter 5 -> best_DWT_rf conf=0.2355 rank=3
         laya iter 6 -> best_DWT_rf conf=0.5356 rank=3
         laya iter 7 -> trimmed_mean_stable7 conf=0.4601 rank=5
         laya iter 8 -> trimmed_mean_stable7 conf=0.9618 rank=5
[  80] median         score= 0.5373 origin=agent    iters=12 stop=iteration_budget_exhausted
         TEST  smape=0.2588  rmse=21119.7127  pocid=72.73  mape=0.2288  | FLOOR smape=0.2088
         laya iter 1 -> best_FT_catboost conf=0.7924 rank=1
         laya iter 2 -> best_FT_catboost conf=0.8635 rank=1
         laya iter 3 -> best_NaiveMovingAverage conf=0.7782 rank=2
         laya iter 4 -> best_NaiveMovingAverage conf=0.9997 rank=2
         laya iter 5 -> best_ONLY_FT_rf conf=0.666 rank=2
         laya iter 6 -> best_ONLY_FT_rf conf=0.7138 rank=2
         laya iter 7 -> median_prune conf=0.1996 rank=13
         laya iter 8 -> median_top5 conf=0.7793 rank=1
         laya iter 9 -> median_top5 conf=0.5899 rank=1
         laya iter 10 -> trimmed_mean_prune conf=0.2852 rank=14
         laya iter 11 -> trimmed_mean_prune conf=0.7594 rank=14
         laya iter 12 -> trimmed_mean_full conf=0.6222 rank=8
[  81] best_single    score= 0.6121 origin=agent    iters=12 stop=iteration_budget_exhausted
         TEST  smape=0.2496  rmse=1207.8589  pocid=54.55  mape=0.2888  | FLOOR smape=0.2884
         laya iter 1 -> best_NaiveMovingAverage conf=0.4567 rank=1
         laya iter 2 -> best_NaiveMovingAverage conf=1.0 rank=1
         laya iter 3 -> best_ETS conf=0.4908 rank=1
         laya iter 4 -> best_ETS conf=0.9998 rank=1
         laya iter 5 -> best_THETA conf=0.112 rank=3
         laya iter 6 -> best_THETA conf=0.2946 rank=3
         laya iter 7 -> trimmed_mean_top5 conf=0.1107 rank=5
         laya iter 8 -> trimmed_mean_top5 conf=0.966 rank=5
         laya iter 9 -> trimmed_mean_full conf=0.8316 rank=11
         laya iter 10 -> trimmed_mean_full conf=0.9413 rank=11
         laya iter 11 -> trimmed_mean_prune conf=0.8779 rank=14
         laya iter 12 -> trimmed_mean_prune conf=0.9997 rank=14
[  82] best_single    score= 0.6250 origin=agent    iters=6 stop=no new information in 3 consecutive turns
         TEST  smape=0.5854  rmse=26.4483  pocid=27.27  mape=0.8273  | FLOOR smape=0.4143
         laya iter 1 -> best_ONLY_FT_catboost conf=0.6025 rank=1
         laya iter 2 -> best_ONLY_FT_catboost conf=0.9829 rank=1
         laya iter 3 -> best_FT_catboost conf=0.9042 rank=3
         laya iter 4 -> best_FT_catboost conf=0.9126 rank=3
         laya iter 5 -> trimmed_mean_stable7 conf=0.2411 rank=5
         laya iter 6 -> trimmed_mean_stable7 conf=0.8222 rank=5
[  83] dba            score= 0.6201 origin=baseline iters=3 stop=no new information in 3 consecutive turns
         TEST  smape=0.0401  rmse=3073.0864  pocid=72.73  mape=0.0412  | FLOOR smape=0.0401
         laya iter 1 -> trimmed_mean_stable7 conf=0.1896 rank=7
         laya iter 2 -> trimmed_mean_stable7 conf=0.7858 rank=7
         laya iter 3 -> trimmed_mean_stable5 conf=0.3312 rank=8
[  84] best_single    score= 0.4971 origin=agent    iters=8 stop=no new information in 3 consecutive turns
         TEST  smape=0.0314  rmse=1382.1013  pocid=63.64  mape=0.0311  | FLOOR smape=0.0389
         laya iter 1 -> best_FT_catboost conf=0.4942 rank=10
         laya iter 2 -> best_FT_catboost conf=0.9725 rank=10
         laya iter 3 -> best_ETS conf=0.5093 rank=1
         laya iter 4 -> best_ETS conf=0.8378 rank=1
         laya iter 5 -> best_THETA conf=0.2808 rank=1
         laya iter 6 -> best_THETA conf=0.7787 rank=1
         laya iter 7 -> trimmed_mean_stable7 conf=0.2366 rank=6
         laya iter 8 -> trimmed_mean_stable7 conf=0.7418 rank=6
[  85] best_single    score= 0.6500 origin=agent    iters=7 stop=laya_accept
         TEST  smape=1.3326  rmse=43.4709  pocid=36.36  mape=59117553604144680.0000  | FLOOR smape=1.3540
         laya iter 1 -> best_ONLY_DWT_rf conf=0.4011 rank=1
         laya iter 2 -> best_ONLY_DWT_rf conf=0.8543 rank=1
         laya iter 3 -> best_CWT_rf conf=0.5996 rank=2
         laya iter 4 -> best_CWT_rf conf=0.8833 rank=2
         laya iter 5 -> best_rf conf=0.5255 rank=1
         laya iter 6 -> best_rf conf=0.7793 rank=1
[  86] median         score= 0.7106 origin=baseline iters=6 stop=no new information in 3 consecutive turns
         TEST  smape=0.6998  rmse=2408.6065  pocid=54.55  mape=0.5351  | FLOOR smape=0.6998
         laya iter 1 -> best_ONLY_CWT_catboost conf=0.6395 rank=4
         laya iter 2 -> best_ONLY_CWT_catboost conf=0.9799 rank=4
         laya iter 3 -> best_ONLY_CWT_rf conf=0.7026 rank=11
         laya iter 4 -> best_ONLY_CWT_rf conf=0.8588 rank=11
         laya iter 5 -> trimmed_mean_stable7 conf=0.2946 rank=9
         laya iter 6 -> trimmed_mean_stable7 conf=0.9802 rank=9
[  87] best_single    score= 0.5521 origin=agent    iters=7 stop=laya_accept
         TEST  smape=0.0550  rmse=8232.5285  pocid=81.82  mape=0.0538  | FLOOR smape=0.0439
         laya iter 1 -> best_ONLY_CWT_catboost conf=0.474 rank=2
         laya iter 2 -> best_ONLY_CWT_catboost conf=0.984 rank=2
         laya iter 3 -> best_ETS conf=0.463 rank=1
         laya iter 4 -> best_ETS conf=0.9959 rank=1
         laya iter 5 -> best_THETA conf=0.2751 rank=1
         laya iter 6 -> best_THETA conf=0.7718 rank=1
[  88] best_single    score= 0.5538 origin=agent    iters=7 stop=laya_accept
         TEST  smape=0.0971  rmse=2009.0050  pocid=54.55  mape=0.0939  | FLOOR smape=0.2286
         laya iter 1 -> best_FT_catboost conf=0.3548 rank=1
         laya iter 2 -> best_FT_catboost conf=0.9997 rank=1
         laya iter 3 -> best_ONLY_FT_catboost conf=0.7176 rank=2
         laya iter 4 -> best_ONLY_FT_rf conf=0.8041 rank=3
         laya iter 5 -> best_ONLY_FT_catboost conf=0.7403 rank=2
         laya iter 6 -> best_ONLY_FT_rf conf=0.5132 rank=3
[  89] best_single    score= 0.6024 origin=agent    iters=7 stop=laya_accept
         TEST  smape=0.3604  rmse=4399.5600  pocid=27.27  mape=0.5619  | FLOOR smape=0.3305
         laya iter 1 -> best_NaiveMovingAverage conf=0.455 rank=9
         laya iter 2 -> best_NaiveMovingAverage conf=1.0 rank=9
         laya iter 3 -> best_ETS conf=0.2774 rank=2
         laya iter 4 -> best_ETS conf=0.9293 rank=2
         laya iter 5 -> best_ONLY_FT_catboost conf=0.2529 rank=1
         laya iter 6 -> best_ONLY_FT_catboost conf=0.8545 rank=1
[  90] best_single    score= 0.6022 origin=agent    iters=7 stop=laya_accept
         TEST  smape=0.9613  rmse=840.7238  pocid=81.82  mape=0.6178  | FLOOR smape=0.9555
         laya iter 1 -> best_ONLY_FT_catboost conf=0.6732 rank=1
         laya iter 2 -> best_ONLY_FT_catboost conf=1.0 rank=1
         laya iter 3 -> best_FT_rf conf=0.844 rank=1
         laya iter 4 -> best_FT_rf conf=0.9902 rank=1
         laya iter 5 -> best_DWT_rf conf=0.4855 rank=2
         laya iter 6 -> best_DWT_rf conf=0.7171 rank=2
[  91] dba            score= 0.6106 origin=baseline iters=8 stop=no new information in 3 consecutive turns
         TEST  smape=0.0423  rmse=848.1501  pocid=63.64  mape=0.0436  | FLOOR smape=0.0423
         laya iter 1 -> best_FT_rf conf=0.3783 rank=10
         laya iter 2 -> best_FT_rf conf=0.9762 rank=10
         laya iter 3 -> best_CWT_catboost conf=0.6719 rank=11
         laya iter 4 -> best_CWT_catboost conf=0.7473 rank=11
         laya iter 5 -> best_THETA conf=0.2005 rank=10
         laya iter 6 -> best_THETA conf=0.502 rank=10
         laya iter 7 -> trimmed_mean_stable7 conf=0.1489 rank=9
         laya iter 8 -> trimmed_mean_stable7 conf=0.5582 rank=9
[  92] best_single    score= 0.5472 origin=agent    iters=7 stop=laya_accept
         TEST  smape=0.6546  rmse=19.7570  pocid=18.18  mape=10160423202333814.0000  | FLOOR smape=0.6326
         laya iter 1 -> best_DWT_rf conf=0.542 rank=1
         laya iter 2 -> best_DWT_rf conf=0.7539 rank=1
         laya iter 3 -> best_FT_rf conf=0.8921 rank=2
         laya iter 4 -> best_FT_rf conf=0.9456 rank=2
         laya iter 5 -> best_ONLY_DWT_rf conf=0.742 rank=2
         laya iter 6 -> best_ONLY_DWT_rf conf=0.9184 rank=2
[  93] best_single    score= 0.6392 origin=agent    iters=8 stop=no new information in 3 consecutive turns
         TEST  smape=0.4517  rmse=44.4098  pocid=36.36  mape=0.3891  | FLOOR smape=0.5194
         laya iter 1 -> best_ONLY_FT_catboost conf=0.2363 rank=1
         laya iter 2 -> best_ONLY_FT_catboost conf=0.9997 rank=1
         laya iter 3 -> best_rf conf=0.3024 rank=11
         laya iter 4 -> best_rf conf=0.6866 rank=11
         laya iter 5 -> best_catboost conf=0.2759 rank=8
         laya iter 6 -> best_catboost conf=0.6272 rank=8
         laya iter 7 -> trimmed_mean_stable9 conf=0.1789 rank=4
         laya iter 8 -> trimmed_mean_stable9 conf=0.8896 rank=4
[  94] best_single    score= 0.4545 origin=agent    iters=4 stop=no new information in 3 consecutive turns
         TEST  smape=0.0436  rmse=4492.4700  pocid=72.73  mape=0.0428  | FLOOR smape=0.0383
         laya iter 1 -> best_ETS conf=0.4554 rank=1
         laya iter 2 -> best_ETS conf=0.9976 rank=1
         laya iter 3 -> trimmed_mean_stable7 conf=0.265 rank=8
         laya iter 4 -> trimmed_mean_stable7 conf=0.7198 rank=8
[  95] best_single    score= 0.5261 origin=agent    iters=8 stop=no new information in 3 consecutive turns
         TEST  smape=0.0343  rmse=1466.2309  pocid=81.82  mape=0.0341  | FLOOR smape=0.0354
         laya iter 1 -> best_ETS conf=0.5015 rank=1
         laya iter 2 -> best_ETS conf=1.0 rank=1
         laya iter 3 -> best_ONLY_CWT_catboost conf=0.7661 rank=3
         laya iter 4 -> best_ONLY_CWT_catboost conf=0.9861 rank=3
         laya iter 5 -> best_THETA conf=0.2633 rank=1
         laya iter 6 -> best_THETA conf=0.871 rank=1
         laya iter 7 -> trimmed_mean_stable7 conf=0.2257 rank=5
         laya iter 8 -> trimmed_mean_stable7 conf=0.5668 rank=5
[  96] best_single    score= 0.4064 origin=agent    iters=12 stop=no new information in 3 consecutive turns
         TEST  smape=0.0441  rmse=2856.8041  pocid=54.55  mape=0.0453  | FLOOR smape=0.0448
         laya iter 1 -> best_ETS conf=0.1935 rank=1
         laya iter 2 -> best_ETS conf=1.0 rank=1
         laya iter 3 -> best_ARIMA conf=0.1764 rank=1
         laya iter 4 -> best_ARIMA conf=0.9415 rank=1
         laya iter 5 -> best_THETA conf=0.2252 rank=3
         laya iter 6 -> best_THETA conf=0.5445 rank=3
         laya iter 7 -> trimmed_mean_prune conf=0.1499 rank=10
         laya iter 8 -> trimmed_mean_prune conf=0.8756 rank=10
         laya iter 9 -> trimmed_mean_full conf=0.8823 rank=12
         laya iter 10 -> trimmed_mean_full conf=0.9941 rank=12
         laya iter 11 -> trimmed_mean_stable9 conf=0.2972 rank=8
         laya iter 12 -> trimmed_mean_stable9 conf=0.8381 rank=8
[  97] best_single    score= 0.4827 origin=agent    iters=8 stop=no new information in 3 consecutive turns
         TEST  smape=0.0297  rmse=514.6628  pocid=63.64  mape=0.0305  | FLOOR smape=0.0405
         laya iter 1 -> best_ONLY_DWT_catboost conf=0.619 rank=1
         laya iter 2 -> best_ONLY_DWT_catboost conf=0.7169 rank=1
         laya iter 3 -> best_ETS conf=0.7029 rank=1
         laya iter 4 -> best_ETS conf=0.994 rank=1
         laya iter 5 -> best_THETA conf=0.2571 rank=1
         laya iter 6 -> best_THETA conf=0.3565 rank=1
         laya iter 7 -> trimmed_mean_stable7 conf=0.3089 rank=8
         laya iter 8 -> trimmed_mean_stable7 conf=0.7349 rank=8
[  98] best_single    score= 0.6543 origin=agent    iters=7 stop=laya_accept
         TEST  smape=0.3492  rmse=23.3770  pocid=36.36  mape=0.3856  | FLOOR smape=0.2995
         laya iter 1 -> best_ONLY_CWT_catboost conf=0.1629 rank=1
         laya iter 2 -> best_ONLY_CWT_catboost conf=0.9651 rank=1
         laya iter 3 -> best_DWT_catboost conf=0.4104 rank=1
         laya iter 4 -> best_DWT_catboost conf=0.6607 rank=1
         laya iter 5 -> best_CWT_catboost conf=0.3512 rank=3
         laya iter 6 -> best_CWT_catboost conf=0.2144 rank=3
[  99] dba            score= 0.6373 origin=baseline iters=3 stop=no new information in 3 consecutive turns
         TEST  smape=0.0572  rmse=23571.2345  pocid=63.64  mape=0.0586  | FLOOR smape=0.0572
         laya iter 1 -> trimmed_mean_stable7 conf=0.3813 rank=7
         laya iter 2 -> trimmed_mean_stable7 conf=0.6637 rank=7
         laya iter 3 -> trimmed_mean_stable9 conf=0.3738 rank=5
[ 100] best_single    score= 0.6453 origin=agent    iters=7 stop=laya_accept
         TEST  smape=0.1429  rmse=2013.2417  pocid=45.45  mape=0.1460  | FLOOR smape=0.1284
         laya iter 1 -> best_FT_catboost conf=0.2511 rank=1
         laya iter 2 -> best_FT_catboost conf=0.998 rank=1
         laya iter 3 -> best_rf conf=0.5188 rank=2
         laya iter 4 -> best_rf conf=0.8111 rank=2
         laya iter 5 -> best_ARIMA conf=0.2186 rank=11
         laya iter 6 -> best_ARIMA conf=0.8536 rank=11
[ 101] best_single    score= 0.4491 origin=agent    iters=8 stop=no new information in 3 consecutive turns
         TEST  smape=0.4978  rmse=1952.4871  pocid=27.27  mape=0.3939  | FLOOR smape=0.4370
         laya iter 1 -> best_NaiveMovingAverage conf=0.12 rank=1
         laya iter 2 -> best_NaiveMovingAverage conf=1.0 rank=1
         laya iter 3 -> best_CWT_catboost conf=0.2419 rank=1
         laya iter 4 -> best_CWT_catboost conf=0.2924 rank=1
         laya iter 5 -> median_stable9 conf=0.1208 rank=3
         laya iter 6 -> trimmed_mean_stable9 conf=0.2784 rank=4
         laya iter 7 -> trimmed_mean_stable9 conf=0.3661 rank=4
         laya iter 8 -> trimmed_mean_stable7 conf=0.2986 rank=6
[ 102] best_single    score= 0.6202 origin=agent    iters=7 stop=laya_accept
         TEST  smape=0.4452  rmse=10725.8392  pocid=54.55  mape=0.3463  | FLOOR smape=0.4447
         laya iter 1 -> best_ONLY_DWT_rf conf=0.5613 rank=1
         laya iter 2 -> best_ONLY_DWT_rf conf=0.9999 rank=1
         laya iter 3 -> best_FT_rf conf=0.7941 rank=1
         laya iter 4 -> best_FT_rf conf=0.9336 rank=1
         laya iter 5 -> best_DWT_rf conf=0.8193 rank=6
         laya iter 6 -> best_DWT_rf conf=0.7317 rank=6
[ 103] best_single    score= 0.5378 origin=agent    iters=6 stop=no new information in 3 consecutive turns
         TEST  smape=0.0282  rmse=8410.9579  pocid=72.73  mape=0.0282  | FLOOR smape=0.0321
         laya iter 1 -> best_FT_catboost conf=0.5283 rank=1
         laya iter 2 -> best_FT_catboost conf=0.9937 rank=1
         laya iter 3 -> best_FT_rf conf=0.6314 rank=1
         laya iter 4 -> best_FT_rf conf=0.7653 rank=1
         laya iter 5 -> trimmed_mean_stable7 conf=0.348 rank=10
         laya iter 6 -> trimmed_mean_stable7 conf=0.7702 rank=10
[ 104] best_single    score= 0.4175 origin=agent    iters=7 stop=laya_accept
         TEST  smape=0.6327  rmse=6.1996  pocid=45.45  mape=13123752557061846.0000  | FLOOR smape=0.6929
         laya iter 1 -> best_ONLY_FT_rf conf=0.6936 rank=1
         laya iter 2 -> best_ONLY_FT_rf conf=1.0 rank=1
         laya iter 3 -> best_NaiveMovingAverage conf=0.9336 rank=2
         laya iter 4 -> best_NaiveMovingAverage conf=0.9615 rank=2
         laya iter 5 -> best_rf conf=0.1484 rank=2
         laya iter 6 -> best_rf conf=0.5403 rank=2
[ 105] best_single    score= 0.6203 origin=agent    iters=7 stop=laya_accept
         TEST  smape=0.0371  rmse=323.5446  pocid=72.73  mape=0.0365  | FLOOR smape=0.0380
         laya iter 1 -> best_ONLY_CWT_rf conf=0.2495 rank=1
         laya iter 2 -> best_ONLY_CWT_catboost conf=0.9368 rank=1
         laya iter 3 -> best_ONLY_CWT_rf conf=0.8238 rank=2
         laya iter 4 -> best_ONLY_CWT_catboost conf=0.812 rank=1
         laya iter 5 -> best_ETS conf=0.2701 rank=1
         laya iter 6 -> best_ETS conf=0.9961 rank=1
[ 106] best_single    score= 0.4712 origin=agent    iters=6 stop=no new information in 3 consecutive turns
         TEST  smape=0.0526  rmse=163.7899  pocid=81.82  mape=0.0509  | FLOOR smape=0.0383
         laya iter 1 -> best_ETS conf=0.366 rank=1
         laya iter 2 -> best_ETS conf=1.0 rank=1
         laya iter 3 -> best_DWT_rf conf=0.3267 rank=8
         laya iter 4 -> best_DWT_rf conf=0.663 rank=8
         laya iter 5 -> trimmed_mean_stable7 conf=0.1907 rank=7
         laya iter 6 -> trimmed_mean_stable7 conf=0.929 rank=7
[ 107] best_single    score= 0.5630 origin=agent    iters=8 stop=no new information in 3 consecutive turns
         TEST  smape=0.0503  rmse=1310.8805  pocid=63.64  mape=0.0494  | FLOOR smape=0.0479
         laya iter 1 -> best_DWT_rf conf=0.3876 rank=1
         laya iter 2 -> best_DWT_rf conf=0.7235 rank=1
         laya iter 3 -> best_ETS conf=0.4233 rank=1
         laya iter 4 -> best_ETS conf=0.9385 rank=1
         laya iter 5 -> best_THETA conf=0.3166 rank=1
         laya iter 6 -> best_THETA conf=0.2805 rank=1
         laya iter 7 -> trimmed_mean_stable7 conf=0.1839 rank=10
         laya iter 8 -> trimmed_mean_stable7 conf=0.3768 rank=10
[ 108] best_single    score= 0.5179 origin=agent    iters=6 stop=no new information in 3 consecutive turns
         TEST  smape=0.0325  rmse=1460.3561  pocid=81.82  mape=0.0318  | FLOOR smape=0.0252
         laya iter 1 -> best_ONLY_CWT_catboost conf=0.5048 rank=1
         laya iter 2 -> best_ONLY_CWT_catboost conf=0.9876 rank=1
         laya iter 3 -> best_ETS conf=0.3892 rank=2
         laya iter 4 -> best_ETS conf=0.9657 rank=2
         laya iter 5 -> trimmed_mean_stable7 conf=0.5448 rank=5
         laya iter 6 -> trimmed_mean_stable7 conf=0.9632 rank=5
[ 109] best_single    score= 0.5175 origin=agent    iters=12 stop=iteration_budget_exhausted
         TEST  smape=0.0343  rmse=3217.6990  pocid=72.73  mape=0.0351  | FLOOR smape=0.0301
         laya iter 1 -> best_ETS conf=0.3162 rank=1
         laya iter 2 -> best_ETS conf=0.9997 rank=1
         laya iter 3 -> best_ARIMA conf=0.247 rank=1
         laya iter 4 -> best_ARIMA conf=0.9202 rank=1
         laya iter 5 -> best_THETA conf=0.1819 rank=2
         laya iter 6 -> best_THETA conf=0.3765 rank=2
         laya iter 7 -> trimmed_mean_prune conf=0.1575 rank=3
         laya iter 8 -> trimmed_mean_prune conf=0.9952 rank=3
         laya iter 9 -> trimmed_mean_full conf=0.8914 rank=6
         laya iter 10 -> trimmed_mean_full conf=0.9694 rank=6
         laya iter 11 -> trimmed_mean_top5 conf=0.2917 rank=6
         laya iter 12 -> trimmed_mean_top5 conf=0.955 rank=6
[ 110] best_single    score= 0.5505 origin=agent    iters=12 stop=iteration_budget_exhausted
         TEST  smape=0.0702  rmse=18396.0858  pocid=81.82  mape=0.0668  | FLOOR smape=0.0561
         laya iter 1 -> best_NaiveMovingAverage conf=0.7509 rank=1
         laya iter 2 -> best_NaiveMovingAverage conf=1.0 rank=1
         laya iter 3 -> best_ETS conf=0.2415 rank=1
         laya iter 4 -> best_ETS conf=0.691 rank=1
         laya iter 5 -> trimmed_mean_top5 conf=0.2234 rank=12
         laya iter 6 -> trimmed_mean_top5 conf=0.8681 rank=12
         laya iter 7 -> trimmed_mean_prune conf=0.3287 rank=3
         laya iter 8 -> trimmed_mean_prune conf=0.9005 rank=3
         laya iter 9 -> trimmed_mean_full conf=0.6899 rank=4
         laya iter 10 -> trimmed_mean_full conf=0.8569 rank=4
         laya iter 11 -> best_THETA conf=0.5566 rank=1
         laya iter 12 -> best_THETA conf=1.0 rank=1
[ 111] best_single    score= 0.6642 origin=agent    iters=6 stop=no new information in 3 consecutive turns
         TEST  smape=0.2433  rmse=32.8290  pocid=45.45  mape=0.2805  | FLOOR smape=0.2334
         laya iter 1 -> best_ONLY_FT_rf conf=0.4557 rank=1
         laya iter 2 -> best_ONLY_FT_rf conf=1.0 rank=1
         laya iter 3 -> best_NaiveMovingAverage conf=0.8099 rank=2
         laya iter 4 -> best_NaiveMovingAverage conf=0.9992 rank=2
         laya iter 5 -> trimmed_mean_stable7 conf=0.2763 rank=3
         laya iter 6 -> trimmed_mean_stable7 conf=0.8704 rank=3
[ 112] median         score= 0.6222 origin=baseline iters=5 stop=laya_accept
         TEST  smape=0.0412  rmse=55656.8059  pocid=90.91  mape=0.0415  | FLOOR smape=0.0412
         laya iter 1 -> best_ONLY_DWT_catboost conf=0.4187 rank=3
         laya iter 2 -> best_ONLY_DWT_catboost conf=0.8614 rank=3
         laya iter 3 -> best_ONLY_DWT_rf conf=0.9168 rank=3
         laya iter 4 -> best_ONLY_DWT_rf conf=0.9609 rank=3
[ 113] best_single    score= 0.6218 origin=agent    iters=12 stop=iteration_budget_exhausted
         TEST  smape=0.1826  rmse=50.7514  pocid=63.64  mape=0.2009  | FLOOR smape=0.1842
         laya iter 1 -> best_ONLY_FT_catboost conf=0.4981 rank=3
         laya iter 2 -> best_ONLY_FT_catboost conf=0.6823 rank=3
         laya iter 3 -> best_ONLY_DWT_rf conf=0.5959 rank=1
         laya iter 4 -> best_ONLY_DWT_rf conf=0.6897 rank=1
         laya iter 5 -> best_DWT_rf conf=0.5472 rank=2
         laya iter 6 -> best_DWT_rf conf=0.5235 rank=2
         laya iter 7 -> trimmed_mean_top5 conf=0.1991 rank=6
         laya iter 8 -> trimmed_mean_top5 conf=0.9651 rank=6
         laya iter 9 -> trimmed_mean_prune conf=0.7812 rank=9
         laya iter 10 -> trimmed_mean_prune conf=0.9874 rank=9
         laya iter 11 -> trimmed_mean_full conf=0.7367 rank=10
         laya iter 12 -> trimmed_mean_full conf=0.9958 rank=10
[ 114] best_single    score= 0.5995 origin=agent    iters=12 stop=iteration_budget_exhausted
         TEST  smape=0.0415  rmse=1011.9225  pocid=36.36  mape=0.0417  | FLOOR smape=0.0493
         laya iter 1 -> best_CWT_rf conf=0.3157 rank=1
         laya iter 2 -> best_NaiveSeasonal conf=0.8744 rank=2
         laya iter 3 -> best_NaiveSeasonal conf=1.0 rank=2
         laya iter 4 -> best_CWT_rf conf=0.3264 rank=1
         laya iter 5 -> best_rf conf=0.2252 rank=1
         laya iter 6 -> best_rf conf=0.3643 rank=1
         laya iter 7 -> trimmed_mean_prune conf=0.1788 rank=12
         laya iter 8 -> trimmed_mean_prune conf=0.9566 rank=12
         laya iter 9 -> trimmed_mean_full conf=0.9147 rank=7
         laya iter 10 -> trimmed_mean_full conf=0.9686 rank=7
         laya iter 11 -> mean_prune conf=0.1977 rank=11
         laya iter 12 -> mean_prune conf=0.5574 rank=11
[ 115] best_single    score= 0.5682 origin=agent    iters=12 stop=iteration_budget_exhausted
         TEST  smape=0.5955  rmse=27.4724  pocid=45.45  mape=22041965456981600.0000  | FLOOR smape=0.5585
         laya iter 1 -> mean_top5 conf=0.2049 rank=4
         laya iter 2 -> trimmed_mean_top5 conf=0.4202 rank=7
         laya iter 3 -> trimmed_mean_top5 conf=0.3901 rank=7
         laya iter 4 -> trimmed_mean_prune conf=0.5705 rank=12
         laya iter 5 -> trimmed_mean_prune conf=0.9612 rank=12
         laya iter 6 -> best_ONLY_FT_rf conf=0.3765 rank=3
         laya iter 7 -> best_ONLY_FT_rf conf=0.8622 rank=3
         laya iter 8 -> best_rf conf=0.3144 rank=8
         laya iter 9 -> best_rf conf=0.9557 rank=8
         laya iter 10 -> trimmed_mean_full conf=0.713 rank=12
         laya iter 11 -> trimmed_mean_full conf=1.0 rank=12
         laya iter 12 -> best_catboost conf=0.6734 rank=1
[ 116] best_single    score= 0.5276 origin=agent    iters=7 stop=laya_accept
         TEST  smape=0.0726  rmse=30262.8300  pocid=72.73  mape=0.0699  | FLOOR smape=0.0569
         laya iter 1 -> best_catboost conf=0.4147 rank=1
         laya iter 2 -> best_catboost conf=0.9866 rank=1
         laya iter 3 -> best_ONLY_DWT_rf conf=0.5124 rank=3
         laya iter 4 -> best_ONLY_DWT_rf conf=0.7867 rank=3
         laya iter 5 -> best_ONLY_CWT_catboost conf=0.8884 rank=2
         laya iter 6 -> best_ONLY_CWT_catboost conf=0.9753 rank=2
[ 117] best_single    score= 0.4358 origin=agent    iters=8 stop=no new information in 3 consecutive turns
         TEST  smape=0.0344  rmse=542.7175  pocid=72.73  mape=0.0344  | FLOOR smape=0.0371
         laya iter 1 -> best_ETS conf=0.2301 rank=1
         laya iter 2 -> best_ETS conf=1.0 rank=1
         laya iter 3 -> best_THETA conf=0.2166 rank=1
         laya iter 4 -> best_THETA conf=0.8248 rank=1
         laya iter 5 -> trimmed_mean_prune conf=0.3291 rank=9
         laya iter 6 -> trimmed_mean_prune conf=0.9341 rank=9
         laya iter 7 -> trimmed_mean_stable9 conf=0.3203 rank=8
         laya iter 8 -> trimmed_mean_stable9 conf=0.7972 rank=8
[ 118] best_single    score= 0.6612 origin=agent    iters=7 stop=laya_accept
         TEST  smape=0.0372  rmse=12351.4865  pocid=54.55  mape=0.0365  | FLOOR smape=0.0440
         laya iter 1 -> best_FT_rf conf=0.2807 rank=4
         laya iter 2 -> best_FT_rf conf=0.6574 rank=4
         laya iter 3 -> best_FT_catboost conf=0.9284 rank=3
         laya iter 4 -> best_FT_catboost conf=0.8877 rank=3
         laya iter 5 -> best_ONLY_DWT_catboost conf=0.3247 rank=1
         laya iter 6 -> best_ONLY_DWT_catboost conf=0.8242 rank=1
[ 119] best_single    score= 0.5989 origin=agent    iters=8 stop=no new information in 3 consecutive turns
         TEST  smape=0.2956  rmse=4664.0933  pocid=63.64  mape=0.2374  | FLOOR smape=0.4791
         laya iter 1 -> best_CWT_rf conf=0.1565 rank=1
         laya iter 2 -> best_CWT_rf conf=0.7821 rank=1
         laya iter 3 -> best_DWT_rf conf=0.7071 rank=1
         laya iter 4 -> best_DWT_rf conf=0.845 rank=1
         laya iter 5 -> trimmed_mean_prune conf=0.2231 rank=11
         laya iter 6 -> trimmed_mean_prune conf=0.942 rank=11
         laya iter 7 -> trimmed_mean_stable7 conf=0.2755 rank=3
         laya iter 8 -> trimmed_mean_stable7 conf=0.7692 rank=3
[ 120] best_single    score= 0.5040 origin=agent    iters=12 stop=iteration_budget_exhausted
         TEST  smape=0.0345  rmse=11315.9775  pocid=72.73  mape=0.0350  | FLOOR smape=0.0351
         laya iter 1 -> best_ETS conf=0.4602 rank=1
         laya iter 2 -> best_ETS conf=1.0 rank=1
         laya iter 3 -> best_ARIMA conf=0.2181 rank=1
         laya iter 4 -> best_ARIMA conf=0.9374 rank=1
         laya iter 5 -> best_THETA conf=0.2151 rank=2
         laya iter 6 -> best_THETA conf=0.4243 rank=2
         laya iter 7 -> trimmed_mean_top5 conf=0.1731 rank=7
         laya iter 8 -> trimmed_mean_top5 conf=0.8865 rank=7
         laya iter 9 -> trimmed_mean_prune conf=0.867 rank=8
         laya iter 10 -> trimmed_mean_prune conf=0.9368 rank=8
         laya iter 11 -> trimmed_mean_full conf=0.8295 rank=4
         laya iter 12 -> trimmed_mean_full conf=0.9796 rank=4
[ 121] mean           score= 0.5881 origin=baseline iters=8 stop=no new information in 3 consecutive turns
         TEST  smape=0.0688  rmse=2714.2835  pocid=54.55  mape=0.0660  | FLOOR smape=0.0688
         laya iter 1 -> best_ETS conf=0.3687 rank=7
         laya iter 2 -> best_ETS conf=0.9999 rank=7
         laya iter 3 -> best_DWT_catboost conf=0.3723 rank=7
         laya iter 4 -> best_DWT_catboost conf=0.7987 rank=7
         laya iter 5 -> best_THETA conf=0.4 rank=8
         laya iter 6 -> best_THETA conf=0.64 rank=8
         laya iter 7 -> trimmed_mean_stable7 conf=0.254 rank=3
         laya iter 8 -> trimmed_mean_stable7 conf=0.8293 rank=3
[ 122] trimmed_mean   score= 0.6140 origin=baseline iters=3 stop=no new information in 3 consecutive turns
         TEST  smape=0.0575  rmse=8654.2656  pocid=63.64  mape=0.0550  | FLOOR smape=0.0575
         laya iter 1 -> trimmed_mean_stable7 conf=0.1661 rank=1
         laya iter 2 -> trimmed_mean_stable7 conf=0.9872 rank=1
         laya iter 3 -> trimmed_mean_stable9 conf=0.4876 rank=5
[ 123] best_single    score= 0.6038 origin=agent    iters=6 stop=no new information in 3 consecutive turns
         TEST  smape=0.0310  rmse=414.6317  pocid=81.82  mape=0.0306  | FLOOR smape=0.0373
         laya iter 1 -> best_FT_catboost conf=0.4802 rank=4
         laya iter 2 -> best_FT_catboost conf=0.9993 rank=4
         laya iter 3 -> best_ETS conf=0.2751 rank=1
         laya iter 4 -> best_ETS conf=0.9765 rank=1
         laya iter 5 -> trimmed_mean_stable7 conf=0.1452 rank=7
         laya iter 6 -> trimmed_mean_stable7 conf=0.4482 rank=7
[ 124] best_single    score= 0.6170 origin=agent    iters=7 stop=laya_accept
         TEST  smape=0.2304  rmse=10.7366  pocid=45.45  mape=0.2504  | FLOOR smape=0.2624
         laya iter 1 -> best_NaiveMovingAverage conf=0.8344 rank=1
         laya iter 2 -> best_NaiveMovingAverage conf=1.0 rank=1
         laya iter 3 -> best_ETS conf=0.4997 rank=1
         laya iter 4 -> best_ETS conf=0.9628 rank=1
         laya iter 5 -> best_THETA conf=0.2322 rank=12
         laya iter 6 -> best_THETA conf=0.494 rank=12
[ 125] best_single    score= 0.6963 origin=agent    iters=12 stop=iteration_budget_exhausted
         TEST  smape=0.3183  rmse=23.5181  pocid=54.55  mape=0.5789  | FLOOR smape=0.2661
         laya iter 1 -> best_NaiveMovingAverage conf=0.6768 rank=5
         laya iter 2 -> best_NaiveMovingAverage conf=1.0 rank=5
         laya iter 3 -> best_ONLY_FT_rf conf=0.7948 rank=3
         laya iter 4 -> best_ONLY_FT_rf conf=0.999 rank=3
         laya iter 5 -> best_catboost conf=0.304 rank=1
         laya iter 6 -> best_catboost conf=0.644 rank=1
         laya iter 7 -> trimmed_mean_top5 conf=0.2291 rank=12
         laya iter 8 -> trimmed_mean_top5 conf=0.6187 rank=12
         laya iter 9 -> trimmed_mean_full conf=0.7583 rank=5
         laya iter 10 -> trimmed_mean_full conf=0.9346 rank=5
         laya iter 11 -> trimmed_mean_prune conf=0.9162 rank=6
         laya iter 12 -> trimmed_mean_prune conf=0.9981 rank=6
[ 126] best_single    score= 0.6821 origin=agent    iters=11 stop=laya_accept
         TEST  smape=0.6607  rmse=7.4004  pocid=63.64  mape=3.8161  | FLOOR smape=0.6310
         laya iter 1 -> best_FT_rf conf=0.292 rank=1
         laya iter 2 -> best_FT_rf conf=0.981 rank=1
         laya iter 3 -> best_ONLY_CWT_rf conf=0.7362 rank=4
         laya iter 4 -> best_ONLY_CWT_rf conf=0.8479 rank=4
         laya iter 5 -> best_ARIMA conf=0.1246 rank=5
         laya iter 6 -> best_ARIMA conf=0.9203 rank=5
         laya iter 7 -> trimmed_mean_prune conf=0.1149 rank=13
         laya iter 8 -> trimmed_mean_prune conf=0.9717 rank=13
         laya iter 9 -> trimmed_mean_full conf=0.8958 rank=5
         laya iter 10 -> trimmed_mean_full conf=0.9689 rank=5
[ 127] best_single    score= 0.5122 origin=agent    iters=7 stop=laya_accept
         TEST  smape=0.0395  rmse=14081.7726  pocid=81.82  mape=0.0399  | FLOOR smape=0.0395
         laya iter 1 -> best_ONLY_CWT_rf conf=0.9114 rank=3
         laya iter 2 -> best_ONLY_CWT_rf conf=0.9903 rank=3
         laya iter 3 -> best_DWT_catboost conf=0.4345 rank=1
         laya iter 4 -> best_DWT_catboost conf=0.7203 rank=1
         laya iter 5 -> best_CWT_catboost conf=0.522 rank=2
         laya iter 6 -> best_CWT_catboost conf=0.5537 rank=2
[ 128] best_single    score= 0.5838 origin=agent    iters=6 stop=no new information in 3 consecutive turns
         TEST  smape=0.0323  rmse=295.7370  pocid=72.73  mape=0.0323  | FLOOR smape=0.0360
         laya iter 1 -> best_ONLY_CWT_catboost conf=0.2911 rank=1
         laya iter 2 -> best_THETA conf=0.6139 rank=1
         laya iter 3 -> best_ETS conf=0.5941 rank=2
         laya iter 4 -> best_ETS conf=0.9373 rank=2
         laya iter 5 -> best_ONLY_CWT_catboost conf=0.943 rank=3
         laya iter 6 -> best_THETA conf=0.5731 rank=1
[ 129] mean           score= 0.4777 origin=baseline iters=7 stop=laya_accept
         TEST  smape=0.0366  rmse=3704.4067  pocid=72.73  mape=0.0366  | FLOOR smape=0.0366
         laya iter 1 -> best_DWT_rf conf=0.7686 rank=3
         laya iter 2 -> best_DWT_rf conf=0.9833 rank=3
         laya iter 3 -> best_FT_rf conf=0.7049 rank=3
         laya iter 4 -> best_FT_rf conf=0.9324 rank=3
         laya iter 5 -> best_rf conf=0.405 rank=6
         laya iter 6 -> best_rf conf=0.6916 rank=6
[ 130] best_single    score= 0.5494 origin=agent    iters=6 stop=no new information in 3 consecutive turns
         TEST  smape=0.0533  rmse=2303.1431  pocid=81.82  mape=0.0524  | FLOOR smape=0.0515
         laya iter 1 -> best_ETS conf=0.3615 rank=1
         laya iter 2 -> best_ETS conf=1.0 rank=1
         laya iter 3 -> best_THETA conf=0.3786 rank=1
         laya iter 4 -> best_THETA conf=0.887 rank=1
         laya iter 5 -> trimmed_mean_stable7 conf=0.1782 rank=5
         laya iter 6 -> trimmed_mean_stable7 conf=0.7285 rank=5
[ 131] best_single    score= 0.5513 origin=agent    iters=12 stop=no new information in 3 consecutive turns
         TEST  smape=0.0772  rmse=3723.4972  pocid=72.73  mape=0.0738  | FLOOR smape=0.0832
         laya iter 1 -> best_FT_catboost conf=0.8987 rank=1
         laya iter 2 -> best_FT_catboost conf=0.9808 rank=1
         laya iter 3 -> best_FT_rf conf=0.733 rank=1
         laya iter 4 -> best_FT_rf conf=0.9379 rank=1
         laya iter 5 -> trimmed_mean_prune conf=0.1635 rank=10
         laya iter 6 -> trimmed_mean_prune conf=0.946 rank=10
         laya iter 7 -> median_prune conf=0.2229 rank=10
         laya iter 8 -> median_prune conf=0.6433 rank=10
         laya iter 9 -> trimmed_mean_full conf=0.4787 rank=6
         laya iter 10 -> trimmed_mean_full conf=0.9162 rank=6
         laya iter 11 -> trimmed_mean_stable7 conf=0.3155 rank=9
         laya iter 12 -> trimmed_mean_stable7 conf=0.4114 rank=9
[ 132] best_single    score= 0.6545 origin=agent    iters=12 stop=iteration_budget_exhausted
         TEST  smape=0.2245  rmse=11.6643  pocid=63.64  mape=0.2312  | FLOOR smape=0.2510
         laya iter 1 -> best_NaiveMovingAverage conf=0.5572 rank=1
         laya iter 2 -> best_NaiveMovingAverage conf=1.0 rank=1
         laya iter 3 -> best_FT_catboost conf=0.5009 rank=1
         laya iter 4 -> best_FT_catboost conf=0.6259 rank=1
         laya iter 5 -> best_THETA conf=0.2372 rank=1
         laya iter 6 -> best_THETA conf=0.4745 rank=1
         laya iter 7 -> median_top5 conf=0.154 rank=8
         laya iter 8 -> median_top5 conf=0.7165 rank=8
         laya iter 9 -> trimmed_mean_full conf=0.4097 rank=9
         laya iter 10 -> trimmed_mean_full conf=0.8725 rank=9
         laya iter 11 -> trimmed_mean_prune conf=0.7484 rank=11
         laya iter 12 -> trimmed_mean_prune conf=0.9999 rank=11
[ 133] best_single    score= 0.5465 origin=agent    iters=7 stop=laya_accept
         TEST  smape=0.1680  rmse=50.7960  pocid=72.73  mape=0.1892  | FLOOR smape=0.1799
         laya iter 1 -> best_ETS conf=0.2361 rank=1
         laya iter 2 -> best_ETS conf=1.0 rank=1
         laya iter 3 -> best_DWT_catboost conf=0.3241 rank=2
         laya iter 4 -> best_DWT_catboost conf=0.7345 rank=2
         laya iter 5 -> best_ARIMA conf=0.1467 rank=2
         laya iter 6 -> best_ARIMA conf=0.3261 rank=2
[ 134] best_single    score= 0.6165 origin=agent    iters=12 stop=no new information in 3 consecutive turns
         TEST  smape=0.0688  rmse=4182.4616  pocid=63.64  mape=0.0678  | FLOOR smape=0.0679
         laya iter 1 -> best_ONLY_DWT_catboost conf=0.9029 rank=1
         laya iter 2 -> best_ONLY_DWT_catboost conf=1.0 rank=1
         laya iter 3 -> best_ETS conf=0.4297 rank=1
         laya iter 4 -> best_ETS conf=0.9889 rank=1
         laya iter 5 -> best_FT_catboost conf=0.5719 rank=3
         laya iter 6 -> best_FT_catboost conf=0.9132 rank=3
         laya iter 7 -> trimmed_mean_prune conf=0.2477 rank=12
         laya iter 8 -> trimmed_mean_prune conf=0.9415 rank=12
         laya iter 9 -> trimmed_mean_full conf=0.7614 rank=7
         laya iter 10 -> trimmed_mean_full conf=0.9814 rank=7
         laya iter 11 -> trimmed_mean_stable7 conf=0.2418 rank=6
         laya iter 12 -> trimmed_mean_stable7 conf=0.7505 rank=6
[ 135] trimmed_mean   score= 0.6056 origin=agent    iters=7 stop=no new information in 3 consecutive turns
         TEST  smape=0.4702  rmse=13.8304  pocid=54.55  mape=0.7674  | FLOOR smape=0.4553
         laya iter 1 -> mean_top5 conf=0.1162 rank=1
         laya iter 2 -> trimmed_mean_top5 conf=0.3344 rank=1
         laya iter 3 -> trimmed_mean_top5 conf=0.8537 rank=1
         laya iter 4 -> trimmed_mean_prune conf=0.3814 rank=9
         laya iter 5 -> trimmed_mean_prune conf=0.9404 rank=9
         laya iter 6 -> trimmed_mean_stable9 conf=0.3389 rank=6
         laya iter 7 -> trimmed_mean_stable9 conf=0.6905 rank=6
[ 136] best_single    score= 0.5671 origin=agent    iters=7 stop=laya_accept
         TEST  smape=0.0524  rmse=1700.8910  pocid=81.82  mape=0.0506  | FLOOR smape=0.0479
         laya iter 1 -> best_ETS conf=0.3047 rank=1
         laya iter 2 -> best_ETS conf=0.9759 rank=1
         laya iter 3 -> best_FT_catboost conf=0.2812 rank=6
         laya iter 4 -> best_FT_catboost conf=0.4185 rank=6
         laya iter 5 -> best_THETA conf=0.1678 rank=1
         laya iter 6 -> best_THETA conf=0.8222 rank=1
[ 137] best_single    score= 0.5293 origin=agent    iters=12 stop=iteration_budget_exhausted
         TEST  smape=0.1597  rmse=14767.0565  pocid=45.45  mape=0.1467  | FLOOR smape=0.0661
         laya iter 1 -> best_ONLY_FT_rf conf=0.7018 rank=1
         laya iter 2 -> best_ONLY_FT_rf conf=1.0 rank=1
         laya iter 3 -> best_NaiveMovingAverage conf=0.9264 rank=1
         laya iter 4 -> best_NaiveMovingAverage conf=1.0 rank=1
         laya iter 5 -> median_prune conf=0.1123 rank=3
         laya iter 6 -> median_top5 conf=0.3872 rank=13
         laya iter 7 -> median_top5 conf=0.6394 rank=13
         laya iter 8 -> median_prune conf=0.332 rank=3
         laya iter 9 -> median_stable7 conf=0.6952 rank=11
         laya iter 10 -> median_stable7 conf=0.8799 rank=11
         laya iter 11 -> trimmed_mean_prune conf=0.4658 rank=3
         laya iter 12 -> trimmed_mean_full conf=0.574 rank=7
[ 138] best_single    score= 0.6088 origin=agent    iters=6 stop=no new information in 3 consecutive turns
         TEST  smape=0.4064  rmse=913.3203  pocid=72.73  mape=0.3337  | FLOOR smape=0.5755
         laya iter 1 -> best_ONLY_CWT_rf conf=0.3421 rank=1
         laya iter 2 -> best_ONLY_CWT_rf conf=0.7379 rank=1
         laya iter 3 -> best_CWT_rf conf=0.5608 rank=1
         laya iter 4 -> best_CWT_rf conf=0.695 rank=1
         laya iter 5 -> trimmed_mean_stable7 conf=0.1816 rank=10
         laya iter 6 -> trimmed_mean_stable7 conf=0.8911 rank=10
[ 139] best_single    score= 0.5680 origin=agent    iters=8 stop=no new information in 3 consecutive turns
         TEST  smape=0.0365  rmse=105.1644  pocid=72.73  mape=0.0359  | FLOOR smape=0.0340
         laya iter 1 -> best_ONLY_DWT_rf conf=0.3345 rank=2
         laya iter 2 -> best_ONLY_DWT_rf conf=0.9878 rank=2
         laya iter 3 -> best_DWT_rf conf=0.3545 rank=1
         laya iter 4 -> best_DWT_rf conf=0.6791 rank=1
         laya iter 5 -> best_DWT_catboost conf=0.3712 rank=3
         laya iter 6 -> best_DWT_catboost conf=0.5451 rank=3
         laya iter 7 -> trimmed_mean_stable7 conf=0.1963 rank=7
         laya iter 8 -> trimmed_mean_stable7 conf=0.7302 rank=7
[ 140] best_single    score= 0.4850 origin=agent    iters=8 stop=no new information in 3 consecutive turns
         TEST  smape=0.0449  rmse=3569.8511  pocid=72.73  mape=0.0454  | FLOOR smape=0.0461
         laya iter 1 -> best_THETA conf=0.1095 rank=8
         laya iter 2 -> best_THETA conf=1.0 rank=8
         laya iter 3 -> best_CWT_rf conf=0.7841 rank=1
         laya iter 4 -> best_CWT_rf conf=0.6947 rank=1
         laya iter 5 -> best_ARIMA conf=0.1333 rank=10
         laya iter 6 -> best_ARIMA conf=0.7257 rank=10
         laya iter 7 -> trimmed_mean_stable7 conf=0.1386 rank=5
         laya iter 8 -> trimmed_mean_stable7 conf=0.9662 rank=5
[ 141] best_single    score= 0.5237 origin=agent    iters=12 stop=iteration_budget_exhausted
         TEST  smape=0.2955  rmse=14.4864  pocid=72.73  mape=0.2509  | FLOOR smape=0.3280
         laya iter 1 -> best_ONLY_FT_rf conf=0.4372 rank=1
         laya iter 2 -> best_ONLY_FT_rf conf=0.9997 rank=1
         laya iter 3 -> best_ETS conf=0.5149 rank=4
         laya iter 4 -> best_ETS conf=0.8959 rank=4
         laya iter 5 -> trimmed_mean_prune conf=0.2969 rank=11
         laya iter 6 -> trimmed_mean_prune conf=0.972 rank=11
         laya iter 7 -> trimmed_mean_top5 conf=0.2899 rank=3
         laya iter 8 -> trimmed_mean_top5 conf=0.7842 rank=3
         laya iter 9 -> trimmed_mean_full conf=0.7533 rank=9
         laya iter 10 -> trimmed_mean_full conf=0.9504 rank=9
         laya iter 11 -> best_THETA conf=0.5156 rank=5
         laya iter 12 -> best_THETA conf=0.893 rank=5
[ 142] trimmed_mean   score= 0.5347 origin=baseline iters=6 stop=no new information in 3 consecutive turns
         TEST  smape=0.0688  rmse=3949.6556  pocid=72.73  mape=0.0659  | FLOOR smape=0.0688
         laya iter 1 -> best_ETS conf=0.3204 rank=3
         laya iter 2 -> best_ETS conf=1.0 rank=3
         laya iter 3 -> best_ARIMA conf=0.2174 rank=4
         laya iter 4 -> best_ARIMA conf=0.969 rank=4
         laya iter 5 -> trimmed_mean_stable7 conf=0.2743 rank=5
         laya iter 6 -> trimmed_mean_stable7 conf=0.958 rank=5
[ 143] best_single    score= 0.6448 origin=agent    iters=12 stop=iteration_budget_exhausted
         TEST  smape=0.7272  rmse=5486.9633  pocid=54.55  mape=0.5311  | FLOOR smape=0.6512
         laya iter 1 -> best_ONLY_DWT_catboost conf=0.7619 rank=2
         laya iter 2 -> best_ONLY_DWT_catboost conf=0.9894 rank=2
         laya iter 3 -> best_NaiveMovingAverage conf=0.6946 rank=1
         laya iter 4 -> best_NaiveMovingAverage conf=1.0 rank=1
         laya iter 5 -> median_top5 conf=0.1783 rank=9
         laya iter 6 -> median_top5 conf=0.8578 rank=9
         laya iter 7 -> trimmed_mean_top5 conf=0.7855 rank=9
         laya iter 8 -> trimmed_mean_top5 conf=0.9799 rank=9
         laya iter 9 -> trimmed_mean_prune conf=0.7023 rank=2
         laya iter 10 -> trimmed_mean_prune conf=0.9937 rank=2
         laya iter 11 -> trimmed_mean_full conf=0.5828 rank=4
         laya iter 12 -> trimmed_mean_full conf=0.9753 rank=4
[ 144] best_single    score= 0.4818 origin=agent    iters=8 stop=no new information in 3 consecutive turns
         TEST  smape=0.0578  rmse=6989.6960  pocid=81.82  mape=0.0556  | FLOOR smape=0.0574
         laya iter 1 -> best_CWT_rf conf=0.1669 rank=3
         laya iter 2 -> best_CWT_rf conf=0.5436 rank=3
         laya iter 3 -> best_DWT_rf conf=0.4804 rank=1
         laya iter 4 -> best_DWT_rf conf=0.6917 rank=1
         laya iter 5 -> best_CWT_catboost conf=0.3449 rank=2
         laya iter 6 -> best_CWT_catboost conf=0.6211 rank=2
         laya iter 7 -> trimmed_mean_stable7 conf=0.1935 rank=6
         laya iter 8 -> trimmed_mean_stable7 conf=0.9472 rank=6
[ 145] best_single    score= 0.6117 origin=agent    iters=12 stop=iteration_budget_exhausted
         TEST  smape=0.1671  rmse=38.9373  pocid=45.45  mape=0.1932  | FLOOR smape=0.1305
         laya iter 1 -> best_ONLY_FT_rf conf=0.2101 rank=1
         laya iter 2 -> best_ONLY_FT_rf conf=1.0 rank=1
         laya iter 3 -> best_ONLY_DWT_catboost conf=0.707 rank=2
         laya iter 4 -> best_ONLY_DWT_catboost conf=0.9137 rank=2
         laya iter 5 -> best_NaiveMovingAverage conf=0.4244 rank=4
         laya iter 6 -> best_NaiveMovingAverage conf=0.995 rank=4
         laya iter 7 -> median_prune conf=0.1768 rank=13
         laya iter 8 -> median_top5 conf=0.5413 rank=3
         laya iter 9 -> median_top5 conf=0.4472 rank=3
         laya iter 10 -> median_prune conf=0.4364 rank=14
         laya iter 11 -> median_stable7 conf=0.4237 rank=10
         laya iter 12 -> median_stable7 conf=0.6896 rank=10
[ 146] best_single    score= 0.6045 origin=agent    iters=7 stop=laya_accept
         TEST  smape=0.0628  rmse=12086.8232  pocid=72.73  mape=0.0620  | FLOOR smape=0.0636
         laya iter 1 -> best_DWT_rf conf=0.5439 rank=2
         laya iter 2 -> best_DWT_rf conf=0.8102 rank=2
         laya iter 3 -> best_ONLY_DWT_rf conf=0.8274 rank=1
         laya iter 4 -> best_ONLY_DWT_rf conf=0.9905 rank=1
         laya iter 5 -> best_ETS conf=0.5132 rank=1
         laya iter 6 -> best_ETS conf=0.9928 rank=1
[ 147] best_single    score= 0.5824 origin=agent    iters=7 stop=laya_accept
         TEST  smape=0.0718  rmse=2621.2998  pocid=90.91  mape=0.0730  | FLOOR smape=0.0712
         laya iter 1 -> best_FT_catboost conf=0.6483 rank=5
         laya iter 2 -> best_FT_catboost conf=0.9677 rank=5
         laya iter 3 -> best_FT_rf conf=0.9602 rank=1
         laya iter 4 -> best_FT_rf conf=0.8333 rank=1
         laya iter 5 -> best_ONLY_DWT_catboost conf=0.4191 rank=6
         laya iter 6 -> best_ONLY_DWT_catboost conf=0.9336 rank=6
[ 148] best_single    score= 0.5407 origin=agent    iters=9 stop=no new information in 3 consecutive turns
         TEST  smape=0.0485  rmse=194.0153  pocid=100.00  mape=0.0470  | FLOOR smape=0.0454
         laya iter 1 -> mean_top5 conf=0.257 rank=3
         laya iter 2 -> trimmed_mean_top5 conf=0.9394 rank=3
         laya iter 3 -> trimmed_mean_top5 conf=0.9894 rank=3
         laya iter 4 -> trimmed_mean_prune conf=0.7146 rank=12
         laya iter 5 -> trimmed_mean_prune conf=0.9903 rank=12
         laya iter 6 -> best_ETS conf=0.2947 rank=1
         laya iter 7 -> best_ETS conf=0.9943 rank=1
         laya iter 8 -> trimmed_mean_stable7 conf=0.3046 rank=7
         laya iter 9 -> trimmed_mean_stable7 conf=0.3836 rank=7
[ 149] dba            score= 0.6525 origin=baseline iters=6 stop=laya_accept
         TEST  smape=0.6712  rmse=16730.0623  pocid=54.55  mape=0.4969  | FLOOR smape=0.6712
         laya iter 1 -> best_NaiveMovingAverage conf=0.6457 rank=3
         laya iter 2 -> best_NaiveMovingAverage conf=1.0 rank=3
         laya iter 3 -> best_ONLY_CWT_catboost conf=0.5513 rank=2
         laya iter 4 -> best_ONLY_CWT_catboost conf=0.7167 rank=2
         laya iter 5 -> best_CWT_catboost conf=0.3829 rank=3
[ 150] best_single    score= 0.5583 origin=agent    iters=10 stop=no new information in 3 consecutive turns
         TEST  smape=0.0352  rmse=883.2094  pocid=63.64  mape=0.0346  | FLOOR smape=0.0311
         laya iter 1 -> best_ETS conf=0.2457 rank=1
         laya iter 2 -> best_ETS conf=1.0 rank=1
         laya iter 3 -> best_ARIMA conf=0.7323 rank=2
         laya iter 4 -> best_ARIMA conf=0.8703 rank=2
         laya iter 5 -> trimmed_mean_full conf=0.182 rank=6
         laya iter 6 -> trimmed_mean_full conf=0.7515 rank=6
         laya iter 7 -> trimmed_mean_prune conf=0.308 rank=6
         laya iter 8 -> trimmed_mean_prune conf=0.8653 rank=6
         laya iter 9 -> trimmed_mean_stable7 conf=0.3663 rank=11
         laya iter 10 -> trimmed_mean_stable7 conf=0.9435 rank=11
[ 151] trimmed_mean   score= 0.6335 origin=baseline iters=5 stop=laya_accept
         TEST  smape=0.0417  rmse=2503.1066  pocid=63.64  mape=0.0409  | FLOOR smape=0.0417
         laya iter 1 -> best_DWT_rf conf=0.1606 rank=4
         laya iter 2 -> best_DWT_rf conf=0.5151 rank=4
         laya iter 3 -> best_THETA conf=0.2428 rank=3
         laya iter 4 -> best_THETA conf=0.4153 rank=3
[ 152] trimmed_mean   score= 0.6138 origin=agent    iters=7 stop=no new information in 3 consecutive turns
         TEST  smape=0.0443  rmse=799.6732  pocid=72.73  mape=0.0432  | FLOOR smape=0.0434
         laya iter 1 -> mean_top5 conf=0.2561 rank=2
         laya iter 2 -> trimmed_mean_top5 conf=0.315 rank=1
         laya iter 3 -> trimmed_mean_top5 conf=0.9227 rank=1
         laya iter 4 -> trimmed_mean_prune conf=0.3737 rank=11
         laya iter 5 -> trimmed_mean_prune conf=0.6425 rank=11
         laya iter 6 -> trimmed_mean_stable7 conf=0.3505 rank=7
         laya iter 7 -> trimmed_mean_stable7 conf=0.7185 rank=7
[ 153] best_single    score= 0.5336 origin=agent    iters=7 stop=laya_accept
         TEST  smape=0.0335  rmse=28591.6236  pocid=72.73  mape=0.0330  | FLOOR smape=0.0341
         laya iter 1 -> best_ONLY_CWT_rf conf=0.7398 rank=1
         laya iter 2 -> best_ONLY_CWT_rf conf=1.0 rank=1
         laya iter 3 -> best_DWT_catboost conf=0.4637 rank=2
         laya iter 4 -> best_DWT_catboost conf=0.7095 rank=2
         laya iter 5 -> best_CWT_catboost conf=0.485 rank=1
         laya iter 6 -> best_CWT_catboost conf=0.6132 rank=1
[ 154] best_single    score= 0.6231 origin=agent    iters=7 stop=laya_accept
         TEST  smape=0.2004  rmse=5787.6167  pocid=54.55  mape=0.1809  | FLOOR smape=0.2957
         laya iter 1 -> best_ONLY_DWT_catboost conf=0.7405 rank=1
         laya iter 2 -> best_ONLY_DWT_catboost conf=0.9907 rank=1
         laya iter 3 -> best_FT_rf conf=0.9106 rank=1
         laya iter 4 -> best_FT_rf conf=0.9483 rank=1
         laya iter 5 -> best_CWT_rf conf=0.2334 rank=5
         laya iter 6 -> best_CWT_rf conf=0.5762 rank=5
[ 155] best_single    score= 0.6574 origin=agent    iters=5 stop=no new information in 3 consecutive turns
         TEST  smape=0.1067  rmse=18.4276  pocid=54.55  mape=0.1077  | FLOOR smape=0.1033
         laya iter 1 -> best_ONLY_DWT_rf conf=0.3064 rank=2
         laya iter 2 -> best_THETA conf=0.7983 rank=1
         laya iter 3 -> best_THETA conf=0.8045 rank=1
         laya iter 4 -> best_ONLY_DWT_rf conf=0.9201 rank=3
         laya iter 5 -> trimmed_mean_stable7 conf=0.2334 rank=6
[ 156] best_single    score= 0.6539 origin=agent    iters=6 stop=no new information in 3 consecutive turns
         TEST  smape=0.1422  rmse=16.9211  pocid=45.45  mape=0.1346  | FLOOR smape=0.1226
         laya iter 1 -> best_FT_rf conf=0.3321 rank=1
         laya iter 2 -> best_FT_rf conf=1.0 rank=1
         laya iter 3 -> best_ETS conf=0.5349 rank=11
         laya iter 4 -> best_ETS conf=0.9014 rank=11
         laya iter 5 -> trimmed_mean_stable7 conf=0.2063 rank=4
         laya iter 6 -> trimmed_mean_stable7 conf=0.909 rank=4
[ 157] best_single    score= 0.4427 origin=agent    iters=8 stop=no new information in 3 consecutive turns
         TEST  smape=0.3664  rmse=1221.8780  pocid=81.82  mape=0.3019  | FLOOR smape=0.3502
         laya iter 1 -> best_FT_catboost conf=0.3843 rank=1
         laya iter 2 -> best_FT_catboost conf=0.9848 rank=1
         laya iter 3 -> best_ETS conf=0.5116 rank=2
         laya iter 4 -> best_ETS conf=0.9621 rank=2
         laya iter 5 -> best_ARIMA conf=0.4278 rank=1
         laya iter 6 -> best_ARIMA conf=0.7359 rank=1
         laya iter 7 -> trimmed_mean_stable7 conf=0.2247 rank=9
         laya iter 8 -> trimmed_mean_stable7 conf=0.7542 rank=9
[ 158] best_single    score= 0.5137 origin=agent    iters=4 stop=no new information in 3 consecutive turns
         TEST  smape=0.0478  rmse=871.3012  pocid=81.82  mape=0.0465  | FLOOR smape=0.0414
         laya iter 1 -> best_ETS conf=0.4723 rank=1
         laya iter 2 -> best_ETS conf=1.0 rank=1
         laya iter 3 -> trimmed_mean_stable7 conf=0.1615 rank=3
         laya iter 4 -> trimmed_mean_stable7 conf=0.6527 rank=3
[ 159] best_single    score= 0.5278 origin=agent    iters=5 stop=laya_accept
         TEST  smape=0.0461  rmse=15882.9365  pocid=90.91  mape=0.0455  | FLOOR smape=0.0507
         laya iter 1 -> best_ETS conf=0.5136 rank=1
         laya iter 2 -> best_ETS conf=1.0 rank=1
         laya iter 3 -> best_DWT_catboost conf=0.3252 rank=2
         laya iter 4 -> best_DWT_catboost conf=0.5685 rank=2
[ 160] dba            score= 0.6697 origin=baseline iters=7 stop=no new information in 3 consecutive turns
         TEST  smape=0.1737  rmse=1187.7709  pocid=72.73  mape=0.1556  | FLOOR smape=0.1737
         laya iter 1 -> mean_top5 conf=0.2151 rank=8
         laya iter 2 -> trimmed_mean_top5 conf=0.8827 rank=11
         laya iter 3 -> trimmed_mean_top5 conf=0.5718 rank=11
         laya iter 4 -> trimmed_mean_prune conf=0.3646 rank=12
         laya iter 5 -> trimmed_mean_prune conf=0.8147 rank=12
         laya iter 6 -> trimmed_mean_stable7 conf=0.2333 rank=10
         laya iter 7 -> trimmed_mean_stable7 conf=0.808 rank=10
[ 161] best_single    score= 0.5137 origin=agent    iters=8 stop=no new information in 3 consecutive turns
         TEST  smape=0.0800  rmse=33296.4120  pocid=63.64  mape=0.0773  | FLOOR smape=0.0798
         laya iter 1 -> best_ETS conf=0.5204 rank=1
         laya iter 2 -> best_ETS conf=1.0 rank=1
         laya iter 3 -> best_ARIMA conf=0.479 rank=3
         laya iter 4 -> best_ARIMA conf=0.9451 rank=3
         laya iter 5 -> best_THETA conf=0.3784 rank=1
         laya iter 6 -> best_THETA conf=0.787 rank=1
         laya iter 7 -> trimmed_mean_stable7 conf=0.4582 rank=6
         laya iter 8 -> trimmed_mean_stable7 conf=0.9724 rank=6
[ 162] dba            score= 0.6645 origin=baseline iters=5 stop=laya_accept
         TEST  smape=0.0649  rmse=5910.2261  pocid=72.73  mape=0.0664  | FLOOR smape=0.0649
         laya iter 1 -> best_FT_catboost conf=0.357 rank=6
         laya iter 2 -> best_FT_catboost conf=0.9881 rank=6
         laya iter 3 -> best_NaiveMovingAverage conf=0.3701 rank=10
         laya iter 4 -> best_NaiveMovingAverage conf=0.6532 rank=10
[ 163] best_single    score= 0.5088 origin=agent    iters=12 stop=iteration_budget_exhausted
         TEST  smape=0.0331  rmse=4553.9329  pocid=72.73  mape=0.0328  | FLOOR smape=0.0479
         laya iter 1 -> best_ONLY_DWT_catboost conf=0.3066 rank=1
         laya iter 2 -> best_ONLY_DWT_catboost conf=0.9734 rank=1
         laya iter 3 -> best_ETS conf=0.333 rank=1
         laya iter 4 -> best_ETS conf=0.9793 rank=1
         laya iter 5 -> best_THETA conf=0.2065 rank=1
         laya iter 6 -> best_THETA conf=0.2617 rank=1
         laya iter 7 -> median_stable9 conf=0.2722 rank=6
         laya iter 8 -> median_stable9 conf=0.7698 rank=6
         laya iter 9 -> trimmed_mean_full conf=0.2518 rank=5
         laya iter 10 -> trimmed_mean_full conf=0.6802 rank=5
         laya iter 11 -> trimmed_mean_prune conf=0.7614 rank=13
         laya iter 12 -> trimmed_mean_prune conf=0.9995 rank=13
[ 164] best_single    score= 0.5301 origin=agent    iters=7 stop=laya_accept
         TEST  smape=0.0439  rmse=2457.2756  pocid=72.73  mape=0.0426  | FLOOR smape=0.0406
         laya iter 1 -> best_ETS conf=0.5169 rank=1
         laya iter 2 -> best_ETS conf=1.0 rank=1
         laya iter 3 -> best_THETA conf=0.2586 rank=2
         laya iter 4 -> best_THETA conf=0.7234 rank=2
         laya iter 5 -> best_ARIMA conf=0.1495 rank=3
         laya iter 6 -> best_ARIMA conf=0.7749 rank=3
[ 165] best_single    score= 0.5788 origin=agent    iters=7 stop=laya_accept
         TEST  smape=0.0445  rmse=32571.2481  pocid=63.64  mape=0.0442  | FLOOR smape=0.0492
         laya iter 1 -> best_ONLY_DWT_rf conf=0.9229 rank=1
         laya iter 2 -> best_ONLY_DWT_rf conf=1.0 rank=1
         laya iter 3 -> best_DWT_rf conf=0.5723 rank=4
         laya iter 4 -> best_DWT_rf conf=0.6457 rank=4
         laya iter 5 -> best_THETA conf=0.0886 rank=10
         laya iter 6 -> best_THETA conf=0.4732 rank=10
[ 166] best_single    score= 0.5233 origin=agent    iters=12 stop=iteration_budget_exhausted
         TEST  smape=0.0398  rmse=825.5388  pocid=63.64  mape=0.0390  | FLOOR smape=0.0343
         laya iter 1 -> best_ETS conf=0.4129 rank=5
         laya iter 2 -> best_ETS conf=1.0 rank=5
         laya iter 3 -> best_ARIMA conf=0.3881 rank=1
         laya iter 4 -> best_ARIMA conf=0.9491 rank=1
         laya iter 5 -> trimmed_mean_prune conf=0.0972 rank=12
         laya iter 6 -> trimmed_mean_prune conf=0.8764 rank=12
         laya iter 7 -> trimmed_mean_top5 conf=0.2817 rank=12
         laya iter 8 -> trimmed_mean_top5 conf=0.967 rank=12
         laya iter 9 -> trimmed_mean_full conf=0.7994 rank=9
         laya iter 10 -> trimmed_mean_full conf=0.9866 rank=9
         laya iter 11 -> best_THETA conf=0.304 rank=7
         laya iter 12 -> best_THETA conf=0.9024 rank=7
[ 167] best_single    score= 0.6516 origin=agent    iters=7 stop=laya_accept
         TEST  smape=0.3540  rmse=38.2606  pocid=36.36  mape=0.3790  | FLOOR smape=0.3503
         laya iter 1 -> best_ONLY_DWT_rf conf=0.2888 rank=1
         laya iter 2 -> best_ONLY_DWT_rf conf=0.826 rank=1
         laya iter 3 -> best_NaiveMovingAverage conf=0.3415 rank=1
         laya iter 4 -> best_NaiveMovingAverage conf=0.9951 rank=1
         laya iter 5 -> best_CWT_catboost conf=0.2413 rank=2
         laya iter 6 -> best_CWT_catboost conf=0.564 rank=2
[ 168] best_single    score= 0.5426 origin=agent    iters=7 stop=laya_accept
         TEST  smape=0.0408  rmse=11242.6585  pocid=45.45  mape=0.0406  | FLOOR smape=0.0418
         laya iter 1 -> best_ONLY_FT_rf conf=0.7511 rank=4
         laya iter 2 -> best_ONLY_FT_rf conf=0.9544 rank=4
         laya iter 3 -> best_FT_rf conf=0.9994 rank=1
         laya iter 4 -> best_FT_rf conf=0.9999 rank=1
         laya iter 5 -> best_ONLY_DWT_catboost conf=0.8373 rank=2
         laya iter 6 -> best_ONLY_DWT_catboost conf=0.9264 rank=2
[ 169] best_single    score= 0.3515 origin=agent    iters=7 stop=laya_accept
         TEST  smape=0.0950  rmse=4087.1385  pocid=72.73  mape=0.0883  | FLOOR smape=0.0866
         laya iter 1 -> best_ETS conf=0.1536 rank=1
         laya iter 2 -> best_ETS conf=0.9728 rank=1
         laya iter 3 -> best_DWT_catboost conf=0.2677 rank=3
         laya iter 4 -> best_DWT_catboost conf=0.8186 rank=3
         laya iter 5 -> best_THETA conf=0.1932 rank=1
         laya iter 6 -> best_THETA conf=0.9141 rank=1
[ 170] best_single    score= 0.4895 origin=agent    iters=7 stop=laya_accept
         TEST  smape=0.0557  rmse=2984.4128  pocid=63.64  mape=0.0542  | FLOOR smape=0.0484
         laya iter 1 -> best_ETS conf=0.3957 rank=1
         laya iter 2 -> best_ETS conf=1.0 rank=1
         laya iter 3 -> best_ARIMA conf=0.2906 rank=1
         laya iter 4 -> best_ARIMA conf=0.9292 rank=1
         laya iter 5 -> best_THETA conf=0.2283 rank=5
         laya iter 6 -> best_THETA conf=0.5453 rank=5
[ 171] dba            score= 0.6288 origin=baseline iters=7 stop=laya_accept
         TEST  smape=0.0590  rmse=3120.9711  pocid=81.82  mape=0.0566  | FLOOR smape=0.0590
         laya iter 1 -> best_ONLY_CWT_rf conf=0.3567 rank=2
         laya iter 2 -> best_ONLY_CWT_rf conf=0.9785 rank=2
         laya iter 3 -> best_DWT_rf conf=0.459 rank=3
         laya iter 4 -> best_DWT_rf conf=0.4178 rank=3
         laya iter 5 -> best_CWT_catboost conf=0.1531 rank=10
         laya iter 6 -> best_CWT_catboost conf=0.2438 rank=10
[ 172] best_single    score= 0.4084 origin=agent    iters=7 stop=laya_accept
         TEST  smape=0.1233  rmse=273.4017  pocid=72.73  mape=0.1139  | FLOOR smape=0.1332
         laya iter 1 -> best_ETS conf=0.1533 rank=1
         laya iter 2 -> best_ETS conf=1.0 rank=1
         laya iter 3 -> best_ARIMA conf=0.1631 rank=1
         laya iter 4 -> best_ARIMA conf=0.364 rank=1
         laya iter 5 -> best_THETA conf=0.1625 rank=3
         laya iter 6 -> best_THETA conf=0.5169 rank=3
[ 173] best_single    score= 0.5508 origin=agent    iters=7 stop=laya_accept
         TEST  smape=0.2320  rmse=285.7622  pocid=63.64  mape=0.2005  | FLOOR smape=0.2018
         laya iter 1 -> best_ONLY_DWT_rf conf=0.645 rank=1
         laya iter 2 -> best_ONLY_DWT_rf conf=0.9591 rank=1
         laya iter 3 -> best_ETS conf=0.4516 rank=1
         laya iter 4 -> best_ETS conf=0.9971 rank=1
         laya iter 5 -> best_THETA conf=0.1276 rank=3
         laya iter 6 -> best_THETA conf=0.1684 rank=3
[ 174] best_single    score= 0.5950 origin=agent    iters=5 stop=laya_accept
         TEST  smape=0.0590  rmse=1178.9465  pocid=54.55  mape=0.0564  | FLOOR smape=0.0549
         laya iter 1 -> best_ONLY_DWT_catboost conf=0.2805 rank=1
         laya iter 2 -> best_ONLY_DWT_catboost conf=0.9952 rank=1
         laya iter 3 -> best_DWT_catboost conf=0.3969 rank=1
         laya iter 4 -> best_DWT_catboost conf=0.5149 rank=1
[ 175] best_single    score= 0.5615 origin=agent    iters=4 stop=no new information in 3 consecutive turns
         TEST  smape=0.0313  rmse=564.1568  pocid=81.82  mape=0.0315  | FLOOR smape=0.0319
         laya iter 1 -> best_ETS conf=0.2109 rank=1
         laya iter 2 -> best_ETS conf=1.0 rank=1
         laya iter 3 -> trimmed_mean_stable7 conf=0.2078 rank=4
         laya iter 4 -> trimmed_mean_stable7 conf=0.9157 rank=4
[ 176] median         score= 0.4742 origin=baseline iters=4 stop=no new information in 3 consecutive turns
         TEST  smape=0.1105  rmse=6131.7362  pocid=81.82  mape=0.1040  | FLOOR smape=0.1105
         laya iter 1 -> best_NaiveMovingAverage conf=0.3613 rank=2
         laya iter 2 -> best_NaiveMovingAverage conf=1.0 rank=2
         laya iter 3 -> trimmed_mean_stable7 conf=0.3334 rank=7
         laya iter 4 -> trimmed_mean_stable7 conf=0.7513 rank=7
[ 177] mean           score= 0.4406 origin=baseline iters=4 stop=no new information in 3 consecutive turns
         TEST  smape=0.2371  rmse=2319.2196  pocid=72.73  mape=0.2004  | FLOOR smape=0.2371
         laya iter 1 -> trimmed_mean_prune conf=0.1413 rank=8
         laya iter 2 -> trimmed_mean_prune conf=1.0 rank=8
         laya iter 3 -> trimmed_mean_top5 conf=0.581 rank=2
         laya iter 4 -> trimmed_mean_top5 conf=0.9805 rank=2
[ 178] best_single    score= 0.6067 origin=agent    iters=7 stop=laya_accept
         TEST  smape=0.2389  rmse=44.9044  pocid=54.55  mape=0.2297  | FLOOR smape=0.2115
         laya iter 1 -> best_NaiveMovingAverage conf=0.8539 rank=1
         laya iter 2 -> best_NaiveMovingAverage conf=1.0 rank=1
         laya iter 3 -> best_ETS conf=0.5917 rank=1
         laya iter 4 -> best_ETS conf=0.7714 rank=1
         laya iter 5 -> best_THETA conf=0.3116 rank=1
         laya iter 6 -> best_THETA conf=0.642 rank=1
[ 179] best_single    score= 0.6216 origin=agent    iters=7 stop=laya_accept
         TEST  smape=0.1024  rmse=32.7210  pocid=72.73  mape=0.0949  | FLOOR smape=0.1076
         laya iter 1 -> best_ONLY_CWT_rf conf=0.3165 rank=1
         laya iter 2 -> best_ONLY_CWT_rf conf=0.9825 rank=1
         laya iter 3 -> best_ONLY_DWT_rf conf=0.8109 rank=6
         laya iter 4 -> best_ONLY_DWT_rf conf=0.9505 rank=6
         laya iter 5 -> best_rf conf=0.2207 rank=1
         laya iter 6 -> best_rf conf=0.8426 rank=1
[ 180] best_single    score= 0.5090 origin=agent    iters=7 stop=laya_accept
         TEST  smape=0.2643  rmse=35771.9081  pocid=45.45  mape=0.2278  | FLOOR smape=0.0995
         laya iter 1 -> best_ETS conf=0.2574 rank=1
         laya iter 2 -> best_ETS conf=1.0 rank=1
         laya iter 3 -> best_catboost conf=0.3698 rank=1
         laya iter 4 -> best_catboost conf=0.6888 rank=1
         laya iter 5 -> best_NaiveMovingAverage conf=0.2363 rank=3
         laya iter 6 -> best_NaiveMovingAverage conf=0.8554 rank=3
[ 181] trimmed_mean   score= 0.5200 origin=baseline iters=3 stop=no new information in 3 consecutive turns
         TEST  smape=0.0417  rmse=3578.9570  pocid=63.64  mape=0.0426  | FLOOR smape=0.0417
         laya iter 1 -> trimmed_mean_stable7 conf=0.3467 rank=3
         laya iter 2 -> trimmed_mean_stable7 conf=0.9705 rank=3
         laya iter 3 -> trimmed_mean_stable5 conf=0.5311 rank=1
--------------------------------------------------------------------------
done in 114.9s | ok: 182 | failed: 0
DATASET SUMMARY over 182 series (mean across series):
  this run   smape=0.2226  rmse=6868.6600  pocid=62.54  mape=2103059581097883.5000  mae=6014.1842
  baseline   smape=0.2212  rmse=6361.3526  pocid=62.14  mape=1839764113501077.5000  <- this run is WORSE than the seed floor
  mean       smape=0.2206  rmse=6315.3736  pocid=61.89  mape=2069887256147612.2500
  median     smape=0.2194  rmse=6388.0611  pocid=61.94  mape=1847438750372403.0000
  dba        smape=0.2252  rmse=6398.3966  pocid=60.54  mape=2360707168394951.5000
  ADE        smape=0.2177  rmse=6137.6834  pocid=62.39  mape=2082486066574125.0000
  FFORMA     smape=0.2166  rmse=6035.2411  pocid=65.13  mape=2022245026195087.0000
csv: ./timeseries/mestrado/resultados/orchestrator_laya_laya_v2b_raw/ANP_MONTHLY.csv
dataset      : NN5_WEEKLY_DATASET
source       : nn5_weekly_dataset.tsf
models       : 19
agent        : laya-multilingual (max_len=8192)
writing to   : ./timeseries/mestrado/resultados/orchestrator_laya_laya_v2b_raw
--------------------------------------------------------------------------
Fetching 5 files:   0%|          | 0/5 [00:00<?, ?it/s]Fetching 5 files: 100%|██████████| 5/5 [00:00<00:00, 2920.42it/s]
[   0] trimmed_mean   score= 0.6776 origin=baseline iters=3 stop=no new information in 3 consecutive turns
         TEST  smape=0.0422  rmse=14.3569  pocid=14.29  mape=0.0411  | FLOOR smape=0.0422
         laya iter 1 -> trimmed_mean_stable7 conf=0.1924 rank=7
         laya iter 2 -> trimmed_mean_stable7 conf=0.9577 rank=7
         laya iter 3 -> trimmed_mean_stable5 conf=0.6441 rank=5
[   1] trimmed_mean   score= 0.5579 origin=baseline iters=7 stop=laya_accept
         TEST  smape=0.1090  rmse=16.3937  pocid=28.57  mape=0.1027  | FLOOR smape=0.1090
         laya iter 1 -> best_ARIMA conf=0.1275 rank=2
         laya iter 2 -> best_ARIMA conf=0.9999 rank=2
         laya iter 3 -> best_ETS conf=0.421 rank=3
         laya iter 4 -> best_ETS conf=0.8928 rank=3
         laya iter 5 -> best_THETA conf=0.2035 rank=2
         laya iter 6 -> best_THETA conf=0.6868 rank=2
[   2] best_single    score= 0.5961 origin=agent    iters=10 stop=no new information in 3 consecutive turns
         TEST  smape=0.0789  rmse=16.6496  pocid=57.14  mape=0.0769  | FLOOR smape=0.0697
         laya iter 1 -> best_FT_catboost conf=0.7171 rank=1
         laya iter 2 -> best_FT_catboost conf=0.8143 rank=1
         laya iter 3 -> best_ONLY_CWT_catboost conf=0.8309 rank=3
         laya iter 4 -> best_ONLY_CWT_catboost conf=0.9843 rank=3
         laya iter 5 -> best_CWT_rf conf=0.356 rank=3
         laya iter 6 -> best_CWT_rf conf=0.5571 rank=3
         laya iter 7 -> trimmed_mean_full conf=0.1567 rank=10
         laya iter 8 -> trimmed_mean_stable7 conf=0.6577 rank=7
         laya iter 9 -> trimmed_mean_stable7 conf=0.9335 rank=7
         laya iter 10 -> trimmed_mean_stable9 conf=0.6804 rank=9
[   3] dba            score= 0.7144 origin=baseline iters=4 stop=no new information in 3 consecutive turns
         TEST  smape=0.0826  rmse=16.0588  pocid=28.57  mape=0.0857  | FLOOR smape=0.0826
         laya iter 1 -> best_ETS conf=0.3914 rank=10
         laya iter 2 -> best_ETS conf=1.0 rank=10
         laya iter 3 -> trimmed_mean_stable9 conf=0.1864 rank=3
         laya iter 4 -> trimmed_mean_stable9 conf=0.9625 rank=3
[   4] best_single    score= 0.6904 origin=agent    iters=7 stop=laya_accept
         TEST  smape=0.0956  rmse=20.3402  pocid=42.86  mape=0.0917  | FLOOR smape=0.0998
         laya iter 1 -> best_FT_catboost conf=0.4289 rank=1
         laya iter 2 -> best_FT_catboost conf=0.9994 rank=1
         laya iter 3 -> best_ETS conf=0.5812 rank=11
         laya iter 4 -> best_ETS conf=0.891 rank=11
         laya iter 5 -> best_DWT_rf conf=0.5111 rank=1
         laya iter 6 -> best_DWT_rf conf=0.7897 rank=1
[   5] best_single    score= 0.5186 origin=agent    iters=7 stop=laya_accept
         TEST  smape=0.1392  rmse=20.9729  pocid=71.43  mape=0.1399  | FLOOR smape=0.1078
         laya iter 1 -> best_ONLY_DWT_catboost conf=0.5392 rank=1
         laya iter 2 -> best_ONLY_DWT_catboost conf=0.9951 rank=1
         laya iter 3 -> best_DWT_catboost conf=0.4771 rank=1
         laya iter 4 -> best_DWT_catboost conf=0.4813 rank=1
         laya iter 5 -> best_THETA conf=0.2454 rank=1
         laya iter 6 -> best_THETA conf=0.6272 rank=1
[   6] best_single    score= 0.4257 origin=agent    iters=10 stop=no new information in 3 consecutive turns
         TEST  smape=0.2176  rmse=36.7387  pocid=28.57  mape=0.1874  | FLOOR smape=0.1187
         laya iter 1 -> mean_top5 conf=0.2277 rank=5
         laya iter 2 -> trimmed_mean_top5 conf=0.6334 rank=3
         laya iter 3 -> trimmed_mean_stable5 conf=0.3174 rank=2
         laya iter 4 -> trimmed_mean_top5 conf=0.5188 rank=3
         laya iter 5 -> best_ETS conf=0.4057 rank=4
         laya iter 6 -> best_ETS conf=0.9638 rank=4
         laya iter 7 -> best_NaiveSeasonal conf=0.3156 rank=1
         laya iter 8 -> best_NaiveSeasonal conf=1.0 rank=1
         laya iter 9 -> trimmed_mean_stable7 conf=0.4532 rank=6
         laya iter 10 -> trimmed_mean_stable7 conf=0.7407 rank=6
[   7] best_single    score= 0.6775 origin=agent    iters=7 stop=laya_accept
         TEST  smape=0.2455  rmse=38.2373  pocid=57.14  mape=0.2973  | FLOOR smape=0.1228
         laya iter 1 -> best_NaiveMovingAverage conf=0.3229 rank=1
         laya iter 2 -> best_NaiveMovingAverage conf=1.0 rank=1
         laya iter 3 -> best_THETA conf=0.3342 rank=2
         laya iter 4 -> best_THETA conf=0.5412 rank=2
         laya iter 5 -> best_catboost conf=0.3496 rank=4
         laya iter 6 -> best_catboost conf=0.9003 rank=4
[   8] best_single    score= 0.6115 origin=agent    iters=12 stop=iteration_budget_exhausted
         TEST  smape=0.1034  rmse=7.3099  pocid=0.00  mape=0.1082  | FLOOR smape=0.1042
         laya iter 1 -> mean_top5 conf=0.2011 rank=6
         laya iter 2 -> mean_top5 conf=0.4025 rank=6
         laya iter 3 -> median_top5 conf=0.3615 rank=8
         laya iter 4 -> median_top5 conf=0.8421 rank=8
         laya iter 5 -> trimmed_mean_top5 conf=0.3081 rank=12
         laya iter 6 -> best_ETS conf=0.2486 rank=1
         laya iter 7 -> best_ETS conf=1.0 rank=1
         laya iter 8 -> best_THETA conf=0.3438 rank=3
         laya iter 9 -> best_THETA conf=0.5586 rank=3
         laya iter 10 -> trimmed_mean_full conf=0.5724 rank=6
         laya iter 11 -> trimmed_mean_full conf=0.9857 rank=6
         laya iter 12 -> trimmed_mean_prune conf=0.9598 rank=16
[   9] mean           score= 0.7333 origin=baseline iters=7 stop=laya_accept
         TEST  smape=0.1040  rmse=17.5233  pocid=28.57  mape=0.0998  | FLOOR smape=0.1040
         laya iter 1 -> best_FT_catboost conf=0.2399 rank=2
         laya iter 2 -> best_FT_catboost conf=0.9991 rank=2
         laya iter 3 -> best_FT_rf conf=0.9244 rank=5
         laya iter 4 -> best_FT_rf conf=0.9949 rank=5
         laya iter 5 -> best_rf conf=0.4649 rank=3
         laya iter 6 -> best_rf conf=0.9596 rank=3
[  10] best_single    score= 0.4309 origin=agent    iters=12 stop=iteration_budget_exhausted
         TEST  smape=0.1371  rmse=23.3183  pocid=57.14  mape=0.1310  | FLOOR smape=0.1199
         laya iter 1 -> best_ETS conf=0.1783 rank=1
         laya iter 2 -> best_ETS conf=1.0 rank=1
         laya iter 3 -> best_ARIMA conf=0.1865 rank=2
         laya iter 4 -> best_ARIMA conf=0.6747 rank=2
         laya iter 5 -> best_THETA conf=0.195 rank=2
         laya iter 6 -> best_THETA conf=0.1933 rank=2
         laya iter 7 -> trimmed_mean_top5 conf=0.2308 rank=13
         laya iter 8 -> trimmed_mean_top5 conf=0.5006 rank=13
         laya iter 9 -> trimmed_mean_full conf=0.7105 rank=7
         laya iter 10 -> trimmed_mean_full conf=0.9257 rank=7
         laya iter 11 -> trimmed_mean_prune conf=0.5551 rank=10
         laya iter 12 -> trimmed_mean_prune conf=0.9983 rank=10
[  11] best_single    score= 0.5684 origin=agent    iters=12 stop=iteration_budget_exhausted
         TEST  smape=0.1219  rmse=14.9905  pocid=28.57  mape=0.1193  | FLOOR smape=0.1394
         laya iter 1 -> best_NaiveMovingAverage conf=0.5526 rank=1
         laya iter 2 -> best_NaiveMovingAverage conf=1.0 rank=1
         laya iter 3 -> best_ONLY_FT_catboost conf=0.6903 rank=2
         laya iter 4 -> best_ONLY_FT_catboost conf=0.8471 rank=2
         laya iter 5 -> best_FT_catboost conf=0.7777 rank=5
         laya iter 6 -> best_FT_catboost conf=0.9189 rank=5
         laya iter 7 -> trimmed_mean_top5 conf=0.121 rank=7
         laya iter 8 -> trimmed_mean_top5 conf=0.9671 rank=7
         laya iter 9 -> trimmed_mean_prune conf=0.72 rank=9
         laya iter 10 -> trimmed_mean_prune conf=0.961 rank=9
         laya iter 11 -> trimmed_mean_full conf=0.7449 rank=11
         laya iter 12 -> trimmed_mean_full conf=0.9841 rank=11
[  12] mean           score= 0.6331 origin=baseline iters=8 stop=no new information in 3 consecutive turns
         TEST  smape=0.1194  rmse=19.5971  pocid=28.57  mape=0.1159  | FLOOR smape=0.1194
         laya iter 1 -> best_ETS conf=0.3659 rank=10
         laya iter 2 -> best_ETS conf=1.0 rank=10
         laya iter 3 -> trimmed_mean_full conf=0.2515 rank=8
         laya iter 4 -> trimmed_mean_full conf=0.7949 rank=8
         laya iter 5 -> trimmed_mean_prune conf=0.3788 rank=12
         laya iter 6 -> trimmed_mean_prune conf=0.9217 rank=12
         laya iter 7 -> trimmed_mean_stable7 conf=0.371 rank=6
         laya iter 8 -> trimmed_mean_stable7 conf=0.9319 rank=6
[  13] best_single    score= 0.6430 origin=agent    iters=6 stop=no new information in 3 consecutive turns
         TEST  smape=0.1162  rmse=16.3759  pocid=42.86  mape=0.1106  | FLOOR smape=0.0794
         laya iter 1 -> best_NaiveMovingAverage conf=0.8383 rank=4
         laya iter 2 -> best_NaiveMovingAverage conf=1.0 rank=4
         laya iter 3 -> best_FT_catboost conf=0.452 rank=1
         laya iter 4 -> best_FT_catboost conf=0.883 rank=1
         laya iter 5 -> trimmed_mean_stable7 conf=0.2062 rank=7
         laya iter 6 -> trimmed_mean_stable7 conf=0.8988 rank=7
[  14] best_single    score= 0.6496 origin=agent    iters=8 stop=no new information in 3 consecutive turns
         TEST  smape=0.0604  rmse=9.6794  pocid=28.57  mape=0.0603  | FLOOR smape=0.0704
         laya iter 1 -> best_ONLY_CWT_catboost conf=0.3267 rank=7
         laya iter 2 -> best_ONLY_CWT_catboost conf=0.5558 rank=7
         laya iter 3 -> best_ONLY_DWT_catboost conf=0.7893 rank=1
         laya iter 4 -> best_ONLY_DWT_catboost conf=0.9161 rank=1
         laya iter 5 -> best_DWT_catboost conf=0.7743 rank=1
         laya iter 6 -> best_DWT_catboost conf=0.6155 rank=1
         laya iter 7 -> trimmed_mean_stable7 conf=0.2487 rank=11
         laya iter 8 -> trimmed_mean_stable7 conf=0.6056 rank=11
[  15] best_single    score= 0.6638 origin=agent    iters=7 stop=laya_accept
         TEST  smape=0.0411  rmse=8.5741  pocid=42.86  mape=0.0406  | FLOOR smape=0.0618
         laya iter 1 -> best_ONLY_DWT_catboost conf=0.4618 rank=3
         laya iter 2 -> best_ONLY_DWT_catboost conf=0.8009 rank=3
         laya iter 3 -> best_ONLY_DWT_rf conf=0.5957 rank=1
         laya iter 4 -> best_ONLY_DWT_rf conf=0.7835 rank=1
         laya iter 5 -> best_DWT_rf conf=0.37 rank=1
         laya iter 6 -> best_DWT_rf conf=0.6554 rank=1
[  16] best_single    score= 0.6019 origin=agent    iters=12 stop=iteration_budget_exhausted
         TEST  smape=0.1030  rmse=22.8159  pocid=28.57  mape=0.1168  | FLOOR smape=0.1198
         laya iter 1 -> best_NaiveMovingAverage conf=0.2983 rank=1
         laya iter 2 -> best_NaiveMovingAverage conf=1.0 rank=1
         laya iter 3 -> best_FT_catboost conf=0.5179 rank=2
         laya iter 4 -> best_FT_catboost conf=0.9143 rank=2
         laya iter 5 -> best_CWT_catboost conf=0.1239 rank=2
         laya iter 6 -> best_CWT_catboost conf=0.469 rank=2
         laya iter 7 -> trimmed_mean_top5 conf=0.134 rank=7
         laya iter 8 -> trimmed_mean_top5 conf=0.3222 rank=7
         laya iter 9 -> trimmed_mean_full conf=0.6576 rank=8
         laya iter 10 -> trimmed_mean_full conf=0.9183 rank=8
         laya iter 11 -> trimmed_mean_prune conf=0.7314 rank=15
         laya iter 12 -> trimmed_mean_prune conf=1.0 rank=15
[  17] best_single    score= 0.5436 origin=agent    iters=8 stop=no new information in 3 consecutive turns
         TEST  smape=0.1055  rmse=17.4380  pocid=85.71  mape=0.0994  | FLOOR smape=0.0593
         laya iter 1 -> best_ONLY_FT_rf conf=0.2998 rank=1
         laya iter 2 -> best_ONLY_FT_rf conf=0.9999 rank=1
         laya iter 3 -> best_FT_rf conf=1.0 rank=2
         laya iter 4 -> best_FT_rf conf=1.0 rank=2
         laya iter 5 -> best_NaiveMovingAverage conf=0.5302 rank=3
         laya iter 6 -> best_NaiveMovingAverage conf=0.9966 rank=3
         laya iter 7 -> trimmed_mean_stable7 conf=0.1647 rank=5
         laya iter 8 -> trimmed_mean_stable7 conf=0.9309 rank=5
[  18] best_single    score= 0.6424 origin=agent    iters=7 stop=laya_accept
         TEST  smape=0.0440  rmse=13.8387  pocid=57.14  mape=0.0477  | FLOOR smape=0.0528
         laya iter 1 -> best_THETA conf=0.1779 rank=1
         laya iter 2 -> best_THETA conf=0.9716 rank=1
         laya iter 3 -> best_ETS conf=0.4962 rank=5
         laya iter 4 -> best_ETS conf=0.9377 rank=5
         laya iter 5 -> best_ARIMA conf=0.3406 rank=4
         laya iter 6 -> best_ARIMA conf=0.9947 rank=4
[  19] best_single    score= 0.6548 origin=agent    iters=12 stop=iteration_budget_exhausted
         TEST  smape=0.0556  rmse=8.7503  pocid=57.14  mape=0.0543  | FLOOR smape=0.0718
         laya iter 1 -> best_ETS conf=0.3546 rank=1
         laya iter 2 -> best_ETS conf=0.9998 rank=1
         laya iter 3 -> best_ARIMA conf=0.3207 rank=1
         laya iter 4 -> best_ARIMA conf=0.7698 rank=1
         laya iter 5 -> best_ONLY_FT_catboost conf=0.3866 rank=3
         laya iter 6 -> best_ONLY_FT_catboost conf=0.9239 rank=3
         laya iter 7 -> trimmed_mean_top5 conf=0.1975 rank=4
         laya iter 8 -> trimmed_mean_top5 conf=0.9581 rank=4
         laya iter 9 -> trimmed_mean_prune conf=0.7618 rank=14
         laya iter 10 -> trimmed_mean_prune conf=0.9925 rank=14
         laya iter 11 -> trimmed_mean_full conf=0.8976 rank=8
         laya iter 12 -> trimmed_mean_full conf=0.9896 rank=8
[  20] trimmed_mean   score= 0.6973 origin=agent    iters=7 stop=no new information in 3 consecutive turns
         TEST  smape=0.1053  rmse=13.6421  pocid=71.43  mape=0.1038  | FLOOR smape=0.0908
         laya iter 1 -> mean_top5 conf=0.16 rank=1
         laya iter 2 -> trimmed_mean_top5 conf=0.4046 rank=1
         laya iter 3 -> trimmed_mean_top5 conf=0.4117 rank=1
         laya iter 4 -> best_ETS conf=0.2879 rank=10
         laya iter 5 -> best_ETS conf=0.6867 rank=10
         laya iter 6 -> trimmed_mean_stable7 conf=0.2825 rank=4
         laya iter 7 -> trimmed_mean_stable7 conf=0.8215 rank=4
[  21] best_single    score= 0.6431 origin=agent    iters=12 stop=iteration_budget_exhausted
         TEST  smape=0.0999  rmse=14.1970  pocid=42.86  mape=0.0941  | FLOOR smape=0.0713
         laya iter 1 -> mean_top5 conf=0.2398 rank=5
         laya iter 2 -> mean_top5 conf=0.4362 rank=5
         laya iter 3 -> best_ARIMA conf=0.2843 rank=1
         laya iter 4 -> best_ARIMA conf=0.6482 rank=1
         laya iter 5 -> best_ETS conf=0.4873 rank=3
         laya iter 6 -> best_ETS conf=0.9943 rank=3
         laya iter 7 -> trimmed_mean_top5 conf=0.2071 rank=8
         laya iter 8 -> trimmed_mean_top5 conf=0.7087 rank=8
         laya iter 9 -> trimmed_mean_full conf=0.6161 rank=2
         laya iter 10 -> trimmed_mean_full conf=0.8115 rank=2
         laya iter 11 -> trimmed_mean_prune conf=0.9538 rank=15
         laya iter 12 -> trimmed_mean_prune conf=1.0 rank=15
[  22] best_single    score= 0.5824 origin=agent    iters=8 stop=no new information in 3 consecutive turns
         TEST  smape=0.1232  rmse=10.8865  pocid=42.86  mape=0.1192  | FLOOR smape=0.1238
         laya iter 1 -> best_ONLY_FT_catboost conf=0.4224 rank=7
         laya iter 2 -> best_ONLY_FT_catboost conf=0.9263 rank=7
         laya iter 3 -> best_NaiveMovingAverage conf=0.42 rank=1
         laya iter 4 -> best_NaiveMovingAverage conf=0.9828 rank=1
         laya iter 5 -> best_THETA conf=0.1972 rank=6
         laya iter 6 -> best_THETA conf=0.7129 rank=6
         laya iter 7 -> trimmed_mean_stable7 conf=0.2801 rank=2
         laya iter 8 -> trimmed_mean_stable7 conf=0.9418 rank=2
[  23] trimmed_mean   score= 0.6727 origin=agent    iters=12 stop=iteration_budget_exhausted
         TEST  smape=0.2251  rmse=53.3418  pocid=14.29  mape=0.2705  | FLOOR smape=0.1646
         laya iter 1 -> best_NaiveMovingAverage conf=0.2987 rank=6
         laya iter 2 -> best_NaiveMovingAverage conf=0.9998 rank=6
         laya iter 3 -> best_THETA conf=0.3427 rank=4
         laya iter 4 -> best_THETA conf=0.7231 rank=4
         laya iter 5 -> best_rf conf=0.2206 rank=3
         laya iter 6 -> best_rf conf=0.9299 rank=3
         laya iter 7 -> trimmed_mean_top5 conf=0.1324 rank=1
         laya iter 8 -> trimmed_mean_top5 conf=0.7761 rank=1
         laya iter 9 -> trimmed_mean_prune conf=0.6646 rank=14
         laya iter 10 -> trimmed_mean_prune conf=0.9868 rank=14
         laya iter 11 -> trimmed_mean_full conf=0.8061 rank=4
         laya iter 12 -> trimmed_mean_full conf=0.9925 rank=4
[  24] mean           score= 0.6688 origin=baseline iters=8 stop=no new information in 3 consecutive turns
         TEST  smape=0.0586  rmse=11.3368  pocid=71.43  mape=0.0620  | FLOOR smape=0.0586
         laya iter 1 -> best_FT_catboost conf=0.5293 rank=4
         laya iter 2 -> best_FT_catboost conf=0.9974 rank=4
         laya iter 3 -> best_ONLY_DWT_catboost conf=0.7542 rank=9
         laya iter 4 -> best_ONLY_DWT_catboost conf=0.7892 rank=9
         laya iter 5 -> best_CWT_catboost conf=0.3603 rank=4
         laya iter 6 -> best_CWT_catboost conf=0.4191 rank=4
         laya iter 7 -> trimmed_mean_stable7 conf=0.2497 rank=7
         laya iter 8 -> trimmed_mean_stable7 conf=0.4331 rank=7
[  25] best_single    score= 0.6794 origin=agent    iters=8 stop=no new information in 3 consecutive turns
         TEST  smape=0.1071  rmse=17.5679  pocid=42.86  mape=0.1139  | FLOOR smape=0.1342
         laya iter 1 -> best_ONLY_CWT_catboost conf=0.3867 rank=3
         laya iter 2 -> best_FT_catboost conf=0.8927 rank=1
         laya iter 3 -> best_FT_catboost conf=0.9219 rank=1
         laya iter 4 -> best_ONLY_CWT_catboost conf=0.9171 rank=4
         laya iter 5 -> best_catboost conf=0.7677 rank=7
         laya iter 6 -> best_catboost conf=0.8457 rank=7
         laya iter 7 -> trimmed_mean_stable7 conf=0.1899 rank=8
         laya iter 8 -> trimmed_mean_stable7 conf=0.8031 rank=8
[  26] best_single    score= 0.3762 origin=agent    iters=8 stop=no new information in 3 consecutive turns
         TEST  smape=0.3525  rmse=23.8714  pocid=0.00  mape=0.4513  | FLOOR smape=0.1354
         laya iter 1 -> best_NaiveMovingAverage conf=0.8803 rank=1
         laya iter 2 -> best_NaiveMovingAverage conf=1.0 rank=1
         laya iter 3 -> best_ETS conf=0.4458 rank=1
         laya iter 4 -> best_ETS conf=0.813 rank=1
         laya iter 5 -> best_THETA conf=0.2926 rank=1
         laya iter 6 -> best_THETA conf=0.8821 rank=1
         laya iter 7 -> trimmed_mean_stable7 conf=0.2349 rank=8
         laya iter 8 -> trimmed_mean_stable7 conf=0.9424 rank=8
[  27] best_single    score= 0.6522 origin=agent    iters=8 stop=no new information in 3 consecutive turns
         TEST  smape=0.1217  rmse=17.0988  pocid=42.86  mape=0.1183  | FLOOR smape=0.1222
         laya iter 1 -> best_ETS conf=0.3315 rank=10
         laya iter 2 -> best_ETS conf=1.0 rank=10
         laya iter 3 -> best_ARIMA conf=0.4399 rank=10
         laya iter 4 -> best_ARIMA conf=0.8839 rank=10
         laya iter 5 -> best_THETA conf=0.2333 rank=1
         laya iter 6 -> best_THETA conf=0.817 rank=1
         laya iter 7 -> trimmed_mean_stable7 conf=0.2185 rank=9
         laya iter 8 -> trimmed_mean_stable7 conf=0.8921 rank=9
[  28] best_single    score= 0.6617 origin=agent    iters=12 stop=iteration_budget_exhausted
         TEST  smape=0.1090  rmse=22.9947  pocid=28.57  mape=0.1091  | FLOOR smape=0.1011
         laya iter 1 -> mean_top5 conf=0.2437 rank=6
         laya iter 2 -> mean_top5 conf=0.4212 rank=6
         laya iter 3 -> best_FT_catboost conf=0.2188 rank=5
         laya iter 4 -> best_FT_catboost conf=0.8966 rank=5
         laya iter 5 -> best_CWT_rf conf=0.48 rank=11
         laya iter 6 -> best_CWT_rf conf=0.7864 rank=11
         laya iter 7 -> best_THETA conf=0.3141 rank=1
         laya iter 8 -> best_THETA conf=0.9975 rank=1
         laya iter 9 -> trimmed_mean_full conf=0.6862 rank=10
         laya iter 10 -> trimmed_mean_full conf=0.9193 rank=10
         laya iter 11 -> trimmed_mean_prune conf=0.8722 rank=15
         laya iter 12 -> trimmed_mean_prune conf=0.9989 rank=15
[  29] best_single    score= 0.5451 origin=agent    iters=8 stop=no new information in 3 consecutive turns
         TEST  smape=0.1639  rmse=20.4668  pocid=57.14  mape=0.1884  | FLOOR smape=0.1508
         laya iter 1 -> best_ONLY_FT_rf conf=0.6866 rank=8
         laya iter 2 -> best_ONLY_FT_rf conf=0.9156 rank=8
         laya iter 3 -> best_ONLY_FT_catboost conf=0.8305 rank=1
         laya iter 4 -> best_ONLY_FT_catboost conf=0.9861 rank=1
         laya iter 5 -> best_ONLY_CWT_catboost conf=0.7474 rank=6
         laya iter 6 -> best_ONLY_CWT_catboost conf=0.9184 rank=6
         laya iter 7 -> trimmed_mean_stable7 conf=0.3918 rank=5
         laya iter 8 -> trimmed_mean_stable7 conf=0.9726 rank=5
[  30] mean           score= 0.6497 origin=baseline iters=6 stop=no new information in 3 consecutive turns
         TEST  smape=0.0645  rmse=9.8088  pocid=42.86  mape=0.0656  | FLOOR smape=0.0645
         laya iter 1 -> best_ETS conf=0.3175 rank=10
         laya iter 2 -> best_ETS conf=0.9977 rank=10
         laya iter 3 -> best_ARIMA conf=0.153 rank=8
         laya iter 4 -> best_ARIMA conf=0.3732 rank=8
         laya iter 5 -> trimmed_mean_stable7 conf=0.1347 rank=4
         laya iter 6 -> trimmed_mean_stable7 conf=0.7057 rank=4
[  31] best_single    score= 0.6137 origin=agent    iters=8 stop=no new information in 3 consecutive turns
         TEST  smape=0.1881  rmse=30.7578  pocid=28.57  mape=0.2191  | FLOOR smape=0.1713
         laya iter 1 -> best_FT_catboost conf=0.3414 rank=2
         laya iter 2 -> best_FT_catboost conf=0.8219 rank=2
         laya iter 3 -> best_catboost conf=0.4073 rank=1
         laya iter 4 -> best_catboost conf=0.492 rank=1
         laya iter 5 -> best_rf conf=0.4758 rank=3
         laya iter 6 -> best_rf conf=0.7933 rank=3
         laya iter 7 -> trimmed_mean_stable7 conf=0.1385 rank=8
         laya iter 8 -> trimmed_mean_stable7 conf=0.7572 rank=8
[  32] best_single    score= 0.6015 origin=agent    iters=12 stop=iteration_budget_exhausted
         TEST  smape=0.1681  rmse=29.8359  pocid=57.14  mape=0.1557  | FLOOR smape=0.1696
         laya iter 1 -> best_ETS conf=0.2584 rank=1
         laya iter 2 -> best_ETS conf=1.0 rank=1
         laya iter 3 -> trimmed_mean_top5 conf=0.2444 rank=3
         laya iter 4 -> trimmed_mean_top5 conf=0.6597 rank=3
         laya iter 5 -> trimmed_mean_prune conf=0.2684 rank=6
         laya iter 6 -> trimmed_mean_prune conf=0.9977 rank=6
         laya iter 7 -> best_ARIMA conf=0.2717 rank=8
         laya iter 8 -> best_ARIMA conf=0.9631 rank=8
         laya iter 9 -> trimmed_mean_full conf=0.8019 rank=4
         laya iter 10 -> trimmed_mean_full conf=0.963 rank=4
         laya iter 11 -> best_THETA conf=0.3638 rank=2
         laya iter 12 -> best_THETA conf=0.9998 rank=2
[  33] median         score= 0.5972 origin=baseline iters=5 stop=no new information in 3 consecutive turns
         TEST  smape=0.0941  rmse=27.6629  pocid=28.57  mape=0.0954  | FLOOR smape=0.0941
         laya iter 1 -> mean_top5 conf=0.2261 rank=10
         laya iter 2 -> trimmed_mean_top5 conf=0.7264 rank=10
         laya iter 3 -> trimmed_mean_top5 conf=0.4867 rank=10
         laya iter 4 -> trimmed_mean_stable7 conf=0.4605 rank=5
         laya iter 5 -> trimmed_mean_stable7 conf=0.7166 rank=5
[  34] best_single    score= 0.6120 origin=agent    iters=7 stop=laya_accept
         TEST  smape=0.0877  rmse=12.2689  pocid=71.43  mape=0.0875  | FLOOR smape=0.0927
         laya iter 1 -> best_ONLY_DWT_catboost conf=0.216 rank=5
         laya iter 2 -> best_ONLY_DWT_catboost conf=0.9022 rank=5
         laya iter 3 -> best_rf conf=0.6489 rank=1
         laya iter 4 -> best_rf conf=0.9075 rank=1
         laya iter 5 -> best_DWT_catboost conf=0.6745 rank=3
         laya iter 6 -> best_DWT_catboost conf=0.8064 rank=3
[  35] best_single    score= 0.5950 origin=agent    iters=7 stop=laya_accept
         TEST  smape=0.1055  rmse=9.9168  pocid=57.14  mape=0.1147  | FLOOR smape=0.0974
         laya iter 1 -> best_ONLY_FT_catboost conf=0.5833 rank=3
         laya iter 2 -> best_ONLY_FT_catboost conf=0.9874 rank=3
         laya iter 3 -> best_catboost conf=0.5939 rank=1
         laya iter 4 -> best_catboost conf=0.9432 rank=1
         laya iter 5 -> best_ARIMA conf=0.235 rank=1
         laya iter 6 -> best_ARIMA conf=0.9276 rank=1
[  36] best_single    score= 0.4279 origin=agent    iters=12 stop=iteration_budget_exhausted
         TEST  smape=0.2647  rmse=34.4680  pocid=57.14  mape=0.2676  | FLOOR smape=0.2612
         laya iter 1 -> best_NaiveMovingAverage conf=0.4548 rank=2
         laya iter 2 -> best_NaiveMovingAverage conf=1.0 rank=2
         laya iter 3 -> best_ETS conf=0.4774 rank=5
         laya iter 4 -> best_ETS conf=0.8474 rank=5
         laya iter 5 -> best_ARIMA conf=0.3477 rank=1
         laya iter 6 -> best_ARIMA conf=0.2824 rank=1
         laya iter 7 -> trimmed_mean_prune conf=0.0742 rank=3
         laya iter 8 -> trimmed_mean_prune conf=0.6905 rank=3
         laya iter 9 -> trimmed_mean_full conf=0.8198 rank=4
         laya iter 10 -> trimmed_mean_full conf=0.9871 rank=4
         laya iter 11 -> trimmed_mean_top5 conf=0.1855 rank=15
         laya iter 12 -> trimmed_mean_top5 conf=0.6136 rank=15
[  37] dba            score= 0.6398 origin=baseline iters=8 stop=no new information in 3 consecutive turns
         TEST  smape=0.0559  rmse=15.3509  pocid=42.86  mape=0.0547  | FLOOR smape=0.0559
         laya iter 1 -> best_FT_catboost conf=0.4951 rank=3
         laya iter 2 -> best_FT_catboost conf=0.9905 rank=3
         laya iter 3 -> best_ONLY_DWT_rf conf=0.5819 rank=7
         laya iter 4 -> best_ONLY_DWT_rf conf=0.8319 rank=7
         laya iter 5 -> best_CWT_catboost conf=0.5248 rank=5
         laya iter 6 -> best_CWT_catboost conf=0.6353 rank=5
         laya iter 7 -> trimmed_mean_stable7 conf=0.1881 rank=10
         laya iter 8 -> trimmed_mean_stable7 conf=0.9603 rank=10
[  38] mean           score= 0.5965 origin=baseline iters=7 stop=no new information in 3 consecutive turns
         TEST  smape=0.0663  rmse=10.6326  pocid=57.14  mape=0.0652  | FLOOR smape=0.0663
         laya iter 1 -> mean_top5 conf=0.1879 rank=3
         laya iter 2 -> trimmed_mean_top5 conf=0.4968 rank=5
         laya iter 3 -> trimmed_mean_top5 conf=0.7135 rank=5
         laya iter 4 -> trimmed_mean_prune conf=0.4035 rank=3
         laya iter 5 -> trimmed_mean_prune conf=0.9532 rank=3
         laya iter 6 -> trimmed_mean_stable9 conf=0.2574 rank=8
         laya iter 7 -> trimmed_mean_stable9 conf=0.5588 rank=8
[  39] best_single    score= 0.6749 origin=agent    iters=7 stop=laya_accept
         TEST  smape=0.1203  rmse=17.9891  pocid=28.57  mape=0.1178  | FLOOR smape=0.1228
         laya iter 1 -> best_FT_catboost conf=0.5012 rank=1
         laya iter 2 -> best_FT_catboost conf=0.9921 rank=1
         laya iter 3 -> best_FT_rf conf=0.7571 rank=6
         laya iter 4 -> best_FT_rf conf=0.8212 rank=6
         laya iter 5 -> best_ONLY_DWT_catboost conf=0.6138 rank=1
         laya iter 6 -> best_ONLY_DWT_catboost conf=0.9258 rank=1
[  40] best_single    score= 0.6204 origin=agent    iters=7 stop=laya_accept
         TEST  smape=0.1614  rmse=24.7060  pocid=14.29  mape=0.1654  | FLOOR smape=0.1226
         laya iter 1 -> best_ONLY_FT_rf conf=0.2298 rank=1
         laya iter 2 -> best_ONLY_FT_rf conf=1.0 rank=1
         laya iter 3 -> best_rf conf=0.5549 rank=3
         laya iter 4 -> best_rf conf=0.9578 rank=3
         laya iter 5 -> best_catboost conf=0.5562 rank=1
         laya iter 6 -> best_catboost conf=0.7382 rank=1
[  41] best_single    score= 0.6856 origin=agent    iters=12 stop=laya_accept
         TEST  smape=0.0764  rmse=12.0615  pocid=42.86  mape=0.0759  | FLOOR smape=0.0725
         laya iter 1 -> best_ETS conf=0.1981 rank=10
         laya iter 2 -> best_ETS conf=1.0 rank=10
         laya iter 3 -> best_ARIMA conf=0.2285 rank=1
         laya iter 4 -> best_ARIMA conf=0.6298 rank=1
         laya iter 5 -> best_THETA conf=0.2136 rank=11
         laya iter 6 -> best_THETA conf=0.3742 rank=11
         laya iter 7 -> trimmed_mean_prune conf=0.1523 rank=11
         laya iter 8 -> trimmed_mean_prune conf=0.9866 rank=11
         laya iter 9 -> trimmed_mean_full conf=0.9307 rank=6
         laya iter 10 -> trimmed_mean_full conf=0.9672 rank=6
         laya iter 11 -> trimmed_mean_top5 conf=0.4313 rank=2
[  42] best_single    score= 0.5389 origin=agent    iters=6 stop=no new information in 3 consecutive turns
         TEST  smape=0.1069  rmse=21.8183  pocid=42.86  mape=0.1175  | FLOOR smape=0.0986
         laya iter 1 -> best_NaiveMovingAverage conf=0.5189 rank=1
         laya iter 2 -> best_NaiveMovingAverage conf=1.0 rank=1
         laya iter 3 -> best_ETS conf=0.3476 rank=7
         laya iter 4 -> best_ETS conf=0.8123 rank=7
         laya iter 5 -> trimmed_mean_stable7 conf=0.2958 rank=4
         laya iter 6 -> trimmed_mean_stable7 conf=0.853 rank=4
[  43] best_single    score= 0.6653 origin=agent    iters=6 stop=no new information in 3 consecutive turns
         TEST  smape=0.0568  rmse=9.1850  pocid=85.71  mape=0.0577  | FLOOR smape=0.0538
         laya iter 1 -> best_ONLY_CWT_rf conf=0.3579 rank=2
         laya iter 2 -> best_ONLY_CWT_rf conf=0.9914 rank=2
         laya iter 3 -> best_catboost conf=0.2327 rank=1
         laya iter 4 -> best_catboost conf=0.7543 rank=1
         laya iter 5 -> trimmed_mean_stable7 conf=0.1682 rank=8
         laya iter 6 -> trimmed_mean_stable7 conf=0.8115 rank=8
[  44] best_single    score= 0.6824 origin=agent    iters=7 stop=laya_accept
         TEST  smape=0.1303  rmse=17.9095  pocid=42.86  mape=0.1432  | FLOOR smape=0.1146
         laya iter 1 -> best_THETA conf=0.3954 rank=1
         laya iter 2 -> best_THETA conf=0.999 rank=1
         laya iter 3 -> best_ETS conf=0.5974 rank=5
         laya iter 4 -> best_ETS conf=0.9932 rank=5
         laya iter 5 -> best_CWT_catboost conf=0.4186 rank=2
         laya iter 6 -> best_CWT_catboost conf=0.5571 rank=2
[  45] best_single    score= 0.5544 origin=agent    iters=8 stop=no new information in 3 consecutive turns
         TEST  smape=0.1640  rmse=22.1222  pocid=28.57  mape=0.1493  | FLOOR smape=0.1306
         laya iter 1 -> best_ETS conf=0.4714 rank=9
         laya iter 2 -> best_ETS conf=0.9955 rank=9
         laya iter 3 -> best_ARIMA conf=0.2191 rank=1
         laya iter 4 -> best_ARIMA conf=0.7245 rank=1
         laya iter 5 -> best_THETA conf=0.1842 rank=5
         laya iter 6 -> best_THETA conf=0.4272 rank=5
         laya iter 7 -> trimmed_mean_stable7 conf=0.1465 rank=3
         laya iter 8 -> trimmed_mean_stable7 conf=0.9137 rank=3
[  46] best_single    score= 0.6056 origin=agent    iters=8 stop=no new information in 3 consecutive turns
         TEST  smape=0.0409  rmse=14.5924  pocid=42.86  mape=0.0399  | FLOOR smape=0.0421
         laya iter 1 -> best_FT_catboost conf=0.1918 rank=5
         laya iter 2 -> best_FT_catboost conf=0.7113 rank=5
         laya iter 3 -> best_ONLY_FT_rf conf=0.8927 rank=1
         laya iter 4 -> best_ONLY_FT_rf conf=0.9502 rank=1
         laya iter 5 -> best_DWT_catboost conf=0.2451 rank=4
         laya iter 6 -> best_DWT_catboost conf=0.6771 rank=4
         laya iter 7 -> trimmed_mean_stable7 conf=0.1166 rank=6
         laya iter 8 -> trimmed_mean_stable7 conf=0.9423 rank=6
[  47] mean           score= 0.6952 origin=baseline iters=12 stop=iteration_budget_exhausted
         TEST  smape=0.1546  rmse=29.1903  pocid=28.57  mape=0.1515  | FLOOR smape=0.1546
         laya iter 1 -> best_ONLY_CWT_rf conf=0.2563 rank=4
         laya iter 2 -> best_ONLY_CWT_rf conf=0.9931 rank=4
         laya iter 3 -> best_CWT_rf conf=0.4441 rank=3
         laya iter 4 -> best_CWT_rf conf=0.6632 rank=3
         laya iter 5 -> best_CWT_catboost conf=0.4086 rank=3
         laya iter 6 -> best_CWT_catboost conf=0.3978 rank=3
         laya iter 7 -> trimmed_mean_top5 conf=0.1332 rank=11
         laya iter 8 -> trimmed_mean_top5 conf=0.6011 rank=11
         laya iter 9 -> trimmed_mean_full conf=0.6998 rank=2
         laya iter 10 -> trimmed_mean_full conf=0.9807 rank=2
         laya iter 11 -> trimmed_mean_prune conf=0.8504 rank=8
         laya iter 12 -> trimmed_mean_prune conf=0.9987 rank=8
[  48] best_single    score= 0.5771 origin=agent    iters=6 stop=no new information in 3 consecutive turns
         TEST  smape=0.1312  rmse=22.2277  pocid=28.57  mape=0.1424  | FLOOR smape=0.1015
         laya iter 1 -> best_FT_catboost conf=0.683 rank=1
         laya iter 2 -> best_FT_catboost conf=0.9961 rank=1
         laya iter 3 -> best_ONLY_DWT_catboost conf=0.8418 rank=1
         laya iter 4 -> best_ONLY_DWT_catboost conf=0.6973 rank=1
         laya iter 5 -> trimmed_mean_stable7 conf=0.2967 rank=5
         laya iter 6 -> trimmed_mean_stable7 conf=0.6271 rank=5
[  49] best_single    score= 0.4555 origin=agent    iters=12 stop=iteration_budget_exhausted
         TEST  smape=0.1371  rmse=23.3183  pocid=57.14  mape=0.1310  | FLOOR smape=0.1144
         laya iter 1 -> mean_top5 conf=0.2028 rank=10
         laya iter 2 -> best_ARIMA conf=0.391 rank=1
         laya iter 3 -> best_ARIMA conf=0.9666 rank=1
         laya iter 4 -> best_ETS conf=0.5311 rank=1
         laya iter 5 -> best_ETS conf=0.9846 rank=1
         laya iter 6 -> trimmed_mean_top5 conf=0.2941 rank=11
         laya iter 7 -> trimmed_mean_top5 conf=0.9103 rank=11
         laya iter 8 -> trimmed_mean_prune conf=0.4425 rank=10
         laya iter 9 -> trimmed_mean_prune conf=0.9993 rank=10
         laya iter 10 -> trimmed_mean_full conf=0.7099 rank=8
         laya iter 11 -> trimmed_mean_full conf=0.9396 rank=8
         laya iter 12 -> trimmed_mean_stable9 conf=0.3227 rank=3
[  50] best_single    score= 0.6143 origin=agent    iters=12 stop=iteration_budget_exhausted
         TEST  smape=0.1780  rmse=25.7908  pocid=42.86  mape=0.1598  | FLOOR smape=0.1268
         laya iter 1 -> mean_top5 conf=0.269 rank=1
         laya iter 2 -> trimmed_mean_top5 conf=0.4536 rank=1
         laya iter 3 -> trimmed_mean_top5 conf=0.6486 rank=1
         laya iter 4 -> trimmed_mean_prune conf=0.3284 rank=2
         laya iter 5 -> trimmed_mean_prune conf=0.7304 rank=2
         laya iter 6 -> best_ETS conf=0.4191 rank=1
         laya iter 7 -> best_ETS conf=1.0 rank=1
         laya iter 8 -> best_THETA conf=0.2936 rank=3
         laya iter 9 -> best_THETA conf=0.7358 rank=3
         laya iter 10 -> trimmed_mean_full conf=0.9011 rank=9
         laya iter 11 -> trimmed_mean_full conf=0.9981 rank=9
         laya iter 12 -> best_ARIMA conf=0.4777 rank=4
[  51] best_single    score= 0.6508 origin=agent    iters=6 stop=no new information in 3 consecutive turns
         TEST  smape=0.0966  rmse=27.3718  pocid=85.71  mape=0.0970  | FLOOR smape=0.0896
         laya iter 1 -> best_ONLY_CWT_rf conf=0.3553 rank=1
         laya iter 2 -> best_ONLY_CWT_rf conf=0.9966 rank=1
         laya iter 3 -> best_CWT_rf conf=0.3865 rank=10
         laya iter 4 -> best_CWT_rf conf=0.4134 rank=10
         laya iter 5 -> trimmed_mean_stable7 conf=0.242 rank=5
         laya iter 6 -> trimmed_mean_stable7 conf=0.8723 rank=5
[  52] best_single    score= 0.6210 origin=agent    iters=12 stop=iteration_budget_exhausted
         TEST  smape=0.0719  rmse=7.3455  pocid=57.14  mape=0.0699  | FLOOR smape=0.0821
         laya iter 1 -> best_ETS conf=0.3151 rank=5
         laya iter 2 -> best_ETS conf=1.0 rank=5
         laya iter 3 -> best_THETA conf=0.2589 rank=1
         laya iter 4 -> best_THETA conf=0.5932 rank=1
         laya iter 5 -> best_ARIMA conf=0.2642 rank=2
         laya iter 6 -> best_ARIMA conf=0.4783 rank=2
         laya iter 7 -> trimmed_mean_top5 conf=0.2113 rank=12
         laya iter 8 -> trimmed_mean_top5 conf=0.6219 rank=12
         laya iter 9 -> trimmed_mean_full conf=0.7652 rank=5
         laya iter 10 -> trimmed_mean_full conf=0.9304 rank=5
         laya iter 11 -> trimmed_mean_prune conf=0.8061 rank=14
         laya iter 12 -> trimmed_mean_prune conf=0.9934 rank=14
[  53] trimmed_mean   score= 0.5847 origin=baseline iters=6 stop=no new information in 3 consecutive turns
         TEST  smape=0.1175  rmse=15.7569  pocid=28.57  mape=0.1172  | FLOOR smape=0.1175
         laya iter 1 -> best_NaiveMovingAverage conf=0.5706 rank=2
         laya iter 2 -> best_NaiveMovingAverage conf=1.0 rank=2
         laya iter 3 -> best_ETS conf=0.442 rank=8
         laya iter 4 -> best_ETS conf=0.843 rank=8
         laya iter 5 -> trimmed_mean_stable7 conf=0.1825 rank=7
         laya iter 6 -> trimmed_mean_stable7 conf=0.9546 rank=7
[  54] best_single    score= 0.5363 origin=agent    iters=12 stop=iteration_budget_exhausted
         TEST  smape=0.0670  rmse=6.6497  pocid=14.29  mape=0.0694  | FLOOR smape=0.0587
         laya iter 1 -> best_ONLY_DWT_catboost conf=0.3781 rank=1
         laya iter 2 -> best_ONLY_DWT_catboost conf=0.5906 rank=1
         laya iter 3 -> best_DWT_catboost conf=0.4202 rank=1
         laya iter 4 -> best_DWT_catboost conf=0.8442 rank=1
         laya iter 5 -> best_catboost conf=0.4506 rank=1
         laya iter 6 -> best_catboost conf=0.2565 rank=1
         laya iter 7 -> trimmed_mean_top5 conf=0.1192 rank=13
         laya iter 8 -> trimmed_mean_top5 conf=0.9518 rank=13
         laya iter 9 -> trimmed_mean_prune conf=0.7267 rank=14
         laya iter 10 -> trimmed_mean_prune conf=0.9334 rank=14
         laya iter 11 -> trimmed_mean_full conf=0.9355 rank=8
         laya iter 12 -> trimmed_mean_full conf=0.9983 rank=8
[  55] best_single    score= 0.5616 origin=agent    iters=8 stop=no new information in 3 consecutive turns
         TEST  smape=0.2056  rmse=19.1195  pocid=42.86  mape=0.1957  | FLOOR smape=0.1519
         laya iter 1 -> best_ONLY_DWT_rf conf=0.5165 rank=1
         laya iter 2 -> best_ONLY_DWT_catboost conf=0.8291 rank=1
         laya iter 3 -> best_ONLY_DWT_rf conf=0.8133 rank=2
         laya iter 4 -> best_ONLY_DWT_catboost conf=0.9135 rank=1
         laya iter 5 -> best_DWT_rf conf=0.2361 rank=2
         laya iter 6 -> best_DWT_rf conf=0.4844 rank=2
         laya iter 7 -> trimmed_mean_stable7 conf=0.2526 rank=4
         laya iter 8 -> trimmed_mean_stable7 conf=0.9962 rank=4
[  56] trimmed_mean   score= 0.5204 origin=agent    iters=12 stop=iteration_budget_exhausted
         TEST  smape=0.0973  rmse=13.3770  pocid=71.43  mape=0.0969  | FLOOR smape=0.0754
         laya iter 1 -> mean_top5 conf=0.1995 rank=1
         laya iter 2 -> trimmed_mean_top5 conf=0.5822 rank=1
         laya iter 3 -> trimmed_mean_top5 conf=0.3594 rank=1
         laya iter 4 -> trimmed_mean_prune conf=0.3493 rank=3
         laya iter 5 -> trimmed_mean_prune conf=0.911 rank=3
         laya iter 6 -> best_ARIMA conf=0.234 rank=3
         laya iter 7 -> best_ARIMA conf=0.994 rank=3
         laya iter 8 -> trimmed_mean_full conf=0.313 rank=11
         laya iter 9 -> trimmed_mean_full conf=0.4574 rank=11
         laya iter 10 -> best_ETS conf=0.2413 rank=5
         laya iter 11 -> best_ETS conf=1.0 rank=5
         laya iter 12 -> best_rf conf=0.3416 rank=3
[  57] trimmed_mean   score= 0.5933 origin=baseline iters=6 stop=no new information in 3 consecutive turns
         TEST  smape=0.0757  rmse=14.8265  pocid=0.00  mape=0.0727  | FLOOR smape=0.0757
         laya iter 1 -> best_ETS conf=0.2525 rank=10
         laya iter 2 -> best_ETS conf=1.0 rank=10
         laya iter 3 -> best_ARIMA conf=0.281 rank=10
         laya iter 4 -> best_ARIMA conf=0.3371 rank=10
         laya iter 5 -> trimmed_mean_stable7 conf=0.2757 rank=2
         laya iter 6 -> trimmed_mean_stable7 conf=0.9931 rank=2
[  58] best_single    score= 0.6642 origin=agent    iters=8 stop=no new information in 3 consecutive turns
         TEST  smape=0.1903  rmse=20.3321  pocid=57.14  mape=0.1833  | FLOOR smape=0.1799
         laya iter 1 -> best_ONLY_FT_catboost conf=0.2205 rank=8
         laya iter 2 -> best_ONLY_FT_catboost conf=0.8473 rank=8
         laya iter 3 -> best_FT_catboost conf=0.9017 rank=1
         laya iter 4 -> best_FT_catboost conf=0.95 rank=1
         laya iter 5 -> best_rf conf=0.4348 rank=3
         laya iter 6 -> best_rf conf=0.9543 rank=3
         laya iter 7 -> trimmed_mean_stable7 conf=0.1906 rank=6
         laya iter 8 -> trimmed_mean_stable7 conf=0.8952 rank=6
[  59] best_single    score= 0.5872 origin=agent    iters=8 stop=no new information in 3 consecutive turns
         TEST  smape=0.2371  rmse=30.1338  pocid=28.57  mape=0.2729  | FLOOR smape=0.1932
         laya iter 1 -> best_ETS conf=0.2145 rank=1
         laya iter 2 -> best_ETS conf=1.0 rank=1
         laya iter 3 -> best_ARIMA conf=0.3045 rank=5
         laya iter 4 -> best_ARIMA conf=0.7859 rank=5
         laya iter 5 -> best_THETA conf=0.1476 rank=2
         laya iter 6 -> best_THETA conf=0.1272 rank=2
         laya iter 7 -> trimmed_mean_stable7 conf=0.0813 rank=9
         laya iter 8 -> trimmed_mean_stable7 conf=0.7234 rank=9
[  60] best_single    score= 0.5993 origin=agent    iters=12 stop=iteration_budget_exhausted
         TEST  smape=0.0695  rmse=9.3157  pocid=28.57  mape=0.0678  | FLOOR smape=0.0564
         laya iter 1 -> best_ONLY_DWT_catboost conf=0.617 rank=1
         laya iter 2 -> best_ONLY_DWT_catboost conf=0.9845 rank=1
         laya iter 3 -> best_THETA conf=0.1815 rank=2
         laya iter 4 -> best_THETA conf=0.4478 rank=2
         laya iter 5 -> trimmed_mean_top5 conf=0.1235 rank=12
         laya iter 6 -> trimmed_mean_top5 conf=0.7593 rank=12
         laya iter 7 -> trimmed_mean_prune conf=0.252 rank=13
         laya iter 8 -> trimmed_mean_prune conf=0.976 rank=13
         laya iter 9 -> trimmed_mean_full conf=0.6448 rank=5
         laya iter 10 -> trimmed_mean_full conf=0.9934 rank=5
         laya iter 11 -> best_ARIMA conf=0.4988 rank=3
         laya iter 12 -> best_ARIMA conf=1.0 rank=3
[  61] best_single    score= 0.6126 origin=agent    iters=8 stop=no new information in 3 consecutive turns
         TEST  smape=0.1242  rmse=20.9437  pocid=57.14  mape=0.1330  | FLOOR smape=0.1226
         laya iter 1 -> best_ETS conf=0.3178 rank=8
         laya iter 2 -> best_ETS conf=1.0 rank=8
         laya iter 3 -> best_ARIMA conf=0.2105 rank=1
         laya iter 4 -> best_ARIMA conf=0.6664 rank=1
         laya iter 5 -> best_THETA conf=0.4999 rank=3
         laya iter 6 -> best_THETA conf=0.6183 rank=3
         laya iter 7 -> trimmed_mean_stable7 conf=0.1769 rank=5
         laya iter 8 -> trimmed_mean_stable7 conf=0.9178 rank=5
[  62] mean           score= 0.7197 origin=baseline iters=6 stop=no new information in 3 consecutive turns
         TEST  smape=0.0775  rmse=10.5140  pocid=71.43  mape=0.0830  | FLOOR smape=0.0775
         laya iter 1 -> best_ONLY_FT_rf conf=0.2869 rank=9
         laya iter 2 -> best_ONLY_FT_rf conf=0.8107 rank=9
         laya iter 3 -> best_CWT_catboost conf=0.3405 rank=10
         laya iter 4 -> best_CWT_catboost conf=0.5104 rank=10
         laya iter 5 -> trimmed_mean_stable7 conf=0.37 rank=5
         laya iter 6 -> trimmed_mean_stable7 conf=0.9131 rank=5
[  63] best_single    score= 0.6015 origin=agent    iters=7 stop=laya_accept
         TEST  smape=0.1263  rmse=13.3521  pocid=71.43  mape=0.1183  | FLOOR smape=0.1190
         laya iter 1 -> best_ONLY_FT_catboost conf=0.6025 rank=1
         laya iter 2 -> best_ONLY_FT_catboost conf=0.9261 rank=1
         laya iter 3 -> best_FT_catboost conf=0.8571 rank=1
         laya iter 4 -> best_ETS conf=0.696 rank=12
         laya iter 5 -> best_ETS conf=0.8819 rank=12
         laya iter 6 -> best_FT_catboost conf=0.6865 rank=1
[  64] best_single    score= 0.6390 origin=agent    iters=8 stop=no new information in 3 consecutive turns
         TEST  smape=0.1558  rmse=32.5773  pocid=57.14  mape=0.1433  | FLOOR smape=0.1143
         laya iter 1 -> best_ARIMA conf=0.2339 rank=1
         laya iter 2 -> best_ARIMA conf=1.0 rank=1
         laya iter 3 -> best_ETS conf=0.5867 rank=1
         laya iter 4 -> best_ETS conf=0.9594 rank=1
         laya iter 5 -> best_THETA conf=0.3608 rank=1
         laya iter 6 -> best_THETA conf=0.8351 rank=1
         laya iter 7 -> trimmed_mean_stable9 conf=0.1725 rank=6
         laya iter 8 -> trimmed_mean_stable9 conf=0.4735 rank=6
[  65] best_single    score= 0.6554 origin=agent    iters=7 stop=laya_accept
         TEST  smape=0.1402  rmse=29.4284  pocid=42.86  mape=0.1363  | FLOOR smape=0.1253
         laya iter 1 -> best_THETA conf=0.4233 rank=1
         laya iter 2 -> best_THETA conf=0.9993 rank=1
         laya iter 3 -> best_CWT_catboost conf=0.5169 rank=5
         laya iter 4 -> best_CWT_catboost conf=0.7463 rank=5
         laya iter 5 -> best_ETS conf=0.8007 rank=10
         laya iter 6 -> best_ETS conf=0.9319 rank=10
[  66] best_single    score= 0.5505 origin=agent    iters=12 stop=iteration_budget_exhausted
         TEST  smape=0.0877  rmse=20.0936  pocid=71.43  mape=0.0855  | FLOOR smape=0.0750
         laya iter 1 -> best_NaiveMovingAverage conf=0.4499 rank=1
         laya iter 2 -> best_NaiveMovingAverage conf=1.0 rank=1
         laya iter 3 -> best_ONLY_FT_catboost conf=0.6161 rank=1
         laya iter 4 -> best_ONLY_FT_catboost conf=0.9624 rank=1
         laya iter 5 -> trimmed_mean_top5 conf=0.1974 rank=3
         laya iter 6 -> trimmed_mean_top5 conf=0.6153 rank=3
         laya iter 7 -> trimmed_mean_prune conf=0.3188 rank=4
         laya iter 8 -> trimmed_mean_prune conf=0.9606 rank=4
         laya iter 9 -> trimmed_mean_full conf=0.7387 rank=7
         laya iter 10 -> trimmed_mean_full conf=0.9575 rank=7
         laya iter 11 -> best_THETA conf=0.4252 rank=2
         laya iter 12 -> best_THETA conf=0.9108 rank=2
[  67] best_single    score= 0.5236 origin=agent    iters=12 stop=iteration_budget_exhausted
         TEST  smape=0.1361  rmse=50.4637  pocid=28.57  mape=0.1526  | FLOOR smape=0.1476
         laya iter 1 -> best_ONLY_DWT_catboost conf=0.5119 rank=1
         laya iter 2 -> best_ONLY_DWT_catboost conf=0.9783 rank=1
         laya iter 3 -> best_DWT_rf conf=0.7869 rank=2
         laya iter 4 -> best_DWT_rf conf=0.9795 rank=2
         laya iter 5 -> best_rf conf=0.3708 rank=2
         laya iter 6 -> best_rf conf=0.5521 rank=2
         laya iter 7 -> trimmed_mean_top5 conf=0.1924 rank=2
         laya iter 8 -> trimmed_mean_top5 conf=0.8719 rank=2
         laya iter 9 -> trimmed_mean_prune conf=0.6526 rank=2
         laya iter 10 -> trimmed_mean_prune conf=0.9905 rank=2
         laya iter 11 -> trimmed_mean_full conf=0.7207 rank=14
         laya iter 12 -> trimmed_mean_full conf=0.9792 rank=14
[  68] best_single    score= 0.5831 origin=agent    iters=12 stop=iteration_budget_exhausted
         TEST  smape=0.1229  rmse=19.5115  pocid=28.57  mape=0.1392  | FLOOR smape=0.0983
         laya iter 1 -> best_NaiveMovingAverage conf=0.4868 rank=1
         laya iter 2 -> best_NaiveMovingAverage conf=1.0 rank=1
         laya iter 3 -> best_FT_catboost conf=0.8938 rank=2
         laya iter 4 -> best_FT_catboost conf=0.9962 rank=2
         laya iter 5 -> best_DWT_catboost conf=0.2688 rank=5
         laya iter 6 -> best_DWT_catboost conf=0.4865 rank=5
         laya iter 7 -> trimmed_mean_top5 conf=0.1465 rank=13
         laya iter 8 -> trimmed_mean_top5 conf=0.8035 rank=13
         laya iter 9 -> trimmed_mean_prune conf=0.7195 rank=12
         laya iter 10 -> trimmed_mean_prune conf=0.9965 rank=12
         laya iter 11 -> trimmed_mean_full conf=0.8581 rank=3
         laya iter 12 -> trimmed_mean_full conf=1.0 rank=3
[  69] mean           score= 0.6952 origin=baseline iters=8 stop=no new information in 3 consecutive turns
         TEST  smape=0.1305  rmse=18.9446  pocid=14.29  mape=0.1463  | FLOOR smape=0.1305
         laya iter 1 -> best_CWT_rf conf=0.3955 rank=6
         laya iter 2 -> best_CWT_rf conf=0.9017 rank=6
         laya iter 3 -> best_rf conf=0.3974 rank=7
         laya iter 4 -> best_rf conf=0.7339 rank=7
         laya iter 5 -> best_ARIMA conf=0.2401 rank=5
         laya iter 6 -> best_ARIMA conf=0.8654 rank=5
         laya iter 7 -> trimmed_mean_stable7 conf=0.1301 rank=3
         laya iter 8 -> trimmed_mean_stable7 conf=0.5561 rank=3
[  70] best_single    score= 0.5770 origin=agent    iters=8 stop=no new information in 3 consecutive turns
         TEST  smape=0.1939  rmse=19.5157  pocid=42.86  mape=0.1888  | FLOOR smape=0.1595
         laya iter 1 -> best_ARIMA conf=0.3871 rank=1
         laya iter 2 -> best_ARIMA conf=1.0 rank=1
         laya iter 3 -> best_ETS conf=0.4259 rank=5
         laya iter 4 -> best_ETS conf=0.9355 rank=5
         laya iter 5 -> best_THETA conf=0.1932 rank=1
         laya iter 6 -> best_THETA conf=0.9778 rank=1
         laya iter 7 -> trimmed_mean_stable7 conf=0.3234 rank=8
         laya iter 8 -> trimmed_mean_stable7 conf=0.8368 rank=8
[  71] mean           score= 0.6857 origin=baseline iters=7 stop=laya_accept
         TEST  smape=0.0851  rmse=10.9971  pocid=28.57  mape=0.0856  | FLOOR smape=0.0851
         laya iter 1 -> best_ONLY_DWT_catboost conf=0.4899 rank=6
         laya iter 2 -> best_ONLY_DWT_catboost conf=0.8477 rank=6
         laya iter 3 -> best_ONLY_DWT_rf conf=0.8628 rank=2
         laya iter 4 -> best_ONLY_DWT_rf conf=0.8767 rank=2
         laya iter 5 -> best_DWT_rf conf=0.4696 rank=5
         laya iter 6 -> best_DWT_rf conf=0.3019 rank=5
[  72] median         score= 0.6780 origin=baseline iters=7 stop=no new information in 3 consecutive turns
         TEST  smape=0.1378  rmse=16.9550  pocid=57.14  mape=0.1516  | FLOOR smape=0.1378
         laya iter 1 -> mean_top5 conf=0.1852 rank=9
         laya iter 2 -> trimmed_mean_top5 conf=0.5942 rank=9
         laya iter 3 -> trimmed_mean_top5 conf=0.9641 rank=9
         laya iter 4 -> trimmed_mean_prune conf=0.2851 rank=12
         laya iter 5 -> trimmed_mean_prune conf=0.9395 rank=12
         laya iter 6 -> trimmed_mean_stable9 conf=0.2807 rank=4
         laya iter 7 -> trimmed_mean_stable9 conf=0.8176 rank=4
[  73] best_single    score= 0.5844 origin=agent    iters=8 stop=no new information in 3 consecutive turns
         TEST  smape=0.1663  rmse=19.1460  pocid=57.14  mape=0.1512  | FLOOR smape=0.1579
         laya iter 1 -> best_ETS conf=0.3853 rank=1
         laya iter 2 -> best_ETS conf=1.0 rank=1
         laya iter 3 -> best_ARIMA conf=0.1878 rank=3
         laya iter 4 -> best_ARIMA conf=0.2482 rank=3
         laya iter 5 -> best_THETA conf=0.138 rank=1
         laya iter 6 -> best_THETA conf=0.5805 rank=1
         laya iter 7 -> trimmed_mean_stable7 conf=0.1381 rank=11
         laya iter 8 -> trimmed_mean_stable7 conf=0.7071 rank=11
[  74] best_single    score= 0.5930 origin=agent    iters=7 stop=laya_accept
         TEST  smape=0.1488  rmse=18.7088  pocid=42.86  mape=0.1635  | FLOOR smape=0.1377
         laya iter 1 -> best_ONLY_DWT_catboost conf=0.752 rank=1
         laya iter 2 -> best_ONLY_DWT_catboost conf=0.9947 rank=1
         laya iter 3 -> best_FT_rf conf=0.6993 rank=2
         laya iter 4 -> best_FT_rf conf=0.8675 rank=2
         laya iter 5 -> best_DWT_catboost conf=0.5315 rank=3
         laya iter 6 -> best_DWT_catboost conf=0.7943 rank=3
[  75] best_single    score= 0.3503 origin=agent    iters=9 stop=no new information in 3 consecutive turns
         TEST  smape=0.1477  rmse=17.6327  pocid=42.86  mape=0.1360  | FLOOR smape=0.1245
         laya iter 1 -> mean_top5 conf=0.2028 rank=3
         laya iter 2 -> trimmed_mean_top5 conf=0.511 rank=1
         laya iter 3 -> trimmed_mean_top5 conf=0.8346 rank=1
         laya iter 4 -> trimmed_mean_prune conf=0.3657 rank=7
         laya iter 5 -> trimmed_mean_prune conf=0.9955 rank=7
         laya iter 6 -> best_ETS conf=0.3575 rank=1
         laya iter 7 -> best_ETS conf=1.0 rank=1
         laya iter 8 -> trimmed_mean_stable7 conf=0.3699 rank=6
         laya iter 9 -> trimmed_mean_stable7 conf=0.7594 rank=6
[  76] mean           score= 0.5996 origin=baseline iters=6 stop=no new information in 3 consecutive turns
         TEST  smape=0.0786  rmse=11.7526  pocid=57.14  mape=0.0820  | FLOOR smape=0.0786
         laya iter 1 -> best_ARIMA conf=0.1795 rank=10
         laya iter 2 -> best_ARIMA conf=1.0 rank=10
         laya iter 3 -> trimmed_mean_full conf=0.2219 rank=8
         laya iter 4 -> trimmed_mean_full conf=0.8771 rank=8
         laya iter 5 -> trimmed_mean_stable7 conf=0.3622 rank=3
         laya iter 6 -> trimmed_mean_stable7 conf=0.8424 rank=3
[  77] mean           score= 0.5843 origin=baseline iters=8 stop=no new information in 3 consecutive turns
         TEST  smape=0.0885  rmse=17.1500  pocid=42.86  mape=0.0933  | FLOOR smape=0.0885
         laya iter 1 -> best_rf conf=0.2822 rank=3
         laya iter 2 -> best_rf conf=0.9558 rank=3
         laya iter 3 -> best_DWT_catboost conf=0.2977 rank=8
         laya iter 4 -> best_DWT_catboost conf=0.7154 rank=8
         laya iter 5 -> best_catboost conf=0.6579 rank=3
         laya iter 6 -> best_catboost conf=0.531 rank=3
         laya iter 7 -> trimmed_mean_stable7 conf=0.2656 rank=6
         laya iter 8 -> trimmed_mean_stable7 conf=0.9546 rank=6
[  78] trimmed_mean   score= 0.6282 origin=baseline iters=6 stop=no new information in 3 consecutive turns
         TEST  smape=0.1014  rmse=13.7804  pocid=14.29  mape=0.0958  | FLOOR smape=0.1014
         laya iter 1 -> best_ONLY_DWT_rf conf=0.3738 rank=9
         laya iter 2 -> best_ONLY_DWT_rf conf=0.9749 rank=9
         laya iter 3 -> best_DWT_rf conf=0.2755 rank=9
         laya iter 4 -> best_DWT_rf conf=0.3374 rank=9
         laya iter 5 -> trimmed_mean_stable7 conf=0.1057 rank=1
         laya iter 6 -> trimmed_mean_stable7 conf=0.8982 rank=1
[  79] best_single    score= 0.6269 origin=agent    iters=12 stop=iteration_budget_exhausted
         TEST  smape=0.1549  rmse=26.2244  pocid=85.71  mape=0.1529  | FLOOR smape=0.1177
         laya iter 1 -> best_FT_rf conf=0.6705 rank=1
         laya iter 2 -> best_FT_rf conf=0.9972 rank=1
         laya iter 3 -> best_FT_catboost conf=0.8802 rank=4
         laya iter 4 -> best_FT_catboost conf=0.9533 rank=4
         laya iter 5 -> best_ETS conf=0.704 rank=3
         laya iter 6 -> best_ETS conf=0.9562 rank=3
         laya iter 7 -> trimmed_mean_prune conf=0.1785 rank=6
         laya iter 8 -> trimmed_mean_prune conf=0.8819 rank=6
         laya iter 9 -> trimmed_mean_full conf=0.651 rank=13
         laya iter 10 -> trimmed_mean_full conf=0.8611 rank=13
         laya iter 11 -> trimmed_mean_top5 conf=0.31 rank=5
         laya iter 12 -> trimmed_mean_top5 conf=0.7847 rank=5
[  80] trimmed_mean   score= 0.6175 origin=baseline iters=8 stop=no new information in 3 consecutive turns
         TEST  smape=0.1695  rmse=12.9178  pocid=0.00  mape=0.1919  | FLOOR smape=0.1695
         laya iter 1 -> best_ONLY_CWT_catboost conf=0.2356 rank=9
         laya iter 2 -> best_ONLY_CWT_catboost conf=0.9654 rank=9
         laya iter 3 -> best_FT_rf conf=0.4094 rank=11
         laya iter 4 -> best_FT_rf conf=0.8967 rank=11
         laya iter 5 -> best_CWT_catboost conf=0.217 rank=10
         laya iter 6 -> best_CWT_catboost conf=0.8129 rank=10
         laya iter 7 -> trimmed_mean_stable7 conf=0.1589 rank=1
         laya iter 8 -> trimmed_mean_stable7 conf=0.7166 rank=1
[  81] best_single    score= 0.4992 origin=agent    iters=4 stop=no new information in 3 consecutive turns
         TEST  smape=0.1587  rmse=16.7502  pocid=71.43  mape=0.1451  | FLOOR smape=0.1137
         laya iter 1 -> best_ETS conf=0.2053 rank=1
         laya iter 2 -> best_ETS conf=1.0 rank=1
         laya iter 3 -> trimmed_mean_stable7 conf=0.1956 rank=10
         laya iter 4 -> trimmed_mean_stable7 conf=0.476 rank=10
[  82] best_single    score= 0.6165 origin=agent    iters=8 stop=no new information in 3 consecutive turns
         TEST  smape=0.1361  rmse=36.3039  pocid=14.29  mape=0.1365  | FLOOR smape=0.1296
         laya iter 1 -> best_ONLY_FT_rf conf=0.4018 rank=1
         laya iter 2 -> best_ONLY_FT_rf conf=0.9797 rank=1
         laya iter 3 -> best_ONLY_FT_catboost conf=0.9722 rank=1
         laya iter 4 -> best_ONLY_FT_catboost conf=0.9759 rank=1
         laya iter 5 -> best_FT_catboost conf=0.9701 rank=2
         laya iter 6 -> best_FT_catboost conf=0.989 rank=2
         laya iter 7 -> trimmed_mean_stable7 conf=0.1655 rank=4
         laya iter 8 -> trimmed_mean_stable7 conf=0.9053 rank=4
[  83] best_single    score= 0.6834 origin=agent    iters=7 stop=laya_accept
         TEST  smape=0.1108  rmse=18.8219  pocid=57.14  mape=0.1044  | FLOOR smape=0.1207
         laya iter 1 -> best_ONLY_FT_catboost conf=0.5522 rank=1
         laya iter 2 -> best_ONLY_FT_catboost conf=1.0 rank=1
         laya iter 3 -> best_FT_rf conf=0.7776 rank=3
         laya iter 4 -> best_FT_rf conf=0.6015 rank=3
         laya iter 5 -> best_ARIMA conf=0.1417 rank=5
         laya iter 6 -> best_ARIMA conf=0.6593 rank=5
[  84] best_single    score= 0.6482 origin=agent    iters=5 stop=laya_accept
         TEST  smape=0.1206  rmse=10.7870  pocid=42.86  mape=0.1269  | FLOOR smape=0.1366
         laya iter 1 -> best_NaiveMovingAverage conf=0.6969 rank=1
         laya iter 2 -> best_NaiveMovingAverage conf=1.0 rank=1
         laya iter 3 -> best_FT_catboost conf=0.8538 rank=1
         laya iter 4 -> best_FT_catboost conf=0.9958 rank=1
[  85] best_single    score= 0.5791 origin=agent    iters=12 stop=iteration_budget_exhausted
         TEST  smape=0.0830  rmse=10.0598  pocid=28.57  mape=0.0844  | FLOOR smape=0.0844
         laya iter 1 -> best_ONLY_FT_catboost conf=0.8781 rank=1
         laya iter 2 -> best_ONLY_FT_catboost conf=0.9986 rank=1
         laya iter 3 -> best_NaiveMovingAverage conf=0.6053 rank=1
         laya iter 4 -> best_NaiveMovingAverage conf=0.9748 rank=1
         laya iter 5 -> best_THETA conf=0.2013 rank=2
         laya iter 6 -> best_THETA conf=0.568 rank=2
         laya iter 7 -> trimmed_mean_top5 conf=0.1617 rank=6
         laya iter 8 -> trimmed_mean_top5 conf=0.9342 rank=6
         laya iter 9 -> trimmed_mean_prune conf=0.7531 rank=9
         laya iter 10 -> trimmed_mean_prune conf=0.9928 rank=9
         laya iter 11 -> trimmed_mean_full conf=0.7797 rank=11
         laya iter 12 -> trimmed_mean_full conf=0.9705 rank=11
[  86] best_single    score= 0.6230 origin=agent    iters=8 stop=no new information in 3 consecutive turns
         TEST  smape=0.0857  rmse=13.4324  pocid=57.14  mape=0.0857  | FLOOR smape=0.0894
         laya iter 1 -> best_rf conf=0.3188 rank=1
         laya iter 2 -> best_rf conf=0.9276 rank=1
         laya iter 3 -> best_ARIMA conf=0.2741 rank=11
         laya iter 4 -> best_ARIMA conf=0.7754 rank=11
         laya iter 5 -> best_DWT_catboost conf=0.2863 rank=4
         laya iter 6 -> best_DWT_catboost conf=0.3925 rank=4
         laya iter 7 -> trimmed_mean_stable7 conf=0.1291 rank=11
         laya iter 8 -> trimmed_mean_stable7 conf=0.7847 rank=11
[  87] mean           score= 0.7048 origin=baseline iters=4 stop=no new information in 3 consecutive turns
         TEST  smape=0.4153  rmse=42.4032  pocid=71.43  mape=0.6494  | FLOOR smape=0.4153
         laya iter 1 -> best_NaiveMovingAverage conf=0.765 rank=9
         laya iter 2 -> best_NaiveMovingAverage conf=1.0 rank=9
         laya iter 3 -> trimmed_mean_stable9 conf=0.2385 rank=5
         laya iter 4 -> trimmed_mean_stable9 conf=0.684 rank=5
[  88] median         score= 0.6488 origin=baseline iters=6 stop=no new information in 3 consecutive turns
         TEST  smape=0.3900  rmse=28.7573  pocid=71.43  mape=0.5437  | FLOOR smape=0.3900
         laya iter 1 -> best_ONLY_CWT_catboost conf=0.8082 rank=4
         laya iter 2 -> best_ONLY_CWT_catboost conf=0.7986 rank=4
         laya iter 3 -> best_NaiveMovingAverage conf=0.8028 rank=9
         laya iter 4 -> best_NaiveMovingAverage conf=0.9822 rank=9
         laya iter 5 -> trimmed_mean_stable7 conf=0.177 rank=5
         laya iter 6 -> trimmed_mean_stable7 conf=0.8941 rank=5
[  89] best_single    score= 0.6245 origin=agent    iters=12 stop=iteration_budget_exhausted
         TEST  smape=0.0971  rmse=15.9262  pocid=71.43  mape=0.1052  | FLOOR smape=0.1170
         laya iter 1 -> best_FT_rf conf=0.9324 rank=2
         laya iter 2 -> best_FT_rf conf=0.9998 rank=2
         laya iter 3 -> best_ETS conf=0.6456 rank=1
         laya iter 4 -> best_ETS conf=0.9866 rank=1
         laya iter 5 -> trimmed_mean_top5 conf=0.2002 rank=9
         laya iter 6 -> trimmed_mean_top5 conf=0.7174 rank=9
         laya iter 7 -> trimmed_mean_prune conf=0.322 rank=2
         laya iter 8 -> trimmed_mean_prune conf=0.9695 rank=2
         laya iter 9 -> trimmed_mean_full conf=0.6592 rank=10
         laya iter 10 -> trimmed_mean_full conf=0.9065 rank=10
         laya iter 11 -> best_THETA conf=0.4604 rank=6
         laya iter 12 -> best_THETA conf=0.9931 rank=6
[  90] best_single    score= 0.5601 origin=agent    iters=7 stop=laya_accept
         TEST  smape=0.1141  rmse=16.6181  pocid=28.57  mape=0.1353  | FLOOR smape=0.0993
         laya iter 1 -> best_ETS conf=0.3864 rank=10
         laya iter 2 -> best_ETS conf=0.9994 rank=10
         laya iter 3 -> best_NaiveMovingAverage conf=0.2513 rank=1
         laya iter 4 -> best_NaiveMovingAverage conf=0.9997 rank=1
         laya iter 5 -> best_THETA conf=0.1976 rank=2
         laya iter 6 -> best_THETA conf=0.7088 rank=2
[  91] best_single    score= 0.5845 origin=agent    iters=12 stop=iteration_budget_exhausted
         TEST  smape=0.0753  rmse=12.8683  pocid=42.86  mape=0.0788  | FLOOR smape=0.1806
         laya iter 1 -> best_NaiveMovingAverage conf=0.4221 rank=3
         laya iter 2 -> best_NaiveMovingAverage conf=1.0 rank=3
         laya iter 3 -> best_ETS conf=0.4756 rank=4
         laya iter 4 -> best_ETS conf=0.7585 rank=4
         laya iter 5 -> trimmed_mean_top5 conf=0.2077 rank=6
         laya iter 6 -> trimmed_mean_top5 conf=0.9169 rank=6
         laya iter 7 -> trimmed_mean_prune conf=0.2194 rank=10
         laya iter 8 -> trimmed_mean_prune conf=0.8623 rank=10
         laya iter 9 -> trimmed_mean_full conf=0.8842 rank=5
         laya iter 10 -> trimmed_mean_full conf=0.9298 rank=5
         laya iter 11 -> best_THETA conf=0.2997 rank=1
         laya iter 12 -> best_THETA conf=0.9991 rank=1
[  92] dba            score= 0.6467 origin=baseline iters=7 stop=laya_accept
         TEST  smape=0.1299  rmse=27.6728  pocid=71.43  mape=0.1214  | FLOOR smape=0.1299
         laya iter 1 -> best_ONLY_DWT_catboost conf=0.5197 rank=3
         laya iter 2 -> best_ONLY_DWT_catboost conf=0.9416 rank=3
         laya iter 3 -> best_rf conf=0.6971 rank=5
         laya iter 4 -> best_rf conf=0.8642 rank=5
         laya iter 5 -> best_DWT_catboost conf=0.8524 rank=3
         laya iter 6 -> best_DWT_catboost conf=0.8879 rank=3
[  93] best_single    score= 0.3809 origin=agent    iters=8 stop=no new information in 3 consecutive turns
         TEST  smape=0.1279  rmse=18.5676  pocid=71.43  mape=0.1273  | FLOOR smape=0.1256
         laya iter 1 -> best_THETA conf=0.1652 rank=1
         laya iter 2 -> best_THETA conf=0.9999 rank=1
         laya iter 3 -> best_ARIMA conf=0.7181 rank=1
         laya iter 4 -> best_ARIMA conf=0.9506 rank=1
         laya iter 5 -> best_ETS conf=0.6336 rank=3
         laya iter 6 -> best_ETS conf=0.9672 rank=3
         laya iter 7 -> trimmed_mean_stable7 conf=0.1308 rank=10
         laya iter 8 -> trimmed_mean_stable7 conf=0.7156 rank=10
[  94] trimmed_mean   score= 0.6267 origin=baseline iters=6 stop=no new information in 3 consecutive turns
         TEST  smape=0.0954  rmse=18.6102  pocid=57.14  mape=0.0906  | FLOOR smape=0.0954
         laya iter 1 -> best_ARIMA conf=0.1641 rank=2
         laya iter 2 -> best_ARIMA conf=1.0 rank=2
         laya iter 3 -> best_ETS conf=0.3235 rank=11
         laya iter 4 -> best_ETS conf=0.8442 rank=11
         laya iter 5 -> trimmed_mean_stable7 conf=0.1512 rank=6
         laya iter 6 -> trimmed_mean_stable7 conf=0.7315 rank=6
[  95] best_single    score= 0.5611 origin=agent    iters=8 stop=no new information in 3 consecutive turns
         TEST  smape=0.0472  rmse=11.0656  pocid=57.14  mape=0.0467  | FLOOR smape=0.0423
         laya iter 1 -> best_NaiveMovingAverage conf=0.4301 rank=2
         laya iter 2 -> best_NaiveMovingAverage conf=1.0 rank=2
         laya iter 3 -> best_ETS conf=0.4873 rank=11
         laya iter 4 -> best_ETS conf=0.8791 rank=11
         laya iter 5 -> best_ARIMA conf=0.4978 rank=1
         laya iter 6 -> best_ARIMA conf=0.8191 rank=1
         laya iter 7 -> trimmed_mean_stable7 conf=0.1943 rank=11
         laya iter 8 -> trimmed_mean_stable7 conf=0.6877 rank=11
[  96] best_single    score= 0.4726 origin=agent    iters=8 stop=no new information in 3 consecutive turns
         TEST  smape=0.1417  rmse=15.9605  pocid=71.43  mape=0.1304  | FLOOR smape=0.1002
         laya iter 1 -> best_ONLY_DWT_rf conf=0.4282 rank=1
         laya iter 2 -> best_ONLY_DWT_rf conf=0.9122 rank=1
         laya iter 3 -> best_ETS conf=0.5551 rank=9
         laya iter 4 -> best_ETS conf=0.7622 rank=9
         laya iter 5 -> best_THETA conf=0.2436 rank=9
         laya iter 6 -> best_THETA conf=0.5782 rank=9
         laya iter 7 -> trimmed_mean_stable7 conf=0.1825 rank=3
         laya iter 8 -> trimmed_mean_stable7 conf=0.9524 rank=3
[  97] best_single    score= 0.6825 origin=agent    iters=12 stop=iteration_budget_exhausted
         TEST  smape=0.1184  rmse=26.8952  pocid=42.86  mape=0.1444  | FLOOR smape=0.1185
         laya iter 1 -> best_NaiveMovingAverage conf=0.522 rank=1
         laya iter 2 -> best_NaiveMovingAverage conf=1.0 rank=1
         laya iter 3 -> best_ETS conf=0.4154 rank=11
         laya iter 4 -> best_ETS conf=0.9012 rank=11
         laya iter 5 -> best_THETA conf=0.1823 rank=7
         laya iter 6 -> best_THETA conf=0.7284 rank=7
         laya iter 7 -> trimmed_mean_top5 conf=0.2035 rank=6
         laya iter 8 -> trimmed_mean_top5 conf=0.9151 rank=6
         laya iter 9 -> trimmed_mean_full conf=0.7502 rank=10
         laya iter 10 -> trimmed_mean_full conf=0.9758 rank=10
         laya iter 11 -> trimmed_mean_prune conf=0.8866 rank=15
         laya iter 12 -> trimmed_mean_prune conf=0.998 rank=15
[  98] best_single    score= 0.5110 origin=agent    iters=7 stop=laya_accept
         TEST  smape=0.1789  rmse=23.4242  pocid=42.86  mape=0.1626  | FLOOR smape=0.1435
         laya iter 1 -> best_ONLY_FT_rf conf=0.6918 rank=2
         laya iter 2 -> best_ONLY_FT_rf conf=0.994 rank=2
         laya iter 3 -> best_ETS conf=0.8964 rank=1
         laya iter 4 -> best_ETS conf=1.0 rank=1
         laya iter 5 -> best_THETA conf=0.3363 rank=1
         laya iter 6 -> best_THETA conf=0.942 rank=1
[  99] best_single    score= 0.3590 origin=agent    iters=12 stop=iteration_budget_exhausted
         TEST  smape=0.0729  rmse=8.7268  pocid=57.14  mape=0.0714  | FLOOR smape=0.0674
         laya iter 1 -> mean_top5 conf=0.1604 rank=3
         laya iter 2 -> trimmed_mean_top5 conf=0.2591 rank=4
         laya iter 3 -> trimmed_mean_top5 conf=0.5048 rank=4
         laya iter 4 -> trimmed_mean_full conf=0.3949 rank=8
         laya iter 5 -> trimmed_mean_full conf=0.6109 rank=8
         laya iter 6 -> best_ETS conf=0.3026 rank=1
         laya iter 7 -> best_ETS conf=1.0 rank=1
         laya iter 8 -> best_THETA conf=0.3162 rank=1
         laya iter 9 -> best_THETA conf=0.9149 rank=1
         laya iter 10 -> trimmed_mean_prune conf=0.7408 rank=4
         laya iter 11 -> trimmed_mean_prune conf=1.0 rank=4
         laya iter 12 -> best_ARIMA conf=0.5974 rank=3
[ 100] best_single    score= 0.4260 origin=agent    iters=12 stop=no new information in 3 consecutive turns
         TEST  smape=0.1381  rmse=23.4063  pocid=57.14  mape=0.1301  | FLOOR smape=0.1093
         laya iter 1 -> best_ETS conf=0.185 rank=1
         laya iter 2 -> best_ETS conf=0.9913 rank=1
         laya iter 3 -> best_ARIMA conf=0.1884 rank=1
         laya iter 4 -> best_ARIMA conf=0.8132 rank=1
         laya iter 5 -> trimmed_mean_prune conf=0.1593 rank=11
         laya iter 6 -> trimmed_mean_prune conf=0.9674 rank=11
         laya iter 7 -> trimmed_mean_top5 conf=0.2918 rank=3
         laya iter 8 -> trimmed_mean_top5 conf=0.6621 rank=3
         laya iter 9 -> trimmed_mean_full conf=0.7699 rank=6
         laya iter 10 -> trimmed_mean_full conf=0.9951 rank=6
         laya iter 11 -> trimmed_mean_stable9 conf=0.3796 rank=14
         laya iter 12 -> trimmed_mean_stable9 conf=0.6995 rank=14
[ 101] best_single    score= 0.4368 origin=agent    iters=8 stop=no new information in 3 consecutive turns
         TEST  smape=0.0956  rmse=15.0310  pocid=0.00  mape=0.0950  | FLOOR smape=0.0915
         laya iter 1 -> best_NaiveMovingAverage conf=0.566 rank=1
         laya iter 2 -> best_NaiveMovingAverage conf=1.0 rank=1
         laya iter 3 -> best_ETS conf=0.3497 rank=2
         laya iter 4 -> best_ETS conf=0.9281 rank=2
         laya iter 5 -> best_THETA conf=0.3234 rank=2
         laya iter 6 -> best_THETA conf=0.8494 rank=2
         laya iter 7 -> trimmed_mean_stable7 conf=0.1211 rank=5
         laya iter 8 -> trimmed_mean_stable7 conf=0.9158 rank=5
[ 102] trimmed_mean   score= 0.7090 origin=baseline iters=4 stop=no new information in 3 consecutive turns
         TEST  smape=0.1511  rmse=10.9337  pocid=42.86  mape=0.1403  | FLOOR smape=0.1511
         laya iter 1 -> best_ONLY_CWT_rf conf=0.5781 rank=7
         laya iter 2 -> best_ONLY_CWT_rf conf=1.0 rank=7
         laya iter 3 -> trimmed_mean_stable7 conf=0.201 rank=5
         laya iter 4 -> trimmed_mean_stable7 conf=0.5467 rank=5
[ 103] best_single    score= 0.5998 origin=agent    iters=8 stop=no new information in 3 consecutive turns
         TEST  smape=0.0775  rmse=14.3300  pocid=71.43  mape=0.0767  | FLOOR smape=0.1008
         laya iter 1 -> best_ONLY_CWT_catboost conf=0.6456 rank=1
         laya iter 2 -> best_ONLY_CWT_catboost conf=0.8508 rank=1
         laya iter 3 -> best_ONLY_FT_catboost conf=0.6931 rank=7
         laya iter 4 -> best_ONLY_FT_catboost conf=0.7382 rank=7
         laya iter 5 -> best_ONLY_CWT_rf conf=0.8057 rank=2
         laya iter 6 -> best_ONLY_CWT_rf conf=0.9654 rank=2
         laya iter 7 -> trimmed_mean_stable7 conf=0.1811 rank=9
         laya iter 8 -> trimmed_mean_stable7 conf=0.6278 rank=9
[ 104] median         score= 0.6796 origin=baseline iters=7 stop=laya_accept
         TEST  smape=0.0414  rmse=5.8662  pocid=57.14  mape=0.0421  | FLOOR smape=0.0414
         laya iter 1 -> best_ONLY_DWT_catboost conf=0.5186 rank=2
         laya iter 2 -> best_ONLY_DWT_catboost conf=0.8841 rank=2
         laya iter 3 -> best_rf conf=0.3387 rank=4
         laya iter 4 -> best_rf conf=0.7796 rank=4
         laya iter 5 -> best_THETA conf=0.1859 rank=3
         laya iter 6 -> best_THETA conf=0.5196 rank=3
[ 105] median         score= 0.6583 origin=baseline iters=7 stop=laya_accept
         TEST  smape=0.0585  rmse=9.9628  pocid=57.14  mape=0.0591  | FLOOR smape=0.0585
         laya iter 1 -> best_ONLY_DWT_rf conf=0.8136 rank=6
         laya iter 2 -> best_ONLY_DWT_rf conf=0.9761 rank=6
         laya iter 3 -> best_CWT_catboost conf=0.3731 rank=5
         laya iter 4 -> best_CWT_catboost conf=0.4631 rank=5
         laya iter 5 -> best_THETA conf=0.2134 rank=5
         laya iter 6 -> best_THETA conf=0.457 rank=5
[ 106] trimmed_mean   score= 0.5707 origin=baseline iters=11 stop=no new information in 3 consecutive turns
         TEST  smape=0.1564  rmse=20.2491  pocid=0.00  mape=0.1714  | FLOOR smape=0.1564
         laya iter 1 -> mean_top5 conf=0.2066 rank=5
         laya iter 2 -> trimmed_mean_top5 conf=0.3999 rank=4
         laya iter 3 -> trimmed_mean_top5 conf=0.5162 rank=4
         laya iter 4 -> trimmed_mean_prune conf=0.3106 rank=10
         laya iter 5 -> trimmed_mean_prune conf=0.9966 rank=10
         laya iter 6 -> best_ETS conf=0.263 rank=9
         laya iter 7 -> best_ETS conf=0.9996 rank=9
         laya iter 8 -> trimmed_mean_full conf=0.347 rank=11
         laya iter 9 -> trimmed_mean_full conf=0.5156 rank=11
         laya iter 10 -> trimmed_mean_stable9 conf=0.3786 rank=3
         laya iter 11 -> trimmed_mean_stable9 conf=0.7342 rank=3
[ 107] best_single    score= 0.5802 origin=agent    iters=8 stop=no new information in 3 consecutive turns
         TEST  smape=0.1189  rmse=16.6764  pocid=42.86  mape=0.1296  | FLOOR smape=0.1064
         laya iter 1 -> best_NaiveMovingAverage conf=0.773 rank=1
         laya iter 2 -> best_NaiveMovingAverage conf=1.0 rank=1
         laya iter 3 -> best_ETS conf=0.4047 rank=7
         laya iter 4 -> best_ETS conf=0.7079 rank=7
         laya iter 5 -> best_THETA conf=0.2167 rank=5
         laya iter 6 -> best_THETA conf=0.899 rank=5
         laya iter 7 -> trimmed_mean_stable7 conf=0.1611 rank=6
         laya iter 8 -> trimmed_mean_stable7 conf=0.7461 rank=6
[ 108] mean           score= 0.6762 origin=baseline iters=6 stop=no new information in 3 consecutive turns
         TEST  smape=0.0835  rmse=17.3461  pocid=57.14  mape=0.0799  | FLOOR smape=0.0835
         laya iter 1 -> best_ETS conf=0.2167 rank=7
         laya iter 2 -> best_ETS conf=1.0 rank=7
         laya iter 3 -> best_ARIMA conf=0.1014 rank=4
         laya iter 4 -> best_ARIMA conf=0.4914 rank=4
         laya iter 5 -> trimmed_mean_stable7 conf=0.1568 rank=9
         laya iter 6 -> trimmed_mean_stable7 conf=0.769 rank=9
[ 109] best_single    score= 0.5084 origin=agent    iters=7 stop=laya_accept
         TEST  smape=0.2277  rmse=64.1559  pocid=57.14  mape=0.2179  | FLOOR smape=0.3514
         laya iter 1 -> best_NaiveMovingAverage conf=0.5927 rank=1
         laya iter 2 -> best_NaiveMovingAverage conf=1.0 rank=1
         laya iter 3 -> best_ETS conf=0.4767 rank=11
         laya iter 4 -> best_ETS conf=0.7437 rank=11
         laya iter 5 -> best_ARIMA conf=0.2083 rank=2
         laya iter 6 -> best_ARIMA conf=0.8987 rank=2
[ 110] best_single    score= 0.5572 origin=agent    iters=12 stop=iteration_budget_exhausted
         TEST  smape=0.1014  rmse=13.7993  pocid=0.00  mape=0.0964  | FLOOR smape=0.1009
         laya iter 1 -> best_ONLY_DWT_rf conf=0.5285 rank=10
         laya iter 2 -> best_ONLY_DWT_rf conf=0.9462 rank=10
         laya iter 3 -> best_DWT_rf conf=0.3539 rank=10
         laya iter 4 -> best_DWT_catboost conf=0.4414 rank=1
         laya iter 5 -> best_DWT_catboost conf=0.5913 rank=1
         laya iter 6 -> best_DWT_rf conf=0.4962 rank=11
         laya iter 7 -> trimmed_mean_prune conf=0.1589 rank=12
         laya iter 8 -> trimmed_mean_prune conf=0.991 rank=12
         laya iter 9 -> trimmed_mean_full conf=0.8743 rank=4
         laya iter 10 -> trimmed_mean_full conf=0.9881 rank=4
         laya iter 11 -> mean_prune conf=0.2794 rank=15
         laya iter 12 -> mean_prune conf=0.5855 rank=15
--------------------------------------------------------------------------
done in 48.2s | ok: 111 | failed: 0
DATASET SUMMARY over 111 series (mean across series):
  this run   smape=0.1252  rmse=19.2543  pocid=44.66  mape=0.1310  mae=15.9952
  baseline   smape=0.1156  rmse=18.2258  pocid=46.46  mape=0.1207  <- this run is WORSE than the seed floor
  mean       smape=0.1199  rmse=18.8837  pocid=44.53  mape=0.1241
  median     smape=0.1201  rmse=18.6626  pocid=46.20  mape=0.1238
  dba        smape=0.1226  rmse=19.3352  pocid=46.46  mape=0.1265  <- this run is better
  ADE        smape=0.1178  rmse=18.5121  pocid=45.05  mape=0.1219
  FFORMA     smape=0.1197  rmse=18.8493  pocid=44.66  mape=0.1239
csv: ./timeseries/mestrado/resultados/orchestrator_laya_laya_v2b_raw/NN5_WEEKLY_DATASET.csv
dataset      : M4_WEEKLY_DATASET
source       : m4_weekly_dataset.tsf
models       : 19
agent        : laya-multilingual (max_len=8192)
writing to   : ./timeseries/mestrado/resultados/orchestrator_laya_laya_v2b_raw
--------------------------------------------------------------------------
Fetching 5 files:   0%|          | 0/5 [00:00<?, ?it/s]Fetching 5 files: 100%|██████████| 5/5 [00:00<00:00, 2698.69it/s]
[   0] best_single    score= 0.0296 origin=agent    iters=7 stop=laya_accept
         TEST  smape=0.0634  rmse=2761.5432  pocid=25.00  mape=0.0664  | FLOOR smape=0.0374
         laya iter 1 -> best_ONLY_DWT_rf conf=0.585 rank=1
         laya iter 2 -> best_ONLY_DWT_catboost conf=0.9884 rank=1
         laya iter 3 -> best_ONLY_DWT_rf conf=0.6437 rank=2
         laya iter 4 -> best_ONLY_DWT_catboost conf=0.9865 rank=1
         laya iter 5 -> best_DWT_catboost conf=0.2944 rank=3
         laya iter 6 -> best_DWT_catboost conf=0.5063 rank=3
[   1] best_single    score=-0.0491 origin=agent    iters=6 stop=no new information in 3 consecutive turns
         TEST  smape=0.0397  rmse=186.9013  pocid=66.67  mape=0.0411  | FLOOR smape=0.0358
         laya iter 1 -> best_ONLY_CWT_rf conf=0.6305 rank=1
         laya iter 2 -> best_ONLY_CWT_rf conf=0.9997 rank=1
         laya iter 3 -> best_CWT_rf conf=0.4887 rank=3
         laya iter 4 -> best_CWT_rf conf=0.6006 rank=3
         laya iter 5 -> trimmed_mean_stable7 conf=0.3689 rank=5
         laya iter 6 -> trimmed_mean_stable7 conf=0.9185 rank=5
[   2] best_single    score=-0.1452 origin=agent    iters=8 stop=no new information in 3 consecutive turns
         TEST  smape=0.0049  rmse=56.4617  pocid=100.00  mape=0.0049  | FLOOR smape=0.0072
         laya iter 1 -> best_ONLY_DWT_rf conf=0.6251 rank=1
         laya iter 2 -> best_ONLY_DWT_rf conf=0.9773 rank=1
         laya iter 3 -> best_CWT_rf conf=0.5869 rank=1
         laya iter 4 -> best_CWT_rf conf=0.6968 rank=1
         laya iter 5 -> best_DWT_catboost conf=0.7339 rank=7
         laya iter 6 -> best_DWT_catboost conf=0.8873 rank=7
         laya iter 7 -> trimmed_mean_stable7 conf=0.2912 rank=8
         laya iter 8 -> trimmed_mean_stable7 conf=0.8915 rank=8
[   3] best_single    score= 0.1800 origin=agent    iters=7 stop=laya_accept
         TEST  smape=0.2046  rmse=755.5637  pocid=66.67  mape=0.1779  | FLOOR smape=0.1715
         laya iter 1 -> best_ONLY_CWT_catboost conf=0.6634 rank=1
         laya iter 2 -> best_ONLY_CWT_catboost conf=1.0 rank=1
         laya iter 3 -> best_catboost conf=0.3115 rank=2
         laya iter 4 -> best_catboost conf=0.5043 rank=2
         laya iter 5 -> best_DWT_catboost conf=0.4261 rank=3
         laya iter 6 -> best_DWT_catboost conf=0.7991 rank=3
[   4] best_single    score= 0.1950 origin=agent    iters=8 stop=no new information in 3 consecutive turns
         TEST  smape=0.1153  rmse=297.0621  pocid=66.67  mape=0.1203  | FLOOR smape=0.1239
         laya iter 1 -> best_FT_rf conf=0.8171 rank=3
         laya iter 2 -> best_FT_rf conf=1.0 rank=3
         laya iter 3 -> best_DWT_rf conf=0.7174 rank=1
         laya iter 4 -> best_DWT_rf conf=0.919 rank=1
         laya iter 5 -> best_CWT_catboost conf=0.3927 rank=5
         laya iter 6 -> best_CWT_catboost conf=0.7572 rank=5
         laya iter 7 -> trimmed_mean_stable7 conf=0.1172 rank=6
         laya iter 8 -> trimmed_mean_stable7 conf=0.7722 rank=6
[   5] best_single    score= 0.3702 origin=agent    iters=7 stop=laya_accept
         TEST  smape=0.3467  rmse=338.4899  pocid=50.00  mape=0.2792  | FLOOR smape=0.2997
         laya iter 1 -> best_ONLY_CWT_catboost conf=0.6355 rank=1
         laya iter 2 -> best_ONLY_CWT_catboost conf=1.0 rank=1
         laya iter 3 -> best_DWT_catboost conf=0.3992 rank=1
         laya iter 4 -> best_DWT_catboost conf=0.6749 rank=1
         laya iter 5 -> best_CWT_catboost conf=0.4886 rank=3
         laya iter 6 -> best_CWT_catboost conf=0.6787 rank=3
[   6] best_single    score= 0.2356 origin=agent    iters=8 stop=no new information in 3 consecutive turns
         TEST  smape=0.3363  rmse=1827.2417  pocid=50.00  mape=0.2763  | FLOOR smape=0.2823
         laya iter 1 -> best_FT_rf conf=0.4105 rank=1
         laya iter 2 -> best_FT_rf conf=0.9822 rank=1
         laya iter 3 -> best_CWT_rf conf=0.8213 rank=2
         laya iter 4 -> best_CWT_rf conf=0.9386 rank=2
         laya iter 5 -> best_rf conf=0.2631 rank=2
         laya iter 6 -> best_rf conf=0.6745 rank=2
         laya iter 7 -> trimmed_mean_stable7 conf=0.2074 rank=9
         laya iter 8 -> trimmed_mean_stable7 conf=0.9148 rank=9
[   7] best_single    score= 0.5062 origin=agent    iters=6 stop=no new information in 3 consecutive turns
         TEST  smape=0.3420  rmse=1942.1314  pocid=50.00  mape=0.4224  | FLOOR smape=0.3456
         laya iter 1 -> best_FT_rf conf=0.3782 rank=1
         laya iter 2 -> best_FT_rf conf=0.9282 rank=1
         laya iter 3 -> best_ETS conf=0.5646 rank=3
         laya iter 4 -> best_ETS conf=0.8414 rank=3
         laya iter 5 -> trimmed_mean_stable7 conf=0.1485 rank=5
         laya iter 6 -> trimmed_mean_stable7 conf=0.7194 rank=5
[   8] best_single    score= 0.3487 origin=agent    iters=8 stop=no new information in 3 consecutive turns
         TEST  smape=0.1159  rmse=1334.0653  pocid=58.33  mape=0.1267  | FLOOR smape=0.1106
         laya iter 1 -> best_ONLY_CWT_catboost conf=0.4459 rank=1
         laya iter 2 -> best_ONLY_CWT_catboost conf=1.0 rank=1
         laya iter 3 -> best_DWT_catboost conf=0.5425 rank=2
         laya iter 4 -> best_DWT_catboost conf=0.7925 rank=2
         laya iter 5 -> best_FT_rf conf=0.2354 rank=2
         laya iter 6 -> best_FT_rf conf=0.2739 rank=2
         laya iter 7 -> trimmed_mean_stable7 conf=0.2413 rank=6
         laya iter 8 -> trimmed_mean_stable7 conf=0.5745 rank=6
[   9] trimmed_mean   score= 0.0280 origin=baseline iters=8 stop=no new information in 3 consecutive turns
         TEST  smape=0.6248  rmse=5630.7468  pocid=8.33  mape=0.9657  | FLOOR smape=0.6248
         laya iter 1 -> best_NaiveMovingAverage conf=0.9115 rank=3
         laya iter 2 -> best_NaiveMovingAverage conf=1.0 rank=3
         laya iter 3 -> best_ETS conf=0.2655 rank=6
         laya iter 4 -> best_ETS conf=0.7888 rank=6
         laya iter 5 -> best_THETA conf=0.1654 rank=6
         laya iter 6 -> best_THETA conf=0.3845 rank=6
         laya iter 7 -> trimmed_mean_stable7 conf=0.1085 rank=2
         laya iter 8 -> trimmed_mean_stable7 conf=0.8421 rank=2
[  10] best_single    score= 0.0820 origin=agent    iters=7 stop=laya_accept
         TEST  smape=0.0835  rmse=32.9368  pocid=58.33  mape=0.0797  | FLOOR smape=0.0760
         laya iter 1 -> best_CWT_catboost conf=0.4597 rank=1
         laya iter 2 -> best_ONLY_CWT_catboost conf=0.8726 rank=1
         laya iter 3 -> best_ONLY_CWT_catboost conf=0.7973 rank=1
         laya iter 4 -> best_ONLY_DWT_catboost conf=0.7037 rank=9
         laya iter 5 -> best_ONLY_DWT_catboost conf=0.7428 rank=9
         laya iter 6 -> best_CWT_catboost conf=0.642 rank=2
[  11] best_single    score= 0.5992 origin=agent    iters=5 stop=no new information in 3 consecutive turns
         TEST  smape=0.0157  rmse=19.9649  pocid=50.00  mape=0.0156  | FLOOR smape=0.0286
         laya iter 1 -> best_ONLY_FT_catboost conf=0.4522 rank=1
         laya iter 2 -> best_ONLY_FT_rf conf=0.9954 rank=1
         laya iter 3 -> best_ONLY_FT_rf conf=0.853 rank=1
         laya iter 4 -> best_ONLY_FT_catboost conf=0.9815 rank=2
         laya iter 5 -> trimmed_mean_stable7 conf=0.1804 rank=5
[  12] best_single    score= 0.3290 origin=agent    iters=7 stop=laya_accept
         TEST  smape=0.0315  rmse=101.0127  pocid=33.33  mape=0.0307  | FLOOR smape=0.0242
         laya iter 1 -> best_ONLY_FT_rf conf=0.8273 rank=1
         laya iter 2 -> best_ONLY_FT_catboost conf=0.9999 rank=1
         laya iter 3 -> best_ONLY_FT_rf conf=0.9997 rank=2
         laya iter 4 -> best_ONLY_FT_catboost conf=0.9993 rank=1
         laya iter 5 -> best_catboost conf=0.4158 rank=2
         laya iter 6 -> best_catboost conf=0.5378 rank=2
[  13] best_single    score= 0.1890 origin=agent    iters=12 stop=no new information in 3 consecutive turns
         TEST  smape=0.0690  rmse=203.2526  pocid=50.00  mape=0.0723  | FLOOR smape=0.0455
         laya iter 1 -> best_ONLY_DWT_catboost conf=0.5714 rank=1
         laya iter 2 -> best_ONLY_DWT_catboost conf=0.884 rank=1
         laya iter 3 -> best_ONLY_DWT_rf conf=0.8195 rank=1
         laya iter 4 -> best_ONLY_DWT_rf conf=0.8215 rank=1
         laya iter 5 -> best_ONLY_FT_catboost conf=0.9334 rank=8
         laya iter 6 -> best_ONLY_FT_catboost conf=0.9972 rank=8
         laya iter 7 -> trimmed_mean_prune conf=0.1478 rank=11
         laya iter 8 -> trimmed_mean_prune conf=0.867 rank=11
         laya iter 9 -> trimmed_mean_full conf=0.5727 rank=11
         laya iter 10 -> trimmed_mean_full conf=0.9599 rank=11
         laya iter 11 -> trimmed_mean_stable7 conf=0.2829 rank=6
         laya iter 12 -> trimmed_mean_stable7 conf=0.5871 rank=6
[  14] best_single    score= 0.4487 origin=agent    iters=8 stop=no new information in 3 consecutive turns
         TEST  smape=0.1018  rmse=549.6957  pocid=75.00  mape=0.0980  | FLOOR smape=0.1277
         laya iter 1 -> best_ONLY_DWT_catboost conf=0.4705 rank=2
         laya iter 2 -> best_ONLY_DWT_catboost conf=0.8652 rank=2
         laya iter 3 -> best_ONLY_FT_rf conf=0.7008 rank=1
         laya iter 4 -> best_ONLY_FT_rf conf=0.7331 rank=1
         laya iter 5 -> best_DWT_catboost conf=0.3424 rank=4
         laya iter 6 -> best_DWT_catboost conf=0.4414 rank=4
         laya iter 7 -> trimmed_mean_stable7 conf=0.1087 rank=5
         laya iter 8 -> trimmed_mean_stable7 conf=0.7244 rank=5
[  15] median         score= 0.5733 origin=baseline iters=8 stop=no new information in 3 consecutive turns
         TEST  smape=0.1564  rmse=825.5097  pocid=41.67  mape=0.1754  | FLOOR smape=0.1564
         laya iter 1 -> best_ONLY_DWT_catboost conf=0.5053 rank=4
         laya iter 2 -> best_ONLY_DWT_catboost conf=0.934 rank=4
         laya iter 3 -> best_ONLY_DWT_rf conf=0.7978 rank=3
         laya iter 4 -> best_ONLY_DWT_rf conf=0.8222 rank=3
         laya iter 5 -> best_ONLY_CWT_catboost conf=0.963 rank=2
         laya iter 6 -> best_ONLY_CWT_catboost conf=0.9379 rank=2
         laya iter 7 -> trimmed_mean_stable7 conf=0.178 rank=3
         laya iter 8 -> trimmed_mean_stable7 conf=0.6214 rank=3
[  16] best_single    score=-0.0817 origin=agent    iters=8 stop=no new information in 3 consecutive turns
         TEST  smape=0.0182  rmse=272.8623  pocid=58.33  mape=0.0179  | FLOOR smape=0.0179
         laya iter 1 -> best_ONLY_DWT_rf conf=0.6163 rank=7
         laya iter 2 -> best_ONLY_DWT_rf conf=0.9935 rank=7
         laya iter 3 -> best_CWT_rf conf=0.4442 rank=1
         laya iter 4 -> best_CWT_rf conf=0.6787 rank=1
         laya iter 5 -> best_rf conf=0.3338 rank=2
         laya iter 6 -> best_rf conf=0.8489 rank=2
         laya iter 7 -> trimmed_mean_stable7 conf=0.1715 rank=10
         laya iter 8 -> trimmed_mean_stable7 conf=0.96 rank=10
[  17] best_single    score=-0.0028 origin=agent    iters=6 stop=no new information in 3 consecutive turns
         TEST  smape=0.0562  rmse=277.4780  pocid=66.67  mape=0.0585  | FLOOR smape=0.0539
         laya iter 1 -> best_FT_catboost conf=0.8154 rank=1
         laya iter 2 -> best_FT_catboost conf=1.0 rank=1
         laya iter 3 -> best_FT_rf conf=0.8459 rank=3
         laya iter 4 -> best_FT_rf conf=0.9553 rank=3
         laya iter 5 -> trimmed_mean_stable7 conf=0.4604 rank=4
         laya iter 6 -> trimmed_mean_stable7 conf=0.8068 rank=4
[  18] best_single    score= 0.1286 origin=agent    iters=8 stop=no new information in 3 consecutive turns
         TEST  smape=0.2000  rmse=1243.3159  pocid=50.00  mape=0.1961  | FLOOR smape=0.2098
         laya iter 1 -> best_CWT_rf conf=0.3496 rank=1
         laya iter 2 -> best_CWT_rf conf=0.7571 rank=1
         laya iter 3 -> best_FT_rf conf=0.7818 rank=1
         laya iter 4 -> best_FT_rf conf=1.0 rank=1
         laya iter 5 -> best_rf conf=0.1827 rank=2
         laya iter 6 -> best_rf conf=0.9599 rank=2
         laya iter 7 -> trimmed_mean_stable7 conf=0.1043 rank=6
         laya iter 8 -> trimmed_mean_stable7 conf=0.8697 rank=6
[  19] mean           score= 0.6556 origin=baseline iters=8 stop=no new information in 3 consecutive turns
         TEST  smape=0.1083  rmse=481.4908  pocid=75.00  mape=0.1140  | FLOOR smape=0.1083
         laya iter 1 -> best_NaiveMovingAverage conf=0.4903 rank=2
         laya iter 2 -> best_NaiveMovingAverage conf=1.0 rank=2
         laya iter 3 -> best_FT_catboost conf=0.95 rank=3
         laya iter 4 -> best_FT_catboost conf=0.9683 rank=3
         laya iter 5 -> best_DWT_rf conf=0.2399 rank=4
         laya iter 6 -> best_DWT_rf conf=0.5806 rank=4
         laya iter 7 -> trimmed_mean_stable7 conf=0.1032 rank=10
         laya iter 8 -> trimmed_mean_stable7 conf=0.7935 rank=10
[  20] best_single    score= 0.2907 origin=agent    iters=6 stop=no new information in 3 consecutive turns
         TEST  smape=0.2183  rmse=719.3227  pocid=75.00  mape=0.1894  | FLOOR smape=0.2205
         laya iter 1 -> best_ONLY_CWT_catboost conf=0.3231 rank=1
         laya iter 2 -> best_ONLY_CWT_rf conf=0.6265 rank=2
         laya iter 3 -> best_ONLY_DWT_catboost conf=0.7935 rank=1
         laya iter 4 -> best_ONLY_DWT_catboost conf=0.6936 rank=1
         laya iter 5 -> best_ONLY_CWT_rf conf=0.7626 rank=3
         laya iter 6 -> best_ONLY_CWT_catboost conf=0.9129 rank=2
[  21] best_single    score= 0.3729 origin=agent    iters=6 stop=no new information in 3 consecutive turns
         TEST  smape=0.1793  rmse=755.1947  pocid=66.67  mape=0.1626  | FLOOR smape=0.1585
         laya iter 1 -> best_ONLY_DWT_rf conf=0.6131 rank=1
         laya iter 2 -> best_ONLY_DWT_rf conf=0.9977 rank=1
         laya iter 3 -> best_DWT_rf conf=0.6435 rank=1
         laya iter 4 -> best_DWT_rf conf=0.7556 rank=1
         laya iter 5 -> trimmed_mean_stable9 conf=0.3825 rank=5
         laya iter 6 -> trimmed_mean_stable9 conf=0.7994 rank=5
[  22] mean           score= 0.3329 origin=baseline iters=3 stop=no new information in 3 consecutive turns
         TEST  smape=0.1081  rmse=106.4020  pocid=41.67  mape=0.1186  | FLOOR smape=0.1081
         laya iter 1 -> trimmed_mean_stable7 conf=0.1321 rank=4
         laya iter 2 -> trimmed_mean_stable7 conf=0.8681 rank=4
         laya iter 3 -> trimmed_mean_stable9 conf=0.2493 rank=3
[  23] best_single    score= 0.2362 origin=agent    iters=7 stop=laya_accept
         TEST  smape=0.2715  rmse=3671.2752  pocid=33.33  mape=0.2790  | FLOOR smape=0.2284
         laya iter 1 -> best_DWT_rf conf=0.4809 rank=1
         laya iter 2 -> best_DWT_rf conf=0.9961 rank=1
         laya iter 3 -> best_FT_rf conf=0.8318 rank=2
         laya iter 4 -> best_FT_rf conf=1.0 rank=2
         laya iter 5 -> best_rf conf=0.2568 rank=1
         laya iter 6 -> best_rf conf=0.5476 rank=1
[  24] best_single    score= 0.3268 origin=agent    iters=7 stop=laya_accept
         TEST  smape=0.2115  rmse=545.6557  pocid=75.00  mape=0.1888  | FLOOR smape=0.2707
         laya iter 1 -> best_ONLY_CWT_catboost conf=0.4532 rank=1
         laya iter 2 -> best_FT_catboost conf=0.7424 rank=1
         laya iter 3 -> best_FT_catboost conf=0.7455 rank=1
         laya iter 4 -> best_ONLY_CWT_catboost conf=0.7667 rank=2
         laya iter 5 -> best_ETS conf=0.6993 rank=3
         laya iter 6 -> best_ETS conf=0.9882 rank=3
[  25] best_single    score= 0.2710 origin=agent    iters=7 stop=laya_accept
         TEST  smape=0.2348  rmse=1308.9514  pocid=66.67  mape=0.2021  | FLOOR smape=0.2785
         laya iter 1 -> best_ONLY_FT_catboost conf=0.3314 rank=1
         laya iter 2 -> best_ONLY_FT_catboost conf=0.9705 rank=1
         laya iter 3 -> best_ONLY_DWT_catboost conf=0.8149 rank=2
         laya iter 4 -> best_ONLY_DWT_catboost conf=0.8045 rank=2
         laya iter 5 -> best_CWT_catboost conf=0.5293 rank=1
         laya iter 6 -> best_CWT_catboost conf=0.783 rank=1
[  26] median         score= 0.5825 origin=baseline iters=8 stop=no new information in 3 consecutive turns
         TEST  smape=0.3181  rmse=1072.5384  pocid=33.33  mape=0.2649  | FLOOR smape=0.3181
         laya iter 1 -> median_top5 conf=0.0983 rank=10
         laya iter 2 -> median_top5 conf=0.9984 rank=10
         laya iter 3 -> trimmed_mean_top5 conf=0.2062 rank=8
         laya iter 4 -> trimmed_mean_top5 conf=0.2747 rank=8
         laya iter 5 -> trimmed_mean_prune conf=0.3508 rank=3
         laya iter 6 -> trimmed_mean_prune conf=0.9916 rank=3
         laya iter 7 -> trimmed_mean_stable9 conf=0.2734 rank=4
         laya iter 8 -> trimmed_mean_stable9 conf=0.5711 rank=4
[  27] trimmed_mean   score= 0.3542 origin=baseline iters=3 stop=no new information in 3 consecutive turns
         TEST  smape=0.3047  rmse=2191.9009  pocid=50.00  mape=0.3061  | FLOOR smape=0.3047
         laya iter 1 -> trimmed_mean_stable7 conf=0.2335 rank=1
         laya iter 2 -> trimmed_mean_stable7 conf=0.9909 rank=1
         laya iter 3 -> trimmed_mean_stable5 conf=0.2762 rank=2
[  28] best_single    score= 0.2266 origin=agent    iters=7 stop=laya_accept
         TEST  smape=0.5452  rmse=696.0374  pocid=58.33  mape=0.4129  | FLOOR smape=0.4769
         laya iter 1 -> best_ONLY_CWT_catboost conf=0.7075 rank=1
         laya iter 2 -> best_ONLY_CWT_catboost conf=1.0 rank=1
         laya iter 3 -> best_FT_catboost conf=0.4571 rank=2
         laya iter 4 -> best_FT_catboost conf=0.9926 rank=2
         laya iter 5 -> best_DWT_catboost conf=0.5915 rank=3
         laya iter 6 -> best_DWT_catboost conf=0.8659 rank=3
[  29] best_single    score= 0.4648 origin=agent    iters=7 stop=laya_accept
         TEST  smape=0.0999  rmse=648.8017  pocid=91.67  mape=0.1035  | FLOOR smape=0.1259
         laya iter 1 -> best_FT_catboost conf=0.3325 rank=1
         laya iter 2 -> best_FT_catboost conf=0.9707 rank=1
         laya iter 3 -> best_ONLY_CWT_catboost conf=0.5386 rank=2
         laya iter 4 -> best_ONLY_CWT_catboost conf=0.693 rank=2
         laya iter 5 -> best_DWT_catboost conf=0.5659 rank=1
         laya iter 6 -> best_DWT_catboost conf=0.4993 rank=1
[  30] best_single    score= 0.4192 origin=agent    iters=7 stop=laya_accept
         TEST  smape=0.3135  rmse=508.7995  pocid=50.00  mape=0.2710  | FLOOR smape=0.3433
         laya iter 1 -> best_ONLY_DWT_catboost conf=0.6537 rank=1
         laya iter 2 -> best_ONLY_DWT_catboost conf=0.8384 rank=1
         laya iter 3 -> best_FT_catboost conf=0.9571 rank=1
         laya iter 4 -> best_FT_catboost conf=0.9984 rank=1
         laya iter 5 -> best_CWT_catboost conf=0.5515 rank=3
         laya iter 6 -> best_CWT_catboost conf=0.6776 rank=3
[  31] best_single    score= 0.4755 origin=agent    iters=12 stop=iteration_budget_exhausted
         TEST  smape=0.3888  rmse=2340.7210  pocid=41.67  mape=0.3137  | FLOOR smape=0.2666
         laya iter 1 -> best_rf conf=0.3251 rank=1
         laya iter 2 -> best_rf conf=0.8432 rank=1
         laya iter 3 -> best_catboost conf=0.5678 rank=1
         laya iter 4 -> best_catboost conf=0.6751 rank=1
         laya iter 5 -> best_DWT_catboost conf=0.2544 rank=6
         laya iter 6 -> best_DWT_catboost conf=0.7266 rank=6
         laya iter 7 -> trimmed_mean_top5 conf=0.0793 rank=3
         laya iter 8 -> trimmed_mean_top5 conf=0.9581 rank=3
         laya iter 9 -> trimmed_mean_prune conf=0.8705 rank=13
         laya iter 10 -> trimmed_mean_prune conf=0.9997 rank=13
         laya iter 11 -> trimmed_mean_full conf=0.7753 rank=10
         laya iter 12 -> trimmed_mean_full conf=0.9797 rank=10
[  32] best_single    score= 0.2960 origin=agent    iters=8 stop=no new information in 3 consecutive turns
         TEST  smape=0.1618  rmse=573.2532  pocid=83.33  mape=0.1884  | FLOOR smape=0.1001
         laya iter 1 -> best_ONLY_DWT_catboost conf=0.3472 rank=5
         laya iter 2 -> best_ONLY_DWT_catboost conf=0.9998 rank=5
         laya iter 3 -> best_DWT_catboost conf=0.2396 rank=1
         laya iter 4 -> best_DWT_catboost conf=0.6376 rank=1
         laya iter 5 -> best_DWT_rf conf=0.5984 rank=1
         laya iter 6 -> best_DWT_rf conf=0.8588 rank=1
         laya iter 7 -> trimmed_mean_stable7 conf=0.1113 rank=5
         laya iter 8 -> trimmed_mean_stable7 conf=0.7854 rank=5
[  33] best_single    score= 0.2983 origin=agent    iters=7 stop=laya_accept
         TEST  smape=0.1439  rmse=345.6413  pocid=91.67  mape=0.1327  | FLOOR smape=0.1593
         laya iter 1 -> best_ONLY_DWT_catboost conf=0.265 rank=3
         laya iter 2 -> best_ONLY_DWT_catboost conf=0.7274 rank=3
         laya iter 3 -> best_ONLY_DWT_rf conf=0.9052 rank=1
         laya iter 4 -> best_ONLY_DWT_rf conf=0.9165 rank=1
         laya iter 5 -> best_DWT_catboost conf=0.4329 rank=1
         laya iter 6 -> best_DWT_catboost conf=0.824 rank=1
[  34] best_single    score= 0.3558 origin=agent    iters=8 stop=no new information in 3 consecutive turns
         TEST  smape=0.2816  rmse=542.2547  pocid=100.00  mape=0.2387  | FLOOR smape=0.1908
         laya iter 1 -> best_ONLY_CWT_catboost conf=0.2613 rank=1
         laya iter 2 -> best_ONLY_CWT_catboost conf=0.9759 rank=1
         laya iter 3 -> best_CWT_catboost conf=0.3621 rank=2
         laya iter 4 -> best_CWT_catboost conf=0.2331 rank=2
         laya iter 5 -> best_DWT_catboost conf=0.1873 rank=3
         laya iter 6 -> best_DWT_catboost conf=0.2095 rank=3
         laya iter 7 -> trimmed_mean_stable7 conf=0.1326 rank=8
         laya iter 8 -> trimmed_mean_stable7 conf=0.8891 rank=8
[  35] best_single    score= 0.3038 origin=agent    iters=8 stop=no new information in 3 consecutive turns
         TEST  smape=0.1253  rmse=2272.5748  pocid=83.33  mape=0.1360  | FLOOR smape=0.1271
         laya iter 1 -> best_FT_catboost conf=0.3449 rank=1
         laya iter 2 -> best_FT_catboost conf=1.0 rank=1
         laya iter 3 -> best_ONLY_DWT_rf conf=0.825 rank=2
         laya iter 4 -> best_ONLY_DWT_rf conf=0.9665 rank=2
         laya iter 5 -> best_DWT_rf conf=0.7759 rank=4
         laya iter 6 -> best_DWT_rf conf=0.9941 rank=4
         laya iter 7 -> trimmed_mean_stable7 conf=0.1546 rank=8
         laya iter 8 -> trimmed_mean_stable7 conf=0.905 rank=8
[  36] best_single    score= 0.3003 origin=agent    iters=7 stop=laya_accept
         TEST  smape=0.0700  rmse=226.4983  pocid=50.00  mape=0.0730  | FLOOR smape=0.0135
         laya iter 1 -> best_ONLY_CWT_catboost conf=0.3579 rank=2
         laya iter 2 -> best_ONLY_CWT_catboost conf=0.8442 rank=2
         laya iter 3 -> best_ONLY_FT_rf conf=0.8606 rank=2
         laya iter 4 -> best_ONLY_FT_rf conf=1.0 rank=2
         laya iter 5 -> best_rf conf=0.5888 rank=1
         laya iter 6 -> best_rf conf=0.9318 rank=1
[  37] mean           score= 0.7056 origin=baseline iters=7 stop=laya_accept
         TEST  smape=0.0142  rmse=51.1963  pocid=75.00  mape=0.0140  | FLOOR smape=0.0142
         laya iter 1 -> best_ONLY_DWT_rf conf=0.6659 rank=4
         laya iter 2 -> best_ONLY_DWT_rf conf=1.0 rank=4
         laya iter 3 -> best_DWT_rf conf=0.5505 rank=3
         laya iter 4 -> best_DWT_rf conf=0.66 rank=3
         laya iter 5 -> best_CWT_rf conf=0.7818 rank=5
         laya iter 6 -> best_CWT_rf conf=0.7572 rank=5
[  38] best_single    score= 0.0144 origin=agent    iters=8 stop=no new information in 3 consecutive turns
         TEST  smape=0.0312  rmse=200.4735  pocid=33.33  mape=0.0318  | FLOOR smape=0.0230
         laya iter 1 -> best_ONLY_DWT_rf conf=0.5134 rank=1
         laya iter 2 -> best_ONLY_DWT_rf conf=0.9982 rank=1
         laya iter 3 -> best_ONLY_CWT_catboost conf=0.5554 rank=2
         laya iter 4 -> best_ONLY_CWT_catboost conf=0.9789 rank=2
         laya iter 5 -> best_DWT_rf conf=0.3057 rank=4
         laya iter 6 -> best_DWT_rf conf=0.7975 rank=4
         laya iter 7 -> trimmed_mean_stable7 conf=0.1497 rank=3
         laya iter 8 -> trimmed_mean_stable7 conf=0.708 rank=3
[  39] best_single    score=-0.0034 origin=agent    iters=6 stop=no new information in 3 consecutive turns
         TEST  smape=0.0323  rmse=205.7199  pocid=33.33  mape=0.0329  | FLOOR smape=0.0275
         laya iter 1 -> best_ONLY_DWT_rf conf=0.8195 rank=1
         laya iter 2 -> best_ONLY_DWT_rf conf=1.0 rank=1
         laya iter 3 -> best_FT_rf conf=0.7161 rank=8
         laya iter 4 -> best_FT_rf conf=0.9061 rank=8
         laya iter 5 -> trimmed_mean_stable7 conf=0.4318 rank=9
         laya iter 6 -> trimmed_mean_stable7 conf=0.7956 rank=9
[  40] best_single    score= 0.1078 origin=agent    iters=6 stop=no new information in 3 consecutive turns
         TEST  smape=0.0233  rmse=161.9983  pocid=58.33  mape=0.0229  | FLOOR smape=0.0120
         laya iter 1 -> best_FT_catboost conf=0.5113 rank=1
         laya iter 2 -> best_FT_catboost conf=0.9994 rank=1
         laya iter 3 -> best_FT_rf conf=0.861 rank=1
         laya iter 4 -> best_FT_rf conf=0.9245 rank=1
         laya iter 5 -> trimmed_mean_stable7 conf=0.1729 rank=5
         laya iter 6 -> trimmed_mean_stable7 conf=0.7664 rank=5
[  41] trimmed_mean   score= 0.1843 origin=agent    iters=12 stop=iteration_budget_exhausted
         TEST  smape=0.0098  rmse=70.8610  pocid=25.00  mape=0.0097  | FLOOR smape=0.0113
         laya iter 1 -> best_FT_rf conf=0.2711 rank=1
         laya iter 2 -> best_FT_rf conf=0.9997 rank=1
         laya iter 3 -> best_DWT_rf conf=0.5645 rank=2
         laya iter 4 -> best_DWT_rf conf=0.7736 rank=2
         laya iter 5 -> best_DWT_catboost conf=0.4131 rank=1
         laya iter 6 -> best_DWT_catboost conf=0.9255 rank=1
         laya iter 7 -> trimmed_mean_top5 conf=0.0976 rank=6
         laya iter 8 -> trimmed_mean_top5 conf=0.9681 rank=6
         laya iter 9 -> trimmed_mean_prune conf=0.6802 rank=12
         laya iter 10 -> trimmed_mean_prune conf=0.9647 rank=12
         laya iter 11 -> trimmed_mean_full conf=0.9026 rank=1
         laya iter 12 -> trimmed_mean_full conf=0.9916 rank=1
[  42] best_single    score= 0.1778 origin=agent    iters=12 stop=no new information in 3 consecutive turns
         TEST  smape=0.0180  rmse=127.6647  pocid=25.00  mape=0.0182  | FLOOR smape=0.0157
         laya iter 1 -> best_catboost conf=0.2234 rank=1
         laya iter 2 -> best_catboost conf=0.9981 rank=1
         laya iter 3 -> best_FT_rf conf=0.3388 rank=2
         laya iter 4 -> best_FT_rf conf=0.8479 rank=2
         laya iter 5 -> best_DWT_rf conf=0.3203 rank=3
         laya iter 6 -> best_DWT_rf conf=0.6958 rank=3
         laya iter 7 -> trimmed_mean_full conf=0.1101 rank=2
         laya iter 8 -> trimmed_mean_full conf=0.7463 rank=2
         laya iter 9 -> trimmed_mean_prune conf=0.7938 rank=3
         laya iter 10 -> trimmed_mean_prune conf=0.9884 rank=3
         laya iter 11 -> trimmed_mean_stable7 conf=0.2547 rank=8
         laya iter 12 -> trimmed_mean_stable7 conf=0.846 rank=8
[  43] best_single    score=-0.0024 origin=agent    iters=8 stop=no new information in 3 consecutive turns
         TEST  smape=0.0257  rmse=160.9396  pocid=41.67  mape=0.0261  | FLOOR smape=0.0254
         laya iter 1 -> best_ONLY_DWT_rf conf=0.7189 rank=1
         laya iter 2 -> best_ONLY_DWT_catboost conf=0.7714 rank=1
         laya iter 3 -> best_ONLY_DWT_rf conf=0.7179 rank=2
         laya iter 4 -> best_ONLY_DWT_catboost conf=0.808 rank=1
         laya iter 5 -> best_ONLY_CWT_rf conf=0.7644 rank=2
         laya iter 6 -> best_ONLY_CWT_rf conf=0.8616 rank=2
         laya iter 7 -> trimmed_mean_stable7 conf=0.5324 rank=6
         laya iter 8 -> trimmed_mean_stable7 conf=0.6852 rank=6
[  44] best_single    score= 0.4210 origin=agent    iters=8 stop=no new information in 3 consecutive turns
         TEST  smape=0.0403  rmse=152.1604  pocid=33.33  mape=0.0391  | FLOOR smape=0.0369
         laya iter 1 -> best_ONLY_FT_rf conf=0.9481 rank=1
         laya iter 2 -> best_ONLY_FT_rf conf=0.8858 rank=1
         laya iter 3 -> best_ONLY_FT_catboost conf=0.9938 rank=1
         laya iter 4 -> best_ONLY_FT_catboost conf=0.9944 rank=1
         laya iter 5 -> best_FT_catboost conf=0.8021 rank=4
         laya iter 6 -> best_FT_catboost conf=0.6723 rank=4
         laya iter 7 -> trimmed_mean_stable7 conf=0.1502 rank=9
         laya iter 8 -> trimmed_mean_stable7 conf=0.5335 rank=9
[  45] median         score= 0.1267 origin=baseline iters=7 stop=laya_accept
         TEST  smape=0.0625  rmse=203.6255  pocid=33.33  mape=0.0646  | FLOOR smape=0.0625
         laya iter 1 -> best_FT_catboost conf=0.4937 rank=2
         laya iter 2 -> best_FT_catboost conf=1.0 rank=2
         laya iter 3 -> best_ONLY_DWT_catboost conf=0.616 rank=2
         laya iter 4 -> best_ONLY_DWT_catboost conf=0.9176 rank=2
         laya iter 5 -> best_ONLY_CWT_rf conf=0.8593 rank=3
         laya iter 6 -> best_ONLY_CWT_rf conf=0.7749 rank=3
[  46] best_single    score= 0.4413 origin=agent    iters=12 stop=no new information in 3 consecutive turns
         TEST  smape=0.0412  rmse=151.3095  pocid=41.67  mape=0.0400  | FLOOR smape=0.0404
         laya iter 1 -> best_ONLY_FT_rf conf=0.8451 rank=1
         laya iter 2 -> best_ONLY_FT_rf conf=0.9482 rank=1
         laya iter 3 -> best_ONLY_FT_catboost conf=0.9572 rank=1
         laya iter 4 -> best_ONLY_FT_catboost conf=0.9316 rank=1
         laya iter 5 -> best_catboost conf=0.307 rank=3
         laya iter 6 -> best_catboost conf=0.3977 rank=3
         laya iter 7 -> trimmed_mean_prune conf=0.123 rank=13
         laya iter 8 -> trimmed_mean_prune conf=0.8635 rank=13
         laya iter 9 -> trimmed_mean_full conf=0.7971 rank=3
         laya iter 10 -> trimmed_mean_full conf=0.9715 rank=3
         laya iter 11 -> trimmed_mean_stable7 conf=0.3127 rank=10
         laya iter 12 -> trimmed_mean_stable7 conf=0.8191 rank=10
[  47] best_single    score= 0.0827 origin=agent    iters=7 stop=laya_accept
         TEST  smape=0.0181  rmse=56.0853  pocid=50.00  mape=0.0180  | FLOOR smape=0.0095
         laya iter 1 -> best_ONLY_DWT_catboost conf=0.3949 rank=1
         laya iter 2 -> best_ONLY_DWT_catboost conf=0.758 rank=1
         laya iter 3 -> best_ONLY_DWT_rf conf=0.8099 rank=2
         laya iter 4 -> best_ONLY_DWT_rf conf=0.9124 rank=2
         laya iter 5 -> best_CWT_catboost conf=0.4913 rank=1
         laya iter 6 -> best_CWT_catboost conf=0.9049 rank=1
[  48] best_single    score= 0.5303 origin=agent    iters=7 stop=laya_accept
         TEST  smape=0.0207  rmse=82.3848  pocid=66.67  mape=0.0209  | FLOOR smape=0.0785
         laya iter 1 -> best_ONLY_CWT_catboost conf=0.4295 rank=1
         laya iter 2 -> best_catboost conf=0.9364 rank=1
         laya iter 3 -> best_catboost conf=0.8883 rank=1
         laya iter 4 -> best_ONLY_CWT_catboost conf=0.7395 rank=2
         laya iter 5 -> best_ONLY_FT_catboost conf=0.9465 rank=3
         laya iter 6 -> best_ONLY_FT_catboost conf=0.9721 rank=3
[  49] best_single    score= 0.3806 origin=agent    iters=7 stop=no new information in 3 consecutive turns
         TEST  smape=0.0259  rmse=95.3041  pocid=41.67  mape=0.0259  | FLOOR smape=0.0260
         laya iter 1 -> best_ONLY_FT_catboost conf=0.3996 rank=1
         laya iter 2 -> best_ONLY_FT_catboost conf=0.9999 rank=1
         laya iter 3 -> best_DWT_catboost conf=0.4242 rank=1
         laya iter 4 -> best_CWT_catboost conf=0.5563 rank=4
         laya iter 5 -> best_CWT_catboost conf=0.6138 rank=4
         laya iter 6 -> best_DWT_catboost conf=0.4687 rank=1
         laya iter 7 -> trimmed_mean_stable7 conf=0.213 rank=12
[  50] best_single    score= 0.0892 origin=agent    iters=7 stop=laya_accept
         TEST  smape=0.0159  rmse=121.4403  pocid=33.33  mape=0.0161  | FLOOR smape=0.0161
         laya iter 1 -> best_ONLY_CWT_rf conf=0.2161 rank=1
         laya iter 2 -> best_ONLY_CWT_rf conf=0.9999 rank=1
         laya iter 3 -> best_rf conf=0.4118 rank=6
         laya iter 4 -> best_rf conf=0.8275 rank=6
         laya iter 5 -> best_FT_catboost conf=0.359 rank=2
         laya iter 6 -> best_FT_catboost conf=0.9991 rank=2
[  51] best_single    score= 0.1816 origin=agent    iters=7 stop=no new information in 3 consecutive turns
         TEST  smape=0.0146  rmse=134.0292  pocid=41.67  mape=0.0148  | FLOOR smape=0.0205
         laya iter 1 -> best_ONLY_CWT_rf conf=0.5484 rank=7
         laya iter 2 -> best_ONLY_CWT_rf conf=1.0 rank=7
         laya iter 3 -> best_CWT_rf conf=0.3536 rank=1
         laya iter 4 -> best_DWT_rf conf=0.6019 rank=2
         laya iter 5 -> best_DWT_rf conf=0.7075 rank=2
         laya iter 6 -> best_CWT_rf conf=0.5784 rank=1
         laya iter 7 -> trimmed_mean_stable7 conf=0.1303 rank=3
[  52] best_single    score= 0.4421 origin=agent    iters=7 stop=laya_accept
         TEST  smape=0.1356  rmse=316.7600  pocid=50.00  mape=0.1238  | FLOOR smape=0.0824
         laya iter 1 -> best_ONLY_DWT_catboost conf=0.7772 rank=1
         laya iter 2 -> best_ONLY_DWT_catboost conf=0.8047 rank=1
         laya iter 3 -> best_FT_catboost conf=0.8084 rank=1
         laya iter 4 -> best_FT_catboost conf=0.9979 rank=1
         laya iter 5 -> best_CWT_catboost conf=0.5257 rank=1
         laya iter 6 -> best_CWT_catboost conf=0.6146 rank=1
[  53] best_single    score=-0.1004 origin=agent    iters=7 stop=laya_accept
         TEST  smape=0.0116  rmse=36.4830  pocid=58.33  mape=0.0118  | FLOOR smape=0.0114
         laya iter 1 -> best_ONLY_DWT_catboost conf=0.3009 rank=1
         laya iter 2 -> best_ONLY_DWT_catboost conf=0.8748 rank=1
         laya iter 3 -> best_ONLY_CWT_rf conf=0.5751 rank=7
         laya iter 4 -> best_ONLY_CWT_rf conf=0.6141 rank=7
         laya iter 5 -> best_DWT_catboost conf=0.4214 rank=2
         laya iter 6 -> best_DWT_catboost conf=0.6934 rank=2
[  54] best_single    score= 0.2837 origin=agent    iters=7 stop=laya_accept
         TEST  smape=0.0503  rmse=327.8838  pocid=66.67  mape=0.0525  | FLOOR smape=0.0573
         laya iter 1 -> best_CWT_rf conf=0.4669 rank=1
         laya iter 2 -> best_FT_rf conf=0.8922 rank=1
         laya iter 3 -> best_FT_rf conf=0.902 rank=1
         laya iter 4 -> best_CWT_rf conf=0.759 rank=2
         laya iter 5 -> best_DWT_rf conf=0.5596 rank=4
         laya iter 6 -> best_DWT_rf conf=0.7125 rank=4
[  55] median         score= 0.4768 origin=baseline iters=7 stop=laya_accept
         TEST  smape=0.0566  rmse=272.2945  pocid=83.33  mape=0.0540  | FLOOR smape=0.0566
         laya iter 1 -> best_ONLY_DWT_rf conf=0.4562 rank=2
         laya iter 2 -> best_ONLY_DWT_rf conf=0.9732 rank=2
         laya iter 3 -> best_ONLY_DWT_catboost conf=0.9558 rank=2
         laya iter 4 -> best_ONLY_DWT_catboost conf=0.9863 rank=2
         laya iter 5 -> best_CWT_rf conf=0.1657 rank=4
         laya iter 6 -> best_CWT_rf conf=0.3623 rank=4
[  56] best_single    score= 0.3054 origin=agent    iters=7 stop=laya_accept
         TEST  smape=0.3755  rmse=514.7284  pocid=75.00  mape=0.2859  | FLOOR smape=0.1753
         laya iter 1 -> best_ONLY_CWT_rf conf=0.7776 rank=1
         laya iter 2 -> best_ONLY_CWT_rf conf=1.0 rank=1
         laya iter 3 -> best_CWT_rf conf=0.4997 rank=2
         laya iter 4 -> best_CWT_rf conf=0.769 rank=2
         laya iter 5 -> best_FT_rf conf=0.2857 rank=3
         laya iter 6 -> best_FT_rf conf=0.8023 rank=3
[  57] best_single    score= 0.4900 origin=agent    iters=7 stop=no new information in 3 consecutive turns
         TEST  smape=0.1107  rmse=439.7044  pocid=58.33  mape=0.1037  | FLOOR smape=0.0880
         laya iter 1 -> best_FT_catboost conf=0.3367 rank=1
         laya iter 2 -> best_FT_catboost conf=0.9794 rank=1
         laya iter 3 -> best_DWT_rf conf=0.3317 rank=2
         laya iter 4 -> best_DWT_catboost conf=0.388 rank=2
         laya iter 5 -> best_DWT_catboost conf=0.6367 rank=2
         laya iter 6 -> best_DWT_rf conf=0.4248 rank=3
         laya iter 7 -> trimmed_mean_stable7 conf=0.1192 rank=12
[  58] best_single    score= 0.5868 origin=agent    iters=7 stop=laya_accept
         TEST  smape=0.2166  rmse=495.5378  pocid=100.00  mape=0.2572  | FLOOR smape=0.1854
         laya iter 1 -> best_ONLY_FT_rf conf=0.4921 rank=1
         laya iter 2 -> best_ONLY_FT_rf conf=0.9475 rank=1
         laya iter 3 -> best_FT_rf conf=0.9518 rank=1
         laya iter 4 -> best_FT_rf conf=0.8457 rank=1
         laya iter 5 -> best_rf conf=0.4053 rank=3
         laya iter 6 -> best_rf conf=0.7392 rank=3
[  59] best_single    score= 0.1457 origin=agent    iters=8 stop=no new information in 3 consecutive turns
         TEST  smape=0.0303  rmse=314.8223  pocid=75.00  mape=0.0297  | FLOOR smape=0.0334
         laya iter 1 -> best_ONLY_DWT_catboost conf=0.2752 rank=1
         laya iter 2 -> best_ONLY_CWT_catboost conf=0.8092 rank=6
         laya iter 3 -> best_ONLY_DWT_catboost conf=0.7925 rank=1
         laya iter 4 -> best_ONLY_CWT_catboost conf=0.9483 rank=6
         laya iter 5 -> best_FT_rf conf=0.4991 rank=7
         laya iter 6 -> best_FT_rf conf=0.9996 rank=7
         laya iter 7 -> trimmed_mean_stable7 conf=0.3434 rank=5
         laya iter 8 -> trimmed_mean_stable7 conf=0.8052 rank=5
[  60] best_single    score= 0.0952 origin=agent    iters=7 stop=laya_accept
         TEST  smape=0.0403  rmse=485.0615  pocid=16.67  mape=0.0410  | FLOOR smape=0.0348
         laya iter 1 -> best_ONLY_CWT_rf conf=0.8813 rank=1
         laya iter 2 -> best_ONLY_CWT_rf conf=0.8571 rank=1
         laya iter 3 -> best_catboost conf=0.7235 rank=2
         laya iter 4 -> best_catboost conf=0.8206 rank=2
         laya iter 5 -> best_DWT_rf conf=0.3243 rank=1
         laya iter 6 -> best_DWT_rf conf=0.5784 rank=1
[  61] best_single    score= 0.0737 origin=agent    iters=8 stop=no new information in 3 consecutive turns
         TEST  smape=0.0211  rmse=201.4007  pocid=33.33  mape=0.0209  | FLOOR smape=0.0245
         laya iter 1 -> best_ONLY_CWT_rf conf=0.7795 rank=1
         laya iter 2 -> best_ONLY_CWT_rf conf=1.0 rank=1
         laya iter 3 -> best_FT_rf conf=0.2639 rank=3
         laya iter 4 -> best_FT_rf conf=0.8598 rank=3
         laya iter 5 -> best_CWT_rf conf=0.6872 rank=1
         laya iter 6 -> best_CWT_rf conf=0.5728 rank=1
         laya iter 7 -> trimmed_mean_stable7 conf=0.2827 rank=7
         laya iter 8 -> trimmed_mean_stable7 conf=0.6474 rank=7
[  62] best_single    score= 0.0634 origin=agent    iters=8 stop=no new information in 3 consecutive turns
         TEST  smape=0.0200  rmse=212.1813  pocid=33.33  mape=0.0195  | FLOOR smape=0.0203
         laya iter 1 -> best_FT_catboost conf=0.1757 rank=8
         laya iter 2 -> best_FT_catboost conf=0.9232 rank=8
         laya iter 3 -> best_DWT_catboost conf=0.1761 rank=1
         laya iter 4 -> best_DWT_catboost conf=0.6187 rank=1
         laya iter 5 -> best_DWT_rf conf=0.6653 rank=5
         laya iter 6 -> best_DWT_rf conf=0.8682 rank=5
         laya iter 7 -> trimmed_mean_stable7 conf=0.1018 rank=7
         laya iter 8 -> trimmed_mean_stable7 conf=0.66 rank=7
[  63] best_single    score=-0.0941 origin=agent    iters=7 stop=laya_accept
         TEST  smape=0.0154  rmse=333.2679  pocid=100.00  mape=0.0152  | FLOOR smape=0.0184
         laya iter 1 -> best_ONLY_DWT_rf conf=0.4489 rank=2
         laya iter 2 -> best_ONLY_CWT_rf conf=0.8218 rank=1
         laya iter 3 -> best_ONLY_DWT_rf conf=0.7756 rank=3
         laya iter 4 -> best_ONLY_CWT_rf conf=0.9599 rank=1
         laya iter 5 -> best_CWT_rf conf=0.1603 rank=2
         laya iter 6 -> best_CWT_rf conf=0.2346 rank=2
[  64] best_single    score=-0.1076 origin=agent    iters=7 stop=laya_accept
         TEST  smape=0.0212  rmse=541.7724  pocid=91.67  mape=0.0209  | FLOOR smape=0.0187
         laya iter 1 -> best_ONLY_CWT_rf conf=0.4375 rank=8
         laya iter 2 -> best_ONLY_CWT_rf conf=1.0 rank=8
         laya iter 3 -> best_FT_catboost conf=0.5718 rank=9
         laya iter 4 -> best_FT_catboost conf=0.9966 rank=9
         laya iter 5 -> best_DWT_rf conf=0.4478 rank=1
         laya iter 6 -> best_DWT_rf conf=0.9053 rank=1
[  65] median         score=-0.1464 origin=agent    iters=12 stop=iteration_budget_exhausted
         TEST  smape=0.0058  rmse=51.7884  pocid=91.67  mape=0.0058  | FLOOR smape=0.0060
         laya iter 1 -> best_ONLY_CWT_rf conf=0.403 rank=4
         laya iter 2 -> best_ONLY_DWT_rf conf=0.8238 rank=7
         laya iter 3 -> best_ONLY_DWT_rf conf=0.7738 rank=7
         laya iter 4 -> best_ONLY_CWT_rf conf=0.9828 rank=4
         laya iter 5 -> best_CWT_rf conf=0.5203 rank=2
         laya iter 6 -> best_CWT_rf conf=0.7851 rank=2
         laya iter 7 -> median_prune conf=0.1327 rank=1
         laya iter 8 -> median_prune conf=0.6237 rank=1
         laya iter 9 -> trimmed_mean_prune conf=0.494 rank=12
         laya iter 10 -> trimmed_mean_prune conf=0.8908 rank=12
         laya iter 11 -> trimmed_mean_full conf=0.8717 rank=13
         laya iter 12 -> trimmed_mean_full conf=0.9935 rank=13
[  66] best_single    score= 0.0449 origin=agent    iters=7 stop=laya_accept
         TEST  smape=0.0152  rmse=257.8914  pocid=58.33  mape=0.0150  | FLOOR smape=0.0257
         laya iter 1 -> best_FT_catboost conf=0.5463 rank=4
         laya iter 2 -> best_FT_catboost conf=1.0 rank=4
         laya iter 3 -> best_ONLY_CWT_catboost conf=0.6031 rank=1
         laya iter 4 -> best_CWT_catboost conf=0.7408 rank=6
         laya iter 5 -> best_ONLY_CWT_catboost conf=0.7836 rank=1
         laya iter 6 -> best_CWT_catboost conf=0.3591 rank=6
[  67] best_single    score=-0.0483 origin=agent    iters=7 stop=laya_accept
         TEST  smape=0.0059  rmse=49.6992  pocid=75.00  mape=0.0059  | FLOOR smape=0.0103
         laya iter 1 -> best_ONLY_CWT_rf conf=0.5724 rank=6
         laya iter 2 -> best_ONLY_CWT_rf conf=0.8029 rank=6
         laya iter 3 -> best_ONLY_DWT_rf conf=0.7819 rank=9
         laya iter 4 -> best_ONLY_DWT_rf conf=0.9377 rank=9
         laya iter 5 -> best_rf conf=0.3857 rank=1
         laya iter 6 -> best_rf conf=0.9096 rank=1
[  68] best_single    score=-0.0269 origin=agent    iters=7 stop=laya_accept
         TEST  smape=0.0083  rmse=65.0581  pocid=58.33  mape=0.0083  | FLOOR smape=0.0135
         laya iter 1 -> best_ONLY_CWT_rf conf=0.391 rank=1
         laya iter 2 -> best_ONLY_CWT_rf conf=0.8792 rank=1
         laya iter 3 -> best_ONLY_CWT_catboost conf=0.9344 rank=1
         laya iter 4 -> best_ONLY_CWT_catboost conf=0.9353 rank=1
         laya iter 5 -> best_CWT_catboost conf=0.4106 rank=4
         laya iter 6 -> best_CWT_catboost conf=0.5761 rank=4
[  69] mean           score=-0.0609 origin=baseline iters=7 stop=laya_accept
         TEST  smape=0.0105  rmse=34.8510  pocid=50.00  mape=0.0104  | FLOOR smape=0.0105
         laya iter 1 -> best_ONLY_DWT_catboost conf=0.7251 rank=6
         laya iter 2 -> best_ONLY_DWT_catboost conf=0.9909 rank=6
         laya iter 3 -> best_FT_catboost conf=0.82 rank=4
         laya iter 4 -> best_FT_catboost conf=0.9493 rank=4
         laya iter 5 -> best_DWT_catboost conf=0.3647 rank=5
         laya iter 6 -> best_DWT_catboost conf=0.6585 rank=5
[  70] mean           score= 0.1476 origin=baseline iters=7 stop=laya_accept
         TEST  smape=0.4482  rmse=1153.4893  pocid=50.00  mape=0.3475  | FLOOR smape=0.4482
         laya iter 1 -> best_ONLY_DWT_rf conf=0.7573 rank=2
         laya iter 2 -> best_ONLY_DWT_rf conf=0.9974 rank=2
         laya iter 3 -> best_DWT_rf conf=0.659 rank=7
         laya iter 4 -> best_DWT_rf conf=0.7216 rank=7
         laya iter 5 -> best_DWT_catboost conf=0.6317 rank=2
         laya iter 6 -> best_DWT_catboost conf=0.732 rank=2
[  71] best_single    score= 0.1255 origin=agent    iters=7 stop=laya_accept
         TEST  smape=0.0220  rmse=55.5284  pocid=75.00  mape=0.0216  | FLOOR smape=0.2485
         laya iter 1 -> best_ONLY_DWT_catboost conf=0.4495 rank=8
         laya iter 2 -> best_FT_catboost conf=0.7131 rank=1
         laya iter 3 -> best_FT_catboost conf=0.9504 rank=1
         laya iter 4 -> best_ONLY_DWT_catboost conf=0.5784 rank=9
         laya iter 5 -> best_CWT_catboost conf=0.5223 rank=2
         laya iter 6 -> best_CWT_catboost conf=0.6492 rank=2
[  72] best_single    score= 0.1179 origin=agent    iters=7 stop=laya_accept
         TEST  smape=0.0625  rmse=151.3030  pocid=75.00  mape=0.0591  | FLOOR smape=0.1530
         laya iter 1 -> best_ONLY_DWT_rf conf=0.5037 rank=1
         laya iter 2 -> best_ONLY_DWT_rf conf=0.9996 rank=1
         laya iter 3 -> best_ONLY_CWT_rf conf=0.8398 rank=1
         laya iter 4 -> best_ONLY_CWT_rf conf=1.0 rank=1
         laya iter 5 -> best_CWT_rf conf=0.5616 rank=1
         laya iter 6 -> best_CWT_rf conf=0.668 rank=1
[  73] dba            score= 0.6403 origin=baseline iters=7 stop=laya_accept
         TEST  smape=0.1134  rmse=677.2868  pocid=66.67  mape=0.1120  | FLOOR smape=0.1134
         laya iter 1 -> best_ONLY_FT_catboost conf=0.9237 rank=2
         laya iter 2 -> best_ONLY_FT_catboost conf=0.9976 rank=2
         laya iter 3 -> best_ONLY_FT_rf conf=0.9937 rank=2
         laya iter 4 -> best_ONLY_FT_rf conf=0.9999 rank=2
         laya iter 5 -> best_catboost conf=0.211 rank=5
         laya iter 6 -> best_catboost conf=0.9196 rank=5
[  74] best_single    score= 0.0458 origin=agent    iters=12 stop=iteration_budget_exhausted
         TEST  smape=0.0413  rmse=1288.3566  pocid=41.67  mape=0.0427  | FLOOR smape=0.0292
         laya iter 1 -> best_ONLY_CWT_catboost conf=0.4268 rank=1
         laya iter 2 -> best_ONLY_DWT_catboost conf=0.8661 rank=1
         laya iter 3 -> best_ONLY_CWT_catboost conf=0.8363 rank=2
         laya iter 4 -> best_ONLY_DWT_catboost conf=0.9691 rank=1
         laya iter 5 -> best_CWT_catboost conf=0.465 rank=6
         laya iter 6 -> best_CWT_catboost conf=0.4356 rank=6
         laya iter 7 -> median_prune conf=0.1527 rank=11
         laya iter 8 -> trimmed_mean_prune conf=0.4567 rank=12
         laya iter 9 -> trimmed_mean_prune conf=0.7855 rank=12
         laya iter 10 -> trimmed_mean_full conf=0.631 rank=12
         laya iter 11 -> trimmed_mean_full conf=0.9416 rank=12
         laya iter 12 -> median_prune conf=0.2657 rank=11
[  75] best_single    score= 0.0053 origin=agent    iters=8 stop=no new information in 3 consecutive turns
         TEST  smape=0.2614  rmse=120.3483  pocid=8.33  mape=0.3450  | FLOOR smape=1.3326
         laya iter 1 -> best_ONLY_CWT_catboost conf=0.3123 rank=1
         laya iter 2 -> best_ONLY_CWT_catboost conf=0.9975 rank=1
         laya iter 3 -> best_catboost conf=0.9247 rank=1
         laya iter 4 -> best_catboost conf=0.9751 rank=1
         laya iter 5 -> best_CWT_catboost conf=0.5469 rank=5
         laya iter 6 -> best_CWT_catboost conf=0.7296 rank=5
         laya iter 7 -> trimmed_mean_stable7 conf=0.1423 rank=3
         laya iter 8 -> trimmed_mean_stable7 conf=0.6659 rank=3
[  76] best_single    score=-0.0813 origin=agent    iters=8 stop=no new information in 3 consecutive turns
         TEST  smape=0.1525  rmse=717.6843  pocid=83.33  mape=0.1397  | FLOOR smape=0.2484
         laya iter 1 -> best_FT_rf conf=0.5429 rank=1
         laya iter 2 -> best_FT_rf conf=0.688 rank=1
         laya iter 3 -> best_ONLY_DWT_rf conf=0.6907 rank=2
         laya iter 4 -> best_ONLY_DWT_rf conf=0.9808 rank=2
         laya iter 5 -> best_FT_catboost conf=0.5928 rank=2
         laya iter 6 -> best_FT_catboost conf=0.9906 rank=2
         laya iter 7 -> trimmed_mean_stable7 conf=0.1246 rank=6
         laya iter 8 -> trimmed_mean_stable7 conf=0.8057 rank=6
[  77] best_single    score= 0.3697 origin=agent    iters=6 stop=no new information in 3 consecutive turns
         TEST  smape=0.2231  rmse=987.7012  pocid=41.67  mape=0.1974  | FLOOR smape=0.2407
         laya iter 1 -> best_ONLY_CWT_catboost conf=0.331 rank=1
         laya iter 2 -> best_ONLY_CWT_catboost conf=0.9275 rank=1
         laya iter 3 -> best_DWT_catboost conf=0.4616 rank=1
         laya iter 4 -> best_DWT_catboost conf=0.7214 rank=1
         laya iter 5 -> trimmed_mean_stable7 conf=0.3778 rank=4
         laya iter 6 -> trimmed_mean_stable7 conf=0.7237 rank=4
[  78] best_single    score= 0.6316 origin=agent    iters=7 stop=laya_accept
         TEST  smape=0.5292  rmse=1237.2951  pocid=66.67  mape=0.7245  | FLOOR smape=0.0850
         laya iter 1 -> best_ONLY_DWT_rf conf=0.7576 rank=1
         laya iter 2 -> best_ONLY_DWT_rf conf=0.9914 rank=1
         laya iter 3 -> best_FT_catboost conf=0.6358 rank=4
         laya iter 4 -> best_FT_catboost conf=0.7668 rank=4
         laya iter 5 -> best_NaiveMovingAverage conf=0.4109 rank=1
         laya iter 6 -> best_NaiveMovingAverage conf=1.0 rank=1
[  79] best_single    score= 0.5755 origin=agent    iters=7 stop=laya_accept
         TEST  smape=0.5560  rmse=1337.5906  pocid=58.33  mape=0.7767  | FLOOR smape=0.1335
         laya iter 1 -> best_ONLY_DWT_catboost conf=0.8294 rank=4
         laya iter 2 -> best_ONLY_DWT_catboost conf=0.9984 rank=4
         laya iter 3 -> best_FT_rf conf=0.7626 rank=1
         laya iter 4 -> best_FT_rf conf=1.0 rank=1
         laya iter 5 -> best_NaiveMovingAverage conf=0.6743 rank=1
         laya iter 6 -> best_NaiveMovingAverage conf=1.0 rank=1
[  80] best_single    score= 0.1345 origin=agent    iters=7 stop=laya_accept
         TEST  smape=0.0292  rmse=837.4919  pocid=58.33  mape=0.0297  | FLOOR smape=0.0254
         laya iter 1 -> best_ONLY_DWT_rf conf=0.6306 rank=1
         laya iter 2 -> best_ONLY_DWT_rf conf=1.0 rank=1
         laya iter 3 -> best_FT_rf conf=0.84 rank=2
         laya iter 4 -> best_FT_rf conf=0.9429 rank=2
         laya iter 5 -> best_FT_catboost conf=0.867 rank=4
         laya iter 6 -> best_FT_catboost conf=0.9995 rank=4
[  81] best_single    score=-0.1398 origin=agent    iters=12 stop=iteration_budget_exhausted
         TEST  smape=0.0023  rmse=11.3651  pocid=83.33  mape=0.0023  | FLOOR smape=0.0020
         laya iter 1 -> best_ONLY_FT_rf conf=0.4478 rank=8
         laya iter 2 -> best_ONLY_FT_catboost conf=0.697 rank=8
         laya iter 3 -> best_ONLY_FT_catboost conf=0.818 rank=8
         laya iter 4 -> best_ONLY_FT_rf conf=0.8183 rank=9
         laya iter 5 -> best_FT_rf conf=0.2256 rank=1
         laya iter 6 -> best_FT_rf conf=0.9261 rank=1
         laya iter 7 -> median_top5 conf=0.1375 rank=5
         laya iter 8 -> median_top5 conf=0.8599 rank=5
         laya iter 9 -> trimmed_mean_top5 conf=0.3071 rank=10
         laya iter 10 -> trimmed_mean_full conf=0.4165 rank=13
         laya iter 11 -> trimmed_mean_full conf=0.8359 rank=13
         laya iter 12 -> trimmed_mean_prune conf=0.6923 rank=16
[  82] best_single    score= 0.3538 origin=agent    iters=8 stop=no new information in 3 consecutive turns
         TEST  smape=0.0193  rmse=145.6213  pocid=58.33  mape=0.0196  | FLOOR smape=0.0158
         laya iter 1 -> best_CWT_catboost conf=0.5269 rank=1
         laya iter 2 -> best_CWT_catboost conf=0.9768 rank=1
         laya iter 3 -> best_FT_catboost conf=0.9939 rank=6
         laya iter 4 -> best_FT_catboost conf=1.0 rank=6
         laya iter 5 -> best_rf conf=0.355 rank=2
         laya iter 6 -> best_rf conf=0.9339 rank=2
         laya iter 7 -> trimmed_mean_stable7 conf=0.3463 rank=6
         laya iter 8 -> trimmed_mean_stable7 conf=0.9451 rank=6
[  83] trimmed_mean   score= 0.3515 origin=baseline iters=7 stop=no new information in 3 consecutive turns
         TEST  smape=0.0097  rmse=65.5074  pocid=75.00  mape=0.0097  | FLOOR smape=0.0097
         laya iter 1 -> best_rf conf=0.4251 rank=8
         laya iter 2 -> best_DWT_rf conf=0.6425 rank=2
         laya iter 3 -> best_DWT_rf conf=0.8856 rank=2
         laya iter 4 -> best_DWT_catboost conf=0.6992 rank=3
         laya iter 5 -> best_DWT_catboost conf=0.6631 rank=3
         laya iter 6 -> best_rf conf=0.6707 rank=10
         laya iter 7 -> trimmed_mean_stable7 conf=0.3259 rank=6
[  84] best_single    score=-0.0749 origin=agent    iters=7 stop=laya_accept
         TEST  smape=0.0091  rmse=199.7728  pocid=83.33  mape=0.0090  | FLOOR smape=0.0101
         laya iter 1 -> best_ONLY_FT_catboost conf=0.3278 rank=3
         laya iter 2 -> best_ONLY_FT_catboost conf=0.8818 rank=3
         laya iter 3 -> best_ONLY_CWT_catboost conf=0.7281 rank=1
         laya iter 4 -> best_ONLY_CWT_catboost conf=0.7776 rank=1
         laya iter 5 -> best_rf conf=0.2027 rank=3
         laya iter 6 -> best_rf conf=0.9626 rank=3
[  85] best_single    score=-0.0753 origin=agent    iters=7 stop=no new information in 3 consecutive turns
         TEST  smape=0.0122  rmse=228.7026  pocid=75.00  mape=0.0121  | FLOOR smape=0.0116
         laya iter 1 -> best_ONLY_CWT_catboost conf=0.5722 rank=1
         laya iter 2 -> best_ONLY_CWT_catboost conf=0.9998 rank=1
         laya iter 3 -> best_CWT_catboost conf=0.4467 rank=5
         laya iter 4 -> best_DWT_catboost conf=0.5376 rank=2
         laya iter 5 -> best_DWT_catboost conf=0.5784 rank=2
         laya iter 6 -> best_CWT_catboost conf=0.4522 rank=6
         laya iter 7 -> trimmed_mean_stable7 conf=0.1553 rank=7
[  86] best_single    score=-0.0638 origin=agent    iters=7 stop=laya_accept
         TEST  smape=0.0319  rmse=36.8164  pocid=58.33  mape=0.0313  | FLOOR smape=0.0168
         laya iter 1 -> best_ONLY_DWT_catboost conf=0.2946 rank=4
         laya iter 2 -> best_ONLY_DWT_catboost conf=0.7324 rank=4
         laya iter 3 -> best_ONLY_CWT_catboost conf=0.624 rank=9
         laya iter 4 -> best_ONLY_CWT_catboost conf=0.7831 rank=9
         laya iter 5 -> best_CWT_catboost conf=0.5981 rank=1
         laya iter 6 -> best_CWT_catboost conf=0.8644 rank=1
[  87] best_single    score=-0.0639 origin=agent    iters=7 stop=laya_accept
         TEST  smape=0.0055  rmse=80.2186  pocid=75.00  mape=0.0055  | FLOOR smape=0.0031
         laya iter 1 -> best_ONLY_FT_rf conf=0.5009 rank=8
         laya iter 2 -> best_ONLY_FT_rf conf=0.8901 rank=8
         laya iter 3 -> best_catboost conf=0.2991 rank=1
         laya iter 4 -> best_catboost conf=0.5771 rank=1
         laya iter 5 -> best_rf conf=0.298 rank=1
         laya iter 6 -> best_rf conf=0.8343 rank=1
[  88] best_single    score=-0.0513 origin=agent    iters=7 stop=laya_accept
         TEST  smape=0.0936  rmse=118.7591  pocid=75.00  mape=0.0991  | FLOOR smape=0.0997
         laya iter 1 -> best_ONLY_FT_catboost conf=0.4078 rank=4
         laya iter 2 -> best_ONLY_FT_catboost conf=0.7118 rank=4
         laya iter 3 -> best_ONLY_DWT_catboost conf=0.8192 rank=1
         laya iter 4 -> best_ONLY_DWT_catboost conf=0.8533 rank=1
         laya iter 5 -> best_DWT_catboost conf=0.6774 rank=1
         laya iter 6 -> best_DWT_catboost conf=0.7043 rank=1
[  89] best_single    score= 0.0373 origin=agent    iters=8 stop=no new information in 3 consecutive turns
         TEST  smape=0.0213  rmse=45.3663  pocid=83.33  mape=0.0216  | FLOOR smape=0.0193
         laya iter 1 -> best_ONLY_FT_rf conf=0.5234 rank=2
         laya iter 2 -> best_ONLY_FT_rf conf=0.9367 rank=2
         laya iter 3 -> best_ONLY_FT_catboost conf=0.8099 rank=8
         laya iter 4 -> best_ONLY_FT_catboost conf=0.8983 rank=8
         laya iter 5 -> best_ONLY_DWT_rf conf=0.8542 rank=1
         laya iter 6 -> best_ONLY_DWT_rf conf=0.9978 rank=1
         laya iter 7 -> trimmed_mean_stable7 conf=0.1435 rank=4
         laya iter 8 -> trimmed_mean_stable7 conf=0.8175 rank=4
[  90] best_single    score=-0.0140 origin=agent    iters=12 stop=no new information in 3 consecutive turns
         TEST  smape=0.0294  rmse=621.4291  pocid=66.67  mape=0.0299  | FLOOR smape=0.0324
         laya iter 1 -> best_ONLY_FT_rf conf=0.5041 rank=1
         laya iter 2 -> best_ONLY_FT_catboost conf=0.9523 rank=1
         laya iter 3 -> best_ONLY_FT_catboost conf=0.4564 rank=1
         laya iter 4 -> best_ONLY_FT_rf conf=0.8355 rank=2
         laya iter 5 -> best_catboost conf=0.4534 rank=3
         laya iter 6 -> best_catboost conf=0.4984 rank=3
         laya iter 7 -> trimmed_mean_prune conf=0.1789 rank=11
         laya iter 8 -> trimmed_mean_prune conf=0.9303 rank=11
         laya iter 9 -> trimmed_mean_full conf=0.715 rank=11
         laya iter 10 -> trimmed_mean_full conf=0.9771 rank=11
         laya iter 11 -> trimmed_mean_stable7 conf=0.5044 rank=8
         laya iter 12 -> trimmed_mean_stable7 conf=0.8989 rank=8
[  91] best_single    score=-0.0695 origin=agent    iters=7 stop=no new information in 3 consecutive turns
         TEST  smape=0.0657  rmse=1644.7229  pocid=58.33  mape=0.0684  | FLOOR smape=0.0696
         laya iter 1 -> best_DWT_rf conf=0.5087 rank=7
         laya iter 2 -> best_FT_rf conf=0.7944 rank=1
         laya iter 3 -> best_FT_rf conf=0.8532 rank=1
         laya iter 4 -> best_ONLY_CWT_rf conf=0.6292 rank=9
         laya iter 5 -> best_ONLY_CWT_rf conf=0.8023 rank=9
         laya iter 6 -> best_DWT_rf conf=0.4813 rank=8
         laya iter 7 -> trimmed_mean_stable7 conf=0.1178 rank=2
[  92] best_single    score= 0.3060 origin=agent    iters=7 stop=laya_accept
         TEST  smape=0.0028  rmse=5.7966  pocid=83.33  mape=0.0028  | FLOOR smape=0.0043
         laya iter 1 -> best_ONLY_CWT_catboost conf=0.5171 rank=1
         laya iter 2 -> best_ONLY_CWT_catboost conf=0.932 rank=1
         laya iter 3 -> best_CWT_catboost conf=0.4351 rank=1
         laya iter 4 -> best_CWT_catboost conf=0.7215 rank=1
         laya iter 5 -> best_CWT_rf conf=0.493 rank=3
         laya iter 6 -> best_CWT_rf conf=0.6848 rank=3
[  93] best_single    score= 0.2520 origin=agent    iters=8 stop=no new information in 3 consecutive turns
         TEST  smape=0.1270  rmse=271.7649  pocid=33.33  mape=0.1177  | FLOOR smape=0.1178
         laya iter 1 -> best_ONLY_DWT_catboost conf=0.9039 rank=8
         laya iter 2 -> best_ONLY_DWT_catboost conf=0.999 rank=8
         laya iter 3 -> best_DWT_rf conf=0.7705 rank=5
         laya iter 4 -> best_DWT_rf conf=0.9749 rank=5
         laya iter 5 -> best_rf conf=0.5802 rank=1
         laya iter 6 -> best_rf conf=0.7647 rank=1
         laya iter 7 -> trimmed_mean_stable7 conf=0.1653 rank=8
         laya iter 8 -> trimmed_mean_stable7 conf=0.4657 rank=8
[  94] best_single    score= 0.3743 origin=agent    iters=7 stop=laya_accept
         TEST  smape=0.2211  rmse=372.0677  pocid=41.67  mape=0.1981  | FLOOR smape=0.0874
         laya iter 1 -> best_ONLY_FT_catboost conf=0.4057 rank=1
         laya iter 2 -> best_ONLY_FT_catboost conf=0.9858 rank=1
         laya iter 3 -> best_catboost conf=0.7253 rank=2
         laya iter 4 -> best_catboost conf=0.8523 rank=2
         laya iter 5 -> best_DWT_catboost conf=0.6443 rank=2
         laya iter 6 -> best_DWT_catboost conf=0.8537 rank=2
[  95] best_single    score=-0.1179 origin=agent    iters=8 stop=no new information in 3 consecutive turns
         TEST  smape=0.0040  rmse=50.7881  pocid=83.33  mape=0.0040  | FLOOR smape=0.0031
         laya iter 1 -> best_FT_rf conf=0.1373 rank=1
         laya iter 2 -> best_FT_rf conf=0.9916 rank=1
         laya iter 3 -> best_DWT_rf conf=0.8886 rank=3
         laya iter 4 -> best_DWT_rf conf=0.9646 rank=3
         laya iter 5 -> best_CWT_catboost conf=0.1489 rank=10
         laya iter 6 -> best_CWT_catboost conf=0.3353 rank=10
         laya iter 7 -> trimmed_mean_stable7 conf=0.0835 rank=4
         laya iter 8 -> trimmed_mean_stable7 conf=0.7879 rank=4
[  96] trimmed_mean   score= 0.0306 origin=baseline iters=8 stop=no new information in 3 consecutive turns
         TEST  smape=0.0312  rmse=20.9591  pocid=91.67  mape=0.0305  | FLOOR smape=0.0312
         laya iter 1 -> best_ONLY_FT_rf conf=0.7296 rank=8
         laya iter 2 -> best_ONLY_FT_catboost conf=0.9623 rank=2
         laya iter 3 -> best_ONLY_FT_catboost conf=0.8786 rank=2
         laya iter 4 -> best_ONLY_FT_rf conf=0.9571 rank=9
         laya iter 5 -> best_ONLY_CWT_rf conf=0.564 rank=5
         laya iter 6 -> best_ONLY_CWT_rf conf=0.9458 rank=5
         laya iter 7 -> trimmed_mean_stable7 conf=0.1649 rank=6
         laya iter 8 -> trimmed_mean_stable7 conf=0.9107 rank=6
[  97] mean           score= 0.0072 origin=baseline iters=12 stop=iteration_budget_exhausted
         TEST  smape=0.0219  rmse=17.8919  pocid=91.67  mape=0.0217  | FLOOR smape=0.0219
         laya iter 1 -> best_ONLY_DWT_catboost conf=0.3804 rank=4
         laya iter 2 -> best_ONLY_DWT_catboost conf=0.8264 rank=4
         laya iter 3 -> best_ONLY_FT_rf conf=0.922 rank=3
         laya iter 4 -> best_ONLY_FT_rf conf=0.9977 rank=3
         laya iter 5 -> best_DWT_catboost conf=0.4227 rank=2
         laya iter 6 -> best_DWT_catboost conf=0.4988 rank=2
         laya iter 7 -> median_prune conf=0.1223 rank=13
         laya iter 8 -> median_prune conf=0.6066 rank=13
         laya iter 9 -> trimmed_mean_prune conf=0.5898 rank=13
         laya iter 10 -> trimmed_mean_prune conf=0.9681 rank=13
         laya iter 11 -> trimmed_mean_full conf=0.9094 rank=11
         laya iter 12 -> trimmed_mean_full conf=0.9796 rank=11
[  98] best_single    score=-0.0297 origin=agent    iters=8 stop=no new information in 3 consecutive turns
         TEST  smape=0.0201  rmse=306.4007  pocid=50.00  mape=0.0203  | FLOOR smape=0.0130
         laya iter 1 -> best_ONLY_DWT_rf conf=0.9379 rank=1
         laya iter 2 -> best_ONLY_DWT_rf conf=0.9977 rank=1
         laya iter 3 -> best_FT_catboost conf=0.3299 rank=3
         laya iter 4 -> best_FT_catboost conf=0.9834 rank=3
         laya iter 5 -> best_DWT_rf conf=0.3805 rank=2
         laya iter 6 -> best_DWT_rf conf=0.604 rank=2
         laya iter 7 -> trimmed_mean_stable7 conf=0.1789 rank=5
         laya iter 8 -> trimmed_mean_stable7 conf=0.7563 rank=5
[  99] median         score=-0.0868 origin=baseline iters=6 stop=no new information in 3 consecutive turns
         TEST  smape=0.0156  rmse=210.5997  pocid=75.00  mape=0.0155  | FLOOR smape=0.0156
         laya iter 1 -> best_FT_rf conf=0.4157 rank=2
         laya iter 2 -> best_FT_rf conf=0.9652 rank=2
         laya iter 3 -> best_DWT_rf conf=0.6156 rank=4
         laya iter 4 -> best_DWT_rf conf=0.4457 rank=4
         laya iter 5 -> trimmed_mean_stable7 conf=0.4672 rank=8
         laya iter 6 -> trimmed_mean_stable7 conf=0.641 rank=8
[ 100] best_single    score=-0.0119 origin=agent    iters=8 stop=no new information in 3 consecutive turns
         TEST  smape=0.0039  rmse=44.9234  pocid=91.67  mape=0.0039  | FLOOR smape=0.0025
         laya iter 1 -> best_ONLY_DWT_rf conf=0.6087 rank=6
         laya iter 2 -> best_ONLY_DWT_rf conf=1.0 rank=6
         laya iter 3 -> best_FT_catboost conf=0.9007 rank=1
         laya iter 4 -> best_FT_catboost conf=0.9872 rank=1
         laya iter 5 -> best_DWT_catboost conf=0.6892 rank=3
         laya iter 6 -> best_DWT_catboost conf=0.648 rank=3
         laya iter 7 -> trimmed_mean_stable7 conf=0.1776 rank=6
         laya iter 8 -> trimmed_mean_stable7 conf=0.571 rank=6
[ 101] trimmed_mean   score=-0.0831 origin=baseline iters=8 stop=no new information in 3 consecutive turns
         TEST  smape=0.0221  rmse=389.5042  pocid=50.00  mape=0.0224  | FLOOR smape=0.0221
         laya iter 1 -> best_FT_catboost conf=0.5135 rank=6
         laya iter 2 -> best_FT_catboost conf=1.0 rank=6
         laya iter 3 -> best_DWT_rf conf=0.604 rank=2
         laya iter 4 -> best_DWT_rf conf=0.8809 rank=2
         laya iter 5 -> best_CWT_rf conf=0.6206 rank=6
         laya iter 6 -> best_CWT_rf conf=0.8549 rank=6
         laya iter 7 -> trimmed_mean_stable7 conf=0.1536 rank=5
         laya iter 8 -> trimmed_mean_stable7 conf=0.7603 rank=5
[ 102] best_single    score=-0.0242 origin=agent    iters=7 stop=laya_accept
         TEST  smape=0.0315  rmse=139.9013  pocid=58.33  mape=0.0313  | FLOOR smape=0.0295
         laya iter 1 -> best_ONLY_DWT_rf conf=0.6152 rank=3
         laya iter 2 -> best_ONLY_DWT_rf conf=0.9995 rank=3
         laya iter 3 -> best_DWT_rf conf=0.3534 rank=1
         laya iter 4 -> best_DWT_rf conf=0.7772 rank=1
         laya iter 5 -> best_FT_rf conf=0.2385 rank=1
         laya iter 6 -> best_FT_rf conf=0.9589 rank=1
[ 103] trimmed_mean   score= 0.3518 origin=baseline iters=3 stop=no new information in 3 consecutive turns
         TEST  smape=0.0256  rmse=27.7429  pocid=58.33  mape=0.0259  | FLOOR smape=0.0256
         laya iter 1 -> trimmed_mean_stable7 conf=0.1385 rank=6
         laya iter 2 -> trimmed_mean_stable7 conf=0.9662 rank=6
         laya iter 3 -> trimmed_mean_stable9 conf=0.6816 rank=1
[ 104] best_single    score=-0.1054 origin=agent    iters=8 stop=no new information in 3 consecutive turns
         TEST  smape=0.0126  rmse=140.8814  pocid=33.33  mape=0.0127  | FLOOR smape=0.0116
         laya iter 1 -> best_CWT_rf conf=0.3326 rank=1
         laya iter 2 -> best_CWT_rf conf=0.9966 rank=1
         laya iter 3 -> best_DWT_rf conf=0.8209 rank=8
         laya iter 4 -> best_DWT_rf conf=0.7755 rank=8
         laya iter 5 -> best_rf conf=0.2114 rank=5
         laya iter 6 -> best_rf conf=0.4658 rank=5
         laya iter 7 -> trimmed_mean_stable7 conf=0.1325 rank=2
         laya iter 8 -> trimmed_mean_stable7 conf=0.7916 rank=2
[ 105] best_single    score= 0.1103 origin=agent    iters=7 stop=laya_accept
         TEST  smape=0.0028  rmse=7.1052  pocid=83.33  mape=0.0028  | FLOOR smape=0.0019
         laya iter 1 -> best_ONLY_CWT_catboost conf=0.7142 rank=1
         laya iter 2 -> best_ONLY_CWT_catboost conf=0.9848 rank=1
         laya iter 3 -> best_ONLY_CWT_rf conf=0.9524 rank=1
         laya iter 4 -> best_ONLY_CWT_rf conf=0.9833 rank=1
         laya iter 5 -> best_CWT_rf conf=0.1692 rank=3
         laya iter 6 -> best_CWT_rf conf=0.4448 rank=3
[ 106] trimmed_mean   score=-0.0606 origin=baseline iters=7 stop=laya_accept
         TEST  smape=0.0115  rmse=305.2292  pocid=66.67  mape=0.0114  | FLOOR smape=0.0115
         laya iter 1 -> best_ONLY_DWT_catboost conf=0.816 rank=3
         laya iter 2 -> best_ONLY_DWT_catboost conf=1.0 rank=3
         laya iter 3 -> best_FT_rf conf=0.7856 rank=5
         laya iter 4 -> best_FT_rf conf=0.9905 rank=5
         laya iter 5 -> best_rf conf=0.4703 rank=6
         laya iter 6 -> best_rf conf=0.8578 rank=6
[ 107] best_single    score=-0.1234 origin=agent    iters=8 stop=no new information in 3 consecutive turns
         TEST  smape=0.0074  rmse=150.9616  pocid=66.67  mape=0.0074  | FLOOR smape=0.0074
         laya iter 1 -> best_ONLY_FT_catboost conf=0.4343 rank=8
         laya iter 2 -> best_ONLY_FT_catboost conf=0.9994 rank=8
         laya iter 3 -> best_FT_rf conf=0.9677 rank=1
         laya iter 4 -> best_FT_rf conf=0.9924 rank=1
         laya iter 5 -> best_DWT_catboost conf=0.379 rank=2
         laya iter 6 -> best_DWT_catboost conf=0.7083 rank=2
         laya iter 7 -> trimmed_mean_stable7 conf=0.1416 rank=7
         laya iter 8 -> trimmed_mean_stable7 conf=0.6198 rank=7
[ 108] mean           score=-0.0973 origin=baseline iters=8 stop=no new information in 3 consecutive turns
         TEST  smape=0.0092  rmse=149.9241  pocid=66.67  mape=0.0092  | FLOOR smape=0.0092
         laya iter 1 -> best_ONLY_FT_catboost conf=0.5419 rank=3
         laya iter 2 -> best_ONLY_FT_rf conf=0.7974 rank=9
         laya iter 3 -> best_ONLY_FT_catboost conf=0.7972 rank=3
         laya iter 4 -> best_ONLY_FT_rf conf=0.6111 rank=9
         laya iter 5 -> best_CWT_catboost conf=0.3951 rank=3
         laya iter 6 -> best_CWT_catboost conf=0.7158 rank=3
         laya iter 7 -> trimmed_mean_stable7 conf=0.1053 rank=6
         laya iter 8 -> trimmed_mean_stable7 conf=0.892 rank=6
[ 109] best_single    score= 0.1022 origin=agent    iters=6 stop=no new information in 3 consecutive turns
         TEST  smape=0.0138  rmse=121.3047  pocid=41.67  mape=0.0137  | FLOOR smape=0.0121
         laya iter 1 -> best_CWT_rf conf=0.8158 rank=1
         laya iter 2 -> best_CWT_rf conf=1.0 rank=1
         laya iter 3 -> best_FT_catboost conf=0.9469 rank=2
         laya iter 4 -> best_FT_catboost conf=0.9996 rank=2
         laya iter 5 -> trimmed_mean_stable7 conf=0.2639 rank=5
         laya iter 6 -> trimmed_mean_stable7 conf=0.8895 rank=5
[ 110] best_single    score=-0.0636 origin=agent    iters=8 stop=no new information in 3 consecutive turns
         TEST  smape=0.0054  rmse=6.9778  pocid=58.33  mape=0.0054  | FLOOR smape=0.0209
         laya iter 1 -> best_catboost conf=0.2307 rank=1
         laya iter 2 -> best_catboost conf=0.6015 rank=1
         laya iter 3 -> best_ONLY_CWT_rf conf=0.4305 rank=8
         laya iter 4 -> best_ONLY_CWT_rf conf=0.808 rank=8
         laya iter 5 -> best_CWT_catboost conf=0.3946 rank=3
         laya iter 6 -> best_CWT_catboost conf=0.7724 rank=3
         laya iter 7 -> trimmed_mean_stable7 conf=0.1463 rank=4
         laya iter 8 -> trimmed_mean_stable7 conf=0.9118 rank=4
[ 111] best_single    score=-0.0820 origin=agent    iters=8 stop=no new information in 3 consecutive turns
         TEST  smape=0.0069  rmse=74.0921  pocid=50.00  mape=0.0069  | FLOOR smape=0.0037
         laya iter 1 -> best_ONLY_FT_catboost conf=0.6467 rank=6
         laya iter 2 -> best_ONLY_FT_catboost conf=0.9694 rank=6
         laya iter 3 -> best_ONLY_FT_rf conf=0.7807 rank=8
         laya iter 4 -> best_ONLY_FT_rf conf=0.9995 rank=8
         laya iter 5 -> best_FT_catboost conf=0.9723 rank=1
         laya iter 6 -> best_FT_catboost conf=1.0 rank=1
         laya iter 7 -> trimmed_mean_stable7 conf=0.1057 rank=6
         laya iter 8 -> trimmed_mean_stable7 conf=0.7448 rank=6
[ 112] mean           score=-0.0947 origin=baseline iters=10 stop=no new information in 3 consecutive turns
         TEST  smape=0.0344  rmse=30.1095  pocid=83.33  mape=0.0351  | FLOOR smape=0.0344
         laya iter 1 -> best_ONLY_CWT_catboost conf=0.5829 rank=3
         laya iter 2 -> best_ONLY_CWT_catboost conf=0.9936 rank=3
         laya iter 3 -> best_catboost conf=0.7395 rank=9
         laya iter 4 -> best_catboost conf=0.7565 rank=9
         laya iter 5 -> best_rf conf=0.5121 rank=5
         laya iter 6 -> best_rf conf=0.9114 rank=5
         laya iter 7 -> trimmed_mean_top5 conf=0.2172 rank=8
         laya iter 8 -> trimmed_mean_stable7 conf=0.5214 rank=6
         laya iter 9 -> trimmed_mean_stable7 conf=0.9344 rank=6
         laya iter 10 -> trimmed_mean_stable9 conf=0.6523 rank=9
[ 113] best_single    score= 0.1564 origin=agent    iters=12 stop=iteration_budget_exhausted
         TEST  smape=0.0317  rmse=349.9440  pocid=33.33  mape=0.0323  | FLOOR smape=0.0256
         laya iter 1 -> best_ONLY_CWT_catboost conf=0.3349 rank=1
         laya iter 2 -> best_ONLY_CWT_catboost conf=0.988 rank=1
         laya iter 3 -> best_ONLY_DWT_rf conf=0.9814 rank=1
         laya iter 4 -> best_ONLY_DWT_rf conf=0.9951 rank=1
         laya iter 5 -> best_CWT_catboost conf=0.5363 rank=2
         laya iter 6 -> best_CWT_catboost conf=0.4365 rank=2
         laya iter 7 -> median_top5 conf=0.2595 rank=11
         laya iter 8 -> median_top5 conf=0.9451 rank=11
         laya iter 9 -> trimmed_mean_top5 conf=0.3094 rank=12
         laya iter 10 -> trimmed_mean_top5 conf=0.3703 rank=12
         laya iter 11 -> trimmed_mean_prune conf=0.8777 rank=13
         laya iter 12 -> trimmed_mean_prune conf=0.9944 rank=13
[ 114] best_single    score= 0.0697 origin=agent    iters=8 stop=no new information in 3 consecutive turns
         TEST  smape=0.0390  rmse=476.5706  pocid=50.00  mape=0.0399  | FLOOR smape=0.0382
         laya iter 1 -> best_ONLY_DWT_catboost conf=0.5754 rank=1
         laya iter 2 -> best_ONLY_DWT_rf conf=0.828 rank=2
         laya iter 3 -> best_ONLY_DWT_catboost conf=0.8599 rank=1
         laya iter 4 -> best_ONLY_DWT_rf conf=0.9908 rank=2
         laya iter 5 -> best_CWT_catboost conf=0.3437 rank=1
         laya iter 6 -> best_CWT_catboost conf=0.5931 rank=1
         laya iter 7 -> trimmed_mean_stable7 conf=0.2448 rank=9
         laya iter 8 -> trimmed_mean_stable7 conf=0.8854 rank=9
[ 115] best_single    score=-0.0359 origin=agent    iters=8 stop=no new information in 3 consecutive turns
         TEST  smape=0.0369  rmse=646.2438  pocid=83.33  mape=0.0379  | FLOOR smape=0.0408
         laya iter 1 -> best_ONLY_DWT_rf conf=0.8372 rank=8
         laya iter 2 -> best_ONLY_DWT_catboost conf=0.7814 rank=1
         laya iter 3 -> best_ONLY_DWT_rf conf=0.8214 rank=9
         laya iter 4 -> best_ONLY_DWT_catboost conf=0.9912 rank=1
         laya iter 5 -> best_DWT_rf conf=0.5199 rank=10
         laya iter 6 -> best_DWT_rf conf=0.6266 rank=10
         laya iter 7 -> trimmed_mean_stable7 conf=0.188 rank=2
         laya iter 8 -> trimmed_mean_stable7 conf=0.9435 rank=2
[ 116] best_single    score=-0.0487 origin=agent    iters=8 stop=no new information in 3 consecutive turns
         TEST  smape=0.0159  rmse=181.9204  pocid=58.33  mape=0.0156  | FLOOR smape=0.0182
         laya iter 1 -> best_FT_catboost conf=0.6293 rank=1
         laya iter 2 -> best_FT_catboost conf=1.0 rank=1
         laya iter 3 -> best_FT_rf conf=0.9399 rank=1
         laya iter 4 -> best_FT_rf conf=0.9829 rank=1
         laya iter 5 -> best_DWT_rf conf=0.2968 rank=3
         laya iter 6 -> best_DWT_rf conf=0.9055 rank=3
         laya iter 7 -> trimmed_mean_stable7 conf=0.1036 rank=6
         laya iter 8 -> trimmed_mean_stable7 conf=0.7712 rank=6
[ 117] best_single    score= 0.3675 origin=agent    iters=7 stop=laya_accept
         TEST  smape=0.0059  rmse=10.9859  pocid=75.00  mape=0.0058  | FLOOR smape=0.0046
         laya iter 1 -> best_ONLY_CWT_catboost conf=0.2969 rank=1
         laya iter 2 -> best_ONLY_CWT_catboost conf=0.9999 rank=1
         laya iter 3 -> best_DWT_catboost conf=0.344 rank=7
         laya iter 4 -> best_DWT_catboost conf=0.6018 rank=7
         laya iter 5 -> best_CWT_rf conf=0.3951 rank=2
         laya iter 6 -> best_CWT_rf conf=0.6912 rank=2
[ 118] best_single    score= 0.2893 origin=agent    iters=8 stop=no new information in 3 consecutive turns
         TEST  smape=0.1600  rmse=199.4430  pocid=66.67  mape=0.1458  | FLOOR smape=0.1541
         laya iter 1 -> best_ONLY_FT_rf conf=0.4724 rank=1
         laya iter 2 -> best_ONLY_FT_rf conf=0.9416 rank=1
         laya iter 3 -> best_ONLY_CWT_rf conf=0.9091 rank=1
         laya iter 4 -> best_ONLY_CWT_rf conf=0.9765 rank=1
         laya iter 5 -> best_DWT_catboost conf=0.488 rank=3
         laya iter 6 -> best_DWT_catboost conf=0.9407 rank=3
         laya iter 7 -> trimmed_mean_stable7 conf=0.1306 rank=6
         laya iter 8 -> trimmed_mean_stable7 conf=0.9325 rank=6
[ 119] best_single    score= 0.4283 origin=agent    iters=7 stop=laya_accept
         TEST  smape=0.1497  rmse=165.8089  pocid=58.33  mape=0.1366  | FLOOR smape=0.1495
         laya iter 1 -> best_ONLY_DWT_catboost conf=0.373 rank=1
         laya iter 2 -> best_ONLY_DWT_catboost conf=0.7276 rank=1
         laya iter 3 -> best_ONLY_FT_rf conf=0.6086 rank=2
         laya iter 4 -> best_ONLY_FT_rf conf=1.0 rank=2
         laya iter 5 -> best_catboost conf=0.5455 rank=3
         laya iter 6 -> best_catboost conf=0.8156 rank=3
[ 120] best_single    score=-0.1268 origin=agent    iters=7 stop=laya_accept
         TEST  smape=0.0039  rmse=54.9591  pocid=75.00  mape=0.0039  | FLOOR smape=0.0036
         laya iter 1 -> best_ONLY_CWT_rf conf=0.7975 rank=1
         laya iter 2 -> best_ONLY_CWT_rf conf=0.9993 rank=1
         laya iter 3 -> best_CWT_rf conf=0.2745 rank=1
         laya iter 4 -> best_CWT_rf conf=0.6802 rank=1
         laya iter 5 -> best_FT_catboost conf=0.7822 rank=2
         laya iter 6 -> best_FT_catboost conf=0.9872 rank=2
[ 121] best_single    score=-0.0906 origin=agent    iters=7 stop=laya_accept
         TEST  smape=0.0437  rmse=21.5352  pocid=66.67  mape=0.0453  | FLOOR smape=0.0418
         laya iter 1 -> best_ONLY_DWT_rf conf=0.495 rank=5
         laya iter 2 -> best_ONLY_DWT_rf conf=0.7456 rank=5
         laya iter 3 -> best_catboost conf=0.516 rank=1
         laya iter 4 -> best_catboost conf=0.8806 rank=1
         laya iter 5 -> best_rf conf=0.4303 rank=8
         laya iter 6 -> best_rf conf=0.9374 rank=8
[ 122] trimmed_mean   score=-0.1001 origin=baseline iters=8 stop=no new information in 3 consecutive turns
         TEST  smape=0.0356  rmse=21.5406  pocid=83.33  mape=0.0367  | FLOOR smape=0.0356
         laya iter 1 -> best_ONLY_DWT_rf conf=0.5729 rank=8
         laya iter 2 -> best_ONLY_DWT_rf conf=0.9397 rank=8
         laya iter 3 -> best_catboost conf=0.3404 rank=5
         laya iter 4 -> best_catboost conf=0.9757 rank=5
         laya iter 5 -> best_rf conf=0.4416 rank=5
         laya iter 6 -> best_rf conf=0.7856 rank=5
         laya iter 7 -> trimmed_mean_stable7 conf=0.172 rank=1
         laya iter 8 -> trimmed_mean_stable7 conf=0.9447 rank=1
[ 123] best_single    score= 0.2086 origin=agent    iters=8 stop=no new information in 3 consecutive turns
         TEST  smape=0.0506  rmse=446.1661  pocid=50.00  mape=0.0520  | FLOOR smape=0.0123
         laya iter 1 -> best_ONLY_FT_rf conf=0.7768 rank=1
         laya iter 2 -> best_ONLY_FT_catboost conf=0.9998 rank=4
         laya iter 3 -> best_ONLY_FT_catboost conf=0.9977 rank=4
         laya iter 4 -> best_ONLY_FT_rf conf=0.9996 rank=1
         laya iter 5 -> best_catboost conf=0.2816 rank=2
         laya iter 6 -> best_catboost conf=0.7879 rank=2
         laya iter 7 -> trimmed_mean_stable7 conf=0.1276 rank=6
         laya iter 8 -> trimmed_mean_stable7 conf=0.6652 rank=6
[ 124] best_single    score=-0.1263 origin=agent    iters=12 stop=iteration_budget_exhausted
         TEST  smape=0.0107  rmse=139.8985  pocid=33.33  mape=0.0106  | FLOOR smape=0.0138
         laya iter 1 -> best_ONLY_DWT_rf conf=0.7746 rank=8
         laya iter 2 -> best_ONLY_DWT_rf conf=1.0 rank=8
         laya iter 3 -> best_FT_catboost conf=0.8977 rank=1
         laya iter 4 -> best_FT_catboost conf=0.9982 rank=1
         laya iter 5 -> best_FT_rf conf=0.9562 rank=10
         laya iter 6 -> best_FT_rf conf=0.9766 rank=10
         laya iter 7 -> median_top5 conf=0.1564 rank=3
         laya iter 8 -> median_top5 conf=1.0 rank=3
         laya iter 9 -> trimmed_mean_top5 conf=0.6444 rank=4
         laya iter 10 -> trimmed_mean_top5 conf=0.3728 rank=4
         laya iter 11 -> trimmed_mean_prune conf=0.7353 rank=15
         laya iter 12 -> trimmed_mean_prune conf=0.999 rank=15
[ 125] best_single    score= 0.0077 origin=agent    iters=8 stop=no new information in 3 consecutive turns
         TEST  smape=0.0037  rmse=45.9005  pocid=91.67  mape=0.0037  | FLOOR smape=0.0048
         laya iter 1 -> best_ONLY_CWT_rf conf=0.7009 rank=1
         laya iter 2 -> best_ONLY_CWT_rf conf=1.0 rank=1
         laya iter 3 -> best_DWT_rf conf=0.5094 rank=8
         laya iter 4 -> best_DWT_rf conf=0.6479 rank=8
         laya iter 5 -> best_CWT_rf conf=0.664 rank=5
         laya iter 6 -> best_CWT_rf conf=0.7927 rank=5
         laya iter 7 -> trimmed_mean_stable7 conf=0.1728 rank=8
         laya iter 8 -> trimmed_mean_stable7 conf=0.8967 rank=8
[ 126] best_single    score=-0.0198 origin=agent    iters=8 stop=no new information in 3 consecutive turns
         TEST  smape=0.0309  rmse=368.7624  pocid=66.67  mape=0.0314  | FLOOR smape=0.0191
         laya iter 1 -> best_catboost conf=0.356 rank=8
         laya iter 2 -> best_catboost conf=1.0 rank=8
         laya iter 3 -> best_ONLY_FT_catboost conf=0.2185 rank=9
         laya iter 4 -> best_ONLY_FT_catboost conf=0.8075 rank=9
         laya iter 5 -> best_ONLY_CWT_catboost conf=0.8775 rank=1
         laya iter 6 -> best_ONLY_CWT_catboost conf=0.9001 rank=1
         laya iter 7 -> trimmed_mean_stable7 conf=0.1946 rank=3
         laya iter 8 -> trimmed_mean_stable7 conf=0.9001 rank=3
[ 127] best_single    score=-0.0324 origin=agent    iters=7 stop=laya_accept
         TEST  smape=0.0243  rmse=104.9724  pocid=58.33  mape=0.0240  | FLOOR smape=0.0221
         laya iter 1 -> best_ONLY_DWT_catboost conf=0.3638 rank=8
         laya iter 2 -> best_ONLY_DWT_catboost conf=0.9767 rank=8
         laya iter 3 -> best_FT_catboost conf=0.9603 rank=1
         laya iter 4 -> best_FT_catboost conf=0.9742 rank=1
         laya iter 5 -> best_DWT_catboost conf=0.4313 rank=2
         laya iter 6 -> best_DWT_catboost conf=0.7954 rank=2
[ 128] best_single    score= 0.3403 origin=agent    iters=8 stop=no new information in 3 consecutive turns
         TEST  smape=0.0254  rmse=27.1630  pocid=83.33  mape=0.0258  | FLOOR smape=0.0268
         laya iter 1 -> best_ONLY_DWT_catboost conf=0.4429 rank=1
         laya iter 2 -> best_ONLY_DWT_catboost conf=0.9042 rank=1
         laya iter 3 -> best_ONLY_CWT_catboost conf=0.7091 rank=1
         laya iter 4 -> best_ONLY_CWT_catboost conf=0.7123 rank=1
         laya iter 5 -> best_DWT_catboost conf=0.2578 rank=2
         laya iter 6 -> best_DWT_catboost conf=0.415 rank=2
         laya iter 7 -> trimmed_mean_stable7 conf=0.2766 rank=4
         laya iter 8 -> trimmed_mean_stable7 conf=0.9746 rank=4
[ 129] mean           score=-0.0840 origin=baseline iters=8 stop=no new information in 3 consecutive turns
         TEST  smape=0.0097  rmse=93.6733  pocid=50.00  mape=0.0098  | FLOOR smape=0.0097
         laya iter 1 -> best_ONLY_CWT_rf conf=0.6314 rank=4
         laya iter 2 -> best_ONLY_CWT_rf conf=0.8044 rank=4
         laya iter 3 -> best_FT_catboost conf=0.6846 rank=8
         laya iter 4 -> best_FT_catboost conf=0.9866 rank=8
         laya iter 5 -> best_DWT_catboost conf=0.319 rank=8
         laya iter 6 -> best_DWT_catboost conf=0.5555 rank=8
         laya iter 7 -> trimmed_mean_stable7 conf=0.0941 rank=2
         laya iter 8 -> trimmed_mean_stable7 conf=0.9223 rank=2
[ 130] best_single    score= 0.1201 origin=agent    iters=8 stop=no new information in 3 consecutive turns
         TEST  smape=0.0027  rmse=7.0405  pocid=83.33  mape=0.0027  | FLOOR smape=0.0024
         laya iter 1 -> best_ONLY_CWT_rf conf=0.67 rank=1
         laya iter 2 -> best_ONLY_CWT_rf conf=0.9908 rank=1
         laya iter 3 -> best_ONLY_CWT_catboost conf=0.9696 rank=2
         laya iter 4 -> best_ONLY_CWT_catboost conf=0.9865 rank=2
         laya iter 5 -> best_DWT_catboost conf=0.5644 rank=3
         laya iter 6 -> best_DWT_catboost conf=0.7505 rank=3
         laya iter 7 -> trimmed_mean_stable7 conf=0.2176 rank=6
         laya iter 8 -> trimmed_mean_stable7 conf=0.9445 rank=6
[ 131] best_single    score=-0.1015 origin=agent    iters=8 stop=no new information in 3 consecutive turns
         TEST  smape=0.0105  rmse=261.3453  pocid=41.67  mape=0.0104  | FLOOR smape=0.0117
         laya iter 1 -> best_DWT_rf conf=0.2118 rank=1
         laya iter 2 -> best_DWT_rf conf=0.7123 rank=1
         laya iter 3 -> best_CWT_rf conf=0.6005 rank=2
         laya iter 4 -> best_CWT_rf conf=0.794 rank=2
         laya iter 5 -> best_FT_rf conf=0.251 rank=9
         laya iter 6 -> best_FT_rf conf=0.7207 rank=9
         laya iter 7 -> trimmed_mean_stable7 conf=0.1029 rank=5
         laya iter 8 -> trimmed_mean_stable7 conf=0.7209 rank=5
[ 132] best_single    score=-0.1134 origin=agent    iters=8 stop=no new information in 3 consecutive turns
         TEST  smape=0.0030  rmse=50.8460  pocid=91.67  mape=0.0030  | FLOOR smape=0.0032
         laya iter 1 -> best_FT_rf conf=0.4609 rank=7
         laya iter 2 -> best_FT_rf conf=0.9949 rank=7
         laya iter 3 -> best_FT_catboost conf=0.3457 rank=7
         laya iter 4 -> best_FT_catboost conf=0.3661 rank=7
         laya iter 5 -> best_CWT_rf conf=0.1057 rank=1
         laya iter 6 -> best_CWT_rf conf=0.5958 rank=1
         laya iter 7 -> trimmed_mean_stable7 conf=0.1045 rank=6
         laya iter 8 -> trimmed_mean_stable7 conf=0.9744 rank=6
[ 133] best_single    score=-0.0991 origin=agent    iters=8 stop=no new information in 3 consecutive turns
         TEST  smape=0.0037  rmse=54.1662  pocid=83.33  mape=0.0037  | FLOOR smape=0.0031
         laya iter 1 -> best_ONLY_DWT_rf conf=0.5232 rank=7
         laya iter 2 -> best_ONLY_DWT_rf conf=1.0 rank=7
         laya iter 3 -> best_DWT_rf conf=0.54 rank=1
         laya iter 4 -> best_DWT_rf conf=0.8133 rank=1
         laya iter 5 -> best_FT_rf conf=0.3457 rank=9
         laya iter 6 -> best_FT_rf conf=0.9574 rank=9
         laya iter 7 -> trimmed_mean_stable7 conf=0.1023 rank=5
         laya iter 8 -> trimmed_mean_stable7 conf=0.5326 rank=5
[ 134] best_single    score= 0.0280 origin=agent    iters=8 stop=no new information in 3 consecutive turns
         TEST  smape=0.0117  rmse=85.8195  pocid=58.33  mape=0.0116  | FLOOR smape=0.0205
         laya iter 1 -> best_catboost conf=0.3667 rank=1
         laya iter 2 -> best_catboost conf=0.9999 rank=1
         laya iter 3 -> best_ONLY_DWT_catboost conf=0.774 rank=1
         laya iter 4 -> best_ONLY_DWT_catboost conf=0.9719 rank=1
         laya iter 5 -> best_ONLY_CWT_rf conf=0.9369 rank=7
         laya iter 6 -> best_ONLY_CWT_rf conf=0.8944 rank=7
         laya iter 7 -> trimmed_mean_stable7 conf=0.6791 rank=3
         laya iter 8 -> trimmed_mean_stable7 conf=0.7998 rank=3
[ 135] mean           score= 0.1342 origin=baseline iters=3 stop=no new information in 3 consecutive turns
         TEST  smape=0.0196  rmse=146.2557  pocid=58.33  mape=0.0194  | FLOOR smape=0.0196
         laya iter 1 -> trimmed_mean_stable7 conf=0.1641 rank=4
         laya iter 2 -> trimmed_mean_stable7 conf=0.9999 rank=4
         laya iter 3 -> trimmed_mean_stable9 conf=0.7971 rank=3
[ 136] best_single    score=-0.0610 origin=agent    iters=7 stop=laya_accept
         TEST  smape=0.0097  rmse=78.1532  pocid=58.33  mape=0.0097  | FLOOR smape=0.0106
         laya iter 1 -> best_ONLY_FT_catboost conf=0.2226 rank=8
         laya iter 2 -> best_ONLY_FT_catboost conf=0.4609 rank=8
         laya iter 3 -> best_rf conf=0.3738 rank=2
         laya iter 4 -> best_rf conf=0.9 rank=2
         laya iter 5 -> best_DWT_catboost conf=0.6794 rank=1
         laya iter 6 -> best_DWT_catboost conf=0.8182 rank=1
[ 137] mean           score=-0.0994 origin=baseline iters=8 stop=no new information in 3 consecutive turns
         TEST  smape=0.0662  rmse=26.8251  pocid=75.00  mape=0.0679  | FLOOR smape=0.0662
         laya iter 1 -> best_ONLY_FT_catboost conf=0.5825 rank=4
         laya iter 2 -> best_ONLY_FT_catboost conf=0.6806 rank=4
         laya iter 3 -> best_ONLY_FT_rf conf=0.8911 rank=9
         laya iter 4 -> best_ONLY_FT_rf conf=0.9994 rank=9
         laya iter 5 -> best_FT_catboost conf=0.8151 rank=9
         laya iter 6 -> best_FT_catboost conf=0.9924 rank=9
         laya iter 7 -> trimmed_mean_stable7 conf=0.1199 rank=2
         laya iter 8 -> trimmed_mean_stable7 conf=0.9459 rank=2
[ 138] best_single    score= 0.2671 origin=agent    iters=7 stop=no new information in 3 consecutive turns
         TEST  smape=0.0353  rmse=292.6226  pocid=50.00  mape=0.0360  | FLOOR smape=0.0327
         laya iter 1 -> best_FT_rf conf=0.4396 rank=4
         laya iter 2 -> best_FT_rf conf=0.9998 rank=4
         laya iter 3 -> best_DWT_rf conf=0.6814 rank=1
         laya iter 4 -> best_CWT_rf conf=0.7051 rank=2
         laya iter 5 -> best_CWT_rf conf=0.7212 rank=2
         laya iter 6 -> best_DWT_rf conf=0.4308 rank=1
         laya iter 7 -> trimmed_mean_stable7 conf=0.151 rank=5
[ 139] best_single    score= 0.2773 origin=agent    iters=8 stop=no new information in 3 consecutive turns
         TEST  smape=0.0399  rmse=361.0408  pocid=58.33  mape=0.0409  | FLOOR smape=0.0344
         laya iter 1 -> best_ONLY_DWT_rf conf=0.3181 rank=1
         laya iter 2 -> best_ONLY_DWT_rf conf=0.9906 rank=1
         laya iter 3 -> best_ONLY_CWT_rf conf=0.6018 rank=1
         laya iter 4 -> best_ONLY_CWT_rf conf=0.8946 rank=1
         laya iter 5 -> best_CWT_rf conf=0.2613 rank=2
         laya iter 6 -> best_CWT_rf conf=0.343 rank=2
         laya iter 7 -> trimmed_mean_stable7 conf=0.1753 rank=8
         laya iter 8 -> trimmed_mean_stable7 conf=0.9532 rank=8
[ 140] median         score= 0.0218 origin=baseline iters=7 stop=laya_accept
         TEST  smape=0.0458  rmse=569.6585  pocid=66.67  mape=0.0472  | FLOOR smape=0.0458
         laya iter 1 -> best_ONLY_DWT_catboost conf=0.9132 rank=4
         laya iter 2 -> best_ONLY_DWT_catboost conf=1.0 rank=4
         laya iter 3 -> best_FT_catboost conf=0.929 rank=9
         laya iter 4 -> best_FT_catboost conf=0.9099 rank=9
         laya iter 5 -> best_DWT_catboost conf=0.4486 rank=2
         laya iter 6 -> best_DWT_catboost conf=0.6303 rank=2
[ 141] best_single    score=-0.0134 origin=agent    iters=4 stop=no new information in 3 consecutive turns
         TEST  smape=0.0134  rmse=115.5515  pocid=75.00  mape=0.0132  | FLOOR smape=0.0136
         laya iter 1 -> best_ONLY_CWT_rf conf=0.4324 rank=1
         laya iter 2 -> best_ONLY_CWT_rf conf=0.9998 rank=1
         laya iter 3 -> trimmed_mean_stable7 conf=0.1174 rank=4
         laya iter 4 -> trimmed_mean_stable7 conf=0.2065 rank=4
[ 142] best_single    score= 0.0398 origin=agent    iters=7 stop=laya_accept
         TEST  smape=0.0057  rmse=73.5386  pocid=75.00  mape=0.0056  | FLOOR smape=0.0043
         laya iter 1 -> best_ONLY_CWT_catboost conf=0.5831 rank=1
         laya iter 2 -> best_ONLY_CWT_catboost conf=1.0 rank=1
         laya iter 3 -> best_DWT_catboost conf=0.4805 rank=8
         laya iter 4 -> best_DWT_catboost conf=0.6171 rank=8
         laya iter 5 -> best_CWT_catboost conf=0.8309 rank=1
         laya iter 6 -> best_CWT_catboost conf=0.8868 rank=1
[ 143] best_single    score= 0.1648 origin=agent    iters=8 stop=no new information in 3 consecutive turns
         TEST  smape=0.1535  rmse=186.3837  pocid=50.00  mape=0.1404  | FLOOR smape=0.1282
         laya iter 1 -> best_ONLY_CWT_rf conf=0.5961 rank=2
         laya iter 2 -> best_ONLY_DWT_catboost conf=0.8005 rank=1
         laya iter 3 -> best_ONLY_DWT_catboost conf=0.96 rank=1
         laya iter 4 -> best_ONLY_CWT_rf conf=0.9552 rank=3
         laya iter 5 -> best_CWT_rf conf=0.5536 rank=3
         laya iter 6 -> best_CWT_rf conf=0.5753 rank=3
         laya iter 7 -> trimmed_mean_stable7 conf=0.2651 rank=6
         laya iter 8 -> trimmed_mean_stable7 conf=0.6706 rank=6
[ 144] best_single    score= 0.2853 origin=agent    iters=8 stop=no new information in 3 consecutive turns
         TEST  smape=0.1870  rmse=1927.4050  pocid=58.33  mape=0.1675  | FLOOR smape=0.1696
         laya iter 1 -> best_FT_catboost conf=0.586 rank=1
         laya iter 2 -> best_FT_catboost conf=0.9938 rank=1
         laya iter 3 -> best_ONLY_FT_catboost conf=0.7599 rank=8
         laya iter 4 -> best_ONLY_FT_catboost conf=0.7829 rank=8
         laya iter 5 -> best_ONLY_DWT_catboost conf=0.9478 rank=2
         laya iter 6 -> best_ONLY_DWT_catboost conf=0.9828 rank=2
         laya iter 7 -> trimmed_mean_stable7 conf=0.2719 rank=6
         laya iter 8 -> trimmed_mean_stable7 conf=0.7957 rank=6
[ 145] median         score=-0.1025 origin=baseline iters=8 stop=no new information in 3 consecutive turns
         TEST  smape=0.0089  rmse=73.9772  pocid=75.00  mape=0.0088  | FLOOR smape=0.0089
         laya iter 1 -> best_ONLY_CWT_rf conf=0.622 rank=8
         laya iter 2 -> best_ONLY_CWT_rf conf=1.0 rank=8
         laya iter 3 -> best_CWT_rf conf=0.3104 rank=2
         laya iter 4 -> best_CWT_rf conf=0.5021 rank=2
         laya iter 5 -> best_DWT_catboost conf=0.3739 rank=10
         laya iter 6 -> best_DWT_catboost conf=0.6922 rank=10
         laya iter 7 -> trimmed_mean_stable7 conf=0.1414 rank=6
         laya iter 8 -> trimmed_mean_stable7 conf=0.8014 rank=6
[ 146] trimmed_mean   score=-0.0638 origin=baseline iters=7 stop=laya_accept
         TEST  smape=0.0847  rmse=11.6306  pocid=41.67  mape=0.0897  | FLOOR smape=0.0847
         laya iter 1 -> best_ONLY_FT_catboost conf=0.537 rank=5
         laya iter 2 -> best_ONLY_FT_rf conf=0.8313 rank=8
         laya iter 3 -> best_ONLY_FT_rf conf=0.7622 rank=8
         laya iter 4 -> best_ONLY_FT_catboost conf=0.973 rank=5
         laya iter 5 -> best_CWT_catboost conf=0.4857 rank=3
         laya iter 6 -> best_CWT_catboost conf=0.5161 rank=3
[ 147] median         score=-0.0696 origin=baseline iters=12 stop=iteration_budget_exhausted
         TEST  smape=0.0675  rmse=16.3890  pocid=50.00  mape=0.0705  | FLOOR smape=0.0675
         laya iter 1 -> best_ONLY_CWT_rf conf=0.4872 rank=8
         laya iter 2 -> best_ONLY_CWT_rf conf=0.9998 rank=8
         laya iter 3 -> best_FT_catboost conf=0.9161 rank=5
         laya iter 4 -> best_FT_catboost conf=0.9948 rank=5
         laya iter 5 -> best_DWT_rf conf=0.2956 rank=2
         laya iter 6 -> best_DWT_rf conf=0.7886 rank=2
         laya iter 7 -> trimmed_mean_stable7 conf=0.1334 rank=5
         laya iter 8 -> median_stable7 conf=0.5686 rank=9
         laya iter 9 -> median_stable7 conf=0.6714 rank=9
         laya iter 10 -> trimmed_mean_stable7 conf=0.3725 rank=5
         laya iter 11 -> trimmed_mean_full conf=0.3241 rank=12
         laya iter 12 -> trimmed_mean_full conf=0.9067 rank=12
[ 148] best_single    score= 0.4701 origin=agent    iters=7 stop=laya_accept
         TEST  smape=0.0233  rmse=122.2692  pocid=25.00  mape=0.0229  | FLOOR smape=0.0405
         laya iter 1 -> best_ONLY_FT_catboost conf=0.4929 rank=1
         laya iter 2 -> best_ONLY_FT_catboost conf=0.9994 rank=1
         laya iter 3 -> best_FT_catboost conf=0.8005 rank=1
         laya iter 4 -> best_FT_catboost conf=0.7722 rank=1
         laya iter 5 -> best_catboost conf=0.2068 rank=2
         laya iter 6 -> best_catboost conf=0.3343 rank=2
[ 149] trimmed_mean   score=-0.0693 origin=baseline iters=12 stop=iteration_budget_exhausted
         TEST  smape=0.0152  rmse=146.1281  pocid=75.00  mape=0.0151  | FLOOR smape=0.0152
         laya iter 1 -> best_ONLY_DWT_rf conf=0.3835 rank=8
         laya iter 2 -> best_ONLY_DWT_rf conf=1.0 rank=8
         laya iter 3 -> best_DWT_catboost conf=0.4373 rank=7
         laya iter 4 -> best_DWT_catboost conf=0.7841 rank=7
         laya iter 5 -> best_CWT_catboost conf=0.3627 rank=10
         laya iter 6 -> best_CWT_catboost conf=0.6444 rank=10
         laya iter 7 -> median_top5 conf=0.1197 rank=5
         laya iter 8 -> median_top5 conf=0.999 rank=5
         laya iter 9 -> trimmed_mean_top5 conf=0.4483 rank=9
         laya iter 10 -> trimmed_mean_top5 conf=0.6969 rank=9
         laya iter 11 -> trimmed_mean_prune conf=0.8914 rank=15
         laya iter 12 -> trimmed_mean_prune conf=0.9995 rank=15
[ 150] trimmed_mean   score=-0.1187 origin=baseline iters=7 stop=laya_accept
         TEST  smape=0.0079  rmse=59.8727  pocid=91.67  mape=0.0079  | FLOOR smape=0.0079
         laya iter 1 -> best_ONLY_CWT_catboost conf=0.4194 rank=6
         laya iter 2 -> best_ONLY_CWT_catboost conf=1.0 rank=6
         laya iter 3 -> best_CWT_catboost conf=0.561 rank=8
         laya iter 4 -> best_CWT_catboost conf=0.5765 rank=8
         laya iter 5 -> best_DWT_catboost conf=0.4051 rank=4
         laya iter 6 -> best_DWT_catboost conf=0.6424 rank=4
[ 151] best_single    score= 0.0611 origin=agent    iters=7 stop=laya_accept
         TEST  smape=0.0212  rmse=214.6915  pocid=50.00  mape=0.0209  | FLOOR smape=0.0137
         laya iter 1 -> best_ONLY_FT_rf conf=0.7807 rank=2
         laya iter 2 -> best_ONLY_FT_catboost conf=0.9961 rank=1
         laya iter 3 -> best_ONLY_FT_catboost conf=0.8081 rank=1
         laya iter 4 -> best_ONLY_FT_rf conf=1.0 rank=3
         laya iter 5 -> best_catboost conf=0.1947 rank=2
         laya iter 6 -> best_catboost conf=0.7584 rank=2
[ 152] best_single    score= 0.0015 origin=agent    iters=10 stop=no new information in 3 consecutive turns
         TEST  smape=0.0226  rmse=94.0364  pocid=75.00  mape=0.0229  | FLOOR smape=0.0227
         laya iter 1 -> best_ONLY_FT_rf conf=0.7743 rank=8
         laya iter 2 -> best_ONLY_FT_rf conf=1.0 rank=8
         laya iter 3 -> best_FT_rf conf=0.9274 rank=1
         laya iter 4 -> best_ONLY_FT_catboost conf=0.7973 rank=10
         laya iter 5 -> best_ONLY_FT_catboost conf=0.978 rank=10
         laya iter 6 -> best_FT_rf conf=0.5381 rank=1
         laya iter 7 -> median_stable7 conf=0.2383 rank=5
         laya iter 8 -> median_stable7 conf=1.0 rank=5
         laya iter 9 -> trimmed_mean_stable7 conf=0.7873 rank=6
         laya iter 10 -> trimmed_mean_stable7 conf=0.4761 rank=6
[ 153] best_single    score= 0.0225 origin=agent    iters=6 stop=no new information in 3 consecutive turns
         TEST  smape=0.0217  rmse=214.7032  pocid=58.33  mape=0.0220  | FLOOR smape=0.0190
         laya iter 1 -> best_CWT_rf conf=0.4053 rank=1
         laya iter 2 -> best_CWT_rf conf=0.7846 rank=1
         laya iter 3 -> best_ONLY_CWT_rf conf=0.682 rank=1
         laya iter 4 -> best_ONLY_CWT_rf conf=0.9933 rank=1
         laya iter 5 -> trimmed_mean_stable7 conf=0.182 rank=4
         laya iter 6 -> trimmed_mean_stable7 conf=0.7667 rank=4
[ 154] best_single    score= 0.0248 origin=agent    iters=8 stop=no new information in 3 consecutive turns
         TEST  smape=0.0178  rmse=99.1961  pocid=41.67  mape=0.0180  | FLOOR smape=0.0186
         laya iter 1 -> best_ONLY_CWT_rf conf=0.6459 rank=1
         laya iter 2 -> best_ONLY_CWT_rf conf=1.0 rank=1
         laya iter 3 -> best_DWT_rf conf=0.6065 rank=2
         laya iter 4 -> best_DWT_rf conf=0.8345 rank=2
         laya iter 5 -> best_CWT_catboost conf=0.6033 rank=3
         laya iter 6 -> best_CWT_catboost conf=0.8646 rank=3
         laya iter 7 -> trimmed_mean_stable9 conf=0.1759 rank=8
         laya iter 8 -> trimmed_mean_stable9 conf=0.6267 rank=8
[ 155] best_single    score=-0.0450 origin=agent    iters=8 stop=no new information in 3 consecutive turns
         TEST  smape=0.0119  rmse=82.9985  pocid=41.67  mape=0.0120  | FLOOR smape=0.0143
         laya iter 1 -> best_ONLY_FT_catboost conf=0.5631 rank=1
         laya iter 2 -> best_ONLY_FT_catboost conf=0.9995 rank=1
         laya iter 3 -> best_ONLY_CWT_rf conf=0.771 rank=5
         laya iter 4 -> best_ONLY_CWT_rf conf=0.7973 rank=5
         laya iter 5 -> best_ONLY_CWT_catboost conf=0.6435 rank=3
         laya iter 6 -> best_ONLY_CWT_catboost conf=0.9211 rank=3
         laya iter 7 -> trimmed_mean_stable7 conf=0.1852 rank=4
         laya iter 8 -> trimmed_mean_stable7 conf=0.5919 rank=4
[ 156] best_single    score=-0.1308 origin=agent    iters=8 stop=no new information in 3 consecutive turns
         TEST  smape=0.0040  rmse=6.6496  pocid=75.00  mape=0.0040  | FLOOR smape=0.0033
         laya iter 1 -> best_ONLY_DWT_catboost conf=0.9305 rank=7
         laya iter 2 -> best_ONLY_DWT_catboost conf=0.9305 rank=7
         laya iter 3 -> best_ONLY_DWT_rf conf=0.9933 rank=1
         laya iter 4 -> best_ONLY_DWT_rf conf=0.9979 rank=1
         laya iter 5 -> best_CWT_rf conf=0.6202 rank=7
         laya iter 6 -> best_CWT_rf conf=0.7471 rank=7
         laya iter 7 -> trimmed_mean_stable7 conf=0.11 rank=3
         laya iter 8 -> trimmed_mean_stable7 conf=0.7399 rank=3
[ 157] best_single    score=-0.0848 origin=agent    iters=8 stop=no new information in 3 consecutive turns
         TEST  smape=0.0051  rmse=109.6777  pocid=33.33  mape=0.0051  | FLOOR smape=0.0069
         laya iter 1 -> best_FT_rf conf=0.6829 rank=1
         laya iter 2 -> best_FT_rf conf=0.9999 rank=1
         laya iter 3 -> best_ONLY_DWT_catboost conf=0.8796 rank=1
         laya iter 4 -> best_ONLY_DWT_catboost conf=0.9875 rank=1
         laya iter 5 -> best_CWT_catboost conf=0.4505 rank=6
         laya iter 6 -> best_CWT_catboost conf=0.5629 rank=6
         laya iter 7 -> trimmed_mean_stable7 conf=0.4848 rank=8
         laya iter 8 -> trimmed_mean_stable7 conf=0.8908 rank=8
[ 158] best_single    score=-0.1018 origin=agent    iters=7 stop=laya_accept
         TEST  smape=0.0069  rmse=69.2316  pocid=83.33  mape=0.0069  | FLOOR smape=0.0057
         laya iter 1 -> best_ONLY_CWT_rf conf=0.4824 rank=7
         laya iter 2 -> best_ONLY_CWT_rf conf=0.9997 rank=7
         laya iter 3 -> best_ONLY_CWT_catboost conf=0.4856 rank=4
         laya iter 4 -> best_ONLY_CWT_catboost conf=0.9963 rank=4
         laya iter 5 -> best_CWT_rf conf=0.2838 rank=1
         laya iter 6 -> best_CWT_rf conf=0.7986 rank=1
[ 159] best_single    score=-0.1009 origin=agent    iters=7 stop=no new information in 3 consecutive turns
         TEST  smape=0.0050  rmse=46.6177  pocid=91.67  mape=0.0050  | FLOOR smape=0.0048
         laya iter 1 -> best_ONLY_CWT_rf conf=0.5501 rank=2
         laya iter 2 -> best_ONLY_CWT_rf conf=1.0 rank=2
         laya iter 3 -> best_CWT_rf conf=0.7498 rank=1
         laya iter 4 -> best_CWT_catboost conf=0.4779 rank=10
         laya iter 5 -> best_CWT_catboost conf=0.6673 rank=10
         laya iter 6 -> best_CWT_rf conf=0.5454 rank=1
         laya iter 7 -> trimmed_mean_stable7 conf=0.1224 rank=6
[ 160] best_single    score=-0.0539 origin=agent    iters=8 stop=no new information in 3 consecutive turns
         TEST  smape=0.0057  rmse=84.3700  pocid=33.33  mape=0.0057  | FLOOR smape=0.0062
         laya iter 1 -> best_FT_catboost conf=0.6001 rank=1
         laya iter 2 -> best_FT_catboost conf=0.9989 rank=1
         laya iter 3 -> best_ONLY_CWT_catboost conf=0.7337 rank=1
         laya iter 4 -> best_ONLY_CWT_catboost conf=0.9468 rank=1
         laya iter 5 -> best_DWT_catboost conf=0.4094 rank=1
         laya iter 6 -> best_DWT_catboost conf=0.3501 rank=1
         laya iter 7 -> trimmed_mean_stable7 conf=0.2763 rank=5
         laya iter 8 -> trimmed_mean_stable7 conf=0.5667 rank=5
[ 161] mean           score= 0.0098 origin=baseline iters=7 stop=laya_accept
         TEST  smape=0.0117  rmse=66.6612  pocid=41.67  mape=0.0116  | FLOOR smape=0.0117
         laya iter 1 -> best_ONLY_DWT_catboost conf=0.915 rank=3
         laya iter 2 -> best_ONLY_DWT_catboost conf=0.9926 rank=3
         laya iter 3 -> best_rf conf=0.6403 rank=2
         laya iter 4 -> best_rf conf=0.8027 rank=2
         laya iter 5 -> best_DWT_rf conf=0.6762 rank=2
         laya iter 6 -> best_DWT_rf conf=0.9792 rank=2
[ 162] best_single    score= 0.0275 origin=agent    iters=8 stop=no new information in 3 consecutive turns
         TEST  smape=0.0124  rmse=50.2909  pocid=75.00  mape=0.0123  | FLOOR smape=0.0124
         laya iter 1 -> best_ONLY_DWT_catboost conf=0.8038 rank=1
         laya iter 2 -> best_ONLY_DWT_catboost conf=0.9999 rank=1
         laya iter 3 -> best_FT_catboost conf=0.9853 rank=2
         laya iter 4 -> best_FT_catboost conf=0.9992 rank=2
         laya iter 5 -> best_CWT_catboost conf=0.5838 rank=7
         laya iter 6 -> best_CWT_catboost conf=0.6876 rank=7
         laya iter 7 -> trimmed_mean_stable7 conf=0.1709 rank=5
         laya iter 8 -> trimmed_mean_stable7 conf=0.6172 rank=5
[ 163] best_single    score=-0.0332 origin=agent    iters=8 stop=no new information in 3 consecutive turns
         TEST  smape=0.0131  rmse=373.9038  pocid=58.33  mape=0.0132  | FLOOR smape=0.0105
         laya iter 1 -> best_ONLY_DWT_rf conf=0.8609 rank=2
         laya iter 2 -> best_ONLY_DWT_rf conf=0.912 rank=2
         laya iter 3 -> best_ONLY_DWT_catboost conf=0.8604 rank=1
         laya iter 4 -> best_ONLY_DWT_catboost conf=0.9507 rank=1
         laya iter 5 -> best_DWT_rf conf=0.217 rank=4
         laya iter 6 -> best_DWT_rf conf=0.4383 rank=4
         laya iter 7 -> trimmed_mean_stable7 conf=0.147 rank=8
         laya iter 8 -> trimmed_mean_stable7 conf=0.6329 rank=8
[ 164] trimmed_mean   score=-0.0294 origin=baseline iters=7 stop=laya_accept
         TEST  smape=0.0403  rmse=174.9849  pocid=50.00  mape=0.0414  | FLOOR smape=0.0403
         laya iter 1 -> best_ONLY_FT_rf conf=0.3987 rank=2
         laya iter 2 -> best_ONLY_FT_rf conf=1.0 rank=2
         laya iter 3 -> best_ONLY_CWT_catboost conf=0.8567 rank=3
         laya iter 4 -> best_ONLY_CWT_catboost conf=0.8752 rank=3
         laya iter 5 -> best_catboost conf=0.2333 rank=8
         laya iter 6 -> best_catboost conf=0.9682 rank=8
[ 165] best_single    score= 0.1320 origin=agent    iters=6 stop=no new information in 3 consecutive turns
         TEST  smape=0.0502  rmse=153.2970  pocid=58.33  mape=0.0519  | FLOOR smape=0.0282
         laya iter 1 -> best_catboost conf=0.4618 rank=1
         laya iter 2 -> best_catboost conf=0.9879 rank=1
         laya iter 3 -> best_ONLY_CWT_rf conf=0.7483 rank=2
         laya iter 4 -> best_ONLY_CWT_rf conf=0.8715 rank=2
         laya iter 5 -> trimmed_mean_stable7 conf=0.2616 rank=7
         laya iter 6 -> trimmed_mean_stable7 conf=0.9353 rank=7
[ 166] best_single    score= 0.0037 origin=agent    iters=7 stop=laya_accept
         TEST  smape=0.0473  rmse=157.6121  pocid=50.00  mape=0.0487  | FLOOR smape=0.0308
         laya iter 1 -> best_ONLY_FT_catboost conf=0.2153 rank=2
         laya iter 2 -> best_ONLY_FT_catboost conf=0.948 rank=2
         laya iter 3 -> best_catboost conf=0.5877 rank=1
         laya iter 4 -> best_catboost conf=0.6437 rank=1
         laya iter 5 -> best_rf conf=0.6859 rank=6
         laya iter 6 -> best_rf conf=0.9762 rank=6
[ 167] best_single    score= 0.0570 origin=agent    iters=8 stop=no new information in 3 consecutive turns
         TEST  smape=0.0404  rmse=164.9567  pocid=66.67  mape=0.0399  | FLOOR smape=0.0286
         laya iter 1 -> best_FT_catboost conf=0.4196 rank=1
         laya iter 2 -> best_FT_catboost conf=0.9656 rank=1
         laya iter 3 -> best_ONLY_CWT_catboost conf=0.5315 rank=8
         laya iter 4 -> best_ONLY_CWT_catboost conf=0.7476 rank=8
         laya iter 5 -> best_DWT_catboost conf=0.499 rank=2
         laya iter 6 -> best_DWT_catboost conf=0.7725 rank=2
         laya iter 7 -> trimmed_mean_stable7 conf=0.3191 rank=6
         laya iter 8 -> trimmed_mean_stable7 conf=0.9484 rank=6
[ 168] best_single    score= 0.0300 origin=agent    iters=8 stop=no new information in 3 consecutive turns
         TEST  smape=0.0295  rmse=73.1664  pocid=50.00  mape=0.0286  | FLOOR smape=0.0419
         laya iter 1 -> best_ONLY_DWT_catboost conf=0.6518 rank=1
         laya iter 2 -> best_ONLY_DWT_catboost conf=1.0 rank=1
         laya iter 3 -> best_DWT_catboost conf=0.622 rank=1
         laya iter 4 -> best_DWT_catboost conf=0.8328 rank=1
         laya iter 5 -> best_DWT_rf conf=0.2433 rank=6
         laya iter 6 -> best_DWT_rf conf=0.8108 rank=6
         laya iter 7 -> trimmed_mean_stable7 conf=0.1345 rank=4
         laya iter 8 -> trimmed_mean_stable7 conf=0.6671 rank=4
[ 169] best_single    score= 0.0004 origin=agent    iters=8 stop=no new information in 3 consecutive turns
         TEST  smape=0.0208  rmse=93.3815  pocid=66.67  mape=0.0204  | FLOOR smape=0.0210
         laya iter 1 -> best_FT_rf conf=0.4196 rank=1
         laya iter 2 -> best_FT_rf conf=0.9686 rank=1
         laya iter 3 -> best_ONLY_DWT_rf conf=0.5543 rank=4
         laya iter 4 -> best_ONLY_DWT_rf conf=0.7955 rank=4
         laya iter 5 -> best_ONLY_CWT_catboost conf=0.5931 rank=2
         laya iter 6 -> best_ONLY_CWT_catboost conf=0.9265 rank=2
         laya iter 7 -> trimmed_mean_stable7 conf=0.1484 rank=10
         laya iter 8 -> trimmed_mean_stable7 conf=0.3834 rank=10
[ 170] best_single    score= 0.1063 origin=agent    iters=7 stop=laya_accept
         TEST  smape=0.0079  rmse=61.0144  pocid=58.33  mape=0.0079  | FLOOR smape=0.0087
         laya iter 1 -> best_FT_rf conf=0.4853 rank=1
         laya iter 2 -> best_FT_rf conf=0.9877 rank=1
         laya iter 3 -> best_CWT_rf conf=0.2947 rank=2
         laya iter 4 -> best_CWT_rf conf=0.7939 rank=2
         laya iter 5 -> best_CWT_catboost conf=0.5164 rank=3
         laya iter 6 -> best_CWT_catboost conf=0.7945 rank=3
[ 171] best_single    score=-0.0928 origin=agent    iters=8 stop=no new information in 3 consecutive turns
         TEST  smape=0.0063  rmse=27.6979  pocid=83.33  mape=0.0063  | FLOOR smape=0.0056
         laya iter 1 -> best_ONLY_CWT_rf conf=0.4072 rank=1
         laya iter 2 -> best_ONLY_CWT_rf conf=1.0 rank=1
         laya iter 3 -> best_DWT_rf conf=0.4383 rank=7
         laya iter 4 -> best_DWT_rf conf=0.745 rank=7
         laya iter 5 -> best_CWT_rf conf=0.6166 rank=2
         laya iter 6 -> best_CWT_rf conf=0.7062 rank=2
         laya iter 7 -> trimmed_mean_stable7 conf=0.3046 rank=6
         laya iter 8 -> trimmed_mean_stable7 conf=0.9761 rank=6
[ 172] best_single    score= 0.3677 origin=agent    iters=8 stop=no new information in 3 consecutive turns
         TEST  smape=0.0649  rmse=314.6973  pocid=50.00  mape=0.0654  | FLOOR smape=0.0670
         laya iter 1 -> best_FT_catboost conf=0.5207 rank=1
         laya iter 2 -> best_FT_catboost conf=0.9997 rank=1
         laya iter 3 -> best_ONLY_DWT_rf conf=0.5664 rank=2
         laya iter 4 -> best_ONLY_DWT_rf conf=0.8509 rank=2
         laya iter 5 -> best_ONLY_DWT_catboost conf=0.8939 rank=1
         laya iter 6 -> best_ONLY_DWT_catboost conf=0.7565 rank=1
         laya iter 7 -> trimmed_mean_stable7 conf=0.2756 rank=7
         laya iter 8 -> trimmed_mean_stable7 conf=0.7113 rank=7
[ 173] best_single    score= 0.2088 origin=agent    iters=7 stop=laya_accept
         TEST  smape=0.0059  rmse=19.0458  pocid=33.33  mape=0.0059  | FLOOR smape=0.0059
         laya iter 1 -> best_ONLY_DWT_catboost conf=0.2967 rank=1
         laya iter 2 -> best_ONLY_DWT_catboost conf=0.8571 rank=1
         laya iter 3 -> best_catboost conf=0.75 rank=1
         laya iter 4 -> best_catboost conf=0.87 rank=1
         laya iter 5 -> best_rf conf=0.4842 rank=3
         laya iter 6 -> best_rf conf=0.9357 rank=3
[ 174] best_single    score=-0.0861 origin=agent    iters=8 stop=no new information in 3 consecutive turns
         TEST  smape=0.0068  rmse=26.5655  pocid=75.00  mape=0.0067  | FLOOR smape=0.0063
         laya iter 1 -> best_FT_catboost conf=0.6804 rank=1
         laya iter 2 -> best_FT_catboost conf=1.0 rank=1
         laya iter 3 -> best_ONLY_DWT_rf conf=0.8525 rank=2
         laya iter 4 -> best_ONLY_DWT_rf conf=0.9948 rank=2
         laya iter 5 -> best_DWT_rf conf=0.5503 rank=3
         laya iter 6 -> best_DWT_rf conf=0.6944 rank=3
         laya iter 7 -> trimmed_mean_stable7 conf=0.1575 rank=9
         laya iter 8 -> trimmed_mean_stable7 conf=0.8506 rank=9
[ 175] median         score= 0.0595 origin=agent    iters=12 stop=iteration_budget_exhausted
         TEST  smape=0.0267  rmse=72.8583  pocid=75.00  mape=0.0271  | FLOOR smape=0.0237
         laya iter 1 -> best_ONLY_FT_rf conf=0.4066 rank=2
         laya iter 2 -> best_ONLY_FT_catboost conf=0.9997 rank=1
         laya iter 3 -> best_ONLY_FT_rf conf=0.81 rank=3
         laya iter 4 -> best_ONLY_FT_catboost conf=0.9999 rank=1
         laya iter 5 -> best_catboost conf=0.1803 rank=1
         laya iter 6 -> best_catboost conf=0.6475 rank=1
         laya iter 7 -> median_prune conf=0.1457 rank=1
         laya iter 8 -> trimmed_mean_prune conf=0.5715 rank=12
         laya iter 9 -> trimmed_mean_prune conf=0.7371 rank=12
         laya iter 10 -> trimmed_mean_full conf=0.9123 rank=12
         laya iter 11 -> trimmed_mean_full conf=1.0 rank=12
         laya iter 12 -> median_prune conf=0.3086 rank=1
[ 176] best_single    score= 0.3890 origin=agent    iters=7 stop=laya_accept
         TEST  smape=0.0277  rmse=209.2073  pocid=75.00  mape=0.0273  | FLOOR smape=0.0309
         laya iter 1 -> best_ONLY_DWT_catboost conf=0.6425 rank=1
         laya iter 2 -> best_ONLY_DWT_catboost conf=0.9993 rank=1
         laya iter 3 -> best_FT_catboost conf=0.9551 rank=1
         laya iter 4 -> best_FT_catboost conf=0.9914 rank=1
         laya iter 5 -> best_CWT_rf conf=0.4626 rank=2
         laya iter 6 -> best_CWT_rf conf=0.6332 rank=2
[ 177] best_single    score= 0.3418 origin=agent    iters=7 stop=laya_accept
         TEST  smape=0.0709  rmse=114.7468  pocid=75.00  mape=0.0739  | FLOOR smape=0.0600
         laya iter 1 -> best_ONLY_DWT_rf conf=0.7658 rank=1
         laya iter 2 -> best_ONLY_DWT_rf conf=0.9814 rank=1
         laya iter 3 -> best_rf conf=0.33 rank=1
         laya iter 4 -> best_rf conf=0.9881 rank=1
         laya iter 5 -> best_catboost conf=0.4481 rank=1
         laya iter 6 -> best_catboost conf=0.9904 rank=1
[ 178] trimmed_mean   score=-0.0741 origin=baseline iters=12 stop=no new information in 3 consecutive turns
         TEST  smape=0.0063  rmse=23.5996  pocid=50.00  mape=0.0062  | FLOOR smape=0.0063
         laya iter 1 -> best_ONLY_DWT_catboost conf=0.8623 rank=2
         laya iter 2 -> best_ONLY_DWT_catboost conf=1.0 rank=2
         laya iter 3 -> best_FT_rf conf=0.6583 rank=7
         laya iter 4 -> best_FT_rf conf=0.8479 rank=7
         laya iter 5 -> best_CWT_rf conf=0.4823 rank=9
         laya iter 6 -> best_CWT_rf conf=0.7235 rank=9
         laya iter 7 -> trimmed_mean_full conf=0.1693 rank=11
         laya iter 8 -> trimmed_mean_full conf=0.9228 rank=11
         laya iter 9 -> trimmed_mean_prune conf=0.7937 rank=12
         laya iter 10 -> trimmed_mean_prune conf=0.9519 rank=12
         laya iter 11 -> trimmed_mean_stable7 conf=0.3098 rank=1
         laya iter 12 -> trimmed_mean_stable7 conf=0.8901 rank=1
[ 179] best_single    score= 0.0578 origin=agent    iters=12 stop=no new information in 3 consecutive turns
         TEST  smape=0.0046  rmse=41.2812  pocid=66.67  mape=0.0046  | FLOOR smape=0.0080
         laya iter 1 -> best_ONLY_CWT_rf conf=0.6306 rank=1
         laya iter 2 -> best_ONLY_CWT_rf conf=1.0 rank=1
         laya iter 3 -> best_CWT_rf conf=0.4081 rank=1
         laya iter 4 -> best_CWT_rf conf=0.57 rank=1
         laya iter 5 -> best_CWT_catboost conf=0.4143 rank=1
         laya iter 6 -> best_CWT_catboost conf=0.7758 rank=1
         laya iter 7 -> trimmed_mean_prune conf=0.1306 rank=13
         laya iter 8 -> trimmed_mean_prune conf=0.8084 rank=13
         laya iter 9 -> trimmed_mean_full conf=0.6137 rank=11
         laya iter 10 -> trimmed_mean_full conf=0.9868 rank=11
         laya iter 11 -> trimmed_mean_stable7 conf=0.2795 rank=7
         laya iter 12 -> trimmed_mean_stable7 conf=0.8847 rank=7
[ 180] best_single    score=-0.0562 origin=agent    iters=7 stop=laya_accept
         TEST  smape=0.0150  rmse=148.6271  pocid=33.33  mape=0.0148  | FLOOR smape=0.0146
         laya iter 1 -> best_FT_rf conf=0.5668 rank=1
         laya iter 2 -> best_FT_rf conf=0.9864 rank=1
         laya iter 3 -> best_DWT_rf conf=0.9293 rank=1
         laya iter 4 -> best_DWT_rf conf=0.9779 rank=1
         laya iter 5 -> best_DWT_catboost conf=0.6255 rank=1
         laya iter 6 -> best_DWT_catboost conf=0.7346 rank=1
[ 181] trimmed_mean   score= 0.2338 origin=baseline iters=3 stop=no new information in 3 consecutive turns
         TEST  smape=0.2051  rmse=289.9752  pocid=33.33  mape=0.1830  | FLOOR smape=0.2051
         laya iter 1 -> trimmed_mean_stable7 conf=0.2381 rank=6
         laya iter 2 -> trimmed_mean_stable7 conf=0.9486 rank=6
         laya iter 3 -> trimmed_mean_stable9 conf=0.5587 rank=3
[ 182] best_single    score=-0.0915 origin=agent    iters=8 stop=no new information in 3 consecutive turns
         TEST  smape=0.0194  rmse=130.2253  pocid=58.33  mape=0.0191  | FLOOR smape=0.0196
         laya iter 1 -> best_ONLY_DWT_rf conf=0.687 rank=8
         laya iter 2 -> best_ONLY_CWT_catboost conf=0.9577 rank=8
         laya iter 3 -> best_ONLY_DWT_rf conf=0.7324 rank=9
         laya iter 4 -> best_ONLY_CWT_catboost conf=0.9778 rank=8
         laya iter 5 -> best_DWT_rf conf=0.1823 rank=1
         laya iter 6 -> best_DWT_rf conf=0.8104 rank=1
         laya iter 7 -> trimmed_mean_stable7 conf=0.1906 rank=5
         laya iter 8 -> trimmed_mean_stable7 conf=0.6287 rank=5
[ 183] best_single    score=-0.0480 origin=agent    iters=7 stop=laya_accept
         TEST  smape=0.0037  rmse=18.3987  pocid=83.33  mape=0.0037  | FLOOR smape=0.0043
         laya iter 1 -> best_ONLY_DWT_catboost conf=0.815 rank=1
         laya iter 2 -> best_ONLY_DWT_catboost conf=1.0 rank=1
         laya iter 3 -> best_FT_rf conf=0.5774 rank=9
         laya iter 4 -> best_FT_rf conf=0.9386 rank=9
         laya iter 5 -> best_rf conf=0.4797 rank=3
         laya iter 6 -> best_rf conf=0.8173 rank=3
[ 184] mean           score=-0.0560 origin=baseline iters=8 stop=no new information in 3 consecutive turns
         TEST  smape=0.0045  rmse=22.1940  pocid=83.33  mape=0.0045  | FLOOR smape=0.0045
         laya iter 1 -> best_FT_rf conf=0.7411 rank=5
         laya iter 2 -> best_FT_rf conf=1.0 rank=5
         laya iter 3 -> best_ONLY_DWT_catboost conf=0.8874 rank=8
         laya iter 4 -> best_ONLY_DWT_catboost conf=0.9992 rank=8
         laya iter 5 -> best_DWT_catboost conf=0.6386 rank=8
         laya iter 6 -> best_DWT_catboost conf=0.9259 rank=8
         laya iter 7 -> trimmed_mean_stable7 conf=0.1452 rank=3
         laya iter 8 -> trimmed_mean_stable7 conf=0.8202 rank=3
[ 185] mean           score= 0.7500 origin=baseline iters=7 stop=laya_accept
         TEST  smape=0.0284  rmse=51.7753  pocid=58.33  mape=0.0279  | FLOOR smape=0.0284
         laya iter 1 -> best_ONLY_DWT_catboost conf=0.6405 rank=3
         laya iter 2 -> best_ONLY_DWT_catboost conf=1.0 rank=3
         laya iter 3 -> best_DWT_catboost conf=0.3974 rank=5
         laya iter 4 -> best_DWT_catboost conf=0.6811 rank=5
         laya iter 5 -> best_CWT_catboost conf=0.2895 rank=4
         laya iter 6 -> best_CWT_catboost conf=0.4717 rank=4
[ 186] best_single    score= 0.3340 origin=agent    iters=7 stop=laya_accept
         TEST  smape=0.0421  rmse=40.0018  pocid=75.00  mape=0.0412  | FLOOR smape=0.0765
         laya iter 1 -> best_ONLY_DWT_rf conf=0.3441 rank=1
         laya iter 2 -> best_ONLY_DWT_rf conf=0.9581 rank=1
         laya iter 3 -> best_DWT_rf conf=0.4013 rank=3
         laya iter 4 -> best_DWT_rf conf=0.454 rank=3
         laya iter 5 -> best_DWT_catboost conf=0.3565 rank=2
         laya iter 6 -> best_DWT_catboost conf=0.6992 rank=2
[ 187] best_single    score= 0.2199 origin=agent    iters=7 stop=laya_accept
         TEST  smape=0.0341  rmse=82.7736  pocid=75.00  mape=0.0348  | FLOOR smape=0.0135
         laya iter 1 -> best_FT_catboost conf=0.5401 rank=1
         laya iter 2 -> best_FT_catboost conf=0.9987 rank=1
         laya iter 3 -> best_ONLY_CWT_rf conf=0.6087 rank=2
         laya iter 4 -> best_ONLY_CWT_rf conf=0.669 rank=2
         laya iter 5 -> best_rf conf=0.246 rank=10
         laya iter 6 -> best_rf conf=0.6095 rank=10
[ 188] best_single    score= 0.1807 origin=agent    iters=8 stop=no new information in 3 consecutive turns
         TEST  smape=0.0631  rmse=162.8081  pocid=58.33  mape=0.0604  | FLOOR smape=0.0808
         laya iter 1 -> best_ONLY_FT_catboost conf=0.9341 rank=1
         laya iter 2 -> best_ONLY_FT_catboost conf=0.9945 rank=1
         laya iter 3 -> best_ONLY_FT_rf conf=0.9536 rank=1
         laya iter 4 -> best_ONLY_FT_rf conf=0.9977 rank=1
         laya iter 5 -> best_FT_catboost conf=0.5591 rank=2
         laya iter 6 -> best_FT_catboost conf=0.9799 rank=2
         laya iter 7 -> trimmed_mean_stable7 conf=0.1613 rank=8
         laya iter 8 -> trimmed_mean_stable7 conf=0.9144 rank=8
[ 189] best_single    score=-0.0156 origin=agent    iters=12 stop=iteration_budget_exhausted
         TEST  smape=0.0187  rmse=9.9182  pocid=50.00  mape=0.0185  | FLOOR smape=0.0158
         laya iter 1 -> best_ONLY_DWT_catboost conf=0.7477 rank=2
         laya iter 2 -> best_ONLY_DWT_rf conf=0.9987 rank=3
         laya iter 3 -> best_ONLY_DWT_rf conf=0.7909 rank=3
         laya iter 4 -> best_ONLY_DWT_catboost conf=0.9996 rank=2
         laya iter 5 -> best_DWT_rf conf=0.4409 rank=1
         laya iter 6 -> best_DWT_rf conf=0.7805 rank=1
         laya iter 7 -> trimmed_mean_prune conf=0.1691 rank=11
         laya iter 8 -> trimmed_mean_prune conf=0.8891 rank=11
         laya iter 9 -> trimmed_mean_full conf=0.5424 rank=11
         laya iter 10 -> trimmed_mean_full conf=0.9422 rank=11
         laya iter 11 -> trimmed_mean_top5 conf=0.4253 rank=8
         laya iter 12 -> trimmed_mean_top5 conf=0.6879 rank=8
[ 190] best_single    score= 0.4571 origin=agent    iters=6 stop=no new information in 3 consecutive turns
         TEST  smape=0.0657  rmse=563.7702  pocid=66.67  mape=0.0628  | FLOOR smape=0.0602
         laya iter 1 -> best_ONLY_CWT_rf conf=0.8488 rank=1
         laya iter 2 -> best_ONLY_CWT_rf conf=1.0 rank=1
         laya iter 3 -> best_DWT_rf conf=0.5593 rank=4
         laya iter 4 -> best_DWT_rf conf=0.7707 rank=4
         laya iter 5 -> trimmed_mean_stable7 conf=0.709 rank=6
         laya iter 6 -> trimmed_mean_stable7 conf=0.9727 rank=6
[ 191] best_single    score= 0.4045 origin=agent    iters=8 stop=no new information in 3 consecutive turns
         TEST  smape=0.0382  rmse=52.2545  pocid=58.33  mape=0.0394  | FLOOR smape=0.0310
         laya iter 1 -> best_ONLY_CWT_catboost conf=0.938 rank=1
         laya iter 2 -> best_ONLY_CWT_catboost conf=0.843 rank=1
         laya iter 3 -> best_ONLY_CWT_rf conf=0.9919 rank=1
         laya iter 4 -> best_ONLY_CWT_rf conf=0.9952 rank=1
         laya iter 5 -> best_DWT_rf conf=0.5752 rank=3
         laya iter 6 -> best_DWT_rf conf=0.8305 rank=3
         laya iter 7 -> trimmed_mean_stable7 conf=0.1462 rank=7
         laya iter 8 -> trimmed_mean_stable7 conf=0.9448 rank=7
[ 192] best_single    score= 0.2644 origin=agent    iters=7 stop=laya_accept
         TEST  smape=0.0257  rmse=177.6087  pocid=50.00  mape=0.0256  | FLOOR smape=0.0228
         laya iter 1 -> best_FT_rf conf=0.6575 rank=1
         laya iter 2 -> best_FT_rf conf=0.9976 rank=1
         laya iter 3 -> best_FT_catboost conf=0.7909 rank=2
         laya iter 4 -> best_FT_catboost conf=0.9114 rank=2
         laya iter 5 -> best_DWT_catboost conf=0.6126 rank=2
         laya iter 6 -> best_DWT_catboost conf=0.8551 rank=2
[ 193] best_single    score= 0.0610 origin=agent    iters=7 stop=laya_accept
         TEST  smape=0.0594  rmse=31.1122  pocid=50.00  mape=0.0575  | FLOOR smape=0.0273
         laya iter 1 -> best_ONLY_DWT_rf conf=0.832 rank=1
         laya iter 2 -> best_ONLY_DWT_rf conf=0.9993 rank=1
         laya iter 3 -> best_FT_catboost conf=0.7779 rank=1
         laya iter 4 -> best_FT_catboost conf=0.9982 rank=1
         laya iter 5 -> best_DWT_rf conf=0.8956 rank=1
         laya iter 6 -> best_DWT_rf conf=0.9571 rank=1
[ 194] best_single    score= 0.6139 origin=agent    iters=7 stop=laya_accept
         TEST  smape=0.1745  rmse=161.5490  pocid=50.00  mape=0.1596  | FLOOR smape=0.0793
         laya iter 1 -> best_ONLY_DWT_rf conf=0.6639 rank=1
         laya iter 2 -> best_ONLY_DWT_rf conf=0.834 rank=1
         laya iter 3 -> best_ONLY_DWT_catboost conf=0.8993 rank=1
         laya iter 4 -> best_ONLY_DWT_catboost conf=0.9708 rank=1
         laya iter 5 -> best_DWT_rf conf=0.3863 rank=3
         laya iter 6 -> best_DWT_rf conf=0.8441 rank=3
[ 195] best_single    score= 0.3055 origin=agent    iters=8 stop=no new information in 3 consecutive turns
         TEST  smape=0.0669  rmse=809.7228  pocid=50.00  mape=0.0700  | FLOOR smape=0.1398
         laya iter 1 -> best_ONLY_CWT_catboost conf=0.5743 rank=1
         laya iter 2 -> best_ONLY_CWT_catboost conf=0.9497 rank=1
         laya iter 3 -> best_FT_rf conf=0.5816 rank=2
         laya iter 4 -> best_FT_rf conf=0.7098 rank=2
         laya iter 5 -> best_DWT_catboost conf=0.4395 rank=1
         laya iter 6 -> best_DWT_catboost conf=0.5865 rank=1
         laya iter 7 -> trimmed_mean_stable5 conf=0.2143 rank=9
         laya iter 8 -> trimmed_mean_stable7 conf=0.5049 rank=5
[ 196] best_single    score= 0.6294 origin=agent    iters=7 stop=laya_accept
         TEST  smape=0.0656  rmse=225.4022  pocid=66.67  mape=0.0633  | FLOOR smape=0.1937
         laya iter 1 -> best_ONLY_CWT_rf conf=0.6145 rank=1
         laya iter 2 -> best_ONLY_CWT_rf conf=1.0 rank=1
         laya iter 3 -> best_DWT_rf conf=0.4609 rank=3
         laya iter 4 -> best_DWT_rf conf=0.6561 rank=3
         laya iter 5 -> best_CWT_rf conf=0.411 rank=2
         laya iter 6 -> best_CWT_rf conf=0.2298 rank=2
[ 197] best_single    score= 0.0428 origin=agent    iters=6 stop=no new information in 3 consecutive turns
         TEST  smape=0.0902  rmse=238.4663  pocid=33.33  mape=0.0856  | FLOOR smape=0.0527
         laya iter 1 -> best_ONLY_FT_rf conf=0.5384 rank=2
         laya iter 2 -> best_ONLY_FT_rf conf=0.9664 rank=2
         laya iter 3 -> best_ONLY_CWT_catboost conf=0.9378 rank=1
         laya iter 4 -> best_ONLY_CWT_catboost conf=0.994 rank=1
         laya iter 5 -> trimmed_mean_stable7 conf=0.2857 rank=6
         laya iter 6 -> trimmed_mean_stable7 conf=0.9121 rank=6
[ 198] median         score= 0.0725 origin=baseline iters=8 stop=no new information in 3 consecutive turns
         TEST  smape=0.0570  rmse=51.5690  pocid=50.00  mape=0.0566  | FLOOR smape=0.0570
         laya iter 1 -> best_ONLY_FT_catboost conf=0.3896 rank=7
         laya iter 2 -> best_ONLY_FT_catboost conf=0.8781 rank=7
         laya iter 3 -> best_ONLY_FT_rf conf=0.5917 rank=3
         laya iter 4 -> best_ONLY_FT_rf conf=0.8495 rank=3
         laya iter 5 -> best_ONLY_CWT_catboost conf=0.5643 rank=2
         laya iter 6 -> best_ONLY_CWT_catboost conf=0.8135 rank=2
         laya iter 7 -> trimmed_mean_stable7 conf=0.1939 rank=8
         laya iter 8 -> trimmed_mean_stable7 conf=0.759 rank=8
[ 199] best_single    score= 0.2239 origin=agent    iters=7 stop=laya_accept
         TEST  smape=0.1259  rmse=253.6148  pocid=66.67  mape=0.1271  | FLOOR smape=0.0885
         laya iter 1 -> best_ONLY_DWT_catboost conf=0.7087 rank=2
         laya iter 2 -> best_ONLY_DWT_catboost conf=0.9961 rank=2
         laya iter 3 -> best_ONLY_CWT_rf conf=0.5289 rank=2
         laya iter 4 -> best_ONLY_CWT_rf conf=0.9265 rank=2
         laya iter 5 -> best_DWT_rf conf=0.3092 rank=1
         laya iter 6 -> best_DWT_rf conf=0.6219 rank=1
[ 200] best_single    score= 0.4633 origin=agent    iters=7 stop=laya_accept
         TEST  smape=0.1901  rmse=351.3947  pocid=50.00  mape=0.1727  | FLOOR smape=0.1823
         laya iter 1 -> best_CWT_rf conf=0.2292 rank=1
         laya iter 2 -> best_CWT_rf conf=0.842 rank=1
         laya iter 3 -> best_CWT_catboost conf=0.5552 rank=1
         laya iter 4 -> best_CWT_catboost conf=0.6088 rank=1
         laya iter 5 -> best_DWT_rf conf=0.2292 rank=3
         laya iter 6 -> best_DWT_rf conf=0.6434 rank=3
[ 201] best_single    score= 0.5136 origin=agent    iters=7 stop=no new information in 3 consecutive turns
         TEST  smape=0.1509  rmse=619.0914  pocid=41.67  mape=0.1389  | FLOOR smape=0.0431
         laya iter 1 -> best_ONLY_CWT_rf conf=0.2382 rank=2
         laya iter 2 -> best_ONLY_CWT_rf conf=0.8886 rank=2
         laya iter 3 -> best_CWT_catboost conf=0.4765 rank=1
         laya iter 4 -> best_FT_catboost conf=0.6765 rank=2
         laya iter 5 -> best_FT_catboost conf=0.8046 rank=2
         laya iter 6 -> best_CWT_catboost conf=0.5936 rank=1
         laya iter 7 -> trimmed_mean_stable7 conf=0.1605 rank=8
[ 202] best_single    score= 0.4374 origin=agent    iters=7 stop=laya_accept
         TEST  smape=0.0694  rmse=442.3074  pocid=58.33  mape=0.0736  | FLOOR smape=0.0801
         laya iter 1 -> best_ONLY_DWT_catboost conf=0.9095 rank=1
         laya iter 2 -> best_ONLY_DWT_catboost conf=1.0 rank=1
         laya iter 3 -> best_FT_catboost conf=0.8996 rank=2
         laya iter 4 -> best_FT_catboost conf=0.9427 rank=2
         laya iter 5 -> best_DWT_catboost conf=0.4062 rank=3
         laya iter 6 -> best_DWT_catboost conf=0.666 rank=3
[ 203] best_single    score=-0.0090 origin=agent    iters=8 stop=no new information in 3 consecutive turns
         TEST  smape=0.0074  rmse=59.1205  pocid=75.00  mape=0.0074  | FLOOR smape=0.0022
         laya iter 1 -> best_ONLY_CWT_rf conf=0.2383 rank=1
         laya iter 2 -> best_ONLY_CWT_rf conf=0.8978 rank=1
         laya iter 3 -> best_ONLY_DWT_rf conf=0.5818 rank=1
         laya iter 4 -> best_ONLY_DWT_rf conf=0.6451 rank=1
         laya iter 5 -> best_ONLY_FT_rf conf=0.3642 rank=5
         laya iter 6 -> best_ONLY_FT_rf conf=0.9928 rank=5
         laya iter 7 -> trimmed_mean_stable7 conf=0.1603 rank=7
         laya iter 8 -> trimmed_mean_stable7 conf=0.6632 rank=7
[ 204] best_single    score= 0.1385 origin=agent    iters=7 stop=laya_accept
         TEST  smape=0.0244  rmse=386.2599  pocid=58.33  mape=0.0240  | FLOOR smape=0.0324
         laya iter 1 -> best_ONLY_CWT_catboost conf=0.855 rank=1
         laya iter 2 -> best_ONLY_CWT_rf conf=0.9906 rank=2
         laya iter 3 -> best_ONLY_CWT_catboost conf=0.8951 rank=1
         laya iter 4 -> best_ONLY_CWT_rf conf=0.9989 rank=2
         laya iter 5 -> best_CWT_rf conf=0.505 rank=8
         laya iter 6 -> best_CWT_rf conf=0.6849 rank=8
[ 205] best_single    score= 0.5203 origin=agent    iters=7 stop=laya_accept
         TEST  smape=0.1065  rmse=151.5987  pocid=75.00  mape=0.0998  | FLOOR smape=0.1121
         laya iter 1 -> best_ONLY_CWT_catboost conf=0.5249 rank=5
         laya iter 2 -> best_ONLY_CWT_catboost conf=0.7858 rank=5
         laya iter 3 -> best_ONLY_DWT_catboost conf=0.9839 rank=1
         laya iter 4 -> best_ONLY_DWT_catboost conf=0.9983 rank=1
         laya iter 5 -> best_DWT_rf conf=0.5817 rank=2
         laya iter 6 -> best_DWT_rf conf=0.8039 rank=2
[ 206] best_single    score= 0.3672 origin=agent    iters=7 stop=laya_accept
         TEST  smape=0.0905  rmse=2121.1739  pocid=58.33  mape=0.0847  | FLOOR smape=0.1093
         laya iter 1 -> best_FT_catboost conf=0.64 rank=1
         laya iter 2 -> best_FT_catboost conf=0.8916 rank=1
         laya iter 3 -> best_ONLY_DWT_rf conf=0.8521 rank=1
         laya iter 4 -> best_ONLY_DWT_rf conf=0.9812 rank=1
         laya iter 5 -> best_DWT_rf conf=0.8222 rank=4
         laya iter 6 -> best_DWT_rf conf=0.7415 rank=4
[ 207] mean           score= 0.1737 origin=baseline iters=8 stop=no new information in 3 consecutive turns
         TEST  smape=0.0770  rmse=2389.1930  pocid=75.00  mape=0.0801  | FLOOR smape=0.0770
         laya iter 1 -> best_DWT_catboost conf=0.3018 rank=3
         laya iter 2 -> best_DWT_catboost conf=0.627 rank=3
         laya iter 3 -> best_FT_rf conf=0.5563 rank=3
         laya iter 4 -> best_FT_rf conf=0.8632 rank=3
         laya iter 5 -> best_CWT_catboost conf=0.2431 rank=6
         laya iter 6 -> best_CWT_catboost conf=0.5738 rank=6
         laya iter 7 -> trimmed_mean_stable7 conf=0.1048 rank=5
         laya iter 8 -> trimmed_mean_stable7 conf=0.7727 rank=5
[ 208] mean           score= 0.0763 origin=baseline iters=6 stop=no new information in 3 consecutive turns
         TEST  smape=1.2122  rmse=3041.5898  pocid=0.00  mape=0.7496  | FLOOR smape=1.2122
         laya iter 1 -> best_ETS conf=0.1603 rank=3
         laya iter 2 -> best_ETS conf=1.0 rank=3
         laya iter 3 -> best_ARIMA conf=0.1215 rank=2
         laya iter 4 -> best_ARIMA conf=0.687 rank=2
         laya iter 5 -> trimmed_mean_stable7 conf=0.1698 rank=5
         laya iter 6 -> trimmed_mean_stable7 conf=0.9243 rank=5
[ 209] best_single    score= 0.1125 origin=agent    iters=6 stop=no new information in 3 consecutive turns
         TEST  smape=0.1378  rmse=1282.9872  pocid=66.67  mape=0.1278  | FLOOR smape=0.1320
         laya iter 1 -> best_ONLY_CWT_catboost conf=0.5438 rank=1
         laya iter 2 -> best_ONLY_CWT_catboost conf=1.0 rank=1
         laya iter 3 -> best_FT_rf conf=0.8254 rank=2
         laya iter 4 -> best_FT_rf conf=0.8607 rank=2
         laya iter 5 -> trimmed_mean_stable7 conf=0.3266 rank=4
         laya iter 6 -> trimmed_mean_stable7 conf=0.9309 rank=4
[ 210] best_single    score=-0.1355 origin=agent    iters=8 stop=no new information in 3 consecutive turns
         TEST  smape=0.0161  rmse=407.7503  pocid=91.67  mape=0.0163  | FLOOR smape=0.0046
         laya iter 1 -> best_ONLY_CWT_rf conf=0.6952 rank=3
         laya iter 2 -> best_ONLY_CWT_rf conf=1.0 rank=3
         laya iter 3 -> best_FT_rf conf=0.8405 rank=1
         laya iter 4 -> best_FT_rf conf=0.9928 rank=1
         laya iter 5 -> best_DWT_rf conf=0.5049 rank=7
         laya iter 6 -> best_DWT_rf conf=0.6666 rank=7
         laya iter 7 -> trimmed_mean_stable7 conf=0.157 rank=6
         laya iter 8 -> trimmed_mean_stable7 conf=0.8924 rank=6
[ 211] trimmed_mean   score= 0.0379 origin=baseline iters=3 stop=no new information in 3 consecutive turns
         TEST  smape=0.0461  rmse=312.9232  pocid=50.00  mape=0.0446  | FLOOR smape=0.0461
         laya iter 1 -> trimmed_mean_stable7 conf=0.3438 rank=4
         laya iter 2 -> trimmed_mean_stable7 conf=0.9103 rank=4
         laya iter 3 -> trimmed_mean_stable5 conf=0.3492 rank=1
[ 212] trimmed_mean   score= 0.1546 origin=baseline iters=3 stop=no new information in 3 consecutive turns
         TEST  smape=0.0490  rmse=206.2662  pocid=66.67  mape=0.0499  | FLOOR smape=0.0490
         laya iter 1 -> trimmed_mean_stable7 conf=0.1859 rank=3
         laya iter 2 -> trimmed_mean_stable7 conf=0.9014 rank=3
         laya iter 3 -> trimmed_mean_stable9 conf=0.4294 rank=6
[ 213] best_single    score= 0.2722 origin=agent    iters=8 stop=no new information in 3 consecutive turns
         TEST  smape=0.0276  rmse=63.0368  pocid=66.67  mape=0.0273  | FLOOR smape=0.0269
         laya iter 1 -> best_ONLY_CWT_rf conf=0.6783 rank=1
         laya iter 2 -> best_ONLY_CWT_rf conf=0.9362 rank=1
         laya iter 3 -> best_ONLY_CWT_catboost conf=0.9893 rank=1
         laya iter 4 -> best_ONLY_CWT_catboost conf=0.8948 rank=1
         laya iter 5 -> best_FT_catboost conf=0.8006 rank=3
         laya iter 6 -> best_FT_catboost conf=0.9916 rank=3
         laya iter 7 -> trimmed_mean_stable7 conf=0.4638 rank=8
         laya iter 8 -> trimmed_mean_stable7 conf=0.9703 rank=8
[ 214] best_single    score= 0.0675 origin=agent    iters=7 stop=laya_accept
         TEST  smape=0.0240  rmse=68.6759  pocid=58.33  mape=0.0236  | FLOOR smape=0.0310
         laya iter 1 -> best_FT_rf conf=0.5173 rank=1
         laya iter 2 -> best_FT_rf conf=0.997 rank=1
         laya iter 3 -> best_catboost conf=0.4303 rank=2
         laya iter 4 -> best_catboost conf=0.5691 rank=2
         laya iter 5 -> best_CWT_catboost conf=0.3419 rank=1
         laya iter 6 -> best_CWT_catboost conf=0.7301 rank=1
[ 215] best_single    score= 0.0565 origin=agent    iters=12 stop=iteration_budget_exhausted
         TEST  smape=0.0319  rmse=114.4165  pocid=25.00  mape=0.0313  | FLOOR smape=0.0214
         laya iter 1 -> best_ONLY_DWT_catboost conf=0.6627 rank=1
         laya iter 2 -> best_FT_catboost conf=0.9293 rank=1
         laya iter 3 -> best_FT_catboost conf=0.9877 rank=1
         laya iter 4 -> best_ONLY_DWT_catboost conf=0.9453 rank=2
         laya iter 5 -> best_DWT_rf conf=0.6643 rank=3
         laya iter 6 -> best_DWT_rf conf=0.8167 rank=3
         laya iter 7 -> trimmed_mean_top5 conf=0.1572 rank=6
         laya iter 8 -> trimmed_mean_top5 conf=0.9841 rank=6
         laya iter 9 -> trimmed_mean_prune conf=0.6008 rank=14
         laya iter 10 -> trimmed_mean_prune conf=0.9485 rank=14
         laya iter 11 -> trimmed_mean_full conf=0.637 rank=12
         laya iter 12 -> trimmed_mean_full conf=0.9965 rank=12
[ 216] best_single    score= 0.2814 origin=agent    iters=6 stop=no new information in 3 consecutive turns
         TEST  smape=0.0153  rmse=239.0586  pocid=0.00  mape=0.0155  | FLOOR smape=0.0296
         laya iter 1 -> best_ETS conf=0.2636 rank=1
         laya iter 2 -> best_ETS conf=1.0 rank=1
         laya iter 3 -> best_ARIMA conf=0.1609 rank=1
         laya iter 4 -> best_ARIMA conf=0.4076 rank=1
         laya iter 5 -> trimmed_mean_stable7 conf=0.135 rank=4
         laya iter 6 -> trimmed_mean_stable7 conf=0.9564 rank=4
[ 217] best_single    score=-0.0910 origin=agent    iters=7 stop=laya_accept
         TEST  smape=0.0302  rmse=388.3838  pocid=58.33  mape=0.0309  | FLOOR smape=0.0450
         laya iter 1 -> best_ETS conf=0.4413 rank=4
         laya iter 2 -> best_ETS conf=1.0 rank=4
         laya iter 3 -> best_THETA conf=0.1643 rank=1
         laya iter 4 -> best_THETA conf=0.9999 rank=1
         laya iter 5 -> best_ARIMA conf=0.1831 rank=2
         laya iter 6 -> best_ARIMA conf=0.6909 rank=2
[ 218] trimmed_mean   score=-0.1619 origin=baseline iters=3 stop=no new information in 3 consecutive turns
         TEST  smape=0.0006  rmse=0.7850  pocid=100.00  mape=0.0006  | FLOOR smape=0.0006
         laya iter 1 -> mean_top5 conf=0.1788 rank=4
         laya iter 2 -> trimmed_mean_top5 conf=0.2748 rank=1
         laya iter 3 -> trimmed_mean_top5 conf=0.2638 rank=1
[ 219] best_single    score=-0.1844 origin=agent    iters=8 stop=no new information in 3 consecutive turns
         TEST  smape=0.0000  rmse=0.1123  pocid=100.00  mape=0.0000  | FLOOR smape=0.0000
         laya iter 1 -> best_rf conf=0.1348 rank=1
         laya iter 2 -> best_FT_rf conf=0.8987 rank=1
         laya iter 3 -> best_FT_rf conf=0.976 rank=1
         laya iter 4 -> best_rf conf=0.6274 rank=2
         laya iter 5 -> best_catboost conf=0.3865 rank=3
         laya iter 6 -> best_catboost conf=0.8267 rank=3
         laya iter 7 -> trimmed_mean_stable7 conf=0.1062 rank=6
         laya iter 8 -> trimmed_mean_stable7 conf=0.7748 rank=6
[ 220] mean           score= 0.6833 origin=baseline iters=5 stop=no new information in 3 consecutive turns
         TEST  smape=0.0509  rmse=438.7661  pocid=83.33  mape=0.0494  | FLOOR smape=0.0509
         laya iter 1 -> best_ONLY_CWT_catboost conf=0.3463 rank=3
         laya iter 2 -> best_ONLY_CWT_rf conf=0.815 rank=5
         laya iter 3 -> best_ONLY_CWT_catboost conf=0.7698 rank=3
         laya iter 4 -> best_ONLY_CWT_rf conf=0.7315 rank=5
         laya iter 5 -> trimmed_mean_stable7 conf=0.1783 rank=7
[ 221] best_single    score= 0.0972 origin=agent    iters=8 stop=no new information in 3 consecutive turns
         TEST  smape=0.0943  rmse=841.6188  pocid=58.33  mape=0.0910  | FLOOR smape=0.0860
         laya iter 1 -> best_ONLY_CWT_rf conf=0.8149 rank=1
         laya iter 2 -> best_ONLY_CWT_rf conf=1.0 rank=1
         laya iter 3 -> best_DWT_rf conf=0.7626 rank=4
         laya iter 4 -> best_DWT_rf conf=0.9543 rank=4
         laya iter 5 -> best_rf conf=0.2152 rank=1
         laya iter 6 -> best_rf conf=0.566 rank=1
         laya iter 7 -> trimmed_mean_stable7 conf=0.1429 rank=7
         laya iter 8 -> trimmed_mean_stable7 conf=0.8477 rank=7
[ 222] median         score= 0.0820 origin=baseline iters=3 stop=no new information in 3 consecutive turns
         TEST  smape=0.0113  rmse=404.5998  pocid=75.00  mape=0.0113  | FLOOR smape=0.0113
         laya iter 1 -> trimmed_mean_stable7 conf=0.1517 rank=3
         laya iter 2 -> trimmed_mean_stable7 conf=0.9715 rank=3
         laya iter 3 -> trimmed_mean_stable9 conf=0.2712 rank=4
[ 223] best_single    score= 0.1524 origin=agent    iters=7 stop=laya_accept
         TEST  smape=0.1558  rmse=354.0065  pocid=25.00  mape=0.1410  | FLOOR smape=0.1386
         laya iter 1 -> best_ONLY_DWT_rf conf=0.6213 rank=1
         laya iter 2 -> best_ONLY_DWT_rf conf=1.0 rank=1
         laya iter 3 -> best_FT_catboost conf=0.8163 rank=3
         laya iter 4 -> best_FT_catboost conf=0.9729 rank=3
         laya iter 5 -> best_DWT_catboost conf=0.6006 rank=4
         laya iter 6 -> best_DWT_catboost conf=0.8949 rank=4
[ 224] best_single    score= 0.0546 origin=agent    iters=7 stop=laya_accept
         TEST  smape=0.0642  rmse=253.5194  pocid=33.33  mape=0.0590  | FLOOR smape=0.0536
         laya iter 1 -> best_ONLY_CWT_rf conf=0.452 rank=1
         laya iter 2 -> best_ONLY_CWT_rf conf=0.7666 rank=1
         laya iter 3 -> best_ONLY_CWT_catboost conf=0.6647 rank=2
         laya iter 4 -> best_ONLY_CWT_catboost conf=0.9212 rank=2
         laya iter 5 -> best_DWT_rf conf=0.4105 rank=1
         laya iter 6 -> best_DWT_rf conf=0.8072 rank=1
[ 225] best_single    score= 0.0725 origin=agent    iters=7 stop=laya_accept
         TEST  smape=0.0347  rmse=116.5946  pocid=58.33  mape=0.0357  | FLOOR smape=0.0411
         laya iter 1 -> best_FT_rf conf=0.2697 rank=1
         laya iter 2 -> best_FT_rf conf=0.864 rank=1
         laya iter 3 -> best_CWT_rf conf=0.2092 rank=2
         laya iter 4 -> best_CWT_rf conf=0.7498 rank=2
         laya iter 5 -> best_CWT_catboost conf=0.582 rank=3
         laya iter 6 -> best_CWT_catboost conf=0.8735 rank=3
[ 226] best_single    score= 0.1037 origin=agent    iters=8 stop=no new information in 3 consecutive turns
         TEST  smape=0.1432  rmse=287.0740  pocid=25.00  mape=0.1286  | FLOOR smape=0.1142
         laya iter 1 -> best_ONLY_DWT_catboost conf=0.5597 rank=2
         laya iter 2 -> best_ONLY_DWT_catboost conf=0.9999 rank=2
         laya iter 3 -> best_CWT_catboost conf=0.7768 rank=5
         laya iter 4 -> best_CWT_catboost conf=0.9192 rank=5
         laya iter 5 -> best_rf conf=0.6047 rank=1
         laya iter 6 -> best_rf conf=0.911 rank=1
         laya iter 7 -> trimmed_mean_stable7 conf=0.2347 rank=9
         laya iter 8 -> trimmed_mean_stable7 conf=0.9638 rank=9
[ 227] best_single    score= 0.2550 origin=agent    iters=7 stop=laya_accept
         TEST  smape=0.0327  rmse=308.7371  pocid=50.00  mape=0.0321  | FLOOR smape=0.0490
         laya iter 1 -> best_ONLY_DWT_rf conf=0.5783 rank=5
         laya iter 2 -> best_ONLY_DWT_rf conf=1.0 rank=5
         laya iter 3 -> best_DWT_rf conf=0.7082 rank=3
         laya iter 4 -> best_DWT_rf conf=0.7529 rank=3
         laya iter 5 -> best_CWT_rf conf=0.8582 rank=1
         laya iter 6 -> best_CWT_rf conf=0.8742 rank=1
[ 228] best_single    score=-0.0124 origin=agent    iters=8 stop=no new information in 3 consecutive turns
         TEST  smape=0.1842  rmse=108.3294  pocid=75.00  mape=0.2114  | FLOOR smape=0.0629
         laya iter 1 -> best_ONLY_CWT_rf conf=0.3787 rank=8
         laya iter 2 -> best_catboost conf=0.7553 rank=1
         laya iter 3 -> best_catboost conf=1.0 rank=1
         laya iter 4 -> best_ONLY_CWT_rf conf=0.8845 rank=9
         laya iter 5 -> best_rf conf=0.5635 rank=1
         laya iter 6 -> best_rf conf=0.7644 rank=1
         laya iter 7 -> trimmed_mean_stable7 conf=0.2264 rank=6
         laya iter 8 -> trimmed_mean_stable7 conf=0.9881 rank=6
[ 229] best_single    score= 0.0734 origin=agent    iters=7 stop=laya_accept
         TEST  smape=0.1098  rmse=561.1777  pocid=50.00  mape=0.1054  | FLOOR smape=0.1136
         laya iter 1 -> best_ONLY_CWT_rf conf=0.6995 rank=1
         laya iter 2 -> best_ONLY_CWT_rf conf=0.9887 rank=1
         laya iter 3 -> best_FT_rf conf=0.992 rank=1
         laya iter 4 -> best_FT_rf conf=1.0 rank=1
         laya iter 5 -> best_ONLY_CWT_catboost conf=0.5984 rank=1
         laya iter 6 -> best_ONLY_CWT_catboost conf=0.9543 rank=1
[ 230] best_single    score= 0.1759 origin=agent    iters=8 stop=no new information in 3 consecutive turns
         TEST  smape=0.1785  rmse=251.7970  pocid=100.00  mape=0.1578  | FLOOR smape=0.3245
         laya iter 1 -> best_ONLY_DWT_rf conf=0.5104 rank=1
         laya iter 2 -> best_ONLY_DWT_rf conf=0.9895 rank=1
         laya iter 3 -> best_FT_catboost conf=0.9112 rank=1
         laya iter 4 -> best_FT_catboost conf=0.9789 rank=1
         laya iter 5 -> best_DWT_rf conf=0.6223 rank=2
         laya iter 6 -> best_DWT_rf conf=0.912 rank=2
         laya iter 7 -> trimmed_mean_stable7 conf=0.1481 rank=6
         laya iter 8 -> trimmed_mean_stable7 conf=0.8857 rank=6
[ 231] best_single    score= 0.1485 origin=agent    iters=8 stop=no new information in 3 consecutive turns
         TEST  smape=0.2122  rmse=704.7659  pocid=41.67  mape=0.1794  | FLOOR smape=0.1919
         laya iter 1 -> best_FT_catboost conf=0.712 rank=1
         laya iter 2 -> best_FT_catboost conf=0.9999 rank=1
         laya iter 3 -> best_CWT_catboost conf=0.5514 rank=7
         laya iter 4 -> best_CWT_catboost conf=0.8519 rank=7
         laya iter 5 -> best_CWT_rf conf=0.8722 rank=5
         laya iter 6 -> best_CWT_rf conf=0.9529 rank=5
         laya iter 7 -> trimmed_mean_stable7 conf=0.2306 rank=9
         laya iter 8 -> trimmed_mean_stable7 conf=0.9558 rank=9
[ 232] best_single    score= 0.1912 origin=agent    iters=7 stop=laya_accept
         TEST  smape=0.1628  rmse=296.1154  pocid=33.33  mape=0.1412  | FLOOR smape=0.1576
         laya iter 1 -> best_FT_catboost conf=0.4117 rank=1
         laya iter 2 -> best_FT_catboost conf=0.951 rank=1
         laya iter 3 -> best_ONLY_FT_catboost conf=0.6149 rank=3
         laya iter 4 -> best_ONLY_FT_catboost conf=0.6205 rank=3
         laya iter 5 -> best_DWT_catboost conf=0.3997 rank=2
         laya iter 6 -> best_DWT_catboost conf=0.692 rank=2
[ 233] best_single    score= 0.1484 origin=agent    iters=8 stop=no new information in 3 consecutive turns
         TEST  smape=0.1650  rmse=446.7714  pocid=75.00  mape=0.1465  | FLOOR smape=0.1442
         laya iter 1 -> best_FT_catboost conf=0.6775 rank=1
         laya iter 2 -> best_FT_catboost conf=0.9997 rank=1
         laya iter 3 -> best_FT_rf conf=0.9347 rank=1
         laya iter 4 -> best_FT_rf conf=0.9915 rank=1
         laya iter 5 -> best_DWT_catboost conf=0.5289 rank=2
         laya iter 6 -> best_DWT_catboost conf=0.7665 rank=2
         laya iter 7 -> trimmed_mean_stable7 conf=0.2345 rank=4
         laya iter 8 -> trimmed_mean_stable7 conf=0.8856 rank=4
[ 234] best_single    score= 0.2234 origin=agent    iters=12 stop=iteration_budget_exhausted
         TEST  smape=0.0804  rmse=87.0134  pocid=100.00  mape=0.0759  | FLOOR smape=0.0551
         laya iter 1 -> best_ONLY_DWT_rf conf=0.4573 rank=1
         laya iter 2 -> best_ONLY_DWT_rf conf=0.9776 rank=1
         laya iter 3 -> best_ONLY_CWT_rf conf=0.8283 rank=1
         laya iter 4 -> best_ONLY_CWT_rf conf=0.8485 rank=1
         laya iter 5 -> best_DWT_rf conf=0.5538 rank=2
         laya iter 6 -> best_DWT_rf conf=0.6425 rank=2
         laya iter 7 -> trimmed_mean_top5 conf=0.0921 rank=9
         laya iter 8 -> trimmed_mean_top5 conf=0.9643 rank=9
         laya iter 9 -> trimmed_mean_prune conf=0.6596 rank=14
         laya iter 10 -> trimmed_mean_prune conf=0.7595 rank=14
         laya iter 11 -> trimmed_mean_full conf=0.686 rank=12
         laya iter 12 -> trimmed_mean_full conf=0.9643 rank=12
[ 235] best_single    score= 0.1018 origin=agent    iters=6 stop=no new information in 3 consecutive turns
         TEST  smape=0.0567  rmse=318.8722  pocid=58.33  mape=0.0546  | FLOOR smape=0.0692
         laya iter 1 -> best_ONLY_DWT_catboost conf=0.5762 rank=1
         laya iter 2 -> best_ONLY_DWT_catboost conf=1.0 rank=1
         laya iter 3 -> best_FT_rf conf=0.4406 rank=3
         laya iter 4 -> best_FT_rf conf=0.9948 rank=3
         laya iter 5 -> trimmed_mean_stable7 conf=0.5766 rank=5
         laya iter 6 -> trimmed_mean_stable7 conf=0.6135 rank=5
[ 236] best_single    score= 0.1053 origin=agent    iters=8 stop=no new information in 3 consecutive turns
         TEST  smape=0.2924  rmse=470.5059  pocid=50.00  mape=0.3547  | FLOOR smape=0.0697
         laya iter 1 -> best_ONLY_CWT_rf conf=0.4365 rank=1
         laya iter 2 -> best_ONLY_CWT_rf conf=0.8306 rank=1
         laya iter 3 -> best_catboost conf=0.4901 rank=8
         laya iter 4 -> best_catboost conf=0.9592 rank=8
         laya iter 5 -> best_rf conf=0.4007 rank=1
         laya iter 6 -> best_rf conf=0.8244 rank=1
         laya iter 7 -> trimmed_mean_stable7 conf=0.1449 rank=6
         laya iter 8 -> trimmed_mean_stable7 conf=0.9239 rank=6
[ 237] trimmed_mean   score= 0.1218 origin=baseline iters=3 stop=no new information in 3 consecutive turns
         TEST  smape=0.2746  rmse=227.1684  pocid=83.33  mape=0.2293  | FLOOR smape=0.2746
         laya iter 1 -> trimmed_mean_stable7 conf=0.2928 rank=1
         laya iter 2 -> trimmed_mean_stable7 conf=0.9826 rank=1
         laya iter 3 -> trimmed_mean_stable9 conf=0.334 rank=2
[ 238] best_single    score= 0.2883 origin=agent    iters=8 stop=no new information in 3 consecutive turns
         TEST  smape=0.1519  rmse=941.5874  pocid=33.33  mape=0.1370  | FLOOR smape=0.0498
         laya iter 1 -> best_FT_catboost conf=0.526 rank=1
         laya iter 2 -> best_FT_catboost conf=0.7889 rank=1
         laya iter 3 -> best_FT_rf conf=1.0 rank=2
         laya iter 4 -> best_FT_rf conf=0.9999 rank=2
         laya iter 5 -> best_DWT_catboost conf=0.3737 rank=3
         laya iter 6 -> best_DWT_catboost conf=0.7494 rank=3
         laya iter 7 -> trimmed_mean_stable7 conf=0.1084 rank=6
         laya iter 8 -> trimmed_mean_stable7 conf=0.9493 rank=6
[ 239] mean           score= 0.0028 origin=baseline iters=6 stop=no new information in 3 consecutive turns
         TEST  smape=0.0307  rmse=117.1486  pocid=58.33  mape=0.0308  | FLOOR smape=0.0307
         laya iter 1 -> best_FT_rf conf=0.8933 rank=6
         laya iter 2 -> best_FT_rf conf=0.9996 rank=6
         laya iter 3 -> best_DWT_rf conf=0.8949 rank=8
         laya iter 4 -> best_DWT_rf conf=0.8787 rank=8
         laya iter 5 -> trimmed_mean_stable7 conf=0.4167 rank=2
         laya iter 6 -> trimmed_mean_stable7 conf=0.8047 rank=2
[ 240] best_single    score= 0.1096 origin=agent    iters=8 stop=no new information in 3 consecutive turns
         TEST  smape=0.0338  rmse=55.0904  pocid=75.00  mape=0.0336  | FLOOR smape=0.0847
         laya iter 1 -> best_ONLY_CWT_catboost conf=0.3883 rank=6
         laya iter 2 -> best_ONLY_CWT_catboost conf=0.8445 rank=6
         laya iter 3 -> best_DWT_rf conf=0.531 rank=1
         laya iter 4 -> best_DWT_rf conf=0.8586 rank=1
         laya iter 5 -> best_CWT_catboost conf=0.5978 rank=2
         laya iter 6 -> best_CWT_catboost conf=0.7857 rank=2
         laya iter 7 -> trimmed_mean_stable7 conf=0.2016 rank=4
         laya iter 8 -> trimmed_mean_stable7 conf=0.8244 rank=4
[ 241] best_single    score= 0.0544 origin=agent    iters=7 stop=laya_accept
         TEST  smape=0.1020  rmse=256.4712  pocid=41.67  mape=0.0951  | FLOOR smape=0.0811
         laya iter 1 -> best_ONLY_FT_catboost conf=0.3183 rank=1
         laya iter 2 -> best_ONLY_FT_catboost conf=0.6679 rank=1
         laya iter 3 -> best_ONLY_CWT_catboost conf=0.9575 rank=1
         laya iter 4 -> best_ONLY_CWT_catboost conf=0.6651 rank=1
         laya iter 5 -> best_DWT_catboost conf=0.3701 rank=2
         laya iter 6 -> best_DWT_catboost conf=0.662 rank=2
[ 242] median         score= 0.3639 origin=baseline iters=7 stop=laya_accept
         TEST  smape=0.4878  rmse=1402.7283  pocid=66.67  mape=0.3720  | FLOOR smape=0.4878
         laya iter 1 -> best_ONLY_DWT_rf conf=0.5378 rank=2
         laya iter 2 -> best_ONLY_DWT_rf conf=1.0 rank=2
         laya iter 3 -> best_FT_catboost conf=0.5432 rank=3
         laya iter 4 -> best_FT_catboost conf=0.96 rank=3
         laya iter 5 -> best_DWT_rf conf=0.251 rank=3
         laya iter 6 -> best_DWT_rf conf=0.368 rank=3
[ 243] best_single    score= 0.2112 origin=agent    iters=8 stop=no new information in 3 consecutive turns
         TEST  smape=0.1923  rmse=253.5101  pocid=100.00  mape=0.1716  | FLOOR smape=0.1975
         laya iter 1 -> best_ONLY_DWT_rf conf=0.9454 rank=1
         laya iter 2 -> best_ONLY_DWT_rf conf=1.0 rank=1
         laya iter 3 -> best_FT_catboost conf=0.7864 rank=4
         laya iter 4 -> best_FT_catboost conf=0.7862 rank=4
         laya iter 5 -> best_DWT_rf conf=0.2039 rank=1
         laya iter 6 -> best_DWT_rf conf=0.6993 rank=1
         laya iter 7 -> trimmed_mean_stable7 conf=0.1688 rank=3
         laya iter 8 -> trimmed_mean_stable7 conf=0.7607 rank=3
[ 244] best_single    score= 0.0545 origin=agent    iters=12 stop=no new information in 3 consecutive turns
         TEST  smape=0.0552  rmse=207.5240  pocid=58.33  mape=0.0531  | FLOOR smape=0.0972
         laya iter 1 -> best_ONLY_DWT_rf conf=0.4486 rank=2
         laya iter 2 -> best_ONLY_DWT_rf conf=0.8511 rank=2
         laya iter 3 -> best_ONLY_CWT_rf conf=0.7281 rank=1
         laya iter 4 -> best_ONLY_CWT_rf conf=0.8923 rank=1
         laya iter 5 -> best_CWT_catboost conf=0.3263 rank=2
         laya iter 6 -> best_CWT_catboost conf=0.7254 rank=2
         laya iter 7 -> trimmed_mean_prune conf=0.1043 rank=11
         laya iter 8 -> trimmed_mean_prune conf=0.8387 rank=11
         laya iter 9 -> trimmed_mean_full conf=0.6029 rank=11
         laya iter 10 -> trimmed_mean_full conf=0.943 rank=11
         laya iter 11 -> trimmed_mean_stable9 conf=0.2451 rank=3
         laya iter 12 -> trimmed_mean_stable9 conf=0.8043 rank=3
[ 245] best_single    score= 0.4963 origin=agent    iters=12 stop=no new information in 3 consecutive turns
         TEST  smape=0.2052  rmse=348.8898  pocid=41.67  mape=0.1788  | FLOOR smape=0.1914
         laya iter 1 -> best_ONLY_DWT_rf conf=0.627 rank=1
         laya iter 2 -> best_ONLY_DWT_rf conf=1.0 rank=1
         laya iter 3 -> best_DWT_rf conf=0.2872 rank=2
         laya iter 4 -> best_DWT_rf conf=0.6464 rank=2
         laya iter 5 -> best_FT_rf conf=0.2728 rank=5
         laya iter 6 -> best_FT_rf conf=0.8884 rank=5
         laya iter 7 -> trimmed_mean_prune conf=0.1732 rank=7
         laya iter 8 -> trimmed_mean_prune conf=0.6961 rank=7
         laya iter 9 -> trimmed_mean_full conf=0.6688 rank=4
         laya iter 10 -> trimmed_mean_full conf=0.9685 rank=4
         laya iter 11 -> trimmed_mean_stable7 conf=0.4921 rank=9
         laya iter 12 -> trimmed_mean_stable7 conf=0.8036 rank=9
[ 246] best_single    score=-0.0012 origin=agent    iters=12 stop=iteration_budget_exhausted
         TEST  smape=0.0357  rmse=294.9075  pocid=83.33  mape=0.0366  | FLOOR smape=0.0510
         laya iter 1 -> best_ONLY_CWT_rf conf=0.744 rank=1
         laya iter 2 -> best_ONLY_CWT_rf conf=0.774 rank=1
         laya iter 3 -> best_ONLY_CWT_catboost conf=0.9572 rank=1
         laya iter 4 -> best_ONLY_CWT_catboost conf=0.9936 rank=1
         laya iter 5 -> best_CWT_rf conf=0.1826 rank=3
         laya iter 6 -> best_CWT_rf conf=0.6889 rank=3
         laya iter 7 -> median_top5 conf=0.2653 rank=5
         laya iter 8 -> median_top5 conf=0.9959 rank=5
         laya iter 9 -> trimmed_mean_top5 conf=0.3341 rank=8
         laya iter 10 -> trimmed_mean_full conf=0.3118 rank=13
         laya iter 11 -> trimmed_mean_full conf=0.82 rank=13
         laya iter 12 -> trimmed_mean_prune conf=0.756 rank=14
[ 247] best_single    score= 0.0525 origin=agent    iters=12 stop=iteration_budget_exhausted
         TEST  smape=0.0197  rmse=416.6484  pocid=16.67  mape=0.0198  | FLOOR smape=0.0212
         laya iter 1 -> best_ONLY_CWT_rf conf=0.5167 rank=1
         laya iter 2 -> best_ONLY_CWT_rf conf=1.0 rank=1
         laya iter 3 -> best_catboost conf=0.5127 rank=8
         laya iter 4 -> best_catboost conf=0.9493 rank=8
         laya iter 5 -> best_rf conf=0.4354 rank=9
         laya iter 6 -> best_rf conf=0.7445 rank=9
         laya iter 7 -> trimmed_mean_top5 conf=0.1399 rank=4
         laya iter 8 -> trimmed_mean_top5 conf=0.8328 rank=4
         laya iter 9 -> trimmed_mean_full conf=0.6576 rank=12
         laya iter 10 -> trimmed_mean_full conf=0.898 rank=12
         laya iter 11 -> trimmed_mean_prune conf=0.7371 rank=14
         laya iter 12 -> trimmed_mean_prune conf=0.9868 rank=14
[ 248] best_single    score= 0.0032 origin=agent    iters=8 stop=no new information in 3 consecutive turns
         TEST  smape=0.0653  rmse=1941.7557  pocid=16.67  mape=0.0695  | FLOOR smape=0.0627
         laya iter 1 -> best_FT_catboost conf=0.6898 rank=1
         laya iter 2 -> best_FT_catboost conf=0.9999 rank=1
         laya iter 3 -> best_ONLY_CWT_catboost conf=0.4613 rank=6
         laya iter 4 -> best_ONLY_CWT_catboost conf=0.9076 rank=6
         laya iter 5 -> best_CWT_catboost conf=0.3873 rank=2
         laya iter 6 -> best_CWT_catboost conf=0.5648 rank=2
         laya iter 7 -> trimmed_mean_stable7 conf=0.1594 rank=6
         laya iter 8 -> trimmed_mean_stable7 conf=0.8957 rank=6
[ 249] best_single    score=-0.1331 origin=agent    iters=7 stop=laya_accept
         TEST  smape=0.0105  rmse=47.2917  pocid=91.67  mape=0.0105  | FLOOR smape=0.0100
         laya iter 1 -> best_ONLY_DWT_rf conf=0.6709 rank=8
         laya iter 2 -> best_ONLY_DWT_rf conf=0.9623 rank=8
         laya iter 3 -> best_FT_catboost conf=0.385 rank=8
         laya iter 4 -> best_FT_catboost conf=0.9999 rank=8
         laya iter 5 -> best_DWT_rf conf=0.305 rank=1
         laya iter 6 -> best_DWT_rf conf=0.9387 rank=1
[ 250] best_single    score= 0.0573 origin=agent    iters=8 stop=no new information in 3 consecutive turns
         TEST  smape=0.0512  rmse=396.6502  pocid=66.67  mape=0.0496  | FLOOR smape=0.0503
         laya iter 1 -> best_ONLY_DWT_catboost conf=0.5015 rank=1
         laya iter 2 -> best_ONLY_DWT_catboost conf=0.9906 rank=1
         laya iter 3 -> best_ONLY_CWT_catboost conf=0.6171 rank=2
         laya iter 4 -> best_ONLY_CWT_catboost conf=0.9972 rank=2
         laya iter 5 -> best_CWT_rf conf=0.2243 rank=5
         laya iter 6 -> best_CWT_rf conf=0.643 rank=5
         laya iter 7 -> trimmed_mean_stable7 conf=0.1501 rank=6
         laya iter 8 -> trimmed_mean_stable7 conf=0.8573 rank=6
[ 251] median         score=-0.1498 origin=baseline iters=8 stop=no new information in 3 consecutive turns
         TEST  smape=0.0098  rmse=106.9684  pocid=83.33  mape=0.0097  | FLOOR smape=0.0098
         laya iter 1 -> best_ONLY_DWT_rf conf=0.4461 rank=6
         laya iter 2 -> best_ONLY_DWT_rf conf=1.0 rank=6
         laya iter 3 -> best_CWT_rf conf=0.4743 rank=2
         laya iter 4 -> best_CWT_rf conf=0.6423 rank=2
         laya iter 5 -> best_CWT_catboost conf=0.634 rank=4
         laya iter 6 -> best_CWT_catboost conf=0.5668 rank=4
         laya iter 7 -> trimmed_mean_stable7 conf=0.114 rank=5
         laya iter 8 -> trimmed_mean_stable7 conf=0.2824 rank=5
[ 252] best_single    score=-0.0930 origin=agent    iters=8 stop=no new information in 3 consecutive turns
         TEST  smape=0.0096  rmse=136.9650  pocid=83.33  mape=0.0096  | FLOOR smape=0.0072
         laya iter 1 -> best_ONLY_DWT_rf conf=0.45 rank=1
         laya iter 2 -> best_ONLY_CWT_rf conf=0.7773 rank=4
         laya iter 3 -> best_ONLY_DWT_rf conf=0.7683 rank=1
         laya iter 4 -> best_ONLY_CWT_rf conf=0.9844 rank=4
         laya iter 5 -> best_CWT_rf conf=0.3715 rank=2
         laya iter 6 -> best_CWT_rf conf=0.4644 rank=2
         laya iter 7 -> trimmed_mean_stable7 conf=0.205 rank=7
         laya iter 8 -> trimmed_mean_stable7 conf=0.6362 rank=7
[ 253] best_single    score=-0.1327 origin=agent    iters=8 stop=no new information in 3 consecutive turns
         TEST  smape=0.0045  rmse=38.7529  pocid=100.00  mape=0.0045  | FLOOR smape=0.0038
         laya iter 1 -> best_FT_catboost conf=0.5281 rank=5
         laya iter 2 -> best_FT_catboost conf=1.0 rank=5
         laya iter 3 -> best_ONLY_CWT_rf conf=0.6615 rank=1
         laya iter 4 -> best_ONLY_CWT_rf conf=1.0 rank=1
         laya iter 5 -> best_CWT_rf conf=0.5672 rank=10
         laya iter 6 -> best_CWT_rf conf=0.5131 rank=10
         laya iter 7 -> trimmed_mean_stable7 conf=0.167 rank=9
         laya iter 8 -> trimmed_mean_stable7 conf=0.7292 rank=9
[ 254] best_single    score=-0.0264 origin=agent    iters=12 stop=iteration_budget_exhausted
         TEST  smape=0.0189  rmse=40.8161  pocid=66.67  mape=0.0191  | FLOOR smape=0.0268
         laya iter 1 -> best_DWT_rf conf=0.2192 rank=1
         laya iter 2 -> best_DWT_rf conf=0.8264 rank=1
         laya iter 3 -> best_rf conf=0.3846 rank=1
         laya iter 4 -> best_rf conf=0.7014 rank=1
         laya iter 5 -> best_DWT_catboost conf=0.5329 rank=1
         laya iter 6 -> best_DWT_catboost conf=0.4707 rank=1
         laya iter 7 -> trimmed_mean_full conf=0.1497 rank=11
         laya iter 8 -> trimmed_mean_full conf=0.6996 rank=11
         laya iter 9 -> trimmed_mean_prune conf=0.81 rank=12
         laya iter 10 -> trimmed_mean_prune conf=0.8968 rank=12
         laya iter 11 -> mean_prune conf=0.2971 rank=15
         laya iter 12 -> mean_prune conf=0.463 rank=15
[ 255] best_single    score= 0.0601 origin=agent    iters=7 stop=laya_accept
         TEST  smape=0.0269  rmse=83.9727  pocid=66.67  mape=0.0264  | FLOOR smape=0.0232
         laya iter 1 -> best_ONLY_DWT_rf conf=0.7717 rank=5
         laya iter 2 -> best_ONLY_DWT_catboost conf=0.9861 rank=1
         laya iter 3 -> best_ONLY_DWT_rf conf=0.8031 rank=6
         laya iter 4 -> best_ONLY_DWT_catboost conf=0.9805 rank=1
         laya iter 5 -> best_DWT_rf conf=0.2762 rank=4
         laya iter 6 -> best_DWT_rf conf=0.6401 rank=4
[ 256] best_single    score=-0.0235 origin=agent    iters=12 stop=iteration_budget_exhausted
         TEST  smape=0.0026  rmse=11.6580  pocid=66.67  mape=0.0026  | FLOOR smape=0.0037
         laya iter 1 -> best_ONLY_CWT_rf conf=0.7675 rank=1
         laya iter 2 -> best_ONLY_CWT_rf conf=0.9913 rank=1
         laya iter 3 -> best_CWT_rf conf=0.5628 rank=1
         laya iter 4 -> best_CWT_catboost conf=0.3929 rank=3
         laya iter 5 -> best_CWT_catboost conf=0.5625 rank=3
         laya iter 6 -> best_CWT_rf conf=0.2222 rank=1
         laya iter 7 -> trimmed_mean_prune conf=0.1745 rank=13
         laya iter 8 -> trimmed_mean_prune conf=0.8665 rank=13
         laya iter 9 -> trimmed_mean_full conf=0.8283 rank=11
         laya iter 10 -> trimmed_mean_full conf=0.9548 rank=11
         laya iter 11 -> mean_prune conf=0.235 rank=15
         laya iter 12 -> mean_prune conf=0.5522 rank=15
[ 257] best_single    score= 0.0859 origin=agent    iters=7 stop=laya_accept
         TEST  smape=0.0638  rmse=156.0706  pocid=50.00  mape=0.0668  | FLOOR smape=0.0569
         laya iter 1 -> best_ONLY_CWT_catboost conf=0.3618 rank=8
         laya iter 2 -> best_ONLY_DWT_rf conf=0.748 rank=1
         laya iter 3 -> best_ONLY_DWT_rf conf=0.8218 rank=1
         laya iter 4 -> best_ONLY_CWT_catboost conf=0.9316 rank=9
         laya iter 5 -> best_CWT_catboost conf=0.7128 rank=4
         laya iter 6 -> best_CWT_catboost conf=0.4884 rank=4
[ 258] best_single    score= 0.5271 origin=agent    iters=7 stop=laya_accept
         TEST  smape=0.5929  rmse=7628.4929  pocid=33.33  mape=1.0033  | FLOOR smape=0.1516
         laya iter 1 -> best_FT_rf conf=0.5813 rank=1
         laya iter 2 -> best_FT_rf conf=0.9999 rank=1
         laya iter 3 -> best_ONLY_CWT_catboost conf=0.748 rank=3
         laya iter 4 -> best_ONLY_CWT_catboost conf=0.777 rank=3
         laya iter 5 -> best_ONLY_DWT_rf conf=0.8598 rank=4
         laya iter 6 -> best_ONLY_DWT_rf conf=0.9932 rank=4
[ 259] best_single    score= 0.1147 origin=agent    iters=7 stop=laya_accept
         TEST  smape=0.2411  rmse=243.0739  pocid=83.33  mape=0.2413  | FLOOR smape=0.1886
         laya iter 1 -> best_ONLY_DWT_catboost conf=0.5883 rank=4
         laya iter 2 -> best_ONLY_DWT_catboost conf=0.9869 rank=4
         laya iter 3 -> best_FT_catboost conf=0.9587 rank=1
         laya iter 4 -> best_FT_catboost conf=1.0 rank=1
         laya iter 5 -> best_CWT_catboost conf=0.7757 rank=9
         laya iter 6 -> best_CWT_catboost conf=0.7738 rank=9
[ 260] dba            score= 0.6976 origin=baseline iters=7 stop=laya_accept
         TEST  smape=0.0286  rmse=168.0614  pocid=58.33  mape=0.0284  | FLOOR smape=0.0286
         laya iter 1 -> best_ONLY_DWT_catboost conf=0.5168 rank=3
         laya iter 2 -> best_ONLY_DWT_catboost conf=1.0 rank=3
         laya iter 3 -> best_DWT_catboost conf=0.384 rank=4
         laya iter 4 -> best_DWT_catboost conf=0.4601 rank=4
         laya iter 5 -> best_DWT_rf conf=0.2304 rank=4
         laya iter 6 -> best_DWT_rf conf=0.8378 rank=4
[ 261] mean           score=-0.1509 origin=baseline iters=4 stop=no new information in 3 consecutive turns
         TEST  smape=0.0015  rmse=7.8347  pocid=100.00  mape=0.0015  | FLOOR smape=0.0015
         laya iter 1 -> best_FT_catboost conf=0.5112 rank=7
         laya iter 2 -> best_FT_catboost conf=0.7641 rank=7
         laya iter 3 -> trimmed_mean_stable7 conf=0.2142 rank=6
         laya iter 4 -> trimmed_mean_stable7 conf=0.6971 rank=6
[ 262] mean           score= 0.7167 origin=baseline iters=7 stop=laya_accept
         TEST  smape=0.2291  rmse=529.4317  pocid=83.33  mape=0.2686  | FLOOR smape=0.2291
         laya iter 1 -> best_ONLY_DWT_rf conf=0.3476 rank=9
         laya iter 2 -> best_ONLY_DWT_rf conf=0.6803 rank=9
         laya iter 3 -> best_DWT_catboost conf=0.5092 rank=9
         laya iter 4 -> best_DWT_catboost conf=0.8564 rank=9
         laya iter 5 -> best_ARIMA conf=0.257 rank=3
         laya iter 6 -> best_ARIMA conf=0.9769 rank=3
[ 263] trimmed_mean   score= 0.3190 origin=agent    iters=12 stop=iteration_budget_exhausted
         TEST  smape=0.0638  rmse=308.6802  pocid=41.67  mape=0.0630  | FLOOR smape=0.0658
         laya iter 1 -> best_ONLY_DWT_rf conf=0.6848 rank=4
         laya iter 2 -> best_ONLY_DWT_rf conf=1.0 rank=4
         laya iter 3 -> best_FT_rf conf=0.7817 rank=1
         laya iter 4 -> best_FT_rf conf=0.9997 rank=1
         laya iter 5 -> best_DWT_catboost conf=0.4721 rank=5
         laya iter 6 -> best_DWT_catboost conf=0.8801 rank=5
         laya iter 7 -> trimmed_mean_prune conf=0.123 rank=11
         laya iter 8 -> trimmed_mean_prune conf=0.9588 rank=11
         laya iter 9 -> trimmed_mean_full conf=0.6966 rank=8
         laya iter 10 -> trimmed_mean_full conf=0.918 rank=8
         laya iter 11 -> trimmed_mean_top5 conf=0.2324 rank=1
         laya iter 12 -> trimmed_mean_top5 conf=0.9269 rank=1
[ 264] median         score= 0.4653 origin=baseline iters=8 stop=no new information in 3 consecutive turns
         TEST  smape=0.0837  rmse=182.7780  pocid=66.67  mape=0.0878  | FLOOR smape=0.0837
         laya iter 1 -> best_catboost conf=0.2948 rank=6
         laya iter 2 -> best_catboost conf=0.9764 rank=6
         laya iter 3 -> best_ONLY_FT_rf conf=0.6339 rank=2
         laya iter 4 -> best_ONLY_FT_rf conf=0.8224 rank=2
         laya iter 5 -> best_ONLY_CWT_catboost conf=0.8977 rank=2
         laya iter 6 -> best_ONLY_CWT_catboost conf=0.9164 rank=2
         laya iter 7 -> trimmed_mean_stable7 conf=0.1918 rank=7
         laya iter 8 -> trimmed_mean_stable7 conf=0.7935 rank=7
[ 265] best_single    score= 0.5978 origin=agent    iters=7 stop=laya_accept
         TEST  smape=0.1538  rmse=379.2015  pocid=50.00  mape=0.1699  | FLOOR smape=0.0841
         laya iter 1 -> best_ONLY_CWT_catboost conf=0.6838 rank=1
         laya iter 2 -> best_ONLY_CWT_catboost conf=0.9904 rank=1
         laya iter 3 -> best_FT_catboost conf=0.7016 rank=2
         laya iter 4 -> best_FT_catboost conf=0.8476 rank=2
         laya iter 5 -> best_catboost conf=0.3829 rank=1
         laya iter 6 -> best_catboost conf=0.6929 rank=1
[ 266] best_single    score= 0.2399 origin=agent    iters=12 stop=iteration_budget_exhausted
         TEST  smape=0.2284  rmse=1015.2508  pocid=41.67  mape=0.1947  | FLOOR smape=0.1510
         laya iter 1 -> best_FT_catboost conf=0.6448 rank=1
         laya iter 2 -> best_FT_catboost conf=0.8398 rank=1
         laya iter 3 -> best_ONLY_FT_rf conf=0.8121 rank=1
         laya iter 4 -> best_ONLY_FT_rf conf=0.998 rank=1
         laya iter 5 -> best_catboost conf=0.2243 rank=1
         laya iter 6 -> best_catboost conf=0.6031 rank=1
         laya iter 7 -> trimmed_mean_prune conf=0.106 rank=10
         laya iter 8 -> trimmed_mean_prune conf=0.8603 rank=10
         laya iter 9 -> trimmed_mean_full conf=0.6081 rank=12
         laya iter 10 -> trimmed_mean_full conf=0.8995 rank=12
         laya iter 11 -> trimmed_mean_top5 conf=0.1993 rank=10
         laya iter 12 -> trimmed_mean_top5 conf=0.6794 rank=10
[ 267] best_single    score= 0.5363 origin=agent    iters=8 stop=no new information in 3 consecutive turns
         TEST  smape=0.0396  rmse=63.8680  pocid=50.00  mape=0.0407  | FLOOR smape=0.0433
         laya iter 1 -> best_ONLY_FT_rf conf=0.4178 rank=1
         laya iter 2 -> best_ONLY_FT_rf conf=0.9947 rank=1
         laya iter 3 -> best_catboost conf=0.4511 rank=1
         laya iter 4 -> best_catboost conf=0.9397 rank=1
         laya iter 5 -> best_CWT_catboost conf=0.3521 rank=1
         laya iter 6 -> best_CWT_catboost conf=0.5694 rank=1
         laya iter 7 -> trimmed_mean_stable7 conf=0.1436 rank=9
         laya iter 8 -> trimmed_mean_stable7 conf=0.7702 rank=9
[ 268] best_single    score= 0.5053 origin=agent    iters=8 stop=no new information in 3 consecutive turns
         TEST  smape=0.1357  rmse=208.9881  pocid=58.33  mape=0.1487  | FLOOR smape=0.0495
         laya iter 1 -> best_ONLY_FT_rf conf=0.5011 rank=1
         laya iter 2 -> best_ONLY_FT_rf conf=0.9999 rank=1
         laya iter 3 -> best_rf conf=0.4991 rank=1
         laya iter 4 -> best_rf conf=0.92 rank=1
         laya iter 5 -> best_catboost conf=0.4384 rank=1
         laya iter 6 -> best_catboost conf=0.8226 rank=1
         laya iter 7 -> trimmed_mean_stable7 conf=0.3432 rank=7
         laya iter 8 -> trimmed_mean_stable7 conf=0.7806 rank=7
[ 269] best_single    score= 0.0267 origin=agent    iters=8 stop=no new information in 3 consecutive turns
         TEST  smape=0.0543  rmse=494.3488  pocid=25.00  mape=0.0524  | FLOOR smape=0.0498
         laya iter 1 -> best_FT_catboost conf=0.4561 rank=4
         laya iter 2 -> best_FT_catboost conf=0.9916 rank=4
         laya iter 3 -> best_ONLY_DWT_catboost conf=0.6141 rank=1
         laya iter 4 -> best_ONLY_DWT_catboost conf=0.963 rank=1
         laya iter 5 -> best_rf conf=0.3831 rank=5
         laya iter 6 -> best_rf conf=0.9311 rank=5
         laya iter 7 -> trimmed_mean_stable7 conf=0.1539 rank=4
         laya iter 8 -> trimmed_mean_stable7 conf=0.8562 rank=4
[ 270] best_single    score= 0.1757 origin=agent    iters=8 stop=no new information in 3 consecutive turns
         TEST  smape=0.0691  rmse=601.2812  pocid=33.33  mape=0.0662  | FLOOR smape=0.0654
         laya iter 1 -> best_ONLY_DWT_rf conf=0.5036 rank=1
         laya iter 2 -> best_ONLY_DWT_rf conf=1.0 rank=1
         laya iter 3 -> best_rf conf=0.3892 rank=1
         laya iter 4 -> best_rf conf=0.9936 rank=1
         laya iter 5 -> best_CWT_catboost conf=0.5345 rank=1
         laya iter 6 -> best_CWT_catboost conf=0.7705 rank=1
         laya iter 7 -> trimmed_mean_stable7 conf=0.1937 rank=6
         laya iter 8 -> trimmed_mean_stable7 conf=0.7134 rank=6
[ 271] best_single    score= 0.1652 origin=agent    iters=7 stop=laya_accept
         TEST  smape=0.0330  rmse=34.3391  pocid=75.00  mape=0.0336  | FLOOR smape=0.0325
         laya iter 1 -> best_ONLY_DWT_catboost conf=0.2791 rank=1
         laya iter 2 -> best_FT_catboost conf=0.9679 rank=1
         laya iter 3 -> best_FT_catboost conf=0.9897 rank=1
         laya iter 4 -> best_ONLY_DWT_catboost conf=0.7648 rank=2
         laya iter 5 -> best_DWT_catboost conf=0.5766 rank=1
         laya iter 6 -> best_DWT_catboost conf=0.6935 rank=1
[ 272] best_single    score= 0.1493 origin=agent    iters=7 stop=laya_accept
         TEST  smape=0.0191  rmse=144.1991  pocid=33.33  mape=0.0190  | FLOOR smape=0.0253
         laya iter 1 -> best_ONLY_DWT_rf conf=0.9134 rank=1
         laya iter 2 -> best_ONLY_DWT_catboost conf=1.0 rank=1
         laya iter 3 -> best_ONLY_DWT_catboost conf=0.8181 rank=1
         laya iter 4 -> best_ONLY_DWT_rf conf=0.9919 rank=2
         laya iter 5 -> best_CWT_catboost conf=0.1968 rank=3
         laya iter 6 -> best_CWT_catboost conf=0.5517 rank=3
[ 273] best_single    score= 0.2345 origin=agent    iters=8 stop=no new information in 3 consecutive turns
         TEST  smape=0.1663  rmse=136.6147  pocid=33.33  mape=0.1839  | FLOOR smape=0.1750
         laya iter 1 -> best_FT_catboost conf=0.3924 rank=2
         laya iter 2 -> best_catboost conf=0.8699 rank=1
         laya iter 3 -> best_FT_catboost conf=0.7627 rank=3
         laya iter 4 -> best_catboost conf=0.2764 rank=1
         laya iter 5 -> best_DWT_catboost conf=0.4429 rank=1
         laya iter 6 -> best_DWT_catboost conf=0.7167 rank=1
         laya iter 7 -> trimmed_mean_stable7 conf=0.1187 rank=6
         laya iter 8 -> trimmed_mean_stable7 conf=0.783 rank=6
[ 274] best_single    score= 0.5549 origin=agent    iters=8 stop=no new information in 3 consecutive turns
         TEST  smape=0.1371  rmse=1219.7747  pocid=41.67  mape=0.1489  | FLOOR smape=0.1098
         laya iter 1 -> best_ONLY_DWT_catboost conf=0.9036 rank=1
         laya iter 2 -> best_ONLY_DWT_catboost conf=0.9999 rank=1
         laya iter 3 -> best_DWT_rf conf=0.2381 rank=2
         laya iter 4 -> best_DWT_rf conf=0.6846 rank=2
         laya iter 5 -> best_CWT_rf conf=0.683 rank=5
         laya iter 6 -> best_CWT_rf conf=0.7179 rank=5
         laya iter 7 -> trimmed_mean_stable7 conf=0.1847 rank=3
         laya iter 8 -> trimmed_mean_stable7 conf=0.8362 rank=3
[ 275] best_single    score= 0.2795 origin=agent    iters=7 stop=laya_accept
         TEST  smape=0.0249  rmse=346.9953  pocid=33.33  mape=0.0247  | FLOOR smape=0.0259
         laya iter 1 -> best_ONLY_DWT_catboost conf=0.6067 rank=1
         laya iter 2 -> best_ONLY_DWT_rf conf=0.8988 rank=1
         laya iter 3 -> best_ONLY_DWT_rf conf=0.7813 rank=1
         laya iter 4 -> best_ONLY_DWT_catboost conf=0.9806 rank=2
         laya iter 5 -> best_DWT_rf conf=0.5057 rank=2
         laya iter 6 -> best_DWT_rf conf=0.6675 rank=2
[ 276] best_single    score=-0.0471 origin=agent    iters=8 stop=no new information in 3 consecutive turns
         TEST  smape=0.2313  rmse=1235.4641  pocid=50.00  mape=0.1637  | FLOOR smape=0.0156
         laya iter 1 -> best_ONLY_FT_catboost conf=0.7553 rank=4
         laya iter 2 -> best_ONLY_FT_catboost conf=0.8884 rank=4
         laya iter 3 -> best_ONLY_FT_rf conf=0.9795 rank=1
         laya iter 4 -> best_ONLY_FT_rf conf=1.0 rank=1
         laya iter 5 -> best_rf conf=0.2266 rank=1
         laya iter 6 -> best_rf conf=0.7108 rank=1
         laya iter 7 -> trimmed_mean_stable7 conf=0.1114 rank=9
         laya iter 8 -> trimmed_mean_stable7 conf=0.8107 rank=9
[ 277] median         score= 0.5834 origin=baseline iters=8 stop=no new information in 3 consecutive turns
         TEST  smape=0.0444  rmse=67.0947  pocid=75.00  mape=0.0458  | FLOOR smape=0.0444
         laya iter 1 -> best_ONLY_FT_rf conf=0.2967 rank=2
         laya iter 2 -> best_ONLY_FT_rf conf=0.9969 rank=2
         laya iter 3 -> best_DWT_rf conf=0.4919 rank=2
         laya iter 4 -> best_DWT_rf conf=0.9041 rank=2
         laya iter 5 -> best_catboost conf=0.389 rank=2
         laya iter 6 -> best_catboost conf=0.7273 rank=2
         laya iter 7 -> trimmed_mean_stable7 conf=0.1231 rank=8
         laya iter 8 -> trimmed_mean_stable7 conf=0.6605 rank=8
[ 278] best_single    score= 0.3438 origin=agent    iters=8 stop=no new information in 3 consecutive turns
         TEST  smape=0.0842  rmse=131.0269  pocid=50.00  mape=0.0897  | FLOOR smape=0.0819
         laya iter 1 -> best_FT_catboost conf=0.4797 rank=1
         laya iter 2 -> best_FT_catboost conf=0.8421 rank=1
         laya iter 3 -> best_catboost conf=0.6542 rank=1
         laya iter 4 -> best_catboost conf=0.7464 rank=1
         laya iter 5 -> best_rf conf=0.2729 rank=1
         laya iter 6 -> best_rf conf=0.7026 rank=1
         laya iter 7 -> trimmed_mean_stable7 conf=0.1171 rank=5
         laya iter 8 -> trimmed_mean_stable7 conf=0.8423 rank=5
[ 279] best_single    score=-0.0113 origin=agent    iters=8 stop=no new information in 3 consecutive turns
         TEST  smape=0.0121  rmse=67.7427  pocid=58.33  mape=0.0120  | FLOOR smape=0.0123
         laya iter 1 -> best_FT_catboost conf=0.3297 rank=1
         laya iter 2 -> best_FT_catboost conf=0.9878 rank=1
         laya iter 3 -> best_FT_rf conf=0.6767 rank=5
         laya iter 4 -> best_FT_rf conf=0.6611 rank=5
         laya iter 5 -> best_CWT_catboost conf=0.3946 rank=1
         laya iter 6 -> best_CWT_catboost conf=0.8008 rank=1
         laya iter 7 -> trimmed_mean_stable7 conf=0.2401 rank=5
         laya iter 8 -> trimmed_mean_stable7 conf=0.8502 rank=5
[ 280] best_single    score= 0.5705 origin=agent    iters=8 stop=no new information in 3 consecutive turns
         TEST  smape=0.0580  rmse=138.5678  pocid=66.67  mape=0.0554  | FLOOR smape=0.0524
         laya iter 1 -> best_DWT_rf conf=0.3096 rank=1
         laya iter 2 -> best_FT_rf conf=0.9636 rank=1
         laya iter 3 -> best_FT_rf conf=0.8943 rank=1
         laya iter 4 -> best_DWT_rf conf=0.6994 rank=2
         laya iter 5 -> best_CWT_rf conf=0.5705 rank=4
         laya iter 6 -> best_CWT_rf conf=0.8689 rank=4
         laya iter 7 -> trimmed_mean_stable7 conf=0.3084 rank=6
         laya iter 8 -> trimmed_mean_stable7 conf=0.9502 rank=6
[ 281] best_single    score=-0.0944 origin=agent    iters=8 stop=no new information in 3 consecutive turns
         TEST  smape=0.0073  rmse=18.5711  pocid=75.00  mape=0.0072  | FLOOR smape=0.0111
         laya iter 1 -> best_ONLY_CWT_rf conf=0.3293 rank=2
         laya iter 2 -> best_ONLY_CWT_rf conf=0.7824 rank=2
         laya iter 3 -> best_ONLY_CWT_catboost conf=0.8561 rank=1
         laya iter 4 -> best_ONLY_CWT_catboost conf=0.7926 rank=1
         laya iter 5 -> best_ONLY_DWT_catboost conf=0.7196 rank=8
         laya iter 6 -> best_ONLY_DWT_catboost conf=0.8859 rank=8
         laya iter 7 -> trimmed_mean_stable9 conf=0.2044 rank=2
         laya iter 8 -> trimmed_mean_stable9 conf=0.8428 rank=2
[ 282] mean           score=-0.0723 origin=baseline iters=7 stop=laya_accept
         TEST  smape=0.0497  rmse=21.0296  pocid=33.33  mape=0.0518  | FLOOR smape=0.0497
         laya iter 1 -> best_ONLY_DWT_rf conf=0.9806 rank=4
         laya iter 2 -> best_ONLY_DWT_rf conf=1.0 rank=4
         laya iter 3 -> best_FT_catboost conf=0.9138 rank=4
         laya iter 4 -> best_FT_catboost conf=0.9346 rank=4
         laya iter 5 -> best_CWT_catboost conf=0.4074 rank=8
         laya iter 6 -> best_CWT_catboost conf=0.6044 rank=8
[ 283] best_single    score=-0.0390 origin=agent    iters=8 stop=no new information in 3 consecutive turns
         TEST  smape=0.0376  rmse=29.3026  pocid=25.00  mape=0.0384  | FLOOR smape=0.0416
         laya iter 1 -> best_ONLY_CWT_catboost conf=0.5306 rank=2
         laya iter 2 -> best_ONLY_CWT_catboost conf=0.6997 rank=2
         laya iter 3 -> best_ONLY_DWT_catboost conf=0.6343 rank=1
         laya iter 4 -> best_ONLY_DWT_catboost conf=0.8152 rank=1
         laya iter 5 -> best_CWT_catboost conf=0.5219 rank=4
         laya iter 6 -> best_CWT_catboost conf=0.5004 rank=4
         laya iter 7 -> trimmed_mean_stable7 conf=0.1511 rank=5
         laya iter 8 -> trimmed_mean_stable7 conf=0.6579 rank=5
[ 284] mean           score= 0.6667 origin=baseline iters=8 stop=no new information in 3 consecutive turns
         TEST  smape=0.3486  rmse=302.3252  pocid=58.33  mape=0.4238  | FLOOR smape=0.3486
         laya iter 1 -> best_NaiveMovingAverage conf=0.36 rank=8
         laya iter 2 -> best_NaiveMovingAverage conf=1.0 rank=8
         laya iter 3 -> best_ETS conf=0.3798 rank=10
         laya iter 4 -> best_ETS conf=0.8833 rank=10
         laya iter 5 -> best_THETA conf=0.1417 rank=2
         laya iter 6 -> best_THETA conf=0.8635 rank=2
         laya iter 7 -> trimmed_mean_stable7 conf=0.0928 rank=8
         laya iter 8 -> trimmed_mean_stable7 conf=0.7676 rank=8
[ 285] mean           score= 0.0025 origin=baseline iters=7 stop=laya_accept
         TEST  smape=0.0282  rmse=358.4405  pocid=66.67  mape=0.0288  | FLOOR smape=0.0282
         laya iter 1 -> best_ONLY_DWT_rf conf=0.3405 rank=3
         laya iter 2 -> best_ONLY_DWT_rf conf=0.9499 rank=3
         laya iter 3 -> best_ONLY_DWT_catboost conf=0.6643 rank=4
         laya iter 4 -> best_ONLY_DWT_catboost conf=0.8091 rank=4
         laya iter 5 -> best_CWT_catboost conf=0.3095 rank=6
         laya iter 6 -> best_CWT_catboost conf=0.672 rank=6
[ 286] best_single    score= 0.0366 origin=agent    iters=12 stop=iteration_budget_exhausted
         TEST  smape=0.0570  rmse=144.8562  pocid=33.33  mape=0.0550  | FLOOR smape=0.0343
         laya iter 1 -> best_ONLY_DWT_rf conf=0.9499 rank=1
         laya iter 2 -> best_ONLY_DWT_rf conf=1.0 rank=1
         laya iter 3 -> best_FT_catboost conf=0.6955 rank=3
         laya iter 4 -> best_FT_catboost conf=0.9547 rank=3
         laya iter 5 -> best_DWT_catboost conf=0.6676 rank=4
         laya iter 6 -> best_DWT_catboost conf=0.8909 rank=4
         laya iter 7 -> median_prune conf=0.1129 rank=9
         laya iter 8 -> median_prune conf=0.6377 rank=9
         laya iter 9 -> trimmed_mean_prune conf=0.5893 rank=12
         laya iter 10 -> trimmed_mean_prune conf=0.9817 rank=12
         laya iter 11 -> trimmed_mean_full conf=0.8528 rank=13
         laya iter 12 -> trimmed_mean_full conf=0.9926 rank=13
[ 287] best_single    score=-0.0639 origin=agent    iters=7 stop=laya_accept
         TEST  smape=0.0073  rmse=74.6212  pocid=41.67  mape=0.0074  | FLOOR smape=0.0061
         laya iter 1 -> best_ONLY_DWT_catboost conf=0.4767 rank=1
         laya iter 2 -> best_ONLY_CWT_rf conf=0.7801 rank=4
         laya iter 3 -> best_ONLY_CWT_rf conf=0.8582 rank=4
         laya iter 4 -> best_ONLY_DWT_catboost conf=0.7378 rank=1
         laya iter 5 -> best_CWT_catboost conf=0.799 rank=5
         laya iter 6 -> best_CWT_catboost conf=0.8751 rank=5
[ 288] best_single    score= 0.1005 origin=agent    iters=8 stop=no new information in 3 consecutive turns
         TEST  smape=0.0379  rmse=428.5593  pocid=66.67  mape=0.0387  | FLOOR smape=0.0389
         laya iter 1 -> best_FT_catboost conf=0.4879 rank=1
         laya iter 2 -> best_FT_catboost conf=0.9764 rank=1
         laya iter 3 -> best_FT_rf conf=0.7715 rank=2
         laya iter 4 -> best_FT_rf conf=0.8973 rank=2
         laya iter 5 -> best_CWT_catboost conf=0.2826 rank=1
         laya iter 6 -> best_CWT_catboost conf=0.6514 rank=1
         laya iter 7 -> trimmed_mean_stable7 conf=0.0941 rank=6
         laya iter 8 -> trimmed_mean_stable7 conf=0.8564 rank=6
[ 289] best_single    score= 0.3303 origin=agent    iters=6 stop=no new information in 3 consecutive turns
         TEST  smape=0.0514  rmse=910.6420  pocid=58.33  mape=0.0511  | FLOOR smape=0.0572
         laya iter 1 -> best_ONLY_CWT_rf conf=0.538 rank=1
         laya iter 2 -> best_ONLY_CWT_catboost conf=0.6367 rank=2
         laya iter 3 -> best_ONLY_DWT_rf conf=0.8881 rank=1
         laya iter 4 -> best_ONLY_CWT_rf conf=0.691 rank=2
         laya iter 5 -> best_ONLY_DWT_rf conf=0.7981 rank=1
         laya iter 6 -> best_ONLY_CWT_catboost conf=0.773 rank=3
[ 290] best_single    score= 0.2841 origin=agent    iters=7 stop=laya_accept
         TEST  smape=0.1324  rmse=1186.8141  pocid=25.00  mape=0.1434  | FLOOR smape=0.1270
         laya iter 1 -> best_ONLY_DWT_catboost conf=0.3249 rank=5
         laya iter 2 -> best_ONLY_DWT_rf conf=0.8566 rank=1
         laya iter 3 -> best_ONLY_DWT_catboost conf=0.7901 rank=6
         laya iter 4 -> best_ONLY_DWT_rf conf=0.9547 rank=1
         laya iter 5 -> best_DWT_catboost conf=0.6199 rank=1
         laya iter 6 -> best_DWT_catboost conf=0.912 rank=1
[ 291] best_single    score= 0.1485 origin=agent    iters=8 stop=no new information in 3 consecutive turns
         TEST  smape=0.1054  rmse=2024.1185  pocid=58.33  mape=0.1121  | FLOOR smape=0.0904
         laya iter 1 -> best_ONLY_CWT_catboost conf=0.7331 rank=2
         laya iter 2 -> best_ONLY_CWT_catboost conf=0.9824 rank=2
         laya iter 3 -> best_FT_rf conf=0.9304 rank=1
         laya iter 4 -> best_FT_rf conf=0.9726 rank=1
         laya iter 5 -> best_CWT_rf conf=0.5705 rank=1
         laya iter 6 -> best_CWT_rf conf=0.8161 rank=1
         laya iter 7 -> trimmed_mean_stable7 conf=0.1158 rank=3
         laya iter 8 -> trimmed_mean_stable7 conf=0.8433 rank=3
[ 292] mean           score= 0.6056 origin=baseline iters=6 stop=no new information in 3 consecutive turns
         TEST  smape=0.1852  rmse=630.3213  pocid=83.33  mape=0.1555  | FLOOR smape=0.1852
         laya iter 1 -> best_catboost conf=0.249 rank=9
         laya iter 2 -> best_catboost conf=0.5081 rank=9
         laya iter 3 -> best_CWT_catboost conf=0.271 rank=11
         laya iter 4 -> best_CWT_catboost conf=0.865 rank=11
         laya iter 5 -> trimmed_mean_stable7 conf=0.2437 rank=7
         laya iter 6 -> trimmed_mean_stable7 conf=0.466 rank=7
[ 293] mean           score= 0.6833 origin=baseline iters=8 stop=no new information in 3 consecutive turns
         TEST  smape=0.1444  rmse=224.4498  pocid=58.33  mape=0.1604  | FLOOR smape=0.1444
         laya iter 1 -> best_ONLY_CWT_catboost conf=0.7937 rank=5
         laya iter 2 -> best_ONLY_CWT_catboost conf=1.0 rank=5
         laya iter 3 -> best_FT_catboost conf=0.8306 rank=2
         laya iter 4 -> best_FT_catboost conf=0.8256 rank=2
         laya iter 5 -> best_CWT_catboost conf=0.4532 rank=6
         laya iter 6 -> best_CWT_catboost conf=0.569 rank=6
         laya iter 7 -> trimmed_mean_stable7 conf=0.3212 rank=11
         laya iter 8 -> trimmed_mean_stable7 conf=0.8206 rank=11
[ 294] best_single    score= 0.5112 origin=agent    iters=6 stop=no new information in 3 consecutive turns
         TEST  smape=0.6345  rmse=2964.9374  pocid=50.00  mape=0.9325  | FLOOR smape=0.1964
         laya iter 1 -> best_ETS conf=0.4841 rank=1
         laya iter 2 -> best_ETS conf=1.0 rank=1
         laya iter 3 -> best_THETA conf=0.4075 rank=1
         laya iter 4 -> best_THETA conf=0.9783 rank=1
         laya iter 5 -> trimmed_mean_stable7 conf=0.2053 rank=8
         laya iter 6 -> trimmed_mean_stable7 conf=0.6332 rank=8
[ 295] best_single    score= 0.6101 origin=agent    iters=8 stop=no new information in 3 consecutive turns
         TEST  smape=0.1416  rmse=538.2186  pocid=41.67  mape=0.1648  | FLOOR smape=0.1271
         laya iter 1 -> best_FT_catboost conf=0.313 rank=3
         laya iter 2 -> best_FT_catboost conf=0.9961 rank=3
         laya iter 3 -> best_ETS conf=0.4971 rank=11
         laya iter 4 -> best_ETS conf=0.9211 rank=11
         laya iter 5 -> best_THETA conf=0.2169 rank=1
         laya iter 6 -> best_THETA conf=0.9896 rank=1
         laya iter 7 -> trimmed_mean_stable7 conf=0.1896 rank=5
         laya iter 8 -> trimmed_mean_stable7 conf=0.6769 rank=5
[ 296] best_single    score= 0.5270 origin=agent    iters=4 stop=no new information in 3 consecutive turns
         TEST  smape=0.1333  rmse=818.4945  pocid=83.33  mape=0.1527  | FLOOR smape=0.0995
         laya iter 1 -> best_NaiveMovingAverage conf=0.9902 rank=1
         laya iter 2 -> best_NaiveMovingAverage conf=1.0 rank=1
         laya iter 3 -> trimmed_mean_stable7 conf=0.334 rank=8
         laya iter 4 -> trimmed_mean_stable7 conf=0.4041 rank=8
[ 297] best_single    score= 0.5065 origin=agent    iters=12 stop=iteration_budget_exhausted
         TEST  smape=0.1654  rmse=746.0879  pocid=58.33  mape=0.2063  | FLOOR smape=0.1758
         laya iter 1 -> best_NaiveMovingAverage conf=0.9276 rank=1
         laya iter 2 -> best_NaiveMovingAverage conf=1.0 rank=1
         laya iter 3 -> best_ETS conf=0.642 rank=2
         laya iter 4 -> best_ETS conf=0.9976 rank=2
         laya iter 5 -> trimmed_mean_top5 conf=0.1694 rank=3
         laya iter 6 -> trimmed_mean_top5 conf=0.8384 rank=3
         laya iter 7 -> trimmed_mean_prune conf=0.1821 rank=9
         laya iter 8 -> trimmed_mean_prune conf=0.9043 rank=9
         laya iter 9 -> trimmed_mean_full conf=0.574 rank=11
         laya iter 10 -> trimmed_mean_full conf=0.9341 rank=11
         laya iter 11 -> best_ARIMA conf=0.399 rank=4
         laya iter 12 -> best_ARIMA conf=1.0 rank=4
[ 298] best_single    score= 0.5473 origin=agent    iters=6 stop=no new information in 3 consecutive turns
         TEST  smape=0.1105  rmse=469.8793  pocid=66.67  mape=0.1178  | FLOOR smape=0.0984
         laya iter 1 -> best_NaiveMovingAverage conf=0.4969 rank=1
         laya iter 2 -> best_NaiveMovingAverage conf=1.0 rank=1
         laya iter 3 -> best_ETS conf=0.576 rank=2
         laya iter 4 -> best_ETS conf=0.9941 rank=2
         laya iter 5 -> trimmed_mean_stable7 conf=0.1467 rank=6
         laya iter 6 -> trimmed_mean_stable7 conf=0.7757 rank=6
[ 299] best_single    score= 0.5536 origin=agent    iters=8 stop=no new information in 3 consecutive turns
         TEST  smape=0.1354  rmse=321.4717  pocid=66.67  mape=0.1510  | FLOOR smape=0.1141
         laya iter 1 -> best_NaiveMovingAverage conf=0.4662 rank=1
         laya iter 2 -> best_NaiveMovingAverage conf=1.0 rank=1
         laya iter 3 -> best_ETS conf=0.4266 rank=2
         laya iter 4 -> best_ETS conf=0.9725 rank=2
         laya iter 5 -> trimmed_mean_top5 conf=0.1689 rank=8
         laya iter 6 -> trimmed_mean_top5 conf=0.7664 rank=8
         laya iter 7 -> trimmed_mean_stable5 conf=0.1812 rank=12
         laya iter 8 -> trimmed_mean_stable5 conf=0.2818 rank=12
[ 300] best_single    score= 0.5866 origin=agent    iters=7 stop=laya_accept
         TEST  smape=0.2129  rmse=693.8483  pocid=33.33  mape=0.2458  | FLOOR smape=0.0915
         laya iter 1 -> best_ETS conf=0.557 rank=1
         laya iter 2 -> best_ETS conf=1.0 rank=1
         laya iter 3 -> best_THETA conf=0.5633 rank=1
         laya iter 4 -> best_THETA conf=0.9952 rank=1
         laya iter 5 -> best_FT_catboost conf=0.4319 rank=2
         laya iter 6 -> best_FT_catboost conf=0.9098 rank=2
[ 301] best_single    score= 0.6548 origin=agent    iters=8 stop=no new information in 3 consecutive turns
         TEST  smape=0.1138  rmse=491.2576  pocid=41.67  mape=0.1059  | FLOOR smape=0.1308
         laya iter 1 -> best_ETS conf=0.3765 rank=10
         laya iter 2 -> best_ETS conf=0.9956 rank=10
         laya iter 3 -> best_ARIMA conf=0.5403 rank=1
         laya iter 4 -> best_ARIMA conf=0.8752 rank=1
         laya iter 5 -> best_CWT_catboost conf=0.372 rank=2
         laya iter 6 -> best_CWT_catboost conf=0.8159 rank=2
         laya iter 7 -> trimmed_mean_stable7 conf=0.1182 rank=4
         laya iter 8 -> trimmed_mean_stable7 conf=0.958 rank=4
[ 302] best_single    score= 0.4547 origin=agent    iters=12 stop=no new information in 3 consecutive turns
         TEST  smape=0.2378  rmse=1503.8325  pocid=50.00  mape=0.2920  | FLOOR smape=0.1491
         laya iter 1 -> best_NaiveMovingAverage conf=0.8282 rank=1
         laya iter 2 -> best_NaiveMovingAverage conf=1.0 rank=1
         laya iter 3 -> best_ETS conf=0.5965 rank=2
         laya iter 4 -> best_ETS conf=0.9952 rank=2
         laya iter 5 -> best_THETA conf=0.2256 rank=1
         laya iter 6 -> best_THETA conf=0.82 rank=1
         laya iter 7 -> trimmed_mean_prune conf=0.1159 rank=2
         laya iter 8 -> trimmed_mean_prune conf=0.4256 rank=2
         laya iter 9 -> trimmed_mean_full conf=0.6297 rank=14
         laya iter 10 -> trimmed_mean_full conf=0.9579 rank=14
         laya iter 11 -> trimmed_mean_stable7 conf=0.2458 rank=11
         laya iter 12 -> trimmed_mean_stable7 conf=0.8972 rank=11
[ 303] best_single    score= 0.5861 origin=agent    iters=7 stop=laya_accept
         TEST  smape=0.1560  rmse=568.2813  pocid=75.00  mape=0.1875  | FLOOR smape=0.1521
         laya iter 1 -> best_NaiveMovingAverage conf=0.9432 rank=1
         laya iter 2 -> best_NaiveMovingAverage conf=1.0 rank=1
         laya iter 3 -> best_ETS conf=0.679 rank=2
         laya iter 4 -> best_ETS conf=0.9882 rank=2
         laya iter 5 -> best_THETA conf=0.2311 rank=2
         laya iter 6 -> best_THETA conf=0.8108 rank=2
[ 304] best_single    score= 0.5950 origin=agent    iters=8 stop=no new information in 3 consecutive turns
         TEST  smape=0.1121  rmse=385.6284  pocid=66.67  mape=0.1131  | FLOOR smape=0.1958
         laya iter 1 -> best_ETS conf=0.4747 rank=2
         laya iter 2 -> best_ETS conf=1.0 rank=2
         laya iter 3 -> best_FT_rf conf=0.3702 rank=1
         laya iter 4 -> best_FT_rf conf=0.9232 rank=1
         laya iter 5 -> best_THETA conf=0.3235 rank=2
         laya iter 6 -> best_THETA conf=0.6616 rank=2
         laya iter 7 -> trimmed_mean_stable7 conf=0.1368 rank=12
         laya iter 8 -> trimmed_mean_stable7 conf=0.577 rank=12
[ 305] best_single    score= 0.4411 origin=agent    iters=7 stop=laya_accept
         TEST  smape=0.2449  rmse=700.4166  pocid=41.67  mape=0.3125  | FLOOR smape=0.1691
         laya iter 1 -> best_NaiveMovingAverage conf=0.4761 rank=1
         laya iter 2 -> best_NaiveMovingAverage conf=1.0 rank=1
         laya iter 3 -> best_ETS conf=0.5069 rank=2
         laya iter 4 -> best_ETS conf=0.9908 rank=2
         laya iter 5 -> best_THETA conf=0.1574 rank=1
         laya iter 6 -> best_THETA conf=0.9068 rank=1
[ 306] best_single    score= 0.5869 origin=agent    iters=7 stop=laya_accept
         TEST  smape=0.1306  rmse=522.2477  pocid=50.00  mape=0.1463  | FLOOR smape=0.1005
         laya iter 1 -> best_ETS conf=0.6135 rank=2
         laya iter 2 -> best_ETS conf=1.0 rank=2
         laya iter 3 -> best_ARIMA conf=0.517 rank=1
         laya iter 4 -> best_ARIMA conf=0.9832 rank=1
         laya iter 5 -> best_NaiveMovingAverage conf=0.4889 rank=1
         laya iter 6 -> best_NaiveMovingAverage conf=0.9999 rank=1
[ 307] best_single    score= 0.5630 origin=agent    iters=7 stop=laya_accept
         TEST  smape=0.1273  rmse=362.5720  pocid=41.67  mape=0.1462  | FLOOR smape=0.1252
         laya iter 1 -> best_ETS conf=0.3906 rank=3
         laya iter 2 -> best_ETS conf=1.0 rank=3
         laya iter 3 -> best_NaiveMovingAverage conf=0.4374 rank=1
         laya iter 4 -> best_NaiveMovingAverage conf=0.9991 rank=1
         laya iter 5 -> best_THETA conf=0.1777 rank=2
         laya iter 6 -> best_THETA conf=0.9922 rank=2
[ 308] best_single    score= 0.6353 origin=agent    iters=7 stop=laya_accept
         TEST  smape=0.1086  rmse=891.7410  pocid=25.00  mape=0.1119  | FLOOR smape=0.1221
         laya iter 1 -> best_NaiveMovingAverage conf=0.6252 rank=1
         laya iter 2 -> best_NaiveMovingAverage conf=1.0 rank=1
         laya iter 3 -> best_ETS conf=0.8808 rank=11
         laya iter 4 -> best_ETS conf=0.9945 rank=11
         laya iter 5 -> best_THETA conf=0.3147 rank=11
         laya iter 6 -> best_THETA conf=0.9128 rank=11
[ 309] best_single    score= 0.6192 origin=agent    iters=8 stop=no new information in 3 consecutive turns
         TEST  smape=0.2222  rmse=1276.1454  pocid=58.33  mape=0.1933  | FLOOR smape=0.1237
         laya iter 1 -> best_ONLY_FT_rf conf=0.2922 rank=1
         laya iter 2 -> best_ONLY_FT_catboost conf=0.9461 rank=1
         laya iter 3 -> best_ONLY_FT_catboost conf=0.7269 rank=1
         laya iter 4 -> best_ONLY_FT_rf conf=0.9104 rank=2
         laya iter 5 -> best_ETS conf=0.4009 rank=11
         laya iter 6 -> best_ETS conf=0.8865 rank=11
         laya iter 7 -> trimmed_mean_stable7 conf=0.2234 rank=3
         laya iter 8 -> trimmed_mean_stable7 conf=0.738 rank=3
[ 310] best_single    score= 0.4870 origin=agent    iters=6 stop=no new information in 3 consecutive turns
         TEST  smape=0.2014  rmse=1040.5280  pocid=50.00  mape=0.1799  | FLOOR smape=0.1139
         laya iter 1 -> best_ETS conf=0.5644 rank=1
         laya iter 2 -> best_ETS conf=1.0 rank=1
         laya iter 3 -> best_ONLY_FT_rf conf=0.6319 rank=1
         laya iter 4 -> best_ONLY_FT_rf conf=0.8645 rank=1
         laya iter 5 -> trimmed_mean_stable7 conf=0.1879 rank=11
         laya iter 6 -> trimmed_mean_stable7 conf=0.5387 rank=11
[ 311] best_single    score= 0.5484 origin=agent    iters=7 stop=laya_accept
         TEST  smape=0.0985  rmse=559.0707  pocid=75.00  mape=0.0975  | FLOOR smape=0.1121
         laya iter 1 -> best_NaiveMovingAverage conf=0.3818 rank=1
         laya iter 2 -> best_NaiveMovingAverage conf=1.0 rank=1
         laya iter 3 -> best_ETS conf=0.5842 rank=2
         laya iter 4 -> best_ETS conf=0.9853 rank=2
         laya iter 5 -> best_THETA conf=0.2127 rank=2
         laya iter 6 -> best_THETA conf=0.5713 rank=2
[ 312] trimmed_mean   score= 0.5633 origin=baseline iters=6 stop=no new information in 3 consecutive turns
         TEST  smape=0.2754  rmse=721.5210  pocid=50.00  mape=0.3222  | FLOOR smape=0.2754
         laya iter 1 -> best_NaiveMovingAverage conf=0.6327 rank=3
         laya iter 2 -> best_NaiveMovingAverage conf=1.0 rank=3
         laya iter 3 -> best_ETS conf=0.5981 rank=5
         laya iter 4 -> best_ETS conf=0.8727 rank=5
         laya iter 5 -> trimmed_mean_stable7 conf=0.3095 rank=6
         laya iter 6 -> trimmed_mean_stable7 conf=0.58 rank=6
[ 313] best_single    score= 0.6506 origin=agent    iters=7 stop=laya_accept
         TEST  smape=0.1836  rmse=1620.6276  pocid=75.00  mape=0.1656  | FLOOR smape=0.0864
         laya iter 1 -> best_ETS conf=0.4757 rank=4
         laya iter 2 -> best_ETS conf=1.0 rank=4
         laya iter 3 -> best_ONLY_FT_rf conf=0.6343 rank=1
         laya iter 4 -> best_ONLY_FT_rf conf=1.0 rank=1
         laya iter 5 -> best_NaiveMovingAverage conf=0.9363 rank=2
         laya iter 6 -> best_NaiveMovingAverage conf=0.9764 rank=2
[ 314] best_single    score= 0.4789 origin=agent    iters=7 stop=laya_accept
         TEST  smape=0.2791  rmse=1604.9257  pocid=58.33  mape=0.3303  | FLOOR smape=0.0997
         laya iter 1 -> best_NaiveMovingAverage conf=0.6109 rank=1
         laya iter 2 -> best_NaiveMovingAverage conf=1.0 rank=1
         laya iter 3 -> best_ETS conf=0.6008 rank=2
         laya iter 4 -> best_ETS conf=1.0 rank=2
         laya iter 5 -> best_THETA conf=0.2754 rank=1
         laya iter 6 -> best_THETA conf=0.7844 rank=1
[ 315] best_single    score= 0.6204 origin=agent    iters=6 stop=no new information in 3 consecutive turns
         TEST  smape=0.0829  rmse=307.4994  pocid=75.00  mape=0.0881  | FLOOR smape=0.0832
         laya iter 1 -> best_NaiveMovingAverage conf=0.8053 rank=1
         laya iter 2 -> best_NaiveMovingAverage conf=1.0 rank=1
         laya iter 3 -> best_ETS conf=0.5578 rank=2
         laya iter 4 -> best_ETS conf=0.9982 rank=2
         laya iter 5 -> trimmed_mean_stable7 conf=0.1781 rank=9
         laya iter 6 -> trimmed_mean_stable7 conf=0.8141 rank=9
[ 316] best_single    score= 0.5593 origin=agent    iters=8 stop=no new information in 3 consecutive turns
         TEST  smape=0.1774  rmse=785.3842  pocid=50.00  mape=0.1604  | FLOOR smape=0.0967
         laya iter 1 -> best_NaiveMovingAverage conf=0.9101 rank=2
         laya iter 2 -> best_NaiveMovingAverage conf=1.0 rank=2
         laya iter 3 -> best_ONLY_FT_rf conf=0.6122 rank=1
         laya iter 4 -> best_ONLY_FT_rf conf=0.9461 rank=1
         laya iter 5 -> best_ETS conf=0.3245 rank=10
         laya iter 6 -> best_ETS conf=0.8709 rank=10
         laya iter 7 -> trimmed_mean_stable7 conf=0.1867 rank=9
         laya iter 8 -> trimmed_mean_stable7 conf=0.9258 rank=9
[ 317] best_single    score= 0.5349 origin=agent    iters=6 stop=no new information in 3 consecutive turns
         TEST  smape=0.0544  rmse=269.6843  pocid=25.00  mape=0.0522  | FLOOR smape=0.0480
         laya iter 1 -> best_ETS conf=0.2814 rank=1
         laya iter 2 -> best_ETS conf=0.9999 rank=1
         laya iter 3 -> best_rf conf=0.4341 rank=1
         laya iter 4 -> best_rf conf=0.6064 rank=1
         laya iter 5 -> trimmed_mean_stable9 conf=0.1709 rank=6
         laya iter 6 -> trimmed_mean_stable9 conf=0.7512 rank=6
[ 318] best_single    score= 0.5497 origin=agent    iters=7 stop=laya_accept
         TEST  smape=0.1308  rmse=393.4159  pocid=50.00  mape=0.1437  | FLOOR smape=0.1446
         laya iter 1 -> best_NaiveMovingAverage conf=0.9572 rank=1
         laya iter 2 -> best_NaiveMovingAverage conf=1.0 rank=1
         laya iter 3 -> best_ETS conf=0.5509 rank=2
         laya iter 4 -> best_ETS conf=0.9941 rank=2
         laya iter 5 -> best_THETA conf=0.1982 rank=1
         laya iter 6 -> best_THETA conf=0.4786 rank=1
[ 319] best_single    score= 0.6442 origin=agent    iters=7 stop=laya_accept
         TEST  smape=0.3022  rmse=858.6296  pocid=50.00  mape=0.2519  | FLOOR smape=0.2265
         laya iter 1 -> best_ONLY_FT_catboost conf=0.5015 rank=1
         laya iter 2 -> best_ONLY_FT_catboost conf=0.9256 rank=1
         laya iter 3 -> best_NaiveMovingAverage conf=0.727 rank=2
         laya iter 4 -> best_NaiveMovingAverage conf=0.647 rank=2
         laya iter 5 -> best_catboost conf=0.1908 rank=2
         laya iter 6 -> best_catboost conf=0.5534 rank=2
[ 320] dba            score= 0.5730 origin=baseline iters=8 stop=no new information in 3 consecutive turns
         TEST  smape=0.0972  rmse=731.4933  pocid=58.33  mape=0.1052  | FLOOR smape=0.0972
         laya iter 1 -> best_NaiveMovingAverage conf=0.8987 rank=2
         laya iter 2 -> best_NaiveMovingAverage conf=1.0 rank=2
         laya iter 3 -> best_ARIMA conf=0.4962 rank=2
         laya iter 4 -> best_ARIMA conf=0.6088 rank=2
         laya iter 5 -> best_THETA conf=0.1868 rank=4
         laya iter 6 -> best_THETA conf=0.2599 rank=4
         laya iter 7 -> trimmed_mean_stable7 conf=0.0965 rank=10
         laya iter 8 -> trimmed_mean_stable7 conf=0.9653 rank=10
[ 321] best_single    score= 0.5501 origin=agent    iters=7 stop=laya_accept
         TEST  smape=0.0916  rmse=294.6292  pocid=50.00  mape=0.0925  | FLOOR smape=0.1230
         laya iter 1 -> best_ARIMA conf=0.3224 rank=1
         laya iter 2 -> best_ARIMA conf=0.9997 rank=1
         laya iter 3 -> best_ETS conf=0.4853 rank=1
         laya iter 4 -> best_ETS conf=0.9986 rank=1
         laya iter 5 -> best_THETA conf=0.3973 rank=1
         laya iter 6 -> best_THETA conf=0.9403 rank=1
[ 322] best_single    score= 0.4487 origin=agent    iters=6 stop=no new information in 3 consecutive turns
         TEST  smape=0.1504  rmse=963.5587  pocid=75.00  mape=0.1364  | FLOOR smape=0.2499
         laya iter 1 -> best_NaiveMovingAverage conf=0.976 rank=1
         laya iter 2 -> best_NaiveMovingAverage conf=1.0 rank=1
         laya iter 3 -> best_ETS conf=0.6367 rank=2
         laya iter 4 -> best_ETS conf=0.9953 rank=2
         laya iter 5 -> trimmed_mean_stable7 conf=0.2506 rank=9
         laya iter 6 -> trimmed_mean_stable7 conf=0.8657 rank=9
[ 323] best_single    score= 0.4877 origin=agent    iters=6 stop=no new information in 3 consecutive turns
         TEST  smape=0.2089  rmse=670.3856  pocid=58.33  mape=0.1844  | FLOOR smape=0.2382
         laya iter 1 -> best_NaiveMovingAverage conf=0.9165 rank=1
         laya iter 2 -> best_NaiveMovingAverage conf=1.0 rank=1
         laya iter 3 -> best_ETS conf=0.628 rank=2
         laya iter 4 -> best_ETS conf=0.9978 rank=2
         laya iter 5 -> trimmed_mean_stable7 conf=0.1341 rank=9
         laya iter 6 -> trimmed_mean_stable7 conf=0.5138 rank=9
[ 324] best_single    score= 0.5287 origin=agent    iters=8 stop=no new information in 3 consecutive turns
         TEST  smape=0.2668  rmse=1028.1800  pocid=33.33  mape=0.3097  | FLOOR smape=0.1719
         laya iter 1 -> best_NaiveMovingAverage conf=0.6686 rank=1
         laya iter 2 -> best_NaiveMovingAverage conf=1.0 rank=1
         laya iter 3 -> best_ETS conf=0.602 rank=8
         laya iter 4 -> best_ETS conf=0.9897 rank=8
         laya iter 5 -> best_ARIMA conf=0.2496 rank=2
         laya iter 6 -> best_ARIMA conf=0.8679 rank=2
         laya iter 7 -> trimmed_mean_stable7 conf=0.1657 rank=10
         laya iter 8 -> trimmed_mean_stable7 conf=0.8594 rank=10
[ 325] best_single    score= 0.4856 origin=agent    iters=7 stop=laya_accept
         TEST  smape=0.1230  rmse=539.3823  pocid=75.00  mape=0.1215  | FLOOR smape=0.1243
         laya iter 1 -> best_ETS conf=0.5346 rank=1
         laya iter 2 -> best_ETS conf=1.0 rank=1
         laya iter 3 -> best_NaiveMovingAverage conf=0.5274 rank=1
         laya iter 4 -> best_NaiveMovingAverage conf=0.988 rank=1
         laya iter 5 -> best_THETA conf=0.3969 rank=2
         laya iter 6 -> best_THETA conf=0.49 rank=2
[ 326] best_single    score= 0.5638 origin=agent    iters=6 stop=no new information in 3 consecutive turns
         TEST  smape=0.1090  rmse=1366.9168  pocid=75.00  mape=0.1081  | FLOOR smape=0.1466
         laya iter 1 -> best_NaiveMovingAverage conf=0.4947 rank=1
         laya iter 2 -> best_NaiveMovingAverage conf=1.0 rank=1
         laya iter 3 -> best_ETS conf=0.7425 rank=2
         laya iter 4 -> best_ETS conf=0.9981 rank=2
         laya iter 5 -> trimmed_mean_stable7 conf=0.1489 rank=9
         laya iter 6 -> trimmed_mean_stable7 conf=0.8531 rank=9
[ 327] best_single    score= 0.6324 origin=agent    iters=8 stop=no new information in 3 consecutive turns
         TEST  smape=0.1065  rmse=363.7897  pocid=75.00  mape=0.1151  | FLOOR smape=0.1604
         laya iter 1 -> best_NaiveMovingAverage conf=0.932 rank=1
         laya iter 2 -> best_NaiveMovingAverage conf=1.0 rank=1
         laya iter 3 -> best_ETS conf=0.5686 rank=5
         laya iter 4 -> best_ETS conf=0.9986 rank=5
         laya iter 5 -> best_THETA conf=0.285 rank=2
         laya iter 6 -> best_THETA conf=0.5633 rank=2
         laya iter 7 -> trimmed_mean_stable7 conf=0.1731 rank=11
         laya iter 8 -> trimmed_mean_stable7 conf=0.4208 rank=11
[ 328] best_single    score= 0.5285 origin=agent    iters=7 stop=laya_accept
         TEST  smape=0.0969  rmse=1232.3072  pocid=58.33  mape=0.0969  | FLOOR smape=0.1285
         laya iter 1 -> best_NaiveMovingAverage conf=0.856 rank=1
         laya iter 2 -> best_NaiveMovingAverage conf=1.0 rank=1
         laya iter 3 -> best_ETS conf=0.7419 rank=2
         laya iter 4 -> best_ETS conf=0.9584 rank=2
         laya iter 5 -> best_THETA conf=0.1656 rank=2
         laya iter 6 -> best_THETA conf=0.3879 rank=2
[ 329] best_single    score= 0.4979 origin=agent    iters=7 stop=laya_accept
         TEST  smape=0.1101  rmse=503.5755  pocid=66.67  mape=0.1151  | FLOOR smape=0.1184
         laya iter 1 -> best_NaiveMovingAverage conf=0.563 rank=1
         laya iter 2 -> best_NaiveMovingAverage conf=1.0 rank=1
         laya iter 3 -> best_ONLY_FT_rf conf=0.6977 rank=2
         laya iter 4 -> best_ONLY_FT_rf conf=0.7006 rank=2
         laya iter 5 -> best_ETS conf=0.6915 rank=8
         laya iter 6 -> best_ETS conf=0.9904 rank=8
[ 330] best_single    score= 0.5546 origin=agent    iters=6 stop=no new information in 3 consecutive turns
         TEST  smape=0.0939  rmse=771.7145  pocid=50.00  mape=0.1003  | FLOOR smape=0.1117
         laya iter 1 -> best_NaiveMovingAverage conf=0.627 rank=1
         laya iter 2 -> best_NaiveMovingAverage conf=1.0 rank=1
         laya iter 3 -> best_ETS conf=0.7797 rank=2
         laya iter 4 -> best_ETS conf=0.9926 rank=2
         laya iter 5 -> trimmed_mean_stable7 conf=0.1807 rank=8
         laya iter 6 -> trimmed_mean_stable7 conf=0.7842 rank=8
[ 331] best_single    score= 0.4465 origin=agent    iters=8 stop=no new information in 3 consecutive turns
         TEST  smape=0.1089  rmse=497.1324  pocid=41.67  mape=0.1031  | FLOOR smape=0.0980
         laya iter 1 -> best_NaiveMovingAverage conf=0.7745 rank=1
         laya iter 2 -> best_NaiveMovingAverage conf=1.0 rank=1
         laya iter 3 -> best_ONLY_FT_rf conf=0.9086 rank=2
         laya iter 4 -> best_ONLY_FT_rf conf=0.997 rank=2
         laya iter 5 -> best_catboost conf=0.4608 rank=11
         laya iter 6 -> best_catboost conf=0.9486 rank=11
         laya iter 7 -> trimmed_mean_stable7 conf=0.13 rank=8
         laya iter 8 -> trimmed_mean_stable7 conf=0.8155 rank=8
[ 332] best_single    score= 0.5879 origin=agent    iters=6 stop=no new information in 3 consecutive turns
         TEST  smape=0.1130  rmse=415.4279  pocid=66.67  mape=0.1062  | FLOOR smape=0.1727
         laya iter 1 -> best_NaiveMovingAverage conf=0.9083 rank=1
         laya iter 2 -> best_NaiveMovingAverage conf=1.0 rank=1
         laya iter 3 -> best_ETS conf=0.622 rank=2
         laya iter 4 -> best_ETS conf=0.9407 rank=2
         laya iter 5 -> trimmed_mean_stable7 conf=0.1612 rank=9
         laya iter 6 -> trimmed_mean_stable7 conf=0.6796 rank=9
[ 333] best_single    score= 0.4839 origin=agent    iters=7 stop=no new information in 3 consecutive turns
         TEST  smape=0.1515  rmse=655.9509  pocid=75.00  mape=0.1402  | FLOOR smape=0.1688
         laya iter 1 -> best_NaiveMovingAverage conf=0.6215 rank=1
         laya iter 2 -> best_NaiveMovingAverage conf=1.0 rank=1
         laya iter 3 -> best_NaiveSeasonal conf=0.5905 rank=2
         laya iter 4 -> best_ETS conf=0.6271 rank=3
         laya iter 5 -> best_ETS conf=0.827 rank=3
         laya iter 6 -> best_NaiveSeasonal conf=0.8134 rank=2
         laya iter 7 -> trimmed_mean_stable7 conf=0.2168 rank=11
[ 334] best_single    score= 0.6057 origin=agent    iters=8 stop=no new information in 3 consecutive turns
         TEST  smape=0.1194  rmse=691.3487  pocid=66.67  mape=0.1107  | FLOOR smape=0.1518
         laya iter 1 -> best_ETS conf=0.5195 rank=2
         laya iter 2 -> best_ETS conf=1.0 rank=2
         laya iter 3 -> best_THETA conf=0.5018 rank=1
         laya iter 4 -> best_THETA conf=0.9418 rank=1
         laya iter 5 -> best_NaiveMovingAverage conf=0.4155 rank=1
         laya iter 6 -> best_NaiveMovingAverage conf=0.9984 rank=1
         laya iter 7 -> trimmed_mean_stable7 conf=0.1712 rank=9
         laya iter 8 -> trimmed_mean_stable7 conf=0.5877 rank=9
[ 335] best_single    score= 0.6093 origin=agent    iters=12 stop=iteration_budget_exhausted
         TEST  smape=0.1607  rmse=358.9878  pocid=58.33  mape=0.1566  | FLOOR smape=0.1861
         laya iter 1 -> best_NaiveMovingAverage conf=0.5439 rank=1
         laya iter 2 -> best_NaiveMovingAverage conf=1.0 rank=1
         laya iter 3 -> best_ONLY_FT_catboost conf=0.7176 rank=3
         laya iter 4 -> best_ONLY_FT_catboost conf=0.814 rank=3
         laya iter 5 -> best_THETA conf=0.1726 rank=2
         laya iter 6 -> best_THETA conf=0.4074 rank=2
         laya iter 7 -> trimmed_mean_full conf=0.0983 rank=6
         laya iter 8 -> trimmed_mean_full conf=0.566 rank=6
         laya iter 9 -> trimmed_mean_prune conf=0.7866 rank=3
         laya iter 10 -> trimmed_mean_prune conf=0.9867 rank=3
         laya iter 11 -> mean_prune conf=0.1916 rank=4
         laya iter 12 -> mean_prune conf=0.3247 rank=4
[ 336] best_single    score= 0.5897 origin=agent    iters=12 stop=no new information in 3 consecutive turns
         TEST  smape=0.1441  rmse=362.9498  pocid=33.33  mape=0.1326  | FLOOR smape=0.1842
         laya iter 1 -> best_ONLY_CWT_catboost conf=0.741 rank=1
         laya iter 2 -> best_ONLY_CWT_catboost conf=0.9279 rank=1
         laya iter 3 -> best_DWT_rf conf=0.5686 rank=1
         laya iter 4 -> best_DWT_rf conf=0.9503 rank=1
         laya iter 5 -> best_CWT_catboost conf=0.4634 rank=5
         laya iter 6 -> best_CWT_catboost conf=0.6348 rank=5
         laya iter 7 -> trimmed_mean_prune conf=0.1737 rank=5
         laya iter 8 -> trimmed_mean_prune conf=0.8401 rank=5
         laya iter 9 -> trimmed_mean_full conf=0.7073 rank=6
         laya iter 10 -> trimmed_mean_full conf=0.9533 rank=6
         laya iter 11 -> trimmed_mean_stable7 conf=0.2259 rank=12
         laya iter 12 -> trimmed_mean_stable7 conf=0.7676 rank=12
[ 337] best_single    score= 0.6180 origin=agent    iters=7 stop=laya_accept
         TEST  smape=0.1041  rmse=325.4037  pocid=50.00  mape=0.1039  | FLOOR smape=0.1966
         laya iter 1 -> best_ONLY_FT_rf conf=0.3803 rank=1
         laya iter 2 -> best_ONLY_FT_rf conf=0.9883 rank=1
         laya iter 3 -> best_ETS conf=0.4225 rank=3
         laya iter 4 -> best_ETS conf=0.9417 rank=3
         laya iter 5 -> best_THETA conf=0.2067 rank=1
         laya iter 6 -> best_THETA conf=0.9356 rank=1
[ 338] best_single    score= 0.5837 origin=agent    iters=7 stop=laya_accept
         TEST  smape=0.1644  rmse=766.3263  pocid=58.33  mape=0.1915  | FLOOR smape=0.1537
         laya iter 1 -> best_ETS conf=0.5869 rank=1
         laya iter 2 -> best_ETS conf=1.0 rank=1
         laya iter 3 -> best_NaiveMovingAverage conf=0.4378 rank=1
         laya iter 4 -> best_NaiveMovingAverage conf=0.9997 rank=1
         laya iter 5 -> best_ARIMA conf=0.1467 rank=3
         laya iter 6 -> best_ARIMA conf=0.8921 rank=3
[ 339] best_single    score= 0.6423 origin=agent    iters=12 stop=iteration_budget_exhausted
         TEST  smape=0.1337  rmse=1063.2590  pocid=41.67  mape=0.1226  | FLOOR smape=0.1517
         laya iter 1 -> best_NaiveMovingAverage conf=0.7334 rank=1
         laya iter 2 -> best_NaiveMovingAverage conf=1.0 rank=1
         laya iter 3 -> best_ETS conf=0.4001 rank=5
         laya iter 4 -> best_ETS conf=0.9918 rank=5
         laya iter 5 -> trimmed_mean_top5 conf=0.1638 rank=12
         laya iter 6 -> trimmed_mean_top5 conf=0.3904 rank=12
         laya iter 7 -> trimmed_mean_prune conf=0.2128 rank=2
         laya iter 8 -> trimmed_mean_prune conf=0.9529 rank=2
         laya iter 9 -> trimmed_mean_full conf=0.5492 rank=5
         laya iter 10 -> trimmed_mean_full conf=0.9368 rank=5
         laya iter 11 -> best_ARIMA conf=0.4553 rank=1
         laya iter 12 -> best_ARIMA conf=1.0 rank=1
[ 340] best_single    score= 0.5873 origin=agent    iters=5 stop=no new information in 3 consecutive turns
         TEST  smape=0.2361  rmse=1333.5292  pocid=41.67  mape=0.2059  | FLOOR smape=0.1062
         laya iter 1 -> best_ONLY_FT_rf conf=0.6697 rank=1
         laya iter 2 -> best_ONLY_FT_catboost conf=1.0 rank=1
         laya iter 3 -> best_ONLY_FT_catboost conf=0.9874 rank=1
         laya iter 4 -> best_ONLY_FT_rf conf=0.5103 rank=2
         laya iter 5 -> trimmed_mean_stable7 conf=0.1707 rank=9
[ 341] best_single    score= 0.5593 origin=agent    iters=7 stop=laya_accept
         TEST  smape=0.2499  rmse=400.9577  pocid=41.67  mape=0.2964  | FLOOR smape=0.0793
         laya iter 1 -> best_ETS conf=0.4854 rank=2
         laya iter 2 -> best_ETS conf=1.0 rank=2
         laya iter 3 -> best_ARIMA conf=0.3834 rank=1
         laya iter 4 -> best_ARIMA conf=0.9957 rank=1
         laya iter 5 -> best_THETA conf=0.2231 rank=1
         laya iter 6 -> best_THETA conf=0.8854 rank=1
[ 342] best_single    score= 0.5999 origin=agent    iters=6 stop=no new information in 3 consecutive turns
         TEST  smape=0.1225  rmse=562.2340  pocid=58.33  mape=0.1221  | FLOOR smape=0.1136
         laya iter 1 -> best_NaiveMovingAverage conf=0.5623 rank=1
         laya iter 2 -> best_NaiveMovingAverage conf=1.0 rank=1
         laya iter 3 -> best_ETS conf=0.4079 rank=3
         laya iter 4 -> best_ETS conf=0.9668 rank=3
         laya iter 5 -> trimmed_mean_stable7 conf=0.2019 rank=8
         laya iter 6 -> trimmed_mean_stable7 conf=0.7364 rank=8
[ 343] best_single    score= 0.6608 origin=agent    iters=12 stop=iteration_budget_exhausted
         TEST  smape=0.1151  rmse=509.6265  pocid=58.33  mape=0.1297  | FLOOR smape=0.1227
         laya iter 1 -> best_NaiveMovingAverage conf=0.8563 rank=1
         laya iter 2 -> best_NaiveMovingAverage conf=1.0 rank=1
         laya iter 3 -> best_FT_catboost conf=0.3493 rank=4
         laya iter 4 -> best_FT_catboost conf=0.9901 rank=4
         laya iter 5 -> trimmed_mean_top5 conf=0.1507 rank=8
         laya iter 6 -> trimmed_mean_top5 conf=0.8448 rank=8
         laya iter 7 -> median_top5 conf=0.2218 rank=8
         laya iter 8 -> median_top5 conf=0.9724 rank=8
         laya iter 9 -> best_THETA conf=0.7273 rank=5
         laya iter 10 -> best_THETA conf=0.9965 rank=5
         laya iter 11 -> trimmed_mean_full conf=0.5947 rank=5
         laya iter 12 -> trimmed_mean_full conf=0.9507 rank=5
[ 344] best_single    score= 0.6187 origin=agent    iters=8 stop=no new information in 3 consecutive turns
         TEST  smape=0.1112  rmse=483.3993  pocid=66.67  mape=0.1232  | FLOOR smape=0.1035
         laya iter 1 -> best_NaiveMovingAverage conf=0.8892 rank=1
         laya iter 2 -> best_NaiveMovingAverage conf=1.0 rank=1
         laya iter 3 -> best_ETS conf=0.7321 rank=10
         laya iter 4 -> best_ETS conf=0.9806 rank=10
         laya iter 5 -> best_ARIMA conf=0.1994 rank=10
         laya iter 6 -> best_ARIMA conf=0.7463 rank=10
         laya iter 7 -> trimmed_mean_stable7 conf=0.1005 rank=5
         laya iter 8 -> trimmed_mean_stable7 conf=0.7736 rank=5
[ 345] best_single    score= 0.5843 origin=agent    iters=7 stop=laya_accept
         TEST  smape=0.1637  rmse=1138.4638  pocid=75.00  mape=0.1908  | FLOOR smape=0.1028
         laya iter 1 -> best_ETS conf=0.5017 rank=4
         laya iter 2 -> best_ETS conf=1.0 rank=4
         laya iter 3 -> best_THETA conf=0.4563 rank=1
         laya iter 4 -> best_THETA conf=1.0 rank=1
         laya iter 5 -> best_NaiveMovingAverage conf=0.4007 rank=1
         laya iter 6 -> best_NaiveMovingAverage conf=1.0 rank=1
[ 346] best_single    score= 0.5586 origin=agent    iters=7 stop=laya_accept
         TEST  smape=0.1509  rmse=698.0919  pocid=0.00  mape=0.1731  | FLOOR smape=0.1025
         laya iter 1 -> best_ETS conf=0.5319 rank=1
         laya iter 2 -> best_ETS conf=1.0 rank=1
         laya iter 3 -> best_THETA conf=0.2805 rank=1
         laya iter 4 -> best_THETA conf=0.8329 rank=1
         laya iter 5 -> best_NaiveMovingAverage conf=0.6978 rank=2
         laya iter 6 -> best_NaiveMovingAverage conf=0.952 rank=2
[ 347] best_single    score= 0.4397 origin=agent    iters=7 stop=laya_accept
         TEST  smape=0.2132  rmse=1171.8379  pocid=50.00  mape=0.2596  | FLOOR smape=0.1515
         laya iter 1 -> best_ETS conf=0.4078 rank=1
         laya iter 2 -> best_ETS conf=1.0 rank=1
         laya iter 3 -> best_THETA conf=0.2256 rank=1
         laya iter 4 -> best_THETA conf=0.839 rank=1
         laya iter 5 -> best_ARIMA conf=0.2387 rank=2
         laya iter 6 -> best_ARIMA conf=0.5069 rank=2
[ 348] best_single    score= 0.3288 origin=agent    iters=7 stop=laya_accept
         TEST  smape=0.0476  rmse=263.2933  pocid=75.00  mape=0.0458  | FLOOR smape=0.0379
         laya iter 1 -> best_ONLY_CWT_rf conf=0.3853 rank=1
         laya iter 2 -> best_ONLY_CWT_rf conf=1.0 rank=1
         laya iter 3 -> best_CWT_rf conf=0.3972 rank=2
         laya iter 4 -> best_CWT_rf conf=0.7881 rank=2
         laya iter 5 -> best_FT_rf conf=0.5439 rank=3
         laya iter 6 -> best_FT_rf conf=0.8744 rank=3
[ 349] trimmed_mean   score= 0.5608 origin=baseline iters=8 stop=no new information in 3 consecutive turns
         TEST  smape=0.1541  rmse=921.2901  pocid=83.33  mape=0.1506  | FLOOR smape=0.1541
         laya iter 1 -> best_FT_catboost conf=0.4313 rank=7
         laya iter 2 -> best_FT_catboost conf=0.9999 rank=7
         laya iter 3 -> best_DWT_rf conf=0.406 rank=8
         laya iter 4 -> best_DWT_rf conf=0.5196 rank=8
         laya iter 5 -> best_CWT_catboost conf=0.45 rank=7
         laya iter 6 -> best_CWT_catboost conf=0.5221 rank=7
         laya iter 7 -> trimmed_mean_stable7 conf=0.1998 rank=5
         laya iter 8 -> trimmed_mean_stable7 conf=0.9896 rank=5
[ 350] best_single    score= 0.5933 origin=agent    iters=8 stop=no new information in 3 consecutive turns
         TEST  smape=0.1825  rmse=380.7823  pocid=50.00  mape=0.2166  | FLOOR smape=0.1338
         laya iter 1 -> best_NaiveMovingAverage conf=0.4053 rank=1
         laya iter 2 -> best_NaiveMovingAverage conf=1.0 rank=1
         laya iter 3 -> best_ETS conf=0.5811 rank=6
         laya iter 4 -> best_ETS conf=0.9858 rank=6
         laya iter 5 -> best_THETA conf=0.165 rank=2
         laya iter 6 -> best_THETA conf=0.5843 rank=2
         laya iter 7 -> trimmed_mean_stable7 conf=0.1334 rank=9
         laya iter 8 -> trimmed_mean_stable7 conf=0.9065 rank=9
[ 351] best_single    score= 0.3121 origin=agent    iters=7 stop=laya_accept
         TEST  smape=0.2322  rmse=344.2646  pocid=50.00  mape=0.1978  | FLOOR smape=0.1435
         laya iter 1 -> best_ONLY_CWT_rf conf=0.4899 rank=1
         laya iter 2 -> best_ONLY_CWT_rf conf=0.6462 rank=1
         laya iter 3 -> best_catboost conf=0.6357 rank=1
         laya iter 4 -> best_catboost conf=0.846 rank=1
         laya iter 5 -> best_rf conf=0.5572 rank=3
         laya iter 6 -> best_rf conf=0.9668 rank=3
[ 352] best_single    score= 0.6873 origin=agent    iters=8 stop=no new information in 3 consecutive turns
         TEST  smape=0.1491  rmse=320.5809  pocid=41.67  mape=0.1717  | FLOOR smape=0.1227
         laya iter 1 -> best_FT_catboost conf=0.5268 rank=1
         laya iter 2 -> best_FT_catboost conf=0.9997 rank=1
         laya iter 3 -> best_FT_rf conf=0.9256 rank=1
         laya iter 4 -> best_FT_rf conf=0.9642 rank=1
         laya iter 5 -> best_NaiveMovingAverage conf=0.9413 rank=1
         laya iter 6 -> best_NaiveMovingAverage conf=0.9965 rank=1
         laya iter 7 -> trimmed_mean_stable7 conf=0.1936 rank=9
         laya iter 8 -> trimmed_mean_stable7 conf=0.5297 rank=9
[ 353] best_single    score= 0.4615 origin=agent    iters=8 stop=no new information in 3 consecutive turns
         TEST  smape=0.1552  rmse=654.4407  pocid=58.33  mape=0.1752  | FLOOR smape=0.1655
         laya iter 1 -> best_NaiveMovingAverage conf=0.5363 rank=1
         laya iter 2 -> best_NaiveMovingAverage conf=1.0 rank=1
         laya iter 3 -> best_ONLY_FT_catboost conf=0.6586 rank=4
         laya iter 4 -> best_ONLY_FT_catboost conf=0.7845 rank=4
         laya iter 5 -> best_ONLY_FT_rf conf=0.8271 rank=2
         laya iter 6 -> best_ONLY_FT_rf conf=0.8911 rank=2
         laya iter 7 -> trimmed_mean_stable7 conf=0.1066 rank=7
         laya iter 8 -> trimmed_mean_stable7 conf=0.6146 rank=7
[ 354] best_single    score= 0.6567 origin=agent    iters=8 stop=no new information in 3 consecutive turns
         TEST  smape=0.6494  rmse=2756.8769  pocid=50.00  mape=0.9647  | FLOOR smape=0.3267
         laya iter 1 -> best_ARIMA conf=0.2212 rank=4
         laya iter 2 -> best_ARIMA conf=1.0 rank=4
         laya iter 3 -> best_ETS conf=0.4379 rank=5
         laya iter 4 -> best_ETS conf=0.9945 rank=5
         laya iter 5 -> best_THETA conf=0.2877 rank=1
         laya iter 6 -> best_THETA conf=0.9624 rank=1
         laya iter 7 -> trimmed_mean_stable7 conf=0.2086 rank=9
         laya iter 8 -> trimmed_mean_stable7 conf=0.6565 rank=9
[ 355] best_single    score= 0.6307 origin=agent    iters=6 stop=no new information in 3 consecutive turns
         TEST  smape=0.1322  rmse=618.9403  pocid=66.67  mape=0.1353  | FLOOR smape=0.1343
         laya iter 1 -> best_FT_catboost conf=0.5583 rank=1
         laya iter 2 -> best_FT_catboost conf=0.9594 rank=1
         laya iter 3 -> best_ETS conf=0.4983 rank=4
         laya iter 4 -> best_ETS conf=0.8376 rank=4
         laya iter 5 -> trimmed_mean_stable7 conf=0.1852 rank=8
         laya iter 6 -> trimmed_mean_stable7 conf=0.3079 rank=8
[ 356] best_single    score= 0.5997 origin=agent    iters=7 stop=laya_accept
         TEST  smape=0.1303  rmse=582.8782  pocid=58.33  mape=0.1495  | FLOOR smape=0.1377
         laya iter 1 -> best_NaiveMovingAverage conf=0.7938 rank=1
         laya iter 2 -> best_NaiveMovingAverage conf=1.0 rank=1
         laya iter 3 -> best_ETS conf=0.8812 rank=8
         laya iter 4 -> best_ETS conf=0.9999 rank=8
         laya iter 5 -> best_FT_rf conf=0.522 rank=4
         laya iter 6 -> best_FT_rf conf=0.9741 rank=4
[ 357] best_single    score= 0.5995 origin=agent    iters=6 stop=no new information in 3 consecutive turns
         TEST  smape=0.1478  rmse=969.5319  pocid=58.33  mape=0.1407  | FLOOR smape=0.0982
         laya iter 1 -> best_FT_catboost conf=0.5207 rank=1
         laya iter 2 -> best_FT_catboost conf=0.9999 rank=1
         laya iter 3 -> best_NaiveMovingAverage conf=0.7731 rank=2
         laya iter 4 -> best_NaiveMovingAverage conf=0.9553 rank=2
         laya iter 5 -> trimmed_mean_stable7 conf=0.166 rank=9
         laya iter 6 -> trimmed_mean_stable7 conf=0.8907 rank=9
[ 358] best_single    score= 0.4778 origin=agent    iters=7 stop=laya_accept
         TEST  smape=0.2025  rmse=982.4298  pocid=58.33  mape=0.2400  | FLOOR smape=0.1380
         laya iter 1 -> best_ONLY_FT_catboost conf=0.6616 rank=1
         laya iter 2 -> best_ONLY_FT_catboost conf=0.9585 rank=1
         laya iter 3 -> best_ETS conf=0.6035 rank=1
         laya iter 4 -> best_ETS conf=1.0 rank=1
         laya iter 5 -> best_THETA conf=0.2978 rank=1
         laya iter 6 -> best_THETA conf=0.6963 rank=1
--------------------------------------------------------------------------
done in 268.2s | ok: 359 | failed: 0
DATASET SUMMARY over 359 series (mean across series):
  this run   smape=0.1012  rmse=479.6133  pocid=58.91  mape=0.1038  mae=399.0645
  baseline   smape=0.0910  rmse=419.6139  pocid=59.61  mape=0.0897  <- this run is WORSE than the seed floor
  mean       smape=0.1560  rmse=565670643599352549196716204211537639244317944908035229208154108667468348208885108199311009429349561812871400925394649666000525459456.0000  pocid=53.20  mape=39777294267569865632092305676114673475780582879823695972881129375030108721987150752620451168492782782066944539201619654537641984.0000  <- this run is better
  median     smape=0.0897  rmse=98091549866.9433  pocid=58.45  mape=11214489.3177  <- this run is better
  dba        smape=0.1594  rmse=565670643599352549196716204211537639244317944908035229208154108667468348208885108199311009429349561812871400925394649666000525459456.0000  pocid=51.74  mape=39777294267569846392831467592872870605155533981574767711289688718073727887859511960764117429620413927444749771176404416926318592.0000  <- this run is better
  ADE        smape=0.1069  rmse=335850489305280897150278938350792956054116807272513112971539555160952541873624259473465507936843830466561185255755901421801810427904.0000  pocid=57.29  mape=23616611351791077356813904533184018234363216971665633450013792487243617037607409536889105068880425355870002736047763781094211584.0000  <- this run is better
  FFORMA     smape=0.0996  rmse=331703934033556502999311883249781817930691741283770894983858217784985857106662638100444095177311322092507477833421706256574660476928.0000  pocid=59.45  mape=23325030462617560519266366214871385284458556859797996695315252011496452105542748146985504910684292478496494399058427224917016576.0000  <- this run is better
csv: ./timeseries/mestrado/resultados/orchestrator_laya_laya_v2b_raw/M4_WEEKLY_DATASET.csv
