nohup: ignoring input
WARNING: 5 model(s) do not share the pool's windows on ETTM1 and are being DROPPED for every series: ['ONLY_CWT_catboost', 'ONLY_DWT_catboost', 'ONLY_DWT_rf', 'ONLY_FT_catboost', 'ONLY_FT_rf']
/home/lucas.castro/.conda/envs/agno/lib/python3.11/site-packages/tslearn/bases/bases.py:15: UserWarning: h5py not installed, hdf5 features will not be supported.
Install h5py to use hdf5 features: http://docs.h5py.org/
  warn(h5py_msg)
dataset      : ETTM1
source       : ETTM1.tsf
models       : 14
agent        : laya-multilingual (max_len=8192)
writing to   : ./timeseries/mestrado/resultados/orchestrator_laya_laya_v5_reasoning
--------------------------------------------------------------------------
Fetching 5 files:   0%|          | 0/5 [00:00<?, ?it/s]Fetching 5 files: 100%|██████████| 5/5 [00:00<00:00, 3448.70it/s]
[   0] trimmed_mean   score=-0.0913 origin=baseline iters=1 stop=laya_accept
         TEST  smape=1.1753  rmse=5.4608  pocid=78.26  mape=367565306684846.8125  | FLOOR smape=1.1753
[   1] trimmed_mean   score=-0.0537 origin=baseline iters=1 stop=laya_accept
         TEST  smape=0.2740  rmse=1.4455  pocid=43.48  mape=0.3359  | FLOOR smape=0.2740
[   2] mean           score=-0.0829 origin=baseline iters=1 stop=laya_accept
         TEST  smape=0.8916  rmse=5.6497  pocid=73.91  mape=0.8287  | FLOOR smape=0.8916
[   3] trimmed_mean   score=-0.0526 origin=baseline iters=1 stop=laya_accept
         TEST  smape=0.3921  rmse=1.1923  pocid=47.83  mape=0.5529  | FLOOR smape=0.3921
[   4] mean           score=-0.0911 origin=baseline iters=1 stop=laya_accept
         TEST  smape=0.2512  rmse=1.0856  pocid=43.48  mape=0.2966  | FLOOR smape=0.2512
[   5] mean           score=-0.0759 origin=baseline iters=1 stop=laya_accept
         TEST  smape=0.1809  rmse=0.3329  pocid=47.83  mape=0.2019  | FLOOR smape=0.1809
[   6] trimmed_mean   score=-0.0942 origin=baseline iters=1 stop=laya_accept
         TEST  smape=0.0576  rmse=0.6518  pocid=52.17  mape=0.0580  | FLOOR smape=0.0576
--------------------------------------------------------------------------
done in 49.6s | ok: 7 | failed: 0
DATASET SUMMARY over 7 series (mean across series):
  this run   smape=0.4604  rmse=2.2598  pocid=55.28  mape=52509329526407.0078  mae=1.9299
  baseline   smape=0.4604  rmse=2.2598  pocid=55.28  mape=52509329526407.0078  (== seed floor: no agent contribution this run)
  mean       smape=2.0000  rmse=136084107294.9405  pocid=44.72  mape=52599961740521154543616.0000  <- this run is better
  median     smape=0.5443  rmse=2.5657  pocid=58.39  mape=9059687099970.2324  <- this run is better
  dba        smape=2.0000  rmse=195921298116.2774  pocid=47.20  mape=69231906943291170816.0000  <- this run is better
  ADE        smape=0.4572  rmse=2.4809  pocid=50.93  mape=21115097813161.2109  <- this run is better
  FFORMA     smape=0.4396  rmse=2.2985  pocid=51.55  mape=59253483494535.9609  <- this run is better
csv: ./timeseries/mestrado/resultados/orchestrator_laya_laya_v5_reasoning/ETTM1.csv
WARNING: 5 model(s) do not share the pool's windows on ETTM2 and are being DROPPED for every series: ['ONLY_CWT_catboost', 'ONLY_DWT_catboost', 'ONLY_DWT_rf', 'ONLY_FT_catboost', 'ONLY_FT_rf']
dataset      : ETTM2
source       : ETTM2.tsf
models       : 14
agent        : laya-multilingual (max_len=8192)
writing to   : ./timeseries/mestrado/resultados/orchestrator_laya_laya_v5_reasoning
--------------------------------------------------------------------------
Fetching 5 files:   0%|          | 0/5 [00:00<?, ?it/s]Fetching 5 files: 100%|██████████| 5/5 [00:00<00:00, 2557.81it/s]
[   0] trimmed_mean   score=-0.0811 origin=baseline iters=1 stop=laya_accept
         TEST  smape=0.1983  rmse=7.9895  pocid=65.22  mape=0.1787  | FLOOR smape=0.1983
[   1] mean           score=-0.0775 origin=baseline iters=1 stop=laya_accept
         TEST  smape=0.2653  rmse=2.9583  pocid=47.83  mape=0.2323  | FLOOR smape=0.2653
[   2] mean           score=-0.1042 origin=baseline iters=1 stop=laya_accept
         TEST  smape=0.1569  rmse=8.0382  pocid=52.17  mape=0.1446  | FLOOR smape=0.1569
[   3] trimmed_mean   score=-0.0772 origin=baseline iters=1 stop=laya_accept
         TEST  smape=0.2551  rmse=2.9702  pocid=39.13  mape=0.2248  | FLOOR smape=0.2551
[   4] trimmed_mean   score=-0.0512 origin=baseline iters=1 stop=laya_accept
         TEST  smape=0.0741  rmse=0.9424  pocid=21.74  mape=0.0705  | FLOOR smape=0.0741
[   5] mean           score= 0.0447 origin=baseline iters=1 stop=laya_accept
         TEST  smape=0.4531  rmse=0.7836  pocid=30.43  mape=0.3633  | FLOOR smape=0.4531
[   6] mean           score= 0.2793 origin=baseline iters=1 stop=laya_accept
         TEST  smape=0.0183  rmse=1.0657  pocid=60.87  mape=0.0180  | FLOOR smape=0.0183
--------------------------------------------------------------------------
done in 45.7s | ok: 7 | failed: 0
DATASET SUMMARY over 7 series (mean across series):
  this run   smape=0.2030  rmse=3.5354  pocid=45.34  mape=0.1760  mae=3.3063
  baseline   smape=0.2030  rmse=3.5354  pocid=45.34  mape=0.1760  (== seed floor: no agent contribution this run)
  mean       smape=1.7405  rmse=63484511305.5706  pocid=43.48  mape=3253528624.5137  <- this run is better
  median     smape=0.1997  rmse=3.6501  pocid=39.13  mape=0.1739  <- this run is better
  dba        smape=1.7438  rmse=106383343565.7140  pocid=37.27  mape=2228290941.4547  <- this run is better
  ADE        smape=0.1872  rmse=4.0934  pocid=31.06  mape=0.1752  <- this run is better
  FFORMA     smape=0.1654  rmse=3.9513  pocid=31.06  mape=0.1525  <- this run is better
csv: ./timeseries/mestrado/resultados/orchestrator_laya_laya_v5_reasoning/ETTM2.csv
dataset      : ETTH1
source       : ETTH1.tsf
models       : 19
agent        : laya-multilingual (max_len=8192)
writing to   : ./timeseries/mestrado/resultados/orchestrator_laya_laya_v5_reasoning
--------------------------------------------------------------------------
Fetching 5 files:   0%|          | 0/5 [00:00<?, ?it/s]Fetching 5 files: 100%|██████████| 5/5 [00:00<00:00, 1000.65it/s]
[   0] mean           score=-0.0442 origin=baseline iters=1 stop=laya_accept
         TEST  smape=0.3882  rmse=3.2588  pocid=60.87  mape=0.4975  | FLOOR smape=0.3882
[   1] trimmed_mean   score=-0.1072 origin=baseline iters=1 stop=laya_accept
         TEST  smape=0.1711  rmse=0.9478  pocid=65.22  mape=0.1587  | FLOOR smape=0.1711
[   2] trimmed_mean   score=-0.0572 origin=baseline iters=1 stop=laya_accept
         TEST  smape=0.3894  rmse=2.5624  pocid=82.61  mape=0.4100  | FLOOR smape=0.3894
[   3] trimmed_mean   score=-0.0948 origin=baseline iters=1 stop=laya_accept
         TEST  smape=0.1965  rmse=0.6604  pocid=52.17  mape=0.1793  | FLOOR smape=0.1965
[   4] median         score=-0.0801 origin=baseline iters=1 stop=laya_accept
         TEST  smape=0.1984  rmse=1.0281  pocid=43.48  mape=0.1887  | FLOOR smape=0.1984
[   5] trimmed_mean   score=-0.1036 origin=baseline iters=1 stop=laya_accept
         TEST  smape=0.1557  rmse=0.2920  pocid=69.57  mape=0.1499  | FLOOR smape=0.1557
[   6] mean           score=-0.0883 origin=baseline iters=1 stop=laya_accept
         TEST  smape=0.0844  rmse=0.9642  pocid=56.52  mape=0.0893  | FLOOR smape=0.0844
--------------------------------------------------------------------------
done in 14.9s | ok: 7 | failed: 0
DATASET SUMMARY over 7 series (mean across series):
  this run   smape=0.2262  rmse=1.3877  pocid=61.49  mape=0.2391  mae=1.1471
  baseline   smape=0.2262  rmse=1.3877  pocid=61.49  mape=0.2391  (== seed floor: no agent contribution this run)
  mean       smape=2.0000  rmse=1245113253499.4958  pocid=52.17  mape=273162683680.0966  <- this run is better
  median     smape=0.2602  rmse=1.5957  pocid=62.11  mape=0.2353  <- this run is better
  dba        smape=2.0000  rmse=2059519043323.2112  pocid=54.66  mape=272603577994.6630  <- this run is better
  ADE        smape=0.3951  rmse=2.5172  pocid=62.73  mape=0.3505  <- this run is better
  FFORMA     smape=0.3001  rmse=1.9946  pocid=65.22  mape=0.2754  <- this run is better
csv: ./timeseries/mestrado/resultados/orchestrator_laya_laya_v5_reasoning/ETTH1.csv
dataset      : ETTH2
source       : ETTH2.tsf
models       : 19
agent        : laya-multilingual (max_len=8192)
writing to   : ./timeseries/mestrado/resultados/orchestrator_laya_laya_v5_reasoning
--------------------------------------------------------------------------
Fetching 5 files:   0%|          | 0/5 [00:00<?, ?it/s]Fetching 5 files: 100%|██████████| 5/5 [00:00<00:00, 2440.25it/s]
[   0] trimmed_mean   score=-0.1136 origin=baseline iters=1 stop=laya_accept
         TEST  smape=0.1310  rmse=5.4826  pocid=56.52  mape=0.1236  | FLOOR smape=0.1310
[   1] median         score=-0.1019 origin=baseline iters=1 stop=laya_accept
         TEST  smape=0.1395  rmse=1.7078  pocid=60.87  mape=0.1370  | FLOOR smape=0.1395
[   2] median         score=-0.1181 origin=baseline iters=1 stop=laya_accept
         TEST  smape=0.1064  rmse=5.6368  pocid=69.57  mape=0.1011  | FLOOR smape=0.1064
[   3] trimmed_mean   score=-0.1040 origin=baseline iters=1 stop=laya_accept
         TEST  smape=0.1149  rmse=1.5327  pocid=47.83  mape=0.1133  | FLOOR smape=0.1149
[   4] median         score=-0.0752 origin=baseline iters=1 stop=laya_accept
         TEST  smape=0.0793  rmse=1.0306  pocid=34.78  mape=0.0811  | FLOOR smape=0.0793
[   5] median         score=-0.0041 origin=baseline iters=1 stop=laya_accept
         TEST  smape=0.6525  rmse=0.7116  pocid=43.48  mape=1271662993922632.2500  | FLOOR smape=0.6525
[   6] median         score= 0.4724 origin=baseline iters=1 stop=laya_accept
         TEST  smape=0.0359  rmse=1.7847  pocid=73.91  mape=0.0355  | FLOOR smape=0.0359
--------------------------------------------------------------------------
done in 14.3s | ok: 7 | failed: 0
DATASET SUMMARY over 7 series (mean across series):
  this run   smape=0.1799  rmse=2.5553  pocid=55.28  mape=181666141988947.5312  mae=2.2102
  baseline   smape=0.1799  rmse=2.5553  pocid=55.28  mape=181666141988947.5312  (== seed floor: no agent contribution this run)
  mean       smape=1.7197  rmse=99996379087.4691  pocid=49.69  mape=20879052073827343269888.0000  <- this run is better
  median     smape=0.1815  rmse=2.5568  pocid=56.52  mape=181666141988947.5312  <- this run is better
  dba        smape=1.7257  rmse=151967111938.0612  pocid=52.80  mape=20879052073826667986944.0000  <- this run is better
  ADE        smape=0.2261  rmse=2.6531  pocid=56.52  mape=299065117726769.6250  <- this run is better
  FFORMA     smape=0.2035  rmse=2.5436  pocid=56.52  mape=269479043127657.0625
csv: ./timeseries/mestrado/resultados/orchestrator_laya_laya_v5_reasoning/ETTH2.csv
dataset      : ANP_MONTHLY
source       : mes_11_venda_mensal.tsf
models       : 19
agent        : laya-multilingual (max_len=8192)
writing to   : ./timeseries/mestrado/resultados/orchestrator_laya_laya_v5_reasoning
--------------------------------------------------------------------------
Fetching 5 files:   0%|          | 0/5 [00:00<?, ?it/s]Fetching 5 files: 100%|██████████| 5/5 [00:00<00:00, 3698.03it/s]
[   0] dba            score= 0.6884 origin=baseline iters=1 stop=laya_accept
         TEST  smape=0.3622  rmse=2166.3689  pocid=45.45  mape=0.2979  | FLOOR smape=0.3622
[   1] trimmed_mean   score= 0.6131 origin=baseline iters=1 stop=laya_accept
         TEST  smape=0.1132  rmse=2240.3312  pocid=63.64  mape=0.1057  | FLOOR smape=0.1132
[   2] dba            score= 0.6226 origin=baseline iters=1 stop=laya_accept
         TEST  smape=0.0471  rmse=5138.8514  pocid=90.91  mape=0.0489  | FLOOR smape=0.0471
[   3] mean           score= 0.6424 origin=baseline iters=1 stop=laya_accept
         TEST  smape=0.3041  rmse=2999.0637  pocid=81.82  mape=0.2530  | FLOOR smape=0.3041
[   4] mean           score= 0.6606 origin=baseline iters=1 stop=laya_accept
         TEST  smape=0.0520  rmse=3230.0159  pocid=72.73  mape=0.0515  | FLOOR smape=0.0520
[   5] median         score= 0.6488 origin=baseline iters=1 stop=laya_accept
         TEST  smape=0.2077  rmse=27.2066  pocid=72.73  mape=0.2589  | FLOOR smape=0.2077
[   6] mean           score= 0.6148 origin=baseline iters=1 stop=laya_accept
         TEST  smape=0.4842  rmse=4789.1974  pocid=72.73  mape=0.3706  | FLOOR smape=0.4842
[   7] mean           score= 0.6485 origin=baseline iters=1 stop=laya_accept
         TEST  smape=0.1649  rmse=107.1624  pocid=54.55  mape=0.1645  | FLOOR smape=0.1649
[   8] median         score= 0.6811 origin=baseline iters=1 stop=laya_accept
         TEST  smape=0.5178  rmse=777.3991  pocid=54.55  mape=0.4008  | FLOOR smape=0.5178
[   9] mean           score= 0.6667 origin=baseline iters=1 stop=laya_accept
         TEST  smape=0.0486  rmse=12303.7366  pocid=72.73  mape=0.0502  | FLOOR smape=0.0486
[  10] trimmed_mean   score= 0.5394 origin=baseline iters=1 stop=laya_accept
         TEST  smape=0.2671  rmse=1574.1270  pocid=72.73  mape=0.2314  | FLOOR smape=0.2671
[  11] dba            score= 0.6795 origin=baseline iters=1 stop=laya_accept
         TEST  smape=0.7316  rmse=12254.5787  pocid=36.36  mape=0.5311  | FLOOR smape=0.7316
[  12] median         score= 0.6904 origin=baseline iters=1 stop=laya_accept
         TEST  smape=1.1713  rmse=2460.0309  pocid=0.00  mape=27.4675  | FLOOR smape=1.1713
[  13] dba            score= 0.6472 origin=baseline iters=1 stop=laya_accept
         TEST  smape=0.2182  rmse=323.4298  pocid=54.55  mape=0.2484  | FLOOR smape=0.2182
[  14] mean           score= 0.6788 origin=baseline iters=1 stop=laya_accept
         TEST  smape=0.0466  rmse=2068.6530  pocid=63.64  mape=0.0460  | FLOOR smape=0.0466
[  15] mean           score= 0.6909 origin=baseline iters=1 stop=laya_accept
         TEST  smape=0.0504  rmse=2642.4148  pocid=63.64  mape=0.0502  | FLOOR smape=0.0504
[  16] median         score= 0.6631 origin=baseline iters=1 stop=laya_accept
         TEST  smape=0.1978  rmse=21616.9319  pocid=36.36  mape=0.1785  | FLOOR smape=0.1978
[  17] trimmed_mean   score= 0.6006 origin=baseline iters=1 stop=laya_accept
         TEST  smape=0.1498  rmse=128987.7786  pocid=72.73  mape=0.1635  | FLOOR smape=0.1498
[  18] median         score= 0.6605 origin=baseline iters=1 stop=laya_accept
         TEST  smape=1.4312  rmse=4817.0742  pocid=54.55  mape=230028294017373600.0000  | FLOOR smape=1.4312
[  19] mean           score= 0.7091 origin=baseline iters=1 stop=laya_accept
         TEST  smape=0.2139  rmse=602.1595  pocid=54.55  mape=0.2556  | FLOOR smape=0.2139
[  20] dba            score= 0.6446 origin=baseline iters=1 stop=laya_accept
         TEST  smape=0.1073  rmse=93020.5823  pocid=36.36  mape=0.1012  | FLOOR smape=0.1073
[  21] dba            score= 0.6503 origin=baseline iters=1 stop=laya_accept
         TEST  smape=0.0311  rmse=3044.7534  pocid=72.73  mape=0.0319  | FLOOR smape=0.0311
[  22] mean           score= 0.6909 origin=baseline iters=1 stop=laya_accept
         TEST  smape=0.2940  rmse=1636.6314  pocid=54.55  mape=0.3160  | FLOOR smape=0.2940
[  23] trimmed_mean   score= 0.4814 origin=baseline iters=1 stop=laya_accept
         TEST  smape=0.2674  rmse=6971.4135  pocid=90.91  mape=0.2281  | FLOOR smape=0.2674
[  24] dba            score= 0.6427 origin=baseline iters=1 stop=laya_accept
         TEST  smape=0.0455  rmse=6840.2111  pocid=81.82  mape=0.0458  | FLOOR smape=0.0455
[  25] mean           score= 0.6276 origin=baseline iters=1 stop=laya_accept
         TEST  smape=0.1671  rmse=51.3148  pocid=54.55  mape=0.1906  | FLOOR smape=0.1671
[  26] mean           score= 0.6727 origin=baseline iters=1 stop=laya_accept
         TEST  smape=0.4658  rmse=2003.0215  pocid=36.36  mape=0.3751  | FLOOR smape=0.4658
[  27] mean           score= 0.6727 origin=baseline iters=1 stop=laya_accept
         TEST  smape=0.3728  rmse=4401.5358  pocid=63.64  mape=0.3040  | FLOOR smape=0.3728
[  28] dba            score= 0.6235 origin=baseline iters=1 stop=laya_accept
         TEST  smape=0.0403  rmse=7021.0025  pocid=81.82  mape=0.0402  | FLOOR smape=0.0403
[  29] dba            score= 0.6650 origin=baseline iters=1 stop=laya_accept
         TEST  smape=0.3579  rmse=2833.2894  pocid=54.55  mape=0.2950  | FLOOR smape=0.3579
[  30] mean           score= 0.6303 origin=baseline iters=1 stop=laya_accept
         TEST  smape=0.1473  rmse=236.1429  pocid=63.64  mape=0.1531  | FLOOR smape=0.1473
[  31] mean           score= 0.6660 origin=baseline iters=1 stop=laya_accept
         TEST  smape=0.4562  rmse=19.0531  pocid=63.64  mape=0.8270  | FLOOR smape=0.4562
[  32] trimmed_mean   score= 0.6181 origin=baseline iters=1 stop=laya_accept
         TEST  smape=1.2541  rmse=333.9222  pocid=27.27  mape=0.7390  | FLOOR smape=1.2541
[  33] trimmed_mean   score= 0.5935 origin=baseline iters=1 stop=laya_accept
         TEST  smape=0.0600  rmse=62.4945  pocid=54.55  mape=0.0579  | FLOOR smape=0.0600
[  34] dba            score= 0.6433 origin=baseline iters=1 stop=laya_accept
         TEST  smape=0.0492  rmse=521.4939  pocid=45.45  mape=0.0492  | FLOOR smape=0.0492
[  35] median         score= 0.6826 origin=baseline iters=1 stop=laya_accept
         TEST  smape=0.2042  rmse=95.8023  pocid=45.45  mape=0.2225  | FLOOR smape=0.2042
[  36] mean           score= 0.5962 origin=baseline iters=1 stop=laya_accept
         TEST  smape=0.1109  rmse=38618.7375  pocid=72.73  mape=0.1194  | FLOOR smape=0.1109
[  37] median         score= 0.6394 origin=baseline iters=1 stop=laya_accept
         TEST  smape=0.2102  rmse=62.1482  pocid=54.55  mape=0.2148  | FLOOR smape=0.2102
[  38] trimmed_mean   score= 0.5992 origin=baseline iters=1 stop=laya_accept
         TEST  smape=0.7530  rmse=5214.5959  pocid=54.55  mape=0.5439  | FLOOR smape=0.7530
[  39] median         score= 0.6038 origin=baseline iters=1 stop=laya_accept
         TEST  smape=0.0388  rmse=4844.3248  pocid=81.82  mape=0.0398  | FLOOR smape=0.0388
[  40] mean           score= 0.6667 origin=baseline iters=1 stop=laya_accept
         TEST  smape=0.0417  rmse=6931.2255  pocid=72.73  mape=0.0426  | FLOOR smape=0.0417
[  41] trimmed_mean   score= 0.5795 origin=baseline iters=1 stop=laya_accept
         TEST  smape=0.1736  rmse=12022.0170  pocid=63.64  mape=0.1584  | FLOOR smape=0.1736
[  42] mean           score= 0.6848 origin=baseline iters=1 stop=laya_accept
         TEST  smape=0.2940  rmse=6.2915  pocid=63.64  mape=0.3538  | FLOOR smape=0.2940
[  43] mean           score= 0.5505 origin=baseline iters=1 stop=laya_accept
         TEST  smape=0.0858  rmse=1480.1597  pocid=81.82  mape=0.0838  | FLOOR smape=0.0858
[  44] mean           score= 0.6848 origin=baseline iters=1 stop=laya_accept
         TEST  smape=0.5948  rmse=4998.1034  pocid=72.73  mape=1.2563  | FLOOR smape=0.5948
[  45] dba            score= 0.6774 origin=baseline iters=1 stop=laya_accept
         TEST  smape=0.2695  rmse=4879.6834  pocid=63.64  mape=0.2300  | FLOOR smape=0.2695
[  46] mean           score= 0.6667 origin=baseline iters=1 stop=laya_accept
         TEST  smape=0.1677  rmse=14255.5423  pocid=54.55  mape=0.1675  | FLOOR smape=0.1677
[  47] mean           score= 0.5673 origin=baseline iters=1 stop=laya_accept
         TEST  smape=0.1329  rmse=402.7202  pocid=90.91  mape=0.1485  | FLOOR smape=0.1329
[  48] mean           score= 0.7091 origin=baseline iters=1 stop=laya_accept
         TEST  smape=0.3216  rmse=377.0562  pocid=36.36  mape=0.2640  | FLOOR smape=0.3216
[  49] dba            score= 0.6288 origin=baseline iters=1 stop=laya_accept
         TEST  smape=0.2523  rmse=2299.8628  pocid=27.27  mape=0.2116  | FLOOR smape=0.2523
[  50] trimmed_mean   score= 0.6647 origin=baseline iters=1 stop=laya_accept
         TEST  smape=0.1063  rmse=84.8195  pocid=45.45  mape=0.1037  | FLOOR smape=0.1063
[  51] dba            score= 0.6584 origin=baseline iters=1 stop=laya_accept
         TEST  smape=0.1676  rmse=7.7880  pocid=72.73  mape=0.1846  | FLOOR smape=0.1676
[  52] trimmed_mean   score= 0.5589 origin=baseline iters=1 stop=laya_accept
         TEST  smape=0.1344  rmse=3056.9489  pocid=63.64  mape=0.1421  | FLOOR smape=0.1344
[  53] mean           score= 0.6485 origin=baseline iters=1 stop=laya_accept
         TEST  smape=0.0757  rmse=1762.7107  pocid=63.64  mape=0.0728  | FLOOR smape=0.0757
[  54] trimmed_mean   score= 0.5779 origin=baseline iters=1 stop=laya_accept
         TEST  smape=0.2612  rmse=1631.1812  pocid=45.45  mape=0.2217  | FLOOR smape=0.2612
[  55] dba            score= 0.4742 origin=baseline iters=1 stop=laya_accept
         TEST  smape=0.1207  rmse=698.3422  pocid=54.55  mape=0.1114  | FLOOR smape=0.1207
[  56] mean           score= 0.5905 origin=baseline iters=1 stop=laya_accept
         TEST  smape=0.1550  rmse=323.4942  pocid=45.45  mape=0.1613  | FLOOR smape=0.1550
[  57] median         score= 0.6718 origin=baseline iters=1 stop=laya_accept
         TEST  smape=0.3214  rmse=5702.7860  pocid=63.64  mape=0.3040  | FLOOR smape=0.3214
[  58] trimmed_mean   score= 0.7146 origin=baseline iters=1 stop=laya_accept
         TEST  smape=0.1508  rmse=74.5352  pocid=54.55  mape=0.1465  | FLOOR smape=0.1508
[  59] median         score= 0.6748 origin=baseline iters=1 stop=laya_accept
         TEST  smape=0.2581  rmse=2066.5892  pocid=54.55  mape=0.2248  | FLOOR smape=0.2581
[  60] mean           score= 0.6545 origin=baseline iters=1 stop=laya_accept
         TEST  smape=0.0323  rmse=4838.1117  pocid=81.82  mape=0.0323  | FLOOR smape=0.0323
[  61] median         score= 0.6554 origin=baseline iters=1 stop=laya_accept
         TEST  smape=0.3027  rmse=7055.1303  pocid=45.45  mape=0.2609  | FLOOR smape=0.3027
[  62] dba            score= 0.6710 origin=baseline iters=1 stop=laya_accept
         TEST  smape=0.1001  rmse=14267.5998  pocid=36.36  mape=0.1067  | FLOOR smape=0.1001
[  63] trimmed_mean   score= 0.5225 origin=baseline iters=1 stop=laya_accept
         TEST  smape=0.2984  rmse=4232.1421  pocid=36.36  mape=0.2577  | FLOOR smape=0.2984
[  64] mean           score= 0.6485 origin=baseline iters=1 stop=laya_accept
         TEST  smape=0.4520  rmse=27.9583  pocid=63.64  mape=0.6251  | FLOOR smape=0.4520
[  65] trimmed_mean   score= 0.5831 origin=baseline iters=1 stop=laya_accept
         TEST  smape=0.1016  rmse=9227.9017  pocid=72.73  mape=0.1087  | FLOOR smape=0.1016
[  66] mean           score= 0.6848 origin=baseline iters=1 stop=laya_accept
         TEST  smape=0.4457  rmse=25360.2696  pocid=45.45  mape=0.7596  | FLOOR smape=0.4457
[  67] dba            score= 0.6648 origin=baseline iters=1 stop=laya_accept
         TEST  smape=0.0473  rmse=932.8979  pocid=54.55  mape=0.0487  | FLOOR smape=0.0473
[  68] mean           score= 0.6545 origin=baseline iters=1 stop=laya_accept
         TEST  smape=0.1450  rmse=9765.7560  pocid=72.73  mape=0.1580  | FLOOR smape=0.1450
[  69] median         score= 0.6004 origin=baseline iters=1 stop=laya_accept
         TEST  smape=0.9523  rmse=1637.3550  pocid=63.64  mape=1.4443  | FLOOR smape=0.9523
[  70] median         score= 0.7094 origin=baseline iters=1 stop=laya_accept
         TEST  smape=0.1397  rmse=6036.4564  pocid=63.64  mape=0.1294  | FLOOR smape=0.1397
[  71] trimmed_mean   score= 0.6224 origin=baseline iters=1 stop=laya_accept
         TEST  smape=0.2199  rmse=6568.6229  pocid=45.45  mape=0.1854  | FLOOR smape=0.2199
[  72] dba            score= 0.6517 origin=baseline iters=1 stop=laya_accept
         TEST  smape=0.0342  rmse=11665.6296  pocid=36.36  mape=0.0342  | FLOOR smape=0.0342
[  73] mean           score= 0.6353 origin=baseline iters=1 stop=laya_accept
         TEST  smape=0.0870  rmse=38650.9362  pocid=81.82  mape=0.0926  | FLOOR smape=0.0870
[  74] median         score= 0.6686 origin=baseline iters=1 stop=laya_accept
         TEST  smape=0.1027  rmse=5827.0449  pocid=63.64  mape=0.1091  | FLOOR smape=0.1027
[  75] median         score= 0.6521 origin=baseline iters=1 stop=laya_accept
         TEST  smape=0.0775  rmse=1180.3603  pocid=63.64  mape=0.0763  | FLOOR smape=0.0775
[  76] trimmed_mean   score= 0.5776 origin=baseline iters=1 stop=laya_accept
         TEST  smape=0.0412  rmse=10589.9400  pocid=45.45  mape=0.0413  | FLOOR smape=0.0412
[  77] median         score= 0.5925 origin=baseline iters=1 stop=laya_accept
         TEST  smape=1.1166  rmse=879.5491  pocid=81.82  mape=6.3226  | FLOOR smape=1.1166
[  78] median         score= 0.6721 origin=baseline iters=1 stop=laya_accept
         TEST  smape=0.3944  rmse=25.4188  pocid=63.64  mape=0.6090  | FLOOR smape=0.3944
[  79] trimmed_mean   score= 0.6026 origin=baseline iters=1 stop=laya_accept
         TEST  smape=0.0659  rmse=20178.0461  pocid=81.82  mape=0.0689  | FLOOR smape=0.0659
[  80] median         score= 0.5649 origin=baseline iters=1 stop=laya_accept
         TEST  smape=0.2088  rmse=17486.2394  pocid=54.55  mape=0.1888  | FLOOR smape=0.2088
[  81] trimmed_mean   score= 0.6633 origin=baseline iters=1 stop=laya_accept
         TEST  smape=0.2884  rmse=1310.7573  pocid=63.64  mape=0.3383  | FLOOR smape=0.2884
[  82] mean           score= 0.6492 origin=baseline iters=1 stop=laya_accept
         TEST  smape=0.4143  rmse=18.0963  pocid=36.36  mape=0.4692  | FLOOR smape=0.4143
[  83] dba            score= 0.6201 origin=baseline iters=1 stop=laya_accept
         TEST  smape=0.0401  rmse=3073.0864  pocid=72.73  mape=0.0412  | FLOOR smape=0.0401
[  84] mean           score= 0.6698 origin=baseline iters=1 stop=laya_accept
         TEST  smape=0.0389  rmse=1760.3868  pocid=72.73  mape=0.0400  | FLOOR smape=0.0389
[  85] mean           score= 0.7212 origin=baseline iters=1 stop=laya_accept
         TEST  smape=1.3540  rmse=47.9614  pocid=72.73  mape=66790478378456616.0000  | FLOOR smape=1.3540
[  86] median         score= 0.7106 origin=baseline iters=1 stop=laya_accept
         TEST  smape=0.6998  rmse=2408.6065  pocid=54.55  mape=0.5351  | FLOOR smape=0.6998
[  87] mean           score= 0.6545 origin=baseline iters=1 stop=laya_accept
         TEST  smape=0.0439  rmse=7446.9473  pocid=90.91  mape=0.0442  | FLOOR smape=0.0439
[  88] mean           score= 0.6386 origin=baseline iters=1 stop=laya_accept
         TEST  smape=0.2286  rmse=4342.9642  pocid=72.73  mape=0.2007  | FLOOR smape=0.2286
[  89] trimmed_mean   score= 0.6422 origin=baseline iters=1 stop=laya_accept
         TEST  smape=0.3305  rmse=3351.9218  pocid=54.55  mape=0.4202  | FLOOR smape=0.3305
[  90] median         score= 0.6602 origin=baseline iters=1 stop=laya_accept
         TEST  smape=0.9555  rmse=838.6564  pocid=36.36  mape=0.6159  | FLOOR smape=0.9555
[  91] dba            score= 0.6106 origin=baseline iters=1 stop=laya_accept
         TEST  smape=0.0423  rmse=848.1501  pocid=63.64  mape=0.0436  | FLOOR smape=0.0423
[  92] trimmed_mean   score= 0.5782 origin=baseline iters=1 stop=laya_accept
         TEST  smape=0.6326  rmse=19.1993  pocid=27.27  mape=10536583395089180.0000  | FLOOR smape=0.6326
[  93] mean           score= 0.7394 origin=baseline iters=1 stop=laya_accept
         TEST  smape=0.5194  rmse=45.8077  pocid=36.36  mape=0.3861  | FLOOR smape=0.5194
[  94] mean           score= 0.6606 origin=baseline iters=1 stop=laya_accept
         TEST  smape=0.0383  rmse=4309.6067  pocid=81.82  mape=0.0386  | FLOOR smape=0.0383
[  95] mean           score= 0.6295 origin=baseline iters=1 stop=laya_accept
         TEST  smape=0.0354  rmse=1670.1153  pocid=81.82  mape=0.0360  | FLOOR smape=0.0354
[  96] trimmed_mean   score= 0.5165 origin=baseline iters=1 stop=laya_accept
         TEST  smape=0.0448  rmse=2868.2214  pocid=63.64  mape=0.0463  | FLOOR smape=0.0448
[  97] mean           score= 0.6476 origin=baseline iters=1 stop=laya_accept
         TEST  smape=0.0405  rmse=733.8901  pocid=72.73  mape=0.0423  | FLOOR smape=0.0405
[  98] mean           score= 0.6930 origin=baseline iters=1 stop=laya_accept
         TEST  smape=0.2995  rmse=21.8692  pocid=54.55  mape=0.3883  | FLOOR smape=0.2995
[  99] dba            score= 0.6373 origin=baseline iters=1 stop=laya_accept
         TEST  smape=0.0572  rmse=23571.2345  pocid=63.64  mape=0.0586  | FLOOR smape=0.0572
[ 100] mean           score= 0.6793 origin=baseline iters=1 stop=laya_accept
         TEST  smape=0.1284  rmse=1921.0117  pocid=54.55  mape=0.1256  | FLOOR smape=0.1284
[ 101] trimmed_mean   score= 0.5471 origin=baseline iters=1 stop=laya_accept
         TEST  smape=0.4370  rmse=1780.5711  pocid=27.27  mape=0.3534  | FLOOR smape=0.4370
[ 102] trimmed_mean   score= 0.6375 origin=baseline iters=1 stop=laya_accept
         TEST  smape=0.4447  rmse=10689.2647  pocid=45.45  mape=0.3467  | FLOOR smape=0.4447
[ 103] dba            score= 0.6046 origin=baseline iters=1 stop=laya_accept
         TEST  smape=0.0321  rmse=9398.5439  pocid=72.73  mape=0.0322  | FLOOR smape=0.0321
[ 104] trimmed_mean   score= 0.4901 origin=baseline iters=1 stop=laya_accept
         TEST  smape=0.6929  rmse=5.8774  pocid=45.45  mape=11779222443940764.0000  | FLOOR smape=0.6929
[ 105] trimmed_mean   score= 0.6709 origin=baseline iters=1 stop=laya_accept
         TEST  smape=0.0380  rmse=327.5712  pocid=63.64  mape=0.0377  | FLOOR smape=0.0380
[ 106] mean           score= 0.6230 origin=baseline iters=1 stop=laya_accept
         TEST  smape=0.0383  rmse=132.5842  pocid=72.73  mape=0.0373  | FLOOR smape=0.0383
[ 107] median         score= 0.6080 origin=baseline iters=1 stop=laya_accept
         TEST  smape=0.0479  rmse=1263.4323  pocid=63.64  mape=0.0469  | FLOOR smape=0.0479
[ 108] trimmed_mean   score= 0.5742 origin=baseline iters=1 stop=laya_accept
         TEST  smape=0.0252  rmse=1241.6923  pocid=81.82  mape=0.0246  | FLOOR smape=0.0252
[ 109] trimmed_mean   score= 0.6086 origin=baseline iters=1 stop=laya_accept
         TEST  smape=0.0301  rmse=2719.2044  pocid=72.73  mape=0.0304  | FLOOR smape=0.0301
[ 110] median         score= 0.6703 origin=baseline iters=1 stop=laya_accept
         TEST  smape=0.0561  rmse=13845.2719  pocid=54.55  mape=0.0542  | FLOOR smape=0.0561
[ 111] trimmed_mean   score= 0.6878 origin=baseline iters=1 stop=laya_accept
         TEST  smape=0.2334  rmse=30.9027  pocid=45.45  mape=0.2570  | FLOOR smape=0.2334
[ 112] median         score= 0.6222 origin=baseline iters=1 stop=laya_accept
         TEST  smape=0.0412  rmse=55656.8059  pocid=90.91  mape=0.0415  | FLOOR smape=0.0412
[ 113] mean           score= 0.6586 origin=baseline iters=1 stop=laya_accept
         TEST  smape=0.1842  rmse=50.2683  pocid=54.55  mape=0.1987  | FLOOR smape=0.1842
[ 114] mean           score= 0.6625 origin=baseline iters=1 stop=laya_accept
         TEST  smape=0.0493  rmse=1143.2189  pocid=27.27  mape=0.0490  | FLOOR smape=0.0493
[ 115] mean           score= 0.6286 origin=baseline iters=1 stop=laya_accept
         TEST  smape=0.5585  rmse=21.5391  pocid=45.45  mape=15702490422335918.0000  | FLOOR smape=0.5585
[ 116] trimmed_mean   score= 0.5558 origin=baseline iters=1 stop=laya_accept
         TEST  smape=0.0569  rmse=22256.6357  pocid=72.73  mape=0.0563  | FLOOR smape=0.0569
[ 117] trimmed_mean   score= 0.5681 origin=baseline iters=1 stop=laya_accept
         TEST  smape=0.0371  rmse=590.1713  pocid=72.73  mape=0.0372  | FLOOR smape=0.0371
[ 118] mean           score= 0.6667 origin=baseline iters=1 stop=laya_accept
         TEST  smape=0.0440  rmse=13612.0071  pocid=63.64  mape=0.0428  | FLOOR smape=0.0440
[ 119] trimmed_mean   score= 0.6348 origin=baseline iters=1 stop=laya_accept
         TEST  smape=0.4791  rmse=5860.1553  pocid=63.64  mape=0.3762  | FLOOR smape=0.4791
[ 120] mean           score= 0.5735 origin=baseline iters=1 stop=laya_accept
         TEST  smape=0.0351  rmse=11126.2746  pocid=63.64  mape=0.0350  | FLOOR smape=0.0351
[ 121] mean           score= 0.5881 origin=baseline iters=1 stop=laya_accept
         TEST  smape=0.0688  rmse=2714.2835  pocid=54.55  mape=0.0660  | FLOOR smape=0.0688
[ 122] trimmed_mean   score= 0.6140 origin=baseline iters=1 stop=laya_accept
         TEST  smape=0.0575  rmse=8654.2656  pocid=63.64  mape=0.0550  | FLOOR smape=0.0575
[ 123] dba            score= 0.6112 origin=baseline iters=1 stop=laya_accept
         TEST  smape=0.0373  rmse=546.9746  pocid=90.91  mape=0.0376  | FLOOR smape=0.0373
[ 124] trimmed_mean   score= 0.6517 origin=baseline iters=1 stop=laya_accept
         TEST  smape=0.2624  rmse=12.1281  pocid=45.45  mape=0.2906  | FLOOR smape=0.2624
[ 125] mean           score= 0.7030 origin=baseline iters=1 stop=laya_accept
         TEST  smape=0.2661  rmse=21.4886  pocid=63.64  mape=0.5655  | FLOOR smape=0.2661
[ 126] mean           score= 0.7071 origin=baseline iters=1 stop=laya_accept
         TEST  smape=0.6310  rmse=7.1168  pocid=63.64  mape=3.6381  | FLOOR smape=0.6310
[ 127] trimmed_mean   score= 0.5431 origin=baseline iters=1 stop=laya_accept
         TEST  smape=0.0395  rmse=13916.3406  pocid=81.82  mape=0.0400  | FLOOR smape=0.0395
[ 128] trimmed_mean   score= 0.5987 origin=baseline iters=1 stop=laya_accept
         TEST  smape=0.0360  rmse=322.6491  pocid=54.55  mape=0.0360  | FLOOR smape=0.0360
[ 129] mean           score= 0.4777 origin=baseline iters=1 stop=laya_accept
         TEST  smape=0.0366  rmse=3704.4067  pocid=72.73  mape=0.0366  | FLOOR smape=0.0366
[ 130] mean           score= 0.6133 origin=baseline iters=1 stop=laya_accept
         TEST  smape=0.0515  rmse=2145.1450  pocid=90.91  mape=0.0505  | FLOOR smape=0.0515
[ 131] trimmed_mean   score= 0.5969 origin=baseline iters=1 stop=laya_accept
         TEST  smape=0.0832  rmse=4062.1684  pocid=81.82  mape=0.0790  | FLOOR smape=0.0832
[ 132] trimmed_mean   score= 0.7038 origin=baseline iters=1 stop=laya_accept
         TEST  smape=0.2510  rmse=11.6432  pocid=72.73  mape=0.2702  | FLOOR smape=0.2510
[ 133] mean           score= 0.6790 origin=baseline iters=1 stop=laya_accept
         TEST  smape=0.1799  rmse=55.3531  pocid=27.27  mape=0.1996  | FLOOR smape=0.1799
[ 134] dba            score= 0.6576 origin=baseline iters=1 stop=laya_accept
         TEST  smape=0.0679  rmse=4244.9297  pocid=45.45  mape=0.0662  | FLOOR smape=0.0679
[ 135] mean           score= 0.6256 origin=baseline iters=1 stop=laya_accept
         TEST  smape=0.4553  rmse=13.5158  pocid=18.18  mape=0.7470  | FLOOR smape=0.4553
[ 136] median         score= 0.6281 origin=baseline iters=1 stop=laya_accept
         TEST  smape=0.0479  rmse=1634.8155  pocid=72.73  mape=0.0463  | FLOOR smape=0.0479
[ 137] mean           score= 0.6727 origin=baseline iters=1 stop=laya_accept
         TEST  smape=0.0661  rmse=7274.0709  pocid=72.73  mape=0.0632  | FLOOR smape=0.0661
[ 138] median         score= 0.6865 origin=baseline iters=1 stop=laya_accept
         TEST  smape=0.5755  rmse=1201.2487  pocid=54.55  mape=0.4407  | FLOOR smape=0.5755
[ 139] mean           score= 0.5701 origin=baseline iters=1 stop=laya_accept
         TEST  smape=0.0340  rmse=98.8840  pocid=72.73  mape=0.0336  | FLOOR smape=0.0340
[ 140] median         score= 0.5430 origin=baseline iters=1 stop=laya_accept
         TEST  smape=0.0461  rmse=3673.7033  pocid=72.73  mape=0.0466  | FLOOR smape=0.0461
[ 141] trimmed_mean   score= 0.6355 origin=baseline iters=1 stop=laya_accept
         TEST  smape=0.3280  rmse=15.1187  pocid=36.36  mape=0.2739  | FLOOR smape=0.3280
[ 142] trimmed_mean   score= 0.5347 origin=baseline iters=1 stop=laya_accept
         TEST  smape=0.0688  rmse=3949.6556  pocid=72.73  mape=0.0659  | FLOOR smape=0.0688
[ 143] median         score= 0.6735 origin=baseline iters=1 stop=laya_accept
         TEST  smape=0.6512  rmse=5112.7161  pocid=45.45  mape=0.4876  | FLOOR smape=0.6512
[ 144] trimmed_mean   score= 0.5266 origin=baseline iters=1 stop=laya_accept
         TEST  smape=0.0574  rmse=6428.2118  pocid=81.82  mape=0.0554  | FLOOR smape=0.0574
[ 145] median         score= 0.6785 origin=baseline iters=1 stop=laya_accept
         TEST  smape=0.1305  rmse=31.3842  pocid=54.55  mape=0.1472  | FLOOR smape=0.1305
[ 146] mean           score= 0.6424 origin=baseline iters=1 stop=laya_accept
         TEST  smape=0.0636  rmse=13672.8004  pocid=72.73  mape=0.0645  | FLOOR smape=0.0636
[ 147] mean           score= 0.6240 origin=baseline iters=1 stop=laya_accept
         TEST  smape=0.0712  rmse=2472.5515  pocid=90.91  mape=0.0716  | FLOOR smape=0.0712
[ 148] trimmed_mean   score= 0.6014 origin=baseline iters=1 stop=laya_accept
         TEST  smape=0.0454  rmse=180.6735  pocid=100.00  mape=0.0442  | FLOOR smape=0.0454
[ 149] dba            score= 0.6525 origin=baseline iters=1 stop=laya_accept
         TEST  smape=0.6712  rmse=16730.0623  pocid=54.55  mape=0.4969  | FLOOR smape=0.6712
[ 150] dba            score= 0.6017 origin=baseline iters=1 stop=laya_accept
         TEST  smape=0.0311  rmse=780.9135  pocid=63.64  mape=0.0310  | FLOOR smape=0.0311
[ 151] trimmed_mean   score= 0.6335 origin=baseline iters=1 stop=laya_accept
         TEST  smape=0.0417  rmse=2503.1066  pocid=63.64  mape=0.0409  | FLOOR smape=0.0417
[ 152] trimmed_mean   score= 0.6171 origin=baseline iters=1 stop=laya_accept
         TEST  smape=0.0434  rmse=787.2295  pocid=72.73  mape=0.0422  | FLOOR smape=0.0434
[ 153] trimmed_mean   score= 0.5608 origin=baseline iters=1 stop=laya_accept
         TEST  smape=0.0341  rmse=29075.8291  pocid=72.73  mape=0.0335  | FLOOR smape=0.0341
[ 154] median         score= 0.6871 origin=baseline iters=1 stop=laya_accept
         TEST  smape=0.2957  rmse=8031.0503  pocid=81.82  mape=0.2560  | FLOOR smape=0.2957
[ 155] mean           score= 0.6741 origin=baseline iters=1 stop=laya_accept
         TEST  smape=0.1033  rmse=17.7444  pocid=90.91  mape=0.1066  | FLOOR smape=0.1033
[ 156] trimmed_mean   score= 0.6587 origin=baseline iters=1 stop=laya_accept
         TEST  smape=0.1226  rmse=14.2998  pocid=36.36  mape=0.1212  | FLOOR smape=0.1226
[ 157] mean           score= 0.6303 origin=baseline iters=1 stop=laya_accept
         TEST  smape=0.3502  rmse=1212.8750  pocid=81.82  mape=0.2876  | FLOOR smape=0.3502
[ 158] mean           score= 0.5329 origin=baseline iters=1 stop=laya_accept
         TEST  smape=0.0414  rmse=761.6277  pocid=72.73  mape=0.0404  | FLOOR smape=0.0414
[ 159] trimmed_mean   score= 0.5770 origin=baseline iters=1 stop=laya_accept
         TEST  smape=0.0507  rmse=17653.4035  pocid=90.91  mape=0.0499  | FLOOR smape=0.0507
[ 160] dba            score= 0.6697 origin=baseline iters=1 stop=laya_accept
         TEST  smape=0.1737  rmse=1187.7709  pocid=72.73  mape=0.1556  | FLOOR smape=0.1737
[ 161] trimmed_mean   score= 0.5528 origin=baseline iters=1 stop=laya_accept
         TEST  smape=0.0798  rmse=33087.2009  pocid=72.73  mape=0.0773  | FLOOR smape=0.0798
[ 162] dba            score= 0.6645 origin=baseline iters=1 stop=laya_accept
         TEST  smape=0.0649  rmse=5910.2261  pocid=72.73  mape=0.0664  | FLOOR smape=0.0649
[ 163] median         score= 0.6237 origin=baseline iters=1 stop=laya_accept
         TEST  smape=0.0479  rmse=6365.7596  pocid=63.64  mape=0.0482  | FLOOR smape=0.0479
[ 164] dba            score= 0.6458 origin=baseline iters=1 stop=laya_accept
         TEST  smape=0.0406  rmse=2585.7250  pocid=63.64  mape=0.0394  | FLOOR smape=0.0406
[ 165] mean           score= 0.6175 origin=baseline iters=1 stop=laya_accept
         TEST  smape=0.0492  rmse=33352.0634  pocid=63.64  mape=0.0488  | FLOOR smape=0.0492
[ 166] trimmed_mean   score= 0.5948 origin=baseline iters=1 stop=laya_accept
         TEST  smape=0.0343  rmse=737.0073  pocid=63.64  mape=0.0336  | FLOOR smape=0.0343
[ 167] mean           score= 0.6970 origin=baseline iters=1 stop=laya_accept
         TEST  smape=0.3503  rmse=38.9857  pocid=36.36  mape=0.4237  | FLOOR smape=0.3503
[ 168] mean           score= 0.6094 origin=baseline iters=1 stop=laya_accept
         TEST  smape=0.0418  rmse=11263.1657  pocid=63.64  mape=0.0412  | FLOOR smape=0.0418
[ 169] trimmed_mean   score= 0.4883 origin=baseline iters=1 stop=laya_accept
         TEST  smape=0.0866  rmse=3980.8161  pocid=72.73  mape=0.0803  | FLOOR smape=0.0866
[ 170] trimmed_mean   score= 0.5563 origin=baseline iters=1 stop=laya_accept
         TEST  smape=0.0484  rmse=2481.6161  pocid=63.64  mape=0.0476  | FLOOR smape=0.0484
[ 171] dba            score= 0.6288 origin=baseline iters=1 stop=laya_accept
         TEST  smape=0.0590  rmse=3120.9711  pocid=81.82  mape=0.0566  | FLOOR smape=0.0590
[ 172] trimmed_mean   score= 0.5799 origin=baseline iters=1 stop=laya_accept
         TEST  smape=0.1332  rmse=274.1746  pocid=72.73  mape=0.1246  | FLOOR smape=0.1332
[ 173] trimmed_mean   score= 0.6603 origin=baseline iters=1 stop=laya_accept
         TEST  smape=0.2018  rmse=250.1977  pocid=63.64  mape=0.1863  | FLOOR smape=0.2018
[ 174] dba            score= 0.6369 origin=baseline iters=1 stop=laya_accept
         TEST  smape=0.0549  rmse=1107.3857  pocid=63.64  mape=0.0527  | FLOOR smape=0.0549
[ 175] mean           score= 0.5917 origin=baseline iters=1 stop=laya_accept
         TEST  smape=0.0319  rmse=587.1865  pocid=81.82  mape=0.0320  | FLOOR smape=0.0319
[ 176] median         score= 0.4742 origin=baseline iters=1 stop=laya_accept
         TEST  smape=0.1105  rmse=6131.7362  pocid=81.82  mape=0.1040  | FLOOR smape=0.1105
[ 177] mean           score= 0.4406 origin=baseline iters=1 stop=laya_accept
         TEST  smape=0.2371  rmse=2319.2196  pocid=72.73  mape=0.2004  | FLOOR smape=0.2371
[ 178] dba            score= 0.7078 origin=baseline iters=1 stop=laya_accept
         TEST  smape=0.2115  rmse=47.4688  pocid=45.45  mape=0.1977  | FLOOR smape=0.2115
[ 179] mean           score= 0.6873 origin=baseline iters=1 stop=laya_accept
         TEST  smape=0.1076  rmse=32.4537  pocid=45.45  mape=0.1002  | FLOOR smape=0.1076
[ 180] median         score= 0.6805 origin=baseline iters=1 stop=laya_accept
         TEST  smape=0.0995  rmse=14765.0166  pocid=63.64  mape=0.0939  | FLOOR smape=0.0995
[ 181] trimmed_mean   score= 0.5200 origin=baseline iters=1 stop=laya_accept
         TEST  smape=0.0417  rmse=3578.9570  pocid=63.64  mape=0.0426  | FLOOR smape=0.0417
--------------------------------------------------------------------------
done in 48.2s | ok: 182 | failed: 0
DATASET SUMMARY over 182 series (mean across series):
  this run   smape=0.2212  rmse=6361.3526  pocid=62.14  mape=1839764113501077.5000  mae=5531.2257
  baseline   smape=0.2212  rmse=6361.3526  pocid=62.14  mape=1839764113501077.5000  (== seed floor: no agent contribution this run)
  mean       smape=0.2206  rmse=6315.3736  pocid=61.89  mape=2069887256147612.2500
  median     smape=0.2194  rmse=6388.0611  pocid=61.94  mape=1847438750372403.0000  <- this run is better
  dba        smape=0.2252  rmse=6398.3966  pocid=60.54  mape=2360707168394951.5000  <- this run is better
  ADE        smape=0.2177  rmse=6137.6834  pocid=62.39  mape=2082486066574125.0000
  FFORMA     smape=0.2166  rmse=6035.2411  pocid=65.13  mape=2022245026195087.0000
csv: ./timeseries/mestrado/resultados/orchestrator_laya_laya_v5_reasoning/ANP_MONTHLY.csv
dataset      : NN5_WEEKLY_DATASET
source       : nn5_weekly_dataset.tsf
models       : 19
agent        : laya-multilingual (max_len=8192)
writing to   : ./timeseries/mestrado/resultados/orchestrator_laya_laya_v5_reasoning
--------------------------------------------------------------------------
Fetching 5 files:   0%|          | 0/5 [00:00<?, ?it/s]Fetching 5 files: 100%|██████████| 5/5 [00:00<00:00, 2386.92it/s]
[   0] trimmed_mean   score= 0.6776 origin=baseline iters=1 stop=laya_accept
         TEST  smape=0.0422  rmse=14.3569  pocid=14.29  mape=0.0411  | FLOOR smape=0.0422
[   1] trimmed_mean   score= 0.5579 origin=baseline iters=1 stop=laya_accept
         TEST  smape=0.1090  rmse=16.3937  pocid=28.57  mape=0.1027  | FLOOR smape=0.1090
[   2] trimmed_mean   score= 0.6171 origin=baseline iters=1 stop=laya_accept
         TEST  smape=0.0697  rmse=16.1184  pocid=42.86  mape=0.0702  | FLOOR smape=0.0697
[   3] dba            score= 0.7144 origin=baseline iters=1 stop=laya_accept
         TEST  smape=0.0826  rmse=16.0588  pocid=28.57  mape=0.0857  | FLOOR smape=0.0826
[   4] mean           score= 0.7048 origin=baseline iters=1 stop=laya_accept
         TEST  smape=0.0998  rmse=23.6849  pocid=42.86  mape=0.0921  | FLOOR smape=0.0998
[   5] dba            score= 0.6834 origin=baseline iters=1 stop=laya_accept
         TEST  smape=0.1078  rmse=18.6496  pocid=42.86  mape=0.1182  | FLOOR smape=0.1078
[   6] mean           score= 0.4362 origin=baseline iters=1 stop=laya_accept
         TEST  smape=0.1187  rmse=21.3796  pocid=14.29  mape=0.1099  | FLOOR smape=0.1187
[   7] mean           score= 0.7429 origin=baseline iters=1 stop=laya_accept
         TEST  smape=0.1228  rmse=18.4162  pocid=42.86  mape=0.1297  | FLOOR smape=0.1228
[   8] dba            score= 0.6415 origin=baseline iters=1 stop=laya_accept
         TEST  smape=0.1042  rmse=7.4097  pocid=57.14  mape=0.1132  | FLOOR smape=0.1042
[   9] mean           score= 0.7333 origin=baseline iters=1 stop=laya_accept
         TEST  smape=0.1040  rmse=17.5233  pocid=28.57  mape=0.0998  | FLOOR smape=0.1040
[  10] dba            score= 0.5977 origin=baseline iters=1 stop=laya_accept
         TEST  smape=0.1199  rmse=21.0343  pocid=71.43  mape=0.1162  | FLOOR smape=0.1199
[  11] mean           score= 0.6156 origin=baseline iters=1 stop=laya_accept
         TEST  smape=0.1394  rmse=16.4066  pocid=14.29  mape=0.1347  | FLOOR smape=0.1394
[  12] mean           score= 0.6331 origin=baseline iters=1 stop=laya_accept
         TEST  smape=0.1194  rmse=19.5971  pocid=28.57  mape=0.1159  | FLOOR smape=0.1194
[  13] trimmed_mean   score= 0.6667 origin=baseline iters=1 stop=laya_accept
         TEST  smape=0.0794  rmse=12.6205  pocid=42.86  mape=0.0785  | FLOOR smape=0.0794
[  14] mean           score= 0.6857 origin=baseline iters=1 stop=laya_accept
         TEST  smape=0.0704  rmse=10.8648  pocid=42.86  mape=0.0688  | FLOOR smape=0.0704
[  15] median         score= 0.6844 origin=baseline iters=1 stop=laya_accept
         TEST  smape=0.0618  rmse=12.1874  pocid=42.86  mape=0.0595  | FLOOR smape=0.0618
[  16] median         score= 0.6431 origin=baseline iters=1 stop=laya_accept
         TEST  smape=0.1198  rmse=20.7102  pocid=57.14  mape=0.1218  | FLOOR smape=0.1198
[  17] mean           score= 0.6685 origin=baseline iters=1 stop=laya_accept
         TEST  smape=0.0593  rmse=11.5099  pocid=57.14  mape=0.0610  | FLOOR smape=0.0593
[  18] mean           score= 0.7048 origin=baseline iters=1 stop=laya_accept
         TEST  smape=0.0528  rmse=14.4762  pocid=28.57  mape=0.0561  | FLOOR smape=0.0528
[  19] mean           score= 0.7306 origin=baseline iters=1 stop=laya_accept
         TEST  smape=0.0718  rmse=11.9468  pocid=85.71  mape=0.0680  | FLOOR smape=0.0718
[  20] median         score= 0.7064 origin=baseline iters=1 stop=laya_accept
         TEST  smape=0.0908  rmse=11.7390  pocid=71.43  mape=0.0914  | FLOOR smape=0.0908
[  21] mean           score= 0.6952 origin=baseline iters=1 stop=laya_accept
         TEST  smape=0.0713  rmse=11.1195  pocid=42.86  mape=0.0678  | FLOOR smape=0.0713
[  22] trimmed_mean   score= 0.5867 origin=baseline iters=1 stop=laya_accept
         TEST  smape=0.1238  rmse=11.0990  pocid=71.43  mape=0.1181  | FLOOR smape=0.1238
[  23] median         score= 0.6780 origin=baseline iters=1 stop=laya_accept
         TEST  smape=0.1646  rmse=40.6866  pocid=28.57  mape=0.1934  | FLOOR smape=0.1646
[  24] mean           score= 0.6688 origin=baseline iters=1 stop=laya_accept
         TEST  smape=0.0586  rmse=11.3368  pocid=71.43  mape=0.0620  | FLOOR smape=0.0586
[  25] mean           score= 0.7429 origin=baseline iters=1 stop=laya_accept
         TEST  smape=0.1342  rmse=19.5075  pocid=28.57  mape=0.1334  | FLOOR smape=0.1342
[  26] mean           score= 0.5939 origin=baseline iters=1 stop=laya_accept
         TEST  smape=0.1354  rmse=9.6349  pocid=71.43  mape=0.1554  | FLOOR smape=0.1354
[  27] mean           score= 0.6592 origin=baseline iters=1 stop=laya_accept
         TEST  smape=0.1222  rmse=17.1321  pocid=42.86  mape=0.1195  | FLOOR smape=0.1222
[  28] mean           score= 0.6828 origin=baseline iters=1 stop=laya_accept
         TEST  smape=0.1011  rmse=23.0454  pocid=42.86  mape=0.1058  | FLOOR smape=0.1011
[  29] median         score= 0.5504 origin=baseline iters=1 stop=laya_accept
         TEST  smape=0.1508  rmse=19.8722  pocid=57.14  mape=0.1752  | FLOOR smape=0.1508
[  30] mean           score= 0.6497 origin=baseline iters=1 stop=laya_accept
         TEST  smape=0.0645  rmse=9.8088  pocid=42.86  mape=0.0656  | FLOOR smape=0.0645
[  31] median         score= 0.6642 origin=baseline iters=1 stop=laya_accept
         TEST  smape=0.1713  rmse=26.0545  pocid=42.86  mape=0.1940  | FLOOR smape=0.1713
[  32] median         score= 0.6655 origin=baseline iters=1 stop=laya_accept
         TEST  smape=0.1696  rmse=29.7170  pocid=28.57  mape=0.1585  | FLOOR smape=0.1696
[  33] median         score= 0.5972 origin=baseline iters=1 stop=laya_accept
         TEST  smape=0.0941  rmse=27.6629  pocid=28.57  mape=0.0954  | FLOOR smape=0.0941
[  34] trimmed_mean   score= 0.6274 origin=baseline iters=1 stop=laya_accept
         TEST  smape=0.0927  rmse=13.8588  pocid=57.14  mape=0.0941  | FLOOR smape=0.0927
[  35] trimmed_mean   score= 0.6540 origin=baseline iters=1 stop=laya_accept
         TEST  smape=0.0974  rmse=9.1676  pocid=85.71  mape=0.1046  | FLOOR smape=0.0974
[  36] median         score= 0.5368 origin=baseline iters=1 stop=laya_accept
         TEST  smape=0.2612  rmse=35.4157  pocid=57.14  mape=0.2636  | FLOOR smape=0.2612
[  37] dba            score= 0.6398 origin=baseline iters=1 stop=laya_accept
         TEST  smape=0.0559  rmse=15.3509  pocid=42.86  mape=0.0547  | FLOOR smape=0.0559
[  38] mean           score= 0.5965 origin=baseline iters=1 stop=laya_accept
         TEST  smape=0.0663  rmse=10.6326  pocid=57.14  mape=0.0652  | FLOOR smape=0.0663
[  39] trimmed_mean   score= 0.7020 origin=baseline iters=1 stop=laya_accept
         TEST  smape=0.1228  rmse=18.2520  pocid=28.57  mape=0.1200  | FLOOR smape=0.1228
[  40] mean           score= 0.6571 origin=baseline iters=1 stop=laya_accept
         TEST  smape=0.1226  rmse=18.5063  pocid=14.29  mape=0.1270  | FLOOR smape=0.1226
[  41] mean           score= 0.7140 origin=baseline iters=1 stop=laya_accept
         TEST  smape=0.0725  rmse=11.8407  pocid=42.86  mape=0.0731  | FLOOR smape=0.0725
[  42] trimmed_mean   score= 0.6035 origin=baseline iters=1 stop=laya_accept
         TEST  smape=0.0986  rmse=20.7030  pocid=57.14  mape=0.1059  | FLOOR smape=0.0986
[  43] mean           score= 0.6762 origin=baseline iters=1 stop=laya_accept
         TEST  smape=0.0538  rmse=10.4702  pocid=71.43  mape=0.0534  | FLOOR smape=0.0538
[  44] median         score= 0.7025 origin=baseline iters=1 stop=laya_accept
         TEST  smape=0.1146  rmse=20.4007  pocid=42.86  mape=0.1407  | FLOOR smape=0.1146
[  45] trimmed_mean   score= 0.5916 origin=baseline iters=1 stop=laya_accept
         TEST  smape=0.1306  rmse=18.2953  pocid=42.86  mape=0.1209  | FLOOR smape=0.1306
[  46] mean           score= 0.6623 origin=baseline iters=1 stop=laya_accept
         TEST  smape=0.0421  rmse=15.1085  pocid=42.86  mape=0.0407  | FLOOR smape=0.0421
[  47] mean           score= 0.6952 origin=baseline iters=1 stop=laya_accept
         TEST  smape=0.1546  rmse=29.1903  pocid=28.57  mape=0.1515  | FLOOR smape=0.1546
[  48] mean           score= 0.6199 origin=baseline iters=1 stop=laya_accept
         TEST  smape=0.1015  rmse=16.4064  pocid=28.57  mape=0.1039  | FLOOR smape=0.1015
[  49] trimmed_mean   score= 0.6347 origin=baseline iters=1 stop=laya_accept
         TEST  smape=0.1144  rmse=20.0170  pocid=71.43  mape=0.1124  | FLOOR smape=0.1144
[  50] dba            score= 0.7059 origin=baseline iters=1 stop=laya_accept
         TEST  smape=0.1268  rmse=20.7675  pocid=42.86  mape=0.1215  | FLOOR smape=0.1268
[  51] trimmed_mean   score= 0.6795 origin=baseline iters=1 stop=laya_accept
         TEST  smape=0.0896  rmse=25.5594  pocid=71.43  mape=0.0891  | FLOOR smape=0.0896
[  52] median         score= 0.6638 origin=baseline iters=1 stop=laya_accept
         TEST  smape=0.0821  rmse=7.8417  pocid=85.71  mape=0.0789  | FLOOR smape=0.0821
[  53] trimmed_mean   score= 0.5847 origin=baseline iters=1 stop=laya_accept
         TEST  smape=0.1175  rmse=15.7569  pocid=28.57  mape=0.1172  | FLOOR smape=0.1175
[  54] trimmed_mean   score= 0.6999 origin=baseline iters=1 stop=laya_accept
         TEST  smape=0.0587  rmse=6.3736  pocid=28.57  mape=0.0608  | FLOOR smape=0.0587
[  55] trimmed_mean   score= 0.6214 origin=baseline iters=1 stop=laya_accept
         TEST  smape=0.1519  rmse=16.9829  pocid=42.86  mape=0.1494  | FLOOR smape=0.1519
[  56] mean           score= 0.6544 origin=baseline iters=1 stop=laya_accept
         TEST  smape=0.0754  rmse=11.6284  pocid=71.43  mape=0.0792  | FLOOR smape=0.0754
[  57] trimmed_mean   score= 0.5933 origin=baseline iters=1 stop=laya_accept
         TEST  smape=0.0757  rmse=14.8265  pocid=0.00  mape=0.0727  | FLOOR smape=0.0757
[  58] trimmed_mean   score= 0.6786 origin=baseline iters=1 stop=laya_accept
         TEST  smape=0.1799  rmse=18.9438  pocid=42.86  mape=0.1826  | FLOOR smape=0.1799
[  59] median         score= 0.6582 origin=baseline iters=1 stop=laya_accept
         TEST  smape=0.1932  rmse=26.2256  pocid=42.86  mape=0.2205  | FLOOR smape=0.1932
[  60] mean           score= 0.6651 origin=baseline iters=1 stop=laya_accept
         TEST  smape=0.0564  rmse=8.7210  pocid=14.29  mape=0.0594  | FLOOR smape=0.0564
[  61] trimmed_mean   score= 0.6373 origin=baseline iters=1 stop=laya_accept
         TEST  smape=0.1226  rmse=21.1952  pocid=28.57  mape=0.1327  | FLOOR smape=0.1226
[  62] mean           score= 0.7197 origin=baseline iters=1 stop=laya_accept
         TEST  smape=0.0775  rmse=10.5140  pocid=71.43  mape=0.0830  | FLOOR smape=0.0775
[  63] mean           score= 0.7032 origin=baseline iters=1 stop=laya_accept
         TEST  smape=0.1190  rmse=12.0573  pocid=57.14  mape=0.1207  | FLOOR smape=0.1190
[  64] median         score= 0.7227 origin=baseline iters=1 stop=laya_accept
         TEST  smape=0.1143  rmse=26.0085  pocid=42.86  mape=0.1080  | FLOOR smape=0.1143
[  65] dba            score= 0.6577 origin=baseline iters=1 stop=laya_accept
         TEST  smape=0.1253  rmse=27.1082  pocid=42.86  mape=0.1283  | FLOOR smape=0.1253
[  66] trimmed_mean   score= 0.7302 origin=baseline iters=1 stop=laya_accept
         TEST  smape=0.0750  rmse=18.5165  pocid=42.86  mape=0.0730  | FLOOR smape=0.0750
[  67] trimmed_mean   score= 0.6186 origin=baseline iters=1 stop=laya_accept
         TEST  smape=0.1476  rmse=50.6681  pocid=57.14  mape=0.1628  | FLOOR smape=0.1476
[  68] median         score= 0.7257 origin=baseline iters=1 stop=laya_accept
         TEST  smape=0.0983  rmse=13.0864  pocid=57.14  mape=0.0996  | FLOOR smape=0.0983
[  69] mean           score= 0.6952 origin=baseline iters=1 stop=laya_accept
         TEST  smape=0.1305  rmse=18.9446  pocid=14.29  mape=0.1463  | FLOOR smape=0.1305
[  70] dba            score= 0.6383 origin=baseline iters=1 stop=laya_accept
         TEST  smape=0.1595  rmse=16.2623  pocid=57.14  mape=0.1687  | FLOOR smape=0.1595
[  71] mean           score= 0.6857 origin=baseline iters=1 stop=laya_accept
         TEST  smape=0.0851  rmse=10.9971  pocid=28.57  mape=0.0856  | FLOOR smape=0.0851
[  72] median         score= 0.6780 origin=baseline iters=1 stop=laya_accept
         TEST  smape=0.1378  rmse=16.9550  pocid=57.14  mape=0.1516  | FLOOR smape=0.1378
[  73] mean           score= 0.6572 origin=baseline iters=1 stop=laya_accept
         TEST  smape=0.1579  rmse=18.2593  pocid=42.86  mape=0.1444  | FLOOR smape=0.1579
[  74] median         score= 0.6388 origin=baseline iters=1 stop=laya_accept
         TEST  smape=0.1377  rmse=17.1073  pocid=57.14  mape=0.1507  | FLOOR smape=0.1377
[  75] trimmed_mean   score= 0.4479 origin=baseline iters=1 stop=laya_accept
         TEST  smape=0.1245  rmse=15.0899  pocid=100.00  mape=0.1166  | FLOOR smape=0.1245
[  76] mean           score= 0.5996 origin=baseline iters=1 stop=laya_accept
         TEST  smape=0.0786  rmse=11.7526  pocid=57.14  mape=0.0820  | FLOOR smape=0.0786
[  77] mean           score= 0.5843 origin=baseline iters=1 stop=laya_accept
         TEST  smape=0.0885  rmse=17.1500  pocid=42.86  mape=0.0933  | FLOOR smape=0.0885
[  78] trimmed_mean   score= 0.6282 origin=baseline iters=1 stop=laya_accept
         TEST  smape=0.1014  rmse=13.7804  pocid=14.29  mape=0.0958  | FLOOR smape=0.1014
[  79] trimmed_mean   score= 0.6296 origin=baseline iters=1 stop=laya_accept
         TEST  smape=0.1177  rmse=23.0436  pocid=71.43  mape=0.1205  | FLOOR smape=0.1177
[  80] trimmed_mean   score= 0.6175 origin=baseline iters=1 stop=laya_accept
         TEST  smape=0.1695  rmse=12.9178  pocid=0.00  mape=0.1919  | FLOOR smape=0.1695
[  81] dba            score= 0.6377 origin=baseline iters=1 stop=laya_accept
         TEST  smape=0.1137  rmse=11.8396  pocid=85.71  mape=0.1109  | FLOOR smape=0.1137
[  82] trimmed_mean   score= 0.7215 origin=baseline iters=1 stop=laya_accept
         TEST  smape=0.1296  rmse=36.1083  pocid=28.57  mape=0.1334  | FLOOR smape=0.1296
[  83] mean           score= 0.6857 origin=baseline iters=1 stop=laya_accept
         TEST  smape=0.1207  rmse=21.0334  pocid=42.86  mape=0.1114  | FLOOR smape=0.1207
[  84] mean           score= 0.6932 origin=baseline iters=1 stop=laya_accept
         TEST  smape=0.1366  rmse=14.3723  pocid=42.86  mape=0.1534  | FLOOR smape=0.1366
[  85] mean           score= 0.6778 origin=baseline iters=1 stop=laya_accept
         TEST  smape=0.0844  rmse=10.7678  pocid=42.86  mape=0.0883  | FLOOR smape=0.0844
[  86] dba            score= 0.6423 origin=baseline iters=1 stop=laya_accept
         TEST  smape=0.0894  rmse=13.5008  pocid=71.43  mape=0.0866  | FLOOR smape=0.0894
[  87] mean           score= 0.7048 origin=baseline iters=1 stop=laya_accept
         TEST  smape=0.4153  rmse=42.4032  pocid=71.43  mape=0.6494  | FLOOR smape=0.4153
[  88] median         score= 0.6488 origin=baseline iters=1 stop=laya_accept
         TEST  smape=0.3900  rmse=28.7573  pocid=71.43  mape=0.5437  | FLOOR smape=0.3900
[  89] median         score= 0.6878 origin=baseline iters=1 stop=laya_accept
         TEST  smape=0.1170  rmse=19.8321  pocid=28.57  mape=0.1294  | FLOOR smape=0.1170
[  90] mean           score= 0.6163 origin=baseline iters=1 stop=laya_accept
         TEST  smape=0.0993  rmse=13.2988  pocid=57.14  mape=0.1112  | FLOOR smape=0.0993
[  91] mean           score= 0.6052 origin=baseline iters=1 stop=laya_accept
         TEST  smape=0.1806  rmse=21.6758  pocid=57.14  mape=0.1667  | FLOOR smape=0.1806
[  92] dba            score= 0.6467 origin=baseline iters=1 stop=laya_accept
         TEST  smape=0.1299  rmse=27.6728  pocid=71.43  mape=0.1214  | FLOOR smape=0.1299
[  93] mean           score= 0.6667 origin=baseline iters=1 stop=laya_accept
         TEST  smape=0.1256  rmse=17.9576  pocid=71.43  mape=0.1265  | FLOOR smape=0.1256
[  94] trimmed_mean   score= 0.6267 origin=baseline iters=1 stop=laya_accept
         TEST  smape=0.0954  rmse=18.6102  pocid=57.14  mape=0.0906  | FLOOR smape=0.0954
[  95] dba            score= 0.6534 origin=baseline iters=1 stop=laya_accept
         TEST  smape=0.0423  rmse=8.6894  pocid=71.43  mape=0.0415  | FLOOR smape=0.0423
[  96] mean           score= 0.4739 origin=baseline iters=1 stop=laya_accept
         TEST  smape=0.1002  rmse=12.8702  pocid=57.14  mape=0.1004  | FLOOR smape=0.1002
[  97] mean           score= 0.7036 origin=baseline iters=1 stop=laya_accept
         TEST  smape=0.1185  rmse=23.7866  pocid=57.14  mape=0.1382  | FLOOR smape=0.1185
[  98] dba            score= 0.6345 origin=baseline iters=1 stop=laya_accept
         TEST  smape=0.1435  rmse=19.7560  pocid=28.57  mape=0.1363  | FLOOR smape=0.1435
[  99] trimmed_mean   score= 0.4671 origin=baseline iters=1 stop=laya_accept
         TEST  smape=0.0674  rmse=8.4933  pocid=28.57  mape=0.0660  | FLOOR smape=0.0674
[ 100] trimmed_mean   score= 0.6581 origin=baseline iters=1 stop=laya_accept
         TEST  smape=0.1093  rmse=18.8526  pocid=57.14  mape=0.1133  | FLOOR smape=0.1093
[ 101] trimmed_mean   score= 0.6270 origin=baseline iters=1 stop=laya_accept
         TEST  smape=0.0915  rmse=14.4485  pocid=14.29  mape=0.0928  | FLOOR smape=0.0915
[ 102] trimmed_mean   score= 0.7090 origin=baseline iters=1 stop=laya_accept
         TEST  smape=0.1511  rmse=10.9337  pocid=42.86  mape=0.1403  | FLOOR smape=0.1511
[ 103] dba            score= 0.6755 origin=baseline iters=1 stop=laya_accept
         TEST  smape=0.1008  rmse=18.7019  pocid=57.14  mape=0.0976  | FLOOR smape=0.1008
[ 104] median         score= 0.6796 origin=baseline iters=1 stop=laya_accept
         TEST  smape=0.0414  rmse=5.8662  pocid=57.14  mape=0.0421  | FLOOR smape=0.0414
[ 105] median         score= 0.6583 origin=baseline iters=1 stop=laya_accept
         TEST  smape=0.0585  rmse=9.9628  pocid=57.14  mape=0.0591  | FLOOR smape=0.0585
[ 106] trimmed_mean   score= 0.5707 origin=baseline iters=1 stop=laya_accept
         TEST  smape=0.1564  rmse=20.2491  pocid=0.00  mape=0.1714  | FLOOR smape=0.1564
[ 107] trimmed_mean   score= 0.6052 origin=baseline iters=1 stop=laya_accept
         TEST  smape=0.1064  rmse=14.7482  pocid=42.86  mape=0.1098  | FLOOR smape=0.1064
[ 108] mean           score= 0.6762 origin=baseline iters=1 stop=laya_accept
         TEST  smape=0.0835  rmse=17.3461  pocid=57.14  mape=0.0799  | FLOOR smape=0.0835
[ 109] dba            score= 0.6621 origin=baseline iters=1 stop=laya_accept
         TEST  smape=0.3514  rmse=88.3087  pocid=28.57  mape=0.2904  | FLOOR smape=0.3514
[ 110] trimmed_mean   score= 0.6209 origin=baseline iters=1 stop=laya_accept
         TEST  smape=0.1009  rmse=13.8069  pocid=28.57  mape=0.0952  | FLOOR smape=0.1009
--------------------------------------------------------------------------
done in 21.1s | ok: 111 | failed: 0
DATASET SUMMARY over 111 series (mean across series):
  this run   smape=0.1156  rmse=18.2258  pocid=46.46  mape=0.1207  mae=14.9201
  baseline   smape=0.1156  rmse=18.2258  pocid=46.46  mape=0.1207  (== seed floor: no agent contribution this run)
  mean       smape=0.1199  rmse=18.8837  pocid=44.53  mape=0.1241  <- this run is better
  median     smape=0.1201  rmse=18.6626  pocid=46.20  mape=0.1238  <- this run is better
  dba        smape=0.1226  rmse=19.3352  pocid=46.46  mape=0.1265  <- this run is better
  ADE        smape=0.1178  rmse=18.5121  pocid=45.05  mape=0.1219  <- this run is better
  FFORMA     smape=0.1197  rmse=18.8493  pocid=44.66  mape=0.1239  <- this run is better
csv: ./timeseries/mestrado/resultados/orchestrator_laya_laya_v5_reasoning/NN5_WEEKLY_DATASET.csv
dataset      : M4_WEEKLY_DATASET
source       : m4_weekly_dataset.tsf
models       : 19
agent        : laya-multilingual (max_len=8192)
writing to   : ./timeseries/mestrado/resultados/orchestrator_laya_laya_v5_reasoning
--------------------------------------------------------------------------
Fetching 5 files:   0%|          | 0/5 [00:00<?, ?it/s]Fetching 5 files: 100%|██████████| 5/5 [00:00<00:00, 3298.45it/s]
[   0] mean           score= 0.0413 origin=baseline iters=1 stop=laya_accept
         TEST  smape=0.0374  rmse=1839.5041  pocid=25.00  mape=0.0388  | FLOOR smape=0.0374
[   1] mean           score=-0.0387 origin=baseline iters=1 stop=laya_accept
         TEST  smape=0.0358  rmse=181.7292  pocid=58.33  mape=0.0371  | FLOOR smape=0.0358
[   2] median         score=-0.1401 origin=baseline iters=1 stop=laya_accept
         TEST  smape=0.0072  rmse=85.1787  pocid=91.67  mape=0.0071  | FLOOR smape=0.0072
[   3] trimmed_mean   score= 0.3478 origin=baseline iters=1 stop=laya_accept
         TEST  smape=0.1715  rmse=629.8834  pocid=83.33  mape=0.1533  | FLOOR smape=0.1715
[   4] mean           score= 0.2276 origin=baseline iters=1 stop=laya_accept
         TEST  smape=0.1239  rmse=304.6077  pocid=66.67  mape=0.1251  | FLOOR smape=0.1239
[   5] mean           score= 0.4125 origin=baseline iters=1 stop=laya_accept
         TEST  smape=0.2997  rmse=307.6114  pocid=33.33  mape=0.2465  | FLOOR smape=0.2997
[   6] median         score= 0.5294 origin=baseline iters=1 stop=laya_accept
         TEST  smape=0.2823  rmse=1591.4909  pocid=41.67  mape=0.2523  | FLOOR smape=0.2823
[   7] median         score= 0.5697 origin=baseline iters=1 stop=laya_accept
         TEST  smape=0.3456  rmse=1980.3565  pocid=41.67  mape=0.4309  | FLOOR smape=0.3456
[   8] mean           score= 0.3723 origin=baseline iters=1 stop=laya_accept
         TEST  smape=0.1106  rmse=1232.9456  pocid=66.67  mape=0.1204  | FLOOR smape=0.1106
[   9] trimmed_mean   score= 0.0280 origin=baseline iters=1 stop=laya_accept
         TEST  smape=0.6248  rmse=5630.7468  pocid=8.33  mape=0.9657  | FLOOR smape=0.6248
[  10] mean           score= 0.1813 origin=baseline iters=1 stop=laya_accept
         TEST  smape=0.0760  rmse=31.6682  pocid=83.33  mape=0.0764  | FLOOR smape=0.0760
[  11] mean           score= 0.6833 origin=baseline iters=1 stop=laya_accept
         TEST  smape=0.0286  rmse=34.3105  pocid=58.33  mape=0.0281  | FLOOR smape=0.0286
[  12] mean           score= 0.5212 origin=baseline iters=1 stop=laya_accept
         TEST  smape=0.0242  rmse=90.7951  pocid=58.33  mape=0.0236  | FLOOR smape=0.0242
[  13] mean           score= 0.2463 origin=baseline iters=1 stop=laya_accept
         TEST  smape=0.0455  rmse=130.7939  pocid=58.33  mape=0.0470  | FLOOR smape=0.0455
[  14] median         score= 0.5119 origin=baseline iters=1 stop=laya_accept
         TEST  smape=0.1277  rmse=629.8445  pocid=50.00  mape=0.1386  | FLOOR smape=0.1277
[  15] median         score= 0.5733 origin=baseline iters=1 stop=laya_accept
         TEST  smape=0.1564  rmse=825.5097  pocid=41.67  mape=0.1754  | FLOOR smape=0.1564
[  16] mean           score=-0.0535 origin=baseline iters=1 stop=laya_accept
         TEST  smape=0.0179  rmse=266.1712  pocid=50.00  mape=0.0177  | FLOOR smape=0.0179
[  17] median         score= 0.0013 origin=baseline iters=1 stop=laya_accept
         TEST  smape=0.0539  rmse=281.1832  pocid=33.33  mape=0.0563  | FLOOR smape=0.0539
[  18] trimmed_mean   score= 0.3602 origin=baseline iters=1 stop=laya_accept
         TEST  smape=0.2098  rmse=1365.8709  pocid=66.67  mape=0.1849  | FLOOR smape=0.2098
[  19] mean           score= 0.6556 origin=baseline iters=1 stop=laya_accept
         TEST  smape=0.1083  rmse=481.4908  pocid=75.00  mape=0.1140  | FLOOR smape=0.1083
[  20] trimmed_mean   score= 0.4007 origin=baseline iters=1 stop=laya_accept
         TEST  smape=0.2205  rmse=695.8261  pocid=66.67  mape=0.1947  | FLOOR smape=0.2205
[  21] mean           score= 0.3876 origin=baseline iters=1 stop=laya_accept
         TEST  smape=0.1585  rmse=694.5163  pocid=66.67  mape=0.1462  | FLOOR smape=0.1585
[  22] mean           score= 0.3329 origin=baseline iters=1 stop=laya_accept
         TEST  smape=0.1081  rmse=106.4020  pocid=41.67  mape=0.1186  | FLOOR smape=0.1081
[  23] median         score= 0.4302 origin=baseline iters=1 stop=laya_accept
         TEST  smape=0.2284  rmse=3667.8957  pocid=75.00  mape=0.2124  | FLOOR smape=0.2284
[  24] median         score= 0.5852 origin=baseline iters=1 stop=laya_accept
         TEST  smape=0.2707  rmse=683.1605  pocid=58.33  mape=0.2332  | FLOOR smape=0.2707
[  25] trimmed_mean   score= 0.4656 origin=baseline iters=1 stop=laya_accept
         TEST  smape=0.2785  rmse=1528.3992  pocid=50.00  mape=0.2314  | FLOOR smape=0.2785
[  26] median         score= 0.5825 origin=baseline iters=1 stop=laya_accept
         TEST  smape=0.3181  rmse=1072.5384  pocid=33.33  mape=0.2649  | FLOOR smape=0.3181
[  27] trimmed_mean   score= 0.3542 origin=baseline iters=1 stop=laya_accept
         TEST  smape=0.3047  rmse=2191.9009  pocid=50.00  mape=0.3061  | FLOOR smape=0.3047
[  28] mean           score= 0.2778 origin=baseline iters=1 stop=laya_accept
         TEST  smape=0.4769  rmse=631.2632  pocid=66.67  mape=0.3710  | FLOOR smape=0.4769
[  29] median         score= 0.5936 origin=baseline iters=1 stop=laya_accept
         TEST  smape=0.1259  rmse=873.9905  pocid=91.67  mape=0.1214  | FLOOR smape=0.1259
[  30] trimmed_mean   score= 0.5385 origin=baseline iters=1 stop=laya_accept
         TEST  smape=0.3433  rmse=553.9582  pocid=58.33  mape=0.2853  | FLOOR smape=0.3433
[  31] mean           score= 0.5293 origin=baseline iters=1 stop=laya_accept
         TEST  smape=0.2666  rmse=1692.7152  pocid=58.33  mape=0.2312  | FLOOR smape=0.2666
[  32] trimmed_mean   score= 0.3412 origin=baseline iters=1 stop=laya_accept
         TEST  smape=0.1001  rmse=287.5269  pocid=83.33  mape=0.0995  | FLOOR smape=0.1001
[  33] mean           score= 0.4294 origin=baseline iters=1 stop=laya_accept
         TEST  smape=0.1593  rmse=372.9471  pocid=75.00  mape=0.1490  | FLOOR smape=0.1593
[  34] median         score= 0.6044 origin=baseline iters=1 stop=laya_accept
         TEST  smape=0.1908  rmse=412.6738  pocid=83.33  mape=0.1701  | FLOOR smape=0.1908
[  35] mean           score= 0.4121 origin=baseline iters=1 stop=laya_accept
         TEST  smape=0.1271  rmse=2301.6863  pocid=75.00  mape=0.1369  | FLOOR smape=0.1271
[  36] median         score= 0.4983 origin=baseline iters=1 stop=laya_accept
         TEST  smape=0.0135  rmse=42.8131  pocid=50.00  mape=0.0136  | FLOOR smape=0.0135
[  37] mean           score= 0.7056 origin=baseline iters=1 stop=laya_accept
         TEST  smape=0.0142  rmse=51.1963  pocid=75.00  mape=0.0140  | FLOOR smape=0.0142
[  38] trimmed_mean   score= 0.0464 origin=baseline iters=1 stop=laya_accept
         TEST  smape=0.0230  rmse=149.1667  pocid=41.67  mape=0.0233  | FLOOR smape=0.0230
[  39] median         score= 0.0427 origin=baseline iters=1 stop=laya_accept
         TEST  smape=0.0275  rmse=173.4241  pocid=41.67  mape=0.0280  | FLOOR smape=0.0275
[  40] median         score= 0.1499 origin=baseline iters=1 stop=laya_accept
         TEST  smape=0.0120  rmse=77.3285  pocid=25.00  mape=0.0120  | FLOOR smape=0.0120
[  41] median         score= 0.2210 origin=baseline iters=1 stop=laya_accept
         TEST  smape=0.0113  rmse=78.6855  pocid=41.67  mape=0.0114  | FLOOR smape=0.0113
[  42] median         score= 0.2462 origin=baseline iters=1 stop=laya_accept
         TEST  smape=0.0157  rmse=109.7273  pocid=41.67  mape=0.0158  | FLOOR smape=0.0157
[  43] trimmed_mean   score= 0.0320 origin=baseline iters=1 stop=laya_accept
         TEST  smape=0.0254  rmse=158.6243  pocid=33.33  mape=0.0257  | FLOOR smape=0.0254
[  44] median         score= 0.5916 origin=baseline iters=1 stop=laya_accept
         TEST  smape=0.0369  rmse=140.8241  pocid=41.67  mape=0.0359  | FLOOR smape=0.0369
[  45] median         score= 0.1267 origin=baseline iters=1 stop=laya_accept
         TEST  smape=0.0625  rmse=203.6255  pocid=33.33  mape=0.0646  | FLOOR smape=0.0625
[  46] median         score= 0.6239 origin=baseline iters=1 stop=laya_accept
         TEST  smape=0.0404  rmse=147.1132  pocid=25.00  mape=0.0392  | FLOOR smape=0.0404
[  47] trimmed_mean   score= 0.1140 origin=baseline iters=1 stop=laya_accept
         TEST  smape=0.0095  rmse=32.6949  pocid=66.67  mape=0.0095  | FLOOR smape=0.0095
[  48] mean           score= 0.6944 origin=baseline iters=1 stop=laya_accept
         TEST  smape=0.0785  rmse=265.2168  pocid=41.67  mape=0.0752  | FLOOR smape=0.0785
[  49] median         score= 0.6124 origin=baseline iters=1 stop=laya_accept
         TEST  smape=0.0260  rmse=100.5087  pocid=41.67  mape=0.0257  | FLOOR smape=0.0260
[  50] trimmed_mean   score= 0.1074 origin=baseline iters=1 stop=laya_accept
         TEST  smape=0.0161  rmse=119.6836  pocid=50.00  mape=0.0162  | FLOOR smape=0.0161
[  51] trimmed_mean   score= 0.2773 origin=baseline iters=1 stop=laya_accept
         TEST  smape=0.0205  rmse=176.1844  pocid=33.33  mape=0.0208  | FLOOR smape=0.0205
[  52] median         score= 0.5417 origin=baseline iters=1 stop=laya_accept
         TEST  smape=0.0824  rmse=223.6145  pocid=33.33  mape=0.0768  | FLOOR smape=0.0824
[  53] trimmed_mean   score=-0.0724 origin=baseline iters=1 stop=laya_accept
         TEST  smape=0.0114  rmse=36.8709  pocid=50.00  mape=0.0115  | FLOOR smape=0.0114
[  54] median         score= 0.4566 origin=baseline iters=1 stop=laya_accept
         TEST  smape=0.0573  rmse=385.9314  pocid=58.33  mape=0.0606  | FLOOR smape=0.0573
[  55] median         score= 0.4768 origin=baseline iters=1 stop=laya_accept
         TEST  smape=0.0566  rmse=272.2945  pocid=83.33  mape=0.0540  | FLOOR smape=0.0566
[  56] trimmed_mean   score= 0.4396 origin=baseline iters=1 stop=laya_accept
         TEST  smape=0.1753  rmse=279.0433  pocid=75.00  mape=0.1525  | FLOOR smape=0.1753
[  57] median         score= 0.6551 origin=baseline iters=1 stop=laya_accept
         TEST  smape=0.0880  rmse=341.6351  pocid=58.33  mape=0.0850  | FLOOR smape=0.0880
[  58] mean           score= 0.6319 origin=baseline iters=1 stop=laya_accept
         TEST  smape=0.1854  rmse=445.8808  pocid=58.33  mape=0.2174  | FLOOR smape=0.1854
[  59] trimmed_mean   score= 0.1513 origin=baseline iters=1 stop=laya_accept
         TEST  smape=0.0334  rmse=349.3081  pocid=75.00  mape=0.0327  | FLOOR smape=0.0334
[  60] mean           score= 0.1213 origin=baseline iters=1 stop=laya_accept
         TEST  smape=0.0348  rmse=428.3169  pocid=16.67  mape=0.0350  | FLOOR smape=0.0348
[  61] trimmed_mean   score= 0.0967 origin=baseline iters=1 stop=laya_accept
         TEST  smape=0.0245  rmse=235.6570  pocid=41.67  mape=0.0242  | FLOOR smape=0.0245
[  62] median         score= 0.1124 origin=baseline iters=1 stop=laya_accept
         TEST  smape=0.0203  rmse=214.3828  pocid=33.33  mape=0.0198  | FLOOR smape=0.0203
[  63] median         score=-0.0777 origin=baseline iters=1 stop=laya_accept
         TEST  smape=0.0184  rmse=369.5280  pocid=100.00  mape=0.0181  | FLOOR smape=0.0184
[  64] trimmed_mean   score=-0.1038 origin=baseline iters=1 stop=laya_accept
         TEST  smape=0.0187  rmse=488.0348  pocid=91.67  mape=0.0185  | FLOOR smape=0.0187
[  65] median         score=-0.1448 origin=baseline iters=1 stop=laya_accept
         TEST  smape=0.0060  rmse=51.9880  pocid=91.67  mape=0.0060  | FLOOR smape=0.0060
[  66] trimmed_mean   score= 0.0465 origin=baseline iters=1 stop=laya_accept
         TEST  smape=0.0257  rmse=411.8384  pocid=66.67  mape=0.0253  | FLOOR smape=0.0257
[  67] median         score=-0.0303 origin=baseline iters=1 stop=laya_accept
         TEST  smape=0.0103  rmse=79.6155  pocid=50.00  mape=0.0102  | FLOOR smape=0.0103
[  68] median         score=-0.0142 origin=baseline iters=1 stop=laya_accept
         TEST  smape=0.0135  rmse=99.1293  pocid=41.67  mape=0.0134  | FLOOR smape=0.0135
[  69] mean           score=-0.0609 origin=baseline iters=1 stop=laya_accept
         TEST  smape=0.0105  rmse=34.8510  pocid=50.00  mape=0.0104  | FLOOR smape=0.0105
[  70] mean           score= 0.1476 origin=baseline iters=1 stop=laya_accept
         TEST  smape=0.4482  rmse=1153.4893  pocid=50.00  mape=0.3475  | FLOOR smape=0.4482
[  71] mean           score= 0.1407 origin=baseline iters=1 stop=laya_accept
         TEST  smape=0.2485  rmse=560.2686  pocid=41.67  mape=0.1850  | FLOOR smape=0.2485
[  72] trimmed_mean   score= 0.1585 origin=baseline iters=1 stop=laya_accept
         TEST  smape=0.1530  rmse=382.3702  pocid=75.00  mape=0.1278  | FLOOR smape=0.1530
[  73] dba            score= 0.6403 origin=baseline iters=1 stop=laya_accept
         TEST  smape=0.1134  rmse=677.2868  pocid=66.67  mape=0.1120  | FLOOR smape=0.1134
[  74] trimmed_mean   score= 0.0671 origin=baseline iters=1 stop=laya_accept
         TEST  smape=0.0292  rmse=805.0679  pocid=58.33  mape=0.0294  | FLOOR smape=0.0292
[  75] trimmed_mean   score= 0.0977 origin=baseline iters=1 stop=laya_accept
         TEST  smape=1.3326  rmse=653.2040  pocid=8.33  mape=1.6777  | FLOOR smape=1.3326
[  76] median         score=-0.0603 origin=baseline iters=1 stop=laya_accept
         TEST  smape=0.2484  rmse=1038.5229  pocid=58.33  mape=0.2193  | FLOOR smape=0.2484
[  77] median         score= 0.3820 origin=baseline iters=1 stop=laya_accept
         TEST  smape=0.2407  rmse=1027.5496  pocid=75.00  mape=0.2125  | FLOOR smape=0.2407
[  78] mean           score= 0.7000 origin=baseline iters=1 stop=laya_accept
         TEST  smape=0.0850  rmse=186.3297  pocid=50.00  mape=0.0910  | FLOOR smape=0.0850
[  79] mean           score= 0.7000 origin=baseline iters=1 stop=laya_accept
         TEST  smape=0.1335  rmse=285.3542  pocid=41.67  mape=0.1471  | FLOOR smape=0.1335
[  80] median         score= 0.1529 origin=baseline iters=1 stop=laya_accept
         TEST  smape=0.0254  rmse=729.3823  pocid=75.00  mape=0.0257  | FLOOR smape=0.0254
[  81] median         score=-0.1394 origin=baseline iters=1 stop=laya_accept
         TEST  smape=0.0020  rmse=10.0708  pocid=83.33  mape=0.0020  | FLOOR smape=0.0020
[  82] mean           score= 0.3957 origin=baseline iters=1 stop=laya_accept
         TEST  smape=0.0158  rmse=124.9807  pocid=41.67  mape=0.0160  | FLOOR smape=0.0158
[  83] trimmed_mean   score= 0.3515 origin=baseline iters=1 stop=laya_accept
         TEST  smape=0.0097  rmse=65.5074  pocid=75.00  mape=0.0097  | FLOOR smape=0.0097
[  84] median         score=-0.0043 origin=baseline iters=1 stop=laya_accept
         TEST  smape=0.0101  rmse=211.9388  pocid=66.67  mape=0.0100  | FLOOR smape=0.0101
[  85] trimmed_mean   score=-0.0484 origin=baseline iters=1 stop=laya_accept
         TEST  smape=0.0116  rmse=246.8338  pocid=58.33  mape=0.0115  | FLOOR smape=0.0116
[  86] trimmed_mean   score=-0.0592 origin=baseline iters=1 stop=laya_accept
         TEST  smape=0.0168  rmse=19.6382  pocid=75.00  mape=0.0166  | FLOOR smape=0.0168
[  87] trimmed_mean   score=-0.0423 origin=baseline iters=1 stop=laya_accept
         TEST  smape=0.0031  rmse=52.1751  pocid=50.00  mape=0.0031  | FLOOR smape=0.0031
[  88] trimmed_mean   score=-0.0096 origin=baseline iters=1 stop=laya_accept
         TEST  smape=0.0997  rmse=125.5049  pocid=75.00  mape=0.1058  | FLOOR smape=0.0997
[  89] mean           score= 0.0512 origin=baseline iters=1 stop=laya_accept
         TEST  smape=0.0193  rmse=43.2334  pocid=50.00  mape=0.0196  | FLOOR smape=0.0193
[  90] mean           score= 0.0396 origin=baseline iters=1 stop=laya_accept
         TEST  smape=0.0324  rmse=704.8581  pocid=58.33  mape=0.0330  | FLOOR smape=0.0324
[  91] trimmed_mean   score=-0.0586 origin=baseline iters=1 stop=laya_accept
         TEST  smape=0.0696  rmse=1732.9826  pocid=58.33  mape=0.0727  | FLOOR smape=0.0696
[  92] trimmed_mean   score= 0.4614 origin=baseline iters=1 stop=laya_accept
         TEST  smape=0.0043  rmse=8.0249  pocid=83.33  mape=0.0043  | FLOOR smape=0.0043
[  93] mean           score= 0.2796 origin=baseline iters=1 stop=laya_accept
         TEST  smape=0.1178  rmse=252.3552  pocid=58.33  mape=0.1098  | FLOOR smape=0.1178
[  94] median         score= 0.5014 origin=baseline iters=1 stop=laya_accept
         TEST  smape=0.0874  rmse=179.8224  pocid=41.67  mape=0.0826  | FLOOR smape=0.0874
[  95] trimmed_mean   score=-0.1123 origin=baseline iters=1 stop=laya_accept
         TEST  smape=0.0031  rmse=43.2997  pocid=83.33  mape=0.0031  | FLOOR smape=0.0031
[  96] trimmed_mean   score= 0.0306 origin=baseline iters=1 stop=laya_accept
         TEST  smape=0.0312  rmse=20.9591  pocid=91.67  mape=0.0305  | FLOOR smape=0.0312
[  97] mean           score= 0.0072 origin=baseline iters=1 stop=laya_accept
         TEST  smape=0.0219  rmse=17.8919  pocid=91.67  mape=0.0217  | FLOOR smape=0.0219
[  98] median         score= 0.0125 origin=baseline iters=1 stop=laya_accept
         TEST  smape=0.0130  rmse=208.9680  pocid=58.33  mape=0.0131  | FLOOR smape=0.0130
[  99] median         score=-0.0868 origin=baseline iters=1 stop=laya_accept
         TEST  smape=0.0156  rmse=210.5997  pocid=75.00  mape=0.0155  | FLOOR smape=0.0156
[ 100] trimmed_mean   score= 0.0038 origin=baseline iters=1 stop=laya_accept
         TEST  smape=0.0025  rmse=31.7624  pocid=83.33  mape=0.0025  | FLOOR smape=0.0025
[ 101] trimmed_mean   score=-0.0831 origin=baseline iters=1 stop=laya_accept
         TEST  smape=0.0221  rmse=389.5042  pocid=50.00  mape=0.0224  | FLOOR smape=0.0221
[ 102] trimmed_mean   score=-0.0121 origin=baseline iters=1 stop=laya_accept
         TEST  smape=0.0295  rmse=134.8050  pocid=58.33  mape=0.0294  | FLOOR smape=0.0295
[ 103] trimmed_mean   score= 0.3518 origin=baseline iters=1 stop=laya_accept
         TEST  smape=0.0256  rmse=27.7429  pocid=58.33  mape=0.0259  | FLOOR smape=0.0256
[ 104] trimmed_mean   score=-0.0949 origin=baseline iters=1 stop=laya_accept
         TEST  smape=0.0116  rmse=127.8934  pocid=33.33  mape=0.0117  | FLOOR smape=0.0116
[ 105] trimmed_mean   score= 0.1765 origin=baseline iters=1 stop=laya_accept
         TEST  smape=0.0019  rmse=5.3468  pocid=75.00  mape=0.0019  | FLOOR smape=0.0019
[ 106] trimmed_mean   score=-0.0606 origin=baseline iters=1 stop=laya_accept
         TEST  smape=0.0115  rmse=305.2292  pocid=66.67  mape=0.0114  | FLOOR smape=0.0115
[ 107] median         score=-0.1051 origin=baseline iters=1 stop=laya_accept
         TEST  smape=0.0074  rmse=145.4364  pocid=58.33  mape=0.0075  | FLOOR smape=0.0074
[ 108] mean           score=-0.0973 origin=baseline iters=1 stop=laya_accept
         TEST  smape=0.0092  rmse=149.9241  pocid=66.67  mape=0.0092  | FLOOR smape=0.0092
[ 109] trimmed_mean   score= 0.1712 origin=baseline iters=1 stop=laya_accept
         TEST  smape=0.0121  rmse=108.5586  pocid=33.33  mape=0.0120  | FLOOR smape=0.0121
[ 110] trimmed_mean   score=-0.0410 origin=baseline iters=1 stop=laya_accept
         TEST  smape=0.0209  rmse=23.7062  pocid=75.00  mape=0.0206  | FLOOR smape=0.0209
[ 111] median         score=-0.0350 origin=baseline iters=1 stop=laya_accept
         TEST  smape=0.0037  rmse=45.7912  pocid=66.67  mape=0.0037  | FLOOR smape=0.0037
[ 112] mean           score=-0.0947 origin=baseline iters=1 stop=laya_accept
         TEST  smape=0.0344  rmse=30.1095  pocid=83.33  mape=0.0351  | FLOOR smape=0.0344
[ 113] median         score= 0.2069 origin=baseline iters=1 stop=laya_accept
         TEST  smape=0.0256  rmse=284.5511  pocid=41.67  mape=0.0260  | FLOOR smape=0.0256
[ 114] trimmed_mean   score= 0.0925 origin=baseline iters=1 stop=laya_accept
         TEST  smape=0.0382  rmse=459.8593  pocid=33.33  mape=0.0390  | FLOOR smape=0.0382
[ 115] trimmed_mean   score=-0.0266 origin=baseline iters=1 stop=laya_accept
         TEST  smape=0.0408  rmse=695.4162  pocid=75.00  mape=0.0419  | FLOOR smape=0.0408
[ 116] median         score= 0.0955 origin=baseline iters=1 stop=laya_accept
         TEST  smape=0.0182  rmse=192.6587  pocid=75.00  mape=0.0178  | FLOOR smape=0.0182
[ 117] trimmed_mean   score= 0.4399 origin=baseline iters=1 stop=laya_accept
         TEST  smape=0.0046  rmse=8.7533  pocid=83.33  mape=0.0046  | FLOOR smape=0.0046
[ 118] mean           score= 0.3083 origin=baseline iters=1 stop=laya_accept
         TEST  smape=0.1541  rmse=192.2356  pocid=50.00  mape=0.1409  | FLOOR smape=0.1541
[ 119] median         score= 0.5690 origin=baseline iters=1 stop=laya_accept
         TEST  smape=0.1495  rmse=165.2522  pocid=33.33  mape=0.1364  | FLOOR smape=0.1495
[ 120] trimmed_mean   score=-0.1045 origin=baseline iters=1 stop=laya_accept
         TEST  smape=0.0036  rmse=53.8735  pocid=83.33  mape=0.0036  | FLOOR smape=0.0036
[ 121] trimmed_mean   score=-0.0860 origin=baseline iters=1 stop=laya_accept
         TEST  smape=0.0418  rmse=18.9026  pocid=66.67  mape=0.0426  | FLOOR smape=0.0418
[ 122] trimmed_mean   score=-0.1001 origin=baseline iters=1 stop=laya_accept
         TEST  smape=0.0356  rmse=21.5406  pocid=83.33  mape=0.0367  | FLOOR smape=0.0356
[ 123] mean           score= 0.2319 origin=baseline iters=1 stop=laya_accept
         TEST  smape=0.0123  rmse=117.5304  pocid=58.33  mape=0.0124  | FLOOR smape=0.0123
[ 124] median         score=-0.1191 origin=baseline iters=1 stop=laya_accept
         TEST  smape=0.0138  rmse=173.5492  pocid=75.00  mape=0.0137  | FLOOR smape=0.0138
[ 125] mean           score= 0.0146 origin=baseline iters=1 stop=laya_accept
         TEST  smape=0.0048  rmse=58.6468  pocid=91.67  mape=0.0048  | FLOOR smape=0.0048
[ 126] trimmed_mean   score=-0.0011 origin=baseline iters=1 stop=laya_accept
         TEST  smape=0.0191  rmse=242.3789  pocid=58.33  mape=0.0193  | FLOOR smape=0.0191
[ 127] trimmed_mean   score=-0.0105 origin=baseline iters=1 stop=laya_accept
         TEST  smape=0.0221  rmse=95.5364  pocid=66.67  mape=0.0221  | FLOOR smape=0.0221
[ 128] trimmed_mean   score= 0.3966 origin=baseline iters=1 stop=laya_accept
         TEST  smape=0.0268  rmse=28.6432  pocid=75.00  mape=0.0272  | FLOOR smape=0.0268
[ 129] mean           score=-0.0840 origin=baseline iters=1 stop=laya_accept
         TEST  smape=0.0097  rmse=93.6733  pocid=50.00  mape=0.0098  | FLOOR smape=0.0097
[ 130] mean           score= 0.1576 origin=baseline iters=1 stop=laya_accept
         TEST  smape=0.0024  rmse=6.4553  pocid=83.33  mape=0.0024  | FLOOR smape=0.0024
[ 131] trimmed_mean   score=-0.0668 origin=baseline iters=1 stop=laya_accept
         TEST  smape=0.0117  rmse=292.2256  pocid=50.00  mape=0.0117  | FLOOR smape=0.0117
[ 132] mean           score=-0.1064 origin=baseline iters=1 stop=laya_accept
         TEST  smape=0.0032  rmse=52.4237  pocid=91.67  mape=0.0032  | FLOOR smape=0.0032
[ 133] trimmed_mean   score=-0.0948 origin=baseline iters=1 stop=laya_accept
         TEST  smape=0.0031  rmse=47.0666  pocid=91.67  mape=0.0031  | FLOOR smape=0.0031
[ 134] trimmed_mean   score= 0.0524 origin=baseline iters=1 stop=laya_accept
         TEST  smape=0.0205  rmse=141.2819  pocid=33.33  mape=0.0202  | FLOOR smape=0.0205
[ 135] mean           score= 0.1342 origin=baseline iters=1 stop=laya_accept
         TEST  smape=0.0196  rmse=146.2557  pocid=58.33  mape=0.0194  | FLOOR smape=0.0196
[ 136] mean           score=-0.0533 origin=baseline iters=1 stop=laya_accept
         TEST  smape=0.0106  rmse=85.3714  pocid=58.33  mape=0.0105  | FLOOR smape=0.0106
[ 137] mean           score=-0.0994 origin=baseline iters=1 stop=laya_accept
         TEST  smape=0.0662  rmse=26.8251  pocid=75.00  mape=0.0679  | FLOOR smape=0.0662
[ 138] mean           score= 0.2853 origin=baseline iters=1 stop=laya_accept
         TEST  smape=0.0327  rmse=269.8821  pocid=58.33  mape=0.0333  | FLOOR smape=0.0327
[ 139] trimmed_mean   score= 0.3947 origin=baseline iters=1 stop=laya_accept
         TEST  smape=0.0344  rmse=313.8332  pocid=41.67  mape=0.0351  | FLOOR smape=0.0344
[ 140] median         score= 0.0218 origin=baseline iters=1 stop=laya_accept
         TEST  smape=0.0458  rmse=569.6585  pocid=66.67  mape=0.0472  | FLOOR smape=0.0458
[ 141] trimmed_mean   score=-0.0026 origin=baseline iters=1 stop=laya_accept
         TEST  smape=0.0136  rmse=117.9658  pocid=75.00  mape=0.0134  | FLOOR smape=0.0136
[ 142] mean           score= 0.1207 origin=baseline iters=1 stop=laya_accept
         TEST  smape=0.0043  rmse=55.0417  pocid=91.67  mape=0.0043  | FLOOR smape=0.0043
[ 143] median         score= 0.1717 origin=baseline iters=1 stop=laya_accept
         TEST  smape=0.1282  rmse=159.5969  pocid=16.67  mape=0.1188  | FLOOR smape=0.1282
[ 144] trimmed_mean   score= 0.3564 origin=baseline iters=1 stop=laya_accept
         TEST  smape=0.1696  rmse=1757.2369  pocid=75.00  mape=0.1537  | FLOOR smape=0.1696
[ 145] median         score=-0.1025 origin=baseline iters=1 stop=laya_accept
         TEST  smape=0.0089  rmse=73.9772  pocid=75.00  mape=0.0088  | FLOOR smape=0.0089
[ 146] trimmed_mean   score=-0.0638 origin=baseline iters=1 stop=laya_accept
         TEST  smape=0.0847  rmse=11.6306  pocid=41.67  mape=0.0897  | FLOOR smape=0.0847
[ 147] median         score=-0.0696 origin=baseline iters=1 stop=laya_accept
         TEST  smape=0.0675  rmse=16.3890  pocid=50.00  mape=0.0705  | FLOOR smape=0.0675
[ 148] median         score= 0.6051 origin=baseline iters=1 stop=laya_accept
         TEST  smape=0.0405  rmse=206.7652  pocid=50.00  mape=0.0393  | FLOOR smape=0.0405
[ 149] trimmed_mean   score=-0.0693 origin=baseline iters=1 stop=laya_accept
         TEST  smape=0.0152  rmse=146.1281  pocid=75.00  mape=0.0151  | FLOOR smape=0.0152
[ 150] trimmed_mean   score=-0.1187 origin=baseline iters=1 stop=laya_accept
         TEST  smape=0.0079  rmse=59.8727  pocid=91.67  mape=0.0079  | FLOOR smape=0.0079
[ 151] median         score= 0.0779 origin=baseline iters=1 stop=laya_accept
         TEST  smape=0.0137  rmse=137.7083  pocid=41.67  mape=0.0137  | FLOOR smape=0.0137
[ 152] trimmed_mean   score= 0.0026 origin=baseline iters=1 stop=laya_accept
         TEST  smape=0.0227  rmse=91.4874  pocid=66.67  mape=0.0229  | FLOOR smape=0.0227
[ 153] trimmed_mean   score= 0.0451 origin=baseline iters=1 stop=laya_accept
         TEST  smape=0.0190  rmse=187.5246  pocid=75.00  mape=0.0192  | FLOOR smape=0.0190
[ 154] mean           score= 0.0624 origin=baseline iters=1 stop=laya_accept
         TEST  smape=0.0186  rmse=104.6428  pocid=41.67  mape=0.0189  | FLOOR smape=0.0186
[ 155] trimmed_mean   score=-0.0375 origin=baseline iters=1 stop=laya_accept
         TEST  smape=0.0143  rmse=95.4742  pocid=41.67  mape=0.0144  | FLOOR smape=0.0143
[ 156] trimmed_mean   score=-0.1258 origin=baseline iters=1 stop=laya_accept
         TEST  smape=0.0033  rmse=5.5450  pocid=75.00  mape=0.0033  | FLOOR smape=0.0033
[ 157] mean           score=-0.0615 origin=baseline iters=1 stop=laya_accept
         TEST  smape=0.0069  rmse=141.7085  pocid=58.33  mape=0.0069  | FLOOR smape=0.0069
[ 158] trimmed_mean   score=-0.0940 origin=baseline iters=1 stop=laya_accept
         TEST  smape=0.0057  rmse=56.8159  pocid=91.67  mape=0.0057  | FLOOR smape=0.0057
[ 159] mean           score=-0.0982 origin=baseline iters=1 stop=laya_accept
         TEST  smape=0.0048  rmse=44.4603  pocid=91.67  mape=0.0048  | FLOOR smape=0.0048
[ 160] mean           score=-0.0105 origin=baseline iters=1 stop=laya_accept
         TEST  smape=0.0062  rmse=94.2328  pocid=58.33  mape=0.0061  | FLOOR smape=0.0062
[ 161] mean           score= 0.0098 origin=baseline iters=1 stop=laya_accept
         TEST  smape=0.0117  rmse=66.6612  pocid=41.67  mape=0.0116  | FLOOR smape=0.0117
[ 162] median         score= 0.0558 origin=baseline iters=1 stop=laya_accept
         TEST  smape=0.0124  rmse=51.1358  pocid=83.33  mape=0.0123  | FLOOR smape=0.0124
[ 163] median         score=-0.0014 origin=baseline iters=1 stop=laya_accept
         TEST  smape=0.0105  rmse=283.3121  pocid=58.33  mape=0.0106  | FLOOR smape=0.0105
[ 164] trimmed_mean   score=-0.0294 origin=baseline iters=1 stop=laya_accept
         TEST  smape=0.0403  rmse=174.9849  pocid=50.00  mape=0.0414  | FLOOR smape=0.0403
[ 165] mean           score= 0.2714 origin=baseline iters=1 stop=laya_accept
         TEST  smape=0.0282  rmse=86.2145  pocid=58.33  mape=0.0287  | FLOOR smape=0.0282
[ 166] mean           score= 0.0867 origin=baseline iters=1 stop=laya_accept
         TEST  smape=0.0308  rmse=100.9891  pocid=58.33  mape=0.0314  | FLOOR smape=0.0308
[ 167] median         score= 0.0798 origin=baseline iters=1 stop=laya_accept
         TEST  smape=0.0286  rmse=123.3759  pocid=83.33  mape=0.0285  | FLOOR smape=0.0286
[ 168] median         score= 0.0617 origin=baseline iters=1 stop=laya_accept
         TEST  smape=0.0419  rmse=84.5477  pocid=50.00  mape=0.0406  | FLOOR smape=0.0419
[ 169] median         score= 0.0786 origin=baseline iters=1 stop=laya_accept
         TEST  smape=0.0210  rmse=93.2625  pocid=41.67  mape=0.0207  | FLOOR smape=0.0210
[ 170] trimmed_mean   score= 0.1181 origin=baseline iters=1 stop=laya_accept
         TEST  smape=0.0087  rmse=63.1978  pocid=66.67  mape=0.0087  | FLOOR smape=0.0087
[ 171] mean           score=-0.0883 origin=baseline iters=1 stop=laya_accept
         TEST  smape=0.0056  rmse=25.0186  pocid=91.67  mape=0.0056  | FLOOR smape=0.0056
[ 172] trimmed_mean   score= 0.4402 origin=baseline iters=1 stop=laya_accept
         TEST  smape=0.0670  rmse=352.5113  pocid=58.33  mape=0.0645  | FLOOR smape=0.0670
[ 173] mean           score= 0.2419 origin=baseline iters=1 stop=laya_accept
         TEST  smape=0.0059  rmse=21.5775  pocid=66.67  mape=0.0060  | FLOOR smape=0.0059
[ 174] mean           score=-0.0685 origin=baseline iters=1 stop=laya_accept
         TEST  smape=0.0063  rmse=24.8604  pocid=83.33  mape=0.0063  | FLOOR smape=0.0063
[ 175] trimmed_mean   score= 0.0897 origin=baseline iters=1 stop=laya_accept
         TEST  smape=0.0237  rmse=65.5451  pocid=58.33  mape=0.0240  | FLOOR smape=0.0237
[ 176] mean           score= 0.4925 origin=baseline iters=1 stop=laya_accept
         TEST  smape=0.0309  rmse=239.5491  pocid=66.67  mape=0.0303  | FLOOR smape=0.0309
[ 177] mean           score= 0.4236 origin=baseline iters=1 stop=laya_accept
         TEST  smape=0.0600  rmse=89.1311  pocid=66.67  mape=0.0619  | FLOOR smape=0.0600
[ 178] trimmed_mean   score=-0.0741 origin=baseline iters=1 stop=laya_accept
         TEST  smape=0.0063  rmse=23.5996  pocid=50.00  mape=0.0062  | FLOOR smape=0.0063
[ 179] trimmed_mean   score= 0.1213 origin=baseline iters=1 stop=laya_accept
         TEST  smape=0.0080  rmse=74.1772  pocid=50.00  mape=0.0079  | FLOOR smape=0.0080
[ 180] trimmed_mean   score=-0.0429 origin=baseline iters=1 stop=laya_accept
         TEST  smape=0.0146  rmse=145.2356  pocid=41.67  mape=0.0145  | FLOOR smape=0.0146
[ 181] trimmed_mean   score= 0.2338 origin=baseline iters=1 stop=laya_accept
         TEST  smape=0.2051  rmse=289.9752  pocid=33.33  mape=0.1830  | FLOOR smape=0.2051
[ 182] trimmed_mean   score=-0.0800 origin=baseline iters=1 stop=laya_accept
         TEST  smape=0.0196  rmse=132.6261  pocid=41.67  mape=0.0194  | FLOOR smape=0.0196
[ 183] mean           score=-0.0453 origin=baseline iters=1 stop=laya_accept
         TEST  smape=0.0043  rmse=24.9554  pocid=91.67  mape=0.0042  | FLOOR smape=0.0043
[ 184] mean           score=-0.0560 origin=baseline iters=1 stop=laya_accept
         TEST  smape=0.0045  rmse=22.1940  pocid=83.33  mape=0.0045  | FLOOR smape=0.0045
[ 185] mean           score= 0.7500 origin=baseline iters=1 stop=laya_accept
         TEST  smape=0.0284  rmse=51.7753  pocid=58.33  mape=0.0279  | FLOOR smape=0.0284
[ 186] median         score= 0.4362 origin=baseline iters=1 stop=laya_accept
         TEST  smape=0.0765  rmse=73.4101  pocid=58.33  mape=0.0733  | FLOOR smape=0.0765
[ 187] median         score= 0.2558 origin=baseline iters=1 stop=laya_accept
         TEST  smape=0.0135  rmse=36.7099  pocid=50.00  mape=0.0136  | FLOOR smape=0.0135
[ 188] mean           score= 0.2513 origin=baseline iters=1 stop=laya_accept
         TEST  smape=0.0808  rmse=194.8703  pocid=50.00  mape=0.0768  | FLOOR smape=0.0808
[ 189] trimmed_mean   score=-0.0135 origin=baseline iters=1 stop=laya_accept
         TEST  smape=0.0158  rmse=8.3701  pocid=58.33  mape=0.0157  | FLOOR smape=0.0158
[ 190] mean           score= 0.4830 origin=baseline iters=1 stop=laya_accept
         TEST  smape=0.0602  rmse=519.1944  pocid=83.33  mape=0.0577  | FLOOR smape=0.0602
[ 191] mean           score= 0.4804 origin=baseline iters=1 stop=laya_accept
         TEST  smape=0.0310  rmse=48.0036  pocid=75.00  mape=0.0320  | FLOOR smape=0.0310
[ 192] trimmed_mean   score= 0.3042 origin=baseline iters=1 stop=laya_accept
         TEST  smape=0.0228  rmse=159.4665  pocid=58.33  mape=0.0228  | FLOOR smape=0.0228
[ 193] median         score= 0.0722 origin=baseline iters=1 stop=laya_accept
         TEST  smape=0.0273  rmse=15.4526  pocid=41.67  mape=0.0268  | FLOOR smape=0.0273
[ 194] trimmed_mean   score= 0.6674 origin=baseline iters=1 stop=laya_accept
         TEST  smape=0.0793  rmse=77.9058  pocid=41.67  mape=0.0760  | FLOOR smape=0.0793
[ 195] mean           score= 0.4277 origin=baseline iters=1 stop=laya_accept
         TEST  smape=0.1398  rmse=1407.8590  pocid=33.33  mape=0.1291  | FLOOR smape=0.1398
[ 196] mean           score= 0.7056 origin=baseline iters=1 stop=laya_accept
         TEST  smape=0.1937  rmse=603.3388  pocid=16.67  mape=0.1765  | FLOOR smape=0.1937
[ 197] mean           score= 0.0840 origin=baseline iters=1 stop=laya_accept
         TEST  smape=0.0527  rmse=147.1547  pocid=41.67  mape=0.0511  | FLOOR smape=0.0527
[ 198] median         score= 0.0725 origin=baseline iters=1 stop=laya_accept
         TEST  smape=0.0570  rmse=51.5690  pocid=50.00  mape=0.0566  | FLOOR smape=0.0570
[ 199] median         score= 0.2626 origin=baseline iters=1 stop=laya_accept
         TEST  smape=0.0885  rmse=201.9539  pocid=66.67  mape=0.0931  | FLOOR smape=0.0885
[ 200] trimmed_mean   score= 0.5458 origin=baseline iters=1 stop=laya_accept
         TEST  smape=0.1823  rmse=337.7647  pocid=66.67  mape=0.1664  | FLOOR smape=0.1823
[ 201] median         score= 0.6361 origin=baseline iters=1 stop=laya_accept
         TEST  smape=0.0431  rmse=187.9742  pocid=41.67  mape=0.0420  | FLOOR smape=0.0431
[ 202] trimmed_mean   score= 0.6046 origin=baseline iters=1 stop=laya_accept
         TEST  smape=0.0801  rmse=511.7285  pocid=33.33  mape=0.0858  | FLOOR smape=0.0801
[ 203] median         score= 0.0009 origin=baseline iters=1 stop=laya_accept
         TEST  smape=0.0022  rmse=19.4552  pocid=66.67  mape=0.0022  | FLOOR smape=0.0022
[ 204] mean           score= 0.1643 origin=baseline iters=1 stop=laya_accept
         TEST  smape=0.0324  rmse=529.2221  pocid=58.33  mape=0.0317  | FLOOR smape=0.0324
[ 205] mean           score= 0.5490 origin=baseline iters=1 stop=laya_accept
         TEST  smape=0.1121  rmse=151.6753  pocid=58.33  mape=0.1047  | FLOOR smape=0.1121
[ 206] trimmed_mean   score= 0.4099 origin=baseline iters=1 stop=laya_accept
         TEST  smape=0.1093  rmse=2504.3453  pocid=50.00  mape=0.0987  | FLOOR smape=0.1093
[ 207] mean           score= 0.1737 origin=baseline iters=1 stop=laya_accept
         TEST  smape=0.0770  rmse=2389.1930  pocid=75.00  mape=0.0801  | FLOOR smape=0.0770
[ 208] mean           score= 0.0763 origin=baseline iters=1 stop=laya_accept
         TEST  smape=1.2122  rmse=3041.5898  pocid=0.00  mape=0.7496  | FLOOR smape=1.2122
[ 209] trimmed_mean   score= 0.1345 origin=baseline iters=1 stop=laya_accept
         TEST  smape=0.1320  rmse=1236.1964  pocid=75.00  mape=0.1227  | FLOOR smape=0.1320
[ 210] mean           score=-0.1323 origin=baseline iters=1 stop=laya_accept
         TEST  smape=0.0046  rmse=132.8517  pocid=91.67  mape=0.0046  | FLOOR smape=0.0046
[ 211] trimmed_mean   score= 0.0379 origin=baseline iters=1 stop=laya_accept
         TEST  smape=0.0461  rmse=312.9232  pocid=50.00  mape=0.0446  | FLOOR smape=0.0461
[ 212] trimmed_mean   score= 0.1546 origin=baseline iters=1 stop=laya_accept
         TEST  smape=0.0490  rmse=206.2662  pocid=66.67  mape=0.0499  | FLOOR smape=0.0490
[ 213] median         score= 0.3157 origin=baseline iters=1 stop=laya_accept
         TEST  smape=0.0269  rmse=64.3182  pocid=66.67  mape=0.0266  | FLOOR smape=0.0269
[ 214] mean           score= 0.2032 origin=baseline iters=1 stop=laya_accept
         TEST  smape=0.0310  rmse=86.2396  pocid=41.67  mape=0.0304  | FLOOR smape=0.0310
[ 215] mean           score= 0.1210 origin=baseline iters=1 stop=laya_accept
         TEST  smape=0.0214  rmse=80.8101  pocid=41.67  mape=0.0211  | FLOOR smape=0.0214
[ 216] median         score= 0.3908 origin=baseline iters=1 stop=laya_accept
         TEST  smape=0.0296  rmse=385.6762  pocid=25.00  mape=0.0294  | FLOOR smape=0.0296
[ 217] trimmed_mean   score=-0.0630 origin=baseline iters=1 stop=laya_accept
         TEST  smape=0.0450  rmse=460.6830  pocid=58.33  mape=0.0444  | FLOOR smape=0.0450
[ 218] trimmed_mean   score=-0.1619 origin=baseline iters=1 stop=laya_accept
         TEST  smape=0.0006  rmse=0.7850  pocid=100.00  mape=0.0006  | FLOOR smape=0.0006
[ 219] trimmed_mean   score=-0.1243 origin=baseline iters=1 stop=laya_accept
         TEST  smape=0.0000  rmse=0.0835  pocid=100.00  mape=0.0000  | FLOOR smape=0.0000
[ 220] mean           score= 0.6833 origin=baseline iters=1 stop=laya_accept
         TEST  smape=0.0509  rmse=438.7661  pocid=83.33  mape=0.0494  | FLOOR smape=0.0509
[ 221] mean           score= 0.1808 origin=baseline iters=1 stop=laya_accept
         TEST  smape=0.0860  rmse=744.9377  pocid=50.00  mape=0.0846  | FLOOR smape=0.0860
[ 222] median         score= 0.0820 origin=baseline iters=1 stop=laya_accept
         TEST  smape=0.0113  rmse=404.5998  pocid=75.00  mape=0.0113  | FLOOR smape=0.0113
[ 223] median         score= 0.2345 origin=baseline iters=1 stop=laya_accept
         TEST  smape=0.1386  rmse=326.0830  pocid=58.33  mape=0.1262  | FLOOR smape=0.1386
[ 224] trimmed_mean   score= 0.1439 origin=baseline iters=1 stop=laya_accept
         TEST  smape=0.0536  rmse=222.1127  pocid=75.00  mape=0.0498  | FLOOR smape=0.0536
[ 225] trimmed_mean   score= 0.1418 origin=baseline iters=1 stop=laya_accept
         TEST  smape=0.0411  rmse=131.1304  pocid=58.33  mape=0.0424  | FLOOR smape=0.0411
[ 226] mean           score= 0.1265 origin=baseline iters=1 stop=laya_accept
         TEST  smape=0.1142  rmse=224.4497  pocid=50.00  mape=0.1055  | FLOOR smape=0.1142
[ 227] mean           score= 0.2961 origin=baseline iters=1 stop=laya_accept
         TEST  smape=0.0490  rmse=480.0154  pocid=58.33  mape=0.0475  | FLOOR smape=0.0490
[ 228] mean           score= 0.0011 origin=baseline iters=1 stop=laya_accept
         TEST  smape=0.0629  rmse=32.0543  pocid=75.00  mape=0.0656  | FLOOR smape=0.0629
[ 229] trimmed_mean   score= 0.2160 origin=baseline iters=1 stop=laya_accept
         TEST  smape=0.1136  rmse=600.6587  pocid=41.67  mape=0.1067  | FLOOR smape=0.1136
[ 230] trimmed_mean   score= 0.3511 origin=baseline iters=1 stop=laya_accept
         TEST  smape=0.3245  rmse=395.8817  pocid=100.00  mape=0.2662  | FLOOR smape=0.3245
[ 231] mean           score= 0.1605 origin=baseline iters=1 stop=laya_accept
         TEST  smape=0.1919  rmse=647.3631  pocid=75.00  mape=0.1646  | FLOOR smape=0.1919
[ 232] trimmed_mean   score= 0.2786 origin=baseline iters=1 stop=laya_accept
         TEST  smape=0.1576  rmse=291.3804  pocid=25.00  mape=0.1369  | FLOOR smape=0.1576
[ 233] trimmed_mean   score= 0.2552 origin=baseline iters=1 stop=laya_accept
         TEST  smape=0.1442  rmse=412.2606  pocid=50.00  mape=0.1287  | FLOOR smape=0.1442
[ 234] mean           score= 0.2696 origin=baseline iters=1 stop=laya_accept
         TEST  smape=0.0551  rmse=60.4952  pocid=91.67  mape=0.0538  | FLOOR smape=0.0551
[ 235] median         score= 0.1591 origin=baseline iters=1 stop=laya_accept
         TEST  smape=0.0692  rmse=402.3851  pocid=58.33  mape=0.0653  | FLOOR smape=0.0692
[ 236] mean           score= 0.1351 origin=baseline iters=1 stop=laya_accept
         TEST  smape=0.0697  rmse=98.4101  pocid=58.33  mape=0.0725  | FLOOR smape=0.0697
[ 237] trimmed_mean   score= 0.1218 origin=baseline iters=1 stop=laya_accept
         TEST  smape=0.2746  rmse=227.1684  pocid=83.33  mape=0.2293  | FLOOR smape=0.2746
[ 238] median         score= 0.4457 origin=baseline iters=1 stop=laya_accept
         TEST  smape=0.0498  rmse=269.6889  pocid=75.00  mape=0.0502  | FLOOR smape=0.0498
[ 239] mean           score= 0.0028 origin=baseline iters=1 stop=laya_accept
         TEST  smape=0.0307  rmse=117.1486  pocid=58.33  mape=0.0308  | FLOOR smape=0.0307
[ 240] trimmed_mean   score= 0.3127 origin=baseline iters=1 stop=laya_accept
         TEST  smape=0.0847  rmse=151.5935  pocid=91.67  mape=0.0795  | FLOOR smape=0.0847
[ 241] trimmed_mean   score= 0.1952 origin=baseline iters=1 stop=laya_accept
         TEST  smape=0.0811  rmse=230.3040  pocid=58.33  mape=0.0757  | FLOOR smape=0.0811
[ 242] median         score= 0.3639 origin=baseline iters=1 stop=laya_accept
         TEST  smape=0.4878  rmse=1402.7283  pocid=66.67  mape=0.3720  | FLOOR smape=0.4878
[ 243] trimmed_mean   score= 0.2642 origin=baseline iters=1 stop=laya_accept
         TEST  smape=0.1975  rmse=261.5052  pocid=100.00  mape=0.1756  | FLOOR smape=0.1975
[ 244] trimmed_mean   score= 0.3041 origin=baseline iters=1 stop=laya_accept
         TEST  smape=0.0972  rmse=347.4334  pocid=66.67  mape=0.0901  | FLOOR smape=0.0972
[ 245] mean           score= 0.7111 origin=baseline iters=1 stop=laya_accept
         TEST  smape=0.1914  rmse=332.7726  pocid=83.33  mape=0.1677  | FLOOR smape=0.1914
[ 246] trimmed_mean   score= 0.1195 origin=baseline iters=1 stop=laya_accept
         TEST  smape=0.0510  rmse=445.6110  pocid=66.67  mape=0.0486  | FLOOR smape=0.0510
[ 247] mean           score= 0.0557 origin=baseline iters=1 stop=laya_accept
         TEST  smape=0.0212  rmse=388.4540  pocid=25.00  mape=0.0212  | FLOOR smape=0.0212
[ 248] trimmed_mean   score= 0.0206 origin=baseline iters=1 stop=laya_accept
         TEST  smape=0.0627  rmse=1753.0946  pocid=16.67  mape=0.0662  | FLOOR smape=0.0627
[ 249] mean           score=-0.1266 origin=baseline iters=1 stop=laya_accept
         TEST  smape=0.0100  rmse=45.7434  pocid=91.67  mape=0.0099  | FLOOR smape=0.0100
[ 250] trimmed_mean   score= 0.0928 origin=baseline iters=1 stop=laya_accept
         TEST  smape=0.0503  rmse=390.8746  pocid=58.33  mape=0.0487  | FLOOR smape=0.0503
[ 251] median         score=-0.1498 origin=baseline iters=1 stop=laya_accept
         TEST  smape=0.0098  rmse=106.9684  pocid=83.33  mape=0.0097  | FLOOR smape=0.0098
[ 252] mean           score=-0.0822 origin=baseline iters=1 stop=laya_accept
         TEST  smape=0.0072  rmse=103.2238  pocid=83.33  mape=0.0072  | FLOOR smape=0.0072
[ 253] trimmed_mean   score=-0.1310 origin=baseline iters=1 stop=laya_accept
         TEST  smape=0.0038  rmse=31.1642  pocid=91.67  mape=0.0038  | FLOOR smape=0.0038
[ 254] mean           score= 0.0665 origin=baseline iters=1 stop=laya_accept
         TEST  smape=0.0268  rmse=56.0565  pocid=58.33  mape=0.0273  | FLOOR smape=0.0268
[ 255] mean           score= 0.1205 origin=baseline iters=1 stop=laya_accept
         TEST  smape=0.0232  rmse=68.9938  pocid=75.00  mape=0.0232  | FLOOR smape=0.0232
[ 256] mean           score= 0.3905 origin=baseline iters=1 stop=laya_accept
         TEST  smape=0.0037  rmse=18.7904  pocid=66.67  mape=0.0037  | FLOOR smape=0.0037
[ 257] median         score= 0.1005 origin=baseline iters=1 stop=laya_accept
         TEST  smape=0.0569  rmse=137.9844  pocid=50.00  mape=0.0592  | FLOOR smape=0.0569
[ 258] median         score= 0.5338 origin=baseline iters=1 stop=laya_accept
         TEST  smape=0.1516  rmse=1149.1341  pocid=25.00  mape=0.1702  | FLOOR smape=0.1516
[ 259] trimmed_mean   score= 0.1334 origin=baseline iters=1 stop=laya_accept
         TEST  smape=0.1886  rmse=241.3651  pocid=75.00  mape=0.1762  | FLOOR smape=0.1886
[ 260] dba            score= 0.6976 origin=baseline iters=1 stop=laya_accept
         TEST  smape=0.0286  rmse=168.0614  pocid=58.33  mape=0.0284  | FLOOR smape=0.0286
[ 261] mean           score=-0.1509 origin=baseline iters=1 stop=laya_accept
         TEST  smape=0.0015  rmse=7.8347  pocid=100.00  mape=0.0015  | FLOOR smape=0.0015
[ 262] mean           score= 0.7167 origin=baseline iters=1 stop=laya_accept
         TEST  smape=0.2291  rmse=529.4317  pocid=83.33  mape=0.2686  | FLOOR smape=0.2291
[ 263] trimmed_mean   score= 0.3355 origin=baseline iters=1 stop=laya_accept
         TEST  smape=0.0658  rmse=317.0659  pocid=41.67  mape=0.0645  | FLOOR smape=0.0658
[ 264] median         score= 0.4653 origin=baseline iters=1 stop=laya_accept
         TEST  smape=0.0837  rmse=182.7780  pocid=66.67  mape=0.0878  | FLOOR smape=0.0837
[ 265] mean           score= 0.6889 origin=baseline iters=1 stop=laya_accept
         TEST  smape=0.0841  rmse=185.2678  pocid=50.00  mape=0.0881  | FLOOR smape=0.0841
[ 266] trimmed_mean   score= 0.4412 origin=baseline iters=1 stop=laya_accept
         TEST  smape=0.1510  rmse=668.0719  pocid=8.33  mape=0.1392  | FLOOR smape=0.1510
[ 267] median         score= 0.6470 origin=baseline iters=1 stop=laya_accept
         TEST  smape=0.0433  rmse=67.0719  pocid=66.67  mape=0.0446  | FLOOR smape=0.0433
[ 268] mean           score= 0.7056 origin=baseline iters=1 stop=laya_accept
         TEST  smape=0.0495  rmse=70.7459  pocid=41.67  mape=0.0510  | FLOOR smape=0.0495
[ 269] trimmed_mean   score= 0.0476 origin=baseline iters=1 stop=laya_accept
         TEST  smape=0.0498  rmse=458.3066  pocid=25.00  mape=0.0483  | FLOOR smape=0.0498
[ 270] mean           score= 0.2612 origin=baseline iters=1 stop=laya_accept
         TEST  smape=0.0654  rmse=559.8824  pocid=58.33  mape=0.0629  | FLOOR smape=0.0654
[ 271] trimmed_mean   score= 0.2093 origin=baseline iters=1 stop=laya_accept
         TEST  smape=0.0325  rmse=33.8696  pocid=75.00  mape=0.0331  | FLOOR smape=0.0325
[ 272] mean           score= 0.1814 origin=baseline iters=1 stop=laya_accept
         TEST  smape=0.0253  rmse=197.7219  pocid=41.67  mape=0.0249  | FLOOR smape=0.0253
[ 273] mean           score= 0.3373 origin=baseline iters=1 stop=laya_accept
         TEST  smape=0.1750  rmse=141.8100  pocid=41.67  mape=0.1939  | FLOOR smape=0.1750
[ 274] trimmed_mean   score= 0.5929 origin=baseline iters=1 stop=laya_accept
         TEST  smape=0.1098  rmse=976.8889  pocid=50.00  mape=0.1176  | FLOOR smape=0.1098
[ 275] trimmed_mean   score= 0.3540 origin=baseline iters=1 stop=laya_accept
         TEST  smape=0.0259  rmse=343.1276  pocid=33.33  mape=0.0258  | FLOOR smape=0.0259
[ 276] mean           score=-0.0303 origin=baseline iters=1 stop=laya_accept
         TEST  smape=0.0156  rmse=107.2583  pocid=91.67  mape=0.0150  | FLOOR smape=0.0156
[ 277] median         score= 0.5834 origin=baseline iters=1 stop=laya_accept
         TEST  smape=0.0444  rmse=67.0947  pocid=75.00  mape=0.0458  | FLOOR smape=0.0444
[ 278] mean           score= 0.4897 origin=baseline iters=1 stop=laya_accept
         TEST  smape=0.0819  rmse=114.0170  pocid=41.67  mape=0.0863  | FLOOR smape=0.0819
[ 279] mean           score= 0.0176 origin=baseline iters=1 stop=laya_accept
         TEST  smape=0.0123  rmse=68.8872  pocid=50.00  mape=0.0122  | FLOOR smape=0.0123
[ 280] mean           score= 0.6463 origin=baseline iters=1 stop=laya_accept
         TEST  smape=0.0524  rmse=127.9308  pocid=75.00  mape=0.0502  | FLOOR smape=0.0524
[ 281] trimmed_mean   score=-0.0804 origin=baseline iters=1 stop=laya_accept
         TEST  smape=0.0111  rmse=30.5695  pocid=83.33  mape=0.0112  | FLOOR smape=0.0111
[ 282] mean           score=-0.0723 origin=baseline iters=1 stop=laya_accept
         TEST  smape=0.0497  rmse=21.0296  pocid=33.33  mape=0.0518  | FLOOR smape=0.0497
[ 283] median         score=-0.0150 origin=baseline iters=1 stop=laya_accept
         TEST  smape=0.0416  rmse=30.1856  pocid=50.00  mape=0.0424  | FLOOR smape=0.0416
[ 284] mean           score= 0.6667 origin=baseline iters=1 stop=laya_accept
         TEST  smape=0.3486  rmse=302.3252  pocid=58.33  mape=0.4238  | FLOOR smape=0.3486
[ 285] mean           score= 0.0025 origin=baseline iters=1 stop=laya_accept
         TEST  smape=0.0282  rmse=358.4405  pocid=66.67  mape=0.0288  | FLOOR smape=0.0282
[ 286] trimmed_mean   score= 0.0452 origin=baseline iters=1 stop=laya_accept
         TEST  smape=0.0343  rmse=89.8100  pocid=75.00  mape=0.0336  | FLOOR smape=0.0343
[ 287] trimmed_mean   score=-0.0470 origin=baseline iters=1 stop=laya_accept
         TEST  smape=0.0061  rmse=64.8094  pocid=41.67  mape=0.0061  | FLOOR smape=0.0061
[ 288] trimmed_mean   score= 0.1457 origin=baseline iters=1 stop=laya_accept
         TEST  smape=0.0389  rmse=463.9016  pocid=58.33  mape=0.0399  | FLOOR smape=0.0389
[ 289] median         score= 0.3666 origin=baseline iters=1 stop=laya_accept
         TEST  smape=0.0572  rmse=1042.6812  pocid=75.00  mape=0.0556  | FLOOR smape=0.0572
[ 290] mean           score= 0.3214 origin=baseline iters=1 stop=laya_accept
         TEST  smape=0.1270  rmse=1142.7253  pocid=41.67  mape=0.1372  | FLOOR smape=0.1270
[ 291] trimmed_mean   score= 0.1630 origin=baseline iters=1 stop=laya_accept
         TEST  smape=0.0904  rmse=1700.0592  pocid=58.33  mape=0.0953  | FLOOR smape=0.0904
[ 292] mean           score= 0.6056 origin=baseline iters=1 stop=laya_accept
         TEST  smape=0.1852  rmse=630.3213  pocid=83.33  mape=0.1555  | FLOOR smape=0.1852
[ 293] mean           score= 0.6833 origin=baseline iters=1 stop=laya_accept
         TEST  smape=0.1444  rmse=224.4498  pocid=58.33  mape=0.1604  | FLOOR smape=0.1444
[ 294] mean           score= 0.6833 origin=baseline iters=1 stop=laya_accept
         TEST  smape=0.1964  rmse=808.1596  pocid=41.67  mape=0.2239  | FLOOR smape=0.1964
[ 295] mean           score= 0.6557 origin=baseline iters=1 stop=laya_accept
         TEST  smape=0.1271  rmse=488.9808  pocid=75.00  mape=0.1456  | FLOOR smape=0.1271
[ 296] dba            score= 0.6530 origin=baseline iters=1 stop=laya_accept
         TEST  smape=0.0995  rmse=532.7718  pocid=66.67  mape=0.1058  | FLOOR smape=0.0995
[ 297] trimmed_mean   score= 0.6240 origin=baseline iters=1 stop=laya_accept
         TEST  smape=0.1758  rmse=795.1085  pocid=41.67  mape=0.2212  | FLOOR smape=0.1758
[ 298] mean           score= 0.6889 origin=baseline iters=1 stop=laya_accept
         TEST  smape=0.0984  rmse=447.7638  pocid=66.67  mape=0.1017  | FLOOR smape=0.0984
[ 299] dba            score= 0.6474 origin=baseline iters=1 stop=laya_accept
         TEST  smape=0.1141  rmse=273.0295  pocid=58.33  mape=0.1207  | FLOOR smape=0.1141
[ 300] dba            score= 0.6622 origin=baseline iters=1 stop=laya_accept
         TEST  smape=0.0915  rmse=311.7036  pocid=50.00  mape=0.0903  | FLOOR smape=0.0915
[ 301] mean           score= 0.6889 origin=baseline iters=1 stop=laya_accept
         TEST  smape=0.1308  rmse=568.4458  pocid=33.33  mape=0.1175  | FLOOR smape=0.1308
[ 302] mean           score= 0.6087 origin=baseline iters=1 stop=laya_accept
         TEST  smape=0.1491  rmse=975.3484  pocid=66.67  mape=0.1751  | FLOOR smape=0.1491
[ 303] mean           score= 0.7006 origin=baseline iters=1 stop=laya_accept
         TEST  smape=0.1521  rmse=561.4764  pocid=91.67  mape=0.1828  | FLOOR smape=0.1521
[ 304] dba            score= 0.6364 origin=baseline iters=1 stop=laya_accept
         TEST  smape=0.1958  rmse=695.5597  pocid=66.67  mape=0.2323  | FLOOR smape=0.1958
[ 305] mean           score= 0.5970 origin=baseline iters=1 stop=laya_accept
         TEST  smape=0.1691  rmse=509.1498  pocid=75.00  mape=0.2089  | FLOOR smape=0.1691
[ 306] mean           score= 0.6889 origin=baseline iters=1 stop=laya_accept
         TEST  smape=0.1005  rmse=376.5866  pocid=91.67  mape=0.1061  | FLOOR smape=0.1005
[ 307] trimmed_mean   score= 0.6358 origin=baseline iters=1 stop=laya_accept
         TEST  smape=0.1252  rmse=358.0484  pocid=58.33  mape=0.1443  | FLOOR smape=0.1252
[ 308] dba            score= 0.6648 origin=baseline iters=1 stop=laya_accept
         TEST  smape=0.1221  rmse=1011.5338  pocid=33.33  mape=0.1153  | FLOOR smape=0.1221
[ 309] trimmed_mean   score= 0.6993 origin=baseline iters=1 stop=laya_accept
         TEST  smape=0.1237  rmse=755.2337  pocid=58.33  mape=0.1163  | FLOOR smape=0.1237
[ 310] dba            score= 0.7250 origin=baseline iters=1 stop=laya_accept
         TEST  smape=0.1139  rmse=627.4031  pocid=75.00  mape=0.1098  | FLOOR smape=0.1139
[ 311] dba            score= 0.6760 origin=baseline iters=1 stop=laya_accept
         TEST  smape=0.1121  rmse=627.1311  pocid=41.67  mape=0.1054  | FLOOR smape=0.1121
[ 312] trimmed_mean   score= 0.5633 origin=baseline iters=1 stop=laya_accept
         TEST  smape=0.2754  rmse=721.5210  pocid=50.00  mape=0.3222  | FLOOR smape=0.2754
[ 313] dba            score= 0.6872 origin=baseline iters=1 stop=laya_accept
         TEST  smape=0.0864  rmse=925.1484  pocid=58.33  mape=0.0820  | FLOOR smape=0.0864
[ 314] dba            score= 0.6601 origin=baseline iters=1 stop=laya_accept
         TEST  smape=0.0997  rmse=614.9052  pocid=16.67  mape=0.1078  | FLOOR smape=0.0997
[ 315] dba            score= 0.6858 origin=baseline iters=1 stop=laya_accept
         TEST  smape=0.0832  rmse=281.7137  pocid=58.33  mape=0.0821  | FLOOR smape=0.0832
[ 316] mean           score= 0.6889 origin=baseline iters=1 stop=laya_accept
         TEST  smape=0.0967  rmse=487.9279  pocid=50.00  mape=0.1034  | FLOOR smape=0.0967
[ 317] mean           score= 0.6944 origin=baseline iters=1 stop=laya_accept
         TEST  smape=0.0480  rmse=230.6516  pocid=41.67  mape=0.0466  | FLOOR smape=0.0480
[ 318] median         score= 0.7273 origin=baseline iters=1 stop=laya_accept
         TEST  smape=0.1446  rmse=420.1490  pocid=50.00  mape=0.1322  | FLOOR smape=0.1446
[ 319] dba            score= 0.6841 origin=baseline iters=1 stop=laya_accept
         TEST  smape=0.2265  rmse=676.2416  pocid=50.00  mape=0.2002  | FLOOR smape=0.2265
[ 320] dba            score= 0.5730 origin=baseline iters=1 stop=laya_accept
         TEST  smape=0.0972  rmse=731.4933  pocid=58.33  mape=0.1052  | FLOOR smape=0.0972
[ 321] mean           score= 0.6833 origin=baseline iters=1 stop=laya_accept
         TEST  smape=0.1230  rmse=402.4541  pocid=50.00  mape=0.1130  | FLOOR smape=0.1230
[ 322] dba            score= 0.6681 origin=baseline iters=1 stop=laya_accept
         TEST  smape=0.2499  rmse=1401.5678  pocid=41.67  mape=0.2169  | FLOOR smape=0.2499
[ 323] dba            score= 0.6838 origin=baseline iters=1 stop=laya_accept
         TEST  smape=0.2382  rmse=740.7728  pocid=41.67  mape=0.2075  | FLOOR smape=0.2382
[ 324] dba            score= 0.6740 origin=baseline iters=1 stop=laya_accept
         TEST  smape=0.1719  rmse=669.4901  pocid=50.00  mape=0.1911  | FLOOR smape=0.1719
[ 325] dba            score= 0.6786 origin=baseline iters=1 stop=laya_accept
         TEST  smape=0.1243  rmse=547.6325  pocid=75.00  mape=0.1194  | FLOOR smape=0.1243
[ 326] dba            score= 0.7119 origin=baseline iters=1 stop=laya_accept
         TEST  smape=0.1466  rmse=1694.5697  pocid=50.00  mape=0.1378  | FLOOR smape=0.1466
[ 327] mean           score= 0.7000 origin=baseline iters=1 stop=laya_accept
         TEST  smape=0.1604  rmse=466.0795  pocid=58.33  mape=0.1501  | FLOOR smape=0.1604
[ 328] dba            score= 0.6578 origin=baseline iters=1 stop=laya_accept
         TEST  smape=0.1285  rmse=1537.5027  pocid=66.67  mape=0.1188  | FLOOR smape=0.1285
[ 329] trimmed_mean   score= 0.5555 origin=baseline iters=1 stop=laya_accept
         TEST  smape=0.1184  rmse=546.1837  pocid=41.67  mape=0.1173  | FLOOR smape=0.1184
[ 330] dba            score= 0.7138 origin=baseline iters=1 stop=laya_accept
         TEST  smape=0.1117  rmse=891.9643  pocid=75.00  mape=0.1058  | FLOOR smape=0.1117
[ 331] dba            score= 0.6302 origin=baseline iters=1 stop=laya_accept
         TEST  smape=0.0980  rmse=486.2911  pocid=41.67  mape=0.0933  | FLOOR smape=0.0980
[ 332] mean           score= 0.6889 origin=baseline iters=1 stop=laya_accept
         TEST  smape=0.1727  rmse=575.0668  pocid=58.33  mape=0.1554  | FLOOR smape=0.1727
[ 333] dba            score= 0.6834 origin=baseline iters=1 stop=laya_accept
         TEST  smape=0.1688  rmse=739.4617  pocid=91.67  mape=0.1531  | FLOOR smape=0.1688
[ 334] dba            score= 0.7050 origin=baseline iters=1 stop=laya_accept
         TEST  smape=0.1518  rmse=826.9315  pocid=41.67  mape=0.1376  | FLOOR smape=0.1518
[ 335] dba            score= 0.6859 origin=baseline iters=1 stop=laya_accept
         TEST  smape=0.1861  rmse=399.5305  pocid=83.33  mape=0.1692  | FLOOR smape=0.1861
[ 336] mean           score= 0.7111 origin=baseline iters=1 stop=laya_accept
         TEST  smape=0.1842  rmse=426.0272  pocid=58.33  mape=0.1650  | FLOOR smape=0.1842
[ 337] dba            score= 0.6640 origin=baseline iters=1 stop=laya_accept
         TEST  smape=0.1966  rmse=588.4901  pocid=58.33  mape=0.1725  | FLOOR smape=0.1966
[ 338] mean           score= 0.6745 origin=baseline iters=1 stop=laya_accept
         TEST  smape=0.1537  rmse=718.9576  pocid=66.67  mape=0.1786  | FLOOR smape=0.1537
[ 339] dba            score= 0.6829 origin=baseline iters=1 stop=laya_accept
         TEST  smape=0.1517  rmse=1191.7864  pocid=50.00  mape=0.1376  | FLOOR smape=0.1517
[ 340] median         score= 0.6869 origin=baseline iters=1 stop=laya_accept
         TEST  smape=0.1062  rmse=674.5678  pocid=41.67  mape=0.1016  | FLOOR smape=0.1062
[ 341] dba            score= 0.6490 origin=baseline iters=1 stop=laya_accept
         TEST  smape=0.0793  rmse=163.7653  pocid=58.33  mape=0.0793  | FLOOR smape=0.0793
[ 342] dba            score= 0.6288 origin=baseline iters=1 stop=laya_accept
         TEST  smape=0.1136  rmse=522.4581  pocid=66.67  mape=0.1116  | FLOOR smape=0.1136
[ 343] dba            score= 0.6837 origin=baseline iters=1 stop=laya_accept
         TEST  smape=0.1227  rmse=543.4616  pocid=58.33  mape=0.1378  | FLOOR smape=0.1227
[ 344] trimmed_mean   score= 0.6707 origin=baseline iters=1 stop=laya_accept
         TEST  smape=0.1035  rmse=462.5523  pocid=41.67  mape=0.1094  | FLOOR smape=0.1035
[ 345] mean           score= 0.6778 origin=baseline iters=1 stop=laya_accept
         TEST  smape=0.1028  rmse=831.5428  pocid=66.67  mape=0.1155  | FLOOR smape=0.1028
[ 346] dba            score= 0.7007 origin=baseline iters=1 stop=laya_accept
         TEST  smape=0.1025  rmse=489.2878  pocid=58.33  mape=0.1078  | FLOOR smape=0.1025
[ 347] dba            score= 0.6299 origin=baseline iters=1 stop=laya_accept
         TEST  smape=0.1515  rmse=769.9879  pocid=50.00  mape=0.1686  | FLOOR smape=0.1515
[ 348] median         score= 0.5587 origin=baseline iters=1 stop=laya_accept
         TEST  smape=0.0379  rmse=191.1121  pocid=33.33  mape=0.0383  | FLOOR smape=0.0379
[ 349] trimmed_mean   score= 0.5608 origin=baseline iters=1 stop=laya_accept
         TEST  smape=0.1541  rmse=921.2901  pocid=83.33  mape=0.1506  | FLOOR smape=0.1541
[ 350] trimmed_mean   score= 0.6650 origin=baseline iters=1 stop=laya_accept
         TEST  smape=0.1338  rmse=303.7117  pocid=50.00  mape=0.1405  | FLOOR smape=0.1338
[ 351] mean           score= 0.4148 origin=baseline iters=1 stop=laya_accept
         TEST  smape=0.1435  rmse=302.3894  pocid=50.00  mape=0.1633  | FLOOR smape=0.1435
[ 352] mean           score= 0.7444 origin=baseline iters=1 stop=laya_accept
         TEST  smape=0.1227  rmse=280.4417  pocid=50.00  mape=0.1395  | FLOOR smape=0.1227
[ 353] mean           score= 0.7000 origin=baseline iters=1 stop=laya_accept
         TEST  smape=0.1655  rmse=663.7173  pocid=75.00  mape=0.1729  | FLOOR smape=0.1655
[ 354] mean           score= 0.6944 origin=baseline iters=1 stop=laya_accept
         TEST  smape=0.3267  rmse=1345.8959  pocid=50.00  mape=0.4095  | FLOOR smape=0.3267
[ 355] dba            score= 0.6880 origin=baseline iters=1 stop=laya_accept
         TEST  smape=0.1343  rmse=679.5794  pocid=83.33  mape=0.1547  | FLOOR smape=0.1343
[ 356] trimmed_mean   score= 0.6239 origin=baseline iters=1 stop=laya_accept
         TEST  smape=0.1377  rmse=620.4794  pocid=50.00  mape=0.1594  | FLOOR smape=0.1377
[ 357] mean           score= 0.6889 origin=baseline iters=1 stop=laya_accept
         TEST  smape=0.0982  rmse=777.3340  pocid=66.67  mape=0.1002  | FLOOR smape=0.0982
[ 358] trimmed_mean   score= 0.6846 origin=baseline iters=1 stop=laya_accept
         TEST  smape=0.1380  rmse=666.6188  pocid=66.67  mape=0.1474  | FLOOR smape=0.1380
--------------------------------------------------------------------------
done in 130.6s | ok: 359 | failed: 0
DATASET SUMMARY over 359 series (mean across series):
  this run   smape=0.0910  rmse=419.6139  pocid=59.61  mape=0.0897  mae=343.3524
  baseline   smape=0.0910  rmse=419.6139  pocid=59.61  mape=0.0897  (== seed floor: no agent contribution this run)
  mean       smape=0.1560  rmse=565670643599352549196716204211537639244317944908035229208154108667468348208885108199311009429349561812871400925394649666000525459456.0000  pocid=53.20  mape=39777294267569865632092305676114673475780582879823695972881129375030108721987150752620451168492782782066944539201619654537641984.0000  <- this run is better
  median     smape=0.0897  rmse=98091549866.9433  pocid=58.45  mape=11214489.3177  <- this run is better
  dba        smape=0.1594  rmse=565670643599352549196716204211537639244317944908035229208154108667468348208885108199311009429349561812871400925394649666000525459456.0000  pocid=51.74  mape=39777294267569846392831467592872870605155533981574767711289688718073727887859511960764117429620413927444749771176404416926318592.0000  <- this run is better
  ADE        smape=0.1069  rmse=335850489305280897150278938350792956054116807272513112971539555160952541873624259473465507936843830466561185255755901421801810427904.0000  pocid=57.29  mape=23616611351791077356813904533184018234363216971665633450013792487243617037607409536889105068880425355870002736047763781094211584.0000  <- this run is better
  FFORMA     smape=0.0996  rmse=331703934033556502999311883249781817930691741283770894983858217784985857106662638100444095177311322092507477833421706256574660476928.0000  pocid=59.45  mape=23325030462617560519266366214871385284458556859797996695315252011496452105542748146985504910684292478496494399058427224917016576.0000  <- this run is better
csv: ./timeseries/mestrado/resultados/orchestrator_laya_laya_v5_reasoning/M4_WEEKLY_DATASET.csv
