dataset      : M4_WEEKLY_DATASET
source       : m4_weekly_dataset.tsf
models       : 19
agent        : laya-english (max_len=None)
writing to   : ./timeseries/mestrado/resultados/orchestrator_laya_laya_v0
--------------------------------------------------------------------------
/home/lucas.castro/.conda/envs/agno/lib/python3.11/site-packages/tslearn/bases/bases.py:15: UserWarning: h5py not installed, hdf5 features will not be supported.
Install h5py to use hdf5 features: http://docs.h5py.org/
  warn(h5py_msg)
Fetching 5 files:   0%|          | 0/5 [00:00<?, ?it/s]Fetching 5 files: 100%|██████████| 5/5 [00:00<00:00, 2618.49it/s]
/home/lucas.castro/.conda/envs/agno/lib/python3.11/site-packages/laya/agent.py:928: RuntimeWarning: laya: this checkpoint ships invalid temperatures or values outside [0.5, 5]; using choice:11+=0.10058280825614929 -> 0.5. Treat confidence from the affected entries as uncalibrated.
  return Agent(model_id_or_path, device=device, token=token, subfolder=subfolder, fast=fast,
[   0] mean           score= 0.0268 origin=agent    iters=5 stop=no new information in 3 consecutive turns
         TEST  smape=0.0417  rmse=1994.4861  pocid=25.00  mape=0.0433  | FLOOR smape=0.0374
         laya iter 1 -> mean_pool_full conf=0.3147 rank=8
         laya iter 2 -> mean_pool4 conf=0.2245 rank=1
         laya iter 3 -> mean_pool4 conf=0.2245 rank=1
         laya iter 4 -> mean_pool4 conf=0.2245 rank=1
         laya iter 5 -> mean_pool4 conf=0.2245 rank=1
[   1] best_single    score=-0.0491 origin=agent    iters=5 stop=no new information in 3 consecutive turns
         TEST  smape=0.0397  rmse=186.9013  pocid=66.67  mape=0.0411  | FLOOR smape=0.0358
         laya iter 1 -> mean_pool1 conf=0.2883 rank=4
         laya iter 2 -> best_ONLY_CWT_rf conf=0.2651 rank=1
         laya iter 3 -> best_ONLY_CWT_rf conf=0.2651 rank=1
         laya iter 4 -> best_ONLY_CWT_rf conf=0.2651 rank=1
         laya iter 5 -> best_ONLY_CWT_rf conf=0.2651 rank=1
[   2] median         score=-0.1401 origin=baseline iters=4 stop=no new information in 3 consecutive turns
         TEST  smape=0.0072  rmse=85.1787  pocid=91.67  mape=0.0071  | FLOOR smape=0.0072
         laya iter 1 -> best_DWT_catboost conf=0.3437 rank=5
         laya iter 2 -> best_DWT_catboost conf=0.4136 rank=5
         laya iter 3 -> best_DWT_catboost conf=0.4136 rank=5
         laya iter 4 -> best_DWT_catboost conf=0.4136 rank=5
[   3] best_single    score= 0.1800 origin=agent    iters=4 stop=no new information in 3 consecutive turns
         TEST  smape=0.2046  rmse=755.5637  pocid=66.67  mape=0.1779  | FLOOR smape=0.1715
         laya iter 1 -> best_ONLY_CWT_catboost conf=0.7698 rank=1
         laya iter 2 -> best_ONLY_CWT_catboost conf=0.829 rank=1
         laya iter 3 -> best_ONLY_CWT_catboost conf=0.829 rank=1
         laya iter 4 -> best_ONLY_CWT_catboost conf=0.829 rank=1
[   4] best_single    score= 0.1950 origin=agent    iters=4 stop=no new information in 3 consecutive turns
         TEST  smape=0.1153  rmse=297.0621  pocid=66.67  mape=0.1203  | FLOOR smape=0.1239
         laya iter 1 -> best_DWT_rf conf=0.3518 rank=1
         laya iter 2 -> best_DWT_rf conf=0.4142 rank=1
         laya iter 3 -> best_DWT_rf conf=0.4142 rank=1
         laya iter 4 -> best_DWT_rf conf=0.4142 rank=1
[   5] best_single    score= 0.4030 origin=agent    iters=4 stop=no new information in 3 consecutive turns
         TEST  smape=0.2877  rmse=303.2396  pocid=33.33  mape=0.2374  | FLOOR smape=0.2997
         laya iter 1 -> best_ONLY_CWT_catboost conf=0.5419 rank=1
         laya iter 2 -> best_ONLY_CWT_catboost conf=0.6876 rank=1
         laya iter 3 -> best_ONLY_CWT_catboost conf=0.6876 rank=1
         laya iter 4 -> best_ONLY_CWT_catboost conf=0.6876 rank=1
[   6] best_single    score= 0.2356 origin=agent    iters=4 stop=no new information in 3 consecutive turns
         TEST  smape=0.3363  rmse=1827.2417  pocid=50.00  mape=0.2763  | FLOOR smape=0.2823
         laya iter 1 -> best_FT_rf conf=0.3591 rank=1
         laya iter 2 -> best_FT_rf conf=0.428 rank=1
         laya iter 3 -> best_FT_rf conf=0.428 rank=1
         laya iter 4 -> best_FT_rf conf=0.428 rank=1
[   7] median         score= 0.5697 origin=baseline iters=5 stop=no new information in 3 consecutive turns
         TEST  smape=0.3456  rmse=1980.3565  pocid=41.67  mape=0.4309  | FLOOR smape=0.3456
         laya iter 1 -> mean_pool1 conf=0.3461 rank=9
         laya iter 2 -> mean_pool4 conf=0.294 rank=10
         laya iter 3 -> mean_pool4 conf=0.294 rank=10
         laya iter 4 -> mean_pool4 conf=0.294 rank=10
         laya iter 5 -> mean_pool4 conf=0.294 rank=10
[   8] best_single    score= 0.3587 origin=agent    iters=5 stop=no new information in 3 consecutive turns
         TEST  smape=0.0985  rmse=1180.1490  pocid=58.33  mape=0.1080  | FLOOR smape=0.1106
         laya iter 1 -> mean_pool_full conf=0.264 rank=8
         laya iter 2 -> best_FT_rf conf=0.2129 rank=1
         laya iter 3 -> best_FT_rf conf=0.2129 rank=1
         laya iter 4 -> best_FT_rf conf=0.2129 rank=1
         laya iter 5 -> best_FT_rf conf=0.2129 rank=1
[   9] trimmed_mean   score= 0.0280 origin=baseline iters=5 stop=no new information in 3 consecutive turns
         TEST  smape=0.6248  rmse=5630.7468  pocid=8.33  mape=0.9657  | FLOOR smape=0.6248
         laya iter 1 -> mean_pool_full conf=0.3703 rank=9
         laya iter 2 -> mean_pool4 conf=0.2869 rank=4
         laya iter 3 -> mean_pool4 conf=0.2869 rank=4
         laya iter 4 -> mean_pool4 conf=0.2869 rank=4
         laya iter 5 -> mean_pool4 conf=0.2869 rank=4
[  10] mean           score= 0.1564 origin=agent    iters=5 stop=no new information in 3 consecutive turns
         TEST  smape=0.0671  rmse=28.9935  pocid=75.00  mape=0.0663  | FLOOR smape=0.0760
         laya iter 1 -> mean_pool_full conf=0.3008 rank=9
         laya iter 2 -> mean_pool4 conf=0.2189 rank=1
         laya iter 3 -> mean_pool4 conf=0.2189 rank=1
         laya iter 4 -> mean_pool4 conf=0.2189 rank=1
         laya iter 5 -> mean_pool4 conf=0.2189 rank=1
[  11] best_single    score= 0.5992 origin=agent    iters=4 stop=no new information in 3 consecutive turns
         TEST  smape=0.0157  rmse=19.9649  pocid=50.00  mape=0.0156  | FLOOR smape=0.0286
         laya iter 1 -> best_ONLY_FT_rf conf=0.7311 rank=1
         laya iter 2 -> best_ONLY_FT_rf conf=0.8307 rank=1
         laya iter 3 -> best_ONLY_FT_rf conf=0.8307 rank=1
         laya iter 4 -> best_ONLY_FT_rf conf=0.8307 rank=1
[  12] best_single    score= 0.3290 origin=agent    iters=5 stop=no new information in 3 consecutive turns
         TEST  smape=0.0315  rmse=101.0127  pocid=33.33  mape=0.0307  | FLOOR smape=0.0242
         laya iter 1 -> best_ONLY_FT_rf conf=0.4316 rank=1
         laya iter 2 -> best_ONLY_FT_catboost conf=0.4898 rank=1
         laya iter 3 -> best_ONLY_FT_catboost conf=0.4898 rank=1
         laya iter 4 -> best_ONLY_FT_catboost conf=0.4898 rank=1
         laya iter 5 -> best_ONLY_FT_catboost conf=0.4898 rank=1
[  13] best_single    score= 0.1890 origin=agent    iters=5 stop=no new information in 3 consecutive turns
         TEST  smape=0.0690  rmse=203.2526  pocid=50.00  mape=0.0723  | FLOOR smape=0.0455
         laya iter 1 -> mean_pool_full conf=0.2595 rank=8
         laya iter 2 -> best_ONLY_DWT_rf conf=0.2494 rank=1
         laya iter 3 -> best_ONLY_DWT_rf conf=0.2494 rank=1
         laya iter 4 -> best_ONLY_DWT_rf conf=0.2494 rank=1
         laya iter 5 -> best_ONLY_DWT_rf conf=0.2494 rank=1
[  14] median         score= 0.5119 origin=baseline iters=4 stop=no new information in 3 consecutive turns
         TEST  smape=0.1277  rmse=629.8445  pocid=50.00  mape=0.1386  | FLOOR smape=0.1277
         laya iter 1 -> best_DWT_catboost conf=0.2758 rank=2
         laya iter 2 -> best_DWT_catboost conf=0.281 rank=2
         laya iter 3 -> best_DWT_catboost conf=0.281 rank=2
         laya iter 4 -> best_DWT_catboost conf=0.281 rank=2
[  15] median         score= 0.5733 origin=baseline iters=5 stop=no new information in 3 consecutive turns
         TEST  smape=0.1564  rmse=825.5097  pocid=41.67  mape=0.1754  | FLOOR smape=0.1564
         laya iter 1 -> mean_pool_full conf=0.288 rank=8
         laya iter 2 -> mean_pool4 conf=0.2157 rank=10
         laya iter 3 -> mean_pool4 conf=0.2157 rank=10
         laya iter 4 -> mean_pool4 conf=0.2157 rank=10
         laya iter 5 -> mean_pool4 conf=0.2157 rank=10
[  16] best_single    score=-0.0817 origin=agent    iters=5 stop=no new information in 3 consecutive turns
         TEST  smape=0.0182  rmse=272.8623  pocid=58.33  mape=0.0179  | FLOOR smape=0.0179
         laya iter 1 -> best_rf conf=0.2849 rank=1
         laya iter 2 -> best_CWT_rf conf=0.3242 rank=1
         laya iter 3 -> best_CWT_rf conf=0.3242 rank=1
         laya iter 4 -> best_CWT_rf conf=0.3242 rank=1
         laya iter 5 -> best_CWT_rf conf=0.3242 rank=1
[  17] median         score= 0.0013 origin=baseline iters=5 stop=no new information in 3 consecutive turns
         TEST  smape=0.0539  rmse=281.1832  pocid=33.33  mape=0.0563  | FLOOR smape=0.0539
         laya iter 1 -> mean_pool1 conf=0.2957 rank=9
         laya iter 2 -> best_FT_rf conf=0.259 rank=2
         laya iter 3 -> best_FT_rf conf=0.259 rank=2
         laya iter 4 -> best_FT_rf conf=0.259 rank=2
         laya iter 5 -> best_FT_rf conf=0.259 rank=2
[  18] best_single    score= 0.1286 origin=agent    iters=4 stop=no new information in 3 consecutive turns
         TEST  smape=0.2000  rmse=1243.3159  pocid=50.00  mape=0.1961  | FLOOR smape=0.2098
         laya iter 1 -> best_FT_rf conf=0.4187 rank=1
         laya iter 2 -> best_FT_rf conf=0.4969 rank=1
         laya iter 3 -> best_FT_rf conf=0.4969 rank=1
         laya iter 4 -> best_FT_rf conf=0.4969 rank=1
[  19] mean           score= 0.6556 origin=baseline iters=5 stop=no new information in 3 consecutive turns
         TEST  smape=0.1083  rmse=481.4908  pocid=75.00  mape=0.1140  | FLOOR smape=0.1083
         laya iter 1 -> mean_pool1 conf=0.3482 rank=8
         laya iter 2 -> best_FT_catboost conf=0.3056 rank=2
         laya iter 3 -> best_FT_catboost conf=0.3056 rank=2
         laya iter 4 -> best_FT_catboost conf=0.3056 rank=2
         laya iter 5 -> best_FT_catboost conf=0.3056 rank=2
[  20] trimmed_mean   score= 0.4007 origin=baseline iters=5 stop=no new information in 3 consecutive turns
         TEST  smape=0.2205  rmse=695.8261  pocid=66.67  mape=0.1947  | FLOOR smape=0.2205
         laya iter 1 -> mean_pool_full conf=0.2663 rank=8
         laya iter 2 -> mean_pool4 conf=0.2153 rank=2
         laya iter 3 -> mean_pool4 conf=0.2153 rank=2
         laya iter 4 -> mean_pool4 conf=0.2153 rank=2
         laya iter 5 -> mean_pool4 conf=0.2153 rank=2
[  21] best_single    score= 0.3729 origin=agent    iters=4 stop=no new information in 3 consecutive turns
         TEST  smape=0.1793  rmse=755.1947  pocid=66.67  mape=0.1626  | FLOOR smape=0.1585
         laya iter 1 -> best_DWT_rf conf=0.2862 rank=1
         laya iter 2 -> best_DWT_rf conf=0.3066 rank=1
         laya iter 3 -> best_DWT_rf conf=0.3066 rank=1
         laya iter 4 -> best_DWT_rf conf=0.3066 rank=1
[  22] best_single    score= 0.2987 origin=agent    iters=5 stop=no new information in 3 consecutive turns
         TEST  smape=0.1109  rmse=109.3308  pocid=33.33  mape=0.1226  | FLOOR smape=0.1081
         laya iter 1 -> mean_pool1 conf=0.3036 rank=1
         laya iter 2 -> best_CWT_rf conf=0.3014 rank=1
         laya iter 3 -> best_CWT_rf conf=0.3014 rank=1
         laya iter 4 -> best_CWT_rf conf=0.3014 rank=1
         laya iter 5 -> best_CWT_rf conf=0.3014 rank=1
[  23] best_single    score= 0.2362 origin=agent    iters=4 stop=no new information in 3 consecutive turns
         TEST  smape=0.2715  rmse=3671.2752  pocid=33.33  mape=0.2790  | FLOOR smape=0.2284
         laya iter 1 -> best_rf conf=0.3648 rank=1
         laya iter 2 -> best_rf conf=0.4892 rank=1
         laya iter 3 -> best_rf conf=0.4892 rank=1
         laya iter 4 -> best_rf conf=0.4892 rank=1
[  24] best_single    score= 0.3268 origin=agent    iters=4 stop=no new information in 3 consecutive turns
         TEST  smape=0.2115  rmse=545.6557  pocid=75.00  mape=0.1888  | FLOOR smape=0.2707
         laya iter 1 -> best_FT_catboost conf=0.4905 rank=1
         laya iter 2 -> best_FT_catboost conf=0.6245 rank=1
         laya iter 3 -> best_FT_catboost conf=0.6245 rank=1
         laya iter 4 -> best_FT_catboost conf=0.6245 rank=1
[  25] trimmed_mean   score= 0.4656 origin=baseline iters=5 stop=no new information in 3 consecutive turns
         TEST  smape=0.2785  rmse=1528.3992  pocid=50.00  mape=0.2314  | FLOOR smape=0.2785
         laya iter 1 -> mean_pool_full conf=0.2702 rank=8
         laya iter 2 -> mean_pool4 conf=0.236 rank=10
         laya iter 3 -> mean_pool4 conf=0.236 rank=10
         laya iter 4 -> mean_pool4 conf=0.236 rank=10
         laya iter 5 -> mean_pool4 conf=0.236 rank=10
[  26] median         score= 0.5825 origin=baseline iters=5 stop=no new information in 3 consecutive turns
         TEST  smape=0.3181  rmse=1072.5384  pocid=33.33  mape=0.2649  | FLOOR smape=0.3181
         laya iter 1 -> mean_pool1 conf=0.3369 rank=9
         laya iter 2 -> mean_pool4 conf=0.2815 rank=4
         laya iter 3 -> mean_pool4 conf=0.2815 rank=4
         laya iter 4 -> mean_pool4 conf=0.2815 rank=4
         laya iter 5 -> mean_pool4 conf=0.2815 rank=4
[  27] trimmed_mean   score= 0.3542 origin=baseline iters=4 stop=no new information in 3 consecutive turns
         TEST  smape=0.3047  rmse=2191.9009  pocid=50.00  mape=0.3061  | FLOOR smape=0.3047
         laya iter 1 -> best_DWT_rf conf=0.3381 rank=6
         laya iter 2 -> best_DWT_rf conf=0.3608 rank=6
         laya iter 3 -> best_DWT_rf conf=0.3608 rank=6
         laya iter 4 -> best_DWT_rf conf=0.3608 rank=6
[  28] best_single    score= 0.2266 origin=agent    iters=4 stop=no new information in 3 consecutive turns
         TEST  smape=0.5452  rmse=696.0374  pocid=58.33  mape=0.4129  | FLOOR smape=0.4769
         laya iter 1 -> best_ONLY_CWT_catboost conf=0.3016 rank=1
         laya iter 2 -> best_ONLY_CWT_catboost conf=0.2804 rank=1
         laya iter 3 -> best_ONLY_CWT_catboost conf=0.2804 rank=1
         laya iter 4 -> best_ONLY_CWT_catboost conf=0.2804 rank=1
[  29] best_single    score= 0.5115 origin=agent    iters=5 stop=no new information in 3 consecutive turns
         TEST  smape=0.1244  rmse=871.2082  pocid=83.33  mape=0.1153  | FLOOR smape=0.1259
         laya iter 1 -> mean_pool1 conf=0.2772 rank=8
         laya iter 2 -> best_FT_catboost conf=0.2833 rank=1
         laya iter 3 -> best_FT_catboost conf=0.2833 rank=1
         laya iter 4 -> best_FT_catboost conf=0.2833 rank=1
         laya iter 5 -> best_FT_catboost conf=0.2833 rank=1
[  30] best_single    score= 0.4765 origin=agent    iters=4 stop=no new information in 3 consecutive turns
         TEST  smape=0.2307  rmse=418.0932  pocid=50.00  mape=0.2333  | FLOOR smape=0.3433
         laya iter 1 -> best_ONLY_DWT_catboost conf=0.2939 rank=1
         laya iter 2 -> best_ONLY_DWT_catboost conf=0.2951 rank=1
         laya iter 3 -> best_ONLY_DWT_catboost conf=0.2951 rank=1
         laya iter 4 -> best_ONLY_DWT_catboost conf=0.2951 rank=1
[  31] mean           score= 0.4913 origin=agent    iters=5 stop=no new information in 3 consecutive turns
         TEST  smape=0.2812  rmse=1773.5280  pocid=58.33  mape=0.2418  | FLOOR smape=0.2666
         laya iter 1 -> mean_pool1 conf=0.3445 rank=1
         laya iter 2 -> mean_pool4 conf=0.2611 rank=1
         laya iter 3 -> mean_pool4 conf=0.2611 rank=1
         laya iter 4 -> mean_pool4 conf=0.2611 rank=1
         laya iter 5 -> mean_pool4 conf=0.2611 rank=1
[  32] trimmed_mean   score= 0.3412 origin=baseline iters=5 stop=no new information in 3 consecutive turns
         TEST  smape=0.1001  rmse=287.5269  pocid=83.33  mape=0.0995  | FLOOR smape=0.1001
         laya iter 1 -> mean_pool1 conf=0.2864 rank=2
         laya iter 2 -> best_ONLY_DWT_catboost conf=0.2827 rank=5
         laya iter 3 -> best_ONLY_DWT_catboost conf=0.2827 rank=5
         laya iter 4 -> best_ONLY_DWT_catboost conf=0.2827 rank=5
         laya iter 5 -> best_ONLY_DWT_catboost conf=0.2827 rank=5
[  33] best_single    score= 0.3274 origin=agent    iters=4 stop=no new information in 3 consecutive turns
         TEST  smape=0.1411  rmse=349.2867  pocid=75.00  mape=0.1378  | FLOOR smape=0.1593
         laya iter 1 -> best_ONLY_DWT_rf conf=0.2741 rank=1
         laya iter 2 -> best_ONLY_DWT_rf conf=0.294 rank=1
         laya iter 3 -> best_ONLY_DWT_rf conf=0.294 rank=1
         laya iter 4 -> best_ONLY_DWT_rf conf=0.294 rank=1
[  34] best_single    score= 0.3559 origin=agent    iters=4 stop=no new information in 3 consecutive turns
         TEST  smape=0.2296  rmse=464.2917  pocid=83.33  mape=0.1999  | FLOOR smape=0.1908
         laya iter 1 -> best_CWT_catboost conf=0.3132 rank=1
         laya iter 2 -> best_CWT_catboost conf=0.3521 rank=1
         laya iter 3 -> best_CWT_catboost conf=0.3521 rank=1
         laya iter 4 -> best_CWT_catboost conf=0.3521 rank=1
[  35] best_single    score= 0.3038 origin=agent    iters=5 stop=no new information in 3 consecutive turns
         TEST  smape=0.1253  rmse=2272.5748  pocid=83.33  mape=0.1360  | FLOOR smape=0.1271
         laya iter 1 -> mean_pool1 conf=0.263 rank=3
         laya iter 2 -> best_FT_catboost conf=0.248 rank=1
         laya iter 3 -> best_FT_catboost conf=0.248 rank=1
         laya iter 4 -> best_FT_catboost conf=0.248 rank=1
         laya iter 5 -> best_FT_catboost conf=0.248 rank=1
[  36] best_single    score= 0.3003 origin=agent    iters=4 stop=no new information in 3 consecutive turns
         TEST  smape=0.0700  rmse=226.4983  pocid=50.00  mape=0.0730  | FLOOR smape=0.0135
         laya iter 1 -> best_rf conf=0.6228 rank=1
         laya iter 2 -> best_rf conf=0.7446 rank=1
         laya iter 3 -> best_rf conf=0.7446 rank=1
         laya iter 4 -> best_rf conf=0.7446 rank=1
[  37] mean           score= 0.7056 origin=baseline iters=4 stop=no new information in 3 consecutive turns
         TEST  smape=0.0142  rmse=51.1963  pocid=75.00  mape=0.0140  | FLOOR smape=0.0142
         laya iter 1 -> best_DWT_rf conf=0.5689 rank=3
         laya iter 2 -> best_DWT_rf conf=0.7598 rank=3
         laya iter 3 -> best_DWT_rf conf=0.7598 rank=3
         laya iter 4 -> best_DWT_rf conf=0.7598 rank=3
[  38] trimmed_mean   score= 0.0464 origin=baseline iters=4 stop=no new information in 3 consecutive turns
         TEST  smape=0.0230  rmse=149.1667  pocid=41.67  mape=0.0233  | FLOOR smape=0.0230
         laya iter 1 -> best_DWT_rf conf=0.3091 rank=2
         laya iter 2 -> best_DWT_rf conf=0.3146 rank=2
         laya iter 3 -> best_DWT_rf conf=0.3146 rank=2
         laya iter 4 -> best_DWT_rf conf=0.3146 rank=2
[  39] best_single    score=-0.0034 origin=agent    iters=4 stop=no new information in 3 consecutive turns
         TEST  smape=0.0323  rmse=205.7199  pocid=33.33  mape=0.0329  | FLOOR smape=0.0275
         laya iter 1 -> best_ONLY_DWT_rf conf=0.2866 rank=1
         laya iter 2 -> best_ONLY_DWT_rf conf=0.3087 rank=1
         laya iter 3 -> best_ONLY_DWT_rf conf=0.3087 rank=1
         laya iter 4 -> best_ONLY_DWT_rf conf=0.3087 rank=1
[  40] best_single    score= 0.1200 origin=agent    iters=4 stop=no new information in 3 consecutive turns
         TEST  smape=0.0181  rmse=125.9207  pocid=25.00  mape=0.0183  | FLOOR smape=0.0120
         laya iter 1 -> best_FT_catboost conf=0.3549 rank=1
         laya iter 2 -> best_FT_catboost conf=0.3778 rank=1
         laya iter 3 -> best_FT_catboost conf=0.3778 rank=1
         laya iter 4 -> best_FT_catboost conf=0.3778 rank=1
[  41] best_single    score= 0.1940 origin=agent    iters=4 stop=no new information in 3 consecutive turns
         TEST  smape=0.0137  rmse=99.9876  pocid=8.33  mape=0.0138  | FLOOR smape=0.0113
         laya iter 1 -> best_DWT_catboost conf=0.3376 rank=1
         laya iter 2 -> best_DWT_catboost conf=0.415 rank=1
         laya iter 3 -> best_DWT_catboost conf=0.415 rank=1
         laya iter 4 -> best_DWT_catboost conf=0.415 rank=1
[  42] best_single    score= 0.2332 origin=agent    iters=5 stop=no new information in 3 consecutive turns
         TEST  smape=0.0078  rmse=56.4871  pocid=66.67  mape=0.0077  | FLOOR smape=0.0157
         laya iter 1 -> mean_pool1 conf=0.3261 rank=7
         laya iter 2 -> best_DWT_rf conf=0.2892 rank=1
         laya iter 3 -> best_DWT_rf conf=0.2892 rank=1
         laya iter 4 -> best_DWT_rf conf=0.2892 rank=1
         laya iter 5 -> best_DWT_rf conf=0.2892 rank=1
[  43] trimmed_mean   score= 0.0320 origin=baseline iters=5 stop=no new information in 3 consecutive turns
         TEST  smape=0.0254  rmse=158.6243  pocid=33.33  mape=0.0257  | FLOOR smape=0.0254
         laya iter 1 -> mean_pool_full conf=0.3061 rank=8
         laya iter 2 -> mean_pool4 conf=0.2417 rank=4
         laya iter 3 -> mean_pool4 conf=0.2417 rank=4
         laya iter 4 -> mean_pool4 conf=0.2417 rank=4
         laya iter 5 -> mean_pool4 conf=0.2417 rank=4
[  44] best_single    score= 0.4210 origin=agent    iters=4 stop=no new information in 3 consecutive turns
         TEST  smape=0.0403  rmse=152.1604  pocid=33.33  mape=0.0391  | FLOOR smape=0.0369
         laya iter 1 -> best_ONLY_FT_catboost conf=0.3225 rank=1
         laya iter 2 -> best_ONLY_FT_catboost conf=0.37 rank=1
         laya iter 3 -> best_ONLY_FT_catboost conf=0.37 rank=1
         laya iter 4 -> best_ONLY_FT_catboost conf=0.37 rank=1
[  45] median         score= 0.1267 origin=baseline iters=5 stop=no new information in 3 consecutive turns
         TEST  smape=0.0625  rmse=203.6255  pocid=33.33  mape=0.0646  | FLOOR smape=0.0625
         laya iter 1 -> mean_pool1 conf=0.2986 rank=7
         laya iter 2 -> best_FT_catboost conf=0.3071 rank=2
         laya iter 3 -> best_FT_catboost conf=0.3071 rank=2
         laya iter 4 -> best_FT_catboost conf=0.3071 rank=2
         laya iter 5 -> best_FT_catboost conf=0.3071 rank=2
[  46] best_single    score= 0.4413 origin=agent    iters=4 stop=no new information in 3 consecutive turns
         TEST  smape=0.0412  rmse=151.3095  pocid=41.67  mape=0.0400  | FLOOR smape=0.0404
         laya iter 1 -> best_ONLY_FT_catboost conf=0.3047 rank=1
         laya iter 2 -> best_ONLY_FT_catboost conf=0.3491 rank=1
         laya iter 3 -> best_ONLY_FT_catboost conf=0.3491 rank=1
         laya iter 4 -> best_ONLY_FT_catboost conf=0.3491 rank=1
[  47] best_single    score= 0.1076 origin=agent    iters=4 stop=no new information in 3 consecutive turns
         TEST  smape=0.0166  rmse=51.0157  pocid=75.00  mape=0.0164  | FLOOR smape=0.0095
         laya iter 1 -> best_ONLY_DWT_rf conf=0.408 rank=1
         laya iter 2 -> best_ONLY_DWT_rf conf=0.4133 rank=1
         laya iter 3 -> best_ONLY_DWT_rf conf=0.4133 rank=1
         laya iter 4 -> best_ONLY_DWT_rf conf=0.4133 rank=1
[  48] best_single    score= 0.5303 origin=agent    iters=5 stop=no new information in 3 consecutive turns
         TEST  smape=0.0207  rmse=82.3848  pocid=66.67  mape=0.0209  | FLOOR smape=0.0785
         laya iter 1 -> mean_pool1 conf=0.2832 rank=9
         laya iter 2 -> best_catboost conf=0.2631 rank=1
         laya iter 3 -> best_catboost conf=0.2631 rank=1
         laya iter 4 -> best_catboost conf=0.2631 rank=1
         laya iter 5 -> best_catboost conf=0.2631 rank=1
[  49] best_single    score= 0.3806 origin=agent    iters=4 stop=no new information in 3 consecutive turns
         TEST  smape=0.0259  rmse=95.3041  pocid=41.67  mape=0.0259  | FLOOR smape=0.0260
         laya iter 1 -> best_DWT_catboost conf=0.3105 rank=1
         laya iter 2 -> best_DWT_catboost conf=0.3325 rank=1
         laya iter 3 -> best_DWT_catboost conf=0.3325 rank=1
         laya iter 4 -> best_DWT_catboost conf=0.3325 rank=1
[  50] best_single    score= 0.0892 origin=agent    iters=4 stop=no new information in 3 consecutive turns
         TEST  smape=0.0159  rmse=121.4403  pocid=33.33  mape=0.0161  | FLOOR smape=0.0161
         laya iter 1 -> best_ONLY_CWT_rf conf=0.9679 rank=1
         laya iter 2 -> best_ONLY_CWT_rf conf=0.9782 rank=1
         laya iter 3 -> best_ONLY_CWT_rf conf=0.9782 rank=1
         laya iter 4 -> best_ONLY_CWT_rf conf=0.9782 rank=1
[  51] best_single    score= 0.1816 origin=agent    iters=4 stop=no new information in 3 consecutive turns
         TEST  smape=0.0146  rmse=134.0292  pocid=41.67  mape=0.0148  | FLOOR smape=0.0205
         laya iter 1 -> best_CWT_rf conf=0.304 rank=1
         laya iter 2 -> best_CWT_rf conf=0.3443 rank=1
         laya iter 3 -> best_CWT_rf conf=0.3443 rank=1
         laya iter 4 -> best_CWT_rf conf=0.3443 rank=1
[  52] best_single    score= 0.4421 origin=agent    iters=4 stop=no new information in 3 consecutive turns
         TEST  smape=0.1356  rmse=316.7600  pocid=50.00  mape=0.1238  | FLOOR smape=0.0824
         laya iter 1 -> best_CWT_catboost conf=0.2732 rank=1
         laya iter 2 -> best_CWT_catboost conf=0.2991 rank=1
         laya iter 3 -> best_CWT_catboost conf=0.2991 rank=1
         laya iter 4 -> best_CWT_catboost conf=0.2991 rank=1
[  53] best_single    score=-0.0955 origin=agent    iters=5 stop=no new information in 3 consecutive turns
         TEST  smape=0.0134  rmse=39.8220  pocid=91.67  mape=0.0136  | FLOOR smape=0.0114
         laya iter 1 -> mean_pool_full conf=0.276 rank=9
         laya iter 2 -> best_DWT_catboost conf=0.265 rank=1
         laya iter 3 -> best_DWT_catboost conf=0.265 rank=1
         laya iter 4 -> best_DWT_catboost conf=0.265 rank=1
         laya iter 5 -> best_DWT_catboost conf=0.265 rank=1
[  54] best_single    score= 0.2837 origin=agent    iters=4 stop=no new information in 3 consecutive turns
         TEST  smape=0.0503  rmse=327.8838  pocid=66.67  mape=0.0525  | FLOOR smape=0.0573
         laya iter 1 -> best_FT_rf conf=0.4548 rank=1
         laya iter 2 -> best_FT_rf conf=0.5692 rank=1
         laya iter 3 -> best_FT_rf conf=0.5692 rank=1
         laya iter 4 -> best_FT_rf conf=0.5692 rank=1
[  55] median         score= 0.4768 origin=baseline iters=5 stop=no new information in 3 consecutive turns
         TEST  smape=0.0566  rmse=272.2945  pocid=83.33  mape=0.0540  | FLOOR smape=0.0566
         laya iter 1 -> mean_pool_full conf=0.289 rank=2
         laya iter 2 -> best_ONLY_DWT_catboost conf=0.2799 rank=2
         laya iter 3 -> best_ONLY_DWT_catboost conf=0.2799 rank=2
         laya iter 4 -> best_ONLY_DWT_catboost conf=0.2799 rank=2
         laya iter 5 -> best_ONLY_DWT_catboost conf=0.2799 rank=2
[  56] best_single    score= 0.3096 origin=agent    iters=5 stop=no new information in 3 consecutive turns
         TEST  smape=0.4169  rmse=559.5087  pocid=75.00  mape=0.3052  | FLOOR smape=0.1753
         laya iter 1 -> mean_pool1 conf=0.305 rank=3
         laya iter 2 -> best_CWT_rf conf=0.3421 rank=1
         laya iter 3 -> best_CWT_rf conf=0.3421 rank=1
         laya iter 4 -> best_CWT_rf conf=0.3421 rank=1
         laya iter 5 -> best_CWT_rf conf=0.3421 rank=1
[  57] median         score= 0.6551 origin=baseline iters=5 stop=no new information in 3 consecutive turns
         TEST  smape=0.0880  rmse=341.6351  pocid=58.33  mape=0.0850  | FLOOR smape=0.0880
         laya iter 1 -> mean_pool1 conf=0.336 rank=5
         laya iter 2 -> mean_pool4 conf=0.246 rank=10
         laya iter 3 -> mean_pool4 conf=0.246 rank=10
         laya iter 4 -> mean_pool4 conf=0.246 rank=10
         laya iter 5 -> mean_pool4 conf=0.246 rank=10
[  58] best_single    score= 0.5868 origin=agent    iters=4 stop=no new information in 3 consecutive turns
         TEST  smape=0.2166  rmse=495.5378  pocid=100.00  mape=0.2572  | FLOOR smape=0.1854
         laya iter 1 -> best_FT_rf conf=0.872 rank=1
         laya iter 2 -> best_FT_rf conf=0.9289 rank=1
         laya iter 3 -> best_FT_rf conf=0.9289 rank=1
         laya iter 4 -> best_FT_rf conf=0.9289 rank=1
[  59] trimmed_mean   score= 0.1513 origin=baseline iters=4 stop=no new information in 3 consecutive turns
         TEST  smape=0.0334  rmse=349.3081  pocid=75.00  mape=0.0327  | FLOOR smape=0.0334
         laya iter 1 -> best_FT_rf conf=0.3138 rank=5
         laya iter 2 -> best_FT_rf conf=0.3141 rank=5
         laya iter 3 -> best_FT_rf conf=0.3141 rank=5
         laya iter 4 -> best_FT_rf conf=0.3141 rank=5
[  60] mean           score= 0.1213 origin=baseline iters=5 stop=no new information in 3 consecutive turns
         TEST  smape=0.0348  rmse=428.3169  pocid=16.67  mape=0.0350  | FLOOR smape=0.0348
         laya iter 1 -> mean_pool1 conf=0.324 rank=6
         laya iter 2 -> mean_pool4 conf=0.2482 rank=8
         laya iter 3 -> mean_pool4 conf=0.2482 rank=8
         laya iter 4 -> mean_pool4 conf=0.2482 rank=8
         laya iter 5 -> mean_pool4 conf=0.2482 rank=8
[  61] best_single    score= 0.0737 origin=agent    iters=4 stop=no new information in 3 consecutive turns
         TEST  smape=0.0211  rmse=201.4007  pocid=33.33  mape=0.0209  | FLOOR smape=0.0245
         laya iter 1 -> best_CWT_rf conf=0.3196 rank=1
         laya iter 2 -> best_CWT_rf conf=0.3862 rank=1
         laya iter 3 -> best_CWT_rf conf=0.3862 rank=1
         laya iter 4 -> best_CWT_rf conf=0.3862 rank=1
[  62] best_single    score= 0.0634 origin=agent    iters=4 stop=no new information in 3 consecutive turns
         TEST  smape=0.0200  rmse=212.1813  pocid=33.33  mape=0.0195  | FLOOR smape=0.0203
         laya iter 1 -> best_DWT_catboost conf=0.3537 rank=1
         laya iter 2 -> best_DWT_catboost conf=0.4481 rank=1
         laya iter 3 -> best_DWT_catboost conf=0.4481 rank=1
         laya iter 4 -> best_DWT_catboost conf=0.4481 rank=1
[  63] best_single    score=-0.0941 origin=agent    iters=4 stop=no new information in 3 consecutive turns
         TEST  smape=0.0154  rmse=333.2679  pocid=100.00  mape=0.0152  | FLOOR smape=0.0184
         laya iter 1 -> best_ONLY_CWT_rf conf=0.2961 rank=1
         laya iter 2 -> best_ONLY_CWT_rf conf=0.3172 rank=1
         laya iter 3 -> best_ONLY_CWT_rf conf=0.3172 rank=1
         laya iter 4 -> best_ONLY_CWT_rf conf=0.3172 rank=1
[  64] best_single    score=-0.1076 origin=agent    iters=4 stop=no new information in 3 consecutive turns
         TEST  smape=0.0212  rmse=541.7724  pocid=91.67  mape=0.0209  | FLOOR smape=0.0187
         laya iter 1 -> best_DWT_rf conf=0.3947 rank=1
         laya iter 2 -> best_DWT_rf conf=0.4565 rank=1
         laya iter 3 -> best_DWT_rf conf=0.4565 rank=1
         laya iter 4 -> best_DWT_rf conf=0.4565 rank=1
[  65] median         score=-0.1448 origin=baseline iters=5 stop=no new information in 3 consecutive turns
         TEST  smape=0.0060  rmse=51.9880  pocid=91.67  mape=0.0060  | FLOOR smape=0.0060
         laya iter 1 -> mean_pool1 conf=0.2898 rank=5
         laya iter 2 -> best_CWT_rf conf=0.3138 rank=2
         laya iter 3 -> best_CWT_rf conf=0.3138 rank=2
         laya iter 4 -> best_CWT_rf conf=0.3138 rank=2
         laya iter 5 -> best_CWT_rf conf=0.3138 rank=2
[  66] trimmed_mean   score= 0.0465 origin=baseline iters=5 stop=no new information in 3 consecutive turns
         TEST  smape=0.0257  rmse=411.8384  pocid=66.67  mape=0.0253  | FLOOR smape=0.0257
         laya iter 1 -> mean_pool1 conf=0.269 rank=5
         laya iter 2 -> best_FT_catboost conf=0.2753 rank=4
         laya iter 3 -> best_FT_catboost conf=0.2753 rank=4
         laya iter 4 -> best_FT_catboost conf=0.2753 rank=4
         laya iter 5 -> best_FT_catboost conf=0.2753 rank=4
[  67] best_single    score=-0.0483 origin=agent    iters=4 stop=no new information in 3 consecutive turns
         TEST  smape=0.0059  rmse=49.6992  pocid=75.00  mape=0.0059  | FLOOR smape=0.0103
         laya iter 1 -> best_rf conf=0.9191 rank=1
         laya iter 2 -> best_rf conf=0.954 rank=1
         laya iter 3 -> best_rf conf=0.954 rank=1
         laya iter 4 -> best_rf conf=0.954 rank=1
[  68] best_single    score=-0.0240 origin=agent    iters=5 stop=no new information in 3 consecutive turns
         TEST  smape=0.0141  rmse=103.0350  pocid=66.67  mape=0.0140  | FLOOR smape=0.0135
         laya iter 1 -> mean_pool1 conf=0.2628 rank=5
         laya iter 2 -> best_ONLY_CWT_rf conf=0.2308 rank=1
         laya iter 3 -> best_ONLY_CWT_rf conf=0.2308 rank=1
         laya iter 4 -> best_ONLY_CWT_rf conf=0.2308 rank=1
         laya iter 5 -> best_ONLY_CWT_rf conf=0.2308 rank=1
[  69] mean           score=-0.0609 origin=baseline iters=4 stop=no new information in 3 consecutive turns
         TEST  smape=0.0105  rmse=34.8510  pocid=50.00  mape=0.0104  | FLOOR smape=0.0105
         laya iter 1 -> best_DWT_catboost conf=0.3146 rank=4
         laya iter 2 -> best_DWT_catboost conf=0.4046 rank=4
         laya iter 3 -> best_DWT_catboost conf=0.4046 rank=4
         laya iter 4 -> best_DWT_catboost conf=0.4046 rank=4
[  70] mean           score= 0.1476 origin=baseline iters=5 stop=no new information in 3 consecutive turns
         TEST  smape=0.4482  rmse=1153.4893  pocid=50.00  mape=0.3475  | FLOOR smape=0.4482
         laya iter 1 -> mean_pool1 conf=0.3514 rank=1
         laya iter 2 -> best_DWT_rf conf=0.3704 rank=6
         laya iter 3 -> best_DWT_rf conf=0.3704 rank=6
         laya iter 4 -> best_DWT_rf conf=0.3704 rank=6
         laya iter 5 -> best_DWT_rf conf=0.3704 rank=6
[  71] mean           score= 0.1407 origin=baseline iters=5 stop=no new information in 3 consecutive turns
         TEST  smape=0.2485  rmse=560.2686  pocid=41.67  mape=0.1850  | FLOOR smape=0.2485
         laya iter 1 -> mean_pool1 conf=0.325 rank=2
         laya iter 2 -> mean_pool4 conf=0.2423 rank=10
         laya iter 3 -> mean_pool4 conf=0.2423 rank=10
         laya iter 4 -> mean_pool4 conf=0.2423 rank=10
         laya iter 5 -> mean_pool4 conf=0.2423 rank=10
[  72] best_single    score= 0.1179 origin=agent    iters=5 stop=no new information in 3 consecutive turns
         TEST  smape=0.0625  rmse=151.3030  pocid=75.00  mape=0.0591  | FLOOR smape=0.1530
         laya iter 1 -> mean_pool1 conf=0.293 rank=4
         laya iter 2 -> best_CWT_rf conf=0.3084 rank=1
         laya iter 3 -> best_CWT_rf conf=0.3084 rank=1
         laya iter 4 -> best_CWT_rf conf=0.3084 rank=1
         laya iter 5 -> best_CWT_rf conf=0.3084 rank=1
[  73] dba            score= 0.6403 origin=baseline iters=5 stop=no new information in 3 consecutive turns
         TEST  smape=0.1134  rmse=677.2868  pocid=66.67  mape=0.1120  | FLOOR smape=0.1134
         laya iter 1 -> mean_pool1 conf=0.2745 rank=5
         laya iter 2 -> best_ONLY_FT_rf conf=0.2545 rank=2
         laya iter 3 -> best_ONLY_FT_rf conf=0.2545 rank=2
         laya iter 4 -> best_ONLY_FT_rf conf=0.2545 rank=2
         laya iter 5 -> best_ONLY_FT_rf conf=0.2545 rank=2
[  74] best_single    score= 0.0458 origin=agent    iters=4 stop=no new information in 3 consecutive turns
         TEST  smape=0.0413  rmse=1288.3566  pocid=41.67  mape=0.0427  | FLOOR smape=0.0292
         laya iter 1 -> best_ONLY_DWT_catboost conf=0.2983 rank=1
         laya iter 2 -> best_ONLY_DWT_catboost conf=0.3281 rank=1
         laya iter 3 -> best_ONLY_DWT_catboost conf=0.3281 rank=1
         laya iter 4 -> best_ONLY_DWT_catboost conf=0.3281 rank=1
[  75] best_single    score= 0.0053 origin=agent    iters=4 stop=no new information in 3 consecutive turns
         TEST  smape=0.2614  rmse=120.3483  pocid=8.33  mape=0.3450  | FLOOR smape=1.3326
         laya iter 1 -> best_catboost conf=0.3076 rank=1
         laya iter 2 -> best_catboost conf=0.3772 rank=1
         laya iter 3 -> best_catboost conf=0.3772 rank=1
         laya iter 4 -> best_catboost conf=0.3772 rank=1
[  76] best_single    score=-0.0651 origin=agent    iters=4 stop=no new information in 3 consecutive turns
         TEST  smape=0.2381  rmse=1010.6013  pocid=58.33  mape=0.2109  | FLOOR smape=0.2484
         laya iter 1 -> best_ONLY_DWT_rf conf=0.3954 rank=1
         laya iter 2 -> best_ONLY_DWT_rf conf=0.4315 rank=1
         laya iter 3 -> best_ONLY_DWT_rf conf=0.4315 rank=1
         laya iter 4 -> best_ONLY_DWT_rf conf=0.4315 rank=1
[  77] best_single    score= 0.3725 origin=agent    iters=4 stop=no new information in 3 consecutive turns
         TEST  smape=0.2199  rmse=949.6860  pocid=91.67  mape=0.1958  | FLOOR smape=0.2407
         laya iter 1 -> best_ONLY_CWT_catboost conf=0.9314 rank=1
         laya iter 2 -> best_ONLY_CWT_catboost conf=0.9262 rank=1
         laya iter 3 -> best_ONLY_CWT_catboost conf=0.9262 rank=1
         laya iter 4 -> best_ONLY_CWT_catboost conf=0.9262 rank=1
[  78] mean           score= 0.7000 origin=baseline iters=5 stop=no new information in 3 consecutive turns
         TEST  smape=0.0850  rmse=186.3297  pocid=50.00  mape=0.0910  | FLOOR smape=0.0850
         laya iter 1 -> mean_pool1 conf=0.2727 rank=9
         laya iter 2 -> mean_pool4 conf=0.2636 rank=10
         laya iter 3 -> mean_pool4 conf=0.2636 rank=10
         laya iter 4 -> mean_pool4 conf=0.2636 rank=10
         laya iter 5 -> mean_pool4 conf=0.2636 rank=10
[  79] mean           score= 0.7000 origin=baseline iters=4 stop=no new information in 3 consecutive turns
         TEST  smape=0.1335  rmse=285.3542  pocid=41.67  mape=0.1471  | FLOOR smape=0.1335
         laya iter 1 -> best_ONLY_DWT_catboost conf=0.2885 rank=4
         laya iter 2 -> best_ONLY_DWT_catboost conf=0.2694 rank=4
         laya iter 3 -> best_ONLY_DWT_catboost conf=0.2694 rank=4
         laya iter 4 -> best_ONLY_DWT_catboost conf=0.2694 rank=4
[  80] best_single    score= 0.1345 origin=agent    iters=4 stop=no new information in 3 consecutive turns
         TEST  smape=0.0292  rmse=837.4919  pocid=58.33  mape=0.0297  | FLOOR smape=0.0254
         laya iter 1 -> best_ONLY_DWT_rf conf=0.3846 rank=1
         laya iter 2 -> best_ONLY_DWT_rf conf=0.4966 rank=1
         laya iter 3 -> best_ONLY_DWT_rf conf=0.4966 rank=1
         laya iter 4 -> best_ONLY_DWT_rf conf=0.4966 rank=1
[  81] best_single    score=-0.1398 origin=agent    iters=4 stop=no new information in 3 consecutive turns
         TEST  smape=0.0023  rmse=11.3651  pocid=83.33  mape=0.0023  | FLOOR smape=0.0020
         laya iter 1 -> best_FT_rf conf=0.277 rank=1
         laya iter 2 -> best_FT_rf conf=0.2767 rank=1
         laya iter 3 -> best_FT_rf conf=0.2767 rank=1
         laya iter 4 -> best_FT_rf conf=0.2767 rank=1
[  82] best_single    score= 0.3738 origin=agent    iters=4 stop=no new information in 3 consecutive turns
         TEST  smape=0.0316  rmse=273.9036  pocid=33.33  mape=0.0326  | FLOOR smape=0.0158
         laya iter 1 -> best_rf conf=0.397 rank=1
         laya iter 2 -> best_rf conf=0.5639 rank=1
         laya iter 3 -> best_rf conf=0.5639 rank=1
         laya iter 4 -> best_rf conf=0.5639 rank=1
[  83] trimmed_mean   score= 0.3515 origin=baseline iters=5 stop=no new information in 3 consecutive turns
         TEST  smape=0.0097  rmse=65.5074  pocid=75.00  mape=0.0097  | FLOOR smape=0.0097
         laya iter 1 -> mean_pool1 conf=0.2842 rank=2
         laya iter 2 -> best_DWT_rf conf=0.252 rank=2
         laya iter 3 -> best_DWT_rf conf=0.252 rank=2
         laya iter 4 -> best_DWT_rf conf=0.252 rank=2
         laya iter 5 -> best_DWT_rf conf=0.252 rank=2
[  84] median         score=-0.0043 origin=baseline iters=4 stop=no new information in 3 consecutive turns
         TEST  smape=0.0101  rmse=211.9388  pocid=66.67  mape=0.0100  | FLOOR smape=0.0101
         laya iter 1 -> best_rf conf=0.2601 rank=2
         laya iter 2 -> best_rf conf=0.2428 rank=2
         laya iter 3 -> best_rf conf=0.2428 rank=2
         laya iter 4 -> best_rf conf=0.2428 rank=2
[  85] best_single    score=-0.0753 origin=agent    iters=4 stop=no new information in 3 consecutive turns
         TEST  smape=0.0122  rmse=228.7026  pocid=75.00  mape=0.0121  | FLOOR smape=0.0116
         laya iter 1 -> best_ONLY_CWT_catboost conf=0.2993 rank=1
         laya iter 2 -> best_ONLY_CWT_catboost conf=0.3366 rank=1
         laya iter 3 -> best_ONLY_CWT_catboost conf=0.3366 rank=1
         laya iter 4 -> best_ONLY_CWT_catboost conf=0.3366 rank=1
[  86] best_single    score=-0.0638 origin=agent    iters=5 stop=no new information in 3 consecutive turns
         TEST  smape=0.0319  rmse=36.8164  pocid=58.33  mape=0.0313  | FLOOR smape=0.0168
         laya iter 1 -> best_ONLY_CWT_catboost conf=0.2931 rank=8
         laya iter 2 -> best_CWT_catboost conf=0.3294 rank=1
         laya iter 3 -> best_CWT_catboost conf=0.3294 rank=1
         laya iter 4 -> best_CWT_catboost conf=0.3294 rank=1
         laya iter 5 -> best_CWT_catboost conf=0.3294 rank=1
[  87] best_single    score=-0.0639 origin=agent    iters=4 stop=no new information in 3 consecutive turns
         TEST  smape=0.0055  rmse=80.2186  pocid=75.00  mape=0.0055  | FLOOR smape=0.0031
         laya iter 1 -> best_rf conf=0.7197 rank=1
         laya iter 2 -> best_rf conf=0.7809 rank=1
         laya iter 3 -> best_rf conf=0.7809 rank=1
         laya iter 4 -> best_rf conf=0.7809 rank=1
[  88] trimmed_mean   score=-0.0096 origin=baseline iters=5 stop=no new information in 3 consecutive turns
         TEST  smape=0.0997  rmse=125.5049  pocid=75.00  mape=0.1058  | FLOOR smape=0.0997
         laya iter 1 -> mean_pool_full conf=0.2743 rank=9
         laya iter 2 -> mean_pool4 conf=0.2198 rank=8
         laya iter 3 -> mean_pool4 conf=0.2198 rank=8
         laya iter 4 -> mean_pool4 conf=0.2198 rank=8
         laya iter 5 -> mean_pool4 conf=0.2198 rank=8
[  89] mean           score= 0.0512 origin=baseline iters=5 stop=no new information in 3 consecutive turns
         TEST  smape=0.0193  rmse=43.2334  pocid=50.00  mape=0.0196  | FLOOR smape=0.0193
         laya iter 1 -> mean_pool1 conf=0.257 rank=1
         laya iter 2 -> mean_pool4 conf=0.2327 rank=2
         laya iter 3 -> mean_pool4 conf=0.2327 rank=2
         laya iter 4 -> mean_pool4 conf=0.2327 rank=2
         laya iter 5 -> mean_pool4 conf=0.2327 rank=2
[  90] best_single    score=-0.0140 origin=agent    iters=4 stop=no new information in 3 consecutive turns
         TEST  smape=0.0294  rmse=621.4291  pocid=66.67  mape=0.0299  | FLOOR smape=0.0324
         laya iter 1 -> best_ONLY_FT_catboost conf=0.493 rank=1
         laya iter 2 -> best_ONLY_FT_catboost conf=0.5861 rank=1
         laya iter 3 -> best_ONLY_FT_catboost conf=0.5861 rank=1
         laya iter 4 -> best_ONLY_FT_catboost conf=0.5861 rank=1
[  91] trimmed_mean   score=-0.0586 origin=baseline iters=4 stop=no new information in 3 consecutive turns
         TEST  smape=0.0696  rmse=1732.9826  pocid=58.33  mape=0.0727  | FLOOR smape=0.0696
         laya iter 1 -> best_ONLY_CWT_rf conf=0.5979 rank=7
         laya iter 2 -> best_ONLY_CWT_rf conf=0.6455 rank=7
         laya iter 3 -> best_ONLY_CWT_rf conf=0.6455 rank=7
         laya iter 4 -> best_ONLY_CWT_rf conf=0.6455 rank=7
[  92] best_single    score= 0.3060 origin=agent    iters=4 stop=no new information in 3 consecutive turns
         TEST  smape=0.0028  rmse=5.7966  pocid=83.33  mape=0.0028  | FLOOR smape=0.0043
         laya iter 1 -> best_CWT_catboost conf=0.3115 rank=1
         laya iter 2 -> best_CWT_catboost conf=0.3071 rank=1
         laya iter 3 -> best_CWT_catboost conf=0.3071 rank=1
         laya iter 4 -> best_CWT_catboost conf=0.3071 rank=1
[  93] best_single    score= 0.2520 origin=agent    iters=4 stop=no new information in 3 consecutive turns
         TEST  smape=0.1270  rmse=271.7649  pocid=33.33  mape=0.1177  | FLOOR smape=0.1178
         laya iter 1 -> best_rf conf=0.736 rank=1
         laya iter 2 -> best_rf conf=0.8298 rank=1
         laya iter 3 -> best_rf conf=0.8298 rank=1
         laya iter 4 -> best_rf conf=0.8298 rank=1
[  94] median         score= 0.5014 origin=baseline iters=5 stop=no new information in 3 consecutive turns
         TEST  smape=0.0874  rmse=179.8224  pocid=41.67  mape=0.0826  | FLOOR smape=0.0874
         laya iter 1 -> mean_pool1 conf=0.2843 rank=4
         laya iter 2 -> mean_pool4 conf=0.2298 rank=8
         laya iter 3 -> mean_pool4 conf=0.2298 rank=8
         laya iter 4 -> mean_pool4 conf=0.2298 rank=8
         laya iter 5 -> mean_pool4 conf=0.2298 rank=8
[  95] trimmed_mean   score=-0.1123 origin=baseline iters=4 stop=no new information in 3 consecutive turns
         TEST  smape=0.0031  rmse=43.2997  pocid=83.33  mape=0.0031  | FLOOR smape=0.0031
         laya iter 1 -> best_DWT_rf conf=0.3256 rank=2
         laya iter 2 -> best_DWT_rf conf=0.4028 rank=2
         laya iter 3 -> best_DWT_rf conf=0.4028 rank=2
         laya iter 4 -> best_DWT_rf conf=0.4028 rank=2
[  96] trimmed_mean   score= 0.0306 origin=baseline iters=5 stop=no new information in 3 consecutive turns
         TEST  smape=0.0312  rmse=20.9591  pocid=91.67  mape=0.0305  | FLOOR smape=0.0312
         laya iter 1 -> best_ONLY_FT_rf conf=0.3009 rank=8
         laya iter 2 -> best_ONLY_CWT_rf conf=0.3114 rank=4
         laya iter 3 -> best_ONLY_CWT_rf conf=0.3114 rank=4
         laya iter 4 -> best_ONLY_CWT_rf conf=0.3114 rank=4
         laya iter 5 -> best_ONLY_CWT_rf conf=0.3114 rank=4
[  97] mean           score= 0.0072 origin=baseline iters=5 stop=no new information in 3 consecutive turns
         TEST  smape=0.0219  rmse=17.8919  pocid=91.67  mape=0.0217  | FLOOR smape=0.0219
         laya iter 1 -> mean_pool_full conf=0.2503 rank=8
         laya iter 2 -> best_DWT_catboost conf=0.2411 rank=2
         laya iter 3 -> best_DWT_catboost conf=0.2411 rank=2
         laya iter 4 -> best_DWT_catboost conf=0.2411 rank=2
         laya iter 5 -> best_DWT_catboost conf=0.2411 rank=2
[  98] best_single    score= 0.0029 origin=agent    iters=4 stop=no new information in 3 consecutive turns
         TEST  smape=0.0118  rmse=185.4583  pocid=66.67  mape=0.0119  | FLOOR smape=0.0130
         laya iter 1 -> best_DWT_rf conf=0.4719 rank=1
         laya iter 2 -> best_DWT_rf conf=0.6062 rank=1
         laya iter 3 -> best_DWT_rf conf=0.6062 rank=1
         laya iter 4 -> best_DWT_rf conf=0.6062 rank=1
[  99] median         score=-0.0868 origin=baseline iters=4 stop=no new information in 3 consecutive turns
         TEST  smape=0.0156  rmse=210.5997  pocid=75.00  mape=0.0155  | FLOOR smape=0.0156
         laya iter 1 -> best_FT_rf conf=0.4071 rank=2
         laya iter 2 -> best_FT_rf conf=0.5429 rank=2
         laya iter 3 -> best_FT_rf conf=0.5429 rank=2
         laya iter 4 -> best_FT_rf conf=0.5429 rank=2
[ 100] best_single    score=-0.0119 origin=agent    iters=5 stop=no new information in 3 consecutive turns
         TEST  smape=0.0039  rmse=44.9234  pocid=91.67  mape=0.0039  | FLOOR smape=0.0025
         laya iter 1 -> mean_pool1 conf=0.2882 rank=2
         laya iter 2 -> best_FT_catboost conf=0.2972 rank=1
         laya iter 3 -> best_FT_catboost conf=0.2972 rank=1
         laya iter 4 -> best_FT_catboost conf=0.2972 rank=1
         laya iter 5 -> best_FT_catboost conf=0.2972 rank=1
[ 101] trimmed_mean   score=-0.0831 origin=baseline iters=4 stop=no new information in 3 consecutive turns
         TEST  smape=0.0221  rmse=389.5042  pocid=50.00  mape=0.0224  | FLOOR smape=0.0221
         laya iter 1 -> best_CWT_rf conf=0.3758 rank=5
         laya iter 2 -> best_CWT_rf conf=0.5107 rank=5
         laya iter 3 -> best_CWT_rf conf=0.5107 rank=5
         laya iter 4 -> best_CWT_rf conf=0.5107 rank=5
[ 102] trimmed_mean   score=-0.0121 origin=baseline iters=4 stop=no new information in 3 consecutive turns
         TEST  smape=0.0295  rmse=134.8050  pocid=58.33  mape=0.0294  | FLOOR smape=0.0295
         laya iter 1 -> best_ONLY_DWT_rf conf=0.3592 rank=3
         laya iter 2 -> best_ONLY_DWT_rf conf=0.4332 rank=3
         laya iter 3 -> best_ONLY_DWT_rf conf=0.4332 rank=3
         laya iter 4 -> best_ONLY_DWT_rf conf=0.4332 rank=3
[ 103] best_single    score= 0.3026 origin=agent    iters=4 stop=no new information in 3 consecutive turns
         TEST  smape=0.0306  rmse=33.2086  pocid=83.33  mape=0.0312  | FLOOR smape=0.0256
         laya iter 1 -> best_ONLY_CWT_catboost conf=0.8867 rank=1
         laya iter 2 -> best_ONLY_CWT_catboost conf=0.9386 rank=1
         laya iter 3 -> best_ONLY_CWT_catboost conf=0.9386 rank=1
         laya iter 4 -> best_ONLY_CWT_catboost conf=0.9386 rank=1
[ 104] trimmed_mean   score=-0.0949 origin=baseline iters=4 stop=no new information in 3 consecutive turns
         TEST  smape=0.0116  rmse=127.8934  pocid=33.33  mape=0.0117  | FLOOR smape=0.0116
         laya iter 1 -> best_rf conf=0.4223 rank=4
         laya iter 2 -> best_rf conf=0.5361 rank=4
         laya iter 3 -> best_rf conf=0.5361 rank=4
         laya iter 4 -> best_rf conf=0.5361 rank=4
[ 105] best_single    score= 0.1103 origin=agent    iters=4 stop=no new information in 3 consecutive turns
         TEST  smape=0.0028  rmse=7.1052  pocid=83.33  mape=0.0028  | FLOOR smape=0.0019
         laya iter 1 -> best_ONLY_CWT_rf conf=0.49 rank=1
         laya iter 2 -> best_ONLY_CWT_rf conf=0.6862 rank=1
         laya iter 3 -> best_ONLY_CWT_rf conf=0.6862 rank=1
         laya iter 4 -> best_ONLY_CWT_rf conf=0.6862 rank=1
[ 106] trimmed_mean   score=-0.0606 origin=baseline iters=5 stop=no new information in 3 consecutive turns
         TEST  smape=0.0115  rmse=305.2292  pocid=66.67  mape=0.0114  | FLOOR smape=0.0115
         laya iter 1 -> best_ONLY_DWT_catboost conf=0.3499 rank=3
         laya iter 2 -> best_rf conf=0.4182 rank=5
         laya iter 3 -> best_rf conf=0.4182 rank=5
         laya iter 4 -> best_rf conf=0.4182 rank=5
         laya iter 5 -> best_rf conf=0.4182 rank=5
[ 107] best_single    score=-0.1234 origin=agent    iters=4 stop=no new information in 3 consecutive turns
         TEST  smape=0.0074  rmse=150.9616  pocid=66.67  mape=0.0074  | FLOOR smape=0.0074
         laya iter 1 -> best_FT_rf conf=0.3033 rank=1
         laya iter 2 -> best_FT_rf conf=0.3047 rank=1
         laya iter 3 -> best_FT_rf conf=0.3047 rank=1
         laya iter 4 -> best_FT_rf conf=0.3047 rank=1
[ 108] mean           score=-0.0973 origin=baseline iters=5 stop=no new information in 3 consecutive turns
         TEST  smape=0.0092  rmse=149.9241  pocid=66.67  mape=0.0092  | FLOOR smape=0.0092
         laya iter 1 -> mean_pool1 conf=0.297 rank=6
         laya iter 2 -> best_ONLY_FT_rf conf=0.2562 rank=8
         laya iter 3 -> best_ONLY_FT_rf conf=0.2562 rank=8
         laya iter 4 -> best_ONLY_FT_rf conf=0.2562 rank=8
         laya iter 5 -> best_ONLY_FT_rf conf=0.2562 rank=8
[ 109] best_single    score= 0.0801 origin=agent    iters=4 stop=no new information in 3 consecutive turns
         TEST  smape=0.0168  rmse=141.9116  pocid=58.33  mape=0.0166  | FLOOR smape=0.0121
         laya iter 1 -> best_rf conf=0.5908 rank=1
         laya iter 2 -> best_rf conf=0.7096 rank=1
         laya iter 3 -> best_rf conf=0.7096 rank=1
         laya iter 4 -> best_rf conf=0.7096 rank=1
[ 110] trimmed_mean   score=-0.0410 origin=baseline iters=4 stop=no new information in 3 consecutive turns
         TEST  smape=0.0209  rmse=23.7062  pocid=75.00  mape=0.0206  | FLOOR smape=0.0209
         laya iter 1 -> best_CWT_catboost conf=0.4178 rank=2
         laya iter 2 -> best_CWT_catboost conf=0.4972 rank=2
         laya iter 3 -> best_CWT_catboost conf=0.4972 rank=2
         laya iter 4 -> best_CWT_catboost conf=0.4972 rank=2
[ 111] best_single    score=-0.0820 origin=agent    iters=5 stop=no new information in 3 consecutive turns
         TEST  smape=0.0069  rmse=74.0921  pocid=50.00  mape=0.0069  | FLOOR smape=0.0037
         laya iter 1 -> mean_pool1 conf=0.2533 rank=6
         laya iter 2 -> best_FT_catboost conf=0.2494 rank=1
         laya iter 3 -> best_FT_catboost conf=0.2494 rank=1
         laya iter 4 -> best_FT_catboost conf=0.2494 rank=1
         laya iter 5 -> best_FT_catboost conf=0.2494 rank=1
[ 112] mean           score=-0.0947 origin=baseline iters=4 stop=no new information in 3 consecutive turns
         TEST  smape=0.0344  rmse=30.1095  pocid=83.33  mape=0.0351  | FLOOR smape=0.0344
         laya iter 1 -> best_ONLY_CWT_catboost conf=0.3096 rank=3
         laya iter 2 -> best_ONLY_CWT_catboost conf=0.2958 rank=3
         laya iter 3 -> best_ONLY_CWT_catboost conf=0.2958 rank=3
         laya iter 4 -> best_ONLY_CWT_catboost conf=0.2958 rank=3
[ 113] median         score= 0.2069 origin=baseline iters=5 stop=no new information in 3 consecutive turns
         TEST  smape=0.0256  rmse=284.5511  pocid=41.67  mape=0.0260  | FLOOR smape=0.0256
         laya iter 1 -> mean_pool_full conf=0.2603 rank=8
         laya iter 2 -> mean_pool4 conf=0.2214 rank=8
         laya iter 3 -> mean_pool4 conf=0.2214 rank=8
         laya iter 4 -> mean_pool4 conf=0.2214 rank=8
         laya iter 5 -> mean_pool4 conf=0.2214 rank=8
[ 114] trimmed_mean   score= 0.0925 origin=baseline iters=5 stop=no new information in 3 consecutive turns
         TEST  smape=0.0382  rmse=459.8593  pocid=33.33  mape=0.0390  | FLOOR smape=0.0382
         laya iter 1 -> mean_pool_full conf=0.2934 rank=8
         laya iter 2 -> mean_pool4 conf=0.231 rank=8
         laya iter 3 -> mean_pool4 conf=0.231 rank=8
         laya iter 4 -> mean_pool4 conf=0.231 rank=8
         laya iter 5 -> mean_pool4 conf=0.231 rank=8
[ 115] trimmed_mean   score=-0.0266 origin=baseline iters=5 stop=no new information in 3 consecutive turns
         TEST  smape=0.0408  rmse=695.4162  pocid=75.00  mape=0.0419  | FLOOR smape=0.0408
         laya iter 1 -> mean_pool_full conf=0.2852 rank=8
         laya iter 2 -> best_ONLY_DWT_rf conf=0.2492 rank=8
         laya iter 3 -> best_ONLY_DWT_rf conf=0.2492 rank=8
         laya iter 4 -> best_ONLY_DWT_rf conf=0.2492 rank=8
         laya iter 5 -> best_ONLY_DWT_rf conf=0.2492 rank=8
[ 116] best_single    score=-0.0487 origin=agent    iters=4 stop=no new information in 3 consecutive turns
         TEST  smape=0.0159  rmse=181.9204  pocid=58.33  mape=0.0156  | FLOOR smape=0.0182
         laya iter 1 -> best_FT_rf conf=0.4063 rank=1
         laya iter 2 -> best_FT_rf conf=0.5218 rank=1
         laya iter 3 -> best_FT_rf conf=0.5218 rank=1
         laya iter 4 -> best_FT_rf conf=0.5218 rank=1
[ 117] best_single    score= 0.3675 origin=agent    iters=4 stop=no new information in 3 consecutive turns
         TEST  smape=0.0059  rmse=10.9859  pocid=75.00  mape=0.0058  | FLOOR smape=0.0046
         laya iter 1 -> best_ONLY_CWT_catboost conf=0.3166 rank=1
         laya iter 2 -> best_ONLY_CWT_catboost conf=0.3056 rank=1
         laya iter 3 -> best_ONLY_CWT_catboost conf=0.3056 rank=1
         laya iter 4 -> best_ONLY_CWT_catboost conf=0.3056 rank=1
[ 118] best_single    score= 0.2893 origin=agent    iters=5 stop=no new information in 3 consecutive turns
         TEST  smape=0.1600  rmse=199.4430  pocid=66.67  mape=0.1458  | FLOOR smape=0.1541
         laya iter 1 -> mean_pool1 conf=0.3138 rank=1
         laya iter 2 -> best_ONLY_CWT_rf conf=0.2863 rank=1
         laya iter 3 -> best_ONLY_CWT_rf conf=0.2863 rank=1
         laya iter 4 -> best_ONLY_CWT_rf conf=0.2863 rank=1
         laya iter 5 -> best_ONLY_CWT_rf conf=0.2863 rank=1
[ 119] mean           score= 0.5020 origin=agent    iters=5 stop=no new information in 3 consecutive turns
         TEST  smape=0.1994  rmse=206.2843  pocid=75.00  mape=0.1781  | FLOOR smape=0.1495
         laya iter 1 -> mean_pool1 conf=0.3691 rank=4
         laya iter 2 -> mean_pool4 conf=0.255 rank=1
         laya iter 3 -> mean_pool4 conf=0.255 rank=1
         laya iter 4 -> mean_pool4 conf=0.255 rank=1
         laya iter 5 -> mean_pool4 conf=0.255 rank=1
[ 120] best_single    score=-0.1268 origin=agent    iters=4 stop=no new information in 3 consecutive turns
         TEST  smape=0.0039  rmse=54.9591  pocid=75.00  mape=0.0039  | FLOOR smape=0.0036
         laya iter 1 -> best_CWT_rf conf=0.3591 rank=1
         laya iter 2 -> best_CWT_rf conf=0.4805 rank=1
         laya iter 3 -> best_CWT_rf conf=0.4805 rank=1
         laya iter 4 -> best_CWT_rf conf=0.4805 rank=1
[ 121] trimmed_mean   score=-0.0860 origin=baseline iters=4 stop=no new information in 3 consecutive turns
         TEST  smape=0.0418  rmse=18.9026  pocid=66.67  mape=0.0426  | FLOOR smape=0.0418
         laya iter 1 -> best_rf conf=0.4033 rank=6
         laya iter 2 -> best_rf conf=0.4948 rank=6
         laya iter 3 -> best_rf conf=0.4948 rank=6
         laya iter 4 -> best_rf conf=0.4948 rank=6
[ 122] trimmed_mean   score=-0.1001 origin=baseline iters=4 stop=no new information in 3 consecutive turns
         TEST  smape=0.0356  rmse=21.5406  pocid=83.33  mape=0.0367  | FLOOR smape=0.0356
         laya iter 1 -> best_ONLY_DWT_rf conf=0.4086 rank=8
         laya iter 2 -> best_ONLY_DWT_rf conf=0.4347 rank=8
         laya iter 3 -> best_ONLY_DWT_rf conf=0.4347 rank=8
         laya iter 4 -> best_ONLY_DWT_rf conf=0.4347 rank=8
[ 123] mean           score= 0.2319 origin=baseline iters=4 stop=no new information in 3 consecutive turns
         TEST  smape=0.0123  rmse=117.5304  pocid=58.33  mape=0.0124  | FLOOR smape=0.0123
         laya iter 1 -> best_ONLY_FT_catboost conf=0.3081 rank=3
         laya iter 2 -> best_ONLY_FT_catboost conf=0.3549 rank=3
         laya iter 3 -> best_ONLY_FT_catboost conf=0.3549 rank=3
         laya iter 4 -> best_ONLY_FT_catboost conf=0.3549 rank=3
[ 124] best_single    score=-0.1263 origin=agent    iters=5 stop=no new information in 3 consecutive turns
         TEST  smape=0.0107  rmse=139.8985  pocid=33.33  mape=0.0106  | FLOOR smape=0.0138
         laya iter 1 -> mean_pool1 conf=0.2825 rank=7
         laya iter 2 -> best_FT_catboost conf=0.2873 rank=1
         laya iter 3 -> best_FT_catboost conf=0.2873 rank=1
         laya iter 4 -> best_FT_catboost conf=0.2873 rank=1
         laya iter 5 -> best_FT_catboost conf=0.2873 rank=1
[ 125] mean           score= 0.0146 origin=baseline iters=4 stop=no new information in 3 consecutive turns
         TEST  smape=0.0048  rmse=58.6468  pocid=91.67  mape=0.0048  | FLOOR smape=0.0048
         laya iter 1 -> best_CWT_rf conf=0.3447 rank=4
         laya iter 2 -> best_CWT_rf conf=0.4469 rank=4
         laya iter 3 -> best_CWT_rf conf=0.4469 rank=4
         laya iter 4 -> best_CWT_rf conf=0.4469 rank=4
[ 126] best_single    score=-0.0198 origin=agent    iters=5 stop=no new information in 3 consecutive turns
         TEST  smape=0.0309  rmse=368.7624  pocid=66.67  mape=0.0314  | FLOOR smape=0.0191
         laya iter 1 -> mean_pool1 conf=0.2709 rank=6
         laya iter 2 -> best_ONLY_CWT_catboost conf=0.2348 rank=1
         laya iter 3 -> best_ONLY_CWT_catboost conf=0.2348 rank=1
         laya iter 4 -> best_ONLY_CWT_catboost conf=0.2348 rank=1
         laya iter 5 -> best_ONLY_CWT_catboost conf=0.2348 rank=1
[ 127] trimmed_mean   score=-0.0105 origin=baseline iters=4 stop=no new information in 3 consecutive turns
         TEST  smape=0.0221  rmse=95.5364  pocid=66.67  mape=0.0221  | FLOOR smape=0.0221
         laya iter 1 -> best_ONLY_DWT_catboost conf=0.5685 rank=8
         laya iter 2 -> best_ONLY_DWT_catboost conf=0.5768 rank=8
         laya iter 3 -> best_ONLY_DWT_catboost conf=0.5768 rank=8
         laya iter 4 -> best_ONLY_DWT_catboost conf=0.5768 rank=8
[ 128] best_single    score= 0.3403 origin=agent    iters=4 stop=no new information in 3 consecutive turns
         TEST  smape=0.0254  rmse=27.1630  pocid=83.33  mape=0.0258  | FLOOR smape=0.0268
         laya iter 1 -> best_ONLY_CWT_catboost conf=0.9 rank=1
         laya iter 2 -> best_ONLY_CWT_catboost conf=0.9508 rank=1
         laya iter 3 -> best_ONLY_CWT_catboost conf=0.9508 rank=1
         laya iter 4 -> best_ONLY_CWT_catboost conf=0.9508 rank=1
[ 129] mean           score=-0.0840 origin=baseline iters=4 stop=no new information in 3 consecutive turns
         TEST  smape=0.0097  rmse=93.6733  pocid=50.00  mape=0.0098  | FLOOR smape=0.0097
         laya iter 1 -> best_ONLY_CWT_rf conf=0.4318 rank=4
         laya iter 2 -> best_ONLY_CWT_rf conf=0.5356 rank=4
         laya iter 3 -> best_ONLY_CWT_rf conf=0.5356 rank=4
         laya iter 4 -> best_ONLY_CWT_rf conf=0.5356 rank=4
[ 130] best_single    score= 0.1301 origin=agent    iters=5 stop=no new information in 3 consecutive turns
         TEST  smape=0.0032  rmse=8.2579  pocid=66.67  mape=0.0032  | FLOOR smape=0.0024
         laya iter 1 -> mean_pool_full conf=0.3114 rank=8
         laya iter 2 -> best_ONLY_CWT_catboost conf=0.2721 rank=1
         laya iter 3 -> best_ONLY_CWT_catboost conf=0.2721 rank=1
         laya iter 4 -> best_ONLY_CWT_catboost conf=0.2721 rank=1
         laya iter 5 -> best_ONLY_CWT_catboost conf=0.2721 rank=1
[ 131] best_single    score=-0.0801 origin=agent    iters=4 stop=no new information in 3 consecutive turns
         TEST  smape=0.0110  rmse=274.7907  pocid=50.00  mape=0.0110  | FLOOR smape=0.0117
         laya iter 1 -> best_CWT_rf conf=0.3321 rank=1
         laya iter 2 -> best_CWT_rf conf=0.4219 rank=1
         laya iter 3 -> best_CWT_rf conf=0.4219 rank=1
         laya iter 4 -> best_CWT_rf conf=0.4219 rank=1
[ 132] best_single    score=-0.1134 origin=agent    iters=4 stop=no new information in 3 consecutive turns
         TEST  smape=0.0030  rmse=50.8460  pocid=91.67  mape=0.0030  | FLOOR smape=0.0032
         laya iter 1 -> best_CWT_rf conf=0.5133 rank=1
         laya iter 2 -> best_CWT_rf conf=0.6581 rank=1
         laya iter 3 -> best_CWT_rf conf=0.6581 rank=1
         laya iter 4 -> best_CWT_rf conf=0.6581 rank=1
[ 133] best_single    score=-0.0991 origin=agent    iters=4 stop=no new information in 3 consecutive turns
         TEST  smape=0.0037  rmse=54.1662  pocid=83.33  mape=0.0037  | FLOOR smape=0.0031
         laya iter 1 -> best_DWT_rf conf=0.3178 rank=1
         laya iter 2 -> best_DWT_rf conf=0.4052 rank=1
         laya iter 3 -> best_DWT_rf conf=0.4052 rank=1
         laya iter 4 -> best_DWT_rf conf=0.4052 rank=1
[ 134] best_single    score= 0.0280 origin=agent    iters=5 stop=no new information in 3 consecutive turns
         TEST  smape=0.0117  rmse=85.8195  pocid=58.33  mape=0.0116  | FLOOR smape=0.0205
         laya iter 1 -> mean_pool1 conf=0.2867 rank=5
         laya iter 2 -> best_ONLY_DWT_catboost conf=0.2896 rank=1
         laya iter 3 -> best_ONLY_DWT_catboost conf=0.2896 rank=1
         laya iter 4 -> best_ONLY_DWT_catboost conf=0.2896 rank=1
         laya iter 5 -> best_ONLY_DWT_catboost conf=0.2896 rank=1
[ 135] best_single    score= 0.0534 origin=agent    iters=5 stop=no new information in 3 consecutive turns
         TEST  smape=0.0215  rmse=170.1993  pocid=58.33  mape=0.0213  | FLOOR smape=0.0196
         laya iter 1 -> mean_pool1 conf=0.3181 rank=6
         laya iter 2 -> best_DWT_catboost conf=0.3347 rank=1
         laya iter 3 -> best_DWT_catboost conf=0.3347 rank=1
         laya iter 4 -> best_DWT_catboost conf=0.3347 rank=1
         laya iter 5 -> best_DWT_catboost conf=0.3347 rank=1
[ 136] best_single    score=-0.0610 origin=agent    iters=4 stop=no new information in 3 consecutive turns
         TEST  smape=0.0097  rmse=78.1532  pocid=58.33  mape=0.0097  | FLOOR smape=0.0106
         laya iter 1 -> best_DWT_catboost conf=0.3876 rank=1
         laya iter 2 -> best_DWT_catboost conf=0.4485 rank=1
         laya iter 3 -> best_DWT_catboost conf=0.4485 rank=1
         laya iter 4 -> best_DWT_catboost conf=0.4485 rank=1
[ 137] mean           score=-0.0994 origin=baseline iters=5 stop=no new information in 3 consecutive turns
         TEST  smape=0.0662  rmse=26.8251  pocid=75.00  mape=0.0679  | FLOOR smape=0.0662
         laya iter 1 -> mean_pool_full conf=0.2877 rank=9
         laya iter 2 -> best_ONLY_FT_rf conf=0.2855 rank=8
         laya iter 3 -> best_ONLY_FT_rf conf=0.2855 rank=8
         laya iter 4 -> best_ONLY_FT_rf conf=0.2855 rank=8
         laya iter 5 -> best_ONLY_FT_rf conf=0.2855 rank=8
[ 138] best_single    score= 0.2671 origin=agent    iters=4 stop=no new information in 3 consecutive turns
         TEST  smape=0.0353  rmse=292.6226  pocid=50.00  mape=0.0360  | FLOOR smape=0.0327
         laya iter 1 -> best_DWT_rf conf=0.3442 rank=1
         laya iter 2 -> best_DWT_rf conf=0.4023 rank=1
         laya iter 3 -> best_DWT_rf conf=0.4023 rank=1
         laya iter 4 -> best_DWT_rf conf=0.4023 rank=1
[ 139] best_single    score= 0.2773 origin=agent    iters=4 stop=no new information in 3 consecutive turns
         TEST  smape=0.0399  rmse=361.0408  pocid=58.33  mape=0.0409  | FLOOR smape=0.0344
         laya iter 1 -> best_ONLY_CWT_rf conf=0.3621 rank=1
         laya iter 2 -> best_ONLY_CWT_rf conf=0.4641 rank=1
         laya iter 3 -> best_ONLY_CWT_rf conf=0.4641 rank=1
         laya iter 4 -> best_ONLY_CWT_rf conf=0.4641 rank=1
[ 140] median         score= 0.0218 origin=baseline iters=4 stop=no new information in 3 consecutive turns
         TEST  smape=0.0458  rmse=569.6585  pocid=66.67  mape=0.0472  | FLOOR smape=0.0458
         laya iter 1 -> best_DWT_catboost conf=0.3087 rank=2
         laya iter 2 -> best_DWT_catboost conf=0.3605 rank=2
         laya iter 3 -> best_DWT_catboost conf=0.3605 rank=2
         laya iter 4 -> best_DWT_catboost conf=0.3605 rank=2
[ 141] best_single    score=-0.0134 origin=agent    iters=4 stop=no new information in 3 consecutive turns
         TEST  smape=0.0134  rmse=115.5515  pocid=75.00  mape=0.0132  | FLOOR smape=0.0136
         laya iter 1 -> best_ONLY_CWT_rf conf=0.6444 rank=1
         laya iter 2 -> best_ONLY_CWT_rf conf=0.8035 rank=1
         laya iter 3 -> best_ONLY_CWT_rf conf=0.8035 rank=1
         laya iter 4 -> best_ONLY_CWT_rf conf=0.8035 rank=1
[ 142] best_single    score= 0.0398 origin=agent    iters=4 stop=no new information in 3 consecutive turns
         TEST  smape=0.0057  rmse=73.5386  pocid=75.00  mape=0.0056  | FLOOR smape=0.0043
         laya iter 1 -> best_CWT_catboost conf=0.2887 rank=1
         laya iter 2 -> best_CWT_catboost conf=0.3076 rank=1
         laya iter 3 -> best_CWT_catboost conf=0.3076 rank=1
         laya iter 4 -> best_CWT_catboost conf=0.3076 rank=1
[ 143] median         score= 0.1717 origin=baseline iters=4 stop=no new information in 3 consecutive turns
         TEST  smape=0.1282  rmse=159.5969  pocid=16.67  mape=0.1188  | FLOOR smape=0.1282
         laya iter 1 -> best_CWT_rf conf=0.4013 rank=2
         laya iter 2 -> best_CWT_rf conf=0.5317 rank=2
         laya iter 3 -> best_CWT_rf conf=0.5317 rank=2
         laya iter 4 -> best_CWT_rf conf=0.5317 rank=2
[ 144] trimmed_mean   score= 0.3564 origin=baseline iters=5 stop=no new information in 3 consecutive turns
         TEST  smape=0.1696  rmse=1757.2369  pocid=75.00  mape=0.1537  | FLOOR smape=0.1696
         laya iter 1 -> mean_pool1 conf=0.323 rank=6
         laya iter 2 -> mean_pool4 conf=0.2264 rank=8
         laya iter 3 -> mean_pool4 conf=0.2264 rank=8
         laya iter 4 -> mean_pool4 conf=0.2264 rank=8
         laya iter 5 -> mean_pool4 conf=0.2264 rank=8
[ 145] median         score=-0.1025 origin=baseline iters=4 stop=no new information in 3 consecutive turns
         TEST  smape=0.0089  rmse=73.9772  pocid=75.00  mape=0.0088  | FLOOR smape=0.0089
         laya iter 1 -> best_ONLY_CWT_rf conf=0.2936 rank=8
         laya iter 2 -> best_ONLY_CWT_rf conf=0.3091 rank=8
         laya iter 3 -> best_ONLY_CWT_rf conf=0.3091 rank=8
         laya iter 4 -> best_ONLY_CWT_rf conf=0.3091 rank=8
[ 146] trimmed_mean   score=-0.0638 origin=baseline iters=4 stop=no new information in 3 consecutive turns
         TEST  smape=0.0847  rmse=11.6306  pocid=41.67  mape=0.0897  | FLOOR smape=0.0847
         laya iter 1 -> best_ONLY_FT_rf conf=0.2766 rank=7
         laya iter 2 -> best_ONLY_FT_rf conf=0.2849 rank=7
         laya iter 3 -> best_ONLY_FT_rf conf=0.2849 rank=7
         laya iter 4 -> best_ONLY_FT_rf conf=0.2849 rank=7
[ 147] median         score=-0.0696 origin=baseline iters=4 stop=no new information in 3 consecutive turns
         TEST  smape=0.0675  rmse=16.3890  pocid=50.00  mape=0.0705  | FLOOR smape=0.0675
         laya iter 1 -> best_FT_catboost conf=0.4804 rank=5
         laya iter 2 -> best_FT_catboost conf=0.6178 rank=5
         laya iter 3 -> best_FT_catboost conf=0.6178 rank=5
         laya iter 4 -> best_FT_catboost conf=0.6178 rank=5
[ 148] best_single    score= 0.5658 origin=agent    iters=4 stop=no new information in 3 consecutive turns
         TEST  smape=0.0829  rmse=384.3356  pocid=50.00  mape=0.0866  | FLOOR smape=0.0405
         laya iter 1 -> best_ONLY_FT_catboost conf=0.3531 rank=1
         laya iter 2 -> best_ONLY_FT_catboost conf=0.3922 rank=1
         laya iter 3 -> best_ONLY_FT_catboost conf=0.3922 rank=1
         laya iter 4 -> best_ONLY_FT_catboost conf=0.3922 rank=1
[ 149] trimmed_mean   score=-0.0693 origin=baseline iters=5 stop=no new information in 3 consecutive turns
         TEST  smape=0.0152  rmse=146.1281  pocid=75.00  mape=0.0151  | FLOOR smape=0.0152
         laya iter 1 -> mean_pool1 conf=0.297 rank=4
         laya iter 2 -> best_DWT_catboost conf=0.2941 rank=7
         laya iter 3 -> best_DWT_catboost conf=0.2941 rank=7
         laya iter 4 -> best_DWT_catboost conf=0.2941 rank=7
         laya iter 5 -> best_DWT_catboost conf=0.2941 rank=7
[ 150] trimmed_mean   score=-0.1187 origin=baseline iters=4 stop=no new information in 3 consecutive turns
         TEST  smape=0.0079  rmse=59.8727  pocid=91.67  mape=0.0079  | FLOOR smape=0.0079
         laya iter 1 -> best_ONLY_CWT_catboost conf=0.298 rank=6
         laya iter 2 -> best_ONLY_CWT_catboost conf=0.3066 rank=6
         laya iter 3 -> best_ONLY_CWT_catboost conf=0.3066 rank=6
         laya iter 4 -> best_ONLY_CWT_catboost conf=0.3066 rank=6
[ 151] best_single    score= 0.0611 origin=agent    iters=4 stop=no new information in 3 consecutive turns
         TEST  smape=0.0212  rmse=214.6915  pocid=50.00  mape=0.0209  | FLOOR smape=0.0137
         laya iter 1 -> best_ONLY_FT_catboost conf=0.3499 rank=1
         laya iter 2 -> best_ONLY_FT_catboost conf=0.4288 rank=1
         laya iter 3 -> best_ONLY_FT_catboost conf=0.4288 rank=1
         laya iter 4 -> best_ONLY_FT_catboost conf=0.4288 rank=1
[ 152] best_single    score= 0.0015 origin=agent    iters=4 stop=no new information in 3 consecutive turns
         TEST  smape=0.0226  rmse=94.0364  pocid=75.00  mape=0.0229  | FLOOR smape=0.0227
         laya iter 1 -> best_FT_rf conf=0.3783 rank=1
         laya iter 2 -> best_FT_rf conf=0.4452 rank=1
         laya iter 3 -> best_FT_rf conf=0.4452 rank=1
         laya iter 4 -> best_FT_rf conf=0.4452 rank=1
[ 153] best_single    score= 0.0225 origin=agent    iters=4 stop=no new information in 3 consecutive turns
         TEST  smape=0.0217  rmse=214.7032  pocid=58.33  mape=0.0220  | FLOOR smape=0.0190
         laya iter 1 -> best_ONLY_CWT_rf conf=0.6268 rank=1
         laya iter 2 -> best_ONLY_CWT_rf conf=0.7565 rank=1
         laya iter 3 -> best_ONLY_CWT_rf conf=0.7565 rank=1
         laya iter 4 -> best_ONLY_CWT_rf conf=0.7565 rank=1
[ 154] best_single    score= 0.0248 origin=agent    iters=4 stop=no new information in 3 consecutive turns
         TEST  smape=0.0178  rmse=99.1961  pocid=41.67  mape=0.0180  | FLOOR smape=0.0186
         laya iter 1 -> best_ONLY_CWT_rf conf=0.3385 rank=1
         laya iter 2 -> best_ONLY_CWT_rf conf=0.4218 rank=1
         laya iter 3 -> best_ONLY_CWT_rf conf=0.4218 rank=1
         laya iter 4 -> best_ONLY_CWT_rf conf=0.4218 rank=1
[ 155] best_single    score=-0.0450 origin=agent    iters=4 stop=no new information in 3 consecutive turns
         TEST  smape=0.0119  rmse=82.9985  pocid=41.67  mape=0.0120  | FLOOR smape=0.0143
         laya iter 1 -> best_ONLY_FT_catboost conf=0.3034 rank=1
         laya iter 2 -> best_ONLY_FT_catboost conf=0.2994 rank=1
         laya iter 3 -> best_ONLY_FT_catboost conf=0.2994 rank=1
         laya iter 4 -> best_ONLY_FT_catboost conf=0.2994 rank=1
[ 156] mean           score=-0.1275 origin=agent    iters=5 stop=no new information in 3 consecutive turns
         TEST  smape=0.0033  rmse=6.1294  pocid=75.00  mape=0.0033  | FLOOR smape=0.0033
         laya iter 1 -> mean_pool1 conf=0.3034 rank=5
         laya iter 2 -> mean_pool4 conf=0.2321 rank=1
         laya iter 3 -> mean_pool4 conf=0.2321 rank=1
         laya iter 4 -> mean_pool4 conf=0.2321 rank=1
         laya iter 5 -> mean_pool4 conf=0.2321 rank=1
[ 157] best_single    score=-0.0848 origin=agent    iters=4 stop=no new information in 3 consecutive turns
         TEST  smape=0.0051  rmse=109.6777  pocid=33.33  mape=0.0051  | FLOOR smape=0.0069
         laya iter 1 -> best_ONLY_DWT_catboost conf=0.3019 rank=1
         laya iter 2 -> best_ONLY_DWT_catboost conf=0.3038 rank=1
         laya iter 3 -> best_ONLY_DWT_catboost conf=0.3038 rank=1
         laya iter 4 -> best_ONLY_DWT_catboost conf=0.3038 rank=1
[ 158] best_single    score=-0.1018 origin=agent    iters=4 stop=no new information in 3 consecutive turns
         TEST  smape=0.0069  rmse=69.2316  pocid=83.33  mape=0.0069  | FLOOR smape=0.0057
         laya iter 1 -> best_CWT_rf conf=0.331 rank=1
         laya iter 2 -> best_CWT_rf conf=0.4157 rank=1
         laya iter 3 -> best_CWT_rf conf=0.4157 rank=1
         laya iter 4 -> best_CWT_rf conf=0.4157 rank=1
[ 159] mean           score=-0.0982 origin=baseline iters=5 stop=no new information in 3 consecutive turns
         TEST  smape=0.0048  rmse=44.4603  pocid=91.67  mape=0.0048  | FLOOR smape=0.0048
         laya iter 1 -> mean_pool1 conf=0.2769 rank=1
         laya iter 2 -> best_ONLY_CWT_rf conf=0.2854 rank=2
         laya iter 3 -> best_ONLY_CWT_rf conf=0.2854 rank=2
         laya iter 4 -> best_ONLY_CWT_rf conf=0.2854 rank=2
         laya iter 5 -> best_ONLY_CWT_rf conf=0.2854 rank=2
[ 160] best_single    score=-0.0118 origin=agent    iters=5 stop=no new information in 3 consecutive turns
         TEST  smape=0.0072  rmse=107.2302  pocid=41.67  mape=0.0071  | FLOOR smape=0.0062
         laya iter 1 -> mean_pool1 conf=0.2679 rank=3
         laya iter 2 -> best_FT_catboost conf=0.2708 rank=1
         laya iter 3 -> best_FT_catboost conf=0.2708 rank=1
         laya iter 4 -> best_FT_catboost conf=0.2708 rank=1
         laya iter 5 -> best_FT_catboost conf=0.2708 rank=1
[ 161] mean           score= 0.0098 origin=baseline iters=4 stop=no new information in 3 consecutive turns
         TEST  smape=0.0117  rmse=66.6612  pocid=41.67  mape=0.0116  | FLOOR smape=0.0117
         laya iter 1 -> best_rf conf=0.4265 rank=2
         laya iter 2 -> best_rf conf=0.4911 rank=2
         laya iter 3 -> best_rf conf=0.4911 rank=2
         laya iter 4 -> best_rf conf=0.4911 rank=2
[ 162] best_single    score= 0.0275 origin=agent    iters=5 stop=no new information in 3 consecutive turns
         TEST  smape=0.0124  rmse=50.2909  pocid=75.00  mape=0.0123  | FLOOR smape=0.0124
         laya iter 1 -> mean_pool1 conf=0.3117 rank=7
         laya iter 2 -> best_ONLY_DWT_catboost conf=0.2668 rank=1
         laya iter 3 -> best_ONLY_DWT_catboost conf=0.2668 rank=1
         laya iter 4 -> best_ONLY_DWT_catboost conf=0.2668 rank=1
         laya iter 5 -> best_ONLY_DWT_catboost conf=0.2668 rank=1
[ 163] median         score=-0.0014 origin=baseline iters=4 stop=no new information in 3 consecutive turns
         TEST  smape=0.0105  rmse=283.3121  pocid=58.33  mape=0.0106  | FLOOR smape=0.0105
         laya iter 1 -> best_ONLY_DWT_rf conf=0.2793 rank=2
         laya iter 2 -> best_ONLY_DWT_rf conf=0.2771 rank=2
         laya iter 3 -> best_ONLY_DWT_rf conf=0.2771 rank=2
         laya iter 4 -> best_ONLY_DWT_rf conf=0.2771 rank=2
[ 164] trimmed_mean   score=-0.0294 origin=baseline iters=4 stop=no new information in 3 consecutive turns
         TEST  smape=0.0403  rmse=174.9849  pocid=50.00  mape=0.0414  | FLOOR smape=0.0403
         laya iter 1 -> best_ONLY_CWT_catboost conf=0.7286 rank=2
         laya iter 2 -> best_ONLY_CWT_catboost conf=0.7816 rank=2
         laya iter 3 -> best_ONLY_CWT_catboost conf=0.7816 rank=2
         laya iter 4 -> best_ONLY_CWT_catboost conf=0.7816 rank=2
[ 165] best_single    score= 0.0906 origin=agent    iters=4 stop=no new information in 3 consecutive turns
         TEST  smape=0.0498  rmse=147.9805  pocid=33.33  mape=0.0514  | FLOOR smape=0.0282
         laya iter 1 -> best_rf conf=0.4694 rank=1
         laya iter 2 -> best_rf conf=0.5762 rank=1
         laya iter 3 -> best_rf conf=0.5762 rank=1
         laya iter 4 -> best_rf conf=0.5762 rank=1
[ 166] best_single    score= 0.0037 origin=agent    iters=5 stop=no new information in 3 consecutive turns
         TEST  smape=0.0473  rmse=157.6121  pocid=50.00  mape=0.0487  | FLOOR smape=0.0308
         laya iter 1 -> mean_pool1 conf=0.3164 rank=5
         laya iter 2 -> best_catboost conf=0.2729 rank=1
         laya iter 3 -> best_catboost conf=0.2729 rank=1
         laya iter 4 -> best_catboost conf=0.2729 rank=1
         laya iter 5 -> best_catboost conf=0.2729 rank=1
[ 167] best_single    score= 0.0570 origin=agent    iters=4 stop=no new information in 3 consecutive turns
         TEST  smape=0.0404  rmse=164.9567  pocid=66.67  mape=0.0399  | FLOOR smape=0.0286
         laya iter 1 -> best_FT_catboost conf=0.2989 rank=1
         laya iter 2 -> best_FT_catboost conf=0.3542 rank=1
         laya iter 3 -> best_FT_catboost conf=0.3542 rank=1
         laya iter 4 -> best_FT_catboost conf=0.3542 rank=1
[ 168] best_single    score= 0.0300 origin=agent    iters=4 stop=no new information in 3 consecutive turns
         TEST  smape=0.0295  rmse=73.1664  pocid=50.00  mape=0.0286  | FLOOR smape=0.0419
         laya iter 1 -> best_DWT_catboost conf=0.3404 rank=1
         laya iter 2 -> best_DWT_catboost conf=0.3985 rank=1
         laya iter 3 -> best_DWT_catboost conf=0.3985 rank=1
         laya iter 4 -> best_DWT_catboost conf=0.3985 rank=1
[ 169] best_single    score= 0.0004 origin=agent    iters=4 stop=no new information in 3 consecutive turns
         TEST  smape=0.0208  rmse=93.3815  pocid=66.67  mape=0.0204  | FLOOR smape=0.0210
         laya iter 1 -> best_FT_rf conf=0.2976 rank=1
         laya iter 2 -> best_FT_rf conf=0.3168 rank=1
         laya iter 3 -> best_FT_rf conf=0.3168 rank=1
         laya iter 4 -> best_FT_rf conf=0.3168 rank=1
[ 170] trimmed_mean   score= 0.1181 origin=baseline iters=5 stop=no new information in 3 consecutive turns
         TEST  smape=0.0087  rmse=63.1978  pocid=66.67  mape=0.0087  | FLOOR smape=0.0087
         laya iter 1 -> mean_pool1 conf=0.2872 rank=5
         laya iter 2 -> mean_pool4 conf=0.2456 rank=7
         laya iter 3 -> mean_pool4 conf=0.2456 rank=7
         laya iter 4 -> mean_pool4 conf=0.2456 rank=7
         laya iter 5 -> mean_pool4 conf=0.2456 rank=7
[ 171] best_single    score=-0.0928 origin=agent    iters=4 stop=no new information in 3 consecutive turns
         TEST  smape=0.0063  rmse=27.6979  pocid=83.33  mape=0.0063  | FLOOR smape=0.0056
         laya iter 1 -> best_ONLY_CWT_rf conf=0.2969 rank=1
         laya iter 2 -> best_ONLY_CWT_rf conf=0.3266 rank=1
         laya iter 3 -> best_ONLY_CWT_rf conf=0.3266 rank=1
         laya iter 4 -> best_ONLY_CWT_rf conf=0.3266 rank=1
[ 172] trimmed_mean   score= 0.4402 origin=baseline iters=5 stop=no new information in 3 consecutive turns
         TEST  smape=0.0670  rmse=352.5113  pocid=58.33  mape=0.0645  | FLOOR smape=0.0670
         laya iter 1 -> mean_pool1 conf=0.3368 rank=5
         laya iter 2 -> mean_pool4 conf=0.2536 rank=8
         laya iter 3 -> mean_pool4 conf=0.2536 rank=8
         laya iter 4 -> mean_pool4 conf=0.2536 rank=8
         laya iter 5 -> mean_pool4 conf=0.2536 rank=8
[ 173] best_single    score= 0.2242 origin=agent    iters=4 stop=no new information in 3 consecutive turns
         TEST  smape=0.0064  rmse=24.2184  pocid=41.67  mape=0.0065  | FLOOR smape=0.0059
         laya iter 1 -> best_ONLY_DWT_catboost conf=0.4987 rank=1
         laya iter 2 -> best_ONLY_DWT_catboost conf=0.5145 rank=1
         laya iter 3 -> best_ONLY_DWT_catboost conf=0.5145 rank=1
         laya iter 4 -> best_ONLY_DWT_catboost conf=0.5145 rank=1
[ 174] best_single    score=-0.0751 origin=agent    iters=4 stop=no new information in 3 consecutive turns
         TEST  smape=0.0054  rmse=20.4984  pocid=83.33  mape=0.0053  | FLOOR smape=0.0063
         laya iter 1 -> best_DWT_rf conf=0.3805 rank=1
         laya iter 2 -> best_DWT_rf conf=0.5111 rank=1
         laya iter 3 -> best_DWT_rf conf=0.5111 rank=1
         laya iter 4 -> best_DWT_rf conf=0.5111 rank=1
[ 175] best_single    score= 0.0874 origin=agent    iters=4 stop=no new information in 3 consecutive turns
         TEST  smape=0.0248  rmse=67.1195  pocid=33.33  mape=0.0251  | FLOOR smape=0.0237
         laya iter 1 -> best_ONLY_FT_catboost conf=0.663 rank=1
         laya iter 2 -> best_ONLY_FT_catboost conf=0.7354 rank=1
         laya iter 3 -> best_ONLY_FT_catboost conf=0.7354 rank=1
         laya iter 4 -> best_ONLY_FT_catboost conf=0.7354 rank=1
[ 176] best_single    score= 0.4509 origin=agent    iters=4 stop=no new information in 3 consecutive turns
         TEST  smape=0.0364  rmse=279.2557  pocid=66.67  mape=0.0356  | FLOOR smape=0.0309
         laya iter 1 -> best_ONLY_DWT_catboost conf=0.7789 rank=1
         laya iter 2 -> best_ONLY_DWT_catboost conf=0.7906 rank=1
         laya iter 3 -> best_ONLY_DWT_catboost conf=0.7906 rank=1
         laya iter 4 -> best_ONLY_DWT_catboost conf=0.7906 rank=1
[ 177] best_single    score= 0.3637 origin=agent    iters=4 stop=no new information in 3 consecutive turns
         TEST  smape=0.0931  rmse=140.5790  pocid=58.33  mape=0.0979  | FLOOR smape=0.0600
         laya iter 1 -> best_rf conf=0.4238 rank=1
         laya iter 2 -> best_rf conf=0.4803 rank=1
         laya iter 3 -> best_rf conf=0.4803 rank=1
         laya iter 4 -> best_rf conf=0.4803 rank=1
[ 178] trimmed_mean   score=-0.0741 origin=baseline iters=5 stop=no new information in 3 consecutive turns
         TEST  smape=0.0063  rmse=23.5996  pocid=50.00  mape=0.0062  | FLOOR smape=0.0063
         laya iter 1 -> mean_pool1 conf=0.2772 rank=2
         laya iter 2 -> best_FT_rf conf=0.2548 rank=6
         laya iter 3 -> best_FT_rf conf=0.2548 rank=6
         laya iter 4 -> best_FT_rf conf=0.2548 rank=6
         laya iter 5 -> best_FT_rf conf=0.2548 rank=6
[ 179] best_single    score= 0.0995 origin=agent    iters=4 stop=no new information in 3 consecutive turns
         TEST  smape=0.0065  rmse=58.0664  pocid=66.67  mape=0.0064  | FLOOR smape=0.0080
         laya iter 1 -> best_ONLY_CWT_rf conf=0.8874 rank=1
         laya iter 2 -> best_ONLY_CWT_rf conf=0.8974 rank=1
         laya iter 3 -> best_ONLY_CWT_rf conf=0.8974 rank=1
         laya iter 4 -> best_ONLY_CWT_rf conf=0.8974 rank=1
[ 180] best_single    score=-0.0538 origin=agent    iters=4 stop=no new information in 3 consecutive turns
         TEST  smape=0.0163  rmse=161.9795  pocid=25.00  mape=0.0161  | FLOOR smape=0.0146
         laya iter 1 -> best_DWT_rf conf=0.3698 rank=1
         laya iter 2 -> best_DWT_rf conf=0.4357 rank=1
         laya iter 3 -> best_DWT_rf conf=0.4357 rank=1
         laya iter 4 -> best_DWT_rf conf=0.4357 rank=1
[ 181] best_single    score= 0.2014 origin=agent    iters=4 stop=no new information in 3 consecutive turns
         TEST  smape=0.2579  rmse=355.5854  pocid=33.33  mape=0.2235  | FLOOR smape=0.2051
         laya iter 1 -> best_FT_rf conf=0.6488 rank=1
         laya iter 2 -> best_FT_rf conf=0.7586 rank=1
         laya iter 3 -> best_FT_rf conf=0.7586 rank=1
         laya iter 4 -> best_FT_rf conf=0.7586 rank=1
[ 182] trimmed_mean   score=-0.0800 origin=baseline iters=5 stop=no new information in 3 consecutive turns
         TEST  smape=0.0196  rmse=132.6261  pocid=41.67  mape=0.0194  | FLOOR smape=0.0196
         laya iter 1 -> mean_pool1 conf=0.2876 rank=7
         laya iter 2 -> best_ONLY_CWT_catboost conf=0.2746 rank=8
         laya iter 3 -> best_ONLY_CWT_catboost conf=0.2746 rank=8
         laya iter 4 -> best_ONLY_CWT_catboost conf=0.2746 rank=8
         laya iter 5 -> best_ONLY_CWT_catboost conf=0.2746 rank=8
[ 183] best_single    score=-0.0480 origin=agent    iters=5 stop=no new information in 3 consecutive turns
         TEST  smape=0.0037  rmse=18.3987  pocid=83.33  mape=0.0037  | FLOOR smape=0.0043
         laya iter 1 -> mean_pool1 conf=0.2946 rank=1
         laya iter 2 -> best_ONLY_DWT_catboost conf=0.2625 rank=1
         laya iter 3 -> best_ONLY_DWT_catboost conf=0.2625 rank=1
         laya iter 4 -> best_ONLY_DWT_catboost conf=0.2625 rank=1
         laya iter 5 -> best_ONLY_DWT_catboost conf=0.2625 rank=1
[ 184] mean           score=-0.0560 origin=baseline iters=4 stop=no new information in 3 consecutive turns
         TEST  smape=0.0045  rmse=22.1940  pocid=83.33  mape=0.0045  | FLOOR smape=0.0045
         laya iter 1 -> best_ONLY_DWT_catboost conf=0.6406 rank=7
         laya iter 2 -> best_ONLY_DWT_catboost conf=0.7021 rank=7
         laya iter 3 -> best_ONLY_DWT_catboost conf=0.7021 rank=7
         laya iter 4 -> best_ONLY_DWT_catboost conf=0.7021 rank=7
[ 185] mean           score= 0.7500 origin=baseline iters=5 stop=no new information in 3 consecutive turns
         TEST  smape=0.0284  rmse=51.7753  pocid=58.33  mape=0.0279  | FLOOR smape=0.0284
         laya iter 1 -> mean_pool_full conf=0.3217 rank=1
         laya iter 2 -> best_ONLY_DWT_catboost conf=0.282 rank=3
         laya iter 3 -> best_ONLY_DWT_catboost conf=0.282 rank=3
         laya iter 4 -> best_ONLY_DWT_catboost conf=0.282 rank=3
         laya iter 5 -> best_ONLY_DWT_catboost conf=0.282 rank=3
[ 186] best_single    score= 0.3340 origin=agent    iters=5 stop=no new information in 3 consecutive turns
         TEST  smape=0.0421  rmse=40.0018  pocid=75.00  mape=0.0412  | FLOOR smape=0.0765
         laya iter 1 -> mean_pool_full conf=0.3147 rank=8
         laya iter 2 -> best_ONLY_DWT_rf conf=0.2634 rank=1
         laya iter 3 -> best_ONLY_DWT_rf conf=0.2634 rank=1
         laya iter 4 -> best_ONLY_DWT_rf conf=0.2634 rank=1
         laya iter 5 -> best_ONLY_DWT_rf conf=0.2634 rank=1
[ 187] best_single    score= 0.2426 origin=agent    iters=4 stop=no new information in 3 consecutive turns
         TEST  smape=0.0483  rmse=129.5481  pocid=41.67  mape=0.0466  | FLOOR smape=0.0135
         laya iter 1 -> best_ONLY_CWT_rf conf=0.84 rank=1
         laya iter 2 -> best_ONLY_CWT_rf conf=0.9162 rank=1
         laya iter 3 -> best_ONLY_CWT_rf conf=0.9162 rank=1
         laya iter 4 -> best_ONLY_CWT_rf conf=0.9162 rank=1
[ 188] best_single    score= 0.1807 origin=agent    iters=4 stop=no new information in 3 consecutive turns
         TEST  smape=0.0631  rmse=162.8081  pocid=58.33  mape=0.0604  | FLOOR smape=0.0808
         laya iter 1 -> best_ONLY_FT_rf conf=0.8587 rank=1
         laya iter 2 -> best_ONLY_FT_rf conf=0.9485 rank=1
         laya iter 3 -> best_ONLY_FT_rf conf=0.9485 rank=1
         laya iter 4 -> best_ONLY_FT_rf conf=0.9485 rank=1
[ 189] trimmed_mean   score=-0.0135 origin=baseline iters=5 stop=no new information in 3 consecutive turns
         TEST  smape=0.0158  rmse=8.3701  pocid=58.33  mape=0.0157  | FLOOR smape=0.0158
         laya iter 1 -> mean_pool_full conf=0.3189 rank=8
         laya iter 2 -> mean_pool4 conf=0.2503 rank=5
         laya iter 3 -> mean_pool4 conf=0.2503 rank=5
         laya iter 4 -> mean_pool4 conf=0.2503 rank=5
         laya iter 5 -> mean_pool4 conf=0.2503 rank=5
[ 190] best_single    score= 0.4020 origin=agent    iters=4 stop=no new information in 3 consecutive turns
         TEST  smape=0.0759  rmse=623.9810  pocid=66.67  mape=0.0723  | FLOOR smape=0.0602
         laya iter 1 -> best_CWT_rf conf=0.3339 rank=1
         laya iter 2 -> best_CWT_rf conf=0.44 rank=1
         laya iter 3 -> best_CWT_rf conf=0.44 rank=1
         laya iter 4 -> best_CWT_rf conf=0.44 rank=1
[ 191] best_single    score= 0.4045 origin=agent    iters=4 stop=no new information in 3 consecutive turns
         TEST  smape=0.0382  rmse=52.2545  pocid=58.33  mape=0.0394  | FLOOR smape=0.0310
         laya iter 1 -> best_ONLY_CWT_rf conf=0.333 rank=1
         laya iter 2 -> best_ONLY_CWT_rf conf=0.3985 rank=1
         laya iter 3 -> best_ONLY_CWT_rf conf=0.3985 rank=1
         laya iter 4 -> best_ONLY_CWT_rf conf=0.3985 rank=1
[ 192] mean           score= 0.2957 origin=agent    iters=5 stop=no new information in 3 consecutive turns
         TEST  smape=0.0236  rmse=166.8944  pocid=58.33  mape=0.0234  | FLOOR smape=0.0228
         laya iter 1 -> mean_pool1 conf=0.3161 rank=4
         laya iter 2 -> mean_pool4 conf=0.2509 rank=1
         laya iter 3 -> mean_pool4 conf=0.2509 rank=1
         laya iter 4 -> mean_pool4 conf=0.2509 rank=1
         laya iter 5 -> mean_pool4 conf=0.2509 rank=1
[ 193] best_single    score= 0.0610 origin=agent    iters=4 stop=no new information in 3 consecutive turns
         TEST  smape=0.0594  rmse=31.1122  pocid=50.00  mape=0.0575  | FLOOR smape=0.0273
         laya iter 1 -> best_DWT_rf conf=0.5754 rank=1
         laya iter 2 -> best_DWT_rf conf=0.7412 rank=1
         laya iter 3 -> best_DWT_rf conf=0.7412 rank=1
         laya iter 4 -> best_DWT_rf conf=0.7412 rank=1
[ 194] best_single    score= 0.6139 origin=agent    iters=5 stop=no new information in 3 consecutive turns
         TEST  smape=0.1745  rmse=161.5490  pocid=50.00  mape=0.1596  | FLOOR smape=0.0793
         laya iter 1 -> mean_pool_full conf=0.29 rank=8
         laya iter 2 -> best_ONLY_DWT_catboost conf=0.298 rank=1
         laya iter 3 -> best_ONLY_DWT_catboost conf=0.298 rank=1
         laya iter 4 -> best_ONLY_DWT_catboost conf=0.298 rank=1
         laya iter 5 -> best_ONLY_DWT_catboost conf=0.298 rank=1
[ 195] best_single    score= 0.3322 origin=agent    iters=4 stop=no new information in 3 consecutive turns
         TEST  smape=0.2166  rmse=2068.6036  pocid=33.33  mape=0.1925  | FLOOR smape=0.1398
         laya iter 1 -> best_ONLY_CWT_catboost conf=0.9767 rank=1
         laya iter 2 -> best_ONLY_CWT_catboost conf=0.9821 rank=1
         laya iter 3 -> best_ONLY_CWT_catboost conf=0.9821 rank=1
         laya iter 4 -> best_ONLY_CWT_catboost conf=0.9821 rank=1
[ 196] best_single    score= 0.6294 origin=agent    iters=4 stop=no new information in 3 consecutive turns
         TEST  smape=0.0656  rmse=225.4022  pocid=66.67  mape=0.0633  | FLOOR smape=0.1937
         laya iter 1 -> best_ONLY_CWT_rf conf=0.3657 rank=1
         laya iter 2 -> best_ONLY_CWT_rf conf=0.4453 rank=1
         laya iter 3 -> best_ONLY_CWT_rf conf=0.4453 rank=1
         laya iter 4 -> best_ONLY_CWT_rf conf=0.4453 rank=1
[ 197] best_single    score= 0.0428 origin=agent    iters=5 stop=no new information in 3 consecutive turns
         TEST  smape=0.0902  rmse=238.4663  pocid=33.33  mape=0.0856  | FLOOR smape=0.0527
         laya iter 1 -> mean_pool_full conf=0.2745 rank=9
         laya iter 2 -> best_ONLY_CWT_catboost conf=0.2384 rank=1
         laya iter 3 -> best_ONLY_CWT_catboost conf=0.2384 rank=1
         laya iter 4 -> best_ONLY_CWT_catboost conf=0.2384 rank=1
         laya iter 5 -> best_ONLY_CWT_catboost conf=0.2384 rank=1
[ 198] median         score= 0.0725 origin=baseline iters=5 stop=no new information in 3 consecutive turns
         TEST  smape=0.0570  rmse=51.5690  pocid=50.00  mape=0.0566  | FLOOR smape=0.0570
         laya iter 1 -> mean_pool_full conf=0.2603 rank=8
         laya iter 2 -> mean_pool4 conf=0.2092 rank=3
         laya iter 3 -> mean_pool4 conf=0.2092 rank=3
         laya iter 4 -> mean_pool4 conf=0.2092 rank=3
         laya iter 5 -> mean_pool4 conf=0.2092 rank=3
[ 199] median         score= 0.2626 origin=baseline iters=4 stop=no new information in 3 consecutive turns
         TEST  smape=0.0885  rmse=201.9539  pocid=66.67  mape=0.0931  | FLOOR smape=0.0885
         laya iter 1 -> best_ONLY_CWT_rf conf=0.3298 rank=2
         laya iter 2 -> best_ONLY_CWT_rf conf=0.3549 rank=2
         laya iter 3 -> best_ONLY_CWT_rf conf=0.3549 rank=2
         laya iter 4 -> best_ONLY_CWT_rf conf=0.3549 rank=2
[ 200] best_single    score= 0.4886 origin=agent    iters=5 stop=no new information in 3 consecutive turns
         TEST  smape=0.3537  rmse=622.3100  pocid=58.33  mape=0.2932  | FLOOR smape=0.1823
         laya iter 1 -> mean_pool1 conf=0.2886 rank=4
         laya iter 2 -> best_CWT_rf conf=0.262 rank=1
         laya iter 3 -> best_CWT_rf conf=0.262 rank=1
         laya iter 4 -> best_CWT_rf conf=0.262 rank=1
         laya iter 5 -> best_CWT_rf conf=0.262 rank=1
[ 201] best_single    score= 0.5136 origin=agent    iters=5 stop=no new information in 3 consecutive turns
         TEST  smape=0.1509  rmse=619.0914  pocid=41.67  mape=0.1389  | FLOOR smape=0.0431
         laya iter 1 -> mean_pool_full conf=0.2856 rank=4
         laya iter 2 -> best_CWT_catboost conf=0.2765 rank=1
         laya iter 3 -> best_CWT_catboost conf=0.2765 rank=1
         laya iter 4 -> best_CWT_catboost conf=0.2765 rank=1
         laya iter 5 -> best_CWT_catboost conf=0.2765 rank=1
[ 202] best_single    score= 0.4374 origin=agent    iters=4 stop=no new information in 3 consecutive turns
         TEST  smape=0.0694  rmse=442.3074  pocid=58.33  mape=0.0736  | FLOOR smape=0.0801
         laya iter 1 -> best_ONLY_DWT_catboost conf=0.7755 rank=1
         laya iter 2 -> best_ONLY_DWT_catboost conf=0.838 rank=1
         laya iter 3 -> best_ONLY_DWT_catboost conf=0.838 rank=1
         laya iter 4 -> best_ONLY_DWT_catboost conf=0.838 rank=1
[ 203] best_single    score=-0.0090 origin=agent    iters=5 stop=no new information in 3 consecutive turns
         TEST  smape=0.0074  rmse=59.1205  pocid=75.00  mape=0.0074  | FLOOR smape=0.0022
         laya iter 1 -> mean_pool_full conf=0.2788 rank=8
         laya iter 2 -> best_ONLY_DWT_rf conf=0.2508 rank=1
         laya iter 3 -> best_ONLY_DWT_rf conf=0.2508 rank=1
         laya iter 4 -> best_ONLY_DWT_rf conf=0.2508 rank=1
         laya iter 5 -> best_ONLY_DWT_rf conf=0.2508 rank=1
[ 204] best_single    score= 0.1474 origin=agent    iters=4 stop=no new information in 3 consecutive turns
         TEST  smape=0.0159  rmse=259.3038  pocid=50.00  mape=0.0157  | FLOOR smape=0.0324
         laya iter 1 -> best_ONLY_CWT_rf conf=0.3718 rank=1
         laya iter 2 -> best_ONLY_CWT_rf conf=0.4331 rank=1
         laya iter 3 -> best_ONLY_CWT_rf conf=0.4331 rank=1
         laya iter 4 -> best_ONLY_CWT_rf conf=0.4331 rank=1
[ 205] best_single    score= 0.5203 origin=agent    iters=4 stop=no new information in 3 consecutive turns
         TEST  smape=0.1065  rmse=151.5987  pocid=75.00  mape=0.0998  | FLOOR smape=0.1121
         laya iter 1 -> best_ONLY_DWT_catboost conf=0.4244 rank=1
         laya iter 2 -> best_ONLY_DWT_catboost conf=0.4509 rank=1
         laya iter 3 -> best_ONLY_DWT_catboost conf=0.4509 rank=1
         laya iter 4 -> best_ONLY_DWT_catboost conf=0.4509 rank=1
[ 206] best_single    score= 0.3672 origin=agent    iters=4 stop=no new information in 3 consecutive turns
         TEST  smape=0.0905  rmse=2121.1739  pocid=58.33  mape=0.0847  | FLOOR smape=0.1093
         laya iter 1 -> best_ONLY_DWT_rf conf=0.4555 rank=1
         laya iter 2 -> best_ONLY_DWT_rf conf=0.4965 rank=1
         laya iter 3 -> best_ONLY_DWT_rf conf=0.4965 rank=1
         laya iter 4 -> best_ONLY_DWT_rf conf=0.4965 rank=1
[ 207] mean           score= 0.1737 origin=baseline iters=5 stop=no new information in 3 consecutive turns
         TEST  smape=0.0770  rmse=2389.1930  pocid=75.00  mape=0.0801  | FLOOR smape=0.0770
         laya iter 1 -> mean_pool1 conf=0.2871 rank=6
         laya iter 2 -> best_CWT_catboost conf=0.2775 rank=4
         laya iter 3 -> best_CWT_catboost conf=0.2775 rank=4
         laya iter 4 -> best_CWT_catboost conf=0.2775 rank=4
         laya iter 5 -> best_CWT_catboost conf=0.2775 rank=4
[ 208] mean           score= 0.0763 origin=baseline iters=5 stop=no new information in 3 consecutive turns
         TEST  smape=1.2122  rmse=3041.5898  pocid=0.00  mape=0.7496  | FLOOR smape=1.2122
         laya iter 1 -> mean_pool1 conf=0.2982 rank=1
         laya iter 2 -> best_ETS conf=0.3166 rank=3
         laya iter 3 -> best_ETS conf=0.3166 rank=3
         laya iter 4 -> best_ETS conf=0.3166 rank=3
         laya iter 5 -> best_ETS conf=0.3166 rank=3
[ 209] best_single    score= 0.1147 origin=agent    iters=4 stop=no new information in 3 consecutive turns
         TEST  smape=0.1310  rmse=1230.6046  pocid=75.00  mape=0.1219  | FLOOR smape=0.1320
         laya iter 1 -> best_CWT_rf conf=0.2951 rank=1
         laya iter 2 -> best_CWT_rf conf=0.2773 rank=1
         laya iter 3 -> best_CWT_rf conf=0.2773 rank=1
         laya iter 4 -> best_CWT_rf conf=0.2773 rank=1
[ 210] best_single    score=-0.1355 origin=agent    iters=4 stop=no new information in 3 consecutive turns
         TEST  smape=0.0161  rmse=407.7503  pocid=91.67  mape=0.0163  | FLOOR smape=0.0046
         laya iter 1 -> best_FT_rf conf=0.4506 rank=1
         laya iter 2 -> best_FT_rf conf=0.5274 rank=1
         laya iter 3 -> best_FT_rf conf=0.5274 rank=1
         laya iter 4 -> best_FT_rf conf=0.5274 rank=1
[ 211] best_single    score= 0.0316 origin=agent    iters=5 stop=no new information in 3 consecutive turns
         TEST  smape=0.0520  rmse=348.8678  pocid=66.67  mape=0.0502  | FLOOR smape=0.0461
         laya iter 1 -> mean_pool_full conf=0.3124 rank=8
         laya iter 2 -> best_ONLY_CWT_rf conf=0.2925 rank=1
         laya iter 3 -> best_ONLY_CWT_rf conf=0.2925 rank=1
         laya iter 4 -> best_ONLY_CWT_rf conf=0.2925 rank=1
         laya iter 5 -> best_ONLY_CWT_rf conf=0.2925 rank=1
[ 212] trimmed_mean   score= 0.1546 origin=baseline iters=4 stop=no new information in 3 consecutive turns
         TEST  smape=0.0490  rmse=206.2662  pocid=66.67  mape=0.0499  | FLOOR smape=0.0490
         laya iter 1 -> best_DWT_catboost conf=0.2866 rank=6
         laya iter 2 -> best_DWT_catboost conf=0.2969 rank=6
         laya iter 3 -> best_DWT_catboost conf=0.2969 rank=6
         laya iter 4 -> best_DWT_catboost conf=0.2969 rank=6
[ 213] best_single    score= 0.2722 origin=agent    iters=4 stop=no new information in 3 consecutive turns
         TEST  smape=0.0276  rmse=63.0368  pocid=66.67  mape=0.0273  | FLOOR smape=0.0269
         laya iter 1 -> best_ONLY_CWT_catboost conf=0.3096 rank=1
         laya iter 2 -> best_ONLY_CWT_catboost conf=0.3112 rank=1
         laya iter 3 -> best_ONLY_CWT_catboost conf=0.3112 rank=1
         laya iter 4 -> best_ONLY_CWT_catboost conf=0.3112 rank=1
[ 214] best_single    score= 0.1925 origin=agent    iters=4 stop=no new information in 3 consecutive turns
         TEST  smape=0.0355  rmse=98.8328  pocid=33.33  mape=0.0347  | FLOOR smape=0.0310
         laya iter 1 -> best_catboost conf=0.325 rank=1
         laya iter 2 -> best_catboost conf=0.3187 rank=1
         laya iter 3 -> best_catboost conf=0.3187 rank=1
         laya iter 4 -> best_catboost conf=0.3187 rank=1
[ 215] best_single    score= 0.0565 origin=agent    iters=4 stop=no new information in 3 consecutive turns
         TEST  smape=0.0319  rmse=114.4165  pocid=25.00  mape=0.0313  | FLOOR smape=0.0214
         laya iter 1 -> best_FT_catboost conf=0.3552 rank=1
         laya iter 2 -> best_FT_catboost conf=0.4453 rank=1
         laya iter 3 -> best_FT_catboost conf=0.4453 rank=1
         laya iter 4 -> best_FT_catboost conf=0.4453 rank=1
[ 216] median         score= 0.3908 origin=baseline iters=5 stop=no new information in 3 consecutive turns
         TEST  smape=0.0296  rmse=385.6762  pocid=25.00  mape=0.0294  | FLOOR smape=0.0296
         laya iter 1 -> mean_pool1 conf=0.3182 rank=9
         laya iter 2 -> mean_pool4 conf=0.2747 rank=10
         laya iter 3 -> mean_pool4 conf=0.2747 rank=10
         laya iter 4 -> mean_pool4 conf=0.2747 rank=10
         laya iter 5 -> mean_pool4 conf=0.2747 rank=10
[ 217] mean           score=-0.0676 origin=agent    iters=5 stop=no new information in 3 consecutive turns
         TEST  smape=0.0299  rmse=386.3236  pocid=41.67  mape=0.0306  | FLOOR smape=0.0450
         laya iter 1 -> mean_pool1 conf=0.3757 rank=9
         laya iter 2 -> mean_pool4 conf=0.2953 rank=1
         laya iter 3 -> mean_pool4 conf=0.2953 rank=1
         laya iter 4 -> mean_pool4 conf=0.2953 rank=1
         laya iter 5 -> mean_pool4 conf=0.2953 rank=1
[ 218] best_single    score=-0.1881 origin=agent    iters=5 stop=no new information in 3 consecutive turns
         TEST  smape=0.0005  rmse=0.6555  pocid=100.00  mape=0.0005  | FLOOR smape=0.0006
         laya iter 1 -> mean_pool1 conf=0.3463 rank=4
         laya iter 2 -> best_DWT_rf conf=0.3763 rank=1
         laya iter 3 -> best_DWT_rf conf=0.3763 rank=1
         laya iter 4 -> best_DWT_rf conf=0.3763 rank=1
         laya iter 5 -> best_DWT_rf conf=0.3763 rank=1
[ 219] best_single    score=-0.1844 origin=agent    iters=4 stop=no new information in 3 consecutive turns
         TEST  smape=0.0000  rmse=0.1123  pocid=100.00  mape=0.0000  | FLOOR smape=0.0000
         laya iter 1 -> best_FT_rf conf=0.5482 rank=1
         laya iter 2 -> best_FT_rf conf=0.7477 rank=1
         laya iter 3 -> best_FT_rf conf=0.7477 rank=1
         laya iter 4 -> best_FT_rf conf=0.7477 rank=1
[ 220] mean           score= 0.6833 origin=baseline iters=5 stop=no new information in 3 consecutive turns
         TEST  smape=0.0509  rmse=438.7661  pocid=83.33  mape=0.0494  | FLOOR smape=0.0509
         laya iter 1 -> mean_pool_full conf=0.3117 rank=1
         laya iter 2 -> best_ONLY_CWT_rf conf=0.2883 rank=4
         laya iter 3 -> best_ONLY_CWT_rf conf=0.2883 rank=4
         laya iter 4 -> best_ONLY_CWT_rf conf=0.2883 rank=4
         laya iter 5 -> best_ONLY_CWT_rf conf=0.2883 rank=4
[ 221] best_single    score= 0.0972 origin=agent    iters=4 stop=no new information in 3 consecutive turns
         TEST  smape=0.0943  rmse=841.6188  pocid=58.33  mape=0.0910  | FLOOR smape=0.0860
         laya iter 1 -> best_rf conf=0.6733 rank=1
         laya iter 2 -> best_rf conf=0.7953 rank=1
         laya iter 3 -> best_rf conf=0.7953 rank=1
         laya iter 4 -> best_rf conf=0.7953 rank=1
[ 222] best_single    score= 0.0504 origin=agent    iters=5 stop=no new information in 3 consecutive turns
         TEST  smape=0.1668  rmse=10520.0044  pocid=75.00  mape=0.2212  | FLOOR smape=0.0113
         laya iter 1 -> mean_pool1 conf=0.3542 rank=5
         laya iter 2 -> best_DWT_rf conf=0.3319 rank=1
         laya iter 3 -> best_DWT_rf conf=0.3319 rank=1
         laya iter 4 -> best_DWT_rf conf=0.3319 rank=1
         laya iter 5 -> best_DWT_rf conf=0.3319 rank=1
[ 223] best_single    score= 0.1524 origin=agent    iters=5 stop=no new information in 3 consecutive turns
         TEST  smape=0.1558  rmse=354.0065  pocid=25.00  mape=0.1410  | FLOOR smape=0.1386
         laya iter 1 -> mean_pool_full conf=0.3127 rank=7
         laya iter 2 -> best_ONLY_DWT_rf conf=0.3012 rank=1
         laya iter 3 -> best_ONLY_DWT_rf conf=0.3012 rank=1
         laya iter 4 -> best_ONLY_DWT_rf conf=0.3012 rank=1
         laya iter 5 -> best_ONLY_DWT_rf conf=0.3012 rank=1
[ 224] best_single    score= 0.0546 origin=agent    iters=5 stop=no new information in 3 consecutive turns
         TEST  smape=0.0642  rmse=253.5194  pocid=33.33  mape=0.0590  | FLOOR smape=0.0536
         laya iter 1 -> mean_pool1 conf=0.2757 rank=4
         laya iter 2 -> best_DWT_rf conf=0.2875 rank=1
         laya iter 3 -> best_DWT_rf conf=0.2875 rank=1
         laya iter 4 -> best_DWT_rf conf=0.2875 rank=1
         laya iter 5 -> best_DWT_rf conf=0.2875 rank=1
[ 225] best_single    score= 0.0725 origin=agent    iters=4 stop=no new information in 3 consecutive turns
         TEST  smape=0.0347  rmse=116.5946  pocid=58.33  mape=0.0357  | FLOOR smape=0.0411
         laya iter 1 -> best_FT_rf conf=0.3474 rank=1
         laya iter 2 -> best_FT_rf conf=0.4366 rank=1
         laya iter 3 -> best_FT_rf conf=0.4366 rank=1
         laya iter 4 -> best_FT_rf conf=0.4366 rank=1
[ 226] mean           score= 0.1265 origin=baseline iters=5 stop=no new information in 3 consecutive turns
         TEST  smape=0.1142  rmse=224.4497  pocid=50.00  mape=0.1055  | FLOOR smape=0.1142
         laya iter 1 -> mean_pool1 conf=0.2787 rank=2
         laya iter 2 -> mean_pool4 conf=0.237 rank=4
         laya iter 3 -> mean_pool4 conf=0.237 rank=4
         laya iter 4 -> mean_pool4 conf=0.237 rank=4
         laya iter 5 -> mean_pool4 conf=0.237 rank=4
[ 227] best_single    score= 0.2550 origin=agent    iters=5 stop=no new information in 3 consecutive turns
         TEST  smape=0.0327  rmse=308.7371  pocid=50.00  mape=0.0321  | FLOOR smape=0.0490
         laya iter 1 -> mean_pool1 conf=0.278 rank=1
         laya iter 2 -> best_CWT_rf conf=0.287 rank=1
         laya iter 3 -> best_CWT_rf conf=0.287 rank=1
         laya iter 4 -> best_CWT_rf conf=0.287 rank=1
         laya iter 5 -> best_CWT_rf conf=0.287 rank=1
[ 228] best_single    score=-0.0124 origin=agent    iters=4 stop=no new information in 3 consecutive turns
         TEST  smape=0.1842  rmse=108.3294  pocid=75.00  mape=0.2114  | FLOOR smape=0.0629
         laya iter 1 -> best_rf conf=0.3483 rank=1
         laya iter 2 -> best_rf conf=0.398 rank=1
         laya iter 3 -> best_rf conf=0.398 rank=1
         laya iter 4 -> best_rf conf=0.398 rank=1
[ 229] best_single    score= 0.0826 origin=agent    iters=4 stop=no new information in 3 consecutive turns
         TEST  smape=0.1143  rmse=530.9228  pocid=50.00  mape=0.1140  | FLOOR smape=0.1136
         laya iter 1 -> best_FT_rf conf=0.3284 rank=1
         laya iter 2 -> best_FT_rf conf=0.3303 rank=1
         laya iter 3 -> best_FT_rf conf=0.3303 rank=1
         laya iter 4 -> best_FT_rf conf=0.3303 rank=1
[ 230] best_single    score= 0.1759 origin=agent    iters=4 stop=no new information in 3 consecutive turns
         TEST  smape=0.1785  rmse=251.7970  pocid=100.00  mape=0.1578  | FLOOR smape=0.3245
         laya iter 1 -> best_FT_catboost conf=0.3206 rank=1
         laya iter 2 -> best_FT_catboost conf=0.4018 rank=1
         laya iter 3 -> best_FT_catboost conf=0.4018 rank=1
         laya iter 4 -> best_FT_catboost conf=0.4018 rank=1
[ 231] best_single    score= 0.1485 origin=agent    iters=4 stop=no new information in 3 consecutive turns
         TEST  smape=0.2122  rmse=704.7659  pocid=41.67  mape=0.1794  | FLOOR smape=0.1919
         laya iter 1 -> best_FT_catboost conf=0.2953 rank=1
         laya iter 2 -> best_FT_catboost conf=0.3293 rank=1
         laya iter 3 -> best_FT_catboost conf=0.3293 rank=1
         laya iter 4 -> best_FT_catboost conf=0.3293 rank=1
[ 232] best_single    score= 0.1912 origin=agent    iters=5 stop=no new information in 3 consecutive turns
         TEST  smape=0.1628  rmse=296.1154  pocid=33.33  mape=0.1412  | FLOOR smape=0.1576
         laya iter 1 -> mean_pool1 conf=0.2772 rank=6
         laya iter 2 -> best_FT_catboost conf=0.2713 rank=1
         laya iter 3 -> best_FT_catboost conf=0.2713 rank=1
         laya iter 4 -> best_FT_catboost conf=0.2713 rank=1
         laya iter 5 -> best_FT_catboost conf=0.2713 rank=1
[ 233] best_single    score= 0.1977 origin=agent    iters=5 stop=no new information in 3 consecutive turns
         TEST  smape=0.1279  rmse=391.4695  pocid=41.67  mape=0.1143  | FLOOR smape=0.1442
         laya iter 1 -> mean_pool1 conf=0.2856 rank=4
         laya iter 2 -> best_FT_catboost conf=0.2626 rank=1
         laya iter 3 -> best_FT_catboost conf=0.2626 rank=1
         laya iter 4 -> best_FT_catboost conf=0.2626 rank=1
         laya iter 5 -> best_FT_catboost conf=0.2626 rank=1
[ 234] best_single    score= 0.2234 origin=agent    iters=4 stop=no new information in 3 consecutive turns
         TEST  smape=0.0804  rmse=87.0134  pocid=100.00  mape=0.0759  | FLOOR smape=0.0551
         laya iter 1 -> best_ONLY_CWT_rf conf=0.4154 rank=1
         laya iter 2 -> best_ONLY_CWT_rf conf=0.5469 rank=1
         laya iter 3 -> best_ONLY_CWT_rf conf=0.5469 rank=1
         laya iter 4 -> best_ONLY_CWT_rf conf=0.5469 rank=1
[ 235] median         score= 0.1591 origin=baseline iters=5 stop=no new information in 3 consecutive turns
         TEST  smape=0.0692  rmse=402.3851  pocid=58.33  mape=0.0653  | FLOOR smape=0.0692
         laya iter 1 -> mean_pool1 conf=0.2801 rank=7
         laya iter 2 -> mean_pool4 conf=0.2232 rank=8
         laya iter 3 -> mean_pool4 conf=0.2232 rank=8
         laya iter 4 -> mean_pool4 conf=0.2232 rank=8
         laya iter 5 -> mean_pool4 conf=0.2232 rank=8
[ 236] best_single    score= 0.1053 origin=agent    iters=4 stop=no new information in 3 consecutive turns
         TEST  smape=0.2924  rmse=470.5059  pocid=50.00  mape=0.3547  | FLOOR smape=0.0697
         laya iter 1 -> best_rf conf=0.3344 rank=1
         laya iter 2 -> best_rf conf=0.4174 rank=1
         laya iter 3 -> best_rf conf=0.4174 rank=1
         laya iter 4 -> best_rf conf=0.4174 rank=1
[ 237] trimmed_mean   score= 0.1218 origin=baseline iters=5 stop=no new information in 3 consecutive turns
         TEST  smape=0.2746  rmse=227.1684  pocid=83.33  mape=0.2293  | FLOOR smape=0.2746
         laya iter 1 -> mean_pool1 conf=0.2893 rank=5
         laya iter 2 -> mean_pool4 conf=0.2263 rank=8
         laya iter 3 -> mean_pool4 conf=0.2263 rank=8
         laya iter 4 -> mean_pool4 conf=0.2263 rank=8
         laya iter 5 -> mean_pool4 conf=0.2263 rank=8
[ 238] best_single    score= 0.3135 origin=agent    iters=4 stop=no new information in 3 consecutive turns
         TEST  smape=0.0449  rmse=263.0449  pocid=75.00  mape=0.0452  | FLOOR smape=0.0498
         laya iter 1 -> best_DWT_catboost conf=0.3289 rank=1
         laya iter 2 -> best_DWT_catboost conf=0.3522 rank=1
         laya iter 3 -> best_DWT_catboost conf=0.3522 rank=1
         laya iter 4 -> best_DWT_catboost conf=0.3522 rank=1
[ 239] mean           score= 0.0028 origin=baseline iters=4 stop=no new information in 3 consecutive turns
         TEST  smape=0.0307  rmse=117.1486  pocid=58.33  mape=0.0308  | FLOOR smape=0.0307
         laya iter 1 -> best_rf conf=0.4012 rank=6
         laya iter 2 -> best_rf conf=0.5324 rank=6
         laya iter 3 -> best_rf conf=0.5324 rank=6
         laya iter 4 -> best_rf conf=0.5324 rank=6
[ 240] trimmed_mean   score= 0.3127 origin=baseline iters=5 stop=no new information in 3 consecutive turns
         TEST  smape=0.0847  rmse=151.5935  pocid=91.67  mape=0.0795  | FLOOR smape=0.0847
         laya iter 1 -> mean_pool1 conf=0.2726 rank=7
         laya iter 2 -> best_ONLY_CWT_catboost conf=0.2464 rank=6
         laya iter 3 -> best_ONLY_CWT_catboost conf=0.2464 rank=6
         laya iter 4 -> best_ONLY_CWT_catboost conf=0.2464 rank=6
         laya iter 5 -> best_ONLY_CWT_catboost conf=0.2464 rank=6
[ 241] trimmed_mean   score= 0.1952 origin=baseline iters=5 stop=no new information in 3 consecutive turns
         TEST  smape=0.0811  rmse=230.3040  pocid=58.33  mape=0.0757  | FLOOR smape=0.0811
         laya iter 1 -> mean_pool_full conf=0.2988 rank=8
         laya iter 2 -> mean_pool4 conf=0.2269 rank=4
         laya iter 3 -> mean_pool4 conf=0.2269 rank=4
         laya iter 4 -> mean_pool4 conf=0.2269 rank=4
         laya iter 5 -> mean_pool4 conf=0.2269 rank=4
[ 242] median         score= 0.3639 origin=baseline iters=5 stop=no new information in 3 consecutive turns
         TEST  smape=0.4878  rmse=1402.7283  pocid=66.67  mape=0.3720  | FLOOR smape=0.4878
         laya iter 1 -> mean_pool1 conf=0.3186 rank=5
         laya iter 2 -> best_ONLY_DWT_rf conf=0.276 rank=2
         laya iter 3 -> best_ONLY_DWT_rf conf=0.276 rank=2
         laya iter 4 -> best_ONLY_DWT_rf conf=0.276 rank=2
         laya iter 5 -> best_ONLY_DWT_rf conf=0.276 rank=2
[ 243] best_single    score= 0.2112 origin=agent    iters=4 stop=no new information in 3 consecutive turns
         TEST  smape=0.1923  rmse=253.5101  pocid=100.00  mape=0.1716  | FLOOR smape=0.1975
         laya iter 1 -> best_DWT_rf conf=0.4236 rank=1
         laya iter 2 -> best_DWT_rf conf=0.5857 rank=1
         laya iter 3 -> best_DWT_rf conf=0.5857 rank=1
         laya iter 4 -> best_DWT_rf conf=0.5857 rank=1
[ 244] best_single    score= 0.0545 origin=agent    iters=4 stop=no new information in 3 consecutive turns
         TEST  smape=0.0552  rmse=207.5240  pocid=58.33  mape=0.0531  | FLOOR smape=0.0972
         laya iter 1 -> best_ONLY_CWT_rf conf=0.401 rank=1
         laya iter 2 -> best_ONLY_CWT_rf conf=0.4828 rank=1
         laya iter 3 -> best_ONLY_CWT_rf conf=0.4828 rank=1
         laya iter 4 -> best_ONLY_CWT_rf conf=0.4828 rank=1
[ 245] best_single    score= 0.4963 origin=agent    iters=4 stop=no new information in 3 consecutive turns
         TEST  smape=0.2052  rmse=348.8898  pocid=41.67  mape=0.1788  | FLOOR smape=0.1914
         laya iter 1 -> best_ONLY_DWT_rf conf=0.3741 rank=1
         laya iter 2 -> best_ONLY_DWT_rf conf=0.4241 rank=1
         laya iter 3 -> best_ONLY_DWT_rf conf=0.4241 rank=1
         laya iter 4 -> best_ONLY_DWT_rf conf=0.4241 rank=1
[ 246] best_single    score= 0.0874 origin=agent    iters=5 stop=no new information in 3 consecutive turns
         TEST  smape=0.0480  rmse=434.0411  pocid=66.67  mape=0.0457  | FLOOR smape=0.0510
         laya iter 1 -> mean_pool_full conf=0.2677 rank=8
         laya iter 2 -> best_ONLY_CWT_rf conf=0.2459 rank=1
         laya iter 3 -> best_ONLY_CWT_rf conf=0.2459 rank=1
         laya iter 4 -> best_ONLY_CWT_rf conf=0.2459 rank=1
         laya iter 5 -> best_ONLY_CWT_rf conf=0.2459 rank=1
[ 247] best_single    score= 0.0525 origin=agent    iters=4 stop=no new information in 3 consecutive turns
         TEST  smape=0.0197  rmse=416.6484  pocid=16.67  mape=0.0198  | FLOOR smape=0.0212
         laya iter 1 -> best_ONLY_CWT_rf conf=0.7993 rank=1
         laya iter 2 -> best_ONLY_CWT_rf conf=0.8766 rank=1
         laya iter 3 -> best_ONLY_CWT_rf conf=0.8766 rank=1
         laya iter 4 -> best_ONLY_CWT_rf conf=0.8766 rank=1
[ 248] trimmed_mean   score= 0.0206 origin=baseline iters=5 stop=no new information in 3 consecutive turns
         TEST  smape=0.0627  rmse=1753.0946  pocid=16.67  mape=0.0662  | FLOOR smape=0.0627
         laya iter 1 -> mean_pool1 conf=0.2933 rank=2
         laya iter 2 -> mean_pool4 conf=0.2229 rank=3
         laya iter 3 -> mean_pool4 conf=0.2229 rank=3
         laya iter 4 -> mean_pool4 conf=0.2229 rank=3
         laya iter 5 -> mean_pool4 conf=0.2229 rank=3
[ 249] best_single    score=-0.1331 origin=agent    iters=4 stop=no new information in 3 consecutive turns
         TEST  smape=0.0105  rmse=47.2917  pocid=91.67  mape=0.0105  | FLOOR smape=0.0100
         laya iter 1 -> best_DWT_rf conf=0.3795 rank=1
         laya iter 2 -> best_DWT_rf conf=0.4976 rank=1
         laya iter 3 -> best_DWT_rf conf=0.4976 rank=1
         laya iter 4 -> best_DWT_rf conf=0.4976 rank=1
[ 250] trimmed_mean   score= 0.0928 origin=baseline iters=5 stop=no new information in 3 consecutive turns
         TEST  smape=0.0503  rmse=390.8746  pocid=58.33  mape=0.0487  | FLOOR smape=0.0503
         laya iter 1 -> mean_pool1 conf=0.2887 rank=2
         laya iter 2 -> best_CWT_rf conf=0.311 rank=3
         laya iter 3 -> best_CWT_rf conf=0.311 rank=3
         laya iter 4 -> best_CWT_rf conf=0.311 rank=3
         laya iter 5 -> best_CWT_rf conf=0.311 rank=3
[ 251] median         score=-0.1498 origin=baseline iters=4 stop=no new information in 3 consecutive turns
         TEST  smape=0.0098  rmse=106.9684  pocid=83.33  mape=0.0097  | FLOOR smape=0.0098
         laya iter 1 -> best_ONLY_DWT_rf conf=0.4823 rank=6
         laya iter 2 -> best_ONLY_DWT_rf conf=0.5648 rank=6
         laya iter 3 -> best_ONLY_DWT_rf conf=0.5648 rank=6
         laya iter 4 -> best_ONLY_DWT_rf conf=0.5648 rank=6
[ 252] mean           score=-0.0822 origin=baseline iters=5 stop=no new information in 3 consecutive turns
         TEST  smape=0.0072  rmse=103.2238  pocid=83.33  mape=0.0072  | FLOOR smape=0.0072
         laya iter 1 -> mean_pool_full conf=0.3089 rank=9
         laya iter 2 -> best_ONLY_CWT_rf conf=0.3139 rank=3
         laya iter 3 -> best_ONLY_CWT_rf conf=0.3139 rank=3
         laya iter 4 -> best_ONLY_CWT_rf conf=0.3139 rank=3
         laya iter 5 -> best_ONLY_CWT_rf conf=0.3139 rank=3
[ 253] trimmed_mean   score=-0.1310 origin=baseline iters=5 stop=no new information in 3 consecutive turns
         TEST  smape=0.0038  rmse=31.1642  pocid=91.67  mape=0.0038  | FLOOR smape=0.0038
         laya iter 1 -> mean_pool1 conf=0.2912 rank=3
         laya iter 2 -> best_CWT_rf conf=0.2819 rank=8
         laya iter 3 -> best_CWT_rf conf=0.2819 rank=8
         laya iter 4 -> best_CWT_rf conf=0.2819 rank=8
         laya iter 5 -> best_CWT_rf conf=0.2819 rank=8
[ 254] best_single    score=-0.0264 origin=agent    iters=5 stop=no new information in 3 consecutive turns
         TEST  smape=0.0189  rmse=40.8161  pocid=66.67  mape=0.0191  | FLOOR smape=0.0268
         laya iter 1 -> mean_pool1 conf=0.2799 rank=4
         laya iter 2 -> best_DWT_catboost conf=0.2722 rank=1
         laya iter 3 -> best_DWT_catboost conf=0.2722 rank=1
         laya iter 4 -> best_DWT_catboost conf=0.2722 rank=1
         laya iter 5 -> best_DWT_catboost conf=0.2722 rank=1
[ 255] mean           score= 0.1205 origin=baseline iters=4 stop=no new information in 3 consecutive turns
         TEST  smape=0.0232  rmse=68.9938  pocid=75.00  mape=0.0232  | FLOOR smape=0.0232
         laya iter 1 -> best_ONLY_DWT_rf conf=0.3057 rank=5
         laya iter 2 -> best_ONLY_DWT_rf conf=0.322 rank=5
         laya iter 3 -> best_ONLY_DWT_rf conf=0.322 rank=5
         laya iter 4 -> best_ONLY_DWT_rf conf=0.322 rank=5
[ 256] best_single    score=-0.0235 origin=agent    iters=4 stop=no new information in 3 consecutive turns
         TEST  smape=0.0026  rmse=11.6580  pocid=66.67  mape=0.0026  | FLOOR smape=0.0037
         laya iter 1 -> best_CWT_rf conf=0.4469 rank=1
         laya iter 2 -> best_CWT_rf conf=0.6421 rank=1
         laya iter 3 -> best_CWT_rf conf=0.6421 rank=1
         laya iter 4 -> best_CWT_rf conf=0.6421 rank=1
[ 257] median         score= 0.1005 origin=baseline iters=5 stop=no new information in 3 consecutive turns
         TEST  smape=0.0569  rmse=137.9844  pocid=50.00  mape=0.0592  | FLOOR smape=0.0569
         laya iter 1 -> mean_pool1 conf=0.2542 rank=2
         laya iter 2 -> best_CWT_catboost conf=0.2219 rank=3
         laya iter 3 -> best_CWT_catboost conf=0.2219 rank=3
         laya iter 4 -> best_CWT_catboost conf=0.2219 rank=3
         laya iter 5 -> best_CWT_catboost conf=0.2219 rank=3
[ 258] best_single    score= 0.5271 origin=agent    iters=5 stop=no new information in 3 consecutive turns
         TEST  smape=0.5929  rmse=7628.4929  pocid=33.33  mape=1.0033  | FLOOR smape=0.1516
         laya iter 1 -> mean_pool_full conf=0.2554 rank=2
         laya iter 2 -> best_FT_rf conf=0.2032 rank=1
         laya iter 3 -> best_FT_rf conf=0.2032 rank=1
         laya iter 4 -> best_FT_rf conf=0.2032 rank=1
         laya iter 5 -> best_FT_rf conf=0.2032 rank=1
[ 259] trimmed_mean   score= 0.1334 origin=baseline iters=4 stop=no new information in 3 consecutive turns
         TEST  smape=0.1886  rmse=241.3651  pocid=75.00  mape=0.1762  | FLOOR smape=0.1886
         laya iter 1 -> best_ONLY_DWT_catboost conf=0.5286 rank=4
         laya iter 2 -> best_ONLY_DWT_catboost conf=0.5989 rank=4
         laya iter 3 -> best_ONLY_DWT_catboost conf=0.5989 rank=4
         laya iter 4 -> best_ONLY_DWT_catboost conf=0.5989 rank=4
[ 260] dba            score= 0.6976 origin=baseline iters=4 stop=no new information in 3 consecutive turns
         TEST  smape=0.0286  rmse=168.0614  pocid=58.33  mape=0.0284  | FLOOR smape=0.0286
         laya iter 1 -> best_ONLY_DWT_catboost conf=0.5066 rank=3
         laya iter 2 -> best_ONLY_DWT_catboost conf=0.6173 rank=3
         laya iter 3 -> best_ONLY_DWT_catboost conf=0.6173 rank=3
         laya iter 4 -> best_ONLY_DWT_catboost conf=0.6173 rank=3
[ 261] best_single    score=-0.1526 origin=agent    iters=5 stop=no new information in 3 consecutive turns
         TEST  smape=0.0029  rmse=14.3571  pocid=83.33  mape=0.0029  | FLOOR smape=0.0015
         laya iter 1 -> mean_pool_full conf=0.2851 rank=9
         laya iter 2 -> best_CWT_catboost conf=0.2729 rank=1
         laya iter 3 -> best_CWT_catboost conf=0.2729 rank=1
         laya iter 4 -> best_CWT_catboost conf=0.2729 rank=1
         laya iter 5 -> best_CWT_catboost conf=0.2729 rank=1
[ 262] mean           score= 0.7167 origin=baseline iters=5 stop=no new information in 3 consecutive turns
         TEST  smape=0.2291  rmse=529.4317  pocid=83.33  mape=0.2686  | FLOOR smape=0.2291
         laya iter 1 -> mean_pool_full conf=0.3273 rank=1
         laya iter 2 -> mean_pool4 conf=0.2396 rank=10
         laya iter 3 -> mean_pool4 conf=0.2396 rank=10
         laya iter 4 -> mean_pool4 conf=0.2396 rank=10
         laya iter 5 -> mean_pool4 conf=0.2396 rank=10
[ 263] trimmed_mean   score= 0.3355 origin=baseline iters=4 stop=no new information in 3 consecutive turns
         TEST  smape=0.0658  rmse=317.0659  pocid=41.67  mape=0.0645  | FLOOR smape=0.0658
         laya iter 1 -> best_ONLY_DWT_rf conf=0.3856 rank=4
         laya iter 2 -> best_ONLY_DWT_rf conf=0.4275 rank=4
         laya iter 3 -> best_ONLY_DWT_rf conf=0.4275 rank=4
         laya iter 4 -> best_ONLY_DWT_rf conf=0.4275 rank=4
[ 264] median         score= 0.4653 origin=baseline iters=4 stop=no new information in 3 consecutive turns
         TEST  smape=0.0837  rmse=182.7780  pocid=66.67  mape=0.0878  | FLOOR smape=0.0837
         laya iter 1 -> best_ONLY_CWT_catboost conf=0.297 rank=2
         laya iter 2 -> best_ONLY_CWT_catboost conf=0.3256 rank=2
         laya iter 3 -> best_ONLY_CWT_catboost conf=0.3256 rank=2
         laya iter 4 -> best_ONLY_CWT_catboost conf=0.3256 rank=2
[ 265] mean           score= 0.6889 origin=baseline iters=5 stop=no new information in 3 consecutive turns
         TEST  smape=0.0841  rmse=185.2678  pocid=50.00  mape=0.0881  | FLOOR smape=0.0841
         laya iter 1 -> mean_pool1 conf=0.3783 rank=8
         laya iter 2 -> mean_pool4 conf=0.2678 rank=10
         laya iter 3 -> mean_pool4 conf=0.2678 rank=10
         laya iter 4 -> mean_pool4 conf=0.2678 rank=10
         laya iter 5 -> mean_pool4 conf=0.2678 rank=10
[ 266] best_single    score= 0.3406 origin=agent    iters=4 stop=no new information in 3 consecutive turns
         TEST  smape=0.1856  rmse=809.2529  pocid=41.67  mape=0.1647  | FLOOR smape=0.1510
         laya iter 1 -> best_ONLY_FT_rf conf=0.3898 rank=1
         laya iter 2 -> best_ONLY_FT_rf conf=0.4209 rank=1
         laya iter 3 -> best_ONLY_FT_rf conf=0.4209 rank=1
         laya iter 4 -> best_ONLY_FT_rf conf=0.4209 rank=1
[ 267] best_single    score= 0.5982 origin=agent    iters=4 stop=no new information in 3 consecutive turns
         TEST  smape=0.0867  rmse=129.6087  pocid=41.67  mape=0.0917  | FLOOR smape=0.0433
         laya iter 1 -> best_ONLY_FT_rf conf=0.7323 rank=1
         laya iter 2 -> best_ONLY_FT_rf conf=0.7946 rank=1
         laya iter 3 -> best_ONLY_FT_rf conf=0.7946 rank=1
         laya iter 4 -> best_ONLY_FT_rf conf=0.7946 rank=1
[ 268] mean           score= 0.7056 origin=baseline iters=5 stop=no new information in 3 consecutive turns
         TEST  smape=0.0495  rmse=70.7459  pocid=41.67  mape=0.0510  | FLOOR smape=0.0495
         laya iter 1 -> mean_pool1 conf=0.3601 rank=9
         laya iter 2 -> mean_pool4 conf=0.2908 rank=4
         laya iter 3 -> mean_pool4 conf=0.2908 rank=4
         laya iter 4 -> mean_pool4 conf=0.2908 rank=4
         laya iter 5 -> mean_pool4 conf=0.2908 rank=4
[ 269] trimmed_mean   score= 0.0476 origin=baseline iters=4 stop=no new information in 3 consecutive turns
         TEST  smape=0.0498  rmse=458.3066  pocid=25.00  mape=0.0483  | FLOOR smape=0.0498
         laya iter 1 -> best_rf conf=0.4254 rank=4
         laya iter 2 -> best_rf conf=0.4613 rank=4
         laya iter 3 -> best_rf conf=0.4613 rank=4
         laya iter 4 -> best_rf conf=0.4613 rank=4
[ 270] best_single    score= 0.2028 origin=agent    iters=4 stop=no new information in 3 consecutive turns
         TEST  smape=0.0625  rmse=552.0529  pocid=50.00  mape=0.0600  | FLOOR smape=0.0654
         laya iter 1 -> best_ONLY_DWT_rf conf=0.5451 rank=1
         laya iter 2 -> best_ONLY_DWT_rf conf=0.6032 rank=1
         laya iter 3 -> best_ONLY_DWT_rf conf=0.6032 rank=1
         laya iter 4 -> best_ONLY_DWT_rf conf=0.6032 rank=1
[ 271] best_single    score= 0.1768 origin=agent    iters=4 stop=no new information in 3 consecutive turns
         TEST  smape=0.0272  rmse=28.6007  pocid=41.67  mape=0.0276  | FLOOR smape=0.0325
         laya iter 1 -> best_FT_catboost conf=0.2991 rank=1
         laya iter 2 -> best_FT_catboost conf=0.3265 rank=1
         laya iter 3 -> best_FT_catboost conf=0.3265 rank=1
         laya iter 4 -> best_FT_catboost conf=0.3265 rank=1
[ 272] best_single    score= 0.1493 origin=agent    iters=5 stop=no new information in 3 consecutive turns
         TEST  smape=0.0191  rmse=144.1991  pocid=33.33  mape=0.0190  | FLOOR smape=0.0253
         laya iter 1 -> mean_pool_full conf=0.2714 rank=8
         laya iter 2 -> best_ONLY_DWT_catboost conf=0.2678 rank=1
         laya iter 3 -> best_ONLY_DWT_catboost conf=0.2678 rank=1
         laya iter 4 -> best_ONLY_DWT_catboost conf=0.2678 rank=1
         laya iter 5 -> best_ONLY_DWT_catboost conf=0.2678 rank=1
[ 273] best_single    score= 0.2345 origin=agent    iters=5 stop=no new information in 3 consecutive turns
         TEST  smape=0.1663  rmse=136.6147  pocid=33.33  mape=0.1839  | FLOOR smape=0.1750
         laya iter 1 -> mean_pool1 conf=0.2976 rank=6
         laya iter 2 -> best_DWT_catboost conf=0.2892 rank=1
         laya iter 3 -> best_DWT_catboost conf=0.2892 rank=1
         laya iter 4 -> best_DWT_catboost conf=0.2892 rank=1
         laya iter 5 -> best_DWT_catboost conf=0.2892 rank=1
[ 274] best_single    score= 0.5621 origin=agent    iters=5 stop=no new information in 3 consecutive turns
         TEST  smape=0.0897  rmse=806.6507  pocid=75.00  mape=0.0951  | FLOOR smape=0.1098
         laya iter 1 -> mean_pool1 conf=0.2994 rank=4
         laya iter 2 -> best_DWT_rf conf=0.3172 rank=1
         laya iter 3 -> best_DWT_rf conf=0.3172 rank=1
         laya iter 4 -> best_DWT_rf conf=0.3172 rank=1
         laya iter 5 -> best_DWT_rf conf=0.3172 rank=1
[ 275] best_single    score= 0.2795 origin=agent    iters=5 stop=no new information in 3 consecutive turns
         TEST  smape=0.0249  rmse=346.9953  pocid=33.33  mape=0.0247  | FLOOR smape=0.0259
         laya iter 1 -> mean_pool_full conf=0.3265 rank=8
         laya iter 2 -> best_ONLY_DWT_rf conf=0.3159 rank=1
         laya iter 3 -> best_ONLY_DWT_rf conf=0.3159 rank=1
         laya iter 4 -> best_ONLY_DWT_rf conf=0.3159 rank=1
         laya iter 5 -> best_ONLY_DWT_rf conf=0.3159 rank=1
[ 276] best_single    score=-0.0471 origin=agent    iters=4 stop=no new information in 3 consecutive turns
         TEST  smape=0.2313  rmse=1235.4641  pocid=50.00  mape=0.1637  | FLOOR smape=0.0156
         laya iter 1 -> best_rf conf=0.3301 rank=1
         laya iter 2 -> best_rf conf=0.4211 rank=1
         laya iter 3 -> best_rf conf=0.4211 rank=1
         laya iter 4 -> best_rf conf=0.4211 rank=1
[ 277] median         score= 0.5834 origin=baseline iters=4 stop=no new information in 3 consecutive turns
         TEST  smape=0.0444  rmse=67.0947  pocid=75.00  mape=0.0458  | FLOOR smape=0.0444
         laya iter 1 -> best_ONLY_FT_rf conf=0.4216 rank=2
         laya iter 2 -> best_ONLY_FT_rf conf=0.4816 rank=2
         laya iter 3 -> best_ONLY_FT_rf conf=0.4816 rank=2
         laya iter 4 -> best_ONLY_FT_rf conf=0.4816 rank=2
[ 278] best_single    score= 0.3438 origin=agent    iters=4 stop=no new information in 3 consecutive turns
         TEST  smape=0.0842  rmse=131.0269  pocid=50.00  mape=0.0897  | FLOOR smape=0.0819
         laya iter 1 -> best_rf conf=0.461 rank=1
         laya iter 2 -> best_rf conf=0.6569 rank=1
         laya iter 3 -> best_rf conf=0.6569 rank=1
         laya iter 4 -> best_rf conf=0.6569 rank=1
[ 279] best_single    score=-0.0113 origin=agent    iters=5 stop=no new information in 3 consecutive turns
         TEST  smape=0.0121  rmse=67.7427  pocid=58.33  mape=0.0120  | FLOOR smape=0.0123
         laya iter 1 -> mean_pool1 conf=0.27 rank=1
         laya iter 2 -> best_CWT_catboost conf=0.2656 rank=1
         laya iter 3 -> best_CWT_catboost conf=0.2656 rank=1
         laya iter 4 -> best_CWT_catboost conf=0.2656 rank=1
         laya iter 5 -> best_CWT_catboost conf=0.2656 rank=1
[ 280] best_single    score= 0.5705 origin=agent    iters=4 stop=no new information in 3 consecutive turns
         TEST  smape=0.0580  rmse=138.5678  pocid=66.67  mape=0.0554  | FLOOR smape=0.0524
         laya iter 1 -> best_FT_rf conf=0.476 rank=1
         laya iter 2 -> best_FT_rf conf=0.6116 rank=1
         laya iter 3 -> best_FT_rf conf=0.6116 rank=1
         laya iter 4 -> best_FT_rf conf=0.6116 rank=1
[ 281] trimmed_mean   score=-0.0804 origin=baseline iters=5 stop=no new information in 3 consecutive turns
         TEST  smape=0.0111  rmse=30.5695  pocid=83.33  mape=0.0112  | FLOOR smape=0.0111
         laya iter 1 -> mean_pool_full conf=0.2646 rank=8
         laya iter 2 -> mean_pool4 conf=0.2086 rank=8
         laya iter 3 -> mean_pool4 conf=0.2086 rank=8
         laya iter 4 -> mean_pool4 conf=0.2086 rank=8
         laya iter 5 -> mean_pool4 conf=0.2086 rank=8
[ 282] mean           score=-0.0723 origin=baseline iters=5 stop=no new information in 3 consecutive turns
         TEST  smape=0.0497  rmse=21.0296  pocid=33.33  mape=0.0518  | FLOOR smape=0.0497
         laya iter 1 -> mean_pool_full conf=0.3252 rank=8
         laya iter 2 -> best_ONLY_DWT_rf conf=0.3349 rank=4
         laya iter 3 -> best_ONLY_DWT_rf conf=0.3349 rank=4
         laya iter 4 -> best_ONLY_DWT_rf conf=0.3349 rank=4
         laya iter 5 -> best_ONLY_DWT_rf conf=0.3349 rank=4
[ 283] median         score=-0.0150 origin=baseline iters=5 stop=no new information in 3 consecutive turns
         TEST  smape=0.0416  rmse=30.1856  pocid=50.00  mape=0.0424  | FLOOR smape=0.0416
         laya iter 1 -> mean_pool_full conf=0.2812 rank=8
         laya iter 2 -> mean_pool4 conf=0.2235 rank=2
         laya iter 3 -> mean_pool4 conf=0.2235 rank=2
         laya iter 4 -> mean_pool4 conf=0.2235 rank=2
         laya iter 5 -> mean_pool4 conf=0.2235 rank=2
[ 284] mean           score= 0.6667 origin=baseline iters=5 stop=no new information in 3 consecutive turns
         TEST  smape=0.3486  rmse=302.3252  pocid=58.33  mape=0.4238  | FLOOR smape=0.3486
         laya iter 1 -> mean_pool1 conf=0.3883 rank=8
         laya iter 2 -> mean_pool4 conf=0.2911 rank=10
         laya iter 3 -> mean_pool4 conf=0.2911 rank=10
         laya iter 4 -> mean_pool4 conf=0.2911 rank=10
         laya iter 5 -> mean_pool4 conf=0.2911 rank=10
[ 285] mean           score= 0.0025 origin=baseline iters=5 stop=no new information in 3 consecutive turns
         TEST  smape=0.0282  rmse=358.4405  pocid=66.67  mape=0.0288  | FLOOR smape=0.0282
         laya iter 1 -> mean_pool1 conf=0.2761 rank=5
         laya iter 2 -> best_ONLY_DWT_catboost conf=0.2584 rank=3
         laya iter 3 -> best_ONLY_DWT_catboost conf=0.2584 rank=3
         laya iter 4 -> best_ONLY_DWT_catboost conf=0.2584 rank=3
         laya iter 5 -> best_ONLY_DWT_catboost conf=0.2584 rank=3
[ 286] best_single    score= 0.0366 origin=agent    iters=4 stop=no new information in 3 consecutive turns
         TEST  smape=0.0570  rmse=144.8562  pocid=33.33  mape=0.0550  | FLOOR smape=0.0343
         laya iter 1 -> best_ONLY_DWT_rf conf=0.4823 rank=1
         laya iter 2 -> best_ONLY_DWT_rf conf=0.5938 rank=1
         laya iter 3 -> best_ONLY_DWT_rf conf=0.5938 rank=1
         laya iter 4 -> best_ONLY_DWT_rf conf=0.5938 rank=1
[ 287] best_single    score=-0.0639 origin=agent    iters=4 stop=no new information in 3 consecutive turns
         TEST  smape=0.0073  rmse=74.6212  pocid=41.67  mape=0.0074  | FLOOR smape=0.0061
         laya iter 1 -> best_ONLY_DWT_catboost conf=0.283 rank=1
         laya iter 2 -> best_ONLY_DWT_catboost conf=0.2801 rank=1
         laya iter 3 -> best_ONLY_DWT_catboost conf=0.2801 rank=1
         laya iter 4 -> best_ONLY_DWT_catboost conf=0.2801 rank=1
[ 288] best_single    score= 0.1005 origin=agent    iters=5 stop=no new information in 3 consecutive turns
         TEST  smape=0.0379  rmse=428.5593  pocid=66.67  mape=0.0387  | FLOOR smape=0.0389
         laya iter 1 -> mean_pool1 conf=0.2694 rank=7
         laya iter 2 -> best_CWT_catboost conf=0.2765 rank=1
         laya iter 3 -> best_CWT_catboost conf=0.2765 rank=1
         laya iter 4 -> best_CWT_catboost conf=0.2765 rank=1
         laya iter 5 -> best_CWT_catboost conf=0.2765 rank=1
[ 289] median         score= 0.3666 origin=baseline iters=5 stop=no new information in 3 consecutive turns
         TEST  smape=0.0572  rmse=1042.6812  pocid=75.00  mape=0.0556  | FLOOR smape=0.0572
         laya iter 1 -> mean_pool1 conf=0.3325 rank=5
         laya iter 2 -> mean_pool4 conf=0.2492 rank=2
         laya iter 3 -> mean_pool4 conf=0.2492 rank=2
         laya iter 4 -> mean_pool4 conf=0.2492 rank=2
         laya iter 5 -> mean_pool4 conf=0.2492 rank=2
[ 290] best_single    score= 0.3198 origin=agent    iters=5 stop=no new information in 3 consecutive turns
         TEST  smape=0.1221  rmse=1137.0424  pocid=33.33  mape=0.1323  | FLOOR smape=0.1270
         laya iter 1 -> mean_pool_full conf=0.2724 rank=8
         laya iter 2 -> best_ONLY_DWT_rf conf=0.2597 rank=1
         laya iter 3 -> best_ONLY_DWT_rf conf=0.2597 rank=1
         laya iter 4 -> best_ONLY_DWT_rf conf=0.2597 rank=1
         laya iter 5 -> best_ONLY_DWT_rf conf=0.2597 rank=1
[ 291] best_single    score= 0.1502 origin=agent    iters=4 stop=no new information in 3 consecutive turns
         TEST  smape=0.0973  rmse=1846.5917  pocid=50.00  mape=0.1030  | FLOOR smape=0.0904
         laya iter 1 -> best_FT_rf conf=0.4564 rank=1
         laya iter 2 -> best_FT_rf conf=0.626 rank=1
         laya iter 3 -> best_FT_rf conf=0.626 rank=1
         laya iter 4 -> best_FT_rf conf=0.626 rank=1
[ 292] mean           score= 0.6056 origin=baseline iters=5 stop=no new information in 3 consecutive turns
         TEST  smape=0.1852  rmse=630.3213  pocid=83.33  mape=0.1555  | FLOOR smape=0.1852
         laya iter 1 -> mean_pool1 conf=0.3071 rank=3
         laya iter 2 -> mean_pool4 conf=0.2474 rank=2
         laya iter 3 -> mean_pool4 conf=0.2474 rank=2
         laya iter 4 -> mean_pool4 conf=0.2474 rank=2
         laya iter 5 -> mean_pool4 conf=0.2474 rank=2
[ 293] mean           score= 0.6833 origin=baseline iters=5 stop=no new information in 3 consecutive turns
         TEST  smape=0.1444  rmse=224.4498  pocid=58.33  mape=0.1604  | FLOOR smape=0.1444
         laya iter 1 -> mean_pool1 conf=0.2652 rank=7
         laya iter 2 -> best_ONLY_CWT_catboost conf=0.2572 rank=5
         laya iter 3 -> best_ONLY_CWT_catboost conf=0.2572 rank=5
         laya iter 4 -> best_ONLY_CWT_catboost conf=0.2572 rank=5
         laya iter 5 -> best_ONLY_CWT_catboost conf=0.2572 rank=5
[ 294] best_single    score= 0.5682 origin=agent    iters=5 stop=no new information in 3 consecutive turns
         TEST  smape=0.6340  rmse=2961.7972  pocid=0.00  mape=0.9315  | FLOOR smape=0.1964
         laya iter 1 -> mean_pool1 conf=0.3394 rank=9
         laya iter 2 -> best_ETS conf=0.3391 rank=1
         laya iter 3 -> best_ETS conf=0.3391 rank=1
         laya iter 4 -> best_ETS conf=0.3391 rank=1
         laya iter 5 -> best_ETS conf=0.3391 rank=1
[ 295] mean           score= 0.6557 origin=baseline iters=4 stop=no new information in 3 consecutive turns
         TEST  smape=0.1271  rmse=488.9808  pocid=75.00  mape=0.1456  | FLOOR smape=0.1271
         laya iter 1 -> best_ETS conf=0.3414 rank=10
         laya iter 2 -> best_ETS conf=0.3727 rank=10
         laya iter 3 -> best_ETS conf=0.3727 rank=10
         laya iter 4 -> best_ETS conf=0.3727 rank=10
[ 296] dba            score= 0.6530 origin=baseline iters=5 stop=no new information in 3 consecutive turns
         TEST  smape=0.0995  rmse=532.7718  pocid=66.67  mape=0.1058  | FLOOR smape=0.0995
         laya iter 1 -> mean_pool1 conf=0.3835 rank=9
         laya iter 2 -> mean_pool4 conf=0.3004 rank=10
         laya iter 3 -> mean_pool4 conf=0.3004 rank=10
         laya iter 4 -> mean_pool4 conf=0.3004 rank=10
         laya iter 5 -> mean_pool4 conf=0.3004 rank=10
[ 297] best_single    score= 0.5961 origin=agent    iters=5 stop=no new information in 3 consecutive turns
         TEST  smape=0.2865  rmse=1222.3029  pocid=0.00  mape=0.3712  | FLOOR smape=0.1758
         laya iter 1 -> mean_pool1 conf=0.4103 rank=2
         laya iter 2 -> best_ETS conf=0.4082 rank=1
         laya iter 3 -> best_ETS conf=0.4082 rank=1
         laya iter 4 -> best_ETS conf=0.4082 rank=1
         laya iter 5 -> best_ETS conf=0.4082 rank=1
[ 298] best_single    score= 0.6685 origin=agent    iters=4 stop=no new information in 3 consecutive turns
         TEST  smape=0.1318  rmse=532.2736  pocid=0.00  mape=0.1486  | FLOOR smape=0.0984
         laya iter 1 -> best_ETS conf=0.352 rank=1
         laya iter 2 -> best_ETS conf=0.4373 rank=1
         laya iter 3 -> best_ETS conf=0.4373 rank=1
         laya iter 4 -> best_ETS conf=0.4373 rank=1
[ 299] dba            score= 0.6474 origin=baseline iters=5 stop=no new information in 3 consecutive turns
         TEST  smape=0.1141  rmse=273.0295  pocid=58.33  mape=0.1207  | FLOOR smape=0.1141
         laya iter 1 -> mean_pool1 conf=0.3156 rank=7
         laya iter 2 -> mean_pool4 conf=0.2444 rank=3
         laya iter 3 -> mean_pool4 conf=0.2444 rank=3
         laya iter 4 -> mean_pool4 conf=0.2444 rank=3
         laya iter 5 -> mean_pool4 conf=0.2444 rank=3
[ 300] dba            score= 0.6622 origin=baseline iters=5 stop=no new information in 3 consecutive turns
         TEST  smape=0.0915  rmse=311.7036  pocid=50.00  mape=0.0903  | FLOOR smape=0.0915
         laya iter 1 -> mean_pool1 conf=0.3678 rank=4
         laya iter 2 -> mean_pool4 conf=0.2587 rank=4
         laya iter 3 -> mean_pool4 conf=0.2587 rank=4
         laya iter 4 -> mean_pool4 conf=0.2587 rank=4
         laya iter 5 -> mean_pool4 conf=0.2587 rank=4
[ 301] mean           score= 0.6889 origin=baseline iters=5 stop=no new information in 3 consecutive turns
         TEST  smape=0.1308  rmse=568.4458  pocid=33.33  mape=0.1175  | FLOOR smape=0.1308
         laya iter 1 -> mean_pool1 conf=0.3595 rank=1
         laya iter 2 -> mean_pool4 conf=0.2669 rank=9
         laya iter 3 -> mean_pool4 conf=0.2669 rank=9
         laya iter 4 -> mean_pool4 conf=0.2669 rank=9
         laya iter 5 -> mean_pool4 conf=0.2669 rank=9
[ 302] best_single    score= 0.4547 origin=agent    iters=5 stop=no new information in 3 consecutive turns
         TEST  smape=0.2378  rmse=1503.8325  pocid=50.00  mape=0.2920  | FLOOR smape=0.1491
         laya iter 1 -> mean_pool1 conf=0.2966 rank=1
         laya iter 2 -> best_THETA conf=0.2719 rank=1
         laya iter 3 -> best_THETA conf=0.2719 rank=1
         laya iter 4 -> best_THETA conf=0.2719 rank=1
         laya iter 5 -> best_THETA conf=0.2719 rank=1
[ 303] best_single    score= 0.6702 origin=agent    iters=5 stop=no new information in 3 consecutive turns
         TEST  smape=0.2336  rmse=825.6662  pocid=0.00  mape=0.2915  | FLOOR smape=0.1521
         laya iter 1 -> mean_pool1 conf=0.3414 rank=1
         laya iter 2 -> best_ETS conf=0.3408 rank=1
         laya iter 3 -> best_ETS conf=0.3408 rank=1
         laya iter 4 -> best_ETS conf=0.3408 rank=1
         laya iter 5 -> best_ETS conf=0.3408 rank=1
[ 304] dba            score= 0.6364 origin=baseline iters=5 stop=no new information in 3 consecutive turns
         TEST  smape=0.1958  rmse=695.5597  pocid=66.67  mape=0.2323  | FLOOR smape=0.1958
         laya iter 1 -> mean_pool1 conf=0.3275 rank=5
         laya iter 2 -> mean_pool4 conf=0.246 rank=10
         laya iter 3 -> mean_pool4 conf=0.246 rank=10
         laya iter 4 -> mean_pool4 conf=0.246 rank=10
         laya iter 5 -> mean_pool4 conf=0.246 rank=10
[ 305] mean           score= 0.5126 origin=agent    iters=5 stop=no new information in 3 consecutive turns
         TEST  smape=0.2086  rmse=604.0954  pocid=75.00  mape=0.2623  | FLOOR smape=0.1691
         laya iter 1 -> mean_pool1 conf=0.3067 rank=1
         laya iter 2 -> mean_pool4 conf=0.2458 rank=1
         laya iter 3 -> mean_pool4 conf=0.2458 rank=1
         laya iter 4 -> mean_pool4 conf=0.2458 rank=1
         laya iter 5 -> mean_pool4 conf=0.2458 rank=1
[ 306] mean           score= 0.6889 origin=baseline iters=5 stop=no new information in 3 consecutive turns
         TEST  smape=0.1005  rmse=376.5866  pocid=91.67  mape=0.1061  | FLOOR smape=0.1005
         laya iter 1 -> mean_pool1 conf=0.4046 rank=7
         laya iter 2 -> mean_pool4 conf=0.34 rank=10
         laya iter 3 -> mean_pool4 conf=0.34 rank=10
         laya iter 4 -> mean_pool4 conf=0.34 rank=10
         laya iter 5 -> mean_pool4 conf=0.34 rank=10
[ 307] trimmed_mean   score= 0.6358 origin=baseline iters=5 stop=no new information in 3 consecutive turns
         TEST  smape=0.1252  rmse=358.0484  pocid=58.33  mape=0.1443  | FLOOR smape=0.1252
         laya iter 1 -> mean_pool_full conf=0.4248 rank=7
         laya iter 2 -> mean_pool4 conf=0.3111 rank=3
         laya iter 3 -> mean_pool4 conf=0.3111 rank=3
         laya iter 4 -> mean_pool4 conf=0.3111 rank=3
         laya iter 5 -> mean_pool4 conf=0.3111 rank=3
[ 308] dba            score= 0.6648 origin=baseline iters=5 stop=no new information in 3 consecutive turns
         TEST  smape=0.1221  rmse=1011.5338  pocid=33.33  mape=0.1153  | FLOOR smape=0.1221
         laya iter 1 -> mean_pool1 conf=0.3663 rank=8
         laya iter 2 -> mean_pool4 conf=0.2791 rank=10
         laya iter 3 -> mean_pool4 conf=0.2791 rank=10
         laya iter 4 -> mean_pool4 conf=0.2791 rank=10
         laya iter 5 -> mean_pool4 conf=0.2791 rank=10
[ 309] trimmed_mean   score= 0.6993 origin=baseline iters=5 stop=no new information in 3 consecutive turns
         TEST  smape=0.1237  rmse=755.2337  pocid=58.33  mape=0.1163  | FLOOR smape=0.1237
         laya iter 1 -> mean_pool1 conf=0.3114 rank=9
         laya iter 2 -> mean_pool4 conf=0.2239 rank=10
         laya iter 3 -> mean_pool4 conf=0.2239 rank=10
         laya iter 4 -> mean_pool4 conf=0.2239 rank=10
         laya iter 5 -> mean_pool4 conf=0.2239 rank=10
[ 310] dba            score= 0.7250 origin=baseline iters=5 stop=no new information in 3 consecutive turns
         TEST  smape=0.1139  rmse=627.4031  pocid=75.00  mape=0.1098  | FLOOR smape=0.1139
         laya iter 1 -> mean_pool1 conf=0.4097 rank=4
         laya iter 2 -> mean_pool4 conf=0.3005 rank=3
         laya iter 3 -> mean_pool4 conf=0.3005 rank=3
         laya iter 4 -> mean_pool4 conf=0.3005 rank=3
         laya iter 5 -> mean_pool4 conf=0.3005 rank=3
[ 311] dba            score= 0.6760 origin=baseline iters=5 stop=no new information in 3 consecutive turns
         TEST  smape=0.1121  rmse=627.1311  pocid=41.67  mape=0.1054  | FLOOR smape=0.1121
         laya iter 1 -> mean_pool1 conf=0.2999 rank=9
         laya iter 2 -> mean_pool4 conf=0.2317 rank=10
         laya iter 3 -> mean_pool4 conf=0.2317 rank=10
         laya iter 4 -> mean_pool4 conf=0.2317 rank=10
         laya iter 5 -> mean_pool4 conf=0.2317 rank=10
[ 312] trimmed_mean   score= 0.5633 origin=baseline iters=5 stop=no new information in 3 consecutive turns
         TEST  smape=0.2754  rmse=721.5210  pocid=50.00  mape=0.3222  | FLOOR smape=0.2754
         laya iter 1 -> mean_pool1 conf=0.336 rank=2
         laya iter 2 -> mean_pool4 conf=0.2491 rank=5
         laya iter 3 -> mean_pool4 conf=0.2491 rank=5
         laya iter 4 -> mean_pool4 conf=0.2491 rank=5
         laya iter 5 -> mean_pool4 conf=0.2491 rank=5
[ 313] best_single    score= 0.6506 origin=agent    iters=5 stop=no new information in 3 consecutive turns
         TEST  smape=0.1836  rmse=1620.6276  pocid=75.00  mape=0.1656  | FLOOR smape=0.0864
         laya iter 1 -> mean_pool1 conf=0.3234 rank=8
         laya iter 2 -> best_ONLY_FT_rf conf=0.2752 rank=1
         laya iter 3 -> best_ONLY_FT_rf conf=0.2752 rank=1
         laya iter 4 -> best_ONLY_FT_rf conf=0.2752 rank=1
         laya iter 5 -> best_ONLY_FT_rf conf=0.2752 rank=1
[ 314] dba            score= 0.6601 origin=baseline iters=5 stop=no new information in 3 consecutive turns
         TEST  smape=0.0997  rmse=614.9052  pocid=16.67  mape=0.1078  | FLOOR smape=0.0997
         laya iter 1 -> mean_pool1 conf=0.3643 rank=8
         laya iter 2 -> mean_pool4 conf=0.2949 rank=6
         laya iter 3 -> mean_pool4 conf=0.2949 rank=6
         laya iter 4 -> mean_pool4 conf=0.2949 rank=6
         laya iter 5 -> mean_pool4 conf=0.2949 rank=6
[ 315] dba            score= 0.6858 origin=baseline iters=5 stop=no new information in 3 consecutive turns
         TEST  smape=0.0832  rmse=281.7137  pocid=58.33  mape=0.0821  | FLOOR smape=0.0832
         laya iter 1 -> mean_pool1 conf=0.4276 rank=3
         laya iter 2 -> mean_pool4 conf=0.3327 rank=10
         laya iter 3 -> mean_pool4 conf=0.3327 rank=10
         laya iter 4 -> mean_pool4 conf=0.3327 rank=10
         laya iter 5 -> mean_pool4 conf=0.3327 rank=10
[ 316] best_single    score= 0.5593 origin=agent    iters=4 stop=no new information in 3 consecutive turns
         TEST  smape=0.1774  rmse=785.3842  pocid=50.00  mape=0.1604  | FLOOR smape=0.0967
         laya iter 1 -> best_ONLY_FT_rf conf=0.9584 rank=1
         laya iter 2 -> best_ONLY_FT_rf conf=0.9818 rank=1
         laya iter 3 -> best_ONLY_FT_rf conf=0.9818 rank=1
         laya iter 4 -> best_ONLY_FT_rf conf=0.9818 rank=1
[ 317] best_single    score= 0.5349 origin=agent    iters=4 stop=no new information in 3 consecutive turns
         TEST  smape=0.0544  rmse=269.6843  pocid=25.00  mape=0.0522  | FLOOR smape=0.0480
         laya iter 1 -> best_rf conf=0.4046 rank=1
         laya iter 2 -> best_rf conf=0.4841 rank=1
         laya iter 3 -> best_rf conf=0.4841 rank=1
         laya iter 4 -> best_rf conf=0.4841 rank=1
[ 318] median         score= 0.7273 origin=baseline iters=5 stop=no new information in 3 consecutive turns
         TEST  smape=0.1446  rmse=420.1490  pocid=50.00  mape=0.1322  | FLOOR smape=0.1446
         laya iter 1 -> mean_pool1 conf=0.3008 rank=7
         laya iter 2 -> mean_pool4 conf=0.2401 rank=10
         laya iter 3 -> mean_pool4 conf=0.2401 rank=10
         laya iter 4 -> mean_pool4 conf=0.2401 rank=10
         laya iter 5 -> mean_pool4 conf=0.2401 rank=10
[ 319] dba            score= 0.6841 origin=baseline iters=5 stop=no new information in 3 consecutive turns
         TEST  smape=0.2265  rmse=676.2416  pocid=50.00  mape=0.2002  | FLOOR smape=0.2265
         laya iter 1 -> mean_pool1 conf=0.3267 rank=9
         laya iter 2 -> mean_pool4 conf=0.2409 rank=9
         laya iter 3 -> mean_pool4 conf=0.2409 rank=9
         laya iter 4 -> mean_pool4 conf=0.2409 rank=9
         laya iter 5 -> mean_pool4 conf=0.2409 rank=9
[ 320] mean           score= 0.5021 origin=agent    iters=5 stop=no new information in 3 consecutive turns
         TEST  smape=0.1538  rmse=1107.1190  pocid=66.67  mape=0.1755  | FLOOR smape=0.0972
         laya iter 1 -> mean_pool1 conf=0.3785 rank=2
         laya iter 2 -> mean_pool4 conf=0.2841 rank=1
         laya iter 3 -> mean_pool4 conf=0.2841 rank=1
         laya iter 4 -> mean_pool4 conf=0.2841 rank=1
         laya iter 5 -> mean_pool4 conf=0.2841 rank=1
[ 321] mean           score= 0.6833 origin=baseline iters=5 stop=no new information in 3 consecutive turns
         TEST  smape=0.1230  rmse=402.4541  pocid=50.00  mape=0.1130  | FLOOR smape=0.1230
         laya iter 1 -> mean_pool1 conf=0.3336 rank=5
         laya iter 2 -> mean_pool4 conf=0.2502 rank=6
         laya iter 3 -> mean_pool4 conf=0.2502 rank=6
         laya iter 4 -> mean_pool4 conf=0.2502 rank=6
         laya iter 5 -> mean_pool4 conf=0.2502 rank=6
[ 322] dba            score= 0.6681 origin=baseline iters=5 stop=no new information in 3 consecutive turns
         TEST  smape=0.2499  rmse=1401.5678  pocid=41.67  mape=0.2169  | FLOOR smape=0.2499
         laya iter 1 -> mean_pool1 conf=0.3702 rank=3
         laya iter 2 -> mean_pool4 conf=0.2657 rank=10
         laya iter 3 -> mean_pool4 conf=0.2657 rank=10
         laya iter 4 -> mean_pool4 conf=0.2657 rank=10
         laya iter 5 -> mean_pool4 conf=0.2657 rank=10
[ 323] dba            score= 0.6838 origin=baseline iters=5 stop=no new information in 3 consecutive turns
         TEST  smape=0.2382  rmse=740.7728  pocid=41.67  mape=0.2075  | FLOOR smape=0.2382
         laya iter 1 -> mean_pool1 conf=0.4273 rank=2
         laya iter 2 -> mean_pool4 conf=0.2936 rank=3
         laya iter 3 -> mean_pool4 conf=0.2936 rank=3
         laya iter 4 -> mean_pool4 conf=0.2936 rank=3
         laya iter 5 -> mean_pool4 conf=0.2936 rank=3
[ 324] dba            score= 0.6740 origin=baseline iters=5 stop=no new information in 3 consecutive turns
         TEST  smape=0.1719  rmse=669.4901  pocid=50.00  mape=0.1911  | FLOOR smape=0.1719
         laya iter 1 -> mean_pool1 conf=0.3556 rank=8
         laya iter 2 -> mean_pool4 conf=0.25 rank=10
         laya iter 3 -> mean_pool4 conf=0.25 rank=10
         laya iter 4 -> mean_pool4 conf=0.25 rank=10
         laya iter 5 -> mean_pool4 conf=0.25 rank=10
[ 325] dba            score= 0.6786 origin=baseline iters=5 stop=no new information in 3 consecutive turns
         TEST  smape=0.1243  rmse=547.6325  pocid=75.00  mape=0.1194  | FLOOR smape=0.1243
         laya iter 1 -> mean_pool1 conf=0.3937 rank=8
         laya iter 2 -> mean_pool4 conf=0.2729 rank=4
         laya iter 3 -> mean_pool4 conf=0.2729 rank=4
         laya iter 4 -> mean_pool4 conf=0.2729 rank=4
         laya iter 5 -> mean_pool4 conf=0.2729 rank=4
[ 326] best_single    score= 0.6418 origin=agent    iters=5 stop=no new information in 3 consecutive turns
         TEST  smape=0.1147  rmse=1396.4895  pocid=0.00  mape=0.1204  | FLOOR smape=0.1466
         laya iter 1 -> mean_pool1 conf=0.3978 rank=8
         laya iter 2 -> best_ETS conf=0.4167 rank=1
         laya iter 3 -> best_ETS conf=0.4167 rank=1
         laya iter 4 -> best_ETS conf=0.4167 rank=1
         laya iter 5 -> best_ETS conf=0.4167 rank=1
[ 327] mean           score= 0.7000 origin=baseline iters=5 stop=no new information in 3 consecutive turns
         TEST  smape=0.1604  rmse=466.0795  pocid=58.33  mape=0.1501  | FLOOR smape=0.1604
         laya iter 1 -> mean_pool1 conf=0.3852 rank=6
         laya iter 2 -> mean_pool4 conf=0.3138 rank=10
         laya iter 3 -> mean_pool4 conf=0.3138 rank=10
         laya iter 4 -> mean_pool4 conf=0.3138 rank=10
         laya iter 5 -> mean_pool4 conf=0.3138 rank=10
[ 328] dba            score= 0.6578 origin=baseline iters=5 stop=no new information in 3 consecutive turns
         TEST  smape=0.1285  rmse=1537.5027  pocid=66.67  mape=0.1188  | FLOOR smape=0.1285
         laya iter 1 -> mean_pool_full conf=0.3627 rank=2
         laya iter 2 -> mean_pool4 conf=0.2769 rank=10
         laya iter 3 -> mean_pool4 conf=0.2769 rank=10
         laya iter 4 -> mean_pool4 conf=0.2769 rank=10
         laya iter 5 -> mean_pool4 conf=0.2769 rank=10
[ 329] best_single    score= 0.5010 origin=agent    iters=4 stop=no new information in 3 consecutive turns
         TEST  smape=0.1626  rmse=683.0271  pocid=75.00  mape=0.1510  | FLOOR smape=0.1184
         laya iter 1 -> best_ONLY_FT_rf conf=0.391 rank=1
         laya iter 2 -> best_ONLY_FT_rf conf=0.422 rank=1
         laya iter 3 -> best_ONLY_FT_rf conf=0.422 rank=1
         laya iter 4 -> best_ONLY_FT_rf conf=0.422 rank=1
[ 330] dba            score= 0.7138 origin=baseline iters=5 stop=no new information in 3 consecutive turns
         TEST  smape=0.1117  rmse=891.9643  pocid=75.00  mape=0.1058  | FLOOR smape=0.1117
         laya iter 1 -> mean_pool1 conf=0.3579 rank=7
         laya iter 2 -> mean_pool4 conf=0.2981 rank=5
         laya iter 3 -> mean_pool4 conf=0.2981 rank=5
         laya iter 4 -> mean_pool4 conf=0.2981 rank=5
         laya iter 5 -> mean_pool4 conf=0.2981 rank=5
[ 331] best_single    score= 0.5970 origin=agent    iters=4 stop=no new information in 3 consecutive turns
         TEST  smape=0.1432  rmse=599.0060  pocid=58.33  mape=0.1318  | FLOOR smape=0.0980
         laya iter 1 -> best_ONLY_FT_rf conf=0.345 rank=1
         laya iter 2 -> best_ONLY_FT_rf conf=0.343 rank=1
         laya iter 3 -> best_ONLY_FT_rf conf=0.343 rank=1
         laya iter 4 -> best_ONLY_FT_rf conf=0.343 rank=1
[ 332] mean           score= 0.6889 origin=baseline iters=5 stop=no new information in 3 consecutive turns
         TEST  smape=0.1727  rmse=575.0668  pocid=58.33  mape=0.1554  | FLOOR smape=0.1727
         laya iter 1 -> mean_pool1 conf=0.3696 rank=8
         laya iter 2 -> mean_pool4 conf=0.2976 rank=10
         laya iter 3 -> mean_pool4 conf=0.2976 rank=10
         laya iter 4 -> mean_pool4 conf=0.2976 rank=10
         laya iter 5 -> mean_pool4 conf=0.2976 rank=10
[ 333] mean           score= 0.6720 origin=agent    iters=5 stop=no new information in 3 consecutive turns
         TEST  smape=0.1292  rmse=628.0360  pocid=58.33  mape=0.1184  | FLOOR smape=0.1688
         laya iter 1 -> mean_pool1 conf=0.3314 rank=5
         laya iter 2 -> mean_pool4 conf=0.239 rank=1
         laya iter 3 -> mean_pool4 conf=0.239 rank=1
         laya iter 4 -> mean_pool4 conf=0.239 rank=1
         laya iter 5 -> mean_pool4 conf=0.239 rank=1
[ 334] dba            score= 0.7050 origin=baseline iters=5 stop=no new information in 3 consecutive turns
         TEST  smape=0.1518  rmse=826.9315  pocid=41.67  mape=0.1376  | FLOOR smape=0.1518
         laya iter 1 -> mean_pool1 conf=0.4103 rank=7
         laya iter 2 -> mean_pool4 conf=0.3135 rank=10
         laya iter 3 -> mean_pool4 conf=0.3135 rank=10
         laya iter 4 -> mean_pool4 conf=0.3135 rank=10
         laya iter 5 -> mean_pool4 conf=0.3135 rank=10
[ 335] dba            score= 0.6859 origin=baseline iters=4 stop=no new information in 3 consecutive turns
         TEST  smape=0.1861  rmse=399.5305  pocid=83.33  mape=0.1692  | FLOOR smape=0.1861
         laya iter 1 -> best_ONLY_FT_catboost conf=0.3968 rank=2
         laya iter 2 -> best_ONLY_FT_catboost conf=0.3812 rank=2
         laya iter 3 -> best_ONLY_FT_catboost conf=0.3812 rank=2
         laya iter 4 -> best_ONLY_FT_catboost conf=0.3812 rank=2
[ 336] best_single    score= 0.5897 origin=agent    iters=5 stop=no new information in 3 consecutive turns
         TEST  smape=0.1441  rmse=362.9498  pocid=33.33  mape=0.1326  | FLOOR smape=0.1842
         laya iter 1 -> mean_pool1 conf=0.2821 rank=4
         laya iter 2 -> best_DWT_rf conf=0.2567 rank=1
         laya iter 3 -> best_DWT_rf conf=0.2567 rank=1
         laya iter 4 -> best_DWT_rf conf=0.2567 rank=1
         laya iter 5 -> best_DWT_rf conf=0.2567 rank=1
[ 337] dba            score= 0.6640 origin=baseline iters=5 stop=no new information in 3 consecutive turns
         TEST  smape=0.1966  rmse=588.4901  pocid=58.33  mape=0.1725  | FLOOR smape=0.1966
         laya iter 1 -> mean_pool1 conf=0.4266 rank=8
         laya iter 2 -> mean_pool4 conf=0.306 rank=6
         laya iter 3 -> mean_pool4 conf=0.306 rank=6
         laya iter 4 -> mean_pool4 conf=0.306 rank=6
         laya iter 5 -> mean_pool4 conf=0.306 rank=6
[ 338] best_single    score= 0.6558 origin=agent    iters=4 stop=no new information in 3 consecutive turns
         TEST  smape=0.2991  rmse=1356.1699  pocid=0.00  mape=0.3693  | FLOOR smape=0.1537
         laya iter 1 -> best_ETS conf=0.4249 rank=1
         laya iter 2 -> best_ETS conf=0.5288 rank=1
         laya iter 3 -> best_ETS conf=0.5288 rank=1
         laya iter 4 -> best_ETS conf=0.5288 rank=1
[ 339] dba            score= 0.6829 origin=baseline iters=5 stop=no new information in 3 consecutive turns
         TEST  smape=0.1517  rmse=1191.7864  pocid=50.00  mape=0.1376  | FLOOR smape=0.1517
         laya iter 1 -> mean_pool1 conf=0.3906 rank=8
         laya iter 2 -> mean_pool4 conf=0.2773 rank=8
         laya iter 3 -> mean_pool4 conf=0.2773 rank=8
         laya iter 4 -> mean_pool4 conf=0.2773 rank=8
         laya iter 5 -> mean_pool4 conf=0.2773 rank=8
[ 340] best_single    score= 0.5873 origin=agent    iters=5 stop=no new information in 3 consecutive turns
         TEST  smape=0.2361  rmse=1333.5292  pocid=41.67  mape=0.2059  | FLOOR smape=0.1062
         laya iter 1 -> mean_pool1 conf=0.3284 rank=8
         laya iter 2 -> best_ONLY_FT_catboost conf=0.3294 rank=1
         laya iter 3 -> best_ONLY_FT_catboost conf=0.3294 rank=1
         laya iter 4 -> best_ONLY_FT_catboost conf=0.3294 rank=1
         laya iter 5 -> best_ONLY_FT_catboost conf=0.3294 rank=1
[ 341] best_single    score= 0.6015 origin=agent    iters=5 stop=no new information in 3 consecutive turns
         TEST  smape=0.0789  rmse=142.4899  pocid=58.33  mape=0.0814  | FLOOR smape=0.0793
         laya iter 1 -> mean_pool1 conf=0.3199 rank=9
         laya iter 2 -> best_ARIMA conf=0.2725 rank=1
         laya iter 3 -> best_ARIMA conf=0.2725 rank=1
         laya iter 4 -> best_ARIMA conf=0.2725 rank=1
         laya iter 5 -> best_ARIMA conf=0.2725 rank=1
[ 342] dba            score= 0.6288 origin=baseline iters=5 stop=no new information in 3 consecutive turns
         TEST  smape=0.1136  rmse=522.4581  pocid=66.67  mape=0.1116  | FLOOR smape=0.1136
         laya iter 1 -> mean_pool1 conf=0.322 rank=9
         laya iter 2 -> mean_pool4 conf=0.242 rank=6
         laya iter 3 -> mean_pool4 conf=0.242 rank=6
         laya iter 4 -> mean_pool4 conf=0.242 rank=6
         laya iter 5 -> mean_pool4 conf=0.242 rank=6
[ 343] dba            score= 0.6837 origin=baseline iters=5 stop=no new information in 3 consecutive turns
         TEST  smape=0.1227  rmse=543.4616  pocid=58.33  mape=0.1378  | FLOOR smape=0.1227
         laya iter 1 -> mean_pool1 conf=0.2943 rank=9
         laya iter 2 -> mean_pool4 conf=0.2539 rank=8
         laya iter 3 -> mean_pool4 conf=0.2539 rank=8
         laya iter 4 -> mean_pool4 conf=0.2539 rank=8
         laya iter 5 -> mean_pool4 conf=0.2539 rank=8
[ 344] trimmed_mean   score= 0.6707 origin=baseline iters=4 stop=no new information in 3 consecutive turns
         TEST  smape=0.1035  rmse=462.5523  pocid=41.67  mape=0.1094  | FLOOR smape=0.1035
         laya iter 1 -> best_ETS conf=0.4114 rank=9
         laya iter 2 -> best_ETS conf=0.4995 rank=9
         laya iter 3 -> best_ETS conf=0.4995 rank=9
         laya iter 4 -> best_ETS conf=0.4995 rank=9
[ 345] mean           score= 0.5933 origin=agent    iters=5 stop=no new information in 3 consecutive turns
         TEST  smape=0.2281  rmse=1570.5880  pocid=75.00  mape=0.2770  | FLOOR smape=0.1028
         laya iter 1 -> mean_pool1 conf=0.3238 rank=4
         laya iter 2 -> mean_pool4 conf=0.2679 rank=1
         laya iter 3 -> mean_pool4 conf=0.2679 rank=1
         laya iter 4 -> mean_pool4 conf=0.2679 rank=1
         laya iter 5 -> mean_pool4 conf=0.2679 rank=1
[ 346] best_single    score= 0.6165 origin=agent    iters=5 stop=no new information in 3 consecutive turns
         TEST  smape=0.1509  rmse=698.0320  pocid=0.00  mape=0.1731  | FLOOR smape=0.1025
         laya iter 1 -> mean_pool1 conf=0.3258 rank=7
         laya iter 2 -> best_ETS conf=0.3129 rank=1
         laya iter 3 -> best_ETS conf=0.3129 rank=1
         laya iter 4 -> best_ETS conf=0.3129 rank=1
         laya iter 5 -> best_ETS conf=0.3129 rank=1
[ 347] mean           score= 0.6039 origin=agent    iters=5 stop=no new information in 3 consecutive turns
         TEST  smape=0.1978  rmse=1090.3281  pocid=58.33  mape=0.2388  | FLOOR smape=0.1515
         laya iter 1 -> mean_pool1 conf=0.3842 rank=4
         laya iter 2 -> mean_pool4 conf=0.2836 rank=1
         laya iter 3 -> mean_pool4 conf=0.2836 rank=1
         laya iter 4 -> mean_pool4 conf=0.2836 rank=1
         laya iter 5 -> mean_pool4 conf=0.2836 rank=1
[ 348] best_single    score= 0.3288 origin=agent    iters=4 stop=no new information in 3 consecutive turns
         TEST  smape=0.0476  rmse=263.2933  pocid=75.00  mape=0.0458  | FLOOR smape=0.0379
         laya iter 1 -> best_ONLY_CWT_rf conf=0.4753 rank=1
         laya iter 2 -> best_ONLY_CWT_rf conf=0.6063 rank=1
         laya iter 3 -> best_ONLY_CWT_rf conf=0.6063 rank=1
         laya iter 4 -> best_ONLY_CWT_rf conf=0.6063 rank=1
[ 349] trimmed_mean   score= 0.5608 origin=baseline iters=5 stop=no new information in 3 consecutive turns
         TEST  smape=0.1541  rmse=921.2901  pocid=83.33  mape=0.1506  | FLOOR smape=0.1541
         laya iter 1 -> mean_pool1 conf=0.3708 rank=2
         laya iter 2 -> mean_pool4 conf=0.2763 rank=7
         laya iter 3 -> mean_pool4 conf=0.2763 rank=7
         laya iter 4 -> mean_pool4 conf=0.2763 rank=7
         laya iter 5 -> mean_pool4 conf=0.2763 rank=7
[ 350] trimmed_mean   score= 0.6650 origin=baseline iters=5 stop=no new information in 3 consecutive turns
         TEST  smape=0.1338  rmse=303.7117  pocid=50.00  mape=0.1405  | FLOOR smape=0.1338
         laya iter 1 -> mean_pool1 conf=0.3635 rank=2
         laya iter 2 -> mean_pool4 conf=0.2673 rank=10
         laya iter 3 -> mean_pool4 conf=0.2673 rank=10
         laya iter 4 -> mean_pool4 conf=0.2673 rank=10
         laya iter 5 -> mean_pool4 conf=0.2673 rank=10
[ 351] best_single    score= 0.3560 origin=agent    iters=5 stop=no new information in 3 consecutive turns
         TEST  smape=0.0591  rmse=118.2969  pocid=41.67  mape=0.0562  | FLOOR smape=0.1435
         laya iter 1 -> mean_pool1 conf=0.3717 rank=3
         laya iter 2 -> best_rf conf=0.3653 rank=1
         laya iter 3 -> best_rf conf=0.3653 rank=1
         laya iter 4 -> best_rf conf=0.3653 rank=1
         laya iter 5 -> best_rf conf=0.3653 rank=1
[ 352] best_single    score= 0.6875 origin=agent    iters=5 stop=no new information in 3 consecutive turns
         TEST  smape=0.1666  rmse=367.3691  pocid=33.33  mape=0.1963  | FLOOR smape=0.1227
         laya iter 1 -> mean_pool1 conf=0.3392 rank=8
         laya iter 2 -> best_FT_rf conf=0.3429 rank=1
         laya iter 3 -> best_FT_rf conf=0.3429 rank=1
         laya iter 4 -> best_FT_rf conf=0.3429 rank=1
         laya iter 5 -> best_FT_rf conf=0.3429 rank=1
[ 353] best_single    score= 0.4615 origin=agent    iters=5 stop=no new information in 3 consecutive turns
         TEST  smape=0.1552  rmse=654.4407  pocid=58.33  mape=0.1752  | FLOOR smape=0.1655
         laya iter 1 -> mean_pool1 conf=0.28 rank=9
         laya iter 2 -> best_NaiveMovingAverage conf=0.2823 rank=1
         laya iter 3 -> best_NaiveMovingAverage conf=0.2823 rank=1
         laya iter 4 -> best_NaiveMovingAverage conf=0.2823 rank=1
         laya iter 5 -> best_NaiveMovingAverage conf=0.2823 rank=1
[ 354] mean           score= 0.6944 origin=baseline iters=4 stop=no new information in 3 consecutive turns
         TEST  smape=0.3267  rmse=1345.8959  pocid=50.00  mape=0.4095  | FLOOR smape=0.3267
         laya iter 1 -> best_ETS conf=0.5192 rank=4
         laya iter 2 -> best_ETS conf=0.6907 rank=4
         laya iter 3 -> best_ETS conf=0.6907 rank=4
         laya iter 4 -> best_ETS conf=0.6907 rank=4
[ 355] dba            score= 0.6880 origin=baseline iters=5 stop=no new information in 3 consecutive turns
         TEST  smape=0.1343  rmse=679.5794  pocid=83.33  mape=0.1547  | FLOOR smape=0.1343
         laya iter 1 -> mean_pool1 conf=0.3143 rank=7
         laya iter 2 -> mean_pool4 conf=0.2526 rank=10
         laya iter 3 -> mean_pool4 conf=0.2526 rank=10
         laya iter 4 -> mean_pool4 conf=0.2526 rank=10
         laya iter 5 -> mean_pool4 conf=0.2526 rank=10
[ 356] trimmed_mean   score= 0.6239 origin=baseline iters=5 stop=no new information in 3 consecutive turns
         TEST  smape=0.1377  rmse=620.4794  pocid=50.00  mape=0.1594  | FLOOR smape=0.1377
         laya iter 1 -> mean_pool1 conf=0.326 rank=2
         laya iter 2 -> best_ETS conf=0.3108 rank=7
         laya iter 3 -> best_ETS conf=0.3108 rank=7
         laya iter 4 -> best_ETS conf=0.3108 rank=7
         laya iter 5 -> best_ETS conf=0.3108 rank=7
[ 357] best_single    score= 0.5995 origin=agent    iters=5 stop=no new information in 3 consecutive turns
         TEST  smape=0.1478  rmse=969.5319  pocid=58.33  mape=0.1407  | FLOOR smape=0.0982
         laya iter 1 -> mean_pool1 conf=0.4361 rank=8
         laya iter 2 -> best_FT_catboost conf=0.4597 rank=1
         laya iter 3 -> best_FT_catboost conf=0.4597 rank=1
         laya iter 4 -> best_FT_catboost conf=0.4597 rank=1
         laya iter 5 -> best_FT_catboost conf=0.4597 rank=1
[ 358] mean           score= 0.6711 origin=agent    iters=5 stop=no new information in 3 consecutive turns
         TEST  smape=0.1572  rmse=730.6708  pocid=58.33  mape=0.1729  | FLOOR smape=0.1380
         laya iter 1 -> mean_pool1 conf=0.3095 rank=5
         laya iter 2 -> mean_pool4 conf=0.2356 rank=1
         laya iter 3 -> mean_pool4 conf=0.2356 rank=1
         laya iter 4 -> mean_pool4 conf=0.2356 rank=1
         laya iter 5 -> mean_pool4 conf=0.2356 rank=1
--------------------------------------------------------------------------
done in 108.8s | ok: 359 | failed: 0
DATASET SUMMARY over 359 series (mean across series):
  this run   smape=0.0979  rmse=496.9981  pocid=57.64  mape=0.0983  mae=403.6384
  baseline   smape=0.0910  rmse=419.6139  pocid=59.61  mape=0.0897  <- this run is WORSE than the seed floor
  mean       smape=0.1560  rmse=565670643599352549196716204211537639244317944908035229208154108667468348208885108199311009429349561812871400925394649666000525459456.0000  pocid=53.20  mape=39777294267569865632092305676114673475780582879823695972881129375030108721987150752620451168492782782066944539201619654537641984.0000  <- this run is better
  median     smape=0.0897  rmse=98091549866.9433  pocid=58.45  mape=11214489.3177  <- this run is better
  dba        smape=0.1594  rmse=565670643599352549196716204211537639244317944908035229208154108667468348208885108199311009429349561812871400925394649666000525459456.0000  pocid=51.74  mape=39777294267569846392831467592872870605155533981574767711289688718073727887859511960764117429620413927444749771176404416926318592.0000  <- this run is better
  ADE        smape=0.1069  rmse=335850489305280897150278938350792956054116807272513112971539555160952541873624259473465507936843830466561185255755901421801810427904.0000  pocid=57.29  mape=23616611351791077356813904533184018234363216971665633450013792487243617037607409536889105068880425355870002736047763781094211584.0000  <- this run is better
  FFORMA     smape=0.0996  rmse=331703934033556502999311883249781817930691741283770894983858217784985857106662638100444095177311322092507477833421706256574660476928.0000  pocid=59.45  mape=23325030462617560519266366214871385284458556859797996695315252011496452105542748146985504910684292478496494399058427224917016576.0000  <- this run is better
csv: ./timeseries/mestrado/resultados/orchestrator_laya_laya_v0/M4_WEEKLY_DATASET.csv
