nohup: ignoring input
WARNING: 5 model(s) do not share the pool's windows on ETTM1 and are being DROPPED for every series: ['ONLY_CWT_catboost', 'ONLY_DWT_catboost', 'ONLY_DWT_rf', 'ONLY_FT_catboost', 'ONLY_FT_rf']
dataset      : ETTM1
source       : ETTM1.tsf
models       : 14
agent        : laya-multilingual (max_len=8192)
writing to   : ./timeseries/mestrado/resultados/orchestrator_laya_laya_v0_ml8192
--------------------------------------------------------------------------
/home/lucas.castro/.conda/envs/agno/lib/python3.11/site-packages/tslearn/bases/bases.py:15: UserWarning: h5py not installed, hdf5 features will not be supported.
Install h5py to use hdf5 features: http://docs.h5py.org/
  warn(h5py_msg)
Fetching 5 files:   0%|          | 0/5 [00:00<?, ?it/s]Fetching 5 files: 100%|██████████| 5/5 [00:00<00:00, 2811.20it/s]
[   0] trimmed_mean   score=-0.0913 origin=baseline iters=5 stop=no new information in 3 consecutive turns
         TEST  smape=1.1753  rmse=5.4608  pocid=78.26  mape=367565306684846.8125  | FLOOR smape=1.1753
         laya iter 1 -> trimmed_mean_pool2 conf=0.4931 rank=1
         laya iter 2 -> trimmed_mean_pool_full conf=0.2946 rank=8
         laya iter 3 -> trimmed_mean_pool_full conf=0.2946 rank=8
         laya iter 4 -> trimmed_mean_pool_full conf=0.2946 rank=8
         laya iter 5 -> trimmed_mean_pool_full conf=0.2946 rank=8
[   1] trimmed_mean   score=-0.0537 origin=baseline iters=6 stop=no new information in 3 consecutive turns
         TEST  smape=0.2740  rmse=1.4455  pocid=43.48  mape=0.3359  | FLOOR smape=0.2740
         laya iter 1 -> trimmed_mean_pool2 conf=0.3375 rank=3
         laya iter 2 -> median_pool1 conf=0.2812 rank=2
         laya iter 3 -> median_pool2 conf=0.6772 rank=2
         laya iter 4 -> median_pool2 conf=0.4391 rank=2
         laya iter 5 -> median_pool2 conf=0.4391 rank=2
         laya iter 6 -> median_pool2 conf=0.4391 rank=2
[   2] mean           score=-0.0829 origin=baseline iters=4 stop=no new information in 3 consecutive turns
         TEST  smape=0.8916  rmse=5.6497  pocid=73.91  mape=0.8287  | FLOOR smape=0.8916
         laya iter 1 -> median_pool2 conf=0.4135 rank=8
         laya iter 2 -> median_pool2 conf=0.3546 rank=8
         laya iter 3 -> median_pool2 conf=0.3546 rank=8
         laya iter 4 -> median_pool2 conf=0.3546 rank=8
[   3] trimmed_mean   score=-0.0526 origin=baseline iters=4 stop=no new information in 3 consecutive turns
         TEST  smape=0.3921  rmse=1.1923  pocid=47.83  mape=0.5529  | FLOOR smape=0.3921
         laya iter 1 -> median_pool2 conf=0.6561 rank=2
         laya iter 2 -> median_pool2 conf=0.72 rank=2
         laya iter 3 -> median_pool2 conf=0.72 rank=2
         laya iter 4 -> median_pool2 conf=0.72 rank=2
[   4] mean           score=-0.0911 origin=baseline iters=4 stop=no new information in 3 consecutive turns
         TEST  smape=0.2512  rmse=1.0856  pocid=43.48  mape=0.2966  | FLOOR smape=0.2512
         laya iter 1 -> median_pool2 conf=0.96 rank=7
         laya iter 2 -> median_pool2 conf=0.6381 rank=7
         laya iter 3 -> median_pool2 conf=0.6381 rank=7
         laya iter 4 -> median_pool2 conf=0.6381 rank=7
[   5] mean           score=-0.0759 origin=baseline iters=4 stop=no new information in 3 consecutive turns
         TEST  smape=0.1809  rmse=0.3329  pocid=47.83  mape=0.2019  | FLOOR smape=0.1809
         laya iter 1 -> median_pool2 conf=0.9544 rank=7
         laya iter 2 -> median_pool2 conf=0.9212 rank=7
         laya iter 3 -> median_pool2 conf=0.9212 rank=7
         laya iter 4 -> median_pool2 conf=0.9212 rank=7
[   6] trimmed_mean   score=-0.0942 origin=baseline iters=5 stop=no new information in 3 consecutive turns
         TEST  smape=0.0576  rmse=0.6518  pocid=52.17  mape=0.0580  | FLOOR smape=0.0576
         laya iter 1 -> trimmed_mean_pool2 conf=0.4223 rank=4
         laya iter 2 -> best_ONLY_CWT_rf conf=0.3259 rank=4
         laya iter 3 -> best_ONLY_CWT_rf conf=0.6606 rank=4
         laya iter 4 -> best_ONLY_CWT_rf conf=0.6606 rank=4
         laya iter 5 -> best_ONLY_CWT_rf conf=0.6606 rank=4
--------------------------------------------------------------------------
done in 47.0s | ok: 7 | failed: 0
DATASET SUMMARY over 7 series (mean across series):
  this run   smape=0.4604  rmse=2.2598  pocid=55.28  mape=52509329526407.0078  mae=1.9299
  baseline   smape=0.4604  rmse=2.2598  pocid=55.28  mape=52509329526407.0078  (== seed floor: no agent contribution this run)
  mean       smape=2.0000  rmse=136084107294.9405  pocid=44.72  mape=52599961740521154543616.0000  <- this run is better
  median     smape=0.5443  rmse=2.5657  pocid=58.39  mape=9059687099970.2324  <- this run is better
  dba        smape=2.0000  rmse=195921298116.2774  pocid=47.20  mape=69231906943291170816.0000  <- this run is better
  ADE        smape=0.4572  rmse=2.4809  pocid=50.93  mape=21115097813161.2109  <- this run is better
  FFORMA     smape=0.4396  rmse=2.2985  pocid=51.55  mape=59253483494535.9609  <- this run is better
csv: ./timeseries/mestrado/resultados/orchestrator_laya_laya_v0_ml8192/ETTM1.csv
WARNING: 5 model(s) do not share the pool's windows on ETTM2 and are being DROPPED for every series: ['ONLY_CWT_catboost', 'ONLY_DWT_catboost', 'ONLY_DWT_rf', 'ONLY_FT_catboost', 'ONLY_FT_rf']
dataset      : ETTM2
source       : ETTM2.tsf
models       : 14
agent        : laya-multilingual (max_len=8192)
writing to   : ./timeseries/mestrado/resultados/orchestrator_laya_laya_v0_ml8192
--------------------------------------------------------------------------
Fetching 5 files:   0%|          | 0/5 [00:00<?, ?it/s]Fetching 5 files: 100%|██████████| 5/5 [00:00<00:00, 2257.43it/s]
[   0] median         score=-0.0820 origin=agent    iters=5 stop=no new information in 3 consecutive turns
         TEST  smape=0.2052  rmse=8.3393  pocid=52.17  mape=0.1838  | FLOOR smape=0.1983
         laya iter 1 -> median_pool2 conf=0.2628 rank=2
         laya iter 2 -> median_pool1 conf=0.5139 rank=1
         laya iter 3 -> median_pool1 conf=0.4587 rank=1
         laya iter 4 -> median_pool1 conf=0.4587 rank=1
         laya iter 5 -> median_pool1 conf=0.4587 rank=1
[   1] mean           score=-0.0775 origin=baseline iters=4 stop=no new information in 3 consecutive turns
         TEST  smape=0.2653  rmse=2.9583  pocid=47.83  mape=0.2323  | FLOOR smape=0.2653
         laya iter 1 -> median_pool2 conf=0.7708 rank=7
         laya iter 2 -> median_pool2 conf=0.429 rank=7
         laya iter 3 -> median_pool2 conf=0.429 rank=7
         laya iter 4 -> median_pool2 conf=0.429 rank=7
[   2] mean           score=-0.1042 origin=baseline iters=5 stop=no new information in 3 consecutive turns
         TEST  smape=0.1569  rmse=8.0382  pocid=52.17  mape=0.1446  | FLOOR smape=0.1569
         laya iter 1 -> median_pool2 conf=0.8351 rank=4
         laya iter 2 -> trimmed_mean_pool_full conf=0.186 rank=9
         laya iter 3 -> trimmed_mean_pool_full conf=0.186 rank=9
         laya iter 4 -> trimmed_mean_pool_full conf=0.186 rank=9
         laya iter 5 -> trimmed_mean_pool_full conf=0.186 rank=9
[   3] median         score=-0.0801 origin=agent    iters=4 stop=no new information in 3 consecutive turns
         TEST  smape=0.2575  rmse=2.9991  pocid=39.13  mape=0.2265  | FLOOR smape=0.2551
         laya iter 1 -> median_pool2 conf=0.7354 rank=1
         laya iter 2 -> median_pool2 conf=0.9428 rank=1
         laya iter 3 -> median_pool2 conf=0.9428 rank=1
         laya iter 4 -> median_pool2 conf=0.9428 rank=1
[   4] trimmed_mean   score=-0.0512 origin=baseline iters=4 stop=no new information in 3 consecutive turns
         TEST  smape=0.0741  rmse=0.9424  pocid=21.74  mape=0.0705  | FLOOR smape=0.0741
         laya iter 1 -> median_pool2 conf=0.3187 rank=4
         laya iter 2 -> median_pool2 conf=0.4555 rank=4
         laya iter 3 -> median_pool2 conf=0.4555 rank=4
         laya iter 4 -> median_pool2 conf=0.4555 rank=4
[   5] mean           score= 0.0447 origin=baseline iters=4 stop=no new information in 3 consecutive turns
         TEST  smape=0.4531  rmse=0.7836  pocid=30.43  mape=0.3633  | FLOOR smape=0.4531
         laya iter 1 -> best_ONLY_CWT_rf conf=0.5961 rank=6
         laya iter 2 -> best_ONLY_CWT_rf conf=0.9924 rank=6
         laya iter 3 -> best_ONLY_CWT_rf conf=0.9924 rank=6
         laya iter 4 -> best_ONLY_CWT_rf conf=0.9924 rank=6
[   6] mean           score= 0.2793 origin=baseline iters=6 stop=no new information in 3 consecutive turns
         TEST  smape=0.0183  rmse=1.0657  pocid=60.87  mape=0.0180  | FLOOR smape=0.0183
         laya iter 1 -> median_pool3 conf=0.6858 rank=6
         laya iter 2 -> median_pool2 conf=1.0 rank=5
         laya iter 3 -> median_pool1 conf=0.5591 rank=5
         laya iter 4 -> median_pool2 conf=0.9608 rank=6
         laya iter 5 -> median_pool2 conf=0.9608 rank=6
         laya iter 6 -> median_pool2 conf=0.9608 rank=6
--------------------------------------------------------------------------
done in 41.2s | ok: 7 | failed: 0
DATASET SUMMARY over 7 series (mean across series):
  this run   smape=0.2043  rmse=3.5895  pocid=43.48  mape=0.1770  mae=3.3431
  baseline   smape=0.2030  rmse=3.5354  pocid=45.34  mape=0.1760  <- this run is WORSE than the seed floor
  mean       smape=1.7405  rmse=63484511305.5706  pocid=43.48  mape=3253528624.5137  <- this run is better
  median     smape=0.1997  rmse=3.6501  pocid=39.13  mape=0.1739  <- this run is better
  dba        smape=1.7438  rmse=106383343565.7140  pocid=37.27  mape=2228290941.4547  <- this run is better
  ADE        smape=0.1872  rmse=4.0934  pocid=31.06  mape=0.1752  <- this run is better
  FFORMA     smape=0.1654  rmse=3.9513  pocid=31.06  mape=0.1525  <- this run is better
csv: ./timeseries/mestrado/resultados/orchestrator_laya_laya_v0_ml8192/ETTM2.csv
dataset      : ETTH1
source       : ETTH1.tsf
models       : 19
agent        : laya-multilingual (max_len=8192)
writing to   : ./timeseries/mestrado/resultados/orchestrator_laya_laya_v0_ml8192
--------------------------------------------------------------------------
Fetching 5 files:   0%|          | 0/5 [00:00<?, ?it/s]Fetching 5 files: 100%|██████████| 5/5 [00:00<00:00, 2147.18it/s]
[   0] mean           score=-0.0442 origin=baseline iters=5 stop=no new information in 3 consecutive turns
         TEST  smape=0.3882  rmse=3.2588  pocid=60.87  mape=0.4975  | FLOOR smape=0.3882
         laya iter 1 -> trimmed_mean_pool2 conf=0.5784 rank=5
         laya iter 2 -> trimmed_mean_pool_full conf=0.2756 rank=8
         laya iter 3 -> trimmed_mean_pool_full conf=0.2756 rank=8
         laya iter 4 -> trimmed_mean_pool_full conf=0.2756 rank=8
         laya iter 5 -> trimmed_mean_pool_full conf=0.2756 rank=8
[   1] trimmed_mean   score=-0.1072 origin=baseline iters=4 stop=no new information in 3 consecutive turns
         TEST  smape=0.1711  rmse=0.9478  pocid=65.22  mape=0.1587  | FLOOR smape=0.1711
         laya iter 1 -> median_pool2 conf=0.3921 rank=5
         laya iter 2 -> median_pool2 conf=0.9489 rank=5
         laya iter 3 -> median_pool2 conf=0.9489 rank=5
         laya iter 4 -> median_pool2 conf=0.9489 rank=5
[   2] trimmed_mean   score=-0.0572 origin=baseline iters=5 stop=no new information in 3 consecutive turns
         TEST  smape=0.3894  rmse=2.5624  pocid=82.61  mape=0.4100  | FLOOR smape=0.3894
         laya iter 1 -> trimmed_mean_pool2 conf=0.4966 rank=5
         laya iter 2 -> trimmed_mean_pool_full conf=0.6543 rank=8
         laya iter 3 -> trimmed_mean_pool_full conf=0.6543 rank=8
         laya iter 4 -> trimmed_mean_pool_full conf=0.6543 rank=8
         laya iter 5 -> trimmed_mean_pool_full conf=0.6543 rank=8
[   3] trimmed_mean   score=-0.0948 origin=baseline iters=5 stop=no new information in 3 consecutive turns
         TEST  smape=0.1965  rmse=0.6604  pocid=52.17  mape=0.1793  | FLOOR smape=0.1965
         laya iter 1 -> trimmed_mean_pool2 conf=0.5361 rank=6
         laya iter 2 -> trimmed_mean_pool_full conf=0.3357 rank=8
         laya iter 3 -> trimmed_mean_pool_full conf=0.3357 rank=8
         laya iter 4 -> trimmed_mean_pool_full conf=0.3357 rank=8
         laya iter 5 -> trimmed_mean_pool_full conf=0.3357 rank=8
[   4] median         score=-0.0827 origin=agent    iters=4 stop=no new information in 3 consecutive turns
         TEST  smape=0.1905  rmse=0.9848  pocid=47.83  mape=0.1834  | FLOOR smape=0.1984
         laya iter 1 -> median_pool2 conf=0.6773 rank=1
         laya iter 2 -> median_pool2 conf=0.6203 rank=1
         laya iter 3 -> median_pool2 conf=0.6203 rank=1
         laya iter 4 -> median_pool2 conf=0.6203 rank=1
[   5] trimmed_mean   score=-0.1036 origin=baseline iters=3 stop=no new information in 3 consecutive turns
         TEST  smape=0.1557  rmse=0.2920  pocid=69.57  mape=0.1499  | FLOOR smape=0.1557
         laya iter 1 -> trimmed_mean_pool2 conf=0.7661 rank=1
         laya iter 2 -> trimmed_mean_pool1 conf=0.4158 rank=5
         laya iter 3 -> trimmed_mean_pool1 conf=0.4158 rank=5
[   6] mean           score=-0.0883 origin=baseline iters=3 stop=no new information in 3 consecutive turns
         TEST  smape=0.0844  rmse=0.9642  pocid=56.52  mape=0.0893  | FLOOR smape=0.0844
         laya iter 1 -> median_pool_full conf=0.6418 rank=5
         laya iter 2 -> median_pool_full conf=0.5981 rank=5
         laya iter 3 -> median_pool_full conf=0.5981 rank=5
--------------------------------------------------------------------------
done in 14.2s | ok: 7 | failed: 0
DATASET SUMMARY over 7 series (mean across series):
  this run   smape=0.2251  rmse=1.3815  pocid=62.11  mape=0.2383  mae=1.1422
  baseline   smape=0.2262  rmse=1.3877  pocid=61.49  mape=0.2391  <- this run is better
  mean       smape=2.0000  rmse=1245113253499.4958  pocid=52.17  mape=273162683680.0966  <- this run is better
  median     smape=0.2602  rmse=1.5957  pocid=62.11  mape=0.2353  <- this run is better
  dba        smape=2.0000  rmse=2059519043323.2112  pocid=54.66  mape=272603577994.6630  <- this run is better
  ADE        smape=0.3951  rmse=2.5172  pocid=62.73  mape=0.3505  <- this run is better
  FFORMA     smape=0.3001  rmse=1.9946  pocid=65.22  mape=0.2754  <- this run is better
csv: ./timeseries/mestrado/resultados/orchestrator_laya_laya_v0_ml8192/ETTH1.csv
dataset      : ETTH2
source       : ETTH2.tsf
models       : 19
agent        : laya-multilingual (max_len=8192)
writing to   : ./timeseries/mestrado/resultados/orchestrator_laya_laya_v0_ml8192
--------------------------------------------------------------------------
Fetching 5 files:   0%|          | 0/5 [00:00<?, ?it/s]Fetching 5 files: 100%|██████████| 5/5 [00:00<00:00, 2547.87it/s]
[   0] trimmed_mean   score=-0.1136 origin=baseline iters=5 stop=no new information in 3 consecutive turns
         TEST  smape=0.1310  rmse=5.4826  pocid=56.52  mape=0.1236  | FLOOR smape=0.1310
         laya iter 1 -> trimmed_mean_pool2 conf=0.4824 rank=1
         laya iter 2 -> trimmed_mean_pool_full conf=0.395 rank=8
         laya iter 3 -> trimmed_mean_pool_full conf=0.395 rank=8
         laya iter 4 -> trimmed_mean_pool_full conf=0.395 rank=8
         laya iter 5 -> trimmed_mean_pool_full conf=0.395 rank=8
[   1] median         score=-0.1019 origin=baseline iters=4 stop=no new information in 3 consecutive turns
         TEST  smape=0.1395  rmse=1.7078  pocid=60.87  mape=0.1370  | FLOOR smape=0.1395
         laya iter 1 -> best_ONLY_FT_rf conf=0.4814 rank=6
         laya iter 2 -> best_ONLY_FT_rf conf=0.8037 rank=6
         laya iter 3 -> best_ONLY_FT_rf conf=0.8037 rank=6
         laya iter 4 -> best_ONLY_FT_rf conf=0.8037 rank=6
[   2] median         score=-0.1181 origin=baseline iters=3 stop=no new information in 3 consecutive turns
         TEST  smape=0.1064  rmse=5.6368  pocid=69.57  mape=0.1011  | FLOOR smape=0.1064
         laya iter 1 -> trimmed_mean_pool2 conf=0.5498 rank=6
         laya iter 2 -> trimmed_mean_pool2 conf=0.2883 rank=6
         laya iter 3 -> trimmed_mean_pool2 conf=0.2883 rank=6
[   3] trimmed_mean   score=-0.1040 origin=baseline iters=3 stop=no new information in 3 consecutive turns
         TEST  smape=0.1149  rmse=1.5327  pocid=47.83  mape=0.1133  | FLOOR smape=0.1149
         laya iter 1 -> trimmed_mean_pool2 conf=0.6646 rank=1
         laya iter 2 -> trimmed_mean_pool2 conf=0.2062 rank=1
         laya iter 3 -> trimmed_mean_pool2 conf=0.2062 rank=1
[   4] median         score=-0.0752 origin=baseline iters=4 stop=no new information in 3 consecutive turns
         TEST  smape=0.0793  rmse=1.0306  pocid=34.78  mape=0.0811  | FLOOR smape=0.0793
         laya iter 1 -> best_ONLY_CWT_rf conf=0.5084 rank=4
         laya iter 2 -> best_ONLY_CWT_rf conf=0.4473 rank=4
         laya iter 3 -> best_ONLY_CWT_rf conf=0.4473 rank=4
         laya iter 4 -> best_ONLY_CWT_rf conf=0.4473 rank=4
[   5] median         score=-0.0041 origin=baseline iters=4 stop=no new information in 3 consecutive turns
         TEST  smape=0.6525  rmse=0.7116  pocid=43.48  mape=1271662993922632.2500  | FLOOR smape=0.6525
         laya iter 1 -> trimmed_mean_pool_full conf=0.2077 rank=2
         laya iter 2 -> trimmed_mean_pool_full conf=0.5266 rank=2
         laya iter 3 -> trimmed_mean_pool_full conf=0.5266 rank=2
         laya iter 4 -> trimmed_mean_pool_full conf=0.5266 rank=2
[   6] median         score= 0.4724 origin=baseline iters=4 stop=no new information in 3 consecutive turns
         TEST  smape=0.0359  rmse=1.7847  pocid=73.91  mape=0.0355  | FLOOR smape=0.0359
         laya iter 1 -> median_pool2 conf=0.4117 rank=2
         laya iter 2 -> median_pool2 conf=0.4175 rank=2
         laya iter 3 -> median_pool2 conf=0.4175 rank=2
         laya iter 4 -> median_pool2 conf=0.4175 rank=2
--------------------------------------------------------------------------
done in 14.1s | ok: 7 | failed: 0
DATASET SUMMARY over 7 series (mean across series):
  this run   smape=0.1799  rmse=2.5553  pocid=55.28  mape=181666141988947.5312  mae=2.2102
  baseline   smape=0.1799  rmse=2.5553  pocid=55.28  mape=181666141988947.5312  (== seed floor: no agent contribution this run)
  mean       smape=1.7197  rmse=99996379087.4691  pocid=49.69  mape=20879052073827343269888.0000  <- this run is better
  median     smape=0.1815  rmse=2.5568  pocid=56.52  mape=181666141988947.5312  <- this run is better
  dba        smape=1.7257  rmse=151967111938.0612  pocid=52.80  mape=20879052073826667986944.0000  <- this run is better
  ADE        smape=0.2261  rmse=2.6531  pocid=56.52  mape=299065117726769.6250  <- this run is better
  FFORMA     smape=0.2035  rmse=2.5436  pocid=56.52  mape=269479043127657.0625
csv: ./timeseries/mestrado/resultados/orchestrator_laya_laya_v0_ml8192/ETTH2.csv
dataset      : ANP_MONTHLY
source       : mes_11_venda_mensal.tsf
models       : 19
agent        : laya-multilingual (max_len=8192)
writing to   : ./timeseries/mestrado/resultados/orchestrator_laya_laya_v0_ml8192
--------------------------------------------------------------------------
Fetching 5 files:   0%|          | 0/5 [00:00<?, ?it/s]Fetching 5 files: 100%|██████████| 5/5 [00:00<00:00, 2438.83it/s]
[   0] best_single    score= 0.6782 origin=agent    iters=4 stop=no new information in 3 consecutive turns
         TEST  smape=0.1802  rmse=1450.2311  pocid=45.45  mape=0.1590  | FLOOR smape=0.3622
         laya iter 1 -> best_ONLY_DWT_rf conf=0.9917 rank=1
         laya iter 2 -> best_ONLY_DWT_rf conf=0.9737 rank=1
         laya iter 3 -> best_ONLY_DWT_rf conf=0.9737 rank=1
         laya iter 4 -> best_ONLY_DWT_rf conf=0.9737 rank=1
[   1] trimmed_mean   score= 0.6131 origin=baseline iters=4 stop=no new information in 3 consecutive turns
         TEST  smape=0.1132  rmse=2240.3312  pocid=63.64  mape=0.1057  | FLOOR smape=0.1132
         laya iter 1 -> trimmed_mean_pool_full conf=0.1643 rank=5
         laya iter 2 -> trimmed_mean_pool_full conf=0.3255 rank=5
         laya iter 3 -> trimmed_mean_pool_full conf=0.3255 rank=5
         laya iter 4 -> trimmed_mean_pool_full conf=0.3255 rank=5
[   2] best_single    score= 0.6171 origin=agent    iters=4 stop=no new information in 3 consecutive turns
         TEST  smape=0.0487  rmse=5548.7804  pocid=63.64  mape=0.0508  | FLOOR smape=0.0471
         laya iter 1 -> best_ONLY_CWT_rf conf=0.9295 rank=1
         laya iter 2 -> best_ONLY_CWT_rf conf=0.9115 rank=1
         laya iter 3 -> best_ONLY_CWT_rf conf=0.9115 rank=1
         laya iter 4 -> best_ONLY_CWT_rf conf=0.9115 rank=1
[   3] mean           score= 0.6424 origin=baseline iters=4 stop=no new information in 3 consecutive turns
         TEST  smape=0.3041  rmse=2999.0637  pocid=81.82  mape=0.2530  | FLOOR smape=0.3041
         laya iter 1 -> trimmed_mean_pool_full conf=0.7906 rank=2
         laya iter 2 -> trimmed_mean_pool1 conf=0.5881 rank=8
         laya iter 3 -> trimmed_mean_pool1 conf=0.5881 rank=8
         laya iter 4 -> trimmed_mean_pool1 conf=0.5881 rank=8
[   4] mean           score= 0.6606 origin=baseline iters=5 stop=no new information in 3 consecutive turns
         TEST  smape=0.0520  rmse=3230.0159  pocid=72.73  mape=0.0515  | FLOOR smape=0.0520
         laya iter 1 -> median_pool2 conf=0.5265 rank=10
         laya iter 2 -> trimmed_mean_pool_full conf=0.417 rank=2
         laya iter 3 -> median_pool2 conf=0.4127 rank=11
         laya iter 4 -> median_pool2 conf=0.4127 rank=11
         laya iter 5 -> median_pool2 conf=0.4127 rank=11
[   5] median         score= 0.6488 origin=baseline iters=4 stop=no new information in 3 consecutive turns
         TEST  smape=0.2077  rmse=27.2066  pocid=72.73  mape=0.2589  | FLOOR smape=0.2077
         laya iter 1 -> median_pool2 conf=0.435 rank=5
         laya iter 2 -> median_pool2 conf=0.8494 rank=5
         laya iter 3 -> median_pool2 conf=0.8494 rank=5
         laya iter 4 -> median_pool2 conf=0.8494 rank=5
[   6] mean           score= 0.6148 origin=baseline iters=5 stop=no new information in 3 consecutive turns
         TEST  smape=0.4842  rmse=4789.1974  pocid=72.73  mape=0.3706  | FLOOR smape=0.4842
         laya iter 1 -> trimmed_mean_pool2 conf=0.3304 rank=2
         laya iter 2 -> trimmed_mean_pool_full conf=0.4719 rank=10
         laya iter 3 -> trimmed_mean_pool_full conf=0.4719 rank=10
         laya iter 4 -> trimmed_mean_pool_full conf=0.4719 rank=10
         laya iter 5 -> trimmed_mean_pool_full conf=0.4719 rank=10
[   7] best_single    score= 0.5882 origin=agent    iters=4 stop=no new information in 3 consecutive turns
         TEST  smape=0.2018  rmse=110.0732  pocid=45.45  mape=0.2279  | FLOOR smape=0.1649
         laya iter 1 -> best_ONLY_CWT_catboost conf=0.3166 rank=1
         laya iter 2 -> best_ONLY_CWT_catboost conf=0.5977 rank=1
         laya iter 3 -> best_ONLY_CWT_catboost conf=0.5977 rank=1
         laya iter 4 -> best_ONLY_CWT_catboost conf=0.5977 rank=1
[   8] median         score= 0.6811 origin=baseline iters=4 stop=no new information in 3 consecutive turns
         TEST  smape=0.5178  rmse=777.3991  pocid=54.55  mape=0.4008  | FLOOR smape=0.5178
         laya iter 1 -> median_pool2 conf=0.5982 rank=7
         laya iter 2 -> median_pool2 conf=0.7189 rank=7
         laya iter 3 -> median_pool2 conf=0.7189 rank=7
         laya iter 4 -> median_pool2 conf=0.7189 rank=7
[   9] mean           score= 0.6667 origin=baseline iters=4 stop=no new information in 3 consecutive turns
         TEST  smape=0.0486  rmse=12303.7366  pocid=72.73  mape=0.0502  | FLOOR smape=0.0486
         laya iter 1 -> median_pool2 conf=0.6223 rank=6
         laya iter 2 -> median_pool2 conf=0.9489 rank=6
         laya iter 3 -> median_pool2 conf=0.9489 rank=6
         laya iter 4 -> median_pool2 conf=0.9489 rank=6
[  10] trimmed_mean   score= 0.5394 origin=baseline iters=4 stop=no new information in 3 consecutive turns
         TEST  smape=0.2671  rmse=1574.1270  pocid=72.73  mape=0.2314  | FLOOR smape=0.2671
         laya iter 1 -> best_ONLY_DWT_catboost conf=0.7385 rank=4
         laya iter 2 -> best_ONLY_DWT_catboost conf=0.6334 rank=4
         laya iter 3 -> best_ONLY_DWT_catboost conf=0.6334 rank=4
         laya iter 4 -> best_ONLY_DWT_catboost conf=0.6334 rank=4
[  11] best_single    score= 0.6370 origin=agent    iters=4 stop=no new information in 3 consecutive turns
         TEST  smape=0.5972  rmse=10701.2866  pocid=54.55  mape=0.4555  | FLOOR smape=0.7316
         laya iter 1 -> best_FT_rf conf=0.8949 rank=1
         laya iter 2 -> best_FT_rf conf=0.9995 rank=1
         laya iter 3 -> best_FT_rf conf=0.9995 rank=1
         laya iter 4 -> best_FT_rf conf=0.9995 rank=1
[  12] median         score= 0.6904 origin=baseline iters=4 stop=no new information in 3 consecutive turns
         TEST  smape=1.1713  rmse=2460.0309  pocid=0.00  mape=27.4675  | FLOOR smape=1.1713
         laya iter 1 -> best_FT_catboost conf=0.4925 rank=3
         laya iter 2 -> best_FT_catboost conf=0.4166 rank=3
         laya iter 3 -> best_FT_catboost conf=0.4166 rank=3
         laya iter 4 -> best_FT_catboost conf=0.4166 rank=3
[  13] dba            score= 0.6472 origin=baseline iters=5 stop=no new information in 3 consecutive turns
         TEST  smape=0.2182  rmse=323.4298  pocid=54.55  mape=0.2484  | FLOOR smape=0.2182
         laya iter 1 -> median_pool2 conf=0.3101 rank=10
         laya iter 2 -> median_pool1 conf=0.437 rank=11
         laya iter 3 -> median_pool1 conf=0.437 rank=11
         laya iter 4 -> median_pool1 conf=0.437 rank=11
         laya iter 5 -> median_pool1 conf=0.437 rank=11
[  14] mean           score= 0.6788 origin=baseline iters=4 stop=no new information in 3 consecutive turns
         TEST  smape=0.0466  rmse=2068.6530  pocid=63.64  mape=0.0460  | FLOOR smape=0.0466
         laya iter 1 -> median_pool2 conf=0.9621 rank=8
         laya iter 2 -> median_pool2 conf=0.9924 rank=8
         laya iter 3 -> median_pool2 conf=0.9924 rank=8
         laya iter 4 -> median_pool2 conf=0.9924 rank=8
[  15] mean           score= 0.6909 origin=baseline iters=5 stop=no new information in 3 consecutive turns
         TEST  smape=0.0504  rmse=2642.4148  pocid=63.64  mape=0.0502  | FLOOR smape=0.0504
         laya iter 1 -> best_ONLY_CWT_rf conf=0.2652 rank=4
         laya iter 2 -> median_pool2 conf=0.4554 rank=11
         laya iter 3 -> median_pool2 conf=0.4554 rank=11
         laya iter 4 -> median_pool2 conf=0.4554 rank=11
         laya iter 5 -> median_pool2 conf=0.4554 rank=11
[  16] best_single    score= 0.5103 origin=agent    iters=4 stop=no new information in 3 consecutive turns
         TEST  smape=0.1568  rmse=17349.3700  pocid=72.73  mape=0.1443  | FLOOR smape=0.1978
         laya iter 1 -> best_FT_rf conf=0.9947 rank=1
         laya iter 2 -> best_FT_rf conf=0.9859 rank=1
         laya iter 3 -> best_FT_rf conf=0.9859 rank=1
         laya iter 4 -> best_FT_rf conf=0.9859 rank=1
[  17] trimmed_mean   score= 0.6006 origin=baseline iters=4 stop=no new information in 3 consecutive turns
         TEST  smape=0.1498  rmse=128987.7786  pocid=72.73  mape=0.1635  | FLOOR smape=0.1498
         laya iter 1 -> best_ONLY_DWT_rf conf=0.805 rank=5
         laya iter 2 -> best_ONLY_DWT_rf conf=0.971 rank=5
         laya iter 3 -> best_ONLY_DWT_rf conf=0.971 rank=5
         laya iter 4 -> best_ONLY_DWT_rf conf=0.971 rank=5
[  18] median         score= 0.6605 origin=baseline iters=3 stop=no new information in 3 consecutive turns
         TEST  smape=1.4312  rmse=4817.0742  pocid=54.55  mape=230028294017373600.0000  | FLOOR smape=1.4312
         laya iter 1 -> median_pool_full conf=0.6351 rank=1
         laya iter 2 -> median_pool_full conf=0.837 rank=1
         laya iter 3 -> median_pool_full conf=0.837 rank=1
[  19] best_single    score= 0.5672 origin=agent    iters=6 stop=no new information in 3 consecutive turns
         TEST  smape=0.2390  rmse=673.9470  pocid=63.64  mape=0.2916  | FLOOR smape=0.2139
         laya iter 1 -> trimmed_mean_pool2 conf=0.2837 rank=9
         laya iter 2 -> trimmed_mean_pool_full conf=0.3972 rank=3
         laya iter 3 -> best_ONLY_DWT_rf conf=0.2728 rank=1
         laya iter 4 -> trimmed_mean_pool_full conf=0.4745 rank=4
         laya iter 5 -> trimmed_mean_pool_full conf=0.4745 rank=4
         laya iter 6 -> trimmed_mean_pool_full conf=0.4745 rank=4
[  20] best_single    score= 0.4873 origin=agent    iters=4 stop=no new information in 3 consecutive turns
         TEST  smape=0.2084  rmse=166525.8803  pocid=63.64  mape=0.1880  | FLOOR smape=0.1073
         laya iter 1 -> best_NaiveMovingAverage conf=0.9992 rank=1
         laya iter 2 -> best_NaiveMovingAverage conf=1.0 rank=1
         laya iter 3 -> best_NaiveMovingAverage conf=1.0 rank=1
         laya iter 4 -> best_NaiveMovingAverage conf=1.0 rank=1
[  21] dba            score= 0.6503 origin=baseline iters=3 stop=no new information in 3 consecutive turns
         TEST  smape=0.0311  rmse=3044.7534  pocid=72.73  mape=0.0319  | FLOOR smape=0.0311
         laya iter 1 -> median_pool_full conf=0.425 rank=3
         laya iter 2 -> median_pool_full conf=0.4071 rank=3
         laya iter 3 -> median_pool_full conf=0.4071 rank=3
[  22] mean           score= 0.6909 origin=baseline iters=4 stop=no new information in 3 consecutive turns
         TEST  smape=0.2940  rmse=1636.6314  pocid=54.55  mape=0.3160  | FLOOR smape=0.2940
         laya iter 1 -> median_pool2 conf=0.4033 rank=10
         laya iter 2 -> median_pool2 conf=0.4959 rank=10
         laya iter 3 -> median_pool2 conf=0.4959 rank=10
         laya iter 4 -> median_pool2 conf=0.4959 rank=10
[  23] trimmed_mean   score= 0.4814 origin=baseline iters=5 stop=no new information in 3 consecutive turns
         TEST  smape=0.2674  rmse=6971.4135  pocid=90.91  mape=0.2281  | FLOOR smape=0.2674
         laya iter 1 -> trimmed_mean_pool2 conf=0.3992 rank=1
         laya iter 2 -> trimmed_mean_pool_full conf=0.3493 rank=8
         laya iter 3 -> trimmed_mean_pool_full conf=0.3493 rank=8
         laya iter 4 -> trimmed_mean_pool_full conf=0.3493 rank=8
         laya iter 5 -> trimmed_mean_pool_full conf=0.3493 rank=8
[  24] dba            score= 0.6427 origin=baseline iters=4 stop=no new information in 3 consecutive turns
         TEST  smape=0.0455  rmse=6840.2111  pocid=81.82  mape=0.0458  | FLOOR smape=0.0455
         laya iter 1 -> median_pool2 conf=0.3998 rank=4
         laya iter 2 -> median_pool2 conf=0.4348 rank=4
         laya iter 3 -> median_pool2 conf=0.4348 rank=4
         laya iter 4 -> median_pool2 conf=0.4348 rank=4
[  25] mean           score= 0.6276 origin=baseline iters=4 stop=no new information in 3 consecutive turns
         TEST  smape=0.1671  rmse=51.3148  pocid=54.55  mape=0.1906  | FLOOR smape=0.1671
         laya iter 1 -> median_pool2 conf=0.9167 rank=9
         laya iter 2 -> median_pool2 conf=0.7067 rank=9
         laya iter 3 -> median_pool2 conf=0.7067 rank=9
         laya iter 4 -> median_pool2 conf=0.7067 rank=9
[  26] mean           score= 0.6727 origin=baseline iters=4 stop=no new information in 3 consecutive turns
         TEST  smape=0.4658  rmse=2003.0215  pocid=36.36  mape=0.3751  | FLOOR smape=0.4658
         laya iter 1 -> median_pool2 conf=0.3517 rank=8
         laya iter 2 -> median_pool2 conf=0.322 rank=8
         laya iter 3 -> median_pool2 conf=0.322 rank=8
         laya iter 4 -> median_pool2 conf=0.322 rank=8
[  27] mean           score= 0.6727 origin=baseline iters=4 stop=no new information in 3 consecutive turns
         TEST  smape=0.3728  rmse=4401.5358  pocid=63.64  mape=0.3040  | FLOOR smape=0.3728
         laya iter 1 -> median_pool2 conf=0.5525 rank=9
         laya iter 2 -> median_pool2 conf=0.8632 rank=9
         laya iter 3 -> median_pool2 conf=0.8632 rank=9
         laya iter 4 -> median_pool2 conf=0.8632 rank=9
[  28] dba            score= 0.6235 origin=baseline iters=4 stop=no new information in 3 consecutive turns
         TEST  smape=0.0403  rmse=7021.0025  pocid=81.82  mape=0.0402  | FLOOR smape=0.0403
         laya iter 1 -> best_DWT_rf conf=0.7525 rank=7
         laya iter 2 -> best_DWT_rf conf=0.6091 rank=7
         laya iter 3 -> best_DWT_rf conf=0.6091 rank=7
         laya iter 4 -> best_DWT_rf conf=0.6091 rank=7
[  29] dba            score= 0.6650 origin=baseline iters=4 stop=no new information in 3 consecutive turns
         TEST  smape=0.3579  rmse=2833.2894  pocid=54.55  mape=0.2950  | FLOOR smape=0.3579
         laya iter 1 -> median_pool2 conf=0.3498 rank=7
         laya iter 2 -> median_pool2 conf=0.816 rank=7
         laya iter 3 -> median_pool2 conf=0.816 rank=7
         laya iter 4 -> median_pool2 conf=0.816 rank=7
[  30] mean           score= 0.6303 origin=baseline iters=4 stop=no new information in 3 consecutive turns
         TEST  smape=0.1473  rmse=236.1429  pocid=63.64  mape=0.1531  | FLOOR smape=0.1473
         laya iter 1 -> median_pool2 conf=0.8606 rank=5
         laya iter 2 -> median_pool2 conf=0.4354 rank=5
         laya iter 3 -> median_pool2 conf=0.4354 rank=5
         laya iter 4 -> median_pool2 conf=0.4354 rank=5
[  31] mean           score= 0.6660 origin=baseline iters=4 stop=no new information in 3 consecutive turns
         TEST  smape=0.4562  rmse=19.0531  pocid=63.64  mape=0.8270  | FLOOR smape=0.4562
         laya iter 1 -> best_ONLY_FT_catboost conf=0.6913 rank=2
         laya iter 2 -> best_ONLY_FT_catboost conf=0.9843 rank=2
         laya iter 3 -> best_ONLY_FT_catboost conf=0.9843 rank=2
         laya iter 4 -> best_ONLY_FT_catboost conf=0.9843 rank=2
[  32] trimmed_mean   score= 0.6181 origin=baseline iters=4 stop=no new information in 3 consecutive turns
         TEST  smape=1.2541  rmse=333.9222  pocid=27.27  mape=0.7390  | FLOOR smape=1.2541
         laya iter 1 -> median_pool2 conf=0.4225 rank=5
         laya iter 2 -> median_pool2 conf=0.9299 rank=5
         laya iter 3 -> median_pool2 conf=0.9299 rank=5
         laya iter 4 -> median_pool2 conf=0.9299 rank=5
[  33] trimmed_mean   score= 0.5935 origin=baseline iters=4 stop=no new information in 3 consecutive turns
         TEST  smape=0.0600  rmse=62.4945  pocid=54.55  mape=0.0579  | FLOOR smape=0.0600
         laya iter 1 -> best_ONLY_DWT_rf conf=0.5048 rank=5
         laya iter 2 -> best_ONLY_DWT_rf conf=0.9514 rank=5
         laya iter 3 -> best_ONLY_DWT_rf conf=0.9514 rank=5
         laya iter 4 -> best_ONLY_DWT_rf conf=0.9514 rank=5
[  34] dba            score= 0.6433 origin=baseline iters=3 stop=no new information in 3 consecutive turns
         TEST  smape=0.0492  rmse=521.4939  pocid=45.45  mape=0.0492  | FLOOR smape=0.0492
         laya iter 1 -> trimmed_mean_pool2 conf=0.5387 rank=3
         laya iter 2 -> trimmed_mean_pool2 conf=0.5825 rank=3
         laya iter 3 -> trimmed_mean_pool2 conf=0.5825 rank=3
[  35] median         score= 0.6826 origin=baseline iters=4 stop=no new information in 3 consecutive turns
         TEST  smape=0.2042  rmse=95.8023  pocid=45.45  mape=0.2225  | FLOOR smape=0.2042
         laya iter 1 -> median_pool2 conf=0.5942 rank=5
         laya iter 2 -> median_pool2 conf=0.5374 rank=5
         laya iter 3 -> median_pool2 conf=0.5374 rank=5
         laya iter 4 -> median_pool2 conf=0.5374 rank=5
[  36] mean           score= 0.5962 origin=baseline iters=4 stop=no new information in 3 consecutive turns
         TEST  smape=0.1109  rmse=38618.7375  pocid=72.73  mape=0.1194  | FLOOR smape=0.1109
         laya iter 1 -> best_ONLY_FT_rf conf=0.8136 rank=4
         laya iter 2 -> best_ONLY_FT_rf conf=0.9999 rank=4
         laya iter 3 -> best_ONLY_FT_rf conf=0.9999 rank=4
         laya iter 4 -> best_ONLY_FT_rf conf=0.9999 rank=4
[  37] median         score= 0.6394 origin=baseline iters=3 stop=no new information in 3 consecutive turns
         TEST  smape=0.2102  rmse=62.1482  pocid=54.55  mape=0.2148  | FLOOR smape=0.2102
         laya iter 1 -> trimmed_mean_pool2 conf=0.7288 rank=5
         laya iter 2 -> trimmed_mean_pool1 conf=0.3063 rank=6
         laya iter 3 -> trimmed_mean_pool1 conf=0.3063 rank=6
[  38] median         score= 0.5859 origin=agent    iters=5 stop=no new information in 3 consecutive turns
         TEST  smape=0.7540  rmse=5217.0655  pocid=45.45  mape=0.5447  | FLOOR smape=0.7530
         laya iter 1 -> median_pool2 conf=0.3255 rank=3
         laya iter 2 -> median_pool1 conf=0.7449 rank=1
         laya iter 3 -> median_pool1 conf=0.9365 rank=1
         laya iter 4 -> median_pool1 conf=0.9365 rank=1
         laya iter 5 -> median_pool1 conf=0.9365 rank=1
[  39] median         score= 0.6038 origin=baseline iters=4 stop=no new information in 3 consecutive turns
         TEST  smape=0.0388  rmse=4844.3248  pocid=81.82  mape=0.0398  | FLOOR smape=0.0388
         laya iter 1 -> median_pool2 conf=0.4672 rank=6
         laya iter 2 -> median_pool2 conf=0.8478 rank=6
         laya iter 3 -> median_pool2 conf=0.8478 rank=6
         laya iter 4 -> median_pool2 conf=0.8478 rank=6
[  40] mean           score= 0.6667 origin=baseline iters=4 stop=no new information in 3 consecutive turns
         TEST  smape=0.0417  rmse=6931.2255  pocid=72.73  mape=0.0426  | FLOOR smape=0.0417
         laya iter 1 -> median_pool2 conf=0.4737 rank=7
         laya iter 2 -> median_pool2 conf=0.5894 rank=7
         laya iter 3 -> median_pool2 conf=0.5894 rank=7
         laya iter 4 -> median_pool2 conf=0.5894 rank=7
[  41] best_single    score= 0.5789 origin=agent    iters=4 stop=no new information in 3 consecutive turns
         TEST  smape=0.1629  rmse=11402.2176  pocid=63.64  mape=0.1494  | FLOOR smape=0.1736
         laya iter 1 -> best_ONLY_DWT_rf conf=0.3247 rank=1
         laya iter 2 -> best_ONLY_DWT_rf conf=0.7004 rank=1
         laya iter 3 -> best_ONLY_DWT_rf conf=0.7004 rank=1
         laya iter 4 -> best_ONLY_DWT_rf conf=0.7004 rank=1
[  42] mean           score= 0.6848 origin=baseline iters=6 stop=no new information in 3 consecutive turns
         TEST  smape=0.2940  rmse=6.2915  pocid=63.64  mape=0.3538  | FLOOR smape=0.2940
         laya iter 1 -> median_pool2 conf=0.6311 rank=7
         laya iter 2 -> trimmed_mean_pool_full conf=0.3244 rank=3
         laya iter 3 -> median_pool1 conf=0.2671 rank=11
         laya iter 4 -> median_pool1 conf=0.2671 rank=11
         laya iter 5 -> median_pool1 conf=0.2671 rank=11
         laya iter 6 -> median_pool1 conf=0.2671 rank=11
[  43] mean           score= 0.5505 origin=baseline iters=5 stop=no new information in 3 consecutive turns
         TEST  smape=0.0858  rmse=1480.1597  pocid=81.82  mape=0.0838  | FLOOR smape=0.0858
         laya iter 1 -> median_pool_full conf=0.5322 rank=5
         laya iter 2 -> median_pool2 conf=0.7198 rank=5
         laya iter 3 -> median_pool2 conf=0.8003 rank=5
         laya iter 4 -> median_pool2 conf=0.8003 rank=5
         laya iter 5 -> median_pool2 conf=0.8003 rank=5
[  44] mean           score= 0.6848 origin=baseline iters=5 stop=no new information in 3 consecutive turns
         TEST  smape=0.5948  rmse=4998.1034  pocid=72.73  mape=1.2563  | FLOOR smape=0.5948
         laya iter 1 -> median_pool3 conf=0.34 rank=4
         laya iter 2 -> median_pool1 conf=0.2998 rank=10
         laya iter 3 -> median_pool1 conf=0.2998 rank=10
         laya iter 4 -> median_pool1 conf=0.2998 rank=10
         laya iter 5 -> median_pool1 conf=0.2998 rank=10
[  45] best_single    score= 0.5014 origin=agent    iters=4 stop=no new information in 3 consecutive turns
         TEST  smape=0.3127  rmse=5445.2251  pocid=36.36  mape=0.2611  | FLOOR smape=0.2695
         laya iter 1 -> best_ONLY_FT_rf conf=0.9995 rank=1
         laya iter 2 -> best_ONLY_FT_rf conf=1.0 rank=1
         laya iter 3 -> best_ONLY_FT_rf conf=1.0 rank=1
         laya iter 4 -> best_ONLY_FT_rf conf=1.0 rank=1
[  46] best_single    score= 0.6534 origin=agent    iters=4 stop=no new information in 3 consecutive turns
         TEST  smape=0.1406  rmse=15158.2571  pocid=45.45  mape=0.1607  | FLOOR smape=0.1677
         laya iter 1 -> best_ONLY_FT_catboost conf=0.7438 rank=1
         laya iter 2 -> best_ONLY_FT_catboost conf=0.8259 rank=1
         laya iter 3 -> best_ONLY_FT_catboost conf=0.8259 rank=1
         laya iter 4 -> best_ONLY_FT_catboost conf=0.8259 rank=1
[  47] mean           score= 0.5673 origin=baseline iters=3 stop=no new information in 3 consecutive turns
         TEST  smape=0.1329  rmse=402.7202  pocid=90.91  mape=0.1485  | FLOOR smape=0.1329
         laya iter 1 -> trimmed_mean_pool2 conf=0.5685 rank=5
         laya iter 2 -> trimmed_mean_pool2 conf=0.5017 rank=5
         laya iter 3 -> trimmed_mean_pool2 conf=0.5017 rank=5
[  48] best_single    score= 0.5721 origin=agent    iters=4 stop=no new information in 3 consecutive turns
         TEST  smape=0.3075  rmse=367.5940  pocid=45.45  mape=0.2532  | FLOOR smape=0.3216
         laya iter 1 -> best_ONLY_DWT_rf conf=0.9028 rank=1
         laya iter 2 -> best_ONLY_DWT_rf conf=0.5432 rank=1
         laya iter 3 -> best_ONLY_DWT_rf conf=0.5432 rank=1
         laya iter 4 -> best_ONLY_DWT_rf conf=0.5432 rank=1
[  49] dba            score= 0.6288 origin=baseline iters=5 stop=no new information in 3 consecutive turns
         TEST  smape=0.2523  rmse=2299.8628  pocid=27.27  mape=0.2116  | FLOOR smape=0.2523
         laya iter 1 -> median_pool2 conf=0.8098 rank=9
         laya iter 2 -> trimmed_mean_pool_full conf=0.4129 rank=5
         laya iter 3 -> median_pool2 conf=0.3406 rank=10
         laya iter 4 -> median_pool2 conf=0.3406 rank=10
         laya iter 5 -> median_pool2 conf=0.3406 rank=10
[  50] trimmed_mean   score= 0.6647 origin=baseline iters=5 stop=no new information in 3 consecutive turns
         TEST  smape=0.1063  rmse=84.8195  pocid=45.45  mape=0.1037  | FLOOR smape=0.1063
         laya iter 1 -> median_pool2 conf=0.8158 rank=8
         laya iter 2 -> median_pool1 conf=0.4357 rank=8
         laya iter 3 -> median_pool1 conf=0.4357 rank=8
         laya iter 4 -> median_pool1 conf=0.4357 rank=8
         laya iter 5 -> median_pool1 conf=0.4357 rank=8
[  51] dba            score= 0.6584 origin=baseline iters=4 stop=no new information in 3 consecutive turns
         TEST  smape=0.1676  rmse=7.7880  pocid=72.73  mape=0.1846  | FLOOR smape=0.1676
         laya iter 1 -> best_ONLY_FT_rf conf=0.4085 rank=2
         laya iter 2 -> best_ONLY_FT_rf conf=0.9105 rank=2
         laya iter 3 -> best_ONLY_FT_rf conf=0.9105 rank=2
         laya iter 4 -> best_ONLY_FT_rf conf=0.9105 rank=2
[  52] trimmed_mean   score= 0.5589 origin=baseline iters=4 stop=no new information in 3 consecutive turns
         TEST  smape=0.1344  rmse=3056.9489  pocid=63.64  mape=0.1421  | FLOOR smape=0.1344
         laya iter 1 -> best_ONLY_FT_catboost conf=0.9985 rank=2
         laya iter 2 -> best_ONLY_FT_catboost conf=0.9987 rank=2
         laya iter 3 -> best_ONLY_FT_catboost conf=0.9987 rank=2
         laya iter 4 -> best_ONLY_FT_catboost conf=0.9987 rank=2
[  53] mean           score= 0.6485 origin=baseline iters=4 stop=no new information in 3 consecutive turns
         TEST  smape=0.0757  rmse=1762.7107  pocid=63.64  mape=0.0728  | FLOOR smape=0.0757
         laya iter 1 -> median_pool2 conf=0.2997 rank=6
         laya iter 2 -> median_pool2 conf=0.981 rank=6
         laya iter 3 -> median_pool2 conf=0.981 rank=6
         laya iter 4 -> median_pool2 conf=0.981 rank=6
[  54] best_single    score= 0.5629 origin=agent    iters=4 stop=no new information in 3 consecutive turns
         TEST  smape=0.2401  rmse=1510.5177  pocid=63.64  mape=0.2071  | FLOOR smape=0.2612
         laya iter 1 -> best_ONLY_FT_catboost conf=1.0 rank=1
         laya iter 2 -> best_ONLY_FT_catboost conf=1.0 rank=1
         laya iter 3 -> best_ONLY_FT_catboost conf=1.0 rank=1
         laya iter 4 -> best_ONLY_FT_catboost conf=1.0 rank=1
[  55] dba            score= 0.4742 origin=baseline iters=5 stop=no new information in 3 consecutive turns
         TEST  smape=0.1207  rmse=698.3422  pocid=54.55  mape=0.1114  | FLOOR smape=0.1207
         laya iter 1 -> median_pool2 conf=0.5227 rank=10
         laya iter 2 -> trimmed_mean_pool_full conf=0.6643 rank=2
         laya iter 3 -> median_pool2 conf=0.3109 rank=11
         laya iter 4 -> median_pool2 conf=0.3109 rank=11
         laya iter 5 -> median_pool2 conf=0.3109 rank=11
[  56] best_single    score= 0.5531 origin=agent    iters=4 stop=no new information in 3 consecutive turns
         TEST  smape=0.1575  rmse=366.8919  pocid=54.55  mape=0.1755  | FLOOR smape=0.1550
         laya iter 1 -> best_ONLY_DWT_catboost conf=0.5082 rank=1
         laya iter 2 -> best_ONLY_DWT_catboost conf=0.9554 rank=1
         laya iter 3 -> best_ONLY_DWT_catboost conf=0.9554 rank=1
         laya iter 4 -> best_ONLY_DWT_catboost conf=0.9554 rank=1
[  57] median         score= 0.6718 origin=baseline iters=4 stop=no new information in 3 consecutive turns
         TEST  smape=0.3214  rmse=5702.7860  pocid=63.64  mape=0.3040  | FLOOR smape=0.3214
         laya iter 1 -> median_pool2 conf=0.6492 rank=6
         laya iter 2 -> median_pool2 conf=0.9978 rank=6
         laya iter 3 -> median_pool2 conf=0.9978 rank=6
         laya iter 4 -> median_pool2 conf=0.9978 rank=6
[  58] best_single    score= 0.6859 origin=agent    iters=4 stop=no new information in 3 consecutive turns
         TEST  smape=0.1706  rmse=84.1707  pocid=72.73  mape=0.1633  | FLOOR smape=0.1508
         laya iter 1 -> best_ONLY_CWT_catboost conf=0.7228 rank=1
         laya iter 2 -> best_ONLY_CWT_catboost conf=0.3973 rank=1
         laya iter 3 -> best_ONLY_CWT_catboost conf=0.3973 rank=1
         laya iter 4 -> best_ONLY_CWT_catboost conf=0.3973 rank=1
[  59] median         score= 0.6748 origin=baseline iters=5 stop=no new information in 3 consecutive turns
         TEST  smape=0.2581  rmse=2066.5892  pocid=54.55  mape=0.2248  | FLOOR smape=0.2581
         laya iter 1 -> trimmed_mean_pool2 conf=0.2822 rank=8
         laya iter 2 -> trimmed_mean_pool_full conf=0.4772 rank=2
         laya iter 3 -> trimmed_mean_pool1 conf=0.3117 rank=7
         laya iter 4 -> trimmed_mean_pool1 conf=0.3117 rank=7
         laya iter 5 -> trimmed_mean_pool1 conf=0.3117 rank=7
[  60] median         score= 0.6457 origin=agent    iters=4 stop=no new information in 3 consecutive turns
         TEST  smape=0.0310  rmse=4599.5092  pocid=72.73  mape=0.0312  | FLOOR smape=0.0323
         laya iter 1 -> median_pool3 conf=0.3589 rank=1
         laya iter 2 -> trimmed_mean_pool2 conf=0.3079 rank=9
         laya iter 3 -> trimmed_mean_pool2 conf=0.3079 rank=9
         laya iter 4 -> trimmed_mean_pool2 conf=0.3079 rank=9
[  61] best_single    score= 0.5823 origin=agent    iters=5 stop=no new information in 3 consecutive turns
         TEST  smape=0.2666  rmse=6281.7458  pocid=63.64  mape=0.2328  | FLOOR smape=0.3027
         laya iter 1 -> best_ONLY_CWT_rf conf=0.4881 rank=1
         laya iter 2 -> median_pool1 conf=0.5947 rank=3
         laya iter 3 -> best_ONLY_CWT_rf conf=0.2849 rank=1
         laya iter 4 -> best_ONLY_CWT_rf conf=0.2849 rank=1
         laya iter 5 -> best_ONLY_CWT_rf conf=0.2849 rank=1
[  62] dba            score= 0.6710 origin=baseline iters=4 stop=no new information in 3 consecutive turns
         TEST  smape=0.1001  rmse=14267.5998  pocid=36.36  mape=0.1067  | FLOOR smape=0.1001
         laya iter 1 -> best_ONLY_DWT_catboost conf=0.9883 rank=4
         laya iter 2 -> best_ONLY_DWT_catboost conf=0.994 rank=4
         laya iter 3 -> best_ONLY_DWT_catboost conf=0.994 rank=4
         laya iter 4 -> best_ONLY_DWT_catboost conf=0.994 rank=4
[  63] trimmed_mean   score= 0.5225 origin=baseline iters=4 stop=no new information in 3 consecutive turns
         TEST  smape=0.2984  rmse=4232.1421  pocid=36.36  mape=0.2577  | FLOOR smape=0.2984
         laya iter 1 -> best_NaiveMovingAverage conf=0.814 rank=3
         laya iter 2 -> best_NaiveMovingAverage conf=0.3269 rank=3
         laya iter 3 -> best_NaiveMovingAverage conf=0.3269 rank=3
         laya iter 4 -> best_NaiveMovingAverage conf=0.3269 rank=3
[  64] best_single    score= 0.6147 origin=agent    iters=4 stop=no new information in 3 consecutive turns
         TEST  smape=0.4975  rmse=29.4514  pocid=90.91  mape=0.6124  | FLOOR smape=0.4520
         laya iter 1 -> best_ONLY_DWT_rf conf=0.3185 rank=1
         laya iter 2 -> best_ONLY_DWT_rf conf=0.289 rank=1
         laya iter 3 -> best_ONLY_DWT_rf conf=0.289 rank=1
         laya iter 4 -> best_ONLY_DWT_rf conf=0.289 rank=1
[  65] trimmed_mean   score= 0.5831 origin=baseline iters=4 stop=no new information in 3 consecutive turns
         TEST  smape=0.1016  rmse=9227.9017  pocid=72.73  mape=0.1087  | FLOOR smape=0.1016
         laya iter 1 -> median_pool2 conf=0.6328 rank=4
         laya iter 2 -> median_pool2 conf=0.7847 rank=4
         laya iter 3 -> median_pool2 conf=0.7847 rank=4
         laya iter 4 -> median_pool2 conf=0.7847 rank=4
[  66] mean           score= 0.6848 origin=baseline iters=4 stop=no new information in 3 consecutive turns
         TEST  smape=0.4457  rmse=25360.2696  pocid=45.45  mape=0.7596  | FLOOR smape=0.4457
         laya iter 1 -> median_pool2 conf=0.5818 rank=5
         laya iter 2 -> median_pool2 conf=0.8001 rank=5
         laya iter 3 -> median_pool2 conf=0.8001 rank=5
         laya iter 4 -> median_pool2 conf=0.8001 rank=5
[  67] dba            score= 0.6648 origin=baseline iters=5 stop=no new information in 3 consecutive turns
         TEST  smape=0.0473  rmse=932.8979  pocid=54.55  mape=0.0487  | FLOOR smape=0.0473
         laya iter 1 -> median_pool2 conf=0.5792 rank=7
         laya iter 2 -> trimmed_mean_pool_full conf=0.2861 rank=2
         laya iter 3 -> trimmed_mean_pool2 conf=0.219 rank=9
         laya iter 4 -> trimmed_mean_pool2 conf=0.219 rank=9
         laya iter 5 -> trimmed_mean_pool2 conf=0.219 rank=9
[  68] mean           score= 0.6545 origin=baseline iters=4 stop=no new information in 3 consecutive turns
         TEST  smape=0.1450  rmse=9765.7560  pocid=72.73  mape=0.1580  | FLOOR smape=0.1450
         laya iter 1 -> best_ONLY_FT_rf conf=0.913 rank=6
         laya iter 2 -> best_ONLY_FT_rf conf=0.9788 rank=6
         laya iter 3 -> best_ONLY_FT_rf conf=0.9788 rank=6
         laya iter 4 -> best_ONLY_FT_rf conf=0.9788 rank=6
[  69] best_single    score= 0.5607 origin=agent    iters=4 stop=no new information in 3 consecutive turns
         TEST  smape=0.9291  rmse=1635.2867  pocid=81.82  mape=1.2997  | FLOOR smape=0.9523
         laya iter 1 -> best_ONLY_FT_rf conf=1.0 rank=1
         laya iter 2 -> best_ONLY_FT_rf conf=0.9578 rank=1
         laya iter 3 -> best_ONLY_FT_rf conf=0.9578 rank=1
         laya iter 4 -> best_ONLY_FT_rf conf=0.9578 rank=1
[  70] best_single    score= 0.6641 origin=agent    iters=6 stop=no new information in 3 consecutive turns
         TEST  smape=0.1232  rmse=5523.7034  pocid=63.64  mape=0.1167  | FLOOR smape=0.1397
         laya iter 1 -> best_ONLY_DWT_rf conf=0.2785 rank=1
         laya iter 2 -> median_pool1 conf=0.323 rank=6
         laya iter 3 -> median_pool2 conf=0.5706 rank=2
         laya iter 4 -> median_pool2 conf=0.7272 rank=2
         laya iter 5 -> median_pool2 conf=0.7272 rank=2
         laya iter 6 -> median_pool2 conf=0.7272 rank=2
[  71] trimmed_mean   score= 0.6224 origin=baseline iters=5 stop=no new information in 3 consecutive turns
         TEST  smape=0.2199  rmse=6568.6229  pocid=45.45  mape=0.1854  | FLOOR smape=0.2199
         laya iter 1 -> best_DWT_rf conf=0.73 rank=3
         laya iter 2 -> median_pool2 conf=0.6458 rank=4
         laya iter 3 -> median_pool2 conf=0.9754 rank=4
         laya iter 4 -> median_pool2 conf=0.9754 rank=4
         laya iter 5 -> median_pool2 conf=0.9754 rank=4
[  72] dba            score= 0.6517 origin=baseline iters=4 stop=no new information in 3 consecutive turns
         TEST  smape=0.0342  rmse=11665.6296  pocid=36.36  mape=0.0342  | FLOOR smape=0.0342
         laya iter 1 -> best_ONLY_FT_rf conf=0.9565 rank=3
         laya iter 2 -> best_ONLY_FT_rf conf=0.9998 rank=3
         laya iter 3 -> best_ONLY_FT_rf conf=0.9998 rank=3
         laya iter 4 -> best_ONLY_FT_rf conf=0.9998 rank=3
[  73] mean           score= 0.6353 origin=baseline iters=5 stop=no new information in 3 consecutive turns
         TEST  smape=0.0870  rmse=38650.9362  pocid=81.82  mape=0.0926  | FLOOR smape=0.0870
         laya iter 1 -> median_pool2 conf=0.6973 rank=9
         laya iter 2 -> trimmed_mean_pool_full conf=0.3981 rank=8
         laya iter 3 -> trimmed_mean_pool_full conf=0.3981 rank=8
         laya iter 4 -> trimmed_mean_pool_full conf=0.3981 rank=8
         laya iter 5 -> trimmed_mean_pool_full conf=0.3981 rank=8
[  74] median         score= 0.6686 origin=baseline iters=4 stop=no new information in 3 consecutive turns
         TEST  smape=0.1027  rmse=5827.0449  pocid=63.64  mape=0.1091  | FLOOR smape=0.1027
         laya iter 1 -> median_pool2 conf=0.5819 rank=3
         laya iter 2 -> median_pool2 conf=0.7207 rank=3
         laya iter 3 -> median_pool2 conf=0.7207 rank=3
         laya iter 4 -> median_pool2 conf=0.7207 rank=3
[  75] median         score= 0.6521 origin=baseline iters=5 stop=no new information in 3 consecutive turns
         TEST  smape=0.0775  rmse=1180.3603  pocid=63.64  mape=0.0763  | FLOOR smape=0.0775
         laya iter 1 -> median_pool2 conf=0.6235 rank=10
         laya iter 2 -> best_ONLY_DWT_rf conf=0.6606 rank=4
         laya iter 3 -> best_ONLY_DWT_rf conf=0.635 rank=4
         laya iter 4 -> best_ONLY_DWT_rf conf=0.635 rank=4
         laya iter 5 -> best_ONLY_DWT_rf conf=0.635 rank=4
[  76] trimmed_mean   score= 0.5776 origin=baseline iters=5 stop=no new information in 3 consecutive turns
         TEST  smape=0.0412  rmse=10589.9400  pocid=45.45  mape=0.0413  | FLOOR smape=0.0412
         laya iter 1 -> trimmed_mean_pool2 conf=0.1996 rank=2
         laya iter 2 -> median_pool2 conf=0.2458 rank=8
         laya iter 3 -> median_pool2 conf=0.2458 rank=8
         laya iter 4 -> median_pool2 conf=0.2458 rank=8
         laya iter 5 -> median_pool2 conf=0.2458 rank=8
[  77] median         score= 0.5925 origin=baseline iters=6 stop=no new information in 3 consecutive turns
         TEST  smape=1.1166  rmse=879.5491  pocid=81.82  mape=6.3226  | FLOOR smape=1.1166
         laya iter 1 -> median_pool3 conf=0.3044 rank=2
         laya iter 2 -> median_pool2 conf=0.7836 rank=3
         laya iter 3 -> trimmed_mean_pool_full conf=0.3497 rank=2
         laya iter 4 -> trimmed_mean_pool_full conf=0.332 rank=2
         laya iter 5 -> trimmed_mean_pool_full conf=0.332 rank=2
         laya iter 6 -> trimmed_mean_pool_full conf=0.332 rank=2
[  78] median         score= 0.6721 origin=baseline iters=3 stop=no new information in 3 consecutive turns
         TEST  smape=0.3944  rmse=25.4188  pocid=63.64  mape=0.6090  | FLOOR smape=0.3944
         laya iter 1 -> median_pool_full conf=0.4563 rank=1
         laya iter 2 -> median_pool_full conf=0.4814 rank=1
         laya iter 3 -> median_pool_full conf=0.4814 rank=1
[  79] best_single    score= 0.5992 origin=agent    iters=4 stop=no new information in 3 consecutive turns
         TEST  smape=0.1153  rmse=35017.2267  pocid=63.64  mape=0.1240  | FLOOR smape=0.0659
         laya iter 1 -> best_ONLY_DWT_rf conf=0.9178 rank=1
         laya iter 2 -> best_ONLY_DWT_rf conf=0.9623 rank=1
         laya iter 3 -> best_ONLY_DWT_rf conf=0.9623 rank=1
         laya iter 4 -> best_ONLY_DWT_rf conf=0.9623 rank=1
[  80] median         score= 0.5319 origin=agent    iters=5 stop=no new information in 3 consecutive turns
         TEST  smape=0.2546  rmse=20824.7220  pocid=81.82  mape=0.2254  | FLOOR smape=0.2088
         laya iter 1 -> median_pool2 conf=0.5104 rank=10
         laya iter 2 -> median_pool1 conf=0.2896 rank=1
         laya iter 3 -> median_pool2 conf=0.454 rank=11
         laya iter 4 -> median_pool2 conf=0.454 rank=11
         laya iter 5 -> median_pool2 conf=0.454 rank=11
[  81] trimmed_mean   score= 0.6633 origin=baseline iters=4 stop=no new information in 3 consecutive turns
         TEST  smape=0.2884  rmse=1310.7573  pocid=63.64  mape=0.3383  | FLOOR smape=0.2884
         laya iter 1 -> trimmed_mean_pool_full conf=0.2671 rank=7
         laya iter 2 -> trimmed_mean_pool_full conf=0.3712 rank=7
         laya iter 3 -> trimmed_mean_pool_full conf=0.3712 rank=7
         laya iter 4 -> trimmed_mean_pool_full conf=0.3712 rank=7
[  82] best_single    score= 0.6250 origin=agent    iters=4 stop=no new information in 3 consecutive turns
         TEST  smape=0.5854  rmse=26.4483  pocid=27.27  mape=0.8273  | FLOOR smape=0.4143
         laya iter 1 -> best_ONLY_FT_catboost conf=0.7603 rank=1
         laya iter 2 -> best_ONLY_FT_catboost conf=0.9128 rank=1
         laya iter 3 -> best_ONLY_FT_catboost conf=0.9128 rank=1
         laya iter 4 -> best_ONLY_FT_catboost conf=0.9128 rank=1
[  83] dba            score= 0.6201 origin=baseline iters=5 stop=no new information in 3 consecutive turns
         TEST  smape=0.0401  rmse=3073.0864  pocid=72.73  mape=0.0412  | FLOOR smape=0.0401
         laya iter 1 -> median_pool3 conf=0.3564 rank=6
         laya iter 2 -> median_pool2 conf=0.8334 rank=9
         laya iter 3 -> median_pool2 conf=0.8334 rank=9
         laya iter 4 -> median_pool2 conf=0.8334 rank=9
         laya iter 5 -> median_pool2 conf=0.8334 rank=9
[  84] mean           score= 0.6698 origin=baseline iters=5 stop=no new information in 3 consecutive turns
         TEST  smape=0.0389  rmse=1760.3868  pocid=72.73  mape=0.0400  | FLOOR smape=0.0389
         laya iter 1 -> trimmed_mean_pool2 conf=0.2927 rank=4
         laya iter 2 -> trimmed_mean_pool_full conf=0.5709 rank=8
         laya iter 3 -> trimmed_mean_pool_full conf=0.5709 rank=8
         laya iter 4 -> trimmed_mean_pool_full conf=0.5709 rank=8
         laya iter 5 -> trimmed_mean_pool_full conf=0.5709 rank=8
[  85] best_single    score= 0.6898 origin=agent    iters=5 stop=no new information in 3 consecutive turns
         TEST  smape=1.3897  rmse=50.9118  pocid=72.73  mape=68487844237277352.0000  | FLOOR smape=1.3540
         laya iter 1 -> best_ONLY_DWT_rf conf=0.5721 rank=1
         laya iter 2 -> trimmed_mean_pool_full conf=0.5834 rank=2
         laya iter 3 -> best_ONLY_DWT_rf conf=0.6968 rank=1
         laya iter 4 -> best_ONLY_DWT_rf conf=0.6968 rank=1
         laya iter 5 -> best_ONLY_DWT_rf conf=0.6968 rank=1
[  86] median         score= 0.7106 origin=baseline iters=4 stop=no new information in 3 consecutive turns
         TEST  smape=0.6998  rmse=2408.6065  pocid=54.55  mape=0.5351  | FLOOR smape=0.6998
         laya iter 1 -> best_ONLY_CWT_rf conf=0.3272 rank=10
         laya iter 2 -> best_ONLY_CWT_rf conf=0.2971 rank=10
         laya iter 3 -> best_ONLY_CWT_rf conf=0.2971 rank=10
         laya iter 4 -> best_ONLY_CWT_rf conf=0.2971 rank=10
[  87] mean           score= 0.6545 origin=baseline iters=4 stop=no new information in 3 consecutive turns
         TEST  smape=0.0439  rmse=7446.9473  pocid=90.91  mape=0.0442  | FLOOR smape=0.0439
         laya iter 1 -> best_ONLY_CWT_catboost conf=0.7434 rank=2
         laya iter 2 -> best_ONLY_CWT_catboost conf=0.9737 rank=2
         laya iter 3 -> best_ONLY_CWT_catboost conf=0.9737 rank=2
         laya iter 4 -> best_ONLY_CWT_catboost conf=0.9737 rank=2
[  88] best_single    score= 0.6069 origin=agent    iters=4 stop=no new information in 3 consecutive turns
         TEST  smape=0.2498  rmse=4473.5147  pocid=36.36  mape=0.2188  | FLOOR smape=0.2286
         laya iter 1 -> best_ONLY_FT_catboost conf=0.4306 rank=1
         laya iter 2 -> best_ONLY_FT_catboost conf=0.568 rank=1
         laya iter 3 -> best_ONLY_FT_catboost conf=0.568 rank=1
         laya iter 4 -> best_ONLY_FT_catboost conf=0.568 rank=1
[  89] best_single    score= 0.6024 origin=agent    iters=4 stop=no new information in 3 consecutive turns
         TEST  smape=0.3604  rmse=4399.5600  pocid=27.27  mape=0.5619  | FLOOR smape=0.3305
         laya iter 1 -> best_ONLY_FT_catboost conf=0.2411 rank=1
         laya iter 2 -> best_ONLY_FT_catboost conf=0.8808 rank=1
         laya iter 3 -> best_ONLY_FT_catboost conf=0.8808 rank=1
         laya iter 4 -> best_ONLY_FT_catboost conf=0.8808 rank=1
[  90] best_single    score= 0.6474 origin=agent    iters=5 stop=no new information in 3 consecutive turns
         TEST  smape=0.9482  rmse=835.9272  pocid=45.45  mape=0.6118  | FLOOR smape=0.9555
         laya iter 1 -> trimmed_mean_pool_full conf=0.3146 rank=2
         laya iter 2 -> best_DWT_rf conf=0.2753 rank=1
         laya iter 3 -> best_DWT_rf conf=0.5169 rank=1
         laya iter 4 -> best_DWT_rf conf=0.5169 rank=1
         laya iter 5 -> best_DWT_rf conf=0.5169 rank=1
[  91] dba            score= 0.6106 origin=baseline iters=4 stop=no new information in 3 consecutive turns
         TEST  smape=0.0423  rmse=848.1501  pocid=63.64  mape=0.0436  | FLOOR smape=0.0423
         laya iter 1 -> median_pool2 conf=0.5085 rank=10
         laya iter 2 -> median_pool_full conf=0.4457 rank=6
         laya iter 3 -> median_pool_full conf=0.4457 rank=6
         laya iter 4 -> median_pool_full conf=0.4457 rank=6
[  92] trimmed_mean   score= 0.5782 origin=baseline iters=5 stop=no new information in 3 consecutive turns
         TEST  smape=0.6326  rmse=19.1993  pocid=27.27  mape=10536583395089180.0000  | FLOOR smape=0.6326
         laya iter 1 -> trimmed_mean_pool2 conf=0.3238 rank=4
         laya iter 2 -> trimmed_mean_pool_full conf=0.2616 rank=8
         laya iter 3 -> trimmed_mean_pool_full conf=0.2616 rank=8
         laya iter 4 -> trimmed_mean_pool_full conf=0.2616 rank=8
         laya iter 5 -> trimmed_mean_pool_full conf=0.2616 rank=8
[  93] best_single    score= 0.6392 origin=agent    iters=5 stop=no new information in 3 consecutive turns
         TEST  smape=0.4517  rmse=44.4098  pocid=36.36  mape=0.3891  | FLOOR smape=0.5194
         laya iter 1 -> trimmed_mean_pool2 conf=0.3673 rank=5
         laya iter 2 -> best_ONLY_FT_catboost conf=0.2422 rank=1
         laya iter 3 -> best_ONLY_FT_catboost conf=0.7391 rank=1
         laya iter 4 -> best_ONLY_FT_catboost conf=0.7391 rank=1
         laya iter 5 -> best_ONLY_FT_catboost conf=0.7391 rank=1
[  94] mean           score= 0.6606 origin=baseline iters=5 stop=no new information in 3 consecutive turns
         TEST  smape=0.0383  rmse=4309.6067  pocid=81.82  mape=0.0386  | FLOOR smape=0.0383
         laya iter 1 -> median_pool2 conf=0.79 rank=8
         laya iter 2 -> trimmed_mean_pool_full conf=0.4394 rank=3
         laya iter 3 -> median_pool2 conf=0.6216 rank=9
         laya iter 4 -> median_pool2 conf=0.6216 rank=9
         laya iter 5 -> median_pool2 conf=0.6216 rank=9
[  95] mean           score= 0.6295 origin=baseline iters=4 stop=no new information in 3 consecutive turns
         TEST  smape=0.0354  rmse=1670.1153  pocid=81.82  mape=0.0360  | FLOOR smape=0.0354
         laya iter 1 -> best_ONLY_CWT_catboost conf=0.4692 rank=2
         laya iter 2 -> best_ONLY_CWT_catboost conf=0.696 rank=2
         laya iter 3 -> best_ONLY_CWT_catboost conf=0.696 rank=2
         laya iter 4 -> best_ONLY_CWT_catboost conf=0.696 rank=2
[  96] trimmed_mean   score= 0.5165 origin=baseline iters=4 stop=no new information in 3 consecutive turns
         TEST  smape=0.0448  rmse=2868.2214  pocid=63.64  mape=0.0463  | FLOOR smape=0.0448
         laya iter 1 -> median_pool2 conf=0.2988 rank=5
         laya iter 2 -> median_pool2 conf=0.999 rank=5
         laya iter 3 -> median_pool2 conf=0.999 rank=5
         laya iter 4 -> median_pool2 conf=0.999 rank=5
[  97] best_single    score= 0.6302 origin=agent    iters=4 stop=no new information in 3 consecutive turns
         TEST  smape=0.0465  rmse=772.1379  pocid=81.82  mape=0.0485  | FLOOR smape=0.0405
         laya iter 1 -> best_ONLY_DWT_catboost conf=0.8031 rank=1
         laya iter 2 -> best_ONLY_DWT_catboost conf=0.93 rank=1
         laya iter 3 -> best_ONLY_DWT_catboost conf=0.93 rank=1
         laya iter 4 -> best_ONLY_DWT_catboost conf=0.93 rank=1
[  98] mean           score= 0.6930 origin=baseline iters=3 stop=no new information in 3 consecutive turns
         TEST  smape=0.2995  rmse=21.8692  pocid=54.55  mape=0.3883  | FLOOR smape=0.2995
         laya iter 1 -> trimmed_mean_pool2 conf=0.3632 rank=8
         laya iter 2 -> trimmed_mean_pool1 conf=0.2468 rank=3
         laya iter 3 -> trimmed_mean_pool1 conf=0.2468 rank=3
[  99] dba            score= 0.6373 origin=baseline iters=4 stop=no new information in 3 consecutive turns
         TEST  smape=0.0572  rmse=23571.2345  pocid=63.64  mape=0.0586  | FLOOR smape=0.0572
         laya iter 1 -> best_ONLY_FT_rf conf=0.5556 rank=4
         laya iter 2 -> best_ONLY_FT_rf conf=0.8583 rank=4
         laya iter 3 -> best_ONLY_FT_rf conf=0.8583 rank=4
         laya iter 4 -> best_ONLY_FT_rf conf=0.8583 rank=4
[ 100] best_single    score= 0.6453 origin=agent    iters=4 stop=no new information in 3 consecutive turns
         TEST  smape=0.1429  rmse=2013.2417  pocid=45.45  mape=0.1460  | FLOOR smape=0.1284
         laya iter 1 -> best_FT_catboost conf=0.2783 rank=1
         laya iter 2 -> best_FT_catboost conf=0.9306 rank=1
         laya iter 3 -> best_FT_catboost conf=0.9306 rank=1
         laya iter 4 -> best_FT_catboost conf=0.9306 rank=1
[ 101] median         score= 0.4953 origin=agent    iters=4 stop=no new information in 3 consecutive turns
         TEST  smape=0.4428  rmse=1796.1895  pocid=45.45  mape=0.3574  | FLOOR smape=0.4370
         laya iter 1 -> median_pool2 conf=0.4978 rank=1
         laya iter 2 -> median_pool2 conf=0.6161 rank=1
         laya iter 3 -> median_pool2 conf=0.6161 rank=1
         laya iter 4 -> median_pool2 conf=0.6161 rank=1
[ 102] trimmed_mean   score= 0.6375 origin=baseline iters=5 stop=no new information in 3 consecutive turns
         TEST  smape=0.4447  rmse=10689.2647  pocid=45.45  mape=0.3467  | FLOOR smape=0.4447
         laya iter 1 -> best_DWT_rf conf=0.4045 rank=4
         laya iter 2 -> trimmed_mean_pool_full conf=0.333 rank=9
         laya iter 3 -> trimmed_mean_pool_full conf=0.333 rank=9
         laya iter 4 -> trimmed_mean_pool_full conf=0.333 rank=9
         laya iter 5 -> trimmed_mean_pool_full conf=0.333 rank=9
[ 103] best_single    score= 0.5378 origin=agent    iters=5 stop=no new information in 3 consecutive turns
         TEST  smape=0.0282  rmse=8410.9579  pocid=72.73  mape=0.0282  | FLOOR smape=0.0321
         laya iter 1 -> best_FT_rf conf=0.5494 rank=1
         laya iter 2 -> best_DWT_rf conf=0.3251 rank=11
         laya iter 3 -> best_DWT_rf conf=0.3251 rank=11
         laya iter 4 -> best_DWT_rf conf=0.3251 rank=11
         laya iter 5 -> best_DWT_rf conf=0.3251 rank=11
[ 104] best_single    score= 0.4175 origin=agent    iters=4 stop=no new information in 3 consecutive turns
         TEST  smape=0.6327  rmse=6.1996  pocid=45.45  mape=13123752557061846.0000  | FLOOR smape=0.6929
         laya iter 1 -> best_ONLY_FT_rf conf=0.9541 rank=1
         laya iter 2 -> best_ONLY_FT_rf conf=0.8331 rank=1
         laya iter 3 -> best_ONLY_FT_rf conf=0.8331 rank=1
         laya iter 4 -> best_ONLY_FT_rf conf=0.8331 rank=1
[ 105] median         score= 0.6548 origin=agent    iters=4 stop=no new information in 3 consecutive turns
         TEST  smape=0.0373  rmse=324.1819  pocid=63.64  mape=0.0370  | FLOOR smape=0.0380
         laya iter 1 -> median_pool2 conf=0.3411 rank=1
         laya iter 2 -> median_pool2 conf=0.5769 rank=1
         laya iter 3 -> median_pool2 conf=0.5769 rank=1
         laya iter 4 -> median_pool2 conf=0.5769 rank=1
[ 106] mean           score= 0.6230 origin=baseline iters=4 stop=no new information in 3 consecutive turns
         TEST  smape=0.0383  rmse=132.5842  pocid=72.73  mape=0.0373  | FLOOR smape=0.0383
         laya iter 1 -> median_pool2 conf=0.4839 rank=7
         laya iter 2 -> median_pool2 conf=0.2919 rank=7
         laya iter 3 -> median_pool2 conf=0.2919 rank=7
         laya iter 4 -> median_pool2 conf=0.2919 rank=7
[ 107] median         score= 0.6080 origin=baseline iters=4 stop=no new information in 3 consecutive turns
         TEST  smape=0.0479  rmse=1263.4323  pocid=63.64  mape=0.0469  | FLOOR smape=0.0479
         laya iter 1 -> median_pool2 conf=0.8948 rank=6
         laya iter 2 -> median_pool2 conf=0.4887 rank=6
         laya iter 3 -> median_pool2 conf=0.4887 rank=6
         laya iter 4 -> median_pool2 conf=0.4887 rank=6
[ 108] best_single    score= 0.5179 origin=agent    iters=4 stop=no new information in 3 consecutive turns
         TEST  smape=0.0325  rmse=1460.3561  pocid=81.82  mape=0.0318  | FLOOR smape=0.0252
         laya iter 1 -> best_ONLY_CWT_catboost conf=0.3792 rank=1
         laya iter 2 -> best_ONLY_CWT_catboost conf=0.5028 rank=1
         laya iter 3 -> best_ONLY_CWT_catboost conf=0.5028 rank=1
         laya iter 4 -> best_ONLY_CWT_catboost conf=0.5028 rank=1
[ 109] trimmed_mean   score= 0.6086 origin=baseline iters=4 stop=no new information in 3 consecutive turns
         TEST  smape=0.0301  rmse=2719.2044  pocid=72.73  mape=0.0304  | FLOOR smape=0.0301
         laya iter 1 -> median_pool2 conf=0.5617 rank=10
         laya iter 2 -> median_pool2 conf=0.6313 rank=10
         laya iter 3 -> median_pool2 conf=0.6313 rank=10
         laya iter 4 -> median_pool2 conf=0.6313 rank=10
[ 110] median         score= 0.6703 origin=baseline iters=3 stop=no new information in 3 consecutive turns
         TEST  smape=0.0561  rmse=13845.2719  pocid=54.55  mape=0.0542  | FLOOR smape=0.0561
         laya iter 1 -> median_pool_full conf=0.3249 rank=1
         laya iter 2 -> median_pool_full conf=0.2879 rank=1
         laya iter 3 -> median_pool_full conf=0.2879 rank=1
[ 111] trimmed_mean   score= 0.6878 origin=baseline iters=4 stop=no new information in 3 consecutive turns
         TEST  smape=0.2334  rmse=30.9027  pocid=45.45  mape=0.2570  | FLOOR smape=0.2334
         laya iter 1 -> median_pool2 conf=0.8935 rank=7
         laya iter 2 -> median_pool_full conf=0.4996 rank=5
         laya iter 3 -> median_pool_full conf=0.4996 rank=5
         laya iter 4 -> median_pool_full conf=0.4996 rank=5
[ 112] median         score= 0.6222 origin=baseline iters=4 stop=no new information in 3 consecutive turns
         TEST  smape=0.0412  rmse=55656.8059  pocid=90.91  mape=0.0415  | FLOOR smape=0.0412
         laya iter 1 -> median_pool2 conf=0.4512 rank=10
         laya iter 2 -> median_pool2 conf=0.924 rank=10
         laya iter 3 -> median_pool2 conf=0.924 rank=10
         laya iter 4 -> median_pool2 conf=0.924 rank=10
[ 113] mean           score= 0.6586 origin=baseline iters=4 stop=no new information in 3 consecutive turns
         TEST  smape=0.1842  rmse=50.2683  pocid=54.55  mape=0.1987  | FLOOR smape=0.1842
         laya iter 1 -> best_ONLY_FT_catboost conf=0.5257 rank=3
         laya iter 2 -> best_ONLY_FT_catboost conf=0.7237 rank=3
         laya iter 3 -> best_ONLY_FT_catboost conf=0.7237 rank=3
         laya iter 4 -> best_ONLY_FT_catboost conf=0.7237 rank=3
[ 114] median         score= 0.6380 origin=agent    iters=5 stop=no new information in 3 consecutive turns
         TEST  smape=0.0420  rmse=997.4043  pocid=36.36  mape=0.0423  | FLOOR smape=0.0493
         laya iter 1 -> median_pool2 conf=0.422 rank=4
         laya iter 2 -> median_pool1 conf=0.7041 rank=1
         laya iter 3 -> median_pool2 conf=0.4864 rank=5
         laya iter 4 -> median_pool2 conf=0.4864 rank=5
         laya iter 5 -> median_pool2 conf=0.4864 rank=5
[ 115] mean           score= 0.6286 origin=baseline iters=3 stop=no new information in 3 consecutive turns
         TEST  smape=0.5585  rmse=21.5391  pocid=45.45  mape=15702490422335918.0000  | FLOOR smape=0.5585
         laya iter 1 -> trimmed_mean_pool2 conf=0.5507 rank=4
         laya iter 2 -> trimmed_mean_pool1 conf=0.416 rank=2
         laya iter 3 -> trimmed_mean_pool1 conf=0.416 rank=2
[ 116] best_single    score= 0.5394 origin=agent    iters=4 stop=no new information in 3 consecutive turns
         TEST  smape=0.0503  rmse=20932.9586  pocid=63.64  mape=0.0507  | FLOOR smape=0.0569
         laya iter 1 -> best_ONLY_CWT_catboost conf=0.4318 rank=1
         laya iter 2 -> best_ONLY_CWT_catboost conf=0.4119 rank=1
         laya iter 3 -> best_ONLY_CWT_catboost conf=0.4119 rank=1
         laya iter 4 -> best_ONLY_CWT_catboost conf=0.4119 rank=1
[ 117] trimmed_mean   score= 0.5681 origin=baseline iters=5 stop=no new information in 3 consecutive turns
         TEST  smape=0.0371  rmse=590.1713  pocid=72.73  mape=0.0372  | FLOOR smape=0.0371
         laya iter 1 -> trimmed_mean_pool3 conf=0.2289 rank=6
         laya iter 2 -> trimmed_mean_pool_full conf=0.35 rank=9
         laya iter 3 -> trimmed_mean_pool_full conf=0.35 rank=9
         laya iter 4 -> trimmed_mean_pool_full conf=0.35 rank=9
         laya iter 5 -> trimmed_mean_pool_full conf=0.35 rank=9
[ 118] mean           score= 0.6667 origin=baseline iters=6 stop=no new information in 3 consecutive turns
         TEST  smape=0.0440  rmse=13612.0071  pocid=63.64  mape=0.0428  | FLOOR smape=0.0440
         laya iter 1 -> best_FT_rf conf=0.641 rank=4
         laya iter 2 -> trimmed_mean_pool_full conf=0.557 rank=5
         laya iter 3 -> median_pool2 conf=0.2283 rank=4
         laya iter 4 -> best_FT_rf conf=0.5079 rank=5
         laya iter 5 -> best_FT_rf conf=0.5079 rank=5
         laya iter 6 -> best_FT_rf conf=0.5079 rank=5
[ 119] best_single    score= 0.5989 origin=agent    iters=4 stop=no new information in 3 consecutive turns
         TEST  smape=0.2956  rmse=4664.0933  pocid=63.64  mape=0.2374  | FLOOR smape=0.4791
         laya iter 1 -> best_DWT_rf conf=0.6235 rank=1
         laya iter 2 -> best_DWT_rf conf=0.8131 rank=1
         laya iter 3 -> best_DWT_rf conf=0.8131 rank=1
         laya iter 4 -> best_DWT_rf conf=0.8131 rank=1
[ 120] mean           score= 0.5735 origin=baseline iters=4 stop=no new information in 3 consecutive turns
         TEST  smape=0.0351  rmse=11126.2746  pocid=63.64  mape=0.0350  | FLOOR smape=0.0351
         laya iter 1 -> median_pool2 conf=0.8104 rank=7
         laya iter 2 -> median_pool2 conf=0.7638 rank=7
         laya iter 3 -> median_pool2 conf=0.7638 rank=7
         laya iter 4 -> median_pool2 conf=0.7638 rank=7
[ 121] mean           score= 0.5881 origin=baseline iters=5 stop=no new information in 3 consecutive turns
         TEST  smape=0.0688  rmse=2714.2835  pocid=54.55  mape=0.0660  | FLOOR smape=0.0688
         laya iter 1 -> median_pool2 conf=0.2991 rank=7
         laya iter 2 -> median_pool1 conf=0.2451 rank=5
         laya iter 3 -> median_pool2 conf=0.7888 rank=8
         laya iter 4 -> median_pool2 conf=0.7888 rank=8
         laya iter 5 -> median_pool2 conf=0.7888 rank=8
[ 122] trimmed_mean   score= 0.6140 origin=baseline iters=4 stop=no new information in 3 consecutive turns
         TEST  smape=0.0575  rmse=8654.2656  pocid=63.64  mape=0.0550  | FLOOR smape=0.0575
         laya iter 1 -> median_pool2 conf=0.354 rank=5
         laya iter 2 -> median_pool2 conf=0.7788 rank=5
         laya iter 3 -> median_pool2 conf=0.7788 rank=5
         laya iter 4 -> median_pool2 conf=0.7788 rank=5
[ 123] dba            score= 0.6112 origin=baseline iters=5 stop=no new information in 3 consecutive turns
         TEST  smape=0.0373  rmse=546.9746  pocid=90.91  mape=0.0376  | FLOOR smape=0.0373
         laya iter 1 -> best_FT_catboost conf=0.3245 rank=4
         laya iter 2 -> trimmed_mean_pool_full conf=0.4395 rank=5
         laya iter 3 -> trimmed_mean_pool_full conf=0.6304 rank=5
         laya iter 4 -> trimmed_mean_pool_full conf=0.6304 rank=5
         laya iter 5 -> trimmed_mean_pool_full conf=0.6304 rank=5
[ 124] trimmed_mean   score= 0.6517 origin=baseline iters=3 stop=no new information in 3 consecutive turns
         TEST  smape=0.2624  rmse=12.1281  pocid=45.45  mape=0.2906  | FLOOR smape=0.2624
         laya iter 1 -> trimmed_mean_pool2 conf=0.448 rank=6
         laya iter 2 -> trimmed_mean_pool2 conf=0.4118 rank=6
         laya iter 3 -> trimmed_mean_pool2 conf=0.4118 rank=6
[ 125] mean           score= 0.7030 origin=baseline iters=4 stop=no new information in 3 consecutive turns
         TEST  smape=0.2661  rmse=21.4886  pocid=63.64  mape=0.5655  | FLOOR smape=0.2661
         laya iter 1 -> best_ONLY_FT_rf conf=0.4545 rank=3
         laya iter 2 -> best_ONLY_FT_rf conf=0.6034 rank=3
         laya iter 3 -> best_ONLY_FT_rf conf=0.6034 rank=3
         laya iter 4 -> best_ONLY_FT_rf conf=0.6034 rank=3
[ 126] mean           score= 0.7071 origin=baseline iters=4 stop=no new information in 3 consecutive turns
         TEST  smape=0.6310  rmse=7.1168  pocid=63.64  mape=3.6381  | FLOOR smape=0.6310
         laya iter 1 -> median_pool2 conf=0.4058 rank=6
         laya iter 2 -> median_pool2 conf=0.9912 rank=6
         laya iter 3 -> median_pool2 conf=0.9912 rank=6
         laya iter 4 -> median_pool2 conf=0.9912 rank=6
[ 127] trimmed_mean   score= 0.5431 origin=baseline iters=5 stop=no new information in 3 consecutive turns
         TEST  smape=0.0395  rmse=13916.3406  pocid=81.82  mape=0.0400  | FLOOR smape=0.0395
         laya iter 1 -> median_pool2 conf=0.8815 rank=2
         laya iter 2 -> best_ONLY_CWT_rf conf=0.6807 rank=4
         laya iter 3 -> median_pool2 conf=0.6428 rank=2
         laya iter 4 -> median_pool2 conf=0.6428 rank=2
         laya iter 5 -> median_pool2 conf=0.6428 rank=2
[ 128] best_single    score= 0.5897 origin=agent    iters=4 stop=no new information in 3 consecutive turns
         TEST  smape=0.0337  rmse=325.6343  pocid=36.36  mape=0.0338  | FLOOR smape=0.0360
         laya iter 1 -> best_ONLY_CWT_catboost conf=0.4799 rank=1
         laya iter 2 -> best_ONLY_CWT_catboost conf=0.6955 rank=1
         laya iter 3 -> best_ONLY_CWT_catboost conf=0.6955 rank=1
         laya iter 4 -> best_ONLY_CWT_catboost conf=0.6955 rank=1
[ 129] mean           score= 0.4777 origin=baseline iters=4 stop=no new information in 3 consecutive turns
         TEST  smape=0.0366  rmse=3704.4067  pocid=72.73  mape=0.0366  | FLOOR smape=0.0366
         laya iter 1 -> best_DWT_rf conf=0.5701 rank=3
         laya iter 2 -> best_DWT_rf conf=0.3296 rank=3
         laya iter 3 -> best_DWT_rf conf=0.3296 rank=3
         laya iter 4 -> best_DWT_rf conf=0.3296 rank=3
[ 130] mean           score= 0.6133 origin=baseline iters=4 stop=no new information in 3 consecutive turns
         TEST  smape=0.0515  rmse=2145.1450  pocid=90.91  mape=0.0505  | FLOOR smape=0.0515
         laya iter 1 -> median_pool2 conf=0.741 rank=8
         laya iter 2 -> median_pool2 conf=0.3729 rank=8
         laya iter 3 -> median_pool2 conf=0.3729 rank=8
         laya iter 4 -> median_pool2 conf=0.3729 rank=8
[ 131] trimmed_mean   score= 0.5969 origin=baseline iters=4 stop=no new information in 3 consecutive turns
         TEST  smape=0.0832  rmse=4062.1684  pocid=81.82  mape=0.0790  | FLOOR smape=0.0832
         laya iter 1 -> median_pool2 conf=0.4644 rank=8
         laya iter 2 -> median_pool2 conf=0.9621 rank=8
         laya iter 3 -> median_pool2 conf=0.9621 rank=8
         laya iter 4 -> median_pool2 conf=0.9621 rank=8
[ 132] trimmed_mean   score= 0.7038 origin=baseline iters=5 stop=no new information in 3 consecutive turns
         TEST  smape=0.2510  rmse=11.6432  pocid=72.73  mape=0.2702  | FLOOR smape=0.2510
         laya iter 1 -> median_pool2 conf=0.8282 rank=5
         laya iter 2 -> trimmed_mean_pool_full conf=0.4756 rank=6
         laya iter 3 -> median_pool2 conf=0.389 rank=5
         laya iter 4 -> median_pool2 conf=0.389 rank=5
         laya iter 5 -> median_pool2 conf=0.389 rank=5
[ 133] mean           score= 0.6790 origin=baseline iters=5 stop=no new information in 3 consecutive turns
         TEST  smape=0.1799  rmse=55.3531  pocid=27.27  mape=0.1996  | FLOOR smape=0.1799
         laya iter 1 -> trimmed_mean_pool2 conf=0.2917 rank=4
         laya iter 2 -> trimmed_mean_pool_full conf=0.3708 rank=10
         laya iter 3 -> trimmed_mean_pool_full conf=0.3708 rank=10
         laya iter 4 -> trimmed_mean_pool_full conf=0.3708 rank=10
         laya iter 5 -> trimmed_mean_pool_full conf=0.3708 rank=10
[ 134] best_single    score= 0.6199 origin=agent    iters=4 stop=no new information in 3 consecutive turns
         TEST  smape=0.0654  rmse=4271.2548  pocid=72.73  mape=0.0643  | FLOOR smape=0.0679
         laya iter 1 -> best_ONLY_DWT_catboost conf=0.997 rank=1
         laya iter 2 -> best_ONLY_DWT_catboost conf=0.9452 rank=1
         laya iter 3 -> best_ONLY_DWT_catboost conf=0.9452 rank=1
         laya iter 4 -> best_ONLY_DWT_catboost conf=0.9452 rank=1
[ 135] mean           score= 0.6256 origin=baseline iters=4 stop=no new information in 3 consecutive turns
         TEST  smape=0.4553  rmse=13.5158  pocid=18.18  mape=0.7470  | FLOOR smape=0.4553
         laya iter 1 -> median_pool2 conf=0.8885 rank=5
         laya iter 2 -> median_pool2 conf=0.8888 rank=5
         laya iter 3 -> median_pool2 conf=0.8888 rank=5
         laya iter 4 -> median_pool2 conf=0.8888 rank=5
[ 136] median         score= 0.6281 origin=baseline iters=7 stop=no new information in 3 consecutive turns
         TEST  smape=0.0479  rmse=1634.8155  pocid=72.73  mape=0.0463  | FLOOR smape=0.0479
         laya iter 1 -> trimmed_mean_pool2 conf=0.5198 rank=6
         laya iter 2 -> median_pool2 conf=0.3602 rank=3
         laya iter 3 -> trimmed_mean_pool_full conf=0.2675 rank=2
         laya iter 4 -> best_FT_catboost conf=0.308 rank=7
         laya iter 5 -> best_FT_catboost conf=0.308 rank=7
         laya iter 6 -> best_FT_catboost conf=0.308 rank=7
         laya iter 7 -> best_FT_catboost conf=0.308 rank=7
[ 137] best_single    score= 0.5880 origin=agent    iters=4 stop=no new information in 3 consecutive turns
         TEST  smape=0.1746  rmse=15790.7302  pocid=54.55  mape=0.1592  | FLOOR smape=0.0661
         laya iter 1 -> best_ONLY_FT_rf conf=0.5395 rank=1
         laya iter 2 -> best_ONLY_FT_rf conf=0.6958 rank=1
         laya iter 3 -> best_ONLY_FT_rf conf=0.6958 rank=1
         laya iter 4 -> best_ONLY_FT_rf conf=0.6958 rank=1
[ 138] best_single    score= 0.6413 origin=agent    iters=5 stop=no new information in 3 consecutive turns
         TEST  smape=0.6783  rmse=1332.5674  pocid=54.55  mape=0.5008  | FLOOR smape=0.5755
         laya iter 1 -> best_ONLY_CWT_rf conf=0.3133 rank=1
         laya iter 2 -> trimmed_mean_pool_full conf=0.3057 rank=3
         laya iter 3 -> trimmed_mean_pool_full conf=0.4145 rank=3
         laya iter 4 -> trimmed_mean_pool_full conf=0.4145 rank=3
         laya iter 5 -> trimmed_mean_pool_full conf=0.4145 rank=3
[ 139] mean           score= 0.5701 origin=baseline iters=5 stop=no new information in 3 consecutive turns
         TEST  smape=0.0340  rmse=98.8840  pocid=72.73  mape=0.0336  | FLOOR smape=0.0340
         laya iter 1 -> trimmed_mean_pool2 conf=0.2908 rank=4
         laya iter 2 -> trimmed_mean_pool_full conf=0.2008 rank=9
         laya iter 3 -> trimmed_mean_pool_full conf=0.2008 rank=9
         laya iter 4 -> trimmed_mean_pool_full conf=0.2008 rank=9
         laya iter 5 -> trimmed_mean_pool_full conf=0.2008 rank=9
[ 140] best_single    score= 0.4850 origin=agent    iters=5 stop=no new information in 3 consecutive turns
         TEST  smape=0.0449  rmse=3569.8511  pocid=72.73  mape=0.0454  | FLOOR smape=0.0461
         laya iter 1 -> best_CWT_rf conf=0.6307 rank=1
         laya iter 2 -> median_pool2 conf=0.9821 rank=4
         laya iter 3 -> best_CWT_rf conf=0.3998 rank=1
         laya iter 4 -> best_CWT_rf conf=0.3998 rank=1
         laya iter 5 -> best_CWT_rf conf=0.3998 rank=1
[ 141] best_single    score= 0.5237 origin=agent    iters=4 stop=no new information in 3 consecutive turns
         TEST  smape=0.2955  rmse=14.4864  pocid=72.73  mape=0.2509  | FLOOR smape=0.3280
         laya iter 1 -> best_ONLY_FT_rf conf=0.6989 rank=1
         laya iter 2 -> best_ONLY_FT_rf conf=0.9798 rank=1
         laya iter 3 -> best_ONLY_FT_rf conf=0.9798 rank=1
         laya iter 4 -> best_ONLY_FT_rf conf=0.9798 rank=1
[ 142] trimmed_mean   score= 0.5347 origin=baseline iters=4 stop=no new information in 3 consecutive turns
         TEST  smape=0.0688  rmse=3949.6556  pocid=72.73  mape=0.0659  | FLOOR smape=0.0688
         laya iter 1 -> median_pool2 conf=0.564 rank=4
         laya iter 2 -> median_pool2 conf=0.8643 rank=4
         laya iter 3 -> median_pool2 conf=0.8643 rank=4
         laya iter 4 -> median_pool2 conf=0.8643 rank=4
[ 143] median         score= 0.6729 origin=agent    iters=4 stop=no new information in 3 consecutive turns
         TEST  smape=0.6377  rmse=5042.5163  pocid=63.64  mape=0.4796  | FLOOR smape=0.6512
         laya iter 1 -> median_pool2 conf=0.6834 rank=1
         laya iter 2 -> median_pool2 conf=0.3559 rank=1
         laya iter 3 -> median_pool2 conf=0.3559 rank=1
         laya iter 4 -> median_pool2 conf=0.3559 rank=1
[ 144] trimmed_mean   score= 0.5266 origin=baseline iters=4 stop=no new information in 3 consecutive turns
         TEST  smape=0.0574  rmse=6428.2118  pocid=81.82  mape=0.0554  | FLOOR smape=0.0574
         laya iter 1 -> trimmed_mean_pool_full conf=0.195 rank=8
         laya iter 2 -> trimmed_mean_pool_full conf=0.3356 rank=8
         laya iter 3 -> trimmed_mean_pool_full conf=0.3356 rank=8
         laya iter 4 -> trimmed_mean_pool_full conf=0.3356 rank=8
[ 145] best_single    score= 0.6117 origin=agent    iters=4 stop=no new information in 3 consecutive turns
         TEST  smape=0.1671  rmse=38.9373  pocid=45.45  mape=0.1932  | FLOOR smape=0.1305
         laya iter 1 -> best_ONLY_FT_rf conf=0.8476 rank=1
         laya iter 2 -> best_ONLY_FT_rf conf=0.938 rank=1
         laya iter 3 -> best_ONLY_FT_rf conf=0.938 rank=1
         laya iter 4 -> best_ONLY_FT_rf conf=0.938 rank=1
[ 146] mean           score= 0.6424 origin=baseline iters=4 stop=no new information in 3 consecutive turns
         TEST  smape=0.0636  rmse=13672.8004  pocid=72.73  mape=0.0645  | FLOOR smape=0.0636
         laya iter 1 -> median_pool2 conf=0.9763 rank=6
         laya iter 2 -> median_pool2 conf=0.8309 rank=6
         laya iter 3 -> median_pool2 conf=0.8309 rank=6
         laya iter 4 -> median_pool2 conf=0.8309 rank=6
[ 147] mean           score= 0.6240 origin=baseline iters=4 stop=no new information in 3 consecutive turns
         TEST  smape=0.0712  rmse=2472.5515  pocid=90.91  mape=0.0716  | FLOOR smape=0.0712
         laya iter 1 -> median_pool2 conf=0.9995 rank=10
         laya iter 2 -> median_pool2 conf=0.5011 rank=10
         laya iter 3 -> median_pool2 conf=0.5011 rank=10
         laya iter 4 -> median_pool2 conf=0.5011 rank=10
[ 148] trimmed_mean   score= 0.6014 origin=baseline iters=4 stop=no new information in 3 consecutive turns
         TEST  smape=0.0454  rmse=180.6735  pocid=100.00  mape=0.0442  | FLOOR smape=0.0454
         laya iter 1 -> trimmed_mean_pool_full conf=0.2992 rank=9
         laya iter 2 -> trimmed_mean_pool_full conf=0.6227 rank=9
         laya iter 3 -> trimmed_mean_pool_full conf=0.6227 rank=9
         laya iter 4 -> trimmed_mean_pool_full conf=0.6227 rank=9
[ 149] dba            score= 0.6525 origin=baseline iters=3 stop=no new information in 3 consecutive turns
         TEST  smape=0.6712  rmse=16730.0623  pocid=54.55  mape=0.4969  | FLOOR smape=0.6712
         laya iter 1 -> trimmed_mean_pool2 conf=0.7193 rank=7
         laya iter 2 -> trimmed_mean_pool1 conf=0.4886 rank=9
         laya iter 3 -> trimmed_mean_pool1 conf=0.4886 rank=9
[ 150] dba            score= 0.6017 origin=baseline iters=4 stop=no new information in 3 consecutive turns
         TEST  smape=0.0311  rmse=780.9135  pocid=63.64  mape=0.0310  | FLOOR smape=0.0311
         laya iter 1 -> median_pool2 conf=0.7522 rank=8
         laya iter 2 -> median_pool2 conf=0.6243 rank=8
         laya iter 3 -> median_pool2 conf=0.6243 rank=8
         laya iter 4 -> median_pool2 conf=0.6243 rank=8
[ 151] median         score= 0.6301 origin=agent    iters=4 stop=no new information in 3 consecutive turns
         TEST  smape=0.0414  rmse=2548.3413  pocid=63.64  mape=0.0405  | FLOOR smape=0.0417
         laya iter 1 -> median_pool2 conf=0.9988 rank=1
         laya iter 2 -> median_pool2 conf=1.0 rank=1
         laya iter 3 -> median_pool2 conf=1.0 rank=1
         laya iter 4 -> median_pool2 conf=1.0 rank=1
[ 152] trimmed_mean   score= 0.6171 origin=baseline iters=4 stop=no new information in 3 consecutive turns
         TEST  smape=0.0434  rmse=787.2295  pocid=72.73  mape=0.0422  | FLOOR smape=0.0434
         laya iter 1 -> trimmed_mean_pool_full conf=0.383 rank=9
         laya iter 2 -> trimmed_mean_pool_full conf=0.6581 rank=9
         laya iter 3 -> trimmed_mean_pool_full conf=0.6581 rank=9
         laya iter 4 -> trimmed_mean_pool_full conf=0.6581 rank=9
[ 153] best_single    score= 0.5568 origin=agent    iters=4 stop=no new information in 3 consecutive turns
         TEST  smape=0.0353  rmse=30707.9330  pocid=72.73  mape=0.0346  | FLOOR smape=0.0341
         laya iter 1 -> best_ONLY_CWT_rf conf=0.9631 rank=1
         laya iter 2 -> best_ONLY_CWT_rf conf=0.9867 rank=1
         laya iter 3 -> best_ONLY_CWT_rf conf=0.9867 rank=1
         laya iter 4 -> best_ONLY_CWT_rf conf=0.9867 rank=1
[ 154] median         score= 0.6871 origin=baseline iters=4 stop=no new information in 3 consecutive turns
         TEST  smape=0.2957  rmse=8031.0503  pocid=81.82  mape=0.2560  | FLOOR smape=0.2957
         laya iter 1 -> median_pool2 conf=0.5799 rank=9
         laya iter 2 -> median_pool2 conf=0.3685 rank=9
         laya iter 3 -> median_pool2 conf=0.3685 rank=9
         laya iter 4 -> median_pool2 conf=0.3685 rank=9
[ 155] mean           score= 0.6741 origin=baseline iters=5 stop=no new information in 3 consecutive turns
         TEST  smape=0.1033  rmse=17.7444  pocid=90.91  mape=0.1066  | FLOOR smape=0.1033
         laya iter 1 -> trimmed_mean_pool2 conf=0.4544 rank=4
         laya iter 2 -> trimmed_mean_pool_full conf=0.4239 rank=7
         laya iter 3 -> trimmed_mean_pool_full conf=0.4239 rank=7
         laya iter 4 -> trimmed_mean_pool_full conf=0.4239 rank=7
         laya iter 5 -> trimmed_mean_pool_full conf=0.4239 rank=7
[ 156] trimmed_mean   score= 0.6587 origin=baseline iters=3 stop=no new information in 3 consecutive turns
         TEST  smape=0.1226  rmse=14.2998  pocid=36.36  mape=0.1212  | FLOOR smape=0.1226
         laya iter 1 -> median_pool_full conf=0.5857 rank=4
         laya iter 2 -> median_pool_full conf=0.5829 rank=4
         laya iter 3 -> median_pool_full conf=0.5829 rank=4
[ 157] mean           score= 0.6303 origin=baseline iters=4 stop=no new information in 3 consecutive turns
         TEST  smape=0.3502  rmse=1212.8750  pocid=81.82  mape=0.2876  | FLOOR smape=0.3502
         laya iter 1 -> median_pool2 conf=0.3046 rank=3
         laya iter 2 -> median_pool2 conf=0.9227 rank=3
         laya iter 3 -> median_pool2 conf=0.9227 rank=3
         laya iter 4 -> median_pool2 conf=0.9227 rank=3
[ 158] mean           score= 0.5329 origin=baseline iters=5 stop=no new information in 3 consecutive turns
         TEST  smape=0.0414  rmse=761.6277  pocid=72.73  mape=0.0404  | FLOOR smape=0.0414
         laya iter 1 -> trimmed_mean_pool2 conf=0.478 rank=2
         laya iter 2 -> trimmed_mean_pool_full conf=0.3166 rank=9
         laya iter 3 -> trimmed_mean_pool_full conf=0.3166 rank=9
         laya iter 4 -> trimmed_mean_pool_full conf=0.3166 rank=9
         laya iter 5 -> trimmed_mean_pool_full conf=0.3166 rank=9
[ 159] trimmed_mean   score= 0.5770 origin=baseline iters=4 stop=no new information in 3 consecutive turns
         TEST  smape=0.0507  rmse=17653.4035  pocid=90.91  mape=0.0499  | FLOOR smape=0.0507
         laya iter 1 -> trimmed_mean_pool_full conf=0.2957 rank=8
         laya iter 2 -> trimmed_mean_pool_full conf=0.5099 rank=8
         laya iter 3 -> trimmed_mean_pool_full conf=0.5099 rank=8
         laya iter 4 -> trimmed_mean_pool_full conf=0.5099 rank=8
[ 160] dba            score= 0.6697 origin=baseline iters=4 stop=no new information in 3 consecutive turns
         TEST  smape=0.1737  rmse=1187.7709  pocid=72.73  mape=0.1556  | FLOOR smape=0.1737
         laya iter 1 -> median_pool2 conf=0.9075 rank=10
         laya iter 2 -> median_pool2 conf=0.5543 rank=10
         laya iter 3 -> median_pool2 conf=0.5543 rank=10
         laya iter 4 -> median_pool2 conf=0.5543 rank=10
[ 161] trimmed_mean   score= 0.5528 origin=baseline iters=4 stop=no new information in 3 consecutive turns
         TEST  smape=0.0798  rmse=33087.2009  pocid=72.73  mape=0.0773  | FLOOR smape=0.0798
         laya iter 1 -> trimmed_mean_pool_full conf=0.2501 rank=7
         laya iter 2 -> trimmed_mean_pool_full conf=0.3787 rank=7
         laya iter 3 -> trimmed_mean_pool_full conf=0.3787 rank=7
         laya iter 4 -> trimmed_mean_pool_full conf=0.3787 rank=7
[ 162] dba            score= 0.6645 origin=baseline iters=5 stop=no new information in 3 consecutive turns
         TEST  smape=0.0649  rmse=5910.2261  pocid=72.73  mape=0.0664  | FLOOR smape=0.0649
         laya iter 1 -> median_pool2 conf=0.8851 rank=6
         laya iter 2 -> median_pool1 conf=0.5367 rank=2
         laya iter 3 -> median_pool1 conf=0.6583 rank=2
         laya iter 4 -> median_pool1 conf=0.6583 rank=2
         laya iter 5 -> median_pool1 conf=0.6583 rank=2
[ 163] median         score= 0.6237 origin=baseline iters=5 stop=no new information in 3 consecutive turns
         TEST  smape=0.0479  rmse=6365.7596  pocid=63.64  mape=0.0482  | FLOOR smape=0.0479
         laya iter 1 -> median_pool2 conf=0.5723 rank=4
         laya iter 2 -> trimmed_mean_pool_full conf=0.3761 rank=2
         laya iter 3 -> median_pool2 conf=0.8335 rank=5
         laya iter 4 -> median_pool2 conf=0.8335 rank=5
         laya iter 5 -> median_pool2 conf=0.8335 rank=5
[ 164] dba            score= 0.6458 origin=baseline iters=3 stop=no new information in 3 consecutive turns
         TEST  smape=0.0406  rmse=2585.7250  pocid=63.64  mape=0.0394  | FLOOR smape=0.0406
         laya iter 1 -> trimmed_mean_pool2 conf=0.5379 rank=5
         laya iter 2 -> trimmed_mean_pool2 conf=0.4326 rank=5
         laya iter 3 -> trimmed_mean_pool2 conf=0.4326 rank=5
[ 165] best_single    score= 0.5788 origin=agent    iters=4 stop=no new information in 3 consecutive turns
         TEST  smape=0.0445  rmse=32571.2481  pocid=63.64  mape=0.0442  | FLOOR smape=0.0492
         laya iter 1 -> best_ONLY_DWT_rf conf=0.9903 rank=1
         laya iter 2 -> best_ONLY_DWT_rf conf=0.9929 rank=1
         laya iter 3 -> best_ONLY_DWT_rf conf=0.9929 rank=1
         laya iter 4 -> best_ONLY_DWT_rf conf=0.9929 rank=1
[ 166] trimmed_mean   score= 0.5948 origin=baseline iters=4 stop=no new information in 3 consecutive turns
         TEST  smape=0.0343  rmse=737.0073  pocid=63.64  mape=0.0336  | FLOOR smape=0.0343
         laya iter 1 -> median_pool2 conf=0.4711 rank=8
         laya iter 2 -> median_pool2 conf=0.9508 rank=8
         laya iter 3 -> median_pool2 conf=0.9508 rank=8
         laya iter 4 -> median_pool2 conf=0.9508 rank=8
[ 167] mean           score= 0.6970 origin=baseline iters=5 stop=no new information in 3 consecutive turns
         TEST  smape=0.3503  rmse=38.9857  pocid=36.36  mape=0.4237  | FLOOR smape=0.3503
         laya iter 1 -> median_pool2 conf=0.3218 rank=10
         laya iter 2 -> median_pool1 conf=0.5079 rank=9
         laya iter 3 -> median_pool1 conf=0.5079 rank=9
         laya iter 4 -> median_pool1 conf=0.5079 rank=9
         laya iter 5 -> median_pool1 conf=0.5079 rank=9
[ 168] mean           score= 0.6094 origin=baseline iters=4 stop=no new information in 3 consecutive turns
         TEST  smape=0.0418  rmse=11263.1657  pocid=63.64  mape=0.0412  | FLOOR smape=0.0418
         laya iter 1 -> best_ONLY_FT_rf conf=0.9794 rank=4
         laya iter 2 -> best_ONLY_FT_rf conf=1.0 rank=4
         laya iter 3 -> best_ONLY_FT_rf conf=1.0 rank=4
         laya iter 4 -> best_ONLY_FT_rf conf=1.0 rank=4
[ 169] trimmed_mean   score= 0.4883 origin=baseline iters=4 stop=no new information in 3 consecutive turns
         TEST  smape=0.0866  rmse=3980.8161  pocid=72.73  mape=0.0803  | FLOOR smape=0.0866
         laya iter 1 -> median_pool2 conf=0.9241 rank=3
         laya iter 2 -> median_pool2 conf=0.5066 rank=3
         laya iter 3 -> median_pool2 conf=0.5066 rank=3
         laya iter 4 -> median_pool2 conf=0.5066 rank=3
[ 170] trimmed_mean   score= 0.5563 origin=baseline iters=5 stop=no new information in 3 consecutive turns
         TEST  smape=0.0484  rmse=2481.6161  pocid=63.64  mape=0.0476  | FLOOR smape=0.0484
         laya iter 1 -> median_pool_full conf=0.4146 rank=3
         laya iter 2 -> median_pool2 conf=0.6567 rank=9
         laya iter 3 -> median_pool2 conf=0.6567 rank=9
         laya iter 4 -> median_pool2 conf=0.6567 rank=9
         laya iter 5 -> median_pool2 conf=0.6567 rank=9
[ 171] dba            score= 0.6288 origin=baseline iters=4 stop=no new information in 3 consecutive turns
         TEST  smape=0.0590  rmse=3120.9711  pocid=81.82  mape=0.0566  | FLOOR smape=0.0590
         laya iter 1 -> median_pool2 conf=0.9618 rank=2
         laya iter 2 -> median_pool2 conf=0.7813 rank=2
         laya iter 3 -> median_pool2 conf=0.7813 rank=2
         laya iter 4 -> median_pool2 conf=0.7813 rank=2
[ 172] trimmed_mean   score= 0.5799 origin=baseline iters=3 stop=no new information in 3 consecutive turns
         TEST  smape=0.1332  rmse=274.1746  pocid=72.73  mape=0.1246  | FLOOR smape=0.1332
         laya iter 1 -> trimmed_mean_pool2 conf=0.3211 rank=2
         laya iter 2 -> trimmed_mean_pool2 conf=0.3763 rank=2
         laya iter 3 -> trimmed_mean_pool2 conf=0.3763 rank=2
[ 173] best_single    score= 0.5721 origin=agent    iters=5 stop=no new information in 3 consecutive turns
         TEST  smape=0.1863  rmse=235.9140  pocid=54.55  mape=0.1784  | FLOOR smape=0.2018
         laya iter 1 -> best_ONLY_DWT_rf conf=0.4758 rank=1
         laya iter 2 -> median_pool2 conf=0.4665 rank=4
         laya iter 3 -> best_ONLY_DWT_rf conf=0.4145 rank=1
         laya iter 4 -> best_ONLY_DWT_rf conf=0.4145 rank=1
         laya iter 5 -> best_ONLY_DWT_rf conf=0.4145 rank=1
[ 174] best_single    score= 0.6136 origin=agent    iters=4 stop=no new information in 3 consecutive turns
         TEST  smape=0.0537  rmse=1094.2374  pocid=63.64  mape=0.0515  | FLOOR smape=0.0549
         laya iter 1 -> best_ONLY_DWT_catboost conf=0.4796 rank=1
         laya iter 2 -> best_ONLY_DWT_catboost conf=0.8716 rank=1
         laya iter 3 -> best_ONLY_DWT_catboost conf=0.8716 rank=1
         laya iter 4 -> best_ONLY_DWT_catboost conf=0.8716 rank=1
[ 175] mean           score= 0.5917 origin=baseline iters=6 stop=no new information in 3 consecutive turns
         TEST  smape=0.0319  rmse=587.1865  pocid=81.82  mape=0.0320  | FLOOR smape=0.0319
         laya iter 1 -> mean_pool1 conf=0.2399 rank=1
         laya iter 2 -> mean_pool4 conf=0.2601 rank=5
         laya iter 3 -> trimmed_mean_pool_full conf=0.2908 rank=8
         laya iter 4 -> trimmed_mean_pool_full conf=0.2908 rank=8
         laya iter 5 -> trimmed_mean_pool_full conf=0.2908 rank=8
         laya iter 6 -> trimmed_mean_pool_full conf=0.2908 rank=8
[ 176] median         score= 0.4742 origin=baseline iters=3 stop=no new information in 3 consecutive turns
         TEST  smape=0.1105  rmse=6131.7362  pocid=81.82  mape=0.1040  | FLOOR smape=0.1105
         laya iter 1 -> median_pool_full conf=0.4044 rank=1
         laya iter 2 -> median_pool_full conf=0.3803 rank=1
         laya iter 3 -> median_pool_full conf=0.3803 rank=1
[ 177] mean           score= 0.4406 origin=baseline iters=4 stop=no new information in 3 consecutive turns
         TEST  smape=0.2371  rmse=2319.2196  pocid=72.73  mape=0.2004  | FLOOR smape=0.2371
         laya iter 1 -> median_pool2 conf=0.2038 rank=3
         laya iter 2 -> median_pool2 conf=0.5289 rank=3
         laya iter 3 -> median_pool2 conf=0.5289 rank=3
         laya iter 4 -> median_pool2 conf=0.5289 rank=3
[ 178] dba            score= 0.7078 origin=baseline iters=4 stop=no new information in 3 consecutive turns
         TEST  smape=0.2115  rmse=47.4688  pocid=45.45  mape=0.1977  | FLOOR smape=0.2115
         laya iter 1 -> median_pool2 conf=0.3409 rank=6
         laya iter 2 -> median_pool2 conf=0.9861 rank=6
         laya iter 3 -> median_pool2 conf=0.9861 rank=6
         laya iter 4 -> median_pool2 conf=0.9861 rank=6
[ 179] mean           score= 0.6873 origin=baseline iters=5 stop=no new information in 3 consecutive turns
         TEST  smape=0.1076  rmse=32.4537  pocid=45.45  mape=0.1002  | FLOOR smape=0.1076
         laya iter 1 -> median_pool_full conf=0.407 rank=3
         laya iter 2 -> median_pool2 conf=0.3942 rank=10
         laya iter 3 -> median_pool2 conf=0.3942 rank=10
         laya iter 4 -> median_pool2 conf=0.3942 rank=10
         laya iter 5 -> median_pool2 conf=0.3942 rank=10
[ 180] best_single    score= 0.5370 origin=agent    iters=6 stop=no new information in 3 consecutive turns
         TEST  smape=0.2082  rmse=27891.1445  pocid=54.55  mape=0.1875  | FLOOR smape=0.0995
         laya iter 1 -> trimmed_mean_pool2 conf=0.3599 rank=8
         laya iter 2 -> median_pool1 conf=0.2681 rank=6
         laya iter 3 -> best_NaiveMovingAverage conf=0.6544 rank=1
         laya iter 4 -> best_NaiveMovingAverage conf=0.3969 rank=1
         laya iter 5 -> best_NaiveMovingAverage conf=0.3969 rank=1
         laya iter 6 -> best_NaiveMovingAverage conf=0.3969 rank=1
[ 181] trimmed_mean   score= 0.5200 origin=baseline iters=5 stop=no new information in 3 consecutive turns
         TEST  smape=0.0417  rmse=3578.9570  pocid=63.64  mape=0.0426  | FLOOR smape=0.0417
         laya iter 1 -> trimmed_mean_pool2 conf=0.1405 rank=3
         laya iter 2 -> median_pool2 conf=0.2343 rank=5
         laya iter 3 -> median_pool2 conf=0.7202 rank=5
         laya iter 4 -> median_pool2 conf=0.7202 rank=5
         laya iter 5 -> median_pool2 conf=0.7202 rank=5
--------------------------------------------------------------------------
done in 38.0s | ok: 182 | failed: 0
DATASET SUMMARY over 182 series (mean across series):
  this run   smape=0.2218  rmse=6939.8054  pocid=62.69  mape=1856477827632626.0000  mae=6075.9815
  baseline   smape=0.2212  rmse=6361.3526  pocid=62.14  mape=1839764113501077.5000  <- this run is WORSE than the seed floor
  mean       smape=0.2206  rmse=6315.3736  pocid=61.89  mape=2069887256147612.2500
  median     smape=0.2194  rmse=6388.0611  pocid=61.94  mape=1847438750372403.0000
  dba        smape=0.2252  rmse=6398.3966  pocid=60.54  mape=2360707168394951.5000
  ADE        smape=0.2177  rmse=6137.6834  pocid=62.39  mape=2082486066574125.0000
  FFORMA     smape=0.2166  rmse=6035.2411  pocid=65.13  mape=2022245026195087.0000
csv: ./timeseries/mestrado/resultados/orchestrator_laya_laya_v0_ml8192/ANP_MONTHLY.csv
dataset      : NN5_WEEKLY_DATASET
source       : nn5_weekly_dataset.tsf
models       : 19
agent        : laya-multilingual (max_len=8192)
writing to   : ./timeseries/mestrado/resultados/orchestrator_laya_laya_v0_ml8192
--------------------------------------------------------------------------
Fetching 5 files:   0%|          | 0/5 [00:00<?, ?it/s]Fetching 5 files: 100%|██████████| 5/5 [00:00<00:00, 2577.30it/s]
[   0] best_single    score= 0.6156 origin=agent    iters=4 stop=no new information in 3 consecutive turns
         TEST  smape=0.0409  rmse=14.5924  pocid=42.86  mape=0.0399  | FLOOR smape=0.0422
         laya iter 1 -> best_ONLY_FT_rf conf=0.5899 rank=1
         laya iter 2 -> best_ONLY_FT_rf conf=0.9765 rank=1
         laya iter 3 -> best_ONLY_FT_rf conf=0.9765 rank=1
         laya iter 4 -> best_ONLY_FT_rf conf=0.9765 rank=1
[   1] trimmed_mean   score= 0.5579 origin=baseline iters=4 stop=no new information in 3 consecutive turns
         TEST  smape=0.1090  rmse=16.3937  pocid=28.57  mape=0.1027  | FLOOR smape=0.1090
         laya iter 1 -> median_pool2 conf=0.4677 rank=3
         laya iter 2 -> median_pool2 conf=0.9616 rank=3
         laya iter 3 -> median_pool2 conf=0.9616 rank=3
         laya iter 4 -> median_pool2 conf=0.9616 rank=3
[   2] best_single    score= 0.5961 origin=agent    iters=4 stop=no new information in 3 consecutive turns
         TEST  smape=0.0789  rmse=16.6496  pocid=57.14  mape=0.0769  | FLOOR smape=0.0697
         laya iter 1 -> best_FT_catboost conf=0.3784 rank=1
         laya iter 2 -> best_FT_catboost conf=0.4648 rank=1
         laya iter 3 -> best_FT_catboost conf=0.4648 rank=1
         laya iter 4 -> best_FT_catboost conf=0.4648 rank=1
[   3] dba            score= 0.7144 origin=baseline iters=5 stop=no new information in 3 consecutive turns
         TEST  smape=0.0826  rmse=16.0588  pocid=28.57  mape=0.0857  | FLOOR smape=0.0826
         laya iter 1 -> trimmed_mean_pool2 conf=0.3215 rank=6
         laya iter 2 -> median_pool2 conf=0.7001 rank=8
         laya iter 3 -> median_pool2 conf=0.7001 rank=8
         laya iter 4 -> median_pool2 conf=0.7001 rank=8
         laya iter 5 -> median_pool2 conf=0.7001 rank=8
[   4] mean           score= 0.7048 origin=baseline iters=4 stop=no new information in 3 consecutive turns
         TEST  smape=0.0998  rmse=23.6849  pocid=42.86  mape=0.0921  | FLOOR smape=0.0998
         laya iter 1 -> median_pool2 conf=0.8768 rank=10
         laya iter 2 -> median_pool2 conf=0.6102 rank=10
         laya iter 3 -> median_pool2 conf=0.6102 rank=10
         laya iter 4 -> median_pool2 conf=0.6102 rank=10
[   5] best_single    score= 0.6311 origin=agent    iters=4 stop=no new information in 3 consecutive turns
         TEST  smape=0.1164  rmse=19.7825  pocid=42.86  mape=0.1261  | FLOOR smape=0.1078
         laya iter 1 -> best_ONLY_DWT_catboost conf=0.5949 rank=1
         laya iter 2 -> best_ONLY_DWT_catboost conf=0.6627 rank=1
         laya iter 3 -> best_ONLY_DWT_catboost conf=0.6627 rank=1
         laya iter 4 -> best_ONLY_DWT_catboost conf=0.6627 rank=1
[   6] mean           score= 0.4362 origin=baseline iters=4 stop=no new information in 3 consecutive turns
         TEST  smape=0.1187  rmse=21.3796  pocid=14.29  mape=0.1099  | FLOOR smape=0.1187
         laya iter 1 -> median_pool2 conf=0.3651 rank=3
         laya iter 2 -> median_pool2 conf=0.743 rank=3
         laya iter 3 -> median_pool2 conf=0.743 rank=3
         laya iter 4 -> median_pool2 conf=0.743 rank=3
[   7] trimmed_mean   score= 0.7414 origin=agent    iters=4 stop=no new information in 3 consecutive turns
         TEST  smape=0.1152  rmse=17.8077  pocid=42.86  mape=0.1194  | FLOOR smape=0.1228
         laya iter 1 -> trimmed_mean_pool_full conf=0.3636 rank=1
         laya iter 2 -> trimmed_mean_pool_full conf=0.7213 rank=1
         laya iter 3 -> trimmed_mean_pool_full conf=0.7213 rank=1
         laya iter 4 -> trimmed_mean_pool_full conf=0.7213 rank=1
[   8] dba            score= 0.6415 origin=baseline iters=3 stop=no new information in 3 consecutive turns
         TEST  smape=0.1042  rmse=7.4097  pocid=57.14  mape=0.1132  | FLOOR smape=0.1042
         laya iter 1 -> median_pool_full conf=0.5082 rank=4
         laya iter 2 -> median_pool_full conf=0.6935 rank=4
         laya iter 3 -> median_pool_full conf=0.6935 rank=4
[   9] mean           score= 0.7333 origin=baseline iters=5 stop=no new information in 3 consecutive turns
         TEST  smape=0.1040  rmse=17.5233  pocid=28.57  mape=0.0998  | FLOOR smape=0.1040
         laya iter 1 -> trimmed_mean_pool2 conf=0.452 rank=4
         laya iter 2 -> median_pool2 conf=0.3934 rank=5
         laya iter 3 -> median_pool2 conf=0.4172 rank=5
         laya iter 4 -> median_pool2 conf=0.4172 rank=5
         laya iter 5 -> median_pool2 conf=0.4172 rank=5
[  10] dba            score= 0.5977 origin=baseline iters=5 stop=no new information in 3 consecutive turns
         TEST  smape=0.1199  rmse=21.0343  pocid=71.43  mape=0.1162  | FLOOR smape=0.1199
         laya iter 1 -> median_pool_full conf=0.3393 rank=4
         laya iter 2 -> median_pool2 conf=0.4762 rank=10
         laya iter 3 -> median_pool2 conf=0.4762 rank=10
         laya iter 4 -> median_pool2 conf=0.4762 rank=10
         laya iter 5 -> median_pool2 conf=0.4762 rank=10
[  11] mean           score= 0.6156 origin=baseline iters=4 stop=no new information in 3 consecutive turns
         TEST  smape=0.1394  rmse=16.4066  pocid=14.29  mape=0.1347  | FLOOR smape=0.1394
         laya iter 1 -> median_pool2 conf=0.8104 rank=3
         laya iter 2 -> median_pool2 conf=0.4159 rank=3
         laya iter 3 -> median_pool2 conf=0.4159 rank=3
         laya iter 4 -> median_pool2 conf=0.4159 rank=3
[  12] mean           score= 0.6331 origin=baseline iters=4 stop=no new information in 3 consecutive turns
         TEST  smape=0.1194  rmse=19.5971  pocid=28.57  mape=0.1159  | FLOOR smape=0.1194
         laya iter 1 -> median_pool2 conf=0.5376 rank=2
         laya iter 2 -> median_pool2 conf=0.4413 rank=2
         laya iter 3 -> median_pool2 conf=0.4413 rank=2
         laya iter 4 -> median_pool2 conf=0.4413 rank=2
[  13] trimmed_mean   score= 0.6667 origin=baseline iters=3 stop=no new information in 3 consecutive turns
         TEST  smape=0.0794  rmse=12.6205  pocid=42.86  mape=0.0785  | FLOOR smape=0.0794
         laya iter 1 -> median_pool_full conf=0.3909 rank=3
         laya iter 2 -> median_pool_full conf=0.5287 rank=3
         laya iter 3 -> median_pool_full conf=0.5287 rank=3
[  14] mean           score= 0.6857 origin=baseline iters=4 stop=no new information in 3 consecutive turns
         TEST  smape=0.0704  rmse=10.8648  pocid=42.86  mape=0.0688  | FLOOR smape=0.0704
         laya iter 1 -> median_pool2 conf=0.4964 rank=5
         laya iter 2 -> median_pool2 conf=0.6445 rank=5
         laya iter 3 -> median_pool2 conf=0.6445 rank=5
         laya iter 4 -> median_pool2 conf=0.6445 rank=5
[  15] median         score= 0.6844 origin=baseline iters=4 stop=no new information in 3 consecutive turns
         TEST  smape=0.0618  rmse=12.1874  pocid=42.86  mape=0.0595  | FLOOR smape=0.0618
         laya iter 1 -> median_pool2 conf=0.509 rank=3
         laya iter 2 -> median_pool2 conf=0.3679 rank=3
         laya iter 3 -> median_pool2 conf=0.3679 rank=3
         laya iter 4 -> median_pool2 conf=0.3679 rank=3
[  16] median         score= 0.6431 origin=baseline iters=4 stop=no new information in 3 consecutive turns
         TEST  smape=0.1198  rmse=20.7102  pocid=57.14  mape=0.1218  | FLOOR smape=0.1198
         laya iter 1 -> median_pool2 conf=0.4257 rank=6
         laya iter 2 -> median_pool2 conf=0.4722 rank=6
         laya iter 3 -> median_pool2 conf=0.4722 rank=6
         laya iter 4 -> median_pool2 conf=0.4722 rank=6
[  17] best_single    score= 0.5436 origin=agent    iters=4 stop=no new information in 3 consecutive turns
         TEST  smape=0.1055  rmse=17.4380  pocid=85.71  mape=0.0994  | FLOOR smape=0.0593
         laya iter 1 -> best_ONLY_FT_rf conf=0.9838 rank=1
         laya iter 2 -> best_ONLY_FT_rf conf=0.978 rank=1
         laya iter 3 -> best_ONLY_FT_rf conf=0.978 rank=1
         laya iter 4 -> best_ONLY_FT_rf conf=0.978 rank=1
[  18] mean           score= 0.7048 origin=baseline iters=4 stop=no new information in 3 consecutive turns
         TEST  smape=0.0528  rmse=14.4762  pocid=28.57  mape=0.0561  | FLOOR smape=0.0528
         laya iter 1 -> median_pool2 conf=0.6131 rank=6
         laya iter 2 -> median_pool2 conf=0.9607 rank=6
         laya iter 3 -> median_pool2 conf=0.9607 rank=6
         laya iter 4 -> median_pool2 conf=0.9607 rank=6
[  19] mean           score= 0.7306 origin=baseline iters=4 stop=no new information in 3 consecutive turns
         TEST  smape=0.0718  rmse=11.9468  pocid=85.71  mape=0.0680  | FLOOR smape=0.0718
         laya iter 1 -> trimmed_mean_pool_full conf=0.2322 rank=4
         laya iter 2 -> trimmed_mean_pool_full conf=0.3501 rank=4
         laya iter 3 -> trimmed_mean_pool_full conf=0.3501 rank=4
         laya iter 4 -> trimmed_mean_pool_full conf=0.3501 rank=4
[  20] median         score= 0.7064 origin=baseline iters=5 stop=no new information in 3 consecutive turns
         TEST  smape=0.0908  rmse=11.7390  pocid=71.43  mape=0.0914  | FLOOR smape=0.0908
         laya iter 1 -> trimmed_mean_pool2 conf=0.3812 rank=2
         laya iter 2 -> median_pool2 conf=0.5096 rank=7
         laya iter 3 -> median_pool2 conf=0.5096 rank=7
         laya iter 4 -> median_pool2 conf=0.5096 rank=7
         laya iter 5 -> median_pool2 conf=0.5096 rank=7
[  21] trimmed_mean   score= 0.6741 origin=agent    iters=5 stop=no new information in 3 consecutive turns
         TEST  smape=0.0951  rmse=13.6591  pocid=28.57  mape=0.0898  | FLOOR smape=0.0713
         laya iter 1 -> trimmed_mean_pool2 conf=0.96 rank=2
         laya iter 2 -> trimmed_mean_pool4 conf=0.4987 rank=1
         laya iter 3 -> trimmed_mean_pool2 conf=0.4044 rank=3
         laya iter 4 -> trimmed_mean_pool2 conf=0.4044 rank=3
         laya iter 5 -> trimmed_mean_pool2 conf=0.4044 rank=3
[  22] trimmed_mean   score= 0.5867 origin=baseline iters=4 stop=no new information in 3 consecutive turns
         TEST  smape=0.1238  rmse=11.0990  pocid=71.43  mape=0.1181  | FLOOR smape=0.1238
         laya iter 1 -> best_ONLY_FT_catboost conf=0.9719 rank=7
         laya iter 2 -> best_ONLY_FT_catboost conf=0.9658 rank=7
         laya iter 3 -> best_ONLY_FT_catboost conf=0.9658 rank=7
         laya iter 4 -> best_ONLY_FT_catboost conf=0.9658 rank=7
[  23] median         score= 0.6780 origin=baseline iters=4 stop=no new information in 3 consecutive turns
         TEST  smape=0.1646  rmse=40.6866  pocid=28.57  mape=0.1934  | FLOOR smape=0.1646
         laya iter 1 -> median_pool2 conf=0.5088 rank=8
         laya iter 2 -> trimmed_mean_pool2 conf=0.2995 rank=6
         laya iter 3 -> trimmed_mean_pool2 conf=0.2995 rank=6
         laya iter 4 -> trimmed_mean_pool2 conf=0.2995 rank=6
[  24] mean           score= 0.6688 origin=baseline iters=5 stop=no new information in 3 consecutive turns
         TEST  smape=0.0586  rmse=11.3368  pocid=71.43  mape=0.0620  | FLOOR smape=0.0586
         laya iter 1 -> trimmed_mean_pool2 conf=0.4142 rank=5
         laya iter 2 -> trimmed_mean_pool_full conf=0.4314 rank=8
         laya iter 3 -> trimmed_mean_pool_full conf=0.4314 rank=8
         laya iter 4 -> trimmed_mean_pool_full conf=0.4314 rank=8
         laya iter 5 -> trimmed_mean_pool_full conf=0.4314 rank=8
[  25] mean           score= 0.7429 origin=baseline iters=4 stop=no new information in 3 consecutive turns
         TEST  smape=0.1342  rmse=19.5075  pocid=28.57  mape=0.1334  | FLOOR smape=0.1342
         laya iter 1 -> best_ONLY_CWT_catboost conf=0.6067 rank=3
         laya iter 2 -> best_ONLY_CWT_catboost conf=0.7691 rank=3
         laya iter 3 -> best_ONLY_CWT_catboost conf=0.7691 rank=3
         laya iter 4 -> best_ONLY_CWT_catboost conf=0.7691 rank=3
[  26] mean           score= 0.5939 origin=baseline iters=4 stop=no new information in 3 consecutive turns
         TEST  smape=0.1354  rmse=9.6349  pocid=71.43  mape=0.1554  | FLOOR smape=0.1354
         laya iter 1 -> median_pool2 conf=0.2508 rank=9
         laya iter 2 -> median_pool2 conf=0.4403 rank=9
         laya iter 3 -> median_pool2 conf=0.4403 rank=9
         laya iter 4 -> median_pool2 conf=0.4403 rank=9
[  27] mean           score= 0.6592 origin=baseline iters=3 stop=no new information in 3 consecutive turns
         TEST  smape=0.1222  rmse=17.1321  pocid=42.86  mape=0.1195  | FLOOR smape=0.1222
         laya iter 1 -> trimmed_mean_pool2 conf=0.271 rank=8
         laya iter 2 -> trimmed_mean_pool1 conf=0.3762 rank=5
         laya iter 3 -> trimmed_mean_pool1 conf=0.3762 rank=5
[  28] mean           score= 0.6828 origin=baseline iters=3 stop=no new information in 3 consecutive turns
         TEST  smape=0.1011  rmse=23.0454  pocid=42.86  mape=0.1058  | FLOOR smape=0.1011
         laya iter 1 -> trimmed_mean_pool2 conf=0.6072 rank=6
         laya iter 2 -> trimmed_mean_pool1 conf=0.4261 rank=7
         laya iter 3 -> trimmed_mean_pool1 conf=0.4261 rank=7
[  29] median         score= 0.5504 origin=baseline iters=5 stop=no new information in 3 consecutive turns
         TEST  smape=0.1508  rmse=19.8722  pocid=57.14  mape=0.1752  | FLOOR smape=0.1508
         laya iter 1 -> median_pool2 conf=0.5021 rank=8
         laya iter 2 -> median_pool1 conf=0.3082 rank=9
         laya iter 3 -> median_pool1 conf=0.3082 rank=9
         laya iter 4 -> median_pool1 conf=0.3082 rank=9
         laya iter 5 -> median_pool1 conf=0.3082 rank=9
[  30] mean           score= 0.6497 origin=baseline iters=5 stop=no new information in 3 consecutive turns
         TEST  smape=0.0645  rmse=9.8088  pocid=42.86  mape=0.0656  | FLOOR smape=0.0645
         laya iter 1 -> trimmed_mean_pool2 conf=0.2101 rank=4
         laya iter 2 -> trimmed_mean_pool_full conf=0.3426 rank=5
         laya iter 3 -> trimmed_mean_pool_full conf=0.4237 rank=5
         laya iter 4 -> trimmed_mean_pool_full conf=0.4237 rank=5
         laya iter 5 -> trimmed_mean_pool_full conf=0.4237 rank=5
[  31] median         score= 0.6642 origin=baseline iters=4 stop=no new information in 3 consecutive turns
         TEST  smape=0.1713  rmse=26.0545  pocid=42.86  mape=0.1940  | FLOOR smape=0.1713
         laya iter 1 -> median_pool2 conf=0.5511 rank=8
         laya iter 2 -> median_pool2 conf=0.4228 rank=8
         laya iter 3 -> median_pool2 conf=0.4228 rank=8
         laya iter 4 -> median_pool2 conf=0.4228 rank=8
[  32] median         score= 0.6655 origin=baseline iters=5 stop=no new information in 3 consecutive turns
         TEST  smape=0.1696  rmse=29.7170  pocid=28.57  mape=0.1585  | FLOOR smape=0.1696
         laya iter 1 -> trimmed_mean_pool2 conf=0.584 rank=5
         laya iter 2 -> trimmed_mean_pool_full conf=0.4107 rank=2
         laya iter 3 -> trimmed_mean_pool1 conf=0.3398 rank=5
         laya iter 4 -> trimmed_mean_pool1 conf=0.3398 rank=5
         laya iter 5 -> trimmed_mean_pool1 conf=0.3398 rank=5
[  33] median         score= 0.5886 origin=agent    iters=5 stop=no new information in 3 consecutive turns
         TEST  smape=0.0940  rmse=27.6730  pocid=28.57  mape=0.0955  | FLOOR smape=0.0941
         laya iter 1 -> median_pool_full conf=0.4077 rank=1
         laya iter 2 -> median_pool2 conf=0.3315 rank=1
         laya iter 3 -> median_pool2 conf=0.9397 rank=1
         laya iter 4 -> median_pool2 conf=0.9397 rank=1
         laya iter 5 -> median_pool2 conf=0.9397 rank=1
[  34] trimmed_mean   score= 0.6274 origin=baseline iters=4 stop=no new information in 3 consecutive turns
         TEST  smape=0.0927  rmse=13.8588  pocid=57.14  mape=0.0941  | FLOOR smape=0.0927
         laya iter 1 -> best_ONLY_DWT_catboost conf=0.4862 rank=5
         laya iter 2 -> best_ONLY_DWT_catboost conf=0.7867 rank=5
         laya iter 3 -> best_ONLY_DWT_catboost conf=0.7867 rank=5
         laya iter 4 -> best_ONLY_DWT_catboost conf=0.7867 rank=5
[  35] trimmed_mean   score= 0.6540 origin=baseline iters=4 stop=no new information in 3 consecutive turns
         TEST  smape=0.0974  rmse=9.1676  pocid=85.71  mape=0.1046  | FLOOR smape=0.0974
         laya iter 1 -> best_ONLY_FT_catboost conf=0.7606 rank=3
         laya iter 2 -> best_ONLY_FT_catboost conf=0.9997 rank=3
         laya iter 3 -> best_ONLY_FT_catboost conf=0.9997 rank=3
         laya iter 4 -> best_ONLY_FT_catboost conf=0.9997 rank=3
[  36] median         score= 0.5368 origin=baseline iters=4 stop=no new information in 3 consecutive turns
         TEST  smape=0.2612  rmse=35.4157  pocid=57.14  mape=0.2636  | FLOOR smape=0.2612
         laya iter 1 -> trimmed_mean_pool_full conf=0.2091 rank=2
         laya iter 2 -> trimmed_mean_pool_full conf=0.4822 rank=2
         laya iter 3 -> trimmed_mean_pool_full conf=0.4822 rank=2
         laya iter 4 -> trimmed_mean_pool_full conf=0.4822 rank=2
[  37] dba            score= 0.6398 origin=baseline iters=4 stop=no new information in 3 consecutive turns
         TEST  smape=0.0559  rmse=15.3509  pocid=42.86  mape=0.0547  | FLOOR smape=0.0559
         laya iter 1 -> median_pool2 conf=0.4659 rank=10
         laya iter 2 -> median_pool2 conf=0.5042 rank=10
         laya iter 3 -> median_pool2 conf=0.5042 rank=10
         laya iter 4 -> median_pool2 conf=0.5042 rank=10
[  38] mean           score= 0.5965 origin=baseline iters=3 stop=no new information in 3 consecutive turns
         TEST  smape=0.0663  rmse=10.6326  pocid=57.14  mape=0.0652  | FLOOR smape=0.0663
         laya iter 1 -> trimmed_mean_pool2 conf=0.3643 rank=4
         laya iter 2 -> trimmed_mean_pool2 conf=0.3405 rank=4
         laya iter 3 -> trimmed_mean_pool2 conf=0.3405 rank=4
[  39] best_single    score= 0.6749 origin=agent    iters=4 stop=no new information in 3 consecutive turns
         TEST  smape=0.1203  rmse=17.9891  pocid=28.57  mape=0.1178  | FLOOR smape=0.1228
         laya iter 1 -> best_ONLY_DWT_catboost conf=0.4995 rank=1
         laya iter 2 -> best_ONLY_DWT_catboost conf=0.6997 rank=1
         laya iter 3 -> best_ONLY_DWT_catboost conf=0.6997 rank=1
         laya iter 4 -> best_ONLY_DWT_catboost conf=0.6997 rank=1
[  40] mean           score= 0.6571 origin=baseline iters=6 stop=no new information in 3 consecutive turns
         TEST  smape=0.1226  rmse=18.5063  pocid=14.29  mape=0.1270  | FLOOR smape=0.1226
         laya iter 1 -> median_pool3 conf=0.332 rank=8
         laya iter 2 -> trimmed_mean_pool_full conf=0.3956 rank=2
         laya iter 3 -> median_pool2 conf=0.3793 rank=11
         laya iter 4 -> median_pool2 conf=0.3793 rank=11
         laya iter 5 -> median_pool2 conf=0.3793 rank=11
         laya iter 6 -> median_pool2 conf=0.3793 rank=11
[  41] mean           score= 0.7140 origin=baseline iters=4 stop=no new information in 3 consecutive turns
         TEST  smape=0.0725  rmse=11.8407  pocid=42.86  mape=0.0731  | FLOOR smape=0.0725
         laya iter 1 -> trimmed_mean_pool_full conf=0.3206 rank=5
         laya iter 2 -> trimmed_mean_pool1 conf=0.5587 rank=9
         laya iter 3 -> trimmed_mean_pool1 conf=0.5587 rank=9
         laya iter 4 -> trimmed_mean_pool1 conf=0.5587 rank=9
[  42] trimmed_mean   score= 0.6035 origin=baseline iters=4 stop=no new information in 3 consecutive turns
         TEST  smape=0.0986  rmse=20.7030  pocid=57.14  mape=0.1059  | FLOOR smape=0.0986
         laya iter 1 -> median_pool2 conf=0.1908 rank=3
         laya iter 2 -> median_pool2 conf=0.7041 rank=3
         laya iter 3 -> median_pool2 conf=0.7041 rank=3
         laya iter 4 -> median_pool2 conf=0.7041 rank=3
[  43] mean           score= 0.6762 origin=baseline iters=6 stop=no new information in 3 consecutive turns
         TEST  smape=0.0538  rmse=10.4702  pocid=71.43  mape=0.0534  | FLOOR smape=0.0538
         laya iter 1 -> trimmed_mean_pool2 conf=0.6571 rank=6
         laya iter 2 -> best_ONLY_CWT_rf conf=0.5051 rank=2
         laya iter 3 -> trimmed_mean_pool_full conf=0.8016 rank=6
         laya iter 4 -> trimmed_mean_pool2 conf=0.6157 rank=8
         laya iter 5 -> trimmed_mean_pool2 conf=0.6157 rank=8
         laya iter 6 -> trimmed_mean_pool2 conf=0.6157 rank=8
[  44] median         score= 0.7025 origin=baseline iters=4 stop=no new information in 3 consecutive turns
         TEST  smape=0.1146  rmse=20.4007  pocid=42.86  mape=0.1407  | FLOOR smape=0.1146
         laya iter 1 -> trimmed_mean_pool_full conf=0.4317 rank=4
         laya iter 2 -> trimmed_mean_pool_full conf=0.431 rank=4
         laya iter 3 -> trimmed_mean_pool_full conf=0.431 rank=4
         laya iter 4 -> trimmed_mean_pool_full conf=0.431 rank=4
[  45] trimmed_mean   score= 0.5916 origin=baseline iters=4 stop=no new information in 3 consecutive turns
         TEST  smape=0.1306  rmse=18.2953  pocid=42.86  mape=0.1209  | FLOOR smape=0.1306
         laya iter 1 -> trimmed_mean_pool_full conf=0.3675 rank=7
         laya iter 2 -> trimmed_mean_pool_full conf=0.7756 rank=7
         laya iter 3 -> trimmed_mean_pool_full conf=0.7756 rank=7
         laya iter 4 -> trimmed_mean_pool_full conf=0.7756 rank=7
[  46] best_single    score= 0.6056 origin=agent    iters=4 stop=no new information in 3 consecutive turns
         TEST  smape=0.0409  rmse=14.5924  pocid=42.86  mape=0.0399  | FLOOR smape=0.0421
         laya iter 1 -> best_ONLY_FT_rf conf=0.9636 rank=1
         laya iter 2 -> best_ONLY_FT_rf conf=0.9512 rank=1
         laya iter 3 -> best_ONLY_FT_rf conf=0.9512 rank=1
         laya iter 4 -> best_ONLY_FT_rf conf=0.9512 rank=1
[  47] mean           score= 0.6952 origin=baseline iters=5 stop=no new information in 3 consecutive turns
         TEST  smape=0.1546  rmse=29.1903  pocid=28.57  mape=0.1515  | FLOOR smape=0.1546
         laya iter 1 -> median_pool2 conf=0.3361 rank=7
         laya iter 2 -> trimmed_mean_pool_full conf=0.462 rank=2
         laya iter 3 -> trimmed_mean_pool1 conf=0.4287 rank=10
         laya iter 4 -> trimmed_mean_pool1 conf=0.4287 rank=10
         laya iter 5 -> trimmed_mean_pool1 conf=0.4287 rank=10
[  48] best_single    score= 0.5771 origin=agent    iters=4 stop=no new information in 3 consecutive turns
         TEST  smape=0.1312  rmse=22.2277  pocid=28.57  mape=0.1424  | FLOOR smape=0.1015
         laya iter 1 -> best_ONLY_DWT_catboost conf=0.5738 rank=1
         laya iter 2 -> best_ONLY_DWT_catboost conf=0.5305 rank=1
         laya iter 3 -> best_ONLY_DWT_catboost conf=0.5305 rank=1
         laya iter 4 -> best_ONLY_DWT_catboost conf=0.5305 rank=1
[  49] trimmed_mean   score= 0.6347 origin=baseline iters=4 stop=no new information in 3 consecutive turns
         TEST  smape=0.1144  rmse=20.0170  pocid=71.43  mape=0.1124  | FLOOR smape=0.1144
         laya iter 1 -> median_pool2 conf=0.505 rank=6
         laya iter 2 -> median_pool2 conf=0.961 rank=6
         laya iter 3 -> median_pool2 conf=0.961 rank=6
         laya iter 4 -> median_pool2 conf=0.961 rank=6
[  50] dba            score= 0.7059 origin=baseline iters=3 stop=no new information in 3 consecutive turns
         TEST  smape=0.1268  rmse=20.7675  pocid=42.86  mape=0.1215  | FLOOR smape=0.1268
         laya iter 1 -> trimmed_mean_pool2 conf=0.5448 rank=6
         laya iter 2 -> trimmed_mean_pool2 conf=0.414 rank=6
         laya iter 3 -> trimmed_mean_pool2 conf=0.414 rank=6
[  51] best_single    score= 0.6508 origin=agent    iters=4 stop=no new information in 3 consecutive turns
         TEST  smape=0.0966  rmse=27.3718  pocid=85.71  mape=0.0970  | FLOOR smape=0.0896
         laya iter 1 -> best_ONLY_CWT_rf conf=0.3621 rank=1
         laya iter 2 -> trimmed_mean_pool2 conf=0.3707 rank=5
         laya iter 3 -> trimmed_mean_pool2 conf=0.3707 rank=5
         laya iter 4 -> trimmed_mean_pool2 conf=0.3707 rank=5
[  52] median         score= 0.6638 origin=baseline iters=3 stop=no new information in 3 consecutive turns
         TEST  smape=0.0821  rmse=7.8417  pocid=85.71  mape=0.0789  | FLOOR smape=0.0821
         laya iter 1 -> trimmed_mean_pool2 conf=0.2727 rank=7
         laya iter 2 -> median_pool_full conf=0.3119 rank=1
         laya iter 3 -> median_pool_full conf=0.3119 rank=1
[  53] trimmed_mean   score= 0.5847 origin=baseline iters=3 stop=no new information in 3 consecutive turns
         TEST  smape=0.1175  rmse=15.7569  pocid=28.57  mape=0.1172  | FLOOR smape=0.1175
         laya iter 1 -> trimmed_mean_pool2 conf=0.3717 rank=6
         laya iter 2 -> trimmed_mean_pool2 conf=0.4466 rank=6
         laya iter 3 -> trimmed_mean_pool2 conf=0.4466 rank=6
[  54] trimmed_mean   score= 0.6999 origin=baseline iters=4 stop=no new information in 3 consecutive turns
         TEST  smape=0.0587  rmse=6.3736  pocid=28.57  mape=0.0608  | FLOOR smape=0.0587
         laya iter 1 -> median_pool2 conf=0.6984 rank=7
         laya iter 2 -> median_pool2 conf=0.8392 rank=7
         laya iter 3 -> median_pool2 conf=0.8392 rank=7
         laya iter 4 -> median_pool2 conf=0.8392 rank=7
[  55] trimmed_mean   score= 0.6214 origin=baseline iters=5 stop=no new information in 3 consecutive turns
         TEST  smape=0.1519  rmse=16.9829  pocid=42.86  mape=0.1494  | FLOOR smape=0.1519
         laya iter 1 -> median_pool2 conf=0.4822 rank=3
         laya iter 2 -> median_pool1 conf=0.4569 rank=4
         laya iter 3 -> median_pool1 conf=0.4766 rank=4
         laya iter 4 -> median_pool1 conf=0.4766 rank=4
         laya iter 5 -> median_pool1 conf=0.4766 rank=4
[  56] mean           score= 0.6544 origin=baseline iters=5 stop=no new information in 3 consecutive turns
         TEST  smape=0.0754  rmse=11.6284  pocid=71.43  mape=0.0792  | FLOOR smape=0.0754
         laya iter 1 -> trimmed_mean_pool2 conf=0.3352 rank=5
         laya iter 2 -> trimmed_mean_pool_full conf=0.511 rank=7
         laya iter 3 -> trimmed_mean_pool_full conf=0.511 rank=7
         laya iter 4 -> trimmed_mean_pool_full conf=0.511 rank=7
         laya iter 5 -> trimmed_mean_pool_full conf=0.511 rank=7
[  57] trimmed_mean   score= 0.5933 origin=baseline iters=4 stop=no new information in 3 consecutive turns
         TEST  smape=0.0757  rmse=14.8265  pocid=0.00  mape=0.0727  | FLOOR smape=0.0757
         laya iter 1 -> trimmed_mean_pool_full conf=0.2432 rank=8
         laya iter 2 -> trimmed_mean_pool_full conf=0.5185 rank=8
         laya iter 3 -> trimmed_mean_pool_full conf=0.5185 rank=8
         laya iter 4 -> trimmed_mean_pool_full conf=0.5185 rank=8
[  58] trimmed_mean   score= 0.6786 origin=baseline iters=5 stop=no new information in 3 consecutive turns
         TEST  smape=0.1799  rmse=18.9438  pocid=42.86  mape=0.1826  | FLOOR smape=0.1799
         laya iter 1 -> median_pool2 conf=0.4642 rank=2
         laya iter 2 -> best_ONLY_FT_catboost conf=0.7625 rank=9
         laya iter 3 -> best_ONLY_FT_catboost conf=0.7625 rank=9
         laya iter 4 -> best_ONLY_FT_catboost conf=0.7625 rank=9
         laya iter 5 -> best_ONLY_FT_catboost conf=0.7625 rank=9
[  59] median         score= 0.6582 origin=baseline iters=5 stop=no new information in 3 consecutive turns
         TEST  smape=0.1932  rmse=26.2256  pocid=42.86  mape=0.2205  | FLOOR smape=0.1932
         laya iter 1 -> median_pool2 conf=0.319 rank=4
         laya iter 2 -> trimmed_mean_pool_full conf=0.4444 rank=2
         laya iter 3 -> median_pool2 conf=0.9696 rank=5
         laya iter 4 -> median_pool2 conf=0.9696 rank=5
         laya iter 5 -> median_pool2 conf=0.9696 rank=5
[  60] mean           score= 0.6651 origin=baseline iters=4 stop=no new information in 3 consecutive turns
         TEST  smape=0.0564  rmse=8.7210  pocid=14.29  mape=0.0594  | FLOOR smape=0.0564
         laya iter 1 -> median_pool2 conf=0.4973 rank=6
         laya iter 2 -> median_pool2 conf=0.8101 rank=6
         laya iter 3 -> median_pool2 conf=0.8101 rank=6
         laya iter 4 -> median_pool2 conf=0.8101 rank=6
[  61] trimmed_mean   score= 0.6373 origin=baseline iters=4 stop=no new information in 3 consecutive turns
         TEST  smape=0.1226  rmse=21.1952  pocid=28.57  mape=0.1327  | FLOOR smape=0.1226
         laya iter 1 -> trimmed_mean_pool_full conf=0.2835 rank=6
         laya iter 2 -> trimmed_mean_pool_full conf=0.3269 rank=6
         laya iter 3 -> trimmed_mean_pool_full conf=0.3269 rank=6
         laya iter 4 -> trimmed_mean_pool_full conf=0.3269 rank=6
[  62] mean           score= 0.7197 origin=baseline iters=5 stop=no new information in 3 consecutive turns
         TEST  smape=0.0775  rmse=10.5140  pocid=71.43  mape=0.0830  | FLOOR smape=0.0775
         laya iter 1 -> trimmed_mean_pool2 conf=0.6026 rank=5
         laya iter 2 -> trimmed_mean_pool_full conf=0.4546 rank=7
         laya iter 3 -> trimmed_mean_pool_full conf=0.4546 rank=7
         laya iter 4 -> trimmed_mean_pool_full conf=0.4546 rank=7
         laya iter 5 -> trimmed_mean_pool_full conf=0.4546 rank=7
[  63] best_single    score= 0.6251 origin=agent    iters=4 stop=no new information in 3 consecutive turns
         TEST  smape=0.1614  rmse=14.3574  pocid=57.14  mape=0.1537  | FLOOR smape=0.1190
         laya iter 1 -> best_ONLY_FT_catboost conf=0.4016 rank=1
         laya iter 2 -> best_ONLY_FT_catboost conf=0.6091 rank=1
         laya iter 3 -> best_ONLY_FT_catboost conf=0.6091 rank=1
         laya iter 4 -> best_ONLY_FT_catboost conf=0.6091 rank=1
[  64] trimmed_mean   score= 0.7103 origin=agent    iters=5 stop=no new information in 3 consecutive turns
         TEST  smape=0.1188  rmse=26.6866  pocid=28.57  mape=0.1118  | FLOOR smape=0.1143
         laya iter 1 -> median_pool2 conf=0.3314 rank=10
         laya iter 2 -> trimmed_mean_pool_full conf=0.458 rank=1
         laya iter 3 -> trimmed_mean_pool2 conf=0.4348 rank=9
         laya iter 4 -> trimmed_mean_pool2 conf=0.4348 rank=9
         laya iter 5 -> trimmed_mean_pool2 conf=0.4348 rank=9
[  65] dba            score= 0.6577 origin=baseline iters=3 stop=no new information in 3 consecutive turns
         TEST  smape=0.1253  rmse=27.1082  pocid=42.86  mape=0.1283  | FLOOR smape=0.1253
         laya iter 1 -> trimmed_mean_pool2 conf=0.3403 rank=6
         laya iter 2 -> trimmed_mean_pool2 conf=0.7179 rank=6
         laya iter 3 -> trimmed_mean_pool2 conf=0.7179 rank=6
[  66] best_single    score= 0.5505 origin=agent    iters=4 stop=no new information in 3 consecutive turns
         TEST  smape=0.0877  rmse=20.0936  pocid=71.43  mape=0.0855  | FLOOR smape=0.0750
         laya iter 1 -> best_ONLY_FT_catboost conf=0.7105 rank=1
         laya iter 2 -> best_ONLY_FT_catboost conf=0.934 rank=1
         laya iter 3 -> best_ONLY_FT_catboost conf=0.934 rank=1
         laya iter 4 -> best_ONLY_FT_catboost conf=0.934 rank=1
[  67] best_single    score= 0.5236 origin=agent    iters=4 stop=no new information in 3 consecutive turns
         TEST  smape=0.1361  rmse=50.4637  pocid=28.57  mape=0.1526  | FLOOR smape=0.1476
         laya iter 1 -> best_ONLY_DWT_catboost conf=0.988 rank=1
         laya iter 2 -> best_ONLY_DWT_catboost conf=0.9341 rank=1
         laya iter 3 -> best_ONLY_DWT_catboost conf=0.9341 rank=1
         laya iter 4 -> best_ONLY_DWT_catboost conf=0.9341 rank=1
[  68] trimmed_mean   score= 0.7241 origin=agent    iters=5 stop=no new information in 3 consecutive turns
         TEST  smape=0.0957  rmse=13.0736  pocid=42.86  mape=0.0979  | FLOOR smape=0.0983
         laya iter 1 -> median_pool2 conf=0.3107 rank=3
         laya iter 2 -> trimmed_mean_pool_full conf=0.6154 rank=1
         laya iter 3 -> trimmed_mean_pool_full conf=0.4066 rank=1
         laya iter 4 -> trimmed_mean_pool_full conf=0.4066 rank=1
         laya iter 5 -> trimmed_mean_pool_full conf=0.4066 rank=1
[  69] mean           score= 0.6952 origin=baseline iters=5 stop=no new information in 3 consecutive turns
         TEST  smape=0.1305  rmse=18.9446  pocid=14.29  mape=0.1463  | FLOOR smape=0.1305
         laya iter 1 -> trimmed_mean_pool2 conf=0.4561 rank=3
         laya iter 2 -> trimmed_mean_pool_full conf=0.451 rank=6
         laya iter 3 -> trimmed_mean_pool2 conf=0.4388 rank=3
         laya iter 4 -> trimmed_mean_pool2 conf=0.4388 rank=3
         laya iter 5 -> trimmed_mean_pool2 conf=0.4388 rank=3
[  70] dba            score= 0.6383 origin=baseline iters=5 stop=no new information in 3 consecutive turns
         TEST  smape=0.1595  rmse=16.2623  pocid=57.14  mape=0.1687  | FLOOR smape=0.1595
         laya iter 1 -> median_pool3 conf=0.2568 rank=6
         laya iter 2 -> median_pool2 conf=0.7759 rank=6
         laya iter 3 -> median_pool2 conf=0.9725 rank=6
         laya iter 4 -> median_pool2 conf=0.9725 rank=6
         laya iter 5 -> median_pool2 conf=0.9725 rank=6
[  71] mean           score= 0.6857 origin=baseline iters=4 stop=no new information in 3 consecutive turns
         TEST  smape=0.0851  rmse=10.9971  pocid=28.57  mape=0.0856  | FLOOR smape=0.0851
         laya iter 1 -> median_pool2 conf=0.2723 rank=7
         laya iter 2 -> median_pool2 conf=0.2009 rank=7
         laya iter 3 -> median_pool2 conf=0.2009 rank=7
         laya iter 4 -> median_pool2 conf=0.2009 rank=7
[  72] median         score= 0.6780 origin=baseline iters=5 stop=no new information in 3 consecutive turns
         TEST  smape=0.1378  rmse=16.9550  pocid=57.14  mape=0.1516  | FLOOR smape=0.1378
         laya iter 1 -> median_pool2 conf=0.2823 rank=9
         laya iter 2 -> median_pool1 conf=0.6465 rank=10
         laya iter 3 -> median_pool1 conf=0.6465 rank=10
         laya iter 4 -> median_pool1 conf=0.6465 rank=10
         laya iter 5 -> median_pool1 conf=0.6465 rank=10
[  73] mean           score= 0.6572 origin=baseline iters=4 stop=no new information in 3 consecutive turns
         TEST  smape=0.1579  rmse=18.2593  pocid=42.86  mape=0.1444  | FLOOR smape=0.1579
         laya iter 1 -> trimmed_mean_pool_full conf=0.2144 rank=6
         laya iter 2 -> trimmed_mean_pool_full conf=0.6995 rank=6
         laya iter 3 -> trimmed_mean_pool_full conf=0.6995 rank=6
         laya iter 4 -> trimmed_mean_pool_full conf=0.6995 rank=6
[  74] best_single    score= 0.6057 origin=agent    iters=4 stop=no new information in 3 consecutive turns
         TEST  smape=0.1115  rmse=13.7667  pocid=28.57  mape=0.1190  | FLOOR smape=0.1377
         laya iter 1 -> best_FT_rf conf=0.5576 rank=1
         laya iter 2 -> best_FT_rf conf=0.6408 rank=1
         laya iter 3 -> best_FT_rf conf=0.6408 rank=1
         laya iter 4 -> best_FT_rf conf=0.6408 rank=1
[  75] trimmed_mean   score= 0.4479 origin=baseline iters=4 stop=no new information in 3 consecutive turns
         TEST  smape=0.1245  rmse=15.0899  pocid=100.00  mape=0.1166  | FLOOR smape=0.1245
         laya iter 1 -> trimmed_mean_pool_full conf=0.1994 rank=9
         laya iter 2 -> trimmed_mean_pool_full conf=0.3049 rank=9
         laya iter 3 -> trimmed_mean_pool_full conf=0.3049 rank=9
         laya iter 4 -> trimmed_mean_pool_full conf=0.3049 rank=9
[  76] mean           score= 0.5996 origin=baseline iters=5 stop=no new information in 3 consecutive turns
         TEST  smape=0.0786  rmse=11.7526  pocid=57.14  mape=0.0820  | FLOOR smape=0.0786
         laya iter 1 -> trimmed_mean_pool2 conf=0.2574 rank=3
         laya iter 2 -> trimmed_mean_pool_full conf=0.2666 rank=8
         laya iter 3 -> trimmed_mean_pool_full conf=0.2666 rank=8
         laya iter 4 -> trimmed_mean_pool_full conf=0.2666 rank=8
         laya iter 5 -> trimmed_mean_pool_full conf=0.2666 rank=8
[  77] mean           score= 0.5843 origin=baseline iters=5 stop=no new information in 3 consecutive turns
         TEST  smape=0.0885  rmse=17.1500  pocid=42.86  mape=0.0933  | FLOOR smape=0.0885
         laya iter 1 -> trimmed_mean_pool2 conf=0.268 rank=4
         laya iter 2 -> median_pool2 conf=0.3048 rank=7
         laya iter 3 -> median_pool2 conf=0.3048 rank=7
         laya iter 4 -> median_pool2 conf=0.3048 rank=7
         laya iter 5 -> median_pool2 conf=0.3048 rank=7
[  78] trimmed_mean   score= 0.6282 origin=baseline iters=4 stop=no new information in 3 consecutive turns
         TEST  smape=0.1014  rmse=13.7804  pocid=14.29  mape=0.0958  | FLOOR smape=0.1014
         laya iter 1 -> median_pool2 conf=0.6778 rank=8
         laya iter 2 -> median_pool_full conf=0.383 rank=6
         laya iter 3 -> median_pool_full conf=0.383 rank=6
         laya iter 4 -> median_pool_full conf=0.383 rank=6
[  79] trimmed_mean   score= 0.6296 origin=baseline iters=5 stop=no new information in 3 consecutive turns
         TEST  smape=0.1177  rmse=23.0436  pocid=71.43  mape=0.1205  | FLOOR smape=0.1177
         laya iter 1 -> trimmed_mean_pool2 conf=0.3341 rank=5
         laya iter 2 -> trimmed_mean_pool_full conf=0.4199 rank=9
         laya iter 3 -> trimmed_mean_pool_full conf=0.4199 rank=9
         laya iter 4 -> trimmed_mean_pool_full conf=0.4199 rank=9
         laya iter 5 -> trimmed_mean_pool_full conf=0.4199 rank=9
[  80] trimmed_mean   score= 0.6175 origin=baseline iters=5 stop=no new information in 3 consecutive turns
         TEST  smape=0.1695  rmse=12.9178  pocid=0.00  mape=0.1919  | FLOOR smape=0.1695
         laya iter 1 -> median_pool2 conf=0.9996 rank=3
         laya iter 2 -> median_pool1 conf=0.2623 rank=10
         laya iter 3 -> median_pool1 conf=0.2623 rank=10
         laya iter 4 -> median_pool1 conf=0.2623 rank=10
         laya iter 5 -> median_pool1 conf=0.2623 rank=10
[  81] dba            score= 0.6377 origin=baseline iters=7 stop=no new information in 3 consecutive turns
         TEST  smape=0.1137  rmse=11.8396  pocid=85.71  mape=0.1109  | FLOOR smape=0.1137
         laya iter 1 -> median_pool3 conf=0.6912 rank=4
         laya iter 2 -> median_pool1 conf=0.4045 rank=5
         laya iter 3 -> trimmed_mean_pool_full conf=0.5977 rank=3
         laya iter 4 -> median_pool2 conf=0.9376 rank=13
         laya iter 5 -> median_pool2 conf=0.9376 rank=13
         laya iter 6 -> median_pool2 conf=0.9376 rank=13
         laya iter 7 -> median_pool2 conf=0.9376 rank=13
[  82] median         score= 0.6986 origin=agent    iters=5 stop=no new information in 3 consecutive turns
         TEST  smape=0.1241  rmse=36.4670  pocid=42.86  mape=0.1293  | FLOOR smape=0.1296
         laya iter 1 -> median_pool2 conf=0.9566 rank=1
         laya iter 2 -> median_pool1 conf=0.3082 rank=1
         laya iter 3 -> median_pool2 conf=0.2665 rank=2
         laya iter 4 -> median_pool2 conf=0.2665 rank=2
         laya iter 5 -> median_pool2 conf=0.2665 rank=2
[  83] mean           score= 0.6857 origin=baseline iters=4 stop=no new information in 3 consecutive turns
         TEST  smape=0.1207  rmse=21.0334  pocid=42.86  mape=0.1114  | FLOOR smape=0.1207
         laya iter 1 -> median_pool2 conf=0.4191 rank=6
         laya iter 2 -> median_pool2 conf=0.9983 rank=6
         laya iter 3 -> median_pool2 conf=0.9983 rank=6
         laya iter 4 -> median_pool2 conf=0.9983 rank=6
[  84] best_single    score= 0.6482 origin=agent    iters=6 stop=no new information in 3 consecutive turns
         TEST  smape=0.1206  rmse=10.7870  pocid=42.86  mape=0.1269  | FLOOR smape=0.1366
         laya iter 1 -> trimmed_mean_pool2 conf=0.3993 rank=5
         laya iter 2 -> trimmed_mean_pool_full conf=0.5068 rank=3
         laya iter 3 -> best_FT_catboost conf=0.4299 rank=1
         laya iter 4 -> best_FT_catboost conf=0.4964 rank=1
         laya iter 5 -> best_FT_catboost conf=0.4964 rank=1
         laya iter 6 -> best_FT_catboost conf=0.4964 rank=1
[  85] best_single    score= 0.6329 origin=agent    iters=4 stop=no new information in 3 consecutive turns
         TEST  smape=0.0974  rmse=10.4743  pocid=71.43  mape=0.0974  | FLOOR smape=0.0844
         laya iter 1 -> best_ONLY_FT_catboost conf=0.9968 rank=1
         laya iter 2 -> best_ONLY_FT_catboost conf=1.0 rank=1
         laya iter 3 -> best_ONLY_FT_catboost conf=1.0 rank=1
         laya iter 4 -> best_ONLY_FT_catboost conf=1.0 rank=1
[  86] dba            score= 0.6423 origin=baseline iters=3 stop=no new information in 3 consecutive turns
         TEST  smape=0.0894  rmse=13.5008  pocid=71.43  mape=0.0866  | FLOOR smape=0.0894
         laya iter 1 -> median_pool_full conf=0.3782 rank=5
         laya iter 2 -> median_pool_full conf=0.36 rank=5
         laya iter 3 -> median_pool_full conf=0.36 rank=5
[  87] trimmed_mean   score= 0.6906 origin=agent    iters=4 stop=no new information in 3 consecutive turns
         TEST  smape=0.4104  rmse=41.5790  pocid=71.43  mape=0.6402  | FLOOR smape=0.4153
         laya iter 1 -> trimmed_mean_pool_full conf=0.6972 rank=1
         laya iter 2 -> trimmed_mean_pool_full conf=0.8403 rank=1
         laya iter 3 -> trimmed_mean_pool_full conf=0.8403 rank=1
         laya iter 4 -> trimmed_mean_pool_full conf=0.8403 rank=1
[  88] median         score= 0.6488 origin=baseline iters=4 stop=no new information in 3 consecutive turns
         TEST  smape=0.3900  rmse=28.7573  pocid=71.43  mape=0.5437  | FLOOR smape=0.3900
         laya iter 1 -> best_ONLY_CWT_catboost conf=0.4876 rank=4
         laya iter 2 -> best_ONLY_CWT_catboost conf=0.4743 rank=4
         laya iter 3 -> best_ONLY_CWT_catboost conf=0.4743 rank=4
         laya iter 4 -> best_ONLY_CWT_catboost conf=0.4743 rank=4
[  89] median         score= 0.6758 origin=agent    iters=5 stop=no new information in 3 consecutive turns
         TEST  smape=0.1193  rmse=20.5038  pocid=42.86  mape=0.1322  | FLOOR smape=0.1170
         laya iter 1 -> best_FT_rf conf=0.3382 rank=2
         laya iter 2 -> median_pool2 conf=0.2617 rank=1
         laya iter 3 -> median_pool2 conf=0.5549 rank=1
         laya iter 4 -> median_pool2 conf=0.5549 rank=1
         laya iter 5 -> median_pool2 conf=0.5549 rank=1
[  90] median         score= 0.5858 origin=agent    iters=4 stop=no new information in 3 consecutive turns
         TEST  smape=0.1091  rmse=14.4689  pocid=28.57  mape=0.1244  | FLOOR smape=0.0993
         laya iter 1 -> median_pool2 conf=0.3101 rank=1
         laya iter 2 -> median_pool2 conf=0.4479 rank=1
         laya iter 3 -> median_pool2 conf=0.4479 rank=1
         laya iter 4 -> median_pool2 conf=0.4479 rank=1
[  91] mean           score= 0.6052 origin=baseline iters=5 stop=no new information in 3 consecutive turns
         TEST  smape=0.1806  rmse=21.6758  pocid=57.14  mape=0.1667  | FLOOR smape=0.1806
         laya iter 1 -> trimmed_mean_pool2 conf=0.2672 rank=5
         laya iter 2 -> median_pool2 conf=0.5364 rank=3
         laya iter 3 -> median_pool2 conf=0.9588 rank=3
         laya iter 4 -> median_pool2 conf=0.9588 rank=3
         laya iter 5 -> median_pool2 conf=0.9588 rank=3
[  92] dba            score= 0.6467 origin=baseline iters=4 stop=no new information in 3 consecutive turns
         TEST  smape=0.1299  rmse=27.6728  pocid=71.43  mape=0.1214  | FLOOR smape=0.1299
         laya iter 1 -> best_ONLY_DWT_catboost conf=0.7293 rank=3
         laya iter 2 -> best_ONLY_DWT_catboost conf=0.9516 rank=3
         laya iter 3 -> best_ONLY_DWT_catboost conf=0.9516 rank=3
         laya iter 4 -> best_ONLY_DWT_catboost conf=0.9516 rank=3
[  93] mean           score= 0.6667 origin=baseline iters=5 stop=no new information in 3 consecutive turns
         TEST  smape=0.1256  rmse=17.9576  pocid=71.43  mape=0.1265  | FLOOR smape=0.1256
         laya iter 1 -> median_pool2 conf=0.4526 rank=9
         laya iter 2 -> trimmed_mean_pool_full conf=0.4832 rank=2
         laya iter 3 -> median_pool2 conf=0.2756 rank=10
         laya iter 4 -> median_pool2 conf=0.2756 rank=10
         laya iter 5 -> median_pool2 conf=0.2756 rank=10
[  94] trimmed_mean   score= 0.6267 origin=baseline iters=4 stop=no new information in 3 consecutive turns
         TEST  smape=0.0954  rmse=18.6102  pocid=57.14  mape=0.0906  | FLOOR smape=0.0954
         laya iter 1 -> median_pool2 conf=0.48 rank=3
         laya iter 2 -> median_pool2 conf=0.9763 rank=3
         laya iter 3 -> median_pool2 conf=0.9763 rank=3
         laya iter 4 -> median_pool2 conf=0.9763 rank=3
[  95] dba            score= 0.6534 origin=baseline iters=4 stop=no new information in 3 consecutive turns
         TEST  smape=0.0423  rmse=8.6894  pocid=71.43  mape=0.0415  | FLOOR smape=0.0423
         laya iter 1 -> trimmed_mean_pool_full conf=0.3485 rank=4
         laya iter 2 -> trimmed_mean_pool_full conf=0.9507 rank=4
         laya iter 3 -> trimmed_mean_pool_full conf=0.9507 rank=4
         laya iter 4 -> trimmed_mean_pool_full conf=0.9507 rank=4
[  96] best_single    score= 0.4726 origin=agent    iters=4 stop=no new information in 3 consecutive turns
         TEST  smape=0.1417  rmse=15.9605  pocid=71.43  mape=0.1304  | FLOOR smape=0.1002
         laya iter 1 -> best_ONLY_DWT_rf conf=0.8867 rank=1
         laya iter 2 -> best_ONLY_DWT_rf conf=0.9996 rank=1
         laya iter 3 -> best_ONLY_DWT_rf conf=0.9996 rank=1
         laya iter 4 -> best_ONLY_DWT_rf conf=0.9996 rank=1
[  97] mean           score= 0.7036 origin=baseline iters=4 stop=no new information in 3 consecutive turns
         TEST  smape=0.1185  rmse=23.7866  pocid=57.14  mape=0.1382  | FLOOR smape=0.1185
         laya iter 1 -> trimmed_mean_pool_full conf=0.3482 rank=7
         laya iter 2 -> trimmed_mean_pool_full conf=0.5306 rank=7
         laya iter 3 -> trimmed_mean_pool_full conf=0.5306 rank=7
         laya iter 4 -> trimmed_mean_pool_full conf=0.5306 rank=7
[  98] dba            score= 0.6345 origin=baseline iters=4 stop=no new information in 3 consecutive turns
         TEST  smape=0.1435  rmse=19.7560  pocid=28.57  mape=0.1363  | FLOOR smape=0.1435
         laya iter 1 -> best_ONLY_FT_rf conf=0.9966 rank=2
         laya iter 2 -> best_ONLY_FT_rf conf=0.9999 rank=2
         laya iter 3 -> best_ONLY_FT_rf conf=0.9999 rank=2
         laya iter 4 -> best_ONLY_FT_rf conf=0.9999 rank=2
[  99] trimmed_mean   score= 0.4671 origin=baseline iters=4 stop=no new information in 3 consecutive turns
         TEST  smape=0.0674  rmse=8.4933  pocid=28.57  mape=0.0660  | FLOOR smape=0.0674
         laya iter 1 -> median_pool2 conf=0.8225 rank=3
         laya iter 2 -> median_pool2 conf=0.8517 rank=3
         laya iter 3 -> median_pool2 conf=0.8517 rank=3
         laya iter 4 -> median_pool2 conf=0.8517 rank=3
[ 100] trimmed_mean   score= 0.6581 origin=baseline iters=5 stop=no new information in 3 consecutive turns
         TEST  smape=0.1093  rmse=18.8526  pocid=57.14  mape=0.1133  | FLOOR smape=0.1093
         laya iter 1 -> trimmed_mean_pool2 conf=0.2456 rank=6
         laya iter 2 -> trimmed_mean_pool_full conf=0.4433 rank=3
         laya iter 3 -> median_pool_full conf=0.6479 rank=5
         laya iter 4 -> median_pool_full conf=0.6479 rank=5
         laya iter 5 -> median_pool_full conf=0.6479 rank=5
[ 101] trimmed_mean   score= 0.6270 origin=baseline iters=4 stop=no new information in 3 consecutive turns
         TEST  smape=0.0915  rmse=14.4485  pocid=14.29  mape=0.0928  | FLOOR smape=0.0915
         laya iter 1 -> median_pool2 conf=0.5802 rank=2
         laya iter 2 -> median_pool2 conf=0.5384 rank=2
         laya iter 3 -> median_pool2 conf=0.5384 rank=2
         laya iter 4 -> median_pool2 conf=0.5384 rank=2
[ 102] trimmed_mean   score= 0.7090 origin=baseline iters=4 stop=no new information in 3 consecutive turns
         TEST  smape=0.1511  rmse=10.9337  pocid=42.86  mape=0.1403  | FLOOR smape=0.1511
         laya iter 1 -> best_ONLY_CWT_rf conf=0.7532 rank=7
         laya iter 2 -> best_ONLY_CWT_rf conf=0.5341 rank=7
         laya iter 3 -> best_ONLY_CWT_rf conf=0.5341 rank=7
         laya iter 4 -> best_ONLY_CWT_rf conf=0.5341 rank=7
[ 103] dba            score= 0.6755 origin=baseline iters=4 stop=no new information in 3 consecutive turns
         TEST  smape=0.1008  rmse=18.7019  pocid=57.14  mape=0.0976  | FLOOR smape=0.1008
         laya iter 1 -> best_ONLY_FT_catboost conf=0.3365 rank=6
         laya iter 2 -> best_ONLY_FT_catboost conf=0.9547 rank=6
         laya iter 3 -> best_ONLY_FT_catboost conf=0.9547 rank=6
         laya iter 4 -> best_ONLY_FT_catboost conf=0.9547 rank=6
[ 104] median         score= 0.6796 origin=baseline iters=4 stop=no new information in 3 consecutive turns
         TEST  smape=0.0414  rmse=5.8662  pocid=57.14  mape=0.0421  | FLOOR smape=0.0414
         laya iter 1 -> best_ONLY_DWT_catboost conf=0.9017 rank=2
         laya iter 2 -> best_ONLY_DWT_catboost conf=0.9986 rank=2
         laya iter 3 -> best_ONLY_DWT_catboost conf=0.9986 rank=2
         laya iter 4 -> best_ONLY_DWT_catboost conf=0.9986 rank=2
[ 105] median         score= 0.6583 origin=baseline iters=4 stop=no new information in 3 consecutive turns
         TEST  smape=0.0585  rmse=9.9628  pocid=57.14  mape=0.0591  | FLOOR smape=0.0585
         laya iter 1 -> best_ONLY_DWT_rf conf=0.6061 rank=6
         laya iter 2 -> best_ONLY_DWT_rf conf=1.0 rank=6
         laya iter 3 -> best_ONLY_DWT_rf conf=1.0 rank=6
         laya iter 4 -> best_ONLY_DWT_rf conf=1.0 rank=6
[ 106] best_single    score= 0.5604 origin=agent    iters=4 stop=no new information in 3 consecutive turns
         TEST  smape=0.1585  rmse=19.5066  pocid=42.86  mape=0.1681  | FLOOR smape=0.1564
         laya iter 1 -> best_ONLY_FT_catboost conf=0.5612 rank=1
         laya iter 2 -> best_ONLY_FT_catboost conf=0.9781 rank=1
         laya iter 3 -> best_ONLY_FT_catboost conf=0.9781 rank=1
         laya iter 4 -> best_ONLY_FT_catboost conf=0.9781 rank=1
[ 107] trimmed_mean   score= 0.6052 origin=baseline iters=5 stop=no new information in 3 consecutive turns
         TEST  smape=0.1064  rmse=14.7482  pocid=42.86  mape=0.1098  | FLOOR smape=0.1064
         laya iter 1 -> trimmed_mean_pool2 conf=0.3413 rank=4
         laya iter 2 -> trimmed_mean_pool_full conf=0.6846 rank=10
         laya iter 3 -> trimmed_mean_pool_full conf=0.6846 rank=10
         laya iter 4 -> trimmed_mean_pool_full conf=0.6846 rank=10
         laya iter 5 -> trimmed_mean_pool_full conf=0.6846 rank=10
[ 108] mean           score= 0.6762 origin=baseline iters=4 stop=no new information in 3 consecutive turns
         TEST  smape=0.0835  rmse=17.3461  pocid=57.14  mape=0.0799  | FLOOR smape=0.0835
         laya iter 1 -> median_pool2 conf=0.3462 rank=7
         laya iter 2 -> median_pool2 conf=0.4764 rank=7
         laya iter 3 -> median_pool2 conf=0.4764 rank=7
         laya iter 4 -> median_pool2 conf=0.4764 rank=7
[ 109] dba            score= 0.6621 origin=baseline iters=4 stop=no new information in 3 consecutive turns
         TEST  smape=0.3514  rmse=88.3087  pocid=28.57  mape=0.2904  | FLOOR smape=0.3514
         laya iter 1 -> trimmed_mean_pool_full conf=0.4474 rank=7
         laya iter 2 -> trimmed_mean_pool_full conf=0.6835 rank=7
         laya iter 3 -> trimmed_mean_pool_full conf=0.6835 rank=7
         laya iter 4 -> trimmed_mean_pool_full conf=0.6835 rank=7
[ 110] trimmed_mean   score= 0.6209 origin=baseline iters=5 stop=no new information in 3 consecutive turns
         TEST  smape=0.1009  rmse=13.8069  pocid=28.57  mape=0.0952  | FLOOR smape=0.1009
         laya iter 1 -> median_pool2 conf=0.1791 rank=10
         laya iter 2 -> trimmed_mean_pool_full conf=0.2167 rank=3
         laya iter 3 -> trimmed_mean_pool_full conf=0.4526 rank=3
         laya iter 4 -> trimmed_mean_pool_full conf=0.4526 rank=3
         laya iter 5 -> trimmed_mean_pool_full conf=0.4526 rank=3
--------------------------------------------------------------------------
done in 14.8s | ok: 111 | failed: 0
DATASET SUMMARY over 111 series (mean across series):
  this run   smape=0.1172  rmse=18.3832  pocid=47.36  mape=0.1218  mae=15.0858
  baseline   smape=0.1156  rmse=18.2258  pocid=46.46  mape=0.1207  <- this run is WORSE than the seed floor
  mean       smape=0.1199  rmse=18.8837  pocid=44.53  mape=0.1241  <- this run is better
  median     smape=0.1201  rmse=18.6626  pocid=46.20  mape=0.1238  <- this run is better
  dba        smape=0.1226  rmse=19.3352  pocid=46.46  mape=0.1265  <- this run is better
  ADE        smape=0.1178  rmse=18.5121  pocid=45.05  mape=0.1219  <- this run is better
  FFORMA     smape=0.1197  rmse=18.8493  pocid=44.66  mape=0.1239  <- this run is better
csv: ./timeseries/mestrado/resultados/orchestrator_laya_laya_v0_ml8192/NN5_WEEKLY_DATASET.csv
dataset      : M4_WEEKLY_DATASET
source       : m4_weekly_dataset.tsf
models       : 19
agent        : laya-multilingual (max_len=8192)
writing to   : ./timeseries/mestrado/resultados/orchestrator_laya_laya_v0_ml8192
--------------------------------------------------------------------------
Fetching 5 files:   0%|          | 0/5 [00:00<?, ?it/s]Fetching 5 files: 100%|██████████| 5/5 [00:00<00:00, 2591.32it/s]
[   0] mean           score= 0.0413 origin=baseline iters=4 stop=no new information in 3 consecutive turns
         TEST  smape=0.0374  rmse=1839.5041  pocid=25.00  mape=0.0388  | FLOOR smape=0.0374
         laya iter 1 -> median_pool2 conf=1.0 rank=2
         laya iter 2 -> median_pool2 conf=0.5073 rank=2
         laya iter 3 -> median_pool2 conf=0.5073 rank=2
         laya iter 4 -> median_pool2 conf=0.5073 rank=2
[   1] mean           score=-0.0387 origin=baseline iters=4 stop=no new information in 3 consecutive turns
         TEST  smape=0.0358  rmse=181.7292  pocid=58.33  mape=0.0371  | FLOOR smape=0.0358
         laya iter 1 -> best_CWT_rf conf=0.6196 rank=2
         laya iter 2 -> best_CWT_rf conf=0.9984 rank=2
         laya iter 3 -> best_CWT_rf conf=0.9984 rank=2
         laya iter 4 -> best_CWT_rf conf=0.9984 rank=2
[   2] best_single    score=-0.1443 origin=agent    iters=4 stop=no new information in 3 consecutive turns
         TEST  smape=0.0036  rmse=53.0568  pocid=100.00  mape=0.0035  | FLOOR smape=0.0072
         laya iter 1 -> best_ONLY_DWT_rf conf=0.476 rank=1
         laya iter 2 -> best_ONLY_DWT_rf conf=0.5515 rank=1
         laya iter 3 -> best_ONLY_DWT_rf conf=0.5515 rank=1
         laya iter 4 -> best_ONLY_DWT_rf conf=0.5515 rank=1
[   3] median         score= 0.3391 origin=agent    iters=6 stop=no new information in 3 consecutive turns
         TEST  smape=0.2032  rmse=750.7781  pocid=58.33  mape=0.1769  | FLOOR smape=0.1715
         laya iter 1 -> median_pool_full conf=0.4884 rank=5
         laya iter 2 -> median_pool2 conf=0.5647 rank=3
         laya iter 3 -> median_pool1 conf=0.779 rank=1
         laya iter 4 -> median_pool1 conf=0.4238 rank=1
         laya iter 5 -> median_pool1 conf=0.4238 rank=1
         laya iter 6 -> median_pool1 conf=0.4238 rank=1
[   4] mean           score= 0.2276 origin=baseline iters=4 stop=no new information in 3 consecutive turns
         TEST  smape=0.1239  rmse=304.6077  pocid=66.67  mape=0.1251  | FLOOR smape=0.1239
         laya iter 1 -> best_FT_rf conf=0.5125 rank=3
         laya iter 2 -> best_FT_rf conf=0.5516 rank=3
         laya iter 3 -> best_FT_rf conf=0.5516 rank=3
         laya iter 4 -> best_FT_rf conf=0.5516 rank=3
[   5] best_single    score= 0.4030 origin=agent    iters=4 stop=no new information in 3 consecutive turns
         TEST  smape=0.2877  rmse=303.2396  pocid=33.33  mape=0.2374  | FLOOR smape=0.2997
         laya iter 1 -> best_ONLY_CWT_catboost conf=0.7279 rank=1
         laya iter 2 -> best_ONLY_CWT_catboost conf=0.8892 rank=1
         laya iter 3 -> best_ONLY_CWT_catboost conf=0.8892 rank=1
         laya iter 4 -> best_ONLY_CWT_catboost conf=0.8892 rank=1
[   6] best_single    score= 0.2356 origin=agent    iters=5 stop=no new information in 3 consecutive turns
         TEST  smape=0.3363  rmse=1827.2417  pocid=50.00  mape=0.2763  | FLOOR smape=0.2823
         laya iter 1 -> median_pool2 conf=0.5286 rank=3
         laya iter 2 -> best_FT_rf conf=0.3195 rank=1
         laya iter 3 -> best_FT_rf conf=0.5253 rank=1
         laya iter 4 -> best_FT_rf conf=0.5253 rank=1
         laya iter 5 -> best_FT_rf conf=0.5253 rank=1
[   7] median         score= 0.5697 origin=baseline iters=4 stop=no new information in 3 consecutive turns
         TEST  smape=0.3456  rmse=1980.3565  pocid=41.67  mape=0.4309  | FLOOR smape=0.3456
         laya iter 1 -> median_pool2 conf=0.221 rank=2
         laya iter 2 -> median_pool2 conf=0.4305 rank=2
         laya iter 3 -> median_pool2 conf=0.4305 rank=2
         laya iter 4 -> median_pool2 conf=0.4305 rank=2
[   8] best_single    score= 0.3587 origin=agent    iters=4 stop=no new information in 3 consecutive turns
         TEST  smape=0.0985  rmse=1180.1490  pocid=58.33  mape=0.1080  | FLOOR smape=0.1106
         laya iter 1 -> best_FT_rf conf=0.4662 rank=1
         laya iter 2 -> best_FT_rf conf=0.9253 rank=1
         laya iter 3 -> best_FT_rf conf=0.9253 rank=1
         laya iter 4 -> best_FT_rf conf=0.9253 rank=1
[   9] trimmed_mean   score= 0.0280 origin=baseline iters=5 stop=no new information in 3 consecutive turns
         TEST  smape=0.6248  rmse=5630.7468  pocid=8.33  mape=0.9657  | FLOOR smape=0.6248
         laya iter 1 -> median_pool2 conf=0.5569 rank=4
         laya iter 2 -> median_pool1 conf=0.5833 rank=5
         laya iter 3 -> median_pool2 conf=0.7159 rank=4
         laya iter 4 -> median_pool2 conf=0.7159 rank=4
         laya iter 5 -> median_pool2 conf=0.7159 rank=4
[  10] mean           score= 0.1813 origin=baseline iters=3 stop=no new information in 3 consecutive turns
         TEST  smape=0.0760  rmse=31.6682  pocid=83.33  mape=0.0764  | FLOOR smape=0.0760
         laya iter 1 -> trimmed_mean_pool2 conf=0.9513 rank=6
         laya iter 2 -> trimmed_mean_pool1 conf=0.5267 rank=3
         laya iter 3 -> trimmed_mean_pool1 conf=0.5267 rank=3
[  11] median         score= 0.6828 origin=agent    iters=4 stop=no new information in 3 consecutive turns
         TEST  smape=0.0174  rmse=23.8135  pocid=41.67  mape=0.0172  | FLOOR smape=0.0286
         laya iter 1 -> median_pool2 conf=0.9973 rank=1
         laya iter 2 -> median_pool2 conf=0.3862 rank=1
         laya iter 3 -> median_pool2 conf=0.3862 rank=1
         laya iter 4 -> median_pool2 conf=0.3862 rank=1
[  12] best_single    score= 0.3552 origin=agent    iters=4 stop=no new information in 3 consecutive turns
         TEST  smape=0.0571  rmse=164.6412  pocid=41.67  mape=0.0548  | FLOOR smape=0.0242
         laya iter 1 -> best_ONLY_FT_rf conf=0.8033 rank=1
         laya iter 2 -> best_ONLY_FT_rf conf=0.5994 rank=1
         laya iter 3 -> best_ONLY_FT_rf conf=0.5994 rank=1
         laya iter 4 -> best_ONLY_FT_rf conf=0.5994 rank=1
[  13] mean           score= 0.2463 origin=baseline iters=4 stop=no new information in 3 consecutive turns
         TEST  smape=0.0455  rmse=130.7939  pocid=58.33  mape=0.0470  | FLOOR smape=0.0455
         laya iter 1 -> median_pool2 conf=0.4817 rank=6
         laya iter 2 -> median_pool2 conf=0.4952 rank=6
         laya iter 3 -> median_pool2 conf=0.4952 rank=6
         laya iter 4 -> median_pool2 conf=0.4952 rank=6
[  14] median         score= 0.5119 origin=baseline iters=4 stop=no new information in 3 consecutive turns
         TEST  smape=0.1277  rmse=629.8445  pocid=50.00  mape=0.1386  | FLOOR smape=0.1277
         laya iter 1 -> median_pool2 conf=0.751 rank=2
         laya iter 2 -> median_pool2 conf=0.2933 rank=2
         laya iter 3 -> median_pool2 conf=0.2933 rank=2
         laya iter 4 -> median_pool2 conf=0.2933 rank=2
[  15] median         score= 0.5733 origin=baseline iters=5 stop=no new information in 3 consecutive turns
         TEST  smape=0.1564  rmse=825.5097  pocid=41.67  mape=0.1754  | FLOOR smape=0.1564
         laya iter 1 -> median_pool2 conf=0.3129 rank=2
         laya iter 2 -> median_pool1 conf=0.3349 rank=5
         laya iter 3 -> median_pool1 conf=0.2642 rank=5
         laya iter 4 -> median_pool1 conf=0.2642 rank=5
         laya iter 5 -> median_pool1 conf=0.2642 rank=5
[  16] mean           score=-0.0535 origin=baseline iters=5 stop=no new information in 3 consecutive turns
         TEST  smape=0.0179  rmse=266.1712  pocid=50.00  mape=0.0177  | FLOOR smape=0.0179
         laya iter 1 -> best_ONLY_DWT_rf conf=0.2705 rank=7
         laya iter 2 -> trimmed_mean_pool_full conf=0.28 rank=9
         laya iter 3 -> trimmed_mean_pool_full conf=0.28 rank=9
         laya iter 4 -> trimmed_mean_pool_full conf=0.28 rank=9
         laya iter 5 -> trimmed_mean_pool_full conf=0.28 rank=9
[  17] median         score= 0.0013 origin=baseline iters=3 stop=no new information in 3 consecutive turns
         TEST  smape=0.0539  rmse=281.1832  pocid=33.33  mape=0.0563  | FLOOR smape=0.0539
         laya iter 1 -> median_pool_full conf=0.4238 rank=1
         laya iter 2 -> median_pool_full conf=0.4177 rank=1
         laya iter 3 -> median_pool_full conf=0.4177 rank=1
[  18] best_single    score= 0.1286 origin=agent    iters=4 stop=no new information in 3 consecutive turns
         TEST  smape=0.2000  rmse=1243.3159  pocid=50.00  mape=0.1961  | FLOOR smape=0.2098
         laya iter 1 -> best_FT_rf conf=0.5945 rank=1
         laya iter 2 -> best_FT_rf conf=0.9652 rank=1
         laya iter 3 -> best_FT_rf conf=0.9652 rank=1
         laya iter 4 -> best_FT_rf conf=0.9652 rank=1
[  19] mean           score= 0.6556 origin=baseline iters=4 stop=no new information in 3 consecutive turns
         TEST  smape=0.1083  rmse=481.4908  pocid=75.00  mape=0.1140  | FLOOR smape=0.1083
         laya iter 1 -> best_FT_catboost conf=0.6035 rank=2
         laya iter 2 -> best_FT_catboost conf=0.932 rank=2
         laya iter 3 -> best_FT_catboost conf=0.932 rank=2
         laya iter 4 -> best_FT_catboost conf=0.932 rank=2
[  20] trimmed_mean   score= 0.4007 origin=baseline iters=4 stop=no new information in 3 consecutive turns
         TEST  smape=0.2205  rmse=695.8261  pocid=66.67  mape=0.1947  | FLOOR smape=0.2205
         laya iter 1 -> trimmed_mean_pool_full conf=0.1475 rank=8
         laya iter 2 -> trimmed_mean_pool_full conf=0.2903 rank=8
         laya iter 3 -> trimmed_mean_pool_full conf=0.2903 rank=8
         laya iter 4 -> trimmed_mean_pool_full conf=0.2903 rank=8
[  21] best_single    score= 0.3757 origin=agent    iters=4 stop=no new information in 3 consecutive turns
         TEST  smape=0.1717  rmse=736.1602  pocid=66.67  mape=0.1566  | FLOOR smape=0.1585
         laya iter 1 -> best_ONLY_DWT_rf conf=0.5912 rank=1
         laya iter 2 -> best_ONLY_DWT_rf conf=0.6179 rank=1
         laya iter 3 -> best_ONLY_DWT_rf conf=0.6179 rank=1
         laya iter 4 -> best_ONLY_DWT_rf conf=0.6179 rank=1
[  22] mean           score= 0.3329 origin=baseline iters=3 stop=no new information in 3 consecutive turns
         TEST  smape=0.1081  rmse=106.4020  pocid=41.67  mape=0.1186  | FLOOR smape=0.1081
         laya iter 1 -> trimmed_mean_pool2 conf=0.516 rank=4
         laya iter 2 -> trimmed_mean_pool2 conf=0.3131 rank=4
         laya iter 3 -> trimmed_mean_pool2 conf=0.3131 rank=4
[  23] median         score= 0.4302 origin=baseline iters=4 stop=no new information in 3 consecutive turns
         TEST  smape=0.2284  rmse=3667.8957  pocid=75.00  mape=0.2124  | FLOOR smape=0.2284
         laya iter 1 -> median_pool2 conf=0.5222 rank=2
         laya iter 2 -> median_pool2 conf=0.6681 rank=2
         laya iter 3 -> median_pool2 conf=0.6681 rank=2
         laya iter 4 -> median_pool2 conf=0.6681 rank=2
[  24] median         score= 0.5852 origin=baseline iters=4 stop=no new information in 3 consecutive turns
         TEST  smape=0.2707  rmse=683.1605  pocid=58.33  mape=0.2332  | FLOOR smape=0.2707
         laya iter 1 -> median_pool2 conf=0.252 rank=7
         laya iter 2 -> median_pool_full conf=0.2437 rank=1
         laya iter 3 -> median_pool_full conf=0.2437 rank=1
         laya iter 4 -> median_pool_full conf=0.2437 rank=1
[  25] best_single    score= 0.2769 origin=agent    iters=5 stop=no new information in 3 consecutive turns
         TEST  smape=0.3268  rmse=1674.9249  pocid=50.00  mape=0.2692  | FLOOR smape=0.2785
         laya iter 1 -> best_ONLY_FT_catboost conf=0.6979 rank=1
         laya iter 2 -> median_pool2 conf=0.3757 rank=3
         laya iter 3 -> best_ONLY_FT_catboost conf=0.8136 rank=1
         laya iter 4 -> best_ONLY_FT_catboost conf=0.8136 rank=1
         laya iter 5 -> best_ONLY_FT_catboost conf=0.8136 rank=1
[  26] median         score= 0.5825 origin=baseline iters=4 stop=no new information in 3 consecutive turns
         TEST  smape=0.3181  rmse=1072.5384  pocid=33.33  mape=0.2649  | FLOOR smape=0.3181
         laya iter 1 -> median_pool2 conf=0.523 rank=3
         laya iter 2 -> median_pool2 conf=0.5594 rank=3
         laya iter 3 -> median_pool2 conf=0.5594 rank=3
         laya iter 4 -> median_pool2 conf=0.5594 rank=3
[  27] trimmed_mean   score= 0.3542 origin=baseline iters=5 stop=no new information in 3 consecutive turns
         TEST  smape=0.3047  rmse=2191.9009  pocid=50.00  mape=0.3061  | FLOOR smape=0.3047
         laya iter 1 -> best_DWT_rf conf=0.2566 rank=6
         laya iter 2 -> trimmed_mean_pool_full conf=0.4852 rank=9
         laya iter 3 -> trimmed_mean_pool_full conf=0.4852 rank=9
         laya iter 4 -> trimmed_mean_pool_full conf=0.4852 rank=9
         laya iter 5 -> trimmed_mean_pool_full conf=0.4852 rank=9
[  28] best_single    score= 0.2266 origin=agent    iters=4 stop=no new information in 3 consecutive turns
         TEST  smape=0.5452  rmse=696.0374  pocid=58.33  mape=0.4129  | FLOOR smape=0.4769
         laya iter 1 -> best_ONLY_CWT_catboost conf=0.8093 rank=1
         laya iter 2 -> best_ONLY_CWT_catboost conf=0.7109 rank=1
         laya iter 3 -> best_ONLY_CWT_catboost conf=0.7109 rank=1
         laya iter 4 -> best_ONLY_CWT_catboost conf=0.7109 rank=1
[  29] median         score= 0.5936 origin=baseline iters=4 stop=no new information in 3 consecutive turns
         TEST  smape=0.1259  rmse=873.9905  pocid=91.67  mape=0.1214  | FLOOR smape=0.1259
         laya iter 1 -> median_pool2 conf=0.3099 rank=2
         laya iter 2 -> median_pool2 conf=0.4378 rank=2
         laya iter 3 -> median_pool2 conf=0.4378 rank=2
         laya iter 4 -> median_pool2 conf=0.4378 rank=2
[  30] best_single    score= 0.4765 origin=agent    iters=6 stop=no new information in 3 consecutive turns
         TEST  smape=0.2307  rmse=418.0932  pocid=50.00  mape=0.2333  | FLOOR smape=0.3433
         laya iter 1 -> best_ONLY_DWT_catboost conf=0.5554 rank=1
         laya iter 2 -> median_pool1 conf=0.4698 rank=4
         laya iter 3 -> median_pool2 conf=0.8281 rank=6
         laya iter 4 -> median_pool2 conf=0.9769 rank=6
         laya iter 5 -> median_pool2 conf=0.9769 rank=6
         laya iter 6 -> median_pool2 conf=0.9769 rank=6
[  31] mean           score= 0.5293 origin=baseline iters=3 stop=no new information in 3 consecutive turns
         TEST  smape=0.2666  rmse=1692.7152  pocid=58.33  mape=0.2312  | FLOOR smape=0.2666
         laya iter 1 -> trimmed_mean_pool3 conf=0.2726 rank=5
         laya iter 2 -> trimmed_mean_pool2 conf=0.3024 rank=4
         laya iter 3 -> trimmed_mean_pool2 conf=0.3024 rank=4
[  32] trimmed_mean   score= 0.3412 origin=baseline iters=4 stop=no new information in 3 consecutive turns
         TEST  smape=0.1001  rmse=287.5269  pocid=83.33  mape=0.0995  | FLOOR smape=0.1001
         laya iter 1 -> best_ONLY_DWT_catboost conf=0.9747 rank=5
         laya iter 2 -> best_ONLY_DWT_catboost conf=0.9967 rank=5
         laya iter 3 -> best_ONLY_DWT_catboost conf=0.9967 rank=5
         laya iter 4 -> best_ONLY_DWT_catboost conf=0.9967 rank=5
[  33] mean           score= 0.4294 origin=baseline iters=4 stop=no new information in 3 consecutive turns
         TEST  smape=0.1593  rmse=372.9471  pocid=75.00  mape=0.1490  | FLOOR smape=0.1593
         laya iter 1 -> best_ONLY_DWT_catboost conf=0.4539 rank=3
         laya iter 2 -> best_ONLY_DWT_catboost conf=0.5101 rank=3
         laya iter 3 -> best_ONLY_DWT_catboost conf=0.5101 rank=3
         laya iter 4 -> best_ONLY_DWT_catboost conf=0.5101 rank=3
[  34] best_single    score= 0.3558 origin=agent    iters=5 stop=no new information in 3 consecutive turns
         TEST  smape=0.2816  rmse=542.2547  pocid=100.00  mape=0.2387  | FLOOR smape=0.1908
         laya iter 1 -> trimmed_mean_pool2 conf=0.4938 rank=5
         laya iter 2 -> best_ONLY_CWT_catboost conf=0.3845 rank=1
         laya iter 3 -> best_ONLY_CWT_catboost conf=0.6047 rank=1
         laya iter 4 -> best_ONLY_CWT_catboost conf=0.6047 rank=1
         laya iter 5 -> best_ONLY_CWT_catboost conf=0.6047 rank=1
[  35] best_single    score= 0.4046 origin=agent    iters=4 stop=no new information in 3 consecutive turns
         TEST  smape=0.1321  rmse=2352.5976  pocid=66.67  mape=0.1424  | FLOOR smape=0.1271
         laya iter 1 -> best_ONLY_DWT_rf conf=0.5117 rank=1
         laya iter 2 -> best_ONLY_DWT_rf conf=0.932 rank=1
         laya iter 3 -> best_ONLY_DWT_rf conf=0.932 rank=1
         laya iter 4 -> best_ONLY_DWT_rf conf=0.932 rank=1
[  36] trimmed_mean   score= 0.2636 origin=agent    iters=6 stop=no new information in 3 consecutive turns
         TEST  smape=0.0093  rmse=32.2990  pocid=25.00  mape=0.0093  | FLOOR smape=0.0135
         laya iter 1 -> median_pool_full conf=0.2167 rank=1
         laya iter 2 -> trimmed_mean_pool_full conf=0.3044 rank=1
         laya iter 3 -> median_pool1 conf=0.3756 rank=4
         laya iter 4 -> trimmed_mean_pool_full conf=0.2883 rank=1
         laya iter 5 -> trimmed_mean_pool_full conf=0.2883 rank=1
         laya iter 6 -> trimmed_mean_pool_full conf=0.2883 rank=1
[  37] mean           score= 0.7056 origin=baseline iters=4 stop=no new information in 3 consecutive turns
         TEST  smape=0.0142  rmse=51.1963  pocid=75.00  mape=0.0140  | FLOOR smape=0.0142
         laya iter 1 -> best_ONLY_DWT_rf conf=0.5819 rank=4
         laya iter 2 -> best_ONLY_DWT_rf conf=0.4338 rank=4
         laya iter 3 -> best_ONLY_DWT_rf conf=0.4338 rank=4
         laya iter 4 -> best_ONLY_DWT_rf conf=0.4338 rank=4
[  38] best_single    score= 0.0144 origin=agent    iters=5 stop=no new information in 3 consecutive turns
         TEST  smape=0.0312  rmse=200.4735  pocid=33.33  mape=0.0318  | FLOOR smape=0.0230
         laya iter 1 -> best_ONLY_DWT_rf conf=0.3534 rank=1
         laya iter 2 -> best_DWT_rf conf=0.6761 rank=3
         laya iter 3 -> best_ONLY_DWT_rf conf=0.8596 rank=1
         laya iter 4 -> best_ONLY_DWT_rf conf=0.8596 rank=1
         laya iter 5 -> best_ONLY_DWT_rf conf=0.8596 rank=1
[  39] best_single    score=-0.0034 origin=agent    iters=4 stop=no new information in 3 consecutive turns
         TEST  smape=0.0323  rmse=205.7199  pocid=33.33  mape=0.0329  | FLOOR smape=0.0275
         laya iter 1 -> best_ONLY_DWT_rf conf=0.497 rank=1
         laya iter 2 -> best_ONLY_DWT_rf conf=0.4873 rank=1
         laya iter 3 -> best_ONLY_DWT_rf conf=0.4873 rank=1
         laya iter 4 -> best_ONLY_DWT_rf conf=0.4873 rank=1
[  40] median         score= 0.1499 origin=baseline iters=4 stop=no new information in 3 consecutive turns
         TEST  smape=0.0120  rmse=77.3285  pocid=25.00  mape=0.0120  | FLOOR smape=0.0120
         laya iter 1 -> median_pool2 conf=0.3895 rank=3
         laya iter 2 -> median_pool2 conf=0.5353 rank=3
         laya iter 3 -> median_pool2 conf=0.5353 rank=3
         laya iter 4 -> median_pool2 conf=0.5353 rank=3
[  41] median         score= 0.2210 origin=baseline iters=3 stop=no new information in 3 consecutive turns
         TEST  smape=0.0113  rmse=78.6855  pocid=41.67  mape=0.0114  | FLOOR smape=0.0113
         laya iter 1 -> median_pool_full conf=0.2334 rank=1
         laya iter 2 -> median_pool_full conf=0.2256 rank=1
         laya iter 3 -> median_pool_full conf=0.2256 rank=1
[  42] median         score= 0.2462 origin=baseline iters=4 stop=no new information in 3 consecutive turns
         TEST  smape=0.0157  rmse=109.7273  pocid=41.67  mape=0.0158  | FLOOR smape=0.0157
         laya iter 1 -> median_pool2 conf=0.3295 rank=2
         laya iter 2 -> median_pool2 conf=0.3328 rank=2
         laya iter 3 -> median_pool2 conf=0.3328 rank=2
         laya iter 4 -> median_pool2 conf=0.3328 rank=2
[  43] best_single    score= 0.0304 origin=agent    iters=5 stop=no new information in 3 consecutive turns
         TEST  smape=0.0300  rmse=188.6259  pocid=33.33  mape=0.0306  | FLOOR smape=0.0254
         laya iter 1 -> median_pool2 conf=0.9244 rank=2
         laya iter 2 -> best_ONLY_DWT_rf conf=0.4552 rank=1
         laya iter 3 -> median_pool_full conf=0.5246 rank=8
         laya iter 4 -> median_pool_full conf=0.5246 rank=8
         laya iter 5 -> median_pool_full conf=0.5246 rank=8
[  44] median         score= 0.5916 origin=baseline iters=4 stop=no new information in 3 consecutive turns
         TEST  smape=0.0369  rmse=140.8241  pocid=41.67  mape=0.0359  | FLOOR smape=0.0369
         laya iter 1 -> best_FT_catboost conf=0.4334 rank=2
         laya iter 2 -> best_FT_catboost conf=0.8179 rank=2
         laya iter 3 -> best_FT_catboost conf=0.8179 rank=2
         laya iter 4 -> best_FT_catboost conf=0.8179 rank=2
[  45] median         score= 0.1267 origin=baseline iters=4 stop=no new information in 3 consecutive turns
         TEST  smape=0.0625  rmse=203.6255  pocid=33.33  mape=0.0646  | FLOOR smape=0.0625
         laya iter 1 -> best_ONLY_DWT_catboost conf=0.826 rank=2
         laya iter 2 -> best_ONLY_DWT_catboost conf=0.9873 rank=2
         laya iter 3 -> best_ONLY_DWT_catboost conf=0.9873 rank=2
         laya iter 4 -> best_ONLY_DWT_catboost conf=0.9873 rank=2
[  46] median         score= 0.6239 origin=baseline iters=4 stop=no new information in 3 consecutive turns
         TEST  smape=0.0404  rmse=147.1132  pocid=25.00  mape=0.0392  | FLOOR smape=0.0404
         laya iter 1 -> median_pool2 conf=0.4945 rank=10
         laya iter 2 -> median_pool2 conf=0.3587 rank=10
         laya iter 3 -> median_pool2 conf=0.3587 rank=10
         laya iter 4 -> median_pool2 conf=0.3587 rank=10
[  47] best_single    score= 0.1076 origin=agent    iters=4 stop=no new information in 3 consecutive turns
         TEST  smape=0.0166  rmse=51.0157  pocid=75.00  mape=0.0164  | FLOOR smape=0.0095
         laya iter 1 -> best_ONLY_DWT_rf conf=0.7308 rank=1
         laya iter 2 -> best_ONLY_DWT_rf conf=0.6323 rank=1
         laya iter 3 -> best_ONLY_DWT_rf conf=0.6323 rank=1
         laya iter 4 -> best_ONLY_DWT_rf conf=0.6323 rank=1
[  48] trimmed_mean   score= 0.5702 origin=agent    iters=5 stop=no new information in 3 consecutive turns
         TEST  smape=0.0498  rmse=185.6540  pocid=41.67  mape=0.0483  | FLOOR smape=0.0785
         laya iter 1 -> best_ONLY_FT_catboost conf=0.4392 rank=1
         laya iter 2 -> trimmed_mean_pool_full conf=0.571 rank=1
         laya iter 3 -> best_ONLY_FT_catboost conf=0.6635 rank=2
         laya iter 4 -> best_ONLY_FT_catboost conf=0.6635 rank=2
         laya iter 5 -> best_ONLY_FT_catboost conf=0.6635 rank=2
[  49] best_single    score= 0.5557 origin=agent    iters=4 stop=no new information in 3 consecutive turns
         TEST  smape=0.0319  rmse=112.1706  pocid=75.00  mape=0.0321  | FLOOR smape=0.0260
         laya iter 1 -> best_ONLY_FT_catboost conf=0.4911 rank=1
         laya iter 2 -> best_ONLY_FT_catboost conf=0.5221 rank=1
         laya iter 3 -> best_ONLY_FT_catboost conf=0.5221 rank=1
         laya iter 4 -> best_ONLY_FT_catboost conf=0.5221 rank=1
[  50] best_single    score= 0.0892 origin=agent    iters=5 stop=no new information in 3 consecutive turns
         TEST  smape=0.0159  rmse=121.4403  pocid=33.33  mape=0.0161  | FLOOR smape=0.0161
         laya iter 1 -> median_pool2 conf=0.57 rank=3
         laya iter 2 -> best_ONLY_CWT_rf conf=0.4949 rank=1
         laya iter 3 -> best_ONLY_CWT_rf conf=0.9981 rank=1
         laya iter 4 -> best_ONLY_CWT_rf conf=0.9981 rank=1
         laya iter 5 -> best_ONLY_CWT_rf conf=0.9981 rank=1
[  51] median         score= 0.2685 origin=agent    iters=4 stop=no new information in 3 consecutive turns
         TEST  smape=0.0218  rmse=189.3207  pocid=25.00  mape=0.0221  | FLOOR smape=0.0205
         laya iter 1 -> median_pool2 conf=0.4797 rank=1
         laya iter 2 -> median_pool2 conf=0.3294 rank=1
         laya iter 3 -> median_pool2 conf=0.3294 rank=1
         laya iter 4 -> median_pool2 conf=0.3294 rank=1
[  52] best_single    score= 0.4786 origin=agent    iters=4 stop=no new information in 3 consecutive turns
         TEST  smape=0.0779  rmse=208.5998  pocid=25.00  mape=0.0735  | FLOOR smape=0.0824
         laya iter 1 -> best_ONLY_DWT_catboost conf=0.9495 rank=1
         laya iter 2 -> best_ONLY_DWT_catboost conf=0.9919 rank=1
         laya iter 3 -> best_ONLY_DWT_catboost conf=0.9919 rank=1
         laya iter 4 -> best_ONLY_DWT_catboost conf=0.9919 rank=1
[  53] trimmed_mean   score=-0.0724 origin=baseline iters=4 stop=no new information in 3 consecutive turns
         TEST  smape=0.0114  rmse=36.8709  pocid=50.00  mape=0.0115  | FLOOR smape=0.0114
         laya iter 1 -> median_pool2 conf=0.8039 rank=6
         laya iter 2 -> median_pool2 conf=0.481 rank=6
         laya iter 3 -> median_pool2 conf=0.481 rank=6
         laya iter 4 -> median_pool2 conf=0.481 rank=6
[  54] best_single    score= 0.2837 origin=agent    iters=4 stop=no new information in 3 consecutive turns
         TEST  smape=0.0503  rmse=327.8838  pocid=66.67  mape=0.0525  | FLOOR smape=0.0573
         laya iter 1 -> best_FT_rf conf=0.3856 rank=1
         laya iter 2 -> best_FT_rf conf=0.7833 rank=1
         laya iter 3 -> best_FT_rf conf=0.7833 rank=1
         laya iter 4 -> best_FT_rf conf=0.7833 rank=1
[  55] median         score= 0.4768 origin=baseline iters=4 stop=no new information in 3 consecutive turns
         TEST  smape=0.0566  rmse=272.2945  pocid=83.33  mape=0.0540  | FLOOR smape=0.0566
         laya iter 1 -> median_pool2 conf=0.4687 rank=2
         laya iter 2 -> median_pool2 conf=0.4449 rank=2
         laya iter 3 -> median_pool2 conf=0.4449 rank=2
         laya iter 4 -> median_pool2 conf=0.4449 rank=2
[  56] best_single    score= 0.3054 origin=agent    iters=4 stop=no new information in 3 consecutive turns
         TEST  smape=0.3755  rmse=514.7284  pocid=75.00  mape=0.2859  | FLOOR smape=0.1753
         laya iter 1 -> best_ONLY_CWT_rf conf=0.7667 rank=1
         laya iter 2 -> best_ONLY_CWT_rf conf=0.9429 rank=1
         laya iter 3 -> best_ONLY_CWT_rf conf=0.9429 rank=1
         laya iter 4 -> best_ONLY_CWT_rf conf=0.9429 rank=1
[  57] best_single    score= 0.4900 origin=agent    iters=6 stop=no new information in 3 consecutive turns
         TEST  smape=0.1107  rmse=439.7044  pocid=58.33  mape=0.1037  | FLOOR smape=0.0880
         laya iter 1 -> trimmed_mean_pool2 conf=0.5037 rank=9
         laya iter 2 -> best_FT_catboost conf=0.2603 rank=1
         laya iter 3 -> trimmed_mean_pool_full conf=0.8228 rank=3
         laya iter 4 -> trimmed_mean_pool_full conf=0.4428 rank=3
         laya iter 5 -> trimmed_mean_pool_full conf=0.4428 rank=3
         laya iter 6 -> trimmed_mean_pool_full conf=0.4428 rank=3
[  58] best_single    score= 0.6278 origin=agent    iters=5 stop=no new information in 3 consecutive turns
         TEST  smape=0.2147  rmse=493.5041  pocid=41.67  mape=0.2394  | FLOOR smape=0.1854
         laya iter 1 -> best_ONLY_FT_rf conf=0.558 rank=1
         laya iter 2 -> median_pool1 conf=0.6691 rank=9
         laya iter 3 -> median_pool1 conf=0.6691 rank=9
         laya iter 4 -> median_pool1 conf=0.6691 rank=9
         laya iter 5 -> median_pool1 conf=0.6691 rank=9
[  59] trimmed_mean   score= 0.1513 origin=baseline iters=4 stop=no new information in 3 consecutive turns
         TEST  smape=0.0334  rmse=349.3081  pocid=75.00  mape=0.0327  | FLOOR smape=0.0334
         laya iter 1 -> median_pool2 conf=0.6945 rank=5
         laya iter 2 -> median_pool2 conf=0.323 rank=5
         laya iter 3 -> median_pool2 conf=0.323 rank=5
         laya iter 4 -> median_pool2 conf=0.323 rank=5
[  60] best_single    score= 0.1168 origin=agent    iters=4 stop=no new information in 3 consecutive turns
         TEST  smape=0.0313  rmse=395.8200  pocid=16.67  mape=0.0313  | FLOOR smape=0.0348
         laya iter 1 -> best_ONLY_CWT_rf conf=0.9828 rank=1
         laya iter 2 -> best_ONLY_CWT_rf conf=0.8162 rank=1
         laya iter 3 -> best_ONLY_CWT_rf conf=0.8162 rank=1
         laya iter 4 -> best_ONLY_CWT_rf conf=0.8162 rank=1
[  61] best_single    score= 0.0875 origin=agent    iters=5 stop=no new information in 3 consecutive turns
         TEST  smape=0.0198  rmse=213.1208  pocid=41.67  mape=0.0194  | FLOOR smape=0.0245
         laya iter 1 -> median_pool2 conf=0.9778 rank=2
         laya iter 2 -> best_ONLY_CWT_rf conf=0.7748 rank=1
         laya iter 3 -> best_ONLY_CWT_rf conf=0.7852 rank=1
         laya iter 4 -> best_ONLY_CWT_rf conf=0.7852 rank=1
         laya iter 5 -> best_ONLY_CWT_rf conf=0.7852 rank=1
[  62] median         score= 0.1124 origin=baseline iters=5 stop=no new information in 3 consecutive turns
         TEST  smape=0.0203  rmse=214.3828  pocid=33.33  mape=0.0198  | FLOOR smape=0.0203
         laya iter 1 -> best_DWT_rf conf=0.3971 rank=4
         laya iter 2 -> median_pool2 conf=0.315 rank=9
         laya iter 3 -> median_pool2 conf=0.315 rank=9
         laya iter 4 -> median_pool2 conf=0.315 rank=9
         laya iter 5 -> median_pool2 conf=0.315 rank=9
[  63] median         score=-0.0777 origin=baseline iters=4 stop=no new information in 3 consecutive turns
         TEST  smape=0.0184  rmse=369.5280  pocid=100.00  mape=0.0181  | FLOOR smape=0.0184
         laya iter 1 -> median_pool2 conf=0.6625 rank=7
         laya iter 2 -> median_pool_full conf=0.3745 rank=1
         laya iter 3 -> median_pool_full conf=0.3745 rank=1
         laya iter 4 -> median_pool_full conf=0.3745 rank=1
[  64] trimmed_mean   score=-0.1038 origin=baseline iters=4 stop=no new information in 3 consecutive turns
         TEST  smape=0.0187  rmse=488.0348  pocid=91.67  mape=0.0185  | FLOOR smape=0.0187
         laya iter 1 -> best_ONLY_CWT_rf conf=0.7643 rank=8
         laya iter 2 -> best_ONLY_CWT_rf conf=0.6653 rank=8
         laya iter 3 -> best_ONLY_CWT_rf conf=0.6653 rank=8
         laya iter 4 -> best_ONLY_CWT_rf conf=0.6653 rank=8
[  65] median         score=-0.1448 origin=baseline iters=4 stop=no new information in 3 consecutive turns
         TEST  smape=0.0060  rmse=51.9880  pocid=91.67  mape=0.0060  | FLOOR smape=0.0060
         laya iter 1 -> median_pool2 conf=0.4631 rank=6
         laya iter 2 -> median_pool2 conf=0.5584 rank=6
         laya iter 3 -> median_pool2 conf=0.5584 rank=6
         laya iter 4 -> median_pool2 conf=0.5584 rank=6
[  66] best_single    score= 0.0449 origin=agent    iters=5 stop=no new information in 3 consecutive turns
         TEST  smape=0.0152  rmse=257.8914  pocid=58.33  mape=0.0150  | FLOOR smape=0.0257
         laya iter 1 -> best_ONLY_CWT_catboost conf=0.2976 rank=1
         laya iter 2 -> trimmed_mean_pool_full conf=0.3558 rank=9
         laya iter 3 -> trimmed_mean_pool_full conf=0.3558 rank=9
         laya iter 4 -> trimmed_mean_pool_full conf=0.3558 rank=9
         laya iter 5 -> trimmed_mean_pool_full conf=0.3558 rank=9
[  67] median         score=-0.0303 origin=baseline iters=5 stop=no new information in 3 consecutive turns
         TEST  smape=0.0103  rmse=79.6155  pocid=50.00  mape=0.0102  | FLOOR smape=0.0103
         laya iter 1 -> best_ONLY_DWT_rf conf=0.3694 rank=8
         laya iter 2 -> median_pool1 conf=0.3913 rank=2
         laya iter 3 -> best_ONLY_DWT_rf conf=0.5509 rank=9
         laya iter 4 -> best_ONLY_DWT_rf conf=0.5509 rank=9
         laya iter 5 -> best_ONLY_DWT_rf conf=0.5509 rank=9
[  68] median         score=-0.0142 origin=baseline iters=5 stop=no new information in 3 consecutive turns
         TEST  smape=0.0135  rmse=99.1293  pocid=41.67  mape=0.0134  | FLOOR smape=0.0135
         laya iter 1 -> median_pool2 conf=0.4233 rank=3
         laya iter 2 -> median_pool1 conf=0.2514 rank=3
         laya iter 3 -> trimmed_mean_pool1 conf=0.2917 rank=6
         laya iter 4 -> trimmed_mean_pool1 conf=0.2917 rank=6
         laya iter 5 -> trimmed_mean_pool1 conf=0.2917 rank=6
[  69] mean           score=-0.0609 origin=baseline iters=4 stop=no new information in 3 consecutive turns
         TEST  smape=0.0105  rmse=34.8510  pocid=50.00  mape=0.0104  | FLOOR smape=0.0105
         laya iter 1 -> best_ONLY_DWT_catboost conf=0.9889 rank=6
         laya iter 2 -> best_ONLY_DWT_catboost conf=0.9879 rank=6
         laya iter 3 -> best_ONLY_DWT_catboost conf=0.9879 rank=6
         laya iter 4 -> best_ONLY_DWT_catboost conf=0.9879 rank=6
[  70] mean           score= 0.1476 origin=baseline iters=4 stop=no new information in 3 consecutive turns
         TEST  smape=0.4482  rmse=1153.4893  pocid=50.00  mape=0.3475  | FLOOR smape=0.4482
         laya iter 1 -> best_ONLY_DWT_rf conf=0.5418 rank=2
         laya iter 2 -> best_ONLY_DWT_rf conf=0.5452 rank=2
         laya iter 3 -> best_ONLY_DWT_rf conf=0.5452 rank=2
         laya iter 4 -> best_ONLY_DWT_rf conf=0.5452 rank=2
[  71] mean           score= 0.1407 origin=baseline iters=3 stop=no new information in 3 consecutive turns
         TEST  smape=0.2485  rmse=560.2686  pocid=41.67  mape=0.1850  | FLOOR smape=0.2485
         laya iter 1 -> trimmed_mean_pool2 conf=0.9164 rank=5
         laya iter 2 -> trimmed_mean_pool2 conf=0.4543 rank=5
         laya iter 3 -> trimmed_mean_pool2 conf=0.4543 rank=5
[  72] trimmed_mean   score= 0.1585 origin=baseline iters=3 stop=no new information in 3 consecutive turns
         TEST  smape=0.1530  rmse=382.3702  pocid=75.00  mape=0.1278  | FLOOR smape=0.1530
         laya iter 1 -> median_pool_full conf=0.6154 rank=3
         laya iter 2 -> median_pool_full conf=0.6852 rank=3
         laya iter 3 -> median_pool_full conf=0.6852 rank=3
[  73] dba            score= 0.6403 origin=baseline iters=4 stop=no new information in 3 consecutive turns
         TEST  smape=0.1134  rmse=677.2868  pocid=66.67  mape=0.1120  | FLOOR smape=0.1134
         laya iter 1 -> best_ONLY_FT_rf conf=0.6684 rank=2
         laya iter 2 -> best_ONLY_FT_rf conf=0.998 rank=2
         laya iter 3 -> best_ONLY_FT_rf conf=0.998 rank=2
         laya iter 4 -> best_ONLY_FT_rf conf=0.998 rank=2
[  74] median         score= 0.0597 origin=agent    iters=5 stop=no new information in 3 consecutive turns
         TEST  smape=0.0294  rmse=804.2217  pocid=50.00  mape=0.0296  | FLOOR smape=0.0292
         laya iter 1 -> median_pool2 conf=0.4501 rank=4
         laya iter 2 -> median_pool1 conf=0.6734 rank=1
         laya iter 3 -> median_pool1 conf=0.3716 rank=1
         laya iter 4 -> median_pool1 conf=0.3716 rank=1
         laya iter 5 -> median_pool1 conf=0.3716 rank=1
[  75] best_single    score= 0.0819 origin=agent    iters=5 stop=no new information in 3 consecutive turns
         TEST  smape=1.4149  rmse=1059.4495  pocid=8.33  mape=3.0112  | FLOOR smape=1.3326
         laya iter 1 -> median_pool2 conf=0.6956 rank=3
         laya iter 2 -> best_ONLY_CWT_catboost conf=0.7685 rank=1
         laya iter 3 -> best_ONLY_CWT_catboost conf=0.8393 rank=1
         laya iter 4 -> best_ONLY_CWT_catboost conf=0.8393 rank=1
         laya iter 5 -> best_ONLY_CWT_catboost conf=0.8393 rank=1
[  76] best_single    score=-0.0651 origin=agent    iters=4 stop=no new information in 3 consecutive turns
         TEST  smape=0.2381  rmse=1010.6013  pocid=58.33  mape=0.2109  | FLOOR smape=0.2484
         laya iter 1 -> best_ONLY_DWT_rf conf=0.9998 rank=1
         laya iter 2 -> best_ONLY_DWT_rf conf=0.9983 rank=1
         laya iter 3 -> best_ONLY_DWT_rf conf=0.9983 rank=1
         laya iter 4 -> best_ONLY_DWT_rf conf=0.9983 rank=1
[  77] best_single    score= 0.3725 origin=agent    iters=5 stop=no new information in 3 consecutive turns
         TEST  smape=0.2199  rmse=949.6860  pocid=91.67  mape=0.1958  | FLOOR smape=0.2407
         laya iter 1 -> best_ONLY_CWT_catboost conf=0.4988 rank=1
         laya iter 2 -> median_pool2 conf=0.6324 rank=3
         laya iter 3 -> median_pool2 conf=0.6539 rank=3
         laya iter 4 -> median_pool2 conf=0.6539 rank=3
         laya iter 5 -> median_pool2 conf=0.6539 rank=3
[  78] mean           score= 0.7000 origin=baseline iters=6 stop=no new information in 3 consecutive turns
         TEST  smape=0.0850  rmse=186.3297  pocid=50.00  mape=0.0910  | FLOOR smape=0.0850
         laya iter 1 -> median_pool2 conf=0.2629 rank=7
         laya iter 2 -> trimmed_mean_pool_full conf=0.3144 rank=3
         laya iter 3 -> median_pool4 conf=0.1542 rank=12
         laya iter 4 -> median_pool4 conf=0.1542 rank=12
         laya iter 5 -> median_pool4 conf=0.1542 rank=12
         laya iter 6 -> median_pool4 conf=0.1542 rank=12
[  79] mean           score= 0.7000 origin=baseline iters=5 stop=no new information in 3 consecutive turns
         TEST  smape=0.1335  rmse=285.3542  pocid=41.67  mape=0.1471  | FLOOR smape=0.1335
         laya iter 1 -> median_pool2 conf=0.3674 rank=6
         laya iter 2 -> median_pool1 conf=0.3817 rank=11
         laya iter 3 -> median_pool1 conf=0.3817 rank=11
         laya iter 4 -> median_pool1 conf=0.3817 rank=11
         laya iter 5 -> median_pool1 conf=0.3817 rank=11
[  80] best_single    score= 0.1345 origin=agent    iters=4 stop=no new information in 3 consecutive turns
         TEST  smape=0.0292  rmse=837.4919  pocid=58.33  mape=0.0297  | FLOOR smape=0.0254
         laya iter 1 -> best_ONLY_DWT_rf conf=0.9946 rank=1
         laya iter 2 -> best_ONLY_DWT_rf conf=0.9983 rank=1
         laya iter 3 -> best_ONLY_DWT_rf conf=0.9983 rank=1
         laya iter 4 -> best_ONLY_DWT_rf conf=0.9983 rank=1
[  81] median         score=-0.1394 origin=baseline iters=3 stop=no new information in 3 consecutive turns
         TEST  smape=0.0020  rmse=10.0708  pocid=83.33  mape=0.0020  | FLOOR smape=0.0020
         laya iter 1 -> trimmed_mean_pool2 conf=0.432 rank=5
         laya iter 2 -> trimmed_mean_pool1 conf=0.218 rank=4
         laya iter 3 -> trimmed_mean_pool1 conf=0.218 rank=4
[  82] mean           score= 0.3957 origin=baseline iters=4 stop=no new information in 3 consecutive turns
         TEST  smape=0.0158  rmse=124.9807  pocid=41.67  mape=0.0160  | FLOOR smape=0.0158
         laya iter 1 -> median_pool2 conf=0.998 rank=5
         laya iter 2 -> median_pool2 conf=0.9989 rank=5
         laya iter 3 -> median_pool2 conf=0.9989 rank=5
         laya iter 4 -> median_pool2 conf=0.9989 rank=5
[  83] trimmed_mean   score= 0.3515 origin=baseline iters=4 stop=no new information in 3 consecutive turns
         TEST  smape=0.0097  rmse=65.5074  pocid=75.00  mape=0.0097  | FLOOR smape=0.0097
         laya iter 1 -> best_DWT_rf conf=0.4555 rank=2
         laya iter 2 -> best_DWT_rf conf=0.4484 rank=2
         laya iter 3 -> best_DWT_rf conf=0.4484 rank=2
         laya iter 4 -> best_DWT_rf conf=0.4484 rank=2
[  84] median         score=-0.0043 origin=baseline iters=3 stop=no new information in 3 consecutive turns
         TEST  smape=0.0101  rmse=211.9388  pocid=66.67  mape=0.0100  | FLOOR smape=0.0101
         laya iter 1 -> median_pool_full conf=0.6333 rank=1
         laya iter 2 -> median_pool_full conf=0.7453 rank=1
         laya iter 3 -> median_pool_full conf=0.7453 rank=1
[  85] best_single    score=-0.0753 origin=agent    iters=4 stop=no new information in 3 consecutive turns
         TEST  smape=0.0122  rmse=228.7026  pocid=75.00  mape=0.0121  | FLOOR smape=0.0116
         laya iter 1 -> best_ONLY_CWT_catboost conf=0.3264 rank=1
         laya iter 2 -> best_ONLY_CWT_catboost conf=0.5656 rank=1
         laya iter 3 -> best_ONLY_CWT_catboost conf=0.5656 rank=1
         laya iter 4 -> best_ONLY_CWT_catboost conf=0.5656 rank=1
[  86] trimmed_mean   score=-0.0592 origin=baseline iters=5 stop=no new information in 3 consecutive turns
         TEST  smape=0.0168  rmse=19.6382  pocid=75.00  mape=0.0166  | FLOOR smape=0.0168
         laya iter 1 -> best_ONLY_DWT_catboost conf=0.348 rank=4
         laya iter 2 -> median_pool2 conf=0.5262 rank=5
         laya iter 3 -> median_pool2 conf=0.6175 rank=5
         laya iter 4 -> median_pool2 conf=0.6175 rank=5
         laya iter 5 -> median_pool2 conf=0.6175 rank=5
[  87] trimmed_mean   score=-0.0423 origin=baseline iters=5 stop=no new information in 3 consecutive turns
         TEST  smape=0.0031  rmse=52.1751  pocid=50.00  mape=0.0031  | FLOOR smape=0.0031
         laya iter 1 -> median_pool2 conf=0.8343 rank=8
         laya iter 2 -> best_ONLY_FT_rf conf=0.7807 rank=8
         laya iter 3 -> best_ONLY_FT_rf conf=0.7807 rank=8
         laya iter 4 -> best_ONLY_FT_rf conf=0.7807 rank=8
         laya iter 5 -> best_ONLY_FT_rf conf=0.7807 rank=8
[  88] trimmed_mean   score=-0.0096 origin=baseline iters=5 stop=no new information in 3 consecutive turns
         TEST  smape=0.0997  rmse=125.5049  pocid=75.00  mape=0.1058  | FLOOR smape=0.0997
         laya iter 1 -> median_pool2 conf=0.7018 rank=8
         laya iter 2 -> median_pool1 conf=0.3481 rank=5
         laya iter 3 -> median_pool2 conf=0.9979 rank=9
         laya iter 4 -> median_pool2 conf=0.9979 rank=9
         laya iter 5 -> median_pool2 conf=0.9979 rank=9
[  89] best_single    score= 0.0373 origin=agent    iters=4 stop=no new information in 3 consecutive turns
         TEST  smape=0.0213  rmse=45.3663  pocid=83.33  mape=0.0216  | FLOOR smape=0.0193
         laya iter 1 -> best_ONLY_DWT_rf conf=0.6673 rank=1
         laya iter 2 -> best_ONLY_DWT_rf conf=0.5152 rank=1
         laya iter 3 -> best_ONLY_DWT_rf conf=0.5152 rank=1
         laya iter 4 -> best_ONLY_DWT_rf conf=0.5152 rank=1
[  90] best_single    score= 0.0016 origin=agent    iters=4 stop=no new information in 3 consecutive turns
         TEST  smape=0.0281  rmse=607.4744  pocid=58.33  mape=0.0285  | FLOOR smape=0.0324
         laya iter 1 -> best_ONLY_FT_rf conf=0.5829 rank=1
         laya iter 2 -> best_ONLY_FT_rf conf=0.5216 rank=1
         laya iter 3 -> best_ONLY_FT_rf conf=0.5216 rank=1
         laya iter 4 -> best_ONLY_FT_rf conf=0.5216 rank=1
[  91] trimmed_mean   score=-0.0586 origin=baseline iters=4 stop=no new information in 3 consecutive turns
         TEST  smape=0.0696  rmse=1732.9826  pocid=58.33  mape=0.0727  | FLOOR smape=0.0696
         laya iter 1 -> median_pool2 conf=0.5374 rank=5
         laya iter 2 -> median_pool2 conf=0.6556 rank=5
         laya iter 3 -> median_pool2 conf=0.6556 rank=5
         laya iter 4 -> median_pool2 conf=0.6556 rank=5
[  92] median         score= 0.4520 origin=agent    iters=4 stop=no new information in 3 consecutive turns
         TEST  smape=0.0045  rmse=8.3771  pocid=83.33  mape=0.0045  | FLOOR smape=0.0043
         laya iter 1 -> median_pool2 conf=0.7527 rank=1
         laya iter 2 -> median_pool2 conf=0.7155 rank=1
         laya iter 3 -> median_pool2 conf=0.7155 rank=1
         laya iter 4 -> median_pool2 conf=0.7155 rank=1
[  93] mean           score= 0.2796 origin=baseline iters=3 stop=no new information in 3 consecutive turns
         TEST  smape=0.1178  rmse=252.3552  pocid=58.33  mape=0.1098  | FLOOR smape=0.1178
         laya iter 1 -> median_pool_full conf=0.5041 rank=3
         laya iter 2 -> median_pool_full conf=0.4944 rank=3
         laya iter 3 -> median_pool_full conf=0.4944 rank=3
[  94] median         score= 0.4957 origin=agent    iters=4 stop=no new information in 3 consecutive turns
         TEST  smape=0.0871  rmse=179.4693  pocid=33.33  mape=0.0823  | FLOOR smape=0.0874
         laya iter 1 -> median_pool2 conf=0.5161 rank=1
         laya iter 2 -> median_pool2 conf=0.3645 rank=1
         laya iter 3 -> median_pool2 conf=0.3645 rank=1
         laya iter 4 -> median_pool2 conf=0.3645 rank=1
[  95] trimmed_mean   score=-0.1123 origin=baseline iters=6 stop=no new information in 3 consecutive turns
         TEST  smape=0.0031  rmse=43.2997  pocid=83.33  mape=0.0031  | FLOOR smape=0.0031
         laya iter 1 -> median_pool_full conf=0.5513 rank=3
         laya iter 2 -> median_pool2 conf=0.7155 rank=4
         laya iter 3 -> median_pool1 conf=0.302 rank=4
         laya iter 4 -> median_pool2 conf=0.5153 rank=5
         laya iter 5 -> median_pool2 conf=0.5153 rank=5
         laya iter 6 -> median_pool2 conf=0.5153 rank=5
[  96] trimmed_mean   score= 0.0306 origin=baseline iters=4 stop=no new information in 3 consecutive turns
         TEST  smape=0.0312  rmse=20.9591  pocid=91.67  mape=0.0305  | FLOOR smape=0.0312
         laya iter 1 -> median_pool2 conf=0.8797 rank=7
         laya iter 2 -> median_pool_full conf=0.4832 rank=5
         laya iter 3 -> median_pool_full conf=0.4832 rank=5
         laya iter 4 -> median_pool_full conf=0.4832 rank=5
[  97] mean           score= 0.0072 origin=baseline iters=4 stop=no new information in 3 consecutive turns
         TEST  smape=0.0219  rmse=17.8919  pocid=91.67  mape=0.0217  | FLOOR smape=0.0219
         laya iter 1 -> median_pool2 conf=0.5918 rank=6
         laya iter 2 -> median_pool2 conf=0.3242 rank=6
         laya iter 3 -> median_pool2 conf=0.3242 rank=6
         laya iter 4 -> median_pool2 conf=0.3242 rank=6
[  98] best_single    score=-0.0297 origin=agent    iters=4 stop=no new information in 3 consecutive turns
         TEST  smape=0.0201  rmse=306.4007  pocid=50.00  mape=0.0203  | FLOOR smape=0.0130
         laya iter 1 -> best_ONLY_DWT_rf conf=0.8644 rank=1
         laya iter 2 -> best_ONLY_DWT_rf conf=0.7299 rank=1
         laya iter 3 -> best_ONLY_DWT_rf conf=0.7299 rank=1
         laya iter 4 -> best_ONLY_DWT_rf conf=0.7299 rank=1
[  99] median         score=-0.0868 origin=baseline iters=5 stop=no new information in 3 consecutive turns
         TEST  smape=0.0156  rmse=210.5997  pocid=75.00  mape=0.0155  | FLOOR smape=0.0156
         laya iter 1 -> median_pool2 conf=0.6336 rank=4
         laya iter 2 -> median_pool1 conf=0.5809 rank=9
         laya iter 3 -> median_pool1 conf=0.5809 rank=9
         laya iter 4 -> median_pool1 conf=0.5809 rank=9
         laya iter 5 -> median_pool1 conf=0.5809 rank=9
[ 100] trimmed_mean   score= 0.0038 origin=baseline iters=4 stop=no new information in 3 consecutive turns
         TEST  smape=0.0025  rmse=31.7624  pocid=83.33  mape=0.0025  | FLOOR smape=0.0025
         laya iter 1 -> best_ONLY_DWT_rf conf=0.4199 rank=6
         laya iter 2 -> best_ONLY_DWT_rf conf=0.4591 rank=6
         laya iter 3 -> best_ONLY_DWT_rf conf=0.4591 rank=6
         laya iter 4 -> best_ONLY_DWT_rf conf=0.4591 rank=6
[ 101] trimmed_mean   score=-0.0831 origin=baseline iters=4 stop=no new information in 3 consecutive turns
         TEST  smape=0.0221  rmse=389.5042  pocid=50.00  mape=0.0224  | FLOOR smape=0.0221
         laya iter 1 -> best_DWT_rf conf=0.6399 rank=2
         laya iter 2 -> best_DWT_rf conf=0.8608 rank=2
         laya iter 3 -> best_DWT_rf conf=0.8608 rank=2
         laya iter 4 -> best_DWT_rf conf=0.8608 rank=2
[ 102] trimmed_mean   score=-0.0121 origin=baseline iters=4 stop=no new information in 3 consecutive turns
         TEST  smape=0.0295  rmse=134.8050  pocid=58.33  mape=0.0294  | FLOOR smape=0.0295
         laya iter 1 -> best_ONLY_DWT_rf conf=0.8876 rank=3
         laya iter 2 -> best_ONLY_DWT_rf conf=0.7958 rank=3
         laya iter 3 -> best_ONLY_DWT_rf conf=0.7958 rank=3
         laya iter 4 -> best_ONLY_DWT_rf conf=0.7958 rank=3
[ 103] trimmed_mean   score= 0.3518 origin=baseline iters=5 stop=no new information in 3 consecutive turns
         TEST  smape=0.0256  rmse=27.7429  pocid=58.33  mape=0.0259  | FLOOR smape=0.0256
         laya iter 1 -> trimmed_mean_pool2 conf=0.7508 rank=6
         laya iter 2 -> trimmed_mean_pool_full conf=0.4643 rank=8
         laya iter 3 -> trimmed_mean_pool_full conf=0.4643 rank=8
         laya iter 4 -> trimmed_mean_pool_full conf=0.4643 rank=8
         laya iter 5 -> trimmed_mean_pool_full conf=0.4643 rank=8
[ 104] trimmed_mean   score=-0.0949 origin=baseline iters=4 stop=no new information in 3 consecutive turns
         TEST  smape=0.0116  rmse=127.8934  pocid=33.33  mape=0.0117  | FLOOR smape=0.0116
         laya iter 1 -> best_DWT_rf conf=0.3949 rank=7
         laya iter 2 -> best_DWT_rf conf=0.4003 rank=7
         laya iter 3 -> best_DWT_rf conf=0.4003 rank=7
         laya iter 4 -> best_DWT_rf conf=0.4003 rank=7
[ 105] trimmed_mean   score= 0.1765 origin=baseline iters=5 stop=no new information in 3 consecutive turns
         TEST  smape=0.0019  rmse=5.3468  pocid=75.00  mape=0.0019  | FLOOR smape=0.0019
         laya iter 1 -> median_pool_full conf=0.5684 rank=4
         laya iter 2 -> median_pool2 conf=0.4133 rank=3
         laya iter 3 -> median_pool_full conf=0.4184 rank=5
         laya iter 4 -> median_pool_full conf=0.4184 rank=5
         laya iter 5 -> median_pool_full conf=0.4184 rank=5
[ 106] trimmed_mean   score=-0.0606 origin=baseline iters=4 stop=no new information in 3 consecutive turns
         TEST  smape=0.0115  rmse=305.2292  pocid=66.67  mape=0.0114  | FLOOR smape=0.0115
         laya iter 1 -> median_pool2 conf=0.5923 rank=6
         laya iter 2 -> median_pool2 conf=0.9201 rank=6
         laya iter 3 -> median_pool2 conf=0.9201 rank=6
         laya iter 4 -> median_pool2 conf=0.9201 rank=6
[ 107] median         score=-0.1051 origin=baseline iters=4 stop=no new information in 3 consecutive turns
         TEST  smape=0.0074  rmse=145.4364  pocid=58.33  mape=0.0075  | FLOOR smape=0.0074
         laya iter 1 -> best_ONLY_FT_catboost conf=0.8788 rank=8
         laya iter 2 -> best_ONLY_FT_catboost conf=0.9045 rank=8
         laya iter 3 -> best_ONLY_FT_catboost conf=0.9045 rank=8
         laya iter 4 -> best_ONLY_FT_catboost conf=0.9045 rank=8
[ 108] mean           score=-0.0973 origin=baseline iters=4 stop=no new information in 3 consecutive turns
         TEST  smape=0.0092  rmse=149.9241  pocid=66.67  mape=0.0092  | FLOOR smape=0.0092
         laya iter 1 -> best_ONLY_FT_catboost conf=0.4681 rank=3
         laya iter 2 -> best_ONLY_FT_catboost conf=0.9482 rank=3
         laya iter 3 -> best_ONLY_FT_catboost conf=0.9482 rank=3
         laya iter 4 -> best_ONLY_FT_catboost conf=0.9482 rank=3
[ 109] best_single    score= 0.1213 origin=agent    iters=4 stop=no new information in 3 consecutive turns
         TEST  smape=0.0099  rmse=101.5199  pocid=41.67  mape=0.0098  | FLOOR smape=0.0121
         laya iter 1 -> best_FT_catboost conf=0.4191 rank=1
         laya iter 2 -> best_FT_catboost conf=0.5111 rank=1
         laya iter 3 -> best_FT_catboost conf=0.5111 rank=1
         laya iter 4 -> best_FT_catboost conf=0.5111 rank=1
[ 110] trimmed_mean   score=-0.0410 origin=baseline iters=5 stop=no new information in 3 consecutive turns
         TEST  smape=0.0209  rmse=23.7062  pocid=75.00  mape=0.0206  | FLOOR smape=0.0209
         laya iter 1 -> best_ONLY_CWT_rf conf=0.3426 rank=7
         laya iter 2 -> median_pool2 conf=0.5422 rank=5
         laya iter 3 -> median_pool2 conf=0.9894 rank=5
         laya iter 4 -> median_pool2 conf=0.9894 rank=5
         laya iter 5 -> median_pool2 conf=0.9894 rank=5
[ 111] median         score=-0.0350 origin=baseline iters=4 stop=no new information in 3 consecutive turns
         TEST  smape=0.0037  rmse=45.7912  pocid=66.67  mape=0.0037  | FLOOR smape=0.0037
         laya iter 1 -> best_ONLY_FT_rf conf=0.8483 rank=7
         laya iter 2 -> best_ONLY_FT_rf conf=0.9384 rank=7
         laya iter 3 -> best_ONLY_FT_rf conf=0.9384 rank=7
         laya iter 4 -> best_ONLY_FT_rf conf=0.9384 rank=7
[ 112] mean           score=-0.0947 origin=baseline iters=4 stop=no new information in 3 consecutive turns
         TEST  smape=0.0344  rmse=30.1095  pocid=83.33  mape=0.0351  | FLOOR smape=0.0344
         laya iter 1 -> best_ONLY_CWT_catboost conf=0.4887 rank=3
         laya iter 2 -> best_ONLY_CWT_catboost conf=0.4492 rank=3
         laya iter 3 -> best_ONLY_CWT_catboost conf=0.4492 rank=3
         laya iter 4 -> best_ONLY_CWT_catboost conf=0.4492 rank=3
[ 113] median         score= 0.2069 origin=baseline iters=4 stop=no new information in 3 consecutive turns
         TEST  smape=0.0256  rmse=284.5511  pocid=41.67  mape=0.0260  | FLOOR smape=0.0256
         laya iter 1 -> median_pool2 conf=0.9751 rank=8
         laya iter 2 -> median_pool2 conf=0.4745 rank=8
         laya iter 3 -> median_pool2 conf=0.4745 rank=8
         laya iter 4 -> median_pool2 conf=0.4745 rank=8
[ 114] trimmed_mean   score= 0.0925 origin=baseline iters=4 stop=no new information in 3 consecutive turns
         TEST  smape=0.0382  rmse=459.8593  pocid=33.33  mape=0.0390  | FLOOR smape=0.0382
         laya iter 1 -> median_pool2 conf=0.6187 rank=5
         laya iter 2 -> median_pool2 conf=0.983 rank=5
         laya iter 3 -> median_pool2 conf=0.983 rank=5
         laya iter 4 -> median_pool2 conf=0.983 rank=5
[ 115] trimmed_mean   score=-0.0266 origin=baseline iters=5 stop=no new information in 3 consecutive turns
         TEST  smape=0.0408  rmse=695.4162  pocid=75.00  mape=0.0419  | FLOOR smape=0.0408
         laya iter 1 -> best_ONLY_DWT_rf conf=0.2546 rank=8
         laya iter 2 -> median_pool2 conf=0.2613 rank=7
         laya iter 3 -> median_pool2 conf=0.2613 rank=7
         laya iter 4 -> median_pool2 conf=0.2613 rank=7
         laya iter 5 -> median_pool2 conf=0.2613 rank=7
[ 116] best_single    score= 0.0593 origin=agent    iters=4 stop=no new information in 3 consecutive turns
         TEST  smape=0.0182  rmse=193.0145  pocid=75.00  mape=0.0178  | FLOOR smape=0.0182
         laya iter 1 -> best_FT_catboost conf=0.46 rank=1
         laya iter 2 -> best_FT_catboost conf=0.9438 rank=1
         laya iter 3 -> best_FT_catboost conf=0.9438 rank=1
         laya iter 4 -> best_FT_catboost conf=0.9438 rank=1
[ 117] best_single    score= 0.3675 origin=agent    iters=5 stop=no new information in 3 consecutive turns
         TEST  smape=0.0059  rmse=10.9859  pocid=75.00  mape=0.0058  | FLOOR smape=0.0046
         laya iter 1 -> trimmed_mean_pool2 conf=0.4229 rank=6
         laya iter 2 -> best_ONLY_CWT_catboost conf=0.2829 rank=1
         laya iter 3 -> best_ONLY_CWT_catboost conf=0.3929 rank=1
         laya iter 4 -> best_ONLY_CWT_catboost conf=0.3929 rank=1
         laya iter 5 -> best_ONLY_CWT_catboost conf=0.3929 rank=1
[ 118] mean           score= 0.3083 origin=baseline iters=5 stop=no new information in 3 consecutive turns
         TEST  smape=0.1541  rmse=192.2356  pocid=50.00  mape=0.1409  | FLOOR smape=0.1541
         laya iter 1 -> median_pool2 conf=1.0 rank=3
         laya iter 2 -> median_pool1 conf=0.571 rank=3
         laya iter 3 -> median_pool1 conf=0.2966 rank=3
         laya iter 4 -> median_pool1 conf=0.2966 rank=3
         laya iter 5 -> median_pool1 conf=0.2966 rank=3
[ 119] median         score= 0.5690 origin=baseline iters=3 stop=no new information in 3 consecutive turns
         TEST  smape=0.1495  rmse=165.2522  pocid=33.33  mape=0.1364  | FLOOR smape=0.1495
         laya iter 1 -> trimmed_mean_pool2 conf=0.7659 rank=5
         laya iter 2 -> trimmed_mean_pool1 conf=0.2619 rank=6
         laya iter 3 -> trimmed_mean_pool1 conf=0.2619 rank=6
[ 120] best_single    score=-0.1133 origin=agent    iters=4 stop=no new information in 3 consecutive turns
         TEST  smape=0.0050  rmse=65.5241  pocid=100.00  mape=0.0049  | FLOOR smape=0.0036
         laya iter 1 -> best_ONLY_CWT_rf conf=0.9432 rank=1
         laya iter 2 -> best_ONLY_CWT_rf conf=0.9914 rank=1
         laya iter 3 -> best_ONLY_CWT_rf conf=0.9914 rank=1
         laya iter 4 -> best_ONLY_CWT_rf conf=0.9914 rank=1
[ 121] trimmed_mean   score=-0.0860 origin=baseline iters=5 stop=no new information in 3 consecutive turns
         TEST  smape=0.0418  rmse=18.9026  pocid=66.67  mape=0.0426  | FLOOR smape=0.0418
         laya iter 1 -> trimmed_mean_pool2 conf=0.3893 rank=4
         laya iter 2 -> trimmed_mean_pool_full conf=0.4216 rank=8
         laya iter 3 -> trimmed_mean_pool_full conf=0.4216 rank=8
         laya iter 4 -> trimmed_mean_pool_full conf=0.4216 rank=8
         laya iter 5 -> trimmed_mean_pool_full conf=0.4216 rank=8
[ 122] trimmed_mean   score=-0.1001 origin=baseline iters=4 stop=no new information in 3 consecutive turns
         TEST  smape=0.0356  rmse=21.5406  pocid=83.33  mape=0.0367  | FLOOR smape=0.0356
         laya iter 1 -> median_pool2 conf=0.7936 rank=2
         laya iter 2 -> median_pool2 conf=0.9949 rank=2
         laya iter 3 -> median_pool2 conf=0.9949 rank=2
         laya iter 4 -> median_pool2 conf=0.9949 rank=2
[ 123] mean           score= 0.2319 origin=baseline iters=5 stop=no new information in 3 consecutive turns
         TEST  smape=0.0123  rmse=117.5304  pocid=58.33  mape=0.0124  | FLOOR smape=0.0123
         laya iter 1 -> median_pool2 conf=0.9837 rank=8
         laya iter 2 -> median_pool1 conf=0.5323 rank=9
         laya iter 3 -> median_pool1 conf=0.5323 rank=9
         laya iter 4 -> median_pool1 conf=0.5323 rank=9
         laya iter 5 -> median_pool1 conf=0.5323 rank=9
[ 124] median         score=-0.1191 origin=baseline iters=5 stop=no new information in 3 consecutive turns
         TEST  smape=0.0138  rmse=173.5492  pocid=75.00  mape=0.0137  | FLOOR smape=0.0138
         laya iter 1 -> best_ONLY_DWT_rf conf=0.5154 rank=8
         laya iter 2 -> median_pool2 conf=0.4366 rank=5
         laya iter 3 -> median_pool2 conf=0.948 rank=5
         laya iter 4 -> median_pool2 conf=0.948 rank=5
         laya iter 5 -> median_pool2 conf=0.948 rank=5
[ 125] best_single    score= 0.0077 origin=agent    iters=5 stop=no new information in 3 consecutive turns
         TEST  smape=0.0037  rmse=45.9005  pocid=91.67  mape=0.0037  | FLOOR smape=0.0048
         laya iter 1 -> trimmed_mean_pool2 conf=0.605 rank=6
         laya iter 2 -> best_ONLY_CWT_rf conf=0.3908 rank=1
         laya iter 3 -> best_ONLY_CWT_rf conf=0.3315 rank=1
         laya iter 4 -> best_ONLY_CWT_rf conf=0.3315 rank=1
         laya iter 5 -> best_ONLY_CWT_rf conf=0.3315 rank=1
[ 126] trimmed_mean   score=-0.0011 origin=baseline iters=5 stop=no new information in 3 consecutive turns
         TEST  smape=0.0191  rmse=242.3789  pocid=58.33  mape=0.0193  | FLOOR smape=0.0191
         laya iter 1 -> trimmed_mean_pool2 conf=0.2043 rank=2
         laya iter 2 -> trimmed_mean_pool_full conf=0.2647 rank=8
         laya iter 3 -> trimmed_mean_pool_full conf=0.2647 rank=8
         laya iter 4 -> trimmed_mean_pool_full conf=0.2647 rank=8
         laya iter 5 -> trimmed_mean_pool_full conf=0.2647 rank=8
[ 127] trimmed_mean   score=-0.0105 origin=baseline iters=4 stop=no new information in 3 consecutive turns
         TEST  smape=0.0221  rmse=95.5364  pocid=66.67  mape=0.0221  | FLOOR smape=0.0221
         laya iter 1 -> median_pool2 conf=1.0 rank=7
         laya iter 2 -> median_pool2 conf=0.7717 rank=7
         laya iter 3 -> median_pool2 conf=0.7717 rank=7
         laya iter 4 -> median_pool2 conf=0.7717 rank=7
[ 128] best_single    score= 0.3836 origin=agent    iters=4 stop=no new information in 3 consecutive turns
         TEST  smape=0.0299  rmse=31.7516  pocid=83.33  mape=0.0304  | FLOOR smape=0.0268
         laya iter 1 -> best_ONLY_DWT_catboost conf=0.1569 rank=1
         laya iter 2 -> best_ONLY_DWT_catboost conf=0.4106 rank=1
         laya iter 3 -> best_ONLY_DWT_catboost conf=0.4106 rank=1
         laya iter 4 -> best_ONLY_DWT_catboost conf=0.4106 rank=1
[ 129] mean           score=-0.0840 origin=baseline iters=4 stop=no new information in 3 consecutive turns
         TEST  smape=0.0097  rmse=93.6733  pocid=50.00  mape=0.0098  | FLOOR smape=0.0097
         laya iter 1 -> best_ONLY_CWT_rf conf=0.492 rank=4
         laya iter 2 -> best_ONLY_CWT_rf conf=0.2341 rank=4
         laya iter 3 -> best_ONLY_CWT_rf conf=0.2341 rank=4
         laya iter 4 -> best_ONLY_CWT_rf conf=0.2341 rank=4
[ 130] median         score= 0.1545 origin=agent    iters=4 stop=no new information in 3 consecutive turns
         TEST  smape=0.0021  rmse=5.7620  pocid=83.33  mape=0.0021  | FLOOR smape=0.0024
         laya iter 1 -> median_pool2 conf=0.9448 rank=1
         laya iter 2 -> median_pool2 conf=0.6247 rank=1
         laya iter 3 -> median_pool2 conf=0.6247 rank=1
         laya iter 4 -> median_pool2 conf=0.6247 rank=1
[ 131] best_single    score=-0.1015 origin=agent    iters=4 stop=no new information in 3 consecutive turns
         TEST  smape=0.0105  rmse=261.3453  pocid=41.67  mape=0.0104  | FLOOR smape=0.0117
         laya iter 1 -> best_DWT_rf conf=0.2807 rank=1
         laya iter 2 -> best_DWT_rf conf=0.8283 rank=1
         laya iter 3 -> best_DWT_rf conf=0.8283 rank=1
         laya iter 4 -> best_DWT_rf conf=0.8283 rank=1
[ 132] mean           score=-0.1064 origin=baseline iters=3 stop=no new information in 3 consecutive turns
         TEST  smape=0.0032  rmse=52.4237  pocid=91.67  mape=0.0032  | FLOOR smape=0.0032
         laya iter 1 -> trimmed_mean_pool2 conf=0.6384 rank=5
         laya iter 2 -> trimmed_mean_pool2 conf=0.2531 rank=5
         laya iter 3 -> trimmed_mean_pool2 conf=0.2531 rank=5
[ 133] trimmed_mean   score=-0.0948 origin=baseline iters=4 stop=no new information in 3 consecutive turns
         TEST  smape=0.0031  rmse=47.0666  pocid=91.67  mape=0.0031  | FLOOR smape=0.0031
         laya iter 1 -> best_ONLY_DWT_rf conf=0.9351 rank=7
         laya iter 2 -> best_ONLY_DWT_rf conf=0.8564 rank=7
         laya iter 3 -> best_ONLY_DWT_rf conf=0.8564 rank=7
         laya iter 4 -> best_ONLY_DWT_rf conf=0.8564 rank=7
[ 134] trimmed_mean   score= 0.0524 origin=baseline iters=4 stop=no new information in 3 consecutive turns
         TEST  smape=0.0205  rmse=141.2819  pocid=33.33  mape=0.0202  | FLOOR smape=0.0205
         laya iter 1 -> median_pool2 conf=0.8786 rank=5
         laya iter 2 -> median_pool2 conf=0.6809 rank=5
         laya iter 3 -> median_pool2 conf=0.6809 rank=5
         laya iter 4 -> median_pool2 conf=0.6809 rank=5
[ 135] mean           score= 0.1342 origin=baseline iters=4 stop=no new information in 3 consecutive turns
         TEST  smape=0.0196  rmse=146.2557  pocid=58.33  mape=0.0194  | FLOOR smape=0.0196
         laya iter 1 -> median_pool2 conf=0.3964 rank=5
         laya iter 2 -> median_pool2 conf=0.7435 rank=5
         laya iter 3 -> median_pool2 conf=0.7435 rank=5
         laya iter 4 -> median_pool2 conf=0.7435 rank=5
[ 136] median         score=-0.0541 origin=agent    iters=5 stop=no new information in 3 consecutive turns
         TEST  smape=0.0086  rmse=72.2346  pocid=58.33  mape=0.0085  | FLOOR smape=0.0106
         laya iter 1 -> median_pool2 conf=0.4197 rank=1
         laya iter 2 -> best_ONLY_FT_catboost conf=0.4028 rank=9
         laya iter 3 -> best_ONLY_FT_catboost conf=0.4028 rank=9
         laya iter 4 -> best_ONLY_FT_catboost conf=0.4028 rank=9
         laya iter 5 -> best_ONLY_FT_catboost conf=0.4028 rank=9
[ 137] mean           score=-0.0994 origin=baseline iters=4 stop=no new information in 3 consecutive turns
         TEST  smape=0.0662  rmse=26.8251  pocid=75.00  mape=0.0679  | FLOOR smape=0.0662
         laya iter 1 -> best_ONLY_FT_rf conf=0.7352 rank=8
         laya iter 2 -> best_ONLY_FT_rf conf=0.8703 rank=8
         laya iter 3 -> best_ONLY_FT_rf conf=0.8703 rank=8
         laya iter 4 -> best_ONLY_FT_rf conf=0.8703 rank=8
[ 138] mean           score= 0.2853 origin=baseline iters=6 stop=no new information in 3 consecutive turns
         TEST  smape=0.0327  rmse=269.8821  pocid=58.33  mape=0.0333  | FLOOR smape=0.0327
         laya iter 1 -> median_pool2 conf=0.3151 rank=4
         laya iter 2 -> median_pool1 conf=0.6153 rank=2
         laya iter 3 -> trimmed_mean_pool_full conf=0.3132 rank=9
         laya iter 4 -> trimmed_mean_pool_full conf=0.3132 rank=9
         laya iter 5 -> trimmed_mean_pool_full conf=0.3132 rank=9
         laya iter 6 -> trimmed_mean_pool_full conf=0.3132 rank=9
[ 139] trimmed_mean   score= 0.3947 origin=baseline iters=5 stop=no new information in 3 consecutive turns
         TEST  smape=0.0344  rmse=313.8332  pocid=41.67  mape=0.0351  | FLOOR smape=0.0344
         laya iter 1 -> trimmed_mean_pool2 conf=0.2247 rank=5
         laya iter 2 -> trimmed_mean_pool_full conf=0.4218 rank=2
         laya iter 3 -> trimmed_mean_pool_full conf=0.3669 rank=2
         laya iter 4 -> trimmed_mean_pool_full conf=0.3669 rank=2
         laya iter 5 -> trimmed_mean_pool_full conf=0.3669 rank=2
[ 140] median         score= 0.0218 origin=baseline iters=4 stop=no new information in 3 consecutive turns
         TEST  smape=0.0458  rmse=569.6585  pocid=66.67  mape=0.0472  | FLOOR smape=0.0458
         laya iter 1 -> best_ONLY_DWT_catboost conf=0.905 rank=4
         laya iter 2 -> best_ONLY_DWT_catboost conf=0.9996 rank=4
         laya iter 3 -> best_ONLY_DWT_catboost conf=0.9996 rank=4
         laya iter 4 -> best_ONLY_DWT_catboost conf=0.9996 rank=4
[ 141] trimmed_mean   score=-0.0026 origin=baseline iters=5 stop=no new information in 3 consecutive turns
         TEST  smape=0.0136  rmse=117.9658  pocid=75.00  mape=0.0134  | FLOOR smape=0.0136
         laya iter 1 -> trimmed_mean_pool2 conf=0.2457 rank=3
         laya iter 2 -> trimmed_mean_pool_full conf=0.189 rank=8
         laya iter 3 -> trimmed_mean_pool_full conf=0.189 rank=8
         laya iter 4 -> trimmed_mean_pool_full conf=0.189 rank=8
         laya iter 5 -> trimmed_mean_pool_full conf=0.189 rank=8
[ 142] best_single    score= 0.0742 origin=agent    iters=4 stop=no new information in 3 consecutive turns
         TEST  smape=0.0040  rmse=54.2380  pocid=75.00  mape=0.0040  | FLOOR smape=0.0043
         laya iter 1 -> best_ONLY_CWT_catboost conf=0.6842 rank=1
         laya iter 2 -> best_ONLY_CWT_catboost conf=0.9147 rank=1
         laya iter 3 -> best_ONLY_CWT_catboost conf=0.9147 rank=1
         laya iter 4 -> best_ONLY_CWT_catboost conf=0.9147 rank=1
[ 143] median         score= 0.1717 origin=baseline iters=5 stop=no new information in 3 consecutive turns
         TEST  smape=0.1282  rmse=159.5969  pocid=16.67  mape=0.1188  | FLOOR smape=0.1282
         laya iter 1 -> median_pool2 conf=0.4811 rank=8
         laya iter 2 -> trimmed_mean_pool_full conf=0.3871 rank=9
         laya iter 3 -> trimmed_mean_pool_full conf=0.3871 rank=9
         laya iter 4 -> trimmed_mean_pool_full conf=0.3871 rank=9
         laya iter 5 -> trimmed_mean_pool_full conf=0.3871 rank=9
[ 144] best_single    score= 0.3471 origin=agent    iters=4 stop=no new information in 3 consecutive turns
         TEST  smape=0.1613  rmse=1682.4895  pocid=66.67  mape=0.1469  | FLOOR smape=0.1696
         laya iter 1 -> best_ONLY_DWT_catboost conf=0.4671 rank=1
         laya iter 2 -> best_ONLY_DWT_catboost conf=0.3405 rank=1
         laya iter 3 -> best_ONLY_DWT_catboost conf=0.3405 rank=1
         laya iter 4 -> best_ONLY_DWT_catboost conf=0.3405 rank=1
[ 145] median         score=-0.1025 origin=baseline iters=5 stop=no new information in 3 consecutive turns
         TEST  smape=0.0089  rmse=73.9772  pocid=75.00  mape=0.0088  | FLOOR smape=0.0089
         laya iter 1 -> best_ONLY_CWT_rf conf=0.4448 rank=8
         laya iter 2 -> median_pool2 conf=0.3822 rank=5
         laya iter 3 -> median_pool2 conf=0.612 rank=5
         laya iter 4 -> median_pool2 conf=0.612 rank=5
         laya iter 5 -> median_pool2 conf=0.612 rank=5
[ 146] trimmed_mean   score=-0.0638 origin=baseline iters=4 stop=no new information in 3 consecutive turns
         TEST  smape=0.0847  rmse=11.6306  pocid=41.67  mape=0.0897  | FLOOR smape=0.0847
         laya iter 1 -> best_ONLY_FT_rf conf=0.6524 rank=7
         laya iter 2 -> best_ONLY_FT_rf conf=0.6481 rank=7
         laya iter 3 -> best_ONLY_FT_rf conf=0.6481 rank=7
         laya iter 4 -> best_ONLY_FT_rf conf=0.6481 rank=7
[ 147] median         score=-0.0696 origin=baseline iters=4 stop=no new information in 3 consecutive turns
         TEST  smape=0.0675  rmse=16.3890  pocid=50.00  mape=0.0705  | FLOOR smape=0.0675
         laya iter 1 -> best_ONLY_CWT_rf conf=0.3269 rank=8
         laya iter 2 -> best_ONLY_CWT_rf conf=0.288 rank=8
         laya iter 3 -> best_ONLY_CWT_rf conf=0.288 rank=8
         laya iter 4 -> best_ONLY_CWT_rf conf=0.288 rank=8
[ 148] median         score= 0.6051 origin=baseline iters=5 stop=no new information in 3 consecutive turns
         TEST  smape=0.0405  rmse=206.7652  pocid=50.00  mape=0.0393  | FLOOR smape=0.0405
         laya iter 1 -> median_pool2 conf=0.2316 rank=9
         laya iter 2 -> median_pool1 conf=0.3461 rank=10
         laya iter 3 -> median_pool1 conf=0.3461 rank=10
         laya iter 4 -> median_pool1 conf=0.3461 rank=10
         laya iter 5 -> median_pool1 conf=0.3461 rank=10
[ 149] trimmed_mean   score=-0.0693 origin=baseline iters=4 stop=no new information in 3 consecutive turns
         TEST  smape=0.0152  rmse=146.1281  pocid=75.00  mape=0.0151  | FLOOR smape=0.0152
         laya iter 1 -> median_pool2 conf=0.4719 rank=7
         laya iter 2 -> median_pool2 conf=0.4307 rank=7
         laya iter 3 -> median_pool2 conf=0.4307 rank=7
         laya iter 4 -> median_pool2 conf=0.4307 rank=7
[ 150] trimmed_mean   score=-0.1187 origin=baseline iters=5 stop=no new information in 3 consecutive turns
         TEST  smape=0.0079  rmse=59.8727  pocid=91.67  mape=0.0079  | FLOOR smape=0.0079
         laya iter 1 -> median_pool2 conf=0.9122 rank=8
         laya iter 2 -> median_pool1 conf=0.5008 rank=8
         laya iter 3 -> median_pool1 conf=0.5008 rank=8
         laya iter 4 -> median_pool1 conf=0.5008 rank=8
         laya iter 5 -> median_pool1 conf=0.5008 rank=8
[ 151] median         score= 0.0779 origin=baseline iters=4 stop=no new information in 3 consecutive turns
         TEST  smape=0.0137  rmse=137.7083  pocid=41.67  mape=0.0137  | FLOOR smape=0.0137
         laya iter 1 -> best_ONLY_FT_rf conf=0.4817 rank=2
         laya iter 2 -> best_ONLY_FT_rf conf=0.6157 rank=2
         laya iter 3 -> best_ONLY_FT_rf conf=0.6157 rank=2
         laya iter 4 -> best_ONLY_FT_rf conf=0.6157 rank=2
[ 152] trimmed_mean   score= 0.0026 origin=baseline iters=4 stop=no new information in 3 consecutive turns
         TEST  smape=0.0227  rmse=91.4874  pocid=66.67  mape=0.0229  | FLOOR smape=0.0227
         laya iter 1 -> best_ONLY_FT_catboost conf=0.8108 rank=8
         laya iter 2 -> best_ONLY_FT_catboost conf=0.7849 rank=8
         laya iter 3 -> best_ONLY_FT_catboost conf=0.7849 rank=8
         laya iter 4 -> best_ONLY_FT_catboost conf=0.7849 rank=8
[ 153] trimmed_mean   score= 0.0451 origin=baseline iters=4 stop=no new information in 3 consecutive turns
         TEST  smape=0.0190  rmse=187.5246  pocid=75.00  mape=0.0192  | FLOOR smape=0.0190
         laya iter 1 -> median_pool2 conf=0.4769 rank=2
         laya iter 2 -> median_pool2 conf=0.9995 rank=2
         laya iter 3 -> median_pool2 conf=0.9995 rank=2
         laya iter 4 -> median_pool2 conf=0.9995 rank=2
[ 154] mean           score= 0.0624 origin=baseline iters=3 stop=no new information in 3 consecutive turns
         TEST  smape=0.0186  rmse=104.6428  pocid=41.67  mape=0.0189  | FLOOR smape=0.0186
         laya iter 1 -> trimmed_mean_pool2 conf=0.6842 rank=2
         laya iter 2 -> trimmed_mean_pool1 conf=0.3896 rank=6
         laya iter 3 -> trimmed_mean_pool1 conf=0.3896 rank=6
[ 155] trimmed_mean   score=-0.0375 origin=baseline iters=4 stop=no new information in 3 consecutive turns
         TEST  smape=0.0143  rmse=95.4742  pocid=41.67  mape=0.0144  | FLOOR smape=0.0143
         laya iter 1 -> median_pool2 conf=0.9529 rank=3
         laya iter 2 -> median_pool2 conf=0.5372 rank=3
         laya iter 3 -> median_pool2 conf=0.5372 rank=3
         laya iter 4 -> median_pool2 conf=0.5372 rank=3
[ 156] trimmed_mean   score=-0.1258 origin=baseline iters=5 stop=no new information in 3 consecutive turns
         TEST  smape=0.0033  rmse=5.5450  pocid=75.00  mape=0.0033  | FLOOR smape=0.0033
         laya iter 1 -> trimmed_mean_pool2 conf=0.5603 rank=2
         laya iter 2 -> trimmed_mean_pool_full conf=0.3327 rank=8
         laya iter 3 -> trimmed_mean_pool_full conf=0.3327 rank=8
         laya iter 4 -> trimmed_mean_pool_full conf=0.3327 rank=8
         laya iter 5 -> trimmed_mean_pool_full conf=0.3327 rank=8
[ 157] best_single    score=-0.0848 origin=agent    iters=4 stop=no new information in 3 consecutive turns
         TEST  smape=0.0051  rmse=109.6777  pocid=33.33  mape=0.0051  | FLOOR smape=0.0069
         laya iter 1 -> best_ONLY_DWT_catboost conf=0.4686 rank=1
         laya iter 2 -> best_ONLY_DWT_catboost conf=0.9301 rank=1
         laya iter 3 -> best_ONLY_DWT_catboost conf=0.9301 rank=1
         laya iter 4 -> best_ONLY_DWT_catboost conf=0.9301 rank=1
[ 158] trimmed_mean   score=-0.0940 origin=baseline iters=4 stop=no new information in 3 consecutive turns
         TEST  smape=0.0057  rmse=56.8159  pocid=91.67  mape=0.0057  | FLOOR smape=0.0057
         laya iter 1 -> best_ONLY_CWT_rf conf=0.5666 rank=7
         laya iter 2 -> best_ONLY_CWT_rf conf=0.2874 rank=7
         laya iter 3 -> best_ONLY_CWT_rf conf=0.2874 rank=7
         laya iter 4 -> best_ONLY_CWT_rf conf=0.2874 rank=7
[ 159] mean           score=-0.0982 origin=baseline iters=4 stop=no new information in 3 consecutive turns
         TEST  smape=0.0048  rmse=44.4603  pocid=91.67  mape=0.0048  | FLOOR smape=0.0048
         laya iter 1 -> best_ONLY_CWT_rf conf=0.6437 rank=2
         laya iter 2 -> best_ONLY_CWT_rf conf=0.7819 rank=2
         laya iter 3 -> best_ONLY_CWT_rf conf=0.7819 rank=2
         laya iter 4 -> best_ONLY_CWT_rf conf=0.7819 rank=2
[ 160] best_single    score=-0.0176 origin=agent    iters=5 stop=no new information in 3 consecutive turns
         TEST  smape=0.0038  rmse=67.7341  pocid=41.67  mape=0.0038  | FLOOR smape=0.0062
         laya iter 1 -> trimmed_mean_pool2 conf=0.4553 rank=2
         laya iter 2 -> best_ONLY_CWT_catboost conf=0.3617 rank=1
         laya iter 3 -> best_ONLY_CWT_catboost conf=0.3235 rank=1
         laya iter 4 -> best_ONLY_CWT_catboost conf=0.3235 rank=1
         laya iter 5 -> best_ONLY_CWT_catboost conf=0.3235 rank=1
[ 161] mean           score= 0.0098 origin=baseline iters=4 stop=no new information in 3 consecutive turns
         TEST  smape=0.0117  rmse=66.6612  pocid=41.67  mape=0.0116  | FLOOR smape=0.0117
         laya iter 1 -> best_ONLY_DWT_catboost conf=0.9765 rank=3
         laya iter 2 -> best_ONLY_DWT_catboost conf=0.9997 rank=3
         laya iter 3 -> best_ONLY_DWT_catboost conf=0.9997 rank=3
         laya iter 4 -> best_ONLY_DWT_catboost conf=0.9997 rank=3
[ 162] best_single    score= 0.0275 origin=agent    iters=4 stop=no new information in 3 consecutive turns
         TEST  smape=0.0124  rmse=50.2909  pocid=75.00  mape=0.0123  | FLOOR smape=0.0124
         laya iter 1 -> best_ONLY_DWT_catboost conf=0.978 rank=1
         laya iter 2 -> best_ONLY_DWT_catboost conf=0.9982 rank=1
         laya iter 3 -> best_ONLY_DWT_catboost conf=0.9982 rank=1
         laya iter 4 -> best_ONLY_DWT_catboost conf=0.9982 rank=1
[ 163] median         score=-0.0014 origin=baseline iters=4 stop=no new information in 3 consecutive turns
         TEST  smape=0.0105  rmse=283.3121  pocid=58.33  mape=0.0106  | FLOOR smape=0.0105
         laya iter 1 -> best_ONLY_DWT_rf conf=0.5449 rank=2
         laya iter 2 -> best_ONLY_DWT_rf conf=0.7158 rank=2
         laya iter 3 -> best_ONLY_DWT_rf conf=0.7158 rank=2
         laya iter 4 -> best_ONLY_DWT_rf conf=0.7158 rank=2
[ 164] trimmed_mean   score=-0.0294 origin=baseline iters=4 stop=no new information in 3 consecutive turns
         TEST  smape=0.0403  rmse=174.9849  pocid=50.00  mape=0.0414  | FLOOR smape=0.0403
         laya iter 1 -> best_ONLY_FT_rf conf=0.2946 rank=2
         laya iter 2 -> best_ONLY_FT_rf conf=0.5802 rank=2
         laya iter 3 -> best_ONLY_FT_rf conf=0.5802 rank=2
         laya iter 4 -> best_ONLY_FT_rf conf=0.5802 rank=2
[ 165] mean           score= 0.2714 origin=baseline iters=4 stop=no new information in 3 consecutive turns
         TEST  smape=0.0282  rmse=86.2145  pocid=58.33  mape=0.0287  | FLOOR smape=0.0282
         laya iter 1 -> median_pool2 conf=0.9957 rank=6
         laya iter 2 -> median_pool2 conf=0.6893 rank=6
         laya iter 3 -> median_pool2 conf=0.6893 rank=6
         laya iter 4 -> median_pool2 conf=0.6893 rank=6
[ 166] mean           score= 0.0867 origin=baseline iters=5 stop=no new information in 3 consecutive turns
         TEST  smape=0.0308  rmse=100.9891  pocid=58.33  mape=0.0314  | FLOOR smape=0.0308
         laya iter 1 -> median_pool2 conf=0.8717 rank=4
         laya iter 2 -> median_pool1 conf=0.7144 rank=6
         laya iter 3 -> median_pool1 conf=0.4621 rank=6
         laya iter 4 -> median_pool1 conf=0.4621 rank=6
         laya iter 5 -> median_pool1 conf=0.4621 rank=6
[ 167] median         score= 0.0798 origin=baseline iters=5 stop=no new information in 3 consecutive turns
         TEST  smape=0.0286  rmse=123.3759  pocid=83.33  mape=0.0285  | FLOOR smape=0.0286
         laya iter 1 -> trimmed_mean_pool2 conf=0.2864 rank=4
         laya iter 2 -> median_pool2 conf=0.2911 rank=8
         laya iter 3 -> median_pool2 conf=0.2911 rank=8
         laya iter 4 -> median_pool2 conf=0.2911 rank=8
         laya iter 5 -> median_pool2 conf=0.2911 rank=8
[ 168] best_single    score= 0.0329 origin=agent    iters=4 stop=no new information in 3 consecutive turns
         TEST  smape=0.0333  rmse=71.2485  pocid=58.33  mape=0.0325  | FLOOR smape=0.0419
         laya iter 1 -> best_ONLY_DWT_catboost conf=0.9999 rank=1
         laya iter 2 -> best_ONLY_DWT_catboost conf=0.998 rank=1
         laya iter 3 -> best_ONLY_DWT_catboost conf=0.998 rank=1
         laya iter 4 -> best_ONLY_DWT_catboost conf=0.998 rank=1
[ 169] median         score= 0.0786 origin=baseline iters=4 stop=no new information in 3 consecutive turns
         TEST  smape=0.0210  rmse=93.2625  pocid=41.67  mape=0.0207  | FLOOR smape=0.0210
         laya iter 1 -> median_pool2 conf=0.6648 rank=8
         laya iter 2 -> median_pool2 conf=0.3574 rank=8
         laya iter 3 -> median_pool2 conf=0.3574 rank=8
         laya iter 4 -> median_pool2 conf=0.3574 rank=8
[ 170] trimmed_mean   score= 0.1181 origin=baseline iters=5 stop=no new information in 3 consecutive turns
         TEST  smape=0.0087  rmse=63.1978  pocid=66.67  mape=0.0087  | FLOOR smape=0.0087
         laya iter 1 -> trimmed_mean_pool2 conf=0.2403 rank=1
         laya iter 2 -> trimmed_mean_pool_full conf=0.2937 rank=8
         laya iter 3 -> trimmed_mean_pool_full conf=0.2937 rank=8
         laya iter 4 -> trimmed_mean_pool_full conf=0.2937 rank=8
         laya iter 5 -> trimmed_mean_pool_full conf=0.2937 rank=8
[ 171] best_single    score=-0.0928 origin=agent    iters=4 stop=no new information in 3 consecutive turns
         TEST  smape=0.0063  rmse=27.6979  pocid=83.33  mape=0.0063  | FLOOR smape=0.0056
         laya iter 1 -> best_ONLY_CWT_rf conf=0.9936 rank=1
         laya iter 2 -> best_ONLY_CWT_rf conf=0.9718 rank=1
         laya iter 3 -> best_ONLY_CWT_rf conf=0.9718 rank=1
         laya iter 4 -> best_ONLY_CWT_rf conf=0.9718 rank=1
[ 172] best_single    score= 0.3677 origin=agent    iters=4 stop=no new information in 3 consecutive turns
         TEST  smape=0.0649  rmse=314.6973  pocid=50.00  mape=0.0654  | FLOOR smape=0.0670
         laya iter 1 -> best_ONLY_DWT_catboost conf=0.5651 rank=1
         laya iter 2 -> best_ONLY_DWT_catboost conf=0.5331 rank=1
         laya iter 3 -> best_ONLY_DWT_catboost conf=0.5331 rank=1
         laya iter 4 -> best_ONLY_DWT_catboost conf=0.5331 rank=1
[ 173] mean           score= 0.2419 origin=baseline iters=5 stop=no new information in 3 consecutive turns
         TEST  smape=0.0059  rmse=21.5775  pocid=66.67  mape=0.0060  | FLOOR smape=0.0059
         laya iter 1 -> median_pool_full conf=0.4783 rank=5
         laya iter 2 -> median_pool2 conf=0.5416 rank=4
         laya iter 3 -> median_pool2 conf=0.5558 rank=4
         laya iter 4 -> median_pool2 conf=0.5558 rank=4
         laya iter 5 -> median_pool2 conf=0.5558 rank=4
[ 174] mean           score=-0.0685 origin=baseline iters=5 stop=no new information in 3 consecutive turns
         TEST  smape=0.0063  rmse=24.8604  pocid=83.33  mape=0.0063  | FLOOR smape=0.0063
         laya iter 1 -> median_pool2 conf=0.9831 rank=8
         laya iter 2 -> median_pool1 conf=0.9549 rank=9
         laya iter 3 -> median_pool1 conf=0.9549 rank=9
         laya iter 4 -> median_pool1 conf=0.9549 rank=9
         laya iter 5 -> median_pool1 conf=0.9549 rank=9
[ 175] trimmed_mean   score= 0.0897 origin=baseline iters=4 stop=no new information in 3 consecutive turns
         TEST  smape=0.0237  rmse=65.5451  pocid=58.33  mape=0.0240  | FLOOR smape=0.0237
         laya iter 1 -> best_ONLY_FT_rf conf=0.5981 rank=2
         laya iter 2 -> best_ONLY_FT_rf conf=0.8509 rank=2
         laya iter 3 -> best_ONLY_FT_rf conf=0.8509 rank=2
         laya iter 4 -> best_ONLY_FT_rf conf=0.8509 rank=2
[ 176] best_single    score= 0.4509 origin=agent    iters=4 stop=no new information in 3 consecutive turns
         TEST  smape=0.0364  rmse=279.2557  pocid=66.67  mape=0.0356  | FLOOR smape=0.0309
         laya iter 1 -> best_ONLY_DWT_catboost conf=0.7329 rank=1
         laya iter 2 -> best_ONLY_DWT_catboost conf=0.9943 rank=1
         laya iter 3 -> best_ONLY_DWT_catboost conf=0.9943 rank=1
         laya iter 4 -> best_ONLY_DWT_catboost conf=0.9943 rank=1
[ 177] best_single    score= 0.3658 origin=agent    iters=4 stop=no new information in 3 consecutive turns
         TEST  smape=0.0655  rmse=102.7023  pocid=58.33  mape=0.0681  | FLOOR smape=0.0600
         laya iter 1 -> best_ONLY_DWT_rf conf=0.6054 rank=1
         laya iter 2 -> best_ONLY_DWT_rf conf=0.7045 rank=1
         laya iter 3 -> best_ONLY_DWT_rf conf=0.7045 rank=1
         laya iter 4 -> best_ONLY_DWT_rf conf=0.7045 rank=1
[ 178] trimmed_mean   score=-0.0741 origin=baseline iters=4 stop=no new information in 3 consecutive turns
         TEST  smape=0.0063  rmse=23.5996  pocid=50.00  mape=0.0062  | FLOOR smape=0.0063
         laya iter 1 -> best_ONLY_DWT_catboost conf=0.8284 rank=2
         laya iter 2 -> best_ONLY_DWT_catboost conf=0.9257 rank=2
         laya iter 3 -> best_ONLY_DWT_catboost conf=0.9257 rank=2
         laya iter 4 -> best_ONLY_DWT_catboost conf=0.9257 rank=2
[ 179] mean           score= 0.1095 origin=agent    iters=5 stop=no new information in 3 consecutive turns
         TEST  smape=0.0058  rmse=53.3728  pocid=66.67  mape=0.0058  | FLOOR smape=0.0080
         laya iter 1 -> trimmed_mean_pool2 conf=0.4137 rank=4
         laya iter 2 -> mean_pool4 conf=0.1865 rank=1
         laya iter 3 -> trimmed_mean_pool2 conf=0.4108 rank=5
         laya iter 4 -> trimmed_mean_pool2 conf=0.4108 rank=5
         laya iter 5 -> trimmed_mean_pool2 conf=0.4108 rank=5
[ 180] trimmed_mean   score=-0.0429 origin=baseline iters=5 stop=no new information in 3 consecutive turns
         TEST  smape=0.0146  rmse=145.2356  pocid=41.67  mape=0.0145  | FLOOR smape=0.0146
         laya iter 1 -> median_pool2 conf=0.8504 rank=2
         laya iter 2 -> median_pool1 conf=0.9982 rank=4
         laya iter 3 -> median_pool1 conf=0.2017 rank=4
         laya iter 4 -> median_pool1 conf=0.2017 rank=4
         laya iter 5 -> median_pool1 conf=0.2017 rank=4
[ 181] trimmed_mean   score= 0.2338 origin=baseline iters=4 stop=no new information in 3 consecutive turns
         TEST  smape=0.2051  rmse=289.9752  pocid=33.33  mape=0.1830  | FLOOR smape=0.2051
         laya iter 1 -> median_pool2 conf=0.9995 rank=6
         laya iter 2 -> median_pool2 conf=0.6007 rank=6
         laya iter 3 -> median_pool2 conf=0.6007 rank=6
         laya iter 4 -> median_pool2 conf=0.6007 rank=6
[ 182] trimmed_mean   score=-0.0800 origin=baseline iters=4 stop=no new information in 3 consecutive turns
         TEST  smape=0.0196  rmse=132.6261  pocid=41.67  mape=0.0194  | FLOOR smape=0.0196
         laya iter 1 -> median_pool2 conf=0.9707 rank=8
         laya iter 2 -> median_pool2 conf=0.4996 rank=8
         laya iter 3 -> median_pool2 conf=0.4996 rank=8
         laya iter 4 -> median_pool2 conf=0.4996 rank=8
[ 183] best_single    score=-0.0480 origin=agent    iters=4 stop=no new information in 3 consecutive turns
         TEST  smape=0.0037  rmse=18.3987  pocid=83.33  mape=0.0037  | FLOOR smape=0.0043
         laya iter 1 -> best_ONLY_DWT_catboost conf=0.9321 rank=1
         laya iter 2 -> best_ONLY_DWT_catboost conf=0.9993 rank=1
         laya iter 3 -> best_ONLY_DWT_catboost conf=0.9993 rank=1
         laya iter 4 -> best_ONLY_DWT_catboost conf=0.9993 rank=1
[ 184] mean           score=-0.0560 origin=baseline iters=5 stop=no new information in 3 consecutive turns
         TEST  smape=0.0045  rmse=22.1940  pocid=83.33  mape=0.0045  | FLOOR smape=0.0045
         laya iter 1 -> trimmed_mean_pool2 conf=0.623 rank=3
         laya iter 2 -> best_FT_rf conf=0.3209 rank=5
         laya iter 3 -> best_FT_rf conf=0.8301 rank=5
         laya iter 4 -> best_FT_rf conf=0.8301 rank=5
         laya iter 5 -> best_FT_rf conf=0.8301 rank=5
[ 185] mean           score= 0.7500 origin=baseline iters=4 stop=no new information in 3 consecutive turns
         TEST  smape=0.0284  rmse=51.7753  pocid=58.33  mape=0.0279  | FLOOR smape=0.0284
         laya iter 1 -> best_ONLY_DWT_catboost conf=0.6046 rank=3
         laya iter 2 -> best_ONLY_DWT_catboost conf=0.8886 rank=3
         laya iter 3 -> best_ONLY_DWT_catboost conf=0.8886 rank=3
         laya iter 4 -> best_ONLY_DWT_catboost conf=0.8886 rank=3
[ 186] median         score= 0.4362 origin=baseline iters=3 stop=no new information in 3 consecutive turns
         TEST  smape=0.0765  rmse=73.4101  pocid=58.33  mape=0.0733  | FLOOR smape=0.0765
         laya iter 1 -> median_pool_full conf=0.3131 rank=1
         laya iter 2 -> median_pool_full conf=0.3336 rank=1
         laya iter 3 -> median_pool_full conf=0.3336 rank=1
[ 187] median         score= 0.2557 origin=agent    iters=4 stop=no new information in 3 consecutive turns
         TEST  smape=0.0474  rmse=128.5262  pocid=41.67  mape=0.0456  | FLOOR smape=0.0135
         laya iter 1 -> median_pool2 conf=0.3784 rank=1
         laya iter 2 -> median_pool2 conf=0.4218 rank=1
         laya iter 3 -> median_pool2 conf=0.4218 rank=1
         laya iter 4 -> median_pool2 conf=0.4218 rank=1
[ 188] best_single    score= 0.1807 origin=agent    iters=5 stop=no new information in 3 consecutive turns
         TEST  smape=0.0631  rmse=162.8081  pocid=58.33  mape=0.0604  | FLOOR smape=0.0808
         laya iter 1 -> best_ONLY_FT_rf conf=0.7019 rank=1
         laya iter 2 -> median_pool2 conf=0.9882 rank=6
         laya iter 3 -> median_pool2 conf=0.7678 rank=6
         laya iter 4 -> median_pool2 conf=0.7678 rank=6
         laya iter 5 -> median_pool2 conf=0.7678 rank=6
[ 189] median         score=-0.0227 origin=agent    iters=5 stop=no new information in 3 consecutive turns
         TEST  smape=0.0155  rmse=8.4207  pocid=66.67  mape=0.0153  | FLOOR smape=0.0158
         laya iter 1 -> median_pool2 conf=0.5964 rank=1
         laya iter 2 -> median_pool1 conf=0.2545 rank=3
         laya iter 3 -> median_pool1 conf=0.2974 rank=3
         laya iter 4 -> median_pool1 conf=0.2974 rank=3
         laya iter 5 -> median_pool1 conf=0.2974 rank=3
[ 190] best_single    score= 0.4571 origin=agent    iters=4 stop=no new information in 3 consecutive turns
         TEST  smape=0.0657  rmse=563.7702  pocid=66.67  mape=0.0628  | FLOOR smape=0.0602
         laya iter 1 -> best_ONLY_CWT_rf conf=0.5632 rank=1
         laya iter 2 -> best_ONLY_CWT_rf conf=0.4899 rank=1
         laya iter 3 -> best_ONLY_CWT_rf conf=0.4899 rank=1
         laya iter 4 -> best_ONLY_CWT_rf conf=0.4899 rank=1
[ 191] best_single    score= 0.4367 origin=agent    iters=4 stop=no new information in 3 consecutive turns
         TEST  smape=0.0232  rmse=31.8368  pocid=66.67  mape=0.0232  | FLOOR smape=0.0310
         laya iter 1 -> best_ONLY_CWT_catboost conf=0.2955 rank=1
         laya iter 2 -> best_ONLY_CWT_catboost conf=0.4332 rank=1
         laya iter 3 -> best_ONLY_CWT_catboost conf=0.4332 rank=1
         laya iter 4 -> best_ONLY_CWT_catboost conf=0.4332 rank=1
[ 192] best_single    score= 0.2644 origin=agent    iters=4 stop=no new information in 3 consecutive turns
         TEST  smape=0.0257  rmse=177.6087  pocid=50.00  mape=0.0256  | FLOOR smape=0.0228
         laya iter 1 -> best_FT_rf conf=0.998 rank=1
         laya iter 2 -> best_FT_rf conf=0.9227 rank=1
         laya iter 3 -> best_FT_rf conf=0.9227 rank=1
         laya iter 4 -> best_FT_rf conf=0.9227 rank=1
[ 193] best_single    score= 0.0610 origin=agent    iters=5 stop=no new information in 3 consecutive turns
         TEST  smape=0.0594  rmse=31.1122  pocid=50.00  mape=0.0575  | FLOOR smape=0.0273
         laya iter 1 -> best_ONLY_DWT_rf conf=0.4286 rank=1
         laya iter 2 -> best_DWT_rf conf=0.4543 rank=1
         laya iter 3 -> best_DWT_rf conf=0.705 rank=1
         laya iter 4 -> best_DWT_rf conf=0.705 rank=1
         laya iter 5 -> best_DWT_rf conf=0.705 rank=1
[ 194] trimmed_mean   score= 0.6674 origin=baseline iters=4 stop=no new information in 3 consecutive turns
         TEST  smape=0.0793  rmse=77.9058  pocid=41.67  mape=0.0760  | FLOOR smape=0.0793
         laya iter 1 -> median_pool2 conf=0.7592 rank=6
         laya iter 2 -> median_pool2 conf=0.7416 rank=6
         laya iter 3 -> median_pool2 conf=0.7416 rank=6
         laya iter 4 -> median_pool2 conf=0.7416 rank=6
[ 195] mean           score= 0.4277 origin=baseline iters=3 stop=no new information in 3 consecutive turns
         TEST  smape=0.1398  rmse=1407.8590  pocid=33.33  mape=0.1291  | FLOOR smape=0.1398
         laya iter 1 -> trimmed_mean_pool2 conf=0.7218 rank=2
         laya iter 2 -> trimmed_mean_pool1 conf=0.3804 rank=6
         laya iter 3 -> trimmed_mean_pool1 conf=0.3804 rank=6
[ 196] best_single    score= 0.6294 origin=agent    iters=4 stop=no new information in 3 consecutive turns
         TEST  smape=0.0656  rmse=225.4022  pocid=66.67  mape=0.0633  | FLOOR smape=0.1937
         laya iter 1 -> best_ONLY_CWT_rf conf=0.4763 rank=1
         laya iter 2 -> best_ONLY_CWT_rf conf=0.5424 rank=1
         laya iter 3 -> best_ONLY_CWT_rf conf=0.5424 rank=1
         laya iter 4 -> best_ONLY_CWT_rf conf=0.5424 rank=1
[ 197] best_single    score= 0.0428 origin=agent    iters=4 stop=no new information in 3 consecutive turns
         TEST  smape=0.0902  rmse=238.4663  pocid=33.33  mape=0.0856  | FLOOR smape=0.0527
         laya iter 1 -> best_ONLY_CWT_catboost conf=0.1885 rank=1
         laya iter 2 -> trimmed_mean_pool2 conf=0.3144 rank=5
         laya iter 3 -> trimmed_mean_pool2 conf=0.3144 rank=5
         laya iter 4 -> trimmed_mean_pool2 conf=0.3144 rank=5
[ 198] median         score= 0.0725 origin=baseline iters=6 stop=no new information in 3 consecutive turns
         TEST  smape=0.0570  rmse=51.5690  pocid=50.00  mape=0.0566  | FLOOR smape=0.0570
         laya iter 1 -> median_pool2 conf=0.4117 rank=3
         laya iter 2 -> median_pool1 conf=0.2364 rank=4
         laya iter 3 -> trimmed_mean_pool_full conf=0.2494 rank=10
         laya iter 4 -> trimmed_mean_pool_full conf=0.2494 rank=10
         laya iter 5 -> trimmed_mean_pool_full conf=0.2494 rank=10
         laya iter 6 -> trimmed_mean_pool_full conf=0.2494 rank=10
[ 199] median         score= 0.2626 origin=baseline iters=4 stop=no new information in 3 consecutive turns
         TEST  smape=0.0885  rmse=201.9539  pocid=66.67  mape=0.0931  | FLOOR smape=0.0885
         laya iter 1 -> median_pool2 conf=0.4442 rank=3
         laya iter 2 -> median_pool2 conf=0.9453 rank=3
         laya iter 3 -> median_pool2 conf=0.9453 rank=3
         laya iter 4 -> median_pool2 conf=0.9453 rank=3
[ 200] median         score= 0.5249 origin=agent    iters=6 stop=no new information in 3 consecutive turns
         TEST  smape=0.1372  rmse=258.0491  pocid=41.67  mape=0.1281  | FLOOR smape=0.1823
         laya iter 1 -> median_pool3 conf=0.3633 rank=8
         laya iter 2 -> median_pool2 conf=0.4037 rank=1
         laya iter 3 -> median_pool1 conf=0.6854 rank=1
         laya iter 4 -> median_pool2 conf=0.3347 rank=2
         laya iter 5 -> median_pool2 conf=0.3347 rank=2
         laya iter 6 -> median_pool2 conf=0.3347 rank=2
[ 201] median         score= 0.6361 origin=baseline iters=4 stop=no new information in 3 consecutive turns
         TEST  smape=0.0431  rmse=187.9742  pocid=41.67  mape=0.0420  | FLOOR smape=0.0431
         laya iter 1 -> median_pool2 conf=0.3555 rank=2
         laya iter 2 -> median_pool2 conf=0.7034 rank=2
         laya iter 3 -> median_pool2 conf=0.7034 rank=2
         laya iter 4 -> median_pool2 conf=0.7034 rank=2
[ 202] trimmed_mean   score= 0.6046 origin=baseline iters=4 stop=no new information in 3 consecutive turns
         TEST  smape=0.0801  rmse=511.7285  pocid=33.33  mape=0.0858  | FLOOR smape=0.0801
         laya iter 1 -> median_pool2 conf=0.5145 rank=5
         laya iter 2 -> median_pool2 conf=0.9904 rank=5
         laya iter 3 -> median_pool2 conf=0.9904 rank=5
         laya iter 4 -> median_pool2 conf=0.9904 rank=5
[ 203] median         score= 0.0009 origin=baseline iters=4 stop=no new information in 3 consecutive turns
         TEST  smape=0.0022  rmse=19.4552  pocid=66.67  mape=0.0022  | FLOOR smape=0.0022
         laya iter 1 -> median_pool2 conf=0.5398 rank=4
         laya iter 2 -> median_pool2 conf=0.5929 rank=4
         laya iter 3 -> median_pool2 conf=0.5929 rank=4
         laya iter 4 -> median_pool2 conf=0.5929 rank=4
[ 204] best_single    score= 0.1385 origin=agent    iters=5 stop=no new information in 3 consecutive turns
         TEST  smape=0.0244  rmse=386.2599  pocid=58.33  mape=0.0240  | FLOOR smape=0.0324
         laya iter 1 -> trimmed_mean_pool2 conf=0.6284 rank=5
         laya iter 2 -> best_ONLY_CWT_catboost conf=0.4709 rank=1
         laya iter 3 -> best_ONLY_CWT_catboost conf=0.8182 rank=1
         laya iter 4 -> best_ONLY_CWT_catboost conf=0.8182 rank=1
         laya iter 5 -> best_ONLY_CWT_catboost conf=0.8182 rank=1
[ 205] median         score= 0.5387 origin=agent    iters=6 stop=no new information in 3 consecutive turns
         TEST  smape=0.1116  rmse=147.8684  pocid=75.00  mape=0.1046  | FLOOR smape=0.1121
         laya iter 1 -> trimmed_mean_pool2 conf=0.4047 rank=6
         laya iter 2 -> median_pool2 conf=0.5179 rank=4
         laya iter 3 -> median_pool1 conf=0.2333 rank=1
         laya iter 4 -> median_pool1 conf=0.321 rank=1
         laya iter 5 -> median_pool1 conf=0.321 rank=1
         laya iter 6 -> median_pool1 conf=0.321 rank=1
[ 206] best_single    score= 0.3672 origin=agent    iters=4 stop=no new information in 3 consecutive turns
         TEST  smape=0.0905  rmse=2121.1739  pocid=58.33  mape=0.0847  | FLOOR smape=0.1093
         laya iter 1 -> best_ONLY_DWT_rf conf=0.744 rank=1
         laya iter 2 -> best_ONLY_DWT_rf conf=0.9979 rank=1
         laya iter 3 -> best_ONLY_DWT_rf conf=0.9979 rank=1
         laya iter 4 -> best_ONLY_DWT_rf conf=0.9979 rank=1
[ 207] mean           score= 0.1737 origin=baseline iters=4 stop=no new information in 3 consecutive turns
         TEST  smape=0.0770  rmse=2389.1930  pocid=75.00  mape=0.0801  | FLOOR smape=0.0770
         laya iter 1 -> median_pool2 conf=0.2208 rank=3
         laya iter 2 -> median_pool2 conf=0.9999 rank=3
         laya iter 3 -> median_pool2 conf=0.9999 rank=3
         laya iter 4 -> median_pool2 conf=0.9999 rank=3
[ 208] median         score= 0.0404 origin=agent    iters=5 stop=no new information in 3 consecutive turns
         TEST  smape=0.6981  rmse=2105.5377  pocid=0.00  mape=0.5095  | FLOOR smape=1.2122
         laya iter 1 -> median_pool3 conf=0.7295 rank=1
         laya iter 2 -> median_pool2 conf=1.0 rank=2
         laya iter 3 -> median_pool2 conf=0.9383 rank=2
         laya iter 4 -> median_pool2 conf=0.9383 rank=2
         laya iter 5 -> median_pool2 conf=0.9383 rank=2
[ 209] best_single    score= 0.1125 origin=agent    iters=4 stop=no new information in 3 consecutive turns
         TEST  smape=0.1378  rmse=1282.9872  pocid=66.67  mape=0.1278  | FLOOR smape=0.1320
         laya iter 1 -> best_ONLY_CWT_catboost conf=0.2799 rank=1
         laya iter 2 -> best_ONLY_CWT_catboost conf=0.9802 rank=1
         laya iter 3 -> best_ONLY_CWT_catboost conf=0.9802 rank=1
         laya iter 4 -> best_ONLY_CWT_catboost conf=0.9802 rank=1
[ 210] mean           score=-0.1323 origin=baseline iters=4 stop=no new information in 3 consecutive turns
         TEST  smape=0.0046  rmse=132.8517  pocid=91.67  mape=0.0046  | FLOOR smape=0.0046
         laya iter 1 -> best_DWT_rf conf=0.3615 rank=5
         laya iter 2 -> best_DWT_rf conf=0.8441 rank=5
         laya iter 3 -> best_DWT_rf conf=0.8441 rank=5
         laya iter 4 -> best_DWT_rf conf=0.8441 rank=5
[ 211] trimmed_mean   score= 0.0379 origin=baseline iters=4 stop=no new information in 3 consecutive turns
         TEST  smape=0.0461  rmse=312.9232  pocid=50.00  mape=0.0446  | FLOOR smape=0.0461
         laya iter 1 -> median_pool2 conf=0.6351 rank=8
         laya iter 2 -> median_pool2 conf=0.6924 rank=8
         laya iter 3 -> median_pool2 conf=0.6924 rank=8
         laya iter 4 -> median_pool2 conf=0.6924 rank=8
[ 212] trimmed_mean   score= 0.1546 origin=baseline iters=4 stop=no new information in 3 consecutive turns
         TEST  smape=0.0490  rmse=206.2662  pocid=66.67  mape=0.0499  | FLOOR smape=0.0490
         laya iter 1 -> trimmed_mean_pool_full conf=0.1797 rank=8
         laya iter 2 -> trimmed_mean_pool_full conf=0.2908 rank=8
         laya iter 3 -> trimmed_mean_pool_full conf=0.2908 rank=8
         laya iter 4 -> trimmed_mean_pool_full conf=0.2908 rank=8
[ 213] median         score= 0.3157 origin=baseline iters=4 stop=no new information in 3 consecutive turns
         TEST  smape=0.0269  rmse=64.3182  pocid=66.67  mape=0.0266  | FLOOR smape=0.0269
         laya iter 1 -> median_pool2 conf=0.2098 rank=4
         laya iter 2 -> trimmed_mean_pool2 conf=0.3409 rank=6
         laya iter 3 -> trimmed_mean_pool2 conf=0.3409 rank=6
         laya iter 4 -> trimmed_mean_pool2 conf=0.3409 rank=6
[ 214] mean           score= 0.2032 origin=baseline iters=3 stop=no new information in 3 consecutive turns
         TEST  smape=0.0310  rmse=86.2396  pocid=41.67  mape=0.0304  | FLOOR smape=0.0310
         laya iter 1 -> median_pool_full conf=0.3294 rank=4
         laya iter 2 -> median_pool_full conf=0.4152 rank=4
         laya iter 3 -> median_pool_full conf=0.4152 rank=4
[ 215] best_single    score= 0.0844 origin=agent    iters=5 stop=no new information in 3 consecutive turns
         TEST  smape=0.0260  rmse=95.7950  pocid=25.00  mape=0.0256  | FLOOR smape=0.0214
         laya iter 1 -> trimmed_mean_pool2 conf=0.6807 rank=5
         laya iter 2 -> best_ONLY_DWT_catboost conf=0.7813 rank=1
         laya iter 3 -> best_ONLY_DWT_catboost conf=0.6014 rank=1
         laya iter 4 -> best_ONLY_DWT_catboost conf=0.6014 rank=1
         laya iter 5 -> best_ONLY_DWT_catboost conf=0.6014 rank=1
[ 216] median         score= 0.3908 origin=baseline iters=3 stop=no new information in 3 consecutive turns
         TEST  smape=0.0296  rmse=385.6762  pocid=25.00  mape=0.0294  | FLOOR smape=0.0296
         laya iter 1 -> median_pool_full conf=0.8791 rank=1
         laya iter 2 -> median_pool_full conf=0.9206 rank=1
         laya iter 3 -> median_pool_full conf=0.9206 rank=1
[ 217] trimmed_mean   score=-0.0630 origin=baseline iters=3 stop=no new information in 3 consecutive turns
         TEST  smape=0.0450  rmse=460.6830  pocid=58.33  mape=0.0444  | FLOOR smape=0.0450
         laya iter 1 -> median_pool_full conf=0.9324 rank=3
         laya iter 2 -> median_pool_full conf=0.7779 rank=3
         laya iter 3 -> median_pool_full conf=0.7779 rank=3
[ 218] trimmed_mean   score=-0.1619 origin=baseline iters=3 stop=no new information in 3 consecutive turns
         TEST  smape=0.0006  rmse=0.7850  pocid=100.00  mape=0.0006  | FLOOR smape=0.0006
         laya iter 1 -> median_pool_full conf=0.5997 rank=5
         laya iter 2 -> median_pool_full conf=0.6108 rank=5
         laya iter 3 -> median_pool_full conf=0.6108 rank=5
[ 219] trimmed_mean   score=-0.1243 origin=baseline iters=5 stop=no new information in 3 consecutive turns
         TEST  smape=0.0000  rmse=0.0835  pocid=100.00  mape=0.0000  | FLOOR smape=0.0000
         laya iter 1 -> trimmed_mean_pool2 conf=0.4538 rank=3
         laya iter 2 -> trimmed_mean_pool_full conf=0.5441 rank=8
         laya iter 3 -> trimmed_mean_pool_full conf=0.5441 rank=8
         laya iter 4 -> trimmed_mean_pool_full conf=0.5441 rank=8
         laya iter 5 -> trimmed_mean_pool_full conf=0.5441 rank=8
[ 220] mean           score= 0.6833 origin=baseline iters=4 stop=no new information in 3 consecutive turns
         TEST  smape=0.0509  rmse=438.7661  pocid=83.33  mape=0.0494  | FLOOR smape=0.0509
         laya iter 1 -> median_pool2 conf=0.1538 rank=7
         laya iter 2 -> median_pool_full conf=0.1662 rank=3
         laya iter 3 -> median_pool_full conf=0.1662 rank=3
         laya iter 4 -> median_pool_full conf=0.1662 rank=3
[ 221] mean           score= 0.1808 origin=baseline iters=4 stop=no new information in 3 consecutive turns
         TEST  smape=0.0860  rmse=744.9377  pocid=50.00  mape=0.0846  | FLOOR smape=0.0860
         laya iter 1 -> median_pool2 conf=0.3403 rank=3
         laya iter 2 -> median_pool2 conf=0.7216 rank=3
         laya iter 3 -> median_pool2 conf=0.7216 rank=3
         laya iter 4 -> median_pool2 conf=0.7216 rank=3
[ 222] median         score= 0.0820 origin=baseline iters=4 stop=no new information in 3 consecutive turns
         TEST  smape=0.0113  rmse=404.5998  pocid=75.00  mape=0.0113  | FLOOR smape=0.0113
         laya iter 1 -> median_pool2 conf=0.3324 rank=3
         laya iter 2 -> median_pool2 conf=0.3453 rank=3
         laya iter 3 -> median_pool2 conf=0.3453 rank=3
         laya iter 4 -> median_pool2 conf=0.3453 rank=3
[ 223] best_single    score= 0.1524 origin=agent    iters=4 stop=no new information in 3 consecutive turns
         TEST  smape=0.1558  rmse=354.0065  pocid=25.00  mape=0.1410  | FLOOR smape=0.1386
         laya iter 1 -> best_ONLY_DWT_rf conf=0.688 rank=1
         laya iter 2 -> best_ONLY_DWT_rf conf=0.4724 rank=1
         laya iter 3 -> best_ONLY_DWT_rf conf=0.4724 rank=1
         laya iter 4 -> best_ONLY_DWT_rf conf=0.4724 rank=1
[ 224] best_single    score= 0.0896 origin=agent    iters=4 stop=no new information in 3 consecutive turns
         TEST  smape=0.0701  rmse=224.7863  pocid=58.33  mape=0.0675  | FLOOR smape=0.0536
         laya iter 1 -> best_ONLY_CWT_catboost conf=0.2057 rank=1
         laya iter 2 -> best_ONLY_CWT_catboost conf=0.8406 rank=1
         laya iter 3 -> best_ONLY_CWT_catboost conf=0.8406 rank=1
         laya iter 4 -> best_ONLY_CWT_catboost conf=0.8406 rank=1
[ 225] best_single    score= 0.0725 origin=agent    iters=4 stop=no new information in 3 consecutive turns
         TEST  smape=0.0347  rmse=116.5946  pocid=58.33  mape=0.0357  | FLOOR smape=0.0411
         laya iter 1 -> best_FT_rf conf=0.5766 rank=1
         laya iter 2 -> best_FT_rf conf=0.5342 rank=1
         laya iter 3 -> best_FT_rf conf=0.5342 rank=1
         laya iter 4 -> best_FT_rf conf=0.5342 rank=1
[ 226] mean           score= 0.1265 origin=baseline iters=3 stop=no new information in 3 consecutive turns
         TEST  smape=0.1142  rmse=224.4497  pocid=50.00  mape=0.1055  | FLOOR smape=0.1142
         laya iter 1 -> trimmed_mean_pool2 conf=0.6783 rank=6
         laya iter 2 -> trimmed_mean_pool1 conf=0.4166 rank=5
         laya iter 3 -> trimmed_mean_pool1 conf=0.4166 rank=5
[ 227] mean           score= 0.2961 origin=baseline iters=4 stop=no new information in 3 consecutive turns
         TEST  smape=0.0490  rmse=480.0154  pocid=58.33  mape=0.0475  | FLOOR smape=0.0490
         laya iter 1 -> best_ONLY_DWT_rf conf=0.6508 rank=5
         laya iter 2 -> best_ONLY_DWT_rf conf=0.9099 rank=5
         laya iter 3 -> best_ONLY_DWT_rf conf=0.9099 rank=5
         laya iter 4 -> best_ONLY_DWT_rf conf=0.9099 rank=5
[ 228] mean           score= 0.0011 origin=baseline iters=5 stop=no new information in 3 consecutive turns
         TEST  smape=0.0629  rmse=32.0543  pocid=75.00  mape=0.0656  | FLOOR smape=0.0629
         laya iter 1 -> trimmed_mean_pool2 conf=0.2927 rank=4
         laya iter 2 -> trimmed_mean_pool_full conf=0.4584 rank=8
         laya iter 3 -> trimmed_mean_pool_full conf=0.4584 rank=8
         laya iter 4 -> trimmed_mean_pool_full conf=0.4584 rank=8
         laya iter 5 -> trimmed_mean_pool_full conf=0.4584 rank=8
[ 229] median         score= 0.1714 origin=agent    iters=6 stop=no new information in 3 consecutive turns
         TEST  smape=0.1169  rmse=627.4256  pocid=41.67  mape=0.1087  | FLOOR smape=0.1136
         laya iter 1 -> median_pool_full conf=0.3777 rank=3
         laya iter 2 -> median_pool2 conf=0.474 rank=1
         laya iter 3 -> median_pool1 conf=0.3124 rank=7
         laya iter 4 -> median_pool1 conf=0.3124 rank=7
         laya iter 5 -> median_pool1 conf=0.3124 rank=7
         laya iter 6 -> median_pool1 conf=0.3124 rank=7
[ 230] median         score= 0.2658 origin=agent    iters=6 stop=no new information in 3 consecutive turns
         TEST  smape=0.3295  rmse=400.3241  pocid=83.33  mape=0.2697  | FLOOR smape=0.3245
         laya iter 1 -> median_pool3 conf=0.4682 rank=2
         laya iter 2 -> median_pool1 conf=0.6998 rank=1
         laya iter 3 -> trimmed_mean_pool_full conf=0.2851 rank=8
         laya iter 4 -> trimmed_mean_pool_full conf=0.2851 rank=8
         laya iter 5 -> trimmed_mean_pool_full conf=0.2851 rank=8
         laya iter 6 -> trimmed_mean_pool_full conf=0.2851 rank=8
[ 231] mean           score= 0.1605 origin=baseline iters=3 stop=no new information in 3 consecutive turns
         TEST  smape=0.1919  rmse=647.3631  pocid=75.00  mape=0.1646  | FLOOR smape=0.1919
         laya iter 1 -> trimmed_mean_pool2 conf=0.2801 rank=6
         laya iter 2 -> trimmed_mean_pool2 conf=0.26 rank=6
         laya iter 3 -> trimmed_mean_pool2 conf=0.26 rank=6
[ 232] trimmed_mean   score= 0.2786 origin=baseline iters=4 stop=no new information in 3 consecutive turns
         TEST  smape=0.1576  rmse=291.3804  pocid=25.00  mape=0.1369  | FLOOR smape=0.1576
         laya iter 1 -> best_ONLY_FT_catboost conf=0.863 rank=2
         laya iter 2 -> best_ONLY_FT_catboost conf=0.9928 rank=2
         laya iter 3 -> best_ONLY_FT_catboost conf=0.9928 rank=2
         laya iter 4 -> best_ONLY_FT_catboost conf=0.9928 rank=2
[ 233] best_single    score= 0.1977 origin=agent    iters=4 stop=no new information in 3 consecutive turns
         TEST  smape=0.1279  rmse=391.4695  pocid=41.67  mape=0.1143  | FLOOR smape=0.1442
         laya iter 1 -> best_FT_catboost conf=0.5825 rank=1
         laya iter 2 -> best_FT_catboost conf=0.7637 rank=1
         laya iter 3 -> best_FT_catboost conf=0.7637 rank=1
         laya iter 4 -> best_FT_catboost conf=0.7637 rank=1
[ 234] median         score= 0.2521 origin=agent    iters=4 stop=no new information in 3 consecutive turns
         TEST  smape=0.1123  rmse=120.0741  pocid=100.00  mape=0.1028  | FLOOR smape=0.0551
         laya iter 1 -> median_pool2 conf=0.9999 rank=1
         laya iter 2 -> median_pool2 conf=0.8511 rank=1
         laya iter 3 -> median_pool2 conf=0.8511 rank=1
         laya iter 4 -> median_pool2 conf=0.8511 rank=1
[ 235] best_single    score= 0.1018 origin=agent    iters=4 stop=no new information in 3 consecutive turns
         TEST  smape=0.0567  rmse=318.8722  pocid=58.33  mape=0.0546  | FLOOR smape=0.0692
         laya iter 1 -> best_ONLY_DWT_catboost conf=0.9118 rank=1
         laya iter 2 -> best_ONLY_DWT_catboost conf=0.8693 rank=1
         laya iter 3 -> best_ONLY_DWT_catboost conf=0.8693 rank=1
         laya iter 4 -> best_ONLY_DWT_catboost conf=0.8693 rank=1
[ 236] best_single    score= 0.1268 origin=agent    iters=4 stop=no new information in 3 consecutive turns
         TEST  smape=0.0678  rmse=114.6513  pocid=41.67  mape=0.0647  | FLOOR smape=0.0697
         laya iter 1 -> best_ONLY_CWT_rf conf=0.4405 rank=1
         laya iter 2 -> best_ONLY_CWT_rf conf=0.5878 rank=1
         laya iter 3 -> best_ONLY_CWT_rf conf=0.5878 rank=1
         laya iter 4 -> best_ONLY_CWT_rf conf=0.5878 rank=1
[ 237] trimmed_mean   score= 0.1218 origin=baseline iters=4 stop=no new information in 3 consecutive turns
         TEST  smape=0.2746  rmse=227.1684  pocid=83.33  mape=0.2293  | FLOOR smape=0.2746
         laya iter 1 -> trimmed_mean_pool_full conf=0.1927 rank=8
         laya iter 2 -> trimmed_mean_pool_full conf=0.4743 rank=8
         laya iter 3 -> trimmed_mean_pool_full conf=0.4743 rank=8
         laya iter 4 -> trimmed_mean_pool_full conf=0.4743 rank=8
[ 238] best_single    score= 0.2883 origin=agent    iters=4 stop=no new information in 3 consecutive turns
         TEST  smape=0.1519  rmse=941.5874  pocid=33.33  mape=0.1370  | FLOOR smape=0.0498
         laya iter 1 -> best_FT_catboost conf=0.7939 rank=1
         laya iter 2 -> best_FT_catboost conf=0.9909 rank=1
         laya iter 3 -> best_FT_catboost conf=0.9909 rank=1
         laya iter 4 -> best_FT_catboost conf=0.9909 rank=1
[ 239] mean           score= 0.0028 origin=baseline iters=4 stop=no new information in 3 consecutive turns
         TEST  smape=0.0307  rmse=117.1486  pocid=58.33  mape=0.0308  | FLOOR smape=0.0307
         laya iter 1 -> best_DWT_rf conf=0.5139 rank=7
         laya iter 2 -> best_DWT_rf conf=0.5148 rank=7
         laya iter 3 -> best_DWT_rf conf=0.5148 rank=7
         laya iter 4 -> best_DWT_rf conf=0.5148 rank=7
[ 240] trimmed_mean   score= 0.3127 origin=baseline iters=4 stop=no new information in 3 consecutive turns
         TEST  smape=0.0847  rmse=151.5935  pocid=91.67  mape=0.0795  | FLOOR smape=0.0847
         laya iter 1 -> best_ONLY_CWT_catboost conf=0.5452 rank=6
         laya iter 2 -> best_ONLY_CWT_catboost conf=0.7647 rank=6
         laya iter 3 -> best_ONLY_CWT_catboost conf=0.7647 rank=6
         laya iter 4 -> best_ONLY_CWT_catboost conf=0.7647 rank=6
[ 241] best_single    score= 0.1556 origin=agent    iters=4 stop=no new information in 3 consecutive turns
         TEST  smape=0.1215  rmse=275.0043  pocid=25.00  mape=0.1167  | FLOOR smape=0.0811
         laya iter 1 -> best_ONLY_FT_catboost conf=0.3997 rank=1
         laya iter 2 -> best_ONLY_FT_catboost conf=0.3623 rank=1
         laya iter 3 -> best_ONLY_FT_catboost conf=0.3623 rank=1
         laya iter 4 -> best_ONLY_FT_catboost conf=0.3623 rank=1
[ 242] median         score= 0.3639 origin=baseline iters=4 stop=no new information in 3 consecutive turns
         TEST  smape=0.4878  rmse=1402.7283  pocid=66.67  mape=0.3720  | FLOOR smape=0.4878
         laya iter 1 -> median_pool2 conf=0.6543 rank=2
         laya iter 2 -> median_pool2 conf=0.3962 rank=2
         laya iter 3 -> median_pool2 conf=0.3962 rank=2
         laya iter 4 -> median_pool2 conf=0.3962 rank=2
[ 243] best_single    score= 0.2404 origin=agent    iters=4 stop=no new information in 3 consecutive turns
         TEST  smape=0.2029  rmse=266.0788  pocid=100.00  mape=0.1801  | FLOOR smape=0.1975
         laya iter 1 -> best_ONLY_DWT_rf conf=0.9728 rank=1
         laya iter 2 -> best_ONLY_DWT_rf conf=0.9956 rank=1
         laya iter 3 -> best_ONLY_DWT_rf conf=0.9956 rank=1
         laya iter 4 -> best_ONLY_DWT_rf conf=0.9956 rank=1
[ 244] median         score= 0.2959 origin=agent    iters=4 stop=no new information in 3 consecutive turns
         TEST  smape=0.1073  rmse=377.2966  pocid=83.33  mape=0.0985  | FLOOR smape=0.0972
         laya iter 1 -> median_pool2 conf=0.6764 rank=1
         laya iter 2 -> median_pool2 conf=0.8084 rank=1
         laya iter 3 -> median_pool2 conf=0.8084 rank=1
         laya iter 4 -> median_pool2 conf=0.8084 rank=1
[ 245] mean           score= 0.7111 origin=baseline iters=4 stop=no new information in 3 consecutive turns
         TEST  smape=0.1914  rmse=332.7726  pocid=83.33  mape=0.1677  | FLOOR smape=0.1914
         laya iter 1 -> median_pool2 conf=0.8258 rank=3
         laya iter 2 -> median_pool2 conf=0.3809 rank=3
         laya iter 3 -> median_pool2 conf=0.3809 rank=3
         laya iter 4 -> median_pool2 conf=0.3809 rank=3
[ 246] trimmed_mean   score= 0.1195 origin=baseline iters=4 stop=no new information in 3 consecutive turns
         TEST  smape=0.0510  rmse=445.6110  pocid=66.67  mape=0.0486  | FLOOR smape=0.0510
         laya iter 1 -> median_pool2 conf=0.3314 rank=2
         laya iter 2 -> median_pool2 conf=0.3205 rank=2
         laya iter 3 -> median_pool2 conf=0.3205 rank=2
         laya iter 4 -> median_pool2 conf=0.3205 rank=2
[ 247] best_single    score= 0.0525 origin=agent    iters=4 stop=no new information in 3 consecutive turns
         TEST  smape=0.0197  rmse=416.6484  pocid=16.67  mape=0.0198  | FLOOR smape=0.0212
         laya iter 1 -> best_ONLY_CWT_rf conf=0.9999 rank=1
         laya iter 2 -> best_ONLY_CWT_rf conf=0.9999 rank=1
         laya iter 3 -> best_ONLY_CWT_rf conf=0.9999 rank=1
         laya iter 4 -> best_ONLY_CWT_rf conf=0.9999 rank=1
[ 248] trimmed_mean   score= 0.0206 origin=baseline iters=3 stop=no new information in 3 consecutive turns
         TEST  smape=0.0627  rmse=1753.0946  pocid=16.67  mape=0.0662  | FLOOR smape=0.0627
         laya iter 1 -> trimmed_mean_pool2 conf=0.3643 rank=4
         laya iter 2 -> trimmed_mean_pool2 conf=0.2293 rank=4
         laya iter 3 -> trimmed_mean_pool2 conf=0.2293 rank=4
[ 249] mean           score=-0.1266 origin=baseline iters=4 stop=no new information in 3 consecutive turns
         TEST  smape=0.0100  rmse=45.7434  pocid=91.67  mape=0.0099  | FLOOR smape=0.0100
         laya iter 1 -> median_pool2 conf=0.9728 rank=8
         laya iter 2 -> median_pool2 conf=0.5076 rank=8
         laya iter 3 -> median_pool2 conf=0.5076 rank=8
         laya iter 4 -> median_pool2 conf=0.5076 rank=8
[ 250] trimmed_mean   score= 0.0928 origin=baseline iters=3 stop=no new information in 3 consecutive turns
         TEST  smape=0.0503  rmse=390.8746  pocid=58.33  mape=0.0487  | FLOOR smape=0.0503
         laya iter 1 -> trimmed_mean_pool2 conf=0.3797 rank=3
         laya iter 2 -> trimmed_mean_pool1 conf=0.2279 rank=1
         laya iter 3 -> trimmed_mean_pool1 conf=0.2279 rank=1
[ 251] median         score=-0.1498 origin=baseline iters=4 stop=no new information in 3 consecutive turns
         TEST  smape=0.0098  rmse=106.9684  pocid=83.33  mape=0.0097  | FLOOR smape=0.0098
         laya iter 1 -> best_ONLY_DWT_rf conf=0.6231 rank=6
         laya iter 2 -> best_ONLY_DWT_rf conf=0.9377 rank=6
         laya iter 3 -> best_ONLY_DWT_rf conf=0.9377 rank=6
         laya iter 4 -> best_ONLY_DWT_rf conf=0.9377 rank=6
[ 252] mean           score=-0.0822 origin=baseline iters=4 stop=no new information in 3 consecutive turns
         TEST  smape=0.0072  rmse=103.2238  pocid=83.33  mape=0.0072  | FLOOR smape=0.0072
         laya iter 1 -> median_pool2 conf=0.2057 rank=4
         laya iter 2 -> median_pool2 conf=0.5162 rank=4
         laya iter 3 -> median_pool2 conf=0.5162 rank=4
         laya iter 4 -> median_pool2 conf=0.5162 rank=4
[ 253] trimmed_mean   score=-0.1310 origin=baseline iters=4 stop=no new information in 3 consecutive turns
         TEST  smape=0.0038  rmse=31.1642  pocid=91.67  mape=0.0038  | FLOOR smape=0.0038
         laya iter 1 -> median_pool2 conf=0.7155 rank=3
         laya iter 2 -> median_pool2 conf=0.9471 rank=3
         laya iter 3 -> median_pool2 conf=0.9471 rank=3
         laya iter 4 -> median_pool2 conf=0.9471 rank=3
[ 254] mean           score= 0.0665 origin=baseline iters=3 stop=no new information in 3 consecutive turns
         TEST  smape=0.0268  rmse=56.0565  pocid=58.33  mape=0.0273  | FLOOR smape=0.0268
         laya iter 1 -> trimmed_mean_pool2 conf=0.7939 rank=5
         laya iter 2 -> trimmed_mean_pool1 conf=0.381 rank=6
         laya iter 3 -> trimmed_mean_pool1 conf=0.381 rank=6
[ 255] mean           score= 0.1205 origin=baseline iters=4 stop=no new information in 3 consecutive turns
         TEST  smape=0.0232  rmse=68.9938  pocid=75.00  mape=0.0232  | FLOOR smape=0.0232
         laya iter 1 -> median_pool2 conf=0.9561 rank=3
         laya iter 2 -> median_pool2 conf=0.7444 rank=3
         laya iter 3 -> median_pool2 conf=0.7444 rank=3
         laya iter 4 -> median_pool2 conf=0.7444 rank=3
[ 256] mean           score= 0.3905 origin=baseline iters=4 stop=no new information in 3 consecutive turns
         TEST  smape=0.0037  rmse=18.7904  pocid=66.67  mape=0.0037  | FLOOR smape=0.0037
         laya iter 1 -> median_pool2 conf=0.9928 rank=2
         laya iter 2 -> median_pool2 conf=0.2722 rank=2
         laya iter 3 -> median_pool2 conf=0.2722 rank=2
         laya iter 4 -> median_pool2 conf=0.2722 rank=2
[ 257] median         score= 0.1005 origin=baseline iters=4 stop=no new information in 3 consecutive turns
         TEST  smape=0.0569  rmse=137.9844  pocid=50.00  mape=0.0592  | FLOOR smape=0.0569
         laya iter 1 -> median_pool2 conf=0.6024 rank=2
         laya iter 2 -> median_pool2 conf=0.3458 rank=2
         laya iter 3 -> median_pool2 conf=0.3458 rank=2
         laya iter 4 -> median_pool2 conf=0.3458 rank=2
[ 258] median         score= 0.5338 origin=baseline iters=4 stop=no new information in 3 consecutive turns
         TEST  smape=0.1516  rmse=1149.1341  pocid=25.00  mape=0.1702  | FLOOR smape=0.1516
         laya iter 1 -> median_pool2 conf=0.3462 rank=2
         laya iter 2 -> median_pool2 conf=0.8484 rank=2
         laya iter 3 -> median_pool2 conf=0.8484 rank=2
         laya iter 4 -> median_pool2 conf=0.8484 rank=2
[ 259] trimmed_mean   score= 0.1334 origin=baseline iters=4 stop=no new information in 3 consecutive turns
         TEST  smape=0.1886  rmse=241.3651  pocid=75.00  mape=0.1762  | FLOOR smape=0.1886
         laya iter 1 -> best_ONLY_DWT_catboost conf=0.5139 rank=4
         laya iter 2 -> best_ONLY_DWT_catboost conf=0.6748 rank=4
         laya iter 3 -> best_ONLY_DWT_catboost conf=0.6748 rank=4
         laya iter 4 -> best_ONLY_DWT_catboost conf=0.6748 rank=4
[ 260] dba            score= 0.6976 origin=baseline iters=4 stop=no new information in 3 consecutive turns
         TEST  smape=0.0286  rmse=168.0614  pocid=58.33  mape=0.0284  | FLOOR smape=0.0286
         laya iter 1 -> best_DWT_rf conf=0.2319 rank=3
         laya iter 2 -> best_DWT_rf conf=0.6374 rank=3
         laya iter 3 -> best_DWT_rf conf=0.6374 rank=3
         laya iter 4 -> best_DWT_rf conf=0.6374 rank=3
[ 261] mean           score=-0.1509 origin=baseline iters=4 stop=no new information in 3 consecutive turns
         TEST  smape=0.0015  rmse=7.8347  pocid=100.00  mape=0.0015  | FLOOR smape=0.0015
         laya iter 1 -> median_pool2 conf=0.7183 rank=4
         laya iter 2 -> median_pool2 conf=0.979 rank=4
         laya iter 3 -> median_pool2 conf=0.979 rank=4
         laya iter 4 -> median_pool2 conf=0.979 rank=4
[ 262] mean           score= 0.7167 origin=baseline iters=4 stop=no new information in 3 consecutive turns
         TEST  smape=0.2291  rmse=529.4317  pocid=83.33  mape=0.2686  | FLOOR smape=0.2291
         laya iter 1 -> best_ONLY_DWT_rf conf=0.4318 rank=9
         laya iter 2 -> best_ONLY_DWT_rf conf=0.4831 rank=9
         laya iter 3 -> best_ONLY_DWT_rf conf=0.4831 rank=9
         laya iter 4 -> best_ONLY_DWT_rf conf=0.4831 rank=9
[ 263] trimmed_mean   score= 0.3355 origin=baseline iters=4 stop=no new information in 3 consecutive turns
         TEST  smape=0.0658  rmse=317.0659  pocid=41.67  mape=0.0645  | FLOOR smape=0.0658
         laya iter 1 -> median_pool2 conf=0.4773 rank=4
         laya iter 2 -> median_pool2 conf=0.2581 rank=4
         laya iter 3 -> median_pool2 conf=0.2581 rank=4
         laya iter 4 -> median_pool2 conf=0.2581 rank=4
[ 264] median         score= 0.4653 origin=baseline iters=4 stop=no new information in 3 consecutive turns
         TEST  smape=0.0837  rmse=182.7780  pocid=66.67  mape=0.0878  | FLOOR smape=0.0837
         laya iter 1 -> median_pool2 conf=0.3037 rank=4
         laya iter 2 -> median_pool2 conf=0.8372 rank=4
         laya iter 3 -> median_pool2 conf=0.8372 rank=4
         laya iter 4 -> median_pool2 conf=0.8372 rank=4
[ 265] best_single    score= 0.6836 origin=agent    iters=4 stop=no new information in 3 consecutive turns
         TEST  smape=0.0828  rmse=190.7563  pocid=50.00  mape=0.0871  | FLOOR smape=0.0841
         laya iter 1 -> best_FT_catboost conf=0.3027 rank=1
         laya iter 2 -> best_FT_catboost conf=0.571 rank=1
         laya iter 3 -> best_FT_catboost conf=0.571 rank=1
         laya iter 4 -> best_FT_catboost conf=0.571 rank=1
[ 266] best_single    score= 0.3406 origin=agent    iters=4 stop=no new information in 3 consecutive turns
         TEST  smape=0.1856  rmse=809.2529  pocid=41.67  mape=0.1647  | FLOOR smape=0.1510
         laya iter 1 -> best_ONLY_FT_rf conf=0.9542 rank=1
         laya iter 2 -> best_ONLY_FT_rf conf=0.6219 rank=1
         laya iter 3 -> best_ONLY_FT_rf conf=0.6219 rank=1
         laya iter 4 -> best_ONLY_FT_rf conf=0.6219 rank=1
[ 267] median         score= 0.6470 origin=baseline iters=4 stop=no new information in 3 consecutive turns
         TEST  smape=0.0433  rmse=67.0719  pocid=66.67  mape=0.0446  | FLOOR smape=0.0433
         laya iter 1 -> median_pool2 conf=0.5673 rank=7
         laya iter 2 -> median_pool2 conf=0.2689 rank=7
         laya iter 3 -> median_pool2 conf=0.2689 rank=7
         laya iter 4 -> median_pool2 conf=0.2689 rank=7
[ 268] best_single    score= 0.6298 origin=agent    iters=4 stop=no new information in 3 consecutive turns
         TEST  smape=0.0973  rmse=133.6007  pocid=50.00  mape=0.1028  | FLOOR smape=0.0495
         laya iter 1 -> best_ONLY_FT_rf conf=0.6952 rank=1
         laya iter 2 -> best_ONLY_FT_rf conf=0.6421 rank=1
         laya iter 3 -> best_ONLY_FT_rf conf=0.6421 rank=1
         laya iter 4 -> best_ONLY_FT_rf conf=0.6421 rank=1
[ 269] best_single    score= 0.0267 origin=agent    iters=4 stop=no new information in 3 consecutive turns
         TEST  smape=0.0543  rmse=494.3488  pocid=25.00  mape=0.0524  | FLOOR smape=0.0498
         laya iter 1 -> best_ONLY_DWT_catboost conf=0.9434 rank=1
         laya iter 2 -> best_ONLY_DWT_catboost conf=0.9964 rank=1
         laya iter 3 -> best_ONLY_DWT_catboost conf=0.9964 rank=1
         laya iter 4 -> best_ONLY_DWT_catboost conf=0.9964 rank=1
[ 270] best_single    score= 0.2028 origin=agent    iters=4 stop=no new information in 3 consecutive turns
         TEST  smape=0.0625  rmse=552.0529  pocid=50.00  mape=0.0600  | FLOOR smape=0.0654
         laya iter 1 -> best_ONLY_DWT_rf conf=0.715 rank=1
         laya iter 2 -> best_ONLY_DWT_rf conf=0.7038 rank=1
         laya iter 3 -> best_ONLY_DWT_rf conf=0.7038 rank=1
         laya iter 4 -> best_ONLY_DWT_rf conf=0.7038 rank=1
[ 271] best_single    score= 0.1785 origin=agent    iters=4 stop=no new information in 3 consecutive turns
         TEST  smape=0.0309  rmse=32.4599  pocid=41.67  mape=0.0315  | FLOOR smape=0.0325
         laya iter 1 -> best_ONLY_DWT_catboost conf=0.387 rank=1
         laya iter 2 -> best_ONLY_DWT_catboost conf=0.4698 rank=1
         laya iter 3 -> best_ONLY_DWT_catboost conf=0.4698 rank=1
         laya iter 4 -> best_ONLY_DWT_catboost conf=0.4698 rank=1
[ 272] best_single    score= 0.1493 origin=agent    iters=4 stop=no new information in 3 consecutive turns
         TEST  smape=0.0191  rmse=144.1991  pocid=33.33  mape=0.0190  | FLOOR smape=0.0253
         laya iter 1 -> best_ONLY_DWT_catboost conf=0.4771 rank=1
         laya iter 2 -> best_ONLY_DWT_catboost conf=0.6559 rank=1
         laya iter 3 -> best_ONLY_DWT_catboost conf=0.6559 rank=1
         laya iter 4 -> best_ONLY_DWT_catboost conf=0.6559 rank=1
[ 273] mean           score= 0.3373 origin=baseline iters=4 stop=no new information in 3 consecutive turns
         TEST  smape=0.1750  rmse=141.8100  pocid=41.67  mape=0.1939  | FLOOR smape=0.1750
         laya iter 1 -> best_FT_catboost conf=0.4271 rank=2
         laya iter 2 -> median_pool_full conf=0.725 rank=5
         laya iter 3 -> median_pool_full conf=0.725 rank=5
         laya iter 4 -> median_pool_full conf=0.725 rank=5
[ 274] best_single    score= 0.5549 origin=agent    iters=4 stop=no new information in 3 consecutive turns
         TEST  smape=0.1371  rmse=1219.7747  pocid=41.67  mape=0.1489  | FLOOR smape=0.1098
         laya iter 1 -> best_ONLY_DWT_catboost conf=0.415 rank=1
         laya iter 2 -> best_ONLY_DWT_catboost conf=0.4587 rank=1
         laya iter 3 -> best_ONLY_DWT_catboost conf=0.4587 rank=1
         laya iter 4 -> best_ONLY_DWT_catboost conf=0.4587 rank=1
[ 275] best_single    score= 0.2910 origin=agent    iters=4 stop=no new information in 3 consecutive turns
         TEST  smape=0.0268  rmse=356.2952  pocid=66.67  mape=0.0265  | FLOOR smape=0.0259
         laya iter 1 -> best_ONLY_DWT_catboost conf=0.3319 rank=1
         laya iter 2 -> best_ONLY_DWT_catboost conf=0.6415 rank=1
         laya iter 3 -> best_ONLY_DWT_catboost conf=0.6415 rank=1
         laya iter 4 -> best_ONLY_DWT_catboost conf=0.6415 rank=1
[ 276] best_single    score=-0.0392 origin=agent    iters=4 stop=no new information in 3 consecutive turns
         TEST  smape=0.0168  rmse=70.2899  pocid=41.67  mape=0.0170  | FLOOR smape=0.0156
         laya iter 1 -> best_ONLY_FT_rf conf=0.9533 rank=1
         laya iter 2 -> best_ONLY_FT_rf conf=0.9939 rank=1
         laya iter 3 -> best_ONLY_FT_rf conf=0.9939 rank=1
         laya iter 4 -> best_ONLY_FT_rf conf=0.9939 rank=1
[ 277] median         score= 0.5834 origin=baseline iters=3 stop=no new information in 3 consecutive turns
         TEST  smape=0.0444  rmse=67.0947  pocid=75.00  mape=0.0458  | FLOOR smape=0.0444
         laya iter 1 -> trimmed_mean_pool2 conf=0.2813 rank=5
         laya iter 2 -> trimmed_mean_pool2 conf=0.4099 rank=5
         laya iter 3 -> trimmed_mean_pool2 conf=0.4099 rank=5
[ 278] mean           score= 0.4897 origin=baseline iters=3 stop=no new information in 3 consecutive turns
         TEST  smape=0.0819  rmse=114.0170  pocid=41.67  mape=0.0863  | FLOOR smape=0.0819
         laya iter 1 -> trimmed_mean_pool2 conf=0.5992 rank=2
         laya iter 2 -> trimmed_mean_pool1 conf=0.3785 rank=6
         laya iter 3 -> trimmed_mean_pool1 conf=0.3785 rank=6
[ 279] best_single    score= 0.0071 origin=agent    iters=4 stop=no new information in 3 consecutive turns
         TEST  smape=0.0108  rmse=61.7543  pocid=66.67  mape=0.0108  | FLOOR smape=0.0123
         laya iter 1 -> best_FT_catboost conf=0.2943 rank=1
         laya iter 2 -> best_FT_catboost conf=0.9919 rank=1
         laya iter 3 -> best_FT_catboost conf=0.9919 rank=1
         laya iter 4 -> best_FT_catboost conf=0.9919 rank=1
[ 280] median         score= 0.6406 origin=agent    iters=4 stop=no new information in 3 consecutive turns
         TEST  smape=0.0503  rmse=125.1821  pocid=66.67  mape=0.0482  | FLOOR smape=0.0524
         laya iter 1 -> median_pool2 conf=0.9888 rank=1
         laya iter 2 -> median_pool2 conf=0.9999 rank=1
         laya iter 3 -> median_pool2 conf=0.9999 rank=1
         laya iter 4 -> median_pool2 conf=0.9999 rank=1
[ 281] trimmed_mean   score=-0.0804 origin=baseline iters=4 stop=no new information in 3 consecutive turns
         TEST  smape=0.0111  rmse=30.5695  pocid=83.33  mape=0.0112  | FLOOR smape=0.0111
         laya iter 1 -> median_pool2 conf=0.7528 rank=6
         laya iter 2 -> median_pool2 conf=0.4105 rank=6
         laya iter 3 -> median_pool2 conf=0.4105 rank=6
         laya iter 4 -> median_pool2 conf=0.4105 rank=6
[ 282] mean           score=-0.0723 origin=baseline iters=4 stop=no new information in 3 consecutive turns
         TEST  smape=0.0497  rmse=21.0296  pocid=33.33  mape=0.0518  | FLOOR smape=0.0497
         laya iter 1 -> best_ONLY_DWT_rf conf=0.9999 rank=4
         laya iter 2 -> best_ONLY_DWT_rf conf=1.0 rank=4
         laya iter 3 -> best_ONLY_DWT_rf conf=1.0 rank=4
         laya iter 4 -> best_ONLY_DWT_rf conf=1.0 rank=4
[ 283] median         score=-0.0150 origin=baseline iters=4 stop=no new information in 3 consecutive turns
         TEST  smape=0.0416  rmse=30.1856  pocid=50.00  mape=0.0424  | FLOOR smape=0.0416
         laya iter 1 -> best_ONLY_CWT_catboost conf=0.51 rank=2
         laya iter 2 -> best_ONLY_CWT_catboost conf=0.8603 rank=2
         laya iter 3 -> best_ONLY_CWT_catboost conf=0.8603 rank=2
         laya iter 4 -> best_ONLY_CWT_catboost conf=0.8603 rank=2
[ 284] mean           score= 0.6667 origin=baseline iters=4 stop=no new information in 3 consecutive turns
         TEST  smape=0.3486  rmse=302.3252  pocid=58.33  mape=0.4238  | FLOOR smape=0.3486
         laya iter 1 -> median_pool2 conf=0.5444 rank=10
         laya iter 2 -> median_pool2 conf=0.8322 rank=10
         laya iter 3 -> median_pool2 conf=0.8322 rank=10
         laya iter 4 -> median_pool2 conf=0.8322 rank=10
[ 285] mean           score= 0.0025 origin=baseline iters=4 stop=no new information in 3 consecutive turns
         TEST  smape=0.0282  rmse=358.4405  pocid=66.67  mape=0.0288  | FLOOR smape=0.0282
         laya iter 1 -> median_pool2 conf=0.9182 rank=3
         laya iter 2 -> median_pool2 conf=0.6601 rank=3
         laya iter 3 -> median_pool2 conf=0.6601 rank=3
         laya iter 4 -> median_pool2 conf=0.6601 rank=3
[ 286] best_single    score= 0.0366 origin=agent    iters=4 stop=no new information in 3 consecutive turns
         TEST  smape=0.0570  rmse=144.8562  pocid=33.33  mape=0.0550  | FLOOR smape=0.0343
         laya iter 1 -> best_ONLY_DWT_rf conf=0.4614 rank=1
         laya iter 2 -> best_ONLY_DWT_rf conf=0.8986 rank=1
         laya iter 3 -> best_ONLY_DWT_rf conf=0.8986 rank=1
         laya iter 4 -> best_ONLY_DWT_rf conf=0.8986 rank=1
[ 287] trimmed_mean   score=-0.0470 origin=baseline iters=5 stop=no new information in 3 consecutive turns
         TEST  smape=0.0061  rmse=64.8094  pocid=41.67  mape=0.0061  | FLOOR smape=0.0061
         laya iter 1 -> median_pool2 conf=0.5894 rank=3
         laya iter 2 -> median_pool1 conf=0.605 rank=9
         laya iter 3 -> median_pool1 conf=0.605 rank=9
         laya iter 4 -> median_pool1 conf=0.605 rank=9
         laya iter 5 -> median_pool1 conf=0.605 rank=9
[ 288] trimmed_mean   score= 0.1457 origin=baseline iters=4 stop=no new information in 3 consecutive turns
         TEST  smape=0.0389  rmse=463.9016  pocid=58.33  mape=0.0399  | FLOOR smape=0.0389
         laya iter 1 -> median_pool2 conf=0.531 rank=5
         laya iter 2 -> median_pool2 conf=0.9632 rank=5
         laya iter 3 -> median_pool2 conf=0.9632 rank=5
         laya iter 4 -> median_pool2 conf=0.9632 rank=5
[ 289] median         score= 0.3666 origin=baseline iters=4 stop=no new information in 3 consecutive turns
         TEST  smape=0.0572  rmse=1042.6812  pocid=75.00  mape=0.0556  | FLOOR smape=0.0572
         laya iter 1 -> median_pool2 conf=0.545 rank=2
         laya iter 2 -> median_pool2 conf=0.8451 rank=2
         laya iter 3 -> median_pool2 conf=0.8451 rank=2
         laya iter 4 -> median_pool2 conf=0.8451 rank=2
[ 290] mean           score= 0.3214 origin=baseline iters=5 stop=no new information in 3 consecutive turns
         TEST  smape=0.1270  rmse=1142.7253  pocid=41.67  mape=0.1372  | FLOOR smape=0.1270
         laya iter 1 -> median_pool2 conf=0.997 rank=2
         laya iter 2 -> best_ONLY_DWT_catboost conf=0.4231 rank=6
         laya iter 3 -> best_ONLY_DWT_catboost conf=0.9128 rank=6
         laya iter 4 -> best_ONLY_DWT_catboost conf=0.9128 rank=6
         laya iter 5 -> best_ONLY_DWT_catboost conf=0.9128 rank=6
[ 291] trimmed_mean   score= 0.1630 origin=baseline iters=4 stop=no new information in 3 consecutive turns
         TEST  smape=0.0904  rmse=1700.0592  pocid=58.33  mape=0.0953  | FLOOR smape=0.0904
         laya iter 1 -> median_pool2 conf=0.941 rank=2
         laya iter 2 -> median_pool2 conf=0.4134 rank=2
         laya iter 3 -> median_pool2 conf=0.4134 rank=2
         laya iter 4 -> median_pool2 conf=0.4134 rank=2
[ 292] mean           score= 0.6056 origin=baseline iters=5 stop=no new information in 3 consecutive turns
         TEST  smape=0.1852  rmse=630.3213  pocid=83.33  mape=0.1555  | FLOOR smape=0.1852
         laya iter 1 -> median_pool3 conf=0.3517 rank=9
         laya iter 2 -> median_pool2 conf=0.5369 rank=9
         laya iter 3 -> median_pool2 conf=0.5369 rank=9
         laya iter 4 -> median_pool2 conf=0.5369 rank=9
         laya iter 5 -> median_pool2 conf=0.5369 rank=9
[ 293] mean           score= 0.6833 origin=baseline iters=4 stop=no new information in 3 consecutive turns
         TEST  smape=0.1444  rmse=224.4498  pocid=58.33  mape=0.1604  | FLOOR smape=0.1444
         laya iter 1 -> best_ONLY_CWT_catboost conf=0.8194 rank=5
         laya iter 2 -> best_ONLY_CWT_catboost conf=0.9952 rank=5
         laya iter 3 -> best_ONLY_CWT_catboost conf=0.9952 rank=5
         laya iter 4 -> best_ONLY_CWT_catboost conf=0.9952 rank=5
[ 294] mean           score= 0.6833 origin=baseline iters=5 stop=no new information in 3 consecutive turns
         TEST  smape=0.1964  rmse=808.1596  pocid=41.67  mape=0.2239  | FLOOR smape=0.1964
         laya iter 1 -> median_pool2 conf=0.7029 rank=10
         laya iter 2 -> trimmed_mean_pool_full conf=0.3529 rank=3
         laya iter 3 -> median_pool2 conf=0.3302 rank=11
         laya iter 4 -> median_pool2 conf=0.3302 rank=11
         laya iter 5 -> median_pool2 conf=0.3302 rank=11
[ 295] mean           score= 0.6557 origin=baseline iters=4 stop=no new information in 3 consecutive turns
         TEST  smape=0.1271  rmse=488.9808  pocid=75.00  mape=0.1456  | FLOOR smape=0.1271
         laya iter 1 -> median_pool2 conf=0.4487 rank=7
         laya iter 2 -> median_pool2 conf=0.3699 rank=7
         laya iter 3 -> median_pool2 conf=0.3699 rank=7
         laya iter 4 -> median_pool2 conf=0.3699 rank=7
[ 296] best_single    score= 0.5270 origin=agent    iters=5 stop=no new information in 3 consecutive turns
         TEST  smape=0.1333  rmse=818.4945  pocid=83.33  mape=0.1527  | FLOOR smape=0.0995
         laya iter 1 -> median_pool2 conf=0.86 rank=6
         laya iter 2 -> best_NaiveMovingAverage conf=0.4987 rank=1
         laya iter 3 -> best_NaiveMovingAverage conf=0.7752 rank=1
         laya iter 4 -> best_NaiveMovingAverage conf=0.7752 rank=1
         laya iter 5 -> best_NaiveMovingAverage conf=0.7752 rank=1
[ 297] best_single    score= 0.5065 origin=agent    iters=4 stop=no new information in 3 consecutive turns
         TEST  smape=0.1654  rmse=746.0879  pocid=58.33  mape=0.2063  | FLOOR smape=0.1758
         laya iter 1 -> best_NaiveMovingAverage conf=0.7047 rank=1
         laya iter 2 -> best_NaiveMovingAverage conf=0.9404 rank=1
         laya iter 3 -> best_NaiveMovingAverage conf=0.9404 rank=1
         laya iter 4 -> best_NaiveMovingAverage conf=0.9404 rank=1
[ 298] mean           score= 0.6889 origin=baseline iters=4 stop=no new information in 3 consecutive turns
         TEST  smape=0.0984  rmse=447.7638  pocid=66.67  mape=0.1017  | FLOOR smape=0.0984
         laya iter 1 -> median_pool2 conf=0.3171 rank=7
         laya iter 2 -> trimmed_mean_pool2 conf=0.3427 rank=4
         laya iter 3 -> trimmed_mean_pool2 conf=0.3427 rank=4
         laya iter 4 -> trimmed_mean_pool2 conf=0.3427 rank=4
[ 299] dba            score= 0.6474 origin=baseline iters=5 stop=no new information in 3 consecutive turns
         TEST  smape=0.1141  rmse=273.0295  pocid=58.33  mape=0.1207  | FLOOR smape=0.1141
         laya iter 1 -> median_pool2 conf=0.3424 rank=10
         laya iter 2 -> trimmed_mean_pool_full conf=0.3862 rank=3
         laya iter 3 -> median_pool2 conf=0.5523 rank=11
         laya iter 4 -> median_pool2 conf=0.5523 rank=11
         laya iter 5 -> median_pool2 conf=0.5523 rank=11
[ 300] dba            score= 0.6622 origin=baseline iters=4 stop=no new information in 3 consecutive turns
         TEST  smape=0.0915  rmse=311.7036  pocid=50.00  mape=0.0903  | FLOOR smape=0.0915
         laya iter 1 -> median_pool2 conf=0.2528 rank=10
         laya iter 2 -> median_pool2 conf=0.311 rank=10
         laya iter 3 -> median_pool2 conf=0.311 rank=10
         laya iter 4 -> median_pool2 conf=0.311 rank=10
[ 301] mean           score= 0.6889 origin=baseline iters=4 stop=no new information in 3 consecutive turns
         TEST  smape=0.1308  rmse=568.4458  pocid=33.33  mape=0.1175  | FLOOR smape=0.1308
         laya iter 1 -> median_pool2 conf=0.2711 rank=9
         laya iter 2 -> trimmed_mean_pool1 conf=0.2361 rank=3
         laya iter 3 -> trimmed_mean_pool1 conf=0.2361 rank=3
         laya iter 4 -> trimmed_mean_pool1 conf=0.2361 rank=3
[ 302] mean           score= 0.6087 origin=baseline iters=4 stop=no new information in 3 consecutive turns
         TEST  smape=0.1491  rmse=975.3484  pocid=66.67  mape=0.1751  | FLOOR smape=0.1491
         laya iter 1 -> median_pool2 conf=0.5832 rank=7
         laya iter 2 -> median_pool2 conf=0.2076 rank=7
         laya iter 3 -> median_pool2 conf=0.2076 rank=7
         laya iter 4 -> median_pool2 conf=0.2076 rank=7
[ 303] mean           score= 0.7006 origin=baseline iters=4 stop=no new information in 3 consecutive turns
         TEST  smape=0.1521  rmse=561.4764  pocid=91.67  mape=0.1828  | FLOOR smape=0.1521
         laya iter 1 -> median_pool2 conf=0.5877 rank=6
         laya iter 2 -> median_pool2 conf=0.9725 rank=6
         laya iter 3 -> median_pool2 conf=0.9725 rank=6
         laya iter 4 -> median_pool2 conf=0.9725 rank=6
[ 304] dba            score= 0.6364 origin=baseline iters=5 stop=no new information in 3 consecutive turns
         TEST  smape=0.1958  rmse=695.5597  pocid=66.67  mape=0.2323  | FLOOR smape=0.1958
         laya iter 1 -> median_pool2 conf=0.3097 rank=9
         laya iter 2 -> median_pool1 conf=0.3433 rank=9
         laya iter 3 -> median_pool1 conf=0.3433 rank=9
         laya iter 4 -> median_pool1 conf=0.3433 rank=9
         laya iter 5 -> median_pool1 conf=0.3433 rank=9
[ 305] mean           score= 0.5970 origin=baseline iters=4 stop=no new information in 3 consecutive turns
         TEST  smape=0.1691  rmse=509.1498  pocid=75.00  mape=0.2089  | FLOOR smape=0.1691
         laya iter 1 -> median_pool2 conf=0.5371 rank=8
         laya iter 2 -> trimmed_mean_pool2 conf=0.3122 rank=6
         laya iter 3 -> trimmed_mean_pool2 conf=0.3122 rank=6
         laya iter 4 -> trimmed_mean_pool2 conf=0.3122 rank=6
[ 306] mean           score= 0.6889 origin=baseline iters=4 stop=no new information in 3 consecutive turns
         TEST  smape=0.1005  rmse=376.5866  pocid=91.67  mape=0.1061  | FLOOR smape=0.1005
         laya iter 1 -> median_pool2 conf=0.9412 rank=10
         laya iter 2 -> median_pool2 conf=0.602 rank=10
         laya iter 3 -> median_pool2 conf=0.602 rank=10
         laya iter 4 -> median_pool2 conf=0.602 rank=10
[ 307] trimmed_mean   score= 0.6358 origin=baseline iters=4 stop=no new information in 3 consecutive turns
         TEST  smape=0.1252  rmse=358.0484  pocid=58.33  mape=0.1443  | FLOOR smape=0.1252
         laya iter 1 -> trimmed_mean_pool_full conf=0.2389 rank=9
         laya iter 2 -> trimmed_mean_pool_full conf=0.425 rank=9
         laya iter 3 -> trimmed_mean_pool_full conf=0.425 rank=9
         laya iter 4 -> trimmed_mean_pool_full conf=0.425 rank=9
[ 308] best_single    score= 0.6353 origin=agent    iters=4 stop=no new information in 3 consecutive turns
         TEST  smape=0.1086  rmse=891.7410  pocid=25.00  mape=0.1119  | FLOOR smape=0.1221
         laya iter 1 -> best_NaiveMovingAverage conf=0.2109 rank=1
         laya iter 2 -> best_NaiveMovingAverage conf=0.9954 rank=1
         laya iter 3 -> best_NaiveMovingAverage conf=0.9954 rank=1
         laya iter 4 -> best_NaiveMovingAverage conf=0.9954 rank=1
[ 309] trimmed_mean   score= 0.6993 origin=baseline iters=4 stop=no new information in 3 consecutive turns
         TEST  smape=0.1237  rmse=755.2337  pocid=58.33  mape=0.1163  | FLOOR smape=0.1237
         laya iter 1 -> trimmed_mean_pool_full conf=0.3156 rank=2
         laya iter 2 -> median_pool_full conf=0.3112 rank=3
         laya iter 3 -> median_pool_full conf=0.3112 rank=3
         laya iter 4 -> median_pool_full conf=0.3112 rank=3
[ 310] best_single    score= 0.4870 origin=agent    iters=4 stop=no new information in 3 consecutive turns
         TEST  smape=0.2014  rmse=1040.5280  pocid=50.00  mape=0.1799  | FLOOR smape=0.1139
         laya iter 1 -> best_ONLY_FT_rf conf=0.898 rank=1
         laya iter 2 -> best_ONLY_FT_rf conf=1.0 rank=1
         laya iter 3 -> best_ONLY_FT_rf conf=1.0 rank=1
         laya iter 4 -> best_ONLY_FT_rf conf=1.0 rank=1
[ 311] dba            score= 0.6760 origin=baseline iters=6 stop=no new information in 3 consecutive turns
         TEST  smape=0.1121  rmse=627.1311  pocid=41.67  mape=0.1054  | FLOOR smape=0.1121
         laya iter 1 -> median_pool3 conf=0.2979 rank=4
         laya iter 2 -> trimmed_mean_pool_full conf=0.508 rank=3
         laya iter 3 -> median_pool2 conf=0.9349 rank=8
         laya iter 4 -> median_pool2 conf=0.9349 rank=8
         laya iter 5 -> median_pool2 conf=0.9349 rank=8
         laya iter 6 -> median_pool2 conf=0.9349 rank=8
[ 312] trimmed_mean   score= 0.5633 origin=baseline iters=5 stop=no new information in 3 consecutive turns
         TEST  smape=0.2754  rmse=721.5210  pocid=50.00  mape=0.3222  | FLOOR smape=0.2754
         laya iter 1 -> median_pool2 conf=0.2397 rank=7
         laya iter 2 -> trimmed_mean_pool_full conf=0.2767 rank=11
         laya iter 3 -> trimmed_mean_pool_full conf=0.2767 rank=11
         laya iter 4 -> trimmed_mean_pool_full conf=0.2767 rank=11
         laya iter 5 -> trimmed_mean_pool_full conf=0.2767 rank=11
[ 313] dba            score= 0.6872 origin=baseline iters=4 stop=no new information in 3 consecutive turns
         TEST  smape=0.0864  rmse=925.1484  pocid=58.33  mape=0.0820  | FLOOR smape=0.0864
         laya iter 1 -> median_pool2 conf=0.3213 rank=3
         laya iter 2 -> median_pool2 conf=0.3087 rank=3
         laya iter 3 -> median_pool2 conf=0.3087 rank=3
         laya iter 4 -> median_pool2 conf=0.3087 rank=3
[ 314] dba            score= 0.6601 origin=baseline iters=4 stop=no new information in 3 consecutive turns
         TEST  smape=0.0997  rmse=614.9052  pocid=16.67  mape=0.1078  | FLOOR smape=0.0997
         laya iter 1 -> median_pool2 conf=0.9166 rank=10
         laya iter 2 -> median_pool2 conf=0.546 rank=10
         laya iter 3 -> median_pool2 conf=0.546 rank=10
         laya iter 4 -> median_pool2 conf=0.546 rank=10
[ 315] dba            score= 0.6858 origin=baseline iters=3 stop=no new information in 3 consecutive turns
         TEST  smape=0.0832  rmse=281.7137  pocid=58.33  mape=0.0821  | FLOOR smape=0.0832
         laya iter 1 -> median_pool_full conf=0.5894 rank=6
         laya iter 2 -> median_pool_full conf=0.5954 rank=6
         laya iter 3 -> median_pool_full conf=0.5954 rank=6
[ 316] best_single    score= 0.5593 origin=agent    iters=4 stop=no new information in 3 consecutive turns
         TEST  smape=0.1774  rmse=785.3842  pocid=50.00  mape=0.1604  | FLOOR smape=0.0967
         laya iter 1 -> best_ONLY_FT_rf conf=0.9999 rank=1
         laya iter 2 -> best_ONLY_FT_rf conf=1.0 rank=1
         laya iter 3 -> best_ONLY_FT_rf conf=1.0 rank=1
         laya iter 4 -> best_ONLY_FT_rf conf=1.0 rank=1
[ 317] mean           score= 0.6944 origin=baseline iters=4 stop=no new information in 3 consecutive turns
         TEST  smape=0.0480  rmse=230.6516  pocid=41.67  mape=0.0466  | FLOOR smape=0.0480
         laya iter 1 -> median_pool2 conf=0.506 rank=4
         laya iter 2 -> median_pool2 conf=0.3054 rank=4
         laya iter 3 -> median_pool2 conf=0.3054 rank=4
         laya iter 4 -> median_pool2 conf=0.3054 rank=4
[ 318] median         score= 0.7273 origin=baseline iters=4 stop=no new information in 3 consecutive turns
         TEST  smape=0.1446  rmse=420.1490  pocid=50.00  mape=0.1322  | FLOOR smape=0.1446
         laya iter 1 -> median_pool2 conf=0.5671 rank=6
         laya iter 2 -> median_pool2 conf=0.5044 rank=6
         laya iter 3 -> median_pool2 conf=0.5044 rank=6
         laya iter 4 -> median_pool2 conf=0.5044 rank=6
[ 319] trimmed_mean   score= 0.6803 origin=agent    iters=5 stop=no new information in 3 consecutive turns
         TEST  smape=0.2467  rmse=753.0655  pocid=33.33  mape=0.2116  | FLOOR smape=0.2265
         laya iter 1 -> median_pool2 conf=0.2999 rank=4
         laya iter 2 -> trimmed_mean_pool_full conf=0.5483 rank=1
         laya iter 3 -> median_pool2 conf=0.903 rank=5
         laya iter 4 -> median_pool2 conf=0.903 rank=5
         laya iter 5 -> median_pool2 conf=0.903 rank=5
[ 320] dba            score= 0.5730 origin=baseline iters=5 stop=no new information in 3 consecutive turns
         TEST  smape=0.0972  rmse=731.4933  pocid=58.33  mape=0.1052  | FLOOR smape=0.0972
         laya iter 1 -> trimmed_mean_pool2 conf=0.3451 rank=7
         laya iter 2 -> trimmed_mean_pool_full conf=0.4665 rank=5
         laya iter 3 -> trimmed_mean_pool_full conf=0.681 rank=5
         laya iter 4 -> trimmed_mean_pool_full conf=0.681 rank=5
         laya iter 5 -> trimmed_mean_pool_full conf=0.681 rank=5
[ 321] mean           score= 0.6833 origin=baseline iters=5 stop=no new information in 3 consecutive turns
         TEST  smape=0.1230  rmse=402.4541  pocid=50.00  mape=0.1130  | FLOOR smape=0.1230
         laya iter 1 -> trimmed_mean_pool2 conf=0.299 rank=6
         laya iter 2 -> median_pool2 conf=0.4111 rank=6
         laya iter 3 -> median_pool2 conf=0.7724 rank=6
         laya iter 4 -> median_pool2 conf=0.7724 rank=6
         laya iter 5 -> median_pool2 conf=0.7724 rank=6
[ 322] dba            score= 0.6681 origin=baseline iters=5 stop=no new information in 3 consecutive turns
         TEST  smape=0.2499  rmse=1401.5678  pocid=41.67  mape=0.2169  | FLOOR smape=0.2499
         laya iter 1 -> trimmed_mean_pool2 conf=0.7142 rank=7
         laya iter 2 -> trimmed_mean_pool_full conf=0.4893 rank=4
         laya iter 3 -> trimmed_mean_pool_full conf=0.3276 rank=4
         laya iter 4 -> trimmed_mean_pool_full conf=0.3276 rank=4
         laya iter 5 -> trimmed_mean_pool_full conf=0.3276 rank=4
[ 323] best_single    score= 0.4877 origin=agent    iters=4 stop=no new information in 3 consecutive turns
         TEST  smape=0.2089  rmse=670.3856  pocid=58.33  mape=0.1844  | FLOOR smape=0.2382
         laya iter 1 -> best_NaiveMovingAverage conf=0.4728 rank=1
         laya iter 2 -> best_NaiveMovingAverage conf=0.9998 rank=1
         laya iter 3 -> best_NaiveMovingAverage conf=0.9998 rank=1
         laya iter 4 -> best_NaiveMovingAverage conf=0.9998 rank=1
[ 324] dba            score= 0.6740 origin=baseline iters=4 stop=no new information in 3 consecutive turns
         TEST  smape=0.1719  rmse=669.4901  pocid=50.00  mape=0.1911  | FLOOR smape=0.1719
         laya iter 1 -> median_pool2 conf=0.9603 rank=8
         laya iter 2 -> median_pool_full conf=0.6607 rank=5
         laya iter 3 -> median_pool_full conf=0.6607 rank=5
         laya iter 4 -> median_pool_full conf=0.6607 rank=5
[ 325] dba            score= 0.6786 origin=baseline iters=5 stop=no new information in 3 consecutive turns
         TEST  smape=0.1243  rmse=547.6325  pocid=75.00  mape=0.1194  | FLOOR smape=0.1243
         laya iter 1 -> median_pool2 conf=0.3849 rank=6
         laya iter 2 -> median_pool1 conf=0.2668 rank=11
         laya iter 3 -> median_pool1 conf=0.2668 rank=11
         laya iter 4 -> median_pool1 conf=0.2668 rank=11
         laya iter 5 -> median_pool1 conf=0.2668 rank=11
[ 326] dba            score= 0.7119 origin=baseline iters=6 stop=no new information in 3 consecutive turns
         TEST  smape=0.1466  rmse=1694.5697  pocid=50.00  mape=0.1378  | FLOOR smape=0.1466
         laya iter 1 -> trimmed_mean_pool2 conf=0.4213 rank=7
         laya iter 2 -> trimmed_mean_pool_full conf=0.4758 rank=4
         laya iter 3 -> median_pool2 conf=0.6239 rank=9
         laya iter 4 -> median_pool2 conf=0.6239 rank=9
         laya iter 5 -> median_pool2 conf=0.6239 rank=9
         laya iter 6 -> median_pool2 conf=0.6239 rank=9
[ 327] best_single    score= 0.6324 origin=agent    iters=4 stop=no new information in 3 consecutive turns
         TEST  smape=0.1065  rmse=363.7897  pocid=75.00  mape=0.1151  | FLOOR smape=0.1604
         laya iter 1 -> best_NaiveMovingAverage conf=0.5146 rank=1
         laya iter 2 -> best_NaiveMovingAverage conf=1.0 rank=1
         laya iter 3 -> best_NaiveMovingAverage conf=1.0 rank=1
         laya iter 4 -> best_NaiveMovingAverage conf=1.0 rank=1
[ 328] dba            score= 0.6578 origin=baseline iters=3 stop=no new information in 3 consecutive turns
         TEST  smape=0.1285  rmse=1537.5027  pocid=66.67  mape=0.1188  | FLOOR smape=0.1285
         laya iter 1 -> trimmed_mean_pool2 conf=0.3677 rank=7
         laya iter 2 -> trimmed_mean_pool1 conf=0.4007 rank=6
         laya iter 3 -> trimmed_mean_pool1 conf=0.4007 rank=6
[ 329] best_single    score= 0.5010 origin=agent    iters=4 stop=no new information in 3 consecutive turns
         TEST  smape=0.1626  rmse=683.0271  pocid=75.00  mape=0.1510  | FLOOR smape=0.1184
         laya iter 1 -> best_ONLY_FT_rf conf=0.9667 rank=1
         laya iter 2 -> best_ONLY_FT_rf conf=0.9971 rank=1
         laya iter 3 -> best_ONLY_FT_rf conf=0.9971 rank=1
         laya iter 4 -> best_ONLY_FT_rf conf=0.9971 rank=1
[ 330] dba            score= 0.7138 origin=baseline iters=5 stop=no new information in 3 consecutive turns
         TEST  smape=0.1117  rmse=891.9643  pocid=75.00  mape=0.1058  | FLOOR smape=0.1117
         laya iter 1 -> trimmed_mean_pool2 conf=0.4856 rank=6
         laya iter 2 -> median_pool2 conf=0.5408 rank=5
         laya iter 3 -> median_pool2 conf=1.0 rank=5
         laya iter 4 -> median_pool2 conf=1.0 rank=5
         laya iter 5 -> median_pool2 conf=1.0 rank=5
[ 331] best_single    score= 0.5970 origin=agent    iters=4 stop=no new information in 3 consecutive turns
         TEST  smape=0.1432  rmse=599.0060  pocid=58.33  mape=0.1318  | FLOOR smape=0.0980
         laya iter 1 -> best_ONLY_FT_rf conf=0.8512 rank=1
         laya iter 2 -> best_ONLY_FT_rf conf=0.7032 rank=1
         laya iter 3 -> best_ONLY_FT_rf conf=0.7032 rank=1
         laya iter 4 -> best_ONLY_FT_rf conf=0.7032 rank=1
[ 332] mean           score= 0.6889 origin=baseline iters=4 stop=no new information in 3 consecutive turns
         TEST  smape=0.1727  rmse=575.0668  pocid=58.33  mape=0.1554  | FLOOR smape=0.1727
         laya iter 1 -> median_pool2 conf=0.8217 rank=4
         laya iter 2 -> median_pool2 conf=0.3865 rank=4
         laya iter 3 -> median_pool2 conf=0.3865 rank=4
         laya iter 4 -> median_pool2 conf=0.3865 rank=4
[ 333] dba            score= 0.6834 origin=baseline iters=3 stop=no new information in 3 consecutive turns
         TEST  smape=0.1688  rmse=739.4617  pocid=91.67  mape=0.1531  | FLOOR smape=0.1688
         laya iter 1 -> trimmed_mean_pool2 conf=0.4238 rank=8
         laya iter 2 -> trimmed_mean_pool2 conf=0.4521 rank=8
         laya iter 3 -> trimmed_mean_pool2 conf=0.4521 rank=8
[ 334] dba            score= 0.7050 origin=baseline iters=5 stop=no new information in 3 consecutive turns
         TEST  smape=0.1518  rmse=826.9315  pocid=41.67  mape=0.1376  | FLOOR smape=0.1518
         laya iter 1 -> median_pool_full conf=0.3109 rank=4
         laya iter 2 -> median_pool2 conf=0.4408 rank=7
         laya iter 3 -> median_pool2 conf=0.4408 rank=7
         laya iter 4 -> median_pool2 conf=0.4408 rank=7
         laya iter 5 -> median_pool2 conf=0.4408 rank=7
[ 335] dba            score= 0.6859 origin=baseline iters=4 stop=no new information in 3 consecutive turns
         TEST  smape=0.1861  rmse=399.5305  pocid=83.33  mape=0.1692  | FLOOR smape=0.1861
         laya iter 1 -> median_pool2 conf=0.3429 rank=5
         laya iter 2 -> median_pool2 conf=0.3855 rank=5
         laya iter 3 -> median_pool2 conf=0.3855 rank=5
         laya iter 4 -> median_pool2 conf=0.3855 rank=5
[ 336] mean           score= 0.7111 origin=baseline iters=4 stop=no new information in 3 consecutive turns
         TEST  smape=0.1842  rmse=426.0272  pocid=58.33  mape=0.1650  | FLOOR smape=0.1842
         laya iter 1 -> trimmed_mean_pool_full conf=0.4775 rank=3
         laya iter 2 -> trimmed_mean_pool_full conf=0.3925 rank=3
         laya iter 3 -> trimmed_mean_pool_full conf=0.3925 rank=3
         laya iter 4 -> trimmed_mean_pool_full conf=0.3925 rank=3
[ 337] best_single    score= 0.6267 origin=agent    iters=4 stop=no new information in 3 consecutive turns
         TEST  smape=0.2436  rmse=662.3284  pocid=50.00  mape=0.2116  | FLOOR smape=0.1966
         laya iter 1 -> best_ONLY_FT_rf conf=0.8629 rank=1
         laya iter 2 -> best_ONLY_FT_rf conf=0.9969 rank=1
         laya iter 3 -> best_ONLY_FT_rf conf=0.9969 rank=1
         laya iter 4 -> best_ONLY_FT_rf conf=0.9969 rank=1
[ 338] best_single    score= 0.5837 origin=agent    iters=4 stop=no new information in 3 consecutive turns
         TEST  smape=0.1644  rmse=766.3263  pocid=58.33  mape=0.1915  | FLOOR smape=0.1537
         laya iter 1 -> best_NaiveMovingAverage conf=0.2317 rank=1
         laya iter 2 -> best_NaiveMovingAverage conf=0.9424 rank=1
         laya iter 3 -> best_NaiveMovingAverage conf=0.9424 rank=1
         laya iter 4 -> best_NaiveMovingAverage conf=0.9424 rank=1
[ 339] best_single    score= 0.6425 origin=agent    iters=5 stop=no new information in 3 consecutive turns
         TEST  smape=0.1318  rmse=1081.8068  pocid=58.33  mape=0.1205  | FLOOR smape=0.1517
         laya iter 1 -> median_pool3 conf=0.3777 rank=6
         laya iter 2 -> best_NaiveMovingAverage conf=0.5344 rank=1
         laya iter 3 -> best_NaiveMovingAverage conf=0.7443 rank=1
         laya iter 4 -> best_NaiveMovingAverage conf=0.7443 rank=1
         laya iter 5 -> best_NaiveMovingAverage conf=0.7443 rank=1
[ 340] best_single    score= 0.5873 origin=agent    iters=6 stop=no new information in 3 consecutive turns
         TEST  smape=0.2361  rmse=1333.5292  pocid=41.67  mape=0.2059  | FLOOR smape=0.1062
         laya iter 1 -> median_pool2 conf=0.7657 rank=5
         laya iter 2 -> best_ONLY_FT_catboost conf=0.3631 rank=1
         laya iter 3 -> best_ONLY_FT_rf conf=0.5416 rank=2
         laya iter 4 -> median_pool_full conf=0.5531 rank=3
         laya iter 5 -> median_pool_full conf=0.5531 rank=3
         laya iter 6 -> median_pool_full conf=0.5531 rank=3
[ 341] dba            score= 0.6490 origin=baseline iters=4 stop=no new information in 3 consecutive turns
         TEST  smape=0.0793  rmse=163.7653  pocid=58.33  mape=0.0793  | FLOOR smape=0.0793
         laya iter 1 -> median_pool2 conf=0.4436 rank=6
         laya iter 2 -> median_pool2 conf=0.9999 rank=6
         laya iter 3 -> median_pool2 conf=0.9999 rank=6
         laya iter 4 -> median_pool2 conf=0.9999 rank=6
[ 342] dba            score= 0.6288 origin=baseline iters=4 stop=no new information in 3 consecutive turns
         TEST  smape=0.1136  rmse=522.4581  pocid=66.67  mape=0.1116  | FLOOR smape=0.1136
         laya iter 1 -> median_pool2 conf=0.4494 rank=10
         laya iter 2 -> median_pool2 conf=0.4841 rank=10
         laya iter 3 -> median_pool2 conf=0.4841 rank=10
         laya iter 4 -> median_pool2 conf=0.4841 rank=10
[ 343] dba            score= 0.6837 origin=baseline iters=5 stop=no new information in 3 consecutive turns
         TEST  smape=0.1227  rmse=543.4616  pocid=58.33  mape=0.1378  | FLOOR smape=0.1227
         laya iter 1 -> median_pool2 conf=0.5016 rank=5
         laya iter 2 -> trimmed_mean_pool_full conf=0.4926 rank=3
         laya iter 3 -> median_pool2 conf=0.9999 rank=6
         laya iter 4 -> median_pool2 conf=0.9999 rank=6
         laya iter 5 -> median_pool2 conf=0.9999 rank=6
[ 344] trimmed_mean   score= 0.6707 origin=baseline iters=4 stop=no new information in 3 consecutive turns
         TEST  smape=0.1035  rmse=462.5523  pocid=41.67  mape=0.1094  | FLOOR smape=0.1035
         laya iter 1 -> trimmed_mean_pool_full conf=0.311 rank=9
         laya iter 2 -> trimmed_mean_pool_full conf=0.6709 rank=9
         laya iter 3 -> trimmed_mean_pool_full conf=0.6709 rank=9
         laya iter 4 -> trimmed_mean_pool_full conf=0.6709 rank=9
[ 345] trimmed_mean   score= 0.6695 origin=agent    iters=5 stop=no new information in 3 consecutive turns
         TEST  smape=0.0954  rmse=803.1926  pocid=75.00  mape=0.1052  | FLOOR smape=0.1028
         laya iter 1 -> trimmed_mean_pool2 conf=0.336 rank=7
         laya iter 2 -> trimmed_mean_pool_full conf=0.5644 rank=1
         laya iter 3 -> trimmed_mean_pool_full conf=0.3367 rank=1
         laya iter 4 -> trimmed_mean_pool_full conf=0.3367 rank=1
         laya iter 5 -> trimmed_mean_pool_full conf=0.3367 rank=1
[ 346] dba            score= 0.7007 origin=baseline iters=5 stop=no new information in 3 consecutive turns
         TEST  smape=0.1025  rmse=489.2878  pocid=58.33  mape=0.1078  | FLOOR smape=0.1025
         laya iter 1 -> median_pool2 conf=0.515 rank=10
         laya iter 2 -> trimmed_mean_pool_full conf=0.378 rank=3
         laya iter 3 -> median_pool2 conf=0.9831 rank=11
         laya iter 4 -> median_pool2 conf=0.9831 rank=11
         laya iter 5 -> median_pool2 conf=0.9831 rank=11
[ 347] dba            score= 0.6299 origin=baseline iters=3 stop=no new information in 3 consecutive turns
         TEST  smape=0.1515  rmse=769.9879  pocid=50.00  mape=0.1686  | FLOOR smape=0.1515
         laya iter 1 -> trimmed_mean_pool2 conf=0.5327 rank=9
         laya iter 2 -> trimmed_mean_pool1 conf=0.3862 rank=8
         laya iter 3 -> trimmed_mean_pool1 conf=0.3862 rank=8
[ 348] best_single    score= 0.3565 origin=agent    iters=5 stop=no new information in 3 consecutive turns
         TEST  smape=0.0781  rmse=390.8235  pocid=58.33  mape=0.0837  | FLOOR smape=0.0379
         laya iter 1 -> best_CWT_rf conf=0.3089 rank=1
         laya iter 2 -> median_pool2 conf=0.402 rank=5
         laya iter 3 -> median_pool2 conf=0.9364 rank=5
         laya iter 4 -> median_pool2 conf=0.9364 rank=5
         laya iter 5 -> median_pool2 conf=0.9364 rank=5
[ 349] trimmed_mean   score= 0.5608 origin=baseline iters=4 stop=no new information in 3 consecutive turns
         TEST  smape=0.1541  rmse=921.2901  pocid=83.33  mape=0.1506  | FLOOR smape=0.1541
         laya iter 1 -> best_DWT_rf conf=0.3978 rank=7
         laya iter 2 -> best_DWT_rf conf=0.3463 rank=7
         laya iter 3 -> best_DWT_rf conf=0.3463 rank=7
         laya iter 4 -> best_DWT_rf conf=0.3463 rank=7
[ 350] trimmed_mean   score= 0.6650 origin=baseline iters=5 stop=no new information in 3 consecutive turns
         TEST  smape=0.1338  rmse=303.7117  pocid=50.00  mape=0.1405  | FLOOR smape=0.1338
         laya iter 1 -> trimmed_mean_pool2 conf=0.6643 rank=6
         laya iter 2 -> median_pool2 conf=0.3216 rank=10
         laya iter 3 -> median_pool2 conf=0.3216 rank=10
         laya iter 4 -> median_pool2 conf=0.3216 rank=10
         laya iter 5 -> median_pool2 conf=0.3216 rank=10
[ 351] mean           score= 0.4148 origin=baseline iters=5 stop=no new information in 3 consecutive turns
         TEST  smape=0.1435  rmse=302.3894  pocid=50.00  mape=0.1633  | FLOOR smape=0.1435
         laya iter 1 -> trimmed_mean_pool2 conf=0.6603 rank=5
         laya iter 2 -> median_pool2 conf=0.3131 rank=8
         laya iter 3 -> median_pool2 conf=0.3131 rank=8
         laya iter 4 -> median_pool2 conf=0.3131 rank=8
         laya iter 5 -> median_pool2 conf=0.3131 rank=8
[ 352] mean           score= 0.7444 origin=baseline iters=4 stop=no new information in 3 consecutive turns
         TEST  smape=0.1227  rmse=280.4417  pocid=50.00  mape=0.1395  | FLOOR smape=0.1227
         laya iter 1 -> median_pool2 conf=0.7835 rank=3
         laya iter 2 -> median_pool2 conf=0.3871 rank=3
         laya iter 3 -> median_pool2 conf=0.3871 rank=3
         laya iter 4 -> median_pool2 conf=0.3871 rank=3
[ 353] mean           score= 0.7000 origin=baseline iters=5 stop=no new information in 3 consecutive turns
         TEST  smape=0.1655  rmse=663.7173  pocid=75.00  mape=0.1729  | FLOOR smape=0.1655
         laya iter 1 -> trimmed_mean_pool2 conf=0.3528 rank=4
         laya iter 2 -> median_pool2 conf=0.2208 rank=4
         laya iter 3 -> median_pool2 conf=0.3396 rank=4
         laya iter 4 -> median_pool2 conf=0.3396 rank=4
         laya iter 5 -> median_pool2 conf=0.3396 rank=4
[ 354] mean           score= 0.6944 origin=baseline iters=4 stop=no new information in 3 consecutive turns
         TEST  smape=0.3267  rmse=1345.8959  pocid=50.00  mape=0.4095  | FLOOR smape=0.3267
         laya iter 1 -> median_pool2 conf=0.4844 rank=9
         laya iter 2 -> median_pool2 conf=0.3337 rank=9
         laya iter 3 -> median_pool2 conf=0.3337 rank=9
         laya iter 4 -> median_pool2 conf=0.3337 rank=9
[ 355] dba            score= 0.6880 origin=baseline iters=4 stop=no new information in 3 consecutive turns
         TEST  smape=0.1343  rmse=679.5794  pocid=83.33  mape=0.1547  | FLOOR smape=0.1343
         laya iter 1 -> median_pool2 conf=0.5007 rank=9
         laya iter 2 -> median_pool2 conf=0.4964 rank=9
         laya iter 3 -> median_pool2 conf=0.4964 rank=9
         laya iter 4 -> median_pool2 conf=0.4964 rank=9
[ 356] trimmed_mean   score= 0.6239 origin=baseline iters=5 stop=no new information in 3 consecutive turns
         TEST  smape=0.1377  rmse=620.4794  pocid=50.00  mape=0.1594  | FLOOR smape=0.1377
         laya iter 1 -> median_pool2 conf=0.6404 rank=7
         laya iter 2 -> trimmed_mean_pool_full conf=0.3639 rank=10
         laya iter 3 -> trimmed_mean_pool_full conf=0.3639 rank=10
         laya iter 4 -> trimmed_mean_pool_full conf=0.3639 rank=10
         laya iter 5 -> trimmed_mean_pool_full conf=0.3639 rank=10
[ 357] mean           score= 0.6889 origin=baseline iters=6 stop=no new information in 3 consecutive turns
         TEST  smape=0.0982  rmse=777.3340  pocid=66.67  mape=0.1002  | FLOOR smape=0.0982
         laya iter 1 -> trimmed_mean_pool2 conf=0.4307 rank=7
         laya iter 2 -> trimmed_mean_pool_full conf=0.4937 rank=4
         laya iter 3 -> median_pool2 conf=0.3335 rank=9
         laya iter 4 -> median_pool2 conf=0.3335 rank=9
         laya iter 5 -> median_pool2 conf=0.3335 rank=9
         laya iter 6 -> median_pool2 conf=0.3335 rank=9
[ 358] best_single    score= 0.6268 origin=agent    iters=4 stop=no new information in 3 consecutive turns
         TEST  smape=0.1865  rmse=907.2195  pocid=58.33  mape=0.1679  | FLOOR smape=0.1380
         laya iter 1 -> best_ONLY_FT_catboost conf=0.7941 rank=1
         laya iter 2 -> best_ONLY_FT_catboost conf=0.9528 rank=1
         laya iter 3 -> best_ONLY_FT_catboost conf=0.9528 rank=1
         laya iter 4 -> best_ONLY_FT_catboost conf=0.9528 rank=1
--------------------------------------------------------------------------
done in 108.3s | ok: 359 | failed: 0
DATASET SUMMARY over 359 series (mean across series):
  this run   smape=0.0928  rmse=426.6349  pocid=58.77  mape=0.0952  mae=348.7627
  baseline   smape=0.0910  rmse=419.6139  pocid=59.61  mape=0.0897  <- this run is WORSE than the seed floor
  mean       smape=0.1560  rmse=565670643599352549196716204211537639244317944908035229208154108667468348208885108199311009429349561812871400925394649666000525459456.0000  pocid=53.20  mape=39777294267569865632092305676114673475780582879823695972881129375030108721987150752620451168492782782066944539201619654537641984.0000  <- this run is better
  median     smape=0.0897  rmse=98091549866.9433  pocid=58.45  mape=11214489.3177  <- this run is better
  dba        smape=0.1594  rmse=565670643599352549196716204211537639244317944908035229208154108667468348208885108199311009429349561812871400925394649666000525459456.0000  pocid=51.74  mape=39777294267569846392831467592872870605155533981574767711289688718073727887859511960764117429620413927444749771176404416926318592.0000  <- this run is better
  ADE        smape=0.1069  rmse=335850489305280897150278938350792956054116807272513112971539555160952541873624259473465507936843830466561185255755901421801810427904.0000  pocid=57.29  mape=23616611351791077356813904533184018234363216971665633450013792487243617037607409536889105068880425355870002736047763781094211584.0000  <- this run is better
  FFORMA     smape=0.0996  rmse=331703934033556502999311883249781817930691741283770894983858217784985857106662638100444095177311322092507477833421706256574660476928.0000  pocid=59.45  mape=23325030462617560519266366214871385284458556859797996695315252011496452105542748146985504910684292478496494399058427224917016576.0000  <- this run is better
csv: ./timeseries/mestrado/resultados/orchestrator_laya_laya_v0_ml8192/M4_WEEKLY_DATASET.csv
