nohup: ignoring input
WARNING: 5 model(s) do not share the pool's windows on ETTM1 and are being DROPPED for every series: ['ONLY_CWT_catboost', 'ONLY_DWT_catboost', 'ONLY_DWT_rf', 'ONLY_FT_catboost', 'ONLY_FT_rf']
dataset      : ETTM1
source       : ETTM1.tsf
models       : 14
agent        : laya-multilingual (max_len=8192)
writing to   : ./timeseries/mestrado/resultados/orchestrator_laya_laya_v2_raw
--------------------------------------------------------------------------
/home/lucas.castro/.conda/envs/agno/lib/python3.11/site-packages/tslearn/bases/bases.py:15: UserWarning: h5py not installed, hdf5 features will not be supported.
Install h5py to use hdf5 features: http://docs.h5py.org/
  warn(h5py_msg)
Fetching 5 files:   0%|          | 0/5 [00:00<?, ?it/s]Fetching 5 files: 100%|██████████| 5/5 [00:00<00:00, 2187.72it/s]
[   0] trimmed_mean   score=-0.0913 origin=baseline iters=4 stop=no new information in 3 consecutive turns
         TEST  smape=1.1753  rmse=5.4608  pocid=78.26  mape=367565306684846.8125  | FLOOR smape=1.1753
         laya iter 1 -> best_DWT_catboost conf=0.2308 rank=8
         laya iter 2 -> best_DWT_catboost conf=0.2308 rank=8
         laya iter 3 -> best_DWT_catboost conf=0.2308 rank=8
         laya iter 4 -> best_DWT_catboost conf=0.2308 rank=8
[   1] best_single    score=-0.0636 origin=agent    iters=4 stop=no new information in 3 consecutive turns
         TEST  smape=0.2375  rmse=1.2157  pocid=47.83  mape=0.2818  | FLOOR smape=0.2740
         laya iter 1 -> best_CWT_rf conf=0.5807 rank=1
         laya iter 2 -> best_CWT_rf conf=0.7455 rank=1
         laya iter 3 -> best_CWT_rf conf=0.7455 rank=1
         laya iter 4 -> best_CWT_rf conf=0.7455 rank=1
[   2] mean           score=-0.0829 origin=baseline iters=4 stop=no new information in 3 consecutive turns
         TEST  smape=0.8916  rmse=5.6497  pocid=73.91  mape=0.8287  | FLOOR smape=0.8916
         laya iter 1 -> median_stable7 conf=0.2443 rank=8
         laya iter 2 -> median_stable7 conf=0.2443 rank=8
         laya iter 3 -> median_stable7 conf=0.2443 rank=8
         laya iter 4 -> median_stable7 conf=0.2443 rank=8
[   3] median         score=-0.0628 origin=agent    iters=5 stop=no new information in 3 consecutive turns
         TEST  smape=0.4279  rmse=1.3142  pocid=47.83  mape=0.6142  | FLOOR smape=0.3921
         laya iter 1 -> best_CWT_rf conf=0.5081 rank=2
         laya iter 2 -> median_top5 conf=0.5305 rank=1
         laya iter 3 -> best_CWT_rf conf=0.4703 rank=3
         laya iter 4 -> best_CWT_rf conf=0.4703 rank=3
         laya iter 5 -> best_CWT_rf conf=0.4703 rank=3
[   4] mean           score=-0.0911 origin=baseline iters=4 stop=no new information in 3 consecutive turns
         TEST  smape=0.2512  rmse=1.0856  pocid=43.48  mape=0.2966  | FLOOR smape=0.2512
         laya iter 1 -> median_top5 conf=0.6181 rank=6
         laya iter 2 -> median_top5 conf=0.5825 rank=6
         laya iter 3 -> median_top5 conf=0.5825 rank=6
         laya iter 4 -> median_top5 conf=0.5825 rank=6
[   5] mean           score=-0.0759 origin=baseline iters=4 stop=no new information in 3 consecutive turns
         TEST  smape=0.1809  rmse=0.3329  pocid=47.83  mape=0.2019  | FLOOR smape=0.1809
         laya iter 1 -> median_top5 conf=0.4639 rank=8
         laya iter 2 -> median_top5 conf=0.4639 rank=8
         laya iter 3 -> median_top5 conf=0.4639 rank=8
         laya iter 4 -> median_top5 conf=0.4639 rank=8
[   6] trimmed_mean   score=-0.0942 origin=baseline iters=5 stop=no new information in 3 consecutive turns
         TEST  smape=0.0576  rmse=0.6518  pocid=52.17  mape=0.0580  | FLOOR smape=0.0576
         laya iter 1 -> best_ONLY_CWT_rf conf=0.7474 rank=4
         laya iter 2 -> best_CWT_rf conf=0.7649 rank=3
         laya iter 3 -> best_CWT_rf conf=0.8161 rank=3
         laya iter 4 -> best_CWT_rf conf=0.8161 rank=3
         laya iter 5 -> best_CWT_rf conf=0.8161 rank=3
--------------------------------------------------------------------------
done in 52.4s | ok: 7 | failed: 0
DATASET SUMMARY over 7 series (mean across series):
  this run   smape=0.4603  rmse=2.2444  pocid=55.90  mape=52509329526407.0156  mae=1.9198
  baseline   smape=0.4604  rmse=2.2598  pocid=55.28  mape=52509329526407.0078  <- this run is better
  mean       smape=2.0000  rmse=136084107294.9405  pocid=44.72  mape=52599961740521154543616.0000  <- this run is better
  median     smape=0.5443  rmse=2.5657  pocid=58.39  mape=9059687099970.2324  <- this run is better
  dba        smape=2.0000  rmse=195921298116.2774  pocid=47.20  mape=69231906943291170816.0000  <- this run is better
  ADE        smape=0.4572  rmse=2.4809  pocid=50.93  mape=21115097813161.2109  <- this run is better
  FFORMA     smape=0.4396  rmse=2.2985  pocid=51.55  mape=59253483494535.9609  <- this run is better
csv: ./timeseries/mestrado/resultados/orchestrator_laya_laya_v2_raw/ETTM1.csv
WARNING: 5 model(s) do not share the pool's windows on ETTM2 and are being DROPPED for every series: ['ONLY_CWT_catboost', 'ONLY_DWT_catboost', 'ONLY_DWT_rf', 'ONLY_FT_catboost', 'ONLY_FT_rf']
dataset      : ETTM2
source       : ETTM2.tsf
models       : 14
agent        : laya-multilingual (max_len=8192)
writing to   : ./timeseries/mestrado/resultados/orchestrator_laya_laya_v2_raw
--------------------------------------------------------------------------
Fetching 5 files:   0%|          | 0/5 [00:00<?, ?it/s]Fetching 5 files: 100%|██████████| 5/5 [00:00<00:00, 2494.83it/s]
[   0] trimmed_mean   score=-0.0811 origin=baseline iters=4 stop=no new information in 3 consecutive turns
         TEST  smape=0.1983  rmse=7.9895  pocid=65.22  mape=0.1787  | FLOOR smape=0.1983
         laya iter 1 -> best_ONLY_CWT_rf conf=0.4809 rank=6
         laya iter 2 -> best_ONLY_CWT_rf conf=0.6375 rank=6
         laya iter 3 -> best_ONLY_CWT_rf conf=0.6375 rank=6
         laya iter 4 -> best_ONLY_CWT_rf conf=0.6375 rank=6
[   1] best_single    score=-0.0818 origin=agent    iters=4 stop=no new information in 3 consecutive turns
         TEST  smape=0.2654  rmse=2.9547  pocid=47.83  mape=0.2325  | FLOOR smape=0.2653
         laya iter 1 -> best_CWT_catboost conf=0.4718 rank=1
         laya iter 2 -> best_CWT_catboost conf=0.8051 rank=1
         laya iter 3 -> best_CWT_catboost conf=0.8051 rank=1
         laya iter 4 -> best_CWT_catboost conf=0.8051 rank=1
[   2] mean           score=-0.1042 origin=baseline iters=4 stop=no new information in 3 consecutive turns
         TEST  smape=0.1569  rmse=8.0382  pocid=52.17  mape=0.1446  | FLOOR smape=0.1569
         laya iter 1 -> best_ONLY_CWT_rf conf=0.5819 rank=2
         laya iter 2 -> best_ONLY_CWT_rf conf=0.5297 rank=2
         laya iter 3 -> best_ONLY_CWT_rf conf=0.5297 rank=2
         laya iter 4 -> best_ONLY_CWT_rf conf=0.5297 rank=2
[   3] trimmed_mean   score=-0.0772 origin=baseline iters=4 stop=no new information in 3 consecutive turns
         TEST  smape=0.2551  rmse=2.9702  pocid=39.13  mape=0.2248  | FLOOR smape=0.2551
         laya iter 1 -> best_ONLY_CWT_rf conf=0.7506 rank=2
         laya iter 2 -> best_ONLY_CWT_rf conf=0.7825 rank=2
         laya iter 3 -> best_ONLY_CWT_rf conf=0.7825 rank=2
         laya iter 4 -> best_ONLY_CWT_rf conf=0.7825 rank=2
[   4] best_single    score=-0.0660 origin=agent    iters=4 stop=no new information in 3 consecutive turns
         TEST  smape=0.0837  rmse=0.9936  pocid=26.09  mape=0.0797  | FLOOR smape=0.0741
         laya iter 1 -> best_FT_catboost conf=0.4074 rank=1
         laya iter 2 -> best_FT_catboost conf=0.6277 rank=1
         laya iter 3 -> best_FT_catboost conf=0.6277 rank=1
         laya iter 4 -> best_FT_catboost conf=0.6277 rank=1
[   5] mean           score= 0.0447 origin=baseline iters=4 stop=no new information in 3 consecutive turns
         TEST  smape=0.4531  rmse=0.7836  pocid=30.43  mape=0.3633  | FLOOR smape=0.4531
         laya iter 1 -> best_ONLY_CWT_rf conf=0.6648 rank=6
         laya iter 2 -> best_ONLY_CWT_rf conf=0.9808 rank=6
         laya iter 3 -> best_ONLY_CWT_rf conf=0.9808 rank=6
         laya iter 4 -> best_ONLY_CWT_rf conf=0.9808 rank=6
[   6] mean           score= 0.2793 origin=baseline iters=4 stop=no new information in 3 consecutive turns
         TEST  smape=0.0183  rmse=1.0657  pocid=60.87  mape=0.0180  | FLOOR smape=0.0183
         laya iter 1 -> median_top5 conf=0.4036 rank=5
         laya iter 2 -> median_top5 conf=0.4843 rank=5
         laya iter 3 -> median_top5 conf=0.4843 rank=5
         laya iter 4 -> median_top5 conf=0.4843 rank=5
--------------------------------------------------------------------------
done in 46.6s | ok: 7 | failed: 0
DATASET SUMMARY over 7 series (mean across series):
  this run   smape=0.2044  rmse=3.5422  pocid=45.96  mape=0.1774  mae=3.3203
  baseline   smape=0.2030  rmse=3.5354  pocid=45.34  mape=0.1760  <- this run is WORSE than the seed floor
  mean       smape=1.7405  rmse=63484511305.5706  pocid=43.48  mape=3253528624.5137  <- this run is better
  median     smape=0.1997  rmse=3.6501  pocid=39.13  mape=0.1739  <- this run is better
  dba        smape=1.7438  rmse=106383343565.7140  pocid=37.27  mape=2228290941.4547  <- this run is better
  ADE        smape=0.1872  rmse=4.0934  pocid=31.06  mape=0.1752  <- this run is better
  FFORMA     smape=0.1654  rmse=3.9513  pocid=31.06  mape=0.1525  <- this run is better
csv: ./timeseries/mestrado/resultados/orchestrator_laya_laya_v2_raw/ETTM2.csv
dataset      : ETTH1
source       : ETTH1.tsf
models       : 19
agent        : laya-multilingual (max_len=8192)
writing to   : ./timeseries/mestrado/resultados/orchestrator_laya_laya_v2_raw
--------------------------------------------------------------------------
Fetching 5 files:   0%|          | 0/5 [00:00<?, ?it/s]Fetching 5 files: 100%|██████████| 5/5 [00:00<00:00, 2395.65it/s]
[   0] best_single    score=-0.0512 origin=agent    iters=4 stop=no new information in 3 consecutive turns
         TEST  smape=0.5508  rmse=15.2618  pocid=65.22  mape=1.3179  | FLOOR smape=0.3882
         laya iter 1 -> best_FT_rf conf=0.2959 rank=1
         laya iter 2 -> best_FT_rf conf=0.715 rank=1
         laya iter 3 -> best_FT_rf conf=0.715 rank=1
         laya iter 4 -> best_FT_rf conf=0.715 rank=1
[   1] trimmed_mean   score=-0.1072 origin=baseline iters=4 stop=no new information in 3 consecutive turns
         TEST  smape=0.1711  rmse=0.9478  pocid=65.22  mape=0.1587  | FLOOR smape=0.1711
         laya iter 1 -> best_ONLY_DWT_catboost conf=0.5553 rank=8
         laya iter 2 -> best_ONLY_DWT_catboost conf=0.5553 rank=8
         laya iter 3 -> best_ONLY_DWT_catboost conf=0.5553 rank=8
         laya iter 4 -> best_ONLY_DWT_catboost conf=0.5553 rank=8
[   2] trimmed_mean   score=-0.0572 origin=baseline iters=4 stop=no new information in 3 consecutive turns
         TEST  smape=0.3894  rmse=2.5624  pocid=82.61  mape=0.4100  | FLOOR smape=0.3894
         laya iter 1 -> best_FT_rf conf=0.6879 rank=2
         laya iter 2 -> best_FT_rf conf=0.6718 rank=2
         laya iter 3 -> best_FT_rf conf=0.6718 rank=2
         laya iter 4 -> best_FT_rf conf=0.6718 rank=2
[   3] trimmed_mean   score=-0.0948 origin=baseline iters=4 stop=no new information in 3 consecutive turns
         TEST  smape=0.1965  rmse=0.6604  pocid=52.17  mape=0.1793  | FLOOR smape=0.1965
         laya iter 1 -> best_ONLY_DWT_catboost conf=0.9969 rank=7
         laya iter 2 -> best_ONLY_DWT_catboost conf=0.9969 rank=7
         laya iter 3 -> best_ONLY_DWT_catboost conf=0.9969 rank=7
         laya iter 4 -> best_ONLY_DWT_catboost conf=0.9969 rank=7
[   4] best_single    score=-0.0921 origin=agent    iters=4 stop=no new information in 3 consecutive turns
         TEST  smape=0.1712  rmse=0.9154  pocid=47.83  mape=0.1674  | FLOOR smape=0.1984
         laya iter 1 -> best_ONLY_DWT_catboost conf=0.6719 rank=1
         laya iter 2 -> best_ONLY_DWT_catboost conf=0.757 rank=1
         laya iter 3 -> best_ONLY_DWT_catboost conf=0.757 rank=1
         laya iter 4 -> best_ONLY_DWT_catboost conf=0.757 rank=1
[   5] trimmed_mean   score=-0.1036 origin=baseline iters=4 stop=no new information in 3 consecutive turns
         TEST  smape=0.1557  rmse=0.2920  pocid=69.57  mape=0.1499  | FLOOR smape=0.1557
         laya iter 1 -> best_ONLY_DWT_rf conf=0.757 rank=5
         laya iter 2 -> best_ONLY_DWT_rf conf=0.8898 rank=5
         laya iter 3 -> best_ONLY_DWT_rf conf=0.8898 rank=5
         laya iter 4 -> best_ONLY_DWT_rf conf=0.8898 rank=5
[   6] mean           score=-0.0883 origin=baseline iters=4 stop=no new information in 3 consecutive turns
         TEST  smape=0.0844  rmse=0.9642  pocid=56.52  mape=0.0893  | FLOOR smape=0.0844
         laya iter 1 -> best_ONLY_CWT_rf conf=0.6713 rank=2
         laya iter 2 -> best_ONLY_CWT_rf conf=0.5602 rank=2
         laya iter 3 -> best_ONLY_CWT_rf conf=0.5602 rank=2
         laya iter 4 -> best_ONLY_CWT_rf conf=0.5602 rank=2
--------------------------------------------------------------------------
done in 15.9s | ok: 7 | failed: 0
DATASET SUMMARY over 7 series (mean across series):
  this run   smape=0.2456  rmse=3.0863  pocid=62.73  mape=0.3532  mae=1.9078
  baseline   smape=0.2262  rmse=1.3877  pocid=61.49  mape=0.2391  <- this run is WORSE than the seed floor
  mean       smape=2.0000  rmse=1245113253499.4958  pocid=52.17  mape=273162683680.0966  <- this run is better
  median     smape=0.2602  rmse=1.5957  pocid=62.11  mape=0.2353
  dba        smape=2.0000  rmse=2059519043323.2112  pocid=54.66  mape=272603577994.6630  <- this run is better
  ADE        smape=0.3951  rmse=2.5172  pocid=62.73  mape=0.3505
  FFORMA     smape=0.3001  rmse=1.9946  pocid=65.22  mape=0.2754
csv: ./timeseries/mestrado/resultados/orchestrator_laya_laya_v2_raw/ETTH1.csv
dataset      : ETTH2
source       : ETTH2.tsf
models       : 19
agent        : laya-multilingual (max_len=8192)
writing to   : ./timeseries/mestrado/resultados/orchestrator_laya_laya_v2_raw
--------------------------------------------------------------------------
Fetching 5 files:   0%|          | 0/5 [00:00<?, ?it/s]Fetching 5 files: 100%|██████████| 5/5 [00:00<00:00, 1955.75it/s]
[   0] best_single    score=-0.1198 origin=agent    iters=4 stop=no new information in 3 consecutive turns
         TEST  smape=0.1227  rmse=5.2048  pocid=60.87  mape=0.1159  | FLOOR smape=0.1310
         laya iter 1 -> best_ONLY_CWT_catboost conf=0.9838 rank=1
         laya iter 2 -> best_ONLY_CWT_catboost conf=0.9991 rank=1
         laya iter 3 -> best_ONLY_CWT_catboost conf=0.9991 rank=1
         laya iter 4 -> best_ONLY_CWT_catboost conf=0.9991 rank=1
[   1] median         score=-0.1019 origin=baseline iters=4 stop=no new information in 3 consecutive turns
         TEST  smape=0.1395  rmse=1.7078  pocid=60.87  mape=0.1370  | FLOOR smape=0.1395
         laya iter 1 -> best_ONLY_FT_rf conf=0.764 rank=6
         laya iter 2 -> best_ONLY_FT_rf conf=0.8795 rank=6
         laya iter 3 -> best_ONLY_FT_rf conf=0.8795 rank=6
         laya iter 4 -> best_ONLY_FT_rf conf=0.8795 rank=6
[   2] median         score=-0.1181 origin=baseline iters=4 stop=no new information in 3 consecutive turns
         TEST  smape=0.1064  rmse=5.6368  pocid=69.57  mape=0.1011  | FLOOR smape=0.1064
         laya iter 1 -> best_ONLY_CWT_rf conf=0.5386 rank=7
         laya iter 2 -> best_ONLY_CWT_rf conf=0.5386 rank=7
         laya iter 3 -> best_ONLY_CWT_rf conf=0.5386 rank=7
         laya iter 4 -> best_ONLY_CWT_rf conf=0.5386 rank=7
[   3] best_single    score=-0.1076 origin=agent    iters=4 stop=no new information in 3 consecutive turns
         TEST  smape=0.1153  rmse=1.5641  pocid=43.48  mape=0.1125  | FLOOR smape=0.1149
         laya iter 1 -> best_ONLY_CWT_catboost conf=0.983 rank=1
         laya iter 2 -> best_ONLY_CWT_catboost conf=0.9999 rank=1
         laya iter 3 -> best_ONLY_CWT_catboost conf=0.9999 rank=1
         laya iter 4 -> best_ONLY_CWT_catboost conf=0.9999 rank=1
[   4] median         score=-0.0752 origin=baseline iters=5 stop=no new information in 3 consecutive turns
         TEST  smape=0.0793  rmse=1.0306  pocid=34.78  mape=0.0811  | FLOOR smape=0.0793
         laya iter 1 -> best_ONLY_CWT_rf conf=0.6921 rank=4
         laya iter 2 -> best_CWT_catboost conf=0.6988 rank=4
         laya iter 3 -> best_CWT_catboost conf=0.6992 rank=4
         laya iter 4 -> best_CWT_catboost conf=0.6992 rank=4
         laya iter 5 -> best_CWT_catboost conf=0.6992 rank=4
[   5] median         score=-0.0041 origin=baseline iters=4 stop=no new information in 3 consecutive turns
         TEST  smape=0.6525  rmse=0.7116  pocid=43.48  mape=1271662993922632.2500  | FLOOR smape=0.6525
         laya iter 1 -> best_CWT_rf conf=0.4855 rank=8
         laya iter 2 -> best_CWT_rf conf=0.4855 rank=8
         laya iter 3 -> best_CWT_rf conf=0.4855 rank=8
         laya iter 4 -> best_CWT_rf conf=0.4855 rank=8
[   6] best_single    score= 0.4439 origin=agent    iters=4 stop=no new information in 3 consecutive turns
         TEST  smape=0.0490  rmse=2.2962  pocid=73.91  mape=0.0485  | FLOOR smape=0.0359
         laya iter 1 -> best_ONLY_DWT_rf conf=0.7189 rank=1
         laya iter 2 -> best_ONLY_DWT_rf conf=0.7064 rank=1
         laya iter 3 -> best_ONLY_DWT_rf conf=0.7064 rank=1
         laya iter 4 -> best_ONLY_DWT_rf conf=0.7064 rank=1
--------------------------------------------------------------------------
done in 15.8s | ok: 7 | failed: 0
DATASET SUMMARY over 7 series (mean across series):
  this run   smape=0.1807  rmse=2.5931  pocid=55.28  mape=181666141988947.5312  mae=2.2504
  baseline   smape=0.1799  rmse=2.5553  pocid=55.28  mape=181666141988947.5312  <- this run is WORSE than the seed floor
  mean       smape=1.7197  rmse=99996379087.4691  pocid=49.69  mape=20879052073827343269888.0000  <- this run is better
  median     smape=0.1815  rmse=2.5568  pocid=56.52  mape=181666141988947.5312
  dba        smape=1.7257  rmse=151967111938.0612  pocid=52.80  mape=20879052073826667986944.0000  <- this run is better
  ADE        smape=0.2261  rmse=2.6531  pocid=56.52  mape=299065117726769.6250  <- this run is better
  FFORMA     smape=0.2035  rmse=2.5436  pocid=56.52  mape=269479043127657.0625
csv: ./timeseries/mestrado/resultados/orchestrator_laya_laya_v2_raw/ETTH2.csv
dataset      : ANP_MONTHLY
source       : mes_11_venda_mensal.tsf
models       : 19
agent        : laya-multilingual (max_len=8192)
writing to   : ./timeseries/mestrado/resultados/orchestrator_laya_laya_v2_raw
--------------------------------------------------------------------------
Fetching 5 files:   0%|          | 0/5 [00:00<?, ?it/s]Fetching 5 files: 100%|██████████| 5/5 [00:00<00:00, 2829.78it/s]
[   0] best_single    score= 0.6782 origin=agent    iters=4 stop=no new information in 3 consecutive turns
         TEST  smape=0.1802  rmse=1450.2311  pocid=45.45  mape=0.1590  | FLOOR smape=0.3622
         laya iter 1 -> best_ONLY_DWT_rf conf=0.875 rank=1
         laya iter 2 -> best_ONLY_DWT_rf conf=0.7464 rank=1
         laya iter 3 -> best_ONLY_DWT_rf conf=0.7464 rank=1
         laya iter 4 -> best_ONLY_DWT_rf conf=0.7464 rank=1
[   1] best_single    score= 0.3536 origin=agent    iters=4 stop=no new information in 3 consecutive turns
         TEST  smape=0.1647  rmse=3003.2060  pocid=72.73  mape=0.1503  | FLOOR smape=0.1132
         laya iter 1 -> best_ETS conf=0.5888 rank=1
         laya iter 2 -> best_ETS conf=0.6132 rank=1
         laya iter 3 -> best_ETS conf=0.6132 rank=1
         laya iter 4 -> best_ETS conf=0.6132 rank=1
[   2] best_single    score= 0.6171 origin=agent    iters=4 stop=no new information in 3 consecutive turns
         TEST  smape=0.0487  rmse=5548.7804  pocid=63.64  mape=0.0508  | FLOOR smape=0.0471
         laya iter 1 -> best_ONLY_CWT_rf conf=0.5758 rank=1
         laya iter 2 -> best_ONLY_CWT_rf conf=0.4408 rank=1
         laya iter 3 -> best_ONLY_CWT_rf conf=0.4408 rank=1
         laya iter 4 -> best_ONLY_CWT_rf conf=0.4408 rank=1
[   3] best_single    score= 0.6414 origin=agent    iters=4 stop=no new information in 3 consecutive turns
         TEST  smape=0.3937  rmse=3430.9170  pocid=72.73  mape=0.3197  | FLOOR smape=0.3041
         laya iter 1 -> best_THETA conf=0.5895 rank=1
         laya iter 2 -> best_THETA conf=0.624 rank=1
         laya iter 3 -> best_THETA conf=0.624 rank=1
         laya iter 4 -> best_THETA conf=0.624 rank=1
[   4] best_single    score= 0.3988 origin=agent    iters=4 stop=no new information in 3 consecutive turns
         TEST  smape=0.0573  rmse=3509.4426  pocid=81.82  mape=0.0556  | FLOOR smape=0.0520
         laya iter 1 -> best_ETS conf=0.7645 rank=1
         laya iter 2 -> best_ETS conf=0.8418 rank=1
         laya iter 3 -> best_ETS conf=0.8418 rank=1
         laya iter 4 -> best_ETS conf=0.8418 rank=1
[   5] best_single    score= 0.5511 origin=agent    iters=4 stop=no new information in 3 consecutive turns
         TEST  smape=0.2370  rmse=29.2490  pocid=36.36  mape=0.2710  | FLOOR smape=0.2077
         laya iter 1 -> best_FT_rf conf=0.779 rank=1
         laya iter 2 -> best_FT_rf conf=0.7947 rank=1
         laya iter 3 -> best_FT_rf conf=0.7947 rank=1
         laya iter 4 -> best_FT_rf conf=0.7947 rank=1
[   6] best_single    score= 0.5975 origin=agent    iters=5 stop=no new information in 3 consecutive turns
         TEST  smape=0.5701  rmse=5242.6363  pocid=81.82  mape=0.4267  | FLOOR smape=0.4842
         laya iter 1 -> best_ETS conf=0.7447 rank=1
         laya iter 2 -> best_DWT_rf conf=0.7664 rank=4
         laya iter 3 -> best_ETS conf=0.9021 rank=1
         laya iter 4 -> best_ETS conf=0.9021 rank=1
         laya iter 5 -> best_ETS conf=0.9021 rank=1
[   7] best_single    score= 0.5882 origin=agent    iters=4 stop=no new information in 3 consecutive turns
         TEST  smape=0.2018  rmse=110.0732  pocid=45.45  mape=0.2279  | FLOOR smape=0.1649
         laya iter 1 -> best_ONLY_CWT_catboost conf=0.4223 rank=1
         laya iter 2 -> best_ONLY_CWT_catboost conf=0.5506 rank=1
         laya iter 3 -> best_ONLY_CWT_catboost conf=0.5506 rank=1
         laya iter 4 -> best_ONLY_CWT_catboost conf=0.5506 rank=1
[   8] median         score= 0.6811 origin=baseline iters=4 stop=no new information in 3 consecutive turns
         TEST  smape=0.5178  rmse=777.3991  pocid=54.55  mape=0.4008  | FLOOR smape=0.5178
         laya iter 1 -> best_ONLY_DWT_rf conf=0.6899 rank=8
         laya iter 2 -> best_ONLY_DWT_rf conf=0.6899 rank=8
         laya iter 3 -> best_ONLY_DWT_rf conf=0.6899 rank=8
         laya iter 4 -> best_ONLY_DWT_rf conf=0.6899 rank=8
[   9] best_single    score= 0.5599 origin=agent    iters=5 stop=no new information in 3 consecutive turns
         TEST  smape=0.0281  rmse=7472.1642  pocid=81.82  mape=0.0286  | FLOOR smape=0.0486
         laya iter 1 -> best_ETS conf=0.528 rank=1
         laya iter 2 -> best_THETA conf=0.473 rank=2
         laya iter 3 -> best_ETS conf=0.5315 rank=1
         laya iter 4 -> best_ETS conf=0.5315 rank=1
         laya iter 5 -> best_ETS conf=0.5315 rank=1
[  10] best_single    score= 0.4567 origin=agent    iters=5 stop=no new information in 3 consecutive turns
         TEST  smape=0.2608  rmse=1554.3581  pocid=72.73  mape=0.2258  | FLOOR smape=0.2671
         laya iter 1 -> best_ONLY_DWT_catboost conf=0.7581 rank=4
         laya iter 2 -> best_ETS conf=0.7855 rank=1
         laya iter 3 -> best_ETS conf=0.9995 rank=1
         laya iter 4 -> best_ETS conf=0.9995 rank=1
         laya iter 5 -> best_ETS conf=0.9995 rank=1
[  11] best_single    score= 0.6370 origin=agent    iters=4 stop=no new information in 3 consecutive turns
         TEST  smape=0.5972  rmse=10701.2866  pocid=54.55  mape=0.4555  | FLOOR smape=0.7316
         laya iter 1 -> best_FT_rf conf=0.8158 rank=1
         laya iter 2 -> best_FT_rf conf=0.9126 rank=1
         laya iter 3 -> best_FT_rf conf=0.9126 rank=1
         laya iter 4 -> best_FT_rf conf=0.9126 rank=1
[  12] median         score= 0.6904 origin=baseline iters=4 stop=no new information in 3 consecutive turns
         TEST  smape=1.1713  rmse=2460.0309  pocid=0.00  mape=27.4675  | FLOOR smape=1.1713
         laya iter 1 -> best_FT_catboost conf=0.4208 rank=3
         laya iter 2 -> best_FT_catboost conf=0.6727 rank=3
         laya iter 3 -> best_FT_catboost conf=0.6727 rank=3
         laya iter 4 -> best_FT_catboost conf=0.6727 rank=3
[  13] best_single    score= 0.6034 origin=agent    iters=4 stop=no new information in 3 consecutive turns
         TEST  smape=0.1975  rmse=306.0189  pocid=54.55  mape=0.2209  | FLOOR smape=0.2182
         laya iter 1 -> best_ONLY_FT_rf conf=0.778 rank=1
         laya iter 2 -> best_ONLY_FT_rf conf=0.9327 rank=1
         laya iter 3 -> best_ONLY_FT_rf conf=0.9327 rank=1
         laya iter 4 -> best_ONLY_FT_rf conf=0.9327 rank=1
[  14] best_single    score= 0.5291 origin=agent    iters=5 stop=no new information in 3 consecutive turns
         TEST  smape=0.0494  rmse=2068.6967  pocid=63.64  mape=0.0481  | FLOOR smape=0.0466
         laya iter 1 -> best_ETS conf=0.3483 rank=1
         laya iter 2 -> median_stable9 conf=0.4193 rank=8
         laya iter 3 -> median_stable9 conf=0.4193 rank=8
         laya iter 4 -> median_stable9 conf=0.4193 rank=8
         laya iter 5 -> median_stable9 conf=0.4193 rank=8
[  15] mean           score= 0.6909 origin=baseline iters=4 stop=no new information in 3 consecutive turns
         TEST  smape=0.0504  rmse=2642.4148  pocid=63.64  mape=0.0502  | FLOOR smape=0.0504
         laya iter 1 -> best_ONLY_CWT_rf conf=0.6954 rank=4
         laya iter 2 -> best_ONLY_CWT_rf conf=0.4929 rank=4
         laya iter 3 -> best_ONLY_CWT_rf conf=0.4929 rank=4
         laya iter 4 -> best_ONLY_CWT_rf conf=0.4929 rank=4
[  16] best_single    score= 0.5103 origin=agent    iters=4 stop=no new information in 3 consecutive turns
         TEST  smape=0.1568  rmse=17349.3700  pocid=72.73  mape=0.1443  | FLOOR smape=0.1978
         laya iter 1 -> best_FT_rf conf=0.9999 rank=1
         laya iter 2 -> best_FT_rf conf=0.9472 rank=1
         laya iter 3 -> best_FT_rf conf=0.9472 rank=1
         laya iter 4 -> best_FT_rf conf=0.9472 rank=1
[  17] trimmed_mean   score= 0.6006 origin=baseline iters=4 stop=no new information in 3 consecutive turns
         TEST  smape=0.1498  rmse=128987.7786  pocid=72.73  mape=0.1635  | FLOOR smape=0.1498
         laya iter 1 -> best_ONLY_DWT_rf conf=0.9054 rank=5
         laya iter 2 -> best_ONLY_DWT_rf conf=0.9718 rank=5
         laya iter 3 -> best_ONLY_DWT_rf conf=0.9718 rank=5
         laya iter 4 -> best_ONLY_DWT_rf conf=0.9718 rank=5
[  18] best_single    score= 0.6320 origin=agent    iters=4 stop=no new information in 3 consecutive turns
         TEST  smape=1.3196  rmse=4617.4047  pocid=45.45  mape=175014548472309344.0000  | FLOOR smape=1.4312
         laya iter 1 -> best_ONLY_FT_catboost conf=0.4917 rank=1
         laya iter 2 -> best_ONLY_FT_catboost conf=0.588 rank=1
         laya iter 3 -> best_ONLY_FT_catboost conf=0.588 rank=1
         laya iter 4 -> best_ONLY_FT_catboost conf=0.588 rank=1
[  19] best_single    score= 0.5672 origin=agent    iters=4 stop=no new information in 3 consecutive turns
         TEST  smape=0.2390  rmse=673.9470  pocid=63.64  mape=0.2916  | FLOOR smape=0.2139
         laya iter 1 -> best_ONLY_DWT_rf conf=0.6953 rank=1
         laya iter 2 -> best_ONLY_DWT_rf conf=0.7945 rank=1
         laya iter 3 -> best_ONLY_DWT_rf conf=0.7945 rank=1
         laya iter 4 -> best_ONLY_DWT_rf conf=0.7945 rank=1
[  20] best_single    score= 0.4873 origin=agent    iters=4 stop=no new information in 3 consecutive turns
         TEST  smape=0.2084  rmse=166525.8803  pocid=63.64  mape=0.1880  | FLOOR smape=0.1073
         laya iter 1 -> best_NaiveMovingAverage conf=1.0 rank=1
         laya iter 2 -> best_NaiveMovingAverage conf=1.0 rank=1
         laya iter 3 -> best_NaiveMovingAverage conf=1.0 rank=1
         laya iter 4 -> best_NaiveMovingAverage conf=1.0 rank=1
[  21] best_single    score= 0.6026 origin=agent    iters=4 stop=no new information in 3 consecutive turns
         TEST  smape=0.0346  rmse=2826.7014  pocid=63.64  mape=0.0340  | FLOOR smape=0.0311
         laya iter 1 -> best_ETS conf=0.2531 rank=1
         laya iter 2 -> best_ETS conf=0.5168 rank=1
         laya iter 3 -> best_ETS conf=0.5168 rank=1
         laya iter 4 -> best_ETS conf=0.5168 rank=1
[  22] best_single    score= 0.5003 origin=agent    iters=4 stop=no new information in 3 consecutive turns
         TEST  smape=0.2766  rmse=1535.9493  pocid=63.64  mape=0.2913  | FLOOR smape=0.2940
         laya iter 1 -> best_FT_rf conf=0.9085 rank=1
         laya iter 2 -> best_FT_rf conf=0.9528 rank=1
         laya iter 3 -> best_FT_rf conf=0.9528 rank=1
         laya iter 4 -> best_FT_rf conf=0.9528 rank=1
[  23] best_single    score= 0.3526 origin=agent    iters=4 stop=no new information in 3 consecutive turns
         TEST  smape=0.2663  rmse=6920.5443  pocid=81.82  mape=0.2277  | FLOOR smape=0.2674
         laya iter 1 -> best_FT_catboost conf=0.9887 rank=1
         laya iter 2 -> best_FT_catboost conf=0.9962 rank=1
         laya iter 3 -> best_FT_catboost conf=0.9962 rank=1
         laya iter 4 -> best_FT_catboost conf=0.9962 rank=1
[  24] dba            score= 0.6427 origin=baseline iters=4 stop=no new information in 3 consecutive turns
         TEST  smape=0.0455  rmse=6840.2111  pocid=81.82  mape=0.0458  | FLOOR smape=0.0455
         laya iter 1 -> best_FT_rf conf=0.5862 rank=3
         laya iter 2 -> best_FT_rf conf=0.4528 rank=3
         laya iter 3 -> best_FT_rf conf=0.4528 rank=3
         laya iter 4 -> best_FT_rf conf=0.4528 rank=3
[  25] mean           score= 0.6276 origin=baseline iters=4 stop=no new information in 3 consecutive turns
         TEST  smape=0.1671  rmse=51.3148  pocid=54.55  mape=0.1906  | FLOOR smape=0.1671
         laya iter 1 -> median_top5 conf=0.4794 rank=10
         laya iter 2 -> median_top5 conf=0.4794 rank=10
         laya iter 3 -> median_top5 conf=0.4794 rank=10
         laya iter 4 -> median_top5 conf=0.4794 rank=10
[  26] mean           score= 0.6727 origin=baseline iters=4 stop=no new information in 3 consecutive turns
         TEST  smape=0.4658  rmse=2003.0215  pocid=36.36  mape=0.3751  | FLOOR smape=0.4658
         laya iter 1 -> best_NaiveMovingAverage conf=0.3173 rank=2
         laya iter 2 -> best_NaiveMovingAverage conf=0.3847 rank=2
         laya iter 3 -> best_NaiveMovingAverage conf=0.3847 rank=2
         laya iter 4 -> best_NaiveMovingAverage conf=0.3847 rank=2
[  27] mean           score= 0.6727 origin=baseline iters=4 stop=no new information in 3 consecutive turns
         TEST  smape=0.3728  rmse=4401.5358  pocid=63.64  mape=0.3040  | FLOOR smape=0.3728
         laya iter 1 -> best_ONLY_DWT_rf conf=0.5269 rank=4
         laya iter 2 -> best_ONLY_DWT_rf conf=0.9153 rank=4
         laya iter 3 -> best_ONLY_DWT_rf conf=0.9153 rank=4
         laya iter 4 -> best_ONLY_DWT_rf conf=0.9153 rank=4
[  28] best_single    score= 0.5756 origin=agent    iters=4 stop=no new information in 3 consecutive turns
         TEST  smape=0.0551  rmse=10350.5907  pocid=63.64  mape=0.0538  | FLOOR smape=0.0403
         laya iter 1 -> best_ONLY_CWT_catboost conf=0.7922 rank=1
         laya iter 2 -> best_ONLY_CWT_catboost conf=0.8949 rank=1
         laya iter 3 -> best_ONLY_CWT_catboost conf=0.8949 rank=1
         laya iter 4 -> best_ONLY_CWT_catboost conf=0.8949 rank=1
[  29] best_single    score= 0.4969 origin=agent    iters=4 stop=no new information in 3 consecutive turns
         TEST  smape=0.3841  rmse=2977.5657  pocid=63.64  mape=0.3136  | FLOOR smape=0.3579
         laya iter 1 -> best_ETS conf=0.5257 rank=1
         laya iter 2 -> best_ETS conf=0.4822 rank=1
         laya iter 3 -> best_ETS conf=0.4822 rank=1
         laya iter 4 -> best_ETS conf=0.4822 rank=1
[  30] mean           score= 0.6303 origin=baseline iters=3 stop=no new information in 3 consecutive turns
         TEST  smape=0.1473  rmse=236.1429  pocid=63.64  mape=0.1531  | FLOOR smape=0.1473
         laya iter 1 -> trimmed_mean_stable7 conf=0.335 rank=6
         laya iter 2 -> trimmed_mean_stable7 conf=0.335 rank=6
         laya iter 3 -> trimmed_mean_stable7 conf=0.335 rank=6
[  31] mean           score= 0.6660 origin=baseline iters=4 stop=no new information in 3 consecutive turns
         TEST  smape=0.4562  rmse=19.0531  pocid=63.64  mape=0.8270  | FLOOR smape=0.4562
         laya iter 1 -> best_NaiveMovingAverage conf=0.484 rank=3
         laya iter 2 -> best_NaiveMovingAverage conf=0.6623 rank=3
         laya iter 3 -> best_NaiveMovingAverage conf=0.6623 rank=3
         laya iter 4 -> best_NaiveMovingAverage conf=0.6623 rank=3
[  32] trimmed_mean   score= 0.6181 origin=baseline iters=4 stop=no new information in 3 consecutive turns
         TEST  smape=1.2541  rmse=333.9222  pocid=27.27  mape=0.7390  | FLOOR smape=1.2541
         laya iter 1 -> best_NaiveMovingAverage conf=0.2875 rank=2
         laya iter 2 -> best_NaiveMovingAverage conf=0.9996 rank=2
         laya iter 3 -> best_NaiveMovingAverage conf=0.9996 rank=2
         laya iter 4 -> best_NaiveMovingAverage conf=0.9996 rank=2
[  33] trimmed_mean   score= 0.5935 origin=baseline iters=4 stop=no new information in 3 consecutive turns
         TEST  smape=0.0600  rmse=62.4945  pocid=54.55  mape=0.0579  | FLOOR smape=0.0600
         laya iter 1 -> best_ONLY_DWT_rf conf=0.7796 rank=5
         laya iter 2 -> best_ONLY_DWT_rf conf=0.9549 rank=5
         laya iter 3 -> best_ONLY_DWT_rf conf=0.9549 rank=5
         laya iter 4 -> best_ONLY_DWT_rf conf=0.9549 rank=5
[  34] best_single    score= 0.5180 origin=agent    iters=4 stop=no new information in 3 consecutive turns
         TEST  smape=0.0589  rmse=620.0266  pocid=54.55  mape=0.0607  | FLOOR smape=0.0492
         laya iter 1 -> best_ETS conf=0.7596 rank=1
         laya iter 2 -> best_ETS conf=0.7604 rank=1
         laya iter 3 -> best_ETS conf=0.7604 rank=1
         laya iter 4 -> best_ETS conf=0.7604 rank=1
[  35] best_single    score= 0.6754 origin=agent    iters=4 stop=no new information in 3 consecutive turns
         TEST  smape=0.2007  rmse=95.1889  pocid=81.82  mape=0.2232  | FLOOR smape=0.2042
         laya iter 1 -> best_NaiveMovingAverage conf=0.7017 rank=1
         laya iter 2 -> best_NaiveMovingAverage conf=0.8977 rank=1
         laya iter 3 -> best_NaiveMovingAverage conf=0.8977 rank=1
         laya iter 4 -> best_NaiveMovingAverage conf=0.8977 rank=1
[  36] mean           score= 0.5962 origin=baseline iters=4 stop=no new information in 3 consecutive turns
         TEST  smape=0.1109  rmse=38618.7375  pocid=72.73  mape=0.1194  | FLOOR smape=0.1109
         laya iter 1 -> best_ONLY_FT_rf conf=0.5975 rank=4
         laya iter 2 -> best_ONLY_FT_rf conf=0.9995 rank=4
         laya iter 3 -> best_ONLY_FT_rf conf=0.9995 rank=4
         laya iter 4 -> best_ONLY_FT_rf conf=0.9995 rank=4
[  37] best_single    score= 0.6148 origin=agent    iters=5 stop=no new information in 3 consecutive turns
         TEST  smape=0.1462  rmse=38.4594  pocid=54.55  mape=0.1562  | FLOOR smape=0.2102
         laya iter 1 -> best_ETS conf=0.2321 rank=1
         laya iter 2 -> best_THETA conf=0.2225 rank=2
         laya iter 3 -> median_full conf=0.2858 rank=3
         laya iter 4 -> median_full conf=0.2858 rank=3
         laya iter 5 -> median_full conf=0.2858 rank=3
[  38] best_single    score= 0.5232 origin=agent    iters=5 stop=no new information in 3 consecutive turns
         TEST  smape=0.7710  rmse=5301.5358  pocid=45.45  mape=0.5533  | FLOOR smape=0.7530
         laya iter 1 -> best_ONLY_CWT_catboost conf=0.4577 rank=1
         laya iter 2 -> best_FT_catboost conf=0.6698 rank=2
         laya iter 3 -> best_FT_catboost conf=0.4952 rank=2
         laya iter 4 -> best_FT_catboost conf=0.4952 rank=2
         laya iter 5 -> best_FT_catboost conf=0.4952 rank=2
[  39] median         score= 0.6038 origin=baseline iters=4 stop=no new information in 3 consecutive turns
         TEST  smape=0.0388  rmse=4844.3248  pocid=81.82  mape=0.0398  | FLOOR smape=0.0388
         laya iter 1 -> best_ONLY_CWT_catboost conf=0.7173 rank=5
         laya iter 2 -> best_ONLY_CWT_catboost conf=0.7953 rank=5
         laya iter 3 -> best_ONLY_CWT_catboost conf=0.7953 rank=5
         laya iter 4 -> best_ONLY_CWT_catboost conf=0.7953 rank=5
[  40] best_single    score= 0.5012 origin=agent    iters=5 stop=no new information in 3 consecutive turns
         TEST  smape=0.0333  rmse=4790.0939  pocid=81.82  mape=0.0331  | FLOOR smape=0.0417
         laya iter 1 -> best_ETS conf=0.4006 rank=1
         laya iter 2 -> median_top5 conf=0.4225 rank=9
         laya iter 3 -> median_top5 conf=0.4225 rank=9
         laya iter 4 -> median_top5 conf=0.4225 rank=9
         laya iter 5 -> median_top5 conf=0.4225 rank=9
[  41] best_single    score= 0.5789 origin=agent    iters=4 stop=no new information in 3 consecutive turns
         TEST  smape=0.1629  rmse=11402.2176  pocid=63.64  mape=0.1494  | FLOOR smape=0.1736
         laya iter 1 -> best_ONLY_DWT_rf conf=0.9852 rank=1
         laya iter 2 -> best_ONLY_DWT_rf conf=0.9888 rank=1
         laya iter 3 -> best_ONLY_DWT_rf conf=0.9888 rank=1
         laya iter 4 -> best_ONLY_DWT_rf conf=0.9888 rank=1
[  42] best_single    score= 0.6719 origin=agent    iters=4 stop=no new information in 3 consecutive turns
         TEST  smape=0.2779  rmse=5.9476  pocid=72.73  mape=0.3310  | FLOOR smape=0.2940
         laya iter 1 -> best_NaiveMovingAverage conf=0.8369 rank=1
         laya iter 2 -> best_NaiveMovingAverage conf=0.6285 rank=1
         laya iter 3 -> best_NaiveMovingAverage conf=0.6285 rank=1
         laya iter 4 -> best_NaiveMovingAverage conf=0.6285 rank=1
[  43] mean           score= 0.5505 origin=baseline iters=4 stop=no new information in 3 consecutive turns
         TEST  smape=0.0858  rmse=1480.1597  pocid=81.82  mape=0.0838  | FLOOR smape=0.0858
         laya iter 1 -> median_top5 conf=0.4142 rank=5
         laya iter 2 -> median_top5 conf=0.6435 rank=5
         laya iter 3 -> median_top5 conf=0.6435 rank=5
         laya iter 4 -> median_top5 conf=0.6435 rank=5
[  44] best_single    score= 0.6606 origin=agent    iters=4 stop=no new information in 3 consecutive turns
         TEST  smape=0.5891  rmse=4845.1696  pocid=54.55  mape=1.2415  | FLOOR smape=0.5948
         laya iter 1 -> best_FT_catboost conf=0.4788 rank=1
         laya iter 2 -> best_FT_catboost conf=0.9803 rank=1
         laya iter 3 -> best_FT_catboost conf=0.9803 rank=1
         laya iter 4 -> best_FT_catboost conf=0.9803 rank=1
[  45] best_single    score= 0.5014 origin=agent    iters=4 stop=no new information in 3 consecutive turns
         TEST  smape=0.3127  rmse=5445.2251  pocid=36.36  mape=0.2611  | FLOOR smape=0.2695
         laya iter 1 -> best_ONLY_FT_rf conf=0.8235 rank=1
         laya iter 2 -> best_ONLY_FT_rf conf=0.7613 rank=1
         laya iter 3 -> best_ONLY_FT_rf conf=0.7613 rank=1
         laya iter 4 -> best_ONLY_FT_rf conf=0.7613 rank=1
[  46] best_single    score= 0.6269 origin=agent    iters=5 stop=no new information in 3 consecutive turns
         TEST  smape=0.0912  rmse=10400.5618  pocid=72.73  mape=0.1040  | FLOOR smape=0.1677
         laya iter 1 -> best_ONLY_FT_catboost conf=0.6896 rank=1
         laya iter 2 -> best_FT_catboost conf=0.696 rank=1
         laya iter 3 -> best_ONLY_FT_catboost conf=0.7584 rank=2
         laya iter 4 -> best_ONLY_FT_catboost conf=0.7584 rank=2
         laya iter 5 -> best_ONLY_FT_catboost conf=0.7584 rank=2
[  47] mean           score= 0.5673 origin=baseline iters=4 stop=no new information in 3 consecutive turns
         TEST  smape=0.1329  rmse=402.7202  pocid=90.91  mape=0.1485  | FLOOR smape=0.1329
         laya iter 1 -> best_THETA conf=0.4905 rank=9
         laya iter 2 -> best_THETA conf=0.4905 rank=9
         laya iter 3 -> best_THETA conf=0.4905 rank=9
         laya iter 4 -> best_THETA conf=0.4905 rank=9
[  48] best_single    score= 0.5721 origin=agent    iters=4 stop=no new information in 3 consecutive turns
         TEST  smape=0.3075  rmse=367.5940  pocid=45.45  mape=0.2532  | FLOOR smape=0.3216
         laya iter 1 -> best_ONLY_DWT_rf conf=0.5147 rank=1
         laya iter 2 -> best_ONLY_DWT_rf conf=0.3762 rank=1
         laya iter 3 -> best_ONLY_DWT_rf conf=0.3762 rank=1
         laya iter 4 -> best_ONLY_DWT_rf conf=0.3762 rank=1
[  49] dba            score= 0.6288 origin=baseline iters=4 stop=no new information in 3 consecutive turns
         TEST  smape=0.2523  rmse=2299.8628  pocid=27.27  mape=0.2116  | FLOOR smape=0.2523
         laya iter 1 -> best_ONLY_CWT_rf conf=0.9562 rank=2
         laya iter 2 -> best_ONLY_CWT_rf conf=0.8692 rank=2
         laya iter 3 -> best_ONLY_CWT_rf conf=0.8692 rank=2
         laya iter 4 -> best_ONLY_CWT_rf conf=0.8692 rank=2
[  50] trimmed_mean   score= 0.6647 origin=baseline iters=4 stop=no new information in 3 consecutive turns
         TEST  smape=0.1063  rmse=84.8195  pocid=45.45  mape=0.1037  | FLOOR smape=0.1063
         laya iter 1 -> best_FT_rf conf=0.5715 rank=2
         laya iter 2 -> best_FT_rf conf=0.6928 rank=2
         laya iter 3 -> best_FT_rf conf=0.6928 rank=2
         laya iter 4 -> best_FT_rf conf=0.6928 rank=2
[  51] dba            score= 0.6584 origin=baseline iters=4 stop=no new information in 3 consecutive turns
         TEST  smape=0.1676  rmse=7.7880  pocid=72.73  mape=0.1846  | FLOOR smape=0.1676
         laya iter 1 -> best_ONLY_FT_rf conf=0.7045 rank=2
         laya iter 2 -> best_ONLY_FT_rf conf=0.7697 rank=2
         laya iter 3 -> best_ONLY_FT_rf conf=0.7697 rank=2
         laya iter 4 -> best_ONLY_FT_rf conf=0.7697 rank=2
[  52] trimmed_mean   score= 0.5589 origin=baseline iters=4 stop=no new information in 3 consecutive turns
         TEST  smape=0.1344  rmse=3056.9489  pocid=63.64  mape=0.1421  | FLOOR smape=0.1344
         laya iter 1 -> best_ONLY_FT_catboost conf=0.5248 rank=2
         laya iter 2 -> best_ONLY_FT_catboost conf=0.8941 rank=2
         laya iter 3 -> best_ONLY_FT_catboost conf=0.8941 rank=2
         laya iter 4 -> best_ONLY_FT_catboost conf=0.8941 rank=2
[  53] mean           score= 0.6485 origin=baseline iters=5 stop=no new information in 3 consecutive turns
         TEST  smape=0.0757  rmse=1762.7107  pocid=63.64  mape=0.0728  | FLOOR smape=0.0757
         laya iter 1 -> best_ONLY_DWT_catboost conf=0.819 rank=3
         laya iter 2 -> median_top5 conf=0.6262 rank=10
         laya iter 3 -> median_top5 conf=0.6262 rank=10
         laya iter 4 -> median_top5 conf=0.6262 rank=10
         laya iter 5 -> median_top5 conf=0.6262 rank=10
[  54] best_single    score= 0.5629 origin=agent    iters=4 stop=no new information in 3 consecutive turns
         TEST  smape=0.2401  rmse=1510.5177  pocid=63.64  mape=0.2071  | FLOOR smape=0.2612
         laya iter 1 -> best_ONLY_FT_catboost conf=0.8318 rank=1
         laya iter 2 -> best_ONLY_FT_catboost conf=0.9847 rank=1
         laya iter 3 -> best_ONLY_FT_catboost conf=0.9847 rank=1
         laya iter 4 -> best_ONLY_FT_catboost conf=0.9847 rank=1
[  55] best_single    score= 0.3900 origin=agent    iters=4 stop=no new information in 3 consecutive turns
         TEST  smape=0.1876  rmse=948.8940  pocid=72.73  mape=0.1672  | FLOOR smape=0.1207
         laya iter 1 -> best_ARIMA conf=0.3961 rank=1
         laya iter 2 -> best_ARIMA conf=0.3721 rank=1
         laya iter 3 -> best_ARIMA conf=0.3721 rank=1
         laya iter 4 -> best_ARIMA conf=0.3721 rank=1
[  56] best_single    score= 0.5531 origin=agent    iters=4 stop=no new information in 3 consecutive turns
         TEST  smape=0.1575  rmse=366.8919  pocid=54.55  mape=0.1755  | FLOOR smape=0.1550
         laya iter 1 -> best_ONLY_DWT_catboost conf=0.4291 rank=1
         laya iter 2 -> best_ONLY_DWT_catboost conf=0.8999 rank=1
         laya iter 3 -> best_ONLY_DWT_catboost conf=0.8999 rank=1
         laya iter 4 -> best_ONLY_DWT_catboost conf=0.8999 rank=1
[  57] best_single    score= 0.6220 origin=agent    iters=4 stop=no new information in 3 consecutive turns
         TEST  smape=0.3284  rmse=5757.8613  pocid=63.64  mape=0.3114  | FLOOR smape=0.3214
         laya iter 1 -> best_ONLY_CWT_rf conf=0.6064 rank=1
         laya iter 2 -> best_ONLY_CWT_rf conf=0.4724 rank=1
         laya iter 3 -> best_ONLY_CWT_rf conf=0.4724 rank=1
         laya iter 4 -> best_ONLY_CWT_rf conf=0.4724 rank=1
[  58] best_single    score= 0.6832 origin=agent    iters=4 stop=no new information in 3 consecutive turns
         TEST  smape=0.1428  rmse=71.5079  pocid=45.45  mape=0.1423  | FLOOR smape=0.1508
         laya iter 1 -> best_NaiveMovingAverage conf=0.4285 rank=1
         laya iter 2 -> best_NaiveMovingAverage conf=0.9795 rank=1
         laya iter 3 -> best_NaiveMovingAverage conf=0.9795 rank=1
         laya iter 4 -> best_NaiveMovingAverage conf=0.9795 rank=1
[  59] best_single    score= 0.6692 origin=agent    iters=4 stop=no new information in 3 consecutive turns
         TEST  smape=0.3002  rmse=2325.6514  pocid=45.45  mape=0.2535  | FLOOR smape=0.2581
         laya iter 1 -> best_NaiveMovingAverage conf=0.431 rank=1
         laya iter 2 -> best_NaiveMovingAverage conf=0.4928 rank=1
         laya iter 3 -> best_NaiveMovingAverage conf=0.4928 rank=1
         laya iter 4 -> best_NaiveMovingAverage conf=0.4928 rank=1
[  60] best_single    score= 0.6435 origin=agent    iters=4 stop=no new information in 3 consecutive turns
         TEST  smape=0.0313  rmse=4647.3382  pocid=72.73  mape=0.0318  | FLOOR smape=0.0323
         laya iter 1 -> best_ONLY_CWT_rf conf=0.5751 rank=1
         laya iter 2 -> best_ONLY_CWT_rf conf=0.7706 rank=1
         laya iter 3 -> best_ONLY_CWT_rf conf=0.7706 rank=1
         laya iter 4 -> best_ONLY_CWT_rf conf=0.7706 rank=1
[  61] best_single    score= 0.5823 origin=agent    iters=4 stop=no new information in 3 consecutive turns
         TEST  smape=0.2666  rmse=6281.7458  pocid=63.64  mape=0.2328  | FLOOR smape=0.3027
         laya iter 1 -> best_ONLY_CWT_rf conf=0.7693 rank=1
         laya iter 2 -> best_ONLY_CWT_rf conf=0.7683 rank=1
         laya iter 3 -> best_ONLY_CWT_rf conf=0.7683 rank=1
         laya iter 4 -> best_ONLY_CWT_rf conf=0.7683 rank=1
[  62] dba            score= 0.6710 origin=baseline iters=5 stop=no new information in 3 consecutive turns
         TEST  smape=0.1001  rmse=14267.5998  pocid=36.36  mape=0.1067  | FLOOR smape=0.1001
         laya iter 1 -> best_ONLY_DWT_catboost conf=0.6452 rank=4
         laya iter 2 -> best_ETS conf=0.9372 rank=10
         laya iter 3 -> best_ETS conf=0.9372 rank=10
         laya iter 4 -> best_ETS conf=0.9372 rank=10
         laya iter 5 -> best_ETS conf=0.9372 rank=10
[  63] trimmed_mean   score= 0.5225 origin=baseline iters=4 stop=no new information in 3 consecutive turns
         TEST  smape=0.2984  rmse=4232.1421  pocid=36.36  mape=0.2577  | FLOOR smape=0.2984
         laya iter 1 -> best_NaiveMovingAverage conf=1.0 rank=3
         laya iter 2 -> best_NaiveMovingAverage conf=0.9986 rank=3
         laya iter 3 -> best_NaiveMovingAverage conf=0.9986 rank=3
         laya iter 4 -> best_NaiveMovingAverage conf=0.9986 rank=3
[  64] best_single    score= 0.6147 origin=agent    iters=4 stop=no new information in 3 consecutive turns
         TEST  smape=0.4975  rmse=29.4514  pocid=90.91  mape=0.6124  | FLOOR smape=0.4520
         laya iter 1 -> best_ONLY_DWT_rf conf=0.3856 rank=1
         laya iter 2 -> best_ONLY_DWT_rf conf=0.5776 rank=1
         laya iter 3 -> best_ONLY_DWT_rf conf=0.5776 rank=1
         laya iter 4 -> best_ONLY_DWT_rf conf=0.5776 rank=1
[  65] best_single    score= 0.5327 origin=agent    iters=4 stop=no new information in 3 consecutive turns
         TEST  smape=0.0735  rmse=6762.5307  pocid=72.73  mape=0.0774  | FLOOR smape=0.1016
         laya iter 1 -> best_THETA conf=0.8272 rank=1
         laya iter 2 -> best_THETA conf=0.7877 rank=1
         laya iter 3 -> best_THETA conf=0.7877 rank=1
         laya iter 4 -> best_THETA conf=0.7877 rank=1
[  66] best_single    score= 0.5572 origin=agent    iters=4 stop=no new information in 3 consecutive turns
         TEST  smape=0.4399  rmse=24713.5621  pocid=27.27  mape=0.7421  | FLOOR smape=0.4457
         laya iter 1 -> best_FT_rf conf=0.8047 rank=1
         laya iter 2 -> best_FT_rf conf=0.9315 rank=1
         laya iter 3 -> best_FT_rf conf=0.9315 rank=1
         laya iter 4 -> best_FT_rf conf=0.9315 rank=1
[  67] best_single    score= 0.6378 origin=agent    iters=4 stop=no new information in 3 consecutive turns
         TEST  smape=0.0381  rmse=673.3498  pocid=90.91  mape=0.0376  | FLOOR smape=0.0473
         laya iter 1 -> best_ETS conf=0.7006 rank=1
         laya iter 2 -> best_ETS conf=0.7307 rank=1
         laya iter 3 -> best_ETS conf=0.7307 rank=1
         laya iter 4 -> best_ETS conf=0.7307 rank=1
[  68] mean           score= 0.6545 origin=baseline iters=4 stop=no new information in 3 consecutive turns
         TEST  smape=0.1450  rmse=9765.7560  pocid=72.73  mape=0.1580  | FLOOR smape=0.1450
         laya iter 1 -> best_ONLY_FT_rf conf=0.8512 rank=6
         laya iter 2 -> best_ONLY_FT_rf conf=0.9189 rank=6
         laya iter 3 -> best_ONLY_FT_rf conf=0.9189 rank=6
         laya iter 4 -> best_ONLY_FT_rf conf=0.9189 rank=6
[  69] best_single    score= 0.5607 origin=agent    iters=4 stop=no new information in 3 consecutive turns
         TEST  smape=0.9291  rmse=1635.2867  pocid=81.82  mape=1.2997  | FLOOR smape=0.9523
         laya iter 1 -> best_ONLY_FT_rf conf=0.9318 rank=1
         laya iter 2 -> best_ONLY_FT_rf conf=0.6374 rank=1
         laya iter 3 -> best_ONLY_FT_rf conf=0.6374 rank=1
         laya iter 4 -> best_ONLY_FT_rf conf=0.6374 rank=1
[  70] best_single    score= 0.6641 origin=agent    iters=4 stop=no new information in 3 consecutive turns
         TEST  smape=0.1232  rmse=5523.7034  pocid=63.64  mape=0.1167  | FLOOR smape=0.1397
         laya iter 1 -> best_ONLY_DWT_rf conf=0.9632 rank=1
         laya iter 2 -> best_ONLY_DWT_rf conf=0.9429 rank=1
         laya iter 3 -> best_ONLY_DWT_rf conf=0.9429 rank=1
         laya iter 4 -> best_ONLY_DWT_rf conf=0.9429 rank=1
[  71] trimmed_mean   score= 0.6224 origin=baseline iters=5 stop=no new information in 3 consecutive turns
         TEST  smape=0.2199  rmse=6568.6229  pocid=45.45  mape=0.1854  | FLOOR smape=0.2199
         laya iter 1 -> median_stable7 conf=0.4549 rank=3
         laya iter 2 -> median_top5 conf=0.6091 rank=8
         laya iter 3 -> median_top5 conf=0.6091 rank=8
         laya iter 4 -> median_top5 conf=0.6091 rank=8
         laya iter 5 -> median_top5 conf=0.6091 rank=8
[  72] dba            score= 0.6517 origin=baseline iters=4 stop=no new information in 3 consecutive turns
         TEST  smape=0.0342  rmse=11665.6296  pocid=36.36  mape=0.0342  | FLOOR smape=0.0342
         laya iter 1 -> best_ONLY_FT_rf conf=0.8582 rank=3
         laya iter 2 -> best_ONLY_FT_rf conf=0.9237 rank=3
         laya iter 3 -> best_ONLY_FT_rf conf=0.9237 rank=3
         laya iter 4 -> best_ONLY_FT_rf conf=0.9237 rank=3
[  73] mean           score= 0.6353 origin=baseline iters=4 stop=no new information in 3 consecutive turns
         TEST  smape=0.0870  rmse=38650.9362  pocid=81.82  mape=0.0926  | FLOOR smape=0.0870
         laya iter 1 -> best_DWT_rf conf=0.7332 rank=10
         laya iter 2 -> best_DWT_rf conf=0.7332 rank=10
         laya iter 3 -> best_DWT_rf conf=0.7332 rank=10
         laya iter 4 -> best_DWT_rf conf=0.7332 rank=10
[  74] median         score= 0.6686 origin=baseline iters=4 stop=no new information in 3 consecutive turns
         TEST  smape=0.1027  rmse=5827.0449  pocid=63.64  mape=0.1091  | FLOOR smape=0.1027
         laya iter 1 -> best_ONLY_DWT_catboost conf=0.7032 rank=3
         laya iter 2 -> best_ONLY_DWT_catboost conf=0.6534 rank=3
         laya iter 3 -> best_ONLY_DWT_catboost conf=0.6534 rank=3
         laya iter 4 -> best_ONLY_DWT_catboost conf=0.6534 rank=3
[  75] median         score= 0.6521 origin=baseline iters=4 stop=no new information in 3 consecutive turns
         TEST  smape=0.0775  rmse=1180.3603  pocid=63.64  mape=0.0763  | FLOOR smape=0.0775
         laya iter 1 -> best_ONLY_DWT_rf conf=0.8942 rank=4
         laya iter 2 -> best_ONLY_DWT_rf conf=0.8804 rank=4
         laya iter 3 -> best_ONLY_DWT_rf conf=0.8804 rank=4
         laya iter 4 -> best_ONLY_DWT_rf conf=0.8804 rank=4
[  76] best_single    score= 0.4201 origin=agent    iters=4 stop=no new information in 3 consecutive turns
         TEST  smape=0.0460  rmse=10774.4965  pocid=63.64  mape=0.0451  | FLOOR smape=0.0412
         laya iter 1 -> best_ETS conf=0.4924 rank=1
         laya iter 2 -> best_ETS conf=0.4457 rank=1
         laya iter 3 -> best_ETS conf=0.4457 rank=1
         laya iter 4 -> best_ETS conf=0.4457 rank=1
[  77] median         score= 0.5925 origin=baseline iters=4 stop=no new information in 3 consecutive turns
         TEST  smape=1.1166  rmse=879.5491  pocid=81.82  mape=6.3226  | FLOOR smape=1.1166
         laya iter 1 -> best_ARIMA conf=0.2836 rank=2
         laya iter 2 -> best_ARIMA conf=0.3408 rank=2
         laya iter 3 -> best_ARIMA conf=0.3408 rank=2
         laya iter 4 -> best_ARIMA conf=0.3408 rank=2
[  78] best_single    score= 0.6574 origin=agent    iters=4 stop=no new information in 3 consecutive turns
         TEST  smape=0.3984  rmse=25.9351  pocid=45.45  mape=0.6224  | FLOOR smape=0.3944
         laya iter 1 -> best_ONLY_CWT_catboost conf=0.6772 rank=1
         laya iter 2 -> best_ONLY_CWT_catboost conf=0.6045 rank=1
         laya iter 3 -> best_ONLY_CWT_catboost conf=0.6045 rank=1
         laya iter 4 -> best_ONLY_CWT_catboost conf=0.6045 rank=1
[  79] best_single    score= 0.5894 origin=agent    iters=5 stop=no new information in 3 consecutive turns
         TEST  smape=0.0660  rmse=19801.2922  pocid=72.73  mape=0.0684  | FLOOR smape=0.0659
         laya iter 1 -> best_FT_rf conf=0.6845 rank=1
         laya iter 2 -> best_DWT_rf conf=0.747 rank=2
         laya iter 3 -> best_DWT_rf conf=0.824 rank=2
         laya iter 4 -> best_DWT_rf conf=0.824 rank=2
         laya iter 5 -> best_DWT_rf conf=0.824 rank=2
[  80] best_single    score= 0.5454 origin=agent    iters=4 stop=no new information in 3 consecutive turns
         TEST  smape=0.4100  rmse=31449.0516  pocid=72.73  mape=0.3380  | FLOOR smape=0.2088
         laya iter 1 -> best_ONLY_FT_rf conf=0.8827 rank=1
         laya iter 2 -> best_ONLY_FT_rf conf=0.807 rank=1
         laya iter 3 -> best_ONLY_FT_rf conf=0.807 rank=1
         laya iter 4 -> best_ONLY_FT_rf conf=0.807 rank=1
[  81] best_single    score= 0.6163 origin=agent    iters=4 stop=no new information in 3 consecutive turns
         TEST  smape=0.2934  rmse=1320.2649  pocid=63.64  mape=0.3449  | FLOOR smape=0.2884
         laya iter 1 -> best_NaiveMovingAverage conf=0.5548 rank=1
         laya iter 2 -> best_NaiveMovingAverage conf=0.676 rank=1
         laya iter 3 -> best_NaiveMovingAverage conf=0.676 rank=1
         laya iter 4 -> best_NaiveMovingAverage conf=0.676 rank=1
[  82] best_single    score= 0.6250 origin=agent    iters=4 stop=no new information in 3 consecutive turns
         TEST  smape=0.5854  rmse=26.4483  pocid=27.27  mape=0.8273  | FLOOR smape=0.4143
         laya iter 1 -> best_ONLY_FT_catboost conf=0.9834 rank=1
         laya iter 2 -> best_ONLY_FT_catboost conf=0.987 rank=1
         laya iter 3 -> best_ONLY_FT_catboost conf=0.987 rank=1
         laya iter 4 -> best_ONLY_FT_catboost conf=0.987 rank=1
[  83] best_single    score= 0.5178 origin=agent    iters=4 stop=no new information in 3 consecutive turns
         TEST  smape=0.0365  rmse=2468.1475  pocid=90.91  mape=0.0365  | FLOOR smape=0.0401
         laya iter 1 -> best_ETS conf=0.3481 rank=1
         laya iter 2 -> best_ETS conf=0.2893 rank=1
         laya iter 3 -> best_ETS conf=0.2893 rank=1
         laya iter 4 -> best_ETS conf=0.2893 rank=1
[  84] best_single    score= 0.5051 origin=agent    iters=4 stop=no new information in 3 consecutive turns
         TEST  smape=0.0320  rmse=1412.7829  pocid=63.64  mape=0.0317  | FLOOR smape=0.0389
         laya iter 1 -> best_ETS conf=0.9897 rank=1
         laya iter 2 -> best_ETS conf=0.8913 rank=1
         laya iter 3 -> best_ETS conf=0.8913 rank=1
         laya iter 4 -> best_ETS conf=0.8913 rank=1
[  85] best_single    score= 0.6898 origin=agent    iters=4 stop=no new information in 3 consecutive turns
         TEST  smape=1.3897  rmse=50.9118  pocid=72.73  mape=68487844237277352.0000  | FLOOR smape=1.3540
         laya iter 1 -> best_ONLY_DWT_rf conf=0.5141 rank=1
         laya iter 2 -> best_ONLY_DWT_rf conf=0.6262 rank=1
         laya iter 3 -> best_ONLY_DWT_rf conf=0.6262 rank=1
         laya iter 4 -> best_ONLY_DWT_rf conf=0.6262 rank=1
[  86] median         score= 0.7106 origin=baseline iters=4 stop=no new information in 3 consecutive turns
         TEST  smape=0.6998  rmse=2408.6065  pocid=54.55  mape=0.5351  | FLOOR smape=0.6998
         laya iter 1 -> best_ONLY_CWT_catboost conf=0.7823 rank=4
         laya iter 2 -> best_ONLY_CWT_catboost conf=0.5741 rank=4
         laya iter 3 -> best_ONLY_CWT_catboost conf=0.5741 rank=4
         laya iter 4 -> best_ONLY_CWT_catboost conf=0.5741 rank=4
[  87] mean           score= 0.6545 origin=baseline iters=4 stop=no new information in 3 consecutive turns
         TEST  smape=0.0439  rmse=7446.9473  pocid=90.91  mape=0.0442  | FLOOR smape=0.0439
         laya iter 1 -> best_ONLY_CWT_catboost conf=0.7711 rank=2
         laya iter 2 -> best_ONLY_CWT_catboost conf=0.8811 rank=2
         laya iter 3 -> best_ONLY_CWT_catboost conf=0.8811 rank=2
         laya iter 4 -> best_ONLY_CWT_catboost conf=0.8811 rank=2
[  88] best_single    score= 0.6069 origin=agent    iters=4 stop=no new information in 3 consecutive turns
         TEST  smape=0.2498  rmse=4473.5147  pocid=36.36  mape=0.2188  | FLOOR smape=0.2286
         laya iter 1 -> best_ONLY_FT_catboost conf=0.6951 rank=1
         laya iter 2 -> best_ONLY_FT_catboost conf=0.7422 rank=1
         laya iter 3 -> best_ONLY_FT_catboost conf=0.7422 rank=1
         laya iter 4 -> best_ONLY_FT_catboost conf=0.7422 rank=1
[  89] trimmed_mean   score= 0.6422 origin=baseline iters=4 stop=no new information in 3 consecutive turns
         TEST  smape=0.3305  rmse=3351.9218  pocid=54.55  mape=0.4202  | FLOOR smape=0.3305
         laya iter 1 -> best_NaiveMovingAverage conf=0.4229 rank=9
         laya iter 2 -> best_NaiveMovingAverage conf=0.4229 rank=9
         laya iter 3 -> best_NaiveMovingAverage conf=0.4229 rank=9
         laya iter 4 -> best_NaiveMovingAverage conf=0.4229 rank=9
[  90] best_single    score= 0.6474 origin=agent    iters=4 stop=no new information in 3 consecutive turns
         TEST  smape=0.9551  rmse=829.6796  pocid=72.73  mape=0.6223  | FLOOR smape=0.9555
         laya iter 1 -> best_ONLY_FT_catboost conf=0.7863 rank=1
         laya iter 2 -> best_ONLY_FT_catboost conf=0.8369 rank=1
         laya iter 3 -> best_ONLY_FT_catboost conf=0.8369 rank=1
         laya iter 4 -> best_ONLY_FT_catboost conf=0.8369 rank=1
[  91] dba            score= 0.6106 origin=baseline iters=4 stop=no new information in 3 consecutive turns
         TEST  smape=0.0423  rmse=848.1501  pocid=63.64  mape=0.0436  | FLOOR smape=0.0423
         laya iter 1 -> best_FT_rf conf=0.6813 rank=10
         laya iter 2 -> best_FT_rf conf=0.6813 rank=10
         laya iter 3 -> best_FT_rf conf=0.6813 rank=10
         laya iter 4 -> best_FT_rf conf=0.6813 rank=10
[  92] best_single    score= 0.5472 origin=agent    iters=4 stop=no new information in 3 consecutive turns
         TEST  smape=0.6546  rmse=19.7570  pocid=18.18  mape=10160423202333814.0000  | FLOOR smape=0.6326
         laya iter 1 -> best_DWT_rf conf=0.716 rank=1
         laya iter 2 -> best_DWT_rf conf=0.7437 rank=1
         laya iter 3 -> best_DWT_rf conf=0.7437 rank=1
         laya iter 4 -> best_DWT_rf conf=0.7437 rank=1
[  93] best_single    score= 0.6392 origin=agent    iters=4 stop=no new information in 3 consecutive turns
         TEST  smape=0.4517  rmse=44.4098  pocid=36.36  mape=0.3891  | FLOOR smape=0.5194
         laya iter 1 -> best_ONLY_FT_catboost conf=0.4222 rank=1
         laya iter 2 -> best_ONLY_FT_catboost conf=0.881 rank=1
         laya iter 3 -> best_ONLY_FT_catboost conf=0.881 rank=1
         laya iter 4 -> best_ONLY_FT_catboost conf=0.881 rank=1
[  94] best_single    score= 0.4545 origin=agent    iters=4 stop=no new information in 3 consecutive turns
         TEST  smape=0.0436  rmse=4492.4700  pocid=72.73  mape=0.0428  | FLOOR smape=0.0383
         laya iter 1 -> best_ETS conf=0.6574 rank=1
         laya iter 2 -> best_ETS conf=0.5314 rank=1
         laya iter 3 -> best_ETS conf=0.5314 rank=1
         laya iter 4 -> best_ETS conf=0.5314 rank=1
[  95] best_single    score= 0.5370 origin=agent    iters=4 stop=no new information in 3 consecutive turns
         TEST  smape=0.0347  rmse=1491.9409  pocid=81.82  mape=0.0346  | FLOOR smape=0.0354
         laya iter 1 -> best_ETS conf=0.6188 rank=1
         laya iter 2 -> best_ETS conf=0.7668 rank=1
         laya iter 3 -> best_ETS conf=0.7668 rank=1
         laya iter 4 -> best_ETS conf=0.7668 rank=1
[  96] best_single    score= 0.4543 origin=agent    iters=4 stop=no new information in 3 consecutive turns
         TEST  smape=0.0402  rmse=2389.6496  pocid=72.73  mape=0.0409  | FLOOR smape=0.0448
         laya iter 1 -> best_ETS conf=0.6074 rank=1
         laya iter 2 -> best_ETS conf=0.751 rank=1
         laya iter 3 -> best_ETS conf=0.751 rank=1
         laya iter 4 -> best_ETS conf=0.751 rank=1
[  97] best_single    score= 0.6302 origin=agent    iters=4 stop=no new information in 3 consecutive turns
         TEST  smape=0.0465  rmse=772.1379  pocid=81.82  mape=0.0485  | FLOOR smape=0.0405
         laya iter 1 -> best_ONLY_DWT_catboost conf=0.73 rank=1
         laya iter 2 -> best_ONLY_DWT_catboost conf=0.8583 rank=1
         laya iter 3 -> best_ONLY_DWT_catboost conf=0.8583 rank=1
         laya iter 4 -> best_ONLY_DWT_catboost conf=0.8583 rank=1
[  98] best_single    score= 0.6743 origin=agent    iters=4 stop=no new information in 3 consecutive turns
         TEST  smape=0.2967  rmse=21.9708  pocid=54.55  mape=0.3744  | FLOOR smape=0.2995
         laya iter 1 -> best_ONLY_CWT_catboost conf=0.2454 rank=1
         laya iter 2 -> best_ONLY_CWT_catboost conf=0.4625 rank=1
         laya iter 3 -> best_ONLY_CWT_catboost conf=0.4625 rank=1
         laya iter 4 -> best_ONLY_CWT_catboost conf=0.4625 rank=1
[  99] dba            score= 0.6373 origin=baseline iters=4 stop=no new information in 3 consecutive turns
         TEST  smape=0.0572  rmse=23571.2345  pocid=63.64  mape=0.0586  | FLOOR smape=0.0572
         laya iter 1 -> best_ONLY_FT_rf conf=0.8272 rank=4
         laya iter 2 -> best_ONLY_FT_rf conf=0.979 rank=4
         laya iter 3 -> best_ONLY_FT_rf conf=0.979 rank=4
         laya iter 4 -> best_ONLY_FT_rf conf=0.979 rank=4
[ 100] best_single    score= 0.6453 origin=agent    iters=4 stop=no new information in 3 consecutive turns
         TEST  smape=0.1429  rmse=2013.2417  pocid=45.45  mape=0.1460  | FLOOR smape=0.1284
         laya iter 1 -> best_FT_catboost conf=0.6276 rank=1
         laya iter 2 -> best_FT_catboost conf=0.9746 rank=1
         laya iter 3 -> best_FT_catboost conf=0.9746 rank=1
         laya iter 4 -> best_FT_catboost conf=0.9746 rank=1
[ 101] best_single    score= 0.5164 origin=agent    iters=4 stop=no new information in 3 consecutive turns
         TEST  smape=0.4553  rmse=1818.8257  pocid=45.45  mape=0.3668  | FLOOR smape=0.4370
         laya iter 1 -> best_NaiveMovingAverage conf=0.198 rank=1
         laya iter 2 -> best_NaiveMovingAverage conf=0.5678 rank=1
         laya iter 3 -> best_NaiveMovingAverage conf=0.5678 rank=1
         laya iter 4 -> best_NaiveMovingAverage conf=0.5678 rank=1
[ 102] best_single    score= 0.6202 origin=agent    iters=5 stop=no new information in 3 consecutive turns
         TEST  smape=0.4452  rmse=10725.8392  pocid=54.55  mape=0.3463  | FLOOR smape=0.4447
         laya iter 1 -> best_ONLY_DWT_rf conf=0.9842 rank=1
         laya iter 2 -> best_FT_rf conf=0.7857 rank=1
         laya iter 3 -> best_ONLY_DWT_rf conf=0.7927 rank=2
         laya iter 4 -> best_ONLY_DWT_rf conf=0.7927 rank=2
         laya iter 5 -> best_ONLY_DWT_rf conf=0.7927 rank=2
[ 103] best_single    score= 0.6018 origin=agent    iters=4 stop=no new information in 3 consecutive turns
         TEST  smape=0.0301  rmse=9160.1815  pocid=72.73  mape=0.0297  | FLOOR smape=0.0321
         laya iter 1 -> best_FT_catboost conf=0.8796 rank=1
         laya iter 2 -> best_FT_catboost conf=0.8099 rank=1
         laya iter 3 -> best_FT_catboost conf=0.8099 rank=1
         laya iter 4 -> best_FT_catboost conf=0.8099 rank=1
[ 104] best_single    score= 0.4175 origin=agent    iters=4 stop=no new information in 3 consecutive turns
         TEST  smape=0.6327  rmse=6.1996  pocid=45.45  mape=13123752557061846.0000  | FLOOR smape=0.6929
         laya iter 1 -> best_ONLY_FT_rf conf=0.8747 rank=1
         laya iter 2 -> best_ONLY_FT_rf conf=0.5664 rank=1
         laya iter 3 -> best_ONLY_FT_rf conf=0.5664 rank=1
         laya iter 4 -> best_ONLY_FT_rf conf=0.5664 rank=1
[ 105] best_single    score= 0.6629 origin=agent    iters=4 stop=no new information in 3 consecutive turns
         TEST  smape=0.0382  rmse=325.7073  pocid=54.55  mape=0.0378  | FLOOR smape=0.0380
         laya iter 1 -> best_ONLY_CWT_rf conf=0.6965 rank=1
         laya iter 2 -> best_ONLY_CWT_rf conf=0.9039 rank=1
         laya iter 3 -> best_ONLY_CWT_rf conf=0.9039 rank=1
         laya iter 4 -> best_ONLY_CWT_rf conf=0.9039 rank=1
[ 106] best_single    score= 0.4712 origin=agent    iters=4 stop=no new information in 3 consecutive turns
         TEST  smape=0.0526  rmse=163.7899  pocid=81.82  mape=0.0509  | FLOOR smape=0.0383
         laya iter 1 -> best_ETS conf=0.6432 rank=1
         laya iter 2 -> best_ETS conf=0.9209 rank=1
         laya iter 3 -> best_ETS conf=0.9209 rank=1
         laya iter 4 -> best_ETS conf=0.9209 rank=1
[ 107] best_single    score= 0.5651 origin=agent    iters=5 stop=no new information in 3 consecutive turns
         TEST  smape=0.0495  rmse=1294.8924  pocid=63.64  mape=0.0486  | FLOOR smape=0.0479
         laya iter 1 -> best_ETS conf=0.5897 rank=1
         laya iter 2 -> best_DWT_rf conf=0.6494 rank=2
         laya iter 3 -> best_DWT_rf conf=0.6892 rank=2
         laya iter 4 -> best_DWT_rf conf=0.6892 rank=2
         laya iter 5 -> best_DWT_rf conf=0.6892 rank=2
[ 108] best_single    score= 0.5179 origin=agent    iters=4 stop=no new information in 3 consecutive turns
         TEST  smape=0.0325  rmse=1460.3561  pocid=81.82  mape=0.0318  | FLOOR smape=0.0252
         laya iter 1 -> best_ONLY_CWT_catboost conf=0.6215 rank=1
         laya iter 2 -> best_ONLY_CWT_catboost conf=0.5952 rank=1
         laya iter 3 -> best_ONLY_CWT_catboost conf=0.5952 rank=1
         laya iter 4 -> best_ONLY_CWT_catboost conf=0.5952 rank=1
[ 109] best_single    score= 0.5925 origin=agent    iters=5 stop=no new information in 3 consecutive turns
         TEST  smape=0.0277  rmse=2589.3627  pocid=72.73  mape=0.0280  | FLOOR smape=0.0301
         laya iter 1 -> best_ETS conf=0.3947 rank=1
         laya iter 2 -> median_top5 conf=0.4096 rank=2
         laya iter 3 -> best_ETS conf=0.447 rank=1
         laya iter 4 -> best_ETS conf=0.447 rank=1
         laya iter 5 -> best_ETS conf=0.447 rank=1
[ 110] best_single    score= 0.5830 origin=agent    iters=4 stop=no new information in 3 consecutive turns
         TEST  smape=0.2620  rmse=52881.1964  pocid=45.45  mape=0.2285  | FLOOR smape=0.0561
         laya iter 1 -> best_NaiveMovingAverage conf=0.8269 rank=1
         laya iter 2 -> best_NaiveMovingAverage conf=0.8443 rank=1
         laya iter 3 -> best_NaiveMovingAverage conf=0.8443 rank=1
         laya iter 4 -> best_NaiveMovingAverage conf=0.8443 rank=1
[ 111] best_single    score= 0.6642 origin=agent    iters=4 stop=no new information in 3 consecutive turns
         TEST  smape=0.2433  rmse=32.8290  pocid=45.45  mape=0.2805  | FLOOR smape=0.2334
         laya iter 1 -> best_ONLY_FT_rf conf=0.4855 rank=1
         laya iter 2 -> best_ONLY_FT_rf conf=0.611 rank=1
         laya iter 3 -> best_ONLY_FT_rf conf=0.611 rank=1
         laya iter 4 -> best_ONLY_FT_rf conf=0.611 rank=1
[ 112] median         score= 0.6222 origin=baseline iters=6 stop=no new information in 3 consecutive turns
         TEST  smape=0.0412  rmse=55656.8059  pocid=90.91  mape=0.0415  | FLOOR smape=0.0412
         laya iter 1 -> best_ONLY_DWT_catboost conf=0.5369 rank=3
         laya iter 2 -> best_ONLY_DWT_rf conf=0.5263 rank=3
         laya iter 3 -> median_top5 conf=0.4623 rank=12
         laya iter 4 -> median_top5 conf=0.4623 rank=12
         laya iter 5 -> median_top5 conf=0.4623 rank=12
         laya iter 6 -> median_top5 conf=0.4623 rank=12
[ 113] mean           score= 0.6586 origin=baseline iters=4 stop=no new information in 3 consecutive turns
         TEST  smape=0.1842  rmse=50.2683  pocid=54.55  mape=0.1987  | FLOOR smape=0.1842
         laya iter 1 -> best_ONLY_FT_catboost conf=0.7022 rank=3
         laya iter 2 -> best_ONLY_FT_catboost conf=0.6339 rank=3
         laya iter 3 -> best_ONLY_FT_catboost conf=0.6339 rank=3
         laya iter 4 -> best_ONLY_FT_catboost conf=0.6339 rank=3
[ 114] best_single    score= 0.6191 origin=agent    iters=6 stop=no new information in 3 consecutive turns
         TEST  smape=0.0529  rmse=1328.4382  pocid=63.64  mape=0.0531  | FLOOR smape=0.0493
         laya iter 1 -> median_stable7 conf=0.3764 rank=4
         laya iter 2 -> median_top5 conf=0.5773 rank=1
         laya iter 3 -> best_NaiveSeasonal conf=0.5911 rank=1
         laya iter 4 -> best_NaiveSeasonal conf=1.0 rank=1
         laya iter 5 -> best_NaiveSeasonal conf=1.0 rank=1
         laya iter 6 -> best_NaiveSeasonal conf=1.0 rank=1
[ 115] mean           score= 0.6286 origin=baseline iters=4 stop=no new information in 3 consecutive turns
         TEST  smape=0.5585  rmse=21.5391  pocid=45.45  mape=15702490422335918.0000  | FLOOR smape=0.5585
         laya iter 1 -> best_ONLY_FT_rf conf=0.3822 rank=3
         laya iter 2 -> best_ONLY_FT_rf conf=0.6621 rank=3
         laya iter 3 -> best_ONLY_FT_rf conf=0.6621 rank=3
         laya iter 4 -> best_ONLY_FT_rf conf=0.6621 rank=3
[ 116] best_single    score= 0.5276 origin=agent    iters=4 stop=no new information in 3 consecutive turns
         TEST  smape=0.0726  rmse=30262.8300  pocid=72.73  mape=0.0699  | FLOOR smape=0.0569
         laya iter 1 -> best_catboost conf=0.6231 rank=1
         laya iter 2 -> best_catboost conf=0.7085 rank=1
         laya iter 3 -> best_catboost conf=0.7085 rank=1
         laya iter 4 -> best_catboost conf=0.7085 rank=1
[ 117] best_single    score= 0.4384 origin=agent    iters=4 stop=no new information in 3 consecutive turns
         TEST  smape=0.0343  rmse=542.2716  pocid=72.73  mape=0.0343  | FLOOR smape=0.0371
         laya iter 1 -> best_ETS conf=0.8637 rank=1
         laya iter 2 -> best_ETS conf=0.7366 rank=1
         laya iter 3 -> best_ETS conf=0.7366 rank=1
         laya iter 4 -> best_ETS conf=0.7366 rank=1
[ 118] mean           score= 0.6667 origin=baseline iters=4 stop=no new information in 3 consecutive turns
         TEST  smape=0.0440  rmse=13612.0071  pocid=63.64  mape=0.0428  | FLOOR smape=0.0440
         laya iter 1 -> best_FT_rf conf=0.7765 rank=4
         laya iter 2 -> best_FT_rf conf=0.6971 rank=4
         laya iter 3 -> best_FT_rf conf=0.6971 rank=4
         laya iter 4 -> best_FT_rf conf=0.6971 rank=4
[ 119] best_single    score= 0.5989 origin=agent    iters=4 stop=no new information in 3 consecutive turns
         TEST  smape=0.2956  rmse=4664.0933  pocid=63.64  mape=0.2374  | FLOOR smape=0.4791
         laya iter 1 -> best_DWT_rf conf=0.4398 rank=1
         laya iter 2 -> best_DWT_rf conf=0.7092 rank=1
         laya iter 3 -> best_DWT_rf conf=0.7092 rank=1
         laya iter 4 -> best_DWT_rf conf=0.7092 rank=1
[ 120] best_single    score= 0.5304 origin=agent    iters=4 stop=no new information in 3 consecutive turns
         TEST  smape=0.0303  rmse=9902.1535  pocid=72.73  mape=0.0305  | FLOOR smape=0.0351
         laya iter 1 -> best_ETS conf=0.5648 rank=1
         laya iter 2 -> best_ETS conf=0.4772 rank=1
         laya iter 3 -> best_ETS conf=0.4772 rank=1
         laya iter 4 -> best_ETS conf=0.4772 rank=1
[ 121] mean           score= 0.5881 origin=baseline iters=4 stop=no new information in 3 consecutive turns
         TEST  smape=0.0688  rmse=2714.2835  pocid=54.55  mape=0.0660  | FLOOR smape=0.0688
         laya iter 1 -> best_ETS conf=0.6159 rank=7
         laya iter 2 -> best_ETS conf=0.6159 rank=7
         laya iter 3 -> best_ETS conf=0.6159 rank=7
         laya iter 4 -> best_ETS conf=0.6159 rank=7
[ 122] trimmed_mean   score= 0.6140 origin=baseline iters=4 stop=no new information in 3 consecutive turns
         TEST  smape=0.0575  rmse=8654.2656  pocid=63.64  mape=0.0550  | FLOOR smape=0.0575
         laya iter 1 -> best_DWT_catboost conf=0.2645 rank=4
         laya iter 2 -> best_DWT_catboost conf=0.4398 rank=4
         laya iter 3 -> best_DWT_catboost conf=0.4398 rank=4
         laya iter 4 -> best_DWT_catboost conf=0.4398 rank=4
[ 123] dba            score= 0.6112 origin=baseline iters=4 stop=no new information in 3 consecutive turns
         TEST  smape=0.0373  rmse=546.9746  pocid=90.91  mape=0.0376  | FLOOR smape=0.0373
         laya iter 1 -> best_FT_catboost conf=0.6816 rank=4
         laya iter 2 -> best_FT_catboost conf=0.5167 rank=4
         laya iter 3 -> best_FT_catboost conf=0.5167 rank=4
         laya iter 4 -> best_FT_catboost conf=0.5167 rank=4
[ 124] best_single    score= 0.6345 origin=agent    iters=4 stop=no new information in 3 consecutive turns
         TEST  smape=0.2641  rmse=12.2221  pocid=18.18  mape=0.2989  | FLOOR smape=0.2624
         laya iter 1 -> best_NaiveMovingAverage conf=0.6384 rank=1
         laya iter 2 -> best_NaiveMovingAverage conf=0.986 rank=1
         laya iter 3 -> best_NaiveMovingAverage conf=0.986 rank=1
         laya iter 4 -> best_NaiveMovingAverage conf=0.986 rank=1
[ 125] mean           score= 0.7030 origin=baseline iters=4 stop=no new information in 3 consecutive turns
         TEST  smape=0.2661  rmse=21.4886  pocid=63.64  mape=0.5655  | FLOOR smape=0.2661
         laya iter 1 -> best_NaiveMovingAverage conf=0.7968 rank=5
         laya iter 2 -> best_NaiveMovingAverage conf=0.8072 rank=5
         laya iter 3 -> best_NaiveMovingAverage conf=0.8072 rank=5
         laya iter 4 -> best_NaiveMovingAverage conf=0.8072 rank=5
[ 126] best_single    score= 0.6821 origin=agent    iters=4 stop=no new information in 3 consecutive turns
         TEST  smape=0.6607  rmse=7.4004  pocid=63.64  mape=3.8161  | FLOOR smape=0.6310
         laya iter 1 -> best_FT_rf conf=0.3854 rank=1
         laya iter 2 -> best_FT_rf conf=0.4387 rank=1
         laya iter 3 -> best_FT_rf conf=0.4387 rank=1
         laya iter 4 -> best_FT_rf conf=0.4387 rank=1
[ 127] trimmed_mean   score= 0.5431 origin=baseline iters=4 stop=no new information in 3 consecutive turns
         TEST  smape=0.0395  rmse=13916.3406  pocid=81.82  mape=0.0400  | FLOOR smape=0.0395
         laya iter 1 -> best_ONLY_CWT_rf conf=0.6643 rank=3
         laya iter 2 -> best_ONLY_CWT_rf conf=0.5132 rank=3
         laya iter 3 -> best_ONLY_CWT_rf conf=0.5132 rank=3
         laya iter 4 -> best_ONLY_CWT_rf conf=0.5132 rank=3
[ 128] best_single    score= 0.5857 origin=agent    iters=4 stop=no new information in 3 consecutive turns
         TEST  smape=0.0323  rmse=295.3230  pocid=72.73  mape=0.0323  | FLOOR smape=0.0360
         laya iter 1 -> best_ETS conf=0.6665 rank=1
         laya iter 2 -> best_ETS conf=0.6798 rank=1
         laya iter 3 -> best_ETS conf=0.6798 rank=1
         laya iter 4 -> best_ETS conf=0.6798 rank=1
[ 129] mean           score= 0.4777 origin=baseline iters=4 stop=no new information in 3 consecutive turns
         TEST  smape=0.0366  rmse=3704.4067  pocid=72.73  mape=0.0366  | FLOOR smape=0.0366
         laya iter 1 -> best_DWT_rf conf=0.9759 rank=3
         laya iter 2 -> best_DWT_rf conf=0.9772 rank=3
         laya iter 3 -> best_DWT_rf conf=0.9772 rank=3
         laya iter 4 -> best_DWT_rf conf=0.9772 rank=3
[ 130] best_single    score= 0.5539 origin=agent    iters=4 stop=no new information in 3 consecutive turns
         TEST  smape=0.0531  rmse=2300.6056  pocid=81.82  mape=0.0521  | FLOOR smape=0.0515
         laya iter 1 -> best_ETS conf=0.8905 rank=1
         laya iter 2 -> best_ETS conf=0.9244 rank=1
         laya iter 3 -> best_ETS conf=0.9244 rank=1
         laya iter 4 -> best_ETS conf=0.9244 rank=1
[ 131] best_single    score= 0.5913 origin=agent    iters=4 stop=no new information in 3 consecutive turns
         TEST  smape=0.0923  rmse=4359.1131  pocid=63.64  mape=0.0873  | FLOOR smape=0.0832
         laya iter 1 -> best_FT_catboost conf=0.7793 rank=1
         laya iter 2 -> best_FT_catboost conf=0.7347 rank=1
         laya iter 3 -> best_FT_catboost conf=0.7347 rank=1
         laya iter 4 -> best_FT_catboost conf=0.7347 rank=1
[ 132] best_single    score= 0.6920 origin=agent    iters=4 stop=no new information in 3 consecutive turns
         TEST  smape=0.2520  rmse=12.0125  pocid=54.55  mape=0.2646  | FLOOR smape=0.2510
         laya iter 1 -> best_NaiveMovingAverage conf=0.3743 rank=1
         laya iter 2 -> best_NaiveMovingAverage conf=0.428 rank=1
         laya iter 3 -> best_NaiveMovingAverage conf=0.428 rank=1
         laya iter 4 -> best_NaiveMovingAverage conf=0.428 rank=1
[ 133] best_single    score= 0.5465 origin=agent    iters=4 stop=no new information in 3 consecutive turns
         TEST  smape=0.1680  rmse=50.7960  pocid=72.73  mape=0.1892  | FLOOR smape=0.1799
         laya iter 1 -> best_ETS conf=0.578 rank=1
         laya iter 2 -> best_ETS conf=0.8535 rank=1
         laya iter 3 -> best_ETS conf=0.8535 rank=1
         laya iter 4 -> best_ETS conf=0.8535 rank=1
[ 134] best_single    score= 0.6199 origin=agent    iters=4 stop=no new information in 3 consecutive turns
         TEST  smape=0.0654  rmse=4271.2548  pocid=72.73  mape=0.0643  | FLOOR smape=0.0679
         laya iter 1 -> best_ONLY_DWT_catboost conf=0.9738 rank=1
         laya iter 2 -> best_ONLY_DWT_catboost conf=0.8696 rank=1
         laya iter 3 -> best_ONLY_DWT_catboost conf=0.8696 rank=1
         laya iter 4 -> best_ONLY_DWT_catboost conf=0.8696 rank=1
[ 135] best_single    score= 0.6135 origin=agent    iters=5 stop=no new information in 3 consecutive turns
         TEST  smape=0.4661  rmse=13.7034  pocid=63.64  mape=0.7612  | FLOOR smape=0.4553
         laya iter 1 -> median_top5 conf=0.6418 rank=1
         laya iter 2 -> best_ARIMA conf=0.2517 rank=1
         laya iter 3 -> best_ARIMA conf=0.4605 rank=1
         laya iter 4 -> best_ARIMA conf=0.4605 rank=1
         laya iter 5 -> best_ARIMA conf=0.4605 rank=1
[ 136] best_single    score= 0.5711 origin=agent    iters=5 stop=no new information in 3 consecutive turns
         TEST  smape=0.0527  rmse=1698.8133  pocid=81.82  mape=0.0510  | FLOOR smape=0.0479
         laya iter 1 -> best_FT_catboost conf=0.3975 rank=5
         laya iter 2 -> best_ETS conf=0.632 rank=1
         laya iter 3 -> best_FT_catboost conf=0.6531 rank=6
         laya iter 4 -> best_FT_catboost conf=0.6531 rank=6
         laya iter 5 -> best_FT_catboost conf=0.6531 rank=6
[ 137] best_single    score= 0.5880 origin=agent    iters=4 stop=no new information in 3 consecutive turns
         TEST  smape=0.1746  rmse=15790.7302  pocid=54.55  mape=0.1592  | FLOOR smape=0.0661
         laya iter 1 -> best_ONLY_FT_rf conf=0.8897 rank=1
         laya iter 2 -> best_ONLY_FT_rf conf=0.9378 rank=1
         laya iter 3 -> best_ONLY_FT_rf conf=0.9378 rank=1
         laya iter 4 -> best_ONLY_FT_rf conf=0.9378 rank=1
[ 138] best_single    score= 0.6413 origin=agent    iters=4 stop=no new information in 3 consecutive turns
         TEST  smape=0.6783  rmse=1332.5674  pocid=54.55  mape=0.5008  | FLOOR smape=0.5755
         laya iter 1 -> best_ONLY_CWT_rf conf=0.8066 rank=1
         laya iter 2 -> best_ONLY_CWT_rf conf=0.5233 rank=1
         laya iter 3 -> best_ONLY_CWT_rf conf=0.5233 rank=1
         laya iter 4 -> best_ONLY_CWT_rf conf=0.5233 rank=1
[ 139] mean           score= 0.5701 origin=baseline iters=4 stop=no new information in 3 consecutive turns
         TEST  smape=0.0340  rmse=98.8840  pocid=72.73  mape=0.0336  | FLOOR smape=0.0340
         laya iter 1 -> best_ONLY_DWT_rf conf=0.7923 rank=2
         laya iter 2 -> best_ONLY_DWT_rf conf=0.8051 rank=2
         laya iter 3 -> best_ONLY_DWT_rf conf=0.8051 rank=2
         laya iter 4 -> best_ONLY_DWT_rf conf=0.8051 rank=2
[ 140] best_single    score= 0.4850 origin=agent    iters=4 stop=no new information in 3 consecutive turns
         TEST  smape=0.0449  rmse=3569.8511  pocid=72.73  mape=0.0454  | FLOOR smape=0.0461
         laya iter 1 -> best_CWT_rf conf=0.3733 rank=1
         laya iter 2 -> best_CWT_rf conf=0.3818 rank=1
         laya iter 3 -> best_CWT_rf conf=0.3818 rank=1
         laya iter 4 -> best_CWT_rf conf=0.3818 rank=1
[ 141] best_single    score= 0.5237 origin=agent    iters=5 stop=no new information in 3 consecutive turns
         TEST  smape=0.2955  rmse=14.4864  pocid=72.73  mape=0.2509  | FLOOR smape=0.3280
         laya iter 1 -> median_top5 conf=0.7521 rank=3
         laya iter 2 -> best_ONLY_FT_rf conf=0.7301 rank=1
         laya iter 3 -> best_ONLY_FT_rf conf=0.7325 rank=1
         laya iter 4 -> best_ONLY_FT_rf conf=0.7325 rank=1
         laya iter 5 -> best_ONLY_FT_rf conf=0.7325 rank=1
[ 142] trimmed_mean   score= 0.5347 origin=baseline iters=5 stop=no new information in 3 consecutive turns
         TEST  smape=0.0688  rmse=3949.6556  pocid=72.73  mape=0.0659  | FLOOR smape=0.0688
         laya iter 1 -> best_ETS conf=0.4418 rank=3
         laya iter 2 -> median_top5 conf=0.797 rank=6
         laya iter 3 -> median_top5 conf=0.8893 rank=6
         laya iter 4 -> median_top5 conf=0.8893 rank=6
         laya iter 5 -> median_top5 conf=0.8893 rank=6
[ 143] best_single    score= 0.6448 origin=agent    iters=5 stop=no new information in 3 consecutive turns
         TEST  smape=0.7272  rmse=5486.9633  pocid=54.55  mape=0.5311  | FLOOR smape=0.6512
         laya iter 1 -> best_ONLY_DWT_catboost conf=0.8121 rank=2
         laya iter 2 -> best_NaiveMovingAverage conf=0.8465 rank=1
         laya iter 3 -> best_NaiveMovingAverage conf=0.9942 rank=1
         laya iter 4 -> best_NaiveMovingAverage conf=0.9942 rank=1
         laya iter 5 -> best_NaiveMovingAverage conf=0.9942 rank=1
[ 144] best_single    score= 0.4818 origin=agent    iters=6 stop=no new information in 3 consecutive turns
         TEST  smape=0.0578  rmse=6989.6960  pocid=81.82  mape=0.0556  | FLOOR smape=0.0574
         laya iter 1 -> best_CWT_rf conf=0.3512 rank=3
         laya iter 2 -> trimmed_mean_top5 conf=0.3201 rank=2
         laya iter 3 -> best_DWT_rf conf=0.4867 rank=1
         laya iter 4 -> best_CWT_rf conf=0.5028 rank=5
         laya iter 5 -> best_CWT_rf conf=0.5028 rank=5
         laya iter 6 -> best_CWT_rf conf=0.5028 rank=5
[ 145] best_single    score= 0.6117 origin=agent    iters=4 stop=no new information in 3 consecutive turns
         TEST  smape=0.1671  rmse=38.9373  pocid=45.45  mape=0.1932  | FLOOR smape=0.1305
         laya iter 1 -> best_ONLY_FT_rf conf=0.5576 rank=1
         laya iter 2 -> best_ONLY_FT_rf conf=0.7055 rank=1
         laya iter 3 -> best_ONLY_FT_rf conf=0.7055 rank=1
         laya iter 4 -> best_ONLY_FT_rf conf=0.7055 rank=1
[ 146] mean           score= 0.6424 origin=baseline iters=4 stop=no new information in 3 consecutive turns
         TEST  smape=0.0636  rmse=13672.8004  pocid=72.73  mape=0.0645  | FLOOR smape=0.0636
         laya iter 1 -> best_DWT_rf conf=0.7507 rank=2
         laya iter 2 -> best_DWT_rf conf=0.6985 rank=2
         laya iter 3 -> best_DWT_rf conf=0.6985 rank=2
         laya iter 4 -> best_DWT_rf conf=0.6985 rank=2
[ 147] mean           score= 0.6240 origin=baseline iters=4 stop=no new information in 3 consecutive turns
         TEST  smape=0.0712  rmse=2472.5515  pocid=90.91  mape=0.0716  | FLOOR smape=0.0712
         laya iter 1 -> best_FT_catboost conf=0.854 rank=5
         laya iter 2 -> best_FT_catboost conf=0.8666 rank=5
         laya iter 3 -> best_FT_catboost conf=0.8666 rank=5
         laya iter 4 -> best_FT_catboost conf=0.8666 rank=5
[ 148] best_single    score= 0.5407 origin=agent    iters=4 stop=no new information in 3 consecutive turns
         TEST  smape=0.0485  rmse=194.0153  pocid=100.00  mape=0.0470  | FLOOR smape=0.0454
         laya iter 1 -> best_ETS conf=0.2191 rank=1
         laya iter 2 -> best_ETS conf=0.4586 rank=1
         laya iter 3 -> best_ETS conf=0.4586 rank=1
         laya iter 4 -> best_ETS conf=0.4586 rank=1
[ 149] dba            score= 0.6525 origin=baseline iters=4 stop=no new information in 3 consecutive turns
         TEST  smape=0.6712  rmse=16730.0623  pocid=54.55  mape=0.4969  | FLOOR smape=0.6712
         laya iter 1 -> best_ONLY_CWT_catboost conf=0.7854 rank=2
         laya iter 2 -> best_ONLY_CWT_catboost conf=0.8646 rank=2
         laya iter 3 -> best_ONLY_CWT_catboost conf=0.8646 rank=2
         laya iter 4 -> best_ONLY_CWT_catboost conf=0.8646 rank=2
[ 150] best_single    score= 0.5583 origin=agent    iters=4 stop=no new information in 3 consecutive turns
         TEST  smape=0.0352  rmse=883.2094  pocid=63.64  mape=0.0346  | FLOOR smape=0.0311
         laya iter 1 -> best_ETS conf=0.3753 rank=1
         laya iter 2 -> best_ETS conf=0.5084 rank=1
         laya iter 3 -> best_ETS conf=0.5084 rank=1
         laya iter 4 -> best_ETS conf=0.5084 rank=1
[ 151] median         score= 0.6301 origin=agent    iters=5 stop=no new information in 3 consecutive turns
         TEST  smape=0.0414  rmse=2548.3413  pocid=63.64  mape=0.0405  | FLOOR smape=0.0417
         laya iter 1 -> median_stable7 conf=0.3192 rank=1
         laya iter 2 -> median_top5 conf=0.9723 rank=9
         laya iter 3 -> median_top5 conf=0.9723 rank=9
         laya iter 4 -> median_top5 conf=0.9723 rank=9
         laya iter 5 -> median_top5 conf=0.9723 rank=9
[ 152] best_single    score= 0.5442 origin=agent    iters=4 stop=no new information in 3 consecutive turns
         TEST  smape=0.0453  rmse=800.1632  pocid=81.82  mape=0.0443  | FLOOR smape=0.0434
         laya iter 1 -> best_ETS conf=0.3834 rank=1
         laya iter 2 -> best_ETS conf=0.6531 rank=1
         laya iter 3 -> best_ETS conf=0.6531 rank=1
         laya iter 4 -> best_ETS conf=0.6531 rank=1
[ 153] best_single    score= 0.5568 origin=agent    iters=4 stop=no new information in 3 consecutive turns
         TEST  smape=0.0353  rmse=30707.9330  pocid=72.73  mape=0.0346  | FLOOR smape=0.0341
         laya iter 1 -> best_ONLY_CWT_rf conf=0.878 rank=1
         laya iter 2 -> best_ONLY_CWT_rf conf=0.9624 rank=1
         laya iter 3 -> best_ONLY_CWT_rf conf=0.9624 rank=1
         laya iter 4 -> best_ONLY_CWT_rf conf=0.9624 rank=1
[ 154] best_single    score= 0.6231 origin=agent    iters=4 stop=no new information in 3 consecutive turns
         TEST  smape=0.2004  rmse=5787.6167  pocid=54.55  mape=0.1809  | FLOOR smape=0.2957
         laya iter 1 -> best_FT_rf conf=0.9959 rank=1
         laya iter 2 -> best_FT_rf conf=0.9779 rank=1
         laya iter 3 -> best_FT_rf conf=0.9779 rank=1
         laya iter 4 -> best_FT_rf conf=0.9779 rank=1
[ 155] best_single    score= 0.6574 origin=agent    iters=4 stop=no new information in 3 consecutive turns
         TEST  smape=0.1067  rmse=18.4276  pocid=54.55  mape=0.1077  | FLOOR smape=0.1033
         laya iter 1 -> best_THETA conf=0.5597 rank=1
         laya iter 2 -> best_THETA conf=0.6222 rank=1
         laya iter 3 -> best_THETA conf=0.6222 rank=1
         laya iter 4 -> best_THETA conf=0.6222 rank=1
[ 156] best_single    score= 0.6539 origin=agent    iters=4 stop=no new information in 3 consecutive turns
         TEST  smape=0.1422  rmse=16.9211  pocid=45.45  mape=0.1346  | FLOOR smape=0.1226
         laya iter 1 -> best_FT_rf conf=0.5146 rank=1
         laya iter 2 -> best_FT_rf conf=0.6357 rank=1
         laya iter 3 -> best_FT_rf conf=0.6357 rank=1
         laya iter 4 -> best_FT_rf conf=0.6357 rank=1
[ 157] best_single    score= 0.4772 origin=agent    iters=4 stop=no new information in 3 consecutive turns
         TEST  smape=0.3425  rmse=1205.8907  pocid=63.64  mape=0.2809  | FLOOR smape=0.3502
         laya iter 1 -> best_FT_catboost conf=0.8516 rank=1
         laya iter 2 -> best_FT_catboost conf=0.9674 rank=1
         laya iter 3 -> best_FT_catboost conf=0.9674 rank=1
         laya iter 4 -> best_FT_catboost conf=0.9674 rank=1
[ 158] best_single    score= 0.5137 origin=agent    iters=4 stop=no new information in 3 consecutive turns
         TEST  smape=0.0478  rmse=871.3012  pocid=81.82  mape=0.0465  | FLOOR smape=0.0414
         laya iter 1 -> best_ETS conf=0.8771 rank=1
         laya iter 2 -> best_ETS conf=0.8521 rank=1
         laya iter 3 -> best_ETS conf=0.8521 rank=1
         laya iter 4 -> best_ETS conf=0.8521 rank=1
[ 159] best_single    score= 0.5278 origin=agent    iters=4 stop=no new information in 3 consecutive turns
         TEST  smape=0.0461  rmse=15882.9365  pocid=90.91  mape=0.0455  | FLOOR smape=0.0507
         laya iter 1 -> best_ETS conf=0.8465 rank=1
         laya iter 2 -> best_ETS conf=0.8524 rank=1
         laya iter 3 -> best_ETS conf=0.8524 rank=1
         laya iter 4 -> best_ETS conf=0.8524 rank=1
[ 160] best_single    score= 0.6328 origin=agent    iters=4 stop=no new information in 3 consecutive turns
         TEST  smape=0.1443  rmse=976.7869  pocid=54.55  mape=0.1336  | FLOOR smape=0.1737
         laya iter 1 -> best_CWT_rf conf=0.4148 rank=1
         laya iter 2 -> best_CWT_rf conf=0.4209 rank=1
         laya iter 3 -> best_CWT_rf conf=0.4209 rank=1
         laya iter 4 -> best_CWT_rf conf=0.4209 rank=1
[ 161] best_single    score= 0.5242 origin=agent    iters=4 stop=no new information in 3 consecutive turns
         TEST  smape=0.0751  rmse=31868.2396  pocid=63.64  mape=0.0730  | FLOOR smape=0.0798
         laya iter 1 -> best_ETS conf=0.7756 rank=1
         laya iter 2 -> best_ETS conf=0.5981 rank=1
         laya iter 3 -> best_ETS conf=0.5981 rank=1
         laya iter 4 -> best_ETS conf=0.5981 rank=1
[ 162] dba            score= 0.6645 origin=baseline iters=5 stop=no new information in 3 consecutive turns
         TEST  smape=0.0649  rmse=5910.2261  pocid=72.73  mape=0.0664  | FLOOR smape=0.0649
         laya iter 1 -> best_FT_catboost conf=0.4616 rank=6
         laya iter 2 -> median_top5 conf=0.4824 rank=11
         laya iter 3 -> median_top5 conf=0.4824 rank=11
         laya iter 4 -> median_top5 conf=0.4824 rank=11
         laya iter 5 -> median_top5 conf=0.4824 rank=11
[ 163] best_single    score= 0.6237 origin=agent    iters=4 stop=no new information in 3 consecutive turns
         TEST  smape=0.0475  rmse=6616.7126  pocid=45.45  mape=0.0482  | FLOOR smape=0.0479
         laya iter 1 -> best_ONLY_DWT_catboost conf=0.5673 rank=1
         laya iter 2 -> best_ONLY_DWT_catboost conf=0.52 rank=1
         laya iter 3 -> best_ONLY_DWT_catboost conf=0.52 rank=1
         laya iter 4 -> best_ONLY_DWT_catboost conf=0.52 rank=1
[ 164] best_single    score= 0.5301 origin=agent    iters=4 stop=no new information in 3 consecutive turns
         TEST  smape=0.0439  rmse=2457.2756  pocid=72.73  mape=0.0426  | FLOOR smape=0.0406
         laya iter 1 -> best_ETS conf=0.6109 rank=1
         laya iter 2 -> best_ETS conf=0.8575 rank=1
         laya iter 3 -> best_ETS conf=0.8575 rank=1
         laya iter 4 -> best_ETS conf=0.8575 rank=1
[ 165] best_single    score= 0.5788 origin=agent    iters=4 stop=no new information in 3 consecutive turns
         TEST  smape=0.0445  rmse=32571.2481  pocid=63.64  mape=0.0442  | FLOOR smape=0.0492
         laya iter 1 -> best_ONLY_DWT_rf conf=0.9844 rank=1
         laya iter 2 -> best_ONLY_DWT_rf conf=0.9477 rank=1
         laya iter 3 -> best_ONLY_DWT_rf conf=0.9477 rank=1
         laya iter 4 -> best_ONLY_DWT_rf conf=0.9477 rank=1
[ 166] trimmed_mean   score= 0.5948 origin=baseline iters=5 stop=no new information in 3 consecutive turns
         TEST  smape=0.0343  rmse=737.0073  pocid=63.64  mape=0.0336  | FLOOR smape=0.0343
         laya iter 1 -> best_ETS conf=0.456 rank=5
         laya iter 2 -> median_top5 conf=0.4973 rank=10
         laya iter 3 -> median_top5 conf=0.4973 rank=10
         laya iter 4 -> median_top5 conf=0.4973 rank=10
         laya iter 5 -> median_top5 conf=0.4973 rank=10
[ 167] best_single    score= 0.6750 origin=agent    iters=4 stop=no new information in 3 consecutive turns
         TEST  smape=0.3946  rmse=45.4586  pocid=27.27  mape=0.4640  | FLOOR smape=0.3503
         laya iter 1 -> best_ONLY_DWT_rf conf=0.5139 rank=1
         laya iter 2 -> best_ONLY_DWT_rf conf=0.4127 rank=1
         laya iter 3 -> best_ONLY_DWT_rf conf=0.4127 rank=1
         laya iter 4 -> best_ONLY_DWT_rf conf=0.4127 rank=1
[ 168] best_single    score= 0.5684 origin=agent    iters=4 stop=no new information in 3 consecutive turns
         TEST  smape=0.0503  rmse=13782.7859  pocid=36.36  mape=0.0489  | FLOOR smape=0.0418
         laya iter 1 -> best_ONLY_DWT_catboost conf=0.869 rank=1
         laya iter 2 -> best_ONLY_DWT_catboost conf=0.7944 rank=1
         laya iter 3 -> best_ONLY_DWT_catboost conf=0.7944 rank=1
         laya iter 4 -> best_ONLY_DWT_catboost conf=0.7944 rank=1
[ 169] trimmed_mean   score= 0.4883 origin=baseline iters=4 stop=no new information in 3 consecutive turns
         TEST  smape=0.0866  rmse=3980.8161  pocid=72.73  mape=0.0803  | FLOOR smape=0.0866
         laya iter 1 -> median_stable9 conf=0.2971 rank=8
         laya iter 2 -> median_stable9 conf=0.2971 rank=8
         laya iter 3 -> median_stable9 conf=0.2971 rank=8
         laya iter 4 -> median_stable9 conf=0.2971 rank=8
[ 170] best_single    score= 0.5489 origin=agent    iters=4 stop=no new information in 3 consecutive turns
         TEST  smape=0.0532  rmse=2764.5982  pocid=72.73  mape=0.0518  | FLOOR smape=0.0484
         laya iter 1 -> best_ETS conf=0.5178 rank=1
         laya iter 2 -> best_ETS conf=0.5148 rank=1
         laya iter 3 -> best_ETS conf=0.5148 rank=1
         laya iter 4 -> best_ETS conf=0.5148 rank=1
[ 171] dba            score= 0.6288 origin=baseline iters=4 stop=no new information in 3 consecutive turns
         TEST  smape=0.0590  rmse=3120.9711  pocid=81.82  mape=0.0566  | FLOOR smape=0.0590
         laya iter 1 -> best_ONLY_CWT_rf conf=0.589 rank=2
         laya iter 2 -> best_ONLY_CWT_rf conf=0.7549 rank=2
         laya iter 3 -> best_ONLY_CWT_rf conf=0.7549 rank=2
         laya iter 4 -> best_ONLY_CWT_rf conf=0.7549 rank=2
[ 172] best_single    score= 0.4381 origin=agent    iters=4 stop=no new information in 3 consecutive turns
         TEST  smape=0.1503  rmse=306.7160  pocid=54.55  mape=0.1380  | FLOOR smape=0.1332
         laya iter 1 -> best_ETS conf=0.4984 rank=1
         laya iter 2 -> best_ETS conf=0.8328 rank=1
         laya iter 3 -> best_ETS conf=0.8328 rank=1
         laya iter 4 -> best_ETS conf=0.8328 rank=1
[ 173] best_single    score= 0.5721 origin=agent    iters=4 stop=no new information in 3 consecutive turns
         TEST  smape=0.1863  rmse=235.9140  pocid=54.55  mape=0.1784  | FLOOR smape=0.2018
         laya iter 1 -> best_ONLY_DWT_rf conf=0.6894 rank=1
         laya iter 2 -> best_ONLY_DWT_rf conf=0.7924 rank=1
         laya iter 3 -> best_ONLY_DWT_rf conf=0.7924 rank=1
         laya iter 4 -> best_ONLY_DWT_rf conf=0.7924 rank=1
[ 174] best_single    score= 0.6136 origin=agent    iters=4 stop=no new information in 3 consecutive turns
         TEST  smape=0.0537  rmse=1094.2374  pocid=63.64  mape=0.0515  | FLOOR smape=0.0549
         laya iter 1 -> best_ONLY_DWT_catboost conf=0.5675 rank=1
         laya iter 2 -> best_ONLY_DWT_catboost conf=0.8135 rank=1
         laya iter 3 -> best_ONLY_DWT_catboost conf=0.8135 rank=1
         laya iter 4 -> best_ONLY_DWT_catboost conf=0.8135 rank=1
[ 175] best_single    score= 0.5615 origin=agent    iters=4 stop=no new information in 3 consecutive turns
         TEST  smape=0.0313  rmse=564.1568  pocid=81.82  mape=0.0315  | FLOOR smape=0.0319
         laya iter 1 -> best_ETS conf=0.5847 rank=1
         laya iter 2 -> best_ETS conf=0.7516 rank=1
         laya iter 3 -> best_ETS conf=0.7516 rank=1
         laya iter 4 -> best_ETS conf=0.7516 rank=1
[ 176] median         score= 0.4742 origin=baseline iters=4 stop=no new information in 3 consecutive turns
         TEST  smape=0.1105  rmse=6131.7362  pocid=81.82  mape=0.1040  | FLOOR smape=0.1105
         laya iter 1 -> best_NaiveMovingAverage conf=0.2555 rank=2
         laya iter 2 -> best_NaiveMovingAverage conf=0.6697 rank=2
         laya iter 3 -> best_NaiveMovingAverage conf=0.6697 rank=2
         laya iter 4 -> best_NaiveMovingAverage conf=0.6697 rank=2
[ 177] mean           score= 0.4406 origin=baseline iters=4 stop=no new information in 3 consecutive turns
         TEST  smape=0.2371  rmse=2319.2196  pocid=72.73  mape=0.2004  | FLOOR smape=0.2371
         laya iter 1 -> best_FT_catboost conf=0.404 rank=8
         laya iter 2 -> best_FT_catboost conf=0.404 rank=8
         laya iter 3 -> best_FT_catboost conf=0.404 rank=8
         laya iter 4 -> best_FT_catboost conf=0.404 rank=8
[ 178] best_single    score= 0.6841 origin=agent    iters=4 stop=no new information in 3 consecutive turns
         TEST  smape=0.2168  rmse=46.5881  pocid=72.73  mape=0.1996  | FLOOR smape=0.2115
         laya iter 1 -> best_NaiveMovingAverage conf=0.6154 rank=1
         laya iter 2 -> best_NaiveMovingAverage conf=0.6887 rank=1
         laya iter 3 -> best_NaiveMovingAverage conf=0.6887 rank=1
         laya iter 4 -> best_NaiveMovingAverage conf=0.6887 rank=1
[ 179] best_single    score= 0.6389 origin=agent    iters=6 stop=no new information in 3 consecutive turns
         TEST  smape=0.1635  rmse=46.3564  pocid=45.45  mape=0.1476  | FLOOR smape=0.1076
         laya iter 1 -> best_ONLY_DWT_rf conf=0.4919 rank=5
         laya iter 2 -> best_ONLY_CWT_rf conf=0.7074 rank=1
         laya iter 3 -> median_top5 conf=0.7442 rank=11
         laya iter 4 -> median_top5 conf=0.7442 rank=11
         laya iter 5 -> median_top5 conf=0.7442 rank=11
         laya iter 6 -> median_top5 conf=0.7442 rank=11
[ 180] best_single    score= 0.5359 origin=agent    iters=4 stop=no new information in 3 consecutive turns
         TEST  smape=0.0816  rmse=12123.9638  pocid=90.91  mape=0.0778  | FLOOR smape=0.0995
         laya iter 1 -> best_ETS conf=0.3757 rank=1
         laya iter 2 -> best_ETS conf=0.4719 rank=1
         laya iter 3 -> best_ETS conf=0.4719 rank=1
         laya iter 4 -> best_ETS conf=0.4719 rank=1
[ 181] best_single    score= 0.5057 origin=agent    iters=4 stop=no new information in 3 consecutive turns
         TEST  smape=0.0367  rmse=3022.8064  pocid=72.73  mape=0.0372  | FLOOR smape=0.0417
         laya iter 1 -> best_ETS conf=0.7373 rank=1
         laya iter 2 -> best_ETS conf=0.6842 rank=1
         laya iter 3 -> best_ETS conf=0.6842 rank=1
         laya iter 4 -> best_ETS conf=0.6842 rank=1
--------------------------------------------------------------------------
done in 67.8s | ok: 182 | failed: 0
DATASET SUMMARY over 182 series (mean across series):
  this run   smape=0.2244  rmse=7019.4927  pocid=63.39  mape=1552137686216034.7500  mae=6155.8244
  baseline   smape=0.2212  rmse=6361.3526  pocid=62.14  mape=1839764113501077.5000  <- this run is WORSE than the seed floor
  mean       smape=0.2206  rmse=6315.3736  pocid=61.89  mape=2069887256147612.2500
  median     smape=0.2194  rmse=6388.0611  pocid=61.94  mape=1847438750372403.0000
  dba        smape=0.2252  rmse=6398.3966  pocid=60.54  mape=2360707168394951.5000
  ADE        smape=0.2177  rmse=6137.6834  pocid=62.39  mape=2082486066574125.0000
  FFORMA     smape=0.2166  rmse=6035.2411  pocid=65.13  mape=2022245026195087.0000
csv: ./timeseries/mestrado/resultados/orchestrator_laya_laya_v2_raw/ANP_MONTHLY.csv
dataset      : NN5_WEEKLY_DATASET
source       : nn5_weekly_dataset.tsf
models       : 19
agent        : laya-multilingual (max_len=8192)
writing to   : ./timeseries/mestrado/resultados/orchestrator_laya_laya_v2_raw
--------------------------------------------------------------------------
Fetching 5 files:   0%|          | 0/5 [00:00<?, ?it/s]Fetching 5 files: 100%|██████████| 5/5 [00:00<00:00, 2617.51it/s]
[   0] best_single    score= 0.6156 origin=agent    iters=4 stop=no new information in 3 consecutive turns
         TEST  smape=0.0409  rmse=14.5924  pocid=42.86  mape=0.0399  | FLOOR smape=0.0422
         laya iter 1 -> best_ONLY_FT_rf conf=0.3696 rank=1
         laya iter 2 -> best_ONLY_FT_rf conf=0.541 rank=1
         laya iter 3 -> best_ONLY_FT_rf conf=0.541 rank=1
         laya iter 4 -> best_ONLY_FT_rf conf=0.541 rank=1
[   1] trimmed_mean   score= 0.5579 origin=baseline iters=5 stop=no new information in 3 consecutive turns
         TEST  smape=0.1090  rmse=16.3937  pocid=28.57  mape=0.1027  | FLOOR smape=0.1090
         laya iter 1 -> median_stable5 conf=0.3254 rank=2
         laya iter 2 -> best_ETS conf=0.2483 rank=3
         laya iter 3 -> best_ETS conf=0.3723 rank=3
         laya iter 4 -> best_ETS conf=0.3723 rank=3
         laya iter 5 -> best_ETS conf=0.3723 rank=3
[   2] best_single    score= 0.5961 origin=agent    iters=5 stop=no new information in 3 consecutive turns
         TEST  smape=0.0789  rmse=16.6496  pocid=57.14  mape=0.0769  | FLOOR smape=0.0697
         laya iter 1 -> best_ONLY_CWT_catboost conf=0.7885 rank=2
         laya iter 2 -> best_FT_catboost conf=0.8093 rank=1
         laya iter 3 -> best_ONLY_CWT_catboost conf=0.7984 rank=3
         laya iter 4 -> best_ONLY_CWT_catboost conf=0.7984 rank=3
         laya iter 5 -> best_ONLY_CWT_catboost conf=0.7984 rank=3
[   3] dba            score= 0.7144 origin=baseline iters=4 stop=no new information in 3 consecutive turns
         TEST  smape=0.0826  rmse=16.0588  pocid=28.57  mape=0.0857  | FLOOR smape=0.0826
         laya iter 1 -> best_ETS conf=0.5426 rank=10
         laya iter 2 -> best_ETS conf=0.5426 rank=10
         laya iter 3 -> best_ETS conf=0.5426 rank=10
         laya iter 4 -> best_ETS conf=0.5426 rank=10
[   4] best_single    score= 0.7013 origin=agent    iters=4 stop=no new information in 3 consecutive turns
         TEST  smape=0.0964  rmse=21.6648  pocid=57.14  mape=0.0906  | FLOOR smape=0.0998
         laya iter 1 -> best_FT_catboost conf=0.4087 rank=1
         laya iter 2 -> best_FT_catboost conf=0.787 rank=1
         laya iter 3 -> best_FT_catboost conf=0.787 rank=1
         laya iter 4 -> best_FT_catboost conf=0.787 rank=1
[   5] best_single    score= 0.6311 origin=agent    iters=4 stop=no new information in 3 consecutive turns
         TEST  smape=0.1164  rmse=19.7825  pocid=42.86  mape=0.1261  | FLOOR smape=0.1078
         laya iter 1 -> best_ONLY_DWT_catboost conf=0.7968 rank=1
         laya iter 2 -> best_ONLY_DWT_catboost conf=0.7755 rank=1
         laya iter 3 -> best_ONLY_DWT_catboost conf=0.7755 rank=1
         laya iter 4 -> best_ONLY_DWT_catboost conf=0.7755 rank=1
[   6] mean           score= 0.4362 origin=baseline iters=5 stop=no new information in 3 consecutive turns
         TEST  smape=0.1187  rmse=21.3796  pocid=14.29  mape=0.1099  | FLOOR smape=0.1187
         laya iter 1 -> median_stable7 conf=0.2967 rank=3
         laya iter 2 -> median_top5 conf=0.761 rank=3
         laya iter 3 -> median_top5 conf=0.499 rank=3
         laya iter 4 -> median_top5 conf=0.499 rank=3
         laya iter 5 -> median_top5 conf=0.499 rank=3
[   7] best_single    score= 0.6775 origin=agent    iters=4 stop=no new information in 3 consecutive turns
         TEST  smape=0.2455  rmse=38.2373  pocid=57.14  mape=0.2973  | FLOOR smape=0.1228
         laya iter 1 -> best_NaiveMovingAverage conf=0.3889 rank=1
         laya iter 2 -> best_NaiveMovingAverage conf=0.775 rank=1
         laya iter 3 -> best_NaiveMovingAverage conf=0.775 rank=1
         laya iter 4 -> best_NaiveMovingAverage conf=0.775 rank=1
[   8] best_single    score= 0.6115 origin=agent    iters=4 stop=no new information in 3 consecutive turns
         TEST  smape=0.1034  rmse=7.3099  pocid=0.00  mape=0.1082  | FLOOR smape=0.1042
         laya iter 1 -> best_ETS conf=0.6181 rank=1
         laya iter 2 -> best_ETS conf=0.6014 rank=1
         laya iter 3 -> best_ETS conf=0.6014 rank=1
         laya iter 4 -> best_ETS conf=0.6014 rank=1
[   9] mean           score= 0.7333 origin=baseline iters=4 stop=no new information in 3 consecutive turns
         TEST  smape=0.1040  rmse=17.5233  pocid=28.57  mape=0.0998  | FLOOR smape=0.1040
         laya iter 1 -> best_FT_rf conf=0.6117 rank=4
         laya iter 2 -> best_FT_rf conf=0.5122 rank=4
         laya iter 3 -> best_FT_rf conf=0.5122 rank=4
         laya iter 4 -> best_FT_rf conf=0.5122 rank=4
[  10] best_single    score= 0.4309 origin=agent    iters=5 stop=no new information in 3 consecutive turns
         TEST  smape=0.1371  rmse=23.3183  pocid=57.14  mape=0.1310  | FLOOR smape=0.1199
         laya iter 1 -> best_ETS conf=0.3547 rank=1
         laya iter 2 -> median_top5 conf=0.423 rank=11
         laya iter 3 -> median_top5 conf=0.423 rank=11
         laya iter 4 -> median_top5 conf=0.423 rank=11
         laya iter 5 -> median_top5 conf=0.423 rank=11
[  11] best_single    score= 0.5764 origin=agent    iters=5 stop=no new information in 3 consecutive turns
         TEST  smape=0.2058  rmse=22.6721  pocid=14.29  mape=0.1901  | FLOOR smape=0.1394
         laya iter 1 -> median_top5 conf=0.5327 rank=5
         laya iter 2 -> best_ONLY_FT_catboost conf=0.579 rank=1
         laya iter 3 -> best_ONLY_FT_catboost conf=0.5805 rank=1
         laya iter 4 -> best_ONLY_FT_catboost conf=0.5805 rank=1
         laya iter 5 -> best_ONLY_FT_catboost conf=0.5805 rank=1
[  12] mean           score= 0.6331 origin=baseline iters=4 stop=no new information in 3 consecutive turns
         TEST  smape=0.1194  rmse=19.5971  pocid=28.57  mape=0.1159  | FLOOR smape=0.1194
         laya iter 1 -> best_ETS conf=0.7376 rank=10
         laya iter 2 -> best_ETS conf=0.7376 rank=10
         laya iter 3 -> best_ETS conf=0.7376 rank=10
         laya iter 4 -> best_ETS conf=0.7376 rank=10
[  13] trimmed_mean   score= 0.6667 origin=baseline iters=4 stop=no new information in 3 consecutive turns
         TEST  smape=0.0794  rmse=12.6205  pocid=42.86  mape=0.0785  | FLOOR smape=0.0794
         laya iter 1 -> best_NaiveMovingAverage conf=0.8943 rank=4
         laya iter 2 -> best_NaiveMovingAverage conf=0.8728 rank=4
         laya iter 3 -> best_NaiveMovingAverage conf=0.8728 rank=4
         laya iter 4 -> best_NaiveMovingAverage conf=0.8728 rank=4
[  14] best_single    score= 0.6747 origin=agent    iters=5 stop=no new information in 3 consecutive turns
         TEST  smape=0.0600  rmse=9.2913  pocid=71.43  mape=0.0600  | FLOOR smape=0.0704
         laya iter 1 -> best_ONLY_DWT_catboost conf=0.4797 rank=1
         laya iter 2 -> best_ONLY_CWT_catboost conf=0.4212 rank=8
         laya iter 3 -> best_ONLY_CWT_catboost conf=0.4212 rank=8
         laya iter 4 -> best_ONLY_CWT_catboost conf=0.4212 rank=8
         laya iter 5 -> best_ONLY_CWT_catboost conf=0.4212 rank=8
[  15] median         score= 0.6844 origin=baseline iters=4 stop=no new information in 3 consecutive turns
         TEST  smape=0.0618  rmse=12.1874  pocid=42.86  mape=0.0595  | FLOOR smape=0.0618
         laya iter 1 -> best_ONLY_DWT_catboost conf=0.6699 rank=3
         laya iter 2 -> best_ONLY_DWT_catboost conf=0.7157 rank=3
         laya iter 3 -> best_ONLY_DWT_catboost conf=0.7157 rank=3
         laya iter 4 -> best_ONLY_DWT_catboost conf=0.7157 rank=3
[  16] best_single    score= 0.6348 origin=agent    iters=4 stop=no new information in 3 consecutive turns
         TEST  smape=0.1213  rmse=20.0877  pocid=28.57  mape=0.1226  | FLOOR smape=0.1198
         laya iter 1 -> best_FT_catboost conf=0.5217 rank=1
         laya iter 2 -> best_FT_catboost conf=0.6995 rank=1
         laya iter 3 -> best_FT_catboost conf=0.6995 rank=1
         laya iter 4 -> best_FT_catboost conf=0.6995 rank=1
[  17] best_single    score= 0.5880 origin=agent    iters=4 stop=no new information in 3 consecutive turns
         TEST  smape=0.0865  rmse=14.6574  pocid=85.71  mape=0.0829  | FLOOR smape=0.0593
         laya iter 1 -> best_FT_rf conf=0.8379 rank=1
         laya iter 2 -> best_FT_rf conf=0.9732 rank=1
         laya iter 3 -> best_FT_rf conf=0.9732 rank=1
         laya iter 4 -> best_FT_rf conf=0.9732 rank=1
[  18] mean           score= 0.7048 origin=baseline iters=4 stop=no new information in 3 consecutive turns
         TEST  smape=0.0528  rmse=14.4762  pocid=28.57  mape=0.0561  | FLOOR smape=0.0528
         laya iter 1 -> best_ETS conf=0.3457 rank=4
         laya iter 2 -> best_ETS conf=0.34 rank=4
         laya iter 3 -> best_ETS conf=0.34 rank=4
         laya iter 4 -> best_ETS conf=0.34 rank=4
[  19] best_single    score= 0.6635 origin=agent    iters=4 stop=no new information in 3 consecutive turns
         TEST  smape=0.0632  rmse=10.6157  pocid=57.14  mape=0.0610  | FLOOR smape=0.0718
         laya iter 1 -> best_ETS conf=0.6557 rank=1
         laya iter 2 -> best_ETS conf=0.662 rank=1
         laya iter 3 -> best_ETS conf=0.662 rank=1
         laya iter 4 -> best_ETS conf=0.662 rank=1
[  20] median         score= 0.7064 origin=baseline iters=4 stop=no new information in 3 consecutive turns
         TEST  smape=0.0908  rmse=11.7390  pocid=71.43  mape=0.0914  | FLOOR smape=0.0908
         laya iter 1 -> best_ETS conf=0.3687 rank=8
         laya iter 2 -> best_ETS conf=0.3687 rank=8
         laya iter 3 -> best_ETS conf=0.3687 rank=8
         laya iter 4 -> best_ETS conf=0.3687 rank=8
[  21] mean           score= 0.6952 origin=baseline iters=4 stop=no new information in 3 consecutive turns
         TEST  smape=0.0713  rmse=11.1195  pocid=42.86  mape=0.0678  | FLOOR smape=0.0713
         laya iter 1 -> best_ETS conf=0.4263 rank=2
         laya iter 2 -> best_ETS conf=0.4188 rank=2
         laya iter 3 -> best_ETS conf=0.4188 rank=2
         laya iter 4 -> best_ETS conf=0.4188 rank=2
[  22] trimmed_mean   score= 0.5867 origin=baseline iters=4 stop=no new information in 3 consecutive turns
         TEST  smape=0.1238  rmse=11.0990  pocid=71.43  mape=0.1181  | FLOOR smape=0.1238
         laya iter 1 -> best_ONLY_FT_catboost conf=0.9659 rank=7
         laya iter 2 -> best_ONLY_FT_catboost conf=0.9659 rank=7
         laya iter 3 -> best_ONLY_FT_catboost conf=0.9659 rank=7
         laya iter 4 -> best_ONLY_FT_catboost conf=0.9659 rank=7
[  23] median         score= 0.6780 origin=baseline iters=4 stop=no new information in 3 consecutive turns
         TEST  smape=0.1646  rmse=40.6866  pocid=28.57  mape=0.1934  | FLOOR smape=0.1646
         laya iter 1 -> best_NaiveMovingAverage conf=0.4015 rank=6
         laya iter 2 -> best_NaiveMovingAverage conf=0.9914 rank=6
         laya iter 3 -> best_NaiveMovingAverage conf=0.9914 rank=6
         laya iter 4 -> best_NaiveMovingAverage conf=0.9914 rank=6
[  24] mean           score= 0.6688 origin=baseline iters=4 stop=no new information in 3 consecutive turns
         TEST  smape=0.0586  rmse=11.3368  pocid=71.43  mape=0.0620  | FLOOR smape=0.0586
         laya iter 1 -> best_FT_catboost conf=0.4608 rank=4
         laya iter 2 -> best_FT_catboost conf=0.7077 rank=4
         laya iter 3 -> best_FT_catboost conf=0.7077 rank=4
         laya iter 4 -> best_FT_catboost conf=0.7077 rank=4
[  25] mean           score= 0.7429 origin=baseline iters=4 stop=no new information in 3 consecutive turns
         TEST  smape=0.1342  rmse=19.5075  pocid=28.57  mape=0.1334  | FLOOR smape=0.1342
         laya iter 1 -> best_ONLY_CWT_catboost conf=0.8084 rank=3
         laya iter 2 -> best_ONLY_CWT_catboost conf=0.6288 rank=3
         laya iter 3 -> best_ONLY_CWT_catboost conf=0.6288 rank=3
         laya iter 4 -> best_ONLY_CWT_catboost conf=0.6288 rank=3
[  26] best_single    score= 0.5327 origin=agent    iters=4 stop=no new information in 3 consecutive turns
         TEST  smape=0.2561  rmse=17.5502  pocid=57.14  mape=0.3164  | FLOOR smape=0.1354
         laya iter 1 -> best_NaiveMovingAverage conf=0.9275 rank=1
         laya iter 2 -> best_NaiveMovingAverage conf=1.0 rank=1
         laya iter 3 -> best_NaiveMovingAverage conf=1.0 rank=1
         laya iter 4 -> best_NaiveMovingAverage conf=1.0 rank=1
[  27] mean           score= 0.6592 origin=baseline iters=4 stop=no new information in 3 consecutive turns
         TEST  smape=0.1222  rmse=17.1321  pocid=42.86  mape=0.1195  | FLOOR smape=0.1222
         laya iter 1 -> best_ETS conf=0.5047 rank=10
         laya iter 2 -> best_ETS conf=0.5047 rank=10
         laya iter 3 -> best_ETS conf=0.5047 rank=10
         laya iter 4 -> best_ETS conf=0.5047 rank=10
[  28] mean           score= 0.6828 origin=baseline iters=4 stop=no new information in 3 consecutive turns
         TEST  smape=0.1011  rmse=23.0454  pocid=42.86  mape=0.1058  | FLOOR smape=0.1011
         laya iter 1 -> best_FT_catboost conf=0.3727 rank=5
         laya iter 2 -> best_FT_catboost conf=0.8082 rank=5
         laya iter 3 -> best_FT_catboost conf=0.8082 rank=5
         laya iter 4 -> best_FT_catboost conf=0.8082 rank=5
[  29] median         score= 0.5504 origin=baseline iters=4 stop=no new information in 3 consecutive turns
         TEST  smape=0.1508  rmse=19.8722  pocid=57.14  mape=0.1752  | FLOOR smape=0.1508
         laya iter 1 -> best_ONLY_FT_rf conf=0.7536 rank=8
         laya iter 2 -> best_ONLY_FT_rf conf=0.7536 rank=8
         laya iter 3 -> best_ONLY_FT_rf conf=0.7536 rank=8
         laya iter 4 -> best_ONLY_FT_rf conf=0.7536 rank=8
[  30] mean           score= 0.6497 origin=baseline iters=4 stop=no new information in 3 consecutive turns
         TEST  smape=0.0645  rmse=9.8088  pocid=42.86  mape=0.0656  | FLOOR smape=0.0645
         laya iter 1 -> best_ETS conf=0.5864 rank=10
         laya iter 2 -> best_ETS conf=0.5864 rank=10
         laya iter 3 -> best_ETS conf=0.5864 rank=10
         laya iter 4 -> best_ETS conf=0.5864 rank=10
[  31] median         score= 0.6642 origin=baseline iters=4 stop=no new information in 3 consecutive turns
         TEST  smape=0.1713  rmse=26.0545  pocid=42.86  mape=0.1940  | FLOOR smape=0.1713
         laya iter 1 -> best_FT_catboost conf=0.5524 rank=2
         laya iter 2 -> best_FT_catboost conf=0.907 rank=2
         laya iter 3 -> best_FT_catboost conf=0.907 rank=2
         laya iter 4 -> best_FT_catboost conf=0.907 rank=2
[  32] best_single    score= 0.6015 origin=agent    iters=5 stop=no new information in 3 consecutive turns
         TEST  smape=0.1681  rmse=29.8359  pocid=57.14  mape=0.1557  | FLOOR smape=0.1696
         laya iter 1 -> best_ETS conf=0.2922 rank=1
         laya iter 2 -> trimmed_mean_full conf=0.3954 rank=3
         laya iter 3 -> best_ETS conf=0.3178 rank=1
         laya iter 4 -> best_ETS conf=0.3178 rank=1
         laya iter 5 -> best_ETS conf=0.3178 rank=1
[  33] best_single    score= 0.5207 origin=agent    iters=4 stop=no new information in 3 consecutive turns
         TEST  smape=0.0945  rmse=27.8149  pocid=42.86  mape=0.0960  | FLOOR smape=0.0941
         laya iter 1 -> best_DWT_catboost conf=0.2764 rank=1
         laya iter 2 -> best_DWT_catboost conf=0.3648 rank=1
         laya iter 3 -> best_DWT_catboost conf=0.3648 rank=1
         laya iter 4 -> best_DWT_catboost conf=0.3648 rank=1
[  34] trimmed_mean   score= 0.6274 origin=baseline iters=4 stop=no new information in 3 consecutive turns
         TEST  smape=0.0927  rmse=13.8588  pocid=57.14  mape=0.0941  | FLOOR smape=0.0927
         laya iter 1 -> best_ONLY_DWT_catboost conf=0.2941 rank=5
         laya iter 2 -> best_ONLY_DWT_catboost conf=0.7559 rank=5
         laya iter 3 -> best_ONLY_DWT_catboost conf=0.7559 rank=5
         laya iter 4 -> best_ONLY_DWT_catboost conf=0.7559 rank=5
[  35] trimmed_mean   score= 0.6540 origin=baseline iters=4 stop=no new information in 3 consecutive turns
         TEST  smape=0.0974  rmse=9.1676  pocid=85.71  mape=0.1046  | FLOOR smape=0.0974
         laya iter 1 -> best_ONLY_FT_catboost conf=0.4534 rank=3
         laya iter 2 -> best_ONLY_FT_catboost conf=0.9608 rank=3
         laya iter 3 -> best_ONLY_FT_catboost conf=0.9608 rank=3
         laya iter 4 -> best_ONLY_FT_catboost conf=0.9608 rank=3
[  36] median         score= 0.5368 origin=baseline iters=4 stop=no new information in 3 consecutive turns
         TEST  smape=0.2612  rmse=35.4157  pocid=57.14  mape=0.2636  | FLOOR smape=0.2612
         laya iter 1 -> best_NaiveMovingAverage conf=0.7043 rank=2
         laya iter 2 -> best_NaiveMovingAverage conf=0.9341 rank=2
         laya iter 3 -> best_NaiveMovingAverage conf=0.9341 rank=2
         laya iter 4 -> best_NaiveMovingAverage conf=0.9341 rank=2
[  37] dba            score= 0.6398 origin=baseline iters=4 stop=no new information in 3 consecutive turns
         TEST  smape=0.0559  rmse=15.3509  pocid=42.86  mape=0.0547  | FLOOR smape=0.0559
         laya iter 1 -> best_FT_catboost conf=0.675 rank=3
         laya iter 2 -> best_FT_catboost conf=0.5403 rank=3
         laya iter 3 -> best_FT_catboost conf=0.5403 rank=3
         laya iter 4 -> best_FT_catboost conf=0.5403 rank=3
[  38] best_single    score= 0.4351 origin=agent    iters=4 stop=no new information in 3 consecutive turns
         TEST  smape=0.0969  rmse=13.8798  pocid=28.57  mape=0.0936  | FLOOR smape=0.0663
         laya iter 1 -> best_ETS conf=0.2486 rank=1
         laya iter 2 -> best_ETS conf=0.4084 rank=1
         laya iter 3 -> best_ETS conf=0.4084 rank=1
         laya iter 4 -> best_ETS conf=0.4084 rank=1
[  39] best_single    score= 0.6749 origin=agent    iters=4 stop=no new information in 3 consecutive turns
         TEST  smape=0.1203  rmse=17.9891  pocid=28.57  mape=0.1178  | FLOOR smape=0.1228
         laya iter 1 -> best_ONLY_DWT_catboost conf=0.3735 rank=1
         laya iter 2 -> best_ONLY_DWT_catboost conf=0.7828 rank=1
         laya iter 3 -> best_ONLY_DWT_catboost conf=0.7828 rank=1
         laya iter 4 -> best_ONLY_DWT_catboost conf=0.7828 rank=1
[  40] best_single    score= 0.6543 origin=agent    iters=4 stop=no new information in 3 consecutive turns
         TEST  smape=0.1236  rmse=19.0864  pocid=57.14  mape=0.1315  | FLOOR smape=0.1226
         laya iter 1 -> best_ONLY_FT_rf conf=0.4099 rank=1
         laya iter 2 -> best_ONLY_FT_rf conf=0.4767 rank=1
         laya iter 3 -> best_ONLY_FT_rf conf=0.4767 rank=1
         laya iter 4 -> best_ONLY_FT_rf conf=0.4767 rank=1
[  41] mean           score= 0.7140 origin=baseline iters=4 stop=no new information in 3 consecutive turns
         TEST  smape=0.0725  rmse=11.8407  pocid=42.86  mape=0.0731  | FLOOR smape=0.0725
         laya iter 1 -> best_ETS conf=0.3954 rank=10
         laya iter 2 -> best_ETS conf=0.3954 rank=10
         laya iter 3 -> best_ETS conf=0.3954 rank=10
         laya iter 4 -> best_ETS conf=0.3954 rank=10
[  42] best_single    score= 0.5389 origin=agent    iters=4 stop=no new information in 3 consecutive turns
         TEST  smape=0.1069  rmse=21.8183  pocid=42.86  mape=0.1175  | FLOOR smape=0.0986
         laya iter 1 -> best_NaiveMovingAverage conf=0.6217 rank=1
         laya iter 2 -> best_NaiveMovingAverage conf=0.9889 rank=1
         laya iter 3 -> best_NaiveMovingAverage conf=0.9889 rank=1
         laya iter 4 -> best_NaiveMovingAverage conf=0.9889 rank=1
[  43] mean           score= 0.6762 origin=baseline iters=4 stop=no new information in 3 consecutive turns
         TEST  smape=0.0538  rmse=10.4702  pocid=71.43  mape=0.0534  | FLOOR smape=0.0538
         laya iter 1 -> best_ONLY_CWT_rf conf=0.7901 rank=2
         laya iter 2 -> best_ONLY_CWT_rf conf=0.8496 rank=2
         laya iter 3 -> best_ONLY_CWT_rf conf=0.8496 rank=2
         laya iter 4 -> best_ONLY_CWT_rf conf=0.8496 rank=2
[  44] median         score= 0.7025 origin=baseline iters=4 stop=no new information in 3 consecutive turns
         TEST  smape=0.1146  rmse=20.4007  pocid=42.86  mape=0.1407  | FLOOR smape=0.1146
         laya iter 1 -> best_ETS conf=0.4892 rank=4
         laya iter 2 -> best_ETS conf=0.3974 rank=4
         laya iter 3 -> best_ETS conf=0.3974 rank=4
         laya iter 4 -> best_ETS conf=0.3974 rank=4
[  45] trimmed_mean   score= 0.5916 origin=baseline iters=4 stop=no new information in 3 consecutive turns
         TEST  smape=0.1306  rmse=18.2953  pocid=42.86  mape=0.1209  | FLOOR smape=0.1306
         laya iter 1 -> best_ETS conf=0.4881 rank=9
         laya iter 2 -> best_ETS conf=0.4881 rank=9
         laya iter 3 -> best_ETS conf=0.4881 rank=9
         laya iter 4 -> best_ETS conf=0.4881 rank=9
[  46] best_single    score= 0.6056 origin=agent    iters=4 stop=no new information in 3 consecutive turns
         TEST  smape=0.0409  rmse=14.5924  pocid=42.86  mape=0.0399  | FLOOR smape=0.0421
         laya iter 1 -> best_ONLY_FT_rf conf=0.4051 rank=1
         laya iter 2 -> best_ONLY_FT_rf conf=0.7251 rank=1
         laya iter 3 -> best_ONLY_FT_rf conf=0.7251 rank=1
         laya iter 4 -> best_ONLY_FT_rf conf=0.7251 rank=1
[  47] mean           score= 0.6952 origin=baseline iters=4 stop=no new information in 3 consecutive turns
         TEST  smape=0.1546  rmse=29.1903  pocid=28.57  mape=0.1515  | FLOOR smape=0.1546
         laya iter 1 -> best_ONLY_CWT_rf conf=0.4223 rank=4
         laya iter 2 -> best_ONLY_CWT_rf conf=0.3881 rank=4
         laya iter 3 -> best_ONLY_CWT_rf conf=0.3881 rank=4
         laya iter 4 -> best_ONLY_CWT_rf conf=0.3881 rank=4
[  48] best_single    score= 0.5771 origin=agent    iters=4 stop=no new information in 3 consecutive turns
         TEST  smape=0.1312  rmse=22.2277  pocid=28.57  mape=0.1424  | FLOOR smape=0.1015
         laya iter 1 -> best_ONLY_DWT_catboost conf=0.7748 rank=1
         laya iter 2 -> best_ONLY_DWT_catboost conf=0.6856 rank=1
         laya iter 3 -> best_ONLY_DWT_catboost conf=0.6856 rank=1
         laya iter 4 -> best_ONLY_DWT_catboost conf=0.6856 rank=1
[  49] best_single    score= 0.4555 origin=agent    iters=4 stop=no new information in 3 consecutive turns
         TEST  smape=0.1371  rmse=23.3183  pocid=57.14  mape=0.1310  | FLOOR smape=0.1144
         laya iter 1 -> best_ETS conf=0.3099 rank=1
         laya iter 2 -> best_ETS conf=0.4575 rank=1
         laya iter 3 -> best_ETS conf=0.4575 rank=1
         laya iter 4 -> best_ETS conf=0.4575 rank=1
[  50] best_single    score= 0.6143 origin=agent    iters=5 stop=no new information in 3 consecutive turns
         TEST  smape=0.1780  rmse=25.7908  pocid=42.86  mape=0.1598  | FLOOR smape=0.1268
         laya iter 1 -> best_ETS conf=0.3362 rank=1
         laya iter 2 -> trimmed_mean_full conf=0.5888 rank=5
         laya iter 3 -> trimmed_mean_full conf=0.3308 rank=5
         laya iter 4 -> trimmed_mean_full conf=0.3308 rank=5
         laya iter 5 -> trimmed_mean_full conf=0.3308 rank=5
[  51] best_single    score= 0.6508 origin=agent    iters=4 stop=no new information in 3 consecutive turns
         TEST  smape=0.0966  rmse=27.3718  pocid=85.71  mape=0.0970  | FLOOR smape=0.0896
         laya iter 1 -> best_ONLY_CWT_rf conf=0.8347 rank=1
         laya iter 2 -> best_ONLY_CWT_rf conf=0.8056 rank=1
         laya iter 3 -> best_ONLY_CWT_rf conf=0.8056 rank=1
         laya iter 4 -> best_ONLY_CWT_rf conf=0.8056 rank=1
[  52] median         score= 0.6638 origin=baseline iters=4 stop=no new information in 3 consecutive turns
         TEST  smape=0.0821  rmse=7.8417  pocid=85.71  mape=0.0789  | FLOOR smape=0.0821
         laya iter 1 -> best_ETS conf=0.4444 rank=5
         laya iter 2 -> best_ETS conf=0.8938 rank=5
         laya iter 3 -> best_ETS conf=0.8938 rank=5
         laya iter 4 -> best_ETS conf=0.8938 rank=5
[  53] trimmed_mean   score= 0.5847 origin=baseline iters=4 stop=no new information in 3 consecutive turns
         TEST  smape=0.1175  rmse=15.7569  pocid=28.57  mape=0.1172  | FLOOR smape=0.1175
         laya iter 1 -> best_NaiveMovingAverage conf=0.5661 rank=2
         laya iter 2 -> best_NaiveMovingAverage conf=0.9822 rank=2
         laya iter 3 -> best_NaiveMovingAverage conf=0.9822 rank=2
         laya iter 4 -> best_NaiveMovingAverage conf=0.9822 rank=2
[  54] best_single    score= 0.6434 origin=agent    iters=4 stop=no new information in 3 consecutive turns
         TEST  smape=0.0586  rmse=6.1930  pocid=85.71  mape=0.0607  | FLOOR smape=0.0587
         laya iter 1 -> best_ONLY_DWT_catboost conf=0.4929 rank=1
         laya iter 2 -> best_ONLY_DWT_catboost conf=0.4848 rank=1
         laya iter 3 -> best_ONLY_DWT_catboost conf=0.4848 rank=1
         laya iter 4 -> best_ONLY_DWT_catboost conf=0.4848 rank=1
[  55] best_single    score= 0.5863 origin=agent    iters=4 stop=no new information in 3 consecutive turns
         TEST  smape=0.1482  rmse=16.7520  pocid=42.86  mape=0.1472  | FLOOR smape=0.1519
         laya iter 1 -> best_ONLY_DWT_rf conf=0.5233 rank=1
         laya iter 2 -> best_ONLY_DWT_rf conf=0.4732 rank=1
         laya iter 3 -> best_ONLY_DWT_rf conf=0.4732 rank=1
         laya iter 4 -> best_ONLY_DWT_rf conf=0.4732 rank=1
[  56] best_single    score= 0.5907 origin=agent    iters=4 stop=no new information in 3 consecutive turns
         TEST  smape=0.1145  rmse=15.2827  pocid=0.00  mape=0.1115  | FLOOR smape=0.0754
         laya iter 1 -> best_ARIMA conf=0.289 rank=1
         laya iter 2 -> best_ARIMA conf=0.4162 rank=1
         laya iter 3 -> best_ARIMA conf=0.4162 rank=1
         laya iter 4 -> best_ARIMA conf=0.4162 rank=1
[  57] trimmed_mean   score= 0.5933 origin=baseline iters=4 stop=no new information in 3 consecutive turns
         TEST  smape=0.0757  rmse=14.8265  pocid=0.00  mape=0.0727  | FLOOR smape=0.0757
         laya iter 1 -> best_ETS conf=0.4327 rank=10
         laya iter 2 -> best_ETS conf=0.4327 rank=10
         laya iter 3 -> best_ETS conf=0.4327 rank=10
         laya iter 4 -> best_ETS conf=0.4327 rank=10
[  58] trimmed_mean   score= 0.6786 origin=baseline iters=4 stop=no new information in 3 consecutive turns
         TEST  smape=0.1799  rmse=18.9438  pocid=42.86  mape=0.1826  | FLOOR smape=0.1799
         laya iter 1 -> median_stable5 conf=0.3575 rank=10
         laya iter 2 -> median_stable5 conf=0.3575 rank=10
         laya iter 3 -> median_stable5 conf=0.3575 rank=10
         laya iter 4 -> median_stable5 conf=0.3575 rank=10
[  59] best_single    score= 0.5872 origin=agent    iters=4 stop=no new information in 3 consecutive turns
         TEST  smape=0.2371  rmse=30.1338  pocid=28.57  mape=0.2729  | FLOOR smape=0.1932
         laya iter 1 -> best_ETS conf=0.4467 rank=1
         laya iter 2 -> best_ETS conf=0.4527 rank=1
         laya iter 3 -> best_ETS conf=0.4527 rank=1
         laya iter 4 -> best_ETS conf=0.4527 rank=1
[  60] best_single    score= 0.5993 origin=agent    iters=4 stop=no new information in 3 consecutive turns
         TEST  smape=0.0695  rmse=9.3157  pocid=28.57  mape=0.0678  | FLOOR smape=0.0564
         laya iter 1 -> best_ONLY_DWT_catboost conf=0.8301 rank=1
         laya iter 2 -> best_ONLY_DWT_catboost conf=0.7493 rank=1
         laya iter 3 -> best_ONLY_DWT_catboost conf=0.7493 rank=1
         laya iter 4 -> best_ONLY_DWT_catboost conf=0.7493 rank=1
[  61] trimmed_mean   score= 0.6373 origin=baseline iters=4 stop=no new information in 3 consecutive turns
         TEST  smape=0.1226  rmse=21.1952  pocid=28.57  mape=0.1327  | FLOOR smape=0.1226
         laya iter 1 -> best_ETS conf=0.4642 rank=8
         laya iter 2 -> best_ETS conf=0.4642 rank=8
         laya iter 3 -> best_ETS conf=0.4642 rank=8
         laya iter 4 -> best_ETS conf=0.4642 rank=8
[  62] mean           score= 0.7197 origin=baseline iters=4 stop=no new information in 3 consecutive turns
         TEST  smape=0.0775  rmse=10.5140  pocid=71.43  mape=0.0830  | FLOOR smape=0.0775
         laya iter 1 -> best_ONLY_FT_rf conf=0.4465 rank=9
         laya iter 2 -> best_ONLY_FT_rf conf=0.4465 rank=9
         laya iter 3 -> best_ONLY_FT_rf conf=0.4465 rank=9
         laya iter 4 -> best_ONLY_FT_rf conf=0.4465 rank=9
[  63] best_single    score= 0.6251 origin=agent    iters=4 stop=no new information in 3 consecutive turns
         TEST  smape=0.1614  rmse=14.3574  pocid=57.14  mape=0.1537  | FLOOR smape=0.1190
         laya iter 1 -> best_ONLY_FT_catboost conf=0.8711 rank=1
         laya iter 2 -> best_ONLY_FT_catboost conf=0.9286 rank=1
         laya iter 3 -> best_ONLY_FT_catboost conf=0.9286 rank=1
         laya iter 4 -> best_ONLY_FT_catboost conf=0.9286 rank=1
[  64] best_single    score= 0.7125 origin=agent    iters=4 stop=no new information in 3 consecutive turns
         TEST  smape=0.1537  rmse=32.1578  pocid=0.00  mape=0.1416  | FLOOR smape=0.1143
         laya iter 1 -> best_ARIMA conf=0.3026 rank=1
         laya iter 2 -> best_ARIMA conf=0.3177 rank=1
         laya iter 3 -> best_ARIMA conf=0.3177 rank=1
         laya iter 4 -> best_ARIMA conf=0.3177 rank=1
[  65] dba            score= 0.6577 origin=baseline iters=4 stop=no new information in 3 consecutive turns
         TEST  smape=0.1253  rmse=27.1082  pocid=42.86  mape=0.1283  | FLOOR smape=0.1253
         laya iter 1 -> best_ETS conf=0.3715 rank=8
         laya iter 2 -> best_ETS conf=0.3715 rank=8
         laya iter 3 -> best_ETS conf=0.3715 rank=8
         laya iter 4 -> best_ETS conf=0.3715 rank=8
[  66] best_single    score= 0.5505 origin=agent    iters=4 stop=no new information in 3 consecutive turns
         TEST  smape=0.0877  rmse=20.0936  pocid=71.43  mape=0.0855  | FLOOR smape=0.0750
         laya iter 1 -> best_ONLY_FT_catboost conf=0.7986 rank=1
         laya iter 2 -> best_ONLY_FT_catboost conf=0.9967 rank=1
         laya iter 3 -> best_ONLY_FT_catboost conf=0.9967 rank=1
         laya iter 4 -> best_ONLY_FT_catboost conf=0.9967 rank=1
[  67] best_single    score= 0.5236 origin=agent    iters=4 stop=no new information in 3 consecutive turns
         TEST  smape=0.1361  rmse=50.4637  pocid=28.57  mape=0.1526  | FLOOR smape=0.1476
         laya iter 1 -> best_ONLY_DWT_catboost conf=0.7399 rank=1
         laya iter 2 -> best_ONLY_DWT_catboost conf=0.8356 rank=1
         laya iter 3 -> best_ONLY_DWT_catboost conf=0.8356 rank=1
         laya iter 4 -> best_ONLY_DWT_catboost conf=0.8356 rank=1
[  68] best_single    score= 0.7059 origin=agent    iters=4 stop=no new information in 3 consecutive turns
         TEST  smape=0.1034  rmse=13.5854  pocid=42.86  mape=0.1035  | FLOOR smape=0.0983
         laya iter 1 -> best_FT_catboost conf=0.6147 rank=1
         laya iter 2 -> best_FT_catboost conf=0.7262 rank=1
         laya iter 3 -> best_FT_catboost conf=0.7262 rank=1
         laya iter 4 -> best_FT_catboost conf=0.7262 rank=1
[  69] mean           score= 0.6952 origin=baseline iters=4 stop=no new information in 3 consecutive turns
         TEST  smape=0.1305  rmse=18.9446  pocid=14.29  mape=0.1463  | FLOOR smape=0.1305
         laya iter 1 -> best_CWT_rf conf=0.6161 rank=6
         laya iter 2 -> best_CWT_rf conf=0.5909 rank=6
         laya iter 3 -> best_CWT_rf conf=0.5909 rank=6
         laya iter 4 -> best_CWT_rf conf=0.5909 rank=6
[  70] dba            score= 0.6383 origin=baseline iters=4 stop=no new information in 3 consecutive turns
         TEST  smape=0.1595  rmse=16.2623  pocid=57.14  mape=0.1687  | FLOOR smape=0.1595
         laya iter 1 -> best_ETS conf=0.5261 rank=4
         laya iter 2 -> best_ETS conf=0.6857 rank=4
         laya iter 3 -> best_ETS conf=0.6857 rank=4
         laya iter 4 -> best_ETS conf=0.6857 rank=4
[  71] mean           score= 0.6857 origin=baseline iters=4 stop=no new information in 3 consecutive turns
         TEST  smape=0.0851  rmse=10.9971  pocid=28.57  mape=0.0856  | FLOOR smape=0.0851
         laya iter 1 -> best_ONLY_DWT_catboost conf=0.7769 rank=6
         laya iter 2 -> best_ONLY_DWT_catboost conf=0.7781 rank=6
         laya iter 3 -> best_ONLY_DWT_catboost conf=0.7781 rank=6
         laya iter 4 -> best_ONLY_DWT_catboost conf=0.7781 rank=6
[  72] best_single    score= 0.6508 origin=agent    iters=4 stop=no new information in 3 consecutive turns
         TEST  smape=0.2651  rmse=49.8967  pocid=57.14  mape=0.3521  | FLOOR smape=0.1378
         laya iter 1 -> best_FT_rf conf=0.4458 rank=1
         laya iter 2 -> best_FT_rf conf=0.7288 rank=1
         laya iter 3 -> best_FT_rf conf=0.7288 rank=1
         laya iter 4 -> best_FT_rf conf=0.7288 rank=1
[  73] best_single    score= 0.6553 origin=agent    iters=4 stop=no new information in 3 consecutive turns
         TEST  smape=0.1390  rmse=16.6770  pocid=0.00  mape=0.1288  | FLOOR smape=0.1579
         laya iter 1 -> best_ETS conf=0.8966 rank=1
         laya iter 2 -> best_ETS conf=0.9306 rank=1
         laya iter 3 -> best_ETS conf=0.9306 rank=1
         laya iter 4 -> best_ETS conf=0.9306 rank=1
[  74] best_single    score= 0.5930 origin=agent    iters=4 stop=no new information in 3 consecutive turns
         TEST  smape=0.1488  rmse=18.7088  pocid=42.86  mape=0.1635  | FLOOR smape=0.1377
         laya iter 1 -> best_ONLY_DWT_catboost conf=0.7713 rank=1
         laya iter 2 -> best_ONLY_DWT_catboost conf=0.8063 rank=1
         laya iter 3 -> best_ONLY_DWT_catboost conf=0.8063 rank=1
         laya iter 4 -> best_ONLY_DWT_catboost conf=0.8063 rank=1
[  75] best_single    score= 0.3503 origin=agent    iters=4 stop=no new information in 3 consecutive turns
         TEST  smape=0.1477  rmse=17.6327  pocid=42.86  mape=0.1360  | FLOOR smape=0.1245
         laya iter 1 -> best_ETS conf=0.2739 rank=1
         laya iter 2 -> best_ETS conf=0.601 rank=1
         laya iter 3 -> best_ETS conf=0.601 rank=1
         laya iter 4 -> best_ETS conf=0.601 rank=1
[  76] mean           score= 0.5996 origin=baseline iters=4 stop=no new information in 3 consecutive turns
         TEST  smape=0.0786  rmse=11.7526  pocid=57.14  mape=0.0820  | FLOOR smape=0.0786
         laya iter 1 -> best_ETS conf=0.349 rank=10
         laya iter 2 -> best_ETS conf=0.349 rank=10
         laya iter 3 -> best_ETS conf=0.349 rank=10
         laya iter 4 -> best_ETS conf=0.349 rank=10
[  77] mean           score= 0.5843 origin=baseline iters=4 stop=no new information in 3 consecutive turns
         TEST  smape=0.0885  rmse=17.1500  pocid=42.86  mape=0.0933  | FLOOR smape=0.0885
         laya iter 1 -> best_rf conf=0.5169 rank=3
         laya iter 2 -> best_rf conf=0.6052 rank=3
         laya iter 3 -> best_rf conf=0.6052 rank=3
         laya iter 4 -> best_rf conf=0.6052 rank=3
[  78] trimmed_mean   score= 0.6282 origin=baseline iters=4 stop=no new information in 3 consecutive turns
         TEST  smape=0.1014  rmse=13.7804  pocid=14.29  mape=0.0958  | FLOOR smape=0.1014
         laya iter 1 -> median_top5 conf=0.5307 rank=10
         laya iter 2 -> median_top5 conf=0.5307 rank=10
         laya iter 3 -> median_top5 conf=0.5307 rank=10
         laya iter 4 -> median_top5 conf=0.5307 rank=10
[  79] best_single    score= 0.6269 origin=agent    iters=4 stop=no new information in 3 consecutive turns
         TEST  smape=0.1549  rmse=26.2244  pocid=85.71  mape=0.1529  | FLOOR smape=0.1177
         laya iter 1 -> best_FT_rf conf=0.7286 rank=1
         laya iter 2 -> best_FT_rf conf=0.9206 rank=1
         laya iter 3 -> best_FT_rf conf=0.9206 rank=1
         laya iter 4 -> best_FT_rf conf=0.9206 rank=1
[  80] trimmed_mean   score= 0.6175 origin=baseline iters=4 stop=no new information in 3 consecutive turns
         TEST  smape=0.1695  rmse=12.9178  pocid=0.00  mape=0.1919  | FLOOR smape=0.1695
         laya iter 1 -> best_ONLY_CWT_catboost conf=0.3889 rank=9
         laya iter 2 -> best_ONLY_CWT_catboost conf=0.3889 rank=9
         laya iter 3 -> best_ONLY_CWT_catboost conf=0.3889 rank=9
         laya iter 4 -> best_ONLY_CWT_catboost conf=0.3889 rank=9
[  81] best_single    score= 0.4992 origin=agent    iters=4 stop=no new information in 3 consecutive turns
         TEST  smape=0.1587  rmse=16.7502  pocid=71.43  mape=0.1451  | FLOOR smape=0.1137
         laya iter 1 -> best_ETS conf=0.4787 rank=1
         laya iter 2 -> best_ETS conf=0.4176 rank=1
         laya iter 3 -> best_ETS conf=0.4176 rank=1
         laya iter 4 -> best_ETS conf=0.4176 rank=1
[  82] best_single    score= 0.6672 origin=agent    iters=5 stop=no new information in 3 consecutive turns
         TEST  smape=0.1134  rmse=33.5712  pocid=57.14  mape=0.1205  | FLOOR smape=0.1296
         laya iter 1 -> median_stable5 conf=0.6139 rank=1
         laya iter 2 -> best_ONLY_FT_rf conf=0.9943 rank=1
         laya iter 3 -> best_ONLY_FT_rf conf=0.9999 rank=1
         laya iter 4 -> best_ONLY_FT_rf conf=0.9999 rank=1
         laya iter 5 -> best_ONLY_FT_rf conf=0.9999 rank=1
[  83] best_single    score= 0.6834 origin=agent    iters=4 stop=no new information in 3 consecutive turns
         TEST  smape=0.1108  rmse=18.8219  pocid=57.14  mape=0.1044  | FLOOR smape=0.1207
         laya iter 1 -> best_ONLY_FT_catboost conf=0.6904 rank=1
         laya iter 2 -> best_ONLY_FT_catboost conf=0.9845 rank=1
         laya iter 3 -> best_ONLY_FT_catboost conf=0.9845 rank=1
         laya iter 4 -> best_ONLY_FT_catboost conf=0.9845 rank=1
[  84] best_single    score= 0.6686 origin=agent    iters=4 stop=no new information in 3 consecutive turns
         TEST  smape=0.1398  rmse=15.0241  pocid=28.57  mape=0.1589  | FLOOR smape=0.1366
         laya iter 1 -> best_NaiveMovingAverage conf=0.9733 rank=1
         laya iter 2 -> best_NaiveMovingAverage conf=0.9934 rank=1
         laya iter 3 -> best_NaiveMovingAverage conf=0.9934 rank=1
         laya iter 4 -> best_NaiveMovingAverage conf=0.9934 rank=1
[  85] best_single    score= 0.6329 origin=agent    iters=4 stop=no new information in 3 consecutive turns
         TEST  smape=0.0974  rmse=10.4743  pocid=71.43  mape=0.0974  | FLOOR smape=0.0844
         laya iter 1 -> best_ONLY_FT_catboost conf=0.8973 rank=1
         laya iter 2 -> best_ONLY_FT_catboost conf=0.972 rank=1
         laya iter 3 -> best_ONLY_FT_catboost conf=0.972 rank=1
         laya iter 4 -> best_ONLY_FT_catboost conf=0.972 rank=1
[  86] best_single    score= 0.6230 origin=agent    iters=4 stop=no new information in 3 consecutive turns
         TEST  smape=0.0857  rmse=13.4324  pocid=57.14  mape=0.0857  | FLOOR smape=0.0894
         laya iter 1 -> best_rf conf=0.3731 rank=1
         laya iter 2 -> best_rf conf=0.379 rank=1
         laya iter 3 -> best_rf conf=0.379 rank=1
         laya iter 4 -> best_rf conf=0.379 rank=1
[  87] mean           score= 0.7048 origin=baseline iters=4 stop=no new information in 3 consecutive turns
         TEST  smape=0.4153  rmse=42.4032  pocid=71.43  mape=0.6494  | FLOOR smape=0.4153
         laya iter 1 -> best_NaiveMovingAverage conf=1.0 rank=9
         laya iter 2 -> best_NaiveMovingAverage conf=1.0 rank=9
         laya iter 3 -> best_NaiveMovingAverage conf=1.0 rank=9
         laya iter 4 -> best_NaiveMovingAverage conf=1.0 rank=9
[  88] median         score= 0.6488 origin=baseline iters=4 stop=no new information in 3 consecutive turns
         TEST  smape=0.3900  rmse=28.7573  pocid=71.43  mape=0.5437  | FLOOR smape=0.3900
         laya iter 1 -> best_ONLY_CWT_catboost conf=0.8376 rank=4
         laya iter 2 -> best_ONLY_CWT_catboost conf=0.8989 rank=4
         laya iter 3 -> best_ONLY_CWT_catboost conf=0.8989 rank=4
         laya iter 4 -> best_ONLY_CWT_catboost conf=0.8989 rank=4
[  89] median         score= 0.6878 origin=baseline iters=4 stop=no new information in 3 consecutive turns
         TEST  smape=0.1170  rmse=19.8321  pocid=28.57  mape=0.1294  | FLOOR smape=0.1170
         laya iter 1 -> best_FT_rf conf=0.9801 rank=2
         laya iter 2 -> best_FT_rf conf=0.9797 rank=2
         laya iter 3 -> best_FT_rf conf=0.9797 rank=2
         laya iter 4 -> best_FT_rf conf=0.9797 rank=2
[  90] mean           score= 0.6163 origin=baseline iters=4 stop=no new information in 3 consecutive turns
         TEST  smape=0.0993  rmse=13.2988  pocid=57.14  mape=0.1112  | FLOOR smape=0.0993
         laya iter 1 -> best_ETS conf=0.6898 rank=10
         laya iter 2 -> best_ETS conf=0.6898 rank=10
         laya iter 3 -> best_ETS conf=0.6898 rank=10
         laya iter 4 -> best_ETS conf=0.6898 rank=10
[  91] mean           score= 0.6052 origin=baseline iters=4 stop=no new information in 3 consecutive turns
         TEST  smape=0.1806  rmse=21.6758  pocid=57.14  mape=0.1667  | FLOOR smape=0.1806
         laya iter 1 -> best_NaiveMovingAverage conf=0.465 rank=3
         laya iter 2 -> best_NaiveMovingAverage conf=0.4515 rank=3
         laya iter 3 -> best_NaiveMovingAverage conf=0.4515 rank=3
         laya iter 4 -> best_NaiveMovingAverage conf=0.4515 rank=3
[  92] dba            score= 0.6467 origin=baseline iters=4 stop=no new information in 3 consecutive turns
         TEST  smape=0.1299  rmse=27.6728  pocid=71.43  mape=0.1214  | FLOOR smape=0.1299
         laya iter 1 -> best_ONLY_DWT_catboost conf=0.62 rank=3
         laya iter 2 -> best_ONLY_DWT_catboost conf=0.906 rank=3
         laya iter 3 -> best_ONLY_DWT_catboost conf=0.906 rank=3
         laya iter 4 -> best_ONLY_DWT_catboost conf=0.906 rank=3
[  93] best_single    score= 0.4692 origin=agent    iters=4 stop=no new information in 3 consecutive turns
         TEST  smape=0.1284  rmse=18.4865  pocid=0.00  mape=0.1292  | FLOOR smape=0.1256
         laya iter 1 -> best_ETS conf=0.3861 rank=1
         laya iter 2 -> best_ETS conf=0.4329 rank=1
         laya iter 3 -> best_ETS conf=0.4329 rank=1
         laya iter 4 -> best_ETS conf=0.4329 rank=1
[  94] trimmed_mean   score= 0.6267 origin=baseline iters=4 stop=no new information in 3 consecutive turns
         TEST  smape=0.0954  rmse=18.6102  pocid=57.14  mape=0.0906  | FLOOR smape=0.0954
         laya iter 1 -> best_ETS conf=0.2036 rank=10
         laya iter 2 -> best_ETS conf=0.2036 rank=10
         laya iter 3 -> best_ETS conf=0.2036 rank=10
         laya iter 4 -> best_ETS conf=0.2036 rank=10
[  95] dba            score= 0.6534 origin=baseline iters=4 stop=no new information in 3 consecutive turns
         TEST  smape=0.0423  rmse=8.6894  pocid=71.43  mape=0.0415  | FLOOR smape=0.0423
         laya iter 1 -> best_NaiveMovingAverage conf=0.7598 rank=2
         laya iter 2 -> best_NaiveMovingAverage conf=0.9842 rank=2
         laya iter 3 -> best_NaiveMovingAverage conf=0.9842 rank=2
         laya iter 4 -> best_NaiveMovingAverage conf=0.9842 rank=2
[  96] best_single    score= 0.4726 origin=agent    iters=4 stop=no new information in 3 consecutive turns
         TEST  smape=0.1417  rmse=15.9605  pocid=71.43  mape=0.1304  | FLOOR smape=0.1002
         laya iter 1 -> best_ONLY_DWT_rf conf=0.4659 rank=1
         laya iter 2 -> best_ONLY_DWT_rf conf=0.8592 rank=1
         laya iter 3 -> best_ONLY_DWT_rf conf=0.8592 rank=1
         laya iter 4 -> best_ONLY_DWT_rf conf=0.8592 rank=1
[  97] best_single    score= 0.6825 origin=agent    iters=4 stop=no new information in 3 consecutive turns
         TEST  smape=0.1184  rmse=26.8952  pocid=42.86  mape=0.1444  | FLOOR smape=0.1185
         laya iter 1 -> best_NaiveMovingAverage conf=0.5254 rank=1
         laya iter 2 -> best_NaiveMovingAverage conf=0.7982 rank=1
         laya iter 3 -> best_NaiveMovingAverage conf=0.7982 rank=1
         laya iter 4 -> best_NaiveMovingAverage conf=0.7982 rank=1
[  98] dba            score= 0.6345 origin=baseline iters=4 stop=no new information in 3 consecutive turns
         TEST  smape=0.1435  rmse=19.7560  pocid=28.57  mape=0.1363  | FLOOR smape=0.1435
         laya iter 1 -> best_ONLY_FT_rf conf=0.8664 rank=2
         laya iter 2 -> best_ONLY_FT_rf conf=0.9488 rank=2
         laya iter 3 -> best_ONLY_FT_rf conf=0.9488 rank=2
         laya iter 4 -> best_ONLY_FT_rf conf=0.9488 rank=2
[  99] best_single    score= 0.3769 origin=agent    iters=5 stop=no new information in 3 consecutive turns
         TEST  smape=0.0619  rmse=8.1202  pocid=42.86  mape=0.0614  | FLOOR smape=0.0674
         laya iter 1 -> median_top5 conf=0.3888 rank=3
         laya iter 2 -> best_ETS conf=0.4182 rank=1
         laya iter 3 -> best_ETS conf=0.4837 rank=1
         laya iter 4 -> best_ETS conf=0.4837 rank=1
         laya iter 5 -> best_ETS conf=0.4837 rank=1
[ 100] best_single    score= 0.4961 origin=agent    iters=5 stop=no new information in 3 consecutive turns
         TEST  smape=0.1122  rmse=18.6949  pocid=0.00  mape=0.1137  | FLOOR smape=0.1093
         laya iter 1 -> best_ETS conf=0.2588 rank=1
         laya iter 2 -> median_top5 conf=0.7496 rank=2
         laya iter 3 -> median_top5 conf=0.3881 rank=2
         laya iter 4 -> median_top5 conf=0.3881 rank=2
         laya iter 5 -> median_top5 conf=0.3881 rank=2
[ 101] best_single    score= 0.4368 origin=agent    iters=4 stop=no new information in 3 consecutive turns
         TEST  smape=0.0956  rmse=15.0310  pocid=0.00  mape=0.0950  | FLOOR smape=0.0915
         laya iter 1 -> best_NaiveMovingAverage conf=0.4149 rank=1
         laya iter 2 -> best_NaiveMovingAverage conf=0.6392 rank=1
         laya iter 3 -> best_NaiveMovingAverage conf=0.6392 rank=1
         laya iter 4 -> best_NaiveMovingAverage conf=0.6392 rank=1
[ 102] trimmed_mean   score= 0.7090 origin=baseline iters=4 stop=no new information in 3 consecutive turns
         TEST  smape=0.1511  rmse=10.9337  pocid=42.86  mape=0.1403  | FLOOR smape=0.1511
         laya iter 1 -> best_ONLY_CWT_rf conf=0.8879 rank=7
         laya iter 2 -> best_ONLY_CWT_rf conf=0.8879 rank=7
         laya iter 3 -> best_ONLY_CWT_rf conf=0.8879 rank=7
         laya iter 4 -> best_ONLY_CWT_rf conf=0.8879 rank=7
[ 103] best_single    score= 0.5998 origin=agent    iters=4 stop=no new information in 3 consecutive turns
         TEST  smape=0.0775  rmse=14.3300  pocid=71.43  mape=0.0767  | FLOOR smape=0.1008
         laya iter 1 -> best_ONLY_CWT_catboost conf=0.6699 rank=1
         laya iter 2 -> best_ONLY_CWT_catboost conf=0.674 rank=1
         laya iter 3 -> best_ONLY_CWT_catboost conf=0.674 rank=1
         laya iter 4 -> best_ONLY_CWT_catboost conf=0.674 rank=1
[ 104] median         score= 0.6796 origin=baseline iters=4 stop=no new information in 3 consecutive turns
         TEST  smape=0.0414  rmse=5.8662  pocid=57.14  mape=0.0421  | FLOOR smape=0.0414
         laya iter 1 -> best_ONLY_DWT_catboost conf=0.7682 rank=2
         laya iter 2 -> best_ONLY_DWT_catboost conf=0.8596 rank=2
         laya iter 3 -> best_ONLY_DWT_catboost conf=0.8596 rank=2
         laya iter 4 -> best_ONLY_DWT_catboost conf=0.8596 rank=2
[ 105] median         score= 0.6583 origin=baseline iters=4 stop=no new information in 3 consecutive turns
         TEST  smape=0.0585  rmse=9.9628  pocid=57.14  mape=0.0591  | FLOOR smape=0.0585
         laya iter 1 -> best_ONLY_DWT_rf conf=0.9264 rank=6
         laya iter 2 -> best_ONLY_DWT_rf conf=0.9672 rank=6
         laya iter 3 -> best_ONLY_DWT_rf conf=0.9672 rank=6
         laya iter 4 -> best_ONLY_DWT_rf conf=0.9672 rank=6
[ 106] trimmed_mean   score= 0.5707 origin=baseline iters=4 stop=no new information in 3 consecutive turns
         TEST  smape=0.1564  rmse=20.2491  pocid=0.00  mape=0.1714  | FLOOR smape=0.1564
         laya iter 1 -> best_ETS conf=0.3742 rank=7
         laya iter 2 -> best_ETS conf=0.3742 rank=7
         laya iter 3 -> best_ETS conf=0.3742 rank=7
         laya iter 4 -> best_ETS conf=0.3742 rank=7
[ 107] best_single    score= 0.5802 origin=agent    iters=4 stop=no new information in 3 consecutive turns
         TEST  smape=0.1189  rmse=16.6764  pocid=42.86  mape=0.1296  | FLOOR smape=0.1064
         laya iter 1 -> best_NaiveMovingAverage conf=0.7242 rank=1
         laya iter 2 -> best_NaiveMovingAverage conf=0.8832 rank=1
         laya iter 3 -> best_NaiveMovingAverage conf=0.8832 rank=1
         laya iter 4 -> best_NaiveMovingAverage conf=0.8832 rank=1
[ 108] mean           score= 0.6762 origin=baseline iters=4 stop=no new information in 3 consecutive turns
         TEST  smape=0.0835  rmse=17.3461  pocid=57.14  mape=0.0799  | FLOOR smape=0.0835
         laya iter 1 -> best_ETS conf=0.2893 rank=7
         laya iter 2 -> best_ETS conf=0.2893 rank=7
         laya iter 3 -> best_ETS conf=0.2893 rank=7
         laya iter 4 -> best_ETS conf=0.2893 rank=7
[ 109] best_single    score= 0.5084 origin=agent    iters=4 stop=no new information in 3 consecutive turns
         TEST  smape=0.2277  rmse=64.1559  pocid=57.14  mape=0.2179  | FLOOR smape=0.3514
         laya iter 1 -> best_NaiveMovingAverage conf=0.4827 rank=1
         laya iter 2 -> best_NaiveMovingAverage conf=0.9976 rank=1
         laya iter 3 -> best_NaiveMovingAverage conf=0.9976 rank=1
         laya iter 4 -> best_NaiveMovingAverage conf=0.9976 rank=1
[ 110] trimmed_mean   score= 0.6209 origin=baseline iters=4 stop=no new information in 3 consecutive turns
         TEST  smape=0.1009  rmse=13.8069  pocid=28.57  mape=0.0952  | FLOOR smape=0.1009
         laya iter 1 -> best_ONLY_DWT_rf conf=0.6948 rank=10
         laya iter 2 -> best_ONLY_DWT_rf conf=0.6948 rank=10
         laya iter 3 -> best_ONLY_DWT_rf conf=0.6948 rank=10
         laya iter 4 -> best_ONLY_DWT_rf conf=0.6948 rank=10
--------------------------------------------------------------------------
done in 32.7s | ok: 111 | failed: 0
DATASET SUMMARY over 111 series (mean across series):
  this run   smape=0.1228  rmse=19.0679  pocid=44.66  mape=0.1293  mae=15.7019
  baseline   smape=0.1156  rmse=18.2258  pocid=46.46  mape=0.1207  <- this run is WORSE than the seed floor
  mean       smape=0.1199  rmse=18.8837  pocid=44.53  mape=0.1241
  median     smape=0.1201  rmse=18.6626  pocid=46.20  mape=0.1238
  dba        smape=0.1226  rmse=19.3352  pocid=46.46  mape=0.1265  <- this run is better
  ADE        smape=0.1178  rmse=18.5121  pocid=45.05  mape=0.1219
  FFORMA     smape=0.1197  rmse=18.8493  pocid=44.66  mape=0.1239
csv: ./timeseries/mestrado/resultados/orchestrator_laya_laya_v2_raw/NN5_WEEKLY_DATASET.csv
dataset      : M4_WEEKLY_DATASET
source       : m4_weekly_dataset.tsf
models       : 19
agent        : laya-multilingual (max_len=8192)
writing to   : ./timeseries/mestrado/resultados/orchestrator_laya_laya_v2_raw
--------------------------------------------------------------------------
Fetching 5 files:   0%|          | 0/5 [00:00<?, ?it/s]Fetching 5 files: 100%|██████████| 5/5 [00:00<00:00, 3664.43it/s]
[   0] best_single    score= 0.0398 origin=agent    iters=5 stop=no new information in 3 consecutive turns
         TEST  smape=0.0341  rmse=1780.1914  pocid=25.00  mape=0.0353  | FLOOR smape=0.0374
         laya iter 1 -> median_top5 conf=0.9256 rank=2
         laya iter 2 -> best_ONLY_DWT_rf conf=0.5894 rank=1
         laya iter 3 -> best_ONLY_DWT_rf conf=0.5744 rank=1
         laya iter 4 -> best_ONLY_DWT_rf conf=0.5744 rank=1
         laya iter 5 -> best_ONLY_DWT_rf conf=0.5744 rank=1
[   1] best_single    score=-0.0491 origin=agent    iters=4 stop=no new information in 3 consecutive turns
         TEST  smape=0.0397  rmse=186.9013  pocid=66.67  mape=0.0411  | FLOOR smape=0.0358
         laya iter 1 -> best_ONLY_CWT_rf conf=0.889 rank=1
         laya iter 2 -> best_ONLY_CWT_rf conf=0.9085 rank=1
         laya iter 3 -> best_ONLY_CWT_rf conf=0.9085 rank=1
         laya iter 4 -> best_ONLY_CWT_rf conf=0.9085 rank=1
[   2] best_single    score=-0.1443 origin=agent    iters=4 stop=no new information in 3 consecutive turns
         TEST  smape=0.0036  rmse=53.0568  pocid=100.00  mape=0.0035  | FLOOR smape=0.0072
         laya iter 1 -> best_ONLY_DWT_rf conf=0.6654 rank=1
         laya iter 2 -> best_ONLY_DWT_rf conf=0.8127 rank=1
         laya iter 3 -> best_ONLY_DWT_rf conf=0.8127 rank=1
         laya iter 4 -> best_ONLY_DWT_rf conf=0.8127 rank=1
[   3] best_single    score= 0.1800 origin=agent    iters=5 stop=no new information in 3 consecutive turns
         TEST  smape=0.2046  rmse=755.5637  pocid=66.67  mape=0.1779  | FLOOR smape=0.1715
         laya iter 1 -> best_ONLY_CWT_catboost conf=0.604 rank=1
         laya iter 2 -> median_top5 conf=0.6051 rank=4
         laya iter 3 -> best_ONLY_CWT_catboost conf=0.8307 rank=1
         laya iter 4 -> best_ONLY_CWT_catboost conf=0.8307 rank=1
         laya iter 5 -> best_ONLY_CWT_catboost conf=0.8307 rank=1
[   4] mean           score= 0.2276 origin=baseline iters=4 stop=no new information in 3 consecutive turns
         TEST  smape=0.1239  rmse=304.6077  pocid=66.67  mape=0.1251  | FLOOR smape=0.1239
         laya iter 1 -> best_FT_rf conf=0.8976 rank=3
         laya iter 2 -> best_FT_rf conf=0.9515 rank=3
         laya iter 3 -> best_FT_rf conf=0.9515 rank=3
         laya iter 4 -> best_FT_rf conf=0.9515 rank=3
[   5] best_single    score= 0.4030 origin=agent    iters=4 stop=no new information in 3 consecutive turns
         TEST  smape=0.2877  rmse=303.2396  pocid=33.33  mape=0.2374  | FLOOR smape=0.2997
         laya iter 1 -> best_ONLY_CWT_catboost conf=0.993 rank=1
         laya iter 2 -> best_ONLY_CWT_catboost conf=0.9978 rank=1
         laya iter 3 -> best_ONLY_CWT_catboost conf=0.9978 rank=1
         laya iter 4 -> best_ONLY_CWT_catboost conf=0.9978 rank=1
[   6] best_single    score= 0.2356 origin=agent    iters=4 stop=no new information in 3 consecutive turns
         TEST  smape=0.3363  rmse=1827.2417  pocid=50.00  mape=0.2763  | FLOOR smape=0.2823
         laya iter 1 -> best_FT_rf conf=0.6088 rank=1
         laya iter 2 -> best_FT_rf conf=0.686 rank=1
         laya iter 3 -> best_FT_rf conf=0.686 rank=1
         laya iter 4 -> best_FT_rf conf=0.686 rank=1
[   7] best_single    score= 0.5062 origin=agent    iters=4 stop=no new information in 3 consecutive turns
         TEST  smape=0.3420  rmse=1942.1314  pocid=50.00  mape=0.4224  | FLOOR smape=0.3456
         laya iter 1 -> best_FT_rf conf=0.4967 rank=1
         laya iter 2 -> best_FT_rf conf=0.6542 rank=1
         laya iter 3 -> best_FT_rf conf=0.6542 rank=1
         laya iter 4 -> best_FT_rf conf=0.6542 rank=1
[   8] best_single    score= 0.3487 origin=agent    iters=4 stop=no new information in 3 consecutive turns
         TEST  smape=0.1159  rmse=1334.0653  pocid=58.33  mape=0.1267  | FLOOR smape=0.1106
         laya iter 1 -> best_ONLY_CWT_catboost conf=0.8236 rank=1
         laya iter 2 -> best_ONLY_CWT_catboost conf=0.7927 rank=1
         laya iter 3 -> best_ONLY_CWT_catboost conf=0.7927 rank=1
         laya iter 4 -> best_ONLY_CWT_catboost conf=0.7927 rank=1
[   9] trimmed_mean   score= 0.0280 origin=baseline iters=4 stop=no new information in 3 consecutive turns
         TEST  smape=0.6248  rmse=5630.7468  pocid=8.33  mape=0.9657  | FLOOR smape=0.6248
         laya iter 1 -> best_NaiveMovingAverage conf=0.5369 rank=3
         laya iter 2 -> best_NaiveMovingAverage conf=0.6199 rank=3
         laya iter 3 -> best_NaiveMovingAverage conf=0.6199 rank=3
         laya iter 4 -> best_NaiveMovingAverage conf=0.6199 rank=3
[  10] best_single    score= 0.1385 origin=agent    iters=4 stop=no new information in 3 consecutive turns
         TEST  smape=0.0775  rmse=30.8684  pocid=75.00  mape=0.0794  | FLOOR smape=0.0760
         laya iter 1 -> best_CWT_catboost conf=0.6297 rank=1
         laya iter 2 -> best_CWT_catboost conf=0.6418 rank=1
         laya iter 3 -> best_CWT_catboost conf=0.6418 rank=1
         laya iter 4 -> best_CWT_catboost conf=0.6418 rank=1
[  11] best_single    score= 0.5992 origin=agent    iters=6 stop=no new information in 3 consecutive turns
         TEST  smape=0.0157  rmse=19.9649  pocid=50.00  mape=0.0156  | FLOOR smape=0.0286
         laya iter 1 -> median_top5 conf=0.4929 rank=2
         laya iter 2 -> best_ONLY_FT_catboost conf=0.5318 rank=1
         laya iter 3 -> best_ONLY_FT_rf conf=0.6779 rank=1
         laya iter 4 -> median_top5 conf=0.4802 rank=4
         laya iter 5 -> median_top5 conf=0.4802 rank=4
         laya iter 6 -> median_top5 conf=0.4802 rank=4
[  12] best_single    score= 0.3552 origin=agent    iters=4 stop=no new information in 3 consecutive turns
         TEST  smape=0.0571  rmse=164.6412  pocid=41.67  mape=0.0548  | FLOOR smape=0.0242
         laya iter 1 -> best_ONLY_FT_rf conf=0.9859 rank=1
         laya iter 2 -> best_ONLY_FT_rf conf=0.9989 rank=1
         laya iter 3 -> best_ONLY_FT_rf conf=0.9989 rank=1
         laya iter 4 -> best_ONLY_FT_rf conf=0.9989 rank=1
[  13] best_single    score= 0.2174 origin=agent    iters=4 stop=no new information in 3 consecutive turns
         TEST  smape=0.0645  rmse=187.0463  pocid=58.33  mape=0.0674  | FLOOR smape=0.0455
         laya iter 1 -> best_ONLY_DWT_catboost conf=0.7148 rank=1
         laya iter 2 -> best_ONLY_DWT_catboost conf=0.5492 rank=1
         laya iter 3 -> best_ONLY_DWT_catboost conf=0.5492 rank=1
         laya iter 4 -> best_ONLY_DWT_catboost conf=0.5492 rank=1
[  14] median         score= 0.5119 origin=baseline iters=4 stop=no new information in 3 consecutive turns
         TEST  smape=0.1277  rmse=629.8445  pocid=50.00  mape=0.1386  | FLOOR smape=0.1277
         laya iter 1 -> best_ONLY_DWT_catboost conf=0.5547 rank=2
         laya iter 2 -> best_ONLY_DWT_catboost conf=0.6117 rank=2
         laya iter 3 -> best_ONLY_DWT_catboost conf=0.6117 rank=2
         laya iter 4 -> best_ONLY_DWT_catboost conf=0.6117 rank=2
[  15] median         score= 0.5733 origin=baseline iters=4 stop=no new information in 3 consecutive turns
         TEST  smape=0.1564  rmse=825.5097  pocid=41.67  mape=0.1754  | FLOOR smape=0.1564
         laya iter 1 -> best_ONLY_DWT_catboost conf=0.7252 rank=4
         laya iter 2 -> best_ONLY_DWT_catboost conf=0.7804 rank=4
         laya iter 3 -> best_ONLY_DWT_catboost conf=0.7804 rank=4
         laya iter 4 -> best_ONLY_DWT_catboost conf=0.7804 rank=4
[  16] mean           score=-0.0535 origin=baseline iters=4 stop=no new information in 3 consecutive turns
         TEST  smape=0.0179  rmse=266.1712  pocid=50.00  mape=0.0177  | FLOOR smape=0.0179
         laya iter 1 -> best_ONLY_DWT_rf conf=0.5893 rank=7
         laya iter 2 -> best_ONLY_DWT_rf conf=0.5893 rank=7
         laya iter 3 -> best_ONLY_DWT_rf conf=0.5893 rank=7
         laya iter 4 -> best_ONLY_DWT_rf conf=0.5893 rank=7
[  17] best_single    score=-0.0028 origin=agent    iters=4 stop=no new information in 3 consecutive turns
         TEST  smape=0.0562  rmse=277.4780  pocid=66.67  mape=0.0585  | FLOOR smape=0.0539
         laya iter 1 -> best_FT_catboost conf=0.8585 rank=1
         laya iter 2 -> best_FT_catboost conf=0.9987 rank=1
         laya iter 3 -> best_FT_catboost conf=0.9987 rank=1
         laya iter 4 -> best_FT_catboost conf=0.9987 rank=1
[  18] best_single    score= 0.1286 origin=agent    iters=4 stop=no new information in 3 consecutive turns
         TEST  smape=0.2000  rmse=1243.3159  pocid=50.00  mape=0.1961  | FLOOR smape=0.2098
         laya iter 1 -> best_FT_rf conf=0.4588 rank=1
         laya iter 2 -> best_FT_rf conf=0.7219 rank=1
         laya iter 3 -> best_FT_rf conf=0.7219 rank=1
         laya iter 4 -> best_FT_rf conf=0.7219 rank=1
[  19] mean           score= 0.6556 origin=baseline iters=4 stop=no new information in 3 consecutive turns
         TEST  smape=0.1083  rmse=481.4908  pocid=75.00  mape=0.1140  | FLOOR smape=0.1083
         laya iter 1 -> best_FT_catboost conf=0.6178 rank=2
         laya iter 2 -> best_FT_catboost conf=0.6393 rank=2
         laya iter 3 -> best_FT_catboost conf=0.6393 rank=2
         laya iter 4 -> best_FT_catboost conf=0.6393 rank=2
[  20] best_single    score= 0.3456 origin=agent    iters=4 stop=no new information in 3 consecutive turns
         TEST  smape=0.2463  rmse=759.6456  pocid=58.33  mape=0.2145  | FLOOR smape=0.2205
         laya iter 1 -> best_ONLY_CWT_catboost conf=0.5952 rank=1
         laya iter 2 -> best_ONLY_CWT_catboost conf=0.632 rank=1
         laya iter 3 -> best_ONLY_CWT_catboost conf=0.632 rank=1
         laya iter 4 -> best_ONLY_CWT_catboost conf=0.632 rank=1
[  21] best_single    score= 0.3757 origin=agent    iters=4 stop=no new information in 3 consecutive turns
         TEST  smape=0.1717  rmse=736.1602  pocid=66.67  mape=0.1566  | FLOOR smape=0.1585
         laya iter 1 -> best_ONLY_DWT_rf conf=0.8703 rank=1
         laya iter 2 -> best_ONLY_DWT_rf conf=0.6943 rank=1
         laya iter 3 -> best_ONLY_DWT_rf conf=0.6943 rank=1
         laya iter 4 -> best_ONLY_DWT_rf conf=0.6943 rank=1
[  22] best_single    score= 0.3227 origin=agent    iters=4 stop=no new information in 3 consecutive turns
         TEST  smape=0.0950  rmse=96.0650  pocid=66.67  mape=0.1015  | FLOOR smape=0.1081
         laya iter 1 -> best_FT_rf conf=0.3257 rank=1
         laya iter 2 -> best_FT_rf conf=0.5408 rank=1
         laya iter 3 -> best_FT_rf conf=0.5408 rank=1
         laya iter 4 -> best_FT_rf conf=0.5408 rank=1
[  23] best_single    score= 0.2530 origin=agent    iters=4 stop=no new information in 3 consecutive turns
         TEST  smape=0.2523  rmse=3823.8002  pocid=50.00  mape=0.2347  | FLOOR smape=0.2284
         laya iter 1 -> best_DWT_rf conf=0.8225 rank=1
         laya iter 2 -> best_DWT_rf conf=0.8459 rank=1
         laya iter 3 -> best_DWT_rf conf=0.8459 rank=1
         laya iter 4 -> best_DWT_rf conf=0.8459 rank=1
[  24] best_single    score= 0.5763 origin=agent    iters=4 stop=no new information in 3 consecutive turns
         TEST  smape=0.6481  rmse=2148.9016  pocid=0.00  mape=1.0499  | FLOOR smape=0.2707
         laya iter 1 -> best_ETS conf=0.4861 rank=1
         laya iter 2 -> best_ETS conf=0.5672 rank=1
         laya iter 3 -> best_ETS conf=0.5672 rank=1
         laya iter 4 -> best_ETS conf=0.5672 rank=1
[  25] best_single    score= 0.2769 origin=agent    iters=5 stop=no new information in 3 consecutive turns
         TEST  smape=0.3268  rmse=1674.9249  pocid=50.00  mape=0.2692  | FLOOR smape=0.2785
         laya iter 1 -> best_ONLY_FT_catboost conf=0.4667 rank=1
         laya iter 2 -> best_ONLY_DWT_catboost conf=0.628 rank=2
         laya iter 3 -> best_ONLY_DWT_catboost conf=0.5195 rank=2
         laya iter 4 -> best_ONLY_DWT_catboost conf=0.5195 rank=2
         laya iter 5 -> best_ONLY_DWT_catboost conf=0.5195 rank=2
[  26] median         score= 0.5825 origin=baseline iters=1 stop=laya_accept
         TEST  smape=0.3181  rmse=1072.5384  pocid=33.33  mape=0.2649  | FLOOR smape=0.3181
[  27] trimmed_mean   score= 0.3542 origin=baseline iters=4 stop=no new information in 3 consecutive turns
         TEST  smape=0.3047  rmse=2191.9009  pocid=50.00  mape=0.3061  | FLOOR smape=0.3047
         laya iter 1 -> best_DWT_rf conf=0.5365 rank=6
         laya iter 2 -> best_DWT_rf conf=0.7201 rank=6
         laya iter 3 -> best_DWT_rf conf=0.7201 rank=6
         laya iter 4 -> best_DWT_rf conf=0.7201 rank=6
[  28] best_single    score= 0.2266 origin=agent    iters=4 stop=no new information in 3 consecutive turns
         TEST  smape=0.5452  rmse=696.0374  pocid=58.33  mape=0.4129  | FLOOR smape=0.4769
         laya iter 1 -> best_ONLY_CWT_catboost conf=0.9875 rank=1
         laya iter 2 -> best_ONLY_CWT_catboost conf=0.9994 rank=1
         laya iter 3 -> best_ONLY_CWT_catboost conf=0.9994 rank=1
         laya iter 4 -> best_ONLY_CWT_catboost conf=0.9994 rank=1
[  29] best_single    score= 0.5115 origin=agent    iters=4 stop=no new information in 3 consecutive turns
         TEST  smape=0.1244  rmse=871.2082  pocid=83.33  mape=0.1153  | FLOOR smape=0.1259
         laya iter 1 -> best_FT_catboost conf=0.4909 rank=1
         laya iter 2 -> best_FT_catboost conf=0.6183 rank=1
         laya iter 3 -> best_FT_catboost conf=0.6183 rank=1
         laya iter 4 -> best_FT_catboost conf=0.6183 rank=1
[  30] best_single    score= 0.4192 origin=agent    iters=5 stop=no new information in 3 consecutive turns
         TEST  smape=0.3135  rmse=508.7995  pocid=50.00  mape=0.2710  | FLOOR smape=0.3433
         laya iter 1 -> best_ONLY_DWT_catboost conf=0.8847 rank=1
         laya iter 2 -> best_FT_catboost conf=0.7767 rank=1
         laya iter 3 -> best_ONLY_DWT_catboost conf=0.7893 rank=2
         laya iter 4 -> best_ONLY_DWT_catboost conf=0.7893 rank=2
         laya iter 5 -> best_ONLY_DWT_catboost conf=0.7893 rank=2
[  31] mean           score= 0.5293 origin=baseline iters=4 stop=no new information in 3 consecutive turns
         TEST  smape=0.2666  rmse=1692.7152  pocid=58.33  mape=0.2312  | FLOOR smape=0.2666
         laya iter 1 -> best_DWT_catboost conf=0.6846 rank=4
         laya iter 2 -> best_DWT_catboost conf=0.5815 rank=4
         laya iter 3 -> best_DWT_catboost conf=0.5815 rank=4
         laya iter 4 -> best_DWT_catboost conf=0.5815 rank=4
[  32] best_single    score= 0.3395 origin=agent    iters=5 stop=no new information in 3 consecutive turns
         TEST  smape=0.2108  rmse=611.7096  pocid=75.00  mape=0.1815  | FLOOR smape=0.1001
         laya iter 1 -> best_ONLY_DWT_catboost conf=0.8088 rank=5
         laya iter 2 -> best_DWT_catboost conf=0.7325 rank=1
         laya iter 3 -> best_ONLY_DWT_catboost conf=0.7066 rank=6
         laya iter 4 -> best_ONLY_DWT_catboost conf=0.7066 rank=6
         laya iter 5 -> best_ONLY_DWT_catboost conf=0.7066 rank=6
[  33] mean           score= 0.4294 origin=baseline iters=4 stop=no new information in 3 consecutive turns
         TEST  smape=0.1593  rmse=372.9471  pocid=75.00  mape=0.1490  | FLOOR smape=0.1593
         laya iter 1 -> best_ONLY_DWT_catboost conf=0.6747 rank=3
         laya iter 2 -> best_ONLY_DWT_catboost conf=0.5947 rank=3
         laya iter 3 -> best_ONLY_DWT_catboost conf=0.5947 rank=3
         laya iter 4 -> best_ONLY_DWT_catboost conf=0.5947 rank=3
[  34] best_single    score= 0.3558 origin=agent    iters=4 stop=no new information in 3 consecutive turns
         TEST  smape=0.2816  rmse=542.2547  pocid=100.00  mape=0.2387  | FLOOR smape=0.1908
         laya iter 1 -> best_ONLY_CWT_catboost conf=0.8855 rank=1
         laya iter 2 -> best_ONLY_CWT_catboost conf=0.4748 rank=1
         laya iter 3 -> best_ONLY_CWT_catboost conf=0.4748 rank=1
         laya iter 4 -> best_ONLY_CWT_catboost conf=0.4748 rank=1
[  35] best_single    score= 0.4046 origin=agent    iters=4 stop=no new information in 3 consecutive turns
         TEST  smape=0.1321  rmse=2352.5976  pocid=66.67  mape=0.1424  | FLOOR smape=0.1271
         laya iter 1 -> best_ONLY_DWT_rf conf=0.667 rank=1
         laya iter 2 -> best_ONLY_DWT_rf conf=0.7013 rank=1
         laya iter 3 -> best_ONLY_DWT_rf conf=0.7013 rank=1
         laya iter 4 -> best_ONLY_DWT_rf conf=0.7013 rank=1
[  36] median         score= 0.4983 origin=baseline iters=4 stop=no new information in 3 consecutive turns
         TEST  smape=0.0135  rmse=42.8131  pocid=50.00  mape=0.0136  | FLOOR smape=0.0135
         laya iter 1 -> best_ONLY_CWT_catboost conf=0.4983 rank=2
         laya iter 2 -> best_ONLY_CWT_catboost conf=0.7755 rank=2
         laya iter 3 -> best_ONLY_CWT_catboost conf=0.7755 rank=2
         laya iter 4 -> best_ONLY_CWT_catboost conf=0.7755 rank=2
[  37] mean           score= 0.7056 origin=baseline iters=4 stop=no new information in 3 consecutive turns
         TEST  smape=0.0142  rmse=51.1963  pocid=75.00  mape=0.0140  | FLOOR smape=0.0142
         laya iter 1 -> best_ONLY_DWT_rf conf=0.9551 rank=4
         laya iter 2 -> best_ONLY_DWT_rf conf=0.7812 rank=4
         laya iter 3 -> best_ONLY_DWT_rf conf=0.7812 rank=4
         laya iter 4 -> best_ONLY_DWT_rf conf=0.7812 rank=4
[  38] best_single    score= 0.0144 origin=agent    iters=4 stop=no new information in 3 consecutive turns
         TEST  smape=0.0312  rmse=200.4735  pocid=33.33  mape=0.0318  | FLOOR smape=0.0230
         laya iter 1 -> best_ONLY_DWT_rf conf=0.7786 rank=1
         laya iter 2 -> best_ONLY_DWT_rf conf=0.9148 rank=1
         laya iter 3 -> best_ONLY_DWT_rf conf=0.9148 rank=1
         laya iter 4 -> best_ONLY_DWT_rf conf=0.9148 rank=1
[  39] best_single    score=-0.0034 origin=agent    iters=4 stop=no new information in 3 consecutive turns
         TEST  smape=0.0323  rmse=205.7199  pocid=33.33  mape=0.0329  | FLOOR smape=0.0275
         laya iter 1 -> best_ONLY_DWT_rf conf=0.7424 rank=1
         laya iter 2 -> best_ONLY_DWT_rf conf=0.8965 rank=1
         laya iter 3 -> best_ONLY_DWT_rf conf=0.8965 rank=1
         laya iter 4 -> best_ONLY_DWT_rf conf=0.8965 rank=1
[  40] best_single    score= 0.1078 origin=agent    iters=4 stop=no new information in 3 consecutive turns
         TEST  smape=0.0233  rmse=161.9983  pocid=58.33  mape=0.0229  | FLOOR smape=0.0120
         laya iter 1 -> best_FT_rf conf=0.6747 rank=1
         laya iter 2 -> best_FT_rf conf=0.8196 rank=1
         laya iter 3 -> best_FT_rf conf=0.8196 rank=1
         laya iter 4 -> best_FT_rf conf=0.8196 rank=1
[  41] best_single    score= 0.1945 origin=agent    iters=4 stop=no new information in 3 consecutive turns
         TEST  smape=0.0186  rmse=129.9246  pocid=50.00  mape=0.0184  | FLOOR smape=0.0113
         laya iter 1 -> best_FT_rf conf=0.5133 rank=1
         laya iter 2 -> best_FT_rf conf=0.6995 rank=1
         laya iter 3 -> best_FT_rf conf=0.6995 rank=1
         laya iter 4 -> best_FT_rf conf=0.6995 rank=1
[  42] best_single    score= 0.2332 origin=agent    iters=4 stop=no new information in 3 consecutive turns
         TEST  smape=0.0078  rmse=56.4871  pocid=66.67  mape=0.0077  | FLOOR smape=0.0157
         laya iter 1 -> best_DWT_rf conf=0.4189 rank=1
         laya iter 2 -> best_DWT_rf conf=0.724 rank=1
         laya iter 3 -> best_DWT_rf conf=0.724 rank=1
         laya iter 4 -> best_DWT_rf conf=0.724 rank=1
[  43] best_single    score= 0.0304 origin=agent    iters=4 stop=no new information in 3 consecutive turns
         TEST  smape=0.0300  rmse=188.6259  pocid=33.33  mape=0.0306  | FLOOR smape=0.0254
         laya iter 1 -> best_ONLY_DWT_rf conf=0.4876 rank=1
         laya iter 2 -> best_ONLY_DWT_rf conf=0.7622 rank=1
         laya iter 3 -> best_ONLY_DWT_rf conf=0.7622 rank=1
         laya iter 4 -> best_ONLY_DWT_rf conf=0.7622 rank=1
[  44] best_single    score= 0.4662 origin=agent    iters=4 stop=no new information in 3 consecutive turns
         TEST  smape=0.0379  rmse=139.5681  pocid=16.67  mape=0.0369  | FLOOR smape=0.0369
         laya iter 1 -> best_ONLY_FT_rf conf=1.0 rank=1
         laya iter 2 -> best_ONLY_FT_rf conf=1.0 rank=1
         laya iter 3 -> best_ONLY_FT_rf conf=1.0 rank=1
         laya iter 4 -> best_ONLY_FT_rf conf=1.0 rank=1
[  45] median         score= 0.1267 origin=baseline iters=4 stop=no new information in 3 consecutive turns
         TEST  smape=0.0625  rmse=203.6255  pocid=33.33  mape=0.0646  | FLOOR smape=0.0625
         laya iter 1 -> best_ONLY_DWT_catboost conf=0.6659 rank=2
         laya iter 2 -> best_ONLY_DWT_catboost conf=0.7345 rank=2
         laya iter 3 -> best_ONLY_DWT_catboost conf=0.7345 rank=2
         laya iter 4 -> best_ONLY_DWT_catboost conf=0.7345 rank=2
[  46] best_single    score= 0.4561 origin=agent    iters=4 stop=no new information in 3 consecutive turns
         TEST  smape=0.0403  rmse=145.9753  pocid=41.67  mape=0.0392  | FLOOR smape=0.0404
         laya iter 1 -> best_ONLY_FT_rf conf=0.8833 rank=1
         laya iter 2 -> best_ONLY_FT_rf conf=0.8271 rank=1
         laya iter 3 -> best_ONLY_FT_rf conf=0.8271 rank=1
         laya iter 4 -> best_ONLY_FT_rf conf=0.8271 rank=1
[  47] best_single    score= 0.0905 origin=agent    iters=4 stop=no new information in 3 consecutive turns
         TEST  smape=0.0424  rmse=137.1289  pocid=66.67  mape=0.0412  | FLOOR smape=0.0095
         laya iter 1 -> best_ONLY_DWT_catboost conf=0.5027 rank=1
         laya iter 2 -> best_ONLY_DWT_catboost conf=0.6038 rank=1
         laya iter 3 -> best_ONLY_DWT_catboost conf=0.6038 rank=1
         laya iter 4 -> best_ONLY_DWT_catboost conf=0.6038 rank=1
[  48] best_single    score= 0.6023 origin=agent    iters=4 stop=no new information in 3 consecutive turns
         TEST  smape=0.0318  rmse=126.5917  pocid=41.67  mape=0.0311  | FLOOR smape=0.0785
         laya iter 1 -> best_ONLY_CWT_catboost conf=0.6516 rank=1
         laya iter 2 -> best_ONLY_CWT_catboost conf=0.6488 rank=1
         laya iter 3 -> best_ONLY_CWT_catboost conf=0.6488 rank=1
         laya iter 4 -> best_ONLY_CWT_catboost conf=0.6488 rank=1
[  49] best_single    score= 0.5557 origin=agent    iters=4 stop=no new information in 3 consecutive turns
         TEST  smape=0.0319  rmse=112.1706  pocid=75.00  mape=0.0321  | FLOOR smape=0.0260
         laya iter 1 -> best_ONLY_FT_catboost conf=0.5964 rank=1
         laya iter 2 -> best_ONLY_FT_catboost conf=0.8712 rank=1
         laya iter 3 -> best_ONLY_FT_catboost conf=0.8712 rank=1
         laya iter 4 -> best_ONLY_FT_catboost conf=0.8712 rank=1
[  50] best_single    score= 0.0892 origin=agent    iters=4 stop=no new information in 3 consecutive turns
         TEST  smape=0.0159  rmse=121.4403  pocid=33.33  mape=0.0161  | FLOOR smape=0.0161
         laya iter 1 -> best_ONLY_CWT_rf conf=0.3871 rank=1
         laya iter 2 -> best_ONLY_CWT_rf conf=0.7269 rank=1
         laya iter 3 -> best_ONLY_CWT_rf conf=0.7269 rank=1
         laya iter 4 -> best_ONLY_CWT_rf conf=0.7269 rank=1
[  51] trimmed_mean   score= 0.2773 origin=baseline iters=4 stop=no new information in 3 consecutive turns
         TEST  smape=0.0205  rmse=176.1844  pocid=33.33  mape=0.0208  | FLOOR smape=0.0205
         laya iter 1 -> best_ONLY_CWT_rf conf=0.8277 rank=7
         laya iter 2 -> best_ONLY_CWT_rf conf=0.8277 rank=7
         laya iter 3 -> best_ONLY_CWT_rf conf=0.8277 rank=7
         laya iter 4 -> best_ONLY_CWT_rf conf=0.8277 rank=7
[  52] best_single    score= 0.4786 origin=agent    iters=4 stop=no new information in 3 consecutive turns
         TEST  smape=0.0779  rmse=208.5998  pocid=25.00  mape=0.0735  | FLOOR smape=0.0824
         laya iter 1 -> best_ONLY_DWT_catboost conf=0.9342 rank=1
         laya iter 2 -> best_ONLY_DWT_catboost conf=0.9283 rank=1
         laya iter 3 -> best_ONLY_DWT_catboost conf=0.9283 rank=1
         laya iter 4 -> best_ONLY_DWT_catboost conf=0.9283 rank=1
[  53] trimmed_mean   score=-0.0724 origin=baseline iters=4 stop=no new information in 3 consecutive turns
         TEST  smape=0.0114  rmse=36.8709  pocid=50.00  mape=0.0115  | FLOOR smape=0.0114
         laya iter 1 -> median_top5 conf=0.4362 rank=7
         laya iter 2 -> median_top5 conf=0.4362 rank=7
         laya iter 3 -> median_top5 conf=0.4362 rank=7
         laya iter 4 -> median_top5 conf=0.4362 rank=7
[  54] best_single    score= 0.2837 origin=agent    iters=4 stop=no new information in 3 consecutive turns
         TEST  smape=0.0503  rmse=327.8838  pocid=66.67  mape=0.0525  | FLOOR smape=0.0573
         laya iter 1 -> best_FT_rf conf=0.6747 rank=1
         laya iter 2 -> best_FT_rf conf=0.8562 rank=1
         laya iter 3 -> best_FT_rf conf=0.8562 rank=1
         laya iter 4 -> best_FT_rf conf=0.8562 rank=1
[  55] median         score= 0.4768 origin=baseline iters=4 stop=no new information in 3 consecutive turns
         TEST  smape=0.0566  rmse=272.2945  pocid=83.33  mape=0.0540  | FLOOR smape=0.0566
         laya iter 1 -> best_ONLY_DWT_rf conf=0.7379 rank=2
         laya iter 2 -> best_ONLY_DWT_rf conf=0.921 rank=2
         laya iter 3 -> best_ONLY_DWT_rf conf=0.921 rank=2
         laya iter 4 -> best_ONLY_DWT_rf conf=0.921 rank=2
[  56] best_single    score= 0.3054 origin=agent    iters=4 stop=no new information in 3 consecutive turns
         TEST  smape=0.3755  rmse=514.7284  pocid=75.00  mape=0.2859  | FLOOR smape=0.1753
         laya iter 1 -> best_ONLY_CWT_rf conf=0.7276 rank=1
         laya iter 2 -> best_ONLY_CWT_rf conf=0.9223 rank=1
         laya iter 3 -> best_ONLY_CWT_rf conf=0.9223 rank=1
         laya iter 4 -> best_ONLY_CWT_rf conf=0.9223 rank=1
[  57] best_single    score= 0.4900 origin=agent    iters=4 stop=no new information in 3 consecutive turns
         TEST  smape=0.1107  rmse=439.7044  pocid=58.33  mape=0.1037  | FLOOR smape=0.0880
         laya iter 1 -> best_FT_catboost conf=0.6646 rank=1
         laya iter 2 -> best_FT_catboost conf=0.5654 rank=1
         laya iter 3 -> best_FT_catboost conf=0.5654 rank=1
         laya iter 4 -> best_FT_catboost conf=0.5654 rank=1
[  58] mean           score= 0.6319 origin=baseline iters=4 stop=no new information in 3 consecutive turns
         TEST  smape=0.1854  rmse=445.8808  pocid=58.33  mape=0.2174  | FLOOR smape=0.1854
         laya iter 1 -> median_top5 conf=0.605 rank=8
         laya iter 2 -> median_top5 conf=0.605 rank=8
         laya iter 3 -> median_top5 conf=0.605 rank=8
         laya iter 4 -> median_top5 conf=0.605 rank=8
[  59] trimmed_mean   score= 0.1513 origin=baseline iters=4 stop=no new information in 3 consecutive turns
         TEST  smape=0.0334  rmse=349.3081  pocid=75.00  mape=0.0327  | FLOOR smape=0.0334
         laya iter 1 -> median_top5 conf=0.4934 rank=5
         laya iter 2 -> median_top5 conf=0.4581 rank=5
         laya iter 3 -> median_top5 conf=0.4581 rank=5
         laya iter 4 -> median_top5 conf=0.4581 rank=5
[  60] best_single    score= 0.1168 origin=agent    iters=4 stop=no new information in 3 consecutive turns
         TEST  smape=0.0313  rmse=395.8200  pocid=16.67  mape=0.0313  | FLOOR smape=0.0348
         laya iter 1 -> best_ONLY_CWT_rf conf=0.8909 rank=1
         laya iter 2 -> best_ONLY_CWT_rf conf=0.8611 rank=1
         laya iter 3 -> best_ONLY_CWT_rf conf=0.8611 rank=1
         laya iter 4 -> best_ONLY_CWT_rf conf=0.8611 rank=1
[  61] best_single    score= 0.0875 origin=agent    iters=4 stop=no new information in 3 consecutive turns
         TEST  smape=0.0198  rmse=213.1208  pocid=41.67  mape=0.0194  | FLOOR smape=0.0245
         laya iter 1 -> best_ONLY_CWT_rf conf=0.9191 rank=1
         laya iter 2 -> best_ONLY_CWT_rf conf=0.961 rank=1
         laya iter 3 -> best_ONLY_CWT_rf conf=0.961 rank=1
         laya iter 4 -> best_ONLY_CWT_rf conf=0.961 rank=1
[  62] median         score= 0.1124 origin=baseline iters=4 stop=no new information in 3 consecutive turns
         TEST  smape=0.0203  rmse=214.3828  pocid=33.33  mape=0.0198  | FLOOR smape=0.0203
         laya iter 1 -> median_top5 conf=0.3692 rank=8
         laya iter 2 -> median_top5 conf=0.3692 rank=8
         laya iter 3 -> median_top5 conf=0.3692 rank=8
         laya iter 4 -> median_top5 conf=0.3692 rank=8
[  63] median         score=-0.0777 origin=baseline iters=4 stop=no new information in 3 consecutive turns
         TEST  smape=0.0184  rmse=369.5280  pocid=100.00  mape=0.0181  | FLOOR smape=0.0184
         laya iter 1 -> best_ONLY_DWT_rf conf=0.6115 rank=2
         laya iter 2 -> best_ONLY_DWT_rf conf=0.6374 rank=2
         laya iter 3 -> best_ONLY_DWT_rf conf=0.6374 rank=2
         laya iter 4 -> best_ONLY_DWT_rf conf=0.6374 rank=2
[  64] trimmed_mean   score=-0.1038 origin=baseline iters=4 stop=no new information in 3 consecutive turns
         TEST  smape=0.0187  rmse=488.0348  pocid=91.67  mape=0.0185  | FLOOR smape=0.0187
         laya iter 1 -> best_ONLY_CWT_rf conf=0.7307 rank=8
         laya iter 2 -> best_ONLY_CWT_rf conf=0.7307 rank=8
         laya iter 3 -> best_ONLY_CWT_rf conf=0.7307 rank=8
         laya iter 4 -> best_ONLY_CWT_rf conf=0.7307 rank=8
[  65] median         score=-0.1448 origin=baseline iters=4 stop=no new information in 3 consecutive turns
         TEST  smape=0.0060  rmse=51.9880  pocid=91.67  mape=0.0060  | FLOOR smape=0.0060
         laya iter 1 -> best_ONLY_CWT_rf conf=0.5525 rank=4
         laya iter 2 -> best_ONLY_CWT_rf conf=0.7065 rank=4
         laya iter 3 -> best_ONLY_CWT_rf conf=0.7065 rank=4
         laya iter 4 -> best_ONLY_CWT_rf conf=0.7065 rank=4
[  66] trimmed_mean   score= 0.0465 origin=baseline iters=4 stop=no new information in 3 consecutive turns
         TEST  smape=0.0257  rmse=411.8384  pocid=66.67  mape=0.0253  | FLOOR smape=0.0257
         laya iter 1 -> best_FT_catboost conf=0.7495 rank=4
         laya iter 2 -> best_FT_catboost conf=0.7536 rank=4
         laya iter 3 -> best_FT_catboost conf=0.7536 rank=4
         laya iter 4 -> best_FT_catboost conf=0.7536 rank=4
[  67] median         score=-0.0303 origin=baseline iters=4 stop=no new information in 3 consecutive turns
         TEST  smape=0.0103  rmse=79.6155  pocid=50.00  mape=0.0102  | FLOOR smape=0.0103
         laya iter 1 -> best_ONLY_CWT_rf conf=0.6348 rank=6
         laya iter 2 -> best_ONLY_CWT_rf conf=0.6893 rank=6
         laya iter 3 -> best_ONLY_CWT_rf conf=0.6893 rank=6
         laya iter 4 -> best_ONLY_CWT_rf conf=0.6893 rank=6
[  68] best_single    score=-0.0240 origin=agent    iters=5 stop=no new information in 3 consecutive turns
         TEST  smape=0.0141  rmse=103.0350  pocid=66.67  mape=0.0140  | FLOOR smape=0.0135
         laya iter 1 -> median_top5 conf=0.7887 rank=3
         laya iter 2 -> best_ONLY_CWT_rf conf=0.4454 rank=1
         laya iter 3 -> best_ONLY_CWT_rf conf=0.3839 rank=1
         laya iter 4 -> best_ONLY_CWT_rf conf=0.3839 rank=1
         laya iter 5 -> best_ONLY_CWT_rf conf=0.3839 rank=1
[  69] mean           score=-0.0609 origin=baseline iters=4 stop=no new information in 3 consecutive turns
         TEST  smape=0.0105  rmse=34.8510  pocid=50.00  mape=0.0104  | FLOOR smape=0.0105
         laya iter 1 -> best_ONLY_DWT_catboost conf=0.938 rank=6
         laya iter 2 -> best_ONLY_DWT_catboost conf=0.9021 rank=6
         laya iter 3 -> best_ONLY_DWT_catboost conf=0.9021 rank=6
         laya iter 4 -> best_ONLY_DWT_catboost conf=0.9021 rank=6
[  70] mean           score= 0.1476 origin=baseline iters=4 stop=no new information in 3 consecutive turns
         TEST  smape=0.4482  rmse=1153.4893  pocid=50.00  mape=0.3475  | FLOOR smape=0.4482
         laya iter 1 -> best_ONLY_DWT_rf conf=0.896 rank=2
         laya iter 2 -> best_ONLY_DWT_rf conf=0.9801 rank=2
         laya iter 3 -> best_ONLY_DWT_rf conf=0.9801 rank=2
         laya iter 4 -> best_ONLY_DWT_rf conf=0.9801 rank=2
[  71] mean           score= 0.1407 origin=baseline iters=4 stop=no new information in 3 consecutive turns
         TEST  smape=0.2485  rmse=560.2686  pocid=41.67  mape=0.1850  | FLOOR smape=0.2485
         laya iter 1 -> best_ONLY_DWT_catboost conf=0.6292 rank=8
         laya iter 2 -> best_ONLY_DWT_catboost conf=0.6292 rank=8
         laya iter 3 -> best_ONLY_DWT_catboost conf=0.6292 rank=8
         laya iter 4 -> best_ONLY_DWT_catboost conf=0.6292 rank=8
[  72] best_single    score= 0.1541 origin=agent    iters=5 stop=no new information in 3 consecutive turns
         TEST  smape=0.0219  rmse=51.8223  pocid=75.00  mape=0.0215  | FLOOR smape=0.1530
         laya iter 1 -> best_ONLY_DWT_rf conf=0.6784 rank=1
         laya iter 2 -> median_top5 conf=0.7281 rank=9
         laya iter 3 -> median_top5 conf=0.7281 rank=9
         laya iter 4 -> median_top5 conf=0.7281 rank=9
         laya iter 5 -> median_top5 conf=0.7281 rank=9
[  73] dba            score= 0.6403 origin=baseline iters=4 stop=no new information in 3 consecutive turns
         TEST  smape=0.1134  rmse=677.2868  pocid=66.67  mape=0.1120  | FLOOR smape=0.1134
         laya iter 1 -> best_ONLY_FT_catboost conf=0.8927 rank=2
         laya iter 2 -> best_ONLY_FT_catboost conf=0.8957 rank=2
         laya iter 3 -> best_ONLY_FT_catboost conf=0.8957 rank=2
         laya iter 4 -> best_ONLY_FT_catboost conf=0.8957 rank=2
[  74] best_single    score= 0.0642 origin=agent    iters=4 stop=no new information in 3 consecutive turns
         TEST  smape=0.0322  rmse=856.1500  pocid=50.00  mape=0.0322  | FLOOR smape=0.0292
         laya iter 1 -> best_ONLY_CWT_catboost conf=0.5576 rank=1
         laya iter 2 -> best_ONLY_CWT_catboost conf=0.5664 rank=1
         laya iter 3 -> best_ONLY_CWT_catboost conf=0.5664 rank=1
         laya iter 4 -> best_ONLY_CWT_catboost conf=0.5664 rank=1
[  75] best_single    score= 0.0819 origin=agent    iters=4 stop=no new information in 3 consecutive turns
         TEST  smape=1.4149  rmse=1059.4495  pocid=8.33  mape=3.0112  | FLOOR smape=1.3326
         laya iter 1 -> best_ONLY_CWT_catboost conf=0.6185 rank=1
         laya iter 2 -> best_ONLY_CWT_catboost conf=0.5733 rank=1
         laya iter 3 -> best_ONLY_CWT_catboost conf=0.5733 rank=1
         laya iter 4 -> best_ONLY_CWT_catboost conf=0.5733 rank=1
[  76] best_single    score=-0.0813 origin=agent    iters=4 stop=no new information in 3 consecutive turns
         TEST  smape=0.1525  rmse=717.6843  pocid=83.33  mape=0.1397  | FLOOR smape=0.2484
         laya iter 1 -> best_FT_rf conf=0.7892 rank=1
         laya iter 2 -> best_FT_rf conf=0.7386 rank=1
         laya iter 3 -> best_FT_rf conf=0.7386 rank=1
         laya iter 4 -> best_FT_rf conf=0.7386 rank=1
[  77] best_single    score= 0.3725 origin=agent    iters=4 stop=no new information in 3 consecutive turns
         TEST  smape=0.2199  rmse=949.6860  pocid=91.67  mape=0.1958  | FLOOR smape=0.2407
         laya iter 1 -> best_ONLY_CWT_catboost conf=0.6686 rank=1
         laya iter 2 -> best_ONLY_CWT_catboost conf=0.867 rank=1
         laya iter 3 -> best_ONLY_CWT_catboost conf=0.867 rank=1
         laya iter 4 -> best_ONLY_CWT_catboost conf=0.867 rank=1
[  78] best_single    score= 0.6782 origin=agent    iters=4 stop=no new information in 3 consecutive turns
         TEST  smape=0.1209  rmse=235.4968  pocid=50.00  mape=0.1133  | FLOOR smape=0.0850
         laya iter 1 -> best_ONLY_DWT_rf conf=0.9672 rank=1
         laya iter 2 -> best_ONLY_DWT_rf conf=0.9651 rank=1
         laya iter 3 -> best_ONLY_DWT_rf conf=0.9651 rank=1
         laya iter 4 -> best_ONLY_DWT_rf conf=0.9651 rank=1
[  79] best_single    score= 0.6966 origin=agent    iters=4 stop=no new information in 3 consecutive turns
         TEST  smape=0.1467  rmse=306.0415  pocid=58.33  mape=0.1594  | FLOOR smape=0.1335
         laya iter 1 -> best_FT_rf conf=0.775 rank=1
         laya iter 2 -> best_FT_rf conf=0.7491 rank=1
         laya iter 3 -> best_FT_rf conf=0.7491 rank=1
         laya iter 4 -> best_FT_rf conf=0.7491 rank=1
[  80] best_single    score= 0.1345 origin=agent    iters=5 stop=no new information in 3 consecutive turns
         TEST  smape=0.0292  rmse=837.4919  pocid=58.33  mape=0.0297  | FLOOR smape=0.0254
         laya iter 1 -> best_ONLY_DWT_rf conf=0.7629 rank=1
         laya iter 2 -> best_FT_rf conf=0.7646 rank=2
         laya iter 3 -> best_FT_rf conf=0.7305 rank=2
         laya iter 4 -> best_FT_rf conf=0.7305 rank=2
         laya iter 5 -> best_FT_rf conf=0.7305 rank=2
[  81] median         score=-0.1394 origin=baseline iters=4 stop=no new information in 3 consecutive turns
         TEST  smape=0.0020  rmse=10.0708  pocid=83.33  mape=0.0020  | FLOOR smape=0.0020
         laya iter 1 -> best_ONLY_FT_rf conf=0.6464 rank=8
         laya iter 2 -> best_ONLY_FT_rf conf=0.6464 rank=8
         laya iter 3 -> best_ONLY_FT_rf conf=0.6464 rank=8
         laya iter 4 -> best_ONLY_FT_rf conf=0.6464 rank=8
[  82] mean           score= 0.3957 origin=baseline iters=4 stop=no new information in 3 consecutive turns
         TEST  smape=0.0158  rmse=124.9807  pocid=41.67  mape=0.0160  | FLOOR smape=0.0158
         laya iter 1 -> median_top5 conf=0.5024 rank=7
         laya iter 2 -> median_top5 conf=0.5024 rank=7
         laya iter 3 -> median_top5 conf=0.5024 rank=7
         laya iter 4 -> median_top5 conf=0.5024 rank=7
[  83] trimmed_mean   score= 0.3515 origin=baseline iters=4 stop=no new information in 3 consecutive turns
         TEST  smape=0.0097  rmse=65.5074  pocid=75.00  mape=0.0097  | FLOOR smape=0.0097
         laya iter 1 -> best_DWT_rf conf=0.6161 rank=2
         laya iter 2 -> best_DWT_rf conf=0.7048 rank=2
         laya iter 3 -> best_DWT_rf conf=0.7048 rank=2
         laya iter 4 -> best_DWT_rf conf=0.7048 rank=2
[  84] median         score=-0.0043 origin=baseline iters=4 stop=no new information in 3 consecutive turns
         TEST  smape=0.0101  rmse=211.9388  pocid=66.67  mape=0.0100  | FLOOR smape=0.0101
         laya iter 1 -> best_ONLY_FT_catboost conf=0.3229 rank=3
         laya iter 2 -> best_ONLY_FT_catboost conf=0.6744 rank=3
         laya iter 3 -> best_ONLY_FT_catboost conf=0.6744 rank=3
         laya iter 4 -> best_ONLY_FT_catboost conf=0.6744 rank=3
[  85] best_single    score=-0.0753 origin=agent    iters=4 stop=no new information in 3 consecutive turns
         TEST  smape=0.0122  rmse=228.7026  pocid=75.00  mape=0.0121  | FLOOR smape=0.0116
         laya iter 1 -> best_ONLY_CWT_catboost conf=0.7124 rank=1
         laya iter 2 -> best_ONLY_CWT_catboost conf=0.7081 rank=1
         laya iter 3 -> best_ONLY_CWT_catboost conf=0.7081 rank=1
         laya iter 4 -> best_ONLY_CWT_catboost conf=0.7081 rank=1
[  86] trimmed_mean   score=-0.0592 origin=baseline iters=4 stop=no new information in 3 consecutive turns
         TEST  smape=0.0168  rmse=19.6382  pocid=75.00  mape=0.0166  | FLOOR smape=0.0168
         laya iter 1 -> median_top5 conf=0.3961 rank=5
         laya iter 2 -> median_top5 conf=0.6005 rank=5
         laya iter 3 -> median_top5 conf=0.6005 rank=5
         laya iter 4 -> median_top5 conf=0.6005 rank=5
[  87] trimmed_mean   score=-0.0423 origin=baseline iters=4 stop=no new information in 3 consecutive turns
         TEST  smape=0.0031  rmse=52.1751  pocid=50.00  mape=0.0031  | FLOOR smape=0.0031
         laya iter 1 -> best_ONLY_FT_rf conf=0.7633 rank=8
         laya iter 2 -> best_ONLY_FT_rf conf=0.7633 rank=8
         laya iter 3 -> best_ONLY_FT_rf conf=0.7633 rank=8
         laya iter 4 -> best_ONLY_FT_rf conf=0.7633 rank=8
[  88] trimmed_mean   score=-0.0096 origin=baseline iters=4 stop=no new information in 3 consecutive turns
         TEST  smape=0.0997  rmse=125.5049  pocid=75.00  mape=0.1058  | FLOOR smape=0.0997
         laya iter 1 -> median_top5 conf=0.475 rank=8
         laya iter 2 -> median_top5 conf=0.475 rank=8
         laya iter 3 -> median_top5 conf=0.475 rank=8
         laya iter 4 -> median_top5 conf=0.475 rank=8
[  89] mean           score= 0.0512 origin=baseline iters=4 stop=no new information in 3 consecutive turns
         TEST  smape=0.0193  rmse=43.2334  pocid=50.00  mape=0.0196  | FLOOR smape=0.0193
         laya iter 1 -> best_ONLY_FT_rf conf=0.715 rank=2
         laya iter 2 -> best_ONLY_FT_rf conf=0.8096 rank=2
         laya iter 3 -> best_ONLY_FT_rf conf=0.8096 rank=2
         laya iter 4 -> best_ONLY_FT_rf conf=0.8096 rank=2
[  90] best_single    score= 0.0016 origin=agent    iters=4 stop=no new information in 3 consecutive turns
         TEST  smape=0.0281  rmse=607.4744  pocid=58.33  mape=0.0285  | FLOOR smape=0.0324
         laya iter 1 -> best_ONLY_FT_rf conf=0.9233 rank=1
         laya iter 2 -> best_ONLY_FT_rf conf=0.9823 rank=1
         laya iter 3 -> best_ONLY_FT_rf conf=0.9823 rank=1
         laya iter 4 -> best_ONLY_FT_rf conf=0.9823 rank=1
[  91] trimmed_mean   score=-0.0586 origin=baseline iters=4 stop=no new information in 3 consecutive turns
         TEST  smape=0.0696  rmse=1732.9826  pocid=58.33  mape=0.0727  | FLOOR smape=0.0696
         laya iter 1 -> best_DWT_rf conf=0.8105 rank=7
         laya iter 2 -> best_DWT_rf conf=0.8105 rank=7
         laya iter 3 -> best_DWT_rf conf=0.8105 rank=7
         laya iter 4 -> best_DWT_rf conf=0.8105 rank=7
[  92] trimmed_mean   score= 0.4614 origin=baseline iters=5 stop=no new information in 3 consecutive turns
         TEST  smape=0.0043  rmse=8.0249  pocid=83.33  mape=0.0043  | FLOOR smape=0.0043
         laya iter 1 -> median_top5 conf=0.6886 rank=6
         laya iter 2 -> median_stable5 conf=0.574 rank=6
         laya iter 3 -> median_stable5 conf=0.521 rank=6
         laya iter 4 -> median_stable5 conf=0.521 rank=6
         laya iter 5 -> median_stable5 conf=0.521 rank=6
[  93] mean           score= 0.2796 origin=baseline iters=4 stop=no new information in 3 consecutive turns
         TEST  smape=0.1178  rmse=252.3552  pocid=58.33  mape=0.1098  | FLOOR smape=0.1178
         laya iter 1 -> best_ONLY_DWT_catboost conf=0.9897 rank=8
         laya iter 2 -> best_ONLY_DWT_catboost conf=0.9897 rank=8
         laya iter 3 -> best_ONLY_DWT_catboost conf=0.9897 rank=8
         laya iter 4 -> best_ONLY_DWT_catboost conf=0.9897 rank=8
[  94] best_single    score= 0.3743 origin=agent    iters=4 stop=no new information in 3 consecutive turns
         TEST  smape=0.2211  rmse=372.0677  pocid=41.67  mape=0.1981  | FLOOR smape=0.0874
         laya iter 1 -> best_ONLY_FT_catboost conf=0.616 rank=1
         laya iter 2 -> best_ONLY_FT_catboost conf=0.6291 rank=1
         laya iter 3 -> best_ONLY_FT_catboost conf=0.6291 rank=1
         laya iter 4 -> best_ONLY_FT_catboost conf=0.6291 rank=1
[  95] best_single    score=-0.1179 origin=agent    iters=6 stop=no new information in 3 consecutive turns
         TEST  smape=0.0040  rmse=50.7881  pocid=83.33  mape=0.0040  | FLOOR smape=0.0031
         laya iter 1 -> median_stable5 conf=0.4093 rank=4
         laya iter 2 -> best_FT_rf conf=0.3679 rank=1
         laya iter 3 -> median_top5 conf=0.9167 rank=6
         laya iter 4 -> median_top5 conf=0.8316 rank=6
         laya iter 5 -> median_top5 conf=0.8316 rank=6
         laya iter 6 -> median_top5 conf=0.8316 rank=6
[  96] trimmed_mean   score= 0.0306 origin=baseline iters=4 stop=no new information in 3 consecutive turns
         TEST  smape=0.0312  rmse=20.9591  pocid=91.67  mape=0.0305  | FLOOR smape=0.0312
         laya iter 1 -> median_top5 conf=0.8509 rank=7
         laya iter 2 -> median_top5 conf=0.8509 rank=7
         laya iter 3 -> median_top5 conf=0.8509 rank=7
         laya iter 4 -> median_top5 conf=0.8509 rank=7
[  97] mean           score= 0.0072 origin=baseline iters=5 stop=no new information in 3 consecutive turns
         TEST  smape=0.0219  rmse=17.8919  pocid=91.67  mape=0.0217  | FLOOR smape=0.0219
         laya iter 1 -> best_ONLY_DWT_catboost conf=0.5708 rank=4
         laya iter 2 -> best_ONLY_FT_rf conf=0.6576 rank=3
         laya iter 3 -> best_ONLY_DWT_catboost conf=0.5 rank=5
         laya iter 4 -> best_ONLY_DWT_catboost conf=0.5 rank=5
         laya iter 5 -> best_ONLY_DWT_catboost conf=0.5 rank=5
[  98] best_single    score=-0.0297 origin=agent    iters=4 stop=no new information in 3 consecutive turns
         TEST  smape=0.0201  rmse=306.4007  pocid=50.00  mape=0.0203  | FLOOR smape=0.0130
         laya iter 1 -> best_ONLY_DWT_rf conf=0.9996 rank=1
         laya iter 2 -> best_ONLY_DWT_rf conf=1.0 rank=1
         laya iter 3 -> best_ONLY_DWT_rf conf=1.0 rank=1
         laya iter 4 -> best_ONLY_DWT_rf conf=1.0 rank=1
[  99] median         score=-0.0868 origin=baseline iters=4 stop=no new information in 3 consecutive turns
         TEST  smape=0.0156  rmse=210.5997  pocid=75.00  mape=0.0155  | FLOOR smape=0.0156
         laya iter 1 -> best_FT_rf conf=0.7312 rank=2
         laya iter 2 -> best_FT_rf conf=0.7379 rank=2
         laya iter 3 -> best_FT_rf conf=0.7379 rank=2
         laya iter 4 -> best_FT_rf conf=0.7379 rank=2
[ 100] trimmed_mean   score= 0.0038 origin=baseline iters=4 stop=no new information in 3 consecutive turns
         TEST  smape=0.0025  rmse=31.7624  pocid=83.33  mape=0.0025  | FLOOR smape=0.0025
         laya iter 1 -> best_ONLY_DWT_rf conf=0.8051 rank=6
         laya iter 2 -> best_ONLY_DWT_rf conf=0.8816 rank=6
         laya iter 3 -> best_ONLY_DWT_rf conf=0.8816 rank=6
         laya iter 4 -> best_ONLY_DWT_rf conf=0.8816 rank=6
[ 101] trimmed_mean   score=-0.0831 origin=baseline iters=4 stop=no new information in 3 consecutive turns
         TEST  smape=0.0221  rmse=389.5042  pocid=50.00  mape=0.0224  | FLOOR smape=0.0221
         laya iter 1 -> best_FT_catboost conf=0.7153 rank=6
         laya iter 2 -> best_FT_catboost conf=0.9693 rank=6
         laya iter 3 -> best_FT_catboost conf=0.9693 rank=6
         laya iter 4 -> best_FT_catboost conf=0.9693 rank=6
[ 102] trimmed_mean   score=-0.0121 origin=baseline iters=4 stop=no new information in 3 consecutive turns
         TEST  smape=0.0295  rmse=134.8050  pocid=58.33  mape=0.0294  | FLOOR smape=0.0295
         laya iter 1 -> best_ONLY_DWT_rf conf=0.7487 rank=3
         laya iter 2 -> best_ONLY_DWT_rf conf=0.7635 rank=3
         laya iter 3 -> best_ONLY_DWT_rf conf=0.7635 rank=3
         laya iter 4 -> best_ONLY_DWT_rf conf=0.7635 rank=3
[ 103] best_single    score= 0.3026 origin=agent    iters=4 stop=no new information in 3 consecutive turns
         TEST  smape=0.0306  rmse=33.2086  pocid=83.33  mape=0.0312  | FLOOR smape=0.0256
         laya iter 1 -> best_ONLY_CWT_catboost conf=0.2982 rank=1
         laya iter 2 -> best_ONLY_CWT_catboost conf=0.4501 rank=1
         laya iter 3 -> best_ONLY_CWT_catboost conf=0.4501 rank=1
         laya iter 4 -> best_ONLY_CWT_catboost conf=0.4501 rank=1
[ 104] best_single    score=-0.1054 origin=agent    iters=4 stop=no new information in 3 consecutive turns
         TEST  smape=0.0126  rmse=140.8814  pocid=33.33  mape=0.0127  | FLOOR smape=0.0116
         laya iter 1 -> best_CWT_rf conf=0.719 rank=1
         laya iter 2 -> best_CWT_rf conf=0.69 rank=1
         laya iter 3 -> best_CWT_rf conf=0.69 rank=1
         laya iter 4 -> best_CWT_rf conf=0.69 rank=1
[ 105] best_single    score= 0.1289 origin=agent    iters=4 stop=no new information in 3 consecutive turns
         TEST  smape=0.0016  rmse=4.9346  pocid=66.67  mape=0.0016  | FLOOR smape=0.0019
         laya iter 1 -> best_ONLY_CWT_catboost conf=0.6139 rank=1
         laya iter 2 -> best_ONLY_CWT_catboost conf=0.7402 rank=1
         laya iter 3 -> best_ONLY_CWT_catboost conf=0.7402 rank=1
         laya iter 4 -> best_ONLY_CWT_catboost conf=0.7402 rank=1
[ 106] trimmed_mean   score=-0.0606 origin=baseline iters=4 stop=no new information in 3 consecutive turns
         TEST  smape=0.0115  rmse=305.2292  pocid=66.67  mape=0.0114  | FLOOR smape=0.0115
         laya iter 1 -> best_ONLY_DWT_catboost conf=0.6215 rank=3
         laya iter 2 -> best_ONLY_DWT_catboost conf=0.9739 rank=3
         laya iter 3 -> best_ONLY_DWT_catboost conf=0.9739 rank=3
         laya iter 4 -> best_ONLY_DWT_catboost conf=0.9739 rank=3
[ 107] median         score=-0.1051 origin=baseline iters=4 stop=no new information in 3 consecutive turns
         TEST  smape=0.0074  rmse=145.4364  pocid=58.33  mape=0.0075  | FLOOR smape=0.0074
         laya iter 1 -> best_ONLY_FT_catboost conf=0.6982 rank=8
         laya iter 2 -> best_ONLY_FT_catboost conf=0.6982 rank=8
         laya iter 3 -> best_ONLY_FT_catboost conf=0.6982 rank=8
         laya iter 4 -> best_ONLY_FT_catboost conf=0.6982 rank=8
[ 108] mean           score=-0.0973 origin=baseline iters=4 stop=no new information in 3 consecutive turns
         TEST  smape=0.0092  rmse=149.9241  pocid=66.67  mape=0.0092  | FLOOR smape=0.0092
         laya iter 1 -> best_ONLY_FT_rf conf=0.7828 rank=8
         laya iter 2 -> best_ONLY_FT_rf conf=0.7828 rank=8
         laya iter 3 -> best_ONLY_FT_rf conf=0.7828 rank=8
         laya iter 4 -> best_ONLY_FT_rf conf=0.7828 rank=8
[ 109] best_single    score= 0.1022 origin=agent    iters=4 stop=no new information in 3 consecutive turns
         TEST  smape=0.0138  rmse=121.3047  pocid=41.67  mape=0.0137  | FLOOR smape=0.0121
         laya iter 1 -> best_CWT_rf conf=0.7439 rank=1
         laya iter 2 -> best_CWT_rf conf=0.9904 rank=1
         laya iter 3 -> best_CWT_rf conf=0.9904 rank=1
         laya iter 4 -> best_CWT_rf conf=0.9904 rank=1
[ 110] trimmed_mean   score=-0.0410 origin=baseline iters=4 stop=no new information in 3 consecutive turns
         TEST  smape=0.0209  rmse=23.7062  pocid=75.00  mape=0.0206  | FLOOR smape=0.0209
         laya iter 1 -> median_stable5 conf=0.3977 rank=7
         laya iter 2 -> median_stable5 conf=0.3977 rank=7
         laya iter 3 -> median_stable5 conf=0.3977 rank=7
         laya iter 4 -> median_stable5 conf=0.3977 rank=7
[ 111] median         score=-0.0350 origin=baseline iters=4 stop=no new information in 3 consecutive turns
         TEST  smape=0.0037  rmse=45.7912  pocid=66.67  mape=0.0037  | FLOOR smape=0.0037
         laya iter 1 -> best_ONLY_FT_catboost conf=0.8105 rank=6
         laya iter 2 -> best_ONLY_FT_catboost conf=0.7913 rank=6
         laya iter 3 -> best_ONLY_FT_catboost conf=0.7913 rank=6
         laya iter 4 -> best_ONLY_FT_catboost conf=0.7913 rank=6
[ 112] mean           score=-0.0947 origin=baseline iters=4 stop=no new information in 3 consecutive turns
         TEST  smape=0.0344  rmse=30.1095  pocid=83.33  mape=0.0351  | FLOOR smape=0.0344
         laya iter 1 -> best_ONLY_CWT_catboost conf=0.9781 rank=3
         laya iter 2 -> best_ONLY_CWT_catboost conf=0.7548 rank=3
         laya iter 3 -> best_ONLY_CWT_catboost conf=0.7548 rank=3
         laya iter 4 -> best_ONLY_CWT_catboost conf=0.7548 rank=3
[ 113] median         score= 0.2069 origin=baseline iters=4 stop=no new information in 3 consecutive turns
         TEST  smape=0.0256  rmse=284.5511  pocid=41.67  mape=0.0260  | FLOOR smape=0.0256
         laya iter 1 -> median_top5 conf=0.4435 rank=8
         laya iter 2 -> median_top5 conf=0.4435 rank=8
         laya iter 3 -> median_top5 conf=0.4435 rank=8
         laya iter 4 -> median_top5 conf=0.4435 rank=8
[ 114] best_single    score= 0.0747 origin=agent    iters=4 stop=no new information in 3 consecutive turns
         TEST  smape=0.0381  rmse=461.8816  pocid=41.67  mape=0.0389  | FLOOR smape=0.0382
         laya iter 1 -> best_ONLY_DWT_catboost conf=0.7254 rank=1
         laya iter 2 -> best_ONLY_DWT_catboost conf=0.8804 rank=1
         laya iter 3 -> best_ONLY_DWT_catboost conf=0.8804 rank=1
         laya iter 4 -> best_ONLY_DWT_catboost conf=0.8804 rank=1
[ 115] trimmed_mean   score=-0.0266 origin=baseline iters=4 stop=no new information in 3 consecutive turns
         TEST  smape=0.0408  rmse=695.4162  pocid=75.00  mape=0.0419  | FLOOR smape=0.0408
         laya iter 1 -> best_ONLY_DWT_rf conf=0.9748 rank=8
         laya iter 2 -> best_ONLY_DWT_rf conf=0.9748 rank=8
         laya iter 3 -> best_ONLY_DWT_rf conf=0.9748 rank=8
         laya iter 4 -> best_ONLY_DWT_rf conf=0.9748 rank=8
[ 116] best_single    score= 0.0593 origin=agent    iters=4 stop=no new information in 3 consecutive turns
         TEST  smape=0.0182  rmse=193.0145  pocid=75.00  mape=0.0178  | FLOOR smape=0.0182
         laya iter 1 -> best_FT_catboost conf=0.8579 rank=1
         laya iter 2 -> best_FT_catboost conf=0.9999 rank=1
         laya iter 3 -> best_FT_catboost conf=0.9999 rank=1
         laya iter 4 -> best_FT_catboost conf=0.9999 rank=1
[ 117] best_single    score= 0.3675 origin=agent    iters=4 stop=no new information in 3 consecutive turns
         TEST  smape=0.0059  rmse=10.9859  pocid=75.00  mape=0.0058  | FLOOR smape=0.0046
         laya iter 1 -> best_ONLY_CWT_catboost conf=0.7869 rank=1
         laya iter 2 -> best_ONLY_CWT_catboost conf=0.7683 rank=1
         laya iter 3 -> best_ONLY_CWT_catboost conf=0.7683 rank=1
         laya iter 4 -> best_ONLY_CWT_catboost conf=0.7683 rank=1
[ 118] mean           score= 0.3083 origin=baseline iters=4 stop=no new information in 3 consecutive turns
         TEST  smape=0.1541  rmse=192.2356  pocid=50.00  mape=0.1409  | FLOOR smape=0.1541
         laya iter 1 -> median_top5 conf=0.5527 rank=7
         laya iter 2 -> median_top5 conf=0.5527 rank=7
         laya iter 3 -> median_top5 conf=0.5527 rank=7
         laya iter 4 -> median_top5 conf=0.5527 rank=7
[ 119] best_single    score= 0.4283 origin=agent    iters=4 stop=no new information in 3 consecutive turns
         TEST  smape=0.1497  rmse=165.8089  pocid=58.33  mape=0.1366  | FLOOR smape=0.1495
         laya iter 1 -> best_ONLY_DWT_catboost conf=0.5161 rank=1
         laya iter 2 -> best_ONLY_DWT_catboost conf=0.6292 rank=1
         laya iter 3 -> best_ONLY_DWT_catboost conf=0.6292 rank=1
         laya iter 4 -> best_ONLY_DWT_catboost conf=0.6292 rank=1
[ 120] best_single    score=-0.1133 origin=agent    iters=4 stop=no new information in 3 consecutive turns
         TEST  smape=0.0050  rmse=65.5241  pocid=100.00  mape=0.0049  | FLOOR smape=0.0036
         laya iter 1 -> best_ONLY_CWT_rf conf=0.9698 rank=1
         laya iter 2 -> best_ONLY_CWT_rf conf=0.9817 rank=1
         laya iter 3 -> best_ONLY_CWT_rf conf=0.9817 rank=1
         laya iter 4 -> best_ONLY_CWT_rf conf=0.9817 rank=1
[ 121] trimmed_mean   score=-0.0860 origin=baseline iters=4 stop=no new information in 3 consecutive turns
         TEST  smape=0.0418  rmse=18.9026  pocid=66.67  mape=0.0426  | FLOOR smape=0.0418
         laya iter 1 -> best_ONLY_DWT_rf conf=0.8076 rank=5
         laya iter 2 -> best_ONLY_DWT_rf conf=0.8522 rank=5
         laya iter 3 -> best_ONLY_DWT_rf conf=0.8522 rank=5
         laya iter 4 -> best_ONLY_DWT_rf conf=0.8522 rank=5
[ 122] trimmed_mean   score=-0.1001 origin=baseline iters=4 stop=no new information in 3 consecutive turns
         TEST  smape=0.0356  rmse=21.5406  pocid=83.33  mape=0.0367  | FLOOR smape=0.0356
         laya iter 1 -> best_ONLY_DWT_rf conf=0.6684 rank=8
         laya iter 2 -> best_ONLY_DWT_rf conf=0.6684 rank=8
         laya iter 3 -> best_ONLY_DWT_rf conf=0.6684 rank=8
         laya iter 4 -> best_ONLY_DWT_rf conf=0.6684 rank=8
[ 123] best_single    score= 0.2086 origin=agent    iters=4 stop=no new information in 3 consecutive turns
         TEST  smape=0.0506  rmse=446.1661  pocid=50.00  mape=0.0520  | FLOOR smape=0.0123
         laya iter 1 -> best_ONLY_FT_rf conf=0.7578 rank=1
         laya iter 2 -> best_ONLY_FT_rf conf=0.9552 rank=1
         laya iter 3 -> best_ONLY_FT_rf conf=0.9552 rank=1
         laya iter 4 -> best_ONLY_FT_rf conf=0.9552 rank=1
[ 124] median         score=-0.1191 origin=baseline iters=4 stop=no new information in 3 consecutive turns
         TEST  smape=0.0138  rmse=173.5492  pocid=75.00  mape=0.0137  | FLOOR smape=0.0138
         laya iter 1 -> best_ONLY_DWT_rf conf=0.735 rank=8
         laya iter 2 -> best_ONLY_DWT_rf conf=0.735 rank=8
         laya iter 3 -> best_ONLY_DWT_rf conf=0.735 rank=8
         laya iter 4 -> best_ONLY_DWT_rf conf=0.735 rank=8
[ 125] best_single    score= 0.0077 origin=agent    iters=4 stop=no new information in 3 consecutive turns
         TEST  smape=0.0037  rmse=45.9005  pocid=91.67  mape=0.0037  | FLOOR smape=0.0048
         laya iter 1 -> best_ONLY_CWT_rf conf=0.8346 rank=1
         laya iter 2 -> best_ONLY_CWT_rf conf=0.9486 rank=1
         laya iter 3 -> best_ONLY_CWT_rf conf=0.9486 rank=1
         laya iter 4 -> best_ONLY_CWT_rf conf=0.9486 rank=1
[ 126] trimmed_mean   score=-0.0011 origin=baseline iters=4 stop=no new information in 3 consecutive turns
         TEST  smape=0.0191  rmse=242.3789  pocid=58.33  mape=0.0193  | FLOOR smape=0.0191
         laya iter 1 -> best_catboost conf=0.7194 rank=8
         laya iter 2 -> best_catboost conf=0.7194 rank=8
         laya iter 3 -> best_catboost conf=0.7194 rank=8
         laya iter 4 -> best_catboost conf=0.7194 rank=8
[ 127] trimmed_mean   score=-0.0105 origin=baseline iters=4 stop=no new information in 3 consecutive turns
         TEST  smape=0.0221  rmse=95.5364  pocid=66.67  mape=0.0221  | FLOOR smape=0.0221
         laya iter 1 -> median_top5 conf=0.9524 rank=7
         laya iter 2 -> median_top5 conf=0.9524 rank=7
         laya iter 3 -> median_top5 conf=0.9524 rank=7
         laya iter 4 -> median_top5 conf=0.9524 rank=7
[ 128] best_single    score= 0.3836 origin=agent    iters=4 stop=no new information in 3 consecutive turns
         TEST  smape=0.0299  rmse=31.7516  pocid=83.33  mape=0.0304  | FLOOR smape=0.0268
         laya iter 1 -> best_ONLY_DWT_catboost conf=0.7901 rank=1
         laya iter 2 -> best_ONLY_DWT_catboost conf=0.9617 rank=1
         laya iter 3 -> best_ONLY_DWT_catboost conf=0.9617 rank=1
         laya iter 4 -> best_ONLY_DWT_catboost conf=0.9617 rank=1
[ 129] mean           score=-0.0840 origin=baseline iters=4 stop=no new information in 3 consecutive turns
         TEST  smape=0.0097  rmse=93.6733  pocid=50.00  mape=0.0098  | FLOOR smape=0.0097
         laya iter 1 -> best_FT_catboost conf=0.8015 rank=7
         laya iter 2 -> best_FT_catboost conf=0.8015 rank=7
         laya iter 3 -> best_FT_catboost conf=0.8015 rank=7
         laya iter 4 -> best_FT_catboost conf=0.8015 rank=7
[ 130] best_single    score= 0.1201 origin=agent    iters=4 stop=no new information in 3 consecutive turns
         TEST  smape=0.0027  rmse=7.0405  pocid=83.33  mape=0.0027  | FLOOR smape=0.0024
         laya iter 1 -> best_ONLY_CWT_rf conf=0.7639 rank=1
         laya iter 2 -> best_ONLY_CWT_rf conf=0.8361 rank=1
         laya iter 3 -> best_ONLY_CWT_rf conf=0.8361 rank=1
         laya iter 4 -> best_ONLY_CWT_rf conf=0.8361 rank=1
[ 131] best_single    score=-0.1015 origin=agent    iters=4 stop=no new information in 3 consecutive turns
         TEST  smape=0.0105  rmse=261.3453  pocid=41.67  mape=0.0104  | FLOOR smape=0.0117
         laya iter 1 -> best_DWT_rf conf=0.5884 rank=1
         laya iter 2 -> best_DWT_rf conf=0.8068 rank=1
         laya iter 3 -> best_DWT_rf conf=0.8068 rank=1
         laya iter 4 -> best_DWT_rf conf=0.8068 rank=1
[ 132] mean           score=-0.1064 origin=baseline iters=4 stop=no new information in 3 consecutive turns
         TEST  smape=0.0032  rmse=52.4237  pocid=91.67  mape=0.0032  | FLOOR smape=0.0032
         laya iter 1 -> best_FT_rf conf=0.7265 rank=7
         laya iter 2 -> best_FT_rf conf=0.7265 rank=7
         laya iter 3 -> best_FT_rf conf=0.7265 rank=7
         laya iter 4 -> best_FT_rf conf=0.7265 rank=7
[ 133] trimmed_mean   score=-0.0948 origin=baseline iters=4 stop=no new information in 3 consecutive turns
         TEST  smape=0.0031  rmse=47.0666  pocid=91.67  mape=0.0031  | FLOOR smape=0.0031
         laya iter 1 -> best_ONLY_DWT_rf conf=0.8167 rank=7
         laya iter 2 -> best_ONLY_DWT_rf conf=0.8167 rank=7
         laya iter 3 -> best_ONLY_DWT_rf conf=0.8167 rank=7
         laya iter 4 -> best_ONLY_DWT_rf conf=0.8167 rank=7
[ 134] trimmed_mean   score= 0.0524 origin=baseline iters=4 stop=no new information in 3 consecutive turns
         TEST  smape=0.0205  rmse=141.2819  pocid=33.33  mape=0.0202  | FLOOR smape=0.0205
         laya iter 1 -> median_top5 conf=0.7 rank=6
         laya iter 2 -> median_top5 conf=0.4835 rank=6
         laya iter 3 -> median_top5 conf=0.4835 rank=6
         laya iter 4 -> median_top5 conf=0.4835 rank=6
[ 135] best_single    score= 0.1121 origin=agent    iters=4 stop=no new information in 3 consecutive turns
         TEST  smape=0.0202  rmse=149.1307  pocid=66.67  mape=0.0199  | FLOOR smape=0.0196
         laya iter 1 -> best_DWT_rf conf=0.2713 rank=1
         laya iter 2 -> best_DWT_rf conf=0.5208 rank=1
         laya iter 3 -> best_DWT_rf conf=0.5208 rank=1
         laya iter 4 -> best_DWT_rf conf=0.5208 rank=1
[ 136] mean           score=-0.0533 origin=baseline iters=4 stop=no new information in 3 consecutive turns
         TEST  smape=0.0106  rmse=85.3714  pocid=58.33  mape=0.0105  | FLOOR smape=0.0106
         laya iter 1 -> median_top5 conf=0.7047 rank=8
         laya iter 2 -> median_top5 conf=0.7047 rank=8
         laya iter 3 -> median_top5 conf=0.7047 rank=8
         laya iter 4 -> median_top5 conf=0.7047 rank=8
[ 137] mean           score=-0.0994 origin=baseline iters=4 stop=no new information in 3 consecutive turns
         TEST  smape=0.0662  rmse=26.8251  pocid=75.00  mape=0.0679  | FLOOR smape=0.0662
         laya iter 1 -> best_ONLY_FT_catboost conf=0.9116 rank=4
         laya iter 2 -> best_ONLY_FT_catboost conf=0.9057 rank=4
         laya iter 3 -> best_ONLY_FT_catboost conf=0.9057 rank=4
         laya iter 4 -> best_ONLY_FT_catboost conf=0.9057 rank=4
[ 138] mean           score= 0.2853 origin=baseline iters=4 stop=no new information in 3 consecutive turns
         TEST  smape=0.0327  rmse=269.8821  pocid=58.33  mape=0.0333  | FLOOR smape=0.0327
         laya iter 1 -> best_FT_rf conf=0.7987 rank=4
         laya iter 2 -> best_FT_rf conf=0.8217 rank=4
         laya iter 3 -> best_FT_rf conf=0.8217 rank=4
         laya iter 4 -> best_FT_rf conf=0.8217 rank=4
[ 139] best_single    score= 0.3919 origin=agent    iters=4 stop=no new information in 3 consecutive turns
         TEST  smape=0.0343  rmse=321.3186  pocid=50.00  mape=0.0351  | FLOOR smape=0.0344
         laya iter 1 -> best_ONLY_DWT_rf conf=0.5019 rank=1
         laya iter 2 -> best_ONLY_DWT_rf conf=0.6829 rank=1
         laya iter 3 -> best_ONLY_DWT_rf conf=0.6829 rank=1
         laya iter 4 -> best_ONLY_DWT_rf conf=0.6829 rank=1
[ 140] median         score= 0.0218 origin=baseline iters=4 stop=no new information in 3 consecutive turns
         TEST  smape=0.0458  rmse=569.6585  pocid=66.67  mape=0.0472  | FLOOR smape=0.0458
         laya iter 1 -> best_ONLY_DWT_catboost conf=0.8174 rank=4
         laya iter 2 -> best_ONLY_DWT_catboost conf=0.8505 rank=4
         laya iter 3 -> best_ONLY_DWT_catboost conf=0.8505 rank=4
         laya iter 4 -> best_ONLY_DWT_catboost conf=0.8505 rank=4
[ 141] best_single    score=-0.0363 origin=agent    iters=4 stop=no new information in 3 consecutive turns
         TEST  smape=0.0134  rmse=114.4569  pocid=66.67  mape=0.0132  | FLOOR smape=0.0136
         laya iter 1 -> best_CWT_rf conf=0.5314 rank=1
         laya iter 2 -> best_CWT_rf conf=0.7383 rank=1
         laya iter 3 -> best_CWT_rf conf=0.7383 rank=1
         laya iter 4 -> best_CWT_rf conf=0.7383 rank=1
[ 142] best_single    score= 0.0742 origin=agent    iters=4 stop=no new information in 3 consecutive turns
         TEST  smape=0.0040  rmse=54.2380  pocid=75.00  mape=0.0040  | FLOOR smape=0.0043
         laya iter 1 -> best_ONLY_CWT_catboost conf=0.97 rank=1
         laya iter 2 -> best_ONLY_CWT_catboost conf=0.9986 rank=1
         laya iter 3 -> best_ONLY_CWT_catboost conf=0.9986 rank=1
         laya iter 4 -> best_ONLY_CWT_catboost conf=0.9986 rank=1
[ 143] best_single    score= 0.1648 origin=agent    iters=4 stop=no new information in 3 consecutive turns
         TEST  smape=0.1535  rmse=186.3837  pocid=50.00  mape=0.1404  | FLOOR smape=0.1282
         laya iter 1 -> best_ONLY_DWT_catboost conf=0.7136 rank=1
         laya iter 2 -> best_ONLY_DWT_catboost conf=0.696 rank=1
         laya iter 3 -> best_ONLY_DWT_catboost conf=0.696 rank=1
         laya iter 4 -> best_ONLY_DWT_catboost conf=0.696 rank=1
[ 144] best_single    score= 0.2853 origin=agent    iters=4 stop=no new information in 3 consecutive turns
         TEST  smape=0.1870  rmse=1927.4050  pocid=58.33  mape=0.1675  | FLOOR smape=0.1696
         laya iter 1 -> best_FT_catboost conf=0.6883 rank=1
         laya iter 2 -> best_FT_catboost conf=0.763 rank=1
         laya iter 3 -> best_FT_catboost conf=0.763 rank=1
         laya iter 4 -> best_FT_catboost conf=0.763 rank=1
[ 145] median         score=-0.1025 origin=baseline iters=4 stop=no new information in 3 consecutive turns
         TEST  smape=0.0089  rmse=73.9772  pocid=75.00  mape=0.0088  | FLOOR smape=0.0089
         laya iter 1 -> best_ONLY_CWT_rf conf=0.7152 rank=8
         laya iter 2 -> best_ONLY_CWT_rf conf=0.7152 rank=8
         laya iter 3 -> best_ONLY_CWT_rf conf=0.7152 rank=8
         laya iter 4 -> best_ONLY_CWT_rf conf=0.7152 rank=8
[ 146] trimmed_mean   score=-0.0638 origin=baseline iters=4 stop=no new information in 3 consecutive turns
         TEST  smape=0.0847  rmse=11.6306  pocid=41.67  mape=0.0897  | FLOOR smape=0.0847
         laya iter 1 -> best_ONLY_FT_catboost conf=0.7312 rank=5
         laya iter 2 -> best_ONLY_FT_catboost conf=0.9833 rank=5
         laya iter 3 -> best_ONLY_FT_catboost conf=0.9833 rank=5
         laya iter 4 -> best_ONLY_FT_catboost conf=0.9833 rank=5
[ 147] median         score=-0.0696 origin=baseline iters=4 stop=no new information in 3 consecutive turns
         TEST  smape=0.0675  rmse=16.3890  pocid=50.00  mape=0.0705  | FLOOR smape=0.0675
         laya iter 1 -> best_ONLY_CWT_rf conf=0.6937 rank=8
         laya iter 2 -> best_ONLY_CWT_rf conf=0.6937 rank=8
         laya iter 3 -> best_ONLY_CWT_rf conf=0.6937 rank=8
         laya iter 4 -> best_ONLY_CWT_rf conf=0.6937 rank=8
[ 148] best_single    score= 0.4701 origin=agent    iters=4 stop=no new information in 3 consecutive turns
         TEST  smape=0.0233  rmse=122.2692  pocid=25.00  mape=0.0229  | FLOOR smape=0.0405
         laya iter 1 -> best_FT_catboost conf=0.7028 rank=1
         laya iter 2 -> best_FT_catboost conf=0.7622 rank=1
         laya iter 3 -> best_FT_catboost conf=0.7622 rank=1
         laya iter 4 -> best_FT_catboost conf=0.7622 rank=1
[ 149] trimmed_mean   score=-0.0693 origin=baseline iters=4 stop=no new information in 3 consecutive turns
         TEST  smape=0.0152  rmse=146.1281  pocid=75.00  mape=0.0151  | FLOOR smape=0.0152
         laya iter 1 -> best_ONLY_DWT_rf conf=0.7432 rank=8
         laya iter 2 -> best_ONLY_DWT_rf conf=0.7432 rank=8
         laya iter 3 -> best_ONLY_DWT_rf conf=0.7432 rank=8
         laya iter 4 -> best_ONLY_DWT_rf conf=0.7432 rank=8
[ 150] trimmed_mean   score=-0.1187 origin=baseline iters=4 stop=no new information in 3 consecutive turns
         TEST  smape=0.0079  rmse=59.8727  pocid=91.67  mape=0.0079  | FLOOR smape=0.0079
         laya iter 1 -> median_top5 conf=0.6239 rank=8
         laya iter 2 -> median_top5 conf=0.6239 rank=8
         laya iter 3 -> median_top5 conf=0.6239 rank=8
         laya iter 4 -> median_top5 conf=0.6239 rank=8
[ 151] median         score= 0.0779 origin=baseline iters=4 stop=no new information in 3 consecutive turns
         TEST  smape=0.0137  rmse=137.7083  pocid=41.67  mape=0.0137  | FLOOR smape=0.0137
         laya iter 1 -> best_ONLY_FT_rf conf=0.801 rank=2
         laya iter 2 -> best_ONLY_FT_rf conf=0.9951 rank=2
         laya iter 3 -> best_ONLY_FT_rf conf=0.9951 rank=2
         laya iter 4 -> best_ONLY_FT_rf conf=0.9951 rank=2
[ 152] trimmed_mean   score= 0.0026 origin=baseline iters=4 stop=no new information in 3 consecutive turns
         TEST  smape=0.0227  rmse=91.4874  pocid=66.67  mape=0.0229  | FLOOR smape=0.0227
         laya iter 1 -> best_ONLY_FT_rf conf=0.9745 rank=8
         laya iter 2 -> best_ONLY_FT_rf conf=0.9745 rank=8
         laya iter 3 -> best_ONLY_FT_rf conf=0.9745 rank=8
         laya iter 4 -> best_ONLY_FT_rf conf=0.9745 rank=8
[ 153] best_single    score= 0.0354 origin=agent    iters=4 stop=no new information in 3 consecutive turns
         TEST  smape=0.0202  rmse=202.7431  pocid=50.00  mape=0.0205  | FLOOR smape=0.0190
         laya iter 1 -> best_CWT_rf conf=0.7149 rank=1
         laya iter 2 -> best_CWT_rf conf=0.6724 rank=1
         laya iter 3 -> best_CWT_rf conf=0.6724 rank=1
         laya iter 4 -> best_CWT_rf conf=0.6724 rank=1
[ 154] best_single    score= 0.0248 origin=agent    iters=4 stop=no new information in 3 consecutive turns
         TEST  smape=0.0178  rmse=99.1961  pocid=41.67  mape=0.0180  | FLOOR smape=0.0186
         laya iter 1 -> best_ONLY_CWT_rf conf=0.9013 rank=1
         laya iter 2 -> best_ONLY_CWT_rf conf=0.9792 rank=1
         laya iter 3 -> best_ONLY_CWT_rf conf=0.9792 rank=1
         laya iter 4 -> best_ONLY_CWT_rf conf=0.9792 rank=1
[ 155] best_single    score=-0.0450 origin=agent    iters=4 stop=no new information in 3 consecutive turns
         TEST  smape=0.0119  rmse=82.9985  pocid=41.67  mape=0.0120  | FLOOR smape=0.0143
         laya iter 1 -> best_ONLY_FT_catboost conf=0.8606 rank=1
         laya iter 2 -> best_ONLY_FT_catboost conf=1.0 rank=1
         laya iter 3 -> best_ONLY_FT_catboost conf=1.0 rank=1
         laya iter 4 -> best_ONLY_FT_catboost conf=1.0 rank=1
[ 156] trimmed_mean   score=-0.1258 origin=baseline iters=4 stop=no new information in 3 consecutive turns
         TEST  smape=0.0033  rmse=5.5450  pocid=75.00  mape=0.0033  | FLOOR smape=0.0033
         laya iter 1 -> best_ONLY_DWT_catboost conf=0.8963 rank=7
         laya iter 2 -> best_ONLY_DWT_catboost conf=0.8963 rank=7
         laya iter 3 -> best_ONLY_DWT_catboost conf=0.8963 rank=7
         laya iter 4 -> best_ONLY_DWT_catboost conf=0.8963 rank=7
[ 157] best_single    score=-0.0848 origin=agent    iters=4 stop=no new information in 3 consecutive turns
         TEST  smape=0.0051  rmse=109.6777  pocid=33.33  mape=0.0051  | FLOOR smape=0.0069
         laya iter 1 -> best_ONLY_DWT_catboost conf=0.8411 rank=1
         laya iter 2 -> best_ONLY_DWT_catboost conf=0.8251 rank=1
         laya iter 3 -> best_ONLY_DWT_catboost conf=0.8251 rank=1
         laya iter 4 -> best_ONLY_DWT_catboost conf=0.8251 rank=1
[ 158] trimmed_mean   score=-0.0940 origin=baseline iters=4 stop=no new information in 3 consecutive turns
         TEST  smape=0.0057  rmse=56.8159  pocid=91.67  mape=0.0057  | FLOOR smape=0.0057
         laya iter 1 -> best_ONLY_CWT_rf conf=0.7835 rank=7
         laya iter 2 -> best_ONLY_CWT_rf conf=0.7835 rank=7
         laya iter 3 -> best_ONLY_CWT_rf conf=0.7835 rank=7
         laya iter 4 -> best_ONLY_CWT_rf conf=0.7835 rank=7
[ 159] mean           score=-0.0982 origin=baseline iters=4 stop=no new information in 3 consecutive turns
         TEST  smape=0.0048  rmse=44.4603  pocid=91.67  mape=0.0048  | FLOOR smape=0.0048
         laya iter 1 -> best_ONLY_CWT_rf conf=0.7961 rank=2
         laya iter 2 -> best_ONLY_CWT_rf conf=0.8797 rank=2
         laya iter 3 -> best_ONLY_CWT_rf conf=0.8797 rank=2
         laya iter 4 -> best_ONLY_CWT_rf conf=0.8797 rank=2
[ 160] best_single    score=-0.0118 origin=agent    iters=4 stop=no new information in 3 consecutive turns
         TEST  smape=0.0072  rmse=107.2302  pocid=41.67  mape=0.0071  | FLOOR smape=0.0062
         laya iter 1 -> best_FT_catboost conf=0.7816 rank=1
         laya iter 2 -> best_FT_catboost conf=0.9081 rank=1
         laya iter 3 -> best_FT_catboost conf=0.9081 rank=1
         laya iter 4 -> best_FT_catboost conf=0.9081 rank=1
[ 161] mean           score= 0.0098 origin=baseline iters=4 stop=no new information in 3 consecutive turns
         TEST  smape=0.0117  rmse=66.6612  pocid=41.67  mape=0.0116  | FLOOR smape=0.0117
         laya iter 1 -> best_ONLY_DWT_catboost conf=0.9783 rank=3
         laya iter 2 -> best_ONLY_DWT_catboost conf=0.9758 rank=3
         laya iter 3 -> best_ONLY_DWT_catboost conf=0.9758 rank=3
         laya iter 4 -> best_ONLY_DWT_catboost conf=0.9758 rank=3
[ 162] best_single    score= 0.0275 origin=agent    iters=4 stop=no new information in 3 consecutive turns
         TEST  smape=0.0124  rmse=50.2909  pocid=75.00  mape=0.0123  | FLOOR smape=0.0124
         laya iter 1 -> best_ONLY_DWT_catboost conf=0.9996 rank=1
         laya iter 2 -> best_ONLY_DWT_catboost conf=0.9902 rank=1
         laya iter 3 -> best_ONLY_DWT_catboost conf=0.9902 rank=1
         laya iter 4 -> best_ONLY_DWT_catboost conf=0.9902 rank=1
[ 163] median         score=-0.0014 origin=baseline iters=4 stop=no new information in 3 consecutive turns
         TEST  smape=0.0105  rmse=283.3121  pocid=58.33  mape=0.0106  | FLOOR smape=0.0105
         laya iter 1 -> best_ONLY_DWT_rf conf=0.8714 rank=2
         laya iter 2 -> best_ONLY_DWT_rf conf=0.9709 rank=2
         laya iter 3 -> best_ONLY_DWT_rf conf=0.9709 rank=2
         laya iter 4 -> best_ONLY_DWT_rf conf=0.9709 rank=2
[ 164] trimmed_mean   score=-0.0294 origin=baseline iters=4 stop=no new information in 3 consecutive turns
         TEST  smape=0.0403  rmse=174.9849  pocid=50.00  mape=0.0414  | FLOOR smape=0.0403
         laya iter 1 -> best_ONLY_FT_rf conf=0.8917 rank=2
         laya iter 2 -> best_ONLY_FT_rf conf=0.9999 rank=2
         laya iter 3 -> best_ONLY_FT_rf conf=0.9999 rank=2
         laya iter 4 -> best_ONLY_FT_rf conf=0.9999 rank=2
[ 165] best_single    score= 0.1320 origin=agent    iters=6 stop=no new information in 3 consecutive turns
         TEST  smape=0.0502  rmse=153.2970  pocid=58.33  mape=0.0519  | FLOOR smape=0.0282
         laya iter 1 -> median_top5 conf=0.646 rank=4
         laya iter 2 -> best_ONLY_CWT_rf conf=0.5511 rank=1
         laya iter 3 -> best_catboost conf=0.6636 rank=1
         laya iter 4 -> median_top5 conf=0.4874 rank=6
         laya iter 5 -> median_top5 conf=0.4874 rank=6
         laya iter 6 -> median_top5 conf=0.4874 rank=6
[ 166] mean           score= 0.0867 origin=baseline iters=5 stop=no new information in 3 consecutive turns
         TEST  smape=0.0308  rmse=100.9891  pocid=58.33  mape=0.0314  | FLOOR smape=0.0308
         laya iter 1 -> median_stable7 conf=0.4134 rank=4
         laya iter 2 -> best_ONLY_FT_catboost conf=0.3671 rank=2
         laya iter 3 -> best_ONLY_FT_catboost conf=0.6812 rank=2
         laya iter 4 -> best_ONLY_FT_catboost conf=0.6812 rank=2
         laya iter 5 -> best_ONLY_FT_catboost conf=0.6812 rank=2
[ 167] best_single    score= 0.0570 origin=agent    iters=4 stop=no new information in 3 consecutive turns
         TEST  smape=0.0404  rmse=164.9567  pocid=66.67  mape=0.0399  | FLOOR smape=0.0286
         laya iter 1 -> best_FT_catboost conf=0.5107 rank=1
         laya iter 2 -> best_FT_catboost conf=0.4347 rank=1
         laya iter 3 -> best_FT_catboost conf=0.4347 rank=1
         laya iter 4 -> best_FT_catboost conf=0.4347 rank=1
[ 168] best_single    score= 0.0329 origin=agent    iters=4 stop=no new information in 3 consecutive turns
         TEST  smape=0.0333  rmse=71.2485  pocid=58.33  mape=0.0325  | FLOOR smape=0.0419
         laya iter 1 -> best_ONLY_DWT_catboost conf=0.9901 rank=1
         laya iter 2 -> best_ONLY_DWT_catboost conf=0.9984 rank=1
         laya iter 3 -> best_ONLY_DWT_catboost conf=0.9984 rank=1
         laya iter 4 -> best_ONLY_DWT_catboost conf=0.9984 rank=1
[ 169] best_single    score= 0.0621 origin=agent    iters=4 stop=no new information in 3 consecutive turns
         TEST  smape=0.0182  rmse=80.5901  pocid=58.33  mape=0.0180  | FLOOR smape=0.0210
         laya iter 1 -> best_ONLY_CWT_catboost conf=0.5224 rank=1
         laya iter 2 -> best_ONLY_CWT_catboost conf=0.6573 rank=1
         laya iter 3 -> best_ONLY_CWT_catboost conf=0.6573 rank=1
         laya iter 4 -> best_ONLY_CWT_catboost conf=0.6573 rank=1
[ 170] best_single    score= 0.1063 origin=agent    iters=4 stop=no new information in 3 consecutive turns
         TEST  smape=0.0079  rmse=61.0144  pocid=58.33  mape=0.0079  | FLOOR smape=0.0087
         laya iter 1 -> best_FT_rf conf=0.7762 rank=1
         laya iter 2 -> best_FT_rf conf=0.904 rank=1
         laya iter 3 -> best_FT_rf conf=0.904 rank=1
         laya iter 4 -> best_FT_rf conf=0.904 rank=1
[ 171] best_single    score=-0.0928 origin=agent    iters=4 stop=no new information in 3 consecutive turns
         TEST  smape=0.0063  rmse=27.6979  pocid=83.33  mape=0.0063  | FLOOR smape=0.0056
         laya iter 1 -> best_ONLY_CWT_rf conf=0.7986 rank=1
         laya iter 2 -> best_ONLY_CWT_rf conf=0.8863 rank=1
         laya iter 3 -> best_ONLY_CWT_rf conf=0.8863 rank=1
         laya iter 4 -> best_ONLY_CWT_rf conf=0.8863 rank=1
[ 172] best_single    score= 0.3929 origin=agent    iters=4 stop=no new information in 3 consecutive turns
         TEST  smape=0.0727  rmse=328.1289  pocid=75.00  mape=0.0734  | FLOOR smape=0.0670
         laya iter 1 -> best_FT_catboost conf=0.7088 rank=1
         laya iter 2 -> best_FT_catboost conf=0.847 rank=1
         laya iter 3 -> best_FT_catboost conf=0.847 rank=1
         laya iter 4 -> best_FT_catboost conf=0.847 rank=1
[ 173] mean           score= 0.2419 origin=baseline iters=4 stop=no new information in 3 consecutive turns
         TEST  smape=0.0059  rmse=21.5775  pocid=66.67  mape=0.0060  | FLOOR smape=0.0059
         laya iter 1 -> median_top5 conf=0.4956 rank=4
         laya iter 2 -> median_top5 conf=0.6856 rank=4
         laya iter 3 -> median_top5 conf=0.6856 rank=4
         laya iter 4 -> median_top5 conf=0.6856 rank=4
[ 174] best_single    score=-0.0791 origin=agent    iters=5 stop=no new information in 3 consecutive turns
         TEST  smape=0.0042  rmse=16.0105  pocid=91.67  mape=0.0042  | FLOOR smape=0.0063
         laya iter 1 -> best_ONLY_DWT_rf conf=0.6204 rank=1
         laya iter 2 -> median_top5 conf=0.6061 rank=9
         laya iter 3 -> median_top5 conf=0.6061 rank=9
         laya iter 4 -> median_top5 conf=0.6061 rank=9
         laya iter 5 -> median_top5 conf=0.6061 rank=9
[ 175] trimmed_mean   score= 0.0897 origin=baseline iters=4 stop=no new information in 3 consecutive turns
         TEST  smape=0.0237  rmse=65.5451  pocid=58.33  mape=0.0240  | FLOOR smape=0.0237
         laya iter 1 -> best_ONLY_FT_rf conf=0.6914 rank=2
         laya iter 2 -> best_ONLY_FT_rf conf=0.9805 rank=2
         laya iter 3 -> best_ONLY_FT_rf conf=0.9805 rank=2
         laya iter 4 -> best_ONLY_FT_rf conf=0.9805 rank=2
[ 176] best_single    score= 0.4509 origin=agent    iters=4 stop=no new information in 3 consecutive turns
         TEST  smape=0.0364  rmse=279.2557  pocid=66.67  mape=0.0356  | FLOOR smape=0.0309
         laya iter 1 -> best_ONLY_DWT_catboost conf=0.8967 rank=1
         laya iter 2 -> best_ONLY_DWT_catboost conf=0.8929 rank=1
         laya iter 3 -> best_ONLY_DWT_catboost conf=0.8929 rank=1
         laya iter 4 -> best_ONLY_DWT_catboost conf=0.8929 rank=1
[ 177] best_single    score= 0.3658 origin=agent    iters=4 stop=no new information in 3 consecutive turns
         TEST  smape=0.0655  rmse=102.7023  pocid=58.33  mape=0.0681  | FLOOR smape=0.0600
         laya iter 1 -> best_ONLY_DWT_rf conf=0.7517 rank=1
         laya iter 2 -> best_ONLY_DWT_rf conf=0.8741 rank=1
         laya iter 3 -> best_ONLY_DWT_rf conf=0.8741 rank=1
         laya iter 4 -> best_ONLY_DWT_rf conf=0.8741 rank=1
[ 178] trimmed_mean   score=-0.0741 origin=baseline iters=4 stop=no new information in 3 consecutive turns
         TEST  smape=0.0063  rmse=23.5996  pocid=50.00  mape=0.0062  | FLOOR smape=0.0063
         laya iter 1 -> best_ONLY_DWT_catboost conf=0.7912 rank=2
         laya iter 2 -> best_ONLY_DWT_catboost conf=0.999 rank=2
         laya iter 3 -> best_ONLY_DWT_catboost conf=0.999 rank=2
         laya iter 4 -> best_ONLY_DWT_catboost conf=0.999 rank=2
[ 179] best_single    score= 0.0995 origin=agent    iters=4 stop=no new information in 3 consecutive turns
         TEST  smape=0.0065  rmse=58.0664  pocid=66.67  mape=0.0064  | FLOOR smape=0.0080
         laya iter 1 -> best_ONLY_CWT_rf conf=0.7333 rank=1
         laya iter 2 -> best_ONLY_CWT_rf conf=0.7552 rank=1
         laya iter 3 -> best_ONLY_CWT_rf conf=0.7552 rank=1
         laya iter 4 -> best_ONLY_CWT_rf conf=0.7552 rank=1
[ 180] trimmed_mean   score=-0.0429 origin=baseline iters=4 stop=no new information in 3 consecutive turns
         TEST  smape=0.0146  rmse=145.2356  pocid=41.67  mape=0.0145  | FLOOR smape=0.0146
         laya iter 1 -> median_top5 conf=0.4798 rank=3
         laya iter 2 -> median_top5 conf=0.533 rank=3
         laya iter 3 -> median_top5 conf=0.533 rank=3
         laya iter 4 -> median_top5 conf=0.533 rank=3
[ 181] best_single    score= 0.2014 origin=agent    iters=4 stop=no new information in 3 consecutive turns
         TEST  smape=0.2579  rmse=355.5854  pocid=33.33  mape=0.2235  | FLOOR smape=0.2051
         laya iter 1 -> best_FT_rf conf=0.5947 rank=1
         laya iter 2 -> best_FT_rf conf=0.7815 rank=1
         laya iter 3 -> best_FT_rf conf=0.7815 rank=1
         laya iter 4 -> best_FT_rf conf=0.7815 rank=1
[ 182] trimmed_mean   score=-0.0800 origin=baseline iters=4 stop=no new information in 3 consecutive turns
         TEST  smape=0.0196  rmse=132.6261  pocid=41.67  mape=0.0194  | FLOOR smape=0.0196
         laya iter 1 -> median_top5 conf=0.6626 rank=8
         laya iter 2 -> median_top5 conf=0.6626 rank=8
         laya iter 3 -> median_top5 conf=0.6626 rank=8
         laya iter 4 -> median_top5 conf=0.6626 rank=8
[ 183] best_single    score=-0.0480 origin=agent    iters=4 stop=no new information in 3 consecutive turns
         TEST  smape=0.0037  rmse=18.3987  pocid=83.33  mape=0.0037  | FLOOR smape=0.0043
         laya iter 1 -> best_ONLY_DWT_catboost conf=0.9746 rank=1
         laya iter 2 -> best_ONLY_DWT_catboost conf=0.9997 rank=1
         laya iter 3 -> best_ONLY_DWT_catboost conf=0.9997 rank=1
         laya iter 4 -> best_ONLY_DWT_catboost conf=0.9997 rank=1
[ 184] mean           score=-0.0560 origin=baseline iters=4 stop=no new information in 3 consecutive turns
         TEST  smape=0.0045  rmse=22.1940  pocid=83.33  mape=0.0045  | FLOOR smape=0.0045
         laya iter 1 -> best_FT_rf conf=0.9694 rank=5
         laya iter 2 -> best_FT_rf conf=1.0 rank=5
         laya iter 3 -> best_FT_rf conf=1.0 rank=5
         laya iter 4 -> best_FT_rf conf=1.0 rank=5
[ 185] mean           score= 0.7500 origin=baseline iters=4 stop=no new information in 3 consecutive turns
         TEST  smape=0.0284  rmse=51.7753  pocid=58.33  mape=0.0279  | FLOOR smape=0.0284
         laya iter 1 -> best_ONLY_DWT_catboost conf=0.8226 rank=3
         laya iter 2 -> best_ONLY_DWT_catboost conf=0.4905 rank=3
         laya iter 3 -> best_ONLY_DWT_catboost conf=0.4905 rank=3
         laya iter 4 -> best_ONLY_DWT_catboost conf=0.4905 rank=3
[ 186] best_single    score= 0.3340 origin=agent    iters=4 stop=no new information in 3 consecutive turns
         TEST  smape=0.0421  rmse=40.0018  pocid=75.00  mape=0.0412  | FLOOR smape=0.0765
         laya iter 1 -> best_ONLY_DWT_rf conf=0.6316 rank=1
         laya iter 2 -> best_ONLY_DWT_rf conf=0.7551 rank=1
         laya iter 3 -> best_ONLY_DWT_rf conf=0.7551 rank=1
         laya iter 4 -> best_ONLY_DWT_rf conf=0.7551 rank=1
[ 187] best_single    score= 0.2199 origin=agent    iters=4 stop=no new information in 3 consecutive turns
         TEST  smape=0.0341  rmse=82.7736  pocid=75.00  mape=0.0348  | FLOOR smape=0.0135
         laya iter 1 -> best_FT_catboost conf=0.7889 rank=1
         laya iter 2 -> best_FT_catboost conf=0.9283 rank=1
         laya iter 3 -> best_FT_catboost conf=0.9283 rank=1
         laya iter 4 -> best_FT_catboost conf=0.9283 rank=1
[ 188] best_single    score= 0.1982 origin=agent    iters=4 stop=no new information in 3 consecutive turns
         TEST  smape=0.0621  rmse=157.1802  pocid=50.00  mape=0.0597  | FLOOR smape=0.0808
         laya iter 1 -> best_ONLY_FT_catboost conf=1.0 rank=1
         laya iter 2 -> best_ONLY_FT_catboost conf=1.0 rank=1
         laya iter 3 -> best_ONLY_FT_catboost conf=1.0 rank=1
         laya iter 4 -> best_ONLY_FT_catboost conf=1.0 rank=1
[ 189] trimmed_mean   score=-0.0135 origin=baseline iters=4 stop=no new information in 3 consecutive turns
         TEST  smape=0.0158  rmse=8.3701  pocid=58.33  mape=0.0157  | FLOOR smape=0.0158
         laya iter 1 -> best_ONLY_DWT_catboost conf=0.6268 rank=2
         laya iter 2 -> best_ONLY_DWT_catboost conf=0.7335 rank=2
         laya iter 3 -> best_ONLY_DWT_catboost conf=0.7335 rank=2
         laya iter 4 -> best_ONLY_DWT_catboost conf=0.7335 rank=2
[ 190] best_single    score= 0.4571 origin=agent    iters=4 stop=no new information in 3 consecutive turns
         TEST  smape=0.0657  rmse=563.7702  pocid=66.67  mape=0.0628  | FLOOR smape=0.0602
         laya iter 1 -> best_ONLY_CWT_rf conf=0.9999 rank=1
         laya iter 2 -> best_ONLY_CWT_rf conf=0.997 rank=1
         laya iter 3 -> best_ONLY_CWT_rf conf=0.997 rank=1
         laya iter 4 -> best_ONLY_CWT_rf conf=0.997 rank=1
[ 191] best_single    score= 0.4367 origin=agent    iters=4 stop=no new information in 3 consecutive turns
         TEST  smape=0.0232  rmse=31.8368  pocid=66.67  mape=0.0232  | FLOOR smape=0.0310
         laya iter 1 -> best_ONLY_CWT_catboost conf=0.9861 rank=1
         laya iter 2 -> best_ONLY_CWT_catboost conf=0.9993 rank=1
         laya iter 3 -> best_ONLY_CWT_catboost conf=0.9993 rank=1
         laya iter 4 -> best_ONLY_CWT_catboost conf=0.9993 rank=1
[ 192] best_single    score= 0.2644 origin=agent    iters=4 stop=no new information in 3 consecutive turns
         TEST  smape=0.0257  rmse=177.6087  pocid=50.00  mape=0.0256  | FLOOR smape=0.0228
         laya iter 1 -> best_FT_rf conf=1.0 rank=1
         laya iter 2 -> best_FT_rf conf=1.0 rank=1
         laya iter 3 -> best_FT_rf conf=1.0 rank=1
         laya iter 4 -> best_FT_rf conf=1.0 rank=1
[ 193] best_single    score= 0.0706 origin=agent    iters=4 stop=no new information in 3 consecutive turns
         TEST  smape=0.0234  rmse=13.4829  pocid=50.00  mape=0.0231  | FLOOR smape=0.0273
         laya iter 1 -> best_ONLY_DWT_rf conf=0.9726 rank=1
         laya iter 2 -> best_ONLY_DWT_rf conf=0.9903 rank=1
         laya iter 3 -> best_ONLY_DWT_rf conf=0.9903 rank=1
         laya iter 4 -> best_ONLY_DWT_rf conf=0.9903 rank=1
[ 194] best_single    score= 0.6378 origin=agent    iters=4 stop=no new information in 3 consecutive turns
         TEST  smape=0.0665  rmse=66.3294  pocid=41.67  mape=0.0641  | FLOOR smape=0.0793
         laya iter 1 -> best_ONLY_DWT_rf conf=0.6638 rank=1
         laya iter 2 -> best_ONLY_DWT_rf conf=0.9893 rank=1
         laya iter 3 -> best_ONLY_DWT_rf conf=0.9893 rank=1
         laya iter 4 -> best_ONLY_DWT_rf conf=0.9893 rank=1
[ 195] best_single    score= 0.3322 origin=agent    iters=5 stop=no new information in 3 consecutive turns
         TEST  smape=0.2166  rmse=2068.6036  pocid=33.33  mape=0.1925  | FLOOR smape=0.1398
         laya iter 1 -> best_ONLY_CWT_catboost conf=0.7562 rank=1
         laya iter 2 -> best_FT_rf conf=0.7938 rank=2
         laya iter 3 -> best_ONLY_CWT_catboost conf=0.7862 rank=1
         laya iter 4 -> best_ONLY_CWT_catboost conf=0.7862 rank=1
         laya iter 5 -> best_ONLY_CWT_catboost conf=0.7862 rank=1
[ 196] best_single    score= 0.6294 origin=agent    iters=5 stop=no new information in 3 consecutive turns
         TEST  smape=0.0656  rmse=225.4022  pocid=66.67  mape=0.0633  | FLOOR smape=0.1937
         laya iter 1 -> best_CWT_rf conf=0.7657 rank=1
         laya iter 2 -> best_ONLY_CWT_rf conf=0.7833 rank=1
         laya iter 3 -> best_CWT_rf conf=0.6396 rank=2
         laya iter 4 -> best_CWT_rf conf=0.6396 rank=2
         laya iter 5 -> best_CWT_rf conf=0.6396 rank=2
[ 197] best_single    score= 0.0428 origin=agent    iters=5 stop=no new information in 3 consecutive turns
         TEST  smape=0.0902  rmse=238.4663  pocid=33.33  mape=0.0856  | FLOOR smape=0.0527
         laya iter 1 -> best_ONLY_CWT_catboost conf=0.7187 rank=1
         laya iter 2 -> best_ONLY_FT_rf conf=0.7217 rank=3
         laya iter 3 -> best_ONLY_CWT_catboost conf=0.5174 rank=1
         laya iter 4 -> best_ONLY_CWT_catboost conf=0.5174 rank=1
         laya iter 5 -> best_ONLY_CWT_catboost conf=0.5174 rank=1
[ 198] median         score= 0.0725 origin=baseline iters=4 stop=no new information in 3 consecutive turns
         TEST  smape=0.0570  rmse=51.5690  pocid=50.00  mape=0.0566  | FLOOR smape=0.0570
         laya iter 1 -> best_ONLY_FT_catboost conf=0.5909 rank=7
         laya iter 2 -> best_ONLY_FT_catboost conf=0.5909 rank=7
         laya iter 3 -> best_ONLY_FT_catboost conf=0.5909 rank=7
         laya iter 4 -> best_ONLY_FT_catboost conf=0.5909 rank=7
[ 199] median         score= 0.2626 origin=baseline iters=4 stop=no new information in 3 consecutive turns
         TEST  smape=0.0885  rmse=201.9539  pocid=66.67  mape=0.0931  | FLOOR smape=0.0885
         laya iter 1 -> best_ONLY_DWT_catboost conf=0.7381 rank=2
         laya iter 2 -> best_ONLY_DWT_catboost conf=0.9003 rank=2
         laya iter 3 -> best_ONLY_DWT_catboost conf=0.9003 rank=2
         laya iter 4 -> best_ONLY_DWT_catboost conf=0.9003 rank=2
[ 200] trimmed_mean   score= 0.5458 origin=baseline iters=4 stop=no new information in 3 consecutive turns
         TEST  smape=0.1823  rmse=337.7647  pocid=66.67  mape=0.1664  | FLOOR smape=0.1823
         laya iter 1 -> median_top5 conf=0.4495 rank=8
         laya iter 2 -> median_top5 conf=0.4495 rank=8
         laya iter 3 -> median_top5 conf=0.4495 rank=8
         laya iter 4 -> median_top5 conf=0.4495 rank=8
[ 201] best_single    score= 0.6273 origin=agent    iters=4 stop=no new information in 3 consecutive turns
         TEST  smape=0.0213  rmse=97.1700  pocid=75.00  mape=0.0213  | FLOOR smape=0.0431
         laya iter 1 -> best_FT_catboost conf=0.5007 rank=1
         laya iter 2 -> best_FT_catboost conf=0.7221 rank=1
         laya iter 3 -> best_FT_catboost conf=0.7221 rank=1
         laya iter 4 -> best_FT_catboost conf=0.7221 rank=1
[ 202] best_single    score= 0.4374 origin=agent    iters=4 stop=no new information in 3 consecutive turns
         TEST  smape=0.0694  rmse=442.3074  pocid=58.33  mape=0.0736  | FLOOR smape=0.0801
         laya iter 1 -> best_ONLY_DWT_catboost conf=0.9821 rank=1
         laya iter 2 -> best_ONLY_DWT_catboost conf=0.933 rank=1
         laya iter 3 -> best_ONLY_DWT_catboost conf=0.933 rank=1
         laya iter 4 -> best_ONLY_DWT_catboost conf=0.933 rank=1
[ 203] best_single    score=-0.0046 origin=agent    iters=4 stop=no new information in 3 consecutive turns
         TEST  smape=0.0366  rmse=336.7381  pocid=75.00  mape=0.0376  | FLOOR smape=0.0022
         laya iter 1 -> best_ONLY_CWT_rf conf=0.3596 rank=1
         laya iter 2 -> best_ONLY_CWT_rf conf=0.4847 rank=1
         laya iter 3 -> best_ONLY_CWT_rf conf=0.4847 rank=1
         laya iter 4 -> best_ONLY_CWT_rf conf=0.4847 rank=1
[ 204] best_single    score= 0.1385 origin=agent    iters=4 stop=no new information in 3 consecutive turns
         TEST  smape=0.0244  rmse=386.2599  pocid=58.33  mape=0.0240  | FLOOR smape=0.0324
         laya iter 1 -> best_ONLY_CWT_catboost conf=0.9969 rank=1
         laya iter 2 -> best_ONLY_CWT_catboost conf=0.9999 rank=1
         laya iter 3 -> best_ONLY_CWT_catboost conf=0.9999 rank=1
         laya iter 4 -> best_ONLY_CWT_catboost conf=0.9999 rank=1
[ 205] best_single    score= 0.5315 origin=agent    iters=5 stop=no new information in 3 consecutive turns
         TEST  smape=0.1139  rmse=149.1020  pocid=58.33  mape=0.1071  | FLOOR smape=0.1121
         laya iter 1 -> best_DWT_rf conf=0.7638 rank=1
         laya iter 2 -> best_ONLY_CWT_catboost conf=0.5205 rank=6
         laya iter 3 -> best_ONLY_CWT_catboost conf=0.7851 rank=6
         laya iter 4 -> best_ONLY_CWT_catboost conf=0.7851 rank=6
         laya iter 5 -> best_ONLY_CWT_catboost conf=0.7851 rank=6
[ 206] best_single    score= 0.3672 origin=agent    iters=4 stop=no new information in 3 consecutive turns
         TEST  smape=0.0905  rmse=2121.1739  pocid=58.33  mape=0.0847  | FLOOR smape=0.1093
         laya iter 1 -> best_ONLY_DWT_rf conf=0.5028 rank=1
         laya iter 2 -> best_ONLY_DWT_rf conf=0.7863 rank=1
         laya iter 3 -> best_ONLY_DWT_rf conf=0.7863 rank=1
         laya iter 4 -> best_ONLY_DWT_rf conf=0.7863 rank=1
[ 207] mean           score= 0.1737 origin=baseline iters=4 stop=no new information in 3 consecutive turns
         TEST  smape=0.0770  rmse=2389.1930  pocid=75.00  mape=0.0801  | FLOOR smape=0.0770
         laya iter 1 -> best_FT_rf conf=0.8193 rank=3
         laya iter 2 -> best_FT_rf conf=0.9388 rank=3
         laya iter 3 -> best_FT_rf conf=0.9388 rank=3
         laya iter 4 -> best_FT_rf conf=0.9388 rank=3
[ 208] mean           score= 0.0763 origin=baseline iters=4 stop=no new information in 3 consecutive turns
         TEST  smape=1.2122  rmse=3041.5898  pocid=0.00  mape=0.7496  | FLOOR smape=1.2122
         laya iter 1 -> median_top5 conf=1.0 rank=3
         laya iter 2 -> median_top5 conf=0.9665 rank=3
         laya iter 3 -> median_top5 conf=0.9665 rank=3
         laya iter 4 -> median_top5 conf=0.9665 rank=3
[ 209] best_single    score= 0.1256 origin=agent    iters=4 stop=no new information in 3 consecutive turns
         TEST  smape=0.1350  rmse=1259.1362  pocid=66.67  mape=0.1253  | FLOOR smape=0.1320
         laya iter 1 -> best_FT_rf conf=0.9995 rank=1
         laya iter 2 -> best_FT_rf conf=0.9998 rank=1
         laya iter 3 -> best_FT_rf conf=0.9998 rank=1
         laya iter 4 -> best_FT_rf conf=0.9998 rank=1
[ 210] mean           score=-0.1323 origin=baseline iters=4 stop=no new information in 3 consecutive turns
         TEST  smape=0.0046  rmse=132.8517  pocid=91.67  mape=0.0046  | FLOOR smape=0.0046
         laya iter 1 -> best_ONLY_CWT_rf conf=0.9419 rank=3
         laya iter 2 -> best_ONLY_CWT_rf conf=0.9981 rank=3
         laya iter 3 -> best_ONLY_CWT_rf conf=0.9981 rank=3
         laya iter 4 -> best_ONLY_CWT_rf conf=0.9981 rank=3
[ 211] trimmed_mean   score= 0.0379 origin=baseline iters=4 stop=no new information in 3 consecutive turns
         TEST  smape=0.0461  rmse=312.9232  pocid=50.00  mape=0.0446  | FLOOR smape=0.0461
         laya iter 1 -> best_FT_rf conf=0.3444 rank=8
         laya iter 2 -> best_FT_rf conf=0.3444 rank=8
         laya iter 3 -> best_FT_rf conf=0.3444 rank=8
         laya iter 4 -> best_FT_rf conf=0.3444 rank=8
[ 212] trimmed_mean   score= 0.1546 origin=baseline iters=4 stop=no new information in 3 consecutive turns
         TEST  smape=0.0490  rmse=206.2662  pocid=66.67  mape=0.0499  | FLOOR smape=0.0490
         laya iter 1 -> best_DWT_rf conf=0.3088 rank=8
         laya iter 2 -> best_DWT_rf conf=0.3088 rank=8
         laya iter 3 -> best_DWT_rf conf=0.3088 rank=8
         laya iter 4 -> best_DWT_rf conf=0.3088 rank=8
[ 213] best_single    score= 0.3049 origin=agent    iters=4 stop=no new information in 3 consecutive turns
         TEST  smape=0.0303  rmse=67.4144  pocid=41.67  mape=0.0298  | FLOOR smape=0.0269
         laya iter 1 -> best_ONLY_CWT_rf conf=0.785 rank=1
         laya iter 2 -> best_ONLY_CWT_rf conf=0.8878 rank=1
         laya iter 3 -> best_ONLY_CWT_rf conf=0.8878 rank=1
         laya iter 4 -> best_ONLY_CWT_rf conf=0.8878 rank=1
[ 214] best_single    score= 0.1434 origin=agent    iters=4 stop=no new information in 3 consecutive turns
         TEST  smape=0.0403  rmse=107.0332  pocid=33.33  mape=0.0394  | FLOOR smape=0.0310
         laya iter 1 -> best_FT_rf conf=0.4469 rank=1
         laya iter 2 -> best_FT_rf conf=0.7132 rank=1
         laya iter 3 -> best_FT_rf conf=0.7132 rank=1
         laya iter 4 -> best_FT_rf conf=0.7132 rank=1
[ 215] best_single    score= 0.0844 origin=agent    iters=4 stop=no new information in 3 consecutive turns
         TEST  smape=0.0260  rmse=95.7950  pocid=25.00  mape=0.0256  | FLOOR smape=0.0214
         laya iter 1 -> best_ONLY_DWT_catboost conf=0.769 rank=1
         laya iter 2 -> best_ONLY_DWT_catboost conf=0.7492 rank=1
         laya iter 3 -> best_ONLY_DWT_catboost conf=0.7492 rank=1
         laya iter 4 -> best_ONLY_DWT_catboost conf=0.7492 rank=1
[ 216] best_single    score= 0.2817 origin=agent    iters=4 stop=no new information in 3 consecutive turns
         TEST  smape=0.0153  rmse=239.0573  pocid=0.00  mape=0.0155  | FLOOR smape=0.0296
         laya iter 1 -> best_ETS conf=0.6408 rank=1
         laya iter 2 -> best_ETS conf=0.3996 rank=1
         laya iter 3 -> best_ETS conf=0.3996 rank=1
         laya iter 4 -> best_ETS conf=0.3996 rank=1
[ 217] trimmed_mean   score=-0.0630 origin=baseline iters=4 stop=no new information in 3 consecutive turns
         TEST  smape=0.0450  rmse=460.6830  pocid=58.33  mape=0.0444  | FLOOR smape=0.0450
         laya iter 1 -> best_ETS conf=0.6409 rank=4
         laya iter 2 -> best_ETS conf=0.5891 rank=4
         laya iter 3 -> best_ETS conf=0.5891 rank=4
         laya iter 4 -> best_ETS conf=0.5891 rank=4
[ 218] median         score=-0.1774 origin=agent    iters=4 stop=no new information in 3 consecutive turns
         TEST  smape=0.0006  rmse=0.7820  pocid=100.00  mape=0.0006  | FLOOR smape=0.0006
         laya iter 1 -> median_top5 conf=0.4133 rank=1
         laya iter 2 -> median_top5 conf=0.5568 rank=1
         laya iter 3 -> median_top5 conf=0.5568 rank=1
         laya iter 4 -> median_top5 conf=0.5568 rank=1
[ 219] best_single    score=-0.1844 origin=agent    iters=4 stop=no new information in 3 consecutive turns
         TEST  smape=0.0000  rmse=0.1123  pocid=100.00  mape=0.0000  | FLOOR smape=0.0000
         laya iter 1 -> best_FT_rf conf=0.4252 rank=1
         laya iter 2 -> best_FT_rf conf=0.8095 rank=1
         laya iter 3 -> best_FT_rf conf=0.8095 rank=1
         laya iter 4 -> best_FT_rf conf=0.8095 rank=1
[ 220] mean           score= 0.6833 origin=baseline iters=4 stop=no new information in 3 consecutive turns
         TEST  smape=0.0509  rmse=438.7661  pocid=83.33  mape=0.0494  | FLOOR smape=0.0509
         laya iter 1 -> best_ONLY_CWT_catboost conf=0.7182 rank=3
         laya iter 2 -> best_ONLY_CWT_catboost conf=0.7195 rank=3
         laya iter 3 -> best_ONLY_CWT_catboost conf=0.7195 rank=3
         laya iter 4 -> best_ONLY_CWT_catboost conf=0.7195 rank=3
[ 221] best_single    score= 0.1414 origin=agent    iters=4 stop=no new information in 3 consecutive turns
         TEST  smape=0.0938  rmse=816.1081  pocid=41.67  mape=0.0914  | FLOOR smape=0.0860
         laya iter 1 -> best_ONLY_CWT_rf conf=0.8868 rank=1
         laya iter 2 -> best_ONLY_CWT_rf conf=0.9062 rank=1
         laya iter 3 -> best_ONLY_CWT_rf conf=0.9062 rank=1
         laya iter 4 -> best_ONLY_CWT_rf conf=0.9062 rank=1
[ 222] median         score= 0.0820 origin=baseline iters=4 stop=no new information in 3 consecutive turns
         TEST  smape=0.0113  rmse=404.5998  pocid=75.00  mape=0.0113  | FLOOR smape=0.0113
         laya iter 1 -> best_FT_rf conf=0.3079 rank=5
         laya iter 2 -> best_FT_rf conf=0.3653 rank=5
         laya iter 3 -> best_FT_rf conf=0.3653 rank=5
         laya iter 4 -> best_FT_rf conf=0.3653 rank=5
[ 223] best_single    score= 0.1524 origin=agent    iters=4 stop=no new information in 3 consecutive turns
         TEST  smape=0.1558  rmse=354.0065  pocid=25.00  mape=0.1410  | FLOOR smape=0.1386
         laya iter 1 -> best_ONLY_DWT_rf conf=0.9746 rank=1
         laya iter 2 -> best_ONLY_DWT_rf conf=0.9904 rank=1
         laya iter 3 -> best_ONLY_DWT_rf conf=0.9904 rank=1
         laya iter 4 -> best_ONLY_DWT_rf conf=0.9904 rank=1
[ 224] best_single    score= 0.0772 origin=agent    iters=4 stop=no new information in 3 consecutive turns
         TEST  smape=0.0476  rmse=187.0320  pocid=50.00  mape=0.0454  | FLOOR smape=0.0536
         laya iter 1 -> best_ONLY_CWT_rf conf=0.6762 rank=1
         laya iter 2 -> best_ONLY_CWT_rf conf=0.7854 rank=1
         laya iter 3 -> best_ONLY_CWT_rf conf=0.7854 rank=1
         laya iter 4 -> best_ONLY_CWT_rf conf=0.7854 rank=1
[ 225] best_single    score= 0.0725 origin=agent    iters=4 stop=no new information in 3 consecutive turns
         TEST  smape=0.0347  rmse=116.5946  pocid=58.33  mape=0.0357  | FLOOR smape=0.0411
         laya iter 1 -> best_FT_rf conf=0.9953 rank=1
         laya iter 2 -> best_FT_rf conf=0.9519 rank=1
         laya iter 3 -> best_FT_rf conf=0.9519 rank=1
         laya iter 4 -> best_FT_rf conf=0.9519 rank=1
[ 226] mean           score= 0.1265 origin=baseline iters=4 stop=no new information in 3 consecutive turns
         TEST  smape=0.1142  rmse=224.4497  pocid=50.00  mape=0.1055  | FLOOR smape=0.1142
         laya iter 1 -> best_ONLY_DWT_catboost conf=0.7798 rank=2
         laya iter 2 -> best_ONLY_DWT_catboost conf=0.6534 rank=2
         laya iter 3 -> best_ONLY_DWT_catboost conf=0.6534 rank=2
         laya iter 4 -> best_ONLY_DWT_catboost conf=0.6534 rank=2
[ 227] mean           score= 0.2961 origin=baseline iters=4 stop=no new information in 3 consecutive turns
         TEST  smape=0.0490  rmse=480.0154  pocid=58.33  mape=0.0475  | FLOOR smape=0.0490
         laya iter 1 -> best_ONLY_DWT_rf conf=0.6699 rank=5
         laya iter 2 -> best_ONLY_DWT_rf conf=0.9062 rank=5
         laya iter 3 -> best_ONLY_DWT_rf conf=0.9062 rank=5
         laya iter 4 -> best_ONLY_DWT_rf conf=0.9062 rank=5
[ 228] mean           score= 0.0011 origin=baseline iters=4 stop=no new information in 3 consecutive turns
         TEST  smape=0.0629  rmse=32.0543  pocid=75.00  mape=0.0656  | FLOOR smape=0.0629
         laya iter 1 -> best_ONLY_CWT_rf conf=0.6555 rank=8
         laya iter 2 -> best_ONLY_CWT_rf conf=0.6555 rank=8
         laya iter 3 -> best_ONLY_CWT_rf conf=0.6555 rank=8
         laya iter 4 -> best_ONLY_CWT_rf conf=0.6555 rank=8
[ 229] best_single    score= 0.0981 origin=agent    iters=4 stop=no new information in 3 consecutive turns
         TEST  smape=0.1088  rmse=537.6233  pocid=50.00  mape=0.1079  | FLOOR smape=0.1136
         laya iter 1 -> best_ONLY_CWT_rf conf=0.8089 rank=1
         laya iter 2 -> best_ONLY_CWT_rf conf=0.8016 rank=1
         laya iter 3 -> best_ONLY_CWT_rf conf=0.8016 rank=1
         laya iter 4 -> best_ONLY_CWT_rf conf=0.8016 rank=1
[ 230] trimmed_mean   score= 0.3511 origin=baseline iters=4 stop=no new information in 3 consecutive turns
         TEST  smape=0.3245  rmse=395.8817  pocid=100.00  mape=0.2662  | FLOOR smape=0.3245
         laya iter 1 -> median_top5 conf=0.6843 rank=9
         laya iter 2 -> median_top5 conf=0.6843 rank=9
         laya iter 3 -> median_top5 conf=0.6843 rank=9
         laya iter 4 -> median_top5 conf=0.6843 rank=9
[ 231] best_single    score= 0.1485 origin=agent    iters=4 stop=no new information in 3 consecutive turns
         TEST  smape=0.2122  rmse=704.7659  pocid=41.67  mape=0.1794  | FLOOR smape=0.1919
         laya iter 1 -> best_FT_catboost conf=0.8977 rank=1
         laya iter 2 -> best_FT_catboost conf=0.9585 rank=1
         laya iter 3 -> best_FT_catboost conf=0.9585 rank=1
         laya iter 4 -> best_FT_catboost conf=0.9585 rank=1
[ 232] trimmed_mean   score= 0.2786 origin=baseline iters=4 stop=no new information in 3 consecutive turns
         TEST  smape=0.1576  rmse=291.3804  pocid=25.00  mape=0.1369  | FLOOR smape=0.1576
         laya iter 1 -> best_ONLY_FT_catboost conf=0.434 rank=2
         laya iter 2 -> best_ONLY_FT_catboost conf=0.5262 rank=2
         laya iter 3 -> best_ONLY_FT_catboost conf=0.5262 rank=2
         laya iter 4 -> best_ONLY_FT_catboost conf=0.5262 rank=2
[ 233] best_single    score= 0.1484 origin=agent    iters=5 stop=no new information in 3 consecutive turns
         TEST  smape=0.1650  rmse=446.7714  pocid=75.00  mape=0.1465  | FLOOR smape=0.1442
         laya iter 1 -> best_FT_rf conf=0.8562 rank=1
         laya iter 2 -> best_FT_catboost conf=0.8727 rank=2
         laya iter 3 -> best_FT_catboost conf=0.8372 rank=2
         laya iter 4 -> best_FT_catboost conf=0.8372 rank=2
         laya iter 5 -> best_FT_catboost conf=0.8372 rank=2
[ 234] best_single    score= 0.2299 origin=agent    iters=5 stop=no new information in 3 consecutive turns
         TEST  smape=0.1884  rmse=173.7999  pocid=91.67  mape=0.1663  | FLOOR smape=0.0551
         laya iter 1 -> median_top5 conf=0.593 rank=5
         laya iter 2 -> best_DWT_rf conf=0.4666 rank=1
         laya iter 3 -> median_top5 conf=0.8229 rank=6
         laya iter 4 -> median_top5 conf=0.8229 rank=6
         laya iter 5 -> median_top5 conf=0.8229 rank=6
[ 235] best_single    score= 0.1018 origin=agent    iters=4 stop=no new information in 3 consecutive turns
         TEST  smape=0.0567  rmse=318.8722  pocid=58.33  mape=0.0546  | FLOOR smape=0.0692
         laya iter 1 -> best_ONLY_DWT_catboost conf=0.8258 rank=1
         laya iter 2 -> best_ONLY_DWT_catboost conf=0.9822 rank=1
         laya iter 3 -> best_ONLY_DWT_catboost conf=0.9822 rank=1
         laya iter 4 -> best_ONLY_DWT_catboost conf=0.9822 rank=1
[ 236] best_single    score= 0.1268 origin=agent    iters=5 stop=no new information in 3 consecutive turns
         TEST  smape=0.0678  rmse=114.6513  pocid=41.67  mape=0.0647  | FLOOR smape=0.0697
         laya iter 1 -> best_ONLY_CWT_rf conf=0.6277 rank=1
         laya iter 2 -> best_catboost conf=0.7309 rank=8
         laya iter 3 -> best_catboost conf=0.7309 rank=8
         laya iter 4 -> best_catboost conf=0.7309 rank=8
         laya iter 5 -> best_catboost conf=0.7309 rank=8
[ 237] best_single    score= 0.1041 origin=agent    iters=4 stop=no new information in 3 consecutive turns
         TEST  smape=0.3098  rmse=250.3550  pocid=83.33  mape=0.2535  | FLOOR smape=0.2746
         laya iter 1 -> best_DWT_rf conf=0.2471 rank=1
         laya iter 2 -> best_DWT_rf conf=0.7566 rank=1
         laya iter 3 -> best_DWT_rf conf=0.7566 rank=1
         laya iter 4 -> best_DWT_rf conf=0.7566 rank=1
[ 238] best_single    score= 0.3083 origin=agent    iters=4 stop=no new information in 3 consecutive turns
         TEST  smape=0.0672  rmse=352.2257  pocid=83.33  mape=0.0697  | FLOOR smape=0.0498
         laya iter 1 -> best_FT_rf conf=0.9998 rank=1
         laya iter 2 -> best_FT_rf conf=0.8867 rank=1
         laya iter 3 -> best_FT_rf conf=0.8867 rank=1
         laya iter 4 -> best_FT_rf conf=0.8867 rank=1
[ 239] mean           score= 0.0028 origin=baseline iters=4 stop=no new information in 3 consecutive turns
         TEST  smape=0.0307  rmse=117.1486  pocid=58.33  mape=0.0308  | FLOOR smape=0.0307
         laya iter 1 -> best_FT_rf conf=0.997 rank=6
         laya iter 2 -> best_FT_rf conf=0.8663 rank=6
         laya iter 3 -> best_FT_rf conf=0.8663 rank=6
         laya iter 4 -> best_FT_rf conf=0.8663 rank=6
[ 240] trimmed_mean   score= 0.3127 origin=baseline iters=4 stop=no new information in 3 consecutive turns
         TEST  smape=0.0847  rmse=151.5935  pocid=91.67  mape=0.0795  | FLOOR smape=0.0847
         laya iter 1 -> best_ONLY_CWT_catboost conf=0.3647 rank=6
         laya iter 2 -> best_ONLY_CWT_catboost conf=0.3492 rank=6
         laya iter 3 -> best_ONLY_CWT_catboost conf=0.3492 rank=6
         laya iter 4 -> best_ONLY_CWT_catboost conf=0.3492 rank=6
[ 241] best_single    score= 0.1556 origin=agent    iters=4 stop=no new information in 3 consecutive turns
         TEST  smape=0.1215  rmse=275.0043  pocid=25.00  mape=0.1167  | FLOOR smape=0.0811
         laya iter 1 -> best_ONLY_FT_catboost conf=0.5626 rank=1
         laya iter 2 -> best_ONLY_FT_catboost conf=0.6792 rank=1
         laya iter 3 -> best_ONLY_FT_catboost conf=0.6792 rank=1
         laya iter 4 -> best_ONLY_FT_catboost conf=0.6792 rank=1
[ 242] median         score= 0.3639 origin=baseline iters=4 stop=no new information in 3 consecutive turns
         TEST  smape=0.4878  rmse=1402.7283  pocid=66.67  mape=0.3720  | FLOOR smape=0.4878
         laya iter 1 -> best_ONLY_DWT_rf conf=0.7646 rank=2
         laya iter 2 -> best_ONLY_DWT_rf conf=0.834 rank=2
         laya iter 3 -> best_ONLY_DWT_rf conf=0.834 rank=2
         laya iter 4 -> best_ONLY_DWT_rf conf=0.834 rank=2
[ 243] best_single    score= 0.2404 origin=agent    iters=4 stop=no new information in 3 consecutive turns
         TEST  smape=0.2029  rmse=266.0788  pocid=100.00  mape=0.1801  | FLOOR smape=0.1975
         laya iter 1 -> best_ONLY_DWT_rf conf=0.9988 rank=1
         laya iter 2 -> best_ONLY_DWT_rf conf=0.9999 rank=1
         laya iter 3 -> best_ONLY_DWT_rf conf=0.9999 rank=1
         laya iter 4 -> best_ONLY_DWT_rf conf=0.9999 rank=1
[ 244] trimmed_mean   score= 0.3041 origin=baseline iters=4 stop=no new information in 3 consecutive turns
         TEST  smape=0.0972  rmse=347.4334  pocid=66.67  mape=0.0901  | FLOOR smape=0.0972
         laya iter 1 -> best_ONLY_DWT_rf conf=0.6368 rank=2
         laya iter 2 -> best_ONLY_DWT_rf conf=0.6393 rank=2
         laya iter 3 -> best_ONLY_DWT_rf conf=0.6393 rank=2
         laya iter 4 -> best_ONLY_DWT_rf conf=0.6393 rank=2
[ 245] best_single    score= 0.4963 origin=agent    iters=4 stop=no new information in 3 consecutive turns
         TEST  smape=0.2052  rmse=348.8898  pocid=41.67  mape=0.1788  | FLOOR smape=0.1914
         laya iter 1 -> best_ONLY_DWT_rf conf=0.9492 rank=1
         laya iter 2 -> best_ONLY_DWT_rf conf=0.9605 rank=1
         laya iter 3 -> best_ONLY_DWT_rf conf=0.9605 rank=1
         laya iter 4 -> best_ONLY_DWT_rf conf=0.9605 rank=1
[ 246] best_single    score= 0.0874 origin=agent    iters=4 stop=no new information in 3 consecutive turns
         TEST  smape=0.0480  rmse=434.0411  pocid=66.67  mape=0.0457  | FLOOR smape=0.0510
         laya iter 1 -> best_ONLY_CWT_rf conf=0.9712 rank=1
         laya iter 2 -> best_ONLY_CWT_rf conf=0.9601 rank=1
         laya iter 3 -> best_ONLY_CWT_rf conf=0.9601 rank=1
         laya iter 4 -> best_ONLY_CWT_rf conf=0.9601 rank=1
[ 247] best_single    score= 0.0525 origin=agent    iters=4 stop=no new information in 3 consecutive turns
         TEST  smape=0.0197  rmse=416.6484  pocid=16.67  mape=0.0198  | FLOOR smape=0.0212
         laya iter 1 -> best_ONLY_CWT_rf conf=0.8392 rank=1
         laya iter 2 -> best_ONLY_CWT_rf conf=0.8323 rank=1
         laya iter 3 -> best_ONLY_CWT_rf conf=0.8323 rank=1
         laya iter 4 -> best_ONLY_CWT_rf conf=0.8323 rank=1
[ 248] best_single    score= 0.0032 origin=agent    iters=4 stop=no new information in 3 consecutive turns
         TEST  smape=0.0653  rmse=1941.7557  pocid=16.67  mape=0.0695  | FLOOR smape=0.0627
         laya iter 1 -> best_FT_catboost conf=0.9708 rank=1
         laya iter 2 -> best_FT_catboost conf=0.9989 rank=1
         laya iter 3 -> best_FT_catboost conf=0.9989 rank=1
         laya iter 4 -> best_FT_catboost conf=0.9989 rank=1
[ 249] mean           score=-0.1266 origin=baseline iters=4 stop=no new information in 3 consecutive turns
         TEST  smape=0.0100  rmse=45.7434  pocid=91.67  mape=0.0099  | FLOOR smape=0.0100
         laya iter 1 -> best_ONLY_DWT_rf conf=0.6181 rank=8
         laya iter 2 -> best_ONLY_DWT_rf conf=0.6181 rank=8
         laya iter 3 -> best_ONLY_DWT_rf conf=0.6181 rank=8
         laya iter 4 -> best_ONLY_DWT_rf conf=0.6181 rank=8
[ 250] best_single    score= 0.0573 origin=agent    iters=4 stop=no new information in 3 consecutive turns
         TEST  smape=0.0512  rmse=396.6502  pocid=66.67  mape=0.0496  | FLOOR smape=0.0503
         laya iter 1 -> best_ONLY_DWT_catboost conf=0.6823 rank=1
         laya iter 2 -> best_ONLY_DWT_catboost conf=0.7655 rank=1
         laya iter 3 -> best_ONLY_DWT_catboost conf=0.7655 rank=1
         laya iter 4 -> best_ONLY_DWT_catboost conf=0.7655 rank=1
[ 251] median         score=-0.1498 origin=baseline iters=4 stop=no new information in 3 consecutive turns
         TEST  smape=0.0098  rmse=106.9684  pocid=83.33  mape=0.0097  | FLOOR smape=0.0098
         laya iter 1 -> best_ONLY_DWT_rf conf=0.9019 rank=6
         laya iter 2 -> best_ONLY_DWT_rf conf=0.9069 rank=6
         laya iter 3 -> best_ONLY_DWT_rf conf=0.9069 rank=6
         laya iter 4 -> best_ONLY_DWT_rf conf=0.9069 rank=6
[ 252] best_single    score=-0.0930 origin=agent    iters=4 stop=no new information in 3 consecutive turns
         TEST  smape=0.0096  rmse=136.9650  pocid=83.33  mape=0.0096  | FLOOR smape=0.0072
         laya iter 1 -> best_ONLY_DWT_rf conf=0.7469 rank=1
         laya iter 2 -> best_ONLY_DWT_rf conf=0.9076 rank=1
         laya iter 3 -> best_ONLY_DWT_rf conf=0.9076 rank=1
         laya iter 4 -> best_ONLY_DWT_rf conf=0.9076 rank=1
[ 253] trimmed_mean   score=-0.1310 origin=baseline iters=5 stop=no new information in 3 consecutive turns
         TEST  smape=0.0038  rmse=31.1642  pocid=91.67  mape=0.0038  | FLOOR smape=0.0038
         laya iter 1 -> median_stable5 conf=0.5879 rank=3
         laya iter 2 -> best_FT_catboost conf=0.6223 rank=6
         laya iter 3 -> best_FT_catboost conf=0.9758 rank=6
         laya iter 4 -> best_FT_catboost conf=0.9758 rank=6
         laya iter 5 -> best_FT_catboost conf=0.9758 rank=6
[ 254] best_single    score= 0.0312 origin=agent    iters=4 stop=no new information in 3 consecutive turns
         TEST  smape=0.0305  rmse=63.5768  pocid=33.33  mape=0.0311  | FLOOR smape=0.0268
         laya iter 1 -> best_DWT_rf conf=0.404 rank=1
         laya iter 2 -> best_DWT_rf conf=0.7815 rank=1
         laya iter 3 -> best_DWT_rf conf=0.7815 rank=1
         laya iter 4 -> best_DWT_rf conf=0.7815 rank=1
[ 255] mean           score= 0.1205 origin=baseline iters=4 stop=no new information in 3 consecutive turns
         TEST  smape=0.0232  rmse=68.9938  pocid=75.00  mape=0.0232  | FLOOR smape=0.0232
         laya iter 1 -> best_ONLY_DWT_rf conf=0.9142 rank=5
         laya iter 2 -> best_ONLY_DWT_rf conf=0.9705 rank=5
         laya iter 3 -> best_ONLY_DWT_rf conf=0.9705 rank=5
         laya iter 4 -> best_ONLY_DWT_rf conf=0.9705 rank=5
[ 256] mean           score= 0.3905 origin=baseline iters=4 stop=no new information in 3 consecutive turns
         TEST  smape=0.0037  rmse=18.7904  pocid=66.67  mape=0.0037  | FLOOR smape=0.0037
         laya iter 1 -> median_top5 conf=0.6891 rank=7
         laya iter 2 -> median_top5 conf=0.6891 rank=7
         laya iter 3 -> median_top5 conf=0.6891 rank=7
         laya iter 4 -> median_top5 conf=0.6891 rank=7
[ 257] best_single    score= 0.0859 origin=agent    iters=4 stop=no new information in 3 consecutive turns
         TEST  smape=0.0638  rmse=156.0706  pocid=50.00  mape=0.0668  | FLOOR smape=0.0569
         laya iter 1 -> best_ONLY_DWT_rf conf=0.4943 rank=1
         laya iter 2 -> best_ONLY_DWT_rf conf=0.5778 rank=1
         laya iter 3 -> best_ONLY_DWT_rf conf=0.5778 rank=1
         laya iter 4 -> best_ONLY_DWT_rf conf=0.5778 rank=1
[ 258] best_single    score= 0.5271 origin=agent    iters=4 stop=no new information in 3 consecutive turns
         TEST  smape=0.5929  rmse=7628.4929  pocid=33.33  mape=1.0033  | FLOOR smape=0.1516
         laya iter 1 -> best_FT_rf conf=0.7694 rank=1
         laya iter 2 -> best_FT_rf conf=0.9224 rank=1
         laya iter 3 -> best_FT_rf conf=0.9224 rank=1
         laya iter 4 -> best_FT_rf conf=0.9224 rank=1
[ 259] trimmed_mean   score= 0.1334 origin=baseline iters=4 stop=no new information in 3 consecutive turns
         TEST  smape=0.1886  rmse=241.3651  pocid=75.00  mape=0.1762  | FLOOR smape=0.1886
         laya iter 1 -> best_ONLY_DWT_catboost conf=0.7907 rank=4
         laya iter 2 -> best_ONLY_DWT_catboost conf=0.7452 rank=4
         laya iter 3 -> best_ONLY_DWT_catboost conf=0.7452 rank=4
         laya iter 4 -> best_ONLY_DWT_catboost conf=0.7452 rank=4
[ 260] dba            score= 0.6976 origin=baseline iters=4 stop=no new information in 3 consecutive turns
         TEST  smape=0.0286  rmse=168.0614  pocid=58.33  mape=0.0284  | FLOOR smape=0.0286
         laya iter 1 -> best_ONLY_DWT_catboost conf=0.8876 rank=3
         laya iter 2 -> best_ONLY_DWT_catboost conf=0.9026 rank=3
         laya iter 3 -> best_ONLY_DWT_catboost conf=0.9026 rank=3
         laya iter 4 -> best_ONLY_DWT_catboost conf=0.9026 rank=3
[ 261] mean           score=-0.1509 origin=baseline iters=4 stop=no new information in 3 consecutive turns
         TEST  smape=0.0015  rmse=7.8347  pocid=100.00  mape=0.0015  | FLOOR smape=0.0015
         laya iter 1 -> best_FT_catboost conf=0.5519 rank=7
         laya iter 2 -> best_FT_catboost conf=0.5519 rank=7
         laya iter 3 -> best_FT_catboost conf=0.5519 rank=7
         laya iter 4 -> best_FT_catboost conf=0.5519 rank=7
[ 262] mean           score= 0.7167 origin=baseline iters=4 stop=no new information in 3 consecutive turns
         TEST  smape=0.2291  rmse=529.4317  pocid=83.33  mape=0.2686  | FLOOR smape=0.2291
         laya iter 1 -> best_ONLY_DWT_rf conf=0.4869 rank=9
         laya iter 2 -> best_ONLY_DWT_rf conf=0.4869 rank=9
         laya iter 3 -> best_ONLY_DWT_rf conf=0.4869 rank=9
         laya iter 4 -> best_ONLY_DWT_rf conf=0.4869 rank=9
[ 263] trimmed_mean   score= 0.3355 origin=baseline iters=4 stop=no new information in 3 consecutive turns
         TEST  smape=0.0658  rmse=317.0659  pocid=41.67  mape=0.0645  | FLOOR smape=0.0658
         laya iter 1 -> best_ONLY_DWT_rf conf=0.8296 rank=4
         laya iter 2 -> best_ONLY_DWT_rf conf=0.9135 rank=4
         laya iter 3 -> best_ONLY_DWT_rf conf=0.9135 rank=4
         laya iter 4 -> best_ONLY_DWT_rf conf=0.9135 rank=4
[ 264] median         score= 0.4653 origin=baseline iters=4 stop=no new information in 3 consecutive turns
         TEST  smape=0.0837  rmse=182.7780  pocid=66.67  mape=0.0878  | FLOOR smape=0.0837
         laya iter 1 -> best_ONLY_FT_rf conf=0.4356 rank=2
         laya iter 2 -> best_ONLY_FT_rf conf=0.705 rank=2
         laya iter 3 -> best_ONLY_FT_rf conf=0.705 rank=2
         laya iter 4 -> best_ONLY_FT_rf conf=0.705 rank=2
[ 265] best_single    score= 0.6271 origin=agent    iters=4 stop=no new information in 3 consecutive turns
         TEST  smape=0.0966  rmse=209.3391  pocid=83.33  mape=0.1017  | FLOOR smape=0.0841
         laya iter 1 -> best_ONLY_CWT_catboost conf=0.8396 rank=1
         laya iter 2 -> best_ONLY_CWT_catboost conf=0.8142 rank=1
         laya iter 3 -> best_ONLY_CWT_catboost conf=0.8142 rank=1
         laya iter 4 -> best_ONLY_CWT_catboost conf=0.8142 rank=1
[ 266] best_single    score= 0.3406 origin=agent    iters=4 stop=no new information in 3 consecutive turns
         TEST  smape=0.1856  rmse=809.2529  pocid=41.67  mape=0.1647  | FLOOR smape=0.1510
         laya iter 1 -> best_ONLY_FT_rf conf=0.7825 rank=1
         laya iter 2 -> best_ONLY_FT_rf conf=0.8291 rank=1
         laya iter 3 -> best_ONLY_FT_rf conf=0.8291 rank=1
         laya iter 4 -> best_ONLY_FT_rf conf=0.8291 rank=1
[ 267] best_single    score= 0.5982 origin=agent    iters=4 stop=no new information in 3 consecutive turns
         TEST  smape=0.0867  rmse=129.6087  pocid=41.67  mape=0.0917  | FLOOR smape=0.0433
         laya iter 1 -> best_ONLY_FT_rf conf=0.6196 rank=1
         laya iter 2 -> best_ONLY_FT_rf conf=0.8482 rank=1
         laya iter 3 -> best_ONLY_FT_rf conf=0.8482 rank=1
         laya iter 4 -> best_ONLY_FT_rf conf=0.8482 rank=1
[ 268] best_single    score= 0.6298 origin=agent    iters=4 stop=no new information in 3 consecutive turns
         TEST  smape=0.0973  rmse=133.6007  pocid=50.00  mape=0.1028  | FLOOR smape=0.0495
         laya iter 1 -> best_ONLY_FT_rf conf=0.6954 rank=1
         laya iter 2 -> best_ONLY_FT_rf conf=0.8083 rank=1
         laya iter 3 -> best_ONLY_FT_rf conf=0.8083 rank=1
         laya iter 4 -> best_ONLY_FT_rf conf=0.8083 rank=1
[ 269] trimmed_mean   score= 0.0476 origin=baseline iters=4 stop=no new information in 3 consecutive turns
         TEST  smape=0.0498  rmse=458.3066  pocid=25.00  mape=0.0483  | FLOOR smape=0.0498
         laya iter 1 -> best_FT_catboost conf=0.6666 rank=4
         laya iter 2 -> best_FT_catboost conf=0.7918 rank=4
         laya iter 3 -> best_FT_catboost conf=0.7918 rank=4
         laya iter 4 -> best_FT_catboost conf=0.7918 rank=4
[ 270] best_single    score= 0.2028 origin=agent    iters=4 stop=no new information in 3 consecutive turns
         TEST  smape=0.0625  rmse=552.0529  pocid=50.00  mape=0.0600  | FLOOR smape=0.0654
         laya iter 1 -> best_ONLY_DWT_rf conf=0.9614 rank=1
         laya iter 2 -> best_ONLY_DWT_rf conf=0.9786 rank=1
         laya iter 3 -> best_ONLY_DWT_rf conf=0.9786 rank=1
         laya iter 4 -> best_ONLY_DWT_rf conf=0.9786 rank=1
[ 271] best_single    score= 0.1768 origin=agent    iters=4 stop=no new information in 3 consecutive turns
         TEST  smape=0.0272  rmse=28.6007  pocid=41.67  mape=0.0276  | FLOOR smape=0.0325
         laya iter 1 -> best_FT_catboost conf=0.6412 rank=1
         laya iter 2 -> best_FT_catboost conf=0.8204 rank=1
         laya iter 3 -> best_FT_catboost conf=0.8204 rank=1
         laya iter 4 -> best_FT_catboost conf=0.8204 rank=1
[ 272] best_single    score= 0.1601 origin=agent    iters=4 stop=no new information in 3 consecutive turns
         TEST  smape=0.0338  rmse=254.0946  pocid=50.00  mape=0.0331  | FLOOR smape=0.0253
         laya iter 1 -> best_ONLY_DWT_rf conf=0.8192 rank=1
         laya iter 2 -> best_ONLY_DWT_rf conf=0.9298 rank=1
         laya iter 3 -> best_ONLY_DWT_rf conf=0.9298 rank=1
         laya iter 4 -> best_ONLY_DWT_rf conf=0.9298 rank=1
[ 273] mean           score= 0.3373 origin=baseline iters=4 stop=no new information in 3 consecutive turns
         TEST  smape=0.1750  rmse=141.8100  pocid=41.67  mape=0.1939  | FLOOR smape=0.1750
         laya iter 1 -> median_top5 conf=0.5008 rank=8
         laya iter 2 -> median_top5 conf=0.5008 rank=8
         laya iter 3 -> median_top5 conf=0.5008 rank=8
         laya iter 4 -> median_top5 conf=0.5008 rank=8
[ 274] best_single    score= 0.5549 origin=agent    iters=4 stop=no new information in 3 consecutive turns
         TEST  smape=0.1371  rmse=1219.7747  pocid=41.67  mape=0.1489  | FLOOR smape=0.1098
         laya iter 1 -> best_ONLY_DWT_catboost conf=0.8859 rank=1
         laya iter 2 -> best_ONLY_DWT_catboost conf=0.999 rank=1
         laya iter 3 -> best_ONLY_DWT_catboost conf=0.999 rank=1
         laya iter 4 -> best_ONLY_DWT_catboost conf=0.999 rank=1
[ 275] best_single    score= 0.2798 origin=agent    iters=5 stop=no new information in 3 consecutive turns
         TEST  smape=0.0264  rmse=376.3079  pocid=50.00  mape=0.0266  | FLOOR smape=0.0259
         laya iter 1 -> best_DWT_rf conf=0.8454 rank=1
         laya iter 2 -> best_ONLY_DWT_catboost conf=0.8106 rank=2
         laya iter 3 -> best_ONLY_DWT_catboost conf=0.8695 rank=2
         laya iter 4 -> best_ONLY_DWT_catboost conf=0.8695 rank=2
         laya iter 5 -> best_ONLY_DWT_catboost conf=0.8695 rank=2
[ 276] mean           score=-0.0303 origin=baseline iters=4 stop=no new information in 3 consecutive turns
         TEST  smape=0.0156  rmse=107.2583  pocid=91.67  mape=0.0150  | FLOOR smape=0.0156
         laya iter 1 -> best_ONLY_FT_catboost conf=0.9186 rank=4
         laya iter 2 -> best_ONLY_FT_catboost conf=0.8981 rank=4
         laya iter 3 -> best_ONLY_FT_catboost conf=0.8981 rank=4
         laya iter 4 -> best_ONLY_FT_catboost conf=0.8981 rank=4
[ 277] median         score= 0.5834 origin=baseline iters=4 stop=no new information in 3 consecutive turns
         TEST  smape=0.0444  rmse=67.0947  pocid=75.00  mape=0.0458  | FLOOR smape=0.0444
         laya iter 1 -> best_ONLY_FT_rf conf=0.4588 rank=2
         laya iter 2 -> best_ONLY_FT_rf conf=0.4782 rank=2
         laya iter 3 -> best_ONLY_FT_rf conf=0.4782 rank=2
         laya iter 4 -> best_ONLY_FT_rf conf=0.4782 rank=2
[ 278] best_single    score= 0.4864 origin=agent    iters=4 stop=no new information in 3 consecutive turns
         TEST  smape=0.0715  rmse=99.7569  pocid=58.33  mape=0.0749  | FLOOR smape=0.0819
         laya iter 1 -> best_FT_catboost conf=0.6626 rank=1
         laya iter 2 -> best_FT_catboost conf=0.8336 rank=1
         laya iter 3 -> best_FT_catboost conf=0.8336 rank=1
         laya iter 4 -> best_FT_catboost conf=0.8336 rank=1
[ 279] best_single    score= 0.0071 origin=agent    iters=4 stop=no new information in 3 consecutive turns
         TEST  smape=0.0108  rmse=61.7543  pocid=66.67  mape=0.0108  | FLOOR smape=0.0123
         laya iter 1 -> best_FT_catboost conf=0.7539 rank=1
         laya iter 2 -> best_FT_catboost conf=0.8065 rank=1
         laya iter 3 -> best_FT_catboost conf=0.8065 rank=1
         laya iter 4 -> best_FT_catboost conf=0.8065 rank=1
[ 280] best_single    score= 0.5705 origin=agent    iters=5 stop=no new information in 3 consecutive turns
         TEST  smape=0.0580  rmse=138.5678  pocid=66.67  mape=0.0554  | FLOOR smape=0.0524
         laya iter 1 -> best_FT_rf conf=0.7761 rank=1
         laya iter 2 -> median_top5 conf=0.6351 rank=4
         laya iter 3 -> median_top5 conf=0.5858 rank=4
         laya iter 4 -> median_top5 conf=0.5858 rank=4
         laya iter 5 -> median_top5 conf=0.5858 rank=4
[ 281] trimmed_mean   score=-0.0804 origin=baseline iters=5 stop=no new information in 3 consecutive turns
         TEST  smape=0.0111  rmse=30.5695  pocid=83.33  mape=0.0112  | FLOOR smape=0.0111
         laya iter 1 -> best_ONLY_CWT_rf conf=0.5734 rank=2
         laya iter 2 -> median_top5 conf=0.5728 rank=9
         laya iter 3 -> median_top5 conf=0.5728 rank=9
         laya iter 4 -> median_top5 conf=0.5728 rank=9
         laya iter 5 -> median_top5 conf=0.5728 rank=9
[ 282] mean           score=-0.0723 origin=baseline iters=4 stop=no new information in 3 consecutive turns
         TEST  smape=0.0497  rmse=21.0296  pocid=33.33  mape=0.0518  | FLOOR smape=0.0497
         laya iter 1 -> best_ONLY_DWT_rf conf=0.9999 rank=4
         laya iter 2 -> best_ONLY_DWT_rf conf=0.9999 rank=4
         laya iter 3 -> best_ONLY_DWT_rf conf=0.9999 rank=4
         laya iter 4 -> best_ONLY_DWT_rf conf=0.9999 rank=4
[ 283] median         score=-0.0150 origin=baseline iters=4 stop=no new information in 3 consecutive turns
         TEST  smape=0.0416  rmse=30.1856  pocid=50.00  mape=0.0424  | FLOOR smape=0.0416
         laya iter 1 -> best_ONLY_CWT_catboost conf=0.7818 rank=2
         laya iter 2 -> best_ONLY_CWT_catboost conf=0.7901 rank=2
         laya iter 3 -> best_ONLY_CWT_catboost conf=0.7901 rank=2
         laya iter 4 -> best_ONLY_CWT_catboost conf=0.7901 rank=2
[ 284] mean           score= 0.6667 origin=baseline iters=4 stop=no new information in 3 consecutive turns
         TEST  smape=0.3486  rmse=302.3252  pocid=58.33  mape=0.4238  | FLOOR smape=0.3486
         laya iter 1 -> best_NaiveMovingAverage conf=0.5633 rank=8
         laya iter 2 -> best_NaiveMovingAverage conf=0.5633 rank=8
         laya iter 3 -> best_NaiveMovingAverage conf=0.5633 rank=8
         laya iter 4 -> best_NaiveMovingAverage conf=0.5633 rank=8
[ 285] mean           score= 0.0025 origin=baseline iters=5 stop=no new information in 3 consecutive turns
         TEST  smape=0.0282  rmse=358.4405  pocid=66.67  mape=0.0288  | FLOOR smape=0.0282
         laya iter 1 -> median_top5 conf=0.4708 rank=3
         laya iter 2 -> best_ONLY_DWT_rf conf=0.4693 rank=3
         laya iter 3 -> median_top5 conf=0.6032 rank=4
         laya iter 4 -> median_top5 conf=0.6032 rank=4
         laya iter 5 -> median_top5 conf=0.6032 rank=4
[ 286] best_single    score= 0.0366 origin=agent    iters=4 stop=no new information in 3 consecutive turns
         TEST  smape=0.0570  rmse=144.8562  pocid=33.33  mape=0.0550  | FLOOR smape=0.0343
         laya iter 1 -> best_ONLY_DWT_rf conf=0.9994 rank=1
         laya iter 2 -> best_ONLY_DWT_rf conf=1.0 rank=1
         laya iter 3 -> best_ONLY_DWT_rf conf=1.0 rank=1
         laya iter 4 -> best_ONLY_DWT_rf conf=1.0 rank=1
[ 287] trimmed_mean   score=-0.0470 origin=baseline iters=4 stop=no new information in 3 consecutive turns
         TEST  smape=0.0061  rmse=64.8094  pocid=41.67  mape=0.0061  | FLOOR smape=0.0061
         laya iter 1 -> median_top5 conf=0.4882 rank=8
         laya iter 2 -> median_top5 conf=0.4882 rank=8
         laya iter 3 -> median_top5 conf=0.4882 rank=8
         laya iter 4 -> median_top5 conf=0.4882 rank=8
[ 288] best_single    score= 0.1018 origin=agent    iters=4 stop=no new information in 3 consecutive turns
         TEST  smape=0.0312  rmse=363.0327  pocid=33.33  mape=0.0319  | FLOOR smape=0.0389
         laya iter 1 -> best_FT_catboost conf=0.6629 rank=1
         laya iter 2 -> best_FT_catboost conf=0.8136 rank=1
         laya iter 3 -> best_FT_catboost conf=0.8136 rank=1
         laya iter 4 -> best_FT_catboost conf=0.8136 rank=1
[ 289] best_single    score= 0.3455 origin=agent    iters=4 stop=no new information in 3 consecutive turns
         TEST  smape=0.0588  rmse=1049.1660  pocid=66.67  mape=0.0578  | FLOOR smape=0.0572
         laya iter 1 -> best_ONLY_CWT_rf conf=0.5957 rank=1
         laya iter 2 -> best_ONLY_CWT_rf conf=0.6801 rank=1
         laya iter 3 -> best_ONLY_CWT_rf conf=0.6801 rank=1
         laya iter 4 -> best_ONLY_CWT_rf conf=0.6801 rank=1
[ 290] mean           score= 0.3214 origin=baseline iters=6 stop=no new information in 3 consecutive turns
         TEST  smape=0.1270  rmse=1142.7253  pocid=41.67  mape=0.1372  | FLOOR smape=0.1270
         laya iter 1 -> median_top5 conf=0.7373 rank=5
         laya iter 2 -> median_stable5 conf=0.4196 rank=6
         laya iter 3 -> best_ONLY_DWT_catboost conf=0.4406 rank=7
         laya iter 4 -> best_ONLY_DWT_catboost conf=0.4406 rank=7
         laya iter 5 -> best_ONLY_DWT_catboost conf=0.4406 rank=7
         laya iter 6 -> best_ONLY_DWT_catboost conf=0.4406 rank=7
[ 291] best_single    score= 0.1502 origin=agent    iters=5 stop=no new information in 3 consecutive turns
         TEST  smape=0.0973  rmse=1846.5917  pocid=50.00  mape=0.1030  | FLOOR smape=0.0904
         laya iter 1 -> best_FT_rf conf=0.4694 rank=1
         laya iter 2 -> best_ONLY_CWT_catboost conf=0.701 rank=3
         laya iter 3 -> best_ONLY_CWT_catboost conf=0.7027 rank=3
         laya iter 4 -> best_ONLY_CWT_catboost conf=0.7027 rank=3
         laya iter 5 -> best_ONLY_CWT_catboost conf=0.7027 rank=3
[ 292] mean           score= 0.6056 origin=baseline iters=4 stop=no new information in 3 consecutive turns
         TEST  smape=0.1852  rmse=630.3213  pocid=83.33  mape=0.1555  | FLOOR smape=0.1852
         laya iter 1 -> best_catboost conf=0.3327 rank=9
         laya iter 2 -> best_catboost conf=0.3327 rank=9
         laya iter 3 -> best_catboost conf=0.3327 rank=9
         laya iter 4 -> best_catboost conf=0.3327 rank=9
[ 293] mean           score= 0.6833 origin=baseline iters=4 stop=no new information in 3 consecutive turns
         TEST  smape=0.1444  rmse=224.4498  pocid=58.33  mape=0.1604  | FLOOR smape=0.1444
         laya iter 1 -> best_ONLY_CWT_catboost conf=0.9806 rank=5
         laya iter 2 -> best_ONLY_CWT_catboost conf=0.9946 rank=5
         laya iter 3 -> best_ONLY_CWT_catboost conf=0.9946 rank=5
         laya iter 4 -> best_ONLY_CWT_catboost conf=0.9946 rank=5
[ 294] best_single    score= 0.5682 origin=agent    iters=4 stop=no new information in 3 consecutive turns
         TEST  smape=0.6340  rmse=2961.7972  pocid=0.00  mape=0.9315  | FLOOR smape=0.1964
         laya iter 1 -> best_ETS conf=0.6363 rank=1
         laya iter 2 -> best_ETS conf=0.4344 rank=1
         laya iter 3 -> best_ETS conf=0.4344 rank=1
         laya iter 4 -> best_ETS conf=0.4344 rank=1
[ 295] mean           score= 0.6557 origin=baseline iters=4 stop=no new information in 3 consecutive turns
         TEST  smape=0.1271  rmse=488.9808  pocid=75.00  mape=0.1456  | FLOOR smape=0.1271
         laya iter 1 -> best_FT_catboost conf=0.7903 rank=3
         laya iter 2 -> best_FT_catboost conf=0.9397 rank=3
         laya iter 3 -> best_FT_catboost conf=0.9397 rank=3
         laya iter 4 -> best_FT_catboost conf=0.9397 rank=3
[ 296] best_single    score= 0.5270 origin=agent    iters=4 stop=no new information in 3 consecutive turns
         TEST  smape=0.1333  rmse=818.4945  pocid=83.33  mape=0.1527  | FLOOR smape=0.0995
         laya iter 1 -> best_NaiveMovingAverage conf=0.8777 rank=1
         laya iter 2 -> best_NaiveMovingAverage conf=1.0 rank=1
         laya iter 3 -> best_NaiveMovingAverage conf=1.0 rank=1
         laya iter 4 -> best_NaiveMovingAverage conf=1.0 rank=1
[ 297] best_single    score= 0.5065 origin=agent    iters=4 stop=no new information in 3 consecutive turns
         TEST  smape=0.1654  rmse=746.0879  pocid=58.33  mape=0.2063  | FLOOR smape=0.1758
         laya iter 1 -> best_NaiveMovingAverage conf=0.8574 rank=1
         laya iter 2 -> best_NaiveMovingAverage conf=1.0 rank=1
         laya iter 3 -> best_NaiveMovingAverage conf=1.0 rank=1
         laya iter 4 -> best_NaiveMovingAverage conf=1.0 rank=1
[ 298] best_single    score= 0.5473 origin=agent    iters=4 stop=no new information in 3 consecutive turns
         TEST  smape=0.1105  rmse=469.8793  pocid=66.67  mape=0.1178  | FLOOR smape=0.0984
         laya iter 1 -> best_NaiveMovingAverage conf=0.5913 rank=1
         laya iter 2 -> best_NaiveMovingAverage conf=0.9503 rank=1
         laya iter 3 -> best_NaiveMovingAverage conf=0.9503 rank=1
         laya iter 4 -> best_NaiveMovingAverage conf=0.9503 rank=1
[ 299] best_single    score= 0.5644 origin=agent    iters=4 stop=no new information in 3 consecutive turns
         TEST  smape=0.2380  rmse=545.1203  pocid=0.00  mape=0.2903  | FLOOR smape=0.1141
         laya iter 1 -> best_ETS conf=0.5138 rank=1
         laya iter 2 -> best_ETS conf=0.797 rank=1
         laya iter 3 -> best_ETS conf=0.797 rank=1
         laya iter 4 -> best_ETS conf=0.797 rank=1
[ 300] best_single    score= 0.6431 origin=agent    iters=4 stop=no new information in 3 consecutive turns
         TEST  smape=0.2090  rmse=680.2906  pocid=0.00  mape=0.2408  | FLOOR smape=0.0915
         laya iter 1 -> best_ETS conf=0.5018 rank=1
         laya iter 2 -> best_ETS conf=0.6192 rank=1
         laya iter 3 -> best_ETS conf=0.6192 rank=1
         laya iter 4 -> best_ETS conf=0.6192 rank=1
[ 301] mean           score= 0.6889 origin=baseline iters=4 stop=no new information in 3 consecutive turns
         TEST  smape=0.1308  rmse=568.4458  pocid=33.33  mape=0.1175  | FLOOR smape=0.1308
         laya iter 1 -> best_ETS conf=0.6155 rank=10
         laya iter 2 -> best_ETS conf=0.6155 rank=10
         laya iter 3 -> best_ETS conf=0.6155 rank=10
         laya iter 4 -> best_ETS conf=0.6155 rank=10
[ 302] best_single    score= 0.5682 origin=agent    iters=4 stop=no new information in 3 consecutive turns
         TEST  smape=0.2361  rmse=1492.3809  pocid=0.00  mape=0.2897  | FLOOR smape=0.1491
         laya iter 1 -> best_ETS conf=0.997 rank=1
         laya iter 2 -> best_ETS conf=0.9998 rank=1
         laya iter 3 -> best_ETS conf=0.9998 rank=1
         laya iter 4 -> best_ETS conf=0.9998 rank=1
[ 303] best_single    score= 0.5861 origin=agent    iters=4 stop=no new information in 3 consecutive turns
         TEST  smape=0.1560  rmse=568.2813  pocid=75.00  mape=0.1875  | FLOOR smape=0.1521
         laya iter 1 -> best_NaiveMovingAverage conf=0.858 rank=1
         laya iter 2 -> best_NaiveMovingAverage conf=0.709 rank=1
         laya iter 3 -> best_NaiveMovingAverage conf=0.709 rank=1
         laya iter 4 -> best_NaiveMovingAverage conf=0.709 rank=1
[ 304] dba            score= 0.6364 origin=baseline iters=4 stop=no new information in 3 consecutive turns
         TEST  smape=0.1958  rmse=695.5597  pocid=66.67  mape=0.2323  | FLOOR smape=0.1958
         laya iter 1 -> best_ETS conf=0.8001 rank=2
         laya iter 2 -> best_ETS conf=0.8449 rank=2
         laya iter 3 -> best_ETS conf=0.8449 rank=2
         laya iter 4 -> best_ETS conf=0.8449 rank=2
[ 305] best_single    score= 0.5589 origin=agent    iters=4 stop=no new information in 3 consecutive turns
         TEST  smape=0.1495  rmse=450.8320  pocid=75.00  mape=0.1809  | FLOOR smape=0.1691
         laya iter 1 -> best_NaiveMovingAverage conf=0.682 rank=1
         laya iter 2 -> best_NaiveMovingAverage conf=0.9473 rank=1
         laya iter 3 -> best_NaiveMovingAverage conf=0.9473 rank=1
         laya iter 4 -> best_NaiveMovingAverage conf=0.9473 rank=1
[ 306] mean           score= 0.6889 origin=baseline iters=4 stop=no new information in 3 consecutive turns
         TEST  smape=0.1005  rmse=376.5866  pocid=91.67  mape=0.1061  | FLOOR smape=0.1005
         laya iter 1 -> best_ETS conf=0.6973 rank=2
         laya iter 2 -> best_ETS conf=0.8711 rank=2
         laya iter 3 -> best_ETS conf=0.8711 rank=2
         laya iter 4 -> best_ETS conf=0.8711 rank=2
[ 307] best_single    score= 0.5630 origin=agent    iters=4 stop=no new information in 3 consecutive turns
         TEST  smape=0.1273  rmse=362.5720  pocid=41.67  mape=0.1462  | FLOOR smape=0.1252
         laya iter 1 -> best_NaiveMovingAverage conf=0.5215 rank=1
         laya iter 2 -> best_NaiveMovingAverage conf=0.7463 rank=1
         laya iter 3 -> best_NaiveMovingAverage conf=0.7463 rank=1
         laya iter 4 -> best_NaiveMovingAverage conf=0.7463 rank=1
[ 308] dba            score= 0.6648 origin=baseline iters=4 stop=no new information in 3 consecutive turns
         TEST  smape=0.1221  rmse=1011.5338  pocid=33.33  mape=0.1153  | FLOOR smape=0.1221
         laya iter 1 -> best_ETS conf=0.8463 rank=10
         laya iter 2 -> best_ETS conf=0.8463 rank=10
         laya iter 3 -> best_ETS conf=0.8463 rank=10
         laya iter 4 -> best_ETS conf=0.8463 rank=10
[ 309] best_single    score= 0.6192 origin=agent    iters=4 stop=no new information in 3 consecutive turns
         TEST  smape=0.2222  rmse=1276.1454  pocid=58.33  mape=0.1933  | FLOOR smape=0.1237
         laya iter 1 -> best_ONLY_FT_catboost conf=0.641 rank=1
         laya iter 2 -> best_ONLY_FT_catboost conf=0.6329 rank=1
         laya iter 3 -> best_ONLY_FT_catboost conf=0.6329 rank=1
         laya iter 4 -> best_ONLY_FT_catboost conf=0.6329 rank=1
[ 310] best_single    score= 0.6496 origin=agent    iters=5 stop=no new information in 3 consecutive turns
         TEST  smape=0.1181  rmse=712.6233  pocid=0.00  mape=0.1299  | FLOOR smape=0.1139
         laya iter 1 -> best_ETS conf=0.6176 rank=1
         laya iter 2 -> median_top5 conf=0.6473 rank=9
         laya iter 3 -> median_top5 conf=0.6473 rank=9
         laya iter 4 -> median_top5 conf=0.6473 rank=9
         laya iter 5 -> median_top5 conf=0.6473 rank=9
[ 311] best_single    score= 0.5484 origin=agent    iters=4 stop=no new information in 3 consecutive turns
         TEST  smape=0.0985  rmse=559.0707  pocid=75.00  mape=0.0975  | FLOOR smape=0.1121
         laya iter 1 -> best_NaiveMovingAverage conf=0.5969 rank=1
         laya iter 2 -> best_NaiveMovingAverage conf=0.8811 rank=1
         laya iter 3 -> best_NaiveMovingAverage conf=0.8811 rank=1
         laya iter 4 -> best_NaiveMovingAverage conf=0.8811 rank=1
[ 312] trimmed_mean   score= 0.5633 origin=baseline iters=4 stop=no new information in 3 consecutive turns
         TEST  smape=0.2754  rmse=721.5210  pocid=50.00  mape=0.3222  | FLOOR smape=0.2754
         laya iter 1 -> best_NaiveMovingAverage conf=0.6869 rank=3
         laya iter 2 -> best_NaiveMovingAverage conf=0.7365 rank=3
         laya iter 3 -> best_NaiveMovingAverage conf=0.7365 rank=3
         laya iter 4 -> best_NaiveMovingAverage conf=0.7365 rank=3
[ 313] best_single    score= 0.6506 origin=agent    iters=4 stop=no new information in 3 consecutive turns
         TEST  smape=0.1836  rmse=1620.6276  pocid=75.00  mape=0.1656  | FLOOR smape=0.0864
         laya iter 1 -> best_ONLY_FT_rf conf=0.8246 rank=1
         laya iter 2 -> best_ONLY_FT_rf conf=0.9032 rank=1
         laya iter 3 -> best_ONLY_FT_rf conf=0.9032 rank=1
         laya iter 4 -> best_ONLY_FT_rf conf=0.9032 rank=1
[ 314] best_single    score= 0.4789 origin=agent    iters=4 stop=no new information in 3 consecutive turns
         TEST  smape=0.2791  rmse=1604.9257  pocid=58.33  mape=0.3303  | FLOOR smape=0.0997
         laya iter 1 -> best_THETA conf=0.4846 rank=1
         laya iter 2 -> best_THETA conf=0.4677 rank=1
         laya iter 3 -> best_THETA conf=0.4677 rank=1
         laya iter 4 -> best_THETA conf=0.4677 rank=1
[ 315] dba            score= 0.6858 origin=baseline iters=4 stop=no new information in 3 consecutive turns
         TEST  smape=0.0832  rmse=281.7137  pocid=58.33  mape=0.0821  | FLOOR smape=0.0832
         laya iter 1 -> median_top5 conf=0.7418 rank=10
         laya iter 2 -> median_top5 conf=0.7418 rank=10
         laya iter 3 -> median_top5 conf=0.7418 rank=10
         laya iter 4 -> median_top5 conf=0.7418 rank=10
[ 316] best_single    score= 0.5593 origin=agent    iters=4 stop=no new information in 3 consecutive turns
         TEST  smape=0.1774  rmse=785.3842  pocid=50.00  mape=0.1604  | FLOOR smape=0.0967
         laya iter 1 -> best_ONLY_FT_rf conf=0.8546 rank=1
         laya iter 2 -> best_ONLY_FT_rf conf=0.9913 rank=1
         laya iter 3 -> best_ONLY_FT_rf conf=0.9913 rank=1
         laya iter 4 -> best_ONLY_FT_rf conf=0.9913 rank=1
[ 317] best_single    score= 0.6638 origin=agent    iters=5 stop=no new information in 3 consecutive turns
         TEST  smape=0.3974  rmse=1877.4661  pocid=0.00  mape=0.4982  | FLOOR smape=0.0480
         laya iter 1 -> best_ETS conf=0.4448 rank=1
         laya iter 2 -> median_top5 conf=0.3663 rank=7
         laya iter 3 -> median_top5 conf=0.3663 rank=7
         laya iter 4 -> median_top5 conf=0.3663 rank=7
         laya iter 5 -> median_top5 conf=0.3663 rank=7
[ 318] best_single    score= 0.5747 origin=agent    iters=4 stop=no new information in 3 consecutive turns
         TEST  smape=0.1190  rmse=361.6306  pocid=75.00  mape=0.1136  | FLOOR smape=0.1446
         laya iter 1 -> best_NaiveMovingAverage conf=0.963 rank=1
         laya iter 2 -> best_NaiveMovingAverage conf=0.9723 rank=1
         laya iter 3 -> best_NaiveMovingAverage conf=0.9723 rank=1
         laya iter 4 -> best_NaiveMovingAverage conf=0.9723 rank=1
[ 319] best_single    score= 0.6442 origin=agent    iters=4 stop=no new information in 3 consecutive turns
         TEST  smape=0.3022  rmse=858.6296  pocid=50.00  mape=0.2519  | FLOOR smape=0.2265
         laya iter 1 -> best_ONLY_FT_catboost conf=0.5815 rank=1
         laya iter 2 -> best_ONLY_FT_catboost conf=0.6659 rank=1
         laya iter 3 -> best_ONLY_FT_catboost conf=0.6659 rank=1
         laya iter 4 -> best_ONLY_FT_catboost conf=0.6659 rank=1
[ 320] dba            score= 0.5730 origin=baseline iters=4 stop=no new information in 3 consecutive turns
         TEST  smape=0.0972  rmse=731.4933  pocid=58.33  mape=0.1052  | FLOOR smape=0.0972
         laya iter 1 -> best_NaiveMovingAverage conf=0.9364 rank=2
         laya iter 2 -> best_NaiveMovingAverage conf=1.0 rank=2
         laya iter 3 -> best_NaiveMovingAverage conf=1.0 rank=2
         laya iter 4 -> best_NaiveMovingAverage conf=1.0 rank=2
[ 321] best_single    score= 0.6419 origin=agent    iters=4 stop=no new information in 3 consecutive turns
         TEST  smape=0.0907  rmse=293.8381  pocid=0.00  mape=0.0915  | FLOOR smape=0.1230
         laya iter 1 -> best_ETS conf=0.2639 rank=1
         laya iter 2 -> best_ETS conf=0.407 rank=1
         laya iter 3 -> best_ETS conf=0.407 rank=1
         laya iter 4 -> best_ETS conf=0.407 rank=1
[ 322] best_single    score= 0.5916 origin=agent    iters=4 stop=no new information in 3 consecutive turns
         TEST  smape=0.1133  rmse=751.0893  pocid=0.00  mape=0.1069  | FLOOR smape=0.2499
         laya iter 1 -> best_ETS conf=0.7973 rank=1
         laya iter 2 -> best_ETS conf=0.9932 rank=1
         laya iter 3 -> best_ETS conf=0.9932 rank=1
         laya iter 4 -> best_ETS conf=0.9932 rank=1
[ 323] best_single    score= 0.4877 origin=agent    iters=4 stop=no new information in 3 consecutive turns
         TEST  smape=0.2089  rmse=670.3856  pocid=58.33  mape=0.1844  | FLOOR smape=0.2382
         laya iter 1 -> best_NaiveMovingAverage conf=0.8061 rank=1
         laya iter 2 -> best_NaiveMovingAverage conf=0.9995 rank=1
         laya iter 3 -> best_NaiveMovingAverage conf=0.9995 rank=1
         laya iter 4 -> best_NaiveMovingAverage conf=0.9995 rank=1
[ 324] best_single    score= 0.5287 origin=agent    iters=4 stop=no new information in 3 consecutive turns
         TEST  smape=0.2668  rmse=1028.1800  pocid=33.33  mape=0.3097  | FLOOR smape=0.1719
         laya iter 1 -> best_NaiveMovingAverage conf=0.4513 rank=1
         laya iter 2 -> best_NaiveMovingAverage conf=0.9109 rank=1
         laya iter 3 -> best_NaiveMovingAverage conf=0.9109 rank=1
         laya iter 4 -> best_NaiveMovingAverage conf=0.9109 rank=1
[ 325] best_single    score= 0.5655 origin=agent    iters=4 stop=no new information in 3 consecutive turns
         TEST  smape=0.1163  rmse=555.3567  pocid=0.00  mape=0.1268  | FLOOR smape=0.1243
         laya iter 1 -> best_ETS conf=0.6423 rank=1
         laya iter 2 -> best_ETS conf=0.7783 rank=1
         laya iter 3 -> best_ETS conf=0.7783 rank=1
         laya iter 4 -> best_ETS conf=0.7783 rank=1
[ 326] best_single    score= 0.6418 origin=agent    iters=4 stop=no new information in 3 consecutive turns
         TEST  smape=0.1147  rmse=1396.4895  pocid=0.00  mape=0.1204  | FLOOR smape=0.1466
         laya iter 1 -> best_ETS conf=0.5573 rank=1
         laya iter 2 -> best_ETS conf=0.8142 rank=1
         laya iter 3 -> best_ETS conf=0.8142 rank=1
         laya iter 4 -> best_ETS conf=0.8142 rank=1
[ 327] best_single    score= 0.6324 origin=agent    iters=4 stop=no new information in 3 consecutive turns
         TEST  smape=0.1065  rmse=363.7897  pocid=75.00  mape=0.1151  | FLOOR smape=0.1604
         laya iter 1 -> best_NaiveMovingAverage conf=0.6098 rank=1
         laya iter 2 -> best_NaiveMovingAverage conf=0.8671 rank=1
         laya iter 3 -> best_NaiveMovingAverage conf=0.8671 rank=1
         laya iter 4 -> best_NaiveMovingAverage conf=0.8671 rank=1
[ 328] best_single    score= 0.6328 origin=agent    iters=4 stop=no new information in 3 consecutive turns
         TEST  smape=0.1223  rmse=1535.8432  pocid=0.00  mape=0.1347  | FLOOR smape=0.1285
         laya iter 1 -> best_ETS conf=0.8333 rank=1
         laya iter 2 -> best_ETS conf=0.8452 rank=1
         laya iter 3 -> best_ETS conf=0.8452 rank=1
         laya iter 4 -> best_ETS conf=0.8452 rank=1
[ 329] best_single    score= 0.5010 origin=agent    iters=4 stop=no new information in 3 consecutive turns
         TEST  smape=0.1626  rmse=683.0271  pocid=75.00  mape=0.1510  | FLOOR smape=0.1184
         laya iter 1 -> best_ONLY_FT_rf conf=0.5659 rank=1
         laya iter 2 -> best_ONLY_FT_rf conf=0.7582 rank=1
         laya iter 3 -> best_ONLY_FT_rf conf=0.7582 rank=1
         laya iter 4 -> best_ONLY_FT_rf conf=0.7582 rank=1
[ 330] best_single    score= 0.5546 origin=agent    iters=4 stop=no new information in 3 consecutive turns
         TEST  smape=0.0939  rmse=771.7145  pocid=50.00  mape=0.1003  | FLOOR smape=0.1117
         laya iter 1 -> best_NaiveMovingAverage conf=0.4137 rank=1
         laya iter 2 -> best_NaiveMovingAverage conf=0.9999 rank=1
         laya iter 3 -> best_NaiveMovingAverage conf=0.9999 rank=1
         laya iter 4 -> best_NaiveMovingAverage conf=0.9999 rank=1
[ 331] best_single    score= 0.5970 origin=agent    iters=4 stop=no new information in 3 consecutive turns
         TEST  smape=0.1432  rmse=599.0060  pocid=58.33  mape=0.1318  | FLOOR smape=0.0980
         laya iter 1 -> best_ONLY_FT_rf conf=0.8884 rank=1
         laya iter 2 -> best_ONLY_FT_rf conf=0.9525 rank=1
         laya iter 3 -> best_ONLY_FT_rf conf=0.9525 rank=1
         laya iter 4 -> best_ONLY_FT_rf conf=0.9525 rank=1
[ 332] best_single    score= 0.5879 origin=agent    iters=4 stop=no new information in 3 consecutive turns
         TEST  smape=0.1130  rmse=415.4279  pocid=66.67  mape=0.1062  | FLOOR smape=0.1727
         laya iter 1 -> best_NaiveMovingAverage conf=0.7399 rank=1
         laya iter 2 -> best_NaiveMovingAverage conf=0.5091 rank=1
         laya iter 3 -> best_NaiveMovingAverage conf=0.5091 rank=1
         laya iter 4 -> best_NaiveMovingAverage conf=0.5091 rank=1
[ 333] best_single    score= 0.4839 origin=agent    iters=4 stop=no new information in 3 consecutive turns
         TEST  smape=0.1515  rmse=655.9509  pocid=75.00  mape=0.1402  | FLOOR smape=0.1688
         laya iter 1 -> best_NaiveMovingAverage conf=0.4744 rank=1
         laya iter 2 -> best_NaiveMovingAverage conf=0.8777 rank=1
         laya iter 3 -> best_NaiveMovingAverage conf=0.8777 rank=1
         laya iter 4 -> best_NaiveMovingAverage conf=0.8777 rank=1
[ 334] dba            score= 0.7050 origin=baseline iters=4 stop=no new information in 3 consecutive turns
         TEST  smape=0.1518  rmse=826.9315  pocid=41.67  mape=0.1376  | FLOOR smape=0.1518
         laya iter 1 -> best_ETS conf=0.5398 rank=2
         laya iter 2 -> best_ETS conf=0.859 rank=2
         laya iter 3 -> best_ETS conf=0.859 rank=2
         laya iter 4 -> best_ETS conf=0.859 rank=2
[ 335] best_single    score= 0.6093 origin=agent    iters=5 stop=no new information in 3 consecutive turns
         TEST  smape=0.1607  rmse=358.9878  pocid=58.33  mape=0.1566  | FLOOR smape=0.1861
         laya iter 1 -> best_NaiveMovingAverage conf=0.6032 rank=1
         laya iter 2 -> best_THETA conf=0.6186 rank=2
         laya iter 3 -> best_NaiveMovingAverage conf=0.5082 rank=1
         laya iter 4 -> best_NaiveMovingAverage conf=0.5082 rank=1
         laya iter 5 -> best_NaiveMovingAverage conf=0.5082 rank=1
[ 336] best_single    score= 0.7073 origin=agent    iters=4 stop=no new information in 3 consecutive turns
         TEST  smape=0.2108  rmse=462.3359  pocid=75.00  mape=0.1863  | FLOOR smape=0.1842
         laya iter 1 -> best_ONLY_CWT_catboost conf=0.9224 rank=1
         laya iter 2 -> best_ONLY_CWT_catboost conf=0.8659 rank=1
         laya iter 3 -> best_ONLY_CWT_catboost conf=0.8659 rank=1
         laya iter 4 -> best_ONLY_CWT_catboost conf=0.8659 rank=1
[ 337] best_single    score= 0.6267 origin=agent    iters=4 stop=no new information in 3 consecutive turns
         TEST  smape=0.2436  rmse=662.3284  pocid=50.00  mape=0.2116  | FLOOR smape=0.1966
         laya iter 1 -> best_ONLY_FT_rf conf=0.4289 rank=1
         laya iter 2 -> best_ONLY_FT_rf conf=0.7638 rank=1
         laya iter 3 -> best_ONLY_FT_rf conf=0.7638 rank=1
         laya iter 4 -> best_ONLY_FT_rf conf=0.7638 rank=1
[ 338] best_single    score= 0.6558 origin=agent    iters=4 stop=no new information in 3 consecutive turns
         TEST  smape=0.2991  rmse=1356.1699  pocid=0.00  mape=0.3693  | FLOOR smape=0.1537
         laya iter 1 -> best_ETS conf=0.8826 rank=1
         laya iter 2 -> best_ETS conf=0.8523 rank=1
         laya iter 3 -> best_ETS conf=0.8523 rank=1
         laya iter 4 -> best_ETS conf=0.8523 rank=1
[ 339] best_single    score= 0.6425 origin=agent    iters=4 stop=no new information in 3 consecutive turns
         TEST  smape=0.1318  rmse=1081.8068  pocid=58.33  mape=0.1205  | FLOOR smape=0.1517
         laya iter 1 -> best_NaiveMovingAverage conf=0.5722 rank=1
         laya iter 2 -> best_NaiveMovingAverage conf=0.6881 rank=1
         laya iter 3 -> best_NaiveMovingAverage conf=0.6881 rank=1
         laya iter 4 -> best_NaiveMovingAverage conf=0.6881 rank=1
[ 340] best_single    score= 0.6772 origin=agent    iters=4 stop=no new information in 3 consecutive turns
         TEST  smape=0.2812  rmse=1495.5992  pocid=66.67  mape=0.2412  | FLOOR smape=0.1062
         laya iter 1 -> best_ONLY_FT_rf conf=0.6346 rank=1
         laya iter 2 -> best_ONLY_FT_rf conf=0.6523 rank=1
         laya iter 3 -> best_ONLY_FT_rf conf=0.6523 rank=1
         laya iter 4 -> best_ONLY_FT_rf conf=0.6523 rank=1
[ 341] dba            score= 0.6490 origin=baseline iters=4 stop=no new information in 3 consecutive turns
         TEST  smape=0.0793  rmse=163.7653  pocid=58.33  mape=0.0793  | FLOOR smape=0.0793
         laya iter 1 -> best_ETS conf=0.6571 rank=2
         laya iter 2 -> best_ETS conf=0.7132 rank=2
         laya iter 3 -> best_ETS conf=0.7132 rank=2
         laya iter 4 -> best_ETS conf=0.7132 rank=2
[ 342] dba            score= 0.6288 origin=baseline iters=4 stop=no new information in 3 consecutive turns
         TEST  smape=0.1136  rmse=522.4581  pocid=66.67  mape=0.1116  | FLOOR smape=0.1136
         laya iter 1 -> best_ETS conf=0.2873 rank=2
         laya iter 2 -> best_ETS conf=0.4033 rank=2
         laya iter 3 -> best_ETS conf=0.4033 rank=2
         laya iter 4 -> best_ETS conf=0.4033 rank=2
[ 343] best_single    score= 0.6608 origin=agent    iters=4 stop=no new information in 3 consecutive turns
         TEST  smape=0.1151  rmse=509.6265  pocid=58.33  mape=0.1297  | FLOOR smape=0.1227
         laya iter 1 -> best_NaiveMovingAverage conf=0.2986 rank=1
         laya iter 2 -> best_NaiveMovingAverage conf=0.4218 rank=1
         laya iter 3 -> best_NaiveMovingAverage conf=0.4218 rank=1
         laya iter 4 -> best_NaiveMovingAverage conf=0.4218 rank=1
[ 344] best_single    score= 0.6187 origin=agent    iters=4 stop=no new information in 3 consecutive turns
         TEST  smape=0.1112  rmse=483.3993  pocid=66.67  mape=0.1232  | FLOOR smape=0.1035
         laya iter 1 -> best_NaiveMovingAverage conf=0.5028 rank=1
         laya iter 2 -> best_NaiveMovingAverage conf=0.9998 rank=1
         laya iter 3 -> best_NaiveMovingAverage conf=0.9998 rank=1
         laya iter 4 -> best_NaiveMovingAverage conf=0.9998 rank=1
[ 345] best_single    score= 0.5843 origin=agent    iters=4 stop=no new information in 3 consecutive turns
         TEST  smape=0.1637  rmse=1138.4638  pocid=75.00  mape=0.1908  | FLOOR smape=0.1028
         laya iter 1 -> best_NaiveMovingAverage conf=0.7717 rank=1
         laya iter 2 -> best_NaiveMovingAverage conf=0.799 rank=1
         laya iter 3 -> best_NaiveMovingAverage conf=0.799 rank=1
         laya iter 4 -> best_NaiveMovingAverage conf=0.799 rank=1
[ 346] best_single    score= 0.6165 origin=agent    iters=4 stop=no new information in 3 consecutive turns
         TEST  smape=0.1509  rmse=698.0320  pocid=0.00  mape=0.1731  | FLOOR smape=0.1025
         laya iter 1 -> best_ETS conf=0.5535 rank=1
         laya iter 2 -> best_ETS conf=0.6453 rank=1
         laya iter 3 -> best_ETS conf=0.6453 rank=1
         laya iter 4 -> best_ETS conf=0.6453 rank=1
[ 347] best_single    score= 0.5385 origin=agent    iters=4 stop=no new information in 3 consecutive turns
         TEST  smape=0.2123  rmse=1167.0045  pocid=0.00  mape=0.2583  | FLOOR smape=0.1515
         laya iter 1 -> best_ETS conf=0.6639 rank=1
         laya iter 2 -> best_ETS conf=0.8395 rank=1
         laya iter 3 -> best_ETS conf=0.8395 rank=1
         laya iter 4 -> best_ETS conf=0.8395 rank=1
[ 348] best_single    score= 0.3288 origin=agent    iters=4 stop=no new information in 3 consecutive turns
         TEST  smape=0.0476  rmse=263.2933  pocid=75.00  mape=0.0458  | FLOOR smape=0.0379
         laya iter 1 -> best_ONLY_CWT_rf conf=0.7957 rank=1
         laya iter 2 -> best_ONLY_CWT_rf conf=0.6454 rank=1
         laya iter 3 -> best_ONLY_CWT_rf conf=0.6454 rank=1
         laya iter 4 -> best_ONLY_CWT_rf conf=0.6454 rank=1
[ 349] trimmed_mean   score= 0.5608 origin=baseline iters=4 stop=no new information in 3 consecutive turns
         TEST  smape=0.1541  rmse=921.2901  pocid=83.33  mape=0.1506  | FLOOR smape=0.1541
         laya iter 1 -> best_FT_catboost conf=0.7112 rank=7
         laya iter 2 -> best_FT_catboost conf=0.7112 rank=7
         laya iter 3 -> best_FT_catboost conf=0.7112 rank=7
         laya iter 4 -> best_FT_catboost conf=0.7112 rank=7
[ 350] best_single    score= 0.5933 origin=agent    iters=4 stop=no new information in 3 consecutive turns
         TEST  smape=0.1825  rmse=380.7823  pocid=50.00  mape=0.2166  | FLOOR smape=0.1338
         laya iter 1 -> best_NaiveMovingAverage conf=0.4962 rank=1
         laya iter 2 -> best_NaiveMovingAverage conf=0.9765 rank=1
         laya iter 3 -> best_NaiveMovingAverage conf=0.9765 rank=1
         laya iter 4 -> best_NaiveMovingAverage conf=0.9765 rank=1
[ 351] best_single    score= 0.3560 origin=agent    iters=4 stop=no new information in 3 consecutive turns
         TEST  smape=0.0591  rmse=118.2969  pocid=41.67  mape=0.0562  | FLOOR smape=0.1435
         laya iter 1 -> best_rf conf=0.6117 rank=1
         laya iter 2 -> best_rf conf=0.4173 rank=1
         laya iter 3 -> best_rf conf=0.4173 rank=1
         laya iter 4 -> best_rf conf=0.4173 rank=1
[ 352] best_single    score= 0.7179 origin=agent    iters=4 stop=no new information in 3 consecutive turns
         TEST  smape=0.1147  rmse=268.8145  pocid=33.33  mape=0.1223  | FLOOR smape=0.1227
         laya iter 1 -> best_FT_catboost conf=0.687 rank=1
         laya iter 2 -> best_FT_catboost conf=0.9926 rank=1
         laya iter 3 -> best_FT_catboost conf=0.9926 rank=1
         laya iter 4 -> best_FT_catboost conf=0.9926 rank=1
[ 353] best_single    score= 0.6588 origin=agent    iters=4 stop=no new information in 3 consecutive turns
         TEST  smape=0.1718  rmse=691.1452  pocid=58.33  mape=0.1703  | FLOOR smape=0.1655
         laya iter 1 -> best_ONLY_FT_rf conf=0.6677 rank=1
         laya iter 2 -> best_ONLY_FT_rf conf=0.7041 rank=1
         laya iter 3 -> best_ONLY_FT_rf conf=0.7041 rank=1
         laya iter 4 -> best_ONLY_FT_rf conf=0.7041 rank=1
[ 354] mean           score= 0.6944 origin=baseline iters=3 stop=no new information in 3 consecutive turns
         TEST  smape=0.3267  rmse=1345.8959  pocid=50.00  mape=0.4095  | FLOOR smape=0.3267
         laya iter 1 -> trimmed_mean_stable9 conf=0.2862 rank=5
         laya iter 2 -> trimmed_mean_stable9 conf=0.2862 rank=5
         laya iter 3 -> trimmed_mean_stable9 conf=0.2862 rank=5
[ 355] dba            score= 0.6880 origin=baseline iters=4 stop=no new information in 3 consecutive turns
         TEST  smape=0.1343  rmse=679.5794  pocid=83.33  mape=0.1547  | FLOOR smape=0.1343
         laya iter 1 -> best_ETS conf=0.7603 rank=3
         laya iter 2 -> best_ETS conf=0.4551 rank=3
         laya iter 3 -> best_ETS conf=0.4551 rank=3
         laya iter 4 -> best_ETS conf=0.4551 rank=3
[ 356] trimmed_mean   score= 0.6239 origin=baseline iters=4 stop=no new information in 3 consecutive turns
         TEST  smape=0.1377  rmse=620.4794  pocid=50.00  mape=0.1594  | FLOOR smape=0.1377
         laya iter 1 -> best_ETS conf=0.5633 rank=7
         laya iter 2 -> best_ETS conf=0.5633 rank=7
         laya iter 3 -> best_ETS conf=0.5633 rank=7
         laya iter 4 -> best_ETS conf=0.5633 rank=7
[ 357] best_single    score= 0.5995 origin=agent    iters=4 stop=no new information in 3 consecutive turns
         TEST  smape=0.1478  rmse=969.5319  pocid=58.33  mape=0.1407  | FLOOR smape=0.0982
         laya iter 1 -> best_FT_catboost conf=0.7535 rank=1
         laya iter 2 -> best_FT_catboost conf=0.9866 rank=1
         laya iter 3 -> best_FT_catboost conf=0.9866 rank=1
         laya iter 4 -> best_FT_catboost conf=0.9866 rank=1
[ 358] best_single    score= 0.6268 origin=agent    iters=4 stop=no new information in 3 consecutive turns
         TEST  smape=0.1865  rmse=907.2195  pocid=58.33  mape=0.1679  | FLOOR smape=0.1380
         laya iter 1 -> best_ONLY_FT_catboost conf=0.8015 rank=1
         laya iter 2 -> best_ONLY_FT_catboost conf=0.8921 rank=1
         laya iter 3 -> best_ONLY_FT_catboost conf=0.8921 rank=1
         laya iter 4 -> best_ONLY_FT_catboost conf=0.8921 rank=1
--------------------------------------------------------------------------
done in 169.2s | ok: 359 | failed: 0
DATASET SUMMARY over 359 series (mean across series):
  this run   smape=0.1024  rmse=478.1114  pocid=57.52  mape=0.1081  mae=398.0165
  baseline   smape=0.0910  rmse=419.6139  pocid=59.61  mape=0.0897  <- this run is WORSE than the seed floor
  mean       smape=0.1560  rmse=565670643599352549196716204211537639244317944908035229208154108667468348208885108199311009429349561812871400925394649666000525459456.0000  pocid=53.20  mape=39777294267569865632092305676114673475780582879823695972881129375030108721987150752620451168492782782066944539201619654537641984.0000  <- this run is better
  median     smape=0.0897  rmse=98091549866.9433  pocid=58.45  mape=11214489.3177  <- this run is better
  dba        smape=0.1594  rmse=565670643599352549196716204211537639244317944908035229208154108667468348208885108199311009429349561812871400925394649666000525459456.0000  pocid=51.74  mape=39777294267569846392831467592872870605155533981574767711289688718073727887859511960764117429620413927444749771176404416926318592.0000  <- this run is better
  ADE        smape=0.1069  rmse=335850489305280897150278938350792956054116807272513112971539555160952541873624259473465507936843830466561185255755901421801810427904.0000  pocid=57.29  mape=23616611351791077356813904533184018234363216971665633450013792487243617037607409536889105068880425355870002736047763781094211584.0000  <- this run is better
  FFORMA     smape=0.0996  rmse=331703934033556502999311883249781817930691741283770894983858217784985857106662638100444095177311322092507477833421706256574660476928.0000  pocid=59.45  mape=23325030462617560519266366214871385284458556859797996695315252011496452105542748146985504910684292478496494399058427224917016576.0000  <- this run is better
csv: ./timeseries/mestrado/resultados/orchestrator_laya_laya_v2_raw/M4_WEEKLY_DATASET.csv
