nohup: ignoring input
WARNING: 5 model(s) do not share the pool's windows on ETTM1 and are being DROPPED for every series: ['ONLY_CWT_catboost', 'ONLY_DWT_catboost', 'ONLY_DWT_rf', 'ONLY_FT_catboost', 'ONLY_FT_rf']
/home/lucas.castro/.conda/envs/agno/lib/python3.11/site-packages/tslearn/bases/bases.py:15: UserWarning: h5py not installed, hdf5 features will not be supported.
Install h5py to use hdf5 features: http://docs.h5py.org/
  warn(h5py_msg)
dataset      : ETTM1
source       : ETTM1.tsf
models       : 14
agent        : laya-multilingual (max_len=8192)
writing to   : ./timeseries/mestrado/resultados/orchestrator_laya_laya_v4_hybrid
--------------------------------------------------------------------------
Fetching 5 files:   0%|          | 0/5 [00:00<?, ?it/s]Fetching 5 files: 100%|██████████| 5/5 [00:00<00:00, 2688.66it/s]
[   0] trimmed_mean   score=-0.0750 origin=baseline iters=1 stop=
         TEST  smape=1.2332  rmse=5.8221  pocid=60.87  mape=653814082615885.7500  | FLOOR smape=1.1753
[   1] trimmed_mean   score=-0.0394 origin=baseline iters=1 stop=
         TEST  smape=0.2720  rmse=1.4283  pocid=43.48  mape=0.3324  | FLOOR smape=0.2740
[   2] dba            score= 1.0075 origin=baseline iters=1 stop=
         TEST  smape=2.0000  rmse=35446723177.7667  pocid=43.48  mape=2407334476.5853  | FLOOR smape=0.8916
[   3] dba            score= 0.6059 origin=baseline iters=1 stop=
         TEST  smape=2.0000  rmse=43546116027.3691  pocid=52.17  mape=5952817499.8515  | FLOOR smape=0.3921
[   4] dba            score= 0.8174 origin=baseline iters=1 stop=
         TEST  smape=2.0000  rmse=1491091717689.8218  pocid=39.13  mape=136679600546.8137  | FLOOR smape=0.2512
[   5] dba            score= 0.6680 origin=baseline iters=1 stop=
         TEST  smape=2.0000  rmse=68177233.9181  pocid=43.48  mape=25529405.0999  | FLOOR smape=0.1809
[   6] dba            score= 0.7283 origin=baseline iters=1 stop=
         TEST  smape=2.0000  rmse=11030895633.7765  pocid=26.09  mape=546511406.5528  | FLOOR smape=0.0576
--------------------------------------------------------------------------
done in 48.2s | ok: 7 | failed: 0
DATASET SUMMARY over 7 series (mean across series):
  this run   smape=1.6436  rmse=225883375681.4146  pocid=44.10  mape=93422813487031.5938  mae=74444110820.2804
  baseline   smape=0.4604  rmse=2.2598  pocid=55.28  mape=52509329526407.0078  <- this run is WORSE than the seed floor
  mean       smape=2.0000  rmse=136084107294.9405  pocid=44.72  mape=52599961740521154543616.0000
  median     smape=0.5443  rmse=2.5657  pocid=58.39  mape=9059687099970.2324
  dba        smape=2.0000  rmse=195921298116.2774  pocid=47.20  mape=69231906943291170816.0000
  ADE        smape=0.4572  rmse=2.4809  pocid=50.93  mape=21115097813161.2109
  FFORMA     smape=0.4396  rmse=2.2985  pocid=51.55  mape=59253483494535.9609
csv: ./timeseries/mestrado/resultados/orchestrator_laya_laya_v4_hybrid/ETTM1.csv
WARNING: 5 model(s) do not share the pool's windows on ETTM2 and are being DROPPED for every series: ['ONLY_CWT_catboost', 'ONLY_DWT_catboost', 'ONLY_DWT_rf', 'ONLY_FT_catboost', 'ONLY_FT_rf']
dataset      : ETTM2
source       : ETTM2.tsf
models       : 14
agent        : laya-multilingual (max_len=8192)
writing to   : ./timeseries/mestrado/resultados/orchestrator_laya_laya_v4_hybrid
--------------------------------------------------------------------------
Fetching 5 files:   0%|          | 0/5 [00:00<?, ?it/s]Fetching 5 files: 100%|██████████| 5/5 [00:00<00:00, 2322.43it/s]
[   0] dba            score= 0.8011 origin=baseline iters=1 stop=
         TEST  smape=2.0000  rmse=2689385656.1583  pocid=43.48  mape=34621536.8072  | FLOOR smape=0.1983
[   1] trimmed_mean   score=-0.0695 origin=baseline iters=1 stop=
         TEST  smape=0.2818  rmse=3.1166  pocid=30.43  mape=0.2448  | FLOOR smape=0.2653
[   2] dba            score= 0.8002 origin=baseline iters=1 stop=
         TEST  smape=2.0000  rmse=770616747839.2458  pocid=47.83  mape=4886844655.8537  | FLOOR smape=0.1569
[   3] dba            score= 0.6754 origin=baseline iters=1 stop=
         TEST  smape=2.0000  rmse=2185815782.1758  pocid=26.09  mape=47805342.7450  | FLOOR smape=0.2551
[   4] dba            score= 0.8898 origin=baseline iters=1 stop=
         TEST  smape=2.0000  rmse=15987520207.2677  pocid=26.09  mape=372749226.3334  | FLOOR smape=0.0741
[   5] trimmed_mean   score= 0.0717 origin=baseline iters=1 stop=
         TEST  smape=0.6269  rmse=1.0153  pocid=17.39  mape=0.4663  | FLOOR smape=0.4531
[   6] dba            score= 0.8055 origin=baseline iters=1 stop=
         TEST  smape=0.2846  rmse=11.6580  pocid=47.83  mape=0.2480  | FLOOR smape=0.0183
--------------------------------------------------------------------------
done in 43.4s | ok: 7 | failed: 0
DATASET SUMMARY over 7 series (mean across series):
  this run   smape=1.3133  rmse=113068495642.9482  pocid=34.16  mape=763145823.2426  mae=38134368515.7373
  baseline   smape=0.2030  rmse=3.5354  pocid=45.34  mape=0.1760  <- this run is WORSE than the seed floor
  mean       smape=1.7405  rmse=63484511305.5706  pocid=43.48  mape=3253528624.5137
  median     smape=0.1997  rmse=3.6501  pocid=39.13  mape=0.1739
  dba        smape=1.7438  rmse=106383343565.7140  pocid=37.27  mape=2228290941.4547
  ADE        smape=0.1872  rmse=4.0934  pocid=31.06  mape=0.1752
  FFORMA     smape=0.1654  rmse=3.9513  pocid=31.06  mape=0.1525
csv: ./timeseries/mestrado/resultados/orchestrator_laya_laya_v4_hybrid/ETTM2.csv
dataset      : ETTH1
source       : ETTH1.tsf
models       : 19
agent        : laya-multilingual (max_len=8192)
writing to   : ./timeseries/mestrado/resultados/orchestrator_laya_laya_v4_hybrid
--------------------------------------------------------------------------
Fetching 5 files:   0%|          | 0/5 [00:00<?, ?it/s]Fetching 5 files: 100%|██████████| 5/5 [00:00<00:00, 2390.73it/s]
[   0] dba            score= 0.7700 origin=baseline iters=1 stop=
         TEST  smape=2.0000  rmse=2153714515.7312  pocid=65.22  mape=202497817.9078  | FLOOR smape=0.3882
[   1] trimmed_mean   score=-0.1072 origin=baseline iters=1 stop=
         TEST  smape=0.1711  rmse=0.9478  pocid=65.22  mape=0.1587  | FLOOR smape=0.1711
[   2] dba            score= 0.7136 origin=baseline iters=1 stop=
         TEST  smape=2.0000  rmse=27770420831.6374  pocid=65.22  mape=7291308245.1792  | FLOOR smape=0.3894
[   3] trimmed_mean   score=-0.0948 origin=baseline iters=1 stop=
         TEST  smape=0.1965  rmse=0.6604  pocid=52.17  mape=0.1793  | FLOOR smape=0.1965
[   4] trimmed_mean   score=-0.0721 origin=baseline iters=1 stop=
         TEST  smape=0.1903  rmse=0.9675  pocid=43.48  mape=0.1837  | FLOOR smape=0.1984
[   5] trimmed_mean   score=-0.0977 origin=baseline iters=1 stop=
         TEST  smape=0.1540  rmse=0.2926  pocid=65.22  mape=0.1483  | FLOOR smape=0.1557
[   6] dba            score= 0.7216 origin=baseline iters=1 stop=
         TEST  smape=2.0000  rmse=203992118688.8448  pocid=52.17  mape=5714850239.6862  | FLOOR smape=0.0844
--------------------------------------------------------------------------
done in 16.0s | ok: 7 | failed: 0
DATASET SUMMARY over 7 series (mean across series):
  this run   smape=0.9588  rmse=33416607719.8688  pocid=58.39  mape=1886950900.4919  mae=9178964368.2445
  baseline   smape=0.2262  rmse=1.3877  pocid=61.49  mape=0.2391  <- this run is WORSE than the seed floor
  mean       smape=2.0000  rmse=1245113253499.4958  pocid=52.17  mape=273162683680.0966  <- this run is better
  median     smape=0.2602  rmse=1.5957  pocid=62.11  mape=0.2353
  dba        smape=2.0000  rmse=2059519043323.2112  pocid=54.66  mape=272603577994.6630  <- this run is better
  ADE        smape=0.3951  rmse=2.5172  pocid=62.73  mape=0.3505
  FFORMA     smape=0.3001  rmse=1.9946  pocid=65.22  mape=0.2754
csv: ./timeseries/mestrado/resultados/orchestrator_laya_laya_v4_hybrid/ETTH1.csv
dataset      : ETTH2
source       : ETTH2.tsf
models       : 19
agent        : laya-multilingual (max_len=8192)
writing to   : ./timeseries/mestrado/resultados/orchestrator_laya_laya_v4_hybrid
--------------------------------------------------------------------------
Fetching 5 files:   0%|          | 0/5 [00:00<?, ?it/s]Fetching 5 files: 100%|██████████| 5/5 [00:00<00:00, 2550.97it/s]
[   0] trimmed_mean   score=-0.1136 origin=baseline iters=1 stop=
         TEST  smape=0.1310  rmse=5.4826  pocid=56.52  mape=0.1236  | FLOOR smape=0.1310
[   1] dba            score= 0.7062 origin=baseline iters=1 stop=
         TEST  smape=2.0000  rmse=1190465073.1061  pocid=56.52  mape=34185127.1918  | FLOOR smape=0.1395
[   2] dba            score= 0.7828 origin=baseline iters=1 stop=
         TEST  smape=2.0000  rmse=91002789521.0825  pocid=69.57  mape=847831028.1517  | FLOOR smape=0.1064
[   3] trimmed_mean   score=-0.1040 origin=baseline iters=1 stop=
         TEST  smape=0.1149  rmse=1.5327  pocid=47.83  mape=0.1133  | FLOOR smape=0.1149
[   4] dba            score= 0.6840 origin=baseline iters=1 stop=
         TEST  smape=2.0000  rmse=102845341439.4365  pocid=30.43  mape=2601382152.7203  | FLOOR smape=0.0793
[   5] trimmed_mean   score= 0.0093 origin=baseline iters=1 stop=
         TEST  smape=0.7282  rmse=0.7278  pocid=34.78  mape=1108240010786239.0000  | FLOOR smape=0.6525
[   6] dba            score= 0.8021 origin=baseline iters=1 stop=
         TEST  smape=0.0800  rmse=3.9715  pocid=52.17  mape=0.0756  | FLOOR smape=0.0359
--------------------------------------------------------------------------
done in 15.7s | ok: 7 | failed: 0
DATASET SUMMARY over 7 series (mean across series):
  this run   smape=1.0077  rmse=27862656577.9057  pocid=49.69  mape=158320499169221.0625  mae=9512934320.8500
  baseline   smape=0.1799  rmse=2.5553  pocid=55.28  mape=181666141988947.5312  <- this run is WORSE than the seed floor
  mean       smape=1.7197  rmse=99996379087.4691  pocid=49.69  mape=20879052073827343269888.0000  <- this run is better
  median     smape=0.1815  rmse=2.5568  pocid=56.52  mape=181666141988947.5312
  dba        smape=1.7257  rmse=151967111938.0612  pocid=52.80  mape=20879052073826667986944.0000  <- this run is better
  ADE        smape=0.2261  rmse=2.6531  pocid=56.52  mape=299065117726769.6250
  FFORMA     smape=0.2035  rmse=2.5436  pocid=56.52  mape=269479043127657.0625
csv: ./timeseries/mestrado/resultados/orchestrator_laya_laya_v4_hybrid/ETTH2.csv
dataset      : ANP_MONTHLY
source       : mes_11_venda_mensal.tsf
models       : 19
agent        : laya-multilingual (max_len=8192)
writing to   : ./timeseries/mestrado/resultados/orchestrator_laya_laya_v4_hybrid
--------------------------------------------------------------------------
Fetching 5 files:   0%|          | 0/5 [00:00<?, ?it/s]Fetching 5 files: 100%|██████████| 5/5 [00:00<00:00, 2712.65it/s]
[   0] dba            score= 0.6884 origin=baseline iters=1 stop=
         TEST  smape=0.3622  rmse=2166.3689  pocid=45.45  mape=0.2979  | FLOOR smape=0.3622
[   1] dba            score= 0.7013 origin=baseline iters=1 stop=
         TEST  smape=0.0936  rmse=1917.9212  pocid=72.73  mape=0.0882  | FLOOR smape=0.1132
[   2] dba            score= 0.6226 origin=baseline iters=1 stop=
         TEST  smape=0.0471  rmse=5138.8514  pocid=90.91  mape=0.0489  | FLOOR smape=0.0471
[   3] dba            score= 0.6540 origin=baseline iters=1 stop=
         TEST  smape=0.3086  rmse=3053.3809  pocid=81.82  mape=0.2554  | FLOOR smape=0.3041
[   4] dba            score= 0.7568 origin=baseline iters=1 stop=
         TEST  smape=0.0517  rmse=3204.5460  pocid=72.73  mape=0.0511  | FLOOR smape=0.0520
[   5] dba            score= 0.6829 origin=baseline iters=1 stop=
         TEST  smape=0.2173  rmse=26.8417  pocid=45.45  mape=0.2585  | FLOOR smape=0.2077
[   6] trimmed_mean   score= 0.6343 origin=baseline iters=1 stop=
         TEST  smape=0.4798  rmse=4762.1887  pocid=72.73  mape=0.3679  | FLOOR smape=0.4842
[   7] dba            score= 0.6817 origin=baseline iters=1 stop=
         TEST  smape=0.1609  rmse=104.2462  pocid=54.55  mape=0.1606  | FLOOR smape=0.1649
[   8] dba            score= 0.7076 origin=baseline iters=1 stop=
         TEST  smape=0.5485  rmse=789.9132  pocid=54.55  mape=0.4227  | FLOOR smape=0.5178
[   9] dba            score= 0.6797 origin=baseline iters=1 stop=
         TEST  smape=0.0460  rmse=11813.3811  pocid=72.73  mape=0.0474  | FLOOR smape=0.0486
[  10] dba            score= 0.6938 origin=baseline iters=1 stop=
         TEST  smape=0.2868  rmse=1678.5231  pocid=81.82  mape=0.2460  | FLOOR smape=0.2671
[  11] dba            score= 0.6795 origin=baseline iters=1 stop=
         TEST  smape=0.7316  rmse=12254.5787  pocid=36.36  mape=0.5311  | FLOOR smape=0.7316
[  12] dba            score= 0.7224 origin=baseline iters=1 stop=
         TEST  smape=1.1775  rmse=2546.9640  pocid=9.09  mape=34.8813  | FLOOR smape=1.1713
[  13] dba            score= 0.6472 origin=baseline iters=1 stop=
         TEST  smape=0.2182  rmse=323.4298  pocid=54.55  mape=0.2484  | FLOOR smape=0.2182
[  14] trimmed_mean   score= 0.9272 origin=baseline iters=1 stop=
         TEST  smape=0.0466  rmse=2132.9344  pocid=54.55  mape=0.0464  | FLOOR smape=0.0466
[  15] dba            score= 0.7144 origin=baseline iters=1 stop=
         TEST  smape=0.0523  rmse=2698.3214  pocid=63.64  mape=0.0522  | FLOOR smape=0.0504
[  16] dba            score= 0.6878 origin=baseline iters=1 stop=
         TEST  smape=0.2328  rmse=24461.8353  pocid=54.55  mape=0.2072  | FLOOR smape=0.1978
[  17] mean           score= 0.6788 origin=baseline iters=1 stop=
         TEST  smape=0.1393  rmse=119609.5847  pocid=72.73  mape=0.1512  | FLOOR smape=0.1498
[  18] dba            score= 0.6821 origin=baseline iters=1 stop=
         TEST  smape=1.4426  rmse=4816.2459  pocid=18.18  mape=324711406542505856.0000  | FLOOR smape=1.4312
[  19] dba            score= 0.7185 origin=baseline iters=1 stop=
         TEST  smape=0.2141  rmse=600.5274  pocid=54.55  mape=0.2540  | FLOOR smape=0.2139
[  20] dba            score= 0.6446 origin=baseline iters=1 stop=
         TEST  smape=0.1073  rmse=93020.5823  pocid=36.36  mape=0.1012  | FLOOR smape=0.1073
[  21] dba            score= 0.6503 origin=baseline iters=1 stop=
         TEST  smape=0.0311  rmse=3044.7534  pocid=72.73  mape=0.0319  | FLOOR smape=0.0311
[  22] dba            score= 0.7345 origin=baseline iters=1 stop=
         TEST  smape=0.2993  rmse=1653.3853  pocid=63.64  mape=0.3215  | FLOOR smape=0.2940
[  23] mean           score= 0.6303 origin=baseline iters=1 stop=
         TEST  smape=0.2875  rmse=7391.8303  pocid=90.91  mape=0.2429  | FLOOR smape=0.2674
[  24] dba            score= 0.6427 origin=baseline iters=1 stop=
         TEST  smape=0.0455  rmse=6840.2111  pocid=81.82  mape=0.0458  | FLOOR smape=0.0455
[  25] dba            score= 0.6615 origin=baseline iters=1 stop=
         TEST  smape=0.1548  rmse=45.6316  pocid=72.73  mape=0.1751  | FLOOR smape=0.1671
[  26] dba            score= 0.7133 origin=baseline iters=1 stop=
         TEST  smape=0.4788  rmse=2048.6199  pocid=36.36  mape=0.3826  | FLOOR smape=0.4658
[  27] dba            score= 0.6792 origin=baseline iters=1 stop=
         TEST  smape=0.3630  rmse=4279.3095  pocid=72.73  mape=0.2981  | FLOOR smape=0.3728
[  28] dba            score= 0.6235 origin=baseline iters=1 stop=
         TEST  smape=0.0403  rmse=7021.0025  pocid=81.82  mape=0.0402  | FLOOR smape=0.0403
[  29] dba            score= 0.6650 origin=baseline iters=1 stop=
         TEST  smape=0.3579  rmse=2833.2894  pocid=54.55  mape=0.2950  | FLOOR smape=0.3579
[  30] dba            score= 0.6622 origin=baseline iters=1 stop=
         TEST  smape=0.1458  rmse=232.5237  pocid=63.64  mape=0.1515  | FLOOR smape=0.1473
[  31] dba            score= 0.7010 origin=baseline iters=1 stop=
         TEST  smape=0.4716  rmse=19.5420  pocid=45.45  mape=0.8433  | FLOOR smape=0.4562
[  32] dba            score= 0.7190 origin=baseline iters=1 stop=
         TEST  smape=1.2684  rmse=333.9989  pocid=63.64  mape=0.7456  | FLOOR smape=1.2541
[  33] dba            score= 0.6562 origin=baseline iters=1 stop=
         TEST  smape=0.0658  rmse=64.9553  pocid=63.64  mape=0.0631  | FLOOR smape=0.0600
[  34] dba            score= 0.6433 origin=baseline iters=1 stop=
         TEST  smape=0.0492  rmse=521.4939  pocid=45.45  mape=0.0492  | FLOOR smape=0.0492
[  35] dba            score= 0.7225 origin=baseline iters=1 stop=
         TEST  smape=0.2025  rmse=97.7828  pocid=54.55  mape=0.2227  | FLOOR smape=0.2042
[  36] dba            score= 0.7580 origin=baseline iters=1 stop=
         TEST  smape=0.0932  rmse=31929.4715  pocid=63.64  mape=0.0990  | FLOOR smape=0.1109
[  37] dba            score= 0.6698 origin=baseline iters=1 stop=
         TEST  smape=0.2132  rmse=62.2974  pocid=54.55  mape=0.2203  | FLOOR smape=0.2102
[  38] dba            score= 0.7039 origin=baseline iters=1 stop=
         TEST  smape=0.4965  rmse=3877.1429  pocid=18.18  mape=0.3909  | FLOOR smape=0.7530
[  39] dba            score= 0.6349 origin=baseline iters=1 stop=
         TEST  smape=0.0379  rmse=4648.6767  pocid=81.82  mape=0.0388  | FLOOR smape=0.0388
[  40] dba            score= 0.6843 origin=baseline iters=1 stop=
         TEST  smape=0.0434  rmse=6872.3492  pocid=72.73  mape=0.0444  | FLOOR smape=0.0417
[  41] mean           score= 0.6485 origin=baseline iters=1 stop=
         TEST  smape=0.1832  rmse=12565.8909  pocid=63.64  mape=0.1666  | FLOOR smape=0.1736
[  42] dba            score= 0.7174 origin=baseline iters=1 stop=
         TEST  smape=0.2885  rmse=6.4123  pocid=63.64  mape=0.3500  | FLOOR smape=0.2940
[  43] dba            score= 0.6516 origin=baseline iters=1 stop=
         TEST  smape=0.0893  rmse=1479.0298  pocid=72.73  mape=0.0882  | FLOOR smape=0.0858
[  44] dba            score= 0.7096 origin=baseline iters=1 stop=
         TEST  smape=0.5946  rmse=5012.4844  pocid=63.64  mape=1.2560  | FLOOR smape=0.5948
[  45] dba            score= 0.6774 origin=baseline iters=1 stop=
         TEST  smape=0.2695  rmse=4879.6834  pocid=63.64  mape=0.2300  | FLOOR smape=0.2695
[  46] dba            score= 0.6958 origin=baseline iters=1 stop=
         TEST  smape=0.1720  rmse=14839.1325  pocid=63.64  mape=0.1720  | FLOOR smape=0.1677
[  47] trimmed_mean   score= 0.6232 origin=baseline iters=1 stop=
         TEST  smape=0.1349  rmse=407.7271  pocid=81.82  mape=0.1508  | FLOOR smape=0.1329
[  48] dba            score= 0.7252 origin=baseline iters=1 stop=
         TEST  smape=0.3284  rmse=381.2694  pocid=36.36  mape=0.2693  | FLOOR smape=0.3216
[  49] dba            score= 0.6288 origin=baseline iters=1 stop=
         TEST  smape=0.2523  rmse=2299.8628  pocid=27.27  mape=0.2116  | FLOOR smape=0.2523
[  50] dba            score= 0.7527 origin=baseline iters=1 stop=
         TEST  smape=0.0921  rmse=73.3496  pocid=72.73  mape=0.0909  | FLOOR smape=0.1063
[  51] dba            score= 0.6584 origin=baseline iters=1 stop=
         TEST  smape=0.1676  rmse=7.7880  pocid=72.73  mape=0.1846  | FLOOR smape=0.1676
[  52] dba            score= 0.6865 origin=baseline iters=1 stop=
         TEST  smape=0.1383  rmse=3240.9697  pocid=72.73  mape=0.1390  | FLOOR smape=0.1344
[  53] dba            score= 0.6614 origin=baseline iters=1 stop=
         TEST  smape=0.0774  rmse=1812.3581  pocid=72.73  mape=0.0743  | FLOOR smape=0.0757
[  54] dba            score= 0.7776 origin=baseline iters=1 stop=
         TEST  smape=0.2888  rmse=1751.5901  pocid=18.18  mape=0.2428  | FLOOR smape=0.2612
[  55] dba            score= 0.4742 origin=baseline iters=1 stop=
         TEST  smape=0.1207  rmse=698.3422  pocid=54.55  mape=0.1114  | FLOOR smape=0.1207
[  56] dba            score= 0.6192 origin=baseline iters=1 stop=
         TEST  smape=0.1774  rmse=363.0823  pocid=54.55  mape=0.1802  | FLOOR smape=0.1550
[  57] dba            score= 0.7292 origin=baseline iters=1 stop=
         TEST  smape=0.3184  rmse=5651.0190  pocid=63.64  mape=0.3074  | FLOOR smape=0.3214
[  58] dba            score= 0.7278 origin=baseline iters=1 stop=
         TEST  smape=0.1433  rmse=71.6616  pocid=45.45  mape=0.1387  | FLOOR smape=0.1508
[  59] dba            score= 0.7257 origin=baseline iters=1 stop=
         TEST  smape=0.2762  rmse=2189.9702  pocid=27.27  mape=0.2382  | FLOOR smape=0.2581
[  60] trimmed_mean   score= 0.6822 origin=baseline iters=1 stop=
         TEST  smape=0.0295  rmse=4327.9360  pocid=81.82  mape=0.0296  | FLOOR smape=0.0323
[  61] trimmed_mean   score= 0.6732 origin=baseline iters=1 stop=
         TEST  smape=0.3069  rmse=7074.1092  pocid=45.45  mape=0.2646  | FLOOR smape=0.3027
[  62] dba            score= 0.6710 origin=baseline iters=1 stop=
         TEST  smape=0.1001  rmse=14267.5998  pocid=36.36  mape=0.1067  | FLOOR smape=0.1001
[  63] dba            score= 0.7294 origin=baseline iters=1 stop=
         TEST  smape=0.2977  rmse=4225.8622  pocid=36.36  mape=0.2572  | FLOOR smape=0.2984
[  64] dba            score= 0.6866 origin=baseline iters=1 stop=
         TEST  smape=0.4812  rmse=29.8296  pocid=63.64  mape=0.6829  | FLOOR smape=0.4520
[  65] trimmed_mean   score= 0.5831 origin=baseline iters=1 stop=
         TEST  smape=0.1016  rmse=9227.9017  pocid=72.73  mape=0.1087  | FLOOR smape=0.1016
[  66] dba            score= 0.7179 origin=baseline iters=1 stop=
         TEST  smape=0.4430  rmse=25282.8407  pocid=54.55  mape=0.7563  | FLOOR smape=0.4457
[  67] dba            score= 0.6648 origin=baseline iters=1 stop=
         TEST  smape=0.0473  rmse=932.8979  pocid=54.55  mape=0.0487  | FLOOR smape=0.0473
[  68] dba            score= 0.6696 origin=baseline iters=1 stop=
         TEST  smape=0.1436  rmse=9776.6134  pocid=72.73  mape=0.1567  | FLOOR smape=0.1450
[  69] dba            score= 0.6912 origin=baseline iters=1 stop=
         TEST  smape=1.0045  rmse=1634.3333  pocid=63.64  mape=1.6722  | FLOOR smape=0.9523
[  70] dba            score= 0.7492 origin=baseline iters=1 stop=
         TEST  smape=0.1565  rmse=6828.4469  pocid=36.36  mape=0.1424  | FLOOR smape=0.1397
[  71] dba            score= 0.7145 origin=baseline iters=1 stop=
         TEST  smape=0.2098  rmse=6422.0015  pocid=63.64  mape=0.1827  | FLOOR smape=0.2199
[  72] dba            score= 0.6517 origin=baseline iters=1 stop=
         TEST  smape=0.0342  rmse=11665.6296  pocid=36.36  mape=0.0342  | FLOOR smape=0.0342
[  73] mean           score= 0.6485 origin=baseline iters=1 stop=
         TEST  smape=0.0753  rmse=34472.1355  pocid=81.82  mape=0.0798  | FLOOR smape=0.0870
[  74] dba            score= 0.7109 origin=baseline iters=1 stop=
         TEST  smape=0.1011  rmse=5815.3008  pocid=72.73  mape=0.1076  | FLOOR smape=0.1027
[  75] dba            score= 0.6619 origin=baseline iters=1 stop=
         TEST  smape=0.0734  rmse=1076.9248  pocid=72.73  mape=0.0733  | FLOOR smape=0.0775
[  76] dba            score= 0.6589 origin=baseline iters=1 stop=
         TEST  smape=0.0409  rmse=10175.8036  pocid=72.73  mape=0.0410  | FLOOR smape=0.0412
[  77] dba            score= 0.7171 origin=baseline iters=1 stop=
         TEST  smape=1.2892  rmse=1620.2295  pocid=54.55  mape=10.5937  | FLOOR smape=1.1166
[  78] dba            score= 0.7420 origin=baseline iters=1 stop=
         TEST  smape=0.3975  rmse=25.9473  pocid=54.55  mape=0.6149  | FLOOR smape=0.3944
[  79] dba            score= 0.7440 origin=baseline iters=1 stop=
         TEST  smape=0.0784  rmse=24030.8895  pocid=63.64  mape=0.0826  | FLOOR smape=0.0659
[  80] dba            score= 0.6402 origin=baseline iters=1 stop=
         TEST  smape=0.2420  rmse=20118.8607  pocid=27.27  mape=0.2147  | FLOOR smape=0.2088
[  81] dba            score= 0.7480 origin=baseline iters=1 stop=
         TEST  smape=0.2980  rmse=1358.1278  pocid=54.55  mape=0.3542  | FLOOR smape=0.2884
[  82] trimmed_mean   score= 0.6541 origin=baseline iters=1 stop=
         TEST  smape=0.4056  rmse=17.6769  pocid=36.36  mape=0.4533  | FLOOR smape=0.4143
[  83] dba            score= 0.6201 origin=baseline iters=1 stop=
         TEST  smape=0.0401  rmse=3073.0864  pocid=72.73  mape=0.0412  | FLOOR smape=0.0401
[  84] dba            score= 0.6820 origin=baseline iters=1 stop=
         TEST  smape=0.0407  rmse=1791.0325  pocid=81.82  mape=0.0418  | FLOOR smape=0.0389
[  85] dba            score= 0.7379 origin=baseline iters=1 stop=
         TEST  smape=1.3573  rmse=47.7105  pocid=72.73  mape=65514811240175936.0000  | FLOOR smape=1.3540
[  86] dba            score= 0.7390 origin=baseline iters=1 stop=
         TEST  smape=0.7212  rmse=2464.7247  pocid=63.64  mape=0.5407  | FLOOR smape=0.6998
[  87] dba            score= 0.6923 origin=baseline iters=1 stop=
         TEST  smape=0.0459  rmse=7254.9574  pocid=72.73  mape=0.0460  | FLOOR smape=0.0439
[  88] dba            score= 0.6703 origin=baseline iters=1 stop=
         TEST  smape=0.1916  rmse=3807.5413  pocid=72.73  mape=0.1705  | FLOOR smape=0.2286
[  89] dba            score= 0.6878 origin=baseline iters=1 stop=
         TEST  smape=0.3970  rmse=3981.1228  pocid=18.18  mape=0.4583  | FLOOR smape=0.3305
[  90] dba            score= 0.6976 origin=baseline iters=1 stop=
         TEST  smape=0.9551  rmse=836.1925  pocid=54.55  mape=0.6177  | FLOOR smape=0.9555
[  91] dba            score= 0.6106 origin=baseline iters=1 stop=
         TEST  smape=0.0423  rmse=848.1501  pocid=63.64  mape=0.0436  | FLOOR smape=0.0423
[  92] trimmed_mean   score= 0.5782 origin=baseline iters=1 stop=
         TEST  smape=0.6326  rmse=19.1993  pocid=27.27  mape=10536583395089180.0000  | FLOOR smape=0.6326
[  93] dba            score= 0.8564 origin=baseline iters=1 stop=
         TEST  smape=0.5597  rmse=45.6471  pocid=63.64  mape=0.4250  | FLOOR smape=0.5194
[  94] trimmed_mean   score= 0.7934 origin=baseline iters=1 stop=
         TEST  smape=0.0361  rmse=4122.9701  pocid=81.82  mape=0.0365  | FLOOR smape=0.0383
[  95] dba            score= 0.6645 origin=baseline iters=1 stop=
         TEST  smape=0.0380  rmse=1806.7226  pocid=81.82  mape=0.0385  | FLOOR smape=0.0354
[  96] trimmed_mean   score= 0.5165 origin=baseline iters=1 stop=
         TEST  smape=0.0448  rmse=2868.2214  pocid=63.64  mape=0.0463  | FLOOR smape=0.0448
[  97] dba            score= 0.7292 origin=baseline iters=1 stop=
         TEST  smape=0.0454  rmse=818.7063  pocid=72.73  mape=0.0478  | FLOOR smape=0.0405
[  98] dba            score= 0.7056 origin=baseline iters=1 stop=
         TEST  smape=0.3019  rmse=21.3449  pocid=54.55  mape=0.3940  | FLOOR smape=0.2995
[  99] dba            score= 0.6373 origin=baseline iters=1 stop=
         TEST  smape=0.0572  rmse=23571.2345  pocid=63.64  mape=0.0586  | FLOOR smape=0.0572
[ 100] dba            score= 0.6994 origin=baseline iters=1 stop=
         TEST  smape=0.1278  rmse=1913.4253  pocid=36.36  mape=0.1222  | FLOOR smape=0.1284
[ 101] trimmed_mean   score= 0.5471 origin=baseline iters=1 stop=
         TEST  smape=0.4370  rmse=1780.5711  pocid=27.27  mape=0.3534  | FLOOR smape=0.4370
[ 102] dba            score= 0.6852 origin=baseline iters=1 stop=
         TEST  smape=0.4799  rmse=11276.4660  pocid=72.73  mape=0.3680  | FLOOR smape=0.4447
[ 103] dba            score= 0.6046 origin=baseline iters=1 stop=
         TEST  smape=0.0321  rmse=9398.5439  pocid=72.73  mape=0.0322  | FLOOR smape=0.0321
[ 104] trimmed_mean   score= 0.4943 origin=baseline iters=1 stop=
         TEST  smape=0.6110  rmse=5.9743  pocid=45.45  mape=12835260231718520.0000  | FLOOR smape=0.6929
[ 105] trimmed_mean   score= 0.6709 origin=baseline iters=1 stop=
         TEST  smape=0.0380  rmse=327.5712  pocid=63.64  mape=0.0377  | FLOOR smape=0.0380
[ 106] dba            score= 0.6544 origin=baseline iters=1 stop=
         TEST  smape=0.0361  rmse=129.1476  pocid=72.73  mape=0.0351  | FLOOR smape=0.0383
[ 107] dba            score= 0.6250 origin=baseline iters=1 stop=
         TEST  smape=0.0475  rmse=1267.2598  pocid=63.64  mape=0.0466  | FLOOR smape=0.0479
[ 108] dba            score= 0.6385 origin=baseline iters=1 stop=
         TEST  smape=0.0304  rmse=1461.3019  pocid=81.82  mape=0.0296  | FLOOR smape=0.0252
[ 109] dba            score= 0.6458 origin=baseline iters=1 stop=
         TEST  smape=0.0321  rmse=2997.7601  pocid=63.64  mape=0.0324  | FLOOR smape=0.0301
[ 110] dba            score= 0.6855 origin=baseline iters=1 stop=
         TEST  smape=0.0867  rmse=21467.5359  pocid=54.55  mape=0.0831  | FLOOR smape=0.0561
[ 111] dba            score= 0.7203 origin=baseline iters=1 stop=
         TEST  smape=0.2272  rmse=31.4569  pocid=54.55  mape=0.2524  | FLOOR smape=0.2334
[ 112] dba            score= 0.6572 origin=baseline iters=1 stop=
         TEST  smape=0.0372  rmse=54044.5468  pocid=90.91  mape=0.0375  | FLOOR smape=0.0412
[ 113] trimmed_mean   score= 0.7091 origin=baseline iters=1 stop=
         TEST  smape=0.1794  rmse=49.8656  pocid=63.64  mape=0.1958  | FLOOR smape=0.1842
[ 114] dba            score= 0.6778 origin=baseline iters=1 stop=
         TEST  smape=0.0478  rmse=1120.4805  pocid=18.18  mape=0.0474  | FLOOR smape=0.0493
[ 115] dba            score= 0.6974 origin=baseline iters=1 stop=
         TEST  smape=0.6079  rmse=27.6523  pocid=36.36  mape=13722187495279272.0000  | FLOOR smape=0.5585
[ 116] dba            score= 0.6241 origin=baseline iters=1 stop=
         TEST  smape=0.0525  rmse=22486.6578  pocid=72.73  mape=0.0519  | FLOOR smape=0.0569
[ 117] dba            score= 0.6367 origin=baseline iters=1 stop=
         TEST  smape=0.0344  rmse=602.2046  pocid=54.55  mape=0.0347  | FLOOR smape=0.0371
[ 118] dba            score= 0.6719 origin=baseline iters=1 stop=
         TEST  smape=0.0437  rmse=13580.6499  pocid=63.64  mape=0.0424  | FLOOR smape=0.0440
[ 119] trimmed_mean   score= 0.6348 origin=baseline iters=1 stop=
         TEST  smape=0.4791  rmse=5860.1553  pocid=63.64  mape=0.3762  | FLOOR smape=0.4791
[ 120] dba            score= 0.6393 origin=baseline iters=1 stop=
         TEST  smape=0.0355  rmse=11542.8984  pocid=45.45  mape=0.0355  | FLOOR smape=0.0351
[ 121] dba            score= 0.6458 origin=baseline iters=1 stop=
         TEST  smape=0.0674  rmse=2673.4767  pocid=54.55  mape=0.0646  | FLOOR smape=0.0688
[ 122] dba            score= 0.6330 origin=baseline iters=1 stop=
         TEST  smape=0.0497  rmse=7480.9735  pocid=63.64  mape=0.0479  | FLOOR smape=0.0575
[ 123] dba            score= 0.6112 origin=baseline iters=1 stop=
         TEST  smape=0.0373  rmse=546.9746  pocid=90.91  mape=0.0376  | FLOOR smape=0.0373
[ 124] dba            score= 0.7344 origin=baseline iters=1 stop=
         TEST  smape=0.2631  rmse=12.4904  pocid=45.45  mape=0.2954  | FLOOR smape=0.2624
[ 125] mean           score= 0.7050 origin=baseline iters=1 stop=
         TEST  smape=0.2814  rmse=22.0990  pocid=72.73  mape=0.5605  | FLOOR smape=0.2661
[ 126] dba            score= 0.7404 origin=baseline iters=1 stop=
         TEST  smape=0.6021  rmse=6.9793  pocid=54.55  mape=3.5302  | FLOOR smape=0.6310
[ 127] dba            score= 0.6225 origin=baseline iters=1 stop=
         TEST  smape=0.0354  rmse=12315.4831  pocid=81.82  mape=0.0356  | FLOOR smape=0.0395
[ 128] trimmed_mean   score= 0.6180 origin=baseline iters=1 stop=
         TEST  smape=0.0374  rmse=342.0201  pocid=27.27  mape=0.0374  | FLOOR smape=0.0360
[ 129] dba            score= 0.6253 origin=baseline iters=1 stop=
         TEST  smape=0.0360  rmse=3776.8542  pocid=72.73  mape=0.0360  | FLOOR smape=0.0366
[ 130] dba            score= 0.7093 origin=baseline iters=1 stop=
         TEST  smape=0.0450  rmse=2163.3677  pocid=90.91  mape=0.0438  | FLOOR smape=0.0515
[ 131] dba            score= 0.6167 origin=baseline iters=1 stop=
         TEST  smape=0.0827  rmse=3956.1218  pocid=81.82  mape=0.0787  | FLOOR smape=0.0832
[ 132] dba            score= 0.7737 origin=baseline iters=1 stop=
         TEST  smape=0.2862  rmse=13.1129  pocid=36.36  mape=0.3001  | FLOOR smape=0.2510
[ 133] trimmed_mean   score= 0.6919 origin=baseline iters=1 stop=
         TEST  smape=0.1785  rmse=54.3931  pocid=27.27  mape=0.1949  | FLOOR smape=0.1799
[ 134] dba            score= 0.6576 origin=baseline iters=1 stop=
         TEST  smape=0.0679  rmse=4244.9297  pocid=45.45  mape=0.0662  | FLOOR smape=0.0679
[ 135] trimmed_mean   score= 0.6343 origin=baseline iters=1 stop=
         TEST  smape=0.4567  rmse=13.4678  pocid=27.27  mape=0.7445  | FLOOR smape=0.4553
[ 136] trimmed_mean   score= 0.6526 origin=baseline iters=1 stop=
         TEST  smape=0.0457  rmse=1560.6440  pocid=72.73  mape=0.0443  | FLOOR smape=0.0479
[ 137] dba            score= 0.6964 origin=baseline iters=1 stop=
         TEST  smape=0.0615  rmse=6154.2763  pocid=72.73  mape=0.0593  | FLOOR smape=0.0661
[ 138] dba            score= 0.7151 origin=baseline iters=1 stop=
         TEST  smape=0.6058  rmse=1220.7291  pocid=36.36  mape=0.4600  | FLOOR smape=0.5755
[ 139] trimmed_mean   score= 0.5851 origin=baseline iters=1 stop=
         TEST  smape=0.0344  rmse=98.9821  pocid=81.82  mape=0.0340  | FLOOR smape=0.0340
[ 140] dba            score= 0.6350 origin=baseline iters=1 stop=
         TEST  smape=0.0470  rmse=3742.1444  pocid=72.73  mape=0.0475  | FLOOR smape=0.0461
[ 141] dba            score= 0.7669 origin=baseline iters=1 stop=
         TEST  smape=0.3066  rmse=13.5674  pocid=45.45  mape=0.2590  | FLOOR smape=0.3280
[ 142] dba            score= 0.6628 origin=baseline iters=1 stop=
         TEST  smape=0.0693  rmse=4203.4026  pocid=63.64  mape=0.0661  | FLOOR smape=0.0688
[ 143] dba            score= 0.7114 origin=baseline iters=1 stop=
         TEST  smape=0.6515  rmse=5107.0966  pocid=72.73  mape=0.4875  | FLOOR smape=0.6512
[ 144] dba            score= 0.5939 origin=baseline iters=1 stop=
         TEST  smape=0.0596  rmse=6823.5719  pocid=81.82  mape=0.0576  | FLOOR smape=0.0574
[ 145] dba            score= 0.7032 origin=baseline iters=1 stop=
         TEST  smape=0.1365  rmse=32.3121  pocid=54.55  mape=0.1540  | FLOOR smape=0.1305
[ 146] dba            score= 0.6604 origin=baseline iters=1 stop=
         TEST  smape=0.0685  rmse=14063.5674  pocid=72.73  mape=0.0695  | FLOOR smape=0.0636
[ 147] dba            score= 0.6255 origin=baseline iters=1 stop=
         TEST  smape=0.0730  rmse=2530.9190  pocid=90.91  mape=0.0729  | FLOOR smape=0.0712
[ 148] dba            score= 0.6743 origin=baseline iters=1 stop=
         TEST  smape=0.0427  rmse=166.9447  pocid=100.00  mape=0.0418  | FLOOR smape=0.0454
[ 149] dba            score= 0.6525 origin=baseline iters=1 stop=
         TEST  smape=0.6712  rmse=16730.0623  pocid=54.55  mape=0.4969  | FLOOR smape=0.6712
[ 150] dba            score= 0.6017 origin=baseline iters=1 stop=
         TEST  smape=0.0311  rmse=780.9135  pocid=63.64  mape=0.0310  | FLOOR smape=0.0311
[ 151] mean           score= 0.6545 origin=baseline iters=1 stop=
         TEST  smape=0.0413  rmse=2520.7227  pocid=63.64  mape=0.0404  | FLOOR smape=0.0417
[ 152] trimmed_mean   score= 0.6171 origin=baseline iters=1 stop=
         TEST  smape=0.0434  rmse=787.2295  pocid=72.73  mape=0.0422  | FLOOR smape=0.0434
[ 153] dba            score= 0.6137 origin=baseline iters=1 stop=
         TEST  smape=0.0377  rmse=31700.4026  pocid=72.73  mape=0.0371  | FLOOR smape=0.0341
[ 154] dba            score= 0.6900 origin=baseline iters=1 stop=
         TEST  smape=0.3681  rmse=9632.1124  pocid=81.82  mape=0.3089  | FLOOR smape=0.2957
[ 155] dba            score= 0.7057 origin=baseline iters=1 stop=
         TEST  smape=0.1161  rmse=19.4555  pocid=54.55  mape=0.1212  | FLOOR smape=0.1033
[ 156] dba            score= 0.7073 origin=baseline iters=1 stop=
         TEST  smape=0.1338  rmse=15.2170  pocid=54.55  mape=0.1302  | FLOOR smape=0.1226
[ 157] dba            score= 0.7053 origin=baseline iters=1 stop=
         TEST  smape=0.3550  rmse=1212.9974  pocid=81.82  mape=0.2921  | FLOOR smape=0.3502
[ 158] dba            score= 0.6184 origin=baseline iters=1 stop=
         TEST  smape=0.0382  rmse=724.1764  pocid=72.73  mape=0.0374  | FLOOR smape=0.0414
[ 159] dba            score= 0.6381 origin=baseline iters=1 stop=
         TEST  smape=0.0638  rmse=21825.7881  pocid=100.00  mape=0.0623  | FLOOR smape=0.0507
[ 160] dba            score= 0.6697 origin=baseline iters=1 stop=
         TEST  smape=0.1737  rmse=1187.7709  pocid=72.73  mape=0.1556  | FLOOR smape=0.1737
[ 161] dba            score= 0.6515 origin=baseline iters=1 stop=
         TEST  smape=0.0747  rmse=33585.9687  pocid=72.73  mape=0.0724  | FLOOR smape=0.0798
[ 162] dba            score= 0.6645 origin=baseline iters=1 stop=
         TEST  smape=0.0649  rmse=5910.2261  pocid=72.73  mape=0.0664  | FLOOR smape=0.0649
[ 163] dba            score= 0.6248 origin=baseline iters=1 stop=
         TEST  smape=0.0454  rmse=6036.6702  pocid=72.73  mape=0.0455  | FLOOR smape=0.0479
[ 164] dba            score= 0.6458 origin=baseline iters=1 stop=
         TEST  smape=0.0406  rmse=2585.7250  pocid=63.64  mape=0.0394  | FLOOR smape=0.0406
[ 165] dba            score= 0.6277 origin=baseline iters=1 stop=
         TEST  smape=0.0466  rmse=32231.2217  pocid=63.64  mape=0.0466  | FLOOR smape=0.0492
[ 166] trimmed_mean   score= 0.5948 origin=baseline iters=1 stop=
         TEST  smape=0.0343  rmse=737.0073  pocid=63.64  mape=0.0336  | FLOOR smape=0.0343
[ 167] dba            score= 0.7082 origin=baseline iters=1 stop=
         TEST  smape=0.3366  rmse=38.2136  pocid=45.45  mape=0.4045  | FLOOR smape=0.3503
[ 168] dba            score= 0.6103 origin=baseline iters=1 stop=
         TEST  smape=0.0435  rmse=11939.7995  pocid=45.45  mape=0.0427  | FLOOR smape=0.0418
[ 169] dba            score= 0.6860 origin=baseline iters=1 stop=
         TEST  smape=0.0908  rmse=4171.6862  pocid=45.45  mape=0.0839  | FLOOR smape=0.0866
[ 170] dba            score= 0.5847 origin=baseline iters=1 stop=
         TEST  smape=0.0423  rmse=2313.6036  pocid=63.64  mape=0.0417  | FLOOR smape=0.0484
[ 171] dba            score= 0.6288 origin=baseline iters=1 stop=
         TEST  smape=0.0590  rmse=3120.9711  pocid=81.82  mape=0.0566  | FLOOR smape=0.0590
[ 172] dba            score= 0.7468 origin=baseline iters=1 stop=
         TEST  smape=0.1246  rmse=276.8672  pocid=54.55  mape=0.1210  | FLOOR smape=0.1332
[ 173] dba            score= 0.6968 origin=baseline iters=1 stop=
         TEST  smape=0.2017  rmse=254.4435  pocid=63.64  mape=0.1834  | FLOOR smape=0.2018
[ 174] trimmed_mean   score= 0.6780 origin=baseline iters=1 stop=
         TEST  smape=0.0567  rmse=1132.9261  pocid=63.64  mape=0.0543  | FLOOR smape=0.0549
[ 175] trimmed_mean   score= 0.6151 origin=baseline iters=1 stop=
         TEST  smape=0.0325  rmse=592.4921  pocid=81.82  mape=0.0326  | FLOOR smape=0.0319
[ 176] dba            score= 0.6835 origin=baseline iters=1 stop=
         TEST  smape=0.1344  rmse=7492.3431  pocid=54.55  mape=0.1243  | FLOOR smape=0.1105
[ 177] dba            score= 0.7823 origin=baseline iters=1 stop=
         TEST  smape=0.2377  rmse=2306.9234  pocid=63.64  mape=0.2018  | FLOOR smape=0.2371
[ 178] dba            score= 0.7078 origin=baseline iters=1 stop=
         TEST  smape=0.2115  rmse=47.4688  pocid=45.45  mape=0.1977  | FLOOR smape=0.2115
[ 179] trimmed_mean   score= 0.6929 origin=baseline iters=1 stop=
         TEST  smape=0.1072  rmse=32.1255  pocid=54.55  mape=0.0999  | FLOOR smape=0.1076
[ 180] dba            score= 0.6841 origin=baseline iters=1 stop=
         TEST  smape=0.1183  rmse=16630.1081  pocid=100.00  mape=0.1111  | FLOOR smape=0.0995
[ 181] dba            score= 0.6373 origin=baseline iters=1 stop=
         TEST  smape=0.0357  rmse=3302.7145  pocid=63.64  mape=0.0366  | FLOOR smape=0.0417
--------------------------------------------------------------------------
done in 100.7s | ok: 182 | failed: 0
DATASET SUMMARY over 182 series (mean across series):
  this run   smape=0.2238  rmse=6390.3676  pocid=61.14  mape=2347913455520708.0000  mae=5523.4908
  baseline   smape=0.2212  rmse=6361.3526  pocid=62.14  mape=1839764113501077.5000  <- this run is WORSE than the seed floor
  mean       smape=0.2206  rmse=6315.3736  pocid=61.89  mape=2069887256147612.2500
  median     smape=0.2194  rmse=6388.0611  pocid=61.94  mape=1847438750372403.0000
  dba        smape=0.2252  rmse=6398.3966  pocid=60.54  mape=2360707168394951.5000  <- this run is better
  ADE        smape=0.2177  rmse=6137.6834  pocid=62.39  mape=2082486066574125.0000
  FFORMA     smape=0.2166  rmse=6035.2411  pocid=65.13  mape=2022245026195087.0000
csv: ./timeseries/mestrado/resultados/orchestrator_laya_laya_v4_hybrid/ANP_MONTHLY.csv
dataset      : NN5_WEEKLY_DATASET
source       : nn5_weekly_dataset.tsf
models       : 19
agent        : laya-multilingual (max_len=8192)
writing to   : ./timeseries/mestrado/resultados/orchestrator_laya_laya_v4_hybrid
--------------------------------------------------------------------------
Fetching 5 files:   0%|          | 0/5 [00:00<?, ?it/s]Fetching 5 files: 100%|██████████| 5/5 [00:00<00:00, 2503.76it/s]
[   0] trimmed_mean   score= 0.6776 origin=baseline iters=1 stop=
         TEST  smape=0.0422  rmse=14.3569  pocid=14.29  mape=0.0411  | FLOOR smape=0.0422
[   1] dba            score= 0.7332 origin=baseline iters=1 stop=
         TEST  smape=0.0966  rmse=14.5611  pocid=28.57  mape=0.0926  | FLOOR smape=0.1090
[   2] trimmed_mean   score= 0.6576 origin=baseline iters=1 stop=
         TEST  smape=0.0693  rmse=16.0895  pocid=42.86  mape=0.0696  | FLOOR smape=0.0697
[   3] dba            score= 0.7144 origin=baseline iters=1 stop=
         TEST  smape=0.0826  rmse=16.0588  pocid=28.57  mape=0.0857  | FLOOR smape=0.0826
[   4] dba            score= 0.7123 origin=baseline iters=1 stop=
         TEST  smape=0.1024  rmse=24.3240  pocid=28.57  mape=0.0943  | FLOOR smape=0.0998
[   5] dba            score= 0.6834 origin=baseline iters=1 stop=
         TEST  smape=0.1078  rmse=18.6496  pocid=42.86  mape=0.1182  | FLOOR smape=0.1078
[   6] dba            score= 0.6662 origin=baseline iters=1 stop=
         TEST  smape=0.0994  rmse=17.9932  pocid=57.14  mape=0.0951  | FLOOR smape=0.1187
[   7] dba            score= 0.7502 origin=baseline iters=1 stop=
         TEST  smape=0.1289  rmse=19.6303  pocid=42.86  mape=0.1367  | FLOOR smape=0.1228
[   8] dba            score= 0.6415 origin=baseline iters=1 stop=
         TEST  smape=0.1042  rmse=7.4097  pocid=57.14  mape=0.1132  | FLOOR smape=0.1042
[   9] dba            score= 0.8155 origin=baseline iters=1 stop=
         TEST  smape=0.1040  rmse=17.6765  pocid=28.57  mape=0.0997  | FLOOR smape=0.1040
[  10] dba            score= 0.5977 origin=baseline iters=1 stop=
         TEST  smape=0.1199  rmse=21.0343  pocid=71.43  mape=0.1162  | FLOOR smape=0.1199
[  11] dba            score= 0.7107 origin=baseline iters=1 stop=
         TEST  smape=0.1652  rmse=19.8201  pocid=28.57  mape=0.1552  | FLOOR smape=0.1394
[  12] dba            score= 0.6867 origin=baseline iters=1 stop=
         TEST  smape=0.1401  rmse=22.3817  pocid=28.57  mape=0.1332  | FLOOR smape=0.1194
[  13] dba            score= 0.7571 origin=baseline iters=1 stop=
         TEST  smape=0.0917  rmse=13.5552  pocid=42.86  mape=0.0899  | FLOOR smape=0.0794
[  14] dba            score= 0.7033 origin=baseline iters=1 stop=
         TEST  smape=0.0831  rmse=12.5426  pocid=42.86  mape=0.0810  | FLOOR smape=0.0704
[  15] dba            score= 0.7119 origin=baseline iters=1 stop=
         TEST  smape=0.0656  rmse=12.9613  pocid=57.14  mape=0.0629  | FLOOR smape=0.0618
[  16] dba            score= 0.7105 origin=baseline iters=1 stop=
         TEST  smape=0.1042  rmse=18.9987  pocid=57.14  mape=0.1099  | FLOOR smape=0.1198
[  17] dba            score= 0.6852 origin=baseline iters=1 stop=
         TEST  smape=0.0688  rmse=14.0639  pocid=57.14  mape=0.0729  | FLOOR smape=0.0593
[  18] dba            score= 0.7300 origin=baseline iters=1 stop=
         TEST  smape=0.0543  rmse=15.6692  pocid=28.57  mape=0.0581  | FLOOR smape=0.0528
[  19] mean           score= 0.7619 origin=baseline iters=1 stop=
         TEST  smape=0.0800  rmse=13.4387  pocid=85.71  mape=0.0750  | FLOOR smape=0.0718
[  20] dba            score= 0.7435 origin=baseline iters=1 stop=
         TEST  smape=0.0945  rmse=12.2989  pocid=85.71  mape=0.0951  | FLOOR smape=0.0908
[  21] dba            score= 0.7324 origin=baseline iters=1 stop=
         TEST  smape=0.0731  rmse=11.4790  pocid=42.86  mape=0.0694  | FLOOR smape=0.0713
[  22] dba            score= 0.7076 origin=baseline iters=1 stop=
         TEST  smape=0.1571  rmse=13.7031  pocid=85.71  mape=0.1457  | FLOOR smape=0.1238
[  23] dba            score= 0.6808 origin=baseline iters=1 stop=
         TEST  smape=0.1777  rmse=43.3134  pocid=42.86  mape=0.2090  | FLOOR smape=0.1646
[  24] dba            score= 0.8023 origin=baseline iters=1 stop=
         TEST  smape=0.0568  rmse=9.3756  pocid=85.71  mape=0.0574  | FLOOR smape=0.0586
[  25] dba            score= 0.8503 origin=baseline iters=1 stop=
         TEST  smape=0.1500  rmse=21.4879  pocid=28.57  mape=0.1465  | FLOOR smape=0.1342
[  26] dba            score= 0.6787 origin=baseline iters=1 stop=
         TEST  smape=0.1152  rmse=8.1272  pocid=71.43  mape=0.1212  | FLOOR smape=0.1354
[  27] dba            score= 0.6899 origin=baseline iters=1 stop=
         TEST  smape=0.1278  rmse=17.6417  pocid=57.14  mape=0.1243  | FLOOR smape=0.1222
[  28] dba            score= 0.7064 origin=baseline iters=1 stop=
         TEST  smape=0.1025  rmse=23.8426  pocid=14.29  mape=0.1084  | FLOOR smape=0.1011
[  29] dba            score= 0.7490 origin=baseline iters=1 stop=
         TEST  smape=0.1913  rmse=26.4806  pocid=57.14  mape=0.2337  | FLOOR smape=0.1508
[  30] dba            score= 0.7061 origin=baseline iters=1 stop=
         TEST  smape=0.0746  rmse=10.5863  pocid=42.86  mape=0.0749  | FLOOR smape=0.0645
[  31] dba            score= 0.7394 origin=baseline iters=1 stop=
         TEST  smape=0.1789  rmse=27.0319  pocid=42.86  mape=0.2024  | FLOOR smape=0.1713
[  32] dba            score= 0.6803 origin=baseline iters=1 stop=
         TEST  smape=0.1748  rmse=30.3992  pocid=28.57  mape=0.1634  | FLOOR smape=0.1696
[  33] dba            score= 0.6563 origin=baseline iters=1 stop=
         TEST  smape=0.1102  rmse=31.9655  pocid=14.29  mape=0.1074  | FLOOR smape=0.0941
[  34] dba            score= 0.7178 origin=baseline iters=1 stop=
         TEST  smape=0.0863  rmse=14.0509  pocid=57.14  mape=0.0896  | FLOOR smape=0.0927
[  35] dba            score= 0.7648 origin=baseline iters=1 stop=
         TEST  smape=0.0896  rmse=8.6909  pocid=42.86  mape=0.0957  | FLOOR smape=0.0974
[  36] dba            score= 0.7143 origin=baseline iters=1 stop=
         TEST  smape=0.2560  rmse=35.4063  pocid=42.86  mape=0.2538  | FLOOR smape=0.2612
[  37] dba            score= 0.6398 origin=baseline iters=1 stop=
         TEST  smape=0.0559  rmse=15.3509  pocid=42.86  mape=0.0547  | FLOOR smape=0.0559
[  38] dba            score= 0.6733 origin=baseline iters=1 stop=
         TEST  smape=0.0889  rmse=12.9186  pocid=57.14  mape=0.0881  | FLOOR smape=0.0663
[  39] dba            score= 0.7606 origin=baseline iters=1 stop=
         TEST  smape=0.1351  rmse=19.4242  pocid=42.86  mape=0.1301  | FLOOR smape=0.1228
[  40] dba            score= 0.6695 origin=baseline iters=1 stop=
         TEST  smape=0.1200  rmse=18.1039  pocid=14.29  mape=0.1215  | FLOOR smape=0.1226
[  41] trimmed_mean   score= 0.7374 origin=baseline iters=1 stop=
         TEST  smape=0.0696  rmse=11.3808  pocid=57.14  mape=0.0704  | FLOOR smape=0.0725
[  42] mean           score= 0.6762 origin=baseline iters=1 stop=
         TEST  smape=0.1015  rmse=21.1876  pocid=71.43  mape=0.1081  | FLOOR smape=0.0986
[  43] dba            score= 0.7027 origin=baseline iters=1 stop=
         TEST  smape=0.0532  rmse=10.2027  pocid=85.71  mape=0.0527  | FLOOR smape=0.0538
[  44] dba            score= 0.7244 origin=baseline iters=1 stop=
         TEST  smape=0.1209  rmse=21.6011  pocid=14.29  mape=0.1497  | FLOOR smape=0.1146
[  45] dba            score= 0.7021 origin=baseline iters=1 stop=
         TEST  smape=0.1400  rmse=18.8955  pocid=57.14  mape=0.1297  | FLOOR smape=0.1306
[  46] dba            score= 0.7454 origin=baseline iters=1 stop=
         TEST  smape=0.1163  rmse=32.5003  pocid=57.14  mape=0.1088  | FLOOR smape=0.0421
[  47] dba            score= 0.7140 origin=baseline iters=1 stop=
         TEST  smape=0.1693  rmse=31.8506  pocid=28.57  mape=0.1665  | FLOOR smape=0.1546
[  48] dba            score= 0.7001 origin=baseline iters=1 stop=
         TEST  smape=0.0906  rmse=17.4194  pocid=42.86  mape=0.0903  | FLOOR smape=0.1015
[  49] dba            score= 0.6496 origin=baseline iters=1 stop=
         TEST  smape=0.1217  rmse=21.3199  pocid=71.43  mape=0.1175  | FLOOR smape=0.1144
[  50] dba            score= 0.7059 origin=baseline iters=1 stop=
         TEST  smape=0.1268  rmse=20.7675  pocid=42.86  mape=0.1215  | FLOOR smape=0.1268
[  51] dba            score= 0.7420 origin=baseline iters=1 stop=
         TEST  smape=0.0987  rmse=30.0251  pocid=57.14  mape=0.0931  | FLOOR smape=0.0896
[  52] dba            score= 0.6809 origin=baseline iters=1 stop=
         TEST  smape=0.0813  rmse=7.7770  pocid=85.71  mape=0.0782  | FLOOR smape=0.0821
[  53] dba            score= 0.7396 origin=baseline iters=1 stop=
         TEST  smape=0.1467  rmse=20.0322  pocid=14.29  mape=0.1465  | FLOOR smape=0.1175
[  54] trimmed_mean   score= 0.6999 origin=baseline iters=1 stop=
         TEST  smape=0.0587  rmse=6.3736  pocid=28.57  mape=0.0608  | FLOOR smape=0.0587
[  55] dba            score= 0.7291 origin=baseline iters=1 stop=
         TEST  smape=0.1490  rmse=17.1603  pocid=42.86  mape=0.1559  | FLOOR smape=0.1519
[  56] dba            score= 0.6816 origin=baseline iters=1 stop=
         TEST  smape=0.0850  rmse=12.7844  pocid=71.43  mape=0.0878  | FLOOR smape=0.0754
[  57] dba            score= 0.6715 origin=baseline iters=1 stop=
         TEST  smape=0.1424  rmse=24.0468  pocid=14.29  mape=0.1313  | FLOOR smape=0.0757
[  58] dba            score= 0.7249 origin=baseline iters=1 stop=
         TEST  smape=0.1762  rmse=18.3331  pocid=71.43  mape=0.1799  | FLOOR smape=0.1799
[  59] dba            score= 0.7193 origin=baseline iters=1 stop=
         TEST  smape=0.2018  rmse=26.7886  pocid=71.43  mape=0.2307  | FLOOR smape=0.1932
[  60] trimmed_mean   score= 0.6843 origin=baseline iters=1 stop=
         TEST  smape=0.0604  rmse=9.2516  pocid=14.29  mape=0.0638  | FLOOR smape=0.0564
[  61] dba            score= 0.7763 origin=baseline iters=1 stop=
         TEST  smape=0.1293  rmse=21.4120  pocid=0.00  mape=0.1382  | FLOOR smape=0.1226
[  62] trimmed_mean   score= 0.7441 origin=baseline iters=1 stop=
         TEST  smape=0.0680  rmse=10.4272  pocid=71.43  mape=0.0745  | FLOOR smape=0.0775
[  63] dba            score= 0.7468 origin=baseline iters=1 stop=
         TEST  smape=0.1383  rmse=14.2425  pocid=28.57  mape=0.1386  | FLOOR smape=0.1190
[  64] dba            score= 0.7515 origin=baseline iters=1 stop=
         TEST  smape=0.1281  rmse=28.1590  pocid=28.57  mape=0.1197  | FLOOR smape=0.1143
[  65] dba            score= 0.6577 origin=baseline iters=1 stop=
         TEST  smape=0.1253  rmse=27.1082  pocid=42.86  mape=0.1283  | FLOOR smape=0.1253
[  66] dba            score= 0.7710 origin=baseline iters=1 stop=
         TEST  smape=0.0697  rmse=16.9622  pocid=42.86  mape=0.0686  | FLOOR smape=0.0750
[  67] dba            score= 0.6503 origin=baseline iters=1 stop=
         TEST  smape=0.1003  rmse=37.3477  pocid=28.57  mape=0.1065  | FLOOR smape=0.1476
[  68] dba            score= 0.7943 origin=baseline iters=1 stop=
         TEST  smape=0.0940  rmse=13.7834  pocid=28.57  mape=0.0985  | FLOOR smape=0.0983
[  69] dba            score= 0.7522 origin=baseline iters=1 stop=
         TEST  smape=0.1309  rmse=19.2433  pocid=28.57  mape=0.1470  | FLOOR smape=0.1305
[  70] dba            score= 0.6383 origin=baseline iters=1 stop=
         TEST  smape=0.1595  rmse=16.2623  pocid=57.14  mape=0.1687  | FLOOR smape=0.1595
[  71] dba            score= 0.7224 origin=baseline iters=1 stop=
         TEST  smape=0.0949  rmse=12.4993  pocid=28.57  mape=0.0957  | FLOOR smape=0.0851
[  72] trimmed_mean   score= 0.7080 origin=baseline iters=1 stop=
         TEST  smape=0.2019  rmse=28.0920  pocid=57.14  mape=0.2372  | FLOOR smape=0.1378
[  73] dba            score= 0.6805 origin=baseline iters=1 stop=
         TEST  smape=0.1634  rmse=18.7598  pocid=42.86  mape=0.1490  | FLOOR smape=0.1579
[  74] dba            score= 0.7337 origin=baseline iters=1 stop=
         TEST  smape=0.1497  rmse=20.0373  pocid=28.57  mape=0.1700  | FLOOR smape=0.1377
[  75] dba            score= 0.6433 origin=baseline iters=1 stop=
         TEST  smape=0.0969  rmse=11.9318  pocid=42.86  mape=0.0935  | FLOOR smape=0.1245
[  76] dba            score= 0.7045 origin=baseline iters=1 stop=
         TEST  smape=0.0822  rmse=12.9554  pocid=57.14  mape=0.0870  | FLOOR smape=0.0786
[  77] dba            score= 0.6627 origin=baseline iters=1 stop=
         TEST  smape=0.0886  rmse=16.5590  pocid=28.57  mape=0.0897  | FLOOR smape=0.0885
[  78] trimmed_mean   score= 0.6282 origin=baseline iters=1 stop=
         TEST  smape=0.1014  rmse=13.7804  pocid=14.29  mape=0.0958  | FLOOR smape=0.1014
[  79] dba            score= 0.6357 origin=baseline iters=1 stop=
         TEST  smape=0.1297  rmse=24.6298  pocid=57.14  mape=0.1320  | FLOOR smape=0.1177
[  80] dba            score= 0.6921 origin=baseline iters=1 stop=
         TEST  smape=0.1311  rmse=8.7941  pocid=14.29  mape=0.1367  | FLOOR smape=0.1695
[  81] dba            score= 0.6377 origin=baseline iters=1 stop=
         TEST  smape=0.1137  rmse=11.8396  pocid=85.71  mape=0.1109  | FLOOR smape=0.1137
[  82] dba            score= 0.7769 origin=baseline iters=1 stop=
         TEST  smape=0.1495  rmse=38.4998  pocid=28.57  mape=0.1490  | FLOOR smape=0.1296
[  83] dba            score= 0.7157 origin=baseline iters=1 stop=
         TEST  smape=0.1210  rmse=21.0500  pocid=57.14  mape=0.1112  | FLOOR smape=0.1207
[  84] dba            score= 0.6999 origin=baseline iters=1 stop=
         TEST  smape=0.1413  rmse=15.2978  pocid=28.57  mape=0.1607  | FLOOR smape=0.1366
[  85] trimmed_mean   score= 0.6846 origin=baseline iters=1 stop=
         TEST  smape=0.0879  rmse=11.0253  pocid=42.86  mape=0.0916  | FLOOR smape=0.0844
[  86] dba            score= 0.6423 origin=baseline iters=1 stop=
         TEST  smape=0.0894  rmse=13.5008  pocid=71.43  mape=0.0866  | FLOOR smape=0.0894
[  87] dba            score= 0.7196 origin=baseline iters=1 stop=
         TEST  smape=0.4227  rmse=42.8805  pocid=85.71  mape=0.6456  | FLOOR smape=0.4153
[  88] dba            score= 0.6969 origin=baseline iters=1 stop=
         TEST  smape=0.3778  rmse=27.3332  pocid=85.71  mape=0.5180  | FLOOR smape=0.3900
[  89] trimmed_mean   score= 0.7093 origin=baseline iters=1 stop=
         TEST  smape=0.1150  rmse=19.8245  pocid=42.86  mape=0.1273  | FLOOR smape=0.1170
[  90] dba            score= 0.6960 origin=baseline iters=1 stop=
         TEST  smape=0.0912  rmse=12.6422  pocid=71.43  mape=0.1012  | FLOOR smape=0.0993
[  91] dba            score= 0.7167 origin=baseline iters=1 stop=
         TEST  smape=0.1985  rmse=23.9415  pocid=57.14  mape=0.1808  | FLOOR smape=0.1806
[  92] dba            score= 0.6467 origin=baseline iters=1 stop=
         TEST  smape=0.1299  rmse=27.6728  pocid=71.43  mape=0.1214  | FLOOR smape=0.1299
[  93] dba            score= 0.7256 origin=baseline iters=1 stop=
         TEST  smape=0.1250  rmse=18.1725  pocid=71.43  mape=0.1266  | FLOOR smape=0.1256
[  94] dba            score= 0.6699 origin=baseline iters=1 stop=
         TEST  smape=0.1550  rmse=29.3019  pocid=28.57  mape=0.1392  | FLOOR smape=0.0954
[  95] dba            score= 0.6534 origin=baseline iters=1 stop=
         TEST  smape=0.0423  rmse=8.6894  pocid=71.43  mape=0.0415  | FLOOR smape=0.0423
[  96] dba            score= 0.7184 origin=baseline iters=1 stop=
         TEST  smape=0.1262  rmse=14.9248  pocid=42.86  mape=0.1230  | FLOOR smape=0.1002
[  97] dba            score= 0.7245 origin=baseline iters=1 stop=
         TEST  smape=0.1500  rmse=23.9621  pocid=57.14  mape=0.1613  | FLOOR smape=0.1185
[  98] dba            score= 0.6345 origin=baseline iters=1 stop=
         TEST  smape=0.1435  rmse=19.7560  pocid=28.57  mape=0.1363  | FLOOR smape=0.1435
[  99] dba            score= 0.7144 origin=baseline iters=1 stop=
         TEST  smape=0.0697  rmse=8.9777  pocid=28.57  mape=0.0678  | FLOOR smape=0.0674
[ 100] dba            score= 0.7101 origin=baseline iters=1 stop=
         TEST  smape=0.1143  rmse=21.7722  pocid=57.14  mape=0.1254  | FLOOR smape=0.1093
[ 101] dba            score= 0.7205 origin=baseline iters=1 stop=
         TEST  smape=0.1089  rmse=18.3718  pocid=14.29  mape=0.1059  | FLOOR smape=0.0915
[ 102] dba            score= 0.8877 origin=baseline iters=1 stop=
         TEST  smape=0.1955  rmse=13.5443  pocid=14.29  mape=0.1746  | FLOOR smape=0.1511
[ 103] dba            score= 0.6755 origin=baseline iters=1 stop=
         TEST  smape=0.1008  rmse=18.7019  pocid=57.14  mape=0.0976  | FLOOR smape=0.1008
[ 104] dba            score= 0.7087 origin=baseline iters=1 stop=
         TEST  smape=0.0428  rmse=5.8563  pocid=57.14  mape=0.0436  | FLOOR smape=0.0414
[ 105] dba            score= 0.7308 origin=baseline iters=1 stop=
         TEST  smape=0.0546  rmse=9.4858  pocid=57.14  mape=0.0549  | FLOOR smape=0.0585
[ 106] dba            score= 0.7022 origin=baseline iters=1 stop=
         TEST  smape=0.1515  rmse=20.5836  pocid=42.86  mape=0.1665  | FLOOR smape=0.1564
[ 107] dba            score= 0.7028 origin=baseline iters=1 stop=
         TEST  smape=0.1270  rmse=16.5569  pocid=42.86  mape=0.1259  | FLOOR smape=0.1064
[ 108] dba            score= 0.7271 origin=baseline iters=1 stop=
         TEST  smape=0.0829  rmse=17.6302  pocid=57.14  mape=0.0792  | FLOOR smape=0.0835
[ 109] dba            score= 0.6621 origin=baseline iters=1 stop=
         TEST  smape=0.3514  rmse=88.3087  pocid=28.57  mape=0.2904  | FLOOR smape=0.3514
[ 110] dba            score= 0.6584 origin=baseline iters=1 stop=
         TEST  smape=0.1003  rmse=13.5043  pocid=0.00  mape=0.0964  | FLOOR smape=0.1009
--------------------------------------------------------------------------
done in 52.6s | ok: 111 | failed: 0
DATASET SUMMARY over 111 series (mean across series):
  this run   smape=0.1216  rmse=19.1819  pocid=45.82  mape=0.1259  mae=15.7184
  baseline   smape=0.1156  rmse=18.2258  pocid=46.46  mape=0.1207  <- this run is WORSE than the seed floor
  mean       smape=0.1199  rmse=18.8837  pocid=44.53  mape=0.1241
  median     smape=0.1201  rmse=18.6626  pocid=46.20  mape=0.1238
  dba        smape=0.1226  rmse=19.3352  pocid=46.46  mape=0.1265  <- this run is better
  ADE        smape=0.1178  rmse=18.5121  pocid=45.05  mape=0.1219
  FFORMA     smape=0.1197  rmse=18.8493  pocid=44.66  mape=0.1239
csv: ./timeseries/mestrado/resultados/orchestrator_laya_laya_v4_hybrid/NN5_WEEKLY_DATASET.csv
dataset      : M4_WEEKLY_DATASET
source       : m4_weekly_dataset.tsf
models       : 19
agent        : laya-multilingual (max_len=8192)
writing to   : ./timeseries/mestrado/resultados/orchestrator_laya_laya_v4_hybrid
--------------------------------------------------------------------------
Fetching 5 files:   0%|          | 0/5 [00:00<?, ?it/s]Fetching 5 files: 100%|██████████| 5/5 [00:00<00:00, 2656.64it/s]
[   0] dba            score= 0.7444 origin=baseline iters=1 stop=
         TEST  smape=0.3473  rmse=10603.6960  pocid=33.33  mape=0.2957  | FLOOR smape=0.0374
[   1] dba            score= 0.6881 origin=baseline iters=1 stop=
         TEST  smape=0.3242  rmse=1008.1018  pocid=58.33  mape=0.2774  | FLOOR smape=0.0358
[   2] dba            score= 0.6084 origin=baseline iters=1 stop=
         TEST  smape=0.1304  rmse=1267.0221  pocid=75.00  mape=0.1213  | FLOOR smape=0.0072
[   3] trimmed_mean   score= 0.3478 origin=baseline iters=1 stop=
         TEST  smape=0.1715  rmse=629.8834  pocid=83.33  mape=0.1533  | FLOOR smape=0.1715
[   4] dba            score= 0.7389 origin=baseline iters=1 stop=
         TEST  smape=0.1798  rmse=394.8079  pocid=66.67  mape=0.2055  | FLOOR smape=0.1239
[   5] dba            score= 0.7429 origin=baseline iters=1 stop=
         TEST  smape=0.2563  rmse=281.8250  pocid=58.33  mape=0.2164  | FLOOR smape=0.2997
[   6] dba            score= 0.7242 origin=baseline iters=1 stop=
         TEST  smape=0.3219  rmse=1491.3561  pocid=50.00  mape=0.3624  | FLOOR smape=0.2823
[   7] trimmed_mean   score= 0.6645 origin=baseline iters=1 stop=
         TEST  smape=0.3548  rmse=2109.3930  pocid=25.00  mape=0.4613  | FLOOR smape=0.3456
[   8] trimmed_mean   score= 0.3923 origin=baseline iters=1 stop=
         TEST  smape=0.1036  rmse=1162.9051  pocid=66.67  mape=0.1123  | FLOOR smape=0.1106
[   9] dba            score= 0.7390 origin=baseline iters=1 stop=
         TEST  smape=1.8248  rmse=34247665594767.3008  pocid=0.00  mape=1754863262.9538  | FLOOR smape=0.6248
[  10] trimmed_mean   score= 0.1962 origin=baseline iters=1 stop=
         TEST  smape=0.0732  rmse=30.6802  pocid=75.00  mape=0.0732  | FLOOR smape=0.0760
[  11] dba            score= 0.7883 origin=baseline iters=1 stop=
         TEST  smape=0.0260  rmse=32.2198  pocid=58.33  mape=0.0256  | FLOOR smape=0.0286
[  12] trimmed_mean   score= 0.5645 origin=baseline iters=1 stop=
         TEST  smape=0.0228  rmse=81.6842  pocid=50.00  mape=0.0223  | FLOOR smape=0.0242
[  13] trimmed_mean   score= 0.3262 origin=baseline iters=1 stop=
         TEST  smape=0.0540  rmse=154.6231  pocid=58.33  mape=0.0560  | FLOOR smape=0.0455
[  14] trimmed_mean   score= 0.6287 origin=baseline iters=1 stop=
         TEST  smape=0.1792  rmse=925.4256  pocid=41.67  mape=0.2031  | FLOOR smape=0.1277
[  15] dba            score= 0.7807 origin=baseline iters=1 stop=
         TEST  smape=0.1075  rmse=683.1413  pocid=33.33  mape=0.1151  | FLOOR smape=0.1564
[  16] trimmed_mean   score=-0.0380 origin=baseline iters=1 stop=
         TEST  smape=0.0181  rmse=267.3617  pocid=58.33  mape=0.0178  | FLOOR smape=0.0179
[  17] dba            score= 1.1602 origin=baseline iters=1 stop=
         TEST  smape=0.1760  rmse=943.9955  pocid=58.33  mape=0.1491  | FLOOR smape=0.0539
[  18] trimmed_mean   score= 0.3602 origin=baseline iters=1 stop=
         TEST  smape=0.2098  rmse=1365.8709  pocid=66.67  mape=0.1849  | FLOOR smape=0.2098
[  19] dba            score= 0.7317 origin=baseline iters=1 stop=
         TEST  smape=0.0982  rmse=435.6753  pocid=66.67  mape=0.0997  | FLOOR smape=0.1083
[  20] dba            score= 0.8730 origin=baseline iters=1 stop=
         TEST  smape=0.1636  rmse=562.8169  pocid=50.00  mape=0.1821  | FLOOR smape=0.2205
[  21] trimmed_mean   score= 0.3965 origin=baseline iters=1 stop=
         TEST  smape=0.1516  rmse=657.3487  pocid=58.33  mape=0.1422  | FLOOR smape=0.1585
[  22] trimmed_mean   score= 0.3422 origin=baseline iters=1 stop=
         TEST  smape=0.1052  rmse=104.2382  pocid=41.67  mape=0.1152  | FLOOR smape=0.1081
[  23] dba            score= 0.8702 origin=baseline iters=1 stop=
         TEST  smape=0.2591  rmse=3627.5659  pocid=50.00  mape=0.2683  | FLOOR smape=0.2284
[  24] dba            score= 0.6983 origin=baseline iters=1 stop=
         TEST  smape=0.2194  rmse=533.6271  pocid=58.33  mape=0.2192  | FLOOR smape=0.2707
[  25] dba            score= 0.7115 origin=baseline iters=1 stop=
         TEST  smape=0.2207  rmse=1171.9926  pocid=33.33  mape=0.2206  | FLOOR smape=0.2785
[  26] dba            score= 0.5851 origin=baseline iters=1 stop=
         TEST  smape=0.2873  rmse=975.6927  pocid=33.33  mape=0.2429  | FLOOR smape=0.3181
[  27] dba            score= 0.7556 origin=baseline iters=1 stop=
         TEST  smape=0.4292  rmse=2308.4582  pocid=66.67  mape=0.5133  | FLOOR smape=0.3047
[  28] dba            score= 0.7727 origin=baseline iters=1 stop=
         TEST  smape=0.2136  rmse=367.2644  pocid=58.33  mape=0.2031  | FLOOR smape=0.4769
[  29] trimmed_mean   score= 0.6646 origin=baseline iters=1 stop=
         TEST  smape=0.1206  rmse=854.6878  pocid=91.67  mape=0.1162  | FLOOR smape=0.1259
[  30] trimmed_mean   score= 0.5471 origin=baseline iters=1 stop=
         TEST  smape=0.3223  rmse=523.4909  pocid=58.33  mape=0.2727  | FLOOR smape=0.3433
[  31] dba            score= 0.8306 origin=baseline iters=1 stop=
         TEST  smape=0.1734  rmse=1140.9727  pocid=50.00  mape=0.1660  | FLOOR smape=0.2666
[  32] dba            score= 0.7056 origin=baseline iters=1 stop=
         TEST  smape=0.0893  rmse=268.0453  pocid=66.67  mape=0.0880  | FLOOR smape=0.1001
[  33] dba            score= 0.7095 origin=baseline iters=1 stop=
         TEST  smape=0.1592  rmse=425.5064  pocid=66.67  mape=0.1445  | FLOOR smape=0.1593
[  34] dba            score= 0.6814 origin=baseline iters=1 stop=
         TEST  smape=0.1827  rmse=400.0309  pocid=58.33  mape=0.1682  | FLOOR smape=0.1908
[  35] dba            score= 0.7722 origin=baseline iters=1 stop=
         TEST  smape=0.1531  rmse=2879.9305  pocid=83.33  mape=0.1410  | FLOOR smape=0.1271
[  36] dba            score= 0.8600 origin=baseline iters=1 stop=
         TEST  smape=0.0218  rmse=104.4674  pocid=50.00  mape=0.0212  | FLOOR smape=0.0135
[  37] dba            score= 0.8787 origin=baseline iters=1 stop=
         TEST  smape=0.0178  rmse=61.9114  pocid=66.67  mape=0.0176  | FLOOR smape=0.0142
[  38] dba            score= 0.6632 origin=baseline iters=1 stop=
         TEST  smape=0.0451  rmse=314.0639  pocid=41.67  mape=0.0465  | FLOOR smape=0.0230
[  39] trimmed_mean   score= 0.0651 origin=baseline iters=1 stop=
         TEST  smape=0.0261  rmse=164.7292  pocid=25.00  mape=0.0265  | FLOOR smape=0.0275
[  40] dba            score= 0.8769 origin=baseline iters=1 stop=
         TEST  smape=0.0179  rmse=147.5722  pocid=16.67  mape=0.0177  | FLOOR smape=0.0120
[  41] trimmed_mean   score= 0.2326 origin=baseline iters=1 stop=
         TEST  smape=0.0097  rmse=66.0632  pocid=50.00  mape=0.0097  | FLOOR smape=0.0113
[  42] dba            score= 0.8964 origin=baseline iters=1 stop=
         TEST  smape=0.0173  rmse=136.3301  pocid=33.33  mape=0.0172  | FLOOR smape=0.0157
[  43] dba            score= 0.6896 origin=baseline iters=1 stop=
         TEST  smape=0.0419  rmse=283.4903  pocid=50.00  mape=0.0431  | FLOOR smape=0.0254
[  44] dba            score= 0.8135 origin=baseline iters=1 stop=
         TEST  smape=0.1393  rmse=418.9486  pocid=33.33  mape=0.1294  | FLOOR smape=0.0369
[  45] dba            score= 0.7536 origin=baseline iters=1 stop=
         TEST  smape=0.0280  rmse=110.5416  pocid=16.67  mape=0.0284  | FLOOR smape=0.0625
[  46] dba            score= 0.7369 origin=baseline iters=1 stop=
         TEST  smape=0.1364  rmse=398.7422  pocid=50.00  mape=0.1274  | FLOOR smape=0.0404
[  47] dba            score= 0.7282 origin=baseline iters=1 stop=
         TEST  smape=0.0765  rmse=223.6850  pocid=8.33  mape=0.0735  | FLOOR smape=0.0095
[  48] dba            score= 0.7788 origin=baseline iters=1 stop=
         TEST  smape=0.0775  rmse=264.1096  pocid=66.67  mape=0.0742  | FLOOR smape=0.0785
[  49] dba            score= 0.7502 origin=baseline iters=1 stop=
         TEST  smape=0.0763  rmse=264.4431  pocid=41.67  mape=0.0730  | FLOOR smape=0.0260
[  50] dba            score= 0.7037 origin=baseline iters=1 stop=
         TEST  smape=0.0396  rmse=290.4109  pocid=75.00  mape=0.0386  | FLOOR smape=0.0161
[  51] trimmed_mean   score= 0.2773 origin=baseline iters=1 stop=
         TEST  smape=0.0205  rmse=176.1844  pocid=33.33  mape=0.0208  | FLOOR smape=0.0205
[  52] dba            score= 0.8557 origin=baseline iters=1 stop=
         TEST  smape=0.3297  rmse=921.5171  pocid=66.67  mape=0.4113  | FLOOR smape=0.0824
[  53] dba            score= 0.6809 origin=baseline iters=1 stop=
         TEST  smape=0.0552  rmse=177.9552  pocid=33.33  mape=0.0577  | FLOOR smape=0.0114
[  54] dba            score= 0.8260 origin=baseline iters=1 stop=
         TEST  smape=0.1692  rmse=995.6322  pocid=50.00  mape=0.1884  | FLOOR smape=0.0573
[  55] dba            score= 0.8898 origin=baseline iters=1 stop=
         TEST  smape=0.1290  rmse=497.7757  pocid=50.00  mape=0.1197  | FLOOR smape=0.0566
[  56] dba            score= 0.8840 origin=baseline iters=1 stop=
         TEST  smape=0.1235  rmse=221.7816  pocid=41.67  mape=0.1229  | FLOOR smape=0.1753
[  57] dba            score= 0.6901 origin=baseline iters=1 stop=
         TEST  smape=0.0973  rmse=371.0145  pocid=50.00  mape=0.0942  | FLOOR smape=0.0880
[  58] trimmed_mean   score= 0.6495 origin=baseline iters=1 stop=
         TEST  smape=0.1836  rmse=428.4716  pocid=83.33  mape=0.2134  | FLOOR smape=0.1854
[  59] dba            score= 0.7804 origin=baseline iters=1 stop=
         TEST  smape=0.0259  rmse=275.5983  pocid=33.33  mape=0.0256  | FLOOR smape=0.0334
[  60] dba            score= 0.7667 origin=baseline iters=1 stop=
         TEST  smape=0.1735  rmse=1775.6684  pocid=16.67  mape=0.1582  | FLOOR smape=0.0348
[  61] dba            score= 0.7999 origin=baseline iters=1 stop=
         TEST  smape=0.1345  rmse=1094.4239  pocid=25.00  mape=0.1221  | FLOOR smape=0.0245
[  62] dba            score= 0.8430 origin=baseline iters=1 stop=
         TEST  smape=0.1575  rmse=972.5132  pocid=41.67  mape=0.1445  | FLOOR smape=0.0203
[  63] trimmed_mean   score=-0.0732 origin=baseline iters=1 stop=
         TEST  smape=0.0174  rmse=338.5696  pocid=91.67  mape=0.0172  | FLOOR smape=0.0184
[  64] trimmed_mean   score=-0.1021 origin=baseline iters=1 stop=
         TEST  smape=0.0170  rmse=449.3134  pocid=91.67  mape=0.0168  | FLOOR smape=0.0187
[  65] trimmed_mean   score=-0.1339 origin=baseline iters=1 stop=
         TEST  smape=0.0041  rmse=37.4291  pocid=91.67  mape=0.0041  | FLOOR smape=0.0060
[  66] trimmed_mean   score= 0.0465 origin=baseline iters=1 stop=
         TEST  smape=0.0257  rmse=411.8384  pocid=66.67  mape=0.0253  | FLOOR smape=0.0257
[  67] dba            score= 0.7249 origin=baseline iters=1 stop=
         TEST  smape=0.2631  rmse=1626.5522  pocid=66.67  mape=0.2324  | FLOOR smape=0.0103
[  68] dba            score= 0.7399 origin=baseline iters=1 stop=
         TEST  smape=0.1755  rmse=1131.5649  pocid=58.33  mape=0.1612  | FLOOR smape=0.0135
[  69] trimmed_mean   score=-0.0425 origin=baseline iters=1 stop=
         TEST  smape=0.0102  rmse=35.1041  pocid=50.00  mape=0.0101  | FLOOR smape=0.0105
[  70] dba            score= 0.6643 origin=baseline iters=1 stop=
         TEST  smape=0.2836  rmse=631.0380  pocid=50.00  mape=0.3033  | FLOOR smape=0.4482
[  71] dba            score= 0.6530 origin=baseline iters=1 stop=
         TEST  smape=0.2353  rmse=558.8320  pocid=58.33  mape=0.2664  | FLOOR smape=0.2485
[  72] trimmed_mean   score= 0.1585 origin=baseline iters=1 stop=
         TEST  smape=0.1530  rmse=382.3702  pocid=75.00  mape=0.1278  | FLOOR smape=0.1530
[  73] dba            score= 0.6403 origin=baseline iters=1 stop=
         TEST  smape=0.1134  rmse=677.2868  pocid=66.67  mape=0.1120  | FLOOR smape=0.1134
[  74] trimmed_mean   score= 0.0671 origin=baseline iters=1 stop=
         TEST  smape=0.0292  rmse=805.0679  pocid=58.33  mape=0.0294  | FLOOR smape=0.0292
[  75] mean           score= 0.7611 origin=baseline iters=1 stop=
         TEST  smape=1.3989  rmse=6479.6010  pocid=8.33  mape=15.1540  | FLOOR smape=1.3326
[  76] dba            score= 0.6358 origin=baseline iters=1 stop=
         TEST  smape=0.3950  rmse=1505.2859  pocid=66.67  mape=0.3268  | FLOOR smape=0.2484
[  77] dba            score= 0.8025 origin=baseline iters=1 stop=
         TEST  smape=0.3821  rmse=1495.7889  pocid=58.33  mape=0.3165  | FLOOR smape=0.2407
[  78] dba            score= 0.7071 origin=baseline iters=1 stop=
         TEST  smape=0.0956  rmse=263.2439  pocid=41.67  mape=0.1059  | FLOOR smape=0.0850
[  79] dba            score= 0.7102 origin=baseline iters=1 stop=
         TEST  smape=0.1314  rmse=332.5450  pocid=50.00  mape=0.1483  | FLOOR smape=0.1335
[  80] dba            score= 0.7379 origin=baseline iters=1 stop=
         TEST  smape=0.2048  rmse=4587.6400  pocid=25.00  mape=0.1855  | FLOOR smape=0.0254
[  81] trimmed_mean   score=-0.1276 origin=baseline iters=1 stop=
         TEST  smape=0.0024  rmse=11.8169  pocid=66.67  mape=0.0024  | FLOOR smape=0.0020
[  82] dba            score= 0.7303 origin=baseline iters=1 stop=
         TEST  smape=0.0752  rmse=457.9133  pocid=58.33  mape=0.0722  | FLOOR smape=0.0158
[  83] dba            score= 0.7535 origin=baseline iters=1 stop=
         TEST  smape=0.0759  rmse=468.3042  pocid=58.33  mape=0.0726  | FLOOR smape=0.0097
[  84] dba            score= 0.6822 origin=baseline iters=1 stop=
         TEST  smape=0.1246  rmse=2080.5255  pocid=75.00  mape=0.1172  | FLOOR smape=0.0101
[  85] trimmed_mean   score=-0.0408 origin=baseline iters=1 stop=
         TEST  smape=0.0088  rmse=195.9398  pocid=66.67  mape=0.0087  | FLOOR smape=0.0116
[  86] trimmed_mean   score=-0.0585 origin=baseline iters=1 stop=
         TEST  smape=0.0192  rmse=22.1900  pocid=83.33  mape=0.0190  | FLOOR smape=0.0168
[  87] dba            score= 0.6886 origin=baseline iters=1 stop=
         TEST  smape=0.1580  rmse=1771.6362  pocid=41.67  mape=0.1464  | FLOOR smape=0.0031
[  88] trimmed_mean   score=-0.0096 origin=baseline iters=1 stop=
         TEST  smape=0.0997  rmse=125.5049  pocid=75.00  mape=0.1058  | FLOOR smape=0.0997
[  89] trimmed_mean   score= 0.0754 origin=baseline iters=1 stop=
         TEST  smape=0.0142  rmse=33.6258  pocid=58.33  mape=0.0144  | FLOOR smape=0.0193
[  90] dba            score= 0.7045 origin=baseline iters=1 stop=
         TEST  smape=0.1213  rmse=2314.3602  pocid=50.00  mape=0.1138  | FLOOR smape=0.0324
[  91] dba            score= 0.6722 origin=baseline iters=1 stop=
         TEST  smape=0.2189  rmse=4445.4936  pocid=41.67  mape=0.1969  | FLOOR smape=0.0696
[  92] dba            score= 0.7430 origin=baseline iters=1 stop=
         TEST  smape=0.0219  rmse=42.2728  pocid=50.00  mape=0.0216  | FLOOR smape=0.0043
[  93] dba            score= 0.6931 origin=baseline iters=1 stop=
         TEST  smape=0.0570  rmse=147.6515  pocid=25.00  mape=0.0585  | FLOOR smape=0.1178
[  94] trimmed_mean   score= 0.5395 origin=baseline iters=1 stop=
         TEST  smape=0.0875  rmse=181.4810  pocid=41.67  mape=0.0826  | FLOOR smape=0.0874
[  95] trimmed_mean   score=-0.1116 origin=baseline iters=1 stop=
         TEST  smape=0.0033  rmse=43.8601  pocid=83.33  mape=0.0033  | FLOOR smape=0.0031
[  96] trimmed_mean   score= 0.0306 origin=baseline iters=1 stop=
         TEST  smape=0.0312  rmse=20.9591  pocid=91.67  mape=0.0305  | FLOOR smape=0.0312
[  97] trimmed_mean   score= 0.0203 origin=baseline iters=1 stop=
         TEST  smape=0.0216  rmse=18.2638  pocid=91.67  mape=0.0213  | FLOOR smape=0.0219
[  98] dba            score= 0.7075 origin=baseline iters=1 stop=
         TEST  smape=0.3403  rmse=4326.2685  pocid=58.33  mape=0.2908  | FLOOR smape=0.0130
[  99] trimmed_mean   score=-0.0685 origin=baseline iters=1 stop=
         TEST  smape=0.0145  rmse=196.5275  pocid=66.67  mape=0.0143  | FLOOR smape=0.0156
[ 100] trimmed_mean   score= 0.0038 origin=baseline iters=1 stop=
         TEST  smape=0.0025  rmse=31.7624  pocid=83.33  mape=0.0025  | FLOOR smape=0.0025
[ 101] dba            score= 0.7064 origin=baseline iters=1 stop=
         TEST  smape=0.1105  rmse=1663.4964  pocid=41.67  mape=0.1047  | FLOOR smape=0.0221
[ 102] dba            score= 0.7172 origin=baseline iters=1 stop=
         TEST  smape=0.1144  rmse=483.4660  pocid=33.33  mape=0.1074  | FLOOR smape=0.0295
[ 103] trimmed_mean   score= 0.3518 origin=baseline iters=1 stop=
         TEST  smape=0.0256  rmse=27.7429  pocid=58.33  mape=0.0259  | FLOOR smape=0.0256
[ 104] trimmed_mean   score=-0.0949 origin=baseline iters=1 stop=
         TEST  smape=0.0116  rmse=127.8934  pocid=33.33  mape=0.0117  | FLOOR smape=0.0116
[ 105] dba            score= 0.9118 origin=baseline iters=1 stop=
         TEST  smape=0.0066  rmse=18.7913  pocid=58.33  mape=0.0066  | FLOOR smape=0.0019
[ 106] trimmed_mean   score=-0.0606 origin=baseline iters=1 stop=
         TEST  smape=0.0115  rmse=305.2292  pocid=66.67  mape=0.0114  | FLOOR smape=0.0115
[ 107] trimmed_mean   score=-0.0928 origin=baseline iters=1 stop=
         TEST  smape=0.0096  rmse=174.6700  pocid=58.33  mape=0.0096  | FLOOR smape=0.0074
[ 108] dba            score= 0.6443 origin=baseline iters=1 stop=
         TEST  smape=0.1409  rmse=1903.5265  pocid=66.67  mape=0.1314  | FLOOR smape=0.0092
[ 109] dba            score= 0.6900 origin=baseline iters=1 stop=
         TEST  smape=0.0361  rmse=302.9263  pocid=58.33  mape=0.0352  | FLOOR smape=0.0121
[ 110] dba            score= 0.7095 origin=baseline iters=1 stop=
         TEST  smape=0.0477  rmse=104.6974  pocid=50.00  mape=0.0519  | FLOOR smape=0.0209
[ 111] dba            score= 0.6944 origin=baseline iters=1 stop=
         TEST  smape=0.1443  rmse=1289.3945  pocid=50.00  mape=0.1346  | FLOOR smape=0.0037
[ 112] trimmed_mean   score=-0.0654 origin=baseline iters=1 stop=
         TEST  smape=0.0333  rmse=29.1763  pocid=83.33  mape=0.0340  | FLOOR smape=0.0344
[ 113] dba            score= 0.8379 origin=baseline iters=1 stop=
         TEST  smape=0.0241  rmse=454.3706  pocid=41.67  mape=0.0234  | FLOOR smape=0.0256
[ 114] trimmed_mean   score= 0.0925 origin=baseline iters=1 stop=
         TEST  smape=0.0382  rmse=459.8593  pocid=33.33  mape=0.0390  | FLOOR smape=0.0382
[ 115] dba            score= 0.6732 origin=baseline iters=1 stop=
         TEST  smape=0.1852  rmse=2569.8933  pocid=75.00  mape=0.1677  | FLOOR smape=0.0408
[ 116] dba            score= 0.9220 origin=baseline iters=1 stop=
         TEST  smape=0.0485  rmse=460.5725  pocid=50.00  mape=0.0464  | FLOOR smape=0.0182
[ 117] dba            score= 0.7445 origin=baseline iters=1 stop=
         TEST  smape=0.0217  rmse=42.4438  pocid=41.67  mape=0.0214  | FLOOR smape=0.0046
[ 118] dba            score= 0.6903 origin=baseline iters=1 stop=
         TEST  smape=0.0689  rmse=106.2253  pocid=58.33  mape=0.0687  | FLOOR smape=0.1541
[ 119] dba            score= 0.7175 origin=baseline iters=1 stop=
         TEST  smape=0.0926  rmse=112.8345  pocid=50.00  mape=0.0942  | FLOOR smape=0.1495
[ 120] trimmed_mean   score=-0.0996 origin=baseline iters=1 stop=
         TEST  smape=0.0037  rmse=55.4868  pocid=100.00  mape=0.0037  | FLOOR smape=0.0036
[ 121] trimmed_mean   score=-0.0860 origin=baseline iters=1 stop=
         TEST  smape=0.0418  rmse=18.9026  pocid=66.67  mape=0.0426  | FLOOR smape=0.0418
[ 122] trimmed_mean   score=-0.0999 origin=baseline iters=1 stop=
         TEST  smape=0.0349  rmse=21.1098  pocid=83.33  mape=0.0359  | FLOOR smape=0.0356
[ 123] dba            score= 0.8381 origin=baseline iters=1 stop=
         TEST  smape=0.2502  rmse=1969.2240  pocid=41.67  mape=0.2173  | FLOOR smape=0.0123
[ 124] dba            score= 0.6916 origin=baseline iters=1 stop=
         TEST  smape=0.1604  rmse=1680.5714  pocid=83.33  mape=0.1476  | FLOOR smape=0.0138
[ 125] trimmed_mean   score= 0.0150 origin=baseline iters=1 stop=
         TEST  smape=0.0049  rmse=58.4025  pocid=91.67  mape=0.0048  | FLOOR smape=0.0048
[ 126] dba            score= 0.6967 origin=baseline iters=1 stop=
         TEST  smape=0.1212  rmse=1337.5763  pocid=58.33  mape=0.1132  | FLOOR smape=0.0191
[ 127] mean           score= 0.6889 origin=baseline iters=1 stop=
         TEST  smape=0.1249  rmse=449.3304  pocid=33.33  mape=0.1169  | FLOOR smape=0.0221
[ 128] dba            score= 0.7411 origin=baseline iters=1 stop=
         TEST  smape=0.0483  rmse=60.9747  pocid=50.00  mape=0.0502  | FLOOR smape=0.0268
[ 129] dba            score= 0.7028 origin=baseline iters=1 stop=
         TEST  smape=0.0489  rmse=392.4426  pocid=16.67  mape=0.0477  | FLOOR smape=0.0097
[ 130] dba            score= 0.9203 origin=baseline iters=1 stop=
         TEST  smape=0.0073  rmse=19.7410  pocid=50.00  mape=0.0072  | FLOOR smape=0.0024
[ 131] trimmed_mean   score=-0.0668 origin=baseline iters=1 stop=
         TEST  smape=0.0117  rmse=292.2256  pocid=50.00  mape=0.0117  | FLOOR smape=0.0117
[ 132] dba            score= 0.6567 origin=baseline iters=1 stop=
         TEST  smape=0.0980  rmse=1329.6443  pocid=58.33  mape=0.0932  | FLOOR smape=0.0032
[ 133] dba            score= 0.6652 origin=baseline iters=1 stop=
         TEST  smape=0.1008  rmse=1199.5125  pocid=50.00  mape=0.0957  | FLOOR smape=0.0031
[ 134] dba            score= 0.6891 origin=baseline iters=1 stop=
         TEST  smape=0.0281  rmse=214.4359  pocid=58.33  mape=0.0276  | FLOOR smape=0.0205
[ 135] dba            score= 0.7677 origin=baseline iters=1 stop=
         TEST  smape=0.1080  rmse=706.7132  pocid=50.00  mape=0.1020  | FLOOR smape=0.0196
[ 136] trimmed_mean   score=-0.0463 origin=baseline iters=1 stop=
         TEST  smape=0.0110  rmse=88.5440  pocid=66.67  mape=0.0109  | FLOOR smape=0.0106
[ 137] dba            score= 0.6663 origin=baseline iters=1 stop=
         TEST  smape=0.5558  rmse=293.9422  pocid=58.33  mape=0.7872  | FLOOR smape=0.0662
[ 138] trimmed_mean   score= 0.3147 origin=baseline iters=1 stop=
         TEST  smape=0.0317  rmse=265.0785  pocid=41.67  mape=0.0323  | FLOOR smape=0.0327
[ 139] trimmed_mean   score= 0.3947 origin=baseline iters=1 stop=
         TEST  smape=0.0344  rmse=313.8332  pocid=41.67  mape=0.0351  | FLOOR smape=0.0344
[ 140] dba            score= 0.7226 origin=baseline iters=1 stop=
         TEST  smape=0.1972  rmse=2087.2240  pocid=58.33  mape=0.1763  | FLOOR smape=0.0458
[ 141] trimmed_mean   score= 0.0091 origin=baseline iters=1 stop=
         TEST  smape=0.0136  rmse=118.2991  pocid=66.67  mape=0.0134  | FLOOR smape=0.0136
[ 142] dba            score= 0.7802 origin=baseline iters=1 stop=
         TEST  smape=0.0445  rmse=519.8322  pocid=33.33  mape=0.0434  | FLOOR smape=0.0043
[ 143] trimmed_mean   score= 0.2027 origin=baseline iters=1 stop=
         TEST  smape=0.1338  rmse=166.1970  pocid=25.00  mape=0.1236  | FLOOR smape=0.1282
[ 144] dba            score= 0.7631 origin=baseline iters=1 stop=
         TEST  smape=0.0848  rmse=1067.4363  pocid=58.33  mape=0.0870  | FLOOR smape=0.1696
[ 145] trimmed_mean   score=-0.0997 origin=baseline iters=1 stop=
         TEST  smape=0.0063  rmse=54.4985  pocid=100.00  mape=0.0063  | FLOOR smape=0.0089
[ 146] dba            score= 0.6932 origin=baseline iters=1 stop=
         TEST  smape=1.0316  rmse=254.9216  pocid=58.33  mape=2.1538  | FLOOR smape=0.0847
[ 147] trimmed_mean   score=-0.0605 origin=baseline iters=1 stop=
         TEST  smape=0.0643  rmse=15.6270  pocid=50.00  mape=0.0670  | FLOOR smape=0.0675
[ 148] dba            score= 0.8993 origin=baseline iters=1 stop=
         TEST  smape=0.1871  rmse=797.5093  pocid=50.00  mape=0.1677  | FLOOR smape=0.0405
[ 149] dba            score= 0.7015 origin=baseline iters=1 stop=
         TEST  smape=0.1438  rmse=1155.8128  pocid=66.67  mape=0.1328  | FLOOR smape=0.0152
[ 150] trimmed_mean   score=-0.1187 origin=baseline iters=1 stop=
         TEST  smape=0.0079  rmse=59.8727  pocid=91.67  mape=0.0079  | FLOOR smape=0.0079
[ 151] trimmed_mean   score= 0.1204 origin=baseline iters=1 stop=
         TEST  smape=0.0148  rmse=147.6151  pocid=50.00  mape=0.0148  | FLOOR smape=0.0137
[ 152] trimmed_mean   score= 0.0026 origin=baseline iters=1 stop=
         TEST  smape=0.0227  rmse=91.4874  pocid=66.67  mape=0.0229  | FLOOR smape=0.0227
[ 153] trimmed_mean   score= 0.0451 origin=baseline iters=1 stop=
         TEST  smape=0.0190  rmse=187.5246  pocid=75.00  mape=0.0192  | FLOOR smape=0.0190
[ 154] dba            score= 0.6808 origin=baseline iters=1 stop=
         TEST  smape=0.0104  rmse=58.3113  pocid=41.67  mape=0.0103  | FLOOR smape=0.0186
[ 155] dba            score= 0.6999 origin=baseline iters=1 stop=
         TEST  smape=0.0134  rmse=122.8341  pocid=75.00  mape=0.0131  | FLOOR smape=0.0143
[ 156] dba            score= 0.6961 origin=baseline iters=1 stop=
         TEST  smape=0.0469  rmse=87.4357  pocid=58.33  mape=0.0449  | FLOOR smape=0.0033
[ 157] dba            score= 0.6468 origin=baseline iters=1 stop=
         TEST  smape=0.0727  rmse=1184.5822  pocid=25.00  mape=0.0701  | FLOOR smape=0.0069
[ 158] trimmed_mean   score=-0.0940 origin=baseline iters=1 stop=
         TEST  smape=0.0057  rmse=56.8159  pocid=91.67  mape=0.0057  | FLOOR smape=0.0057
[ 159] trimmed_mean   score=-0.0844 origin=baseline iters=1 stop=
         TEST  smape=0.0050  rmse=46.0877  pocid=91.67  mape=0.0050  | FLOOR smape=0.0048
[ 160] trimmed_mean   score=-0.0040 origin=baseline iters=1 stop=
         TEST  smape=0.0062  rmse=94.0788  pocid=41.67  mape=0.0062  | FLOOR smape=0.0062
[ 161] dba            score= 0.6896 origin=baseline iters=1 stop=
         TEST  smape=0.0706  rmse=347.6092  pocid=33.33  mape=0.0676  | FLOOR smape=0.0117
[ 162] dba            score= 0.7480 origin=baseline iters=1 stop=
         TEST  smape=0.0254  rmse=158.9767  pocid=58.33  mape=0.0262  | FLOOR smape=0.0124
[ 163] median         score=-0.0014 origin=baseline iters=1 stop=
         TEST  smape=0.0105  rmse=283.3121  pocid=58.33  mape=0.0106  | FLOOR smape=0.0105
[ 164] trimmed_mean   score=-0.0294 origin=baseline iters=1 stop=
         TEST  smape=0.0403  rmse=174.9849  pocid=50.00  mape=0.0414  | FLOOR smape=0.0403
[ 165] trimmed_mean   score= 0.3369 origin=baseline iters=1 stop=
         TEST  smape=0.0380  rmse=114.3364  pocid=58.33  mape=0.0389  | FLOOR smape=0.0282
[ 166] dba            score= 0.7652 origin=baseline iters=1 stop=
         TEST  smape=0.1275  rmse=407.3640  pocid=83.33  mape=0.1169  | FLOOR smape=0.0308
[ 167] trimmed_mean   score= 0.0975 origin=baseline iters=1 stop=
         TEST  smape=0.0277  rmse=119.3817  pocid=75.00  mape=0.0277  | FLOOR smape=0.0286
[ 168] dba            score= 0.7454 origin=baseline iters=1 stop=
         TEST  smape=0.0788  rmse=140.3154  pocid=41.67  mape=0.0753  | FLOOR smape=0.0419
[ 169] dba            score= 0.7326 origin=baseline iters=1 stop=
         TEST  smape=0.0854  rmse=308.2177  pocid=41.67  mape=0.0817  | FLOOR smape=0.0210
[ 170] dba            score= 0.6950 origin=baseline iters=1 stop=
         TEST  smape=0.0363  rmse=227.5055  pocid=50.00  mape=0.0356  | FLOOR smape=0.0087
[ 171] dba            score= 0.6945 origin=baseline iters=1 stop=
         TEST  smape=0.0970  rmse=348.0469  pocid=41.67  mape=0.0923  | FLOOR smape=0.0056
[ 172] trimmed_mean   score= 0.4839 origin=baseline iters=1 stop=
         TEST  smape=0.0814  rmse=392.4410  pocid=58.33  mape=0.0774  | FLOOR smape=0.0670
[ 173] dba            score= 0.7696 origin=baseline iters=1 stop=
         TEST  smape=0.0134  rmse=39.9879  pocid=33.33  mape=0.0133  | FLOOR smape=0.0059
[ 174] trimmed_mean   score=-0.0524 origin=baseline iters=1 stop=
         TEST  smape=0.0057  rmse=22.6205  pocid=83.33  mape=0.0057  | FLOOR smape=0.0063
[ 175] dba            score= 0.7966 origin=baseline iters=1 stop=
         TEST  smape=0.1231  rmse=308.0445  pocid=66.67  mape=0.1149  | FLOOR smape=0.0237
[ 176] trimmed_mean   score= 0.4931 origin=baseline iters=1 stop=
         TEST  smape=0.0306  rmse=234.9056  pocid=66.67  mape=0.0300  | FLOOR smape=0.0309
[ 177] trimmed_mean   score= 0.4466 origin=baseline iters=1 stop=
         TEST  smape=0.0623  rmse=93.1776  pocid=66.67  mape=0.0645  | FLOOR smape=0.0600
[ 178] dba            score= 0.7677 origin=baseline iters=1 stop=
         TEST  smape=0.0782  rmse=215.0382  pocid=58.33  mape=0.0750  | FLOOR smape=0.0063
[ 179] dba            score= 0.7138 origin=baseline iters=1 stop=
         TEST  smape=0.0357  rmse=267.8978  pocid=58.33  mape=0.0350  | FLOOR smape=0.0080
[ 180] dba            score= 0.6863 origin=baseline iters=1 stop=
         TEST  smape=0.2301  rmse=1847.5989  pocid=33.33  mape=0.2063  | FLOOR smape=0.0146
[ 181] trimmed_mean   score= 0.2399 origin=baseline iters=1 stop=
         TEST  smape=0.1772  rmse=249.5975  pocid=33.33  mape=0.1611  | FLOOR smape=0.2051
[ 182] dba            score= 0.7019 origin=baseline iters=1 stop=
         TEST  smape=0.2521  rmse=1393.1633  pocid=50.00  mape=0.2239  | FLOOR smape=0.0196
[ 183] dba            score= 0.6701 origin=baseline iters=1 stop=
         TEST  smape=0.0730  rmse=334.6642  pocid=33.33  mape=0.0703  | FLOOR smape=0.0043
[ 184] dba            score= 0.6515 origin=baseline iters=1 stop=
         TEST  smape=0.0720  rmse=290.8418  pocid=33.33  mape=0.0694  | FLOOR smape=0.0045
[ 185] dba            score= 0.9259 origin=baseline iters=1 stop=
         TEST  smape=0.0295  rmse=54.6934  pocid=41.67  mape=0.0290  | FLOOR smape=0.0284
[ 186] dba            score= 0.7021 origin=baseline iters=1 stop=
         TEST  smape=0.0777  rmse=75.3362  pocid=58.33  mape=0.0744  | FLOOR smape=0.0765
[ 187] dba            score= 0.6854 origin=baseline iters=1 stop=
         TEST  smape=0.0681  rmse=165.6015  pocid=41.67  mape=0.0707  | FLOOR smape=0.0135
[ 188] dba            score= 0.7384 origin=baseline iters=1 stop=
         TEST  smape=0.1860  rmse=379.0683  pocid=50.00  mape=0.1694  | FLOOR smape=0.0808
[ 189] dba            score= 0.7169 origin=baseline iters=1 stop=
         TEST  smape=0.0660  rmse=38.0533  pocid=58.33  mape=0.0666  | FLOOR smape=0.0158
[ 190] dba            score= 0.7421 origin=baseline iters=1 stop=
         TEST  smape=0.1453  rmse=1024.1602  pocid=50.00  mape=0.1348  | FLOOR smape=0.0602
[ 191] trimmed_mean   score= 0.4914 origin=baseline iters=1 stop=
         TEST  smape=0.0230  rmse=36.1638  pocid=58.33  mape=0.0235  | FLOOR smape=0.0310
[ 192] trimmed_mean   score= 0.3042 origin=baseline iters=1 stop=
         TEST  smape=0.0228  rmse=159.4665  pocid=58.33  mape=0.0228  | FLOOR smape=0.0228
[ 193] dba            score= 0.6739 origin=baseline iters=1 stop=
         TEST  smape=0.0905  rmse=93.5273  pocid=25.00  mape=0.1013  | FLOOR smape=0.0273
[ 194] trimmed_mean   score= 0.6674 origin=baseline iters=1 stop=
         TEST  smape=0.0793  rmse=77.9058  pocid=41.67  mape=0.0760  | FLOOR smape=0.0793
[ 195] dba            score= 0.7167 origin=baseline iters=1 stop=
         TEST  smape=0.2816  rmse=2520.5792  pocid=41.67  mape=0.2456  | FLOOR smape=0.1398
[ 196] dba            score= 0.8367 origin=baseline iters=1 stop=
         TEST  smape=0.2019  rmse=636.0143  pocid=16.67  mape=0.1826  | FLOOR smape=0.1937
[ 197] trimmed_mean   score= 0.1002 origin=baseline iters=1 stop=
         TEST  smape=0.0614  rmse=174.0972  pocid=33.33  mape=0.0590  | FLOOR smape=0.0527
[ 198] dba            score= 0.7441 origin=baseline iters=1 stop=
         TEST  smape=0.0929  rmse=119.4152  pocid=66.67  mape=0.1007  | FLOOR smape=0.0570
[ 199] dba            score= 0.7622 origin=baseline iters=1 stop=
         TEST  smape=0.3383  rmse=559.8805  pocid=33.33  mape=0.2823  | FLOOR smape=0.0885
[ 200] dba            score= 0.7103 origin=baseline iters=1 stop=
         TEST  smape=0.2847  rmse=535.5188  pocid=33.33  mape=0.2397  | FLOOR smape=0.1823
[ 201] dba            score= 0.6896 origin=baseline iters=1 stop=
         TEST  smape=0.0364  rmse=211.6537  pocid=50.00  mape=0.0355  | FLOOR smape=0.0431
[ 202] trimmed_mean   score= 0.6046 origin=baseline iters=1 stop=
         TEST  smape=0.0801  rmse=511.7285  pocid=33.33  mape=0.0858  | FLOOR smape=0.0801
[ 203] trimmed_mean   score= 0.0150 origin=baseline iters=1 stop=
         TEST  smape=0.0032  rmse=27.9901  pocid=50.00  mape=0.0032  | FLOOR smape=0.0022
[ 204] dba            score= 0.7800 origin=baseline iters=1 stop=
         TEST  smape=0.1913  rmse=2460.9872  pocid=33.33  mape=0.1735  | FLOOR smape=0.0324
[ 205] dba            score= 0.7515 origin=baseline iters=1 stop=
         TEST  smape=0.1286  rmse=156.2773  pocid=75.00  mape=0.1346  | FLOOR smape=0.1121
[ 206] trimmed_mean   score= 0.4099 origin=baseline iters=1 stop=
         TEST  smape=0.1093  rmse=2504.3453  pocid=50.00  mape=0.0987  | FLOOR smape=0.1093
[ 207] dba            score= 0.7740 origin=baseline iters=1 stop=
         TEST  smape=0.1547  rmse=4449.3557  pocid=66.67  mape=0.1404  | FLOOR smape=0.0770
[ 208] dba            score= 0.7889 origin=baseline iters=1 stop=
         TEST  smape=2.0000  rmse=203075761052167578164283162122120152540793375269377202962041284265218537429926577244640836979215994457528697044238840696281425441193984.0000  pocid=0.00  mape=14280048642057575052228920456194589026674743450592393123034310516522271215291373091530845578057170380712542664224587641862064439296.0000  | FLOOR smape=1.2122
[ 209] trimmed_mean   score= 0.1345 origin=baseline iters=1 stop=
         TEST  smape=0.1320  rmse=1236.1964  pocid=75.00  mape=0.1227  | FLOOR smape=0.1320
[ 210] dba            score= 0.8806 origin=baseline iters=1 stop=
         TEST  smape=0.1763  rmse=3323.8859  pocid=33.33  mape=0.1613  | FLOOR smape=0.0046
[ 211] dba            score= 0.7342 origin=baseline iters=1 stop=
         TEST  smape=0.0390  rmse=316.8289  pocid=50.00  mape=0.0399  | FLOOR smape=0.0461
[ 212] dba            score= 0.8871 origin=baseline iters=1 stop=
         TEST  smape=0.0899  rmse=508.6421  pocid=58.33  mape=0.0962  | FLOOR smape=0.0490
[ 213] trimmed_mean   score= 0.3726 origin=baseline iters=1 stop=
         TEST  smape=0.0245  rmse=58.0833  pocid=66.67  mape=0.0243  | FLOOR smape=0.0269
[ 214] dba            score= 0.7286 origin=baseline iters=1 stop=
         TEST  smape=0.0635  rmse=167.1777  pocid=50.00  mape=0.0611  | FLOOR smape=0.0310
[ 215] dba            score= 0.7281 origin=baseline iters=1 stop=
         TEST  smape=0.0629  rmse=205.6374  pocid=66.67  mape=0.0608  | FLOOR smape=0.0214
[ 216] dba            score= 0.6560 origin=baseline iters=1 stop=
         TEST  smape=0.0678  rmse=1139.8468  pocid=58.33  mape=0.0601  | FLOOR smape=0.0296
[ 217] dba            score= 0.5980 origin=baseline iters=1 stop=
         TEST  smape=0.4218  rmse=119925.7094  pocid=41.67  mape=3.9977  | FLOOR smape=0.0450
[ 218] trimmed_mean   score=-0.1619 origin=baseline iters=1 stop=
         TEST  smape=0.0006  rmse=0.7850  pocid=100.00  mape=0.0006  | FLOOR smape=0.0006
[ 219] trimmed_mean   score=-0.1243 origin=baseline iters=1 stop=
         TEST  smape=0.0000  rmse=0.0835  pocid=100.00  mape=0.0000  | FLOOR smape=0.0000
[ 220] dba            score= 0.6892 origin=baseline iters=1 stop=
         TEST  smape=0.0543  rmse=505.8087  pocid=58.33  mape=0.0522  | FLOOR smape=0.0509
[ 221] trimmed_mean   score= 0.2090 origin=baseline iters=1 stop=
         TEST  smape=0.0862  rmse=752.0575  pocid=50.00  mape=0.0843  | FLOOR smape=0.0860
[ 222] dba            score= 0.7961 origin=baseline iters=1 stop=
         TEST  smape=0.2357  rmse=5982.6324  pocid=66.67  mape=0.2090  | FLOOR smape=0.0113
[ 223] dba            score= 0.9970 origin=baseline iters=1 stop=
         TEST  smape=0.1986  rmse=395.7919  pocid=58.33  mape=0.1796  | FLOOR smape=0.1386
[ 224] dba            score= 0.7361 origin=baseline iters=1 stop=
         TEST  smape=0.1116  rmse=309.5767  pocid=58.33  mape=0.1172  | FLOOR smape=0.0536
[ 225] dba            score= 0.7097 origin=baseline iters=1 stop=
         TEST  smape=0.0829  rmse=277.0799  pocid=66.67  mape=0.0787  | FLOOR smape=0.0411
[ 226] dba            score= 0.7463 origin=baseline iters=1 stop=
         TEST  smape=0.0824  rmse=172.0057  pocid=50.00  mape=0.0830  | FLOOR smape=0.1142
[ 227] dba            score= 0.9579 origin=baseline iters=1 stop=
         TEST  smape=0.1227  rmse=1117.5819  pocid=33.33  mape=0.1138  | FLOOR smape=0.0490
[ 228] dba            score= 0.6903 origin=baseline iters=1 stop=
         TEST  smape=0.1254  rmse=101.0861  pocid=50.00  mape=0.1385  | FLOOR smape=0.0629
[ 229] trimmed_mean   score= 0.2160 origin=baseline iters=1 stop=
         TEST  smape=0.1136  rmse=600.6587  pocid=41.67  mape=0.1067  | FLOOR smape=0.1136
[ 230] trimmed_mean   score= 0.4519 origin=baseline iters=1 stop=
         TEST  smape=0.3352  rmse=405.4874  pocid=100.00  mape=0.2735  | FLOOR smape=0.3245
[ 231] trimmed_mean   score= 0.2084 origin=baseline iters=1 stop=
         TEST  smape=0.2012  rmse=669.5015  pocid=75.00  mape=0.1717  | FLOOR smape=0.1919
[ 232] trimmed_mean   score= 0.2786 origin=baseline iters=1 stop=
         TEST  smape=0.1576  rmse=291.3804  pocid=25.00  mape=0.1369  | FLOOR smape=0.1576
[ 233] trimmed_mean   score= 0.2552 origin=baseline iters=1 stop=
         TEST  smape=0.1442  rmse=412.2606  pocid=50.00  mape=0.1287  | FLOOR smape=0.1442
[ 234] dba            score= 0.6805 origin=baseline iters=1 stop=
         TEST  smape=0.2096  rmse=190.4824  pocid=83.33  mape=0.1839  | FLOOR smape=0.0551
[ 235] trimmed_mean   score= 0.2583 origin=baseline iters=1 stop=
         TEST  smape=0.0626  rmse=342.8718  pocid=66.67  mape=0.0602  | FLOOR smape=0.0692
[ 236] dba            score= 0.8120 origin=baseline iters=1 stop=
         TEST  smape=0.1354  rmse=223.6032  pocid=25.00  mape=0.1504  | FLOOR smape=0.0697
[ 237] dba            score= 0.8023 origin=baseline iters=1 stop=
         TEST  smape=0.2035  rmse=190.9139  pocid=50.00  mape=0.1779  | FLOOR smape=0.2746
[ 238] dba            score= 0.7366 origin=baseline iters=1 stop=
         TEST  smape=0.1916  rmse=1000.9083  pocid=50.00  mape=0.1710  | FLOOR smape=0.0498
[ 239] dba            score= 0.7799 origin=baseline iters=1 stop=
         TEST  smape=0.1359  rmse=509.0541  pocid=50.00  mape=0.1496  | FLOOR smape=0.0307
[ 240] trimmed_mean   score= 0.3127 origin=baseline iters=1 stop=
         TEST  smape=0.0847  rmse=151.5935  pocid=91.67  mape=0.0795  | FLOOR smape=0.0847
[ 241] trimmed_mean   score= 0.1952 origin=baseline iters=1 stop=
         TEST  smape=0.0811  rmse=230.3040  pocid=58.33  mape=0.0757  | FLOOR smape=0.0811
[ 242] dba            score= 1.1152 origin=baseline iters=1 stop=
         TEST  smape=0.4312  rmse=1320.3445  pocid=50.00  mape=0.3346  | FLOOR smape=0.4878
[ 243] dba            score= 0.9662 origin=baseline iters=1 stop=
         TEST  smape=0.3548  rmse=389.5447  pocid=58.33  mape=0.2940  | FLOOR smape=0.1975
[ 244] trimmed_mean   score= 0.3041 origin=baseline iters=1 stop=
         TEST  smape=0.0972  rmse=347.4334  pocid=66.67  mape=0.0901  | FLOOR smape=0.0972
[ 245] trimmed_mean   score= 0.9372 origin=baseline iters=1 stop=
         TEST  smape=0.2028  rmse=346.2557  pocid=58.33  mape=0.1768  | FLOOR smape=0.1914
[ 246] dba            score= 0.7836 origin=baseline iters=1 stop=
         TEST  smape=0.1014  rmse=659.2606  pocid=58.33  mape=0.1055  | FLOOR smape=0.0510
[ 247] dba            score= 0.7756 origin=baseline iters=1 stop=
         TEST  smape=0.1687  rmse=2736.8764  pocid=25.00  mape=0.1545  | FLOOR smape=0.0212
[ 248] dba            score= 0.7333 origin=baseline iters=1 stop=
         TEST  smape=0.3646  rmse=6704.6144  pocid=16.67  mape=0.3073  | FLOOR smape=0.0627
[ 249] dba            score= 0.6741 origin=baseline iters=1 stop=
         TEST  smape=0.1777  rmse=556.4037  pocid=91.67  mape=0.1623  | FLOOR smape=0.0100
[ 250] trimmed_mean   score= 0.0928 origin=baseline iters=1 stop=
         TEST  smape=0.0503  rmse=390.8746  pocid=58.33  mape=0.0487  | FLOOR smape=0.0503
[ 251] dba            score= 0.6768 origin=baseline iters=1 stop=
         TEST  smape=0.1564  rmse=1332.8791  pocid=83.33  mape=0.1437  | FLOOR smape=0.0098
[ 252] dba            score= 0.6421 origin=baseline iters=1 stop=
         TEST  smape=0.0796  rmse=1022.6141  pocid=41.67  mape=0.0761  | FLOOR smape=0.0072
[ 253] dba            score= 0.6860 origin=baseline iters=1 stop=
         TEST  smape=0.1041  rmse=648.5988  pocid=58.33  mape=0.0978  | FLOOR smape=0.0038
[ 254] dba            score= 0.7566 origin=baseline iters=1 stop=
         TEST  smape=0.0237  rmse=72.2005  pocid=75.00  mape=0.0244  | FLOOR smape=0.0268
[ 255] trimmed_mean   score= 0.1226 origin=baseline iters=1 stop=
         TEST  smape=0.0223  rmse=66.3535  pocid=75.00  mape=0.0224  | FLOOR smape=0.0232
[ 256] dba            score= 0.7422 origin=baseline iters=1 stop=
         TEST  smape=0.1249  rmse=579.3054  pocid=41.67  mape=0.1344  | FLOOR smape=0.0037
[ 257] dba            score= 0.7058 origin=baseline iters=1 stop=
         TEST  smape=0.0661  rmse=154.4434  pocid=58.33  mape=0.0690  | FLOOR smape=0.0569
[ 258] trimmed_mean   score= 0.7206 origin=baseline iters=1 stop=
         TEST  smape=0.1910  rmse=1543.8534  pocid=50.00  mape=0.2225  | FLOOR smape=0.1516
[ 259] trimmed_mean   score= 0.1334 origin=baseline iters=1 stop=
         TEST  smape=0.1886  rmse=241.3651  pocid=75.00  mape=0.1762  | FLOOR smape=0.1886
[ 260] dba            score= 0.6976 origin=baseline iters=1 stop=
         TEST  smape=0.0286  rmse=168.0614  pocid=58.33  mape=0.0284  | FLOOR smape=0.0286
[ 261] trimmed_mean   score=-0.1506 origin=baseline iters=1 stop=
         TEST  smape=0.0021  rmse=10.8257  pocid=100.00  mape=0.0021  | FLOOR smape=0.0015
[ 262] dba            score= 0.7683 origin=baseline iters=1 stop=
         TEST  smape=0.2223  rmse=516.5440  pocid=58.33  mape=0.2601  | FLOOR smape=0.2291
[ 263] dba            score= 0.7306 origin=baseline iters=1 stop=
         TEST  smape=0.1041  rmse=525.3282  pocid=50.00  mape=0.1120  | FLOOR smape=0.0658
[ 264] trimmed_mean   score= 0.5065 origin=baseline iters=1 stop=
         TEST  smape=0.0980  rmse=215.0549  pocid=58.33  mape=0.1036  | FLOOR smape=0.0837
[ 265] dba            score= 0.7153 origin=baseline iters=1 stop=
         TEST  smape=0.0680  rmse=159.3824  pocid=58.33  mape=0.0710  | FLOOR smape=0.0841
[ 266] dba            score= 0.8237 origin=baseline iters=1 stop=
         TEST  smape=0.1140  rmse=534.2269  pocid=41.67  mape=0.1143  | FLOOR smape=0.1510
[ 267] dba            score= 0.8110 origin=baseline iters=1 stop=
         TEST  smape=0.0443  rmse=70.8071  pocid=58.33  mape=0.0458  | FLOOR smape=0.0433
[ 268] dba            score= 0.7303 origin=baseline iters=1 stop=
         TEST  smape=0.0427  rmse=60.0879  pocid=58.33  mape=0.0436  | FLOOR smape=0.0495
[ 269] trimmed_mean   score= 0.0476 origin=baseline iters=1 stop=
         TEST  smape=0.0498  rmse=458.3066  pocid=25.00  mape=0.0483  | FLOOR smape=0.0498
[ 270] trimmed_mean   score= 0.2714 origin=baseline iters=1 stop=
         TEST  smape=0.0668  rmse=582.5600  pocid=50.00  mape=0.0641  | FLOOR smape=0.0654
[ 271] dba            score= 0.6906 origin=baseline iters=1 stop=
         TEST  smape=0.0407  rmse=43.8232  pocid=66.67  mape=0.0417  | FLOOR smape=0.0325
[ 272] dba            score= 0.8580 origin=baseline iters=1 stop=
         TEST  smape=0.1091  rmse=724.2243  pocid=41.67  mape=0.1030  | FLOOR smape=0.0253
[ 273] dba            score= 0.7230 origin=baseline iters=1 stop=
         TEST  smape=0.2002  rmse=164.2361  pocid=33.33  mape=0.2250  | FLOOR smape=0.1750
[ 274] dba            score= 0.7338 origin=baseline iters=1 stop=
         TEST  smape=0.0660  rmse=679.1211  pocid=41.67  mape=0.0699  | FLOOR smape=0.1098
[ 275] trimmed_mean   score= 0.3540 origin=baseline iters=1 stop=
         TEST  smape=0.0259  rmse=343.1276  pocid=33.33  mape=0.0258  | FLOOR smape=0.0259
[ 276] trimmed_mean   score=-0.0226 origin=baseline iters=1 stop=
         TEST  smape=0.0079  rmse=34.3785  pocid=66.67  mape=0.0080  | FLOOR smape=0.0156
[ 277] trimmed_mean   score= 0.6613 origin=baseline iters=1 stop=
         TEST  smape=0.0524  rmse=77.7400  pocid=58.33  mape=0.0543  | FLOOR smape=0.0444
[ 278] trimmed_mean   score= 0.5532 origin=baseline iters=1 stop=
         TEST  smape=0.0657  rmse=94.4847  pocid=33.33  mape=0.0688  | FLOOR smape=0.0819
[ 279] trimmed_mean   score= 0.0258 origin=baseline iters=1 stop=
         TEST  smape=0.0116  rmse=65.8858  pocid=50.00  mape=0.0116  | FLOOR smape=0.0123
[ 280] dba            score= 0.7972 origin=baseline iters=1 stop=
         TEST  smape=0.0510  rmse=119.9021  pocid=83.33  mape=0.0490  | FLOOR smape=0.0524
[ 281] dba            score= 0.7119 origin=baseline iters=1 stop=
         TEST  smape=0.0847  rmse=245.5364  pocid=50.00  mape=0.0773  | FLOOR smape=0.0111
[ 282] trimmed_mean   score=-0.0494 origin=baseline iters=1 stop=
         TEST  smape=0.0391  rmse=17.0368  pocid=50.00  mape=0.0405  | FLOOR smape=0.0497
[ 283] dba            score= 0.7136 origin=baseline iters=1 stop=
         TEST  smape=0.3669  rmse=265.5988  pocid=58.33  mape=0.4557  | FLOOR smape=0.0416
[ 284] trimmed_mean   score= 0.9868 origin=baseline iters=1 stop=
         TEST  smape=0.0244  rmse=20.2832  pocid=58.33  mape=0.0248  | FLOOR smape=0.3486
[ 285] dba            score= 0.7056 origin=baseline iters=1 stop=
         TEST  smape=0.1540  rmse=1585.2557  pocid=58.33  mape=0.1417  | FLOOR smape=0.0282
[ 286] trimmed_mean   score= 0.0452 origin=baseline iters=1 stop=
         TEST  smape=0.0343  rmse=89.8100  pocid=75.00  mape=0.0336  | FLOOR smape=0.0343
[ 287] trimmed_mean   score=-0.0470 origin=baseline iters=1 stop=
         TEST  smape=0.0061  rmse=64.8094  pocid=41.67  mape=0.0061  | FLOOR smape=0.0061
[ 288] trimmed_mean   score= 0.1457 origin=baseline iters=1 stop=
         TEST  smape=0.0389  rmse=463.9016  pocid=58.33  mape=0.0399  | FLOOR smape=0.0389
[ 289] mean           score= 0.6389 origin=baseline iters=1 stop=
         TEST  smape=0.1209  rmse=1942.6993  pocid=66.67  mape=0.1129  | FLOOR smape=0.0572
[ 290] dba            score= 0.6931 origin=baseline iters=1 stop=
         TEST  smape=0.0624  rmse=588.6817  pocid=58.33  mape=0.0626  | FLOOR smape=0.1270
[ 291] trimmed_mean   score= 0.1630 origin=baseline iters=1 stop=
         TEST  smape=0.0904  rmse=1700.0592  pocid=58.33  mape=0.0953  | FLOOR smape=0.0904
[ 292] dba            score= 0.7373 origin=baseline iters=1 stop=
         TEST  smape=0.2094  rmse=668.4161  pocid=75.00  mape=0.1745  | FLOOR smape=0.1852
[ 293] dba            score= 0.7847 origin=baseline iters=1 stop=
         TEST  smape=0.1422  rmse=226.5369  pocid=33.33  mape=0.1582  | FLOOR smape=0.1444
[ 294] dba            score= 0.7068 origin=baseline iters=1 stop=
         TEST  smape=0.1087  rmse=761.1507  pocid=58.33  mape=0.1293  | FLOOR smape=0.1964
[ 295] dba            score= 0.7034 origin=baseline iters=1 stop=
         TEST  smape=0.1111  rmse=452.0112  pocid=66.67  mape=0.1245  | FLOOR smape=0.1271
[ 296] dba            score= 0.6530 origin=baseline iters=1 stop=
         TEST  smape=0.0995  rmse=532.7718  pocid=66.67  mape=0.1058  | FLOOR smape=0.0995
[ 297] dba            score= 0.6498 origin=baseline iters=1 stop=
         TEST  smape=0.1376  rmse=613.1966  pocid=75.00  mape=0.1655  | FLOOR smape=0.1758
[ 298] dba            score= 0.6982 origin=baseline iters=1 stop=
         TEST  smape=0.0931  rmse=448.0763  pocid=66.67  mape=0.0973  | FLOOR smape=0.0984
[ 299] dba            score= 0.6474 origin=baseline iters=1 stop=
         TEST  smape=0.1141  rmse=273.0295  pocid=58.33  mape=0.1207  | FLOOR smape=0.1141
[ 300] dba            score= 0.6622 origin=baseline iters=1 stop=
         TEST  smape=0.0915  rmse=311.7036  pocid=50.00  mape=0.0903  | FLOOR smape=0.0915
[ 301] dba            score= 0.7422 origin=baseline iters=1 stop=
         TEST  smape=0.1209  rmse=488.3318  pocid=50.00  mape=0.1124  | FLOOR smape=0.1308
[ 302] dba            score= 0.6394 origin=baseline iters=1 stop=
         TEST  smape=0.1411  rmse=905.1354  pocid=58.33  mape=0.1624  | FLOOR smape=0.1491
[ 303] dba            score= 0.7037 origin=baseline iters=1 stop=
         TEST  smape=0.1208  rmse=479.5611  pocid=83.33  mape=0.1417  | FLOOR smape=0.1521
[ 304] dba            score= 0.6364 origin=baseline iters=1 stop=
         TEST  smape=0.1958  rmse=695.5597  pocid=66.67  mape=0.2323  | FLOOR smape=0.1958
[ 305] dba            score= 0.6763 origin=baseline iters=1 stop=
         TEST  smape=0.1489  rmse=448.8585  pocid=41.67  mape=0.1771  | FLOOR smape=0.1691
[ 306] dba            score= 0.6973 origin=baseline iters=1 stop=
         TEST  smape=0.1143  rmse=421.5825  pocid=91.67  mape=0.1226  | FLOOR smape=0.1005
[ 307] dba            score= 0.6791 origin=baseline iters=1 stop=
         TEST  smape=0.1142  rmse=334.9093  pocid=58.33  mape=0.1303  | FLOOR smape=0.1252
[ 308] dba            score= 0.6648 origin=baseline iters=1 stop=
         TEST  smape=0.1221  rmse=1011.5338  pocid=33.33  mape=0.1153  | FLOOR smape=0.1221
[ 309] trimmed_mean   score= 0.6993 origin=baseline iters=1 stop=
         TEST  smape=0.1237  rmse=755.2337  pocid=58.33  mape=0.1163  | FLOOR smape=0.1237
[ 310] dba            score= 0.7250 origin=baseline iters=1 stop=
         TEST  smape=0.1139  rmse=627.4031  pocid=75.00  mape=0.1098  | FLOOR smape=0.1139
[ 311] dba            score= 0.6760 origin=baseline iters=1 stop=
         TEST  smape=0.1121  rmse=627.1311  pocid=41.67  mape=0.1054  | FLOOR smape=0.1121
[ 312] trimmed_mean   score= 0.5633 origin=baseline iters=1 stop=
         TEST  smape=0.2754  rmse=721.5210  pocid=50.00  mape=0.3222  | FLOOR smape=0.2754
[ 313] dba            score= 0.6872 origin=baseline iters=1 stop=
         TEST  smape=0.0864  rmse=925.1484  pocid=58.33  mape=0.0820  | FLOOR smape=0.0864
[ 314] dba            score= 0.6601 origin=baseline iters=1 stop=
         TEST  smape=0.0997  rmse=614.9052  pocid=16.67  mape=0.1078  | FLOOR smape=0.0997
[ 315] dba            score= 0.6858 origin=baseline iters=1 stop=
         TEST  smape=0.0832  rmse=281.7137  pocid=58.33  mape=0.0821  | FLOOR smape=0.0832
[ 316] dba            score= 0.6916 origin=baseline iters=1 stop=
         TEST  smape=0.1249  rmse=639.9633  pocid=41.67  mape=0.1383  | FLOOR smape=0.0967
[ 317] dba            score= 0.7019 origin=baseline iters=1 stop=
         TEST  smape=0.0496  rmse=266.6327  pocid=33.33  mape=0.0470  | FLOOR smape=0.0480
[ 318] dba            score= 0.7487 origin=baseline iters=1 stop=
         TEST  smape=0.1357  rmse=407.7437  pocid=41.67  mape=0.1255  | FLOOR smape=0.1446
[ 319] dba            score= 0.6841 origin=baseline iters=1 stop=
         TEST  smape=0.2265  rmse=676.2416  pocid=50.00  mape=0.2002  | FLOOR smape=0.2265
[ 320] dba            score= 0.5730 origin=baseline iters=1 stop=
         TEST  smape=0.0972  rmse=731.4933  pocid=58.33  mape=0.1052  | FLOOR smape=0.0972
[ 321] dba            score= 0.7022 origin=baseline iters=1 stop=
         TEST  smape=0.1230  rmse=400.5169  pocid=58.33  mape=0.1130  | FLOOR smape=0.1230
[ 322] dba            score= 0.6681 origin=baseline iters=1 stop=
         TEST  smape=0.2499  rmse=1401.5678  pocid=41.67  mape=0.2169  | FLOOR smape=0.2499
[ 323] dba            score= 0.6838 origin=baseline iters=1 stop=
         TEST  smape=0.2382  rmse=740.7728  pocid=41.67  mape=0.2075  | FLOOR smape=0.2382
[ 324] dba            score= 0.6740 origin=baseline iters=1 stop=
         TEST  smape=0.1719  rmse=669.4901  pocid=50.00  mape=0.1911  | FLOOR smape=0.1719
[ 325] dba            score= 0.6786 origin=baseline iters=1 stop=
         TEST  smape=0.1243  rmse=547.6325  pocid=75.00  mape=0.1194  | FLOOR smape=0.1243
[ 326] dba            score= 0.7119 origin=baseline iters=1 stop=
         TEST  smape=0.1466  rmse=1694.5697  pocid=50.00  mape=0.1378  | FLOOR smape=0.1466
[ 327] dba            score= 0.7111 origin=baseline iters=1 stop=
         TEST  smape=0.1420  rmse=436.1188  pocid=75.00  mape=0.1372  | FLOOR smape=0.1604
[ 328] dba            score= 0.6578 origin=baseline iters=1 stop=
         TEST  smape=0.1285  rmse=1537.5027  pocid=66.67  mape=0.1188  | FLOOR smape=0.1285
[ 329] dba            score= 0.6579 origin=baseline iters=1 stop=
         TEST  smape=0.1290  rmse=575.1599  pocid=58.33  mape=0.1256  | FLOOR smape=0.1184
[ 330] dba            score= 0.7138 origin=baseline iters=1 stop=
         TEST  smape=0.1117  rmse=891.9643  pocid=75.00  mape=0.1058  | FLOOR smape=0.1117
[ 331] dba            score= 0.6302 origin=baseline iters=1 stop=
         TEST  smape=0.0980  rmse=486.2911  pocid=41.67  mape=0.0933  | FLOOR smape=0.0980
[ 332] dba            score= 0.6930 origin=baseline iters=1 stop=
         TEST  smape=0.1592  rmse=537.3247  pocid=50.00  mape=0.1447  | FLOOR smape=0.1727
[ 333] dba            score= 0.6834 origin=baseline iters=1 stop=
         TEST  smape=0.1688  rmse=739.4617  pocid=91.67  mape=0.1531  | FLOOR smape=0.1688
[ 334] dba            score= 0.7050 origin=baseline iters=1 stop=
         TEST  smape=0.1518  rmse=826.9315  pocid=41.67  mape=0.1376  | FLOOR smape=0.1518
[ 335] dba            score= 0.6859 origin=baseline iters=1 stop=
         TEST  smape=0.1861  rmse=399.5305  pocid=83.33  mape=0.1692  | FLOOR smape=0.1861
[ 336] dba            score= 0.7210 origin=baseline iters=1 stop=
         TEST  smape=0.1744  rmse=405.3595  pocid=66.67  mape=0.1568  | FLOOR smape=0.1842
[ 337] dba            score= 0.6640 origin=baseline iters=1 stop=
         TEST  smape=0.1966  rmse=588.4901  pocid=58.33  mape=0.1725  | FLOOR smape=0.1966
[ 338] dba            score= 0.6906 origin=baseline iters=1 stop=
         TEST  smape=0.0955  rmse=518.0722  pocid=58.33  mape=0.1069  | FLOOR smape=0.1537
[ 339] dba            score= 0.6829 origin=baseline iters=1 stop=
         TEST  smape=0.1517  rmse=1191.7864  pocid=50.00  mape=0.1376  | FLOOR smape=0.1517
[ 340] dba            score= 0.7237 origin=baseline iters=1 stop=
         TEST  smape=0.1091  rmse=689.5758  pocid=75.00  mape=0.1048  | FLOOR smape=0.1062
[ 341] dba            score= 0.6490 origin=baseline iters=1 stop=
         TEST  smape=0.0793  rmse=163.7653  pocid=58.33  mape=0.0793  | FLOOR smape=0.0793
[ 342] dba            score= 0.6288 origin=baseline iters=1 stop=
         TEST  smape=0.1136  rmse=522.4581  pocid=66.67  mape=0.1116  | FLOOR smape=0.1136
[ 343] dba            score= 0.6837 origin=baseline iters=1 stop=
         TEST  smape=0.1227  rmse=543.4616  pocid=58.33  mape=0.1378  | FLOOR smape=0.1227
[ 344] dba            score= 0.7110 origin=baseline iters=1 stop=
         TEST  smape=0.1126  rmse=470.5772  pocid=50.00  mape=0.1145  | FLOOR smape=0.1035
[ 345] dba            score= 0.6816 origin=baseline iters=1 stop=
         TEST  smape=0.1195  rmse=910.3776  pocid=58.33  mape=0.1355  | FLOOR smape=0.1028
[ 346] dba            score= 0.7007 origin=baseline iters=1 stop=
         TEST  smape=0.1025  rmse=489.2878  pocid=58.33  mape=0.1078  | FLOOR smape=0.1025
[ 347] dba            score= 0.6299 origin=baseline iters=1 stop=
         TEST  smape=0.1515  rmse=769.9879  pocid=50.00  mape=0.1686  | FLOOR smape=0.1515
[ 348] dba            score= 0.5729 origin=baseline iters=1 stop=
         TEST  smape=0.1815  rmse=775.5167  pocid=66.67  mape=0.2014  | FLOOR smape=0.0379
[ 349] trimmed_mean   score= 0.5608 origin=baseline iters=1 stop=
         TEST  smape=0.1541  rmse=921.2901  pocid=83.33  mape=0.1506  | FLOOR smape=0.1541
[ 350] dba            score= 0.7047 origin=baseline iters=1 stop=
         TEST  smape=0.1490  rmse=328.0321  pocid=16.67  mape=0.1538  | FLOOR smape=0.1338
[ 351] trimmed_mean   score= 0.4345 origin=baseline iters=1 stop=
         TEST  smape=0.0879  rmse=171.8711  pocid=50.00  mape=0.0950  | FLOOR smape=0.1435
[ 352] dba            score= 0.7704 origin=baseline iters=1 stop=
         TEST  smape=0.1252  rmse=282.9881  pocid=50.00  mape=0.1408  | FLOOR smape=0.1227
[ 353] dba            score= 0.7026 origin=baseline iters=1 stop=
         TEST  smape=0.1712  rmse=670.2738  pocid=33.33  mape=0.1819  | FLOOR smape=0.1655
[ 354] dba            score= 0.6948 origin=baseline iters=1 stop=
         TEST  smape=0.2562  rmse=1239.1793  pocid=41.67  mape=0.3199  | FLOOR smape=0.3267
[ 355] dba            score= 0.6880 origin=baseline iters=1 stop=
         TEST  smape=0.1343  rmse=679.5794  pocid=83.33  mape=0.1547  | FLOOR smape=0.1343
[ 356] dba            score= 0.7027 origin=baseline iters=1 stop=
         TEST  smape=0.1223  rmse=518.0150  pocid=50.00  mape=0.1340  | FLOOR smape=0.1377
[ 357] dba            score= 0.7038 origin=baseline iters=1 stop=
         TEST  smape=0.1137  rmse=830.2387  pocid=58.33  mape=0.1200  | FLOOR smape=0.0982
[ 358] dba            score= 0.7197 origin=baseline iters=1 stop=
         TEST  smape=0.1593  rmse=737.0832  pocid=50.00  mape=0.1625  | FLOOR smape=0.1380
--------------------------------------------------------------------------
done in 237.9s | ok: 359 | failed: 0
DATASET SUMMARY over 359 series (mean across series):
  this run   smape=0.1299  rmse=565670643599352549196716204211537639244317944908035229208154108667468348208885108199311009429349561812871400925394649666000525459456.0000  pocid=55.25  mape=39777294267569846392831467592872870605155533981574767711289688718073727887859511960764117429620413927444749771176404416926318592.0000  mae=156888808504263673342503787748209459994930968908452187406072494908511178901511153757081775439974569877767098929242275072060518563840.0000
  baseline   smape=0.0910  rmse=419.6139  pocid=59.61  mape=0.0897  <- this run is WORSE than the seed floor
  mean       smape=0.1560  rmse=565670643599352549196716204211537639244317944908035229208154108667468348208885108199311009429349561812871400925394649666000525459456.0000  pocid=53.20  mape=39777294267569865632092305676114673475780582879823695972881129375030108721987150752620451168492782782066944539201619654537641984.0000
  median     smape=0.0897  rmse=98091549866.9433  pocid=58.45  mape=11214489.3177
  dba        smape=0.1594  rmse=565670643599352549196716204211537639244317944908035229208154108667468348208885108199311009429349561812871400925394649666000525459456.0000  pocid=51.74  mape=39777294267569846392831467592872870605155533981574767711289688718073727887859511960764117429620413927444749771176404416926318592.0000
  ADE        smape=0.1069  rmse=335850489305280897150278938350792956054116807272513112971539555160952541873624259473465507936843830466561185255755901421801810427904.0000  pocid=57.29  mape=23616611351791077356813904533184018234363216971665633450013792487243617037607409536889105068880425355870002736047763781094211584.0000
  FFORMA     smape=0.0996  rmse=331703934033556502999311883249781817930691741283770894983858217784985857106662638100444095177311322092507477833421706256574660476928.0000  pocid=59.45  mape=23325030462617560519266366214871385284458556859797996695315252011496452105542748146985504910684292478496494399058427224917016576.0000
csv: ./timeseries/mestrado/resultados/orchestrator_laya_laya_v4_hybrid/M4_WEEKLY_DATASET.csv
