dataset      : M4_WEEKLY_DATASET
source       : m4_weekly_dataset.tsf
models       : 19
agent        : laya-english (max_len=None)
writing to   : ./timeseries/mestrado/resultados/orchestrator_laya_laya_v0_noseeds
--------------------------------------------------------------------------
/home/lucas.castro/.conda/envs/agno/lib/python3.11/site-packages/tslearn/bases/bases.py:15: UserWarning: h5py not installed, hdf5 features will not be supported.
Install h5py to use hdf5 features: http://docs.h5py.org/
  warn(h5py_msg)
Fetching 5 files:   0%|          | 0/5 [00:00<?, ?it/s]Fetching 5 files: 100%|██████████| 5/5 [00:00<00:00, 2487.43it/s]
/home/lucas.castro/.conda/envs/agno/lib/python3.11/site-packages/laya/agent.py:928: RuntimeWarning: laya: this checkpoint ships invalid temperatures or values outside [0.5, 5]; using choice:11+=0.10058280825614929 -> 0.5. Treat confidence from the affected entries as uncalibrated.
  return Agent(model_id_or_path, device=device, token=token, subfolder=subfolder, fast=fast,
[   0] best_single    score= 0.0296 origin=agent    iters=5 stop=no new information in 3 consecutive turns
         TEST  smape=0.0634  rmse=2761.5432  pocid=25.00  mape=0.0664
         laya iter 1 -> select_stable_k5 conf=0.2722 obs=pool pool5 (5 models)
         laya iter 2 -> best_ONLY_DWT_catboost conf=0.3693 rank=1
         laya iter 3 -> best_ONLY_DWT_catboost conf=0.4432 rank=1
         laya iter 4 -> best_ONLY_DWT_catboost conf=0.4432 rank=1
         laya iter 5 -> best_ONLY_DWT_catboost conf=0.4432 rank=1
[   1] best_single    score=-0.0491 origin=agent    iters=5 stop=no new information in 3 consecutive turns
         TEST  smape=0.0397  rmse=186.9013  pocid=66.67  mape=0.0411
         laya iter 1 -> select_stable_k5 conf=0.2848 obs=pool pool5 (5 models)
         laya iter 2 -> best_ONLY_CWT_rf conf=0.6956 rank=1
         laya iter 3 -> best_ONLY_CWT_rf conf=0.9435 rank=1
         laya iter 4 -> best_ONLY_CWT_rf conf=0.9435 rank=1
         laya iter 5 -> best_ONLY_CWT_rf conf=0.9435 rank=1
[   2] best_single    score=-0.1272 origin=agent    iters=5 stop=no new information in 3 consecutive turns
         TEST  smape=0.0036  rmse=47.0602  pocid=91.67  mape=0.0036
         laya iter 1 -> select_stable_k5 conf=0.2877 obs=pool pool5 (5 models)
         laya iter 2 -> best_DWT_catboost conf=0.4608 rank=1
         laya iter 3 -> best_DWT_catboost conf=0.6903 rank=1
         laya iter 4 -> best_DWT_catboost conf=0.6903 rank=1
         laya iter 5 -> best_DWT_catboost conf=0.6903 rank=1
[   3] best_single    score= 0.1800 origin=agent    iters=4 stop=no new information in 3 consecutive turns
         TEST  smape=0.2046  rmse=755.5637  pocid=66.67  mape=0.1779
         laya iter 1 -> best_ONLY_CWT_catboost conf=0.9433 rank=1
         laya iter 2 -> best_ONLY_CWT_catboost conf=0.9671 rank=1
         laya iter 3 -> best_ONLY_CWT_catboost conf=0.9671 rank=1
         laya iter 4 -> best_ONLY_CWT_catboost conf=0.9671 rank=1
[   4] best_single    score= 0.1950 origin=agent    iters=4 stop=no new information in 3 consecutive turns
         TEST  smape=0.1153  rmse=297.0621  pocid=66.67  mape=0.1203
         laya iter 1 -> best_DWT_rf conf=0.2932 rank=1
         laya iter 2 -> best_DWT_rf conf=0.5683 rank=1
         laya iter 3 -> best_DWT_rf conf=0.5683 rank=1
         laya iter 4 -> best_DWT_rf conf=0.5683 rank=1
[   5] best_single    score= 0.4030 origin=agent    iters=4 stop=no new information in 3 consecutive turns
         TEST  smape=0.2877  rmse=303.2396  pocid=33.33  mape=0.2374
         laya iter 1 -> best_ONLY_CWT_catboost conf=0.4741 rank=1
         laya iter 2 -> best_ONLY_CWT_catboost conf=0.9517 rank=1
         laya iter 3 -> best_ONLY_CWT_catboost conf=0.9517 rank=1
         laya iter 4 -> best_ONLY_CWT_catboost conf=0.9517 rank=1
[   6] best_single    score= 0.2356 origin=agent    iters=4 stop=no new information in 3 consecutive turns
         TEST  smape=0.3363  rmse=1827.2417  pocid=50.00  mape=0.2763
         laya iter 1 -> best_FT_rf conf=0.4911 rank=1
         laya iter 2 -> best_FT_rf conf=0.4705 rank=1
         laya iter 3 -> best_FT_rf conf=0.4705 rank=1
         laya iter 4 -> best_FT_rf conf=0.4705 rank=1
[   7] best_single    score= 0.5755 origin=agent    iters=5 stop=no new information in 3 consecutive turns
         TEST  smape=0.3834  rmse=2211.9923  pocid=0.00  mape=0.5300
         laya iter 1 -> best_ETS conf=0.3549 rank=1
         laya iter 2 -> prune_redundant_full conf=0.3726 obs=pool pool5 (0 models)
         laya iter 3 -> best_ETS conf=0.4427 rank=1
         laya iter 4 -> best_ETS conf=0.4427 rank=1
         laya iter 5 -> best_ETS conf=0.4427 rank=1
[   8] best_single    score= 0.3587 origin=agent    iters=5 stop=no new information in 3 consecutive turns
         TEST  smape=0.0985  rmse=1180.1490  pocid=58.33  mape=0.1080
         laya iter 1 -> select_stable_k5 conf=0.2338 obs=pool pool5 (5 models)
         laya iter 2 -> best_FT_rf conf=0.8016 rank=1
         laya iter 3 -> best_FT_rf conf=0.6446 rank=1
         laya iter 4 -> best_FT_rf conf=0.6446 rank=1
         laya iter 5 -> best_FT_rf conf=0.6446 rank=1
[   9] FAILED: ValueError: Attempt(attempt_id='a1', spec={'combine': 'mean', 'pool': 'pool_full'}, origin='baseline', aggregate={'MAPE': 449127063399.07715, 'SMAPE': 1.7898774944923865, 'RMSE': 1.3448969525482608e+16, 'POCID': 11.111111111111112, 'MSMAPE': 1.7898757100404652, 'MAE': 2300419088549114.5}, per_window=[{'MAPE': 67679287.1044694, 'SMAPE': 1.6750816242357516, 'RMSE': 972792867602.3383, 'POCID': 16.666666666666668, 'MSMAPE': 1.6750808982261276, 'MAE': 310332208958.3476}, {'MAPE': 644284806.4738641, 'SMAPE': 1.828078069998568, 'RMSE': 10068934933181.357, 'POCID': 8.333333333333334, 'MSMAPE': 1.8280741442645996, 'MAE': 3118224854041.5566}, {'MAPE': 1346669226103.653, 'SMAPE': 1.8664727892428394, 'RMSE': 2.3294296331125844e+16, 'POCID': 8.333333333333334, 'MSMAPE': 1.8664720876306686, 'MAE': 6897828708584343.0}], score=0.7777777777777778, rationale='deterministic baseline: plain mean of the full pool', iteration=0, n_models=19, per_window_scores=[0.7666666666666667, 0.7833333333333333, 0.7833333333333333], residuals=[342.9822635874352, 1520.7163923732087, 111667.75548425144, 33302.75375783557, -290838.41811403894, -2887950.3247579886, -22575479.400999192, -175349868.84539896, -1269594201.8708832, -9384245657.996214, -68373824135.98119, -481532673791.331, -3473557127700.1426, -3329.225136455193, -3600.924419315042, 20728.534147035072, 155495.70197346792, 1271560.3553623718, 11068415.243857807, 78314033.10313463, 607293517.443316, 4627772151.466766, 45683346705.58304, 433191092716.70294, 3968889670470.846, 36083833089815.1, 6058.439062535146, 34521.07488303588, 301512.9909657805, 3168526.7979790056, 39170490.96157435, 517270258.87462467, 7272771997.470608, 105530228137.76605, 1570192343518.2407, 23643202720100.016, 359139913698852.2, 5478145212588491.0, 8.3809161327294e+16], agent_converged=True, agent_rationale='laya selected mean_pool_full') is not in list
[  10] best_single    score= 0.0820 origin=agent    iters=5 stop=no new information in 3 consecutive turns
         TEST  smape=0.0835  rmse=32.9368  pocid=58.33  mape=0.0797
         laya iter 1 -> select_stable_k5 conf=0.2781 obs=pool pool5 (5 models)
         laya iter 2 -> best_ONLY_CWT_catboost conf=0.5023 rank=1
         laya iter 3 -> best_ONLY_CWT_catboost conf=0.456 rank=1
         laya iter 4 -> best_ONLY_CWT_catboost conf=0.456 rank=1
         laya iter 5 -> best_ONLY_CWT_catboost conf=0.456 rank=1
[  11] best_single    score= 0.5992 origin=agent    iters=4 stop=no new information in 3 consecutive turns
         TEST  smape=0.0157  rmse=19.9649  pocid=50.00  mape=0.0156
         laya iter 1 -> best_ONLY_FT_rf conf=0.9357 rank=1
         laya iter 2 -> best_ONLY_FT_rf conf=0.9875 rank=1
         laya iter 3 -> best_ONLY_FT_rf conf=0.9875 rank=1
         laya iter 4 -> best_ONLY_FT_rf conf=0.9875 rank=1
[  12] best_single    score= 0.3290 origin=agent    iters=4 stop=no new information in 3 consecutive turns
         TEST  smape=0.0315  rmse=101.0127  pocid=33.33  mape=0.0307
         laya iter 1 -> best_ONLY_FT_catboost conf=0.9065 rank=1
         laya iter 2 -> best_ONLY_FT_catboost conf=0.7843 rank=1
         laya iter 3 -> best_ONLY_FT_catboost conf=0.7843 rank=1
         laya iter 4 -> best_ONLY_FT_catboost conf=0.7843 rank=1
[  13] best_single    score= 0.1890 origin=agent    iters=5 stop=no new information in 3 consecutive turns
         TEST  smape=0.0690  rmse=203.2526  pocid=50.00  mape=0.0723
         laya iter 1 -> select_stable_k5 conf=0.2782 obs=pool pool5 (5 models)
         laya iter 2 -> best_ONLY_DWT_rf conf=0.6335 rank=1
         laya iter 3 -> best_ONLY_DWT_rf conf=0.9073 rank=1
         laya iter 4 -> best_ONLY_DWT_rf conf=0.9073 rank=1
         laya iter 5 -> best_ONLY_DWT_rf conf=0.9073 rank=1
[  14] best_single    score= 0.5339 origin=agent    iters=5 stop=no new information in 3 consecutive turns
         TEST  smape=0.2142  rmse=1183.8257  pocid=33.33  mape=0.2520
         laya iter 1 -> select_stable_k5 conf=0.3075 obs=pool pool5 (5 models)
         laya iter 2 -> best_ONLY_DWT_catboost conf=0.5358 rank=1
         laya iter 3 -> best_ONLY_DWT_catboost conf=0.6825 rank=1
         laya iter 4 -> best_ONLY_DWT_catboost conf=0.6825 rank=1
         laya iter 5 -> best_ONLY_DWT_catboost conf=0.6825 rank=1
[  15] best_single    score= 0.5958 origin=agent    iters=5 stop=no new information in 3 consecutive turns
         TEST  smape=0.1617  rmse=897.0017  pocid=75.00  mape=0.1833
         laya iter 1 -> select_stable_k5 conf=0.2618 obs=pool pool5 (5 models)
         laya iter 2 -> best_ONLY_CWT_catboost conf=0.3435 rank=1
         laya iter 3 -> best_ONLY_CWT_catboost conf=0.7319 rank=1
         laya iter 4 -> best_ONLY_CWT_catboost conf=0.7319 rank=1
         laya iter 5 -> best_ONLY_CWT_catboost conf=0.7319 rank=1
[  16] best_single    score=-0.0817 origin=agent    iters=4 stop=no new information in 3 consecutive turns
         TEST  smape=0.0182  rmse=272.8623  pocid=58.33  mape=0.0179
         laya iter 1 -> best_CWT_rf conf=0.7151 rank=1
         laya iter 2 -> best_CWT_rf conf=0.4323 rank=1
         laya iter 3 -> best_CWT_rf conf=0.4323 rank=1
         laya iter 4 -> best_CWT_rf conf=0.4323 rank=1
[  17] best_single    score= 0.0077 origin=agent    iters=4 stop=no new information in 3 consecutive turns
         TEST  smape=0.0563  rmse=293.5967  pocid=66.67  mape=0.0589
         laya iter 1 -> best_FT_rf conf=0.5364 rank=1
         laya iter 2 -> best_FT_rf conf=0.3395 rank=1
         laya iter 3 -> best_FT_rf conf=0.3395 rank=1
         laya iter 4 -> best_FT_rf conf=0.3395 rank=1
[  18] best_single    score= 0.1286 origin=agent    iters=4 stop=no new information in 3 consecutive turns
         TEST  smape=0.2000  rmse=1243.3159  pocid=50.00  mape=0.1961
         laya iter 1 -> best_FT_rf conf=0.4465 rank=1
         laya iter 2 -> best_FT_rf conf=0.5695 rank=1
         laya iter 3 -> best_FT_rf conf=0.5695 rank=1
         laya iter 4 -> best_FT_rf conf=0.5695 rank=1
[  19] best_single    score= 0.6630 origin=agent    iters=5 stop=no new information in 3 consecutive turns
         TEST  smape=0.1167  rmse=584.5598  pocid=66.67  mape=0.1309
         laya iter 1 -> select_stable_k5 conf=0.3879 obs=pool pool5 (5 models)
         laya iter 2 -> best_FT_catboost conf=0.3697 rank=1
         laya iter 3 -> best_FT_catboost conf=0.5278 rank=1
         laya iter 4 -> best_FT_catboost conf=0.5278 rank=1
         laya iter 5 -> best_FT_catboost conf=0.5278 rank=1
[  20] best_single    score= 0.2907 origin=agent    iters=5 stop=no new information in 3 consecutive turns
         TEST  smape=0.2183  rmse=719.3227  pocid=75.00  mape=0.1894
         laya iter 1 -> select_stable_k5 conf=0.2666 obs=pool pool5 (5 models)
         laya iter 2 -> best_ONLY_DWT_catboost conf=0.4968 rank=1
         laya iter 3 -> best_ONLY_DWT_catboost conf=0.6998 rank=1
         laya iter 4 -> best_ONLY_DWT_catboost conf=0.6998 rank=1
         laya iter 5 -> best_ONLY_DWT_catboost conf=0.6998 rank=1
[  21] best_single    score= 0.3431 origin=agent    iters=4 stop=no new information in 3 consecutive turns
         TEST  smape=0.1543  rmse=685.2353  pocid=58.33  mape=0.1433
         laya iter 1 -> best_catboost conf=0.2941 rank=1
         laya iter 2 -> best_catboost conf=0.5201 rank=1
         laya iter 3 -> best_catboost conf=0.5201 rank=1
         laya iter 4 -> best_catboost conf=0.5201 rank=1
[  22] best_single    score= 0.2987 origin=agent    iters=4 stop=no new information in 3 consecutive turns
         TEST  smape=0.1109  rmse=109.3308  pocid=33.33  mape=0.1226
         laya iter 1 -> best_CWT_rf conf=0.4343 rank=1
         laya iter 2 -> best_CWT_rf conf=0.4616 rank=1
         laya iter 3 -> best_CWT_rf conf=0.4616 rank=1
         laya iter 4 -> best_CWT_rf conf=0.4616 rank=1
[  23] best_single    score= 0.2362 origin=agent    iters=4 stop=no new information in 3 consecutive turns
         TEST  smape=0.2715  rmse=3671.2752  pocid=33.33  mape=0.2790
         laya iter 1 -> best_rf conf=0.8716 rank=1
         laya iter 2 -> best_rf conf=0.709 rank=1
         laya iter 3 -> best_rf conf=0.709 rank=1
         laya iter 4 -> best_rf conf=0.709 rank=1
[  24] best_single    score= 0.3268 origin=agent    iters=4 stop=no new information in 3 consecutive turns
         TEST  smape=0.2115  rmse=545.6557  pocid=75.00  mape=0.1888
         laya iter 1 -> best_FT_catboost conf=0.6763 rank=1
         laya iter 2 -> best_FT_catboost conf=0.9181 rank=1
         laya iter 3 -> best_FT_catboost conf=0.9181 rank=1
         laya iter 4 -> best_FT_catboost conf=0.9181 rank=1
[  25] best_single    score= 0.2710 origin=agent    iters=6 stop=no new information in 3 consecutive turns
         TEST  smape=0.2348  rmse=1308.9514  pocid=66.67  mape=0.2021
         laya iter 1 -> select_stable_k5 conf=0.2552 obs=pool pool5 (5 models)
         laya iter 2 -> best_ONLY_DWT_catboost conf=0.4923 rank=1
         laya iter 3 -> best_CWT_catboost conf=0.5212 rank=1
         laya iter 4 -> best_CWT_catboost conf=0.5212 rank=1
         laya iter 5 -> best_CWT_catboost conf=0.5212 rank=1
         laya iter 6 -> best_CWT_catboost conf=0.5212 rank=1
[  26] best_single    score= 0.3835 origin=agent    iters=5 stop=no new information in 3 consecutive turns
         TEST  smape=0.2381  rmse=785.3271  pocid=66.67  mape=0.2812
         laya iter 1 -> select_stable_k5 conf=0.3748 obs=pool pool5 (5 models)
         laya iter 2 -> best_ARIMA conf=0.4991 rank=1
         laya iter 3 -> best_ARIMA conf=0.7055 rank=1
         laya iter 4 -> best_ARIMA conf=0.7055 rank=1
         laya iter 5 -> best_ARIMA conf=0.7055 rank=1
[  27] best_single    score= 0.4242 origin=agent    iters=4 stop=no new information in 3 consecutive turns
         TEST  smape=0.4628  rmse=3674.7176  pocid=66.67  mape=0.6951
         laya iter 1 -> best_DWT_rf conf=0.3589 rank=1
         laya iter 2 -> best_DWT_rf conf=0.5378 rank=1
         laya iter 3 -> best_DWT_rf conf=0.5378 rank=1
         laya iter 4 -> best_DWT_rf conf=0.5378 rank=1
[  28] best_single    score= 0.2266 origin=agent    iters=5 stop=no new information in 3 consecutive turns
         TEST  smape=0.5452  rmse=696.0374  pocid=58.33  mape=0.4129
         laya iter 1 -> select_stable_k5 conf=0.1984 obs=pool pool5 (5 models)
         laya iter 2 -> best_ONLY_CWT_catboost conf=0.5003 rank=1
         laya iter 3 -> best_ONLY_CWT_catboost conf=0.4471 rank=1
         laya iter 4 -> best_ONLY_CWT_catboost conf=0.4471 rank=1
         laya iter 5 -> best_ONLY_CWT_catboost conf=0.4471 rank=1
[  29] best_single    score= 0.5115 origin=agent    iters=5 stop=no new information in 3 consecutive turns
         TEST  smape=0.1244  rmse=871.2082  pocid=83.33  mape=0.1153
         laya iter 1 -> select_stable_k5 conf=0.2465 obs=pool pool5 (5 models)
         laya iter 2 -> best_FT_catboost conf=0.5319 rank=1
         laya iter 3 -> best_FT_catboost conf=0.4715 rank=1
         laya iter 4 -> best_FT_catboost conf=0.4715 rank=1
         laya iter 5 -> best_FT_catboost conf=0.4715 rank=1
[  30] best_single    score= 0.4192 origin=agent    iters=5 stop=no new information in 3 consecutive turns
         TEST  smape=0.3135  rmse=508.7995  pocid=50.00  mape=0.2710
         laya iter 1 -> select_stable_k5 conf=0.2475 obs=pool pool5 (5 models)
         laya iter 2 -> best_FT_catboost conf=0.496 rank=1
         laya iter 3 -> best_FT_catboost conf=0.4609 rank=1
         laya iter 4 -> best_FT_catboost conf=0.4609 rank=1
         laya iter 5 -> best_FT_catboost conf=0.4609 rank=1
[  31] best_single    score= 0.4755 origin=agent    iters=6 stop=no new information in 3 consecutive turns
         TEST  smape=0.3888  rmse=2340.7210  pocid=41.67  mape=0.3137
         laya iter 1 -> select_stable_k5 conf=0.3939 obs=pool pool5 (5 models)
         laya iter 2 -> best_rf conf=0.304 rank=1
         laya iter 3 -> best_catboost conf=0.7636 rank=1
         laya iter 4 -> best_catboost conf=0.7636 rank=1
         laya iter 5 -> best_catboost conf=0.7636 rank=1
         laya iter 6 -> best_catboost conf=0.7636 rank=1
[  32] best_single    score= 0.2960 origin=agent    iters=4 stop=no new information in 3 consecutive turns
         TEST  smape=0.1618  rmse=573.2532  pocid=83.33  mape=0.1884
         laya iter 1 -> best_DWT_rf conf=0.304 rank=1
         laya iter 2 -> best_DWT_rf conf=0.7252 rank=1
         laya iter 3 -> best_DWT_rf conf=0.7252 rank=1
         laya iter 4 -> best_DWT_rf conf=0.7252 rank=1
[  33] best_single    score= 0.3274 origin=agent    iters=4 stop=no new information in 3 consecutive turns
         TEST  smape=0.1411  rmse=349.2867  pocid=75.00  mape=0.1378
         laya iter 1 -> best_ONLY_DWT_rf conf=0.4767 rank=1
         laya iter 2 -> best_ONLY_DWT_rf conf=0.5746 rank=1
         laya iter 3 -> best_ONLY_DWT_rf conf=0.5746 rank=1
         laya iter 4 -> best_ONLY_DWT_rf conf=0.5746 rank=1
[  34] best_single    score= 0.3559 origin=agent    iters=5 stop=no new information in 3 consecutive turns
         TEST  smape=0.2296  rmse=464.2917  pocid=83.33  mape=0.1999
         laya iter 1 -> select_stable_k5 conf=0.273 obs=pool pool5 (5 models)
         laya iter 2 -> best_CWT_catboost conf=0.6269 rank=1
         laya iter 3 -> best_CWT_catboost conf=0.8421 rank=1
         laya iter 4 -> best_CWT_catboost conf=0.8421 rank=1
         laya iter 5 -> best_CWT_catboost conf=0.8421 rank=1
[  35] best_single    score= 0.4046 origin=agent    iters=5 stop=no new information in 3 consecutive turns
         TEST  smape=0.1321  rmse=2352.5976  pocid=66.67  mape=0.1424
         laya iter 1 -> select_stable_k5 conf=0.2286 obs=pool pool5 (5 models)
         laya iter 2 -> best_ONLY_DWT_rf conf=0.4234 rank=1
         laya iter 3 -> best_ONLY_DWT_rf conf=0.3725 rank=1
         laya iter 4 -> best_ONLY_DWT_rf conf=0.3725 rank=1
         laya iter 5 -> best_ONLY_DWT_rf conf=0.3725 rank=1
[  36] best_single    score= 0.3003 origin=agent    iters=5 stop=no new information in 3 consecutive turns
         TEST  smape=0.0700  rmse=226.4983  pocid=50.00  mape=0.0730
         laya iter 1 -> best_rf conf=0.4227 rank=1
         laya iter 2 -> best_ONLY_CWT_catboost conf=0.6477 rank=2
         laya iter 3 -> best_ONLY_CWT_catboost conf=0.6477 rank=2
         laya iter 4 -> best_ONLY_CWT_catboost conf=0.6477 rank=2
         laya iter 5 -> best_ONLY_CWT_catboost conf=0.6477 rank=2
[  37] best_single    score= 1.3632 origin=agent    iters=4 stop=no new information in 3 consecutive turns
         TEST  smape=0.0174  rmse=58.0654  pocid=75.00  mape=0.0175
         laya iter 1 -> best_DWT_rf conf=0.3864 rank=1
         laya iter 2 -> best_DWT_rf conf=0.827 rank=1
         laya iter 3 -> best_DWT_rf conf=0.827 rank=1
         laya iter 4 -> best_DWT_rf conf=0.827 rank=1
[  38] best_single    score= 0.0144 origin=agent    iters=5 stop=no new information in 3 consecutive turns
         TEST  smape=0.0312  rmse=200.4735  pocid=33.33  mape=0.0318
         laya iter 1 -> select_stable_k5 conf=0.3318 obs=pool pool5 (5 models)
         laya iter 2 -> best_ONLY_DWT_rf conf=0.8805 rank=1
         laya iter 3 -> best_ONLY_DWT_rf conf=0.983 rank=1
         laya iter 4 -> best_ONLY_DWT_rf conf=0.983 rank=1
         laya iter 5 -> best_ONLY_DWT_rf conf=0.983 rank=1
[  39] best_single    score=-0.0034 origin=agent    iters=4 stop=no new information in 3 consecutive turns
         TEST  smape=0.0323  rmse=205.7199  pocid=33.33  mape=0.0329
         laya iter 1 -> best_ONLY_DWT_rf conf=0.4442 rank=1
         laya iter 2 -> best_ONLY_DWT_rf conf=0.5189 rank=1
         laya iter 3 -> best_ONLY_DWT_rf conf=0.5189 rank=1
         laya iter 4 -> best_ONLY_DWT_rf conf=0.5189 rank=1
[  40] best_single    score= 0.1200 origin=agent    iters=4 stop=no new information in 3 consecutive turns
         TEST  smape=0.0181  rmse=125.9207  pocid=25.00  mape=0.0183
         laya iter 1 -> best_FT_catboost conf=0.5302 rank=1
         laya iter 2 -> best_FT_catboost conf=0.4663 rank=1
         laya iter 3 -> best_FT_catboost conf=0.4663 rank=1
         laya iter 4 -> best_FT_catboost conf=0.4663 rank=1
[  41] best_single    score= 0.1940 origin=agent    iters=6 stop=no new information in 3 consecutive turns
         TEST  smape=0.0137  rmse=99.9876  pocid=8.33  mape=0.0138
         laya iter 1 -> select_stable_k5 conf=0.2625 obs=pool pool5 (5 models)
         laya iter 2 -> best_FT_rf conf=0.5931 rank=1
         laya iter 3 -> best_DWT_catboost conf=0.6674 rank=1
         laya iter 4 -> best_DWT_catboost conf=0.6674 rank=1
         laya iter 5 -> best_DWT_catboost conf=0.6674 rank=1
         laya iter 6 -> best_DWT_catboost conf=0.6674 rank=1
[  42] best_single    score= 0.2332 origin=agent    iters=4 stop=no new information in 3 consecutive turns
         TEST  smape=0.0078  rmse=56.4871  pocid=66.67  mape=0.0077
         laya iter 1 -> best_DWT_rf conf=0.3372 rank=1
         laya iter 2 -> best_DWT_rf conf=0.6519 rank=1
         laya iter 3 -> best_DWT_rf conf=0.6519 rank=1
         laya iter 4 -> best_DWT_rf conf=0.6519 rank=1
[  43] best_single    score= 0.0267 origin=agent    iters=5 stop=no new information in 3 consecutive turns
         TEST  smape=0.0234  rmse=146.9084  pocid=41.67  mape=0.0237
         laya iter 1 -> select_stable_k5 conf=0.2623 obs=pool pool5 (5 models)
         laya iter 2 -> best_ONLY_CWT_rf conf=0.8691 rank=1
         laya iter 3 -> best_ONLY_CWT_rf conf=0.5509 rank=1
         laya iter 4 -> best_ONLY_CWT_rf conf=0.5509 rank=1
         laya iter 5 -> best_ONLY_CWT_rf conf=0.5509 rank=1
[  44] best_single    score= 0.4210 origin=agent    iters=4 stop=no new information in 3 consecutive turns
         TEST  smape=0.0403  rmse=152.1604  pocid=33.33  mape=0.0391
         laya iter 1 -> best_ONLY_FT_catboost conf=0.5757 rank=1
         laya iter 2 -> best_ONLY_FT_catboost conf=0.7759 rank=1
         laya iter 3 -> best_ONLY_FT_catboost conf=0.7759 rank=1
         laya iter 4 -> best_ONLY_FT_catboost conf=0.7759 rank=1
[  45] best_single    score= 0.1450 origin=agent    iters=6 stop=no new information in 3 consecutive turns
         TEST  smape=0.0609  rmse=197.8895  pocid=58.33  mape=0.0629
         laya iter 1 -> select_stable_k5 conf=0.2777 obs=pool pool5 (5 models)
         laya iter 2 -> best_FT_catboost conf=0.4374 rank=1
         laya iter 3 -> best_ONLY_CWT_rf conf=0.5257 rank=1
         laya iter 4 -> best_ONLY_CWT_rf conf=0.5257 rank=1
         laya iter 5 -> best_ONLY_CWT_rf conf=0.5257 rank=1
         laya iter 6 -> best_ONLY_CWT_rf conf=0.5257 rank=1
[  46] best_single    score= 0.4413 origin=agent    iters=4 stop=no new information in 3 consecutive turns
         TEST  smape=0.0412  rmse=151.3095  pocid=41.67  mape=0.0400
         laya iter 1 -> best_ONLY_FT_catboost conf=0.8278 rank=1
         laya iter 2 -> best_ONLY_FT_catboost conf=0.6628 rank=1
         laya iter 3 -> best_ONLY_FT_catboost conf=0.6628 rank=1
         laya iter 4 -> best_ONLY_FT_catboost conf=0.6628 rank=1
[  47] best_single    score= 0.1076 origin=agent    iters=4 stop=no new information in 3 consecutive turns
         TEST  smape=0.0166  rmse=51.0157  pocid=75.00  mape=0.0164
         laya iter 1 -> best_ONLY_DWT_rf conf=0.3283 rank=1
         laya iter 2 -> best_ONLY_DWT_rf conf=0.7124 rank=1
         laya iter 3 -> best_ONLY_DWT_rf conf=0.7124 rank=1
         laya iter 4 -> best_ONLY_DWT_rf conf=0.7124 rank=1
[  48] best_single    score= 0.5303 origin=agent    iters=5 stop=no new information in 3 consecutive turns
         TEST  smape=0.0207  rmse=82.3848  pocid=66.67  mape=0.0209
         laya iter 1 -> best_catboost conf=0.2715 rank=1
         laya iter 2 -> best_ONLY_CWT_catboost conf=0.4293 rank=2
         laya iter 3 -> best_ONLY_CWT_catboost conf=0.4293 rank=2
         laya iter 4 -> best_ONLY_CWT_catboost conf=0.4293 rank=2
         laya iter 5 -> best_ONLY_CWT_catboost conf=0.4293 rank=2
[  49] best_single    score= 0.3806 origin=agent    iters=5 stop=no new information in 3 consecutive turns
         TEST  smape=0.0259  rmse=95.3041  pocid=41.67  mape=0.0259
         laya iter 1 -> select_stable_k5 conf=0.2888 obs=pool pool5 (5 models)
         laya iter 2 -> best_DWT_catboost conf=0.5799 rank=1
         laya iter 3 -> best_DWT_catboost conf=0.9298 rank=1
         laya iter 4 -> best_DWT_catboost conf=0.9298 rank=1
         laya iter 5 -> best_DWT_catboost conf=0.9298 rank=1
[  50] best_single    score= 0.0892 origin=agent    iters=4 stop=no new information in 3 consecutive turns
         TEST  smape=0.0159  rmse=121.4403  pocid=33.33  mape=0.0161
         laya iter 1 -> best_ONLY_CWT_rf conf=0.8897 rank=1
         laya iter 2 -> best_ONLY_CWT_rf conf=0.9904 rank=1
         laya iter 3 -> best_ONLY_CWT_rf conf=0.9904 rank=1
         laya iter 4 -> best_ONLY_CWT_rf conf=0.9904 rank=1
[  51] best_single    score= 0.1816 origin=agent    iters=4 stop=no new information in 3 consecutive turns
         TEST  smape=0.0146  rmse=134.0292  pocid=41.67  mape=0.0148
         laya iter 1 -> best_CWT_rf conf=0.3933 rank=1
         laya iter 2 -> best_CWT_rf conf=0.7007 rank=1
         laya iter 3 -> best_CWT_rf conf=0.7007 rank=1
         laya iter 4 -> best_CWT_rf conf=0.7007 rank=1
[  52] best_single    score= 0.4421 origin=agent    iters=5 stop=no new information in 3 consecutive turns
         TEST  smape=0.1356  rmse=316.7600  pocid=50.00  mape=0.1238
         laya iter 1 -> select_stable_k5 conf=0.2519 obs=pool pool5 (5 models)
         laya iter 2 -> best_CWT_catboost conf=0.5016 rank=1
         laya iter 3 -> best_CWT_catboost conf=0.8009 rank=1
         laya iter 4 -> best_CWT_catboost conf=0.8009 rank=1
         laya iter 5 -> best_CWT_catboost conf=0.8009 rank=1
[  53] best_single    score=-0.1004 origin=agent    iters=6 stop=no new information in 3 consecutive turns
         TEST  smape=0.0116  rmse=36.4830  pocid=58.33  mape=0.0118
         laya iter 1 -> select_stable_k5 conf=0.2858 obs=pool pool5 (5 models)
         laya iter 2 -> best_ONLY_DWT_catboost conf=0.3668 rank=1
         laya iter 3 -> best_DWT_catboost conf=0.6476 rank=2
         laya iter 4 -> best_DWT_catboost conf=0.6476 rank=2
         laya iter 5 -> best_DWT_catboost conf=0.6476 rank=2
         laya iter 6 -> best_DWT_catboost conf=0.6476 rank=2
[  54] best_single    score= 0.2837 origin=agent    iters=4 stop=no new information in 3 consecutive turns
         TEST  smape=0.0503  rmse=327.8838  pocid=66.67  mape=0.0525
         laya iter 1 -> best_FT_rf conf=0.3478 rank=1
         laya iter 2 -> best_FT_rf conf=0.6413 rank=1
         laya iter 3 -> best_FT_rf conf=0.6413 rank=1
         laya iter 4 -> best_FT_rf conf=0.6413 rank=1
[  55] best_single    score= 0.5553 origin=agent    iters=4 stop=no new information in 3 consecutive turns
         TEST  smape=0.2382  rmse=824.7350  pocid=41.67  mape=0.2097
         laya iter 1 -> best_ONLY_DWT_catboost conf=0.3366 rank=1
         laya iter 2 -> best_ONLY_DWT_catboost conf=0.5688 rank=1
         laya iter 3 -> best_ONLY_DWT_catboost conf=0.5688 rank=1
         laya iter 4 -> best_ONLY_DWT_catboost conf=0.5688 rank=1
[  56] best_single    score= 0.3096 origin=agent    iters=4 stop=no new information in 3 consecutive turns
         TEST  smape=0.4169  rmse=559.5087  pocid=75.00  mape=0.3052
         laya iter 1 -> best_CWT_rf conf=0.4232 rank=1
         laya iter 2 -> best_CWT_rf conf=0.5609 rank=1
         laya iter 3 -> best_CWT_rf conf=0.5609 rank=1
         laya iter 4 -> best_CWT_rf conf=0.5609 rank=1
[  57] best_single    score= 0.4900 origin=agent    iters=5 stop=no new information in 3 consecutive turns
         TEST  smape=0.1107  rmse=439.7044  pocid=58.33  mape=0.1037
         laya iter 1 -> select_stable_k5 conf=0.2903 obs=pool pool5 (5 models)
         laya iter 2 -> best_FT_catboost conf=0.3689 rank=1
         laya iter 3 -> best_FT_catboost conf=0.3298 rank=1
         laya iter 4 -> best_FT_catboost conf=0.3298 rank=1
         laya iter 5 -> best_FT_catboost conf=0.3298 rank=1
[  58] best_single    score= 0.5868 origin=agent    iters=4 stop=no new information in 3 consecutive turns
         TEST  smape=0.2166  rmse=495.5378  pocid=100.00  mape=0.2572
         laya iter 1 -> best_FT_rf conf=0.9798 rank=1
         laya iter 2 -> best_FT_rf conf=0.868 rank=1
         laya iter 3 -> best_FT_rf conf=0.868 rank=1
         laya iter 4 -> best_FT_rf conf=0.868 rank=1
[  59] best_single    score= 0.1812 origin=agent    iters=5 stop=no new information in 3 consecutive turns
         TEST  smape=0.0375  rmse=385.9353  pocid=66.67  mape=0.0366
         laya iter 1 -> best_ONLY_CWT_catboost conf=0.3007 rank=1
         laya iter 2 -> best_FT_rf conf=0.5363 rank=2
         laya iter 3 -> best_FT_rf conf=0.5363 rank=2
         laya iter 4 -> best_FT_rf conf=0.5363 rank=2
         laya iter 5 -> best_FT_rf conf=0.5363 rank=2
[  60] best_single    score= 0.0952 origin=agent    iters=4 stop=no new information in 3 consecutive turns
         TEST  smape=0.0403  rmse=485.0615  pocid=16.67  mape=0.0410
         laya iter 1 -> best_DWT_rf conf=0.3372 rank=1
         laya iter 2 -> best_DWT_rf conf=0.3451 rank=1
         laya iter 3 -> best_DWT_rf conf=0.3451 rank=1
         laya iter 4 -> best_DWT_rf conf=0.3451 rank=1
[  61] best_single    score= 0.0737 origin=agent    iters=4 stop=no new information in 3 consecutive turns
         TEST  smape=0.0211  rmse=201.4007  pocid=33.33  mape=0.0209
         laya iter 1 -> best_CWT_rf conf=0.447 rank=1
         laya iter 2 -> best_CWT_rf conf=0.6372 rank=1
         laya iter 3 -> best_CWT_rf conf=0.6372 rank=1
         laya iter 4 -> best_CWT_rf conf=0.6372 rank=1
[  62] best_single    score= 0.0634 origin=agent    iters=6 stop=no new information in 3 consecutive turns
         TEST  smape=0.0200  rmse=212.1813  pocid=33.33  mape=0.0195
         laya iter 1 -> select_stable_k5 conf=0.2809 obs=pool pool5 (5 models)
         laya iter 2 -> best_DWT_rf conf=0.8453 rank=1
         laya iter 3 -> best_DWT_catboost conf=0.5675 rank=1
         laya iter 4 -> best_DWT_catboost conf=0.5675 rank=1
         laya iter 5 -> best_DWT_catboost conf=0.5675 rank=1
         laya iter 6 -> best_DWT_catboost conf=0.5675 rank=1
[  63] best_single    score=-0.0941 origin=agent    iters=5 stop=no new information in 3 consecutive turns
         TEST  smape=0.0154  rmse=333.2679  pocid=100.00  mape=0.0152
         laya iter 1 -> select_stable_k5 conf=0.2913 obs=pool pool5 (5 models)
         laya iter 2 -> best_ONLY_CWT_rf conf=0.8119 rank=1
         laya iter 3 -> best_ONLY_CWT_rf conf=0.9784 rank=1
         laya iter 4 -> best_ONLY_CWT_rf conf=0.9784 rank=1
         laya iter 5 -> best_ONLY_CWT_rf conf=0.9784 rank=1
[  64] best_single    score=-0.1076 origin=agent    iters=5 stop=no new information in 3 consecutive turns
         TEST  smape=0.0212  rmse=541.7724  pocid=91.67  mape=0.0209
         laya iter 1 -> select_stable_k5 conf=0.3383 obs=pool pool5 (5 models)
         laya iter 2 -> best_DWT_rf conf=0.9153 rank=1
         laya iter 3 -> best_DWT_rf conf=0.9674 rank=1
         laya iter 4 -> best_DWT_rf conf=0.9674 rank=1
         laya iter 5 -> best_DWT_rf conf=0.9674 rank=1
[  65] best_single    score=-0.1409 origin=agent    iters=5 stop=no new information in 3 consecutive turns
         TEST  smape=0.0037  rmse=39.0025  pocid=100.00  mape=0.0037
         laya iter 1 -> select_stable_k5 conf=0.3035 obs=pool pool5 (5 models)
         laya iter 2 -> best_CWT_rf conf=0.5537 rank=1
         laya iter 3 -> best_CWT_rf conf=0.7392 rank=1
         laya iter 4 -> best_CWT_rf conf=0.7392 rank=1
         laya iter 5 -> best_CWT_rf conf=0.7392 rank=1
[  66] best_single    score= 0.0516 origin=agent    iters=5 stop=no new information in 3 consecutive turns
         TEST  smape=0.0260  rmse=413.6317  pocid=66.67  mape=0.0255
         laya iter 1 -> select_stable_k5 conf=0.2754 obs=pool pool5 (5 models)
         laya iter 2 -> best_FT_catboost conf=0.5821 rank=1
         laya iter 3 -> best_FT_catboost conf=0.6313 rank=1
         laya iter 4 -> best_FT_catboost conf=0.6313 rank=1
         laya iter 5 -> best_FT_catboost conf=0.6313 rank=1
[  67] best_single    score=-0.0483 origin=agent    iters=4 stop=no new information in 3 consecutive turns
         TEST  smape=0.0059  rmse=49.6992  pocid=75.00  mape=0.0059
         laya iter 1 -> best_rf conf=0.9727 rank=1
         laya iter 2 -> best_rf conf=0.9548 rank=1
         laya iter 3 -> best_rf conf=0.9548 rank=1
         laya iter 4 -> best_rf conf=0.9548 rank=1
[  68] best_single    score=-0.0240 origin=agent    iters=4 stop=no new information in 3 consecutive turns
         TEST  smape=0.0141  rmse=103.0350  pocid=66.67  mape=0.0140
         laya iter 1 -> best_ONLY_CWT_rf conf=0.327 rank=1
         laya iter 2 -> best_ONLY_CWT_rf conf=0.3663 rank=1
         laya iter 3 -> best_ONLY_CWT_rf conf=0.3663 rank=1
         laya iter 4 -> best_ONLY_CWT_rf conf=0.3663 rank=1
[  69] best_single    score=-0.0489 origin=agent    iters=5 stop=no new information in 3 consecutive turns
         TEST  smape=0.0101  rmse=35.3591  pocid=75.00  mape=0.0100
         laya iter 1 -> select_stable_k5 conf=0.2964 obs=pool pool5 (5 models)
         laya iter 2 -> best_DWT_catboost conf=0.4668 rank=1
         laya iter 3 -> best_DWT_catboost conf=0.6209 rank=1
         laya iter 4 -> best_DWT_catboost conf=0.6209 rank=1
         laya iter 5 -> best_DWT_catboost conf=0.6209 rank=1
[  70] best_single    score= 0.1696 origin=agent    iters=5 stop=no new information in 3 consecutive turns
         TEST  smape=0.0160  rmse=36.7688  pocid=75.00  mape=0.0158
         laya iter 1 -> select_stable_k5 conf=0.3278 obs=pool pool5 (5 models)
         laya iter 2 -> best_DWT_rf conf=0.5291 rank=1
         laya iter 3 -> best_DWT_rf conf=0.5414 rank=1
         laya iter 4 -> best_DWT_rf conf=0.5414 rank=1
         laya iter 5 -> best_DWT_rf conf=0.5414 rank=1
[  71] best_single    score= 0.1402 origin=agent    iters=6 stop=no new information in 3 consecutive turns
         TEST  smape=0.4308  rmse=804.4260  pocid=50.00  mape=0.2844
         laya iter 1 -> select_stable_k5 conf=0.2553 obs=pool pool5 (5 models)
         laya iter 2 -> best_ONLY_DWT_catboost conf=0.3056 rank=1
         laya iter 3 -> best_CWT_catboost conf=0.3017 rank=1
         laya iter 4 -> best_CWT_catboost conf=0.3017 rank=1
         laya iter 5 -> best_CWT_catboost conf=0.3017 rank=1
         laya iter 6 -> best_CWT_catboost conf=0.3017 rank=1
[  72] best_single    score= 0.1179 origin=agent    iters=6 stop=no new information in 3 consecutive turns
         TEST  smape=0.0625  rmse=151.3030  pocid=75.00  mape=0.0591
         laya iter 1 -> select_stable_k5 conf=0.2574 obs=pool pool5 (5 models)
         laya iter 2 -> best_ONLY_DWT_rf conf=0.5124 rank=1
         laya iter 3 -> best_CWT_rf conf=0.5398 rank=1
         laya iter 4 -> best_CWT_rf conf=0.5398 rank=1
         laya iter 5 -> best_CWT_rf conf=0.5398 rank=1
         laya iter 6 -> best_CWT_rf conf=0.5398 rank=1
[  73] best_single    score= 0.6735 origin=agent    iters=5 stop=no new information in 3 consecutive turns
         TEST  smape=0.1807  rmse=944.1360  pocid=33.33  mape=0.1646
         laya iter 1 -> select_stable_k5 conf=0.3518 obs=pool pool5 (5 models)
         laya iter 2 -> best_ONLY_FT_rf conf=0.5252 rank=1
         laya iter 3 -> best_ONLY_FT_rf conf=0.7396 rank=1
         laya iter 4 -> best_ONLY_FT_rf conf=0.7396 rank=1
         laya iter 5 -> best_ONLY_FT_rf conf=0.7396 rank=1
[  74] best_single    score= 0.0458 origin=agent    iters=6 stop=no new information in 3 consecutive turns
         TEST  smape=0.0413  rmse=1288.3566  pocid=41.67  mape=0.0427
         laya iter 1 -> select_stable_k5 conf=0.2485 obs=pool pool5 (5 models)
         laya iter 2 -> best_ONLY_CWT_catboost conf=0.6283 rank=1
         laya iter 3 -> best_ONLY_DWT_catboost conf=0.8565 rank=1
         laya iter 4 -> best_ONLY_DWT_catboost conf=0.8565 rank=1
         laya iter 5 -> best_ONLY_DWT_catboost conf=0.8565 rank=1
         laya iter 6 -> best_ONLY_DWT_catboost conf=0.8565 rank=1
[  75] best_single    score= 0.0053 origin=agent    iters=4 stop=no new information in 3 consecutive turns
         TEST  smape=0.2614  rmse=120.3483  pocid=8.33  mape=0.3450
         laya iter 1 -> best_catboost conf=0.4283 rank=1
         laya iter 2 -> best_catboost conf=0.6279 rank=1
         laya iter 3 -> best_catboost conf=0.6279 rank=1
         laya iter 4 -> best_catboost conf=0.6279 rank=1
[  76] best_single    score=-0.0651 origin=agent    iters=4 stop=no new information in 3 consecutive turns
         TEST  smape=0.2381  rmse=1010.6013  pocid=58.33  mape=0.2109
         laya iter 1 -> best_ONLY_DWT_rf conf=0.7285 rank=1
         laya iter 2 -> best_ONLY_DWT_rf conf=0.9088 rank=1
         laya iter 3 -> best_ONLY_DWT_rf conf=0.9088 rank=1
         laya iter 4 -> best_ONLY_DWT_rf conf=0.9088 rank=1
[  77] best_single    score= 0.3725 origin=agent    iters=4 stop=no new information in 3 consecutive turns
         TEST  smape=0.2199  rmse=949.6860  pocid=91.67  mape=0.1958
         laya iter 1 -> best_ONLY_CWT_catboost conf=0.9558 rank=1
         laya iter 2 -> best_ONLY_CWT_catboost conf=0.9854 rank=1
         laya iter 3 -> best_ONLY_CWT_catboost conf=0.9854 rank=1
         laya iter 4 -> best_ONLY_CWT_catboost conf=0.9854 rank=1
[  78] best_single    score= 0.6782 origin=agent    iters=5 stop=no new information in 3 consecutive turns
         TEST  smape=0.1209  rmse=235.4968  pocid=50.00  mape=0.1133
         laya iter 1 -> select_stable_k5 conf=0.2784 obs=pool pool5 (5 models)
         laya iter 2 -> best_ONLY_DWT_rf conf=0.4124 rank=1
         laya iter 3 -> best_ONLY_DWT_rf conf=0.4757 rank=1
         laya iter 4 -> best_ONLY_DWT_rf conf=0.4757 rank=1
         laya iter 5 -> best_ONLY_DWT_rf conf=0.4757 rank=1
[  79] best_single    score= 0.6966 origin=agent    iters=6 stop=no new information in 3 consecutive turns
         TEST  smape=0.1467  rmse=306.0415  pocid=58.33  mape=0.1594
         laya iter 1 -> select_stable_k5 conf=0.2368 obs=pool pool5 (5 models)
         laya iter 2 -> best_ONLY_DWT_catboost conf=0.5756 rank=1
         laya iter 3 -> best_FT_rf conf=0.52 rank=1
         laya iter 4 -> best_FT_rf conf=0.52 rank=1
         laya iter 5 -> best_FT_rf conf=0.52 rank=1
         laya iter 6 -> best_FT_rf conf=0.52 rank=1
[  80] best_single    score= 0.1345 origin=agent    iters=4 stop=no new information in 3 consecutive turns
         TEST  smape=0.0292  rmse=837.4919  pocid=58.33  mape=0.0297
         laya iter 1 -> best_ONLY_DWT_rf conf=0.3848 rank=1
         laya iter 2 -> best_ONLY_DWT_rf conf=0.9104 rank=1
         laya iter 3 -> best_ONLY_DWT_rf conf=0.9104 rank=1
         laya iter 4 -> best_ONLY_DWT_rf conf=0.9104 rank=1
[  81] best_single    score=-0.1398 origin=agent    iters=6 stop=no new information in 3 consecutive turns
         TEST  smape=0.0023  rmse=11.3651  pocid=83.33  mape=0.0023
         laya iter 1 -> select_stable_k5 conf=0.3172 obs=pool pool5 (5 models)
         laya iter 2 -> best_FT_rf conf=0.5233 rank=1
         laya iter 3 -> best_ONLY_FT_catboost conf=0.6305 rank=2
         laya iter 4 -> best_ONLY_FT_catboost conf=0.6305 rank=2
         laya iter 5 -> best_ONLY_FT_catboost conf=0.6305 rank=2
         laya iter 6 -> best_ONLY_FT_catboost conf=0.6305 rank=2
[  82] best_single    score= 0.3738 origin=agent    iters=5 stop=no new information in 3 consecutive turns
         TEST  smape=0.0316  rmse=273.9036  pocid=33.33  mape=0.0326
         laya iter 1 -> select_stable_k5 conf=0.2798 obs=pool pool5 (5 models)
         laya iter 2 -> best_rf conf=0.7878 rank=1
         laya iter 3 -> best_rf conf=0.893 rank=1
         laya iter 4 -> best_rf conf=0.893 rank=1
         laya iter 5 -> best_rf conf=0.893 rank=1
[  83] best_single    score= 0.3592 origin=agent    iters=4 stop=no new information in 3 consecutive turns
         TEST  smape=0.0077  rmse=54.6133  pocid=75.00  mape=0.0076
         laya iter 1 -> best_DWT_rf conf=0.4702 rank=1
         laya iter 2 -> best_DWT_rf conf=0.317 rank=1
         laya iter 3 -> best_DWT_rf conf=0.317 rank=1
         laya iter 4 -> best_DWT_rf conf=0.317 rank=1
[  84] best_single    score=-0.0749 origin=agent    iters=5 stop=no new information in 3 consecutive turns
         TEST  smape=0.0091  rmse=199.7728  pocid=83.33  mape=0.0090
         laya iter 1 -> best_ONLY_CWT_catboost conf=0.3524 rank=1
         laya iter 2 -> best_rf conf=0.4116 rank=2
         laya iter 3 -> best_rf conf=0.4116 rank=2
         laya iter 4 -> best_rf conf=0.4116 rank=2
         laya iter 5 -> best_rf conf=0.4116 rank=2
[  85] best_single    score=-0.0753 origin=agent    iters=4 stop=no new information in 3 consecutive turns
         TEST  smape=0.0122  rmse=228.7026  pocid=75.00  mape=0.0121
         laya iter 1 -> best_ONLY_CWT_catboost conf=0.3895 rank=1
         laya iter 2 -> best_ONLY_CWT_catboost conf=0.8313 rank=1
         laya iter 3 -> best_ONLY_CWT_catboost conf=0.8313 rank=1
         laya iter 4 -> best_ONLY_CWT_catboost conf=0.8313 rank=1
[  86] best_single    score=-0.0638 origin=agent    iters=6 stop=no new information in 3 consecutive turns
         TEST  smape=0.0319  rmse=36.8164  pocid=58.33  mape=0.0313
         laya iter 1 -> select_stable_k5 conf=0.3266 obs=pool pool5 (5 models)
         laya iter 2 -> best_ONLY_CWT_catboost conf=0.5169 rank=1
         laya iter 3 -> best_CWT_catboost conf=0.8895 rank=1
         laya iter 4 -> best_CWT_catboost conf=0.8895 rank=1
         laya iter 5 -> best_CWT_catboost conf=0.8895 rank=1
         laya iter 6 -> best_CWT_catboost conf=0.8895 rank=1
[  87] best_single    score=-0.0639 origin=agent    iters=4 stop=no new information in 3 consecutive turns
         TEST  smape=0.0055  rmse=80.2186  pocid=75.00  mape=0.0055
         laya iter 1 -> best_rf conf=0.5183 rank=1
         laya iter 2 -> best_rf conf=0.9567 rank=1
         laya iter 3 -> best_rf conf=0.9567 rank=1
         laya iter 4 -> best_rf conf=0.9567 rank=1
[  88] best_single    score=-0.0035 origin=agent    iters=5 stop=no new information in 3 consecutive turns
         TEST  smape=0.1119  rmse=138.8863  pocid=58.33  mape=0.1193
         laya iter 1 -> select_stable_k5 conf=0.3056 obs=pool pool5 (5 models)
         laya iter 2 -> best_ONLY_FT_catboost conf=0.3667 rank=1
         laya iter 3 -> best_ONLY_FT_catboost conf=0.4432 rank=1
         laya iter 4 -> best_ONLY_FT_catboost conf=0.4432 rank=1
         laya iter 5 -> best_ONLY_FT_catboost conf=0.4432 rank=1
[  89] best_single    score= 0.0373 origin=agent    iters=5 stop=no new information in 3 consecutive turns
         TEST  smape=0.0213  rmse=45.3663  pocid=83.33  mape=0.0216
         laya iter 1 -> select_stable_k5 conf=0.3035 obs=pool pool5 (5 models)
         laya iter 2 -> best_ONLY_DWT_rf conf=0.5382 rank=1
         laya iter 3 -> best_ONLY_DWT_rf conf=0.7548 rank=1
         laya iter 4 -> best_ONLY_DWT_rf conf=0.7548 rank=1
         laya iter 5 -> best_ONLY_DWT_rf conf=0.7548 rank=1
[  90] best_single    score=-0.0140 origin=agent    iters=4 stop=no new information in 3 consecutive turns
         TEST  smape=0.0294  rmse=621.4291  pocid=66.67  mape=0.0299
         laya iter 1 -> best_ONLY_FT_catboost conf=0.9614 rank=1
         laya iter 2 -> best_ONLY_FT_catboost conf=0.8514 rank=1
         laya iter 3 -> best_ONLY_FT_catboost conf=0.8514 rank=1
         laya iter 4 -> best_ONLY_FT_catboost conf=0.8514 rank=1
[  91] best_single    score=-0.0695 origin=agent    iters=5 stop=no new information in 3 consecutive turns
         TEST  smape=0.0657  rmse=1644.7229  pocid=58.33  mape=0.0684
         laya iter 1 -> best_FT_rf conf=0.4686 rank=1
         laya iter 2 -> best_ONLY_CWT_rf conf=0.8753 rank=2
         laya iter 3 -> best_ONLY_CWT_rf conf=0.8753 rank=2
         laya iter 4 -> best_ONLY_CWT_rf conf=0.8753 rank=2
         laya iter 5 -> best_ONLY_CWT_rf conf=0.8753 rank=2
[  92] best_single    score= 0.3060 origin=agent    iters=5 stop=no new information in 3 consecutive turns
         TEST  smape=0.0028  rmse=5.7966  pocid=83.33  mape=0.0028
         laya iter 1 -> select_stable_k5 conf=0.3198 obs=pool pool5 (5 models)
         laya iter 2 -> best_CWT_catboost conf=0.4283 rank=1
         laya iter 3 -> best_CWT_catboost conf=0.4063 rank=1
         laya iter 4 -> best_CWT_catboost conf=0.4063 rank=1
         laya iter 5 -> best_CWT_catboost conf=0.4063 rank=1
[  93] best_single    score= 0.2520 origin=agent    iters=4 stop=no new information in 3 consecutive turns
         TEST  smape=0.1270  rmse=271.7649  pocid=33.33  mape=0.1177
         laya iter 1 -> best_rf conf=0.432 rank=1
         laya iter 2 -> best_rf conf=0.8089 rank=1
         laya iter 3 -> best_rf conf=0.8089 rank=1
         laya iter 4 -> best_rf conf=0.8089 rank=1
[  94] best_single    score= 0.3936 origin=agent    iters=4 stop=no new information in 3 consecutive turns
         TEST  smape=0.0798  rmse=167.0561  pocid=41.67  mape=0.0757
         laya iter 1 -> best_DWT_catboost conf=0.2954 rank=1
         laya iter 2 -> best_DWT_catboost conf=0.2932 rank=1
         laya iter 3 -> best_DWT_catboost conf=0.2932 rank=1
         laya iter 4 -> best_DWT_catboost conf=0.2932 rank=1
[  95] best_single    score=-0.1120 origin=agent    iters=4 stop=no new information in 3 consecutive turns
         TEST  smape=0.0050  rmse=62.7660  pocid=75.00  mape=0.0050
         laya iter 1 -> best_DWT_rf conf=0.4152 rank=1
         laya iter 2 -> best_DWT_rf conf=0.7788 rank=1
         laya iter 3 -> best_DWT_rf conf=0.7788 rank=1
         laya iter 4 -> best_DWT_rf conf=0.7788 rank=1
[  96] best_single    score= 0.0447 origin=agent    iters=5 stop=no new information in 3 consecutive turns
         TEST  smape=0.0299  rmse=19.5639  pocid=91.67  mape=0.0294
         laya iter 1 -> select_stable_k5 conf=0.2556 obs=pool pool5 (5 models)
         laya iter 2 -> best_ONLY_CWT_rf conf=0.669 rank=1
         laya iter 3 -> best_ONLY_CWT_rf conf=0.7042 rank=1
         laya iter 4 -> best_ONLY_CWT_rf conf=0.7042 rank=1
         laya iter 5 -> best_ONLY_CWT_rf conf=0.7042 rank=1
[  97] best_single    score= 0.0181 origin=agent    iters=6 stop=no new information in 3 consecutive turns
         TEST  smape=0.0700  rmse=48.6225  pocid=50.00  mape=0.0732
         laya iter 1 -> select_stable_k5 conf=0.2551 obs=pool pool5 (5 models)
         laya iter 2 -> best_ONLY_DWT_catboost conf=0.5735 rank=1
         laya iter 3 -> best_ONLY_FT_rf conf=0.5746 rank=1
         laya iter 4 -> best_ONLY_FT_rf conf=0.5746 rank=1
         laya iter 5 -> best_ONLY_FT_rf conf=0.5746 rank=1
         laya iter 6 -> best_ONLY_FT_rf conf=0.5746 rank=1
[  98] best_single    score=-0.0297 origin=agent    iters=6 stop=no new information in 3 consecutive turns
         TEST  smape=0.0201  rmse=306.4007  pocid=50.00  mape=0.0203
         laya iter 1 -> select_stable_k5 conf=0.3026 obs=pool pool5 (5 models)
         laya iter 2 -> best_ONLY_DWT_rf conf=0.9514 rank=1
         laya iter 3 -> best_DWT_rf conf=0.7055 rank=2
         laya iter 4 -> best_DWT_rf conf=0.7055 rank=2
         laya iter 5 -> best_DWT_rf conf=0.7055 rank=2
         laya iter 6 -> best_DWT_rf conf=0.7055 rank=2
[  99] best_single    score=-0.0757 origin=agent    iters=4 stop=no new information in 3 consecutive turns
         TEST  smape=0.0159  rmse=211.9209  pocid=66.67  mape=0.0158
         laya iter 1 -> best_FT_rf conf=0.5648 rank=1
         laya iter 2 -> best_FT_rf conf=0.7451 rank=1
         laya iter 3 -> best_FT_rf conf=0.7451 rank=1
         laya iter 4 -> best_FT_rf conf=0.7451 rank=1
[ 100] best_single    score=-0.0119 origin=agent    iters=5 stop=no new information in 3 consecutive turns
         TEST  smape=0.0039  rmse=44.9234  pocid=91.67  mape=0.0039
         laya iter 1 -> best_DWT_catboost conf=0.2905 rank=1
         laya iter 2 -> best_FT_catboost conf=0.4996 rank=1
         laya iter 3 -> best_FT_catboost conf=0.4996 rank=1
         laya iter 4 -> best_FT_catboost conf=0.4996 rank=1
         laya iter 5 -> best_FT_catboost conf=0.4996 rank=1
[ 101] best_single    score=-0.0684 origin=agent    iters=5 stop=no new information in 3 consecutive turns
         TEST  smape=0.0206  rmse=364.7389  pocid=50.00  mape=0.0208
         laya iter 1 -> select_stable_k5 conf=0.3387 obs=pool pool5 (5 models)
         laya iter 2 -> best_CWT_rf conf=0.8275 rank=1
         laya iter 3 -> best_CWT_rf conf=0.9856 rank=1
         laya iter 4 -> best_CWT_rf conf=0.9856 rank=1
         laya iter 5 -> best_CWT_rf conf=0.9856 rank=1
[ 102] best_single    score=-0.0036 origin=agent    iters=4 stop=no new information in 3 consecutive turns
         TEST  smape=0.0263  rmse=130.8069  pocid=83.33  mape=0.0265
         laya iter 1 -> best_ONLY_DWT_rf conf=0.3383 rank=1
         laya iter 2 -> best_ONLY_DWT_rf conf=0.6517 rank=1
         laya iter 3 -> best_ONLY_DWT_rf conf=0.6517 rank=1
         laya iter 4 -> best_ONLY_DWT_rf conf=0.6517 rank=1
[ 103] best_single    score= 0.3026 origin=agent    iters=4 stop=no new information in 3 consecutive turns
         TEST  smape=0.0306  rmse=33.2086  pocid=83.33  mape=0.0312
         laya iter 1 -> best_ONLY_CWT_catboost conf=0.7661 rank=1
         laya iter 2 -> best_ONLY_CWT_catboost conf=0.9912 rank=1
         laya iter 3 -> best_ONLY_CWT_catboost conf=0.9912 rank=1
         laya iter 4 -> best_ONLY_CWT_catboost conf=0.9912 rank=1
[ 104] best_single    score=-0.0843 origin=agent    iters=4 stop=no new information in 3 consecutive turns
         TEST  smape=0.0130  rmse=139.2380  pocid=50.00  mape=0.0132
         laya iter 1 -> best_rf conf=0.6575 rank=1
         laya iter 2 -> best_rf conf=0.7174 rank=1
         laya iter 3 -> best_rf conf=0.7174 rank=1
         laya iter 4 -> best_rf conf=0.7174 rank=1
[ 105] best_single    score= 0.1103 origin=agent    iters=4 stop=no new information in 3 consecutive turns
         TEST  smape=0.0028  rmse=7.1052  pocid=83.33  mape=0.0028
         laya iter 1 -> best_ONLY_CWT_rf conf=0.3234 rank=1
         laya iter 2 -> best_ONLY_CWT_rf conf=0.9527 rank=1
         laya iter 3 -> best_ONLY_CWT_rf conf=0.9527 rank=1
         laya iter 4 -> best_ONLY_CWT_rf conf=0.9527 rank=1
[ 106] best_single    score=-0.0531 origin=agent    iters=5 stop=no new information in 3 consecutive turns
         TEST  smape=0.0094  rmse=252.5645  pocid=58.33  mape=0.0094
         laya iter 1 -> best_rf conf=0.3944 rank=1
         laya iter 2 -> best_ONLY_DWT_catboost conf=0.7996 rank=1
         laya iter 3 -> best_ONLY_DWT_catboost conf=0.7996 rank=1
         laya iter 4 -> best_ONLY_DWT_catboost conf=0.7996 rank=1
         laya iter 5 -> best_ONLY_DWT_catboost conf=0.7996 rank=1
[ 107] best_single    score=-0.1234 origin=agent    iters=4 stop=no new information in 3 consecutive turns
         TEST  smape=0.0074  rmse=150.9616  pocid=66.67  mape=0.0074
         laya iter 1 -> best_FT_rf conf=0.5093 rank=1
         laya iter 2 -> best_FT_rf conf=0.4669 rank=1
         laya iter 3 -> best_FT_rf conf=0.4669 rank=1
         laya iter 4 -> best_FT_rf conf=0.4669 rank=1
[ 108] best_single    score=-0.0741 origin=agent    iters=5 stop=no new information in 3 consecutive turns
         TEST  smape=0.0106  rmse=165.4371  pocid=58.33  mape=0.0107
         laya iter 1 -> select_stable_k5 conf=0.3064 obs=pool pool5 (5 models)
         laya iter 2 -> best_ONLY_FT_rf conf=0.5923 rank=1
         laya iter 3 -> best_ONLY_FT_rf conf=0.806 rank=1
         laya iter 4 -> best_ONLY_FT_rf conf=0.806 rank=1
         laya iter 5 -> best_ONLY_FT_rf conf=0.806 rank=1
[ 109] best_single    score= 0.0801 origin=agent    iters=4 stop=no new information in 3 consecutive turns
         TEST  smape=0.0168  rmse=141.9116  pocid=58.33  mape=0.0166
         laya iter 1 -> best_rf conf=0.5104 rank=1
         laya iter 2 -> best_rf conf=0.7989 rank=1
         laya iter 3 -> best_rf conf=0.7989 rank=1
         laya iter 4 -> best_rf conf=0.7989 rank=1
[ 110] best_single    score=-0.0367 origin=agent    iters=4 stop=no new information in 3 consecutive turns
         TEST  smape=0.0242  rmse=28.5600  pocid=50.00  mape=0.0239
         laya iter 1 -> best_CWT_catboost conf=0.5556 rank=1
         laya iter 2 -> best_CWT_catboost conf=0.5341 rank=1
         laya iter 3 -> best_CWT_catboost conf=0.5341 rank=1
         laya iter 4 -> best_CWT_catboost conf=0.5341 rank=1
[ 111] best_single    score=-0.0820 origin=agent    iters=6 stop=no new information in 3 consecutive turns
         TEST  smape=0.0069  rmse=74.0921  pocid=50.00  mape=0.0069
         laya iter 1 -> select_stable_k5 conf=0.2613 obs=pool pool5 (5 models)
         laya iter 2 -> best_FT_catboost conf=0.5764 rank=1
         laya iter 3 -> best_ONLY_FT_rf conf=0.6472 rank=2
         laya iter 4 -> best_ONLY_FT_rf conf=0.6472 rank=2
         laya iter 5 -> best_ONLY_FT_rf conf=0.6472 rank=2
         laya iter 6 -> best_ONLY_FT_rf conf=0.6472 rank=2
[ 112] best_single    score=-0.0869 origin=agent    iters=4 stop=no new information in 3 consecutive turns
         TEST  smape=0.0427  rmse=36.8855  pocid=75.00  mape=0.0439
         laya iter 1 -> best_ONLY_CWT_catboost conf=0.5047 rank=1
         laya iter 2 -> best_ONLY_CWT_catboost conf=0.4917 rank=1
         laya iter 3 -> best_ONLY_CWT_catboost conf=0.4917 rank=1
         laya iter 4 -> best_ONLY_CWT_catboost conf=0.4917 rank=1
[ 113] best_single    score= 0.1564 origin=agent    iters=5 stop=no new information in 3 consecutive turns
         TEST  smape=0.0317  rmse=349.9440  pocid=33.33  mape=0.0323
         laya iter 1 -> select_stable_k5 conf=0.3018 obs=pool pool5 (5 models)
         laya iter 2 -> best_ONLY_DWT_rf conf=0.4263 rank=1
         laya iter 3 -> best_ONLY_DWT_rf conf=0.5886 rank=1
         laya iter 4 -> best_ONLY_DWT_rf conf=0.5886 rank=1
         laya iter 5 -> best_ONLY_DWT_rf conf=0.5886 rank=1
[ 114] best_single    score= 0.0747 origin=agent    iters=6 stop=no new information in 3 consecutive turns
         TEST  smape=0.0381  rmse=461.8816  pocid=41.67  mape=0.0389
         laya iter 1 -> select_stable_k5 conf=0.2823 obs=pool pool5 (5 models)
         laya iter 2 -> best_ONLY_DWT_catboost conf=0.4251 rank=1
         laya iter 3 -> best_ONLY_DWT_rf conf=0.6507 rank=2
         laya iter 4 -> best_ONLY_DWT_rf conf=0.6507 rank=2
         laya iter 5 -> best_ONLY_DWT_rf conf=0.6507 rank=2
         laya iter 6 -> best_ONLY_DWT_rf conf=0.6507 rank=2
[ 115] best_single    score=-0.0359 origin=agent    iters=5 stop=no new information in 3 consecutive turns
         TEST  smape=0.0369  rmse=646.2438  pocid=83.33  mape=0.0379
         laya iter 1 -> select_stable_k5 conf=0.3183 obs=pool pool5 (5 models)
         laya iter 2 -> best_ONLY_DWT_catboost conf=0.5808 rank=1
         laya iter 3 -> best_ONLY_DWT_catboost conf=0.9315 rank=1
         laya iter 4 -> best_ONLY_DWT_catboost conf=0.9315 rank=1
         laya iter 5 -> best_ONLY_DWT_catboost conf=0.9315 rank=1
[ 116] best_single    score=-0.0487 origin=agent    iters=4 stop=no new information in 3 consecutive turns
         TEST  smape=0.0159  rmse=181.9204  pocid=58.33  mape=0.0156
         laya iter 1 -> best_FT_rf conf=0.4227 rank=1
         laya iter 2 -> best_FT_rf conf=0.7561 rank=1
         laya iter 3 -> best_FT_rf conf=0.7561 rank=1
         laya iter 4 -> best_FT_rf conf=0.7561 rank=1
[ 117] best_single    score= 0.3675 origin=agent    iters=5 stop=no new information in 3 consecutive turns
         TEST  smape=0.0059  rmse=10.9859  pocid=75.00  mape=0.0058
         laya iter 1 -> select_stable_k5 conf=0.2359 obs=pool pool5 (5 models)
         laya iter 2 -> best_ONLY_CWT_catboost conf=0.4775 rank=1
         laya iter 3 -> best_ONLY_CWT_catboost conf=0.5063 rank=1
         laya iter 4 -> best_ONLY_CWT_catboost conf=0.5063 rank=1
         laya iter 5 -> best_ONLY_CWT_catboost conf=0.5063 rank=1
[ 118] best_single    score= 0.2893 origin=agent    iters=5 stop=no new information in 3 consecutive turns
         TEST  smape=0.1600  rmse=199.4430  pocid=66.67  mape=0.1458
         laya iter 1 -> select_stable_k5 conf=0.3099 obs=pool pool5 (5 models)
         laya iter 2 -> best_ONLY_CWT_rf conf=0.8488 rank=1
         laya iter 3 -> best_ONLY_CWT_rf conf=0.9657 rank=1
         laya iter 4 -> best_ONLY_CWT_rf conf=0.9657 rank=1
         laya iter 5 -> best_ONLY_CWT_rf conf=0.9657 rank=1
[ 119] FAILED: ValueError: Attempt(attempt_id='a1', spec={'combine': 'mean', 'pool': 'pool_full'}, origin='baseline', aggregate={'MAPE': 0.11546126470440843, 'SMAPE': 0.1093595001276606, 'RMSE': 109.97092586272042, 'POCID': 50.0, 'MSMAPE': 0.1093526653573053, 'MAE': 87.94333749784778}, per_window=[{'MAPE': 0.20405931375466005, 'SMAPE': 0.18304328763704672, 'RMSE': 162.58839200967736, 'POCID': 58.333333333333336, 'MSMAPE': 0.18303246498317824, 'MAE': 154.87330042356845}, {'MAPE': 0.0546026441047279, 'SMAPE': 0.052736106694745266, 'RMSE': 44.12652130849254, 'POCID': 25.0, 'MSMAPE': 0.05273241638818161, 'MAE': 37.685913516026815}, {'MAPE': 0.0877218362538373, 'SMAPE': 0.0922991060511898, 'RMSE': 88.87450987898882, 'POCID': 66.66666666666667, 'MSMAPE': 0.0922931147005561, 'MAE': 71.27079855394807}], score=0.7000000000000001, rationale='deterministic baseline: plain mean of the full pool', iteration=0, n_models=19, per_window_scores=[0.6833333333333333, 0.75, 0.6666666666666667], residuals=[80.17988050157123, 107.6646804106249, 88.64331828448348, 94.52683079553685, 151.3877332029832, 157.32481475758868, 130.14943538170075, 161.19457835671346, 192.7011415692175, 193.30724086192072, 218.7241694328011, 209.20480635824924, 228.34427559299866, 49.39317415235746, 70.66290017832353, 64.42136267047454, -9.590163541810057, 15.948159337766242, 10.592643786010399, -8.907419667652903, -28.09889438311393, 62.23664740245704, 31.556287717154532, 34.6152334229605, 30.28941179875244, 73.60457764951502, 44.47086769681698, 29.75339874701831, 21.429333580469688, 66.90073887876554, 27.123476471094136, -5.0221838106152745, -17.065967870798772, -64.15145782628724, -77.60935132682789, -127.67083349628206, -119.50335516586836, -167.04246750237382, -158.7769488281068], agent_converged=True, agent_rationale='laya selected mean_pool_full') is not in list
[ 120] best_single    score=-0.1268 origin=agent    iters=5 stop=no new information in 3 consecutive turns
         TEST  smape=0.0039  rmse=54.9591  pocid=75.00  mape=0.0039
         laya iter 1 -> select_stable_k5 conf=0.2875 obs=pool pool5 (5 models)
         laya iter 2 -> best_CWT_rf conf=0.8016 rank=1
         laya iter 3 -> best_CWT_rf conf=0.9028 rank=1
         laya iter 4 -> best_CWT_rf conf=0.9028 rank=1
         laya iter 5 -> best_CWT_rf conf=0.9028 rank=1
[ 121] best_single    score=-0.0736 origin=agent    iters=4 stop=no new information in 3 consecutive turns
         TEST  smape=0.0670  rmse=26.2578  pocid=83.33  mape=0.0682
         laya iter 1 -> best_rf conf=0.7986 rank=1
         laya iter 2 -> best_rf conf=0.6538 rank=1
         laya iter 3 -> best_rf conf=0.6538 rank=1
         laya iter 4 -> best_rf conf=0.6538 rank=1
[ 122] best_single    score=-0.0923 origin=agent    iters=4 stop=no new information in 3 consecutive turns
         TEST  smape=0.0329  rmse=20.6034  pocid=75.00  mape=0.0339
         laya iter 1 -> best_ONLY_DWT_rf conf=0.7889 rank=1
         laya iter 2 -> best_ONLY_DWT_rf conf=0.6414 rank=1
         laya iter 3 -> best_ONLY_DWT_rf conf=0.6414 rank=1
         laya iter 4 -> best_ONLY_DWT_rf conf=0.6414 rank=1
[ 123] best_single    score= 0.2511 origin=agent    iters=4 stop=no new information in 3 consecutive turns
         TEST  smape=0.0302  rmse=275.4272  pocid=41.67  mape=0.0307
         laya iter 1 -> best_ONLY_FT_catboost conf=0.7384 rank=1
         laya iter 2 -> best_ONLY_FT_catboost conf=0.4703 rank=1
         laya iter 3 -> best_ONLY_FT_catboost conf=0.4703 rank=1
         laya iter 4 -> best_ONLY_FT_catboost conf=0.4703 rank=1
[ 124] best_single    score=-0.1263 origin=agent    iters=5 stop=no new information in 3 consecutive turns
         TEST  smape=0.0107  rmse=139.8985  pocid=33.33  mape=0.0106
         laya iter 1 -> best_ONLY_DWT_rf conf=0.2745 rank=1
         laya iter 2 -> best_FT_catboost conf=0.4615 rank=1
         laya iter 3 -> best_FT_catboost conf=0.4615 rank=1
         laya iter 4 -> best_FT_catboost conf=0.4615 rank=1
         laya iter 5 -> best_FT_catboost conf=0.4615 rank=1
[ 125] best_single    score= 0.0196 origin=agent    iters=4 stop=no new information in 3 consecutive turns
         TEST  smape=0.0060  rmse=67.8178  pocid=83.33  mape=0.0059
         laya iter 1 -> best_CWT_rf conf=0.3761 rank=1
         laya iter 2 -> best_CWT_rf conf=0.5182 rank=1
         laya iter 3 -> best_CWT_rf conf=0.5182 rank=1
         laya iter 4 -> best_CWT_rf conf=0.5182 rank=1
[ 126] best_single    score=-0.0198 origin=agent    iters=4 stop=no new information in 3 consecutive turns
         TEST  smape=0.0309  rmse=368.7624  pocid=66.67  mape=0.0314
         laya iter 1 -> best_ONLY_CWT_catboost conf=0.6532 rank=1
         laya iter 2 -> best_ONLY_CWT_catboost conf=0.4165 rank=1
         laya iter 3 -> best_ONLY_CWT_catboost conf=0.4165 rank=1
         laya iter 4 -> best_ONLY_CWT_catboost conf=0.4165 rank=1
[ 127] best_single    score= 0.0259 origin=agent    iters=4 stop=no new information in 3 consecutive turns
         TEST  smape=0.0235  rmse=114.8725  pocid=41.67  mape=0.0237
         laya iter 1 -> best_ONLY_DWT_catboost conf=0.624 rank=1
         laya iter 2 -> best_ONLY_DWT_catboost conf=0.6838 rank=1
         laya iter 3 -> best_ONLY_DWT_catboost conf=0.6838 rank=1
         laya iter 4 -> best_ONLY_DWT_catboost conf=0.6838 rank=1
[ 128] best_single    score= 0.3403 origin=agent    iters=4 stop=no new information in 3 consecutive turns
         TEST  smape=0.0254  rmse=27.1630  pocid=83.33  mape=0.0258
         laya iter 1 -> best_ONLY_CWT_catboost conf=0.468 rank=1
         laya iter 2 -> best_ONLY_CWT_catboost conf=0.9854 rank=1
         laya iter 3 -> best_ONLY_CWT_catboost conf=0.9854 rank=1
         laya iter 4 -> best_ONLY_CWT_catboost conf=0.9854 rank=1
[ 129] best_single    score=-0.0769 origin=agent    iters=5 stop=no new information in 3 consecutive turns
         TEST  smape=0.0094  rmse=91.9930  pocid=50.00  mape=0.0095
         laya iter 1 -> select_stable_k5 conf=0.3165 obs=pool pool5 (5 models)
         laya iter 2 -> best_ONLY_CWT_rf conf=0.9856 rank=1
         laya iter 3 -> best_ONLY_CWT_rf conf=0.9792 rank=1
         laya iter 4 -> best_ONLY_CWT_rf conf=0.9792 rank=1
         laya iter 5 -> best_ONLY_CWT_rf conf=0.9792 rank=1
[ 130] best_single    score= 0.1301 origin=agent    iters=5 stop=no new information in 3 consecutive turns
         TEST  smape=0.0032  rmse=8.2579  pocid=66.67  mape=0.0032
         laya iter 1 -> select_stable_k5 conf=0.2505 obs=pool pool5 (5 models)
         laya iter 2 -> best_ONLY_CWT_catboost conf=0.5667 rank=1
         laya iter 3 -> best_ONLY_CWT_catboost conf=0.9653 rank=1
         laya iter 4 -> best_ONLY_CWT_catboost conf=0.9653 rank=1
         laya iter 5 -> best_ONLY_CWT_catboost conf=0.9653 rank=1
[ 131] best_single    score=-0.0801 origin=agent    iters=4 stop=no new information in 3 consecutive turns
         TEST  smape=0.0110  rmse=274.7907  pocid=50.00  mape=0.0110
         laya iter 1 -> best_CWT_rf conf=0.2685 rank=1
         laya iter 2 -> best_CWT_rf conf=0.6659 rank=1
         laya iter 3 -> best_CWT_rf conf=0.6659 rank=1
         laya iter 4 -> best_CWT_rf conf=0.6659 rank=1
[ 132] best_single    score=-0.1134 origin=agent    iters=4 stop=no new information in 3 consecutive turns
         TEST  smape=0.0030  rmse=50.8460  pocid=91.67  mape=0.0030
         laya iter 1 -> best_CWT_rf conf=0.511 rank=1
         laya iter 2 -> best_CWT_rf conf=0.9177 rank=1
         laya iter 3 -> best_CWT_rf conf=0.9177 rank=1
         laya iter 4 -> best_CWT_rf conf=0.9177 rank=1
[ 133] best_single    score=-0.0991 origin=agent    iters=4 stop=no new information in 3 consecutive turns
         TEST  smape=0.0037  rmse=54.1662  pocid=83.33  mape=0.0037
         laya iter 1 -> best_DWT_rf conf=0.2712 rank=1
         laya iter 2 -> best_DWT_rf conf=0.5561 rank=1
         laya iter 3 -> best_DWT_rf conf=0.5561 rank=1
         laya iter 4 -> best_DWT_rf conf=0.5561 rank=1
[ 134] best_single    score= 0.0280 origin=agent    iters=4 stop=no new information in 3 consecutive turns
         TEST  smape=0.0117  rmse=85.8195  pocid=58.33  mape=0.0116
         laya iter 1 -> best_ONLY_DWT_catboost conf=0.4863 rank=1
         laya iter 2 -> best_ONLY_DWT_catboost conf=0.4461 rank=1
         laya iter 3 -> best_ONLY_DWT_catboost conf=0.4461 rank=1
         laya iter 4 -> best_ONLY_DWT_catboost conf=0.4461 rank=1
[ 135] best_single    score= 0.0534 origin=agent    iters=6 stop=no new information in 3 consecutive turns
         TEST  smape=0.0215  rmse=170.1993  pocid=58.33  mape=0.0213
         laya iter 1 -> select_stable_k5 conf=0.3606 obs=pool pool5 (5 models)
         laya iter 2 -> best_DWT_rf conf=0.4653 rank=1
         laya iter 3 -> best_DWT_catboost conf=0.6568 rank=1
         laya iter 4 -> best_DWT_catboost conf=0.6568 rank=1
         laya iter 5 -> best_DWT_catboost conf=0.6568 rank=1
         laya iter 6 -> best_DWT_catboost conf=0.6568 rank=1
[ 136] best_single    score=-0.0610 origin=agent    iters=5 stop=no new information in 3 consecutive turns
         TEST  smape=0.0097  rmse=78.1532  pocid=58.33  mape=0.0097
         laya iter 1 -> select_stable_k5 conf=0.3117 obs=pool pool5 (5 models)
         laya iter 2 -> best_DWT_catboost conf=0.6852 rank=1
         laya iter 3 -> best_DWT_catboost conf=0.7432 rank=1
         laya iter 4 -> best_DWT_catboost conf=0.7432 rank=1
         laya iter 5 -> best_DWT_catboost conf=0.7432 rank=1
[ 137] best_single    score=-0.0702 origin=agent    iters=5 stop=no new information in 3 consecutive turns
         TEST  smape=0.0589  rmse=23.9705  pocid=58.33  mape=0.0591
         laya iter 1 -> select_stable_k5 conf=0.2657 obs=pool pool5 (5 models)
         laya iter 2 -> best_ONLY_FT_rf conf=0.4896 rank=1
         laya iter 3 -> best_ONLY_FT_rf conf=0.7717 rank=1
         laya iter 4 -> best_ONLY_FT_rf conf=0.7717 rank=1
         laya iter 5 -> best_ONLY_FT_rf conf=0.7717 rank=1
[ 138] best_single    score= 0.2671 origin=agent    iters=5 stop=no new information in 3 consecutive turns
         TEST  smape=0.0353  rmse=292.6226  pocid=50.00  mape=0.0360
         laya iter 1 -> best_CWT_rf conf=0.3257 rank=1
         laya iter 2 -> best_DWT_rf conf=0.5227 rank=1
         laya iter 3 -> best_DWT_rf conf=0.5227 rank=1
         laya iter 4 -> best_DWT_rf conf=0.5227 rank=1
         laya iter 5 -> best_DWT_rf conf=0.5227 rank=1
[ 139] best_single    score= 0.2773 origin=agent    iters=4 stop=no new information in 3 consecutive turns
         TEST  smape=0.0399  rmse=361.0408  pocid=58.33  mape=0.0409
         laya iter 1 -> best_ONLY_CWT_rf conf=0.3728 rank=1
         laya iter 2 -> best_ONLY_CWT_rf conf=0.9655 rank=1
         laya iter 3 -> best_ONLY_CWT_rf conf=0.9655 rank=1
         laya iter 4 -> best_ONLY_CWT_rf conf=0.9655 rank=1
[ 140] best_single    score= 0.0311 origin=agent    iters=5 stop=no new information in 3 consecutive turns
         TEST  smape=0.0378  rmse=464.6078  pocid=66.67  mape=0.0386
         laya iter 1 -> select_stable_k5 conf=0.2921 obs=pool pool5 (5 models)
         laya iter 2 -> best_DWT_catboost conf=0.4195 rank=1
         laya iter 3 -> best_DWT_catboost conf=0.6208 rank=1
         laya iter 4 -> best_DWT_catboost conf=0.6208 rank=1
         laya iter 5 -> best_DWT_catboost conf=0.6208 rank=1
[ 141] best_single    score=-0.0134 origin=agent    iters=4 stop=no new information in 3 consecutive turns
         TEST  smape=0.0134  rmse=115.5515  pocid=75.00  mape=0.0132
         laya iter 1 -> best_ONLY_CWT_rf conf=0.8927 rank=1
         laya iter 2 -> best_ONLY_CWT_rf conf=0.9692 rank=1
         laya iter 3 -> best_ONLY_CWT_rf conf=0.9692 rank=1
         laya iter 4 -> best_ONLY_CWT_rf conf=0.9692 rank=1
[ 142] best_single    score= 0.0398 origin=agent    iters=6 stop=no new information in 3 consecutive turns
         TEST  smape=0.0057  rmse=73.5386  pocid=75.00  mape=0.0056
         laya iter 1 -> select_stable_k5 conf=0.3008 obs=pool pool5 (5 models)
         laya iter 2 -> best_ONLY_CWT_catboost conf=0.5409 rank=1
         laya iter 3 -> best_CWT_catboost conf=0.7065 rank=1
         laya iter 4 -> best_CWT_catboost conf=0.7065 rank=1
         laya iter 5 -> best_CWT_catboost conf=0.7065 rank=1
         laya iter 6 -> best_CWT_catboost conf=0.7065 rank=1
[ 143] best_single    score= 0.1807 origin=agent    iters=6 stop=no new information in 3 consecutive turns
         TEST  smape=0.1374  rmse=168.9739  pocid=16.67  mape=0.1268
         laya iter 1 -> select_stable_k5 conf=0.3405 obs=pool pool5 (5 models)
         laya iter 2 -> best_CWT_rf conf=0.8012 rank=1
         laya iter 3 -> best_ONLY_CWT_rf conf=0.7781 rank=2
         laya iter 4 -> best_ONLY_CWT_rf conf=0.7781 rank=2
         laya iter 5 -> best_ONLY_CWT_rf conf=0.7781 rank=2
         laya iter 6 -> best_ONLY_CWT_rf conf=0.7781 rank=2
[ 144] best_single    score= 0.3471 origin=agent    iters=5 stop=no new information in 3 consecutive turns
         TEST  smape=0.1613  rmse=1682.4895  pocid=66.67  mape=0.1469
         laya iter 1 -> select_stable_k5 conf=0.2474 obs=pool pool5 (5 models)
         laya iter 2 -> best_ONLY_DWT_catboost conf=0.3584 rank=1
         laya iter 3 -> best_ONLY_DWT_catboost conf=0.2962 rank=1
         laya iter 4 -> best_ONLY_DWT_catboost conf=0.2962 rank=1
         laya iter 5 -> best_ONLY_DWT_catboost conf=0.2962 rank=1
[ 145] best_single    score=-0.1001 origin=agent    iters=5 stop=no new information in 3 consecutive turns
         TEST  smape=0.0051  rmse=45.4197  pocid=100.00  mape=0.0051
         laya iter 1 -> best_CWT_rf conf=0.303 rank=1
         laya iter 2 -> best_ONLY_CWT_rf conf=0.687 rank=2
         laya iter 3 -> best_ONLY_CWT_rf conf=0.687 rank=2
         laya iter 4 -> best_ONLY_CWT_rf conf=0.687 rank=2
         laya iter 5 -> best_ONLY_CWT_rf conf=0.687 rank=2
[ 146] best_single    score=-0.0487 origin=agent    iters=5 stop=no new information in 3 consecutive turns
         TEST  smape=0.0589  rmse=8.2396  pocid=66.67  mape=0.0615
         laya iter 1 -> best_ONLY_FT_rf conf=0.3535 rank=1
         laya iter 2 -> best_ONLY_FT_catboost conf=0.475 rank=1
         laya iter 3 -> best_ONLY_FT_catboost conf=0.475 rank=1
         laya iter 4 -> best_ONLY_FT_catboost conf=0.475 rank=1
         laya iter 5 -> best_ONLY_FT_catboost conf=0.475 rank=1
[ 147] best_single    score=-0.0588 origin=agent    iters=5 stop=no new information in 3 consecutive turns
         TEST  smape=0.0651  rmse=15.9524  pocid=41.67  mape=0.0680
         laya iter 1 -> select_stable_k5 conf=0.3069 obs=pool pool5 (5 models)
         laya iter 2 -> best_FT_catboost conf=0.6873 rank=1
         laya iter 3 -> best_FT_catboost conf=0.8934 rank=1
         laya iter 4 -> best_FT_catboost conf=0.8934 rank=1
         laya iter 5 -> best_FT_catboost conf=0.8934 rank=1
[ 148] best_single    score= 0.5658 origin=agent    iters=4 stop=no new information in 3 consecutive turns
         TEST  smape=0.0829  rmse=384.3356  pocid=50.00  mape=0.0866
         laya iter 1 -> best_ONLY_FT_catboost conf=0.3828 rank=1
         laya iter 2 -> best_ONLY_FT_catboost conf=0.5343 rank=1
         laya iter 3 -> best_ONLY_FT_catboost conf=0.5343 rank=1
         laya iter 4 -> best_ONLY_FT_catboost conf=0.5343 rank=1
[ 149] best_single    score=-0.0626 origin=agent    iters=6 stop=no new information in 3 consecutive turns
         TEST  smape=0.0143  rmse=138.1463  pocid=75.00  mape=0.0141
         laya iter 1 -> select_stable_k5 conf=0.2651 obs=pool pool5 (5 models)
         laya iter 2 -> best_ONLY_DWT_rf conf=0.4283 rank=1
         laya iter 3 -> best_DWT_catboost conf=0.6393 rank=1
         laya iter 4 -> best_DWT_catboost conf=0.6393 rank=1
         laya iter 5 -> best_DWT_catboost conf=0.6393 rank=1
         laya iter 6 -> best_DWT_catboost conf=0.6393 rank=1
[ 150] best_single    score=-0.1086 origin=agent    iters=4 stop=no new information in 3 consecutive turns
         TEST  smape=0.0043  rmse=34.8003  pocid=100.00  mape=0.0043
         laya iter 1 -> best_ONLY_CWT_catboost conf=0.3411 rank=1
         laya iter 2 -> best_ONLY_CWT_catboost conf=0.4808 rank=1
         laya iter 3 -> best_ONLY_CWT_catboost conf=0.4808 rank=1
         laya iter 4 -> best_ONLY_CWT_catboost conf=0.4808 rank=1
[ 151] best_single    score= 0.0611 origin=agent    iters=4 stop=no new information in 3 consecutive turns
         TEST  smape=0.0212  rmse=214.6915  pocid=50.00  mape=0.0209
         laya iter 1 -> best_ONLY_FT_catboost conf=0.7956 rank=1
         laya iter 2 -> best_ONLY_FT_catboost conf=0.7697 rank=1
         laya iter 3 -> best_ONLY_FT_catboost conf=0.7697 rank=1
         laya iter 4 -> best_ONLY_FT_catboost conf=0.7697 rank=1
[ 152] best_single    score= 0.0015 origin=agent    iters=5 stop=no new information in 3 consecutive turns
         TEST  smape=0.0226  rmse=94.0364  pocid=75.00  mape=0.0229
         laya iter 1 -> best_FT_rf conf=0.3478 rank=1
         laya iter 2 -> best_ONLY_FT_rf conf=0.8386 rank=2
         laya iter 3 -> best_ONLY_FT_rf conf=0.8386 rank=2
         laya iter 4 -> best_ONLY_FT_rf conf=0.8386 rank=2
         laya iter 5 -> best_ONLY_FT_rf conf=0.8386 rank=2
[ 153] best_single    score= 0.0225 origin=agent    iters=4 stop=no new information in 3 consecutive turns
         TEST  smape=0.0217  rmse=214.7032  pocid=58.33  mape=0.0220
         laya iter 1 -> best_ONLY_CWT_rf conf=0.6445 rank=1
         laya iter 2 -> best_ONLY_CWT_rf conf=0.9835 rank=1
         laya iter 3 -> best_ONLY_CWT_rf conf=0.9835 rank=1
         laya iter 4 -> best_ONLY_CWT_rf conf=0.9835 rank=1
[ 154] best_single    score= 0.0248 origin=agent    iters=5 stop=no new information in 3 consecutive turns
         TEST  smape=0.0178  rmse=99.1961  pocid=41.67  mape=0.0180
         laya iter 1 -> select_stable_k5 conf=0.2954 obs=pool pool5 (5 models)
         laya iter 2 -> best_ONLY_CWT_rf conf=0.6508 rank=1
         laya iter 3 -> best_ONLY_CWT_rf conf=0.8675 rank=1
         laya iter 4 -> best_ONLY_CWT_rf conf=0.8675 rank=1
         laya iter 5 -> best_ONLY_CWT_rf conf=0.8675 rank=1
[ 155] best_single    score=-0.0450 origin=agent    iters=4 stop=no new information in 3 consecutive turns
         TEST  smape=0.0119  rmse=82.9985  pocid=41.67  mape=0.0120
         laya iter 1 -> best_ONLY_FT_catboost conf=0.3892 rank=1
         laya iter 2 -> best_ONLY_FT_catboost conf=0.7946 rank=1
         laya iter 3 -> best_ONLY_FT_catboost conf=0.7946 rank=1
         laya iter 4 -> best_ONLY_FT_catboost conf=0.7946 rank=1
[ 156] best_single    score=-0.1308 origin=agent    iters=5 stop=no new information in 3 consecutive turns
         TEST  smape=0.0040  rmse=6.6496  pocid=75.00  mape=0.0040
         laya iter 1 -> select_stable_k5 conf=0.2787 obs=pool pool5 (5 models)
         laya iter 2 -> best_ONLY_DWT_rf conf=0.7268 rank=1
         laya iter 3 -> best_ONLY_DWT_rf conf=0.9875 rank=1
         laya iter 4 -> best_ONLY_DWT_rf conf=0.9875 rank=1
         laya iter 5 -> best_ONLY_DWT_rf conf=0.9875 rank=1
[ 157] best_single    score=-0.0848 origin=agent    iters=4 stop=no new information in 3 consecutive turns
         TEST  smape=0.0051  rmse=109.6777  pocid=33.33  mape=0.0051
         laya iter 1 -> best_ONLY_DWT_catboost conf=0.3876 rank=1
         laya iter 2 -> best_ONLY_DWT_catboost conf=0.8093 rank=1
         laya iter 3 -> best_ONLY_DWT_catboost conf=0.8093 rank=1
         laya iter 4 -> best_ONLY_DWT_catboost conf=0.8093 rank=1
[ 158] best_single    score=-0.0810 origin=agent    iters=4 stop=no new information in 3 consecutive turns
         TEST  smape=0.0059  rmse=60.1398  pocid=91.67  mape=0.0059
         laya iter 1 -> best_ONLY_CWT_rf conf=0.2864 rank=1
         laya iter 2 -> best_ONLY_CWT_rf conf=0.6089 rank=1
         laya iter 3 -> best_ONLY_CWT_rf conf=0.6089 rank=1
         laya iter 4 -> best_ONLY_CWT_rf conf=0.6089 rank=1
[ 159] best_single    score=-0.0908 origin=agent    iters=4 stop=no new information in 3 consecutive turns
         TEST  smape=0.0047  rmse=44.3452  pocid=91.67  mape=0.0047
         laya iter 1 -> best_ONLY_CWT_rf conf=0.2921 rank=1
         laya iter 2 -> best_ONLY_CWT_rf conf=0.6401 rank=1
         laya iter 3 -> best_ONLY_CWT_rf conf=0.6401 rank=1
         laya iter 4 -> best_ONLY_CWT_rf conf=0.6401 rank=1
[ 160] best_single    score=-0.0118 origin=agent    iters=5 stop=no new information in 3 consecutive turns
         TEST  smape=0.0072  rmse=107.2302  pocid=41.67  mape=0.0071
         laya iter 1 -> select_stable_k5 conf=0.295 obs=pool pool5 (5 models)
         laya iter 2 -> best_FT_catboost conf=0.484 rank=1
         laya iter 3 -> best_FT_catboost conf=0.4643 rank=1
         laya iter 4 -> best_FT_catboost conf=0.4643 rank=1
         laya iter 5 -> best_FT_catboost conf=0.4643 rank=1
[ 161] best_single    score= 0.0119 origin=agent    iters=4 stop=no new information in 3 consecutive turns
         TEST  smape=0.0121  rmse=68.8364  pocid=75.00  mape=0.0120
         laya iter 1 -> best_DWT_rf conf=0.8809 rank=1
         laya iter 2 -> best_DWT_rf conf=0.6407 rank=1
         laya iter 3 -> best_DWT_rf conf=0.6407 rank=1
         laya iter 4 -> best_DWT_rf conf=0.6407 rank=1
[ 162] best_single    score= 0.0275 origin=agent    iters=5 stop=no new information in 3 consecutive turns
         TEST  smape=0.0124  rmse=50.2909  pocid=75.00  mape=0.0123
         laya iter 1 -> select_stable_k5 conf=0.2224 obs=pool pool5 (5 models)
         laya iter 2 -> best_ONLY_DWT_catboost conf=0.4953 rank=1
         laya iter 3 -> best_ONLY_DWT_catboost conf=0.507 rank=1
         laya iter 4 -> best_ONLY_DWT_catboost conf=0.507 rank=1
         laya iter 5 -> best_ONLY_DWT_catboost conf=0.507 rank=1
[ 163] best_single    score= 0.0344 origin=agent    iters=5 stop=no new information in 3 consecutive turns
         TEST  smape=0.0103  rmse=273.9901  pocid=83.33  mape=0.0103
         laya iter 1 -> select_stable_k5 conf=0.257 obs=pool pool5 (5 models)
         laya iter 2 -> best_ONLY_DWT_rf conf=0.9098 rank=1
         laya iter 3 -> best_ONLY_DWT_rf conf=0.7368 rank=1
         laya iter 4 -> best_ONLY_DWT_rf conf=0.7368 rank=1
         laya iter 5 -> best_ONLY_DWT_rf conf=0.7368 rank=1
[ 164] best_single    score=-0.0255 origin=agent    iters=4 stop=no new information in 3 consecutive turns
         TEST  smape=0.0476  rmse=198.7631  pocid=41.67  mape=0.0490
         laya iter 1 -> best_ONLY_CWT_catboost conf=0.9879 rank=1
         laya iter 2 -> best_ONLY_CWT_catboost conf=0.9578 rank=1
         laya iter 3 -> best_ONLY_CWT_catboost conf=0.9578 rank=1
         laya iter 4 -> best_ONLY_CWT_catboost conf=0.9578 rank=1
[ 165] best_single    score= 0.0906 origin=agent    iters=4 stop=no new information in 3 consecutive turns
         TEST  smape=0.0498  rmse=147.9805  pocid=33.33  mape=0.0514
         laya iter 1 -> best_rf conf=0.9414 rank=1
         laya iter 2 -> best_rf conf=0.6692 rank=1
         laya iter 3 -> best_rf conf=0.6692 rank=1
         laya iter 4 -> best_rf conf=0.6692 rank=1
[ 166] best_single    score= 0.0037 origin=agent    iters=4 stop=no new information in 3 consecutive turns
         TEST  smape=0.0473  rmse=157.6121  pocid=50.00  mape=0.0487
         laya iter 1 -> best_catboost conf=0.4465 rank=1
         laya iter 2 -> best_catboost conf=0.5166 rank=1
         laya iter 3 -> best_catboost conf=0.5166 rank=1
         laya iter 4 -> best_catboost conf=0.5166 rank=1
[ 167] best_single    score= 0.0570 origin=agent    iters=5 stop=no new information in 3 consecutive turns
         TEST  smape=0.0404  rmse=164.9567  pocid=66.67  mape=0.0399
         laya iter 1 -> select_stable_k5 conf=0.3133 obs=pool pool5 (5 models)
         laya iter 2 -> best_FT_catboost conf=0.5842 rank=1
         laya iter 3 -> best_FT_catboost conf=0.8525 rank=1
         laya iter 4 -> best_FT_catboost conf=0.8525 rank=1
         laya iter 5 -> best_FT_catboost conf=0.8525 rank=1
[ 168] best_single    score= 0.0300 origin=agent    iters=5 stop=no new information in 3 consecutive turns
         TEST  smape=0.0295  rmse=73.1664  pocid=50.00  mape=0.0286
         laya iter 1 -> select_stable_k5 conf=0.3389 obs=pool pool5 (5 models)
         laya iter 2 -> best_DWT_catboost conf=0.568 rank=1
         laya iter 3 -> best_DWT_catboost conf=0.4605 rank=1
         laya iter 4 -> best_DWT_catboost conf=0.4605 rank=1
         laya iter 5 -> best_DWT_catboost conf=0.4605 rank=1
[ 169] best_single    score= 0.0004 origin=agent    iters=4 stop=no new information in 3 consecutive turns
         TEST  smape=0.0208  rmse=93.3815  pocid=66.67  mape=0.0204
         laya iter 1 -> best_FT_rf conf=0.3282 rank=1
         laya iter 2 -> best_FT_rf conf=0.5206 rank=1
         laya iter 3 -> best_FT_rf conf=0.5206 rank=1
         laya iter 4 -> best_FT_rf conf=0.5206 rank=1
[ 170] best_single    score= 0.1063 origin=agent    iters=6 stop=no new information in 3 consecutive turns
         TEST  smape=0.0079  rmse=61.0144  pocid=58.33  mape=0.0079
         laya iter 1 -> select_stable_k5 conf=0.279 obs=pool pool5 (5 models)
         laya iter 2 -> best_FT_rf conf=0.5278 rank=1
         laya iter 3 -> best_CWT_catboost conf=0.4826 rank=2
         laya iter 4 -> best_CWT_catboost conf=0.4826 rank=2
         laya iter 5 -> best_CWT_catboost conf=0.4826 rank=2
         laya iter 6 -> best_CWT_catboost conf=0.4826 rank=2
[ 171] best_single    score=-0.0928 origin=agent    iters=5 stop=no new information in 3 consecutive turns
         TEST  smape=0.0063  rmse=27.6979  pocid=83.33  mape=0.0063
         laya iter 1 -> select_stable_k5 conf=0.2873 obs=pool pool5 (5 models)
         laya iter 2 -> best_ONLY_CWT_rf conf=0.8156 rank=1
         laya iter 3 -> best_ONLY_CWT_rf conf=0.912 rank=1
         laya iter 4 -> best_ONLY_CWT_rf conf=0.912 rank=1
         laya iter 5 -> best_ONLY_CWT_rf conf=0.912 rank=1
[ 172] FAILED: ValueError: Attempt(attempt_id='a1', spec={'combine': 'mean', 'pool': 'pool_full'}, origin='baseline', aggregate={'MAPE': 0.1775254600549238, 'SMAPE': 0.15738500157553045, 'RMSE': 779.3268576250683, 'POCID': 36.11111111111111, 'MSMAPE': 0.15738310159960986, 'MAE': 653.0208383059286}, per_window=[{'MAPE': 0.3016686843409967, 'SMAPE': 0.2595706066976994, 'RMSE': 1131.680635812954, 'POCID': 50.0, 'MSMAPE': 0.25956753044574643, 'MAE': 1095.8423930607046}, {'MAPE': 0.08890986285506584, 'SMAPE': 0.08355582785572219, 'RMSE': 412.5452426130769, 'POCID': 41.666666666666664, 'MSMAPE': 0.08355479930342816, 'MAE': 340.1899826418928}, {'MAPE': 0.1419978329687089, 'SMAPE': 0.12902857017316968, 'RMSE': 609.226078209556, 'POCID': 16.666666666666668, 'MSMAPE': 0.12902697504965513, 'MAE': 523.0301392151881}], score=0.7277777777777779, rationale='deterministic baseline: plain mean of the full pool', iteration=0, n_models=19, per_window_scores=[0.7000000000000001, 0.7166666666666667, 0.7666666666666667], residuals=[764.7110439449589, 1048.8875194167713, 1180.9331662659433, 1441.6942729923394, 1216.5335560441072, 1330.1250889210683, 1187.1085974457742, 1152.0991772309294, 1349.4716210646661, 923.204015376909, 441.24540187178945, 792.4426119737245, 1417.4950372401813, -45.205055108918714, 324.5791963842785, -68.82556617729051, 388.20116740085905, 166.16767092575174, 228.39532443587996, 39.11819213337549, -262.92281186773926, 517.019391082003, 521.5431687843202, 863.9514763535071, 406.1447238145129, 590.3960298761708, 538.8805729943351, 233.83775194136888, 98.6771478626506, 441.44643697311676, 162.06117761521182, 557.8942930788967, 831.8904796856382, 292.13773053086425, 799.2953705164878, 170.99346707552513, 805.2605644937544, 708.7635935578464, 1158.2532234717496], agent_converged=True, agent_rationale='laya selected mean_pool_full') is not in list
[ 173] best_single    score= 0.2242 origin=agent    iters=4 stop=no new information in 3 consecutive turns
         TEST  smape=0.0064  rmse=24.2184  pocid=41.67  mape=0.0065
         laya iter 1 -> best_ONLY_DWT_catboost conf=0.8671 rank=1
         laya iter 2 -> best_ONLY_DWT_catboost conf=0.7826 rank=1
         laya iter 3 -> best_ONLY_DWT_catboost conf=0.7826 rank=1
         laya iter 4 -> best_ONLY_DWT_catboost conf=0.7826 rank=1
[ 174] best_single    score=-0.0751 origin=agent    iters=4 stop=no new information in 3 consecutive turns
         TEST  smape=0.0054  rmse=20.4984  pocid=83.33  mape=0.0053
         laya iter 1 -> best_DWT_rf conf=0.3805 rank=1
         laya iter 2 -> best_DWT_rf conf=0.8026 rank=1
         laya iter 3 -> best_DWT_rf conf=0.8026 rank=1
         laya iter 4 -> best_DWT_rf conf=0.8026 rank=1
[ 175] best_single    score= 0.0874 origin=agent    iters=4 stop=no new information in 3 consecutive turns
         TEST  smape=0.0248  rmse=67.1195  pocid=33.33  mape=0.0251
         laya iter 1 -> best_ONLY_FT_catboost conf=0.9698 rank=1
         laya iter 2 -> best_ONLY_FT_catboost conf=0.9579 rank=1
         laya iter 3 -> best_ONLY_FT_catboost conf=0.9579 rank=1
         laya iter 4 -> best_ONLY_FT_catboost conf=0.9579 rank=1
[ 176] best_single    score= 0.4509 origin=agent    iters=4 stop=no new information in 3 consecutive turns
         TEST  smape=0.0364  rmse=279.2557  pocid=66.67  mape=0.0356
         laya iter 1 -> best_ONLY_DWT_catboost conf=0.9805 rank=1
         laya iter 2 -> best_ONLY_DWT_catboost conf=0.8708 rank=1
         laya iter 3 -> best_ONLY_DWT_catboost conf=0.8708 rank=1
         laya iter 4 -> best_ONLY_DWT_catboost conf=0.8708 rank=1
[ 177] best_single    score= 0.3637 origin=agent    iters=5 stop=no new information in 3 consecutive turns
         TEST  smape=0.0931  rmse=140.5790  pocid=58.33  mape=0.0979
         laya iter 1 -> best_ONLY_DWT_rf conf=0.9419 rank=1
         laya iter 2 -> best_rf conf=0.864 rank=1
         laya iter 3 -> best_rf conf=0.864 rank=1
         laya iter 4 -> best_rf conf=0.864 rank=1
         laya iter 5 -> best_rf conf=0.864 rank=1
[ 178] best_single    score=-0.0587 origin=agent    iters=4 stop=no new information in 3 consecutive turns
         TEST  smape=0.0080  rmse=29.2572  pocid=33.33  mape=0.0080
         laya iter 1 -> best_FT_rf conf=0.2858 rank=1
         laya iter 2 -> best_FT_rf conf=0.492 rank=1
         laya iter 3 -> best_FT_rf conf=0.492 rank=1
         laya iter 4 -> best_FT_rf conf=0.492 rank=1
[ 179] best_single    score= 0.0995 origin=agent    iters=5 stop=no new information in 3 consecutive turns
         TEST  smape=0.0065  rmse=58.0664  pocid=66.67  mape=0.0064
         laya iter 1 -> select_stable_k5 conf=0.3013 obs=pool pool5 (5 models)
         laya iter 2 -> best_ONLY_CWT_rf conf=0.9359 rank=1
         laya iter 3 -> best_ONLY_CWT_rf conf=0.7584 rank=1
         laya iter 4 -> best_ONLY_CWT_rf conf=0.7584 rank=1
         laya iter 5 -> best_ONLY_CWT_rf conf=0.7584 rank=1
[ 180] best_single    score=-0.0538 origin=agent    iters=4 stop=no new information in 3 consecutive turns
         TEST  smape=0.0163  rmse=161.9795  pocid=25.00  mape=0.0161
         laya iter 1 -> best_DWT_rf conf=0.4574 rank=1
         laya iter 2 -> best_DWT_rf conf=0.7594 rank=1
         laya iter 3 -> best_DWT_rf conf=0.7594 rank=1
         laya iter 4 -> best_DWT_rf conf=0.7594 rank=1
[ 181] best_single    score= 0.2014 origin=agent    iters=4 stop=no new information in 3 consecutive turns
         TEST  smape=0.2579  rmse=355.5854  pocid=33.33  mape=0.2235
         laya iter 1 -> best_FT_rf conf=0.5028 rank=1
         laya iter 2 -> best_FT_rf conf=0.8964 rank=1
         laya iter 3 -> best_FT_rf conf=0.8964 rank=1
         laya iter 4 -> best_FT_rf conf=0.8964 rank=1
[ 182] best_single    score=-0.0915 origin=agent    iters=5 stop=no new information in 3 consecutive turns
         TEST  smape=0.0194  rmse=130.2253  pocid=58.33  mape=0.0191
         laya iter 1 -> select_stable_k5 conf=0.2719 obs=pool pool5 (5 models)
         laya iter 2 -> best_DWT_rf conf=0.4665 rank=1
         laya iter 3 -> best_DWT_rf conf=0.4507 rank=1
         laya iter 4 -> best_DWT_rf conf=0.4507 rank=1
         laya iter 5 -> best_DWT_rf conf=0.4507 rank=1
[ 183] best_single    score=-0.0480 origin=agent    iters=5 stop=no new information in 3 consecutive turns
         TEST  smape=0.0037  rmse=18.3987  pocid=83.33  mape=0.0037
         laya iter 1 -> select_stable_k5 conf=0.289 obs=pool pool5 (5 models)
         laya iter 2 -> best_ONLY_DWT_catboost conf=0.4793 rank=1
         laya iter 3 -> best_ONLY_DWT_catboost conf=0.6048 rank=1
         laya iter 4 -> best_ONLY_DWT_catboost conf=0.6048 rank=1
         laya iter 5 -> best_ONLY_DWT_catboost conf=0.6048 rank=1
[ 184] best_single    score=-0.0281 origin=agent    iters=4 stop=no new information in 3 consecutive turns
         TEST  smape=0.0047  rmse=22.8404  pocid=91.67  mape=0.0047
         laya iter 1 -> best_ONLY_DWT_catboost conf=0.7011 rank=1
         laya iter 2 -> best_ONLY_DWT_catboost conf=0.9434 rank=1
         laya iter 3 -> best_ONLY_DWT_catboost conf=0.9434 rank=1
         laya iter 4 -> best_ONLY_DWT_catboost conf=0.9434 rank=1
[ 185] best_single    score= 0.9606 origin=agent    iters=6 stop=no new information in 3 consecutive turns
         TEST  smape=0.0157  rmse=32.6235  pocid=58.33  mape=0.0155
         laya iter 1 -> select_stable_k5 conf=0.2563 obs=pool pool5 (5 models)
         laya iter 2 -> best_ONLY_DWT_catboost conf=0.6178 rank=1
         laya iter 3 -> best_CWT_catboost conf=0.5407 rank=2
         laya iter 4 -> best_CWT_catboost conf=0.5407 rank=2
         laya iter 5 -> best_CWT_catboost conf=0.5407 rank=2
         laya iter 6 -> best_CWT_catboost conf=0.5407 rank=2
[ 186] best_single    score= 0.3340 origin=agent    iters=5 stop=no new information in 3 consecutive turns
         TEST  smape=0.0421  rmse=40.0018  pocid=75.00  mape=0.0412
         laya iter 1 -> select_stable_k5 conf=0.2836 obs=pool pool5 (5 models)
         laya iter 2 -> best_ONLY_DWT_rf conf=0.8722 rank=1
         laya iter 3 -> best_ONLY_DWT_rf conf=0.7746 rank=1
         laya iter 4 -> best_ONLY_DWT_rf conf=0.7746 rank=1
         laya iter 5 -> best_ONLY_DWT_rf conf=0.7746 rank=1
[ 187] best_single    score= 0.2426 origin=agent    iters=4 stop=no new information in 3 consecutive turns
         TEST  smape=0.0483  rmse=129.5481  pocid=41.67  mape=0.0466
         laya iter 1 -> best_ONLY_CWT_rf conf=0.6978 rank=1
         laya iter 2 -> best_ONLY_CWT_rf conf=0.9831 rank=1
         laya iter 3 -> best_ONLY_CWT_rf conf=0.9831 rank=1
         laya iter 4 -> best_ONLY_CWT_rf conf=0.9831 rank=1
[ 188] best_single    score= 0.1807 origin=agent    iters=4 stop=no new information in 3 consecutive turns
         TEST  smape=0.0631  rmse=162.8081  pocid=58.33  mape=0.0604
         laya iter 1 -> best_ONLY_FT_rf conf=0.4643 rank=1
         laya iter 2 -> best_ONLY_FT_rf conf=0.9951 rank=1
         laya iter 3 -> best_ONLY_FT_rf conf=0.9951 rank=1
         laya iter 4 -> best_ONLY_FT_rf conf=0.9951 rank=1
[ 189] best_single    score=-0.0086 origin=agent    iters=5 stop=no new information in 3 consecutive turns
         TEST  smape=0.0238  rmse=11.8325  pocid=50.00  mape=0.0235
         laya iter 1 -> select_stable_k5 conf=0.3083 obs=pool pool5 (5 models)
         laya iter 2 -> best_ONLY_DWT_rf conf=0.4892 rank=1
         laya iter 3 -> best_ONLY_DWT_rf conf=0.8574 rank=1
         laya iter 4 -> best_ONLY_DWT_rf conf=0.8574 rank=1
         laya iter 5 -> best_ONLY_DWT_rf conf=0.8574 rank=1
[ 190] best_single    score= 0.4020 origin=agent    iters=4 stop=no new information in 3 consecutive turns
         TEST  smape=0.0759  rmse=623.9810  pocid=66.67  mape=0.0723
         laya iter 1 -> best_CWT_rf conf=0.3318 rank=1
         laya iter 2 -> best_CWT_rf conf=0.639 rank=1
         laya iter 3 -> best_CWT_rf conf=0.639 rank=1
         laya iter 4 -> best_CWT_rf conf=0.639 rank=1
[ 191] best_single    score= 0.4045 origin=agent    iters=5 stop=no new information in 3 consecutive turns
         TEST  smape=0.0382  rmse=52.2545  pocid=58.33  mape=0.0394
         laya iter 1 -> select_stable_k5 conf=0.2812 obs=pool pool5 (5 models)
         laya iter 2 -> best_ONLY_CWT_rf conf=0.7941 rank=1
         laya iter 3 -> best_ONLY_CWT_rf conf=0.9803 rank=1
         laya iter 4 -> best_ONLY_CWT_rf conf=0.9803 rank=1
         laya iter 5 -> best_ONLY_CWT_rf conf=0.9803 rank=1
[ 192] best_single    score= 0.2644 origin=agent    iters=4 stop=no new information in 3 consecutive turns
         TEST  smape=0.0257  rmse=177.6087  pocid=50.00  mape=0.0256
         laya iter 1 -> best_FT_rf conf=0.4196 rank=1
         laya iter 2 -> best_FT_rf conf=0.3769 rank=1
         laya iter 3 -> best_FT_rf conf=0.3769 rank=1
         laya iter 4 -> best_FT_rf conf=0.3769 rank=1
[ 193] best_single    score= 0.0610 origin=agent    iters=5 stop=no new information in 3 consecutive turns
         TEST  smape=0.0594  rmse=31.1122  pocid=50.00  mape=0.0575
         laya iter 1 -> select_stable_k5 conf=0.3406 obs=pool pool5 (5 models)
         laya iter 2 -> best_DWT_rf conf=0.8478 rank=1
         laya iter 3 -> best_DWT_rf conf=0.9505 rank=1
         laya iter 4 -> best_DWT_rf conf=0.9505 rank=1
         laya iter 5 -> best_DWT_rf conf=0.9505 rank=1
[ 194] best_single    score= 0.6139 origin=agent    iters=4 stop=no new information in 3 consecutive turns
         TEST  smape=0.1745  rmse=161.5490  pocid=50.00  mape=0.1596
         laya iter 1 -> best_ONLY_DWT_catboost conf=0.5364 rank=1
         laya iter 2 -> best_ONLY_DWT_catboost conf=0.6251 rank=1
         laya iter 3 -> best_ONLY_DWT_catboost conf=0.6251 rank=1
         laya iter 4 -> best_ONLY_DWT_catboost conf=0.6251 rank=1
[ 195] best_single    score= 0.3322 origin=agent    iters=4 stop=no new information in 3 consecutive turns
         TEST  smape=0.2166  rmse=2068.6036  pocid=33.33  mape=0.1925
         laya iter 1 -> best_ONLY_CWT_catboost conf=0.9603 rank=1
         laya iter 2 -> best_ONLY_CWT_catboost conf=0.9911 rank=1
         laya iter 3 -> best_ONLY_CWT_catboost conf=0.9911 rank=1
         laya iter 4 -> best_ONLY_CWT_catboost conf=0.9911 rank=1
[ 196] best_single    score= 0.6294 origin=agent    iters=5 stop=no new information in 3 consecutive turns
         TEST  smape=0.0656  rmse=225.4022  pocid=66.67  mape=0.0633
         laya iter 1 -> select_stable_k5 conf=0.3532 obs=pool pool5 (5 models)
         laya iter 2 -> best_ONLY_CWT_rf conf=0.8413 rank=1
         laya iter 3 -> best_ONLY_CWT_rf conf=0.9435 rank=1
         laya iter 4 -> best_ONLY_CWT_rf conf=0.9435 rank=1
         laya iter 5 -> best_ONLY_CWT_rf conf=0.9435 rank=1
[ 197] best_single    score= 0.0428 origin=agent    iters=5 stop=no new information in 3 consecutive turns
         TEST  smape=0.0902  rmse=238.4663  pocid=33.33  mape=0.0856
         laya iter 1 -> best_CWT_catboost conf=0.3118 rank=1
         laya iter 2 -> best_ONLY_CWT_catboost conf=0.8558 rank=1
         laya iter 3 -> best_ONLY_CWT_catboost conf=0.8558 rank=1
         laya iter 4 -> best_ONLY_CWT_catboost conf=0.8558 rank=1
         laya iter 5 -> best_ONLY_CWT_catboost conf=0.8558 rank=1
[ 198] best_single    score= 0.0778 origin=agent    iters=5 stop=no new information in 3 consecutive turns
         TEST  smape=0.0393  rmse=41.5300  pocid=50.00  mape=0.0392
         laya iter 1 -> select_stable_k5 conf=0.2614 obs=pool pool5 (5 models)
         laya iter 2 -> best_ONLY_CWT_catboost conf=0.5309 rank=1
         laya iter 3 -> best_ONLY_CWT_catboost conf=0.6613 rank=1
         laya iter 4 -> best_ONLY_CWT_catboost conf=0.6613 rank=1
         laya iter 5 -> best_ONLY_CWT_catboost conf=0.6613 rank=1
[ 199] best_single    score= 0.2239 origin=agent    iters=5 stop=no new information in 3 consecutive turns
         TEST  smape=0.1259  rmse=253.6148  pocid=66.67  mape=0.1271
         laya iter 1 -> best_DWT_rf conf=0.318 rank=1
         laya iter 2 -> best_ONLY_CWT_rf conf=0.6087 rank=2
         laya iter 3 -> best_ONLY_CWT_rf conf=0.6087 rank=2
         laya iter 4 -> best_ONLY_CWT_rf conf=0.6087 rank=2
         laya iter 5 -> best_ONLY_CWT_rf conf=0.6087 rank=2
[ 200] best_single    score= 0.4886 origin=agent    iters=5 stop=no new information in 3 consecutive turns
         TEST  smape=0.3537  rmse=622.3100  pocid=58.33  mape=0.2932
         laya iter 1 -> select_stable_k5 conf=0.3132 obs=pool pool5 (5 models)
         laya iter 2 -> best_CWT_rf conf=0.7039 rank=1
         laya iter 3 -> best_CWT_rf conf=0.4769 rank=1
         laya iter 4 -> best_CWT_rf conf=0.4769 rank=1
         laya iter 5 -> best_CWT_rf conf=0.4769 rank=1
[ 201] best_single    score= 0.5136 origin=agent    iters=6 stop=no new information in 3 consecutive turns
         TEST  smape=0.1509  rmse=619.0914  pocid=41.67  mape=0.1389
         laya iter 1 -> select_stable_k5 conf=0.2545 obs=pool pool5 (5 models)
         laya iter 2 -> best_ONLY_CWT_rf conf=0.739 rank=1
         laya iter 3 -> best_CWT_catboost conf=0.6481 rank=1
         laya iter 4 -> best_CWT_catboost conf=0.6481 rank=1
         laya iter 5 -> best_CWT_catboost conf=0.6481 rank=1
         laya iter 6 -> best_CWT_catboost conf=0.6481 rank=1
[ 202] best_single    score= 0.4374 origin=agent    iters=6 stop=no new information in 3 consecutive turns
         TEST  smape=0.0694  rmse=442.3074  pocid=58.33  mape=0.0736
         laya iter 1 -> select_stable_k5 conf=0.2196 obs=pool pool5 (5 models)
         laya iter 2 -> best_FT_catboost conf=0.6327 rank=1
         laya iter 3 -> best_ONLY_DWT_catboost conf=0.8311 rank=1
         laya iter 4 -> best_ONLY_DWT_catboost conf=0.8311 rank=1
         laya iter 5 -> best_ONLY_DWT_catboost conf=0.8311 rank=1
         laya iter 6 -> best_ONLY_DWT_catboost conf=0.8311 rank=1
[ 203] best_single    score=-0.0090 origin=agent    iters=5 stop=no new information in 3 consecutive turns
         TEST  smape=0.0074  rmse=59.1205  pocid=75.00  mape=0.0074
         laya iter 1 -> select_stable_k5 conf=0.3031 obs=pool pool5 (5 models)
         laya iter 2 -> best_ONLY_DWT_rf conf=0.8852 rank=1
         laya iter 3 -> best_ONLY_DWT_rf conf=0.9816 rank=1
         laya iter 4 -> best_ONLY_DWT_rf conf=0.9816 rank=1
         laya iter 5 -> best_ONLY_DWT_rf conf=0.9816 rank=1
[ 204] best_single    score= 0.1474 origin=agent    iters=5 stop=no new information in 3 consecutive turns
         TEST  smape=0.0159  rmse=259.3038  pocid=50.00  mape=0.0157
         laya iter 1 -> select_stable_k5 conf=0.3012 obs=pool pool5 (5 models)
         laya iter 2 -> best_ONLY_CWT_rf conf=0.818 rank=1
         laya iter 3 -> best_ONLY_CWT_rf conf=0.975 rank=1
         laya iter 4 -> best_ONLY_CWT_rf conf=0.975 rank=1
         laya iter 5 -> best_ONLY_CWT_rf conf=0.975 rank=1
[ 205] best_single    score= 0.5203 origin=agent    iters=4 stop=no new information in 3 consecutive turns
         TEST  smape=0.1065  rmse=151.5987  pocid=75.00  mape=0.0998
         laya iter 1 -> best_ONLY_DWT_catboost conf=0.4548 rank=1
         laya iter 2 -> best_ONLY_DWT_catboost conf=0.6971 rank=1
         laya iter 3 -> best_ONLY_DWT_catboost conf=0.6971 rank=1
         laya iter 4 -> best_ONLY_DWT_catboost conf=0.6971 rank=1
[ 206] best_single    score= 0.3672 origin=agent    iters=5 stop=no new information in 3 consecutive turns
         TEST  smape=0.0905  rmse=2121.1739  pocid=58.33  mape=0.0847
         laya iter 1 -> select_stable_k5 conf=0.2693 obs=pool pool5 (5 models)
         laya iter 2 -> best_ONLY_DWT_rf conf=0.9668 rank=1
         laya iter 3 -> best_ONLY_DWT_rf conf=0.9795 rank=1
         laya iter 4 -> best_ONLY_DWT_rf conf=0.9795 rank=1
         laya iter 5 -> best_ONLY_DWT_rf conf=0.9795 rank=1
[ 207] best_single    score= 0.1792 origin=agent    iters=5 stop=no new information in 3 consecutive turns
         TEST  smape=0.0658  rmse=2117.6675  pocid=66.67  mape=0.0671
         laya iter 1 -> best_DWT_catboost conf=0.2581 rank=1
         laya iter 2 -> best_CWT_catboost conf=0.4509 rank=2
         laya iter 3 -> best_CWT_catboost conf=0.4509 rank=2
         laya iter 4 -> best_CWT_catboost conf=0.4509 rank=2
         laya iter 5 -> best_CWT_catboost conf=0.4509 rank=2
[ 208] best_single    score= 0.0898 origin=agent    iters=4 stop=no new information in 3 consecutive turns
         TEST  smape=1.2550  rmse=3115.9102  pocid=0.00  mape=0.7711
         laya iter 1 -> best_ETS conf=0.3843 rank=1
         laya iter 2 -> best_ETS conf=0.4444 rank=1
         laya iter 3 -> best_ETS conf=0.4444 rank=1
         laya iter 4 -> best_ETS conf=0.4444 rank=1
[ 209] best_single    score= 0.1256 origin=agent    iters=5 stop=no new information in 3 consecutive turns
         TEST  smape=0.1350  rmse=1259.1362  pocid=66.67  mape=0.1253
         laya iter 1 -> select_stable_k5 conf=0.2815 obs=pool pool5 (5 models)
         laya iter 2 -> best_FT_rf conf=0.6929 rank=1
         laya iter 3 -> best_FT_rf conf=0.6143 rank=1
         laya iter 4 -> best_FT_rf conf=0.6143 rank=1
         laya iter 5 -> best_FT_rf conf=0.6143 rank=1
[ 210] best_single    score=-0.1355 origin=agent    iters=4 stop=no new information in 3 consecutive turns
         TEST  smape=0.0161  rmse=407.7503  pocid=91.67  mape=0.0163
         laya iter 1 -> best_FT_rf conf=0.4272 rank=1
         laya iter 2 -> best_FT_rf conf=0.4963 rank=1
         laya iter 3 -> best_FT_rf conf=0.4963 rank=1
         laya iter 4 -> best_FT_rf conf=0.4963 rank=1
[ 211] best_single    score= 0.0316 origin=agent    iters=5 stop=no new information in 3 consecutive turns
         TEST  smape=0.0520  rmse=348.8678  pocid=66.67  mape=0.0502
         laya iter 1 -> select_stable_k5 conf=0.2578 obs=pool pool5 (5 models)
         laya iter 2 -> best_ONLY_CWT_rf conf=0.7898 rank=1
         laya iter 3 -> best_ONLY_CWT_rf conf=0.6895 rank=1
         laya iter 4 -> best_ONLY_CWT_rf conf=0.6895 rank=1
         laya iter 5 -> best_ONLY_CWT_rf conf=0.6895 rank=1
[ 212] best_single    score= 0.2049 origin=agent    iters=6 stop=no new information in 3 consecutive turns
         TEST  smape=0.0456  rmse=192.1380  pocid=50.00  mape=0.0464
         laya iter 1 -> select_stable_k5 conf=0.3174 obs=pool pool5 (5 models)
         laya iter 2 -> best_DWT_rf conf=0.4716 rank=1
         laya iter 3 -> best_DWT_catboost conf=0.652 rank=1
         laya iter 4 -> best_DWT_catboost conf=0.652 rank=1
         laya iter 5 -> best_DWT_catboost conf=0.652 rank=1
         laya iter 6 -> best_DWT_catboost conf=0.652 rank=1
[ 213] best_single    score= 0.2722 origin=agent    iters=5 stop=no new information in 3 consecutive turns
         TEST  smape=0.0276  rmse=63.0368  pocid=66.67  mape=0.0273
         laya iter 1 -> select_stable_k5 conf=0.2874 obs=pool pool5 (5 models)
         laya iter 2 -> best_ONLY_CWT_catboost conf=0.6311 rank=1
         laya iter 3 -> best_ONLY_CWT_catboost conf=0.8653 rank=1
         laya iter 4 -> best_ONLY_CWT_catboost conf=0.8653 rank=1
         laya iter 5 -> best_ONLY_CWT_catboost conf=0.8653 rank=1
[ 214] best_single    score= 0.0675 origin=agent    iters=5 stop=no new information in 3 consecutive turns
         TEST  smape=0.0240  rmse=68.6759  pocid=58.33  mape=0.0236
         laya iter 1 -> select_stable_k5 conf=0.2591 obs=pool pool5 (5 models)
         laya iter 2 -> best_CWT_catboost conf=0.4212 rank=1
         laya iter 3 -> best_CWT_catboost conf=0.5434 rank=1
         laya iter 4 -> best_CWT_catboost conf=0.5434 rank=1
         laya iter 5 -> best_CWT_catboost conf=0.5434 rank=1
[ 215] best_single    score= 0.0565 origin=agent    iters=5 stop=no new information in 3 consecutive turns
         TEST  smape=0.0319  rmse=114.4165  pocid=25.00  mape=0.0313
         laya iter 1 -> select_stable_k5 conf=0.343 obs=pool pool5 (5 models)
         laya iter 2 -> best_FT_catboost conf=0.593 rank=1
         laya iter 3 -> best_FT_catboost conf=0.6326 rank=1
         laya iter 4 -> best_FT_catboost conf=0.6326 rank=1
         laya iter 5 -> best_FT_catboost conf=0.6326 rank=1
[ 216] best_single    score= 0.2814 origin=agent    iters=5 stop=no new information in 3 consecutive turns
         TEST  smape=0.0153  rmse=239.0586  pocid=0.00  mape=0.0155
         laya iter 1 -> select_stable_k5 conf=0.3909 obs=pool pool5 (5 models)
         laya iter 2 -> best_ARIMA conf=0.4844 rank=1
         laya iter 3 -> best_ARIMA conf=0.7515 rank=1
         laya iter 4 -> best_ARIMA conf=0.7515 rank=1
         laya iter 5 -> best_ARIMA conf=0.7515 rank=1
[ 217] FAILED: ValueError: Attempt(attempt_id='a1', spec={'combine': 'mean', 'pool': 'pool_full'}, origin='baseline', aggregate={'MAPE': 178.5187495572051, 'SMAPE': 0.7898055605978166, 'RMSE': 7980356.276493718, 'POCID': 41.666666666666664, 'MSMAPE': 0.7898035991847322, 'MAE': 1775572.4709012054}, per_window=[{'MAPE': 523.5649627073735, 'SMAPE': 1.29368788231089, 'RMSE': 13819170.206266126, 'POCID': 41.666666666666664, 'MSMAPE': 1.293685468066305, 'MAE': 5208053.921039785}, {'MAPE': 0.03154602192534646, 'SMAPE': 0.031122973544990187, 'RMSE': 369.24867826682805, 'POCID': 41.666666666666664, 'MSMAPE': 0.031122812293956713, 'MAE': 300.4238385373344}, {'MAPE': 11.959739942316215, 'SMAPE': 1.0446058259375695, 'RMSE': 297982.50488931505, 'POCID': 41.666666666666664, 'MSMAPE': 1.0446025171939348, 'MAE': 118363.06782529254}], score=0.7166666666666667, rationale='deterministic baseline: plain mean of the full pool', iteration=0, n_models=19, per_window_scores=[0.7166666666666667, 0.7166666666666667, 0.7166666666666667], residuals=[-264.3184301905512, -346.7026904944887, -554.2413201033305, -1265.5984473206536, -4350.778550603004, -11006.816001992041, -34822.88924439141, -114771.59933814712, -376504.99976601463, -1297401.820908472, -4190692.5285952664, -14081666.056424512, -47591052.62379971, -19.249393841932033, -31.58367763689421, 386.6699579985434, 388.8016974623297, 388.48141205454885, 893.5827940453564, -125.96769577744635, 319.0618657010218, -139.46169312838356, -283.38285933460065, -230.1145698027649, -293.7205029653487, -405.4317812361769, -1163.510392133885, -1757.4107327223119, -1113.0192648632692, -2486.592621433473, -1654.0326176077187, -4343.485483281582, -5964.604699710586, -7551.015083353812, -17447.50369561912, -53756.2549537037, -105854.8831682354, -315790.71463244257, -1019836.8543836956], agent_converged=True, agent_rationale='laya selected mean_pool_full') is not in list
[ 218] best_single    score=-0.1881 origin=agent    iters=4 stop=no new information in 3 consecutive turns
         TEST  smape=0.0005  rmse=0.6555  pocid=100.00  mape=0.0005
         laya iter 1 -> best_DWT_rf conf=0.5518 rank=1
         laya iter 2 -> best_DWT_rf conf=0.5649 rank=1
         laya iter 3 -> best_DWT_rf conf=0.5649 rank=1
         laya iter 4 -> best_DWT_rf conf=0.5649 rank=1
[ 219] best_single    score=-0.1844 origin=agent    iters=5 stop=no new information in 3 consecutive turns
         TEST  smape=0.0000  rmse=0.1123  pocid=100.00  mape=0.0000
         laya iter 1 -> select_stable_k5 conf=0.3398 obs=pool pool5 (5 models)
         laya iter 2 -> best_FT_rf conf=0.831 rank=1
         laya iter 3 -> best_FT_rf conf=0.8511 rank=1
         laya iter 4 -> best_FT_rf conf=0.8511 rank=1
         laya iter 5 -> best_FT_rf conf=0.8511 rank=1
[ 220] best_single    score= 0.7360 origin=agent    iters=5 stop=no new information in 3 consecutive turns
         TEST  smape=0.0444  rmse=389.9080  pocid=66.67  mape=0.0435
         laya iter 1 -> select_stable_k5 conf=0.2803 obs=pool pool5 (5 models)
         laya iter 2 -> best_ONLY_CWT_rf conf=0.6081 rank=1
         laya iter 3 -> best_ONLY_CWT_rf conf=0.8822 rank=1
         laya iter 4 -> best_ONLY_CWT_rf conf=0.8822 rank=1
         laya iter 5 -> best_ONLY_CWT_rf conf=0.8822 rank=1
[ 221] best_single    score= 0.0972 origin=agent    iters=4 stop=no new information in 3 consecutive turns
         TEST  smape=0.0943  rmse=841.6188  pocid=58.33  mape=0.0910
         laya iter 1 -> best_rf conf=0.9327 rank=1
         laya iter 2 -> best_rf conf=0.8864 rank=1
         laya iter 3 -> best_rf conf=0.8864 rank=1
         laya iter 4 -> best_rf conf=0.8864 rank=1
[ 222] best_single    score= 0.0504 origin=agent    iters=4 stop=no new information in 3 consecutive turns
         TEST  smape=0.1668  rmse=10520.0044  pocid=75.00  mape=0.2212
         laya iter 1 -> best_DWT_rf conf=0.4634 rank=1
         laya iter 2 -> best_DWT_rf conf=0.7411 rank=1
         laya iter 3 -> best_DWT_rf conf=0.7411 rank=1
         laya iter 4 -> best_DWT_rf conf=0.7411 rank=1
[ 223] best_single    score= 0.1524 origin=agent    iters=5 stop=no new information in 3 consecutive turns
         TEST  smape=0.1558  rmse=354.0065  pocid=25.00  mape=0.1410
         laya iter 1 -> select_stable_k5 conf=0.2228 obs=pool pool5 (5 models)
         laya iter 2 -> best_ONLY_DWT_rf conf=0.914 rank=1
         laya iter 3 -> best_ONLY_DWT_rf conf=0.7621 rank=1
         laya iter 4 -> best_ONLY_DWT_rf conf=0.7621 rank=1
         laya iter 5 -> best_ONLY_DWT_rf conf=0.7621 rank=1
[ 224] best_single    score= 0.0546 origin=agent    iters=5 stop=no new information in 3 consecutive turns
         TEST  smape=0.0642  rmse=253.5194  pocid=33.33  mape=0.0590
         laya iter 1 -> best_ONLY_CWT_catboost conf=0.3131 rank=1
         laya iter 2 -> best_DWT_rf conf=0.4957 rank=1
         laya iter 3 -> best_DWT_rf conf=0.4957 rank=1
         laya iter 4 -> best_DWT_rf conf=0.4957 rank=1
         laya iter 5 -> best_DWT_rf conf=0.4957 rank=1
[ 225] best_single    score= 0.0725 origin=agent    iters=5 stop=no new information in 3 consecutive turns
         TEST  smape=0.0347  rmse=116.5946  pocid=58.33  mape=0.0357
         laya iter 1 -> select_stable_k5 conf=0.3587 obs=pool pool5 (5 models)
         laya iter 2 -> best_FT_rf conf=0.9553 rank=1
         laya iter 3 -> best_FT_rf conf=0.993 rank=1
         laya iter 4 -> best_FT_rf conf=0.993 rank=1
         laya iter 5 -> best_FT_rf conf=0.993 rank=1
[ 226] best_single    score= 0.1037 origin=agent    iters=5 stop=no new information in 3 consecutive turns
         TEST  smape=0.1432  rmse=287.0740  pocid=25.00  mape=0.1286
         laya iter 1 -> select_stable_k5 conf=0.2952 obs=pool pool5 (5 models)
         laya iter 2 -> best_rf conf=0.7059 rank=1
         laya iter 3 -> best_rf conf=0.7197 rank=1
         laya iter 4 -> best_rf conf=0.7197 rank=1
         laya iter 5 -> best_rf conf=0.7197 rank=1
[ 227] best_single    score= 0.2550 origin=agent    iters=5 stop=no new information in 3 consecutive turns
         TEST  smape=0.0327  rmse=308.7371  pocid=50.00  mape=0.0321
         laya iter 1 -> select_stable_k5 conf=0.2567 obs=pool pool5 (5 models)
         laya iter 2 -> best_CWT_rf conf=0.394 rank=1
         laya iter 3 -> best_CWT_rf conf=0.5796 rank=1
         laya iter 4 -> best_CWT_rf conf=0.5796 rank=1
         laya iter 5 -> best_CWT_rf conf=0.5796 rank=1
[ 228] best_single    score=-0.0124 origin=agent    iters=4 stop=no new information in 3 consecutive turns
         TEST  smape=0.1842  rmse=108.3294  pocid=75.00  mape=0.2114
         laya iter 1 -> best_rf conf=0.946 rank=1
         laya iter 2 -> best_rf conf=0.5225 rank=1
         laya iter 3 -> best_rf conf=0.5225 rank=1
         laya iter 4 -> best_rf conf=0.5225 rank=1
[ 229] best_single    score= 0.0826 origin=agent    iters=4 stop=no new information in 3 consecutive turns
         TEST  smape=0.1143  rmse=530.9228  pocid=50.00  mape=0.1140
         laya iter 1 -> best_FT_rf conf=0.4809 rank=1
         laya iter 2 -> best_FT_rf conf=0.4475 rank=1
         laya iter 3 -> best_FT_rf conf=0.4475 rank=1
         laya iter 4 -> best_FT_rf conf=0.4475 rank=1
[ 230] best_single    score= 0.1759 origin=agent    iters=5 stop=no new information in 3 consecutive turns
         TEST  smape=0.1785  rmse=251.7970  pocid=100.00  mape=0.1578
         laya iter 1 -> select_stable_k5 conf=0.2478 obs=pool pool5 (5 models)
         laya iter 2 -> best_FT_catboost conf=0.5368 rank=1
         laya iter 3 -> best_FT_catboost conf=0.7995 rank=1
         laya iter 4 -> best_FT_catboost conf=0.7995 rank=1
         laya iter 5 -> best_FT_catboost conf=0.7995 rank=1
[ 231] best_single    score= 0.1485 origin=agent    iters=5 stop=no new information in 3 consecutive turns
         TEST  smape=0.2122  rmse=704.7659  pocid=41.67  mape=0.1794
         laya iter 1 -> select_stable_k5 conf=0.2488 obs=pool pool5 (5 models)
         laya iter 2 -> best_FT_catboost conf=0.5423 rank=1
         laya iter 3 -> best_FT_catboost conf=0.4466 rank=1
         laya iter 4 -> best_FT_catboost conf=0.4466 rank=1
         laya iter 5 -> best_FT_catboost conf=0.4466 rank=1
[ 232] best_single    score= 0.1912 origin=agent    iters=5 stop=no new information in 3 consecutive turns
         TEST  smape=0.1628  rmse=296.1154  pocid=33.33  mape=0.1412
         laya iter 1 -> select_stable_k5 conf=0.2866 obs=pool pool5 (5 models)
         laya iter 2 -> best_FT_catboost conf=0.7674 rank=1
         laya iter 3 -> best_FT_catboost conf=0.6605 rank=1
         laya iter 4 -> best_FT_catboost conf=0.6605 rank=1
         laya iter 5 -> best_FT_catboost conf=0.6605 rank=1
[ 233] best_single    score= 0.1977 origin=agent    iters=5 stop=no new information in 3 consecutive turns
         TEST  smape=0.1279  rmse=391.4695  pocid=41.67  mape=0.1143
         laya iter 1 -> select_stable_k5 conf=0.2692 obs=pool pool5 (5 models)
         laya iter 2 -> best_FT_catboost conf=0.5562 rank=1
         laya iter 3 -> best_FT_catboost conf=0.4667 rank=1
         laya iter 4 -> best_FT_catboost conf=0.4667 rank=1
         laya iter 5 -> best_FT_catboost conf=0.4667 rank=1
[ 234] best_single    score= 0.2234 origin=agent    iters=4 stop=no new information in 3 consecutive turns
         TEST  smape=0.0804  rmse=87.0134  pocid=100.00  mape=0.0759
         laya iter 1 -> best_ONLY_CWT_rf conf=0.3904 rank=1
         laya iter 2 -> best_ONLY_CWT_rf conf=0.9398 rank=1
         laya iter 3 -> best_ONLY_CWT_rf conf=0.9398 rank=1
         laya iter 4 -> best_ONLY_CWT_rf conf=0.9398 rank=1
[ 235] best_single    score= 0.1018 origin=agent    iters=6 stop=no new information in 3 consecutive turns
         TEST  smape=0.0567  rmse=318.8722  pocid=58.33  mape=0.0546
         laya iter 1 -> select_stable_k5 conf=0.261 obs=pool pool5 (5 models)
         laya iter 2 -> best_CWT_rf conf=0.6317 rank=1
         laya iter 3 -> best_ONLY_DWT_catboost conf=0.5961 rank=1
         laya iter 4 -> best_ONLY_DWT_catboost conf=0.5961 rank=1
         laya iter 5 -> best_ONLY_DWT_catboost conf=0.5961 rank=1
         laya iter 6 -> best_ONLY_DWT_catboost conf=0.5961 rank=1
[ 236] best_single    score= 0.1053 origin=agent    iters=4 stop=no new information in 3 consecutive turns
         TEST  smape=0.2924  rmse=470.5059  pocid=50.00  mape=0.3547
         laya iter 1 -> best_rf conf=0.8961 rank=1
         laya iter 2 -> best_rf conf=0.5459 rank=1
         laya iter 3 -> best_rf conf=0.5459 rank=1
         laya iter 4 -> best_rf conf=0.5459 rank=1
[ 237] best_single    score= 0.1041 origin=agent    iters=5 stop=no new information in 3 consecutive turns
         TEST  smape=0.3098  rmse=250.3550  pocid=83.33  mape=0.2535
         laya iter 1 -> select_stable_k5 conf=0.2798 obs=pool pool5 (5 models)
         laya iter 2 -> best_DWT_rf conf=0.6143 rank=1
         laya iter 3 -> best_DWT_rf conf=0.3386 rank=1
         laya iter 4 -> best_DWT_rf conf=0.3386 rank=1
         laya iter 5 -> best_DWT_rf conf=0.3386 rank=1
[ 238] best_single    score= 0.3083 origin=agent    iters=5 stop=no new information in 3 consecutive turns
         TEST  smape=0.0672  rmse=352.2257  pocid=83.33  mape=0.0697
         laya iter 1 -> select_stable_k5 conf=0.3165 obs=pool pool5 (5 models)
         laya iter 2 -> best_FT_rf conf=0.6685 rank=1
         laya iter 3 -> best_FT_rf conf=0.9576 rank=1
         laya iter 4 -> best_FT_rf conf=0.9576 rank=1
         laya iter 5 -> best_FT_rf conf=0.9576 rank=1
[ 239] best_single    score= 0.0391 origin=agent    iters=4 stop=no new information in 3 consecutive turns
         TEST  smape=0.1151  rmse=511.3237  pocid=50.00  mape=0.1047
         laya iter 1 -> best_rf conf=0.7769 rank=1
         laya iter 2 -> best_rf conf=0.7026 rank=1
         laya iter 3 -> best_rf conf=0.7026 rank=1
         laya iter 4 -> best_rf conf=0.7026 rank=1
[ 240] best_single    score= 0.1096 origin=agent    iters=6 stop=no new information in 3 consecutive turns
         TEST  smape=0.0338  rmse=55.0904  pocid=75.00  mape=0.0336
         laya iter 1 -> select_stable_k5 conf=0.2652 obs=pool pool5 (5 models)
         laya iter 2 -> best_ONLY_CWT_catboost conf=0.3768 rank=1
         laya iter 3 -> best_DWT_rf conf=0.4672 rank=1
         laya iter 4 -> best_DWT_rf conf=0.4672 rank=1
         laya iter 5 -> best_DWT_rf conf=0.4672 rank=1
         laya iter 6 -> best_DWT_rf conf=0.4672 rank=1
[ 241] best_single    score= 0.0544 origin=agent    iters=5 stop=no new information in 3 consecutive turns
         TEST  smape=0.1020  rmse=256.4712  pocid=41.67  mape=0.0951
         laya iter 1 -> select_stable_k5 conf=0.2447 obs=pool pool5 (5 models)
         laya iter 2 -> best_ONLY_CWT_catboost conf=0.3338 rank=1
         laya iter 3 -> best_ONLY_CWT_catboost conf=0.2693 rank=1
         laya iter 4 -> best_ONLY_CWT_catboost conf=0.2693 rank=1
         laya iter 5 -> best_ONLY_CWT_catboost conf=0.2693 rank=1
[ 242] best_single    score= 0.3922 origin=agent    iters=5 stop=no new information in 3 consecutive turns
         TEST  smape=0.6444  rmse=1735.7603  pocid=66.67  mape=0.4559
         laya iter 1 -> select_stable_k5 conf=0.2349 obs=pool pool5 (5 models)
         laya iter 2 -> best_ONLY_DWT_rf conf=0.8125 rank=1
         laya iter 3 -> best_ONLY_DWT_rf conf=0.8058 rank=1
         laya iter 4 -> best_ONLY_DWT_rf conf=0.8058 rank=1
         laya iter 5 -> best_ONLY_DWT_rf conf=0.8058 rank=1
[ 243] best_single    score= 0.2112 origin=agent    iters=5 stop=no new information in 3 consecutive turns
         TEST  smape=0.1923  rmse=253.5101  pocid=100.00  mape=0.1716
         laya iter 1 -> select_stable_k5 conf=0.3311 obs=pool pool5 (5 models)
         laya iter 2 -> best_DWT_rf conf=0.7233 rank=1
         laya iter 3 -> best_DWT_rf conf=0.8985 rank=1
         laya iter 4 -> best_DWT_rf conf=0.8985 rank=1
         laya iter 5 -> best_DWT_rf conf=0.8985 rank=1
[ 244] best_single    score= 0.0545 origin=agent    iters=5 stop=no new information in 3 consecutive turns
         TEST  smape=0.0552  rmse=207.5240  pocid=58.33  mape=0.0531
         laya iter 1 -> select_stable_k5 conf=0.304 obs=pool pool5 (5 models)
         laya iter 2 -> best_ONLY_CWT_rf conf=0.9682 rank=1
         laya iter 3 -> best_ONLY_CWT_rf conf=0.9967 rank=1
         laya iter 4 -> best_ONLY_CWT_rf conf=0.9967 rank=1
         laya iter 5 -> best_ONLY_CWT_rf conf=0.9967 rank=1
[ 245] best_single    score= 0.4963 origin=agent    iters=4 stop=no new information in 3 consecutive turns
         TEST  smape=0.2052  rmse=348.8898  pocid=41.67  mape=0.1788
         laya iter 1 -> best_ONLY_DWT_rf conf=0.3855 rank=1
         laya iter 2 -> best_ONLY_DWT_rf conf=0.6744 rank=1
         laya iter 3 -> best_ONLY_DWT_rf conf=0.6744 rank=1
         laya iter 4 -> best_ONLY_DWT_rf conf=0.6744 rank=1
[ 246] best_single    score=-0.0012 origin=agent    iters=6 stop=no new information in 3 consecutive turns
         TEST  smape=0.0357  rmse=294.9075  pocid=83.33  mape=0.0366
         laya iter 1 -> select_stable_k5 conf=0.2475 obs=pool pool5 (5 models)
         laya iter 2 -> best_ONLY_CWT_rf conf=0.6481 rank=1
         laya iter 3 -> best_ONLY_CWT_catboost conf=0.78 rank=1
         laya iter 4 -> best_ONLY_CWT_catboost conf=0.78 rank=1
         laya iter 5 -> best_ONLY_CWT_catboost conf=0.78 rank=1
         laya iter 6 -> best_ONLY_CWT_catboost conf=0.78 rank=1
[ 247] best_single    score= 0.0525 origin=agent    iters=4 stop=no new information in 3 consecutive turns
         TEST  smape=0.0197  rmse=416.6484  pocid=16.67  mape=0.0198
         laya iter 1 -> best_ONLY_CWT_rf conf=0.9443 rank=1
         laya iter 2 -> best_ONLY_CWT_rf conf=0.992 rank=1
         laya iter 3 -> best_ONLY_CWT_rf conf=0.992 rank=1
         laya iter 4 -> best_ONLY_CWT_rf conf=0.992 rank=1
[ 248] best_single    score= 0.0032 origin=agent    iters=5 stop=no new information in 3 consecutive turns
         TEST  smape=0.0653  rmse=1941.7557  pocid=16.67  mape=0.0695
         laya iter 1 -> select_stable_k5 conf=0.2621 obs=pool pool5 (5 models)
         laya iter 2 -> best_FT_catboost conf=0.3915 rank=1
         laya iter 3 -> best_FT_catboost conf=0.4509 rank=1
         laya iter 4 -> best_FT_catboost conf=0.4509 rank=1
         laya iter 5 -> best_FT_catboost conf=0.4509 rank=1
[ 249] best_single    score=-0.1331 origin=agent    iters=4 stop=no new information in 3 consecutive turns
         TEST  smape=0.0105  rmse=47.2917  pocid=91.67  mape=0.0105
         laya iter 1 -> best_DWT_rf conf=0.3363 rank=1
         laya iter 2 -> best_DWT_rf conf=0.8519 rank=1
         laya iter 3 -> best_DWT_rf conf=0.8519 rank=1
         laya iter 4 -> best_DWT_rf conf=0.8519 rank=1
[ 250] best_single    score= 0.1042 origin=agent    iters=5 stop=no new information in 3 consecutive turns
         TEST  smape=0.0477  rmse=368.3050  pocid=50.00  mape=0.0463
         laya iter 1 -> select_stable_k5 conf=0.2942 obs=pool pool5 (5 models)
         laya iter 2 -> best_CWT_rf conf=0.5843 rank=1
         laya iter 3 -> best_CWT_rf conf=0.695 rank=1
         laya iter 4 -> best_CWT_rf conf=0.695 rank=1
         laya iter 5 -> best_CWT_rf conf=0.695 rank=1
[ 251] best_single    score=-0.1443 origin=agent    iters=6 stop=no new information in 3 consecutive turns
         TEST  smape=0.0035  rmse=37.4471  pocid=91.67  mape=0.0035
         laya iter 1 -> select_stable_k5 conf=0.2539 obs=pool pool5 (5 models)
         laya iter 2 -> best_CWT_rf conf=0.7249 rank=1
         laya iter 3 -> best_ONLY_DWT_rf conf=0.6974 rank=2
         laya iter 4 -> best_ONLY_DWT_rf conf=0.6974 rank=2
         laya iter 5 -> best_ONLY_DWT_rf conf=0.6974 rank=2
         laya iter 6 -> best_ONLY_DWT_rf conf=0.6974 rank=2
[ 252] best_single    score=-0.0781 origin=agent    iters=5 stop=no new information in 3 consecutive turns
         TEST  smape=0.0050  rmse=68.1820  pocid=83.33  mape=0.0049
         laya iter 1 -> select_stable_k5 conf=0.2978 obs=pool pool5 (5 models)
         laya iter 2 -> best_ONLY_CWT_rf conf=0.8126 rank=1
         laya iter 3 -> best_ONLY_CWT_rf conf=0.9727 rank=1
         laya iter 4 -> best_ONLY_CWT_rf conf=0.9727 rank=1
         laya iter 5 -> best_ONLY_CWT_rf conf=0.9727 rank=1
[ 253] best_single    score=-0.1327 origin=agent    iters=4 stop=no new information in 3 consecutive turns
         TEST  smape=0.0045  rmse=38.7529  pocid=100.00  mape=0.0045
         laya iter 1 -> best_ONLY_CWT_rf conf=0.3297 rank=1
         laya iter 2 -> best_ONLY_CWT_rf conf=0.3854 rank=1
         laya iter 3 -> best_ONLY_CWT_rf conf=0.3854 rank=1
         laya iter 4 -> best_ONLY_CWT_rf conf=0.3854 rank=1
[ 254] best_single    score=-0.0264 origin=agent    iters=5 stop=no new information in 3 consecutive turns
         TEST  smape=0.0189  rmse=40.8161  pocid=66.67  mape=0.0191
         laya iter 1 -> best_DWT_rf conf=0.2899 rank=1
         laya iter 2 -> best_DWT_catboost conf=0.399 rank=1
         laya iter 3 -> best_DWT_catboost conf=0.399 rank=1
         laya iter 4 -> best_DWT_catboost conf=0.399 rank=1
         laya iter 5 -> best_DWT_catboost conf=0.399 rank=1
[ 255] best_single    score= 0.0601 origin=agent    iters=6 stop=no new information in 3 consecutive turns
         TEST  smape=0.0269  rmse=83.9727  pocid=66.67  mape=0.0264
         laya iter 1 -> select_stable_k5 conf=0.2798 obs=pool pool5 (5 models)
         laya iter 2 -> best_ONLY_DWT_rf conf=0.8965 rank=1
         laya iter 3 -> best_ONLY_DWT_catboost conf=0.7152 rank=1
         laya iter 4 -> best_ONLY_DWT_catboost conf=0.7152 rank=1
         laya iter 5 -> best_ONLY_DWT_catboost conf=0.7152 rank=1
         laya iter 6 -> best_ONLY_DWT_catboost conf=0.7152 rank=1
[ 256] best_single    score=-0.0235 origin=agent    iters=4 stop=no new information in 3 consecutive turns
         TEST  smape=0.0026  rmse=11.6580  pocid=66.67  mape=0.0026
         laya iter 1 -> best_CWT_rf conf=0.3468 rank=1
         laya iter 2 -> best_CWT_rf conf=0.8498 rank=1
         laya iter 3 -> best_CWT_rf conf=0.8498 rank=1
         laya iter 4 -> best_CWT_rf conf=0.8498 rank=1
[ 257] best_single    score= 0.0859 origin=agent    iters=5 stop=no new information in 3 consecutive turns
         TEST  smape=0.0638  rmse=156.0706  pocid=50.00  mape=0.0668
         laya iter 1 -> select_stable_k5 conf=0.2831 obs=pool pool5 (5 models)
         laya iter 2 -> best_ONLY_DWT_rf conf=0.3831 rank=1
         laya iter 3 -> best_ONLY_DWT_rf conf=0.3934 rank=1
         laya iter 4 -> best_ONLY_DWT_rf conf=0.3934 rank=1
         laya iter 5 -> best_ONLY_DWT_rf conf=0.3934 rank=1
[ 258] best_single    score= 0.5456 origin=agent    iters=4 stop=no new information in 3 consecutive turns
         TEST  smape=0.1104  rmse=831.8966  pocid=50.00  mape=0.1205
         laya iter 1 -> best_ONLY_CWT_catboost conf=0.3178 rank=1
         laya iter 2 -> best_ONLY_CWT_catboost conf=0.3975 rank=1
         laya iter 3 -> best_ONLY_CWT_catboost conf=0.3975 rank=1
         laya iter 4 -> best_ONLY_CWT_catboost conf=0.3975 rank=1
[ 259] best_single    score= 0.1420 origin=agent    iters=5 stop=no new information in 3 consecutive turns
         TEST  smape=0.2480  rmse=288.8134  pocid=83.33  mape=0.2391
         laya iter 1 -> select_stable_k5 conf=0.2682 obs=pool pool5 (5 models)
         laya iter 2 -> best_ONLY_DWT_catboost conf=0.6561 rank=1
         laya iter 3 -> best_ONLY_DWT_catboost conf=0.5287 rank=1
         laya iter 4 -> best_ONLY_DWT_catboost conf=0.5287 rank=1
         laya iter 5 -> best_ONLY_DWT_catboost conf=0.5287 rank=1
[ 260] best_single    score= 0.7763 origin=agent    iters=4 stop=no new information in 3 consecutive turns
         TEST  smape=0.0158  rmse=86.2148  pocid=50.00  mape=0.0159
         laya iter 1 -> best_ONLY_DWT_catboost conf=0.295 rank=1
         laya iter 2 -> best_ONLY_DWT_catboost conf=0.9641 rank=1
         laya iter 3 -> best_ONLY_DWT_catboost conf=0.9641 rank=1
         laya iter 4 -> best_ONLY_DWT_catboost conf=0.9641 rank=1
[ 261] best_single    score=-0.1526 origin=agent    iters=5 stop=no new information in 3 consecutive turns
         TEST  smape=0.0029  rmse=14.3571  pocid=83.33  mape=0.0029
         laya iter 1 -> select_stable_k5 conf=0.2644 obs=pool pool5 (5 models)
         laya iter 2 -> best_CWT_catboost conf=0.4671 rank=1
         laya iter 3 -> best_CWT_catboost conf=0.6249 rank=1
         laya iter 4 -> best_CWT_catboost conf=0.6249 rank=1
         laya iter 5 -> best_CWT_catboost conf=0.6249 rank=1
[ 262] best_single    score= 1.1234 origin=agent    iters=6 stop=no new information in 3 consecutive turns
         TEST  smape=0.2780  rmse=654.5049  pocid=50.00  mape=0.3357
         laya iter 1 -> select_stable_k5 conf=0.3354 obs=pool pool5 (5 models)
         laya iter 2 -> best_ONLY_DWT_rf conf=0.3416 rank=1
         laya iter 3 -> best_DWT_catboost conf=0.3648 rank=1
         laya iter 4 -> best_DWT_catboost conf=0.3648 rank=1
         laya iter 5 -> best_DWT_catboost conf=0.3648 rank=1
         laya iter 6 -> best_DWT_catboost conf=0.3648 rank=1
[ 263] best_single    score= 0.3289 origin=agent    iters=5 stop=no new information in 3 consecutive turns
         TEST  smape=0.0605  rmse=297.0803  pocid=50.00  mape=0.0616
         laya iter 1 -> best_FT_rf conf=0.3495 rank=1
         laya iter 2 -> best_ONLY_DWT_rf conf=0.6884 rank=2
         laya iter 3 -> best_ONLY_DWT_rf conf=0.6884 rank=2
         laya iter 4 -> best_ONLY_DWT_rf conf=0.6884 rank=2
         laya iter 5 -> best_ONLY_DWT_rf conf=0.6884 rank=2
[ 264] best_single    score= 0.4700 origin=agent    iters=4 stop=no new information in 3 consecutive turns
         TEST  smape=0.0907  rmse=198.9171  pocid=50.00  mape=0.0955
         laya iter 1 -> best_ONLY_CWT_catboost conf=0.872 rank=1
         laya iter 2 -> best_ONLY_CWT_catboost conf=0.5758 rank=1
         laya iter 3 -> best_ONLY_CWT_catboost conf=0.5758 rank=1
         laya iter 4 -> best_ONLY_CWT_catboost conf=0.5758 rank=1
[ 265] best_single    score= 0.5978 origin=agent    iters=5 stop=no new information in 3 consecutive turns
         TEST  smape=0.1538  rmse=379.2015  pocid=50.00  mape=0.1699
         laya iter 1 -> select_stable_k5 conf=0.2339 obs=pool pool5 (5 models)
         laya iter 2 -> best_catboost conf=0.2784 rank=1
         laya iter 3 -> best_catboost conf=0.7796 rank=1
         laya iter 4 -> best_catboost conf=0.7796 rank=1
         laya iter 5 -> best_catboost conf=0.7796 rank=1
[ 266] best_single    score= 0.3406 origin=agent    iters=4 stop=no new information in 3 consecutive turns
         TEST  smape=0.1856  rmse=809.2529  pocid=41.67  mape=0.1647
         laya iter 1 -> best_ONLY_FT_rf conf=0.2843 rank=1
         laya iter 2 -> best_ONLY_FT_rf conf=0.6266 rank=1
         laya iter 3 -> best_ONLY_FT_rf conf=0.6266 rank=1
         laya iter 4 -> best_ONLY_FT_rf conf=0.6266 rank=1
[ 267] best_single    score= 0.5982 origin=agent    iters=4 stop=no new information in 3 consecutive turns
         TEST  smape=0.0867  rmse=129.6087  pocid=41.67  mape=0.0917
         laya iter 1 -> best_ONLY_FT_rf conf=0.5235 rank=1
         laya iter 2 -> best_ONLY_FT_rf conf=0.986 rank=1
         laya iter 3 -> best_ONLY_FT_rf conf=0.986 rank=1
         laya iter 4 -> best_ONLY_FT_rf conf=0.986 rank=1
[ 268] best_single    score= 0.5398 origin=agent    iters=5 stop=no new information in 3 consecutive turns
         TEST  smape=0.1131  rmse=176.7595  pocid=50.00  mape=0.1225
         laya iter 1 -> select_stable_k5 conf=0.3846 obs=pool pool5 (5 models)
         laya iter 2 -> best_rf conf=0.4028 rank=1
         laya iter 3 -> best_rf conf=0.6365 rank=1
         laya iter 4 -> best_rf conf=0.6365 rank=1
         laya iter 5 -> best_rf conf=0.6365 rank=1
[ 269] best_single    score= 0.0267 origin=agent    iters=5 stop=no new information in 3 consecutive turns
         TEST  smape=0.0543  rmse=494.3488  pocid=25.00  mape=0.0524
         laya iter 1 -> best_rf conf=0.5165 rank=1
         laya iter 2 -> best_ONLY_DWT_catboost conf=0.6229 rank=1
         laya iter 3 -> best_ONLY_DWT_catboost conf=0.6229 rank=1
         laya iter 4 -> best_ONLY_DWT_catboost conf=0.6229 rank=1
         laya iter 5 -> best_ONLY_DWT_catboost conf=0.6229 rank=1
[ 270] best_single    score= 0.2028 origin=agent    iters=4 stop=no new information in 3 consecutive turns
         TEST  smape=0.0625  rmse=552.0529  pocid=50.00  mape=0.0600
         laya iter 1 -> best_ONLY_DWT_rf conf=0.5 rank=1
         laya iter 2 -> best_ONLY_DWT_rf conf=0.8336 rank=1
         laya iter 3 -> best_ONLY_DWT_rf conf=0.8336 rank=1
         laya iter 4 -> best_ONLY_DWT_rf conf=0.8336 rank=1
[ 271] best_single    score= 0.1768 origin=agent    iters=5 stop=no new information in 3 consecutive turns
         TEST  smape=0.0272  rmse=28.6007  pocid=41.67  mape=0.0276
         laya iter 1 -> select_stable_k5 conf=0.2767 obs=pool pool5 (5 models)
         laya iter 2 -> best_FT_catboost conf=0.5224 rank=1
         laya iter 3 -> best_FT_catboost conf=0.5157 rank=1
         laya iter 4 -> best_FT_catboost conf=0.5157 rank=1
         laya iter 5 -> best_FT_catboost conf=0.5157 rank=1
[ 272] best_single    score= 0.1493 origin=agent    iters=5 stop=no new information in 3 consecutive turns
         TEST  smape=0.0191  rmse=144.1991  pocid=33.33  mape=0.0190
         laya iter 1 -> best_CWT_catboost conf=0.3322 rank=1
         laya iter 2 -> best_ONLY_DWT_catboost conf=0.8525 rank=1
         laya iter 3 -> best_ONLY_DWT_catboost conf=0.8525 rank=1
         laya iter 4 -> best_ONLY_DWT_catboost conf=0.8525 rank=1
         laya iter 5 -> best_ONLY_DWT_catboost conf=0.8525 rank=1
[ 273] best_single    score= 0.2345 origin=agent    iters=5 stop=no new information in 3 consecutive turns
         TEST  smape=0.1663  rmse=136.6147  pocid=33.33  mape=0.1839
         laya iter 1 -> select_stable_k5 conf=0.2703 obs=pool pool5 (5 models)
         laya iter 2 -> best_DWT_catboost conf=0.5222 rank=1
         laya iter 3 -> best_DWT_catboost conf=0.6826 rank=1
         laya iter 4 -> best_DWT_catboost conf=0.6826 rank=1
         laya iter 5 -> best_DWT_catboost conf=0.6826 rank=1
[ 274] best_single    score= 0.5621 origin=agent    iters=5 stop=no new information in 3 consecutive turns
         TEST  smape=0.0897  rmse=806.6507  pocid=75.00  mape=0.0951
         laya iter 1 -> select_stable_k5 conf=0.3023 obs=pool pool5 (5 models)
         laya iter 2 -> best_DWT_rf conf=0.6017 rank=1
         laya iter 3 -> best_DWT_rf conf=0.7147 rank=1
         laya iter 4 -> best_DWT_rf conf=0.7147 rank=1
         laya iter 5 -> best_DWT_rf conf=0.7147 rank=1
[ 275] best_single    score= 0.2795 origin=agent    iters=5 stop=no new information in 3 consecutive turns
         TEST  smape=0.0249  rmse=346.9953  pocid=33.33  mape=0.0247
         laya iter 1 -> select_stable_k5 conf=0.3072 obs=pool pool5 (5 models)
         laya iter 2 -> best_ONLY_DWT_rf conf=0.5468 rank=1
         laya iter 3 -> best_ONLY_DWT_rf conf=0.8688 rank=1
         laya iter 4 -> best_ONLY_DWT_rf conf=0.8688 rank=1
         laya iter 5 -> best_ONLY_DWT_rf conf=0.8688 rank=1
[ 276] best_single    score=-0.0471 origin=agent    iters=4 stop=no new information in 3 consecutive turns
         TEST  smape=0.2313  rmse=1235.4641  pocid=50.00  mape=0.1637
         laya iter 1 -> best_rf conf=0.5347 rank=1
         laya iter 2 -> best_rf conf=0.5894 rank=1
         laya iter 3 -> best_rf conf=0.5894 rank=1
         laya iter 4 -> best_rf conf=0.5894 rank=1
[ 277] best_single    score= 0.5835 origin=agent    iters=5 stop=no new information in 3 consecutive turns
         TEST  smape=0.0868  rmse=125.2378  pocid=66.67  mape=0.0917
         laya iter 1 -> best_catboost conf=0.3473 rank=1
         laya iter 2 -> best_ONLY_FT_rf conf=0.6447 rank=2
         laya iter 3 -> best_ONLY_FT_rf conf=0.6447 rank=2
         laya iter 4 -> best_ONLY_FT_rf conf=0.6447 rank=2
         laya iter 5 -> best_ONLY_FT_rf conf=0.6447 rank=2
[ 278] best_single    score= 0.3438 origin=agent    iters=4 stop=no new information in 3 consecutive turns
         TEST  smape=0.0842  rmse=131.0269  pocid=50.00  mape=0.0897
         laya iter 1 -> best_rf conf=0.6595 rank=1
         laya iter 2 -> best_rf conf=0.8577 rank=1
         laya iter 3 -> best_rf conf=0.8577 rank=1
         laya iter 4 -> best_rf conf=0.8577 rank=1
[ 279] best_single    score=-0.0113 origin=agent    iters=6 stop=no new information in 3 consecutive turns
         TEST  smape=0.0121  rmse=67.7427  pocid=58.33  mape=0.0120
         laya iter 1 -> select_stable_k5 conf=0.2659 obs=pool pool5 (5 models)
         laya iter 2 -> best_FT_catboost conf=0.4396 rank=1
         laya iter 3 -> best_CWT_catboost conf=0.6337 rank=1
         laya iter 4 -> best_CWT_catboost conf=0.6337 rank=1
         laya iter 5 -> best_CWT_catboost conf=0.6337 rank=1
         laya iter 6 -> best_CWT_catboost conf=0.6337 rank=1
[ 280] best_single    score= 0.5705 origin=agent    iters=4 stop=no new information in 3 consecutive turns
         TEST  smape=0.0580  rmse=138.5678  pocid=66.67  mape=0.0554
         laya iter 1 -> best_FT_rf conf=0.4924 rank=1
         laya iter 2 -> best_FT_rf conf=0.8493 rank=1
         laya iter 3 -> best_FT_rf conf=0.8493 rank=1
         laya iter 4 -> best_FT_rf conf=0.8493 rank=1
[ 281] best_single    score=-0.0944 origin=agent    iters=5 stop=no new information in 3 consecutive turns
         TEST  smape=0.0073  rmse=18.5711  pocid=75.00  mape=0.0072
         laya iter 1 -> select_stable_k5 conf=0.2647 obs=pool pool5 (5 models)
         laya iter 2 -> best_ONLY_CWT_catboost conf=0.512 rank=1
         laya iter 3 -> best_ONLY_CWT_catboost conf=0.7715 rank=1
         laya iter 4 -> best_ONLY_CWT_catboost conf=0.7715 rank=1
         laya iter 5 -> best_ONLY_CWT_catboost conf=0.7715 rank=1
[ 282] best_single    score=-0.0606 origin=agent    iters=5 stop=no new information in 3 consecutive turns
         TEST  smape=0.0372  rmse=16.1074  pocid=41.67  mape=0.0385
         laya iter 1 -> select_stable_k5 conf=0.2551 obs=pool pool5 (5 models)
         laya iter 2 -> best_ONLY_DWT_rf conf=0.6167 rank=1
         laya iter 3 -> best_ONLY_DWT_rf conf=0.7405 rank=1
         laya iter 4 -> best_ONLY_DWT_rf conf=0.7405 rank=1
         laya iter 5 -> best_ONLY_DWT_rf conf=0.7405 rank=1
[ 283] best_single    score=-0.0132 origin=agent    iters=5 stop=no new information in 3 consecutive turns
         TEST  smape=0.0310  rmse=30.9212  pocid=58.33  mape=0.0324
         laya iter 1 -> select_stable_k5 conf=0.2779 obs=pool pool5 (5 models)
         laya iter 2 -> best_ONLY_CWT_catboost conf=0.3352 rank=1
         laya iter 3 -> best_ONLY_CWT_catboost conf=0.3563 rank=1
         laya iter 4 -> best_ONLY_CWT_catboost conf=0.3563 rank=1
         laya iter 5 -> best_ONLY_CWT_catboost conf=0.3563 rank=1
[ 284] FAILED: ValueError: Attempt(attempt_id='a1', spec={'combine': 'mean', 'pool': 'pool_full'}, origin='baseline', aggregate={'MAPE': 0.6634371112547947, 'SMAPE': 0.2880851760972599, 'RMSE': 1072.8541606037422, 'POCID': 66.66666666666667, 'MSMAPE': 0.2880751950891469, 'MAE': 562.9387850665072}, per_window=[{'MAPE': 0.078715357228854, 'SMAPE': 0.08199380923390986, 'RMSE': 282.2629970304919, 'POCID': 83.33333333333333, 'MSMAPE': 0.08199260614054384, 'MAE': 279.46426458300505}, {'MAPE': 1.6768469281462361, 'SMAPE': 0.5565383459956148, 'RMSE': 1826.5809995442974, 'POCID': 58.333333333333336, 'MSMAPE': 0.556525732231382, 'MAE': 1246.651159993522}, {'MAPE': 0.23474904838929345, 'SMAPE': 0.22572337306225493, 'RMSE': 192.2956119764582, 'POCID': 58.333333333333336, 'MSMAPE': 0.22570724689551477, 'MAE': 162.7009306229946}], score=0.6666666666666667, rationale='deterministic baseline: plain mean of the full pool', iteration=0, n_models=19, per_window_scores=[0.6333333333333334, 0.6833333333333333, 0.6833333333333333], residuals=[-202.05810934692454, -220.20504711093508, -235.40193558405508, -256.96562697355375, -274.8568050492736, -276.2277118226989, -290.5375371818609, -292.9207865226085, -297.878452107926, -307.949768401822, -315.0285489101134, -318.8558250800047, -344.14928548728903, -137.61094023663463, -150.13523920080434, -167.89954455351426, -196.3059211741711, -216.20834459136995, -219.3001578296312, -220.15530888897638, -224.98364232379345, 2882.288633581964, 2909.1229676851244, 2934.8386524558746, 2981.525973217443, 2966.089754176485, 77.4632108986209, 43.780610069336944, 76.94367014271347, 283.42912952760105, 216.96567329831475, 168.59056433417368, 196.28637310084855, -26.985512380270507, 112.11567150546557, -178.98850314047382, -322.52391931212526, -66.4502643707915, 344.58899601819394], agent_converged=True, agent_rationale='laya selected mean_pool_full') is not in list
[ 285] best_single    score= 0.0093 origin=agent    iters=5 stop=no new information in 3 consecutive turns
         TEST  smape=0.0315  rmse=387.9491  pocid=66.67  mape=0.0322
         laya iter 1 -> select_stable_k5 conf=0.2838 obs=pool pool5 (5 models)
         laya iter 2 -> best_ONLY_DWT_rf conf=0.6887 rank=1
         laya iter 3 -> best_ONLY_DWT_rf conf=0.5223 rank=1
         laya iter 4 -> best_ONLY_DWT_rf conf=0.5223 rank=1
         laya iter 5 -> best_ONLY_DWT_rf conf=0.5223 rank=1
[ 286] best_single    score= 0.0366 origin=agent    iters=5 stop=no new information in 3 consecutive turns
         TEST  smape=0.0570  rmse=144.8562  pocid=33.33  mape=0.0550
         laya iter 1 -> select_stable_k5 conf=0.2934 obs=pool pool5 (5 models)
         laya iter 2 -> best_ONLY_DWT_rf conf=0.9605 rank=1
         laya iter 3 -> best_ONLY_DWT_rf conf=0.962 rank=1
         laya iter 4 -> best_ONLY_DWT_rf conf=0.962 rank=1
         laya iter 5 -> best_ONLY_DWT_rf conf=0.962 rank=1
[ 287] best_single    score=-0.0391 origin=agent    iters=5 stop=no new information in 3 consecutive turns
         TEST  smape=0.0106  rmse=97.9352  pocid=41.67  mape=0.0107
         laya iter 1 -> select_stable_k5 conf=0.2699 obs=pool pool5 (5 models)
         laya iter 2 -> best_ONLY_CWT_rf conf=0.7216 rank=1
         laya iter 3 -> best_ONLY_CWT_rf conf=0.5746 rank=1
         laya iter 4 -> best_ONLY_CWT_rf conf=0.5746 rank=1
         laya iter 5 -> best_ONLY_CWT_rf conf=0.5746 rank=1
[ 288] best_single    score= 0.1005 origin=agent    iters=6 stop=no new information in 3 consecutive turns
         TEST  smape=0.0379  rmse=428.5593  pocid=66.67  mape=0.0387
         laya iter 1 -> select_stable_k5 conf=0.2907 obs=pool pool5 (5 models)
         laya iter 2 -> best_FT_rf conf=0.593 rank=1
         laya iter 3 -> best_CWT_catboost conf=0.5206 rank=1
         laya iter 4 -> best_CWT_catboost conf=0.5206 rank=1
         laya iter 5 -> best_CWT_catboost conf=0.5206 rank=1
         laya iter 6 -> best_CWT_catboost conf=0.5206 rank=1
[ 289] best_single    score= 0.3303 origin=agent    iters=5 stop=no new information in 3 consecutive turns
         TEST  smape=0.0514  rmse=910.6420  pocid=58.33  mape=0.0511
         laya iter 1 -> select_stable_k5 conf=0.3461 obs=pool pool5 (5 models)
         laya iter 2 -> best_ONLY_DWT_rf conf=0.4451 rank=1
         laya iter 3 -> best_ONLY_DWT_rf conf=0.8142 rank=1
         laya iter 4 -> best_ONLY_DWT_rf conf=0.8142 rank=1
         laya iter 5 -> best_ONLY_DWT_rf conf=0.8142 rank=1
[ 290] best_single    score= 0.3198 origin=agent    iters=4 stop=no new information in 3 consecutive turns
         TEST  smape=0.1221  rmse=1137.0424  pocid=33.33  mape=0.1323
         laya iter 1 -> best_ONLY_DWT_rf conf=0.4329 rank=1
         laya iter 2 -> best_ONLY_DWT_rf conf=0.6414 rank=1
         laya iter 3 -> best_ONLY_DWT_rf conf=0.6414 rank=1
         laya iter 4 -> best_ONLY_DWT_rf conf=0.6414 rank=1
[ 291] best_single    score= 0.1502 origin=agent    iters=4 stop=no new information in 3 consecutive turns
         TEST  smape=0.0973  rmse=1846.5917  pocid=50.00  mape=0.1030
         laya iter 1 -> best_FT_rf conf=0.5566 rank=1
         laya iter 2 -> best_FT_rf conf=0.7832 rank=1
         laya iter 3 -> best_FT_rf conf=0.7832 rank=1
         laya iter 4 -> best_FT_rf conf=0.7832 rank=1
[ 292] best_single    score= 0.5449 origin=agent    iters=5 stop=no new information in 3 consecutive turns
         TEST  smape=0.1658  rmse=576.5895  pocid=75.00  mape=0.1424
         laya iter 1 -> select_stable_k5 conf=0.348 obs=pool pool5 (5 models)
         laya iter 2 -> best_rf conf=0.6193 rank=1
         laya iter 3 -> best_rf conf=0.9048 rank=1
         laya iter 4 -> best_rf conf=0.9048 rank=1
         laya iter 5 -> best_rf conf=0.9048 rank=1
[ 293] best_single    score= 0.8996 origin=agent    iters=5 stop=no new information in 3 consecutive turns
         TEST  smape=0.1580  rmse=239.3766  pocid=66.67  mape=0.1767
         laya iter 1 -> select_stable_k5 conf=0.2664 obs=pool pool5 (5 models)
         laya iter 2 -> best_ONLY_CWT_catboost conf=0.4476 rank=1
         laya iter 3 -> best_ONLY_CWT_catboost conf=0.4275 rank=1
         laya iter 4 -> best_ONLY_CWT_catboost conf=0.4275 rank=1
         laya iter 5 -> best_ONLY_CWT_catboost conf=0.4275 rank=1
[ 294] best_single    score= 0.5682 origin=agent    iters=5 stop=no new information in 3 consecutive turns
         TEST  smape=0.6340  rmse=2961.7972  pocid=0.00  mape=0.9315
         laya iter 1 -> select_stable_k5 conf=0.4182 obs=pool pool5 (5 models)
         laya iter 2 -> best_ETS conf=0.6872 rank=1
         laya iter 3 -> best_ETS conf=0.8199 rank=1
         laya iter 4 -> best_ETS conf=0.8199 rank=1
         laya iter 5 -> best_ETS conf=0.8199 rank=1
[ 295] best_single    score= 0.6737 origin=agent    iters=5 stop=no new information in 3 consecutive turns
         TEST  smape=0.1109  rmse=440.9885  pocid=58.33  mape=0.1230
         laya iter 1 -> best_ETS conf=0.5865 rank=1
         laya iter 2 -> best_FT_catboost conf=0.4344 rank=1
         laya iter 3 -> best_FT_catboost conf=0.4344 rank=1
         laya iter 4 -> best_FT_catboost conf=0.4344 rank=1
         laya iter 5 -> best_FT_catboost conf=0.4344 rank=1
[ 296] best_single    score= 0.5270 origin=agent    iters=5 stop=no new information in 3 consecutive turns
         TEST  smape=0.1333  rmse=818.4945  pocid=83.33  mape=0.1527
         laya iter 1 -> select_stable_k5 conf=0.2831 obs=pool pool5 (5 models)
         laya iter 2 -> best_NaiveMovingAverage conf=0.2878 rank=1
         laya iter 3 -> best_NaiveMovingAverage conf=0.3672 rank=1
         laya iter 4 -> best_NaiveMovingAverage conf=0.3672 rank=1
         laya iter 5 -> best_NaiveMovingAverage conf=0.3672 rank=1
[ 297] best_single    score= 0.5961 origin=agent    iters=4 stop=no new information in 3 consecutive turns
         TEST  smape=0.2865  rmse=1222.3029  pocid=0.00  mape=0.3712
         laya iter 1 -> best_ETS conf=0.4184 rank=1
         laya iter 2 -> best_ETS conf=0.555 rank=1
         laya iter 3 -> best_ETS conf=0.555 rank=1
         laya iter 4 -> best_ETS conf=0.555 rank=1
[ 298] best_single    score= 0.6685 origin=agent    iters=4 stop=no new information in 3 consecutive turns
         TEST  smape=0.1318  rmse=532.2736  pocid=0.00  mape=0.1486
         laya iter 1 -> best_ETS conf=0.5022 rank=1
         laya iter 2 -> best_ETS conf=0.5489 rank=1
         laya iter 3 -> best_ETS conf=0.5489 rank=1
         laya iter 4 -> best_ETS conf=0.5489 rank=1
[ 299] best_single    score= 0.4489 origin=agent    iters=5 stop=no new information in 3 consecutive turns
         TEST  smape=0.2377  rmse=544.5011  pocid=0.00  mape=0.2900
         laya iter 1 -> select_stable_k5 conf=0.3798 obs=pool pool5 (5 models)
         laya iter 2 -> best_THETA conf=0.3608 rank=1
         laya iter 3 -> best_THETA conf=0.6318 rank=1
         laya iter 4 -> best_THETA conf=0.6318 rank=1
         laya iter 5 -> best_THETA conf=0.6318 rank=1
[ 300] FAILED: ValueError: Attempt(attempt_id='a1', spec={'combine': 'mean', 'pool': 'pool_full'}, origin='baseline', aggregate={'MAPE': 0.20953169783985126, 'SMAPE': 0.1950556332825902, 'RMSE': 802.1430881517543, 'POCID': 66.66666666666667, 'MSMAPE': 0.1950523668872047, 'MAE': 592.7249278217554}, per_window=[{'MAPE': 0.19249913321926254, 'SMAPE': 0.2227072121321308, 'RMSE': 955.438167599596, 'POCID': 75.0, 'MSMAPE': 0.2227038234931409, 'MAE': 739.2361498663237}, {'MAPE': 0.37502044339035684, 'SMAPE': 0.3017462377884526, 'RMSE': 990.1371990868515, 'POCID': 66.66666666666667, 'MSMAPE': 0.30174112450509993, 'MAE': 896.3472834184087}, {'MAPE': 0.061075516909934485, 'SMAPE': 0.060713449927187225, 'RMSE': 192.52749540590276, 'POCID': 58.333333333333336, 'MSMAPE': 0.06071215266337326, 'MAE': 142.59135018053365}], score=0.6666666666666667, rationale='deterministic baseline: plain mean of the full pool', iteration=0, n_models=19, per_window_scores=[0.65, 0.6666666666666667, 0.6833333333333333], residuals=[279.78125025166946, 190.29246755079112, -549.844106334775, -321.5637612679202, -313.94787016573355, -939.4630768559368, -313.0965245289235, -1189.1710204076749, -1785.977939808111, -1628.9241724961848, -1713.6121335525177, -181.76610164314252, -202.62952339882486, -578.4100500812178, 355.1098304098691, 442.49415683891584, 95.8268761661293, 697.9182412711707, 1080.2459117417225, 982.2316152649305, 1025.0192408194039, 1398.8750501257186, 1031.8783662383962, 1636.552108812596, 1171.456644340315, 1156.49659232893, -257.3400233192024, 19.124201089023245, 71.22488857782764, -1.1200374939617177, -36.76420198829601, 117.9714931389044, 132.056582199481, -66.4581801848799, 317.95309391582305, 0.24957542518677656, 292.2832203670596, -412.2386441081467, -128.90341053914517], agent_converged=True, agent_rationale='laya selected mean_pool_full') is not in list
[ 301] best_single    score= 0.6548 origin=agent    iters=6 stop=no new information in 3 consecutive turns
         TEST  smape=0.1138  rmse=491.2576  pocid=41.67  mape=0.1059
         laya iter 1 -> select_stable_k5 conf=0.338 obs=pool pool5 (5 models)
         laya iter 2 -> best_ETS conf=0.2567 rank=1
         laya iter 3 -> best_ARIMA conf=0.2873 rank=1
         laya iter 4 -> best_ARIMA conf=0.2873 rank=1
         laya iter 5 -> best_ARIMA conf=0.2873 rank=1
         laya iter 6 -> best_ARIMA conf=0.2873 rank=1
[ 302] best_single    score= 0.4547 origin=agent    iters=4 stop=no new information in 3 consecutive turns
         TEST  smape=0.2378  rmse=1503.8325  pocid=50.00  mape=0.2920
         laya iter 1 -> best_THETA conf=0.4512 rank=1
         laya iter 2 -> best_THETA conf=0.521 rank=1
         laya iter 3 -> best_THETA conf=0.521 rank=1
         laya iter 4 -> best_THETA conf=0.521 rank=1
[ 303] best_single    score= 0.6702 origin=agent    iters=5 stop=no new information in 3 consecutive turns
         TEST  smape=0.2336  rmse=825.6662  pocid=0.00  mape=0.2915
         laya iter 1 -> select_stable_k5 conf=0.358 obs=pool pool5 (5 models)
         laya iter 2 -> best_ETS conf=0.4208 rank=1
         laya iter 3 -> best_ETS conf=0.3789 rank=1
         laya iter 4 -> best_ETS conf=0.3789 rank=1
         laya iter 5 -> best_ETS conf=0.3789 rank=1
[ 304] best_single    score= 0.5980 origin=agent    iters=5 stop=no new information in 3 consecutive turns
         TEST  smape=0.4950  rmse=1853.5745  pocid=41.67  mape=0.6822
         laya iter 1 -> select_stable_k5 conf=0.2849 obs=pool pool5 (5 models)
         laya iter 2 -> best_THETA conf=0.424 rank=1
         laya iter 3 -> best_THETA conf=0.7961 rank=1
         laya iter 4 -> best_THETA conf=0.7961 rank=1
         laya iter 5 -> best_THETA conf=0.7961 rank=1
[ 305] best_single    score= 0.4411 origin=agent    iters=5 stop=no new information in 3 consecutive turns
         TEST  smape=0.2449  rmse=700.4166  pocid=41.67  mape=0.3125
         laya iter 1 -> select_stable_k5 conf=0.3159 obs=pool pool5 (5 models)
         laya iter 2 -> best_THETA conf=0.4382 rank=1
         laya iter 3 -> best_THETA conf=0.5376 rank=1
         laya iter 4 -> best_THETA conf=0.5376 rank=1
         laya iter 5 -> best_THETA conf=0.5376 rank=1
[ 306] best_single    score= 0.6897 origin=agent    iters=5 stop=no new information in 3 consecutive turns
         TEST  smape=0.1584  rmse=623.1773  pocid=0.00  mape=0.1810
         laya iter 1 -> select_stable_k5 conf=0.3785 obs=pool pool5 (5 models)
         laya iter 2 -> best_ETS conf=0.3613 rank=1
         laya iter 3 -> best_ETS conf=0.3483 rank=1
         laya iter 4 -> best_ETS conf=0.3483 rank=1
         laya iter 5 -> best_ETS conf=0.3483 rank=1
[ 307] best_single    score= 0.6535 origin=agent    iters=5 stop=no new information in 3 consecutive turns
         TEST  smape=0.1433  rmse=407.8263  pocid=0.00  mape=0.1687
         laya iter 1 -> best_ETS conf=0.4189 rank=1
         laya iter 2 -> prune_redundant_full conf=0.3994 obs=pool pool5 (0 models)
         laya iter 3 -> best_ETS conf=0.3605 rank=1
         laya iter 4 -> best_ETS conf=0.3605 rank=1
         laya iter 5 -> best_ETS conf=0.3605 rank=1
[ 308] best_single    score= 0.7754 origin=agent    iters=5 stop=no new information in 3 consecutive turns
         TEST  smape=0.2031  rmse=1688.5473  pocid=0.00  mape=0.2357
         laya iter 1 -> select_stable_k5 conf=0.3324 obs=pool pool5 (5 models)
         laya iter 2 -> best_ETS conf=0.2579 rank=1
         laya iter 3 -> best_ETS conf=0.3337 rank=1
         laya iter 4 -> best_ETS conf=0.3337 rank=1
         laya iter 5 -> best_ETS conf=0.3337 rank=1
[ 309] best_single    score= 0.6192 origin=agent    iters=6 stop=no new information in 3 consecutive turns
         TEST  smape=0.2222  rmse=1276.1454  pocid=58.33  mape=0.1933
         laya iter 1 -> select_stable_k5 conf=0.2959 obs=pool pool5 (5 models)
         laya iter 2 -> best_ONLY_FT_catboost conf=0.3589 rank=1
         laya iter 3 -> best_ONLY_FT_rf conf=0.4184 rank=2
         laya iter 4 -> best_ONLY_FT_rf conf=0.4184 rank=2
         laya iter 5 -> best_ONLY_FT_rf conf=0.4184 rank=2
         laya iter 6 -> best_ONLY_FT_rf conf=0.4184 rank=2
[ 310] best_single    score= 0.4870 origin=agent    iters=5 stop=no new information in 3 consecutive turns
         TEST  smape=0.2014  rmse=1040.5280  pocid=50.00  mape=0.1799
         laya iter 1 -> select_stable_k5 conf=0.3594 obs=pool pool5 (5 models)
         laya iter 2 -> best_ONLY_FT_rf conf=0.7771 rank=1
         laya iter 3 -> best_ONLY_FT_rf conf=0.959 rank=1
         laya iter 4 -> best_ONLY_FT_rf conf=0.959 rank=1
         laya iter 5 -> best_ONLY_FT_rf conf=0.959 rank=1
[ 311] best_single    score= 0.6338 origin=agent    iters=5 stop=no new information in 3 consecutive turns
         TEST  smape=0.1591  rmse=826.1270  pocid=0.00  mape=0.1766
         laya iter 1 -> select_stable_k5 conf=0.2789 obs=pool pool5 (5 models)
         laya iter 2 -> best_THETA conf=0.31 rank=1
         laya iter 3 -> best_THETA conf=0.4714 rank=1
         laya iter 4 -> best_THETA conf=0.4714 rank=1
         laya iter 5 -> best_THETA conf=0.4714 rank=1
[ 312] best_single    score= 0.5728 origin=agent    iters=5 stop=no new information in 3 consecutive turns
         TEST  smape=0.5995  rmse=1869.7575  pocid=50.00  mape=0.8591
         laya iter 1 -> select_stable_k5 conf=0.3905 obs=pool pool5 (5 models)
         laya iter 2 -> best_THETA conf=0.3754 rank=1
         laya iter 3 -> best_THETA conf=0.6717 rank=1
         laya iter 4 -> best_THETA conf=0.6717 rank=1
         laya iter 5 -> best_THETA conf=0.6717 rank=1
[ 313] best_single    score= 0.6506 origin=agent    iters=5 stop=no new information in 3 consecutive turns
         TEST  smape=0.1836  rmse=1620.6276  pocid=75.00  mape=0.1656
         laya iter 1 -> select_stable_k5 conf=0.2891 obs=pool pool5 (5 models)
         laya iter 2 -> best_ONLY_FT_rf conf=0.6412 rank=1
         laya iter 3 -> best_ONLY_FT_rf conf=0.8047 rank=1
         laya iter 4 -> best_ONLY_FT_rf conf=0.8047 rank=1
         laya iter 5 -> best_ONLY_FT_rf conf=0.8047 rank=1
[ 314] best_single    score= 0.5548 origin=agent    iters=5 stop=no new information in 3 consecutive turns
         TEST  smape=0.2766  rmse=1587.7443  pocid=0.00  mape=0.3268
         laya iter 1 -> best_ETS conf=0.4218 rank=1
         laya iter 2 -> prune_redundant_full conf=0.3855 obs=pool pool5 (0 models)
         laya iter 3 -> best_ETS conf=0.3287 rank=1
         laya iter 4 -> best_ETS conf=0.3287 rank=1
         laya iter 5 -> best_ETS conf=0.3287 rank=1
[ 315] best_single    score= 0.6603 origin=agent    iters=4 stop=no new information in 3 consecutive turns
         TEST  smape=0.2067  rmse=729.2310  pocid=0.00  mape=0.2364
         laya iter 1 -> best_ETS conf=0.3705 rank=1
         laya iter 2 -> best_ETS conf=0.4354 rank=1
         laya iter 3 -> best_ETS conf=0.4354 rank=1
         laya iter 4 -> best_ETS conf=0.4354 rank=1
[ 316] best_single    score= 0.5593 origin=agent    iters=4 stop=no new information in 3 consecutive turns
         TEST  smape=0.1774  rmse=785.3842  pocid=50.00  mape=0.1604
         laya iter 1 -> best_ONLY_FT_rf conf=0.8158 rank=1
         laya iter 2 -> best_ONLY_FT_rf conf=0.9954 rank=1
         laya iter 3 -> best_ONLY_FT_rf conf=0.9954 rank=1
         laya iter 4 -> best_ONLY_FT_rf conf=0.9954 rank=1
[ 317] best_single    score= 0.5349 origin=agent    iters=4 stop=no new information in 3 consecutive turns
         TEST  smape=0.0544  rmse=269.6843  pocid=25.00  mape=0.0522
         laya iter 1 -> best_rf conf=0.4877 rank=1
         laya iter 2 -> best_rf conf=0.6398 rank=1
         laya iter 3 -> best_rf conf=0.6398 rank=1
         laya iter 4 -> best_rf conf=0.6398 rank=1
[ 318] best_single    score= 0.5497 origin=agent    iters=5 stop=no new information in 3 consecutive turns
         TEST  smape=0.1308  rmse=393.4159  pocid=50.00  mape=0.1437
         laya iter 1 -> select_stable_k5 conf=0.3524 obs=pool pool5 (5 models)
         laya iter 2 -> best_THETA conf=0.3101 rank=1
         laya iter 3 -> best_THETA conf=0.6396 rank=1
         laya iter 4 -> best_THETA conf=0.6396 rank=1
         laya iter 5 -> best_THETA conf=0.6396 rank=1
[ 319] best_single    score= 0.6606 origin=agent    iters=5 stop=no new information in 3 consecutive turns
         TEST  smape=0.3366  rmse=911.9320  pocid=33.33  mape=0.2781
         laya iter 1 -> select_stable_k5 conf=0.2169 obs=pool pool5 (5 models)
         laya iter 2 -> best_catboost conf=0.3653 rank=1
         laya iter 3 -> best_catboost conf=0.9276 rank=1
         laya iter 4 -> best_catboost conf=0.9276 rank=1
         laya iter 5 -> best_catboost conf=0.9276 rank=1
[ 320] best_single    score= 0.5791 origin=agent    iters=6 stop=no new information in 3 consecutive turns
         TEST  smape=0.1820  rmse=1282.1960  pocid=66.67  mape=0.2095
         laya iter 1 -> best_ARIMA conf=0.2934 rank=1
         laya iter 2 -> prune_redundant_full conf=0.3206 obs=pool pool5 (0 models)
         laya iter 3 -> best_THETA conf=0.4371 rank=2
         laya iter 4 -> best_THETA conf=0.4371 rank=2
         laya iter 5 -> best_THETA conf=0.4371 rank=2
         laya iter 6 -> best_THETA conf=0.4371 rank=2
[ 321] best_single    score= 0.5501 origin=agent    iters=5 stop=no new information in 3 consecutive turns
         TEST  smape=0.0916  rmse=294.6292  pocid=50.00  mape=0.0925
         laya iter 1 -> select_stable_k5 conf=0.412 obs=pool pool5 (5 models)
         laya iter 2 -> best_THETA conf=0.4375 rank=1
         laya iter 3 -> best_THETA conf=0.7384 rank=1
         laya iter 4 -> best_THETA conf=0.7384 rank=1
         laya iter 5 -> best_THETA conf=0.7384 rank=1
[ 322] FAILED: ValueError: Attempt(attempt_id='a1', spec={'combine': 'mean', 'pool': 'pool_full'}, origin='baseline', aggregate={'MAPE': 0.30668326477438906, 'SMAPE': 0.2320927308961061, 'RMSE': 1528.1744875824663, 'POCID': 52.77777777777778, 'MSMAPE': 0.23209023224392247, 'MAE': 1106.6695343259553}, per_window=[{'MAPE': 0.1164031282058687, 'SMAPE': 0.11420498707963377, 'RMSE': 992.0334621442579, 'POCID': 58.333333333333336, 'MSMAPE': 0.11420398470898875, 'MAE': 664.6264067374772}, {'MAPE': 0.6874040541564829, 'SMAPE': 0.4780548299957262, 'RMSE': 2391.138225273091, 'POCID': 58.333333333333336, 'MSMAPE': 0.478049707562871, 'MAE': 2259.313025380261}, {'MAPE': 0.11624261196081567, 'SMAPE': 0.10401837561295837, 'RMSE': 551.6152564221982, 'POCID': 41.666666666666664, 'MSMAPE': 0.10401700445990739, 'MAE': 396.0691708601267}], score=0.6944444444444444, rationale='deterministic baseline: plain mean of the full pool', iteration=0, n_models=19, per_window_scores=[0.6833333333333333, 0.6833333333333333, 0.7166666666666667], residuals=[577.1616911043702, 1575.4010346970308, 172.35482214828698, -95.7442722549049, -212.86934392721014, -2752.6889048558805, 51.57293604628194, 256.26740055204846, 139.18942896826684, -266.97779876977893, -775.7204988248395, 894.1425240942162, 870.0526313440878, 2687.0954949093166, 2064.1557838443587, 785.8548457322931, 1073.6754786633628, 1779.6992541412255, 2087.999177068302, 2699.6387704919644, 3730.285388808753, 2198.2313783025775, 2818.0425819894444, 3239.5649730861023, 2441.9907632666627, 1764.835439639035, 406.2705544830269, 1213.7981189487582, -44.573065334133844, -7.617596861621223, 349.75743253893233, 416.82944826156927, 143.7820233105649, -74.17273778776735, 965.8815740656487, 238.86423323973122, 976.3307653405982, 129.0400452892618, -181.98162572003275], agent_converged=True, agent_rationale='laya selected mean_pool_full') is not in list
[ 323] best_single    score= 0.5923 origin=agent    iters=5 stop=no new information in 3 consecutive turns
         TEST  smape=0.2083  rmse=667.7780  pocid=0.00  mape=0.1843
         laya iter 1 -> select_stable_k5 conf=0.2771 obs=pool pool5 (5 models)
         laya iter 2 -> best_ETS conf=0.3605 rank=1
         laya iter 3 -> best_ETS conf=0.3138 rank=1
         laya iter 4 -> best_ETS conf=0.3138 rank=1
         laya iter 5 -> best_ETS conf=0.3138 rank=1
[ 324] best_single    score= 0.7568 origin=agent    iters=6 stop=no new information in 3 consecutive turns
         TEST  smape=0.2866  rmse=1116.3404  pocid=0.00  mape=0.3365
         laya iter 1 -> select_stable_k5 conf=0.305 obs=pool pool5 (5 models)
         laya iter 2 -> prune_redundant_full conf=0.2301 obs=pool pool6 (0 models)
         laya iter 3 -> best_ETS conf=0.359 rank=1
         laya iter 4 -> best_ETS conf=0.3079 rank=1
         laya iter 5 -> best_ETS conf=0.3079 rank=1
         laya iter 6 -> best_ETS conf=0.3079 rank=1
[ 325] FAILED: ValueError: Attempt(attempt_id='a1', spec={'combine': 'mean', 'pool': 'pool_full'}, origin='baseline', aggregate={'MAPE': 0.2756392266811217, 'SMAPE': 0.2279313452389232, 'RMSE': 1076.60398876127, 'POCID': 36.11111111111111, 'MSMAPE': 0.22792824965073974, 'MAE': 851.8605456597707}, per_window=[{'MAPE': 0.1331422744010901, 'SMAPE': 0.13647038104349862, 'RMSE': 768.8771589388439, 'POCID': 41.666666666666664, 'MSMAPE': 0.1364687568778354, 'MAE': 581.3179980027173}, {'MAPE': 0.5145327379255901, 'SMAPE': 0.3865357588603428, 'RMSE': 1597.7441572200546, 'POCID': 16.666666666666668, 'MSMAPE': 0.3865306336582981, 'MAE': 1462.9810915452363}, {'MAPE': 0.17924266771668484, 'SMAPE': 0.16078789581292816, 'RMSE': 577.295390923348, 'POCID': 50.0, 'MSMAPE': 0.16078535841608582, 'MAE': 511.2825474313579}], score=0.7277777777777779, rationale='deterministic baseline: plain mean of the full pool', iteration=0, n_models=19, per_window_scores=[0.7166666666666667, 0.7666666666666667, 0.7000000000000001], residuals=[301.39753336828153, 530.876431266579, -35.81517510562753, -156.11235229292515, -344.1526978105139, -1196.2778322063546, -354.51435138105626, -101.63974022208913, -123.77044991805906, -1522.2268425956436, -1383.1229595179084, 421.95891615056735, 1085.2686921997201, 1590.0182313868254, 1273.6910450194746, 847.8502379118909, -88.24383192413006, 1187.3118526770295, 1892.7165808972704, 1243.6743368605466, 1227.0553445145852, 1788.3637612209013, 2063.5858922963916, 2767.826864449259, 2024.5805411504334, 1023.8356697793315, -137.96831342014093, 986.3541114596601, 565.2596068168878, 611.8972753042503, 372.103637196622, 640.5519945454262, 989.4241901383334, 440.09597548209285, 697.1078414754247, 76.97698251555857, 438.2874235171562, 308.21438493138703, -382.4313798047124], agent_converged=True, agent_rationale='laya selected mean_pool_full') is not in list
[ 326] best_single    score= 0.6418 origin=agent    iters=4 stop=no new information in 3 consecutive turns
         TEST  smape=0.1147  rmse=1396.4895  pocid=0.00  mape=0.1204
         laya iter 1 -> best_ETS conf=0.5901 rank=1
         laya iter 2 -> best_ETS conf=0.7158 rank=1
         laya iter 3 -> best_ETS conf=0.7158 rank=1
         laya iter 4 -> best_ETS conf=0.7158 rank=1
[ 327] best_single    score= 0.7536 origin=agent    iters=5 stop=no new information in 3 consecutive turns
         TEST  smape=0.1093  rmse=367.4235  pocid=0.00  mape=0.1174
         laya iter 1 -> select_stable_k5 conf=0.3111 obs=pool pool5 (5 models)
         laya iter 2 -> best_ETS conf=0.2884 rank=1
         laya iter 3 -> best_ETS conf=0.3146 rank=1
         laya iter 4 -> best_ETS conf=0.3146 rank=1
         laya iter 5 -> best_ETS conf=0.3146 rank=1
[ 328] FAILED: ValueError: Attempt(attempt_id='a1', spec={'combine': 'mean', 'pool': 'pool_full'}, origin='baseline', aggregate={'MAPE': 0.2525845608950632, 'SMAPE': 0.20939337956568332, 'RMSE': 2610.1379874563518, 'POCID': 44.444444444444436, 'MSMAPE': 0.20939227942412536, 'MAE': 2023.4424438829556}, per_window=[{'MAPE': 0.13510712311048984, 'SMAPE': 0.13214370554871008, 'RMSE': 1908.6448611913672, 'POCID': 41.666666666666664, 'MSMAPE': 0.13214309092034615, 'MAE': 1441.4585481230506}, {'MAPE': 0.4917915955465099, 'SMAPE': 0.37302903205204196, 'RMSE': 3937.228526805868, 'POCID': 41.666666666666664, 'MSMAPE': 0.3730271055025106, 'MAE': 3627.7311446358603}, {'MAPE': 0.13085496402819008, 'SMAPE': 0.12300740109629779, 'RMSE': 1137.438904839271, 'POCID': 50.0, 'MSMAPE': 0.1230066418495192, 'MAE': 1001.1376388899553}], score=0.7111111111111111, rationale='deterministic baseline: plain mean of the full pool', iteration=0, n_models=19, per_window_scores=[0.7166666666666667, 0.7166666666666667, 0.7000000000000001], residuals=[410.1273204348545, 2747.1607328728733, -86.43267050576105, 1326.1621995346413, -288.1506934038971, -4287.452137835871, -177.72311931537115, -300.85707303212075, -936.2773618239098, -1595.773020804687, -2517.1347596873766, 1237.4607887374223, 2828.2492476108728, 823.8014360103807, 2700.3763642150534, 2595.4087219810535, 2070.7509057578463, 4474.147869528286, 4959.999446270285, 3074.112920359872, 3524.8662130830908, 4526.010309548596, 5072.105162297443, 6923.717244718953, 4016.114526921823, 2399.0937595734995, 617.9431805191698, 1477.4544739066932, 1298.2025814094286, 441.19338372409766, 998.9122369346042, 1551.3486988950299, 1368.4113845441334, -169.3683745191811, 1536.4431120230183, -351.45900709215493, 1146.8148743867405, 269.32845951104173, -1787.9095381041243], agent_converged=True, agent_rationale='laya selected mean_pool_full') is not in list
[ 329] best_single    score= 0.5010 origin=agent    iters=4 stop=no new information in 3 consecutive turns
         TEST  smape=0.1626  rmse=683.0271  pocid=75.00  mape=0.1510
         laya iter 1 -> best_ONLY_FT_rf conf=0.3585 rank=1
         laya iter 2 -> best_ONLY_FT_rf conf=0.776 rank=1
         laya iter 3 -> best_ONLY_FT_rf conf=0.776 rank=1
         laya iter 4 -> best_ONLY_FT_rf conf=0.776 rank=1
[ 330] best_single    score= 0.6601 origin=agent    iters=5 stop=no new information in 3 consecutive turns
         TEST  smape=0.1257  rmse=1000.6552  pocid=0.00  mape=0.1414
         laya iter 1 -> select_stable_k5 conf=0.3724 obs=pool pool5 (5 models)
         laya iter 2 -> best_ETS conf=0.389 rank=1
         laya iter 3 -> best_ETS conf=0.3483 rank=1
         laya iter 4 -> best_ETS conf=0.3483 rank=1
         laya iter 5 -> best_ETS conf=0.3483 rank=1
[ 331] best_single    score= 0.5970 origin=agent    iters=4 stop=no new information in 3 consecutive turns
         TEST  smape=0.1432  rmse=599.0060  pocid=58.33  mape=0.1318
         laya iter 1 -> best_ONLY_FT_rf conf=0.3381 rank=1
         laya iter 2 -> best_ONLY_FT_rf conf=0.6799 rank=1
         laya iter 3 -> best_ONLY_FT_rf conf=0.6799 rank=1
         laya iter 4 -> best_ONLY_FT_rf conf=0.6799 rank=1
[ 332] best_single    score= 0.6746 origin=agent    iters=5 stop=no new information in 3 consecutive turns
         TEST  smape=0.0941  rmse=339.2529  pocid=0.00  mape=0.0956
         laya iter 1 -> best_ETS conf=0.47 rank=1
         laya iter 2 -> prune_redundant_full conf=0.414 obs=pool pool5 (0 models)
         laya iter 3 -> best_ETS conf=0.4121 rank=1
         laya iter 4 -> best_ETS conf=0.4121 rank=1
         laya iter 5 -> best_ETS conf=0.4121 rank=1
[ 333] best_single    score= 0.4839 origin=agent    iters=6 stop=no new information in 3 consecutive turns
         TEST  smape=0.1515  rmse=655.9509  pocid=75.00  mape=0.1402
         laya iter 1 -> select_stable_k5 conf=0.2588 obs=pool pool5 (5 models)
         laya iter 2 -> best_NaiveMovingAverage conf=0.3281 rank=1
         laya iter 3 -> best_NaiveSeasonal conf=0.4313 rank=2
         laya iter 4 -> best_NaiveSeasonal conf=0.4313 rank=2
         laya iter 5 -> best_NaiveSeasonal conf=0.4313 rank=2
         laya iter 6 -> best_NaiveSeasonal conf=0.4313 rank=2
[ 334] best_single    score= 0.7093 origin=agent    iters=5 stop=no new information in 3 consecutive turns
         TEST  smape=0.0852  rmse=514.4683  pocid=0.00  mape=0.0851
         laya iter 1 -> best_ETS conf=0.4445 rank=1
         laya iter 2 -> prune_redundant_full conf=0.4005 obs=pool pool5 (0 models)
         laya iter 3 -> best_ETS conf=0.3544 rank=1
         laya iter 4 -> best_ETS conf=0.3544 rank=1
         laya iter 5 -> best_ETS conf=0.3544 rank=1
[ 335] best_single    score= 0.6931 origin=agent    iters=4 stop=no new information in 3 consecutive turns
         TEST  smape=0.2971  rmse=569.4966  pocid=75.00  mape=0.2511
         laya iter 1 -> best_ONLY_FT_catboost conf=0.2633 rank=1
         laya iter 2 -> best_ONLY_FT_catboost conf=0.6528 rank=1
         laya iter 3 -> best_ONLY_FT_catboost conf=0.6528 rank=1
         laya iter 4 -> best_ONLY_FT_catboost conf=0.6528 rank=1
[ 336] best_single    score= 0.7073 origin=agent    iters=5 stop=no new information in 3 consecutive turns
         TEST  smape=0.2108  rmse=462.3359  pocid=75.00  mape=0.1863
         laya iter 1 -> select_stable_k5 conf=0.258 obs=pool pool5 (5 models)
         laya iter 2 -> best_ONLY_CWT_catboost conf=0.4826 rank=1
         laya iter 3 -> best_ONLY_CWT_catboost conf=0.5741 rank=1
         laya iter 4 -> best_ONLY_CWT_catboost conf=0.5741 rank=1
         laya iter 5 -> best_ONLY_CWT_catboost conf=0.5741 rank=1
[ 337] best_single    score= 0.6267 origin=agent    iters=5 stop=no new information in 3 consecutive turns
         TEST  smape=0.2436  rmse=662.3284  pocid=50.00  mape=0.2116
         laya iter 1 -> select_stable_k5 conf=0.3771 obs=pool pool5 (5 models)
         laya iter 2 -> best_ONLY_FT_rf conf=0.8552 rank=1
         laya iter 3 -> best_ONLY_FT_rf conf=0.9813 rank=1
         laya iter 4 -> best_ONLY_FT_rf conf=0.9813 rank=1
         laya iter 5 -> best_ONLY_FT_rf conf=0.9813 rank=1
[ 338] best_single    score= 0.6558 origin=agent    iters=4 stop=no new information in 3 consecutive turns
         TEST  smape=0.2991  rmse=1356.1699  pocid=0.00  mape=0.3693
         laya iter 1 -> best_ETS conf=0.3934 rank=1
         laya iter 2 -> best_ETS conf=0.5972 rank=1
         laya iter 3 -> best_ETS conf=0.5972 rank=1
         laya iter 4 -> best_ETS conf=0.5972 rank=1
[ 339] best_single    score= 0.7535 origin=agent    iters=6 stop=no new information in 3 consecutive turns
         TEST  smape=0.0795  rmse=633.9084  pocid=0.00  mape=0.0790
         laya iter 1 -> select_stable_k5 conf=0.296 obs=pool pool5 (5 models)
         laya iter 2 -> prune_redundant_full conf=0.2923 obs=pool pool6 (0 models)
         laya iter 3 -> best_ETS conf=0.4038 rank=1
         laya iter 4 -> best_ETS conf=0.4104 rank=1
         laya iter 5 -> best_ETS conf=0.4104 rank=1
         laya iter 6 -> best_ETS conf=0.4104 rank=1
[ 340] best_single    score= 0.5873 origin=agent    iters=4 stop=no new information in 3 consecutive turns
         TEST  smape=0.2361  rmse=1333.5292  pocid=41.67  mape=0.2059
         laya iter 1 -> best_ONLY_FT_catboost conf=0.5367 rank=1
         laya iter 2 -> best_ONLY_FT_catboost conf=0.7198 rank=1
         laya iter 3 -> best_ONLY_FT_catboost conf=0.7198 rank=1
         laya iter 4 -> best_ONLY_FT_catboost conf=0.7198 rank=1
[ 341] best_single    score= 0.5593 origin=agent    iters=5 stop=no new information in 3 consecutive turns
         TEST  smape=0.2499  rmse=400.9577  pocid=41.67  mape=0.2964
         laya iter 1 -> select_stable_k5 conf=0.3132 obs=pool pool5 (5 models)
         laya iter 2 -> best_THETA conf=0.2582 rank=1
         laya iter 3 -> best_THETA conf=0.3952 rank=1
         laya iter 4 -> best_THETA conf=0.3952 rank=1
         laya iter 5 -> best_THETA conf=0.3952 rank=1
[ 342] best_single    score= 0.5218 origin=agent    iters=5 stop=no new information in 3 consecutive turns
         TEST  smape=0.1536  rmse=754.4234  pocid=0.00  mape=0.1763
         laya iter 1 -> select_stable_k5 conf=0.3683 obs=pool pool5 (5 models)
         laya iter 2 -> best_THETA conf=0.3972 rank=1
         laya iter 3 -> best_THETA conf=0.6146 rank=1
         laya iter 4 -> best_THETA conf=0.6146 rank=1
         laya iter 5 -> best_THETA conf=0.6146 rank=1
[ 343] best_single    score= 0.6608 origin=agent    iters=4 stop=no new information in 3 consecutive turns
         TEST  smape=0.1151  rmse=509.6265  pocid=58.33  mape=0.1297
         laya iter 1 -> best_NaiveMovingAverage conf=0.2961 rank=1
         laya iter 2 -> best_NaiveMovingAverage conf=0.3021 rank=1
         laya iter 3 -> best_NaiveMovingAverage conf=0.3021 rank=1
         laya iter 4 -> best_NaiveMovingAverage conf=0.3021 rank=1
[ 344] best_single    score= 0.7500 origin=agent    iters=4 stop=no new information in 3 consecutive turns
         TEST  smape=0.1184  rmse=496.6843  pocid=0.00  mape=0.1315
         laya iter 1 -> best_ETS conf=0.5457 rank=1
         laya iter 2 -> best_ETS conf=0.6274 rank=1
         laya iter 3 -> best_ETS conf=0.6274 rank=1
         laya iter 4 -> best_ETS conf=0.6274 rank=1
[ 345] best_single    score= 0.5843 origin=agent    iters=5 stop=no new information in 3 consecutive turns
         TEST  smape=0.1637  rmse=1138.4638  pocid=75.00  mape=0.1908
         laya iter 1 -> select_stable_k5 conf=0.3179 obs=pool pool5 (5 models)
         laya iter 2 -> best_NaiveMovingAverage conf=0.4137 rank=1
         laya iter 3 -> best_NaiveMovingAverage conf=0.4303 rank=1
         laya iter 4 -> best_NaiveMovingAverage conf=0.4303 rank=1
         laya iter 5 -> best_NaiveMovingAverage conf=0.4303 rank=1
[ 346] best_single    score= 0.6165 origin=agent    iters=5 stop=no new information in 3 consecutive turns
         TEST  smape=0.1509  rmse=698.0320  pocid=0.00  mape=0.1731
         laya iter 1 -> best_ETS conf=0.4019 rank=1
         laya iter 2 -> prune_redundant_full conf=0.3938 obs=pool pool5 (0 models)
         laya iter 3 -> best_ETS conf=0.3236 rank=1
         laya iter 4 -> best_ETS conf=0.3236 rank=1
         laya iter 5 -> best_ETS conf=0.3236 rank=1
[ 347] FAILED: ValueError: Attempt(attempt_id='a1', spec={'combine': 'mean', 'pool': 'pool_full'}, origin='baseline', aggregate={'MAPE': 0.28684570728420516, 'SMAPE': 0.250772803042314, 'RMSE': 1670.7715713321984, 'POCID': 61.111111111111114, 'MSMAPE': 0.25077036758123067, 'MAE': 1314.4848860600646}, per_window=[{'MAPE': 0.19791821549936855, 'SMAPE': 0.22770408860691355, 'RMSE': 1614.6550968124568, 'POCID': 58.333333333333336, 'MSMAPE': 0.22770208730941693, 'MAE': 1305.9133775231037}, {'MAPE': 0.5712720059869711, 'SMAPE': 0.4306468530389483, 'RMSE': 2364.810034815155, 'POCID': 58.333333333333336, 'MSMAPE': 0.43064272853933167, 'MAE': 2262.4190392254063}, {'MAPE': 0.09134690036627581, 'SMAPE': 0.09396746748108037, 'RMSE': 418.3244533740408, 'POCID': 66.66666666666667, 'MSMAPE': 0.09396628689494348, 'MAE': 375.12224143168237}], score=0.6777777777777778, rationale='deterministic baseline: plain mean of the full pool', iteration=0, n_models=19, per_window_scores=[0.6833333333333333, 0.6833333333333333, 0.6666666666666667], residuals=[60.385419658730825, 682.2936461896325, -892.9300176234328, -514.1878081740815, -1242.121180449496, -3088.677429604776, -1578.3249908757052, -2033.580513150635, -2147.93974854533, -2345.7269974754154, -2121.213463527546, -146.30337198185043, -123.18932054371362, 803.0927692461819, 1788.530178169849, 1693.4662283638545, 1193.8132825452221, 2512.1855108559066, 2759.8909317280322, 2806.1426875729885, 2727.582847071083, 2337.204521627372, 2626.4283344111673, 3427.3656146699195, 2374.392459559732, 2361.352144108976, -380.7506778406737, 389.64181365297054, -577.0205987203922, 247.56116431703595, -686.8104854283156, -408.53220892558875, -156.548681551958, -73.8878266085485, -236.33636280222527, -150.2386053751452, 455.68543265274366, -488.84055030197806, -624.7347304342952], agent_converged=True, agent_rationale='laya selected mean_pool_full') is not in list
[ 348] best_single    score= 0.3288 origin=agent    iters=4 stop=no new information in 3 consecutive turns
         TEST  smape=0.0476  rmse=263.2933  pocid=75.00  mape=0.0458
         laya iter 1 -> best_ONLY_CWT_rf conf=0.3544 rank=1
         laya iter 2 -> best_ONLY_CWT_rf conf=0.8615 rank=1
         laya iter 3 -> best_ONLY_CWT_rf conf=0.8615 rank=1
         laya iter 4 -> best_ONLY_CWT_rf conf=0.8615 rank=1
[ 349] best_single    score= 0.5808 origin=agent    iters=5 stop=no new information in 3 consecutive turns
         TEST  smape=0.1459  rmse=910.7109  pocid=58.33  mape=0.1434
         laya iter 1 -> select_stable_k5 conf=0.3325 obs=pool pool5 (5 models)
         laya iter 2 -> best_FT_catboost conf=0.3083 rank=1
         laya iter 3 -> best_FT_catboost conf=0.3212 rank=1
         laya iter 4 -> best_FT_catboost conf=0.3212 rank=1
         laya iter 5 -> best_FT_catboost conf=0.3212 rank=1
[ 350] FAILED: ValueError: Attempt(attempt_id='a1', spec={'combine': 'mean', 'pool': 'pool_full'}, origin='baseline', aggregate={'MAPE': 0.19161564202967293, 'SMAPE': 0.17022000739896007, 'RMSE': 385.15053801821705, 'POCID': 44.444444444444436, 'MSMAPE': 0.17021529349280348, 'MAE': 314.78719361148677}, per_window=[{'MAPE': 0.1529707605990072, 'SMAPE': 0.14882176958961763, 'RMSE': 363.0839658477794, 'POCID': 50.0, 'MSMAPE': 0.14881821685830318, 'MAE': 315.5664459537048}, {'MAPE': 0.2839466323543109, 'SMAPE': 0.23427746632704016, 'RMSE': 512.5056815483779, 'POCID': 41.666666666666664, 'MSMAPE': 0.2342711681501616, 'MAE': 438.6278320372658}, {'MAPE': 0.13792953313570072, 'SMAPE': 0.12756078628022244, 'RMSE': 224.79050454155634, 'POCID': 41.666666666666664, 'MSMAPE': 0.1275564954699457, 'MAE': 190.1673028434896}], score=0.7111111111111111, rationale='deterministic baseline: plain mean of the full pool', iteration=0, n_models=19, per_window_scores=[0.7000000000000001, 0.7166666666666667, 0.7166666666666667], residuals=[234.2172559820665, 608.3015689544732, 8.825172243485667, 159.34514199286014, -118.9958499293707, -568.3680235192419, -221.85821989439546, 346.9479005414346, 200.49779787850866, -493.9494803186692, -537.3757766570038, 274.80176360701716, 328.879845879635, -255.92867796942028, 150.88888749751686, 213.90643782429697, 73.80323940372, 543.202505576246, 366.70841782452726, 152.75358497714387, 394.62538771782647, 753.0751266119332, 703.4138427562102, 946.1543166318934, 733.2242137710268, 414.47717792269486, 187.3450319001547, 502.58307321761254, 117.12164822715181, -66.03526708197114, 101.75319385687749, 308.9203392580139, 300.8605572891545, 117.92199720114581, 138.15217177937006, 98.29124633062224, 114.21365016269556, -134.11230552684106, -284.8644551337543], agent_converged=True, agent_rationale='laya selected mean_pool_full') is not in list
[ 351] best_single    score= 0.3560 origin=agent    iters=5 stop=no new information in 3 consecutive turns
         TEST  smape=0.0591  rmse=118.2969  pocid=41.67  mape=0.0562
         laya iter 1 -> select_stable_k5 conf=0.3212 obs=pool pool5 (5 models)
         laya iter 2 -> best_rf conf=0.4919 rank=1
         laya iter 3 -> best_rf conf=0.5988 rank=1
         laya iter 4 -> best_rf conf=0.5988 rank=1
         laya iter 5 -> best_rf conf=0.5988 rank=1
[ 352] best_single    score= 0.6875 origin=agent    iters=4 stop=no new information in 3 consecutive turns
         TEST  smape=0.1666  rmse=367.3691  pocid=33.33  mape=0.1963
         laya iter 1 -> best_FT_rf conf=0.485 rank=1
         laya iter 2 -> best_FT_rf conf=0.5523 rank=1
         laya iter 3 -> best_FT_rf conf=0.5523 rank=1
         laya iter 4 -> best_FT_rf conf=0.5523 rank=1
[ 353] best_single    score= 0.4615 origin=agent    iters=5 stop=no new information in 3 consecutive turns
         TEST  smape=0.1552  rmse=654.4407  pocid=58.33  mape=0.1752
         laya iter 1 -> select_stable_k5 conf=0.2588 obs=pool pool5 (5 models)
         laya iter 2 -> best_NaiveMovingAverage conf=0.4095 rank=1
         laya iter 3 -> best_NaiveMovingAverage conf=0.5968 rank=1
         laya iter 4 -> best_NaiveMovingAverage conf=0.5968 rank=1
         laya iter 5 -> best_NaiveMovingAverage conf=0.5968 rank=1
[ 354] best_single    score= 0.7450 origin=agent    iters=4 stop=no new information in 3 consecutive turns
         TEST  smape=0.6418  rmse=2709.8740  pocid=0.00  mape=0.9483
         laya iter 1 -> best_ETS conf=0.8687 rank=1
         laya iter 2 -> best_ETS conf=0.9563 rank=1
         laya iter 3 -> best_ETS conf=0.9563 rank=1
         laya iter 4 -> best_ETS conf=0.9563 rank=1
[ 355] best_single    score= 0.5941 origin=agent    iters=5 stop=no new information in 3 consecutive turns
         TEST  smape=0.3289  rmse=1606.9854  pocid=33.33  mape=0.4210
         laya iter 1 -> select_stable_k5 conf=0.3128 obs=pool pool5 (5 models)
         laya iter 2 -> best_THETA conf=0.4845 rank=1
         laya iter 3 -> best_THETA conf=0.7863 rank=1
         laya iter 4 -> best_THETA conf=0.7863 rank=1
         laya iter 5 -> best_THETA conf=0.7863 rank=1
[ 356] best_single    score= 0.6873 origin=agent    iters=4 stop=no new information in 3 consecutive turns
         TEST  smape=0.2392  rmse=1023.4368  pocid=0.00  mape=0.2889
         laya iter 1 -> best_ETS conf=0.4372 rank=1
         laya iter 2 -> best_ETS conf=0.4202 rank=1
         laya iter 3 -> best_ETS conf=0.4202 rank=1
         laya iter 4 -> best_ETS conf=0.4202 rank=1
[ 357] best_single    score= 0.5995 origin=agent    iters=4 stop=no new information in 3 consecutive turns
         TEST  smape=0.1478  rmse=969.5319  pocid=58.33  mape=0.1407
         laya iter 1 -> best_FT_catboost conf=0.3871 rank=1
         laya iter 2 -> best_FT_catboost conf=0.7765 rank=1
         laya iter 3 -> best_FT_catboost conf=0.7765 rank=1
         laya iter 4 -> best_FT_catboost conf=0.7765 rank=1
[ 358] best_single    score= 0.4778 origin=agent    iters=5 stop=no new information in 3 consecutive turns
         TEST  smape=0.2025  rmse=982.4298  pocid=58.33  mape=0.2400
         laya iter 1 -> select_stable_k5 conf=0.321 obs=pool pool5 (5 models)
         laya iter 2 -> best_THETA conf=0.4187 rank=1
         laya iter 3 -> best_THETA conf=0.427 rank=1
         laya iter 4 -> best_THETA conf=0.427 rank=1
         laya iter 5 -> best_THETA conf=0.427 rank=1
--------------------------------------------------------------------------
done in 109.1s | ok: 348 | failed: 11
DATASET SUMMARY over 348 series (mean across series):
  this run   smape=0.1036  rmse=498.3201  pocid=54.29  mape=0.1056  mae=411.2205
  baseline   (n/a - no-seeds arm: o agente partiu de histórico vazio)
  mean       smape=0.1488  rmse=583551037506228700965461778241238497660906092255728237419013285461635951382480866372355851467023638184674506481890573610129790337024.0000  pocid=53.45  mape=41034622534648224518037094456401070353634371968816088285344714592764998167386046456706828718282189997739972238097318532479975424.0000  <- this run is better
  median     smape=0.0854  rmse=101192144736.7327  pocid=58.96  mape=11568970.2871  <- this run is better
  dba        smape=0.1538  rmse=583551037506228700965461778241238497660906092255728237419013285461635951382480866372355851467023638184674506481890573610129790337024.0000  pocid=52.04  mape=41034622534648205278776256373159267483009323070567160023753273935808617333258407664850494979409821143117777470072103294868652032.0000  <- this run is better
  ADE        smape=0.0986  rmse=346466453047689182801784835227701380487544130423217079091107643524277899393997100157114215010874697889528160073822423902700745785344.0000  pocid=57.59  mape=24363113434749991039430866512619835955869221045956591224307765191660798006601419387345869651513186274917840810796816623646801920.0000  <- this run is better
  FFORMA     smape=0.0908  rmse=342188828500134442628239067107090239917939134558009948526308773540320256940743514468825102626584934636603551646380089815964191817728.0000  pocid=59.82  mape=24062315908275014618889505676333040217187048422023334348633311613580529736255915002021170108477584787426967543480183205828493312.0000  <- this run is better
csv: ./timeseries/mestrado/resultados/orchestrator_laya_laya_v0_noseeds/M4_WEEKLY_DATASET.csv
