nohup: ignoring input
WARNING: 5 model(s) do not share the pool's windows on ETTM1 and are being DROPPED for every series: ['ONLY_CWT_catboost', 'ONLY_DWT_catboost', 'ONLY_DWT_rf', 'ONLY_FT_catboost', 'ONLY_FT_rf']
dataset      : ETTM1
source       : ETTM1.tsf
models       : 14
agent        : laya-multilingual (max_len=8192)
writing to   : ./timeseries/mestrado/resultados/orchestrator_laya_laya_v4_pure
--------------------------------------------------------------------------
/home/lucas.castro/.conda/envs/agno/lib/python3.11/site-packages/tslearn/bases/bases.py:15: UserWarning: h5py not installed, hdf5 features will not be supported.
Install h5py to use hdf5 features: http://docs.h5py.org/
  warn(h5py_msg)
Fetching 5 files:   0%|          | 0/5 [00:00<?, ?it/s]Fetching 5 files: 100%|██████████| 5/5 [00:00<00:00, 2437.13it/s]
[   0] best_single    score=-0.0379 origin=agent    iters=4 stop=no new information in 3 consecutive turns
         TEST  smape=1.4534  rmse=6.6236  pocid=65.22  mape=651473064231880.3750
         laya iter 1 -> best_FT_rf conf=0.3798 rank=1
         laya iter 2 -> best_FT_rf conf=0.2497 rank=1
         laya iter 3 -> best_FT_rf conf=None obs=
         laya iter 4 -> best_FT_rf conf=None obs=
[   1] best_single    score=-0.0576 origin=agent    iters=2 stop=laya_accept
         TEST  smape=0.2232  rmse=1.1728  pocid=47.83  mape=0.2663
         laya iter 1 -> best_ONLY_CWT_rf conf=0.2519 rank=1
[   2] best_single    score=-0.0165 origin=agent    iters=2 stop=laya_accept
         TEST  smape=1.0364  rmse=13.4842  pocid=34.78  mape=3.2698
         laya iter 1 -> best_THETA conf=0.3773 rank=1
[   3] best_single    score=-0.0504 origin=agent    iters=2 stop=laya_accept
         TEST  smape=0.4241  rmse=1.2956  pocid=52.17  mape=0.6045
         laya iter 1 -> best_ONLY_CWT_rf conf=0.3749 rank=1
[   4] best_single    score=-0.0561 origin=agent    iters=2 stop=laya_accept
         TEST  smape=0.1615  rmse=0.7444  pocid=43.48  mape=0.1538
         laya iter 1 -> best_ARIMA conf=0.4344 rank=1
[   5] best_single    score=-0.0866 origin=agent    iters=5 stop=no new information in 3 consecutive turns
         TEST  smape=0.1234  rmse=0.2484  pocid=73.91  mape=0.1339
         laya iter 1 -> best_CWT_rf conf=0.1454 rank=1
         laya iter 2 -> best_rf conf=0.2707 rank=2
         laya iter 3 -> best_CWT_rf conf=0.2306 rank=1
         laya iter 4 -> best_rf conf=0.349 rank=2
         laya iter 5 -> best_rf conf=None obs=
[   6] best_single    score=-0.1073 origin=agent    iters=6 stop=no new information in 3 consecutive turns
         TEST  smape=0.0612  rmse=0.6708  pocid=56.52  mape=0.0626
         laya iter 1 -> best_ONLY_CWT_rf conf=0.4226 rank=1
         laya iter 2 -> best_ONLY_CWT_rf conf=0.1668 rank=1
         laya iter 3 -> best_FT_rf conf=0.272 rank=1
         laya iter 4 -> best_ONLY_CWT_rf conf=None obs=
         laya iter 5 -> best_ONLY_CWT_rf conf=None obs=
         laya iter 6 -> best_ONLY_CWT_rf conf=None obs=
--------------------------------------------------------------------------
done in 49.5s | ok: 7 | failed: 0
DATASET SUMMARY over 7 series (mean across series):
  this run   smape=0.4976  rmse=3.4628  pocid=53.42  mape=93067580604554.9844  mae=2.9965
  baseline   (n/a - no-seeds arm: o agente partiu de histórico vazio)
  mean       smape=2.0000  rmse=136084107294.9405  pocid=44.72  mape=52599961740521154543616.0000  <- this run is better
  median     smape=0.5443  rmse=2.5657  pocid=58.39  mape=9059687099970.2324
  dba        smape=2.0000  rmse=195921298116.2774  pocid=47.20  mape=69231906943291170816.0000  <- this run is better
  ADE        smape=0.4572  rmse=2.4809  pocid=50.93  mape=21115097813161.2109
  FFORMA     smape=0.4396  rmse=2.2985  pocid=51.55  mape=59253483494535.9609
csv: ./timeseries/mestrado/resultados/orchestrator_laya_laya_v4_pure/ETTM1.csv
WARNING: 5 model(s) do not share the pool's windows on ETTM2 and are being DROPPED for every series: ['ONLY_CWT_catboost', 'ONLY_DWT_catboost', 'ONLY_DWT_rf', 'ONLY_FT_catboost', 'ONLY_FT_rf']
dataset      : ETTM2
source       : ETTM2.tsf
models       : 14
agent        : laya-multilingual (max_len=8192)
writing to   : ./timeseries/mestrado/resultados/orchestrator_laya_laya_v4_pure
--------------------------------------------------------------------------
Fetching 5 files:   0%|          | 0/5 [00:00<?, ?it/s]Fetching 5 files: 100%|██████████| 5/5 [00:00<00:00, 2543.24it/s]
[   0] best_single    score=-0.0728 origin=agent    iters=4 stop=no new information in 3 consecutive turns
         TEST  smape=0.1656  rmse=6.8204  pocid=56.52  mape=0.1516
         laya iter 1 -> best_ONLY_CWT_rf conf=0.2315 rank=1
         laya iter 2 -> best_ONLY_CWT_rf conf=0.2222 rank=1
         laya iter 3 -> best_ONLY_CWT_rf conf=None obs=
         laya iter 4 -> best_ONLY_CWT_rf conf=None obs=
[   1] best_single    score=-0.0674 origin=agent    iters=2 stop=laya_accept
         TEST  smape=0.2784  rmse=3.1283  pocid=52.17  mape=0.2410
         laya iter 1 -> best_ONLY_CWT_rf conf=0.4621 rank=1
[   2] best_single    score=-0.0996 origin=agent    iters=2 stop=laya_accept
         TEST  smape=0.1491  rmse=7.6339  pocid=47.83  mape=0.1380
         laya iter 1 -> best_ONLY_CWT_rf conf=0.2226 rank=1
[   3] best_single    score=-0.0749 origin=agent    iters=4 stop=no new information in 3 consecutive turns
         TEST  smape=0.2847  rmse=3.3091  pocid=47.83  mape=0.2462
         laya iter 1 -> best_ONLY_CWT_rf conf=0.2702 rank=1
         laya iter 2 -> best_ONLY_CWT_rf conf=0.2035 rank=1
         laya iter 3 -> best_ONLY_CWT_rf conf=None obs=
         laya iter 4 -> best_ONLY_CWT_rf conf=None obs=
[   4] best_single    score=-0.0541 origin=agent    iters=2 stop=laya_accept
         TEST  smape=0.0640  rmse=0.8246  pocid=17.39  mape=0.0614
         laya iter 1 -> best_ONLY_CWT_rf conf=0.4701 rank=1
[   5] best_single    score= 0.0758 origin=agent    iters=2 stop=laya_accept
         TEST  smape=0.4977  rmse=0.8616  pocid=26.09  mape=0.3848
         laya iter 1 -> best_ONLY_CWT_rf conf=0.3413 rank=1
[   6] best_single    score= 0.2737 origin=agent    iters=2 stop=laya_accept
         TEST  smape=0.0154  rmse=0.8296  pocid=60.87  mape=0.0154
         laya iter 1 -> best_ONLY_CWT_rf conf=0.4268 rank=1
--------------------------------------------------------------------------
done in 41.7s | ok: 7 | failed: 0
DATASET SUMMARY over 7 series (mean across series):
  this run   smape=0.2079  rmse=3.3439  pocid=44.10  mape=0.1769  mae=3.1211
  baseline   (n/a - no-seeds arm: o agente partiu de histórico vazio)
  mean       smape=1.7405  rmse=63484511305.5706  pocid=43.48  mape=3253528624.5137  <- this run is better
  median     smape=0.1997  rmse=3.6501  pocid=39.13  mape=0.1739  <- this run is better
  dba        smape=1.7438  rmse=106383343565.7140  pocid=37.27  mape=2228290941.4547  <- this run is better
  ADE        smape=0.1872  rmse=4.0934  pocid=31.06  mape=0.1752  <- this run is better
  FFORMA     smape=0.1654  rmse=3.9513  pocid=31.06  mape=0.1525  <- this run is better
csv: ./timeseries/mestrado/resultados/orchestrator_laya_laya_v4_pure/ETTM2.csv
dataset      : ETTH1
source       : ETTH1.tsf
models       : 19
agent        : laya-multilingual (max_len=8192)
writing to   : ./timeseries/mestrado/resultados/orchestrator_laya_laya_v4_pure
--------------------------------------------------------------------------
Fetching 5 files:   0%|          | 0/5 [00:00<?, ?it/s]Fetching 5 files: 100%|██████████| 5/5 [00:00<00:00, 2664.74it/s]
[   0] best_single    score=-0.0512 origin=agent    iters=4 stop=no new information in 3 consecutive turns
         TEST  smape=0.5508  rmse=15.2618  pocid=65.22  mape=1.3179
         laya iter 1 -> best_FT_rf conf=0.4761 rank=1
         laya iter 2 -> best_FT_rf conf=0.1969 rank=1
         laya iter 3 -> best_FT_rf conf=None obs=
         laya iter 4 -> best_FT_rf conf=None obs=
[   1] best_single    score=-0.1036 origin=agent    iters=5 stop=no new information in 3 consecutive turns
         TEST  smape=0.1644  rmse=0.9230  pocid=56.52  mape=0.1570
         laya iter 1 -> best_ONLY_CWT_catboost conf=0.5077 rank=1
         laya iter 2 -> best_ONLY_DWT_catboost conf=0.4128 rank=2
         laya iter 3 -> best_ONLY_DWT_catboost conf=0.5578 rank=2
         laya iter 4 -> best_ONLY_CWT_catboost conf=0.428 rank=1
         laya iter 5 -> best_ONLY_CWT_catboost conf=None obs=
[   2] best_single    score=-0.0410 origin=agent    iters=2 stop=laya_accept
         TEST  smape=0.3948  rmse=2.6928  pocid=78.26  mape=0.4271
         laya iter 1 -> best_ONLY_DWT_rf conf=0.4869 rank=1
[   3] best_single    score=-0.0858 origin=agent    iters=5 stop=no new information in 3 consecutive turns
         TEST  smape=0.2073  rmse=0.6497  pocid=60.87  mape=0.1889
         laya iter 1 -> best_CWT_rf conf=0.3386 rank=1
         laya iter 2 -> best_DWT_rf conf=0.5045 rank=1
         laya iter 3 -> best_CWT_rf conf=0.2227 rank=2
         laya iter 4 -> best_CWT_rf conf=None obs=
         laya iter 5 -> best_CWT_rf conf=None obs=
[   4] best_single    score=-0.0870 origin=agent    iters=4 stop=no new information in 3 consecutive turns
         TEST  smape=0.2052  rmse=0.9973  pocid=56.52  mape=0.1985
         laya iter 1 -> best_ONLY_DWT_rf conf=0.4774 rank=1
         laya iter 2 -> best_ONLY_DWT_rf conf=0.3759 rank=1
         laya iter 3 -> best_ONLY_DWT_rf conf=None obs=
         laya iter 4 -> best_ONLY_DWT_rf conf=None obs=
[   5] best_single    score=-0.1052 origin=agent    iters=4 stop=no new information in 3 consecutive turns
         TEST  smape=0.1948  rmse=0.3535  pocid=56.52  mape=0.1818
         laya iter 1 -> best_ONLY_DWT_catboost conf=0.4013 rank=1
         laya iter 2 -> best_ONLY_DWT_catboost conf=0.2361 rank=1
         laya iter 3 -> best_ONLY_DWT_catboost conf=None obs=
         laya iter 4 -> best_ONLY_DWT_catboost conf=None obs=
[   6] best_single    score=-0.1038 origin=agent    iters=7 stop=no new information in 3 consecutive turns
         TEST  smape=0.0707  rmse=0.8725  pocid=56.52  mape=0.0748
         laya iter 1 -> best_ONLY_DWT_rf conf=0.4035 rank=1
         laya iter 2 -> best_ONLY_CWT_catboost conf=0.3662 rank=1
         laya iter 3 -> best_ONLY_CWT_catboost conf=0.5059 rank=1
         laya iter 4 -> best_ONLY_DWT_catboost conf=0.504 rank=3
         laya iter 5 -> best_ONLY_DWT_rf conf=0.2855 rank=2
         laya iter 6 -> best_ONLY_DWT_rf conf=None obs=
         laya iter 7 -> best_ONLY_DWT_rf conf=None obs=
--------------------------------------------------------------------------
done in 15.7s | ok: 7 | failed: 0
DATASET SUMMARY over 7 series (mean across series):
  this run   smape=0.2554  rmse=3.1072  pocid=61.49  mape=0.3637  mae=1.9242
  baseline   (n/a - no-seeds arm: o agente partiu de histórico vazio)
  mean       smape=2.0000  rmse=1245113253499.4958  pocid=52.17  mape=273162683680.0966  <- this run is better
  median     smape=0.2602  rmse=1.5957  pocid=62.11  mape=0.2353
  dba        smape=2.0000  rmse=2059519043323.2112  pocid=54.66  mape=272603577994.6630  <- this run is better
  ADE        smape=0.3951  rmse=2.5172  pocid=62.73  mape=0.3505
  FFORMA     smape=0.3001  rmse=1.9946  pocid=65.22  mape=0.2754
csv: ./timeseries/mestrado/resultados/orchestrator_laya_laya_v4_pure/ETTH1.csv
dataset      : ETTH2
source       : ETTH2.tsf
models       : 19
agent        : laya-multilingual (max_len=8192)
writing to   : ./timeseries/mestrado/resultados/orchestrator_laya_laya_v4_pure
--------------------------------------------------------------------------
Fetching 5 files:   0%|          | 0/5 [00:00<?, ?it/s]Fetching 5 files: 100%|██████████| 5/5 [00:00<00:00, 2871.24it/s]
[   0] best_single    score=-0.1102 origin=agent    iters=4 stop=no new information in 3 consecutive turns
         TEST  smape=0.1493  rmse=6.2007  pocid=52.17  mape=0.1396
         laya iter 1 -> best_FT_catboost conf=0.4785 rank=1
         laya iter 2 -> best_FT_catboost conf=0.6082 rank=1
         laya iter 3 -> best_FT_catboost conf=None obs=
         laya iter 4 -> best_FT_catboost conf=None obs=
[   1] best_single    score=-0.0878 origin=agent    iters=4 stop=no new information in 3 consecutive turns
         TEST  smape=0.1414  rmse=1.8522  pocid=73.91  mape=0.1424
         laya iter 1 -> best_ONLY_FT_rf conf=0.5205 rank=1
         laya iter 2 -> best_ONLY_FT_rf conf=0.5899 rank=1
         laya iter 3 -> best_ONLY_FT_rf conf=None obs=
         laya iter 4 -> best_ONLY_FT_rf conf=None obs=
[   2] best_single    score=-0.1151 origin=agent    iters=5 stop=no new information in 3 consecutive turns
         TEST  smape=0.0985  rmse=5.3669  pocid=60.87  mape=0.0932
         laya iter 1 -> best_ONLY_CWT_catboost conf=0.4413 rank=1
         laya iter 2 -> best_ONLY_CWT_rf conf=0.4178 rank=2
         laya iter 3 -> best_ONLY_CWT_rf conf=0.2673 rank=2
         laya iter 4 -> best_ONLY_CWT_catboost conf=0.3523 rank=1
         laya iter 5 -> best_ONLY_CWT_rf conf=None obs=
[   3] best_single    score=-0.1014 origin=agent    iters=4 stop=no new information in 3 consecutive turns
         TEST  smape=0.1420  rmse=1.7859  pocid=43.48  mape=0.1348
         laya iter 1 -> best_CWT_rf conf=0.3872 rank=1
         laya iter 2 -> best_CWT_rf conf=0.7355 rank=1
         laya iter 3 -> best_CWT_rf conf=None obs=
         laya iter 4 -> best_CWT_rf conf=None obs=
[   4] best_single    score=-0.0640 origin=agent    iters=2 stop=laya_accept
         TEST  smape=0.0819  rmse=1.0401  pocid=39.13  mape=0.0839
         laya iter 1 -> best_ONLY_DWT_rf conf=0.5813 rank=1
[   5] best_single    score= 0.0198 origin=agent    iters=5 stop=no new information in 3 consecutive turns
         TEST  smape=0.8482  rmse=0.8127  pocid=30.43  mape=1018270366561432.3750
         laya iter 1 -> best_FT_rf conf=0.6727 rank=1
         laya iter 2 -> best_DWT_rf conf=0.2746 rank=2
         laya iter 3 -> best_FT_rf conf=0.2722 rank=1
         laya iter 4 -> best_FT_rf conf=None obs=
         laya iter 5 -> best_DWT_rf conf=0.4628 rank=2
[   6] best_single    score= 0.4439 origin=agent    iters=7 stop=no new information in 3 consecutive turns
         TEST  smape=0.0490  rmse=2.2962  pocid=73.91  mape=0.0485
         laya iter 1 -> best_ONLY_DWT_rf conf=0.5426 rank=1
         laya iter 2 -> best_ONLY_DWT_rf conf=0.428 rank=1
         laya iter 3 -> best_ONLY_DWT_rf conf=None obs=
         laya iter 4 -> best_FT_catboost conf=0.3409 rank=2
         laya iter 5 -> best_FT_catboost conf=0.4501 rank=2
         laya iter 6 -> best_FT_catboost conf=None obs=
         laya iter 7 -> best_FT_catboost conf=None obs=
--------------------------------------------------------------------------
done in 15.3s | ok: 7 | failed: 0
DATASET SUMMARY over 7 series (mean across series):
  this run   smape=0.2158  rmse=2.7650  pocid=53.42  mape=145467195223061.8438  mae=2.4052
  baseline   (n/a - no-seeds arm: o agente partiu de histórico vazio)
  mean       smape=1.7197  rmse=99996379087.4691  pocid=49.69  mape=20879052073827343269888.0000  <- this run is better
  median     smape=0.1815  rmse=2.5568  pocid=56.52  mape=181666141988947.5312
  dba        smape=1.7257  rmse=151967111938.0612  pocid=52.80  mape=20879052073826667986944.0000  <- this run is better
  ADE        smape=0.2261  rmse=2.6531  pocid=56.52  mape=299065117726769.6250
  FFORMA     smape=0.2035  rmse=2.5436  pocid=56.52  mape=269479043127657.0625
csv: ./timeseries/mestrado/resultados/orchestrator_laya_laya_v4_pure/ETTH2.csv
dataset      : ANP_MONTHLY
source       : mes_11_venda_mensal.tsf
models       : 19
agent        : laya-multilingual (max_len=8192)
writing to   : ./timeseries/mestrado/resultados/orchestrator_laya_laya_v4_pure
--------------------------------------------------------------------------
Fetching 5 files:   0%|          | 0/5 [00:00<?, ?it/s]Fetching 5 files: 100%|██████████| 5/5 [00:00<00:00, 2304.56it/s]
[   0] best_single    score= 0.6782 origin=agent    iters=2 stop=laya_accept
         TEST  smape=0.1802  rmse=1450.2311  pocid=45.45  mape=0.1590
         laya iter 1 -> best_ONLY_DWT_rf conf=0.3096 rank=1
[   1] best_single    score= 0.6567 origin=agent    iters=2 stop=laya_accept
         TEST  smape=0.0701  rmse=1449.1804  pocid=63.64  mape=0.0671
         laya iter 1 -> best_ONLY_DWT_rf conf=0.5034 rank=1
[   2] best_single    score= 0.6171 origin=agent    iters=5 stop=no new information in 3 consecutive turns
         TEST  smape=0.0487  rmse=5548.7804  pocid=63.64  mape=0.0508
         laya iter 1 -> best_ONLY_DWT_rf conf=0.5547 rank=1
         laya iter 2 -> best_ONLY_CWT_rf conf=0.3177 rank=1
         laya iter 3 -> best_ONLY_DWT_rf conf=0.3849 rank=2
         laya iter 4 -> best_ONLY_DWT_rf conf=None obs=
         laya iter 5 -> best_ONLY_DWT_rf conf=None obs=
[   3] best_single    score= 0.6524 origin=agent    iters=4 stop=no new information in 3 consecutive turns
         TEST  smape=0.3248  rmse=3041.7491  pocid=72.73  mape=0.2714
         laya iter 1 -> best_ONLY_DWT_catboost conf=0.2751 rank=1
         laya iter 2 -> best_ONLY_DWT_catboost conf=0.366 rank=1
         laya iter 3 -> best_ONLY_DWT_catboost conf=None obs=
         laya iter 4 -> best_ONLY_DWT_catboost conf=None obs=
[   4] best_single    score= 0.7585 origin=agent    iters=2 stop=laya_accept
         TEST  smape=0.0394  rmse=2702.2287  pocid=63.64  mape=0.0394
         laya iter 1 -> best_ONLY_DWT_rf conf=0.227 rank=1
[   5] best_single    score= 0.5511 origin=agent    iters=5 stop=no new information in 3 consecutive turns
         TEST  smape=0.2370  rmse=29.2490  pocid=36.36  mape=0.2710
         laya iter 1 -> best_ONLY_DWT_rf conf=0.4559 rank=1
         laya iter 2 -> best_FT_rf conf=0.2049 rank=1
         laya iter 3 -> best_FT_rf conf=0.1714 rank=1
         laya iter 4 -> best_FT_rf conf=None obs=
         laya iter 5 -> best_FT_rf conf=None obs=
[   6] best_single    score= 0.5527 origin=agent    iters=5 stop=no new information in 3 consecutive turns
         TEST  smape=0.5737  rmse=5253.6827  pocid=81.82  mape=0.4291
         laya iter 1 -> best_ONLY_DWT_rf conf=0.5034 rank=1
         laya iter 2 -> best_THETA conf=0.0969 rank=1
         laya iter 3 -> best_ONLY_DWT_rf conf=0.2553 rank=2
         laya iter 4 -> best_ONLY_DWT_rf conf=None obs=
         laya iter 5 -> best_ONLY_DWT_rf conf=None obs=
[   7] best_single    score= 0.5882 origin=agent    iters=4 stop=no new information in 3 consecutive turns
         TEST  smape=0.2018  rmse=110.0732  pocid=45.45  mape=0.2279
         laya iter 1 -> best_ONLY_CWT_catboost conf=0.5859 rank=1
         laya iter 2 -> best_ONLY_CWT_catboost conf=0.6505 rank=1
         laya iter 3 -> best_ONLY_CWT_catboost conf=None obs=
         laya iter 4 -> best_ONLY_CWT_catboost conf=None obs=
[   8] best_single    score= 0.6826 origin=agent    iters=4 stop=no new information in 3 consecutive turns
         TEST  smape=0.4331  rmse=713.5620  pocid=45.45  mape=0.3412
         laya iter 1 -> best_ONLY_DWT_catboost conf=0.7175 rank=1
         laya iter 2 -> best_ONLY_DWT_catboost conf=0.2437 rank=1
         laya iter 3 -> best_ONLY_DWT_catboost conf=None obs=
         laya iter 4 -> best_ONLY_DWT_catboost conf=None obs=
[   9] best_single    score= 0.6784 origin=agent    iters=4 stop=no new information in 3 consecutive turns
         TEST  smape=0.0580  rmse=13956.5811  pocid=72.73  mape=0.0601
         laya iter 1 -> best_ONLY_CWT_rf conf=0.483 rank=1
         laya iter 2 -> best_ONLY_CWT_rf conf=0.1418 rank=1
         laya iter 3 -> best_ONLY_CWT_rf conf=None obs=
         laya iter 4 -> best_ONLY_CWT_rf conf=None obs=
[  10] best_single    score= 0.5752 origin=agent    iters=4 stop=no new information in 3 consecutive turns
         TEST  smape=0.1867  rmse=1274.4974  pocid=72.73  mape=0.1654
         laya iter 1 -> best_ONLY_DWT_catboost conf=0.4437 rank=1
         laya iter 2 -> best_ONLY_DWT_catboost conf=0.5942 rank=1
         laya iter 3 -> best_ONLY_DWT_catboost conf=None obs=
         laya iter 4 -> best_ONLY_DWT_catboost conf=None obs=
[  11] best_single    score= 0.6370 origin=agent    iters=5 stop=no new information in 3 consecutive turns
         TEST  smape=0.5972  rmse=10701.2866  pocid=54.55  mape=0.4555
         laya iter 1 -> best_ONLY_DWT_rf conf=0.2017 rank=1
         laya iter 2 -> best_FT_rf conf=0.1328 rank=1
         laya iter 3 -> best_ONLY_DWT_rf conf=0.4427 rank=2
         laya iter 4 -> best_ONLY_DWT_rf conf=None obs=
         laya iter 5 -> best_ONLY_DWT_rf conf=None obs=
[  12] best_single    score= 0.7051 origin=agent    iters=8 stop=no new information in 3 consecutive turns
         TEST  smape=1.4050  rmse=2680.2952  pocid=63.64  mape=6.3910
         laya iter 1 -> best_ARIMA conf=0.416 rank=1
         laya iter 2 -> best_ARIMA conf=0.2577 rank=1
         laya iter 3 -> best_ARIMA conf=None obs=
         laya iter 4 -> best_DWT_catboost conf=0.2673 rank=1
         laya iter 5 -> best_FT_catboost conf=0.6076 rank=1
         laya iter 6 -> best_DWT_catboost conf=0.4592 rank=2
         laya iter 7 -> best_DWT_catboost conf=None obs=
         laya iter 8 -> best_DWT_catboost conf=None obs=
[  13] best_single    score= 0.6034 origin=agent    iters=4 stop=no new information in 3 consecutive turns
         TEST  smape=0.1975  rmse=306.0189  pocid=54.55  mape=0.2209
         laya iter 1 -> best_ONLY_FT_rf conf=0.4234 rank=1
         laya iter 2 -> best_ONLY_FT_rf conf=0.1933 rank=1
         laya iter 3 -> best_ONLY_FT_rf conf=None obs=
         laya iter 4 -> best_ONLY_FT_rf conf=None obs=
[  14] best_single    score= 0.5291 origin=agent    iters=2 stop=laya_accept
         TEST  smape=0.0494  rmse=2068.6967  pocid=63.64  mape=0.0481
         laya iter 1 -> best_ETS conf=0.3219 rank=1
[  15] best_single    score= 0.7224 origin=agent    iters=4 stop=no new information in 3 consecutive turns
         TEST  smape=0.0531  rmse=2846.7288  pocid=27.27  mape=0.0539
         laya iter 1 -> best_ONLY_CWT_rf conf=0.402 rank=1
         laya iter 2 -> best_ONLY_CWT_rf conf=0.1113 rank=1
         laya iter 3 -> best_ONLY_CWT_rf conf=None obs=
         laya iter 4 -> best_ONLY_CWT_rf conf=None obs=
[  16] best_single    score= 0.5103 origin=agent    iters=4 stop=no new information in 3 consecutive turns
         TEST  smape=0.1568  rmse=17349.3700  pocid=72.73  mape=0.1443
         laya iter 1 -> best_FT_rf conf=0.3713 rank=1
         laya iter 2 -> best_FT_rf conf=0.2971 rank=1
         laya iter 3 -> best_FT_rf conf=None obs=
         laya iter 4 -> best_FT_rf conf=None obs=
[  17] best_single    score= 0.6087 origin=agent    iters=7 stop=no new information in 3 consecutive turns
         TEST  smape=0.1678  rmse=144541.9798  pocid=81.82  mape=0.1845
         laya iter 1 -> best_FT_rf conf=0.3129 rank=1
         laya iter 2 -> best_FT_rf conf=0.0667 rank=1
         laya iter 3 -> best_FT_rf conf=None obs=
         laya iter 4 -> best_ONLY_DWT_rf conf=0.2324 rank=1
         laya iter 5 -> best_ONLY_DWT_rf conf=0.5026 rank=1
         laya iter 6 -> best_ONLY_DWT_rf conf=None obs=
         laya iter 7 -> best_ONLY_DWT_rf conf=None obs=
[  18] best_single    score= 0.6320 origin=agent    iters=4 stop=no new information in 3 consecutive turns
         TEST  smape=1.3196  rmse=4617.4047  pocid=45.45  mape=175014548472309344.0000
         laya iter 1 -> best_ONLY_FT_catboost conf=0.5303 rank=1
         laya iter 2 -> best_ONLY_FT_catboost conf=0.302 rank=1
         laya iter 3 -> best_ONLY_FT_catboost conf=None obs=
         laya iter 4 -> best_ONLY_FT_catboost conf=None obs=
[  19] best_single    score= 0.6932 origin=agent    iters=4 stop=no new information in 3 consecutive turns
         TEST  smape=0.2301  rmse=651.3875  pocid=54.55  mape=0.2803
         laya iter 1 -> best_ARIMA conf=0.4044 rank=1
         laya iter 2 -> best_ARIMA conf=0.2719 rank=1
         laya iter 3 -> best_ARIMA conf=None obs=
         laya iter 4 -> best_ARIMA conf=None obs=
[  20] best_single    score= 0.4873 origin=agent    iters=4 stop=no new information in 3 consecutive turns
         TEST  smape=0.2084  rmse=166525.8803  pocid=63.64  mape=0.1880
         laya iter 1 -> best_NaiveMovingAverage conf=0.3175 rank=1
         laya iter 2 -> best_NaiveMovingAverage conf=0.4048 rank=1
         laya iter 3 -> best_NaiveMovingAverage conf=None obs=
         laya iter 4 -> best_NaiveMovingAverage conf=None obs=
[  21] best_single    score= 0.7926 origin=agent    iters=4 stop=laya_accept
         TEST  smape=0.0361  rmse=3397.9581  pocid=63.64  mape=0.0373
         laya iter 1 -> best_ONLY_FT_rf conf=0.3138 rank=1
         laya iter 2 -> best_ONLY_FT_rf conf=0.255 rank=1
         laya iter 3 -> best_ONLY_FT_rf conf=None obs=
[  22] best_single    score= 0.5003 origin=agent    iters=4 stop=no new information in 3 consecutive turns
         TEST  smape=0.2766  rmse=1535.9493  pocid=63.64  mape=0.2913
         laya iter 1 -> best_FT_rf conf=0.7292 rank=1
         laya iter 2 -> best_FT_rf conf=0.2535 rank=1
         laya iter 3 -> best_FT_rf conf=None obs=
         laya iter 4 -> best_FT_rf conf=None obs=
[  23] best_single    score= 0.4531 origin=agent    iters=4 stop=no new information in 3 consecutive turns
         TEST  smape=0.2516  rmse=6610.4004  pocid=90.91  mape=0.2166
         laya iter 1 -> best_ONLY_CWT_rf conf=0.4851 rank=1
         laya iter 2 -> best_ONLY_CWT_rf conf=0.4588 rank=1
         laya iter 3 -> best_ONLY_CWT_rf conf=None obs=
         laya iter 4 -> best_ONLY_CWT_rf conf=None obs=
[  24] best_single    score= 0.6609 origin=agent    iters=4 stop=no new information in 3 consecutive turns
         TEST  smape=0.0522  rmse=8140.1587  pocid=72.73  mape=0.0521
         laya iter 1 -> best_DWT_rf conf=0.3534 rank=1
         laya iter 2 -> best_DWT_rf conf=0.3545 rank=1
         laya iter 3 -> best_DWT_rf conf=None obs=
         laya iter 4 -> best_DWT_rf conf=None obs=
[  25] best_single    score= 0.6415 origin=agent    iters=4 stop=no new information in 3 consecutive turns
         TEST  smape=0.1843  rmse=55.4445  pocid=45.45  mape=0.2084
         laya iter 1 -> best_ONLY_FT_catboost conf=0.2986 rank=1
         laya iter 2 -> best_ONLY_FT_catboost conf=0.266 rank=1
         laya iter 3 -> best_ONLY_FT_catboost conf=None obs=
         laya iter 4 -> best_ONLY_FT_catboost conf=None obs=
[  26] best_single    score= 0.7370 origin=agent    iters=4 stop=no new information in 3 consecutive turns
         TEST  smape=0.6148  rmse=2442.0313  pocid=36.36  mape=0.4673
         laya iter 1 -> best_ONLY_FT_rf conf=0.4183 rank=1
         laya iter 2 -> best_ONLY_FT_rf conf=0.2892 rank=1
         laya iter 3 -> best_ONLY_FT_rf conf=None obs=
         laya iter 4 -> best_ONLY_FT_rf conf=None obs=
[  27] best_single    score= 0.6953 origin=agent    iters=4 stop=no new information in 3 consecutive turns
         TEST  smape=0.3001  rmse=3719.7897  pocid=54.55  mape=0.2535
         laya iter 1 -> best_ONLY_DWT_rf conf=0.3892 rank=1
         laya iter 2 -> best_ONLY_DWT_rf conf=0.1907 rank=1
         laya iter 3 -> best_ONLY_DWT_rf conf=None obs=
         laya iter 4 -> best_ONLY_DWT_rf conf=None obs=
[  28] best_single    score= 0.5756 origin=agent    iters=4 stop=no new information in 3 consecutive turns
         TEST  smape=0.0551  rmse=10350.5907  pocid=63.64  mape=0.0538
         laya iter 1 -> best_ONLY_CWT_catboost conf=0.4552 rank=1
         laya iter 2 -> best_ONLY_CWT_catboost conf=0.6985 rank=1
         laya iter 3 -> best_ONLY_CWT_catboost conf=None obs=
         laya iter 4 -> best_ONLY_CWT_catboost conf=None obs=
[  29] best_single    score= 0.6337 origin=agent    iters=4 stop=no new information in 3 consecutive turns
         TEST  smape=0.2969  rmse=2456.6349  pocid=63.64  mape=0.2516
         laya iter 1 -> best_ONLY_DWT_rf conf=0.3555 rank=1
         laya iter 2 -> best_ONLY_DWT_rf conf=0.1942 rank=1
         laya iter 3 -> best_ONLY_DWT_rf conf=None obs=
         laya iter 4 -> best_ONLY_DWT_rf conf=None obs=
[  30] best_single    score= 0.7287 origin=agent    iters=4 stop=no new information in 3 consecutive turns
         TEST  smape=0.1469  rmse=234.5947  pocid=90.91  mape=0.1518
         laya iter 1 -> best_FT_catboost conf=0.4296 rank=1
         laya iter 2 -> best_FT_catboost conf=0.3506 rank=1
         laya iter 3 -> best_FT_catboost conf=None obs=
         laya iter 4 -> best_FT_catboost conf=None obs=
[  31] best_single    score= 0.6667 origin=agent    iters=4 stop=no new information in 3 consecutive turns
         TEST  smape=0.4807  rmse=20.9528  pocid=63.64  mape=0.7808
         laya iter 1 -> best_ONLY_FT_catboost conf=0.3439 rank=1
         laya iter 2 -> best_ONLY_FT_catboost conf=0.3412 rank=1
         laya iter 3 -> best_ONLY_FT_catboost conf=None obs=
         laya iter 4 -> best_ONLY_FT_catboost conf=None obs=
[  32] best_single    score= 0.6442 origin=agent    iters=3 stop=laya_accept
         TEST  smape=1.2371  rmse=330.3075  pocid=63.64  mape=0.7366
         laya iter 1 -> best_NaiveMovingAverage conf=0.4162 rank=1
         laya iter 2 -> best_NaiveMovingAverage conf=0.263 rank=1
[  33] best_single    score= 0.6858 origin=agent    iters=4 stop=no new information in 3 consecutive turns
         TEST  smape=0.0628  rmse=65.2448  pocid=54.55  mape=0.0604
         laya iter 1 -> best_ONLY_CWT_rf conf=0.432 rank=1
         laya iter 2 -> best_ONLY_CWT_rf conf=0.2775 rank=1
         laya iter 3 -> best_ONLY_CWT_rf conf=None obs=
         laya iter 4 -> best_ONLY_CWT_rf conf=None obs=
[  34] best_single    score= 0.6845 origin=agent    iters=4 stop=no new information in 3 consecutive turns
         TEST  smape=0.0566  rmse=604.7872  pocid=63.64  mape=0.0558
         laya iter 1 -> best_DWT_catboost conf=0.5342 rank=1
         laya iter 2 -> best_DWT_catboost conf=0.3089 rank=1
         laya iter 3 -> best_DWT_catboost conf=None obs=
         laya iter 4 -> best_DWT_catboost conf=None obs=
[  35] best_single    score= 0.6984 origin=agent    iters=2 stop=laya_accept
         TEST  smape=0.2159  rmse=100.8961  pocid=45.45  mape=0.2298
         laya iter 1 -> best_FT_rf conf=0.3676 rank=1
[  36] best_single    score= 0.6903 origin=agent    iters=2 stop=laya_accept
         TEST  smape=0.0826  rmse=27562.9438  pocid=81.82  mape=0.0860
         laya iter 1 -> best_ONLY_DWT_rf conf=0.5886 rank=1
[  37] best_single    score= 0.6588 origin=agent    iters=2 stop=laya_accept
         TEST  smape=0.2652  rmse=69.8879  pocid=54.55  mape=0.2794
         laya iter 1 -> best_FT_rf conf=0.3511 rank=1
[  38] median         score= 0.6565 origin=agent    iters=5 stop=no new information in 3 consecutive turns
         TEST  smape=0.7063  rmse=5027.7644  pocid=72.73  mape=0.5156
         laya iter 1 -> best_ONLY_FT_rf conf=0.5166 rank=1
         laya iter 2 -> median_stable7 conf=0.1568 rank=1
         laya iter 3 -> best_ONLY_FT_rf conf=0.3582 rank=2
         laya iter 4 -> best_ONLY_FT_rf conf=None obs=
         laya iter 5 -> best_ONLY_FT_rf conf=None obs=
[  39] best_single    score= 0.6230 origin=agent    iters=5 stop=no new information in 3 consecutive turns
         TEST  smape=0.0506  rmse=6325.9683  pocid=63.64  mape=0.0524
         laya iter 1 -> best_ONLY_CWT_rf conf=0.4178 rank=1
         laya iter 2 -> best_ONLY_DWT_rf conf=0.1028 rank=1
         laya iter 3 -> best_ONLY_CWT_rf conf=0.4971 rank=2
         laya iter 4 -> best_ONLY_CWT_rf conf=None obs=
         laya iter 5 -> best_ONLY_CWT_rf conf=None obs=
[  40] best_single    score= 0.7208 origin=agent    iters=4 stop=no new information in 3 consecutive turns
         TEST  smape=0.0530  rmse=8890.4290  pocid=63.64  mape=0.0554
         laya iter 1 -> best_ONLY_CWT_rf conf=0.1964 rank=1
         laya iter 2 -> best_ONLY_CWT_rf conf=0.5077 rank=1
         laya iter 3 -> best_ONLY_CWT_rf conf=None obs=
         laya iter 4 -> best_ONLY_CWT_rf conf=None obs=
[  41] best_single    score= 0.5417 origin=agent    iters=5 stop=no new information in 3 consecutive turns
         TEST  smape=0.1601  rmse=11464.7557  pocid=54.55  mape=0.1465
         laya iter 1 -> best_ONLY_DWT_rf conf=0.5982 rank=1
         laya iter 2 -> best_FT_catboost conf=0.3097 rank=1
         laya iter 3 -> best_ONLY_DWT_rf conf=0.6793 rank=2
         laya iter 4 -> best_ONLY_DWT_rf conf=None obs=
         laya iter 5 -> best_ONLY_DWT_rf conf=None obs=
[  42] best_single    score= 0.6738 origin=agent    iters=4 stop=no new information in 3 consecutive turns
         TEST  smape=0.2867  rmse=6.0480  pocid=18.18  mape=0.3264
         laya iter 1 -> best_ARIMA conf=0.3272 rank=1
         laya iter 2 -> best_ARIMA conf=0.455 rank=1
         laya iter 3 -> best_ARIMA conf=None obs=
         laya iter 4 -> best_ARIMA conf=None obs=
[  43] best_single    score= 0.5327 origin=agent    iters=4 stop=no new information in 3 consecutive turns
         TEST  smape=0.0972  rmse=1577.9697  pocid=54.55  mape=0.0966
         laya iter 1 -> best_ONLY_CWT_rf conf=0.236 rank=1
         laya iter 2 -> best_ONLY_CWT_rf conf=0.3331 rank=1
         laya iter 3 -> best_ONLY_CWT_rf conf=None obs=
         laya iter 4 -> best_ONLY_CWT_rf conf=None obs=
[  44] best_single    score= 0.6606 origin=agent    iters=4 stop=no new information in 3 consecutive turns
         TEST  smape=0.5891  rmse=4845.1696  pocid=54.55  mape=1.2415
         laya iter 1 -> best_FT_catboost conf=0.3264 rank=1
         laya iter 2 -> best_FT_catboost conf=0.3483 rank=1
         laya iter 3 -> best_FT_catboost conf=None obs=
         laya iter 4 -> best_FT_catboost conf=None obs=
[  45] best_single    score= 0.5014 origin=agent    iters=4 stop=no new information in 3 consecutive turns
         TEST  smape=0.3127  rmse=5445.2251  pocid=36.36  mape=0.2611
         laya iter 1 -> best_ONLY_FT_rf conf=0.4829 rank=1
         laya iter 2 -> best_ONLY_FT_rf conf=0.1678 rank=1
         laya iter 3 -> best_ONLY_FT_rf conf=None obs=
         laya iter 4 -> best_ONLY_FT_rf conf=None obs=
[  46] best_single    score= 0.6534 origin=agent    iters=4 stop=no new information in 3 consecutive turns
         TEST  smape=0.1406  rmse=15158.2571  pocid=45.45  mape=0.1607
         laya iter 1 -> best_ONLY_FT_catboost conf=0.3649 rank=1
         laya iter 2 -> best_ONLY_FT_catboost conf=0.2879 rank=1
         laya iter 3 -> best_ONLY_FT_catboost conf=None obs=
         laya iter 4 -> best_ONLY_FT_catboost conf=None obs=
[  47] best_single    score= 0.4558 origin=agent    iters=5 stop=no new information in 3 consecutive turns
         TEST  smape=0.1294  rmse=394.2491  pocid=81.82  mape=0.1445
         laya iter 1 -> best_ONLY_DWT_rf conf=0.3483 rank=1
         laya iter 2 -> best_ETS conf=0.2034 rank=1
         laya iter 3 -> best_ONLY_DWT_rf conf=0.3398 rank=2
         laya iter 4 -> best_ONLY_DWT_rf conf=None obs=
         laya iter 5 -> best_ONLY_DWT_rf conf=None obs=
[  48] best_single    score= 0.5721 origin=agent    iters=6 stop=no new information in 3 consecutive turns
         TEST  smape=0.3075  rmse=367.5940  pocid=45.45  mape=0.2532
         laya iter 1 -> best_ONLY_CWT_catboost conf=0.3533 rank=1
         laya iter 2 -> best_ONLY_CWT_catboost conf=0.4669 rank=1
         laya iter 3 -> best_ONLY_DWT_rf conf=0.2228 rank=1
         laya iter 4 -> best_ONLY_CWT_catboost conf=None obs=
         laya iter 5 -> best_ONLY_CWT_catboost conf=None obs=
         laya iter 6 -> best_ONLY_CWT_catboost conf=None obs=
[  49] best_single    score= 0.6623 origin=agent    iters=4 stop=no new information in 3 consecutive turns
         TEST  smape=0.2062  rmse=2125.8707  pocid=54.55  mape=0.1737
         laya iter 1 -> best_FT_rf conf=0.3938 rank=1
         laya iter 2 -> best_FT_rf conf=0.2414 rank=1
         laya iter 3 -> best_FT_rf conf=None obs=
         laya iter 4 -> best_FT_rf conf=None obs=
[  50] best_single    score= 0.6764 origin=agent    iters=2 stop=laya_accept
         TEST  smape=0.1173  rmse=92.4332  pocid=54.55  mape=0.1127
         laya iter 1 -> best_FT_rf conf=0.4876 rank=1
[  51] best_single    score= 0.6595 origin=agent    iters=4 stop=no new information in 3 consecutive turns
         TEST  smape=0.1800  rmse=8.1081  pocid=72.73  mape=0.1938
         laya iter 1 -> best_ONLY_FT_rf conf=0.2159 rank=1
         laya iter 2 -> best_ONLY_FT_rf conf=0.1011 rank=1
         laya iter 3 -> best_ONLY_FT_rf conf=None obs=
         laya iter 4 -> best_ONLY_FT_rf conf=None obs=
[  52] best_single    score= 0.5741 origin=agent    iters=4 stop=no new information in 3 consecutive turns
         TEST  smape=0.1559  rmse=3545.5448  pocid=63.64  mape=0.1664
         laya iter 1 -> best_ONLY_FT_catboost conf=0.4828 rank=1
         laya iter 2 -> best_ONLY_FT_catboost conf=0.4112 rank=1
         laya iter 3 -> best_ONLY_FT_catboost conf=None obs=
         laya iter 4 -> best_ONLY_FT_catboost conf=None obs=
[  53] best_single    score= 0.6975 origin=agent    iters=4 stop=no new information in 3 consecutive turns
         TEST  smape=0.0843  rmse=1920.4376  pocid=72.73  mape=0.0801
         laya iter 1 -> best_ONLY_DWT_rf conf=0.4601 rank=1
         laya iter 2 -> best_ONLY_DWT_rf conf=0.2998 rank=1
         laya iter 3 -> best_ONLY_DWT_rf conf=None obs=
         laya iter 4 -> best_ONLY_DWT_rf conf=None obs=
[  54] best_single    score= 0.5629 origin=agent    iters=4 stop=no new information in 3 consecutive turns
         TEST  smape=0.2401  rmse=1510.5177  pocid=63.64  mape=0.2071
         laya iter 1 -> best_ONLY_FT_catboost conf=0.3292 rank=1
         laya iter 2 -> best_ONLY_FT_catboost conf=0.2059 rank=1
         laya iter 3 -> best_ONLY_FT_catboost conf=None obs=
         laya iter 4 -> best_ONLY_FT_catboost conf=None obs=
[  55] best_single    score= 0.5727 origin=agent    iters=2 stop=laya_accept
         TEST  smape=0.1513  rmse=874.7692  pocid=54.55  mape=0.1352
         laya iter 1 -> best_ONLY_FT_rf conf=0.2812 rank=1
[  56] best_single    score= 0.6474 origin=agent    iters=4 stop=no new information in 3 consecutive turns
         TEST  smape=0.1766  rmse=355.4655  pocid=63.64  mape=0.1798
         laya iter 1 -> best_ONLY_CWT_rf conf=0.3389 rank=1
         laya iter 2 -> best_ONLY_CWT_rf conf=0.3364 rank=1
         laya iter 3 -> best_ONLY_CWT_rf conf=None obs=
         laya iter 4 -> best_ONLY_CWT_rf conf=None obs=
[  57] best_single    score= 0.6220 origin=agent    iters=7 stop=no new information in 3 consecutive turns
         TEST  smape=0.3284  rmse=5757.8613  pocid=63.64  mape=0.3114
         laya iter 1 -> best_ONLY_CWT_rf conf=0.2338 rank=1
         laya iter 2 -> best_ONLY_CWT_rf conf=0.4284 rank=1
         laya iter 3 -> best_ONLY_CWT_rf conf=None obs=
         laya iter 4 -> best_FT_rf conf=0.343 rank=2
         laya iter 5 -> best_FT_rf conf=0.3682 rank=2
         laya iter 6 -> best_FT_rf conf=None obs=
         laya iter 7 -> best_FT_rf conf=None obs=
[  58] best_single    score= 0.6859 origin=agent    iters=5 stop=no new information in 3 consecutive turns
         TEST  smape=0.1706  rmse=84.1707  pocid=72.73  mape=0.1633
         laya iter 1 -> best_ONLY_DWT_catboost conf=0.5744 rank=1
         laya iter 2 -> best_ONLY_CWT_catboost conf=0.6419 rank=1
         laya iter 3 -> best_ONLY_CWT_catboost conf=0.6407 rank=1
         laya iter 4 -> best_ONLY_CWT_catboost conf=None obs=
         laya iter 5 -> best_ONLY_CWT_catboost conf=None obs=
[  59] best_single    score= 0.7151 origin=agent    iters=5 stop=no new information in 3 consecutive turns
         TEST  smape=0.2322  rmse=1929.6516  pocid=27.27  mape=0.2060
         laya iter 1 -> best_ONLY_FT_catboost conf=0.3873 rank=1
         laya iter 2 -> best_THETA conf=0.4057 rank=1
         laya iter 3 -> best_ONLY_FT_catboost conf=0.4989 rank=2
         laya iter 4 -> best_ONLY_FT_catboost conf=None obs=
         laya iter 5 -> best_ONLY_FT_catboost conf=None obs=
[  60] best_single    score= 0.6435 origin=agent    iters=4 stop=no new information in 3 consecutive turns
         TEST  smape=0.0313  rmse=4647.3382  pocid=72.73  mape=0.0318
         laya iter 1 -> best_ONLY_CWT_rf conf=0.3703 rank=1
         laya iter 2 -> best_ONLY_CWT_rf conf=0.2411 rank=1
         laya iter 3 -> best_ONLY_CWT_rf conf=None obs=
         laya iter 4 -> best_ONLY_CWT_rf conf=None obs=
[  61] best_single    score= 0.7447 origin=agent    iters=2 stop=laya_accept
         TEST  smape=0.3671  rmse=8172.9070  pocid=54.55  mape=0.3043
         laya iter 1 -> best_rf conf=0.3795 rank=1
[  62] best_single    score= 0.6809 origin=agent    iters=7 stop=no new information in 3 consecutive turns
         TEST  smape=0.1307  rmse=18514.3754  pocid=81.82  mape=0.1416
         laya iter 1 -> best_ONLY_CWT_catboost conf=0.3463 rank=1
         laya iter 2 -> best_ONLY_CWT_catboost conf=0.3489 rank=1
         laya iter 3 -> best_ONLY_CWT_catboost conf=None obs=
         laya iter 4 -> best_ONLY_DWT_catboost conf=0.3184 rank=1
         laya iter 5 -> best_ONLY_DWT_catboost conf=0.4026 rank=1
         laya iter 6 -> best_ONLY_DWT_catboost conf=None obs=
         laya iter 7 -> best_ONLY_DWT_catboost conf=None obs=
[  63] best_single    score= 0.5884 origin=agent    iters=7 stop=no new information in 3 consecutive turns
         TEST  smape=0.3408  rmse=4795.8434  pocid=54.55  mape=0.2875
         laya iter 1 -> best_ONLY_FT_catboost conf=0.2867 rank=1
         laya iter 2 -> best_ONLY_FT_catboost conf=0.3586 rank=1
         laya iter 3 -> best_ONLY_FT_catboost conf=None obs=
         laya iter 4 -> best_ONLY_FT_rf conf=0.3926 rank=2
         laya iter 5 -> best_ONLY_FT_catboost conf=None obs=
         laya iter 6 -> best_ONLY_FT_catboost conf=None obs=
         laya iter 7 -> best_ONLY_FT_catboost conf=None obs=
[  64] best_single    score= 0.6147 origin=agent    iters=5 stop=no new information in 3 consecutive turns
         TEST  smape=0.4975  rmse=29.4514  pocid=90.91  mape=0.6124
         laya iter 1 -> best_FT_rf conf=0.3765 rank=1
         laya iter 2 -> best_ONLY_DWT_rf conf=0.2184 rank=1
         laya iter 3 -> best_ONLY_DWT_rf conf=0.4624 rank=1
         laya iter 4 -> best_ONLY_DWT_rf conf=None obs=
         laya iter 5 -> best_ONLY_DWT_rf conf=None obs=
[  65] best_single    score= 0.5248 origin=agent    iters=3 stop=laya_accept
         TEST  smape=0.0746  rmse=6862.5842  pocid=72.73  mape=0.0787
         laya iter 1 -> best_FT_catboost conf=0.532 rank=1
         laya iter 2 -> best_ETS conf=0.2634 rank=1
[  66] best_single    score= 0.5572 origin=agent    iters=2 stop=laya_accept
         TEST  smape=0.4399  rmse=24713.5621  pocid=27.27  mape=0.7421
         laya iter 1 -> best_FT_rf conf=0.5555 rank=1
[  67] best_single    score= 0.7252 origin=agent    iters=4 stop=no new information in 3 consecutive turns
         TEST  smape=0.0485  rmse=972.8970  pocid=45.45  mape=0.0499
         laya iter 1 -> best_ONLY_CWT_rf conf=0.4248 rank=1
         laya iter 2 -> best_ONLY_CWT_rf conf=0.2999 rank=1
         laya iter 3 -> best_ONLY_CWT_rf conf=None obs=
         laya iter 4 -> best_ONLY_CWT_rf conf=None obs=
[  68] best_single    score= 0.7698 origin=agent    iters=4 stop=no new information in 3 consecutive turns
         TEST  smape=0.1273  rmse=8603.3534  pocid=63.64  mape=0.1376
         laya iter 1 -> best_ONLY_FT_rf conf=0.45 rank=1
         laya iter 2 -> best_ONLY_FT_rf conf=0.1889 rank=1
         laya iter 3 -> best_ONLY_FT_rf conf=None obs=
         laya iter 4 -> best_ONLY_FT_rf conf=None obs=
[  69] best_single    score= 0.5607 origin=agent    iters=2 stop=laya_accept
         TEST  smape=0.9291  rmse=1635.2867  pocid=81.82  mape=1.2997
         laya iter 1 -> best_ONLY_FT_rf conf=0.688 rank=1
[  70] best_single    score= 0.6641 origin=agent    iters=4 stop=no new information in 3 consecutive turns
         TEST  smape=0.1232  rmse=5523.7034  pocid=63.64  mape=0.1167
         laya iter 1 -> best_ONLY_DWT_rf conf=0.4352 rank=1
         laya iter 2 -> best_ONLY_DWT_rf conf=0.2966 rank=1
         laya iter 3 -> best_ONLY_DWT_rf conf=None obs=
         laya iter 4 -> best_ONLY_DWT_rf conf=None obs=
[  71] best_single    score= 0.6913 origin=agent    iters=4 stop=no new information in 3 consecutive turns
         TEST  smape=0.2581  rmse=6848.1935  pocid=45.45  mape=0.2095
         laya iter 1 -> best_ONLY_DWT_rf conf=0.4269 rank=1
         laya iter 2 -> best_ONLY_DWT_rf conf=0.1161 rank=1
         laya iter 3 -> best_ONLY_DWT_rf conf=None obs=
         laya iter 4 -> best_ONLY_DWT_rf conf=None obs=
[  72] best_single    score= 0.8065 origin=agent    iters=4 stop=no new information in 3 consecutive turns
         TEST  smape=0.0426  rmse=15845.6388  pocid=63.64  mape=0.0416
         laya iter 1 -> best_ONLY_FT_rf conf=0.4612 rank=1
         laya iter 2 -> best_ONLY_FT_rf conf=0.1156 rank=1
         laya iter 3 -> best_ONLY_FT_rf conf=None obs=
         laya iter 4 -> best_ONLY_FT_rf conf=None obs=
[  73] best_single    score= 0.7079 origin=agent    iters=2 stop=laya_accept
         TEST  smape=0.0961  rmse=43243.8903  pocid=72.73  mape=0.1031
         laya iter 1 -> best_ONLY_DWT_catboost conf=0.5414 rank=1
[  74] best_single    score= 0.6221 origin=agent    iters=4 stop=no new information in 3 consecutive turns
         TEST  smape=0.1235  rmse=7302.4323  pocid=36.36  mape=0.1336
         laya iter 1 -> best_ONLY_CWT_rf conf=0.6277 rank=1
         laya iter 2 -> best_ONLY_CWT_rf conf=0.2187 rank=1
         laya iter 3 -> best_ONLY_CWT_rf conf=None obs=
         laya iter 4 -> best_ONLY_CWT_rf conf=None obs=
[  75] best_single    score= 0.6834 origin=agent    iters=4 stop=no new information in 3 consecutive turns
         TEST  smape=0.0824  rmse=1197.2319  pocid=72.73  mape=0.0815
         laya iter 1 -> best_ONLY_CWT_catboost conf=0.4954 rank=1
         laya iter 2 -> best_ONLY_CWT_catboost conf=0.3083 rank=1
         laya iter 3 -> best_ONLY_CWT_catboost conf=None obs=
         laya iter 4 -> best_ONLY_CWT_catboost conf=None obs=
[  76] best_single    score= 0.4201 origin=agent    iters=5 stop=no new information in 3 consecutive turns
         TEST  smape=0.0460  rmse=10774.4965  pocid=63.64  mape=0.0451
         laya iter 1 -> best_THETA conf=0.3308 rank=1
         laya iter 2 -> best_ETS conf=0.3378 rank=1
         laya iter 3 -> best_THETA conf=0.3705 rank=2
         laya iter 4 -> best_THETA conf=None obs=
         laya iter 5 -> best_THETA conf=None obs=
[  77] best_single    score= 0.5552 origin=agent    iters=4 stop=no new information in 3 consecutive turns
         TEST  smape=1.0947  rmse=809.5953  pocid=63.64  mape=5.8972
         laya iter 1 -> best_ONLY_FT_catboost conf=0.3935 rank=1
         laya iter 2 -> best_ONLY_FT_catboost conf=0.4311 rank=1
         laya iter 3 -> best_ONLY_FT_catboost conf=None obs=
         laya iter 4 -> best_ONLY_FT_catboost conf=None obs=
[  78] best_single    score= 0.6574 origin=agent    iters=4 stop=no new information in 3 consecutive turns
         TEST  smape=0.3984  rmse=25.9351  pocid=45.45  mape=0.6224
         laya iter 1 -> best_ONLY_CWT_catboost conf=0.3651 rank=1
         laya iter 2 -> best_ONLY_CWT_catboost conf=0.2996 rank=1
         laya iter 3 -> best_ONLY_CWT_catboost conf=None obs=
         laya iter 4 -> best_ONLY_CWT_catboost conf=None obs=
[  79] best_single    score= 0.5894 origin=agent    iters=4 stop=no new information in 3 consecutive turns
         TEST  smape=0.0660  rmse=19801.2922  pocid=72.73  mape=0.0684
         laya iter 1 -> best_FT_rf conf=0.3459 rank=1
         laya iter 2 -> best_FT_rf conf=0.2207 rank=1
         laya iter 3 -> best_FT_rf conf=None obs=
         laya iter 4 -> best_FT_rf conf=None obs=
[  80] best_single    score= 0.5468 origin=agent    iters=4 stop=no new information in 3 consecutive turns
         TEST  smape=0.4260  rmse=32320.8086  pocid=45.45  mape=0.3504
         laya iter 1 -> best_NaiveMovingAverage conf=0.2633 rank=1
         laya iter 2 -> best_NaiveMovingAverage conf=0.3293 rank=1
         laya iter 3 -> best_NaiveMovingAverage conf=None obs=
         laya iter 4 -> best_NaiveMovingAverage conf=None obs=
[  81] best_single    score= 0.7041 origin=agent    iters=4 stop=no new information in 3 consecutive turns
         TEST  smape=0.3252  rmse=1475.4654  pocid=54.55  mape=0.3946
         laya iter 1 -> best_ONLY_FT_catboost conf=0.2629 rank=1
         laya iter 2 -> best_ONLY_FT_catboost conf=0.2344 rank=1
         laya iter 3 -> best_ONLY_FT_catboost conf=None obs=
         laya iter 4 -> best_ONLY_FT_catboost conf=None obs=
[  82] best_single    score= 0.6250 origin=agent    iters=4 stop=no new information in 3 consecutive turns
         TEST  smape=0.5854  rmse=26.4483  pocid=27.27  mape=0.8273
         laya iter 1 -> best_ONLY_FT_catboost conf=0.5703 rank=1
         laya iter 2 -> best_ONLY_FT_catboost conf=0.2749 rank=1
         laya iter 3 -> best_ONLY_FT_catboost conf=None obs=
         laya iter 4 -> best_ONLY_FT_catboost conf=None obs=
[  83] best_single    score= 0.7060 origin=agent    iters=4 stop=no new information in 3 consecutive turns
         TEST  smape=0.0474  rmse=3338.2324  pocid=81.82  mape=0.0472
         laya iter 1 -> best_NaiveMovingAverage conf=0.2406 rank=1
         laya iter 2 -> best_NaiveMovingAverage conf=0.3904 rank=1
         laya iter 3 -> best_NaiveMovingAverage conf=None obs=
         laya iter 4 -> best_NaiveMovingAverage conf=None obs=
[  84] best_single    score= 0.4971 origin=agent    iters=4 stop=no new information in 3 consecutive turns
         TEST  smape=0.0314  rmse=1382.1013  pocid=63.64  mape=0.0311
         laya iter 1 -> best_THETA conf=0.4761 rank=1
         laya iter 2 -> best_THETA conf=0.2786 rank=1
         laya iter 3 -> best_THETA conf=None obs=
         laya iter 4 -> best_THETA conf=None obs=
[  85] best_single    score= 0.6898 origin=agent    iters=2 stop=laya_accept
         TEST  smape=1.3897  rmse=50.9118  pocid=72.73  mape=68487844237277352.0000
         laya iter 1 -> best_ONLY_DWT_rf conf=0.236 rank=1
[  86] best_single    score= 0.8258 origin=agent    iters=2 stop=laya_accept
         TEST  smape=0.6740  rmse=2298.3680  pocid=45.45  mape=0.6046
         laya iter 1 -> best_ONLY_CWT_rf conf=0.4344 rank=1
[  87] best_single    score= 0.6843 origin=agent    iters=4 stop=no new information in 3 consecutive turns
         TEST  smape=0.0321  rmse=6028.4407  pocid=72.73  mape=0.0325
         laya iter 1 -> best_ONLY_CWT_catboost conf=0.3272 rank=1
         laya iter 2 -> best_ONLY_CWT_catboost conf=0.2817 rank=1
         laya iter 3 -> best_ONLY_CWT_catboost conf=None obs=
         laya iter 4 -> best_ONLY_CWT_catboost conf=None obs=
[  88] best_single    score= 0.5538 origin=agent    iters=7 stop=no new information in 3 consecutive turns
         TEST  smape=0.0971  rmse=2009.0050  pocid=54.55  mape=0.0939
         laya iter 1 -> best_ONLY_FT_catboost conf=0.2705 rank=1
         laya iter 2 -> best_ONLY_FT_catboost conf=0.2182 rank=1
         laya iter 3 -> best_ONLY_FT_catboost conf=None obs=
         laya iter 4 -> best_FT_catboost conf=0.465 rank=1
         laya iter 5 -> best_FT_catboost conf=0.7299 rank=1
         laya iter 6 -> best_ONLY_FT_catboost conf=None obs=
         laya iter 7 -> best_ONLY_FT_catboost conf=None obs=
[  89] best_single    score= 0.6024 origin=agent    iters=7 stop=no new information in 3 consecutive turns
         TEST  smape=0.3604  rmse=4399.5600  pocid=27.27  mape=0.5619
         laya iter 1 -> best_ARIMA conf=0.3558 rank=1
         laya iter 2 -> best_ARIMA conf=0.3423 rank=1
         laya iter 3 -> best_ARIMA conf=None obs=
         laya iter 4 -> best_ONLY_FT_catboost conf=0.2178 rank=1
         laya iter 5 -> best_ONLY_FT_catboost conf=0.3524 rank=1
         laya iter 6 -> best_ONLY_FT_catboost conf=None obs=
         laya iter 7 -> best_ONLY_FT_catboost conf=None obs=
[  90] best_single    score= 0.6022 origin=agent    iters=4 stop=no new information in 3 consecutive turns
         TEST  smape=0.9613  rmse=840.7238  pocid=81.82  mape=0.6178
         laya iter 1 -> best_FT_rf conf=0.6812 rank=1
         laya iter 2 -> best_FT_rf conf=0.1154 rank=1
         laya iter 3 -> best_FT_rf conf=None obs=
         laya iter 4 -> best_FT_rf conf=None obs=
[  91] best_single    score= 0.8036 origin=agent    iters=2 stop=laya_accept
         TEST  smape=0.0639  rmse=1246.5296  pocid=54.55  mape=0.0668
         laya iter 1 -> best_FT_rf conf=0.4494 rank=1
[  92] best_single    score= 0.6552 origin=agent    iters=4 stop=no new information in 3 consecutive turns
         TEST  smape=0.5901  rmse=18.4042  pocid=45.45  mape=11008334350172332.0000
         laya iter 1 -> best_ONLY_CWT_rf conf=0.4046 rank=1
         laya iter 2 -> best_ONLY_CWT_rf conf=0.3727 rank=1
         laya iter 3 -> best_ONLY_CWT_rf conf=None obs=
         laya iter 4 -> best_ONLY_CWT_rf conf=None obs=
[  93] best_single    score= 0.7124 origin=agent    iters=2 stop=laya_accept
         TEST  smape=0.4834  rmse=44.1358  pocid=45.45  mape=0.4888
         laya iter 1 -> best_ONLY_FT_rf conf=0.4483 rank=1
[  94] best_single    score= 0.7832 origin=agent    iters=4 stop=no new information in 3 consecutive turns
         TEST  smape=0.0387  rmse=4448.2465  pocid=54.55  mape=0.0397
         laya iter 1 -> best_ONLY_CWT_rf conf=0.427 rank=1
         laya iter 2 -> best_ONLY_CWT_rf conf=0.2424 rank=1
         laya iter 3 -> best_ONLY_CWT_rf conf=None obs=
         laya iter 4 -> best_ONLY_CWT_rf conf=None obs=
[  95] best_single    score= 0.6409 origin=agent    iters=4 stop=no new information in 3 consecutive turns
         TEST  smape=0.0458  rmse=2339.6628  pocid=36.36  mape=0.0474
         laya iter 1 -> best_ONLY_CWT_catboost conf=0.3559 rank=1
         laya iter 2 -> best_ONLY_CWT_catboost conf=0.152 rank=1
         laya iter 3 -> best_ONLY_CWT_catboost conf=None obs=
         laya iter 4 -> best_ONLY_CWT_catboost conf=None obs=
[  96] best_single    score= 0.6830 origin=agent    iters=4 stop=no new information in 3 consecutive turns
         TEST  smape=0.0522  rmse=3680.4116  pocid=63.64  mape=0.0549
         laya iter 1 -> best_ONLY_CWT_rf conf=0.3771 rank=1
         laya iter 2 -> best_ONLY_CWT_rf conf=0.2374 rank=1
         laya iter 3 -> best_ONLY_CWT_rf conf=None obs=
         laya iter 4 -> best_ONLY_CWT_rf conf=None obs=
[  97] best_single    score= 0.6302 origin=agent    iters=7 stop=no new information in 3 consecutive turns
         TEST  smape=0.0465  rmse=772.1379  pocid=81.82  mape=0.0485
         laya iter 1 -> best_ONLY_DWT_catboost conf=0.7002 rank=1
         laya iter 2 -> best_ONLY_DWT_catboost conf=0.3426 rank=1
         laya iter 3 -> best_ONLY_DWT_catboost conf=None obs=
         laya iter 4 -> best_FT_rf conf=0.3292 rank=2
         laya iter 5 -> best_FT_rf conf=0.4466 rank=2
         laya iter 6 -> best_FT_rf conf=None obs=
         laya iter 7 -> best_FT_rf conf=None obs=
[  98] best_single    score= 0.6543 origin=agent    iters=6 stop=no new information in 3 consecutive turns
         TEST  smape=0.3492  rmse=23.3770  pocid=36.36  mape=0.3856
         laya iter 1 -> best_ONLY_CWT_catboost conf=0.4246 rank=1
         laya iter 2 -> best_ONLY_CWT_catboost conf=0.5275 rank=1
         laya iter 3 -> best_DWT_catboost conf=0.5099 rank=1
         laya iter 4 -> best_ONLY_CWT_catboost conf=None obs=
         laya iter 5 -> best_ONLY_CWT_catboost conf=None obs=
         laya iter 6 -> best_ONLY_CWT_catboost conf=None obs=
[  99] best_single    score= 0.7482 origin=agent    iters=5 stop=no new information in 3 consecutive turns
         TEST  smape=0.0677  rmse=25394.8332  pocid=18.18  mape=0.0681
         laya iter 1 -> best_ONLY_FT_catboost conf=0.2519 rank=1
         laya iter 2 -> best_ONLY_FT_rf conf=0.1494 rank=1
         laya iter 3 -> best_ONLY_FT_rf conf=0.1465 rank=1
         laya iter 4 -> best_ONLY_FT_catboost conf=0.1486 rank=2
         laya iter 5 -> best_ONLY_FT_catboost conf=None obs=
[ 100] best_single    score= 0.6453 origin=agent    iters=4 stop=no new information in 3 consecutive turns
         TEST  smape=0.1429  rmse=2013.2417  pocid=45.45  mape=0.1460
         laya iter 1 -> best_FT_catboost conf=0.4895 rank=1
         laya iter 2 -> best_FT_catboost conf=0.3192 rank=1
         laya iter 3 -> best_FT_catboost conf=None obs=
         laya iter 4 -> best_FT_catboost conf=None obs=
[ 101] best_single    score= 0.5686 origin=agent    iters=4 stop=no new information in 3 consecutive turns
         TEST  smape=0.5131  rmse=2004.9367  pocid=18.18  mape=0.4026
         laya iter 1 -> best_ONLY_CWT_catboost conf=0.5195 rank=1
         laya iter 2 -> best_ONLY_CWT_catboost conf=0.7083 rank=1
         laya iter 3 -> best_ONLY_CWT_catboost conf=None obs=
         laya iter 4 -> best_ONLY_CWT_catboost conf=None obs=
[ 102] best_single    score= 0.6202 origin=agent    iters=4 stop=no new information in 3 consecutive turns
         TEST  smape=0.4452  rmse=10725.8392  pocid=54.55  mape=0.3463
         laya iter 1 -> best_FT_rf conf=0.3052 rank=1
         laya iter 2 -> best_FT_rf conf=0.1352 rank=1
         laya iter 3 -> best_FT_rf conf=None obs=
         laya iter 4 -> best_FT_rf conf=None obs=
[ 103] best_single    score= 0.5378 origin=agent    iters=5 stop=no new information in 3 consecutive turns
         TEST  smape=0.0282  rmse=8410.9579  pocid=72.73  mape=0.0282
         laya iter 1 -> best_CWT_rf conf=0.5867 rank=1
         laya iter 2 -> best_FT_rf conf=0.2798 rank=1
         laya iter 3 -> best_FT_rf conf=0.348 rank=1
         laya iter 4 -> best_FT_rf conf=None obs=
         laya iter 5 -> best_FT_rf conf=None obs=
[ 104] best_single    score= 0.4175 origin=agent    iters=2 stop=laya_accept
         TEST  smape=0.6327  rmse=6.1996  pocid=45.45  mape=13123752557061846.0000
         laya iter 1 -> best_ONLY_FT_rf conf=0.4495 rank=1
[ 105] best_single    score= 0.6244 origin=agent    iters=5 stop=no new information in 3 consecutive turns
         TEST  smape=0.0410  rmse=347.0793  pocid=54.55  mape=0.0404
         laya iter 1 -> best_ONLY_CWT_rf conf=0.5221 rank=1
         laya iter 2 -> best_ONLY_CWT_catboost conf=0.2017 rank=1
         laya iter 3 -> best_ONLY_CWT_catboost conf=0.2723 rank=1
         laya iter 4 -> best_ONLY_CWT_rf conf=0.3645 rank=2
         laya iter 5 -> best_ONLY_CWT_rf conf=None obs=
[ 106] best_single    score= 0.6646 origin=agent    iters=4 stop=no new information in 3 consecutive turns
         TEST  smape=0.0297  rmse=106.6179  pocid=81.82  mape=0.0291
         laya iter 1 -> best_ONLY_DWT_catboost conf=0.608 rank=1
         laya iter 2 -> best_ONLY_DWT_catboost conf=0.4018 rank=1
         laya iter 3 -> best_ONLY_DWT_catboost conf=None obs=
         laya iter 4 -> best_ONLY_DWT_catboost conf=None obs=
[ 107] best_single    score= 0.5920 origin=agent    iters=4 stop=no new information in 3 consecutive turns
         TEST  smape=0.0563  rmse=1440.5990  pocid=72.73  mape=0.0547
         laya iter 1 -> best_DWT_rf conf=0.4597 rank=1
         laya iter 2 -> best_DWT_rf conf=0.1548 rank=1
         laya iter 3 -> best_DWT_rf conf=None obs=
         laya iter 4 -> best_DWT_rf conf=None obs=
[ 108] best_single    score= 0.5179 origin=agent    iters=5 stop=no new information in 3 consecutive turns
         TEST  smape=0.0325  rmse=1460.3561  pocid=81.82  mape=0.0318
         laya iter 1 -> best_ONLY_DWT_catboost conf=0.5207 rank=1
         laya iter 2 -> best_ONLY_CWT_catboost conf=0.246 rank=1
         laya iter 3 -> best_ONLY_DWT_catboost conf=0.6326 rank=2
         laya iter 4 -> best_ONLY_DWT_catboost conf=None obs=
         laya iter 5 -> best_ONLY_DWT_catboost conf=None obs=
[ 109] best_single    score= 0.6329 origin=agent    iters=4 stop=no new information in 3 consecutive turns
         TEST  smape=0.0335  rmse=2921.7329  pocid=72.73  mape=0.0336
         laya iter 1 -> best_ONLY_DWT_rf conf=0.4794 rank=1
         laya iter 2 -> best_ONLY_DWT_rf conf=0.2573 rank=1
         laya iter 3 -> best_ONLY_DWT_rf conf=None obs=
         laya iter 4 -> best_ONLY_DWT_rf conf=None obs=
[ 110] best_single    score= 0.5830 origin=agent    iters=4 stop=no new information in 3 consecutive turns
         TEST  smape=0.2620  rmse=52881.1964  pocid=45.45  mape=0.2285
         laya iter 1 -> best_NaiveMovingAverage conf=0.4212 rank=1
         laya iter 2 -> best_NaiveMovingAverage conf=0.3159 rank=1
         laya iter 3 -> best_NaiveMovingAverage conf=None obs=
         laya iter 4 -> best_NaiveMovingAverage conf=None obs=
[ 111] best_single    score= 0.6642 origin=agent    iters=2 stop=laya_accept
         TEST  smape=0.2433  rmse=32.8290  pocid=45.45  mape=0.2805
         laya iter 1 -> best_ONLY_FT_rf conf=0.4221 rank=1
[ 112] best_single    score= 0.6284 origin=agent    iters=4 stop=no new information in 3 consecutive turns
         TEST  smape=0.0390  rmse=55758.0989  pocid=90.91  mape=0.0394
         laya iter 1 -> best_ONLY_DWT_rf conf=0.4691 rank=1
         laya iter 2 -> best_ONLY_DWT_rf conf=0.1623 rank=1
         laya iter 3 -> best_ONLY_DWT_rf conf=None obs=
         laya iter 4 -> best_ONLY_DWT_rf conf=None obs=
[ 113] best_single    score= 0.6725 origin=agent    iters=5 stop=no new information in 3 consecutive turns
         TEST  smape=0.1923  rmse=52.6252  pocid=36.36  mape=0.2138
         laya iter 1 -> best_rf conf=0.3829 rank=1
         laya iter 2 -> best_ONLY_FT_catboost conf=0.3208 rank=1
         laya iter 3 -> best_ONLY_FT_catboost conf=0.7972 rank=1
         laya iter 4 -> best_ONLY_FT_catboost conf=None obs=
         laya iter 5 -> best_ONLY_FT_catboost conf=None obs=
[ 114] best_single    score= 0.6640 origin=agent    iters=4 stop=no new information in 3 consecutive turns
         TEST  smape=0.0502  rmse=1229.7174  pocid=36.36  mape=0.0494
         laya iter 1 -> best_ONLY_CWT_catboost conf=0.4826 rank=1
         laya iter 2 -> best_ONLY_CWT_catboost conf=0.3816 rank=1
         laya iter 3 -> best_ONLY_CWT_catboost conf=None obs=
         laya iter 4 -> best_ONLY_CWT_catboost conf=None obs=
[ 115] best_single    score= 0.5682 origin=agent    iters=7 stop=no new information in 3 consecutive turns
         TEST  smape=0.5955  rmse=27.4724  pocid=45.45  mape=22041965456981600.0000
         laya iter 1 -> best_ONLY_FT_catboost conf=0.2945 rank=1
         laya iter 2 -> best_catboost conf=0.2097 rank=1
         laya iter 3 -> best_ONLY_FT_catboost conf=0.268 rank=2
         laya iter 4 -> best_ONLY_FT_rf conf=0.5213 rank=2
         laya iter 5 -> best_ONLY_FT_rf conf=0.5018 rank=2
         laya iter 6 -> best_ONLY_FT_rf conf=None obs=
         laya iter 7 -> best_ONLY_FT_rf conf=None obs=
[ 116] best_single    score= 0.5394 origin=agent    iters=4 stop=no new information in 3 consecutive turns
         TEST  smape=0.0503  rmse=20932.9586  pocid=63.64  mape=0.0507
         laya iter 1 -> best_ONLY_CWT_catboost conf=0.4461 rank=1
         laya iter 2 -> best_ONLY_CWT_catboost conf=0.28 rank=1
         laya iter 3 -> best_ONLY_CWT_catboost conf=None obs=
         laya iter 4 -> best_ONLY_CWT_catboost conf=None obs=
[ 117] best_single    score= 0.4358 origin=agent    iters=5 stop=no new information in 3 consecutive turns
         TEST  smape=0.0344  rmse=542.7175  pocid=72.73  mape=0.0344
         laya iter 1 -> best_CWT_rf conf=0.2986 rank=1
         laya iter 2 -> best_THETA conf=0.2727 rank=1
         laya iter 3 -> best_CWT_rf conf=0.2925 rank=2
         laya iter 4 -> best_CWT_rf conf=None obs=
         laya iter 5 -> best_CWT_rf conf=None obs=
[ 118] best_single    score= 0.6612 origin=agent    iters=7 stop=no new information in 3 consecutive turns
         TEST  smape=0.0372  rmse=12351.4865  pocid=54.55  mape=0.0365
         laya iter 1 -> best_ONLY_DWT_catboost conf=0.3894 rank=1
         laya iter 2 -> best_ONLY_DWT_catboost conf=0.3731 rank=1
         laya iter 3 -> best_ONLY_DWT_catboost conf=None obs=
         laya iter 4 -> best_FT_catboost conf=0.2293 rank=2
         laya iter 5 -> best_ONLY_DWT_catboost conf=None obs=
         laya iter 6 -> best_ONLY_DWT_catboost conf=None obs=
         laya iter 7 -> best_ONLY_DWT_catboost conf=None obs=
[ 119] best_single    score= 0.6271 origin=agent    iters=4 stop=no new information in 3 consecutive turns
         TEST  smape=0.3480  rmse=4900.9470  pocid=54.55  mape=0.2826
         laya iter 1 -> best_FT_rf conf=0.3089 rank=1
         laya iter 2 -> best_FT_rf conf=0.1203 rank=1
         laya iter 3 -> best_FT_rf conf=None obs=
         laya iter 4 -> best_FT_rf conf=None obs=
[ 120] best_single    score= 0.5310 origin=agent    iters=4 stop=no new information in 3 consecutive turns
         TEST  smape=0.0340  rmse=10164.1378  pocid=72.73  mape=0.0339
         laya iter 1 -> best_FT_rf conf=0.3463 rank=1
         laya iter 2 -> best_FT_rf conf=0.1736 rank=1
         laya iter 3 -> best_FT_rf conf=None obs=
         laya iter 4 -> best_FT_rf conf=None obs=
[ 121] best_single    score= 0.6087 origin=agent    iters=4 stop=no new information in 3 consecutive turns
         TEST  smape=0.0608  rmse=2494.6876  pocid=54.55  mape=0.0585
         laya iter 1 -> best_DWT_catboost conf=0.6138 rank=1
         laya iter 2 -> best_DWT_catboost conf=0.2684 rank=1
         laya iter 3 -> best_DWT_catboost conf=None obs=
         laya iter 4 -> best_DWT_catboost conf=None obs=
[ 122] best_single    score= 0.6015 origin=agent    iters=4 stop=no new information in 3 consecutive turns
         TEST  smape=0.0661  rmse=9014.4130  pocid=72.73  mape=0.0634
         laya iter 1 -> best_ARIMA conf=0.3964 rank=1
         laya iter 2 -> best_ARIMA conf=0.471 rank=1
         laya iter 3 -> best_ARIMA conf=None obs=
         laya iter 4 -> best_ARIMA conf=None obs=
[ 123] best_single    score= 0.6388 origin=agent    iters=4 stop=no new information in 3 consecutive turns
         TEST  smape=0.0351  rmse=516.0162  pocid=81.82  mape=0.0353
         laya iter 1 -> best_FT_rf conf=0.3224 rank=1
         laya iter 2 -> best_FT_rf conf=0.1884 rank=1
         laya iter 3 -> best_FT_rf conf=None obs=
         laya iter 4 -> best_FT_rf conf=None obs=
[ 124] best_single    score= 0.7023 origin=agent    iters=4 stop=no new information in 3 consecutive turns
         TEST  smape=0.2388  rmse=11.2099  pocid=54.55  mape=0.2585
         laya iter 1 -> best_ONLY_FT_rf conf=0.2338 rank=1
         laya iter 2 -> best_ONLY_FT_rf conf=0.2228 rank=1
         laya iter 3 -> best_ONLY_FT_rf conf=None obs=
         laya iter 4 -> best_ONLY_FT_rf conf=None obs=
[ 125] best_single    score= 0.7086 origin=agent    iters=2 stop=laya_accept
         TEST  smape=0.2865  rmse=22.1035  pocid=54.55  mape=0.6057
         laya iter 1 -> best_ONLY_FT_rf conf=0.3272 rank=1
[ 126] best_single    score= 0.7095 origin=agent    iters=2 stop=laya_accept
         TEST  smape=0.6098  rmse=6.9302  pocid=63.64  mape=3.5702
         laya iter 1 -> best_ONLY_CWT_rf conf=0.3623 rank=1
[ 127] best_single    score= 0.5565 origin=agent    iters=4 stop=no new information in 3 consecutive turns
         TEST  smape=0.0401  rmse=13847.6717  pocid=81.82  mape=0.0404
         laya iter 1 -> best_ONLY_CWT_rf conf=0.5947 rank=1
         laya iter 2 -> best_ONLY_CWT_rf conf=0.0893 rank=1
         laya iter 3 -> best_ONLY_CWT_rf conf=None obs=
         laya iter 4 -> best_ONLY_CWT_rf conf=None obs=
[ 128] best_single    score= 0.5897 origin=agent    iters=2 stop=laya_accept
         TEST  smape=0.0337  rmse=325.6343  pocid=36.36  mape=0.0338
         laya iter 1 -> best_ONLY_CWT_catboost conf=0.7097 rank=1
[ 129] best_single    score= 0.5026 origin=agent    iters=4 stop=no new information in 3 consecutive turns
         TEST  smape=0.0395  rmse=3801.5965  pocid=63.64  mape=0.0394
         laya iter 1 -> best_ONLY_DWT_rf conf=0.4875 rank=1
         laya iter 2 -> best_ONLY_DWT_rf conf=0.2293 rank=1
         laya iter 3 -> best_ONLY_DWT_rf conf=None obs=
         laya iter 4 -> best_ONLY_DWT_rf conf=None obs=
[ 130] best_single    score= 0.7107 origin=agent    iters=2 stop=laya_accept
         TEST  smape=0.0480  rmse=1973.6692  pocid=72.73  mape=0.0473
         laya iter 1 -> best_ONLY_CWT_rf conf=0.5283 rank=1
[ 131] best_single    score= 0.5513 origin=agent    iters=7 stop=no new information in 3 consecutive turns
         TEST  smape=0.0772  rmse=3723.4972  pocid=72.73  mape=0.0738
         laya iter 1 -> best_ONLY_DWT_rf conf=0.4306 rank=1
         laya iter 2 -> best_ONLY_DWT_rf conf=0.4236 rank=1
         laya iter 3 -> best_ONLY_DWT_rf conf=None obs=
         laya iter 4 -> best_FT_rf conf=0.3064 rank=1
         laya iter 5 -> best_ONLY_DWT_rf conf=None obs=
         laya iter 6 -> best_ONLY_DWT_rf conf=None obs=
         laya iter 7 -> best_ONLY_DWT_rf conf=None obs=
[ 132] best_single    score= 0.6744 origin=agent    iters=4 stop=no new information in 3 consecutive turns
         TEST  smape=0.2440  rmse=12.0572  pocid=54.55  mape=0.2278
         laya iter 1 -> best_ARIMA conf=0.5843 rank=1
         laya iter 2 -> best_ARIMA conf=0.1837 rank=1
         laya iter 3 -> best_ARIMA conf=None obs=
         laya iter 4 -> best_ARIMA conf=None obs=
[ 133] best_single    score= 0.6896 origin=agent    iters=4 stop=no new information in 3 consecutive turns
         TEST  smape=0.2095  rmse=68.6900  pocid=9.09  mape=0.2346
         laya iter 1 -> best_ONLY_DWT_catboost conf=0.6087 rank=1
         laya iter 2 -> best_ONLY_DWT_catboost conf=0.3711 rank=1
         laya iter 3 -> best_ONLY_DWT_catboost conf=None obs=
         laya iter 4 -> best_ONLY_DWT_catboost conf=None obs=
[ 134] best_single    score= 0.6199 origin=agent    iters=4 stop=no new information in 3 consecutive turns
         TEST  smape=0.0654  rmse=4271.2548  pocid=72.73  mape=0.0643
         laya iter 1 -> best_ONLY_DWT_catboost conf=0.8019 rank=1
         laya iter 2 -> best_ONLY_DWT_catboost conf=0.5154 rank=1
         laya iter 3 -> best_ONLY_DWT_catboost conf=None obs=
         laya iter 4 -> best_ONLY_DWT_catboost conf=None obs=
[ 135] best_single    score= 0.6135 origin=agent    iters=4 stop=no new information in 3 consecutive turns
         TEST  smape=0.4661  rmse=13.7034  pocid=63.64  mape=0.7612
         laya iter 1 -> best_ARIMA conf=0.2119 rank=1
         laya iter 2 -> best_ARIMA conf=0.8815 rank=1
         laya iter 3 -> best_ARIMA conf=None obs=
         laya iter 4 -> best_ARIMA conf=None obs=
[ 136] best_single    score= 0.6977 origin=agent    iters=4 stop=no new information in 3 consecutive turns
         TEST  smape=0.0454  rmse=1493.8639  pocid=72.73  mape=0.0441
         laya iter 1 -> best_ONLY_CWT_rf conf=0.3128 rank=1
         laya iter 2 -> best_ONLY_CWT_rf conf=0.1787 rank=1
         laya iter 3 -> best_ONLY_CWT_rf conf=None obs=
         laya iter 4 -> best_ONLY_CWT_rf conf=None obs=
[ 137] best_single    score= 0.5880 origin=agent    iters=4 stop=no new information in 3 consecutive turns
         TEST  smape=0.1746  rmse=15790.7302  pocid=54.55  mape=0.1592
         laya iter 1 -> best_ONLY_FT_rf conf=0.3318 rank=1
         laya iter 2 -> best_ONLY_FT_rf conf=0.1372 rank=1
         laya iter 3 -> best_ONLY_FT_rf conf=None obs=
         laya iter 4 -> best_ONLY_FT_rf conf=None obs=
[ 138] best_single    score= 0.6413 origin=agent    iters=4 stop=no new information in 3 consecutive turns
         TEST  smape=0.6783  rmse=1332.5674  pocid=54.55  mape=0.5008
         laya iter 1 -> best_ONLY_CWT_rf conf=0.4766 rank=1
         laya iter 2 -> best_ONLY_CWT_rf conf=0.1201 rank=1
         laya iter 3 -> best_ONLY_CWT_rf conf=None obs=
         laya iter 4 -> best_ONLY_CWT_rf conf=None obs=
[ 139] best_single    score= 0.5593 origin=agent    iters=5 stop=no new information in 3 consecutive turns
         TEST  smape=0.0344  rmse=98.8030  pocid=81.82  mape=0.0339
         laya iter 1 -> best_ONLY_DWT_catboost conf=0.3339 rank=1
         laya iter 2 -> best_ONLY_DWT_rf conf=0.1919 rank=2
         laya iter 3 -> best_ONLY_DWT_rf conf=0.407 rank=2
         laya iter 4 -> best_ONLY_DWT_rf conf=None obs=
         laya iter 5 -> best_ONLY_DWT_rf conf=None obs=
[ 140] best_single    score= 0.6014 origin=agent    iters=4 stop=no new information in 3 consecutive turns
         TEST  smape=0.0467  rmse=3713.5184  pocid=63.64  mape=0.0471
         laya iter 1 -> best_ONLY_DWT_rf conf=0.5613 rank=1
         laya iter 2 -> best_ONLY_DWT_rf conf=0.1567 rank=1
         laya iter 3 -> best_ONLY_DWT_rf conf=None obs=
         laya iter 4 -> best_ONLY_DWT_rf conf=None obs=
[ 141] best_single    score= 0.5237 origin=agent    iters=4 stop=no new information in 3 consecutive turns
         TEST  smape=0.2955  rmse=14.4864  pocid=72.73  mape=0.2509
         laya iter 1 -> best_ONLY_FT_rf conf=0.2519 rank=1
         laya iter 2 -> best_ONLY_FT_rf conf=0.1611 rank=1
         laya iter 3 -> best_ONLY_FT_rf conf=None obs=
         laya iter 4 -> best_ONLY_FT_rf conf=None obs=
[ 142] best_single    score= 0.5519 origin=agent    iters=5 stop=no new information in 3 consecutive turns
         TEST  smape=0.0652  rmse=4019.4663  pocid=63.64  mape=0.0623
         laya iter 1 -> best_ONLY_CWT_catboost conf=0.3831 rank=1
         laya iter 2 -> best_ONLY_DWT_catboost conf=0.3013 rank=1
         laya iter 3 -> best_ONLY_CWT_catboost conf=0.5591 rank=2
         laya iter 4 -> best_ONLY_CWT_catboost conf=None obs=
         laya iter 5 -> best_ONLY_CWT_catboost conf=None obs=
[ 143] best_single    score= 0.6448 origin=agent    iters=4 stop=no new information in 3 consecutive turns
         TEST  smape=0.7272  rmse=5486.9633  pocid=54.55  mape=0.5311
         laya iter 1 -> best_NaiveMovingAverage conf=0.32 rank=1
         laya iter 2 -> best_NaiveMovingAverage conf=0.6064 rank=1
         laya iter 3 -> best_NaiveMovingAverage conf=None obs=
         laya iter 4 -> best_NaiveMovingAverage conf=None obs=
[ 144] best_single    score= 0.5926 origin=agent    iters=5 stop=no new information in 3 consecutive turns
         TEST  smape=0.0504  rmse=5672.8934  pocid=90.91  mape=0.0489
         laya iter 1 -> best_ONLY_CWT_rf conf=0.6493 rank=1
         laya iter 2 -> best_ONLY_CWT_catboost conf=0.3831 rank=2
         laya iter 3 -> best_ONLY_CWT_catboost conf=0.4357 rank=2
         laya iter 4 -> best_ONLY_CWT_rf conf=0.4646 rank=1
         laya iter 5 -> best_ONLY_CWT_rf conf=None obs=
[ 145] best_single    score= 0.6117 origin=agent    iters=4 stop=no new information in 3 consecutive turns
         TEST  smape=0.1671  rmse=38.9373  pocid=45.45  mape=0.1932
         laya iter 1 -> best_ONLY_FT_rf conf=0.505 rank=1
         laya iter 2 -> best_ONLY_FT_rf conf=0.3967 rank=1
         laya iter 3 -> best_ONLY_FT_rf conf=None obs=
         laya iter 4 -> best_ONLY_FT_rf conf=None obs=
[ 146] best_single    score= 0.6358 origin=agent    iters=4 stop=no new information in 3 consecutive turns
         TEST  smape=0.0867  rmse=19101.5821  pocid=54.55  mape=0.0906
         laya iter 1 -> best_ONLY_DWT_rf conf=0.4294 rank=1
         laya iter 2 -> best_ONLY_DWT_rf conf=0.1264 rank=1
         laya iter 3 -> best_ONLY_DWT_rf conf=None obs=
         laya iter 4 -> best_ONLY_DWT_rf conf=None obs=
[ 147] best_single    score= 0.5824 origin=agent    iters=5 stop=no new information in 3 consecutive turns
         TEST  smape=0.0718  rmse=2621.2998  pocid=90.91  mape=0.0730
         laya iter 1 -> best_ONLY_DWT_rf conf=0.4613 rank=1
         laya iter 2 -> best_FT_rf conf=0.3339 rank=1
         laya iter 3 -> best_ONLY_DWT_rf conf=0.4847 rank=2
         laya iter 4 -> best_ONLY_DWT_rf conf=None obs=
         laya iter 5 -> best_FT_rf conf=0.6364 rank=1
[ 148] best_single    score= 0.6657 origin=agent    iters=2 stop=laya_accept
         TEST  smape=0.0494  rmse=188.0670  pocid=81.82  mape=0.0479
         laya iter 1 -> best_NaiveSeasonal conf=0.3034 rank=1
[ 149] best_single    score= 0.6561 origin=agent    iters=4 stop=no new information in 3 consecutive turns
         TEST  smape=0.6512  rmse=16546.7240  pocid=45.45  mape=0.4816
         laya iter 1 -> best_ONLY_CWT_catboost conf=0.4293 rank=1
         laya iter 2 -> best_ONLY_CWT_catboost conf=0.2735 rank=1
         laya iter 3 -> best_ONLY_CWT_catboost conf=None obs=
         laya iter 4 -> best_ONLY_CWT_catboost conf=None obs=
[ 150] best_single    score= 0.5980 origin=agent    iters=4 stop=no new information in 3 consecutive turns
         TEST  smape=0.0406  rmse=978.4631  pocid=45.45  mape=0.0400
         laya iter 1 -> best_ONLY_CWT_catboost conf=0.1996 rank=1
         laya iter 2 -> best_ONLY_CWT_catboost conf=0.3774 rank=1
         laya iter 3 -> best_ONLY_CWT_catboost conf=None obs=
         laya iter 4 -> best_ONLY_CWT_catboost conf=None obs=
[ 151] best_single    score= 0.6442 origin=agent    iters=4 stop=no new information in 3 consecutive turns
         TEST  smape=0.0512  rmse=2964.5814  pocid=63.64  mape=0.0502
         laya iter 1 -> best_NaiveSeasonal conf=0.3511 rank=1
         laya iter 2 -> best_NaiveSeasonal conf=0.3149 rank=1
         laya iter 3 -> best_NaiveSeasonal conf=None obs=
         laya iter 4 -> best_NaiveSeasonal conf=None obs=
[ 152] best_single    score= 0.7088 origin=agent    iters=4 stop=no new information in 3 consecutive turns
         TEST  smape=0.0428  rmse=763.0764  pocid=54.55  mape=0.0418
         laya iter 1 -> best_ONLY_CWT_rf conf=0.2797 rank=1
         laya iter 2 -> best_ONLY_CWT_rf conf=0.1897 rank=1
         laya iter 3 -> best_ONLY_CWT_rf conf=None obs=
         laya iter 4 -> best_ONLY_CWT_rf conf=None obs=
[ 153] best_single    score= 0.5568 origin=agent    iters=4 stop=no new information in 3 consecutive turns
         TEST  smape=0.0353  rmse=30707.9330  pocid=72.73  mape=0.0346
         laya iter 1 -> best_ONLY_CWT_rf conf=0.5847 rank=1
         laya iter 2 -> best_ONLY_CWT_rf conf=0.391 rank=1
         laya iter 3 -> best_ONLY_CWT_rf conf=None obs=
         laya iter 4 -> best_ONLY_CWT_rf conf=None obs=
[ 154] best_single    score= 0.6231 origin=agent    iters=4 stop=no new information in 3 consecutive turns
         TEST  smape=0.2004  rmse=5787.6167  pocid=54.55  mape=0.1809
         laya iter 1 -> best_FT_rf conf=0.7051 rank=1
         laya iter 2 -> best_FT_rf conf=0.3031 rank=1
         laya iter 3 -> best_FT_rf conf=None obs=
         laya iter 4 -> best_FT_rf conf=None obs=
[ 155] best_single    score= 0.6848 origin=agent    iters=2 stop=laya_accept
         TEST  smape=0.1095  rmse=18.6042  pocid=45.45  mape=0.1109
         laya iter 1 -> best_ONLY_DWT_rf conf=0.5632 rank=1
[ 156] best_single    score= 0.6539 origin=agent    iters=2 stop=laya_accept
         TEST  smape=0.1422  rmse=16.9211  pocid=45.45  mape=0.1346
         laya iter 1 -> best_FT_rf conf=0.4235 rank=1
[ 157] best_single    score= 0.4772 origin=agent    iters=4 stop=no new information in 3 consecutive turns
         TEST  smape=0.3425  rmse=1205.8907  pocid=63.64  mape=0.2809
         laya iter 1 -> best_FT_catboost conf=0.4178 rank=1
         laya iter 2 -> best_FT_catboost conf=0.1826 rank=1
         laya iter 3 -> best_FT_catboost conf=None obs=
         laya iter 4 -> best_FT_catboost conf=None obs=
[ 158] best_single    score= 0.6129 origin=agent    iters=2 stop=laya_accept
         TEST  smape=0.0355  rmse=635.2090  pocid=72.73  mape=0.0349
         laya iter 1 -> best_FT_rf conf=0.3684 rank=1
[ 159] best_single    score= 0.5606 origin=agent    iters=4 stop=no new information in 3 consecutive turns
         TEST  smape=0.0528  rmse=17673.2505  pocid=90.91  mape=0.0522
         laya iter 1 -> best_DWT_catboost conf=0.5739 rank=1
         laya iter 2 -> best_DWT_catboost conf=0.3104 rank=1
         laya iter 3 -> best_DWT_catboost conf=None obs=
         laya iter 4 -> best_DWT_catboost conf=None obs=
[ 160] best_single    score= 0.6328 origin=agent    iters=2 stop=laya_accept
         TEST  smape=0.1443  rmse=976.7869  pocid=54.55  mape=0.1336
         laya iter 1 -> best_CWT_rf conf=0.4123 rank=1
[ 161] best_single    score= 0.6437 origin=agent    iters=4 stop=no new information in 3 consecutive turns
         TEST  smape=0.0873  rmse=35801.6080  pocid=54.55  mape=0.0842
         laya iter 1 -> best_ONLY_CWT_rf conf=0.4785 rank=1
         laya iter 2 -> best_ONLY_CWT_rf conf=0.201 rank=1
         laya iter 3 -> best_ONLY_CWT_rf conf=None obs=
         laya iter 4 -> best_ONLY_CWT_rf conf=None obs=
[ 162] best_single    score= 0.6499 origin=agent    iters=4 stop=no new information in 3 consecutive turns
         TEST  smape=0.0625  rmse=5775.0949  pocid=63.64  mape=0.0642
         laya iter 1 -> best_DWT_catboost conf=0.6852 rank=1
         laya iter 2 -> best_DWT_catboost conf=0.1876 rank=1
         laya iter 3 -> best_DWT_catboost conf=None obs=
         laya iter 4 -> best_DWT_catboost conf=None obs=
[ 163] best_single    score= 0.6210 origin=agent    iters=5 stop=no new information in 3 consecutive turns
         TEST  smape=0.0450  rmse=5987.0115  pocid=63.64  mape=0.0449
         laya iter 1 -> best_ONLY_CWT_rf conf=0.4315 rank=1
         laya iter 2 -> best_ONLY_DWT_catboost conf=0.1619 rank=2
         laya iter 3 -> best_ONLY_DWT_catboost conf=0.5561 rank=2
         laya iter 4 -> best_ONLY_DWT_catboost conf=None obs=
         laya iter 5 -> best_ONLY_DWT_catboost conf=None obs=
[ 164] best_single    score= 0.6359 origin=agent    iters=4 stop=no new information in 3 consecutive turns
         TEST  smape=0.0410  rmse=2609.9344  pocid=54.55  mape=0.0400
         laya iter 1 -> best_ONLY_CWT_rf conf=0.3886 rank=1
         laya iter 2 -> best_ONLY_CWT_rf conf=0.2378 rank=1
         laya iter 3 -> best_ONLY_CWT_rf conf=None obs=
         laya iter 4 -> best_ONLY_CWT_rf conf=None obs=
[ 165] best_single    score= 0.5788 origin=agent    iters=4 stop=no new information in 3 consecutive turns
         TEST  smape=0.0445  rmse=32571.2481  pocid=63.64  mape=0.0442
         laya iter 1 -> best_ONLY_DWT_rf conf=0.3909 rank=1
         laya iter 2 -> best_ONLY_DWT_rf conf=0.285 rank=1
         laya iter 3 -> best_ONLY_DWT_rf conf=None obs=
         laya iter 4 -> best_ONLY_DWT_rf conf=None obs=
[ 166] best_single    score= 0.6118 origin=agent    iters=4 stop=no new information in 3 consecutive turns
         TEST  smape=0.0377  rmse=782.8977  pocid=81.82  mape=0.0369
         laya iter 1 -> best_THETA conf=0.3404 rank=1
         laya iter 2 -> best_THETA conf=0.4437 rank=1
         laya iter 3 -> best_THETA conf=None obs=
         laya iter 4 -> best_THETA conf=None obs=
[ 167] best_single    score= 0.7188 origin=agent    iters=2 stop=laya_accept
         TEST  smape=0.3635  rmse=43.7555  pocid=54.55  mape=0.4880
         laya iter 1 -> best_ONLY_FT_rf conf=0.5319 rank=1
[ 168] best_single    score= 0.6156 origin=agent    iters=4 stop=no new information in 3 consecutive turns
         TEST  smape=0.0390  rmse=11702.9943  pocid=72.73  mape=0.0388
         laya iter 1 -> best_ONLY_FT_rf conf=0.5007 rank=1
         laya iter 2 -> best_ONLY_FT_rf conf=0.2692 rank=1
         laya iter 3 -> best_ONLY_FT_rf conf=None obs=
         laya iter 4 -> best_ONLY_FT_rf conf=None obs=
[ 169] best_single    score= 0.6195 origin=agent    iters=2 stop=laya_accept
         TEST  smape=0.1781  rmse=6252.0597  pocid=81.82  mape=0.1602
         laya iter 1 -> best_FT_rf conf=0.3609 rank=1
[ 170] best_single    score= 0.5531 origin=agent    iters=4 stop=no new information in 3 consecutive turns
         TEST  smape=0.0417  rmse=2219.8264  pocid=63.64  mape=0.0412
         laya iter 1 -> best_DWT_rf conf=0.4754 rank=1
         laya iter 2 -> best_DWT_rf conf=0.2167 rank=1
         laya iter 3 -> best_DWT_rf conf=None obs=
         laya iter 4 -> best_DWT_rf conf=None obs=
[ 171] best_single    score= 0.6414 origin=agent    iters=2 stop=laya_accept
         TEST  smape=0.0807  rmse=3685.3650  pocid=81.82  mape=0.0771
         laya iter 1 -> best_ONLY_CWT_rf conf=0.4943 rank=1
[ 172] best_single    score= 0.5328 origin=agent    iters=2 stop=laya_accept
         TEST  smape=0.2194  rmse=434.8248  pocid=45.45  mape=0.1902
         laya iter 1 -> best_ONLY_FT_catboost conf=0.3786 rank=1
[ 173] best_single    score= 0.5721 origin=agent    iters=2 stop=laya_accept
         TEST  smape=0.1863  rmse=235.9140  pocid=54.55  mape=0.1784
         laya iter 1 -> best_ONLY_DWT_rf conf=0.4856 rank=1
[ 174] best_single    score= 0.6136 origin=agent    iters=4 stop=no new information in 3 consecutive turns
         TEST  smape=0.0537  rmse=1094.2374  pocid=63.64  mape=0.0515
         laya iter 1 -> best_ONLY_DWT_catboost conf=0.6046 rank=1
         laya iter 2 -> best_ONLY_DWT_catboost conf=0.3213 rank=1
         laya iter 3 -> best_ONLY_DWT_catboost conf=None obs=
         laya iter 4 -> best_ONLY_DWT_catboost conf=None obs=
[ 175] best_single    score= 0.6414 origin=agent    iters=2 stop=laya_accept
         TEST  smape=0.0347  rmse=646.1621  pocid=81.82  mape=0.0349
         laya iter 1 -> best_FT_rf conf=0.3945 rank=1
[ 176] best_single    score= 0.4827 origin=agent    iters=4 stop=no new information in 3 consecutive turns
         TEST  smape=0.3156  rmse=15254.3303  pocid=27.27  mape=0.2714
         laya iter 1 -> best_NaiveMovingAverage conf=0.4886 rank=1
         laya iter 2 -> best_NaiveMovingAverage conf=0.4271 rank=1
         laya iter 3 -> best_NaiveMovingAverage conf=None obs=
         laya iter 4 -> best_NaiveMovingAverage conf=None obs=
[ 177] best_single    score= 0.6509 origin=agent    iters=7 stop=no new information in 3 consecutive turns
         TEST  smape=0.2829  rmse=2576.3406  pocid=36.36  mape=0.2409
         laya iter 1 -> best_FT_catboost conf=0.2113 rank=1
         laya iter 2 -> best_FT_catboost conf=0.314 rank=1
         laya iter 3 -> best_FT_catboost conf=None obs=
         laya iter 4 -> best_ONLY_CWT_catboost conf=0.3282 rank=2
         laya iter 5 -> best_ONLY_CWT_catboost conf=0.8533 rank=2
         laya iter 6 -> best_ONLY_CWT_catboost conf=None obs=
         laya iter 7 -> best_ONLY_CWT_catboost conf=None obs=
[ 178] best_single    score= 0.6841 origin=agent    iters=6 stop=no new information in 3 consecutive turns
         TEST  smape=0.2168  rmse=46.5881  pocid=72.73  mape=0.1996
         laya iter 1 -> best_NaiveMovingAverage conf=0.3104 rank=1
         laya iter 2 -> best_NaiveMovingAverage conf=0.1393 rank=1
         laya iter 3 -> best_ONLY_CWT_rf conf=0.1146 rank=2
         laya iter 4 -> best_ONLY_CWT_rf conf=0.3834 rank=2
         laya iter 5 -> best_ONLY_CWT_rf conf=None obs=
         laya iter 6 -> best_ONLY_CWT_rf conf=None obs=
[ 179] best_single    score= 0.6564 origin=agent    iters=2 stop=laya_accept
         TEST  smape=0.1017  rmse=30.8004  pocid=72.73  mape=0.0950
         laya iter 1 -> best_FT_rf conf=0.4179 rank=1
[ 180] best_single    score= 0.5370 origin=agent    iters=4 stop=no new information in 3 consecutive turns
         TEST  smape=0.2082  rmse=27891.1445  pocid=54.55  mape=0.1875
         laya iter 1 -> best_NaiveMovingAverage conf=0.2798 rank=1
         laya iter 2 -> best_NaiveMovingAverage conf=0.5773 rank=1
         laya iter 3 -> best_NaiveMovingAverage conf=None obs=
         laya iter 4 -> best_NaiveMovingAverage conf=None obs=
[ 181] best_single    score= 0.6109 origin=agent    iters=4 stop=no new information in 3 consecutive turns
         TEST  smape=0.0393  rmse=3370.0511  pocid=63.64  mape=0.0396
         laya iter 1 -> best_DWT_catboost conf=0.2798 rank=1
         laya iter 2 -> best_DWT_catboost conf=0.4463 rank=1
         laya iter 3 -> best_DWT_catboost conf=None obs=
         laya iter 4 -> best_DWT_catboost conf=None obs=
--------------------------------------------------------------------------
done in 87.9s | ok: 182 | failed: 0
DATASET SUMMARY over 182 series (mean across series):
  this run   smape=0.2286  rmse=7367.9056  pocid=59.94  mape=1591628819086827.0000  mae=6486.3274
  baseline   (n/a - no-seeds arm: o agente partiu de histórico vazio)
  mean       smape=0.2206  rmse=6315.3736  pocid=61.89  mape=2069887256147612.2500
  median     smape=0.2194  rmse=6388.0611  pocid=61.94  mape=1847438750372403.0000
  dba        smape=0.2252  rmse=6398.3966  pocid=60.54  mape=2360707168394951.5000
  ADE        smape=0.2177  rmse=6137.6834  pocid=62.39  mape=2082486066574125.0000
  FFORMA     smape=0.2166  rmse=6035.2411  pocid=65.13  mape=2022245026195087.0000
csv: ./timeseries/mestrado/resultados/orchestrator_laya_laya_v4_pure/ANP_MONTHLY.csv
dataset      : NN5_WEEKLY_DATASET
source       : nn5_weekly_dataset.tsf
models       : 19
agent        : laya-multilingual (max_len=8192)
writing to   : ./timeseries/mestrado/resultados/orchestrator_laya_laya_v4_pure
--------------------------------------------------------------------------
Fetching 5 files:   0%|          | 0/5 [00:00<?, ?it/s]Fetching 5 files: 100%|██████████| 5/5 [00:00<00:00, 2699.38it/s]
[   0] best_single    score= 0.6974 origin=agent    iters=4 stop=no new information in 3 consecutive turns
         TEST  smape=0.0471  rmse=14.0895  pocid=28.57  mape=0.0463
         laya iter 1 -> best_FT_rf conf=0.6767 rank=1
         laya iter 2 -> best_FT_rf conf=0.3421 rank=1
         laya iter 3 -> best_FT_rf conf=None obs=
         laya iter 4 -> best_FT_rf conf=None obs=
[   1] best_single    score= 0.6296 origin=agent    iters=4 stop=no new information in 3 consecutive turns
         TEST  smape=0.0816  rmse=12.2101  pocid=28.57  mape=0.0819
         laya iter 1 -> best_ONLY_FT_rf conf=0.4343 rank=1
         laya iter 2 -> best_ONLY_FT_rf conf=0.2591 rank=1
         laya iter 3 -> best_ONLY_FT_rf conf=None obs=
         laya iter 4 -> best_ONLY_FT_rf conf=None obs=
[   2] best_single    score= 0.6253 origin=agent    iters=5 stop=no new information in 3 consecutive turns
         TEST  smape=0.0711  rmse=16.5361  pocid=57.14  mape=0.0718
         laya iter 1 -> best_ONLY_CWT_rf conf=0.4874 rank=1
         laya iter 2 -> best_ONLY_CWT_catboost conf=0.2836 rank=2
         laya iter 3 -> best_ONLY_CWT_catboost conf=0.5475 rank=2
         laya iter 4 -> best_ONLY_CWT_catboost conf=None obs=
         laya iter 5 -> best_ONLY_CWT_catboost conf=None obs=
[   3] best_single    score= 0.8612 origin=agent    iters=3 stop=laya_accept
         TEST  smape=0.1092  rmse=19.3714  pocid=0.00  mape=0.1029
         laya iter 1 -> best_ARIMA conf=0.4347 rank=1
         laya iter 2 -> best_ARIMA conf=0.2947 rank=1
[   4] best_single    score= 0.7171 origin=agent    iters=2 stop=laya_accept
         TEST  smape=0.0968  rmse=21.2220  pocid=28.57  mape=0.0921
         laya iter 1 -> best_ONLY_DWT_rf conf=0.487 rank=1
[   5] best_single    score= 0.6311 origin=agent    iters=4 stop=no new information in 3 consecutive turns
         TEST  smape=0.1164  rmse=19.7825  pocid=42.86  mape=0.1261
         laya iter 1 -> best_ONLY_DWT_catboost conf=0.3112 rank=1
         laya iter 2 -> best_ONLY_DWT_catboost conf=0.3186 rank=1
         laya iter 3 -> best_ONLY_DWT_catboost conf=None obs=
         laya iter 4 -> best_ONLY_DWT_catboost conf=None obs=
[   6] best_single    score= 0.5709 origin=agent    iters=3 stop=laya_accept
         TEST  smape=0.0765  rmse=15.1225  pocid=57.14  mape=0.0744
         laya iter 1 -> best_NaiveMovingAverage conf=0.3338 rank=1
         laya iter 2 -> best_NaiveMovingAverage conf=0.2518 rank=1
[   7] best_single    score= 0.6775 origin=agent    iters=10 stop=no new information in 3 consecutive turns
         TEST  smape=0.2455  rmse=38.2373  pocid=57.14  mape=0.2973
         laya iter 1 -> best_rf conf=0.5946 rank=1
         laya iter 2 -> best_rf conf=0.353 rank=1
         laya iter 3 -> best_rf conf=None obs=
         laya iter 4 -> best_CWT_catboost conf=0.3922 rank=2
         laya iter 5 -> best_CWT_catboost conf=0.5423 rank=2
         laya iter 6 -> best_CWT_catboost conf=None obs=
         laya iter 7 -> best_NaiveMovingAverage conf=0.4861 rank=1
         laya iter 8 -> best_NaiveMovingAverage conf=0.5305 rank=1
         laya iter 9 -> best_NaiveMovingAverage conf=None obs=
         laya iter 10 -> best_NaiveMovingAverage conf=None obs=
[   8] best_single    score= 0.6721 origin=agent    iters=2 stop=laya_accept
         TEST  smape=0.1156  rmse=8.6979  pocid=42.86  mape=0.1294
         laya iter 1 -> best_FT_rf conf=0.6214 rank=1
[   9] best_single    score= 0.7601 origin=agent    iters=4 stop=no new information in 3 consecutive turns
         TEST  smape=0.0836  rmse=14.8245  pocid=42.86  mape=0.0819
         laya iter 1 -> best_FT_catboost conf=0.5513 rank=1
         laya iter 2 -> best_FT_catboost conf=0.3429 rank=1
         laya iter 3 -> best_FT_catboost conf=None obs=
         laya iter 4 -> best_FT_catboost conf=None obs=
[  10] best_single    score= 0.4309 origin=agent    iters=4 stop=no new information in 3 consecutive turns
         TEST  smape=0.1371  rmse=23.3183  pocid=57.14  mape=0.1310
         laya iter 1 -> best_ETS conf=0.4458 rank=1
         laya iter 2 -> best_ETS conf=0.2493 rank=1
         laya iter 3 -> best_ETS conf=None obs=
         laya iter 4 -> best_ETS conf=None obs=
[  11] best_single    score= 0.5764 origin=agent    iters=2 stop=laya_accept
         TEST  smape=0.2058  rmse=22.6721  pocid=14.29  mape=0.1901
         laya iter 1 -> best_ONLY_FT_catboost conf=0.4624 rank=1
[  12] best_single    score= 0.6617 origin=agent    iters=2 stop=laya_accept
         TEST  smape=0.1621  rmse=25.1170  pocid=28.57  mape=0.1520
         laya iter 1 -> best_ONLY_DWT_catboost conf=0.5886 rank=1
[  13] best_single    score= 0.7195 origin=agent    iters=4 stop=no new information in 3 consecutive turns
         TEST  smape=0.1297  rmse=19.1133  pocid=28.57  mape=0.1220
         laya iter 1 -> best_ONLY_FT_catboost conf=0.4875 rank=1
         laya iter 2 -> best_ONLY_FT_catboost conf=0.3587 rank=1
         laya iter 3 -> best_ONLY_FT_catboost conf=None obs=
         laya iter 4 -> best_ONLY_FT_catboost conf=None obs=
[  14] best_single    score= 0.6747 origin=agent    iters=7 stop=no new information in 3 consecutive turns
         TEST  smape=0.0600  rmse=9.2913  pocid=71.43  mape=0.0600
         laya iter 1 -> best_ONLY_CWT_catboost conf=0.688 rank=1
         laya iter 2 -> best_ONLY_CWT_catboost conf=0.2814 rank=1
         laya iter 3 -> best_ONLY_CWT_catboost conf=None obs=
         laya iter 4 -> best_ONLY_DWT_catboost conf=0.4497 rank=1
         laya iter 5 -> best_ONLY_CWT_catboost conf=None obs=
         laya iter 6 -> best_ONLY_CWT_catboost conf=None obs=
         laya iter 7 -> best_ONLY_CWT_catboost conf=None obs=
[  15] best_single    score= 0.7226 origin=agent    iters=4 stop=no new information in 3 consecutive turns
         TEST  smape=0.0782  rmse=14.8092  pocid=14.29  mape=0.0746
         laya iter 1 -> best_FT_catboost conf=0.5187 rank=1
         laya iter 2 -> best_FT_catboost conf=0.4005 rank=1
         laya iter 3 -> best_FT_catboost conf=None obs=
         laya iter 4 -> best_FT_catboost conf=None obs=
[  16] best_single    score= 0.6286 origin=agent    iters=4 stop=no new information in 3 consecutive turns
         TEST  smape=0.0987  rmse=21.8444  pocid=57.14  mape=0.1113
         laya iter 1 -> best_THETA conf=0.4829 rank=1
         laya iter 2 -> best_THETA conf=0.3648 rank=1
         laya iter 3 -> best_THETA conf=None obs=
         laya iter 4 -> best_THETA conf=None obs=
[  17] best_single    score= 0.5436 origin=agent    iters=2 stop=laya_accept
         TEST  smape=0.1055  rmse=17.4380  pocid=85.71  mape=0.0994
         laya iter 1 -> best_ONLY_FT_rf conf=0.3892 rank=1
[  18] best_single    score= 0.7052 origin=agent    iters=6 stop=no new information in 3 consecutive turns
         TEST  smape=0.1520  rmse=31.3891  pocid=28.57  mape=0.1456
         laya iter 1 -> best_NaiveSeasonal conf=0.4221 rank=1
         laya iter 2 -> best_NaiveSeasonal conf=0.3523 rank=1
         laya iter 3 -> best_NaiveMovingAverage conf=0.3343 rank=2
         laya iter 4 -> best_NaiveSeasonal conf=None obs=
         laya iter 5 -> best_NaiveSeasonal conf=None obs=
         laya iter 6 -> best_NaiveSeasonal conf=None obs=
[  19] best_single    score= 0.7086 origin=agent    iters=4 stop=no new information in 3 consecutive turns
         TEST  smape=0.0964  rmse=15.2219  pocid=57.14  mape=0.0897
         laya iter 1 -> best_ONLY_FT_catboost conf=0.2939 rank=1
         laya iter 2 -> best_ONLY_FT_catboost conf=0.2628 rank=1
         laya iter 3 -> best_ONLY_FT_catboost conf=None obs=
         laya iter 4 -> best_ONLY_FT_catboost conf=None obs=
[  20] best_single    score= 0.7345 origin=agent    iters=2 stop=laya_accept
         TEST  smape=0.1025  rmse=13.5239  pocid=71.43  mape=0.1024
         laya iter 1 -> best_ONLY_CWT_catboost conf=0.6516 rank=1
[  21] best_single    score= 0.6867 origin=agent    iters=6 stop=no new information in 3 consecutive turns
         TEST  smape=0.0690  rmse=10.7459  pocid=57.14  mape=0.0663
         laya iter 1 -> best_ONLY_FT_catboost conf=0.5076 rank=1
         laya iter 2 -> best_ONLY_FT_catboost conf=0.2136 rank=1
         laya iter 3 -> best_ONLY_CWT_rf conf=0.2747 rank=2
         laya iter 4 -> best_ONLY_FT_catboost conf=None obs=
         laya iter 5 -> best_ONLY_CWT_rf conf=0.4298 rank=2
         laya iter 6 -> best_ONLY_FT_catboost conf=None obs=
[  22] best_single    score= 0.6085 origin=agent    iters=2 stop=laya_accept
         TEST  smape=0.1012  rmse=10.0180  pocid=71.43  mape=0.0967
         laya iter 1 -> best_ONLY_FT_rf conf=0.4193 rank=1
[  23] best_single    score= 0.7135 origin=agent    iters=4 stop=no new information in 3 consecutive turns
         TEST  smape=0.2286  rmse=55.4766  pocid=28.57  mape=0.2774
         laya iter 1 -> best_NaiveMovingAverage conf=0.4783 rank=1
         laya iter 2 -> best_NaiveMovingAverage conf=0.3323 rank=1
         laya iter 3 -> best_NaiveMovingAverage conf=None obs=
         laya iter 4 -> best_NaiveMovingAverage conf=None obs=
[  24] best_single    score= 0.7001 origin=agent    iters=6 stop=no new information in 3 consecutive turns
         TEST  smape=0.0662  rmse=12.5749  pocid=57.14  mape=0.0705
         laya iter 1 -> best_ONLY_DWT_catboost conf=0.6085 rank=1
         laya iter 2 -> best_ONLY_DWT_catboost conf=0.5115 rank=1
         laya iter 3 -> best_FT_catboost conf=0.4326 rank=1
         laya iter 4 -> best_ONLY_DWT_catboost conf=None obs=
         laya iter 5 -> best_ONLY_DWT_catboost conf=None obs=
         laya iter 6 -> best_ONLY_DWT_catboost conf=None obs=
[  25] best_single    score= 0.8386 origin=agent    iters=4 stop=no new information in 3 consecutive turns
         TEST  smape=0.0995  rmse=15.4090  pocid=42.86  mape=0.1043
         laya iter 1 -> best_ONLY_FT_catboost conf=0.5404 rank=1
         laya iter 2 -> best_ONLY_FT_catboost conf=0.339 rank=1
         laya iter 3 -> best_ONLY_FT_catboost conf=None obs=
         laya iter 4 -> best_ONLY_FT_catboost conf=None obs=
[  26] best_single    score= 0.7258 origin=agent    iters=4 stop=no new information in 3 consecutive turns
         TEST  smape=0.1936  rmse=11.0727  pocid=57.14  mape=0.1806
         laya iter 1 -> best_ONLY_DWT_catboost conf=0.4226 rank=1
         laya iter 2 -> best_ONLY_DWT_catboost conf=0.4066 rank=1
         laya iter 3 -> best_ONLY_DWT_catboost conf=None obs=
         laya iter 4 -> best_ONLY_DWT_catboost conf=None obs=
[  27] best_single    score= 0.6522 origin=agent    iters=5 stop=no new information in 3 consecutive turns
         TEST  smape=0.1217  rmse=17.0988  pocid=42.86  mape=0.1183
         laya iter 1 -> best_DWT_catboost conf=0.4297 rank=1
         laya iter 2 -> best_THETA conf=0.2854 rank=1
         laya iter 3 -> best_THETA conf=0.3864 rank=1
         laya iter 4 -> best_THETA conf=None obs=
         laya iter 5 -> best_THETA conf=None obs=
[  28] best_single    score= 0.7038 origin=agent    iters=2 stop=laya_accept
         TEST  smape=0.1041  rmse=23.1480  pocid=28.57  mape=0.1107
         laya iter 1 -> best_FT_catboost conf=0.4756 rank=1
[  29] best_single    score= 0.5451 origin=agent    iters=2 stop=laya_accept
         TEST  smape=0.1639  rmse=20.4668  pocid=57.14  mape=0.1884
         laya iter 1 -> best_ONLY_FT_catboost conf=0.5249 rank=1
[  30] best_single    score= 0.6722 origin=agent    iters=5 stop=no new information in 3 consecutive turns
         TEST  smape=0.0886  rmse=11.8205  pocid=42.86  mape=0.0869
         laya iter 1 -> best_FT_catboost conf=0.5764 rank=1
         laya iter 2 -> best_NaiveMovingAverage conf=0.3048 rank=2
         laya iter 3 -> best_NaiveMovingAverage conf=0.2238 rank=2
         laya iter 4 -> best_NaiveMovingAverage conf=None obs=
         laya iter 5 -> best_NaiveMovingAverage conf=None obs=
[  31] best_single    score= 0.6783 origin=agent    iters=4 stop=no new information in 3 consecutive turns
         TEST  smape=0.1359  rmse=21.4019  pocid=42.86  mape=0.1516
         laya iter 1 -> best_FT_catboost conf=0.5768 rank=1
         laya iter 2 -> best_FT_catboost conf=0.2291 rank=1
         laya iter 3 -> best_FT_catboost conf=None obs=
         laya iter 4 -> best_FT_catboost conf=None obs=
[  32] best_single    score= 0.6015 origin=agent    iters=5 stop=no new information in 3 consecutive turns
         TEST  smape=0.1681  rmse=29.8359  pocid=57.14  mape=0.1557
         laya iter 1 -> best_ONLY_DWT_rf conf=0.3966 rank=1
         laya iter 2 -> best_ETS conf=0.2797 rank=1
         laya iter 3 -> best_ONLY_DWT_rf conf=0.4281 rank=2
         laya iter 4 -> best_ONLY_DWT_rf conf=None obs=
         laya iter 5 -> best_ONLY_DWT_rf conf=None obs=
[  33] best_single    score= 0.5841 origin=agent    iters=4 stop=no new information in 3 consecutive turns
         TEST  smape=0.0937  rmse=27.5339  pocid=14.29  mape=0.0952
         laya iter 1 -> best_ONLY_CWT_catboost conf=0.4173 rank=1
         laya iter 2 -> best_ONLY_CWT_catboost conf=0.3991 rank=1
         laya iter 3 -> best_ONLY_CWT_catboost conf=None obs=
         laya iter 4 -> best_ONLY_CWT_catboost conf=None obs=
[  34] best_single    score= 0.6409 origin=agent    iters=4 stop=no new information in 3 consecutive turns
         TEST  smape=0.0959  rmse=14.5217  pocid=42.86  mape=0.0967
         laya iter 1 -> best_ONLY_DWT_catboost conf=0.5968 rank=1
         laya iter 2 -> best_ONLY_DWT_catboost conf=0.3507 rank=1
         laya iter 3 -> best_ONLY_DWT_catboost conf=None obs=
         laya iter 4 -> best_ONLY_DWT_catboost conf=None obs=
[  35] best_single    score= 0.6698 origin=agent    iters=4 stop=no new information in 3 consecutive turns
         TEST  smape=0.1023  rmse=9.2547  pocid=57.14  mape=0.1050
         laya iter 1 -> best_ONLY_FT_catboost conf=0.3988 rank=1
         laya iter 2 -> best_ONLY_FT_catboost conf=0.2535 rank=1
         laya iter 3 -> best_ONLY_FT_catboost conf=None obs=
         laya iter 4 -> best_ONLY_FT_catboost conf=None obs=
[  36] best_single    score= 0.6852 origin=agent    iters=4 stop=no new information in 3 consecutive turns
         TEST  smape=0.2960  rmse=37.0141  pocid=28.57  mape=0.3300
         laya iter 1 -> best_NaiveMovingAverage conf=0.5724 rank=1
         laya iter 2 -> best_NaiveMovingAverage conf=0.3417 rank=1
         laya iter 3 -> best_NaiveMovingAverage conf=None obs=
         laya iter 4 -> best_NaiveMovingAverage conf=None obs=
[  37] best_single    score= 0.8269 origin=agent    iters=4 stop=no new information in 3 consecutive turns
         TEST  smape=0.0386  rmse=9.4000  pocid=71.43  mape=0.0384
         laya iter 1 -> best_ONLY_FT_rf conf=0.5966 rank=1
         laya iter 2 -> best_ONLY_FT_rf conf=0.1959 rank=1
         laya iter 3 -> best_ONLY_FT_rf conf=None obs=
         laya iter 4 -> best_ONLY_FT_rf conf=None obs=
[  38] best_single    score= 0.5431 origin=agent    iters=4 stop=no new information in 3 consecutive turns
         TEST  smape=0.1162  rmse=16.5568  pocid=0.00  mape=0.1105
         laya iter 1 -> best_NaiveMovingAverage conf=0.4084 rank=1
         laya iter 2 -> best_NaiveMovingAverage conf=0.3258 rank=1
         laya iter 3 -> best_NaiveMovingAverage conf=None obs=
         laya iter 4 -> best_NaiveMovingAverage conf=None obs=
[  39] best_single    score= 0.6749 origin=agent    iters=4 stop=no new information in 3 consecutive turns
         TEST  smape=0.1203  rmse=17.9891  pocid=28.57  mape=0.1178
         laya iter 1 -> best_ONLY_DWT_catboost conf=0.683 rank=1
         laya iter 2 -> best_ONLY_DWT_catboost conf=0.312 rank=1
         laya iter 3 -> best_ONLY_DWT_catboost conf=None obs=
         laya iter 4 -> best_ONLY_DWT_catboost conf=None obs=
[  40] best_single    score= 0.6543 origin=agent    iters=4 stop=no new information in 3 consecutive turns
         TEST  smape=0.1236  rmse=19.0864  pocid=57.14  mape=0.1315
         laya iter 1 -> best_ONLY_FT_rf conf=0.2959 rank=1
         laya iter 2 -> best_ONLY_FT_rf conf=0.1451 rank=1
         laya iter 3 -> best_ONLY_FT_rf conf=None obs=
         laya iter 4 -> best_ONLY_FT_rf conf=None obs=
[  41] best_single    score= 0.7141 origin=agent    iters=3 stop=laya_accept
         TEST  smape=0.0776  rmse=16.3313  pocid=42.86  mape=0.0844
         laya iter 1 -> best_NaiveMovingAverage conf=0.3214 rank=1
         laya iter 2 -> best_NaiveMovingAverage conf=0.3121 rank=1
[  42] best_single    score= 0.5389 origin=agent    iters=5 stop=no new information in 3 consecutive turns
         TEST  smape=0.1069  rmse=21.8183  pocid=42.86  mape=0.1175
         laya iter 1 -> best_FT_catboost conf=0.4553 rank=1
         laya iter 2 -> best_NaiveMovingAverage conf=0.2427 rank=1
         laya iter 3 -> best_NaiveMovingAverage conf=0.2906 rank=1
         laya iter 4 -> best_NaiveMovingAverage conf=None obs=
         laya iter 5 -> best_NaiveMovingAverage conf=None obs=
[  43] best_single    score= 0.7027 origin=agent    iters=2 stop=laya_accept
         TEST  smape=0.0503  rmse=8.9523  pocid=85.71  mape=0.0509
         laya iter 1 -> best_ONLY_CWT_rf conf=0.327 rank=1
[  44] best_single    score= 0.7109 origin=agent    iters=4 stop=no new information in 3 consecutive turns
         TEST  smape=0.1461  rmse=24.2445  pocid=57.14  mape=0.1815
         laya iter 1 -> best_ONLY_FT_rf conf=0.7144 rank=1
         laya iter 2 -> best_ONLY_FT_rf conf=0.2041 rank=1
         laya iter 3 -> best_ONLY_FT_rf conf=None obs=
         laya iter 4 -> best_ONLY_FT_rf conf=None obs=
[  45] best_single    score= 0.5544 origin=agent    iters=7 stop=no new information in 3 consecutive turns
         TEST  smape=0.1640  rmse=22.1222  pocid=28.57  mape=0.1493
         laya iter 1 -> best_NaiveMovingAverage conf=0.3765 rank=1
         laya iter 2 -> best_NaiveMovingAverage conf=0.245 rank=1
         laya iter 3 -> best_NaiveMovingAverage conf=None obs=
         laya iter 4 -> best_ARIMA conf=0.2242 rank=1
         laya iter 5 -> best_ARIMA conf=0.2875 rank=1
         laya iter 6 -> best_ARIMA conf=None obs=
         laya iter 7 -> best_ARIMA conf=None obs=
[  46] best_single    score= 0.6056 origin=agent    iters=2 stop=laya_accept
         TEST  smape=0.0409  rmse=14.5924  pocid=42.86  mape=0.0399
         laya iter 1 -> best_ONLY_FT_rf conf=0.4601 rank=1
[  47] best_single    score= 0.8058 origin=agent    iters=2 stop=laya_accept
         TEST  smape=0.1579  rmse=30.1531  pocid=57.14  mape=0.1497
         laya iter 1 -> best_ONLY_FT_rf conf=0.4179 rank=1
[  48] best_single    score= 0.5771 origin=agent    iters=5 stop=no new information in 3 consecutive turns
         TEST  smape=0.1312  rmse=22.2277  pocid=28.57  mape=0.1424
         laya iter 1 -> best_ONLY_DWT_rf conf=0.6416 rank=1
         laya iter 2 -> best_ONLY_DWT_catboost conf=0.349 rank=1
         laya iter 3 -> best_ONLY_DWT_catboost conf=0.6132 rank=1
         laya iter 4 -> best_ONLY_DWT_catboost conf=None obs=
         laya iter 5 -> best_ONLY_DWT_catboost conf=None obs=
[  49] best_single    score= 0.4982 origin=agent    iters=4 stop=no new information in 3 consecutive turns
         TEST  smape=0.1571  rmse=26.4980  pocid=57.14  mape=0.1471
         laya iter 1 -> best_ARIMA conf=0.4507 rank=1
         laya iter 2 -> best_ARIMA conf=0.2879 rank=1
         laya iter 3 -> best_ARIMA conf=None obs=
         laya iter 4 -> best_ARIMA conf=None obs=
[  50] best_single    score= 0.7028 origin=agent    iters=3 stop=laya_accept
         TEST  smape=0.1483  rmse=23.2430  pocid=57.14  mape=0.1356
         laya iter 1 -> best_NaiveMovingAverage conf=0.4715 rank=1
         laya iter 2 -> best_NaiveMovingAverage conf=0.2596 rank=1
[  51] best_single    score= 0.6840 origin=agent    iters=4 stop=no new information in 3 consecutive turns
         TEST  smape=0.0963  rmse=29.8548  pocid=71.43  mape=0.0939
         laya iter 1 -> best_ONLY_DWT_rf conf=0.5682 rank=1
         laya iter 2 -> best_ONLY_DWT_rf conf=0.1906 rank=1
         laya iter 3 -> best_ONLY_DWT_rf conf=None obs=
         laya iter 4 -> best_ONLY_DWT_rf conf=None obs=
[  52] best_single    score= 0.6217 origin=agent    iters=2 stop=laya_accept
         TEST  smape=0.1040  rmse=9.6630  pocid=42.86  mape=0.0979
         laya iter 1 -> best_FT_rf conf=0.3822 rank=1
[  53] best_single    score= 0.7048 origin=agent    iters=4 stop=no new information in 3 consecutive turns
         TEST  smape=0.1278  rmse=18.6712  pocid=28.57  mape=0.1182
         laya iter 1 -> best_ONLY_FT_rf conf=0.416 rank=1
         laya iter 2 -> best_ONLY_FT_rf conf=0.1357 rank=1
         laya iter 3 -> best_ONLY_FT_rf conf=None obs=
         laya iter 4 -> best_ONLY_FT_rf conf=None obs=
[  54] best_single    score= 0.6434 origin=agent    iters=5 stop=no new information in 3 consecutive turns
         TEST  smape=0.0586  rmse=6.1930  pocid=85.71  mape=0.0607
         laya iter 1 -> best_ONLY_DWT_rf conf=0.602 rank=1
         laya iter 2 -> best_ONLY_DWT_catboost conf=0.3605 rank=1
         laya iter 3 -> best_ONLY_DWT_catboost conf=0.6317 rank=1
         laya iter 4 -> best_ONLY_DWT_catboost conf=None obs=
         laya iter 5 -> best_ONLY_DWT_catboost conf=None obs=
[  55] best_single    score= 0.5616 origin=agent    iters=5 stop=no new information in 3 consecutive turns
         TEST  smape=0.2056  rmse=19.1195  pocid=42.86  mape=0.1957
         laya iter 1 -> best_FT_rf conf=0.6222 rank=1
         laya iter 2 -> best_ONLY_DWT_catboost conf=0.2884 rank=1
         laya iter 3 -> best_FT_rf conf=0.6977 rank=2
         laya iter 4 -> best_FT_rf conf=None obs=
         laya iter 5 -> best_FT_rf conf=None obs=
[  56] best_single    score= 0.5907 origin=agent    iters=3 stop=laya_accept
         TEST  smape=0.1145  rmse=15.2827  pocid=0.00  mape=0.1115
         laya iter 1 -> best_ARIMA conf=0.2701 rank=1
         laya iter 2 -> best_ARIMA conf=0.5581 rank=1
[  57] best_single    score= 0.6147 origin=agent    iters=5 stop=no new information in 3 consecutive turns
         TEST  smape=0.0809  rmse=15.5270  pocid=0.00  mape=0.0778
         laya iter 1 -> best_ONLY_DWT_catboost conf=0.2474 rank=1
         laya iter 2 -> best_NaiveMovingAverage conf=0.1775 rank=1
         laya iter 3 -> best_ONLY_DWT_catboost conf=0.5517 rank=2
         laya iter 4 -> best_NaiveMovingAverage conf=0.5668 rank=1
         laya iter 5 -> best_ONLY_DWT_catboost conf=None obs=
[  58] best_single    score= 0.7252 origin=agent    iters=2 stop=laya_accept
         TEST  smape=0.1861  rmse=19.5187  pocid=42.86  mape=0.1868
         laya iter 1 -> best_ONLY_FT_catboost conf=0.5925 rank=1
[  59] best_single    score= 0.7354 origin=agent    iters=4 stop=no new information in 3 consecutive turns
         TEST  smape=0.1701  rmse=24.1245  pocid=57.14  mape=0.1945
         laya iter 1 -> best_FT_rf conf=0.4391 rank=1
         laya iter 2 -> best_FT_rf conf=0.1802 rank=1
         laya iter 3 -> best_FT_rf conf=None obs=
         laya iter 4 -> best_FT_rf conf=None obs=
[  60] best_single    score= 0.5993 origin=agent    iters=2 stop=laya_accept
         TEST  smape=0.0695  rmse=9.3157  pocid=28.57  mape=0.0678
         laya iter 1 -> best_ONLY_DWT_catboost conf=0.5334 rank=1
[  61] best_single    score= 0.6126 origin=agent    iters=5 stop=no new information in 3 consecutive turns
         TEST  smape=0.1242  rmse=20.9437  pocid=57.14  mape=0.1330
         laya iter 1 -> best_FT_catboost conf=0.5167 rank=1
         laya iter 2 -> best_ARIMA conf=0.2255 rank=1
         laya iter 3 -> best_ARIMA conf=0.4058 rank=1
         laya iter 4 -> best_ARIMA conf=None obs=
         laya iter 5 -> best_ARIMA conf=None obs=
[  62] best_single    score= 0.7689 origin=agent    iters=4 stop=no new information in 3 consecutive turns
         TEST  smape=0.0791  rmse=10.6692  pocid=71.43  mape=0.0850
         laya iter 1 -> best_ONLY_FT_rf conf=0.5681 rank=1
         laya iter 2 -> best_ONLY_FT_rf conf=0.2076 rank=1
         laya iter 3 -> best_ONLY_FT_rf conf=None obs=
         laya iter 4 -> best_ONLY_FT_rf conf=None obs=
[  63] best_single    score= 0.6251 origin=agent    iters=2 stop=laya_accept
         TEST  smape=0.1614  rmse=14.3574  pocid=57.14  mape=0.1537
         laya iter 1 -> best_ONLY_FT_catboost conf=0.4403 rank=1
[  64] best_single    score= 0.7125 origin=agent    iters=4 stop=no new information in 3 consecutive turns
         TEST  smape=0.1537  rmse=32.1578  pocid=0.00  mape=0.1416
         laya iter 1 -> best_ARIMA conf=0.4196 rank=1
         laya iter 2 -> best_ARIMA conf=0.4891 rank=1
         laya iter 3 -> best_ARIMA conf=None obs=
         laya iter 4 -> best_ARIMA conf=None obs=
[  65] best_single    score= 0.7572 origin=agent    iters=2 stop=laya_accept
         TEST  smape=0.1579  rmse=31.6966  pocid=57.14  mape=0.1504
         laya iter 1 -> best_ARIMA conf=0.5764 rank=1
[  66] best_single    score= 0.5505 origin=agent    iters=5 stop=no new information in 3 consecutive turns
         TEST  smape=0.0877  rmse=20.0936  pocid=71.43  mape=0.0855
         laya iter 1 -> best_NaiveMovingAverage conf=0.485 rank=1
         laya iter 2 -> best_ONLY_FT_catboost conf=0.3927 rank=1
         laya iter 3 -> best_NaiveMovingAverage conf=0.2451 rank=2
         laya iter 4 -> best_ONLY_FT_catboost conf=0.4097 rank=1
         laya iter 5 -> best_ONLY_FT_catboost conf=None obs=
[  67] best_single    score= 0.5236 origin=agent    iters=4 stop=no new information in 3 consecutive turns
         TEST  smape=0.1361  rmse=50.4637  pocid=28.57  mape=0.1526
         laya iter 1 -> best_ONLY_DWT_catboost conf=0.704 rank=1
         laya iter 2 -> best_ONLY_DWT_catboost conf=0.4723 rank=1
         laya iter 3 -> best_ONLY_DWT_catboost conf=None obs=
         laya iter 4 -> best_ONLY_DWT_catboost conf=None obs=
[  68] best_single    score= 0.7956 origin=agent    iters=2 stop=laya_accept
         TEST  smape=0.0959  rmse=12.7409  pocid=57.14  mape=0.0938
         laya iter 1 -> best_FT_rf conf=0.7026 rank=1
[  69] best_single    score= 0.7643 origin=agent    iters=2 stop=laya_accept
         TEST  smape=0.1168  rmse=17.4935  pocid=28.57  mape=0.1305
         laya iter 1 -> best_ONLY_DWT_rf conf=0.5465 rank=1
[  70] best_single    score= 0.6061 origin=agent    iters=3 stop=laya_accept
         TEST  smape=0.1463  rmse=15.0118  pocid=85.71  mape=0.1575
         laya iter 1 -> best_DWT_rf conf=0.5535 rank=1
         laya iter 2 -> best_NaiveMovingAverage conf=0.3042 rank=2
[  71] best_single    score= 0.7328 origin=agent    iters=6 stop=no new information in 3 consecutive turns
         TEST  smape=0.0988  rmse=13.4240  pocid=42.86  mape=0.1038
         laya iter 1 -> best_ONLY_FT_catboost conf=0.7182 rank=1
         laya iter 2 -> best_ONLY_FT_catboost conf=0.4609 rank=1
         laya iter 3 -> best_FT_rf conf=0.5446 rank=1
         laya iter 4 -> best_ONLY_FT_catboost conf=None obs=
         laya iter 5 -> best_ONLY_FT_catboost conf=None obs=
         laya iter 6 -> best_ONLY_FT_catboost conf=None obs=
[  72] best_single    score= 0.6377 origin=agent    iters=4 stop=no new information in 3 consecutive turns
         TEST  smape=0.1533  rmse=19.1118  pocid=85.71  mape=0.1692
         laya iter 1 -> best_ONLY_DWT_rf conf=0.5078 rank=1
         laya iter 2 -> best_ONLY_DWT_rf conf=0.2537 rank=1
         laya iter 3 -> best_ONLY_DWT_rf conf=None obs=
         laya iter 4 -> best_ONLY_DWT_rf conf=None obs=
[  73] best_single    score= 0.8132 origin=agent    iters=4 stop=no new information in 3 consecutive turns
         TEST  smape=0.1471  rmse=17.4217  pocid=42.86  mape=0.1351
         laya iter 1 -> best_DWT_catboost conf=0.5867 rank=1
         laya iter 2 -> best_DWT_catboost conf=0.4146 rank=1
         laya iter 3 -> best_DWT_catboost conf=None obs=
         laya iter 4 -> best_DWT_catboost conf=None obs=
[  74] best_single    score= 0.6427 origin=agent    iters=2 stop=laya_accept
         TEST  smape=0.1147  rmse=14.8345  pocid=28.57  mape=0.1226
         laya iter 1 -> best_FT_catboost conf=0.6623 rank=1
[  75] best_single    score= 0.3973 origin=agent    iters=4 stop=no new information in 3 consecutive turns
         TEST  smape=0.1671  rmse=20.1359  pocid=57.14  mape=0.1513
         laya iter 1 -> best_ARIMA conf=0.2936 rank=1
         laya iter 2 -> best_ARIMA conf=0.2453 rank=1
         laya iter 3 -> best_ARIMA conf=None obs=
         laya iter 4 -> best_ARIMA conf=None obs=
[  76] best_single    score= 0.6672 origin=agent    iters=2 stop=laya_accept
         TEST  smape=0.0930  rmse=12.9303  pocid=57.14  mape=0.0943
         laya iter 1 -> best_ONLY_FT_rf conf=0.4791 rank=1
[  77] best_single    score= 0.6850 origin=agent    iters=2 stop=laya_accept
         TEST  smape=0.1303  rmse=25.8491  pocid=42.86  mape=0.1476
         laya iter 1 -> best_ONLY_CWT_rf conf=0.2914 rank=1
[  78] best_single    score= 0.7823 origin=agent    iters=2 stop=laya_accept
         TEST  smape=0.0983  rmse=13.2436  pocid=0.00  mape=0.0927
         laya iter 1 -> best_ARIMA conf=0.6059 rank=1
[  79] best_single    score= 0.6555 origin=agent    iters=2 stop=laya_accept
         TEST  smape=0.1207  rmse=23.6483  pocid=71.43  mape=0.1238
         laya iter 1 -> best_FT_catboost conf=0.4453 rank=1
[  80] best_single    score= 0.6635 origin=agent    iters=5 stop=no new information in 3 consecutive turns
         TEST  smape=0.1356  rmse=10.3316  pocid=42.86  mape=0.1486
         laya iter 1 -> best_ONLY_CWT_rf conf=0.6592 rank=1
         laya iter 2 -> best_ONLY_CWT_catboost conf=0.4475 rank=1
         laya iter 3 -> best_ONLY_CWT_rf conf=0.6158 rank=2
         laya iter 4 -> best_ONLY_CWT_catboost conf=0.6407 rank=1
         laya iter 5 -> best_ONLY_CWT_catboost conf=None obs=
[  81] best_single    score= 0.6123 origin=agent    iters=2 stop=laya_accept
         TEST  smape=0.1846  rmse=18.7415  pocid=28.57  mape=0.1660
         laya iter 1 -> best_ARIMA conf=0.4574 rank=1
[  82] best_single    score= 0.6165 origin=agent    iters=5 stop=no new information in 3 consecutive turns
         TEST  smape=0.1361  rmse=36.3039  pocid=14.29  mape=0.1365
         laya iter 1 -> best_FT_catboost conf=0.5137 rank=1
         laya iter 2 -> best_ONLY_FT_catboost conf=0.2789 rank=1
         laya iter 3 -> best_ONLY_FT_catboost conf=0.4628 rank=1
         laya iter 4 -> best_ONLY_FT_catboost conf=None obs=
         laya iter 5 -> best_ONLY_FT_catboost conf=None obs=
[  83] best_single    score= 0.6834 origin=agent    iters=4 stop=no new information in 3 consecutive turns
         TEST  smape=0.1108  rmse=18.8219  pocid=57.14  mape=0.1044
         laya iter 1 -> best_ONLY_FT_catboost conf=0.3937 rank=1
         laya iter 2 -> best_ONLY_FT_catboost conf=0.2603 rank=1
         laya iter 3 -> best_ONLY_FT_catboost conf=None obs=
         laya iter 4 -> best_ONLY_FT_catboost conf=None obs=
[  84] best_single    score= 0.6695 origin=agent    iters=4 stop=no new information in 3 consecutive turns
         TEST  smape=0.1258  rmse=13.2824  pocid=28.57  mape=0.1406
         laya iter 1 -> best_ONLY_FT_catboost conf=0.4766 rank=1
         laya iter 2 -> best_ONLY_FT_catboost conf=0.2662 rank=1
         laya iter 3 -> best_ONLY_FT_catboost conf=None obs=
         laya iter 4 -> best_ONLY_FT_catboost conf=None obs=
[  85] best_single    score= 0.6329 origin=agent    iters=5 stop=no new information in 3 consecutive turns
         TEST  smape=0.0974  rmse=10.4743  pocid=71.43  mape=0.0974
         laya iter 1 -> best_ONLY_DWT_catboost conf=0.5563 rank=1
         laya iter 2 -> best_ONLY_FT_catboost conf=0.2329 rank=1
         laya iter 3 -> best_ONLY_FT_catboost conf=0.5841 rank=1
         laya iter 4 -> best_ONLY_FT_catboost conf=None obs=
         laya iter 5 -> best_ONLY_FT_catboost conf=None obs=
[  86] best_single    score= 0.6875 origin=agent    iters=2 stop=laya_accept
         TEST  smape=0.1046  rmse=17.6437  pocid=42.86  mape=0.0971
         laya iter 1 -> best_FT_rf conf=0.4179 rank=1
[  87] best_single    score= 0.7922 origin=agent    iters=4 stop=no new information in 3 consecutive turns
         TEST  smape=0.4147  rmse=40.8153  pocid=57.14  mape=0.6348
         laya iter 1 -> best_NaiveMovingAverage conf=0.3034 rank=1
         laya iter 2 -> best_NaiveMovingAverage conf=0.2674 rank=1
         laya iter 3 -> best_NaiveMovingAverage conf=None obs=
         laya iter 4 -> best_NaiveMovingAverage conf=None obs=
[  88] best_single    score= 0.7269 origin=agent    iters=4 stop=no new information in 3 consecutive turns
         TEST  smape=0.3794  rmse=28.0070  pocid=42.86  mape=0.5265
         laya iter 1 -> best_ONLY_CWT_catboost conf=0.4121 rank=1
         laya iter 2 -> best_ONLY_CWT_catboost conf=0.3437 rank=1
         laya iter 3 -> best_ONLY_CWT_catboost conf=None obs=
         laya iter 4 -> best_ONLY_CWT_catboost conf=None obs=
[  89] best_single    score= 0.6944 origin=agent    iters=4 stop=no new information in 3 consecutive turns
         TEST  smape=0.1492  rmse=24.8485  pocid=42.86  mape=0.1674
         laya iter 1 -> best_FT_rf conf=0.664 rank=1
         laya iter 2 -> best_FT_rf conf=0.2827 rank=1
         laya iter 3 -> best_FT_rf conf=None obs=
         laya iter 4 -> best_FT_rf conf=None obs=
[  90] best_single    score= 0.7104 origin=agent    iters=3 stop=laya_accept
         TEST  smape=0.1281  rmse=16.3860  pocid=28.57  mape=0.1473
         laya iter 1 -> best_ARIMA conf=0.4274 rank=1
         laya iter 2 -> best_ARIMA conf=0.2971 rank=1
[  91] best_single    score= 0.6385 origin=agent    iters=5 stop=no new information in 3 consecutive turns
         TEST  smape=0.0754  rmse=12.8700  pocid=0.00  mape=0.0788
         laya iter 1 -> best_ONLY_DWT_catboost conf=0.5233 rank=1
         laya iter 2 -> best_ETS conf=0.3102 rank=1
         laya iter 3 -> best_ONLY_DWT_catboost conf=0.3987 rank=2
         laya iter 4 -> best_ONLY_DWT_catboost conf=None obs=
         laya iter 5 -> best_ONLY_DWT_catboost conf=None obs=
[  92] best_single    score= 0.8159 origin=agent    iters=4 stop=no new information in 3 consecutive turns
         TEST  smape=0.0962  rmse=22.9082  pocid=42.86  mape=0.1014
         laya iter 1 -> best_ONLY_DWT_catboost conf=0.632 rank=1
         laya iter 2 -> best_ONLY_DWT_catboost conf=0.3063 rank=1
         laya iter 3 -> best_ONLY_DWT_catboost conf=None obs=
         laya iter 4 -> best_ONLY_DWT_catboost conf=None obs=
[  93] best_single    score= 0.3809 origin=agent    iters=4 stop=no new information in 3 consecutive turns
         TEST  smape=0.1279  rmse=18.5676  pocid=71.43  mape=0.1273
         laya iter 1 -> best_ARIMA conf=0.2248 rank=1
         laya iter 2 -> best_ARIMA conf=0.307 rank=1
         laya iter 3 -> best_ARIMA conf=None obs=
         laya iter 4 -> best_ARIMA conf=None obs=
[  94] best_single    score= 0.6327 origin=agent    iters=2 stop=laya_accept
         TEST  smape=0.2480  rmse=40.5553  pocid=42.86  mape=0.2139
         laya iter 1 -> best_FT_rf conf=0.5661 rank=1
[  95] best_single    score= 0.6537 origin=agent    iters=4 stop=no new information in 3 consecutive turns
         TEST  smape=0.0550  rmse=11.0193  pocid=28.57  mape=0.0569
         laya iter 1 -> best_NaiveMovingAverage conf=0.4576 rank=1
         laya iter 2 -> best_NaiveMovingAverage conf=0.3544 rank=1
         laya iter 3 -> best_NaiveMovingAverage conf=None obs=
         laya iter 4 -> best_NaiveMovingAverage conf=None obs=
[  96] best_single    score= 0.5648 origin=agent    iters=2 stop=laya_accept
         TEST  smape=0.1843  rmse=21.1924  pocid=42.86  mape=0.1626
         laya iter 1 -> best_FT_rf conf=0.4391 rank=1
[  97] best_single    score= 0.7450 origin=agent    iters=2 stop=laya_accept
         TEST  smape=0.1701  rmse=23.9623  pocid=28.57  mape=0.1706
         laya iter 1 -> best_FT_catboost conf=0.3868 rank=1
[  98] best_single    score= 0.6366 origin=agent    iters=5 stop=no new information in 3 consecutive turns
         TEST  smape=0.0989  rmse=14.4173  pocid=85.71  mape=0.0961
         laya iter 1 -> best_ONLY_FT_catboost conf=0.4666 rank=1
         laya iter 2 -> best_ONLY_FT_rf conf=0.2648 rank=1
         laya iter 3 -> best_ONLY_FT_rf conf=0.3752 rank=1
         laya iter 4 -> best_ONLY_FT_rf conf=None obs=
         laya iter 5 -> best_ONLY_FT_rf conf=None obs=
[  99] best_single    score= 0.5189 origin=agent    iters=4 stop=no new information in 3 consecutive turns
         TEST  smape=0.0719  rmse=8.9824  pocid=42.86  mape=0.0698
         laya iter 1 -> best_ONLY_DWT_catboost conf=0.4982 rank=1
         laya iter 2 -> best_ONLY_DWT_catboost conf=0.3011 rank=1
         laya iter 3 -> best_ONLY_DWT_catboost conf=None obs=
         laya iter 4 -> best_ONLY_DWT_catboost conf=None obs=
[ 100] best_single    score= 0.6784 origin=agent    iters=4 stop=no new information in 3 consecutive turns
         TEST  smape=0.1358  rmse=25.4712  pocid=57.14  mape=0.1503
         laya iter 1 -> best_ONLY_FT_rf conf=0.4477 rank=1
         laya iter 2 -> best_ONLY_FT_rf conf=0.2211 rank=1
         laya iter 3 -> best_ONLY_FT_rf conf=None obs=
         laya iter 4 -> best_ONLY_FT_rf conf=None obs=
[ 101] best_single    score= 0.4368 origin=agent    iters=4 stop=no new information in 3 consecutive turns
         TEST  smape=0.0956  rmse=15.0310  pocid=0.00  mape=0.0950
         laya iter 1 -> best_NaiveMovingAverage conf=0.483 rank=1
         laya iter 2 -> best_NaiveMovingAverage conf=0.3075 rank=1
         laya iter 3 -> best_NaiveMovingAverage conf=None obs=
         laya iter 4 -> best_NaiveMovingAverage conf=None obs=
[ 102] best_single    score= 0.7363 origin=agent    iters=4 stop=no new information in 3 consecutive turns
         TEST  smape=0.3451  rmse=21.2797  pocid=28.57  mape=0.2861
         laya iter 1 -> best_ONLY_CWT_rf conf=0.4679 rank=1
         laya iter 2 -> best_ONLY_CWT_rf conf=0.2668 rank=1
         laya iter 3 -> best_ONLY_CWT_rf conf=None obs=
         laya iter 4 -> best_ONLY_CWT_rf conf=None obs=
[ 103] best_single    score= 0.7383 origin=agent    iters=4 stop=no new information in 3 consecutive turns
         TEST  smape=0.0837  rmse=15.0989  pocid=57.14  mape=0.0833
         laya iter 1 -> best_ONLY_FT_catboost conf=0.6583 rank=1
         laya iter 2 -> best_ONLY_FT_catboost conf=0.3734 rank=1
         laya iter 3 -> best_ONLY_FT_catboost conf=None obs=
         laya iter 4 -> best_ONLY_FT_catboost conf=None obs=
[ 104] best_single    score= 0.7903 origin=agent    iters=2 stop=laya_accept
         TEST  smape=0.0475  rmse=6.1916  pocid=0.00  mape=0.0477
         laya iter 1 -> best_ARIMA conf=0.4403 rank=1
[ 105] best_single    score= 0.7208 origin=agent    iters=2 stop=laya_accept
         TEST  smape=0.0660  rmse=10.2429  pocid=42.86  mape=0.0669
         laya iter 1 -> best_ARIMA conf=0.331 rank=1
[ 106] best_single    score= 0.5604 origin=agent    iters=2 stop=laya_accept
         TEST  smape=0.1585  rmse=19.5066  pocid=42.86  mape=0.1681
         laya iter 1 -> best_ONLY_FT_catboost conf=0.4289 rank=1
[ 107] best_single    score= 0.6920 origin=agent    iters=4 stop=no new information in 3 consecutive turns
         TEST  smape=0.1579  rmse=19.3199  pocid=57.14  mape=0.1458
         laya iter 1 -> best_ONLY_FT_catboost conf=0.5511 rank=1
         laya iter 2 -> best_ONLY_FT_catboost conf=0.2917 rank=1
         laya iter 3 -> best_ONLY_FT_catboost conf=None obs=
         laya iter 4 -> best_ONLY_FT_catboost conf=None obs=
[ 108] best_single    score= 0.6551 origin=agent    iters=2 stop=laya_accept
         TEST  smape=0.0761  rmse=16.0705  pocid=57.14  mape=0.0730
         laya iter 1 -> best_THETA conf=0.4182 rank=1
[ 109] best_single    score= 0.6552 origin=agent    iters=4 stop=no new information in 3 consecutive turns
         TEST  smape=0.3063  rmse=75.8258  pocid=42.86  mape=0.2709
         laya iter 1 -> best_ARIMA conf=0.4368 rank=1
         laya iter 2 -> best_ARIMA conf=0.3044 rank=1
         laya iter 3 -> best_ARIMA conf=None obs=
         laya iter 4 -> best_ARIMA conf=None obs=
[ 110] best_single    score= 0.6754 origin=agent    iters=2 stop=laya_accept
         TEST  smape=0.1112  rmse=16.2325  pocid=14.29  mape=0.1034
         laya iter 1 -> best_ONLY_DWT_rf conf=0.802 rank=1
--------------------------------------------------------------------------
done in 41.2s | ok: 111 | failed: 0
DATASET SUMMARY over 111 series (mean across series):
  this run   smape=0.1293  rmse=19.8049  pocid=43.89  mape=0.1331  mae=16.5127
  baseline   (n/a - no-seeds arm: o agente partiu de histórico vazio)
  mean       smape=0.1199  rmse=18.8837  pocid=44.53  mape=0.1241
  median     smape=0.1201  rmse=18.6626  pocid=46.20  mape=0.1238
  dba        smape=0.1226  rmse=19.3352  pocid=46.46  mape=0.1265
  ADE        smape=0.1178  rmse=18.5121  pocid=45.05  mape=0.1219
  FFORMA     smape=0.1197  rmse=18.8493  pocid=44.66  mape=0.1239
csv: ./timeseries/mestrado/resultados/orchestrator_laya_laya_v4_pure/NN5_WEEKLY_DATASET.csv
dataset      : M4_WEEKLY_DATASET
source       : m4_weekly_dataset.tsf
models       : 19
agent        : laya-multilingual (max_len=8192)
writing to   : ./timeseries/mestrado/resultados/orchestrator_laya_laya_v4_pure
--------------------------------------------------------------------------
Fetching 5 files:   0%|          | 0/5 [00:00<?, ?it/s]Fetching 5 files: 100%|██████████| 5/5 [00:00<00:00, 3038.47it/s]
[   0] best_single    score= 0.0398 origin=agent    iters=4 stop=no new information in 3 consecutive turns
         TEST  smape=0.0341  rmse=1780.1914  pocid=25.00  mape=0.0353
         laya iter 1 -> best_ONLY_DWT_rf conf=0.5514 rank=1
         laya iter 2 -> best_ONLY_DWT_rf conf=0.2369 rank=1
         laya iter 3 -> best_ONLY_DWT_rf conf=None obs=
         laya iter 4 -> best_ONLY_DWT_rf conf=None obs=
[   1] best_single    score=-0.0301 origin=agent    iters=4 stop=no new information in 3 consecutive turns
         TEST  smape=0.0387  rmse=197.1829  pocid=41.67  mape=0.0402
         laya iter 1 -> best_ONLY_CWT_catboost conf=0.6106 rank=1
         laya iter 2 -> best_ONLY_CWT_catboost conf=0.4119 rank=1
         laya iter 3 -> best_ONLY_CWT_catboost conf=None obs=
         laya iter 4 -> best_ONLY_CWT_catboost conf=None obs=
[   2] best_single    score=-0.1317 origin=agent    iters=4 stop=no new information in 3 consecutive turns
         TEST  smape=0.0050  rmse=59.6001  pocid=91.67  mape=0.0049
         laya iter 1 -> best_ONLY_CWT_rf conf=0.6222 rank=1
         laya iter 2 -> best_ONLY_CWT_rf conf=0.2653 rank=1
         laya iter 3 -> best_ONLY_CWT_rf conf=None obs=
         laya iter 4 -> best_ONLY_CWT_rf conf=None obs=
[   3] best_single    score= 0.1800 origin=agent    iters=4 stop=no new information in 3 consecutive turns
         TEST  smape=0.2046  rmse=755.5637  pocid=66.67  mape=0.1779
         laya iter 1 -> best_ONLY_CWT_catboost conf=0.5641 rank=1
         laya iter 2 -> best_ONLY_CWT_catboost conf=0.455 rank=1
         laya iter 3 -> best_ONLY_CWT_catboost conf=None obs=
         laya iter 4 -> best_ONLY_CWT_catboost conf=None obs=
[   4] best_single    score= 0.2595 origin=agent    iters=4 stop=no new information in 3 consecutive turns
         TEST  smape=0.1306  rmse=341.5979  pocid=58.33  mape=0.1324
         laya iter 1 -> best_ONLY_DWT_rf conf=0.5303 rank=1
         laya iter 2 -> best_ONLY_DWT_rf conf=0.1524 rank=1
         laya iter 3 -> best_ONLY_DWT_rf conf=None obs=
         laya iter 4 -> best_ONLY_DWT_rf conf=None obs=
[   5] best_single    score= 0.4030 origin=agent    iters=4 stop=no new information in 3 consecutive turns
         TEST  smape=0.2877  rmse=303.2396  pocid=33.33  mape=0.2374
         laya iter 1 -> best_ONLY_CWT_catboost conf=0.3749 rank=1
         laya iter 2 -> best_ONLY_CWT_catboost conf=0.3046 rank=1
         laya iter 3 -> best_ONLY_CWT_catboost conf=None obs=
         laya iter 4 -> best_ONLY_CWT_catboost conf=None obs=
[   6] best_single    score= 0.3631 origin=agent    iters=4 stop=no new information in 3 consecutive turns
         TEST  smape=0.3665  rmse=1886.7865  pocid=50.00  mape=0.2949
         laya iter 1 -> best_ONLY_DWT_rf conf=0.5144 rank=1
         laya iter 2 -> best_ONLY_DWT_rf conf=0.2782 rank=1
         laya iter 3 -> best_ONLY_DWT_rf conf=None obs=
         laya iter 4 -> best_ONLY_DWT_rf conf=None obs=
[   7] best_single    score= 0.5290 origin=agent    iters=5 stop=no new information in 3 consecutive turns
         TEST  smape=0.4192  rmse=2652.6211  pocid=58.33  mape=0.5882
         laya iter 1 -> best_FT_catboost conf=0.7226 rank=1
         laya iter 2 -> best_ETS conf=0.3112 rank=2
         laya iter 3 -> best_ETS conf=0.2218 rank=2
         laya iter 4 -> best_ETS conf=None obs=
         laya iter 5 -> best_ETS conf=None obs=
[   8] best_single    score= 0.3487 origin=agent    iters=4 stop=no new information in 3 consecutive turns
         TEST  smape=0.1159  rmse=1334.0653  pocid=58.33  mape=0.1267
         laya iter 1 -> best_ONLY_CWT_catboost conf=0.5608 rank=1
         laya iter 2 -> best_ONLY_CWT_catboost conf=0.4303 rank=1
         laya iter 3 -> best_ONLY_CWT_catboost conf=None obs=
         laya iter 4 -> best_ONLY_CWT_catboost conf=None obs=
[   9] best_single    score= 0.0482 origin=agent    iters=2 stop=laya_accept
         TEST  smape=0.0703  rmse=449.5138  pocid=8.33  mape=0.0681
         laya iter 1 -> best_THETA conf=0.3519 rank=1
[  10] best_single    score= 0.0820 origin=agent    iters=5 stop=no new information in 3 consecutive turns
         TEST  smape=0.0835  rmse=32.9368  pocid=58.33  mape=0.0797
         laya iter 1 -> best_ONLY_CWT_rf conf=0.6766 rank=1
         laya iter 2 -> best_ONLY_CWT_catboost conf=0.5624 rank=1
         laya iter 3 -> best_ONLY_CWT_catboost conf=0.6077 rank=1
         laya iter 4 -> best_ONLY_CWT_catboost conf=None obs=
         laya iter 5 -> best_ONLY_CWT_catboost conf=None obs=
[  11] best_single    score= 0.5992 origin=agent    iters=6 stop=no new information in 3 consecutive turns
         TEST  smape=0.0157  rmse=19.9649  pocid=50.00  mape=0.0156
         laya iter 1 -> best_ONLY_FT_catboost conf=0.5041 rank=1
         laya iter 2 -> best_ONLY_FT_catboost conf=0.372 rank=1
         laya iter 3 -> best_ONLY_FT_rf conf=0.3953 rank=1
         laya iter 4 -> best_ONLY_FT_catboost conf=None obs=
         laya iter 5 -> best_ONLY_FT_rf conf=0.2658 rank=1
         laya iter 6 -> best_ONLY_FT_rf conf=None obs=
[  12] best_single    score= 0.3552 origin=agent    iters=2 stop=laya_accept
         TEST  smape=0.0571  rmse=164.6412  pocid=41.67  mape=0.0548
         laya iter 1 -> best_ONLY_FT_rf conf=0.3918 rank=1
[  13] best_single    score= 0.2861 origin=agent    iters=4 stop=no new information in 3 consecutive turns
         TEST  smape=0.0242  rmse=72.7167  pocid=75.00  mape=0.0239
         laya iter 1 -> best_FT_catboost conf=0.4975 rank=1
         laya iter 2 -> best_FT_catboost conf=0.5452 rank=1
         laya iter 3 -> best_FT_catboost conf=None obs=
         laya iter 4 -> best_FT_catboost conf=None obs=
[  14] best_single    score= 0.5339 origin=agent    iters=4 stop=no new information in 3 consecutive turns
         TEST  smape=0.2142  rmse=1183.8257  pocid=33.33  mape=0.2520
         laya iter 1 -> best_ONLY_DWT_catboost conf=0.5514 rank=1
         laya iter 2 -> best_ONLY_DWT_catboost conf=0.3073 rank=1
         laya iter 3 -> best_ONLY_DWT_catboost conf=None obs=
         laya iter 4 -> best_ONLY_DWT_catboost conf=None obs=
[  15] best_single    score= 0.5958 origin=agent    iters=5 stop=no new information in 3 consecutive turns
         TEST  smape=0.1617  rmse=897.0017  pocid=75.00  mape=0.1833
         laya iter 1 -> best_ONLY_FT_catboost conf=0.5657 rank=1
         laya iter 2 -> best_ONLY_CWT_catboost conf=0.3893 rank=1
         laya iter 3 -> best_ONLY_FT_catboost conf=0.5815 rank=2
         laya iter 4 -> best_ONLY_FT_catboost conf=None obs=
         laya iter 5 -> best_ONLY_FT_catboost conf=None obs=
[  16] best_single    score=-0.0459 origin=agent    iters=5 stop=no new information in 3 consecutive turns
         TEST  smape=0.0204  rmse=307.1420  pocid=41.67  mape=0.0201
         laya iter 1 -> best_DWT_rf conf=0.5364 rank=1
         laya iter 2 -> best_ONLY_DWT_rf conf=0.3752 rank=2
         laya iter 3 -> best_ONLY_DWT_rf conf=0.7282 rank=2
         laya iter 4 -> best_ONLY_DWT_rf conf=None obs=
         laya iter 5 -> best_ONLY_DWT_rf conf=None obs=
[  17] best_single    score= 0.0077 origin=agent    iters=2 stop=laya_accept
         TEST  smape=0.0563  rmse=293.5967  pocid=66.67  mape=0.0589
         laya iter 1 -> best_FT_rf conf=0.5053 rank=1
[  18] best_single    score= 0.1286 origin=agent    iters=5 stop=no new information in 3 consecutive turns
         TEST  smape=0.2000  rmse=1243.3159  pocid=50.00  mape=0.1961
         laya iter 1 -> best_ONLY_CWT_rf conf=0.533 rank=1
         laya iter 2 -> best_FT_rf conf=0.2473 rank=1
         laya iter 3 -> best_ONLY_CWT_rf conf=0.4874 rank=2
         laya iter 4 -> best_ONLY_CWT_rf conf=None obs=
         laya iter 5 -> best_ONLY_CWT_rf conf=None obs=
[  19] best_single    score= 0.6630 origin=agent    iters=4 stop=no new information in 3 consecutive turns
         TEST  smape=0.1167  rmse=584.5598  pocid=66.67  mape=0.1309
         laya iter 1 -> best_FT_catboost conf=0.5662 rank=1
         laya iter 2 -> best_FT_catboost conf=0.3564 rank=1
         laya iter 3 -> best_FT_catboost conf=None obs=
         laya iter 4 -> best_FT_catboost conf=None obs=
[  20] best_single    score= 0.2907 origin=agent    iters=5 stop=no new information in 3 consecutive turns
         TEST  smape=0.2183  rmse=719.3227  pocid=75.00  mape=0.1894
         laya iter 1 -> best_ONLY_CWT_rf conf=0.5738 rank=1
         laya iter 2 -> best_ONLY_DWT_catboost conf=0.4094 rank=1
         laya iter 3 -> best_ONLY_CWT_rf conf=0.4914 rank=2
         laya iter 4 -> best_ONLY_CWT_rf conf=None obs=
         laya iter 5 -> best_ONLY_CWT_rf conf=None obs=
[  21] best_single    score= 0.4400 origin=agent    iters=4 stop=no new information in 3 consecutive turns
         TEST  smape=0.1475  rmse=656.9342  pocid=58.33  mape=0.1419
         laya iter 1 -> best_ONLY_FT_rf conf=0.484 rank=1
         laya iter 2 -> best_ONLY_FT_rf conf=0.208 rank=1
         laya iter 3 -> best_ONLY_FT_rf conf=None obs=
         laya iter 4 -> best_ONLY_FT_rf conf=None obs=
[  22] best_single    score= 0.2987 origin=agent    iters=4 stop=no new information in 3 consecutive turns
         TEST  smape=0.1109  rmse=109.3308  pocid=33.33  mape=0.1226
         laya iter 1 -> best_CWT_rf conf=0.4962 rank=1
         laya iter 2 -> best_CWT_rf conf=0.3623 rank=1
         laya iter 3 -> best_CWT_rf conf=None obs=
         laya iter 4 -> best_CWT_rf conf=None obs=
[  23] best_single    score= 0.2530 origin=agent    iters=6 stop=no new information in 3 consecutive turns
         TEST  smape=0.2523  rmse=3823.8002  pocid=50.00  mape=0.2347
         laya iter 1 -> best_ONLY_DWT_rf conf=0.37 rank=1
         laya iter 2 -> best_ONLY_DWT_rf conf=0.2195 rank=1
         laya iter 3 -> best_DWT_rf conf=0.2425 rank=1
         laya iter 4 -> best_ONLY_DWT_rf conf=None obs=
         laya iter 5 -> best_ONLY_DWT_rf conf=None obs=
         laya iter 6 -> best_ONLY_DWT_rf conf=None obs=
[  24] best_single    score= 0.4670 origin=agent    iters=2 stop=laya_accept
         TEST  smape=0.2324  rmse=621.7572  pocid=41.67  mape=0.2029
         laya iter 1 -> best_ONLY_CWT_catboost conf=0.6277 rank=1
[  25] best_single    score= 0.2769 origin=agent    iters=7 stop=no new information in 3 consecutive turns
         TEST  smape=0.3268  rmse=1674.9249  pocid=50.00  mape=0.2692
         laya iter 1 -> best_ONLY_FT_catboost conf=0.7801 rank=1
         laya iter 2 -> best_ONLY_FT_catboost conf=0.3896 rank=1
         laya iter 3 -> best_ONLY_FT_catboost conf=None obs=
         laya iter 4 -> best_ONLY_DWT_catboost conf=0.5256 rank=2
         laya iter 5 -> best_ONLY_DWT_catboost conf=0.7675 rank=2
         laya iter 6 -> best_ONLY_DWT_catboost conf=None obs=
         laya iter 7 -> best_ONLY_DWT_catboost conf=None obs=
[  26] best_single    score= 0.4722 origin=agent    iters=4 stop=no new information in 3 consecutive turns
         TEST  smape=0.3939  rmse=1251.5720  pocid=33.33  mape=0.3151
         laya iter 1 -> best_ONLY_FT_catboost conf=0.4435 rank=1
         laya iter 2 -> best_ONLY_FT_catboost conf=0.3863 rank=1
         laya iter 3 -> best_ONLY_FT_catboost conf=None obs=
         laya iter 4 -> best_ONLY_FT_catboost conf=None obs=
[  27] best_single    score= 0.3102 origin=agent    iters=5 stop=no new information in 3 consecutive turns
         TEST  smape=0.4819  rmse=3005.3161  pocid=41.67  mape=0.3498
         laya iter 1 -> best_FT_catboost conf=0.5432 rank=1
         laya iter 2 -> best_DWT_catboost conf=0.2688 rank=1
         laya iter 3 -> best_DWT_catboost conf=0.4118 rank=1
         laya iter 4 -> best_DWT_catboost conf=None obs=
         laya iter 5 -> best_DWT_catboost conf=None obs=
[  28] best_single    score= 0.2266 origin=agent    iters=4 stop=no new information in 3 consecutive turns
         TEST  smape=0.5452  rmse=696.0374  pocid=58.33  mape=0.4129
         laya iter 1 -> best_ONLY_CWT_catboost conf=0.4932 rank=1
         laya iter 2 -> best_ONLY_CWT_catboost conf=0.4187 rank=1
         laya iter 3 -> best_ONLY_CWT_catboost conf=None obs=
         laya iter 4 -> best_ONLY_CWT_catboost conf=None obs=
[  29] best_single    score= 0.5560 origin=agent    iters=4 stop=no new information in 3 consecutive turns
         TEST  smape=0.1530  rmse=1093.9594  pocid=91.67  mape=0.1388
         laya iter 1 -> best_ONLY_CWT_catboost conf=0.5164 rank=1
         laya iter 2 -> best_ONLY_CWT_catboost conf=0.594 rank=1
         laya iter 3 -> best_ONLY_CWT_catboost conf=None obs=
         laya iter 4 -> best_ONLY_CWT_catboost conf=None obs=
[  30] best_single    score= 0.4192 origin=agent    iters=6 stop=no new information in 3 consecutive turns
         TEST  smape=0.3135  rmse=508.7995  pocid=50.00  mape=0.2710
         laya iter 1 -> best_ONLY_DWT_catboost conf=0.5005 rank=1
         laya iter 2 -> best_ONLY_DWT_catboost conf=0.3491 rank=1
         laya iter 3 -> best_FT_catboost conf=0.3479 rank=1
         laya iter 4 -> best_ONLY_DWT_catboost conf=None obs=
         laya iter 5 -> best_ONLY_DWT_catboost conf=None obs=
         laya iter 6 -> best_ONLY_DWT_catboost conf=None obs=
[  31] best_single    score= 0.5645 origin=agent    iters=4 stop=no new information in 3 consecutive turns
         TEST  smape=0.2035  rmse=1345.5327  pocid=66.67  mape=0.1822
         laya iter 1 -> best_DWT_catboost conf=0.4915 rank=1
         laya iter 2 -> best_DWT_catboost conf=0.4879 rank=1
         laya iter 3 -> best_DWT_catboost conf=None obs=
         laya iter 4 -> best_DWT_catboost conf=None obs=
[  32] best_single    score= 0.3499 origin=agent    iters=6 stop=no new information in 3 consecutive turns
         TEST  smape=0.1923  rmse=704.2141  pocid=83.33  mape=0.2269
         laya iter 1 -> best_ONLY_DWT_catboost conf=0.5618 rank=1
         laya iter 2 -> best_ONLY_DWT_catboost conf=0.3402 rank=1
         laya iter 3 -> best_ONLY_DWT_rf conf=0.4496 rank=1
         laya iter 4 -> best_ONLY_DWT_rf conf=0.7174 rank=1
         laya iter 5 -> best_ONLY_DWT_rf conf=None obs=
         laya iter 6 -> best_ONLY_DWT_rf conf=None obs=
[  33] best_single    score= 0.4589 origin=agent    iters=4 stop=no new information in 3 consecutive turns
         TEST  smape=0.2002  rmse=499.1997  pocid=33.33  mape=0.1722
         laya iter 1 -> best_ONLY_DWT_catboost conf=0.3845 rank=1
         laya iter 2 -> best_ONLY_DWT_catboost conf=0.5454 rank=1
         laya iter 3 -> best_ONLY_DWT_catboost conf=None obs=
         laya iter 4 -> best_ONLY_DWT_catboost conf=None obs=
[  34] best_single    score= 0.3558 origin=agent    iters=4 stop=no new information in 3 consecutive turns
         TEST  smape=0.2816  rmse=542.2547  pocid=100.00  mape=0.2387
         laya iter 1 -> best_ONLY_CWT_catboost conf=0.529 rank=1
         laya iter 2 -> best_ONLY_CWT_catboost conf=0.4059 rank=1
         laya iter 3 -> best_ONLY_CWT_catboost conf=None obs=
         laya iter 4 -> best_ONLY_CWT_catboost conf=None obs=
[  35] best_single    score= 0.4046 origin=agent    iters=4 stop=no new information in 3 consecutive turns
         TEST  smape=0.1321  rmse=2352.5976  pocid=66.67  mape=0.1424
         laya iter 1 -> best_ONLY_DWT_rf conf=0.5703 rank=1
         laya iter 2 -> best_ONLY_DWT_rf conf=0.368 rank=1
         laya iter 3 -> best_ONLY_DWT_rf conf=None obs=
         laya iter 4 -> best_ONLY_DWT_rf conf=None obs=
[  36] best_single    score= 0.6126 origin=agent    iters=2 stop=laya_accept
         TEST  smape=0.0104  rmse=39.1234  pocid=33.33  mape=0.0104
         laya iter 1 -> best_ONLY_FT_rf conf=0.6289 rank=1
[  37] best_single    score= 1.4718 origin=agent    iters=4 stop=no new information in 3 consecutive turns
         TEST  smape=0.0154  rmse=56.0915  pocid=25.00  mape=0.0155
         laya iter 1 -> best_ONLY_DWT_rf conf=0.4053 rank=1
         laya iter 2 -> best_ONLY_DWT_rf conf=0.2034 rank=1
         laya iter 3 -> best_ONLY_DWT_rf conf=None obs=
         laya iter 4 -> best_ONLY_DWT_rf conf=None obs=
[  38] best_single    score= 0.0683 origin=agent    iters=4 stop=no new information in 3 consecutive turns
         TEST  smape=0.0351  rmse=223.2743  pocid=33.33  mape=0.0358
         laya iter 1 -> best_FT_rf conf=0.5358 rank=1
         laya iter 2 -> best_FT_rf conf=0.4092 rank=1
         laya iter 3 -> best_FT_rf conf=None obs=
         laya iter 4 -> best_FT_rf conf=None obs=
[  39] best_single    score=-0.0034 origin=agent    iters=4 stop=no new information in 3 consecutive turns
         TEST  smape=0.0323  rmse=205.7199  pocid=33.33  mape=0.0329
         laya iter 1 -> best_ONLY_DWT_rf conf=0.6784 rank=1
         laya iter 2 -> best_ONLY_DWT_rf conf=0.2836 rank=1
         laya iter 3 -> best_ONLY_DWT_rf conf=None obs=
         laya iter 4 -> best_ONLY_DWT_rf conf=None obs=
[  40] best_single    score= 0.1078 origin=agent    iters=4 stop=no new information in 3 consecutive turns
         TEST  smape=0.0233  rmse=161.9983  pocid=58.33  mape=0.0229
         laya iter 1 -> best_FT_rf conf=0.4923 rank=1
         laya iter 2 -> best_FT_rf conf=0.2143 rank=1
         laya iter 3 -> best_FT_rf conf=None obs=
         laya iter 4 -> best_FT_rf conf=None obs=
[  41] best_single    score= 0.1940 origin=agent    iters=8 stop=no new information in 3 consecutive turns
         TEST  smape=0.0137  rmse=99.9876  pocid=8.33  mape=0.0138
         laya iter 1 -> best_rf conf=0.7247 rank=1
         laya iter 2 -> best_FT_rf conf=0.3017 rank=1
         laya iter 3 -> best_FT_rf conf=0.3196 rank=1
         laya iter 4 -> best_FT_rf conf=None obs=
         laya iter 5 -> best_DWT_catboost conf=0.6052 rank=1
         laya iter 6 -> best_DWT_catboost conf=0.5467 rank=1
         laya iter 7 -> best_DWT_catboost conf=None obs=
         laya iter 8 -> best_DWT_catboost conf=None obs=
[  42] best_single    score= 0.2347 origin=agent    iters=4 stop=no new information in 3 consecutive turns
         TEST  smape=0.0229  rmse=154.0244  pocid=33.33  mape=0.0232
         laya iter 1 -> best_ONLY_DWT_catboost conf=0.6552 rank=1
         laya iter 2 -> best_ONLY_DWT_catboost conf=0.4022 rank=1
         laya iter 3 -> best_ONLY_DWT_catboost conf=None obs=
         laya iter 4 -> best_ONLY_DWT_catboost conf=None obs=
[  43] best_single    score=-0.0024 origin=agent    iters=5 stop=no new information in 3 consecutive turns
         TEST  smape=0.0257  rmse=160.9396  pocid=41.67  mape=0.0261
         laya iter 1 -> best_ONLY_DWT_rf conf=0.51 rank=1
         laya iter 2 -> best_ONLY_DWT_catboost conf=0.2575 rank=1
         laya iter 3 -> best_ONLY_DWT_rf conf=0.3973 rank=2
         laya iter 4 -> best_ONLY_DWT_rf conf=None obs=
         laya iter 5 -> best_ONLY_DWT_rf conf=None obs=
[  44] best_single    score= 0.4210 origin=agent    iters=4 stop=no new information in 3 consecutive turns
         TEST  smape=0.0403  rmse=152.1604  pocid=33.33  mape=0.0391
         laya iter 1 -> best_ONLY_FT_catboost conf=0.6483 rank=1
         laya iter 2 -> best_ONLY_FT_catboost conf=0.6008 rank=1
         laya iter 3 -> best_ONLY_FT_catboost conf=None obs=
         laya iter 4 -> best_ONLY_FT_catboost conf=None obs=
[  45] best_single    score= 0.1450 origin=agent    iters=4 stop=no new information in 3 consecutive turns
         TEST  smape=0.0609  rmse=197.8895  pocid=58.33  mape=0.0629
         laya iter 1 -> best_ONLY_CWT_rf conf=0.5526 rank=1
         laya iter 2 -> best_ONLY_CWT_rf conf=0.2591 rank=1
         laya iter 3 -> best_ONLY_CWT_rf conf=None obs=
         laya iter 4 -> best_ONLY_CWT_rf conf=None obs=
[  46] best_single    score= 0.4413 origin=agent    iters=5 stop=no new information in 3 consecutive turns
         TEST  smape=0.0412  rmse=151.3095  pocid=41.67  mape=0.0400
         laya iter 1 -> best_ONLY_CWT_catboost conf=0.5028 rank=1
         laya iter 2 -> best_ONLY_FT_catboost conf=0.2366 rank=1
         laya iter 3 -> best_ONLY_FT_catboost conf=0.4218 rank=1
         laya iter 4 -> best_ONLY_FT_catboost conf=None obs=
         laya iter 5 -> best_ONLY_FT_catboost conf=None obs=
[  47] best_single    score= 0.1076 origin=agent    iters=4 stop=no new information in 3 consecutive turns
         TEST  smape=0.0166  rmse=51.0157  pocid=75.00  mape=0.0164
         laya iter 1 -> best_ONLY_DWT_rf conf=0.5404 rank=1
         laya iter 2 -> best_ONLY_DWT_rf conf=0.3373 rank=1
         laya iter 3 -> best_ONLY_DWT_rf conf=None obs=
         laya iter 4 -> best_ONLY_DWT_rf conf=None obs=
[  48] best_single    score= 0.6146 origin=agent    iters=4 stop=no new information in 3 consecutive turns
         TEST  smape=0.0342  rmse=127.0873  pocid=58.33  mape=0.0342
         laya iter 1 -> best_ONLY_FT_catboost conf=0.6724 rank=1
         laya iter 2 -> best_ONLY_FT_catboost conf=0.4058 rank=1
         laya iter 3 -> best_ONLY_FT_catboost conf=None obs=
         laya iter 4 -> best_ONLY_FT_catboost conf=None obs=
[  49] best_single    score= 0.6178 origin=agent    iters=4 stop=no new information in 3 consecutive turns
         TEST  smape=0.0246  rmse=98.1392  pocid=58.33  mape=0.0247
         laya iter 1 -> best_ONLY_FT_rf conf=0.6332 rank=1
         laya iter 2 -> best_ONLY_FT_rf conf=0.3525 rank=1
         laya iter 3 -> best_ONLY_FT_rf conf=None obs=
         laya iter 4 -> best_ONLY_FT_rf conf=None obs=
[  50] best_single    score= 0.0892 origin=agent    iters=7 stop=no new information in 3 consecutive turns
         TEST  smape=0.0159  rmse=121.4403  pocid=33.33  mape=0.0161
         laya iter 1 -> best_ONLY_DWT_catboost conf=0.4361 rank=1
         laya iter 2 -> best_ONLY_CWT_rf conf=0.1768 rank=1
         laya iter 3 -> best_ONLY_CWT_rf conf=0.3316 rank=1
         laya iter 4 -> best_ONLY_CWT_catboost conf=0.5095 rank=2
         laya iter 5 -> best_ONLY_CWT_catboost conf=0.4871 rank=2
         laya iter 6 -> best_ONLY_DWT_catboost conf=0.5041 rank=3
         laya iter 7 -> best_ONLY_DWT_catboost conf=None obs=
[  51] best_single    score= 0.3185 origin=agent    iters=4 stop=no new information in 3 consecutive turns
         TEST  smape=0.0229  rmse=197.5676  pocid=41.67  mape=0.0233
         laya iter 1 -> best_ONLY_DWT_rf conf=0.7065 rank=1
         laya iter 2 -> best_ONLY_DWT_rf conf=0.3488 rank=1
         laya iter 3 -> best_ONLY_DWT_rf conf=None obs=
         laya iter 4 -> best_ONLY_DWT_rf conf=None obs=
[  52] best_single    score= 0.4786 origin=agent    iters=4 stop=no new information in 3 consecutive turns
         TEST  smape=0.0779  rmse=208.5998  pocid=25.00  mape=0.0735
         laya iter 1 -> best_ONLY_DWT_catboost conf=0.7017 rank=1
         laya iter 2 -> best_ONLY_DWT_catboost conf=0.3348 rank=1
         laya iter 3 -> best_ONLY_DWT_catboost conf=None obs=
         laya iter 4 -> best_ONLY_DWT_catboost conf=None obs=
[  53] best_single    score=-0.1004 origin=agent    iters=4 stop=no new information in 3 consecutive turns
         TEST  smape=0.0116  rmse=36.4830  pocid=58.33  mape=0.0118
         laya iter 1 -> best_ONLY_DWT_catboost conf=0.5484 rank=1
         laya iter 2 -> best_ONLY_DWT_catboost conf=0.3513 rank=1
         laya iter 3 -> best_ONLY_DWT_catboost conf=None obs=
         laya iter 4 -> best_ONLY_DWT_catboost conf=None obs=
[  54] best_single    score= 0.4888 origin=agent    iters=4 stop=no new information in 3 consecutive turns
         TEST  smape=0.0600  rmse=341.0988  pocid=41.67  mape=0.0596
         laya iter 1 -> best_ONLY_DWT_rf conf=0.5594 rank=1
         laya iter 2 -> best_ONLY_DWT_rf conf=0.3134 rank=1
         laya iter 3 -> best_ONLY_DWT_rf conf=None obs=
         laya iter 4 -> best_ONLY_DWT_rf conf=None obs=
[  55] best_single    score= 0.5894 origin=agent    iters=5 stop=no new information in 3 consecutive turns
         TEST  smape=0.0175  rmse=83.2815  pocid=100.00  mape=0.0173
         laya iter 1 -> best_DWT_rf conf=0.8301 rank=1
         laya iter 2 -> best_ONLY_DWT_rf conf=0.3767 rank=1
         laya iter 3 -> best_ONLY_DWT_rf conf=0.4118 rank=1
         laya iter 4 -> best_ONLY_DWT_rf conf=None obs=
         laya iter 5 -> best_ONLY_DWT_rf conf=None obs=
[  56] best_single    score= 0.3054 origin=agent    iters=4 stop=no new information in 3 consecutive turns
         TEST  smape=0.3755  rmse=514.7284  pocid=75.00  mape=0.2859
         laya iter 1 -> best_ONLY_CWT_rf conf=0.4352 rank=1
         laya iter 2 -> best_ONLY_CWT_rf conf=0.2974 rank=1
         laya iter 3 -> best_ONLY_CWT_rf conf=None obs=
         laya iter 4 -> best_ONLY_CWT_rf conf=None obs=
[  57] best_single    score= 0.4900 origin=agent    iters=4 stop=no new information in 3 consecutive turns
         TEST  smape=0.1107  rmse=439.7044  pocid=58.33  mape=0.1037
         laya iter 1 -> best_FT_catboost conf=0.4812 rank=1
         laya iter 2 -> best_FT_catboost conf=0.2308 rank=1
         laya iter 3 -> best_FT_catboost conf=None obs=
         laya iter 4 -> best_FT_catboost conf=None obs=
[  58] best_single    score= 0.6278 origin=agent    iters=4 stop=no new information in 3 consecutive turns
         TEST  smape=0.2147  rmse=493.5041  pocid=41.67  mape=0.2394
         laya iter 1 -> best_ONLY_FT_rf conf=0.4358 rank=1
         laya iter 2 -> best_ONLY_FT_rf conf=0.2417 rank=1
         laya iter 3 -> best_ONLY_FT_rf conf=None obs=
         laya iter 4 -> best_ONLY_FT_rf conf=None obs=
[  59] best_single    score= 0.1812 origin=agent    iters=6 stop=laya_accept
         TEST  smape=0.0375  rmse=385.9353  pocid=66.67  mape=0.0366
         laya iter 1 -> best_ONLY_CWT_rf conf=0.52 rank=1
         laya iter 2 -> best_catboost conf=0.3071 rank=2
         laya iter 3 -> best_ONLY_CWT_catboost conf=0.3288 rank=1
         laya iter 4 -> best_ONLY_CWT_rf conf=0.3448 rank=2
         laya iter 5 -> best_ONLY_CWT_rf conf=None obs=
[  60] best_single    score= 0.1168 origin=agent    iters=4 stop=no new information in 3 consecutive turns
         TEST  smape=0.0313  rmse=395.8200  pocid=16.67  mape=0.0313
         laya iter 1 -> best_ONLY_CWT_rf conf=0.5491 rank=1
         laya iter 2 -> best_ONLY_CWT_rf conf=0.247 rank=1
         laya iter 3 -> best_ONLY_CWT_rf conf=None obs=
         laya iter 4 -> best_ONLY_CWT_rf conf=None obs=
[  61] best_single    score= 0.0875 origin=agent    iters=6 stop=no new information in 3 consecutive turns
         TEST  smape=0.0198  rmse=213.1208  pocid=41.67  mape=0.0194
         laya iter 1 -> best_ONLY_DWT_catboost conf=0.4268 rank=1
         laya iter 2 -> best_ONLY_DWT_catboost conf=0.3315 rank=1
         laya iter 3 -> best_ONLY_CWT_rf conf=0.3727 rank=1
         laya iter 4 -> best_ONLY_CWT_rf conf=0.6039 rank=1
         laya iter 5 -> best_ONLY_CWT_rf conf=None obs=
         laya iter 6 -> best_ONLY_CWT_rf conf=None obs=
[  62] best_single    score= 0.0634 origin=agent    iters=4 stop=no new information in 3 consecutive turns
         TEST  smape=0.0200  rmse=212.1813  pocid=33.33  mape=0.0195
         laya iter 1 -> best_DWT_catboost conf=0.5211 rank=1
         laya iter 2 -> best_DWT_catboost conf=0.349 rank=1
         laya iter 3 -> best_DWT_catboost conf=None obs=
         laya iter 4 -> best_DWT_catboost conf=None obs=
[  63] best_single    score=-0.0941 origin=agent    iters=4 stop=no new information in 3 consecutive turns
         TEST  smape=0.0154  rmse=333.2679  pocid=100.00  mape=0.0152
         laya iter 1 -> best_ONLY_CWT_rf conf=0.5031 rank=1
         laya iter 2 -> best_ONLY_CWT_rf conf=0.5002 rank=1
         laya iter 3 -> best_ONLY_CWT_rf conf=None obs=
         laya iter 4 -> best_ONLY_CWT_rf conf=None obs=
[  64] best_single    score=-0.1076 origin=agent    iters=6 stop=no new information in 3 consecutive turns
         TEST  smape=0.0212  rmse=541.7724  pocid=91.67  mape=0.0209
         laya iter 1 -> best_ONLY_DWT_rf conf=0.3028 rank=1
         laya iter 2 -> best_DWT_rf conf=0.3426 rank=1
         laya iter 3 -> best_ONLY_CWT_rf conf=0.7033 rank=2
         laya iter 4 -> best_ONLY_DWT_rf conf=0.5956 rank=3
         laya iter 5 -> best_ONLY_DWT_rf conf=None obs=
         laya iter 6 -> best_ONLY_DWT_rf conf=None obs=
[  65] best_single    score=-0.1334 origin=agent    iters=4 stop=no new information in 3 consecutive turns
         TEST  smape=0.0035  rmse=32.2405  pocid=91.67  mape=0.0035
         laya iter 1 -> best_ONLY_CWT_rf conf=0.6919 rank=1
         laya iter 2 -> best_ONLY_CWT_rf conf=0.1819 rank=1
         laya iter 3 -> best_ONLY_CWT_rf conf=None obs=
         laya iter 4 -> best_ONLY_CWT_rf conf=None obs=
[  66] best_single    score= 0.0516 origin=agent    iters=3 stop=laya_accept
         TEST  smape=0.0260  rmse=413.6317  pocid=66.67  mape=0.0255
         laya iter 1 -> best_ONLY_DWT_rf conf=0.6869 rank=1
         laya iter 2 -> best_FT_catboost conf=0.2332 rank=1
[  67] best_single    score=-0.0104 origin=agent    iters=3 stop=laya_accept
         TEST  smape=0.0073  rmse=61.8115  pocid=41.67  mape=0.0073
         laya iter 1 -> best_ONLY_CWT_rf conf=0.6198 rank=1
         laya iter 2 -> best_ONLY_CWT_rf conf=0.2786 rank=1
[  68] best_single    score= 0.0113 origin=agent    iters=4 stop=no new information in 3 consecutive turns
         TEST  smape=0.0097  rmse=78.1046  pocid=50.00  mape=0.0097
         laya iter 1 -> best_FT_catboost conf=0.5341 rank=1
         laya iter 2 -> best_FT_catboost conf=0.4721 rank=1
         laya iter 3 -> best_FT_catboost conf=None obs=
         laya iter 4 -> best_FT_catboost conf=None obs=
[  69] best_single    score=-0.0478 origin=agent    iters=4 stop=no new information in 3 consecutive turns
         TEST  smape=0.0091  rmse=26.8313  pocid=50.00  mape=0.0091
         laya iter 1 -> best_ONLY_FT_rf conf=0.6447 rank=1
         laya iter 2 -> best_ONLY_FT_rf conf=0.251 rank=1
         laya iter 3 -> best_ONLY_FT_rf conf=None obs=
         laya iter 4 -> best_ONLY_FT_rf conf=None obs=
[  70] best_single    score= 0.1544 origin=agent    iters=2 stop=laya_accept
         TEST  smape=0.0188  rmse=40.5466  pocid=75.00  mape=0.0185
         laya iter 1 -> best_ONLY_DWT_rf conf=0.5881 rank=1
[  71] best_single    score= 0.1598 origin=agent    iters=4 stop=no new information in 3 consecutive turns
         TEST  smape=0.3977  rmse=865.6468  pocid=33.33  mape=0.2545
         laya iter 1 -> best_ONLY_DWT_catboost conf=0.6254 rank=1
         laya iter 2 -> best_ONLY_DWT_catboost conf=0.3477 rank=1
         laya iter 3 -> best_ONLY_DWT_catboost conf=None obs=
         laya iter 4 -> best_ONLY_DWT_catboost conf=None obs=
[  72] best_single    score= 0.1179 origin=agent    iters=7 stop=no new information in 3 consecutive turns
         TEST  smape=0.0625  rmse=151.3030  pocid=75.00  mape=0.0591
         laya iter 1 -> best_ONLY_CWT_rf conf=0.5966 rank=1
         laya iter 2 -> best_CWT_rf conf=0.2915 rank=1
         laya iter 3 -> best_ONLY_CWT_catboost conf=0.3819 rank=2
         laya iter 4 -> best_ONLY_DWT_rf conf=0.556 rank=4
         laya iter 5 -> best_ONLY_CWT_rf conf=0.5056 rank=3
         laya iter 6 -> best_ONLY_DWT_rf conf=0.4831 rank=4
         laya iter 7 -> best_ONLY_CWT_rf conf=None obs=
[  73] best_single    score= 0.6735 origin=agent    iters=6 stop=no new information in 3 consecutive turns
         TEST  smape=0.1807  rmse=944.1360  pocid=33.33  mape=0.1646
         laya iter 1 -> best_ONLY_FT_catboost conf=0.4082 rank=1
         laya iter 2 -> best_ONLY_FT_catboost conf=0.3012 rank=1
         laya iter 3 -> best_ONLY_FT_rf conf=0.5332 rank=1
         laya iter 4 -> best_ONLY_FT_rf conf=0.5445 rank=1
         laya iter 5 -> best_ONLY_FT_rf conf=None obs=
         laya iter 6 -> best_ONLY_FT_rf conf=None obs=
[  74] best_single    score= 0.1109 origin=agent    iters=4 stop=no new information in 3 consecutive turns
         TEST  smape=0.0264  rmse=739.0544  pocid=66.67  mape=0.0265
         laya iter 1 -> best_FT_rf conf=0.5867 rank=1
         laya iter 2 -> best_FT_rf conf=0.1777 rank=1
         laya iter 3 -> best_FT_rf conf=None obs=
         laya iter 4 -> best_FT_rf conf=None obs=
[  75] best_single    score= 0.0819 origin=agent    iters=4 stop=no new information in 3 consecutive turns
         TEST  smape=1.4149  rmse=1059.4495  pocid=8.33  mape=3.0112
         laya iter 1 -> best_ONLY_CWT_catboost conf=0.4872 rank=1
         laya iter 2 -> best_ONLY_CWT_catboost conf=0.4053 rank=1
         laya iter 3 -> best_ONLY_CWT_catboost conf=None obs=
         laya iter 4 -> best_ONLY_CWT_catboost conf=None obs=
[  76] best_single    score=-0.0651 origin=agent    iters=4 stop=no new information in 3 consecutive turns
         TEST  smape=0.2381  rmse=1010.6013  pocid=58.33  mape=0.2109
         laya iter 1 -> best_ONLY_DWT_rf conf=0.4739 rank=1
         laya iter 2 -> best_ONLY_DWT_rf conf=0.4399 rank=1
         laya iter 3 -> best_ONLY_DWT_rf conf=None obs=
         laya iter 4 -> best_ONLY_DWT_rf conf=None obs=
[  77] best_single    score= 0.3725 origin=agent    iters=4 stop=no new information in 3 consecutive turns
         TEST  smape=0.2199  rmse=949.6860  pocid=91.67  mape=0.1958
         laya iter 1 -> best_ONLY_CWT_catboost conf=0.4944 rank=1
         laya iter 2 -> best_ONLY_CWT_catboost conf=0.4662 rank=1
         laya iter 3 -> best_ONLY_CWT_catboost conf=None obs=
         laya iter 4 -> best_ONLY_CWT_catboost conf=None obs=
[  78] best_single    score= 0.6782 origin=agent    iters=7 stop=no new information in 3 consecutive turns
         TEST  smape=0.1209  rmse=235.4968  pocid=50.00  mape=0.1133
         laya iter 1 -> best_ONLY_DWT_rf conf=0.5692 rank=1
         laya iter 2 -> best_ONLY_DWT_rf conf=0.2022 rank=1
         laya iter 3 -> best_ONLY_DWT_rf conf=None obs=
         laya iter 4 -> best_FT_catboost conf=0.3314 rank=2
         laya iter 5 -> best_FT_catboost conf=0.3704 rank=2
         laya iter 6 -> best_FT_catboost conf=None obs=
         laya iter 7 -> best_FT_catboost conf=None obs=
[  79] best_single    score= 0.7874 origin=agent    iters=4 stop=no new information in 3 consecutive turns
         TEST  smape=0.2353  rmse=384.6588  pocid=33.33  mape=0.2085
         laya iter 1 -> best_ONLY_DWT_catboost conf=0.6218 rank=1
         laya iter 2 -> best_ONLY_DWT_catboost conf=0.3108 rank=1
         laya iter 3 -> best_ONLY_DWT_catboost conf=None obs=
         laya iter 4 -> best_ONLY_DWT_catboost conf=None obs=
[  80] best_single    score= 0.1345 origin=agent    iters=5 stop=no new information in 3 consecutive turns
         TEST  smape=0.0292  rmse=837.4919  pocid=58.33  mape=0.0297
         laya iter 1 -> best_FT_catboost conf=0.5963 rank=1
         laya iter 2 -> best_ONLY_DWT_rf conf=0.4366 rank=1
         laya iter 3 -> best_ONLY_DWT_rf conf=0.3955 rank=1
         laya iter 4 -> best_ONLY_DWT_rf conf=None obs=
         laya iter 5 -> best_FT_catboost conf=0.5649 rank=2
[  81] best_single    score=-0.0956 origin=agent    iters=5 stop=no new information in 3 consecutive turns
         TEST  smape=0.0029  rmse=14.4843  pocid=58.33  mape=0.0029
         laya iter 1 -> best_ONLY_FT_rf conf=0.545 rank=1
         laya iter 2 -> best_ONLY_FT_catboost conf=0.2877 rank=1
         laya iter 3 -> best_ONLY_FT_catboost conf=0.4549 rank=1
         laya iter 4 -> best_ONLY_FT_rf conf=0.5275 rank=2
         laya iter 5 -> best_ONLY_FT_rf conf=None obs=
[  82] best_single    score= 0.4168 origin=agent    iters=2 stop=laya_accept
         TEST  smape=0.0306  rmse=213.8698  pocid=41.67  mape=0.0313
         laya iter 1 -> best_FT_catboost conf=0.691 rank=1
[  83] best_single    score= 0.3662 origin=agent    iters=5 stop=no new information in 3 consecutive turns
         TEST  smape=0.0070  rmse=49.1888  pocid=58.33  mape=0.0070
         laya iter 1 -> best_ONLY_CWT_catboost conf=0.5837 rank=1
         laya iter 2 -> best_DWT_catboost conf=0.2282 rank=1
         laya iter 3 -> best_ONLY_CWT_catboost conf=0.6695 rank=2
         laya iter 4 -> best_ONLY_CWT_catboost conf=None obs=
         laya iter 5 -> best_ONLY_CWT_catboost conf=None obs=
[  84] best_single    score=-0.0749 origin=agent    iters=4 stop=no new information in 3 consecutive turns
         TEST  smape=0.0091  rmse=199.7728  pocid=83.33  mape=0.0090
         laya iter 1 -> best_ONLY_CWT_catboost conf=0.5602 rank=1
         laya iter 2 -> best_ONLY_CWT_catboost conf=0.359 rank=1
         laya iter 3 -> best_ONLY_CWT_catboost conf=None obs=
         laya iter 4 -> best_ONLY_CWT_catboost conf=None obs=
[  85] best_single    score=-0.0753 origin=agent    iters=4 stop=no new information in 3 consecutive turns
         TEST  smape=0.0122  rmse=228.7026  pocid=75.00  mape=0.0121
         laya iter 1 -> best_ONLY_CWT_catboost conf=0.5078 rank=1
         laya iter 2 -> best_ONLY_CWT_catboost conf=0.4585 rank=1
         laya iter 3 -> best_ONLY_CWT_catboost conf=None obs=
         laya iter 4 -> best_ONLY_CWT_catboost conf=None obs=
[  86] best_single    score=-0.0510 origin=agent    iters=2 stop=laya_accept
         TEST  smape=0.0168  rmse=20.1374  pocid=75.00  mape=0.0166
         laya iter 1 -> best_ONLY_DWT_catboost conf=0.8279 rank=1
[  87] best_single    score=-0.0215 origin=agent    iters=2 stop=laya_accept
         TEST  smape=0.0074  rmse=100.7242  pocid=58.33  mape=0.0074
         laya iter 1 -> best_ONLY_FT_rf conf=0.4822 rank=1
[  88] best_single    score= 0.0125 origin=agent    iters=4 stop=no new information in 3 consecutive turns
         TEST  smape=0.0969  rmse=121.7222  pocid=50.00  mape=0.1026
         laya iter 1 -> best_ONLY_FT_rf conf=0.6853 rank=1
         laya iter 2 -> best_ONLY_FT_rf conf=0.3123 rank=1
         laya iter 3 -> best_ONLY_FT_rf conf=None obs=
         laya iter 4 -> best_ONLY_FT_rf conf=None obs=
[  89] best_single    score= 0.0373 origin=agent    iters=5 stop=no new information in 3 consecutive turns
         TEST  smape=0.0213  rmse=45.3663  pocid=83.33  mape=0.0216
         laya iter 1 -> best_ONLY_CWT_rf conf=0.5514 rank=1
         laya iter 2 -> best_ONLY_DWT_rf conf=0.6334 rank=1
         laya iter 3 -> best_ONLY_DWT_rf conf=0.5947 rank=1
         laya iter 4 -> best_ONLY_CWT_rf conf=0.6267 rank=2
         laya iter 5 -> best_ONLY_CWT_rf conf=None obs=
[  90] best_single    score=-0.0140 origin=agent    iters=5 stop=no new information in 3 consecutive turns
         TEST  smape=0.0294  rmse=621.4291  pocid=66.67  mape=0.0299
         laya iter 1 -> best_ONLY_FT_rf conf=0.4643 rank=1
         laya iter 2 -> best_ONLY_FT_catboost conf=0.2376 rank=1
         laya iter 3 -> best_ONLY_FT_rf conf=0.4025 rank=2
         laya iter 4 -> best_ONLY_FT_catboost conf=0.5596 rank=1
         laya iter 5 -> best_ONLY_FT_catboost conf=None obs=
[  91] best_single    score=-0.0695 origin=agent    iters=5 stop=no new information in 3 consecutive turns
         TEST  smape=0.0657  rmse=1644.7229  pocid=58.33  mape=0.0684
         laya iter 1 -> best_FT_catboost conf=0.5561 rank=1
         laya iter 2 -> best_FT_rf conf=0.3718 rank=1
         laya iter 3 -> best_FT_rf conf=0.3102 rank=1
         laya iter 4 -> best_FT_rf conf=None obs=
         laya iter 5 -> best_FT_rf conf=None obs=
[  92] best_single    score= 0.3362 origin=agent    iters=6 stop=no new information in 3 consecutive turns
         TEST  smape=0.0028  rmse=5.4710  pocid=83.33  mape=0.0028
         laya iter 1 -> best_ONLY_CWT_rf conf=0.6542 rank=1
         laya iter 2 -> best_FT_catboost conf=0.2269 rank=1
         laya iter 3 -> best_ONLY_CWT_catboost conf=0.5987 rank=1
         laya iter 4 -> best_ONLY_CWT_catboost conf=0.4839 rank=1
         laya iter 5 -> best_ONLY_CWT_catboost conf=None obs=
         laya iter 6 -> best_ONLY_CWT_catboost conf=None obs=
[  93] best_single    score= 0.3090 origin=agent    iters=8 stop=no new information in 3 consecutive turns
         TEST  smape=0.1310  rmse=273.7784  pocid=58.33  mape=0.1215
         laya iter 1 -> best_catboost conf=0.8195 rank=1
         laya iter 2 -> best_FT_catboost conf=0.3974 rank=1
         laya iter 3 -> best_FT_catboost conf=0.3924 rank=1
         laya iter 4 -> best_FT_catboost conf=None obs=
         laya iter 5 -> best_ONLY_DWT_catboost conf=0.6028 rank=1
         laya iter 6 -> best_ONLY_DWT_catboost conf=0.6387 rank=1
         laya iter 7 -> best_ONLY_DWT_catboost conf=None obs=
         laya iter 8 -> best_ONLY_DWT_catboost conf=None obs=
[  94] best_single    score= 0.3936 origin=agent    iters=5 stop=no new information in 3 consecutive turns
         TEST  smape=0.0798  rmse=167.0561  pocid=41.67  mape=0.0757
         laya iter 1 -> best_ONLY_CWT_rf conf=0.7692 rank=1
         laya iter 2 -> best_DWT_catboost conf=0.2858 rank=1
         laya iter 3 -> best_DWT_catboost conf=0.4285 rank=1
         laya iter 4 -> best_DWT_catboost conf=None obs=
         laya iter 5 -> best_DWT_catboost conf=None obs=
[  95] best_single    score=-0.1093 origin=agent    iters=4 stop=no new information in 3 consecutive turns
         TEST  smape=0.0029  rmse=46.1750  pocid=75.00  mape=0.0029
         laya iter 1 -> best_ONLY_CWT_catboost conf=0.6826 rank=1
         laya iter 2 -> best_ONLY_CWT_catboost conf=0.4452 rank=1
         laya iter 3 -> best_ONLY_CWT_catboost conf=None obs=
         laya iter 4 -> best_ONLY_CWT_catboost conf=None obs=
[  96] best_single    score= 0.0323 origin=agent    iters=5 stop=no new information in 3 consecutive turns
         TEST  smape=0.0845  rmse=48.0895  pocid=16.67  mape=0.0895
         laya iter 1 -> best_FT_catboost conf=0.6743 rank=1
         laya iter 2 -> best_ONLY_FT_catboost conf=0.3207 rank=1
         laya iter 3 -> best_ONLY_FT_catboost conf=0.3334 rank=1
         laya iter 4 -> best_ONLY_FT_catboost conf=None obs=
         laya iter 5 -> best_ONLY_FT_catboost conf=None obs=
[  97] best_single    score= 0.0015 origin=agent    iters=5 stop=no new information in 3 consecutive turns
         TEST  smape=0.0254  rmse=20.6017  pocid=58.33  mape=0.0250
         laya iter 1 -> best_FT_rf conf=0.5178 rank=1
         laya iter 2 -> best_ONLY_FT_rf conf=0.4873 rank=2
         laya iter 3 -> best_ONLY_FT_rf conf=0.3578 rank=2
         laya iter 4 -> best_ONLY_FT_rf conf=None obs=
         laya iter 5 -> best_ONLY_FT_rf conf=None obs=
[  98] best_single    score=-0.0297 origin=agent    iters=4 stop=no new information in 3 consecutive turns
         TEST  smape=0.0201  rmse=306.4007  pocid=50.00  mape=0.0203
         laya iter 1 -> best_ONLY_DWT_rf conf=0.4153 rank=1
         laya iter 2 -> best_ONLY_DWT_rf conf=0.3586 rank=1
         laya iter 3 -> best_ONLY_DWT_rf conf=None obs=
         laya iter 4 -> best_ONLY_DWT_rf conf=None obs=
[  99] best_single    score=-0.0757 origin=agent    iters=5 stop=no new information in 3 consecutive turns
         TEST  smape=0.0159  rmse=211.9209  pocid=66.67  mape=0.0158
         laya iter 1 -> best_ONLY_FT_rf conf=0.501 rank=1
         laya iter 2 -> best_FT_rf conf=0.2882 rank=1
         laya iter 3 -> best_ONLY_FT_rf conf=0.3816 rank=2
         laya iter 4 -> best_FT_rf conf=0.4984 rank=1
         laya iter 5 -> best_ONLY_FT_rf conf=None obs=
[ 100] best_single    score=-0.0119 origin=agent    iters=6 stop=no new information in 3 consecutive turns
         TEST  smape=0.0039  rmse=44.9234  pocid=91.67  mape=0.0039
         laya iter 1 -> best_ONLY_CWT_rf conf=0.652 rank=1
         laya iter 2 -> best_FT_catboost conf=0.4194 rank=1
         laya iter 3 -> best_ONLY_DWT_rf conf=0.6458 rank=2
         laya iter 4 -> best_FT_catboost conf=0.483 rank=1
         laya iter 5 -> best_FT_catboost conf=None obs=
         laya iter 6 -> best_ONLY_DWT_rf conf=0.43 rank=2
[ 101] best_single    score=-0.0379 origin=agent    iters=4 stop=no new information in 3 consecutive turns
         TEST  smape=0.0255  rmse=448.0456  pocid=66.67  mape=0.0259
         laya iter 1 -> best_CWT_catboost conf=0.4252 rank=1
         laya iter 2 -> best_CWT_catboost conf=0.6609 rank=1
         laya iter 3 -> best_CWT_catboost conf=None obs=
         laya iter 4 -> best_CWT_catboost conf=None obs=
[ 102] best_single    score=-0.0225 origin=agent    iters=5 stop=no new information in 3 consecutive turns
         TEST  smape=0.0363  rmse=168.8737  pocid=41.67  mape=0.0359
         laya iter 1 -> best_ONLY_CWT_rf conf=0.5331 rank=1
         laya iter 2 -> best_ONLY_DWT_rf conf=0.6287 rank=2
         laya iter 3 -> best_ONLY_CWT_rf conf=0.4823 rank=1
         laya iter 4 -> best_ONLY_CWT_rf conf=None obs=
         laya iter 5 -> best_ONLY_CWT_rf conf=None obs=
[ 103] best_single    score= 0.3704 origin=agent    iters=4 stop=no new information in 3 consecutive turns
         TEST  smape=0.0191  rmse=21.2877  pocid=83.33  mape=0.0193
         laya iter 1 -> best_ONLY_CWT_rf conf=0.6869 rank=1
         laya iter 2 -> best_ONLY_CWT_rf conf=0.2534 rank=1
         laya iter 3 -> best_ONLY_CWT_rf conf=None obs=
         laya iter 4 -> best_ONLY_CWT_rf conf=None obs=
[ 104] best_single    score=-0.1035 origin=agent    iters=4 stop=no new information in 3 consecutive turns
         TEST  smape=0.0113  rmse=126.7390  pocid=33.33  mape=0.0114
         laya iter 1 -> best_ONLY_DWT_rf conf=0.3798 rank=1
         laya iter 2 -> best_ONLY_DWT_rf conf=0.2973 rank=1
         laya iter 3 -> best_ONLY_DWT_rf conf=None obs=
         laya iter 4 -> best_ONLY_DWT_rf conf=None obs=
[ 105] best_single    score= 0.1289 origin=agent    iters=4 stop=no new information in 3 consecutive turns
         TEST  smape=0.0016  rmse=4.9346  pocid=66.67  mape=0.0016
         laya iter 1 -> best_ONLY_CWT_catboost conf=0.7337 rank=1
         laya iter 2 -> best_ONLY_CWT_catboost conf=0.5724 rank=1
         laya iter 3 -> best_ONLY_CWT_catboost conf=None obs=
         laya iter 4 -> best_ONLY_CWT_catboost conf=None obs=
[ 106] best_single    score=-0.0520 origin=agent    iters=4 stop=no new information in 3 consecutive turns
         TEST  smape=0.0101  rmse=270.8159  pocid=58.33  mape=0.0101
         laya iter 1 -> best_FT_rf conf=0.5489 rank=1
         laya iter 2 -> best_FT_rf conf=0.5243 rank=1
         laya iter 3 -> best_FT_rf conf=None obs=
         laya iter 4 -> best_FT_rf conf=None obs=
[ 107] best_single    score=-0.1234 origin=agent    iters=7 stop=no new information in 3 consecutive turns
         TEST  smape=0.0074  rmse=150.9616  pocid=66.67  mape=0.0074
         laya iter 1 -> best_ONLY_FT_rf conf=0.5533 rank=1
         laya iter 2 -> best_FT_rf conf=0.146 rank=1
         laya iter 3 -> best_FT_rf conf=0.418 rank=1
         laya iter 4 -> best_ONLY_FT_catboost conf=0.6097 rank=3
         laya iter 5 -> best_ONLY_FT_catboost conf=0.5384 rank=3
         laya iter 6 -> best_ONLY_FT_catboost conf=None obs=
         laya iter 7 -> best_ONLY_FT_rf conf=0.3436 rank=2
[ 108] best_single    score=-0.0948 origin=agent    iters=4 stop=no new information in 3 consecutive turns
         TEST  smape=0.0147  rmse=224.6375  pocid=58.33  mape=0.0148
         laya iter 1 -> best_ONLY_FT_catboost conf=0.4172 rank=1
         laya iter 2 -> best_ONLY_FT_catboost conf=0.2231 rank=1
         laya iter 3 -> best_ONLY_FT_catboost conf=None obs=
         laya iter 4 -> best_ONLY_FT_catboost conf=None obs=
[ 109] best_single    score= 0.1213 origin=agent    iters=4 stop=no new information in 3 consecutive turns
         TEST  smape=0.0099  rmse=101.5199  pocid=41.67  mape=0.0098
         laya iter 1 -> best_FT_catboost conf=0.3576 rank=1
         laya iter 2 -> best_FT_catboost conf=0.3724 rank=1
         laya iter 3 -> best_FT_catboost conf=None obs=
         laya iter 4 -> best_FT_catboost conf=None obs=
[ 110] best_single    score=-0.0258 origin=agent    iters=6 stop=no new information in 3 consecutive turns
         TEST  smape=0.0158  rmse=18.6799  pocid=66.67  mape=0.0156
         laya iter 1 -> best_ONLY_CWT_rf conf=0.6041 rank=1
         laya iter 2 -> best_ONLY_CWT_rf conf=0.3088 rank=1
         laya iter 3 -> best_ONLY_CWT_catboost conf=0.3576 rank=1
         laya iter 4 -> best_ONLY_CWT_rf conf=None obs=
         laya iter 5 -> best_ONLY_CWT_catboost conf=0.4173 rank=1
         laya iter 6 -> best_ONLY_CWT_catboost conf=None obs=
[ 111] best_single    score=-0.0820 origin=agent    iters=7 stop=no new information in 3 consecutive turns
         TEST  smape=0.0069  rmse=74.0921  pocid=50.00  mape=0.0069
         laya iter 1 -> best_FT_catboost conf=0.4706 rank=1
         laya iter 2 -> best_FT_catboost conf=0.3239 rank=1
         laya iter 3 -> best_FT_catboost conf=None obs=
         laya iter 4 -> best_ONLY_FT_catboost conf=0.4888 rank=2
         laya iter 5 -> best_ONLY_FT_catboost conf=0.6101 rank=2
         laya iter 6 -> best_ONLY_FT_catboost conf=None obs=
         laya iter 7 -> best_ONLY_FT_catboost conf=None obs=
[ 112] best_single    score=-0.0554 origin=agent    iters=4 stop=no new information in 3 consecutive turns
         TEST  smape=0.0316  rmse=26.1406  pocid=41.67  mape=0.0319
         laya iter 1 -> best_ONLY_FT_rf conf=0.6139 rank=1
         laya iter 2 -> best_ONLY_FT_rf conf=0.2681 rank=1
         laya iter 3 -> best_ONLY_FT_rf conf=None obs=
         laya iter 4 -> best_ONLY_FT_rf conf=None obs=
[ 113] best_single    score= 0.1978 origin=agent    iters=4 stop=no new information in 3 consecutive turns
         TEST  smape=0.0232  rmse=260.5342  pocid=50.00  mape=0.0235
         laya iter 1 -> best_ONLY_CWT_catboost conf=0.5185 rank=1
         laya iter 2 -> best_ONLY_CWT_catboost conf=0.3596 rank=1
         laya iter 3 -> best_ONLY_CWT_catboost conf=None obs=
         laya iter 4 -> best_ONLY_CWT_catboost conf=None obs=
[ 114] best_single    score= 0.0747 origin=agent    iters=4 stop=no new information in 3 consecutive turns
         TEST  smape=0.0381  rmse=461.8816  pocid=41.67  mape=0.0389
         laya iter 1 -> best_ONLY_DWT_catboost conf=0.5089 rank=1
         laya iter 2 -> best_ONLY_DWT_catboost conf=0.2933 rank=1
         laya iter 3 -> best_ONLY_DWT_catboost conf=None obs=
         laya iter 4 -> best_ONLY_DWT_catboost conf=None obs=
[ 115] best_single    score=-0.0359 origin=agent    iters=5 stop=no new information in 3 consecutive turns
         TEST  smape=0.0369  rmse=646.2438  pocid=83.33  mape=0.0379
         laya iter 1 -> best_ONLY_CWT_catboost conf=0.5064 rank=1
         laya iter 2 -> best_ONLY_DWT_catboost conf=0.3325 rank=1
         laya iter 3 -> best_ONLY_CWT_catboost conf=0.5092 rank=2
         laya iter 4 -> best_ONLY_CWT_catboost conf=None obs=
         laya iter 5 -> best_ONLY_CWT_catboost conf=None obs=
[ 116] best_single    score= 0.1055 origin=agent    iters=4 stop=no new information in 3 consecutive turns
         TEST  smape=0.0165  rmse=181.9011  pocid=75.00  mape=0.0162
         laya iter 1 -> best_ONLY_DWT_catboost conf=0.6484 rank=1
         laya iter 2 -> best_ONLY_DWT_catboost conf=0.2445 rank=1
         laya iter 3 -> best_ONLY_DWT_catboost conf=None obs=
         laya iter 4 -> best_ONLY_DWT_catboost conf=None obs=
[ 117] best_single    score= 0.3675 origin=agent    iters=5 stop=no new information in 3 consecutive turns
         TEST  smape=0.0059  rmse=10.9859  pocid=75.00  mape=0.0058
         laya iter 1 -> best_ONLY_CWT_rf conf=0.6924 rank=1
         laya iter 2 -> best_ONLY_CWT_catboost conf=0.3386 rank=1
         laya iter 3 -> best_ONLY_CWT_catboost conf=0.4242 rank=1
         laya iter 4 -> best_ONLY_CWT_rf conf=0.4647 rank=2
         laya iter 5 -> best_ONLY_CWT_rf conf=None obs=
[ 118] best_single    score= 0.3502 origin=agent    iters=4 stop=no new information in 3 consecutive turns
         TEST  smape=0.1697  rmse=200.4241  pocid=33.33  mape=0.1550
         laya iter 1 -> best_ONLY_FT_catboost conf=0.5777 rank=1
         laya iter 2 -> best_ONLY_FT_catboost conf=0.3745 rank=1
         laya iter 3 -> best_ONLY_FT_catboost conf=None obs=
         laya iter 4 -> best_ONLY_FT_catboost conf=None obs=
[ 119] best_single    score= 0.4411 origin=agent    iters=2 stop=laya_accept
         TEST  smape=0.3077  rmse=286.7191  pocid=83.33  mape=0.2635
         laya iter 1 -> best_ONLY_FT_rf conf=0.5575 rank=1
[ 120] best_single    score=-0.1097 origin=agent    iters=4 stop=no new information in 3 consecutive turns
         TEST  smape=0.0040  rmse=54.9338  pocid=91.67  mape=0.0040
         laya iter 1 -> best_ONLY_DWT_rf conf=0.4061 rank=1
         laya iter 2 -> best_ONLY_DWT_rf conf=0.3641 rank=1
         laya iter 3 -> best_ONLY_DWT_rf conf=None obs=
         laya iter 4 -> best_ONLY_DWT_rf conf=None obs=
[ 121] best_single    score=-0.0802 origin=agent    iters=4 stop=no new information in 3 consecutive turns
         TEST  smape=0.0504  rmse=20.2910  pocid=75.00  mape=0.0506
         laya iter 1 -> best_ONLY_DWT_rf conf=0.6747 rank=1
         laya iter 2 -> best_ONLY_DWT_rf conf=0.1392 rank=1
         laya iter 3 -> best_ONLY_DWT_rf conf=None obs=
         laya iter 4 -> best_ONLY_DWT_rf conf=None obs=
[ 122] best_single    score=-0.0923 origin=agent    iters=4 stop=no new information in 3 consecutive turns
         TEST  smape=0.0329  rmse=20.6034  pocid=75.00  mape=0.0339
         laya iter 1 -> best_ONLY_DWT_rf conf=0.5757 rank=1
         laya iter 2 -> best_ONLY_DWT_rf conf=0.2247 rank=1
         laya iter 3 -> best_ONLY_DWT_rf conf=None obs=
         laya iter 4 -> best_ONLY_DWT_rf conf=None obs=
[ 123] best_single    score= 0.2086 origin=agent    iters=7 stop=no new information in 3 consecutive turns
         TEST  smape=0.0506  rmse=446.1661  pocid=50.00  mape=0.0520
         laya iter 1 -> best_FT_catboost conf=0.4274 rank=1
         laya iter 2 -> best_ONLY_FT_catboost conf=0.3147 rank=2
         laya iter 3 -> best_ONLY_FT_catboost conf=0.6936 rank=2
         laya iter 4 -> best_ONLY_FT_rf conf=0.6668 rank=1
         laya iter 5 -> best_ONLY_FT_rf conf=0.4065 rank=1
         laya iter 6 -> best_ONLY_FT_rf conf=None obs=
         laya iter 7 -> best_ONLY_FT_rf conf=None obs=
[ 124] best_single    score=-0.1120 origin=agent    iters=4 stop=no new information in 3 consecutive turns
         TEST  smape=0.0091  rmse=121.3153  pocid=75.00  mape=0.0090
         laya iter 1 -> best_ONLY_DWT_rf conf=0.6165 rank=1
         laya iter 2 -> best_ONLY_DWT_rf conf=0.267 rank=1
         laya iter 3 -> best_ONLY_DWT_rf conf=None obs=
         laya iter 4 -> best_ONLY_DWT_rf conf=None obs=
[ 125] best_single    score= 0.0232 origin=agent    iters=4 stop=no new information in 3 consecutive turns
         TEST  smape=0.0030  rmse=33.7160  pocid=91.67  mape=0.0030
         laya iter 1 -> best_ONLY_DWT_rf conf=0.4739 rank=1
         laya iter 2 -> best_ONLY_DWT_rf conf=0.2806 rank=1
         laya iter 3 -> best_ONLY_DWT_rf conf=None obs=
         laya iter 4 -> best_ONLY_DWT_rf conf=None obs=
[ 126] median         score= 0.0457 origin=agent    iters=5 stop=no new information in 3 consecutive turns
         TEST  smape=0.0201  rmse=252.8513  pocid=58.33  mape=0.0203
         laya iter 1 -> best_ONLY_FT_rf conf=0.5131 rank=1
         laya iter 2 -> median_prune conf=0.3135 rank=1
         laya iter 3 -> best_ONLY_FT_rf conf=0.3369 rank=2
         laya iter 4 -> best_ONLY_FT_rf conf=None obs=
         laya iter 5 -> best_ONLY_FT_rf conf=None obs=
[ 127] best_single    score= 0.0259 origin=agent    iters=4 stop=no new information in 3 consecutive turns
         TEST  smape=0.0235  rmse=114.8725  pocid=41.67  mape=0.0237
         laya iter 1 -> best_ONLY_DWT_catboost conf=0.5045 rank=1
         laya iter 2 -> best_ONLY_DWT_catboost conf=0.4618 rank=1
         laya iter 3 -> best_ONLY_DWT_catboost conf=None obs=
         laya iter 4 -> best_ONLY_DWT_catboost conf=None obs=
[ 128] best_single    score= 0.3706 origin=agent    iters=4 stop=no new information in 3 consecutive turns
         TEST  smape=0.0316  rmse=33.5361  pocid=83.33  mape=0.0322
         laya iter 1 -> best_FT_catboost conf=0.5723 rank=1
         laya iter 2 -> best_FT_catboost conf=0.4075 rank=1
         laya iter 3 -> best_FT_catboost conf=None obs=
         laya iter 4 -> best_FT_catboost conf=None obs=
[ 129] best_single    score=-0.0599 origin=agent    iters=4 stop=no new information in 3 consecutive turns
         TEST  smape=0.0093  rmse=90.9846  pocid=58.33  mape=0.0093
         laya iter 1 -> best_ONLY_DWT_rf conf=0.534 rank=1
         laya iter 2 -> best_ONLY_DWT_rf conf=0.3189 rank=1
         laya iter 3 -> best_ONLY_DWT_rf conf=None obs=
         laya iter 4 -> best_ONLY_DWT_rf conf=None obs=
[ 130] best_single    score= 0.1510 origin=agent    iters=4 stop=no new information in 3 consecutive turns
         TEST  smape=0.0017  rmse=5.4467  pocid=83.33  mape=0.0017
         laya iter 1 -> best_ONLY_DWT_catboost conf=0.7923 rank=1
         laya iter 2 -> best_ONLY_DWT_catboost conf=0.3036 rank=1
         laya iter 3 -> best_ONLY_DWT_catboost conf=None obs=
         laya iter 4 -> best_ONLY_DWT_catboost conf=None obs=
[ 131] best_single    score=-0.0482 origin=agent    iters=4 stop=no new information in 3 consecutive turns
         TEST  smape=0.0126  rmse=310.7167  pocid=41.67  mape=0.0125
         laya iter 1 -> best_ONLY_CWT_rf conf=0.4527 rank=1
         laya iter 2 -> best_ONLY_CWT_rf conf=0.2206 rank=1
         laya iter 3 -> best_ONLY_CWT_rf conf=None obs=
         laya iter 4 -> best_ONLY_CWT_rf conf=None obs=
[ 132] best_single    score=-0.1119 origin=agent    iters=4 stop=no new information in 3 consecutive turns
         TEST  smape=0.0031  rmse=51.5433  pocid=91.67  mape=0.0031
         laya iter 1 -> best_ONLY_CWT_rf conf=0.446 rank=1
         laya iter 2 -> best_ONLY_CWT_rf conf=0.2904 rank=1
         laya iter 3 -> best_ONLY_CWT_rf conf=None obs=
         laya iter 4 -> best_ONLY_CWT_rf conf=None obs=
[ 133] best_single    score=-0.0896 origin=agent    iters=7 stop=no new information in 3 consecutive turns
         TEST  smape=0.0028  rmse=42.0085  pocid=91.67  mape=0.0028
         laya iter 1 -> best_ONLY_CWT_rf conf=0.5555 rank=1
         laya iter 2 -> best_ONLY_CWT_rf conf=0.3723 rank=1
         laya iter 3 -> best_ONLY_CWT_rf conf=None obs=
         laya iter 4 -> best_ONLY_DWT_rf conf=0.4091 rank=2
         laya iter 5 -> best_ONLY_DWT_rf conf=0.6876 rank=2
         laya iter 6 -> best_ONLY_DWT_rf conf=None obs=
         laya iter 7 -> best_ONLY_DWT_rf conf=None obs=
[ 134] best_single    score= 0.0280 origin=agent    iters=5 stop=no new information in 3 consecutive turns
         TEST  smape=0.0117  rmse=85.8195  pocid=58.33  mape=0.0116
         laya iter 1 -> best_ONLY_FT_catboost conf=0.6634 rank=1
         laya iter 2 -> best_ONLY_DWT_catboost conf=0.5797 rank=1
         laya iter 3 -> best_ONLY_DWT_catboost conf=0.4552 rank=1
         laya iter 4 -> best_ONLY_FT_catboost conf=0.4833 rank=2
         laya iter 5 -> best_ONLY_FT_catboost conf=None obs=
[ 135] best_single    score= 0.0534 origin=agent    iters=5 stop=no new information in 3 consecutive turns
         TEST  smape=0.0215  rmse=170.1993  pocid=58.33  mape=0.0213
         laya iter 1 -> best_ONLY_DWT_catboost conf=0.4224 rank=1
         laya iter 2 -> best_DWT_catboost conf=0.3458 rank=1
         laya iter 3 -> best_ONLY_DWT_catboost conf=0.4724 rank=2
         laya iter 4 -> best_ONLY_DWT_catboost conf=None obs=
         laya iter 5 -> best_ONLY_DWT_catboost conf=None obs=
[ 136] best_single    score=-0.0276 origin=agent    iters=4 stop=no new information in 3 consecutive turns
         TEST  smape=0.0152  rmse=117.8989  pocid=50.00  mape=0.0151
         laya iter 1 -> best_ONLY_FT_rf conf=0.4554 rank=1
         laya iter 2 -> best_ONLY_FT_rf conf=0.2297 rank=1
         laya iter 3 -> best_ONLY_FT_rf conf=None obs=
         laya iter 4 -> best_ONLY_FT_rf conf=None obs=
[ 137] best_single    score=-0.0885 origin=agent    iters=4 stop=no new information in 3 consecutive turns
         TEST  smape=0.0661  rmse=28.7199  pocid=33.33  mape=0.0648
         laya iter 1 -> best_ONLY_FT_catboost conf=0.6144 rank=1
         laya iter 2 -> best_ONLY_FT_catboost conf=0.2174 rank=1
         laya iter 3 -> best_ONLY_FT_catboost conf=None obs=
         laya iter 4 -> best_ONLY_FT_catboost conf=None obs=
[ 138] best_single    score= 0.3208 origin=agent    iters=4 stop=no new information in 3 consecutive turns
         TEST  smape=0.0300  rmse=256.0020  pocid=50.00  mape=0.0306
         laya iter 1 -> best_ONLY_DWT_rf conf=0.4226 rank=1
         laya iter 2 -> best_ONLY_DWT_rf conf=0.1527 rank=1
         laya iter 3 -> best_ONLY_DWT_rf conf=None obs=
         laya iter 4 -> best_ONLY_DWT_rf conf=None obs=
[ 139] best_single    score= 0.3958 origin=agent    iters=5 stop=no new information in 3 consecutive turns
         TEST  smape=0.0363  rmse=329.0813  pocid=66.67  mape=0.0372
         laya iter 1 -> best_ONLY_FT_catboost conf=0.5768 rank=1
         laya iter 2 -> best_DWT_rf conf=0.2386 rank=1
         laya iter 3 -> best_ONLY_FT_catboost conf=0.3192 rank=2
         laya iter 4 -> best_DWT_rf conf=0.4662 rank=1
         laya iter 5 -> best_ONLY_FT_catboost conf=None obs=
[ 140] best_single    score= 0.0428 origin=agent    iters=4 stop=no new information in 3 consecutive turns
         TEST  smape=0.0381  rmse=472.8331  pocid=83.33  mape=0.0391
         laya iter 1 -> best_ONLY_DWT_catboost conf=0.6153 rank=1
         laya iter 2 -> best_ONLY_DWT_catboost conf=0.3003 rank=1
         laya iter 3 -> best_ONLY_DWT_catboost conf=None obs=
         laya iter 4 -> best_ONLY_DWT_catboost conf=None obs=
[ 141] best_single    score= 0.0132 origin=agent    iters=4 stop=no new information in 3 consecutive turns
         TEST  smape=0.0133  rmse=116.8727  pocid=58.33  mape=0.0130
         laya iter 1 -> best_ONLY_DWT_catboost conf=0.5316 rank=1
         laya iter 2 -> best_ONLY_DWT_catboost conf=0.5312 rank=1
         laya iter 3 -> best_ONLY_DWT_catboost conf=None obs=
         laya iter 4 -> best_ONLY_DWT_catboost conf=None obs=
[ 142] best_single    score= 0.0742 origin=agent    iters=4 stop=no new information in 3 consecutive turns
         TEST  smape=0.0040  rmse=54.2380  pocid=75.00  mape=0.0040
         laya iter 1 -> best_ONLY_CWT_catboost conf=0.582 rank=1
         laya iter 2 -> best_ONLY_CWT_catboost conf=0.4252 rank=1
         laya iter 3 -> best_ONLY_CWT_catboost conf=None obs=
         laya iter 4 -> best_ONLY_CWT_catboost conf=None obs=
[ 143] best_single    score= 0.1902 origin=agent    iters=5 stop=no new information in 3 consecutive turns
         TEST  smape=0.1272  rmse=157.5355  pocid=50.00  mape=0.1180
         laya iter 1 -> best_FT_rf conf=0.5719 rank=1
         laya iter 2 -> best_ONLY_CWT_rf conf=0.471 rank=2
         laya iter 3 -> best_ONLY_CWT_rf conf=0.4132 rank=2
         laya iter 4 -> best_ONLY_CWT_rf conf=None obs=
         laya iter 5 -> best_ONLY_CWT_rf conf=None obs=
[ 144] best_single    score= 0.3964 origin=agent    iters=4 stop=no new information in 3 consecutive turns
         TEST  smape=0.2059  rmse=2010.7430  pocid=50.00  mape=0.1842
         laya iter 1 -> best_ONLY_FT_catboost conf=0.7081 rank=1
         laya iter 2 -> best_ONLY_FT_catboost conf=0.4104 rank=1
         laya iter 3 -> best_ONLY_FT_catboost conf=None obs=
         laya iter 4 -> best_ONLY_FT_catboost conf=None obs=
[ 145] best_single    score=-0.0859 origin=agent    iters=6 stop=no new information in 3 consecutive turns
         TEST  smape=0.0094  rmse=76.4943  pocid=75.00  mape=0.0094
         laya iter 1 -> best_ONLY_DWT_rf conf=0.6676 rank=1
         laya iter 2 -> best_ONLY_DWT_rf conf=0.3029 rank=1
         laya iter 3 -> best_ONLY_CWT_catboost conf=0.5107 rank=1
         laya iter 4 -> best_ONLY_CWT_catboost conf=0.535 rank=1
         laya iter 5 -> best_ONLY_CWT_catboost conf=None obs=
         laya iter 6 -> best_ONLY_CWT_catboost conf=None obs=
[ 146] best_single    score=-0.0590 origin=agent    iters=6 stop=no new information in 3 consecutive turns
         TEST  smape=0.1017  rmse=13.8026  pocid=50.00  mape=0.1086
         laya iter 1 -> best_ONLY_FT_catboost conf=0.4317 rank=1
         laya iter 2 -> best_ONLY_FT_catboost conf=0.5303 rank=1
         laya iter 3 -> best_ONLY_CWT_catboost conf=0.4 rank=1
         laya iter 4 -> best_ONLY_FT_catboost conf=None obs=
         laya iter 5 -> best_ONLY_FT_catboost conf=None obs=
         laya iter 6 -> best_ONLY_FT_catboost conf=None obs=
[ 147] best_single    score=-0.0554 origin=agent    iters=4 stop=no new information in 3 consecutive turns
         TEST  smape=0.0775  rmse=18.9459  pocid=58.33  mape=0.0814
         laya iter 1 -> best_FT_rf conf=0.4461 rank=1
         laya iter 2 -> best_FT_rf conf=0.6221 rank=1
         laya iter 3 -> best_FT_rf conf=None obs=
         laya iter 4 -> best_FT_rf conf=None obs=
[ 148] best_single    score= 0.5658 origin=agent    iters=5 stop=no new information in 3 consecutive turns
         TEST  smape=0.0829  rmse=384.3356  pocid=50.00  mape=0.0866
         laya iter 1 -> best_ONLY_FT_rf conf=0.4533 rank=1
         laya iter 2 -> best_ONLY_FT_catboost conf=0.2532 rank=1
         laya iter 3 -> best_ONLY_FT_rf conf=0.494 rank=2
         laya iter 4 -> best_ONLY_FT_rf conf=None obs=
         laya iter 5 -> best_ONLY_FT_rf conf=None obs=
[ 149] best_single    score=-0.0566 origin=agent    iters=4 stop=no new information in 3 consecutive turns
         TEST  smape=0.0154  rmse=149.1365  pocid=75.00  mape=0.0152
         laya iter 1 -> best_ONLY_DWT_catboost conf=0.61 rank=1
         laya iter 2 -> best_ONLY_DWT_catboost conf=0.23 rank=1
         laya iter 3 -> best_ONLY_DWT_catboost conf=None obs=
         laya iter 4 -> best_ONLY_DWT_catboost conf=None obs=
[ 150] best_single    score=-0.0875 origin=agent    iters=4 stop=no new information in 3 consecutive turns
         TEST  smape=0.0057  rmse=44.9899  pocid=83.33  mape=0.0056
         laya iter 1 -> best_FT_rf conf=0.6985 rank=1
         laya iter 2 -> best_FT_rf conf=0.4839 rank=1
         laya iter 3 -> best_FT_rf conf=None obs=
         laya iter 4 -> best_FT_rf conf=None obs=
[ 151] best_single    score= 0.0611 origin=agent    iters=4 stop=no new information in 3 consecutive turns
         TEST  smape=0.0212  rmse=214.6915  pocid=50.00  mape=0.0209
         laya iter 1 -> best_ONLY_FT_catboost conf=0.5576 rank=1
         laya iter 2 -> best_ONLY_FT_catboost conf=0.436 rank=1
         laya iter 3 -> best_ONLY_FT_catboost conf=None obs=
         laya iter 4 -> best_ONLY_FT_catboost conf=None obs=
[ 152] best_single    score= 0.0347 origin=agent    iters=4 stop=no new information in 3 consecutive turns
         TEST  smape=0.0266  rmse=96.0250  pocid=58.33  mape=0.0264
         laya iter 1 -> best_ONLY_FT_rf conf=0.3461 rank=1
         laya iter 2 -> best_ONLY_FT_rf conf=0.1539 rank=1
         laya iter 3 -> best_ONLY_FT_rf conf=None obs=
         laya iter 4 -> best_ONLY_FT_rf conf=None obs=
[ 153] best_single    score= 0.0690 origin=agent    iters=4 stop=no new information in 3 consecutive turns
         TEST  smape=0.0194  rmse=189.9075  pocid=83.33  mape=0.0197
         laya iter 1 -> best_ONLY_DWT_rf conf=0.5665 rank=1
         laya iter 2 -> best_ONLY_DWT_rf conf=0.2403 rank=1
         laya iter 3 -> best_ONLY_DWT_rf conf=None obs=
         laya iter 4 -> best_ONLY_DWT_rf conf=None obs=
[ 154] best_single    score= 0.0607 origin=agent    iters=4 stop=no new information in 3 consecutive turns
         TEST  smape=0.0322  rmse=186.3956  pocid=33.33  mape=0.0330
         laya iter 1 -> best_ONLY_CWT_catboost conf=0.6241 rank=1
         laya iter 2 -> best_ONLY_CWT_catboost conf=0.4451 rank=1
         laya iter 3 -> best_ONLY_CWT_catboost conf=None obs=
         laya iter 4 -> best_ONLY_CWT_catboost conf=None obs=
[ 155] best_single    score=-0.0450 origin=agent    iters=5 stop=no new information in 3 consecutive turns
         TEST  smape=0.0119  rmse=82.9985  pocid=41.67  mape=0.0120
         laya iter 1 -> best_ONLY_FT_rf conf=0.4843 rank=1
         laya iter 2 -> best_ONLY_FT_catboost conf=0.2727 rank=1
         laya iter 3 -> best_ONLY_FT_rf conf=0.3177 rank=2
         laya iter 4 -> best_ONLY_FT_catboost conf=0.3751 rank=1
         laya iter 5 -> best_ONLY_FT_catboost conf=None obs=
[ 156] best_single    score=-0.1308 origin=agent    iters=5 stop=no new information in 3 consecutive turns
         TEST  smape=0.0040  rmse=6.6496  pocid=75.00  mape=0.0040
         laya iter 1 -> best_ONLY_CWT_rf conf=0.5605 rank=1
         laya iter 2 -> best_ONLY_DWT_rf conf=0.5993 rank=1
         laya iter 3 -> best_ONLY_DWT_rf conf=0.5297 rank=1
         laya iter 4 -> best_ONLY_CWT_rf conf=0.5623 rank=2
         laya iter 5 -> best_ONLY_CWT_rf conf=None obs=
[ 157] best_single    score=-0.0848 origin=agent    iters=4 stop=no new information in 3 consecutive turns
         TEST  smape=0.0051  rmse=109.6777  pocid=33.33  mape=0.0051
         laya iter 1 -> best_ONLY_DWT_catboost conf=0.5624 rank=1
         laya iter 2 -> best_ONLY_DWT_catboost conf=0.2829 rank=1
         laya iter 3 -> best_ONLY_DWT_catboost conf=None obs=
         laya iter 4 -> best_ONLY_DWT_catboost conf=None obs=
[ 158] best_single    score=-0.0792 origin=agent    iters=4 stop=no new information in 3 consecutive turns
         TEST  smape=0.0066  rmse=65.2996  pocid=100.00  mape=0.0066
         laya iter 1 -> best_FT_rf conf=0.6484 rank=1
         laya iter 2 -> best_FT_rf conf=0.328 rank=1
         laya iter 3 -> best_FT_rf conf=None obs=
         laya iter 4 -> best_FT_rf conf=None obs=
[ 159] best_single    score=-0.0917 origin=agent    iters=4 stop=no new information in 3 consecutive turns
         TEST  smape=0.0053  rmse=48.2135  pocid=100.00  mape=0.0053
         laya iter 1 -> best_ONLY_DWT_rf conf=0.6158 rank=1
         laya iter 2 -> best_ONLY_DWT_rf conf=0.2543 rank=1
         laya iter 3 -> best_ONLY_DWT_rf conf=None obs=
         laya iter 4 -> best_ONLY_DWT_rf conf=None obs=
[ 160] best_single    score=-0.0118 origin=agent    iters=4 stop=no new information in 3 consecutive turns
         TEST  smape=0.0072  rmse=107.2302  pocid=41.67  mape=0.0071
         laya iter 1 -> best_FT_catboost conf=0.648 rank=1
         laya iter 2 -> best_FT_catboost conf=0.3687 rank=1
         laya iter 3 -> best_FT_catboost conf=None obs=
         laya iter 4 -> best_FT_catboost conf=None obs=
[ 161] best_single    score= 0.0508 origin=agent    iters=2 stop=laya_accept
         TEST  smape=0.0165  rmse=87.7356  pocid=58.33  mape=0.0163
         laya iter 1 -> best_ONLY_DWT_rf conf=0.7021 rank=1
[ 162] best_single    score= 0.0275 origin=agent    iters=5 stop=no new information in 3 consecutive turns
         TEST  smape=0.0124  rmse=50.2909  pocid=75.00  mape=0.0123
         laya iter 1 -> best_ONLY_FT_rf conf=0.6539 rank=1
         laya iter 2 -> best_ONLY_DWT_catboost conf=0.4076 rank=1
         laya iter 3 -> best_ONLY_FT_rf conf=0.4257 rank=2
         laya iter 4 -> best_ONLY_FT_rf conf=None obs=
         laya iter 5 -> best_ONLY_FT_rf conf=None obs=
[ 163] best_single    score=-0.0332 origin=agent    iters=5 stop=no new information in 3 consecutive turns
         TEST  smape=0.0131  rmse=373.9038  pocid=58.33  mape=0.0132
         laya iter 1 -> best_ONLY_CWT_rf conf=0.5484 rank=1
         laya iter 2 -> best_ONLY_DWT_catboost conf=0.5192 rank=1
         laya iter 3 -> best_ONLY_CWT_rf conf=0.4112 rank=2
         laya iter 4 -> best_ONLY_CWT_rf conf=None obs=
         laya iter 5 -> best_ONLY_DWT_catboost conf=0.5016 rank=1
[ 164] best_single    score=-0.0260 origin=agent    iters=7 stop=no new information in 3 consecutive turns
         TEST  smape=0.0314  rmse=145.6335  pocid=41.67  mape=0.0322
         laya iter 1 -> best_catboost conf=0.5484 rank=1
         laya iter 2 -> best_ONLY_CWT_catboost conf=0.3922 rank=1
         laya iter 3 -> best_DWT_catboost conf=0.3237 rank=3
         laya iter 4 -> best_ONLY_FT_rf conf=0.3645 rank=1
         laya iter 5 -> best_DWT_catboost conf=0.4567 rank=4
         laya iter 6 -> best_DWT_catboost conf=None obs=
         laya iter 7 -> best_DWT_catboost conf=None obs=
[ 165] best_single    score= 0.2557 origin=agent    iters=2 stop=laya_accept
         TEST  smape=0.0322  rmse=96.9188  pocid=50.00  mape=0.0329
         laya iter 1 -> best_ONLY_CWT_rf conf=0.5882 rank=1
[ 166] best_single    score= 0.0890 origin=agent    iters=4 stop=no new information in 3 consecutive turns
         TEST  smape=0.0269  rmse=85.4210  pocid=41.67  mape=0.0273
         laya iter 1 -> best_ONLY_FT_catboost conf=0.652 rank=1
         laya iter 2 -> best_ONLY_FT_catboost conf=0.411 rank=1
         laya iter 3 -> best_ONLY_FT_catboost conf=None obs=
         laya iter 4 -> best_ONLY_FT_catboost conf=None obs=
[ 167] best_single    score= 0.0600 origin=agent    iters=5 stop=no new information in 3 consecutive turns
         TEST  smape=0.0324  rmse=139.8330  pocid=66.67  mape=0.0322
         laya iter 1 -> best_ONLY_DWT_catboost conf=0.5209 rank=1
         laya iter 2 -> best_DWT_catboost conf=0.4597 rank=1
         laya iter 3 -> best_ONLY_DWT_catboost conf=0.3556 rank=2
         laya iter 4 -> best_ONLY_DWT_catboost conf=None obs=
         laya iter 5 -> best_ONLY_DWT_catboost conf=None obs=
[ 168] best_single    score= 0.0329 origin=agent    iters=7 stop=no new information in 3 consecutive turns
         TEST  smape=0.0333  rmse=71.2485  pocid=58.33  mape=0.0325
         laya iter 1 -> best_ONLY_FT_catboost conf=0.5671 rank=1
         laya iter 2 -> best_ONLY_FT_catboost conf=0.5005 rank=1
         laya iter 3 -> best_ONLY_FT_catboost conf=None obs=
         laya iter 4 -> best_ONLY_DWT_catboost conf=0.4269 rank=1
         laya iter 5 -> best_ONLY_FT_catboost conf=None obs=
         laya iter 6 -> best_ONLY_DWT_catboost conf=0.7259 rank=1
         laya iter 7 -> best_ONLY_FT_catboost conf=None obs=
[ 169] best_single    score= 0.1044 origin=agent    iters=2 stop=laya_accept
         TEST  smape=0.0201  rmse=88.2478  pocid=33.33  mape=0.0198
         laya iter 1 -> best_ONLY_FT_catboost conf=0.551 rank=1
[ 170] best_single    score= 0.1228 origin=agent    iters=2 stop=laya_accept
         TEST  smape=0.0080  rmse=61.5097  pocid=58.33  mape=0.0080
         laya iter 1 -> best_ONLY_DWT_rf conf=0.5714 rank=1
[ 171] best_single    score=-0.0928 origin=agent    iters=5 stop=no new information in 3 consecutive turns
         TEST  smape=0.0063  rmse=27.6979  pocid=83.33  mape=0.0063
         laya iter 1 -> best_ONLY_DWT_rf conf=0.611 rank=1
         laya iter 2 -> best_ONLY_CWT_rf conf=0.3169 rank=1
         laya iter 3 -> best_ONLY_DWT_rf conf=0.6762 rank=2
         laya iter 4 -> best_ONLY_DWT_rf conf=None obs=
         laya iter 5 -> best_ONLY_DWT_rf conf=None obs=
[ 172] best_single    score= 0.3677 origin=agent    iters=4 stop=no new information in 3 consecutive turns
         TEST  smape=0.0649  rmse=314.6973  pocid=50.00  mape=0.0654
         laya iter 1 -> best_ONLY_DWT_catboost conf=0.5079 rank=1
         laya iter 2 -> best_ONLY_DWT_catboost conf=0.5326 rank=1
         laya iter 3 -> best_ONLY_DWT_catboost conf=None obs=
         laya iter 4 -> best_ONLY_DWT_catboost conf=None obs=
[ 173] best_single    score= 0.2242 origin=agent    iters=5 stop=no new information in 3 consecutive turns
         TEST  smape=0.0064  rmse=24.2184  pocid=41.67  mape=0.0065
         laya iter 1 -> best_ONLY_DWT_catboost conf=0.6589 rank=1
         laya iter 2 -> best_ONLY_CWT_rf conf=0.3781 rank=2
         laya iter 3 -> best_ONLY_DWT_catboost conf=0.5111 rank=1
         laya iter 4 -> best_ONLY_DWT_catboost conf=None obs=
         laya iter 5 -> best_ONLY_DWT_catboost conf=None obs=
[ 174] best_single    score=-0.0791 origin=agent    iters=5 stop=no new information in 3 consecutive turns
         TEST  smape=0.0042  rmse=16.0105  pocid=91.67  mape=0.0042
         laya iter 1 -> best_ONLY_CWT_rf conf=0.633 rank=1
         laya iter 2 -> best_ONLY_DWT_rf conf=0.3005 rank=1
         laya iter 3 -> best_ONLY_CWT_rf conf=0.6569 rank=2
         laya iter 4 -> best_ONLY_CWT_rf conf=None obs=
         laya iter 5 -> best_ONLY_DWT_rf conf=0.6687 rank=1
[ 175] best_single    score= 0.0874 origin=agent    iters=5 stop=no new information in 3 consecutive turns
         TEST  smape=0.0248  rmse=67.1195  pocid=33.33  mape=0.0251
         laya iter 1 -> best_ONLY_FT_rf conf=0.6239 rank=1
         laya iter 2 -> best_ONLY_FT_catboost conf=0.2132 rank=1
         laya iter 3 -> best_ONLY_FT_catboost conf=0.3211 rank=1
         laya iter 4 -> best_ONLY_FT_catboost conf=None obs=
         laya iter 5 -> best_ONLY_FT_catboost conf=None obs=
[ 176] best_single    score= 0.4509 origin=agent    iters=4 stop=no new information in 3 consecutive turns
         TEST  smape=0.0364  rmse=279.2557  pocid=66.67  mape=0.0356
         laya iter 1 -> best_ONLY_DWT_catboost conf=0.4773 rank=1
         laya iter 2 -> best_ONLY_DWT_catboost conf=0.3333 rank=1
         laya iter 3 -> best_ONLY_DWT_catboost conf=None obs=
         laya iter 4 -> best_ONLY_DWT_catboost conf=None obs=
[ 177] best_single    score= 0.3658 origin=agent    iters=2 stop=laya_accept
         TEST  smape=0.0655  rmse=102.7023  pocid=58.33  mape=0.0681
         laya iter 1 -> best_ONLY_DWT_rf conf=0.703 rank=1
[ 178] best_single    score=-0.0734 origin=agent    iters=5 stop=no new information in 3 consecutive turns
         TEST  smape=0.0079  rmse=24.8073  pocid=50.00  mape=0.0079
         laya iter 1 -> best_ONLY_CWT_rf conf=0.7626 rank=1
         laya iter 2 -> best_ONLY_DWT_catboost conf=0.3548 rank=1
         laya iter 3 -> best_ONLY_DWT_catboost conf=0.3786 rank=1
         laya iter 4 -> best_ONLY_DWT_catboost conf=None obs=
         laya iter 5 -> best_ONLY_CWT_rf conf=0.5172 rank=2
[ 179] best_single    score= 0.0995 origin=agent    iters=5 stop=no new information in 3 consecutive turns
         TEST  smape=0.0065  rmse=58.0664  pocid=66.67  mape=0.0064
         laya iter 1 -> best_ONLY_CWT_rf conf=0.5321 rank=1
         laya iter 2 -> best_ONLY_CWT_catboost conf=0.3619 rank=2
         laya iter 3 -> best_ONLY_CWT_catboost conf=0.651 rank=2
         laya iter 4 -> best_ONLY_CWT_catboost conf=None obs=
         laya iter 5 -> best_ONLY_CWT_catboost conf=None obs=
[ 180] best_single    score=-0.0528 origin=agent    iters=4 stop=no new information in 3 consecutive turns
         TEST  smape=0.0168  rmse=166.4881  pocid=33.33  mape=0.0166
         laya iter 1 -> best_ONLY_DWT_rf conf=0.6343 rank=1
         laya iter 2 -> best_ONLY_DWT_rf conf=0.3118 rank=1
         laya iter 3 -> best_ONLY_DWT_rf conf=None obs=
         laya iter 4 -> best_ONLY_DWT_rf conf=None obs=
[ 181] best_single    score= 0.3259 origin=agent    iters=4 stop=no new information in 3 consecutive turns
         TEST  smape=0.1913  rmse=280.9504  pocid=25.00  mape=0.1708
         laya iter 1 -> best_ONLY_DWT_rf conf=0.7451 rank=1
         laya iter 2 -> best_ONLY_DWT_rf conf=0.5257 rank=1
         laya iter 3 -> best_ONLY_DWT_rf conf=None obs=
         laya iter 4 -> best_ONLY_DWT_rf conf=None obs=
[ 182] best_single    score=-0.0652 origin=agent    iters=5 stop=no new information in 3 consecutive turns
         TEST  smape=0.0140  rmse=100.6168  pocid=58.33  mape=0.0138
         laya iter 1 -> best_ONLY_DWT_rf conf=0.5317 rank=1
         laya iter 2 -> best_ONLY_CWT_catboost conf=0.2461 rank=1
         laya iter 3 -> best_ONLY_DWT_rf conf=0.384 rank=2
         laya iter 4 -> best_ONLY_DWT_rf conf=None obs=
         laya iter 5 -> best_ONLY_DWT_rf conf=None obs=
[ 183] best_single    score=-0.0480 origin=agent    iters=5 stop=no new information in 3 consecutive turns
         TEST  smape=0.0037  rmse=18.3987  pocid=83.33  mape=0.0037
         laya iter 1 -> best_ONLY_DWT_rf conf=0.5393 rank=1
         laya iter 2 -> best_ONLY_DWT_catboost conf=0.2019 rank=1
         laya iter 3 -> best_ONLY_DWT_rf conf=0.4304 rank=2
         laya iter 4 -> best_ONLY_DWT_rf conf=None obs=
         laya iter 5 -> best_ONLY_DWT_rf conf=None obs=
[ 184] best_single    score=-0.0338 origin=agent    iters=5 stop=no new information in 3 consecutive turns
         TEST  smape=0.0044  rmse=21.3930  pocid=100.00  mape=0.0044
         laya iter 1 -> best_ONLY_CWT_rf conf=0.4982 rank=1
         laya iter 2 -> best_ONLY_DWT_catboost conf=0.4053 rank=2
         laya iter 3 -> best_ONLY_CWT_rf conf=0.4147 rank=1
         laya iter 4 -> best_ONLY_DWT_catboost conf=0.4228 rank=2
         laya iter 5 -> best_ONLY_CWT_rf conf=None obs=
[ 185] best_single    score= 0.9606 origin=agent    iters=5 stop=no new information in 3 consecutive turns
         TEST  smape=0.0157  rmse=32.6235  pocid=58.33  mape=0.0155
         laya iter 1 -> best_ONLY_CWT_catboost conf=0.6556 rank=1
         laya iter 2 -> best_ONLY_DWT_catboost conf=0.3652 rank=1
         laya iter 3 -> best_ONLY_DWT_catboost conf=0.7093 rank=1
         laya iter 4 -> best_ONLY_DWT_catboost conf=None obs=
         laya iter 5 -> best_ONLY_DWT_catboost conf=None obs=
[ 186] best_single    score= 0.3340 origin=agent    iters=5 stop=no new information in 3 consecutive turns
         TEST  smape=0.0421  rmse=40.0018  pocid=75.00  mape=0.0412
         laya iter 1 -> best_ONLY_CWT_rf conf=0.7221 rank=1
         laya iter 2 -> best_ONLY_DWT_rf conf=0.1557 rank=1
         laya iter 3 -> best_ONLY_CWT_rf conf=0.4212 rank=2
         laya iter 4 -> best_ONLY_CWT_rf conf=None obs=
         laya iter 5 -> best_ONLY_CWT_rf conf=None obs=
[ 187] best_single    score= 0.2199 origin=agent    iters=2 stop=laya_accept
         TEST  smape=0.0341  rmse=82.7736  pocid=75.00  mape=0.0348
         laya iter 1 -> best_FT_catboost conf=0.4533 rank=1
[ 188] best_single    score= 0.1807 origin=agent    iters=6 stop=no new information in 3 consecutive turns
         TEST  smape=0.0631  rmse=162.8081  pocid=58.33  mape=0.0604
         laya iter 1 -> best_ONLY_FT_catboost conf=0.5641 rank=1
         laya iter 2 -> best_ONLY_FT_catboost conf=0.4241 rank=1
         laya iter 3 -> best_ONLY_FT_rf conf=0.5964 rank=1
         laya iter 4 -> best_ONLY_FT_rf conf=0.6643 rank=1
         laya iter 5 -> best_ONLY_FT_rf conf=None obs=
         laya iter 6 -> best_ONLY_FT_rf conf=None obs=
[ 189] best_single    score=-0.0095 origin=agent    iters=4 stop=no new information in 3 consecutive turns
         TEST  smape=0.0190  rmse=9.7871  pocid=75.00  mape=0.0190
         laya iter 1 -> best_ONLY_DWT_catboost conf=0.6663 rank=1
         laya iter 2 -> best_ONLY_DWT_catboost conf=0.3298 rank=1
         laya iter 3 -> best_ONLY_DWT_catboost conf=None obs=
         laya iter 4 -> best_ONLY_DWT_catboost conf=None obs=
[ 190] best_single    score= 0.4571 origin=agent    iters=4 stop=no new information in 3 consecutive turns
         TEST  smape=0.0657  rmse=563.7702  pocid=66.67  mape=0.0628
         laya iter 1 -> best_ONLY_CWT_rf conf=0.4588 rank=1
         laya iter 2 -> best_ONLY_CWT_rf conf=0.3207 rank=1
         laya iter 3 -> best_ONLY_CWT_rf conf=None obs=
         laya iter 4 -> best_ONLY_CWT_rf conf=None obs=
[ 191] best_single    score= 0.4903 origin=agent    iters=4 stop=no new information in 3 consecutive turns
         TEST  smape=0.0283  rmse=36.3016  pocid=41.67  mape=0.0282
         laya iter 1 -> best_ONLY_DWT_rf conf=0.6502 rank=1
         laya iter 2 -> best_ONLY_DWT_rf conf=0.2527 rank=1
         laya iter 3 -> best_ONLY_DWT_rf conf=None obs=
         laya iter 4 -> best_ONLY_DWT_rf conf=None obs=
[ 192] best_single    score= 0.2644 origin=agent    iters=2 stop=laya_accept
         TEST  smape=0.0257  rmse=177.6087  pocid=50.00  mape=0.0256
         laya iter 1 -> best_FT_rf conf=0.6413 rank=1
[ 193] best_single    score= 0.0706 origin=agent    iters=4 stop=no new information in 3 consecutive turns
         TEST  smape=0.0234  rmse=13.4829  pocid=50.00  mape=0.0231
         laya iter 1 -> best_ONLY_DWT_rf conf=0.7801 rank=1
         laya iter 2 -> best_ONLY_DWT_rf conf=0.313 rank=1
         laya iter 3 -> best_ONLY_DWT_rf conf=None obs=
         laya iter 4 -> best_ONLY_DWT_rf conf=None obs=
[ 194] best_single    score= 0.6831 origin=agent    iters=4 stop=no new information in 3 consecutive turns
         TEST  smape=0.1011  rmse=97.1515  pocid=41.67  mape=0.0960
         laya iter 1 -> best_FT_rf conf=0.5011 rank=1
         laya iter 2 -> best_FT_rf conf=0.3579 rank=1
         laya iter 3 -> best_FT_rf conf=None obs=
         laya iter 4 -> best_FT_rf conf=None obs=
[ 195] best_single    score= 0.4780 origin=agent    iters=4 stop=no new information in 3 consecutive turns
         TEST  smape=0.1366  rmse=1518.2940  pocid=41.67  mape=0.1474
         laya iter 1 -> best_ONLY_FT_rf conf=0.622 rank=1
         laya iter 2 -> best_ONLY_FT_rf conf=0.169 rank=1
         laya iter 3 -> best_ONLY_FT_rf conf=None obs=
         laya iter 4 -> best_ONLY_FT_rf conf=None obs=
[ 196] best_single    score= 0.8458 origin=agent    iters=4 stop=no new information in 3 consecutive turns
         TEST  smape=0.0715  rmse=248.7868  pocid=50.00  mape=0.0687
         laya iter 1 -> best_ONLY_DWT_rf conf=0.4802 rank=1
         laya iter 2 -> best_ONLY_DWT_rf conf=0.2628 rank=1
         laya iter 3 -> best_ONLY_DWT_rf conf=None obs=
         laya iter 4 -> best_ONLY_DWT_rf conf=None obs=
[ 197] best_single    score= 0.0428 origin=agent    iters=5 stop=no new information in 3 consecutive turns
         TEST  smape=0.0902  rmse=238.4663  pocid=33.33  mape=0.0856
         laya iter 1 -> best_ONLY_CWT_rf conf=0.7698 rank=1
         laya iter 2 -> best_ONLY_CWT_catboost conf=0.2583 rank=1
         laya iter 3 -> best_ONLY_CWT_catboost conf=0.3683 rank=1
         laya iter 4 -> best_ONLY_CWT_catboost conf=None obs=
         laya iter 5 -> best_ONLY_CWT_catboost conf=None obs=
[ 198] best_single    score= 0.0778 origin=agent    iters=5 stop=no new information in 3 consecutive turns
         TEST  smape=0.0393  rmse=41.5300  pocid=50.00  mape=0.0392
         laya iter 1 -> best_ONLY_CWT_catboost conf=0.5847 rank=1
         laya iter 2 -> best_ONLY_FT_catboost conf=0.5245 rank=2
         laya iter 3 -> best_ONLY_CWT_catboost conf=0.5577 rank=1
         laya iter 4 -> best_ONLY_CWT_catboost conf=None obs=
         laya iter 5 -> best_ONLY_FT_catboost conf=0.6485 rank=2
[ 199] best_single    score= 0.2690 origin=agent    iters=4 stop=no new information in 3 consecutive turns
         TEST  smape=0.1247  rmse=234.8104  pocid=50.00  mape=0.1243
         laya iter 1 -> best_ONLY_DWT_catboost conf=0.7433 rank=1
         laya iter 2 -> best_ONLY_DWT_catboost conf=0.2442 rank=1
         laya iter 3 -> best_ONLY_DWT_catboost conf=None obs=
         laya iter 4 -> best_ONLY_DWT_catboost conf=None obs=
[ 200] best_single    score= 0.4637 origin=agent    iters=4 stop=no new information in 3 consecutive turns
         TEST  smape=0.0842  rmse=168.1019  pocid=16.67  mape=0.0804
         laya iter 1 -> best_ONLY_DWT_rf conf=0.6981 rank=1
         laya iter 2 -> best_ONLY_DWT_rf conf=0.4465 rank=1
         laya iter 3 -> best_ONLY_DWT_rf conf=None obs=
         laya iter 4 -> best_ONLY_DWT_rf conf=None obs=
[ 201] best_single    score= 0.6401 origin=agent    iters=4 stop=no new information in 3 consecutive turns
         TEST  smape=0.2877  rmse=1169.0258  pocid=33.33  mape=0.2395
         laya iter 1 -> best_FT_rf conf=0.6383 rank=1
         laya iter 2 -> best_FT_rf conf=0.2645 rank=1
         laya iter 3 -> best_FT_rf conf=None obs=
         laya iter 4 -> best_FT_rf conf=None obs=
[ 202] best_single    score= 0.5523 origin=agent    iters=2 stop=laya_accept
         TEST  smape=0.0507  rmse=325.9825  pocid=50.00  mape=0.0523
         laya iter 1 -> best_FT_rf conf=0.8362 rank=1
[ 203] best_single    score=-0.0070 origin=agent    iters=4 stop=no new information in 3 consecutive turns
         TEST  smape=0.0021  rmse=18.0864  pocid=66.67  mape=0.0021
         laya iter 1 -> best_FT_rf conf=0.3177 rank=1
         laya iter 2 -> best_FT_rf conf=0.1788 rank=1
         laya iter 3 -> best_FT_rf conf=None obs=
         laya iter 4 -> best_FT_rf conf=None obs=
[ 204] best_single    score= 0.1385 origin=agent    iters=4 stop=no new information in 3 consecutive turns
         TEST  smape=0.0244  rmse=386.2599  pocid=58.33  mape=0.0240
         laya iter 1 -> best_ONLY_CWT_catboost conf=0.6102 rank=1
         laya iter 2 -> best_ONLY_CWT_catboost conf=0.5646 rank=1
         laya iter 3 -> best_ONLY_CWT_catboost conf=None obs=
         laya iter 4 -> best_ONLY_CWT_catboost conf=None obs=
[ 205] best_single    score= 0.5203 origin=agent    iters=5 stop=no new information in 3 consecutive turns
         TEST  smape=0.1065  rmse=151.5987  pocid=75.00  mape=0.0998
         laya iter 1 -> best_ONLY_DWT_rf conf=0.6158 rank=1
         laya iter 2 -> best_ONLY_DWT_catboost conf=0.3286 rank=1
         laya iter 3 -> best_ONLY_DWT_rf conf=0.4288 rank=2
         laya iter 4 -> best_ONLY_DWT_rf conf=None obs=
         laya iter 5 -> best_ONLY_DWT_rf conf=None obs=
[ 206] best_single    score= 0.5234 origin=agent    iters=4 stop=no new information in 3 consecutive turns
         TEST  smape=0.1912  rmse=3469.2113  pocid=50.00  mape=0.1673
         laya iter 1 -> best_FT_rf conf=0.6922 rank=1
         laya iter 2 -> best_FT_rf conf=0.2379 rank=1
         laya iter 3 -> best_FT_rf conf=None obs=
         laya iter 4 -> best_FT_rf conf=None obs=
[ 207] best_single    score= 0.2001 origin=agent    iters=4 stop=no new information in 3 consecutive turns
         TEST  smape=0.0954  rmse=2897.0481  pocid=75.00  mape=0.1007
         laya iter 1 -> best_ONLY_DWT_catboost conf=0.3415 rank=1
         laya iter 2 -> best_ONLY_DWT_catboost conf=0.5367 rank=1
         laya iter 3 -> best_ONLY_DWT_catboost conf=None obs=
         laya iter 4 -> best_ONLY_DWT_catboost conf=None obs=
[ 208] best_single    score= 0.0873 origin=agent    iters=4 stop=no new information in 3 consecutive turns
         TEST  smape=1.4986  rmse=3454.5055  pocid=8.33  mape=0.8550
         laya iter 1 -> best_NaiveMovingAverage conf=0.2159 rank=1
         laya iter 2 -> best_NaiveMovingAverage conf=0.0981 rank=1
         laya iter 3 -> best_NaiveMovingAverage conf=None obs=
         laya iter 4 -> best_NaiveMovingAverage conf=None obs=
[ 209] best_single    score= 0.1125 origin=agent    iters=5 stop=no new information in 3 consecutive turns
         TEST  smape=0.1378  rmse=1282.9872  pocid=66.67  mape=0.1278
         laya iter 1 -> best_ONLY_CWT_rf conf=0.5457 rank=1
         laya iter 2 -> best_ONLY_CWT_catboost conf=0.3499 rank=1
         laya iter 3 -> best_ONLY_CWT_catboost conf=0.3985 rank=1
         laya iter 4 -> best_ONLY_CWT_rf conf=0.4853 rank=2
         laya iter 5 -> best_ONLY_CWT_catboost conf=None obs=
[ 210] best_single    score=-0.1355 origin=agent    iters=5 stop=no new information in 3 consecutive turns
         TEST  smape=0.0161  rmse=407.7503  pocid=91.67  mape=0.0163
         laya iter 1 -> best_ONLY_CWT_catboost conf=0.4778 rank=1
         laya iter 2 -> best_FT_rf conf=0.3395 rank=1
         laya iter 3 -> best_FT_rf conf=0.4646 rank=1
         laya iter 4 -> best_FT_rf conf=None obs=
         laya iter 5 -> best_FT_rf conf=None obs=
[ 211] best_single    score= 0.0316 origin=agent    iters=7 stop=no new information in 3 consecutive turns
         TEST  smape=0.0520  rmse=348.8678  pocid=66.67  mape=0.0502
         laya iter 1 -> best_ONLY_CWT_rf conf=0.5448 rank=1
         laya iter 2 -> best_ONLY_CWT_rf conf=0.3658 rank=1
         laya iter 3 -> best_ONLY_CWT_rf conf=None obs=
         laya iter 4 -> best_FT_rf conf=0.4108 rank=2
         laya iter 5 -> best_ONLY_CWT_rf conf=None obs=
         laya iter 6 -> best_ONLY_CWT_rf conf=None obs=
         laya iter 7 -> best_ONLY_CWT_rf conf=None obs=
[ 212] best_single    score= 0.2049 origin=agent    iters=4 stop=no new information in 3 consecutive turns
         TEST  smape=0.0456  rmse=192.1380  pocid=50.00  mape=0.0464
         laya iter 1 -> best_DWT_catboost conf=0.3295 rank=1
         laya iter 2 -> best_DWT_catboost conf=0.4196 rank=1
         laya iter 3 -> best_DWT_catboost conf=None obs=
         laya iter 4 -> best_DWT_catboost conf=None obs=
[ 213] best_single    score= 0.3049 origin=agent    iters=7 stop=no new information in 3 consecutive turns
         TEST  smape=0.0303  rmse=67.4144  pocid=41.67  mape=0.0298
         laya iter 1 -> best_ONLY_CWT_rf conf=0.4913 rank=1
         laya iter 2 -> best_ONLY_CWT_rf conf=0.3813 rank=1
         laya iter 3 -> best_ONLY_CWT_rf conf=None obs=
         laya iter 4 -> best_ONLY_DWT_catboost conf=0.3585 rank=2
         laya iter 5 -> best_ONLY_DWT_catboost conf=0.6541 rank=2
         laya iter 6 -> best_ONLY_DWT_catboost conf=None obs=
         laya iter 7 -> best_ONLY_DWT_catboost conf=None obs=
[ 214] best_single    score= 0.1706 origin=agent    iters=4 stop=no new information in 3 consecutive turns
         TEST  smape=0.0255  rmse=71.4543  pocid=58.33  mape=0.0251
         laya iter 1 -> best_FT_catboost conf=0.5491 rank=1
         laya iter 2 -> best_FT_catboost conf=0.3788 rank=1
         laya iter 3 -> best_FT_catboost conf=None obs=
         laya iter 4 -> best_FT_catboost conf=None obs=
[ 215] best_single    score= 0.1465 origin=agent    iters=4 stop=no new information in 3 consecutive turns
         TEST  smape=0.0306  rmse=109.4706  pocid=50.00  mape=0.0300
         laya iter 1 -> best_FT_rf conf=0.6325 rank=1
         laya iter 2 -> best_FT_rf conf=0.2164 rank=1
         laya iter 3 -> best_FT_rf conf=None obs=
         laya iter 4 -> best_FT_rf conf=None obs=
[ 216] best_single    score= 0.2814 origin=agent    iters=2 stop=laya_accept
         TEST  smape=0.0153  rmse=239.0586  pocid=0.00  mape=0.0155
         laya iter 1 -> best_ARIMA conf=0.4311 rank=1
[ 217] best_single    score=-0.0901 origin=agent    iters=4 stop=no new information in 3 consecutive turns
         TEST  smape=0.0295  rmse=381.3561  pocid=41.67  mape=0.0301
         laya iter 1 -> best_ARIMA conf=0.2927 rank=1
         laya iter 2 -> best_ARIMA conf=0.1983 rank=1
         laya iter 3 -> best_ARIMA conf=None obs=
         laya iter 4 -> best_ARIMA conf=None obs=
[ 218] best_single    score=-0.0078 origin=agent    iters=2 stop=laya_accept
         TEST  smape=0.0005  rmse=0.7441  pocid=100.00  mape=0.0005
         laya iter 1 -> best_ONLY_CWT_rf conf=0.4084 rank=1
[ 219] best_single    score= 0.1011 origin=agent    iters=2 stop=laya_accept
         TEST  smape=0.0000  rmse=0.0651  pocid=100.00  mape=0.0000
         laya iter 1 -> best_ONLY_DWT_rf conf=0.5044 rank=1
[ 220] median         score= 0.6087 origin=agent    iters=7 stop=no new information in 3 consecutive turns
         TEST  smape=0.0454  rmse=396.8264  pocid=58.33  mape=0.0444
         laya iter 1 -> best_FT_rf conf=0.661 rank=1
         laya iter 2 -> median_prune conf=0.1714 rank=1
         laya iter 3 -> best_FT_rf conf=0.5018 rank=2
         laya iter 4 -> best_ONLY_CWT_catboost conf=0.8146 rank=2
         laya iter 5 -> best_ONLY_CWT_catboost conf=0.4237 rank=2
         laya iter 6 -> best_ONLY_CWT_catboost conf=None obs=
         laya iter 7 -> best_ONLY_CWT_catboost conf=None obs=
[ 221] best_single    score= 0.1414 origin=agent    iters=4 stop=no new information in 3 consecutive turns
         TEST  smape=0.0938  rmse=816.1081  pocid=41.67  mape=0.0914
         laya iter 1 -> best_ONLY_CWT_rf conf=0.5472 rank=1
         laya iter 2 -> best_ONLY_CWT_rf conf=0.258 rank=1
         laya iter 3 -> best_ONLY_CWT_rf conf=None obs=
         laya iter 4 -> best_ONLY_CWT_rf conf=None obs=
[ 222] best_single    score= 0.1028 origin=agent    iters=4 stop=no new information in 3 consecutive turns
         TEST  smape=0.0141  rmse=479.1725  pocid=50.00  mape=0.0140
         laya iter 1 -> best_ONLY_FT_rf conf=0.4555 rank=1
         laya iter 2 -> best_ONLY_FT_rf conf=0.2471 rank=1
         laya iter 3 -> best_ONLY_FT_rf conf=None obs=
         laya iter 4 -> best_ONLY_FT_rf conf=None obs=
[ 223] best_single    score= 0.3329 origin=agent    iters=4 stop=no new information in 3 consecutive turns
         TEST  smape=0.0607  rmse=153.3396  pocid=83.33  mape=0.0582
         laya iter 1 -> best_ONLY_DWT_catboost conf=0.4731 rank=1
         laya iter 2 -> best_ONLY_DWT_catboost conf=0.5448 rank=1
         laya iter 3 -> best_ONLY_DWT_catboost conf=None obs=
         laya iter 4 -> best_ONLY_DWT_catboost conf=None obs=
[ 224] best_single    score= 0.0982 origin=agent    iters=4 stop=no new information in 3 consecutive turns
         TEST  smape=0.0662  rmse=262.7977  pocid=41.67  mape=0.0605
         laya iter 1 -> best_FT_rf conf=0.5368 rank=1
         laya iter 2 -> best_FT_rf conf=0.1184 rank=1
         laya iter 3 -> best_FT_rf conf=None obs=
         laya iter 4 -> best_FT_rf conf=None obs=
[ 225] best_single    score= 0.0725 origin=agent    iters=7 stop=no new information in 3 consecutive turns
         TEST  smape=0.0347  rmse=116.5946  pocid=58.33  mape=0.0357
         laya iter 1 -> best_ONLY_CWT_catboost conf=0.6936 rank=1
         laya iter 2 -> best_ONLY_CWT_catboost conf=0.3548 rank=1
         laya iter 3 -> best_ONLY_CWT_catboost conf=None obs=
         laya iter 4 -> best_FT_rf conf=0.3413 rank=1
         laya iter 5 -> best_FT_rf conf=0.7728 rank=1
         laya iter 6 -> best_FT_rf conf=None obs=
         laya iter 7 -> best_FT_rf conf=None obs=
[ 226] best_single    score= 0.1649 origin=agent    iters=4 stop=no new information in 3 consecutive turns
         TEST  smape=0.0994  rmse=204.3749  pocid=41.67  mape=0.0923
         laya iter 1 -> best_ONLY_CWT_catboost conf=0.6556 rank=1
         laya iter 2 -> best_ONLY_CWT_catboost conf=0.5688 rank=1
         laya iter 3 -> best_ONLY_CWT_catboost conf=None obs=
         laya iter 4 -> best_ONLY_CWT_catboost conf=None obs=
[ 227] best_single    score= 0.3188 origin=agent    iters=4 stop=no new information in 3 consecutive turns
         TEST  smape=0.0314  rmse=300.9752  pocid=50.00  mape=0.0308
         laya iter 1 -> best_ONLY_CWT_rf conf=0.4487 rank=1
         laya iter 2 -> best_ONLY_CWT_rf conf=0.171 rank=1
         laya iter 3 -> best_ONLY_CWT_rf conf=None obs=
         laya iter 4 -> best_ONLY_CWT_rf conf=None obs=
[ 228] best_single    score= 0.0369 origin=agent    iters=4 stop=no new information in 3 consecutive turns
         TEST  smape=0.1703  rmse=85.5576  pocid=83.33  mape=0.1474
         laya iter 1 -> best_ONLY_CWT_rf conf=0.5437 rank=1
         laya iter 2 -> best_ONLY_CWT_rf conf=0.1575 rank=1
         laya iter 3 -> best_ONLY_CWT_rf conf=None obs=
         laya iter 4 -> best_ONLY_CWT_rf conf=None obs=
[ 229] best_single    score= 0.0826 origin=agent    iters=5 stop=no new information in 3 consecutive turns
         TEST  smape=0.1143  rmse=530.9228  pocid=50.00  mape=0.1140
         laya iter 1 -> best_ONLY_FT_rf conf=0.4773 rank=1
         laya iter 2 -> best_FT_rf conf=0.3472 rank=1
         laya iter 3 -> best_FT_rf conf=0.1649 rank=1
         laya iter 4 -> best_FT_rf conf=None obs=
         laya iter 5 -> best_ONLY_FT_rf conf=0.4668 rank=2
[ 230] best_single    score= 0.2716 origin=agent    iters=4 stop=no new information in 3 consecutive turns
         TEST  smape=0.3115  rmse=380.7348  pocid=100.00  mape=0.2578
         laya iter 1 -> best_ONLY_DWT_rf conf=0.6733 rank=1
         laya iter 2 -> best_ONLY_DWT_rf conf=0.3361 rank=1
         laya iter 3 -> best_ONLY_DWT_rf conf=None obs=
         laya iter 4 -> best_ONLY_DWT_rf conf=None obs=
[ 231] best_single    score= 0.1485 origin=agent    iters=5 stop=no new information in 3 consecutive turns
         TEST  smape=0.2122  rmse=704.7659  pocid=41.67  mape=0.1794
         laya iter 1 -> best_ONLY_CWT_rf conf=0.4407 rank=1
         laya iter 2 -> best_FT_catboost conf=0.2405 rank=1
         laya iter 3 -> best_ONLY_CWT_rf conf=0.6236 rank=2
         laya iter 4 -> best_ONLY_CWT_rf conf=None obs=
         laya iter 5 -> best_ONLY_CWT_rf conf=None obs=
[ 232] best_single    score= 0.2865 origin=agent    iters=4 stop=no new information in 3 consecutive turns
         TEST  smape=0.1694  rmse=282.6923  pocid=33.33  mape=0.1539
         laya iter 1 -> best_ONLY_FT_catboost conf=0.5399 rank=1
         laya iter 2 -> best_ONLY_FT_catboost conf=0.2619 rank=1
         laya iter 3 -> best_ONLY_FT_catboost conf=None obs=
         laya iter 4 -> best_ONLY_FT_catboost conf=None obs=
[ 233] best_single    score= 0.2666 origin=agent    iters=4 stop=no new information in 3 consecutive turns
         TEST  smape=0.1558  rmse=438.8027  pocid=33.33  mape=0.1381
         laya iter 1 -> best_ONLY_FT_rf conf=0.6538 rank=1
         laya iter 2 -> best_ONLY_FT_rf conf=0.1818 rank=1
         laya iter 3 -> best_ONLY_FT_rf conf=None obs=
         laya iter 4 -> best_ONLY_FT_rf conf=None obs=
[ 234] best_single    score= 0.2460 origin=agent    iters=4 stop=no new information in 3 consecutive turns
         TEST  smape=0.0947  rmse=111.0425  pocid=100.00  mape=0.0871
         laya iter 1 -> best_ONLY_DWT_rf conf=0.4685 rank=1
         laya iter 2 -> best_ONLY_DWT_rf conf=0.1992 rank=1
         laya iter 3 -> best_ONLY_DWT_rf conf=None obs=
         laya iter 4 -> best_ONLY_DWT_rf conf=None obs=
[ 235] best_single    score= 0.1018 origin=agent    iters=4 stop=no new information in 3 consecutive turns
         TEST  smape=0.0567  rmse=318.8722  pocid=58.33  mape=0.0546
         laya iter 1 -> best_ONLY_DWT_catboost conf=0.6502 rank=1
         laya iter 2 -> best_ONLY_DWT_catboost conf=0.4553 rank=1
         laya iter 3 -> best_ONLY_DWT_catboost conf=None obs=
         laya iter 4 -> best_ONLY_DWT_catboost conf=None obs=
[ 236] best_single    score= 0.1493 origin=agent    iters=4 stop=no new information in 3 consecutive turns
         TEST  smape=0.0544  rmse=84.3742  pocid=25.00  mape=0.0542
         laya iter 1 -> best_ONLY_DWT_catboost conf=0.5396 rank=1
         laya iter 2 -> best_ONLY_DWT_catboost conf=0.2547 rank=1
         laya iter 3 -> best_ONLY_DWT_catboost conf=None obs=
         laya iter 4 -> best_ONLY_DWT_catboost conf=None obs=
[ 237] best_single    score= 0.1516 origin=agent    iters=4 stop=no new information in 3 consecutive turns
         TEST  smape=0.2659  rmse=215.4495  pocid=83.33  mape=0.2248
         laya iter 1 -> best_ONLY_CWT_rf conf=0.4001 rank=1
         laya iter 2 -> best_ONLY_CWT_rf conf=0.1599 rank=1
         laya iter 3 -> best_ONLY_CWT_rf conf=None obs=
         laya iter 4 -> best_ONLY_CWT_rf conf=None obs=
[ 238] best_single    score= 0.2883 origin=agent    iters=5 stop=no new information in 3 consecutive turns
         TEST  smape=0.1519  rmse=941.5874  pocid=33.33  mape=0.1370
         laya iter 1 -> best_FT_catboost conf=0.4683 rank=1
         laya iter 2 -> best_FT_rf conf=0.2593 rank=2
         laya iter 3 -> best_FT_rf conf=0.3154 rank=2
         laya iter 4 -> best_FT_rf conf=None obs=
         laya iter 5 -> best_FT_rf conf=None obs=
[ 239] best_single    score= 0.1100 origin=agent    iters=4 stop=no new information in 3 consecutive turns
         TEST  smape=0.0797  rmse=315.0509  pocid=58.33  mape=0.0840
         laya iter 1 -> best_ONLY_CWT_catboost conf=0.4503 rank=1
         laya iter 2 -> best_ONLY_CWT_catboost conf=0.2773 rank=1
         laya iter 3 -> best_ONLY_CWT_catboost conf=None obs=
         laya iter 4 -> best_ONLY_CWT_catboost conf=None obs=
[ 240] best_single    score= 0.4053 origin=agent    iters=4 stop=no new information in 3 consecutive turns
         TEST  smape=0.1715  rmse=284.8160  pocid=41.67  mape=0.1522
         laya iter 1 -> best_ONLY_CWT_catboost conf=0.4427 rank=1
         laya iter 2 -> best_ONLY_CWT_catboost conf=0.3947 rank=1
         laya iter 3 -> best_ONLY_CWT_catboost conf=None obs=
         laya iter 4 -> best_ONLY_CWT_catboost conf=None obs=
[ 241] best_single    score= 0.0544 origin=agent    iters=7 stop=no new information in 3 consecutive turns
         TEST  smape=0.1020  rmse=256.4712  pocid=41.67  mape=0.0951
         laya iter 1 -> best_ONLY_FT_catboost conf=0.4174 rank=1
         laya iter 2 -> best_ONLY_FT_catboost conf=0.3934 rank=1
         laya iter 3 -> best_ONLY_FT_catboost conf=None obs=
         laya iter 4 -> best_ONLY_CWT_catboost conf=0.5177 rank=1
         laya iter 5 -> best_ONLY_CWT_catboost conf=0.5743 rank=1
         laya iter 6 -> best_ONLY_CWT_catboost conf=None obs=
         laya iter 7 -> best_ONLY_CWT_catboost conf=None obs=
[ 242] best_single    score= 0.3922 origin=agent    iters=5 stop=no new information in 3 consecutive turns
         TEST  smape=0.6444  rmse=1735.7603  pocid=66.67  mape=0.4559
         laya iter 1 -> best_FT_rf conf=0.5078 rank=1
         laya iter 2 -> best_ONLY_DWT_rf conf=0.254 rank=1
         laya iter 3 -> best_ONLY_DWT_rf conf=0.4337 rank=1
         laya iter 4 -> best_ONLY_DWT_rf conf=None obs=
         laya iter 5 -> best_ONLY_DWT_rf conf=None obs=
[ 243] best_single    score= 0.2112 origin=agent    iters=7 stop=no new information in 3 consecutive turns
         TEST  smape=0.1923  rmse=253.5101  pocid=100.00  mape=0.1716
         laya iter 1 -> best_ONLY_DWT_rf conf=0.6468 rank=1
         laya iter 2 -> best_ONLY_DWT_rf conf=0.2776 rank=1
         laya iter 3 -> best_ONLY_DWT_rf conf=None obs=
         laya iter 4 -> best_DWT_rf conf=0.3762 rank=1
         laya iter 5 -> best_ONLY_DWT_rf conf=None obs=
         laya iter 6 -> best_ONLY_DWT_rf conf=None obs=
         laya iter 7 -> best_ONLY_DWT_rf conf=None obs=
[ 244] best_single    score= 0.0545 origin=agent    iters=5 stop=no new information in 3 consecutive turns
         TEST  smape=0.0552  rmse=207.5240  pocid=58.33  mape=0.0531
         laya iter 1 -> best_ONLY_DWT_catboost conf=0.5363 rank=1
         laya iter 2 -> best_ONLY_CWT_rf conf=0.2927 rank=1
         laya iter 3 -> best_ONLY_DWT_catboost conf=0.576 rank=2
         laya iter 4 -> best_ONLY_DWT_catboost conf=None obs=
         laya iter 5 -> best_ONLY_DWT_catboost conf=None obs=
[ 245] best_single    score= 0.7508 origin=agent    iters=4 stop=no new information in 3 consecutive turns
         TEST  smape=0.2412  rmse=401.1433  pocid=58.33  mape=0.2054
         laya iter 1 -> best_ONLY_DWT_catboost conf=0.4738 rank=1
         laya iter 2 -> best_ONLY_DWT_catboost conf=0.2143 rank=1
         laya iter 3 -> best_ONLY_DWT_catboost conf=None obs=
         laya iter 4 -> best_ONLY_DWT_catboost conf=None obs=
[ 246] best_single    score= 0.0874 origin=agent    iters=4 stop=no new information in 3 consecutive turns
         TEST  smape=0.0480  rmse=434.0411  pocid=66.67  mape=0.0457
         laya iter 1 -> best_ONLY_CWT_rf conf=0.6548 rank=1
         laya iter 2 -> best_ONLY_CWT_rf conf=0.3634 rank=1
         laya iter 3 -> best_ONLY_CWT_rf conf=None obs=
         laya iter 4 -> best_ONLY_CWT_rf conf=None obs=
[ 247] best_single    score= 0.0654 origin=agent    iters=2 stop=laya_accept
         TEST  smape=0.0215  rmse=439.0239  pocid=25.00  mape=0.0213
         laya iter 1 -> best_ONLY_DWT_rf conf=0.6587 rank=1
[ 248] best_single    score= 0.0494 origin=agent    iters=4 stop=no new information in 3 consecutive turns
         TEST  smape=0.0490  rmse=1229.1652  pocid=16.67  mape=0.0496
         laya iter 1 -> best_FT_rf conf=0.3727 rank=1
         laya iter 2 -> best_FT_rf conf=0.0836 rank=1
         laya iter 3 -> best_FT_rf conf=None obs=
         laya iter 4 -> best_FT_rf conf=None obs=
[ 249] best_single    score=-0.1024 origin=agent    iters=4 stop=no new information in 3 consecutive turns
         TEST  smape=0.0177  rmse=72.9296  pocid=91.67  mape=0.0175
         laya iter 1 -> best_ONLY_CWT_catboost conf=0.5011 rank=1
         laya iter 2 -> best_ONLY_CWT_catboost conf=0.3875 rank=1
         laya iter 3 -> best_ONLY_CWT_catboost conf=None obs=
         laya iter 4 -> best_ONLY_CWT_catboost conf=None obs=
[ 250] best_single    score= 0.1916 origin=agent    iters=4 stop=no new information in 3 consecutive turns
         TEST  smape=0.0483  rmse=373.3482  pocid=41.67  mape=0.0468
         laya iter 1 -> best_FT_rf conf=0.6144 rank=1
         laya iter 2 -> best_FT_rf conf=0.2942 rank=1
         laya iter 3 -> best_FT_rf conf=None obs=
         laya iter 4 -> best_FT_rf conf=None obs=
[ 251] best_single    score=-0.1429 origin=agent    iters=4 stop=no new information in 3 consecutive turns
         TEST  smape=0.0046  rmse=46.0347  pocid=91.67  mape=0.0046
         laya iter 1 -> best_ONLY_CWT_catboost conf=0.6659 rank=1
         laya iter 2 -> best_ONLY_CWT_catboost conf=0.5278 rank=1
         laya iter 3 -> best_ONLY_CWT_catboost conf=None obs=
         laya iter 4 -> best_ONLY_CWT_catboost conf=None obs=
[ 252] best_single    score=-0.0930 origin=agent    iters=5 stop=no new information in 3 consecutive turns
         TEST  smape=0.0096  rmse=136.9650  pocid=83.33  mape=0.0096
         laya iter 1 -> best_ONLY_CWT_catboost conf=0.623 rank=1
         laya iter 2 -> best_ONLY_DWT_rf conf=0.4149 rank=1
         laya iter 3 -> best_ONLY_DWT_rf conf=0.3731 rank=1
         laya iter 4 -> best_ONLY_DWT_rf conf=None obs=
         laya iter 5 -> best_ONLY_DWT_rf conf=None obs=
[ 253] best_single    score=-0.1254 origin=agent    iters=4 stop=no new information in 3 consecutive turns
         TEST  smape=0.0043  rmse=36.6766  pocid=100.00  mape=0.0043
         laya iter 1 -> best_FT_rf conf=0.6278 rank=1
         laya iter 2 -> best_FT_rf conf=0.3249 rank=1
         laya iter 3 -> best_FT_rf conf=None obs=
         laya iter 4 -> best_FT_rf conf=None obs=
[ 254] best_single    score=-0.0264 origin=agent    iters=7 stop=no new information in 3 consecutive turns
         TEST  smape=0.0189  rmse=40.8161  pocid=66.67  mape=0.0191
         laya iter 1 -> best_FT_rf conf=0.6067 rank=1
         laya iter 2 -> best_FT_rf conf=0.3098 rank=1
         laya iter 3 -> best_FT_rf conf=None obs=
         laya iter 4 -> best_DWT_catboost conf=0.4769 rank=1
         laya iter 5 -> best_DWT_catboost conf=0.6359 rank=1
         laya iter 6 -> best_DWT_catboost conf=None obs=
         laya iter 7 -> best_DWT_catboost conf=None obs=
[ 255] best_single    score= 0.0601 origin=agent    iters=8 stop=no new information in 3 consecutive turns
         TEST  smape=0.0269  rmse=83.9727  pocid=66.67  mape=0.0264
         laya iter 1 -> best_rf conf=0.5908 rank=1
         laya iter 2 -> best_ONLY_DWT_catboost conf=0.4003 rank=1
         laya iter 3 -> best_FT_rf conf=0.7359 rank=2
         laya iter 4 -> best_ONLY_DWT_catboost conf=0.5268 rank=1
         laya iter 5 -> best_ONLY_DWT_rf conf=0.4779 rank=3
         laya iter 6 -> best_FT_rf conf=0.5041 rank=2
         laya iter 7 -> best_FT_rf conf=None obs=
         laya iter 8 -> best_FT_rf conf=None obs=
[ 256] best_single    score= 0.2962 origin=agent    iters=2 stop=laya_accept
         TEST  smape=0.0021  rmse=11.2394  pocid=83.33  mape=0.0021
         laya iter 1 -> best_ONLY_CWT_rf conf=0.7381 rank=1
[ 257] best_single    score= 0.0859 origin=agent    iters=8 stop=no new information in 3 consecutive turns
         TEST  smape=0.0638  rmse=156.0706  pocid=50.00  mape=0.0668
         laya iter 1 -> best_CWT_rf conf=0.5424 rank=1
         laya iter 2 -> best_ONLY_DWT_rf conf=0.3198 rank=1
         laya iter 3 -> best_ONLY_DWT_rf conf=0.3774 rank=1
         laya iter 4 -> best_DWT_rf conf=0.5835 rank=3
         laya iter 5 -> best_ONLY_CWT_catboost conf=0.3197 rank=3
         laya iter 6 -> best_ONLY_CWT_catboost conf=0.4026 rank=3
         laya iter 7 -> best_ONLY_CWT_catboost conf=None obs=
         laya iter 8 -> best_ONLY_CWT_catboost conf=None obs=
[ 258] best_single    score= 0.7095 origin=agent    iters=4 stop=no new information in 3 consecutive turns
         TEST  smape=0.1307  rmse=979.9430  pocid=41.67  mape=0.1446
         laya iter 1 -> best_ONLY_FT_catboost conf=0.5786 rank=1
         laya iter 2 -> best_ONLY_FT_catboost conf=0.4446 rank=1
         laya iter 3 -> best_ONLY_FT_catboost conf=None obs=
         laya iter 4 -> best_ONLY_FT_catboost conf=None obs=
[ 259] best_single    score= 0.1627 origin=agent    iters=4 stop=no new information in 3 consecutive turns
         TEST  smape=0.2601  rmse=254.4080  pocid=50.00  mape=0.2919
         laya iter 1 -> best_FT_rf conf=0.5645 rank=1
         laya iter 2 -> best_FT_rf conf=0.3873 rank=1
         laya iter 3 -> best_FT_rf conf=None obs=
         laya iter 4 -> best_FT_rf conf=None obs=
[ 260] best_single    score= 0.7763 origin=agent    iters=4 stop=no new information in 3 consecutive turns
         TEST  smape=0.0158  rmse=86.2148  pocid=50.00  mape=0.0159
         laya iter 1 -> best_ONLY_DWT_catboost conf=0.5276 rank=1
         laya iter 2 -> best_ONLY_DWT_catboost conf=0.4727 rank=1
         laya iter 3 -> best_ONLY_DWT_catboost conf=None obs=
         laya iter 4 -> best_ONLY_DWT_catboost conf=None obs=
[ 261] best_single    score=-0.1233 origin=agent    iters=4 stop=no new information in 3 consecutive turns
         TEST  smape=0.0024  rmse=11.8728  pocid=75.00  mape=0.0024
         laya iter 1 -> best_ONLY_CWT_catboost conf=0.723 rank=1
         laya iter 2 -> best_ONLY_CWT_catboost conf=0.6951 rank=1
         laya iter 3 -> best_ONLY_CWT_catboost conf=None obs=
         laya iter 4 -> best_ONLY_CWT_catboost conf=None obs=
[ 262] best_single    score= 1.1439 origin=agent    iters=4 stop=no new information in 3 consecutive turns
         TEST  smape=0.2190  rmse=509.3629  pocid=41.67  mape=0.2559
         laya iter 1 -> best_ONLY_DWT_rf conf=0.5608 rank=1
         laya iter 2 -> best_ONLY_DWT_rf conf=0.3153 rank=1
         laya iter 3 -> best_ONLY_DWT_rf conf=None obs=
         laya iter 4 -> best_ONLY_DWT_rf conf=None obs=
[ 263] best_single    score= 0.3412 origin=agent    iters=5 stop=no new information in 3 consecutive turns
         TEST  smape=0.0648  rmse=306.0334  pocid=50.00  mape=0.0644
         laya iter 1 -> best_ONLY_CWT_rf conf=0.5166 rank=1
         laya iter 2 -> best_ONLY_DWT_rf conf=0.5502 rank=2
         laya iter 3 -> best_ONLY_DWT_rf conf=0.507 rank=2
         laya iter 4 -> best_ONLY_DWT_rf conf=None obs=
         laya iter 5 -> best_ONLY_CWT_rf conf=0.7068 rank=1
[ 264] best_single    score= 0.4700 origin=agent    iters=5 stop=no new information in 3 consecutive turns
         TEST  smape=0.0907  rmse=198.9171  pocid=50.00  mape=0.0955
         laya iter 1 -> best_ONLY_CWT_rf conf=0.5167 rank=1
         laya iter 2 -> best_ONLY_CWT_catboost conf=0.1569 rank=1
         laya iter 3 -> best_ONLY_CWT_catboost conf=0.4612 rank=1
         laya iter 4 -> best_ONLY_CWT_catboost conf=None obs=
         laya iter 5 -> best_ONLY_CWT_catboost conf=None obs=
[ 265] best_single    score= 0.7313 origin=agent    iters=4 stop=no new information in 3 consecutive turns
         TEST  smape=0.1235  rmse=273.5493  pocid=50.00  mape=0.1321
         laya iter 1 -> best_ONLY_FT_rf conf=0.5556 rank=1
         laya iter 2 -> best_ONLY_FT_rf conf=0.3893 rank=1
         laya iter 3 -> best_ONLY_FT_rf conf=None obs=
         laya iter 4 -> best_ONLY_FT_rf conf=None obs=
[ 266] best_single    score= 0.3406 origin=agent    iters=4 stop=no new information in 3 consecutive turns
         TEST  smape=0.1856  rmse=809.2529  pocid=41.67  mape=0.1647
         laya iter 1 -> best_ONLY_FT_rf conf=0.5152 rank=1
         laya iter 2 -> best_ONLY_FT_rf conf=0.239 rank=1
         laya iter 3 -> best_ONLY_FT_rf conf=None obs=
         laya iter 4 -> best_ONLY_FT_rf conf=None obs=
[ 267] best_single    score= 0.6481 origin=agent    iters=4 stop=no new information in 3 consecutive turns
         TEST  smape=0.0366  rmse=61.7031  pocid=41.67  mape=0.0376
         laya iter 1 -> best_ONLY_CWT_catboost conf=0.6464 rank=1
         laya iter 2 -> best_ONLY_CWT_catboost conf=0.4736 rank=1
         laya iter 3 -> best_ONLY_CWT_catboost conf=None obs=
         laya iter 4 -> best_ONLY_CWT_catboost conf=None obs=
[ 268] best_single    score= 0.6298 origin=agent    iters=4 stop=no new information in 3 consecutive turns
         TEST  smape=0.0973  rmse=133.6007  pocid=50.00  mape=0.1028
         laya iter 1 -> best_ONLY_FT_rf conf=0.3865 rank=1
         laya iter 2 -> best_ONLY_FT_rf conf=0.153 rank=1
         laya iter 3 -> best_ONLY_FT_rf conf=None obs=
         laya iter 4 -> best_ONLY_FT_rf conf=None obs=
[ 269] best_single    score= 0.0267 origin=agent    iters=4 stop=no new information in 3 consecutive turns
         TEST  smape=0.0543  rmse=494.3488  pocid=25.00  mape=0.0524
         laya iter 1 -> best_ONLY_DWT_catboost conf=0.4989 rank=1
         laya iter 2 -> best_ONLY_DWT_catboost conf=0.5535 rank=1
         laya iter 3 -> best_ONLY_DWT_catboost conf=None obs=
         laya iter 4 -> best_ONLY_DWT_catboost conf=None obs=
[ 270] best_single    score= 0.2028 origin=agent    iters=5 stop=no new information in 3 consecutive turns
         TEST  smape=0.0625  rmse=552.0529  pocid=50.00  mape=0.0600
         laya iter 1 -> best_ONLY_DWT_catboost conf=0.5626 rank=1
         laya iter 2 -> best_ONLY_DWT_rf conf=0.377 rank=1
         laya iter 3 -> best_ONLY_DWT_catboost conf=0.5791 rank=2
         laya iter 4 -> best_ONLY_DWT_catboost conf=None obs=
         laya iter 5 -> best_ONLY_DWT_catboost conf=None obs=
[ 271] best_single    score= 0.2086 origin=agent    iters=4 stop=no new information in 3 consecutive turns
         TEST  smape=0.0362  rmse=37.6351  pocid=50.00  mape=0.0370
         laya iter 1 -> best_ONLY_DWT_rf conf=0.5181 rank=1
         laya iter 2 -> best_ONLY_DWT_rf conf=0.4578 rank=1
         laya iter 3 -> best_ONLY_DWT_rf conf=None obs=
         laya iter 4 -> best_ONLY_DWT_rf conf=None obs=
[ 272] best_single    score= 0.1493 origin=agent    iters=4 stop=no new information in 3 consecutive turns
         TEST  smape=0.0191  rmse=144.1991  pocid=33.33  mape=0.0190
         laya iter 1 -> best_ONLY_DWT_catboost conf=0.6408 rank=1
         laya iter 2 -> best_ONLY_DWT_catboost conf=0.4721 rank=1
         laya iter 3 -> best_ONLY_DWT_catboost conf=None obs=
         laya iter 4 -> best_ONLY_DWT_catboost conf=None obs=
[ 273] best_single    score= 0.3681 origin=agent    iters=4 stop=no new information in 3 consecutive turns
         TEST  smape=0.1666  rmse=136.2247  pocid=41.67  mape=0.1842
         laya iter 1 -> best_ONLY_DWT_catboost conf=0.5722 rank=1
         laya iter 2 -> best_ONLY_DWT_catboost conf=0.3971 rank=1
         laya iter 3 -> best_ONLY_DWT_catboost conf=None obs=
         laya iter 4 -> best_ONLY_DWT_catboost conf=None obs=
[ 274] best_single    score= 0.5549 origin=agent    iters=4 stop=no new information in 3 consecutive turns
         TEST  smape=0.1371  rmse=1219.7747  pocid=41.67  mape=0.1489
         laya iter 1 -> best_ONLY_DWT_catboost conf=0.5233 rank=1
         laya iter 2 -> best_ONLY_DWT_catboost conf=0.364 rank=1
         laya iter 3 -> best_ONLY_DWT_catboost conf=None obs=
         laya iter 4 -> best_ONLY_DWT_catboost conf=None obs=
[ 275] best_single    score= 0.3306 origin=agent    iters=4 stop=no new information in 3 consecutive turns
         TEST  smape=0.0266  rmse=360.2919  pocid=41.67  mape=0.0265
         laya iter 1 -> best_FT_rf conf=0.5973 rank=1
         laya iter 2 -> best_FT_rf conf=0.733 rank=1
         laya iter 3 -> best_FT_rf conf=None obs=
         laya iter 4 -> best_FT_rf conf=None obs=
[ 276] best_single    score=-0.0392 origin=agent    iters=4 stop=no new information in 3 consecutive turns
         TEST  smape=0.0168  rmse=70.2899  pocid=41.67  mape=0.0170
         laya iter 1 -> best_ONLY_FT_rf conf=0.61 rank=1
         laya iter 2 -> best_ONLY_FT_rf conf=0.2154 rank=1
         laya iter 3 -> best_ONLY_FT_rf conf=None obs=
         laya iter 4 -> best_ONLY_FT_rf conf=None obs=
[ 277] best_single    score= 0.6178 origin=agent    iters=2 stop=laya_accept
         TEST  smape=0.0897  rmse=132.5122  pocid=66.67  mape=0.0952
         laya iter 1 -> best_ONLY_FT_rf conf=0.628 rank=1
[ 278] best_single    score= 0.5274 origin=agent    iters=4 stop=no new information in 3 consecutive turns
         TEST  smape=0.1353  rmse=180.9932  pocid=50.00  mape=0.1460
         laya iter 1 -> best_ONLY_FT_rf conf=0.4203 rank=1
         laya iter 2 -> best_ONLY_FT_rf conf=0.1346 rank=1
         laya iter 3 -> best_ONLY_FT_rf conf=None obs=
         laya iter 4 -> best_ONLY_FT_rf conf=None obs=
[ 279] best_single    score= 0.0340 origin=agent    iters=4 stop=no new information in 3 consecutive turns
         TEST  smape=0.0124  rmse=69.5335  pocid=58.33  mape=0.0123
         laya iter 1 -> best_CWT_rf conf=0.5988 rank=1
         laya iter 2 -> best_CWT_rf conf=0.5038 rank=1
         laya iter 3 -> best_CWT_rf conf=None obs=
         laya iter 4 -> best_CWT_rf conf=None obs=
[ 280] best_single    score= 0.6766 origin=agent    iters=4 stop=no new information in 3 consecutive turns
         TEST  smape=0.0432  rmse=107.9921  pocid=66.67  mape=0.0417
         laya iter 1 -> best_ONLY_DWT_rf conf=0.6258 rank=1
         laya iter 2 -> best_ONLY_DWT_rf conf=0.3014 rank=1
         laya iter 3 -> best_ONLY_DWT_rf conf=None obs=
         laya iter 4 -> best_ONLY_DWT_rf conf=None obs=
[ 281] best_single    score=-0.0944 origin=agent    iters=5 stop=no new information in 3 consecutive turns
         TEST  smape=0.0073  rmse=18.5711  pocid=75.00  mape=0.0072
         laya iter 1 -> best_ONLY_FT_rf conf=0.5424 rank=1
         laya iter 2 -> best_ONLY_CWT_catboost conf=0.154 rank=1
         laya iter 3 -> best_ONLY_FT_rf conf=0.5569 rank=2
         laya iter 4 -> best_ONLY_FT_rf conf=None obs=
         laya iter 5 -> best_ONLY_FT_rf conf=None obs=
[ 282] best_single    score=-0.0857 origin=agent    iters=6 stop=no new information in 3 consecutive turns
         TEST  smape=0.1277  rmse=51.3245  pocid=33.33  mape=0.1392
         laya iter 1 -> best_ONLY_CWT_catboost conf=0.6348 rank=1
         laya iter 2 -> best_ONLY_CWT_catboost conf=0.3831 rank=1
         laya iter 3 -> best_ONLY_DWT_rf conf=0.4371 rank=2
         laya iter 4 -> best_ONLY_CWT_catboost conf=None obs=
         laya iter 5 -> best_ONLY_CWT_catboost conf=None obs=
         laya iter 6 -> best_ONLY_CWT_catboost conf=None obs=
[ 283] best_single    score=-0.0132 origin=agent    iters=4 stop=no new information in 3 consecutive turns
         TEST  smape=0.0310  rmse=30.9212  pocid=58.33  mape=0.0324
         laya iter 1 -> best_ONLY_CWT_catboost conf=0.5535 rank=1
         laya iter 2 -> best_ONLY_CWT_catboost conf=0.395 rank=1
         laya iter 3 -> best_ONLY_CWT_catboost conf=None obs=
         laya iter 4 -> best_ONLY_CWT_catboost conf=None obs=
[ 284] best_single    score= 1.0384 origin=agent    iters=4 stop=no new information in 3 consecutive turns
         TEST  smape=0.8527  rmse=1061.0203  pocid=50.00  mape=1.4955
         laya iter 1 -> best_ARIMA conf=0.3989 rank=1
         laya iter 2 -> best_ARIMA conf=0.5696 rank=1
         laya iter 3 -> best_ARIMA conf=None obs=
         laya iter 4 -> best_ARIMA conf=None obs=
[ 285] best_single    score= 0.0106 origin=agent    iters=4 stop=no new information in 3 consecutive turns
         TEST  smape=0.0389  rmse=457.4889  pocid=75.00  mape=0.0399
         laya iter 1 -> best_ONLY_DWT_catboost conf=0.3126 rank=1
         laya iter 2 -> best_ONLY_DWT_catboost conf=0.2725 rank=1
         laya iter 3 -> best_ONLY_DWT_catboost conf=None obs=
         laya iter 4 -> best_ONLY_DWT_catboost conf=None obs=
[ 286] best_single    score= 0.0366 origin=agent    iters=4 stop=no new information in 3 consecutive turns
         TEST  smape=0.0570  rmse=144.8562  pocid=33.33  mape=0.0550
         laya iter 1 -> best_ONLY_DWT_rf conf=0.3414 rank=1
         laya iter 2 -> best_ONLY_DWT_rf conf=0.3244 rank=1
         laya iter 3 -> best_ONLY_DWT_rf conf=None obs=
         laya iter 4 -> best_ONLY_DWT_rf conf=None obs=
[ 287] best_single    score=-0.0339 origin=agent    iters=5 stop=no new information in 3 consecutive turns
         TEST  smape=0.0078  rmse=64.1585  pocid=41.67  mape=0.0078
         laya iter 1 -> best_ONLY_FT_rf conf=0.6373 rank=1
         laya iter 2 -> best_CWT_catboost conf=0.4454 rank=1
         laya iter 3 -> best_ONLY_FT_rf conf=0.3155 rank=2
         laya iter 4 -> best_ONLY_FT_rf conf=None obs=
         laya iter 5 -> best_ONLY_FT_rf conf=None obs=
[ 288] best_single    score= 0.2130 origin=agent    iters=4 stop=no new information in 3 consecutive turns
         TEST  smape=0.0355  rmse=701.7601  pocid=50.00  mape=0.0376
         laya iter 1 -> best_ONLY_FT_catboost conf=0.6909 rank=1
         laya iter 2 -> best_ONLY_FT_catboost conf=0.4101 rank=1
         laya iter 3 -> best_ONLY_FT_catboost conf=None obs=
         laya iter 4 -> best_ONLY_FT_catboost conf=None obs=
[ 289] best_single    score= 0.3821 origin=agent    iters=4 stop=no new information in 3 consecutive turns
         TEST  smape=0.0530  rmse=933.4474  pocid=66.67  mape=0.0528
         laya iter 1 -> best_FT_rf conf=0.5363 rank=1
         laya iter 2 -> best_FT_rf conf=0.2119 rank=1
         laya iter 3 -> best_FT_rf conf=None obs=
         laya iter 4 -> best_FT_rf conf=None obs=
[ 290] best_single    score= 0.3501 origin=agent    iters=4 stop=no new information in 3 consecutive turns
         TEST  smape=0.1240  rmse=1094.6466  pocid=58.33  mape=0.1335
         laya iter 1 -> best_ONLY_DWT_catboost conf=0.5982 rank=1
         laya iter 2 -> best_ONLY_DWT_catboost conf=0.3367 rank=1
         laya iter 3 -> best_ONLY_DWT_catboost conf=None obs=
         laya iter 4 -> best_ONLY_DWT_catboost conf=None obs=
[ 291] best_single    score= 0.1502 origin=agent    iters=5 stop=no new information in 3 consecutive turns
         TEST  smape=0.0973  rmse=1846.5917  pocid=50.00  mape=0.1030
         laya iter 1 -> best_ONLY_FT_rf conf=0.5526 rank=1
         laya iter 2 -> best_FT_rf conf=0.1624 rank=1
         laya iter 3 -> best_FT_rf conf=0.3382 rank=1
         laya iter 4 -> best_ONLY_FT_rf conf=0.4962 rank=2
         laya iter 5 -> best_ONLY_FT_rf conf=None obs=
[ 292] best_single    score= 0.8052 origin=agent    iters=2 stop=laya_accept
         TEST  smape=0.1808  rmse=625.6559  pocid=58.33  mape=0.1521
         laya iter 1 -> best_ONLY_FT_catboost conf=0.3176 rank=1
[ 293] best_single    score= 0.8996 origin=agent    iters=4 stop=no new information in 3 consecutive turns
         TEST  smape=0.1580  rmse=239.3766  pocid=66.67  mape=0.1767
         laya iter 1 -> best_ONLY_CWT_catboost conf=0.4386 rank=1
         laya iter 2 -> best_ONLY_CWT_catboost conf=0.5683 rank=1
         laya iter 3 -> best_ONLY_CWT_catboost conf=None obs=
         laya iter 4 -> best_ONLY_CWT_catboost conf=None obs=
[ 294] best_single    score= 0.6597 origin=agent    iters=2 stop=laya_accept
         TEST  smape=0.2973  rmse=848.5453  pocid=66.67  mape=0.2575
         laya iter 1 -> best_ONLY_FT_rf conf=0.7009 rank=1
[ 295] best_single    score= 0.6737 origin=agent    iters=4 stop=no new information in 3 consecutive turns
         TEST  smape=0.1109  rmse=440.9885  pocid=58.33  mape=0.1230
         laya iter 1 -> best_FT_catboost conf=0.5479 rank=1
         laya iter 2 -> best_FT_catboost conf=0.138 rank=1
         laya iter 3 -> best_FT_catboost conf=None obs=
         laya iter 4 -> best_FT_catboost conf=None obs=
[ 296] best_single    score= 0.5270 origin=agent    iters=7 stop=no new information in 3 consecutive turns
         TEST  smape=0.1333  rmse=818.4945  pocid=83.33  mape=0.1527
         laya iter 1 -> best_NaiveMovingAverage conf=0.4104 rank=1
         laya iter 2 -> best_NaiveMovingAverage conf=0.298 rank=1
         laya iter 3 -> best_NaiveMovingAverage conf=None obs=
         laya iter 4 -> best_ONLY_FT_catboost conf=0.3372 rank=2
         laya iter 5 -> best_NaiveMovingAverage conf=None obs=
         laya iter 6 -> best_NaiveMovingAverage conf=None obs=
         laya iter 7 -> best_NaiveMovingAverage conf=None obs=
[ 297] best_single    score= 0.6740 origin=agent    iters=4 stop=no new information in 3 consecutive turns
         TEST  smape=0.1490  rmse=650.6844  pocid=41.67  mape=0.1656
         laya iter 1 -> best_ONLY_FT_rf conf=0.3057 rank=1
         laya iter 2 -> best_ONLY_FT_rf conf=0.0705 rank=1
         laya iter 3 -> best_ONLY_FT_rf conf=None obs=
         laya iter 4 -> best_ONLY_FT_rf conf=None obs=
[ 298] best_single    score= 0.6961 origin=agent    iters=2 stop=laya_accept
         TEST  smape=0.1007  rmse=459.0201  pocid=75.00  mape=0.1051
         laya iter 1 -> best_FT_rf conf=0.5776 rank=1
[ 299] best_single    score= 0.6796 origin=agent    iters=4 stop=no new information in 3 consecutive turns
         TEST  smape=0.1161  rmse=285.3709  pocid=41.67  mape=0.1201
         laya iter 1 -> best_ONLY_FT_rf conf=0.4172 rank=1
         laya iter 2 -> best_ONLY_FT_rf conf=0.1509 rank=1
         laya iter 3 -> best_ONLY_FT_rf conf=None obs=
         laya iter 4 -> best_ONLY_FT_rf conf=None obs=
[ 300] best_single    score= 0.7735 origin=agent    iters=2 stop=laya_accept
         TEST  smape=0.0941  rmse=327.8524  pocid=66.67  mape=0.1024
         laya iter 1 -> best_ARIMA conf=0.523 rank=1
[ 301] best_single    score= 0.6813 origin=agent    iters=4 stop=no new information in 3 consecutive turns
         TEST  smape=0.1035  rmse=431.1389  pocid=25.00  mape=0.0991
         laya iter 1 -> best_NaiveMovingAverage conf=0.5907 rank=1
         laya iter 2 -> best_NaiveMovingAverage conf=0.441 rank=1
         laya iter 3 -> best_NaiveMovingAverage conf=None obs=
         laya iter 4 -> best_NaiveMovingAverage conf=None obs=
[ 302] best_single    score= 0.6566 origin=agent    iters=2 stop=laya_accept
         TEST  smape=0.1012  rmse=712.1488  pocid=66.67  mape=0.1086
         laya iter 1 -> best_ONLY_FT_catboost conf=0.5605 rank=1
[ 303] best_single    score= 0.6679 origin=agent    iters=5 stop=no new information in 3 consecutive turns
         TEST  smape=0.1165  rmse=436.9542  pocid=58.33  mape=0.1259
         laya iter 1 -> best_ONLY_CWT_catboost conf=0.555 rank=1
         laya iter 2 -> best_ETS conf=0.4337 rank=2
         laya iter 3 -> best_ETS conf=0.4046 rank=2
         laya iter 4 -> best_ETS conf=None obs=
         laya iter 5 -> best_ETS conf=None obs=
[ 304] best_single    score= 0.5950 origin=agent    iters=2 stop=laya_accept
         TEST  smape=0.1121  rmse=385.6284  pocid=66.67  mape=0.1131
         laya iter 1 -> best_FT_rf conf=0.4176 rank=1
[ 305] best_single    score= 0.5589 origin=agent    iters=4 stop=no new information in 3 consecutive turns
         TEST  smape=0.1495  rmse=450.8320  pocid=75.00  mape=0.1809
         laya iter 1 -> best_NaiveMovingAverage conf=0.461 rank=1
         laya iter 2 -> best_NaiveMovingAverage conf=0.128 rank=1
         laya iter 3 -> best_NaiveMovingAverage conf=None obs=
         laya iter 4 -> best_NaiveMovingAverage conf=None obs=
[ 306] best_single    score= 0.6310 origin=agent    iters=2 stop=laya_accept
         TEST  smape=0.1579  rmse=621.0815  pocid=0.00  mape=0.1803
         laya iter 1 -> best_THETA conf=0.5122 rank=1
[ 307] best_single    score= 0.6718 origin=agent    iters=2 stop=laya_accept
         TEST  smape=0.1161  rmse=342.0793  pocid=50.00  mape=0.1343
         laya iter 1 -> best_ARIMA conf=0.5498 rank=1
[ 308] best_single    score= 0.6353 origin=agent    iters=5 stop=no new information in 3 consecutive turns
         TEST  smape=0.1086  rmse=891.7410  pocid=25.00  mape=0.1119
         laya iter 1 -> best_THETA conf=0.5927 rank=1
         laya iter 2 -> best_NaiveMovingAverage conf=0.4106 rank=1
         laya iter 3 -> best_NaiveMovingAverage conf=0.3922 rank=1
         laya iter 4 -> best_NaiveMovingAverage conf=None obs=
         laya iter 5 -> best_NaiveMovingAverage conf=None obs=
[ 309] best_single    score= 0.6941 origin=agent    iters=4 stop=no new information in 3 consecutive turns
         TEST  smape=0.2834  rmse=1538.3350  pocid=41.67  mape=0.2393
         laya iter 1 -> best_ONLY_FT_rf conf=0.6589 rank=1
         laya iter 2 -> best_ONLY_FT_rf conf=0.2154 rank=1
         laya iter 3 -> best_ONLY_FT_rf conf=None obs=
         laya iter 4 -> best_ONLY_FT_rf conf=None obs=
[ 310] best_single    score= 0.4870 origin=agent    iters=4 stop=no new information in 3 consecutive turns
         TEST  smape=0.2014  rmse=1040.5280  pocid=50.00  mape=0.1799
         laya iter 1 -> best_ONLY_FT_rf conf=0.6001 rank=1
         laya iter 2 -> best_ONLY_FT_rf conf=0.2819 rank=1
         laya iter 3 -> best_ONLY_FT_rf conf=None obs=
         laya iter 4 -> best_ONLY_FT_rf conf=None obs=
[ 311] best_single    score= 0.7291 origin=agent    iters=2 stop=laya_accept
         TEST  smape=0.1184  rmse=612.7947  pocid=16.67  mape=0.1229
         laya iter 1 -> best_ONLY_DWT_rf conf=0.1905 rank=1
[ 312] best_single    score= 0.6267 origin=agent    iters=4 stop=no new information in 3 consecutive turns
         TEST  smape=0.1791  rmse=381.5196  pocid=41.67  mape=0.1634
         laya iter 1 -> best_ONLY_DWT_catboost conf=0.6679 rank=1
         laya iter 2 -> best_ONLY_DWT_catboost conf=0.3731 rank=1
         laya iter 3 -> best_ONLY_DWT_catboost conf=None obs=
         laya iter 4 -> best_ONLY_DWT_catboost conf=None obs=
[ 313] best_single    score= 0.6506 origin=agent    iters=6 stop=no new information in 3 consecutive turns
         TEST  smape=0.1836  rmse=1620.6276  pocid=75.00  mape=0.1656
         laya iter 1 -> best_ONLY_FT_catboost conf=0.4836 rank=1
         laya iter 2 -> best_ETS conf=0.2386 rank=2
         laya iter 3 -> best_ONLY_FT_rf conf=0.1539 rank=1
         laya iter 4 -> best_ONLY_FT_rf conf=0.4489 rank=1
         laya iter 5 -> best_ONLY_FT_rf conf=None obs=
         laya iter 6 -> best_ONLY_FT_rf conf=None obs=
[ 314] best_single    score= 0.5548 origin=agent    iters=5 stop=no new information in 3 consecutive turns
         TEST  smape=0.2766  rmse=1587.7443  pocid=0.00  mape=0.3268
         laya iter 1 -> best_ONLY_FT_rf conf=0.453 rank=1
         laya iter 2 -> best_ETS conf=0.1208 rank=1
         laya iter 3 -> best_ONLY_FT_rf conf=0.3066 rank=2
         laya iter 4 -> best_ONLY_FT_rf conf=None obs=
         laya iter 5 -> best_ONLY_FT_rf conf=None obs=
[ 315] best_single    score= 0.6204 origin=agent    iters=4 stop=no new information in 3 consecutive turns
         TEST  smape=0.0829  rmse=307.4994  pocid=75.00  mape=0.0881
         laya iter 1 -> best_NaiveMovingAverage conf=0.4847 rank=1
         laya iter 2 -> best_NaiveMovingAverage conf=0.2632 rank=1
         laya iter 3 -> best_NaiveMovingAverage conf=None obs=
         laya iter 4 -> best_NaiveMovingAverage conf=None obs=
[ 316] best_single    score= 0.5593 origin=agent    iters=4 stop=no new information in 3 consecutive turns
         TEST  smape=0.1774  rmse=785.3842  pocid=50.00  mape=0.1604
         laya iter 1 -> best_ONLY_FT_rf conf=0.4808 rank=1
         laya iter 2 -> best_ONLY_FT_rf conf=0.2038 rank=1
         laya iter 3 -> best_ONLY_FT_rf conf=None obs=
         laya iter 4 -> best_ONLY_FT_rf conf=None obs=
[ 317] best_single    score= 0.6081 origin=agent    iters=4 stop=no new information in 3 consecutive turns
         TEST  smape=0.2292  rmse=807.8337  pocid=66.67  mape=0.2046
         laya iter 1 -> best_ONLY_FT_catboost conf=0.2915 rank=1
         laya iter 2 -> best_ONLY_FT_catboost conf=0.4514 rank=1
         laya iter 3 -> best_ONLY_FT_catboost conf=None obs=
         laya iter 4 -> best_ONLY_FT_catboost conf=None obs=
[ 318] best_single    score= 0.5747 origin=agent    iters=2 stop=laya_accept
         TEST  smape=0.1190  rmse=361.6306  pocid=75.00  mape=0.1136
         laya iter 1 -> best_NaiveMovingAverage conf=0.493 rank=1
[ 319] best_single    score= 0.6442 origin=agent    iters=4 stop=no new information in 3 consecutive turns
         TEST  smape=0.3022  rmse=858.6296  pocid=50.00  mape=0.2519
         laya iter 1 -> best_ONLY_FT_catboost conf=0.6594 rank=1
         laya iter 2 -> best_ONLY_FT_catboost conf=0.316 rank=1
         laya iter 3 -> best_ONLY_FT_catboost conf=None obs=
         laya iter 4 -> best_ONLY_FT_catboost conf=None obs=
[ 320] best_single    score= 0.6064 origin=agent    iters=5 stop=no new information in 3 consecutive turns
         TEST  smape=0.2276  rmse=1592.8335  pocid=33.33  mape=0.2685
         laya iter 1 -> best_DWT_catboost conf=0.4914 rank=1
         laya iter 2 -> best_THETA conf=0.3096 rank=1
         laya iter 3 -> best_DWT_catboost conf=0.2712 rank=2
         laya iter 4 -> best_DWT_catboost conf=None obs=
         laya iter 5 -> best_DWT_catboost conf=None obs=
[ 321] best_single    score= 0.6421 origin=agent    iters=4 stop=no new information in 3 consecutive turns
         TEST  smape=0.0957  rmse=331.1311  pocid=50.00  mape=0.0910
         laya iter 1 -> best_ARIMA conf=0.516 rank=1
         laya iter 2 -> best_ARIMA conf=0.4508 rank=1
         laya iter 3 -> best_ARIMA conf=None obs=
         laya iter 4 -> best_ARIMA conf=None obs=
[ 322] best_single    score= 0.5331 origin=agent    iters=3 stop=laya_accept
         TEST  smape=0.2177  rmse=1460.1816  pocid=33.33  mape=0.1850
         laya iter 1 -> best_NaiveSeasonal conf=0.4574 rank=1
         laya iter 2 -> best_ARIMA conf=0.2844 rank=2
[ 323] best_single    score= 0.4877 origin=agent    iters=2 stop=laya_accept
         TEST  smape=0.2089  rmse=670.3856  pocid=58.33  mape=0.1844
         laya iter 1 -> best_NaiveMovingAverage conf=0.2681 rank=1
[ 324] best_single    score= 0.6889 origin=agent    iters=2 stop=laya_accept
         TEST  smape=0.0923  rmse=342.8586  pocid=50.00  mape=0.0972
         laya iter 1 -> best_FT_catboost conf=0.3743 rank=1
[ 325] best_single    score= 0.4856 origin=agent    iters=7 stop=no new information in 3 consecutive turns
         TEST  smape=0.1230  rmse=539.3823  pocid=75.00  mape=0.1215
         laya iter 1 -> best_NaiveMovingAverage conf=0.4373 rank=1
         laya iter 2 -> best_NaiveMovingAverage conf=0.3029 rank=1
         laya iter 3 -> best_NaiveMovingAverage conf=None obs=
         laya iter 4 -> best_ARIMA conf=0.3705 rank=2
         laya iter 5 -> best_NaiveMovingAverage conf=None obs=
         laya iter 6 -> best_ARIMA conf=0.5713 rank=2
         laya iter 7 -> best_NaiveMovingAverage conf=None obs=
[ 326] best_single    score= 0.7137 origin=agent    iters=2 stop=laya_accept
         TEST  smape=0.1830  rmse=1976.5281  pocid=75.00  mape=0.1662
         laya iter 1 -> best_FT_rf conf=0.6372 rank=1
[ 327] best_single    score= 0.7308 origin=agent    iters=4 stop=no new information in 3 consecutive turns
         TEST  smape=0.2046  rmse=569.9476  pocid=50.00  mape=0.1839
         laya iter 1 -> best_ONLY_FT_rf conf=0.3545 rank=1
         laya iter 2 -> best_ONLY_FT_rf conf=0.1498 rank=1
         laya iter 3 -> best_ONLY_FT_rf conf=None obs=
         laya iter 4 -> best_ONLY_FT_rf conf=None obs=
[ 328] best_single    score= 0.6328 origin=agent    iters=5 stop=no new information in 3 consecutive turns
         TEST  smape=0.1223  rmse=1535.8432  pocid=0.00  mape=0.1347
         laya iter 1 -> best_NaiveSeasonal conf=0.4834 rank=1
         laya iter 2 -> best_ETS conf=0.4252 rank=1
         laya iter 3 -> best_ETS conf=0.2619 rank=1
         laya iter 4 -> best_ETS conf=None obs=
         laya iter 5 -> best_ETS conf=None obs=
[ 329] best_single    score= 0.5010 origin=agent    iters=4 stop=no new information in 3 consecutive turns
         TEST  smape=0.1626  rmse=683.0271  pocid=75.00  mape=0.1510
         laya iter 1 -> best_ONLY_FT_rf conf=0.434 rank=1
         laya iter 2 -> best_ONLY_FT_rf conf=0.1828 rank=1
         laya iter 3 -> best_ONLY_FT_rf conf=None obs=
         laya iter 4 -> best_ONLY_FT_rf conf=None obs=
[ 330] best_single    score= 0.6601 origin=agent    iters=4 stop=no new information in 3 consecutive turns
         TEST  smape=0.1257  rmse=1000.6552  pocid=0.00  mape=0.1414
         laya iter 1 -> best_ETS conf=0.5944 rank=1
         laya iter 2 -> best_ETS conf=0.2811 rank=1
         laya iter 3 -> best_ETS conf=None obs=
         laya iter 4 -> best_ETS conf=None obs=
[ 331] best_single    score= 0.5970 origin=agent    iters=4 stop=no new information in 3 consecutive turns
         TEST  smape=0.1432  rmse=599.0060  pocid=58.33  mape=0.1318
         laya iter 1 -> best_ONLY_FT_rf conf=0.5007 rank=1
         laya iter 2 -> best_ONLY_FT_rf conf=0.2382 rank=1
         laya iter 3 -> best_ONLY_FT_rf conf=None obs=
         laya iter 4 -> best_ONLY_FT_rf conf=None obs=
[ 332] best_single    score= 0.6273 origin=agent    iters=5 stop=no new information in 3 consecutive turns
         TEST  smape=0.2341  rmse=743.6635  pocid=50.00  mape=0.2032
         laya iter 1 -> best_ONLY_FT_catboost conf=0.5189 rank=1
         laya iter 2 -> best_ETS conf=0.3092 rank=2
         laya iter 3 -> best_ONLY_FT_catboost conf=0.3386 rank=1
         laya iter 4 -> best_ETS conf=0.4784 rank=2
         laya iter 5 -> best_ETS conf=None obs=
[ 333] best_single    score= 0.5902 origin=agent    iters=6 stop=no new information in 3 consecutive turns
         TEST  smape=0.1003  rmse=507.4228  pocid=0.00  mape=0.0966
         laya iter 1 -> best_THETA conf=0.42 rank=1
         laya iter 2 -> best_THETA conf=0.34 rank=1
         laya iter 3 -> best_ETS conf=0.36 rank=2
         laya iter 4 -> best_ETS conf=0.4048 rank=2
         laya iter 5 -> best_ETS conf=None obs=
         laya iter 6 -> best_ETS conf=None obs=
[ 334] best_single    score= 0.6765 origin=agent    iters=2 stop=laya_accept
         TEST  smape=0.1815  rmse=943.7890  pocid=50.00  mape=0.1628
         laya iter 1 -> best_ONLY_FT_catboost conf=0.6214 rank=1
[ 335] best_single    score= 0.6093 origin=agent    iters=2 stop=laya_accept
         TEST  smape=0.1607  rmse=358.9878  pocid=58.33  mape=0.1566
         laya iter 1 -> best_NaiveMovingAverage conf=0.2204 rank=1
[ 336] best_single    score= 0.7073 origin=agent    iters=2 stop=laya_accept
         TEST  smape=0.2108  rmse=462.3359  pocid=75.00  mape=0.1863
         laya iter 1 -> best_ONLY_CWT_catboost conf=0.7454 rank=1
[ 337] best_single    score= 0.6267 origin=agent    iters=4 stop=no new information in 3 consecutive turns
         TEST  smape=0.2436  rmse=662.3284  pocid=50.00  mape=0.2116
         laya iter 1 -> best_ONLY_FT_rf conf=0.2886 rank=1
         laya iter 2 -> best_ONLY_FT_rf conf=0.2576 rank=1
         laya iter 3 -> best_ONLY_FT_rf conf=None obs=
         laya iter 4 -> best_ONLY_FT_rf conf=None obs=
[ 338] best_single    score= 0.6698 origin=agent    iters=4 stop=no new information in 3 consecutive turns
         TEST  smape=0.1857  rmse=829.9957  pocid=66.67  mape=0.2160
         laya iter 1 -> best_ARIMA conf=0.465 rank=1
         laya iter 2 -> best_ARIMA conf=0.3612 rank=1
         laya iter 3 -> best_ARIMA conf=None obs=
         laya iter 4 -> best_ARIMA conf=None obs=
[ 339] best_single    score= 0.6425 origin=agent    iters=4 stop=no new information in 3 consecutive turns
         TEST  smape=0.1318  rmse=1081.8068  pocid=58.33  mape=0.1205
         laya iter 1 -> best_NaiveMovingAverage conf=0.5715 rank=1
         laya iter 2 -> best_NaiveMovingAverage conf=0.4307 rank=1
         laya iter 3 -> best_NaiveMovingAverage conf=None obs=
         laya iter 4 -> best_NaiveMovingAverage conf=None obs=
[ 340] best_single    score= 0.5873 origin=agent    iters=4 stop=no new information in 3 consecutive turns
         TEST  smape=0.2361  rmse=1333.5292  pocid=41.67  mape=0.2059
         laya iter 1 -> best_ONLY_FT_catboost conf=0.6592 rank=1
         laya iter 2 -> best_ONLY_FT_catboost conf=0.3441 rank=1
         laya iter 3 -> best_ONLY_FT_catboost conf=None obs=
         laya iter 4 -> best_ONLY_FT_catboost conf=None obs=
[ 341] best_single    score= 0.6015 origin=agent    iters=2 stop=laya_accept
         TEST  smape=0.0789  rmse=142.4899  pocid=58.33  mape=0.0814
         laya iter 1 -> best_ARIMA conf=0.236 rank=1
[ 342] best_single    score= 0.6879 origin=agent    iters=4 stop=no new information in 3 consecutive turns
         TEST  smape=0.1201  rmse=573.8170  pocid=58.33  mape=0.1151
         laya iter 1 -> best_FT_rf conf=0.4732 rank=1
         laya iter 2 -> best_FT_rf conf=0.1357 rank=1
         laya iter 3 -> best_FT_rf conf=None obs=
         laya iter 4 -> best_FT_rf conf=None obs=
[ 343] best_single    score= 0.7626 origin=agent    iters=2 stop=laya_accept
         TEST  smape=0.1376  rmse=586.6905  pocid=50.00  mape=0.1402
         laya iter 1 -> best_ONLY_FT_rf conf=0.4782 rank=1
[ 344] best_single    score= 0.7390 origin=agent    iters=4 stop=no new information in 3 consecutive turns
         TEST  smape=0.1156  rmse=486.7666  pocid=8.33  mape=0.1139
         laya iter 1 -> best_ARIMA conf=0.5254 rank=1
         laya iter 2 -> best_ARIMA conf=0.3205 rank=1
         laya iter 3 -> best_ARIMA conf=None obs=
         laya iter 4 -> best_ARIMA conf=None obs=
[ 345] best_single    score= 0.6512 origin=agent    iters=4 stop=no new information in 3 consecutive turns
         TEST  smape=0.1009  rmse=819.3982  pocid=50.00  mape=0.1103
         laya iter 1 -> best_ONLY_DWT_rf conf=0.7499 rank=1
         laya iter 2 -> best_ONLY_DWT_rf conf=0.2889 rank=1
         laya iter 3 -> best_ONLY_DWT_rf conf=None obs=
         laya iter 4 -> best_ONLY_DWT_rf conf=None obs=
[ 346] best_single    score= 0.6345 origin=agent    iters=2 stop=laya_accept
         TEST  smape=0.1067  rmse=503.5451  pocid=41.67  mape=0.1166
         laya iter 1 -> best_ARIMA conf=0.5167 rank=1
[ 347] best_single    score= 0.4571 origin=agent    iters=4 stop=no new information in 3 consecutive turns
         TEST  smape=0.1745  rmse=956.4631  pocid=58.33  mape=0.2062
         laya iter 1 -> best_ARIMA conf=0.3315 rank=1
         laya iter 2 -> best_ARIMA conf=0.4884 rank=1
         laya iter 3 -> best_ARIMA conf=None obs=
         laya iter 4 -> best_ARIMA conf=None obs=
[ 348] best_single    score= 0.5367 origin=agent    iters=4 stop=no new information in 3 consecutive turns
         TEST  smape=0.1940  rmse=660.2686  pocid=41.67  mape=0.1758
         laya iter 1 -> best_ONLY_FT_catboost conf=0.4597 rank=1
         laya iter 2 -> best_ONLY_FT_catboost conf=0.2756 rank=1
         laya iter 3 -> best_ONLY_FT_catboost conf=None obs=
         laya iter 4 -> best_ONLY_FT_catboost conf=None obs=
[ 349] best_single    score= 0.5756 origin=agent    iters=5 stop=no new information in 3 consecutive turns
         TEST  smape=0.1373  rmse=882.6809  pocid=83.33  mape=0.1361
         laya iter 1 -> best_ONLY_CWT_catboost conf=0.379 rank=1
         laya iter 2 -> best_FT_catboost conf=0.5331 rank=2
         laya iter 3 -> best_FT_catboost conf=0.4573 rank=2
         laya iter 4 -> best_ONLY_CWT_catboost conf=0.5288 rank=1
         laya iter 5 -> best_ONLY_CWT_catboost conf=None obs=
[ 350] best_single    score= 0.6390 origin=agent    iters=4 stop=no new information in 3 consecutive turns
         TEST  smape=0.2024  rmse=378.1565  pocid=58.33  mape=0.1911
         laya iter 1 -> best_ONLY_FT_catboost conf=0.3966 rank=1
         laya iter 2 -> best_ONLY_FT_catboost conf=0.5985 rank=1
         laya iter 3 -> best_ONLY_FT_catboost conf=None obs=
         laya iter 4 -> best_ONLY_FT_catboost conf=None obs=
[ 351] best_single    score= 0.3216 origin=agent    iters=7 stop=no new information in 3 consecutive turns
         TEST  smape=0.0295  rmse=71.0296  pocid=33.33  mape=0.0288
         laya iter 1 -> best_ONLY_CWT_rf conf=0.6926 rank=1
         laya iter 2 -> best_ONLY_CWT_rf conf=0.2445 rank=1
         laya iter 3 -> best_ONLY_CWT_rf conf=None obs=
         laya iter 4 -> best_ONLY_FT_catboost conf=0.3517 rank=2
         laya iter 5 -> best_ONLY_FT_catboost conf=0.5186 rank=2
         laya iter 6 -> best_ONLY_FT_catboost conf=None obs=
         laya iter 7 -> best_ONLY_FT_catboost conf=None obs=
[ 352] best_single    score= 0.6875 origin=agent    iters=4 stop=no new information in 3 consecutive turns
         TEST  smape=0.1666  rmse=367.3691  pocid=33.33  mape=0.1963
         laya iter 1 -> best_FT_rf conf=0.5407 rank=1
         laya iter 2 -> best_FT_rf conf=0.2099 rank=1
         laya iter 3 -> best_FT_rf conf=None obs=
         laya iter 4 -> best_FT_rf conf=None obs=
[ 353] best_single    score= 0.6588 origin=agent    iters=6 stop=no new information in 3 consecutive turns
         TEST  smape=0.1718  rmse=691.1452  pocid=58.33  mape=0.1703
         laya iter 1 -> best_ONLY_FT_catboost conf=0.6392 rank=1
         laya iter 2 -> best_ONLY_FT_catboost conf=0.3228 rank=1
         laya iter 3 -> best_ONLY_FT_rf conf=0.4974 rank=1
         laya iter 4 -> best_ONLY_FT_rf conf=0.3419 rank=1
         laya iter 5 -> best_ONLY_FT_rf conf=None obs=
         laya iter 6 -> best_ONLY_FT_rf conf=None obs=
[ 354] best_single    score= 0.7357 origin=agent    iters=2 stop=laya_accept
         TEST  smape=0.4660  rmse=1840.5949  pocid=50.00  mape=0.6226
         laya iter 1 -> best_ARIMA conf=0.2847 rank=1
[ 355] best_single    score= 0.6042 origin=agent    iters=2 stop=laya_accept
         TEST  smape=0.1269  rmse=606.5542  pocid=41.67  mape=0.1295
         laya iter 1 -> best_ONLY_FT_rf conf=0.3439 rank=1
[ 356] best_single    score= 0.6306 origin=agent    iters=6 stop=no new information in 3 consecutive turns
         TEST  smape=0.0987  rmse=437.4682  pocid=58.33  mape=0.1047
         laya iter 1 -> best_THETA conf=0.5789 rank=1
         laya iter 2 -> best_THETA conf=0.4043 rank=1
         laya iter 3 -> best_FT_rf conf=0.2745 rank=1
         laya iter 4 -> best_THETA conf=None obs=
         laya iter 5 -> best_FT_rf conf=0.4421 rank=1
         laya iter 6 -> best_FT_rf conf=None obs=
[ 357] best_single    score= 0.6865 origin=agent    iters=4 stop=no new information in 3 consecutive turns
         TEST  smape=0.0832  rmse=648.1903  pocid=58.33  mape=0.0872
         laya iter 1 -> best_FT_rf conf=0.6047 rank=1
         laya iter 2 -> best_FT_rf conf=0.4623 rank=1
         laya iter 3 -> best_FT_rf conf=None obs=
         laya iter 4 -> best_FT_rf conf=None obs=
[ 358] best_single    score= 0.6268 origin=agent    iters=4 stop=no new information in 3 consecutive turns
         TEST  smape=0.1865  rmse=907.2195  pocid=58.33  mape=0.1679
         laya iter 1 -> best_ONLY_FT_catboost conf=0.6591 rank=1
         laya iter 2 -> best_ONLY_FT_catboost conf=0.397 rank=1
         laya iter 3 -> best_ONLY_FT_catboost conf=None obs=
         laya iter 4 -> best_ONLY_FT_catboost conf=None obs=
--------------------------------------------------------------------------
done in 219.2s | ok: 359 | failed: 0
DATASET SUMMARY over 359 series (mean across series):
  this run   smape=0.1016  rmse=447.1599  pocid=55.57  mape=0.1023  mae=369.4603
  baseline   (n/a - no-seeds arm: o agente partiu de histórico vazio)
  mean       smape=0.1560  rmse=565670643599352549196716204211537639244317944908035229208154108667468348208885108199311009429349561812871400925394649666000525459456.0000  pocid=53.20  mape=39777294267569865632092305676114673475780582879823695972881129375030108721987150752620451168492782782066944539201619654537641984.0000  <- this run is better
  median     smape=0.0897  rmse=98091549866.9433  pocid=58.45  mape=11214489.3177  <- this run is better
  dba        smape=0.1594  rmse=565670643599352549196716204211537639244317944908035229208154108667468348208885108199311009429349561812871400925394649666000525459456.0000  pocid=51.74  mape=39777294267569846392831467592872870605155533981574767711289688718073727887859511960764117429620413927444749771176404416926318592.0000  <- this run is better
  ADE        smape=0.1069  rmse=335850489305280897150278938350792956054116807272513112971539555160952541873624259473465507936843830466561185255755901421801810427904.0000  pocid=57.29  mape=23616611351791077356813904533184018234363216971665633450013792487243617037607409536889105068880425355870002736047763781094211584.0000  <- this run is better
  FFORMA     smape=0.0996  rmse=331703934033556502999311883249781817930691741283770894983858217784985857106662638100444095177311322092507477833421706256574660476928.0000  pocid=59.45  mape=23325030462617560519266366214871385284458556859797996695315252011496452105542748146985504910684292478496494399058427224917016576.0000  <- this run is better
csv: ./timeseries/mestrado/resultados/orchestrator_laya_laya_v4_pure/M4_WEEKLY_DATASET.csv
