nohup: ignoring input
WARNING: 5 model(s) do not share the pool's windows on ETTM1 and are being DROPPED for every series: ['ONLY_CWT_catboost', 'ONLY_DWT_catboost', 'ONLY_DWT_rf', 'ONLY_FT_catboost', 'ONLY_FT_rf']
dataset      : ETTM1
source       : ETTM1.tsf
models       : 14
agent        : laya-multilingual (max_len=8192)
writing to   : ./timeseries/mestrado/resultados/orchestrator_laya_laya_v5_reasoning_pure
--------------------------------------------------------------------------
/home/lucas.castro/.conda/envs/agno/lib/python3.11/site-packages/tslearn/bases/bases.py:15: UserWarning: h5py not installed, hdf5 features will not be supported.
Install h5py to use hdf5 features: http://docs.h5py.org/
  warn(h5py_msg)
Fetching 5 files:   0%|          | 0/5 [00:00<?, ?it/s]Fetching 5 files: 100%|██████████| 5/5 [00:00<00:00, 2957.48it/s]
[   0] FAILED: RuntimeError: no strategy was selected (loop trace: [], errors: ["iteration 1: q3/build: ValueError: question 'type': definition must be a dict, got str"])
[   1] FAILED: RuntimeError: no strategy was selected (loop trace: [], errors: ["iteration 1: q3/build: ValueError: question 'type': definition must be a dict, got str"])
[   2] FAILED: RuntimeError: no strategy was selected (loop trace: [], errors: ["iteration 1: q3/build: ValueError: question 'type': definition must be a dict, got str"])
[   3] FAILED: RuntimeError: no strategy was selected (loop trace: [], errors: ["iteration 1: q3/build: ValueError: question 'type': definition must be a dict, got str"])
[   4] FAILED: RuntimeError: no strategy was selected (loop trace: [], errors: ["iteration 1: q3/build: ValueError: question 'type': definition must be a dict, got str"])
[   5] FAILED: RuntimeError: no strategy was selected (loop trace: [], errors: ["iteration 1: q3/build: ValueError: question 'type': definition must be a dict, got str"])
[   6] FAILED: RuntimeError: no strategy was selected (loop trace: [], errors: ["iteration 1: q3/build: ValueError: question 'type': definition must be a dict, got str"])
--------------------------------------------------------------------------
done in 52.0s | ok: 0 | failed: 7
csv: ./timeseries/mestrado/resultados/orchestrator_laya_laya_v5_reasoning_pure/ETTM1.csv
WARNING: 5 model(s) do not share the pool's windows on ETTM2 and are being DROPPED for every series: ['ONLY_CWT_catboost', 'ONLY_DWT_catboost', 'ONLY_DWT_rf', 'ONLY_FT_catboost', 'ONLY_FT_rf']
dataset      : ETTM2
source       : ETTM2.tsf
models       : 14
agent        : laya-multilingual (max_len=8192)
writing to   : ./timeseries/mestrado/resultados/orchestrator_laya_laya_v5_reasoning_pure
--------------------------------------------------------------------------
Fetching 5 files:   0%|          | 0/5 [00:00<?, ?it/s]Fetching 5 files: 100%|██████████| 5/5 [00:00<00:00, 2353.18it/s]
[   0] FAILED: RuntimeError: no strategy was selected (loop trace: [], errors: ["iteration 1: q3/build: ValueError: question 'type': definition must be a dict, got str"])
[   1] FAILED: RuntimeError: no strategy was selected (loop trace: [], errors: ["iteration 1: q3/build: ValueError: question 'type': definition must be a dict, got str"])
[   2] FAILED: RuntimeError: no strategy was selected (loop trace: [], errors: ["iteration 1: q3/build: ValueError: question 'type': definition must be a dict, got str"])
[   3] FAILED: RuntimeError: no strategy was selected (loop trace: [], errors: ["iteration 1: q3/build: ValueError: question 'type': definition must be a dict, got str"])
[   4] FAILED: RuntimeError: no strategy was selected (loop trace: [], errors: ["iteration 1: q3/build: ValueError: question 'type': definition must be a dict, got str"])
[   5] FAILED: RuntimeError: no strategy was selected (loop trace: [], errors: ["iteration 1: q3/build: ValueError: question 'type': definition must be a dict, got str"])
[   6] FAILED: RuntimeError: no strategy was selected (loop trace: [], errors: ["iteration 1: q3/build: ValueError: question 'type': definition must be a dict, got str"])
--------------------------------------------------------------------------
done in 45.0s | ok: 0 | failed: 7
csv: ./timeseries/mestrado/resultados/orchestrator_laya_laya_v5_reasoning_pure/ETTM2.csv
dataset      : ETTH1
source       : ETTH1.tsf
models       : 19
agent        : laya-multilingual (max_len=8192)
writing to   : ./timeseries/mestrado/resultados/orchestrator_laya_laya_v5_reasoning_pure
--------------------------------------------------------------------------
Fetching 5 files:   0%|          | 0/5 [00:00<?, ?it/s]Fetching 5 files: 100%|██████████| 5/5 [00:00<00:00, 2835.52it/s]
[   0] FAILED: RuntimeError: no strategy was selected (loop trace: [], errors: ["iteration 1: q3/build: ValueError: question 'type': definition must be a dict, got str"])
[   1] FAILED: RuntimeError: no strategy was selected (loop trace: [], errors: ["iteration 1: q3/build: ValueError: question 'type': definition must be a dict, got str"])
[   2] FAILED: RuntimeError: no strategy was selected (loop trace: [], errors: ["iteration 1: q3/build: ValueError: question 'type': definition must be a dict, got str"])
[   3] FAILED: RuntimeError: no strategy was selected (loop trace: [], errors: ["iteration 1: q3/build: ValueError: question 'type': definition must be a dict, got str"])
[   4] FAILED: RuntimeError: no strategy was selected (loop trace: [], errors: ["iteration 1: q3/build: ValueError: question 'type': definition must be a dict, got str"])
[   5] FAILED: RuntimeError: no strategy was selected (loop trace: [], errors: ["iteration 1: q3/build: ValueError: question 'type': definition must be a dict, got str"])
[   6] FAILED: RuntimeError: no strategy was selected (loop trace: [], errors: ["iteration 1: q3/build: ValueError: question 'type': definition must be a dict, got str"])
--------------------------------------------------------------------------
done in 14.8s | ok: 0 | failed: 7
csv: ./timeseries/mestrado/resultados/orchestrator_laya_laya_v5_reasoning_pure/ETTH1.csv
dataset      : ETTH2
source       : ETTH2.tsf
models       : 19
agent        : laya-multilingual (max_len=8192)
writing to   : ./timeseries/mestrado/resultados/orchestrator_laya_laya_v5_reasoning_pure
--------------------------------------------------------------------------
Fetching 5 files:   0%|          | 0/5 [00:00<?, ?it/s]Fetching 5 files: 100%|██████████| 5/5 [00:00<00:00, 2725.34it/s]
[   0] FAILED: RuntimeError: no strategy was selected (loop trace: [], errors: ["iteration 1: q3/build: ValueError: question 'type': definition must be a dict, got str"])
[   1] FAILED: RuntimeError: no strategy was selected (loop trace: [], errors: ["iteration 1: q3/build: ValueError: question 'type': definition must be a dict, got str"])
[   2] FAILED: RuntimeError: no strategy was selected (loop trace: [], errors: ["iteration 1: q3/build: ValueError: question 'type': definition must be a dict, got str"])
[   3] FAILED: RuntimeError: no strategy was selected (loop trace: [], errors: ["iteration 1: q3/build: ValueError: question 'type': definition must be a dict, got str"])
[   4] FAILED: RuntimeError: no strategy was selected (loop trace: [], errors: ["iteration 1: q3/build: ValueError: question 'type': definition must be a dict, got str"])
[   5] FAILED: RuntimeError: no strategy was selected (loop trace: [], errors: ["iteration 1: q3/build: ValueError: question 'type': definition must be a dict, got str"])
[   6] FAILED: RuntimeError: no strategy was selected (loop trace: [], errors: ["iteration 1: q3/build: ValueError: question 'type': definition must be a dict, got str"])
--------------------------------------------------------------------------
done in 14.4s | ok: 0 | failed: 7
csv: ./timeseries/mestrado/resultados/orchestrator_laya_laya_v5_reasoning_pure/ETTH2.csv
dataset      : ANP_MONTHLY
source       : mes_11_venda_mensal.tsf
models       : 19
agent        : laya-multilingual (max_len=8192)
writing to   : ./timeseries/mestrado/resultados/orchestrator_laya_laya_v5_reasoning_pure
--------------------------------------------------------------------------
Fetching 5 files:   0%|          | 0/5 [00:00<?, ?it/s]Fetching 5 files: 100%|██████████| 5/5 [00:00<00:00, 3353.30it/s]
[   0] FAILED: RuntimeError: no strategy was selected (loop trace: [], errors: ["iteration 1: q3/build: ValueError: question 'type': definition must be a dict, got str"])
[   1] FAILED: RuntimeError: no strategy was selected (loop trace: [], errors: ["iteration 1: q3/build: ValueError: question 'type': definition must be a dict, got str"])
[   2] FAILED: RuntimeError: no strategy was selected (loop trace: [], errors: ["iteration 1: q3/build: ValueError: question 'type': definition must be a dict, got str"])
[   3] FAILED: RuntimeError: no strategy was selected (loop trace: [], errors: ["iteration 1: q3/build: ValueError: question 'type': definition must be a dict, got str"])
[   4] FAILED: RuntimeError: no strategy was selected (loop trace: [], errors: ["iteration 1: q3/build: ValueError: question 'type': definition must be a dict, got str"])
[   5] FAILED: RuntimeError: no strategy was selected (loop trace: [], errors: ["iteration 1: q3/build: ValueError: question 'type': definition must be a dict, got str"])
[   6] FAILED: RuntimeError: no strategy was selected (loop trace: [], errors: ["iteration 1: q3/build: ValueError: question 'type': definition must be a dict, got str"])
[   7] FAILED: RuntimeError: no strategy was selected (loop trace: [], errors: ["iteration 1: q3/build: ValueError: question 'type': definition must be a dict, got str"])
[   8] FAILED: RuntimeError: no strategy was selected (loop trace: [], errors: ["iteration 1: q3/build: ValueError: question 'type': definition must be a dict, got str"])
[   9] FAILED: RuntimeError: no strategy was selected (loop trace: [], errors: ["iteration 1: q3/build: ValueError: question 'type': definition must be a dict, got str"])
[  10] FAILED: RuntimeError: no strategy was selected (loop trace: [], errors: ["iteration 1: q3/build: ValueError: question 'type': definition must be a dict, got str"])
[  11] FAILED: RuntimeError: no strategy was selected (loop trace: [], errors: ["iteration 1: q3/build: ValueError: question 'type': definition must be a dict, got str"])
[  12] FAILED: RuntimeError: no strategy was selected (loop trace: [], errors: ["iteration 1: q3/build: ValueError: question 'type': definition must be a dict, got str"])
[  13] FAILED: RuntimeError: no strategy was selected (loop trace: [], errors: ["iteration 1: q3/build: ValueError: question 'type': definition must be a dict, got str"])
[  14] FAILED: RuntimeError: no strategy was selected (loop trace: [], errors: ["iteration 1: q3/build: ValueError: question 'type': definition must be a dict, got str"])
[  15] FAILED: RuntimeError: no strategy was selected (loop trace: [], errors: ["iteration 1: q3/build: ValueError: question 'type': definition must be a dict, got str"])
[  16] FAILED: RuntimeError: no strategy was selected (loop trace: [], errors: ["iteration 1: q3/build: ValueError: question 'type': definition must be a dict, got str"])
[  17] FAILED: RuntimeError: no strategy was selected (loop trace: [], errors: ["iteration 1: q3/build: ValueError: question 'type': definition must be a dict, got str"])
[  18] FAILED: RuntimeError: no strategy was selected (loop trace: [], errors: ["iteration 1: q3/build: ValueError: question 'type': definition must be a dict, got str"])
[  19] FAILED: RuntimeError: no strategy was selected (loop trace: [], errors: ["iteration 1: q3/build: ValueError: question 'type': definition must be a dict, got str"])
[  20] FAILED: RuntimeError: no strategy was selected (loop trace: [], errors: ["iteration 1: q3/build: ValueError: question 'type': definition must be a dict, got str"])
[  21] FAILED: RuntimeError: no strategy was selected (loop trace: [], errors: ["iteration 1: q3/build: ValueError: question 'type': definition must be a dict, got str"])
[  22] FAILED: RuntimeError: no strategy was selected (loop trace: [], errors: ["iteration 1: q3/build: ValueError: question 'type': definition must be a dict, got str"])
[  23] FAILED: RuntimeError: no strategy was selected (loop trace: [], errors: ["iteration 1: q3/build: ValueError: question 'type': definition must be a dict, got str"])
[  24] FAILED: RuntimeError: no strategy was selected (loop trace: [], errors: ["iteration 1: q3/build: ValueError: question 'type': definition must be a dict, got str"])
[  25] FAILED: RuntimeError: no strategy was selected (loop trace: [], errors: ["iteration 1: q3/build: ValueError: question 'type': definition must be a dict, got str"])
[  26] FAILED: RuntimeError: no strategy was selected (loop trace: [], errors: ["iteration 1: q3/build: ValueError: question 'type': definition must be a dict, got str"])
[  27] FAILED: RuntimeError: no strategy was selected (loop trace: [], errors: ["iteration 1: q3/build: ValueError: question 'type': definition must be a dict, got str"])
[  28] FAILED: RuntimeError: no strategy was selected (loop trace: [], errors: ["iteration 1: q3/build: ValueError: question 'type': definition must be a dict, got str"])
[  29] FAILED: RuntimeError: no strategy was selected (loop trace: [], errors: ["iteration 1: q3/build: ValueError: question 'type': definition must be a dict, got str"])
[  30] FAILED: RuntimeError: no strategy was selected (loop trace: [], errors: ["iteration 1: q3/build: ValueError: question 'type': definition must be a dict, got str"])
[  31] FAILED: RuntimeError: no strategy was selected (loop trace: [], errors: ["iteration 1: q3/build: ValueError: question 'type': definition must be a dict, got str"])
[  32] FAILED: RuntimeError: no strategy was selected (loop trace: [], errors: ["iteration 1: q3/build: ValueError: question 'type': definition must be a dict, got str"])
[  33] FAILED: RuntimeError: no strategy was selected (loop trace: [], errors: ["iteration 1: q3/build: ValueError: question 'type': definition must be a dict, got str"])
[  34] FAILED: RuntimeError: no strategy was selected (loop trace: [], errors: ["iteration 1: q3/build: ValueError: question 'type': definition must be a dict, got str"])
[  35] FAILED: RuntimeError: no strategy was selected (loop trace: [], errors: ["iteration 1: q3/build: ValueError: question 'type': definition must be a dict, got str"])
[  36] FAILED: RuntimeError: no strategy was selected (loop trace: [], errors: ["iteration 1: q3/build: ValueError: question 'type': definition must be a dict, got str"])
[  37] FAILED: RuntimeError: no strategy was selected (loop trace: [], errors: ["iteration 1: q3/build: ValueError: question 'type': definition must be a dict, got str"])
[  38] FAILED: RuntimeError: no strategy was selected (loop trace: [], errors: ["iteration 1: q3/build: ValueError: question 'type': definition must be a dict, got str"])
[  39] FAILED: RuntimeError: no strategy was selected (loop trace: [], errors: ["iteration 1: q3/build: ValueError: question 'type': definition must be a dict, got str"])
[  40] FAILED: RuntimeError: no strategy was selected (loop trace: [], errors: ["iteration 1: q3/build: ValueError: question 'type': definition must be a dict, got str"])
[  41] FAILED: RuntimeError: no strategy was selected (loop trace: [], errors: ["iteration 1: q3/build: ValueError: question 'type': definition must be a dict, got str"])
[  42] FAILED: RuntimeError: no strategy was selected (loop trace: [], errors: ["iteration 1: q3/build: ValueError: question 'type': definition must be a dict, got str"])
[  43] FAILED: RuntimeError: no strategy was selected (loop trace: [], errors: ["iteration 1: q3/build: ValueError: question 'type': definition must be a dict, got str"])
[  44] FAILED: RuntimeError: no strategy was selected (loop trace: [], errors: ["iteration 1: q3/build: ValueError: question 'type': definition must be a dict, got str"])
[  45] FAILED: RuntimeError: no strategy was selected (loop trace: [], errors: ["iteration 1: q3/build: ValueError: question 'type': definition must be a dict, got str"])
[  46] FAILED: RuntimeError: no strategy was selected (loop trace: [], errors: ["iteration 1: q3/build: ValueError: question 'type': definition must be a dict, got str"])
[  47] FAILED: RuntimeError: no strategy was selected (loop trace: [], errors: ["iteration 1: q3/build: ValueError: question 'type': definition must be a dict, got str"])
[  48] FAILED: RuntimeError: no strategy was selected (loop trace: [], errors: ["iteration 1: q3/build: ValueError: question 'type': definition must be a dict, got str"])
[  49] FAILED: RuntimeError: no strategy was selected (loop trace: [], errors: ["iteration 1: q3/build: ValueError: question 'type': definition must be a dict, got str"])
[  50] FAILED: RuntimeError: no strategy was selected (loop trace: [], errors: ["iteration 1: q3/build: ValueError: question 'type': definition must be a dict, got str"])
[  51] FAILED: RuntimeError: no strategy was selected (loop trace: [], errors: ["iteration 1: q3/build: ValueError: question 'type': definition must be a dict, got str"])
[  52] FAILED: RuntimeError: no strategy was selected (loop trace: [], errors: ["iteration 1: q3/build: ValueError: question 'type': definition must be a dict, got str"])
[  53] FAILED: RuntimeError: no strategy was selected (loop trace: [], errors: ["iteration 1: q3/build: ValueError: question 'type': definition must be a dict, got str"])
[  54] FAILED: RuntimeError: no strategy was selected (loop trace: [], errors: ["iteration 1: q3/build: ValueError: question 'type': definition must be a dict, got str"])
[  55] FAILED: RuntimeError: no strategy was selected (loop trace: [], errors: ["iteration 1: q3/build: ValueError: question 'type': definition must be a dict, got str"])
[  56] FAILED: RuntimeError: no strategy was selected (loop trace: [], errors: ["iteration 1: q3/build: ValueError: question 'type': definition must be a dict, got str"])
[  57] FAILED: RuntimeError: no strategy was selected (loop trace: [], errors: ["iteration 1: q3/build: ValueError: question 'type': definition must be a dict, got str"])
[  58] FAILED: RuntimeError: no strategy was selected (loop trace: [], errors: ["iteration 1: q3/build: ValueError: question 'type': definition must be a dict, got str"])
[  59] FAILED: RuntimeError: no strategy was selected (loop trace: [], errors: ["iteration 1: q3/build: ValueError: question 'type': definition must be a dict, got str"])
[  60] FAILED: RuntimeError: no strategy was selected (loop trace: [], errors: ["iteration 1: q3/build: ValueError: question 'type': definition must be a dict, got str"])
[  61] FAILED: RuntimeError: no strategy was selected (loop trace: [], errors: ["iteration 1: q3/build: ValueError: question 'type': definition must be a dict, got str"])
[  62] FAILED: RuntimeError: no strategy was selected (loop trace: [], errors: ["iteration 1: q3/build: ValueError: question 'type': definition must be a dict, got str"])
[  63] FAILED: RuntimeError: no strategy was selected (loop trace: [], errors: ["iteration 1: q3/build: ValueError: question 'type': definition must be a dict, got str"])
[  64] FAILED: RuntimeError: no strategy was selected (loop trace: [], errors: ["iteration 1: q3/build: ValueError: question 'type': definition must be a dict, got str"])
[  65] FAILED: RuntimeError: no strategy was selected (loop trace: [], errors: ["iteration 1: q3/build: ValueError: question 'type': definition must be a dict, got str"])
[  66] FAILED: RuntimeError: no strategy was selected (loop trace: [], errors: ["iteration 1: q3/build: ValueError: question 'type': definition must be a dict, got str"])
[  67] FAILED: RuntimeError: no strategy was selected (loop trace: [], errors: ["iteration 1: q3/build: ValueError: question 'type': definition must be a dict, got str"])
[  68] FAILED: RuntimeError: no strategy was selected (loop trace: [], errors: ["iteration 1: q3/build: ValueError: question 'type': definition must be a dict, got str"])
[  69] FAILED: RuntimeError: no strategy was selected (loop trace: [], errors: ["iteration 1: q3/build: ValueError: question 'type': definition must be a dict, got str"])
[  70] FAILED: RuntimeError: no strategy was selected (loop trace: [], errors: ["iteration 1: q3/build: ValueError: question 'type': definition must be a dict, got str"])
[  71] FAILED: RuntimeError: no strategy was selected (loop trace: [], errors: ["iteration 1: q3/build: ValueError: question 'type': definition must be a dict, got str"])
[  72] FAILED: RuntimeError: no strategy was selected (loop trace: [], errors: ["iteration 1: q3/build: ValueError: question 'type': definition must be a dict, got str"])
[  73] FAILED: RuntimeError: no strategy was selected (loop trace: [], errors: ["iteration 1: q3/build: ValueError: question 'type': definition must be a dict, got str"])
[  74] FAILED: RuntimeError: no strategy was selected (loop trace: [], errors: ["iteration 1: q3/build: ValueError: question 'type': definition must be a dict, got str"])
[  75] FAILED: RuntimeError: no strategy was selected (loop trace: [], errors: ["iteration 1: q3/build: ValueError: question 'type': definition must be a dict, got str"])
[  76] FAILED: RuntimeError: no strategy was selected (loop trace: [], errors: ["iteration 1: q3/build: ValueError: question 'type': definition must be a dict, got str"])
[  77] FAILED: RuntimeError: no strategy was selected (loop trace: [], errors: ["iteration 1: q3/build: ValueError: question 'type': definition must be a dict, got str"])
[  78] FAILED: RuntimeError: no strategy was selected (loop trace: [], errors: ["iteration 1: q3/build: ValueError: question 'type': definition must be a dict, got str"])
[  79] FAILED: RuntimeError: no strategy was selected (loop trace: [], errors: ["iteration 1: q3/build: ValueError: question 'type': definition must be a dict, got str"])
[  80] FAILED: RuntimeError: no strategy was selected (loop trace: [], errors: ["iteration 1: q3/build: ValueError: question 'type': definition must be a dict, got str"])
[  81] FAILED: RuntimeError: no strategy was selected (loop trace: [], errors: ["iteration 1: q3/build: ValueError: question 'type': definition must be a dict, got str"])
[  82] FAILED: RuntimeError: no strategy was selected (loop trace: [], errors: ["iteration 1: q3/build: ValueError: question 'type': definition must be a dict, got str"])
[  83] FAILED: RuntimeError: no strategy was selected (loop trace: [], errors: ["iteration 1: q3/build: ValueError: question 'type': definition must be a dict, got str"])
[  84] FAILED: RuntimeError: no strategy was selected (loop trace: [], errors: ["iteration 1: q3/build: ValueError: question 'type': definition must be a dict, got str"])
[  85] FAILED: RuntimeError: no strategy was selected (loop trace: [], errors: ["iteration 1: q3/build: ValueError: question 'type': definition must be a dict, got str"])
[  86] FAILED: RuntimeError: no strategy was selected (loop trace: [], errors: ["iteration 1: q3/build: ValueError: question 'type': definition must be a dict, got str"])
[  87] FAILED: RuntimeError: no strategy was selected (loop trace: [], errors: ["iteration 1: q3/build: ValueError: question 'type': definition must be a dict, got str"])
[  88] FAILED: RuntimeError: no strategy was selected (loop trace: [], errors: ["iteration 1: q3/build: ValueError: question 'type': definition must be a dict, got str"])
[  89] FAILED: RuntimeError: no strategy was selected (loop trace: [], errors: ["iteration 1: q3/build: ValueError: question 'type': definition must be a dict, got str"])
[  90] FAILED: RuntimeError: no strategy was selected (loop trace: [], errors: ["iteration 1: q3/build: ValueError: question 'type': definition must be a dict, got str"])
[  91] FAILED: RuntimeError: no strategy was selected (loop trace: [], errors: ["iteration 1: q3/build: ValueError: question 'type': definition must be a dict, got str"])
[  92] FAILED: RuntimeError: no strategy was selected (loop trace: [], errors: ["iteration 1: q3/build: ValueError: question 'type': definition must be a dict, got str"])
[  93] FAILED: RuntimeError: no strategy was selected (loop trace: [], errors: ["iteration 1: q3/build: ValueError: question 'type': definition must be a dict, got str"])
[  94] FAILED: RuntimeError: no strategy was selected (loop trace: [], errors: ["iteration 1: q3/build: ValueError: question 'type': definition must be a dict, got str"])
[  95] FAILED: RuntimeError: no strategy was selected (loop trace: [], errors: ["iteration 1: q3/build: ValueError: question 'type': definition must be a dict, got str"])
[  96] FAILED: RuntimeError: no strategy was selected (loop trace: [], errors: ["iteration 1: q3/build: ValueError: question 'type': definition must be a dict, got str"])
[  97] FAILED: RuntimeError: no strategy was selected (loop trace: [], errors: ["iteration 1: q3/build: ValueError: question 'type': definition must be a dict, got str"])
[  98] FAILED: RuntimeError: no strategy was selected (loop trace: [], errors: ["iteration 1: q3/build: ValueError: question 'type': definition must be a dict, got str"])
[  99] FAILED: RuntimeError: no strategy was selected (loop trace: [], errors: ["iteration 1: q3/build: ValueError: question 'type': definition must be a dict, got str"])
[ 100] FAILED: RuntimeError: no strategy was selected (loop trace: [], errors: ["iteration 1: q3/build: ValueError: question 'type': definition must be a dict, got str"])
[ 101] FAILED: RuntimeError: no strategy was selected (loop trace: [], errors: ["iteration 1: q3/build: ValueError: question 'type': definition must be a dict, got str"])
[ 102] FAILED: RuntimeError: no strategy was selected (loop trace: [], errors: ["iteration 1: q3/build: ValueError: question 'type': definition must be a dict, got str"])
[ 103] FAILED: RuntimeError: no strategy was selected (loop trace: [], errors: ["iteration 1: q3/build: ValueError: question 'type': definition must be a dict, got str"])
[ 104] FAILED: RuntimeError: no strategy was selected (loop trace: [], errors: ["iteration 1: q3/build: ValueError: question 'type': definition must be a dict, got str"])
[ 105] FAILED: RuntimeError: no strategy was selected (loop trace: [], errors: ["iteration 1: q3/build: ValueError: question 'type': definition must be a dict, got str"])
[ 106] FAILED: RuntimeError: no strategy was selected (loop trace: [], errors: ["iteration 1: q3/build: ValueError: question 'type': definition must be a dict, got str"])
[ 107] FAILED: RuntimeError: no strategy was selected (loop trace: [], errors: ["iteration 1: q3/build: ValueError: question 'type': definition must be a dict, got str"])
[ 108] FAILED: RuntimeError: no strategy was selected (loop trace: [], errors: ["iteration 1: q3/build: ValueError: question 'type': definition must be a dict, got str"])
[ 109] FAILED: RuntimeError: no strategy was selected (loop trace: [], errors: ["iteration 1: q3/build: ValueError: question 'type': definition must be a dict, got str"])
[ 110] FAILED: RuntimeError: no strategy was selected (loop trace: [], errors: ["iteration 1: q3/build: ValueError: question 'type': definition must be a dict, got str"])
[ 111] FAILED: RuntimeError: no strategy was selected (loop trace: [], errors: ["iteration 1: q3/build: ValueError: question 'type': definition must be a dict, got str"])
[ 112] FAILED: RuntimeError: no strategy was selected (loop trace: [], errors: ["iteration 1: q3/build: ValueError: question 'type': definition must be a dict, got str"])
[ 113] FAILED: RuntimeError: no strategy was selected (loop trace: [], errors: ["iteration 1: q3/build: ValueError: question 'type': definition must be a dict, got str"])
[ 114] FAILED: RuntimeError: no strategy was selected (loop trace: [], errors: ["iteration 1: q3/build: ValueError: question 'type': definition must be a dict, got str"])
[ 115] FAILED: RuntimeError: no strategy was selected (loop trace: [], errors: ["iteration 1: q3/build: ValueError: question 'type': definition must be a dict, got str"])
[ 116] FAILED: RuntimeError: no strategy was selected (loop trace: [], errors: ["iteration 1: q3/build: ValueError: question 'type': definition must be a dict, got str"])
[ 117] FAILED: RuntimeError: no strategy was selected (loop trace: [], errors: ["iteration 1: q3/build: ValueError: question 'type': definition must be a dict, got str"])
[ 118] FAILED: RuntimeError: no strategy was selected (loop trace: [], errors: ["iteration 1: q3/build: ValueError: question 'type': definition must be a dict, got str"])
[ 119] FAILED: RuntimeError: no strategy was selected (loop trace: [], errors: ["iteration 1: q3/build: ValueError: question 'type': definition must be a dict, got str"])
[ 120] FAILED: RuntimeError: no strategy was selected (loop trace: [], errors: ["iteration 1: q3/build: ValueError: question 'type': definition must be a dict, got str"])
[ 121] FAILED: RuntimeError: no strategy was selected (loop trace: [], errors: ["iteration 1: q3/build: ValueError: question 'type': definition must be a dict, got str"])
[ 122] FAILED: RuntimeError: no strategy was selected (loop trace: [], errors: ["iteration 1: q3/build: ValueError: question 'type': definition must be a dict, got str"])
[ 123] FAILED: RuntimeError: no strategy was selected (loop trace: [], errors: ["iteration 1: q3/build: ValueError: question 'type': definition must be a dict, got str"])
[ 124] FAILED: RuntimeError: no strategy was selected (loop trace: [], errors: ["iteration 1: q3/build: ValueError: question 'type': definition must be a dict, got str"])
[ 125] FAILED: RuntimeError: no strategy was selected (loop trace: [], errors: ["iteration 1: q3/build: ValueError: question 'type': definition must be a dict, got str"])
[ 126] FAILED: RuntimeError: no strategy was selected (loop trace: [], errors: ["iteration 1: q3/build: ValueError: question 'type': definition must be a dict, got str"])
[ 127] FAILED: RuntimeError: no strategy was selected (loop trace: [], errors: ["iteration 1: q3/build: ValueError: question 'type': definition must be a dict, got str"])
[ 128] FAILED: RuntimeError: no strategy was selected (loop trace: [], errors: ["iteration 1: q3/build: ValueError: question 'type': definition must be a dict, got str"])
[ 129] FAILED: RuntimeError: no strategy was selected (loop trace: [], errors: ["iteration 1: q3/build: ValueError: question 'type': definition must be a dict, got str"])
[ 130] FAILED: RuntimeError: no strategy was selected (loop trace: [], errors: ["iteration 1: q3/build: ValueError: question 'type': definition must be a dict, got str"])
[ 131] FAILED: RuntimeError: no strategy was selected (loop trace: [], errors: ["iteration 1: q3/build: ValueError: question 'type': definition must be a dict, got str"])
[ 132] FAILED: RuntimeError: no strategy was selected (loop trace: [], errors: ["iteration 1: q3/build: ValueError: question 'type': definition must be a dict, got str"])
[ 133] FAILED: RuntimeError: no strategy was selected (loop trace: [], errors: ["iteration 1: q3/build: ValueError: question 'type': definition must be a dict, got str"])
[ 134] FAILED: RuntimeError: no strategy was selected (loop trace: [], errors: ["iteration 1: q3/build: ValueError: question 'type': definition must be a dict, got str"])
[ 135] FAILED: RuntimeError: no strategy was selected (loop trace: [], errors: ["iteration 1: q3/build: ValueError: question 'type': definition must be a dict, got str"])
[ 136] FAILED: RuntimeError: no strategy was selected (loop trace: [], errors: ["iteration 1: q3/build: ValueError: question 'type': definition must be a dict, got str"])
[ 137] FAILED: RuntimeError: no strategy was selected (loop trace: [], errors: ["iteration 1: q3/build: ValueError: question 'type': definition must be a dict, got str"])
[ 138] FAILED: RuntimeError: no strategy was selected (loop trace: [], errors: ["iteration 1: q3/build: ValueError: question 'type': definition must be a dict, got str"])
[ 139] FAILED: RuntimeError: no strategy was selected (loop trace: [], errors: ["iteration 1: q3/build: ValueError: question 'type': definition must be a dict, got str"])
[ 140] FAILED: RuntimeError: no strategy was selected (loop trace: [], errors: ["iteration 1: q3/build: ValueError: question 'type': definition must be a dict, got str"])
[ 141] FAILED: RuntimeError: no strategy was selected (loop trace: [], errors: ["iteration 1: q3/build: ValueError: question 'type': definition must be a dict, got str"])
[ 142] FAILED: RuntimeError: no strategy was selected (loop trace: [], errors: ["iteration 1: q3/build: ValueError: question 'type': definition must be a dict, got str"])
[ 143] FAILED: RuntimeError: no strategy was selected (loop trace: [], errors: ["iteration 1: q3/build: ValueError: question 'type': definition must be a dict, got str"])
[ 144] FAILED: RuntimeError: no strategy was selected (loop trace: [], errors: ["iteration 1: q3/build: ValueError: question 'type': definition must be a dict, got str"])
[ 145] FAILED: RuntimeError: no strategy was selected (loop trace: [], errors: ["iteration 1: q3/build: ValueError: question 'type': definition must be a dict, got str"])
[ 146] FAILED: RuntimeError: no strategy was selected (loop trace: [], errors: ["iteration 1: q3/build: ValueError: question 'type': definition must be a dict, got str"])
[ 147] FAILED: RuntimeError: no strategy was selected (loop trace: [], errors: ["iteration 1: q3/build: ValueError: question 'type': definition must be a dict, got str"])
[ 148] FAILED: RuntimeError: no strategy was selected (loop trace: [], errors: ["iteration 1: q3/build: ValueError: question 'type': definition must be a dict, got str"])
[ 149] FAILED: RuntimeError: no strategy was selected (loop trace: [], errors: ["iteration 1: q3/build: ValueError: question 'type': definition must be a dict, got str"])
[ 150] FAILED: RuntimeError: no strategy was selected (loop trace: [], errors: ["iteration 1: q3/build: ValueError: question 'type': definition must be a dict, got str"])
[ 151] FAILED: RuntimeError: no strategy was selected (loop trace: [], errors: ["iteration 1: q3/build: ValueError: question 'type': definition must be a dict, got str"])
[ 152] FAILED: RuntimeError: no strategy was selected (loop trace: [], errors: ["iteration 1: q3/build: ValueError: question 'type': definition must be a dict, got str"])
[ 153] FAILED: RuntimeError: no strategy was selected (loop trace: [], errors: ["iteration 1: q3/build: ValueError: question 'type': definition must be a dict, got str"])
[ 154] FAILED: RuntimeError: no strategy was selected (loop trace: [], errors: ["iteration 1: q3/build: ValueError: question 'type': definition must be a dict, got str"])
[ 155] FAILED: RuntimeError: no strategy was selected (loop trace: [], errors: ["iteration 1: q3/build: ValueError: question 'type': definition must be a dict, got str"])
[ 156] FAILED: RuntimeError: no strategy was selected (loop trace: [], errors: ["iteration 1: q3/build: ValueError: question 'type': definition must be a dict, got str"])
[ 157] FAILED: RuntimeError: no strategy was selected (loop trace: [], errors: ["iteration 1: q3/build: ValueError: question 'type': definition must be a dict, got str"])
[ 158] FAILED: RuntimeError: no strategy was selected (loop trace: [], errors: ["iteration 1: q3/build: ValueError: question 'type': definition must be a dict, got str"])
[ 159] FAILED: RuntimeError: no strategy was selected (loop trace: [], errors: ["iteration 1: q3/build: ValueError: question 'type': definition must be a dict, got str"])
[ 160] FAILED: RuntimeError: no strategy was selected (loop trace: [], errors: ["iteration 1: q3/build: ValueError: question 'type': definition must be a dict, got str"])
[ 161] FAILED: RuntimeError: no strategy was selected (loop trace: [], errors: ["iteration 1: q3/build: ValueError: question 'type': definition must be a dict, got str"])
[ 162] FAILED: RuntimeError: no strategy was selected (loop trace: [], errors: ["iteration 1: q3/build: ValueError: question 'type': definition must be a dict, got str"])
[ 163] FAILED: RuntimeError: no strategy was selected (loop trace: [], errors: ["iteration 1: q3/build: ValueError: question 'type': definition must be a dict, got str"])
[ 164] FAILED: RuntimeError: no strategy was selected (loop trace: [], errors: ["iteration 1: q3/build: ValueError: question 'type': definition must be a dict, got str"])
[ 165] FAILED: RuntimeError: no strategy was selected (loop trace: [], errors: ["iteration 1: q3/build: ValueError: question 'type': definition must be a dict, got str"])
[ 166] FAILED: RuntimeError: no strategy was selected (loop trace: [], errors: ["iteration 1: q3/build: ValueError: question 'type': definition must be a dict, got str"])
[ 167] FAILED: RuntimeError: no strategy was selected (loop trace: [], errors: ["iteration 1: q3/build: ValueError: question 'type': definition must be a dict, got str"])
[ 168] FAILED: RuntimeError: no strategy was selected (loop trace: [], errors: ["iteration 1: q3/build: ValueError: question 'type': definition must be a dict, got str"])
[ 169] FAILED: RuntimeError: no strategy was selected (loop trace: [], errors: ["iteration 1: q3/build: ValueError: question 'type': definition must be a dict, got str"])
[ 170] FAILED: RuntimeError: no strategy was selected (loop trace: [], errors: ["iteration 1: q3/build: ValueError: question 'type': definition must be a dict, got str"])
[ 171] FAILED: RuntimeError: no strategy was selected (loop trace: [], errors: ["iteration 1: q3/build: ValueError: question 'type': definition must be a dict, got str"])
[ 172] FAILED: RuntimeError: no strategy was selected (loop trace: [], errors: ["iteration 1: q3/build: ValueError: question 'type': definition must be a dict, got str"])
[ 173] FAILED: RuntimeError: no strategy was selected (loop trace: [], errors: ["iteration 1: q3/build: ValueError: question 'type': definition must be a dict, got str"])
[ 174] FAILED: RuntimeError: no strategy was selected (loop trace: [], errors: ["iteration 1: q3/build: ValueError: question 'type': definition must be a dict, got str"])
[ 175] FAILED: RuntimeError: no strategy was selected (loop trace: [], errors: ["iteration 1: q3/build: ValueError: question 'type': definition must be a dict, got str"])
[ 176] FAILED: RuntimeError: no strategy was selected (loop trace: [], errors: ["iteration 1: q3/build: ValueError: question 'type': definition must be a dict, got str"])
[ 177] FAILED: RuntimeError: no strategy was selected (loop trace: [], errors: ["iteration 1: q3/build: ValueError: question 'type': definition must be a dict, got str"])
[ 178] FAILED: RuntimeError: no strategy was selected (loop trace: [], errors: ["iteration 1: q3/build: ValueError: question 'type': definition must be a dict, got str"])
[ 179] FAILED: RuntimeError: no strategy was selected (loop trace: [], errors: ["iteration 1: q3/build: ValueError: question 'type': definition must be a dict, got str"])
[ 180] FAILED: RuntimeError: no strategy was selected (loop trace: [], errors: ["iteration 1: q3/build: ValueError: question 'type': definition must be a dict, got str"])
[ 181] FAILED: RuntimeError: no strategy was selected (loop trace: [], errors: ["iteration 1: q3/build: ValueError: question 'type': definition must be a dict, got str"])
--------------------------------------------------------------------------
done in 42.1s | ok: 0 | failed: 182
csv: ./timeseries/mestrado/resultados/orchestrator_laya_laya_v5_reasoning_pure/ANP_MONTHLY.csv
dataset      : NN5_WEEKLY_DATASET
source       : nn5_weekly_dataset.tsf
models       : 19
agent        : laya-multilingual (max_len=8192)
writing to   : ./timeseries/mestrado/resultados/orchestrator_laya_laya_v5_reasoning_pure
--------------------------------------------------------------------------
Fetching 5 files:   0%|          | 0/5 [00:00<?, ?it/s]Fetching 5 files: 100%|██████████| 5/5 [00:00<00:00, 2749.64it/s]
[   0] FAILED: RuntimeError: no strategy was selected (loop trace: [], errors: ["iteration 1: q3/build: ValueError: question 'type': definition must be a dict, got str"])
[   1] FAILED: RuntimeError: no strategy was selected (loop trace: [], errors: ["iteration 1: q3/build: ValueError: question 'type': definition must be a dict, got str"])
[   2] FAILED: RuntimeError: no strategy was selected (loop trace: [], errors: ["iteration 1: q3/build: ValueError: question 'type': definition must be a dict, got str"])
[   3] FAILED: RuntimeError: no strategy was selected (loop trace: [], errors: ["iteration 1: q3/build: ValueError: question 'type': definition must be a dict, got str"])
[   4] FAILED: RuntimeError: no strategy was selected (loop trace: [], errors: ["iteration 1: q3/build: ValueError: question 'type': definition must be a dict, got str"])
[   5] FAILED: RuntimeError: no strategy was selected (loop trace: [], errors: ["iteration 1: q3/build: ValueError: question 'type': definition must be a dict, got str"])
[   6] FAILED: RuntimeError: no strategy was selected (loop trace: [], errors: ["iteration 1: q3/build: ValueError: question 'type': definition must be a dict, got str"])
[   7] FAILED: RuntimeError: no strategy was selected (loop trace: [], errors: ["iteration 1: q3/build: ValueError: question 'type': definition must be a dict, got str"])
[   8] FAILED: RuntimeError: no strategy was selected (loop trace: [], errors: ["iteration 1: q3/build: ValueError: question 'type': definition must be a dict, got str"])
[   9] FAILED: RuntimeError: no strategy was selected (loop trace: [], errors: ["iteration 1: q3/build: ValueError: question 'type': definition must be a dict, got str"])
[  10] FAILED: RuntimeError: no strategy was selected (loop trace: [], errors: ["iteration 1: q3/build: ValueError: question 'type': definition must be a dict, got str"])
[  11] FAILED: RuntimeError: no strategy was selected (loop trace: [], errors: ["iteration 1: q3/build: ValueError: question 'type': definition must be a dict, got str"])
[  12] FAILED: RuntimeError: no strategy was selected (loop trace: [], errors: ["iteration 1: q3/build: ValueError: question 'type': definition must be a dict, got str"])
[  13] FAILED: RuntimeError: no strategy was selected (loop trace: [], errors: ["iteration 1: q3/build: ValueError: question 'type': definition must be a dict, got str"])
[  14] FAILED: RuntimeError: no strategy was selected (loop trace: [], errors: ["iteration 1: q3/build: ValueError: question 'type': definition must be a dict, got str"])
[  15] FAILED: RuntimeError: no strategy was selected (loop trace: [], errors: ["iteration 1: q3/build: ValueError: question 'type': definition must be a dict, got str"])
[  16] FAILED: RuntimeError: no strategy was selected (loop trace: [], errors: ["iteration 1: q3/build: ValueError: question 'type': definition must be a dict, got str"])
[  17] FAILED: RuntimeError: no strategy was selected (loop trace: [], errors: ["iteration 1: q3/build: ValueError: question 'type': definition must be a dict, got str"])
[  18] FAILED: RuntimeError: no strategy was selected (loop trace: [], errors: ["iteration 1: q3/build: ValueError: question 'type': definition must be a dict, got str"])
[  19] FAILED: RuntimeError: no strategy was selected (loop trace: [], errors: ["iteration 1: q3/build: ValueError: question 'type': definition must be a dict, got str"])
[  20] FAILED: RuntimeError: no strategy was selected (loop trace: [], errors: ["iteration 1: q3/build: ValueError: question 'type': definition must be a dict, got str"])
[  21] FAILED: RuntimeError: no strategy was selected (loop trace: [], errors: ["iteration 1: q3/build: ValueError: question 'type': definition must be a dict, got str"])
[  22] FAILED: RuntimeError: no strategy was selected (loop trace: [], errors: ["iteration 1: q3/build: ValueError: question 'type': definition must be a dict, got str"])
[  23] FAILED: RuntimeError: no strategy was selected (loop trace: [], errors: ["iteration 1: q3/build: ValueError: question 'type': definition must be a dict, got str"])
[  24] FAILED: RuntimeError: no strategy was selected (loop trace: [], errors: ["iteration 1: q3/build: ValueError: question 'type': definition must be a dict, got str"])
[  25] FAILED: RuntimeError: no strategy was selected (loop trace: [], errors: ["iteration 1: q3/build: ValueError: question 'type': definition must be a dict, got str"])
[  26] FAILED: RuntimeError: no strategy was selected (loop trace: [], errors: ["iteration 1: q3/build: ValueError: question 'type': definition must be a dict, got str"])
[  27] FAILED: RuntimeError: no strategy was selected (loop trace: [], errors: ["iteration 1: q3/build: ValueError: question 'type': definition must be a dict, got str"])
[  28] FAILED: RuntimeError: no strategy was selected (loop trace: [], errors: ["iteration 1: q3/build: ValueError: question 'type': definition must be a dict, got str"])
[  29] FAILED: RuntimeError: no strategy was selected (loop trace: [], errors: ["iteration 1: q3/build: ValueError: question 'type': definition must be a dict, got str"])
[  30] FAILED: RuntimeError: no strategy was selected (loop trace: [], errors: ["iteration 1: q3/build: ValueError: question 'type': definition must be a dict, got str"])
[  31] FAILED: RuntimeError: no strategy was selected (loop trace: [], errors: ["iteration 1: q3/build: ValueError: question 'type': definition must be a dict, got str"])
[  32] FAILED: RuntimeError: no strategy was selected (loop trace: [], errors: ["iteration 1: q3/build: ValueError: question 'type': definition must be a dict, got str"])
[  33] FAILED: RuntimeError: no strategy was selected (loop trace: [], errors: ["iteration 1: q3/build: ValueError: question 'type': definition must be a dict, got str"])
[  34] FAILED: RuntimeError: no strategy was selected (loop trace: [], errors: ["iteration 1: q3/build: ValueError: question 'type': definition must be a dict, got str"])
[  35] FAILED: RuntimeError: no strategy was selected (loop trace: [], errors: ["iteration 1: q3/build: ValueError: question 'type': definition must be a dict, got str"])
[  36] FAILED: RuntimeError: no strategy was selected (loop trace: [], errors: ["iteration 1: q3/build: ValueError: question 'type': definition must be a dict, got str"])
[  37] FAILED: RuntimeError: no strategy was selected (loop trace: [], errors: ["iteration 1: q3/build: ValueError: question 'type': definition must be a dict, got str"])
[  38] FAILED: RuntimeError: no strategy was selected (loop trace: [], errors: ["iteration 1: q3/build: ValueError: question 'type': definition must be a dict, got str"])
[  39] FAILED: RuntimeError: no strategy was selected (loop trace: [], errors: ["iteration 1: q3/build: ValueError: question 'type': definition must be a dict, got str"])
[  40] FAILED: RuntimeError: no strategy was selected (loop trace: [], errors: ["iteration 1: q3/build: ValueError: question 'type': definition must be a dict, got str"])
[  41] FAILED: RuntimeError: no strategy was selected (loop trace: [], errors: ["iteration 1: q3/build: ValueError: question 'type': definition must be a dict, got str"])
[  42] FAILED: RuntimeError: no strategy was selected (loop trace: [], errors: ["iteration 1: q3/build: ValueError: question 'type': definition must be a dict, got str"])
[  43] FAILED: RuntimeError: no strategy was selected (loop trace: [], errors: ["iteration 1: q3/build: ValueError: question 'type': definition must be a dict, got str"])
[  44] FAILED: RuntimeError: no strategy was selected (loop trace: [], errors: ["iteration 1: q3/build: ValueError: question 'type': definition must be a dict, got str"])
[  45] FAILED: RuntimeError: no strategy was selected (loop trace: [], errors: ["iteration 1: q3/build: ValueError: question 'type': definition must be a dict, got str"])
[  46] FAILED: RuntimeError: no strategy was selected (loop trace: [], errors: ["iteration 1: q3/build: ValueError: question 'type': definition must be a dict, got str"])
[  47] FAILED: RuntimeError: no strategy was selected (loop trace: [], errors: ["iteration 1: q3/build: ValueError: question 'type': definition must be a dict, got str"])
[  48] FAILED: RuntimeError: no strategy was selected (loop trace: [], errors: ["iteration 1: q3/build: ValueError: question 'type': definition must be a dict, got str"])
[  49] FAILED: RuntimeError: no strategy was selected (loop trace: [], errors: ["iteration 1: q3/build: ValueError: question 'type': definition must be a dict, got str"])
[  50] FAILED: RuntimeError: no strategy was selected (loop trace: [], errors: ["iteration 1: q3/build: ValueError: question 'type': definition must be a dict, got str"])
[  51] FAILED: RuntimeError: no strategy was selected (loop trace: [], errors: ["iteration 1: q3/build: ValueError: question 'type': definition must be a dict, got str"])
[  52] FAILED: RuntimeError: no strategy was selected (loop trace: [], errors: ["iteration 1: q3/build: ValueError: question 'type': definition must be a dict, got str"])
[  53] FAILED: RuntimeError: no strategy was selected (loop trace: [], errors: ["iteration 1: q3/build: ValueError: question 'type': definition must be a dict, got str"])
[  54] FAILED: RuntimeError: no strategy was selected (loop trace: [], errors: ["iteration 1: q3/build: ValueError: question 'type': definition must be a dict, got str"])
[  55] FAILED: RuntimeError: no strategy was selected (loop trace: [], errors: ["iteration 1: q3/build: ValueError: question 'type': definition must be a dict, got str"])
[  56] FAILED: RuntimeError: no strategy was selected (loop trace: [], errors: ["iteration 1: q3/build: ValueError: question 'type': definition must be a dict, got str"])
[  57] FAILED: RuntimeError: no strategy was selected (loop trace: [], errors: ["iteration 1: q3/build: ValueError: question 'type': definition must be a dict, got str"])
[  58] FAILED: RuntimeError: no strategy was selected (loop trace: [], errors: ["iteration 1: q3/build: ValueError: question 'type': definition must be a dict, got str"])
[  59] FAILED: RuntimeError: no strategy was selected (loop trace: [], errors: ["iteration 1: q3/build: ValueError: question 'type': definition must be a dict, got str"])
[  60] FAILED: RuntimeError: no strategy was selected (loop trace: [], errors: ["iteration 1: q3/build: ValueError: question 'type': definition must be a dict, got str"])
[  61] FAILED: RuntimeError: no strategy was selected (loop trace: [], errors: ["iteration 1: q3/build: ValueError: question 'type': definition must be a dict, got str"])
[  62] FAILED: RuntimeError: no strategy was selected (loop trace: [], errors: ["iteration 1: q3/build: ValueError: question 'type': definition must be a dict, got str"])
[  63] FAILED: RuntimeError: no strategy was selected (loop trace: [], errors: ["iteration 1: q3/build: ValueError: question 'type': definition must be a dict, got str"])
[  64] FAILED: RuntimeError: no strategy was selected (loop trace: [], errors: ["iteration 1: q3/build: ValueError: question 'type': definition must be a dict, got str"])
[  65] FAILED: RuntimeError: no strategy was selected (loop trace: [], errors: ["iteration 1: q3/build: ValueError: question 'type': definition must be a dict, got str"])
[  66] FAILED: RuntimeError: no strategy was selected (loop trace: [], errors: ["iteration 1: q3/build: ValueError: question 'type': definition must be a dict, got str"])
[  67] FAILED: RuntimeError: no strategy was selected (loop trace: [], errors: ["iteration 1: q3/build: ValueError: question 'type': definition must be a dict, got str"])
[  68] FAILED: RuntimeError: no strategy was selected (loop trace: [], errors: ["iteration 1: q3/build: ValueError: question 'type': definition must be a dict, got str"])
[  69] FAILED: RuntimeError: no strategy was selected (loop trace: [], errors: ["iteration 1: q3/build: ValueError: question 'type': definition must be a dict, got str"])
[  70] FAILED: RuntimeError: no strategy was selected (loop trace: [], errors: ["iteration 1: q3/build: ValueError: question 'type': definition must be a dict, got str"])
[  71] FAILED: RuntimeError: no strategy was selected (loop trace: [], errors: ["iteration 1: q3/build: ValueError: question 'type': definition must be a dict, got str"])
[  72] FAILED: RuntimeError: no strategy was selected (loop trace: [], errors: ["iteration 1: q3/build: ValueError: question 'type': definition must be a dict, got str"])
[  73] FAILED: RuntimeError: no strategy was selected (loop trace: [], errors: ["iteration 1: q3/build: ValueError: question 'type': definition must be a dict, got str"])
[  74] FAILED: RuntimeError: no strategy was selected (loop trace: [], errors: ["iteration 1: q3/build: ValueError: question 'type': definition must be a dict, got str"])
[  75] FAILED: RuntimeError: no strategy was selected (loop trace: [], errors: ["iteration 1: q3/build: ValueError: question 'type': definition must be a dict, got str"])
[  76] FAILED: RuntimeError: no strategy was selected (loop trace: [], errors: ["iteration 1: q3/build: ValueError: question 'type': definition must be a dict, got str"])
[  77] FAILED: RuntimeError: no strategy was selected (loop trace: [], errors: ["iteration 1: q3/build: ValueError: question 'type': definition must be a dict, got str"])
[  78] FAILED: RuntimeError: no strategy was selected (loop trace: [], errors: ["iteration 1: q3/build: ValueError: question 'type': definition must be a dict, got str"])
[  79] FAILED: RuntimeError: no strategy was selected (loop trace: [], errors: ["iteration 1: q3/build: ValueError: question 'type': definition must be a dict, got str"])
[  80] FAILED: RuntimeError: no strategy was selected (loop trace: [], errors: ["iteration 1: q3/build: ValueError: question 'type': definition must be a dict, got str"])
[  81] FAILED: RuntimeError: no strategy was selected (loop trace: [], errors: ["iteration 1: q3/build: ValueError: question 'type': definition must be a dict, got str"])
[  82] FAILED: RuntimeError: no strategy was selected (loop trace: [], errors: ["iteration 1: q3/build: ValueError: question 'type': definition must be a dict, got str"])
[  83] FAILED: RuntimeError: no strategy was selected (loop trace: [], errors: ["iteration 1: q3/build: ValueError: question 'type': definition must be a dict, got str"])
[  84] FAILED: RuntimeError: no strategy was selected (loop trace: [], errors: ["iteration 1: q3/build: ValueError: question 'type': definition must be a dict, got str"])
[  85] FAILED: RuntimeError: no strategy was selected (loop trace: [], errors: ["iteration 1: q3/build: ValueError: question 'type': definition must be a dict, got str"])
[  86] FAILED: RuntimeError: no strategy was selected (loop trace: [], errors: ["iteration 1: q3/build: ValueError: question 'type': definition must be a dict, got str"])
[  87] FAILED: RuntimeError: no strategy was selected (loop trace: [], errors: ["iteration 1: q3/build: ValueError: question 'type': definition must be a dict, got str"])
[  88] FAILED: RuntimeError: no strategy was selected (loop trace: [], errors: ["iteration 1: q3/build: ValueError: question 'type': definition must be a dict, got str"])
[  89] FAILED: RuntimeError: no strategy was selected (loop trace: [], errors: ["iteration 1: q3/build: ValueError: question 'type': definition must be a dict, got str"])
[  90] FAILED: RuntimeError: no strategy was selected (loop trace: [], errors: ["iteration 1: q3/build: ValueError: question 'type': definition must be a dict, got str"])
[  91] FAILED: RuntimeError: no strategy was selected (loop trace: [], errors: ["iteration 1: q3/build: ValueError: question 'type': definition must be a dict, got str"])
[  92] FAILED: RuntimeError: no strategy was selected (loop trace: [], errors: ["iteration 1: q3/build: ValueError: question 'type': definition must be a dict, got str"])
[  93] FAILED: RuntimeError: no strategy was selected (loop trace: [], errors: ["iteration 1: q3/build: ValueError: question 'type': definition must be a dict, got str"])
[  94] FAILED: RuntimeError: no strategy was selected (loop trace: [], errors: ["iteration 1: q3/build: ValueError: question 'type': definition must be a dict, got str"])
[  95] FAILED: RuntimeError: no strategy was selected (loop trace: [], errors: ["iteration 1: q3/build: ValueError: question 'type': definition must be a dict, got str"])
[  96] FAILED: RuntimeError: no strategy was selected (loop trace: [], errors: ["iteration 1: q3/build: ValueError: question 'type': definition must be a dict, got str"])
[  97] FAILED: RuntimeError: no strategy was selected (loop trace: [], errors: ["iteration 1: q3/build: ValueError: question 'type': definition must be a dict, got str"])
[  98] FAILED: RuntimeError: no strategy was selected (loop trace: [], errors: ["iteration 1: q3/build: ValueError: question 'type': definition must be a dict, got str"])
[  99] FAILED: RuntimeError: no strategy was selected (loop trace: [], errors: ["iteration 1: q3/build: ValueError: question 'type': definition must be a dict, got str"])
[ 100] FAILED: RuntimeError: no strategy was selected (loop trace: [], errors: ["iteration 1: q3/build: ValueError: question 'type': definition must be a dict, got str"])
[ 101] FAILED: RuntimeError: no strategy was selected (loop trace: [], errors: ["iteration 1: q3/build: ValueError: question 'type': definition must be a dict, got str"])
[ 102] FAILED: RuntimeError: no strategy was selected (loop trace: [], errors: ["iteration 1: q3/build: ValueError: question 'type': definition must be a dict, got str"])
[ 103] FAILED: RuntimeError: no strategy was selected (loop trace: [], errors: ["iteration 1: q3/build: ValueError: question 'type': definition must be a dict, got str"])
[ 104] FAILED: RuntimeError: no strategy was selected (loop trace: [], errors: ["iteration 1: q3/build: ValueError: question 'type': definition must be a dict, got str"])
[ 105] FAILED: RuntimeError: no strategy was selected (loop trace: [], errors: ["iteration 1: q3/build: ValueError: question 'type': definition must be a dict, got str"])
[ 106] FAILED: RuntimeError: no strategy was selected (loop trace: [], errors: ["iteration 1: q3/build: ValueError: question 'type': definition must be a dict, got str"])
[ 107] FAILED: RuntimeError: no strategy was selected (loop trace: [], errors: ["iteration 1: q3/build: ValueError: question 'type': definition must be a dict, got str"])
[ 108] FAILED: RuntimeError: no strategy was selected (loop trace: [], errors: ["iteration 1: q3/build: ValueError: question 'type': definition must be a dict, got str"])
[ 109] FAILED: RuntimeError: no strategy was selected (loop trace: [], errors: ["iteration 1: q3/build: ValueError: question 'type': definition must be a dict, got str"])
[ 110] FAILED: RuntimeError: no strategy was selected (loop trace: [], errors: ["iteration 1: q3/build: ValueError: question 'type': definition must be a dict, got str"])
--------------------------------------------------------------------------
done in 17.3s | ok: 0 | failed: 111
csv: ./timeseries/mestrado/resultados/orchestrator_laya_laya_v5_reasoning_pure/NN5_WEEKLY_DATASET.csv
dataset      : M4_WEEKLY_DATASET
source       : m4_weekly_dataset.tsf
models       : 19
agent        : laya-multilingual (max_len=8192)
writing to   : ./timeseries/mestrado/resultados/orchestrator_laya_laya_v5_reasoning_pure
--------------------------------------------------------------------------
Fetching 5 files:   0%|          | 0/5 [00:00<?, ?it/s]Fetching 5 files: 100%|██████████| 5/5 [00:00<00:00, 3635.84it/s]
[   0] FAILED: RuntimeError: no strategy was selected (loop trace: [], errors: ["iteration 1: q3/build: ValueError: question 'type': definition must be a dict, got str"])
[   1] FAILED: RuntimeError: no strategy was selected (loop trace: [], errors: ["iteration 1: q3/build: ValueError: question 'type': definition must be a dict, got str"])
[   2] FAILED: RuntimeError: no strategy was selected (loop trace: [], errors: ["iteration 1: q3/build: ValueError: question 'type': definition must be a dict, got str"])
[   3] FAILED: RuntimeError: no strategy was selected (loop trace: [], errors: ["iteration 1: q3/build: ValueError: question 'type': definition must be a dict, got str"])
[   4] FAILED: RuntimeError: no strategy was selected (loop trace: [], errors: ["iteration 1: q3/build: ValueError: question 'type': definition must be a dict, got str"])
[   5] FAILED: RuntimeError: no strategy was selected (loop trace: [], errors: ["iteration 1: q3/build: ValueError: question 'type': definition must be a dict, got str"])
[   6] FAILED: RuntimeError: no strategy was selected (loop trace: [], errors: ["iteration 1: q3/build: ValueError: question 'type': definition must be a dict, got str"])
[   7] FAILED: RuntimeError: no strategy was selected (loop trace: [], errors: ["iteration 1: q3/build: ValueError: question 'type': definition must be a dict, got str"])
[   8] FAILED: RuntimeError: no strategy was selected (loop trace: [], errors: ["iteration 1: q3/build: ValueError: question 'type': definition must be a dict, got str"])
[   9] FAILED: RuntimeError: no strategy was selected (loop trace: [], errors: ["iteration 1: q3/build: ValueError: question 'type': definition must be a dict, got str"])
[  10] FAILED: RuntimeError: no strategy was selected (loop trace: [], errors: ["iteration 1: q3/build: ValueError: question 'type': definition must be a dict, got str"])
[  11] FAILED: RuntimeError: no strategy was selected (loop trace: [], errors: ["iteration 1: q3/build: ValueError: question 'type': definition must be a dict, got str"])
[  12] FAILED: RuntimeError: no strategy was selected (loop trace: [], errors: ["iteration 1: q3/build: ValueError: question 'type': definition must be a dict, got str"])
[  13] FAILED: RuntimeError: no strategy was selected (loop trace: [], errors: ["iteration 1: q3/build: ValueError: question 'type': definition must be a dict, got str"])
[  14] FAILED: RuntimeError: no strategy was selected (loop trace: [], errors: ["iteration 1: q3/build: ValueError: question 'type': definition must be a dict, got str"])
[  15] FAILED: RuntimeError: no strategy was selected (loop trace: [], errors: ["iteration 1: q3/build: ValueError: question 'type': definition must be a dict, got str"])
[  16] FAILED: RuntimeError: no strategy was selected (loop trace: [], errors: ["iteration 1: q3/build: ValueError: question 'type': definition must be a dict, got str"])
[  17] FAILED: RuntimeError: no strategy was selected (loop trace: [], errors: ["iteration 1: q3/build: ValueError: question 'type': definition must be a dict, got str"])
[  18] FAILED: RuntimeError: no strategy was selected (loop trace: [], errors: ["iteration 1: q3/build: ValueError: question 'type': definition must be a dict, got str"])
[  19] FAILED: RuntimeError: no strategy was selected (loop trace: [], errors: ["iteration 1: q3/build: ValueError: question 'type': definition must be a dict, got str"])
[  20] FAILED: RuntimeError: no strategy was selected (loop trace: [], errors: ["iteration 1: q3/build: ValueError: question 'type': definition must be a dict, got str"])
[  21] FAILED: RuntimeError: no strategy was selected (loop trace: [], errors: ["iteration 1: q3/build: ValueError: question 'type': definition must be a dict, got str"])
[  22] FAILED: RuntimeError: no strategy was selected (loop trace: [], errors: ["iteration 1: q3/build: ValueError: question 'type': definition must be a dict, got str"])
[  23] FAILED: RuntimeError: no strategy was selected (loop trace: [], errors: ["iteration 1: q3/build: ValueError: question 'type': definition must be a dict, got str"])
[  24] FAILED: RuntimeError: no strategy was selected (loop trace: [], errors: ["iteration 1: q3/build: ValueError: question 'type': definition must be a dict, got str"])
[  25] FAILED: RuntimeError: no strategy was selected (loop trace: [], errors: ["iteration 1: q3/build: ValueError: question 'type': definition must be a dict, got str"])
[  26] FAILED: RuntimeError: no strategy was selected (loop trace: [], errors: ["iteration 1: q3/build: ValueError: question 'type': definition must be a dict, got str"])
[  27] FAILED: RuntimeError: no strategy was selected (loop trace: [], errors: ["iteration 1: q3/build: ValueError: question 'type': definition must be a dict, got str"])
[  28] FAILED: RuntimeError: no strategy was selected (loop trace: [], errors: ["iteration 1: q3/build: ValueError: question 'type': definition must be a dict, got str"])
[  29] FAILED: RuntimeError: no strategy was selected (loop trace: [], errors: ["iteration 1: q3/build: ValueError: question 'type': definition must be a dict, got str"])
[  30] FAILED: RuntimeError: no strategy was selected (loop trace: [], errors: ["iteration 1: q3/build: ValueError: question 'type': definition must be a dict, got str"])
[  31] FAILED: RuntimeError: no strategy was selected (loop trace: [], errors: ["iteration 1: q3/build: ValueError: question 'type': definition must be a dict, got str"])
[  32] FAILED: RuntimeError: no strategy was selected (loop trace: [], errors: ["iteration 1: q3/build: ValueError: question 'type': definition must be a dict, got str"])
[  33] FAILED: RuntimeError: no strategy was selected (loop trace: [], errors: ["iteration 1: q3/build: ValueError: question 'type': definition must be a dict, got str"])
[  34] FAILED: RuntimeError: no strategy was selected (loop trace: [], errors: ["iteration 1: q3/build: ValueError: question 'type': definition must be a dict, got str"])
[  35] FAILED: RuntimeError: no strategy was selected (loop trace: [], errors: ["iteration 1: q3/build: ValueError: question 'type': definition must be a dict, got str"])
[  36] FAILED: RuntimeError: no strategy was selected (loop trace: [], errors: ["iteration 1: q3/build: ValueError: question 'type': definition must be a dict, got str"])
[  37] FAILED: RuntimeError: no strategy was selected (loop trace: [], errors: ["iteration 1: q3/build: ValueError: question 'type': definition must be a dict, got str"])
[  38] FAILED: RuntimeError: no strategy was selected (loop trace: [], errors: ["iteration 1: q3/build: ValueError: question 'type': definition must be a dict, got str"])
[  39] FAILED: RuntimeError: no strategy was selected (loop trace: [], errors: ["iteration 1: q3/build: ValueError: question 'type': definition must be a dict, got str"])
[  40] FAILED: RuntimeError: no strategy was selected (loop trace: [], errors: ["iteration 1: q3/build: ValueError: question 'type': definition must be a dict, got str"])
[  41] FAILED: RuntimeError: no strategy was selected (loop trace: [], errors: ["iteration 1: q3/build: ValueError: question 'type': definition must be a dict, got str"])
[  42] FAILED: RuntimeError: no strategy was selected (loop trace: [], errors: ["iteration 1: q3/build: ValueError: question 'type': definition must be a dict, got str"])
[  43] FAILED: RuntimeError: no strategy was selected (loop trace: [], errors: ["iteration 1: q3/build: ValueError: question 'type': definition must be a dict, got str"])
[  44] FAILED: RuntimeError: no strategy was selected (loop trace: [], errors: ["iteration 1: q3/build: ValueError: question 'type': definition must be a dict, got str"])
[  45] FAILED: RuntimeError: no strategy was selected (loop trace: [], errors: ["iteration 1: q3/build: ValueError: question 'type': definition must be a dict, got str"])
[  46] FAILED: RuntimeError: no strategy was selected (loop trace: [], errors: ["iteration 1: q3/build: ValueError: question 'type': definition must be a dict, got str"])
[  47] FAILED: RuntimeError: no strategy was selected (loop trace: [], errors: ["iteration 1: q3/build: ValueError: question 'type': definition must be a dict, got str"])
[  48] FAILED: RuntimeError: no strategy was selected (loop trace: [], errors: ["iteration 1: q3/build: ValueError: question 'type': definition must be a dict, got str"])
[  49] FAILED: RuntimeError: no strategy was selected (loop trace: [], errors: ["iteration 1: q3/build: ValueError: question 'type': definition must be a dict, got str"])
[  50] FAILED: RuntimeError: no strategy was selected (loop trace: [], errors: ["iteration 1: q3/build: ValueError: question 'type': definition must be a dict, got str"])
[  51] FAILED: RuntimeError: no strategy was selected (loop trace: [], errors: ["iteration 1: q3/build: ValueError: question 'type': definition must be a dict, got str"])
[  52] FAILED: RuntimeError: no strategy was selected (loop trace: [], errors: ["iteration 1: q3/build: ValueError: question 'type': definition must be a dict, got str"])
[  53] FAILED: RuntimeError: no strategy was selected (loop trace: [], errors: ["iteration 1: q3/build: ValueError: question 'type': definition must be a dict, got str"])
[  54] FAILED: RuntimeError: no strategy was selected (loop trace: [], errors: ["iteration 1: q3/build: ValueError: question 'type': definition must be a dict, got str"])
[  55] FAILED: RuntimeError: no strategy was selected (loop trace: [], errors: ["iteration 1: q3/build: ValueError: question 'type': definition must be a dict, got str"])
[  56] FAILED: RuntimeError: no strategy was selected (loop trace: [], errors: ["iteration 1: q3/build: ValueError: question 'type': definition must be a dict, got str"])
[  57] FAILED: RuntimeError: no strategy was selected (loop trace: [], errors: ["iteration 1: q3/build: ValueError: question 'type': definition must be a dict, got str"])
[  58] FAILED: RuntimeError: no strategy was selected (loop trace: [], errors: ["iteration 1: q3/build: ValueError: question 'type': definition must be a dict, got str"])
[  59] FAILED: RuntimeError: no strategy was selected (loop trace: [], errors: ["iteration 1: q3/build: ValueError: question 'type': definition must be a dict, got str"])
[  60] FAILED: RuntimeError: no strategy was selected (loop trace: [], errors: ["iteration 1: q3/build: ValueError: question 'type': definition must be a dict, got str"])
[  61] FAILED: RuntimeError: no strategy was selected (loop trace: [], errors: ["iteration 1: q3/build: ValueError: question 'type': definition must be a dict, got str"])
[  62] FAILED: RuntimeError: no strategy was selected (loop trace: [], errors: ["iteration 1: q3/build: ValueError: question 'type': definition must be a dict, got str"])
[  63] FAILED: RuntimeError: no strategy was selected (loop trace: [], errors: ["iteration 1: q3/build: ValueError: question 'type': definition must be a dict, got str"])
[  64] FAILED: RuntimeError: no strategy was selected (loop trace: [], errors: ["iteration 1: q3/build: ValueError: question 'type': definition must be a dict, got str"])
[  65] FAILED: RuntimeError: no strategy was selected (loop trace: [], errors: ["iteration 1: q3/build: ValueError: question 'type': definition must be a dict, got str"])
[  66] FAILED: RuntimeError: no strategy was selected (loop trace: [], errors: ["iteration 1: q3/build: ValueError: question 'type': definition must be a dict, got str"])
[  67] FAILED: RuntimeError: no strategy was selected (loop trace: [], errors: ["iteration 1: q3/build: ValueError: question 'type': definition must be a dict, got str"])
[  68] FAILED: RuntimeError: no strategy was selected (loop trace: [], errors: ["iteration 1: q3/build: ValueError: question 'type': definition must be a dict, got str"])
[  69] FAILED: RuntimeError: no strategy was selected (loop trace: [], errors: ["iteration 1: q3/build: ValueError: question 'type': definition must be a dict, got str"])
[  70] FAILED: RuntimeError: no strategy was selected (loop trace: [], errors: ["iteration 1: q3/build: ValueError: question 'type': definition must be a dict, got str"])
[  71] FAILED: RuntimeError: no strategy was selected (loop trace: [], errors: ["iteration 1: q3/build: ValueError: question 'type': definition must be a dict, got str"])
[  72] FAILED: RuntimeError: no strategy was selected (loop trace: [], errors: ["iteration 1: q3/build: ValueError: question 'type': definition must be a dict, got str"])
[  73] FAILED: RuntimeError: no strategy was selected (loop trace: [], errors: ["iteration 1: q3/build: ValueError: question 'type': definition must be a dict, got str"])
[  74] FAILED: RuntimeError: no strategy was selected (loop trace: [], errors: ["iteration 1: q3/build: ValueError: question 'type': definition must be a dict, got str"])
[  75] FAILED: RuntimeError: no strategy was selected (loop trace: [], errors: ["iteration 1: q3/build: ValueError: question 'type': definition must be a dict, got str"])
[  76] FAILED: RuntimeError: no strategy was selected (loop trace: [], errors: ["iteration 1: q3/build: ValueError: question 'type': definition must be a dict, got str"])
[  77] FAILED: RuntimeError: no strategy was selected (loop trace: [], errors: ["iteration 1: q3/build: ValueError: question 'type': definition must be a dict, got str"])
[  78] FAILED: RuntimeError: no strategy was selected (loop trace: [], errors: ["iteration 1: q3/build: ValueError: question 'type': definition must be a dict, got str"])
[  79] FAILED: RuntimeError: no strategy was selected (loop trace: [], errors: ["iteration 1: q3/build: ValueError: question 'type': definition must be a dict, got str"])
[  80] FAILED: RuntimeError: no strategy was selected (loop trace: [], errors: ["iteration 1: q3/build: ValueError: question 'type': definition must be a dict, got str"])
[  81] FAILED: RuntimeError: no strategy was selected (loop trace: [], errors: ["iteration 1: q3/build: ValueError: question 'type': definition must be a dict, got str"])
[  82] FAILED: RuntimeError: no strategy was selected (loop trace: [], errors: ["iteration 1: q3/build: ValueError: question 'type': definition must be a dict, got str"])
[  83] FAILED: RuntimeError: no strategy was selected (loop trace: [], errors: ["iteration 1: q3/build: ValueError: question 'type': definition must be a dict, got str"])
[  84] FAILED: RuntimeError: no strategy was selected (loop trace: [], errors: ["iteration 1: q3/build: ValueError: question 'type': definition must be a dict, got str"])
[  85] FAILED: RuntimeError: no strategy was selected (loop trace: [], errors: ["iteration 1: q3/build: ValueError: question 'type': definition must be a dict, got str"])
[  86] FAILED: RuntimeError: no strategy was selected (loop trace: [], errors: ["iteration 1: q3/build: ValueError: question 'type': definition must be a dict, got str"])
[  87] FAILED: RuntimeError: no strategy was selected (loop trace: [], errors: ["iteration 1: q3/build: ValueError: question 'type': definition must be a dict, got str"])
[  88] FAILED: RuntimeError: no strategy was selected (loop trace: [], errors: ["iteration 1: q3/build: ValueError: question 'type': definition must be a dict, got str"])
[  89] FAILED: RuntimeError: no strategy was selected (loop trace: [], errors: ["iteration 1: q3/build: ValueError: question 'type': definition must be a dict, got str"])
[  90] FAILED: RuntimeError: no strategy was selected (loop trace: [], errors: ["iteration 1: q3/build: ValueError: question 'type': definition must be a dict, got str"])
[  91] FAILED: RuntimeError: no strategy was selected (loop trace: [], errors: ["iteration 1: q3/build: ValueError: question 'type': definition must be a dict, got str"])
[  92] FAILED: RuntimeError: no strategy was selected (loop trace: [], errors: ["iteration 1: q3/build: ValueError: question 'type': definition must be a dict, got str"])
[  93] FAILED: RuntimeError: no strategy was selected (loop trace: [], errors: ["iteration 1: q3/build: ValueError: question 'type': definition must be a dict, got str"])
[  94] FAILED: RuntimeError: no strategy was selected (loop trace: [], errors: ["iteration 1: q3/build: ValueError: question 'type': definition must be a dict, got str"])
[  95] FAILED: RuntimeError: no strategy was selected (loop trace: [], errors: ["iteration 1: q3/build: ValueError: question 'type': definition must be a dict, got str"])
[  96] FAILED: RuntimeError: no strategy was selected (loop trace: [], errors: ["iteration 1: q3/build: ValueError: question 'type': definition must be a dict, got str"])
[  97] FAILED: RuntimeError: no strategy was selected (loop trace: [], errors: ["iteration 1: q3/build: ValueError: question 'type': definition must be a dict, got str"])
[  98] FAILED: RuntimeError: no strategy was selected (loop trace: [], errors: ["iteration 1: q3/build: ValueError: question 'type': definition must be a dict, got str"])
[  99] FAILED: RuntimeError: no strategy was selected (loop trace: [], errors: ["iteration 1: q3/build: ValueError: question 'type': definition must be a dict, got str"])
[ 100] FAILED: RuntimeError: no strategy was selected (loop trace: [], errors: ["iteration 1: q3/build: ValueError: question 'type': definition must be a dict, got str"])
[ 101] FAILED: RuntimeError: no strategy was selected (loop trace: [], errors: ["iteration 1: q3/build: ValueError: question 'type': definition must be a dict, got str"])
[ 102] FAILED: RuntimeError: no strategy was selected (loop trace: [], errors: ["iteration 1: q3/build: ValueError: question 'type': definition must be a dict, got str"])
[ 103] FAILED: RuntimeError: no strategy was selected (loop trace: [], errors: ["iteration 1: q3/build: ValueError: question 'type': definition must be a dict, got str"])
[ 104] FAILED: RuntimeError: no strategy was selected (loop trace: [], errors: ["iteration 1: q3/build: ValueError: question 'type': definition must be a dict, got str"])
[ 105] FAILED: RuntimeError: no strategy was selected (loop trace: [], errors: ["iteration 1: q3/build: ValueError: question 'type': definition must be a dict, got str"])
[ 106] FAILED: RuntimeError: no strategy was selected (loop trace: [], errors: ["iteration 1: q3/build: ValueError: question 'type': definition must be a dict, got str"])
[ 107] FAILED: RuntimeError: no strategy was selected (loop trace: [], errors: ["iteration 1: q3/build: ValueError: question 'type': definition must be a dict, got str"])
[ 108] FAILED: RuntimeError: no strategy was selected (loop trace: [], errors: ["iteration 1: q3/build: ValueError: question 'type': definition must be a dict, got str"])
[ 109] FAILED: RuntimeError: no strategy was selected (loop trace: [], errors: ["iteration 1: q3/build: ValueError: question 'type': definition must be a dict, got str"])
[ 110] FAILED: RuntimeError: no strategy was selected (loop trace: [], errors: ["iteration 1: q3/build: ValueError: question 'type': definition must be a dict, got str"])
[ 111] FAILED: RuntimeError: no strategy was selected (loop trace: [], errors: ["iteration 1: q3/build: ValueError: question 'type': definition must be a dict, got str"])
[ 112] FAILED: RuntimeError: no strategy was selected (loop trace: [], errors: ["iteration 1: q3/build: ValueError: question 'type': definition must be a dict, got str"])
[ 113] FAILED: RuntimeError: no strategy was selected (loop trace: [], errors: ["iteration 1: q3/build: ValueError: question 'type': definition must be a dict, got str"])
[ 114] FAILED: RuntimeError: no strategy was selected (loop trace: [], errors: ["iteration 1: q3/build: ValueError: question 'type': definition must be a dict, got str"])
[ 115] FAILED: RuntimeError: no strategy was selected (loop trace: [], errors: ["iteration 1: q3/build: ValueError: question 'type': definition must be a dict, got str"])
[ 116] FAILED: RuntimeError: no strategy was selected (loop trace: [], errors: ["iteration 1: q3/build: ValueError: question 'type': definition must be a dict, got str"])
[ 117] FAILED: RuntimeError: no strategy was selected (loop trace: [], errors: ["iteration 1: q3/build: ValueError: question 'type': definition must be a dict, got str"])
[ 118] FAILED: RuntimeError: no strategy was selected (loop trace: [], errors: ["iteration 1: q3/build: ValueError: question 'type': definition must be a dict, got str"])
[ 119] FAILED: RuntimeError: no strategy was selected (loop trace: [], errors: ["iteration 1: q3/build: ValueError: question 'type': definition must be a dict, got str"])
[ 120] FAILED: RuntimeError: no strategy was selected (loop trace: [], errors: ["iteration 1: q3/build: ValueError: question 'type': definition must be a dict, got str"])
[ 121] FAILED: RuntimeError: no strategy was selected (loop trace: [], errors: ["iteration 1: q3/build: ValueError: question 'type': definition must be a dict, got str"])
[ 122] FAILED: RuntimeError: no strategy was selected (loop trace: [], errors: ["iteration 1: q3/build: ValueError: question 'type': definition must be a dict, got str"])
[ 123] FAILED: RuntimeError: no strategy was selected (loop trace: [], errors: ["iteration 1: q3/build: ValueError: question 'type': definition must be a dict, got str"])
[ 124] FAILED: RuntimeError: no strategy was selected (loop trace: [], errors: ["iteration 1: q3/build: ValueError: question 'type': definition must be a dict, got str"])
[ 125] FAILED: RuntimeError: no strategy was selected (loop trace: [], errors: ["iteration 1: q3/build: ValueError: question 'type': definition must be a dict, got str"])
[ 126] FAILED: RuntimeError: no strategy was selected (loop trace: [], errors: ["iteration 1: q3/build: ValueError: question 'type': definition must be a dict, got str"])
[ 127] FAILED: RuntimeError: no strategy was selected (loop trace: [], errors: ["iteration 1: q3/build: ValueError: question 'type': definition must be a dict, got str"])
[ 128] FAILED: RuntimeError: no strategy was selected (loop trace: [], errors: ["iteration 1: q3/build: ValueError: question 'type': definition must be a dict, got str"])
[ 129] FAILED: RuntimeError: no strategy was selected (loop trace: [], errors: ["iteration 1: q3/build: ValueError: question 'type': definition must be a dict, got str"])
[ 130] FAILED: RuntimeError: no strategy was selected (loop trace: [], errors: ["iteration 1: q3/build: ValueError: question 'type': definition must be a dict, got str"])
[ 131] FAILED: RuntimeError: no strategy was selected (loop trace: [], errors: ["iteration 1: q3/build: ValueError: question 'type': definition must be a dict, got str"])
[ 132] FAILED: RuntimeError: no strategy was selected (loop trace: [], errors: ["iteration 1: q3/build: ValueError: question 'type': definition must be a dict, got str"])
[ 133] FAILED: RuntimeError: no strategy was selected (loop trace: [], errors: ["iteration 1: q3/build: ValueError: question 'type': definition must be a dict, got str"])
[ 134] FAILED: RuntimeError: no strategy was selected (loop trace: [], errors: ["iteration 1: q3/build: ValueError: question 'type': definition must be a dict, got str"])
[ 135] FAILED: RuntimeError: no strategy was selected (loop trace: [], errors: ["iteration 1: q3/build: ValueError: question 'type': definition must be a dict, got str"])
[ 136] FAILED: RuntimeError: no strategy was selected (loop trace: [], errors: ["iteration 1: q3/build: ValueError: question 'type': definition must be a dict, got str"])
[ 137] FAILED: RuntimeError: no strategy was selected (loop trace: [], errors: ["iteration 1: q3/build: ValueError: question 'type': definition must be a dict, got str"])
[ 138] FAILED: RuntimeError: no strategy was selected (loop trace: [], errors: ["iteration 1: q3/build: ValueError: question 'type': definition must be a dict, got str"])
[ 139] FAILED: RuntimeError: no strategy was selected (loop trace: [], errors: ["iteration 1: q3/build: ValueError: question 'type': definition must be a dict, got str"])
[ 140] FAILED: RuntimeError: no strategy was selected (loop trace: [], errors: ["iteration 1: q3/build: ValueError: question 'type': definition must be a dict, got str"])
[ 141] FAILED: RuntimeError: no strategy was selected (loop trace: [], errors: ["iteration 1: q3/build: ValueError: question 'type': definition must be a dict, got str"])
[ 142] FAILED: RuntimeError: no strategy was selected (loop trace: [], errors: ["iteration 1: q3/build: ValueError: question 'type': definition must be a dict, got str"])
[ 143] FAILED: RuntimeError: no strategy was selected (loop trace: [], errors: ["iteration 1: q3/build: ValueError: question 'type': definition must be a dict, got str"])
[ 144] FAILED: RuntimeError: no strategy was selected (loop trace: [], errors: ["iteration 1: q3/build: ValueError: question 'type': definition must be a dict, got str"])
[ 145] FAILED: RuntimeError: no strategy was selected (loop trace: [], errors: ["iteration 1: q3/build: ValueError: question 'type': definition must be a dict, got str"])
[ 146] FAILED: RuntimeError: no strategy was selected (loop trace: [], errors: ["iteration 1: q3/build: ValueError: question 'type': definition must be a dict, got str"])
[ 147] FAILED: RuntimeError: no strategy was selected (loop trace: [], errors: ["iteration 1: q3/build: ValueError: question 'type': definition must be a dict, got str"])
[ 148] FAILED: RuntimeError: no strategy was selected (loop trace: [], errors: ["iteration 1: q3/build: ValueError: question 'type': definition must be a dict, got str"])
[ 149] FAILED: RuntimeError: no strategy was selected (loop trace: [], errors: ["iteration 1: q3/build: ValueError: question 'type': definition must be a dict, got str"])
[ 150] FAILED: RuntimeError: no strategy was selected (loop trace: [], errors: ["iteration 1: q3/build: ValueError: question 'type': definition must be a dict, got str"])
[ 151] FAILED: RuntimeError: no strategy was selected (loop trace: [], errors: ["iteration 1: q3/build: ValueError: question 'type': definition must be a dict, got str"])
[ 152] FAILED: RuntimeError: no strategy was selected (loop trace: [], errors: ["iteration 1: q3/build: ValueError: question 'type': definition must be a dict, got str"])
[ 153] FAILED: RuntimeError: no strategy was selected (loop trace: [], errors: ["iteration 1: q3/build: ValueError: question 'type': definition must be a dict, got str"])
[ 154] FAILED: RuntimeError: no strategy was selected (loop trace: [], errors: ["iteration 1: q3/build: ValueError: question 'type': definition must be a dict, got str"])
[ 155] FAILED: RuntimeError: no strategy was selected (loop trace: [], errors: ["iteration 1: q3/build: ValueError: question 'type': definition must be a dict, got str"])
[ 156] FAILED: RuntimeError: no strategy was selected (loop trace: [], errors: ["iteration 1: q3/build: ValueError: question 'type': definition must be a dict, got str"])
[ 157] FAILED: RuntimeError: no strategy was selected (loop trace: [], errors: ["iteration 1: q3/build: ValueError: question 'type': definition must be a dict, got str"])
[ 158] FAILED: RuntimeError: no strategy was selected (loop trace: [], errors: ["iteration 1: q3/build: ValueError: question 'type': definition must be a dict, got str"])
[ 159] FAILED: RuntimeError: no strategy was selected (loop trace: [], errors: ["iteration 1: q3/build: ValueError: question 'type': definition must be a dict, got str"])
[ 160] FAILED: RuntimeError: no strategy was selected (loop trace: [], errors: ["iteration 1: q3/build: ValueError: question 'type': definition must be a dict, got str"])
[ 161] FAILED: RuntimeError: no strategy was selected (loop trace: [], errors: ["iteration 1: q3/build: ValueError: question 'type': definition must be a dict, got str"])
[ 162] FAILED: RuntimeError: no strategy was selected (loop trace: [], errors: ["iteration 1: q3/build: ValueError: question 'type': definition must be a dict, got str"])
[ 163] FAILED: RuntimeError: no strategy was selected (loop trace: [], errors: ["iteration 1: q3/build: ValueError: question 'type': definition must be a dict, got str"])
[ 164] FAILED: RuntimeError: no strategy was selected (loop trace: [], errors: ["iteration 1: q3/build: ValueError: question 'type': definition must be a dict, got str"])
[ 165] FAILED: RuntimeError: no strategy was selected (loop trace: [], errors: ["iteration 1: q3/build: ValueError: question 'type': definition must be a dict, got str"])
[ 166] FAILED: RuntimeError: no strategy was selected (loop trace: [], errors: ["iteration 1: q3/build: ValueError: question 'type': definition must be a dict, got str"])
[ 167] FAILED: RuntimeError: no strategy was selected (loop trace: [], errors: ["iteration 1: q3/build: ValueError: question 'type': definition must be a dict, got str"])
[ 168] FAILED: RuntimeError: no strategy was selected (loop trace: [], errors: ["iteration 1: q3/build: ValueError: question 'type': definition must be a dict, got str"])
[ 169] FAILED: RuntimeError: no strategy was selected (loop trace: [], errors: ["iteration 1: q3/build: ValueError: question 'type': definition must be a dict, got str"])
[ 170] FAILED: RuntimeError: no strategy was selected (loop trace: [], errors: ["iteration 1: q3/build: ValueError: question 'type': definition must be a dict, got str"])
[ 171] FAILED: RuntimeError: no strategy was selected (loop trace: [], errors: ["iteration 1: q3/build: ValueError: question 'type': definition must be a dict, got str"])
[ 172] FAILED: RuntimeError: no strategy was selected (loop trace: [], errors: ["iteration 1: q3/build: ValueError: question 'type': definition must be a dict, got str"])
[ 173] FAILED: RuntimeError: no strategy was selected (loop trace: [], errors: ["iteration 1: q3/build: ValueError: question 'type': definition must be a dict, got str"])
[ 174] FAILED: RuntimeError: no strategy was selected (loop trace: [], errors: ["iteration 1: q3/build: ValueError: question 'type': definition must be a dict, got str"])
[ 175] FAILED: RuntimeError: no strategy was selected (loop trace: [], errors: ["iteration 1: q3/build: ValueError: question 'type': definition must be a dict, got str"])
[ 176] FAILED: RuntimeError: no strategy was selected (loop trace: [], errors: ["iteration 1: q3/build: ValueError: question 'type': definition must be a dict, got str"])
[ 177] FAILED: RuntimeError: no strategy was selected (loop trace: [], errors: ["iteration 1: q3/build: ValueError: question 'type': definition must be a dict, got str"])
[ 178] FAILED: RuntimeError: no strategy was selected (loop trace: [], errors: ["iteration 1: q3/build: ValueError: question 'type': definition must be a dict, got str"])
[ 179] FAILED: RuntimeError: no strategy was selected (loop trace: [], errors: ["iteration 1: q3/build: ValueError: question 'type': definition must be a dict, got str"])
[ 180] FAILED: RuntimeError: no strategy was selected (loop trace: [], errors: ["iteration 1: q3/build: ValueError: question 'type': definition must be a dict, got str"])
[ 181] FAILED: RuntimeError: no strategy was selected (loop trace: [], errors: ["iteration 1: q3/build: ValueError: question 'type': definition must be a dict, got str"])
[ 182] FAILED: RuntimeError: no strategy was selected (loop trace: [], errors: ["iteration 1: q3/build: ValueError: question 'type': definition must be a dict, got str"])
[ 183] FAILED: RuntimeError: no strategy was selected (loop trace: [], errors: ["iteration 1: q3/build: ValueError: question 'type': definition must be a dict, got str"])
[ 184] FAILED: RuntimeError: no strategy was selected (loop trace: [], errors: ["iteration 1: q3/build: ValueError: question 'type': definition must be a dict, got str"])
[ 185] FAILED: RuntimeError: no strategy was selected (loop trace: [], errors: ["iteration 1: q3/build: ValueError: question 'type': definition must be a dict, got str"])
[ 186] FAILED: RuntimeError: no strategy was selected (loop trace: [], errors: ["iteration 1: q3/build: ValueError: question 'type': definition must be a dict, got str"])
[ 187] FAILED: RuntimeError: no strategy was selected (loop trace: [], errors: ["iteration 1: q3/build: ValueError: question 'type': definition must be a dict, got str"])
[ 188] FAILED: RuntimeError: no strategy was selected (loop trace: [], errors: ["iteration 1: q3/build: ValueError: question 'type': definition must be a dict, got str"])
[ 189] FAILED: RuntimeError: no strategy was selected (loop trace: [], errors: ["iteration 1: q3/build: ValueError: question 'type': definition must be a dict, got str"])
[ 190] FAILED: RuntimeError: no strategy was selected (loop trace: [], errors: ["iteration 1: q3/build: ValueError: question 'type': definition must be a dict, got str"])
[ 191] FAILED: RuntimeError: no strategy was selected (loop trace: [], errors: ["iteration 1: q3/build: ValueError: question 'type': definition must be a dict, got str"])/home/lucas.castro/.conda/envs/agno/lib/python3.11/site-packages/tslearn/barycenters/dba.py:599: ConvergenceWarning: DBA loss is increasing while it should not be. Stopping optimization.
  warnings.warn("DBA loss is increasing while it should not be. "
/home/lucas.castro/.conda/envs/agno/lib/python3.11/site-packages/tslearn/barycenters/dba.py:599: ConvergenceWarning: DBA loss is increasing while it should not be. Stopping optimization.
  warnings.warn("DBA loss is increasing while it should not be. "

[ 192] FAILED: RuntimeError: no strategy was selected (loop trace: [], errors: ["iteration 1: q3/build: ValueError: question 'type': definition must be a dict, got str"])
[ 193] FAILED: RuntimeError: no strategy was selected (loop trace: [], errors: ["iteration 1: q3/build: ValueError: question 'type': definition must be a dict, got str"])
[ 194] FAILED: RuntimeError: no strategy was selected (loop trace: [], errors: ["iteration 1: q3/build: ValueError: question 'type': definition must be a dict, got str"])
[ 195] FAILED: RuntimeError: no strategy was selected (loop trace: [], errors: ["iteration 1: q3/build: ValueError: question 'type': definition must be a dict, got str"])
[ 196] FAILED: RuntimeError: no strategy was selected (loop trace: [], errors: ["iteration 1: q3/build: ValueError: question 'type': definition must be a dict, got str"])
[ 197] FAILED: RuntimeError: no strategy was selected (loop trace: [], errors: ["iteration 1: q3/build: ValueError: question 'type': definition must be a dict, got str"])
[ 198] FAILED: RuntimeError: no strategy was selected (loop trace: [], errors: ["iteration 1: q3/build: ValueError: question 'type': definition must be a dict, got str"])
[ 199] FAILED: RuntimeError: no strategy was selected (loop trace: [], errors: ["iteration 1: q3/build: ValueError: question 'type': definition must be a dict, got str"])
[ 200] FAILED: RuntimeError: no strategy was selected (loop trace: [], errors: ["iteration 1: q3/build: ValueError: question 'type': definition must be a dict, got str"])
[ 201] FAILED: RuntimeError: no strategy was selected (loop trace: [], errors: ["iteration 1: q3/build: ValueError: question 'type': definition must be a dict, got str"])
[ 202] FAILED: RuntimeError: no strategy was selected (loop trace: [], errors: ["iteration 1: q3/build: ValueError: question 'type': definition must be a dict, got str"])
[ 203] FAILED: RuntimeError: no strategy was selected (loop trace: [], errors: ["iteration 1: q3/build: ValueError: question 'type': definition must be a dict, got str"])
[ 204] FAILED: RuntimeError: no strategy was selected (loop trace: [], errors: ["iteration 1: q3/build: ValueError: question 'type': definition must be a dict, got str"])
[ 205] FAILED: RuntimeError: no strategy was selected (loop trace: [], errors: ["iteration 1: q3/build: ValueError: question 'type': definition must be a dict, got str"])
[ 206] FAILED: RuntimeError: no strategy was selected (loop trace: [], errors: ["iteration 1: q3/build: ValueError: question 'type': definition must be a dict, got str"])
[ 207] FAILED: RuntimeError: no strategy was selected (loop trace: [], errors: ["iteration 1: q3/build: ValueError: question 'type': definition must be a dict, got str"])
[ 208] FAILED: RuntimeError: no strategy was selected (loop trace: [], errors: ["iteration 1: q3/build: ValueError: question 'type': definition must be a dict, got str"])
[ 209] FAILED: RuntimeError: no strategy was selected (loop trace: [], errors: ["iteration 1: q3/build: ValueError: question 'type': definition must be a dict, got str"])
[ 210] FAILED: RuntimeError: no strategy was selected (loop trace: [], errors: ["iteration 1: q3/build: ValueError: question 'type': definition must be a dict, got str"])
[ 211] FAILED: RuntimeError: no strategy was selected (loop trace: [], errors: ["iteration 1: q3/build: ValueError: question 'type': definition must be a dict, got str"])
[ 212] FAILED: RuntimeError: no strategy was selected (loop trace: [], errors: ["iteration 1: q3/build: ValueError: question 'type': definition must be a dict, got str"])
[ 213] FAILED: RuntimeError: no strategy was selected (loop trace: [], errors: ["iteration 1: q3/build: ValueError: question 'type': definition must be a dict, got str"])
[ 214] FAILED: RuntimeError: no strategy was selected (loop trace: [], errors: ["iteration 1: q3/build: ValueError: question 'type': definition must be a dict, got str"])
[ 215] FAILED: RuntimeError: no strategy was selected (loop trace: [], errors: ["iteration 1: q3/build: ValueError: question 'type': definition must be a dict, got str"])
[ 216] FAILED: RuntimeError: no strategy was selected (loop trace: [], errors: ["iteration 1: q3/build: ValueError: question 'type': definition must be a dict, got str"])
[ 217] FAILED: RuntimeError: no strategy was selected (loop trace: [], errors: ["iteration 1: q3/build: ValueError: question 'type': definition must be a dict, got str"])
[ 218] FAILED: RuntimeError: no strategy was selected (loop trace: [], errors: ["iteration 1: q3/build: ValueError: question 'type': definition must be a dict, got str"])
[ 219] FAILED: RuntimeError: no strategy was selected (loop trace: [], errors: ["iteration 1: q3/build: ValueError: question 'type': definition must be a dict, got str"])
[ 220] FAILED: RuntimeError: no strategy was selected (loop trace: [], errors: ["iteration 1: q3/build: ValueError: question 'type': definition must be a dict, got str"])
[ 221] FAILED: RuntimeError: no strategy was selected (loop trace: [], errors: ["iteration 1: q3/build: ValueError: question 'type': definition must be a dict, got str"])
[ 222] FAILED: RuntimeError: no strategy was selected (loop trace: [], errors: ["iteration 1: q3/build: ValueError: question 'type': definition must be a dict, got str"])
[ 223] FAILED: RuntimeError: no strategy was selected (loop trace: [], errors: ["iteration 1: q3/build: ValueError: question 'type': definition must be a dict, got str"])
[ 224] FAILED: RuntimeError: no strategy was selected (loop trace: [], errors: ["iteration 1: q3/build: ValueError: question 'type': definition must be a dict, got str"])
[ 225] FAILED: RuntimeError: no strategy was selected (loop trace: [], errors: ["iteration 1: q3/build: ValueError: question 'type': definition must be a dict, got str"])
[ 226] FAILED: RuntimeError: no strategy was selected (loop trace: [], errors: ["iteration 1: q3/build: ValueError: question 'type': definition must be a dict, got str"])
[ 227] FAILED: RuntimeError: no strategy was selected (loop trace: [], errors: ["iteration 1: q3/build: ValueError: question 'type': definition must be a dict, got str"])
[ 228] FAILED: RuntimeError: no strategy was selected (loop trace: [], errors: ["iteration 1: q3/build: ValueError: question 'type': definition must be a dict, got str"])
[ 229] FAILED: RuntimeError: no strategy was selected (loop trace: [], errors: ["iteration 1: q3/build: ValueError: question 'type': definition must be a dict, got str"])
[ 230] FAILED: RuntimeError: no strategy was selected (loop trace: [], errors: ["iteration 1: q3/build: ValueError: question 'type': definition must be a dict, got str"])
[ 231] FAILED: RuntimeError: no strategy was selected (loop trace: [], errors: ["iteration 1: q3/build: ValueError: question 'type': definition must be a dict, got str"])
[ 232] FAILED: RuntimeError: no strategy was selected (loop trace: [], errors: ["iteration 1: q3/build: ValueError: question 'type': definition must be a dict, got str"])
[ 233] FAILED: RuntimeError: no strategy was selected (loop trace: [], errors: ["iteration 1: q3/build: ValueError: question 'type': definition must be a dict, got str"])
[ 234] FAILED: RuntimeError: no strategy was selected (loop trace: [], errors: ["iteration 1: q3/build: ValueError: question 'type': definition must be a dict, got str"])
[ 235] FAILED: RuntimeError: no strategy was selected (loop trace: [], errors: ["iteration 1: q3/build: ValueError: question 'type': definition must be a dict, got str"])
[ 236] FAILED: RuntimeError: no strategy was selected (loop trace: [], errors: ["iteration 1: q3/build: ValueError: question 'type': definition must be a dict, got str"])
[ 237] FAILED: RuntimeError: no strategy was selected (loop trace: [], errors: ["iteration 1: q3/build: ValueError: question 'type': definition must be a dict, got str"])
[ 238] FAILED: RuntimeError: no strategy was selected (loop trace: [], errors: ["iteration 1: q3/build: ValueError: question 'type': definition must be a dict, got str"])
[ 239] FAILED: RuntimeError: no strategy was selected (loop trace: [], errors: ["iteration 1: q3/build: ValueError: question 'type': definition must be a dict, got str"])
[ 240] FAILED: RuntimeError: no strategy was selected (loop trace: [], errors: ["iteration 1: q3/build: ValueError: question 'type': definition must be a dict, got str"])
[ 241] FAILED: RuntimeError: no strategy was selected (loop trace: [], errors: ["iteration 1: q3/build: ValueError: question 'type': definition must be a dict, got str"])
[ 242] FAILED: RuntimeError: no strategy was selected (loop trace: [], errors: ["iteration 1: q3/build: ValueError: question 'type': definition must be a dict, got str"])
[ 243] FAILED: RuntimeError: no strategy was selected (loop trace: [], errors: ["iteration 1: q3/build: ValueError: question 'type': definition must be a dict, got str"])
[ 244] FAILED: RuntimeError: no strategy was selected (loop trace: [], errors: ["iteration 1: q3/build: ValueError: question 'type': definition must be a dict, got str"])
[ 245] FAILED: RuntimeError: no strategy was selected (loop trace: [], errors: ["iteration 1: q3/build: ValueError: question 'type': definition must be a dict, got str"])
[ 246] FAILED: RuntimeError: no strategy was selected (loop trace: [], errors: ["iteration 1: q3/build: ValueError: question 'type': definition must be a dict, got str"])
[ 247] FAILED: RuntimeError: no strategy was selected (loop trace: [], errors: ["iteration 1: q3/build: ValueError: question 'type': definition must be a dict, got str"])
[ 248] FAILED: RuntimeError: no strategy was selected (loop trace: [], errors: ["iteration 1: q3/build: ValueError: question 'type': definition must be a dict, got str"])
[ 249] FAILED: RuntimeError: no strategy was selected (loop trace: [], errors: ["iteration 1: q3/build: ValueError: question 'type': definition must be a dict, got str"])
[ 250] FAILED: RuntimeError: no strategy was selected (loop trace: [], errors: ["iteration 1: q3/build: ValueError: question 'type': definition must be a dict, got str"])
[ 251] FAILED: RuntimeError: no strategy was selected (loop trace: [], errors: ["iteration 1: q3/build: ValueError: question 'type': definition must be a dict, got str"])
[ 252] FAILED: RuntimeError: no strategy was selected (loop trace: [], errors: ["iteration 1: q3/build: ValueError: question 'type': definition must be a dict, got str"])
[ 253] FAILED: RuntimeError: no strategy was selected (loop trace: [], errors: ["iteration 1: q3/build: ValueError: question 'type': definition must be a dict, got str"])
[ 254] FAILED: RuntimeError: no strategy was selected (loop trace: [], errors: ["iteration 1: q3/build: ValueError: question 'type': definition must be a dict, got str"])
[ 255] FAILED: RuntimeError: no strategy was selected (loop trace: [], errors: ["iteration 1: q3/build: ValueError: question 'type': definition must be a dict, got str"])
[ 256] FAILED: RuntimeError: no strategy was selected (loop trace: [], errors: ["iteration 1: q3/build: ValueError: question 'type': definition must be a dict, got str"])
[ 257] FAILED: RuntimeError: no strategy was selected (loop trace: [], errors: ["iteration 1: q3/build: ValueError: question 'type': definition must be a dict, got str"])
[ 258] FAILED: RuntimeError: no strategy was selected (loop trace: [], errors: ["iteration 1: q3/build: ValueError: question 'type': definition must be a dict, got str"])
[ 259] FAILED: RuntimeError: no strategy was selected (loop trace: [], errors: ["iteration 1: q3/build: ValueError: question 'type': definition must be a dict, got str"])
[ 260] FAILED: RuntimeError: no strategy was selected (loop trace: [], errors: ["iteration 1: q3/build: ValueError: question 'type': definition must be a dict, got str"])
[ 261] FAILED: RuntimeError: no strategy was selected (loop trace: [], errors: ["iteration 1: q3/build: ValueError: question 'type': definition must be a dict, got str"])
[ 262] FAILED: RuntimeError: no strategy was selected (loop trace: [], errors: ["iteration 1: q3/build: ValueError: question 'type': definition must be a dict, got str"])
[ 263] FAILED: RuntimeError: no strategy was selected (loop trace: [], errors: ["iteration 1: q3/build: ValueError: question 'type': definition must be a dict, got str"])
[ 264] FAILED: RuntimeError: no strategy was selected (loop trace: [], errors: ["iteration 1: q3/build: ValueError: question 'type': definition must be a dict, got str"])
[ 265] FAILED: RuntimeError: no strategy was selected (loop trace: [], errors: ["iteration 1: q3/build: ValueError: question 'type': definition must be a dict, got str"])
[ 266] FAILED: RuntimeError: no strategy was selected (loop trace: [], errors: ["iteration 1: q3/build: ValueError: question 'type': definition must be a dict, got str"])
[ 267] FAILED: RuntimeError: no strategy was selected (loop trace: [], errors: ["iteration 1: q3/build: ValueError: question 'type': definition must be a dict, got str"])
[ 268] FAILED: RuntimeError: no strategy was selected (loop trace: [], errors: ["iteration 1: q3/build: ValueError: question 'type': definition must be a dict, got str"])
[ 269] FAILED: RuntimeError: no strategy was selected (loop trace: [], errors: ["iteration 1: q3/build: ValueError: question 'type': definition must be a dict, got str"])
[ 270] FAILED: RuntimeError: no strategy was selected (loop trace: [], errors: ["iteration 1: q3/build: ValueError: question 'type': definition must be a dict, got str"])
[ 271] FAILED: RuntimeError: no strategy was selected (loop trace: [], errors: ["iteration 1: q3/build: ValueError: question 'type': definition must be a dict, got str"])
[ 272] FAILED: RuntimeError: no strategy was selected (loop trace: [], errors: ["iteration 1: q3/build: ValueError: question 'type': definition must be a dict, got str"])
[ 273] FAILED: RuntimeError: no strategy was selected (loop trace: [], errors: ["iteration 1: q3/build: ValueError: question 'type': definition must be a dict, got str"])
[ 274] FAILED: RuntimeError: no strategy was selected (loop trace: [], errors: ["iteration 1: q3/build: ValueError: question 'type': definition must be a dict, got str"])
[ 275] FAILED: RuntimeError: no strategy was selected (loop trace: [], errors: ["iteration 1: q3/build: ValueError: question 'type': definition must be a dict, got str"])
[ 276] FAILED: RuntimeError: no strategy was selected (loop trace: [], errors: ["iteration 1: q3/build: ValueError: question 'type': definition must be a dict, got str"])
[ 277] FAILED: RuntimeError: no strategy was selected (loop trace: [], errors: ["iteration 1: q3/build: ValueError: question 'type': definition must be a dict, got str"])
[ 278] FAILED: RuntimeError: no strategy was selected (loop trace: [], errors: ["iteration 1: q3/build: ValueError: question 'type': definition must be a dict, got str"])
[ 279] FAILED: RuntimeError: no strategy was selected (loop trace: [], errors: ["iteration 1: q3/build: ValueError: question 'type': definition must be a dict, got str"])
[ 280] FAILED: RuntimeError: no strategy was selected (loop trace: [], errors: ["iteration 1: q3/build: ValueError: question 'type': definition must be a dict, got str"])
[ 281] FAILED: RuntimeError: no strategy was selected (loop trace: [], errors: ["iteration 1: q3/build: ValueError: question 'type': definition must be a dict, got str"])
[ 282] FAILED: RuntimeError: no strategy was selected (loop trace: [], errors: ["iteration 1: q3/build: ValueError: question 'type': definition must be a dict, got str"])
[ 283] FAILED: RuntimeError: no strategy was selected (loop trace: [], errors: ["iteration 1: q3/build: ValueError: question 'type': definition must be a dict, got str"])
[ 284] FAILED: RuntimeError: no strategy was selected (loop trace: [], errors: ["iteration 1: q3/build: ValueError: question 'type': definition must be a dict, got str"])
[ 285] FAILED: RuntimeError: no strategy was selected (loop trace: [], errors: ["iteration 1: q3/build: ValueError: question 'type': definition must be a dict, got str"])
[ 286] FAILED: RuntimeError: no strategy was selected (loop trace: [], errors: ["iteration 1: q3/build: ValueError: question 'type': definition must be a dict, got str"])
[ 287] FAILED: RuntimeError: no strategy was selected (loop trace: [], errors: ["iteration 1: q3/build: ValueError: question 'type': definition must be a dict, got str"])
[ 288] FAILED: RuntimeError: no strategy was selected (loop trace: [], errors: ["iteration 1: q3/build: ValueError: question 'type': definition must be a dict, got str"])
[ 289] FAILED: RuntimeError: no strategy was selected (loop trace: [], errors: ["iteration 1: q3/build: ValueError: question 'type': definition must be a dict, got str"])
[ 290] FAILED: RuntimeError: no strategy was selected (loop trace: [], errors: ["iteration 1: q3/build: ValueError: question 'type': definition must be a dict, got str"])
[ 291] FAILED: RuntimeError: no strategy was selected (loop trace: [], errors: ["iteration 1: q3/build: ValueError: question 'type': definition must be a dict, got str"])
[ 292] FAILED: RuntimeError: no strategy was selected (loop trace: [], errors: ["iteration 1: q3/build: ValueError: question 'type': definition must be a dict, got str"])
[ 293] FAILED: RuntimeError: no strategy was selected (loop trace: [], errors: ["iteration 1: q3/build: ValueError: question 'type': definition must be a dict, got str"])
[ 294] FAILED: RuntimeError: no strategy was selected (loop trace: [], errors: ["iteration 1: q3/build: ValueError: question 'type': definition must be a dict, got str"])
[ 295] FAILED: RuntimeError: no strategy was selected (loop trace: [], errors: ["iteration 1: q3/build: ValueError: question 'type': definition must be a dict, got str"])
[ 296] FAILED: RuntimeError: no strategy was selected (loop trace: [], errors: ["iteration 1: q3/build: ValueError: question 'type': definition must be a dict, got str"])
[ 297] FAILED: RuntimeError: no strategy was selected (loop trace: [], errors: ["iteration 1: q3/build: ValueError: question 'type': definition must be a dict, got str"])
[ 298] FAILED: RuntimeError: no strategy was selected (loop trace: [], errors: ["iteration 1: q3/build: ValueError: question 'type': definition must be a dict, got str"])
[ 299] FAILED: RuntimeError: no strategy was selected (loop trace: [], errors: ["iteration 1: q3/build: ValueError: question 'type': definition must be a dict, got str"])
[ 300] FAILED: RuntimeError: no strategy was selected (loop trace: [], errors: ["iteration 1: q3/build: ValueError: question 'type': definition must be a dict, got str"])
[ 301] FAILED: RuntimeError: no strategy was selected (loop trace: [], errors: ["iteration 1: q3/build: ValueError: question 'type': definition must be a dict, got str"])
[ 302] FAILED: RuntimeError: no strategy was selected (loop trace: [], errors: ["iteration 1: q3/build: ValueError: question 'type': definition must be a dict, got str"])
[ 303] FAILED: RuntimeError: no strategy was selected (loop trace: [], errors: ["iteration 1: q3/build: ValueError: question 'type': definition must be a dict, got str"])
[ 304] FAILED: RuntimeError: no strategy was selected (loop trace: [], errors: ["iteration 1: q3/build: ValueError: question 'type': definition must be a dict, got str"])
[ 305] FAILED: RuntimeError: no strategy was selected (loop trace: [], errors: ["iteration 1: q3/build: ValueError: question 'type': definition must be a dict, got str"])
[ 306] FAILED: RuntimeError: no strategy was selected (loop trace: [], errors: ["iteration 1: q3/build: ValueError: question 'type': definition must be a dict, got str"])
[ 307] FAILED: RuntimeError: no strategy was selected (loop trace: [], errors: ["iteration 1: q3/build: ValueError: question 'type': definition must be a dict, got str"])
[ 308] FAILED: RuntimeError: no strategy was selected (loop trace: [], errors: ["iteration 1: q3/build: ValueError: question 'type': definition must be a dict, got str"])
[ 309] FAILED: RuntimeError: no strategy was selected (loop trace: [], errors: ["iteration 1: q3/build: ValueError: question 'type': definition must be a dict, got str"])
[ 310] FAILED: RuntimeError: no strategy was selected (loop trace: [], errors: ["iteration 1: q3/build: ValueError: question 'type': definition must be a dict, got str"])
[ 311] FAILED: RuntimeError: no strategy was selected (loop trace: [], errors: ["iteration 1: q3/build: ValueError: question 'type': definition must be a dict, got str"])
[ 312] FAILED: RuntimeError: no strategy was selected (loop trace: [], errors: ["iteration 1: q3/build: ValueError: question 'type': definition must be a dict, got str"])
[ 313] FAILED: RuntimeError: no strategy was selected (loop trace: [], errors: ["iteration 1: q3/build: ValueError: question 'type': definition must be a dict, got str"])
[ 314] FAILED: RuntimeError: no strategy was selected (loop trace: [], errors: ["iteration 1: q3/build: ValueError: question 'type': definition must be a dict, got str"])
[ 315] FAILED: RuntimeError: no strategy was selected (loop trace: [], errors: ["iteration 1: q3/build: ValueError: question 'type': definition must be a dict, got str"])
[ 316] FAILED: RuntimeError: no strategy was selected (loop trace: [], errors: ["iteration 1: q3/build: ValueError: question 'type': definition must be a dict, got str"])
[ 317] FAILED: RuntimeError: no strategy was selected (loop trace: [], errors: ["iteration 1: q3/build: ValueError: question 'type': definition must be a dict, got str"])
[ 318] FAILED: RuntimeError: no strategy was selected (loop trace: [], errors: ["iteration 1: q3/build: ValueError: question 'type': definition must be a dict, got str"])
[ 319] FAILED: RuntimeError: no strategy was selected (loop trace: [], errors: ["iteration 1: q3/build: ValueError: question 'type': definition must be a dict, got str"])
[ 320] FAILED: RuntimeError: no strategy was selected (loop trace: [], errors: ["iteration 1: q3/build: ValueError: question 'type': definition must be a dict, got str"])
[ 321] FAILED: RuntimeError: no strategy was selected (loop trace: [], errors: ["iteration 1: q3/build: ValueError: question 'type': definition must be a dict, got str"])
[ 322] FAILED: RuntimeError: no strategy was selected (loop trace: [], errors: ["iteration 1: q3/build: ValueError: question 'type': definition must be a dict, got str"])
[ 323] FAILED: RuntimeError: no strategy was selected (loop trace: [], errors: ["iteration 1: q3/build: ValueError: question 'type': definition must be a dict, got str"])
[ 324] FAILED: RuntimeError: no strategy was selected (loop trace: [], errors: ["iteration 1: q3/build: ValueError: question 'type': definition must be a dict, got str"])
[ 325] FAILED: RuntimeError: no strategy was selected (loop trace: [], errors: ["iteration 1: q3/build: ValueError: question 'type': definition must be a dict, got str"])
[ 326] FAILED: RuntimeError: no strategy was selected (loop trace: [], errors: ["iteration 1: q3/build: ValueError: question 'type': definition must be a dict, got str"])
[ 327] FAILED: RuntimeError: no strategy was selected (loop trace: [], errors: ["iteration 1: q3/build: ValueError: question 'type': definition must be a dict, got str"])
[ 328] FAILED: RuntimeError: no strategy was selected (loop trace: [], errors: ["iteration 1: q3/build: ValueError: question 'type': definition must be a dict, got str"])
[ 329] FAILED: RuntimeError: no strategy was selected (loop trace: [], errors: ["iteration 1: q3/build: ValueError: question 'type': definition must be a dict, got str"])
[ 330] FAILED: RuntimeError: no strategy was selected (loop trace: [], errors: ["iteration 1: q3/build: ValueError: question 'type': definition must be a dict, got str"])
[ 331] FAILED: RuntimeError: no strategy was selected (loop trace: [], errors: ["iteration 1: q3/build: ValueError: question 'type': definition must be a dict, got str"])
[ 332] FAILED: RuntimeError: no strategy was selected (loop trace: [], errors: ["iteration 1: q3/build: ValueError: question 'type': definition must be a dict, got str"])
[ 333] FAILED: RuntimeError: no strategy was selected (loop trace: [], errors: ["iteration 1: q3/build: ValueError: question 'type': definition must be a dict, got str"])
[ 334] FAILED: RuntimeError: no strategy was selected (loop trace: [], errors: ["iteration 1: q3/build: ValueError: question 'type': definition must be a dict, got str"])
[ 335] FAILED: RuntimeError: no strategy was selected (loop trace: [], errors: ["iteration 1: q3/build: ValueError: question 'type': definition must be a dict, got str"])
[ 336] FAILED: RuntimeError: no strategy was selected (loop trace: [], errors: ["iteration 1: q3/build: ValueError: question 'type': definition must be a dict, got str"])
[ 337] FAILED: RuntimeError: no strategy was selected (loop trace: [], errors: ["iteration 1: q3/build: ValueError: question 'type': definition must be a dict, got str"])
[ 338] FAILED: RuntimeError: no strategy was selected (loop trace: [], errors: ["iteration 1: q3/build: ValueError: question 'type': definition must be a dict, got str"])
[ 339] FAILED: RuntimeError: no strategy was selected (loop trace: [], errors: ["iteration 1: q3/build: ValueError: question 'type': definition must be a dict, got str"])
[ 340] FAILED: RuntimeError: no strategy was selected (loop trace: [], errors: ["iteration 1: q3/build: ValueError: question 'type': definition must be a dict, got str"])
[ 341] FAILED: RuntimeError: no strategy was selected (loop trace: [], errors: ["iteration 1: q3/build: ValueError: question 'type': definition must be a dict, got str"])
[ 342] FAILED: RuntimeError: no strategy was selected (loop trace: [], errors: ["iteration 1: q3/build: ValueError: question 'type': definition must be a dict, got str"])
[ 343] FAILED: RuntimeError: no strategy was selected (loop trace: [], errors: ["iteration 1: q3/build: ValueError: question 'type': definition must be a dict, got str"])
[ 344] FAILED: RuntimeError: no strategy was selected (loop trace: [], errors: ["iteration 1: q3/build: ValueError: question 'type': definition must be a dict, got str"])
[ 345] FAILED: RuntimeError: no strategy was selected (loop trace: [], errors: ["iteration 1: q3/build: ValueError: question 'type': definition must be a dict, got str"])
[ 346] FAILED: RuntimeError: no strategy was selected (loop trace: [], errors: ["iteration 1: q3/build: ValueError: question 'type': definition must be a dict, got str"])
[ 347] FAILED: RuntimeError: no strategy was selected (loop trace: [], errors: ["iteration 1: q3/build: ValueError: question 'type': definition must be a dict, got str"])
[ 348] FAILED: RuntimeError: no strategy was selected (loop trace: [], errors: ["iteration 1: q3/build: ValueError: question 'type': definition must be a dict, got str"])
[ 349] FAILED: RuntimeError: no strategy was selected (loop trace: [], errors: ["iteration 1: q3/build: ValueError: question 'type': definition must be a dict, got str"])
[ 350] FAILED: RuntimeError: no strategy was selected (loop trace: [], errors: ["iteration 1: q3/build: ValueError: question 'type': definition must be a dict, got str"])
[ 351] FAILED: RuntimeError: no strategy was selected (loop trace: [], errors: ["iteration 1: q3/build: ValueError: question 'type': definition must be a dict, got str"])
[ 352] FAILED: RuntimeError: no strategy was selected (loop trace: [], errors: ["iteration 1: q3/build: ValueError: question 'type': definition must be a dict, got str"])
[ 353] FAILED: RuntimeError: no strategy was selected (loop trace: [], errors: ["iteration 1: q3/build: ValueError: question 'type': definition must be a dict, got str"])
[ 354] FAILED: RuntimeError: no strategy was selected (loop trace: [], errors: ["iteration 1: q3/build: ValueError: question 'type': definition must be a dict, got str"])
[ 355] FAILED: RuntimeError: no strategy was selected (loop trace: [], errors: ["iteration 1: q3/build: ValueError: question 'type': definition must be a dict, got str"])
[ 356] FAILED: RuntimeError: no strategy was selected (loop trace: [], errors: ["iteration 1: q3/build: ValueError: question 'type': definition must be a dict, got str"])
[ 357] FAILED: RuntimeError: no strategy was selected (loop trace: [], errors: ["iteration 1: q3/build: ValueError: question 'type': definition must be a dict, got str"])
[ 358] FAILED: RuntimeError: no strategy was selected (loop trace: [], errors: ["iteration 1: q3/build: ValueError: question 'type': definition must be a dict, got str"])
--------------------------------------------------------------------------
done in 120.1s | ok: 0 | failed: 359
csv: ./timeseries/mestrado/resultados/orchestrator_laya_laya_v5_reasoning_pure/M4_WEEKLY_DATASET.csv
