DATA;UF;PRODUCT;MODEL;PARAMS;WINDOW;HORIZON;RMSE;MAPE;POCID;PBE;MASE;P1;P2;P3;P4;P5;P6;P7;P8;P9;P10;P11;P12
mean;AL;gasolinac;knn_rf_deepar_svr_catboost_arima;{};12;12;1674.0382667451825;0.033442669533168094;63.63636363636363;-1.6221919527705784;0.25354880714749034;38456.91908697476;38352.30430221307;37503.52164453641;36806.04563721568;37368.86638695073;37496.932990995534;37925.046857286005;37895.43134423256;37859.17776468742;39893.96349331349;39082.79013910849;37779.250900624014
