DATA;UF;PRODUCT;MODEL;PARAMS;WINDOW;HORIZON;RMSE;MAPE;POCID;PBE;MASE;P1;P2;P3;P4;P5;P6;P7;P8;P9;P10;P11;P12
mean;PB;gasolinac;knn_rf_deepar_svr_catboost_arima;{};12;12;2776.894577131299;0.03778952576678563;72.72727272727273;1.2060497145979998;0.38660551495964396;57960.814989343366;58021.24852193481;57457.95782861618;58326.08825586897;58093.22139359616;58129.767204566946;58679.13988192124;58816.00550892922;57792.81644366501;60193.99842857313;58888.6083974566;56860.07641398308
