DATA;MCPM;UF;PRODUCT;MODEL;PARAMS;WINDOW;HORIZON;RMSE;MAPE;POCID;PBE;P1;P2;P3;P4;P5;P6;P7;P8;P9;P10;P11;P12
combination;32343.116754135677;GO;oleocombustivel;combination-mean;ARIMA-SARIMA_DS;12;12;1275.1314469948445;0.23289772699098832;41.666666666666664;-7.0398131023790596;4269.523857898383;4266.518945991846;4862.056927867898;4068.0408658991705;5002.454833307043;5875.417265708626;5576.021068555698;5858.827215541438;5241.015916574534;5116.429875532887;5068.134425120144;3705.1254593378053
