DATA;UF;PRODUCT;MODEL;PARAMS;WINDOW;HORIZON;RMSE;MAPE;POCID;PBE;MASE;P1;P2;P3;P4;P5;P6;P7;P8;P9;P10;P11;P12
rf;TO;glp;knn_rf_deepar_svr_catboost_arima;{};12;12;280.04190594185;0.03345966180511609;72.72727272727273;0.2692962899517373;0.7240185064800116;7603.335815239797;7268.032324807444;7323.020381830437;7013.193775488353;6903.422239042406;7792.861381789269;6921.557918043724;7136.161261229934;7496.688832196143;7444.818343692296;7577.636692645207;7587.701125975899
svr;TO;glp;knn_rf_deepar_svr_catboost_arima;{};12;12;351.0951978486303;0.040735074374804774;72.72727272727273;0.2719864184530849;0.881399233363605;7627.95219709225;7454.336582322175;7208.644470289585;7181.965511211742;7052.17304194976;7068.469627282604;7213.9937597458165;7167.43191536704;7124.885550840612;7707.074203212076;7709.316521262101;7549.811160195281
ridge;TO;glp;knn_rf_deepar_svr_catboost_arima;{};12;12;363.85594615361646;0.04233208493148267;63.63636363636363;0.2752488214825203;0.9151415795116635;7623.676851855774;7491.242513276895;7136.483825635033;7220.994107285712;7047.625241225401;7068.374008471869;7250.440618335733;7137.674156251881;7126.453913238526;7686.629401647235;7706.4971550767405;7567.08184316785
linear;TO;glp;knn_rf_deepar_svr_catboost_arima;{};12;12;364.1463288738497;0.04236736036848738;63.63636363636363;0.27504513647707407;0.9158943748141701;7623.513399734534;7491.567472325311;7135.967284912541;7221.47920412272;7047.556439807527;7067.7033079293205;7251.235328713295;7137.725817844788;7125.891653046437;7687.323036340339;7706.485042919852;7566.905514332589
