DATA;MCPM;UF;PRODUCT;MODEL;PARAMS;WINDOW;HORIZON;RMSE;MAPE;POCID;PBE;MASE;P1;P2;P3;P4;P5;P6;P7;P8;P9;P10;P11;P12;Test Statistic;p-value;Lags Used;Observations Used;Critical Value (1%);Critical Value (5%);Critical Value (10%);Stationary
normal;131539.95195158562;AL;gasolinac;ARMA;{'p': 2, 'd': 0, 'q': 24};12;12;4550.631851887217;0.0872912764147576;36.36363636363637;8.876183575422628;1.090884745785229;35755.20378652378;35831.057303903835;38746.80304921729;37804.36731693245;39313.23975578436;40265.42854762117;41266.46282020356;38822.30570813416;36844.49711379213;38137.78474380668;38275.35130406408;38321.36479343744;-3.881882468761696;0.0021723027796808;12;384;-3.4474946672686824;-2.869096243698685;-2.570795299750434;True
log;77413.61818616171;AL;gasolinac;ARMA;{'p': 7, 'd': 0, 'q': 24};12;12;4282.1042427408975;0.0828173111369758;63.63636363636363;8.48442407693525;1.0331178800275995;36885.76195068739;35495.49757911695;39095.06240379628;38231.0927609313;38869.298619150686;41049.82116272593;40753.6777208061;39527.41442877794;36831.09862060855;37748.02731939533;39019.54295950488;37852.55376970686;-3.8946778056909137;0.0020743665404175;12;384;-3.4474946672686824;-2.869096243698685;-2.570795299750434;True
deseasonal;43325.260467524386;AL;gasolinac;ARMA;{'p': 7, 'd': 0, 'q': 23};12;12;3658.219577270476;0.07754142900849507;72.72727272727273;7.618539823212117;0.9589387947960508;38891.712220638954;37149.51062629658;37366.26004605643;36143.22677562203;37727.97322999008;39113.283766904;39755.00406777508;40053.9442490577;38387.11438199244;41892.226235892405;40430.25493933532;38813.534066840795;-3.550092721429253;0.0067900368030712616;13;383;-3.44753973676872;-2.8691160516676844;-2.57080585953957;True
