DATA;MCPM;UF;PRODUCT;MODEL;PARAMS;WINDOW;HORIZON;RMSE;MAPE;POCID;PBE;MASE;P1;P2;P3;P4;P5;P6;P7;P8;P9;P10;P11;P12;Test Statistic;p-value;Lags Used;Observations Used;Critical Value (1%);Critical Value (5%);Critical Value (10%);Stationary
normal;38074.52454046215;PB;gasolinac;ARMA;{'p': 17, 'd': 0, 'q': 20};12;12;5253.020791291587;0.0719210488873457;90.9090909090909;7.330508699638942;0.9163655813651848;60190.68552865302;56288.07011507547;58009.35402774691;56626.29634930349;59515.63070482606;61748.23618791729;57261.82794525248;58412.41690981067;56063.22325764205;61343.489468954605;59898.55952063844;54768.132586354186;-4.301420372963218;0.0004417032512221;13;383;-3.44753973676872;-2.8691160516676844;-2.57080585953957;True
log;138068.04962192738;PB;gasolinac;ARMA;{'p': 15, 'd': 0, 'q': 14};12;12;6365.677390509958;0.0889435210959457;54.54545454545455;8.787223177042474;1.1327341129707933;58854.27879740424;59825.30379646042;57932.154729386886;54357.13929677248;58628.26610194773;57160.42188170195;57286.57967806239;58361.6654472661;56896.07944489777;59564.83362831951;57689.47983981032;52564.117650810505;-4.360283825868462;0.0003487398085157;13;383;-3.44753973676872;-2.8691160516676844;-2.57080585953957;True
deseasonal;60320.68996762045;PB;gasolinac;ARMA;{'p': 3, 'd': 0, 'q': 13};12;12;5095.451034530644;0.06594538012514108;72.72727272727273;6.723454705486527;0.8474268383106986;61059.550778655524;58999.683227974485;59262.30807728969;57033.11792368618;58409.36349065248;58127.0416297194;58613.14962038053;58951.43275830508;57363.34150794166;62346.76491685436;58714.80232123036;55831.7111298586;-4.297123394756993;0.00044933517262793146;12;384;-3.4474946672686824;-2.8690962436986855;-2.570795299750434;True
