DATA;MCPM;UF;PRODUCT;MODEL;PARAMS;WINDOW;HORIZON;RMSE;MAPE;POCID;PBE;MASE;P1;P2;P3;P4;P5;P6;P7;P8;P9;P10;P11;P12;Test Statistic;p-value;Lags Used;Observations Used;Critical Value (1%);Critical Value (5%);Critical Value (10%);Stationary
normal;1102932.8297945436;SP;gasolinac;ARMA;{'p': 16, 'd': 0, 'q': 5};12;12;76256.09211392725;0.068745144666726;72.72727272727273;-0.3084759590570029;0.5531179866129954;863800.755658328;860286.3159616702;880380.4709381047;803289.8745226851;833228.7165810147;847059.2875118924;837854.6980015493;819218.4130492376;843023.6984890108;918529.6537377408;835887.4823766956;865994.7270930061;-3.7988306483997074;0.0029193016738294;12;384;-3.4474946672686824;-2.869096243698685;-2.570795299750434;True
log;942589.6437174268;SP;gasolinac;ARMA;{'p': 9, 'd': 0, 'q': 4};12;12;65191.300512458605;0.0578644525023409;72.72727272727273;0.2338887560133878;0.4653853123781711;860456.0639190028;843531.6748405888;891975.0576354046;818779.7217643401;846713.3667676942;863282.3456720142;851619.2295087961;814391.6422653568;842563.3693091975;861887.7836937808;816179.51876747;841976.9949301842;-3.7919962040427775;0.0029902740829786;12;384;-3.4474946672686824;-2.869096243698685;-2.570795299750434;True
deseasonal;826023.7208115999;SP;gasolinac;ARMA;{'p': 21, 'd': 0, 'q': 1};12;12;69775.90123610268;0.06648616940866962;72.72727272727273;-0.08124609424544173;0.5432558884605039;894261.8430593722;866104.1169644168;867114.6911384182;805265.3408978637;820713.9675428786;843808.010247618;816638.779137872;849289.352710668;849485.6872849971;919174.9100325567;836749.9147059093;816821.9332841638;-4.300358772754865;0.0004435773065499265;10;386;-3.447405233596701;-2.8690569369014605;-2.5707743450830893;True
