DATA;MCPM;UF;PRODUCT;MODEL;PARAMS;WINDOW;HORIZON;RMSE;MAPE;POCID;PBE;MASE;P1;P2;P3;P4;P5;P6;P7;P8;P9;P10;P11;P12
normal;323556.76713904896;PR;etanolhidratado;xgb_noresid;{'learning_rate': 0.3, 'n_estimators': 150, 'subsample': 0.8};12;12;20457.531244408445;0.16161492841115654;63.63636363636363;17.80940165686403;0.5925571306841749;62453.074;56663.91;61642.723;61468.902;61654.47;68483.586;68571.234;84516.52;77603.36;85245.766;78368.74;71999.76
log;424540.86711695726;PR;etanolhidratado;xgb_noresid;{'learning_rate': 0.2, 'n_estimators': 50, 'subsample': 0.8};12;12;21478.90387928703;0.19147251089664388;54.54545454545455;20.17028189518892;0.6727795620731658;57554.594;52644.49;55310.715;59139.184;62456.934;66857.84;70558.4;76580.49;79123.47;79314.98;81656.52;73384.03
deseasonal;161360.41257633612;PR;etanolhidratado;xgb_noresid;{'learning_rate': 0.4, 'n_estimators': 100, 'subsample': 0.8};12;12;20302.827222973672;0.17241257055273193;81.81818181818181;16.54653552440159;0.5842986084593994;58406.65686191738;61327.233830649595;49111.57277046168;52381.75209284336;66774.9988441499;67464.66903243748;77474.22391196828;92249.80049741024;94336.64078596723;95363.24022406543;71489.50458495457;65178.02687567486
