DATA;MCPM;UF;PRODUCT;MODEL;PARAMS;WINDOW;HORIZON;RMSE;MAPE;POCID;PBE;MASE;P1;P2;P3;P4;P5;P6;P7;P8;P9;P10;P11;P12;Test Statistic;p-value;Lags Used;Observations Used;Critical Value (1%);Critical Value (5%);Critical Value (10%);Stationary
normal;16085.06428601473;GO;glp;SARIMA;{'p': 3, 'd': 1, 'q': 3, 's': 12};12;12;1484.3744555422693;0.0248469776056698;81.81818181818181;1.9514102753244271;0.8715349847578109;49459.84652543786;45964.785280190124;47163.62306007537;47006.4776927126;48613.61706890647;50137.02896950258;46241.37765559308;46952.77258735257;47181.74779019796;48876.50374082864;47487.51050264421;45698.375116086616;-4.708613867784861;8.107261586813808e-05;17;379;-3.4477224095888497;-2.869196333125208;-2.5708486586002604;True
log;14834.370845490848;GO;glp;SARIMA;{'p': 3, 'd': 1, 'q': 3, 's': 12};12;12;1369.063493462608;0.0229004397547287;81.81818181818181;1.765167916904056;0.802852734789315;49736.04719436085;45844.7247758242;47323.43989380264;47110.98833593521;48726.27383674477;50120.668594527735;46099.78042731043;47321.46745356659;47416.56154247159;48745.33866859372;47795.95954252018;45626.61383829713;-4.694139193115441;8.631218472511014e-05;17;379;-3.4477224095888497;-2.869196333125208;-2.5708486586002604;True
deseasonal;5322.2526295954485;GO;glp;SARIMA;{'p': 2, 'd': 1, 'q': 2, 's': 12};12;12;1348.568258351512;0.023205024327753298;90.9090909090909;1.4113239187448965;0.8113007937675067;49345.56933685508;46381.00530646714;48129.34493566669;47524.279724984255;48989.46116374003;50150.56874906127;46485.77533034359;47664.862417856464;46947.887182010316;49186.87560218492;47340.48062578314;45781.634192605066;-7.934162928888863;3.4491536667571244e-12;2;394;-3.4470566389664703;-2.8689037160476016;-2.570692663557422;True
