DATA;MCPM;UF;PRODUCT;MODEL;PARAMS;WINDOW;HORIZON;RMSE;MAPE;POCID;PBE;MASE;P1;P2;P3;P4;P5;P6;P7;P8;P9;P10;P11;P12;Test Statistic;p-value;Lags Used;Observations Used;Critical Value (1%);Critical Value (5%);Critical Value (10%);Stationary
normal;1790.5083423757496;RO;glp;SARIMA;{'p': 1, 'd': 0, 'q': 1, 'P': 6, 'D': 0, 'Q': 4, 's': 12};12;12;227.10176169488903;0.023967988087581115;81.81818181818181;1.7103255215422362;0.7464196413362005;7828.576100007764;7301.167115915374;7554.327738304257;7570.364284263676;7386.929912453142;7727.034975937977;7199.682283240893;7422.965130205738;7452.839234658779;7657.999991687541;7156.134800749123;7107.552313758507;-4.132753825869127;0.0008545854100970581;11;385;-3.4474498334928687;-2.8690765390453703;-2.570784795075055;True
deseasonal;5236.109265570002;RO;glp;SARIMA;{'p': 3, 'd': 0, 'q': 4, 'P': 6, 'D': 0, 'Q': 2, 's': 12};12;12;332.22494074711267;0.030845881776956376;63.63636363636363;2.449829325108848;0.9681257568965851;7658.279500911712;7145.760971514719;7668.295737696343;7209.80202761149;7385.849353237288;7698.585474804321;7038.653248740768;7361.561034061896;7578.543025993911;7552.965189026825;7084.4814934658425;7310.4354377999925;-7.074618134013645;4.837917991965845e-10;2;394;-3.4470566389664703;-2.8689037160476016;-2.570692663557422;True
log;2958.052508540723;RO;glp;SARIMA;{'p': 1, 'd': 0, 'q': 1, 'P': 6, 'D': 0, 'Q': 2, 's': 12};12;12;250.21835678419686;0.025920274704368612;72.72727272727273;1.9575404266799157;0.8086334623212047;7817.1926458675;7322.066683002445;7522.722202791945;7492.595777113455;7435.549380170635;7669.977356935635;7228.812841508237;7400.1889730678;7399.186276198161;7693.237177669989;7077.447724451286;7081.827536913141;-4.287372557529165;0.0004671180921198449;12;384;-3.4474946672686824;-2.8690962436986855;-2.570795299750434;True
