DATA;MCPM;UF;PRODUCT;MODEL;PARAMS;WINDOW;HORIZON;RMSE;MAPE;POCID;PBE;MASE;P1;P2;P3;P4;P5;P6;P7;P8;P9;P10;P11;P12;Test Statistic;p-value;Lags Used;Observations Used;Critical Value (1%);Critical Value (5%);Critical Value (10%);Stationary
normal;3216.2413047564755;TO;glp;SARIMA;{'p': 1, 'd': 1, 'q': 2, 'P': 4, 'D': 0, 'Q': 4, 's': 12};12;12;272.01948494368617;0.02966300565302599;72.72727272727273;2.0390794889362835;0.6524152585092943;7525.706684336937;7244.86031443183;7170.8681562920165;7254.930492616114;7086.895254058344;7404.266916993474;6888.10970832803;7205.095886637022;7129.621521367154;7309.88230146615;7211.650222761241;7073.713713016287;-5.942987246769754;2.2380656159685574e-07;17;379;-3.4477224095888497;-2.869196333125208;-2.5708486586002604;True
deseasonal;2990.2113830166363;TO;glp;SARIMA;{'p': 1, 'd': 1, 'q': 3, 'P': 6, 'D': 0, 'Q': 3, 's': 12};12;12;252.91560460942176;0.02819203816021666;72.72727272727273;1.3689795838917873;0.6163888121375445;7648.378855983904;7268.71588541735;7200.08467479081;7356.051638178642;7177.976602644504;7398.649692142937;7043.490949345484;7215.325984515096;7140.873309778549;7325.086657919446;7192.332713733101;7130.374208142254;-5.942987246769754;2.2380656159685574e-07;17;379;-3.4477224095888497;-2.869196333125208;-2.5708486586002604;True
log;3556.098909843866;TO;glp;SARIMA;{'p': 3, 'd': 1, 'q': 1, 'P': 5, 'D': 0, 'Q': 4, 's': 12};12;12;300.69227393742267;0.035858312009644205;72.72727272727273;2.917916464474215;0.7856524741361923;7579.963281975329;7174.088156936198;7125.852935032608;7176.0150159353225;7068.360787319405;7341.976062206174;6751.369269980342;7130.147927951421;7055.798712337276;7179.222661697893;7151.091409305282;6995.64710227744;-5.953575026907234;2.1189875743301648e-07;17;379;-3.4477224095888497;-2.869196333125208;-2.5708486586002604;True
