DATA;MCPM;UF;PRODUCT;MODEL;PARAMS;WINDOW;HORIZON;RMSE;MAPE;POCID;PBE;MASE;P1;P2;P3;P4;P5;P6;P7;P8;P9;P10;P11;P12
log;44796.137569512925;MA;etanolhidratado;xgb;{'learning_rate': 0.4, 'n_estimators': 200, 'subsample': 0.9};12;12;1761.951651150832;0.3690275751227959;45.45454545454545;13.259535157679014;0.79920471125462;2490.0032;3781.4421;3969.563;3574.1897;3813.5251;5961.8726;4105.9497;3385.0173;2983.0112;2480.8538;2167.4773;2785.6226
normal;76572.78441051369;MA;etanolhidratado;xgb;{'learning_rate': 0.2, 'n_estimators': 50, 'subsample': 0.9};12;12;2110.209926738154;0.4497032530944345;18.181818181818183;14.1199143517613;0.9483604970492284;3509.0042;3542.914;3612.5952;4663.789;5533.425;5222.3726;3459.4128;2628.7808;2656.7947;1853.4569;2313.0283;2091.33
