DATA;MCPM;UF;PRODUCT;MODEL;PARAMS;WINDOW;HORIZON;RMSE;MAPE;POCID;PBE;MASE;P1;P2;P3;P4;P5;P6;P7;P8;P9;P10;P11;P12
normal;254796.9915758676;GO;etanolhidratado;xgb;{'learning_rate': 0.3, 'n_estimators': 50, 'subsample': 0.9};12;12;12922.669618551336;0.07976274105175184;54.54545454545455;5.9204200265822715;0.35731803384837435;88368.05;92318.28;97183.61;106234.3;109743.96;119938.48;127775.92;133619.06;131885.94;129985.16;112424.13;117451.38
log;90863.8061833886;GO;etanolhidratado;xgb;{'learning_rate': 0.4, 'n_estimators': 50, 'subsample': 0.9};12;12;11493.687666567124;0.07512528241479025;81.81818181818181;5.9007031216429295;0.337880682027415;93629.94;91459.086;100188.016;106639.93;107980.76;111920.664;120234.79;133829.94;134096.31;127668.414;126005.1;113561.8
deseasonal;394423.5870985541;GO;etanolhidratado;xgb;{'learning_rate': 0.4, 'n_estimators': 150, 'subsample': 0.7};12;12;19984.993672102006;0.12348467893096095;54.54545454545455;4.515992345645711;0.5619211473662323;92486.28827605995;99959.36042220578;105005.1559234037;111259.27384001829;117902.0496872334;132311.03248768795;141220.6859940808;136341.3133909037;132304.13096132036;115859.25973892453;104182.7830274662;98502.54906319537
