DATA;MCPM;UF;PRODUCT;MODEL;PARAMS;WINDOW;HORIZON;RMSE;MAPE;POCID;PBE;MASE;P1;P2;P3;P4;P5;P6;P7;P8;P9;P10;P11;P12
normal;137330.4689154342;PB;etanolhidratado;xgb;{'learning_rate': 0.4, 'n_estimators': 50, 'subsample': 0.8};12;12;4965.094097445507;0.2367594207848354;36.36363636363637;17.43416097128613;0.7038483831886466;7504.177;8932.385;8706.515;6972.771;10260.316;10725.46;17090.318;13622.161;11739.875;8672.326;4021.3276;10284.298
log;91205.46520123773;PB;etanolhidratado;xgb;{'learning_rate': 0.4, 'n_estimators': 50, 'subsample': 0.7};12;12;3841.7133434235975;0.27770203359811485;45.45454545454545;12.59670745166874;0.7210428438050372;6986.008;4430.3276;6692.9136;6678.892;9479.882;14024.58;18314.996;14097.046;11811.503;10354.084;10706.021;11900.349
deseasonal;134746.27712230716;PB;etanolhidratado;xgb;{'learning_rate': 0.3, 'n_estimators': 50, 'subsample': 0.8};12;12;5667.008698282709;0.36242462435765654;45.45454545454545;17.738589125484054;0.9680253272742584;8055.970896437171;7550.380691437171;8674.13303296842;10810.625221260088;15830.06876069372;15175.134960028317;12853.734875853837;10411.703781739254;6871.234364312171;5027.131951812171;8690.885688197588;8143.886888541338
