DATA;MCPM;UF;PRODUCT;MODEL;PARAMS;WINDOW;HORIZON;RMSE;MAPE;POCID;PBE;MASE;P1;P2;P3;P4;P5;P6;P7;P8;P9;P10;P11;P12
normal;27362.40171510068;RO;etanolhidratado;xgb;{'learning_rate': 0.2, 'n_estimators': 200, 'subsample': 0.7};12;12;767.7844183029468;0.4378927861352048;18.181818181818183;47.570237453468536;0.9800419890407026;445.37067;504.61868;577.81635;818.6352;936.5217;918.4838;733.01227;517.02814;770.8583;577.6185;533.2815;633.5595
log;8217.568502395812;RO;etanolhidratado;xgb;{'learning_rate': 0.4, 'n_estimators': 150, 'subsample': 0.8};12;12;684.400512295171;0.4386746799952373;72.72727272727273;46.786546062482145;0.9251460348043657;434.5095;356.4835;496.0222;549.1884;745.24945;815.1304;962.1388;750.6166;746.8128;919.6794;692.661;617.3961
deseasonal;14395.349021818829;RO;etanolhidratado;xgb;{'learning_rate': 0.4, 'n_estimators': 150, 'subsample': 0.9};12;12;902.9469600198967;0.4367028574656325;63.63636363636363;49.14921295040503;1.0112013752482567;535.5089047982297;480.12966921489635;638.1453410951046;551.7881338529172;1026.3852440744686;1221.4080785031304;1099.1631829701046;1125.3692299701047;478.93767668950574;366.10612958468806;57.679014796927575;146.25564567062554
