DATA;MCPM;UF;PRODUCT;MODEL;PARAMS;WINDOW;HORIZON;RMSE;MAPE;POCID;PBE;MASE;P1;P2;P3;P4;P5;P6;P7;P8;P9;P10;P11;P12
log;22926.506455058643;SE;etanolhidratado;xgb;{'learning_rate': 0.3, 'n_estimators': 200, 'subsample': 0.9};12;12;1569.2171244181218;0.3989023933237623;72.72727272727273;28.771901805873867;1.0745106059855951;2314.1973;2262.5461;2434.3506;3480.2703;3573.2969;3214.1443;1418.1138;1201.1462;1420.3469;1641.2704;2147.5693;2193.2842
normal;31258.72106199393;SE;etanolhidratado;xgb;{'learning_rate': 0.4, 'n_estimators': 150, 'subsample': 0.7};12;12;1433.1625988374972;0.3578799365650586;54.54545454545455;19.17017417903044;0.9313656884445708;2641.3489;2154.029;3742.831;2963.337;3548.7222;3080.1782;2868.0159;2462.7732;1710.7198;1677.293;1628.5138;2502.9556
