DATA;MCPM;UF;PRODUCT;MODEL;PARAMS;WINDOW;HORIZON;RMSE;MAPE;POCID;PBE;MASE;P1;P2;P3;P4;P5;P6;P7;P8;P9;P10;P11;P12
normal;245651.62611231772;MS;etanolhidratado;xgb;{'learning_rate': 0.4, 'n_estimators': 200, 'subsample': 0.7};12;12;10336.788783005144;0.3352107691142155;45.45454545454545;39.00907738661742;0.8584105507204098;8828.696;7708.0454;9546.734;11717.303;13278.748;13354.556;16197.061;14395.422;13831.402;11795.944;11578.058;11878.255
log;199154.85885144467;MS;etanolhidratado;xgb;{'subsample': 0.8, 'n_estimators': 50, 'learning_rate': 0.4};12;12;10044.382999468891;0.3335615510167494;54.54545454545455;39.57060589846714;0.846188235477234;8939.596;7743.0996;9534.945;10415.535;11691.642;12934.041;14222.725;15528.444;14859.544;12283.284;11429.861;13200.72
deseasonal;204166.184730462;MS;etanolhidratado;xgb;{'learning_rate': 0.3, 'n_estimators': 200, 'subsample': 0.8};12;12;10305.128320586524;0.2982134659592522;54.54545454545455;37.67412539638113;0.8056333980356545;11299.26044939044;9102.663141755025;10151.532871796691;10336.689933098774;12087.931634340724;13557.333276629866;16589.37814130711;15919.917135786274;14429.821072942525;14061.25371745294;10666.507722171691;9062.178676765441
