DATA;MCPM;UF;PRODUCT;MODEL;PARAMS;WINDOW;HORIZON;RMSE;MAPE;POCID;PBE;MASE;P1;P2;P3;P4;P5;P6;P7;P8;P9;P10;P11;P12
normal;29241.352163262538;MA;etanolhidratado;xgb;{'learning_rate': 0.2, 'n_estimators': 50, 'subsample': 0.9};12;12;1475.2618906482003;0.3108084417743932;54.54545454545455;11.843615124895651;0.6625516853831184;2558.6135;2132.8335;2197.0962;3689.8135;4249.3555;5158.0205;5471.4497;4373.483;3316.0923;3375.8958;2943.398;2709.8833
log;33853.41005587555;MA;etanolhidratado;xgb;{'learning_rate': 0.4, 'n_estimators': 200, 'subsample': 0.9};12;12;1224.4780802874593;0.2016662838323573;36.36363636363637;20.14852319443878;0.4522809762462535;1728.6768;1841.6161;2130.938;2606.606;2974.947;3904.7722;4541.6313;4431.6377;4042.5664;3546.3276;3401.8586;3051.108
deseasonal;45706.05702341774;MA;etanolhidratado;xgb;{'learning_rate': 0.3, 'n_estimators': 100, 'subsample': 0.7};12;12;1919.952018553012;0.41983429106576864;45.45454545454545;11.588767951180937;0.8695283266338406;2284.0001787596407;1431.2674740825576;1482.78293190287;3250.316279342974;5260.159021239359;6661.242978257984;5124.904772264849;5119.241634879432;3537.492653363807;3666.621395509641;2531.0171318794323;1948.8125573065158
