DATA;MCPM;UF;PRODUCT;MODEL;PARAMS;WINDOW;HORIZON;RMSE;MAPE;POCID;PBE;MASE;P1;P2;P3;P4;P5;P6;P7;P8;P9;P10;P11;P12
log;103538.39774080424;PA;etanolhidratado;xgb;{'learning_rate': 0.4, 'n_estimators': 150, 'subsample': 0.8};12;12;3170.58013270502;0.406145348963653;27.272727272727273;39.31298359549235;1.06564300109929;3386.8323;3778.158;3704.432;4214.426;3610.5178;2605.4575;2445.1826;2048.2483;2815.2483;2668.145;2850.1958;2522.2668
normal;68699.51201960456;PA;etanolhidratado;xgb;{'learning_rate': 0.2, 'n_estimators': 100, 'subsample': 0.7};12;12;3147.6884223895217;0.3972575634599007;54.54545454545455;38.16707550590665;1.045637121728128;3228.6646;3152.0159;4021.076;4076.886;3994.9058;3449.2004;2588.318;1813.5273;2684.5232;2672.938;2804.1816;2854.8914
