DATA;MCPM;UF;PRODUCT;MODEL;PARAMS;WINDOW;HORIZON;RMSE;MAPE;POCID;PBE;MASE;P1;P2;P3;P4;P5;P6;P7;P8;P9;P10;P11;P12
normal;44182.335285076624;RN;etanolhidratado;xgb;{'subsample': 0.9, 'n_estimators': 150, 'learning_rate': 0.3};12;12;1596.5699067033308;0.2619129532162634;36.36363636363637;-11.441391788465701;0.7012332533743103;4612.2656;4911.6016;4272.596;3900.7185;4454.142;4826.277;5469.6006;7102.045;7598.2334;6267.595;5595.455;5419.322
log;47715.86757200314;RN;etanolhidratado;xgb;{'learning_rate': 0.2, 'n_estimators': 50, 'subsample': 0.7};12;12;2007.382166553032;0.34021719336683803;45.45454545454545;-4.597988311934478;0.9435607375805801;4349.703;3029.7354;3037.2888;3656.368;4700.474;4850.691;5279.278;7955.0757;8075.882;6214.7046;5046.062;4278.075
deseasonal;40257.90502798624;RN;etanolhidratado;xgb;{'learning_rate': 0.3, 'n_estimators': 50, 'subsample': 0.7};12;12;2525.4269236370446;0.4441982585798548;63.63636363636363;-8.631505759436436;1.3620829043457736;4098.277849521346;3629.4731677296795;4052.7350241046797;5211.989916615096;7741.572330312303;8551.437108380485;8104.314335958847;7310.303339646346;3775.746231865096;2591.7990595630126;4132.010640917179;3605.6569133546795
