DATA;MCPM;UF;PRODUCT;MODEL;PARAMS;WINDOW;HORIZON;RMSE;MAPE;POCID;PBE;MASE;P1;P2;P3;P4;P5;P6;P7;P8;P9;P10;P11;P12
normal;3638.5266745780023;RR;etanolhidratado;xgb;{'learning_rate': 0.2, 'n_estimators': 150, 'subsample': 0.9};12;12;114.75240908919406;0.3050339513567735;27.272727272727273;30.130655723899658;0.9877987826006629;148.09647;135.9719;182.15134;181.40431;180.682;221.54088;280.0106;243.77254;251.78204;245.78017;204.60799;206.3306
log;2581.411783367598;RR;etanolhidratado;xgb;{'learning_rate': 0.4, 'n_estimators': 50, 'subsample': 0.9};12;12;129.87139920809622;0.3323508886748734;54.54545454545455;35.628355417908175;1.0872002337201727;148.85399;107.987656;130.6211;196.49936;232.10156;207.43121;239.2234;247.45422;206.8609;207.50482;190.85472;171.43033
deseasonal;2470.1327125756975;RR;etanolhidratado;xgb;{'learning_rate': 0.4, 'n_estimators': 150, 'subsample': 0.9};12;12;124.45153993686766;0.2803841139676811;54.54545454545455;30.482645005357274;0.9445567736137349;138.68437069690987;141.00911088746975;161.27555768799058;257.5576331234723;234.6778049207794;246.83381351624183;252.36938828421452;240.51330742770412;234.85945081832912;241.35525444033433;171.1779150223656;149.31267491246976
