DATA;MCPM;UF;PRODUCT;MODEL;PARAMS;WINDOW;HORIZON;RMSE;MAPE;POCID;PBE;MASE;P1;P2;P3;P4;P5;P6;P7;P8;P9;P10;P11;P12
log;111042.12207401544;AM;etanolhidratado;xgb;{'subsample': 0.7, 'n_estimators': 100, 'learning_rate': 0.2};12;12;5097.207064948806;0.3070486607392333;54.54545454545455;26.959527206721617;1.0976689656351937;10523.247;10766.636;13075.713;15333.063;14895.61;12492.136;9628.177;7670.8433;8177.08;9598.848;8227.386;8594.584
normal;125030.0586597357;AM;etanolhidratado;xgb;{'learning_rate': 0.4, 'n_estimators': 100, 'subsample': 0.9};12;12;4925.479366893637;0.2859100945838719;45.45454545454545;27.94609897096764;1.0289935293280623;11120.603;11563.116;13923.115;14322.287;12146.131;11231.318;9441.877;8393.834;8109.884;8904.385;8785.278;9299.292
