DATA;MCPM;UF;PRODUCT;MODEL;PARAMS;WINDOW;HORIZON;RMSE;MAPE;POCID;PBE;MASE;P1;P2;P3;P4;P5;P6;P7;P8;P9;P10;P11;P12
log;144730.50562476116;CE;etanolhidratado;xgb;{'learning_rate': 0.4, 'n_estimators': 100, 'subsample': 0.7};12;12;6642.10752707936;0.3190936737069897;54.54545454545455;30.6097485468484;0.9846559971697127;10738.415;11683.049;12656.844;12288.627;11967.121;10660.886;9466.096;5438.5815;6741.22;6732.816;9079.465;9694.044
normal;99519.69858254072;CE;etanolhidratado;xgb;{'learning_rate': 0.2, 'n_estimators': 50, 'subsample': 0.9};12;12;6826.96990658331;0.3301946624230847;72.72727272727273;30.212983372963148;1.0129465528421562;9979.319;10274.584;13843.601;13623.434;11582.993;10891.895;10157.031;7531.463;6386.6567;6756.166;7420.4517;9369.403
