DATA;MCPM;UF;PRODUCT;MODEL;PARAMS;WINDOW;HORIZON;RMSE;MAPE;POCID;PBE;P1;P2;P3;P4;P5;P6;P7;P8;P9;P10;P11;P12
arima-mean;18773.200662185864;RS;glp;ARIMA_MEAN;;12;12;1732.8684328629288;0.018851810102918774;75.0;-0.17917854363851093;65399.114091163996;63643.41502942916;72527.34935524955;73857.7825808536;75225.92424032348;76117.00461785284;68555.54796160552;69823.987446389;66236.1780696215;62097.31264690074;59054.40858709005;57663.23606819864
