DATA,MCPM,UF,PRODUCT,MODEL,PARAMS,WINDOW,HORIZON,RMSE,MAPE,POCID,PBE,P1,P2,P3,P4,P5,P6,P7,P8,P9,P10,P11,P12
normal_deseasonal_log_deseasonal-log,7952.549580376511,SE,glp,ARIMA_MEAN,"{'normal': ""{'p': 11, 'd': 1, 'q': 4}"", 'deseasonal': ""{'p': 13, 'd': 1, 'q': 14}"", 'log': ""{'p': 12, 'd': 1, 'q': 12}"", 'deseasonal-log': ""{'p': 12, 'd': 1, 'q': 11}""}",12,12,733.351041155483,0.041999724772963716,75.0,3.900764840045833,11586.100845441624,10981.234920029701,11397.568067542565,11354.7388746229,11811.819367319646,12236.836640332996,11762.353001718922,11814.95570674926,11611.32150820786,11735.370204489642,11028.481647946744,10690.615942722563
