DATA;MCPM;UF;PRODUCT;MODEL;PARAMS;WINDOW;HORIZON;RMSE;MAPE;POCID;PBE;P1;P2;P3;P4;P5;P6;P7;P8;P9;P10;P11;P12
arima-mean;18264.03370493769;ES;glp;ARIMA_MEAN;;12;12;843.0074215295715;0.03203559899772763;50.0;-0.5192678599647955;22462.237945164154;21305.448672520826;23646.59618249417;23195.526089191917;23512.73756180636;24850.278612781305;22775.504314568123;22761.340856949995;22675.014490833557;22743.05947639579;21184.04008415559;21043.19927822897
