DATA,MCPM,UF,PRODUCT,MODEL,PARAMS,WINDOW,HORIZON,RMSE,MAPE,POCID,PBE,P1,P2,P3,P4,P5,P6,P7,P8,P9,P10,P11,P12
normal_deseasonal_log_deseasonal-log,7113.347639681411,TO,glp,ARIMA_MEAN,"{'normal': ""{'p': 14, 'd': 0, 'q': 11}"", 'deseasonal': ""{'p': 14, 'd': 0, 'q': 11}"", 'log': ""{'p': 11, 'd': 1, 'q': 10}"", 'deseasonal-log': ""{'p': 9, 'd': 1, 'q': 11}""}",12,12,328.274453539594,0.03661368439901289,50.0,3.1997786332155935,7523.265113169044,6987.03324704669,7217.072963082911,7004.039442477237,7121.996054727444,7439.134309006396,6786.108932356568,7066.5936288268385,7268.593921477892,7070.409833289028,6970.46281681006,7025.921190147865
