DATA;MCPM;UF;PRODUCT;MODEL;PARAMS;WINDOW;HORIZON;RMSE;MAPE;POCID;PBE;P1;P2;P3;P4;P5;P6;P7;P8;P9;P10;P11;P12
arima-mean;2210.050681087375;AC;glp;ARIMA_MEAN;;12;12;152.89375029286273;0.03992480231042288;66.66666666666667;3.436876321487404;3205.667364972909;3004.7019954294715;3168.711444610216;3058.2156794396074;3058.261209891466;3157.024343250611;3003.1790106242975;3099.6265128926934;3132.039167508359;3230.378770265467;2998.517264625858;3032.9523655040766
