DATA,MCPM,UF,PRODUCT,MODEL,PARAMS,WINDOW,HORIZON,RMSE,MAPE,POCID,PBE,P1,P2,P3,P4,P5,P6,P7,P8,P9,P10,P11,P12
normal_deseasonal_log_deseasonal-log,15817.552313901766,PB,glp,ARIMA_MEAN,"{'normal': ""{'p': 9, 'd': 1, 'q': 10}"", 'deseasonal': ""{'p': 3, 'd': 1, 'q': 6}"", 'log': ""{'p': 10, 'd': 1, 'q': 13}"", 'deseasonal-log': ""{'p': 7, 'd': 1, 'q': 12}""}",12,12,1094.3903528549185,0.04379966255595682,66.66666666666667,4.434485164253516,20715.237122507602,19782.64138261144,20665.12338272676,21062.883041147667,21395.606423080717,21711.0489062245,20892.48045304878,20627.902296342,19945.198983648326,20827.934195958787,19469.09893310668,18882.142300561514
