DATA,MCPM,UF,PRODUCT,MODEL,PARAMS,WINDOW,HORIZON,RMSE,MAPE,POCID,PBE,P1,P2,P3,P4,P5,P6,P7,P8,P9,P10,P11,P12
normal_deseasonal_log_deseasonal-log,24838.637707850015,MT,glp,ARIMA_MEAN,"{'normal': ""{'p': 8, 'd': 1, 'q': 10}"", 'deseasonal': ""{'p': 12, 'd': 0, 'q': 8}"", 'log': ""{'p': 9, 'd': 1, 'q': 11}"", 'deseasonal-log': ""{'p': 4, 'd': 0, 'q': 12}""}",12,12,859.9817000879286,0.032658913147327585,33.333333333333336,0.9960589648339168,20943.643347446796,19600.86555965974,20321.032924312603,19724.88887910002,20117.54892535488,20591.540759719468,18812.221521909705,19676.45386268744,19953.300287524664,19531.567156010246,19382.69518585642,19565.115763150054
