DATA;MCPM;UF;PRODUCT;MODEL;PARAMS;WINDOW;HORIZON;RMSE;MAPE;POCID;PBE;P1;P2;P3;P4;P5;P6;P7;P8;P9;P10;P11;P12
arima-mean;23909.23499811011;PI;glp;ARIMA_MEAN;;12;12;1322.8040554753895;0.07268562285014023;58.333333333333336;7.464472001645348;14270.550914270847;13936.921842543617;14294.526883876219;14084.414475422898;14085.312592003982;14456.064925063592;13754.641614857826;14121.243565239674;13797.381158769302;14042.393712889012;14022.367924561042;13456.55392576677
