DATA;MCPM;UF;PRODUCT;MODEL;PARAMS;WINDOW;HORIZON;RMSE;MAPE;POCID;PBE;MASE;P1;P2;P3;P4;P5;P6;P7;P8;P9;P10;P11;P12
normal;20356.95543346844;PI;glp;arima_noresid;{'p': 24, 'd': 3, 'q': 1};12;12;1717.102815614888;0.1045061706025579;72.72727272727273;10.507449074477117;1.432869547077171;15312.160771946208;13741.607873651883;14226.284399874736;13957.449946813516;14089.941676304166;14100.288858207849;12738.787531845373;12813.165748489548;12896.334115416248;13584.591853851627;13094.143210106071;12232.434094446442
log;6358.060260492224;PI;glp;arima_noresid;{'p': 15, 'd': 3, 'q': 5};12;12;805.6687918088579;0.042225767415283895;81.81818181818181;4.186628029975455;0.5923134749043282;15191.293499766685;13960.486412051554;14528.517326853995;14708.146006940637;14977.153873465675;15166.534424233303;13880.706920069239;14026.847407510742;14171.192692616296;14918.995018330803;14713.478296128662;14041.428630319982
deseasonal;7919.289167903406;PI;glp;arima_noresid;{'p': 18, 'd': 1, 'q': 24};12;12;1002.7141702214384;0.05646824052012856;81.81818181818181;5.754956549059553;0.7855448847615296;15069.428464923438;13762.637775199557;14389.583983758348;14516.689486534833;14839.515971325505;14865.515013094177;13586.459184341269;13752.257433025901;13854.796774032031;14661.394157160916;14388.602914949415;13745.105568725783
