DATA;MCPM;UF;PRODUCT;MODEL;PARAMS;WINDOW;HORIZON;RMSE;MAPE;POCID;PBE;MASE;P1;P2;P3;P4;P5;P6;P7;P8;P9;P10;P11;P12
normal;16828.567086482988;MA;glp;arima_noresid;{'p': 24, 'd': 1, 'q': 20};12;12;1067.8290661939104;0.03057717022723261;63.63636363636363;1.5853613647521865;0.6490710914536506;28267.837714678873;26806.637754543295;27298.826038304793;26855.911131357992;27284.73582144753;27455.05117559199;25889.023688738183;26120.79794253766;26687.85149139736;27558.644831612102;25981.197162605207;24407.582464812884
log;18797.280971037046;MA;glp;arima_noresid;{'p': 22, 'd': 2, 'q': 4};12;12;1192.626752207459;0.03434964196705571;63.63636363636363;2.8979771819970193;0.7328338096825319;28024.42919599798;26587.36913661508;26902.898117283148;26480.009171007634;26771.249172311043;26977.75930672732;25379.35966815451;25633.574856901196;26183.267989017004;27146.191111953485;25863.251643088057;24388.512877616708
deseasonal;19270.5538820651;MA;glp;arima_noresid;{'p': 7, 'd': 1, 'q': 8};12;12;1222.5996817123178;0.035956282633230884;63.63636363636363;3.046674113640702;0.7693470434199716;27377.600816994618;26745.161798744175;26667.309280388352;26228.22292160341;26791.824801737865;27089.646811275263;25522.37275428186;26005.54831988214;25983.521806924844;26960.362131107457;25952.25540255503;24529.622218213826
