DATA;UF;PRODUCT;MODEL;PARAMS;WINDOW;HORIZON;RMSE;MAPE;POCID;PBE;MASE;P1;P2;P3;P4;P5;P6;P7;P8;P9;P10;P11;P12
mean;PR;glp;knn_rf_deepar_svr_catboost_arima;{};12;12;3605.930326612617;0.037294959846814975;45.45454545454545;1.4500228931024672;0.6306939587441578;76099.97805852245;75536.87775565284;77766.17435785012;85716.60906735109;83644.05338167981;84949.6966340301;79654.93432614142;80042.0456133515;80104.02216758596;76312.30084867688;71804.32068960181;69821.99944146781
