DATA;UF;PRODUCT;MODEL;PARAMS;WINDOW;HORIZON;RMSE;MAPE;POCID;PBE;MASE;P1;P2;P3;P4;P5;P6;P7;P8;P9;P10;P11;P12
mean;DF;glp;knn_rf_deepar_svr_catboost_arima;{};12;12;561.0528454724471;0.031731802308416567;45.45454545454545;-0.7703412497587183;0.7502667062936041;14999.484299066513;14975.120159347567;14592.020492860547;15166.657224333632;15247.796054259918;15411.176423290795;14975.095865489824;14579.403680769849;14950.08428977971;15141.772636727748;14267.426276137105;14288.102924756004
