DATA;UF;PRODUCT;MODEL;PARAMS;WINDOW;HORIZON;RMSE;MAPE;POCID;PBE;MASE;P1;P2;P3;P4;P5;P6;P7;P8;P9;P10;P11;P12
mean;CE;glp;knn_rf_deepar_svr_catboost_arima;{};12;12;1427.4270559062325;0.02749487953402879;63.63636363636363;-1.4402319389166092;0.8183809373770449;42237.284230655554;41723.86465774838;43613.41492938293;43860.13708182574;44004.78941122795;45142.275620470675;43495.979454409266;43603.177697718595;42894.72825265206;42365.46052972451;43119.14159740159;41316.203144443534
