DATA;UF;PRODUCT;MODEL;PARAMS;WINDOW;HORIZON;RMSE;MAPE;POCID;PBE;MASE;P1;P2;P3;P4;P5;P6;P7;P8;P9;P10;P11;P12
normal;AC;oleodiesel;knn_rf_deepar_svr_catboost_arima;{};12;12;2728.4358017631052;0.17188681355635915;72.72727272727273;-12.332415829118911;2.536340190424265;11844.261894928015;12307.270494724757;12952.408608135673;13627.438047300257;15086.766821469932;16901.350360564506;18613.14289932062;18764.693841414934;17927.687283746007;16743.971570247973;13876.892905753033;12789.389352617312
deseasonal;AC;oleodiesel;knn_rf_deepar_svr_catboost_arima;{};12;12;1813.8163858119622;0.11973233515398297;63.63636363636363;-9.036229329963257;1.7358256194144592;13093.028896846317;12483.023538732801;13443.330089553667;14395.096685257053;15667.34152273344;16154.223535069721;17202.267840981083;17093.723349519125;14870.084830531665;14855.09433898651;14891.327209441484;11962.850471847909
log;AC;oleodiesel;knn_rf_deepar_svr_catboost_arima;{};12;12;2162.4876354414882;0.1489544137323263;63.63636363636363;-12.489317970650442;2.0911613998591467;13220.119638317145;13748.232207989015;14151.077789931162;14348.659370506044;15440.1508645473;15926.78617315568;15927.393630565766;16963.262386228325;16717.97608872346;15636.235037420356;15708.049609971713;13900.753973391687
