DATA;UF;PRODUCT;MODEL;PARAMS;WINDOW;HORIZON;RMSE;MAPE;POCID;PBE;MASE;P1;P2;P3;P4;P5;P6;P7;P8;P9;P10;P11;P12
normal;RR;oleodiesel;knn_rf_deepar_svr_catboost_arima;{};12;12;12258.761369194348;0.5330125673093601;45.45454545454545;28.068564442136857;1.9513028441551543;-1025.879789818151;4143.888833110581;11963.570761655701;21705.797414036235;23600.550206290583;27058.83698864632;30019.41583012677;17286.710085925177;18976.951920808617;15507.455510858736;2149.3717298255106;-1772.9932675735145
deseasonal;RR;oleodiesel;knn_rf_deepar_svr_catboost_arima;{};12;12;7407.6839667436925;0.3033470075877414;45.45454545454545;20.121642158394152;1.1256869798404852;11207.012378225412;8140.696900527768;9393.668184907772;14033.231532969048;18579.664152540376;25239.375374584044;27060.96656538656;23051.504087519028;20659.99301995583;15099.432330752097;8803.91020602942;7082.992554321507
log;RR;oleodiesel;knn_rf_deepar_svr_catboost_arima;{};12;12;8449.681553277407;0.3262555542320486;63.63636363636363;32.01615203405018;1.2021019042378172;3711.610586405186;5977.2162523120605;7603.541525188404;12287.875020334826;15605.37276227551;16567.112527744444;21918.898173225647;24349.71099586052;18262.39824995076;14900.742957997954;11621.955402148236;7498.865835957462
