DATA;UF;PRODUCT;MODEL;PARAMS;WINDOW;HORIZON;RMSE;MAPE;POCID;PBE;MASE;P1;P2;P3;P4;P5;P6;P7;P8;P9;P10;P11;P12
normal;PB;glp;knn_rf_deepar_svr_catboost_arima;{};12;12;1274.6825533989731;0.052405542242638076;45.45454545454545;1.4949490334379167;1.2657379869627061;19112.42802326583;20914.241226709804;20548.478266255748;20626.377081865292;21179.57888358583;21805.273358203976;23302.619158061592;21587.38185471785;20321.80729515898;22147.534378632652;21489.767143510042;20507.920287183544
deseasonal;PB;glp;knn_rf_deepar_svr_catboost_arima;{};12;12;1228.3399233429304;0.05210532062139545;72.72727272727273;2.901916700550085;1.264280462940333;19621.103920892605;18900.757691943738;19772.621281937823;20880.679510336016;21886.46791234068;21357.69009120598;22287.75987509743;21218.177883820324;20321.538934782675;23252.411527799584;20465.084281560285;19957.702023432546
log;PB;glp;knn_rf_deepar_svr_catboost_arima;{};12;12;1205.273971596196;0.041832856480506865;45.45454545454545;1.7910989623628688;1.019540250687889;19285.8219996884;19839.67981904007;21187.35580882362;19772.02336313778;21045.935868832596;21863.35454546269;22039.649253766474;21885.08762088564;21131.264719162667;22432.734918367336;21815.880236451838;20482.35472455359
