DATA;UF;PRODUCT;MODEL;PARAMS;WINDOW;HORIZON;RMSE;MAPE;POCID;PBE;MASE;P1;P2;P3;P4;P5;P6;P7;P8;P9;P10;P11;P12
normal;BA;glp;knn_rf_deepar_svr_catboost_arima;{};12;12;6022.2515920549695;0.06263616362493878;72.72727272727273;0.4508325758755051;1.244781655491896;63822.80232050801;64664.23455812282;76126.15305102564;77103.05576125339;75815.47938370988;82222.63907797007;74371.93615340423;69326.13575853872;74936.23867492947;76636.05579788306;69142.8505271645;61915.68858813
deseasonal;BA;glp;knn_rf_deepar_svr_catboost_arima;{};12;12;6795.750024244823;0.06652922304221204;63.63636363636363;0.36480263290679815;1.3258307505792546;61306.70746133108;64736.74577813381;77789.32070328246;82810.78472886785;77279.4312682585;79142.02200365285;74476.08726106148;67844.48200809682;76302.5375620523;74022.019377466;67906.6883736083;63214.90839502015
log;BA;glp;knn_rf_deepar_svr_catboost_arima;{};12;12;4938.289184690411;0.06046483622453933;54.54545454545455;-1.683637989229316;1.2016332709970614;69972.48412781849;70392.72171019534;74232.2136206704;73402.95023007471;79692.62403207515;82239.57362011331;76715.3627331254;76986.65276775978;71533.31679116788;76781.8274878423;71500.64911127067;61202.90554455854
