DATA;MCPM;UF;PRODUCT;MODEL;PARAMS;WINDOW;HORIZON;RMSE;MAPE;POCID;PBE;P1;P2;P3;P4;P5;P6;P7;P8;P9;P10;P11;P12
combination;8285.283256869756;AC;etanolhidratado;combination-median;ARIMA-SARIMA-VARMA;12;12;454.34320549199305;0.40941761558234063;58.333333333333336;44.695792355116296;440.1349832397453;448.4010889516789;455.3984108983726;477.5847134346055;506.12390155381127;528.5778518967514;541.9442020445392;533.8478192230209;517.4016226134864;544.6801643775615;479.6590929625855;443.4131086474191
