DATA;MCPM;UF;PRODUCT;MODEL;PARAMS;WINDOW;HORIZON;RMSE;MAPE;POCID;PBE;P1;P2;P3;P4;P5;P6;P7;P8;P9;P10;P11;P12
combination;146349.8436115489;ES;etanolhidratado;combination-median;ARIMA-SARIMA-VARMA;12;12;5757.770168816976;0.36288210910372504;41.666666666666664;51.87337321732595;3704.408207504207;3401.272208873346;3446.8231511407957;3447.632545061607;3755.31825476971;3629.506805198602;3473.131470006131;3694.412991380725;3492.983542184769;4020.549991902648;3832.5054073920296;3364.4197425904813
