DATA;MCPM;UF;PRODUCT;MODEL;PARAMS;WINDOW;HORIZON;RMSE;MAPE;POCID;PBE;P1;P2;P3;P4;P5;P6;P7;P8;P9;P10;P11;P12
combination;2694.621106379673;RR;etanolhidratado;combination-median;ARIMA-SARIMA-VARMA;12;12;123.2482619462521;0.3494856833575912;50.0;36.79569242426168;181.12624458318732;171.92954744458336;180.71440591601777;182.73926031946203;173.40727193508994;178.54322870193482;201.62333765175424;202.49711330952732;189.06148465049085;217.08161079498169;190.63094254422916;175.9988041552695
