DATA;MCPM;UF;PRODUCT;MODEL;PARAMS;WINDOW;HORIZON;RMSE;MAPE;POCID;PBE;P1;P2;P3;P4;P5;P6;P7;P8;P9;P10;P11;P12
combination;216583.02662837267;MT;etanolhidratado;combination-median;ARIMA-SARIMA-VARMA;12;12;14941.421247582584;0.1422193580704218;66.66666666666667;15.142310025710026;69882.76155419857;67998.88786265842;67997.14741211422;68321.95950543442;70178.74189177259;71171.69021644957;70705.82115708689;71339.11572062768;69758.45585205198;73311.87590175174;69150.43302169317;68327.03330079082
