DATA;MCPM;UF;PRODUCT;MODEL;PARAMS;WINDOW;HORIZON;RMSE;MAPE;POCID;PBE;P1;P2;P3;P4;P5;P6;P7;P8;P9;P10;P11;P12
combination;38971.91421527853;TO;etanolhidratado;combination-median;ARIMA-SARIMA-VARMA;12;12;1344.3674166853002;0.2673827732929881;33.333333333333336;31.869059311484087;1897.145316299811;1920.7813858504617;1907.722389829416;2107.5236331420483;2280.1914676820284;2175.00013985958;2129.06947686717;2112.726234556293;2195.000128511728;2378.0640002778973;2104.847529493666;1937.1085982386187
