DATA;MCPM;UF;PRODUCT;MODEL;PARAMS;WINDOW;HORIZON;RMSE;MAPE;POCID;PBE;P1;P2;P3;P4;P5;P6;P7;P8;P9;P10;P11;P12
combination;22935.566081569712;MA;etanolhidratado;combination-median;ARIMA-SARIMA-VARMA;12;12;1264.3155142384755;0.22022345769966414;58.333333333333336;20.98852397742275;3037.399651937325;2945.052794333804;2865.6605817113145;3019.661498172382;3248.222517116554;3268.288074468428;2957.755566625772;3332.691922802256;3093.7187703139107;3717.376082727868;3428.953783437347;2886.0297555017646
