DATA;MCPM;UF;PRODUCT;MODEL;PARAMS;WINDOW;HORIZON;RMSE;MAPE;POCID;PBE;P1;P2;P3;P4;P5;P6;P7;P8;P9;P10;P11;P12
combination;693573.0412018276;PR;etanolhidratado;combination-median;ARIMA-SARIMA-VARMA;12;12;27359.12837940905;0.21114911209857204;41.666666666666664;20.556631757464274;65631.78613326036;66575.77522705287;67884.3556539022;67586.0075151905;68291.5901545994;67536.35951688036;68763.16598524193;68530.49301483677;67318.12097039817;73382.57077720425;63850.124327426616;65288.98901489345
