DATA;MCPM;UF;PRODUCT;MODEL;PARAMS;WINDOW;HORIZON;RMSE;MAPE;POCID;PBE;P1;P2;P3;P4;P5;P6;P7;P8;P9;P10;P11;P12
arima-trend-seasonal;1.683134634898916e+16;PB;gasolinadeaviacao;HYBRID;{'p': 7, 'd': 0, 'q': 13};12;12;7.2660101313018135;1204683480339637.8;75.0;-25.08925806294761;10.080135565353347;3.206659643098541;21.701030568963077;11.770243915634357;3.2099216094207055;27.825292745912567;6.896637483035309;23.964942238704353;6.437479049270837;10.149528386873278;12.500092842260607;6.4721906796646955
