DATA;MCPM;UF;PRODUCT;MODEL;PARAMS;WINDOW;HORIZON;RMSE;MAPE;POCID;PBE;P1;P2;P3;P4;P5;P6;P7;P8;P9;P10;P11;P12
arima-trend-seasonal;751.7656744084206;ES;gasolinadeaviacao;HYBRID;{'p': 9, 'd': 1, 'q': 6};12;12;25.48098053314193;0.40583154906825986;33.333333333333336;42.93715887046942;17.579062123934413;18.44062268622338;26.823143971002914;31.52640627756721;17.407574524049235;22.199527712968333;11.555836736148173;41.308884049491;29.31944638383684;8.420320510918987;28.239979411092186;32.28911628917653
