dataset_index;horizon;regressor;mape;pocid;smape;rmse;msmape;mae;test;predictions;start_test;final_test
12;8;THETA_normal;0.07764152877574065;42.857142857142854;0.07455300846559058;15.7666851371577;0.07452730102608901;10.88913827375943;[146.952947845805, 158.914399092971, 155.201247165533, 145.195578231293, 115.221088435374, 175.014172335601, 152.33843537415, 153.245464852608];[148.77336543026965, 148.9650988058251, 149.15683218138054, 149.348565556936, 149.54029893249145, 149.73203230804688, 149.92376568360234, 150.11549905915777];1998-03-29;1998-05-17
12;8;THETA_normal;0.10055332945277602;71.42857142857143;0.09621305814440329;14.380149254463078;0.09617388493922703;11.89196015072414;[114.512471655329, 95.9750566893425, 132.922335600907, 133.191609977324, 133.475056689342, 132.823129251701, 141.439909297052, 143.579931972789];[126.56233193693893, 126.77615637889642, 126.9899808208539, 127.20380526281139, 127.41762970476888, 127.63145414672637, 127.84527858868385, 128.05910303064135];1998-02-01;1998-03-22
12;8;THETA_normal;0.12150422063680175;71.42857142857143;0.12541584379892923;23.733816705110907;0.12537249428355735;18.3282034615263;[121.686961212681, 163.732993197279, 192.474489795918, 142.786281179138, 123.171768707483, 123.58276643991, 127.18253968254, 136.635487528345];[137.91947781772356, 138.1727547836853, 138.426031749647, 138.6793087156087, 138.9325856815704, 139.1858626475321, 139.4391396134938, 139.6924165794555];1997-12-07;1998-01-25
12;8;THETA_normal;0.07150319749451645;57.142857142857146;0.0683799614910501;12.806818924263624;0.06835425892608918;9.133634153336171;[138.109410430839, 111.337868480726, 136.111111111111, 155.93820861678, 135.005668934241, 123.072562358277, 139.640022675737, 146.24433106576];[137.2048501434159, 137.53877231293382, 137.87269448245175, 138.20661665196965, 138.5405388214876, 138.8744609910055, 139.2083831605234, 139.54230533004133];1997-10-12;1997-11-30
13;8;THETA_normal;0.08727092051932062;57.142857142857146;0.0804496461089991;14.779969232573134;0.08042025023426366;11.032677886853486;[132.18537414966, 137.854308390023, 143.353174603175, 144.52947845805, 111.904761904762, 152.678571428571, 140.079365079365, 136.536281179138];[146.78884291412282, 146.86065057777245, 146.93245824142204, 147.00426590507166, 147.07607356872126, 147.14788123237088, 147.21968889602047, 147.29149655967007];1998-03-29;1998-05-17
13;8;THETA_normal;0.05239437767560908;71.42857142857143;0.05462395015817938;8.391763700872845;0.05460135418752321;6.602651159658434;[122.732426303855, 116.893424036281, 123.313492063492, 114.285714285714, 114.980158730159, 123.228458049887, 125.581065759637, 132.780612244898];[115.52615648223087, 115.55028292765844, 115.57440937308601, 115.5985358185136, 115.62266226394117, 115.64678870936875, 115.67091515479632, 115.6950416002239];1998-02-01;1998-03-22
13;8;THETA_normal;0.17617969229393443;71.42857142857143;0.1645522906774909;22.826939220056058;0.16448707053974798;20.90186143295156;[129.6910430839, 149.121315192744, 163.803854875283, 118.721655328798, 99.985827664399, 105.541383219955, 110.530045351474, 115.391156462585];[133.3269367527378, 133.3652588207262, 133.40358088871463, 133.44190295670305, 133.4802250246915, 133.5185470926799, 133.55686916066833, 133.59519122865674];1997-12-07;1998-01-25
13;8;THETA_normal;0.12046782639202375;0.0;0.12802689672651074;17.464603196608007;0.12797193337000537;14.962343918871603;[112.145691609977, 102.82029478458, 132.18537414966, 130.952380952381, 96.2159863945579, 115.447845804989, 123.795351473923, 138.959750566893];[108.68784050692807, 108.68784050692807, 108.68784050692807, 108.68784050692807, 108.68784050692807, 108.68784050692807, 108.68784050692807, 108.68784050692807];1997-10-12;1997-11-30
14;8;THETA_normal;0.10705550386573251;57.142857142857146;0.1143067245857842;16.728876735547274;0.11426356914105495;15.14101196132546;[130.739795918367, 144.359410430839, 146.159297052154, 135.274943310658, 120.521541950113, 147.689909297052, 137.145691609977, 140.405328798186];[123.33655468017218, 123.34182514946433, 123.34709561875647, 123.35236632616504, 123.35763679545718, 123.36290738380754, 123.3681779721579, 123.37344844145002];1998-03-29;1998-05-17
14;8;THETA_normal;0.10608803076523249;57.142857142857146;0.10916858221765165;15.424727554470016;0.10912516054073934;13.775928992261948;[143.650793650794, 102.069160997732, 131.802721088435, 131.108276643991, 146.938775510204, 127.593537414966, 128.727324263038, 131.306689342404];[121.44389733404151, 121.45113351758047, 121.45836971606332, 121.46560591454615, 121.47284209808511, 121.48007828909601, 121.48731448010692, 121.49455066364588];1998-02-01;1998-03-22
14;8;THETA_normal;0.11503694031709552;57.142857142857146;0.1244841755149326;23.212855127281426;0.1244382132876654;16.990553506849288;[148.497732426304, 140.787981859411, 178.259637188209, 128.047052154195, 109.835600907029, 117.417800453515, 128.004535147392, 133.007369614512];[123.27916526290663, 123.31014712250433, 123.34112898210205, 123.37211061739346, 123.40309270129748, 123.43407433658889, 123.4650561961866, 123.496037831478];1997-12-07;1998-01-25
14;8;THETA_normal;0.09284313464275756;71.42857142857143;0.09875910788248024;15.352982805706253;0.09872102521772318;12.821484072614465;[137.528344671202, 115.235260770975, 125.821995464853, 143.197278911565, 126.729024943311, 129.166666666667, 131.774376417234, 150.694444444445];[121.08517271039828, 121.10801728795968, 121.13086208770571, 121.15370688745173, 121.17655146501315, 121.19939604257455, 121.22224084232057, 121.24508541988199];1997-10-12;1997-11-30
30;8;THETA_normal;0.05887134963326203;0.0;0.05695399052372883;9.40972770402482;0.05693032993404486;6.875335574546616;[126.048752834467, 132.312925170068, 127.054988662131, 123.937074829932, 101.969954648526, 134.07029478458, 118.835034013605, 127.465986394558];[123.77058735430802, 123.77058735430802, 123.77058735430802, 123.77058735430802, 123.77058735430802, 123.77058735430802, 123.77058735430802, 123.77058735430802];1998-03-29;1998-05-17
30;8;THETA_normal;0.06128705856754689;57.142857142857146;0.061022575930597484;9.344705827715288;0.06099651467727508;7.166027996020421;[121.612811791383, 124.06462585034, 119.926303854875, 99.6773240244721, 133.956916099773, 118.891723356009, 115.164399092971, 122.307256235828];[117.28523450932036, 117.23010980885844, 117.17498510839653, 117.11985947787386, 117.06473477741194, 117.00961007695003, 116.95448537648811, 116.89936067602619];1998-02-01;1998-03-22
30;8;THETA_normal;0.09643948053095966;0.0;0.09131866956617392;12.024619592389488;0.09128007280665824;10.810847412206641;[119.231859410431, 118.409863945578, 132.893990929705, 110.615079365079, 110.430839002268, 103.401360544218, 111.224489795918, 119.359410430839];[124.37761514371319, 124.37761514371319, 124.37761514371319, 124.37761514371319, 124.37761514371319, 124.37761514371319, 124.37761514371319, 124.37761514371319];1997-12-07;1998-01-25
6;8;THETA_normal;0.08663860401838924;57.142857142857146;0.09135550682515158;17.042389682259223;0.09132449918024146;13.49068083927204;[164.356575963719, 172.548185941043, 142.531179138322, 151.034580498866, 126.176303854875, 151.87074829932, 141.624149659864, 143.877551020408];[138.58999691252188, 138.70005899023175, 138.8101210679416, 138.92018263284515, 139.03024471055502, 139.14030627545858, 139.25036835316843, 139.3604304308783];1998-03-29;1998-05-17
30;8;THETA_normal;0.06262189629389753;0.0;0.06315063050376037;8.943235319400602;0.06312579801758728;8.039017169451698;[136.267006802721, 113.407029478458, 136.72052154195, 137.740929705216, 131.831065759637, 130.442176870748, 118.168934240363, 125.453514739229];[125.8300424333042, 125.8300424333042, 125.8300424333042, 125.8300424333042, 125.8300424333042, 125.8300424333042, 125.8300424333042, 125.8300424333042];1997-10-12;1997-11-30
6;8;THETA_normal;0.07860358757774624;57.142857142857146;0.08406522890704476;15.524503987530803;0.0840351217499873;11.749200338879373;[135.374149659864, 129.464285714286, 138.506235827664, 148.412698412698, 146.400226757369, 132.270408163265, 137.443310657596, 163.236961451247];[129.50427109268955, 129.54890474298406, 129.59353839327858, 129.6381721736465, 129.68280595401444, 129.72743960430896, 129.77207312453007, 129.81670690489798];1998-02-01;1998-03-22
31;8;THETA_normal;0.205736960730394;57.142857142857146;0.17992540733839996;27.816585315513606;0.17985865492652403;24.290093999659476;[150.340136054422, 122.19387755102, 120.549886621315, 121.159297052154, 100.977891156463, 129.549319727891, 133.659297052154, 136.848072562358];[151.03329110236356, 151.08086970794014, 151.1284483135167, 151.17602691909332, 151.2236055246699, 151.27118413024647, 151.31876273582307, 151.36634134139965];1998-03-29;1998-05-17
6;8;THETA_normal;0.23019586318455845;42.857142857142854;0.22230937705849085;34.57896883985303;0.22222543411454365;30.158414727927347;[159.481292517007, 163.407029478458, 198.767006802721, 149.135487528345, 115.94387755102, 111.507936507937, 118.551587301587, 84.3679138321995];[133.20804733852748, 133.2610359930269, 133.3140244247314, 133.36701307923082, 133.4200015109353, 133.4729901654347, 133.52597859713921, 133.57896725163863];1997-12-07;1998-01-25
31;8;THETA_normal;0.10452759126194715;42.857142857142854;0.09752092479983959;17.215842201166236;0.09748500319414381;13.31028657797703;[146.003401360544, 126.374716553288, 106.788548752835, 130.78231292517, 154.931972789116, 144.770408163265, 138.066893424036, 162.840136054422];[143.84275599978122, 143.85554431467844, 143.8683329610208, 143.8811214416406, 143.8939099222604, 143.90669840288018, 143.91948688349999, 143.93227536411976];1998-02-01;1998-03-22
6;8;THETA_normal;0.0891945953203929;57.142857142857146;0.08454419091682462;13.491455055205716;0.08451223240161937;11.216904322423952;[128.401360544218, 109.013605442177, 134.736394557823, 150.255102040816, 130.725623582767, 125.269274376417, 143.934240362812, 148.030045351474];[138.16697707329712, 138.33493950343214, 138.50290193356716, 138.67086436370218, 138.83882589219976, 139.00678832233478, 139.1747507524698, 139.3427122809674];1997-10-12;1997-11-30
31;8;THETA_normal;0.13910681411239129;42.857142857142854;0.13166677200759058;22.574131523825923;0.13162169100669296;19.350188731897255;[151.629818594104, 144.367521688668, 188.690476190476, 139.625850340136, 133.304988662131, 117.531179138322, 127.763605442177, 136.451247165533];[152.49477877622272, 152.57046916651552, 152.6461595568083, 152.72184994710108, 152.79754100524633, 152.8732313955391, 152.94892178583189, 153.0246121761247];1997-12-07;1998-01-25
7;8;THETA_normal;0.22320157056418402;71.42857142857143;0.1888672814329072;30.052569067138833;0.18879494602179808;24.743765028851577;[130.286281179138, 147.448979591837, 124.730725623583, 116.326530612245, 90.3769841269841, 152.097505668934, 123.086734693878, 120.379818594104];[149.79795158458987, 149.78133823157535, 149.76472487856086, 149.7481114972746, 149.7314981159884, 149.71488476297387, 149.69827140995937, 149.68165802867313];1998-03-29;1998-05-17
31;8;THETA_normal;0.16038300557490343;57.142857142857146;0.13594725026618917;25.948852077326475;0.1358979604700548;18.87123522057623;[141.128117913832, 95.7199546485261, 149.291383219954, 130.116213151927, 155.62641723356, 139.725056689342, 144.869614512472, 162.769274376417];[157.17804870977992, 157.2929823634523, 157.40791601712468, 157.52285034465365, 157.63778399832603, 157.7527176519984, 157.8676513056708, 157.98258563319976];1997-10-12;1997-11-30
7;8;THETA_normal;0.2379648240847333;28.571428571428573;0.20358126154791967;29.31007303157159;0.2035001461627154;25.635233558768654;[89.4982993197279, 117.984693877551, 151.289682539683, 102.66439909297, 113.911172482319, 132.695578231293, 121.683673469388, 124.291383219955];[143.00025942328728, 142.93858548716602, 142.87691155104477, 142.81523761492355, 142.7535636788023, 142.69189063039514, 142.63021669427388, 142.56854364586673];1998-02-01;1998-03-22
32;8;THETA_normal;0.15034840133507615;57.142857142857146;0.16074229026089842;28.632201902722947;0.16068837389833077;24.145959045848528;[135.756802721088, 161.848072562358, 158.149092970522, 190.079365079365, 112.641723356009, 150.637755102041, 180.00283446712, 151.587301587302];[137.24944123449737, 137.3385572869371, 137.4266889572558, 137.51386029608346, 137.60009467656747, 137.6854147943727, 137.76984165145765, 137.85339624978093];1998-03-29;1998-05-17
7;8;THETA_normal;0.30245665445736253;71.42857142857143;0.23985434950523513;37.691690799177444;0.23976006850420206;30.993250005564438;[145.46485260771, 175.481859410431, 169.401927437642, 131.760204081633, 122.250566893424, 74.2913832199546, 128.628117913832, 96.0175736961451];[150.43977205981497, 150.42685503762058, 150.4139380154262, 150.4010209932318, 150.38810354266897, 150.37518652047459, 150.3622694982802, 150.3493520477174];1997-12-07;1998-01-25
32;8;THETA_normal;0.0600251570241822;57.142857142857146;0.0579271668317752;10.020285722152199;0.05790573480601007;7.839470802764742;[139.469954648526, 119.628684807256, 136.238662131519, 131.09410430839, 146.301020408163, 126.190476190476, 139.229024943311, 150.255102040816];[139.19612685213508, 139.30959975535433, 139.42194086576333, 139.53317503100877, 139.64332569886997, 139.7524166670931, 139.8604703335569, 139.96750839620643];1998-02-01;1998-03-22
7;8;THETA_normal;0.19232996603785096;42.857142857142854;0.16862433785812977;28.347986002922255;0.16856469791342193;23.872084048909898;[142.134353741497, 115.830498866213, 157.723922902494, 142.800453514739, 124.036281179138, 114.328231292517, 127.862811791383, 165.433673469388];[158.2981457118509, 158.33176560318498, 158.36538538653699, 158.39900516988902, 158.43262516920515, 158.46624495255716, 158.49986473590917, 158.5334845192612];1997-10-12;1997-11-30
32;8;THETA_normal;0.19377569149275192;57.142857142857146;0.2073308454987584;36.985179299359196;0.20726041834111975;31.004763721040586;[150.212585034014, 178.500566893424, 210.884353741497, 153.543083900227, 116.865079365079, 106.451700441706, 125.141723356009, 172.023809523809];[134.43209719552647, 134.53397955623365, 134.6346438301529, 134.73412145805543, 134.83244274625176, 134.9296371907231, 135.02573266679252, 135.1207567256513];1997-12-07;1998-01-25
8;8;THETA_normal;0.1086340441927924;71.42857142857143;0.10384765454718194;7.312153072251149;0.10375543509131219;5.881976303943466;[66.5249433106576, 60.5017006802721, 48.6536281179138, 44.8696145124717, 60.7709750566893, 66.780045351474, 59.9631519274376, 59.2120181405896];[58.349582320735756, 58.3371074386382, 58.324632556540635, 58.31215767444308, 58.29968279234552, 58.287207910247965, 58.27473302815041, 58.26225814605285];1998-03-29;1998-05-17
32;8;THETA_normal;0.14786005430721133;57.142857142857146;0.12925857171161415;21.510538976871654;0.1292065057775956;16.090626665752065;[116.992630385487, 93.5799319727892, 137.542517006803, 142.857142857143, 121.40022675737, 112.684240362812, 129.053287981859, 140.830498866213];[138.78512284456116, 138.93029684293586, 139.0740176052516, 139.21631413032316, 139.35721739415723, 139.4967544183767, 139.6349548608603, 139.77184376603896];1997-10-12;1997-11-30
8;8;THETA_normal;0.18099215417591535;42.857142857142854;0.20579532140820894;13.898217450672906;0.20561775746376204;11.948380045074014;[72.1655328798186, 68.8492063492064, 63.6763038548753, 66.6524943310658, 58.9427437641724, 65.7454648526076, 61.1819727891157, 62.96768707483];[48.52498307414148, 61.32788650573533, 59.658774327056555, 46.73838628957982, 47.60710617486505, 49.26222743884127, 50.56631332757524, 60.90868839730492];1998-02-01;1998-03-22
33;8;THETA_normal;0.13553723197153547;28.571428571428573;0.15007430120371895;45.104138186097956;0.15004365228863786;36.80825313153075;[277.210884353742, 272.293083900227, 231.09410430839, 260.204081632653, 225.212585034014, 300.212585034014, 251.672335600907, 214.668367346939];[218.02163101934684, 218.06702282527294, 218.11241364762793, 218.15780545355403, 218.20319725948013, 218.24858808183515, 218.29397988776122, 218.33937071011624];1998-03-29;1998-05-17
8;8;THETA_normal;0.2924646761412965;0.0;0.28133702359579793;17.893366600321624;0.2810633610531633;15.052791950113349;[75.0141723356009, 82.4546485260771, 62.8117913832199, 31.8310657596372, 32.1570294784581, 49.0079365079365, 49.4897959183674, 62.6275510204081];[51.11051945011502, 51.11051945011502, 51.11051945011502, 51.11051945011502, 51.11051945011502, 51.11051945011502, 51.11051945011502, 51.11051945011502];1997-12-07;1998-01-25
33;8;THETA_normal;0.18980110597186783;0.0;0.20978734436428687;48.50199212414425;0.20974186059543587;48.37302931532525;[253.28798185941, 249.050453514739, 260.034013605442, 256.292517006803, 258.503401360544, 250.77947845805, 253.018707482993, 256.25];[206.27903984567237, 206.27903984567237, 206.27903984567237, 206.27903984567237, 206.27903984567237, 206.27903984567237, 206.27903984567237, 206.27903984567237];1998-02-01;1998-03-22
8;8;THETA_normal;0.07716723290302163;0.0;0.07579044219308136;6.673678320332444;0.07574271545557883;6.026785714285701;[88.3928571428571, 76.9557823129252, 80.8106575963719, 86.125283446712, 71.7687074829932, 87.1598639455783, 70.734126984127, 74.8157596371883];[80.59409424365327, 80.59409424365327, 80.59409424365327, 80.59409424365327, 80.59409424365327, 80.59409424365327, 80.59409424365327, 80.59409424365327];1997-10-12;1997-11-30
33;8;THETA_normal;0.16566648245314713;0.0;0.1834102667521394;55.97346807046853;0.18337072427271017;43.08237625065851;[251.998299319728, 263.265306122449, 331.136621315193, 171.357709750567, 208.333333333333, 215.802154195011, 229.861111111111, 243.863378684807];[204.7072473876328, 204.7072473876328, 204.7072473876328, 204.7072473876328, 204.7072473876328, 204.7072473876328, 204.7072473876328, 204.7072473876328];1997-12-07;1998-01-25
36;8;THETA_normal;0.24066076904829567;0.0;0.2624185224690148;38.58226169215346;0.2622787217328423;26.127109489496796;[101.530612244898, 79.6626984126986, 53.0045351473923, 69.0617913832199, 85.3883219954649, 126.417233560091, 172.831632653061, 86.4654195011338];[80.94365954768176, 80.94365954768176, 80.94365954768176, 80.94365954768176, 80.94365954768176, 80.94365954768176, 80.94365954768176, 80.94365954768176];1998-03-29;1998-05-17
33;8;THETA_normal;0.14161895851544037;57.142857142857146;0.14323612411351783;34.441668826312544;0.1432020457665839;30.38222175660444;[219.827097505669, 200.453514739229, 224.036281179138, 239.99433106576, 238.024376417234, 153.925736961451, 237.089002267574, 260.303287981859];[205.33170136926776, 205.3636108291206, 205.3955195175987, 205.42742897745154, 205.4593376659296, 205.49124635440768, 205.52315581426052, 205.55506450273862];1997-10-12;1997-11-30
36;8;THETA_normal;0.05513840524844861;0.0;0.056838417645748235;6.913000522650775;0.05680906809844221;5.506781152451355;[102.735260770975, 100.481859410431, 94.1893424036282, 86.9331065759637, 105.130385487528, 102.480158730159, 93.7925170068027, 93.0555555555555];[93.69165311459847, 93.69165311459847, 93.69165311459847, 93.69165311459847, 93.69165311459847, 93.69165311459847, 93.69165311459847, 93.69165311459847];1998-02-01;1998-03-22
34;8;THETA_normal;0.09831493627095667;57.142857142857146;0.08986925383473048;15.422167168566007;0.08983269983062223;11.097808931989343;[132.65306122449, 146.442743764172, 115.674603174603, 127.012471655329, 96.7970521541951, 130.130385487528, 125.793650793651, 125.850340136054];[132.65050901631562, 132.66379883637444, 132.67704831361738, 132.69025543090362, 132.7034181710924, 132.7165340687894, 132.72960200336087, 132.74261973353924];1998-03-29;1998-05-17
36;8;THETA_normal;0.545126350055438;57.142857142857146;0.3551494184736299;38.49435262733584;0.3549365299736319;30.108700226952898;[118.962585034014, 125.0, 107.001133786848, 53.7273242630385, 38.1802721088436, 64.5266439909298, 75.0425170068027, 103.883219954649];[109.40409935272496, 109.46762725511091, 109.53115515749687, 109.59468305988283, 109.6582117988998, 109.72174053791677, 109.78526760367171, 109.84879634268869];1997-12-07;1998-01-25
34;8;THETA_normal;0.08515946053816498;71.42857142857143;0.08049380942885184;11.410256510022137;0.08046094985439081;9.857635820886891;[113.081065759637, 115.77380952381, 118.225623582767, 111.034188355335, 125.907029478458, 129.109977324263, 119.444444444444, 121.414399092971];[129.0840818625934, 129.09084685741163, 129.09741648359952, 129.10379797492268, 129.10999833731157, 129.11602406406763, 129.12188159153348, 129.12757695734024];1998-02-01;1998-03-22
36;8;THETA_normal;0.30154757539294164;42.857142857142854;0.2567676243917836;34.97905413324332;0.25666817490751925;33.18768363406474;[120.833333333333, 119.614512471655, 111.777210884354, 97.7831514860898, 107.18537414966, 126.757369614512, 102.536848072562, 131.207482993197];[147.73282994072898, 147.78047681758787, 147.82812369444676, 147.87577057130565, 147.92341744816454, 147.97106432502343, 148.01871120188233, 148.06635807874122];1997-10-12;1997-11-30
34;8;THETA_normal;0.1515670156486712;57.142857142857146;0.15295492102829109;24.427175184324447;0.15289727536333136;20.544376479939537;[144.614512471655, 144.189342403628, 184.552154195011, 117.885487528345, 108.319160997733, 110.700113378685, 115.235260770975, 116.935941043084];[129.94901743102446, 129.95742020805073, 129.96567033220592, 129.97377240051307, 129.9817309043167, 129.9895500971841, 129.99723412700396, 130.0047869303076];1997-12-07;1998-01-25
37;8;THETA_normal;0.050443698428344924;42.857142857142854;0.0520397959202458;15.057730104160909;0.052026917540255124;10.536284637243227;[187.825963718821, 196.825396825397, 191.850907029478, 181.164965986395, 196.626984126984, 229.804421768707, 213.888888888889, 198.993764172336];[194.869994306993, 194.94209211155925, 195.01354017802123, 195.08434969589854, 195.15453260067872, 195.22410082784938, 195.29306482096212, 195.36143576953648];1998-03-29;1998-05-17
34;8;THETA_normal;0.07909586122880125;42.857142857142854;0.07454267651666069;12.000960384499658;0.07451262060105139;9.259935942011316;[118.962585034014, 105.456349206349, 123.313492063492, 141.241496598639, 129.832766439909, 131.533446712018, 127.395124716553, 116.935941043084];[130.76767622877307, 130.7790109268744, 130.7901385308409, 130.80106543180378, 130.81179764494536, 130.822341185448, 130.8327016388382, 130.8428843758144];1997-10-12;1997-11-30
37;8;THETA_normal;0.06103147636680613;57.142857142857146;0.06319314510184744;15.35851984712872;0.06317699095528324;12.374774353923573;[202.395124716553, 180.768140589569, 185.16156462585, 177.664399092971, 216.113945578231, 190.915532879818, 195.833333333333, 214.52664399093];[188.12489791438364, 188.1872503064126, 188.24839807473916, 188.30838192664848, 188.36724069301826, 188.42501162113393, 188.4817303507853, 188.53743108756555];1998-02-01;1998-03-22
35;8;THETA_normal;0.1066117789434061;42.857142857142854;0.0975533152346519;9.666554083204735;0.09748786916831254;7.296115461206173;[76.7290249433107, 76.4314058956917, 60.2182539682539, 84.8781179138321, 64.7675736961452, 85.8843537414967, 81.9727891156462, 83.7868480725625];[80.44401032921151, 80.44450509320426, 80.44499985719702, 80.44549462118978, 80.44598938518254, 80.4464841491753, 80.44697891316805, 80.44747363174879];1998-03-29;1998-05-17
37;8;THETA_normal;0.18693434688655994;71.42857142857143;0.19648627803793534;50.432894574232556;0.19643790514895196;40.70297212230827;[240.802154195011, 223.143424036281, 303.458049886621, 153.032879818594, 160.133219954649, 163.236961451247, 177.593537414966, 211.649659863946];[189.15241903850387, 189.2249486751397, 189.2963809930309, 189.36674928401803, 189.43608503595027, 189.50441908067995, 189.57178044606806, 189.63819750397872];1997-12-07;1998-01-25
35;8;THETA_normal;0.09789304490505985;28.571428571428573;0.10158777428358179;8.617468093386035;0.1015199398058906;7.624369171285496;[67.6729024943311, 75.5243764172336, 86.4937641723356, 77.891156462585, 83.2199546485259, 63.9314058956916, 69.2743764172336, 82.327097505669];[71.79806267385216, 71.79582695403624, 71.79359123422034, 71.79135551440443, 71.78911979458852, 71.78688407477262, 71.7846483549567, 71.78241263514079];1998-02-01;1998-03-22
37;8;THETA_normal;0.12198778208383715;42.857142857142854;0.12326755625074931;27.76109409370928;0.1232357629994906;24.05956795183718;[193.778344671202, 160.147392290249, 234.778911564626, 209.112811791383, 201.133786848073, 158.786848072562, 203.202947845805, 231.164965986395];[190.0642172120757, 190.1610399293602, 190.25656288177424, 190.3508222964047, 190.44385282524752, 190.5356878602263, 190.62635921817366, 190.71589808588618];1997-10-12;1997-11-30
35;8;THETA_normal;0.24754026969864257;42.857142857142854;0.2212257023120623;19.711611025490882;0.2210816142808013;17.351657313934453;[97.2930839002267, 107.667233560091, 101.856575963719, 81.3350340136054, 46.8253968253969, 66.8509070294785, 69.3027210884354, 69.2460317460318];[82.7144499640993, 82.72024791861736, 82.72604604569361, 82.73184400021167, 82.73764195472974, 82.7434399092478, 82.74923786376587, 82.7550359908421];1997-12-07;1998-01-25
35;8;THETA_normal;0.17615354717660026;57.142857142857146;0.15417723643562453;15.897726041791135;0.15408538316726678;12.964993567785502;[84.8497732426303, 63.6054421768707, 86.3378684807257, 91.5958049886622, 78.3871882086168, 72.4773242630385, 78.7131519274377, 95.5357142857143];[93.99565832401491, 94.00828958119078, 94.02092083836665, 94.03355209554252, 94.04618335271839, 94.05881460989426, 94.07144586707012, 94.084077124246];1997-10-12;1997-11-30
38;8;THETA_normal;0.10657897649245834;71.42857142857143;0.11175302593034808;15.67364358621514;0.11171094472925942;14.856311113185685;[131.87358276644, 137.074829931973, 145.946712018141, 147.789115646259, 114.044784580499, 141.184807256236, 145.890022675737, 139.498299319728];[125.8802300799654, 125.93635228963129, 125.99148199909895, 126.04565166508795, 126.0988923968066, 126.15123405576777, 126.202705189245, 126.25333324653978];1998-03-29;1998-05-17
39;8;THETA_normal;0.12931268638974577;57.142857142857146;0.1341977850497849;19.467577673206804;0.13414446553284415;16.992636059748957;[129.336734693878, 136.366213151927, 121.598639455782, 96.938775510204, 129.237528344671, 153.032879818594, 138.577097505669, 145.734126984127];[119.97906883226162, 120.03125082576999, 120.08304375818282, 120.13445423693132, 120.18548653741215, 120.2361472670565, 120.286440701261, 120.33637228143961];1998-03-29;1998-05-17
38;8;THETA_normal;0.147636161668304;28.571428571428573;0.14396942770766255;21.044698227628103;0.14391081411347945;17.911723127693165;[142.729591836735, 135.643424036281, 133.843537414966, 118.466553287982, 157.823129251701, 135.345804988662, 86.0260770975055, 137.5];[123.63720333703526, 123.69475021040246, 123.75097111470888, 123.80591490697617, 123.85962781750439, 123.91215450056066, 123.96353737769871, 124.01381742577541];1998-02-01;1998-03-22
39;8;THETA_normal;0.05057377058165689;71.42857142857143;0.05253713940071989;7.7364643392789025;0.05251523880249424;6.300615452706486;[127.196712018141, 114.753401360544, 117.644557823129, 121.839569160998, 122.831632653061, 117.134353741496, 120.833333333333, 129.06746031746];[115.05461616282338, 115.09701468086269, 115.13865504512282, 115.17956224530808, 115.21976027551709, 115.25927198490183, 115.29811942612966, 115.33632360648194];1998-02-01;1998-03-22
38;8;THETA_normal;0.10533666898240066;57.142857142857146;0.11113471549281073;20.091564753273545;0.11109292532490675;14.888555310662197;[142.474489795918, 143.891723356009, 170.960884353742, 126.700680272109, 110.260770975057, 116.142290249433, 124.475623582766, 115.15022675737];[124.49742129999376, 124.57102150191825, 124.64313086698614, 124.71380338171222, 124.78309040806981, 124.851041103012, 124.91770243063172, 124.98311938104244];1997-12-07;1998-01-25
39;8;THETA_normal;0.11887473435037019;57.142857142857146;0.12810721182515197;23.31770408076981;0.128056875209702;16.482833612517982;[132.057823129252, 140.532879818594, 172.321428571429, 117.842970521542, 106.221655328798, 103.231292517007, 109.112811791383, 113.12358276644];[116.01611176693694, 116.06779210614461, 116.11882424385664, 116.16922506494883, 116.21901180976806, 116.26820029677695, 116.31680616670256, 116.36484417159427];1997-12-07;1998-01-25
38;8;THETA_normal;0.11813484334681752;42.857142857142854;0.10859581333681563;16.905484326575472;0.10855422612350096;14.19135275002551;[117.120181405896, 110.856009070295, 129.435941043084, 136.72052154195, 133.843537414966, 132.638888888889, 117.587868480726, 137.698412698413];[139.82357909024051, 140.21084876503568, 140.59811843983084, 140.985388114626, 141.37265778942117, 141.75992746421636, 142.14719713901152, 142.534465742041];1997-10-12;1997-11-30
39;8;THETA_normal;0.07337643104084583;57.142857142857146;0.07355154507799225;9.421530570789903;0.07351990464680966;8.565658012199112;[110.501700680272, 99.9574829931973, 126.289682539683, 121.967120181406, 128.103741496599, 111.989795918367, 120.861678004535, 125.566893424036];[115.43339042514326, 115.49451500351525, 115.55477486000574, 115.61419535355509, 115.67280130355176, 115.73061591072842, 115.78766165641518, 115.84396012268897];1997-10-12;1997-11-30
42;8;THETA_normal;0.11360543389381565;0.0;0.10476538482636935;21.783734140222524;0.10472941919423895;15.456703514739495;[148.256802721088, 157.8089569161, 173.313492063492, 151.332199546485, 104.861111111111, 182.057823129252, 166.836734693878, 151.913265306122];[154.5954998183758, 154.5954998183758, 154.5954998183758, 154.5954998183758, 154.5954998183758, 154.5954998183758, 154.5954998183758, 154.5954998183758];1998-03-29;1998-05-17
40;8;THETA_normal;0.1088002660056952;57.142857142857146;0.10958857533196412;15.86480401672691;0.10954785788372234;14.80219795137281;[148.100907029478, 158.90022675737, 126.615646258503, 114.710884353742, 120.252267573696, 151.062925170068, 120.535714285714, 142.361111111111];[132.83030680089917, 132.88377002611034, 132.93723325132154, 132.99069647653272, 133.04415970174392, 133.09762336276702, 133.1510865879782, 133.2045498131894];1998-03-29;1998-05-17
42;8;THETA_normal;0.057029275928213705;0.0;0.056241379499633704;9.643004318601298;0.05622233401723087;8.313846371881876;[155.342970521542, 152.225056689342, 160.912698412698, 148.384353741497, 143.494897959184, 133.27664399093, 136.522108843537, 159.708049886621];[149.40911045426736, 149.40911045426736, 149.40911045426736, 149.40911045426736, 149.40911045426736, 149.40911045426736, 149.40911045426736, 149.40911045426736];1998-02-01;1998-03-22
40;8;THETA_normal;0.1223718045099072;0.0;0.12978262582982764;19.448825603837893;0.12973390916480912;17.335565447983793;[127.876984126984, 109.665532879819, 141.695011337868, 146.683673469388, 133.956916099773, 138.081065759637, 150.680272108844, 157.482993197279];[124.68447660601394, 124.68447660601394, 124.68447660601394, 124.68447660601394, 124.68447660601394, 124.68447660601394, 124.68447660601394, 124.68447660601394];1998-02-01;1998-03-22
42;8;THETA_normal;0.1296918621733671;0.0;0.12543949335148824;21.564112540036078;0.12539777349507675;18.969797004928804;[157.553854875283, 161.550453514739, 192.81462585034, 135.770975056689, 138.43537414966, 132.865646258503, 127.891156462585, 133.90022675737];[154.3514102419377, 154.3514102419377, 154.3514102419377, 154.3514102419377, 154.3514102419377, 154.3514102419377, 154.3514102419377, 154.3514102419377];1997-12-07;1998-01-25
40;8;THETA_normal;0.1314127829765256;57.142857142857146;0.1329383850745884;19.567709604116985;0.13288693279110447;17.297981220415686;[139.625850340136, 139.710884353742, 156.916099773243, 155.924036281179, 112.03231292517, 119.21768707483, 101.261337868481, 131.760204081633];[126.54683609829334, 126.5727285467332, 126.59862109675352, 126.62451354519338, 126.65040599363326, 126.67629854365356, 126.70219099209343, 126.7280834405333];1997-12-07;1998-01-25
42;8;THETA_normal;0.12560592637666135;71.42857142857143;0.11271535431209186;22.386192512589126;0.11267760526532605;16.909476729838644;[153.996598639456, 113.577097505669, 164.314058956916, 180.15873015873, 140.589569160998, 141.25566893424, 153.358843537415, 161.323696145125];[163.40476572483806, 163.47617895893907, 163.5475921930401, 163.61900481034, 163.69041804444103, 163.76183127854205, 163.83324451264306, 163.90465712994296];1997-10-12;1997-11-30
40;8;THETA_normal;0.08946590620337662;57.142857142857146;0.0893184894090313;13.242143258542253;0.08928350209128644;11.444864658313222;[125.368480725624, 106.420068027211, 138.293650793651, 139.696712018141, 135.019841269841, 116.482426303855, 122.576530612245, 149.560657596372];[127.10814583202153, 127.14925546694579, 127.19036510187004, 127.23147473679428, 127.27258437171854, 127.31369400664279, 127.35480364156705, 127.39591347935857];1997-10-12;1997-11-30
43;8;THETA_normal;0.06893877537543858;57.142857142857146;0.07111928641980406;12.19319846950705;0.07109173543847055;9.209627006604045;[126.303854875283, 129.393424036281, 134.651360544218, 121.768707482993, 110.884353741497, 152.636054421769, 129.37925170068, 131.774376417233];[124.18336767615723, 124.26013721931636, 124.33690676247551, 124.41367630563464, 124.49044584879377, 124.56721539195291, 124.64398493511204, 124.72075488755596];1998-03-29;1998-05-17
41;8;THETA_normal;0.06668820422740505;0.0;0.0648350920100253;11.524496769968412;0.0648129675171901;9.517785731338776;[144.246031746032, 157.511337868481, 133.74433106576, 152.253401360544, 128.784013605442, 164.314058956916, 153.713151927438, 155.527210884354];[150.20124936489438, 150.20124936489438, 150.20124936489438, 150.20124936489438, 150.20124936489438, 150.20124936489438, 150.20124936489438, 150.20124936489438];1998-03-29;1998-05-17
43;8;THETA_normal;0.08819401273356575;57.142857142857146;0.09389257642762142;14.48774216551547;0.09385614441489669;12.105856839838696;[126.87074829932, 140.46201814059, 129.53514739229, 129.903628117914, 148.327664399093, 129.322562358276, 121.074263038549, 134.495464852608];[120.26627620239123, 120.30250589691673, 120.33873564232265, 120.37496538772855, 120.41119508225407, 120.44742482765997, 120.48365457306588, 120.5198842675914];1998-02-01;1998-03-22
41;8;THETA_normal;0.13684794222272448;0.0;0.13344998290397245;20.63294704521472;0.1334023586928528;18.82693393857625;[110.501700680272, 120.416274523136, 131.972789115646, 130.711451247166, 160.78514739229, 174.433106575964, 153.401360544218, 155.598072562358];[142.47721641265005, 142.47721641265005, 142.47721641265005, 142.47721641265005, 142.47721641265005, 142.47721641265005, 142.47721641265005, 142.47721641265005];1998-02-01;1998-03-22
43;8;THETA_normal;0.10879931319766317;71.42857142857143;0.11773788218423731;24.210224046518896;0.11769367837839931;15.890211118573895;[130.215419501134, 140.462018140589, 183.205782312925, 114.569160997732, 109.651360544218, 111.72052154195, 113.109410430839, 121.981292517007];[120.68863545947171, 120.72708925386048, 120.76554304824927, 120.8039966609205, 120.84245045530929, 120.88090424969806, 120.91935804408683, 120.95781165675808];1997-12-07;1998-01-25
43;8;THETA_normal;0.0581833686316815;57.142857142857146;0.058233715842601896;8.715546960342586;0.05820955258164213;7.030564998381681;[120.039682539683, 105.93820861678, 112.542517006803, 125.070861678004, 131.136621315193, 124.716553287982, 120.493197278911, 133.942743764172];[119.89733580287213, 119.9466571294759, 119.99597854890652, 120.04529996833715, 120.09462138776777, 120.14394280719839, 120.19326422662901, 120.2425857388865];1997-10-12;1997-11-30
41;8;THETA_normal;0.12110723617208093;0.0;0.12686032447930562;27.570514513346712;0.12681853286918748;19.53301106101747;[132.312925170068, 166.72335600907, 210.260770975057, 141.921768707483, 128.613945578231, 147.037981859411, 124.815759637188, 125.524376417233];[142.7153775774024, 142.7153775774024, 142.7153775774024, 142.7153775774024, 142.7153775774024, 142.7153775774024, 142.7153775774024, 142.7153775774024];1997-12-07;1998-01-25
41;8;THETA_normal;0.11049591674800033;42.857142857142854;0.1127176487180453;18.605865872345436;0.11267757434542525;15.94100754736739;[161.451247165533, 142.828798185941, 131.575963718821, 150.93537414966, 155.612244897959, 111.09693877551, 133.234126984127, 166.524943310658];[136.985647861026, 136.95875892617696, 136.93186999132791, 136.90498105647887, 136.87809212162983, 136.85120318678082, 136.82431425193178, 136.79742531708274];1997-10-12;1997-11-30
44;8;THETA_normal;0.14318441649643895;42.857142857142854;0.13034726932169802;17.90951469136534;0.1302854564590743;13.955840312003096;[118.820861678005, 121.641156462585, 117.828798185941, 107.157029478458, 71.485260770975, 131.944444444444, 123.951247165533, 126.743197278912];[112.53000823151297, 112.5671982274595, 112.60438816635731, 112.64157821935254, 112.67876815825036, 112.71595809714817, 112.75314803604599, 112.79033808904121];1998-03-29;1998-05-17
44;8;THETA_normal;0.153298712150704;42.857142857142854;0.16279688375954676;24.76499051419982;0.16272738839053455;19.328513183758957;[158.503401360544, 109.282879818594, 123.795351473923, 83.8010204081632, 143.90589569161, 117.063492063492, 115.249433106576, 120.337301587302];[108.22508005600771, 108.24135952152933, 108.25763898705097, 108.27391845257259, 108.29019791809422, 108.30647759904387, 108.32275706456551, 108.33903653008713];1998-02-01;1998-03-22
45;8;THETA_normal;0.1303619918392192;28.571428571428573;0.14225325808030675;20.09845268705023;0.14219539819253849;17.49716422525847;[119.118480725624, 139.413265306122, 134.807256235828, 126.757369614512, 112.230725623583, 144.033446712018, 131.916099773243, 124.305555555555];[111.52319144192147, 111.53816838682658, 111.5531453317317, 111.56812227663681, 111.58309922154193, 111.59807616644703, 111.6130529872033, 111.6280299321084];1998-03-29;1998-05-17
44;8;THETA_normal;0.15576636347539813;57.142857142857146;0.15514949086756513;21.496925925952574;0.15508044125842996;17.678274860421332;[122.278911564626, 126.09126984127, 157.298752834467, 103.1320861678, 85.9268707482993, 92.219387755102, 105.31462585034, 100.907029478458];[111.08618927224617, 111.1355022640068, 111.18481528120205, 111.23412829839728, 111.28344126472332, 111.33275428191855, 111.3820672991138, 111.43138031630903];1997-12-07;1998-01-25
45;8;THETA_normal;0.10217764485799045;28.571428571428573;0.10931227622748137;13.943613251499087;0.10926265890392933;12.050647480951639;[116.56746031746, 113.392857142857, 110.856009070295, 107.624716553288, 129.804421768707, 112.414965986394, 118.353174603175, 105.881519274376];[102.30275810157107, 102.30518238929858, 102.30760667702609, 102.31003096475361, 102.31245525248112, 102.31487954020862, 102.31730382793614, 102.31972811566365];1998-02-01;1998-03-22
44;8;THETA_normal;0.09096556314588722;42.857142857142854;0.09301989973195657;14.568274385651161;0.0929804655504023;11.045540730754919;[108.347505668934, 104.591836734694, 120.691609977324, 149.433106575964, 112.060657596372, 103.458049886621, 103.018707482993, 121.003401360544];[114.17655815817339, 114.26652050497647, 114.35648285177956, 114.44644479684486, 114.53640714364795, 114.62636949045103, 114.71633183725412, 114.8062941840572];1997-10-12;1997-11-30
45;8;THETA_normal;0.1556925458683064;57.142857142857146;0.16036976965876026;24.266316975624825;0.16029919368671175;18.555902781930676;[101.261337868481, 129.166666666667, 163.988095238095, 123.696145124717, 106.037414965986, 83.1916099773242, 95.8616780045352, 98.8236961451247];[108.24240794882166, 108.26036021693255, 108.27831248504344, 108.29626475315433, 108.31421702126521, 108.3321692893761, 108.35012155748699, 108.36807382559788];1997-12-07;1998-01-25
48;8;THETA_normal;0.09944076351974704;57.142857142857146;0.09858851939444965;16.42533097480386;0.09854862508108395;12.28429426038986;[133.460884353742, 158.092403628118, 120.748299319728, 123.611111111111, 100.255102040816, 114.696712018141, 119.657029478458, 108.758503401361];[123.51003505776936, 123.52134622946075, 123.53222205105224, 123.54267838435618, 123.55273165767824, 123.56239659984415, 123.57168878941965, 123.58062182224388];1998-03-29;1998-05-17
45;8;THETA_normal;0.08812479526512634;42.857142857142854;0.0925319440734177;13.581620827694678;0.09249010729057269;10.276107313064822;[107.49716553288, 91.7091836734694, 112.329931972789, 133.574263038549, 113.222789115646, 107.440476190476, 104.875283446712, 122.463151927438];[104.37137881767819, 104.41971520769484, 104.4680515977115, 104.51638798772814, 104.56472437774478, 104.61306076776144, 104.66139715777808, 104.70973354779474];1997-10-12;1997-11-30
48;8;THETA_normal;0.16246400114850687;28.571428571428573;0.14566154417215907;20.081753225344052;0.14559939828756077;17.10610535924013;[132.454648526077, 113.59126984127, 119.84126984127, 99.8441043083899, 137.457482993197, 117.984693877551, 103.259637188209, 94.2460317460316];[128.53555603942573, 128.61363069093318, 128.69170541295094, 128.76978013496867, 128.84785482173126, 128.92592954374902, 129.00400426576678, 129.08207897015694];1998-02-01;1998-03-22
46;8;THETA_normal;0.25318015326936105;42.857142857142854;0.29076473870804675;69.25628088898779;0.29070261430843336;68.08369192046206;[254.280045351474, 260.572562358277, 262.585034013605, 259.05612244898, 255.711451247166, 292.786281179138, 272.534013605442, 280.144557823129];[199.20187305348392, 199.17992850027164, 199.15798366209847, 199.13603882392533, 199.11409427071305, 199.0921494325399, 199.07020487932763, 199.0482600411545];1998-03-29;1998-05-17
48;8;THETA_normal;0.18039772795208492;71.42857142857143;0.16116753024602426;22.996317764459196;0.161101964891866;19.916638144428532;[124.886621315193, 144.359410430839, 152.621882086168, 101.318027210884, 124.121315192744, 92.3185941043083, 113.662131519274, 122.222222222222];[134.63353732585446, 134.74019982129212, 134.8468623167298, 134.95352481216747, 135.06018730760513, 135.1668498030428, 135.27351229848048, 135.38017479391814];1997-12-07;1998-01-25
46;8;THETA_normal;0.22614049075906978;57.142857142857146;0.2571778087022507;59.27834131070229;0.25711983290347884;57.06267079258111;[258.460884353742, 242.871315192744, 257.100340136054, 255.952380952381, 253.897392290249, 207.8089569161, 250.921201814059, 259.169501133787];[191.29098999738522, 191.2678716113337, 191.24475322528215, 191.2216349065374, 191.19851665509933, 191.17539833635456, 191.15228001760977, 191.12916169886498];1998-02-01;1998-03-22
48;8;THETA_normal;0.10953452524250021;42.857142857142854;0.10122383396133428;15.579238818191639;0.10118305434912847;12.593756334506322;[120.15306122449, 100.836167800453, 122.562358276644, 134.141156462585, 132.043650793651, 118.395691609977, 116.269841269841, 145.039682539682];[132.7141298109266, 132.83581275444598, 132.95749569796536, 133.0791784984629, 133.20086144198228, 133.32254438550166, 133.44422732902103, 133.5659102725404];1997-10-12;1997-11-30
46;8;THETA_normal;0.26038323031266764;42.857142857142854;0.30342924211846006;72.65998868892648;0.3033594386861549;66.56601672550687;[263.137755102041, 259.197845804989, 322.066326530612, 226.615646258503, 209.041950113379, 223.327664399093, 221.301020408163, 248.767006802721];[182.75430079901471, 193.37869024399072, 186.53759966835054, 181.5258584228461, 170.0392372396184, 169.75071719738418, 175.92677087880045, 181.01390716544103];1997-12-07;1998-01-25
49;8;THETA_normal;0.14453878062266642;42.857142857142854;0.15352626711509343;25.794527606504776;0.153478887868085;24.93490967928871;[170.564058956916, 169.855442176871, 176.955782312925, 170.46485260771, 187.03231292517, 186.649659863946, 131.816893424036, 177.933673469388];[151.13523681585056, 151.22186305425728, 151.306980763496, 151.39063790090978, 151.47288068345435, 151.5537535876979, 151.63329896306843, 151.71155761198284];1998-03-29;1998-05-17
46;8;THETA_normal;0.13359516462968024;42.857142857142854;0.1451944674323139;36.19174464678793;0.14515904683969255;29.899997843257793;[217.020975056689, 207.950680272109, 164.611678004535, 246.24433106576, 241.794217687075, 223.228458049887, 207.922335600907, 234.679705215419];[186.73616235765863, 186.34534544172936, 186.89212778603007, 191.88359154832239, 206.05774665286447, 213.78474852191343, 207.83251816051967, 169.28105730027076];1997-10-12;1997-11-30
49;8;THETA_normal;0.06382534201325374;57.142857142857146;0.06660240887515484;12.551348446277562;0.0665816039985021;10.661319650500893;[171.414399092971, 153.642290249433, 155.569727891157, 166.964285714286, 148.398526077097, 172.066326530612, 164.356575963719, 167.304421768707];[152.5622992068274, 152.67899920392074, 152.7938270614955, 152.90684179135377, 153.018099632931, 153.12765484540097, 153.2355593116231, 153.34186214209038];1998-02-01;1998-03-22
47;8;THETA_normal;0.1896425452756061;57.142857142857146;0.21116947957690685;40.01900988996967;0.21110694033665106;35.79965492852486;[200.949546485261, 180.753968253968, 193.721655328798, 186.493764172336, 130.980725623583, 214.597505668934, 153.472222222222, 181.221655328798];[148.9795780212479, 148.97887173811372, 148.97741295701724, 148.9752378460848, 148.97238056410242, 148.96887125117541, 148.96474105207923, 148.9600201069192];1998-03-29;1998-05-17
49;8;THETA_normal;0.12281777247912137;57.142857142857146;0.13275515267939342;29.276077549686086;0.13271510246253093;22.17807647297373;[162.074829931973, 152.80612244898, 220.209750566893, 160.445011337868, 171.258503401361, 132.256235827664, 173.90873015873, 175.368480725623];[150.67550608739157, 150.80966434114973, 150.94157754743588, 151.07131857726606, 151.19895797598556, 151.32456241282176, 151.44819661894317, 151.56992222462398];1997-12-07;1998-01-25
49;8;THETA_normal;0.15456249704808012;57.142857142857146;0.13899798034492722;26.536007985654617;0.138952131917915;21.16620770837249;[161.451247165533, 127.33843537415, 166.765873015873, 132.397959183673, 122.137188208617, 144.501133786848, 164.611678004535, 191.794217687075];[165.15552595257944, 165.41680687670055, 165.6757774792436, 165.9324800508409, 166.18695531580497, 166.4392377331695, 166.68936959356682, 166.93738535603063];1997-10-12;1997-11-30
47;8;THETA_normal;0.11585356019224649;42.857142857142854;0.12353071128436613;25.123542873345585;0.12349436740581028;21.069306078642636;[207.312925170068, 189.739229024943, 145.624036042613, 169.21768707483, 145.649092970522, 175.46768707483, 187.287414965986, 163.137755102041];[157.98065139117278, 158.00852741449216, 158.03556058953993, 158.06178265128986, 158.0872241190614, 158.11191407258357, 158.13588035193786, 158.159149597547];1998-02-01;1998-03-22
47;8;THETA_normal;0.2652111260357586;57.142857142857146;0.31570859258324574;72.37807849822606;0.3156250532176202;60.54009971980903;[211.862244897959, 235.870181405896, 307.157029478458, 190.419501133787, 195.266439909297, 178.117913832199, 191.652494331066, 186.72052154195];[151.5154448283248, 151.5393568445592, 151.56237507719035, 151.5845361253512, 151.60587549566338, 151.62642672822787, 151.64622194288077, 151.66529172994223];1997-12-07;1998-01-25
50;8;THETA_normal;0.15395971195511604;42.857142857142854;0.17069045142740263;25.069987716604004;0.17061637631785773;19.831065630648283;[113.085218306155, 126.328248290373, 119.358232509206, 110.244608101, 92.3724355602315, 159.810625986323, 111.809573908469, 121.962125197265];[101.80797431268223, 101.84534492000773, 101.88230318372864, 101.91885823153957, 101.95501919113515, 101.99079473382528, 102.02619307453512, 102.06122242818981];1998-03-29;1998-05-17
47;8;THETA_normal;0.14154284686813928;42.857142857142854;0.1532735035228146;33.79137058620841;0.15323156341666186;28.14713679698861;[201.984126984127, 169.600340136055, 222.803287981859, 172.732426303855, 148.710317460318, 152.253401360544, 216.468253968254, 207.312925170068];[165.28066968092529, 165.6444560527904, 166.00824242465546, 166.37203043155225, 166.73581680341732, 167.09960317528243, 167.46339118217918, 167.82717755404428];1997-10-12;1997-11-30
50;8;THETA_normal;0.14975373757162114;57.142857142857146;0.16248878361467417;19.624874712213742;0.16241112590261958;17.063932414301817;[125.433982114677, 93.0825881115203, 111.954234613361, 100.960021041557, 119.857969489742, 124.329300368227, 83.1358003485455, 111.217780115729];[95.1796915421055, 95.20277934659813, 95.22512086726617, 95.24674578457504, 95.2676815304701, 95.28795508719269, 95.30759208787204, 95.32661659167334];1998-02-01;1998-03-22
51;8;THETA_normal;0.14511689126731847;42.857142857142854;0.161401638644327;41.65071973789266;0.16136202844699551;33.0519347936213;[198.645449763282, 221.225670699632, 269.989479221462, 184.968437664387, 169.831667543398, 226.420305102578, 211.322987901105, 201.998947922146];[179.65919025030004, 179.7776397943212, 179.89608933834236, 180.01453888236352, 180.13298842638468, 180.25143797040587, 180.36988751442703, 180.4883370584482];1998-03-29;1998-05-17
50;8;THETA_normal;0.29401327793238347;57.142857142857146;0.25890604278872437;27.161918862324725;0.25876750732032106;24.617357518606365;[118.990005260389, 142.043661230931, 73.8953182535508, 78.6285130394433, 63.9137296159916, 94.2793266701737, 71.3571804313519, 93.8979484481852];[102.63736233566449, 102.68958506027501, 102.74125772657578, 102.79239181975153, 102.8429980046166, 102.89308694598536, 102.94266889848699, 102.99175411675067];1997-12-07;1998-01-25
51;8;THETA_normal;0.17150632985378905;57.142857142857146;0.19585670523900015;48.7601132959894;0.19580722303157477;38.933129280636514;[205.28669121515, 233.824302998422, 195.081536033667, 183.837453971594, 228.577064702788, 263.256180957391, 169.700157811678, 185.468174644924];[168.90059240651755, 168.9849421729767, 169.0692917083121, 169.15364124364754, 169.23799077898295, 169.32234031431835, 169.40668984965376, 169.49103961611291];1998-02-01;1998-03-22
50;8;THETA_normal;0.09124115195857327;42.857142857142854;0.09633010969136688;12.247909028743692;0.09628542828794445;10.397373388880002;[111.03366649132, 93.8979484481851, 111.362440820621, 105.68122041031, 118.608627038401, 113.959444903685, 102.09100473435, 123.961073119411];[101.35534205679551, 101.41398241719682, 101.47195942602171, 101.5292876713317, 101.58598093074049, 101.64205298186177, 101.69751679186135, 101.75238451745717];1997-10-12;1997-11-30
51;8;THETA_normal;0.1539565896041173;57.142857142857146;0.16325071403751407;39.13792840224901;0.16320611688954045;30.326805966936554;[197.856391372962, 207.969489742241, 258.561283534982, 188.197769463739, 136.804921863538, 148.921620199895, 181.680694371383, 172.198842714361];[169.24265245611622, 169.35793966728892, 169.47322676573546, 169.58851386418198, 169.7038010753547, 169.8190882865274, 169.9343754131555, 170.04966259614665];1997-12-07;1998-01-25
54;8;THETA_normal;0.14787584197728726;57.142857142857146;0.16063508863797588;12.188719433213167;0.16052199704460296;11.41433282363324;[76.880589163598, 73.198316675434, 75.4602840610206, 78.2219884271436, 61.2177801157286, 84.1793792740662, 78.3271962125197, 74.907943187796];[64.79503292875003, 64.7886857865194, 64.78233864428876, 64.77599135835683, 64.7696442161262, 64.76329707389556, 64.75694993166492, 64.75060278943428];1998-03-29;1998-05-17
51;8;THETA_normal;0.1066616028415994;42.857142857142854;0.11106865545752997;24.67328564438741;0.11103848706847191;20.539800557417138;[187.611783271962, 167.964229352972, 217.096265123619, 199.263545502367, 214.807995791689, 149.607707364903, 186.568204346441, 173.329826407154];[174.86490769099007, 175.06381345291214, 175.2627192148342, 175.46162543086865, 175.6605311927907, 175.85943740882516, 176.05834317074724, 176.25724938678167];1997-10-12;1997-11-30
54;8;THETA_normal;0.21383035098677933;42.857142857142854;0.2417221758721917;17.32846839290264;0.24154383485509104;16.39885094651357;[87.0153374342898, 75.6443976854287, 75.841662283009, 66.2283008942662, 76.6438716465019, 71.4886901630721, 71.6728037874803, 77.0910047343503];[58.871604065685, 58.85240508464249, 58.833206103599984, 58.81400712255748, 58.79480814151497, 58.77560916047246, 58.756410179429956, 58.73721119838745];1998-02-01;1998-03-22
52;8;THETA_normal;0.0698728345624928;57.142857142857146;0.07192542976483735;7.34549379998577;0.07188045979108519;5.764419418866259;[78.4192530247238, 80.3129931614939, 86.8095739084692, 78.4061020515518, 68.5691741188848, 91.2677538137822, 78.5113098369279, 85.0341925302472];[77.32643555127626, 77.33233740531843, 77.33823910624862, 77.3441408071788, 77.35004266122097, 77.35594451526313, 77.36184621619333, 77.36774791712352];1998-03-29;1998-05-17
54;8;THETA_normal;0.07276717077075606;57.142857142857146;0.07964971907607939;9.240618746002545;0.07959320132741622;5.630336226062629;[64.9943459761601, 76.9331930562861, 85.5207785376118, 66.2677538137822, 63.0720673329826, 62.9142556549185, 60.8890057864282, 65.3077327722252];[63.54641067669252, 63.5399285667675, 63.533446456842476, 63.52696434691745, 63.520482236992436, 63.51400012706741, 63.50751801714239, 63.50103590721737];1997-12-07;1998-01-25
52;8;THETA_normal;0.0524175288009272;57.142857142857146;0.05325721487188418;4.789901472050859;0.05322157433611425;3.9817590634359608;[79.6028406102051, 69.8207531302895, 75.841662283009, 72.9089952656498, 67.8149166031484, 77.735402419779, 72.8169384534455, 82.0357706470278];[73.42139529371009, 73.40694324831996, 73.39249104483021, 73.3780389994401, 73.36358679595034, 73.34913475056022, 73.3346827051701, 73.32023065977998];1998-02-01;1998-03-22
54;8;THETA_normal;0.1748622126580685;57.142857142857146;0.17286491368059773;11.812368371871974;0.17272278456732007;10.646567204570847;[51.8411362440822, 42.4644923724356, 65.0710152551289, 72.5539189900052, 64.2030510257759, 77.3339846196238, 67.7012098895318, 74.7632824829037];[60.52523375149428, 60.52705532856765, 60.52887690564102, 60.53069848271439, 60.53252005978776, 60.53434163686113, 60.5361632139345, 60.53798479100787];1997-10-12;1997-11-30
52;8;THETA_normal;0.20705758419470577;28.571428571428573;0.1778100454942793;15.129409301044648;0.17767758780598522;12.057312683318978;[91.12309310889, 59.1004734350342, 57.0226196738558, 45.6075749605471, 72.8037874802735, 69.1215149921095, 72.4618621778012, 72.290899526565];[75.61162473284666, 75.61428159872094, 75.61693846459522, 75.61959532104157, 75.62225218691586, 75.62490906221807, 75.62756591866442, 75.6302227845387];1997-12-07;1998-01-25
55;8;THETA_normal;0.19529920144137178;0.0;0.1713591074293605;17.75807108684449;0.17124847646451827;13.546196548702861;[73.9216201998948, 83.6533403471857, 113.545502367175, 73.0010520778537, 49.3556023145713, 83.4297738032615, 76.1441346659652, 75.1841136244083];[84.9189511759314, 84.9189511759314, 84.9189511759314, 84.9189511759314, 84.9189511759314, 84.9189511759314, 84.9189511759314, 84.9189511759314];1998-03-29;1998-05-17
52;8;THETA_normal;0.15146837308543998;42.857142857142854;0.15397062190443556;13.919837766928039;0.15386985269240355;11.894303010637776;[75.9337190952131, 72.0015781167807, 83.6138874276697, 93.5034192530247, 88.5718043135191, 94.4525258814732, 81.7069963177276, 54.3135192004208];[74.07151552221862, 74.07374625533939, 74.07597698846016, 74.07820772158092, 74.08043845470169, 74.08266911518143, 74.08489977566119, 74.08713043614092];1997-10-12;1997-11-30
55;8;THETA_normal;0.2572048798032403;0.0;0.20717223793670814;18.268800948494004;0.20702643838721985;14.849611369968944;[71.8174644923725, 43.0431351920042, 71.2519726459759, 74.105733824303, 79.1425565491846, 70.4497632824829, 76.5912677538138, 63.4271436086271];[83.57824103856444, 83.57824103856444, 83.57824103856444, 83.57824103856444, 83.57824103856444, 83.57824103856444, 83.57824103856444, 83.57824103856444];1998-02-01;1998-03-22
53;8;THETA_normal;0.12144029019846204;57.142857142857146;0.12200145306197689;16.319661159341674;0.12195131946924212;14.921060647918992;[138.598106259863, 140.570752235665, 132.995791688585, 142.214623882167, 117.937927406628, 100.604944765913, 113.821672803788, 102.511835875855];[120.40674813295117, 120.3983478239687, 120.38994725773419, 120.38154694875173, 120.37314638251722, 120.3647458162827, 120.35634525004818, 120.34794468381367];1998-03-29;1998-05-17
55;8;THETA_normal;0.22623650986359597;0.0;0.22007524854466062;24.529706072302698;0.21994547935689582;19.241387698197435;[80.5760126249341, 102.169910573383, 139.334560757496, 85.0078905839031, 66.4518674381905, 61.5728563913729, 67.5433982114676, 66.2546028406102];[84.90873858868633, 84.90873858868633, 84.90873858868633, 84.90873858868633, 84.90873858868633, 84.90873858868633, 84.90873858868633, 84.90873858868633];1997-12-07;1998-01-25
53;8;THETA_normal;0.17313808882612566;71.42857142857143;0.15285814149132154;23.188696315670136;0.1527897792612237;17.428220060777992;[147.422409258285, 126.775381378222, 124.026827985271, 122.264597580221, 144.923724355602, 100.657548658601, 72.1199368753288, 134.665965281431];[121.97180902175681, 121.96987970584775, 121.96795026570715, 121.96602082556653, 121.96409150965746, 121.9621621937484, 121.96023287783933, 121.95830356193026];1998-02-01;1998-03-22
55;8;THETA_normal;0.1283048511967936;0.0;0.11540538973410827;12.058390379009683;0.11533097908206066;8.997398188020394;[82.8248290373488, 72.0015781167807, 59.1947668073016, 94.8711204629142, 89.9263545502367, 83.3308283860624, 85.1920042083114, 70.1209889531825];[84.73134879168843, 84.73134879168843, 84.73134879168843, 84.73134879168843, 84.73134879168843, 84.73134879168843, 84.73134879168843, 84.73134879168843];1997-10-12;1997-11-30
53;8;THETA_normal;0.08149707154441398;57.142857142857146;0.08831080886458947;20.43394635468951;0.0882770216875289;11.687803711907323;[107.877432930037, 124.566017885324, 173.63229879011, 124.776433456076, 111.730668069437, 111.086270384009, 118.990005260389, 117.740662809048];[118.39280803293703, 118.38598503491357, 118.37916203689011, 118.37233952685106, 118.3655165288276, 118.35869353080415, 118.35187102076509, 118.34504802274164];1997-12-07;1998-01-25
56;8;THETA_normal;0.10156413879727758;0.0;0.10142777431164218;13.990385205421745;0.10138593901623717;12.351529906010583;[131.970015781168, 140.623356128353, 120.581273014203, 111.454497632825, 97.6065228826934, 134.324039978958, 133.048395581273, 129.852709100474];[120.68199189620998, 120.68199189620998, 120.68199189620998, 120.68199189620998, 120.68199189620998, 120.68199189620998, 120.68199189620998, 120.68199189620998];1998-03-29;1998-05-17
53;8;THETA_normal;0.19339120768974666;42.857142857142854;0.16127295137818096;23.806721705538386;0.16119937986270041;17.85851769643681;[135.586533403472, 95.9495002630194, 136.125723303524, 106.341005628974, 129.747501315097, 117.334294755953, 72.1221734353921, 133.087848500789];[125.89513637478629, 125.92889094076178, 125.96264539065841, 125.9963999566339, 126.03015440653053, 126.06390897250601, 126.09766330632381, 126.1314178722993];1997-10-12;1997-11-30
56;8;THETA_normal;0.10929772709140248;57.142857142857146;0.11865756714982509;18.37309620742392;0.11860915338281194;14.573807818399024;[115.846922672278, 125.315623356128, 122.606522882693, 107.233035244608, 149.053129931615, 138.729615991584, 116.267753813782, 126.551814834298];[111.9400661315421, 111.89040678767665, 111.84074694075348, 111.79108709383031, 111.74142774996487, 111.6917679030417, 111.64210855917625, 111.59244871225307];1998-02-01;1998-03-22
57;8;THETA_normal;0.07322502146501086;0.0;0.07654325192360163;14.999842088922678;0.07651710488268267;11.236491180339577;[137.835349815886, 151.301946344029, 145.607574960547, 136.770120988953, 126.157285639137, 172.77748553393, 142.990531299316, 156.483429773803];[139.2531410124662, 139.2531410124662, 139.2531410124662, 139.2531410124662, 139.2531410124662, 139.2531410124662, 139.2531410124662, 139.2531410124662];1998-03-29;1998-05-17
56;8;THETA_normal;0.24818538471055374;0.0;0.2135182510397812;26.21719363222606;0.2134184726065045;23.164819714096225;[130.15518148343, 139.873750657549, 140.833771699106, 93.9768542872173, 92.7932667017358, 67.5302472382957, 103.879537085744, 106.956864807996];[119.7963119968368, 119.7963119968368, 119.7963119968368, 119.7963119968368, 119.7963119968368, 119.7963119968368, 119.7963119968368, 119.7963119968368];1997-12-07;1998-01-25
57;8;THETA_normal;0.17273380322912524;0.0;0.1430220723237564;24.99158963692436;0.14296392237030436;17.812956482956963;[149.53971593898, 127.275118358759, 125.449369647912, 79.5393223044083, 156.970015781168, 125.39452919516, 131.351920042083, 141.649132035771];[141.66332793190026, 141.66332793190026, 141.66332793190026, 141.66332793190026, 141.66332793190026, 141.66332793190026, 141.66332793190026, 141.66332793190026];1998-02-01;1998-03-22
56;8;THETA_normal;0.06064415815341569;0.0;0.06312095196586533;10.937929593406233;0.06309551111360757;7.847341589325692;[113.190426091531, 112.006838506049, 122.027880063125, 136.059968437665, 119.84481851657, 118.75955011147, 113.269331930563, 141.846396633351];[118.64664225971623, 118.64664225971623, 118.64664225971623, 118.64664225971623, 118.64664225971623, 118.64664225971623, 118.64664225971623, 118.64664225971623];1997-10-12;1997-11-30
57;8;THETA_normal;0.11252685275516858;0.0;0.12405524026911101;29.619406076927877;0.12401474094821802;19.238671499064225;[160.034192530247, 155.733824302998, 211.296685954761, 145.857443450815, 130.54971067859, 120.594423987375, 134.508153603366, 138.558653340347];[135.9595696586616, 135.9595696586616, 135.9595696586616, 135.9595696586616, 135.9595696586616, 135.9595696586616, 135.9595696586616, 135.9595696586616];1997-12-07;1998-01-25
60;8;THETA_normal;0.13497163360295905;14.285714285714286;0.12444442136423511;16.33644660907624;0.12439248486122341;14.91774134692728;[120.870594423987, 118.897948448185, 113.321935823251, 108.364018937401, 99.6449237243556, 119.77906365071, 117.372435560232, 113.90057864282];[128.90276131040278, 128.912698118367, 128.9225087310401, 128.93219549817016, 128.9417613223871, 128.95120841521842, 128.96053954107362, 128.9697570497007];1998-03-29;1998-05-17
57;8;THETA_normal;0.18656824431552574;57.142857142857146;0.15355531899225194;27.767016232610185;0.15349331599778124;19.094250126776025;[144.345081536034, 150.433982114676, 147.724881641242, 106.091137138706, 110.082144378004, 134.382906239824, 147.185691741189, 87.3882167280379];[144.8017240448302, 144.81167721541067, 144.82145574575233, 144.83106448697293, 144.84050851069554, 144.8497917860165, 144.8589191640536, 144.86789483440847];1997-10-12;1997-11-30
60;8;THETA_normal;0.12155312089040296;57.142857142857146;0.11270044486811019;14.867467226222162;0.1126524485749798;13.234855375965218;[104.642293529721, 102.590741714887, 119.213571804314, 114.68963703314, 128.235139400316, 107.022619673856, 113.874276696476, 115.189374013677];[125.79351085638551, 125.79933627470133, 125.804888004435, 125.81017801772185, 125.8152166161667, 125.82001437979612, 125.82458105337143, 125.82892610323219];1998-02-01;1998-03-22
58;8;THETA_normal;0.19076905695972193;42.857142857142854;0.17173642297413996;18.663884402661953;0.1716365569895485;15.043135072184777;[92.9905312993162, 73.4481851657024, 88.1509731720146, 84.0478695423461, 56.0625986322988, 106.930562861652, 118.490268279853, 103.774329300368];[92.44288803360791, 92.45926084008745, 92.47563401315246, 92.49200700292472, 92.50837999269699, 92.524753165762, 92.54112615553426, 92.55749914530654];1998-03-29;1998-05-17
60;8;THETA_normal;0.2051652569432135;42.857142857142854;0.20590766809663796;30.86753622497857;0.20583036608561167;27.848434270659354;[165.255128879537, 167.648605996844, 182.943187795897, 121.948974224093, 120.410310362967, 104.024197790637, 106.378221988427, 101.867438190426];[130.61351122403144, 130.6295148279302, 130.6453402878927, 130.660990921786, 130.676469537036, 130.6917786858481, 130.70692143086876, 130.7218998138623];1997-12-07;1998-01-25
58;8;THETA_normal;0.07267263907337854;0.0;0.06946016752865873;6.68627779281692;0.06941925246094206;5.893955619647651;[80.2735402419779, 80.2209363492898, 90.7943187795897, 81.4308258811152, 80.9705418200947, 78.8532351394004, 85.1788532351394, 88.0852183061546];[88.56174619179392, 88.56174619179392, 88.56174619179392, 88.56174619179392, 88.56174619179392, 88.56174619179392, 88.56174619179392, 88.56174619179392];1998-02-01;1998-03-22
60;8;THETA_normal;0.10198624288473486;57.142857142857146;0.09331003436291642;16.291360197390695;0.09327267723231403;11.731655292561781;[125.39452919516, 95.7390846922671, 135.889005786428, 137.927406628091, 129.629142556549, 121.731670048345, 128.577064702788, 152.340873224619];[134.32380924105334, 134.3540619099641, 134.38411753004928, 134.41397403797035, 134.44362937038886, 134.4730819798009, 134.50232980286802, 134.53137283959023];1997-10-12;1997-11-30
58;8;THETA_normal;0.18072051126166402;0.0;0.17228958319124402;18.002062857669024;0.1721918678126731;15.384003993959587;[91.6096791162546, 101.459758022094, 124.658074697528, 83.8769068911099, 74.8158863755918, 76.4992109416097, 72.8037874802735, 68.9637033140452];[91.15200755921511, 91.15200755921511, 91.15200755921511, 91.15200755921511, 91.15200755921511, 91.15200755921511, 91.15200755921511, 91.15200755921511];1997-12-07;1998-01-25
61;8;THETA_normal;0.12787168801747084;42.857142857142854;0.11584953774432903;21.143102739597456;0.11580741128585728;16.034662500433576;[113.256180957391, 157.969489742241, 158.850604944766, 151.998947922146, 107.890583903209, 167.267227774855, 154.563387690689, 142.635455023672];[149.15764068876138, 149.20345019972152, 149.24925971068163, 149.29506922164177, 149.34087873260188, 149.38668824356202, 149.43249775452213, 149.47830752180943];1998-03-29;1998-05-17
58;8;THETA_normal;0.07898063144993422;71.42857142857143;0.0748708662321981;7.876402197034452;0.07482885074793919;6.6738145384703;[78.0641767490795, 87.1120462914256, 88.6375591793792, 94.8974224092584, 82.7590741714887, 89.104105608577, 87.493424513414, 97.4092582851131];[93.49857484472118, 93.53106509606853, 93.56355553168872, 93.59604615158176, 93.62853640292911, 93.6610268385493, 93.69351727416951, 93.7260077097897];1997-10-12;1997-11-30
61;8;THETA_normal;0.0544284226046297;0.0;0.05524248567147114;9.303411349806334;0.05522313089270377;7.89295645557997;[128.274592319832, 135.244608100999, 144.91057338243, 144.936875328774, 159.061020515518, 142.872172540768, 148.776959495003, 147.356654392425];[140.3128508973618, 140.3128508973618, 140.3128508973618, 140.3128508973618, 140.3128508973618, 140.3128508973618, 140.3128508973618, 140.3128508973618];1998-02-01;1998-03-22
59;8;THETA_normal;0.26200116373355153;71.42857142857143;0.2302369573677412;29.130662719960643;0.23013539398286212;26.36727499660875;[133.350867964229, 161.322987901105, 85.4287217254077, 100.973172014729, 102.998421883219, 83.4166228300894, 96.7517096265123, 117.280378748027];[125.70113876447242, 125.71358642711176, 125.72575831054371, 125.73766368318805, 125.74931146371286, 125.76070934665532, 125.77186555118014, 125.7827877718245];1998-03-29;1998-05-17
61;8;THETA_normal;0.10794385359377036;57.142857142857146;0.10504368354313089;16.64371625971001;0.1050065837383727;14.934101184570704;[162.00683850605, 165.005260389269, 155.010520778538, 152.511835875855, 116.583377169911, 125.591793792741, 132.088374539716, 141.201998947922];[144.54302657748968, 144.56827030073023, 144.59351395759825, 144.6187576144663, 144.64400127133433, 144.66924486182987, 144.6944885186979, 144.71973217556595];1997-12-07;1998-01-25
59;8;THETA_normal;0.0944903899996727;42.857142857142854;0.09569290040885553;15.396426943605181;0.09565456217104176;12.018662127263;[136.401893740137, 133.982114676486, 116.109942135718, 120.817990531299, 154.050499736981, 123.803261441347, 101.341399263545, 113.869624651544];[122.31704029148767, 122.32454441925711, 122.33161996459579, 122.33828553041387, 122.34455828862848, 122.35045541115667, 122.35599263892247, 122.36118428185678];1998-02-01;1998-03-22
61;8;THETA_normal;0.08803173199642084;42.857142857142854;0.08787779933439471;15.58424716922509;0.08784764535695055;12.859989927646279;[146.27827459232, 123.776959495003, 153.905839032088, 165.12585570788, 150.69923813818, 142.628566418677, 127.22251446607, 170.831141504471];[145.08163707352983, 145.12391582974516, 145.1661945796669, 145.2084733253929, 145.25075206482535, 145.2930308042578, 145.33530956886455, 145.3775883334713];1997-10-12;1997-11-30
59;8;THETA_normal;0.10399188279990056;71.42857142857143;0.10074302609479616;14.548182636172353;0.10070278909376934;12.65758802242521;[122.540768016833, 131.641241451867, 152.932667017359, 110.560231457128, 116.162546028406, 124.447659126776, 110.37611783272, 113.624408206207];[128.47402024632788, 128.4977798037764, 128.5211501895227, 128.54414247942654, 128.5667671978525, 128.58903473129152, 128.6109548228235, 128.63253689382287];1997-12-07;1998-01-25
62;8;THETA_normal;0.09215139070432582;42.857142857142854;0.08905979868472377;11.099304236547777;0.0890134990878885;8.624326999665783;[100.473435034193, 109.573908469227, 101.604418726986, 96.1730668069437, 74.9342451341399, 103.932140978432, 112.966859547607, 105.68122041031];[98.47656374049377, 98.49254947380592, 98.50853520711807, 98.52452094043022, 98.54050667374237, 98.55649240705452, 98.57247814036666, 98.5884638736788];1998-03-29;1998-05-17
59;8;THETA_normal;0.09935608704877937;71.42857142857143;0.09392620862215344;13.69370692943288;0.09388991346695268;12.165755657747946;[114.29510783798, 120.515518148343, 125.867964229353, 132.798527091005, 131.575486586007, 115.761128228251, 126.196738558653, 147.211993687533];[136.06534411634868, 136.11799713611927, 136.17031596996003, 136.22229679423333, 136.27393807948414, 136.32523523734724, 136.37618750309514, 136.42679258254526];1997-10-12;1997-11-30
62;8;THETA_normal;0.13745985317132098;0.0;0.15126172402401036;17.035830787252724;0.1511820772866352;14.386659900829349;[94.4371383482378, 88.8085218306155, 113.729615991583, 112.848500789059, 104.155707522357, 92.3329826407154, 90.9915833771699, 99.5791688584955];[85.22374251894979, 85.22374251894979, 85.22374251894979, 85.22374251894979, 85.22374251894979, 85.22374251894979, 85.22374251894979, 85.22374251894979];1998-02-01;1998-03-22
63;8;THETA_normal;0.11856454892153126;0.0;0.11384988911955135;11.285611841947734;0.11377951571024149;9.280767374527414;[81.4965807469753, 101.775381378222, 62.3356128353498, 73.5270910047343, 77.3934771173068, 89.3871646501842, 90.3471856917412, 79.1688584955286];[83.32901373798336, 83.32901373798336, 83.32901373798336, 83.32901373798336, 83.32901373798336, 83.32901373798336, 83.32901373798336, 83.32901373798336];1998-03-29;1998-05-17
62;8;THETA_normal;0.21608020834580008;42.857142857142854;0.19825141530113355;20.936264948611143;0.19815037063060711;19.59166166465839;[117.069963177275, 108.74539715939, 131.970015781168, 84.2582851130984, 81.9042609153077, 80.1946344029458, 82.7327722251448, 83.1930562861651];[105.23881121305986, 105.27305229105878, 105.30729336905769, 105.34153444705662, 105.37577552505553, 105.41001660305444, 105.44425768105336, 105.47849875905229];1997-12-07;1998-01-25
63;8;THETA_normal;0.19179692181039215;0.0;0.1717643685850453;15.645377022770571;0.17165587321910716;13.677177602917045;[102.866912151499, 77.1041557075224, 72.2382956338769, 67.1379546031985, 87.46712256707, 58.5875854813256, 77.4855339295108, 75.4339821146765];[86.7677233937195, 86.7677233937195, 86.7677233937195, 86.7677233937195, 86.7677233937195, 86.7677233937195, 86.7677233937195, 86.7677233937195];1998-02-01;1998-03-22
62;8;THETA_normal;0.09484483923966841;71.42857142857143;0.10403158032396187;15.360553156410292;0.10398017881268645;10.56815038770225;[87.0988953182536, 90.2682798527091, 100.3287743293, 108.653340347186, 95.6733298264072, 103.017835224569, 90.7943187795897, 127.261967385587];[90.85854075084353, 90.89507421935723, 90.93160768787092, 90.96814115638462, 91.00467462489831, 91.04120809341201, 91.07774156192572, 91.11427503043942];1997-10-12;1997-11-30
63;8;THETA_normal;0.24016902781517985;0.0;0.2123394773049485;23.878554185811723;0.2122069954021551;17.586138874276685;[89.9263545502366, 87.3750657548658, 132.956338769069, 67.8853235139401, 52.2225144660705, 58.035244608101, 83.7322461862177, 92.3066806943714];[86.8076208115128, 86.8076208115128, 86.8076208115128, 86.8076208115128, 86.8076208115128, 86.8076208115128, 86.8076208115128, 86.8076208115128];1997-12-07;1998-01-25
66;8;THETA_normal;0.07999065685632561;57.142857142857146;0.07983029897449062;17.75696278821747;0.07980915894420759;15.120594207059689;[187.164650184114, 208.456075749605, 161.779689738424, 176.749079431878, 174.237243556023, 218.08258811152, 184.350341925303, 201.801683324566];[188.43105372186392, 188.45057002102047, 188.46927400629212, 188.48719621579485, 188.50436800199438, 188.5208190886569, 188.53657675649941, 188.5516682862388];1998-03-29;1998-05-17
63;8;THETA_normal;0.2075472880863063;57.142857142857146;0.18001622846668597;16.935963505949655;0.17990288799592452;14.324856334831873;[66.6754339821147, 60.5865334034719, 79.1688584955287, 85.3366649132036, 69.0689110994213, 85.3560782545527, 71.2782745923199, 94.4108364018938];[89.52350575045104, 89.56048685205575, 89.59746782397501, 89.6344489255797, 89.67142989749897, 89.70841086941822, 89.74539197102293, 89.78237307262762];1997-10-12;1997-11-30
66;8;THETA_normal;0.10726000131404435;42.857142857142854;0.09446219177885365;25.505791842264024;0.09443498460697189;16.55587313245829;[213.229879011047, 196.67280378748, 201.525512887954, 189.939505523409, 187.901104681746, 127.208140840064, 173.185165702262, 199.000526038927];[191.94693228090324, 191.97986980430025, 192.01186248907285, 192.04294543505767, 192.0731525176784, 192.1025163879458, 192.13106847245774, 192.15883815712394];1998-02-01;1998-03-22
64;8;THETA_normal;0.14333485138556434;57.142857142857146;0.1558215516318548;32.57733592896911;0.15578011893687005;29.358448448694205;[199.566017885324, 186.809573908469, 203.971593897948, 191.083640189374, 160.178853235139, 230.852183061546, 204.734350341925, 205.812730142031];[171.44886373460153, 171.4033870336478, 171.35791033269402, 171.31243367441832, 171.26695697346454, 171.2214802725108, 171.17600361423507, 171.13052691328133];1998-03-29;1998-05-17
66;8;THETA_normal;0.1418116841482924;85.71428571428571;0.13797571494310273;31.73414318296226;0.13794064302413708;27.384569903883776;[222.106785902157, 227.104155707522, 253.45870594424, 156.667543398212, 160.63913729616, 181.667543398212, 186.993687532877, 201.854287217254];[199.95389642385734, 200.02029006391132, 200.08579824652116, 200.1504434696981, 200.21424662445264, 200.2772290035455, 200.3394098909863, 200.40080816903455];1997-12-07;1998-01-25
64;8;THETA_normal;0.10902468451571792;57.142857142857146;0.11276889565423961;22.128085732609726;0.11273667848356002;19.80950989375527;[164.455156076107, 183.863755917938, 195.002630194634, 180.247238295634, 203.8532351394, 195.397159389795, 180.010520778538, 142.282615308091];[168.5244956373486, 168.45754620941096, 168.39059660940225, 168.3236470093935, 168.2566975814559, 168.18974798144717, 168.12279855350957, 168.05584912557194];1998-02-01;1998-03-22
66;8;THETA_normal;0.07367607097223994;42.857142857142854;0.07922418232973003;26.124352487183682;0.0792060804867825;17.396751140755548;[201.580353340705, 219.095213045765, 195.002630194634, 265.228826933193, 210.58188135854, 196.994689511786, 194.331930562862, 231.78590215676];[201.29604376148112, 201.38627368730923, 201.47555563799116, 201.56390708040564, 201.65134389353335, 201.737882750304, 201.82353714785114, 201.90832455305355];1997-10-12;1997-11-30
64;8;THETA_normal;0.1333430453938973;28.571428571428573;0.13337339951602592;35.96927629047177;0.13333603500349644;24.35394294738602;[161.167412783104, 129.313519200421, 261.533403471857, 158.705944239874, 163.269331930563, 163.348237769595, 169.765912677538, 179.747501315097];[174.81429625270033, 174.80067745882104, 174.78705866494175, 174.77343987106246, 174.7598213984039, 174.7462026045246, 174.7325838106453, 174.71896533798673];1997-12-07;1998-01-25
3;8;THETA_normal;0.09185015487191334;42.857142857142854;0.09401801589487113;15.867548088693843;0.0939876025924398;14.566033597158356;[160.756802721088, 175.198412698413, 146.471088435374, 137.159863945578, 134.708049886621, 173.058390022676, 161.337868480726, 165.561224489796];[150.3182617545893, 150.35915208148998, 150.40004240839068, 150.440933324965, 150.48182365186568, 150.52271397876638, 150.56360430566707, 150.60449463256776];1998-03-29;1998-05-17
67;8;THETA_normal;0.13606393294991068;42.857142857142854;0.14421807204764361;45.33441745049029;0.1441930512258841;41.72175804063017;[317.043661230931, 353.103629668596, 291.504471330879, 316.675433982115, 232.77925167086, 295.673329826407, 309.692267227775, 301.591267753814];[270.2958276692591, 270.1436165104828, 269.9914053517064, 269.839194921126, 269.6869837623497, 269.53477260357334, 269.38256144479703, 269.23035028602067];1998-03-29;1998-05-17
64;8;THETA_normal;0.09992748207794888;57.142857142857146;0.10798159264001378;26.97031476076583;0.1079526025081739;20.181946133975238;[176.394003156234, 159.07417148869, 199.881641241452, 196.935823250921, 192.701209889532, 165.471806818466, 172.082720515876, 230.378748027354];[170.77590497818056, 170.73021604055916, 170.68452725873178, 170.6388384769044, 170.59314961718, 170.5474608353526, 170.50177205352526, 170.45608319380085];1997-10-12;1997-11-30
67;8;THETA_normal;0.23149822872569828;85.71428571428571;0.2635866039168571;81.56585967484101;0.2635423483695434;78.58881068567118;[352.104155707523, 331.259863229879, 317.793266701736, 314.0978432404, 372.225144660705, 354.116254602841, 334.179379274066, 302.538137822199];[256.8784597421798, 256.6847412352498, 256.49102264367946, 256.2973040521091, 256.1035856298196, 255.9098672498502, 255.71614884872074, 255.52243035237083];1998-02-01;1998-03-22
65;8;THETA_normal;0.1363085220138295;42.857142857142854;0.1401507770403026;29.428449089551872;0.1401112222215643;25.03582529708321;[197.685428721725, 207.456601788532, 170.449763282483, 131.102051551815, 169.765912677538, 211.441346659653, 204.050499736981, 191.806943713835];[170.40118432252552, 170.41056121658065, 170.41993842793727, 170.4293156392939, 170.4386928506505, 170.44807006200713, 170.45744727336375, 170.46682448472038];1998-03-29;1998-05-17
3;8;THETA_normal;0.14618108585680448;42.857142857142854;0.16134118132658432;28.833656462720402;0.16128855273416118;24.775227742446425;[139.810090702948, 163.605442176871, 158.659297052154, 147.902494331066, 190.277777777778, 157.397959183673, 160.884353741497, 176.5589569161];[137.1335737474508, 137.12735815588928, 137.12114256432773, 137.11492639387157, 137.10871080231001, 137.1024952107485, 137.09627961918693, 137.09006344873077];1998-02-01;1998-03-22
67;8;THETA_normal;0.20074160535099284;28.571428571428573;0.22791534804270647;75.38986322390633;0.2278755165963447;65.51830318808703;[338.282482903735, 327.932667017359, 382.732772225145, 224.684376643872, 255.365597054182, 302.603892688059, 304.182009468701, 314.873750657549];[247.02932974317474, 246.80052946781055, 246.57172887558707, 246.34292860022285, 246.11412800799937, 245.88532773263518, 245.65652745727095, 245.42772718190676];1997-12-07;1998-01-25
65;8;THETA_normal;0.1026292241573482;57.142857142857146;0.11086840594328101;23.821295210308012;0.11083691051222203;19.524212349056842;[190.570752235666, 163.282482903735, 161.454497632825, 181.286165176223, 203.445554971068, 180.063124671226, 174.855339295108, 194.437138348238];[161.739789916626, 161.73369081980218, 161.72759172297833, 161.72149262615451, 161.7153935293307, 161.70929443250688, 161.70319533568306, 161.69709623885925];1998-02-01;1998-03-22
3;8;THETA_normal;0.1343576478422882;57.142857142857146;0.13108621017894495;20.955194361665377;0.1310407486166224;19.017100985809893;[165.079365079365, 179.124149659864, 140.532879818594, 118.976757369615, 127.551020408163, 121.683673469388, 139.866780045352, 162.81179138322];[146.43485072832968, 146.5067598694913, 146.57866901065293, 146.65057843923844, 146.72248786782393, 146.79439729640944, 146.86630643757107, 146.9382155787327];1997-12-07;1998-01-25
67;8;THETA_normal;0.133807675022961;28.571428571428573;0.144060827728978;46.91829767568972;0.1440339506634678;38.79747201470293;[239.768542872172, 240.099553761536, 305.010520778538, 215.960331177886, 325.841662283009, 232.160391773753, 294.397685428722, 310.928458705944];[247.07103591196284, 246.85200899828953, 246.63298224211013, 246.41395532843683, 246.19492841476355, 245.97590165858415, 245.75687490240475, 245.53784783123757];1997-10-12;1997-11-30
65;8;THETA_normal;0.13088473141412527;57.142857142857146;0.1340251504633217;30.351456868633594;0.13398638179332523;23.448301398408724;[208.061546554445, 199.039978958443, 219.463440294582, 163.216728037875, 125.889315922757, 159.166228300894, 170.462914255655, 171.620199894792];[166.36877013148103, 166.38173434297582, 166.39469825456058, 166.4076624660554, 166.4206266775502, 166.433590889045, 166.44655480062977, 166.45951901212456];1997-12-07;1998-01-25
3;8;THETA_normal;0.10975855528870118;42.857142857142854;0.11270496605132427;20.105260272532863;0.11266806907623514;17.304323096348803;[151.020408163265, 120.904195011338, 161.947278911565, 171.697845804989, 170.62074829932, 156.746031746032, 152.749433106576, 181.363378684807];[147.32607143571397, 147.4356835373762, 147.54529563903844, 147.6549077407007, 147.76451984236294, 147.87413250299966, 147.9837446046619, 148.09335670632416];1997-10-12;1997-11-30
68;8;THETA_normal;0.10415471043351104;57.142857142857146;0.09409996454293434;15.216518856581583;0.09405956924114672;10.996962486591707;[124.289847448711, 135.152551288795, 120.226196738559, 119.765912677538, 92.0042083114152, 127.840610205155, 107.219884271436, 119.963177275118];[127.17762475858308, 127.1614539101315, 127.14528302196861, 127.12911215366137, 127.11294128535413, 127.09677043690256, 127.08059956859532, 127.06442868043241];1998-03-29;1998-05-17
65;8;THETA_normal;0.09758569642112527;71.42857142857143;0.09683685876748946;20.512013307753747;0.09680859840881337;16.688292881648014;[152.62903907837, 146.015255128879, 150.678900352005, 167.648605996844, 178.39295107838, 169.969439643296, 187.66438716465, 212.26985796949];[171.3368368013999, 171.4290510307174, 171.52126526003494, 171.6134800827707, 171.70569431208824, 171.797909134824, 171.89012336414154, 171.98233759345908];1997-10-12;1997-11-30
68;8;THETA_normal;0.11441987735803587;57.142857142857146;0.10601284889492282;14.27093150583727;0.10596741733378626;12.374669344238837;[116.25460284061, 106.679538815351, 111.638611257233, 98.4613361388742, 125.631246712257, 114.03208837454, 115.334034718569, 114.55812730142];[125.11424337308682, 125.09619275172514, 125.07814213036345, 125.06009150900177, 125.04204088764007, 125.02399026627837, 125.0059396449167, 124.98788870051872];1998-02-01;1998-03-22
69;8;THETA_normal;0.2410462067410943;14.285714285714286;0.20966870833875306;28.107620940505292;0.2095840588310733;26.011239557481723;[121.988427143609, 121.988427143609, 108.035244608101, 107.259337190952, 91.7937927406628, 125.302472382956, 121.501841136244, 109.928984744871];[139.01950943680427, 139.1528085040416, 139.2861075712789, 139.41940663851622, 139.5527057057535, 139.68600380195412, 139.8193018981547, 139.95259999435527];1998-03-29;1998-05-17
4;8;THETA_normal;0.14174699713834588;42.857142857142854;0.15772602426420268;31.784523782706685;0.15767744788353938;25.679396855958295;[176.785714285714, 205.994897959184, 185.572562358277, 174.036281179138, 145.975056689342, 154.024943310658, 155.229591836735, 156.632653061224];[143.73092437220689, 143.6941076699074, 143.6572909676079, 143.62047426530842, 143.583657192843, 143.5468404905435, 143.510023788244, 143.47320708594452];1998-03-29;1998-05-17
68;8;THETA_normal;0.23554989891926664;42.857142857142854;0.24042086870114288;40.241709829961856;0.24033296096024123;33.77669147165618;[169.016307206733, 177.196212519726, 211.349289847449, 121.67280378748, 96.8043135192004, 117.148869016307, 116.504471330878, 96.3822597248614];[130.51118163809994, 130.51763969047306, 130.52409774284618, 130.53055579521933, 130.53701384759245, 130.54347161651876, 130.54992966889188, 130.556387721265];1997-12-07;1998-01-25
69;8;THETA_normal;0.08166292582579865;57.142857142857146;0.08718626320447259;13.455988087020597;0.08715014215286548;10.53215278025385;[118.884797475013, 119.568648079958, 120.278800631247, 112.046291425566, 136.309836927933, 120.817990531299, 116.741188847975, 137.440820620726];[111.81778948251139, 111.94650914394256, 112.07522880537374, 112.20394846680492, 112.3326681282361, 112.46138778966726, 112.59010745109843, 112.71882711252961];1998-02-01;1998-03-22
68;8;THETA_normal;0.11467993156312985;57.142857142857146;0.12611274221544408;24.22954446356043;0.1260691409874779;18.280655616385157;[121.67280378748, 174.381904260915, 154.95791688585, 160.718043135192, 130.35244608101, 125.650660053606, 129.287217254077, 162.098895318254];[129.80367722180867, 129.81133146865758, 129.81898571550653, 129.82663996235544, 129.8342942092044, 129.8419487257875, 129.8496029726364, 129.85725721948535];1997-10-12;1997-11-30
4;8;THETA_normal;0.15934691693666891;57.142857142857146;0.17416510966370635;26.70974961770273;0.17410576272015002;25.567431588582668;[151.743197278912, 174.433106575964, 153.047052154195, 148.90873015873, 165.915532879819, 157.879818594104, 157.596371882086, 158.758503401361];[133.42204328941023, 133.2922758218596, 133.16250835430895, 133.03274126083903, 132.9029737932884, 132.77320632573776, 132.6434392322678, 132.5136721387979];1998-02-01;1998-03-22
69;8;THETA_normal;0.19195804721537668;57.142857142857146;0.1803202869082858;24.55799754446504;0.1802496167870704;23.180414765274165;[141.714886901631, 151.749079431878, 168.332456601788, 106.575486586007, 103.629668595476, 105.576012624934, 117.148869016307, 114.137296159916];[133.60684720838307, 133.76596237896354, 133.925077549544, 134.08419272012446, 134.24330789070493, 134.4024230612854, 134.56153823186585, 134.72065340244632];1997-12-07;1998-01-25
72;8;THETA_normal;0.2681123058181284;85.71428571428571;0.3187067956858467;33.512498733459324;0.3185368116819814;29.992063485544985;[120.436612309311, 118.069437138348, 105.128879537086, 97.4224092582851, 78.563913729616, 128.287743293004, 102.301420305103, 95.9100473435034];[75.85107498209763, 75.82876623828034, 75.80645749446303, 75.78414875064573, 75.76184000682842, 75.73953126301112, 75.71722251919383, 75.69491377537652];1998-03-29;1998-05-17
69;8;THETA_normal;0.07884357902579545;57.142857142857146;0.08257618610851337;11.411684493937177;0.0825438815513468;10.55383949201662;[130.168332456602, 126.933193056286, 138.032614413466, 132.877432930037, 127.814308258811, 129.096215024674, 132.088374539716, 140.426091530773];[120.87610491167106, 121.0902837543894, 121.30446259710774, 121.51864143982608, 121.73282022101942, 121.94699900221276, 122.1611777834061, 122.37535656459946];1997-10-12;1997-11-30
4;8;THETA_normal;0.08370656085072131;42.857142857142854;0.09386333931135979;27.110956710227537;0.09383367656655289;15.014304443060198;[144.827097505669, 155.768140589569, 211.09693877551, 139.455782312925, 130.881519274376, 134.948979591837, 134.679705215419, 145.266439909297];[137.8386712484149, 137.78246255473968, 137.7262540465417, 137.67004553834371, 137.61383693740711, 137.55762842920916, 137.50141982827256, 137.44521127370527];1997-12-07;1998-01-25
72;8;THETA_normal;0.28062897333098447;0.0;0.3352302995825917;37.944230315060715;0.3350679057493727;34.67449820690164;[123.619147816938, 110.994213571804, 123.395581273014, 142.162019989479, 125.867964229353, 116.491320357706, 114.005786428196, 84.4292477643346];[82.94616197195144, 82.94616197195144, 82.94616197195144, 82.94616197195144, 82.94616197195144, 82.94616197195144, 82.94616197195144, 82.94616197195144];1998-02-01;1998-03-22
70;8;THETA_normal;0.18880522481644085;42.857142857142854;0.1939353776559803;19.515653513057433;0.1938243187743706;17.182693100300703;[105.08942661757, 88.4928984744872, 82.9203301520504, 57.9694897422409, 96.8306154655445, 105.470804839558, 111.493950552341, 104.497632824829];[83.221881658381, 83.25723929416482, 83.29259692994864, 83.32795456573247, 83.3633122015163, 83.3986698373001, 83.43402747308393, 83.46938510886775];1998-03-29;1998-05-17
4;8;THETA_normal;0.5803406462814711;14.285714285714286;0.3178674026559108;47.57441836420624;0.31771873548821417;37.01830385641549;[30.7256235827664, 116.624149659864, 163.137755102041, 199.475623582767, 117.247732426304, 147.151360544218, 156.391723356009, 166.751700680272];[136.53215358088343, 136.48214910553634, 136.432144650122, 136.38214017477495, 136.33213571936062, 136.28213124401353, 136.2321267885992, 136.1821222933194];1997-10-12;1997-11-30
72;8;THETA_normal;0.20572713663703548;28.571428571428573;0.22813939910381642;46.08845947259904;0.22806066097991937;34.02314844493365;[174.132035770647, 154.537085744345, 236.112572330352, 152.643345607575, 119.950026301946, 114.886901630721, 102.774855339295, 107.837980010521];[126.00773600783265, 126.02085546964722, 126.03397493146178, 126.04709439327637, 126.06021385509095, 126.07333331690552, 126.08645277872009, 126.09957224053467];1997-12-07;1998-01-25
70;8;THETA_normal;0.1773358790602027;28.571428571428573;0.19724713859211188;18.91017122537751;0.1971354550138582;17.43320945404073;[102.380326144135, 101.052077853761, 90.2814308258812, 92.0699631772751, 107.653866386112, 96.8569174118885, 91.8595476065228, 83.4692267227775];[78.14766524491554, 78.18253519265492, 78.21740514039432, 78.25227508813371, 78.28714503587311, 78.3220149836125, 78.3568849313519, 78.39175487909128];1998-02-01;1998-03-22
72;8;THETA_normal;0.11674681965013328;0.0;0.12629706344150307;22.55385400402736;0.1262452801849625;15.570211391495523;[111.980536559705, 93.1746449237245, 115.110468174645, 137.40136770121, 116.162546028406, 109.869492247188, 126.854287217254, 163.098369279327];[110.75043666441758, 110.75043666441758, 110.75043666441758, 110.75043666441758, 110.75043666441758, 110.75043666441758, 110.75043666441758, 110.75043666441758];1997-10-12;1997-11-30
5;8;THETA_normal;0.13994155121476817;71.42857142857143;0.13920771682459016;20.97287646506098;0.1391503533308741;17.116752091946843;[158.630952380952, 132.681405895692, 126.615646258503, 123.228458049887, 86.139455782313, 131.490929705215, 141.425736961451, 129.549319727891];[120.18842462101858, 120.15934605779817, 120.13026749457777, 120.10118893135736, 120.07211036813693, 120.04303180491652, 120.01395324169611, 119.98487467847569];1998-03-29;1998-05-17
70;8;THETA_normal;0.19206139515908335;57.142857142857146;0.17301794564197298;16.11649634198199;0.17291052859125708;14.066039744878598;[96.6859547606522, 101.341399263545, 99.5397159389795, 64.9526564965808, 57.8905839032089, 73.7375065754865, 81.4965807469752, 83.6796422935297];[87.09389691451322, 87.20891621127036, 87.32393550802749, 87.43895480478463, 87.55397392851667, 87.6689933982989, 87.78401252203092, 87.89903199181316];1997-12-07;1998-01-25
73;8;THETA_normal;0.15122596690777332;57.142857142857146;0.1663358450976301;19.14603334022864;0.16625180362421638;16.50895311598093;[105.878485007891, 106.167806417675, 117.674907943188, 96.4360862703839, 82.6407154129406, 123.277222514466, 100.749605470805, 97.0804839558126];[88.80886474801795, 88.79381818558424, 88.77877162315053, 88.76372506071682, 88.74867849828311, 88.73363193584939, 88.71858537341568, 88.70353881098197];1998-03-29;1998-05-17
70;8;THETA_normal;0.07170511715608949;57.142857142857146;0.07489892107610796;8.965237484310782;0.07486078279818868;7.361086656551526;[105.48395581273, 88.0326144134666, 91.8463966333509, 102.393477117307, 110.323513940032, 104.00415821247, 91.4913203577065, 92.3855865334034];[93.31425916347851, 93.42413569042866, 93.53401221737882, 93.64388874432898, 93.75376527127914, 93.8636417982293, 93.97351832517946, 94.0833948521296];1997-10-12;1997-11-30
5;8;THETA_normal;0.1313845004508345;57.142857142857146;0.12922969029619866;19.037223520040325;0.1291792635255823;16.684744381003682;[157.823129251701, 121.343537414966, 144.855442176871, 131.675170068027, 150.141723356009, 101.264625611774, 107.256235827664, 137.074829931973];[129.1030465820553, 129.10850851156454, 129.11397044107377, 129.119432370583, 129.12489430009225, 129.1303562296015, 129.13581815911073, 129.14128008862];1998-02-01;1998-03-22
73;8;THETA_normal;0.06745038275010655;57.142857142857146;0.06768326600631007;6.8213390073379765;0.06764543055797925;6.062711364343604;[99.8684902682798, 86.4281956864808, 98.185165702262, 80.7206733298264, 85.4944765912677, 92.7143608627038, 91.5176223040504, 81.1305900582222];[88.92415363067296, 88.91914755485826, 88.91414147904354, 88.90913499810817, 88.90412892229347, 88.8991224413581, 88.89411636554338, 88.88910988460802];1998-02-01;1998-03-22
73;8;THETA_normal;0.07636411300798841;0.0;0.0811362496210819;13.068659122366299;0.0810944052279757;7.93707847900191;[87.9931614939505, 98.9216201998949, 124.053129931615, 90.0184113624407, 89.2951078379801, 80.2472382956338, 85.652288269332, 86.5619419782642];[90.07250673452667, 90.07250673452667, 90.07250673452667, 90.07250673452667, 90.07250673452667, 90.07250673452667, 90.07250673452667, 90.07250673452667];1997-12-07;1998-01-25
71;8;THETA_normal;0.12232107865831662;42.857142857142854;0.13369859506790854;17.36220782948611;0.133636169166341;14.337364470156064;[113.164124145187, 115.097317201473, 102.340873224618, 108.561283534982, 96.7517096265124, 131.141504471331, 105.786428195687, 117.030510257759];[97.08447530852995, 97.04270351128879, 97.00093171404764, 96.95915991680648, 96.91738811956533, 96.87561632232418, 96.83384439354276, 96.79207259630161];1998-03-29;1998-05-17
5;8;THETA_normal;0.205582227170451;57.142857142857146;0.2466154379009176;66.79354447022033;0.24654239052009702;43.2442230924412;[169.742063492063, 195.025510204082, 298.767006802721, 173.724489795918, 131.434240362812, 112.613378684807, 123.001700680272, 138.832199546485];[131.56157342709457, 131.57906494139704, 131.5965564556995, 131.61404797000193, 131.63153871017232, 131.64903022447479, 131.66652096464514, 131.6840124789476];1997-12-07;1998-01-25
73;8;THETA_normal;0.0930765262164884;0.0;0.08928534602811669;10.127544976602412;0.08923543464950241;8.027808045890675;[83.114150447133, 88.9663335086796, 103.971593897948, 71.462388216728, 93.7006838506049, 101.334510658551, 91.8858495528669, 100.644397685429];[92.45563393311981, 92.45563393311981, 92.45563393311981, 92.45563393311981, 92.45563393311981, 92.45563393311981, 92.45563393311981, 92.45563393311981];1997-10-12;1997-11-30
71;8;THETA_normal;0.13757526220110522;71.42857142857143;0.15290469775812238;22.222196326866552;0.1528355314284161;17.003289300724894;[111.204629142557, 102.301420305103, 146.317727511836, 111.099421357181, 128.840084166228, 110.086796422935, 103.730224335921, 91.3992635455024];[97.78783582414769, 97.74695798508913, 97.70608017816733, 97.66520235517714, 97.62432448398181, 97.58344662885486, 97.54256877372791, 97.50169093868644];1998-02-01;1998-03-22
5;8;THETA_normal;0.1318481162100733;57.142857142857146;0.13703499546067238;27.230152086387754;0.13698657917753332;19.69430762890437;[125.637755102041, 101.814058956916, 133.361678004535, 149.404761904762, 138.775510204082, 131.490929705215, 174.050453514739, 188.520408163265];[133.45713263235228, 133.5314865076386, 133.6058403829249, 133.68019425821117, 133.75454962798764, 133.82890499776414, 133.90325887305042, 133.97761274833672];1997-10-12;1997-11-30
71;8;THETA_normal;0.16961018843509612;42.857142857142854;0.19793849890406973;42.89072428645987;0.1978537520265407;24.39589055005556;[90.110468174645, 118.766438716465, 209.416096791163, 101.354550236718, 75.5917937927406, 96.528143082588, 108.600736454498, 100.184113624408];[93.71558114488299, 93.67149968811249, 93.62741803760119, 93.58333638708989, 93.53925473657857, 93.49517308606727, 93.45109143555597, 93.40700978504466];1997-12-07;1998-01-25
74;8;THETA_normal;0.27226595316363134;14.285714285714286;0.2287104995236089;30.135457918603063;0.22861165892171653;26.537058888614467;[128.39295107838, 121.357180431352, 104.826407154129, 102.840610205155, 80.41820094687, 114.176749079432, 109.07417148869, 94.3450815360337];[133.1938262475301, 133.27158395033868, 133.3493415279128, 133.42709910548692, 133.50485668306106, 133.58261426063518, 133.6603718382093, 133.73812941578342];1998-03-29;1998-05-17
71;8;THETA_normal;0.12002502596221704;57.142857142857146;0.11282438524458312;13.42083707158437;0.11276120747118595;10.196628807610969;[99.7238295633876, 113.847974750131, 102.801157285639, 97.0147290899527, 64.6896370331404, 95.8768567921645, 85.7180431351921, 96.357180431352];[93.58907846416321, 93.49966629605666, 93.41025432085164, 93.32084215274509, 93.23143017754006, 93.14201820233504, 93.05260603422849, 92.96319405902346];1997-10-12;1997-11-30
74;8;THETA_normal;0.18409931919319594;57.142857142857146;0.16408904711250644;21.857062937305212;0.16401955365729093;19.39477790452979;[104.642293529721, 119.226722777486, 95.6721071735725, 109.876380852183, 117.6223040505, 98.9084692267228, 134.731720147291, 117.135718043135];[130.480375860234, 130.51964102376468, 130.55890618729535, 130.59817135082602, 130.6374367554499, 130.67670216007377, 130.71596732360445, 130.75523272822835];1998-02-01;1998-03-22
75;8;THETA_normal;0.1291302358099281;42.857142857142854;0.13940585710030814;16.696172215463122;0.13934152277643763;15.11590975265118;[105.510257759074, 122.553918990005, 111.809573908469, 110.349815886376, 94.3976854287217, 124.053129931615, 117.872172540768, 120.476065228827];[99.49948513929479, 99.51498157359548, 99.53031858656031, 99.5454976363113, 99.56052261117367, 99.57539594135073, 99.59011908496447, 99.60469544429945];1998-03-29;1998-05-17
78;8;THETA_normal;0.09224212429854639;0.0;0.09775154524077462;13.1618645459747;0.09770848086384668;11.106546467897152;[119.187269857969, 118.621778011573, 120.449763282483, 131.614939505523, 99.8290373487638, 120.620725933719, 105.247238295634, 109.481851657023];[106.51192021517875, 106.51192021517875, 106.51192021517875, 106.51192021517875, 106.51192021517875, 106.51192021517875, 106.51192021517875, 106.51192021517875];1998-03-29;1998-05-17
74;8;THETA_normal;0.18361362084331873;57.142857142857146;0.17154664188929403;25.051414837377667;0.17148007955750103;22.290246212014885;[138.466596528143, 143.648079957917, 175.381378221988, 119.345081536034, 108.824302998422, 107.3776959495, 107.916885849553, 109.547606522883];[135.72727763671458, 135.83559283647378, 135.94390780827442, 136.05222300803362, 136.16053797983426, 136.26885317959346, 136.37716837935267, 136.48548357911187];1997-12-07;1998-01-25
75;8;THETA_normal;0.13764166811719666;42.857142857142854;0.14905998955004315;15.727983829865158;0.1489844970104327;14.7201097411465;[113.637559179379, 102.038400841662, 104.734350341925, 99.0794318779589, 108.153603366649, 102.446081009995, 98.1325618095739, 112.966859547607];[90.42270192080454, 90.42516648794735, 90.42720232696979, 90.42882926344967, 90.43006687514512, 90.43093374853531, 90.43144673536142, 90.43162268736458];1998-02-01;1998-03-22
74;8;THETA_normal;0.12236605450720908;42.857142857142854;0.11445597904753006;16.262055021572287;0.11441207213781504;14.929013175327507;[120.765386638611, 116.631030809659, 115.215675960021, 140.294581799053, 126.657022619674, 122.178803136194, 122.225144660705, 149.158337716991];[138.1076791952544, 138.2603710422946, 138.41306242786, 138.5657542749002, 138.71844566046562, 138.8711375075058, 139.02382889307125, 139.17652074011144];1997-10-12;1997-11-30
78;8;THETA_normal;0.07412580845758046;0.0;0.07732474849196644;10.917959402527465;0.0772899328230124;8.60274997264501;[120.213045765387, 104.168858495529, 120.502367175171, 99.4871120462915, 126.82798527091, 108.627038400842, 98.844950920926, 107.088374539716];[105.96794495405972, 105.96794495405972, 105.96794495405972, 105.96794495405972, 105.96794495405972, 105.96794495405972, 105.96794495405972, 105.96794495405972];1998-02-01;1998-03-22
78;8;THETA_normal;0.11790466763211187;0.0;0.12357240392199013;18.92952630458733;0.12351749763826761;14.058390320883715;[108.534981588638, 114.742240925828, 151.196738558653, 124.105733824303, 93.0168332456601, 95.0420831141505, 95.2788006312467, 102.774855339295];[106.01069849240228, 106.01069849240228, 106.01069849240228, 106.01069849240228, 106.01069849240228, 106.01069849240228, 106.01069849240228, 106.01069849240228];1997-12-07;1998-01-25
75;8;THETA_normal;0.21151613180462894;57.142857142857146;0.20591932445544997;21.918745977393435;0.2058083026857362;19.442161007133713;[117.569700157812, 108.666491320358, 132.601262493425, 79.8921620199894, 88.2430299842189, 64.8605996843766, 75.0416894795794, 82.2856391372961];[93.41060338573394, 93.42084643723848, 93.43062754203945, 93.43996681601196, 93.44888305792024, 93.45739434810444, 93.46551780900589, 93.47326972490441];1997-12-07;1998-01-25
81;8;THETA_normal;0.1616967473057997;28.571428571428573;0.17936080026031362;18.369228378016192;0.17925816333487832;15.720300843451833;[92.0962651236192, 87.2435560231457, 101.95949500263, 79.9710678590215, 71.2388216728039, 108.94266175697, 102.459231983167, 89.452919516044];[77.46073201815088, 77.47966216385024, 77.49813851591108, 77.5161768162058, 77.53379212327795, 77.55099890092185, 77.56781096756572, 77.58424158485124];1998-03-29;1998-05-17
78;8;THETA_normal;0.08710639551068507;0.0;0.08293838096467408;10.683419665414094;0.08289747230562414;8.434929074207187;[95.8837453971595, 84.4423987375066, 107.285639137296, 109.771173066807, 94.7418472912574, 106.174068785852, 119.568648079958, 100.252105050332];[105.76177389334012, 105.76177389334012, 105.76177389334012, 105.76177389334012, 105.76177389334012, 105.76177389334012, 105.76177389334012, 105.76177389334012];1997-10-12;1997-11-30
81;8;THETA_normal;0.1378473550464828;28.571428571428573;0.14948025479190563;13.421352128181415;0.14939085640806232;12.497804988898865;[94.9785648083537, 93.0825881115203, 87.7827459231984, 81.9437138348238, 94.58179905313, 90.3603366649132, 82.0226196738559, 86.9542346133614];[76.39003454879835, 76.41270598323086, 76.43479997826883, 76.45633756586352, 76.47733887677825, 76.49782318501305, 76.51780892049749, 76.53731371351542];1998-02-01;1998-03-22
75;8;THETA_normal;0.0493898473419161;57.142857142857146;0.04764082630156713;5.996763568922983;0.04761643902025021;4.65413055260583;[91.8595476065229, 90.7548658600737, 101.617569700158, 104.103103629669, 92.2277748553393, 102.70221186844, 100.512887953709, 104.405576012625];[100.9218042233898, 100.96314849885123, 101.00391978589522, 101.04413252124127, 101.08380014597297, 101.12293460772025, 101.16154934756676, 101.19965581532448];1997-10-12;1997-11-30
79;8;THETA_normal;0.11624882594871294;42.857142857142854;0.11462215405856396;22.078968840747677;0.11458492424477852;17.809639892173834;[173.277222514466, 184.784324039979, 177.367175170963, 149.658074697527, 114.781693845345, 176.065228826933, 152.130457653866, 153.208837453972];[154.1459085281032, 154.21282583505968, 154.278485201166, 154.34292805103058, 154.40619411396813, 154.46832143343565, 154.52934655417513, 154.58930451435037];1998-03-29;1998-05-17
81;8;THETA_normal;0.12477067617313158;85.71428571428571;0.13883984797719673;17.42156205455471;0.13876083248776822;12.29181215859123;[83.4429247764334, 104.471330878485, 115.86007364545, 72.4618621778012, 72.7511835875856, 80.0236717517096, 82.140978432404, 87.0988953182535];[77.26479909813261, 77.29717341160678, 77.32893547914011, 77.36010525251727, 77.39070209670571, 77.42074439864423, 77.45025034966591, 77.47923638065221];1997-12-07;1998-01-25
76;8;THETA_normal;0.08008893406172901;42.857142857142854;0.07692779881500028;11.501211146776791;0.07689509719917732;9.07918524005861;[118.503419253025, 131.141504471331, 117.306680694371, 108.140452393477, 98.2640715412941, 135.178853235139, 121.514992109416, 126.604418726986];[121.71801773811946, 121.71916084895943, 121.72030374047654, 121.72144674165507, 121.72258974283362, 121.72373263435072, 121.7248757451907, 121.72601874636923];1998-03-29;1998-05-17
81;8;THETA_normal;0.07970209895384592;57.142857142857146;0.07959995791103258;8.428752221737984;0.07955214336939484;6.654520769683524;[70.3182535507628, 74.184639663335, 82.8379800105207, 90.4918463966333, 87.7564439768542, 85.3692292277247, 84.797475013151, 99.0794318779589];[82.69965176992625, 82.77016028740368, 82.84004620444952, 82.90931658714686, 82.97797850157876, 83.04604136918934, 83.11351147094135, 83.18039744315855];1997-10-12;1997-11-30
79;8;THETA_normal;0.18486348129020647;57.142857142857146;0.19802274149174745;33.36810489803187;0.19795406789004938;28.87341186972742;[133.784850078906, 166.241451867438, 147.606522882693, 174.473961073119, 193.240399789585, 152.498684902683, 101.657022619674, 156.680694371384];[131.56544150594036, 131.7210414029824, 131.87664130002443, 132.03224119706647, 132.18784109410848, 132.34344099115052, 132.49904088819255, 132.6546407852346];1998-02-01;1998-03-22
79;8;THETA_normal;0.16124496204439148;28.571428571428573;0.17543772493242016;37.66473097941401;0.17538609511955155;30.13211415291872;[206.338769068911, 182.903734876381, 231.825355076276, 179.32551461756, 145.752235665439, 141.359810625986, 134.652814308259, 138.953182535508];[153.08578577405686, 153.17739342231602, 153.26715875566032, 153.3551473034238, 153.4414214595076, 153.52604095451107, 153.60906309784986, 153.6905424630022];1997-12-07;1998-01-25
82;8;THETA_normal;0.18261265519859177;42.857142857142854;0.1980088632544308;46.9502819377835;0.1979623384250883;42.431677019201516;[202.301420305103, 234.061020515518, 232.009468700684, 219.31877958969, 158.074697527617, 263.729615991584, 237.940557601263, 267.88532351394];[193.02188180459865, 193.10122127801034, 193.1805598385664, 193.25989885555032, 193.3392378725342, 193.41857688951808, 193.49791636292974, 193.57725537991362];1998-03-29;1998-05-17
76;8;THETA_normal;0.10193350278174021;57.142857142857146;0.10087616377070086;13.74267162701484;0.1008346813933604;12.314328527517526;[112.429906207617, 132.548658600737, 119.055760126249, 146.054708048395, 133.140452393477, 103.274592319832, 108.245660178853, 114.794844818517];[122.25921405423689, 122.26364279927714, 122.26807154431738, 122.27250028935762, 122.27692903439785, 122.2813577794381, 122.2857864142996, 122.29021515933982];1998-02-01;1998-03-22
79;8;THETA_normal;0.05895144143267749;71.42857142857143;0.057058844451434304;13.061321741965102;0.0570408465717428;9.075341419599422;[156.207259337191, 161.454497632825, 166.543924250395, 135.921271892941, 162.690689110994, 150.361338643822, 162.243556023146, 184.061020515518];[162.29088525014964, 162.46476834029514, 162.636484373778, 162.80609176829995, 162.97364494035034, 163.13919750617598, 163.30279988105374, 163.46450408074546];1997-10-12;1997-11-30
82;8;THETA_normal;0.17485295495909117;42.857142857142854;0.18154839193159972;38.242997378666665;0.1815017722197319;35.68012508534007;[238.124671225671, 138.992635455024, 205.063124671226, 204.274066280905, 238.019463440295, 214.03208837454, 228.603366649132, 207.403997895844];[185.12499710725712, 185.13872672333218, 185.15208681472964, 185.16509036686676, 185.17774991738787, 185.1900775561643, 185.20208470140787, 185.21378265938702];1998-02-01;1998-03-22
76;8;THETA_normal;0.10710493042178158;0.0;0.11353449957151122;20.355667184987368;0.11349063911593013;14.812247986269421;[108.179905312993, 155.365597054182, 162.322461862178, 111.559705418201, 111.796422935297, 122.514466070489, 114.005786428196, 117.49079431878];[120.6640366583867, 120.6640366583867, 120.6640366583867, 120.6640366583867, 120.6640366583867, 120.6640366583867, 120.6640366583867, 120.6640366583867];1997-12-07;1998-01-25
82;8;THETA_normal;0.07979038950857792;57.142857142857146;0.0864843079396561;25.70903051435716;0.08646351443847057;18.008920035874034;[219.200420831142, 223.934771173067, 190.781167806418, 245.055234087322, 194.410836401894, 194.963177275118, 192.043661230931, 206.220410310363];[189.9282777898724, 190.03942401366888, 190.15057023746536, 190.26171691005825, 190.37286313385474, 190.48400935765122, 190.5951555814477, 190.70630180524418];1997-12-07;1998-01-25
80;8;THETA_normal;0.11341753204228848;57.142857142857146;0.12179935189187352;9.29571618961479;0.12170013150724435;7.499734644715231;[60.9153077327723, 68.5560231457128, 54.1688584955287, 60.8232509205681, 51.4334560757496, 74.9605470804839, 58.3377169910573, 68.3587585481326];[56.481967401645655, 56.50843884224442, 56.53491027680923, 56.561381729475926, 56.58785317912564, 56.61432461708455, 56.64079605428922, 56.667267500921945];1998-03-29;1998-05-17
76;8;THETA_normal;0.14036418855347568;42.857142857142854;0.12328597389239604;19.67231373668629;0.12323208480854433;14.173169151239971;[122.869542346134, 93.4113624408206, 133.890057864282, 140.149921094161, 125.749605470805, 112.276120337667, 89.1241451867439, 127.958968963703];[127.28805731738629, 127.34832372053815, 127.40859053497213, 127.46885693812399, 127.52912375255798, 127.58939015570984, 127.64965697014382, 127.70992337329568];1997-10-12;1997-11-30
82;8;THETA_normal;0.18972660984870193;42.857142857142854;0.18700966024941723;40.66650594467942;0.18695992101285966;35.74582470429384;[195.252498684903, 152.327722251446, 206.273014203051, 229.050499736981, 199.434508153603, 128.779436112513, 250.683850604945, 234.942135718043];[186.64380011520853, 186.76802173644924, 186.89224378519276, 187.01646583393625, 187.140687455177, 187.26490950392048, 187.38913155266397, 187.5133536014075];1997-10-12;1997-11-30
80;8;THETA_normal;0.14406913363381263;14.285714285714286;0.15355468974942776;10.396530083060643;0.1534286412330078;9.387538815916344;[71.8306154655444, 66.6491320357706, 64.3608627038402, 48.1194108364019, 72.6459758022093, 67.4250394529195, 60.0473435034192, 59.9158337716991];[56.49817570807873, 56.52844967934479, 56.558723650610844, 56.58899757294571, 56.61927154421176, 56.64954551547782, 56.67981943781269, 56.710093409078745];1998-02-01;1998-03-22
83;8;THETA_normal;0.16945543866498886;42.857142857142854;0.19187480208222535;29.383133586619422;0.1917982639374965;24.13504736414967;[129.642293529721, 133.153603366649, 149.894792214624, 117.438190426092, 108.153603366649, 164.62388216728, 122.514466070489, 134.402945817991];[108.6189323898987, 108.55506215647274, 108.49119219673454, 108.42732196330859, 108.36345200357039, 108.29958177014443, 108.23571153671848, 108.17184130329254];1998-03-29;1998-05-17
80;8;THETA_normal;0.18911378692758773;42.857142857142854;0.21043961725396337;21.014395332912763;0.21029023197029825;15.190789709929662;[84.9815886375592, 77.2488164124145, 110.455023671752, 67.9510783798001, 54.1184911629039, 49.973698053656, 56.9963177275118, 59.4292477643346];[60.89947946184948, 60.98745233575977, 61.07542520967006, 61.16339808358035, 61.251370957490636, 61.339343831400925, 61.42731670531121, 61.51528888297469];1997-12-07;1998-01-25
77;8;THETA_normal;0.11759309239926849;42.857142857142854;0.12507454939333867;21.49747881355148;0.12503023281394934;17.724801458807242;[150.078905839032, 153.274592319832, 131.91741188848, 133.732246186218, 113.834823776959, 173.066806943714, 156.299316149395, 146.133613887428];[131.4528351457912, 131.46046744777675, 131.4680997497623, 131.47573205174788, 131.48336456678936, 131.49099686877491, 131.4986293838164, 131.50626168580195];1998-03-29;1998-05-17
80;8;THETA_normal;0.14911600551800958;57.142857142857146;0.1647847157574969;12.839750073048142;0.16466113840188779;11.002749977308728;[60.2840610205156, 56.3650710152552, 67.7012098895319, 81.6149395055234, 69.9237243556023, 75.4402444828535, 70.2656496580747, 76.2098895318253];[59.15041034110954, 59.23310976079409, 59.31580918047864, 59.39850860016318, 59.481208019847735, 59.56390743953228, 59.64660685921683, 59.729306930647546];1997-10-12;1997-11-30
83;8;THETA_normal;0.20906901038168213;57.142857142857146;0.23544901936099272;26.665402012873972;0.23533948073811617;25.33337652345641;[114.189900052604, 119.266175697002, 114.479221462388, 110.099947396107, 136.507101525513, 124.329300368227, 111.09942135718, 123.001052077854];[94.52548255969168, 94.31481266229176, 94.10414276489183, 93.89347286749192, 93.68280351995301, 93.47213417241409, 93.26146482487519, 93.05079437761425];1998-02-01;1998-03-22
77;8;THETA_normal;0.10200441808089132;57.142857142857146;0.11027750611839479;19.269821940080103;0.11023738577804762;15.178308819007011;[146.251972645976, 134.652814308259, 125.3287743293, 138.479747501315, 165.833771699106, 146.856917411889, 142.267227774855, 127.511835875855];[126.63417900594006, 132.49911300085492, 130.94947252301748, 124.28513758925874, 124.9679362522368, 124.53904357378764, 129.39951442354064, 123.72359101329756];1998-02-01;1998-03-22
83;8;THETA_normal;0.11938573241140853;57.142857142857146;0.11676135374740754;15.588374339242524;0.11670403996493028;12.018894340519067;[107.259337190952, 81.0516842191901, 135.257759074172, 96.2914255654919, 108.258811152025, 100.289321409784, 85.9679116254603, 96.2388216728037];[103.25783522615843, 103.17650656254656, 103.095177881538, 103.01384921792614, 102.93252055431425, 102.85119189070238, 102.76986322709051, 102.68853456347864];1997-12-07;1998-01-25
84;8;THETA_normal;0.16364435512983172;57.142857142857146;0.1433901623304149;15.489054363805987;0.1433058333747914;12.21323986317806;[87.8748027354024, 96.3834823776959, 81.9042609153076, 77.6170436612309, 64.7159389794845, 86.8490268279853, 95.1472908995265, 75.6706996317728];[95.24614837643078, 95.2317103360884, 95.21727229574603, 95.20283404915477, 95.1883960088124, 95.17395796847003, 95.15951992812766, 95.1450818877853];1998-03-29;1998-05-17
83;8;THETA_normal;0.09512115628268486;42.857142857142854;0.10040289569795183;13.512719153296697;0.10035983861691103;11.72086003414526;[120.725933719095, 110.849552866912, 119.187269857969, 126.906891109942, 134.179379274066, 116.839508028356, 101.459758022094, 125.946870068385];[109.9247395721249, 109.91550661022974, 109.9065981081597, 109.89800075474245, 109.88970290270224, 109.88169124086673, 109.87395467659235, 109.8664821172355];1997-10-12;1997-11-30
77;8;THETA_normal;0.08394028872393855;71.42857142857143;0.08753021719140226;19.291846911815934;0.08749863145756322;12.260353123840948;[134.758022093635, 139.058390320884, 180.260389268806, 136.467648605997, 111.586007364545, 123.264071541294, 127.077853761178, 131.746449237243];[131.16469279523932, 131.1893148552406, 131.21393691524187, 131.23855897524317, 131.26318103524443, 131.2878026969014, 131.3124247569027, 131.33704681690395];1997-12-07;1998-01-25
84;8;THETA_normal;0.1416874397099784;57.142857142857146;0.13564506175448454;15.234551544742734;0.13557163879229303;12.654262815330885;[118.003682272488, 103.616517622304, 91.6096791162546, 88.9926354550237, 94.4765912677538, 70.8837453971594, 75.7364544976328, 110.849552866912];[95.27682407791515, 95.26930795482521, 95.26179203573936, 95.25427591264942, 95.24675978955948, 95.23924366646952, 95.23172774738369, 95.22421162429373];1998-02-01;1998-03-22
87;8;THETA_normal;0.5415914829606839;28.571428571428573;0.4184908926236286;36.8168816464217;0.4182191202808842;33.072394926106206;[54.1294055760126, 61.7438190426091, 38.5718043135192, 48.7506575486586, 89.5844292477644, 113.637559179379, 120.213045765387, 113.755917937927];[89.32914370424066, 86.93548668780161, 91.02498105953495, 99.98640317390199, 89.40498461715534, 91.88170436759751, 76.78885033516575, 78.61658154636888];1998-03-29;1998-05-17
84;8;THETA_normal;0.1660537824732614;57.142857142857146;0.162679650369178;18.367872063634632;0.16259544347412766;15.90584207405975;[103.642819568648, 116.806943713835, 130.326144134666, 103.866386112572, 74.6712256706997, 101.43345607575, 79.5765386638611, 79.9447659126775];[97.32196454496804, 97.32320559899829, 97.32444665302852, 97.32568770705875, 97.32692876108898, 97.32816981511921, 97.32941086914944, 97.33065192317967];1997-12-07;1998-01-25
77;8;THETA_normal;0.0964173279622943;42.857142857142854;0.10299569828724588;16.3786890416761;0.10295757322251867;13.922523453595751;[134.429247764334, 146.948974224093, 134.100473435034, 147.488164124145, 134.981588637559, 131.252974624884, 131.706996317728, 155.996843766439];[125.69253463266739, 125.69199165174979, 125.69144876905594, 125.69090588636209, 125.69036290544447, 125.68982002275062, 125.68927714005677, 125.68873425736292];1997-10-12;1997-11-30
87;8;THETA_normal;0.18000313912889662;14.285714285714286;0.20349307885555212;25.257551423520447;0.2033928089678127;20.846936486899068;[125.587141747809, 123.619147816938, 123.776959495003, 74.7379944437883, 80.2889277752131, 118.661230931089, 114.73132651272, 103.89492461898];[89.9759039863109, 93.76917407965409, 82.2439071526513, 84.04167208263371, 74.02460534322194, 88.70359650520207, 100.72949816485405, 104.14868982844939];1998-02-01;1998-03-22
84;8;THETA_normal;0.10460829668311336;57.142857142857146;0.1010503541281687;12.012336423414474;0.10099855422441333;9.908671106143004;[98.6454497632825, 114.742240925829, 106.233561283535, 108.429773803262, 83.2062072593372, 100.203526965757, 79.9710678590216, 111.849026827985];[100.10866086523569, 100.12916969433029, 100.1496785234249, 100.17018755026166, 100.19069637935625, 100.21120520845085, 100.23171423528763, 100.25222306438222];1997-10-12;1997-11-30
27;8;THETA_normal;0.11831250960177789;42.857142857142854;0.12168271170942327;17.09878390018049;0.1216311091820303;14.439211117824355;[126.941609977324, 134.353741496599, 118.069727891156, 142.715419501134, 91.2131519274377, 132.001133786848, 118.381519274376, 116.156462585034];[113.6418218102952, 113.64402185766278, 113.64617062523777, 113.64826968682456, 113.65032074737786, 113.65232524955171, 113.6542846797169, 113.65620048052742];1998-03-29;1998-05-17
87;8;THETA_normal;0.8205822205792016;42.857142857142854;0.4883655232516523;43.799819624989105;0.4880062808968008;36.508745397159515;[137.059442398738, 149.86849026828, 85.3366649132035, 28.9058390320883, 22.1593897948448, 51.8937401367701, 91.7411888479748, 101.69647553919];[87.08560984711701, 86.87799220403268, 86.67037456094833, 86.462756917864, 86.25513927477965, 86.04752163169532, 85.83990398861098, 85.63228634552664];1997-12-07;1998-01-25
85;8;THETA_normal;0.0726510048130655;42.857142857142854;0.073544655964655;9.240398091899864;0.07350712516250665;7.229545082961678;[100.657548658601, 108.337716991057, 95.8442924776433, 96.2782745923198, 82.3119410836401, 93.1220410310364, 112.190952130458, 104.208311415045];[96.4145201138556, 96.39596821224688, 96.37751495320312, 96.35916144396998, 96.34090879179318, 96.32275787595607, 96.30470957574198, 96.28676450990586];1998-03-29;1998-05-17
90;8;THETA_normal;0.12189927968089334;14.285714285714286;0.10647605937862065;14.331367963280199;0.10641903373447809;10.024179892941223;[111.401893740137, 99.7106785902157, 96.0415570752236, 95.6601788532352, 67.1488690163072, 109.179379274066, 108.311415044713, 98.10625986323];[103.97150006755426, 103.97582000242876, 103.98002984978743, 103.98413353603559, 103.9881345430799, 103.9920362046607, 103.99584192860154, 103.9995547523103];1998-03-29;1998-05-17
87;8;THETA_normal;0.4337702339317576;0.0;0.3503537867194212;53.841753743427695;0.35023673144383954;52.51979901687221;[137.638085218306, 133.903208837454, 98.9370077331301, 116.899000526039, 123.947922146239, 136.329250269282, 128.208837453972, 126.341399263546];[177.79538794786822, 177.79538794786822, 177.79538794786822, 177.79538794786822, 177.79538794786822, 177.79538794786822, 177.79538794786822, 177.79538794786822];1997-10-12;1997-11-30
85;8;THETA_normal;0.12579831708351313;42.857142857142854;0.1167267318309656;12.280376094634054;0.11666232645949416;10.600118640969459;[81.7464492372435, 100.697001578117, 77.1721471334457, 78.1240569171733, 105.168332456602, 94.0426091530774, 85.9153077327722, 102.235665439243];[96.88865882466335, 96.86945040686574, 96.85027710749593, 96.83114381057368, 96.81205510109713, 96.79301533149206, 96.77402838903949, 96.75509812779585];1998-02-01;1998-03-22
27;8;THETA_normal;0.05501893993260116;57.142857142857146;0.05594983364339198;7.356990959011576;0.05592502179787216;6.31418841358769;[115.674603174603, 109.991496598639, 116.340702947846, 104.294217687075, 125.651927437642, 115.47619047619, 116.085600907029, 103.146258503401];[110.64320089040778, 110.64287337799327, 110.64243543787319, 110.64189245676491, 110.64124982138574, 110.64051255933859, 110.63968551866901, 110.63877354742266];1998-02-01;1998-03-22
90;8;THETA_normal;0.114340875246992;42.857142857142854;0.10424902863706374;12.659090216851672;0.1041936597227549;9.828419643408688;[99.6843766438716, 104.379274066281, 86.3492898474487, 77.590741714887, 107.732772225145, 91.7280378748027, 101.249342451341, 85.5733824302999];[102.16349906553815, 102.16601001819491, 102.16831019195087, 102.17040893465425, 102.17231529260982, 102.17403831212235, 102.17558553177912, 102.17696509325441];1998-02-01;1998-03-22
88;8;THETA_normal;1.0420981899524455;42.857142857142854;0.6328669309519266;54.431882474978025;0.6324774559843487;51.80554495897249;[73.5007890583903, 57.7590741714887, 34.3503419253025, 41.5702261967386, 46.8043135192004, 67.1488690163072, 73.224618621778, 71.9884271436086];[101.34778597089243, 104.40151216881799, 115.2697404335397, 113.6930265655788, 104.38851460032281, 111.64348007710501, 122.98704697997383, 107.0599125283637];1998-03-29;1998-05-17
85;8;THETA_normal;0.17911721463134014;42.857142857142854;0.20968345024144594;36.96875476504629;0.20959626425797992;25.638016715137226;[131.904260915308, 155.944239873751, 176.946344029458, 109.442398737507, 92.5039452919516, 89.9658074697526, 90.5576012624935, 100.512887953708];[98.29827867616355, 98.28676058909161, 98.27539966162603, 98.26419260131695, 98.2531356767212, 98.24222537589227, 98.23145862587698, 98.22083191472879];1997-12-07;1998-01-25
27;8;THETA_normal;0.13224694740776116;71.42857142857143;0.13148210807141247;17.235406758511314;0.13142434019995647;15.077168592537308;[117.956349206349, 129.308390022676, 147.774943310658, 104.634353741497, 96.4143990929705, 96.4285714285714, 100.368480725623, 103.784013605442];[113.56830331602285, 113.57175781181644, 113.57511279433008, 113.57837206798037, 113.58153909521391, 113.58461733847733, 113.58761000373966, 113.59052021147747];1997-12-07;1998-01-25
88;8;THETA_normal;0.06009497324582909;42.857142857142854;0.06057780386910934;5.5205834224865145;0.06053599748952952;4.396894804548737;[74.7764334560758, 67.1225670699632, 70.1998947922146, 64.0320883745397, 77.617043661231, 70.4629142556549, 71.0810099947397, 82.3908469226723];[71.66593070430993, 71.65883861679377, 71.6517465292776, 71.64465444176145, 71.63756235424529, 71.63047026672913, 71.62337817921298, 71.61628609169682];1998-02-01;1998-03-22
90;8;THETA_normal;0.22416776845740416;42.857142857142854;0.2217762653151502;29.815351811922522;0.2216715945567974;24.167923554944583;[97.9221462388217, 132.811678064177, 169.818516570226, 96.6070489216202, 89.4792214623881, 85.9416096791162, 74.8684902682799, 82.4385005624203];[104.46266160175344, 104.468575666139, 104.47428419497932, 104.47979531277234, 104.485117001481, 104.49025667292801, 104.49522159640104, 104.50001861358257];1997-12-07;1998-01-25
85;8;THETA_normal;0.12646763251964516;42.857142857142854;0.13146433583539047;17.391722888586322;0.13140218389042224;14.024273830859938;[94.0689110994213, 82.6670173592846, 105.35244608101, 127.630194634403, 104.839558127301, 92.8378264333964, 111.217780115728, 133.968963703314];[100.63784552919877, 100.63526656822728, 100.63288253116697, 100.63068417593585, 100.62866226045193, 100.62680838282247, 100.62511498134404, 100.62357365412392];1997-10-12;1997-11-30
88;8;THETA_normal;0.5115203453854053;0.0;0.32808477897213495;24.4534463820111;0.32778273471317276;18.191725607795497;[83.8900578642821, 76.0126249342452, 79.7211993687532, 31.3913729615992, 26.1309836927933, 43.2140978432404, 67.924776433456, 69.0150845538987];[71.79311909003555, 71.79311909003555, 71.79311909003555, 71.79311909003555, 71.79311909003555, 71.79311909003555, 71.79311909003555, 71.79311909003555];1997-12-07;1998-01-25
27;8;THETA_normal;0.0444347054042326;71.42857142857143;0.04531833422067271;6.866421845218766;0.04529883387649376;5.271499138104815;[111.961451247165, 105.484693877551, 115.986394557823, 129.393424036281, 115.958049886621, 116.56746031746, 118.098072562358, 118.381519274376];[113.65570553040968, 113.66156193376128, 113.66726305135653, 113.67281460517627, 113.67822231720129, 113.68349111713816, 113.6886262868153, 113.6936324918479];1997-10-12;1997-11-30
86;8;THETA_normal;0.06932601092010368;71.42857142857143;0.06899683345860746;10.541651260402961;0.06897205817146286;9.621107925020597;[151.394003156234, 149.842188321936, 126.43345607575, 128.971593897948, 127.288269331931, 152.998421883219, 144.923724355602, 139.584429247764];[139.6961222830321, 139.66495623397972, 139.63379018492734, 139.60262418173016, 139.57145813267778, 139.5402920836254, 139.50912608042822, 139.47796007723105];1998-03-29;1998-05-17
90;8;THETA_normal;0.11598768386804123;85.71428571428571;0.1090953637432734;13.050795676845322;0.10904157437144985;11.10110879052958;[89.7685428721726, 98.4744871120463, 112.585481325618, 112.66438716465, 83.955812730142, 92.4444527942686, 107.469752761704, 120.844292477643];[106.91414933892123, 106.9291018314456, 106.94370586587061, 106.95797369767793, 106.97191696042934, 106.98554688526775, 106.99887419116673, 107.01190915809751];1997-10-12;1997-11-30
88;8;THETA_normal;0.35520383520457693;57.142857142857146;0.2963801323082079;28.44615777938507;0.29621999502078034;27.459662936616823;[86.599158337717, 71.1336138874277, 81.3256180957391, 86.5334034718569, 67.3066806943715, 88.0783297011598, 74.9342451341399, 84.7711730668068];[107.46366912140485, 107.48688958250894, 107.51011004361303, 107.53333050471711, 107.5565509658212, 107.5797714269253, 107.60299188802938, 107.62621234913348];1997-10-12;1997-11-30
86;8;THETA_normal;0.1153788431625315;57.142857142857146;0.11315681469420563;16.314232491605754;0.11311496723247465;15.35673264868425;[162.151499210942, 129.458179905313, 122.470361106042, 124.263545502367, 144.64755391899, 118.437664387165, 117.661756970016, 153.8532351394];[137.3939902447056, 137.3448402949779, 137.2956903452502, 137.2465403955225, 137.19739082026774, 137.14824087054004, 137.09909092081233, 137.04994097108462];1998-02-01;1998-03-22
89;8;THETA_normal;0.09824324825173456;28.571428571428573;0.0921581229134833;14.550729060669862;0.09212262783520364;11.99219050463826;[135.96791162546, 143.161493950552, 123.474487112046, 121.357180431352, 107.627564439769, 148.724355602314, 142.240925828511, 124.355602314571];[137.18946101576483, 137.24310416994203, 137.29674732411925, 137.35039047829645, 137.4040337710965, 137.45767706389654, 137.51132035669656, 137.5649635801852];1998-03-29;1998-05-17
91;8;THETA_normal;0.07875289412210956;42.857142857142854;0.07531296026605161;12.868340003562555;0.07528063872541058;8.837890893971522;[117.674907943188, 137.006838506049, 120.476065228827, 119.687006838506, 91.9647553918989, 121.580746975276, 133.100999473961, 128.866386112572];[120.51548138002178, 120.52039223138837, 120.52530308275497, 120.53021393412156, 120.53512478548815, 120.54003563685475, 120.54494648822134, 120.54985733958793];1998-03-29;1998-05-17
28;8;THETA_normal;0.10910612564981435;28.571428571428573;0.1089758187277774;22.99469641723241;0.10894243654225824;17.953944814392166;[170.62074829932, 181.56179138322, 164.937641723356, 164.229024943311, 124.759070294784, 205.93820861678, 179.705215419501, 152.18253968254];[161.52847286149785, 161.57977016831333, 161.63008123258282, 161.67943871748412, 161.72787400248933, 161.77541725468197, 161.8220971434888, 161.8679414825329];1998-03-29;1998-05-17
86;8;THETA_normal;0.1692477635316979;42.857142857142854;0.15195788973145619;23.59824821521521;0.15190157359065679;20.515302876953278;[154.905312993161, 116.964755391899, 140.018411362441, 121.870068385061, 118.332456601789, 114.676486059968, 124.395055234087, 145.423461336139];[148.4630674916768, 148.46733181214253, 148.47159613260828, 148.47586045307403, 148.48012477353979, 148.48438909400554, 148.48865264984505, 148.4929169703108];1997-12-07;1998-01-25
89;8;THETA_normal;0.10580015789951694;14.285714285714286;0.10862946994104533;19.07808305311466;0.10859119405903205;15.506040170547903;[160.270910047344, 159.245134139926, 142.859021567596, 131.891109942136, 170.528669121515, 145.476065228827, 138.006312467123, 112.321239209343];[136.90567708949442, 136.9685188798256, 137.0313605314549, 137.09420225243514, 137.15704390406447, 137.21988555569376, 137.2827272073231, 137.3455688589524];1998-02-01;1998-03-22
86;8;THETA_normal;0.1399514742953565;28.571428571428573;0.13016707857180834;22.21539904291261;0.13011991542132698;18.118547774639207;[119.292477643346, 132.469752761704, 140.807469752762, 160.915307732772, 104.089952656497, 143.167756318729, 137.756443976854, 176.643871646502];[146.287316207269, 146.26529038574242, 146.24326417602722, 146.22123835450063, 146.19921175659684, 146.17718554688165, 146.15515972535508, 146.13313351563988];1997-10-12;1997-11-30
91;8;THETA_normal;0.15628407432881442;0.0;0.1355297263284845;18.017472961342207;0.1354628680810816;13.806326618546382;[119.213571804314, 94.8053655970542, 106.536033666491, 102.511835875855, 111.244082062073, 72.6854287217254, 106.667543398211, 97.9352972119938];[113.93710461291008, 113.93710461291008, 113.93710461291008, 113.93710461291008, 113.93710461291008, 113.93710461291008, 113.93710461291008, 113.93710461291008];1998-02-01;1998-03-22
89;8;THETA_normal;0.141137796769427;71.42857142857143;0.13679232115679824;25.41775493899877;0.13674393130076154;19.59348461279413;[149.342451341399, 151.814834297738, 195.647027880063, 141.32035770647, 111.980536559705, 115.518148342977, 122.356654392425, 139.018937401368];[143.1886488273249, 143.35959866349694, 143.53054903333518, 143.70149886950722, 143.87244870567923, 144.0433990755175, 144.2143489116895, 144.38529874786155];1997-12-07;1998-01-25
28;8;THETA_normal;0.07371822624500614;28.571428571428573;0.07809609172254689;17.424717340110423;0.07807353289744304;13.52950302318391;[185.78514739229, 181.590136054422, 170.634920634921, 161.267006802721, 197.335600907029, 163.718820861678, 177.18253968254, 156.607596133316];[162.40116346782236, 162.4687646374707, 162.53525657995283, 162.60067444279275, 162.66505215411058, 162.72842199224473, 162.7908150161297, 162.8522609935664];1998-02-01;1998-03-22
93;8;THETA_normal;0.11735336138119071;71.42857142857143;0.11534547515513005;16.6437050048553;0.11530019166605021;14.814148771595857;[136.743819042609, 152.958968963703, 116.017885323514, 115.005260389269, 100.302472382956, 153.905839032088, 144.397685428722, 124.066280904787];[120.0322108861707, 131.4759108506425, 135.38010959535504, 128.12486585090312, 123.39672405265847, 134.42872869569115, 147.95765199771864, 125.77164649948392];1998-03-29;1998-05-17
91;8;THETA_normal;0.18772211815395387;42.857142857142854;0.18522802923376191;29.03013033341128;0.18515446726987092;23.803163212417147;[140.057864281957, 144.805365597054, 187.375065754866, 132.101525512888, 111.914781693845, 102.630194634403, 89.1767490794318, 110.783798001052];[124.95606585493482, 124.99300385251632, 125.02994185009783, 125.06687984767932, 125.10381784526082, 125.14075584284231, 125.17769384042381, 125.21463183800532];1997-12-07;1998-01-25
89;8;THETA_normal;0.13057874022359656;57.142857142857146;0.12645256976406935;21.257219360236128;0.12640700568756996;17.70713624711596;[120.397159389795, 108.206207259337, 140.268279852709, 163.453445554971, 125.775907417149, 146.560707397109, 133.784850078906, 177.893214097843];[141.27812785999964, 141.46519225754898, 141.6522563940838, 141.83932079163313, 142.02638492816794, 142.21344932571728, 142.4005132012376, 142.5875775987869];1997-10-12;1997-11-30
93;8;THETA_normal;0.04698420302019531;71.42857142857143;0.047154631219807175;6.861159937107932;0.04713618404112849;6.030486803833268;[118.556023145713, 129.116254602841, 137.098895318254, 118.503419253025, 135.796948974224, 127.630194634403, 131.720147290899, 132.916885849553];[127.07669754371285, 127.10711571100424, 127.13753389375388, 127.16795205138386, 127.1983702080477, 127.22878837630523, 127.25920653973206, 127.28962470702345];1998-02-01;1998-03-22
15;8;THETA_normal;0.08683374860786719;57.142857142857146;0.09125652220371944;16.35279171119691;0.0912293734467188;15.337699177627343;[171.343537414966, 185.912698412698, 170.46485260771, 171.839569160998, 175.382653061225, 181.575963718821, 173.228458049887, 168.395691609977];[159.10744360212817, 159.2012479968417, 159.29424384262447, 159.38644628084225, 159.47786984720616, 159.56852907742729, 159.65843850721677, 159.74761146097643];1998-03-29;1998-05-17
28;8;THETA_normal;0.1074081031739427;71.42857142857143;0.1165219917341645;33.18867280628334;0.11648984535485582;21.40628823125462;[176.488095238095, 185.671768707483, 249.348072562358, 163.577097505669, 146.471088435374, 147.562358276644, 163.874716553288, 180.583900226757];[163.63594399116596, 163.7179367598797, 163.79891079004085, 163.87889308002096, 163.95790985680952, 164.03598683314135, 164.11314740760508, 164.18941575017143];1997-12-07;1998-01-25
21;8;THETA_normal;0.07952786398432737;57.142857142857146;0.08391246926411661;12.47332781027233;0.08387973908626506;10.757301444526313;[130.172902494331, 139.68253968254, 123.469387755102, 124.674036281179, 126.275510204082, 140.958049886621, 136.139455782313, 132.851473922902];[120.9967917397281, 121.00368579965756, 121.01053682996108, 121.01734483063869, 121.02410900851753, 121.03082976018403, 121.03750668905177, 121.04413979512076];1998-03-29;1998-05-17
91;8;THETA_normal;0.09336181314032352;42.857142857142854;0.0852172074799254;14.82436848509799;0.08518278309641904;10.558185081087224;[132.18043135192, 104.642293529721, 133.258811152025, 136.178327196213, 127.235665439242, 116.760602189324, 111.941083640189, 137.743293003682];[133.9150139944729, 134.02785046613943, 134.14068693780595, 134.2535234094725, 134.36635988113903, 134.47919635280556, 134.59203282447208, 134.70486929613864];1997-10-12;1997-11-30
96;8;THETA_normal;0.37357382920026333;0.0;0.3049857880824737;35.00741220327435;0.3048424671203788;32.4905009880056;[77.5775907417149, 88.2430299842189, 121.60704892162, 96.9095213045766, 77.9589689637032, 94.8842714360862, 89.6238821672803, 97.8826933193055];[125.5763768428188, 125.5763768428188, 125.5763768428188, 125.5763768428188, 125.5763768428188, 125.5763768428188, 125.5763768428188, 125.5763768428188];1998-03-29;1998-05-17
93;8;THETA_normal;0.11085609118584082;57.142857142857146;0.11228965386425357;19.360434939735402;0.1122457106618501;14.493768678459254;[133.968963703314, 151.814834297738, 160.783798001052, 125.046796291724, 97.2382956338768, 115.557601262493, 130.207785376118, 125.631246712257];[124.63184732414229, 124.6498462491265, 124.66784517411071, 124.68584409909492, 124.70384326820518, 124.72184219318939, 124.73984087404754, 124.75783979903176];1997-12-07;1998-01-25
96;8;THETA_normal;0.13611627553789712;28.571428571428573;0.13978859129853682;9.87276670341964;0.1396841374991326;9.3976949346152;[71.7122567069963, 51.6175697001578, 73.5270910047343, 73.7112046291426, 77.0910047343504, 69.621251972646, 71.0021041557074, 77.9458179905313];[64.72630590168183, 64.70529692502559, 64.68428794836936, 64.66327897171313, 64.64226999505689, 64.62126101840066, 64.60025204174443, 64.57924306508819];1998-02-01;1998-03-22
93;8;THETA_normal;0.05361873072819953;42.857142857142854;0.05115212348544441;8.627806421587794;0.051132157434216036;6.553210696303802;[119.792214623882, 132.706470278801, 130.35244608101, 129.011046817464, 129.260915307733, 128.136193983117, 132.298790110468, 116.38611257233];[133.2941748486427, 133.43762023991277, 133.5810661403221, 133.72451204073138, 133.86795743200148, 134.01140282327157, 134.15484821454166, 134.29829360581175];1997-10-12;1997-11-30
28;8;THETA_normal;0.0753865354382803;57.142857142857146;0.07716166003909916;17.649634169725203;0.07713913271631448;13.27901658750864;[168.565759637188, 146.201814058957, 173.937074829932, 178.698979591837, 171.513605442177, 153.968253968254, 171.669501133787, 207.553854875283];[165.9317722116647, 166.04735329244096, 166.16179773933422, 166.2751281844351, 166.38736675689876, 166.49853508294518, 166.60865378292354, 166.7177444830537];1997-10-12;1997-11-30
15;8;THETA_normal;0.1270238185699713;57.142857142857146;0.13654116803428362;23.455468586095115;0.13649692358933532;21.10050944802395;[174.574829931973, 148.28514739229, 131.207482993197, 168.154761904762, 174.617346938775, 154.903628117914, 159.041950113379, 175.708616780045];[141.4869926886152, 141.7516912915343, 142.0163898944534, 142.28108849737248, 142.54578710029156, 142.81048570321065, 143.07518430612976, 143.33988290904884];1998-02-01;1998-03-22
92;8;THETA_normal;0.2997528540122209;57.142857142857146;0.35829744993818974;64.20519606811874;0.3581902853781071;60.10705085416418;[197.172540768017, 184.192530247238, 153.748027354024, 182.667017359285, 183.232509205681, 232.877432930037, 213.295633876907, 206.891109942136];[134.57669226057146, 134.4555085736229, 134.33432488667432, 134.21314119972573, 134.09195751277716, 133.9707738258286, 133.84959013888002, 133.72840645193145];1998-03-29;1998-05-17
21;8;THETA_normal;0.06506190855607527;57.142857142857146;0.06828022642939002;10.02842735925995;0.06825172880082953;8.181845211628351;[132.213718820862, 118.608276643991, 117.587868480726, 116.369047619048, 123.852040816327, 117.928004535147, 118.579931972789, 130.385487528345];[113.76600238711825, 113.76428903418402, 113.76237668223263, 113.76027595544157, 113.75799706936616, 113.75554942231726, 113.75294159536132, 113.75018257818701];1998-02-01;1998-03-22
96;8;THETA_normal;0.19080721285565955;57.142857142857146;0.1759187749801339;17.127869733632743;0.17581145709021623;14.586824159764332;[81.7332982640714, 92.3592845870595, 115.071015255129, 79.0132833775278, 82.8511309836928, 66.8200946870069, 65.9784324039979, 63.6112572330352];[87.50020033873197, 87.46706347647425, 87.43392661421653, 87.40078975195883, 87.3676528897011, 87.33451602744339, 87.30137916518568, 87.26824230292796];1997-12-07;1998-01-25
94;8;THETA_normal;0.08898193322273518;0.0;0.09005317957477028;15.255604016856136;0.09002492424172845;14.38223303524462;[169.673855865334, 177.143608627039, 142.122567069963, 144.568648079958, 145.002630194634, 181.430825881115, 168.187795896896, 149.684376643872];[156.99742809461637, 156.99742809461637, 156.99742809461637, 156.99742809461637, 156.99742809461637, 156.99742809461637, 156.99742809461637, 156.99742809461637];1998-03-29;1998-05-17
92;8;THETA_normal;0.18832145918380072;57.142857142857146;0.21295726406924312;42.182251560373516;0.21289641186715672;37.32939453740282;[201.933193056286, 201.104681746449, 203.037874802735, 174.079431877959, 219.923724355602, 154.052736297044, 182.930036822725, 175.486586007365];[152.14927789285542, 152.03209523300183, 151.9149125731482, 151.7977299132946, 151.680547253441, 151.56336459358738, 151.44618193373378, 151.32899927388016];1998-02-01;1998-03-22
15;8;THETA_normal;0.13379851391900832;57.142857142857146;0.13136468572362706;24.689029502099064;0.13132390933905175;21.324558639574597;[165.943877551021, 179.648526077098, 209.963151927438, 144.798752834467, 130.824829931973, 143.28231292517, 152.522675736962, 143.494897959184];[161.51658825721697, 161.8316430951425, 162.14669793306805, 162.46175277099357, 162.7768076089191, 163.09186244684466, 163.4069172847702, 163.72197212269575];1997-12-07;1998-01-25
21;8;THETA_normal;0.1340921937646823;57.142857142857146;0.1317108527936274;17.947437135753272;0.13165462269053357;15.548164963817857;[120.804988662132, 131.788548752834, 152.919501133787, 104.861111111111, 106.56179138322, 102.437641723356, 108.379138083429, 95.4506802721088];[118.2218389797834, 118.22771254511338, 118.23338628160035, 118.23886814091108, 118.24416577837694, 118.24928640482615, 118.25423703353003, 118.25902418386755];1997-12-07;1998-01-25
96;8;THETA_normal;0.20865259354915022;0.0;0.23753117556261114;18.211949253103107;0.23735921271352287;16.440942472281506;[69.9237243556024, 79.6817464492372, 80.8258811152025, 90.2945817990531, 66.5570752235666, 77.2945317001077, 64.9526564965807, 76.6307206733299];[59.32917225430351, 59.32917225430351, 59.32917225430351, 59.32917225430351, 59.32917225430351, 59.32917225430351, 59.32917225430351, 59.32917225430351];1997-10-12;1997-11-30
29;8;THETA_normal;0.50662140097753;71.42857142857143;0.3871396137188579;50.28222564298074;0.3869818606181088;47.71000562683145;[108.786848072562, 112.840136054422, 126.615646258503, 110.799319727891, 69.968820861678, 93.8066893424036, 94.9404761904762, 102.65022675737];[149.89723249548524, 150.0026860348664, 150.10737159106466, 150.21129831635076, 150.31447643973306, 150.41691457511334, 150.51862160557786, 150.61960722176613];1998-03-29;1998-05-17
94;8;THETA_normal;0.24658458503278552;0.0;0.20510239853939527;34.80359783031217;0.2050287156931741;28.680992623279952;[150.736454497633, 116.296292320189, 168.740136770121, 148.264071541294, 116.938453445555, 95.1232255132457, 136.125723303524, 144.529195160442];[161.45353666633355, 161.45353666633355, 161.45353666633355, 161.45353666633355, 161.45353666633355, 161.45353666633355, 161.45353666633355, 161.45353666633355];1998-02-01;1998-03-22
97;8;THETA_normal;0.20194589437744698;57.142857142857146;0.1664660736014255;32.445369367142746;0.1664075917352382;23.821095262617145;[142.175170962651, 159.363492898474, 152.880063124671, 153.248290373487, 100.486586007364, 110.547080483956, 160.494476591268, 158.74539715939];[166.00387726839026, 166.02095946678583, 166.0380416651814, 166.055123863577, 166.07220606197257, 166.08928826036814, 166.1063704587637, 166.1234526571593];1998-03-29;1998-05-17
92;8;THETA_normal;0.2808620876455358;57.142857142857146;0.3070791143111474;48.57739590825944;0.3069728377594201;45.19657797459653;[200.920568122041, 185.849552866912, 172.830089426618, 87.6929256710575, 119.936875328774, 162.914255654918, 183.74539715939, 174.883877801515];[128.3180129967883, 128.2229604430481, 128.1279078893079, 128.03285533556766, 127.93780278182747, 127.84275022808727, 127.74769767434707, 127.65264512060685];1997-12-07;1998-01-25
21;8;THETA_normal;0.07041741762372453;28.571428571428573;0.0724733832042205;10.679337625597046;0.07244365934721358;8.851033727912299;[111.649659863946, 107.624716553288, 139.016439909297, 129.393424036281, 124.68820861678, 120.890022675737, 118.381519274377, 130.031179138322];[118.02117759360688, 118.03082286964283, 118.04014242752439, 118.04914959574305, 118.05785709923596, 118.06627710968218, 118.07442119520637, 118.08230044611938];1997-10-12;1997-11-30
94;8;THETA_normal;0.195597158178813;57.142857142857146;0.20322359976755738;41.72925469876129;0.2031608078329391;33.63738840523057;[146.159915833772, 185.126249342451, 247.106785902157, 186.401893740137, 170.94950026302, 127.152107555279, 129.287217254077, 117.6965578446];[152.5087069525412, 152.48501615414168, 152.46132535574213, 152.43763455734262, 152.413945193445, 152.39025439504545, 152.36656359664593, 152.34287279824642];1997-12-07;1998-01-25
15;8;THETA_normal;0.04074491274808435;57.142857142857146;0.041349048877491426;7.3202290550387215;0.04133587081586598;6.489618786964552;[148.922902494331, 145.705782312925, 159.112811791383, 167.077664399093, 160.530045351474, 161.493764172336, 155.867346938775, 164.880952380952];[153.17220862113464, 153.54636689561474, 153.92052517009483, 154.29468344457496, 154.66884171905505, 155.04299999353518, 155.4171585780346, 155.79131654249537];1997-10-12;1997-11-30
97;8;THETA_normal;0.04459845535446717;0.0;0.04525082618156166;7.4001302497353825;0.045233549479876414;5.930932117976596;[129.445028932141, 121.751709626512, 134.113624408206, 121.554445028932, 137.112046291426, 127.248816412414, 130.970541820095, 144.042609153077];[128.84071129663712, 128.84071129663712, 128.84071129663712, 128.84071129663712, 128.84071129663712, 128.84071129663712, 128.84071129663712, 128.84071129663712];1998-02-01;1998-03-22
29;8;THETA_normal;0.2976143756255894;42.857142857142854;0.25417895990310074;34.472428974168174;0.2540799294880925;32.644389020005896;[112.34410430839, 111.125283446712, 128.075396825397, 110.445011337869, 111.111111111111, 97.9450113378685, 135.062358276644, 106.986961451247];[146.46243697179384, 146.55581573373803, 146.64801880854938, 146.739076639089, 146.82901939881216, 146.91787510592738, 147.00567177864312, 147.09243581873275];1998-02-01;1998-03-22
94;8;THETA_normal;0.2688803053389456;57.142857142857146;0.2252584072773163;39.40422135107797;0.22518303751263874;33.74130874250662;[165.610205155181, 157.035770647028, 179.944765912677, 136.941083640189, 110.44187269858, 117.891585882117, 122.907929172019, 137.258943556381];[172.7653268232185, 172.82704100005463, 172.88875483981144, 172.95046867956825, 173.01218251932505, 173.07389635908186, 173.13561019883866, 173.19732403859544];1997-10-12;1997-11-30
92;8;THETA_normal;0.1387819942706812;0.0;0.13327152836330752;30.427269561863696;0.13323593849129328;25.1994417473127;[185.981062598632, 153.605603209195, 217.148869016307, 243.34560757496, 207.193582325092, 175.519150321886, 146.234169627872, 190.123619147817];[192.68553998377232, 192.68553998377232, 192.68553998377232, 192.68553998377232, 192.68553998377232, 192.68553998377232, 192.68553998377232, 192.68553998377232];1997-10-12;1997-11-30
22;8;THETA_normal;0.11842171191446668;42.857142857142854;0.12397502524190265;11.101979423404398;0.12389678730840697;9.855768749510979;[82.8905839032089, 83.916359810626, 76.4729089952657, 78.7217254076802, 63.8742766964755, 91.3335086796424, 90.9126775381378, 89.2030510257759];[75.03166902994164, 75.05868774872364, 75.08570647706308, 75.1127252009914, 75.13974392271416, 75.16676265325916, 75.19378137792266, 75.22080010258617];1998-03-29;1998-05-17
97;8;THETA_normal;0.16901358323921656;42.857142857142854;0.16803134339266734;28.703640288543273;0.16797398047108236;24.932944078681366;[159.00841662283, 168.043135192004, 205.457653866386, 129.563387690689, 125.052603892688, 132.732772225145, 119.279326670174, 117.690295476423];[145.506640607565, 145.51843386612046, 145.53022712467592, 145.54202038323135, 145.5538136417868, 145.56560690034226, 145.57740015889772, 145.58919341745317];1997-12-07;1998-01-25
16;8;THETA_normal;0.11125396152735025;57.142857142857146;0.09871160187427681;21.844360205812187;0.0986785214597628;14.766701959218198;[165.022675736962, 120.3089569161, 174.829931972789, 159.495464852608, 128.897392290249, 165.688775510204, 167.998866213152, 147.590702947846];[165.48629314349114, 165.46561784065545, 165.44494205784707, 165.42426579506602, 165.4035904922303, 165.38291470942193, 165.36223892661357, 165.3415631438052];1998-03-29;1998-05-17
95;8;THETA_normal;0.1023799648062305;0.0;0.09627367877573406;17.620652053978475;0.09624462937491937;15.954640992069493;[154.589689637033, 164.308258811152, 165.281430825881, 160.849552866912, 157.482903734877, 178.143082588111, 147.356654392425, 153.406102051552];[175.4614396113795, 175.4614396113795, 175.4614396113795, 175.4614396113795, 175.4614396113795, 175.4614396113795, 175.4614396113795, 175.4614396113795];1998-03-29;1998-05-17
29;8;THETA_normal;0.39710858141756666;42.857142857142854;0.3124503634094123;44.75944828566539;0.3123270599916957;39.76777476566249;[143.12641723356, 127.49433106576, 165.419501133787, 103.628117913832, 79.5493197278912, 102.990362811791, 103.217120181406, 102.678571428571];[152.14257290250035, 152.25094166093115, 152.35837853915515, 152.46489775956502, 152.57051288870647, 152.67523752612374, 152.77908496612415, 152.88206818952838];1997-12-07;1998-01-25
97;8;THETA_normal;0.0602659255699381;57.142857142857146;0.057912692588751535;10.171407751136064;0.05789283346061914;8.446577030333813;[138.295633876907, 142.438190426091, 155.128879537086, 152.748553392951, 148.816412414519, 134.093584830039, 136.296685954761, 157.167280378748];[151.0918345294442, 151.16302008627116, 151.23420535976686, 151.30539063326256, 151.37657590675826, 151.447761180254, 151.5189464537497, 151.5901317272454];1997-10-12;1997-11-30
99;8;THETA_normal;0.07139691230428355;57.142857142857146;0.07285624722613432;8.726781208713815;0.07281933488428499;7.207115996217308;[98.5928458705945, 113.834823776959, 98.185165702262, 103.103629668596, 84.5476065228827, 102.617043661231, 100.13150973172, 103.734876380852];[96.22163490351878, 96.25606262507284, 96.28994684149777, 96.32330269025276, 96.35614482638177, 96.38848732641492, 96.42034370566618, 96.45172703355185];1998-03-29;1998-05-17
95;8;THETA_normal;0.1211158935775216;42.857142857142854;0.1298819464923208;19.105354160119678;0.12983471015777953;17.861871648194782;[140.084166228301, 138.940031562336, 152.880063124671, 142.122567069963, 144.160967911626, 139.150447133088, 146.34402945818, 158.74539715939];[127.74755571885686, 127.66013610139765, 127.57271648393842, 127.4852968664792, 127.39787724901998, 127.31045763156075, 127.22303801410153, 127.13561839664231];1998-02-01;1998-03-22
22;8;THETA_normal;0.09645552383020352;42.857142857142854;0.09185281667392539;9.331678743748057;0.09178847028160138;6.609907641112466;[89.954893056644, 75.4997369805366, 56.0099947396108, 64.4134665965281, 75.06575486586, 72.1462388216729, 78.0115728563914, 73.2772225144661];[73.98645072182448, 74.01882163300903, 74.05119263996663, 74.0835637426973, 74.1159347496549, 74.1483057566125, 74.1806767635701, 74.21304777052772];1998-02-01;1998-03-22
16;8;THETA_normal;0.1782361481809319;71.42857142857143;0.15812964978749638;28.15813153863251;0.15807776899353493;24.125754404403832;[161.082766439909, 120.379818594104, 151.204648526077, 134.948979591837, 168.466553287982, 147.19387755102, 143.721655328798, 133.801020408163];[169.2367242124167, 169.23356568612337, 169.23040715983007, 169.22724863353673, 169.22409010724343, 169.2209315809501, 169.2177730546568, 169.21461452836346];1998-02-01;1998-03-22
95;8;THETA_normal;0.15395459597855138;0.0;0.1478856528512938;29.21775877761961;0.14783667252264027;22.658965702236976;[154.721199368753, 161.533403471857, 214.334560757496, 150.460284061021, 132.035770647028, 128.642819568648, 131.772751183588, 116.249950795679];[154.82163425331495, 154.82163425331495, 154.82163425331495, 154.82163425331495, 154.82163425331495, 154.82163425331495, 154.82163425331495, 154.82163425331495];1997-12-07;1998-01-25
98;8;THETA_normal;0.16260894943328347;42.857142857142854;0.17885105794228057;23.424249914081134;0.17877428910659854;20.89478384599885;[116.307206733298, 129.839558127302, 117.385586533403, 118.069437138348, 96.0678590215675, 147.093634928985, 131.233561283535, 130.15518148343];[104.36395829722132, 104.39767236805382, 104.4313869627628, 104.46510155747178, 104.49881562830427, 104.53252969913677, 104.56624429384576, 104.59995888855474];1998-03-29;1998-05-17
29;8;THETA_normal;0.5558553854490511;57.142857142857146;0.4325832748614787;64.0777270207106;0.43243619095371033;63.630451919782104;[122.619047619048, 108.956916099773, 110.615079365079, 127.18253968254, 110.530045351474, 106.944444444444, 113.945578231293, 125.722789115646];[178.0492145007534, 178.44801233152222, 178.84681016229104, 179.24560799305982, 179.64440582382863, 180.04320365459745, 180.44200148536623, 180.84079931613505];1997-10-12;1997-11-30
99;8;THETA_normal;0.06593479517699771;28.571428571428573;0.06897569115831513;8.556423664391808;0.06893980398300396;6.634507916762264;[102.524986849027, 99.4082062072593, 91.6228300894267, 85.652288269332, 108.232509205681, 92.0962651236192, 89.9000526038927, 100.644397685429];[91.40701876058164, 91.4358871478322, 91.4639153300625, 91.49113380473246, 91.51757306930196, 91.54326158806693, 91.56822731703224, 91.59249617903885];1998-02-01;1998-03-22
95;8;THETA_normal;0.13160197843961974;0.0;0.14390237313949028;24.441367374785845;0.14385351930749302;21.203495385970204;[151.446607048922, 136.730668069437, 173.10625986323, 158.285113098369, 156.877958968964, 135.369229227725, 162.611783271962, 162.20410310363];[133.37546994555967, 133.37546994555967, 133.37546994555967, 133.37546994555967, 133.37546994555967, 133.37546994555967, 133.37546994555967, 133.37546994555967];1997-10-12;1997-11-30
22;8;THETA_normal;0.12660329529208958;28.571428571428573;0.12894589633620984;13.444348124017814;0.12886471280120507;10.362138502844008;[85.3761178327197, 80.4971067859021, 108.495528669121, 79.1951604418726, 70.2393477117306, 67.6749079431878, 64.6633350867964, 68.9768542872173];[76.83812962213939, 76.89360703215726, 76.94908463262085, 77.00456204263871, 77.06003945265658, 77.11551686267445, 77.17099446313803, 77.2264718731559];1997-12-07;1998-01-25
16;8;THETA_normal;0.27113740203782843;28.571428571428573;0.27003628540579727;59.30141879229461;0.26996292647549364;51.27809141812835;[260.813492063492, 270.62074829932, 254.733560090703, 181.774376417234, 142.233560090703, 142.063492063492, 114.866780045351, 159.155328798186];[178.82113665570932, 178.85874387270994, 178.89635108971055, 178.93395830671116, 178.97156552371177, 179.0091727407124, 179.046779957713, 179.0843871747136];1997-12-07;1998-01-25
98;8;THETA_normal;0.16125699478450572;57.142857142857146;0.1777830153664965;20.59946002507335;0.17769944860232129;18.92273224702955;[126.459758022094, 104.997369805366, 111.822724881641, 100.3287743293, 119.082062072593, 112.980010520779, 115.912677538138, 122.501315097317];[95.33447316715281, 95.33543928548683, 95.33640514164492, 95.33737125997894, 95.33833737831296, 95.33930349664698, 95.34026935280505, 95.34123520896314];1998-02-01;1998-03-22
105;8;THETA_normal;0.06313419789144281;42.857142857142854;0.06441565089113632;10.398691183085653;0.06439178361879899;8.705510946184296;[119.557823129252, 143.707482993197, 130.768140589569, 126.176303854875, 144.883786848073, 150.297619047619, 130.059523809524, 137.315759637188];[131.91019566018215, 131.90999065673716, 131.90978565329218, 131.90958024389977, 131.90937524045478, 131.9091702370098, 131.9089652335648, 131.9087602301198];1998-03-29;1998-05-17
102;8;THETA_normal;0.20224244333050886;42.857142857142854;0.17626832620123;13.326688905302216;0.17613112657403107;11.3595769347489;[48.9229024943311, 56.859410430839, 78.3730158730159, 67.4036281179139, 51.3605442176871, 66.2273242630386, 61.9756235827664, 67.3611111111111];[72.10243126560329, 72.10239299165126, 72.10236402757945, 72.10234437338788, 72.1023329946454, 72.10232885692085, 72.1023329946454, 72.10234437338788];1998-03-29;1998-05-17
99;8;THETA_normal;0.10630142172802241;28.571428571428573;0.10345231530346025;11.144364086538754;0.10339878615948742;10.030396367599309;[108.324566017885, 100.591793792741, 115.491846396633, 90.3997895844293, 83.2719621251973, 93.3982114676486, 90.9737803590663, 84.5344555497107];[98.5528156702254, 98.61448089886748, 98.67520363958043, 98.73501051484243, 98.79392658110356, 98.85197611179981, 98.90918233634845, 98.96556848416672];1997-12-07;1998-01-25
22;8;THETA_normal;0.13596757706702334;57.142857142857146;0.13426423144731192;14.194683851620871;0.13417585376900726;10.368681270509313;[75.026301946344, 57.3382430299842, 83.4297738032615, 105.970541820095, 77.1962125197264, 83.817414393427, 60.6522882693319, 74.4476591267753];[75.48019237225061, 75.52817266575562, 75.57615291224324, 75.62413320574825, 75.6721134052185, 75.7200936987235, 75.76807399222851, 75.81605419169877];1997-10-12;1997-11-30
16;8;THETA_normal;0.14491712979202698;57.142857142857146;0.14291663451361714;28.81402586564988;0.1428751414765267;24.86576778949959;[162.514172335601, 131.320861678005, 167.205215419501, 199.489795918367, 184.353741496599, 143.424036281179, 196.825396825397, 222.732426303855];[172.6863942995138, 172.68730535993657, 172.68821642035937, 172.68912748078213, 172.6900385412049, 172.6909496016277, 172.69186066205046, 172.69277151133525];1997-10-12;1997-11-30
98;8;THETA_normal;0.09806993142484066;57.142857142857146;0.11077939571177105;20.216352184150626;0.11072999895619964;12.48629578306474;[116.885849552867, 120.370857443451, 145.213045765387, 97.0673329826407, 93.8979484481852, 97.9221462388217, 99.7369805365597, 95.1031859350789];[97.08502293714487, 97.09760871361723, 97.11019449008958, 97.12278026656193, 97.13536602684734, 97.14795181950664, 97.16053757979205, 97.17312334007745];1997-12-07;1998-01-25
105;8;THETA_normal;0.04984300150923079;42.857142857142854;0.048500289622132306;8.112018989472016;0.048482087820614944;6.467595962036267;[141.383219954649, 138.378684807256, 133.602607709751, 128.202947845805, 145.393990929705, 119.37358276644, 129.931972789116, 135.728458049887];[136.48205554572735, 136.50762945628094, 136.53320334052285, 136.5587772510764, 136.58435113531831, 136.60992501956022, 136.63549890380216, 136.66107278804407];1998-02-01;1998-03-22
99;8;THETA_normal;0.11027287303573494;71.42857142857143;0.10409408606138702;11.764094034143268;0.1040420650204682;10.435105695171087;[86.6386112572331, 88.0194634402946, 94.3582325092057, 110.70489216202, 100.013150973172, 103.451817339245, 92.5960021041556, 116.701735928459];[105.0688246761569, 105.17944635451741, 105.28897520990495, 105.3974263157398, 105.50481797546097, 105.6111674158345, 105.71648863360784, 105.82079885554705];1997-10-12;1997-11-30
102;8;THETA_normal;0.14749276545595924;42.857142857142854;0.15920578035722976;7.771386008118949;0.15901288372756822;6.59354488201469;[37.8968253968254, 32.0294784580499, 37.65589569161, 48.483560090703, 47.3639455782313, 43.28231292517, 46.2301587301587, 49.0504535147392];[38.17077025924024, 38.06796715550929, 37.96516405177833, 37.86236094804737, 37.759557844316404, 37.65675474058545, 37.55395163685449, 37.45114853312353];1998-02-01;1998-03-22
98;8;THETA_normal;0.07522120760737312;57.142857142857146;0.07593259025572396;9.705121202744529;0.07589708423514901;8.141726358680764;[94.0163072067333, 111.401893740137, 99.6843766438717, 117.977380326144, 107.653866386112, 96.258235014153, 106.404523934771, 123.513940031562];[105.1869980594565, 105.29306028741348, 105.3991235688292, 105.50518685024493, 105.6112490782019, 105.71731130615886, 105.82337458757459, 105.92943681553156];1997-10-12;1997-11-30
23;8;THETA_normal;0.3469201615419999;28.571428571428573;0.28344644117563356;65.44465090119819;0.28337956655040164;60.2985649338539;[219.444444444444, 188.066893424036, 217.304421768707, 192.304421768707, 137.145691609977, 205.810657596372, 179.478458049887, 170.521541950113];[248.81086207837032, 248.8815104160886, 248.95215875380688, 249.02280709152512, 249.09345542924342, 249.1641037669617, 249.23475210467996, 249.30540044239825];1998-03-29;1998-05-17
17;8;THETA_normal;0.15569795009479626;71.42857142857143;0.14069437244597696;26.307359603684166;0.1406516924729007;23.224009971002992;[155.796485260771, 166.227324263039, 147.293083900227, 153.28798185941, 130.768140589569, 166.312358276644, 167.276077097506, 169.501133786848];[180.03142175395223, 180.10296776678751, 180.17451377962277, 180.24606013689126, 180.31760614972652, 180.3891521625618, 180.4606985198303, 180.53224453266554];1998-03-29;1998-05-17
105;8;THETA_normal;0.1693398019953734;42.857142857142854;0.18484715613397157;35.81578693150115;0.18478781987821877;29.109789670709596;[194.968820861678, 161.068594104308, 211.607142857143, 168.735827664399, 125.907029478458, 152.403235974383, 122.293083900227, 128.458049886621];[139.81800926686697, 139.8828222173346, 139.94763516780222, 140.01244811826982, 140.07726106873744, 140.14207401920504, 140.20688696967267, 140.27169992014026];1997-12-07;1998-01-25
102;8;THETA_normal;0.13870154738706206;42.857142857142854;0.1553206735663311;7.981391091304349;0.15512508722904442;6.179251399858602;[39.7534013605442, 39.8242630385488, 46.1026077097506, 46.3577097505669, 48.8520408163265, 33.6592970521542, 33.6451247165533, 33.531746031746];[35.00854560329279, 34.933201544564156, 34.85785748583551, 34.78251342710688, 34.70716936837823, 34.6318253096496, 34.55648125092096, 34.48113719219232];1997-12-07;1998-01-25
100;8;THETA_normal;0.11335727104245319;42.857142857142854;0.11178292953710617;18.644195224889625;0.1117446208710848;16.408857529895354;[158.545918367347, 132.440476190476, 115.30612244898, 137.996031746032, 157.667233560091, 176.459750566893, 165.320294784581, 153.018707482993];[146.79017267061047, 146.81630197036256, 146.84243127011462, 146.8685605698667, 146.8946898696188, 146.92081916937084, 146.94694846912293, 146.97307776887502];1998-03-29;1998-05-17
23;8;THETA_normal;0.15158108762992428;0.0;0.16735012395123888;34.83372628183012;0.1673047245395926;30.865575584172266;[194.118480725624, 165.15022675737, 181.335034013605, 191.425736961451, 209.84977324263, 211.366213151927, 195.734126984127, 217.602040816327];[164.95712849746036, 164.95712849746036, 164.95712849746036, 164.95712849746036, 164.95712849746036, 164.95712849746036, 164.95712849746036, 164.95712849746036];1998-02-01;1998-03-22
105;8;THETA_normal;0.1420830404429714;57.142857142857146;0.13077732842090029;22.327725255506046;0.13072886268095535;17.808012235292104;[135.997732426304, 114.923469387755, 135.643424036281, 163.775510204082, 144.52947845805, 100.595238095238, 136.437074829932, 170.195578231292];[143.78023447058, 143.87228925105236, 143.96434320826188, 144.05639798873423, 144.1484527692066, 144.24050754967897, 144.33256233015132, 144.42461628736083];1997-10-12;1997-11-30
108;8;THETA_normal;0.0730066146187332;57.142857142857146;0.07610725099899712;16.070479347742936;0.0760881454177314;15.156542922772633;[206.306689342404, 212.103174603174, 207.298752834467, 199.418934240363, 195.3089569161, 206.986961451247, 207.723922902494, 211.295351473923];[190.6461975855165, 190.64694072524446, 190.64768451972108, 190.6484283141977, 190.64917210867435, 190.64991524840232, 190.65065904287894, 190.6514028373556];1998-03-29;1998-05-17
17;8;THETA_normal;0.15706376512752263;71.42857142857143;0.14221031717795699;25.543729162837035;0.1421655216462753;22.590956370654897;[132.689517153521, 141.213151927438, 155.853174603175, 151.020408163265, 168.083900226757, 137.153802867807, 157.34126984127, 163.846371882086];[173.40589263824043, 173.43025374222145, 173.4546145087537, 173.47897561273476, 173.50333637926698, 173.52769748324803, 173.5520582497803, 173.5764190163125];1998-02-01;1998-03-22
102;8;THETA_normal;0.2161507213466816;0.0;0.25804305858654125;15.98426450429374;0.2577787359451852;12.648324824704552;[54.5918367346939, 53.188775510204, 66.7800453514739, 63.6479591836734, 41.6950113378685, 54.577664399093, 40.5895691609977, 39.3849206349206];[39.158647964411074, 39.158647964411074, 39.158647964411074, 39.158647964411074, 39.158647964411074, 39.158647964411074, 39.158647964411074, 39.158647964411074];1997-10-12;1997-11-30
100;8;THETA_normal;0.24522078093404387;57.142857142857146;0.28037251001179064;42.68983112080492;0.28027886918099676;41.98604418443999;[178.160430839002, 165.802154195011, 168.636621315193, 156.023242630385, 181.831065759637, 166.737528344671, 176.24716553288, 167.587868480726];[128.2712228079564, 128.2343635636112, 128.19750431926596, 128.16064507492075, 128.1237858305755, 128.0869265862303, 128.05006734188507, 128.01320809753986];1998-02-01;1998-03-22
106;8;THETA_normal;0.17010456948631714;42.857142857142854;0.15532744180149988;20.044876135850743;0.15525671624839435;17.207148343962515;[127.437641723356, 132.681405895692, 99.68820861678, 128.713151927438, 81.2500000000001, 136.210317460317, 120.082199546485, 90.3486394557823];[118.0816311787925, 118.09034086451271, 118.09905063134153, 118.10776031706175, 118.11647000278195, 118.12517976961078, 118.13388945533099, 118.1425992221598];1998-03-29;1998-05-17
108;8;THETA_normal;0.04438757533895449;42.857142857142854;0.04570177428467733;10.382489624430532;0.0456894511911171;8.476690925960998;[185.756802721088, 174.433106575964, 192.375283446712, 181.958616780045, 186.054421768707, 176.814058956916, 190.915532879819, 201.24716553288];[180.0097839458883, 179.96028340567239, 179.91078320418808, 179.86128266397216, 179.81178246248786, 179.76228226100352, 179.7127820595192, 179.6632815193033];1998-02-01;1998-03-22
23;8;THETA_normal;0.36634489906860085;57.142857142857146;0.3473167125031146;94.16730831208014;0.3472379430571979;80.92772117860244;[310.104875283447, 317.687074829932, 402.876984126984, 246.71201814059, 187.174036281179, 114.251405454344, 154.861111111111, 176.332199546485];[218.55650977613885, 218.72273315836372, 218.88895537193545, 219.05517875416035, 219.22140213638522, 219.38762551861012, 219.55384773218185, 219.72007111440672];1997-12-07;1998-01-25
17;8;THETA_normal;0.23053194980670808;57.142857142857146;0.212807787411296;41.50548151912491;0.2127453972871872;36.85482458468597;[174.121315192744, 201.303854875283, 251.984126984127, 153.44387755102, 123.554421768708, 144.019274376417, 139.314058956916, 148.696145124716];[180.67715209251503, 180.7676565840495, 180.8581612267791, 180.94866571831355, 181.039170209848, 181.12967470138247, 181.22017919291693, 181.3106836844514];1997-12-07;1998-01-25
106;8;THETA_normal;0.12346383892551432;71.42857142857143;0.11396189280249633;15.576377397670656;0.11391040884372643;12.685442535687537;[135.459183673469, 84.7222222222222, 104.010770975057, 107.213718820862, 123.75283446712, 108.616780045352, 110.714285714286, 120.861678004535];[118.29614783738582, 118.31203554461646, 118.32792325184711, 118.34381095907776, 118.35969870770549, 118.37558637353905, 118.39147412216678, 118.40736178800034];1998-02-01;1998-03-22
108;8;THETA_normal;0.1335191039621359;71.42857142857143;0.1394418717979536;36.36307518105155;0.13940639553437628;27.769371781142052;[217.800453514739, 205.017006802721, 272.17970521542, 178.883219954648, 164.016439909297, 163.463718820862, 176.147959183673, 161.380385487528];[185.63402637380167, 185.62409360159072, 185.61416067272873, 185.60422790051777, 185.59429528495787, 185.5843625127469, 185.574429897187, 185.56449712497604];1997-12-07;1998-01-25
103;8;THETA_normal;0.13324141576243825;0.0;0.1414263989331893;24.756856728869494;0.1413846604219779;23.997138181104816;[193.43820861678, 180.612244897959, 184.169501133787, 172.987528344671, 141.87925170068, 187.65589569161, 182.553854875283, 184.396258503401];[158.65952248566208, 158.65952248566208, 158.65952248566208, 158.65952248566208, 158.65952248566208, 158.65952248566208, 158.65952248566208, 158.65952248566208];1998-03-29;1998-05-17
100;8;THETA_normal;0.35626604602354156;0.0;0.27741629112657884;38.278552274858406;0.27729172933923285;31.579884790007135;[117.545351473923, 168.168934240363, 156.802721088435, 67.4603174603174, 69.6003401360544, 96.1309523809524, 126.941609977324, 125.31179138322];[132.66444645076257, 132.66444645076257, 132.66444645076257, 132.66444645076257, 132.66444645076257, 132.66444645076257, 132.66444645076257, 132.66444645076257];1997-12-07;1998-01-25
23;8;THETA_normal;0.1466896572140851;57.142857142857146;0.1489280969050323;41.921161649715145;0.14889388025113204;32.91889292252972;[200.793650793651, 156.831065759637, 216.808390022676, 239.044784580499, 219.416099773243, 187.882653061224, 260.204081632653, 296.57029478458];[210.3358311472567, 210.49292358087715, 210.6500160144976, 210.80710844811804, 210.96419973722539, 211.12129102633276, 211.2783834599532, 211.43547589357365];1997-10-12;1997-11-30
106;8;THETA_normal;0.19805294827123174;57.142857142857146;0.2226516571098371;45.54849274940632;0.2225698431479421;31.386239471073637;[141.213151927438, 159.155328798186, 229.931972789116, 132.780612244898, 104.081632653061, 93.5941043083899, 104.84693877551, 122.307256235828];[115.89955930367937, 115.9112533624007, 115.92294742112205, 115.93464147984339, 115.94633553856474, 115.95802960606567, 115.96972366478701, 115.98141773228794];1997-12-07;1998-01-25
17;8;THETA_normal;0.06781990743254177;57.142857142857146;0.0659944817022355;13.221042858201344;0.06597609331075766;11.854369887723653;[168.948412698413, 162.953514739229, 177.990362811791, 194.557823129252, 171.499433106576, 168.324829931973, 185.00566893424, 198.526077097506];[183.54061665210034, 183.6954391709572, 183.8502616898141, 184.00508420867095, 184.1599067275278, 184.3147292463847, 184.46955176524156, 184.62437428409842];1997-10-12;1997-11-30
108;8;THETA_normal;0.08377246512537846;42.857142857142854;0.08567943829835126;22.63710580629612;0.08565694665608561;16.42725518285052;[182.355442176871, 158.517573696145, 190.702947845805, 185.997732426304, 190.065192743764, 173.497732426304, 209.311224489796, 235.515873015873];[171.45439429474405, 187.32949075480323, 181.06866331748202, 185.49058829958048, 189.411733656228, 186.17320917206018, 192.05194885820816, 184.54043661378054];1997-10-12;1997-11-30
100;8;THETA_normal;0.09875360674561154;57.142857142857146;0.0889496720566103;20.726291519846534;0.08892250142666662;14.596236398880578;[179.024943310658, 164.044784580499, 173.611111111111, 178.75566893424, 163.392857142857, 130.045351473923, 159.452947845805, 169.005102040816];[179.24938489697266, 179.2532269846574, 179.25706907234212, 179.26091116002684, 179.26475324771155, 179.2685953353963, 179.27243742308102, 179.27627951076573];1997-10-12;1997-11-30
106;8;THETA_normal;0.12211884131769607;57.142857142857146;0.11550361539233008;16.315531594216854;0.11545414710384268;13.572764277432725;[124.390589569161, 99.1780045351475, 133.064058956916, 141.950113378685, 117.446145124717, 92.2902494331066, 116.057256235828, 133.815192743764];[121.82486922471473, 121.90832294964846, 121.9917766745822, 122.07523039951593, 122.15868412444966, 122.2421378493834, 122.32559214241601, 122.40904586734975];1997-10-12;1997-11-30
103;8;THETA_normal;0.12504881206544816;57.142857142857146;0.123645139983809;24.241758258277113;0.12360748038912583;20.485841111804255;[198.001700680272, 185.430839002268, 181.391723356009, 189.413265306122, 121.176757131048, 165.787981859411, 169.600340136054, 180.357142857143];[163.86294449305902, 163.95003658340045, 164.03712847456865, 164.1242205649101, 164.21131245607828, 164.29840454641973, 164.3854964375879, 164.47258852792936];1998-02-01;1998-03-22
109;8;THETA_normal;0.22445061220476065;0.0;0.22059087131351515;61.240582806689034;0.22053622335098663;46.29747732426313;[165.802154195011, 202.18253968254, 321.102607709751, 254.393424036281, 117.672902494331, 259.325396825397, 188.577097505669, 194.571995464853];[196.79152895339743, 196.79152895339743, 196.79152895339743, 196.79152895339743, 196.79152895339743, 196.79152895339743, 196.79152895339743, 196.79152895339743];1998-03-29;1998-05-17
107;8;THETA_normal;0.11101338462145671;57.142857142857146;0.10191879864612738;15.001522003185526;0.10187098236614132;10.949900793650851;[102.111678004535, 114.980158730159, 120.734126984127, 108.262471655329, 80.3146258503402, 132.8089569161, 115.008503401361, 105.243764172336];[114.32584282962313, 114.28576628185239, 114.24568973408165, 114.20561318631093, 114.16553719603387, 114.12546064826313, 114.08538410049239, 114.04530755272165];1998-03-29;1998-05-17
109;8;THETA_normal;0.19984052835967048;42.857142857142854;0.22825795374931906;30.76130472814834;0.22816059915264048;26.830476646818425;[109.410430839002, 105.045351473923, 134.679705215419, 154.237528344671, 125.850340136054, 119.246031746032, 132.596371882086, 136.465419501134];[100.85852316419125, 100.7163510445571, 100.57417892492293, 100.43200680528878, 100.28983468565463, 100.14766256602047, 100.00549044638632, 99.86331832675215];1998-02-01;1998-03-22
103;8;THETA_normal;0.1286130650170079;42.857142857142854;0.14466577595471286;39.99649247420919;0.14462781446715237;27.79565576575052;[191.695011337868, 180.442176870748, 258.333333333333, 218.735827664399, 167.729591836735, 156.746031746032, 159.297052154195, 183.149092970522];[165.254999981028, 165.36445078070923, 165.47390158039047, 165.5833523800717, 165.69280317975293, 165.80225397943414, 165.91170477911538, 166.02115484397103];1997-12-07;1998-01-25
101;8;THETA_normal;0.07930338216386676;57.142857142857146;0.07839544074064314;12.18410876847702;0.07836821153593387;11.308545980417264;[159.736394557823, 159.410430839002, 126.899092970521, 156.505102040816, 141.468253968254, 150.297619047619, 131.079931972789, 133.886054421769];[145.9199672538758, 145.70518242305207, 145.49039859211115, 145.27561376128742, 145.06082893046369, 144.84604409963993, 144.6312592688162, 144.41647543787528];1998-03-29;1998-05-17
109;8;THETA_normal;0.21338960756589692;42.857142857142854;0.2429899009084176;37.73807869865447;0.24288832142397387;29.586374267080547;[125.368480725623, 121.485260770975, 135.303287981859, 152.140022675737, 180.853174603175, 94.4727891156464, 83.2482993197278, 96.641156462585];[101.66590802532048, 101.57026156630494, 101.47461510728937, 101.37896864827383, 101.28332218925827, 101.18767573024272, 101.09202927122716, 100.9963828122116];1997-12-07;1998-01-25
107;8;THETA_normal;0.13330816437849263;57.142857142857146;0.12168627641723909;16.31736861472447;0.12162466726444335;12.153098268514796;[124.263038548753, 108.106575963719, 106.264172335601, 113.647959183673, 119.982993197279, 104.109977324263, 71.5986394557823, 86.9472789115646];[106.08519651570434, 106.05848847096833, 106.03178042623232, 106.0050723814963, 105.9783643367603, 105.9516562920243, 105.92494824728828, 105.89824020255227];1998-02-01;1998-03-22
103;8;THETA_normal;0.08730921698281643;57.142857142857146;0.08807932613909228;18.653748538158432;0.08805372322988123;15.219559819993489;[170.606575963719, 139.625850340136, 188.194444444444, 188.492063492063, 169.359410430839, 164.980158730159, 191.340702947846, 196.301020408163];[169.26948982542532, 169.35373120158383, 169.4379725777423, 169.5222124889353, 169.60645386509378, 169.69069524125229, 169.7749366174108, 169.8591779935693];1997-10-12;1997-11-30
109;8;THETA_normal;0.3154141986066309;0.0;0.39831192447619457;71.78214303040615;0.3981719978554609;57.8532298270607;[176.856575963719, 136.337868480726, 223.993764172336, 228.75566893424, 162.981859410431, 110.912698412698, 126.587301587301, 124.518140589569];[103.5147548668168, 103.5147548668168, 103.5147548668168, 103.5147548668168, 103.5147548668168, 103.5147548668168, 103.5147548668168, 103.5147548668168];1997-10-12;1997-11-30
107;8;THETA_normal;0.13444822858453057;0.0;0.12856508317154433;16.028212402696226;0.1285069781913482;14.29991718936092;[119.869614512472, 127.040816326531, 137.65589569161, 112.372448979592, 101.955782312925, 98.6961451247164, 91.312358276644, 95.3798185941043];[114.77478213612802, 114.77478213612802, 114.77478213612802, 114.77478213612802, 114.77478213612802, 114.77478213612802, 114.77478213612802, 114.77478213612802];1997-12-07;1998-01-25
101;8;THETA_normal;0.1317257729004401;57.142857142857146;0.11776916038194642;20.969766664514868;0.11772195241604011;14.929531381132959;[151.686507936508, 137.301587301587, 146.584467120181, 130.654761904762, 142.602040816327, 85.1615646258504, 157.993197278912, 140.646258503401];[135.6747040565655, 135.57992615248034, 135.48514824839515, 135.39037034430999, 135.2955924402248, 135.20081453613963, 135.10603663205444, 135.01125872796928];1998-02-01;1998-03-22
107;8;THETA_normal;0.09763980448170387;0.0;0.10241620189320383;19.112173916693397;0.10237653012142484;13.353883219954753;[127.820294784581, 115.532879818594, 131.618480725624, 170.436507936508, 126.516439909297, 115.051020408163, 108.531746031746, 110.445011337869];[121.61432981641791, 121.61432981641791, 121.61432981641791, 121.61432981641791, 121.61432981641791, 121.61432981641791, 121.61432981641791, 121.61432981641791];1997-10-12;1997-11-30
110;8;THETA_normal;0.09224212429854639;0.0;0.09775154524077462;13.1618645459747;0.09770848086384668;11.106546467897152;[119.187269857969, 118.621778011573, 120.449763282483, 131.614939505523, 99.8290373487638, 120.620725933719, 105.247238295634, 109.481851657023];[106.51192021517875, 106.51192021517875, 106.51192021517875, 106.51192021517875, 106.51192021517875, 106.51192021517875, 106.51192021517875, 106.51192021517875];1998-03-29;1998-05-17
101;8;THETA_normal;0.22552044623395912;57.142857142857146;0.2514034878738686;63.35466860485728;0.25133683307779037;48.77045275771995;[210.246598639456, 241.992630385488, 305.442176870748, 201.842403628118, 152.140022675737, 140.334467120181, 143.197278911565, 132.582199546485];[163.24177190546095, 163.1726333678913, 163.10349483032167, 163.03435629275205, 162.9652177551824, 162.89607921761277, 162.8269398110537, 162.75780040449462];1997-12-07;1998-01-25
104;8;THETA_normal;0.04918745267454665;0.0;0.04938012658362824;6.322412889640761;0.049358234909023815;5.573103524299137;[109.708049886621, 121.017573696145, 117.743764172336, 107.851473922902, 102.239229024943, 114.073129251701, 115.036848072562, 120.833333333333];[112.16053374860896, 112.16053374860896, 112.16053374860896, 112.16053374860896, 112.16053374860896, 112.16053374860896, 112.16053374860896, 112.16053374860896];1998-03-29;1998-05-17
110;8;THETA_normal;0.07412580845758046;0.0;0.07732474849196644;10.917959402527465;0.0772899328230124;8.60274997264501;[120.213045765387, 104.168858495529, 120.502367175171, 99.4871120462915, 126.82798527091, 108.627038400842, 98.844950920926, 107.088374539716];[105.96794495405972, 105.96794495405972, 105.96794495405972, 105.96794495405972, 105.96794495405972, 105.96794495405972, 105.96794495405972, 105.96794495405972];1998-02-01;1998-03-22
104;8;THETA_normal;0.08695420255260994;42.857142857142854;0.0927506774589616;16.39983015048101;0.09271261830926186;11.357384941122614;[147.477324263038, 121.173469387755, 113.151927437642, 118.806689342404, 139.512471655329, 110.728458049887, 100.439342403628, 112.259070294785];[113.01767441874219, 113.04260153470827, 113.06752860024002, 113.0924557162061, 113.11738283217218, 113.14230999857259, 113.16723711453866, 113.19216418007042];1998-02-01;1998-03-22
101;8;THETA_normal;0.15435636162533212;42.857142857142854;0.15805422995475604;34.518494273220426;0.15800425318587066;25.470044545447344;[139.795918367347, 115.419501133787, 152.791950113379, 129.790249433106, 152.395124716553, 138.74716553288, 196.230158730159, 223.922902494331];[152.29262566543116, 152.07532014511008, 151.85801462478904, 151.64070910446796, 151.42340358414688, 151.20609806382583, 150.98879275697172, 150.77148723665064];1997-10-12;1997-11-30
110;8;THETA_normal;0.11790466763211187;0.0;0.12357240392199013;18.92952630458733;0.12351749763826761;14.058390320883715;[108.534981588638, 114.742240925828, 151.196738558653, 124.105733824303, 93.0168332456601, 95.0420831141505, 95.2788006312467, 102.774855339295];[106.01069849240228, 106.01069849240228, 106.01069849240228, 106.01069849240228, 106.01069849240228, 106.01069849240228, 106.01069849240228, 106.01069849240228];1997-12-07;1998-01-25
24;8;THETA_normal;0.12721971015154837;0.0;0.13752824826342563;20.611665969588117;0.137477814703531;18.756907488501284;[140.419501133787, 157.766439909297, 150.085034013606, 148.823696145125, 123.058390022676, 143.948412698413, 137.641723356009, 145.507369614512];[125.17975449001045, 125.17975449001045, 125.17975449001045, 125.17975449001045, 125.17975449001045, 125.17975449001045, 125.17975449001045, 125.17975449001045];1998-03-29;1998-05-17
104;8;THETA_normal;0.12964467121385292;57.142857142857146;0.1329351373693391;21.841762097799958;0.13287899917900609;15.991477380399997;[124.957482993197, 117.715419501134, 166.666666666667, 103.954081632653, 90.9863945578231, 102.536848072562, 105.47052154195, 121.329365079365];[113.6282828091787, 113.65462422819397, 113.68096546113496, 113.70730688015024, 113.73364811309123, 113.75998934603224, 113.78633076504751, 113.81267199798852];1997-12-07;1998-01-25
110;8;THETA_normal;0.08710639551068507;0.0;0.08293838096467408;10.683419665414094;0.08289747230562414;8.434929074207187;[95.8837453971595, 84.4423987375066, 107.285639137296, 109.771173066807, 94.7418472912574, 106.174068785852, 119.568648079958, 100.252105050332];[105.76177389334012, 105.76177389334012, 105.76177389334012, 105.76177389334012, 105.76177389334012, 105.76177389334012, 105.76177389334012, 105.76177389334012];1997-10-12;1997-11-30
104;8;THETA_normal;0.08959095360917332;42.857142857142854;0.08675048464979115;10.88090498482898;0.08671079846315202;9.50761269764117;[118.579931972789, 100.637755102041, 92.4886621315194, 113.151927437642, 105.895691609977, 103.1320861678, 120.578231292517, 126.020408163265];[112.24608115015289, 112.27493172300281, 112.30378228996824, 112.33263285693367, 112.36148342389909, 112.39033399086452, 112.41918456959895, 112.44803512479538];1997-10-12;1997-11-30
24;8;THETA_normal;0.18164692958701795;0.0;0.2017784540324537;28.670438880952993;0.2017031965494457;27.064821888301097;[143.424036281179, 160.700113378685, 144.387755102041, 150.793650793651, 138.548752834467, 150.524376417234, 127.536848072562, 153.1320861678];[119.06613049265128, 119.06613049265128, 119.06613049265128, 119.06613049265128, 119.06613049265128, 119.06613049265128, 119.06613049265128, 119.06613049265128];1998-02-01;1998-03-22
24;8;THETA_normal;0.1152925101898355;0.0;0.13222963237672886;32.03592149373213;0.13218358243818995;19.240265736018582;[144.430272108843, 148.979591836735, 203.528911564626, 117.34693877551, 114.83843537415, 119.146825396825, 128.1179138322, 122.50566893424];[121.1540164210052, 121.1540164210052, 121.1540164210052, 121.1540164210052, 121.1540164210052, 121.1540164210052, 121.1540164210052, 121.1540164210052];1997-12-07;1998-01-25
0;8;THETA_normal;0.25318015326936105;42.857142857142854;0.29076473870804675;69.25628088898779;0.29070261430843336;68.08369192046206;[254.280045351474, 260.572562358277, 262.585034013605, 259.05612244898, 255.711451247166, 292.786281179138, 272.534013605442, 280.144557823129];[199.20187305348392, 199.17992850027164, 199.15798366209847, 199.13603882392533, 199.11409427071305, 199.0921494325399, 199.07020487932763, 199.0482600411545];1998-03-29;1998-05-17
24;8;THETA_normal;0.09314407757482429;0.0;0.10351851088861685;23.00065557439671;0.10347964883940572;13.910934555316626;[116.09977324263, 129.747732426304, 122.108843537415, 140.178571428571, 107.96485260771, 119.189342403628, 117.587868480726, 176.062925170068];[117.38079528845975, 117.38079528845975, 117.38079528845975, 117.38079528845975, 117.38079528845975, 117.38079528845975, 117.38079528845975, 117.38079528845975];1997-10-12;1997-11-30
0;8;THETA_normal;0.22614049075906978;57.142857142857146;0.2571778087022507;59.27834131070229;0.25711983290347884;57.06267079258111;[258.460884353742, 242.871315192744, 257.100340136054, 255.952380952381, 253.897392290249, 207.8089569161, 250.921201814059, 259.169501133787];[191.29098999738522, 191.2678716113337, 191.24475322528215, 191.2216349065374, 191.19851665509933, 191.17539833635456, 191.15228001760977, 191.12916169886498];1998-02-01;1998-03-22
25;8;THETA_normal;0.2247020041624579;57.142857142857146;0.2589109497767341;33.40822606783147;0.2588006234152458;30.41406762010476;[115.347185691741, 139.702788006312, 140.873224618622, 134.836927932667, 97.3566543924249, 146.002104155708, 129.155707522357, 130.523408732246];[99.12488861076004, 99.17602944719414, 99.22717054845985, 99.27831164972557, 99.32945248615968, 99.3805935874254, 99.43173442385951, 99.48287552512522];1998-03-29;1998-05-17
9;8;THETA_normal;0.14366000932220227;57.142857142857146;0.15575544018449056;25.537117502918598;0.15570485685945368;23.994490074007295;[133.956916099773, 162.868480725624, 175.382653061224, 168.12641723356, 161.621315192744, 176.799886621315, 159.651360544218, 166.72335600907];[140.62704529054662, 140.68055818171246, 140.73407107287832, 140.7875839640442, 140.84109685521003, 140.8946097463759, 140.94812263754176, 141.00163552870762];1998-03-29;1998-05-17
18;8;THETA_normal;0.04772034757577887;57.142857142857146;0.04397130683985512;13.838744087075955;0.04395859471748492;7.619401903859806;[187.131519274377, 186.862244897959, 180.428004535147, 181.434240362812, 148.299319727891, 179.450113378685, 187.542517006803, 189.030612244898];[185.78781784478053, 185.85131777508423, 185.9148178940115, 185.97831801293873, 186.041818131866, 186.10531825079323, 186.1688183697205, 186.23231848864773];1998-03-29;1998-05-17
0;8;THETA_normal;0.26038323031266764;42.857142857142854;0.30342924211846006;72.65998868892648;0.3033594386861549;66.56601672550687;[263.137755102041, 259.197845804989, 322.066326530612, 226.615646258503, 209.041950113379, 223.327664399093, 221.301020408163, 248.767006802721];[182.75430079901471, 193.37869024399072, 186.53759966835054, 181.5258584228461, 170.0392372396184, 169.75071719738418, 175.92677087880045, 181.01390716544103];1997-12-07;1998-01-25
25;8;THETA_normal;0.3001257675755977;42.857142857142854;0.3568714228083598;40.80222923615885;0.3567075520458428;38.9517686165554;[143.345607574961, 124.316149395055, 119.345081536034, 121.199368753288, 138.663861125723, 121.580746975276, 106.207259337191, 141.635981062599];[87.99365718411416, 88.01975180392739, 88.04584642374063, 88.07194104355386, 88.0980356633671, 88.12413028318034, 88.15022490299357, 88.1763195228068];1998-02-01;1998-03-22
0;8;THETA_normal;0.13359516462968024;42.857142857142854;0.1451944674323139;36.19174464678793;0.14515904683969255;29.899997843257793;[217.020975056689, 207.950680272109, 164.611678004535, 246.24433106576, 241.794217687075, 223.228458049887, 207.922335600907, 234.679705215419];[186.73616235765863, 186.34534544172936, 186.89212778603007, 191.88359154832239, 206.05774665286447, 213.78474852191343, 207.83251816051967, 169.28105730027076];1997-10-12;1997-11-30
9;8;THETA_normal;0.2296420861077263;57.142857142857146;0.2597827475019737;35.57465274833585;0.2596871725556146;35.301872542799096;[158.418367346939, 155.952380952381, 146.187641723356, 149.872448979592, 160.00566893424, 150.127551020408, 151.785714285714, 154.081632653061];[117.8693597583694, 117.90727216859594, 117.94518457882248, 117.983096989049, 118.02100939927554, 118.05892180950207, 118.0968342197286, 118.13474662995515];1998-02-01;1998-03-22
18;8;THETA_normal;0.1278976972534988;42.857142857142854;0.11451071425817037;26.463588565377776;0.11447593354777635;19.118417418082423;[203.883219954649, 114.374036042613, 190.277777777778, 170.3089569161, 188.562925170068, 173.639455782313, 199.971655328798, 186.210317460317];[178.7051014141488, 178.72769204197294, 178.75028266979712, 178.77287292246763, 178.7954635502918, 178.81805380296228, 178.8406440556328, 178.86323468345697];1998-02-01;1998-03-22
25;8;THETA_normal;0.24443927448128622;28.571428571428573;0.28571781286731995;36.952245410691525;0.2855901843423333;32.21850534592126;[144.991715781526, 128.011572856391, 162.13834823777, 107.732772225145, 115.689110994213, 113.887427669648, 113.335086796423, 112.085744345082];[92.35035832324168, 92.39753224526868, 92.44470616729566, 92.49188008932266, 92.53905401134966, 92.58622793337666, 92.63340185540366, 92.68057551356932];1997-12-07;1998-01-25
9;8;THETA_normal;0.07571159299032736;57.142857142857146;0.07898806246106897;15.822178609005897;0.07896080489290133;11.494198575268172;[145.393990929705, 153.458049886621, 175.977891156463, 140.547052154195, 128.954081632653, 128.44387755102, 130.144557823129, 137.18820861678];[137.7461478091718, 137.82785594034326, 137.90956407151472, 137.99127220268616, 138.07298033385763, 138.1546884650291, 138.23639659620054, 138.318104727372];1997-12-07;1998-01-25
18;8;THETA_normal;0.15626456362316077;57.142857142857146;0.1517017976866897;37.708084257208654;0.15166110423931817;28.770917396820334;[198.044217687075, 200.566893424036, 269.118480725624, 186.465419501134, 145.223922902494, 156.065759637188, 149.319727891157, 179.733560090703];[188.4434013407567, 188.55064376179223, 188.65788653687997, 188.7651289579155, 188.872371378951, 188.9796137999865, 189.08685622102203, 189.19409864205753];1997-12-07;1998-01-25
1;8;THETA_normal;0.09257552926019383;57.142857142857146;0.09712434323560255;14.633175477149171;0.09708848231438115;13.163680986467964;[136.493764172336, 150.566893424036, 143.806689342404, 128.231292517007, 118.310657596372, 143.806689342404, 147.604875283447, 143.792517006803];[128.57257605603363, 128.5675563998882, 128.56253674374278, 128.55751708759738, 128.55249794085486, 128.54747828470943, 128.54245862856402, 128.5374394818215];1998-03-29;1998-05-17
25;8;THETA_normal;0.25995583647547255;71.42857142857143;0.3021456770215536;34.62107444739514;0.302006561638136;32.869360266219786;[111.09942135718, 118.726985796949, 126.82798527091, 137.53287743293, 123.882167280379, 105.334643062906, 127.064702788006, 138.637559179379];[90.52740595096668, 90.59641344389739, 90.66542119973683, 90.73442869266755, 90.80343644850699, 90.87244394143771, 90.94145143436842, 91.01045892729914];1997-10-12;1997-11-30
9;8;THETA_normal;0.18604390286747163;57.142857142857146;0.20719145663604543;29.54020618227064;0.20711438186599285;27.86806838700634;[142.998866213152, 127.565192743764, 150.198412698413, 161.833900226757, 143.069727891156, 148.4410430839, 142.517006802721, 157.993197278912];[118.62990868358975, 118.72396343301932, 118.8180181824489, 118.9120724098741, 119.00612715930369, 119.10018190873326, 119.19423665816285, 119.28829140759242];1997-10-12;1997-11-30
18;8;THETA_normal;0.09291535878820661;57.142857142857146;0.0939952891017142;20.459637031539227;0.09397092047598432;18.19001490712216;[178.344671201814, 164.384920634921, 172.477324263039, 219.756235827665, 203.528911564626, 190.093537414966, 210.232426303855, 219.104308390023];[189.3876649155418, 189.5377741433157, 189.68788266167198, 189.83799188944587, 189.9881011172198, 190.1382103449937, 190.28831957276762, 190.43842880054154];1997-10-12;1997-11-30
1;8;THETA_normal;0.08577428916761483;42.857142857142854;0.09125255577719875;13.745620953765277;0.09121608285960926;11.41854529829217;[122.930839002268, 115.447845804989, 121.967120181406, 121.995464852608, 138.988095238095, 129.514913978918, 137.216553287982, 136.224489795918];[117.32319469702526, 117.25019839124418, 117.17720234639812, 117.10420630155204, 117.03120999577096, 116.9582139509249, 116.88521764514383, 116.81222160029775];1998-02-01;1998-03-22
26;8;THETA_normal;0.4512724539244257;0.0;0.3525076441052083;23.87138022901811;0.3522300592601797;22.470027502733295;[51.8707482993198, 52.0408163265306, 67.1626984126984, 58.4325396825397, 37.2448979591837, 59.6513605442178, 52.0408163265306, 55.484693877551];[76.71109893130475, 76.71109893130475, 76.71109893130475, 76.71109893130475, 76.71109893130475, 76.71109893130475, 76.71109893130475, 76.71109893130475];1998-03-29;1998-05-17
1;8;THETA_normal;0.14595162457769761;28.571428571428573;0.14833286224251863;24.00067584264695;0.14827324869956973;18.734091758449633;[134.254535147392, 147.307256235828, 171.116780045352, 112.443310657596, 91.6524943310659, 106.731859410431, 112.244897959184, 120.294784580499];[120.62804132205373, 120.59646978739224, 120.56489828402272, 120.5333267806532, 120.50175527728368, 120.47018378956014, 120.4386123018366, 120.40704082193605];1997-12-07;1998-01-25
10;8;THETA_normal;0.14453878062266642;42.857142857142854;0.15352626711509343;25.794527606504776;0.153478887868085;24.93490967928871;[170.564058956916, 169.855442176871, 176.955782312925, 170.46485260771, 187.03231292517, 186.649659863946, 131.816893424036, 177.933673469388];[151.13523681585056, 151.22186305425728, 151.306980763496, 151.39063790090978, 151.47288068345435, 151.5537535876979, 151.63329896306843, 151.71155761198284];1998-03-29;1998-05-17
19;8;THETA_normal;0.06434828896174681;42.857142857142854;0.06772387370735873;11.624407547087069;0.06769692453511134;8.522716815974851;[145.252267573696, 128.996598639456, 125.141723356009, 112.910997732426, 115.858843537415, 132.454648526077, 118.664965986395, 121.343537414966];[118.77765253559296, 118.78719048268381, 118.79643388601932, 118.80539359120286, 118.81408034870095, 118.82250414788517, 118.83067469271641, 118.83860130660815];1998-03-29;1998-05-17
26;8;THETA_normal;0.05493016147153931;28.571428571428573;0.053541988920053886;2.9149528572453387;0.05348392299829258;2.468336771192142;[43.8633786848073, 47.2363945578232, 41.8934240362812, 44.4019274376417, 44.5719954648526, 46.4427437641723, 50.4393424036281, 48.8095238095238];[47.21745139315856, 47.20205614225287, 47.18666089134718, 47.17126564044149, 47.1558703895358, 47.14047513863011, 47.12507988772441, 47.10968463681873];1998-02-01;1998-03-22
1;8;THETA_normal;0.08859758450211971;42.857142857142854;0.09055265935233989;13.14345758686671;0.09051610973634357;11.253065771932096;[121.541950113379, 102.706916099773, 132.794784580499, 135.104875283447, 126.445578231293, 125.354308390023, 131.901927437642, 143.239795918367];[120.74780623289621, 120.71568853674033, 120.68357084058447, 120.6514532081112, 120.61933557563796, 120.58721781579945, 120.55510011964357, 120.5229824234877];1997-10-12;1997-11-30
19;8;THETA_normal;0.06261655806041487;57.142857142857146;0.05946165498827359;8.738431678579854;0.05943566271228455;6.801190578811504;[119.68537414966, 110.260770975057, 113.109410430839, 117.81462585034, 109.53798185941, 112.825963718821, 102.721088435374, 120.266439909297];[119.98203932520958, 119.99713690752432, 120.01185519556522, 120.0262081239785, 120.04020894767163, 120.05387038747149, 120.06720467867723, 120.08022342540195];1998-02-01;1998-03-22
10;8;THETA_normal;0.06382534201325374;57.142857142857146;0.06660240887515484;12.551348446277562;0.0665816039985021;10.661319650500893;[171.414399092971, 153.642290249433, 155.569727891157, 166.964285714286, 148.398526077097, 172.066326530612, 164.356575963719, 167.304421768707];[152.5622992068274, 152.67899920392074, 152.7938270614955, 152.90684179135377, 153.018099632931, 153.12765484540097, 153.2355593116231, 153.34186214209038];1998-02-01;1998-03-22
26;8;THETA_normal;0.1890077100099054;57.142857142857146;0.1660872133993384;10.123650363234756;0.1659138421047729;8.02795026180612;[53.8832199546486, 55.7539682539683, 63.6054421768708, 57.5113378684807, 54.4926303854876, 34.8639455782313, 40.0226757369614, 39.7392290249433];[53.1578925953883, 53.14772246862649, 53.137552341864684, 53.127382215102884, 53.11721208834108, 53.10704196157927, 53.09687183481746, 53.08670170805566];1997-12-07;1998-01-25
2;8;THETA_normal;0.2141257036658637;0.0;0.24212418960655563;42.792004442079595;0.24205233438542978;40.817879698868424;[184.424603174603, 193.891723356009, 186.904761904762, 185.615079365079, 157.979024943311, 206.71768707483, 188.959750566893, 192.446145124717];[146.29946723990707, 146.29946723990707, 146.29946723990707, 146.29946723990707, 146.29946723990707, 146.29946723990707, 146.29946723990707, 146.29946723990707];1998-03-29;1998-05-17
19;8;THETA_normal;0.10648422778413745;57.142857142857146;0.11391668950224215;21.66537537565106;0.11387138051285961;14.512192669910787;[123.115079365079, 137.542517006803, 169.99716553288, 115.362811791383, 112.726757369615, 97.859977324263, 107.851473922902, 121.301020408163];[120.78960453905918, 115.13826205204523, 116.49911195083637, 113.46043903970236, 117.48034738482093, 112.64922708538046, 117.77945576607269, 114.8044567828726];1997-12-07;1998-01-25
10;8;THETA_normal;0.12281777247912137;57.142857142857146;0.13275515267939342;29.276077549686086;0.13271510246253093;22.17807647297373;[162.074829931973, 152.80612244898, 220.209750566893, 160.445011337868, 171.258503401361, 132.256235827664, 173.90873015873, 175.368480725623];[150.67550608739157, 150.80966434114973, 150.94157754743588, 151.07131857726606, 151.19895797598556, 151.32456241282176, 151.44819661894317, 151.56992222462398];1997-12-07;1998-01-25
26;8;THETA_normal;0.07311053879417287;0.0;0.07705264267251269;5.359846073903332;0.0769807051287508;4.1294177377291055;[58.673469387755, 47.7324263038549, 52.451814058957, 59.3537414965986, 50.8645124716553, 58.9569160997732, 49.234693877551, 49.2205215419501];[50.53873494477513, 50.53873494477513, 50.53873494477513, 50.53873494477513, 50.53873494477513, 50.53873494477513, 50.53873494477513, 50.53873494477513];1997-10-12;1997-11-30
2;8;THETA_normal;0.1707086318893763;28.571428571428573;0.18664432292599709;32.51463892238308;0.18658842000639247;31.19656782136619;[185.728458049887, 183.333333333333, 177.919501133787, 190.490362811791, 196.173469387755, 183.560090702948, 177.210884353741, 138.849659625379];[150.8235671053869, 150.89874528767055, 150.9739234699542, 151.04910165223785, 151.12428022716247, 151.19945840944612, 151.27463659172977, 151.3498151666544];1998-02-01;1998-03-22
19;8;THETA_normal;0.1176984033008503;57.142857142857146;0.1068099346611129;15.70296367694005;0.10676326903114593;12.25206970181565;[113.052721088435, 100.93537414966, 117.757936507937, 126.615646258504, 113.732993197279, 120.592403628118, 92.1485260770975, 131.56179138322];[124.43306845521974, 124.47439601884743, 124.51524847137811, 124.555635755346, 124.59556887855675, 124.63505742845402, 124.67411099248147, 124.7127398682638];1997-10-12;1997-11-30
10;8;THETA_normal;0.15456249704808012;57.142857142857146;0.13899798034492722;26.536007985654617;0.138952131917915;21.16620770837249;[161.451247165533, 127.33843537415, 166.765873015873, 132.397959183673, 122.137188208617, 144.501133786848, 164.611678004535, 191.794217687075];[165.15552595257944, 165.41680687670055, 165.6757774792436, 165.9324800508409, 166.18695531580497, 166.4392377331695, 166.68936959356682, 166.93738535603063];1997-10-12;1997-11-30
2;8;THETA_normal;0.14953039136474974;71.42857142857143;0.1672593546111168;38.83290122120084;0.16721241792279937;30.003362241668853;[196.215986394558, 201.006235827665, 240.986394557823, 166.227324263039, 144.600340136054, 165.107709750567, 169.401927437642, 182.851473922902];[155.69580511564834, 155.84555372685702, 155.99530373390667, 156.14505374095629, 156.29480235216496, 156.44455096337362, 156.59430097042326, 156.74404818579094];1997-12-07;1998-01-25
20;8;THETA_normal;0.11314771407491621;42.857142857142854;0.1169369821132832;15.12308511972506;0.11688717733828438;13.774810060598883;[103.075396825397, 125.864512471655, 129.591836734694, 126.856575963719, 97.5907029478459, 138.194444444445, 114.342403628118, 127.777777777778];[113.02136156368614, 113.00523764134506, 112.98911390365724, 112.97299035062267, 112.95686642828159, 112.94074269059377, 112.92461895290593, 112.90849521521811];1998-03-29;1998-05-17
11;8;THETA_normal;0.10922853486780898;57.142857142857146;0.10834331536500204;13.759346446736945;0.10829051359469744;11.205119627145585;[95.0538548752835, 109.098639455782, 112.315759637188, 109.84977324263, 79.2942176870749, 128.59977324263, 107.638888888889, 106.037414965986];[102.6302062081778, 102.58172563179525, 102.53324552316425, 102.48476541453326, 102.43628530590225, 102.38780519727125, 102.33932508864024, 102.29084451225769];1998-03-29;1998-05-17
2;8;THETA_normal;0.16274494579215698;57.142857142857146;0.17913506660541384;31.865330692690478;0.1790811538417269;29.773606989780887;[172.052154195011, 154.648526077097, 176.686507936508, 195.351473922903, 179.06746031746, 183.574263038549, 180.272108843537, 190.235260770975];[148.7819240048576, 148.90490658198303, 149.02788853228597, 149.1508711094114, 149.27385368653682, 149.39683626366227, 149.5198188407877, 149.64280016426812];1997-10-12;1997-11-30
20;8;THETA_normal;0.12715768341361158;71.42857142857143;0.1254891365677855;18.62975883495882;0.1254337225529801;14.397275824287258;[136.72052154195, 117.020975056689, 129.166666666667, 116.482426303855, 142.928004535147, 116.08560090703, 110.048185941043, 81.1649659863945];[113.01213256980519, 112.99428567499604, 112.97643860451983, 112.95859170971069, 112.94074463923448, 112.92289756875827, 112.90505067394913, 112.88720360347293];1998-02-01;1998-03-22
11;8;THETA_normal;0.20612536492321887;42.857142857142854;0.17599659801721212;20.186778096689217;0.1759030440062206;16.641422875244736;[114.257369614512, 94.8270975056689, 98.3701814058957, 98.6678004535147, 97.9450113378685, 65.6604308390023, 78.6848072562359, 88.7329931972789];[107.05792830739398, 107.03702721250906, 107.0161258938197, 106.99522457513035, 106.97432325644101, 106.95342216155609, 106.93252084286674, 106.91161974798182];1998-02-01;1998-03-22
20;8;THETA_normal;0.08522051952328467;42.857142857142854;0.08658772752350136;14.08051262990636;0.08655143455502837;10.398556625758406;[122.080498866213, 114.073129251701, 150.170068027211, 105.286281179138, 112.81179138322, 107.199546485261, 103.302154195011, 112.740929705216];[116.5769453254942, 116.57877609882, 116.58060687214581, 116.58243747329318, 116.58426824661899, 116.58609884776637, 116.58792962109217, 116.58976022223955];1997-12-07;1998-01-25
11;8;THETA_normal;0.20511858397739835;42.857142857142854;0.19470301926364714;25.289537787329383;0.1946123694446853;21.294691020732557;[111.592970521542, 148.90873015873, 145.819160997732, 97.6190476190476, 88.0952380952381, 76.1054421768708, 87.6417233560091, 108.12074829932];[110.7899560208065, 110.79172665742082, 110.79349729403515, 110.79526793064949, 110.79703856726381, 110.79880920387815, 110.80057984049247, 110.80235046432058];1997-12-07;1998-01-25
20;8;THETA_normal;0.06568694126033114;57.142857142857146;0.0660487693692341;9.121453175457392;0.06602073804683749;7.795771098768052;[107.8089569161, 105.300453514739, 121.669501133787, 133.545918367347, 113.74716553288, 118.976757369615, 112.613378684807, 127.664399092971];[116.84225264664691, 116.84566119700645, 116.8490700967638, 116.85247882182225, 116.85588754688068, 116.85929627193913, 116.86270517169648, 116.86611389675492];1997-10-12;1997-11-30
11;8;THETA_normal;0.11694365334785997;57.142857142857146;0.11119426780649715;16.185596340389214;0.11114383364303235;12.381279253126753;[111.933106575964, 83.3333333333333, 116.992630385487, 142.517006802721, 106.490929705215, 108.545918367347, 101.544784580499, 122.704081632653];[114.27668398924519, 114.30948903669453, 114.34229368236743, 114.37509872981678, 114.40790337548968, 114.44070842293903, 114.47351347038838, 114.50631811606128];1997-10-12;1997-11-30
