DATA;MCPM;UF;PRODUCT;MODEL;PARAMS;WINDOW;HORIZON;RMSE;MAPE;POCID;PBE;P1;P2;P3;P4;P5;P6;P7;P8;P9;P10;P11;P12
combination;2238.60970443504;RR;querosenedeaviacao;combination-mean;ARIMA-SARIMA-VARMA;12;12;77.33552303258604;0.09823549480826484;33.333333333333336;-2.045734783167975;745.3251677292657;694.8144986135942;709.8748025270818;696.9073398370281;688.4512738547851;701.46143850985;725.2577206319969;736.0907516494378;726.0466494368836;749.7970390109726;741.5947736169228;703.1786521434615
