DATA;MCPM;UF;PRODUCT;MODEL;PARAMS;WINDOW;HORIZON;RMSE;MAPE;POCID;PBE;P1;P2;P3;P4;P5;P6;P7;P8;P9;P10;P11;P12
combination;26778.005323634792;GO;querosenedeaviacao;combination-mean;ARIMA-SARIMA-VARMA;12;12;1231.4399685749734;0.21004175435371045;50.0;-20.517935140556947;5003.838906577647;5121.935695687797;6067.756983752385;6189.710156183765;6844.3849262550375;6966.847080949658;6778.308707174044;6719.045486161753;5993.002013068225;5991.273168579408;5381.2203095936;4925.080510163644
