DATA;MCPM;UF;PRODUCT;MODEL;PARAMS;WINDOW;HORIZON;RMSE;MAPE;POCID;PBE;P1;P2;P3;P4;P5;P6;P7;P8;P9;P10;P11;P12
combination;18759.015770382506;PB;querosenedeaviacao;combination-mean;ARIMA-SARIMA-VARMA;12;12;863.5913964273018;0.15600124765114076;50.0;16.83645997558323;3172.4693723909363;2781.3357735090403;2827.740270412268;3107.4784041861076;3318.384873483514;3141.291744491844;3136.993007394558;3225.4028627963567;3206.602352663846;3660.2103855932705;3809.698847290847;3164.940983866619
