DATA;MCPM;UF;PRODUCT;MODEL;PARAMS;WINDOW;HORIZON;RMSE;MAPE;POCID;PBE;P1;P2;P3;P4;P5;P6;P7;P8;P9;P10;P11;P12
combination;1202.6773700831363;AC;querosenedeaviacao;combination-mean;ARIMA-SARIMA-VARMA;12;12;66.44724395712566;0.08166616610111099;58.333333333333336;-2.764633369917818;867.7755752097107;725.0634194114328;702.0986090988188;662.5218649631466;721.7687342785905;739.793211008538;753.6462469242647;774.155975157779;770.4636110896417;836.777742359763;778.1051710495641;707.2844551768201
