DATA;MCPM;UF;PRODUCT;MODEL;PARAMS;WINDOW;HORIZON;RMSE;MAPE;POCID;PBE;P1;P2;P3;P4;P5;P6;P7;P8;P9;P10;P11;P12
combination;35297.24237430289;PR;querosenedeaviacao;combination-mean;ARIMA-SARIMA-VARMA;12;12;2422.1747791970747;0.3161586945244509;66.66666666666667;-28.600589434427544;8770.943996233575;8908.538925765863;9376.635192201204;9136.497626413733;10021.557592394682;10022.292991722134;9966.380546637822;10511.893740827467;10534.70685788655;10319.09760814931;9459.270147749088;8525.074144959593
