DATA;MCPM;UF;PRODUCT;MODEL;PARAMS;WINDOW;HORIZON;RMSE;MAPE;POCID;PBE;P1;P2;P3;P4;P5;P6;P7;P8;P9;P10;P11;P12
combination;4258.419087740686;PE;querosenedeaviacao;combination-mean;ARIMA-SARIMA-VARMA;12;12;1172.3006601513544;0.055246129578937486;91.66666666666667;-4.476898451576706;18562.788174833346;17737.57364777231;18093.655828150677;17830.44473745082;20114.326262007704;18895.839568962092;18167.027664714547;18920.716891043758;18491.387301357936;20880.563391952594;21360.420201800607;17969.35303722059
