DATA;MCPM;UF;PRODUCT;MODEL;PARAMS;WINDOW;HORIZON;RMSE;MAPE;POCID;PBE;P1;P2;P3;P4;P5;P6;P7;P8;P9;P10;P11;P12
combination;6766.912195511253;CE;querosenedeaviacao;combination-mean;ARIMA-SARIMA-VARMA;12;12;934.8277128805706;0.049451084853989836;83.33333333333333;-3.105209306468695;16828.279023590352;14770.897790284771;15326.327389751099;15638.53618825409;17458.207705930537;16775.39358901855;16496.351481421043;16800.257162374415;16483.044315415915;18632.643215505926;18809.973955476817;16250.984804417534
