DATA;MCPM;UF;PRODUCT;MODEL;PARAMS;WINDOW;HORIZON;RMSE;MAPE;POCID;PBE;MASE;P1;P2;P3;P4;P5;P6;P7;P8;P9;P10;P11;P12
mean;301241.28382673475;MT;oleodiesel;SARIMA_ARMA_ARIMA;{'p': 2, 'd': 1, 'q': 3, 's': 12};12;12;27743.290486718033;0.07579447739611041;75.0;6.0294603333219055;0.8694146211799467;320714.9425216302;259119.55067022255;274665.09390185407;334761.8663040458;355395.1992289048;328947.38976206374;324181.8995458012;323913.48118878336;274108.4211395704;264856.6771098814;316853.6306109085;354243.3689179656
median;413424.5862968616;MT;oleodiesel;SARIMA_ARMA_ARIMA;{'p': 2, 'd': 1, 'q': 3, 's': 12};12;12;28574.978783385242;0.07913406298373625;66.66666666666667;6.482044142126093;0.9107854196534939;317305.3273497385;258205.56239504024;272793.09271561087;334964.13767473854;351602.1307865682;330400.4494772636;323981.37689138006;324498.9455179639;274093.5197996799;262737.22608588665;314717.45650102553;348489.2708771521
