DATA;UF;PRODUCT;MODEL;PARAMS;WINDOW;HORIZON;RMSE;MAPE;POCID;PBE;MASE;P1;P2;P3;P4;P5;P6;P7;P8;P9;P10;P11;P12
normal;GO;etanolhidratado;knn_rf_deepar_svr_catboost_arima;{};12;12;24231.88517346767;0.15887849977619187;54.54545454545455;7.294592899638983;0.7228387086350221;93062.08183253114;91307.81660213234;102487.35359491494;114275.1921733195;130718.73164352072;134724.28588566658;134106.3553714871;124914.22126213554;112249.71139375925;104465.64958449377;102991.28433713144;101659.55166861227
deseasonal;GO;etanolhidratado;knn_rf_deepar_svr_catboost_arima;{};12;12;31184.473434698226;0.2164851383236284;36.36363636363637;7.736611183166632;0.969418586191904;87839.2396062567;99807.3422571484;111707.29934111187;129481.39374756793;139824.26402037084;137819.8972077717;133669.3843429105;112603.96658483299;104347.09843177804;102670.14283070239;94807.53594394383;85962.37104366717
log;GO;etanolhidratado;knn_rf_deepar_svr_catboost_arima;{};12;12;30748.24078922994;0.1995405214492155;54.54545454545455;10.70991722038818;0.9110257500311759;93996.86225158618;93403.42494974943;108563.78647931464;126842.86061506892;128005.90506305818;132792.90453433926;125857.75650352513;109259.46277134269;97730.3287033122;104611.05142580737;86060.2500575552;90214.72327423828
