DATA;UF;PRODUCT;MODEL;PARAMS;WINDOW;HORIZON;RMSE;MAPE;POCID;PBE;MASE;P1;P2;P3;P4;P5;P6;P7;P8;P9;P10;P11;P12
normal;TO;etanolhidratado;knn_rf_deepar_svr_catboost_arima;{};12;12;1647.1984506261206;0.3628782481832656;36.36363636363637;25.463928148268778;1.0097259566830112;1948.7747108245528;2257.9341916948188;2599.052061992672;2977.9472227051597;3254.3882856850723;3138.144563824101;2607.8634896927497;2201.9053963047786;1813.698835216325;1884.3700025733692;1580.8192928753163;1244.2328447086825
deseasonal;TO;etanolhidratado;knn_rf_deepar_svr_catboost_arima;{};12;12;1931.4536716185116;0.42129375963420596;45.45454545454545;30.069711415768204;1.185482779136554;1774.305869432765;2178.61439485124;2418.6852684124487;3024.268017780577;3656.1960295648514;3415.3488258158404;2677.5976109855283;2024.4168259791486;1398.2841545089875;1506.3322592428653;815.3707285318033;919.8481264746205
log;TO;etanolhidratado;knn_rf_deepar_svr_catboost_arima;{};12;12;1476.000810096805;0.31445323617315696;36.36363636363637;23.35805633916194;0.8850052066181375;1821.3751032252146;2159.8837981935358;2461.818020656733;2744.1283783791414;3296.496275269891;3020.1867315507584;2660.0281045716138;2320.5885529438046;2328.351516746539;2159.648084354412;1747.2960550257362;1566.5472918703763
