DATA;UF;PRODUCT;MODEL;PARAMS;WINDOW;HORIZON;RMSE;MAPE;POCID;PBE;MASE;P1;P2;P3;P4;P5;P6;P7;P8;P9;P10;P11;P12
normal;SE;etanolhidratado;knn_rf_deepar_svr_catboost_arima;{};12;12;1459.5597266612465;0.34466255276206886;54.54545454545455;32.14780640070616;0.9651565883262122;2386.277856070108;2212.3681244499935;2662.0654325015503;2756.0913591971644;2472.720560215171;2239.094920403089;1870.414573020514;1419.2515348606107;1743.5243118157905;2074.201221389779;2021.3323238485839;2149.2663860722514
deseasonal;SE;etanolhidratado;knn_rf_deepar_svr_catboost_arima;{};12;12;789.7306531855079;0.1823485326886132;45.45454545454545;10.715308049095576;0.48897625671680606;2787.4766052738137;2697.981684180118;2638.1728938208666;2854.517438452492;2751.94033299423;2206.496279908151;2258.8462929679254;2574.4528280083973;2745.5135873653103;3601.0570690623194;3866.808762939789;3238.062238371156
log;SE;etanolhidratado;knn_rf_deepar_svr_catboost_arima;{};12;12;1625.4825321489457;0.3665714924446674;72.72727272727273;34.80640228051603;1.0398632811709017;2815.528143448712;2547.5824312770305;2613.083611032813;2739.5270225078966;2321.596636388858;2502.091799004782;1456.6639940143132;1349.3225423672689;1373.456749741849;1561.195493605061;1753.5636698940718;1954.0012678977687
