DATA;UF;PRODUCT;MODEL;PARAMS;WINDOW;HORIZON;RMSE;MAPE;POCID;PBE;MASE;P1;P2;P3;P4;P5;P6;P7;P8;P9;P10;P11;P12
normal;RJ;etanolhidratado;knn_rf_deepar_svr_catboost_arima;{};12;12;24854.280941220182;0.23645983457318073;45.45454545454545;23.975136175723748;0.9062181079992386;45371.57646598839;48579.060103127355;52204.21723015275;54986.719768133364;56928.607358748624;55157.72941859133;53052.083913513125;50586.41115451165;48203.91900355705;49698.64684892327;44502.295194077014;46121.67208569278
deseasonal;RJ;etanolhidratado;knn_rf_deepar_svr_catboost_arima;{};12;12;27178.781132669665;0.24777667161813852;54.54545454545455;26.443703731636663;0.962961882473719;52110.97258391134;52423.48861468875;53004.42597096064;50058.36851612922;51264.21289416437;51171.51428458734;50137.02952319303;52495.17859316895;46349.84086561102;50824.0112426253;40658.35548127851;35238.11092457476
log;RJ;etanolhidratado;knn_rf_deepar_svr_catboost_arima;{};12;12;25079.42827743461;0.24261396277566052;54.54545454545455;23.22059631364808;0.9211673034713965;45630.85131248089;50913.47007294268;54056.73503345909;55388.52863983407;57179.093266493255;55667.64285422921;54063.72167886663;52489.761188284356;48079.2637389681;49478.13982771736;44449.48141785806;44004.71939298955
