DATA;MCPM;UF;PRODUCT;MODEL;PARAMS;WINDOW;HORIZON;RMSE;MAPE;POCID;PBE;MASE;P1;P2;P3;P4;P5;P6;P7;P8;P9;P10;P11;P12
normal;19753.050758356316;PI;gasolinac;sarima_noresid;{'p': 1, 'd': 0, 'q': 1, 'P': 2, 'D': 0, 'Q': 5, 's': 12};12;12;4972.741342839886;0.08249519242474361;90.9090909090909;4.169393777111482;0.7932709964997786;42022.53886719115;39643.7723573239;44133.696087675075;45087.25537250047;49423.77676531414;53684.562214745456;55819.90155523253;56204.364974246615;52908.06046818091;61316.774095637076;53310.37917578056;49161.10870119365
log;20221.342425729843;PI;gasolinac;sarima_noresid;{'p': 1, 'd': 0, 'q': 5, 'P': 6, 'D': 0, 'Q': 1, 's': 12};12;12;5088.249859427752;0.08678506846674543;90.9090909090909;2.9792211329420275;0.8342914353785384;41999.20125277085;39385.57545086518;44379.76103937633;45492.201001903115;49998.93673972771;54446.67274275815;56707.12776972792;57181.24047554948;53749.18594332397;62799.71025330112;54204.59266168575;49857.446896786576
deseasonal;19253.55439218755;PI;gasolinac;sarima_noresid;{'p': 4, 'd': 1, 'q': 4, 'P': 1, 'D': 0, 'Q': 2, 's': 12};12;12;4847.008236325282;0.08246701589764541;90.9090909090909;3.1880078566585297;0.7912502880286459;42211.305929990995;39824.93468936112;44642.04128131237;45550.472858930065;50204.858846499614;54128.196019275;56247.00635743687;56849.766765802844;53594.00872225984;61591.68546842663;53895.41216907948;50148.82169482459
