DATA;MCPM;UF;PRODUCT;MODEL;PARAMS;WINDOW;HORIZON;RMSE;MAPE;POCID;PBE;MASE;P1;P2;P3;P4;P5;P6;P7;P8;P9;P10;P11;P12
normal;19001.844900838907;AC;gasolinac;sarima_noresid;{'p': 3, 'd': 1, 'q': 1, 'P': 6, 'D': 0, 'Q': 4, 's': 12};12;12;1602.8264566507844;0.1039398450829067;72.72727272727273;-8.476244489723705;1.5050745257788851;12021.33775247567;11843.182976242806;12987.107619545592;13150.647289177305;14183.644421380475;14938.005105051481;15735.926668146065;15220.375560305747;14890.458543908271;16022.887150962191;13552.355963774351;13262.970267953233
log;21355.049618068006;AC;gasolinac;sarima_noresid;{'p': 5, 'd': 1, 'q': 5, 'P': 5, 'D': 0, 'Q': 6, 's': 12};12;12;1800.4693234762697;0.11690148510282088;72.72727272727273;-9.876920840739913;1.6971178663527813;11997.712725445686;11855.509384783292;13080.679825204817;13254.096747158868;14370.543007369486;15183.781728720884;16045.116720091057;15490.780439389147;15149.977473769746;16419.994124595774;13710.524148320217;13416.979585085826
deseasonal;19193.309182036122;AC;gasolinac;sarima_noresid;{'p': 2, 'd': 1, 'q': 2, 'P': 5, 'D': 0, 'Q': 6, 's': 12};12;12;1618.8263292775969;0.10645769497143283;72.72727272727273;-8.626040107993528;1.5412098047200573;11921.548180880047;11882.120571786245;13012.068348972345;13233.304005701231;14309.960649185135;14934.353409886817;15698.455877633645;15221.691800806904;14911.87670141377;16021.034952533962;13584.025219276584;13310.18810456547
