DATA;UF;PRODUCT;MODEL;PARAMS;WINDOW;HORIZON;RMSE;MAPE;POCID;PBE;MASE;P1;P2;P3;P4;P5;P6;P7;P8;P9;P10;P11;P12
rf;SE;etanolhidratado;knn_rf_deepar_svr_catboost_arima;{};12;12;1520.87069292826;0.2864426183407169;72.72727272727273;-3.047486485335636;0.6036435122150097;5150.98136724259;4397.536639313112;3455.669587135977;4790.862438595629;4474.173648966664;4118.964772530149;4236.5064519212965;4347.3136326226595;5080.388736742844;5597.140853809798;5655.2346323565935;6344.679839294526
svr;SE;etanolhidratado;knn_rf_deepar_svr_catboost_arima;{};12;12;1315.127303357778;0.31162590624674896;72.72727272727273;-6.9280121994756225;0.5942167123226069;4737.70173356987;3366.1661059670887;2794.4285726373087;4309.697449925662;4344.372081172684;4130.8890504502;5184.634003746737;5370.767324671193;5546.961200497905;7104.571069530187;6348.309916532078;6581.896740240824
ridge;SE;etanolhidratado;knn_rf_deepar_svr_catboost_arima;{};12;12;1311.8542778245464;0.311563637399158;81.81818181818181;-6.923374019859486;0.5920890508193445;4707.66822405572;3387.9703011391875;2749.098857345218;4373.414074392176;4290.875311632413;4131.78582315651;5198.983076303484;5381.323611964274;5554.924656414085;7132.53990902185;6360.344355964584;6548.872238837797
linear;SE;etanolhidratado;knn_rf_deepar_svr_catboost_arima;{};12;12;1311.8797536686454;0.31156980148504165;81.81818181818181;-6.924844391341635;0.5920879903086229;4706.765100953144;3387.722548646083;2749.722816677123;4373.78035333361;4290.755711477312;4131.702075320222;5199.546032060091;5381.532665278387;5554.630167458426;7133.910558772909;6359.316113831561;6549.238889127449
