DATA;UF;PRODUCT;MODEL;PARAMS;WINDOW;HORIZON;RMSE;MAPE;POCID;PBE;MASE;P1;P2;P3;P4;P5;P6;P7;P8;P9;P10;P11;P12
rf;AC;etanolhidratado;knn_rf_deepar_svr_catboost_arima;{};12;12;219.01854122442742;0.2913819633880104;72.72727272727273;29.815180538010278;1.2152634617263307;448.1698796915108;524.5184038592549;487.6957177585739;473.6932198714663;566.6161913925301;535.2287806990369;373.2319361488194;445.8047309445638;402.47654264094507;532.550208210427;432.458863337338;501.0061328331257
svr;AC;etanolhidratado;knn_rf_deepar_svr_catboost_arima;{};12;12;200.6848178144056;0.26234507802657553;63.63636363636363;26.510366272866857;1.0805595977299138;406.52711845241834;553.0801414428425;494.07956738790824;622.0612877326812;418.4871178279925;328.2622853415449;465.1681853908803;511.2609729347862;450.69787272138433;665.0041873493074;537.7886925491125;540.5350642505013
ridge;AC;etanolhidratado;knn_rf_deepar_svr_catboost_arima;{};12;12;202.125437547932;0.26113404505558263;63.63636363636363;26.439972143742374;1.0776903408110778;407.1950497859396;567.8170840595089;484.49746862845683;620.3699185226627;404.51397043213245;341.0958063142525;457.18013403657454;506.61657840389626;452.085707707266;675.6006331669611;538.8865834218592;542.8340783501073
linear;AC;etanolhidratado;knn_rf_deepar_svr_catboost_arima;{};12;12;202.1676390858066;0.2611274107710367;63.63636363636363;26.439633133185552;1.07767652277827;407.10187122806366;568.0078925743121;484.43539030613397;620.5210256137525;404.0771331856185;341.0586761887583;457.47255828927194;506.5955579846035;452.0992243711282;675.687773890137;538.9045023163003;542.7590526059585
