DATA;MCPM;UF;PRODUCT;MODEL;PARAMS;WINDOW;HORIZON;RMSE;MAPE;POCID;PBE;P1;P2;P3;P4;P5;P6;P7;P8;P9;P10;P11;P12
combination;5263.091189056648;TO;querosenedeaviacao;combination-median;ARIMA-SARIMA-VARMA;12;12;242.11502717084372;0.16718448556521295;50.0;8.045373201562372;708.5604068811019;708.0691804821511;702.8421106466042;752.5513764299994;802.8238960209223;805.6238214846635;812.2658976302307;842.6192780573992;835.0125072607897;876.8765879609696;878.1580348912237;777.7921775025548
