DATA;MCPM;UF;PRODUCT;MODEL;PARAMS;WINDOW;HORIZON;RMSE;MAPE;POCID;PBE;P1;P2;P3;P4;P5;P6;P7;P8;P9;P10;P11;P12
combination;2775.4392033401036;MA;querosenedeaviacao;combination-median;ARIMA-SARIMA-VARMA;12;12;255.3563974444561;0.09164174170516293;75.0;-5.183747630487105;2208.4462446658035;2011.4766332738168;2083.96143260026;2103.6722250858634;2597.255086295232;2368.5135574652595;2361.6172111746887;2674.656456384307;2588.26955138061;2902.26820943011;2812.9202686539948;2239.871984556796
