DATA;MCPM;UF;PRODUCT;MODEL;PARAMS;WINDOW;HORIZON;RMSE;MAPE;POCID;PBE;P1;P2;P3;P4;P5;P6;P7;P8;P9;P10;P11;P12
combination;826.4112553166098;AC;querosenedeaviacao;combination-median;ARIMA-SARIMA-VARMA;12;12;45.69095839867047;0.0540892634392743;58.333333333333336;-1.7692276193943794;748.9988593176621;708.4528531629114;703.7542061781764;690.5667176418167;742.750452175411;744.729086644192;704.7413543915342;755.113944061615;796.848883118;859.8999567728039;781.6290170951703;714.410707757209
