DATA;MCPM;UF;PRODUCT;MODEL;PARAMS;WINDOW;HORIZON;RMSE;MAPE;POCID;PBE;P1;P2;P3;P4;P5;P6;P7;P8;P9;P10;P11;P12
combination;36020.03983358532;PR;querosenedeaviacao;combination-median;ARIMA-SARIMA-VARMA;12;12;1983.537929643846;0.2653090173628443;58.333333333333336;-24.14346140717357;8296.729183472602;8481.610598714507;8823.03357420302;8534.916560153759;9330.30735317822;9439.301444913452;9479.769669678026;9945.237626745797;10161.953059753228;10025.311564722662;9867.617934877777;9162.188971503963
