DATA;MCPM;UF;PRODUCT;MODEL;PARAMS;WINDOW;HORIZON;RMSE;MAPE;POCID;PBE;P1;P2;P3;P4;P5;P6;P7;P8;P9;P10;P11;P12
combination;1748.2109779539;RO;querosenedeaviacao;combination-median;ARIMA-SARIMA-VARMA;12;12;120.78636898391457;0.07207394808671673;66.66666666666667;0.4244627489569626;1251.3030097269618;1141.6239131219302;1100.3111758703435;1068.6756936217464;1178.7125163769715;1182.2501756775227;1137.136483368274;1235.3487431354877;1204.7323256401355;1408.780867028913;1421.3160390389994;1117.187909953138
