DATA;MCPM;UF;PRODUCT;MODEL;PARAMS;WINDOW;HORIZON;RMSE;MAPE;POCID;PBE;P1;P2;P3;P4;P5;P6;P7;P8;P9;P10;P11;P12
combination;546119.3775240747;SP;querosenedeaviacao;combination-median;ARIMA-SARIMA-VARMA;12;12;37712.57094999473;0.10922986845608318;66.66666666666667;10.051504674467417;309575.06632020685;284737.49588087376;291810.86376235913;286096.7399688922;305500.07905840507;280868.2950927218;275612.1418268471;272600.3065765328;275170.3939750122;284407.0043895585;297820.8845161681;263423.4255488112
