DATA;MCPM;UF;PRODUCT;MODEL;PARAMS;WINDOW;HORIZON;RMSE;MAPE;POCID;PBE;P1;P2;P3;P4;P5;P6;P7;P8;P9;P10;P11;P12
combination;1875.5382797582477;CE;oleocombustivel;combination-median;ARIMA-SARIMA-VARMA;12;12;164.7382065972934;1.1221512085599559;75.0;-108.53351559532491;269.987501616318;114.64327953284536;73.93081787850957;183.4554674016213;88.51426021903848;38.46681888601182;110.51468648378108;427.29833503273073;502.69513955665286;313.85331551728723;229.18074882361765;83.08938450186179
