DATA;MCPM;UF;PRODUCT;MODEL;PARAMS;WINDOW;HORIZON;RMSE;MAPE;POCID;PBE;P1;P2;P3;P4;P5;P6;P7;P8;P9;P10;P11;P12
combination;8.751132263727497e+19;MS;oleocombustivel;combination-median;ARIMA-SARIMA-VARMA;12;12;743.6373665526357;2.4687212065354608e+17;25.0;-141.97176664572777;1447.1889593964845;1103.211823915976;869.6128790858683;786.6229296764376;725.2110487746077;803.7933312578682;812.511568824156;616.1218003497262;784.7721790939256;657.7994699702556;612.8065612485304;549.4058310994693
