DATA;MCPM;UF;PRODUCT;MODEL;PARAMS;WINDOW;HORIZON;RMSE;MAPE;POCID;PBE;P1;P2;P3;P4;P5;P6;P7;P8;P9;P10;P11;P12
combination;3.8838674592937974e+20;ES;oleocombustivel;combination-median;ARIMA-SARIMA-VARMA;12;12;1044.0366204640368;8.136476925539553e+17;41.666666666666664;-37.97163755390901;2163.102123074001;1054.031172470934;1097.914156064955;979.7327221203694;1061.109661009806;2167.992965295676;1359.3778776914398;1742.5064997771956;2331.075695266872;1308.4666327751129;1307.5864663200446;548.5012300933561
