DATA;MCPM;UF;PRODUCT;MODEL;PARAMS;WINDOW;HORIZON;RMSE;MAPE;POCID;PBE;P1;P2;P3;P4;P5;P6;P7;P8;P9;P10;P11;P12
combination;112435.8805487358;RS;oleocombustivel;combination-median;ARIMA-SARIMA-VARMA;12;12;6153.812041932588;0.5246904521686874;58.333333333333336;53.36371750200555;4029.929958399999;4509.143100067674;5725.00550285705;4407.289761123775;4841.0624486486695;5427.575785501452;4855.371816499678;4262.97289213038;4221.099232983563;2990.8580085521457;3244.1139914690025;2582.422216493605
