DATA;MCPM;UF;PRODUCT;MODEL;PARAMS;WINDOW;HORIZON;RMSE;MAPE;POCID;PBE;P1;P2;P3;P4;P5;P6;P7;P8;P9;P10;P11;P12
combination;30984.6313704878;GO;oleocombustivel;combination-median;ARIMA-SARIMA-VARMA;12;12;1221.3850228026988;0.24105412335451828;41.666666666666664;-10.758615802315044;4901.978604011583;4743.061097983443;4857.602833019782;4305.148991988617;5031.275609949687;5949.733555852383;5897.81603454086;5896.848594213689;5169.668288371845;5171.619120240613;5057.745424047583;3973.71870912634
