DATA;MCPM;UF;PRODUCT;MODEL;PARAMS;WINDOW;HORIZON;RMSE;MAPE;POCID;PBE;P1;P2;P3;P4;P5;P6;P7;P8;P9;P10;P11;P12
combination;21949.5971588158;SC;oleocombustivel;combination-median;ARIMA-SARIMA-VARMA;12;12;864.5631007255216;0.27909498959670115;41.666666666666664;-25.40312928489309;3092.530887343029;3059.094346249135;3632.070155940746;3652.55130322446;3811.1830147464425;4183.646785507587;3246.156788700956;3428.447526218584;3633.67954006898;2394.2117688437997;3325.0016868849234;2994.3940116317403
