DATA;MCPM;UF;PRODUCT;MODEL;PARAMS;WINDOW;HORIZON;RMSE;MAPE;POCID;PBE;P1;P2;P3;P4;P5;P6;P7;P8;P9;P10;P11;P12
combination;42928.482064140524;PR;oleocombustivel;combination-median;ARIMA-SARIMA-VARMA;12;12;1484.5198747189538;0.11029689211405085;33.333333333333336;-7.060363216260694;12166.02123064132;11891.174034833544;12232.04058130936;12626.9054657797;13256.52794892098;13192.47201284038;13005.208940377375;13166.121155842891;12837.9573014715;11803.926561239045;11400.566554340296;10216.137783440265
