DATA;MCPM;UF;PRODUCT;MODEL;PARAMS;WINDOW;HORIZON;RMSE;MAPE;POCID;PBE;P1;P2;P3;P4;P5;P6;P7;P8;P9;P10;P11;P12
combination;757136.5316698586;PR;oleodiesel;combination-mean;ARIMA-SARIMA-VARMA;12;12;52337.77795211231;0.0752193908270435;66.66666666666667;7.7300027027678;530446.9991168621;488117.46690236975;497007.83335024613;493866.797541135;519818.2777376695;537552.40762803;510755.30121706147;521287.34894668526;491021.3844853931;473081.6227540109;461427.141550077;479641.6940867035
