DATA;MCPM;UF;PRODUCT;MODEL;PARAMS;WINDOW;HORIZON;RMSE;MAPE;POCID;PBE;P1;P2;P3;P4;P5;P6;P7;P8;P9;P10;P11;P12
combination;36710.731664223895;PI;oleodiesel;combination-mean;ARIMA-SARIMA-VARMA;12;12;5061.98724541741;0.08138950808941912;83.33333333333333;8.23270483410716;48314.262523631056;47428.374527592656;48737.75334613673;49432.8351832474;53055.28632633268;54248.77497842539;52795.83090874805;53168.201839640125;53053.74012061352;51406.2988251529;45410.885001718714;44461.43676977739
