DATA;MCPM;UF;PRODUCT;MODEL;PARAMS;WINDOW;HORIZON;RMSE;MAPE;POCID;PBE;P1;P2;P3;P4;P5;P6;P7;P8;P9;P10;P11;P12
combination;161745.81920554163;PA;oleodiesel;combination-mean;ARIMA-SARIMA-VARMA;12;12;14911.162135393206;0.05067671619874778;75.0;4.6530611783384;225508.75482333032;223959.92022090082;237126.89248899056;242547.69267356617;254792.39002311102;258030.57335710883;250345.91186099377;248264.76202223502;240257.54547469327;232156.0115795712;219834.90140506616;218862.75717646806
