DATA;MCPM;UF;PRODUCT;MODEL;PARAMS;WINDOW;HORIZON;RMSE;MAPE;POCID;PBE;P1;P2;P3;P4;P5;P6;P7;P8;P9;P10;P11;P12
combination;111749.52694444958;MA;oleodiesel;combination-mean;ARIMA-SARIMA-VARMA;12;12;15397.360885948692;0.09418670203691004;83.33333333333333;9.681824945767476;119244.18130888119;115778.22585944505;120637.1324167941;125463.82115474867;135062.04660008606;139956.25636847535;137153.88873767894;136602.17946022286;133761.06189906562;130030.71287542526;119209.33256464853;114197.22113631025
