DATA;MCPM;UF;PRODUCT;MODEL;PARAMS;WINDOW;HORIZON;RMSE;MAPE;POCID;PBE;P1;P2;P3;P4;P5;P6;P7;P8;P9;P10;P11;P12
combination;38432.58060030037;PB;oleodiesel;combination-mean;ARIMA-SARIMA-VARMA;12;12;3539.2213056332776;0.07735501150669598;75.0;7.882852204951337;35832.21686649042;32949.13928776392;34465.03603863543;33272.477795904764;35457.38377729075;38470.471179883156;38902.58158522792;40881.92448880401;39862.2860213561;40040.36524667007;37903.864695014796;34985.342830219786
