DATA;MCPM;UF;PRODUCT;MODEL;PARAMS;WINDOW;HORIZON;RMSE;MAPE;POCID;PBE;P1;P2;P3;P4;P5;P6;P7;P8;P9;P10;P11;P12
combination;462293.6134930672;MT;oleodiesel;combination-mean;ARIMA-SARIMA-VARMA;12;12;31947.62679875994;0.08444010049469601;66.66666666666667;7.040322997781187;318429.54832785105;257923.26854882497;284530.5708868805;337312.33967707737;355541.08662692975;324136.1116718201;322456.8251593991;329200.5012995986;268607.0157085869;252760.52424638375;295533.48206561094;345186.8314428933
