DATA;MCPM;UF;PRODUCT;MODEL;PARAMS;WINDOW;HORIZON;RMSE;MAPE;POCID;PBE;MASE;P1;P2;P3;P4;P5;P6;P7;P8;P9;P10;P11;P12;Test Statistic;p-value;Lags Used;Observations Used;Critical Value (1%);Critical Value (5%);Critical Value (10%);Stationary
normal;505024.4453150824;RJ;etanolhidratado;SARIMA;{'p': 1, 'd': 0, 'q': 3, 'P': 5, 'D': 0, 'Q': 1, 's': 12};12;12;25522.12840371913;0.24277821602298855;54.54545454545455;27.983540883127876;0.9358448420839212;52436.80234573994;47293.11368885062;46520.35174244212;44383.68269275688;50675.307740352524;46393.42400330234;48411.83569916719;50532.88139359163;45704.15443987303;48492.03673207793;44729.5281169116;47900.5269367856;-3.8423101321646382;0.0025029113857182694;15;381;-3.4476305904172904;-2.869155980820355;-2.570827146203181;True
deseasonal;423433.2229225602;RJ;etanolhidratado;SARIMA;{'p': 1, 'd': 1, 'q': 3, 'P': 4, 'D': 0, 'Q': 5, 's': 12};12;12;21415.257608860033;0.20765110299748568;54.54545454545455;20.794966408598015;0.7914583646672313;54822.838380235815;50797.59164758571;49647.871656444055;48732.00517162711;54973.74712759261;51547.042618444255;53373.34733800042;55543.56178313547;51609.34588550181;54960.87142981503;51266.83828420048;53441.8597137712;-3.3269302795156723;0.013716776380540814;16;380;-3.4476763783532585;-2.869176103659426;-2.570837873961219;True
log;492138.2401279903;RJ;etanolhidratado;SARIMA;{'p': 6, 'd': 0, 'q': 1, 'P': 5, 'D': 0, 'Q': 2, 's': 12};12;12;24874.995280987576;0.23526774296590072;54.54545454545455;26.698979466719774;0.9084839793996956;52483.844299839024;47356.16038568521;47229.5144340719;45406.23007068742;52321.26099918092;47482.0439650909;49751.43190915893;51445.72769537162;46832.222978329075;48723.744180134905;45510.84940983398;49159.695159393086;-3.4831556609559686;0.008430378212355321;16;380;-3.4476763783532585;-2.869176103659426;-2.570837873961219;True
