DATA;MCPM;UF;PRODUCT;MODEL;PARAMS;WINDOW;HORIZON;RMSE;MAPE;POCID;PBE;MASE;P1;P2;P3;P4;P5;P6;P7;P8;P9;P10;P11;P12;Test Statistic;p-value;Lags Used;Observations Used;Critical Value (1%);Critical Value (5%);Critical Value (10%);Stationary
normal;199477.16866878775;BA;etanolhidratado;SARIMA;{'p': 1, 'd': 0, 'q': 6, 'P': 2, 'D': 0, 'Q': 4, 's': 12};12;12;12580.242978740811;0.2543795780612867;63.63636363636363;12.61312295635832;0.8374078793335951;48082.908107332245;40871.82020079338;40045.39823203998;39421.115862852246;34257.02214170753;30404.611424955154;31949.479630036112;37395.92314885372;36465.31345710607;40817.828925483554;36568.22521627417;35305.498354648946;-3.6398731662599526;0.005042930900480775;15;381;-3.4476305904172904;-2.869155980820355;-2.570827146203181;True
deseasonal;198742.04858226175;BA;etanolhidratado;SARIMA;{'p': 6, 'd': 0, 'q': 5, 'P': 2, 'D': 0, 'Q': 3, 's': 12};12;12;12530.387341741854;0.26455940825480323;63.63636363636363;10.232326356954841;0.8534830672995205;49275.739056038605;42533.42255595703;41900.42217694193;40818.96867881392;35610.051341123726;31386.49906280716;32847.330284933654;38125.803585924;37115.545105052115;41387.2286655066;37304.44636992657;35582.82088915158;-4.022381091702363;0.00129774658900715;13;383;-3.44753973676872;-2.8691160516676844;-2.57080585953957;True
log;198838.8574352725;BA;etanolhidratado;SARIMA;{'p': 6, 'd': 0, 'q': 3, 'P': 4, 'D': 0, 'Q': 4, 's': 12};12;12;12540.321565008462;0.2534036702346707;63.63636363636363;12.54057424037116;0.834683025968002;47650.797864639935;40657.88184115401;40183.99448504218;39679.86502974811;34471.33280299242;30629.488768089665;32025.109798653964;37747.497832833535;36869.7498416586;40595.02706783189;36333.3323662547;35115.973665549995;-3.5938143900545296;0.005880390430105268;15;381;-3.4476305904172904;-2.869155980820355;-2.570827146203181;True
