DATA;MCPM;UF;PRODUCT;MODEL;PARAMS;WINDOW;HORIZON;RMSE;MAPE;POCID;PBE;P1;P2;P3;P4;P5;P6;P7;P8;P9;P10;P11;P12
arima-trend-seasonal;58347820994.61505;DF;queroseneiluminante;HYBRID;{'p': 9, 'd': 0, 'q': 5};12;12;3.6213961401643177e-07;1347485201.4349856;0.0;-inf;2.9811214842990757e-07;3.331103997459712e-07;3.785851258929719e-07;6.28449928226091e-07;6.064877237653254e-07;3.673301539649694e-07;4.695890137025209e-07;2.6719727727350565e-07;9.102410029694212e-09;2.8853574849281695e-08;-3.511449928860428e-09;-2.0009262453039186e-07
