DATA;MCPM;UF;PRODUCT;MODEL;PARAMS;WINDOW;HORIZON;RMSE;MAPE;POCID;PBE;P1;P2;P3;P4;P5;P6;P7;P8;P9;P10;P11;P12
arima-trend-seasonal;0.00018749989343386708;RO;queroseneiluminante;HYBRID;{'p': 5, 'd': 0, 'q': 10};12;12;1.1347890368819006e-21;4.33012455788277e-06;0.0;inf;-2.650580231824989e-21;-3.6907263653157055e-22;-5.884513954434013e-22;-1.143798994267827e-21;-1.1505931497970679e-21;2.5484796966941155e-22;-3.971034744783743e-22;9.234263550747825e-22;7.637849050317152e-22;1.040479086779715e-21;1.0105712353362356e-21;1.2450601265399771e-21
