DATA;MCPM;UF;PRODUCT;MODEL;PARAMS;WINDOW;HORIZON;RMSE;MAPE;POCID;PBE;P1;P2;P3;P4;P5;P6;P7;P8;P9;P10;P11;P12
arima-trend-seasonal;9170971512.54765;MS;queroseneiluminante;HYBRID;{'p': 11, 'd': 1, 'q': 4};12;12;5.963611419851728e-08;211794514.7336849;0.0;inf;-1.226423288698143e-07;-9.361206312484561e-08;-7.173462239004579e-08;-7.745304611758667e-08;-6.535758546372527e-08;-4.1283941797576916e-08;-2.6133876426177955e-08;-1.5804377844470856e-08;8.125985505740061e-10;1.5993613823218536e-08;1.5780959139298027e-08;1.772493864462348e-08
