DATA;MCPM;UF;PRODUCT;MODEL;PARAMS;WINDOW;HORIZON;RMSE;MAPE;POCID;PBE;P1;P2;P3;P4;P5;P6;P7;P8;P9;P10;P11;P12
arima-trend-seasonal;9.155356618084226e+16;ES;queroseneiluminante;HYBRID;{'p': 8, 'd': 1, 'q': 3};12;12;3.00552188301345;2052646309187673.2;0.0;139.58813824454285;-0.35974805457595216;-1.2389436836187575;-0.9409172386807593;-1.0906714754426303;-0.7800120206328531;-0.21292775936284022;0.08632576186854346;0.5556560631451648;0.13281522729928205;0.05853239854401965;0.012798782122003721;-0.18172182511950397
