DATA;MCPM;UF;PRODUCT;MODEL;PARAMS;WINDOW;HORIZON;RMSE;MAPE;POCID;PBE;MASE;P1;P2;P3;P4;P5;P6;P7;P8;P9;P10;P11;P12
normal;11086.712776575216;AC;oleodiesel;arma_noresid;{'p': 23, 'd': 0, 'q': 6};12;12;936.8155836117771;0.056167579918637335;72.72727272727273;-1.6717319685290986;0.8175762161763777;13119.682749146228;12186.349297719838;13186.072363910747;13964.07179155388;14397.354851361695;15452.643472229764;15790.85885419316;15131.058228685535;14440.440324018564;13427.45300234416;11747.019236676117;11373.517121377645
log;11571.91909387314;AC;oleodiesel;arma_noresid;{'p': 22, 'd': 0, 'q': 6};12;12;977.6783321991948;0.05995107966857815;72.72727272727273;-2.7956927558847102;0.8695799376994361;13093.952947366439;12435.443100287968;13388.526311758917;13803.419310575677;14812.384497213521;15569.412448292993;15821.363414094292;15382.06309062716;14494.78521717998;13605.556084763788;12075.27415232419;11549.721719880848
deseasonal;12713.370848241604;AC;oleodiesel;arma_noresid;{'p': 17, 'd': 0, 'q': 21};12;12;1073.829554818044;0.06721604470034853;72.72727272727273;-3.4210139917061877;0.9771138543978513;12998.923729753287;12307.147679815072;13353.38584363633;13715.20385778714;14832.258419741982;15647.490674456698;15974.34155820678;15606.21511869121;14817.660994069329;13939.16218442893;12094.479219653866;11755.62936265951
