DATA;MCPM;UF;PRODUCT;MODEL;PARAMS;WINDOW;HORIZON;RMSE;MAPE;POCID;PBE;MASE;P1;P2;P3;P4;P5;P6;P7;P8;P9;P10;P11;P12
normal;166071.16416573038;RS;oleodiesel;arma_noresid;{'p': 12, 'd': 0, 'q': 6};12;12;21032.160177796228;0.05330141522272439;81.81818181818181;2.387918406839608;0.8112081502484357;369815.99332134967;351562.1259812326;318396.5973391872;273466.6651870672;287883.6573913627;322093.80493150145;311461.52507706394;364146.0606703384;361777.66679731983;317347.9965065874;283970.35457238683;283756.61464317556
log;165832.95866968707;RS;oleodiesel;arma_noresid;{'p': 11, 'd': 0, 'q': 11};12;12;21001.449746819322;0.05377222997785939;81.81818181818181;3.125661718096915;0.8266945349279141;360783.27392409585;345394.3392583249;313550.73348302447;273562.0545259334;286371.2972063417;323141.4166855726;303470.929346647;365783.2500254;357591.1613930378;318669.419207255;285764.3825136596;282531.50925025326
deseasonal;167489.0935627157;RS;oleodiesel;arma_noresid;{'p': 13, 'd': 0, 'q': 11};12;12;21211.92563698156;0.05313763972118904;81.81818181818181;2.2084430584116044;0.8150061998129046;361578.79773801065;352228.789954757;319732.54935110966;275414.11942828016;293616.8084318526;327079.89171030873;309894.2138629382;366056.7030492225;363971.86665306444;317952.7746278787;285485.67160635383;279737.76905824617
