DATA;MCPM;UF;PRODUCT;MODEL;PARAMS;WINDOW;HORIZON;RMSE;MAPE;POCID;PBE;MASE;P1;P2;P3;P4;P5;P6;P7;P8;P9;P10;P11;P12
normal;36122.76920969403;TO;oleodiesel;arma_noresid;{'p': 12, 'd': 0, 'q': 2};12;12;4580.282751276521;0.03133522095519422;81.81818181818181;0.19525851778460765;0.7788799107459693;110492.6131415992;97899.51689840823;105437.94698771517;105952.34539087392;115469.26619496188;113514.32398042314;109111.48415082971;113784.00470111312;103377.52208812092;95367.57915727382;87903.30430873558;101599.11839875903
log;42851.99949041152;TO;oleodiesel;arma_noresid;{'p': 12, 'd': 0, 'q': 9};12;12;5431.720059601881;0.037414843563765156;81.81818181818181;0.39681309244202445;0.923743672601223;108234.49448559698;98226.72965392719;105354.25713399854;106611.7841573931;116900.90076798001;114326.94659741133;110272.59533193472;113714.31429183035;103486.62494503256;92776.91165414939;85939.13038250305;101519.96361604545
deseasonal;39938.74948208959;TO;oleodiesel;arma_noresid;{'p': 12, 'd': 0, 'q': 4};12;12;5063.20376971828;0.03470327074400749;81.81818181818181;-0.24639352253305874;0.864739309746366;109360.47040825547;97235.6553003311;105633.88035581153;106998.23558921562;116159.41102395087;114958.6799016108;110992.04423302952;115416.6898205232;103588.7769684177;94895.74399394936;87865.73833443239;102378.99963457123
