DATA;MCPM;UF;PRODUCT;MODEL;PARAMS;WINDOW;HORIZON;RMSE;MAPE;POCID;PBE;MASE;P1;P2;P3;P4;P5;P6;P7;P8;P9;P10;P11;P12
normal;13672.454777928146;AP;oleodiesel;arma_noresid;{'p': 17, 'd': 0, 'q': 4};12;12;866.1697968369369;0.08653226779542383;63.63636363636363;-5.327851509904966;0.6048649975883155;8458.4396411057;8640.212328739453;8964.007449184779;8833.635623975959;9667.80698347995;10664.886217608233;8889.428884165796;8799.274698974334;8858.956758865035;8844.116303679852;7821.189773441952;6968.886767445603
log;11627.576743104615;AP;oleodiesel;arma_noresid;{'p': 14, 'd': 0, 'q': 4};12;12;736.7703988404941;0.07901266909655566;63.63636363636363;-3.367102960519211;0.5545259376845684;8334.21674760108;8588.968640179726;8601.552515611484;8671.001530926957;9383.433478531279;10295.805857106712;8559.971280986549;8755.195737260046;8744.209697738635;8921.116745626134;7572.477673472561;7020.598063242697
deseasonal;14668.554205148539;AP;oleodiesel;arma_noresid;{'p': 17, 'd': 0, 'q': 16};12;12;743.8562885285434;0.08098887603983067;54.54545454545455;-4.882247073137091;0.5604452490486208;8611.579426673004;8892.530870158105;8732.447210622484;8734.939222267434;9145.40857905566;10171.77699119591;8619.281892508336;9198.703501484582;9083.677866004367;9170.39757729347;7604.3354902583205;6999.80726572928
