DATA;MCPM;UF;PRODUCT;MODEL;PARAMS;WINDOW;HORIZON;RMSE;MAPE;POCID;PBE;MASE;P1;P2;P3;P4;P5;P6;P7;P8;P9;P10;P11;P12
normal;175222.29180224135;AM;oleodiesel;arma_noresid;{'p': 15, 'd': 0, 'q': 1};12;12;14740.865367151811;0.17842116731434846;72.72727272727273;-13.855931753941098;1.0383301490103445;82282.73520440854;90902.16267336327;94860.07187251274;92133.52159125719;88156.94855683288;93867.8556537123;91504.00326174537;89982.8722522192;85719.99021234048;82015.68148531673;79213.26532570444;80455.59081899513
log;182449.79796174073;AM;oleodiesel;arma_noresid;{'p': 14, 'd': 0, 'q': 1};12;12;15344.09299518289;0.1870033160442106;72.72727272727273;-15.076004466488072;1.097498625653786;83492.5153364176;92942.09264481474;95030.31726366741;92732.75745969216;88711.83052662593;95473.80334103819;93602.77561762252;92053.66344077516;87383.85498866516;81871.53550003459;78913.86906937456;80149.14571665728
deseasonal;197550.41120503968;AM;oleodiesel;arma_noresid;{'p': 14, 'd': 0, 'q': 21};12;12;16604.22816055954;0.20326164046917938;72.72727272727273;-16.490589875788174;1.19389808481429;83734.44074850251;92439.55293271726;95073.05990336598;92638.88099757157;88321.25114086334;95692.99664503358;95599.15352196507;94919.52131967896;90616.4081799835;84051.81022473567;80276.01682308878;82054.23193844681
