DATA;MCPM;UF;PRODUCT;MODEL;PARAMS;WINDOW;HORIZON;RMSE;MAPE;POCID;PBE;MASE;P1;P2;P3;P4;P5;P6;P7;P8;P9;P10;P11;P12
normal;64841.65454909829;PI;oleodiesel;arma_noresid;{'p': 12, 'd': 0, 'q': 1};12;12;4110.678116723317;0.06418613697536872;63.63636363636363;6.237141719055125;1.142095919204862;50213.90951005823;45371.943906671455;49620.17888410949;49423.19450356211;54441.11932633684;55240.55219379451;54745.69105751008;55800.17723710336;53764.958722518146;54503.916329334585;45671.7413713797;45796.75818021261
log;45580.879892840814;PI;oleodiesel;arma_noresid;{'p': 12, 'd': 0, 'q': 18};12;12;3851.696326432945;0.05627001735083522;72.72727272727273;5.039907012878983;0.9830816089679502;52172.24172171735;48867.062684376106;51744.28841815095;51940.70855198058;56778.879602935434;57948.43618520558;55792.23733474039;56536.83260824295;52401.37756044887;52513.77942951165;42101.4228713051;43644.474567945515
deseasonal;29754.696147210525;PI;oleodiesel;arma_noresid;{'p': 12, 'd': 0, 'q': 2};12;12;3767.839109776005;0.05529860840256403;81.81818181818181;5.5816197167686505;0.9903263498997279;51682.872256197465;47228.05935305354;49280.65132357478;50279.36402486507;55211.36239786007;56104.275595929015;55079.882008840716;56850.46706260289;53752.34894859992;53812.44284839906;45138.25625131712;44470.95629932881
