DATA;UF;PRODUCT;MODEL;PARAMS;WINDOW;HORIZON;RMSE;MAPE;POCID;PBE;MASE;P1;P2;P3;P4;P5;P6;P7;P8;P9;P10;P11;P12
mean;MT;oleodiesel;knn_rf_deepar_svr_catboost_arima;{};12;12;25358.589744740824;0.08745449108398377;100.0;0.8879199699281061;0.36341385179316466;250160.57586487898;212350.3188836175;215200.3573122513;258556.7914658535;265803.93142683007;261719.4301896478;257182.2347744564;258188.6593271808;234376.68168826017;224940.91684265365;254365.68685176133;263012.013361275
