DATA;UF;PRODUCT;MODEL;PARAMS;WINDOW;HORIZON;RMSE;MAPE;POCID;PBE;MASE;P1;P2;P3;P4;P5;P6;P7;P8;P9;P10;P11;P12
mean;PB;oleodiesel;knn_rf_deepar_svr_catboost_arima;{};12;12;1611.4936232470131;0.03632272144642311;72.72727272727273;1.334477811735056;0.93108257333481;33779.11013063905;33003.70835427091;33077.50141189037;34736.58996279145;35825.249504093714;37640.710938733275;37731.118381363296;38902.17188572704;38607.478673263395;37695.215442541405;36620.89776632812;34314.187457013526
