DATA;UF;PRODUCT;MODEL;PARAMS;WINDOW;HORIZON;RMSE;MAPE;POCID;PBE;MASE;P1;P2;P3;P4;P5;P6;P7;P8;P9;P10;P11;P12
mean;GO;oleodiesel;knn_rf_deepar_svr_catboost_arima;{};12;12;15906.96389175032;0.05446268371873094;81.81818181818181;1.4090353627915326;0.27598070449241846;222301.01103484095;210497.79619673523;214684.25856997355;233795.38632613828;242354.22500273978;245570.32428106194;243861.0350857333;248772.88493643145;229122.42530814323;212157.5021422263;211396.25518841652;219535.9365681277
