DATA;UF;PRODUCT;MODEL;PARAMS;WINDOW;HORIZON;RMSE;MAPE;POCID;PBE;MASE;P1;P2;P3;P4;P5;P6;P7;P8;P9;P10;P11;P12
mean;CE;oleodiesel;knn_rf_deepar_svr_catboost_arima;{};12;12;3525.9916437054185;0.03671129803623032;81.81818181818181;1.2518539460888236;0.5934379553105101;79572.02270531355;78137.20841159835;79774.82214465996;83215.13784909085;86753.79428238545;90364.79379721722;90204.44901406896;91464.49040072356;90457.23399620925;89302.56412689303;86188.84046605224;80058.06261474699
