DATA;UF;PRODUCT;MODEL;PARAMS;WINDOW;HORIZON;RMSE;MAPE;POCID;PBE;MASE;P1;P2;P3;P4;P5;P6;P7;P8;P9;P10;P11;P12
mean;SC;oleodiesel;knn_rf_deepar_svr_catboost_arima;{};12;12;12912.506473155581;0.04988484141178107;72.72727272727273;4.300239604816087;0.3672586293658884;213096.80323295758;208802.3941750206;200532.40519188164;209421.1848428799;211138.57797234334;213347.13795279912;206820.88199432148;209964.67878676654;210499.01720794165;203264.88459714645;206510.01949965398;205773.70052050977
