DATA;UF;PRODUCT;MODEL;PARAMS;WINDOW;HORIZON;RMSE;MAPE;POCID;PBE;MASE;P1;P2;P3;P4;P5;P6;P7;P8;P9;P10;P11;P12
mean;SP;oleodiesel;knn_rf_deepar_svr_catboost_arima;{};12;12;69505.04334392758;0.05354972899931601;72.72727272727273;1.568102755726457;1.067859047268214;984329.6027697058;985846.9174787848;1006448.6811875958;1053479.7739943506;1085178.4227070983;1111451.6691785709;1081411.9628968304;1079009.8354721232;1041345.8755428056;973815.2636795724;926620.487176403;923576.4096636334
