DATA;MCPM;UF;PRODUCT;MODEL;PARAMS;WINDOW;HORIZON;RMSE;MAPE;POCID;PBE;MASE;P1;P2;P3;P4;P5;P6;P7;P8;P9;P10;P11;P12
mean;31118.22588223409;ES;gasolinac;mean;{};12;12;3944.684084204956;0.03606873385070484;81.81818181818181;-1.8012403648889068;1.0959862945740833;84944.30172868045;81296.71445587429;83476.10346727606;81919.70160311955;84539.85804862848;83522.22854270786;83492.9936516647;85678.30219213873;82510.11177141659;90941.04676798053;85884.67895657696;83053.28556210364
mean_best;28854.921856879664;ES;gasolinac;mean_best;{};12;12;3658.6541538338784;0.03171286176113624;81.81818181818181;-0.7638155505069948;0.9708495194076541;84138.78355611135;80202.35893824215;82554.32474872583;80874.67786020882;83702.31365433065;82604.10227804897;82572.55239693688;84930.90647950934;81511.84016704424;90610.38602489214;85153.62536608607;82098.02564295664
mean_top_weight;29600.126678422115;ES;gasolinac;mean_top_weight;{};12;12;3753.004242684395;0.03238335242152682;81.81818181818181;-0.6311396397385072;0.9925460922939604;82649.1974584055;79794.2398605386;82979.6563626751;80060.91062223849;84399.57804921153;82845.11724793154;82742.50625134406;84709.45872188093;81488.79884636823;90840.50885512026;84890.5209607568;82235.4459448863
mean_top;44258.291264815445;ES;gasolinac;mean_top;{};12;12;3743.0460654747976;0.03370298282247655;72.72727272727273;-0.35921627899490044;1.033629547232484;82092.40167089512;78821.42989348875;82623.33597006023;79856.29933920538;84216.13436973427;82584.48150484226;82705.32445731446;84892.55063813287;81019.81552684956;91746.5670244094;84537.7568438545;81838.64661600042
mean_top_best;45260.51079767676;ES;gasolinac;mean_top_best;{};12;12;3827.8107668178845;0.03367846013202697;72.72727272727273;-0.7638155505069932;1.0327013245090124;82590.53559360297;79861.25910019393;83033.5435437984;80724.74709218791;84362.56364143337;83001.12364359753;83101.95417715781;84926.96075236278;81695.57704632348;90645.90517668234;84630.92323549396;82378.80411025858
