DATA;MCPM;UF;PRODUCT;MODEL;PARAMS;WINDOW;HORIZON;RMSE;MAPE;POCID;PBE;MASE;P1;P2;P3;P4;P5;P6;P7;P8;P9;P10;P11;P12
mean;12185.569890009738;RR;gasolinac;mean;{};12;12;1029.6571303752269;0.056588545899378034;72.72727272727273;-5.008259955522182;1.0028237171102883;16059.292110579278;15713.322276556017;15998.230199091206;15557.665355459098;15741.045147293798;16200.429959575366;16655.541715711868;16522.006221636904;15883.560573344352;16814.0172742709;15628.436527940778;15498.098186788307
mean_best;15506.899463265914;RR;gasolinac;mean_best;{};12;12;1309.4860011339865;0.07360770435214677;72.72727272727273;-7.190928131129118;1.3258981418914244;16424.763235055692;15772.704064050704;16309.678116443254;15479.333044527593;15824.954145801881;16690.769747079015;17548.53179809367;17296.853660281206;16093.55701642007;17847.21518368505;15612.717483057435;15367.065110150463
mean_top_weight;19906.004599855758;RR;gasolinac;mean_top_weight;{};12;12;1679.698054750501;0.09432001462546678;72.72727272727273;-9.250255125370643;1.7056068228044898;15788.298017505853;15296.793167804397;16001.252454600102;15474.454896981772;16415.759948839845;17292.27525665203;18048.97578867259;17815.66435531994;16927.52802018018;18372.706216474355;16402.015356467717;16203.076691251641
mean_top;17478.897618312232;RR;gasolinac;mean_top;{};12;12;1475.5561372795903;0.08207512882277473;72.72727272727273;-8.009563426218925;1.476842080817411;15753.710621548007;15325.000255177296;15957.11282009712;15426.126415835966;16240.185553957679;17044.644954633077;17719.55887678108;17471.122360565925;16706.197501287585;17905.285722340683;16229.26390766122;15988.86670209526
mean_top_best;16135.15375502213;RR;gasolinac;mean_top_best;{};12;12;1362.524626353658;0.07395244948912191;72.72727272727273;-7.190928131129085;1.3258981418914182;15667.654666596673;15261.860905325855;15860.184051642205;15357.581392432234;16128.125203518062;16889.582428714843;17528.418996444707;17293.262591887906;16569.226599094345;17704.21786006123;16117.787371084876;15890.240537843036
