DATA;UF;PRODUCT;MODEL;PARAMS;WINDOW;HORIZON;RMSE;MAPE;POCID;PBE;MASE;P1;P2;P3;P4;P5;P6;P7;P8;P9;P10;P11;P12
normal;BA;glp;svr;{};12;12;3621.651785944507;0.7982318074075314;72.72727272727273;29.871724750412547;1.1296138543562788;-2688.6563116878688;-3882.756853426309;-873.0140967431653;2680.592946973507;5485.00767851879;2696.0059269296967;-1298.584598654756;-4284.03764954004;-6986.722634492887;-1036.3562901702799;-7955.21664480125;-11108.338544408804
deseasonal;BA;glp;svr;{};12;12;4458.415935441291;0.8343002314519468;45.45454545454545;29.89948784891864;1.302567981805843;-6142.034221912181;-3886.3266915353693;-2285.6096402733783;417.6236590656331;-112.281888238786;-720.1919950398069;-787.692738145402;-2173.133351608458;-2508.050889895966;-4568.934285088788;-5590.428179343479;-4565.61942754627
log;BA;glp;svr;{};12;12;3950.220017753818;0.6749651518880754;81.81818181818181;18.317006490186785;1.2849214522315817;-4308.073778125517;-5496.783653344195;-1154.8318902770866;2346.6407550276285;3669.041654114733;4359.833322781287;-452.818183039235;-4142.534890738648;-5762.872585202364;799.1786841812714;-7806.1197028776205;-13299.864918044233
