DATA;UF;PRODUCT;MODEL;PARAMS;WINDOW;HORIZON;RMSE;MAPE;POCID;PBE;MASE;P1;P2;P3;P4;P5;P6;P7;P8;P9;P10;P11;P12
normal;MA;glp;svr;{};12;12;975.9914140130153;0.8362890045702361;54.54545454545455;26.736719543294058;0.4556931295554558;1164.9064538249147;836.3590666591062;672.667514374291;513.3486365497683;767.6981709432149;1066.0125893403742;408.82636846390875;228.03236258974601;-82.96413611160835;1518.898167894296;370.1790838711313;-79.08926573070983
deseasonal;MA;glp;svr;{};12;12;1047.1975777086573;2.0357414258325064;36.36363636363637;40.780079532438165;0.586067875339583;568.1660433851267;708.369685684025;1075.8480204606005;216.54146875595762;499.87843254759525;365.21409781790726;319.31728425402866;39.01542138529135;-63.96561100249926;693.2215249604659;574.7636584571732;551.6313489833076
log;MA;glp;svr;{};12;12;905.0707763658422;1.5238668727448166;54.54545454545455;6.777378680563981;0.41082177287233923;1464.495628894787;1115.7133342797824;820.8997898980982;649.2780331341469;848.1952864225583;1578.2760340857133;625.6066259889408;409.8907298533394;168.84258023897303;1518.115263419724;660.1050542935059;-184.1988601707326
