DATA;UF;PRODUCT;MODEL;PARAMS;WINDOW;HORIZON;RMSE;MAPE;POCID;PBE;MASE;P1;P2;P3;P4;P5;P6;P7;P8;P9;P10;P11;P12
normal;AM;glp;svr;{};12;12;771.2911197290332;2.5153453914101207;72.72727272727273;189.35216968051265;1.039539119214174;-326.30249138588783;-611.7759856116636;29.329847098788548;-546.7783170934916;-619.1695781703019;89.05586493046931;88.1993785885928;-544.1378707666064;236.24036808365688;588.4634458382288;424.85709821255307;167.46171005982475
deseasonal;AM;glp;svr;{};12;12;559.4170466074017;1.9883479470994836;63.63636363636363;169.45539933898402;0.6766943780701153;-155.79950904478673;-564.14201331637;431.6735770141695;7.565156873613688;-561.4075682278011;253.74964979237362;-277.4088873530786;-225.37474171300346;305.1434548139596;-330.3189329844462;-183.2520755182574;681.0928848019121
log;AM;glp;svr;{};12;12;727.0339318202557;2.9524324329255403;63.63636363636363;251.66417502906106;0.9916751084357072;-193.19827985792386;-414.39490894716437;-253.65597477435406;-568.2670225550448;-545.8922970478226;77.4483623878186;-118.19790506305927;-568.3201677928481;27.758455228101468;554.5723781119124;553.4018698819918;-17.90831541866362
