DATA;UF;PRODUCT;MODEL;PARAMS;WINDOW;HORIZON;RMSE;MAPE;POCID;PBE;MASE;P1;P2;P3;P4;P5;P6;P7;P8;P9;P10;P11;P12
normal;AP;glp;svr;{};12;12;164.43624648235388;473.4263434981906;72.72727272727273;264.8527520774265;0.9200831647882969;53.76635250845153;-29.408206836554903;28.821013621544253;-125.44061142727794;-86.2757370834262;-78.81779996536379;-123.11789998084438;-102.93212309730087;-165.9280238535759;3.319595688385064;-184.69451694851057;-187.17849698030622
deseasonal;AP;glp;svr;{};12;12;170.4162728784427;4.614727569136092;54.54545454545455;338.56663583046054;0.9932810418337339;-26.21784474229706;-97.26971554929295;-76.09506604276201;-80.07711651536205;-114.29892363963486;-116.84920270263292;-110.27516986054928;-145.19647293703463;-111.4180126325013;-142.49077150770927;-93.76849537330409;-97.3495878107668
log;AP;glp;svr;{};12;12;164.4245802337182;4.831659813906042;72.72727272727273;218.05670164610217;0.9032722199522865;79.79424482804089;-28.049480709517105;27.75183131570823;-114.29714122185837;-108.97970817772966;-59.859585833528556;-114.79847113022083;-97.04165138460259;-153.79331591288667;-6.167386237120411;-144.1769957247437;-179.54794410378747
