DATA;UF;PRODUCT;MODEL;PARAMS;WINDOW;HORIZON;RMSE;MAPE;POCID;PBE;MASE;P1;P2;P3;P4;P5;P6;P7;P8;P9;P10;P11;P12
normal;RO;glp;svr;{};12;12;410.555525934528;4.362118400551035;72.72727272727273;420.2827061387909;0.9762858222447961;-60.64180243867625;-503.4641796535881;-165.29460917111263;-236.02662183395293;-394.245115507783;-78.66585583336085;-521.6149095908031;-290.5296117515622;14.319012456398696;469.18623081533735;-71.2720198165418;-45.555063404073934
deseasonal;RO;glp;svr;{};12;12;346.88731316596943;1.244171083382197;72.72727272727273;879.0893230148436;0.7616672843166226;-195.39061515109117;-269.0998418480124;-96.46736605238243;-313.0357819835465;-245.3816234702025;-131.63489549069368;-372.6532696782966;-102.9445897398767;78.33555308344413;14.11199437672093;71.67592800300181;-11.407150852950934
log;RO;glp;svr;{};12;12;369.6400019673551;5.248834152943906;81.81818181818181;261.2915000665956;0.8424054838019309;40.2228003875517;-457.0300438200577;-123.51934776429903;-190.6492469196375;-428.579640577452;50.096332093733196;-376.85318855128855;-379.04913181439565;88.64393021850012;402.96847146571815;-25.98118871560814;-47.22463014041571
