DATA;MCPM;UF;PRODUCT;MODEL;PARAMS;WINDOW;HORIZON;RMSE;MAPE;POCID;PBE;P1;P2;P3;P4;P5;P6;P7;P8;P9;P10;P11;P12
combination;5.259611240092152e+16;PR;queroseneiluminante;combination-median;ARIMA-SARIMA-VARMA-RF;12;12;4.330409932619784;2235681982938099.0;50.0;-48.243502029170784;6.403958611567221;7.932571449252739;5.991395571877579;5.732713384268932;9.35968368923718;7.178684615630457;8.932611820900837;8.190757755761755;12.23985600522251;5.957053471674008;6.975205559535345;8.498914343449032
