DATA;MCPM;UF;PRODUCT;MODEL;PARAMS;WINDOW;HORIZON;RMSE;MAPE;POCID;PBE;P1;P2;P3;P4;P5;P6;P7;P8;P9;P10;P11;P12
combination;530.7453041191143;RS;queroseneiluminante;combination-median;ARIMA-SARIMA-VARMA-RF;12;12;17.782182276766935;0.4763233468465246;33.333333333333336;-16.224707351935525;49.4696293097121;41.09047119758009;52.78874029817466;49.582310517154895;53.35693474384277;54.25277284409478;42.47751973919392;50.543653363017384;49.06041163298954;44.906659086689885;42.70284318269891;36.94462596229641
