DATA;MCPM;UF;PRODUCT;MODEL;PARAMS;WINDOW;HORIZON;RMSE;MAPE;POCID;PBE;P1;P2;P3;P4;P5;P6;P7;P8;P9;P10;P11;P12
combination;3.126615477507832e+17;PA;queroseneiluminante;combination-median;ARIMA-SARIMA-VARMA-RF;12;12;2.26613259349251;7060606446386587.0;0.0;-inf;0.3158288885618271;0.884292382711573;0.0;1.6678041971944344;2.3139832074965687;0.0;0.0;3.0580500942811555;4.912190013486258;1.5853031967128803;4.07578284658377;0.0
