DATA;MCPM;UF;PRODUCT;MODEL;PARAMS;WINDOW;HORIZON;RMSE;MAPE;POCID;PBE;P1;P2;P3;P4;P5;P6;P7;P8;P9;P10;P11;P12
hybrid1;52343.45168672866;CE;oleodiesel;HYBRID;{'p': 13, 'd': 1, 'q': 2};12;12;7223.732815684539;0.06718921513902225;83.33333333333333;6.762278019139127;86843.72191041562;74555.25520248839;84408.01366853231;89509.9476342925;92671.37969687364;100315.20734354336;96998.7155374917;98948.43157655209;94507.34849157142;97912.24518405128;86415.46353741722;80665.3073584629
half-arima-hybrid1;83158.17022181452;CE;oleodiesel;HYBRID;{'p': 13, 'd': 1, 'q': 2};12;12;7658.999518200493;0.07425558723181876;75.0;6.313531042394047;84725.84031585816;83113.38427853679;88298.72833526359;89129.03227484794;92026.597834199;96225.96433570977;96998.7155374917;98948.43157655209;94507.34849157142;97912.24518405128;86415.46353741722;80665.3073584629
half-arima_mean-hybrid1;84856.73194072317;CE;oleodiesel;HYBRID;{'p': 13, 'd': 1, 'q': 2};12;12;7815.11951168805;0.07528460771963306;75.0;6.8645120748316275;84424.14956743139;80764.00021791975;86366.49450810015;87702.37909722122;91527.70743802104;96330.47447618676;96998.7155374917;98948.43157655209;94507.34849157142;97912.24518405128;86415.46353741722;80665.3073584629
