DATA;MCPM;UF;PRODUCT;MODEL;PARAMS;WINDOW;HORIZON;RMSE;MAPE;POCID;PBE;P1;P2;P3;P4;P5;P6;P7;P8;P9;P10;P11;P12
hybrid1;16848.49035131222;AP;oleodiesel;HYBRID;{'p': 12, 'd': 1, 'q': 6};12;12;931.5767970858885;0.0968122407251573;58.333333333333336;-7.686480019500977;8441.945825159897;8818.19793995555;8954.186892581532;9039.004666232371;9737.602984138417;10593.954649801128;9131.385781488845;9488.594341829044;9346.35683760011;9472.412530516849;7826.910147470809;6920.775754063387
half-arima-hybrid1;13475.474013470226;AP;oleodiesel;HYBRID;{'p': 12, 'd': 1, 'q': 6};12;12;621.5650551545035;0.06257240231852425;50.0;-3.8221330659086643;7593.593492081152;7841.944539717469;8679.371839698619;8603.316696701684;9067.639961967105;9931.63467785888;9131.385781488845;9488.594341829044;9346.35683760011;9472.412530516849;7826.910147470809;6920.775754063387
half-arima_mean-hybrid1;12459.527134071639;AP;oleodiesel;HYBRID;{'p': 12, 'd': 1, 'q': 6};12;12;689.3256779688307;0.07133061106344245;58.333333333333336;-5.063783975112571;8408.303854409049;8338.564593535682;8950.80956572183;8822.123270130303;9020.18391689417;9420.14523812216;9131.385781488845;9488.594341829044;9346.35683760011;9472.412530516849;7826.910147470809;6920.775754063387
