DATA;MCPM;UF;PRODUCT;MODEL;PARAMS;WINDOW;HORIZON;RMSE;MAPE;POCID;PBE;P1;P2;P3;P4;P5;P6;P7;P8;P9;P10;P11;P12
hybrid1;79518.72213888292;RR;oleodiesel;HYBRID;{'p': 5, 'd': 1, 'q': 13};12;12;2750.126609032238;0.10609532374710666;33.333333333333336;4.219848903284169;18226.487558074507;15834.002914515291;18359.430255968276;14858.780268030783;17347.158306368958;22095.359036589623;20758.137358548003;20702.32431771038;20498.992681446114;21699.235405478397;20094.25857474686;15374.565671615846
half-arima-hybrid1;85917.98651069526;RR;oleodiesel;HYBRID;{'p': 5, 'd': 1, 'q': 13};12;12;3952.883415561164;0.1935903952764296;50.0;-8.291643876454561;23018.01542119929;24223.977713065324;21798.93631445315;19423.008143401195;22585.576263348543;25173.691605038985;20758.137358548003;20702.32431771038;20498.992681446114;21699.235405478397;20094.25857474686;15374.565671615846
half-arima_mean-hybrid1;94494.28765226119;RR;oleodiesel;HYBRID;{'p': 5, 'd': 1, 'q': 13};12;12;3729.156278193574;0.18246741102547104;41.666666666666664;-7.324370786836972;24669.296218975454;24016.884585156644;21891.825957097917;19399.43955624708;20421.00380182833;23543.93412068605;20758.137358548003;20702.32431771038;20498.992681446114;21699.235405478397;20094.25857474686;15374.565671615846
