DATA;MCPM;UF;PRODUCT;MODEL;PARAMS;WINDOW;HORIZON;RMSE;MAPE;POCID;PBE;MASE;P1;P2;P3;P4;P5;P6;P7;P8;P9;P10;P11;P12
normal;175425.37447791192;MG;oleodiesel;sarima;{'p': 1, 'd': 0, 'q': 6, 'P': 1, 'D': 0, 'Q': 5, 's': 12};12;12;44276.167287592885;0.05909273449509624;90.9090909090909;5.474538903918778;1.0283370337388236;643569.3786853566;625168.1662815961;629617.0851934;664068.7241589626;683759.5060366952;706632.1124065744;678807.633387703;701208.5945968457;633416.6233197257;601634.4299422097;586758.6103623166;582619.4538503911
log;177685.6828404567;MG;oleodiesel;sarima;{'p': 6, 'd': 1, 'q': 4, 'P': 6, 'D': 0, 'Q': 3, 's': 12};12;12;44841.88604968863;0.06006553070566126;90.9090909090909;5.678951734371932;1.0456617955038197;650777.0620922184;620920.0226160472;629144.7692500949;668159.9650506503;684293.660774899;699063.9034922417;679410.8037470632;692480.5742810174;635590.7078348206;602936.4959679397;581409.9479677625;576340.4552230437
deseasonal;179399.29651840756;MG;oleodiesel;sarima;{'p': 6, 'd': 1, 'q': 5, 'P': 5, 'D': 0, 'Q': 1, 's': 12};12;12;45272.45912376829;0.060446657220580735;90.9090909090909;5.666321947502028;1.057752429024385;651289.0424777784;624310.6790603067;630252.8964022311;666213.967387108;672681.5071429637;705863.9072933128;665883.6597904374;688262.8771644369;635924.1190676084;604583.179540244;589385.5484958703;586910.7794725627
