DATA;MCPM;UF;PRODUCT;MODEL;PARAMS;WINDOW;HORIZON;RMSE;MAPE;POCID;PBE;MASE;P1;P2;P3;P4;P5;P6;P7;P8;P9;P10;P11;P12
normal;779572.3176413637;SP;oleodiesel;sarima;{'p': 4, 'd': 0, 'q': 6, 'P': 5, 'D': 0, 'Q': 4, 's': 12};12;12;98617.05359496921;0.07408926081158511;81.81818181818181;7.575252963013017;1.2121308270682716;1053440.8629360974;1010635.0467002589;1035748.7555709659;1118429.0077135502;1133309.712836353;1168257.5991762516;1130263.41704212;1138261.7484126326;1047926.6371657269;987827.6472576564;909748.4868909703;918948.6733404801
log;716548.36566881;SP;oleodiesel;sarima;{'p': 2, 'd': 1, 'q': 2, 'P': 4, 'D': 0, 'Q': 2, 's': 12};12;12;90664.7994885081;0.06998741486645661;81.81818181818181;6.984547804965954;1.135261822343324;1035073.667268446;1026534.9796148228;1087292.2682492954;1098257.624278402;1143076.5651976648;1183925.7843654435;1132529.6295594724;1174310.1018039957;1060895.388652719;967052.6582823877;906471.5060339393;918243.997439694
deseasonal;736779.1112505661;SP;oleodiesel;sarima;{'p': 4, 'd': 0, 'q': 1, 'P': 4, 'D': 0, 'Q': 4, 's': 12};12;12;93213.29907594546;0.07219897039490965;81.81818181818181;7.363588027358617;1.1782619127536171;1054550.7966487072;1000800.9996285895;1062314.8022567315;1096552.1582866719;1134061.9771178742;1168789.455290483;1118047.8403819483;1156137.1780710097;1065653.4302902531;998282.712010053;908808.2564609211;917774.5741427725
