DATA;MCPM;UF;PRODUCT;MODEL;PARAMS;WINDOW;HORIZON;RMSE;MAPE;POCID;PBE;MASE;P1;P2;P3;P4;P5;P6;P7;P8;P9;P10;P11;P12
normal;34065.875525316864;PI;oleodiesel;sarima;{'p': 4, 'd': 1, 'q': 5, 'P': 2, 'D': 0, 'Q': 6, 's': 12};12;12;4309.133629338007;0.0748467388231549;81.81818181818181;6.267145362859368;1.3155396020180496;49139.458368640204;51104.185126813514;50817.63340220904;51650.213663059396;54104.852152421285;54703.25862326532;51966.956506813905;54353.58571540293;54961.4687745989;52747.94439985296;45717.97777716299;43129.939673445304
log;40057.08386469888;PI;oleodiesel;sarima;{'p': 4, 'd': 1, 'q': 1, 'P': 3, 'D': 0, 'Q': 1, 's': 12};12;12;5064.98666200837;0.0820759785155202;81.81818181818181;8.431051390712632;1.4676529609039493;46644.16693275824;46694.74718231708;48756.157605585584;49944.46692938665;53178.38408655493;53823.184823693744;52201.308557830875;53918.6020876253;52743.008640958054;52664.89040387359;47005.748661634054;42638.898018966924
deseasonal;37539.24328935878;PI;oleodiesel;sarima;{'p': 1, 'd': 1, 'q': 3, 'P': 4, 'D': 0, 'Q': 2, 's': 12};12;12;4746.935843808089;0.08084678440224323;81.81818181818181;7.047839780234972;1.4314460925925558;50632.9814530897;50727.74396579381;49486.10387138049;52589.254902057466;53747.4637892629;54559.29555619195;51963.49888015722;52604.648496858594;52773.37974439289;51325.45845260204;45681.20556478477;43189.16574006898
