DATA;MCPM;UF;PRODUCT;MODEL;PARAMS;WINDOW;HORIZON;RMSE;MAPE;POCID;PBE;MASE;P1;P2;P3;P4;P5;P6;P7;P8;P9;P10;P11;P12
normal;103257.37300680937;PE;oleodiesel;sarima;{'p': 6, 'd': 1, 'q': 3, 'P': 4, 'D': 0, 'Q': 2, 's': 12};12;12;8728.38423380023;0.04749451320700765;72.72727272727273;3.927344035203336;1.2336466722633457;121401.03347338039;117677.92145259655;117154.98335840901;121397.3920820801;122469.70144135656;125927.2223630365;128666.77912766843;133450.05054336527;132295.33047102345;132471.78299822542;127579.61510575317;121989.4149431198
log;64311.677674320126;PE;oleodiesel;sarima;{'p': 2, 'd': 1, 'q': 4, 'P': 1, 'D': 0, 'Q': 1, 's': 12};12;12;8147.25753456506;0.047701351817576836;81.81818181818181;3.9295335176754898;1.234544380309776;123604.02161184253;119201.20102144891;119853.10236373011;120929.33583329942;122289.00181700638;126567.14585667633;127995.5552852198;132671.5856322186;130850.9178539608;130937.46688910847;126399.65220314852;121147.99965407794
deseasonal;88884.21995928216;PE;oleodiesel;sarima;{'p': 1, 'd': 1, 'q': 4, 'P': 4, 'D': 0, 'Q': 3, 's': 12};12;12;7514.761299895017;0.04259830013578278;72.72727272727273;3.0434994858954796;1.1010322031602966;125917.88258762739;116839.23525842003;120231.83803073538;119279.78158365705;119670.18812837543;126312.34206593451;129254.91297172186;134898.31072830156;136047.0009881893;135249.28898714785;131754.1222164679;120848.77755850746
