DATA;MCPM;UF;PRODUCT;MODEL;PARAMS;WINDOW;HORIZON;RMSE;MAPE;POCID;PBE;MASE;P1;P2;P3;P4;P5;P6;P7;P8;P9;P10;P11;P12
normal;115325.01560027493;AM;oleodiesel;sarima;{'p': 1, 'd': 1, 'q': 4, 'P': 6, 'D': 0, 'Q': 4, 's': 12};12;12;14523.242536547015;0.15629555530997244;81.81818181818181;-10.554474206385638;0.8530638965335304;83248.44689878808;81878.49184089655;84755.77520587099;85223.82855306225;87684.82944008659;88065.668874943;86612.66351024712;87798.41225671482;86178.11546657268;85516.53718967809;83057.76010998925;80595.78803633298
log;172244.9980907891;AM;oleodiesel;sarima;{'p': 4, 'd': 1, 'q': 4, 'P': 4, 'D': 0, 'Q': 5, 's': 12};12;12;14499.990153286122;0.1602853316881526;72.72727272727273;-10.620488606819672;0.8842204521621756;82785.99139038606;83511.31021601018;85016.33892336756;85733.85855798214;86439.1799384861;87966.51603811444;86974.4405481479;87299.88857750085;85736.11048951678;85265.46439760007;83079.69333456557;81416.95642824944
deseasonal;180782.78416519566;AM;oleodiesel;sarima;{'p': 2, 'd': 1, 'q': 2, 'P': 5, 'D': 0, 'Q': 1, 's': 12};12;12;15212.327148647073;0.17180942565845359;72.72727272727273;-12.826583319848838;0.9608661889531099;85122.87021159915;84003.94818024983;86408.13640424714;86447.927820436;90489.15931635645;93236.08447656441;91009.53959059465;92167.70346909351;87357.30224498431;88062.10083369967;80992.00129802528;76295.19063549017
