DATA;MCPM;UF;PRODUCT;MODEL;PARAMS;WINDOW;HORIZON;RMSE;MAPE;POCID;PBE;P1;P2;P3;P4;P5;P6;P7;P8;P9;P10;P11;P12
combination;58787.00256151225;PA;gasolinac;combination-median;ARIMA-SARIMA_DS;12;12;8118.498925032787;0.05586261184551605;83.33333333333333;5.661128905571128;105167.28923313937;101222.51161680513;105692.59341886564;104608.2423710695;112218.09431942337;114542.08726380489;115624.92873549633;115643.08784710526;110055.44168286478;119902.98974772044;106190.02744105482;102296.31958224735
