DATA;MCPM;UF;PRODUCT;MODEL;PARAMS;WINDOW;HORIZON;RMSE;MAPE;POCID;PBE;P1;P2;P3;P4;P5;P6;P7;P8;P9;P10;P11;P12
combination;65075.34395269797;DF;gasolinac;combination-median;ARIMA-SARIMA_DS;12;12;5997.579770549133;0.05737991761473963;75.0;-2.2421551924392813;88098.05521985507;87014.47813780501;90521.17766933481;87242.21306618204;88030.64919728112;88913.4617006263;87252.8239459121;90439.65632404195;86239.8499019478;94124.39629501745;80545.09952660245;82428.89616415926
