DATA;MCPM;UF;PRODUCT;MODEL;PARAMS;WINDOW;HORIZON;RMSE;MAPE;POCID;PBE;P1;P2;P3;P4;P5;P6;P7;P8;P9;P10;P11;P12
combination;28625.26617409989;TO;gasolinac;combination-median;ARIMA-SARIMA_DS;12;12;2637.7287659929943;0.061591468584675624;75.0;5.645610805179622;34021.37303240858;32102.055949861926;34073.23979086097;32604.849493617116;36712.76045952778;34708.736566979926;34939.883079736814;33167.524324430386;32779.69975758839;36753.03767684205;30884.06858743113;32201.68957493211
