DATA;MCPM;UF;PRODUCT;MODEL;PARAMS;WINDOW;HORIZON;RMSE;MAPE;POCID;PBE;P1;P2;P3;P4;P5;P6;P7;P8;P9;P10;P11;P12
combination;188896.61802254693;BA;gasolinac;combination-median;ARIMA-SARIMA_DS;12;12;10458.282840288099;0.04535907958318619;58.333333333333336;2.152773482150273;187294.3825882868;183611.66073142085;186154.3815332772;186073.0969555596;193407.73692106432;193329.59060321204;193852.42047666025;189462.45465295954;184151.5713614679;203892.46260494585;195087.92230692468;185123.15192468738
