DATA;MCPM;UF;PRODUCT;MODEL;PARAMS;WINDOW;HORIZON;RMSE;MAPE;POCID;PBE;P1;P2;P3;P4;P5;P6;P7;P8;P9;P10;P11;P12
combination;3.6876118103960596e+18;SP;queroseneiluminante;combination-mean;ARIMA-SARIMA_DS-RF;12;12;26.8982641237684;7.725711032093339e+16;16.666666666666668;-1079.7177748685476;-5.196722356971569;8.553138481787533;9.299078201812407;7.063816046697352;2.844883318618922;42.757419701148436;45.33925403348443;59.01420368875539;33.418889174620716;10.357006873170796;21.337342241044496;1.1552455695405837
