DATA;MCPM;UF;PRODUCT;MODEL;PARAMS;WINDOW;HORIZON;RMSE;MAPE;POCID;PBE;P1;P2;P3;P4;P5;P6;P7;P8;P9;P10;P11;P12
combination;227.42138743848096;SC;queroseneiluminante;combination-mean;ARIMA-SARIMA_DS-RF;12;12;15.156646370974892;0.41216043914742934;66.66666666666667;-10.339953541729411;47.32956598651984;51.5782942576024;66.80156893376545;63.63821132171844;66.53698997310214;61.907643215473904;53.86155929648141;53.98848908614318;64.90810446276701;48.08628416866727;56.53544204825588;54.4525568853119
