DATA;MCPM;UF;PRODUCT;MODEL;PARAMS;WINDOW;HORIZON;RMSE;MAPE;POCID;PBE;P1;P2;P3;P4;P5;P6;P7;P8;P9;P10;P11;P12
combination;1.7765379640380288e+17;PB;queroseneiluminante;combination-mean;ARIMA-SARIMA_DS-RF;12;12;1.1930509697926674;4054368010187278.0;0.0;-inf;-0.2447532278502614;0.20168379023969052;-0.18981950243474785;-0.44751036373246744;1.7783847369101606;-0.6443825588260097;-1.279146978011768;0.6789297142216728;2.9278497552696248;1.23455632616288;0.9625725401513822;-0.2134170227019677
