train_range;test_range;UF;PRODUCT;MODEL;PARAMS;WINDOW;HORIZON;RMSE;MAPE;POCID;PBE;MCPM;MASE;P1;P2;P3;P4;P5;P6;P7;P8;P9;P10;P11;P12;error_series;Test Statistic;p-value;Lags Used;Observations Used;Critical Value (1%);Critical Value (5%);Critical Value (10%);Stationary
1990-01_2023-02;2023-03_2024-02;AC;glp;DeepAR;{'context_length': 12, 'num_layers': 3, 'batch_size': 32, 'max_epochs': 30, 'num_batches_per_epoch': 20};12;12;125.71472324641107;0.03497392377684769;81.81818181818181;1.4472771937368076;991.9259545556401;0.7575896610589867;3395.9841;3097.6753;3178.5542;3178.4724;3149.3755;3199.609;3151.5068;3115.4875;3165.578;3320.405;3032.462;2929.594;[-95.77579785937496, -76.36188696874979, 138.44580078125, 72.4587468906252, 82.00675771875012, 113.0849542812498, -170.33292293749992, 163.83853817187492, -55.88403985937521, 123.56779670312517, 236.2572889375001, 25.48390485937489];-2.862978871516742;0.04982553152566205;16;380;-3.4476763783532585;-2.869176103659426;-2.570837873961219;True
1990-01_2022-02;2022-03_2023-02;AC;glp;DeepAR;{'context_length': 24, 'num_layers': 3, 'batch_size': 32, 'max_epochs': 30, 'num_batches_per_epoch': 20};12;12;177.76523861028122;0.04740695341811591;36.36363636363637;1.2586109837042576;4903.339482510214;inf;3211.6042;3120.9338;3081.242;3099.2876;3214.802;2991.5754;2985.528;3068.2817;2895.8809;3340.3586;2915.1099;2965.1519;[94.58415795312521, -196.62405489062485, 80.67653464062505, 32.235953343750225, -272.2549009531249, 235.674560546875, 188.68931482812513, 28.850507718750123, 352.3220396249999, -23.06516457812495, 101.04049871874986, -151.91272546875007];-2.9520124557637666;0.03962539175741933;16;368;-3.4482453822848496;-2.8694261442901396;-2.5709711770439507;True
1990-01_2021-02;2021-03_2022-02;AC;glp;DeepAR;{'context_length': 12, 'num_layers': 3, 'batch_size': 32, 'max_epochs': 30, 'num_batches_per_epoch': 20};12;12;187.26263271063132;0.046709891001503086;54.54545454545455;-2.0501385731542388;3690.4841390618076;0.9914283625584541;3190.5396;3301.3052;3327.536;3141.6072;3417.5828;3204.1753;3021.4407;3405.4797;3104.4004;3386.8315;2855.6868;2886.0278;[274.5637102187502, -164.00626278124992, -216.1916856718749, 27.91999626562483, -134.27479267187482, -114.82022096875016, 41.539398171874836, -445.9018373281251, -168.48191262499995, -10.050745968750107, 90.08316042187516, 51.34535596875003];-2.7428755061838994;0.06690822128892752;16;356;-3.448853029339765;-2.869693115704379;-2.571113512498422;False
