DATA;MCPM;UF;PRODUCT;MODEL;PARAMS;WINDOW;HORIZON;RMSE;MAPE;POCID;PBE;MASE;P1;P2;P3;P4;P5;P6;P7;P8;P9;P10;P11;P12
normal;88914.33585966138;MG;querosenedeaviacao;rf;{'n_estimators': 100};12;12;5586.476234409662;0.3902427744395021;63.63636363636363;-40.10052154892736;0.731084553752041;13996.899233335047;13307.527251408233;13423.099105035453;15468.554873460089;15723.406660288087;16515.975193141694;17176.168668730385;19020.583761876005;20994.508897047377;22644.627827307486;22723.109154309073;21781.99740899353
log;63932.932751497705;MG;querosenedeaviacao;rf;{'n_estimators': 100};12;12;5340.243592042295;0.3733154333836368;72.72727272727273;-38.424064399801885;0.7005205640728196;15071.06472927087;12995.595615687684;12743.210521466379;13815.86745797428;16069.106758512225;16555.627278036;18309.926080167283;19095.271267588105;19831.559626623286;22412.005368560465;21649.745183539737;21681.373320097024
deseasonal;88773.25703549832;MG;querosenedeaviacao;rf;{'n_estimators': 200};12;12;5576.130302925849;0.3999435469455966;63.63636363636363;-40.72880399116055;0.742538958113088;15207.361560387058;13483.352640203502;14298.947529137897;15176.859475063662;17338.384818744016;17016.82070040608;16217.183890278948;18850.815309815414;19334.196890037925;22890.955117368685;23448.931864467064;20466.846776086375
