DATA;MCPM;UF;PRODUCT;MODEL;PARAMS;WINDOW;HORIZON;RMSE;MAPE;POCID;PBE;MASE;P1;P2;P3;P4;P5;P6;P7;P8;P9;P10;P11;P12
normal;1249.5325665015057;AC;querosenedeaviacao;rf;{'n_estimators': 100};12;12;156.76688753529572;0.20214387001118952;81.81818181818181;0.4613809033644261;1.291990376160388;644.2591210617813;497.38629011468987;438.440176853644;517.7933629882618;608.5321910309319;701.83161926849;756.1481842300241;881.5668253529168;912.8259977678006;950.9515044115592;945.8446097387382;900.1058071927882
log;2622.7008234063564;AC;querosenedeaviacao;rf;{'n_estimators': 100};12;12;132.6669539128457;0.14906689387199692;54.54545454545455;8.3462111139651;0.9620992515308324;742.4221814084256;732.5161730613604;711.0158395298524;665.7367838297985;484.3061073564682;480.1673953143178;560.167571807819;609.8836737008512;670.7096700564731;685.6179128334352;823.760800922911;895.8106258239097
deseasonal;1760.745436901184;AC;querosenedeaviacao;rf;{'n_estimators': 100};12;12;147.9225956075608;0.1827377573324883;72.72727272727273;0.5477517343254589;1.1846526300661504;677.2995834100532;495.9749161629244;476.76267982952777;497.38442605412274;628.435156993083;716.1288308730286;694.7754557258826;797.2926323911851;888.0791381386495;1019.0909216404522;992.8242585586349;864.0402787415062
