DATA;MCPM;UF;PRODUCT;MODEL;PARAMS;WINDOW;HORIZON;RMSE;MAPE;POCID;PBE;MASE;P1;P2;P3;P4;P5;P6;P7;P8;P9;P10;P11;P12
normal;15517.110896845184;ES;querosenedeaviacao;rf;{'n_estimators': 100};12;12;654.2542037577024;0.20970619747883754;45.45454545454545;19.373085470358838;1.8331302575679187;2611.810764501169;2324.056724623283;2073.9570577925147;1767.3334430249893;1717.4961664786947;1773.7164087925619;1909.168413353211;2062.8703247481726;2199.3112004875015;2294.5666105802616;2568.175127659506;2711.14897770942
log;15119.799879549138;ES;querosenedeaviacao;rf;{'n_estimators': 200};12;12;637.5725782425968;0.2037167499827537;45.45454545454545;17.29160864420009;1.7581752549578518;2200.3125945139814;1872.224959632045;1686.6978639169972;1760.4999037173852;1813.4419691851335;1990.254178902199;2133.2092976648105;2265.4514113349455;2498.2891077543936;2728.337134753548;2849.397566697337;2887.06661989912
deseasonal;8226.83225870966;ES;querosenedeaviacao;rf;{'n_estimators': 100};12;12;519.9701807486891;0.1636584027350023;63.63636363636363;16.69213576205042;1.4414523976570974;2476.8455774719246;2392.8658613954817;2348.8851968375648;2227.853551990714;2345.869165066578;2139.2491888890254;1883.1999799722087;1934.955721381874;2054.612778938847;2376.982426146597;2473.227277768341;2224.050879871239
