DATA;MCPM;UF;PRODUCT;MODEL;PARAMS;WINDOW;HORIZON;RMSE;MAPE;POCID;PBE;MASE;P1;P2;P3;P4;P5;P6;P7;P8;P9;P10;P11;P12
normal;30782.468377117428;AL;oleodiesel;rf;{'n_estimators': 100};12;12;2601.0972140193485;0.0570888767375702;72.72727272727273;2.415476515336097;1.0640425257881547;33819.22630680716;31427.00461185413;30665.590717491268;29707.290448387994;30609.198019000072;32521.90024771707;33984.210005305344;38418.573728830655;38481.492664928235;39042.1690668484;37537.56303308274;34027.745358142354
log;61038.98184744512;AL;oleodiesel;rf;{'n_estimators': 50};12;12;5143.726481610088;0.1315105411556383;72.72727272727273;2.5143350871166756;2.421730063566962;34288.36063724241;34177.577597158386;34181.17485255088;34180.33562265534;34185.20074267706;34182.03977822711;34027.69322899193;34113.97894982554;34078.192412290104;34178.07254801157;34148.889345470125;34084.85047408166
deseasonal;33588.296250478925;AL;oleodiesel;rf;{'n_estimators': 50};12;12;2837.644056253611;0.062324701745630255;72.72727272727273;5.998876024996359;1.1827171544621864;33444.362860051566;28529.911373998748;27318.601368514926;25806.045814817604;27888.839995887734;29570.69264794456;33152.143051807136;38475.741423218664;39490.16843013041;40384.16605504846;37637.35911208817;33479.44437856276
