DATA;MCPM;UF;PRODUCT;MODEL;PARAMS;WINDOW;HORIZON;RMSE;MAPE;POCID;PBE;MASE;P1;P2;P3;P4;P5;P6;P7;P8;P9;P10;P11;P12
normal;155848.4654326865;GO;oleodiesel;rf;{'n_estimators': 50};12;12;19738.778052535585;0.05212037710657056;81.81818181818181;2.1672996835617093;0.8871474110879949;287748.7457094963;282706.72280522535;287341.3750348188;289094.600372915;293374.6543408111;312232.40401395934;307920.3681047707;289465.7350255986;282508.9493312638;259082.30432498612;264519.7758751549;284715.9644189533
log;215374.0052100496;GO;oleodiesel;rf;{'n_estimators': 200};12;12;27237.133894346876;0.0794099506993641;81.81818181818181;1.9979152050313174;1.3269908999121676;288687.4182712006;287164.09854380036;286379.6502269438;287470.8239606416;289347.6657865649;291097.56172029086;290894.76549996645;289801.48542600655;285000.8705036756;283424.8643111444;283162.15566942137;284237.3799255332
deseasonal;82451.1840868393;GO;oleodiesel;rf;{'n_estimators': 50};12;12;20803.472923447287;0.061999674729874395;90.9090909090909;2.834862331400072;1.0524277220204703;289934.8736170968;275798.9732264704;276899.05420889973;276428.1092820675;295777.0007202248;301439.9857476597;295003.169162958;311643.2042097738;293407.69280590134;276330.71593746217;255343.0855733491;269227.99645872397
