DATA;MCPM;UF;PRODUCT;MODEL;PARAMS;WINDOW;HORIZON;RMSE;MAPE;POCID;PBE;MASE;P1;P2;P3;P4;P5;P6;P7;P8;P9;P10;P11;P12
normal;3466.3611759899018;PI;querosenedeaviacao;arima;{'p': 12, 'd': 2, 'q': 24};12;12;291.29944425579725;0.19049979817254073;72.72727272727273;-6.277510954581228;0.9628927957385122;1532.2735910515294;1457.6704482627858;1431.448051041972;1444.7594536827773;1520.854232788997;1513.2235462209965;1567.7673988913689;1693.5335127804012;1678.1940146383924;2042.5403832586608;2044.2371333151852;1595.6524812179023
log;4463.09745905183;PI;querosenedeaviacao;arima;{'p': 19, 'd': 3, 'q': 21};12;12;281.8832879911505;0.17841710876285066;63.63636363636363;-4.866868297437386;0.8907198701347601;1425.1656171404204;1320.3793534200847;1529.4610916013048;1519.888219755835;1595.9784724494482;1532.620977194543;1562.453596497971;1547.503175740149;1468.8747402704932;1957.9958362113096;2081.960329738349;1720.751379608952
deseasonal;2974.097336119771;PI;querosenedeaviacao;arima;{'p': 19, 'd': 2, 'q': 16};12;12;250.2366007549058;0.15764884260883458;72.72727272727273;-5.138348409090566;0.816225144171925;1581.2146310031612;1379.2903539700922;1333.0306295129565;1351.6193091378339;1559.9240444430043;1461.6907889426707;1468.1299939807147;1655.9140656167754;1782.7204568100738;2059.9577352488473;2042.9987741649625;1636.4102862401805
