DATA;MCPM;UF;PRODUCT;MODEL;PARAMS;WINDOW;HORIZON;RMSE;MAPE;POCID;PBE;MASE;P1;P2;P3;P4;P5;P6;P7;P8;P9;P10;P11;P12
normal;7194.608144279495;PE;querosenedeaviacao;arima;{'p': 14, 'd': 3, 'q': 14};12;12;1811.7253800262417;0.07963739593606808;90.9090909090909;-2.901907350224555;0.7825637578290828;18436.352623900108;18823.11674032107;19476.433163377456;18359.557263001163;19330.103825598882;18329.99551282046;18308.700674746146;18929.5214879974;17831.148324942074;18731.173050823098;19708.869672671295;17336.732073596566
log;5275.261909046571;PE;querosenedeaviacao;arima;{'p': 11, 'd': 3, 'q': 10};12;12;1331.430109421341;0.05877225809868136;90.9090909090909;-3.5522802882414264;0.5727654269373804;18165.4259043888;18043.90770897482;18085.66040596251;18287.593232639414;20577.976095532264;18700.80114441047;18144.70225165099;18326.506591786747;18175.252825429616;19482.010228753395;20589.477377346957;18435.624873475237
deseasonal;29242.831844352186;PE;querosenedeaviacao;arima;{'p': 9, 'd': 3, 'q': 3};12;12;3680.7444748924227;0.16512914402553527;81.81818181818181;17.187101496574325;1.7709007047956742;17151.99783008173;15310.405664867318;15169.220364595683;14610.466723747297;17044.75475337774;15168.550376570161;14264.35348529806;14389.47678404036;14010.293322791436;15452.028891219676;15223.16928924026;12154.378985142985
