DATA;MCPM;UF;PRODUCT;MODEL;PARAMS;WINDOW;HORIZON;RMSE;MAPE;POCID;PBE;P1;P2;P3;P4;P5;P6;P7;P8;P9;P10;P11;P12
hybrid1;4.673850863639481e+18;MT;oleocombustivel;HYBRID;{'p': 14, 'd': 1, 'q': 11};12;12;39.39171305958413;1.1045066352488267e+17;41.666666666666664;-138.0549347866321;63.971544556142334;84.71529065872886;45.81571609812726;65.1237853993305;48.035595100842684;49.336008861373784;18.453878661001397;32.02192026059326;74.88467680147907;47.64963176030231;41.90984184315593;50.33152348835234
half-arima-hybrid1;4.973914188769474e+18;MT;oleocombustivel;HYBRID;{'p': 14, 'd': 1, 'q': 11};12;12;37.66425993280647;1.1009930763239885e+17;33.333333333333336;-115.6659633827359;45.93606381769303;58.96847164628231;57.90231121673327;45.38254669781713;53.97302525433753;36.31321357875194;18.453878661001397;32.02192026059326;74.88467680147907;47.64963176030231;41.90984184315593;50.33152348835234
half-arima_mean-hybrid1;1.260754898355786e+19;MT;oleocombustivel;HYBRID;{'p': 14, 'd': 1, 'q': 11};12;12;92.88358583649148;1.734290285309441e+17;25.0;-341.165652863284;144.37370035426792;131.54859640058316;139.81691932176315;173.79524562506515;175.22967408936395;123.14287975688178;18.453878661001397;32.02192026059326;74.88467680147907;47.64963176030231;41.90984184315593;50.33152348835234
