DATA;MCPM;UF;PRODUCT;MODEL;PARAMS;WINDOW;HORIZON;RMSE;MAPE;POCID;PBE;P1;P2;P3;P4;P5;P6;P7;P8;P9;P10;P11;P12
hybrid1;23605.22889221315;SC;oleocombustivel;HYBRID;{'p': 13, 'd': 1, 'q': 14};12;12;814.0692544169377;0.2755166301308225;33.333333333333336;-23.689609179247956;2783.912912753519;3342.9435318119276;4127.100521051889;3320.8818515576445;3411.899109278361;3928.673301317048;3712.277326858172;3010.7583425013745;3124.78538053408;3219.147003646147;2970.6407401169477;2947.194652285904
half-arima-hybrid1;35547.5580918033;SC;oleocombustivel;HYBRID;{'p': 13, 'd': 1, 'q': 14};12;12;981.0079410935372;0.3221778425682659;16.666666666666668;-27.24410098061841;3014.5579269242867;2916.4967599056868;4366.543579110412;3772.368390455209;3620.486572017259;4371.578049915741;3712.277326858172;3010.7583425013745;3124.78538053408;3219.147003646147;2970.6407401169477;2947.194652285904
half-arima_mean-hybrid1;31652.460184842475;SC;oleocombustivel;HYBRID;{'p': 13, 'd': 1, 'q': 14};12;12;970.0886499173648;0.3268401098370956;25.0;-28.387356495199707;3354.410659787543;3123.4790339006395;4205.894539672542;3652.55130322446;3888.737380169527;4205.753612536267;3712.277326858172;3010.7583425013745;3124.78538053408;3219.147003646147;2970.6407401169477;2947.194652285904
