DATA;MCPM;UF;PRODUCT;MODEL;PARAMS;WINDOW;HORIZON;RMSE;MAPE;POCID;PBE;P1;P2;P3;P4;P5;P6;P7;P8;P9;P10;P11;P12
hybrid1;68604.05527542053;SP;oleocombustivel;HYBRID;{'p': 9, 'd': 1, 'q': 4};12;12;2700.916634132426;0.3192203711334955;41.666666666666664;-14.940941741413717;7933.922203917501;8053.620719997372;8140.616835400131;7472.2664617286455;9242.539913245411;9484.90220682362;10190.20080432868;8887.351675953721;10313.48439247049;9590.052327211915;10064.212457927762;9748.092324841964
half-arima-hybrid1;48572.11330143857;SP;oleocombustivel;HYBRID;{'p': 9, 'd': 1, 'q': 4};12;12;2669.5142635950874;0.3477192411347431;58.333333333333336;-28.520958559376798;9668.911383638446;9756.490645816595;10221.244656156774;11036.225758468225;11074.18673664966;11463.243789020473;10190.20080432868;8887.351675953721;10313.48439247049;9590.052327211915;10064.212457927762;9748.092324841964
half-arima_mean-hybrid1;72074.8983693224;SP;oleocombustivel;HYBRID;{'p': 9, 'd': 1, 'q': 4};12;12;3949.2918161652324;0.4750794166307913;58.333333333333336;-43.91638149555883;14654.52340020386;11024.58523027502;10453.011291775085;12690.571014792926;13480.939263091866;15532.596037276751;10190.20080432868;8887.351675953721;10313.48439247049;9590.052327211915;10064.212457927762;9748.092324841964
