DATA;MCPM;UF;PRODUCT;MODEL;PARAMS;WINDOW;HORIZON;RMSE;MAPE;POCID;PBE;P1;P2;P3;P4;P5;P6;P7;P8;P9;P10;P11;P12
hybrid1;877148350748750.5;RN;oleocombustivel;HYBRID;{'p': 2, 'd': 0, 'q': 7};12;12;0.0052990976734117665;20255800082330.19;0.0;-inf;0.011090913373843193;0.010035872603844292;0.004897656913814615;0.0029985584424804144;0.004307839074424169;0.0022278688446030286;0.0030409266056844637;0.0026882657965959286;0.003178339187385167;0.003003192475923977;0.003240153405171913;0.003262706796885939
half-arima-hybrid1;299245026835120.06;RN;oleocombustivel;HYBRID;{'p': 2, 'd': 0, 'q': 7};12;12;0.002174451317446055;6910617603861.0;0.0;-inf;0.0;0.0;0.0;0.0;0.0;0.0;0.0030409266056844637;0.0026882657965959286;0.003178339187385167;0.003003192475923977;0.003240153405171913;0.003262706796885939
half-arima_mean-hybrid1;2.69437723983617e+18;RN;oleocombustivel;HYBRID;{'p': 2, 'd': 0, 'q': 7};12;12;18.895634732457978;5.2334955045852216e+16;0.0;inf;-20.77984205351267;36.72993762881081;-28.626968824610827;13.71877508231538;-38.66675559105702;-0.9076402385320476;0.0030409266056844637;0.0026882657965959286;0.003178339187385167;0.003003192475923977;0.003240153405171913;0.003262706796885939
