DATA,MCPM,UF,PRODUCT,MODEL,PARAMS,WINDOW,HORIZON,RMSE,MAPE,POCID,PBE,P1,P2,P3,P4,P5,P6,P7,P8,P9,P10,P11,P12
normal_deseasonal_log_deseasonal-log,1384216.7921757142,SP,etanolhidratado,ARIMA_MEAN,"{'normal': ""{'p': 2, 'd': 1, 'q': 8}"", 'deseasonal': ""{'p': 14, 'd': 0, 'q': 3}"", 'log': ""{'p': 14, 'd': 0, 'q': 3}"", 'deseasonal-log': ""{'p': 4, 'd': 0, 'q': 13}""}",12,12,95612.20731467204,0.10076970757613755,66.66666666666667,9.2034412761992,629859.4345649926,611991.9627176174,626321.6839528228,648580.8005411141,637725.7585046182,654413.3259142087,675018.4956889339,661268.9015496371,664606.5908944639,698759.9735503152,632180.8338335082,642776.2115174065
