DATA,MCPM,UF,PRODUCT,MODEL,PARAMS,WINDOW,HORIZON,RMSE,MAPE,POCID,PBE,P1,P2,P3,P4,P5,P6,P7,P8,P9,P10,P11,P12
normal_deseasonal_log_deseasonal-log,75604.90740635847,PA,etanolhidratado,ARIMA_MEAN,"{'normal': ""{'p': 13, 'd': 1, 'q': 11}"", 'deseasonal': ""{'p': 14, 'd': 1, 'q': 2}"", 'log': ""{'p': 11, 'd': 1, 'q': 4}"", 'deseasonal-log': ""{'p': 11, 'd': 1, 'q': 2}""}",12,12,2975.542773902127,0.3390797970931263,41.666666666666664,42.13308279475783,3055.9886904274886,2744.0230410671084,2807.3450332205034,3097.020114171323,2977.9582104690844,2964.09798701748,2898.5015356041017,3025.211702929504,2824.154390335525,3149.9692171567285,2753.6980041863617,2648.0740092391607
