DATA;MCPM;UF;PRODUCT;MODEL;PARAMS;WINDOW;HORIZON;RMSE;MAPE;POCID;PBE;P1;P2;P3;P4;P5;P6;P7;P8;P9;P10;P11;P12
arima-median;44066.06066182313;TO;etanolhidratado;ARIMA_MEAN;"{'normal': ""{'p': 5, 'd': 1, 'q': 8}"", 'deseasonal': ""{'p': 14, 'd': 1, 'q': 3}"", 'log': ""{'p': 11, 'd': 0, 'q': 8}"", 'deseasonal-log': ""{'p': 13, 'd': 1, 'q': 5}""}";12;12;1351.7666932683308;0.2689339102219151;25.0;32.02959202542515;1909.4806177263927;1935.8416735002506;1901.4985958704365;2098.0039479915267;2300.1975255185716;2203.4116251064916;2154.0201818557425;2098.4528787348045;2057.2192010779386;2381.3013039128728;2105.5149417804105;1940.9897772639056
