DATA;MCPM;UF;PRODUCT;MODEL;PARAMS;WINDOW;HORIZON;RMSE;MAPE;POCID;PBE;MASE;P1;P2;P3;P4;P5;P6;P7;P8;P9;P10;P11;P12
log;51123.39678650262;AM;gasolinac;knn;{'n_neighbors': 7};12;12;4708.294985211227;0.0754343342505075;81.81818181818181;-5.497677196161532;0.7000553240223628;58134.676561001565;56138.83267720714;56266.11169066997;53104.080838709706;52908.329940409465;60264.99317970198;54641.24648991519;56682.46903590712;51143.05052711494;59561.02554319178;50006.35626064644;42212.11153578221
normal;71816.95856082607;AM;gasolinac;knn;{'n_neighbors': 7};12;12;4963.340722933186;0.0819486444066596;72.72727272727273;-6.869701818178922;0.7632484296261588;56680.21864538173;54147.4730993312;55690.17231927152;53578.19590117907;55113.01123507806;61017.27509424515;54822.61718511015;59971.923579628725;55376.2085244553;59903.10209848404;50881.58039673489;42348.75287696999
