DATA;MCPM;UF;PRODUCT;MODEL;PARAMS;WINDOW;HORIZON;RMSE;MAPE;POCID;PBE;MASE;P1;P2;P3;P4;P5;P6;P7;P8;P9;P10;P11;P12
normal;177812.53755550354;MT;gasolinac;knn;{'n_neighbors': 3};12;12;6443.7735281268415;0.08945959687047657;36.36363636363637;1.9054146306479478;1.0441156867248593;58854.414043578065;52876.02930922427;47523.59650344024;53673.928189581835;54192.6958082625;53032.148353801946;53371.326772453634;57134.41153287544;55865.33578017821;54427.13667293861;57879.1528919367;54217.47151357751
log;165613.29497448093;MT;gasolinac;knn;{'n_neighbors': 3};12;12;6997.331270516663;0.1127227566684967;45.45454545454545;-0.17271251742207194;1.276878955320943;47791.09771325591;51799.77761020713;52564.80413909123;52262.19253570668;53476.42906540548;55756.93712519725;56489.29693425383;58936.26780159169;60339.65181992386;59628.65201717153;59818.96222997107;58018.3485651635
deseasonal;36000.129166520645;MT;gasolinac;knn;{'n_neighbors': 3};12;12;4554.828645463738;0.07077849089175996;81.81818181818181;2.9039698384078796;0.8204808462312312;58411.33819354778;58598.7173516207;58854.6908259957;53865.506702199775;49451.08290992701;51267.32625545262;51470.87850108237;52118.389682647576;51327.5686389801;55978.570173676424;53299.76444374875;51756.10600611684
