DATA;MCPM;UF;PRODUCT;MODEL;PARAMS;WINDOW;HORIZON;RMSE;MAPE;POCID;PBE;P1;P2;P3;P4;P5;P6;P7;P8;P9;P10;P11;P12
arima-trend-seasonal;15978.501674659474;AC;gasolinac;HYBRID;{'p': 10, 'd': 1, 'q': 6};12;12;884.415441496184;0.054126493029040296;58.333333333333336;-1.9344340166375416;11745.116377286731;11678.475080627271;12694.005908888403;12854.123285673468;13612.297356411094;14108.546709425415;14826.320085107853;13826.896486243297;13735.05944588002;14490.330791157705;12020.542409584708;12097.236815044722
