DATA;MCPM;UF;PRODUCT;MODEL;PARAMS;WINDOW;HORIZON;RMSE;MAPE;POCID;PBE;P1;P2;P3;P4;P5;P6;P7;P8;P9;P10;P11;P12
arima-trend-seasonal;103351.54792822752;PI;gasolinac;HYBRID;{'p': 8, 'd': 1, 'q': 14};12;12;5716.111210940273;0.08838055671461137;58.333333333333336;8.733057579382693;45376.17365306099;41544.344937001115;44231.02572746959;45804.09332601045;51137.39960866829;49529.32714368317;52073.05903755781;51745.59183538058;48722.295457225715;53289.48137647457;44546.57115518975;46014.15950680363
