DATA;MCPM;UF;PRODUCT;MODEL;PARAMS;WINDOW;HORIZON;RMSE;MAPE;POCID;PBE;P1;P2;P3;P4;P5;P6;P7;P8;P9;P10;P11;P12
arima-trend-seasonal;13451.43231164645;RR;gasolinac;HYBRID;{'p': 12, 'd': 1, 'q': 14};12;12;930.4889144043344;0.05027391488734039;66.66666666666667;-2.5364211518207727;15315.893789239039;14677.537506247181;15344.025331427882;14992.525387770103;15250.13292856884;15764.378313103789;17011.63485945049;17006.117750769943;15745.229536299099;17391.62976209041;14683.275397424051;14563.292319335496
