DATA;MCPM;UF;PRODUCT;MODEL;PARAMS;WINDOW;HORIZON;RMSE;MAPE;POCID;PBE;P1;P2;P3;P4;P5;P6;P7;P8;P9;P10;P11;P12
arima-trend-seasonal;183762.48529801954;DF;gasolinac;HYBRID;{'p': 11, 'd': 1, 'q': 6};12;12;10158.100488242619;0.11050197399979901;58.333333333333336;-2.009107813371959;80226.12166126264;78912.64627903586;85883.41027222363;80947.0382609279;89147.87310476933;86816.32840153982;91571.72640781052;95519.95718230907;89386.26135413455;102817.98746960355;82174.22035480189;85051.91202175504
