DATA;MCPM;UF;PRODUCT;MODEL;PARAMS;WINDOW;HORIZON;RMSE;MAPE;POCID;PBE;P1;P2;P3;P4;P5;P6;P7;P8;P9;P10;P11;P12
arima-trend-seasonal;158118.9629261832;PE;gasolinac;HYBRID;{'p': 8, 'd': 1, 'q': 11};12;12;10930.5859480108;0.07362680107883911;66.66666666666667;7.009005152463457;109458.4276340682;98890.954271203;110152.85829248985;106919.51857766994;114602.1663807443;116985.64348553406;119750.40818604977;120619.18825638774;112892.72004599513;126287.77917433398;108742.3716213;110655.03794340597
