DATA;MCPM;UF;PRODUCT;MODEL;PARAMS;WINDOW;HORIZON;RMSE;MAPE;POCID;PBE;MASE;P1;P2;P3;P4;P5;P6;P7;P8;P9;P10;P11;P12
normal;1009.5458407720417;AP;glp;arima;{'p': 19, 'd': 3, 'q': 17};12;12;85.3836412300662;0.024867576802504513;72.72727272727273;0.7413169144690352;0.9036849872202376;2782.407992955011;2680.024976093292;2764.41420814102;2620.5920866143465;2625.0687924297567;2729.021139485746;2647.719595881753;2680.5943245109756;2611.220413772236;2840.035170520467;2664.0808372550496;2544.368229302633
log;757.9639253859857;AP;glp;arima;{'p': 13, 'd': 1, 'q': 15};12;12;96.07963785991141;0.03098331676571489;81.81818181818181;2.1032399010483362;1.1373340365233187;2764.110379421118;2659.84945846582;2714.4291090369625;2619.5405553404003;2602.413835220409;2666.877960992454;2595.680939043483;2634.8863678069597;2581.114212283686;2775.8265416247723;2627.4441256193604;2505.703249723309
deseasonal;1287.7302903609045;AP;glp;arima;{'p': 24, 'd': 3, 'q': 6};12;12;108.87755402667301;0.033036156811459744;72.72727272727273;1.6664148432294443;1.2081499135070115;2769.081209088293;2657.4735912589535;2774.4020598890756;2640.1216386660813;2635.5044293575856;2691.751829043662;2627.725256627837;2651.334553069052;2575.252014952739;2797.729603181273;2522.5419711514655;2546.620754611848
