DATA;MCPM;UF;PRODUCT;MODEL;PARAMS;WINDOW;HORIZON;RMSE;MAPE;POCID;PBE;P1;P2;P3;P4;P5;P6;P7;P8;P9;P10;P11;P12
hybrid1;250847.8685522557;MS;etanolhidratado;HYBRID;{'p': 2, 'd': 1, 'q': 2};12;12;11506.023800256877;0.3467583481631302;50.0;40.68472338629615;12896.461238494307;13700.134845868222;11680.954418404113;11854.561199666376;10736.768204227008;11724.3009372275;12373.617753834731;12548.92948636153;11962.254959553975;12490.113434128169;9005.080582874034;9177.806730675075
half-sarima-hybrid1;169429.90927220488;MS;etanolhidratado;HYBRID;{'p': 2, 'd': 1, 'q': 2};12;12;11608.323722123629;0.3725836293643962;66.66666666666667;45.531344149557874;10916.668526768202;10580.9665959477;10129.12431149654;9552.14374512359;10088.646550658432;9873.96626778135;12373.617753834731;12548.92948636153;11962.254959553975;12490.113434128169;9005.080582874034;9177.806730675075
half-sarima_mean-hybrid1;168462.2369122148;MS;etanolhidratado;HYBRID;{'p': 2, 'd': 1, 'q': 2};12;12;11549.5656084966;0.3506333824883856;66.66666666666667;44.1364322312889;11133.289983285738;11003.223177615331;10619.945437575445;10353.62618011934;10773.25425415039;10554.09479275593;12373.617753834731;12548.92948636153;11962.254959553975;12490.113434128169;9005.080582874034;9177.806730675075
hybrid-deseasonal;84322.28084256891;MS;etanolhidratado;HYBRID;{'p': 2, 'd': 1, 'q': 2};12;12;11451.262250270458;0.3382995624424117;83.33333333333333;41.16406192798324;13213.35510905286;12987.267495593385;10692.585815223762;10464.929952219087;11357.350779363693;11786.832709350641;12956.66512763119;13167.22178281938;11170.121154748938;14499.289303641395;8823.10284480527;7899.673756026037
half-deseasonal-hybrid;207836.24447558276;MS;etanolhidratado;HYBRID;{'p': 2, 'd': 1, 'q': 2};12;12;11431.906886971597;0.3179299928208505;58.333333333333336;40.90342505897822;11690.05791284564;11874.239239269453;11653.67112728054;11776.196801841785;12177.951098039292;11946.04220271901;12956.66512763119;13167.22178281938;11170.121154748938;14499.289303641395;8823.10284480527;7899.673756026037
