DATA;MCPM;UF;PRODUCT;MODEL;PARAMS;WINDOW;HORIZON;RMSE;MAPE;POCID;PBE;P1;P2;P3;P4;P5;P6;P7;P8;P9;P10;P11;P12
hybrid1;161694.24299843705;CE;etanolhidratado;HYBRID;{'p': 2, 'd': 1, 'q': 2};12;12;6365.207508131142;0.32895993514222605;41.666666666666664;36.44172746251167;10891.862256977636;8953.291083669892;8917.322723092659;8601.972463656744;9284.88845626179;8930.995156357754;8054.0703940970625;7908.495137498228;8196.802600303052;10211.582626698933;8327.341614117375;9022.77868899699
half-sarima-hybrid1;160781.37615526145;CE;etanolhidratado;HYBRID;{'p': 2, 'd': 1, 'q': 2};12;12;6329.895070937112;0.3232201397645885;41.666666666666664;36.303784271967714;9843.616363156129;8996.040050852731;8615.586040707478;9403.094998205372;9438.07200702184;9516.80342582887;8054.0703940970625;7908.495137498228;8196.802600303052;10211.582626698933;8327.341614117375;9022.77868899699
half-sarima_mean-hybrid1;183105.1871554006;CE;etanolhidratado;HYBRID;{'p': 2, 'd': 1, 'q': 2};12;12;6312.399000429727;0.31928129515995723;33.333333333333336;35.98635704289216;9738.85816298295;9229.48684770142;8809.780404672372;9510.42817931825;9493.51235800464;9567.039205403267;8054.0703940970625;7908.495137498228;8196.802600303052;10211.582626698933;8327.341614117375;9022.77868899699
hybrid-deseasonal;164986.70276436044;CE;etanolhidratado;HYBRID;{'p': 2, 'd': 1, 'q': 2};12;12;6493.640460707311;0.339558054339728;41.666666666666664;37.536609027941054;10760.613771480232;8522.057324050702;8132.946335395223;8378.184250637058;9766.229670171397;8927.961909528056;7135.684793635055;8346.132989624253;7903.230284850913;11059.731944538731;8552.599601383745;7967.611173111943
half-deseasonal-hybrid;161559.30047280437;CE;etanolhidratado;HYBRID;{'p': 2, 'd': 1, 'q': 2};12;12;6361.529302804244;0.3140274576357932;41.666666666666664;35.507854471415826;9731.15421957128;9649.83037798157;9207.481197174997;9814.32268581954;9701.804330531157;9808.418185501858;7135.684793635055;8346.132989624253;7903.230284850913;11059.731944538731;8552.599601383745;7967.611173111943
