DATA;MCPM;UF;PRODUCT;MODEL;PARAMS;WINDOW;HORIZON;RMSE;MAPE;POCID;PBE;P1;P2;P3;P4;P5;P6;P7;P8;P9;P10;P11;P12
hybrid1;1896.7205377942448;RR;etanolhidratado;HYBRID;{'p': 2, 'd': 1, 'q': 2};12;12;104.23120036763595;0.2558075115545742;58.333333333333336;27.678132826371094;242.95856624955508;237.42992797016697;249.44992596794225;237.9226558361355;218.43921145802395;184.6059018324228;176.22888516445204;232.77965303719324;185.43121206616;224.23103379705134;200.42236178893376;179.35813917262533
half-sarima-hybrid1;2188.257535278486;RR;etanolhidratado;HYBRID;{'p': 2, 'd': 1, 'q': 2};12;12;119.94813672220185;0.34480305601224376;58.333333333333336;36.028918307603945;181.96791253725956;178.50408392423722;183.8896730457864;186.7101400323581;172.98523445872308;170.0848188437312;176.22888516445204;232.77965303719324;185.43121206616;224.23103379705134;200.42236178893376;179.35813917262533
half-sarima_mean-hybrid1;2213.2150672017724;RR;etanolhidratado;HYBRID;{'p': 2, 'd': 1, 'q': 2};12;12;121.29889635567002;0.3502615936094498;58.333333333333336;36.547738178028155;181.12624458318732;171.92954744458336;180.7686717211465;182.73926031946203;173.40727193508994;165.73962491944778;176.22888516445204;232.77965303719324;185.43121206616;224.23103379705134;200.42236178893376;179.35813917262533
hybrid-deseasonal;2364.12886443481;RR;etanolhidratado;HYBRID;{'p': 2, 'd': 1, 'q': 2};12;12;108.42016483649738;0.24437232051041788;50.0;26.842800504083623;249.69281626379708;245.4520658485269;252.95285009343698;248.19972509109346;209.7775706386697;164.9070089013401;176.27783486693227;238.46634305203793;218.84917806940763;252.1294788357443;185.37304662393214;156.85500411134933
half-deseasonal-hybrid;2234.7378791552364;RR;etanolhidratado;HYBRID;{'p': 2, 'd': 1, 'q': 2};12;12;122.56426060414333;0.3291820453870096;58.333333333333336;34.91801341592511;183.00258431535443;176.66532959899436;186.32290860131465;186.67122160109707;181.775881705959;169.6695882528442;176.27783486693227;238.46634305203793;218.84917806940763;252.1294788357443;185.37304662393214;156.85500411134933
