DATA;MCPM;UF;PRODUCT;MODEL;PARAMS;WINDOW;HORIZON;RMSE;MAPE;POCID;PBE;P1;P2;P3;P4;P5;P6;P7;P8;P9;P10;P11;P12
hybrid1;694424.1992210592;GO;etanolhidratado;HYBRID;{'p': 2, 'd': 1, 'q': 2};12;12;27408.632471809688;0.17719828443756694;41.666666666666664;9.753093569375181;104444.93953743023;114055.09854315365;119380.02484916465;117974.82138935645;113614.75548487395;118096.27001780966;114721.22396634177;112254.50856153268;102947.35402588053;112049.97222313483;89110.44807715235;92592.0591055388
half-sarima-hybrid1;664640.8126642023;GO;etanolhidratado;HYBRID;{'p': 2, 'd': 1, 'q': 2};12;12;26242.872360484653;0.15542965762381963;41.666666666666664;12.492497313645575;102193.5264724447;103953.4860970433;106672.34560390048;108725.90165611696;113433.59263158914;112784.9195316328;114721.22396634177;112254.50856153268;102947.35402588053;112049.97222313483;89110.44807715235;92592.0591055388
half-sarima_mean-hybrid1;564338.1370696326;GO;etanolhidratado;HYBRID;{'p': 2, 'd': 1, 'q': 2};12;12;25990.265808267894;0.14476852958642364;50.0;14.020937490272145;99598.8397905486;100181.60661417645;102755.31451375852;104314.17138794033;108251.16250565808;110455.22174410912;114721.22396634177;112254.50856153268;102947.35402588053;112049.97222313483;89110.44807715235;92592.0591055388
hybrid-deseasonal;680751.235187727;GO;etanolhidratado;HYBRID;{'p': 2, 'd': 1, 'q': 2};12;12;26870.364528870952;0.17415267237982704;41.666666666666664;9.407677400713384;100873.94072533815;110450.13185581693;117643.3354360562;119049.26782893298;116850.65477221139;119923.39143054033;115973.85861038428;116394.40466504084;104443.21960071009;118167.82025900006;87181.70544878366;89308.46573043983
half-deseasonal-hybrid;461496.1682961505;GO;etanolhidratado;HYBRID;{'p': 2, 'd': 1, 'q': 2};12;12;25490.64336632778;0.1437240780271703;58.333333333333336;12.66685710128227;99957.34637620498;101637.90361188892;104940.5868510158;106624.86477504743;109892.06795673846;114383.7353703388;115973.85861038428;116394.40466504084;104443.21960071009;118167.82025900006;87181.70544878366;89308.46573043983
