DATA;MCPM;UF;PRODUCT;MODEL;PARAMS;WINDOW;HORIZON;RMSE;MAPE;POCID;PBE;P1;P2;P3;P4;P5;P6;P7;P8;P9;P10;P11;P12
hybrid1;67001.71814619775;PI;etanolhidratado;HYBRID;{'p': 2, 'd': 1, 'q': 2};12;12;2637.659585508592;0.32283623746984164;41.666666666666664;28.883360255840774;5655.304286333433;4494.679559764235;4871.141350909916;4522.406413180681;4619.1925082405305;3805.246712105777;5348.5532461445855;3170.627099397835;3778.196051379507;2761.5387880170338;1179.9227830330383;1530.506836794299
half-sarima-hybrid1;56798.70620494804;PI;etanolhidratado;HYBRID;{'p': 2, 'd': 1, 'q': 2};12;12;2607.1547411984707;0.3060627955399101;50.0;34.46911389043406;4204.466197495156;3637.105228303589;3982.808588394227;3871.965240020545;4262.699490512722;4416.554765038719;5348.5532461445855;3170.627099397835;3778.196051379507;2761.5387880170338;1179.9227830330383;1530.506836794299
half-sarima_mean-hybrid1;56385.19101978697;PI;etanolhidratado;HYBRID;{'p': 2, 'd': 1, 'q': 2};12;12;2589.170273395443;0.28702474872270856;50.0;30.95887210853645;4475.534877995071;4127.048059598739;4489.637137126239;4383.8861284337945;4530.192301342613;4626.846312702087;5348.5532461445855;3170.627099397835;3778.196051379507;2761.5387880170338;1179.9227830330383;1530.506836794299
hybrid-deseasonal;70157.41200521063;PI;etanolhidratado;HYBRID;{'p': 2, 'd': 1, 'q': 2};12;12;2761.834057259163;0.3243127188205718;41.666666666666664;32.85490166317331;5411.679538675727;4247.157845240473;4690.194880972441;4340.159126891389;4278.55283415671;3385.313300070796;5177.712125755696;3052.997482205272;3664.131873474187;2838.224468300589;1142.4314916762019;954.539271042204
half-deseasonal-hybrid;59059.078519045135;PI;etanolhidratado;HYBRID;{'p': 2, 'd': 1, 'q': 2};12;12;2710.8736258732883;0.30693843522640535;50.0;30.129344858626816;4670.701470019154;4435.389285178984;4900.473054733532;4704.8208453301495;4661.173138806638;4733.389805203866;5177.712125755696;3052.997482205272;3664.131873474187;2838.224468300589;1142.4314916762019;954.539271042204
