DATA,MCPM,UF,PRODUCT,MODEL,PARAMS,WINDOW,HORIZON,RMSE,MAPE,POCID,PBE,P1,P2,P3,P4,P5,P6,P7,P8,P9,P10,P11,P12
normal_deseasonal_log_deseasonal-log,83592.21745253819,MG,querosenedeaviacao,ARIMA_MEAN,"{'normal': ""{'p': 13, 'd': 1, 'q': 6}"", 'deseasonal': ""{'p': 12, 'd': 1, 'q': 2}"", 'log': ""{'p': 5, 'd': 0, 'q': 8}"", 'deseasonal-log': ""{'p': 5, 'd': 1, 'q': 5}""}",12,12,3837.913720073768,0.29637257223196056,50.0,-28.747651287951868,14158.997211081409,14917.473944536025,15857.605980251916,15916.682863734157,17375.248183207492,16945.567265651443,16803.400331368226,17666.603004339828,16378.155499380216,17122.40521747439,16917.24115940876,15475.003640912431
