DATA;UF;PRODUCT;MODEL;PARAMS;WINDOW;HORIZON;RMSE;MAPE;POCID;PBE;MASE;P1;P2;P3;P4;P5;P6;P7;P8;P9;P10;P11;P12
mean;PE;gasolinac;knn_rf_deepar_svr_catboost_arima;{};12;12;7269.565302589125;0.05435753952487144;72.72727272727273;4.557376856263442;0.756807406039372;110426.03133251543;103469.8297808199;104425.15107527963;105354.61015077522;106769.75418999727;109290.16229389611;106795.82432319169;110685.83300051952;114612.97713144257;118819.609628972;114010.5269086942;108326.37072929413
