DATA;UF;PRODUCT;MODEL;PARAMS;WINDOW;HORIZON;RMSE;MAPE;POCID;PBE;MASE;P1;P2;P3;P4;P5;P6;P7;P8;P9;P10;P11;P12
mean;AP;gasolinac;knn_rf_deepar_svr_catboost_arima;{};12;12;1095.5762708459931;0.0655749613569553;63.63636363636363;6.7188718824040015;0.45511672717810797;13146.300993903935;13039.724072145726;13186.946140160675;13344.76607388767;13280.152570802938;13761.736008472873;13761.977294266988;13924.936576070555;13539.379467977671;13983.268505122836;13074.892825525605;12561.208377272278
