DATA;UF;PRODUCT;MODEL;PARAMS;WINDOW;HORIZON;RMSE;MAPE;POCID;PBE;MASE;P1;P2;P3;P4;P5;P6;P7;P8;P9;P10;P11;P12
mean;PB;gasolinac;knn_rf_deepar_svr_catboost_arima;{};12;12;4038.343364787843;0.06240011374810728;63.63636363636363;6.157120027888709;0.6085595965766324;50208.8964052217;49804.36584377601;49866.6816303045;50198.848960468655;49693.236612824316;52019.47990348758;51492.01639805873;55073.93151081913;52154.09859188447;53939.77808270554;53717.46529750414;52292.67796453412
