DATA;UF;PRODUCT;MODEL;PARAMS;WINDOW;HORIZON;RMSE;MAPE;POCID;PBE;MASE;P1;P2;P3;P4;P5;P6;P7;P8;P9;P10;P11;P12
mean;RS;gasolinac;knn_rf_deepar_svr_catboost_arima;{};12;12;15979.868082271216;0.03959273467623293;81.81818181818181;3.0073739242276307;0.8227087786215338;301691.10861792916;282724.20873640035;278763.4527095444;278244.67130373506;278432.2271342918;289708.9893438655;286321.66619180556;286453.50938874244;289238.0989316764;298065.0378751115;294009.88733227004;286579.5422781425
