DATA;UF;PRODUCT;MODEL;PARAMS;WINDOW;HORIZON;RMSE;MAPE;POCID;PBE;MASE;P1;P2;P3;P4;P5;P6;P7;P8;P9;P10;P11;P12
mean;CE;gasolinac;knn_rf_deepar_svr_catboost_arima;{};12;12;6507.071212518057;0.04769962147481413;81.81818181818181;3.446801314142073;0.7805941136838385;113606.89248372275;108906.81176004029;110202.4842333833;109957.54120769161;110207.64840056318;112151.7962149064;110303.94002861941;113480.04028339173;111681.39206891363;117227.5870657431;113723.88163504117;109111.50356858879
