DATA;UF;PRODUCT;MODEL;PARAMS;WINDOW;HORIZON;RMSE;MAPE;POCID;PBE;MASE;P1;P2;P3;P4;P5;P6;P7;P8;P9;P10;P11;P12
mean;RO;gasolinac;knn_rf_deepar_svr_catboost_arima;{};12;12;1477.034194708484;0.030123563688958317;45.45454545454545;2.6194374544290104;0.5509538541169031;35247.31558720058;34594.86309592371;34829.90883659944;35029.95082552162;36375.59198621688;37017.95544623835;37594.967406774806;36964.89783575848;36695.92536731369;38141.95661034995;35440.28340224477;33949.7238206153
