dataset_index;horizon;regressor;mape;pocid;smape;rmse;msmape;mae;test;predictions;start_test;final_test
75;13;ridge_log;0.31166896162151414;0.0;0.36050473038525166;139.1268775552252;0.3604489714811103;118.30727339456408;[440.0, 440.0, 440.0, 440.0, 440.0, 440.0, 440.0, 440.0, 240.0, 240.0, 240.0, 240.0, 240.0];"[292.13994291 383.13858789 350.69522581 207.7746831  258.89055107
 354.38897784 249.6383367  179.04142817 286.79686561 335.70234234
 267.15826234 315.89962709 288.14519024]";2014-08-17 12:00:00;2014-11-09 12:00:00
75;13;ridge_log;0.2655016847729529;8.333333333333334;0.23755546224485194;200.61537098458143;0.23753926167569622;175.98427515600758;[910.0, 910.0, 910.0, 910.0, 900.0, 900.0, 900.0, 900.0, 600.0, 600.0, 600.0, 600.0, 440.0];"[748.64996388 800.39514998 869.58014732 714.0941137  719.58410783
 874.46103576 795.7159356  650.49375288 794.93828581 873.17952805
 719.01805812 841.73369411 831.90021786]";2014-05-18 12:00:00;2014-08-10 12:00:00
15;13;ridge_log;0.21158232805342764;41.666666666666664;0.25259115961498774;1395.6763651277242;0.25258805830656644;1033.6108299045648;[4231.0, 4311.68, 3848.09, 4149.38, 3633.49, 3553.49, 3743.59, 4626.91, 4235.48, 4288.81, 5601.72, 5737.57, 5232.13];"[4822.29485823 4609.60390791 4492.97294298 4199.52322539 3818.62276656
 3584.26907083 3424.36826679 3378.05263634 3172.3393683  2942.40959305
 2867.61506338 2941.25713747 3103.38391782]";2016-10-16 12:00:00;2017-01-08 12:00:00
75;13;ridge_log;0.07088793495518506;8.333333333333334;0.06676778531942172;89.1800361489276;0.06676444621529318;66.79650393998637;[1060.0, 1060.0, 1060.0, 1060.0, 1050.0, 1050.0, 1050.0, 1050.0, 920.0, 920.0, 920.0, 920.0, 910.0];"[1036.51711733 1060.7495156  1086.59140841 1032.07380721 1036.00892012
 1088.5085356  1052.3830937  1010.14967831 1062.63878473 1074.90410058
 1025.20914765 1066.9794372  1055.14005071]";2014-02-16 12:00:00;2014-05-11 12:00:00
45;13;ridge_log;0.04900200415329557;41.666666666666664;0.04764547958417353;162.88157563105446;0.047644730558913384;151.53936528389448;[3156.835, 3088.77, 3129.65, 3163.045, 3114.31, 3110.356, 3123.937, 3136.711, 3158.378, 3095.771, 3042.689, 3026.794, 3062.599];"[3269.54529385 3272.67600595 3275.06203298 3267.31138688 3250.11356438
 3242.45334018 3229.73742865 3228.78961324 3229.59045838 3239.81678469
 3263.02217833 3288.02985023 3323.70881095]";2018-06-24 12:00:00;2018-09-16 12:00:00
75;13;ridge_log;0.503435590066802;0.0;0.7188554716925902;608.7228613871537;0.7188066754653484;548.2683378235411;[1100.0, 1100.0, 1100.0, 1100.0, 1090.0, 1090.0, 1090.0, 1090.0, 1070.0, 1070.0, 1080.0, 1080.0, 1080.0];"[ 424.0229809   838.18105016 1632.56929135  330.84379418  347.52971769
 1349.24074494  389.56214062  187.12259979  963.15116247  602.77364925
  177.9820865   924.78659394  428.3658691 ]";2013-11-17 12:00:00;2014-02-09 12:00:00
15;13;ridge_log;0.18245359931534352;50.0;0.21726487811913303;1148.224243243893;0.21726183738545218;786.3311694662389;[2994.76, 3283.16, 3090.26, 3112.54, 3210.71, 3236.93, 3358.6, 4225.3, 3197.79, 3166.0, 4293.94, 5148.1, 5365.88];"[3333.99790787 3297.97843471 3294.54120962 3150.38326038 2966.05744033
 2929.73994741 2949.04048295 2894.15362661 2812.94184266 2709.98345908
 2687.91806134 2781.69416085 2845.59658829]";2016-07-17 12:00:00;2016-10-09 12:00:00
30;13;ridge_log;0.42461329590103836;50.0;0.5858508566370454;818.0095416061707;0.5858242458944296;667.1660843083747;[708.0, 829.0, 796.0, 1026.0, 1483.0, 1412.0, 1665.0, 1696.0, 2150.0, 1948.0, 1778.0, 1156.0, 1053.0];"[872.62023353 800.70707521 782.06254591 844.20790982 834.86736799
 811.78846803 773.0563658  741.68322627 696.33452088 582.9428162
 546.1814708  522.77644152 546.85292909]";2016-10-30 12:00:00;2017-01-22 12:00:00
45;13;ridge_log;0.023830088337758334;50.0;0.023744572483159344;86.0168663974041;0.023744212456674053;78.3073817405255;[3210.03, 3214.315, 3258.23, 3224.44, 3193.985, 3248.395, 3406.785, 3380.375, 3337.28, 3332.88, 3376.695, 3366.075, 3265.32];"[3350.35575957 3332.75281825 3313.44138713 3307.75845889 3301.13155259
 3305.85633683 3302.59597816 3299.58005852 3284.79003478 3299.30996206
 3280.61445648 3281.34196689 3269.55710626]";2018-03-25 12:00:00;2018-06-17 12:00:00
60;13;ridge_log;0.03332379461000143;16.666666666666668;0.0344957888995303;522.9122486340102;0.034495625754845764;364.7304782655959;[10128.3, 10802.8, 10802.8, 10971.1, 10971.1, 10436.8, 10436.8, 11025.5, 11025.5, 10135.8, 10135.8, 10934.7, 10934.7];"[10151.24540798 10857.71521645 10740.60105505 10213.81081517
 10253.55145783 10452.76677229 10290.91861169  9979.55065974
 10067.95261014 10196.10757873 10120.83702306 10368.98385846
 10614.43266687]";2016-10-16 12:00:00;2017-01-08 12:00:00
76;13;ridge_log;0.2118826922581807;75.0;0.24095187499091805;1032.7527039359832;0.24094883713375673;960.9047931140517;[3977.66, 4541.82, 5291.64, 4690.9, 4198.24, 4610.46, 4725.98, 4681.88, 3926.7, 3826.87, 4457.07, 4650.71, 4440.09];"[3908.98502972 3930.0082372  3877.79376144 3816.12208803 3548.28270823
 3625.17085782 3594.8226499  3411.4362665  3171.52720092 3059.08124969
 3096.04976025 3210.86683688 3278.11104292]";2016-10-16 12:00:00;2017-01-08 12:00:00
15;13;ridge_log;0.10026059173996851;66.66666666666667;0.09995968683525279;381.92159886041225;0.09995804852851525;307.3473469510654;[2585.36, 2685.13, 2671.13, 2767.95, 2695.89, 3128.71, 3117.23, 3026.74, 2850.35, 2713.69, 3350.7, 4037.27, 3383.76];"[2845.73037509 2937.04610743 3124.42589003 3098.36452418 3076.8829143
 3109.46615202 3172.03860947 3109.60571072 3052.37423552 3017.31807806
 2991.78539232 3078.95079612 3045.03859396]";2016-04-17 12:00:00;2016-07-10 12:00:00
76;13;ridge_log;0.12944344190889207;66.66666666666667;0.13104243868327273;496.8266553002237;0.13104054029523707;454.1975211778668;[3774.13, 3771.77, 3868.28, 3407.8, 3017.5, 3793.38, 3046.93, 3173.32, 2781.47, 2979.25, 3848.15, 4181.09, 3926.51];"[3330.63152812 3328.97219069 3481.69540772 3447.05679367 3426.2111717
 3471.83827906 3666.54737549 3570.71190975 3327.01007045 3175.71225966
 3206.07285796 3314.56087205 3331.95066981]";2016-07-17 12:00:00;2016-10-09 12:00:00
30;13;ridge_log;0.26352086328283975;66.66666666666667;0.212918212359163;221.95552243363463;0.21290456809440303;167.6730177103855;[671.0, 658.0, 667.0, 693.0, 813.0, 718.0, 581.0, 661.0, 602.0, 533.0, 670.0, 701.0, 1144.0];"[ 730.380933    666.07162508  685.27618529  695.17452264  795.86167508
  833.29847455  832.80637314  840.68173274  886.26331429  978.5747639
 1015.59222504 1041.42821863 1031.937463  ]";2016-07-31 12:00:00;2016-10-23 12:00:00
0;13;ridge_log;0.08477442560523103;16.666666666666668;0.07922057801556345;3833.5038808315394;0.07922047310472162;2991.7374111628133;[35397.16, 35808.59, 35808.59, 36246.14, 36246.14, 36403.7, 36403.7, 36150.2, 36150.2, 35790.55, 35790.55, 34066.95, 34066.95];"[35953.78051605 35826.14112907 36463.42266117 36735.24264831
 37613.66143492 38095.92308835 38810.55347386 39438.85064755
 40068.3434072  40909.75174106 41154.19464919 41342.9187714
 40809.22217699]";2016-10-16 12:00:00;2017-01-08 12:00:00
15;13;ridge_log;0.1360191874235801;41.666666666666664;0.12939584807135157;457.3177389748627;0.12939380934813147;411.6758525222722;[3011.03, 3229.74, 3091.05, 2922.71, 2823.72, 2987.46, 2866.76, 2914.25, 2834.33, 2898.88, 3075.55, 3696.88, 2685.07];"[3493.78656321 3513.87603754 3677.29901839 3579.45302809 3418.57886187
 3394.60656528 3399.12940576 3192.3953301  3008.70111694 2864.54396791
 2815.28599217 2956.83765607 3005.43777175]";2016-01-17 12:00:00;2016-04-10 12:00:00
76;13;ridge_log;0.10416175482509517;66.66666666666667;0.10867862089661699;443.11214321705376;0.10867698518996696;363.0705001136281;[2807.2, 3058.46, 3995.89, 3752.45, 3537.42, 3395.15, 3740.47, 3069.05, 2774.62, 2806.55, 3496.59, 3998.55, 3575.84];"[2987.92597078 3132.00448046 3343.06737268 3342.56314849 3419.08420432
 3529.51259998 3622.06803096 3422.31201471 3176.80102216 3035.43110104
 3037.8573594  3027.06991666 2958.54065514]";2016-04-17 12:00:00;2016-07-10 12:00:00
45;13;ridge_log;0.04295810725864505;41.666666666666664;0.04208743935463223;165.61645776345833;0.042086814404514665;141.74633146607223;[3306.04, 3252.785, 3225.63, 3435.895, 3435.855, 3248.385, 3251.89, 3266.445, 3291.79, 3265.93, 3342.63, 3207.015, 3345.415];"[3232.97687971 3249.07589256 3249.88209809 3266.22093542 3293.57987734
 3322.65026143 3372.61902277 3404.15234245 3442.59662388 3494.013559
 3518.4519374  3548.23627522 3546.50877383]";2017-12-24 12:00:00;2018-03-18 12:00:00
16;13;ridge_log;0.022894897205771626;58.333333333333336;0.023301942977208587;351.91957331050867;0.02330184733724848;283.8680362062892;[12027.16, 12027.2, 12027.24, 11985.62, 11985.74, 12432.86, 12432.99, 12418.26, 12418.32, 12418.37, 12418.43, 12418.49, 12323.22];"[12037.94647721 12055.83226075 12056.27952125 12029.87297288
 12004.88060664 11987.19869751 11969.54601989 11946.99594836
 11930.68368371 11934.05489521 11957.07025164 11983.27773861
 12013.68013312]";2016-10-16 12:00:00;2017-01-08 12:00:00
76;13;ridge_log;0.49369436938434796;66.66666666666667;0.6917463031946768;1686.3955921864033;0.6917306222338364;1556.9573495134491;[3311.4, 3141.89, 3853.04, 3714.98, 3396.72, 3027.86, 3309.85, 2623.41, 2383.46, 2650.62, 3263.38, 3272.65, 3026.51];"[3254.14853041 2347.3308757  1858.22749095 1391.2292155  1142.43127673
 1020.63270004 1024.52798018 1065.48569284 1160.32610925 1234.52469681
 1411.15941209 1715.80098094 2109.49949489]";2016-01-17 12:00:00;2016-04-10 12:00:00
60;13;ridge_log;0.044066504511492605;50.0;0.045624589477141334;626.7071047182012;0.04562437287586552;481.3161666578789;[9715.9, 9715.9, 10945.0, 10945.0, 9587.9, 9587.9, 10862.8, 10862.8, 10116.5, 10116.5, 11541.9, 11541.9, 10128.3];"[ 9547.34391219  9504.29478995 10012.04024934 10121.2168213
  9793.5675506   9796.13019927 10221.74995659 10318.69816614
 10177.22020709 10192.4871606  10383.92641429 10386.19243497
 10199.06779378]";2016-07-17 12:00:00;2016-10-09 12:00:00
30;13;ridge_log;0.2224119972015188;41.666666666666664;0.21107615395624058;236.65952834094037;0.2110642659680798;189.89888267425027;[721.0, 660.0, 889.0, 892.0, 1382.0, 906.0, 798.0, 720.0, 753.0, 953.0, 863.0, 765.0, 665.0];"[ 741.30079504  765.92626753  800.82442907  742.73538899  800.79162316
  827.46941862  961.50463938  983.36885133 1030.6070114  1012.25410813
 1018.3202538   988.18180727  968.04260073]";2016-05-01 12:00:00;2016-07-24 12:00:00
45;13;ridge_log;0.10368608918731645;50.0;0.09710475689400214;396.14811177956847;0.09710339588167094;346.6007449821041;[3298.59, 3290.585, 3373.665, 3378.875, 3428.595, 3411.375, 3423.35, 3469.875, 3325.775, 3372.68, 3397.715, 3206.4, 3237.51];"[3391.13284762 3407.34233825 3461.38174536 3542.43145231 3617.74409405
 3712.0304582  3796.05750866 3873.83676225 3917.30773029 3912.86536553
 3896.27595241 3832.81189064 3759.58153919]";2017-09-24 12:00:00;2017-12-17 12:00:00
16;13;ridge_log;0.02839820861156798;33.333333333333336;0.02902431936236547;422.86899341254787;0.02902419651889476;342.8817907539924;[11959.01, 11971.33, 11971.51, 11906.2, 11906.34, 12073.29, 12073.43, 12092.39, 12092.31, 12092.23, 12092.16, 12092.08, 12027.12];"[11989.05108482 11989.22281391 11956.87605784 11865.72479743
 11774.46662656 11676.83736344 11588.21336332 11510.72560249
 11462.24469535 11456.49423504 11494.49778484 11561.43687422
 11662.01321839]";2016-07-17 12:00:00;2016-10-09 12:00:00
0;13;ridge_log;0.0367522210904657;33.333333333333336;0.03543207995607192;1919.3130449961782;0.035432033608878484;1354.6100828566537;[37828.65, 37828.65, 37894.91, 37894.91, 38264.04, 38264.04, 38126.48, 38126.48, 38429.93, 38429.93, 36565.18, 36565.18, 35397.16];"[37355.48668757 37737.38539427 37783.34557594 38172.61520375
 38545.10872975 38986.63499767 39055.99130822 39225.49131834
 39577.48125682 39793.22868541 40025.66089284 39911.04125574
 39704.01508638]";2016-07-17 12:00:00;2016-10-09 12:00:00
77;13;ridge_log;0.22018669103439442;66.66666666666667;0.2517071941417984;1060.852001948241;0.25170395464534356;982.6964471563059;[3923.9, 4525.96, 5268.49, 4149.73, 4106.37, 4300.7, 4930.68, 4726.57, 3929.57, 4190.49, 4428.39, 4249.56, 4221.58];"[3815.52847554 3876.93051519 3813.98882127 3555.3452022  3333.14450027
 3385.38982434 3312.16736465 3233.95089665 3034.17707686 3037.60092806
 3183.88642638 3259.79402101 3335.03213454]";2016-10-16 12:00:00;2017-01-08 12:00:00
16;13;ridge_log;0.04803118908206775;25.0;0.049801575528647196;698.7345761249528;0.04980135947014585;573.9669956921141;[11567.34, 11564.58, 11564.62, 11646.75, 11646.93, 11931.28, 11929.46, 11979.51, 11979.72, 11979.94, 11980.15, 11999.97, 11958.83];"[11578.43123066 11579.64613796 11556.89903545 11483.71563924
 11396.13413519 11281.81449167 11181.39478335 11091.25100888
 11024.8136628  10989.49261816 10994.72406841 11039.42367867
 11122.08330279]";2016-04-17 12:00:00;2016-07-10 12:00:00
30;13;ridge_log;0.5575667867035665;33.333333333333336;0.4161806825744526;492.11143468384296;0.4161606339903137;436.596657991516;[998.0, 998.0, 922.0, 758.0, 844.0, 756.0, 1418.0, 761.0, 782.0, 684.0, 680.0, 654.0, 774.0];"[1380.60358861 1318.9322707  1116.53859017 1073.65058601 1024.6191614
 1054.79925543  958.54221266  991.95484055 1074.82659576 1287.80447229
 1389.83786354 1498.55578963 1615.17575245]";2016-01-31 12:00:00;2016-04-24 12:00:00
60;13;ridge_log;0.06112320138856269;33.333333333333336;0.06348356343926354;692.4789828751105;0.06348324022417097;623.694903288373;[8749.1, 10601.0, 10601.0, 9856.5, 9856.5, 10255.5, 10255.5, 10261.4, 10261.4, 9800.7, 9800.7, 9965.4, 9965.4];"[8777.71963439 9523.6128063  9528.4223287  9480.27927488 9664.64192714
 9634.14460666 9474.5580224  9376.97693226 9440.21452499 9349.19815141
 9180.74476235 9328.43804714 9420.35450742]";2016-04-17 12:00:00;2016-07-10 12:00:00
77;13;ridge_log;0.10729972081493952;33.333333333333336;0.10729443511862974;439.0078865496017;0.10729285865145369;366.4305978131503;[3793.53, 3699.96, 3597.37, 2856.66, 2980.71, 3407.68, 3307.35, 3348.53, 2825.24, 3417.46, 4033.58, 3808.85, 3833.74];"[3359.70588208 3421.80524361 3659.31682928 3584.97449004 3563.92866745
 3476.28509146 3520.98522071 3379.87836611 3120.37677845 3128.90745455
 3200.76508167 3354.72927349 3339.81473655]";2016-07-17 12:00:00;2016-10-09 12:00:00
16;13;ridge_log;0.006478962921716484;50.0;0.006497245137122838;85.7352607254843;0.0064972166691887835;74.14979260379579;[11183.34, 11203.6, 11203.51, 11182.33, 11182.17, 11419.73, 11419.56, 11522.76, 11522.83, 11522.91, 11522.98, 11559.9, 11567.3];"[11191.10397309 11211.53233082 11230.61739978 11252.4620438
 11282.81239254 11333.70128114 11378.97170823 11411.93272088
 11432.6387644  11447.11609559 11455.49498075 11440.66215007
 11407.0831351 ]";2016-01-17 12:00:00;2016-04-10 12:00:00
46;13;ridge_log;0.03551960146193075;58.333333333333336;0.03634701170149647;124.6819075037249;0.036346408863474844;109.61294426531906;[2933.38, 2967.36, 3070.66, 3098.73, 3098.73, 3134.37, 3186.88, 3164.56, 3067.65, 2988.52, 2963.47, 2994.78, 2999.43];"[2928.4942883  2949.64632933 2962.99041187 2977.04061637 2984.13459812
 2991.54831666 2971.86816672 2974.22186618 2951.0303177  2931.72278686
 2903.58499693 2873.69561952 2843.57340999]";2018-09-02 12:00:00;2018-11-25 12:00:00
0;13;ridge_log;0.01226505653984845;25.0;0.012121161070117237;655.6870078394029;0.012121145231572981;463.8550609633698;[38886.21, 38672.63, 38672.63, 38314.78, 38314.78, 38262.33, 38262.33, 38698.13, 38698.13, 38619.7, 38619.7, 37171.81, 37171.81];"[39104.00412698 38918.34431302 38911.37770236 38870.27474564
 38895.91558823 38629.24971399 38488.55016717 38421.75851993
 38463.31981658 38550.47323781 38586.17842203 38631.60063632
 38696.17879517]";2016-04-17 12:00:00;2016-07-10 12:00:00
77;13;ridge_log;0.12424999201638309;91.66666666666667;0.13433956669323066;532.3957886282882;0.13433753425153988;445.92513101685535;[2827.19, 3702.95, 4047.29, 3639.27, 3447.73, 3075.98, 3544.5, 2968.61, 2691.39, 3381.54, 3695.99, 3987.94, 3550.0];"[3095.67244109 3132.12813604 3380.09232163 3295.84877587 3295.50494698
 3193.9117374  3302.33715982 3135.34039783 2848.88048368 2860.23967316
 2853.16867812 2929.89330091 2861.60536426]";2016-04-17 12:00:00;2016-07-10 12:00:00
17;13;ridge_log;1643.9407952714128;50.0;0.9202453988153544;21176682.398121018;0.9202397735873197;6566885.3223295165;[4334.57, 4334.61, 4334.65, 4351.65, 4351.77, 3846.99, 3954.85, 3996.48, 3992.55, 3992.61, 3992.68, 3992.75, 4029.96];"[4.91611589e+03 5.47593211e+03 5.99224170e+03 5.40982953e+03
 3.72172538e+03 1.96645401e+03 1.03816037e+03 9.94473968e+02
 3.63607145e+03 7.84913546e+04 4.95458368e+06 7.60778764e+07
 4.26134134e+06]";2016-10-16 12:00:00;2017-01-08 12:00:00
31;13;ridge_log;0.3608129720447385;58.333333333333336;0.4672328554172296;2717.629139129063;0.4672282360564247;2370.261147704696;[5029.0, 3990.0, 5803.0, 3980.0, 6833.0, 5247.0, 6023.0, 7372.0, 6529.0, 7042.0, 6642.0, 6607.0, 7307.0];"[4125.40237632 4115.58836805 4086.30110346 4071.43791057 3982.07901785
 3816.57255831 3663.94249717 3534.22744749 3441.17630362 3347.81916247
 3288.33442484 3262.4423976  3289.33406934]";2016-11-06 12:00:00;2017-01-29 12:00:00
0;13;ridge_log;0.08367410755031633;25.0;0.0793949827881267;3806.078657168173;0.07939488576332342;3251.240880421787;[38543.04, 38543.04, 37987.61, 37987.61, 38806.29, 38806.29, 38814.11, 38814.11, 39440.61, 39440.61, 38559.34, 38559.34, 38886.21];"[36690.32980183 37590.54628452 37844.21644717 38852.49246204
 40153.19216974 41529.48500936 42472.06675404 43220.35745673
 44252.34122431 44677.76390972 44954.92833221 44187.75480844
 43131.67185241]";2016-01-17 12:00:00;2016-04-10 12:00:00
60;13;ridge_log;0.06202457484884953;50.0;0.06360875538117466;704.853683829157;0.06360841407853458;594.7931079790213;[9106.6, 9106.6, 10704.3, 10704.3, 8257.7, 8257.7, 9603.6, 9603.6, 8790.0, 8790.0, 9758.9, 9758.9, 8749.1];"[8633.83575139 8625.73165708 9199.31391622 9307.53487799 8843.2870746
 8817.10566414 9217.00041261 9265.37104196 9114.36045105 9124.2889123
 9240.56418909 9205.8517446  9026.17189257]";2016-01-17 12:00:00;2016-04-10 12:00:00
77;13;ridge_log;0.5257127956194381;50.0;0.7465351379593993;1702.7218307068083;0.7465173884332679;1607.6820900481166;[3317.36, 3383.73, 3599.91, 3331.08, 2999.05, 2657.95, 3454.64, 2564.28, 2257.96, 3004.71, 3106.72, 3311.35, 3010.1];"[2888.65311855 2101.56226378 1518.91941683 1150.55413867 1015.92367873
  908.09070399  875.96557625  949.25151048 1041.16597565 1202.06595898
 1411.02236807 1776.630981   2259.16713839]";2016-01-17 12:00:00;2016-04-10 12:00:00
46;13;ridge_log;0.052546045944804796;25.0;0.051597904093223165;177.43183566472487;0.05159703330687139;153.00874050965447;[3079.52, 2910.29, 2907.76, 2883.45, 2915.19, 2932.79, 2986.05, 2845.71, 2972.6, 2862.25, 2879.3, 2924.19, 2930.1];"[3107.73223011 3142.65246035 3156.66310406 3149.66780952 3144.03733951
 3127.61549993 3078.20179085 3015.68226486 2949.26520359 2874.77125159
 2801.74502008 2743.93765519 2696.14224529]";2018-06-03 12:00:00;2018-08-26 12:00:00
17;13;ridge_log;7855.984358076868;25.0;0.9777183435836532;114160038.30934955;0.9777121795989797;33867452.55409686;[4518.72, 4522.9, 4523.09, 4542.73, 4542.89, 4291.52, 4291.68, 4310.98, 4310.9, 4310.82, 4310.74, 4310.66, 4334.53];"[5.23722953e+03 5.96465596e+03 6.63678072e+03 5.86077892e+03
 3.73011525e+03 1.75186863e+03 8.36951269e+02 8.35209203e+02
 4.21768626e+03 1.72308511e+05 2.22512965e+07 4.10954649e+08
 6.89992769e+06]";2016-07-17 12:00:00;2016-10-09 12:00:00
17;13;ridge_log;177.73419292510755;58.333333333333336;0.8628537728789909;2347561.0508414474;0.8628496475940769;796583.2550084258;[4741.74, 4743.18, 4743.22, 4794.47, 4794.65, 4412.14, 4412.32, 4496.1, 4496.34, 4496.58, 4496.82, 4477.46, 4518.51];"[5.21504400e+03 5.69828627e+03 6.04104082e+03 5.49224355e+03
 3.98648845e+03 2.41255389e+03 1.52245484e+03 1.66191434e+03
 5.58136457e+03 7.36452896e+04 1.76995989e+06 8.27898063e+06
 2.37945046e+05]";2016-04-17 12:00:00;2016-07-10 12:00:00
78;13;ridge_log;0.4573160241958775;33.333333333333336;0.635159188808212;869.0243087998751;0.6351333958445886;790.2314196280341;[1560.0, 1720.0, 1770.0, 1820.0, 1860.0, 1930.0, 1790.0, 1660.0, 1620.0, 1600.0, 1590.0, 1640.0, 1670.0];"[1475.55853375 1430.12836351 1215.10711548  996.46531803  772.95009944
  625.34031839  544.13693843  536.60581952  581.29035216  689.30723113
  843.32731806 1033.07624456 1213.69789238]";2016-10-16 12:00:00;2017-01-08 12:00:00
17;13;ridge_log;747.9491691128848;50.0;0.9006173672112036;11142771.017751072;0.9006127989261683;3481612.3868506425;[4892.11, 4883.87, 4883.79, 4850.29, 4850.16, 4559.56, 4625.62, 4685.42, 4685.48, 4685.55, 4685.61, 4648.82, 4741.7];"[5.48743229e+03 6.05736648e+03 6.69397161e+03 6.22844222e+03
 4.51602393e+03 2.48113462e+03 1.32841318e+03 1.23139497e+03
 4.10485980e+03 7.56285623e+04 3.72999565e+06 3.99801453e+07
 1.47925167e+06]";2016-01-17 12:00:00;2016-04-10 12:00:00
46;13;ridge_log;0.0812673858658203;50.0;0.07672447648312648;293.8175118158275;0.07672325126817889;240.2841528979419;[3055.29, 3053.77, 3068.05, 3110.63, 2941.35, 3002.65, 3018.65, 2897.22, 2914.97, 2986.08, 2922.69, 2928.24, 3091.04];"[2998.478635   3021.26134359 3072.98965379 3149.17799231 3240.6796045
 3308.81248544 3368.9952828  3396.54580762 3403.21405799 3361.28869205
 3275.83007422 3143.8552628  2987.52494724]";2018-03-04 12:00:00;2018-05-27 12:00:00
31;13;ridge_log;0.10805661010621186;75.0;0.10651780101074745;530.3782940373037;0.10651642148670568;417.1845819654276;[3390.0, 4711.0, 3726.0, 3648.0, 3397.0, 2990.0, 3383.0, 3837.0, 3867.0, 3917.0, 4138.0, 3830.0, 4238.0];"[3261.51572275 3583.09199493 3485.68538911 3173.36812918 3184.78003876
 3496.65971076 3759.2368833  3797.01277939 3869.17533541 4163.96057098
 4598.84275581 4828.10286784 4846.87549556]";2016-08-07 12:00:00;2016-10-30 12:00:00
78;13;ridge_log;0.5375415370243476;41.666666666666664;0.3828486794702774;776.2822666061447;0.3828354807248688;588.9525314820612;[700.0, 630.0, 800.0, 780.0, 1060.0, 1130.0, 1190.0, 1090.0, 1110.0, 1050.0, 1140.0, 1240.0, 1430.0];"[ 651.35398412  685.41162069  823.29170317 1073.1900938  1459.33025761
 1958.49996389 2433.11366031 2581.92697113 2399.24121656 2060.15552583
 1665.09107443 1282.38713446 1023.9023285 ]";2016-07-17 12:00:00;2016-10-09 12:00:00
78;13;ridge_log;1.3438503251088458;41.666666666666664;0.7349174164102048;1507.534198526896;0.7348977525027643;1384.3250238625221;[1960.0, 1790.0, 1550.0, 1450.0, 1290.0, 1070.0, 1040.0, 1120.0, 1090.0, 930.0, 900.0, 930.0, 710.0];"[2099.44907927 2158.47851305 2278.73093717 2455.11355546 2668.11338682
 2864.08759675 2983.5875253  3016.02378717 2953.45752631 2817.90119125
 2656.46283373 2503.66642789 2371.15295005]";2016-04-17 12:00:00;2016-07-10 12:00:00
1;13;ridge_log;0.08379041382142222;50.0;0.07820677804927029;384.69995618652246;0.0782057411923749;295.03533474509516;[3608.061, 3624.368, 3537.64, 3587.344, 3662.088, 3658.634, 3622.148, 3591.48, 3638.559, 3635.781, 3522.328, 3458.631, 3354.758];"[3554.06656678 3572.76367628 3629.42188942 3636.40663606 3729.17984534
 3784.00705539 3860.80813212 3899.16904061 3993.60198585 4078.5691474
 4141.1157041  4136.26314876 4110.70900971]";2016-10-16 12:00:00;2017-01-08 12:00:00
78;13;ridge_log;0.10686947407212781;33.333333333333336;0.11042462912240734;283.02111603441773;0.11042225648147633;257.9951767254412;[2790.0, 2800.0, 2770.0, 2640.0, 2480.0, 2420.0, 2440.0, 2400.0, 2400.0, 2380.0, 2280.0, 2170.0, 2110.0];"[2668.07396236 2666.18745184 2547.60095616 2388.27511862 2225.58202297
 2085.6948429  2012.69642824 2021.47317344 2069.17337641 2170.75205962
 2295.94722772 2425.91504808 2527.58441419]";2016-01-17 12:00:00;2016-04-10 12:00:00
46;13;ridge_log;0.06774754846068079;91.66666666666667;0.06516975343059205;219.69906302996793;0.06516871555853934;204.707180765892;[3309.69, 3202.95, 3204.31, 3175.46, 3086.13, 3057.23, 3021.48, 3109.19, 3000.19, 2928.02, 2885.07, 2951.65, 2982.88];"[3332.30008749 3323.82853315 3338.63997591 3324.57415761 3320.31035029
 3293.11457022 3278.67769896 3258.94844756 3233.47340664 3216.13773765
 3206.05250967 3211.92009398 3237.46578082]";2017-12-03 12:00:00;2018-02-25 12:00:00
18;13;ridge_log;0.2306585483613324;58.333333333333336;0.2802318318919379;1638.8758976210536;0.28022790392348873;1050.2440996707173;[2754.0, 3035.0, 2591.0, 2808.0, 2324.0, 4033.0, 3146.0, 3402.0, 3677.0, 4790.0, 7520.0, 4445.0, 2960.0];"[2565.5050347  2764.285342   2869.63302398 2887.28808364 2864.50621103
 2872.00154782 2869.70762512 2760.78426724 2605.97798411 2596.19368387
 2679.12671056 2691.55240251 2602.11942499]";2016-10-30 12:00:00;2017-01-22 12:00:00
61;13;ridge_log;0.02576385449311067;25.0;0.026311557262054277;267.8192126428518;0.026311376821880332;191.8697626785255;[7208.8, 7061.6, 7061.6, 7018.9, 7018.9, 7157.6, 7157.6, 7144.4, 7144.4, 7536.5, 7536.5, 7620.1, 7620.1];"[7226.44676803 7115.53006518 7067.89855108 7152.0170366  7168.51755041
 7244.34433133 7234.49453122 7206.5053773  7213.53674373 7168.7687838
 7129.49916522 7087.85193442 7088.26415662]";2016-10-16 12:00:00;2017-01-08 12:00:00
31;13;ridge_log;0.22479191021031072;58.333333333333336;0.20297502129945533;1028.0828896113426;0.2029725711658427;856.1725989718882;[3248.0, 3341.0, 5223.0, 3523.0, 3614.0, 4438.0, 3958.0, 4724.0, 3494.0, 3793.0, 6515.0, 3802.0, 2718.0];"[3757.96988123 3743.39355893 3863.3020482  4074.82271336 4204.36248619
 4271.78451813 4391.44714465 4624.67895292 4807.07044407 4841.9016277
 4804.37571487 4771.2900748  4693.12708982]";2016-05-08 12:00:00;2016-07-31 12:00:00
79;13;ridge_log;0.4449810450966926;50.0;0.6013715439554882;821.1864357935148;0.6013476677256504;765.8030868738467;[1720.0, 1760.0, 1810.0, 1840.0, 1950.0, 1820.0, 1670.0, 1620.0, 1600.0, 1580.0, 1640.0, 1660.0, 1760.0];"[1604.54168861 1441.54283815 1263.75683367 1002.95401945  810.75353209
  675.14628878  624.88823724  621.18260745  677.87944061  764.10706994
  881.60190706  996.42224485 1109.78316273]";2016-10-16 12:00:00;2017-01-08 12:00:00
61;13;ridge_log;0.018072837395079616;50.0;0.018337573255583602;163.98322901546112;0.018337443037502184;129.14765621513715;[7087.5, 7087.5, 7149.7, 7149.7, 7314.3, 7314.3, 7030.9, 7030.9, 7018.6, 7018.6, 6989.5, 6989.5, 7208.8];"[7109.8089931  7065.79819825 7108.07075448 7083.3944476  7090.36407969
 7062.91252939 6996.0588714  6990.28685296 6892.94120577 6857.09119439
 6816.02498235 6835.17734169 6847.56900433]";2016-07-17 12:00:00;2016-10-09 12:00:00
18;13;ridge_log;0.3116631791100616;25.0;0.2593018532631927;901.7398621047913;0.25929762293056446;797.4863899603895;[2981.0, 2983.0, 2739.0, 2654.0, 2560.0, 2549.0, 2225.0, 2403.0, 2473.0, 2488.0, 3056.0, 2882.0, 2561.0];"[3727.37670282 3343.04743715 4018.99165959 3731.32069789 3738.85748279
 3456.47817006 3740.64535725 3569.0044018  3158.92857886 2741.14154752
 2935.73049837 3211.73248202 3307.52905011]";2016-07-31 12:00:00;2016-10-23 12:00:00
79;13;ridge_log;0.299306073485607;50.0;0.25226483768549496;411.127806377549;0.25225473121372743;329.8177943545548;[600.0, 810.0, 730.0, 1050.0, 1110.0, 1210.0, 1090.0, 1120.0, 1040.0, 1130.0, 1210.0, 1410.0, 1530.0];"[ 701.21945537  762.52889699  878.47723767 1064.75641665 1309.61838536
 1601.16737932 1767.15679341 1811.59867976 1765.98869895 1641.2653941
 1422.7272426  1266.33532682 1107.48013277]";2016-07-17 12:00:00;2016-10-09 12:00:00
1;13;ridge_log;0.035681033630997665;58.333333333333336;0.03429970550976766;192.97829598871084;0.03429925408674694;130.34856790650915;[3775.792, 3790.002, 3783.341, 3795.79, 3860.057, 3792.951, 3822.116, 3803.418, 3846.305, 3839.941, 3713.159, 3600.154, 3471.659];"[3781.40851935 3798.75982769 3798.59189421 3827.14270515 3871.42508077
 3898.82014368 3895.42787271 3905.11866508 3944.92490643 3980.01037905
 3980.38983356 3962.80658019 3944.38997492]";2016-07-17 12:00:00;2016-10-09 12:00:00
47;13;ridge_log;0.041957978812102024;33.333333333333336;0.040111689168759054;183.45849713086804;0.04011102425803195;121.03486604182045;[2964.555, 2996.025, 3000.705, 2941.08, 2935.96, 2938.24, 2936.72, 2936.66, 2882.2, 2862.63, 2867.64, 2875.68, 2871.67];"[2971.48391656 2956.00620044 2943.07036519 2918.7437282  2901.98603647
 2898.37342016 2914.44027033 2943.88892401 2988.27157516 3050.85067127
 3131.22296285 3222.13655946 3310.52367004]";2018-11-11 12:00:00;2019-02-03 12:00:00
79;13;ridge_log;1.4644544407995694;33.333333333333336;0.7731688656300201;1535.4377946783034;0.7731476402407448;1416.8936134533335;[1830.0, 1570.0, 1470.0, 1320.0, 1080.0, 1020.0, 1120.0, 1110.0, 940.0, 890.0, 960.0, 710.0, 720.0];"[1974.95456291 2032.04087442 2164.53503178 2363.34262064 2598.96265368
 2787.42952556 2922.96437105 2955.82560736 2901.2885193  2795.753676
 2679.41385717 2545.47002529 2437.63564974]";2016-04-17 12:00:00;2016-07-10 12:00:00
79;13;ridge_log;0.09445081066130298;41.666666666666664;0.0955262853075999;260.4114556212891;0.09552417756648666;216.87453721849414;[2810.0, 2790.0, 2670.0, 2490.0, 2410.0, 2450.0, 2400.0, 2400.0, 2390.0, 2300.0, 2170.0, 2130.0, 1980.0];"[2849.09410091 2755.04612159 2590.7906499  2402.46333429 2207.14376271
 2079.01325254 2037.64092208 2038.61266385 2102.52630698 2192.5223719
 2297.84475202 2394.53585509 2473.65366165]";2016-01-17 12:00:00;2016-04-10 12:00:00
31;13;ridge_log;0.39812468988923755;41.666666666666664;0.31390545056358365;1782.2310560010915;0.31390228189014446;1560.554570472825;[5551.0, 4624.0, 3588.0, 4518.0, 4273.0, 4277.0, 3984.0, 4703.0, 4615.0, 3593.0, 3442.0, 3871.0, 3813.0];"[6227.65619853 5932.85911075 5461.61848783 5143.90231396 5327.08365581
 5349.0542631  5300.72644707 5242.96870432 5506.35220667 5917.64997217
 6320.8965562  6556.51768521 6851.92381452]";2016-02-07 12:00:00;2016-05-01 12:00:00
61;13;ridge_log;0.05556010722110971;8.333333333333334;0.053543076478608266;448.05455948796293;0.053542704239161534;385.108055701094;[6955.0, 6951.2, 6951.2, 6974.1, 6974.1, 6907.3, 6907.3, 6855.6, 6855.6, 6943.6, 6943.6, 7195.7, 7195.7];"[7018.16789048 7067.83451786 7092.76057436 7286.28973173 7314.23245997
 7484.85455245 7569.9467645  7577.72349358 7528.6243106  7498.76618537
 7433.03922687 7403.11436744 7341.0506489 ]";2016-04-17 12:00:00;2016-07-10 12:00:00
18;13;ridge_log;0.144537909432292;58.333333333333336;0.16720306983864364;1076.465092772555;0.16720068951501632;610.4626091641005;[2505.0, 2982.0, 3162.0, 3193.0, 3483.0, 3438.0, 3131.0, 3032.0, 2806.0, 3091.0, 3551.0, 6402.0, 3889.0];"[2941.23687921 3144.69188169 2928.44381406 2771.99701002 2937.31069078
 3110.19216919 2959.92999417 2740.02247189 2765.99720586 2978.39077737
 3033.86565698 2863.77988043 2750.98517102]";2016-05-01 12:00:00;2016-07-24 12:00:00
47;13;ridge_log;0.013609099116004136;66.66666666666667;0.013710753253813483;47.875154927084566;0.013710526952498098;41.57141258576645;[2879.95, 2924.8, 2930.775, 2934.03, 2967.655, 3071.115, 3100.12, 3100.12, 3135.65, 3187.97, 3165.09, 3068.335, 2989.71];"[2880.93581865 2864.68251638 2886.59030727 2899.52676281 2950.636966
 2993.62132902 3038.6283673  3073.01731712 3108.93711593 3107.52940761
 3114.68739468 3079.55150959 3038.46851951]";2018-08-12 12:00:00;2018-11-04 12:00:00
80;13;ridge_log;0.029897895933992717;66.66666666666667;0.02954720780865535;851.7564826062213;0.029547147328423024;721.9607505243918;[23057.9, 24044.6, 23942.2, 23970.5, 23519.0, 23811.9, 24756.7, 24982.2, 24388.4, 24379.1, 25518.2, 24728.0, 25659.7];"[24526.83886236 24678.36260688 24701.81628809 24887.23771041
 24841.52937607 24909.11280523 24875.8086157  24846.85439886
 24841.38001518 24569.00149523 24608.84909801 24511.62777894
 24496.06674253]";2016-10-16 12:00:00;2017-01-08 12:00:00
1;13;ridge_log;0.015704496526676357;66.66666666666667;0.015506997052167027;80.9487901081675;0.015506794887241434;59.47717077649045;[3941.332, 3914.547, 3819.979, 3809.814, 3853.141, 3867.728, 3784.738, 3851.652, 3887.974, 3905.9, 3818.04, 3714.949, 3719.412];"[3886.13185823 3867.48953647 3865.90081728 3860.10726457 3874.65533141
 3856.04847492 3850.19890016 3847.08904594 3869.8091413  3883.21855313
 3889.97063374 3891.47713815 3901.61974478]";2016-04-17 12:00:00;2016-07-10 12:00:00
18;13;ridge_log;0.3781794773395245;66.66666666666667;0.2975188034669595;1272.3321555340021;0.2975144696902784;1037.6669942510323;[3392.0, 2909.0, 2538.0, 2715.0, 2632.0, 3364.0, 2574.0, 2430.0, 2939.0, 3269.0, 3166.0, 2626.0, 2579.0];"[4092.73624752 5357.56451961 5218.27113349 4005.382381   3689.86000291
 4065.9648739  3945.13363548 3026.21197967 2657.83085309 3141.21200159
 3802.86920179 3632.07966361 3169.64014094]";2016-01-31 12:00:00;2016-04-24 12:00:00
80;13;ridge_log;0.02051669815978469;58.333333333333336;0.020623882036586192;597.2792261950057;0.020623839895931417;504.7994752856539;[25127.4, 25277.5, 24734.8, 24193.0, 24258.8, 24524.9, 24430.3, 24256.6, 24032.4, 24712.1, 25008.3, 24107.6, 24543.2];"[25567.53032235 25530.61341011 25196.47179933 25136.05641017
 24614.48590041 24408.10136995 24014.74702591 24040.85395421
 23876.9844842  23884.32379868 23798.20252446 23701.31689571
 23782.13461054]";2016-07-17 12:00:00;2016-10-09 12:00:00
61;13;ridge_log;0.040844784928061796;25.0;0.04183638107290155;324.0446008647652;0.04183608461179669;295.46514609882064;[7220.5, 7220.5, 7500.8, 7500.8, 7499.3, 7499.3, 7146.2, 7146.2, 6825.1, 6825.1, 7109.8, 7109.8, 6955.0];"[7347.15309041 7292.18976116 7245.83505903 7176.31442856 7053.76901805
 7013.32269841 6840.29365335 6785.53253894 6661.711737   6649.98637911
 6634.37378916 6684.66885701 6728.88779367]";2016-01-17 12:00:00;2016-04-10 12:00:00
32;13;ridge_log;0.31674688231030235;75.0;0.4015265885570573;942.4860570449196;0.40151590979671753;769.1997227998381;[1635.1, 1470.0, 1831.2, 1860.7, 2952.6, 2076.0, 1926.5, 2127.6, 2526.5, 3130.5, 2901.6, 1965.4, 1930.4];"[1638.14802184 1427.27084027 1523.12782465 1438.40148331 1591.77604031
 1531.9270361  1427.78480566 1358.61681843 1371.98148899 1360.32812394
 1248.31052981 1219.33842566 1203.58820832]";2016-11-06 12:00:00;2017-01-29 12:00:00
47;13;ridge_log;0.03288404322463587;66.66666666666667;0.03239223156925343;103.23240112278732;0.03239168597985784;96.16903239359814;[2923.065, 2928.665, 3091.78, 3079.83, 2911.26, 2908.665, 2884.02, 2915.67, 2933.82, 2986.355, 2846.125, 2972.645, 2862.52];"[3000.46973378 3009.47791159 3002.52738623 2992.68695313 2990.04004051
 3002.52950947 2999.67981949 3008.67514633 3019.36047545 3026.67298754
 3034.389512   3033.7600484  3021.55657592]";2018-05-13 12:00:00;2018-08-05 12:00:00
1;13;ridge_log;0.07878858880427485;58.333333333333336;0.07489328347330756;366.28601299178774;0.07489236465067589;305.51621131596517;[3839.018, 3869.589, 3808.835, 3788.687, 3858.591, 3902.666, 3850.564, 3912.258, 3950.897, 3937.224, 3862.178, 3849.69, 3835.91];"[3665.57135992 3702.517618   3802.49704888 3828.05677496 3973.42930626
 4067.34368164 4196.65143438 4241.31507942 4345.8372038  4428.48902422
 4483.94291887 4441.8639837  4366.59036665]";2016-01-17 12:00:00;2016-04-10 12:00:00
32;13;ridge_log;0.349298698128313;41.666666666666664;0.2730108947338563;608.0921353053042;0.2730029432556019;474.81057694173796;[1560.6, 1413.4, 1445.9, 1357.9, 1521.3, 1240.3, 1311.0, 1188.6, 1320.8, 1690.6, 1271.8, 1435.8, 1465.9];"[1475.98800251 1527.71674371 1467.62781554 1414.54481107 1517.55987754
 1720.96226327 1766.26667863 1827.25136239 1984.73349903 2304.73598788
 2437.08690375 2427.39894795 2347.86036707]";2016-08-07 12:00:00;2016-10-30 12:00:00
19;13;ridge_log;0.12976381042662;75.0;0.11636052774593164;587.4670987463559;0.1163589617069601;436.06586246414827;[3942.0, 4184.0, 3374.0, 4291.0, 2657.0, 4258.0, 4050.0, 3730.0, 3311.0, 3154.0, 4551.0, 4677.0, 3944.0];"[4132.1985377  4298.69406911 4255.09328581 4167.00478362 4019.39655484
 4130.84299883 4052.31540242 3973.58006305 3964.97239274 4008.47163688
 4137.22918641 4062.75461416 4030.96585249]";2016-10-30 12:00:00;2017-01-22 12:00:00
80;13;ridge_log;0.04326937347629726;58.333333333333336;0.04458900308735199;1269.1169138796251;0.04458891020899391;1070.5947013213251;[24004.0, 24052.6, 23746.4, 24197.8, 23919.8, 24959.4, 24615.2, 24595.5, 23964.0, 24279.2, 24273.2, 25290.5, 25800.2];"[24149.07049462 24374.48877575 23943.19545446 23867.18239221
 23274.73311479 23142.02683478 22858.98539464 22923.37394412
 22983.25910877 23102.23671356 23356.55715785 23462.18010566
 23670.28884128]";2016-04-17 12:00:00;2016-07-10 12:00:00
47;13;ridge_log;0.15199408747829335;66.66666666666667;0.13588264744306428;567.4850107814252;0.13588060927555748;453.3634441049343;[2885.715, 2952.365, 2983.82, 3056.06, 3054.6, 3069.17, 3110.88, 2942.125, 3003.275, 3019.115, 2897.525, 2916.15, 2986.485];"[2905.19020412 2939.44826344 3027.22297237 3140.91060176 3281.86617467
 3445.69365542 3617.61372694 3775.95484532 3865.11416944 3887.09265824
 3806.59053417 3645.64715782 3406.83133653]";2018-02-11 12:00:00;2018-05-06 12:00:00
62;13;ridge_log;0.02330253492231562;33.333333333333336;0.024030925427197005;249.56790964699428;0.024030734649823936;151.37988131345404;[6062.1, 6110.6, 6110.6, 6119.9, 6119.9, 6115.9, 6115.9, 6194.7, 6194.7, 6386.4, 6386.4, 6649.3, 6649.3];"[6051.19041098 6116.45959129 6109.66806282 6148.73122948 6135.21787914
 6171.31696811 6177.7521137  6228.37643443 6217.44434538 6075.68388591
 6053.10905233 6104.64077736 6105.56791506]";2016-10-16 12:00:00;2017-01-08 12:00:00
48;13;ridge_log;0.03219166155893745;16.666666666666668;0.03170781866570319;127.8129770781964;0.03170733305295225;103.53770448388394;[3193.28, 3248.07, 3406.28, 3378.86, 3335.78, 3331.52, 3375.54, 3365.51, 3264.59, 3155.58, 3087.64, 3128.35, 3161.7];"[3218.68249158 3235.05570444 3254.04332706 3273.00676325 3278.44519539
 3307.57266423 3301.43350544 3332.2179965  3332.83943652 3338.53268009
 3339.99202925 3330.30953543 3316.98914173]";2018-04-22 12:00:00;2018-07-15 12:00:00
80;13;ridge_log;0.17821894843202996;41.666666666666664;0.20055736388919745;4808.080275649057;0.200556893507208;4277.660644380008;[21933.7, 21756.8, 21919.9, 23215.0, 23638.2, 25084.1, 24505.6, 24603.5, 23865.8, 24007.9, 23744.0, 23576.6, 24096.9];"[22833.51774839 22357.24858109 21328.19232694 20663.66624061
 19774.438736   19310.31433841 18593.26281856 18391.74121739
 18115.75758975 17933.60918112 17956.07242514 17923.59160435
 18157.53147426]";2016-01-17 12:00:00;2016-04-10 12:00:00
48;13;ridge_log;0.033436477248431636;41.666666666666664;0.03272589617996728;123.90852060677653;0.03272540360170089;108.72133542066355;[3435.51, 3247.3, 3250.88, 3265.8, 3291.25, 3264.78, 3342.29, 3206.55, 3345.36, 3209.73, 3213.59, 3257.55, 3223.7];"[3417.88517029 3411.52683611 3421.31996982 3416.72480665 3414.72237006
 3419.74242917 3403.33244387 3393.82804223 3385.16737788 3369.27131045
 3326.84647408 3298.17255982 3253.8779106 ]";2018-01-21 12:00:00;2018-04-15 12:00:00
2;13;ridge_log;0.02840734409666041;91.66666666666667;0.02906332210235091;358.92054559648375;0.029063172208759206;281.80500255917246;[9602.4, 9895.9, 9915.9, 9726.6, 9626.5, 9966.1, 10008.5, 9911.7, 9760.7, 9968.2, 10089.1, 10005.9, 9823.3];"[9728.24097606 9937.78425454 9879.50283277 9646.75662866 9625.51883743
 9807.44957628 9809.35030039 9545.38959795 9367.74479031 9486.6308557
 9569.08957591 9380.05318489 9189.27401705]";2016-10-09 12:00:00;2017-01-01 12:00:00
19;13;ridge_log;0.17634377952807706;66.66666666666667;0.16057167428216776;746.1875838436368;0.1605698648740822;713.9378702648581;[4404.0, 4428.0, 4194.0, 4091.0, 3970.0, 4010.0, 3588.0, 4056.0, 3945.0, 3987.0, 4659.0, 4022.0, 4063.0];"[4923.24171084 5124.21142372 4968.89813715 4573.59366748 4563.89016996
 4776.08290534 4780.67034921 4489.08954687 4515.06270114 4838.6112647
 5193.45369445 5063.56628154 4887.82046105]";2016-07-31 12:00:00;2016-10-23 12:00:00
32;13;ridge_log;0.17166176175666675;66.66666666666667;0.15498091661871014;338.6162396023642;0.15497656828218062;278.18976743654486;[1855.0, 1788.2, 1586.6, 1498.8, 1673.2, 2314.8, 2078.8, 1892.9, 1756.6, 1971.8, 1607.1, 1404.1, 1324.7];"[1674.7899654  1560.38799266 1596.36775281 1685.98678643 1860.83707488
 1949.35875515 1896.82705882 1931.11080153 2037.43643882 2170.48387686
 2083.82331174 2030.89566069 1979.88904496]";2016-05-08 12:00:00;2016-07-31 12:00:00
48;13;ridge_log;0.0589172521886179;66.66666666666667;0.056373997447340354;240.24352736043338;0.056373175429376574;193.31666834263484;[3427.73, 3410.45, 3422.1, 3469.6, 3324.9, 3371.98, 3397.19, 3206.06, 3236.2, 3305.59, 3252.37, 3225.16, 3435.07];"[3357.32636192 3374.06331096 3410.22988733 3462.23466437 3502.98451732
 3526.85208283 3565.45446013 3595.61809015 3625.70749972 3626.67004261
 3608.83222678 3570.30908806 3519.18290544]";2017-10-22 12:00:00;2018-01-14 12:00:00
19;13;ridge_log;0.17426730864196;58.333333333333336;0.19500061930608328;1054.9973132911637;0.1949984698777844;892.328100513328;[4751.0, 4572.0, 4401.0, 4400.0, 5042.0, 4862.0, 4758.0, 4459.0, 4663.0, 5398.0, 6453.0, 5408.0, 4820.0];"[5082.97598658 5135.18465619 4657.84812072 4215.81256941 3833.80438194
 3850.61396434 3751.01808204 3521.6832395  3541.2124122  3726.55899946
 4319.01587418 4452.1817749  4602.84215885]";2016-05-01 12:00:00;2016-07-24 12:00:00
81;13;ridge_log;0.0038194285064785723;75.0;0.003810202151519612;19.17246738759376;0.0038101591220380533;16.869233522539268;[4417.421, 4434.675, 4430.035, 4412.757, 4414.728, 4419.787, 4422.151, 4410.932, 4409.458, 4417.371, 4423.566, 4427.224, 4414.39];"[4422.33576291 4427.96365824 4430.25534121 4428.58888058 4431.43111455
 4435.91692754 4441.77456655 4442.1305734  4442.00295607 4442.02366167
 4442.29486941 4439.36412923 4434.28991091]";2016-10-16 12:00:00;2017-01-08 12:00:00
62;13;ridge_log;0.015284870791913725;50.0;0.015417448692873212;110.69736272789369;0.015417320952165612;93.066476563776;[5988.5, 5988.5, 6293.1, 6293.1, 6054.2, 6054.2, 6155.8, 6155.8, 5819.2, 5819.2, 6126.3, 6126.3, 6062.1];"[6055.47070153 6019.08267371 6219.10353266 6207.23749177 6020.73176127
 5982.21139736 6086.94657026 6096.8475995  5905.12742268 5869.83545137
 5893.64717419 5926.83499971 5911.59152724]";2016-07-17 12:00:00;2016-10-09 12:00:00
32;13;ridge_log;0.36159029712001406;50.0;0.27984978247609116;761.8336739050297;0.2798432346373547;603.6410469932055;[2266.7, 1892.8, 1847.5, 1786.6, 1768.1, 1700.7, 1560.0, 1765.8, 1729.7, 2034.6, 1607.6, 1505.6, 1500.3];"[2862.71929928 2158.18994876 1879.24526727 2004.78384086 2386.45500613
 2217.47984825 1874.29871503 1847.92555971 2309.96834049 2678.03439051
 2631.1345537  2714.95318114 3248.14565978]";2016-02-07 12:00:00;2016-05-01 12:00:00
48;13;ridge_log;0.03894276058141935;83.33333333333333;0.03809451136783419;143.08171608311767;0.03809396877269478;133.82581277226612;[3642.64, 3513.64, 3553.58, 3527.62, 3480.85, 3410.03, 3439.95, 3532.97, 3385.41, 3297.83, 3289.85, 3372.85, 3377.81];"[3722.07979749 3706.34940727 3710.84600875 3664.75077511 3650.72276422
 3622.34447739 3595.63592199 3555.90912397 3500.00104927 3462.27524223
 3444.71832248 3448.41943441 3480.71324147]";2017-07-23 12:00:00;2017-10-15 12:00:00
19;13;ridge_log;0.19685374183471824;41.666666666666664;0.223577391943153;1344.5524280589348;0.22357480420630538;991.2620732299333;[4348.0, 4268.0, 3579.0, 3332.0, 3641.0, 3914.0, 3767.0, 3658.0, 3978.0, 4507.0, 7003.0, 5828.0, 6083.0];"[3478.63120279 4339.69874195 4436.89789309 3985.75999819 3181.93933108
 3655.19525877 3948.51582258 3671.46530795 3122.56319229 3162.96403702
 3874.70784404 4006.38451857 3711.5454272 ]";2016-01-31 12:00:00;2016-04-24 12:00:00
81;13;ridge_log;0.0038887321593181804;58.333333333333336;0.0038788241847783653;19.71790481913639;0.003878780467873431;17.207444137122575;[4431.616, 4439.281, 4434.957, 4426.102, 4427.881, 4438.247, 4437.549, 4418.019, 4418.523, 4423.215, 4426.156, 4424.565, 4418.319];"[4436.04082941 4440.91348454 4442.5202831  4441.73251255 4444.97778528
 4451.10047882 4455.42677099 4454.05392916 4451.32580092 4449.09480097
 4446.15161779 4440.95394026 4433.83454001]";2016-07-17 12:00:00;2016-10-09 12:00:00
33;13;ridge_log;0.37413908458271466;58.333333333333336;0.4806031125647181;833.6810734939094;0.4805865318351297;712.9852936900436;[1528.0, 1485.0, 1676.0, 1434.0, 2556.0, 2017.0, 1752.0, 1575.0, 1478.0, 2618.0, 2045.0, 1480.0, 1464.0];"[1248.3597741  1241.2712127  1181.5411104  1209.57894515 1160.24056261
 1124.5302222  1038.79659481 1008.73986156  972.13175818  932.72488236
  907.74068872  898.76731547  914.76825376]";2016-11-06 12:00:00;2017-01-29 12:00:00
62;13;ridge_log;0.04972986232439701;41.666666666666664;0.04798485415048484;359.8435108609184;0.04798446687302959;297.31361273980474;[5774.4, 6063.1, 6063.1, 5957.6, 5957.6, 5987.0, 5987.0, 5952.8, 5952.8, 5966.3, 5966.3, 6276.7, 6276.7];"[5806.22629766 6172.61962037 6206.258945   6197.89037753 6230.49550494
 6504.54880667 6544.10976131 6530.64762575 6487.02471668 6390.04089037
 6331.94120815 6358.90844665 6285.76476453]";2016-04-17 12:00:00;2016-07-10 12:00:00
49;13;ridge_log;0.03205638923168557;16.666666666666668;0.03158534842995529;126.98740504728251;0.03158486498485282;103.20030399673767;[3194.69, 3248.72, 3407.29, 3381.89, 3338.78, 3334.24, 3377.85, 3366.64, 3266.05, 3158.09, 3089.9, 3130.95, 3164.39];"[3220.95665256 3236.96727972 3256.21976673 3274.72684996 3280.09846045
 3308.76205016 3303.08576569 3333.00579872 3333.92884298 3339.43526851
 3340.57270157 3330.73481725 3317.50164051]";2018-04-22 12:00:00;2018-07-15 12:00:00
2;13;ridge_log;0.012312984840827466;100.0;0.012499591035599342;187.34839898049376;0.012499525664789195;119.5245735479282;[9501.3, 9708.9, 9671.1, 9498.5, 9506.7, 9756.7, 9737.7, 9606.2, 9457.8, 9730.3, 9886.8, 9796.8, 9573.5];"[9527.10212519 9736.14982741 9692.34665533 9499.26485746 9539.38936019
 9759.44309543 9744.40174776 9502.46981619 9398.44599295 9547.40443494
 9600.00658087 9383.90401439 9182.54737331]";2016-07-10 12:00:00;2016-10-02 12:00:00
49;13;ridge_log;0.033500877534555926;41.666666666666664;0.03278845901730068;124.10036780237273;0.032787965709123866;108.9758786112684;[3436.2, 3249.47, 3252.9, 3267.09, 3292.33, 3267.08, 3342.97, 3207.48, 3345.47, 3210.33, 3215.04, 3258.91, 3225.18];"[3419.59014376 3412.73801201 3422.35394076 3418.85630995 3416.54413031
 3420.7388619  3405.104777   3395.74364924 3386.59851582 3371.20186521
 3329.17524249 3299.79474476 3255.47651625]";2018-01-21 12:00:00;2018-04-15 12:00:00
81;13;ridge_log;0.0035555421551299433;58.333333333333336;0.003546525942017138;18.840212114307917;0.003546486025614343;15.755066448928119;[4447.993, 4451.709, 4444.723, 4437.061, 4438.168, 4447.026, 4431.286, 4421.884, 4423.008, 4431.684, 4438.233, 4436.086, 4429.767];"[4446.6323779  4451.50026114 4450.18126494 4450.45697355 4450.74458007
 4455.39372015 4456.82485735 4456.46871589 4454.76643183 4454.56815502
 4453.65470315 4451.39250757 4447.72059336]";2016-04-17 12:00:00;2016-07-10 12:00:00
33;13;ridge_log;0.09598960053111136;41.666666666666664;0.08927734010295564;128.28971890326966;0.08927333042622852;99.80306804481091;[1021.0, 1029.0, 1022.0, 1038.0, 1112.0, 988.0, 978.0, 1056.0, 964.0, 1361.0, 1026.0, 1236.0, 1314.0];"[1046.78142845 1064.54714143 1064.61351573 1080.48389152 1106.80262737
 1150.46651573 1156.15989542 1176.49123765 1203.54202698 1254.88812764
 1277.3976626  1275.09027556 1265.44295147]";2016-08-07 12:00:00;2016-10-30 12:00:00
20;13;ridge_log;0.2618989106136061;58.333333333333336;0.3174953590885067;957.1603751309332;0.31748874486235873;771.2052357140009;[2203.0, 2234.0, 1786.0, 2582.0, 2838.0, 2949.0, 2483.0, 2184.0, 3809.0, 3395.0, 3194.0, 2744.0, 2054.0];"[1808.28290073 1906.14285825 1906.15898617 2102.00146169 2073.34947622
 2038.35245296 2011.25672356 1927.45396805 1805.75100038 1728.15341138
 1809.68810935 1792.18975766 1760.86880166]";2016-10-30 12:00:00;2017-01-22 12:00:00
49;13;ridge_log;0.05872598123607131;66.66666666666667;0.056193839730783963;239.75638141133714;0.05619302057916764;192.7551481101703;[3429.46, 3412.3, 3424.6, 3470.15, 3326.65, 3373.38, 3398.24, 3206.74, 3238.82, 3306.49, 3253.2, 3226.1, 3436.72];"[3359.61121228 3376.70041725 3412.52056121 3463.88754602 3504.31055661
 3527.76867525 3565.55608056 3595.81916969 3626.20263855 3627.4380245
 3609.48833911 3571.26028223 3520.52289567]";2017-10-22 12:00:00;2018-01-14 12:00:00
62;13;ridge_log;0.036314206566775004;33.333333333333336;0.03743802843296414;295.30167756375994;0.037437721836041604;228.84601663306043;[6195.0, 6195.0, 6665.1, 6665.1, 6131.1, 6131.1, 6177.0, 6177.0, 5646.9, 5646.9, 6189.6, 6189.6, 5774.4];"[6226.37701187 6171.86765496 6250.90124377 6219.24674712 5952.72652183
 5882.73499669 5863.61520194 5857.37405783 5666.03473399 5646.74661319
 5675.68711435 5738.88069795 5757.63267999]";2016-01-17 12:00:00;2016-04-10 12:00:00
81;13;ridge_log;0.0018971375445653788;66.66666666666667;0.0018943952790262829;10.414716442036482;0.001894373998194824;8.43175245209554;[4450.93, 4456.214, 4451.298, 4444.886, 4446.48, 4459.074, 4447.682, 4439.208, 4441.358, 4446.24, 4450.735, 4444.587, 4443.595];"[4452.65412368 4456.19675732 4455.89227564 4452.45070643 4454.23652002
 4458.8604025  4462.36227407 4460.4598919  4458.06330629 4456.96151771
 4456.82128808 4454.94849185 4451.53054604]";2016-01-17 12:00:00;2016-04-10 12:00:00
2;13;ridge_log;0.017701851544998544;91.66666666666667;0.017980725332575002;227.10169071237297;0.017980629246347517;168.26527479676295;[9509.5, 9696.4, 9634.9, 9363.2, 9320.8, 9564.6, 9562.9, 9421.9, 9321.0, 9611.8, 9675.5, 9535.9, 9355.5];"[9536.62661633 9667.78036847 9597.45084751 9411.64704487 9416.87102335
 9564.94656237 9494.20005486 9242.23390501 9149.52636551 9272.51074686
 9283.60647526 9103.94252867 8989.09138242]";2016-04-10 12:00:00;2016-07-03 12:00:00
82;13;ridge_log;0.029836094456089684;50.0;0.0305174648964738;219.12246883985438;0.030517204958298058;179.14987380960352;[6001.5, 5974.5, 5931.6, 6028.6, 6053.0, 6064.0, 6017.2, 5972.1, 5997.6, 5991.1, 5939.8, 5939.5, 5940.6];"[5982.79463787 5964.84490309 5928.1569138  5873.07213719 5807.39622977
 5746.01761598 5695.09908395 5664.65416392 5670.79145942 5700.48482154
 5754.37265072 5824.30479394 5910.16222928]";2016-10-16 12:00:00;2017-01-08 12:00:00
82;13;ridge_log;0.17392070625170414;8.333333333333334;0.19146728960484027;1057.7810169236657;0.19146550740402518;1028.5044668234257;[5563.1, 5695.1, 5790.2, 5825.1, 5849.1, 5919.1, 5951.8, 5987.8, 6006.2, 6014.0, 5949.9, 5979.0, 5973.7];"[5048.85200638 5036.7065688  5004.54044902 4965.05728931 4924.14919048
 4868.3352325  4808.58638566 4751.89765073 4717.20577176 4706.39855391
 4720.62885005 4759.11268309 4822.0712996 ]";2016-07-17 12:00:00;2016-10-09 12:00:00
49;13;ridge_log;0.03953749162757451;83.33333333333333;0.038669870384520515;144.72763303643177;0.03866931985423147;135.9091075379411;[3643.68, 3513.8, 3553.49, 3528.71, 3483.68, 3413.53, 3441.92, 3533.9, 3386.73, 3299.35, 3291.32, 3374.48, 3379.94];"[3723.62149322 3707.86712903 3711.31152786 3666.52941057 3652.568592
 3625.72475826 3599.80618283 3561.30979608 3505.60979932 3467.79624459
 3450.13494335 3453.78428567 3485.28423521]";2017-07-23 12:00:00;2017-10-15 12:00:00
33;13;ridge_log;0.1370994933393794;41.666666666666664;0.12549360165896767;177.82056459186265;0.12548846571797495;154.10946467947093;[1213.0, 1108.0, 1219.0, 1286.0, 1203.0, 1203.0, 1077.0, 1043.0, 1166.0, 1229.0, 1151.0, 1116.0, 952.0];"[1373.33453858 1416.77043951 1397.96878751 1385.49461623 1405.34766183
 1407.29457926 1338.96920336 1265.03886149 1233.09332229 1228.00839799
 1203.59502798 1166.45746154 1146.06693924]";2016-05-08 12:00:00;2016-07-31 12:00:00
20;13;ridge_log;0.3095134047372484;41.666666666666664;0.2568616731055045;599.1897401462309;0.25685551606444645;538.5147271745554;[1786.0, 1960.0, 1930.0, 2239.0, 1955.0, 1740.0, 1606.0, 1832.0, 1624.0, 1377.0, 2345.0, 1875.0, 1991.0];"[1980.05835646 2257.8216263  2339.12247941 2517.72545434 2562.28711444
 2572.54435825 2580.26389955 2335.5668363  2262.64777864 2395.48454884
 2639.62137907 2503.31990754 2314.22771414]";2016-07-31 12:00:00;2016-10-23 12:00:00
82;13;ridge_log;0.03171129866650618;58.333333333333336;0.032342164326028246;176.47241302930922;0.032341832207627735;157.49225332589432;[4793.7, 4788.4, 4849.6, 4895.8, 4892.0, 4895.3, 4871.2, 4954.4, 4995.3, 5043.0, 5029.8, 5033.0, 5040.7];"[4834.36207705 4824.58735884 4803.2015108  4782.31317868 4757.84831985
 4735.08622584 4720.20043538 4709.56541388 4729.07098549 4766.20006746
 4806.30891882 4842.52142377 4877.23366267]";2016-04-17 12:00:00;2016-07-10 12:00:00
82;13;ridge_log;0.04481520965533245;16.666666666666668;0.04608599518666272;240.6960576624906;0.04608550510914722;216.6945058199494;[4654.7, 4729.2, 4737.5, 4787.0, 4810.3, 4845.9, 4846.8, 4866.4, 4878.7, 4903.2, 4810.3, 4789.0, 4816.7];"[4661.72606014 4659.58178297 4647.64520239 4634.88973533 4624.80411884
 4606.63416889 4587.58374561 4566.47898056 4545.89603    4530.44159561
 4525.60048641 4532.12136011 4549.32027777]";2016-01-17 12:00:00;2016-04-10 12:00:00
63;13;ridge_log;0.02910256660141517;91.66666666666667;0.029723556311546464;511.8759514720782;0.029723449415352862;414.4039408075756;[14834.0, 12734.0, 12772.0, 13825.0, 15080.0, 12824.0, 12879.0, 13769.0, 14767.0, 13645.0, 12832.0, 13629.0, 15073.0];"[13939.48856284 12597.02501378 12927.41824477 13707.11838973
 14263.37557389 12703.41835035 12537.38844197 13176.6381505
 14302.69589111 13447.4668074  12699.20561408 13170.23744316
 14115.10877546]";2016-10-09 12:00:00;2017-01-01 12:00:00
50;13;ridge_log;0.02506080007740418;25.0;0.02467618290965514;200.0987441251536;0.0246759953609848;162.33802789643295;[6549.4, 6749.6, 6672.9, 6664.1, 6601.3, 6601.8, 6483.1, 6488.7, 6431.8, 6468.2, 6418.9, 6383.5, 6403.6];"[6547.63231871 6548.38517948 6582.58573128 6615.48339883 6647.73993338
 6634.51843258 6636.8814415  6622.97925706 6632.37569711 6651.6082633
 6697.12382606 6742.59148187 6783.56265809]";2018-08-26 12:00:00;2018-11-18 12:00:00
2;13;ridge_log;0.03012306866784381;83.33333333333333;0.030747797160747034;334.9214613504543;0.03074763086153148;284.2943303094299;[9146.0, 9529.4, 9466.1, 9284.9, 9256.1, 9459.5, 9471.2, 9385.7, 9281.7, 9586.3, 9612.3, 9480.1, 9349.9];"[9283.47051153 9436.3300336  9380.36965069 9144.93676326 9152.99940364
 9326.21038995 9259.94479336 9014.17198309 8926.18579723 9069.39834409
 9111.15500543 8955.25524637 8827.88680678]";2016-01-10 12:00:00;2016-04-03 12:00:00
83;13;ridge_log;0.02508098106388646;50.0;0.025513650966691195;176.1608137921259;0.025513434413929118;150.30472379521305;[6016.7, 5923.8, 5945.0, 6050.1, 6069.5, 6022.3, 5944.7, 5985.6, 5996.0, 5978.0, 5937.4, 5937.5, 5944.0];"[5989.41069387 5980.1397473  5947.16596002 5892.24688087 5844.22618811
 5781.46021359 5743.03336653 5722.93878331 5726.68084812 5751.26460005
 5790.78276632 5843.20636989 5901.09358732]";2016-10-16 12:00:00;2017-01-08 12:00:00
33;13;ridge_log;0.4465905536571976;58.333333333333336;0.35433573364835247;603.4457756390834;0.35432441901000733;560.0215749418081;[1569.0, 1431.0, 1227.0, 1297.0, 1323.0, 1179.0, 1090.0, 1045.0, 1159.0, 1451.0, 1476.0, 1313.0, 1263.0];"[1791.93104779 1781.96321864 1605.04127166 1551.06643655 1634.68583251
 1778.33116098 1727.5075285  1750.55055996 1884.9320332  2071.20083165
 2147.71789877 2159.68846287 2218.66419114]";2016-02-07 12:00:00;2016-05-01 12:00:00
83;13;ridge_log;0.17171509312064423;25.0;0.188737143013075;1044.6818056014906;0.18873539293757935;1017.7276650770516;[5637.1, 5710.0, 5808.9, 5840.6, 5878.3, 5939.6, 5971.4, 5998.6, 6019.2, 5979.9, 6010.4, 5964.3, 5970.2];"[5077.69407233 5053.63537808 5042.53928549 5009.62638304 4965.13916865
 4900.61598102 4842.60064434 4791.28357909 4755.67469819 4742.39655972
 4744.36414869 4765.89797789 4806.57247746]";2016-07-17 12:00:00;2016-10-09 12:00:00
50;13;ridge_log;0.017535753242863623;41.666666666666664;0.017683882316700532;134.66763374592983;0.0176837489995772;117.28722874968334;[6590.8, 6669.7, 6708.8, 6667.4, 6516.5, 6507.2, 6563.6, 6682.9, 6743.8, 6775.6, 6754.8, 6747.6, 6560.7];"[6573.67991321 6569.20145831 6579.13328401 6563.01725457 6595.93168013
 6547.55350747 6542.60434071 6511.88096707 6525.25758371 6543.15972784
 6596.38698209 6648.38713849 6713.35743617]";2018-05-27 12:00:00;2018-08-19 12:00:00
83;13;ridge_log;0.03334573415527267;58.333333333333336;0.034032745602057365;183.74259181681248;0.034032396698637814;165.99378015772163;[4794.7, 4851.2, 4901.8, 4886.2, 4907.2, 4861.2, 4953.9, 4955.6, 5023.3, 5029.9, 5033.7, 5024.0, 5058.7];"[4834.005601   4828.77480814 4816.19364519 4781.62614977 4757.54748483
 4727.50672094 4720.2128664  4732.10380293 4758.99887148 4785.63868204
 4804.97088572 4821.03130537 4833.48123614]";2016-04-17 12:00:00;2016-07-10 12:00:00
20;13;ridge_log;0.14021264285115256;58.333333333333336;0.14095662705180298;459.795599391255;0.14095365016377756;339.37259822939063;[2127.0, 2591.0, 2482.0, 2927.0, 2576.0, 2024.0, 2527.0, 1841.0, 1848.0, 2032.0, 3506.0, 2207.0, 1971.0];"[2457.55787959 2609.48556093 2440.05304682 2384.46534495 2352.82128457
 2265.35512844 2272.85273198 2286.56070264 2389.34990686 2294.02644179
 2258.72648462 2173.67440488 2201.10145455]";2016-05-01 12:00:00;2016-07-24 12:00:00
50;13;ridge_log;0.03939830863180793;66.66666666666667;0.0380316863768703;357.3446464599339;0.038031409826056406;261.6485871219614;[6640.6, 6509.2, 6500.9, 6649.4, 6573.6, 6452.2, 6560.5, 6659.4, 6731.7, 6802.8, 6619.3, 6749.3, 6573.2];"[6593.48739965 6554.95322424 6551.56228889 6557.69403636 6583.5533429
 6652.37136689 6751.22572439 6862.08427079 6980.28665306 7109.47586646
 7237.36069184 7334.09184282 7377.74779633]";2018-02-25 12:00:00;2018-05-20 12:00:00
3;13;ridge_log;0.20721347619244973;58.333333333333336;0.25845462399215136;1027.8515879745091;0.2584499063318002;710.113500633244;[2336.56, 2373.14, 2457.51, 2586.0, 2237.7, 2877.94, 2497.74, 3525.34, 3053.33, 3151.07, 3425.79, 3505.61, 4098.69];"[2332.40407886 2423.50729632 2469.74069855 2591.98662826 2512.79656676
 2562.93359736 2413.20318603 2350.64622968 2291.63880925 2098.3338928
 1953.4825746  1827.80874548 1753.8245676 ]";2016-10-16 12:00:00;2017-01-08 12:00:00
83;13;ridge_log;0.041409508726365986;25.0;0.04245463683441518;217.91532944482248;0.042454185384470246;199.62698866171147;[4662.0, 4740.0, 4733.9, 4786.0, 4826.8, 4837.3, 4853.5, 4869.8, 4885.7, 4776.7, 4788.9, 4783.5, 4822.8];"[4655.18155685 4648.96977169 4643.43851119 4638.17463656 4629.6948805
 4615.36917246 4597.65564216 4579.38472666 4558.43165033 4545.721096
 4543.58351533 4550.66981809 4565.47416958]";2016-01-17 12:00:00;2016-04-10 12:00:00
34;13;ridge_log;0.34374077065891423;75.0;0.4339790384664359;735.4062504725091;0.4339634425726823;618.1062310000027;[1240.0, 938.0, 1641.0, 1225.0, 2143.0, 2298.0, 1561.0, 1253.0, 1257.0, 2191.0, 2137.0, 1662.0, 1565.0];"[1154.66981119 1113.41200717 1103.99934949 1072.64011809 1133.73893728
 1136.51474128 1053.62599751  997.45269027  904.61681619 1004.29942597
  918.26481334  936.88377647  896.32452708]";2016-11-06 12:00:00;2017-01-29 12:00:00
50;13;ridge_log;0.03654839152836557;58.333333333333336;0.03559268802279944;301.7731763711892;0.03559243292633971;248.37949309420367;[6603.4, 6634.0, 6674.3, 6893.4, 6969.6, 6873.4, 6902.7, 6913.6, 6781.8, 6883.4, 6898.3, 6698.8, 6614.9];"[6678.34305632 6676.35999661 6764.02433387 6849.29057883 6983.29196602
 7075.78930095 7190.90573459 7256.31957018 7301.1960269  7284.89293065
 7243.59399756 7151.43977348 7026.86730194]";2017-11-26 12:00:00;2018-02-18 12:00:00
63;13;ridge_log;0.02446768131579114;100.0;0.024745360942290476;397.44834688829917;0.024745268702149045;332.7541057657664;[13860.0, 12179.0, 12515.0, 13408.0, 14143.0, 12620.0, 12853.0, 13685.0, 14878.0, 13394.0, 12501.0, 12952.0, 14113.0];"[13446.67178616 12258.8315795  12949.26562026 13736.49183968
 13979.33381746 12484.3377865  12725.22581154 13381.64835527
 14049.38803444 12800.92832311 12229.84422226 12858.27199752
 13560.13553023]";2016-07-10 12:00:00;2016-10-02 12:00:00
51;13;ridge_log;0.05514261005852679;58.333333333333336;0.053272566925798556;428.4078645333148;0.05327219373749265;380.25438417647;[6980.8, 7049.9, 6985.1, 7060.9, 7021.9, 7015.0, 6921.2, 6940.5, 6942.0, 6894.3, 6783.9, 6801.8, 6773.4];"[7056.46152092 7084.97492    7169.04620941 7239.61888201 7311.1412287
 7370.66303824 7416.88272983 7451.58437943 7469.62487734 7449.8518029
 7419.20447284 7371.30009188 7303.65284079]";2018-09-02 12:00:00;2018-11-25 12:00:00
84;13;ridge_log;0.022769543817303943;41.666666666666664;0.023108061202271466;454.95084322176075;0.02310799458876604;400.82573559822805;[17289.0, 17312.0, 17335.0, 17364.0, 17429.0, 17501.0, 17567.0, 17632.0, 17683.0, 17718.0, 17753.0, 17791.0, 17808.0];"[17201.14548928 17171.38446371 17147.46021723 17112.21596626
 17056.48883819 16997.66594736 16959.87504285 16950.45256198
 16983.09005355 17070.97321112 17222.0127444  17431.76903802
 17666.73186327]";2016-10-16 12:00:00;2017-01-08 12:00:00
34;13;ridge_log;0.30669552940956685;50.0;0.2586538620896318;328.4826827045836;0.2586426141602442;299.28377709061044;[1127.0, 1048.0, 979.0, 1013.0, 978.0, 1156.0, 934.0, 833.0, 835.0, 1361.0, 917.0, 1156.0, 1052.0];"[1307.91560269 1339.95142304 1386.69000073 1416.7382762  1461.03489392
 1470.57656268 1399.39297839 1240.87139944 1164.54486962 1217.50871705
 1233.13601718 1214.03017972 1140.31561562]";2016-08-07 12:00:00;2016-10-30 12:00:00
20;13;ridge_log;0.5160313391115167;50.0;0.38689478020277207;1295.1685788028672;0.38688810137715335;1133.2298466771972;[2995.0, 2367.0, 2254.0, 1966.0, 2221.0, 2100.0, 2342.0, 2055.0, 3211.0, 1962.0, 2559.0, 2055.0, 2375.0];"[2875.14598478 3144.84239613 3016.94282042 3110.16072077 3248.79137342
 3111.06968026 2981.86379339 3114.09906915 3573.44011431 4153.81453785
 4458.7553351  4210.56521813 3954.78893265]";2016-01-31 12:00:00;2016-04-24 12:00:00
51;13;ridge_log;0.015385291557936666;50.0;0.015163409291364761;152.68278521043402;0.01516330470744439;109.92994408955711;[7391.3, 7443.9, 7408.9, 7293.2, 7098.6, 7226.2, 7146.0, 7176.7, 7186.5, 7153.3, 7178.3, 7167.6, 7053.8];"[7401.21316314 7400.50451435 7370.38124336 7341.90426156 7329.7652016
 7267.81372982 7247.96066488 7211.80610945 7236.11502592 7250.08094975
 7302.41864128 7376.21012932 7453.38715415]";2018-06-03 12:00:00;2018-08-26 12:00:00
84;13;ridge_log;0.10145810562896593;16.666666666666668;0.11003665218033204;2177.3844619717133;0.11003630734029696;1756.5455945071355;[17274.0, 16894.0, 16922.0, 17030.0, 17122.0, 17213.0, 17304.0, 17398.0, 17413.0, 17369.0, 17323.0, 17277.0, 17261.0];"[17282.46906938 17277.96964017 17109.19797777 16773.85445167
 16277.10220145 15660.90963622 15005.79809554 14413.39568376
 13989.27790706 13829.27976541 14021.7238136  14657.21536571
 15825.98703832]";2016-07-17 12:00:00;2016-10-09 12:00:00
34;13;ridge_log;0.2597972141644363;50.0;0.2326217135472412;341.15740192563567;0.23261307371973697;317.3278636971899;[1395.0, 1193.0, 1387.0, 1440.0, 1293.0, 1357.0, 1183.0, 910.0, 1019.0, 1422.0, 1458.0, 1410.0, 1251.0];"[1594.37435268 1673.92032182 1669.48994148 1720.01470396 1813.37629741
 1679.17873699 1567.13012952 1415.72657755 1331.95531715 1360.47580598
 1181.36155231 1120.67527353 1041.39151868]";2016-05-08 12:00:00;2016-07-31 12:00:00
63;13;ridge_log;0.05718445526029071;100.0;0.05915649389852035;845.3695671967791;0.05915625758743118;742.7116271050963;[13529.0, 12050.0, 12602.0, 13675.0, 14122.0, 12225.0, 12418.0, 13191.0, 13943.0, 12357.0, 12131.0, 13013.0, 13983.0];"[13815.53639246 12469.73040754 13035.51125027 13608.6417971
 13645.62564169 11606.82632836 11783.95018403 12216.20426312
 12988.15141799 11525.85527062 10992.74322212 11601.52067381
 12573.00809907]";2016-04-10 12:00:00;2016-07-03 12:00:00
51;13;ridge_log;0.04204750603348499;41.666666666666664;0.04085730078150262;368.5178326164582;0.04085703300582075;311.8775637634699;[7347.4, 7240.5, 7160.4, 7361.2, 7318.6, 7187.5, 7437.4, 7509.5, 7502.2, 7617.1, 7447.5, 7598.0, 7374.8];"[7358.54315122 7385.71501477 7392.82845721 7424.41494083 7496.3874085
 7572.78399327 7675.58660632 7788.84803607 7883.89247812 7948.6196742
 8033.77362297 8097.1730928  8097.94185265]";2018-03-04 12:00:00;2018-05-27 12:00:00
84;13;ridge_log;0.028408650902447867;41.666666666666664;0.029449759569264544;771.5640355388939;0.029449669104434577;479.3751073577328;[15960.0, 15960.0, 15979.0, 16018.0, 16137.0, 16253.0, 16368.0, 16494.0, 16621.0, 16757.0, 16892.0, 17028.0, 17167.0];"[15979.9669329  16039.16965683 16114.83427559 16201.4943842
 16302.47807433 16396.24849834 16445.48320076 16436.52973451
 16342.06593667 16152.99637438 15877.63785576 15539.3746587
 15183.19406728]";2016-04-17 12:00:00;2016-07-10 12:00:00
3;13;ridge_log;0.12685196081768396;58.333333333333336;0.11671922668524747;353.3161143820728;0.11671680373964725;282.80591253303373;[2682.96, 2316.89, 2191.83, 2315.35, 2195.23, 2170.14, 2156.88, 2177.15, 1932.91, 2056.49, 1984.55, 2004.56, 2385.81];"[2854.79793099 2902.05161721 2827.55691036 2773.86224931 2734.90896341
 2515.44637713 2397.43870387 2257.94834809 2205.69405614 2056.1740102
 2031.48501455 2011.97753521 2094.36683315]";2016-07-17 12:00:00;2016-10-09 12:00:00
84;13;ridge_log;0.04580089588055668;8.333333333333334;0.044416462475436326;848.27788975253;0.04441632689044462;727.5346712014251;[16298.0, 16240.0, 16188.0, 16129.0, 16037.0, 15936.0, 15848.0, 15760.0, 15781.0, 15825.0, 15868.0, 15912.0, 15937.0];"[16361.00793415 16389.33280936 16452.37861419 16548.91806772
 16678.52903727 16825.84419383 16965.60187651 17070.29993944
 17107.53637914 17052.58216921 16890.41882964 16618.21526713
 16256.28560802]";2016-01-17 12:00:00;2016-04-10 12:00:00
21;13;ridge_log;0.12859842473261307;75.0;0.1344418160171099;635.4045698837962;0.1344399341146603;485.16085427684027;[3780.0, 4430.0, 3380.0, 4100.0, 2710.0, 3980.0, 3720.0, 3300.0, 3460.0, 2760.0, 4730.0, 3930.0, 3180.0];"[3557.64023356 3579.50761388 3585.49684571 3683.73220536 3532.85088413
 3561.08713795 3409.16822877 3372.77366998 3293.25021581 3162.10843988
 3162.35778274 3119.29485087 3140.10046516]";2016-10-30 12:00:00;2017-01-22 12:00:00
34;13;ridge_log;0.44404128286374916;50.0;0.3446491572190506;627.2154804886446;0.3446383691069696;562.2653729551993;[2312.0, 1793.0, 1363.0, 1467.0, 1260.0, 1166.0, 1080.0, 949.0, 1214.0, 1565.0, 1152.0, 1436.0, 1368.0];"[2622.98809252 2419.40454185 2306.82925058 1739.71223572 2055.64804233
 2206.0668109  1841.16321543 1620.73001953 1436.61961347 1736.30007579
 1895.18773493 1777.79672507 1776.00349029]";2016-02-07 12:00:00;2016-05-01 12:00:00
63;13;ridge_log;0.04220738678912418;91.66666666666667;0.04296130789942809;642.9653148366444;0.042961135848159165;539.0516807887312;[14112.0, 11413.0, 11603.0, 12473.0, 13035.0, 11374.0, 11827.0, 12406.0, 13491.0, 11601.0, 11585.0, 12734.0, 14274.0];"[13208.59913248 11637.35292087 12341.82141295 13012.31834531
 12897.86632486 11099.41776728 11546.77603941 12212.78742395
 12876.15469782 11346.25383176 10960.02771687 11904.66923538
 12881.26865906]";2016-01-10 12:00:00;2016-04-03 12:00:00
51;13;ridge_log;0.01965489157755422;58.333333333333336;0.019371082886071887;182.82523657113458;0.019370957579460817;149.76641034462025;[7461.5, 7525.0, 7607.8, 7789.2, 7805.6, 7688.4, 7687.6, 7710.0, 7682.1, 7715.1, 7749.2, 7605.4, 7345.8];"[7511.47988594 7553.30282116 7649.12134068 7755.40634237 7849.69575494
 7902.74507964 7934.97715799 7952.93159105 7958.98241124 7898.18326044
 7830.87222479 7765.25555427 7689.12259472]";2017-12-03 12:00:00;2018-02-25 12:00:00
85;13;ridge_log;0.02408889948382216;33.333333333333336;0.024482094873478983;491.44054672435163;0.024482024397819067;425.2459687002425;[17297.0, 17320.0, 17344.0, 17385.0, 17454.0, 17522.0, 17601.0, 17661.0, 17696.0, 17731.0, 17766.0, 17801.0, 17791.0];"[17236.4894137  17237.17102693 17225.94533867 17200.23809943
 17134.40626387 17066.82075701 17004.22877976 16961.93818902
 16957.2875671  16999.39063624 17102.75559552 17260.1751677
 17453.95557193]";2016-10-16 12:00:00;2017-01-08 12:00:00
35;13;ridge_log;0.1258509075535197;91.66666666666667;0.12002332475031266;1994.9648693380116;0.12002291687104089;1796.7204146284346;[18469.2, 14697.3, 14490.1, 16890.6, 13307.5, 11488.0, 11021.4, 13786.0, 17773.2, 20125.2, 13053.1, 14418.3, 18561.2];"[17177.98988054 14205.72522009 13900.50877061 14930.97921008
 16293.14166786 14702.1599455  13562.96663192 15356.63841447
 16927.37689545 17280.36105373 15110.97952169 15774.05568742
 16952.13544819]";2016-11-27 12:00:00;2017-02-19 12:00:00
21;13;ridge_log;0.15744497390365308;66.66666666666667;0.1423066839538978;549.0612363087542;0.14230456150514248;479.5242373268553;[3700.0, 3910.0, 3510.0, 3430.0, 3000.0, 3170.0, 2810.0, 2780.0, 2720.0, 2800.0, 3990.0, 3510.0, 4030.0];"[4051.38855105 3973.27354857 3816.11479352 3738.45933747 3718.15852791
 3604.54279061 3595.11618521 3473.81203973 3611.17936862 3692.04035474
 3698.89924128 3785.79935067 3807.17052155]";2016-07-31 12:00:00;2016-10-23 12:00:00
52;13;ridge_log;0.16058085827481014;50.0;0.1813675253709089;409.05116559573946;0.18136264111257835;337.27784158646904;[1915.5, 1845.1, 1867.4, 2142.0, 2309.8, 2248.6, 2182.6, 2050.6, 1986.8, 1865.6, 1912.3, 1982.7, 1933.5];"[1869.38666592 1810.81051012 1747.01995333 1690.2598623  1639.48868645
 1578.85324901 1545.76890002 1523.93234927 1549.63689536 1600.76693345
 1670.4760486  1762.02936713 1869.45863842]";2017-07-23 12:00:00;2017-10-15 12:00:00
85;13;ridge_log;0.0980555194327969;33.333333333333336;0.10586347777721448;2085.0007054973607;0.1058631475672386;1697.771672699707;[17316.0, 16852.0, 16963.0, 17065.0, 17156.0, 17247.0, 17338.0, 17445.0, 17399.0, 17352.0, 17306.0, 17260.0, 17273.0];"[17310.84145599 17298.06459203 17143.13808264 16832.33995706
 16380.1351416  15817.45146677 15214.16504685 14656.91627259
 14238.21562687 14039.18315959 14132.48105474 14594.86062416
 15495.58112334]";2016-07-17 12:00:00;2016-10-09 12:00:00
64;13;ridge_log;0.02674415246014655;91.66666666666667;0.027239699684808008;635.6098071930251;0.02723962923143869;527.735201036163;[20461.0, 17999.0, 18027.0, 19270.0, 20726.0, 18118.0, 18144.0, 19242.0, 20438.0, 19136.0, 18135.0, 19163.0, 20871.0];"[19482.87390076 17849.63549822 18274.87977398 19218.06433848
 19829.51435504 17959.88220295 17678.77410322 18527.43981037
 19792.62228114 18823.60595075 17829.41251697 18488.95321071
 19609.54399191]";2016-10-09 12:00:00;2017-01-01 12:00:00
85;13;ridge_log;0.02842589600954408;41.666666666666664;0.02948010891001349;771.7547669014996;0.02948001862854205;481.3338425395524;[15969.0, 15965.0, 15987.0, 16063.0, 16179.0, 16295.0, 16411.0, 16536.0, 16671.0, 16807.0, 16942.0, 17077.0, 17202.0];"[15993.34676614 16046.46809134 16108.85117398 16184.760782
 16275.60902689 16348.44357992 16386.55409009 16368.34937206
 16276.09120438 16108.99154688 15871.28616956 15585.96013969
 15290.9069446 ]";2016-04-17 12:00:00;2016-07-10 12:00:00
3;13;ridge_log;0.23476241007962925;41.666666666666664;0.21272832820622214;661.9956006391595;0.21272448872955174;591.0280612860751;[2424.0, 2450.4, 2433.79, 2618.99, 2448.69, 2407.98, 2470.67, 2329.32, 2669.2, 2485.64, 2634.24, 2674.37, 2986.73];"[2650.5440214  2854.16150455 3082.86251545 3236.16105127 3312.51122854
 3371.51322404 3371.80441572 3306.30390344 3153.51180473 2831.20179558
 2595.26931633 2340.94410307 2107.65724861]";2016-04-17 12:00:00;2016-07-10 12:00:00
35;13;ridge_log;0.0663813222316876;91.66666666666667;0.06663429145618296;1199.7109905413047;0.06663407609594899;1045.4242645776505;[17157.8, 11815.2, 12857.3, 15725.7, 17101.1, 15539.2, 15800.0, 17142.0, 19275.5, 18618.3, 13625.4, 15068.3, 16405.0];"[15407.99684869 11598.92647945 11996.28438223 14850.5964007
 18084.14807499 15270.73728182 13553.3445799  16681.18407439
 19874.22625872 19699.07592762 15411.06988386 16149.12998066
 17788.33536086]";2016-08-28 12:00:00;2016-11-20 12:00:00
85;13;ridge_log;0.04704464049317826;8.333333333333334;0.04560808949738778;864.0997797976904;0.045607950275556745;747.0557594921548;[16278.0, 16223.0, 16168.0, 16097.0, 16002.0, 15907.0, 15813.0, 15753.0, 15797.0, 15841.0, 15884.0, 15928.0, 15946.0];"[16331.09696045 16353.60445344 16411.36597627 16501.8765852
 16630.28428649 16779.20250777 16929.04007494 17046.61460199
 17106.05238592 17089.54287058 16974.347227   16753.80641921
 16441.89052413]";2016-01-17 12:00:00;2016-04-10 12:00:00
21;13;ridge_log;0.20601525031611034;41.666666666666664;0.24535560475984222;1245.248068978936;0.2453522680512608;915.8335058273674;[3030.0, 3040.0, 3880.0, 3480.0, 3410.0, 3010.0, 3570.0, 4480.0, 6190.0, 4490.0, 3900.0, 4270.0, 3680.0];"[2989.77453189 3020.6205143  3026.83206651 3058.52131397 2951.43901349
 3055.59129447 2944.34397792 2997.66492468 2961.31418343 2886.49466685
 2952.37696012 2879.61542812 2890.75813745]";2016-05-01 12:00:00;2016-07-24 12:00:00
86;13;ridge_log;0.004425321674486307;33.333333333333336;0.004435357707291651;5.694547954621461;0.0044351548394994675;4.848369577776759;[1094.56, 1094.52, 1092.83, 1091.55, 1098.78, 1099.02, 1096.83, 1093.89, 1089.57, 1099.3, 1098.45, 1095.05, 1088.79];"[1088.13602323 1088.89353306 1090.04337632 1088.83980412 1086.29834149
 1091.23638574 1091.56071598 1092.00680264 1092.55791492 1094.69361327
 1095.19110168 1095.56692992 1095.4836572 ]";2016-10-09 12:00:00;2017-01-01 12:00:00
52;13;ridge_log;0.13086515681016753;50.0;0.14082109437446497;250.21336359833825;0.1408168904275556;236.8953792366277;[1651.2, 1518.3, 1612.4, 1698.1, 1646.4, 1631.3, 1780.1, 1863.9, 1985.0, 1937.0, 1984.8, 1848.6, 1909.9];"[1431.80188495 1432.17354561 1452.66121206 1442.40661262 1478.1206344
 1492.00538308 1531.32773419 1573.12246416 1609.96961276 1635.27653673
 1645.88378677 1644.10794895 1618.50271364]";2017-04-23 12:00:00;2017-07-16 12:00:00
86;13;ridge_log;0.006956144252322034;33.333333333333336;0.00698667286933853;8.643235996974113;0.006986351529850406;7.594989873957047;[1093.15, 1091.9, 1091.7, 1088.48, 1095.76, 1092.61, 1092.08, 1090.49, 1081.2, 1091.38, 1090.44, 1088.48, 1084.39];"[1081.86776931 1084.42490576 1084.20023536 1080.0692107  1078.48921531
 1081.60023297 1082.88767559 1082.94476156 1082.07655834 1083.78123722
 1085.50386962 1086.47634382 1088.02376723]";2016-07-10 12:00:00;2016-10-02 12:00:00
86;13;ridge_log;0.018121811088163298;33.333333333333336;0.018298443573825866;20.298183015129187;0.018297592184204816;19.663100906521723;[1083.1, 1081.99, 1083.34, 1080.92, 1084.51, 1086.96, 1086.35, 1083.46, 1082.01, 1090.28, 1089.73, 1086.96, 1078.87];"[1064.50830762 1063.84674499 1063.50635809 1060.70068863 1060.52884505
 1060.63210747 1062.27387843 1064.3707742  1064.45961051 1066.38375071
 1067.77665111 1070.28877267 1073.58319874]";2016-04-10 12:00:00;2016-07-03 12:00:00
35;13;ridge_log;0.17769913110355626;91.66666666666667;0.20132024164007054;3799.8382422199843;0.20131956812904214;3106.834289722433;[16759.8, 12261.9, 11785.0, 18374.0, 23295.7, 15420.8, 14085.2, 17782.8, 21331.7, 17935.6, 11122.7, 12639.4, 14272.5];"[13620.5859219  10150.69356137 10264.02047848 13573.39756766
 14956.17612344 11954.53090348 10995.68141912 13754.53059997
 16565.11847285 13792.90297255 11116.5414671  11739.45690996
 14350.38216428]";2016-05-29 12:00:00;2016-08-21 12:00:00
86;13;ridge_log;0.004381090737717159;25.0;0.004391264674876789;5.77284665359074;0.004391058721917436;4.681249769424697;[1062.93, 1063.57, 1063.26, 1061.28, 1068.82, 1068.76, 1067.69, 1064.59, 1070.85, 1072.62, 1071.34, 1069.33, 1061.76];"[1064.66086172 1064.42996474 1064.33545743 1061.36017572 1059.57724234
 1060.85577467 1062.1146267  1064.02437414 1063.53005825 1063.9538852
 1064.16118796 1066.45334222 1069.54027886]";2016-01-10 12:00:00;2016-04-03 12:00:00
3;13;ridge_log;0.2988810569473456;66.66666666666667;0.30008937998590096;893.5903061414925;0.3000834054366684;815.6098002783166;[3787.47, 2959.36, 3119.4, 2907.96, 2583.8, 2488.7, 2658.02, 2476.28, 2368.88, 2308.82, 2357.16, 2450.35, 2704.19];"[4673.94045319 4634.74455612 4138.79437729 4272.49199436 3244.47910994
 2758.15082241 2235.40066255 2004.06242464 1760.83488257 1553.52230424
 1505.349494   1604.19784681 1933.31629488]";2016-01-17 12:00:00;2016-04-10 12:00:00
64;13;ridge_log;0.02109874355801653;100.0;0.021254430738443016;480.90845982154394;0.02125437393797067;398.4005966365243;[19358.0, 17270.0, 17699.0, 18767.0, 19624.0, 17837.0, 18095.0, 19124.0, 20439.0, 18786.0, 17668.0, 18301.0, 19624.0];"[18972.50539849 17491.20009566 18335.80479996 19267.36866931
 19584.81071025 17785.42845097 18004.81574427 18803.50505497
 19529.17719397 18059.55762388 17276.41511187 18091.67622949
 18927.2742905 ]";2016-07-10 12:00:00;2016-10-02 12:00:00
52;13;ridge_log;0.22412674103395552;58.333333333333336;0.19693219075895396;383.6068986824762;0.19692642140926273;338.15808833045327;[1595.2, 1470.2, 1292.7, 1562.2, 1557.3, 1618.7, 1682.1, 1509.6, 1620.9, 1444.6, 1465.8, 1446.1, 1444.9];"[1433.74750282 1485.53094301 1579.25431878 1700.65888022 1823.6374509
 1925.87553812 2050.66426764 2130.30444948 2135.67046836 2076.46030789
 1966.37535195 1820.43977802 1654.83089675]";2017-01-22 12:00:00;2017-04-16 12:00:00
35;13;ridge_log;0.29793917024318534;83.33333333333333;0.3692112164024085;4785.110453251944;0.3692094845618393;4050.794669855829;[12804.1, 10275.9, 10837.9, 15167.3, 17974.9, 12965.1, 11106.1, 13844.7, 16219.2, 11577.9, 8505.1, 10269.2, 15080.8];"[12356.52610274 10087.30189712  9448.91753065 10948.42238545
  9706.03074343  7370.63855294  6338.92965244  7488.43601978
  8422.70867034  7342.70851777  6871.43330419  7684.81819845
  9900.99771658]";2016-02-28 12:00:00;2016-05-22 12:00:00
21;13;ridge_log;0.1472371247924407;41.666666666666664;0.13507286462320642;463.2431158545932;0.13507063218749704;409.4466413969181;[3170.0, 3540.0, 2800.0, 2560.0, 2890.0, 2980.0, 2860.0, 2940.0, 2690.0, 2660.0, 3410.0, 2470.0, 3340.0];"[3216.99063397 3198.74379332 3251.8238861  3371.58144979 3223.94925918
 3330.39335496 3216.38015187 3290.77438499 3320.83852964 3173.95292157
 3195.47067854 3240.22217157 3189.88593362]";2016-01-31 12:00:00;2016-04-24 12:00:00
36;13;ridge_log;0.030437153860403833;41.666666666666664;0.031074122368060196;105.40804467980959;0.031073565010017994;86.64577984441463;[2891.8, 2870.0, 2839.7, 2925.6, 2858.2, 2873.3, 2857.3, 2832.8, 2818.5, 2843.0, 2863.1, 2838.6, 2827.4];"[2909.81610128 2912.75520592 2910.43182727 2893.96808694 2865.92052994
 2834.58918901 2793.809952   2749.70181009 2711.86820891 2680.31079388
 2663.71949078 2668.63478355 2695.82621129]";2017-10-08 12:00:00;2017-12-31 12:00:00
52;13;ridge_log;0.3760514088152243;41.666666666666664;0.28899887437433286;715.9000587690841;0.2889915627524804;571.3222926692916;[1927.7, 1935.0, 1831.0, 1934.8, 1868.1, 1717.3, 1659.7, 1652.0, 1555.7, 1401.6, 1458.3, 1448.4, 1425.3];"[1858.76204712 1870.43660739 1924.6520897  1983.24299189 2049.8916428
 2104.70676744 2240.6091655  2379.26405407 2472.97293931 2535.83020751
 2562.16613129 2539.23090777 2453.32156192]";2016-10-23 12:00:00;2017-01-15 12:00:00
36;13;ridge_log;0.05734649607951628;33.333333333333336;0.05542134458302251;185.25976967261207;0.05542040087948363;162.76959515216413;[2847.6, 2838.0, 2801.4, 2805.7, 2802.2, 2827.9, 2815.1, 2850.4, 2861.1, 2909.1, 2914.5, 2894.9, 2897.7];"[2890.10297232 2933.41446255 2958.45949561 3003.71878297 3050.42559387
 3077.60131284 3106.57908906 3116.07764691 3091.54083558 3051.01174748
 2981.97448734 2885.05021367 2779.45147588]";2017-07-09 12:00:00;2017-10-01 12:00:00
4;13;ridge_log;0.17124575788845167;58.333333333333336;0.1914555270100219;409.9648420488273;0.1914500001089724;334.7044542576326;[1499.0, 1734.0, 1391.0, 1833.0, 1637.0, 2122.0, 1757.0, 2079.0, 2477.0, 1957.0, 1907.0, 1752.0, 1330.0];"[1426.17803413 1430.06350309 1488.19974569 1530.85664962 1521.64199198
 1558.23624425 1586.03084306 1552.13745879 1523.15573518 1502.67336137
 1522.79554729 1514.47558668 1498.2031151 ]";2016-10-30 12:00:00;2017-01-22 12:00:00
87;13;ridge_log;0.012385355629407917;33.333333333333336;0.01250618358670175;187.67392713090823;0.012506131508316533;150.1631605882597;[12154.01, 12042.04, 12027.43, 11998.81, 12089.79, 12025.85, 12079.76, 12053.18, 12179.34, 12133.8, 12093.14, 12163.75, 12117.78];"[12012.63894203 12035.74974482 12005.35617138 12010.79289917
 12002.58004456 11983.59718443 11980.17888618 11911.40778833
 11910.20545463 11853.66863092 11861.49481472 11823.83158576
 11839.02256377]";2016-10-09 12:00:00;2017-01-01 12:00:00
53;13;ridge_log;0.03519744962845703;41.666666666666664;0.034300422750926596;104.97474942957184;0.03429973823848913;85.93814268455274;[2483.0, 2491.0, 2474.0, 2491.0, 2483.0, 2460.0, 2473.0, 2448.0, 2429.0, 2411.0, 2434.0, 2445.0, 2439.0];"[2465.26723579 2480.10635353 2501.00278698 2504.53181744 2505.24419307
 2522.30574883 2555.40467767 2570.4449403  2574.25736134 2580.03414334
 2593.53976232 2593.26481827 2575.53919466]";2016-10-23 12:00:00;2017-01-15 12:00:00
36;13;ridge_log;0.09322872217849733;33.333333333333336;0.0880985557310303;300.7115103850219;0.08809711528249867;269.4138229962992;[3030.8, 3015.0, 2986.9, 2975.2, 2915.8, 2876.3, 2874.1, 2846.8, 2858.2, 2879.8, 2877.7, 2929.4, 2882.4];"[3064.22426155 3081.87780871 3094.38700943 3134.08517433 3169.42173461
 3200.84138327 3244.67737721 3273.79774724 3286.37247377 3289.02803702
 3262.87770338 3210.50904753 3138.6799409 ]";2017-04-09 12:00:00;2017-07-02 12:00:00
64;13;ridge_log;0.04910274590357477;100.0;0.050603808417579874;1046.7764102281851;0.05060366581337986;899.7537696340895;[18976.0, 17225.0, 17930.0, 19102.0, 19630.0, 17368.0, 17563.0, 18451.0, 19373.0, 17633.0, 17341.0, 18433.0, 19541.0];"[19373.25004583 17776.34101598 18460.25040833 19095.83029083
 19144.20518839 16737.1161825  16875.14929676 17372.86995246
 18229.42845105 16557.90203481 15842.24850784 16621.39470543
 17740.89785482]";2016-04-10 12:00:00;2016-07-03 12:00:00
22;13;ridge_log;0.12546057465465837;58.333333333333336;0.113910673904187;111.25767484068992;0.11390283613429775;83.32666376276971;[753.8, 767.6, 722.9, 769.5, 536.6, 756.4, 813.0, 732.2, 617.9, 617.0, 901.1, 872.9, 739.2];"[761.00427788 767.45915642 792.03424606 805.61699561 792.41540702
 789.75555682 797.43929827 811.67168401 788.51847721 776.96889445
 770.20231288 778.58386326 769.84572068]";2016-10-30 12:00:00;2017-01-22 12:00:00
4;13;ridge_log;0.46249289365839336;25.0;0.351529990945599;766.2928410048476;0.35152053504941444;656.9346916718835;[1577.0, 1551.0, 1560.0, 1592.0, 1476.0, 1453.0, 1304.0, 1474.0, 1328.0, 1302.0, 1805.0, 1394.0, 1417.0];"[1669.46740536 1687.71802272 1722.90933624 1783.60589635 1921.23218149
 2122.54020907 2237.53237588 2230.9274912  2258.98067202 2405.75196006
 2551.97459555 2610.17232777 2570.33851802]";2016-07-31 12:00:00;2016-10-23 12:00:00
36;13;ridge_log;0.03479534518545822;50.0;0.03387689416884901;133.68410136963746;0.03387635879774682;107.18227573636956;[3179.2, 3151.8, 3154.4, 3157.0, 3130.6, 3112.7, 3075.7, 3100.1, 3081.9, 3056.8, 3062.8, 3097.0, 3058.3];"[3186.58812509 3161.49764337 3175.58495053 3166.44926552 3170.01475563
 3196.36075856 3202.82916273 3217.05529769 3245.53766793 3258.23546762
 3272.69638107 3284.18761468 3274.63249414]";2017-01-08 12:00:00;2017-04-02 12:00:00
53;13;ridge_log;0.02293978633868571;50.0;0.022658083186468954;63.20128798730699;0.022657638800387254;57.77104905034919;[2542.0, 2538.0, 2525.0, 2562.0, 2507.0, 2504.0, 2529.0, 2524.0, 2501.0, 2474.0, 2504.0, 2510.0, 2490.0];"[2605.9782612  2613.68640786 2617.71033355 2611.97291534 2602.08915508
 2598.72460917 2592.28275299 2573.52836423 2546.5370691  2520.44176727
 2497.1676566  2475.1772285  2457.58311303]";2016-07-24 12:00:00;2016-10-16 12:00:00
87;13;ridge_log;0.017925750785191024;66.66666666666667;0.01816700951394519;270.19316879025047;0.0181669325294888;214.3615380112663;[12020.92, 11936.24, 11853.34, 11885.2, 11969.62, 11904.33, 11809.07, 11811.67, 11985.11, 11950.42, 12021.31, 11941.9, 12017.44];"[12052.04115935 12039.42107894 11975.30953922 11960.88218863
 11898.34400879 11823.61167691 11745.03242269 11658.97158672
 11631.94628325 11553.30076068 11565.29475953 11517.76241655
 11561.86005688]";2016-07-10 12:00:00;2016-10-02 12:00:00
37;13;ridge_log;0.031753327689078355;58.333333333333336;0.03120326188616834;100.99716665010034;0.031202754747384362;95.99755297067534;[3050.13, 2991.26, 2966.63, 3079.93, 3027.55, 3046.13, 3052.31, 3028.4, 3042.15, 3060.21, 3044.19, 3005.94, 2999.31];"[3087.25213531 3107.35240781 3133.83838721 3140.09891401 3142.57052242
 3151.68156347 3154.13449163 3150.53255064 3145.31027699 3133.11528854
 3117.73680926 3101.04754448 3077.43729683]";2017-10-15 12:00:00;2018-01-07 12:00:00
4;13;ridge_log;0.26921606809688053;41.666666666666664;0.3226838262523484;708.8495993280372;0.32267521385655606;610.0711721395551;[1456.0, 2189.0, 2140.0, 2692.0, 2773.0, 2358.0, 2030.0, 1745.0, 1806.0, 2288.0, 2307.0, 1864.0, 1549.0];"[1532.65627796 1592.36261604 1608.18884085 1536.46690352 1487.38195488
 1494.67089033 1504.88562005 1459.78172443 1423.22707463 1426.04563594
 1452.13121008 1456.88224576 1444.70632364]";2016-05-01 12:00:00;2016-07-24 12:00:00
53;13;ridge_log;0.020332676715233495;58.333333333333336;0.020525159811089825;63.77680235829383;0.020524757733926178;52.39850948076792;[2595.0, 2580.0, 2585.0, 2570.0, 2572.0, 2562.0, 2550.0, 2541.0, 2526.0, 2540.0, 2575.0, 2597.0, 2602.0];"[2637.62787781 2643.80296965 2636.29518292 2610.69761045 2577.9672798
 2553.77071037 2540.07179902 2514.32997062 2488.34869643 2473.45935181
 2473.44680411 2479.24348813 2493.53947689]";2016-04-24 12:00:00;2016-07-17 12:00:00
37;13;ridge_log;0.057490390849678025;33.333333333333336;0.05562351710908934;191.75367329148992;0.05562264599323108;177.59246822628714;[3198.85, 3189.77, 3133.51, 3080.52, 3045.85, 3102.06, 3130.67, 3091.69, 3065.95, 3082.63, 3089.52, 3066.28, 3088.8];"[3229.93260273 3234.33452231 3257.19313244 3284.21492724 3307.27454606
 3318.60983157 3333.04248636 3342.31208854 3328.12560528 3299.10025328
 3273.08092185 3246.41218915 3221.16898013]";2017-07-16 12:00:00;2017-10-08 12:00:00
22;13;ridge_log;0.10603077572596721;66.66666666666667;0.09899438911968785;92.79015049857232;0.09898828918276426;80.40947684139782;[822.4, 854.2, 808.2, 804.7, 782.3, 750.1, 749.3, 760.3, 725.5, 727.5, 732.3, 799.9, 754.9];"[851.42027265 861.69332987 894.84200815 842.86184853 793.61263588
 802.35927044 858.6457092  850.31463941 826.78950935 836.53012274
 884.44352672 914.78115604 898.62916996]";2016-07-31 12:00:00;2016-10-23 12:00:00
64;13;ridge_log;0.04198438844778797;91.66666666666667;0.04287172960128804;880.9160873781158;0.042871607587084984;755.8525753312163;[19663.0, 16441.0, 16657.0, 17634.0, 18346.0, 16401.0, 16901.0, 17610.0, 18915.0, 16785.0, 16766.0, 18091.0, 19778.0];"[18601.37003306 16682.03022962 17477.49587145 18272.72411162
 18168.51684197 16013.32427233 16446.59637659 17264.10263336
 18010.20787319 16209.88032649 15631.06148462 16795.24408916
 17989.8628026 ]";2016-01-10 12:00:00;2016-04-03 12:00:00
4;13;ridge_log;0.3787022844183461;41.666666666666664;0.3103241964269733;587.0830649981709;0.31031538557992594;549.8731142389495;[1586.0, 1691.0, 1352.0, 1148.0, 1426.0, 1513.0, 1598.0, 1481.0, 1415.0, 1551.0, 1773.0, 1532.0, 1437.0];"[1856.37075986 1900.37625033 1902.23703321 1962.61881741 1933.87638627
 1929.76013289 1953.51857577 1958.77295181 2052.48216855 2181.39706915
 2309.78280617 2361.7190529  2348.43848079]";2016-01-31 12:00:00;2016-04-24 12:00:00
53;13;ridge_log;0.10603459352120301;50.0;0.11506414370151503;336.4744771367722;0.11506175049409485;276.7249265596025;[2517.0, 2548.0, 2573.0, 2579.0, 2571.0, 2597.0, 2603.0, 2599.0, 2591.0, 2580.0, 2625.0, 2647.0, 2643.0];"[2558.54378677 2561.86095428 2539.72465563 2492.53101863 2437.281715
 2379.8444831  2312.02253315 2240.23815706 2173.45302323 2132.44953892
 2108.98465066 2109.56676498 2139.88415541]";2016-01-24 12:00:00;2016-04-17 12:00:00
37;13;ridge_log;0.09559572703737697;50.0;0.09024510938235344;343.9327407749209;0.09024379121362691;308.93679898460306;[3347.97, 3335.34, 3272.9, 3326.12, 3234.06, 3210.81, 3213.96, 3223.29, 3196.18, 3212.56, 3211.66, 3289.28, 3241.11];"[3384.67838794 3386.39347755 3419.32384396 3484.10669825 3536.37253869
 3576.04121351 3624.35326141 3657.25796812 3671.45626569 3676.15318471
 3666.98227165 3643.04576257 3605.25351276]";2017-04-16 12:00:00;2017-07-09 12:00:00
22;13;ridge_log;0.15387198579060402;58.333333333333336;0.17260199997688996;174.6426956999617;0.17259159793001913;143.55306472530535;[736.0, 826.3, 804.9, 807.1, 831.5, 825.9, 1002.8, 1015.5, 904.8, 891.4, 1031.4, 936.5, 848.2];"[757.78885393 804.40741217 777.51604643 756.56700595 740.03089972
 761.87009613 767.26173615 715.94135781 701.1887644  708.27908091
 734.08267275 714.48038171 700.27355836]";2016-05-01 12:00:00;2016-07-24 12:00:00
87;13;ridge_log;0.016725286014020367;58.333333333333336;0.016967636799025104;260.84420865197495;0.016967564409758256;198.85850731931924;[11694.66, 11680.72, 11690.37, 11702.76, 11793.02, 11734.49, 11687.12, 11733.79, 11909.88, 11873.7, 11866.15, 11843.28, 12099.37];"[11631.20125762 11644.29850337 11644.84062387 11653.37745167
 11653.43877431 11637.55939607 11629.15556807 11589.76663811
 11583.14871141 11536.03729585 11536.15898875 11494.18922833
 11490.97696742]";2016-04-10 12:00:00;2016-07-03 12:00:00
37;13;ridge_log;0.014956661027290947;58.333333333333336;0.01479166314506743;64.15701571790137;0.014791451476981552;51.6887261823305;[3570.4, 3609.6, 3596.17, 3571.67, 3512.38, 3459.61, 3423.1, 3516.29, 3469.76, 3443.03, 3456.52, 3444.95, 3390.58];"[3600.19049912 3584.15445249 3582.52017678 3577.14431552 3565.14679198
 3547.47220802 3521.68664029 3496.7964725  3492.22290477 3500.05329052
 3503.16776217 3515.32941507 3532.95071469]";2017-01-15 12:00:00;2017-04-09 12:00:00
5;13;ridge_log;0.28014789297924036;50.0;0.3483381792341755;340.446465853181;0.34831407575149;259.23944386228345;[502.0, 568.0, 528.0, 632.0, 606.0, 785.0, 779.0, 834.0, 906.0, 1372.0, 1080.0, 938.0, 752.0];"[470.17736737 490.40065646 508.5691754  516.73372147 532.67780636
 579.06237236 583.80392393 559.25376881 551.20463157 550.78069008
 538.40622097 525.30677372 505.51012128]";2016-10-30 12:00:00;2017-01-22 12:00:00
54;13;ridge_log;0.14121382473200084;41.666666666666664;0.15741757890765257;892.993512441319;0.15741586261397106;722.186016167017;[5056.0, 4936.0, 4551.0, 4461.0, 4515.0, 4725.0, 4863.0, 5097.0, 5191.0, 5195.0, 5328.0, 5342.0, 5207.0];"[5043.20956    4979.4126202  4869.038195   4684.87528628 4449.29571886
 4220.64274881 4075.17417097 3955.14264703 3884.02830895 3869.82125285
 3927.39845755 4046.71151628 4244.48351003]";2016-10-23 12:00:00;2017-01-15 12:00:00
22;13;ridge_log;0.1208151059265704;41.666666666666664;0.11182778301286402;114.87686310329447;0.11182062594168868;87.67999155467736;[806.9, 848.8, 706.2, 731.8, 692.3, 737.6, 652.4, 686.6, 695.1, 723.5, 872.9, 737.6, 731.2];"[742.86811208 912.75546944 956.76755246 879.24825929 705.85122119
 764.57184279 860.31792877 803.47058156 685.31873052 656.69833067
 753.76405724 785.16999067 736.43627455]";2016-01-31 12:00:00;2016-04-24 12:00:00
38;13;ridge_log;0.036341152525857554;41.666666666666664;0.0373481535135386;257.2637473667384;0.03734781960147104;208.90793926509832;[5820.04, 5811.86, 5764.85, 5774.63, 5782.51, 5729.81, 5736.21, 5784.8, 5783.06, 5742.76, 5732.81, 5730.19, 5678.13];"[5858.86332632 5868.59695018 5845.93886893 5795.12810229 5716.07773094
 5627.94493813 5535.70227464 5449.80443118 5378.60219937 5335.35852642
 5328.34076684 5363.14523821 5446.64793154]";2018-12-30 12:00:00;2019-03-24 12:00:00
65;13;ridge_log;0.03497533013956134;83.33333333333333;0.03589173391201135;321.57764095351166;0.035891490616894964;264.8022591144537;[7318.7, 7580.2, 7605.2, 7418.2, 7320.8, 7633.4, 7663.4, 7564.1, 7418.4, 7616.0, 7729.0, 7645.0, 7464.2];"[7398.07315242 7597.18552865 7539.69842819 7330.44326565 7255.00185413
 7436.96369019 7429.01183284 7207.81482183 7015.63251738 7138.21694822
 7250.52210249 7138.97242385 6989.35142783]";2016-10-09 12:00:00;2017-01-01 12:00:00
5;13;ridge_log;0.4047491495649895;58.333333333333336;0.32288574475959386;218.4157040917936;0.32285913656161325;196.37185265538372;[564.0, 602.0, 574.0, 572.0, 492.0, 475.0, 477.0, 456.0, 440.0, 481.0, 551.0, 467.0, 469.0];"[578.30575805 621.96942442 653.05246026 757.85396374 766.49960694
 707.7112847  687.34894474 685.46060934 682.14148322 725.55568261
 744.06388532 771.07188478 791.7990964 ]";2016-07-31 12:00:00;2016-10-23 12:00:00
87;13;ridge_log;0.020909273185709898;75.0;0.021266042181561196;310.1421448676424;0.02126594869891689;241.8958575745507;[11655.53, 11668.7, 11556.42, 11490.2, 11592.22, 11557.32, 11500.08, 11478.95, 11589.56, 11574.42, 11572.06, 11533.39, 11645.01];"[11667.10627307 11659.96875485 11635.5962021  11586.93135821
 11520.91646044 11427.5517659  11358.35155887 11248.56971219
 11187.69778524 11110.79626122 11081.02464505 11063.16153989
 11096.50920125]";2016-01-10 12:00:00;2016-04-03 12:00:00
23;13;ridge_log;0.2498070005874129;33.333333333333336;0.3012414015988589;4487.589871463805;0.3012395441942213;2652.0614774063647;[6510.0, 6109.0, 5215.0, 6798.0, 4354.0, 10041.0, 7637.0, 6137.0, 7002.0, 8575.0, 19189.0, 12646.0, 6956.0];"[6454.34883306 6423.18945227 6512.82318919 7173.63534286 6285.74039245
 6163.07766933 6136.5549898  6214.60878686 6072.03285179 5716.53904935
 5655.65420857 5883.28418769 5994.70616775]";2016-10-30 12:00:00;2017-01-22 12:00:00
54;13;ridge_log;0.04931801418502534;66.66666666666667;0.0484841962015214;244.93845832050857;0.048483662265959876;220.60867479600418;[4444.0, 4183.0, 4082.0, 4311.0, 4716.0, 4705.0, 4511.0, 4596.0, 4434.0, 4459.0, 4655.0, 4948.0, 5029.0];"[4581.75813676 4547.1969919  4501.70248686 4449.14925844 4418.01499165
 4411.85834818 4446.52867333 4495.08851958 4614.90726229 4768.06377114
 4922.3437972  5072.86166039 5198.4199401 ]";2016-07-24 12:00:00;2016-10-16 12:00:00
38;13;ridge_log;0.027175635392981397;50.0;0.027774180344419943;198.55601455684365;0.02777393516267447;157.3131447151997;[5576.59, 5560.62, 5574.51, 5610.11, 5670.84, 5729.68, 5738.84, 5746.82, 5757.71, 5806.67, 5826.29, 5845.12, 5835.31];"[5560.62395734 5564.76574721 5571.12034522 5578.42338436 5580.24048935
 5584.84168945 5587.45786712 5581.35645171 5570.06228456 5550.8560023
 5527.45418704 5503.46928366 5481.6589238 ]";2018-09-30 12:00:00;2018-12-23 12:00:00
88;13;ridge_log;0.09981960492133292;58.333333333333336;0.09390507836400766;123.22913202239891;0.09390107562468043;110.16409381077747;[1185.62, 1180.63, 1201.97, 1132.26, 1087.99, 1095.31, 1151.72, 1115.15, 1107.33, 1089.42, 1084.26, 1103.96, 1071.63];"[1213.08478333 1219.48840569 1226.43256455 1195.90529656 1198.51653755
 1228.06194643 1245.4456961  1232.87758359 1234.84233151 1245.47355585
 1266.56528747 1268.25696902 1264.4322619 ]";2016-10-09 12:00:00;2017-01-01 12:00:00
5;13;ridge_log;0.3076716127241149;66.66666666666667;0.272341288023175;223.87839126619076;0.272322928368087;206.73772007872523;[1142.0, 631.0, 555.0, 537.0, 525.0, 576.0, 652.0, 803.0, 1157.0, 766.0, 736.0, 602.0, 549.0];"[775.73774082 704.4974763  697.87856243 765.17046767 771.78985944
 880.819042   924.51992619 887.96661482 899.02964736 910.48149889
 843.04484405 817.01172108 792.17773634]";2016-05-01 12:00:00;2016-07-24 12:00:00
23;13;ridge_log;0.20657115548171132;50.0;0.17868606130329473;1464.9412779932186;0.17868471436636466;1190.23259450705;[6275.0, 6233.0, 5937.0, 5427.0, 5937.0, 5770.0, 5123.0, 6352.0, 6082.0, 5159.0, 7150.0, 6767.0, 7283.0];"[7066.00173232 6716.22860906 8578.41167895 8014.54393063 7515.36815418
 6235.25415428 7691.03973144 7660.89135123 6864.46388429 6216.81063474
 6539.13176671 7250.54788768 7168.40625349]";2016-07-31 12:00:00;2016-10-23 12:00:00
54;13;ridge_log;0.336952085115855;16.666666666666668;0.43061997733311;1829.7488785414985;0.4306142159316869;1612.8020907201494;[4186.0, 4430.0, 4422.0, 4544.0, 4799.0, 4872.0, 4900.0, 5018.0, 4789.0, 4871.0, 4817.0, 4617.0, 4560.0];"[4239.59842442 4122.289824   3894.18070133 3642.81385108 3316.2776789
 2950.87430003 2629.82098064 2415.23060103 2321.72555147 2315.32377776
 2415.3368338  2662.31980872 3039.97733629]";2016-04-24 12:00:00;2016-07-17 12:00:00
5;13;ridge_log;0.17409756351176695;83.33333333333333;0.1656389834847324;203.51313290841674;0.16562901332639088;142.25426430359897;[901.0, 826.0, 727.0, 737.0, 1423.0, 740.0, 689.0, 627.0, 612.0, 640.0, 842.0, 686.0, 691.0];"[ 950.49861631  878.01872231  787.50612252  805.33198083  862.08227869
  825.75393933  760.58500224  696.87107966  728.35806221  809.97632104
  849.38710912  898.74138125 1015.3593778 ]";2016-01-31 12:00:00;2016-04-24 12:00:00
65;13;ridge_log;0.022128397436716817;91.66666666666667;0.02263930624670811;234.6390814711368;0.0226391499748542;164.0344743389862;[7206.4, 7408.1, 7374.0, 7203.8, 7210.9, 7444.1, 7438.5, 7322.7, 7183.3, 7440.0, 7593.0, 7508.5, 7291.2];"[7216.8088011  7429.45154007 7371.78270282 7193.55612199 7184.64162036
 7400.0651018  7359.43831816 7142.16466932 7004.12274087 7146.99980796
 7212.81865295 7036.99182236 6856.73061619]";2016-07-10 12:00:00;2016-10-02 12:00:00
88;13;ridge_log;0.026107466096418216;75.0;0.025811964641678023;44.01873228065614;0.025810926914894342;32.11098465111954;[1191.85, 1225.93, 1250.75, 1232.58, 1203.66, 1317.26, 1279.91, 1252.07, 1200.11, 1229.8, 1260.28, 1289.15, 1174.51];"[1196.99831598 1214.41555557 1224.97006605 1224.31098007 1231.93769401
 1241.93436742 1250.63283439 1247.78661036 1256.1560294  1269.92752177
 1284.94086219 1288.0627881  1282.15557907]";2016-07-10 12:00:00;2016-10-02 12:00:00
38;13;ridge_log;0.009272992902008568;58.333333333333336;0.009210290444939997;63.49541741506092;0.009210208111687702;51.517180425430034;[5597.92, 5572.46, 5555.03, 5563.82, 5547.62, 5531.04, 5507.48, 5527.02, 5513.72, 5535.84, 5556.87, 5564.39, 5562.15];"[5670.08986458 5671.8139719  5671.81168245 5649.5260167  5625.65672509
 5598.30017173 5561.8368664  5531.81879134 5519.68545267 5518.42408264
 5534.2526417  5566.0150398  5605.7854872 ]";2018-07-01 12:00:00;2018-09-23 12:00:00
23;13;ridge_log;0.12160306612940214;50.0;0.1280489032527971;1537.7508258813696;0.12804803353776323;969.9114761257903;[5553.0, 7108.0, 6771.0, 6069.0, 7901.0, 6650.0, 7937.0, 6179.0, 6471.0, 5706.0, 7346.0, 11900.0, 7296.0];"[6356.07871214 7199.35820025 7302.43503919 6835.62051827 6542.78204711
 7276.30525747 7467.62946354 6981.64940357 6610.70456195 6781.11138847
 7119.60409333 6974.54473475 6502.85355295]";2016-05-01 12:00:00;2016-07-24 12:00:00
6;13;ridge_log;0.28887865704362015;58.333333333333336;0.34038923433795926;1866.3090059358221;0.3403842262481009;1224.434445137495;[3117.0, 2579.0, 3199.0, 1716.0, 4558.0, 3001.0, 3263.0, 3110.0, 5899.0, 7148.0, 4048.0, 2707.0, 2579.0];"[2641.63766583 2870.09456454 3174.38474305 3004.72716668 2619.89604781
 2587.03348985 2750.46174532 2535.74375205 2310.98976048 2314.43571228
 2476.85953138 2508.36202831 2371.36946808]";2016-11-06 12:00:00;2017-01-29 12:00:00
54;13;ridge_log;0.34178520562654047;75.0;0.27772159256816065;1433.7418577225976;0.2777183358261829;1207.2887157654548;[2919.0, 3181.0, 3126.0, 2814.0, 3002.0, 3132.0, 3443.0, 3769.0, 3832.0, 3945.0, 3682.0, 3672.0, 4123.0];"[2997.80858473 3139.61869421 3342.56160331 3643.11173473 4094.88124443
 4685.88826578 5258.09600419 5698.8192795  5954.9794159  5988.42054679
 5730.31941723 5193.07515174 4524.41075083]";2016-01-24 12:00:00;2016-04-17 12:00:00
88;13;ridge_log;0.03618849973237226;41.666666666666664;0.03633504882743456;53.65425301102341;0.03633357814487252;44.8908048348787;[1234.71, 1254.8, 1281.92, 1251.66, 1246.28, 1219.78, 1264.95, 1260.54, 1231.78, 1257.53, 1250.89, 1241.44, 1180.87];"[1183.0370627  1187.57237587 1192.48593522 1197.33462571 1204.1200095
 1216.71581581 1227.6944949  1234.18565506 1248.08246368 1265.07100883
 1282.31082805 1289.77694311 1289.35519395]";2016-04-10 12:00:00;2016-07-03 12:00:00
38;13;ridge_log;0.04512653003199407;66.66666666666667;0.043863295143183004;289.3314633588168;0.043862918309114304;255.33710117750405;[5564.11, 5546.73, 5585.34, 5611.45, 5613.5, 5619.29, 5708.41, 5712.97, 5684.88, 5674.98, 5662.69, 5637.43, 5668.42];"[5626.33022782 5628.51580129 5662.15978718 5721.08334591 5796.51413865
 5879.33985122 5967.55200411 6035.35791162 6087.46297566 6111.02737843
 6096.2532083  6046.19572266 5951.78996246]";2018-04-01 12:00:00;2018-06-24 12:00:00
23;13;ridge_log;0.44084248812043075;83.33333333333333;0.33192442260222577;3900.2547504317004;0.3319225261932361;3016.3209120552146;[8857.0, 7389.0, 7004.0, 6609.0, 6545.0, 6774.0, 6310.0, 5886.0, 5442.0, 6423.0, 7669.0, 6444.0, 6030.0];"[10360.01745031 16279.31866085 14053.8455006   8420.43935693
  7245.5612282  10910.77440501 11339.04785433  7827.65789155
  6026.95857589  7888.31463731 10054.67492089  9232.52299894
  6955.03837591]";2016-01-31 12:00:00;2016-04-24 12:00:00
65;13;ridge_log;0.024006539203255187;91.66666666666667;0.024526926630314506;231.0352453344192;0.02452675288024153;173.15668068562724;[7191.9, 7367.5, 7320.0, 7062.6, 7023.3, 7253.0, 7254.0, 7120.5, 7024.6, 7303.8, 7369.9, 7239.1, 7070.5];"[7186.9173213  7342.73053417 7261.16445187 7093.22868956 7054.66043417
 7220.6232466  7129.29334688 6922.10204464 6803.53069727 6929.57924357
 6969.37296752 6833.1733327  6727.26508829]";2016-04-10 12:00:00;2016-07-03 12:00:00
55;13;ridge_log;0.4515129360974303;33.333333333333336;0.6469633826737977;1918.7583162242968;0.6469504395835121;1648.8392589391067;[3030.0, 3099.0, 3193.0, 3261.0, 3334.0, 3440.0, 3538.0, 3633.0, 3733.0, 3814.0, 3877.0, 3929.0, 3978.0];"[3006.61643244 2922.02591351 2689.1483742  2331.10611215 1909.74135622
 1504.45268614 1176.76372006  958.40454094  863.47036138  919.39556791
 1233.66165265 2191.63620468 5238.33328847]";2015-08-16 12:00:00;2015-11-08 12:00:00
88;13;ridge_log;0.0984143017797844;25.0;0.10432437375086673;132.09047157096467;0.10431993516925629;122.6106713578787;[1167.06, 1210.73, 1259.4, 1297.54, 1230.79, 1234.01, 1275.19, 1248.92, 1235.16, 1244.91, 1238.5, 1215.49, 1174.86];"[1120.35701152 1117.30546261 1112.96482691 1095.89789431 1095.47000956
 1094.48297398 1092.58894793 1087.8079414  1096.117485   1108.51002353
 1126.79754582 1139.85464495 1150.46650482]";2016-01-10 12:00:00;2016-04-03 12:00:00
6;13;ridge_log;0.2952061431710977;33.333333333333336;0.2514626020452236;799.4684304140657;0.25145814286517987;712.9578364808367;[2625.0, 2364.0, 2455.0, 2540.0, 2293.0, 2191.0, 2353.0, 2180.0, 2281.0, 2264.0, 3288.0, 3862.0, 2982.0];"[3234.1962305  3685.18390347 3250.39083803 2986.31588268 3013.05436382
 3353.38774959 3249.20499818 2860.3386657  3029.92624898 3283.57859096
 3300.68813173 3074.97200272 3051.15827333]";2016-08-07 12:00:00;2016-10-30 12:00:00
39;13;ridge_log;0.03867857047192677;41.666666666666664;0.03983896590212009;274.622931012359;0.03983860867093595;222.18391436323398;[5816.795, 5807.545, 5761.31, 5766.93, 5777.23, 5727.54, 5732.42, 5780.82, 5776.885, 5739.61, 5732.305, 5721.025, 5674.69];"[5851.50637385 5861.11189327 5834.04588675 5776.8157356  5691.50646075
 5600.12170844 5505.35982022 5416.28745144 5342.94899375 5300.67905919
 5299.84093773 5344.94099666 5443.34857456]";2018-12-30 12:00:00;2019-03-24 12:00:00
24;13;ridge_log;0.5128128249979081;33.333333333333336;0.7528948347357087;1468.2782369920074;0.7528724216368547;1277.156882612588;[1431.0, 1679.0, 1348.0, 1870.0, 2110.0, 2492.0, 2701.0, 2649.0, 2745.0, 2676.0, 3017.0, 2669.0, 2017.0];"[1270.48965838 1260.01433896 1254.65809919 1251.16580357 1167.82776965
 1094.07731331 1002.72371161  902.60070366  816.77952392  737.28061888
  695.0242344   669.45863095  678.86011956]";2016-10-30 12:00:00;2017-01-22 12:00:00
55;13;ridge_log;0.4323879589309086;25.0;0.7189374420229314;1639.440137073169;0.7189158555532617;1211.3653743206119;[1989.0, 2101.0, 2233.0, 2344.0, 2433.0, 2508.0, 2577.0, 2668.0, 2767.0, 2828.0, 2880.0, 2912.0, 2977.0];"[2052.70259839 2236.55030851 2408.75780769 2513.09873145 2459.60352079
 2186.35174735 1727.55962576 1207.61190643  759.33306844  448.54149698
  268.63562494  182.04651926  159.8831115 ]";2015-05-17 12:00:00;2015-08-09 12:00:00
39;13;ridge_log;0.028050230376862065;41.666666666666664;0.028703895996528155;207.23162198455358;0.02870364213254383;162.27443548817538;[5571.82, 5555.395, 5573.815, 5605.4, 5662.72, 5723.49, 5733.655, 5742.505, 5749.735, 5800.745, 5820.265, 5839.87, 5831.335];"[5559.47475272 5563.91400414 5571.45196702 5578.41447185 5578.88459711
 5580.91678133 5580.74417532 5571.89637511 5556.53781829 5533.14663992
 5506.26676759 5479.94392779 5456.62806873]";2018-09-30 12:00:00;2018-12-23 12:00:00
55;13;ridge_log;4.759035982897503;50.0;1.0169776329268396;11081.202365071658;1.0169680598381776;7749.542937316219;[2157.0, 1938.0, 1710.0, 1512.0, 1467.0, 1479.0, 1461.0, 1476.0, 1539.0, 1629.0, 1710.0, 1786.0, 1897.0];"[ 2116.5298145   2058.70398735  2147.76476244  2455.68072497
  3123.90361997  4445.42335453  6922.56797574 11191.94081254
 17383.00742729 23379.70386371 23990.56609562 16461.37623596
  6746.9491395 ]";2015-02-15 12:00:00;2015-05-10 12:00:00
89;13;ridge_log;0.014189902204159194;66.66666666666667;0.014025459218323018;34.26730487101733;0.01402508342484298;26.173271991850243;[1828.128, 1861.782, 1872.236, 1854.954, 1852.089, 1854.091, 1868.669, 1893.618, 1859.457, 1860.784, 1871.368, 1829.142, 1818.838];"[1835.29482075 1844.73166088 1866.91357228 1867.5515882  1868.25773204
 1882.97178639 1896.7482463  1890.88275986 1878.61449018 1891.03836078
 1896.29928339 1902.01383679 1893.87438409]";2016-10-09 12:00:00;2017-01-01 12:00:00
6;13;ridge_log;0.19324293310545154;50.0;0.2226114988597344;841.6545142645037;0.22260776615639918;670.3907065296645;[2920.0, 3040.0, 2906.0, 2843.0, 2927.0, 3549.0, 3401.0, 2549.0, 3486.0, 3377.0, 4619.0, 3146.0, 2698.0];"[2640.52292305 2551.92694109 2458.27725253 2396.0771722  2574.32279737
 2484.49741952 2440.4077009  2456.90950701 2566.45995162 2602.11792595
 2517.72219308 2495.06060498 2561.61842581]";2016-05-08 12:00:00;2016-07-31 12:00:00
65;13;ridge_log;0.02082272395298677;91.66666666666667;0.02111282907805793;178.32727791946056;0.021112678604047756;148.14302672925743;[6915.2, 7213.8, 7156.1, 6982.2, 6947.9, 7140.1, 7148.1, 7065.2, 6967.2, 7256.5, 7284.3, 7163.4, 7042.0];"[7045.57855792 7219.51896703 7126.58765683 6916.26920946 6901.87292786
 7092.22850866 7030.549282   6838.8878817  6755.45685269 6941.41739054
 7037.51980913 6915.61077182 6806.83788678]";2016-01-10 12:00:00;2016-04-03 12:00:00
24;13;ridge_log;0.08972373094082037;50.0;0.09030489831818059;111.20475226808928;0.09030046877868678;93.16388699923877;[937.0, 969.0, 1073.0, 1030.0, 870.0, 905.0, 985.0, 949.0, 890.0, 965.0, 1185.0, 1102.0, 1396.0];"[ 883.18575293  911.51369291  910.72435184  895.46211622  911.51730429
  952.89893711 1002.34329296 1019.71084176 1049.3033291  1100.92291199
 1156.51704669 1180.13602566 1172.29915127]";2016-07-31 12:00:00;2016-10-23 12:00:00
89;13;ridge_log;0.021490619022804712;58.333333333333336;0.021610314877387734;48.77470352129714;0.021609732938037866;40.127333902710866;[1854.666, 1851.893, 1897.4, 1892.19, 1879.089, 1862.393, 1863.733, 1868.874, 1866.005, 1854.203, 1884.974, 1923.159, 1826.693];"[1803.11727989 1813.12116019 1817.94398209 1817.47980484 1818.70106098
 1836.54565203 1844.93501027 1855.40494311 1863.21368489 1892.39554067
 1907.02529954 1917.15429936 1916.31937817]";2016-07-10 12:00:00;2016-10-02 12:00:00
55;13;ridge_log;0.3924935587586095;66.66666666666667;0.44790301413596717;1410.914561218058;0.4478932993075856;1093.1141875261258;[3594.0, 3432.0, 3410.0, 3359.0, 3295.0, 3246.0, 3220.0, 3089.0, 2853.0, 2637.0, 2543.0, 2428.0, 2268.0];"[3639.10661487 3550.69527362 3303.11208398 2900.80368012 2408.07399672
 1915.53618662 1501.75798758 1210.37610253 1063.44882727 1090.71326209
 1396.11833474 2356.09075584 5380.71376686]";2014-11-16 12:00:00;2015-02-08 12:00:00
39;13;ridge_log;0.0078043892071761505;83.33333333333333;0.007758888329233457;53.18723048870266;0.007758818869897853;43.33566443932908;[5588.96, 5569.18, 5548.55, 5560.31, 5543.565, 5526.05, 5504.015, 5518.33, 5507.17, 5527.82, 5549.98, 5559.555, 5560.14];"[5650.37189502 5646.37855278 5644.42815905 5622.40073276 5598.66469987
 5573.60381962 5543.64138278 5520.57156102 5516.68221003 5524.41728693
 5549.0552102  5589.8581791  5638.25994279]";2018-07-01 12:00:00;2018-09-23 12:00:00
66;13;ridge_log;0.05843025353485533;41.666666666666664;0.06071777481885902;930.372392430637;0.06071754914517329;816.8561380020554;[13361.0, 13641.0, 13485.0, 13635.0, 13869.0, 13787.0, 13846.0, 13810.0, 13958.0, 13995.0, 13987.0, 14185.0, 14413.0];"[13411.56041095 13385.85378914 13312.73766299 13209.75088304
 13128.10003173 13015.89221472 12920.47079777 12842.90964724
 12805.97969513 12794.67360694 12819.40825032 12867.17392867
 12939.48010924]";2005-12-25 12:00:00;2006-03-19 12:00:00
89;13;ridge_log;0.023972820486943217;66.66666666666667;0.024212317275732094;52.5249252060623;0.024211658364473972;44.489190193937944;[1787.126, 1790.282, 1821.556, 1868.767, 1862.113, 1880.84, 1877.303, 1894.122, 1871.408, 1886.151, 1861.43, 1866.781, 1787.867];"[1772.45775987 1778.43111719 1786.86816649 1792.95675805 1796.81032872
 1808.54330616 1813.64091625 1820.95178581 1830.64976033 1854.65090819
 1865.83285687 1873.72262898 1871.17479374]";2016-04-10 12:00:00;2016-07-03 12:00:00
6;13;ridge_log;0.6280398036547251;75.0;0.4646063776207359;1690.8814066823568;0.46459939878124984;1572.0368957725127;[2805.0, 2209.0, 2185.0, 2435.0, 2806.0, 2250.0, 2554.0, 2461.0, 2820.0, 3066.0, 2439.0, 2379.0, 2353.0];"[5782.91019981 4724.25950701 3529.83902063 3212.8864309  4644.99147188
 4145.63373439 3372.56655504 3328.4892286  4318.79714893 4632.42729829
 3825.55352339 3541.92412003 4138.20140614]";2016-02-07 12:00:00;2016-05-01 12:00:00
56;13;ridge_log;1.8485062553039806;33.333333333333336;0.6537235814051652;3963.6726354780794;0.6537140846037434;2598.2511267517793;[2070.0, 1970.0, 1830.0, 1730.0, 1640.0, 1550.0, 1500.0, 1460.0, 1460.0, 1390.0, 1370.0, 1370.0, 1410.0];"[2051.66446008 1952.61735012 1888.32996093 1887.20967244 1965.93481207
 2169.62713133 2553.99663556 3212.76196209 4256.45958283 5774.35459195
 7665.38104282 9347.83881582 9729.65225013]";2017-01-01 12:00:00;2017-03-26 12:00:00
24;13;ridge_log;0.4506578327027588;75.0;0.3467665230044731;508.37150015202894;0.34675273876398904;439.20267653732395;[1056.0, 945.0, 960.0, 978.0, 1032.0, 1127.0, 1116.0, 923.0, 949.0, 996.0, 1078.0, 965.0, 853.0];"[1044.18513966 1121.96955059 1153.86110908 1222.59982953 1299.0484333
 1371.93459613 1465.46725231 1560.62691373 1668.99620961 1737.63266418
 1749.34953447 1687.88531442 1580.44852728]";2016-05-01 12:00:00;2016-07-24 12:00:00
56;13;ridge_log;0.22313576241610417;16.666666666666668;0.26687517668499655;673.2130946435843;0.2668687577335645;556.4427678386281;[2370.0, 2400.0, 2430.0, 2450.0, 2490.0, 2530.0, 2570.0, 2590.0, 2580.0, 2560.0, 2440.0, 2300.0, 2170.0];"[2350.71994423 2345.05715527 2301.94172878 2215.5352031  2092.2326652
 1941.58587902 1783.42280562 1637.07935946 1524.1884194  1464.51761746
 1481.17423944 1607.61408824 1901.17491286]";2016-10-02 12:00:00;2016-12-25 12:00:00
56;13;ridge_log;0.4137707121235241;25.0;0.5893869629450983;1095.882005160122;0.5893679623582361;921.0290887433433;[2020.0, 2080.0, 2100.0, 2130.0, 2130.0, 2150.0, 2170.0, 2190.0, 2220.0, 2240.0, 2270.0, 2300.0, 2330.0];"[2028.32327684 2020.08271705 1942.28698111 1774.15408229 1543.22086756
 1284.15598737 1037.85395104  837.75560304  698.09982338  628.92665892
  641.00492363  776.82434701 1160.57918078]";2016-07-03 12:00:00;2016-09-25 12:00:00
89;13;ridge_log;0.024247617332335412;58.333333333333336;0.024536779415449475;48.722229880584095;0.024536095726572376;44.03407017188252;[1775.358, 1816.313, 1791.257, 1800.647, 1834.364, 1838.629, 1811.251, 1841.724, 1847.068, 1846.115, 1823.73, 1815.316, 1753.08];"[1736.97822632 1744.0768847  1752.31770817 1756.18243319 1759.12698964
 1774.75124028 1783.18850219 1792.14255361 1792.18193701 1807.36935142
 1811.73235966 1814.32880546 1808.1279039 ]";2016-01-10 12:00:00;2016-04-03 12:00:00
56;13;ridge_log;0.2234278039451144;58.333333333333336;0.22725266360074356;492.4652077123827;0.22724599231740977;393.74063652425286;[1490.0, 1500.0, 1520.0, 1550.0, 1570.0, 1610.0, 1660.0, 1710.0, 1780.0, 1830.0, 1880.0, 1940.0, 1980.0];"[1483.8967717  1536.096709   1628.78992293 1765.86796851 1938.17263867
 2123.63122807 2269.3915951  2334.71931739 2265.19599527 2041.39962016
 1687.37657288 1278.14367374  895.21970196]";2016-04-03 12:00:00;2016-06-26 12:00:00
66;13;ridge_log;0.06641185403240235;66.66666666666667;0.06966925260522852;1042.3574311209843;0.06966897591017882;877.2760716781127;[12799.0, 12920.0, 13070.0, 13267.0, 13198.0, 13164.0, 13167.0, 13157.0, 13252.0, 13168.0, 13155.0, 13236.0, 13381.0];"[12984.49444444 12994.32130839 12965.66859671 12851.68334311
 12703.35992849 12493.7723178  12280.34511616 12075.36988813
 11864.86943459 11716.49699738 11644.16273107 11671.01332001
 11803.48514757]";2005-09-25 12:00:00;2005-12-18 12:00:00
57;13;ridge_log;0.05533201416232202;75.0;0.05276437655069561;248.48296472660462;0.052763642175785656;190.86863944900597;[3485.0, 3651.0, 3681.0, 3704.0, 3737.0, 3907.0, 3747.0, 3820.0, 3842.0, 3649.0, 3414.0, 3116.0, 2984.0];"[3496.06553322 3658.38559682 3654.50461429 3720.26495719 3814.93830887
 3931.85097259 4062.14070329 4114.9772854  4072.53717822 3962.06506309
 3777.60292614 3566.82461029 3333.14379202]";2017-01-01 12:00:00;2017-03-26 12:00:00
24;13;ridge_log;0.732897789619648;50.0;0.4463814424807386;1106.0589444304785;0.4463690883003025;825.284427285774;[1818.0, 1637.0, 1363.0, 1461.0, 1337.0, 1286.0, 1104.0, 1201.0, 1396.0, 1170.0, 1171.0, 1056.0, 959.0];"[1925.91476925 1903.64794939 1740.42113529 1627.36810588 1588.36618504
 1656.31084141 1739.04306813 1826.73714142 2024.952646   2352.88504893
 2756.76958    3115.5164463  3429.76463766]";2016-01-31 12:00:00;2016-04-24 12:00:00
39;13;ridge_log;0.04694438468174151;66.66666666666667;0.045548588778097684;304.08495346161214;0.04554819770047539;265.31088849845133;[5559.605, 5539.68, 5571.105, 5607.82, 5606.99, 5612.63, 5690.055, 5708.68, 5681.515, 5668.74, 5656.665, 5629.61, 5654.33];"[5617.49203889 5615.44605583 5646.97658734 5708.22423087 5787.49172551
 5873.65283671 5964.52083866 6039.13654193 6100.12586269 6131.41653021
 6120.08223168 6067.31180091 5964.58926925]";2018-04-01 12:00:00;2018-06-24 12:00:00
7;13;ridge_log;0.5386070720389541;66.66666666666667;0.7904425794916258;3079.944628639431;0.7904299097299773;2676.3953445801117;[3430.0, 2870.0, 4620.0, 4890.0, 7470.0, 6960.0, 6430.0, 3970.0, 3650.0, 5730.0, 4500.0, 2870.0, 3270.0];"[3177.95983308 3150.20950895 2878.77001289 2708.71072021 2575.90299328
 2234.85719109 1899.51605655 1591.39335992 1421.44847666 1317.75789159
 1182.61724875 1126.86211174 1161.27413366]";2016-11-06 12:00:00;2017-01-29 12:00:00
57;13;ridge_log;0.1284496318601635;66.66666666666667;0.11742128714074312;535.3688058674087;0.11741974158837377;446.3159882194899;[3971.0, 3872.0, 3890.0, 3862.0, 3803.0, 3618.0, 3509.0, 3475.0, 3474.0, 3433.0, 3296.0, 3385.0, 3408.0];"[4066.49417246 3953.09116733 4086.27011408 4018.83528968 4012.8557905
 4022.57159167 3934.11303212 3955.48491176 3946.19616267 3985.35790223
 4139.26731394 4246.76443372 4430.80596469]";2016-10-02 12:00:00;2016-12-25 12:00:00
66;13;ridge_log;0.0713429912179168;33.333333333333336;0.07539667517808922;1122.8898457956836;0.07539636192546034;907.4981665776047;[12540.0, 12431.0, 12252.0, 12258.0, 12300.0, 12390.0, 12404.0, 12462.0, 12663.0, 12759.0, 12887.0, 13024.0, 12979.0];"[12629.20839566 12617.36447417 12481.94330017 12252.22181804
 11993.75664324 11712.54947408 11480.12179294 11267.19710279
 11141.84673284 11090.65621186 11131.76010031 11266.43894605
 11497.49118234]";2005-06-26 12:00:00;2005-09-18 12:00:00
57;13;ridge_log;0.12081092004769325;41.666666666666664;0.13176929307100554;602.162428103966;0.1317675911161672;510.1452316626036;[3962.0, 3906.0, 4053.0, 3913.0, 4043.0, 4078.0, 4208.0, 4371.0, 4243.0, 4360.0, 4354.0, 4078.0, 4156.0];"[4012.51793964 3896.291329   3912.82957205 3721.41931709 3644.91800217
 3586.03233725 3528.54690122 3477.73459053 3443.7658843  3408.41360566
 3445.14022409 3514.91189012 3601.62627455]";2016-07-03 12:00:00;2016-09-25 12:00:00
40;13;ridge_log;0.02105001468453582;41.666666666666664;0.02077911672131711;141.79105304295604;0.020778947547673794;127.6128512617276;[6138.53, 6046.39, 6014.57, 6020.12, 6111.92, 6065.35, 6090.68, 6170.24, 6206.4, 6161.53, 6092.33, 6028.87, 6039.88];"[6194.73029316 6205.79999903 6213.52976101 6216.13777257 6213.21282717
 6213.10097523 6208.89485462 6214.64693596 6225.66629714 6233.23904654
 6239.45137571 6236.54629412 6230.82063416]";2018-07-08 12:00:00;2018-09-30 12:00:00
90;13;ridge_log;0.017892214570495987;58.333333333333336;0.01764802088401185;434.8819832806182;0.017647976365627725;349.8115928238854;[19466.9, 19798.45, 19924.33, 19681.8, 19608.88, 19636.22, 19838.41, 20051.33, 19701.9, 19697.26, 19797.94, 19395.38, 19260.01];"[19730.26135275 19719.2927986  19933.38186716 19848.94353438
 20009.2406661  19997.72187645 20155.28739641 20100.84721928
 20091.99556468 20087.57195203 20186.84447954 20203.12367888
 20183.53391765]";2016-10-09 12:00:00;2017-01-01 12:00:00
25;13;ridge_log;0.2845926856639588;58.333333333333336;0.35580475356622243;1803.7061939613052;0.3558003241245008;1450.8009710960473;[2672.0, 3061.0, 2947.0, 4293.0, 3409.0, 4660.0, 5136.0, 6235.0, 5580.0, 4585.0, 6168.0, 4943.0, 3945.0];"[2826.26392056 3055.77295182 3131.46841407 3186.82950986 3247.24708766
 3353.65452083 3307.21051103 3222.02524013 3031.22805518 2920.62822334
 2890.19941717 2730.54571027 2547.97848309]";2016-10-30 12:00:00;2017-01-22 12:00:00
57;13;ridge_log;0.11893859795983484;66.66666666666667;0.11174189928718971;509.695508622663;0.1117404813839322;441.42018581031084;[3566.0, 3738.0, 3787.0, 3805.0, 3632.0, 3633.0, 3589.0, 3656.0, 3743.0, 3742.0, 3925.0, 3796.0, 3992.0];"[3353.91635774 3406.22127276 3580.55913296 3699.25358662 3926.95788308
 4187.43806726 4357.67801099 4530.40613505 4543.03163129 4455.10007297
 4309.6679165  4020.57207939 3724.43903092]";2016-04-03 12:00:00;2016-06-26 12:00:00
7;13;ridge_log;0.20786106342291005;50.0;0.18156160838614308;466.8395113202397;0.1815573914066879;399.8603252688539;[2120.0, 2040.0, 1790.0, 1630.0, 1880.0, 1880.0, 1920.0, 1430.0, 2390.0, 3330.0, 2250.0, 2470.0, 3030.0];"[2215.93606878 2342.76131091 2172.21159917 2206.13471242 2240.15685609
 2361.1451881  2270.12566327 2364.78664394 2418.1832711  2788.33289624
 2876.68328114 2923.36247467 2964.96994485]";2016-08-07 12:00:00;2016-10-30 12:00:00
66;13;ridge_log;0.09699712048420356;33.333333333333336;0.10360403342146086;1362.7461690689884;0.10360358100907861;1186.395183767358;[11456.0, 11512.0, 11682.0, 11938.0, 12073.0, 12107.0, 12149.0, 12142.0, 12206.0, 12215.0, 12366.0, 12407.0, 12551.0];"[11564.50910729 11541.21680685 11433.70505963 11256.74790802
 11059.07132469 10850.83332714 10691.53759778 10540.06600833
 10448.85611762 10424.47639719 10470.80696704 10591.17219944
 10783.31561826]";2005-03-27 12:00:00;2005-06-19 12:00:00
58;13;ridge_log;0.22821105409625936;83.33333333333333;0.19128950706333792;454.9626398780951;0.19128470229415898;386.64028940885174;[2350.0, 2040.0, 2030.0, 1600.0, 1160.0, 2140.0, 2780.0, 1910.0, 2180.0, 2170.0, 2010.0, 1690.0, 1880.0];"[2355.24268859 2332.07004732 2329.16028158 2121.67930183 2222.41650525
 2411.7949415  2501.76414525 2301.67127029 2421.27765698 2439.94489472
 2367.37812181 2296.03431789 2309.4178798 ]";2017-01-01 12:00:00;2017-03-26 12:00:00
40;13;ridge_log;0.013585352163136876;66.66666666666667;0.01369442339237311;99.31108874640108;0.013694312604682799;84.64189123623055;[6242.89, 6194.54, 6208.46, 6161.88, 6155.6, 6258.16, 6354.59, 6256.92, 6181.0, 6159.31, 6158.44, 6205.12, 6201.48];"[6243.96503783 6238.52091473 6234.98419274 6227.09920572 6201.767326
 6164.32606928 6142.07445244 6117.18193584 6092.64272388 6080.66454791
 6076.92363719 6082.642025   6101.1866994 ]";2018-04-08 12:00:00;2018-07-01 12:00:00
67;13;ridge_log;0.03459663055458274;58.333333333333336;0.033698512818030164;301.8243753523934;0.03369827805249508;241.87885250367316;[6925.91, 6949.42, 6997.28, 7002.45, 6998.8, 6970.53, 7019.43, 7039.14, 7041.96, 6974.79, 6967.61, 6968.64, 6957.49];"[6917.83662685 6910.20352947 6944.7174655  6993.42661171 7077.16514815
 7191.78688559 7297.60221026 7383.08654529 7459.32949835 7488.44813061
 7466.02152173 7375.68836647 7234.81100962]";2012-08-19 12:00:00;2012-11-11 12:00:00
58;13;ridge_log;0.3779999945509055;41.666666666666664;0.4847454798009917;1082.5178495900577;0.48473320817169757;968.7675126683243;[2030.0, 2670.0, 2360.0, 2870.0, 3250.0, 2790.0, 2530.0, 1560.0, 2600.0, 1960.0, 2060.0, 1800.0, 2690.0];"[1182.80472993 1312.36897317 1399.92999345 1364.31192685 1428.01837498
 1504.24213356 1488.52383172 1472.07558447 1434.37810723 1435.88961694
 1488.36974738 1558.60306122 1506.50625443]";2016-10-02 12:00:00;2016-12-25 12:00:00
58;13;ridge_log;0.1464793991170345;16.666666666666668;0.13396837850201407;237.40704626595698;0.13396357947902687;188.84543344232532;[1670.0, 1640.0, 1500.0, 1680.0, 1700.0, 1510.0, 1340.0, 1060.0, 1610.0, 1660.0, 1410.0, 1400.0, 980.0];"[1533.19594016 1560.90560489 1562.60618813 1513.43322869 1409.5842868
 1361.60609438 1449.24769428 1526.30512468 1516.35761904 1472.42287661
 1499.63725097 1496.45589887 1508.24412837]";2016-07-03 12:00:00;2016-09-25 12:00:00
25;13;ridge_log;0.16326278038802133;50.0;0.15057471765198274;517.0549468572212;0.15057220231189278;451.73675064391944;[3184.0, 3643.0, 2946.0, 2974.0, 2711.0, 2826.0, 2615.0, 2626.0, 2460.0, 2564.0, 3162.0, 2766.0, 2687.0];"[2935.02165809 2948.04600561 2980.14507931 2953.72322901 3112.21619362
 3161.82170263 3226.3663695  3194.63680669 3162.09303735 3192.57521087
 3350.49623705 3467.98165064 3423.03636342]";2016-07-31 12:00:00;2016-10-23 12:00:00
7;13;ridge_log;0.12435227641060013;66.66666666666667;0.13906710696932584;705.2351425773819;0.1390645289401207;389.8681766932435;[2040.0, 2430.0, 2610.0, 2840.0, 2440.0, 2780.0, 2180.0, 2200.0, 2020.0, 4700.0, 2490.0, 2110.0, 2050.0];"[2133.56161789 2230.63048784 2201.93993657 2270.75517072 2401.16947143
 2483.3078802  2460.49735438 2396.47719455 2366.73616843 2345.60012303
 2257.82754946 2112.97505857 2000.73047757]";2016-05-08 12:00:00;2016-07-31 12:00:00
90;13;ridge_log;0.01943669393221189;41.666666666666664;0.01952233989179167;461.64750279114764;0.019522290654113206;387.05068519405734;[19738.51, 19744.86, 20224.75, 20154.48, 19994.55, 19941.19, 19917.24, 19940.81, 19860.16, 19771.83, 20110.02, 20520.74, 19441.44];"[19432.22174764 19348.41371805 19500.11146489 19386.25645934
 19543.58769751 19546.59760843 19716.47068856 19758.57112182
 19918.98497537 20070.57555217 20256.00584722 20321.14123058
 20345.78426959]";2016-07-10 12:00:00;2016-10-02 12:00:00
67;13;ridge_log;0.06148114899589446;33.333333333333336;0.05861800134829053;539.2803734270096;0.058617599717267085;427.7776034952684;[7112.22, 7125.71, 7208.38, 7184.73, 7151.64, 7082.36, 6976.92, 6980.43, 6973.99, 6934.51, 6917.6, 6913.45, 6911.73];"[7135.47255511 7133.09363032 7165.00533858 7221.53123434 7295.8461852
 7391.04412777 7484.54425028 7579.40610037 7679.95856474 7749.8266511
 7765.24240819 7722.6005645  7624.45791209]";2012-05-20 12:00:00;2012-08-12 12:00:00
58;13;ridge_log;0.2503766032220939;33.333333333333336;0.21918258781185945;396.94696204195577;0.21917570101915101;352.706939034551;[1780.0, 1480.0, 1080.0, 1400.0, 1100.0, 2080.0, 2060.0, 1690.0, 1560.0, 1240.0, 1800.0, 1550.0, 1570.0];"[1574.38474646 1790.25314435 1662.51169848 1554.2342598  1825.10341276
 1700.49288146 1625.4697733  1814.61251776 1904.10468753 1806.90997548
 1921.35037701 1956.32380079 1800.13373471]";2016-04-03 12:00:00;2016-06-26 12:00:00
40;13;ridge_log;0.024533985446700414;50.0;0.024177491735869697;166.65472561793598;0.024177299226735584;151.83661446667352;[6194.92, 6161.45, 6167.22, 6120.26, 6156.06, 6159.29, 6137.51, 6240.22, 6210.2, 6144.64, 6204.38, 6259.06, 6255.12];"[6232.0918536  6236.37742781 6240.47071722 6245.36022693 6259.96698958
 6294.75345696 6332.0899178  6357.50955905 6392.46403882 6416.12741051
 6446.71731553 6461.57607892 6468.70099535]";2018-01-07 12:00:00;2018-04-01 12:00:00
67;13;ridge_log;0.013232328686290911;50.0;0.01335174328111807;114.27668325940519;0.013351651295667726;96.90685481615066;[7309.97, 7340.33, 7383.94, 7404.36, 7381.58, 7366.77, 7332.78, 7336.38, 7297.89, 7209.33, 7163.9, 7156.12, 7146.0];"[7294.37071361 7292.49085446 7302.95690449 7293.90154995 7259.83454314
 7208.89831683 7171.2556912  7137.99308169 7123.70574946 7114.46052211
 7123.00705235 7147.58448341 7192.89857532]";2012-02-19 12:00:00;2012-05-13 12:00:00
7;13;ridge_log;1.5302967308962017;58.333333333333336;0.7426879027289833;3770.701016116265;0.7426782754779571;3050.796136431166;[3140.0, 2410.0, 1960.0, 2160.0, 2230.0, 2320.0, 1970.0, 1660.0, 1860.0, 2300.0, 2080.0, 1830.0, 2020.0];"[3275.86166697 3194.00485145 3180.86174458 3091.69975889 3575.80138705
 3957.66064942 4411.98891035 5028.58141401 5766.39351904 7113.48276341
 7965.60231957 8469.121539   8569.28924986]";2016-02-07 12:00:00;2016-05-01 12:00:00
25;13;ridge_log;0.2169425821174658;41.666666666666664;0.18868042924909315;770.12364129578;0.1886776934326447;653.6729330335359;[2841.0, 2684.0, 3342.0, 3072.0, 3792.0, 3102.0, 3135.0, 3031.0, 2847.0, 3076.0, 3444.0, 3522.0, 2869.0];"[3273.68507218 3502.08247727 3615.8009212  3643.54676697 3878.56534425
 4142.26109702 4270.59182753 4325.59184322 4034.75475266 3899.92699651
 3859.79229726 3576.64715756 3231.5015758 ]";2016-05-01 12:00:00;2016-07-24 12:00:00
40;13;ridge_log;0.018561966111768698;66.66666666666667;0.01835801518860565;128.21337172546674;0.018357871398213273;117.19578882908004;[6268.37, 6231.4, 6336.5, 6403.91, 6341.98, 6289.34, 6334.15, 6362.68, 6333.41, 6400.89, 6345.67, 6326.76, 6241.49];"[6389.37367447 6385.18304944 6394.36030262 6434.3103223  6471.22928955
 6496.65609403 6517.04827462 6510.94180101 6502.42089747 6466.20140415
 6435.67348935 6389.73630419 6346.96035156]";2017-10-08 12:00:00;2017-12-31 12:00:00
67;13;ridge_log;0.015145350726190533;50.0;0.015007316217172533;121.23570880403982;0.015007213737888927;109.89152797575382;[7209.38, 7181.44, 7188.09, 7174.97, 7194.81, 7277.06, 7317.05, 7316.3, 7288.98, 7267.65, 7264.29, 7286.0, 7285.98];"[7227.46873628 7249.16704079 7261.30060623 7302.17272773 7324.30385105
 7359.99058967 7403.97659608 7446.25018403 7458.49802913 7465.20329015
 7444.23997024 7405.08400664 7332.93423568]";2011-11-20 12:00:00;2012-02-12 12:00:00
90;13;ridge_log;0.022538119796189155;58.333333333333336;0.02277000063161115;543.7857897130463;0.022769942577431805;446.5791027923596;[19105.97, 19157.62, 19497.48, 19939.33, 19867.41, 20028.18, 20037.98, 20201.76, 19945.86, 20119.04, 19865.19, 19909.25, 19059.54];"[19045.56297224 19031.44576554 19144.3268492  19105.06377224
 19261.1440684  19268.57352795 19381.63608811 19421.78614802
 19570.54160449 19715.70496865 19866.52695975 19906.42091733
 19906.05805872]";2016-04-10 12:00:00;2016-07-03 12:00:00
41;13;ridge_log;0.02132146265968514;50.0;0.02104562219023786;143.34341423027146;0.021045451144155732;129.4741034456602;[6145.38, 6055.38, 6021.96, 6036.22, 6123.1, 6070.16, 6098.74, 6178.74, 6219.68, 6168.3, 6093.4, 6048.22, 6047.21];"[6204.73895146 6213.98438374 6224.68001607 6229.73482981 6228.03751608
 6223.66263074 6217.60843013 6225.42992915 6235.67674234 6244.69671047
 6250.10691305 6247.5768758  6243.71941595]";2018-07-08 12:00:00;2018-09-30 12:00:00
68;13;ridge_log;0.03695995116088732;58.333333333333336;0.03596325787772694;320.0311659404629;0.03596300748123402;258.290067194321;[6930.32, 6983.87, 7009.79, 7004.0, 7003.5, 6971.28, 7036.53, 7049.97, 7035.15, 6965.37, 6967.94, 6962.49, 6960.41];"[6899.02248446 6908.27372854 6929.86959851 6993.06289366 7069.72143219
 7172.59095785 7268.56216328 7365.57199467 7444.16397743 7498.32993918
 7501.56405769 7451.9245806  7340.2304758 ]";2012-08-19 12:00:00;2012-11-11 12:00:00
59;13;ridge_log;0.03847226979117246;50.0;0.039496328357511275;425.8602157701649;0.03949611485047809;365.3279354794774;[9160.47, 9180.81, 9257.59, 9244.22, 9195.97, 9383.28, 9480.43, 9506.87, 9431.19, 9450.03, 9630.17, 9660.81, 9601.98];"[9051.76464828 9055.88666434 9064.16609656 9080.40543189 9084.67947145
 9093.56860471 9094.90654142 9074.14436391 9046.75634765 9008.60808752
 8963.29519384 8924.39203734 8891.98334987]";2016-10-16 12:00:00;2017-01-08 12:00:00
25;13;ridge_log;0.35711782105956025;58.333333333333336;0.293901760230155;1323.8833610207862;0.2938980754908955;1197.5270260221214;[4826.0, 3982.0, 3492.0, 3404.0, 3462.0, 3572.0, 3226.0, 3436.0, 2528.0, 2880.0, 3546.0, 3098.0, 2939.0];"[5885.96912628 6020.0988741  5441.21137788 4842.65436262 4432.31952362
 4441.5357446  3940.21765421 3622.25416869 3436.22244578 3639.16232896
 4456.70980123 4775.79749193 5024.6984384 ]";2016-01-31 12:00:00;2016-04-24 12:00:00
8;13;ridge_log;0.3294495033955338;50.0;0.4139980568934053;3199.2264169060722;0.41399501916756315;2853.762070467769;[8100.0, 7481.0, 8953.0, 8087.0, 9724.0, 8993.0, 10011.0, 9705.0, 8397.0, 7560.0, 8669.0, 7574.0, 7106.0];"[7698.02546072 7572.95219349 6886.21512196 6529.45743393 6268.78837925
 5872.98156214 5352.44457223 4793.98630148 4546.81764513 4499.97291245
 4383.94192493 4409.19742646 4630.21653672]";2016-11-06 12:00:00;2017-01-29 12:00:00
68;13;ridge_log;0.07196586831596598;16.666666666666668;0.06808300071024838;633.5035953135932;0.06808253767846716;500.61058870358073;[7084.31, 7213.96, 7210.41, 7193.77, 7132.76, 6989.48, 6984.93, 6978.37, 6980.37, 6925.21, 6931.86, 6911.15, 6919.07];"[7109.46413941 7097.99961785 7114.52813444 7171.63952601 7243.33313474
 7344.83744207 7461.13772415 7596.37984515 7731.97279999 7853.97461669
 7930.61791698 7948.49609489 7891.26121736]";2012-05-20 12:00:00;2012-08-12 12:00:00
41;13;ridge_log;0.012666354427400214;58.333333333333336;0.012764057390557509;93.7777762648468;0.012763954400023148;79.09835954701485;[6253.59, 6206.21, 6210.0, 6172.24, 6173.28, 6271.71, 6366.1, 6266.33, 6198.17, 6171.91, 6171.21, 6216.29, 6209.94];"[6247.50784747 6240.69829384 6239.30802628 6236.4106188  6210.21071852
 6177.82260844 6157.40315178 6132.78250005 6112.81390593 6103.01288015
 6099.69528592 6106.00110533 6124.82969826]";2018-04-08 12:00:00;2018-07-01 12:00:00
68;13;ridge_log;0.015152547613888161;58.333333333333336;0.015295184507269969;125.45573544155208;0.015295079232023785;111.11613955233148;[7336.09, 7379.33, 7407.99, 7392.09, 7391.54, 7358.16, 7339.81, 7326.71, 7289.33, 7201.37, 7172.15, 7150.62, 7145.48];"[7291.86418943 7279.91836902 7273.63207393 7258.00107786 7229.48440204
 7191.90938822 7161.89843346 7140.1278545  7129.09525963 7124.49015235
 7132.40282303 7157.13750474 7201.7263329 ]";2012-02-19 12:00:00;2012-05-13 12:00:00
26;13;ridge_log;0.2873318083391689;58.333333333333336;0.35171783629787673;1151.3489284426366;0.35171105651689183;932.3152312565653;[2144.0, 2144.0, 1752.0, 2314.0, 2645.0, 2643.0, 3120.0, 3302.0, 3802.0, 2762.0, 3713.0, 4473.0, 2643.0];"[1852.78845051 1901.59507858 1891.11213468 1935.47350312 1941.76054061
 2014.92699644 2053.87421177 2063.3847156  2061.50001694 2008.65006488
 2007.65479947 1952.40535926 1930.00039116]";2016-10-30 12:00:00;2017-01-22 12:00:00
68;13;ridge_log;0.013932852756086954;41.666666666666664;0.013813748407615909;112.63196059731575;0.013813654054569266;101.12552608924831;[7187.33, 7197.18, 7182.21, 7179.1, 7213.96, 7316.31, 7318.03, 7313.09, 7268.33, 7265.62, 7282.0, 7296.35, 7293.58];"[7233.66390386 7242.16420412 7263.08953773 7293.7524117  7318.17645825
 7350.11682374 7390.76203115 7427.95492952 7448.42482472 7454.83731044
 7443.47156874 7410.11844451 7351.18939068]";2011-11-20 12:00:00;2012-02-12 12:00:00
59;13;ridge_log;0.014182759004094244;50.0;0.014320509955599997;148.95150796802446;0.01432042984219311;127.99744025553963;[9064.6, 9094.8, 9162.54, 9023.47, 9047.96, 8966.55, 8909.72, 9004.69, 8987.41, 8996.96, 9044.13, 9010.35, 9034.15];"[9049.94677629 9044.329614   9021.08654008 8991.03406961 8948.4393211
 8903.49684965 8848.43074379 8802.05249777 8777.71218133 8775.14707868
 8797.01137496 8834.34083238 8890.33539704]";2016-07-17 12:00:00;2016-10-09 12:00:00
8;13;ridge_log;0.11520616082164442;66.66666666666667;0.1150478170068649;815.9958084861464;0.11504687024371957;704.2585376161668;[6164.0, 5602.0, 5442.0, 5165.0, 6209.0, 5250.0, 5245.0, 5260.0, 5367.0, 7436.0, 6370.0, 7070.0, 7670.0];"[6282.75866984 6253.57134109 6071.62407419 6041.4054     6063.99187912
 6073.61759582 5963.27374883 5802.21838309 5838.68337007 6049.61156583
 6099.54871214 6080.6631821  6137.97625472]";2016-08-07 12:00:00;2016-10-30 12:00:00
41;13;ridge_log;0.02475397854810102;41.666666666666664;0.024411846429526176;163.385130412006;0.024411652211825507;153.43051768860752;[6214.81, 6168.71, 6181.64, 6127.99, 6165.07, 6170.43, 6145.25, 6259.9, 6224.99, 6162.5, 6219.8, 6269.95, 6259.64];"[6267.71767047 6274.86143734 6269.98510534 6272.81309551 6281.10783192
 6315.97226475 6341.37159506 6366.85779515 6394.39741465 6416.33630688
 6442.45347072 6456.65657569 6464.74616648]";2018-01-07 12:00:00;2018-04-01 12:00:00
69;13;ridge_log;0.010590839688310679;58.333333333333336;0.010477067069724772;40.26265018605768;0.010476868940108273;27.702576679145402;[2612.74, 2607.29, 2583.84, 2601.24, 2597.5, 2591.6, 2648.13, 2649.71, 2654.19, 2655.63, 2614.58, 2613.64, 2614.93];"[2605.61544308 2604.73113022 2600.53164432 2601.90247447 2610.93646239
 2622.3642366  2633.24807902 2646.52459882 2664.8479284  2678.9245752
 2690.32017818 2695.62421925 2694.08102915]";2016-10-16 12:00:00;2017-01-08 12:00:00
90;13;ridge_log;0.028686829880752076;50.0;0.029111266133806053;595.4312339813795;0.029111190097940925;557.3300186759154;[18920.64, 19373.86, 19171.97, 19304.01, 19574.43, 19620.3, 19387.7, 19666.16, 19705.84, 19706.06, 19475.8, 19368.65, 18705.66];"[18613.60027444 18550.56036005 18711.33004544 18633.29633347
 18777.56528598 18788.97850503 18934.44079969 18957.48713439
 19046.32718149 19101.9830143  19194.57851987 19205.2049631
 19190.88266004]";2016-01-10 12:00:00;2016-04-03 12:00:00
26;13;ridge_log;0.4468902922578811;58.333333333333336;0.3596626263989507;847.0359552229176;0.3596547458562819;823.5520323433741;[2417.0, 2134.0, 1964.0, 1706.0, 1874.0, 2078.0, 1994.0, 1916.0, 1745.0, 1560.0, 1872.0, 1657.0, 1853.0];"[2795.248721   2819.37296755 2674.82601584 2871.25025534 2942.85412441
 2812.80410863 2821.66921543 2637.05774526 2629.00086927 2566.43398922
 2736.05736292 2638.08199566 2531.51904994]";2016-07-31 12:00:00;2016-10-23 12:00:00
41;13;ridge_log;0.01774253801918791;75.0;0.017552488885615534;124.03366995110815;0.01755235172666174;112.31592607319104;[6278.54, 6247.28, 6368.96, 6412.2, 6356.73, 6304.28, 6375.15, 6372.25, 6340.92, 6415.0, 6359.2, 6344.36, 6272.67];"[6413.02397075 6409.18008522 6411.76373387 6450.6960448  6480.76972308
 6511.65793683 6526.0338375  6522.65723953 6507.82607579 6475.59678012
 6442.93824368 6398.16918042 6357.33418734]";2017-10-08 12:00:00;2017-12-31 12:00:00
59;13;ridge_log;0.06596330980462353;41.666666666666664;0.06307801763618813;697.6433251828681;0.06307768098089647;591.0820166830788;[8936.05, 8921.5, 8927.53, 8818.28, 8914.77, 8958.75, 9063.82, 9055.79, 8928.68, 8926.28, 8906.9, 8997.23, 9034.72];"[ 8945.38808759  8977.58394564  9061.72264995  9193.93258469
  9377.40557145  9587.24691495  9785.04267612  9940.48258685
 10027.33807636 10035.40112005  9949.01896485  9743.65577428
  9450.14726409]";2016-04-17 12:00:00;2016-07-10 12:00:00
8;13;ridge_log;0.13346730199995377;41.666666666666664;0.1231283746256491;902.2904140245664;0.12312743237440382;805.3662634306476;[6620.0, 6025.0, 5964.0, 5975.0, 5691.0, 5874.0, 5971.0, 6311.0, 6196.0, 7262.0, 6322.0, 5908.0, 6193.0];"[6687.84694242 6830.1229416  6559.94785177 6456.31981395 6710.1878113
 7108.68838242 7125.22219536 6909.48915799 6986.21291676 7373.87234923
 7513.36140336 7349.19547604 7171.29418241]";2016-05-08 12:00:00;2016-07-31 12:00:00
69;13;ridge_log;0.021829631801404754;41.666666666666664;0.02154727826340583;70.66326807086546;0.02154687254514826;57.218855068832696;[2608.07, 2646.66, 2640.57, 2648.46, 2647.64, 2668.46, 2641.29, 2629.53, 2628.42, 2628.2, 2602.33, 2599.62, 2609.4];"[2601.11362223 2606.39837111 2604.3796751  2607.4865831  2619.26114864
 2629.92629866 2646.78377386 2666.2458444  2685.57270219 2703.90288427
 2721.71009988 2732.43326316 2734.69224696]";2016-07-17 12:00:00;2016-10-09 12:00:00
69;13;ridge_log;0.0071548671409480975;50.0;0.00715988543387567;21.369365149054335;0.007159750046192164;18.93261377956126;[2669.63, 2633.77, 2647.55, 2648.15, 2648.42, 2678.92, 2648.23, 2651.82, 2653.24, 2640.42, 2627.41, 2621.7, 2608.32];"[2671.63180397 2669.66043122 2671.78252565 2669.71556047 2659.86660275
 2651.01349854 2638.94797303 2629.6240726  2621.57871382 2614.96903025
 2610.70887339 2609.97073167 2614.37994838]";2016-04-17 12:00:00;2016-07-10 12:00:00
26;13;ridge_log;0.1807041124826981;41.666666666666664;0.22034561401076783;1142.5450741600882;0.22034176279316486;661.0432759256437;[5139.0, 1923.0, 2329.0, 2704.0, 3107.0, 2300.0, 2160.0, 2001.0, 2328.0, 2282.0, 4730.0, 2567.0, 2012.0];"[2327.64623902 2349.89757111 2311.61185968 2325.07816893 2229.29371381
 2253.07904847 2189.41237017 2166.15883783 2110.86643112 2032.63364062
 2000.22935985 1952.20915571 1983.25857487]";2016-05-01 12:00:00;2016-07-24 12:00:00
42;13;ridge_log;0.02118171672267366;41.666666666666664;0.020908324190609825;142.5735505864101;0.020908154112076548;128.51728710015504;[6141.955, 6050.885, 6018.265, 6028.17, 6117.51, 6067.755, 6094.71, 6174.49, 6213.04, 6164.915, 6092.865, 6038.545, 6043.545];"[6200.59503994 6210.89992697 6219.76906648 6223.52259823 6220.32297391
 6217.88750683 6212.9204167  6219.70204028 6230.31877868 6238.48971224
 6244.34684047 6241.65756526 6236.94226633]";2018-07-08 12:00:00;2018-09-30 12:00:00
69;13;ridge_log;0.042959703239913286;33.333333333333336;0.04184954902817772;127.0765691616765;0.04184878156454666;114.11515989635896;[2685.56, 2645.19, 2632.35, 2634.92, 2635.38, 2630.17, 2669.06, 2663.58, 2661.49, 2666.25, 2658.36, 2664.73, 2668.03];"[2683.26810637 2684.8359512  2691.22492195 2706.80915647 2728.14465113
 2752.46448513 2775.14021909 2798.68863156 2822.2280429  2838.60934964
 2845.85258382 2841.41254869 2825.30464348]";2016-01-17 12:00:00;2016-04-10 12:00:00
8;13;ridge_log;0.4007322393300586;66.66666666666667;0.31130930304133625;3257.4856351610483;0.3113074968198642;2703.1520652177214;[7809.0, 7068.0, 6665.0, 6737.0, 6937.0, 7440.0, 6745.0, 6558.0, 6735.0, 8058.0, 6924.0, 6250.0, 6298.0];"[ 7935.52401668  7778.29811768  7521.55159499  7842.38933589
  8597.07534775  9038.05434023  9254.69354556  9660.57606124
 10477.65973223 11559.58648039 11998.64574818 11928.97772821
 11771.94479878]";2016-02-07 12:00:00;2016-05-01 12:00:00
42;13;ridge_log;0.013137775287819979;66.66666666666667;0.013241669063132542;96.69416137956998;0.01324156207522758;81.94813020265687;[6248.24, 6200.375, 6209.23, 6167.06, 6164.44, 6264.935, 6360.345, 6261.625, 6189.585, 6165.61, 6164.825, 6210.705, 6205.71];"[6245.23185962 6239.10635872 6237.40648124 6231.48153461 6205.7818704
 6170.63370674 6149.15542528 6124.54150074 6102.38372213 6091.33737915
 6087.88191137 6094.3421443  6113.41790302]";2018-04-08 12:00:00;2018-07-01 12:00:00
91;13;ridge_log;0.09647310603389386;58.333333333333336;0.09100076827790773;2354.586663634361;0.09100057315949774;2122.569559739802;[21837.03, 22832.08, 22198.61, 22399.36, 22658.55, 22969.77, 22908.66, 22311.88, 21853.35, 22670.54, 22686.31, 21102.33, 21032.34];"[23451.78461799 23734.70860065 24025.41339422 23622.2222188
 23723.65715714 24163.36410121 24543.89186207 24625.60553343
 24516.64098608 24995.84924669 25270.12520316 25391.23380961
 24989.71754557]";2016-10-09 12:00:00;2017-01-01 12:00:00
70;13;ridge_log;0.03095481565752954;8.333333333333334;0.030266028847898422;71.25918028995171;0.03026524925015461;58.74988535691453;[1930.0, 1927.0, 1927.0, 1907.0, 1906.0, 1903.0, 1903.0, 1902.0, 1897.0, 1897.0, 1896.0, 1893.0, 1892.0];"[1929.0103275  1925.91297645 1930.84147515 1934.14276517 1942.97648345
 1952.56530117 1965.08441946 1974.47519666 1984.69260506 1993.25590101
 2000.44700243 2003.07523854 2003.11542549]";2012-04-22 12:00:00;2012-07-15 12:00:00
26;13;ridge_log;0.3889048303854122;50.0;0.3213901012902515;830.8600267485588;0.32138367548118474;807.0736415805083;[2509.0, 2411.0, 1980.0, 1869.0, 1916.0, 2079.0, 2045.0, 2226.0, 1990.0, 1947.0, 2084.0, 2010.0, 2607.0];"[3256.53519267 3300.96680957 2981.49013813 2980.33492265 2864.07554803
 2848.57265736 2654.6449721  2686.06293741 2705.0617962  2861.17969338
 2974.34471346 2993.84052515 3057.84743443]";2016-01-31 12:00:00;2016-04-24 12:00:00
9;13;ridge_log;3.322503226447389e+304;0.0;inf;inf;inf;inf;[5122.14, 5104.68, 5104.68, 5104.68, 5565.7, 5565.7, 5565.7, 5565.7, 5565.7, 5544.94, 5544.94, 5544.94, 5544.94];"[-1.79769313e+308 -1.79769313e+308 -1.79769313e+308 -1.79769313e+308
 -1.79769313e+308 -1.79769313e+308 -1.79769313e+308 -1.79769313e+308
 -1.79769313e+308 -1.79769313e+308 -1.79769313e+308 -1.79769313e+308
 -1.79769313e+308]";2016-11-27 12:00:00;2017-02-19 12:00:00
42;13;ridge_log;0.024744457819688585;41.666666666666664;0.024391805344954307;165.83810579122562;0.024391611229760437;153.2608956918082;[6204.865, 6165.08, 6174.43, 6124.125, 6160.565, 6164.86, 6141.38, 6250.06, 6217.595, 6153.57, 6212.09, 6264.505, 6257.38];"[6248.89409467 6254.84041118 6253.74503219 6258.74689945 6270.13660044
 6305.6212751  6337.52789142 6363.29470262 6394.99992161 6418.21671648
 6446.72933333 6461.5350903  6468.60867519]";2018-01-07 12:00:00;2018-04-01 12:00:00
59;13;ridge_log;0.019836408388516486;50.0;0.01998654144406016;228.61698650458717;0.019986432363837833;183.13415468669993;[9487.52, 9538.98, 9513.06, 9463.65, 9273.47, 9235.57, 9282.9, 9312.47, 9218.57, 9164.94, 9036.84, 9094.99, 8984.47];"[9503.06024899 9481.77922946 9412.20024391 9308.1780533  9182.41102339
 9064.95253841 8966.12936252 8897.23385114 8890.95995832 8937.20199721
 9033.02181809 9189.78701195 9388.49482574]";2016-01-17 12:00:00;2016-04-10 12:00:00
70;13;ridge_log;0.27691252825974993;8.333333333333334;0.2431549536649246;542.8626646746982;0.2431495021125002;542.2608415752323;[1980.0, 1979.0, 1976.0, 1976.0, 1970.0, 1970.0, 1955.0, 1955.0, 1952.0, 1952.0, 1937.0, 1937.0, 1930.0];"[2484.32623831 2486.69186173 2489.20002194 2494.20823722 2497.83080816
 2501.12168808 2504.65445649 2507.49257353 2509.84354884 2511.28635194
 2512.20475312 2510.99251861 2508.5378825 ]";2012-01-22 12:00:00;2012-04-15 12:00:00
9;13;ridge_log;3.5880404199186903e+304;0.0;inf;inf;inf;inf;[4839.82, 4827.26, 4827.26, 4827.26, 4827.26, 5137.97, 5137.97, 5137.97, 5137.97, 5122.14, 5122.14, 5122.14, 5122.14];"[-1.79769313e+308 -1.79769313e+308 -1.79769313e+308 -1.79769313e+308
 -1.79769313e+308 -1.79769313e+308 -1.79769313e+308 -1.79769313e+308
 -1.79769313e+308 -1.79769313e+308 -1.79769313e+308 -1.79769313e+308
 -1.79769313e+308]";2016-08-28 12:00:00;2016-11-20 12:00:00
70;13;ridge_log;0.0014363410096193733;58.333333333333336;0.001436273218878568;4.297160224467639;0.0014362444834765712;3.5894205917934063;[2513.0, 2509.0, 2507.0, 2504.0, 2504.0, 2503.0, 2503.0, 2497.0, 2497.0, 2489.0, 2488.0, 2480.0, 2485.0];"[2505.16589998 2503.07237483 2504.68204148 2504.60270042 2504.65015448
 2507.34481396 2507.85631985 2500.25835179 2493.33548123 2490.32086887
 2488.66592204 2487.30580405 2488.91332974]";2011-10-23 12:00:00;2012-01-15 12:00:00
27;13;ridge_log;0.40609592605042266;25.0;0.5490515180616918;3128.888793920305;0.5490442660902435;2243.9983835474463;[7793.0, 3341.0, 3003.0, 3507.0, 2555.0, 3167.0, 3300.0, 3507.0, 8089.0, 8507.0, 5611.0, 4081.0, 3025.0];"[4034.71262933 4012.69995281 4219.27696704 3726.92219381 3372.54666244
 3028.41376646 2769.15066594 2394.26926779 1770.25715596 1689.88773592
 1715.24203739 1682.15581195 1749.37771923]";2016-10-30 12:00:00;2017-01-22 12:00:00
42;13;ridge_log;0.018181518514217374;66.66666666666667;0.017983824999700873;126.38686554682512;0.017983684319777513;114.95332974144465;[6273.455, 6239.34, 6352.73, 6408.055, 6349.355, 6296.81, 6354.65, 6367.465, 6337.165, 6407.945, 6352.435, 6335.56, 6257.08];"[6400.50074762 6396.82240908 6402.92892338 6443.46993117 6477.51204539
 6505.9395283  6522.98610816 6518.01286558 6505.90877275 6471.21705896
 6438.53293697 6392.5847735  6350.02218578]";2017-10-08 12:00:00;2017-12-31 12:00:00
105;13;ridge_log;0.007322920342664591;75.0;0.0073553266456202;17.34684035736318;0.0073551556311665656;15.817397122058328;[2162.966, 2167.806, 2153.199, 2154.003, 2164.848, 2171.359, 2157.906, 2154.995, 2160.496, 2165.439, 2154.43, 2155.905, 2159.078];"[2162.78546233 2153.53635088 2143.33954798 2145.54910854 2156.97434686
 2150.08017733 2136.10479397 2132.60406272 2144.00637289 2145.79838439
 2135.6278744  2128.97622998 2141.42112514]";2016-10-09 12:00:00;2017-01-01 12:00:00
9;13;ridge_log;3.811640331750429e+304;0.0;inf;inf;inf;inf;[4511.77, 4511.77, 4511.77, 4511.77, 4511.77, 4867.99, 4867.99, 4867.99, 4867.99, 4839.82, 4839.82, 4839.82, 4839.82];"[-1.79769313e+308 -1.79769313e+308 -1.79769313e+308 -1.79769313e+308
 -1.79769313e+308 -1.79769313e+308 -1.79769313e+308 -1.79769313e+308
 -1.79769313e+308 -1.79769313e+308 -1.79769313e+308 -1.79769313e+308
 -1.79769313e+308]";2016-05-29 12:00:00;2016-08-21 12:00:00
70;13;ridge_log;0.015868835088557385;25.0;0.015709197066382415;44.6937225946625;0.015708885149461917;39.558187289464826;[2530.0, 2529.0, 2490.0, 2490.0, 2484.0, 2483.0, 2475.0, 2475.0, 2521.0, 2520.0, 2515.0, 2514.0, 2513.0];"[2533.4027166  2534.43875136 2536.55489695 2538.70139249 2540.93322141
 2542.74718744 2544.47350914 2545.68914257 2546.85091869 2547.74033158
 2547.97654407 2547.43111505 2546.31670741]";2011-07-24 12:00:00;2011-10-16 12:00:00
9;13;ridge_log;3.9155449364509553e+304;0.0;inf;inf;inf;inf;[4567.44, 4567.44, 4567.44, 4567.44, 4567.44, 4627.31, 4627.06, 4627.06, 4627.06, 4585.32, 4585.32, 4585.32, 4585.32];"[-1.79769313e+308 -1.79769313e+308 -1.79769313e+308 -1.79769313e+308
 -1.79769313e+308 -1.79769313e+308 -1.79769313e+308 -1.79769313e+308
 -1.79769313e+308 -1.79769313e+308 -1.79769313e+308 -1.79769313e+308
 -1.79769313e+308]";2016-02-28 12:00:00;2016-05-22 12:00:00
91;13;ridge_log;0.035452232667566926;41.666666666666664;0.03400520634654975;1273.7524410463643;0.034005136537614174;828.5381106733774;[24394.77, 24354.93, 24197.39, 24521.79, 25155.81, 24962.28, 25022.52, 24605.69, 23810.62, 25197.06, 24773.89, 23024.74, 22173.6];"[24421.94050622 24701.27026916 24990.07908738 24657.01915837
 24688.04710001 24902.80362865 25109.3460806  25175.73938248
 25137.71237729 25478.27380867 25597.80877702 25706.00439388
 25345.56232635]";2016-07-10 12:00:00;2016-10-02 12:00:00
71;13;ridge_log;0.03132318232802296;25.0;0.030631026402105632;71.42626504979897;0.030630237350851533;59.4542754587883;[1930.0, 1927.0, 1927.0, 1907.0, 1906.0, 1903.0, 1903.0, 1902.0, 1897.0, 1897.0, 1896.0, 1893.0, 1892.0];"[1929.49986868 1926.9583911  1932.73747752 1935.70660515 1945.9975624
 1955.40056713 1968.81940875 1976.76291454 1987.47015356 1993.80464906
 2000.11295983 1999.95940063 1998.59214216]";2012-04-22 12:00:00;2012-07-15 12:00:00
105;13;ridge_log;0.016255584640245416;58.333333333333336;0.01643680466235881;40.68228317528514;0.01643641793546426;34.92970042526451;[2140.352, 2145.817, 2126.34, 2134.741, 2146.986, 2153.226, 2140.322, 2144.159, 2156.258, 2160.338, 2147.142, 2144.007, 2149.787];"[2140.97857568 2133.32017819 2122.44082676 2121.23731095 2125.70230885
 2116.65444055 2101.35295153 2095.22010553 2102.42285064 2102.20546307
 2091.07996178 2086.62586521 2097.4012071 ]";2016-07-10 12:00:00;2016-10-02 12:00:00
43;13;ridge_log;0.03767455216547129;33.333333333333336;0.038781353712213515;267.7666749689626;0.03878100598718356;216.2939101445897;[5813.55, 5803.23, 5757.77, 5759.23, 5771.95, 5725.27, 5728.63, 5776.84, 5770.71, 5736.46, 5731.8, 5711.86, 5671.25];"[5844.69166769 5852.46135164 5820.95116584 5759.71160358 5672.3869883
 5582.69287869 5491.80526267 5406.8957568  5340.02395586 5305.62125365
 5314.84325392 5369.07810258 5473.63750439]";2018-12-30 12:00:00;2019-03-24 12:00:00
27;13;ridge_log;0.4405381305262258;58.333333333333336;0.38849647768912343;1851.7297973820896;0.38849048249758045;1361.153564182803;[2771.0, 2235.0, 2756.0, 2328.0, 2292.0, 2373.0, 2125.0, 1976.0, 2225.0, 2031.0, 2670.0, 8314.0, 4241.0];"[4153.93518577 4247.92675758 3964.23748622 3783.41382084 3694.6518574
 3556.73356513 2842.59077029 2575.71907688 2651.28049567 2803.32471953
 2824.53314192 2928.72801167 3247.62253118]";2016-07-31 12:00:00;2016-10-23 12:00:00
71;13;ridge_log;0.27724190065706256;16.666666666666668;0.24341381867366782;543.4767641162609;0.2434083620868163;542.9155206587762;[1980.0, 1979.0, 1976.0, 1976.0, 1970.0, 1970.0, 1955.0, 1955.0, 1952.0, 1952.0, 1937.0, 1937.0, 1930.0];"[2485.09149024 2486.79944316 2490.1389449  2495.76764524 2499.9879631
 2504.07518321 2506.72564991 2509.95035725 2510.66446683 2511.81345271
 2511.24826676 2509.14012403 2505.49878122]";2012-01-22 12:00:00;2012-04-15 12:00:00
105;13;ridge_log;0.010528407344321046;83.33333333333333;0.010608210755104909;26.828018076441083;0.010607958737609068;22.326217640193555;[2102.898, 2097.007, 2094.265, 2101.58, 2113.538, 2120.345, 2109.801, 2113.966, 2120.383, 2128.76, 2121.813, 2119.108, 2132.56];"[2105.40777698 2102.84967354 2095.12011334 2095.61534135 2100.67794059
 2097.87429379 2087.78225184 2085.55593046 2090.86577293 2091.82382407
 2084.32876759 2080.47727262 2085.81933928]";2016-04-10 12:00:00;2016-07-03 12:00:00
10;13;ridge_log;0.24350050716771113;58.333333333333336;0.20681557830802733;93.7852774990537;0.20678796232637012;77.62148184514507;[337.19, 359.52, 357.62, 368.22, 328.77, 391.31, 340.06, 323.19, 323.3, 339.94, 316.45, 295.99, 280.07];"[336.25057681 334.18319572 338.88892054 358.24748879 391.4834073
 418.52157956 426.02894317 441.66054538 456.98754895 463.08430748
 450.82725647 431.68644186 412.89941567]";2016-11-27 12:00:00;2017-02-19 12:00:00
71;13;ridge_log;0.0015186064475046388;58.333333333333336;0.0015183186620391052;4.171237062509042;0.0015182882652918332;3.791980185417567;[2513.0, 2509.0, 2507.0, 2504.0, 2504.0, 2503.0, 2503.0, 2497.0, 2497.0, 2489.0, 2488.0, 2480.0, 2484.0];"[2509.0762864  2503.10982157 2503.1428509  2502.3184242  2500.81782118
 2507.02645778 2505.79036497 2499.69228209 2493.44138516 2491.25254396
 2489.8404404  2488.10653956 2489.49370305]";2011-10-23 12:00:00;2012-01-15 12:00:00
105;13;ridge_log;0.008346976253449951;91.66666666666667;0.00838878710183007;20.19645676911806;0.008388585859661936;17.484062657150215;[2095.428, 2087.78, 2086.454, 2085.857, 2094.13, 2097.782, 2090.825, 2087.791, 2096.35, 2099.928, 2094.586, 2092.562, 2100.755];"[2104.12363669 2101.75384328 2089.46761265 2085.46581859 2088.34049706
 2083.640828   2071.54099433 2065.03224525 2070.0337074  2073.42484278
 2068.79308128 2062.88338911 2069.80087428]";2016-01-10 12:00:00;2016-04-03 12:00:00
71;13;ridge_log;0.016016412681642136;33.333333333333336;0.015852605742361678;45.27253743295551;0.015852291004164173;39.922588303079536;[2530.0, 2529.0, 2490.0, 2490.0, 2484.0, 2483.0, 2475.0, 2475.0, 2521.0, 2520.0, 2515.0, 2514.0, 2513.0];"[2533.42153285 2534.77333187 2536.96795879 2539.88583308 2542.10207058
 2544.4344144  2545.85131732 2546.85232254 2547.54015867 2547.8469999
 2547.40334572 2546.25066223 2544.66369999]";2011-07-24 12:00:00;2011-10-16 12:00:00
10;13;ridge_log;0.38899324153594317;66.66666666666667;0.30516715195815947;157.19277648875806;0.30513232045764754;133.81546344096384;[427.78, 437.81, 417.77, 415.81, 431.78, 387.4, 343.68, 328.86, 334.28, 360.27, 327.28, 314.49, 326.39];"[446.67266416 451.87475832 441.56859496 461.19162488 496.19532194
 531.66254028 526.77338423 536.9139807  547.6095518  565.06903602
 550.77016826 527.62320273 509.27619645]";2016-08-28 12:00:00;2016-11-20 12:00:00
91;13;ridge_log;0.026504642201431387;66.66666666666667;0.025897432094824938;922.9921229214793;0.02589738025801925;647.0820017357829;[25624.05, 25977.41, 25037.25, 24562.82, 24782.48, 25173.1, 25001.34, 25142.82, 25202.65, 25557.09, 25108.25, 24157.33, 23224.19];"[25118.1599734  25127.73246261 25279.71591572 25036.87945545
 25083.99184236 25244.20178936 25350.23032044 25509.91857568
 25453.22217373 25766.34208098 25722.3351195  25891.25486571
 25667.72631966]";2016-04-10 12:00:00;2016-07-03 12:00:00
72;13;ridge_log;0.031214111178614442;25.0;0.030525614401907132;71.23532554615255;0.03052482802679373;59.246722730024324;[1930.0, 1927.0, 1927.0, 1907.0, 1906.0, 1903.0, 1903.0, 1902.0, 1897.0, 1897.0, 1896.0, 1893.0, 1892.0];"[1929.59016689 1926.9186968  1932.69228886 1935.47941725 1945.77274117
 1954.98324757 1968.40681384 1976.23758855 1987.05604108 1993.38159828
 1999.94229107 1999.90324695 1998.86098454]";2012-04-22 12:00:00;2012-07-15 12:00:00
27;13;ridge_log;0.21823273635260726;50.0;0.25344133941456815;1781.8604006296546;0.25343815029555555;1076.1259775713381;[2797.0, 2965.0, 2865.0, 2788.0, 2985.0, 3285.0, 2530.0, 2793.0, 2564.0, 7950.0, 6582.0, 5231.0, 3324.0];"[2684.57339747 2894.45194242 2976.93993759 3143.92978412 3285.03151048
 3390.58942182 3399.58339777 3240.23104659 3284.35203485 3241.41539932
 3107.45198519 2974.79910215 2867.32759824]";2016-05-01 12:00:00;2016-07-24 12:00:00
72;13;ridge_log;0.277263589493315;16.666666666666668;0.24343289390560907;543.502105074474;0.2434274369257894;542.9616842312199;[1980.0, 1979.0, 1976.0, 1976.0, 1970.0, 1970.0, 1955.0, 1955.0, 1952.0, 1952.0, 1937.0, 1937.0, 1930.0];"[2486.05936507 2487.4536037  2490.66764664 2496.30725186 2500.33462452
 2504.09798366 2506.55539835 2509.6692722  2510.26273014 2511.47468407
 2510.8768022  2508.69843366 2505.04409894]";2012-01-22 12:00:00;2012-04-15 12:00:00
10;13;ridge_log;0.31519271606382904;58.333333333333336;0.259877225579386;164.14712276606912;0.2598533092346734;141.32332730351277;[602.03, 519.05, 508.48, 491.4, 498.83, 530.54, 440.89, 424.67, 435.69, 495.93, 429.89, 416.21, 416.52];"[522.40092287 531.50496266 531.48875124 549.70651883 575.92705798
 612.10177484 626.28722903 641.86150088 656.57593731 675.30219192
 672.31926527 656.94754515 635.65144269]";2016-05-29 12:00:00;2016-08-21 12:00:00
72;13;ridge_log;0.0014980505952862564;58.333333333333336;0.001497801002240016;4.098999339794431;0.0014977710192481735;3.7411097091365684;[2513.0, 2509.0, 2507.0, 2504.0, 2504.0, 2503.0, 2503.0, 2497.0, 2497.0, 2489.0, 2488.0, 2480.0, 2485.0];"[2509.09109195 2503.10864481 2503.15220848 2502.2796269  2500.81460853
 2507.01824025 2505.83713742 2499.82600121 2493.55705705 2491.33494287
 2489.91844864 2488.1781808  2489.52471274]";2011-10-23 12:00:00;2012-01-15 12:00:00
43;13;ridge_log;0.028720144176688573;33.333333333333336;0.029408478773315056;212.42435411126317;0.02940821827499882;166.00043942798953;[5567.05, 5550.17, 5573.12, 5600.69, 5654.6, 5717.3, 5728.47, 5738.19, 5741.76, 5794.82, 5814.24, 5834.62, 5827.36];"[5558.91338511 5562.88838916 5569.49245464 5574.20558998 5573.82276006
 5573.85162192 5571.72103597 5561.32865135 5543.72798096 5518.81596268
 5491.36752726 5465.66198083 5444.02372584]";2018-09-30 12:00:00;2018-12-23 12:00:00
10;13;ridge_log;0.27251942894511466;58.333333333333336;0.22738120676589538;178.1386640928955;0.22736380998985165;148.69381535548297;[657.55, 612.91, 608.08, 596.75, 605.74, 623.19, 560.13, 557.08, 540.19, 562.56, 535.49, 514.4, 499.47];"[644.83711983 655.97626962 629.20090233 647.00881815 675.72997129
 719.58470973 726.16947428 750.85594171 778.08013446 807.55156471
 802.71002763 780.02300993 763.40589561]";2016-02-28 12:00:00;2016-05-22 12:00:00
72;13;ridge_log;0.016023218672390052;33.333333333333336;0.01585926043132362;45.293519479788195;0.015858945562392725;39.939522719277996;[2530.0, 2529.0, 2490.0, 2490.0, 2484.0, 2483.0, 2475.0, 2475.0, 2521.0, 2520.0, 2515.0, 2514.0, 2513.0];"[2533.42525652 2534.77668545 2536.98066602 2539.90384681 2542.13345053
 2544.47485622 2545.89269715 2546.89231878 2547.56965536 2547.86435093
 2547.40984466 2546.24424509 2544.64592184]";2011-07-24 12:00:00;2011-10-16 12:00:00
27;13;ridge_log;0.49905132696126364;75.0;0.3780482611470945;1559.9670065865682;0.378043031508119;1382.023647795169;[3710.0, 3250.0, 3228.0, 3262.0, 3120.0, 2850.0, 2476.0, 2518.0, 2445.0, 2645.0, 3454.0, 2596.0, 2551.0];"[4396.43786201 4204.29405762 4103.2379902  4257.03353401 4120.19540047
 3572.34546424 3501.70635859 3663.52194043 4085.99470126 4443.42148249
 4773.60171884 5265.03744511 5684.47946608]";2016-01-31 12:00:00;2016-04-24 12:00:00
11;13;ridge_log;0.025853299715236436;75.0;0.02623055321159952;29.3225767900135;0.02622931401273369;27.764153226370492;[1092.0, 1085.0, 1078.0, 1071.0, 1064.0, 1057.0, 1050.0, 1043.0, 1092.0, 1085.0, 1078.0, 1071.0, 1064.0];"[1067.19719374 1057.22837601 1048.97096772 1036.56701691 1027.28583385
 1024.82657947 1027.56249153 1030.72369838 1040.93606266 1055.8105032
 1053.79782587 1051.6578991  1046.5015596 ]";2015-05-24 12:00:00;2015-08-16 12:00:00
91;13;ridge_log;0.06553540146957462;58.333333333333336;0.06259093291580334;1984.9398763078848;0.06259081455593288;1655.4585792147159;[24854.82, 25800.54, 25267.36, 25141.62, 25450.59, 25861.69, 25933.98, 25744.82, 25606.85, 25950.02, 25054.71, 25044.08, 24399.29];"[25324.83867509 25491.56846828 26100.90436614 25830.4290831
 26259.75677002 26755.84966747 27280.27719054 27562.45667642
 27603.31028293 28185.69191767 28265.11379442 28500.24580477
 27852.9457695 ]";2016-01-10 12:00:00;2016-04-03 12:00:00
11;13;ridge_log;0.02440922420250397;41.666666666666664;0.024515551882708195;29.447785559052292;0.024514381964949854;25.691943241675727;[1022.0, 1015.0, 1008.0, 1001.0, 1092.0, 1085.0, 1078.0, 1071.0, 1064.0, 1057.0, 1050.0, 1043.0, 1036.0];"[1034.34451194 1038.14253041 1037.05303591 1034.61293879 1035.2357368
 1038.1064059  1042.52461021 1046.65495661 1051.793175   1059.31837658
 1063.08505856 1062.93320479 1060.82048968]";2015-02-22 12:00:00;2015-05-17 12:00:00
106;13;ridge_log;0.03652286815121102;41.666666666666664;0.037381404535029694;996.6218587106455;0.03738132594629047;889.0681090944155;[24019.73, 23983.72, 24168.42, 24240.09, 24481.23, 24419.29, 24441.25, 24333.51, 24398.35, 24222.27, 24359.23, 24297.26, 24345.73];"[23918.69722323 23893.86412485 23816.65103806 23724.72028772
 23625.709437   23482.60715956 23337.06600838 23207.12366294
 23101.92216797 23026.0217088  22981.23975241 22986.00722457
 23050.56478627]";2016-10-09 12:00:00;2017-01-01 12:00:00
92;13;ridge_log;0.014254447171647346;75.0;0.014377625053149951;27.362323266487795;0.01437721096810065;24.960160758592583;[1748.563, 1753.833, 1740.646, 1741.955, 1753.649, 1760.835, 1747.62, 1745.674, 1751.342, 1758.483, 1747.428, 1749.617, 1753.035];"[1746.6784258  1738.96638432 1728.44145783 1728.78239605 1737.25735175
 1730.78221086 1716.87916601 1712.23228897 1720.82049544 1723.45220048
 1715.15052451 1709.51565925 1719.23934888]";2016-10-09 12:00:00;2017-01-01 12:00:00
11;13;ridge_log;0.027095101296169436;33.333333333333336;0.027387846176540196;33.5725962996468;0.027386540113676288;28.718198852902717;[1022.0, 1015.0, 1008.0, 1092.0, 1085.0, 1078.0, 1071.0, 1064.0, 1057.0, 1050.0, 1043.0, 1036.0, 1029.0];"[1034.61059475 1037.68869112 1034.57478276 1028.72243519 1027.40166495
 1029.54210941 1034.15964812 1038.97944228 1045.11346355 1053.76381699
 1058.22318344 1058.20687916 1056.18740038]";2014-11-23 12:00:00;2015-02-15 12:00:00
43;13;ridge_log;0.00811232088555688;75.0;0.008068964969422936;51.86301204181094;0.008068892619583505;44.996363637247526;[5580.0, 5565.9, 5542.07, 5556.8, 5539.51, 5521.06, 5500.55, 5509.64, 5500.62, 5519.8, 5543.09, 5554.72, 5558.13];"[5632.37204833 5624.92566985 5621.95999374 5603.47298168 5582.09562847
 5558.25868492 5534.19542637 5518.09386573 5521.12610906 5536.87435442
 5567.29678152 5612.46689787 5663.70428533]";2018-07-01 12:00:00;2018-09-23 12:00:00
73;13;ridge_log;0.29036905789132106;41.666666666666664;0.35668842447265064;1792.9314683871703;0.3566837771145392;1390.8790835846835;[4494.5, 3936.22, 4013.09, 3951.31, 3701.88, 3380.45, 3652.31, 3893.49, 4156.82, 4353.71, 4927.72, 5405.49, 6528.25];"[5413.53519629 5069.52986776 4658.77844013 4356.76333064 3921.69162241
 3363.234823   3018.33673386 2778.52990855 2645.42977166 2409.13092033
 2382.3346859  2361.14453671 2581.96899061]";2016-10-16 12:00:00;2017-01-08 12:00:00
11;13;ridge_log;0.026101203875508343;16.666666666666668;0.02598054450034782;30.624934162303788;0.02597930643246042;27.268779480109085;[1008.0, 1001.0, 995.0, 1092.0, 1085.0, 1078.0, 1071.0, 1064.0, 1057.0, 1050.0, 1043.0, 1036.0, 1029.0];"[1023.57038681 1028.74587048 1035.68505697 1042.29142983 1048.20728356
 1053.34650035 1057.77381074 1060.45629076 1064.41875421 1071.37249847
 1074.19374575 1075.03412516 1072.54901064]";2014-08-24 12:00:00;2014-11-16 12:00:00
73;13;ridge_log;0.21454435553573245;75.0;0.25359961346553966;1228.982009415767;0.2535958239129965;866.0461115594703;[3158.21, 3093.89, 3033.23, 3273.97, 3035.38, 3033.44, 3489.63, 3361.28, 3327.81, 3229.4, 3668.59, 4454.01, 5931.91];"[3640.67043837 3569.89875967 3429.87162505 3287.96915868 3080.13538216
 2824.25085883 2701.35629576 2611.38341008 2544.96030322 2461.69029626
 2450.50210093 2462.38852417 2594.80412442]";2016-07-17 12:00:00;2016-10-09 12:00:00
92;13;ridge_log;0.024415361317100155;66.66666666666667;0.02482158646960208;48.96260660616715;0.024820857898267976;42.28152450426436;[1718.951, 1725.097, 1706.598, 1715.292, 1728.02, 1734.706, 1722.378, 1726.736, 1739.12, 1744.035, 1731.473, 1728.846, 1734.623];"[1719.19133128 1711.89270852 1699.55243609 1697.12776388 1699.53621964
 1691.03165989 1675.5873781  1668.92645485 1674.64265845 1674.78646425
 1664.94767885 1660.18200357 1669.29108664]";2016-07-10 12:00:00;2016-10-02 12:00:00
92;13;ridge_log;0.01752283366532019;75.0;0.01774700658352916;35.790196018901135;0.017746477067198816;29.73929686168764;[1676.619, 1670.917, 1667.903, 1675.356, 1688.334, 1695.274, 1685.425, 1689.931, 1696.771, 1705.685, 1698.883, 1696.833, 1710.503];"[1678.51540912 1675.36506013 1666.71576394 1665.79787089 1669.28780276
 1665.59852818 1655.17831888 1651.60311463 1655.55433225 1656.18447322
 1649.31298248 1645.19167495 1650.20674787]";2016-04-10 12:00:00;2016-07-03 12:00:00
73;13;ridge_log;0.14154697079166542;66.66666666666667;0.1391907150705191;543.357579150728;0.1391884451198767;427.7496501906316;[2623.81, 2689.99, 2630.28, 2898.75, 2679.0, 2769.18, 3098.52, 3008.65, 2942.44, 2816.78, 3078.19, 3590.41, 3904.54];"[3283.25732106 3354.57871156 3247.68409182 3285.29223482 3204.77599427
 3122.71922445 3034.64279791 2967.54132725 2957.03026129 2840.41979021
 2829.97027861 2744.68876045 2788.24901277]";2016-04-17 12:00:00;2016-07-10 12:00:00
28;13;ridge_log;0.49767884288775277;58.333333333333336;0.7113896278466123;837.5340670157345;0.7113529590924895;708.3551651026505;[851.0, 1017.0, 907.0, 1075.0, 833.0, 1716.0, 1339.0, 1312.0, 1345.0, 1322.0, 2142.0, 1732.0, 1143.0];"[713.47894267 716.75874538 704.32832122 685.35970761 652.75025434
 607.33306344 562.23333116 527.18802405 499.94152966 466.74645114
 466.59760127 457.68560694 464.98127479]";2016-10-30 12:00:00;2017-01-22 12:00:00
92;13;ridge_log;0.013888470169880675;91.66666666666667;0.014013556166296563;26.713473734488023;0.014013131503336152;23.12134641586954;[1661.014, 1654.104, 1652.832, 1652.614, 1661.515, 1665.738, 1659.298, 1656.778, 1666.27, 1670.47, 1665.991, 1664.625, 1673.315];"[1668.70146624 1664.6680686  1652.09676282 1646.46203898 1648.4856048
 1643.99876258 1632.74995123 1626.95092758 1631.70075328 1635.6351663
 1631.25908209 1625.86657732 1631.91440444]";2016-01-10 12:00:00;2016-04-03 12:00:00
12;13;ridge_log;0.10216087423859456;41.666666666666664;0.1119749775385163;341.61682092170264;0.11197250080255368;253.31388529914932;[2373.445, 2373.105, 2453.974, 2390.353, 2324.83, 2337.239, 2375.971, 2398.802, 2350.108, 2363.517, 2484.652, 2558.814, 2653.311];"[2498.63099678 2497.14993804 2449.97369426 2410.08021229 2341.24514977
 2269.62831772 2213.05568175 2138.33269062 2068.89103469 1993.68770967
 1953.24954733 1934.86254563 1946.99956631]";2016-10-16 12:00:00;2017-01-08 12:00:00
73;13;ridge_log;0.3112616747150569;58.333333333333336;0.28715048248018255;1112.2141096906269;0.28714599304371624;951.9321253266592;[3171.59, 3086.26, 2941.53, 3216.29, 2849.23, 2897.33, 3035.02, 3020.36, 2893.56, 2803.39, 2991.32, 3042.09, 3422.15];"[5187.10569673 5050.95761743 4460.1792894  4265.6649371  3852.52513752
 3373.4149667  2924.29753602 2668.74185068 2507.41825345 2218.99081285
 2183.37896303 2088.3631292  2269.19947039]";2016-01-17 12:00:00;2016-04-10 12:00:00
93;13;ridge_log;0.13654097695513492;58.333333333333336;0.14909876924158819;313.0923295766649;0.14909479702075074;279.9010443097815;[1802.54, 1986.53, 1931.14, 1831.39, 1948.19, 1948.12, 2000.27, 2077.83, 2068.5, 2093.54, 2174.32, 2052.07, 2108.0];"[1801.51523699 1789.00266832 1774.54001456 1758.30657943 1732.42814368
 1706.14886429 1685.96125828 1675.57412319 1672.75361999 1676.14183647
 1686.04310854 1701.66845094 1723.64251929]";2014-10-12 12:00:00;2015-01-04 12:00:00
12;13;ridge_log;0.050500511545473796;33.333333333333336;0.053451413499841685;182.8300515109345;0.053450197667007274;117.56380000897704;[2206.414, 2196.887, 2198.163, 2179.117, 2118.423, 2195.68, 2165.588, 2166.006, 2130.519, 2140.673, 2267.642, 2378.903, 2504.473];"[2232.6372464  2242.69202467 2258.04058205 2208.67097673 2171.78636635
 2149.56297033 2150.87823816 2128.79093349 2074.32729359 2042.16740196
 2038.46970683 2032.28928843 2019.49196329]";2016-07-17 12:00:00;2016-10-09 12:00:00
43;13;ridge_log;0.046242544727291945;66.66666666666667;0.04489555075850623;298.21132679259694;0.04489516452590054;260.9896835629534;[5555.1, 5532.63, 5556.87, 5604.19, 5600.48, 5605.97, 5671.7, 5704.39, 5678.15, 5662.5, 5650.64, 5621.79, 5640.24];"[5607.58490967 5605.1712007  5637.57676062 5701.54849328 5784.31439852
 5870.10278621 5956.39897872 6029.1705488  6087.40268235 6115.6828904
 6100.47989815 6043.16579817 5938.91654075]";2018-04-01 12:00:00;2018-06-24 12:00:00
74;13;ridge_log;0.03292219951232916;33.333333333333336;0.03281121334000257;874.6827101977583;0.03281114657677768;806.6074494612562;[23442.9, 23935.8, 24274.4, 23870.6, 23235.6, 23930.5, 25498.8, 25416.7, 23773.6, 25931.8, 25269.5, 24984.5, 25674.5];"[24137.30503362 24480.43579017 24646.01808688 24718.05831754
 24775.39077308 24837.76740642 24624.97276294 24650.83062442
 24610.10066972 24596.83623187 24669.50719432 24746.68810825
 24742.74431263]";2016-10-16 12:00:00;2017-01-08 12:00:00
93;13;ridge_log;0.015727582176948977;66.66666666666667;0.015543574243859971;34.015811526889514;0.015543133202457744;27.40964542412072;[1703.93, 1693.47, 1727.0, 1672.75, 1696.31, 1729.71, 1792.81, 1799.07, 1770.89, 1810.31, 1783.42, 1831.58, 1812.85];"[1700.62166416 1709.04352052 1716.86129302 1731.63886282 1749.10849412
 1763.95371467 1781.9096929  1805.75702087 1825.34311404 1833.26081852
 1838.48950882 1840.9444546  1834.79853162]";2014-07-13 12:00:00;2014-10-05 12:00:00
106;13;ridge_log;0.023850709560027737;50.0;0.02419782084714868;618.6963180894157;0.02419776885971828;563.1577671144556;[23203.53, 23215.54, 23307.05, 23358.19, 23436.51, 23476.26, 23470.24, 23490.19, 23663.9, 23679.55, 23755.68, 23806.38, 23878.56];"[23079.69749785 23041.43611112 23017.38925676 23005.83459131
 22982.14790577 22917.54933964 22883.78521649 22876.24296844
 22881.22699766 22894.49273242 22909.41712397 22943.28663762
 22988.02264847]";2016-07-10 12:00:00;2016-10-02 12:00:00
28;13;ridge_log;0.26793399397830575;41.666666666666664;0.23094950888215227;173.46062709913303;0.23093225366765935;154.73285801563924;[607.0, 629.0, 550.0, 556.0, 522.0, 557.0, 544.0, 601.0, 586.0, 611.0, 603.0, 618.0, 783.0];"[784.30397321 790.39287625 802.21469591 797.10833229 797.13848781
 768.99871962 748.60617483 722.15202075 676.31841838 675.35241811
 652.69484945 640.78985212 643.54366454]";2016-07-31 12:00:00;2016-10-23 12:00:00
93;13;ridge_log;0.0432821780506215;58.333333333333336;0.04148045959762285;106.49954817973045;0.04147931137618062;74.92836359342142;[1772.26, 1778.92, 1793.33, 1843.71, 1802.87, 1832.42, 1820.31, 1822.08, 1717.09, 1736.69, 1741.63, 1730.74, 1678.44];"[1775.36043788 1779.82044565 1786.13068814 1806.74651033 1825.29786508
 1836.35954891 1847.83765107 1859.55716796 1872.4371089  1879.94247295
 1889.71005743 1896.90088894 1900.13228041]";2014-04-13 12:00:00;2014-07-06 12:00:00
74;13;ridge_log;0.022660786460751845;41.666666666666664;0.022793600184426426;682.8369676901896;0.022793553817301006;560.3230222932717;[25111.9, 24894.8, 24133.9, 24317.9, 24089.7, 24235.6, 24051.0, 25116.2, 24069.9, 25211.5, 25255.9, 24253.3, 23862.4];"[25506.40851981 25255.98129264 25047.47519876 24896.6651427
 24601.48875716 24469.96169203 24433.37268306 24284.65792828
 24142.01708607 24056.26411754 23858.33734734 23859.59467223
 23919.88298297]";2016-07-17 12:00:00;2016-10-09 12:00:00
93;13;ridge_log;0.028544370024760273;50.0;0.027954058521392655;64.39530257426813;0.027953305468283476;51.886858202566685;[1838.4, 1810.44, 1837.05, 1903.08, 1826.37, 1863.44, 1915.52, 1895.17, 1851.11, 1858.86, 1810.16, 1820.27, 1758.3];"[1876.93781947 1879.07230389 1884.36703875 1886.34228311 1892.81965775
 1887.39814132 1882.18535599 1879.38118907 1875.10408277 1878.76796597
 1890.30771457 1903.29516519 1914.99809511]";2014-01-12 12:00:00;2014-04-06 12:00:00
94;13;ridge_log;0.20272846531838606;25.0;0.23481540459376868;438.98698982118464;0.23480806761089243;375.80101147622344;[1621.22, 1764.77, 1679.71, 1638.8, 1728.67, 1733.06, 1799.69, 1857.32, 1899.37, 1907.46, 1936.32, 1863.71, 1912.86];"[1638.50210278 1619.53215326 1589.44539851 1541.11201824 1488.70387396
 1432.99603596 1382.44401416 1339.24684406 1303.59983546 1284.44679874
 1276.89294666 1284.48598293 1310.70305163]";2014-10-12 12:00:00;2015-01-04 12:00:00
12;13;ridge_log;0.0317755260843175;66.66666666666667;0.03258806307000644;103.15913155998537;0.03258729780085806;69.39450024649483;[2036.214, 2066.404, 2155.335, 2161.386, 2121.728, 2115.852, 2183.597, 2112.78, 2078.655, 2067.831, 2161.831, 2265.258, 2261.935];"[2123.35757557 2147.93474837 2169.92195846 2141.14557208 2137.03536277
 2152.08118311 2157.94166422 2128.89526214 2105.38816156 2080.12816723
 2065.90865733 2042.83130664 2013.99471574]";2016-04-17 12:00:00;2016-07-10 12:00:00
94;13;ridge_log;0.0407079245768729;75.0;0.041985283218389575;80.99701224009308;0.041983886676836016;63.21333138073006;[1382.92, 1380.07, 1413.29, 1358.23, 1407.76, 1444.33, 1470.62, 1490.46, 1519.66, 1591.55, 1571.06, 1623.87, 1652.2];"[1386.94743451 1388.68964152 1391.78850757 1397.6683654  1398.92609823
 1402.54130769 1414.83381662 1438.00074314 1453.65453267 1466.6964169
 1476.7747179  1485.82435317 1486.07163959]";2014-07-13 12:00:00;2014-10-05 12:00:00
12;13;ridge_log;0.13256008274522257;58.333333333333336;0.14125750172116058;318.24125982659825;0.14125388637333375;277.50983094486725;[2112.665, 2085.211, 2139.122, 2153.479, 2088.795, 2065.119, 2110.531, 2041.761, 2009.636, 2031.066, 2112.821, 2120.633, 2136.438];"[2423.99295349 2387.14390617 2331.86147499 2238.61992273 2119.4352611
 1998.51972499 1899.54685119 1796.63101928 1726.24591499 1648.99783424
 1610.56722426 1613.75979191 1647.89035532]";2016-01-17 12:00:00;2016-04-10 12:00:00
44;13;ridge_log;0.03579649932148178;58.333333333333336;0.036636479256765386;125.66273108901386;0.036635871840969225;110.52700468311244;[2934.68, 2967.95, 3071.57, 3101.51, 3101.51, 3136.93, 3189.06, 3165.62, 3069.02, 2990.9, 2965.64, 2997.27, 3001.98];"[2931.00610102 2950.46342616 2965.78505371 2978.49321084 2985.60851643
 2993.48626493 2972.81200293 2975.22145666 2951.71345585 2932.03005524
 2903.50448295 2873.34377583 2843.32113657]";2018-09-02 12:00:00;2018-11-25 12:00:00
94;13;ridge_log;0.07515352053264267;58.333333333333336;0.07095014843341559;132.62671737461227;0.07094777113160992;105.89508125299196;[1443.0, 1411.78, 1404.76, 1460.86, 1437.87, 1469.55, 1483.63, 1492.54, 1377.97, 1405.74, 1404.82, 1412.27, 1369.64];"[1429.44052721 1435.3316606  1448.66348332 1476.91557235 1503.62597564
 1523.85719202 1549.24345246 1567.94047584 1583.49645733 1596.50432476
 1602.67495438 1606.15975504 1600.09327975]";2014-04-13 12:00:00;2014-07-06 12:00:00
28;13;ridge_log;0.4035357007000451;50.0;0.32697350966886735;300.74548437304884;0.326954448993702;282.413680453364;[1025.0, 805.0, 724.0, 658.0, 600.0, 539.0, 691.0, 732.0, 831.0, 748.0, 697.0, 850.0, 780.0];"[ 861.33079946  863.61850274  899.59305344  922.62745466  920.47761734
 1010.75077321 1036.89974511 1060.26879388 1103.13378945 1103.43096047
 1090.84071254 1090.26150808 1060.80573442]";2016-05-01 12:00:00;2016-07-24 12:00:00
74;13;ridge_log;0.04594811075261011;58.333333333333336;0.04734297961331688;1338.945210086924;0.04734288125039749;1139.612808018073;[24192.6, 23654.2, 23568.1, 24120.3, 23805.6, 24895.1, 24592.6, 24148.8, 24359.0, 24305.6, 24468.4, 26052.1, 25497.5];"[24380.8757439  24273.43603572 23962.34140182 23617.46152174
 23277.28333771 23108.88716319 23019.7439411  23123.95448633
 23161.36588444 23257.83646331 23278.62077618 23358.85133279
 23427.78177044]";2016-04-17 12:00:00;2016-07-10 12:00:00
94;13;ridge_log;0.0613867417657165;50.0;0.05901503243410146;103.63884845973917;0.05901312565946753;91.33772471716794;[1589.05, 1553.48, 1577.69, 1561.48, 1503.65, 1488.13, 1534.6, 1511.36, 1493.96, 1507.2, 1456.68, 1480.86, 1421.06];"[1604.04211222 1604.79599715 1614.24285125 1608.86305544 1609.59779021
 1605.05206074 1594.05062807 1594.12620102 1592.40627748 1598.03698256
 1608.75935635 1613.32990071 1619.28720813]";2014-01-12 12:00:00;2014-04-06 12:00:00
13;13;ridge_log;0.10017872977665226;33.333333333333336;0.10919778165488192;324.01829043160615;0.10919537073484081;247.42883228492244;[2341.516, 2407.573, 2435.3, 2361.92, 2310.927, 2322.117, 2408.718, 2476.214, 2361.203, 2393.436, 2552.503, 2554.351, 2500.651];"[2459.70196203 2477.93197653 2454.58202514 2419.11862927 2304.63188312
 2267.26557112 2215.3472799  2154.87382919 2071.59570062 2005.52988202
 1969.78679914 1960.90854207 1978.6312861 ]";2016-10-16 12:00:00;2017-01-08 12:00:00
74;13;ridge_log;0.15951012424529143;41.666666666666664;0.1770583169064022;4276.949675404526;0.17705790714728875;3826.359767456978;[21668.7, 21634.7, 21980.1, 22981.0, 23439.8, 24664.8, 24561.1, 24687.9, 23608.7, 24149.9, 23748.0, 24256.9, 24105.2];"[21602.98715445 21069.84435526 20543.00590408 20245.71418389
 20004.31027198 19782.62055632 19611.76343664 19293.87317578
 18966.56940725 18712.27640754 18543.20665099 18590.86090781
 18777.09061105]";2016-01-17 12:00:00;2016-04-10 12:00:00
44;13;ridge_log;0.05265068055556461;25.0;0.051704247202825994;177.67972310485715;0.051703374996439885;153.391046748894;[3080.14, 2912.23, 2909.57, 2884.59, 2916.15, 2934.85, 2986.66, 2846.54, 2972.69, 2862.79, 2880.6, 2925.41, 2931.45];"[3110.0249684  3143.85135588 3158.53833694 3151.78735903 3145.43975417
 3128.94527144 3080.30284983 3016.51682939 2950.17710628 2875.87841817
 2802.30455247 2744.57472365 2696.77515312]";2018-06-03 12:00:00;2018-08-26 12:00:00
13;13;ridge_log;0.04900282711172206;41.666666666666664;0.0516343822597826;174.2662050382625;0.0516332143455774;114.17759243479522;[2190.475, 2208.562, 2177.754, 2109.557, 2131.921, 2176.388, 2178.336, 2272.285, 2123.097, 2177.98, 2348.76, 2412.438, 2441.915];"[2197.17654912 2207.1425567  2238.29562168 2197.16001711 2180.25747696
 2175.42612298 2183.39514651 2163.76738378 2096.81094952 2068.04571472
 2050.25385873 2064.72336264 2059.18816066]";2016-07-17 12:00:00;2016-10-09 12:00:00
106;13;ridge_log;0.018594752617806045;33.333333333333336;0.01879463891746118;458.40292668722446;0.01879459768459853;428.34576242177354;[22711.3, 22859.7, 22851.24, 22924.37, 23083.39, 23012.97, 23029.0, 23065.3, 23191.57, 23029.36, 23036.46, 23027.14, 23063.86];"[22656.23354739 22632.42453934 22614.41751299 22608.16120178
 22590.20834211 22560.21461317 22533.24892204 22522.11923988
 22511.77531246 22512.47079502 22512.84545204 22521.2307829
 22541.81482742]";2016-04-10 12:00:00;2016-07-03 12:00:00
13;13;ridge_log;0.029506699915261288;75.0;0.030360849235201905;96.03228476646012;0.0303601394142116;64.94925202356848;[2035.358, 2130.967, 2166.497, 2139.469, 2114.289, 2119.736, 2166.913, 2105.955, 2060.545, 2113.646, 2209.257, 2312.127, 2207.845];"[2074.88288261 2091.32042481 2150.53845384 2120.03981333 2135.17783379
 2146.5624473  2155.63706434 2150.05628326 2089.3572376  2080.2181663
 2057.37391138 2068.60763825 2038.79893602]";2016-04-17 12:00:00;2016-07-10 12:00:00
28;13;ridge_log;0.45264960321731834;50.0;0.34937393200790356;472.2097431251867;0.34935912632100574;415.03349000791616;[1160.0, 1062.0, 960.0, 920.0, 1093.0, 964.0, 807.0, 970.0, 861.0, 960.0, 1057.0, 909.0, 807.0];"[1407.05758851 1423.51498565 1270.04367134 1239.62026996 1172.27979604
 1236.3960342  1221.955604   1238.19012108 1387.42193121 1402.56363438
 1476.53635155 1649.37293198 1800.48245022]";2016-01-31 12:00:00;2016-04-24 12:00:00
44;13;ridge_log;0.08114159630346827;50.0;0.07661570905280363;293.4159500100252;0.07661448593189532;240.01341359339466;[3056.83, 3055.43, 3070.29, 3111.13, 2942.9, 3003.9, 3019.58, 2897.83, 2917.33, 2986.89, 2923.44, 2929.09, 3092.52];"[2999.81604    3023.58520796 3074.39841018 3150.70019193 3241.94663286
 3309.74715476 3369.68289845 3396.9275935  3403.75100493 3361.62490913
 3276.1857846  3144.4638455  2988.25280116]";2018-03-04 12:00:00;2018-05-27 12:00:00
13;13;ridge_log;0.09046797646317918;66.66666666666667;0.09667965906989262;233.65973535995602;0.09667718724579563;189.37833894831118;[2096.1, 2121.986, 2128.254, 2087.642, 2048.304, 2038.937, 2108.753, 2027.177, 1993.215, 2076.238, 2106.44, 2191.206, 2062.288];"[2201.68534602 2209.66077881 2214.29512178 2131.42476544 2060.43599908
 1984.46396299 1918.33639811 1854.41005799 1756.99659388 1728.5638807
 1709.25979476 1746.65317254 1778.86774384]";2016-01-17 12:00:00;2016-04-10 12:00:00
95;13;ridge_log;0.008071059037641064;75.0;0.008121226871665447;115.87451888188596;0.008121191271895646;92.63424481361332;[11355.272, 11385.864, 11303.634, 11309.627, 11397.101, 11427.142, 11459.31, 11388.745, 11451.752, 11478.884, 11545.812, 11497.115, 11568.007];"[11390.74668075 11388.50020691 11320.89949373 11271.82071997
 11360.51664396 11369.29516954 11347.01770821 11261.43442372
 11339.34216633 11395.64427032 11401.31245082 11311.67531118
 11316.56733475]";2016-10-09 12:00:00;2017-01-01 12:00:00
14;13;ridge_log;0.20866978039378703;41.666666666666664;0.24949708100626872;1391.165709743448;0.24949402092810155;1021.7469242917985;[4231.0, 4311.68, 3848.09, 4149.38, 3633.49, 3553.49, 3743.59, 4626.91, 4235.48, 4288.81, 5601.72, 5737.57, 5232.13];"[4802.52922796 4583.44746182 4475.87033204 4188.33702861 3810.49408982
 3596.73997136 3453.88259714 3409.49199735 3200.7606515  2960.54422111
 2873.53943269 2933.03696656 3082.53222945]";2016-10-16 12:00:00;2017-01-08 12:00:00
44;13;ridge_log;0.0686531485582342;91.66666666666667;0.06599941891741058;223.02563284133606;0.06599836877046113;207.49376320848114;[3310.63, 3203.1, 3204.23, 3176.44, 3088.64, 3060.36, 3023.21, 3110.01, 3001.36, 2929.37, 2886.36, 2953.08, 2984.76];"[3332.11333377 3323.58554065 3339.40868199 3325.08336794 3322.69479179
 3296.25043443 3283.05832275 3265.37610605 3240.34190355 3223.9692947
 3213.80897421 3219.46792686 3243.81024303]";2017-12-03 12:00:00;2018-02-25 12:00:00
29;13;ridge_log;0.24098872828854173;66.66666666666667;0.2942101789549146;1863.0110183973588;0.2942069362167905;1358.438805705771;[3623.0, 4016.0, 3075.0, 4373.0, 3773.0, 5121.0, 4129.0, 4785.0, 6509.0, 7561.0, 6183.0, 5485.0, 4223.0];"[3676.63689063 3873.17515549 3795.81916345 3880.93244274 3786.57161993
 3802.44180915 3742.60446088 3593.48899108 3507.59458107 3340.92743467
 3345.13717852 3222.24022825 3204.78091797]";2016-10-30 12:00:00;2017-01-22 12:00:00
120;13;ridge_log;0.016598864255194565;83.33333333333333;0.01677496280048314;197.51877789326062;0.016774882570397866;175.37329693570513;[10465.971, 10496.016, 10403.031, 10399.53, 10497.08, 10528.68, 10569.283, 10488.464, 10554.103, 10585.971, 10651.968, 10589.396, 10672.134];"[10438.35988545 10428.56970389 10345.42294485 10294.24994479
 10373.9634411  10377.84121055 10348.15318433 10254.97475985
 10333.60484788 10384.75751019 10397.73237757 10310.81535468
 10333.32897471]";2016-10-09 12:00:00;2017-01-01 12:00:00
135;13;ridge_log;0.07066794938995177;33.333333333333336;0.07391109611551322;524.2083973120482;0.07391051485669128;469.96752528505726;[6432.1, 6492.9, 6523.6, 6596.4, 6759.9, 6701.7, 6745.7, 6721.2, 6644.0, 6667.8, 6661.7, 6458.5, 6508.5];"[6394.46013188 6383.40259606 6353.16507016 6290.85296342 6217.75565312
 6126.16598836 6044.97440816 6005.47877848 5981.29422111 5966.89460164
 5976.59508768 6007.90624462 6055.47642659]";2016-10-09 12:00:00;2017-01-01 12:00:00
14;13;ridge_log;0.18163354979386775;50.0;0.21658527777863934;1150.6787210460693;0.2165822487629296;784.2756810625913;[2994.76, 3283.16, 3090.26, 3112.54, 3210.71, 3236.93, 3358.6, 4225.3, 3197.79, 3166.0, 4293.94, 5148.1, 5365.88];"[3328.45610909 3291.88720754 3289.32421085 3147.12429065 2962.2783866
 2933.51507094 2961.42625452 2905.85866648 2818.70294849 2714.01312574
 2684.91921757 2771.38310241 2831.64119156]";2016-07-17 12:00:00;2016-10-09 12:00:00
106;13;ridge_log;0.03150159424138636;58.333333333333336;0.0321947171501737;832.3246430953963;0.032194644392599565;712.3150179924008;[22533.44, 22529.43, 22453.69, 22459.59, 22675.47, 22616.21, 22555.76, 22614.64, 22645.18, 22631.19, 22594.69, 22634.45, 22612.7];"[22457.10274121 22433.24492947 22356.89600149 22224.55875716
 22082.11450249 21935.36171273 21761.33266022 21598.26869963
 21491.88135424 21448.16636441 21439.78846092 21481.83737301
 21585.79120914]";2016-01-10 12:00:00;2016-04-03 12:00:00
135;13;ridge_log;0.10901283116918152;25.0;0.11769838415158008;799.435040123983;0.11769737611881508;687.2829170812723;[5988.4, 6055.0, 6069.7, 6107.9, 6273.9, 6217.2, 6440.8, 6270.6, 6279.4, 6292.9, 6348.5, 6324.4, 6368.4];"[5986.10233384 5926.33354088 5880.13149039 5820.23353531 5741.06012774
 5645.96491656 5523.38317749 5420.00946323 5345.98019801 5267.84421163
 5204.54931535 5171.88446541 5168.9453021 ]";2016-07-10 12:00:00;2016-10-02 12:00:00
95;13;ridge_log;0.009987519636886898;66.66666666666667;0.010048401176501139;130.78825821872755;0.010048356580779358;113.20782343021165;[11289.492, 11261.961, 11182.442, 11206.237, 11350.875, 11328.038, 11368.282, 11287.371, 11369.502, 11420.668, 11411.064, 11245.957, 11294.726];"[11278.10556365 11322.1308456  11249.66515954 11246.39933132
 11291.63733312 11280.12141303 11213.92752072 11131.33784746
 11193.82407259 11204.74936422 11205.37115479 11114.00377051
 11148.75059177]";2016-07-10 12:00:00;2016-10-02 12:00:00
14;13;ridge_log;0.0988613779590677;66.66666666666667;0.0986780722931379;378.64336977594235;0.09867645535695169;303.5135237774482;[2585.36, 2685.13, 2671.13, 2767.95, 2695.89, 3128.71, 3117.23, 3026.74, 2850.35, 2713.69, 3350.7, 4037.27, 3383.76];"[2834.51228435 2925.47461874 3115.43286595 3097.44002579 3071.68546829
 3110.60078195 3174.97060463 3110.33003844 3045.1189629  3015.88329535
 2991.03283632 3079.92036778 3050.58836928]";2016-04-17 12:00:00;2016-07-10 12:00:00
135;13;ridge_log;0.08649006284641286;50.0;0.09254679706275248;610.608800143458;0.09254593061901385;494.3325691834574;[5526.6, 5539.0, 5582.9, 5548.3, 5493.5, 5547.6, 5593.0, 5625.0, 5599.2, 5586.2, 5827.9, 5836.6, 5947.7];"[5509.60251292 5505.18806741 5463.46642712 5381.68323885 5289.30976227
 5184.93769565 5092.74951365 5010.26241281 4923.50098206 4866.39617301
 4847.92885271 4854.34290019 4897.80806195]";2016-04-10 12:00:00;2016-07-03 12:00:00
14;13;ridge_log;0.13527338700758984;41.666666666666664;0.12877004246720908;454.5898416632253;0.1287680111984607;409.12958742342255;[3011.03, 3229.74, 3091.05, 2922.71, 2823.72, 2987.46, 2866.76, 2914.25, 2834.33, 2898.88, 3075.55, 3696.88, 2685.07];"[3472.31143972 3483.17790921 3646.06869589 3565.93508855 3415.16046404
 3409.53056513 3426.13403341 3216.4818192  3018.78137864 2873.01225313
 2816.46874472 2953.44123874 3002.8354793 ]";2016-01-17 12:00:00;2016-04-10 12:00:00
135;13;ridge_log;0.1404113677395085;25.0;0.1548694958398888;866.2204967433679;0.15486789538442364;749.4271454575933;[5076.5, 5084.5, 5108.8, 5115.6, 5190.5, 5214.3, 5226.7, 5262.7, 5278.9, 5465.4, 5380.8, 5453.2, 5517.1];"[4976.13611394 4938.73362987 4870.21537484 4794.6587773  4692.39455003
 4567.77946164 4438.77765098 4319.89258643 4234.96664947 4191.04460889
 4176.46463868 4190.43651441 4240.94655257]";2016-01-10 12:00:00;2016-04-03 12:00:00
29;13;ridge_log;0.17135800011688945;41.666666666666664;0.15890919487368013;673.805399094482;0.15890707111381586;597.1635586030072;[3641.0, 4214.0, 4044.0, 3369.0, 3204.0, 3343.0, 3189.0, 3094.0, 3335.0, 3286.0, 4091.0, 3377.0, 3737.0];"[3530.75987664 3489.68069573 3386.29010971 3506.41734226 3666.91025429
 3678.13071097 3688.58604697 3816.5226201  4091.44571509 4247.68726433
 4393.27386951 4559.81532019 4647.06780022]";2016-07-31 12:00:00;2016-10-23 12:00:00
120;13;ridge_log;0.014859619187564146;66.66666666666667;0.015017948742319239;185.09310367784215;0.015017875552680388;154.08051618117176;[10276.914, 10234.028, 10173.143, 10204.946, 10337.314, 10333.54, 10367.354, 10287.899, 10387.607, 10452.507, 10462.941, 10299.288, 10360.287];"[10255.97866228 10279.11902852 10206.52886512 10198.47061065
 10248.0297986  10223.83120708 10159.1390739  10082.98819056
 10149.86994918 10159.69135214 10158.4813635  10083.68493023
 10125.86204518]";2016-07-10 12:00:00;2016-10-02 12:00:00
107;13;ridge_log;0.003094666706224433;75.0;0.0030846661522968876;72.80147217689034;0.003084656531426484;49.45083921778552;[15926.84, 16078.017, 15963.238, 15970.428, 16056.811, 16086.342, 16092.328, 16042.099, 16027.739, 16096.719, 16115.75, 15955.488, 15951.666];"[16037.39291732 16072.28977719 16030.36966432 15981.50173056
 16037.7485055  16097.98471704 16084.22762058 16014.7129242
 16034.74660238 16115.64615985 16163.7247317  16125.06387217
 16090.36434198]";2016-10-09 12:00:00;2017-01-01 12:00:00
150;13;ridge_log;0.024942951116840813;91.66666666666667;0.025324503251511126;176.00192706746301;0.025324302720313527;159.9115578742243;[6364.0443, 6391.976, 6307.152, 6296.818, 6370.959, 6382.491, 6419.123, 6352.659, 6400.765, 6420.155, 6472.322, 6421.251, 6497.262];"[6314.71563836 6317.88171262 6250.23415957 6201.96240153 6247.88022194
 6251.86495609 6225.92701147 6144.85132871 6191.2486859  6228.63643469
 6250.01034965 6187.52090469 6205.39324242]";2016-10-09 12:00:00;2017-01-01 12:00:00
29;13;ridge_log;0.16370068636167343;66.66666666666667;0.147294339588451;736.3651160251017;0.14729255775476896;613.3213572948588;[3316.0, 4091.0, 3515.0, 4080.0, 3673.0, 3330.0, 3549.0, 4789.0, 5544.0, 4237.0, 4027.0, 3906.0, 3492.0];"[3682.72154756 3859.37158731 3889.44091164 4099.23741433 4473.3739108
 4739.30140048 4837.96090472 4803.10794253 4857.25244053 4822.33187356
 4782.58975037 4559.41876247 4279.3172542 ]";2016-05-01 12:00:00;2016-07-24 12:00:00
95;13;ridge_log;0.009037826853872579;75.0;0.009101847319154427;126.88255934075502;0.009101806412561001;101.26073214739111;[11245.182, 11285.733, 11148.329, 11089.865, 11146.638, 11148.551, 11098.695, 11088.764, 11218.994, 11239.735, 11256.18, 11129.226, 11226.486];"[11220.135551   11207.00049124 11158.04254294 11114.94517175
 11125.24264084 11085.47482916 11041.76858205 11000.21671561
 11027.26352372 11034.43367907 11020.34605085 11003.98046025
 11036.72567299]";2016-04-10 12:00:00;2016-07-03 12:00:00
150;13;ridge_log;0.016553950032293943;66.66666666666667;0.016761348979017574;127.88916507248325;0.016761213506957286;103.6927124186256;[6197.035, 6168.9571, 6118.6434, 6138.3762, 6226.8375, 6220.9383, 6258.4874, 6189.5612, 6263.4888, 6322.1279, 6344.2975, 6215.929, 6263.8896];"[6174.04937378 6194.71094679 6145.50620997 6142.72341005 6181.44723833
 6173.14306588 6127.65326099 6070.83949747 6110.44572404 6121.09504143
 6116.54298662 6058.93459718 6077.40001965]";2016-07-10 12:00:00;2016-10-02 12:00:00
136;13;ridge_log;0.019530801224744036;41.666666666666664;0.01983068358105705;173.71869221364412;0.019830542592646605;139.46386886233847;[7126.057, 7071.44, 7078.15, 7037.05, 7071.02, 7029.9, 7096.12, 7087.92, 7166.37, 7130.38, 7131.41, 7203.06, 7162.08];"[7033.54379727 7047.57754286 7033.14020762 7030.55237276 7016.86313797
 6992.84817234 6985.87615624 6940.60642188 6934.84095959 6897.3101091
 6899.30441062 6877.21107974 6888.25233681]";2016-10-09 12:00:00;2017-01-01 12:00:00
29;13;ridge_log;0.20145887483673228;50.0;0.17973793863980211;1023.1487013358927;0.1797358686408416;798.5029279638147;[7275.0, 5364.0, 4052.0, 3671.0, 3906.0, 3693.0, 3386.0, 3645.0, 4144.0, 4021.0, 4082.0, 3359.0, 3230.0];"[5212.6781058  5136.47283301 4449.52509902 4360.72459349 4336.38936673
 4369.67066762 4229.60046092 4016.40258763 4217.87302051 4360.27706228
 4732.09499545 4957.35244662 5249.77870206]";2016-01-31 12:00:00;2016-04-24 12:00:00
107;13;ridge_log;0.010058899782115114;75.0;0.010123816774079385;182.83584982013696;0.010123785087613638;161.7284299490868;[16001.634, 15989.085, 15929.769, 15993.594, 16078.46, 16087.283, 16077.8, 16034.118, 16074.669, 16181.468, 16173.529, 15974.995, 15922.95];"[15907.29026087 15938.93581398 15894.40209922 15884.03813317
 15895.92070244 15916.98348687 15872.72172974 15830.34169956
 15834.60187347 15868.35344555 15879.60562135 15849.64129835
 15844.04824609]";2016-07-10 12:00:00;2016-10-02 12:00:00
136;13;ridge_log;0.015435399038447437;75.0;0.015644274068040358;143.05863973008388;0.015644160775249095;108.0139345609185;[6997.989, 6961.001, 6930.036, 6927.848, 6963.432, 6939.637, 6912.364, 6912.401, 7009.702, 6976.295, 7030.291, 6998.858, 7046.155];"[6982.37990067 6976.75684527 6960.38683433 6948.49811868 6923.66938209
 6894.1369582  6872.90858206 6829.89413455 6818.009227   6784.13643132
 6788.85633213 6770.47025151 6785.23844945]";2016-07-10 12:00:00;2016-10-02 12:00:00
120;13;ridge_log;0.013358616711763025;75.0;0.01348452244759437;160.78844152032377;0.0134844555308726;135.86631190276225;[10188.072, 10223.041, 10094.797, 10045.633, 10116.6, 10110.417, 10056.554, 10049.399, 10197.242, 10210.318, 10226.62, 10126.471, 10209.72];"[10133.53358759 10116.10500185 10069.11931067 10029.90975499
 10042.99434852 10001.92856406  9973.23742713  9933.80410872
  9968.23720217  9960.43268763  9950.78652326  9933.43707032
  9975.09635836]";2016-04-10 12:00:00;2016-07-03 12:00:00
150;13;ridge_log;0.01762769707510174;91.66666666666667;0.01786039582104736;131.3521189056858;0.01786024812940995;107.99569159987124;[6151.8033, 6178.1188, 6084.3669, 6058.3217, 6106.6076, 6097.0431, 6056.3482, 6044.5758, 6145.0855, 6154.985, 6163.4298, 6083.5735, 6135.3873];"[6107.49506365 6113.07065798 6079.20598811 6043.72154763 6046.70021875
 6020.7473309  5999.30976752 5947.46183883 5954.03172314 5941.57890439
 5942.86487621 5919.20983531 5940.30475681]";2016-04-10 12:00:00;2016-07-03 12:00:00
95;13;ridge_log;0.007370515106420798;83.33333333333333;0.00741692284837835;109.50957941001478;0.0074168892697535765;81.91394322017928;[11029.178, 11023.082, 10941.504, 10915.229, 10982.337, 11007.916, 11034.208, 11015.128, 11118.886, 11148.814, 11129.816, 11136.11, 11188.629];"[11035.41272341 11022.25807517 10975.64573162 10963.05173336
 10988.58481903 11000.58488128 10974.09319179 10957.44769422
 10963.79360742 10990.20226663 10980.92185891 10968.35676086
 10974.4964093 ]";2016-01-10 12:00:00;2016-04-03 12:00:00
165;13;ridge_log;0.05854543949863218;50.0;0.05634740044588789;175.3816773405201;0.05634635605256044;152.01002131010517;[2629.818, 2607.91, 2625.41, 2639.91, 2601.3, 2563.83, 2568.58, 2593.3, 2599.6, 2593.1, 2586.4, 2663.98, 2701.83];"[2646.78571315 2666.5141279  2712.69828862 2748.52121489 2765.59784633
 2789.10875979 2825.16690038 2853.33127655 2846.62404845 2818.8529831
 2793.9324631  2764.84762993 2719.11702483]";2016-10-09 12:00:00;2017-01-01 12:00:00
150;13;ridge_log;0.009231211430457643;91.66666666666667;0.009284795349648128;69.00661277009328;0.009284717817387345;55.5951503068294;[6020.0463, 5998.8924, 5933.5861, 5911.7633, 5950.5449, 5956.844, 5986.3672, 5945.5699, 6010.7792, 6028.1983, 6057.9057, 6043.7658, 6093.3096];"[6025.47276394 6019.0037244  5969.78172206 5962.47930357 5974.44685417
 5982.55678583 5954.67572484 5928.31388742 5934.87948278 5948.2972684
 5950.70963624 5934.97836459 5953.36853572]";2016-01-10 12:00:00;2016-04-03 12:00:00
165;13;ridge_log;0.024093328952682305;83.33333333333333;0.02445438278113908;71.31623263007026;0.024453919999314868;64.64605764926479;[2805.608, 2800.754, 2799.605, 2780.459, 2733.248, 2704.424, 2704.844, 2683.89, 2640.784, 2596.729, 2600.944, 2666.502, 2659.171];"[2800.08236786 2773.6545104  2759.29244745 2734.99878214 2685.0154895
 2631.93679331 2600.35566726 2579.72644499 2554.19543899 2531.88477562
 2532.45737915 2557.7230484  2595.2401055 ]";2016-07-10 12:00:00;2016-10-02 12:00:00
107;13;ridge_log;0.008360135245117778;66.66666666666667;0.008399257439005985;140.23442469997428;0.008399230867959694;132.75286588625679;[15816.852, 15889.851, 15785.974, 15788.998, 15833.566, 15878.441, 15829.95, 15852.163, 15915.081, 15967.739, 15945.885, 15852.687, 15858.073];"[15747.00400344 15740.15492536 15725.22305636 15693.96259826
 15721.87489972 15735.37323196 15708.54197207 15700.94669976
 15709.15543852 15765.32880661 15755.71030496 15753.41385284
 15732.78295362]";2016-04-10 12:00:00;2016-07-03 12:00:00
136;13;ridge_log;0.011213367332585935;41.666666666666664;0.011327962841344692;104.62434735032308;0.011327880296773759;77.7294053266501;[6828.906, 6843.15, 6839.629, 6826.527, 6893.504, 6855.881, 6832.068, 6860.011, 6950.665, 6922.32, 6932.176, 6914.071, 7002.069];"[6814.36582382 6822.18482468 6823.74294354 6828.73819568 6828.26554264
 6820.55363313 6825.60769331 6806.08063772 6804.5925594  6784.66113282
 6790.53668654 6773.15337214 6772.43407669]";2016-04-10 12:00:00;2016-07-03 12:00:00
165;13;ridge_log;0.01510676507975297;41.666666666666664;0.01534766348729516;63.95574326789751;0.015347379802740462;41.534439865667885;[2565.897, 2548.253, 2628.599, 2674.941, 2655.935, 2649.343, 2668.509, 2735.535, 2730.741, 2720.494, 2754.392, 2814.067, 2827.69];"[2554.84221807 2567.88700651 2597.65256221 2624.36756144 2645.09747155
 2672.65728524 2706.35195131 2729.96724647 2735.6817382  2726.47871169
 2711.66485979 2690.07607279 2655.15698237]";2016-04-10 12:00:00;2016-07-03 12:00:00
120;13;ridge_log;0.009388513893034136;83.33333333333333;0.009457830011933647;119.53888516429387;0.009457782515106502;94.16551461883515;[9964.536, 9947.71, 9881.144, 9855.828, 9922.635, 9937.146, 9969.568, 9933.849, 10032.933, 10050.033, 10044.655, 10050.148, 10123.182];"[9986.42450982 9967.01540746 9902.33044591 9890.59378607 9906.59609194
 9911.08735288 9870.23155711 9849.18600278 9862.7756572  9887.0722865
 9883.75503649 9870.20209426 9896.23738005]";2016-01-10 12:00:00;2016-04-03 12:00:00
96;13;ridge_log;0.05451608545370939;83.33333333333333;0.051363349913496156;39.59421143892591;0.05135826249041346;25.963083696873387;[447.83, 454.85, 482.02, 472.14, 455.09, 481.15, 524.38, 519.49, 485.51, 467.8, 486.97, 483.66, 457.56];"[446.86669248 464.25463214 487.71516452 466.99254233 462.14036542
 483.61489878 516.59609433 505.40757888 493.93002434 514.00440187
 559.15711016 562.65960573 536.67679314]";2016-10-09 12:00:00;2017-01-01 12:00:00
151;13;ridge_log;0.041131648040257866;41.666666666666664;0.04250023070796465;456.51169983322603;0.0424999745784781;352.6334362362676;[8624.177, 8443.2, 8390.94, 8266.24, 8299.13, 8283.85, 8356.8, 8416.68, 8466.06, 8541.06, 8572.49, 8732.67, 8749.33];"[8511.76909952 8584.87438743 8492.13868514 8460.22365131 8406.18934113
 8304.55691211 8227.4445365  8048.47336895 8035.03529155 7930.6777324
 7937.22518274 7844.29745391 7904.73264049]";2016-10-09 12:00:00;2017-01-01 12:00:00
136;13;ridge_log;0.025974275581511583;83.33333333333333;0.02652869395760225;225.34538723270657;0.02652849468191346;176.59176932566663;[6844.362, 6829.507, 6791.34, 6748.109, 6801.466, 6800.935, 6764.145, 6737.236, 6821.368, 6819.427, 6809.228, 6769.343, 6819.692];"[6856.63685876 6851.65711505 6830.36702409 6797.1474787  6751.30343792
 6694.12418565 6637.82850088 6573.44199612 6517.08639514 6473.30319694
 6441.49153199 6433.16014934 6447.89808139]";2016-01-10 12:00:00;2016-04-03 12:00:00
165;13;ridge_log;0.04796614322904076;66.66666666666667;0.04951807314532254;140.78176235050793;0.049517084527829915;124.11978915998131;[2687.459, 2644.966, 2689.936, 2700.413, 2647.194, 2630.34, 2628.161, 2602.124, 2552.539, 2537.744, 2540.868, 2554.798, 2565.195];"[2646.2108483  2632.70951285 2631.9954265  2615.77982586 2576.83374345
 2525.97063534 2487.26088803 2455.88337561 2416.02719304 2367.99279699
 2335.90796532 2332.07181004 2343.5357196 ]";2016-01-10 12:00:00;2016-04-03 12:00:00
137;13;ridge_log;0.07003134976346724;83.33333333333333;0.06899217149890143;29.44162341381001;0.06898261107707564;24.928743638344923;[387.13, 396.14, 404.7, 363.68, 322.02, 328.5, 392.13, 382.78, 364.21, 339.84, 334.59, 363.64, 337.18];"[355.34944061 355.66554076 361.42166869 359.50989207 362.09981511
 372.70130978 384.95349056 384.88647543 376.40752005 370.53217124
 369.78942559 368.84380433 364.69317847]";2016-10-09 12:00:00;2017-01-01 12:00:00
107;13;ridge_log;0.005620710620587897;50.0;0.005639343201036729;98.05661940294581;0.005639325208055329;88.37468137342022;[15607.465, 15701.888, 15666.318, 15620.482, 15725.307, 15773.462, 15740.424, 15743.733, 15766.359, 15822.682, 15716.416, 15700.428, 15673.023];"[15551.54266529 15547.47745936 15568.76055209 15535.88970904
 15593.79367282 15632.3224589  15657.77706657 15641.53682481
 15649.72278589 15720.39963417 15731.74025571 15748.11628934
 15689.98414175]";2016-01-10 12:00:00;2016-04-03 12:00:00
151;13;ridge_log;0.043274497343503006;33.333333333333336;0.04465697425553832;466.1025826206776;0.044656698098080407;361.1168165450202;[8265.069, 8144.901, 8038.916, 8045.428, 8052.082, 8026.227, 8033.954, 8078.661, 8524.342, 8235.765, 8286.751, 8352.788, 8644.045];"[8334.41293388 8361.91801731 8294.05363846 8259.58564138 8159.74067082
 8098.98269281 7990.4678975  7871.85600641 7825.31148683 7726.05051275
 7714.94994304 7615.74140212 7653.48073092]";2016-07-10 12:00:00;2016-10-02 12:00:00
96;13;ridge_log;0.07607154948375991;66.66666666666667;0.07115757227407148;49.84385418096976;0.07115072096587872;37.033881930656456;[456.11, 454.85, 524.7, 532.91, 495.59, 512.38, 543.0, 517.31, 502.96, 496.87, 536.51, 513.21, 441.06];"[470.06367973 480.79692062 508.47469088 514.3665089  507.95214977
 514.14448023 541.68441558 557.6327553  556.4005159  558.70253425
 575.96467221 583.59811078 566.95026168]";2016-07-10 12:00:00;2016-10-02 12:00:00
137;13;ridge_log;0.07877985756470621;58.333333333333336;0.07460129695087563;32.87374875631244;0.07459127288908184;27.78167262563041;[351.8, 355.16, 414.15, 395.63, 370.84, 367.78, 369.34, 346.68, 327.38, 340.19, 362.15, 377.14, 363.08];"[395.30894857 395.82329888 402.34652044 408.06927746 396.9083632
 390.26643771 390.85744248 395.83373419 390.70290275 381.93882196
 377.13226423 376.57527112 375.98204428]";2016-07-10 12:00:00;2016-10-02 12:00:00
121;13;ridge_log;0.05449140895505416;75.0;0.053219215794120846;21.755800092072104;0.05321169613000924;18.853298613419597;[329.99, 321.94, 332.45, 333.74, 338.72, 353.4, 396.27, 383.57, 366.9, 359.23, 363.53, 378.46, 369.19];"[342.68232669 351.65928398 373.56073723 373.49873805 360.44252321
 364.51359316 383.55501711 376.68161971 351.99257649 339.25400729
 355.131216   366.20651259 355.35337117]";2016-10-09 12:00:00;2017-01-01 12:00:00
151;13;ridge_log;0.022743197237334534;41.666666666666664;0.023141655700820125;262.6639003216697;0.023141510728263856;184.72277442185134;[7980.826, 7965.44, 7854.609, 7852.147, 7941.184, 7860.361, 7901.558, 7898.371, 8016.015, 8002.58, 8033.396, 8071.591, 8480.089];"[8005.19212126 8050.83256274 8040.806994   8036.09789439 7996.16219189
 7986.80720047 7944.87753388 7893.97125737 7861.26597351 7802.76114393
 7779.69884842 7734.18276677 7733.41744114]";2016-04-10 12:00:00;2016-07-03 12:00:00
166;13;ridge_log;0.05334708558140538;58.333333333333336;0.051607019381806715;177.95850033848907;0.05160617837570576;158.3448252351614;[2997.388, 2977.87, 2986.98, 2990.89, 2962.27, 2935.63, 2940.19, 2958.2, 2977.7, 2970.67, 2964.25, 3035.15, 3091.1];"[3036.69507262 3045.29228635 3086.95524275 3115.47917982 3143.66690745
 3161.32980936 3198.94810948 3210.3375787  3220.23768459 3195.21311132
 3173.93968188 3144.57788735 3114.0981764 ]";2016-10-09 12:00:00;2017-01-01 12:00:00
137;13;ridge_log;0.03695084898123353;41.666666666666664;0.037402119822527176;17.73000685293176;0.03739730231564622;14.523531740557395;[381.228, 402.194, 408.1, 404.21, 374.93, 363.18, 390.59, 404.08, 378.99, 372.83, 380.11, 388.75, 414.19];"[386.91476596 381.92690293 381.60937499 389.2799351  385.49412246
 386.58063926 391.13118849 397.77919215 393.41771285 383.86186969
 377.02232393 375.44382613 375.41883083]";2016-04-10 12:00:00;2016-07-03 12:00:00
108;13;ridge_log;0.0035848233579851238;75.0;0.0035711914788136155;75.49031885498822;0.0035711789742364696;50.99533739426037;[14171.645, 14318.713, 14198.442, 14206.103, 14300.423, 14334.406, 14340.354, 14293.978, 14288.988, 14354.158, 14370.531, 14207.81, 14198.367];"[14279.94868349 14314.57247492 14274.05907995 14226.05549249
 14285.60680342 14345.69366699 14333.99115667 14265.13195231
 14290.60756925 14373.74087348 14421.3146502  14381.17093978
 14346.63281781]";2016-10-09 12:00:00;2017-01-01 12:00:00
151;13;ridge_log;0.02652064351125407;58.333333333333336;0.026744222481486356;251.37504222607197;0.026744051581873336;209.29144824302895;[8099.412, 7970.397, 7785.8, 7747.219, 7866.546, 7841.825, 7766.325, 7807.316, 7850.608, 7854.987, 7930.698, 7929.163, 8030.812];"[8135.07668605 8123.84217174 8096.89001844 8043.16291957 7977.45143603
 7911.16651388 7837.59090475 7767.46842733 7676.0646131  7613.16102717
 7560.10137439 7551.25623083 7562.40015046]";2016-01-10 12:00:00;2016-04-03 12:00:00
137;13;ridge_log;0.14330142587016284;75.0;0.15559732891780728;58.86007343323922;0.1555752484545695;54.95478308780037;[357.674, 394.549, 390.407, 425.208, 393.758, 377.729, 379.495, 378.234, 362.407, 357.408, 369.428, 382.302, 407.629];"[385.85514231 377.6340469  372.69008789 352.56168374 337.86731287
 325.45229784 320.89429615 313.59861681 304.91057484 299.4117989
 301.56908569 308.68379448 317.04936604]";2016-01-10 12:00:00;2016-04-03 12:00:00
96;13;ridge_log;0.07598615456325392;66.66666666666667;0.07896233269225426;45.51734450401161;0.07895464553350176;40.580459958875124;[502.39, 537.17, 561.12, 568.14, 530.05, 522.02, 541.6, 557.73, 520.97, 502.83, 504.76, 500.1, 475.94];"[464.31141816 477.12627467 485.95125171 492.10089843 486.9067791
 492.7786861  496.96365169 501.5307452  503.3813217  514.321536
 521.81301708 521.96514913 512.93730402]";2016-04-10 12:00:00;2016-07-03 12:00:00
166;13;ridge_log;0.014735013148276578;83.33333333333333;0.014874527432001199;50.98844664035625;0.0148742831426302;45.30805797174246;[3208.648, 3207.434, 3190.785, 3169.379, 3110.608, 3075.604, 3076.264, 3054.29, 3018.094, 2975.289, 2969.344, 3053.082, 3032.291];"[3205.55800377 3168.67071083 3150.40932987 3118.51780898 3086.86323209
 3042.70333172 3013.23952172 2985.49420466 2965.65702997 2943.15140331
 2939.6184057  2950.77893272 2981.44533103]";2016-07-10 12:00:00;2016-10-02 12:00:00
121;13;ridge_log;0.04770962283445885;75.0;0.04688660215076132;19.092973714973333;0.046880053679414585;16.800425934530185;[350.63, 342.76, 393.05, 392.37, 355.8, 337.2, 359.18, 339.13, 333.45, 331.9, 375.02, 384.86, 366.63];"[359.16137696 370.49411417 384.78680627 387.49982946 364.75897845
 361.29010602 370.51679532 374.38623366 356.63421007 344.39763899
 352.09500455 363.12965195 357.60262426]";2016-07-10 12:00:00;2016-10-02 12:00:00
138;13;ridge_log;0.012552199611620664;50.0;0.012465416554158873;122.3465864067085;0.012465335926718415;96.37879740228142;[7833.402, 7763.08, 7697.07, 7691.19, 7674.28, 7754.88, 7648.39, 7689.17, 7639.02, 7478.78, 7613.66, 7563.24, 7531.5];"[7860.87039129 7890.14416025 7941.55744393 7909.67692701 7854.88403924
 7790.53217696 7733.31342864 7652.42079799 7540.96470338 7487.51088568
 7490.58441713 7512.02370106 7515.0894672 ]";2016-10-09 12:00:00;2017-01-01 12:00:00
166;13;ridge_log;0.015030083394783515;33.333333333333336;0.01526044122972321;69.4821531033475;0.01526019447801602;47.2073698557403;[2954.14, 2932.259, 3029.219, 3069.821, 3057.305, 3038.413, 3057.509, 3118.045, 3117.131, 3123.204, 3156.362, 3216.707, 3221.6];"[2941.14447922 2946.13057968 2972.09347082 2998.99405495 3028.72317074
 3054.38092026 3089.58179471 3113.87423475 3123.63536829 3117.43578271
 3101.62577    3077.70443911 3049.52845251]";2016-04-10 12:00:00;2016-07-03 12:00:00
152;13;ridge_log;0.025665860399459946;50.0;0.025705525020756823;96.57471578700401;0.025705091484395516;76.2373238593718;[2990.33, 3154.84, 2945.55, 2862.16, 3032.25, 2990.3, 3001.65, 2879.11, 3049.37, 2997.1, 3046.23, 2862.51, 2802.91];"[2979.36318566 2960.64510077 2893.80333424 2905.93058982 2968.82315714
 2971.80820333 2917.13622403 2898.29381029 2939.81462933 2975.79904071
 2977.81460982 2975.65680895 2995.28148616]";2016-10-09 12:00:00;2017-01-01 12:00:00
108;13;ridge_log;0.009553947838383006;75.0;0.009613476794967334;156.09419414619174;0.009613443046266884;136.92291366599616;[14261.757, 14245.347, 14185.319, 14248.314, 14336.787, 14340.783, 14330.171, 14281.466, 14326.151, 14428.947, 14417.98, 14215.552, 14163.913];"[14162.05424037 14196.33404697 14149.02387621 14147.423047
 14168.13604467 14190.96531868 14147.86787405 14107.4985058
 14124.92586439 14160.95770109 14174.43725945 14137.56709497
 14135.29824869]";2016-07-10 12:00:00;2016-10-02 12:00:00
96;13;ridge_log;0.052647888440550974;66.66666666666667;0.05054593899928917;36.6300819318261;0.05054097470550124;25.73714388268517;[474.57, 522.29, 502.2, 524.7, 481.22, 486.82, 494.9, 512.04, 498.37, 498.44, 498.53, 471.41, 466.58];"[477.64597093 488.12195868 505.76596059 493.50727317 483.1751512
 484.00156882 502.85996275 506.60476075 511.44503522 526.52346159
 549.66289119 551.41796818 538.69203024]";2016-01-10 12:00:00;2016-04-03 12:00:00
121;13;ridge_log;0.04064306179724481;91.66666666666667;0.039423278660145465;18.184955166938703;0.03941791000305824;14.480061720483333;[350.11, 370.34, 378.91, 377.95, 341.36, 345.29, 360.15, 371.63, 356.99, 350.88, 373.66, 383.85, 383.01];"[352.63386497 364.89292467 369.43482351 384.08245654 371.0311378
 374.95879753 380.65314086 389.40769888 384.53177002 379.30889472
 381.84366927 385.86213642 383.88498354]";2016-04-10 12:00:00;2016-07-03 12:00:00
138;13;ridge_log;0.0187320318074398;58.333333333333336;0.019027877661333473;190.21805368108411;0.01902775422159481;146.6762230189868;[7816.832, 7671.916, 7636.825, 7665.471, 7581.562, 7551.906, 7554.136, 7634.57, 7781.726, 7730.051, 7913.096, 8035.468, 7879.969];"[7694.36528475 7679.22353646 7631.66522192 7559.56076008 7496.95467934
 7509.31506431 7517.19650825 7532.23653163 7516.8345635  7542.68908736
 7586.40248741 7628.39153192 7666.51691674]";2016-07-10 12:00:00;2016-10-02 12:00:00
152;13;ridge_log;0.02464710851077014;91.66666666666667;0.02510262454559504;102.96209100700246;0.02510220337699482;74.85369071882434;[2958.103, 2937.563, 2827.492, 2860.718, 2941.373, 3051.335, 2873.475, 2864.663, 3115.228, 3200.707, 3010.109, 2824.847, 2915.297];"[2891.51753771 2875.32577162 2839.26883713 2869.07683266 2910.53254682
 2930.59734734 2904.4773317  2892.44657758 2934.44252926 2948.18518401
 2933.58631371 2923.34577258 2920.74385815]";2016-07-10 12:00:00;2016-10-02 12:00:00
166;13;ridge_log;0.032766649049969204;75.0;0.03347426845893707;109.73016342894812;0.03347369239479302;97.33590177590878;[3099.875, 3051.166, 3091.239, 3103.585, 3027.166, 3021.071, 3010.356, 2978.28, 2915.942, 2910.706, 2901.37, 2922.095, 2940.616];"[3056.97812039 3045.27190054 3025.71991314 3015.70768236 2971.9066033
 2939.23782963 2901.54200462 2878.06071199 2832.87719446 2795.74768317
 2753.91185292 2743.8075145  2747.33126588]";2016-01-10 12:00:00;2016-04-03 12:00:00
138;13;ridge_log;0.017328895611595084;50.0;0.017343643143067914;150.8024741706159;0.01734352877920313;131.54071845466004;[7319.063, 7327.337, 7374.661, 7584.139, 7652.425, 7747.567, 7790.521, 7784.115, 7693.149, 7715.926, 7711.248, 7817.343, 7691.04];"[7550.66428091 7558.57369544 7518.38529643 7517.37266666 7534.82143063
 7555.5153893  7566.46019466 7584.13279383 7606.6770451  7654.89015561
 7700.5790808  7726.22668192 7744.74950561]";2016-04-10 12:00:00;2016-07-03 12:00:00
108;13;ridge_log;0.008408339823353157;66.66666666666667;0.008448769490646586;127.07295849576398;0.008448739501172432;119.01150865700892;[14107.675, 14177.068, 14070.823, 14078.52, 14120.841, 14151.987, 14102.949, 14121.069, 14192.692, 14237.661, 14209.167, 14095.606, 14116.296];"[14036.77165492 14027.04267749 14014.57034172 13985.00281035
 14014.80769314 14024.13348089 13996.37209776 13986.01200398
 13996.79642001 14051.68014599 14041.95340868 14040.08889356
 14019.97275896]";2016-04-10 12:00:00;2016-07-03 12:00:00
121;13;ridge_log;0.04008889422949692;50.0;0.03907932721649009;17.313011555745412;0.0390741761053292;14.833397228435546;[356.46, 394.73, 383.1, 406.41, 367.48, 363.13, 376.2, 378.62, 365.07, 358.6, 370.42, 357.54, 375.58];"[375.25200218 389.43488551 407.51858293 395.82123838 374.29470258
 375.68101558 393.18102983 392.92505326 373.09113173 369.58434502
 387.39226356 397.33337331 382.89678789]";2016-01-10 12:00:00;2016-04-03 12:00:00
97;13;ridge_log;0.04764865089109326;83.33333333333333;0.04500903500864906;45.417226758581045;0.045005515987546645;28.80846652466751;[584.3, 590.59, 610.91, 597.94, 585.15, 610.26, 651.93, 646.63, 617.37, 598.04, 617.17, 615.46, 586.87];"[581.63215991 596.72743144 619.95613963 597.67842226 595.12364812
 618.35289519 651.98778966 641.88884401 631.81355914 653.74344077
 699.00831759 703.70752613 680.16874332]";2016-10-09 12:00:00;2017-01-01 12:00:00
138;13;ridge_log;0.02632529863312704;50.0;0.026771847524897734;228.04917671013618;0.02677167004995638;201.93165030095386;[7410.051, 7479.954, 7444.064, 7603.717, 7747.976, 7785.7, 7564.569, 7707.696, 7710.421, 7642.156, 7678.122, 7656.972, 7533.265];"[7429.74372229 7415.44512091 7377.89079208 7386.9160874  7391.67251663
 7440.47769062 7444.10540836 7439.62010913 7433.05450198 7418.8788577
 7405.44337229 7393.84420195 7401.84460934]";2016-01-10 12:00:00;2016-04-03 12:00:00
167;13;ridge_log;0.03782630846241952;91.66666666666667;0.038632017697716944;167.4517931493964;0.038631489787082085;141.39362934268166;[3567.271, 3652.93, 3614.77, 3584.42, 3700.76, 3811.42, 3857.31, 3783.4, 3727.36, 3866.92, 3750.27, 3560.46, 3450.5];"[3627.27005253 3656.12654629 3594.09026821 3518.64198714 3539.25726299
 3577.21366172 3583.5938218  3554.06378455 3544.72635172 3600.31533522
 3632.03872551 3623.61801097 3609.57477053]";2016-10-09 12:00:00;2017-01-01 12:00:00
152;13;ridge_log;0.025756549604895866;83.33333333333333;0.025873342651042932;92.7846822743326;0.025872890819534682;74.1019879406652;[2846.807, 2943.225, 2811.131, 2935.704, 2965.205, 2931.335, 2809.441, 2856.221, 2905.134, 2973.33, 2942.207, 2675.877, 2901.312];"[2814.88102724 2820.20087544 2810.86906865 2818.20213834 2839.09349903
 2835.69252982 2834.45167431 2845.92662117 2863.9383749  2874.59533561
 2875.31302651 2874.5336052  2873.23993957]";2016-04-10 12:00:00;2016-07-03 12:00:00
108;13;ridge_log;0.005721575983551976;50.0;0.005737497135657619;85.75247994936389;0.005737476599894574;80.15107665206303;[13914.013, 13999.914, 13964.289, 13911.993, 14009.168, 14056.2, 14018.599, 14027.326, 14065.692, 14113.622, 14008.804, 13993.096, 13957.879];"[13854.05103388 13851.19091454 13870.60301336 13840.87339365
 13901.74113912 13942.53157897 13967.83588376 13953.42446303
 13964.76592523 14035.81798272 14046.42377942 14057.12965541
 14000.2088899 ]";2016-01-10 12:00:00;2016-04-03 12:00:00
109;13;ridge_log;0.05475257118594867;33.333333333333336;0.056942513468567046;486.7608414232435;0.056942119072106306;411.12165308997555;[7331.84, 7307.69, 7396.85, 7438.91, 7519.81, 7592.29, 7571.98, 7464.36, 7484.2, 7484.94, 7528.27, 7483.09, 7522.26];"[7336.04924301 7337.91344527 7320.80872778 7279.08974702 7222.13655772
 7153.19544519 7077.21771794 7002.93124138 6920.40836093 6847.4342221
 6794.13147696 6771.49205357 6787.96564751]";2016-10-09 12:00:00;2017-01-01 12:00:00
109;13;ridge_log;0.03291838795259441;50.0;0.03353454735706674;249.90065228696474;0.03353430915781303;236.06388390152313;[7039.01, 7092.1, 7116.56, 7124.42, 7115.52, 7137.36, 7126.92, 7133.74, 7125.28, 7118.47, 7224.47, 7271.04, 7314.83];"[6970.08862591 6961.06209404 6946.61824568 6934.74661255 6913.99947447
 6894.67509249 6872.92285044 6867.93372019 6867.57890134 6878.31609705
 6894.7175872  6918.51399774 6949.71621017]";2016-07-10 12:00:00;2016-10-02 12:00:00
139;13;ridge_log;0.01361238295850827;58.333333333333336;0.013533896846845563;133.97840167346675;0.013533813064650584;109.33931017612835;[8220.532, 8159.22, 8101.77, 8054.87, 7996.3, 8083.38, 8040.52, 8071.95, 8003.23, 7818.62, 7948.25, 7926.88, 7868.68];"[8225.8377378  8275.75556035 8334.72742983 8295.06754297 8223.28511312
 8155.29211227 8092.12563994 8006.97662347 7875.06666973 7808.00354151
 7823.0884996  7828.95058058 7819.61218909]";2016-10-09 12:00:00;2017-01-01 12:00:00
109;13;ridge_log;0.014695227743369772;66.66666666666667;0.014798093305912296;112.64385335589058;0.014797985994652173;102.03887789105794;[6828.09, 6918.88, 6886.47, 6917.81, 6948.67, 6931.99, 6972.45, 6974.05, 7017.35, 6949.12, 6973.92, 6946.33, 6967.64];"[6785.75636188 6778.08738366 6768.61415475 6771.59322334 6788.06597995
 6809.46385447 6830.78201455 6856.33930557 6896.95014805 6946.72871118
 6996.64450221 7038.5317998  7066.72024796]";2016-04-10 12:00:00;2016-07-03 12:00:00
122;13;ridge_log;0.040883882470270666;83.33333333333333;0.03977807704821296;23.125531534374517;0.039773732786569635;18.216714089518387;[440.2, 431.45, 435.3, 432.77, 440.92, 454.74, 497.32, 484.31, 473.21, 461.88, 466.64, 483.21, 471.99];"[452.81253925 460.99885949 481.66333077 478.92967144 466.88838734
 472.28257015 491.53201647 483.41560803 458.75003758 447.41130471
 463.32021754 473.186031   462.32285995]";2016-10-09 12:00:00;2017-01-01 12:00:00
109;13;ridge_log;0.08254608403677487;41.666666666666664;0.08729717405806185;649.6032164681816;0.08729650158627826;566.7609173193806;[6781.79, 6865.78, 6830.61, 6814.19, 6877.66, 6864.31, 6862.69, 6859.59, 6907.55, 6930.74, 6869.06, 6831.74, 6793.02];"[6717.33551857 6714.46569969 6658.60544397 6574.45375034 6469.62224776
 6342.80559495 6208.14339364 6076.61211473 5976.33567186 5928.07469691
 5934.87231894 5996.50559964 6123.00602385]";2016-01-10 12:00:00;2016-04-03 12:00:00
97;13;ridge_log;0.05446975820378039;66.66666666666667;0.05220006233018788;44.57475646935937;0.05219604892828989;34.00004537695838;[582.81, 581.05, 658.79, 668.35, 634.54, 650.77, 682.4, 656.96, 638.22, 637.11, 675.44, 652.01, 576.81];"[596.35608682 606.81281004 635.01316732 642.74499167 636.55208268
 641.91241209 668.66805231 685.73205262 685.05377387 686.89029267
 702.73924222 710.40737084 694.43550155]";2016-07-10 12:00:00;2016-10-02 12:00:00
110;13;ridge_log;0.004591020871164005;25.0;0.004600803914265361;5.825860101519166;0.004600590729407097;4.964351417968723;[1080.57, 1080.53, 1078.63, 1077.26, 1084.46, 1084.89, 1082.71, 1079.78, 1076.06, 1085.53, 1084.67, 1081.1, 1074.27];"[1073.78518536 1074.42734344 1075.58095202 1074.68680312 1072.13013652
 1077.08046275 1077.57755058 1078.3343272  1078.98748012 1081.08978674
 1081.63272146 1082.12921686 1082.14514063]";2016-10-09 12:00:00;2017-01-01 12:00:00
110;13;ridge_log;0.006573971034190914;25.0;0.006599913401911619;8.136836380804247;0.0065996059726221995;7.08405012890267;[1079.41, 1078.25, 1078.04, 1074.52, 1081.64, 1078.35, 1078.06, 1076.49, 1067.09, 1077.17, 1076.18, 1074.23, 1070.19];"[1068.20684794 1070.76287244 1070.80693408 1066.86343185 1065.05824626
 1068.19524119 1069.81766793 1070.39702457 1069.60489168 1071.19208748
 1073.0423596  1074.28237571 1075.94809763]";2016-07-10 12:00:00;2016-10-02 12:00:00
152;13;ridge_log;0.06381612059052633;66.66666666666667;0.061140476272759765;221.65225933254402;0.06113943646901025;179.85674955064226;[2779.15, 2809.024, 2896.882, 2786.701, 2834.464, 2869.923, 2912.038, 2767.61, 2954.051, 2815.323, 2819.792, 2758.139, 2823.878];"[2707.44512909 2734.38888712 2760.14008309 2806.6099638  2881.37920208
 2947.87542788 2997.35348463 3046.29631546 3103.19236439 3156.70087312
 3175.39619093 3159.75787681 3122.41314437]";2016-01-10 12:00:00;2016-04-03 12:00:00
167;13;ridge_log;0.07642351291271082;75.0;0.08062951663891643;331.500030524369;0.08062836136607546;281.45716781036367;[3388.652, 3449.55, 3413.503, 3355.941, 3705.907, 3720.07, 3712.06, 3646.987, 3633.283, 3891.767, 3722.467, 3518.938, 3553.887];"[3310.19446078 3409.1759128  3370.2295188  3325.03898622 3315.12457802
 3341.9075307  3331.43389497 3292.91483064 3261.33546268 3274.64405777
 3294.55209956 3269.17794917 3258.33953634]";2016-07-10 12:00:00;2016-10-02 12:00:00
110;13;ridge_log;0.015471441413009542;41.666666666666664;0.015605818346973752;17.49887065986436;0.015605084183800463;16.585667462667168;[1070.42, 1068.94, 1070.42, 1068.13, 1071.39, 1073.76, 1073.16, 1070.44, 1068.72, 1077.0, 1076.45, 1073.92, 1065.51];"[1053.31965256 1052.61200788 1052.6637617  1049.79914926 1049.54795145
 1049.93173267 1052.10922834 1054.8160349  1055.02976288 1057.19440851
 1058.86578576 1061.70510962 1065.05173745]";2016-04-10 12:00:00;2016-07-03 12:00:00
139;13;ridge_log;0.015786287590828525;58.333333333333336;0.015996683567002748;168.2176486490765;0.015996584606631756;129.31194082121803;[8168.632, 8027.076, 8050.975, 8061.101, 7952.402, 7919.686, 7923.476, 7981.25, 8109.106, 8070.241, 8275.246, 8412.608, 8243.049];"[8084.56972578 8039.64893043 8012.26476067 7940.89600155 7882.38374846
 7874.78165086 7900.86082737 7905.39425165 7898.12298482 7909.87950738
 7973.19980697 8031.58959632 8085.34683793]";2016-07-10 12:00:00;2016-10-02 12:00:00
110;13;ridge_log;0.003737620252173923;16.666666666666668;0.0037373540749964093;5.199465384561935;0.0037371772197674733;3.9487684934725937;[1052.93, 1053.43, 1052.93, 1051.08, 1058.85, 1058.58, 1057.56, 1054.49, 1060.65, 1062.26, 1060.97, 1058.95, 1050.69];"[1054.45453493 1054.29245564 1054.54158474 1051.79672181 1050.24571716
 1052.15922618 1054.11500809 1056.65552079 1056.64880286 1057.59501882
 1058.21478279 1060.66011446 1063.54161395]";2016-01-10 12:00:00;2016-04-03 12:00:00
153;13;ridge_log;0.10862238412708873;16.666666666666668;0.10099098081396538;1062.3037785864346;0.10099041450071354;900.602843849784;[8643.9, 8597.8, 8504.5, 8468.7, 8454.0, 8415.0, 8361.8, 8296.2, 8313.1, 8300.7, 8219.2, 8228.2, 8136.1];"[8639.27008637 8658.733954   8738.64209802 8865.52282264 9027.75537877
 9225.61068067 9376.50314441 9533.35866206 9650.30709966 9749.45812731
 9772.06113758 9751.188046   9649.3659053 ]";2016-10-09 12:00:00;2017-01-01 12:00:00
122;13;ridge_log;0.0351734307991967;66.66666666666667;0.035337348035327606;20.02891221514834;0.035333563712457855;16.5099506558499;[452.54, 443.8, 501.59, 500.38, 466.67, 447.16, 469.38, 449.11, 439.03, 441.92, 485.72, 494.92, 475.36];"[461.64855948 472.55527706 485.1089095  487.71371114 465.38182778
 461.77557609 469.95997765 473.0209069  455.60924487 443.40107618
 450.39070466 460.53506171 455.91104491]";2016-07-10 12:00:00;2016-10-02 12:00:00
167;13;ridge_log;0.038070633932836995;75.0;0.03731133507164937;142.6080032982026;0.03731076631496967;122.48942862236352;[3555.583, 3504.291, 3282.078, 2990.493, 3194.552, 3228.751, 3199.676, 3186.771, 3198.777, 3402.186, 3398.78, 3186.991, 3300.277];"[3387.8620673  3422.12383506 3365.06104254 3310.54853856 3311.8650758
 3344.61153337 3341.70404037 3317.60557102 3320.40237209 3358.13734543
 3381.69975321 3372.58843848 3365.32496087]";2016-04-10 12:00:00;2016-07-03 12:00:00
97;13;ridge_log;0.06566350508733225;50.0;0.06867356670706457;51.01936519016874;0.06866816060360569;43.63482801933465;[628.82, 662.17, 685.29, 693.55, 654.02, 645.93, 664.83, 686.52, 649.21, 629.82, 631.51, 627.06, 603.92];"[583.70695716 595.71747062 600.06756497 612.61844974 605.16374071
 608.09157251 607.93430299 616.08435375 616.22629853 619.28509024
 617.68033357 619.15441722 614.17331625]";2016-04-10 12:00:00;2016-07-03 12:00:00
153;13;ridge_log;0.07771617684031053;50.0;0.07437394135962096;741.4841768443162;0.07437354228696287;693.1513225422374;[9517.9, 9413.9, 9256.4, 9175.6, 9155.3, 9116.8, 8963.5, 8931.1, 8817.8, 8891.6, 8773.6, 8693.4, 8613.3];"[9723.6741431  9694.259392   9658.80631364 9717.25974186 9778.05225426
 9778.14701937 9735.29481324 9713.12833293 9727.24779591 9714.71251911
 9698.01338777 9691.06788176 9701.5035981 ]";2016-07-10 12:00:00;2016-10-02 12:00:00
139;13;ridge_log;0.015240200773642198;58.333333333333336;0.015264802244758837;143.32431661203142;0.015264706498748337;121.70922618971453;[7700.29, 7729.531, 7782.761, 7988.349, 8027.355, 8110.747, 8181.111, 8188.195, 8072.139, 8088.756, 8091.358, 8206.093, 8105.23];"[7947.16442167 7913.0089298  7885.20414461 7890.8170002  7929.15158034
 7924.79280263 7949.89877847 7985.15394972 8012.25744945 8051.87127894
 8099.37451013 8131.11140185 8158.94717585]";2016-04-10 12:00:00;2016-07-03 12:00:00
111;13;ridge_log;0.014107489233946705;58.333333333333336;0.014266125717396065;170.49274797661394;0.01426605064258364;135.54647857591954;[9609.45, 9520.42, 9512.01, 9471.4, 9562.31, 9488.15, 9556.86, 9534.86, 9647.41, 9594.13, 9576.58, 9662.18, 9644.83];"[9498.30082368 9516.10344067 9492.04624762 9490.29001545 9487.64829562
 9459.15322718 9460.07225797 9396.51083796 9405.45103184 9359.19955887
 9377.27563925 9347.51433352 9366.70009978]";2016-10-09 12:00:00;2017-01-01 12:00:00
122;13;ridge_log;0.02990404786367795;83.33333333333333;0.030216996052112477;16.836194398785047;0.030213731507811557;13.98669695495468;[450.1, 469.88, 476.69, 477.84, 441.22, 445.27, 459.34, 471.5, 456.39, 450.91, 473.96, 484.44, 484.82];"[444.98868704 455.69242857 456.43231664 477.56689849 461.19413797
 460.88521657 463.45630126 475.35935617 470.12101554 455.44622957
 450.60712737 454.59258048 457.85515808]";2016-04-10 12:00:00;2016-07-03 12:00:00
167;13;ridge_log;0.038923326830432786;66.66666666666667;0.03784375557977173;154.79779253605096;0.03784319457859719;127.72967063475436;[3241.805, 3311.619, 3177.894, 3110.379, 3333.614, 3489.081, 3440.69, 3389.089, 3482.53, 3576.864, 3433.548, 3289.181, 3337.872];"[3412.12435222 3455.26072612 3432.34915329 3336.72877028 3385.70940651
 3472.22477814 3491.54554525 3464.85468431 3460.09769065 3530.61377236
 3574.6914509  3574.3466986  3513.02717193]";2016-01-10 12:00:00;2016-04-03 12:00:00
153;13;ridge_log;0.05478532741298682;25.0;0.05287288788858443;610.4877847580259;0.05287262419494136;530.1511506247672;[9853.9, 9792.8, 9647.3, 9595.9, 9740.6, 9728.3, 9578.6, 9560.3, 9761.5, 9855.1, 9745.5, 9592.1, 9672.0];"[ 9774.89575931  9807.85391188  9853.09537208  9942.70355511
 10060.62882857 10170.98606032 10273.35510992 10356.61754989
 10429.65186879 10515.39104427 10560.856337   10572.9569992
 10538.86408039]";2016-04-10 12:00:00;2016-07-03 12:00:00
168;13;ridge_log;0.04065912754129087;50.0;0.04190878750504769;85.7966698330511;0.04190753821752104;70.30772692486173;[1649.136, 1654.32, 1657.17, 1671.98, 1673.19, 1667.09, 1671.95, 1684.68, 1724.48, 1726.97, 1747.49, 1765.92, 1796.32];"[1651.41066224 1641.5225672  1636.27122349 1639.83752899 1637.59278589
 1623.17961646 1612.17643994 1612.60797819 1620.07107435 1617.83027236
 1616.8786263  1626.2995234  1645.56657564]";2016-10-09 12:00:00;2017-01-01 12:00:00
139;13;ridge_log;0.03178406740217253;41.666666666666664;0.03241045306244576;283.0627794000179;0.03241024770381022;255.76339187755883;[7767.725, 7874.504, 7834.471, 8028.925, 8141.734, 8163.429, 7944.064, 8085.93, 8072.828, 7999.564, 8047.55, 8039.275, 7940.894];"[7808.19342087 7783.20336582 7773.52314627 7750.37197267 7751.72665704
 7769.85393269 7775.7722306  7738.15015806 7725.33693083 7703.11956768
 7697.55249402 7704.04242919 7716.05944157]";2016-01-10 12:00:00;2016-04-03 12:00:00
168;13;ridge_log;0.03330114115763687;50.0;0.034076736163269145;64.07618401676748;0.034075676703392226;54.80261879629438;[1628.919, 1617.802, 1621.694, 1641.711, 1634.597, 1633.08, 1634.617, 1646.062, 1659.294, 1650.922, 1643.418, 1645.324, 1658.825];"[1624.6914955  1617.91008671 1610.33485653 1607.19759416 1596.02248851
 1574.93609182 1564.23322147 1559.44178607 1558.76366026 1553.81390605
 1559.4014502  1575.95296769 1601.3475241 ]";2016-07-10 12:00:00;2016-10-02 12:00:00
97;13;ridge_log;0.04163131490460211;41.666666666666664;0.040377670610159025;33.574186720380276;0.0403744082966782;24.989017202825973;[590.45, 637.41, 611.55, 631.79, 590.82, 593.99, 600.52, 615.28, 604.03, 600.61, 600.73, 580.27, 595.58];"[594.71575088 605.68036367 621.08742923 611.76243072 597.96179241
 597.06225644 612.47623463 618.62944603 622.10897819 634.25647665
 653.08415625 657.60230631 647.94519099]";2016-01-10 12:00:00;2016-04-03 12:00:00
122;13;ridge_log;0.03172064826481854;66.66666666666667;0.03120901684362067;16.23124152748012;0.0312056185126664;14.337819393676643;[442.36, 479.81, 464.28, 486.44, 450.84, 442.42, 455.25, 455.63, 444.47, 433.03, 445.3, 439.56, 477.86];"[462.87094623 475.90653011 489.97089417 480.78816206 456.73072034
 456.05056964 469.80065493 470.55953955 451.32450414 445.38528822
 459.58064254 469.9343169  460.09173237]";2016-01-10 12:00:00;2016-04-03 12:00:00
153;13;ridge_log;0.055060220006502;50.0;0.05310715238143868;634.0921269376728;0.053106895888791264;549.802120183042;[10363.5, 10311.5, 10191.4, 10089.8, 10154.0, 10159.8, 10008.5, 10030.3, 10055.6, 10025.9, 9967.0, 9880.5, 9750.2];"[10379.77402093 10377.13668805 10417.96825994 10472.5640553
 10551.24599062 10601.98848527 10639.92421079 10691.97044619
 10737.61216734 10788.10081148 10816.8765582  10837.21735725
 10823.04851102]";2016-01-10 12:00:00;2016-04-03 12:00:00
111;13;ridge_log;0.01952987594535344;75.0;0.019847657073374405;237.78025205760838;0.01984755054616833;184.89867340377253;[9475.61, 9406.48, 9367.41, 9389.55, 9452.64, 9399.0, 9354.57, 9347.41, 9519.24, 9467.31, 9521.03, 9441.19, 9508.38];"[9447.86076759 9444.99495598 9402.96933455 9393.90182617 9349.30757309
 9299.69627468 9254.86876577 9186.87092987 9171.79795492 9115.0936934
 9124.90956113 9088.92627116 9121.79157083]";2016-07-10 12:00:00;2016-10-02 12:00:00
154;13;ridge_log;0.015346975763182514;50.0;0.015496199783619984;78.74364727144987;0.015496027440273662;69.67404164020955;[4568.001, 4591.74, 4592.62, 4636.82, 4562.67, 4572.28, 4557.9, 4538.75, 4523.75, 4521.02, 4499.58, 4485.14, 4473.5];"[4596.34720297 4590.14431643 4571.92379476 4548.13551454 4522.82557979
 4493.14392341 4464.00045808 4435.61598839 4414.07781441 4401.74120527
 4399.11226803 4408.30267629 4429.33012225]";2016-10-09 12:00:00;2017-01-01 12:00:00
168;13;ridge_log;0.023855169097655386;41.666666666666664;0.024251652952478664;50.959098402110236;0.024250890270484635;38.55881192206796;[1578.926, 1576.96, 1586.28, 1598.903, 1591.479, 1595.42, 1595.919, 1612.953, 1626.314, 1615.537, 1623.61, 1627.981, 1635.535];"[1589.97370616 1595.54170873 1610.35658746 1623.97460307 1623.07534009
 1618.16889531 1615.38257715 1615.43797031 1603.6053002  1577.20040091
 1551.59600946 1533.61899455 1516.76312819]";2016-04-10 12:00:00;2016-07-03 12:00:00
140;13;ridge_log;0.05357141849534841;83.33333333333333;0.05172053607890948;650.2553722338821;0.051720299893474965;566.4851515870104;[10971.829, 11241.17, 10370.0, 10322.61, 10592.83, 10873.84, 11160.36, 10316.67, 10680.77, 10809.59, 11455.11, 10315.26, 10644.41];"[11137.52123101 11413.49497645 11311.18457638 10934.07713479
 11020.68271054 11343.27144863 11550.15209166 11270.23407638
 11126.84310651 11379.09382133 11683.17026405 11593.83747027
 11355.19306264]";2016-10-09 12:00:00;2017-01-01 12:00:00
154;13;ridge_log;0.02674742666299019;25.0;0.027199922235909415;135.6568998664021;0.027199617449292987;121.3695905071927;[4416.851, 4438.171, 4462.331, 4492.801, 4493.661, 4508.241, 4497.351, 4526.391, 4544.251, 4557.071, 4568.341, 4568.381, 4591.081];"[4395.66675868 4400.81349603 4405.19832563 4401.88524977 4397.83359961
 4398.76064103 4399.89268332 4396.42675868 4388.59446909 4380.15873472
 4375.67030313 4373.3775507  4372.83975302]";2016-07-10 12:00:00;2016-10-02 12:00:00
168;13;ridge_log;0.06196610654059562;83.33333333333333;0.06492721690011734;117.97068292037625;0.06492504579924971;97.13778460043076;[1623.21, 1606.351, 1600.505, 1601.203, 1587.347, 1573.331, 1571.755, 1567.755, 1557.081, 1550.427, 1550.866, 1570.448, 1588.494];"[1638.13455872 1633.58614728 1614.32323473 1592.9376162  1551.5936887
 1501.01057483 1458.67058757 1424.85009194 1399.45364743 1375.47726052
 1373.33977202 1394.13569317 1440.42480853]";2016-01-10 12:00:00;2016-04-03 12:00:00
123;13;ridge_log;0.061554801893726786;75.0;0.05902115363394933;613.1686570565294;0.05902081739372799;518.1063848623446;[8434.6, 8404.06, 8370.62, 8440.35, 8445.77, 8485.14, 8424.83, 8351.47, 8365.51, 8411.94, 8472.83, 8434.49, 8421.44];"[8490.20577375 8487.40530757 8554.13414813 8615.22335288 8715.47205151
 8824.39252792 8960.34421808 9105.65757202 9208.92959766 9304.22311783
 9343.02522896 9338.13704322 9251.28306366]";2016-10-09 12:00:00;2017-01-01 12:00:00
98;13;ridge_log;0.10486018837273371;50.0;0.09808569287700528;1794.957385644098;0.09808538425870844;1559.3119237774577;[14837.74, 14751.79, 14883.29, 15009.8, 14963.45, 14930.14, 14847.66, 14828.55, 14864.72, 14893.35, 14811.6, 14898.23, 14855.39];"[15063.39948667 15118.67256622 15334.51422061 15617.52729867
 15957.47620304 16323.93169026 16719.47246027 17085.42453122
 17349.19362559 17500.5450286  17483.07213097 17260.14442413
 16833.39134287]";2016-10-09 12:00:00;2017-01-01 12:00:00
111;13;ridge_log;0.018155544907552338;58.333333333333336;0.01845234134731605;226.7175057656833;0.018452241153938852;169.9167718135019;[9190.82, 9194.79, 9188.26, 9210.0, 9276.62, 9225.15, 9195.59, 9256.96, 9394.22, 9336.74, 9358.19, 9333.84, 9491.2];"[9160.73868856 9172.10919922 9168.54300896 9178.27909158 9174.55383514
 9154.1632879  9145.80292727 9103.07676064 9090.72481939 9046.4950739
 9043.31371697 9003.49819648 9002.16336041]";2016-04-10 12:00:00;2016-07-03 12:00:00
154;13;ridge_log;0.021011761385295584;50.0;0.021289884435474932;103.10101521271751;0.021289639161167793;92.39880059038289;[4363.463, 4377.523, 4375.19, 4417.83, 4388.44, 4415.791, 4394.001, 4349.201, 4336.021, 4402.981, 4422.261, 4417.461, 4389.901];"[4353.33851664 4345.98414322 4335.42471617 4323.52107388 4310.39589533
 4300.88654854 4285.42969147 4274.397497   4264.89510422 4257.9719263
 4258.44881753 4263.01230524 4275.17335678]";2016-04-10 12:00:00;2016-07-03 12:00:00
140;13;ridge_log;0.04071499704096647;66.66666666666667;0.03948821786821472;562.6197155593555;0.039488043217271576;446.53741984109814;[11644.618, 11094.79, 10896.797, 11068.609, 11675.583, 11468.94, 11735.59, 11110.873, 10941.007, 11949.263, 11942.133, 10680.322, 10558.423];"[11476.13861091 11754.3537942  11682.08035418 11404.71060065
 11522.91944748 11734.22977766 11772.05912082 11508.89577647
 11465.26009342 11664.31443708 11894.83130676 11809.79738681
 11575.55735595]";2016-07-10 12:00:00;2016-10-02 12:00:00
123;13;ridge_log;0.011054760633251663;83.33333333333333;0.011089877329324234;108.0761093711524;0.01108981332525841;96.11962377936135;[8941.09, 8845.21, 8842.65, 8807.72, 8911.17, 8832.97, 8809.18, 8753.98, 8695.77, 8619.88, 8549.14, 8554.58, 8474.88];"[8999.24701788 8980.3152042  8950.38158617 8910.43060188 8915.64311108
 8828.60622041 8740.67782843 8651.94999888 8570.84500138 8484.03705758
 8412.4732313  8375.43388005 8384.97919407]";2016-07-10 12:00:00;2016-10-02 12:00:00
98;13;ridge_log;0.05210950836845664;25.0;0.050174712258671164;975.8907225485752;0.05017455641136663;807.7486567368677;[16446.78, 16254.04, 16198.78, 16018.34, 16137.34, 15968.88, 15976.71, 15858.2, 15738.54, 15388.13, 15187.62, 15172.27, 15101.03];"[16444.64765954 16474.29626489 16469.80657801 16487.25174344
 16522.57669095 16559.60237145 16618.8940582  16653.19001694
 16690.49768195 16728.10598668 16745.75038665 16764.76352751
 16783.74489043]";2016-07-10 12:00:00;2016-10-02 12:00:00
169;13;ridge_log;0.034841462339015764;33.333333333333336;0.035691343290542514;150.1592765147214;0.03569084633949033;128.1726329881852;[3593.378, 3600.1, 3605.11, 3626.18, 3631.12, 3625.32, 3631.86, 3645.91, 3674.92, 3680.2, 3698.89, 3719.0, 3754.53];"[3591.69665056 3581.94718649 3570.99849133 3559.97489269 3543.91445036
 3519.47196737 3498.32882496 3485.15554634 3478.9909765  3476.90600871
 3482.96012393 3500.93053613 3528.99811579]";2016-10-09 12:00:00;2017-01-01 12:00:00
154;13;ridge_log;0.02743487856579624;50.0;0.027891679411737886;129.81953213084682;0.027891351784924672;118.72398467210503;[4220.889, 4210.637, 4325.972, 4323.542, 4325.47, 4313.215, 4309.457, 4291.834, 4323.355, 4341.247, 4319.259, 4364.017, 4348.282];"[4221.65788972 4218.05329513 4211.0809227  4201.90214375 4194.96336604
 4187.82604622 4181.07614269 4175.56232032 4171.05513237 4171.0305787
 4175.85247887 4184.44051957 4195.63373287]";2016-01-10 12:00:00;2016-04-03 12:00:00
140;13;ridge_log;0.03962967903717588;41.666666666666664;0.04091541856466981;608.6471594145436;0.040915240717159115;470.8193453050893;[12026.567, 12242.329, 11480.592, 11233.997, 11413.738, 11574.029, 11173.244, 11209.739, 11954.883, 12093.174, 12106.71, 11187.559, 10782.813];"[11357.17775388 11393.17288613 11359.89153997 11265.31165841
 11201.63162446 11099.7304704  11120.08722996 11038.34019856
 11053.86671971 10988.37144367 11013.26621619 11013.66218755
 11048.78410103]";2016-04-10 12:00:00;2016-07-03 12:00:00
123;13;ridge_log;0.012138673540278378;75.0;0.012244998998497021;131.37114960791965;0.01224492905784007;107.19989202829744;[8750.96, 8777.05, 8739.14, 8702.58, 8740.02, 8707.23, 8678.87, 8640.72, 8847.73, 8853.94, 8881.66, 8932.12, 8973.74];"[8817.59668849 8714.11882518 8729.14248439 8725.33982621 8729.67104113
 8631.72663306 8531.29767343 8592.65577197 8622.65898583 8653.68016855
 8667.64907101 8758.24951814 8837.16774565]";2016-04-10 12:00:00;2016-07-03 12:00:00
111;13;ridge_log;0.027261728435856634;75.0;0.027918865028919385;327.7621086254283;0.027918707912410676;248.06536395800183;[9180.4, 9153.36, 9095.51, 9029.32, 9082.04, 9064.55, 9014.92, 8992.45, 9115.27, 9104.56, 9104.74, 9076.43, 9175.22];"[9187.46893597 9177.90648599 9145.30464714 9101.76718805 9030.43838055
 8947.8907437  8865.96172629 8774.23216937 8694.71606595 8625.41401019
 8580.40340908 8559.34301837 8580.78800219]";2016-01-10 12:00:00;2016-04-03 12:00:00
169;13;ridge_log;0.03399044028971392;41.666666666666664;0.03481969448166717;143.61566468026314;0.034819194596535916;121.26891409355984;[3510.531, 3502.604, 3512.22, 3538.601, 3534.572, 3535.999, 3541.585, 3561.001, 3583.889, 3577.679, 3576.918, 3581.608, 3594.285];"[3509.82445835 3502.60241118 3490.84115181 3475.20012246 3452.88840915
 3424.03762716 3400.67978218 3383.33370261 3371.65617099 3367.26695245
 3374.6309159  3395.13359219 3426.90082035]";2016-07-10 12:00:00;2016-10-02 12:00:00
140;13;ridge_log;0.017596384619321774;75.0;0.017390321521097013;226.2671073669678;0.01739024371795088;194.42394230875385;[11003.785, 11133.141, 10814.136, 10754.591, 10802.946, 10992.909, 11377.78, 11106.841, 11427.47, 11280.646, 11385.472, 11396.119, 11446.678];"[11096.234446   11253.94751112 11088.73800231 11046.66911822
 11147.5720627  11368.20233832 11401.2642729  11329.83914958
 11362.61267208 11526.94560344 11667.45781974 11559.94056183
 11470.88703594]";2016-01-10 12:00:00;2016-04-03 12:00:00
155;13;ridge_log;0.0038601704115759287;58.333333333333336;0.0038508719011467987;31.559289180374748;0.0038508360730419963;20.696940876571297;[5432.391, 5451.52, 5443.07, 5483.69, 5408.07, 5413.78, 5394.08, 5368.37, 5355.06, 5351.09, 5321.5, 5307.96, 5287.11];"[5454.70799543 5449.94797066 5440.04556543 5430.40909988 5415.68645852
 5400.1351745  5384.17929154 5369.20241444 5357.01648523 5349.47901444
 5348.69144974 5354.30641255 5366.87613194]";2016-10-09 12:00:00;2017-01-01 12:00:00
98;13;ridge_log;0.013409960909429685;58.333333333333336;0.013257683983614014;290.4653934057331;0.013257644384077293;221.93821574797124;[16621.78, 16617.57, 16547.41, 16393.54, 16588.13, 16613.45, 16558.85, 16540.02, 16624.64, 16663.66, 16786.51, 16593.67, 16432.72];"[16730.59823539 16646.35168297 16659.55202678 16648.98815138
 16664.71999826 16679.98395503 16692.57239929 16769.98920437
 16817.0256628  16897.51811436 16997.97502957 17098.21984169
 17163.65250284]";2016-04-10 12:00:00;2016-07-03 12:00:00
112;13;ridge_log;0.046745625371659355;75.0;0.04558450877386368;38.18622691933456;0.045581424224298;33.692242169809916;[754.7, 766.1, 766.27, 714.66, 682.99, 700.3, 763.74, 747.68, 742.31, 717.41, 712.44, 734.81, 726.45];"[731.30478756 735.32612782 749.35017289 751.7606328  756.4970837
 767.52119838 780.36483984 776.06546001 768.24691587 757.32919088
 756.57996864 751.64175831 743.69318805]";2016-10-09 12:00:00;2017-01-01 12:00:00
141;13;ridge_log;0.025877299979789974;58.333333333333336;0.026439911954835808;184.89885098573484;0.02643966833287114;143.4913537950617;[5388.424, 5388.93, 5368.95, 5390.96, 5401.97, 5389.98, 5392.11, 5412.92, 5525.45, 5540.92, 5580.59, 5622.11, 5684.54];"[5400.80463079 5384.14353443 5363.91399097 5357.24408658 5343.4222109
 5308.45312207 5278.30751228 5263.14715073 5274.1369179  5279.13087078
 5295.31127498 5324.59182669 5374.62053314]";2016-10-09 12:00:00;2017-01-01 12:00:00
123;13;ridge_log;0.04541049151507722;58.333333333333336;0.046877595805992794;473.06419382008846;0.04687732100734294;399.87606589945386;[8503.2, 8559.51, 8657.97, 8695.74, 8804.37, 8795.89, 8809.69, 8856.73, 8969.11, 8894.92, 8588.48, 8758.5, 8788.03];"[8636.83069684 8583.92822477 8593.24676116 8606.34213607 8544.36293443
 8447.14890702 8336.37426989 8263.33293038 8210.04538811 8156.90248967
 8111.27385524 8128.93042307 8181.12996989]";2016-01-10 12:00:00;2016-04-03 12:00:00
155;13;ridge_log;0.010431465126241006;50.0;0.010504009124835722;65.2312223413758;0.010503911724881524;56.6393326468861;[5368.641, 5379.561, 5387.971, 5410.361, 5409.191, 5419.921, 5393.701, 5419.501, 5426.031, 5446.231, 5445.701, 5437.721, 5452.411];"[5366.38350299 5364.51361446 5359.93004136 5360.93956152 5364.56765889
 5366.13224084 5366.02250999 5364.16223682 5357.51420401 5350.58615603
 5346.94904942 5346.35383458 5346.57706469]";2016-07-10 12:00:00;2016-10-02 12:00:00
112;13;ridge_log;0.051277920472950086;75.0;0.049617776057435635;42.80346835253336;0.049614503467977016;37.6255908425036;[754.84, 761.84, 805.33, 784.55, 748.2, 738.96, 740.76, 717.08, 704.69, 718.75, 730.55, 763.72, 736.2];"[791.95866541 793.16842329 796.59577757 801.01909182 793.25078652
 787.02262535 787.74093857 785.83439318 777.43346035 770.13940439
 764.37619207 764.84311408 763.75136349]";2016-07-10 12:00:00;2016-10-02 12:00:00
169;13;ridge_log;0.020060537405836514;41.666666666666664;0.020443554106175328;95.88118776740318;0.02044325567725547;70.02249192666831;[3406.87, 3410.355, 3425.332, 3441.836, 3437.072, 3444.771, 3451.174, 3473.253, 3491.226, 3484.585, 3494.977, 3504.903, 3513.261];"[3415.11954023 3416.9439589  3425.5555947  3431.04471331 3425.6935569
 3416.64930395 3408.77072141 3400.86190926 3386.35130136 3365.22516747
 3346.74160964 3334.43508696 3326.05432852]";2016-04-10 12:00:00;2016-07-03 12:00:00
141;13;ridge_log;0.056569770320420994;25.0;0.058931159742005954;361.7937575851;0.058930588688903295;304.0927118312779;[5295.631, 5300.088, 5295.456, 5333.739, 5338.803, 5339.39, 5345.043, 5369.168, 5401.186, 5395.298, 5386.552, 5377.376, 5406.685];"[5304.44074755 5284.46228364 5258.40600218 5218.49424335 5139.52503877
 5037.12556431 4959.5108116  4923.37021205 4883.71007484 4855.39855155
 4859.25554287 4916.17771781 5008.95245076]";2016-07-10 12:00:00;2016-10-02 12:00:00
112;13;ridge_log;0.027882639351283305;33.333333333333336;0.028055007288334564;25.60494134211342;0.028053212608919874;21.928745762683565;[769.47, 786.2, 808.72, 799.09, 776.3, 752.25, 779.59, 786.59, 765.38, 775.54, 782.08, 791.39, 808.1];"[766.89616656 760.32655523 769.29944723 779.7367047  782.5710585
 784.9368467  796.06992955 802.41893349 797.5165231  785.99095398
 772.5717917  766.01311335 758.98677164]";2016-04-10 12:00:00;2016-07-03 12:00:00
98;13;ridge_log;0.024902342092949146;75.0;0.024529767010916873;496.00907128564035;0.024529695168121944;418.86974789870885;[16504.95, 16666.74, 16684.43, 16736.72, 16877.39, 16863.33, 16864.85, 16948.66, 17064.83, 17088.77, 16680.1, 16772.97, 16694.07];"[16333.58487779 16327.65394141 16477.64146432 16654.09582948
 16861.91665091 17090.19590167 17302.36908744 17497.6601641
 17614.31478288 17678.8170213  17649.8743158  17512.69126802
 17261.62694538]";2016-01-10 12:00:00;2016-04-03 12:00:00
124;13;ridge_log;0.01712447446249823;83.33333333333333;0.01732541237830436;224.85679583464827;0.017325333583318617;190.48308283395593;[10927.21, 11218.64, 10974.46, 10771.82, 10862.93, 11054.22, 11031.79, 11089.91, 11069.27, 11163.08, 11300.69, 11152.85, 11055.06];"[10853.48128663 10991.73061393 10925.62703    10857.86792634
 10863.6064952  10917.87043572 10946.42392423 10820.622003
 10809.06507982 10834.38912288 10909.58154944 10840.51315707
 10798.32014198]";2016-10-09 12:00:00;2017-01-01 12:00:00
155;13;ridge_log;0.009270582544570156;50.0;0.00932696985820627;56.93154331926957;0.00932688253084359;49.8079010563464;[5348.853, 5356.803, 5339.92, 5377.42, 5362.5, 5388.621, 5351.861, 5305.231, 5312.171, 5388.491, 5396.811, 5376.671, 5357.101];"[5324.57255392 5316.10329821 5312.71492503 5304.25026167 5302.13208666
 5301.27446537 5300.21076533 5299.94032373 5299.52214262 5303.34500699
 5308.4125359  5316.28456032 5326.18836052]";2016-04-10 12:00:00;2016-07-03 12:00:00
141;13;ridge_log;0.03004795695163261;50.0;0.030051789297576216;182.22973865479088;0.0300514977077182;154.86684038112952;[5039.544, 5053.42, 5066.86, 5099.887, 5082.291, 5084.34, 5081.651, 5106.797, 5147.906, 5140.993, 5153.21, 5258.369, 5307.455];"[5087.36533544 5125.63631061 5174.0312757  5229.67596378 5269.96603007
 5298.2139657  5297.70469319 5289.65009208 5258.19410176 5191.66270965
 5103.06534972 5005.71112632 4915.40007697]";2016-04-10 12:00:00;2016-07-03 12:00:00
112;13;ridge_log;0.05222536771539846;75.0;0.05388578912499929;45.256083936121335;0.05388214730010221;39.92551945609857;[770.09, 800.75, 791.71, 828.38, 773.73, 768.46, 761.69, 754.39, 725.81, 730.37, 729.93, 749.6, 783.05];"[803.47282006 797.54707622 785.93588216 766.89191496 747.66400211
 729.29793903 722.75895773 710.93186936 697.63389622 683.84971338
 682.67210242 688.55243029 698.48528325]";2016-01-10 12:00:00;2016-04-03 12:00:00
169;13;ridge_log;0.043488406402461016;66.66666666666667;0.04496802376842869;181.038435107953;0.044967336710299295;147.17844167453177;[3410.673, 3402.062, 3402.846, 3407.447, 3394.027, 3381.142, 3382.268, 3381.985, 3371.89, 3365.346, 3370.034, 3394.665, 3415.096];"[3429.24195066 3423.49848067 3404.66951242 3375.52486564 3330.23553051
 3275.20379247 3222.31437122 3174.44663947 3135.3409624  3106.4981863
 3098.10993262 3115.51495501 3159.21996634]";2016-01-10 12:00:00;2016-04-03 12:00:00
141;13;ridge_log;0.025892322537752113;91.66666666666667;0.026367656871480016;156.44963123607056;0.02636739142584386;131.00628772493417;[5259.02, 5214.639, 5180.645, 5171.807, 5152.833, 5115.199, 5089.845, 5065.185, 5024.759, 5021.153, 4996.524, 5004.032, 5053.536];"[5293.56851416 5267.58951795 5221.80203448 5164.02037174 5087.52429152
 4983.41976267 4893.43263438 4827.48406779 4785.90805127 4766.11654541
 4784.77661947 4854.51213388 4973.25284804]";2016-01-10 12:00:00;2016-04-03 12:00:00
113;13;ridge_log;0.017051469524323834;50.0;0.016853003365605072;206.1407421606346;0.016852922304310115;175.2050733423562;[10463.22, 10370.99, 10322.48, 10331.1, 10275.58, 10318.71, 10216.97, 10282.47, 10238.62, 10071.88, 10200.06, 10227.22, 10233.33];"[10503.39483172 10548.36203763 10645.67844105 10636.66311048
 10582.3955456  10538.58807881 10520.06583875 10471.18166946
 10340.99718896 10258.62908362 10259.70233351 10276.47870193
 10248.15909194]";2016-10-09 12:00:00;2017-01-01 12:00:00
155;13;ridge_log;0.012969354243519847;58.333333333333336;0.01307162861132673;76.06529888491474;0.013071505024675216;69.1283025165238;[5257.239, 5241.787, 5345.112, 5332.522, 5340.87, 5329.195, 5310.307, 5294.864, 5328.915, 5343.837, 5315.959, 5352.067, 5323.302];"[5253.43280506 5251.63673356 5244.37641921 5239.81202418 5239.47188988
 5238.80075504 5237.67217108 5237.90464939 5240.99360218 5247.28025717
 5256.52505814 5268.53271934 5280.56845019]";2016-01-10 12:00:00;2016-04-03 12:00:00
99;13;ridge_log;0.018747769935435952;83.33333333333333;0.018989887735242687;261.0770204351575;0.01898980574142513;219.91715737179751;[11474.49, 11875.5, 11517.02, 11305.8, 11423.14, 11647.5, 11632.38, 11729.89, 11679.04, 11740.51, 11934.32, 11741.1, 11634.37];"[11410.35289333 11554.93968852 11491.64215611 11412.7569213
 11455.6653357  11506.41460939 11545.96545472 11381.66690322
 11379.63286181 11402.68465108 11480.93235383 11393.32270402
 11339.12493513]";2016-10-09 12:00:00;2017-01-01 12:00:00
124;13;ridge_log;0.006536636370590083;83.33333333333333;0.006570509079955008;101.94989467188964;0.006570478737557268;71.14371056372035;[10867.93, 10952.06, 10829.01, 10776.96, 10710.31, 10914.6, 10886.63, 10787.91, 10856.58, 10862.29, 11069.71, 10827.76, 10814.07];"[10871.00454542 10951.11834746 10854.11905176 10795.67521372
 10827.91243255 10905.38667148 10879.59318848 10746.90628949
 10743.89767939 10778.53414229 10806.45141402 10712.33739574
 10687.01787777]";2016-07-10 12:00:00;2016-10-02 12:00:00
170;13;ridge_log;0.02402406646325297;66.66666666666667;0.024395651139388606;166.38196408131034;0.02439544949878477;147.57739418466196;[6104.414, 6112.22, 6095.08, 6100.62, 6117.27, 6120.08, 6088.19, 6084.55, 6119.76, 6132.76, 6176.58, 6188.09, 6213.0];"[6071.15092035 6047.15069684 6017.15514682 6022.10911242 6031.98515791
 6000.88180882 5947.41780623 5925.43288911 5937.98503825 5940.35477155
 5920.4542601  5917.61949317 5954.41077403]";2016-10-09 12:00:00;2017-01-01 12:00:00
113;13;ridge_log;0.017948453310349735;66.66666666666667;0.018171928023062542;220.8838359735853;0.018171840207726723;188.03785600157886;[10622.44, 10472.67, 10436.43, 10445.93, 10314.81, 10256.33, 10258.98, 10318.46, 10422.51, 10326.78, 10514.04, 10701.97, 10539.14];"[10478.8643735  10430.89360609 10379.03446706 10293.16955964
 10185.76075668 10155.23172659 10152.44947112 10157.62326431
 10118.35594362 10114.61331903 10168.57193671 10242.05912089
 10309.37032675]";2016-07-10 12:00:00;2016-10-02 12:00:00
156;13;ridge_log;0.0033160043990733998;75.0;0.0033176220182069955;5.874367980836827;0.0033175056694152204;4.729913154597293;[1431.923, 1435.919, 1422.959, 1423.154, 1432.548, 1438.745, 1428.38, 1425.897, 1427.808, 1431.297, 1415.852, 1416.006, 1416.477];"[1431.73374598 1427.62632552 1420.7394032  1422.27698553 1429.87870768
 1428.55978348 1421.42239106 1420.17174558 1427.12423094 1429.83313339
 1424.43861168 1420.30460533 1425.81710637]";2016-10-09 12:00:00;2017-01-01 12:00:00
142;13;ridge_log;0.010450235750269606;75.0;0.010517689229860157;131.92966941248446;0.010517642742704178;118.98245316969741;[11374.106, 11419.08, 11304.46, 11312.03, 11412.35, 11481.37, 11381.15, 11365.37, 11386.84, 11445.25, 11290.92, 11301.3, 11310.58];"[11354.24943632 11315.83828323 11236.55572528 11238.54087879
 11294.16942448 11277.27535343 11196.29883526 11175.86177729
 11230.80990313 11262.28308314 11219.22747515 11188.97839867
 11247.94553462]";2016-10-09 12:00:00;2017-01-01 12:00:00
170;13;ridge_log;0.026980103698164313;58.333333333333336;0.027529887649537534;198.06407324427883;0.027529654721456933;162.6887724078345;[5968.99, 5969.09, 5909.103, 5942.124, 5983.765, 5997.457, 5980.822, 6010.95, 6070.896, 6068.519, 6030.726, 6022.414, 6054.748];"[5973.96984276 5947.24008506 5907.01027086 5896.85577416 5895.85491468
 5860.92935572 5803.47198007 5774.47697852 5780.48957488 5779.53925704
 5756.29551861 5747.74916654 5780.72692531]";2016-07-10 12:00:00;2016-10-02 12:00:00
113;13;ridge_log;0.014831148960167684;75.0;0.01487304945382003;164.277700115932;0.014872976984631091;152.67138137509951;[9884.96, 9875.59, 10003.26, 10259.08, 10308.36, 10396.91, 10459.03, 10519.65, 10423.89, 10436.42, 10465.64, 10631.41, 10518.73];"[10101.40787056 10111.3563059  10095.11710473 10117.74842953
 10163.72166008 10209.07354702 10254.74380903 10298.99583514
 10326.93811088 10366.7223265  10406.36514033 10420.18622543
 10413.96823936]";2016-04-10 12:00:00;2016-07-03 12:00:00
156;13;ridge_log;0.013670416722428755;66.66666666666667;0.013787467877334036;21.723029174538716;0.013786980283922086;19.49264664907829;[1423.2091, 1428.7551, 1415.1082, 1420.3632, 1428.2913, 1433.0435, 1421.798, 1422.6104, 1428.3926, 1432.8941, 1423.5527, 1421.3713, 1423.7488];"[1422.25601732 1417.97740394 1410.786057   1410.03238534 1412.74276491
 1408.58802485 1399.65942371 1396.00757356 1400.81343574 1401.53154472
 1395.58885902 1393.58613956 1400.16426391]";2016-07-10 12:00:00;2016-10-02 12:00:00
142;13;ridge_log;0.026537861076879943;66.66666666666667;0.02698801963041164;335.7263563988337;0.026987898011750347;299.44578312705966;[11210.76, 11272.07, 11147.007, 11203.456, 11289.055, 11342.153, 11235.498, 11248.87, 11312.714, 11364.171, 11276.284, 11258.346, 11284.422];"[11199.0041363  11152.19379508 11062.18086734 11043.78268021
 11050.76534001 11001.73440167 10895.18138552 10844.48384069
 10879.53821238 10885.05836637 10830.86644874 10814.18661336
 10893.03473168]";2016-07-10 12:00:00;2016-10-02 12:00:00
99;13;ridge_log;0.009439630456662582;83.33333333333333;0.009443170196113784;132.07267108883264;0.009443128871791247;107.90005021301113;[11477.62, 11517.55, 11422.32, 11345.91, 11264.08, 11448.08, 11415.72, 11289.5, 11419.81, 11384.35, 11684.0, 11362.62, 11351.72];"[11429.00658051 11554.02315382 11477.66152748 11465.26524512
 11477.81243595 11559.44553214 11540.81391116 11404.60054107
 11383.60549839 11368.96732476 11380.32067935 11263.46068534
 11228.52092562]";2016-07-10 12:00:00;2016-10-02 12:00:00
170;13;ridge_log;0.02349871700676596;41.666666666666664;0.023928452026693484;171.49313506852127;0.0239282454342627;138.57465709477745;[5824.886, 5805.497, 5796.042, 5818.672, 5859.707, 5865.672, 5831.001, 5850.539, 5903.496, 5921.671, 5903.565, 5907.692, 5952.017];"[5817.70156736 5807.67569015 5787.45168095 5777.93410004 5772.63538558
 5748.60429625 5711.73158615 5688.739747   5684.54894882 5676.42114088
 5657.71642343 5648.58115733 5663.60211414]";2016-04-10 12:00:00;2016-07-03 12:00:00
156;13;ridge_log;0.005943170123054174;83.33333333333333;0.005963102786523403;9.429048669265866;0.005962890705785157;8.38301811196297;[1402.248, 1397.9469, 1395.7558, 1400.7381, 1408.561, 1414.668, 1407.4693, 1409.488, 1410.417, 1416.8378, 1411.3162, 1408.162, 1417.2162];"[1405.97193424 1404.12494207 1398.96813878 1399.71175911 1404.48969709
 1403.97231595 1398.63222628 1397.54987755 1402.30362793 1404.25543913
 1400.11125856 1397.27840261 1400.70407543]";2016-04-10 12:00:00;2016-07-03 12:00:00
124;13;ridge_log;0.017206223826115963;75.0;0.01702227981385868;207.25838185206135;0.01702220157412267;185.17711303868236;[10745.14, 10893.31, 10775.79, 10720.08, 10761.37, 10863.15, 10800.45, 10660.55, 10686.57, 10867.65, 10974.74, 10735.88, 10818.59];"[10833.65762826 10906.1633382  10905.72860371 10908.37742021
 10938.72948526 11031.699235   11040.47056363 11007.0390683
 11028.96485219 11061.76721755 11072.51181405 11007.47266073
 10967.99058241]";2016-04-10 12:00:00;2016-07-03 12:00:00
113;13;ridge_log;0.03042532991627455;41.666666666666664;0.03098435131852184;340.1065890485556;0.0309841974901103;312.0643702231524;[10097.51, 10124.92, 10134.0, 10304.13, 10395.17, 10416.04, 10192.73, 10309.82, 10262.96, 10179.9, 10218.99, 10211.77, 10098.46];"[10060.02711615 10024.50411117  9992.33912306  9987.11325382
  9960.01968246  9965.50984139  9953.36022107  9922.41058457
  9883.5504357   9816.8548081   9772.38001959  9765.63592058
  9785.85806943]";2016-01-10 12:00:00;2016-04-03 12:00:00
170;13;ridge_log;0.01352763600821679;58.333333333333336;0.013670562391727288;98.24524872774315;0.013670442424025448;77.88923816012007;[5755.441, 5712.851, 5709.121, 5703.595, 5724.528, 5730.064, 5718.248, 5708.754, 5752.194, 5764.873, 5758.891, 5771.054, 5805.093];"[5762.82652124 5748.36877419 5725.07258815 5713.21780297 5704.97881883
 5682.2624623  5652.3582134  5636.49105894 5635.48449479 5630.044851
 5615.20968886 5609.16967129 5623.61733105]";2016-01-10 12:00:00;2016-04-03 12:00:00
142;13;ridge_log;0.016110558449325647;75.0;0.016289136763249685;209.1251069625415;0.01628906233218908;178.24326370841553;[10931.754, 10893.873, 10873.088, 10925.878, 11014.453, 11077.568, 11013.539, 11038.781, 11054.014, 11124.649, 11072.645, 11047.838, 11143.263];"[10961.77356282 10936.83971309 10874.02677535 10867.68615675
 10898.25400673 10878.48471562 10810.68505039 10784.08979444
 10818.19668137 10832.28588819 10793.71162347 10770.57840411
 10815.41830199]";2016-04-10 12:00:00;2016-07-03 12:00:00
156;13;ridge_log;0.006712548806904454;91.66666666666667;0.006735660469309855;10.243845306966348;0.0067354193691483285;9.40850613195763;[1402.0801, 1398.7202, 1397.6817, 1397.6053, 1403.716, 1406.9002, 1401.0625, 1398.9177, 1402.936, 1405.3132, 1400.5072, 1397.2074, 1401.8408];"[1408.38214074 1406.11788079 1396.43988237 1393.66045992 1396.67172735
 1395.14344214 1387.36397305 1383.64488722 1388.23969195 1392.72436652
 1390.54432238 1387.37041571 1393.27397322]";2016-01-10 12:00:00;2016-04-03 12:00:00
99;13;ridge_log;0.02398892459918019;66.66666666666667;0.02363320489340096;303.2803038549829;0.023633101984617266;271.37743030753;[11422.24, 11541.65, 11444.31, 11435.34, 11213.58, 11409.73, 11324.79, 11173.49, 11183.03, 11382.9, 11516.12, 11288.24, 11440.46];"[11542.02822617 11601.69548526 11577.55278396 11584.12489642
 11622.43126247 11713.38100897 11681.96735911 11643.47571366
 11664.16047816 11712.45038834 11708.21830134 11639.44076365
 11612.85992646]";2016-04-10 12:00:00;2016-07-03 12:00:00
142;13;ridge_log;0.01646254044601171;83.33333333333333;0.016627217731571844;197.9998613365748;0.016627140575841706;179.16104848419758;[10844.949, 10818.389, 10809.429, 10812.805, 10880.892, 10917.656, 10865.082, 10849.376, 10900.896, 10930.217, 10891.399, 10865.586, 10918.437];"[10894.97696998 10854.4224489  10751.06546395 10706.19444886
 10725.97678966 10703.17389369 10619.62248304 10582.43082689
 10623.39551399 10672.68338578 10656.84136525 10642.30501764
 10715.05359983]";2016-01-10 12:00:00;2016-04-03 12:00:00
124;13;ridge_log;0.011738651004348;58.333333333333336;0.011833075973748771;150.94033945715037;0.01183302160818932;128.78341698759644;[10854.15, 11060.84, 11153.43, 10913.99, 10854.89, 10993.14, 10965.11, 10835.75, 10795.57, 10934.75, 10878.68, 10738.7, 10827.06];"[10791.34160814 10848.48141712 10842.40264627 10807.72988369
 10761.91822993 10805.69481198 10794.34072757 10796.84895998
 10734.75425461 10746.4021846  10753.27575118 10759.15398359
 10730.4390877 ]";2016-01-10 12:00:00;2016-04-03 12:00:00
114;13;ridge_log;0.01865741881269359;50.0;0.018435216042210014;233.36375249608173;0.018435133227045195;205.20573598732096;[11217.92, 11137.09, 11088.75, 11045.76, 10958.57, 11019.01, 10980.71, 11030.15, 10980.93, 10789.29, 10912.5, 10962.03, 10959.78];"[11277.99397923 11305.06222507 11388.76876963 11377.66799241
 11350.47985497 11305.71208559 11288.95792355 11237.35194518
 11129.11892872 11035.37121155 11034.06255886 11019.51446463
 11000.10262843]";2016-10-09 12:00:00;2017-01-01 12:00:00
125;13;ridge_log;0.020059638509951357;66.66666666666667;0.02031401943356031;218.14371673137467;0.020313913610907994;194.9814794598295;[9622.511, 9655.61, 9565.969, 9555.495, 9652.503, 9680.166, 9726.8, 9653.317, 9717.552, 9744.777, 9804.685, 9745.947, 9829.99];"[9604.32330894 9578.10381657 9474.5329151  9440.11581364 9518.96988747
 9518.56453423 9461.58685888 9372.8047628  9464.76496841 9537.16377694
 9522.5524671  9437.85024675 9489.22941019]";2016-10-09 12:00:00;2017-01-01 12:00:00
143;13;ridge_log;0.1629655434490533;33.333333333333336;0.18055522564904183;214.57949254886765;0.18054682458911225;194.14617801751757;[1005.48, 1152.75, 1113.19, 1035.17, 1124.86, 1122.3, 1147.56, 1215.37, 1191.06, 1226.87, 1298.58, 1187.11, 1237.65];"[990.4303628  986.51973088 983.30373245 986.79050365 973.43977921
 956.96212072 946.80055582 940.44917058 943.060906   942.51487425
 948.23603463 959.62821374 975.91370103]";2014-10-12 12:00:00;2015-01-04 12:00:00
157;13;ridge_log;0.050451322991816344;41.666666666666664;0.05223868916139462;986.4848162595595;0.05223852828100125;848.2051718556606;[16585.796, 16545.69, 16718.18, 16774.2, 16973.97, 16859.12, 16888.19, 16801.33, 16854.51, 16677.41, 16792.37, 16756.94, 16839.65];"[16581.6316376  16549.25543272 16481.75544975 16366.62138913
 16234.31257594 16044.87950948 15851.72825788 15665.07181307
 15522.88583451 15422.19658993 15378.76131868 15412.56961774
 15536.15020489]";2016-10-09 12:00:00;2017-01-01 12:00:00
125;13;ridge_log;0.016659745419660102;66.66666666666667;0.016872215758808342;196.3027351650004;0.016872125882739578;158.37206338842336;[9382.805, 9349.507, 9288.878, 9324.174, 9446.197, 9450.243, 9486.436, 9412.501, 9518.03, 9590.519, 9608.027, 9443.83, 9512.799];"[9380.01600459 9397.54113405 9319.33032637 9325.5689958  9384.16156982
 9353.6818897  9268.51663683 9199.7982171  9268.18984893 9291.47116147
 9266.68295298 9201.60122247 9258.31212829]";2016-07-10 12:00:00;2016-10-02 12:00:00
125;13;ridge_log;0.01394489742115828;83.33333333333333;0.014088398198082667;156.58186016962136;0.014088321541814471;129.46515739279255;[9312.976, 9345.336, 9220.883, 9175.375, 9242.598, 9239.694, 9188.667, 9185.327, 9312.469, 9324.924, 9338.454, 9233.259, 9312.346];"[9279.53300206 9271.03740598 9219.51300115 9169.40313557 9169.40727724
 9128.85931667 9084.42970142 9035.3599925  9067.80273034 9077.59531189
 9074.54833673 9062.22521376 9109.54652858]";2016-04-10 12:00:00;2016-07-03 12:00:00
99;13;ridge_log;0.017914490994247297;66.66666666666667;0.01810369532604634;225.16831175719287;0.018103616557314753;208.05221142850775;[11489.75, 11729.46, 11814.6, 11554.86, 11506.59, 11668.5, 11594.88, 11503.68, 11482.14, 11681.89, 11565.52, 11437.51, 11515.66];"[11410.84519108 11495.37552891 11473.32037485 11430.28813858
 11372.78554566 11406.21239495 11394.81366548 11369.52303404
 11302.84332947 11297.85218821 11311.0291868  11301.811862
 11273.66081139]";2016-01-10 12:00:00;2016-04-03 12:00:00
125;13;ridge_log;0.008195886379016724;83.33333333333333;0.008238727082624889;91.2944066689559;0.00823868180632022;74.95927223300448;[9114.216, 9091.759, 9015.347, 8986.254, 9042.198, 9057.557, 9088.599, 9048.176, 9136.022, 9160.541, 9185.807, 9174.298, 9244.379];"[9146.83176065 9129.42043413 9052.80349962 9038.38674526 9067.21123615
 9071.65894076 9029.08613215 9006.55810249 9028.35674259 9060.77965933
 9050.66032049 9028.40544262 9058.48667788]";2016-01-10 12:00:00;2016-04-03 12:00:00
143;13;ridge_log;0.028296659734055075;58.333333333333336;0.02782752114196792;32.662148738263774;0.02782612026069587;27.68802537694031;[939.01, 938.08, 960.81, 910.06, 937.55, 967.8, 1022.04, 1026.08, 1001.07, 1022.24, 1010.3, 1043.81, 989.29];"[ 926.74687509  927.94547377  941.15529828  955.96321467  970.78682701
  983.54603214 1005.00299965 1029.97611575 1049.22549641 1055.72432379
 1058.52427627 1056.5556337  1048.75305693]";2014-07-13 12:00:00;2014-10-05 12:00:00
100;13;ridge_log;0.016169374830273666;75.0;0.01634367154819951;185.6340728300988;0.01634358876201234;161.33231254924152;[9871.498, 9910.685, 9815.305, 9808.647, 9900.756, 9934.128, 9974.544, 9905.89, 9965.28, 9989.549, 10064.652, 10007.292, 10082.468];"[9885.36723246 9857.39411368 9755.37207232 9722.39911338 9805.27333609
 9809.57948534 9751.8454113  9665.90947217 9752.89839543 9832.61451713
 9815.64533932 9730.83290377 9775.98100937]";2016-10-09 12:00:00;2017-01-01 12:00:00
171;13;ridge_log;0.019791358717395305;66.66666666666667;0.020057297100291235;85.27264860525716;0.020057023731643864;73.58053062072395;[3664.4298, 3669.803, 3665.56, 3665.696, 3686.83, 3703.802, 3713.862, 3705.416, 3721.62, 3729.826, 3737.01, 3730.028, 3737.606];"[3669.91162098 3665.49958808 3640.92851733 3631.85765181 3641.3242148
 3634.27308078 3617.47146588 3598.84181658 3614.42373518 3620.45446549
 3621.02038725 3609.13067097 3620.76832876]";2016-10-09 12:00:00;2017-01-01 12:00:00
157;13;ridge_log;0.03203491861813053;50.0;0.032662489900725525;571.3187243577676;0.03266238737682873;520.3082182439185;[15805.897, 15851.464, 15941.718, 16005.798, 16070.424, 16063.677, 16106.208, 16150.753, 16277.586, 16314.042, 16361.864, 16441.189, 16536.466];"[15721.56939868 15682.52598383 15667.87381387 15644.1438206
 15636.90825907 15586.03136634 15561.29590374 15546.61974642
 15572.73043712 15591.09547937 15614.33063794 15646.3862216
 15691.56809425]";2016-07-10 12:00:00;2016-10-02 12:00:00
114;13;ridge_log;0.012331309307810217;66.66666666666667;0.012475261529172445;190.70941149599864;0.012475205445897463;138.76203231093453;[11377.28, 11234.51, 11241.76, 11230.48, 11063.01, 10995.29, 10999.74, 11035.54, 11127.2, 11045.53, 11244.59, 11465.69, 11275.34];"[11316.68423689 11226.88844634 11204.65731209 11103.79717309
 11028.21219527 10956.06288747 10964.12728523 10938.08127617
 10920.26089375 10891.05364547 10938.70200983 10985.35188717
 11058.17433118]";2016-07-10 12:00:00;2016-10-02 12:00:00
100;13;ridge_log;0.017932494126847758;75.0;0.01818201660451543;218.20298358116716;0.01818192245419838;175.56591597820878;[9644.814, 9636.557, 9562.564, 9604.403, 9737.141, 9731.15, 9770.611, 9701.551, 9795.648, 9881.855, 9892.302, 9728.73, 9784.623];"[9641.1436168  9665.86720358 9594.86760265 9613.51738754 9657.58861675
 9621.2431279  9530.19769176 9461.77549954 9530.73368429 9542.24527265
 9512.45899969 9447.1040028  9512.30577388]";2016-07-10 12:00:00;2016-10-02 12:00:00
143;13;ridge_log;0.08806113671719881;66.66666666666667;0.08191816409258745;110.3304442010574;0.08191418816249797;84.40301592080253;[959.64, 982.31, 1003.11, 1047.9, 1001.5, 1028.65, 1010.06, 1013.02, 935.93, 955.56, 968.81, 953.59, 917.16];"[ 971.61795045  974.79122489  987.74591105 1016.10593002 1033.33206731
 1047.21371185 1065.84040773 1082.64826079 1103.94183577 1114.8951354
 1123.36293192 1124.86225214 1118.76771957]";2014-04-13 12:00:00;2014-07-06 12:00:00
100;13;ridge_log;0.01174196520123616;75.0;0.011846875931525194;137.64318757516472;0.011846813263535837;111.9801101314192;[9583.004, 9623.976, 9493.588, 9450.511, 9487.825, 9487.206, 9442.81, 9434.762, 9556.53, 9573.369, 9577.529, 9469.859, 9583.214];"[9559.17483771 9554.03498687 9500.63615388 9446.93172315 9442.55378421
 9400.62079317 9350.67230907 9304.31778556 9334.84888947 9350.2168875
 9349.56033244 9341.63879741 9387.33059562]";2016-04-10 12:00:00;2016-07-03 12:00:00
100;13;ridge_log;0.008461605282102564;83.33333333333333;0.008504470073910593;96.62191165358445;0.008504424688726;79.68142870792018;[9378.683, 9356.408, 9273.061, 9241.557, 9294.598, 9321.583, 9347.723, 9320.262, 9412.403, 9439.937, 9461.806, 9458.813, 9519.222];"[9412.60565746 9398.89790018 9321.27529521 9301.21731632 9333.37072236
 9346.52515477 9309.01074184 9285.28282335 9300.65417072 9333.79695747
 9323.67711739 9298.57729011 9321.31037221]";2016-01-10 12:00:00;2016-04-03 12:00:00
143;13;ridge_log;0.04671151785268646;33.333333333333336;0.04507125989854974;59.45564652078643;0.045069115818649884;47.382749792686056;[1049.04, 1037.56, 1056.83, 1077.59, 1011.74, 1062.12, 1107.22, 1082.73, 1042.54, 1042.6, 999.34, 1011.11, 960.27];"[1082.00106918 1087.38161851 1093.25168677 1085.70417199 1085.90754894
 1078.7368728  1075.8588725  1076.57970337 1070.92866499 1074.03538845
 1081.23156592 1090.49913835 1099.52659729]";2014-01-12 12:00:00;2014-04-06 12:00:00
126;13;ridge_log;0.029590495207410385;41.666666666666664;0.030226317006408158;413.3044844212401;0.03022617754956761;327.5849801847337;[11173.39, 10918.46, 10850.02, 10756.78, 10815.1, 10764.33, 10842.66, 10886.6, 10968.92, 11026.69, 11039.92, 11213.69, 11323.96];"[11014.24218521 11059.42060459 10946.83664543 10996.90437945
 10958.10438859 10804.83834373 10730.42478294 10578.17039316
 10617.8950725  10500.5077107  10512.06251539 10415.38893877
 10509.94802072]";2016-10-09 12:00:00;2017-01-01 12:00:00
157;13;ridge_log;0.016050170678600057;50.0;0.016194348488623365;265.415247998115;0.01619429641097443;251.79527548553358;[15431.364, 15563.096, 15563.937, 15623.858, 15756.72, 15691.442, 15701.101, 15724.971, 15794.676, 15684.637, 15641.884, 15661.09, 15725.439];"[15388.29038641 15372.59546669 15368.68564998 15375.15231817
 15389.86749949 15394.12921056 15397.95999691 15411.55833199
 15427.35415028 15446.46325318 15444.61032679 15442.09787957
 15432.11194867]";2016-04-10 12:00:00;2016-07-03 12:00:00
171;13;ridge_log;0.019694579866160564;75.0;0.019982499678851233;87.01366846746433;0.019982221816710763;71.85175676313845;[3586.2931, 3582.5514, 3572.6083, 3588.4019, 3622.9203, 3633.3244, 3632.6537, 3628.0559, 3660.8176, 3674.0569, 3670.9546, 3634.4766, 3655.906];"[3580.80279892 3587.20521857 3570.9881893  3571.46144343 3573.59324456
 3565.55216196 3550.82275016 3534.89439665 3544.37300709 3539.04489244
 3539.01936895 3525.32057023 3535.17745696]";2016-07-10 12:00:00;2016-10-02 12:00:00
114;13;ridge_log;0.014585060067594188;75.0;0.014628504713654076;175.23738771246335;0.01462843855789449;161.77901114220074;[10654.43, 10661.79, 10811.98, 11058.17, 11084.66, 11149.16, 11238.62, 11306.24, 11189.27, 11211.96, 11247.72, 11422.8, 11326.83];"[10915.47263908 10880.13960134 10893.47072245 10907.32544441
 10975.37394822 10990.8775611  11050.68994614 11087.53924349
 11116.88585015 11128.09552769 11151.35391856 11143.77557799
 11141.26880028]";2016-04-10 12:00:00;2016-07-03 12:00:00
144;13;ridge_log;0.2643473348061265;41.666666666666664;0.31974363908952586;3114.218175467346;0.31974173863995065;2691.160940560918;[8345.9, 9654.6, 8929.2, 8681.6, 9187.9, 9169.4, 9726.4, 10199.3, 10397.5, 10589.6, 10966.5, 10340.4, 10782.0];"[8570.04870925 8470.06686002 8214.04170871 7899.35686392 7485.70773054
 7078.35148448 6740.21985145 6447.06666427 6259.6842594  6154.20427351
 6180.92468826 6327.10679051 6606.72530689]";2014-10-12 12:00:00;2015-01-04 12:00:00
157;13;ridge_log;0.026312660242870243;58.333333333333336;0.026751322674644647;451.87952899330674;0.026751234313239322;404.9566450594153;[15388.054, 15366.515, 15329.092, 15340.645, 15513.167, 15443.802, 15348.725, 15406.778, 15427.569, 15364.327, 15330.803, 15355.541, 15360.895];"[15299.59637358 15259.34610182 15230.26887122 15133.78556343
 15060.7618734  14953.90091694 14878.68836515 14794.99393427
 14756.50917629 14751.63892305 14779.87434017 14855.1563978
 14956.95577711]";2016-01-10 12:00:00;2016-04-03 12:00:00
144;13;ridge_log;0.08491373737496064;75.0;0.08992083536360519;804.3231945780035;0.08992023515116597;676.0840852246778;[6612.9, 6733.7, 6961.7, 6449.8, 7001.2, 7321.4, 7482.6, 7648.2, 7873.0, 8378.0, 8331.4, 8692.4, 8591.8];"[6554.44813911 6512.77879813 6593.90923131 6682.84091806 6732.06967097
 6740.39420785 6849.04220441 6982.67453685 7129.28185613 7200.14194981
 7249.28040873 7264.90169039 7263.32511645]";2014-07-13 12:00:00;2014-10-05 12:00:00
126;13;ridge_log;0.03341096457167346;66.66666666666667;0.03436081948982039;489.61557705728325;0.03436065721173514;363.8207120108918;[10803.66, 10610.62, 10497.77, 10627.81, 10586.77, 10509.53, 10508.52, 10563.93, 11163.96, 10765.4, 10796.94, 10814.8, 11178.97];"[10819.63272144 10818.64501089 10726.52009601 10754.33753095
 10635.41102918 10544.2739027  10413.14162841 10338.75107462
 10325.65442676 10205.27482165 10187.04422368 10090.91755573
 10164.72730419]";2016-07-10 12:00:00;2016-10-02 12:00:00
171;13;ridge_log;0.013277608694945153;50.0;0.013414492088625076;58.82290668291711;0.013414301731417784;47.265698312845764;[3556.4787, 3562.6298, 3531.5882, 3512.2631, 3531.8187, 3539.844, 3530.3279, 3538.6605, 3565.9133, 3569.3228, 3575.2021, 3549.3097, 3577.9706];"[3547.8961456  3542.61372943 3530.06822923 3523.91657014 3521.14997654
 3507.83740832 3493.60820884 3484.41288327 3486.53820563 3481.29646974
 3476.13954762 3472.6754959  3482.02939196]";2016-04-10 12:00:00;2016-07-03 12:00:00
158;13;ridge_log;0.009783345927498542;83.33333333333333;0.009857820360203272;114.02461872719866;0.009857766935876698;90.94848964474757;[9265.8308, 9320.682, 9198.628, 9181.263, 9248.034, 9273.226, 9311.038, 9229.568, 9282.625, 9295.202, 9366.068, 9272.725, 9316.549];"[9276.47787947 9296.84360169 9232.68159299 9190.98602463 9224.86751212
 9240.96208549 9201.54564081 9124.32956679 9132.28262716 9160.55357185
 9174.21197094 9118.23691842 9113.97683644]";2016-10-09 12:00:00;2017-01-01 12:00:00
114;13;ridge_log;0.030466801921435457;33.333333333333336;0.031040875368628706;369.96518872043146;0.031040731843205285;335.6939914055743;[10867.6, 10925.67, 10925.71, 11132.51, 11168.9, 11184.5, 10954.42, 11064.21, 10988.77, 10910.27, 10948.92, 10961.37, 10881.51];"[10871.52833577 10821.68693676 10812.99257037 10760.84916992
 10727.38213416 10697.12811097 10684.02478639 10629.65694157
 10587.45738423 10514.5406837  10475.36667228 10476.38377503
 10499.19728211]";2016-01-10 12:00:00;2016-04-03 12:00:00
101;13;ridge_log;0.013542066763931179;41.666666666666664;0.013662296777297935;264.17202838451453;0.013662253297226368;214.65173928238423;[16004.79, 15859.41, 15729.3, 15616.87, 15749.81, 15642.21, 15716.89, 15789.79, 15961.13, 15986.34, 15871.65, 15813.95, 15743.94];"[15891.69481798 15893.86819327 15814.976922   15828.95172198
 15838.37153091 15681.05567674 15657.71864878 15513.12057637
 15538.34873327 15482.60553149 15488.02234058 15463.2188592
 15522.90192656]";2016-10-09 12:00:00;2017-01-01 12:00:00
144;13;ridge_log;0.1547263125751359;75.0;0.1389527724371506;1266.4966746423486;0.13895184947416264;1047.076813247858;[6769.1, 6606.9, 6647.3, 7135.8, 6836.9, 7122.7, 7206.8, 7314.6, 6467.3, 6717.3, 6799.9, 6797.4, 6503.4];"[6822.57558519 6875.12885179 7015.46784785 7319.76214822 7567.43631975
 7820.55803709 8094.84125993 8331.88385289 8561.07191595 8632.54268278
 8645.53888789 8522.87954391 8327.71163897]";2014-04-13 12:00:00;2014-07-06 12:00:00
158;13;ridge_log;0.012931869354824875;66.66666666666667;0.013058726355581994;147.90880962181456;0.013058654850365996;119.24444692592694;[9196.5043, 9139.1815, 9081.0985, 9108.2907, 9186.7887, 9188.5826, 9200.6975, 9142.8705, 9205.7192, 9289.4876, 9303.6882, 9173.1537, 9210.3476];"[9154.2783651  9177.66848467 9119.63656115 9109.94730663 9133.89815421
 9143.65392116 9088.59833276 9023.38193053 9028.72240872 9039.52965103
 9037.32195921 8987.10374541 8989.85527429]";2016-07-10 12:00:00;2016-10-02 12:00:00
126;13;ridge_log;0.02296179701870505;33.333333333333336;0.023348493231746717;328.17633929522486;0.023348381220931486;243.36902032400116;[10382.61, 10358.53, 10296.26, 10381.82, 10396.01, 10276.86, 10288.93, 10417.35, 10557.34, 10438.89, 10480.78, 10526.71, 11026.56];"[10493.58337439 10511.97413108 10502.26223035 10499.42516809
 10462.70611732 10419.3955439  10376.51926395 10317.29099508
 10285.76703549 10198.81572889 10160.32077127 10102.83839515
 10103.64563899]";2016-04-10 12:00:00;2016-07-03 12:00:00
115;13;ridge_log;0.033690327341704615;83.33333333333333;0.03279400387957367;603.5209683962684;0.03279389099122566;476.3970646721486;[14539.1, 14894.1, 13984.77, 13907.03, 14293.59, 14685.26, 15017.67, 14100.07, 14408.13, 14676.51, 15205.38, 13875.72, 14094.91];"[14795.69885538 15022.90866795 14949.81835713 14533.24317729
 14642.6593628  14905.78526159 15082.22724849 14827.66540599
 14730.94027104 15001.42763156 15257.51207607 15166.33794941
 14959.17757605]";2016-10-09 12:00:00;2017-01-01 12:00:00
144;13;ridge_log;0.046237978396684074;58.333333333333336;0.0444455367010324;432.9665824852694;0.04444523947388889;332.64177482790933;[8014.6, 7882.3, 8058.8, 8086.8, 7570.5, 7523.1, 7883.3, 7536.7, 7278.2, 7310.1, 6938.1, 7222.5, 6717.0];"[8063.06909753 8091.73317022 8101.22173473 7990.20212807 7953.59110112
 7846.10662922 7756.79129925 7691.08557368 7625.48736977 7645.56062121
 7659.98636214 7711.90868701 7763.38615345]";2014-01-12 12:00:00;2014-04-06 12:00:00
171;13;ridge_log;0.013939464968993637;50.0;0.01409238171984897;61.44709548054555;0.014092179249906899;49.04271670479686;[3480.1421, 3481.6938, 3470.9782, 3464.527, 3482.9123, 3492.2179, 3494.297, 3495.331, 3519.8692, 3527.575, 3523.6103, 3525.9547, 3546.7635];"[3492.00291726 3484.00518513 3471.14911037 3461.74521003 3459.06384611
 3456.2679024  3443.2199683  3437.84092341 3434.24758126 3441.04959677
 3436.69776633 3438.36164141 3441.35125959]";2016-01-10 12:00:00;2016-04-03 12:00:00
101;13;ridge_log;0.023840562942556928;50.0;0.024341209379020127;497.6057958558741;0.024341130856489715;377.293148268465;[15601.72, 15508.59, 15404.53, 15569.41, 15577.6, 15499.95, 15477.6, 15508.78, 16183.85, 15732.0, 15771.03, 15816.97, 15936.21];"[15538.33160946 15525.51506332 15434.1291067  15431.61683416
 15401.03213442 15335.60913357 15274.73380725 15214.3471157
 15210.76918353 15136.75966987 15122.80980244 15058.180098
 15092.64385414]";2016-07-10 12:00:00;2016-10-02 12:00:00
158;13;ridge_log;0.015163582919093914;66.66666666666667;0.015331507091454364;166.04743380154773;0.015331421933730825;138.01206821768574;[9054.8405, 9102.3691, 9000.3932, 8994.8683, 9055.3019, 9068.7292, 9007.7587, 9011.0841, 9113.1685, 9153.7022, 9166.2143, 9074.8447, 9111.9249];"[9012.39871322 9012.60121866 8989.31290383 8970.97132027 8972.32441301
 8951.81109345 8928.71149608 8895.55769743 8900.38016281 8888.35907705
 8878.47728316 8855.27891388 8864.85842029]";2016-04-10 12:00:00;2016-07-03 12:00:00
172;13;ridge_log;0.1247580998249309;50.0;0.11174128199140128;613.0285166508746;0.11173986347110808;441.77506051816886;[3696.3, 3536.5, 3504.4, 3481.7, 3684.6, 3749.7, 3684.8, 4354.7, 3618.1, 4381.4, 3985.8, 3381.9, 3209.2];"[3374.9295022  3388.05160653 3428.37147251 3588.08925496 3742.63621539
 3993.90300171 4101.27240145 4330.30128868 4468.0448478  4647.9263352
 4670.44787941 4630.78228816 4506.92743258]";2016-10-09 12:00:00;2017-01-01 12:00:00
126;13;ridge_log;0.025651092476355386;58.333333333333336;0.025965574453030407;326.68187620721017;0.025965447195736832;264.95028243199897;[10574.56, 10332.45, 10238.0, 10223.02, 10281.82, 10168.34, 10155.19, 10201.79, 10231.69, 10177.12, 10315.95, 10374.21, 10524.88];"[10633.18365316 10594.25476937 10561.14880222 10481.06061331
 10384.29762975 10271.74099548 10180.42690792 10100.92989061
  9995.52139709  9901.26435258  9836.88634298  9824.40627677
  9855.01143956]";2016-01-10 12:00:00;2016-04-03 12:00:00
115;13;ridge_log;0.03275661513695487;66.66666666666667;0.03253902284847477;552.471607918531;0.03253891364614626;485.0190285183029;[15033.27, 14544.34, 14310.3, 14424.55, 15381.49, 15189.01, 15447.65, 14757.86, 14574.29, 15841.03, 15664.6, 14199.26, 14112.31];"[14765.52260413 15134.12763543 15097.85014701 14821.76638955
 14900.49712458 15044.5584735  15071.75443737 14808.05071733
 14800.34915039 14958.85501607 15170.37201478 15060.17494394
 14860.34805751]";2016-07-10 12:00:00;2016-10-02 12:00:00
145;13;ridge_log;0.017672395742796977;83.33333333333333;0.0178706111504281;135.88011127434027;0.017870479258060762;121.07062406391407;[6801.5412, 6826.213, 6737.471, 6733.834, 6810.25, 6824.878, 6855.421, 6783.048, 6832.483, 6856.145, 6914.958, 6859.368, 6934.528];"[6767.97030099 6766.50305537 6704.99700779 6661.00847186 6719.28088263
 6728.2587961  6707.9807715  6632.79479993 6683.80444355 6726.86477185
 6739.92066708 6673.09589097 6683.74022757]";2016-10-09 12:00:00;2017-01-01 12:00:00
172;13;ridge_log;0.15428540107458946;41.666666666666664;0.14549633715150365;688.7878317198016;0.14549450076404333;576.6387219343918;[3825.8, 4220.4, 4319.8, 4100.9, 4346.3, 3976.6, 3822.9, 4013.0, 3635.6, 3911.9, 3560.1, 3394.0, 3284.4];"[3651.05661153 3525.65979439 3654.31291383 3655.13866031 3632.6394402
 3836.19349166 3871.35825698 4177.49498239 4175.37922181 4442.22873629
 4461.40117638 4607.12358089 4548.41834232]";2016-07-10 12:00:00;2016-10-02 12:00:00
158;13;ridge_log;0.011068978090637718;75.0;0.01115526298725068;117.26469361708112;0.011155200217417578;99.12367068836004;[8894.0248, 8900.7021, 8888.437, 8849.93, 8911.2136, 8941.1748, 8938.9688, 8911.4045, 8976.3405, 8969.6367, 8966.4806, 8956.1069, 9001.8043];"[8885.43587176 8894.4966528  8850.10472228 8831.95851181 8836.08926182
 8847.98172264 8824.14229862 8798.206904   8797.13115657 8814.96026509
 8821.03800979 8806.51229935 8809.55920451]";2016-01-10 12:00:00;2016-04-03 12:00:00
172;13;ridge_log;0.08147576077821299;33.333333333333336;0.08632965708316534;408.18638550250057;0.08632854969723029;336.8921459007219;[3912.0, 3742.9, 4109.2, 3847.0, 4119.7, 4102.8, 4296.8, 4522.7, 3853.1, 4122.3, 3547.3, 3998.3, 3456.2];"[3705.97070181 3852.55216074 3759.48378422 3702.95349582 3724.45664085
 3755.56447309 3737.73396899 3626.47621524 3597.34825141 3578.54010002
 3592.34273534 3542.66850219 3528.39913429]";2016-04-10 12:00:00;2016-07-03 12:00:00
145;13;ridge_log;0.01421820571184034;66.66666666666667;0.014359683696685364;114.69982325756348;0.01435957579789629;95.55468241905552;[6690.6209, 6651.4766, 6600.5347, 6616.5441, 6714.3937, 6700.2156, 6734.7003, 6659.8431, 6726.7894, 6778.4501, 6791.9864, 6664.8114, 6704.381];"[6671.97835197 6689.44370593 6636.21685052 6632.63920231 6675.84603661
 6659.23221147 6605.40143614 6542.96973598 6587.20236834 6596.5563842
 6588.47025431 6530.17639298 6555.89221532]";2016-07-10 12:00:00;2016-10-02 12:00:00
101;13;ridge_log;0.0064032581505787944;33.333333333333336;0.006425632215708064;142.5904607426499;0.006425611231607005;98.38499580024262;[15178.61, 15155.43, 15150.01, 15370.32, 15349.48, 15194.97, 15138.44, 15137.29, 15353.57, 15276.93, 15291.02, 15317.61, 15651.78];"[15136.38221188 15164.88513172 15211.16334464 15231.74570083
 15260.44697108 15294.38587988 15297.63735773 15284.70268062
 15292.40425014 15285.88315578 15284.000715   15273.01334704
 15240.97940898]";2016-04-10 12:00:00;2016-07-03 12:00:00
172;13;ridge_log;0.24953152328499684;58.333333333333336;0.21825916041515578;970.1136879335363;0.21825652629729134;905.7005222872643;[4096.8, 3750.0, 3640.2, 3428.5, 3770.8, 3571.9, 3576.1, 3639.6, 3405.9, 3648.4, 4047.9, 3648.7, 3621.1];"[4289.43608408 4248.62421917 4253.1227875  4275.19982167 4362.55453831
 4455.37726788 4531.33221754 4652.05147508 4771.32284301 4898.79774667
 4947.48257364 4976.52641632 4958.17879887]";2016-01-10 12:00:00;2016-04-03 12:00:00
115;13;ridge_log;0.030348976471351905;50.0;0.031075050487328622;614.1328773803723;0.031074946108074188;462.75669512879693;[15582.15, 15746.62, 14762.67, 14224.49, 14608.29, 14802.78, 14372.92, 14396.51, 15153.66, 15495.36, 15505.49, 14374.55, 14083.09];"[14759.06985399 14836.74511095 14735.88607816 14563.86193183
 14520.24551056 14448.85024964 14479.45661075 14354.76734444
 14395.10934465 14365.47412895 14423.81004307 14394.3497434
 14419.6464151 ]";2016-04-10 12:00:00;2016-07-03 12:00:00
173;13;ridge_log;0.008431477932440892;50.0;0.008475461093342934;30.751413556682188;0.008475309946428674;23.7625244164366;[2822.634, 2821.43, 2817.06, 2780.74, 2789.52, 2808.83, 2796.61, 2788.11, 2823.77, 2797.97, 2834.5, 2830.6, 2835.47];"[2812.03711794 2826.13303359 2816.12644602 2816.34461055 2804.24411254
 2799.08287888 2798.58225621 2797.09225957 2784.08349172 2774.15185881
 2781.03246824 2780.94274525 2780.45044818]";2016-10-09 12:00:00;2017-01-01 12:00:00
173;13;ridge_log;0.013163870477560279;16.666666666666668;0.01330454806182916;47.3087464796783;0.013304309055005218;37.03022739353422;[2782.011, 2798.325, 2780.529, 2798.434, 2759.175, 2788.809, 2818.731, 2808.79, 2756.902, 2793.177, 2844.196, 2820.302, 2806.132];"[2781.66300512 2779.71195495 2785.17407787 2774.28624609 2771.31647798
 2764.15841555 2762.46478006 2749.29968445 2751.45706646 2747.31512572
 2744.28236648 2747.1386465  2749.42530836]";2016-07-10 12:00:00;2016-10-02 12:00:00
159;13;ridge_log;0.01189145916395845;83.33333333333333;0.012000162421942682;119.56396908383404;0.012000087654721313;96.30229679384173;[8060.0957, 8112.114, 7987.147, 7969.756, 8043.952, 8072.951, 8110.896, 8034.681, 8093.054, 8099.825, 8169.184, 8075.646, 8114.811];"[8059.14072155 8078.6207199  8017.15693963 7976.70232437 8010.05818451
 8028.89941473 7992.94809241 7917.99618626 7925.55359039 7954.79553134
 7971.08752638 7919.15381093 7913.98232728]";2016-10-09 12:00:00;2017-01-01 12:00:00
127;13;ridge_log;0.025731714772306766;58.333333333333336;0.02588006353425347;112.63967640854256;0.025879708302659097;94.29855053935339;[3659.91, 3836.54, 3603.72, 3518.12, 3731.7, 3682.25, 3703.91, 3552.16, 3731.15, 3699.87, 3741.75, 3541.9, 3452.87];"[3629.33186397 3634.2041573  3567.52110538 3554.32782458 3613.29998786
 3631.49642589 3584.86422649 3550.01106942 3580.19008861 3624.22105922
 3642.01648325 3643.6053587  3655.03444111]";2016-10-09 12:00:00;2017-01-01 12:00:00
173;13;ridge_log;0.006053779539718279;41.666666666666664;0.006051264089748631;19.482361436260103;0.006051154647867164;16.729262955125005;[2736.742, 2764.087, 2766.359, 2745.202, 2744.501, 2764.57, 2762.149, 2744.135, 2793.8, 2768.345, 2774.57, 2785.796, 2784.946];"[2732.82447379 2741.92073781 2749.47703887 2762.79364091 2766.08444691
 2770.35923892 2780.46587361 2782.61299011 2779.97635655 2777.03879386
 2775.15748079 2763.98080592 2757.11063376]";2016-04-10 12:00:00;2016-07-03 12:00:00
145;13;ridge_log;0.01619887203303375;75.0;0.016388884577772024;128.248529091886;0.016388759190823447;107.10860676179192;[6631.5933, 6660.4112, 6563.2088, 6533.3699, 6584.7813, 6570.573, 6526.2261, 6510.7385, 6631.3287, 6640.9952, 6651.4179, 6577.1613, 6631.7494];"[6589.94976755 6579.93254949 6546.86533254 6515.32723474 6524.34097138
 6491.73890761 6467.35292135 6430.42159706 6448.95285694 6439.80442331
 6429.77235665 6413.97533893 6442.70845453]";2016-04-10 12:00:00;2016-07-03 12:00:00
173;13;ridge_log;0.004533311393463143;66.66666666666667;0.004545080594193165;14.207863695783562;0.004544997879482112;12.487811585051181;[2752.899, 2784.554, 2783.795, 2776.33, 2742.646, 2745.945, 2757.488, 2739.031, 2721.654, 2738.034, 2735.601, 2722.462, 2738.043];"[2761.28910237 2763.56227838 2762.2444017  2763.13306209 2750.03757775
 2748.03629731 2740.34311243 2735.49382242 2726.30863746 2721.45480802
 2716.2211459  2714.25468107 2718.81675227]";2016-01-10 12:00:00;2016-04-03 12:00:00
101;13;ridge_log;0.01935182080929782;50.0;0.019605028692351475;341.1360737446203;0.01960496329298047;293.8731447923475;[15449.61, 15304.86, 15100.78, 15093.37, 15292.43, 15161.31, 15096.82, 15239.91, 15202.63, 15158.41, 15210.14, 15103.03, 15064.41];"[15273.88320975 15181.76338345 15196.47325928 15099.58138837
 15079.05203046 14941.99336063 14910.49014769 14801.02790767
 14736.91460623 14683.23138763 14623.56006324 14654.89868386
 14678.29898473]";2016-01-10 12:00:00;2016-04-03 12:00:00
159;13;ridge_log;0.013136697721662064;66.66666666666667;0.013267585331559327;130.2479509546087;0.013267501706532542;105.2504325922429;[7994.1625, 7934.7798, 7876.5377, 7904.8091, 7985.273, 7981.3636, 7992.6001, 7931.6859, 7996.5393, 8081.0601, 8091.8838, 7958.3425, 7994.2831];"[7942.70038315 7966.39873183 7904.31037871 7903.78781442 7932.42390044
 7944.96289174 7890.51449941 7828.26839271 7841.5797974  7853.84245021
 7854.789883   7801.75613745 7808.51283691]";2016-07-10 12:00:00;2016-10-02 12:00:00
115;13;ridge_log;0.021844768782926367;75.0;0.021548523679517432;351.6203847703275;0.02154844962769492;313.64919367420185;[14245.59, 14444.76, 13992.03, 13864.97, 14136.56, 14481.99, 14818.47, 14495.93, 14910.0, 14857.51, 14819.02, 14685.3, 14784.55];"[14532.83610573 14746.83496366 14562.69876824 14451.93270226
 14543.18329355 14826.0977873  14848.55636755 14793.33931288
 14814.57156775 15046.97586142 15195.56699093 15100.91089706
 14959.75803494]";2016-01-10 12:00:00;2016-04-03 12:00:00
127;13;ridge_log;0.025005835676161072;83.33333333333333;0.025673133582398085;137.49836031744863;0.0256727805805411;93.38721905342537;[3609.71, 3577.23, 3482.34, 3511.35, 3591.17, 3696.44, 3537.14, 3524.62, 3798.07, 3886.79, 3696.47, 3494.06, 3567.61];"[3534.60928471 3535.52445325 3485.05127851 3500.2388325  3531.12275601
 3548.62148884 3531.75096969 3493.53495568 3530.21065414 3551.24143519
 3540.63940048 3532.74856894 3526.47176926]";2016-07-10 12:00:00;2016-10-02 12:00:00
174;13;ridge_log;0.020251111473960696;75.0;0.02051862907788509;76.17655522190395;0.020518315118258326;67.04903689842317;[3258.4667, 3263.634, 3258.817, 3258.677, 3281.544, 3297.675, 3307.677, 3300.658, 3316.787, 3324.622, 3332.363, 3324.696, 3332.728];"[3261.99839343 3255.72690589 3230.0682282  3222.78053916 3234.80651456
 3231.23816024 3216.5936559  3201.79139795 3221.29211981 3231.53637991
 3233.27664813 3219.85599905 3232.80566494]";2016-10-09 12:00:00;2017-01-01 12:00:00
116;13;ridge_log;0.02911357340040939;66.66666666666667;0.029782657919484104;264.27296721005786;0.029782448311304215;211.62055217275295;[7037.56, 7043.25, 7026.12, 7062.94, 7075.16, 7057.07, 7064.06, 7097.6, 7249.93, 7267.89, 7328.08, 7388.03, 7480.86];"[7046.82645963 7019.36580885 6993.21330859 6995.14032336 6977.55728525
 6925.53744782 6884.28933643 6873.30060049 6897.65017905 6899.83999307
 6919.27355048 6965.44955183 7048.57189616]";2016-10-09 12:00:00;2017-01-01 12:00:00
145;13;ridge_log;0.010212940691940352;75.0;0.010292843628564707;84.52537605870792;0.010292763956697556;66.4873367623565;[6484.3939, 6466.0162, 6410.1658, 6391.301, 6439.7227, 6444.9281, 6475.271, 6438.518, 6513.0638, 6522.458, 6521.0447, 6524.1933, 6576.4185];"[6497.75565259 6485.2199404  6435.4573901  6428.04596193 6438.4594312
 6438.26938378 6405.30917288 6383.03083928 6393.63777375 6407.46442567
 6407.00943991 6394.14842537 6418.55587528]";2016-01-10 12:00:00;2016-04-03 12:00:00
159;13;ridge_log;0.016984717337545037;50.0;0.017197180626644167;162.0517177099847;0.017197070444877408;134.20797460065444;[7866.827, 7910.0756, 7809.3606, 7811.1917, 7868.993, 7869.8417, 7809.1908, 7810.0294, 7920.5439, 7955.8012, 7963.0703, 7852.4899, 7906.8102];"[7822.72332645 7822.54491703 7800.79876019 7784.63976181 7786.12415796
 7761.85446111 7736.26340799 7699.54767159 7703.25839803 7689.26808865
 7678.80252016 7657.21838811 7666.47777111]";2016-04-10 12:00:00;2016-07-03 12:00:00
102;13;ridge_log;0.02717615390469065;75.0;0.027358047284982083;134.07100811271712;0.02735771583591976;112.95209851386706;[4153.94, 4375.42, 4063.47, 3975.35, 4202.22, 4212.67, 4171.08, 4025.43, 4260.1, 4159.33, 4272.43, 3968.74, 3905.78];"[4106.00874757 4129.9784373  4068.7024009  4076.76066271 4107.78064605
 4125.88193218 4093.08393608 4037.54263253 4049.84454249 4074.25651154
 4106.11682038 4099.02791259 4110.87524554]";2016-10-09 12:00:00;2017-01-01 12:00:00
116;13;ridge_log;0.05263020551853488;50.0;0.054697731181062546;442.7324830291722;0.05469732639063241;369.57435003461916;[6924.55, 6917.89, 6917.15, 6975.45, 6973.4, 6972.47, 6979.66, 7015.23, 7060.48, 7046.22, 7029.97, 7022.7, 7065.51];"[6932.09229309 6905.46199932 6877.78123653 6835.18107645 6741.07033096
 6608.6795437  6510.26613387 6465.87667951 6418.15984223 6371.56809959
 6378.39201469 6465.47942113 6601.28936465]";2016-07-10 12:00:00;2016-10-02 12:00:00
127;13;ridge_log;0.023346186233497435;50.0;0.023456499380073777;100.36567433188794;0.023456163155169123;81.83574616067912;[3457.84, 3560.9, 3416.71, 3536.69, 3579.82, 3552.81, 3448.89, 3497.21, 3550.14, 3615.95, 3587.74, 3306.15, 3545.85];"[3422.49402331 3435.09279049 3424.80616261 3416.10180751 3442.55194352
 3448.24484595 3449.14820479 3460.36586352 3482.29807987 3505.81409663
 3514.14947055 3518.28555777 3514.46230371]";2016-04-10 12:00:00;2016-07-03 12:00:00
159;13;ridge_log;0.011559517056495513;75.0;0.011656309199775764;107.69994883764798;0.011656233519087362;89.76479181244962;[7712.7568, 7711.6588, 7700.03, 7659.1417, 7713.9729, 7740.6657, 7735.0269, 7713.9178, 7794.8652, 7779.0563, 7778.8239, 7771.0227, 7809.4599];"[7699.67616513 7708.73455526 7662.44706887 7648.47116447 7650.35711202
 7664.39662146 7641.46534959 7619.41192057 7620.33621084 7636.11834286
 7642.55695566 7627.18936624 7632.29547348]";2016-01-10 12:00:00;2016-04-03 12:00:00
116;13;ridge_log;0.03172019444591316;50.0;0.03190354150563562;262.125419740403;0.03190330457522613;214.81929903777842;[6618.47, 6630.38, 6653.14, 6698.79, 6673.77, 6679.76, 6677.57, 6719.75, 6774.22, 6756.53, 6776.82, 6886.35, 6942.99];"[6687.58200203 6740.53329485 6811.03274263 6886.78605905 6927.36820942
 6951.55513937 6942.76942185 6922.5742095  6862.00608197 6750.45370377
 6610.66134073 6471.19295464 6344.08827406]";2016-04-10 12:00:00;2016-07-03 12:00:00
174;13;ridge_log;0.019994352453317085;58.333333333333336;0.020284818523950057;77.76712751147282;0.020284501131392692;64.82060961919825;[3185.77, 3180.5499, 3170.2346, 3185.7978, 3219.3595, 3229.3047, 3227.9486, 3222.9398, 3254.5412, 3268.3911, 3263.7295, 3227.901, 3248.9094];"[3183.21876111 3190.21164672 3173.59301953 3171.11376205 3173.49266998
 3166.48546756 3150.95570811 3136.68065504 3148.33343946 3147.14009059
 3148.2737474  3134.03219269 3145.21834721]";2016-07-10 12:00:00;2016-10-02 12:00:00
146;13;ridge_log;0.0805616088171465;33.333333333333336;0.07585531311915898;11.778197591531136;0.07582395562363035;9.173048289398894;[120.66, 117.59, 111.32, 110.66, 110.46, 111.68, 120.32, 117.41, 125.32, 121.24, 112.52, 122.99, 118.27];"[124.47483957 124.84537396 128.93477615 134.94075968 131.13277201
 126.5309675  125.75177767 126.25605292 122.60511505 115.77478165
 114.42631844 116.6768059  118.18730753]";2016-10-09 12:00:00;2017-01-01 12:00:00
116;13;ridge_log;0.036515898867971956;91.66666666666667;0.03748652228392116;289.897981330432;0.03748623160464579;241.82240177161455;[6882.23, 6820.99, 6781.15, 6773.01, 6740.18, 6688.53, 6661.6, 6632.94, 6581.84, 6571.58, 6547.39, 6574.48, 6642.03];"[6937.15294283 6906.76491256 6841.76023057 6759.89753916 6635.33643665
 6469.51488723 6324.41754468 6217.99065071 6148.24611912 6103.01541638
 6128.82912554 6241.42911276 6442.5200307 ]";2016-01-10 12:00:00;2016-04-03 12:00:00
127;13;ridge_log;0.053251591492796964;66.66666666666667;0.051183074771507395;232.7816817458121;0.051182358888119284;183.05037734698905;[3368.15, 3402.96, 3502.06, 3382.44, 3470.0, 3509.41, 3570.62, 3402.84, 3585.54, 3452.3, 3453.99, 3361.96, 3427.64];"[3312.95166259 3347.46139068 3382.11349699 3422.0554759  3501.97343165
 3582.60948169 3640.29329129 3691.00013216 3739.36556151 3796.80419852
 3823.84317195 3806.47452191 3761.33218919]";2016-01-10 12:00:00;2016-04-03 12:00:00
117;13;ridge_log;0.014298548260101136;75.0;0.014422465547711566;27.433287855656623;0.0144220499983032;25.027586181072977;[1747.852, 1753.13, 1739.954, 1741.265, 1752.962, 1760.145, 1746.934, 1744.992, 1750.66, 1757.801, 1746.75, 1748.939, 1752.358];"[1746.02571653 1738.20251168 1727.65600444 1728.02128871 1736.48581175
 1729.99645579 1716.14348009 1711.47400503 1720.07423648 1722.69734998
 1714.39076695 1708.73574305 1718.48000915]";2016-10-09 12:00:00;2017-01-01 12:00:00
160;13;ridge_log;0.038396368489878346;41.666666666666664;0.039365662671644625;531.4389083016512;0.039365497705297944;469.72008447752245;[12143.281, 12130.04, 12220.91, 12262.51, 12368.93, 12230.26, 12271.89, 12244.95, 12279.44, 12134.14, 12219.63, 12187.07, 12201.34];"[12130.2412301  12084.32651431 12042.93228294 11965.56179901
 11900.84940278 11802.49100005 11691.23607899 11595.11718425
 11526.32082742 11499.99325301 11479.73762566 11504.95178114
 11564.27092213]";2016-10-09 12:00:00;2017-01-01 12:00:00
128;13;ridge_log;0.08904500548491744;41.666666666666664;0.08410744478261668;99.24244866666179;0.08410335501518656;86.48682589901652;[1007.32, 1000.05, 990.76, 985.07, 988.6, 986.32, 981.23, 974.06, 974.39, 971.47, 961.91, 960.25, 951.77];"[1011.60463043 1012.52238702 1019.73689209 1033.61476551 1048.91769989
 1066.39527077 1077.42215253 1090.73331038 1100.30275441 1105.02400088
 1103.21109958 1098.7782316  1089.26554159]";2016-10-09 12:00:00;2017-01-01 12:00:00
117;13;ridge_log;0.02445989711747576;66.66666666666667;0.024866901825461953;48.98768367213459;0.024866171594127663;42.3395772179175;[1717.975, 1724.116, 1705.611, 1714.558, 1727.282, 1733.961, 1721.632, 1725.982, 1738.361, 1743.269, 1730.701, 1728.076, 1733.917];"[1718.14739025 1710.74006441 1698.46467063 1696.13896909 1698.69260562
 1690.155572   1674.654469   1668.10198045 1673.97980559 1674.08753295
 1664.16768428 1659.44850398 1668.5920284 ]";2016-07-10 12:00:00;2016-10-02 12:00:00
102;13;ridge_log;0.02320533832187793;66.66666666666667;0.023827653170672185;148.98826404557914;0.02382736314188708;97.89259879065479;[4130.96, 4073.05, 3972.65, 4030.66, 4034.13, 4152.84, 3982.47, 3967.36, 4256.92, 4324.36, 4256.24, 3968.39, 4074.83];"[4049.82283208 4078.72330878 4004.22129159 4039.28314615 4026.46652251
 4033.56165989 4002.93108756 3978.47084194 3994.75917198 3985.22983128
 3991.11492754 3956.75589193 3965.79505453]";2016-07-10 12:00:00;2016-10-02 12:00:00
146;13;ridge_log;0.08703288039120409;66.66666666666667;0.08669968325894352;12.585978098968933;0.08666443510576409;10.675042416631918;[126.74, 124.3, 130.54, 135.91, 116.09, 112.55, 114.5, 117.95, 124.74, 118.66, 125.66, 130.19, 133.49];"[137.89637923 131.01690267 127.79415445 139.73313051 135.58794716
 130.26155709 123.91434483 127.57086729 124.85447764 114.61070233
 107.86557002 110.28937202 117.26025617]";2016-07-10 12:00:00;2016-10-02 12:00:00
174;13;ridge_log;0.012485401557480931;50.0;0.01260021141788941;47.85045738557398;0.012600010234549394;39.457637054119566;[3161.1727, 3167.2172, 3136.5161, 3117.0533, 3135.9904, 3142.6509, 3132.3188, 3140.7512, 3167.3835, 3169.939, 3175.0242, 3149.6855, 3176.9587];"[3152.09448229 3146.52189664 3133.68372415 3126.32255319 3123.97321798
 3112.9890069  3100.96752391 3093.74490703 3098.95610848 3097.35157384
 3094.25606998 3092.67973464 3104.70992565]";2016-04-10 12:00:00;2016-07-03 12:00:00
128;13;ridge_log;0.06578330567359078;50.0;0.06331077089793322;74.20058426617663;0.06330784333261517;68.46427814152108;[1111.55, 1099.45, 1083.63, 1067.45, 1065.3, 1061.87, 1047.8, 1044.76, 1034.04, 1036.11, 1022.84, 1014.08, 1010.94];"[1131.59245169 1124.27259908 1115.53505648 1120.46595585 1129.71438269
 1127.63736673 1119.01817196 1116.60204157 1121.99657122 1121.60902859
 1117.45888513 1118.29928834 1125.65381652]";2016-07-10 12:00:00;2016-10-02 12:00:00
160;13;ridge_log;0.029299975123879045;50.0;0.029862891393686093;398.04332665256027;0.029862764039707203;350.1312727826354;[11629.161, 11595.765, 11683.893, 11734.478, 11798.432, 11815.579, 11861.627, 11889.004, 12020.34, 12052.942, 12008.797, 12049.531, 12085.54];"[11589.82884059 11561.7686231  11545.88944628 11521.18826469
 11525.54054811 11496.04686762 11477.98510449 11465.9455268
 11482.02465288 11488.82927686 11490.4458723  11503.35698683
 11524.53244329]";2016-07-10 12:00:00;2016-10-02 12:00:00
117;13;ridge_log;0.01747561863318276;75.0;0.017698346814251757;35.65399494151529;0.017697818442101193;29.640487776840192;[1675.664, 1669.937, 1666.913, 1674.455, 1687.416, 1694.324, 1684.454, 1688.932, 1695.751, 1704.632, 1697.621, 1695.553, 1709.528];"[1677.55331029 1674.41744624 1665.74662764 1664.85401599 1668.38011673
 1664.68055601 1654.26274627 1650.69966821 1654.62764084 1655.28099326
 1648.44310289 1644.32477491 1649.32217266]";2016-04-10 12:00:00;2016-07-03 12:00:00
128;13;ridge_log;0.030607358470522435;50.0;0.030031077521773617;38.8881625954348;0.030029767566253366;34.42475190996533;[1137.99, 1132.04, 1117.03, 1113.14, 1128.8, 1128.6, 1114.11, 1112.39, 1134.29, 1144.96, 1134.51, 1119.0, 1125.33];"[1126.85044779 1125.12359635 1126.06491698 1138.45269774 1149.35453941
 1157.58127957 1164.95777512 1171.07231429 1177.16004978 1181.08100648
 1179.74683841 1178.95378062 1177.20062056]";2016-04-10 12:00:00;2016-07-03 12:00:00
128;13;ridge_log;0.04700342019428338;33.333333333333336;0.0456463532582102;60.29678543735156;0.045644414038079395;53.72058971091268;[1184.56, 1177.87, 1164.6, 1154.26, 1161.2, 1160.78, 1140.43, 1142.35, 1148.53, 1144.97, 1138.5, 1129.55, 1123.99];"[1189.47533046 1187.81090225 1190.03034878 1195.95929583 1203.46305428
 1205.93611164 1206.57159469 1209.18707714 1211.62958877 1215.11002097
 1216.04118711 1218.64812988 1220.09502445]";2016-01-10 12:00:00;2016-04-03 12:00:00
117;13;ridge_log;0.014021269862951798;91.66666666666667;0.014149369196041588;26.99237631022705;0.014148940119060828;23.32919182704037;[1660.039, 1653.124, 1651.855, 1651.64, 1660.542, 1664.772, 1658.333, 1655.813, 1665.309, 1669.509, 1665.029, 1663.664, 1672.353];"[1667.54651105 1663.60427988 1651.09813818 1645.54319798 1647.38636382
 1642.78927296 1631.57313373 1625.74104259 1630.33777622 1634.13861121
 1629.81193383 1624.54023532 1630.56759134]";2016-01-10 12:00:00;2016-04-03 12:00:00
174;13;ridge_log;0.012230637019311673;75.0;0.012344533788645919;47.11822510045677;0.012344334317466678;38.19768274090687;[3094.1697, 3092.8666, 3081.7609, 3074.4907, 3091.6531, 3100.713, 3102.2318, 3102.6061, 3125.2428, 3132.3427, 3127.9013, 3130.5322, 3151.0694];"[3103.01353368 3095.58889037 3080.42879057 3071.06737254 3071.31638467
 3071.44281939 3059.48780701 3056.1924136  3055.70151784 3066.10443105
 3064.5904741  3067.73898392 3071.46925374]";2016-01-10 12:00:00;2016-04-03 12:00:00
146;13;ridge_log;0.11057152147438315;58.333333333333336;0.1063274950082422;15.9211663256961;0.1062867662661983;13.914471100242856;[114.13, 117.78, 130.45, 148.43, 127.93, 125.21, 108.17, 120.56, 123.78, 121.54, 127.65, 135.96, 155.74];"[123.02919007 126.10494009 125.74774239 136.12360005 135.05990275
 140.05256342 136.88240537 140.49265693 141.80971959 139.33577339
 133.11051759 128.70723121 128.24097125]";2016-04-10 12:00:00;2016-07-03 12:00:00
160;13;ridge_log;0.017445109400918014;50.0;0.017625336236660974;218.4695599967672;0.01762525920902547;201.65029879015086;[11388.621, 11434.196, 11465.325, 11511.577, 11613.052, 11555.696, 11534.1, 11571.439, 11630.976, 11544.205, 11531.913, 11561.337, 11590.938];"[11353.96447531 11359.51910567 11354.698017   11354.06012526
 11356.86275733 11356.49804771 11343.73365669 11343.31591167
 11336.64623707 11320.53135052 11295.33163883 11275.899198
 11260.86059467]";2016-04-10 12:00:00;2016-07-03 12:00:00
118;13;ridge_log;0.16999290769970427;58.333333333333336;0.18907106957929207;228.67967170763148;0.1890624573098017;207.68259315242344;[1029.75, 1180.41, 1140.58, 1060.38, 1154.44, 1152.64, 1175.8, 1244.19, 1225.38, 1262.37, 1332.13, 1221.9, 1270.41];"[1014.53016088 1012.40956773 1007.71691037 1000.46938479  980.82397114
  968.26417252  959.76068134  956.91934838  954.31559493  955.94300495
  965.2349971   979.36423351  994.75426137]";2014-10-12 12:00:00;2015-01-04 12:00:00
118;13;ridge_log;0.018562735359160556;66.66666666666667;0.018510559315550644;22.71815222756931;0.018509638083735902;18.623206311525426;[964.51, 962.56, 985.25, 934.61, 959.6, 990.39, 1045.3, 1049.61, 1025.12, 1048.7, 1034.59, 1069.63, 1013.23];"[ 952.63393724  955.81734743  958.86317526  968.1339209   974.88711308
  989.94015416 1009.16849205 1028.4335241  1040.5143968  1048.66879624
 1056.04259849 1059.8161079  1057.06518716]";2014-07-13 12:00:00;2014-10-05 12:00:00
102;13;ridge_log;0.02025151484350568;25.0;0.020355991551844595;101.37603933586958;0.020355735911897876;81.0552362208466;[3917.12, 4033.26, 3880.7, 4076.48, 4001.72, 4081.5, 3929.13, 4002.06, 4003.21, 4055.11, 4053.65, 3817.35, 4127.44];"[3916.29578651 3909.08737416 3915.26361335 3911.62199396 3933.88743884
 3928.93287323 3940.26269759 3937.62621387 3971.11208197 3995.76174066
 4016.58215861 4021.10365114 4026.37422939]";2016-04-10 12:00:00;2016-07-03 12:00:00
118;13;ridge_log;0.06864824374514712;58.333333333333336;0.06453821130663205;92.57110750192518;0.06453511726224442;67.31643747725059;[984.4, 1006.17, 1026.99, 1074.17, 1026.45, 1053.36, 1034.14, 1037.47, 961.69, 981.41, 993.0, 978.61, 942.36];"[ 994.89343469 1002.61840462 1013.54803162 1033.08870174 1039.57080743
 1049.86504819 1062.30305438 1078.06711623 1093.20360201 1106.53677458
 1119.7152334  1128.58014255 1130.20370811]";2014-04-13 12:00:00;2014-07-06 12:00:00
118;13;ridge_log;0.04377546274210349;50.0;0.042379389012019326;57.589833171163676;0.04237741659288322;45.53875052967224;[1073.56, 1061.26, 1081.98, 1102.14, 1037.59, 1087.95, 1133.03, 1108.27, 1068.16, 1068.54, 1023.58, 1035.93, 983.75];"[1109.60680117 1112.47164182 1113.33326428 1106.22910769 1104.10033208
 1095.25464266 1091.3606386  1088.55703531 1086.13910138 1092.49961029
 1103.53677926 1112.16022635 1119.72992381]";2014-01-12 12:00:00;2014-04-06 12:00:00
119;13;ridge_log;0.2637076650229068;33.333333333333336;0.32164852082093287;327.10271323833456;0.3216298331166711;276.88262560028346;[855.09, 989.28, 916.28, 889.25, 943.99, 943.1, 996.81, 1044.71, 1069.8, 1090.56, 1126.05, 1064.67, 1106.98];"[885.72030511 879.78423994 858.96770265 823.90552872 786.84877462
 748.6213365  710.97410545 674.66208507 646.08617533 625.93463921
 615.46302434 615.55445601 625.83410447]";2014-10-12 12:00:00;2015-01-04 12:00:00
160;13;ridge_log;0.011215248485069733;66.66666666666667;0.011296697591457381;144.2527405782265;0.011296647330476969;126.95378148402989;[11377.393, 11299.561, 11271.014, 11291.277, 11395.629, 11345.671, 11275.293, 11327.971, 11307.421, 11261.42, 11276.549, 11329.373, 11342.245];"[11343.76868502 11311.95896807 11291.46541    11241.37407667
 11220.61663525 11166.78625951 11143.65144947 11117.03107569
 11109.52990255 11109.71576085 11120.48831274 11151.95744397
 11187.77261707]";2016-01-10 12:00:00;2016-04-03 12:00:00
146;13;ridge_log;0.15621300078613817;33.333333333333336;0.14116457850926223;22.202786645117342;0.1411125545638931;19.209593319371525;[140.62, 146.43, 136.52, 145.75, 129.78, 123.05, 122.56, 127.43, 112.48, 123.75, 119.49, 109.75, 131.56];"[138.91743816 145.65383473 159.77529891 160.37180039 150.82129778
 151.08674338 156.62948432 154.82453976 140.26316799 135.25428966
 139.35163537 144.1583003  136.82942818]";2016-01-10 12:00:00;2016-04-03 12:00:00
119;13;ridge_log;0.09375516876504743;50.0;0.10007278104787377;91.13128300881296;0.10006622257430216;76.59600718345222;[681.84, 693.01, 715.81, 664.63, 717.35, 749.88, 766.61, 783.52, 806.46, 859.8, 853.15, 890.76, 878.86];"[683.12458441 676.58108797 675.34015391 677.81314374 673.32378833
 675.17057307 689.33899082 704.30785412 710.08892153 718.78707676
 729.70581745 738.3291136  742.95625721]";2014-07-13 12:00:00;2014-10-05 12:00:00
119;13;ridge_log;0.126411515180848;75.0;0.11369046111198541;116.47568627425672;0.11368307075468158;87.53235817977135;[697.31, 680.1, 684.0, 735.06, 703.9, 732.22, 739.96, 751.17, 667.55, 692.73, 699.53, 700.13, 670.53];"[699.47735573 700.09126667 711.67791637 730.58634844 742.46167029
 760.57403939 786.80716491 811.94454173 837.28240426 856.12265791
 873.5698137  886.33908247 886.22909136]";2014-04-13 12:00:00;2014-07-06 12:00:00
102;13;ridge_log;0.053796146719257414;58.333333333333336;0.05184767489171279;250.73000525688676;0.05184704004171736;211.78792613890874;[3813.12, 3919.49, 4011.58, 3865.34, 3953.25, 3975.94, 4047.6, 3915.64, 4102.57, 4018.91, 3932.45, 3864.65, 3921.47];"[3919.05760785 3967.52733277 3981.36654848 4021.74329942 4074.34998821
 4141.18472517 4178.4284239  4219.73246926 4262.65075773 4313.53721962
 4337.28578178 4327.91981762 4290.04216496]";2016-01-10 12:00:00;2016-04-03 12:00:00
129;13;ridge_log;0.0032437396743496038;50.0;0.003249633865774274;31.33902709395101;0.00324961380539141;26.321427806204927;[8142.17, 8164.91, 8155.02, 8197.46, 8121.84, 8135.96, 8115.75, 8106.23, 8078.34, 8105.2, 8077.74, 8059.49, 8032.97];"[8170.63312032 8169.33594548 8155.24926414 8145.10015559 8131.25860485
 8113.4303207  8091.79070768 8068.10787392 8054.06695339 8044.03275172
 8039.07383284 8041.52698889 8053.57121141]";2016-10-09 12:00:00;2017-01-01 12:00:00
175;13;ridge_log;0.017204519064346203;75.0;0.01709226513586675;44.17803037370147;0.017091924468325484;42.87955897506901;[2549.213, 2475.26, 2459.08, 2490.54, 2515.97, 2480.48, 2485.86, 2469.92, 2502.86, 2485.63, 2467.43, 2481.02, 2574.63];"[2506.32345274 2523.43654622 2500.04688158 2526.64573758 2539.12168875
 2531.30852125 2532.25924964 2515.3021172  2532.65471756 2525.06986827
 2537.39352311 2521.89996323 2531.17409496]";2016-10-09 12:00:00;2017-01-01 12:00:00
161;13;ridge_log;0.07127206836894442;41.666666666666664;0.0749764837433577;384.30182778163504;0.07497562306633106;326.6387911440203;[4442.515, 4415.65, 4497.27, 4511.69, 4605.04, 4628.86, 4616.3, 4556.38, 4575.07, 4543.27, 4572.74, 4569.87, 4638.31];"[4455.09002843 4444.72793528 4423.37258544 4386.92053478 4346.06474137
 4293.13754594 4241.00460631 4178.31203103 4124.77768389 4072.54954301
 4030.53506796 4006.8904184  4006.58392072]";2016-10-09 12:00:00;2017-01-01 12:00:00
119;13;ridge_log;0.045140567308784504;50.0;0.04349653087999163;42.714483610261276;0.043493698562826505;33.433177979064176;[821.43, 807.4, 826.31, 828.57, 778.02, 773.16, 809.41, 774.57, 748.72, 752.28, 713.23, 742.38, 690.53];"[826.15369281 830.82606973 833.09226635 819.57298843 814.95158121
 802.42953587 794.31072683 792.07490427 785.04535179 788.34554732
 788.4155132  786.44734206 790.78322438]";2014-01-12 12:00:00;2014-04-06 12:00:00
103;13;ridge_log;0.0836294112995907;50.0;0.07927380667508599;94.69999685815567;0.07927000690852275;82.69438103126889;[1026.84, 1019.01, 1009.31, 1003.54, 1007.61, 1004.8, 998.68, 991.28, 991.98, 988.73, 979.2, 976.82, 968.28];"[1029.45883378 1029.18290508 1036.95826406 1051.4132879  1067.77472644
 1083.8544667  1094.79196559 1105.77308154 1112.82767114 1113.63912174
 1110.33446781 1106.21075172 1098.8874099 ]";2016-10-09 12:00:00;2017-01-01 12:00:00
103;13;ridge_log;0.06492750635206067;41.666666666666664;0.06246209096361587;75.46482784529343;0.062459255118379874;68.79569732595148;[1133.7, 1121.59, 1105.35, 1088.87, 1086.73, 1082.69, 1067.05, 1063.85, 1053.61, 1055.13, 1042.17, 1033.19, 1029.99];"[1151.18122326 1141.03957984 1132.83290041 1140.0550923  1148.92545002
 1146.86268959 1141.79388161 1143.68433269 1147.08520144 1143.24983558
 1137.43653885 1138.99725549 1145.12008416]";2016-07-10 12:00:00;2016-10-02 12:00:00
103;13;ridge_log;0.032312248678697725;50.0;0.03167988078761251;41.53725347072736;0.03167852300980247;36.95849565898955;[1160.74, 1154.77, 1139.44, 1135.27, 1151.71, 1151.35, 1130.89, 1128.69, 1150.58, 1161.25, 1150.61, 1141.15, 1147.55];"[1147.90419196 1145.00064598 1148.00376936 1162.47916353 1174.78603513
 1183.22100534 1191.10993104 1196.70100873 1200.28182586 1200.35252536
 1197.26044766 1196.6785867  1195.4709828 ]";2016-04-10 12:00:00;2016-07-03 12:00:00
161;13;ridge_log;0.03938084289207327;58.333333333333336;0.04026866450694944;180.26323976785548;0.04026818650778601;169.63780126688192;[4176.736, 4255.699, 4257.825, 4271.32, 4271.992, 4248.098, 4244.582, 4261.749, 4257.246, 4261.1, 4353.067, 4391.658, 4450.926];"[4136.36311904 4122.16546583 4118.51760939 4109.41378944 4103.68569203
 4095.03673116 4093.44290916 4095.03414804 4101.01248439 4110.74536629
 4124.66735007 4138.48765592 4148.13426276]";2016-07-10 12:00:00;2016-10-02 12:00:00
103;13;ridge_log;0.04802856164040392;41.666666666666664;0.046591368628436616;63.377581892167754;0.046589431392168104;56.025594081910256;[1212.56, 1210.13, 1191.14, 1179.25, 1186.32, 1185.8, 1165.07, 1166.09, 1172.2, 1168.63, 1161.38, 1152.36, 1146.76];"[1214.19201031 1212.43280633 1216.97970889 1225.43626192 1234.41239961
 1237.13153652 1238.20125615 1239.55031238 1239.68001368 1239.64304006
 1240.00851391 1242.95641861 1245.3984447 ]";2016-01-10 12:00:00;2016-04-03 12:00:00
175;13;ridge_log;0.025166746712873445;75.0;0.025629704326702155;79.576708794349;0.02562919160244564;64.06765515220276;[2538.591, 2465.719, 2458.854, 2582.382, 2534.688, 2483.303, 2474.566, 2485.269, 2639.618, 2529.635, 2510.189, 2462.012, 2534.925];"[2502.46564847 2505.89772277 2479.23725441 2505.18694735 2478.20905931
 2470.03865704 2446.596758   2437.27824089 2441.0027538  2430.99703434
 2432.78907657 2422.6742883  2435.62199613]";2016-07-10 12:00:00;2016-10-02 12:00:00
147;13;ridge_log;0.05444918739498274;33.333333333333336;0.0521302223332694;14.38428576072915;0.052118171038488766;11.273763931224389;[222.63, 218.63, 205.95, 201.16, 204.31, 204.6, 212.82, 209.47, 223.37, 215.24, 206.88, 219.05, 212.55];"[226.00252831 224.60470177 226.98029208 230.59839962 227.03874417
 223.96285596 223.81085276 223.9340035  220.4826026  215.12877207
 214.4476029  216.90908327 219.03940798]";2016-10-09 12:00:00;2017-01-01 12:00:00
161;13;ridge_log;0.018676693877227157;41.666666666666664;0.018847240427803495;84.53660590862121;0.018847010282121213;77.17580774706872;[4042.743, 4128.901, 4098.612, 4112.28, 4143.668, 4135.746, 4167.001, 4153.533, 4163.7, 4140.433, 4109.971, 4099.753, 4134.5];"[4022.34615677 4011.58241456 4013.68754034 4015.92915841 4019.92082796
 4029.82358903 4048.32072211 4070.46082274 4091.4130885  4118.45498437
 4146.48074538 4171.14817066 4185.20288946]";2016-04-10 12:00:00;2016-07-03 12:00:00
180;13;ridge_log;0.012725697624836003;58.333333333333336;0.01283637593747773;133.4916246100969;0.012836303945763062;114.43969408629458;[8859.673, 8863.5, 8867.55, 8852.3, 8897.4, 8915.51, 8942.89, 9002.82, 9002.66, 9020.31, 9033.94, 9050.97, 9041.96];"[8794.58883584 8808.02194824 8813.95515169 8830.97410621 8847.70055176
 8859.9991669  8864.02362122 8853.21756057 8849.72827446 8843.59232047
 8840.82470639 8832.96973025 8824.17100287]";2016-10-09 12:00:00;2017-01-01 12:00:00
129;13;ridge_log;0.013815186003374726;41.666666666666664;0.013957087125155187;136.48261554474203;0.013957000506455586;112.44647002625523;[8071.95, 8090.95, 8094.86, 8104.19, 8096.97, 8118.01, 8096.07, 8122.26, 8131.68, 8155.36, 8165.85, 8143.28, 8165.9];"[8076.32952576 8080.72405301 8066.3765113  8046.45812842 8037.97961337
 8033.65397036 8014.38927413 7988.43091867 7966.62716968 7953.47624543
 7946.00384495 7943.49739636 7950.33828974]";2016-07-10 12:00:00;2016-10-02 12:00:00
161;13;ridge_log;0.06575040943152136;50.0;0.06837185515036162;289.14961416743694;0.068370982556581;267.890101928725;[4010.661, 4066.955, 4058.078, 4049.368, 4117.538, 4098.131, 4073.432, 4078.808, 4120.148, 4102.907, 4054.254, 4026.168, 4018.65];"[3948.19420102 3936.00082812 3923.07906968 3892.44862196 3854.10338407
 3809.21271864 3766.27316512 3731.98427601 3705.29170194 3690.10166618
 3689.06151058 3707.3195773  3739.45595432]";2016-01-10 12:00:00;2016-04-03 12:00:00
175;13;ridge_log;0.031869998884987365;41.666666666666664;0.032338165345648165;92.61637930262451;0.03233750308976514;78.96324318386611;[2401.784, 2393.09, 2441.651, 2529.673, 2454.826, 2416.499, 2387.372, 2518.979, 2541.325, 2436.31, 2447.384, 2455.119, 2546.471];"[2476.15757123 2478.61039552 2480.1133428  2474.80940989 2467.23291585
 2445.97316149 2436.85383116 2418.17848167 2408.72779499 2382.27620602
 2365.38189883 2346.24229518 2342.84197006]";2016-04-10 12:00:00;2016-07-03 12:00:00
147;13;ridge_log;0.05629115891973157;66.66666666666667;0.05824770252761562;16.294832654639723;0.05823437251097821;12.729921232502631;[218.97, 217.43, 229.25, 236.32, 219.32, 214.92, 216.98, 220.01, 222.56, 220.79, 228.03, 231.46, 234.06];"[234.12377959 227.49251266 222.62516268 232.92401719 227.90391862
 222.24870551 215.56802825 218.2974997  215.63064394 205.53035997
 198.1982933  199.58522806 206.74070727]";2016-07-10 12:00:00;2016-10-02 12:00:00
162;13;ridge_log;0.006698061421020337;66.66666666666667;0.006730330162779444;30.691465484103237;0.006730241773470169;25.623672668826412;[3806.6, 3812.9, 3801.8, 3787.0, 3826.0, 3831.2, 3817.2, 3802.3, 3799.9, 3852.0, 3840.2, 3822.6, 3798.4];"[3795.0619415  3787.78460611 3784.08866376 3782.06479461 3768.5640867
 3791.55588246 3792.82304911 3790.07504002 3780.70586344 3798.24349224
 3799.62213749 3797.66246016 3796.74023771]";2016-10-09 12:00:00;2017-01-01 12:00:00
180;13;ridge_log;0.006180286424133761;41.666666666666664;0.006156167696335469;61.63337966309432;0.0061561328674942135;54.406412553311945;[8863.942, 8868.186, 8833.001, 8808.881, 8810.155, 8816.502, 8782.831, 8776.327, 8824.713, 8820.627, 8840.035, 8789.92, 8787.883];"[8850.22684951 8856.31793116 8861.14993175 8861.58659652 8864.06960256
 8862.74984677 8863.60365725 8862.5865819  8863.05344608 8872.65967179
 8879.88271118 8888.82078848 8892.41230959]";2016-07-10 12:00:00;2016-10-02 12:00:00
162;13;ridge_log;0.014144640564719386;25.0;0.01425162365605462;59.65701831314925;0.014251434408573531;53.66250353517727;[3804.0, 3799.0, 3799.0, 3779.3, 3817.9, 3789.3, 3785.8, 3783.6, 3757.6, 3805.9, 3803.5, 3792.4, 3770.5];"[3753.13776325 3742.62016614 3731.07833715 3710.94138485 3702.10367944
 3716.29302628 3720.81665031 3731.15811325 3734.74511884 3766.20347999
 3791.93238182 3812.66076809 3823.98187919]";2016-07-10 12:00:00;2016-10-02 12:00:00
129;13;ridge_log;0.013575064633925354;33.333333333333336;0.013698645948495078;126.00328220487553;0.013698560025955443;109.1985483995053;[7994.94, 8009.65, 7976.93, 8019.26, 8011.5, 8048.89, 8015.13, 7976.52, 7990.48, 8072.79, 8081.67, 8072.48, 8061.65];"[7974.01442118 7964.78373369 7951.99538727 7942.65583532 7938.7303278
 7929.42613467 7910.50734    7898.95921779 7885.21748765 7876.63794461
 7873.90609179 7876.87414231 7888.60080674]";2016-04-10 12:00:00;2016-07-03 12:00:00
104;13;ridge_log;0.0031956005612282104;50.0;0.0031895277994631807;33.03009419722424;0.0031895102514794683;28.987095009323987;[9135.8, 9155.8, 9123.07, 9168.48, 9097.38, 9109.48, 9061.98, 9058.14, 9033.5, 9064.66, 9038.48, 9025.31, 9001.11];"[9173.52743398 9171.00058933 9153.32731566 9144.39972805 9133.71525406
 9121.18334655 9101.16862608 9079.23295626 9067.1002347  9058.7897647
 9055.8061345  9059.14122434 9071.72861241]";2016-10-09 12:00:00;2017-01-01 12:00:00
162;13;ridge_log;0.01746771447779588;50.0;0.017645649754572626;71.73975387873098;0.017645412626572474;65.65613371338014;[3737.8, 3738.6, 3735.6, 3727.7, 3766.3, 3766.9, 3766.4, 3759.8, 3764.6, 3799.8, 3794.2, 3784.2, 3744.6];"[3691.3201791  3678.34952529 3663.98448199 3643.28403775 3650.77846439
 3662.40874076 3672.23086327 3689.49458663 3700.30751273 3734.76887621
 3759.45111706 3775.84789052 3778.45601397]";2016-04-10 12:00:00;2016-07-03 12:00:00
162;13;ridge_log;0.009316793918996287;41.666666666666664;0.00932283529023947;41.38652527906173;0.009322709458446514;34.53756712637068;[3681.1, 3688.2, 3687.4, 3673.6, 3717.1, 3715.6, 3707.2, 3697.7, 3731.7, 3745.5, 3738.8, 3725.7, 3684.7];"[3698.64359491 3686.54731756 3668.44905092 3642.0241621  3650.91008878
 3665.1422398  3670.49876935 3677.61969005 3689.59819517 3726.22948037
 3752.15859928 3768.82093695 3772.68423559]";2016-01-10 12:00:00;2016-04-03 12:00:00
175;13;ridge_log;0.04172517884327458;50.0;0.042797852022460794;126.510863444982;0.04279694339656895;100.84088260815679;[2475.148, 2362.053, 2452.2, 2475.801, 2415.274, 2326.515, 2388.865, 2394.474, 2381.082, 2322.133, 2385.252, 2445.047, 2494.068];"[2524.74213673 2503.47883206 2490.64916272 2450.48255113 2406.82293435
 2352.71266806 2315.80650046 2290.15149854 2269.49671981 2242.70283747
 2224.85560068 2216.59962895 2229.81305426]";2016-01-10 12:00:00;2016-04-03 12:00:00
147;13;ridge_log;0.07107409875145053;66.66666666666667;0.07719638773556252;25.08985415709537;0.0771781544582968;16.359932915655005;[207.2, 210.52, 221.49, 240.65, 220.5, 218.27, 200.41, 212.54, 215.34, 214.18, 220.47, 228.59, 249.48];"[211.62601766 213.76972094 209.15205338 223.86729739 217.83604452
 215.02192629 207.18322693 211.30537865 211.22144272 200.42330657
 188.01551832 181.82738119 184.60948862]";2016-04-10 12:00:00;2016-07-03 12:00:00
180;13;ridge_log;0.014290431843648756;33.333333333333336;0.014448853618575551;157.21562868158372;0.014448771318592932;126.83499261317117;[8861.153, 8868.851, 8828.403, 8836.062, 8864.249, 8876.368, 8873.208, 8881.058, 8898.754, 8890.422, 8874.215, 8876.68, 8839.031];"[8861.66109266 8855.7808247  8845.59922862 8824.22021946 8800.00147643
 8772.93256718 8740.87652552 8709.91130176 8678.31669958 8653.95143587
 8636.97307843 8632.99926853 8641.78401987]";2016-04-10 12:00:00;2016-07-03 12:00:00
176;13;ridge_log;0.04157076239852142;58.333333333333336;0.042656602885674556;329.017820637663;0.04265628496396453;286.196249229225;[6695.8, 6817.0, 6581.7, 6559.6, 6994.5, 6919.5, 7022.6, 6730.5, 6817.8, 7027.7, 6955.2, 6793.9, 6499.6];"[6568.13796176 6565.57790234 6546.33865836 6513.81190979 6521.94465891
 6502.11433113 6485.75384598 6448.81533329 6471.32848357 6530.6526721
 6594.95558675 6650.70568263 6704.48826658]";2016-10-09 12:00:00;2017-01-01 12:00:00
104;13;ridge_log;0.01673933845435345;41.666666666666664;0.016939636511251018;181.92706117227638;0.016939542757787952;153.03484519389727;[9079.95, 9106.44, 9104.24, 9116.25, 9113.84, 9131.98, 9087.94, 9118.33, 9135.56, 9163.74, 9173.74, 9143.91, 9164.54];"[9083.70683044 9089.44587463 9066.37165156 9034.82941946 9014.80644795
 8997.57710743 8966.80723145 8933.4387041  8905.34201446 8889.64202021
 8883.80859939 8887.60391951 8905.14085276]";2016-07-10 12:00:00;2016-10-02 12:00:00
147;13;ridge_log;0.09492645767386401;41.666666666666664;0.09071292654403161;20.85317281461353;0.09069107474480263;18.86723530026817;[215.87, 221.11, 207.61, 215.85, 201.27, 193.91, 193.12, 196.46, 184.14, 190.82, 186.95, 183.78, 226.44];"[218.12403208 223.66838003 233.92942847 235.50244493 223.68779293
 221.36129776 222.48390392 220.86976155 206.93716788 199.39005793
 200.24259884 204.43731662 200.91012403]";2016-01-10 12:00:00;2016-04-03 12:00:00
129;13;ridge_log;0.010850234669284229;66.66666666666667;0.010922107775937797;95.05797407384514;0.010922038625664507;86.25580245782777;[7867.43, 7854.55, 7949.24, 7936.75, 7949.46, 7938.98, 7901.3, 7898.8, 7944.42, 7979.57, 7947.22, 7987.22, 7968.47];"[7863.37502597 7858.90978296 7850.8970772  7843.2525283  7839.91589911
 7837.56951191 7833.59416051 7831.00716256 7831.20805465 7838.26639099
 7848.4580633  7860.38595894 7873.96451756]";2016-01-10 12:00:00;2016-04-03 12:00:00
163;13;ridge_log;0.00681927723269774;66.66666666666667;0.006806429875294959;183.3114208132957;0.006806416055442712;167.6153791869611;[24833.93, 24489.8, 24338.6, 24343.5, 24912.9, 24582.5, 24607.4, 24469.4, 24810.4, 24637.5, 24451.7, 24591.2, 24827.5];"[24658.3930718  24723.93638872 24576.48518393 24580.1592031
 24678.57051841 24711.42889684 24757.4489793  24611.2263959
 24664.12350009 24635.67477279 24737.56719908 24684.67569542
 24715.29614976]";2016-10-09 12:00:00;2017-01-01 12:00:00
180;13;ridge_log;0.017664102377845565;58.333333333333336;0.017912296732663882;195.56359693595002;0.017912193379332177;155.22048341914146;[8759.888, 8751.388, 8705.416, 8694.722, 8737.023, 8726.194, 8716.078, 8734.988, 8751.197, 8787.786, 8805.858, 8838.722, 8852.672];"[8767.55964996 8764.30138811 8748.82542616 8714.30491355 8674.06496635
 8626.25496617 8583.94014276 8549.68077946 8523.07020573 8507.95882993
 8503.73401857 8512.6115873  8534.91359707]";2016-01-10 12:00:00;2016-04-03 12:00:00
181;13;ridge_log;0.13104978731294745;41.666666666666664;0.14129533383448944;201.6684950297184;0.14129009494972206;190.58163844296757;[1375.3, 1376.8, 1377.8, 1382.1, 1392.3, 1392.1, 1472.6, 1476.2, 1488.5, 1487.9, 1491.4, 1494.2, 1492.8];"[1300.89675932 1286.17951426 1258.98906686 1235.81963905 1235.89101759
 1235.84048501 1233.06760698 1243.46561232 1243.31386838 1235.65313079
 1245.70991987 1230.12675538 1237.48532443]";2014-10-12 12:00:00;2015-01-04 12:00:00
130;13;ridge_log;0.007381501728208489;75.0;0.007414512466725244;17.498542940348507;0.007414339981478225;15.935921305230575;[2161.865, 2166.713, 2152.117, 2152.923, 2163.772, 2170.279, 2156.83, 2153.923, 2159.431, 2164.374, 2153.369, 2154.844, 2158.018];"[2161.82416992 2152.37446879 2142.19265429 2144.4400882  2155.90256664
 2148.93521562 2134.93138648 2131.35568782 2142.82677121 2144.53491332
 2134.29398815 2127.54463658 2140.134476  ]";2016-10-09 12:00:00;2017-01-01 12:00:00
176;13;ridge_log;0.06245711467616187;66.66666666666667;0.06519820168222518;487.2264388958214;0.06519769302425824;417.8781693350875;[6516.07, 6396.67, 6548.48, 6506.32, 6497.97, 6451.05, 6636.65, 6599.57, 6828.42, 6860.83, 6863.61, 6692.13, 6523.13];"[6405.60212772 6404.72605465 6339.72712415 6282.21534149 6202.50036526
 6145.28297649 6076.52698212 6048.48786944 6056.94114974 6070.58446571
 6106.18048573 6149.87195768 6215.94900775]";2016-07-10 12:00:00;2016-10-02 12:00:00
181;13;ridge_log;0.047823944581261144;50.0;0.049281341667711094;69.10895803522303;0.049279368494281564;61.55815702039168;[1267.5, 1266.4, 1269.1, 1272.6, 1234.9, 1238.2, 1239.3, 1244.8, 1244.0, 1299.5, 1304.4, 1309.3, 1352.1];"[1239.60938242 1232.79540161 1219.75504727 1209.82060853 1202.57501341
 1196.58889973 1194.63093785 1198.75882713 1202.28026704 1203.07272749
 1211.55650263 1210.75156333 1219.64878029]";2014-07-13 12:00:00;2014-10-05 12:00:00
130;13;ridge_log;0.016329727675302604;58.333333333333336;0.016512757990588718;40.86147751173665;0.016512369245128004;35.070212919265174;[2138.992, 2144.452, 2124.969, 2133.621, 2145.862, 2152.094, 2139.189, 2143.017, 2155.112, 2159.184, 2145.981, 2142.848, 2148.692];"[2139.55149479 2131.82317712 2121.1143266  2120.00933525 2124.65109736
 2115.45600158 2100.0430296  2093.9301803  2101.21773963 2100.85267033
 2089.52540157 2085.09917945 2095.94558803]";2016-07-10 12:00:00;2016-10-02 12:00:00
148;13;ridge_log;0.12877876619715797;66.66666666666667;0.11799681151846012;672.8378140728917;0.11799557189091049;562.0985677736696;[4374.969, 4342.37, 4303.19, 4370.16, 4392.91, 4423.87, 4362.98, 4303.89, 4317.18, 4359.9, 4426.36, 4381.17, 4372.66];"[4417.61971922 4419.88257886 4484.58375236 4556.25183486 4661.93830705
 4787.73731178 4939.61840206 5107.03440637 5230.70590721 5339.69843934
 5395.73290862 5393.69735938 5304.38945395]";2016-10-09 12:00:00;2017-01-01 12:00:00
163;13;ridge_log;0.03261769416496748;66.66666666666667;0.03341454336093055;979.5389983062323;0.033414474168016656;806.8785766999528;[24776.21, 24454.79, 24373.74, 24617.02, 24892.08, 24593.63, 24422.06, 24350.09, 25095.38, 24910.15, 24907.39, 24423.32, 24622.25];"[24650.92069191 24652.0407009  24381.29829334 24394.02025524
 24179.91040044 24006.82541348 23747.21839496 23524.03218987
 23467.3630989  23335.04634118 23352.19129456 23265.64898741
 23401.79042918]";2016-07-10 12:00:00;2016-10-02 12:00:00
181;13;ridge_log;0.4184246875185949;41.666666666666664;0.3364222090298662;565.2226904332277;0.33641124112377696;518.3453761998832;[1206.1, 1205.9, 1207.1, 1204.0, 1206.2, 1239.4, 1237.6, 1235.2, 1234.6, 1255.5, 1256.5, 1255.0, 1265.2];"[1323.44562401 1343.53139021 1395.03511282 1706.40518286 1654.29776594
 1766.04833497 1896.6670697  1933.2744752  1910.33218634 1979.57863539
 1796.18927206 1978.18548294 2063.79935817]";2014-04-13 12:00:00;2014-07-06 12:00:00
181;13;ridge_log;0.09602174149749523;41.666666666666664;0.08992709796082399;216.69514082344102;0.08992452594860169;158.98897080181513;[1951.6, 1917.3, 1919.3, 1920.6, 1921.7, 1959.6, 1961.4, 1963.5, 1994.2, 1994.7, 2011.8, 2014.1, 1208.4];"[1909.00116253 1887.8215506  1873.04415139 1850.55399789 1839.62991761
 1825.41900932 1819.44416174 1812.35698976 1813.62592023 1814.2114833
 1818.95547985 1828.19735766 1837.7178023 ]";2014-01-12 12:00:00;2014-04-06 12:00:00
130;13;ridge_log;0.010504591664858528;83.33333333333333;0.010583985412920103;26.744054470651527;0.01058373380409897;22.260462479394217;[2101.551, 2095.635, 2092.885, 2100.288, 2112.23, 2119.005, 2108.442, 2112.579, 2118.974, 2127.32, 2120.164, 2117.442, 2131.2];"[2104.03009253 2101.54032348 2093.82807264 2094.34705035 2099.4432928
 2096.62059518 2086.50616531 2084.26589677 2089.51351108 2090.46005138
 2082.94957644 2079.08982901 2084.3895081 ]";2016-04-10 12:00:00;2016-07-03 12:00:00
176;13;ridge_log;0.02278386485542272;75.0;0.023102612033830888;173.34347384081883;0.02310242653485506;143.92094897027619;[6110.33, 6176.75, 6055.79, 6009.86, 6146.15, 6214.75, 6394.49, 6409.89, 6450.06, 6426.2, 6455.33, 6302.73, 6445.38];"[6067.95620342 6067.88607129 6009.70795778 5949.75632253 5969.46305457
 6028.37965586 6062.20553208 6105.38631165 6209.53226405 6321.60458721
 6416.74305165 6469.79258491 6508.31076379]";2016-04-10 12:00:00;2016-07-03 12:00:00
130;13;ridge_log;0.008505576887729589;91.66666666666667;0.008549532118764998;20.641038232938516;0.008549326858924854;17.80507221870819;[2094.086, 2086.436, 2085.112, 2084.52, 2092.794, 2096.451, 2089.494, 2086.462, 2095.006, 2098.583, 2093.239, 2091.211, 2099.402];"[2102.61543646 2100.48034655 2088.25651142 2084.35688383 2087.01909196
 2082.17332181 2070.01449253 2063.34627592 2068.10174227 2071.27478428
 2066.64442667 2060.81185284 2067.67148347]";2016-01-10 12:00:00;2016-04-03 12:00:00
148;13;ridge_log;0.014502576315777135;83.33333333333333;0.014354972917598085;83.61278370039983;0.014354823323891442;68.95120280375956;[4935.859, 4825.195, 4818.913, 4781.679, 4875.562, 4792.773, 4762.129, 4702.819, 4633.007, 4563.222, 4476.889, 4488.824, 4404.914];"[4993.14513702 4974.8183959  4950.18969255 4937.21551808 4957.27975539
 4886.47857221 4801.84848165 4730.56454278 4659.81912997 4582.01190599
 4505.71644377 4461.0123047  4462.42736583]";2016-07-10 12:00:00;2016-10-02 12:00:00
104;13;ridge_log;0.013472956112543078;25.0;0.013597817799405106;142.24047296630417;0.013597741833334984;121.69919363274606;[8950.01, 8971.41, 8937.45, 8987.81, 8989.55, 9029.99, 8997.28, 8954.7, 8977.71, 9068.71, 9074.96, 9067.97, 9063.24];"[8937.46916672 8929.70924476 8915.94625233 8904.51392644 8902.71970898
 8894.38768264 8879.78318014 8869.25996483 8854.84565467 8849.21506334
 8845.8778201  8847.80414826 8857.16866954]";2016-04-10 12:00:00;2016-07-03 12:00:00
163;13;ridge_log;0.03878697141419807;58.333333333333336;0.0400401584531872;1199.5609484936106;0.04004007325178735;940.8635617266384;[23619.14, 23516.4, 23486.31, 23834.73, 23831.16, 23692.69, 23635.22, 23969.49, 24435.55, 24144.2, 24260.14, 24197.69, 24891.31];"[23410.15382259 23443.1304538  23386.6578735  23429.07844877
 23350.85254082 23252.81408548 23113.54915652 22946.05464015
 22845.57219845 22672.75317496 22581.85979608 22429.10179491
 22421.22571151]";2016-04-10 12:00:00;2016-07-03 12:00:00
182;13;ridge_log;0.014022405454137465;66.66666666666667;0.014143201940901275;96.89965674978042;0.014143087742688605;87.58301108159895;[6149.894, 6150.11, 6155.6, 6138.53, 6183.63, 6193.33, 6221.22, 6264.96, 6279.38, 6266.2, 6277.7, 6299.44, 6296.1];"[6078.83784827 6087.12687535 6094.93492648 6113.31052836 6136.41929807
 6150.63429753 6161.65723115 6158.79479794 6160.13076567 6157.48789864
 6154.40119961 6146.92841906 6136.85076981]";2016-10-09 12:00:00;2017-01-01 12:00:00
176;13;ridge_log;0.03262091105037969;50.0;0.032252098174477835;256.4217724104851;0.032251840275690793;201.75417589607864;[5890.0, 5939.36, 6051.78, 5957.39, 6355.36, 6394.87, 6585.82, 6352.3, 6314.89, 6369.77, 6341.98, 6038.21, 6037.62];"[6087.86078951 6074.75482558 6084.59548678 6047.13697706 6122.36388082
 6168.9226864  6221.05971073 6222.92150727 6276.95057033 6396.45471453
 6479.53973254 6534.73173109 6552.81838511]";2016-01-10 12:00:00;2016-04-03 12:00:00
177;13;ridge_log;0.08369337032907267;66.66666666666667;0.08004014840917449;123.2834624957066;0.0800374361850268;118.12973857377202;[1429.3, 1402.7, 1403.1, 1382.0, 1432.0, 1448.2, 1450.5, 1444.4, 1430.8, 1414.0, 1399.9, 1374.3, 1381.6];"[1475.76273619 1471.996717   1489.00378267 1525.21785669 1542.19507089
 1544.39808498 1552.59796903 1569.36108452 1578.73949855 1574.39835532
 1556.1320531  1535.06858398 1513.61480854]";2016-10-09 12:00:00;2017-01-01 12:00:00
177;13;ridge_log;0.02279250007159339;41.666666666666664;0.02245818642850714;42.33338013086275;0.02245744332199381;33.94562825231053;[1597.6, 1580.6, 1579.9, 1498.9, 1497.7, 1501.9, 1514.5, 1516.5, 1522.6, 1469.5, 1454.8, 1447.4, 1496.1];"[1581.54643854 1573.70799067 1559.23228999 1538.48962143 1522.7176017
 1513.07782216 1503.25838221 1495.03880349 1493.95437229 1502.2625127
 1519.07270131 1540.7123598  1566.29882537]";2016-07-10 12:00:00;2016-10-02 12:00:00
163;13;ridge_log;0.03247361683048439;66.66666666666667;0.033528534376419936;1045.1895680991909;0.033528459229189025;748.0204831123447;[23360.38, 23238.53, 23041.7, 22812.11, 22805.74, 22636.15, 22507.75, 22552.14, 22939.02, 22851.33, 22955.12, 23070.87, 23555.28];"[23292.71291944 23231.81843924 23090.22631852 22964.12167329
 22696.62933654 22415.72039343 22117.0896981  21877.32141829
 21696.87748429 21508.99326576 21396.65447856 21314.96453827
 21399.79973944]";2016-01-10 12:00:00;2016-04-03 12:00:00
148;13;ridge_log;0.008064651435793078;58.333333333333336;0.008065262371041907;47.45114674887105;0.00806517811392893;38.61504079932582;[4797.899, 4822.924, 4788.419, 4750.482, 4781.737, 4735.3, 4698.779, 4661.627, 4862.432, 4860.102, 4879.881, 4935.878, 4963.621];"[4841.45910173 4735.05189867 4741.37587187 4771.76847972 4793.49561691
 4710.49273686 4646.20527326 4752.32689962 4829.36133325 4854.17391987
 4860.32121903 4938.70322282 5024.63146242]";2016-04-10 12:00:00;2016-07-03 12:00:00
131;13;ridge_log;0.03716478395462865;50.0;0.03807755542046892;973.0916641401093;0.03807747083231713;857.0599556473887;[22735.69, 22695.8, 22873.78, 22912.73, 23157.6, 23052.45, 23109.41, 23066.29, 23133.89, 22943.61, 23070.07, 23056.38, 23135.75];"[22647.78942803 22619.72193804 22552.64696525 22470.14242446
 22376.84617589 22238.92170352 22096.69683889 21961.8264441
 21853.12199642 21769.16263582 21719.5525944  21718.99046011
 21776.25097167]";2016-10-09 12:00:00;2017-01-01 12:00:00
177;13;ridge_log;0.08167271094463294;41.666666666666664;0.08615944408558597;145.4909085171401;0.08615655825400183;128.62128286386599;[1526.0, 1527.6, 1523.0, 1535.5, 1547.4, 1557.7, 1562.5, 1563.6, 1581.4, 1594.5, 1599.6, 1597.9, 1581.3];"[1489.20522798 1475.81683114 1464.26495608 1474.79873267 1475.67742974
 1457.49655381 1437.95335555 1424.58887759 1412.89913939 1399.7420523
 1381.44301553 1367.41692488 1364.62022611]";2016-04-10 12:00:00;2016-07-03 12:00:00
104;13;ridge_log;0.003729802712080386;41.666666666666664;0.003741959269824023;45.338496729464715;0.0037419382023223713;33.23192375814366;[8841.92, 8832.63, 8918.91, 8906.67, 8916.82, 8904.96, 8862.69, 8846.54, 8904.3, 8942.71, 8909.6, 8947.47, 8923.83];"[8829.77902761 8827.50810886 8824.66143386 8829.16457792 8841.21528304
 8854.19282965 8862.44793988 8875.20930586 8887.6416049  8903.05292896
 8914.73589005 8921.64581083 8923.39064155]";2016-01-10 12:00:00;2016-04-03 12:00:00
182;13;ridge_log;0.017655578981728128;33.333333333333336;0.01745146056833981;124.07455803487142;0.01745131915150185;107.67912339566318;[6160.633, 6156.796, 6126.112, 6115.052, 6122.376, 6118.413, 6080.462, 6073.567, 6119.064, 6111.498, 6119.886, 6084.361, 6074.394];"[6145.4891816  6151.0229883  6165.72625159 6177.30902398 6194.89469255
 6209.58376192 6224.45746279 6235.86554005 6244.55748359 6260.42628593
 6268.34683196 6274.1995481  6268.72989158]";2016-07-10 12:00:00;2016-10-02 12:00:00
177;13;ridge_log;0.01610677730602563;66.66666666666667;0.015932978652580164;27.538527091673377;0.015932428352742636;23.07320996139998;[1482.1, 1467.2, 1454.6, 1452.8, 1458.0, 1448.0, 1395.8, 1393.2, 1429.7, 1423.8, 1418.0, 1415.0, 1489.7];"[1504.4037165  1496.22873572 1480.8299465  1459.95266126 1446.5453603
 1437.51342777 1427.720541   1421.59553592 1423.49319937 1435.06700869
 1454.01394341 1478.10372957 1506.08789837]";2016-01-10 12:00:00;2016-04-03 12:00:00
164;13;ridge_log;0.04648275056308967;41.666666666666664;0.04514377576388189;193.52282018731123;0.0451431767823243;170.14768500607696;[3675.7, 3699.6, 3615.7, 3509.8, 3609.7, 3718.0, 3716.1, 3649.0, 3781.0, 3775.7, 3778.5, 3711.7, 3892.7];"[3776.12101162 3760.4025511  3831.62905945 3878.33676237 3898.89775128
 3910.04309835 3929.39295101 3916.34385583 3916.23521552 3862.24305915
 3859.38478811 3828.28527404 3807.59547275]";2016-10-09 12:00:00;2017-01-01 12:00:00
195;13;ridge_log;0.3402532779533145;58.333333333333336;0.27311899609304674;4114.04795930474;0.273117893808809;3395.421454006168;[9829.0437, 9985.4137, 10293.6715, 10359.0839, 9848.4779, 9843.3371, 9851.5289, 10083.1847, 9901.8945, 10063.8348, 9912.0124, 9947.1883, 10295.3118];"[ 9626.20589593  9898.37216066 10434.4281998  11233.12767264
 12263.74187208 13340.48764137 14459.54744758 15426.71798046
 16102.18463628 16309.1398828  15943.43617775 15043.24478292
 13694.06906497]";2016-10-23 12:00:00;2017-01-15 12:00:00
131;13;ridge_log;0.01837919165648955;58.333333333333336;0.018580463980746066;446.7079513987381;0.018580421943387635;410.6369332452537;[21966.53, 22008.26, 22067.83, 22120.85, 22192.8, 22182.09, 22186.67, 22224.32, 22396.65, 22425.54, 22481.75, 22525.55, 22610.86];"[21877.06453994 21844.59986285 21836.53216516 21831.90792967
 21829.81001212 21798.95705599 21790.87784472 21805.19068067
 21829.81456714 21859.91563892 21886.10847958 21916.47787578
 21944.16321525]";2016-07-10 12:00:00;2016-10-02 12:00:00
182;13;ridge_log;0.012006103948227636;50.0;0.012115915594147096;91.60204269298984;0.012115816955837367;74.41192281226667;[6215.066, 6216.004, 6191.393, 6194.222, 6215.25, 6216.098, 6209.939, 6209.769, 6220.444, 6206.123, 6189.356, 6180.87, 6134.481];"[6215.8758371  6211.0856937  6206.94601628 6188.91666818 6169.13658425
 6147.61300345 6126.03739218 6103.88111473 6080.5667322  6063.08744832
 6050.13862576 6047.65863226 6053.44196179]";2016-04-10 12:00:00;2016-07-03 12:00:00
164;13;ridge_log;0.034432501299908685;25.0;0.0337257900013933;151.3239958809643;0.033725351285500554;129.65993924452502;[4030.4, 4066.8, 3911.8, 3889.2, 3773.6, 3711.8, 3714.2, 3704.0, 3773.1, 3785.6, 3684.0, 3865.8, 3731.2];"[3954.24605082 3950.07430286 3915.92209    3912.51180189 3929.80095602
 3954.900719   3946.86243764 3903.15854781 3891.57248933 3886.72992147
 3896.91941816 3894.20281508 3904.41836747]";2016-07-10 12:00:00;2016-10-02 12:00:00
148;13;ridge_log;0.06870867090904105;58.333333333333336;0.07208884441183917;394.8777618841519;0.07208806766580039;334.62493219863796;[4643.476, 4671.237, 4765.797, 4795.377, 4891.778, 4880.84, 4889.038, 4929.481, 5022.846, 4942.596, 4631.39, 4804.276, 4831.089];"[4760.60888103 4713.88645107 4718.21461965 4728.14248791 4667.1448083
 4570.62981508 4469.60879683 4410.89479191 4371.4401397  4323.9669167
 4283.46544156 4299.74416292 4350.91423297]";2016-01-10 12:00:00;2016-04-03 12:00:00
195;13;ridge_log;0.22330965189230514;50.0;0.19439438226849853;2779.901110967912;0.1943936137232503;2463.1478797571876;[13757.0647, 13154.5724, 13108.9968, 12811.1686, 12313.8083, 12160.6266, 11881.3843, 11403.1205, 11156.9923, 10834.0852, 10636.098, 10017.0025, 9652.1297];"[13915.09554923 14014.16524475 14039.63561517 14181.41294694
 14321.27146874 14341.41859865 14457.87686309 14429.18186041
 14413.43532497 14356.75385665 14259.86150372 14151.23183649
 14026.63166803]";2016-07-24 12:00:00;2016-10-16 12:00:00
195;13;ridge_log;0.041235786343558;58.333333333333336;0.042209063732663275;620.1655339271061;0.04220891131906733;584.5162369281702;[14256.20691, 14515.29651, 14417.83781, 14202.6874, 14143.5508, 13993.9947, 13658.654, 14025.1447, 14073.1261, 13819.8717, 14337.3354, 13904.5974, 13921.5768];"[13659.31798868 13602.71210491 13561.66301357 13561.22146411
 13549.33462254 13486.09925562 13514.75068869 13477.90844979
 13488.46585079 13468.22195241 13441.61052454 13434.77014108
 13425.09309322]";2016-04-24 12:00:00;2016-07-17 12:00:00
164;13;ridge_log;0.026295689762078113;41.666666666666664;0.026261376715658837;119.59135835751987;0.026261041714149336;102.9512634883645;[3882.42, 3840.06, 4006.2, 3948.8, 4013.7, 3890.7, 3890.0, 3825.1, 3863.9, 4027.1, 4019.7, 4026.4, 3939.1];"[3755.46884193 3765.7917838  3816.3702838  3857.24753117 3922.61734352
 3947.74288023 4010.20593354 4032.463915   4059.51777982 4030.46473957
 3986.82712636 3935.91465395 3881.37125829]";2016-04-10 12:00:00;2016-07-03 12:00:00
178;13;ridge_log;0.010538199314370177;33.333333333333336;0.010640356087370528;39.13461294967628;0.01064016033563919;28.918092178422494;[2709.779, 2713.39, 2711.95, 2713.77, 2713.77, 2722.18, 2721.67, 2737.86, 2723.28, 2754.11, 2756.24, 2751.53, 2745.86];"[2714.51896756 2715.2966917  2713.58844679 2712.57830587 2711.02498073
 2706.86396433 2702.05410662 2696.42705244 2693.31170652 2688.73365515
 2686.59335628 2686.64514756 2688.38763223]";2016-10-09 12:00:00;2017-01-01 12:00:00
195;13;ridge_log;0.07890839976503855;50.0;0.07468629853890889;1282.0893265759314;0.0746860363158406;1063.924048757833;[13276.99992, 13645.07272, 13508.21161, 13340.66659, 13676.60029, 13726.72299, 13804.33009, 13413.49799, 13305.74849, 13276.48609, 13695.26149, 13379.16709, 13653.35331];"[13193.31212946 13306.14092967 13501.61967484 13916.83998645
 14268.54405755 14648.25968743 14996.43184854 15270.15098534
 15441.82794257 15438.14493395 15273.45155311 14940.81006242
 14479.17448047]";2016-01-24 12:00:00;2016-04-17 12:00:00
182;13;ridge_log;0.023416696564018617;50.0;0.02384368260020436;179.5481441884078;0.023843485575342712;144.27759839754793;[6149.696, 6138.625, 6101.288, 6090.495, 6128.433, 6116.408, 6125.085, 6131.052, 6135.691, 6152.053, 6174.597, 6203.569, 6207.505];"[6158.80814686 6154.40637106 6142.23376975 6110.85056847 6073.24662902
 6025.57638209 5983.83167784 5947.30663658 5919.74859225 5902.79614609
 5897.75355732 5906.46065227 5928.25880351]";2016-01-10 12:00:00;2016-04-03 12:00:00
131;13;ridge_log;0.015342985774239508;50.0;0.01547774954909941;358.00150775455415;0.015477713887004871;335.8761612142723;[21646.43, 21779.1, 21755.33, 21818.08, 21971.97, 21907.54, 21911.04, 21934.74, 22015.12, 21890.76, 21831.24, 21841.96, 21859.92];"[21598.7284938  21577.94643626 21571.53387333 21572.69313501
 21556.47693195 21529.58804365 21513.6845128  21506.0556153
 21491.74613711 21482.09320484 21468.78288608 21463.15362618
 21464.35700789]";2016-04-10 12:00:00;2016-07-03 12:00:00
164;13;ridge_log;0.042301232722554934;66.66666666666667;0.041199324200239536;178.4319563036756;0.04119879310398619;159.9592714791928;[4124.16, 4062.01, 4013.03, 4031.72, 3799.72, 3907.31, 3821.95, 3761.56, 3634.03, 3729.62, 3605.02, 3672.98, 3754.21];"[4182.55649309 4161.08917086 4138.86108626 4121.89729649 4085.4580811
 4019.42235532 4012.95733745 3987.04072928 3949.26201289 3879.35055426
 3826.74097901 3815.49110351 3816.6633297 ]";2016-01-10 12:00:00;2016-04-03 12:00:00
149;13;ridge_log;0.020347911683168005;75.0;0.020630626490583323;198.81236533007348;0.020630500645106336;169.11521487254595;[8104.576, 8397.21, 8157.4, 7991.08, 8073.41, 8245.39, 8235.18, 8301.8, 8245.5, 8365.11, 8466.19, 8322.25, 8219.59];"[8057.78727072 8160.39206867 8103.58917336 8059.09808378 8077.79401356
 8114.36576449 8130.05161805 8036.24201516 8044.45278598 8069.50708162
 8118.85814815 8063.80823902 8035.04613877]";2016-10-09 12:00:00;2017-01-01 12:00:00
196;13;ridge_log;0.24652242730889312;50.0;0.20825021903791674;1024.1561351705523;0.2082476083789483;832.2442703345844;[3349.318574, 3535.511928, 3464.898719, 3501.769843, 3412.296678, 3438.179535, 3346.9989, 3340.722945, 3385.474665, 3372.953029, 3373.89518, 3370.010094, 3361.798917];"[3331.88475556 3370.43784401 3471.001369   3618.28832949 3842.40346842
 4079.66248427 4370.03236285 4614.9571147  4833.72467688 4942.19377131
 4934.83270935 4789.61555714 4508.95427351]";2016-10-23 12:00:00;2017-01-15 12:00:00
178;13;ridge_log;0.020770212202537733;33.333333333333336;0.02111527074742557;70.55564057429278;0.021114874420253085;56.247962626244735;[2703.309, 2711.389, 2706.889, 2693.829, 2687.779, 2698.089, 2702.369, 2702.759, 2705.649, 2709.129, 2720.149, 2705.559, 2713.489];"[2706.24984542 2703.99949901 2698.13293087 2688.42129261 2673.83904468
 2656.98725581 2640.03809551 2624.88385554 2611.95988031 2603.91415016
 2602.04740482 2606.52046921 2618.05145274]";2016-07-10 12:00:00;2016-10-02 12:00:00
210;13;ridge_log;0.12788571405051535;33.333333333333336;0.1410683187567832;3159.6015593373686;0.14106793733700346;2609.1380406333888;[19138.99, 19322.67, 19505.88, 19671.03, 19823.39, 19748.99, 19869.76, 20103.52, 20304.31, 20497.56, 20640.15, 20839.37, 21017.61];"[19138.86447186 19140.02915706 18981.85970385 18686.55179988
 18278.3678557  17783.84783796 17257.39125019 16762.93946568
 16367.6181299  16097.50031025 15962.94078082 15968.86070913
 16137.66399949]";2016-11-27 12:00:00;2017-02-19 12:00:00
183;13;ridge_log;0.016075749304639356;83.33333333333333;0.016249145956708115;86.63086214853529;0.016248970227197464;75.12474066049673;[4617.5212, 4622.402, 4618.642, 4618.395, 4642.408, 4655.815, 4667.141, 4665.69, 4673.901, 4688.093, 4691.17, 4685.57, 4695.057];"[4610.00068384 4611.61085724 4594.87046171 4587.76927358 4591.27770406
 4587.67845349 4574.60499272 4561.53366093 4564.18063403 4568.04598788
 4571.47939931 4567.67452178 4574.45694084]";2016-10-09 12:00:00;2017-01-01 12:00:00
196;13;ridge_log;0.22894626489961153;33.333333333333336;0.1957009112852954;1005.3714557145697;0.19569861035489003;832.7846749969905;[4174.585163, 4144.615588, 4116.98052, 4121.253483, 4059.151983, 3940.983565, 3896.384812, 3745.10476, 3734.920938, 3566.636429, 3562.883251, 3384.886519, 3360.900223];"[4145.18952603 4193.21820704 4252.1686061  4377.17370767 4509.00601258
 4651.65400933 4814.5649144  4923.33046912 5026.00262028 5043.6058133
 5007.7690559  4900.18860218 4732.8251911 ]";2016-07-24 12:00:00;2016-10-16 12:00:00
149;13;ridge_log;0.006002044886849139;66.66666666666667;0.006012048769415032;64.61401879778523;0.006012011479412031;48.46672486434531;[8085.919, 8153.735, 8048.481, 7978.526, 7951.135, 8125.791, 8067.899, 7979.12, 8099.678, 8069.113, 8225.514, 8007.458, 8007.938];"[8076.84942757 8154.13071385 8078.88284844 8031.31446495 8052.13709313
 8139.79399413 8122.01533674 8012.92411782 8005.22422485 8039.07450975
 8069.61073494 7994.90327907 7966.40196967]";2016-07-10 12:00:00;2016-10-02 12:00:00
210;13;ridge_log;0.13454093575419435;25.0;0.1493127575971907;2995.7774572535413;0.1493123049745882;2463.0571243588233;[16889.79, 17022.25, 17213.75, 17348.32, 17515.74, 17640.71, 17844.52, 18051.27, 18220.02, 18404.3, 18565.7, 18756.45, 18955.44];"[16964.41663511 16973.78540968 16813.66820783 16521.16623755
 16142.14905775 15699.80538228 15230.28697517 14784.57558374
 14441.87706308 14231.53836454 14157.86129361 14206.04206737
 14390.59837585]";2016-08-28 12:00:00;2016-11-20 12:00:00
178;13;ridge_log;0.023557197387678322;16.666666666666668;0.024020864989823403;80.99737078112325;0.024020408528478185;63.20283407652089;[2646.087, 2652.847, 2637.01, 2641.84, 2649.0, 2660.269, 2663.269, 2671.289, 2678.309, 2684.299, 2684.859, 2695.809, 2704.549];"[2647.78833445 2646.28612071 2641.99497759 2637.58538105 2627.86382867
 2616.86363273 2604.00382892 2591.87966036 2579.45891339 2569.2614118
 2564.32587022 2564.25442728 2569.60539391]";2016-04-10 12:00:00;2016-07-03 12:00:00
131;13;ridge_log;0.023129986361707947;66.66666666666667;0.02350410279857635;584.228937711266;0.02350404735897913;498.2474822264037;[21537.75, 21505.14, 21430.38, 21431.14, 21641.6, 21560.21, 21473.81, 21537.83, 21563.26, 21516.38, 21505.4, 21559.11, 21568.4];"[21462.75245897 21438.99281638 21399.48635694 21299.54232704
 21187.55360991 21059.40217304 20939.6722134  20827.85083745
 20750.25081558 20713.81849701 20707.32199592 20744.90517864
 20821.64345078]";2016-01-10 12:00:00;2016-04-03 12:00:00
196;13;ridge_log;0.042439175877322974;50.0;0.043141096773161185;213.0830447341906;0.04314060899006612;190.91781400206912;[4726.314929, 4792.419653, 4602.008184, 4580.648134, 4514.22903, 4528.434982, 4382.055744, 4426.803895, 4319.785856, 4246.693931, 4354.402433, 4170.091186, 4172.351797];"[4444.7844599  4418.69156013 4397.80591457 4359.28472885 4313.85266823
 4270.56912145 4237.61967097 4219.79831475 4228.2806829  4247.73766951
 4293.31512695 4354.84383249 4425.38640274]";2016-04-24 12:00:00;2016-07-17 12:00:00
183;13;ridge_log;0.020116206099470128;58.333333333333336;0.02040319245649784;109.42004198287219;0.020402967398945752;92.48463652889146;[4549.9397, 4550.2955, 4541.6125, 4554.1823, 4583.9553, 4585.7274, 4585.3885, 4581.7375, 4607.8238, 4624.0424, 4616.8218, 4585.8693, 4601.0344];"[4536.45371083 4541.17378272 4528.17394211 4524.57116492 4516.13960502
 4504.00119961 4483.5459463  4468.072732   4461.37804376 4453.64099106
 4450.79832195 4445.12653609 4453.05414875]";2016-07-10 12:00:00;2016-10-02 12:00:00
149;13;ridge_log;0.02290130127237714;75.0;0.022583924821008572;202.40892160126916;0.022583785548316013;183.1113474520309;[8008.398, 8129.223, 8009.431, 7974.878, 8016.869, 8098.58, 8038.301, 7916.415, 7892.77, 8099.305, 8200.17, 7950.084, 8033.644];"[8102.87763734 8168.77299133 8164.05827062 8152.37018133 8179.07560286
 8255.70969611 8256.08488232 8226.83838679 8244.30710549 8274.17710892
 8284.61016033 8235.87832386 8203.75516956]";2016-04-10 12:00:00;2016-07-03 12:00:00
210;13;ridge_log;0.16256909907927217;16.666666666666668;0.1838737734069772;3160.599826327203;0.18387313331525426;2641.4583666023073;[14808.71, 14993.54, 15173.26, 15370.07, 15589.93, 15734.22, 15889.82, 16058.86, 16237.17, 16393.82, 16499.89, 16632.16, 16764.71];"[14773.09692429 14773.28060662 14622.48115168 14353.71741682
 13980.222266   13540.42600555 13070.67641441 12629.47299815
 12269.05723697 12017.40735611 11884.4824165  11877.45410101
 12015.42634006]";2016-05-29 12:00:00;2016-08-21 12:00:00
196;13;ridge_log;0.06733541369940879;33.333333333333336;0.07023868098857042;331.7681068463214;0.07023785523826648;298.73420752812376;[4216.739238, 4336.836794, 4247.448371, 4268.214242, 4368.77364, 4401.758212, 4511.42587, 4490.139077, 4442.886849, 4478.674734, 4479.395627, 4411.837456, 4454.395212];"[4175.10456349 4168.66074397 4162.4047112  4155.43148133 4119.39236264
 4107.8003158  4090.45829776 4076.50507123 4061.562309   4040.2075654
 4033.47969623 4020.22727608 4013.74622998]";2016-01-24 12:00:00;2016-04-17 12:00:00
210;13;ridge_log;0.14843805051980133;8.333333333333334;0.16626693302262235;2507.4443510433716;0.16626626727793228;2076.388099237736;[12727.52, 12882.11, 13014.63, 13153.83, 13278.08, 13368.66, 13563.46, 13712.67, 13908.06, 14063.35, 14254.1, 14429.72, 14607.39];"[12728.1244877  12692.82193364 12547.14665618 12339.11227928
 12087.33197063 11785.74304119 11451.14957721 11123.85827131
 10856.34550672 10664.65902195 10553.14576408 10527.39109908
 10614.91407634]";2016-02-28 12:00:00;2016-05-22 12:00:00
178;13;ridge_log;0.007716178872513654;41.666666666666664;0.0077717174316811735;27.652273759153367;0.007771568555249556;20.28490435692832;[2610.191, 2612.763, 2604.128, 2604.228, 2608.59, 2609.785, 2590.993, 2603.936, 2615.505, 2635.733, 2631.261, 2635.153, 2645.168];"[2609.65049175 2608.90511825 2605.92903395 2602.14964597 2597.95365014
 2594.1757348  2590.05245689 2588.24470918 2586.96985787 2587.01873632
 2588.6522005  2591.56595615 2596.06471949]";2016-01-10 12:00:00;2016-04-03 12:00:00
197;13;ridge_log;0.05684810022744782;25.0;0.055040635915501464;179.41929399453917;0.05503953819853881;138.04056951396873;[2494.02866, 2504.633975, 2516.196395, 2459.919613, 2562.934537, 2680.654134, 2526.370987, 2563.657085, 2549.711739, 2523.642748, 2295.089991, 2323.388696, 2404.942722];"[2394.35065912 2387.62611422 2385.57353557 2441.21621099 2473.75516218
 2518.79263554 2520.03185913 2565.3565642  2613.94756706 2666.64183991
 2675.17130377 2663.3587433  2647.0922422 ]";2016-10-23 12:00:00;2017-01-15 12:00:00
149;13;ridge_log;0.014479129373276889;58.333333333333336;0.014623382526972917;139.93869351699436;0.014623292625882774;118.93785858218926;[8101.251, 8276.286, 8369.635, 8137.66, 8112.244, 8247.195, 8207.622, 8096.719, 8073.916, 8196.716, 8143.079, 8016.238, 8089.017];"[8033.91655897 8080.32464986 8075.20971983 8046.9088533  8021.39232055
 8056.64924847 8055.03116888 8060.37846405 8014.87321744 8030.8553801
 8038.25118882 8045.06302395 8020.18209211]";2016-01-10 12:00:00;2016-04-03 12:00:00
211;13;ridge_log;0.06899184480541247;41.666666666666664;0.07245856686129043;478.22838433451443;0.07245791948076373;405.5090729104602;[5461.05, 5465.87, 5464.51, 5474.37, 5898.01, 5958.73, 5908.25, 5890.65, 5889.96, 5886.71, 5863.1, 5846.83, 5831.24];"[5461.78468023 5482.5475342  5434.62678015 5399.95597049 5361.49277764
 5335.62114391 5301.73905106 5279.17062822 5275.96673763 5289.7778353
 5308.74502979 5322.31777169 5348.74054073]";2016-11-27 12:00:00;2017-02-19 12:00:00
179;13;ridge_log;0.02119132755638973;66.66666666666667;0.02148290904390543;176.25549142136953;0.021482760711758968;155.56901394111168;[7299.42, 7307.94, 7291.58, 7297.69, 7312.24, 7315.34, 7284.5, 7280.26, 7316.23, 7330.77, 7375.17, 7388.38, 7415.41];"[7266.31003119 7242.92493769 7211.9460823  7216.04087523 7224.67660656
 7192.82615224 7135.47571051 7108.85195188 7121.52153177 7125.73191185
 7105.3264438  7100.98287699 7139.91770677]";2016-10-09 12:00:00;2017-01-01 12:00:00
183;13;ridge_log;0.016032677985060452;50.0;0.01623797890587169;90.86882144256008;0.01623779655001306;72.29533376395634;[4474.6615, 4476.7109, 4461.2858, 4445.5047, 4467.4321, 4475.3198, 4472.2853, 4490.7519, 4511.1915, 4520.4038, 4525.2687, 4509.4403, 4536.9761];"[4462.19295877 4463.29285172 4451.64727677 4445.49406079 4438.36675621
 4426.10640109 4411.82014551 4399.88534362 4394.22284154 4387.38158191
 4383.19292749 4378.94276645 4384.84714921]";2016-04-10 12:00:00;2016-07-03 12:00:00
132;13;ridge_log;0.010555419953064362;91.66666666666667;0.010642323351659478;183.752120837672;0.010642284956432895;147.49152963681388;[13883.352, 13943.084, 13817.27, 13799.658, 13890.442, 13929.041, 13978.179, 13895.258, 13956.526, 13983.295, 14057.238, 13958.295, 14011.606];"[13896.50890041 13912.8665574  13835.03247447 13784.42743809
 13834.51861607 13847.1741889  13795.38875359 13695.86119595
 13720.53121832 13758.48477905 13771.61615815 13697.46353063
 13697.81905345]";2016-10-09 12:00:00;2017-01-01 12:00:00
197;13;ridge_log;0.09007754460161643;58.333333333333336;0.08367869710222987;290.6241992487316;0.0836770986293033;219.1372261442715;[2578.611337, 2499.3041, 2545.598878, 2500.540303, 2527.044577, 2503.189229, 2411.461488, 2501.444862, 2505.991656, 2513.024837, 2387.918838, 2362.321409, 2383.647708];"[2494.43611478 2436.44471071 2448.47723405 2495.72777807 2515.97784079
 2558.22661033 2571.43749018 2675.44608995 2782.75985367 2881.77402058
 2886.81441696 2899.31466997 2901.97529863]";2016-07-24 12:00:00;2016-10-16 12:00:00
225;13;ridge_log;0.49746677100037895;50.0;0.3765490426507024;1454.4067429493646;0.37654344098345305;1271.0328489559697;[2865.2, 2798.5, 2576.4, 2805.7, 2486.0, 2628.3, 2494.4, 2560.8, 2487.5, 2543.0, 2524.4, 2603.3, 2591.2];"[2918.74541674 2999.80067661 3136.15556971 3337.01133048 3578.87172341
 3868.87448643 4168.81653142 4439.00836857 4617.98175488 4672.83253761
 4570.28567144 4294.06711742 3885.67585172]";2016-10-23 12:00:00;2017-01-15 12:00:00
211;13;ridge_log;0.044425190060138044;50.0;0.04589130531506288;292.27972649268435;0.045890871058024224;242.4872051512345;[5267.95, 5265.27, 5245.03, 5243.52, 5259.76, 5525.57, 5482.47, 5467.71, 5472.63, 5482.98, 5451.47, 5437.48, 5448.9];"[5288.84094117 5323.38723006 5255.97498916 5215.8582451  5174.42427235
 5145.72285871 5097.48914255 5067.42408886 5061.51875369 5082.30145949
 5103.23573821 5115.64198165 5146.49295282]";2016-08-28 12:00:00;2016-11-20 12:00:00
179;13;ridge_log;0.025153616617639228;66.66666666666667;0.025630141282275823;221.02307794921037;0.025629960513214287;181.69726457332848;[7157.829, 7156.969, 7098.608, 7132.578, 7175.707, 7190.505, 7173.91, 7204.066, 7267.194, 7262.899, 7224.283, 7214.767, 7249.432];"[7163.32838789 7135.00771078 7093.43099723 7080.74687239 7076.71412486
 7038.76517049 6975.90593037 6941.03844954 6943.98197198 6942.22220682
 6917.29297846 6906.85818579 6942.38834973]";2016-07-10 12:00:00;2016-10-02 12:00:00
197;13;ridge_log;0.0694396362171365;58.333333333333336;0.0679757621137169;206.3027280882393;0.06797444860579743;175.94704792126478;[2590.597112, 2592.819925, 2616.261047, 2622.519145, 2687.452262, 2665.601028, 2609.731286, 2691.104798, 2695.267809, 2610.170358, 2364.384723, 2432.23643, 2500.239269];"[2501.04966229 2428.32999931 2453.18180904 2460.96015095 2488.71831181
 2517.03079073 2543.90029871 2602.42460472 2682.38661961 2760.23284589
 2764.43033031 2783.91791464 2792.38914731]";2016-04-24 12:00:00;2016-07-17 12:00:00
183;13;ridge_log;0.014590510753447035;41.666666666666664;0.014748185659178526;78.91863497280261;0.014748017485573257;64.66745459000643;[4402.6752, 4397.5159, 4391.643, 4386.92, 4407.1034, 4412.5972, 4416.3122, 4413.4835, 4429.2605, 4438.4373, 4438.7194, 4438.2891, 4461.4477];"[4418.26803484 4412.62723244 4402.57520928 4389.88564661 4377.6408795
 4365.54823288 4349.30131476 4337.9394984  4328.45835444 4325.70534269
 4321.51868668 4323.99035845 4329.4727457 ]";2016-01-10 12:00:00;2016-04-03 12:00:00
179;13;ridge_log;0.02171955011102294;41.666666666666664;0.022089854168583303;191.22914929618963;0.02208969551505082;153.7817757861935;[6993.03, 6976.881, 6971.292, 6995.499, 7036.69, 7043.37, 7009.727, 7030.91, 7085.57, 7104.822, 7088.478, 7092.8, 7139.838];"[6991.24742491 6979.18083551 6959.34367524 6950.4910776  6943.14786045
 6916.55042659 6877.51124817 6850.13557634 6843.38341196 6833.71750332
 6812.36986598 6800.78349381 6816.48118593]";2016-04-10 12:00:00;2016-07-03 12:00:00
225;13;ridge_log;0.04004014255512754;100.0;0.04137837440000651;158.40330115867206;0.041377686518277085;125.33172510782403;[3867.7, 3792.0, 3750.2, 3680.0, 3583.7, 3457.9, 3293.6, 3245.6, 3134.3, 3066.8, 2955.5, 2913.4, 2915.5];"[3879.13301987 3854.01278849 3809.76034958 3712.72071846 3571.78209251
 3406.41478316 3223.01954785 3042.42853575 2877.29394112 2775.18483676
 2713.02304306 2710.85541256 2782.71225723]";2016-07-24 12:00:00;2016-10-16 12:00:00
197;13;ridge_log;0.13273016747363695;41.666666666666664;0.12316392263882836;398.2116211164026;0.12316165345142635;335.2239610026;[2499.909367, 2535.511722, 2586.654249, 2603.655868, 2643.902897, 2621.304525, 2619.190076, 2558.661299, 2638.018479, 2586.025118, 2399.879364, 2454.677822, 2508.278091];"[2334.08162099 2298.23842507 2386.27374595 2455.07328878 2553.12119472
 2677.68620593 2786.75736133 2968.74378511 3100.43685206 3176.73403473
 3120.13796206 3088.39743977 2982.20679856]";2016-01-24 12:00:00;2016-04-17 12:00:00
132;13;ridge_log;0.013927699663576617;58.333333333333336;0.014074757523209015;236.57852235031865;0.014074706059663631;192.46649784129224;[13746.444, 13689.477, 13622.711, 13662.473, 13770.744, 13774.31, 13786.086, 13724.608, 13813.543, 13913.53, 13920.51, 13759.023, 13811.382];"[13694.55882721 13722.47798303 13651.21915566 13641.14840944
 13666.15079432 13663.92813928 13589.42706029 13507.35309917
 13519.3943899  13524.24929025 13519.22150874 13451.80908677
 13464.85706138]";2016-07-10 12:00:00;2016-10-02 12:00:00
211;13;ridge_log;0.016112126083724424;50.0;0.016134399171878113;103.54824629493991;0.0161342435182402;83.65105417824557;[5116.71, 5032.18, 5021.24, 5003.95, 5011.86, 5400.33, 5312.24, 5292.83, 5305.6, 5336.19, 5270.84, 5256.03, 5256.6];"[5103.76858898 5124.59849349 5124.06087782 5138.93577823 5156.38602271
 5181.11809048 5197.76534758 5212.51199305 5230.05164993 5250.06010819
 5259.29246659 5254.86874086 5245.22048228]";2016-05-29 12:00:00;2016-08-21 12:00:00
179;13;ridge_log;0.01338687434385586;58.333333333333336;0.013527618526015242;116.92183191401142;0.013527519838359757;92.71483531437389;[6920.059, 6877.158, 6874.303, 6869.147, 6890.78, 6895.508, 6884.315, 6875.443, 6920.7, 6932.698, 6927.318, 6940.036, 6975.612];"[6931.22997209 6915.23978993 6890.33215189 6876.51948578 6864.76110887
 6838.46728374 6804.48503067 6783.63842915 6779.36621013 6771.88639528
 6754.85056086 6747.92776425 6764.38875768]";2016-01-10 12:00:00;2016-04-03 12:00:00
198;13;ridge_log;0.21340595253547892;50.0;0.19022069331339367;183.0276107354321;0.1902098310256267;167.39980644894774;[853.411584, 717.379492, 739.09963, 715.596157, 753.511419, 764.419871, 759.384134, 791.933924, 759.283655, 774.301921, 848.021256, 804.524732, 889.772763];"[ 776.51779015  798.03974189  788.14420871  827.57580438  864.3266127
  933.14906001  959.08886393  996.11723673 1024.89267684 1052.17064083
 1067.52711698 1061.68433337 1043.81634763]";2016-10-23 12:00:00;2017-01-15 12:00:00
225;13;ridge_log;0.21705955817411499;33.333333333333336;0.262213999422521;979.0566435916631;0.26220955047295347;773.6738810520706;[3225.7, 3293.6, 3269.4, 3321.5, 3278.8, 3338.0, 3401.1, 3486.4, 3453.1, 3531.1, 3493.6, 3790.9, 3821.9];"[3090.31406388 3128.81384983 3142.54848961 3125.01430054 3043.22343954
 2919.2983867  2766.88281526 2588.64404473 2403.32152026 2252.01529869
 2131.88861809 2043.81649089 2011.5582283 ]";2016-04-24 12:00:00;2016-07-17 12:00:00
211;13;ridge_log;0.03405845421327966;33.333333333333336;0.03331218195770429;200.73870690734566;0.03331186532969583;175.23789516269713;[5226.1, 5180.38, 5175.76, 5164.43, 5173.69, 5250.54, 5190.57, 5189.66, 5167.64, 5149.3, 5123.69, 5100.72, 5085.9];"[5303.70907847 5312.80165819 5261.41653794 5264.12278919 5284.52104604
 5307.95352572 5311.12632658 5334.55587658 5374.55258243 5415.32281636
 5429.79172035 5425.94717351 5430.65150576]";2016-02-28 12:00:00;2016-05-22 12:00:00
184;13;ridge_log;0.015894533402567003;75.0;0.016076014058943093;78.29076190099043;0.01607581717667818;65.6321829070562;[4072.7233, 4076.188, 4069.913, 4070.042, 4094.539, 4108.687, 4119.744, 4116.913, 4129.048, 4145.197, 4147.169, 4139.36, 4147.867];"[4073.85223977 4074.07084801 4055.37823779 4048.29766428 4054.64071006
 4051.76019465 4037.67303764 4022.780929   4029.5691449  4035.82774098
 4037.7827904  4029.40383056 4035.39243372]";2016-10-09 12:00:00;2017-01-01 12:00:00
198;13;ridge_log;0.05865017948455468;50.0;0.05711632898460243;60.435163144786515;0.05711309898574787;50.62589452828924;[951.203249, 926.184291, 921.42787, 921.430811, 842.732035, 964.906209, 826.278527, 903.392657, 830.731117, 968.84495, 885.948016, 815.02624, 773.211439];"[994.42073993 970.76010649 938.6191661  918.83369524 926.53460229
 896.13782457 900.45558013 897.90522493 889.59919989 891.27554376
 879.86394959 879.81639327 884.21920386]";2016-07-24 12:00:00;2016-10-16 12:00:00
132;13;ridge_log;0.014328131300502476;66.66666666666667;0.014482669889723274;238.2028437987192;0.014482616105986076;194.99214979555697;[13529.502, 13579.08, 13461.679, 13440.373, 13522.734, 13544.049, 13480.044, 13501.836, 13624.36, 13674.106, 13691.483, 13584.285, 13648.901];"[13477.16769788 13478.62097411 13444.02339622 13417.34138221
 13422.13822291 13392.02824574 13359.44048313 13314.85004484
 13324.1978738  13305.35458214 13289.66257928 13254.46513666
 13268.24343373]";2016-04-10 12:00:00;2016-07-03 12:00:00
240;13;ridge_log;0.14018444793072773;50.0;0.12876526865974045;224.61970525517177;0.12876067121551013;183.39620446583783;[1040.84, 1015.0, 1098.25, 1031.9, 1168.21, 1271.09, 1311.2, 1252.43, 1363.56, 1496.95, 1592.62, 1614.64, 1511.61];"[ 998.60194697 1045.2187791  1120.20758983 1204.87657746 1326.92060361
 1442.53624498 1586.51620181 1689.7851097  1773.55011364 1770.94203676
 1704.97179611 1534.25297975 1314.39946822]";2016-10-30 12:00:00;2017-01-22 12:00:00
212;13;ridge_log;0.06922667999583364;58.333333333333336;0.07287675674541617;297.19428082403516;0.07287567107344424;244.75734406164187;[3232.2, 3400.7, 3606.0, 3686.4, 3553.5, 3071.9, 3189.4, 3471.8, 3135.3, 3578.1, 3467.9, 3637.1, 3466.0];"[3271.33109846 3337.26804328 3326.53131357 3240.65722876 3173.9231855
 3104.23461884 3111.4123339  3101.27437462 3082.23638827 3085.33146129
 3124.71439019 3209.93111335 3288.54041178]";2016-11-27 12:00:00;2017-02-19 12:00:00
225;13;ridge_log;0.07111640419778593;33.333333333333336;0.07063235214123421;229.7341063309568;0.07063107779302073;195.76905501890923;[2790.8, 2727.0, 2738.3, 2672.6, 2705.0, 2643.9, 2650.4, 2623.0, 2613.8, 2628.1, 2667.0, 2894.0, 3069.3];"[2762.51225387 2802.95517916 2830.92377958 2870.38867396 2897.77034625
 2915.3580578  2890.64965705 2875.41187287 2845.27975834 2788.24250717
 2708.31678953 2635.05815682 2567.72849577]";2016-01-24 12:00:00;2016-04-17 12:00:00
198;13;ridge_log;0.13146091319189007;58.333333333333336;0.14389138644061744;143.7719577165514;0.14388310176886548;125.07242042619829;[864.102726, 867.774625, 902.572706, 984.921389, 993.710029, 966.027119, 951.114425, 797.508482, 948.651969, 932.114548, 898.018792, 966.422451, 969.609072];"[873.6659129  859.0987826  839.11656987 836.06534292 827.02968477
 817.6526992  806.34016303 780.25151832 770.63566257 755.36731045
 750.79288637 753.53266368 766.18404458]";2016-04-24 12:00:00;2016-07-17 12:00:00
212;13;ridge_log;0.06805929789856952;66.66666666666667;0.07028696397029369;272.28960639381194;0.07028588047673708;228.24115489331345;[3261.9, 3052.7, 3041.9, 2987.1, 2960.9, 3390.4, 3249.4, 3332.3, 3527.6, 3614.8, 3612.7, 3237.8, 3246.8];"[3214.60027235 3197.42487568 3190.41893784 3205.25946858 3149.08776195
 3092.85654254 3063.32733623 3081.37035861 3112.29919839 3118.69177515
 3138.45300323 3165.87953385 3218.6780101 ]";2016-08-28 12:00:00;2016-11-20 12:00:00
132;13;ridge_log;0.010791743583035427;75.0;0.010881067372759682;178.56278192370726;0.010881026410695773;144.5207566488943;[13296.7, 13298.218, 13280.08, 13236.85, 13318.317, 13353.772, 13355.281, 13324.888, 13405.601, 13408.074, 13405.2, 13394.396, 13463.252];"[13310.49637441 13314.23835894 13257.01240352 13231.82123041
 13231.31932472 13238.01148572 13197.5601095  13161.92304609
 13153.72932152 13171.32388285 13165.26951629 13143.40260817
 13145.38496813]";2016-01-10 12:00:00;2016-04-03 12:00:00
184;13;ridge_log;0.019251035810435864;50.0;0.019520410622392365;93.63371296675196;0.019520166875997374;78.16397923401753;[4016.6935, 4015.2422, 4005.9083, 4016.6839, 4047.982, 4050.6054, 4050.1939, 4044.5711, 4072.6377, 4084.2359, 4076.7462, 4045.0805, 4061.7899];"[4005.85095156 4011.4413525  3998.14938845 3996.25731362 3990.91638907
 3981.46164271 3962.37635729 3947.9484895  3944.90864043 3939.19144863
 3935.27018844 3926.33768093 3932.12892682]";2016-07-10 12:00:00;2016-10-02 12:00:00
240;13;ridge_log;0.025612128911540452;75.0;0.025067305550079043;38.11425421477148;0.025066204045430602;28.93892372485046;[1394.76, 1340.72, 1393.25, 1320.89, 1323.76, 1160.39, 1141.07, 1030.08, 1044.97, 985.39, 1023.58, 1029.39, 998.89];"[1428.44345344 1392.71355572 1401.45242753 1316.9770277  1291.23906502
 1198.81646604 1160.35723193 1084.23913975 1051.76192071 1012.4750547
 1014.93945469 1028.82964908 1089.83195508]";2016-07-31 12:00:00;2016-10-23 12:00:00
198;13;ridge_log;0.3505382064139398;58.333333333333336;0.28038683351282934;348.13728419217875;0.2803731668116377;289.31120245262434;[795.982959, 810.422211, 806.917687, 824.8836, 821.599125, 831.757428, 737.810443, 784.441857, 857.407107, 842.820017, 896.929609, 853.853009, 871.580619];"[ 789.27355545  830.34453711  875.26979254  935.10058921 1012.57176971
 1127.87078213 1228.66664207 1324.4851699  1374.14813072 1373.54539966
 1322.66384633 1214.38837512 1075.70390584]";2016-01-24 12:00:00;2016-04-17 12:00:00
226;13;ridge_log;0.10447835102094673;58.333333333333336;0.09684632111961822;216.10420415778688;0.09684353735153356;170.46535904067844;[1365.7, 1392.9, 1389.1, 1439.9, 1431.2, 1665.4, 1561.1, 1606.1, 1570.6, 1804.3, 1935.1, 1801.3, 1744.1];"[1296.22442643 1336.49414609 1377.26376028 1472.73106321 1576.67283242
 1691.27181085 1810.96836587 1936.16944173 2039.02927258 2099.61071939
 2096.44739642 2029.90472539 1884.62637246]";2016-10-23 12:00:00;2017-01-15 12:00:00
212;13;ridge_log;0.051264945687249035;50.0;0.05288232775832516;202.57683386025326;0.052881498031932615;168.60790909878673;[3043.4, 3011.2, 3026.3, 3108.1, 3007.8, 3317.4, 3470.8, 3393.0, 3058.5, 3315.7, 3289.6, 3356.7, 3215.0];"[3133.91587817 3116.01722671 3084.30982414 3112.78309298 3123.12304817
 3143.17350248 3125.14958583 3079.94453351 3059.51191846 3055.81967745
 3066.07163431 3048.29840677 3022.20083001]";2016-05-29 12:00:00;2016-08-21 12:00:00
199;13;ridge_log;0.17927413880015497;41.666666666666664;0.1515225940086886;380.45272462489146;0.15151839394229086;274.9239614691511;[1847.36095, 1741.76012, 1857.16426, 1737.89313, 1834.76119, 1945.47024, 1795.47817, 1859.5506, 1993.599, 1853.21632, 1763.33719, 1134.09872, 1700.70876];"[1612.66872943 1615.1512272  1611.5950923  1676.90598986 1751.56194622
 1805.74296417 1910.17394142 1998.31542334 2106.98432851 2216.88236782
 2218.98220357 2210.01246338 2121.86559024]";2016-10-23 12:00:00;2017-01-15 12:00:00
240;13;ridge_log;0.5748803926506348;75.0;0.39562894886849065;1012.785999580378;0.3956186435233132;780.3739276398293;[1259.6, 1244.19, 1293.15, 1250.25, 1224.48, 1207.11, 1260.93, 1327.3, 1363.73, 1373.47, 1394.65, 1449.04, 1363.89];"[1260.14983083 1258.53730739 1315.72230347 1377.70640742 1527.24621869
 1690.58205274 1953.90834012 2227.58960912 2572.24975044 2857.77267087
 3088.08911729 3104.08641784 2923.01103309]";2016-05-01 12:00:00;2016-07-24 12:00:00
184;13;ridge_log;0.015325372611961806;50.0;0.015511400273017074;76.42906928754591;0.015511203114205473;61.01708535027623;[3957.21, 3959.9674, 3940.7454, 3922.4813, 3945.028, 3951.7343, 3947.7762, 3964.6016, 3985.3101, 3992.2338, 3995.8347, 3979.0131, 4004.6078];"[3943.40253455 3944.9414307  3933.00849042 3927.76756752 3923.20643031
 3914.55124906 3901.15448119 3890.0231327  3886.6818994  3881.08560374
 3875.84267426 3868.92517018 3873.30346146]";2016-04-10 12:00:00;2016-07-03 12:00:00
212;13;ridge_log;0.1186130495581465;33.333333333333336;0.10958428250052513;414.7365434224032;0.10958258869295917;354.7617022682862;[3151.5, 3256.2, 3216.5, 2953.0, 2788.1, 2919.4, 3045.0, 3166.6, 3189.3, 3231.8, 2895.9, 2966.2, 3089.5];"[3188.0715375  3272.59422101 3365.70317362 3426.53111735 3483.54635836
 3562.39717481 3599.58888342 3594.62018969 3546.47526588 3477.74781373
 3409.74621032 3324.67099076 3229.20919304]";2016-02-28 12:00:00;2016-05-22 12:00:00
199;13;ridge_log;0.30217862161135145;50.0;0.23667624780823177;739.0352380841301;0.23667104419002788;545.1792818877856;[1897.69608, 1584.98035, 1652.2589, 1834.77228, 1948.02891, 1823.45816, 1873.35766, 2011.05074, 2209.20504, 2082.49019, 2032.51398, 1600.65707, 1668.88688];"[1942.67511834 1882.49265904 1856.92393439 1873.28378096 1975.47014499
 2154.65764291 2283.13074203 2407.48694508 2647.62243538 2915.83938517
 3092.9299172  3156.62197629 3117.55222276]";2016-07-24 12:00:00;2016-10-16 12:00:00
133;13;ridge_log;0.011980763766989627;91.66666666666667;0.012091786279171807;181.68116746530876;0.012091736381716749;146.51251804649726;[12132.819, 12188.302, 12057.06, 12039.798, 12138.491, 12181.638, 12230.64, 12151.594, 12222.102, 12245.022, 12316.353, 12215.006, 12262.678];"[12139.9622708  12154.41662571 12076.82295299 12026.99130347
 12080.71308678 12095.17749674 12046.4449198  11948.99071373
 11979.55202994 12020.33041421 12035.0611957  11962.13126481
 11964.05843829]";2016-10-09 12:00:00;2017-01-01 12:00:00
213;13;ridge_log;0.042735516076089136;33.333333333333336;0.04396146000010578;98.13287530661906;0.043960258814698845;80.47291274776754;[1824.5, 1743.9, 1794.0, 1809.4, 1827.3, 1908.2, 1847.0, 1751.8, 1898.1, 1880.5, 1978.2, 1886.8, 1902.4];"[1826.12367343 1822.57814989 1800.15841263 1776.18057093 1746.06356253
 1732.88466807 1739.57650933 1753.34048399 1773.79458215 1789.68238837
 1803.23522518 1807.27255566 1811.06279201]";2016-11-27 12:00:00;2017-02-19 12:00:00
199;13;ridge_log;0.26741875768934037;50.0;0.31571356663301303;757.8881440324687;0.31570602954526633;670.5216689681006;[1775.67742, 2065.62848, 2228.21065, 2344.43537, 2271.2751, 2337.75038, 2325.64038, 2161.94486, 2488.88887, 3329.36833, 3116.14537, 2397.1066, 2023.86621];"[1638.0062128  1607.50240504 1573.22718449 1618.8766334  1640.75411375
 1656.27952263 1684.76305495 1728.49700247 1844.21088944 1836.68974681
 1806.93366175 1780.9522457  1732.46365018]";2016-04-24 12:00:00;2016-07-17 12:00:00
240;13;ridge_log;0.3090174129199928;50.0;0.3891575141902666;543.3574682843215;0.38914140918930856;478.79909447408346;[1853.38, 1780.48, 1830.05, 1742.17, 1808.71, 1668.74, 1670.38, 1529.55, 1528.06, 1451.99, 1408.43, 1360.4, 1274.96];"[1849.26753387 1684.14064767 1622.1455916  1378.9595643  1267.05797518
 1056.54190197  936.79934928  802.43330979  750.15052852  713.15739013
  748.33303126  834.78246774 1039.14248055]";2016-01-31 12:00:00;2016-04-24 12:00:00
213;13;ridge_log;0.03643523896950694;50.0;0.035832547149826165;78.05564509422283;0.03583156080182726;65.13824918942083;[1722.4, 1734.8, 1720.3, 1698.7, 1775.7, 1957.2, 1895.7, 1815.7, 1846.0, 1794.1, 1756.7, 1713.0, 1831.4];"[1733.56036941 1744.97699095 1769.9119045  1788.84846911 1811.1375511
 1836.22910973 1860.87959816 1884.8548192  1894.371428   1894.99417832
 1878.47108808 1850.36994135 1814.49079269]";2016-08-28 12:00:00;2016-11-20 12:00:00
226;13;ridge_log;0.1367751526431448;66.66666666666667;0.12023492249733;259.93963220605747;0.1202310015681473;184.64413021897573;[1817.3, 1747.7, 1704.8, 1640.4, 1607.5, 1537.1, 1426.2, 1432.7, 1386.3, 1340.8, 1293.8, 1271.0, 1327.6];"[1775.03678869 1692.38546639 1661.51363919 1631.60604729 1606.70804351
 1579.83068032 1565.7598151  1566.18434778 1586.05705136 1625.80700176
 1695.00282636 1772.34008393 1874.44187131]";2016-07-24 12:00:00;2016-10-16 12:00:00
184;13;ridge_log;0.014268600707242285;50.0;0.014422463507004686;68.86319225837319;0.014422277408482011;55.88583264758465;[3894.1372, 3887.9732, 3881.56, 3872.9023, 3892.0551, 3899.6273, 3902.0081, 3898.3142, 3913.5748, 3923.5607, 3922.4491, 3919.7743, 3942.4811];"[3907.44689542 3900.9190396  3889.87631159 3876.76841879 3869.62977169
 3861.04425089 3845.84521296 3834.63923747 3826.14818228 3825.81371867
 3820.02799065 3820.21457095 3822.40390541]";2016-01-10 12:00:00;2016-04-03 12:00:00
199;13;ridge_log;0.30671914050347904;58.333333333333336;0.2526475998489309;639.8988585038023;0.2526412316261198;515.4343759092425;[1366.07254, 1460.25998, 1673.16787, 1945.88388, 1883.2231, 1913.85999, 1681.72392, 1854.85472, 1830.62858, 1844.7314, 1366.96743, 1353.12068, 1625.71722];"[1264.69407902 1358.35388391 1528.47655205 1813.69101658 2099.15558303
 2448.7242299  2701.00602282 2852.02157656 2922.97727475 2655.13278981
 2258.05484115 1818.18083451 1431.38240414]";2016-01-24 12:00:00;2016-04-17 12:00:00
185;13;ridge_log;0.012258161235551764;33.333333333333336;0.012362932460130243;29.26092934159565;0.012362581754568058;21.790443403513056;[1748.375, 1751.22, 1751.02, 1745.18, 1741.27, 1748.73, 1765.75, 1777.61, 1775.46, 1783.09, 1789.27, 1794.1, 1794.38];"[1740.12140496 1742.24555995 1747.31757239 1756.14526355 1765.46055417
 1770.74948263 1772.77640701 1772.18370579 1767.22218    1760.19356233
 1750.29716643 1738.7757363  1727.09405496]";2016-10-09 12:00:00;2017-01-01 12:00:00
213;13;ridge_log;0.18571014322970347;50.0;0.16459880950297112;383.24630392095133;0.1645946505030757;326.02760561930484;[1836.7, 1863.8, 1877.8, 1775.9, 1828.7, 1832.4, 1842.9, 1789.3, 1728.6, 1750.5, 1660.2, 1712.6, 1718.9];"[1816.13155712 1851.25583761 1911.15129167 1988.48442855 2079.8577152
 2176.87536945 2259.721419   2311.58338791 2322.48895225 2292.51327501
 2225.66713103 2131.27637428 2023.42692342]";2016-05-29 12:00:00;2016-08-21 12:00:00
185;13;ridge_log;0.06478733390090584;50.0;0.062113773451850623;130.15247054657303;0.06211206292847034;112.78436023045084;[1768.174, 1770.591, 1757.275, 1753.22, 1736.378, 1732.672, 1736.008, 1742.481, 1739.814, 1743.54, 1740.863, 1742.022, 1740.354];"[1770.72698507 1778.05590531 1787.32351683 1806.84487409 1833.78869436
 1855.12133789 1880.99611814 1905.35780072 1921.5512894  1927.30097917
 1920.48121737 1905.69756575 1876.34239888]";2016-07-10 12:00:00;2016-10-02 12:00:00
185;13;ridge_log;0.033825908794907725;41.666666666666664;0.03316525915512864;67.04071997520616;0.03316436730907875;61.67353140983851;[1857.947, 1846.139, 1828.988, 1836.54, 1834.142, 1832.204, 1828.199, 1829.807, 1817.7, 1810.867, 1799.969, 1801.877, 1771.81];"[1869.15991441 1879.66415677 1891.15807976 1902.7634908  1914.71864017
 1921.91822821 1923.59433335 1918.47768168 1903.55369793 1881.53763326
 1855.9027812  1829.6474045  1805.84886629]";2016-04-10 12:00:00;2016-07-03 12:00:00
241;13;ridge_log;0.09317594370433684;58.333333333333336;0.08867541105794603;202.01443988562394;0.08867285589309627;155.40179970413513;[1475.3, 1468.6, 1494.2, 1447.2, 1643.9, 1534.3, 1587.3, 1580.3, 1927.1, 2321.8, 1935.5, 1728.8, 1741.4];"[1485.01563762 1513.57490101 1609.16084353 1691.4960922  1760.54948127
 1813.31268155 1883.24205891 1930.25584599 1941.42520552 1944.77907644
 1898.66695934 1819.20836063 1695.27167631]";2016-10-30 12:00:00;2017-01-22 12:00:00
133;13;ridge_log;0.014060791012539367;66.66666666666667;0.014208630139796095;207.1747417532346;0.01420857066394063;169.72199883299743;[12010.856, 11950.022, 11882.446, 11921.493, 12033.255, 12031.969, 12042.794, 11976.257, 12069.177, 12165.296, 12168.63, 12003.423, 12056.073];"[11951.08070022 11979.23882818 11903.41079592 11902.48363586
 11935.88535633 11935.01717673 11862.08628581 11782.85642955
 11809.72849908 11817.61636364 11816.54463422 11744.73477361
 11764.98478424]";2016-07-10 12:00:00;2016-10-02 12:00:00
200;13;ridge_log;0.3547471722002143;33.333333333333336;0.28356593638127375;841.785411227655;0.28356016821830926;700.122346512164;[1967.0, 2006.0, 2007.0, 1992.0, 1974.0, 1963.0, 1958.0, 1941.0, 1986.0, 1972.0, 1970.0, 1973.0, 2025.0];"[1893.77106847 1956.99390601 2058.23200208 2206.36991001 2396.87965748
 2596.687887   2816.67259871 3030.31237495 3180.27309671 3258.96109858
 3235.49196395 3098.29141123 2862.18347842]";2016-10-23 12:00:00;2017-01-15 12:00:00
213;13;ridge_log;0.06884639906188339;58.333333333333336;0.06600466219451426;153.52777227193766;0.06600296816813361;128.89325914078785;[2164.5, 2178.0, 2210.9, 2144.6, 2184.6, 2094.2, 1943.2, 1848.3, 1820.2, 1795.6, 1751.5, 1762.7, 1801.0];"[2135.66376332 2125.03896256 2113.7996816  2095.26687501 2069.05080533
 2037.71947768 2000.03717579 1970.87127475 1957.38579247 1964.96532069
 1990.61869435 2033.21301701 2080.76065926]";2016-02-28 12:00:00;2016-05-22 12:00:00
185;13;ridge_log;0.019591540531403433;75.0;0.01983392215347188;44.12842368786495;0.019833382779006793;36.47731191962633;[1919.889, 1914.365, 1890.092, 1880.902, 1872.352, 1856.579, 1848.858, 1844.722, 1845.492, 1853.433, 1859.766, 1863.772, 1865.78];"[1927.84459895 1931.33187576 1921.79408406 1904.37694793 1885.12281188
 1857.89720171 1825.16401541 1797.23436003 1781.84981945 1777.16247243
 1783.02274609 1803.17338337 1834.19966855]";2016-01-10 12:00:00;2016-04-03 12:00:00
226;13;ridge_log;0.27959519964671087;58.333333333333336;0.22541203959844106;672.1147604278573;0.22540696818811798;504.82610735071273;[1631.0, 1633.7, 1621.9, 1654.0, 1746.7, 1749.9, 1882.1, 1858.8, 1856.8, 1793.0, 1751.7, 1864.5, 1783.3];"[1578.59472841 1611.39370461 1641.31166882 1721.07067912 1856.85322892
 2019.22769429 2208.3450996  2420.25248423 2645.66113246 2818.13983076
 2937.95675224 2947.56074339 2834.34851476]";2016-04-24 12:00:00;2016-07-17 12:00:00
200;13;ridge_log;0.19864198702322058;41.666666666666664;0.17382151608418253;510.4762848313616;0.17381804207332816;435.7919303571422;[2630.0, 2572.0, 2602.0, 2583.0, 2471.0, 2463.0, 2393.0, 2340.0, 2266.0, 2176.0, 2121.0, 2021.0, 1895.0];"[2656.05231654 2678.46283229 2710.98149689 2744.74440139 2789.89674877
 2817.52950455 2858.61464941 2867.11035588 2874.06226471 2857.55426583
 2827.95650175 2784.83675143 2730.49300521]";2016-07-24 12:00:00;2016-10-16 12:00:00
214;13;ridge_log;0.035617141650577375;33.333333333333336;0.03646567367610229;100.37271827482972;0.03646491494502365;87.62978444448194;[2366.43, 2369.53, 2390.59, 2419.53, 2406.42, 2491.02, 2478.39, 2482.26, 2470.39, 2449.71, 2447.86, 2447.49, 2469.36];"[2368.73095257 2368.36105548 2358.64058328 2350.38058134 2347.47562993
 2339.44279162 2341.30119002 2345.50107917 2348.57295364 2349.29557276
 2348.21247501 2345.28049176 2343.1993508 ]";2016-11-27 12:00:00;2017-02-19 12:00:00
186;13;ridge_log;0.12494986270495834;41.666666666666664;0.11443234669382425;142.54488827094875;0.11442672646909441;116.57063816270868;[942.8, 948.4, 944.3, 940.1, 945.4, 960.0, 936.4, 939.7, 939.3, 934.4, 920.4, 913.7, 937.7];"[ 917.36545673  923.86985608  934.11874297  961.95391447  992.52611426
 1030.43866577 1069.68955058 1105.81393139 1135.59012054 1149.03924739
 1150.13962057 1131.50222594 1095.67896098]";2016-10-23 12:00:00;2017-01-15 12:00:00
200;13;ridge_log;0.01844475546741756;66.66666666666667;0.01867531154290849;59.43313628383283;0.018674969077222006;50.935268575112474;[2828.0, 2836.0, 2781.0, 2793.0, 2761.0, 2730.0, 2718.0, 2660.0, 2684.0, 2647.0, 2688.0, 2629.0, 2656.0];"[2735.76231979 2732.81308123 2721.04775816 2707.44894754 2694.771275
 2671.00547986 2667.77088693 2643.03898541 2640.11275041 2632.53792241
 2634.14707427 2637.87332607 2648.25835357]";2016-04-24 12:00:00;2016-07-17 12:00:00
241;13;ridge_log;0.06643638088401208;66.66666666666667;0.06981149770314574;124.13841145370954;0.06980906469259517;100.9458483177623;[1811.3, 1804.6, 1754.6, 1682.6, 1636.2, 1601.3, 1556.5, 1486.8, 1472.4, 1408.7, 1434.9, 1520.2, 1478.5];"[1829.02493715 1877.87496866 1829.39348243 1705.86282089 1633.53089575
 1551.28037009 1479.54562026 1369.77506643 1333.10881527 1289.8461249
 1265.32937971 1254.71344891 1295.13045966]";2016-07-31 12:00:00;2016-10-23 12:00:00
133;13;ridge_log;0.015212918770124288;58.333333333333336;0.015386025947106126;220.04486528158603;0.0153859604596913;180.7453389958236;[11824.037, 11870.043, 11750.106, 11733.673, 11814.021, 11821.576, 11756.967, 11774.631, 11905.854, 11948.035, 11958.905, 11831.503, 11911.418];"[11768.62136978 11767.48394454 11734.53859393 11710.27200285
 11717.68945546 11684.57002122 11650.73208202 11604.68923155
 11616.26747368 11597.7602717  11582.80039922 11550.44361637
 11565.21113073]";2016-04-10 12:00:00;2016-07-03 12:00:00
186;13;ridge_log;0.10954431163401196;41.666666666666664;0.10144085394683092;127.641463573147;0.10143601527584073;106.35037067227101;[1049.8, 1032.7, 1033.0, 1033.9, 1019.2, 1016.2, 993.3, 993.9, 985.3, 978.9, 962.1, 929.6, 923.8];"[1046.34119099 1048.08947157 1054.83053969 1068.38421732 1080.94774349
 1096.40321867 1115.125588   1130.7948631  1141.55356072 1145.55621003
 1145.57252826 1135.76864057 1117.96942832]";2016-07-24 12:00:00;2016-10-16 12:00:00
214;13;ridge_log;0.04029133842612372;58.333333333333336;0.04132848257095796;105.87203405831237;0.04132758263318205;94.90062579958902;[2328.12, 2339.57, 2342.97, 2349.62, 2372.69, 2373.54, 2358.44, 2351.94, 2352.89, 2331.34, 2346.85, 2361.02, 2363.68];"[2309.68243587 2325.61691929 2320.84278379 2296.0033307  2273.15202989
 2251.75660987 2238.8770798  2221.65341609 2217.19163998 2210.58912209
 2216.81230111 2224.4547427  2232.32945343]";2016-08-28 12:00:00;2016-11-20 12:00:00
200;13;ridge_log;0.01553695519232997;50.0;0.015513808434334416;48.223384302942506;0.015513520815543923;41.8442844156877;[2642.0, 2716.0, 2661.0, 2656.0, 2684.0, 2673.0, 2702.0, 2690.0, 2719.0, 2676.0, 2720.0, 2669.0, 2737.0];"[2613.57485509 2624.15584381 2633.10898768 2666.31042748 2673.59723816
 2706.09259387 2732.72824514 2748.98732442 2760.82072745 2759.20850744
 2746.13972268 2717.59277651 2684.46770285]";2016-01-24 12:00:00;2016-04-17 12:00:00
226;13;ridge_log;0.07411560784442789;66.66666666666667;0.0736720268159648;152.86059024137074;0.07367000658970355;135.4063674680731;[2313.9, 2201.2, 2132.5, 2068.2, 2042.3, 2001.0, 1895.7, 1837.8, 1763.2, 1824.9, 1624.8, 1580.7, 1596.8];"[2235.5793149  2285.80445142 2234.0793445  2037.74093717 1905.70435144
 1815.43606625 1751.71359142 1679.8752399  1653.5006364  1651.27089364
 1679.51048781 1766.44243472 1914.26708976]";2016-01-24 12:00:00;2016-04-17 12:00:00
186;13;ridge_log;0.03491095042780931;50.0;0.035630149211302795;41.46345618101285;0.03562847666070991;37.95355928104571;[1096.4, 1105.0, 1093.9, 1100.7, 1101.0, 1097.4, 1075.6, 1070.1, 1077.2, 1070.5, 1055.7, 1045.4, 1050.8];"[1063.32323474 1057.67073328 1053.7589285  1049.15275041 1041.93396279
 1033.94251803 1031.37090295 1030.23743437 1031.85364437 1035.48282595
 1044.95083999 1054.89710103 1064.87694502]";2016-04-24 12:00:00;2016-07-17 12:00:00
241;13;ridge_log;0.117709315162696;91.66666666666667;0.10890690147470704;237.32508417206424;0.10890389547107758;199.09189119937267;[1404.6, 1407.8, 1453.4, 1486.8, 1515.2, 1615.8, 1685.2, 1626.2, 1684.8, 1754.9, 2006.5, 1833.5, 1791.5];"[1424.46551262 1465.23839518 1515.02306542 1567.56577069 1655.46267548
 1763.87065908 1878.31515799 1992.60071275 2090.15519281 2154.49733975
 2165.8121333  2132.79764659 2048.59032394]";2016-05-01 12:00:00;2016-07-24 12:00:00
214;13;ridge_log;0.011600606694989633;33.333333333333336;0.011706461855248875;33.71818652174729;0.011706204272734302;26.604564918688084;[2222.07, 2237.14, 2234.27, 2214.11, 2230.67, 2313.12, 2301.17, 2282.88, 2310.01, 2301.35, 2311.83, 2300.6, 2316.27];"[2221.28672352 2205.80655106 2206.03359587 2216.86226558 2237.55304416
 2261.32043229 2282.79700273 2294.03098357 2289.78978812 2286.05158429
 2271.46766009 2256.8758649  2241.32774648]";2016-05-29 12:00:00;2016-08-21 12:00:00
201;13;ridge_log;0.23762534434166094;58.333333333333336;0.2029234323385348;1197.2445004990466;0.20292135092501623;991.1944613555459;[4203.0, 4253.0, 4204.0, 4217.0, 4166.0, 4203.0, 4106.0, 4133.0, 4145.0, 4147.0, 4222.0, 4175.0, 4252.0];"[4115.14062634 4200.91758978 4287.72642333 4499.46144776 4748.45116479
 5070.02957583 5379.46831071 5657.36799678 5890.05094802 5999.18740431
 5972.89282964 5771.76264274 5439.18746983]";2016-10-23 12:00:00;2017-01-15 12:00:00
186;13;ridge_log;0.017851582920059467;83.33333333333333;0.018007436219928268;21.52614056403476;0.01800657279643288;18.78399817640775;[1016.7, 1041.3, 1041.9, 1047.3, 1059.5, 1064.5, 1067.7, 1062.0, 1071.7, 1068.0, 1056.5, 1051.1, 1064.9];"[1000.13750696 1001.67526949 1012.26077586 1026.45517703 1034.72255777
 1050.79829762 1063.87530613 1078.10385327 1081.5346419  1081.48535866
 1073.21326572 1055.32152809 1030.04178048]";2016-01-24 12:00:00;2016-04-17 12:00:00
214;13;ridge_log;0.009477803427905277;50.0;0.009562511659860252;29.311314540899307;0.009562296672275785;21.271564516749095;[2276.27, 2272.27, 2272.68, 2281.96, 2295.19, 2200.95, 2186.46, 2180.33, 2173.61, 2193.67, 2211.44, 2217.5, 2207.89];"[2268.81077085 2270.88937959 2262.55424571 2242.81086308 2216.67115858
 2190.60918314 2175.51243941 2167.99807653 2169.10990554 2171.13533016
 2176.82956294 2184.93074668 2195.82799909]";2016-02-28 12:00:00;2016-05-22 12:00:00
133;13;ridge_log;0.01104959723197904;75.0;0.011145641387229711;161.50806232647543;0.011145593285649121;129.1278604434052;[11606.894, 11599.632, 11581.59, 11532.044, 11606.028, 11640.293, 11637.035, 11612.232, 11708.44, 11702.617, 11701.273, 11690.797, 11751.941];"[11611.55240722 11614.32567536 11553.26758327 11531.80031704
 11533.30401238 11544.05595855 11504.8755998  11472.52991586
 11469.04949988 11487.79270361 11483.0522657  11459.95310067
 11465.29894006]";2016-01-10 12:00:00;2016-04-03 12:00:00
187;13;ridge_log;0.10793870367894587;66.66666666666667;0.10055041875754664;276.7903469420642;0.10054828520744782;237.0137392891773;[2235.0, 2247.0, 2197.0, 2225.0, 2192.0, 2240.0, 2149.0, 2191.0, 2159.0, 2176.0, 2252.0, 2201.0, 2227.0];"[2246.27162367 2280.40076524 2255.60687713 2309.86487973 2373.62419857
 2459.22663962 2499.19057862 2527.55052229 2578.43783485 2596.4638289
 2596.97994063 2549.12087807 2499.44004344]";2016-10-23 12:00:00;2017-01-15 12:00:00
134;13;ridge_log;0.05647637007755139;33.333333333333336;0.05885545641324033;429.8354985584754;0.05885497420634856;359.21276066895916;[6190.89, 6166.87, 6248.29, 6256.87, 6346.31, 6377.59, 6382.05, 6333.99, 6350.53, 6326.36, 6362.01, 6363.97, 6432.69];"[6211.95974703 6204.98726517 6187.44895295 6150.91764465 6108.4407324
 6046.85894128 5974.30885247 5902.42087548 5836.28189652 5779.22126101
 5736.65695591 5717.74245721 5729.78255362]";2016-10-09 12:00:00;2017-01-01 12:00:00
227;13;ridge_log;0.04604779273857166;41.666666666666664;0.04529441017980577;466.57495475557147;0.045294149177373226;393.3636371514301;[8171.0, 8157.0, 8180.0, 8378.0, 8086.0, 8624.0, 8408.0, 8643.0, 8586.0, 8856.0, 8908.0, 9137.0, 8873.0];"[7930.42980802 8079.77489348 8329.78741804 8540.97836146 8828.70128375
 9015.02224627 9210.86613482 9206.73562625 9174.95622521 9090.83919676
 8933.30989435 8619.77764621 8256.48675623]";2016-10-23 12:00:00;2017-01-15 12:00:00
134;13;ridge_log;0.010553480945703528;41.666666666666664;0.010630787485856157;76.61883811835423;0.01063069889241148;63.78978177059917;[5944.91, 6026.29, 6015.1, 6024.54, 6008.37, 5980.77, 5980.59, 6004.23, 5997.06, 6004.64, 6093.93, 6133.68, 6191.28];"[5901.36495328 5895.57452235 5897.64622183 5904.23789912 5918.43287753
 5939.6436204  5962.96323543 5987.15988362 6013.42132172 6042.26873446
 6066.48784972 6078.53716938 6076.36466052]";2016-07-10 12:00:00;2016-10-02 12:00:00
241;13;ridge_log;0.08623099660297447;83.33333333333333;0.08080471327887631;193.15320334747415;0.08080245448180669;147.16459104635283;[1901.6, 1859.4, 1788.4, 1741.6, 1703.1, 1624.1, 1592.3, 1543.9, 1511.2, 1500.3, 1454.0, 1402.9, 1387.5];"[2324.51071267 2207.34125552 2068.52627923 1884.29476686 1842.3500839
 1754.48030856 1631.58625051 1622.77186729 1547.23947775 1503.78755949
 1423.51066323 1480.67846887 1571.3833162 ]";2016-01-31 12:00:00;2016-04-24 12:00:00
134;13;ridge_log;0.012239267056632556;33.333333333333336;0.01216207198356403;90.16943722676085;0.012161970146403366;72.6249493199124;[5900.69, 5975.04, 5927.6, 5948.82, 5977.81, 5967.95, 5995.2, 5983.34, 5981.4, 5951.3, 5909.94, 5901.63, 5906.31];"[5880.22482806 5882.07151628 5895.50239604 5901.81857648 5913.99245007
 5942.42996678 5978.09015033 6006.6162975  6028.07074725 6049.11768965
 6065.16272789 6069.91862057 6060.17814234]";2016-04-10 12:00:00;2016-07-03 12:00:00
201;13;ridge_log;0.18792571443395387;50.0;0.16580629344362083;1001.5548135463664;0.16580467266481608;848.8096805354196;[5126.0, 5071.0, 5038.0, 5043.0, 4902.0, 4906.0, 4723.0, 4648.0, 4566.0, 4535.0, 4449.0, 4200.0, 4134.0];"[5114.02012559 5191.60424958 5231.92937465 5346.01339971 5470.75066789
 5600.34110433 5742.21000298 5824.77245342 5891.08837116 5878.4982623
 5829.02919337 5696.85126815 5534.457625  ]";2016-07-24 12:00:00;2016-10-16 12:00:00
215;13;ridge_log;0.02840751559583995;41.666666666666664;0.02895212939358862;106.2931755928766;0.0289516747333367;92.18179581422919;[3140.68, 3143.77, 3165.33, 3194.56, 3177.71, 3278.54, 3265.51, 3269.02, 3257.17, 3236.28, 3234.39, 3231.67, 3247.35];"[3146.59765731 3145.338267   3137.98053968 3130.89896496 3126.28317015
 3121.73385096 3122.04306236 3122.95390144 3124.84341996 3123.67790216
 3120.56028544 3118.16591598 3117.51156563]";2016-11-27 12:00:00;2017-02-19 12:00:00
187;13;ridge_log;0.16425776556599717;50.0;0.14688848052812115;453.6555341046961;0.14688563551925887;379.3111855426729;[2495.0, 2498.0, 2436.0, 2459.0, 2431.0, 2443.0, 2330.0, 2309.0, 2300.0, 2360.0, 2328.0, 2178.0, 2240.0];"[2475.11421127 2512.36702463 2526.51346366 2578.97695941 2648.29448931
 2732.98246587 2824.28369222 2881.06239751 2928.75270456 2944.73419823
 2939.94748186 2889.27105312 2815.97369294]";2016-07-24 12:00:00;2016-10-16 12:00:00
134;13;ridge_log;0.04949800203709773;50.0;0.051060533735420376;326.05126219498726;0.05106008989080824;293.7423293722185;[5930.55, 5981.32, 5948.17, 5930.27, 5989.89, 5954.71, 5922.29, 5923.53, 5965.64, 5956.34, 5914.02, 5889.94, 5884.43];"[5862.47494644 5852.8239021  5839.68784699 5798.86981312 5739.98444944
 5672.32280642 5603.73243167 5541.10628998 5489.90523274 5461.39638632
 5461.04618259 5492.42042206 5556.67900829]";2016-01-10 12:00:00;2016-04-03 12:00:00
187;13;ridge_log;0.07469034385616614;41.666666666666664;0.0781165604627912;218.76405984130517;0.07811503591253678;200.33626356680685;[2762.0, 2825.0, 2723.0, 2773.0, 2747.0, 2764.0, 2615.0, 2564.0, 2585.0, 2532.0, 2564.0, 2507.0, 2486.0];"[2595.78209644 2584.72840911 2531.51193266 2485.09614369 2440.4425552
 2416.46495389 2380.98298573 2354.83376725 2353.36332043 2375.73290077
 2414.45524766 2462.31981784 2525.08555704]";2016-04-24 12:00:00;2016-07-17 12:00:00
215;13;ridge_log;0.02996140383390136;58.333333333333336;0.030533108150395782;104.97847763890967;0.03053261180132639;93.91315796592727;[3100.56, 3112.65, 3116.01, 3122.59, 3145.26, 3151.95, 3136.56, 3129.99, 3130.95, 3114.68, 3128.5, 3142.58, 3145.8];"[3084.63961065 3093.33703804 3091.52830908 3076.30053789 3050.96459813
 3031.50502698 3021.60139555 3007.63462394 3002.77970296 2996.97076432
 2996.97458401 2998.84486885 3004.12788604]";2016-08-28 12:00:00;2016-11-20 12:00:00
255;13;ridge_log;0.04320028902079146;58.333333333333336;0.04188851361756495;150.46748282795014;0.04188770598239044;111.29382999222538;[2932.0, 2986.0, 2914.5, 3028.8, 3291.8, 2001.3, 2192.4, 2057.1, 2318.1, 2584.8, 2583.4, 2598.3, 2704.1];"[3078.39287899 3070.46296879 3217.94616188 3200.0662906  3348.43255523
 2320.57218767 2196.1109184  2060.34881886 2216.74584503 2426.21345037
 2531.7972826  2575.5022512  2680.05416132]";2016-10-16 12:00:00;2017-01-08 12:00:00
201;13;ridge_log;0.04717151450709732;66.66666666666667;0.048512058093081234;280.4598630727465;0.04851159872477982;256.3075579966486;[5590.0, 5660.0, 5505.0, 5566.0, 5508.0, 5494.0, 5333.0, 5224.0, 5268.0, 5179.0, 5252.0, 5137.0, 5142.0];"[5315.26616144 5302.65995072 5235.54350032 5196.5311458  5129.0066194
 5077.31994469 5031.57147059 4989.90842611 4995.85554401 5007.83534161
 5057.75155384 5122.51781165 5219.76572412]";2016-04-24 12:00:00;2016-07-17 12:00:00
187;13;ridge_log;0.027340854742642473;66.66666666666667;0.028087756088740146;99.17185990349404;0.028087198553737477;70.77992869889168;[2370.0, 2431.0, 2394.0, 2437.0, 2507.0, 2560.0, 2547.0, 2585.0, 2582.0, 2646.0, 2656.0, 2597.0, 2589.0];"[2385.23938719 2394.96412999 2393.84370148 2429.41980823 2456.86629488
 2505.31886357 2518.50304938 2548.08367446 2558.25435579 2537.3757
 2491.35235056 2427.8605666  2364.25781916]";2016-01-24 12:00:00;2016-04-17 12:00:00
227;13;ridge_log;0.11914336766575467;58.333333333333336;0.12963259466063792;1099.7303942250085;0.12963171389993608;958.5436533393469;[8809.0, 8922.0, 8795.0, 8907.0, 8464.0, 8560.0, 8185.0, 8126.0, 7748.0, 7595.0, 7638.0, 7926.0, 8030.0];"[8732.50591006 8661.71861261 8503.8884763  8286.84812367 7981.26293341
 7565.28044251 7187.93895363 6795.8508714  6535.7528954  6276.89590702
 6199.66093601 6174.55895163 6341.76949295]";2016-07-24 12:00:00;2016-10-16 12:00:00
255;13;ridge_log;0.05445057931185489;83.33333333333333;0.051573342390567864;173.65933895291587;0.05157227492708027;127.3068667164241;[3088.6, 3048.8, 3073.5, 3205.4, 3468.9, 1948.1, 2118.4, 1999.0, 2264.1, 2529.3, 2528.6, 2537.2, 2671.3];"[3099.08474806 3081.70489788 3160.58078572 3180.0252667  3317.28731015
 2434.97419212 2190.58581175 2165.25537054 2351.78062357 2476.19193766
 2659.70930149 2730.86380679 2827.9542439 ]";2016-07-17 12:00:00;2016-10-09 12:00:00
242;13;ridge_log;0.4000238484009432;50.0;0.58566350892055;1765.9728107158107;0.5856506931919747;1348.920638843054;[1245.0, 1330.0, 1551.0, 1550.0, 2150.0, 2514.0, 2855.0, 3230.0, 3335.0, 3511.0, 3890.0, 3812.0, 3828.0];"[1239.97758726 1309.26526444 1406.56681424 1512.49360085 1585.38563701
 1624.21531343 1655.46486485 1618.27049651 1487.64353382 1286.70013562
 1064.00642653  836.67775392  638.36426655]";2016-10-30 12:00:00;2017-01-22 12:00:00
201;13;ridge_log;0.01602403482519594;66.66666666666667;0.016279556259194274;126.87903410234674;0.016279399576816293;84.59110231981496;[5013.0, 5147.0, 5054.0, 5093.0, 5190.0, 5234.0, 5249.0, 5275.0, 5300.0, 5321.0, 5376.0, 5266.0, 5326.0];"[5015.55638166 5031.982101   5061.45830685 5145.74775971 5186.31906799
 5276.28403533 5301.69918232 5340.48351428 5341.39972987 5294.92657877
 5207.40967024 5098.53238979 4971.77477206]";2016-01-24 12:00:00;2016-04-17 12:00:00
215;13;ridge_log;0.006064680544310663;41.666666666666664;0.00608272836085031;22.2988517310379;0.00608262833676744;18.497838569589614;[2989.78, 3005.58, 3000.0, 2979.83, 2996.19, 3089.53, 3077.59, 3059.1, 3085.84, 3075.58, 3084.32, 3073.04, 3088.71];"[2982.60493247 2975.96870949 2980.98095868 2991.22894407 3018.68740535
 3044.91399177 3065.35356931 3078.8259036  3079.50331535 3075.80037002
 3068.40404145 3060.92168007 3049.10952303]";2016-05-29 12:00:00;2016-08-21 12:00:00
255;13;ridge_log;0.04435497330372028;83.33333333333333;0.042532012491642616;150.1514194519679;0.04253116911948551;110.07896297996545;[3074.9, 3030.8, 3055.7, 3178.5, 3446.3, 2110.4, 2044.2, 2155.6, 2422.8, 2520.8, 2694.6, 2707.0, 2822.9];"[3174.12389406 3165.27065157 3301.19466683 3289.00096389 3455.22355365
 2425.47867625 2327.47216366 2189.53799934 2350.90212646 2460.70337406
 2639.16879562 2712.41535972 2815.61711409]";2016-04-17 12:00:00;2016-07-10 12:00:00
188;13;ridge_log;0.06242323306050823;66.66666666666667;0.0644978651262342;152.25991075855245;0.06449634858947272;137.25991510042184;[2128.0, 2141.0, 2165.0, 2108.0, 2221.0, 2365.0, 2180.0, 2244.0, 2272.0, 2246.0, 2038.0, 1965.0, 2069.0];"[2016.34524024 2002.7297722  1987.29067357 2042.57514784 2062.0438308
 2074.15900832 2039.76868002 2052.78886176 2092.97455771 2113.60414179
 2101.61484561 2083.05643868 2085.98752627]";2016-10-23 12:00:00;2017-01-15 12:00:00
202;13;ridge_log;0.30826875997834546;8.333333333333334;0.2518817982286761;1779.8210213499242;0.25187966615138424;1488.6471261825354;[5510.0, 5380.0, 5370.0, 5260.0, 5250.0, 5110.0, 5260.0, 5050.0, 4770.0, 4630.0, 4340.0, 4720.0, 5060.0];"[5462.6079393  5544.79624951 5713.58523887 5920.33505175 6145.10897014
 6385.72778399 6692.81696485 6941.95088563 7160.62314952 7345.94424924
 7352.22538615 7252.54342048 7049.36322955]";2016-10-23 12:00:00;2017-01-15 12:00:00
215;13;ridge_log;0.006214743091246347;50.0;0.006242945170474933;27.212082910331034;0.006242841983582066;18.88867815456174;[3073.02, 3069.02, 3069.41, 3078.53, 3091.72, 2975.21, 2960.72, 2954.55, 2947.63, 2965.42, 2981.59, 2987.07, 2975.6];"[3057.70911394 3059.96645112 3053.98653842 3039.7303454  3012.67453717
 2988.16687964 2973.90237472 2965.79916792 2967.26132102 2972.38153994
 2978.61178087 2986.28539575 2995.77569544]";2016-02-28 12:00:00;2016-05-22 12:00:00
242;13;ridge_log;0.08017361697402525;75.0;0.07329028709138383;147.89536614791388;0.07328739775129404;93.7904384519232;[1429.0, 1301.0, 1407.0, 1349.0, 1217.0, 1153.0, 1146.0, 1091.0, 1046.0, 1046.0, 1178.0, 1163.0, 1180.0];"[1420.25137614 1417.33976002 1369.10179417 1321.68429268 1239.23181789
 1173.33041844 1155.46814981 1140.86197575 1132.52060258 1153.64174526
 1248.27211854 1390.61408556 1615.03248902]";2016-07-31 12:00:00;2016-10-23 12:00:00
255;13;ridge_log;0.03971089603986837;91.66666666666667;0.03797914224139117;151.75428761577479;0.03797839958166995;99.7485125459828;[3173.1, 3132.2, 3160.0, 3300.2, 3574.1, 2045.0, 2245.1, 2133.5, 2405.5, 2506.4, 2668.6, 2695.6, 2804.1];"[3156.44096596 3132.23901731 3213.15047634 3214.91036483 3355.50465415
 2489.55724802 2268.11203668 2234.62123332 2422.09893269 2547.70459242
 2737.58556069 2820.14407119 2906.97347938]";2016-01-17 12:00:00;2016-04-10 12:00:00
188;13;ridge_log;0.11193301250020944;50.0;0.102846640545061;287.56720926924964;0.10284429752679741;225.98409308848753;[2099.0, 2040.0, 2093.0, 2054.0, 2052.0, 2023.0, 1955.0, 2059.0, 2100.0, 2132.0, 1982.0, 1947.0, 2004.0];"[2042.88714588 2004.07538755 2006.53221224 2058.39676506 2105.02269257
 2167.43039232 2181.75897568 2273.87461395 2382.3058276  2472.06756175
 2484.68894517 2481.18116223 2460.56101948]";2016-07-24 12:00:00;2016-10-16 12:00:00
227;13;ridge_log;0.09744936975681709;66.66666666666667;0.09157478121615557;859.6574220605152;0.09157421880060708;747.929114819701;[7256.0, 7289.0, 7373.0, 7093.0, 7401.0, 7268.0, 7580.0, 7517.0, 7667.0, 8238.0, 8171.0, 8673.0, 8603.0];"[7418.00831788 7505.26121316 7642.32021289 7818.26244423 8042.52196688
 8336.73794887 8605.8224943  8882.40389656 9095.10657629 9234.50372907
 9233.91364025 9134.77956224 8902.43649004]";2016-04-24 12:00:00;2016-07-17 12:00:00
216;13;ridge_log;0.05154431627682879;58.333333333333336;0.05333512822563465;577.6535740541977;0.05333484742073655;506.6216981996604;[9877.09, 9890.943, 9890.0, 9800.0, 9897.0, 9700.0, 9000.0, 9700.0, 9907.7, 9907.0, 9700.0, 9910.0, 9900.0];"[9545.9534585  9530.43775113 9501.1964794  8815.00347638 9147.01545686
 9062.32097742 9036.04273052 9117.30037432 9074.24189953 9125.31397491
 9275.09959136 9488.13141512 9847.67879899]";2015-03-08 12:00:00;2015-05-31 12:00:00
202;13;ridge_log;0.05188629380087284;50.0;0.050064300972592145;388.6564765334585;0.05006389860719432;311.9743946877024;[6690.0, 6180.0, 6180.0, 6300.0, 6700.0, 6620.0, 6440.0, 6440.0, 6270.0, 5900.0, 6090.0, 5760.0, 5460.0];"[6767.74348208 6749.53907837 6659.54884984 6573.43095362 6464.89281346
 6372.11345465 6317.63784598 6275.57667852 6210.38123982 6185.93288064
 6221.26623621 6270.8751478  6357.93253481]";2016-07-24 12:00:00;2016-10-16 12:00:00
216;13;ridge_log;0.09151787167982398;66.66666666666667;0.09684567952612899;982.2740613154017;0.09684515775253097;899.2519675961624;[9900.0, 9903.241, 9890.0, 9000.0, 9902.195, 9700.0, 9907.27, 9894.153, 9700.0, 9800.0, 9800.0, 9867.31, 9876.83];"[9390.9932189  9357.89096349 8896.56136174 8950.41467034 9181.72691231
 8663.92960606 8841.0076369  8758.24132038 8274.59462333 8188.44492962
 8731.24588307 8964.55276245 9251.11953267]";2014-12-07 12:00:00;2015-03-01 12:00:00
256;13;ridge_log;0.004382420411750204;58.333333333333336;0.004395443703010176;20.588280675671303;0.0043953891184621416;17.697046485140163;[4017.6, 4017.9, 4018.2, 4018.8, 4024.6, 4026.8, 4037.0, 4037.9, 4039.9, 4041.8, 4044.2, 4044.3, 4044.2];"[4014.82548644 4014.03808582 4013.56024545 4013.30912597 4013.2305718
 4013.41959957 4013.75909035 4014.19361056 4014.54627174 4014.60961254
 4014.69517557 4014.59533209 4014.3561878 ]";2016-10-16 12:00:00;2017-01-08 12:00:00
188;13;ridge_log;0.08876679952489905;58.333333333333336;0.08397237579177033;235.73184583404603;0.08397048968423791;187.1672771511844;[2156.0, 2162.0, 2188.0, 2197.0, 2255.0, 2247.0, 2219.0, 2265.0, 2273.0, 2273.0, 2021.0, 1998.0, 2025.0];"[2074.08356307 2018.8327447  2042.67705967 2077.99459438 2145.41154463
 2219.55486163 2251.44412452 2351.60361682 2445.6750581  2497.61226606
 2472.24236347 2453.80412447 2408.3474176 ]";2016-04-24 12:00:00;2016-07-17 12:00:00
216;13;ridge_log;0.03890944051023641;41.666666666666664;0.04008519385829004;472.27328353615235;0.04008498089826683;377.47970368620076;[9902.0, 9904.796, 9500.0, 9500.0, 9700.0, 9000.0, 9894.22, 9500.0, 9000.0, 9000.0, 9896.886, 9897.713, 9901.04];"[9550.52753686 9510.63242907 9490.76306704 8764.48832232 9018.52502356
 9062.99000524 8948.42447046 9003.06048443 9116.32633352 9156.0827371
 9324.56301276 9582.36416058 9970.61057914]";2014-09-07 12:00:00;2014-11-30 12:00:00
202;13;ridge_log;0.21297102745427943;50.0;0.24340476615807707;1516.785300200677;0.24340264984262813;1401.0157231848448;[6120.0, 6370.0, 6510.0, 6600.0, 6590.0, 6520.0, 6230.0, 6420.0, 6710.0, 6700.0, 6550.0, 6740.0, 6770.0];"[5935.78569268 5851.89260458 5710.32598161 5470.44039486 5260.69090122
 5036.14414955 4870.5425022  4706.11663228 4593.90265083 4573.00069696
 4667.10486762 4856.89811732 5083.95040688]";2016-04-24 12:00:00;2016-07-17 12:00:00
256;13;ridge_log;0.0012906292035589585;41.666666666666664;0.0012916296989666579;5.677646918707456;0.0012916136003427417;5.181457415130948;[4010.7, 4009.2, 4009.2, 4010.8, 4012.0, 4013.9, 4014.4, 4014.5, 4014.5, 4014.7, 4016.4, 4017.2, 4017.6];"[4008.44126182 4007.7475282  4007.44421552 4007.21355564 4007.4824047
 4007.9943336  4008.32624597 4008.77365672 4009.06392729 4009.01118471
 4008.96587326 4008.77749062 4008.49937555]";2016-07-17 12:00:00;2016-10-09 12:00:00
227;13;ridge_log;0.0371912672819058;50.0;0.03600092922581755;383.4489233523381;0.036000702590800134;286.1361289458368;[8570.0, 8643.0, 8476.0, 8458.0, 8365.0, 8147.0, 8082.0, 7992.0, 7834.0, 7666.0, 7610.0, 7425.0, 7390.0];"[8550.10010796 8448.6259642  8427.43145178 8366.44183296 8409.10268059
 8282.98781809 8234.87065661 8165.05617432 8174.18000274 8121.41321331
 8133.80405199 8142.38839127 8212.56604426]";2016-01-24 12:00:00;2016-04-17 12:00:00
216;13;ridge_log;0.010971596172768107;50.0;0.010647061907026653;240.83128046885514;0.010647006329409058;102.03312562246552;[9894.4, 9896.013, 9888.731, 9000.0, 9899.104, 9890.0, 9900.0, 9902.0, 9914.427, 9900.001, 9900.0, 9907.9, 9906.558];"[9863.32134047 9866.42143626 9860.6753056  9856.53096221 9850.43291937
 9852.2008723  9852.85099446 9850.17165207 9849.57216016 9863.89668423
 9855.9012731  9870.78968979 9893.0000013 ]";2014-06-08 12:00:00;2014-08-31 12:00:00
188;13;ridge_log;0.1655285421078755;41.666666666666664;0.1503799078130522;420.9151281399929;0.15037668479919464;351.90247556617663;[2123.0, 2179.0, 2258.0, 2293.0, 2339.0, 2309.0, 2264.0, 2176.0, 2211.0, 2184.0, 1973.0, 2032.0, 2076.0];"[1972.15341887 1951.36048619 2032.36109222 2122.67037669 2240.02127609
 2347.2628016  2432.23748415 2626.04307008 2753.41894304 2801.56395412
 2743.69369475 2679.71166785 2542.36721682]";2016-01-24 12:00:00;2016-04-17 12:00:00
256;13;ridge_log;0.009700086598925671;66.66666666666667;0.009748953878865579;39.51828210126303;0.00974883164061138;38.87532499667535;[4005.7, 4003.4, 4003.8, 4003.8, 4004.2, 4006.8, 4009.4, 4009.0, 4009.5, 4011.1, 4011.4, 4011.3, 4010.8];"[3983.06689551 3973.93968359 3965.97743385 3960.96925222 3956.86054524
 3957.10334924 3962.37679047 3966.59824331 3971.00470658 3974.13561659
 3975.54282457 3974.70257701 3972.54285686]";2016-04-17 12:00:00;2016-07-10 12:00:00
242;13;ridge_log;11.072642770378208;50.0;1.0066985733437641;27373.94470567898;1.0066908367809289;16510.683839218036;[1536.0, 1380.0, 1281.0, 1267.0, 1297.0, 1397.0, 1489.0, 1445.0, 1435.0, 1428.0, 1679.0, 1470.0, 1443.0];"[ 1358.29655429  1303.62723145  1333.21700119  1533.48031578
  1953.90153096  2883.32421612  4682.39133711  8285.78812865
 15455.48950794 28393.39780315 46154.48074079 60718.74889144
 58621.59422246]";2016-05-01 12:00:00;2016-07-24 12:00:00
217;13;ridge_log;0.09930936299206954;66.66666666666667;0.1055824909074073;1063.4230646158962;0.10558191616649276;970.5256461892063;[9932.821, 9936.393, 9000.0, 9700.0, 9943.0, 9700.0, 9940.001, 9700.0, 9948.552, 9951.79, 9000.0, 9945.0, 9000.0];"[9099.51870762 8939.01142769 8862.70575369 8590.00820433 9304.68000026
 8969.07529931 8763.45637373 8173.1161216  8120.8184685  8618.4168143
 8450.93427166 8800.44241336 8388.53974349]";2015-05-24 12:00:00;2015-08-16 12:00:00
189;13;ridge_log;0.16679613802265167;41.666666666666664;0.14792494915016927;88.27776784503752;0.14790959034041964;71.25840895002946;[456.6855011, 460.7204403, 453.8686316, 441.8651676, 445.577063, 453.0822772, 437.6623557, 439.8819108, 430.3451587, 426.0420738, 419.6364978, 411.3800853, 418.5663313];"[445.71908849 447.12504352 451.29944117 462.61829551 475.28754202
 491.30947632 509.17873337 528.34415701 543.69494256 554.51774601
 559.85850134 556.03718882 542.42065478]";2016-10-23 12:00:00;2017-01-15 12:00:00
202;13;ridge_log;0.07989051792147527;50.0;0.08131080864495602;535.1095770207828;0.08131004969704662;436.11297418207647;[5130.0, 5030.0, 4960.0, 5050.0, 4930.0, 5040.0, 5230.0, 5680.0, 6100.0, 5860.0, 5640.0, 5580.0, 5940.0];"[5052.49681634 5144.25573958 5236.81040126 5400.85007397 5526.072431
 5653.61480208 5707.38868899 5684.96049356 5615.56566668 5468.69392429
 5255.32160664 4953.47020008 4668.93575206]";2016-01-24 12:00:00;2016-04-17 12:00:00
256;13;ridge_log;0.4578065318580658;41.666666666666664;0.3704062982749751;1846.7495798998539;0.3704025117798993;1813.7294955642185;[3950.4, 3950.4, 3950.4, 3950.6, 3951.2, 3951.9, 3953.2, 3952.6, 3953.5, 3954.6, 3998.8, 4007.7, 4005.9];"[5186.57367701 5607.84674634 5879.51641472 6167.12680671 6252.09582254
 6287.84388618 6185.47931319 5787.99401962 5646.47644845 5586.45090747
 5439.37332251 5473.86859736 5609.03748022]";2016-01-17 12:00:00;2016-04-10 12:00:00
217;13;ridge_log;0.08876821266301757;50.0;0.09408346369022812;989.2180215901983;0.09408295801757219;875.6492584591116;[9953.92, 9952.8, 9952.126, 9953.869, 9000.0, 9700.0, 9950.0, 9950.92, 9700.0, 9000.0, 9935.042, 9932.86, 9938.69];"[9436.95331181 9181.62696507 9435.35294471 9406.54551461 9135.87629673
 9209.38362809 8593.51724856 8705.43724163 8435.31475303 8679.09025648
 8616.90998205 8491.1386518  8481.39243892]";2015-02-22 12:00:00;2015-05-17 12:00:00
189;13;ridge_log;0.11479859670043593;41.666666666666664;0.10452211866739754;69.86688472235977;0.10451193967532899;53.668254274250486;[498.2058657, 489.157915, 501.8608781, 507.1815594, 498.0179866, 495.8941743, 487.6370183, 486.6896598, 482.301166, 473.6535881, 458.3541538, 449.3378037, 448.0799646];"[495.802136   493.41956291 496.1642445  505.27278699 514.64260652
 524.97288062 537.81302455 553.16105076 562.78459811 568.9887946
 571.63991984 569.60837408 559.77078806]";2016-07-24 12:00:00;2016-10-16 12:00:00
257;13;ridge_log;0.0555623809353718;33.333333333333336;0.05327612226105272;135.492312678284;0.05327482557174896;109.45118857118663;[2097.4, 2102.3, 2087.1, 2130.7, 2087.5, 2024.5, 1983.4, 1973.8, 1998.2, 1975.9, 1931.8, 1928.8, 1940.1];"[2126.80463967 2120.76019833 2116.5837828  2110.11591759 2104.73029789
 2105.46797467 2107.77213092 2115.37373986 2123.72709377 2133.88629238
 2146.74115693 2159.37597868 2171.85808311]";2016-10-16 12:00:00;2017-01-08 12:00:00
217;13;ridge_log;0.02578327890635506;50.0;0.025167965005981216;338.5177254996325;0.025167834759175837;243.22732208069843;[9952.66, 9953.266, 9500.0, 9500.0, 9500.0, 9000.0, 9949.7, 9500.0, 9949.27, 9950.69, 9951.39, 9949.955, 9700.0];"[9906.24727285 9879.79830813 9887.49660925 9912.8595155  9901.84944777
 9897.13283684 9869.84492617 9866.56895174 9852.04334135 9860.33098029
 9882.74857564 9870.7608672  9860.89109758]";2014-11-23 12:00:00;2015-02-15 12:00:00
228;13;ridge_log;0.3292073516356225;66.66666666666667;0.26399390321177096;176.79019623700358;0.26396916828597644;142.04522473647904;[465.53, 438.43, 443.29, 443.83, 391.38, 476.51, 405.11, 448.58, 416.24, 441.32, 428.96, 432.6, 449.93];"[472.44480877 455.86315069 473.78394141 479.25098057 502.22112272
 522.57172191 553.8154239  596.26215523 626.46107344 672.98315488
 701.53777856 733.08389065 738.01871885]";2016-10-23 12:00:00;2017-01-15 12:00:00
257;13;ridge_log;0.03008950550832947;41.666666666666664;0.030531057709148084;69.94517256240998;0.030530332857268933;64.30006028367987;[2111.8, 2078.9, 2085.1, 2142.6, 2143.2, 2162.7, 2159.5, 2122.8, 2146.3, 2144.4, 2148.3, 2152.5, 2125.5];"[2138.6996204  2134.55165267 2129.70227195 2118.57306913 2110.4125855
 2100.47196506 2086.84744908 2073.03294905 2058.1569108  2048.58149045
 2043.51429953 2045.31356352 2054.14847922]";2016-07-17 12:00:00;2016-10-09 12:00:00
217;13;ridge_log;0.10564143925915737;50.0;0.1121748162760565;1100.1027925216506;0.11217421662099161;1049.414895005431;[9947.17, 9943.35, 9945.651, 9910.0, 9920.0, 9943.742, 9945.187, 9900.0, 9930.0, 9940.0, 9920.0, 9950.915, 9949.088];"[9641.37374043 9185.17802693 9214.77135289 9117.51810187 9101.03057655
 8949.84193302 8731.53392101 8677.77688346 8482.94740867 8564.91772941
 8578.24281957 8610.63386004 8646.94301108]";2014-08-24 12:00:00;2014-11-16 12:00:00
242;13;ridge_log;0.5827213387042997;75.0;0.9425780721849935;1794.6376455353538;0.9425476613925883;1594.9876784747232;[3674.0, 3670.0, 3618.0, 3556.0, 3430.0, 3237.0, 3023.0, 2770.0, 2492.0, 2376.0, 1923.0, 1657.0, 1577.0];"[3480.06341249 3028.41945011 2388.84598991 1723.795538   1173.28522511
  771.33985444  503.52105006  346.94452637  271.21551924  260.51353544
  326.9241254   569.27610324 1424.01585001]";2016-01-31 12:00:00;2016-04-24 12:00:00
203;13;ridge_log;0.018428529440408587;41.666666666666664;0.018677514451029505;162.8058937515859;0.01867738558156562;135.35162473545284;[7304.0, 7318.9, 7362.3, 7295.9, 7296.4, 7304.9, 7339.5, 7345.8, 7326.6, 7325.2, 7360.2, 7382.9, 7378.7];"[7313.84372899 7318.02301218 7305.34969808 7272.26665775 7232.50652149
 7194.24275776 7155.49654139 7118.45627896 7094.92186235 7095.12150685
 7119.00343023 7161.24920222 7220.93513819]";2015-08-23 12:00:00;2015-11-15 12:00:00
257;13;ridge_log;0.05429986210248932;50.0;0.056424924404763405;135.32706239532212;0.05642353583677733;114.65229472850933;[2088.4, 2091.5, 2077.2, 2127.6, 2112.0, 2084.4, 2066.7, 2073.0, 2121.7, 2110.7, 2126.9, 2124.7, 2134.4];"[2108.32906554 2101.32013814 2082.594933   2053.76585611 2021.97788885
 1992.95106646 1966.40609241 1944.86109665 1928.33992534 1919.41639647
 1918.40339239 1928.70815543 1951.9344351 ]";2016-04-17 12:00:00;2016-07-10 12:00:00
218;13;ridge_log;0.004367328079454962;66.66666666666667;0.004369590946636355;5.914518685925058;0.00436938740536613;4.690862595393967;[1091.0, 1084.0, 1077.0, 1070.0, 1063.0, 1056.0, 1092.0, 1085.0, 1078.0, 1071.0, 1064.0, 1057.0, 1050.0];"[1082.81899383 1083.587889   1074.45451845 1069.93753915 1052.66393196
 1052.83789674 1083.52186998 1090.64844265 1086.50107238 1076.10648443
 1064.56992616 1056.8884161  1057.86634333]";2011-04-03 12:00:00;2011-06-26 12:00:00
189;13;ridge_log;0.037489140008503924;41.666666666666664;0.038259709345882166;21.60353549532158;0.03825598620593778;19.66021597993881;[524.1939475, 532.4184355, 531.2305382, 533.3929333, 537.3243163, 535.89606, 519.7720105, 512.8576078, 514.5698382, 517.8231066, 503.6671861, 497.7731483, 496.5567393];"[514.22252544 509.5162324  506.40495218 509.73356677 505.67874838
 499.10975904 495.83985865 496.73178428 496.01378576 496.79087186
 500.78129835 506.7333127  510.85678576]";2016-04-24 12:00:00;2016-07-17 12:00:00
218;13;ridge_log;0.004858230427807733;66.66666666666667;0.004862592106926519;6.348469390694098;0.004862365591525984;5.219873263615559;[1092.0, 1085.0, 1078.0, 1071.0, 1064.0, 1057.0, 1092.0, 1085.0, 1078.0, 1071.0, 1064.0, 1057.0, 1050.0];"[1082.74306965 1083.66710745 1074.44618653 1069.93970889 1052.43721298
 1052.66907604 1083.36720947 1090.68897142 1086.68597659 1076.15950784
 1064.46528762 1056.68139967 1057.80957963]";2011-01-02 12:00:00;2011-03-27 12:00:00
203;13;ridge_log;0.01895502670323807;75.0;0.019164856981129904;147.51890132909713;0.01916472319435344;137.2720440891241;[7150.2, 7215.2, 7202.7, 7200.1, 7189.3, 7204.1, 7244.3, 7246.0, 7251.8, 7287.7, 7309.2, 7306.6, 7307.6];"[7092.89364851 7111.7125866  7121.14567329 7083.78181457 7031.11915691
 7014.46732229 7038.31274057 7061.16013497 7064.75288386 7089.23415252
 7147.97592902 7214.98564509 7258.72173864]";2015-05-24 12:00:00;2015-08-16 12:00:00
257;13;ridge_log;0.03183255672341478;33.333333333333336;0.03282129087482583;90.63908005308036;0.03282046812375102;65.46637650186511;[1978.5, 1994.9, 1973.4, 2000.1, 2045.8, 2036.0, 2043.6, 2014.3, 2031.0, 2032.3, 2050.8, 2068.1, 2101.5];"[1971.44756808 1978.42880092 1991.16387745 2001.57033249 2007.94195387
 2008.99246422 1997.6971182  1982.03365157 1961.40726913 1939.68244952
 1920.41715002 1903.9674278  1892.95546209]";2016-01-17 12:00:00;2016-04-10 12:00:00
189;13;ridge_log;0.05085299427084802;33.333333333333336;0.05251655886668029;29.11110498764445;0.0525112642086578;26.046419206978417;[500.665509, 507.966872, 507.7380616, 489.2599046, 492.5660587, 521.8810034, 517.8535267, 515.4663031, 518.8922787, 517.0034658, 504.8827997, 504.446459, 510.6462018];"[488.5392218  485.37997813 491.05296725 492.1281188  488.02907222
 486.85623162 486.80941107 487.73393235 480.67598468 479.23552662
 475.56462192 470.82715976 463.5691966 ]";2016-01-24 12:00:00;2016-04-17 12:00:00
218;13;ridge_log;0.0049242570761326935;66.66666666666667;0.004928562635769943;6.472390723690985;0.004928333067902527;5.291175988554537;[1092.0, 1085.0, 1078.0, 1071.0, 1064.0, 1057.0, 1092.0, 1085.0, 1078.0, 1071.0, 1064.0, 1057.0, 1050.0];"[1082.43179386 1083.68798854 1075.07576311 1070.13819213 1052.2955428
 1052.55797818 1083.16130627 1090.88750261 1087.12025075 1076.42689922
 1064.43262931 1056.43963923 1057.70621008]";2010-10-03 12:00:00;2010-12-26 12:00:00
243;13;ridge_log;0.20081370088538295;66.66666666666667;0.23853170116318695;346.901917361085;0.23852084351988095;263.8341263594942;[806.8, 841.6, 883.8, 914.1, 988.6, 1108.0, 1183.0, 1226.4, 1258.0, 1325.9, 1434.3, 1480.2, 1488.3];"[782.23252094 807.53960402 827.72718814 863.95766229 893.99747897
 930.38908753 958.39935241 976.73696393 981.21711358 958.39611575
 916.43347119 846.8150527  765.3147459 ]";2016-10-30 12:00:00;2017-01-22 12:00:00
258;13;ridge_log;0.1458423326352978;58.333333333333336;0.1306403404254299;1037.0861761833937;0.13063931051465247;830.0257999851069;[6698.0, 6436.0, 5556.0, 6939.0, 6746.0, 5285.0, 5924.0, 5200.0, 6741.0, 6343.0, 5893.0, 5953.0, 5594.0];"[6595.84168639 6475.31782184 6402.6591688  6619.76780101 7246.53240279
 7452.61509804 6895.64436896 6650.6437051  6742.70366555 7025.97098068
 7021.20357488 7033.96540384 7092.68869672]";2016-10-16 12:00:00;2017-01-08 12:00:00
228;13;ridge_log;0.11746941394704026;83.33333333333333;0.13126009850928647;77.07664084831994;0.13124531441106052;58.76696628375089;[571.86, 580.82, 570.87, 582.67, 549.43, 549.01, 529.05, 527.47, 514.89, 513.2, 452.51, 499.39, 458.98];"[575.33060709 581.13397321 569.34905068 561.88751302 539.3502078
 513.87198963 481.4801398  452.94617329 419.59398752 390.37982003
 367.13317429 349.87443208 341.41753047]";2016-07-24 12:00:00;2016-10-16 12:00:00
218;13;ridge_log;0.005063582628815659;66.66666666666667;0.005068788279022389;6.580788592088753;0.005068552136099153;5.440710513758754;[1092.0, 1085.0, 1079.0, 1071.0, 1064.0, 1057.0, 1092.0, 1085.0, 1078.0, 1071.0, 1064.0, 1057.0, 1050.0];"[1082.58932035 1083.85689515 1074.4367323  1069.95060663 1051.94349254
 1052.28854588 1083.03948131 1090.78477402 1087.10506884 1076.27903919
 1064.21923466 1056.19717553 1057.64336965]";2010-07-04 12:00:00;2010-09-26 12:00:00
203;13;ridge_log;0.02146700358396835;75.0;0.021097556397368274;196.43536139986702;0.021097411025075157;153.11609574806621;[6979.0, 7009.0, 7037.7, 7046.5, 7052.7, 7090.3, 7186.3, 7207.2, 7127.2, 7116.0, 7163.7, 7222.1, 7132.3];"[7017.75538225 7057.99113814 7077.33654167 7093.12278479 7149.48745301
 7264.38701135 7392.14463562 7478.9409444  7504.19485433 7480.43114695
 7407.2067031  7277.94825933 7105.03761022]";2015-02-22 12:00:00;2015-05-17 12:00:00
190;13;ridge_log;0.03450657052060473;75.0;0.03538563053948714;317.9640477403703;0.03538538632144893;256.6343908065571;[6635.2293, 6711.3531, 6879.4553, 7031.4599, 7280.6471, 7287.6782, 7199.4766, 7075.0888, 7495.1075, 7853.2658, 7738.1914, 7432.3491, 7384.1148];"[6597.61729749 6622.57881647 6730.73837225 6856.74471094 6995.27369238
 7122.51545063 7197.37758861 7217.59915485 7200.87875288 7230.55424191
 7185.14424166 7075.93259872 6919.23561043]";2016-10-23 12:00:00;2017-01-15 12:00:00
219;13;ridge_log;0.0018087063171832456;91.66666666666667;0.001809182710560871;4.032386585318273;0.0018091324869040821;3.2586496364590753;[1820.0, 1813.0, 1806.0, 1799.0, 1792.0, 1785.0, 1820.0, 1813.0, 1806.0, 1799.0, 1792.0, 1785.0, 1778.0];"[1815.04683327 1805.04010126 1805.6920552  1795.99707723 1792.46477235
 1786.35367788 1814.72617169 1811.58876768 1805.24472912 1802.14145367
 1795.95211633 1787.82191387 1784.96424665]";2010-10-17 12:00:00;2011-01-09 12:00:00
258;13;ridge_log;0.08673086263346627;91.66666666666667;0.08457477567019044;747.926603045232;0.08457416007768154;584.1079615790107;[6731.0, 7332.0, 6068.0, 7307.0, 6982.0, 6882.0, 6203.0, 5787.0, 6830.0, 8671.0, 6947.0, 6219.0, 6310.0];"[7123.90050221 7247.33602182 6965.22874435 7491.53528134 7451.39696004
 7235.26957516 7082.8415947  6970.58517317 7076.31840969 6901.08798993
 6865.07075319 6730.71358778 6848.10843703]";2016-07-17 12:00:00;2016-10-09 12:00:00
219;13;ridge_log;0.0018690655193740581;91.66666666666667;0.0018695780722558454;4.149762233472367;0.0018695261722427058;3.3674457266705966;[1820.0, 1813.0, 1806.0, 1799.0, 1792.0, 1785.0, 1820.0, 1813.0, 1806.0, 1799.0, 1792.0, 1785.0, 1778.0];"[1814.88050435 1804.80859981 1805.67859153 1795.9186162  1792.48666475
 1786.40898971 1814.59477271 1811.44739681 1805.16163653 1802.22611918
 1796.05152929 1787.96772723 1785.1258822 ]";2010-07-18 12:00:00;2010-10-10 12:00:00
203;13;ridge_log;0.029378827062989204;58.333333333333336;0.029990512616821455;249.84758678960398;0.029990299033655295;210.5911883445106;[6988.3, 7047.3, 7112.5, 7156.7, 7215.6, 7390.6, 7305.6, 7135.3, 7000.3, 6961.9, 6968.7, 7007.6, 7004.5];"[6993.5404758  6998.62896361 6987.54790344 6959.4786962  6924.47985892
 6894.028109   6867.41109771 6835.78689222 6809.29193013 6796.8056337
 6804.11657911 6828.07677424 6868.50258904]";2014-11-23 12:00:00;2015-02-15 12:00:00
190;13;ridge_log;0.18495657877545568;66.66666666666667;0.16453703194025737;1433.8728275095823;0.16453593823777637;1238.1344125869705;[7195.9858, 7285.2601, 7204.0711, 6882.7421, 6901.1798, 6659.1312, 6712.5878, 6625.3067, 6631.5282, 6928.9949, 6726.4862, 6569.7686, 6482.8978];"[7256.12893901 7300.89453191 7462.06172115 7583.28793808 7825.57112231
 8060.34103259 8206.09766687 8373.17931427 8564.62584952 8678.6654563
 8649.35698733 8569.45842983 8372.01867446]";2016-07-24 12:00:00;2016-10-16 12:00:00
228;13;ridge_log;0.048957678609717274;50.0;0.048128641915865515;27.45368613242636;0.048123821645573224;24.108932277461854;[458.17, 454.54, 451.4, 468.39, 460.66, 475.08, 483.76, 499.52, 522.23, 537.58, 523.98, 548.44, 576.69];"[468.49622344 477.33848843 479.09947305 492.90685683 497.14136875
 512.0239127  515.8292924  530.44967197 533.30607128 538.51216268
 538.79203836 534.43873455 525.86070572]";2016-04-24 12:00:00;2016-07-17 12:00:00
258;13;ridge_log;0.07723520558222827;66.66666666666667;0.0797869092447795;765.8404867219964;0.07978634133889163;563.4797692773938;[8890.0, 6359.0, 6084.0, 7245.0, 7098.0, 6601.0, 6095.0, 6673.0, 7704.0, 6597.0, 7166.0, 6575.0, 7294.0];"[6833.34481751 6826.14368439 6731.20080498 6775.47920663 6987.08946429
 6886.35342379 6870.82948539 6795.44240098 6744.97343585 6642.01157286
 6583.52733795 6521.49876631 6543.83134324]";2016-04-17 12:00:00;2016-07-10 12:00:00
219;13;ridge_log;0.0019316391955707811;91.66666666666667;0.001932173707929458;4.262520053675825;0.0019321200695518726;3.4801447013155666;[1820.0, 1813.0, 1806.0, 1799.0, 1792.0, 1785.0, 1820.0, 1813.0, 1806.0, 1799.0, 1792.0, 1785.0, 1778.0];"[1814.62270726 1804.59788805 1806.36774533 1795.87247942 1792.59965716
 1786.4888365  1814.56082011 1811.30593062 1805.18414713 1802.37247992
 1796.12466929 1788.18281861 1785.2496469 ]";2010-04-18 12:00:00;2010-07-11 12:00:00
243;13;ridge_log;0.25319183869534695;16.666666666666668;0.21747188806841614;224.73559821243273;0.21745994473557795;198.00936565539536;[894.5, 879.3, 860.7, 845.3, 814.2, 801.3, 789.4, 777.2, 763.6, 752.7, 770.7, 764.5, 781.8];"[ 912.42594033  921.46456442  929.77146448  948.11533909  965.84856715
  989.13026177 1018.15799285 1042.91925442 1069.19114489 1081.07118138
 1084.58152074 1069.12107918 1037.52344282]";2016-07-31 12:00:00;2016-10-23 12:00:00
204;13;ridge_log;0.1284786046056559;58.333333333333336;0.14107706315468826;2124.8427496106106;0.1410765080857303;1792.9315628719896;[12491.95, 13013.34, 13209.75, 12981.0, 13537.85, 13132.64, 13691.5, 13967.95, 13867.98, 13856.59, 14381.13, 14510.66, 14226.31];"[12490.54517311 12551.16387908 12574.56494156 12409.2194838
 12163.53035785 12006.66794388 11878.47324314 11693.75003743
 11449.14342153 11222.99141469 11107.83358888 11035.50511992
 10977.15107781]";2016-11-27 12:00:00;2017-02-19 12:00:00
219;13;ridge_log;0.0020452495576726262;91.66666666666667;0.0020458682796270725;4.423625104162586;0.0020458114898397224;3.685233140220519;[1820.0, 1813.0, 1807.0, 1799.0, 1792.0, 1785.0, 1820.0, 1813.0, 1806.0, 1799.0, 1792.0, 1785.0, 1778.0];"[1814.51046267 1804.299589   1805.63606306 1795.75787642 1792.53848769
 1786.52997657 1814.30770931 1811.12313625 1804.97405892 1802.40570255
 1796.26969688 1788.29854171 1785.47452104]";2010-01-17 12:00:00;2010-04-11 12:00:00
258;13;ridge_log;0.13417966491109415;66.66666666666667;0.1260208254997669;944.0692104564159;0.1260199257135994;883.9888894187345;[7869.0, 6438.0, 5829.0, 6881.0, 6965.0, 6590.0, 6321.0, 6110.0, 6833.0, 6606.0, 6623.0, 6823.0, 6813.0];"[6764.55328232 6712.06017971 7168.21065963 7102.63612634 7790.07232734
 7388.99456213 7544.72930983 7294.17563877 7450.54887428 7602.21696547
 7742.63164435 7770.01804061 7653.1145163 ]";2016-01-17 12:00:00;2016-04-10 12:00:00
204;13;ridge_log;0.14104133639921027;33.333333333333336;0.15712946201470926;2073.843814207069;0.15712874039005723;1710.9510910292202;[10864.62, 11429.62, 11634.35, 11336.08, 11271.96, 11578.91, 11868.65, 11950.21, 11782.83, 11972.36, 12567.2, 12601.59, 12614.8];"[10859.03686807 11046.63592608 11025.17450995 10776.70009857
 10450.16606857 10309.50496292 10191.13588375  9962.97859253
  9648.91255498  9397.94820527  9279.14396991  9185.31103389
  9098.16714212]";2016-08-28 12:00:00;2016-11-20 12:00:00
259;13;ridge_log;0.17293522070970535;83.33333333333333;0.19479735557128122;262.8646881745102;0.1947835870387205;147.8814856648441;[583.0, 503.0, 527.0, 504.0, 643.0, 523.0, 522.0, 1437.0, 464.0, 626.0, 475.0, 785.0, 966.0];"[650.69363675 479.92100768 559.83082184 618.76574935 603.55571667
 544.00185635 488.6284226  613.2229031  605.51442775 632.76546148
 524.59330831 581.2849229  601.09297525]";2016-10-16 12:00:00;2017-01-08 12:00:00
190;13;ridge_log;0.07649480103403075;25.0;0.07753863140786878;666.4232245796117;0.07753812641793825;595.3976484112832;[8156.0043, 8060.3633, 8105.6955, 7994.5231, 7956.5205, 7939.6799, 7696.7771, 7675.0054, 7984.3853, 7732.0393, 7389.5081, 7420.4641, 7255.4617];"[7657.75165371 7252.62081988 7017.41219087 7084.75624897 7308.4459395
 7388.07542283 7428.80948891 7532.75288569 7733.60585468 7941.04069161
 8042.3535139  8129.75230265 8259.77222623]";2016-04-24 12:00:00;2016-07-17 12:00:00
228;13;ridge_log;0.12060663540902909;75.0;0.11223804151981763;64.05280500439044;0.11222712838657967;57.734340005062364;[523.01, 521.28, 496.71, 510.01, 491.34, 492.7, 476.24, 484.15, 460.17, 480.89, 456.23, 470.08, 476.43];"[510.60271339 537.36473928 519.80709867 549.68732982 538.61864333
 567.60626457 550.39916236 567.61669506 557.95444399 558.40235385
 548.3111924  535.39545949 523.20575063]";2016-01-24 12:00:00;2016-04-17 12:00:00
220;13;ridge_log;0.11435802630262766;33.333333333333336;0.12454190334225333;1038.2363926070361;0.12454099712010006;856.218228024678;[7743.8, 7448.1, 6802.5, 6961.8, 7160.7, 7338.7, 6925.2, 7142.4, 7651.6, 7691.4, 7589.4, 7706.7, 7590.4];"[7432.40779872 7420.59318473 7146.65018577 7029.21171495 6785.13378704
 6529.30389871 6323.36431452 6137.10886452 6083.33421639 6008.47603847
 6057.39516762 6145.31799421 6346.68967147]";2015-04-05 12:00:00;2015-06-28 12:00:00
243;13;ridge_log;1.0762723251479986;33.333333333333336;0.5917541431522053;1271.6476782823547;0.5917359615176013;998.6627577527908;[1022.4, 979.6, 965.1, 957.8, 953.2, 960.2, 954.4, 931.0, 919.5, 913.3, 938.8, 917.9, 911.8];"[1013.63719864 1038.9522488  1091.63674962 1188.13728684 1336.05600734
 1546.14790581 1823.77472884 2169.85435694 2540.69125134 2873.1314206
 3058.92551524 2984.75582062 2624.38975743]";2016-05-01 12:00:00;2016-07-24 12:00:00
204;13;ridge_log;0.14739810786716478;41.666666666666664;0.1662863160150647;1935.4365724020422;0.16628542131129156;1545.7564533611478;[9208.31, 9685.1, 9843.39, 9326.12, 9109.5, 10234.03, 10306.81, 10079.51, 9854.84, 10296.91, 10944.42, 10973.4, 10996.05];"[9274.175528   9417.71298038 9384.97258231 9117.27726943 8840.82791648
 8711.78670073 8582.67859172 8332.74425659 8061.37197399 7891.8449413
 7818.53413482 7766.38019067 7694.98009589]";2016-05-29 12:00:00;2016-08-21 12:00:00
190;13;ridge_log;0.0895023627574936;75.0;0.09584316434118056;900.5429396478087;0.0958425217240922;716.1567074486867;[6746.6447, 6798.6222, 7195.7777, 8567.5198, 8904.8314, 7739.3217, 7450.8732, 7385.5572, 7802.7911, 7944.5245, 7628.6166, 7572.0591, 7657.8975];"[6533.27546195 6555.12938872 6640.98124215 6719.83374326 6889.64878488
 7080.50393136 7097.60875533 7091.85266818 7156.49131655 7215.16313067
 7140.72838621 7040.91849105 6922.86420286]";2016-01-24 12:00:00;2016-04-17 12:00:00
259;13;ridge_log;0.3046916233379808;58.333333333333336;0.3690355419563594;306.19630559246946;0.369003455249229;226.5422830019596;[640.0, 382.0, 760.0, 460.0, 529.0, 522.0, 606.0, 1366.0, 650.0, 761.0, 365.0, 756.0, 561.0];"[449.87392155 355.59935003 503.03932465 634.36846393 479.46019306
 370.20561341 355.78066993 519.10117449 468.22176021 399.76814858
 318.25137243 427.29405397 480.7232026 ]";2016-07-17 12:00:00;2016-10-09 12:00:00
220;13;ridge_log;0.1558392942416488;41.666666666666664;0.17468709577777874;1339.8553698901017;0.1746857044272933;1097.2362837588767;[6828.5, 6285.6, 6113.7, 6232.6, 6497.7, 6564.6, 6691.3, 6573.2, 7264.6, 7098.1, 7419.5, 7102.4, 7617.3];"[6862.99917001 6708.690549   6650.38261003 6429.21370364 6207.34754097
 5919.3694396  5630.53792394 5452.50974306 5296.24936427 5221.64196269
 5218.48250089 5325.83817376 5483.53769463]";2015-01-04 12:00:00;2015-03-29 12:00:00
204;13;ridge_log;0.13105461153879033;50.0;0.14365677241701416;1365.0411647104374;0.14365588503172133;1163.6023061407059;[7861.26, 8112.62, 8184.75, 7859.97, 7684.15, 8442.22, 8836.31, 8658.0, 8548.11, 8993.2, 9492.4, 9448.05, 9119.31];"[7753.81744074 7690.23477036 7605.88118046 7462.56804085 7394.60111692
 7385.68037952 7348.43259632 7264.20736952 7210.75009648 7217.98150377
 7238.14172831 7265.62308596 7275.60071096]";2016-02-28 12:00:00;2016-05-22 12:00:00
259;13;ridge_log;0.2935997095554945;66.66666666666667;0.30532602521967134;296.92119139414126;0.3052954821311079;177.22252638960813;[405.0, 397.0, 842.0, 381.0, 324.0, 391.0, 275.0, 568.0, 292.0, 402.0, 293.0, 1406.0, 684.0];"[437.02889714 374.73324493 555.29494258 550.27699415 442.58421554
 329.49914276 406.83639842 494.80888131 449.78824966 366.83857964
 333.93192855 447.56019747 467.81885171]";2016-04-17 12:00:00;2016-07-10 12:00:00
229;13;ridge_log;0.11923846403859323;58.333333333333336;0.12564152049902735;629.8680683322059;0.12563966808854854;433.07952718547745;[3117.6, 2928.4, 2783.4, 2987.1, 2533.1, 3403.5, 3054.5, 3060.2, 3022.7, 3426.2, 4886.7, 4280.2, 3533.6];"[3020.12389694 3043.17203299 3080.21713382 3193.45538777 3181.7366778
 3212.55748231 3213.16126351 3260.14566641 3239.54669398 3197.9851636
 3180.03550475 3147.21513236 3101.88382292]";2016-10-23 12:00:00;2017-01-15 12:00:00
191;13;ridge_log;0.17100731209413547;41.666666666666664;0.15322655162467724;217.86673640468763;0.15322029022951378;187.54542032378092;[1160.330918, 1165.783708, 1130.218848, 1144.012678, 1116.237318, 1143.744038, 1056.720308, 1119.294178, 1064.618758, 1048.372548, 1135.591008, 1105.256478, 1120.579848];"[1159.27611359 1189.98317144 1194.60133839 1224.98825719 1267.66533936
 1317.45808914 1347.82633609 1367.48923233 1386.8768566  1398.77989927
 1394.55230184 1368.42047596 1328.82407819]";2016-10-23 12:00:00;2017-01-15 12:00:00
259;13;ridge_log;0.2526283471533182;66.66666666666667;0.27569227948286906;291.69990806824745;0.275662736166537;153.60969400464242;[432.0, 423.0, 466.0, 198.0, 458.0, 314.0, 672.0, 443.0, 388.0, 345.0, 397.0, 1390.0, 547.0];"[363.66315221 395.50148025 402.54547481 347.39793126 384.55799933
 412.17319299 435.65026467 392.55683281 384.93062444 392.34363376
 431.12211373 404.0247391  387.68028206]";2016-01-17 12:00:00;2016-04-10 12:00:00
205;13;ridge_log;0.18113009477416778;50.0;0.20468571672747565;242.96380384648236;0.20467564780127742;209.0528687648402;[1050.5, 1093.4, 1222.0, 1223.7, 1043.1, 930.1, 1070.1, 1341.0, 966.5, 1052.4, 938.6, 1193.9, 1217.3];"[994.26682027 997.53970594 957.57803099 933.36045936 901.8972001
 876.90444741 863.95410027 845.67194651 825.45027084 819.28503956
 840.07380516 869.08486832 899.84601132]";2016-11-27 12:00:00;2017-02-19 12:00:00
243;13;ridge_log;0.310081971981423;75.0;0.39270271535904655;424.1141643654366;0.3926815895297029;374.76165371667224;[1562.4, 1546.5, 1512.0, 1476.1, 1423.0, 1366.5, 1296.8, 1216.7, 1171.6, 1128.1, 1082.5, 1060.5, 1037.2];"[1553.90914383 1482.07465289 1366.04017853 1229.29572002 1065.00628699
  906.77218046  765.71085044  649.90656994  572.45937624  531.97696575
  535.59792844  598.05872555  751.1899226 ]";2016-01-31 12:00:00;2016-04-24 12:00:00
220;13;ridge_log;0.09338225587765957;50.0;0.0876384811746994;647.4882562729779;0.08763777050113473;540.9804059954215;[6258.9, 5889.7, 5634.5, 5441.7, 5553.7, 5635.3, 5683.1, 5970.5, 6366.4, 6702.7, 6434.9, 6782.2, 6836.5];"[6206.18377239 6321.96827451 6356.36418094 6491.15639985 6557.03362436
 6575.39908368 6623.38775661 6685.83343813 6727.98113196 6675.26753217
 6651.37092133 6566.44697273 6480.35125614]";2014-10-05 12:00:00;2014-12-28 12:00:00
191;13;ridge_log;0.18689270936140645;50.0;0.16498013586622046;269.857662505664;0.1649741396024265;227.16626527964675;[1309.94827, 1347.26561, 1319.34352, 1336.41084, 1293.13957, 1325.14548, 1215.45858, 1222.49539, 1213.005518, 1247.680118, 1232.250028, 1114.986108, 1157.753818];"[1285.90956897 1316.28872391 1345.37111336 1394.61955934 1449.16664801
 1505.99358542 1556.1471176  1587.13785613 1602.59431573 1594.29162131
 1566.72533683 1517.94991581 1455.81776198]";2016-07-24 12:00:00;2016-10-16 12:00:00
260;13;ridge_log;0.017332960224504042;41.666666666666664;0.01712373518326358;95.70189152093407;0.017123551679226835;79.89726288799046;[4687.3, 4661.5, 4573.9, 4712.8, 4699.2, 4555.3, 4629.3, 4557.9, 4714.0, 4676.1, 4633.5, 4639.5, 4603.6];"[4711.29705161 4701.36368397 4687.34385181 4679.74750401 4747.1090576
 4774.95539226 4724.87786856 4677.32238891 4695.24270671 4726.1612006
 4730.64199891 4712.92611956 4709.95601448]";2016-10-16 12:00:00;2017-01-08 12:00:00
260;13;ridge_log;0.014059154158984937;75.0;0.013988264639590027;79.65539778345479;0.013988116170965143;65.90361600850058;[4683.8, 4742.4, 4616.0, 4741.5, 4710.2, 4702.2, 4634.8, 4593.2, 4697.4, 4881.8, 4711.1, 4639.1, 4648.6];"[4746.35347848 4743.3920552  4723.65030125 4767.11876136 4773.98422291
 4758.10716948 4735.16041609 4731.04948607 4735.05598877 4733.19522578
 4712.72588216 4700.57293093 4701.2715412 ]";2016-07-17 12:00:00;2016-10-09 12:00:00
191;13;ridge_log;0.05828233237429414;58.333333333333336;0.05947467337114308;94.65849974427474;0.059472545907198526;83.30004990369164;[1509.56167, 1561.77097, 1487.5162, 1519.57736, 1484.61378, 1475.19036, 1377.46786, 1321.04819, 1342.65317, 1273.74456, 1311.79669, 1268.40868, 1285.65725];"[1436.82775842 1428.97744995 1407.4762449  1375.7800622  1348.06067361
 1331.7205291  1318.19702592 1306.88145804 1303.56466383 1313.22693503
 1334.01728197 1361.232933   1392.11698472]";2016-04-24 12:00:00;2016-07-17 12:00:00
229;13;ridge_log;0.0649435681064702;66.66666666666667;0.06243312290857721;243.60268867308048;0.06243215275028009;201.32323101472423;[3288.8, 3215.3, 3200.6, 3081.7, 3065.8, 3032.4, 3060.7, 3097.7, 2987.1, 2854.6, 2931.3, 2991.5, 3150.4];"[3510.49848839 3311.22426223 3643.39649522 3483.32638105 3458.62130698
 3202.89512832 3344.03420346 3183.60309972 3081.62680721 3007.8001033
 2972.36731197 2982.4504564  2925.64112826]";2016-07-24 12:00:00;2016-10-16 12:00:00
205;13;ridge_log;0.35817243896230433;33.333333333333336;0.45847953009816894;397.42721348885976;0.4584493735622637;350.017472087442;[862.2, 859.1, 820.0, 865.3, 876.2, 875.6, 880.5, 925.6, 956.0, 965.5, 1248.6, 1061.5, 997.4];"[764.50461277 735.01785233 707.89505288 672.30977398 620.87742965
 577.19037463 538.84276534 509.10026628 489.35952281 483.09216425
 490.56701395 511.04983833 543.46619567]";2016-08-28 12:00:00;2016-11-20 12:00:00
220;13;ridge_log;0.024921569200308597;41.666666666666664;0.024776283609298448;210.67412552514804;0.024776090519470974;159.07973947555317;[6730.0, 6568.1, 6643.0, 6520.7, 6440.6, 6522.0, 6312.9, 6269.1, 6675.6, 6226.3, 6069.1, 6042.6, 6320.7];"[6888.68729362 6748.25398736 6640.0468754  6642.46335147 6544.64172801
 6463.41930809 6290.64401003 6220.20368495 6210.39708067 6254.27957181
 6307.25237987 6429.59819009 6573.07107009]";2014-07-06 12:00:00;2014-09-28 12:00:00
244;13;ridge_log;0.07561259399532583;58.333333333333336;0.07294606310748084;219.58400738626887;0.0729446806186841;193.59066100694432;[2291.2, 2266.7, 2332.0, 2266.8, 2538.8, 2482.1, 2508.7, 2508.2, 2705.3, 2972.8, 3072.2, 3059.0, 2984.6];"[2367.18221971 2417.56132813 2445.03417811 2538.84505128 2654.70363
 2743.53493092 2837.99075367 2901.79930187 2955.81175934 2988.62678758
 2954.83197053 2871.43188178 2751.34749521]";2016-10-30 12:00:00;2017-01-22 12:00:00
260;13;ridge_log;0.016031332426833182;58.333333333333336;0.01619252202090898;93.45920750554475;0.01619234957465052;76.03230904771372;[4894.7, 4639.3, 4612.1, 4728.3, 4713.9, 4666.9, 4618.9, 4676.3, 4779.9, 4670.9, 4727.9, 4668.8, 4740.2];"[4695.44138466 4688.72521834 4671.58142907 4674.39334592 4684.4295106
 4678.49805924 4673.1912505  4661.76223923 4642.51506927 4625.56101302
 4609.64136471 4597.59547075 4595.93654138]";2016-04-17 12:00:00;2016-07-10 12:00:00
191;13;ridge_log;0.05766453758659498;66.66666666666667;0.06053642280037846;108.13691793766225;0.060534215879863136;83.04504486606841;[1300.82304, 1332.70601, 1301.72704, 1334.92191, 1373.44782, 1404.7884, 1405.50338, 1432.5436, 1416.77444, 1467.06102, 1492.00745, 1460.38198, 1437.06147];"[1326.59203212 1328.1571026  1323.32857436 1330.76225014 1339.47721765
 1351.85590949 1351.0815433  1348.76097071 1337.42327156 1318.00762848
 1294.49551023 1271.41472668 1253.54629239]";2016-01-24 12:00:00;2016-04-17 12:00:00
205;13;ridge_log;0.28021000618756076;41.666666666666664;0.34622267741795054;236.74725912887345;0.3461916931847103;194.36326846840473;[574.2, 630.4, 597.7, 500.6, 450.2, 524.0, 550.4, 615.2, 640.6, 739.1, 789.6, 784.5, 807.2];"[495.08070243 472.06671988 466.66115315 464.40712672 463.93227227
 451.66648434 437.88360331 427.37408137 419.00937817 408.90074502
 398.99737692 396.64252963 401.81988123]";2016-05-29 12:00:00;2016-08-21 12:00:00
221;13;ridge_log;0.11379390573049174;50.0;0.12103600197965986;1100.2229555276115;0.12103521097420154;926.2321475613096;[7727.1, 7515.8, 7002.1, 7245.4, 7361.2, 7562.2, 7879.1, 8082.1, 8025.9, 8605.0, 8503.5, 8405.7, 8763.5];"[8015.9531593  8012.42025156 7881.62890447 7793.33651109 7752.76224077
 7631.66367919 7405.88814407 7136.03519991 6986.12960911 6890.10808077
 6824.27448404 6790.01361887 6865.2976913 ]";2015-04-05 12:00:00;2015-06-28 12:00:00
229;13;ridge_log;0.12367565308220091;50.0;0.11379950887862655;473.9694989715929;0.11379787937217989;398.11887465602683;[3013.9, 3069.1, 3169.8, 3094.8, 3305.6, 3184.5, 3346.4, 3227.3, 3195.7, 3128.0, 3256.7, 3982.6, 3394.8];"[3108.51108548 3229.14938611 3345.75459136 3383.12662721 3472.68916469
 3629.36568175 3782.83018535 3845.54982285 3920.50841567 3978.48188806
 3992.30376754 3928.38461756 3819.65937202]";2016-04-24 12:00:00;2016-07-17 12:00:00
192;13;ridge_log;0.04688607702912014;58.333333333333336;0.04857172829505334;361.0998709475321;0.04857130871734144;281.1614574579613;[5897.9498, 5780.9284, 5693.2279, 5734.5912, 5836.8002, 5884.0807, 5840.0028, 5820.8905, 5977.0669, 6176.512, 6055.0658, 6023.6219, 6056.9425];"[5995.06214129 5906.47905851 5886.13292639 5856.04720785 5850.03132402
 5793.90048465 5728.7645409  5683.3646737  5618.67426067 5549.42043981
 5464.37605496 5432.70104221 5458.13781422]";2016-10-23 12:00:00;2017-01-15 12:00:00
205;13;ridge_log;0.10220165525778387;50.0;0.10230930590681728;57.07605673746476;0.1022976443838671;44.97122117772948;[497.4, 407.0, 459.2, 486.3, 465.9, 359.1, 404.8, 400.3, 421.8, 433.4, 420.3, 491.5, 509.8];"[425.93257496 435.33436599 450.50481971 463.11954057 457.69455245
 449.33027117 456.08212321 464.95640097 459.2121304  437.96354343
 418.89600516 406.83268421 399.2727828 ]";2016-02-28 12:00:00;2016-05-22 12:00:00
260;13;ridge_log;0.4232386725490513;50.0;0.34078255240542765;2123.7776580013397;0.3407795770517915;1961.5063350391026;[4737.4, 4594.2, 4533.3, 4638.7, 4647.7, 4610.9, 4585.4, 4563.6, 4636.7, 4615.2, 4661.1, 4690.0, 4687.2];"[5272.49168235 5645.48851227 5731.59024617 5984.09070614 6193.1178095
 6543.03911985 6556.90821913 6342.56062471 6687.29186112 7449.16926446
 7835.81215222 7812.539456   7646.88270159]";2016-01-17 12:00:00;2016-04-10 12:00:00
192;13;ridge_log;0.047249834796995335;33.333333333333336;0.045880849877713605;302.0210842972055;0.04588045895078997;269.28028859328253;[5807.2051, 5712.3016, 5699.7066, 5750.0749, 5853.068, 5759.6172, 5601.9599, 5676.4694, 5621.1457, 5587.8225, 5767.0494, 5742.8164, 5980.0691];"[5919.00576988 5937.74170198 5905.55256447 5891.79152227 5890.18778429
 5922.69168019 5970.88464355 6005.06112233 6040.2548967  6086.4407406
 6143.9495566  6171.37027203 6175.01729681]";2016-07-24 12:00:00;2016-10-16 12:00:00
244;13;ridge_log;0.1657484263013552;58.333333333333336;0.14953209578554705;449.9971900898535;0.14952927050257203;395.86882650707514;[2877.2, 2846.2, 2899.6, 2688.2, 2323.4, 2439.4, 2487.2, 2415.8, 2382.3, 2345.7, 2296.2, 2337.1, 2324.9];"[2809.77243436 2891.95297061 2938.79801352 2903.43519828 2879.51294697
 2876.63865155 2887.35916644 2920.02972464 2920.60421188 2911.03481153
 2906.08324649 2906.92930597 2922.48893108]";2016-07-31 12:00:00;2016-10-23 12:00:00
221;13;ridge_log;0.04437858317415492;75.0;0.043054296480414256;373.61155760078526;0.04305400798102313;321.5280043029692;[8004.0, 7690.3, 7269.1, 7284.9, 7349.7, 7231.4, 7032.9, 6801.4, 7252.0, 7600.2, 7704.1, 7594.1, 7923.1];"[7972.94965179 7911.12915402 7777.91577509 7703.85164808 7652.07095782
 7616.31953413 7548.01005921 7537.23128689 7595.40258873 7715.73635785
 7832.29475229 7940.25006198 8051.80153164]";2015-01-04 12:00:00;2015-03-29 12:00:00
206;13;ridge_log;0.31325692302092933;66.66666666666667;0.3935519731729386;5640.716075119831;0.3935503308760576;4765.7308868608725;[11744.3, 11322.8, 11200.7, 12733.5, 14568.8, 20567.8, 16736.3, 13883.6, 13380.5, 13299.4, 15151.2, 14482.4, 14773.8];"[10907.9015355  11169.92215845 10533.10219339 10441.86730444
  9789.97241035  9372.60119149  9167.06777145  8844.86084883
  8547.8535239   8245.4266803   8257.25390022  8215.39719593
  8397.37175655]";2016-11-27 12:00:00;2017-02-19 12:00:00
261;13;ridge_log;0.0030414430570602246;66.66666666666667;0.003035124492836036;15.599296042514727;0.0030350899436447755;13.331562353196695;[4382.033, 4394.197, 4378.668, 4378.375, 4378.166, 4390.312, 4401.788, 4382.618, 4382.058, 4401.802, 4397.108, 4379.233, 4378.908];"[4391.94015847 4396.47886366 4393.033219   4387.26608137 4392.45939601
 4402.02619616 4400.97380799 4395.22596027 4400.1020961  4409.41643496
 4412.30560482 4408.81778114 4406.90232661]";2016-10-16 12:00:00;2017-01-08 12:00:00
192;13;ridge_log;0.0751978641112617;33.333333333333336;0.07869406490961685;493.77344536727975;0.07869338226486877;453.6046365815415;[5939.7861, 5936.0026, 5856.3239, 5919.1817, 6045.713, 6169.6334, 6073.7667, 6066.8341, 6051.3106, 6023.9284, 6002.573, 6041.0409, 5905.5933];"[5699.05026759 5656.82704032 5577.43640969 5509.01453032 5447.92086335
 5406.70838753 5396.96416953 5397.78254991 5433.12834303 5502.63051068
 5597.69499165 5701.61853323 5808.0508276 ]";2016-04-24 12:00:00;2016-07-17 12:00:00
221;13;ridge_log;0.12272658798640301;41.666666666666664;0.13395313976152007;1156.8218924239598;0.133952229054769;985.2228865035306;[7619.0, 7498.5, 7345.6, 7747.1, 7689.9, 7927.0, 7798.0, 8001.1, 8190.0, 8322.2, 8172.7, 8046.9, 7940.7];"[7767.39587171 7568.05889826 7291.96526531 7148.02856573 7071.2289726
 6894.20354812 6676.88845309 6517.65631558 6503.49781395 6506.41952958
 6534.51215224 6620.25656804 6826.60006119]";2014-10-05 12:00:00;2014-12-28 12:00:00
206;13;ridge_log;0.3148141322913184;50.0;0.40071132539962506;3899.623503447458;0.4007088774840367;3290.152617114041;[8123.6, 8557.2, 7261.7, 8400.5, 9342.4, 12284.7, 10168.6, 9767.4, 10607.0, 10822.5, 10382.0, 10153.7, 10991.7];"[8179.58776    8374.44236133 7927.25473503 7514.56775081 7161.94191038
 6631.46035979 6341.52704942 5965.24932053 5693.25633941 5425.50028398
 5357.719997   5408.39736486 5553.19573504]";2016-08-28 12:00:00;2016-11-20 12:00:00
261;13;ridge_log;0.003176979441658333;83.33333333333333;0.003170613608799019;15.682502469083651;0.0031705775872323144;13.953716189002709;[4395.72, 4407.211, 4390.455, 4390.121, 4389.943, 4402.957, 4408.741, 4393.034, 4392.652, 4412.606, 4404.118, 4382.682, 4382.308];"[4403.66509688 4409.12579954 4407.79257537 4407.61741746 4412.04368963
 4417.85976232 4417.61121748 4413.3112463  4411.21196865 4414.29339578
 4412.00535105 4406.55007139 4400.85871859]";2016-07-17 12:00:00;2016-10-09 12:00:00
206;13;ridge_log;0.2380647616703162;33.333333333333336;0.27879492182474297;2138.2127813851316;0.27879274665214526;1789.8698591774005;[5848.7, 5607.4, 5819.5, 5967.5, 5655.6, 7086.6, 7923.3, 7279.7, 7902.4, 8296.5, 8382.4, 7605.3, 7740.7];"[6422.15572184 6609.15175391 6400.0014522  6331.90832466 6153.38303233
 6188.89916669 5844.83925792 5714.74430154 5225.66228876 4986.16755063
 4824.41056384 4643.89204147 4537.87694477]";2016-05-29 12:00:00;2016-08-21 12:00:00
244;13;ridge_log;0.23883858829506704;66.66666666666667;0.20291215007373659;849.588671058319;0.20290916005794232;690.919940077952;[2947.5, 2834.0, 2854.0, 2884.6, 2863.4, 2894.1, 3046.2, 2898.2, 2742.1, 2876.6, 2995.2, 2942.7, 2864.5];"[2838.12191877 2907.17895809 2956.63517875 3049.86046633 3208.98428773
 3372.48662071 3572.62397892 3797.38731036 3975.77054427 4136.78192139
 4231.64259158 4225.86500188 4132.96427977]";2016-05-01 12:00:00;2016-07-24 12:00:00
229;13;ridge_log;0.1376635042085253;66.66666666666667;0.12390943661882095;688.0603342120539;0.12390786633584151;498.0896464555078;[3973.4, 3810.0, 3766.1, 3683.0, 3516.5, 3409.5, 3385.1, 3288.7, 3186.8, 3175.5, 3252.1, 3167.8, 3046.7];"[4577.15830098 5428.01569447 5032.50966699 4310.63227602 3871.84379898
 4263.35291466 3795.57015226 3306.04921602 3134.02643667 3160.54105098
 3035.60017863 2902.01244299 2874.3865072 ]";2016-01-24 12:00:00;2016-04-17 12:00:00
192;13;ridge_log;0.07325590121035026;75.0;0.07727237592860144;500.18832238379025;0.0772716639934736;419.5655634643425;[5238.3814, 5377.5759, 5448.4639, 5527.6636, 5660.4753, 5697.5441, 5702.1121, 5812.4992, 5779.7088, 5834.7226, 5819.5185, 5807.6825, 5731.5006];"[5139.87488885 5181.55346231 5230.03540656 5318.13101068 5433.51642631
 5466.09435732 5440.897779   5396.55377695 5355.14925916 5241.52039897
 5066.63128855 4916.23728973 4797.30083057]";2016-01-24 12:00:00;2016-04-17 12:00:00
261;13;ridge_log;0.003472701070445741;83.33333333333333;0.0034663738758094515;16.190631867116156;0.0034663345682098587;15.284095755652114;[4425.827, 4416.669, 4401.115, 4400.819, 4400.648, 4408.58, 4396.845, 4396.075, 4395.929, 4404.322, 4411.592, 4396.004, 4395.753];"[4415.36101649 4421.85204695 4419.8604823  4416.81516544 4415.1479239
 4420.2179425  4418.98020662 4417.02587348 4414.3238104  4418.19603854
 4418.1549306  4417.81175539 4414.19208519]";2016-04-17 12:00:00;2016-07-10 12:00:00
221;13;ridge_log;0.06910282657316501;75.0;0.06606879638192302;545.9210062298464;0.06606834118548491;480.57250479506433;[7190.8, 6554.0, 6410.7, 6883.8, 7130.3, 7070.1, 6737.0, 6787.5, 7410.5, 7405.3, 7448.9, 7440.3, 7766.6];"[7741.18869264 7563.59017644 7345.7599305  7269.74978559 7314.97791821
 7275.27295239 7243.09095805 7261.54667704 7485.20464953 7744.58521941
 7948.7196677  8068.9643066  8220.59162824]";2014-07-06 12:00:00;2014-09-28 12:00:00
261;13;ridge_log;0.001679941013233099;66.66666666666667;0.001678165187131455;8.823411665214879;0.0016781461958945733;7.414493946974499;[4427.801, 4415.076, 4408.55, 4408.021, 4407.622, 4420.345, 4424.521, 4414.615, 4414.362, 4418.619, 4423.381, 4412.953, 4412.648];"[4420.61411542 4424.44082252 4423.17357881 4421.4774283  4424.35436206
 4427.4974858  4427.37402739 4422.5063617  4420.84314012 4422.22727932
 4421.18286653 4416.90521001 4413.53570723]";2016-01-17 12:00:00;2016-04-10 12:00:00
206;13;ridge_log;0.21973636200139463;50.0;0.2672505520925782;1661.3092931219644;0.2672477797850713;1292.99799785938;[5228.2, 5448.3, 5573.2, 5872.7, 5670.1, 5318.4, 4755.5, 5191.1, 5501.9, 6735.3, 5699.0, 5896.8, 6217.6];"[4933.85621051 5091.70740738 5081.92681112 5358.78121583 4888.47538588
 4678.15657585 4509.05682965 4266.72595924 4000.80029437 3711.72614676
 3411.06450124 3219.11314854 3147.73554146]";2016-02-28 12:00:00;2016-05-22 12:00:00
262;13;ridge_log;0.3025826210395927;16.666666666666668;0.2538727756323905;595.8439849965682;0.2538668046630571;540.6501194641324;[2296.0, 2219.6, 2214.9, 2044.6, 2043.2, 1968.0, 1966.2, 1746.1, 1724.1, 1701.4, 1717.7, 1603.2, 1617.0];"[2380.8240713  2417.08089592 2442.94250362 2457.82361951 2464.95413606
 2465.03535357 2466.89994392 2473.05778418 2477.39436838 2475.94231132
 2468.76964632 2458.3231931  2441.40372584]";2014-10-12 12:00:00;2015-01-04 12:00:00
193;13;ridge_log;0.11356468690179863;66.66666666666667;0.10489130789009006;68.52745265485521;0.10488158791000897;56.62556339833159;[483.26481, 501.30087, 495.69513, 505.966605, 490.018459, 506.016419, 506.059303, 488.243623, 494.494998, 507.554868, 508.900208, 491.403635, 498.588915];"[488.37011833 496.25797834 502.34421626 508.31345794 534.21453572
 557.11015681 566.74341737 579.03248058 592.14906835 601.23804808
 602.48752714 594.50052615 580.7928528 ]";2016-10-23 12:00:00;2017-01-15 12:00:00
262;13;ridge_log;0.21873551571476588;33.333333333333336;0.24699149611429144;540.124615090852;0.24698572873807378;529.9204243070053;[2566.0, 2668.4, 2440.4, 2359.4, 2371.7, 2375.2, 2399.9, 2455.6, 2419.7, 2381.7, 2357.2, 2397.3, 2378.0];"[2218.58454319 2145.02962852 2045.77064831 1973.03683202 1899.07017032
 1838.82910787 1792.05544303 1763.70569469 1751.4172953  1754.70510122
 1781.31795998 1827.61879312 1890.39326644]";2014-07-13 12:00:00;2014-10-05 12:00:00
262;13;ridge_log;0.2200167392989823;41.666666666666664;0.2540739365630812;523.0269816195599;0.25406704618920906;469.35730603914607;[1639.8, 1620.5, 1661.8, 2019.6, 2016.4, 2103.6, 2043.1, 2212.2, 2202.7, 2166.1, 2267.2, 2287.7, 2179.2];"[1587.58292735 1575.78351283 1548.8356491  1538.57381238 1527.23322172
 1522.5241953  1512.03176656 1502.95470934 1512.74482715 1549.7125958
 1604.11637458 1650.08572262 1686.07570676]";2014-04-13 12:00:00;2014-07-06 12:00:00
244;13;ridge_log;0.20038880223532302;50.0;0.23009418405485726;698.2841432438362;0.23008990695954318;625.6825207395921;[3471.9, 3498.1, 3511.1, 3547.9, 3477.4, 3356.9, 3264.6, 3135.2, 3038.9, 3080.8, 2916.3, 2882.3, 2865.5];"[3631.9870412  3569.07004659 3373.5436885  3060.8474698  2857.42618677
 2719.88912814 2535.97449041 2309.79523165 2135.585399   2017.06688833
 1991.79678122 2039.11336193 2133.04569242]";2016-01-31 12:00:00;2016-04-24 12:00:00
207;13;ridge_log;0.06991768309829156;91.66666666666667;0.06887278492660677;1903.3674782346434;0.06887264945720734;1762.2765519520208;[29018.3, 25380.9, 24903.8, 27184.9, 23801.6, 22076.0, 21381.2, 24022.8, 28176.7, 30520.0, 23750.7, 25196.6, 29393.0];"[27601.77719916 24605.16960095 24181.40433052 25143.3572382
 26514.82414764 24715.28714027 23762.99486287 25599.33883848
 27289.60579565 27603.3739061  25706.83489122 26500.99607995
 27814.69271448]";2016-11-27 12:00:00;2017-02-19 12:00:00
262;13;ridge_log;0.19476568878695144;58.333333333333336;0.21738789016073565;338.11057898859843;0.2173805539280616;322.7709072185059;[1440.4, 1484.3, 1495.3, 1655.0, 1569.2, 1671.1, 1637.2, 1665.9, 1749.8, 1771.4, 1832.6, 1713.8, 1505.2];"[1295.46377156 1264.8639902  1275.97033287 1277.98384932 1286.82566871
 1300.54039806 1334.93771346 1371.58507117 1381.17703176 1353.10890152
 1308.58532015 1280.0799658  1264.05619158]";2014-01-12 12:00:00;2014-04-06 12:00:00
222;13;ridge_log;0.014625693032988439;50.0;0.014544038618327402;534.4432250922958;0.014544012232046098;400.88556921930564;[26994.0, 26695.0, 28522.0, 27712.0, 27511.0, 27231.0, 27409.0, 27856.0, 27639.0, 26848.0, 27687.0, 27342.0, 27494.0];"[27177.75857523 27421.78049027 27499.86815032 27504.18177617
 27355.7023848  27524.60442338 27967.40377694 28144.49686603
 27909.22048599 28032.0871585  27692.22016739 27628.21969746
 27523.47306995]";2017-07-23 12:00:00;2017-10-15 12:00:00
230;13;ridge_log;0.30679448225989575;50.0;0.41734038384412736;537.7171649031151;0.4173174156706716;382.93054409630753;[599.6, 646.8, 672.0, 706.3, 755.7, 899.6, 917.3, 1036.2, 1119.2, 1283.0, 1384.5, 1475.1, 1504.4];"[582.64773081 599.08383555 625.28277912 655.40415837 686.40867244
 712.728796   723.09960002 717.58878492 683.14960036 628.42371491
 551.32595413 468.76410135 387.69519878]";2016-10-23 12:00:00;2017-01-15 12:00:00
263;13;ridge_log;0.07257941825206081;41.666666666666664;0.0770333456002291;411.9914601280268;0.07703238500698878;309.1797741145687;[4071.7, 4155.0, 4247.5, 4042.0, 3908.2, 3923.1, 3563.7, 3806.9, 4360.7, 4563.2, 4354.9, 4323.4, 3629.0];"[4028.36513373 3959.83361845 3865.57677224 3938.4741661  3807.15359003
 3837.80698365 3780.79494213 3757.71635902 3730.36708226 3696.97479969
 3672.54088507 3757.63010466 3727.08161625]";2014-10-12 12:00:00;2015-01-04 12:00:00
193;13;ridge_log;0.22187666788501292;66.66666666666667;0.19497843902466097;127.95083640219849;0.19496201528917959;115.76502711643742;[602.188475, 577.360593, 544.565223, 545.618343, 549.831618, 539.843669, 551.638609, 516.306741, 522.54378, 550.939375, 516.637301, 487.092421, 481.79923];"[612.71988811 619.26516105 618.5528139  624.63362335 634.36107327
 651.76307309 663.20402876 668.98972575 673.5457852  681.81712914
 684.15094656 681.9682842  676.33919812]";2016-07-24 12:00:00;2016-10-16 12:00:00
263;13;ridge_log;0.04097445382156928;66.66666666666667;0.04210353642863469;189.67040129614827;0.042102983411498714;160.32339005539825;[3674.1, 4001.7, 3873.1, 3684.3, 3834.6, 3878.6, 3703.9, 3805.8, 3939.4, 3826.2, 3988.0, 3666.3, 4069.2];"[3625.74759812 3653.53223856 3698.91262009 3694.09879342 3640.61207441
 3654.0584046  3666.33530055 3731.68594943 3743.6133271  3711.22719097
 3715.71289664 3769.84621737 3782.3033396 ]";2014-07-13 12:00:00;2014-10-05 12:00:00
263;13;ridge_log;0.1888256988382251;83.33333333333333;0.17068255456515738;750.021330677607;0.17068048354298468;704.5998953854343;[3856.9, 3630.0, 3467.5, 3657.4, 3812.6, 3755.2, 3691.7, 3704.5, 3876.7, 3986.0, 3854.0, 3620.4, 3691.5];"[4026.49155879 3995.86983806 4172.42174858 4253.22372495 4344.51235391
 4263.17493702 4451.435714   4466.88360241 4701.21225576 4827.75971627
 4782.98024771 4680.18329999 4798.04964255]";2014-04-13 12:00:00;2014-07-06 12:00:00
263;13;ridge_log;0.15936998364966456;41.666666666666664;0.17922551946669238;860.2539315059907;0.1792233006180854;725.1663382322391;[4453.3, 4453.3, 4186.5, 4433.4, 4499.0, 4979.9, 4522.2, 4609.3, 4223.3, 4350.9, 4690.7, 4694.6, 3881.0];"[4390.43608883 4376.0555341  4195.57657868 3930.7275536  3811.42345529
 3737.74735235 3551.46285743 3440.00357112 3370.19207416 3345.96988805
 3380.34025745 3480.84135152 3557.61419776]";2014-01-12 12:00:00;2014-04-06 12:00:00
222;13;ridge_log;0.023865303207536433;58.333333333333336;0.022916152535661777;1119.9671089560604;0.022916109262742644;607.718570673048;[27776.0, 26726.0, 27951.0, 27867.0, 27742.0, 27373.0, 27230.0, 27404.0, 27368.0, 23617.0, 27621.0, 27635.0, 27644.0];"[28218.68302171 28003.59386741 27664.51509127 27662.02658164
 27635.26048548 27600.1018851  27624.0354872  27473.13382272
 27380.00089443 27312.6406388  27265.08207854 27179.00000057
 27271.96396111]";2017-04-23 12:00:00;2017-07-16 12:00:00
207;13;ridge_log;0.0429737942770824;91.66666666666667;0.04342067481216602;1271.6793160868601;0.04342058959056323;1112.7957281786382;[27017.6, 21699.2, 22778.1, 25885.7, 27355.5, 26095.6, 26422.3, 27688.9, 30403.6, 29045.6, 24157.1, 25880.9, 27060.7];"[25081.37922101 21037.65470079 21747.07438021 24788.93033538
 28063.91890509 25350.72398105 23835.72068999 27024.10095879
 30141.11829489 29917.69431374 26000.35246433 26775.23838987
 28224.64295541]";2016-08-28 12:00:00;2016-11-20 12:00:00
264;13;ridge_log;0.1653687481358319;41.666666666666664;0.1510608036815795;351.021581196252;0.1510573320486157;328.7001699684064;[2057.7, 2149.37, 2022.19, 2061.06, 2031.96, 1904.36, 1962.29, 2017.42, 2020.85, 1963.84, 1942.14, 1973.34, 2009.61];"[2191.53278306 2222.42370993 2254.75430026 2285.77910877 2312.8590294
 2338.23033684 2364.09935059 2382.40751748 2405.45956556 2412.63140496
 2418.39861473 2411.17796921 2389.4785188 ]";2016-10-09 12:00:00;2017-01-01 12:00:00
264;13;ridge_log;0.08866424780473153;66.66666666666667;0.09398497633757143;229.11453020858667;0.0939827906597799;202.45181900412737;[2502.65, 2406.81, 2252.97, 2284.54, 2315.73, 2375.02, 2344.91, 2330.32, 2257.59, 2285.8, 2204.52, 2193.75, 2195.36];"[2390.51875389 2378.38465192 2326.64004115 2261.13373386 2187.66872849
 2121.57514117 2074.95718303 2024.77883555 1990.41502954 1949.60414481
 1925.58854639 1914.96482617 1919.20681928]";2016-07-10 12:00:00;2016-10-02 12:00:00
193;13;ridge_log;0.13727851949243566;41.666666666666664;0.1478601607289597;91.01144758735948;0.1478478723785317;88.97879979184336;[656.417595, 666.839047, 647.846154, 658.824184, 655.73894, 669.912953, 627.867484, 633.999792, 634.638759, 652.912154, 649.774144, 632.025796, 607.187006];"[581.65089355 575.06300834 559.03089447 556.02728882 555.19196519
 550.6732975  541.22332813 538.55453599 545.68521779 549.31836354
 554.2918885  560.34664243 570.20228643]";2016-04-24 12:00:00;2016-07-17 12:00:00
245;13;ridge_log;0.07634774048828447;75.0;0.07257809687486169;146.74186212352754;0.07257562158318408;108.08818797811571;[1138.7, 1098.0, 1159.8, 1136.4, 1476.2, 1476.6, 1385.7, 1392.2, 1435.2, 1579.6, 1807.3, 1769.8, 1686.5];"[1095.52946183 1121.43016381 1169.70275866 1236.29565975 1323.02727957
 1419.72000795 1529.49215391 1644.4269501  1747.80781049 1818.0407432
 1838.69080535 1783.71055532 1660.17440752]";2016-10-30 12:00:00;2017-01-22 12:00:00
264;13;ridge_log;0.03566783006111665;50.0;0.03594102037197437;100.82958942317768;0.03594019023985598;77.94669460069278;[2171.44, 2165.66, 2033.72, 2031.36, 2135.07, 2145.01, 2027.45, 2036.06, 2046.24, 2186.7, 2208.81, 2321.76, 2429.01];"[2135.22565914 2166.22528945 2147.0238763  2140.44746167 2131.51255725
 2093.96526015 2105.82816383 2099.49583227 2124.80255128 2147.3596689
 2162.28483439 2180.37354129 2177.10462387]";2016-04-10 12:00:00;2016-07-03 12:00:00
222;13;ridge_log;0.10595206755884101;41.666666666666664;0.11314425127029569;3251.7939674801073;0.11314403505771958;2960.744895878961;[24263.0, 24218.0, 28332.0, 28460.0, 28142.0, 27489.0, 26633.0, 28002.0, 27662.0, 27613.0, 27793.0, 28738.0, 27842.0];"[24115.78824862 24285.65147414 24244.95122269 24383.96902944
 24327.98837428 24356.28029125 24583.48809734 24637.69831229
 24495.17023823 24558.17436541 24332.43199495 24285.31120486
 24225.71644835]";2017-01-22 12:00:00;2017-04-16 12:00:00
264;13;ridge_log;0.05429727043088547;41.666666666666664;0.05556274534864885;144.9786152186168;0.05556144294672401;118.64048272792505;[2020.41, 2064.83, 2288.7, 2050.78, 2133.92, 2340.43, 2162.41, 2287.6, 2154.38, 2114.34, 2085.86, 2066.06, 2177.3];"[1952.49189724 1948.57507888 1976.57187612 2000.23221257 2035.1005544
 2075.0552754  2109.70692274 2153.20887699 2184.01321028 2212.43628237
 2225.03551697 2219.9860374  2200.65792277]";2016-01-10 12:00:00;2016-04-03 12:00:00
230;13;ridge_log;0.20091848678054106;33.333333333333336;0.17633154704643997;130.38732633115157;0.17631759937789201;111.51679868375946;[657.6, 632.0, 625.0, 623.1, 618.4, 585.4, 541.7, 542.7, 538.8, 541.8, 530.5, 546.4, 562.4];"[661.4080378  650.02798341 674.07795205 674.75543551 698.98024771
 706.52598981 726.04188739 734.94199321 734.1282586  728.49359196
 702.33774194 675.06760887 628.73165463]";2016-07-24 12:00:00;2016-10-16 12:00:00
265;13;ridge_log;0.18001856931140647;41.666666666666664;0.16227014798580963;399.6233705738646;0.16226651567729047;362.5702852923362;[2072.76, 2162.78, 2042.96, 2108.32, 2022.16, 1989.55, 2020.05, 2071.25, 2013.96, 1993.61, 1976.23, 1966.25, 2030.46];"[2181.66406306 2209.89289222 2250.66452222 2293.47400093 2344.15081698
 2387.31504469 2432.04778398 2477.6203964  2512.7449871  2533.73289868
 2542.23588708 2527.96290553 2490.24750992]";2016-10-09 12:00:00;2017-01-01 12:00:00
207;13;ridge_log;0.1269723828638154;91.66666666666667;0.13855276603772354;4169.753565092107;0.13855248728035788;3483.134825622738;[26267.8, 22327.5, 22093.8, 28739.8, 33229.8, 25120.5, 23714.6, 27523.8, 30948.5, 27702.8, 20893.9, 22499.5, 24089.6];"[23198.36724788 19702.86104413 19800.27950765 23156.68637695
 24390.51494798 21482.51630183 20533.47694076 23024.86133415
 25582.46051    23083.20805539 20712.54655199 21342.12478791
 23861.24366028]";2016-05-29 12:00:00;2016-08-21 12:00:00
265;13;ridge_log;0.06576086352423838;66.66666666666667;0.06857188354265603;169.84514236733193;0.06857033101311094;151.91380823252578;[2584.7, 2452.42, 2325.16, 2352.69, 2361.67, 2422.66, 2376.14, 2328.63, 2326.08, 2283.65, 2192.71, 2174.49, 2185.25];"[2417.7087404  2409.06388627 2386.18387834 2345.22654969 2297.83137502
 2245.30501078 2199.17689717 2141.28455105 2095.50278824 2041.6513522
 1994.56172408 1978.90290283 1961.01859359]";2016-07-10 12:00:00;2016-10-02 12:00:00
265;13;ridge_log;0.04870374727655946;33.333333333333336;0.04750182394940294;122.90460948821362;0.04750075478829637;105.62857582076973;[2309.19, 2273.87, 2151.99, 2107.37, 2216.67, 2186.89, 2061.35, 2091.21, 2077.81, 2223.99, 2311.67, 2208.51, 2483.1];"[2249.83261603 2260.82511833 2265.73015456 2282.87444994 2276.29860316
 2257.20882001 2259.20092081 2250.68929953 2264.36649336 2281.79345129
 2301.26321455 2317.77120439 2322.88096247]";2016-04-10 12:00:00;2016-07-03 12:00:00
222;13;ridge_log;0.02297801592451672;33.333333333333336;0.022504223795622814;853.2382029512606;0.02250417678262921;538.9503192881095;[24185.0, 23454.0, 25522.0, 24277.0, 24184.0, 23962.0, 23742.0, 24155.0, 24370.0, 22027.0, 24301.0, 24396.0, 24559.0];"[24234.83462606 24368.42344545 24382.09074567 24307.3753966
 24142.60039197 24205.93974863 24519.12627815 24582.27963825
 24371.82054028 24503.98298521 24188.04462692 24093.08983394
 24071.60290938]";2016-10-23 12:00:00;2017-01-15 12:00:00
245;13;ridge_log;0.4148279315710934;16.666666666666668;0.32704067075416826;553.6916390622697;0.32702980609903487;492.2416248914357;[1498.0, 1482.6, 1387.7, 1358.0, 1306.0, 1273.4, 1281.7, 1200.4, 1147.0, 1121.7, 1120.4, 1122.2, 1109.9];"[1556.60099083 1570.14460692 1613.20651064 1666.51156399 1687.08391423
 1723.1099109  1778.56541516 1814.21643132 1866.52578271 1897.75051559
 1907.20291911 1885.58479794 1841.63776425]";2016-07-31 12:00:00;2016-10-23 12:00:00
193;13;ridge_log;0.09311776649788055;66.66666666666667;0.08783204608859671;62.95544159128598;0.087824793764976;53.294364747600454;[543.70712, 558.53603, 545.03464, 547.18978, 565.29503, 583.88642, 569.38973, 569.02541, 584.78973, 593.27197, 580.00873, 553.7967, 576.79475];"[520.84092195 531.09116547 539.97561367 559.20045846 588.17999911
 613.60392191 639.75120947 659.41207136 676.02294728 678.4359093
 671.03766948 650.86496087 624.39575557]";2016-01-24 12:00:00;2016-04-17 12:00:00
265;13;ridge_log;0.08760750321104224;50.0;0.09251549806856009;224.48460867198864;0.09251338446631557;202.57178057916292;[2216.46, 2312.08, 2331.13, 2129.03, 2232.71, 2380.93, 2271.99, 2446.39, 2358.37, 2294.23, 2226.29, 2202.99, 2270.44];"[2033.45220314 2019.67213338 2023.82128419 2022.52442001 2032.13997083
 2045.83549841 2068.29595834 2090.31030865 2107.48960795 2133.24258258
 2145.05455602 2156.49643137 2161.27189759]";2016-01-10 12:00:00;2016-04-03 12:00:00
266;13;ridge_log;0.2165043457751285;33.333333333333336;0.252322197243711;1036.8334922551676;0.25231849140212115;862.0840616977063;[3031.2, 2833.0, 3121.8, 3662.4, 3801.4, 3635.9, 3732.4, 2989.6, 4445.3, 4025.2, 4599.9, 4366.5, 3613.2];"[3197.057133   3124.80183116 3055.05401126 3001.66915799 2908.61553803
 2888.23940917 2828.86675147 2738.86224983 2749.40321619 2757.64992961
 2720.54331723 2768.80189635 2826.46068495]";2014-10-12 12:00:00;2015-01-04 12:00:00
230;13;ridge_log;3.1150792411911215;41.666666666666664;0.9131051699369789;2760.312303051717;0.9130805596601761;2040.7376718382163;[756.5, 703.3, 680.3, 657.1, 644.7, 662.1, 650.9, 652.1, 646.2, 670.6, 642.5, 673.3, 639.5];"[ 761.21507542  760.21926716  807.9867332   920.89703936 1150.47725786
 1545.88794466 2178.97893436 3126.93124226 4304.7616255  5432.21725833
 5838.03098259 5054.02462006 3327.06175313]";2016-04-24 12:00:00;2016-07-17 12:00:00
266;13;ridge_log;0.06365982234254369;50.0;0.06590207129936564;247.61965048929054;0.06590097039580006;197.67295768918834;[3049.1, 2876.7, 2854.4, 2819.5, 2635.3, 2869.5, 2712.2, 3131.7, 3058.3, 2996.3, 3476.7, 3255.9, 3207.3];"[2954.11115583 2924.74331144 2975.34843169 2900.83883675 2850.38647868
 2791.99954955 2825.53906424 2874.96350932 2909.04856969 2840.11109958
 2861.65161436 2897.02608047 2924.89609403]";2014-07-13 12:00:00;2014-10-05 12:00:00
207;13;ridge_log;0.203078478418592;83.33333333333333;0.23414537198023708;5389.940623651388;0.2341447750588521;4638.189159385548;[22036.8, 19943.8, 20199.5, 24371.2, 26985.1, 22050.2, 20166.3, 23108.5, 25586.3, 21086.5, 18198.1, 20001.4, 24748.9];"[21966.52729589 20109.02748579 19057.49473803 20479.59325906
 19106.26406416 16401.66560371 14842.75369442 15783.89345548
 16698.8353608  15428.19782862 14916.58153969 15645.40939961
 18080.35217431]";2016-02-28 12:00:00;2016-05-22 12:00:00
194;13;ridge_log;0.37075303017846406;33.333333333333336;0.2928812126460442;439.11482670020007;0.29286927093995563;361.397957683119;[984.43264, 1007.22011, 977.57691, 956.13304, 989.18684, 978.19025, 972.65437, 932.85298, 995.85932, 965.36357, 978.65649, 978.76934, 995.1377];"[ 936.83090682  954.50262136  996.1214362  1063.25409537 1149.5791304
 1251.82580025 1365.17543383 1477.6168239  1567.32896342 1636.68528268
 1653.65341011 1623.50146961 1533.49319228]";2016-10-23 12:00:00;2017-01-15 12:00:00
266;13;ridge_log;0.14442495598856644;75.0;0.13028793757070017;516.9855981874927;0.1302858992949758;417.30930572518895;[2688.0, 2837.6, 2841.7, 3112.8, 3141.9, 3052.1, 2737.5, 2798.0, 2834.5, 3197.9, 2986.6, 2831.6, 2928.6];"[2611.68845505 2712.40167311 2823.11919006 2996.26685394 3185.49958827
 3356.73504847 3461.31653571 3622.03863076 3644.95574154 3703.64109021
 3703.50551421 3557.90364406 3361.50135337]";2014-04-13 12:00:00;2014-07-06 12:00:00
266;13;ridge_log;0.07884247539452834;50.0;0.08200038523811828;303.8192884401379;0.08199904129910608;252.61697193633103;[3992.3, 3502.3, 3258.0, 3283.0, 3363.1, 3242.1, 3444.1, 2918.3, 2917.4, 2708.7, 2532.3, 2720.4, 2717.4];"[3503.13762135 3446.68371142 3346.00343521 3105.60067813 2956.01713268
 2880.63291361 2820.60512919 2702.44369806 2650.61196633 2672.1730703
 2756.5525399  2832.00646871 2944.16411243]";2014-01-12 12:00:00;2014-04-06 12:00:00
245;13;ridge_log;0.5981867422105074;50.0;0.4060341195433176;1228.227143294493;0.4060254752437669;963.8427100567241;[1711.9, 1731.0, 1727.5, 1735.4, 1681.2, 1703.9, 1699.4, 1643.9, 1541.0, 1515.6, 1670.4, 1644.4, 1567.9];"[1658.50329895 1729.53595209 1788.08652253 1935.57088631 2063.99783338
 2310.85963945 2539.10694063 2878.87364843 3161.11806716 3452.03694912
 3575.10477561 3571.63541152 3329.30380763]";2016-05-01 12:00:00;2016-07-24 12:00:00
208;13;ridge_log;4.456785050026981e+304;8.333333333333334;inf;inf;inf;inf;[4185.45, 4185.45, 4185.45, 4185.45, 4185.45, 3944.18, 3944.18, 3944.18, 3944.18, 3944.18, 3944.18, 3944.18, 3944.18];"[ 1.79769313e+308 -1.79769313e+308  1.79769313e+308 -1.79769313e+308
  1.79769313e+308 -1.79769313e+308  1.79769313e+308 -1.79769313e+308
  1.79769313e+308 -1.79769313e+308  1.79769313e+308 -1.79769313e+308
  1.79769313e+308]";2016-11-27 12:00:00;2017-02-19 12:00:00
267;13;ridge_log;0.13603647897592297;41.666666666666664;0.1257909273579019;189.87999269748624;0.12578638215124285;174.15542191716844;[1306.27, 1382.07, 1271.27, 1314.49, 1308.47, 1194.08, 1259.07, 1298.64, 1304.74, 1285.92, 1251.62, 1308.33, 1369.04];"[1371.20892168 1397.27594531 1413.62032713 1431.21854526 1445.29015805
 1463.55293306 1481.96634007 1497.38338231 1515.30404288 1523.55853544
 1531.88413813 1528.84140961 1516.92580601]";2016-10-09 12:00:00;2017-01-01 12:00:00
230;13;ridge_log;0.5215272622021463;66.66666666666667;0.7484615478563489;635.8354326927538;0.748410799189103;579.9321726626313;[1472.2, 1447.3, 1425.7, 1369.7, 1353.0, 1282.0, 1173.0, 1087.5, 1043.4, 1033.4, 929.2, 849.4, 789.6];"[1368.31655193 1262.87368994 1063.00982463  822.86675323  603.05063885
  436.76279769  314.27409955  242.95878585  210.82007503  221.72274485
  298.02066855  528.93771546 1236.53259015]";2016-01-24 12:00:00;2016-04-17 12:00:00
267;13;ridge_log;0.092474926082;58.333333333333336;0.09845321809819384;150.96006732692175;0.09844954931516024;132.49152904742408;[1596.07, 1534.9, 1427.4, 1435.44, 1455.28, 1516.95, 1475.35, 1464.92, 1405.32, 1430.21, 1378.3, 1377.27, 1365.39];"[1517.75900428 1506.28980737 1462.89549212 1422.98090347 1381.00962958
 1346.18770881 1313.18585285 1280.64019585 1249.51887883 1208.86316938
 1185.04033453 1168.44162147 1168.58850806]";2016-07-10 12:00:00;2016-10-02 12:00:00
194;13;ridge_log;0.17673465357236834;66.66666666666667;0.1541086497432038;241.14788621078998;0.15410243084501207;191.40578008795302;[1254.66338, 1256.98199, 1291.18945, 1302.09832, 1239.77508, 1246.45096, 1204.81181, 1199.36321, 1149.89276, 1092.35538, 1057.45203, 1019.74092, 929.2967];"[1260.96795894 1278.76663747 1299.7022379  1318.09121551 1351.15285948
 1375.94592087 1406.17902227 1424.07186354 1435.95523255 1430.58710321
 1416.43627752 1386.48467588 1348.00612601]";2016-07-24 12:00:00;2016-10-16 12:00:00
208;13;ridge_log;4.285767672039831e+304;8.333333333333334;inf;inf;inf;inf;[4209.23, 4209.23, 4209.23, 4209.23, 4209.23, 4185.46, 4185.45, 4185.45, 4185.45, 4185.45, 4185.45, 4185.45, 4185.45];"[ 1.79769313e+308 -1.79769313e+308  1.79769313e+308 -1.79769313e+308
  1.79769313e+308 -1.79769313e+308  1.79769313e+308 -1.79769313e+308
  1.79769313e+308 -1.79769313e+308  1.79769313e+308 -1.79769313e+308
  1.79769313e+308]";2016-08-28 12:00:00;2016-11-20 12:00:00
267;13;ridge_log;0.05169110871501768;58.333333333333336;0.050901309738379016;83.23873482463628;0.050899427750970075;69.0142164081072;[1364.93, 1365.31, 1248.55, 1256.79, 1303.04, 1314.84, 1243.38, 1256.47, 1270.99, 1377.81, 1392.95, 1516.34, 1550.01];"[1340.60265508 1367.34529773 1352.11556042 1349.91486533 1349.74227671
 1331.78472322 1350.73772001 1357.4037158  1386.04904204 1401.48981591
 1407.5904421  1413.49124684 1404.04474403]";2016-04-10 12:00:00;2016-07-03 12:00:00
223;13;ridge_log;0.2040105597471443;58.333333333333336;0.17591057416167316;536.0060926430637;0.17590680962951222;417.7499944028977;[1706.741, 1739.879, 1741.962, 1763.156, 1740.79, 1857.234, 1746.231, 2071.371, 1997.189, 2097.67, 2111.099, 2253.543, 2460.929];"[1675.60368018 1681.99874774 1729.53804882 1813.25604423 1932.72908241
 2103.0973262  2285.76252773 2540.33005542 2763.45266464 2975.62627685
 3080.12189079 3061.96110591 2872.1834298 ]";2016-10-09 12:00:00;2017-01-01 12:00:00
194;13;ridge_log;0.020334407290169516;50.0;0.020191451711869892;30.375578316736938;0.020190678504141156;26.391037652916392;[1402.61818, 1384.13153, 1339.43521, 1372.5604, 1346.2035, 1330.58684, 1352.19308, 1257.60152, 1276.22062, 1265.21869, 1254.25231, 1238.95574, 1263.84335];"[1363.04783493 1366.75766235 1362.14358762 1357.94938411 1349.39562198
 1331.80226547 1318.04685954 1299.60390263 1294.48305951 1287.4931766
 1290.21467483 1292.67442143 1301.88911035]";2016-04-24 12:00:00;2016-07-17 12:00:00
267;13;ridge_log;0.06999765818565046;41.666666666666664;0.07026281736280668;119.03383619559042;0.07026027801114644;97.28693080191867;[1300.72, 1320.39, 1515.12, 1309.01, 1367.51, 1527.04, 1379.59, 1459.51, 1361.01, 1323.12, 1311.9, 1286.87, 1379.89];"[1264.3254808  1256.32699371 1273.20821184 1286.25641129 1315.08269002
 1340.41130437 1366.008641   1402.53433687 1428.77142946 1453.04308997
 1461.69895072 1460.10321431 1449.16748587]";2016-01-10 12:00:00;2016-04-03 12:00:00
245;13;ridge_log;0.329255932293106;75.0;0.4362332961470416;733.8121999797984;0.4362176303064103;625.1311509405821;[2490.5, 2416.8, 2340.5, 2378.7, 2229.6, 2156.1, 2045.6, 1941.7, 1860.6, 1844.3, 1823.4, 1728.1, 1704.8];"[2371.7669525  2445.47771591 2254.50121878 2127.14021471 1805.61083927
 1599.70004221 1288.48942879 1100.4295854   911.21548998  799.86955522
  719.14079629  711.06362069  756.94500982]";2016-01-31 12:00:00;2016-04-24 12:00:00
208;13;ridge_log;4.467120297304996e+304;0.0;inf;inf;inf;inf;[3759.94, 3759.94, 3759.94, 3759.94, 3759.94, 4209.23, 4209.23, 4209.23, 4209.23, 4209.23, 4209.23, 4209.23, 4209.23];"[ 1.79769313e+308 -1.79769313e+308  1.79769313e+308 -1.79769313e+308
  1.79769313e+308 -1.79769313e+308  1.79769313e+308 -1.79769313e+308
  1.79769313e+308 -1.79769313e+308  1.79769313e+308 -1.79769313e+308
  1.79769313e+308]";2016-05-29 12:00:00;2016-08-21 12:00:00
268;13;ridge_log;0.17531064178867478;41.666666666666664;0.1573629573151633;247.32642012363263;0.15735724027501988;216.75310477549635;[1258.78, 1335.44, 1229.92, 1305.02, 1251.08, 1192.61, 1232.56, 1280.13, 1217.91, 1237.3, 1200.59, 1223.0, 1325.46];"[1312.76957908 1329.15896417 1352.36806705 1379.18290427 1413.32489966
 1445.74981868 1483.88607542 1523.37355465 1556.66478182 1576.18518221
 1586.31996417 1580.10859521 1555.93590403]";2016-10-09 12:00:00;2017-01-01 12:00:00
194;13;ridge_log;0.06077146741534124;66.66666666666667;0.06303855447291995;89.29249085269511;0.06303612453534917;81.7728738358982;[1314.522466, 1351.660313, 1309.945731, 1322.147712, 1316.062467, 1300.562396, 1321.866729, 1348.456965, 1388.139494, 1348.00829, 1350.720494, 1330.66606, 1371.41998];"[1285.89611178 1286.81838786 1279.20034556 1271.44197544 1254.42917606
 1247.88165199 1239.69075309 1238.82876834 1240.37798224 1240.72650524
 1242.74409818 1240.98788751 1242.10809383]";2016-01-24 12:00:00;2016-04-17 12:00:00
231;13;ridge_log;0.11164247938419948;75.0;0.12491270773964923;479.6911545964294;0.12491026959784908;323.4312830270926;[1880.4, 1889.2, 1864.5, 1961.1, 2009.7, 2211.1, 2235.0, 2421.8, 2774.0, 3052.0, 3018.4, 3171.4, 3206.1];"[1910.54128202 1939.72876644 1981.11357681 2040.63981705 2100.65043608
 2183.18217391 2250.89272135 2314.13680875 2364.80731328 2372.15897971
 2352.94938668 2278.34680632 2168.27845174]";2016-10-23 12:00:00;2017-01-15 12:00:00
268;13;ridge_log;0.05671644599642314;66.66666666666667;0.058738379325366345;88.69248175731389;0.058736200761584194;79.6537673032424;[1614.85, 1533.98, 1423.93, 1440.83, 1455.76, 1501.9, 1445.74, 1401.49, 1382.89, 1358.03, 1310.81, 1305.36, 1318.9];"[1487.76122632 1486.47926587 1468.55621282 1461.04241013 1439.37496825
 1405.47311909 1380.27446818 1331.23312504 1303.45448348 1252.7446916
 1210.69007164 1193.28394592 1168.28028261]";2016-07-10 12:00:00;2016-10-02 12:00:00
268;13;ridge_log;0.09105103595405808;58.333333333333336;0.08623757125561701;134.36315092972052;0.08623445048978516;119.24730769040706;[1449.09, 1421.82, 1305.31, 1288.15, 1357.31, 1331.0, 1233.66, 1246.6, 1264.24, 1365.76, 1413.92, 1329.13, 1554.13];"[1411.65973791 1431.8180001  1430.61839455 1452.2518497  1448.6071492
 1437.7977989  1449.55359387 1450.30170472 1463.52646807 1469.62183233
 1474.20467449 1473.62527638 1466.37200442]";2016-04-10 12:00:00;2016-07-03 12:00:00
208;13;ridge_log;4.939593636928522e+304;0.0;inf;inf;inf;inf;[3461.72, 3461.72, 3461.72, 3461.72, 3461.72, 3759.94, 3759.94, 3759.94, 3759.94, 3759.94, 3759.94, 3759.94, 3759.94];"[ 1.79769313e+308 -1.79769313e+308  1.79769313e+308 -1.79769313e+308
  1.79769313e+308 -1.79769313e+308  1.79769313e+308 -1.79769313e+308
  1.79769313e+308 -1.79769313e+308  1.79769313e+308 -1.79769313e+308
  1.79769313e+308]";2016-02-28 12:00:00;2016-05-22 12:00:00
270;13;ridge_log;0.12453070330811;41.666666666666664;0.1366666125759375;1201.6487038029672;0.13666568290740586;1004.6620807625964;[7661.3, 7754.9, 7634.3, 7495.5, 7846.8, 7899.6, 8028.8, 8126.1, 8295.7, 8169.0, 8102.7, 7990.4, 8058.8];"[7731.95641626 7635.16986914 7499.44862795 7335.60788525 7154.01669084
 6974.1176291  6773.45991844 6588.55190532 6485.68246223 6429.68603253
 6424.27020799 6492.14601445 6620.49212311]";2014-10-12 12:00:00;2015-01-04 12:00:00
268;13;ridge_log;0.06548139410247947;58.333333333333336;0.06792109263275603;113.44070807635507;0.0679186970775887;96.31566273945292;[1471.86, 1500.48, 1520.07, 1329.11, 1399.62, 1507.28, 1424.65, 1535.04, 1459.92, 1394.09, 1381.52, 1389.98, 1436.0];"[1328.88138835 1315.03353975 1320.35475368 1315.07325079 1331.26902289
 1337.74403257 1373.84835362 1397.84100303 1414.82475499 1447.0790124
 1455.95546997 1467.63532966 1469.86390325]";2016-01-10 12:00:00;2016-04-03 12:00:00
246;13;ridge_log;0.23173231483380002;50.0;0.2896527731200853;1961.5957614593285;0.28964990677568125;1464.211043420491;[4410.5, 4581.6, 4723.5, 4791.8, 5421.0, 5510.5, 5612.2, 5829.8, 6084.9, 6239.6, 6659.6, 6860.6, 6854.3];"[4340.6534301  4493.69439515 4537.55798475 4677.24141317 4699.07429779
 4730.8533279  4594.51263066 4461.31694212 4206.93034448 3925.83691133
 3593.46061342 3275.4532231  3008.57092157]";2016-10-30 12:00:00;2017-01-22 12:00:00
223;13;ridge_log;0.06519358295181597;66.66666666666667;0.06269053623796225;140.74139714797408;0.06268895810299373;125.01972712143751;[2159.673, 2141.451, 2105.011, 2110.274, 2083.505, 2061.724, 2021.172, 1972.966, 1867.279, 1835.919, 1756.097, 1744.083, 1709.974];"[2074.12015478 2116.41121184 2146.36991525 2170.51571341 2197.32895727
 2188.79274616 2191.00529373 2159.12486327 2102.42299657 2035.87074051
 1950.27169943 1861.77127854 1779.19361504]";2016-07-10 12:00:00;2016-10-02 12:00:00
270;13;ridge_log;0.04059455466410826;58.333333333333336;0.039732597680708096;315.20965410024934;0.039732324125247825;288.70546948101685;[7010.8, 6870.6, 6974.8, 6936.0, 6904.1, 6944.5, 7040.1, 7069.4, 7132.0, 7317.5, 7179.1, 7331.1, 7733.4];"[6990.93616411 7026.95085363 7107.67227393 7188.22179069 7261.8454807
 7329.22385481 7426.42479057 7503.01406158 7580.17251258 7599.48243477
 7594.84721756 7540.1680295  7458.91603296]";2014-07-13 12:00:00;2014-10-05 12:00:00
231;13;ridge_log;0.10567919357256715;41.666666666666664;0.09945416755397235;225.56915014915396;0.09945179150323652;208.2862502773148;[2154.9, 2213.8, 2148.7, 2066.9, 2066.4, 2003.8, 1958.2, 1961.7, 1946.1, 1917.4, 1917.6, 1886.6, 1912.1];"[2236.21640443 2234.85432768 2243.4410568  2259.23205078 2267.68056585
 2260.5159641  2259.87772203 2246.67083356 2222.20722448 2210.40281749
 2168.13673025 2144.37336377 2108.3121924 ]";2016-07-24 12:00:00;2016-10-16 12:00:00
269;13;ridge_log;0.09619431618694568;33.333333333333336;0.10324222141832086;957.9777846840118;0.10324155267255573;796.9719052841982;[7727.9, 8061.2, 7905.6, 7710.1, 7937.5, 7954.8, 8244.7, 8336.4, 8431.2, 8311.7, 8421.9, 8301.7, 8375.9];"[7997.54883119 7910.58106194 7799.9588103  7689.87100952 7546.68072887
 7396.23537864 7270.37822697 7139.3274232  7073.82670177 7024.4670348
 6983.58827647 7002.68622917 7064.11318085]";2014-10-12 12:00:00;2015-01-04 12:00:00
270;13;ridge_log;0.026570357650353947;66.66666666666667;0.026116884531107474;223.74966447111757;0.026116705213714682;190.20940240395598;[7456.9, 7316.8, 7207.6, 7258.0, 7339.7, 7373.3, 7436.7, 7413.7, 7104.2, 7130.1, 7052.9, 7121.4, 6991.1];"[7305.8991583  7350.16307332 7384.19108545 7427.28311979 7457.74455182
 7479.69198932 7482.77508684 7460.00638193 7441.91200467 7415.50753582
 7403.55135515 7389.86957452 7374.52563092]";2014-04-13 12:00:00;2014-07-06 12:00:00
209;13;ridge_log;0.14510061055389928;41.666666666666664;0.15861025339218288;1481.33797102662;0.1586093261154389;1356.8365697578533;[8204.21, 8496.79, 8690.18, 8796.65, 9308.62, 8889.88, 9285.78, 9353.08, 9523.59, 9788.87, 9638.59, 9552.7, 9535.58];"[7978.61916241 7986.09022734 7985.53054033 7931.8787472  7875.98849488
 7823.31524654 7767.21394426 7742.0441589  7670.29584856 7680.1748717
 7661.02975739 7660.04906268 7663.41453095]";2016-11-27 12:00:00;2017-02-19 12:00:00
231;13;ridge_log;1.0939043234202521;50.0;0.5659831696129097;3291.4313891061324;0.5659761119773719;2406.533608084425;[2299.5, 2180.5, 2221.6, 2201.0, 2173.9, 2247.1, 2207.7, 2185.9, 2198.8, 2184.3, 2162.7, 2233.4, 2213.5];"[2289.97336895 2263.85242571 2356.44109937 2493.8171478  2784.49951346
 3189.36030872 3830.23541306 4629.70719768 5630.00994242 6712.76673257
 7618.60385788 8198.83510493 7977.68153045]";2016-04-24 12:00:00;2016-07-17 12:00:00
270;13;ridge_log;0.09146356384176066;58.333333333333336;0.08698369679267945;713.5459426160714;0.08698313456294089;672.9741486011283;[7676.2, 7460.8, 7513.8, 7329.1, 7256.3, 7149.7, 7251.9, 7367.9, 7452.4, 7549.2, 7434.5, 7384.8, 7305.3];"[7803.64724069 7828.93166081 7861.30555414 7903.74305261 7979.12012713
 8048.16143751 8122.77057017 8163.08158192 8208.05501517 8250.08376658
 8259.59612266 8250.77612532 8201.29167711]";2014-01-12 12:00:00;2014-04-06 12:00:00
246;13;ridge_log;0.1392973038991754;33.333333333333336;0.12721856991236993;655.5681845890178;0.1272171318186603;562.8087031075979;[4578.0, 4359.9, 4276.6, 4240.6, 4130.5, 4241.0, 3996.2, 3910.6, 3870.3, 4016.1, 3975.2, 4060.8, 4238.0];"[4427.59962355 4549.47954868 4506.07699562 4613.57854149 4700.42928559
 4877.75541083 4911.33643172 4944.7043018  4931.984138   4882.42775206
 4751.9871455  4525.66854387 4286.48466878]";2016-07-31 12:00:00;2016-10-23 12:00:00
209;13;ridge_log;0.13243839019585676;41.666666666666664;0.14465932369217532;1183.3332103732512;0.14465832280866087;1045.5601735077082;[7399.99, 7640.33, 7775.39, 7678.7, 7643.95, 7598.17, 7773.65, 7935.26, 7812.35, 8128.39, 8011.22, 8003.44, 8024.76];"[7202.2634153  7389.54082181 7345.54421506 7053.15920148 6796.58582282
 6850.09252535 6818.08195316 6620.66349018 6380.09760397 6301.94495901
 6394.9109074  6369.25137126 6311.18145761]";2016-08-28 12:00:00;2016-11-20 12:00:00
269;13;ridge_log;0.03948700173268454;41.666666666666664;0.03844696410275595;347.2134144598232;0.03844671393717047;295.5267595690676;[7394.2, 7309.1, 7417.5, 7381.4, 7367.1, 7393.2, 7475.1, 7494.6, 7457.7, 7616.1, 7488.3, 7619.5, 7996.2];"[7366.75795199 7424.95874721 7504.5716197  7575.6274261  7652.940958
 7724.58414662 7842.69449894 7918.59799092 8010.79102649 8043.25600883
 8070.59673908 8035.43495588 7966.24829139]";2014-07-13 12:00:00;2014-10-05 12:00:00
271;13;ridge_log;0.04118575082068359;66.66666666666667;0.04017699914514203;42.863789819922275;0.04017492345820787;38.8821537697816;[974.11, 971.93, 949.5, 952.55, 956.53, 955.04, 928.78, 934.69, 937.57, 942.2, 943.45, 949.25, 951.63];"[980.01771956 978.34971438 979.86997078 982.37377895 983.57924377
 985.58658841 989.51159595 992.66626285 995.25018899 996.0488374
 996.39965438 996.9465695  996.09787409]";2016-10-09 12:00:00;2017-01-01 12:00:00
271;13;ridge_log;0.04385944501229485;25.0;0.045080692904523725;47.979729280047074;0.04507834198458295;43.225607527280985;[985.85, 993.35, 987.66, 990.64, 995.44, 993.15, 972.62, 976.98, 984.31, 989.36, 988.56, 981.52, 979.59];"[979.29122458 977.43160455 971.91306091 963.56069662 954.46755316
 943.63867235 932.98294664 925.8434754  919.7276     916.03763435
 917.1967763  922.80768054 932.19817673]";2016-07-10 12:00:00;2016-10-02 12:00:00
209;13;ridge_log;0.12733019403854948;66.66666666666667;0.14115369994215834;1131.6248537629651;0.14115259448691758;901.7765339219235;[6118.09, 6207.59, 6438.29, 6111.99, 6130.59, 6930.47, 6884.98, 6746.45, 6648.9, 6984.26, 7536.75, 7424.66, 7408.92];"[6100.1370409  6218.8132859  6220.37029345 6007.47537207 5840.40260141
 5861.16239367 5892.94352991 5756.31088499 5584.5506246  5549.96804743
 5631.61126888 5649.23181021 5558.31447739]";2016-05-29 12:00:00;2016-08-21 12:00:00
223;13;ridge_log;0.4291905939676034;50.0;0.3237784166826797;1082.5208512949064;0.3237722786654107;862.6904939178198;[2211.971, 2154.608, 2094.381, 2080.555, 2014.816, 2009.243, 1976.18, 1943.358, 1986.531, 1994.012, 2008.642, 2044.616, 2037.038];"[2256.83184849 2219.44748387 2260.65362817 2285.22025339 2409.01441331
 2531.39713044 2739.19051031 2971.6363122  3237.56425869 3505.95253306
 3716.87823556 3843.28415637 3793.85665708]";2016-04-10 12:00:00;2016-07-03 12:00:00
269;13;ridge_log;0.02349580321847137;25.0;0.023125688624501237;231.36011995208193;0.023125538204537204;177.77627600009265;[7878.6, 7727.5, 7663.4, 7695.4, 7764.2, 7790.6, 7861.7, 7846.1, 7554.0, 7552.8, 7486.3, 7521.3, 7360.8];"[7761.56025162 7724.53335892 7727.01174574 7697.54138676 7680.71152568
 7680.71035831 7703.681489   7709.23665775 7743.9193331  7772.29434551
 7825.4754913  7862.18806576 7908.39486112]";2014-04-13 12:00:00;2014-07-06 12:00:00
271;13;ridge_log;0.018218493608483263;75.0;0.01843734369894823;20.201229285518348;0.018436380242542367;17.641805642667194;[932.32, 939.03, 938.11, 946.42, 955.14, 958.35, 965.37, 961.88, 970.94, 979.63, 977.19, 973.34, 979.37];"[932.67262186 933.21729346 933.9292053  935.97600048 938.53625519
 940.34328534 943.5460983  947.48374827 948.94833598 949.68302944
 949.15545958 948.16257673 946.79786044]";2016-04-10 12:00:00;2016-07-03 12:00:00
231;13;ridge_log;0.3865676797721734;66.66666666666667;0.5448155742305123;1338.4649897408153;0.5448018603147701;1129.6009626131838;[3650.8, 3680.9, 3569.2, 3582.9, 3594.8, 3417.9, 3284.1, 3183.7, 3021.2, 2862.0, 2709.2, 2559.7, 2315.8];"[3829.31026314 3722.74779921 3588.10137716 3218.39490699 2752.81164714
 2250.37879799 1808.99147986 1437.09657804 1137.3732603   952.59005768
  825.57092749  819.35963269  883.17963736]";2016-01-24 12:00:00;2016-04-17 12:00:00
246;13;ridge_log;0.6040540943576078;41.666666666666664;0.4166861552433451;3291.182705918228;0.4166828375840028;2650.1176238141943;[5035.5, 4728.3, 4658.7, 4570.3, 4458.7, 4566.9, 4305.1, 4263.3, 4278.4, 4468.9, 4479.3, 4312.4, 4376.2];"[4849.33542958 4909.97193875 4970.74638385 5242.87202028 5646.01299652
 6251.26163216 6954.73342759 7786.31316854 8643.0471209  9367.83411197
 9737.26085612 9515.59812386 8706.21275863]";2016-05-01 12:00:00;2016-07-24 12:00:00
271;13;ridge_log;0.058008612386496954;50.0;0.055604312005223526;66.67542827200663;0.05560146477461436;54.301486173250424;[946.49, 945.82, 943.13, 944.93, 942.24, 940.96, 936.75, 924.0, 936.21, 939.48, 939.5, 937.44, 932.59];"[ 934.60635858  936.18019276  941.43413208  950.69654915  964.8010755
  978.42962691  994.83096165 1011.55101359 1021.92483295 1029.29289203
 1037.78133643 1037.3879728  1030.10374266]";2016-01-10 12:00:00;2016-04-03 12:00:00
209;13;ridge_log;0.06095840996278298;83.33333333333333;0.06368079309566956;439.5859376238309;0.0636802384293266;365.8252764434822;[5636.43, 5643.44, 5561.76, 5391.94, 5432.17, 5755.72, 5934.11, 5843.18, 5790.4, 5945.48, 6334.12, 6354.07, 6041.06];"[5467.70538552 5402.63207351 5441.272976   5353.60263536 5408.57840088
 5423.19216124 5472.91896568 5438.98859153 5426.43106288 5486.71225349
 5518.6794094  5561.470988   5505.96650275]";2016-02-28 12:00:00;2016-05-22 12:00:00
269;13;ridge_log;0.015113550411581522;33.333333333333336;0.014984723664784393;148.41867429780874;0.014984627396520475;116.64613138434407;[7648.4, 7491.8, 7550.7, 8009.4, 7887.8, 7754.9, 7824.9, 7869.0, 7829.5, 7903.2, 7865.8, 7843.4, 7745.5];"[7758.1292458  7776.2396834  7801.5302451  7801.00438359 7839.47535009
 7815.65223177 7848.41256382 7847.01036417 7880.87196001 7917.7537785
 7947.446835   7971.92659914 7977.8266633 ]";2014-01-12 12:00:00;2014-04-06 12:00:00
300;13;ridge_log;0.13371471891622727;58.333333333333336;0.14593242086478656;447.55942463666656;0.14592963735917608;383.96486405979033;[3392.0, 2854.0, 2689.0, 2867.0, 2815.0, 2185.0, 2861.0, 2947.0, 2624.0, 2433.0, 2365.0, 2874.0, 2649.0];"[2500.2292192  2443.94344019 2497.60309668 2416.41098638 2360.6179533
 2331.4426398  2309.18127778 2383.49889833 2363.169511   2342.7902089
 2329.89699812 2285.78206135 2291.7757558 ]";2017-07-16 12:00:00;2017-10-08 12:00:00
300;13;ridge_log;0.20563662879773267;33.333333333333336;0.17958467025424252;545.7669326956104;0.17958115070565575;458.72446801793893;[2481.0, 2287.0, 2350.0, 2325.0, 2388.0, 2212.0, 2151.0, 2321.0, 2096.0, 2294.0, 2050.0, 2809.0, 2517.0];"[2236.86378253 2300.96152685 2545.02018491 2562.58934736 2698.53322233
 2804.45611172 2837.9929442  2844.73891273 3082.75995602 2922.9112661
 3034.95600798 2967.81299096 2916.5493956 ]";2017-04-16 12:00:00;2017-07-09 12:00:00
285;13;ridge_log;0.02054223630154367;66.66666666666667;0.020805704365767917;271.0473261322867;0.020805605006236776;217.85293652352223;[10549.0, 10683.7, 10413.7, 10294.3, 10494.1, 10588.0, 10359.7, 10236.7, 10403.6, 10394.8, 10697.7, 10778.3, 10831.8];"[10686.10874206 10693.59353867 10593.8621646  10492.40129319
 10417.70044267 10342.22514984 10238.99413193 10211.78126717
 10207.35804551 10211.71415132 10233.50583594 10277.79981726
 10336.79872207]";2016-11-27 12:00:00;2017-02-19 12:00:00
272;13;ridge_log;0.07044716778896506;33.333333333333336;0.0736325166035498;528.0228287015906;0.0736319470297719;475.99772338248243;[6542.2, 6602.2, 6631.8, 6704.4, 6867.5, 6809.7, 6853.3, 6828.4, 6750.5, 6774.3, 6767.8, 6564.6, 6614.5];"[6491.83394647 6470.62234475 6444.33985602 6391.36272859 6305.72618889
 6245.4739398  6156.97687727 6105.50971886 6075.17949683 6065.10526113
 6072.73317435 6115.11589536 6183.25016771]";2016-10-09 12:00:00;2017-01-01 12:00:00
300;13;ridge_log;0.37681974370884536;66.66666666666667;0.30129777837685456;995.4539354623815;0.3012926807136521;896.5520064148446;[3813.0, 2995.0, 2855.0, 3292.0, 2907.0, 2610.0, 2770.0, 2617.0, 2132.0, 2541.0, 1803.0, 2216.0, 2215.0];"[3467.87691622 3448.24156305 3288.44352384 3415.91889416 3750.4070413
 3775.0559862  3771.11534863 3476.32009396 3299.23079489 3510.14982596
 3487.34018471 3502.7011051  3538.12863781]";2017-01-15 12:00:00;2017-04-09 12:00:00
246;13;ridge_log;0.16320408020630742;58.333333333333336;0.18098676691307672;1087.3139211490327;0.1809849569380017;910.6830804684087;[6705.3, 6326.7, 6138.0, 6115.1, 5895.2, 5997.7, 5751.9, 5535.8, 5504.2, 5431.8, 5252.1, 5022.3, 4922.5];"[6862.528937   6378.15561406 5919.23856653 5375.40794318 5111.76696695
 4638.64536502 4207.97806011 3905.41705367 3827.73933221 3966.58044556
 4266.33318947 4938.52731    6066.22972772]";2016-01-31 12:00:00;2016-04-24 12:00:00
223;13;ridge_log;0.3265830984802126;75.0;0.4418802524740923;1001.1734679704659;0.4418679791112441;810.8409174121332;[2680.476, 2656.738, 2688.858, 2680.598, 2657.981, 2612.427, 2670.398, 2600.82, 2548.304, 2492.144, 2409.099, 2375.518, 2280.43];"[2854.05687106 2816.09398713 2661.44265571 2630.1491617  2326.62286103
 2122.1848901  1700.66978212 1460.66136214 1181.85148413 1035.18333316
  909.32219502  875.0931452   905.40106153]";2016-01-10 12:00:00;2016-04-03 12:00:00
300;13;ridge_log;0.1802789515058779;41.666666666666664;0.20576571721144307;902.14241002161;0.20576261863765247;690.6618863359265;[2441.0, 2562.0, 3365.0, 3063.0, 3033.0, 3694.0, 3066.0, 3968.0, 4511.0, 4357.0, 4443.0, 2931.0, 2976.0];"[2817.55044554 2821.77319632 2824.75950485 2825.00267564 2826.41752249
 2823.38185435 2821.56433696 2825.09905006 2822.99581605 2824.98260272
 2822.89969099 2823.5912997  2824.02476568]";2016-10-16 12:00:00;2017-01-08 12:00:00
285;13;ridge_log;0.0414200257990724;66.66666666666667;0.04276867952951202;549.2931076724261;0.042768472551836585;441.9591724961921;[9859.8, 9884.0, 9920.8, 10160.1, 10254.3, 10556.4, 10622.4, 10546.9, 11128.1, 10427.2, 10531.7, 10812.7, 10655.7];"[ 9873.22391286  9856.4635578   9900.14723551  9954.53016805
 10026.09607312 10051.6741358  10077.60653078 10069.06229417
 10052.97497105 10011.97588519  9972.31314587  9920.73115893
  9874.67951415]";2016-08-28 12:00:00;2016-11-20 12:00:00
301;13;ridge_log;0.1462749140198692;75.0;0.16525644111237345;663.0377986127912;0.16525370947688509;502.51097225579986;[3121.0, 2733.0, 2775.0, 3159.0, 2695.0, 2770.0, 3158.0, 2702.0, 3445.0, 3021.0, 3534.0, 4221.0, 3385.0];"[2690.08105408 2652.88294621 2660.302372   2672.94179274 2641.49671052
 2631.80838249 2601.76928109 2599.58969151 2637.33512786 2594.624319
 2589.65057214 2609.81996743 2604.05514362]";2017-07-16 12:00:00;2017-10-08 12:00:00
232;13;ridge_log;0.10284395306397441;41.666666666666664;0.09883786702595562;159.08653511845074;0.09883403352140682;129.69061042321994;[1036.6, 1036.6, 994.0, 1040.9, 1024.8, 1199.4, 1106.1, 1197.6, 1296.0, 1448.2, 1485.5, 1600.9, 1695.0];"[1022.60143773 1035.14666288 1069.18146412 1132.01586758 1188.16723688
 1277.7497062  1345.91735687 1440.25794226 1498.99796528 1543.03072642
 1532.46764675 1479.48714287 1381.17273337]";2016-10-23 12:00:00;2017-01-15 12:00:00
301;13;ridge_log;0.09034711113830797;41.666666666666664;0.08747644583796442;300.55870349759607;0.08747478303859618;231.27765034145756;[2566.0, 2120.0, 2960.0, 2656.0, 2678.0, 2323.0, 2414.0, 2913.0, 2607.0, 2777.0, 2401.0, 2697.0, 3247.0];"[2646.96572265 2679.84348845 2741.22827743 2653.67837296 2750.77037025
 2786.79736491 2679.96208614 2745.19004724 2742.41149748 2653.1212326
 2671.11294372 2668.2724713  2630.76361764]";2017-04-16 12:00:00;2017-07-09 12:00:00
301;13;ridge_log;0.3337905424755852;50.0;0.2646025489136379;907.8275522654956;0.26459801095800034;776.8844404011344;[2810.0, 3051.0, 3111.0, 3701.0, 2980.0, 2721.0, 2474.0, 1686.0, 2374.0, 2610.0, 2003.0, 2688.0, 3404.0];"[3485.25504267 3484.82263253 3468.91724346 3474.56570234 3477.6333149
 3484.16158184 3490.63617624 3479.23455186 3480.8464134  3484.91059921
 3479.07307739 3485.03385646 3484.53893758]";2017-01-15 12:00:00;2017-04-09 12:00:00
301;13;ridge_log;0.20057065816966538;50.0;0.22406104469607785;784.6130192558621;0.22405747299179155;706.4986134489839;[2584.0, 2341.0, 3479.0, 3225.0, 3215.0, 3715.0, 3451.0, 3826.0, 3742.0, 3896.0, 4046.0, 3054.0, 3253.0];"[2740.19992541 2765.36993453 2753.76959251 2748.06633797 2760.97287374
 2751.73311083 2754.87803898 2755.5672912  2751.68722349 2757.3542626
 2755.61258608 2753.47263647 2754.97393123]";2016-10-16 12:00:00;2017-01-08 12:00:00
302;13;ridge_log;0.1286456826728874;83.33333333333333;0.1257619460318893;777.0342446045408;0.12576062935106674;610.6547543258287;[5797.0, 4859.0, 5145.0, 5401.0, 4446.0, 3132.0, 4343.0, 5185.0, 5489.0, 5312.0, 5005.0, 6408.0, 5480.0];"[5086.7034851  4793.42537572 4988.8605919  5137.12384067 4891.01741098
 4750.31118328 4705.92372038 4836.19173231 4912.43634942 4659.50308309
 4678.6650768  4753.5668292  4722.2641442 ]";2017-07-16 12:00:00;2017-10-08 12:00:00
302;13;ridge_log;0.19430767585416528;25.0;0.17192387124126865;1008.2523118531462;0.17192218791641461;881.5486083980451;[4312.0, 3912.0, 5361.0, 5550.0, 4857.0, 4334.0, 4276.0, 5683.0, 4719.0, 4985.0, 4318.0, 5188.0, 6041.0];"[5154.90705214 5297.04802955 5916.17000914 5609.71611972 5612.34691198
 5758.85899946 5673.55033834 5878.09976417 5984.50328269 5714.55340915
 6004.09592074 5891.20079319 5580.91872109]";2017-04-16 12:00:00;2017-07-09 12:00:00
302;13;ridge_log;0.2851009146280262;50.0;0.236327686158206;1652.6776054114837;0.23632574185032432;1442.1323894439154;[7051.0, 6007.0, 5599.0, 7287.0, 5639.0, 5385.0, 5930.0, 5994.0, 4746.0, 4926.0, 3848.0, 5227.0, 6050.0];"[6947.65382375 7063.99421891 6853.68800536 6939.11529573 7145.63356716
 7083.77636227 7037.82124955 6976.20095554 7057.07004429 7120.19802405
 7102.09360688 7078.87957218 7128.13457605]";2017-01-15 12:00:00;2017-04-09 12:00:00
302;13;ridge_log;0.21716739384895714;41.666666666666664;0.25662111949426486;2078.613937575381;0.25661913051484714;1667.3654663646034;[5223.0, 5050.0, 6726.0, 6047.0, 6876.0, 9491.0, 7448.0, 7457.0, 7710.0, 8649.0, 7466.0, 5902.0, 5413.0];"[5256.81877728 5285.9718579  5282.55511561 5237.1211689  5219.22144682
 5237.94271011 5257.35692093 5257.38995915 5246.76366422 5249.29909958
 5263.92237808 5266.73699018 5260.73011885]";2016-10-16 12:00:00;2017-01-08 12:00:00
285;13;ridge_log;0.04869121872558247;33.333333333333336;0.05009523311048461;523.8833089413131;0.05009497270511655;482.10800054980024;[9508.0, 10065.5, 10308.8, 10365.7, 9934.1, 9699.6, 9629.4, 9741.0, 9616.8, 9767.3, 9771.2, 9860.1, 9817.2];"[9704.73827342 9692.68336522 9685.60413636 9648.85884172 9595.80535607
 9503.11628149 9411.85213071 9314.0986021  9221.50550359 9143.98811107
 9100.78553344 9086.04363995 9101.69276455]";2016-05-29 12:00:00;2016-08-21 12:00:00
272;13;ridge_log;0.11101997162050449;33.333333333333336;0.12022459470541827;836.438379847765;0.12022358054555471;712.8137470371878;[6124.4, 6191.5, 6206.8, 6219.9, 6386.3, 6330.4, 6554.1, 6384.8, 6394.0, 6408.3, 6464.6, 6440.3, 6477.9];"[6090.52288393 6075.61167585 6045.11947305 5972.80691844 5871.58024344
 5742.63312175 5617.86675476 5490.39269655 5381.41846271 5309.34558007
 5238.79460155 5223.06015234 5257.56872408]";2016-07-10 12:00:00;2016-10-02 12:00:00
224;13;ridge_log;0.12737304219259182;50.0;0.11778433235457876;309.32546141759326;0.11778170114834616;264.8995669277293;[1930.9, 1929.5, 1958.5, 1935.1, 1926.6, 2119.8, 1982.7, 2016.5, 2039.6, 2311.4, 2792.7, 2319.2, 2147.7];"[1962.80313697 2008.51141424 2114.1497513  2187.35795128 2271.44946013
 2358.04586667 2462.69108489 2542.71506718 2579.37515356 2565.89730685
 2526.20075051 2435.78542067 2305.91350684]";2016-10-23 12:00:00;2017-01-15 12:00:00
303;13;ridge_log;0.14629205850934776;75.0;0.14589481185932354;514.3382593248215;0.14589202841589793;390.47231949626047;[3253.0, 2595.0, 2754.0, 2963.0, 2634.0, 1609.0, 2817.0, 3632.0, 3136.0, 2790.0, 2432.0, 3129.0, 3024.0];"[2872.70474465 2579.35271831 2721.70066975 2858.43207512 2746.94084355
 2560.30894025 2450.18285029 2532.8074576  2608.5671354  2451.12123302
 2394.62566216 2497.13553977 2546.47954428]";2017-07-16 12:00:00;2017-10-08 12:00:00
303;13;ridge_log;0.13528511367754054;33.333333333333336;0.12519923685424048;428.9321410173752;0.12519693641195498;343.1493867265935;[2529.0, 2148.0, 2826.0, 2766.0, 2542.0, 2215.0, 2287.0, 2983.0, 2744.0, 2784.0, 2375.0, 2754.0, 3547.0];"[2597.26608801 2446.68750759 2786.22239458 2900.42824974 2947.5359807
 3033.78293851 2911.65827666 2999.18174454 3115.12522527 2940.56576132
 2953.45407187 2997.73763045 2842.25905264]";2017-04-16 12:00:00;2017-07-09 12:00:00
303;13;ridge_log;0.27663164379967853;16.666666666666668;0.22812655785528427;840.6418664402752;0.2281228524392585;705.070650105526;[3723.0, 3018.0, 3047.0, 3652.0, 2899.0, 2552.0, 3121.0, 3174.0, 2639.0, 2466.0, 1980.0, 2359.0, 3243.0];"[3613.75835817 3688.09031852 3319.26611672 3199.79510247 3405.8624245
 3626.2186981  3518.22679231 3411.48610162 3585.67584189 3719.60180595
 3634.74831331 3573.09215306 3620.20334603]";2017-01-15 12:00:00;2017-04-09 12:00:00
232;13;ridge_log;0.18798244284075805;58.333333333333336;0.16858859014103506;242.4318673340478;0.16858201793964403;217.68274038261504;[1321.7, 1314.4, 1308.2, 1196.6, 1166.7, 1150.1, 1115.2, 1160.7, 1092.5, 1065.2, 1017.1, 1026.0, 1019.6];"[1467.87055888 1484.82023799 1516.01250569 1547.83304078 1533.3951931
 1513.18610469 1447.3472811  1407.81235545 1314.51891153 1250.34929448
 1159.47208914 1096.09154442 1045.16650771]";2016-07-24 12:00:00;2016-10-16 12:00:00
247;13;ridge_log;0.028336885517329085;25.0;0.029039401197932135;641.3264923421904;0.029039314700920655;487.56009880942196;[16190.4, 16913.4, 16913.4, 17091.0, 17091.0, 16552.7, 16552.7, 17220.2, 17220.2, 16522.2, 16522.2, 17584.0, 17584.0];"[16221.34190166 17015.69196529 16919.99325084 16133.14601686
 16199.50085511 16634.06830124 16558.8584539  16281.98510614
 16397.89847537 16298.61961765 16180.4456158  16516.65404157
 16715.6228599 ]";2016-10-16 12:00:00;2017-01-08 12:00:00
303;13;ridge_log;0.23829295100313447;50.0;0.28090846196576985;1086.7803331800228;0.2809041642933621;923.5027378926965;[2570.0, 2583.0, 3578.0, 3325.0, 3844.0, 4152.0, 3792.0, 3458.0, 3792.0, 4742.0, 4291.0, 3139.0, 3123.0];"[2583.37429447 2750.31327993 2743.36476887 2632.44224015 2598.18445368
 2648.96191726 2708.67637258 2696.71441057 2647.07994959 2653.57283031
 2702.31467121 2702.66608111 2677.17428647]";2016-10-16 12:00:00;2017-01-08 12:00:00
285;13;ridge_log;0.053435957139054885;33.333333333333336;0.05594728589266334;681.3285731352144;0.055946979086744036;510.16703673384893;[9232.7, 9668.0, 9361.6, 9203.8, 9010.2, 9085.1, 9060.3, 9263.8, 9367.0, 9508.6, 9692.9, 9732.2, 9668.0];"[9139.83619382 9252.20938725 9326.97635455 9352.36766957 9319.5328413
 9252.67163467 9122.52298976 8977.4862822  8804.89216822 8661.17799238
 8538.0283172  8453.68704518 8396.02991695]";2016-02-28 12:00:00;2016-05-22 12:00:00
304;13;ridge_log;0.12434412670368548;41.666666666666664;0.12949209944603446;458.400632244941;0.12948968785697526;351.59774824486243;[3358.0, 2770.0, 2791.0, 2943.0, 2574.0, 1892.0, 2428.0, 3243.0, 2828.0, 2730.0, 2560.0, 3425.0, 2957.0];"[3037.86910304 3075.07916794 2918.32453959 2959.14109781 2691.69195357
 2514.18556252 2440.68276395 2387.27222039 2496.35792939 2401.70913642
 2482.2806102  2470.77707438 2455.06828438]";2017-07-16 12:00:00;2017-10-08 12:00:00
304;13;ridge_log;0.25544465973208896;66.66666666666667;0.22149394409977985;692.2127548482918;0.2214900846485238;641.1087507148711;[2369.0, 1939.0, 2709.0, 2717.0, 2669.0, 2473.0, 2365.0, 2947.0, 2537.0, 2692.0, 2483.0, 3055.0, 3343.0];"[2809.61393013 2858.75218227 3340.387436   3669.00164462 3492.59737504
 3209.05812294 3069.15036574 3120.92460038 3252.16328901 3421.07877618
 3428.24966788 3482.6723513  3478.7640178 ]";2017-04-16 12:00:00;2017-07-09 12:00:00
304;13;ridge_log;0.44248316311573466;50.0;0.33266639750884514;1375.7825747961688;0.33266177497596694;1210.3983052544138;[3249.0, 4152.0, 3420.0, 3372.0, 3860.0, 3425.0, 3885.0, 3762.0, 3236.0, 2014.0, 2095.0, 2424.0, 3031.0];"[4032.88727718 4138.62382594 4176.8071698  4427.66050809 4761.01504274
 4932.19750848 4766.10144436 4433.38537875 4341.10861284 4402.74949956
 4362.72763023 4383.4300701  4474.73165212]";2017-01-15 12:00:00;2017-04-09 12:00:00
304;13;ridge_log;0.18194711318496543;50.0;0.20226085857689438;1053.1850442541793;0.20225841803893035;844.8757023192491;[3251.0, 3037.0, 4084.0, 4132.0, 3869.0, 4475.0, 5178.0, 5174.0, 5197.0, 5424.0, 4889.0, 3556.0, 3447.0];"[3613.89744649 3864.81200413 3906.37204626 3711.59447778 3607.64522206
 3602.97608386 3709.04329133 3629.0394708  3503.75565519 3556.11807774
 3608.03189621 3620.86033406 3587.39056669]";2016-10-16 12:00:00;2017-01-08 12:00:00
305;13;ridge_log;0.16534975404856794;83.33333333333333;0.15307679197750482;439.4171730769263;0.15307317957361805;332.1348005336846;[2558.0, 2048.0, 2187.0, 2435.0, 1885.0, 1225.0, 2385.0, 3028.0, 2388.0, 2236.0, 2135.0, 2696.0, 2497.0];"[2323.98374196 2215.66272618 2296.47451338 2354.25378842 2270.89636093
 2214.96116622 2154.14602742 2170.04157684 2190.7468284  2114.31833284
 2104.99940094 2140.57967211 2140.17299083]";2017-07-16 12:00:00;2017-10-08 12:00:00
272;13;ridge_log;0.09206665689704865;50.0;0.09900669056499395;668.2954668420718;0.09900578202732625;539.5546706567126;[5661.3, 5676.2, 5720.9, 5677.5, 5624.3, 5681.6, 5728.9, 5763.7, 5740.1, 5730.2, 5992.8, 6003.2, 6083.7];"[5668.20624928 5652.11737126 5587.96808651 5507.30096652 5405.17275049
 5296.88960281 5176.75510405 5065.15272981 4987.94151875 4916.59390689
 4901.4663684  4926.22949942 4992.20762583]";2016-04-10 12:00:00;2016-07-03 12:00:00
305;13;ridge_log;0.22448367505968497;25.0;0.19726817809343486;522.838378477344;0.19726409249833768;477.66382579664787;[2205.0, 1833.0, 2374.0, 2422.0, 2406.0, 2005.0, 2063.0, 2378.0, 2175.0, 2153.0, 1949.0, 2329.0, 2723.0];"[2471.73775615 2437.75396697 2715.2649519  2691.50460746 2739.38028083
 2900.81257337 2754.52514226 2742.51723322 2816.34899042 2685.37895347
 2692.82807356 2684.50770281 2553.93049707]";2017-04-16 12:00:00;2017-07-09 12:00:00
224;13;ridge_log;0.07217824070577455;75.0;0.07260737825338494;169.96695439021084;0.0726056110213377;151.30461223341996;[2414.9, 2359.0, 2301.8, 2224.4, 2140.6, 2102.4, 2046.1, 2036.2, 1961.8, 1950.1, 1917.8, 1989.0, 1921.8];"[2532.63893011 2458.56063196 2566.3965591  2464.0383015  2338.83995408
 2183.89569262 2088.35495008 1997.60302083 1883.23475579 1771.19933287
 1729.52253426 1718.96948839 1752.73592828]";2016-07-24 12:00:00;2016-10-16 12:00:00
305;13;ridge_log;0.23863532242247798;66.66666666666667;0.2038950896195841;653.446340787557;0.20389142195096607;569.0746128174098;[3391.0, 2836.0, 2657.0, 3307.0, 2591.0, 2419.0, 2896.0, 2723.0, 2268.0, 2384.0, 1881.0, 2282.0, 2890.0];"[3143.93476902 3146.75411719 3076.09585187 3081.76910679 3110.79279673
 3146.31054577 3170.80823818 3159.32929457 3191.61362993 3193.32910856
 3176.59546063 3190.09440017 3190.95039884]";2017-01-15 12:00:00;2017-04-09 12:00:00
305;13;ridge_log;0.26701112493121315;58.333333333333336;0.32040760636898863;1062.0537982001288;0.3204019077273759;908.0357774974568;[2136.0, 2183.0, 3022.0, 2976.0, 3209.0, 3711.0, 3106.0, 3295.0, 3332.0, 4262.0, 3885.0, 2650.0, 2789.0];"[2239.52088434 2248.6348697  2234.97321781 2224.8603298  2229.19084566
 2235.589558   2238.129235   2236.06371515 2237.5173603  2239.23408665
 2242.52207024 2242.34305241 2241.26717557]";2016-10-16 12:00:00;2017-01-08 12:00:00
306;13;ridge_log;0.10288712519916358;75.0;0.10698889553101204;408.50105790313967;0.10698716447611008;334.30240741731075;[3460.0, 3044.0, 3400.0, 3706.0, 2874.0, 2274.0, 2800.0, 3050.0, 3473.0, 2985.0, 3099.0, 3948.0, 3311.0];"[3060.68152981 2768.37299464 2990.11042123 3300.37748194 2996.92636688
 2796.59983025 2793.41370102 2960.63131004 3093.25210478 2818.91430254
 2786.51152115 2968.49862068 3034.83091288]";2017-07-16 12:00:00;2017-10-08 12:00:00
286;13;ridge_log;0.04316000889966895;41.666666666666664;0.0444671941582563;119.48342666432588;0.04446621778006819;101.26605924269231;[2187.16, 2205.63, 2214.48, 2228.7, 2312.59, 2368.47, 2384.82, 2353.87, 2374.86, 2351.83, 2331.47, 2340.08, 2351.46];"[2213.98133038 2226.84588169 2203.45466918 2191.80774146 2209.68181624
 2176.69794814 2180.13506912 2207.27581553 2198.71641472 2219.06612441
 2245.16019665 2248.69370422 2263.51894226]";2016-11-27 12:00:00;2017-02-19 12:00:00
306;13;ridge_log;0.14340949789072244;50.0;0.13639518923813834;473.6369070187769;0.1363929751203739;424.07310044524456;[2828.0, 2327.0, 2717.0, 3314.0, 2932.0, 2669.0, 2775.0, 3871.0, 3011.0, 3057.0, 2604.0, 3058.0, 3958.0];"[2928.47896554 2796.92909583 3279.81814411 3394.25410312 3245.5018385
 3337.8234964  3167.01241243 3235.0799815  3482.2034259  3222.4537584
 3227.20233795 3359.44871589 3230.09600679]";2017-04-16 12:00:00;2017-07-09 12:00:00
306;13;ridge_log;0.2856926536227411;41.666666666666664;0.23648135920429827;981.6128535590834;0.2364779590552324;826.7701762066458;[3832.0, 3226.0, 3221.0, 4263.0, 3351.0, 2952.0, 3816.0, 3760.0, 2772.0, 2906.0, 2243.0, 2625.0, 3546.0];"[4010.04922003 4308.47682673 3721.94038754 3528.37089274 3931.1579566
 4353.72516902 4090.73521457 3739.81676338 3988.51245723 4252.52282368
 4044.04061508 3830.80058491 3951.23869142]";2017-01-15 12:00:00;2017-04-09 12:00:00
306;13;ridge_log;0.21906392278910508;91.66666666666667;0.2525663707126697;1111.668156315912;0.2525629401476103;937.9274934480376;[2711.0, 2850.0, 3980.0, 3542.0, 3853.0, 4461.0, 4509.0, 4197.0, 4151.0, 5217.0, 4989.0, 3493.0, 3272.0];"[2966.34706766 3177.33647989 3184.45573821 3034.71338128 3040.53586787
 3069.02824131 3144.07126277 3120.02550066 3056.48570716 3089.23267374
 3125.64671949 3107.16191646 3082.26912378]";2016-10-16 12:00:00;2017-01-08 12:00:00
232;13;ridge_log;0.6187688938551095;41.666666666666664;0.42771869637769466;1032.472492581668;0.42770749882963016;833.7585974110485;[1329.6, 1552.5, 1461.4, 1278.6, 1303.0, 1372.9, 1317.8, 1308.1, 1313.3, 1324.5, 1272.9, 1439.6, 1453.0];"[1284.69125831 1299.95144229 1357.89719195 1470.56455046 1634.69431101
 1844.35252459 2103.93898429 2398.78256241 2695.23617509 2935.82260563
 3044.83835084 2975.45916668 2717.91242789]";2016-04-24 12:00:00;2016-07-17 12:00:00
307;13;ridge_log;0.1146107124858157;100.0;0.10939689631612765;299.5198150036267;0.10939421533638118;227.02572542361162;[2573.0, 2124.0, 2185.0, 2420.0, 1932.0, 1351.0, 1891.0, 2117.0, 2349.0, 2289.0, 2047.0, 2592.0, 2279.0];"[2148.34077267 2045.29559667 2151.67892546 2219.27621309 2104.71397303
 2067.23943373 2068.42972164 2086.42232686 2131.94595369 2059.79428526
 2039.71333038 2113.11892372 2094.4623701 ]";2017-07-16 12:00:00;2017-10-08 12:00:00
307;13;ridge_log;0.15780588828655173;58.333333333333336;0.1430133682490295;357.71513155143356;0.14301011825151655;316.3117833264742;[1959.0, 1645.0, 2297.0, 2266.0, 2172.0, 1907.0, 1980.0, 2508.0, 2120.0, 2084.0, 1993.0, 2124.0, 2466.0];"[2164.11416561 2143.54760262 2523.55353389 2410.6328386  2409.87822259
 2525.65682397 2378.2316812  2466.08473821 2606.68205871 2370.38398415
 2447.56042887 2528.62939825 2357.73281702]";2017-04-16 12:00:00;2017-07-09 12:00:00
247;13;ridge_log;0.02590588687292033;50.0;0.026525293318397387;603.9162404910437;0.026525213884352878;443.32887025036086;[15704.4, 15704.4, 17238.1, 17238.1, 15642.1, 15642.1, 17018.6, 17018.6, 15935.7, 15935.7, 17668.2, 17668.2, 16190.4];"[15334.94099021 15361.96986712 16274.99756843 16411.08968973
 15627.4442801  15653.40961181 16579.14701748 16673.73959654
 16036.51137005 15968.99605507 16545.51996133 16533.09813921
 16131.29461352]";2016-07-17 12:00:00;2016-10-09 12:00:00
286;13;ridge_log;0.03199585773462332;25.0;0.03276644902304525;88.06424444801432;0.0327657014095652;71.8083956723444;[2195.43, 2179.79, 2192.46, 2205.23, 2223.83, 2303.69, 2245.61, 2249.72, 2280.25, 2200.97, 2192.92, 2205.88, 2209.62];"[2197.72399921 2205.37583117 2194.1849442  2173.10337102 2169.68747365
 2146.73865002 2129.23772596 2125.6337629  2121.18582115 2122.42472546
 2130.84318416 2141.7457019  2153.21521464]";2016-08-28 12:00:00;2016-11-20 12:00:00
224;13;ridge_log;0.07733423838976912;66.66666666666667;0.07497290052226684;183.03557892752482;0.07497126254111036;172.75949265417847;[1957.6, 1950.1, 1967.9, 2035.7, 2083.1, 2172.9, 2263.5, 2283.2, 2261.7, 2290.7, 2328.9, 2763.5, 2487.4];"[2049.27801116 2087.23028655 2124.63787252 2163.5158663  2240.23411589
 2333.84880879 2413.78418184 2469.12628606 2521.0538062  2552.28013087
 2551.61443745 2500.2860288  2416.04437033]";2016-04-24 12:00:00;2016-07-17 12:00:00
307;13;ridge_log;0.23240128018419198;41.666666666666664;0.19958448346052363;583.4252719711064;0.19958050533900243;502.4050630949726;[2994.0, 2481.0, 2387.0, 2864.0, 2422.0, 2111.0, 2630.0, 2479.0, 2112.0, 2171.0, 1687.0, 2115.0, 2586.0];"[2682.04382205 2805.38540861 2624.60060167 2535.39671455 2858.29961246
 2933.25339146 2896.2742657  2701.92515152 2862.85796037 2934.16521322
 2906.76626254 2736.17347734 2812.00501196]";2017-01-15 12:00:00;2017-04-09 12:00:00
307;13;ridge_log;0.2164565076612536;75.0;0.24830734622710976;767.9948064459167;0.24830250546419272;641.8693227162362;[1972.0, 2026.0, 2753.0, 2532.0, 2784.0, 3615.0, 3036.0, 2913.0, 2822.0, 3564.0, 2978.0, 2416.0, 2179.0];"[2057.93712189 2439.10106633 2356.55711281 2048.67408796 2075.23624054
 2181.39419962 2193.21355942 2182.49642211 2063.46678419 2103.63456169
 2244.15772132 2209.97741362 2087.92888965]";2016-10-16 12:00:00;2017-01-08 12:00:00
308;13;ridge_log;0.2107883485964994;75.0;0.24086032093905121;1688.7158907574428;0.24085837780153094;1502.0960032669425;[7378.0, 6631.0, 6561.0, 7425.0, 7372.0, 6258.0, 8446.0, 7995.0, 6836.0, 6070.0, 5230.0, 6259.0, 6478.0];"[5801.48604304 5752.03464026 5832.31677397 5967.51495726 5517.40929744
 5230.74561828 5189.04317947 5187.76671032 5057.65933791 4820.67815089
 4900.17020593 5041.97718757 5112.94985518]";2017-07-16 12:00:00;2017-10-08 12:00:00
308;13;ridge_log;0.13767250153959804;75.0;0.13076243946705673;880.4878482778676;0.1307612592390338;726.0427042749836;[5531.0, 4669.0, 5534.0, 5363.0, 5046.0, 4854.0, 4583.0, 5783.0, 5234.0, 5210.0, 5134.0, 5924.0, 6690.0];"[5465.67698055 5405.87692589 5855.72089448 6311.60577924 6247.30884221
 6085.3755538  5984.32677267 6060.62680164 5847.16243033 5402.93416078
 5255.05758655 5202.91414922 5083.84946225]";2017-04-16 12:00:00;2017-07-09 12:00:00
308;13;ridge_log;0.49106463839362774;25.0;0.37303763167644344;2695.344710482409;0.3730347841942479;2447.2193673282663;[7818.0, 6174.0, 5358.0, 5760.0, 6037.0, 5176.0, 5117.0, 5255.0, 4980.0, 4653.0, 3839.0, 4947.0, 6273.0];"[7425.22634499 7758.76565961 7330.28762739 7069.21884186 7422.52418926
 8011.243028   8190.24616369 7892.24616216 8123.2161326  8498.14231416
 8492.83874653 8174.39121028 8026.95804471]";2017-01-15 12:00:00;2017-04-09 12:00:00
308;13;ridge_log;0.11876035943666771;50.0;0.12146476037729616;1360.6786407130605;0.12146396337099861;941.5471504198633;[5679.0, 5476.0, 7560.0, 6729.0, 7744.0, 9935.0, 8218.0, 7629.0, 7611.0, 9551.0, 9962.0, 6630.0, 6642.0];"[6149.62070472 7573.08199109 7548.05809816 7489.31605682 7755.719171
 7453.30625487 8124.92726812 7957.69068179 7304.79726512 7126.91594259
 7442.81057515 7064.69263838 6942.80711569]";2016-10-16 12:00:00;2017-01-08 12:00:00
309;13;ridge_log;0.22807131563944963;66.66666666666667;0.2624961198872288;1366.7179741589027;0.26249331711035373;1235.8592339039758;[5183.0, 4647.0, 5227.0, 5734.0, 5549.0, 4025.0, 5253.0, 6645.0, 5251.0, 4651.0, 4383.0, 5649.0, 5316.0];"[4035.35575807 4095.59265945 4250.55799982 4143.48355096 4002.21383125
 3772.93581423 3821.99194409 4040.68738211 3913.42054331 3747.18025855
 3768.93433309 3904.61156356 3949.86432077]";2017-07-16 12:00:00;2017-10-08 12:00:00
309;13;ridge_log;0.13832886183691137;75.0;0.12835868670930659;620.5875458124876;0.12835710646678483;523.7462227035257;[4080.0, 3417.0, 4537.0, 3859.0, 3898.0, 3594.0, 3378.0, 4504.0, 3416.0, 4121.0, 3669.0, 4471.0, 5213.0];"[4127.73575915 4208.48814332 4351.04721562 4426.07417045 4448.53606808
 4335.28666841 4326.06104062 4418.42477443 4413.32036418 4321.90602986
 4273.75736908 4294.71277481 4301.27995315]";2017-04-16 12:00:00;2017-07-09 12:00:00
309;13;ridge_log;0.2940925869408785;16.666666666666668;0.2449499774256157;1320.1446030072016;0.24494735173685722;1151.6815172382774;[6622.0, 4959.0, 5475.0, 5623.0, 4671.0, 3845.0, 4180.0, 4019.0, 3751.0, 3749.0, 2914.0, 3826.0, 4641.0];"[5355.84971509 5386.55095708 5361.55701612 5229.70489708 5307.65989866
 5497.46256273 5404.39387161 5318.00176123 5301.35663058 5407.58643505
 5451.33168153 5344.46363108 5335.16392284]";2017-01-15 12:00:00;2017-04-09 12:00:00
272;13;ridge_log;0.13573507451181074;25.0;0.14903683206417764;853.4403430813405;0.14903533593586296;742.4308975278507;[5210.7, 5218.9, 5243.0, 5249.3, 5324.1, 5347.4, 5359.8, 5395.6, 5413.3, 5599.9, 5515.5, 5588.3, 5652.4];"[5090.52147096 5053.69307172 4994.90107767 4926.87661814 4834.86836247
 4713.09354139 4579.09808407 4469.48691398 4382.22716234 4333.43558404
 4321.47533727 4347.11467123 4419.80643684]";2016-01-10 12:00:00;2016-04-03 12:00:00
286;13;ridge_log;0.02315846427832752;41.666666666666664;0.023485162679477985;58.57263680338363;0.023484620406299454;50.855520760782596;[2147.9, 2142.08, 2136.84, 2133.79, 2151.21, 2225.01, 2218.87, 2208.29, 2210.76, 2194.64, 2184.08, 2178.85, 2195.3];"[2165.25266658 2165.86565782 2163.39026257 2152.62473952 2150.17089918
 2137.11175058 2129.48531606 2133.45978885 2127.82430829 2125.27201635
 2128.816938   2129.92215551 2130.34838379]";2016-05-29 12:00:00;2016-08-21 12:00:00
309;13;ridge_log;0.11910297896500963;58.333333333333336;0.12913469491549;906.2304352354269;0.12913346608737722;683.686489183462;[4273.0, 4249.0, 5838.0, 4802.0, 5004.0, 6411.0, 5398.0, 5049.0, 5678.0, 5301.0, 6997.0, 5071.0, 4931.0];"[4664.27090097 4812.1177198  4861.04977295 4779.20672353 4679.11013493
 4780.53383141 4840.27445035 4773.07787577 4745.84434005 4758.25879614
 4802.15414396 4777.25379192 4749.70040038]";2016-10-16 12:00:00;2017-01-08 12:00:00
232;13;ridge_log;0.29694577334876393;66.66666666666667;0.3751506073605571;523.1545814869024;0.3751346717690449;454.62716489182174;[2025.2, 1897.4, 1925.0, 1873.7, 1809.6, 1733.7, 1654.4, 1621.7, 1586.2, 1466.2, 1358.8, 1319.3, 1297.0];"[1966.18363512 2027.5423054  1857.16742531 1697.84998114 1447.54205768
 1261.07902966 1075.22363904  907.41168095  785.51238882  705.0764291
  682.88584527  704.40557895  800.45147077]";2016-01-24 12:00:00;2016-04-17 12:00:00
310;13;ridge_log;0.14432606014549826;66.66666666666667;0.1579477538467762;842.8598655913809;0.15794606595825358;741.6031727237613;[5535.0, 4926.0, 4816.0, 5557.0, 5197.0, 3914.0, 4856.0, 5834.0, 5014.0, 4424.0, 3970.0, 4932.0, 4835.0];"[4459.18833539 4192.48060791 4310.20964395 4544.88517643 4381.6600667
 4204.79281512 4053.4083908  4127.38003412 4326.36322596 4064.81279504
 3980.61593752 4058.7667607  4067.41247023]";2017-07-16 12:00:00;2017-10-08 12:00:00
224;13;ridge_log;0.112007033408524;75.0;0.10999739615954139;292.0513166095162;0.1099948847820517;245.28255910960468;[2425.9, 2333.6, 2275.5, 2248.6, 2215.0, 2217.7, 2161.8, 2096.0, 2061.4, 2125.6, 2048.1, 2016.1, 1996.2];"[2630.59709929 2940.797869   2811.60642213 2489.28125964 2327.91459587
 2311.0032334  2255.94100352 2044.52233798 1857.17824647 1801.36011056
 1793.15427997 1776.79456348 1770.75867597]";2016-01-24 12:00:00;2016-04-17 12:00:00
310;13;ridge_log;0.14245790689558419;41.666666666666664;0.1319382975953262;664.5074542875548;0.13193674211503598;562.6984775565577;[4396.0, 3498.0, 4154.0, 3912.0, 3550.0, 3598.0, 4095.0, 4831.0, 4467.0, 4242.0, 3445.0, 4262.0, 5414.0];"[4006.16319041 3855.84318101 4193.83642449 4448.45009627 4565.17244408
 4585.14000025 4343.35485697 4555.8114175  4849.13072448 4733.50572942
 4736.82042046 4659.46281577 4511.66187706]";2017-04-16 12:00:00;2017-07-09 12:00:00
310;13;ridge_log;0.4095437127198738;16.666666666666668;0.3200976560162172;1767.7092805601312;0.3200944250388533;1593.5148491633981;[5514.0, 4429.0, 4995.0, 5402.0, 4500.0, 3932.0, 4640.0, 4396.0, 4150.0, 3631.0, 2802.0, 3638.0, 4700.0];"[6004.28528112 6198.84592656 5872.38217763 5720.52464978 5892.06023036
 6116.65626285 6072.02116703 5862.9783161  5822.23065727 5962.93830695
 6003.7054448  5964.90326632 5951.16135234]";2017-01-15 12:00:00;2017-04-09 12:00:00
315;13;ridge_log;0.16497070997424843;50.0;0.184460952705054;590.7307812973794;0.1844576280016687;512.9427808471612;[3210.0, 2787.0, 2867.0, 3217.0, 3157.0, 2388.0, 2739.0, 3447.0, 3038.0, 2883.0, 2938.0, 3259.0, 3113.0];"[2698.16413037 2778.50276944 2700.89480911 2748.93744793 2534.33414592
 2515.63978705 2469.58744857 2442.61079018 2447.82108773 2292.05968386
 2367.7500129  2323.1638188  2310.55749124]";2017-07-16 12:00:00;2017-10-08 12:00:00
273;13;ridge_log;0.21671943868241206;33.333333333333336;0.19333627021953056;158.80072439693254;0.19332394426513916;151.66819242381067;[751.43, 767.3, 750.92, 746.57, 723.49, 710.28, 703.22, 718.78, 716.11, 677.92, 690.52, 665.01, 640.57];"[836.14114807 842.99113515 850.29504139 856.28518546 860.50780046
 864.2617437  869.20057007 870.71161194 876.39023292 880.90640621
 880.89767224 877.1776149  868.04033899]";2016-10-09 12:00:00;2017-01-01 12:00:00
310;13;ridge_log;0.14242198827151833;33.333333333333336;0.1503549568379362;1135.5781497763526;0.15035358839847113;837.8238212932349;[4566.0, 3996.0, 5527.0, 5030.0, 5600.0, 6583.0, 5875.0, 5257.0, 5568.0, 7614.0, 7197.0, 4849.0, 4269.0];"[4641.91515187 5222.76558375 5539.73808414 5176.77917626 4990.57160949
 4947.47206906 5126.55615443 5193.94201886 4993.93216243 5043.63541015
 5255.18328729 5284.850694   5119.95369851]";2016-10-16 12:00:00;2017-01-08 12:00:00
315;13;ridge_log;0.19578720254521637;50.0;0.17391041091449141;520.8307659338842;0.17390709470491286;457.7321109608147;[2241.0, 2032.0, 2576.0, 2316.0, 2537.0, 2299.0, 2238.0, 2583.0, 2224.0, 2493.0, 2275.0, 3041.0, 3050.0];"[2406.79214811 2457.00269099 2792.08675311 2832.57174877 2872.46716848
 3087.090522   2958.92861152 2989.51362849 3149.75427974 2960.3369301
 2942.549471   2970.9734429  2804.60306691]";2017-04-16 12:00:00;2017-07-09 12:00:00
315;13;ridge_log;0.47770465735562656;66.66666666666667;0.3722245460717549;1247.9094042225797;0.3722186697898155;1184.641266638108;[4343.0, 3152.0, 2905.0, 3115.0, 2691.0, 2401.0, 2700.0, 2546.0, 2450.0, 2471.0, 1859.0, 2175.0, 2722.0];"[3851.7355572  3864.73508598 3827.14160048 3838.6451312  3844.67845395
 3846.06537984 3854.15701419 3830.63363943 3826.70009747 3839.35967709
 3833.85578039 3846.55197705 3843.54818643]";2017-01-15 12:00:00;2017-04-09 12:00:00
286;13;ridge_log;0.031525487387442847;41.666666666666664;0.030610254233457326;96.16834270456643;0.030609563154943596;67.81112497243514;[2139.72, 2121.78, 2127.92, 2155.81, 2157.11, 2166.62, 2161.68, 2159.82, 2167.14, 2139.31, 2135.38, 2151.68, 2167.77];"[2139.58306867 2147.19718675 2117.01055065 2124.59960125 2132.31572792
 2132.08991015 2160.60885718 2191.65799747 2224.04282671 2267.9486002
 2309.41921699 2327.72945801 2353.77705434]";2016-02-28 12:00:00;2016-05-22 12:00:00
311;13;ridge_log;0.18827215001185718;41.666666666666664;0.21247341751408252;989.9579772062053;0.212470803034625;869.2873419333057;[4895.0, 4096.0, 4309.0, 4967.0, 5689.0, 3706.0, 4645.0, 4642.0, 4373.0, 3965.0, 3795.0, 4215.0, 4198.0];"[3956.78043949 3874.47922861 3729.17050202 3776.7121004  3658.54532496
 3493.69931427 3427.28966336 3404.17257223 3464.74991948 3353.90623979
 3372.6844762  3337.38845376 3344.6863203 ]";2017-07-16 12:00:00;2017-10-08 12:00:00
273;13;ridge_log;0.08426704975149717;50.0;0.0888620354685207;80.78803936840117;0.08885650445648935;71.46307419032732;[906.58, 871.91, 825.57, 849.1, 860.45, 858.07, 869.56, 865.4, 852.27, 855.59, 826.22, 816.48, 829.97];"[880.47044671 885.46934058 869.75465904 838.71249395 816.01171487
 792.12223441 775.91672559 758.03684477 740.41297691 735.58694525
 725.49366463 725.59793074 730.05205732]";2016-07-10 12:00:00;2016-10-02 12:00:00
315;13;ridge_log;0.17817397972641824;58.333333333333336;0.19611751994864676;866.0749789802089;0.1961146349017486;676.5160063881419;[2777.0, 2337.0, 3406.0, 2724.0, 3301.0, 4090.0, 3484.0, 3482.0, 4131.0, 4822.0, 4638.0, 2993.0, 3328.0];"[3009.2254952  3024.26641598 3028.29982335 3014.7162197  3018.99497142
 3009.28248476 3007.46131839 3013.31194889 3005.13976003 3009.30336871
 3010.08072759 3009.76079103 3012.38643573]";2016-10-16 12:00:00;2017-01-08 12:00:00
311;13;ridge_log;0.07789926386444887;41.666666666666664;0.08029636292902823;413.25218509076717;0.08029522916886729;285.56685704372524;[3435.0, 3081.0, 3390.0, 3365.0, 3671.0, 3209.0, 3070.0, 3513.0, 3321.0, 3608.0, 3203.0, 4124.0, 4359.0];"[3379.31463029 3394.3339322  3388.6380613  3439.84512956 3597.03673381
 3610.93767421 3403.20466838 3410.28264915 3487.22588526 3508.3966254
 3471.94916842 3383.36342595 3279.09519057]";2017-04-16 12:00:00;2017-07-09 12:00:00
316;13;ridge_log;0.13743767564713594;50.0;0.14990680212545293;647.4739904234362;0.1499048177056214;568.2650950201696;[4508.0, 3991.0, 3886.0, 4226.0, 4297.0, 3077.0, 3922.0, 4642.0, 4072.0, 3787.0, 3349.0, 4066.0, 3983.0];"[3740.81217373 3474.88800151 3705.2515588  3545.1641616  3603.28555438
 3313.89609441 3504.95395155 3436.2495313  3533.23450518 3418.4783569
 3413.88506731 3086.44146473 3245.57566677]";2017-07-16 12:00:00;2017-10-08 12:00:00
247;13;ridge_log;0.02118880367578889;41.666666666666664;0.021701911225079386;525.5435144903174;0.0217018431289638;345.93760492344967;[14523.5, 16664.1, 16664.1, 15814.1, 15814.1, 16242.5, 16242.5, 16214.2, 16214.2, 15767.0, 15767.0, 16242.1, 16242.1];"[14639.82849319 15474.17054126 15513.26340748 15473.41703051
 15780.50566968 16243.88881394 16173.88901136 16261.03256695
 16319.39188772 15772.91633235 15378.25200502 15716.59023792
 15718.48132693]";2016-04-17 12:00:00;2016-07-10 12:00:00
311;13;ridge_log;0.49090921405060767;33.333333333333336;0.38417146296163407;1620.814621221705;0.38416672336272684;1560.5795389789664;[3757.0, 3384.0, 3747.0, 3896.0, 3564.0, 3107.0, 3458.0, 3052.0, 3214.0, 3005.0, 2516.0, 2906.0, 3808.0];"[4687.70827555 4892.67509202 4910.07422837 4836.83232727 4865.00299384
 5006.00833047 5089.24235452 4975.8439253  4861.5974589  4854.79877011
 4918.22673687 4914.83205167 4888.69146184]";2017-01-15 12:00:00;2017-04-09 12:00:00
316;13;ridge_log;0.39741262163226543;50.0;0.3175649809332135;1408.6097483535254;0.3175610034483103;1271.3232207528647;[3659.0, 3209.0, 3770.0, 3616.0, 3418.0, 2924.0, 2880.0, 3453.0, 2860.0, 3339.0, 2970.0, 5000.0, 3853.0];"[4468.6437172  4276.24873869 4249.70835378 4532.00458315 5092.40905094
 4902.14571511 4485.51200329 4565.71100173 4724.84345161 5123.74664353
 5247.86376161 4732.99121891 4542.35606805]";2017-04-16 12:00:00;2017-07-09 12:00:00
311;13;ridge_log;0.1333730534898404;41.666666666666664;0.12854701448730596;831.8784152263103;0.12854559398707913;592.4601007842476;[3993.0, 3633.0, 4652.0, 4872.0, 5069.0, 6635.0, 4437.0, 4410.0, 4497.0, 5456.0, 4808.0, 4083.0, 3143.0];"[4368.33451644 4629.87076872 4642.57449766 4670.72477728 4654.98088294
 4555.19856053 4673.36790131 4678.8351949  4607.57584863 4628.6005895
 4648.8355771  4632.02238913 4616.88957606]";2016-10-16 12:00:00;2017-01-08 12:00:00
273;13;ridge_log;0.05395367378759035;66.66666666666667;0.05614795156238475;53.484755621206304;0.05614437510285;44.11435056162667;[806.51, 800.35, 785.17, 774.57, 832.03, 830.17, 784.07, 779.59, 775.25, 808.89, 815.86, 805.42, 879.0];"[794.40878364 795.75168956 785.81583407 767.88383437 756.91518401
 739.29832719 732.17634282 727.83045307 734.45365804 746.0375443
 759.31796891 775.07516684 789.72032401]";2016-04-10 12:00:00;2016-07-03 12:00:00
316;13;ridge_log;0.5128529462749168;58.333333333333336;0.39539709759380703;2330.071880256009;0.3953936014413052;2245.719649558818;[5261.0, 5503.0, 5168.0, 5294.0, 4499.0, 3985.0, 4909.0, 4814.0, 4567.0, 3972.0, 3196.0, 4280.0, 5268.0];"[6889.67870998 7001.19838158 7013.16552508 6767.00789611 6753.01365967
 6873.97278731 7120.37601963 6885.66502893 6805.53269757 6716.41881817
 6895.22438964 7101.9071495  7087.19438111]";2017-01-15 12:00:00;2017-04-09 12:00:00
312;13;ridge_log;0.2198542864267822;50.0;0.2560660306292466;560.0891651690382;0.2560593116581353;488.9549981408035;[2115.0, 2203.0, 2102.0, 2090.0, 2138.0, 2180.0, 2194.0, 2162.0, 2214.0, 2161.0, 2055.0, 2557.0, 2230.0];"[2001.0105119  1985.31570924 1922.95983094 1858.16132201 1790.32982632
 1754.70171124 1701.92269262 1641.04524864 1568.97089127 1511.35368423
 1453.08717863 1431.18226564 1424.54415149]";2017-07-16 12:00:00;2017-10-08 12:00:00
316;13;ridge_log;0.11592378889623678;50.0;0.109940647414399;962.9554742874141;0.10993980802592637;728.1197932596347;[6595.0, 5660.0, 6528.0, 6810.0, 7266.0, 8638.0, 6309.0, 6779.0, 6624.0, 7960.0, 7291.0, 5717.0, 4741.0];"[6840.11016379 6818.30904037 6818.92160935 6908.7691424  6894.54434176
 6860.8234144  6855.75472782 6776.53296559 6800.4081624  6801.22220324
 6757.27428146 6778.98871635 6784.69295637]";2016-10-16 12:00:00;2017-01-08 12:00:00
312;13;ridge_log;0.35609382509491905;50.0;0.2978270639198365;641.1496821263771;0.2978196990992882;607.5547104932609;[1546.0, 1614.0, 1611.0, 1548.0, 1580.0, 1614.0, 1626.0, 1619.0, 1714.0, 1814.0, 1934.0, 1968.0, 2039.0];"[1823.98577386 1928.57935278 2083.81638777 2107.67843755 2011.26032693
 2257.83791134 2414.14538094 2555.32787455 2579.55506512 2638.71612997
 2661.09076761 2587.54000245 2475.67782554]";2017-04-16 12:00:00;2017-07-09 12:00:00
317;13;ridge_log;0.2285830576078404;41.666666666666664;0.2624731770976516;937.297733877363;0.26246922763187464;873.6353401713557;[3655.0, 3808.0, 3633.0, 3613.0, 3695.0, 3768.0, 3792.0, 3736.0, 3827.0, 3735.0, 3552.0, 4420.0, 3854.0];"[3347.29663162 3263.741577   3182.92619584 3052.65453005 2928.64492702
 2809.88126423 2722.34502407 2686.12494721 2688.14980848 2690.88190473
 2726.08601575 2780.92315675 2851.08459502]";2017-07-16 12:00:00;2017-10-08 12:00:00
273;13;ridge_log;0.059652591145380095;41.666666666666664;0.06208216829561973;53.666274625133255;0.062078030424417716;46.62798613682909;[719.69, 744.44, 773.58, 741.77, 766.41, 813.39, 782.82, 828.09, 793.37, 791.22, 773.96, 779.19, 797.41];"[688.04230451 686.83887466 691.51881665 698.61372679 710.62904147
 722.28396835 733.12761726 742.67725543 754.83592008 764.04063582
 770.48792939 771.0100957  765.06999412]";2016-01-10 12:00:00;2016-04-03 12:00:00
312;13;ridge_log;0.5840331177664859;50.0;0.38331421659212583;1240.110755896901;0.38330648363545333;958.1314379868583;[2554.0, 3090.0, 3101.0, 3456.0, 3283.0, 2612.0, 3362.0, 1542.0, 1504.0, 1559.0, 1533.0, 1501.0, 1523.0];"[2781.60701976 3135.22840178 3147.51819186 3069.19653474 3187.38392667
 3420.2009664  3592.21015395 3266.1118639  2908.65943535 3159.83180134
 3510.44657608 3541.07696379 3391.39778104]";2017-01-15 12:00:00;2017-04-09 12:00:00
317;13;ridge_log;0.3206068559585265;41.666666666666664;0.27153123955474107;959.2633002700707;0.27152720318711665;914.3052741569738;[2672.0, 2789.0, 2785.0, 2676.0, 2731.0, 2790.0, 2810.0, 2799.0, 2963.0, 3135.0, 3342.0, 3402.0, 3525.0];"[3798.7646989  3874.5935789  3970.72357083 3965.03048552 3876.10738576
 3842.41259072 3713.59039475 3936.23502454 3835.61552065 3864.9318256
 3872.57562345 3822.42108475 3931.96677966]";2017-04-16 12:00:00;2017-07-09 12:00:00
312;13;ridge_log;0.26136093904147806;41.666666666666664;0.28613015336097086;1042.301403499814;0.286125374573622;879.20568592968;[2908.0, 2524.0, 2231.0, 3075.0, 3149.0, 4069.0, 3764.0, 3611.0, 3568.0, 4621.0, 4423.0, 1945.0, 1894.0];"[2740.71135059 2707.18234588 2688.98632877 2663.96109779 2644.95729839
 2640.90812625 2646.05416246 2628.47478476 2616.17579499 2619.369108
 2620.19972873 2627.9635023  2632.3531921 ]";2016-10-16 12:00:00;2017-01-08 12:00:00
233;13;ridge_log;0.11010033526794513;41.666666666666664;0.10857400324676379;257.7007845238872;0.10857149037574484;236.3778056233003;[2117.0, 1891.1, 2178.6, 1910.3, 1818.5, 1984.8, 1958.6, 1953.1, 2009.7, 2158.7, 2640.2, 2550.4, 2678.7];"[1838.29708568 1856.34104871 1908.91801419 1974.35632529 2045.81580845
 2145.88261317 2217.66177094 2312.75073751 2366.64067639 2411.98152561
 2403.53726044 2370.68490025 2286.699675  ]";2016-10-23 12:00:00;2017-01-15 12:00:00
287;13;ridge_log;0.013308380935273569;41.666666666666664;0.013368927642856647;109.16635505313066;0.013368841829352192;104.13757793236647;[7742.4, 7742.4, 7747.4, 7750.3, 7712.9, 7875.2, 7871.1, 7867.6, 7867.8, 7865.8, 7865.3, 7841.8, 7779.9];"[7826.2020023  7828.75916009 7822.79822654 7808.06704869 7786.86864276
 7780.28461428 7761.51185966 7742.4770863  7724.8107397  7713.50742026
 7709.52257807 7710.72450928 7715.1677597 ]";2016-11-27 12:00:00;2017-02-19 12:00:00
313;13;ridge_log;0.21199940573110762;58.333333333333336;0.24117800356001234;1952.1851886100458;0.2411764008118841;1828.154514918184;[9441.0, 8986.0, 8449.0, 9450.0, 9509.0, 7357.0, 8471.0, 9510.0, 8440.0, 8063.0, 7471.0, 8021.0, 8301.0];"[7662.21148717 7859.0243177  7704.65876982 7712.51923479 7232.03351077
 6896.87987331 6632.69805855 6468.95283411 6176.50746669 5705.49640539
 5814.03670271 5906.84680752 5931.12583754]";2017-07-16 12:00:00;2017-10-08 12:00:00
317;13;ridge_log;0.517998553029564;66.66666666666667;0.40272710069754714;1976.0987457590784;0.40272282858420044;1909.0378216698916;[3323.0, 3056.0, 3427.0, 3393.0, 4427.0, 4114.0, 4608.0, 4136.0, 3701.0, 4188.0, 3447.0, 4436.0, 3554.0];"[5602.11240571 5742.21280463 5742.67338782 5152.17051848 5230.71079306
 6168.80417557 6553.67365659 5923.7978943  5484.30593809 5160.34401751
 5677.02221954 6280.69897925 5908.96489116]";2017-01-15 12:00:00;2017-04-09 12:00:00
313;13;ridge_log;0.18490847365904794;58.333333333333336;0.1837813314790046;1592.0572242550343;0.18378000014809429;1271.3582252316546;[6934.0, 5486.0, 6468.0, 6239.0, 6488.0, 6465.0, 5971.0, 6733.0, 6213.0, 6547.0, 6152.0, 8195.0, 8899.0];"[6803.5595886  7434.1726201  7685.37295673 7445.09659305 8176.82779108
 8084.31848591 7175.81196673 6989.16587832 6875.70529903 6265.11679174
 5870.73080277 5642.33054072 5421.0769391 ]";2017-04-16 12:00:00;2017-07-09 12:00:00
313;13;ridge_log;0.5834571331873869;58.333333333333336;0.41907814692653883;3545.7935968030033;0.41907541194687964;3230.9382590033765;[10108.0, 7593.0, 7532.0, 7155.0, 5786.0, 6277.0, 5701.0, 3575.0, 6075.0, 6087.0, 4979.0, 5939.0, 7151.0];"[ 8624.2039137   9261.72204329  8633.45318458  8618.97361929
  9513.63175328  9678.38569779  9762.46342795  9655.83600524
  9867.29566045 10207.69275337 10038.2678048   9653.00851293
  9477.67081778]";2017-01-15 12:00:00;2017-04-09 12:00:00
317;13;ridge_log;0.19271084933348032;75.0;0.19956371777067516;1218.0932158064006;0.19956180325765802;1057.6164115666838;[4541.0, 4034.0, 4197.0, 5805.0, 5864.0, 4587.0, 5874.0, 5850.0, 6534.0, 7535.0, 6775.0, 3612.0, 4398.0];"[4892.28752111 4954.29377576 4944.03268927 4949.64895566 4989.28173986
 4936.72648528 4965.05819401 4955.90537097 4938.89863478 4969.89868185
 4937.36866311 4926.72411782 4933.00900135]";2016-10-16 12:00:00;2017-01-08 12:00:00
313;13;ridge_log;0.12808563885405275;58.333333333333336;0.13576075637885363;1644.6927672396591;0.1357600053684076;1243.286309044979;[7184.0, 6942.0, 8951.0, 8003.0, 9373.0, 12796.0, 8446.0, 9143.0, 10043.0, 10906.0, 10046.0, 7857.0, 7721.0];"[8196.8372879  8296.95173227 8351.63296958 8357.99753655 8390.55822298
 8441.34568458 8494.81819285 8492.22341799 8487.51833161 8504.09250902
 8480.72514835 8449.82321505 8409.39033707]";2016-10-16 12:00:00;2017-01-08 12:00:00
318;13;ridge_log;0.22007195446760117;58.333333333333336;0.2542175943116156;638.067515822994;0.2542118291848017;565.5292253799819;[2547.0, 2678.0, 2381.0, 2733.0, 2894.0, 1965.0, 2326.0, 3097.0, 2363.0, 2247.0, 2099.0, 2524.0, 2466.0];"[2164.82019759 2226.44721513 2134.42717597 2244.58910397 2024.82023525
 2016.48098863 1879.14623276 1880.21619754 1779.73184075 1700.99328121
 1709.82605897 1642.91846633 1666.66505321]";2017-07-16 12:00:00;2017-10-08 12:00:00
314;13;ridge_log;0.10436906589987675;33.333333333333336;0.1095811879762169;563.7571674369489;0.10958001352000374;512.7100875366224;[5316.0, 5008.0, 5037.0, 5095.0, 5226.0, 3920.0, 4911.0, 5467.0, 4717.0, 4589.0, 4346.0, 4605.0, 4745.0];"[4675.70528703 4679.51758333 4590.15714464 4575.74330257 4503.20115202
 4486.84957033 4394.6366708  4324.26726286 4299.7603677  4223.7635002
 4243.32423385 4221.73452396 4231.80740339]";2017-07-16 12:00:00;2017-10-08 12:00:00
318;13;ridge_log;0.19892358588194042;41.666666666666664;0.17329728113557896;421.41047183513416;0.17329294481210933;348.39661097669807;[1904.0, 1554.0, 1911.0, 1840.0, 1749.0, 1822.0, 1483.0, 1998.0, 1686.0, 2050.0, 1803.0, 2419.0, 2365.0];"[1777.46839041 1818.53270882 1955.07061728 2047.41044263 2199.58372865
 2264.86261142 2221.31853519 2390.12373324 2414.87659328 2371.92059159
 2460.16435869 2363.02643544 2266.21315223]";2017-04-16 12:00:00;2017-07-09 12:00:00
314;13;ridge_log;0.15304303952744452;33.333333333333336;0.14477852751745793;675.1879334403549;0.1447768940409006;644.5279477792755;[4063.0, 3560.0, 4207.0, 3808.0, 4163.0, 4081.0, 3980.0, 4255.0, 4005.0, 4344.0, 4055.0, 5383.0, 5533.0];"[4372.78762504 4466.25323711 4567.660871   4611.52544901 4682.78077251
 4784.72957875 4793.09200456 4759.24792505 4747.30991217 4729.56172925
 4707.7219802  4645.45904744 4593.34871608]";2017-04-16 12:00:00;2017-07-09 12:00:00
318;13;ridge_log;0.3262681705122308;25.0;0.26002432956416904;711.0122183256976;0.2600186966096817;602.8082221126886;[2683.0, 2311.0, 2349.0, 2566.0, 2197.0, 1958.0, 2282.0, 2152.0, 1926.0, 1860.0, 1336.0, 1821.0, 2098.0];"[2687.54256661 2731.82097724 2631.06736259 2611.26355842 2672.28179178
 2738.63398201 2746.02264688 2722.60537656 2743.4919913  2786.95923808
 2778.29718146 2763.66258377 2761.85763076]";2017-01-15 12:00:00;2017-04-09 12:00:00
314;13;ridge_log;0.5328168798677759;41.666666666666664;0.4074266476718357;2327.2057224627943;0.4074229120712473;2228.732456211067;[4552.0, 5560.0, 5319.0, 5493.0, 4616.0, 4351.0, 4134.0, 3845.0, 4269.0, 4184.0, 3268.0, 3706.0, 4856.0];"[6706.28600168 6704.72981814 6702.61366021 6702.55509622 6691.61582963
 6689.20721924 6713.32357985 6703.15088691 6686.99003249 6695.72568085
 6709.81653515 6716.77674991 6703.73084046]";2017-01-15 12:00:00;2017-04-09 12:00:00
318;13;ridge_log;0.13567497021884645;16.666666666666668;0.14597560215780253;493.7292563155936;0.14597279675551963;382.8389244533412;[2216.0, 2154.0, 2636.0, 2436.0, 2562.0, 3450.0, 2858.0, 2619.0, 2692.0, 3234.0, 3073.0, 2311.0, 1992.0];"[2238.31491468 2350.59071434 2362.72216867 2347.87575475 2309.48462599
 2291.17432287 2382.67331124 2427.76362964 2424.31086848 2414.5819136
 2434.01922805 2447.20896696 2448.3972452 ]";2016-10-16 12:00:00;2017-01-08 12:00:00
314;13;ridge_log;0.18969599459393915;33.333333333333336;0.21341807256203404;1694.400898292373;0.21341623749466698;1264.2956041373532;[4328.0, 3883.0, 5678.0, 4816.0, 5931.0, 7497.0, 5391.0, 5817.0, 7389.0, 7939.0, 8555.0, 4986.0, 4831.0];"[5004.16608712 5022.34880974 4966.19383531 4992.07878439 4997.04243761
 4938.47218451 4996.16530485 4993.86474993 5011.2060428  5031.38187725
 4999.22694006 5005.20527594 4992.59726892]";2016-10-16 12:00:00;2017-01-08 12:00:00
247;13;ridge_log;0.04267006193083918;50.0;0.04400791024940111;881.5779706048993;0.044007769017150276;687.223193697924;[15301.6, 15301.6, 17369.4, 17369.4, 14388.8, 14388.8, 15780.6, 15780.6, 14436.9, 14436.9, 15948.5, 15948.5, 14523.5];"[14389.07761063 14382.31950893 15460.91042409 15602.35442295
 14616.33069793 14563.78193449 15376.81162221 15429.96425309
 14696.54906624 14608.58788495 15201.21268355 15258.21477448
 14924.21723438]";2016-01-17 12:00:00;2016-04-10 12:00:00
287;13;ridge_log;0.00783089749301238;41.666666666666664;0.007875319397806826;73.36801238402374;0.007875268622200176;61.073140725699815;[7724.4, 7730.8, 7730.5, 7729.7, 7725.8, 7784.0, 7781.2, 7780.5, 7780.5, 7833.3, 7816.6, 7815.6, 7821.3];"[7704.55660199 7718.07644027 7720.44398514 7719.68318193 7713.92309121
 7707.83497749 7702.94096568 7704.39572899 7707.30767387 7705.04625051
 7711.22634861 7718.26214443 7726.55178044]";2016-08-28 12:00:00;2016-11-20 12:00:00
330;13;ridge_log;0.19271470746176275;58.333333333333336;0.21394969160828145;1369.6477439436126;0.21394785210027026;1249.8640798451643;[6871.0, 5873.0, 6170.0, 6691.0, 6293.0, 4403.0, 6148.0, 7417.0, 6375.0, 5700.0, 5761.0, 6663.0, 7417.0];"[5332.50804725 5224.53917453 5217.50983467 5266.06071865 5263.83686551
 5158.87888834 5090.37183228 5086.8115071  5171.03040679 5071.49085197
 5046.25811657 5049.86598234 5066.3625127 ]";2017-07-16 12:00:00;2017-10-08 12:00:00
274;13;ridge_log;0.19032622748252603;58.333333333333336;0.17056100328679233;1601.6624382346147;0.1705600083581971;1462.3056824819655;[8139.8, 8273.4, 8130.4, 8033.0, 7710.8, 7969.4, 7874.9, 7911.2, 7960.5, 7563.1, 7756.4, 7432.5, 7050.0];"[8730.35287207 8801.52106786 8865.2420243  8950.4813526  9085.25803951
 9181.320306   9259.2956505  9391.73844713 9563.42313024 9714.66258587
 9793.46120106 9781.33250292 9697.28469219]";2016-10-09 12:00:00;2017-01-01 12:00:00
319;13;ridge_log;0.3117413781966898;41.666666666666664;0.378309463742618;944.1267724374422;0.37830082323949615;842.3263998060395;[2572.0, 2584.0, 2776.0, 3036.0, 3647.0, 2357.0, 2695.0, 3086.0, 2379.0, 1989.0, 1862.0, 2062.0, 2276.0];"[2067.83174508 1849.18108478 1787.47634398 1847.26687736 1844.18070856
 1755.82983699 1626.00719857 1610.98429356 1692.99325865 1658.95195906
 1543.3386193  1505.4610509  1581.25382572]";2017-07-16 12:00:00;2017-10-08 12:00:00
330;13;ridge_log;0.10862955706535046;50.0;0.10098335010325325;685.8624372740779;0.10098239521395315;535.907961705934;[4855.0, 4551.0, 5213.0, 5028.0, 5024.0, 4827.0, 4408.0, 5625.0, 4771.0, 5753.0, 4738.0, 5643.0, 6387.0];"[5116.8342333  4784.21011853 5222.73107113 5533.82420571 5748.53533461
 5703.31532014 5335.7987906  5558.97404025 6112.14606922 5841.65461492
 5771.72864208 5704.68886778 5550.68972559]";2017-04-16 12:00:00;2017-07-09 12:00:00
330;13;ridge_log;0.3568686348346237;25.0;0.28425171953158884;1964.5682073362134;0.2842493937955029;1747.0205272557776;[6384.0, 6072.0, 6121.0, 6926.0, 5751.0, 4822.0, 5813.0, 5945.0, 4890.0, 4711.0, 3513.0, 4779.0, 6205.0];"[7270.45270588 7337.58200392 7273.44642204 7225.78340389 7256.44661629
 7306.11707159 7316.86516557 7265.75155899 7246.46726183 7286.43329273
 7298.77208501 7279.47532988 7279.6739367 ]";2017-01-15 12:00:00;2017-04-09 12:00:00
319;13;ridge_log;0.1992991393323236;25.0;0.17781086809548446;405.493186727678;0.1778058740611501;318.2504740038939;[1671.0, 1411.0, 1875.0, 1744.0, 1738.0, 1400.0, 1345.0, 1556.0, 1611.0, 1853.0, 1594.0, 1818.0, 2454.0];"[1746.14954181 1860.52119438 1832.85283554 1829.18409564 1953.59933982
 2070.73638627 2093.48056912 1904.29181807 1943.2395009  1940.78944187
 1927.3279172  1785.16873527 1738.04207222]";2017-04-16 12:00:00;2017-07-09 12:00:00
233;13;ridge_log;0.09278478783204426;41.666666666666664;0.08811013619408704;195.12541643784968;0.0881080103046567;183.29169917798347;[2289.9, 2226.8, 2150.9, 2156.9, 2035.6, 2092.4, 1947.3, 2009.7, 1868.2, 1927.3, 1808.2, 1839.0, 1813.2];"[2329.26956346 2334.03418122 2346.38975351 2332.54154082 2324.74496747
 2267.71597554 2232.35910857 2180.72820116 2127.09456835 2068.58936775
 2027.71179038 1995.50653687 1981.50653422]";2016-07-24 12:00:00;2016-10-16 12:00:00
330;13;ridge_log;0.13188066316575445;50.0;0.13528433668007134;1257.7060679700144;0.13528334071919082;929.3879772222365;[6030.0, 4832.0, 7314.0, 6545.0, 7273.0, 9068.0, 7260.0, 6742.0, 7080.0, 8042.0, 8497.0, 6420.0, 5556.0];"[5915.67464867 6802.91016151 7198.0311536  6558.37373139 6179.75062626
 6367.27235968 6738.05146783 6716.74141766 6360.63859493 6289.60593207
 6644.63397313 6748.93834313 6429.2216417 ]";2016-10-16 12:00:00;2017-01-08 12:00:00
319;13;ridge_log;0.4270450599744959;66.66666666666667;0.3463725628723253;756.1314422289757;0.34636393102436025;707.5691036660659;[3491.0, 2202.0, 1967.0, 1963.0, 1673.0, 1761.0, 1630.0, 1116.0, 1583.0, 1626.0, 1592.0, 1391.0, 1742.0];"[2364.38703537 2380.0522741  2388.40073144 2396.94241014 2337.14617235
 2356.42312979 2312.29339482 2296.05294991 2431.09474775 2390.13117107
 2350.53098029 2303.30085777 2375.41656361]";2017-01-15 12:00:00;2017-04-09 12:00:00
331;13;ridge_log;0.18374609550627807;50.0;0.2088380881033665;800.3459312724583;0.20883468435394786;644.6370814112516;[3191.0, 3095.0, 2805.0, 3275.0, 3230.0, 2471.0, 3448.0, 4534.0, 3545.0, 3233.0, 3179.0, 3157.0, 3530.0];"[2892.34640079 2840.41548013 2737.93385896 2782.52100142 2819.57139561
 2778.07662578 2670.11566081 2543.6558801  2553.20527423 2628.66225123
 2622.98361382 2577.74984642 2479.6339039 ]";2017-07-16 12:00:00;2017-10-08 12:00:00
319;13;ridge_log;0.20574602335347109;41.666666666666664;0.2292287763374718;567.8405143706331;0.22922335792605003;491.3760589015398;[1445.0, 1504.0, 2404.0, 2344.0, 2331.0, 3041.0, 2570.0, 2348.0, 2391.0, 2179.0, 2142.0, 2047.0, 2773.0];"[1667.70948026 1810.71418592 1892.99827955 1872.68676379 1812.4460853
 1809.4074986  1924.59069864 1935.6141663  1903.53763266 1863.92621145
 1893.69683383 1910.08538406 1892.54534628]";2016-10-16 12:00:00;2017-01-08 12:00:00
331;13;ridge_log;0.1788008482164354;25.0;0.16061012723984952;534.5583420339938;0.16060731551343554;459.91495776469117;[2618.0, 2382.0, 2770.0, 2444.0, 2861.0, 2435.0, 2545.0, 2875.0, 2511.0, 2573.0, 2406.0, 2783.0, 3384.0];"[2912.78453745 2739.15225565 2728.04536261 2883.11766491 3260.74620595
 3333.09283429 3085.80560531 2883.19735602 2987.00497465 3194.91719228
 3429.86186649 3207.63994741 2931.38062685]";2017-04-16 12:00:00;2017-07-09 12:00:00
331;13;ridge_log;0.2838378615809002;58.333333333333336;0.2351371834864086;883.815531735116;0.23513354260376101;764.0088845940759;[3463.0, 3179.0, 3474.0, 3305.0, 2673.0, 2885.0, 3428.0, 3137.0, 2713.0, 2553.0, 2047.0, 2652.0, 3186.0];"[3483.69950602 3635.3922967  3688.85902384 3551.4905484  3618.91207238
 3604.04042361 3946.44085908 4023.53540809 3940.13314488 3553.16880867
 3690.81525269 3847.99958584 4042.62856952]";2017-01-15 12:00:00;2017-04-09 12:00:00
320;13;ridge_log;0.12147867171407324;66.66666666666667;0.1284338206915206;934.0971949077815;0.12843266469905013;717.7400910951087;[6172.0, 5932.0, 5665.0, 6110.0, 5342.0, 4145.0, 5273.0, 5132.0, 6994.0, 6018.0, 5745.0, 6651.0, 6108.0];"[5593.42459753 5520.32605742 5565.02780581 5609.73728401 5414.25297839
 5393.4212388  5306.48157493 5146.37164732 5210.79362737 5009.80219054
 5081.69757815 4944.57326587 4897.52384851]";2017-07-16 12:00:00;2017-10-08 12:00:00
287;13;ridge_log;0.02780463703656344;33.333333333333336;0.027356545015133935;233.46468433926606;0.027356370800445444;214.7999589188285;[7677.0, 7684.4, 7657.3, 7657.2, 7655.1, 7764.1, 7764.2, 7762.2, 7758.3, 7742.3, 7724.9, 7724.4, 7724.4];"[7744.78588844 7736.2164273  7767.7453875  7812.61170172 7885.20814547
 7943.21781202 7992.78280642 8028.6900676  8048.21109716 8073.1874221
 8059.09630818 8025.2751609  7971.17124116]";2016-05-29 12:00:00;2016-08-21 12:00:00
320;13;ridge_log;0.17080107525764854;41.666666666666664;0.14956496034089278;1020.1190584537086;0.149563567142916;804.4589882361363;[5196.0, 4527.0, 5407.0, 4985.0, 5199.0, 4154.0, 4619.0, 5678.0, 4554.0, 5333.0, 4761.0, 6171.0, 6172.0];"[5454.071691   5246.0994327  5517.7374953  5498.69595029 5944.02322475
 6271.86113381 5940.95628988 5991.26293052 6184.00257834 6122.81296731
 6297.1815676  6197.58153329 5796.31994773]";2017-04-16 12:00:00;2017-07-09 12:00:00
331;13;ridge_log;0.1646783446729068;41.666666666666664;0.14923984510070054;673.0869575039599;0.14923787076721326;567.139724459417;[3363.0, 3219.0, 3643.0, 3870.0, 3732.0, 3992.0, 3787.0, 3624.0, 3890.0, 4807.0, 3784.0, 3166.0, 2788.0];"[4327.84799736 4254.1109674  4209.04676086 4251.35312463 4244.61680389
 4084.69290669 4022.6116618  4061.89400938 4025.39733164 3914.96715772
 3909.43145977 3956.28357247 3991.49697979]";2016-10-16 12:00:00;2017-01-08 12:00:00
320;13;ridge_log;0.3887878887183313;66.66666666666667;0.30952408425859734;2167.255323239823;0.3095216460302052;1972.815362293161;[5582.0, 6476.0, 6195.0, 7313.0, 5808.0, 5299.0, 6198.0, 5721.0, 5202.0, 4803.0, 3820.0, 4495.0, 5929.0];"[7455.81535108 7690.84843413 7501.40277947 7422.13620964 7426.23693259
 7568.6234481  7695.06297107 7611.9716919  7583.05555093 7594.13949525
 7582.2591328  7665.09220546 7690.95550738]";2017-01-15 12:00:00;2017-04-09 12:00:00
320;13;ridge_log;0.17453356980008794;33.333333333333336;0.18970732989949896;1633.1515783485263;0.18970592681361773;1298.8754782357114;[5800.0, 5230.0, 6728.0, 6578.0, 6988.0, 7376.0, 7320.0, 7128.0, 7824.0, 9375.0, 9425.0, 5843.0, 4892.0];"[6295.29403924 6385.75740873 6314.08703051 6193.13317987 6125.1611424
 6030.2630133  6028.41712486 6053.17296283 6023.26420132 6024.12398232
 6016.47721605 6013.99088868 6021.43873387]";2016-10-16 12:00:00;2017-01-08 12:00:00
332;13;ridge_log;0.24504554274427898;66.66666666666667;0.28460197445556146;824.6862643821773;0.2845965880748062;754.774294383003;[2774.0, 2724.0, 2885.0, 3325.0, 3629.0, 2345.0, 3088.0, 3348.0, 2915.0, 2738.0, 2573.0, 3229.0, 2961.0];"[2242.92751944 2224.90872075 2234.5995831  2271.47588002 2237.93353352
 2210.24011429 2203.7391822  2211.3995791  2204.24244533 2170.35880858
 2183.66073451 2165.0533899  2161.39468229]";2017-07-16 12:00:00;2017-10-08 12:00:00
321;13;ridge_log;0.17186559868451698;50.0;0.19225855927616642;527.937538210395;0.19225447444050364;455.73829650051914;[2626.0, 2370.0, 2401.0, 2830.0, 3284.0, 2103.0, 2352.0, 2865.0, 2483.0, 2381.0, 2317.0, 2530.0, 2515.0];"[2270.37810492 2255.51175068 2241.64422459 2312.08559803 2183.83307628
 2234.22753367 2034.11655006 2095.32475106 2026.82581452 2019.65694736
 1917.91699615 1896.98503388 1906.35083162]";2017-07-16 12:00:00;2017-10-08 12:00:00
274;13;ridge_log;0.07923098958524709;58.333333333333336;0.0839856734159696;861.254078722336;0.08398518386381339;721.5191417764664;[9698.5, 9184.4, 9012.3, 9118.6, 9059.1, 9207.6, 9304.0, 9271.4, 9431.9, 9256.2, 8819.0, 8691.3, 8663.5];"[9310.87243178 9261.34952555 9120.91140424 8975.46098969 8791.04142336
 8662.18790371 8465.21680915 8219.61849367 8017.71212454 7843.74816238
 7706.69815264 7649.3918248  7684.96377097]";2016-07-10 12:00:00;2016-10-02 12:00:00
332;13;ridge_log;0.10499626624683558;50.0;0.10139130413396472;280.8013028490362;0.1013890013560523;224.64373708575482;[2075.0, 1813.0, 2344.0, 2121.0, 2304.0, 2077.0, 2070.0, 2342.0, 1922.0, 2153.0, 1884.0, 2391.0, 2872.0];"[2197.64875875 2182.68918784 2227.51257708 2280.5931799  2283.54874977
 2290.81786577 2286.58093655 2309.97820427 2297.55593046 2280.17120256
 2311.68321019 2273.93369011 2250.39846864]";2017-04-16 12:00:00;2017-07-09 12:00:00
321;13;ridge_log;0.2213880181227623;33.333333333333336;0.18836621919754773;507.19748976906214;0.18836189346756213;410.8167899268186;[2349.0, 2089.0, 2086.0, 1993.0, 2066.0, 1878.0, 1688.0, 2146.0, 1628.0, 2054.0, 1734.0, 2425.0, 2345.0];"[2184.44947472 2089.12615541 2250.95732371 2511.86591224 2443.72348225
 2539.05579974 2491.95835817 2474.96454047 2582.06402827 2574.71079485
 2435.7343569  2318.90677911 2307.18622915]";2017-04-16 12:00:00;2017-07-09 12:00:00
321;13;ridge_log;0.43408522097156305;50.0;0.34154431815844;956.1187989103638;0.3415377261998812;889.1774683707231;[2907.0, 2479.0, 2487.0, 2625.0, 2332.0, 1907.0, 2376.0, 2322.0, 1718.0, 1984.0, 1628.0, 1950.0, 2414.0];"[3125.27364766 3272.39935807 3188.36904189 3094.28091434 2984.99744728
 3140.21665734 3300.78866519 3086.44278353 3043.27756876 3052.83358347
 3134.27794736 3158.63713174 3106.51234219]";2017-01-15 12:00:00;2017-04-09 12:00:00
321;13;ridge_log;0.17439599787084464;33.333333333333336;0.19483839295826344;630.4028432871539;0.19483486766995844;540.7348348697388;[2264.0, 2156.0, 2830.0, 2894.0, 3185.0, 3451.0, 3253.0, 2692.0, 2819.0, 3400.0, 3397.0, 2483.0, 3018.0];"[2394.04915742 2408.65495936 2442.5184634  2438.57829696 2436.19863955
 2414.21491187 2419.37482173 2449.83792256 2448.65459255 2442.54229514
 2432.28728066 2425.33348987 2425.6105492 ]";2016-10-16 12:00:00;2017-01-08 12:00:00
332;13;ridge_log;0.436760259197688;75.0;0.35019197173708605;969.8725243973446;0.3501853993889548;935.2028953412043;[2500.0, 2799.0, 2300.0, 2270.0, 2379.0, 2248.0, 2135.0, 2148.0, 2043.0, 2209.0, 1650.0, 2071.0, 2437.0];"[3180.59762825 3203.88658606 3171.74008364 3157.58313566 3162.66879335
 3182.83150974 3185.96459386 3186.05359689 3176.25142059 3178.71091934
 3178.88238836 3190.02055685 3191.44642685]";2017-01-15 12:00:00;2017-04-09 12:00:00
248;13;ridge_log;0.12929724601499407;16.666666666666668;0.11702127160847563;3417.161551889963;0.11702101861100381;2707.5255041766013;[21254.72, 21655.06, 21655.06, 22030.28, 22030.28, 22104.93, 22104.93, 21822.79, 21822.79, 21445.17, 21445.17, 19654.69, 19654.69];"[21758.68202159 21649.22788881 22158.6677702  22607.88269964
 23352.04420302 24063.20777415 24428.93313222 24991.16266007
 25140.91168975 26015.06248463 25882.80025693 26151.10052557
 25667.04422534]";2016-10-16 12:00:00;2017-01-08 12:00:00
233;13;ridge_log;0.35177692845225106;50.0;0.2842146035316966;919.9220039324681;0.28420938976263066;780.0087522886399;[2248.3, 2188.7, 2195.4, 2157.6, 2165.4, 2130.3, 2219.8, 2151.1, 2209.8, 2149.7, 2227.6, 2326.4, 2336.4];"[2297.67381367 2319.01468709 2390.10853663 2498.24807526 2604.43127187
 2803.42859657 2982.11379634 3202.97468377 3373.8018292  3551.61049191
 3628.92904856 3648.61838453 3545.66056436]";2016-04-24 12:00:00;2016-07-17 12:00:00
287;13;ridge_log;0.03048562255420371;16.666666666666668;0.030013111952680433;264.9815731260873;0.030012921661093313;236.68704125423434;[7967.5, 7967.5, 7967.2, 7965.6, 7965.3, 7742.6, 7742.5, 7742.3, 7740.2, 7717.6, 7701.6, 7695.7, 7677.0];"[7838.50958905 7835.43688896 7827.08034629 7826.93557778 7858.12109068
 7904.79849539 7932.43733017 7962.19357884 7992.21182474 8045.43112115
 8093.35520143 8124.27701856 8134.7104588 ]";2016-02-28 12:00:00;2016-05-22 12:00:00
332;13;ridge_log;0.1458982483664122;58.333333333333336;0.1435567336305383;555.1227465562545;0.14355427910005958;426.89233607093837;[2570.0, 2254.0, 3107.0, 3008.0, 3046.0, 3413.0, 3070.0, 2806.0, 3165.0, 4121.0, 3767.0, 2717.0, 2038.0];"[2909.09902731 2953.66815944 2936.30978749 2917.06219994 2941.23013604
 2906.92871446 2927.48735491 2904.56760985 2910.54706139 2916.78729538
 2903.57030633 2916.46911543 2913.71931283]";2016-10-16 12:00:00;2017-01-08 12:00:00
322;13;ridge_log;0.2933163322227299;33.333333333333336;0.34954625549099805;1766.8047014008032;0.34954252014740794;1642.2573721435074;[5324.0, 4761.0, 4912.0, 5730.0, 6273.0, 4394.0, 5408.0, 6709.0, 5429.0, 5251.0, 4661.0, 5976.0, 5605.0];"[3868.39932914 3853.8608291  3742.35986017 3799.98880531 3710.19492611
 3788.66283561 3769.5511112  3752.71690436 3803.42460424 3738.00518531
 3774.66138382 3741.03239013 3740.79599763]";2017-07-16 12:00:00;2017-10-08 12:00:00
274;13;ridge_log;0.03808996640112321;75.0;0.039084320358554164;378.1928027866348;0.03908408711072568;327.832549250687;[8601.0, 8520.5, 8466.8, 8192.2, 8593.6, 8558.9, 8276.9, 8446.1, 8135.7, 8582.3, 8977.5, 8793.8, 9289.7];"[8427.31673809 8311.2850091  8127.66730519 8055.62296801 7996.84186665
 7930.78392589 7858.08896566 7897.21767543 8099.35672792 8334.5301606
 8529.1888946  8707.03554051 8898.24108209]";2016-04-10 12:00:00;2016-07-03 12:00:00
333;13;ridge_log;0.20113085077508955;83.33333333333333;0.22704570807898453;923.7782508662384;0.22704266692410188;850.2922071502807;[4019.0, 3939.0, 4008.0, 4178.0, 4154.0, 3076.0, 3917.0, 4989.0, 4219.0, 4007.0, 3832.0, 4543.0, 4318.0];"[3310.27053342 3186.71295101 3271.04925197 3524.75937156 3400.75797579
 3136.23846819 3180.37132367 3308.73776144 3386.7318545  3042.53988672
 3061.49537546 3268.77067877 3187.24281091]";2017-07-16 12:00:00;2017-10-08 12:00:00
333;13;ridge_log;0.1819945371253997;58.333333333333336;0.1606832245151574;645.9659319476905;0.16068080535143028;536.2440777263351;[3806.0, 3207.0, 3400.0, 3339.0, 3711.0, 2736.0, 2543.0, 3286.0, 2696.0, 3311.0, 2746.0, 3051.0, 4152.0];"[3649.09147756 3291.94594549 3611.18814968 3899.17482392 3746.16160545
 3597.82603547 3589.49210887 3932.77118589 3831.3437364  3500.88490852
 3590.39914052 3752.74829192 3655.67144412]";2017-04-16 12:00:00;2017-07-09 12:00:00
322;13;ridge_log;0.10076192401188311;50.0;0.09621386771345078;437.53542820988446;0.09621256499009832;356.6143716908388;[4052.0, 3249.0, 4094.0, 3900.0, 3755.0, 3415.0, 3416.0, 3969.0, 3016.0, 3886.0, 3310.0, 4235.0, 4404.0];"[3934.37717713 3846.28983752 3807.82172502 3716.38572557 3811.79709414
 3850.71516771 3855.49893081 3930.60055064 3881.9646411  3860.01114473
 3851.2565898  3817.11477727 3774.22432874]";2017-04-16 12:00:00;2017-07-09 12:00:00
333;13;ridge_log;0.39949984875639716;58.333333333333336;0.3238315325694036;1421.9878871561343;0.3238276449517834;1353.1080460020096;[3733.0, 4213.0, 3341.0, 4233.0, 4089.0, 3244.0, 3582.0, 3191.0, 3603.0, 3279.0, 2657.0, 3392.0, 4092.0];"[5089.96015982 5089.2026986  4810.76473606 4830.08750298 4991.68651592
 5031.31717896 4868.90376282 4832.18314821 4964.76245721 4975.92472139
 4899.70865344 4914.80736765 4940.09569497]";2017-01-15 12:00:00;2017-04-09 12:00:00
322;13;ridge_log;0.6895509320617322;58.333333333333336;0.47046032709035895;2417.1614042370175;0.4704552918423063;2215.7100383989336;[2990.0, 4119.0, 5432.0, 5420.0, 4799.0, 4165.0, 3354.0, 2074.0, 3726.0, 3184.0, 2794.0, 3514.0, 4542.0];"[6072.80113084 6113.7505564  6082.59305045 6073.44879466 6076.3882946
 6072.58824481 6071.28425091 6047.13811588 6047.50291312 6054.55452971
 6058.23463471 6073.79815968 6073.1478234 ]";2017-01-15 12:00:00;2017-04-09 12:00:00
333;13;ridge_log;0.15971979412384985;50.0;0.16431298329854777;938.4407216885919;0.16431117275130147;754.2498048877104;[3424.0, 3451.0, 4663.0, 3948.0, 4892.0, 5124.0, 5004.0, 4448.0, 4854.0, 6425.0, 5666.0, 4057.0, 4544.0];"[4202.67087848 4816.19415358 4798.57357211 4283.85482909 4108.49596194
 4256.35831935 4529.3674613  4319.5533547  3973.45767963 4248.72502367
 4456.66033676 4248.93632822 4066.36416059]";2016-10-16 12:00:00;2017-01-08 12:00:00
322;13;ridge_log;0.12307245538739914;33.333333333333336;0.12616193447464458;1081.8088562885528;0.1261608276315109;732.633016895957;[4632.0, 4164.0, 5495.0, 5572.0, 6183.0, 8552.0, 5822.0, 5446.0, 5598.0, 6045.0, 6559.0, 4822.0, 4921.0];"[5200.22112119 5645.41062911 5596.76435207 5435.25988248 5570.18170915
 5445.4063545  5618.90189054 5399.62454747 5343.00071424 5311.81598112
 5381.91332234 5407.67600555 5437.26151358]";2016-10-16 12:00:00;2017-01-08 12:00:00
334;13;ridge_log;0.20750342659987908;58.333333333333336;0.23608968128988678;1129.840551530262;0.2360869359143744;1018.8832652975868;[5003.0, 4375.0, 4539.0, 4653.0, 5501.0, 3930.0, 4734.0, 5515.0, 5429.0, 4309.0, 3932.0, 4650.0, 4767.0];"[3852.87111131 3799.62429245 3708.13355409 3885.50382308 3809.09882371
 3669.83792194 3624.00545463 3601.99188244 3787.73091866 3626.05017185
 3562.77426899 3574.03498254 3589.86034544]";2017-07-16 12:00:00;2017-10-08 12:00:00
323;13;ridge_log;0.23463860533331907;50.0;0.27364085355224427;821.7725452156778;0.27363569310032104;727.9541750069917;[3057.0, 2539.0, 2419.0, 2741.0, 2917.0, 2209.0, 2798.0, 3546.0, 3183.0, 3140.0, 2856.0, 3481.0, 3241.0];"[2209.40647062 2201.62291739 2199.96402768 2210.81332981 2201.54839487
 2210.77335765 2204.99805857 2210.60897853 2208.30843324 2200.16392951
 2202.94822686 2202.21995879 2203.76635668]";2017-07-16 12:00:00;2017-10-08 12:00:00
334;13;ridge_log;0.08837454142568732;66.66666666666667;0.09047942206536887;382.1975590480649;0.09047817425750228;329.25117767292556;[3946.0, 3122.0, 3905.0, 4064.0, 3783.0, 3320.0, 3096.0, 3760.0, 3292.0, 3727.0, 3276.0, 3789.0, 4354.0];"[3407.75221587 3242.17623367 3491.24112327 3663.91422919 3667.45890613
 3569.70777491 3441.30729703 3566.0727651  3710.81919677 3601.10258652
 3513.38686892 3506.33816715 3515.25206833]";2017-04-16 12:00:00;2017-07-09 12:00:00
323;13;ridge_log;0.10654029363281815;58.333333333333336;0.10044714202765247;269.5789095077442;0.10044485678439524;221.62392366273298;[1955.0, 2034.0, 2418.0, 2290.0, 2593.0, 2173.0, 2015.0, 2351.0, 1787.0, 2245.0, 1926.0, 2249.0, 2625.0];"[2305.36895189 2315.82159975 2314.50174227 2308.82969246 2309.14612754
 2312.99255258 2316.94836822 2321.26197427 2317.48891755 2320.23894457
 2314.65533321 2314.46649214 2313.79000068]";2017-04-16 12:00:00;2017-07-09 12:00:00
334;13;ridge_log;0.43829658859920406;25.0;0.35101993659298564;1520.476053089462;0.351015707101956;1459.4081173661255;[3437.0, 3749.0, 3399.0, 4316.0, 3530.0, 2897.0, 3756.0, 3766.0, 3412.0, 3178.0, 2750.0, 3305.0, 3880.0];"[4992.56171326 5009.08472731 4887.12797364 4859.50306985 4938.45452201
 5012.44655217 4994.3596251  4899.97064216 4889.45808282 4944.95080597
 4985.27983955 4977.84687445 4956.26109746]";2017-01-15 12:00:00;2017-04-09 12:00:00
274;13;ridge_log;0.1742420848398688;33.333333333333336;0.19293300787521128;1585.955925889726;0.19293175763379677;1489.2911467120464;[7446.0, 8116.0, 8110.6, 7999.2, 8330.9, 8736.5, 8473.4, 9113.5, 8984.5, 9001.4, 8447.7, 8130.1, 8344.4];"[7059.08026492 7037.97976519 7039.90821352 6948.09122273 6920.49426683
 6901.97663959 6811.59014369 6748.00725442 6752.98363477 6800.32716086
 6874.91776605 6949.91236869 7028.14639148]";2016-01-10 12:00:00;2016-04-03 12:00:00
323;13;ridge_log;0.22794545022407955;8.333333333333334;0.20008586913507984;545.3949357065136;0.20008187250622889;501.3851624368333;[2395.0, 2313.0, 2371.0, 2794.0, 2182.0, 2009.0, 2201.0, 2520.0, 2504.0, 2254.0, 2157.0, 2285.0, 1960.0];"[2796.46410266 2825.1917371  2797.77662433 2781.15433283 2799.0832395
 2810.01454397 2800.51562365 2798.26131302 2802.92218627 2821.78624559
 2805.31035386 2798.57064286 2800.26483171]";2017-01-15 12:00:00;2017-04-09 12:00:00
323;13;ridge_log;0.15128240000681073;50.0;0.14694794887755463;499.41950535569924;0.1469451543783549;392.39000142516295;[2291.0, 2036.0, 2973.0, 2797.0, 2673.0, 3267.0, 2674.0, 2301.0, 2558.0, 3498.0, 3482.0, 2603.0, 1841.0];"[2651.78739861 2702.64354446 2694.34343675 2624.13017924 2634.7669706
 2642.15667848 2657.75165788 2644.10672239 2629.63466653 2659.62113634
 2655.45087258 2655.88716807 2651.23145034]";2016-10-16 12:00:00;2017-01-08 12:00:00
334;13;ridge_log;0.11838577837592627;41.666666666666664;0.11576114810318659;658.717581560505;0.11575990345393791;543.2659461295278;[4090.0, 3429.0, 4945.0, 4388.0, 4272.0, 5428.0, 4722.0, 5029.0, 5221.0, 6017.0, 5336.0, 4313.0, 4180.0];"[4407.60465989 4749.13009934 4780.37252793 4683.01481502 4645.10773009
 4636.19703461 4765.7367238  4722.79377418 4651.27997769 4739.2784786
 4776.23752559 4776.23957405 4759.7830161 ]";2016-10-16 12:00:00;2017-01-08 12:00:00
324;13;ridge_log;0.0859627892881928;33.333333333333336;0.08282962725176493;301.2285349635817;0.08282841545061125;283.28059746240325;[3215.0, 3336.0, 3183.0, 3166.0, 3238.0, 3301.0, 3322.0, 3274.0, 3354.0, 3273.0, 3112.0, 3872.0, 3377.0];"[3541.80583681 3610.78428035 3631.08070647 3560.82962436 3494.39311256
 3579.11168546 3525.03556401 3512.11322975 3478.81759048 3492.60756883
 3507.87809806 3464.69554716 3491.88601703]";2017-07-16 12:00:00;2017-10-08 12:00:00
275;13;ridge_log;0.03977092430551892;50.0;0.04082855513426174;553.423493601558;0.04082837593459;465.1840842114823;[11409.5, 11408.2, 11485.6, 11820.4, 11735.0, 12147.0, 11899.3, 11303.7, 11336.7, 11585.8, 11662.6, 11191.2, 10895.7];"[11230.62647552 11190.52610157 11171.9296468  11128.69055352
 11064.82969002 11022.02494762 11009.62283852 11026.23480313
 11060.42706623 11082.16988926 11116.95119712 11171.31951411
 11233.44581816]";2016-10-09 12:00:00;2017-01-01 12:00:00
324;13;ridge_log;0.11763002314839095;75.0;0.12824016466089996;558.7470149328328;0.1282382661341337;434.82535230305234;[3559.0, 2717.0, 3119.0, 3621.0, 3429.0, 3035.0, 3379.0, 3718.0, 3066.0, 3793.0, 3409.0, 4371.0, 3699.0];"[3161.94513342 3020.78114019 3097.38820503 3135.56984428 3083.52409807
 3032.68539452 3061.58641416 3094.69185044 3050.75668795 3029.12167984
 3047.40728619 3033.00221117 3021.37275517]";2017-04-16 12:00:00;2017-07-09 12:00:00
248;13;ridge_log;0.05395540539415294;25.0;0.051100086750586964;1741.3924213804203;0.05109998026060807;1226.6276792120366;[23790.95, 23790.95, 23903.16, 23903.16, 24224.27, 24224.27, 24096.07, 24096.07, 24293.42, 24293.42, 22493.93, 22493.93, 21254.72];"[23464.13381337 23699.59640373 23576.98833665 23918.03133884
 24679.92755818 25048.47085089 24904.67605034 24910.94305243
 25435.12159085 25427.69819405 25483.27574182 25354.67029675
 25412.26370936]";2016-07-17 12:00:00;2016-10-09 12:00:00
233;13;ridge_log;0.22936402621834456;66.66666666666667;0.27363713059158623;677.9922730978491;0.2736306641497452;590.851929609009;[2922.9, 3053.1, 2874.2, 3080.9, 2801.5, 2953.7, 2689.5, 2784.3, 2471.5, 2568.3, 2426.8, 2376.5, 2272.9];"[2585.08942847 2906.31111683 2633.65835764 2972.33725823 2542.86958873
 2267.12842782 2244.25447655 1949.20349043 1744.83045445 1535.7900298
 1456.89824992 1357.779943   1398.87409321]";2016-01-24 12:00:00;2016-04-17 12:00:00
335;13;ridge_log;0.2587061336709562;75.0;0.30421321772658944;564.588254323913;0.3042039374838664;504.720836841168;[1984.0, 1637.0, 2053.0, 2085.0, 2375.0, 1537.0, 2031.0, 2317.0, 1744.0, 1468.0, 1250.0, 1730.0, 1702.0];"[1393.37112392 1243.95100815 1385.89391084 1572.47988664 1468.67317471
 1273.93650132 1279.60842295 1366.94451564 1374.76422729 1254.22916786
 1182.44487911 1246.1359897  1309.19631295]";2017-07-16 12:00:00;2017-10-08 12:00:00
275;13;ridge_log;0.12989491083970306;66.66666666666667;0.14089641504713168;1605.5432323167984;0.14089573687747478;1463.9377262124942;[10941.0, 10658.1, 11014.6, 10998.8, 11071.5, 11565.9, 11463.3, 11295.1, 11282.2, 11138.3, 11305.4, 11373.6, 11235.5];"[10513.77013998 10480.17930098 10261.21338325 10118.33055961
  9899.47831406  9731.90322719  9500.18145637  9365.1974612
  9252.58275198  9206.86039302  9216.8716663   9309.98823603
  9455.55266927]";2016-07-10 12:00:00;2016-10-02 12:00:00
288;13;ridge_log;0.012639088154816756;58.333333333333336;0.012716326745425444;156.31389463412145;0.01271626252371822;125.9012062164914;[9790.0, 9800.0, 10160.0, 9960.0, 9920.0, 9710.0, 10070.0, 9970.0, 10000.0, 9770.0, 9840.0, 9840.0, 9750.0];"[9964.59921557 9916.27592787 9861.18827459 9816.61450839 9892.4069128
 9774.13495583 9794.22515509 9768.85529697 9822.97478712 9758.07418583
 9798.46551162 9830.97410052 9845.48431447]";2015-04-05 12:00:00;2015-06-28 12:00:00
335;13;ridge_log;0.24735980475513172;58.333333333333336;0.2149517677655657;346.0745789068166;0.21494412891972864;305.6340343630414;[1104.0, 1080.0, 1475.0, 1489.0, 1210.0, 1016.0, 1285.0, 1465.0, 1260.0, 1291.0, 1084.0, 1527.0, 1986.0];"[1341.94846416 1247.79190207 1361.47042299 1572.2249339  1614.39701917
 1578.39843348 1585.7325636  1672.53783828 1732.48916358 1681.30977255
 1646.90378962 1627.52661938 1616.54763011]";2017-04-16 12:00:00;2017-07-09 12:00:00
324;13;ridge_log;0.5697253857208257;58.333333333333336;0.4344315068906595;1693.080974603283;0.4344257785540403;1651.1687967333223;[3203.0, 3391.0, 2617.0, 2427.0, 3330.0, 2870.0, 3193.0, 2576.0, 3220.0, 2977.0, 2613.0, 3128.0, 3818.0];"[4673.89008212 4734.61503892 4680.68245884 4638.73288876 4676.38724242
 4700.0790287  4674.29624146 4662.59784853 4663.30815432 4690.35765775
 4682.55465434 4678.40833822 4672.28472317]";2017-01-15 12:00:00;2017-04-09 12:00:00
324;13;ridge_log;0.14943816389374628;50.0;0.13368043064870963;794.8418247375644;0.1336788525500627;576.5520701289822;[4313.0, 3991.0, 5316.0, 4526.0, 4416.0, 4286.0, 4571.0, 4141.0, 4676.0, 5942.0, 5131.0, 3481.0, 2683.0];"[4501.01158503 4673.94349555 4667.26020188 4578.91684082 4518.22055524
 4577.11194184 4645.86392356 4580.69124086 4569.65806696 4560.61749537
 4598.2977049  4586.05584815 4572.19494975]";2016-10-16 12:00:00;2017-01-08 12:00:00
335;13;ridge_log;0.38304197946784374;16.666666666666668;0.2992206935825922;579.0030230934323;0.299211622924206;497.0245486850396;[1818.0, 1934.0, 2042.0, 2217.0, 1577.0, 1218.0, 1438.0, 1464.0, 1383.0, 1224.0, 892.0, 1307.0, 1576.0];"[1993.2362417  2137.17589067 1825.86386821 1659.42761326 1855.16205595
 2115.6618296  1938.48849184 1764.42150789 1844.80919577 2067.85917331
 2065.63173418 1871.3384058  1864.82608766]";2017-01-15 12:00:00;2017-04-09 12:00:00
275;13;ridge_log;0.09187200267287607;50.0;0.0971554462823553;1017.2023532136233;0.09715493688710135;927.1881514293017;[9274.0, 9438.4, 9588.7, 9689.9, 9708.6, 9640.4, 9772.5, 9907.1, 10359.5, 9978.2, 10639.8, 10447.0, 10613.3];"[9189.7553144  9109.98812407 9046.70219495 8943.37534794 8872.8260684
 8799.9537727  8815.63638267 8833.3547646  8870.34635231 8936.02206774
 9059.87000079 9199.83758858 9326.28605228]";2016-04-10 12:00:00;2016-07-03 12:00:00
325;13;ridge_log;0.17003952723435203;66.66666666666667;0.19090566886034777;811.4556738765792;0.1909029970838496;684.7575180745329;[3852.0, 3618.0, 3667.0, 4098.0, 3958.0, 2932.0, 3769.0, 4767.0, 4198.0, 3692.0, 3344.0, 4281.0, 2884.0];"[3257.90513075 3260.67020926 3157.24605178 3297.22899401 3262.93723987
 3100.61285156 3132.16306186 3043.1533055  3161.99149051 3043.00754087
 2967.96825517 2997.00643934 2954.51260234]";2017-07-16 12:00:00;2017-10-08 12:00:00
335;13;ridge_log;0.1385022908218213;41.666666666666664;0.1416853697627386;321.5876492287328;0.14168155045914727;265.4106561254657;[1575.0, 1608.0, 1990.0, 1695.0, 1876.0, 2185.0, 2169.0, 1647.0, 1892.0, 2413.0, 2289.0, 1739.0, 1351.0];"[1612.21177937 1690.52432551 1852.77343965 1775.73370592 1608.91113718
 1696.97012875 1863.53393304 1890.37583993 1780.93379192 1767.58310787
 1886.90659798 1910.83534348 1829.2696718 ]";2016-10-16 12:00:00;2017-01-08 12:00:00
325;13;ridge_log;0.15368846973741962;58.333333333333336;0.14259187483138797;500.67129817841743;0.14258959503809082;448.03822732494643;[3612.0, 2498.0, 3164.0, 2926.0, 2990.0, 2669.0, 2655.0, 3173.0, 2687.0, 3191.0, 2816.0, 3220.0, 3879.0];"[3215.98724721 2977.0738751  3084.95765663 3293.26487601 3428.77456262
 3363.25883235 3269.73384406 3367.55133886 3572.24003563 3529.9559279
 3422.9936557  3352.56847042 3281.97355957]";2017-04-16 12:00:00;2017-07-09 12:00:00
325;13;ridge_log;0.5239842526594427;16.666666666666668;0.3934564662790501;1624.0598683821254;0.393451264998161;1494.046534200766;[2754.0, 3547.0, 3827.0, 4475.0, 3366.0, 2949.0, 3486.0, 3247.0, 2732.0, 2648.0, 2157.0, 2604.0, 3562.0];"[4669.7930365  4831.54997729 4601.2742903  4458.51681592 4655.74055015
 4832.13762243 4759.40680714 4589.04145753 4605.63534788 4698.78827798
 4723.56921932 4661.95282156 4656.23235244]";2017-01-15 12:00:00;2017-04-09 12:00:00
275;13;ridge_log;0.22971251780092017;16.666666666666668;0.26633000774112425;2342.4974661489023;0.2663283460501971;2134.773502795932;[8512.4, 8844.6, 8824.4, 8839.2, 8877.7, 9096.0, 9404.0, 9360.6, 9419.1, 9744.0, 9550.4, 9418.0, 9085.9];"[8247.97833529 8045.53266881 7787.22257046 7440.22934192 7096.42815994
 6789.48470936 6608.05356601 6455.44380733 6322.36061809 6316.71500677
 6456.66604312 6682.59262766 6975.53700888]";2016-01-10 12:00:00;2016-04-03 12:00:00
336;13;ridge_log;0.18557368309592556;58.333333333333336;0.2106716124015241;462.2527567513096;0.21066578609085337;383.9828189847716;[1682.0, 2188.0, 1939.0, 2411.0, 2429.0, 1734.0, 1835.0, 2171.0, 1857.0, 1650.0, 1562.0, 2022.0, 1350.0];"[1570.07633371 1577.92866568 1595.18123854 1612.00850457 1590.96280078
 1574.70516485 1540.83580545 1551.12578907 1537.44486117 1502.36866022
 1486.53660703 1483.03785402 1483.98893192]";2017-07-16 12:00:00;2017-10-08 12:00:00
325;13;ridge_log;0.13462324557527552;41.666666666666664;0.1387691263191823;777.1503790632427;0.13876747240062112;590.2557400667247;[3528.0, 3463.0, 4179.0, 4193.0, 4342.0, 5191.0, 4389.0, 4111.0, 4072.0, 5535.0, 5486.0, 3664.0, 3028.0];"[3867.22370778 4083.80855318 4224.09779003 4120.72450721 3933.69429484
 3931.32581185 4012.26262763 3996.12560703 3964.53174561 4005.30792671
 4090.24702876 4091.16861922 4004.24550029]";2016-10-16 12:00:00;2017-01-08 12:00:00
288;13;ridge_log;0.05291023983038886;41.666666666666664;0.054752849575648285;632.784753934222;0.054752563255167565;523.6017806814006;[9500.0, 9600.0, 9940.0, 9780.0, 9840.0, 9670.0, 10090.0, 9980.0, 9910.0, 9670.0, 10060.0, 9990.0, 9890.0];"[9967.1155901  9927.39609656 9901.01716488 9776.3757638  9679.26056989
 9568.20493066 9410.90772026 9273.83273077 9127.576645   9068.49676326
 8967.36852808 8989.99123397 9044.65648724]";2015-01-04 12:00:00;2015-03-29 12:00:00
336;13;ridge_log;0.15557423823762725;41.666666666666664;0.14184882822382835;259.93934261505694;0.1418444883146959;232.17665268699744;[1726.0, 1434.0, 1588.0, 1571.0, 1578.0, 1433.0, 1465.0, 1515.0, 1423.0, 1531.0, 1385.0, 1610.0, 1645.0];"[1661.49754476 1719.06573956 1837.06601326 1885.39180355 1871.79895533
 1802.59769639 1788.05526151 1817.19724783 1775.38956456 1685.04162474
 1633.97793249 1608.65146725 1585.1363423 ]";2017-04-16 12:00:00;2017-07-09 12:00:00
326;13;ridge_log;0.18647742327569933;41.666666666666664;0.2082130455980805;2193.5227542518683;0.2082118793966085;1870.9652430838844;[9791.0, 8592.0, 8763.0, 9250.0, 7963.0, 6586.0, 9213.0, 11666.0, 10414.0, 9639.0, 9268.0, 11945.0, 10586.0];"[7973.79465608 7908.62451636 7891.59377446 7926.95822369 7792.25655199
 7904.293505   7840.17843158 7804.68280259 7876.2759089  7775.49723662
 7795.49008443 7753.72587117 7746.66728704]";2017-07-16 12:00:00;2017-10-08 12:00:00
336;13;ridge_log;0.3783260714898486;25.0;0.30621294356398043;727.2396966283216;0.306205023675524;597.962130147799;[2116.0, 1752.0, 1741.0, 1948.0, 1597.0, 1479.0, 1646.0, 1632.0, 1558.0, 1333.0, 1350.0, 1722.0, 1868.0];"[1515.28033437 1605.10640082 1496.05847383 1464.96491768 1598.35313944
 1819.32862557 1960.23259438 2081.25121191 2279.59748253 2548.06144695
 2807.23969619 2770.91137591 2617.94224575]";2017-01-15 12:00:00;2017-04-09 12:00:00
326;13;ridge_log;0.10308615193905966;41.666666666666664;0.09599683869114256;941.8306141530741;0.09599621502170946;741.0873804783433;[8523.0, 6668.0, 8398.0, 7964.0, 8380.0, 6289.0, 6760.0, 8556.0, 7051.0, 7994.0, 7589.0, 8653.0, 8941.0];"[8096.88113593 8088.1343187  8276.61774926 8122.54215333 8187.08638622
 8320.99411706 8051.23136149 8158.46244899 8335.39040989 8177.80694599
 8317.90071939 8190.01846433 8006.79789491]";2017-04-16 12:00:00;2017-07-09 12:00:00
336;13;ridge_log;0.13352827408864423;50.0;0.12220024520163052;310.14758422551375;0.12219720724150061;249.21744181892305;[1519.0, 1464.0, 2083.0, 1848.0, 1908.0, 2343.0, 2062.0, 2065.0, 2006.0, 2261.0, 2032.0, 1832.0, 1538.0];"[1460.23962063 1643.94699744 1902.05288933 1864.41200859 1918.01262944
 2086.41889632 2302.3323074  2434.16004226 2447.44070472 2309.95976099
 2357.69982372 2371.5626132  2110.01126217]";2016-10-16 12:00:00;2017-01-08 12:00:00
326;13;ridge_log;0.43779158225297427;91.66666666666667;0.34784457347721587;3509.7810399065743;0.3478427570994985;3341.8259821723086;[8703.0, 8666.0, 8489.0, 9386.0, 8523.0, 7285.0, 8507.0, 8220.0, 7082.0, 7618.0, 5742.0, 7426.0, 10208.0];"[11434.29239657 11479.61364383 11447.55260245 11512.82181842
 11511.50646516 11499.15332413 11515.7324272  11469.22965287
 11451.17230829 11482.29030518 11471.34963508 11502.00437951
 11522.01880954]";2017-01-15 12:00:00;2017-04-09 12:00:00
337;13;ridge_log;0.2647986170553498;33.333333333333336;0.31015031884973077;767.1854318137362;0.31014350305082;710.3946857308646;[2838.0, 2690.0, 2470.0, 3041.0, 3116.0, 2190.0, 2571.0, 3022.0, 2481.0, 2196.0, 2106.0, 2391.0, 2614.0];"[2016.91747115 2026.24832169 1987.33591993 2011.78912694 1920.80611477
 1923.95510002 1880.09289636 1835.04914048 1818.95966656 1773.06447678
 1783.29175156 1757.40886934 1755.95022991]";2017-07-16 12:00:00;2017-10-08 12:00:00
326;13;ridge_log;0.16752114336832308;41.666666666666664;0.1800772243358064;2257.254971534817;0.18007636694478316;1908.7643222830297;[9809.0, 7926.0, 10899.0, 10354.0, 10553.0, 11946.0, 11392.0, 13234.0, 12768.0, 13208.0, 13063.0, 9458.0, 7772.0];"[9617.13835334 9681.43180321 9643.33844498 9613.72004114 9635.07287665
 9598.6059894  9623.86020112 9610.18675698 9601.1684186  9606.9790751
 9599.98724033 9603.86636301 9608.69542111]";2016-10-16 12:00:00;2017-01-08 12:00:00
337;13;ridge_log;0.12989486334332534;33.333333333333336;0.11988056839263642;275.6496569023559;0.11987749347048259;234.58140133480282;[1932.0, 1608.0, 1785.0, 1741.0, 1886.0, 1756.0, 1615.0, 1970.0, 1834.0, 2029.0, 1862.0, 2067.0, 2111.0];"[1724.97197292 1736.49971483 1887.09870857 1917.56319214 2021.4584164
 2195.76983879 2124.18445791 2147.99290675 2236.5226177  2192.83656718
 2268.5328245  2237.59487153 2081.52392601]";2017-04-16 12:00:00;2017-07-09 12:00:00
337;13;ridge_log;0.4085266280891127;50.0;0.3206879574310626;807.2292133787003;0.32068085322778733;726.8538612886255;[2723.0, 2151.0, 2288.0, 2366.0, 2104.0, 1740.0, 2069.0, 2023.0, 1843.0, 1645.0, 1366.0, 1567.0, 2074.0];"[2724.66770279 2733.74899402 2707.82997637 2716.54626816 2717.20365165
 2720.48980656 2730.44100195 2724.10044857 2726.94641758 2729.78310122
 2720.78314928 2725.2942945  2730.2653841 ]";2017-01-15 12:00:00;2017-04-09 12:00:00
234;13;ridge_log;0.1696296620125959;75.0;0.19484477511751355;188.8814728112911;0.19483019201185237;136.36262796573348;[434.3, 451.5, 493.3, 532.4, 535.7, 647.1, 661.3, 710.3, 763.1, 827.1, 937.4, 1003.0, 1010.4];"[405.33626983 413.14600366 431.64071416 457.57086646 496.36472186
 543.16284545 589.85064086 638.1653661  683.67549166 698.75322316
 688.37815852 635.65951651 552.48201821]";2016-10-23 12:00:00;2017-01-15 12:00:00
327;13;ridge_log;0.19663383245772942;75.0;0.21804782384662239;589.6514935934778;0.21804331265064208;530.5467017053109;[2826.0, 2377.0, 2613.0, 2854.0, 2688.0, 1744.0, 2439.0, 3290.0, 2774.0, 2447.0, 2203.0, 2916.0, 2726.0];"[2165.66085615 2123.11435555 2158.95900757 2180.26889693 2158.49321005
 2126.5770715  2090.89184921 2127.33744124 2162.8906585  2100.64769423
 2096.27521749 2134.3299593  2139.6008031 ]";2017-07-16 12:00:00;2017-10-08 12:00:00
337;13;ridge_log;0.1260082162026868;50.0;0.13218177337814485;448.61938660641454;0.132179183469196;341.10921130370673;[2067.0, 2018.0, 2678.0, 2446.0, 2614.0, 3301.0, 2534.0, 2547.0, 2438.0, 3158.0, 3241.0, 2351.0, 2007.0];"[2356.4738556  2405.30123843 2387.94847333 2387.66339143 2421.2852135
 2389.40062107 2404.42548705 2420.03777887 2407.03380432 2424.18629423
 2409.3955739  2402.63918781 2407.3821028 ]";2016-10-16 12:00:00;2017-01-08 12:00:00
327;13;ridge_log;0.1199540107531057;58.333333333333336;0.11373193071699207;287.0853116191911;0.1137292949294641;247.21862063826862;[2149.0, 1615.0, 2121.0, 2549.0, 2207.0, 2060.0, 1885.0, 2039.0, 2022.0, 2332.0, 2013.0, 2382.0, 2735.0];"[2212.53687701 2203.4739373  2294.39838225 2291.47877987 2325.11650316
 2289.32677795 2207.42818448 2287.10619049 2333.17990855 2242.25634494
 2239.83716285 2269.8243854  2262.00234554]";2017-04-16 12:00:00;2017-07-09 12:00:00
327;13;ridge_log;0.34472645120035444;25.0;0.2780718692046126;815.1172656688466;0.27806643656379576;713.7307030977292;[2963.0, 2342.0, 2312.0, 2751.0, 2171.0, 1994.0, 2561.0, 2047.0, 2179.0, 2179.0, 1616.0, 2048.0, 2862.0];"[2996.90087738 3103.79904838 3013.02227993 2919.61360024 2999.44024795
 3141.94524629 3096.10845199 2977.14031705 2969.96637335 3069.69564194
 3056.57872558 2982.35748131 2976.93084887]";2017-01-15 12:00:00;2017-04-09 12:00:00
338;13;ridge_log;0.14091974473759689;58.333333333333336;0.14617231317009666;618.3727240960302;0.1461702095761516;512.8848014082276;[4385.0, 3907.0, 3606.0, 3890.0, 3564.0, 2431.0, 3703.0, 4398.0, 3699.0, 3437.0, 3386.0, 4085.0, 3801.0];"[3642.36200884 3609.10100233 3662.48249344 3540.97049489 3528.14684481
 3392.3822071  3266.64048107 3166.73599268 3307.68223473 3153.49012526
 3066.10207542 3208.63356765 3115.49745457]";2017-07-16 12:00:00;2017-10-08 12:00:00
327;13;ridge_log;0.13306550978100878;58.333333333333336;0.13525737249224082;490.9187393568275;0.13525502402334205;392.86409729946297;[2554.0, 2236.0, 3110.0, 2557.0, 3016.0, 3574.0, 3265.0, 3091.0, 2835.0, 3655.0, 3440.0, 2726.0, 2245.0];"[2507.92024413 2967.97671002 3050.47029111 2771.67719334 2616.09776529
 2716.79054826 3019.76718696 2855.59418081 2703.26341674 2671.7188214
 2931.14802802 2911.90525614 2752.4445881 ]";2016-10-16 12:00:00;2017-01-08 12:00:00
288;13;ridge_log;0.03475983121678273;50.0;0.03570619558174841;419.5472096637555;0.035706005510875646;335.4622730655956;[9340.0, 9460.0, 9350.0, 9290.0, 9230.0, 9360.0, 9380.0, 9330.0, 9380.0, 9550.0, 9570.0, 10020.0, 9990.0];"[9229.57926587 9209.09917478 9183.06559753 9185.8650163  9131.68091234
 9122.54976189 9122.35320688 9111.46070081 9098.77053428 9103.94694423
 9118.95030788 9120.70116187 9150.96786549]";2014-10-05 12:00:00;2014-12-28 12:00:00
248;13;ridge_log;0.02679551080070603;25.0;0.02606032224751092;915.3094343739547;0.026060269033270193;638.2021538204679;[25021.48, 24828.35, 24828.35, 24409.16, 24409.16, 24342.46, 24342.46, 24713.24, 24713.24, 24651.88, 24651.88, 23176.44, 23176.44];"[25111.42348978 24770.164167   24864.67766876 25072.86768007
 25131.41890093 24882.91833667 24864.80603902 25010.40370727
 24991.67126914 25070.06944915 25130.77076944 25282.97667568
 25260.62818075]";2016-04-17 12:00:00;2016-07-10 12:00:00
276;13;ridge_log;0.02162594993008225;58.333333333333336;0.021969216702129566;87.45043274568235;0.021968876415200626;70.92471570718978;[3257.323, 3271.85, 3284.499, 3248.314, 3162.48, 3345.109, 3283.453, 3260.614, 3232.998, 3257.269, 3299.522, 3306.657, 3294.326];"[3184.40344608 3185.36938273 3169.03045518 3125.95034764 3121.62450672
 3155.8613128  3175.44834857 3185.95315363 3200.38300892 3246.98738052
 3288.31737025 3317.99400644 3340.90801078]";2016-10-09 12:00:00;2017-01-01 12:00:00
328;13;ridge_log;0.21181754363848354;50.0;0.24263622894077733;2559.1805565759255;0.24263493607065673;2284.77711726166;[11786.0, 9960.0, 9820.0, 10747.0, 10786.0, 7966.0, 9968.0, 12266.0, 10587.0, 8995.0, 8982.0, 11725.0, 10511.0];"[8625.33547973 8433.38558503 8520.37097887 8303.16222754 8291.42324855
 7862.90328463 7849.54105183 7791.50513766 8134.98977559 7729.79191114
 7603.12591661 7727.18949753 7524.17338089]";2017-07-16 12:00:00;2017-10-08 12:00:00
338;13;ridge_log;0.13287676085050107;33.333333333333336;0.1254885712294166;526.8611343323518;0.12548680487292502;447.77654059762375;[3179.0, 2892.0, 3370.0, 3356.0, 3295.0, 3197.0, 3141.0, 3423.0, 3195.0, 3469.0, 3058.0, 3623.0, 4513.0];"[3202.08061577 3268.13403511 3570.85318059 3537.94679218 3687.68642516
 3987.20652042 3703.21521453 3668.71422912 3985.9193874  3740.98938185
 3789.07110044 3920.42369559 3556.1455504 ]";2017-04-16 12:00:00;2017-07-09 12:00:00
328;13;ridge_log;0.10594970121887003;50.0;0.10126813533531985;1098.9788613350288;0.10126751027575663;824.9163140900708;[7529.0, 7151.0, 7477.0, 8372.0, 7745.0, 6955.0, 6912.0, 8403.0, 7004.0, 8568.0, 7454.0, 8641.0, 10484.0];"[7547.79998062 7681.19351084 8409.54795599 8616.28367137 8583.14730064
 8371.34858816 7836.19401188 8290.46511518 8973.3451365  8416.00547831
 8650.34701237 8614.30537375 8121.51911795]";2017-04-16 12:00:00;2017-07-09 12:00:00
328;13;ridge_log;0.47958737298417076;41.666666666666664;0.3693896767097163;3780.2812521948913;0.3693877526330359;3564.285788094611;[9874.0, 8933.0, 8460.0, 9282.0, 8393.0, 7250.0, 9016.0, 8212.0, 7268.0, 6896.0, 5178.0, 7387.0, 9550.0];"[11507.12419047 11980.8643051  11602.88859279 11502.21838627
 11752.28957301 11902.15616992 11957.26909784 11629.36309072
 11427.0780091  11660.94411129 11716.61650318 11651.22003052
 11744.68318502]";2017-01-15 12:00:00;2017-04-09 12:00:00
338;13;ridge_log;0.3905254715605423;50.0;0.31064397813130395;1410.4946824417125;0.3106402111533824;1286.5221640351035;[4801.0, 3998.0, 4042.0, 4166.0, 3703.0, 3397.0, 3854.0, 3562.0, 3278.0, 3298.0, 2446.0, 2915.0, 3922.0];"[4906.88415676 4942.95241948 4922.08932779 4918.83273947 4929.48202443
 4934.12277015 4958.98906543 4938.31388622 4930.6389885  4929.74309892
 4924.20803805 4931.39504763 4939.13656962]";2017-01-15 12:00:00;2017-04-09 12:00:00
338;13;ridge_log;0.1747360726385473;58.333333333333336;0.19659662220014723;1091.6990389644438;0.19659444848374066;894.8332890278956;[3751.0, 3478.0, 4692.0, 4367.0, 4953.0, 5796.0, 4578.0, 4815.0, 5249.0, 6106.0, 5441.0, 4122.0, 4161.0];"[3918.66868745 3936.0986931  3943.71848428 3921.52006985 3935.77693268
 3935.32532024 3929.29916906 3938.27274639 3932.04159836 3933.90304755
 3933.67850954 3936.310277   3933.08846823]";2016-10-16 12:00:00;2017-01-08 12:00:00
328;13;ridge_log;0.14620907025532867;50.0;0.14445272556315436;1934.2715003254987;0.1444520550149296;1578.3478533388322;[9751.0, 7913.0, 11201.0, 9482.0, 10991.0, 14929.0, 11153.0, 11201.0, 11456.0, 12283.0, 13678.0, 9830.0, 8274.0];"[ 9442.74664668 10625.24395792 12219.79259829 10850.70991198
 10436.21092585 10934.61063299 11439.23218368 11032.77251246
 10160.55625233 10228.80500332 10861.63994541 11408.36007295
 10636.52528762]";2016-10-16 12:00:00;2017-01-08 12:00:00
339;13;ridge_log;0.21280261512609594;58.333333333333336;0.24052594927759527;1610.8460135806224;0.24052403908646802;1519.5474640227849;[7431.0, 6881.0, 7184.0, 7855.0, 7520.0, 6190.0, 7526.0, 7912.0, 7010.0, 6089.0, 6089.0, 6444.0, 6709.0];"[5785.43351423 5718.85936588 5796.24295416 5719.72394097 5673.11891768
 5374.99279922 5288.32254291 5320.66136394 5481.88780156 5226.18289718
 5133.60351851 5316.91964406 5249.93370741]";2017-07-16 12:00:00;2017-10-08 12:00:00
329;13;ridge_log;0.1702900198579208;58.333333333333336;0.18685822705529176;762.5487353141199;0.18685551052711746;647.4956741022829;[3899.0, 3130.0, 3356.0, 3606.0, 3534.0, 2475.0, 3407.0, 4577.0, 4188.0, 3678.0, 3283.0, 4192.0, 3984.0];"[3152.02027738 3092.43399158 3086.98882465 3134.68366815 3097.55269979
 3070.88946137 3028.84045691 3058.63504404 3113.46742829 3053.31621101
 3067.89516701 3066.73691015 3059.87501909]";2017-07-16 12:00:00;2017-10-08 12:00:00
339;13;ridge_log;0.12757589019154686;50.0;0.12139055016526444;791.6545020309815;0.121389478412824;689.6632263785935;[5286.0, 5142.0, 5535.0, 5609.0, 4998.0, 5109.0, 4611.0, 5402.0, 5407.0, 5541.0, 5204.0, 5498.0, 6991.0];"[5251.90156397 5590.06926818 6233.85882757 6124.09355724 6060.08010589
 6028.8189997  5724.69238489 6036.08891944 6277.91088763 5630.97568979
 5835.001194   5965.39111635 5510.4574438 ]";2017-04-16 12:00:00;2017-07-09 12:00:00
329;13;ridge_log;0.11742412977053454;41.666666666666664;0.11079557614779066;383.7179957018064;0.11079381262616662;349.464028421686;[2947.0, 2497.0, 3119.0, 3114.0, 3104.0, 2976.0, 2818.0, 3472.0, 2923.0, 3359.0, 2796.0, 3229.0, 3734.0];"[3246.56645555 3090.6260274  3414.48135795 3421.00763766 3462.02472381
 3413.71539345 3107.44034134 3300.06107706 3404.06758215 3292.05502421
 3410.55021086 3389.96211674 3267.29337615]";2017-04-16 12:00:00;2017-07-09 12:00:00
339;13;ridge_log;0.31315039576366654;58.333333333333336;0.259901543363162;1781.227627550855;0.2598994092592611;1593.5725202629378;[8214.0, 5960.0, 5612.0, 6562.0, 6050.0, 5128.0, 5530.0, 5356.0, 4955.0, 4948.0, 3691.0, 4953.0, 6664.0];"[6642.06592043 7283.57613128 6722.43633925 6750.634658   7353.76513902
 7121.38350423 7392.60084361 7073.07690386 6800.99681123 7133.20734374
 7086.47212761 6925.57710318 6909.78177885]";2017-01-15 12:00:00;2017-04-09 12:00:00
329;13;ridge_log;0.29704036316236315;50.0;0.2477513097389261;997.80349748171;0.24774790679383166;905.4836250932241;[3389.0, 3519.0, 3328.0, 3880.0, 3679.0, 2945.0, 3815.0, 3393.0, 3199.0, 2933.0, 2309.0, 3005.0, 3683.0];"[4194.82101428 4236.1412969  4211.72981337 4204.82966468 4228.23492616
 4245.7445327  4244.36292483 4216.1490715  4199.87050521 4219.87150847
 4216.53767699 4210.32301257 4219.67117855]";2017-01-15 12:00:00;2017-04-09 12:00:00
288;13;ridge_log;0.015096520714678797;33.333333333333336;0.01496059644087737;151.37238866369847;0.014960515332915944;137.98681534278091;[8970.0, 9090.0, 9070.0, 9090.0, 9080.0, 9280.0, 9260.0, 9160.0, 9160.0, 9210.0, 9220.0, 9210.0, 9270.0];"[9161.59238039 9180.70895644 9187.79093077 9217.97805546 9258.00622259
 9293.52348569 9309.2071573  9363.89688545 9382.46557779 9397.44930163
 9377.7322003  9387.68254828 9345.79489738]";2014-07-06 12:00:00;2014-09-28 12:00:00
234;13;ridge_log;0.8059983758479528;41.666666666666664;0.5255196710276198;401.8943216551949;0.5254793706292012;346.29102570039134;[511.4, 507.8, 511.4, 513.4, 490.7, 449.7, 439.4, 425.9, 423.7, 411.6, 395.9, 393.9, 413.4];"[ 552.36118685  578.78335245  631.97451036  683.96607718  770.63337408
  848.69557338  933.39996918 1023.81298298 1034.46320016 1023.12708546
  920.32492676  783.01754514  605.42355012]";2016-07-24 12:00:00;2016-10-16 12:00:00
339;13;ridge_log;0.1247591694511967;66.66666666666667;0.12593697919987423;1034.1671702363485;0.1259360289562822;843.1910136700595;[5286.0, 5149.0, 7124.0, 5895.0, 7040.0, 8976.0, 6438.0, 7040.0, 7107.0, 7284.0, 7852.0, 6255.0, 5887.0];"[6477.88039245 6502.62163613 6515.60065428 6499.21712621 6506.24159432
 6504.3056677  6499.60259252 6500.30414865 6496.78040499 6506.1572608
 6507.69704192 6502.50765723 6503.74054585]";2016-10-16 12:00:00;2017-01-08 12:00:00
329;13;ridge_log;0.15356582294024973;58.333333333333336;0.1564565914090035;707.350440288179;0.1564545721925789;612.2413079827274;[3506.0, 2969.0, 4201.0, 3984.0, 4537.0, 5038.0, 4438.0, 4335.0, 4127.0, 4672.0, 4375.0, 3684.0, 2813.0];"[3658.65866344 3852.5471235  3878.27437358 3756.19380954 3696.60056673
 3707.82254563 3780.62944032 3765.40509866 3717.98193515 3724.13022499
 3755.44399289 3756.45254908 3738.96065526]";2016-10-16 12:00:00;2017-01-08 12:00:00
345;13;ridge_log;0.15099802375254937;50.0;0.15523382611528663;999.4494256720711;0.15523232839346918;815.5488143352875;[7012.0, 5532.0, 5818.0, 5845.0, 5240.0, 3442.0, 5592.0, 6704.0, 5512.0, 5418.0, 5004.0, 5866.0, 5701.0];"[5678.17186365 5497.11543875 5450.39284938 5168.13732369 5216.40862618
 5085.77517174 4804.95164691 4625.43447404 4827.79012512 4708.43325816
 4688.86095778 4852.41496817 4767.52905355]";2017-07-16 12:00:00;2017-10-08 12:00:00
340;13;ridge_log;0.18148554114611995;66.66666666666667;0.20365873823182343;1134.548359091594;0.20365667849760882;1013.9835319411953;[5896.0, 5259.0, 5643.0, 6241.0, 6242.0, 4539.0, 5038.0, 6269.0, 5306.0, 4688.0, 4423.0, 5340.0, 5205.0];"[4795.34218597 4756.1399313  4770.07728895 4808.69220088 4666.69986168
 4428.96749839 4341.33028045 4201.61010028 4294.07320494 4056.1550363
 3880.91637689 3963.61370107 3943.59641768]";2017-07-16 12:00:00;2017-10-08 12:00:00
345;13;ridge_log;0.28569851623636894;41.666666666666664;0.24428178043710302;1519.097788519274;0.24427965535260723;1409.6828974729883;[4654.0, 4175.0, 5073.0, 5423.0, 5096.0, 4639.0, 4593.0, 5394.0, 5446.0, 5749.0, 4833.0, 5465.0, 6333.0];"[5597.04797787 5883.29543529 6681.71889284 6651.1960319  6816.81685758
 7072.60809608 6689.01179644 6533.57506719 6919.80809566 6660.72216103
 6601.19895679 6637.77607595 6211.89777746]";2017-04-16 12:00:00;2017-07-09 12:00:00
345;13;ridge_log;0.2464046896067513;75.0;0.2092116235179732;1618.9244654271263;0.20920996159573252;1333.9925302390404;[8989.0, 7497.0, 7468.0, 8033.0, 6779.0, 6387.0, 6741.0, 6240.0, 4921.0, 4741.0, 4014.0, 4883.0, 6370.0];"[6927.98686373 7351.45355756 6984.89944388 7020.4046215  7282.01988439
 7084.91206281 7306.6136016  7164.18811306 7152.56578295 7270.32774301
 7045.47322552 7196.44605655 7213.10090988]";2017-01-15 12:00:00;2017-04-09 12:00:00
340;13;ridge_log;0.16453474192477674;41.666666666666664;0.15243340664338748;777.8644207433725;0.152431729575574;696.4277060328176;[4288.0, 3617.0, 4237.0, 4166.0, 4199.0, 3989.0, 3925.0, 4535.0, 3805.0, 4313.0, 4089.0, 4403.0, 5959.0];"[4186.62133346 4081.8893874  4556.12101737 4781.95301436 4780.36197658
 4919.93999689 4786.55807295 4966.75887836 5230.23750852 5033.17140939
 4970.58162916 4931.65278182 4768.04416091]";2017-04-16 12:00:00;2017-07-09 12:00:00
345;13;ridge_log;0.19174978930378192;50.0;0.21329574757836905;1644.4063101471934;0.21329412766099798;1414.4645569675938;[5347.0, 4930.0, 7081.0, 6315.0, 7325.0, 9205.0, 7295.0, 7213.0, 7154.0, 8096.0, 8105.0, 6218.0, 6578.0];"[5374.70364362 6104.35653215 5885.62254626 5467.56629367 5998.958637
 5799.11255903 5611.23492973 5926.815103   5686.52393903 5684.55369304
 5922.34212583 5744.75721138 5671.53389722]";2016-10-16 12:00:00;2017-01-08 12:00:00
340;13;ridge_log;0.29977360810582354;33.333333333333336;0.24304506097589235;1427.3905911765266;0.243042600382158;1204.3879842605022;[5304.0, 5113.0, 4812.0, 5585.0, 4946.0, 4037.0, 4956.0, 4852.0, 4039.0, 3782.0, 3118.0, 3885.0, 4848.0];"[5609.60641713 5876.465918   5384.75268925 5255.18724313 5623.12512886
 5825.31986881 5890.97018383 5596.30923977 5580.70874373 5968.14093978
 6011.84888857 5843.61616426 5808.36685652]";2017-01-15 12:00:00;2017-04-09 12:00:00
340;13;ridge_log;0.12771179004072233;75.0;0.1367079182319852;984.9746123032443;0.13670667100634556;758.9679868009441;[4191.0, 3978.0, 5698.0, 4975.0, 5370.0, 6815.0, 5545.0, 5563.0, 6183.0, 6702.0, 7225.0, 5010.0, 4601.0];"[4412.40522689 4811.24531597 5124.95707944 4950.36034276 4956.83104924
 4996.37983811 5192.2836232  5243.79866887 5136.80193971 5137.9763935
 5221.8657846  5218.41050772 5089.77749726]";2016-10-16 12:00:00;2017-01-08 12:00:00
276;13;ridge_log;0.020616180668058405;33.333333333333336;0.020470941132892786;82.37844134271948;0.020470628345127424;66.98953990131507;[3286.934, 3325.545, 3274.82, 3260.977, 3315.65, 3331.908, 3356.543, 3288.288, 3221.61, 3278.472, 3239.343, 3208.695, 3151.257];"[3234.17892816 3235.05954964 3241.71786072 3259.00936431 3255.15458906
 3263.28042463 3287.21523299 3308.52667114 3307.81340432 3292.32123361
 3303.7133514  3325.1949298  3344.19837794]";2016-07-10 12:00:00;2016-10-02 12:00:00
346;13;ridge_log;0.10727047266634665;91.66666666666667;0.11248683680928989;527.9345557038688;0.11248525562213446;404.2021210061757;[4217.0, 3343.0, 3621.0, 3938.0, 3702.0, 2575.0, 3277.0, 4485.0, 3790.0, 3487.0, 3158.0, 4196.0, 3823.0];"[3350.7353549  3285.3008468  3482.87492731 3672.94358523 3573.53524872
 3259.16101466 3335.94981129 3458.59680701 3473.39594423 3182.63688635
 3153.87509518 3321.19547997 3293.39307716]";2017-07-16 12:00:00;2017-10-08 12:00:00
341;13;ridge_log;0.1509957573815051;50.0;0.1669580206865313;250.89160147778296;0.166951382823334;211.48136079682487;[1717.1, 1304.4, 1335.5, 1379.2, 1276.9, 1007.2, 1323.0, 1575.6, 1307.0, 1264.5, 1118.6, 1349.1, 1323.0];"[1262.61356086 1195.98615595 1230.81463627 1113.6172255  1161.722211
 1098.44881961 1126.99779596 1102.40616541 1147.57954882 1070.99475195
 1116.70640109 1045.66164242 1040.79103402]";2017-07-16 12:00:00;2017-10-08 12:00:00
346;13;ridge_log;0.2004146335423125;50.0;0.17583246209673933;735.1054479451403;0.1758300034767418;631.3493363209711;[3508.0, 2883.0, 3713.0, 3467.0, 3281.0, 3026.0, 2827.0, 3713.0, 3314.0, 3335.0, 2794.0, 3515.0, 4089.0];"[3365.76351128 3287.5799109  3764.57863774 4022.29658205 3966.95155041
 3919.1708053  4054.96506189 4265.84586622 4370.94035465 3976.06692547
 4004.01966187 4179.183263   3967.29373605]";2017-04-16 12:00:00;2017-07-09 12:00:00
346;13;ridge_log;0.3511873833338661;16.666666666666668;0.28052437649570716;1369.980870910411;0.2805210724778817;1197.1734644097824;[4771.0, 3851.0, 3899.0, 4567.0, 4150.0, 3438.0, 3935.0, 4031.0, 3386.0, 3286.0, 2506.0, 3404.0, 4265.0];"[5268.98313825 5366.42103678 4804.89752517 4560.73892087 5033.65942476
 5296.63595561 4913.59495655 4656.1453564  5003.2782855  5296.57735007
 4962.46013621 4908.6823367  4967.6584562 ]";2017-01-15 12:00:00;2017-04-09 12:00:00
341;13;ridge_log;0.14927912612227795;41.666666666666664;0.13793536055171324;177.8395674858602;0.13792932202053704;158.00976364791885;[1198.9, 1154.5, 983.2, 1114.4, 970.3, 1036.7, 957.5, 994.2, 1047.5, 1178.1, 1084.9, 1397.4, 1328.7];"[1192.05201305 1211.67500875 1235.37882852 1188.88921713 1222.02770244
 1244.90250301 1198.64581461 1218.96572315 1217.59040251 1225.72960111
 1293.03649338 1251.40070046 1162.96165368]";2017-04-16 12:00:00;2017-07-09 12:00:00
346;13;ridge_log;0.21189078343179035;50.0;0.244456174354623;1329.3742619135332;0.2444534438542756;1102.4804558581186;[3671.0, 3527.0, 4555.0, 4193.0, 4802.0, 5905.0, 5236.0, 4706.0, 4889.0, 6289.0, 5842.0, 3999.0, 4793.0];"[3503.06352158 4069.56770305 4122.38366826 3676.57744742 3619.08260359
 3769.79789356 3932.46281416 3851.47820684 3595.01921698 3654.75627766
 3877.10886915 3840.23409982 3648.35715787]";2016-10-16 12:00:00;2017-01-08 12:00:00
347;13;ridge_log;0.15128363207777057;58.333333333333336;0.1509884343838868;739.9862225302799;0.1509866065419918;631.2015411245018;[4952.0, 4054.0, 3637.0, 4411.0, 4431.0, 2762.0, 3708.0, 4300.0, 5288.0, 4673.0, 3860.0, 5166.0, 4657.0];"[4005.40819011 4507.94392005 4155.40839163 4186.84839604 4148.41861055
 4080.07693018 3848.42098024 4030.62399716 4095.93759698 3892.6234213
 4140.50724402 4091.97373428 3931.90348507]";2017-07-16 12:00:00;2017-10-08 12:00:00
289;13;ridge_log;0.09670802859231933;41.666666666666664;0.10383667095293811;1910.9071106031504;0.10383631902701168;1532.2242136646482;[15593.6, 15096.7, 13956.7, 14349.8, 14700.6, 15026.8, 14956.2, 15354.3, 15842.4, 16424.9, 16261.7, 16238.3, 16523.1];"[15669.11475186 15528.01084816 14992.46362723 14798.23626748
 14657.83587925 14351.40272457 13871.38706815 13475.93190591
 13418.19473061 13347.77493227 13305.76065424 13324.47215324
 13647.65066887]";2015-04-05 12:00:00;2015-06-28 12:00:00
248;13;ridge_log;0.100796908238659;33.333333333333336;0.09500448413917004;2910.208020464069;0.09500430572820501;2532.719945409559;[25002.84, 25002.84, 24520.13, 24520.13, 25214.05, 25214.05, 25132.47, 25132.47, 25641.72, 25641.72, 24773.72, 24773.72, 25021.48];"[23434.70010829 24041.84583389 23960.42934592 24656.66247385
 26590.48686975 27558.65572002 27950.69517282 28160.43777642
 29534.45332019 29543.81306464 29502.93826198 28888.21112223
 28515.70079651]";2016-01-17 12:00:00;2016-04-10 12:00:00
234;13;ridge_log;1.9133206705900667;25.0;0.7748226593124627;1386.9412462619637;0.7747915286301996;1053.248383699793;[898.1, 787.8, 728.7, 665.8, 621.7, 584.7, 563.1, 544.1, 533.8, 538.0, 523.8, 576.6, 525.5];"[ 919.18563171  896.27269828  900.56145804  927.3064463  1004.26434391
 1119.53436114 1310.17491758 1567.08108419 1902.84538519 2314.53455034
 2730.65247658 3057.68010181 3133.83553302]";2016-04-24 12:00:00;2016-07-17 12:00:00
347;13;ridge_log;0.10199286669429693;50.0;0.09738999791470258;463.9540519334048;0.09738879216605562;394.48741390725604;[4182.0, 3490.0, 4513.0, 3602.0, 4588.0, 4289.0, 3939.0, 3890.0, 4105.0, 3896.0, 3379.0, 4303.0, 4464.0];"[3599.96815751 3864.11476899 4111.95277553 4040.12567721 4326.66098549
 4477.51374013 4197.17971772 4348.02856751 4522.37840072 4182.8813117
 4504.20461507 4412.77942895 4236.28792868]";2017-04-16 12:00:00;2017-07-09 12:00:00
341;13;ridge_log;0.5070217743217331;50.0;0.38827525182096273;574.945124302955;0.388261326196879;545.8549036383063;[1253.8, 1424.4, 1374.0, 1334.6, 1248.1, 1143.0, 1137.2, 996.7, 1132.7, 1036.1, 737.1, 1002.8, 1398.4];"[1629.46940207 1671.48843672 1681.1790624  1807.3483161  1794.89265866
 1820.75081504 1842.31253364 1729.41692745 1612.39891315 1622.88115606
 1608.51609236 1713.08737348 1781.27206017]";2017-01-15 12:00:00;2017-04-09 12:00:00
347;13;ridge_log;0.5198466589931091;58.333333333333336;0.4016215625513998;2133.7757080971714;0.4016176197395531;2058.3134058109554;[4518.0, 4379.0, 4671.0, 5187.0, 4583.0, 4202.0, 4347.0, 4027.0, 4195.0, 3912.0, 2849.0, 3667.0, 3685.0];"[5658.0023842  6085.90262892 5967.13736213 6415.22679903 6844.48314376
 6629.43366016 6833.06020391 6359.02226857 5954.51019016 6122.28734135
 5931.29047362 5965.54405894 6214.17376078]";2017-01-15 12:00:00;2017-04-09 12:00:00
341;13;ridge_log;0.16785815548710054;33.333333333333336;0.19004259574408697;403.0805952680093;0.19003657273979174;302.7959267275276;[1228.9, 1196.3, 1566.0, 1431.5, 1544.0, 1717.9, 1514.3, 1858.3, 2194.2, 1937.8, 2070.5, 1362.6, 1286.7];"[1346.66780737 1371.33542582 1359.84729266 1417.93864355 1467.84350049
 1372.20593737 1322.66850301 1325.77316814 1346.59225175 1359.74100621
 1354.16813537 1383.53175069 1401.59050213]";2016-10-16 12:00:00;2017-01-08 12:00:00
347;13;ridge_log;0.20619497755001676;58.333333333333336;0.23933233898130857;1685.884421989042;0.23933022272491572;1363.4241511436906;[4485.0, 4129.0, 5600.0, 5131.0, 6160.0, 7960.0, 6429.0, 6874.0, 6862.0, 7117.0, 6936.0, 4910.0, 4865.0];"[4575.0700233  4739.2729314  4727.24270507 4659.20397237 4773.7352016
 4713.92915374 4706.0379164  4734.80696058 4683.09590952 4700.75737021
 4716.8546459  4700.38349318 4703.78166127]";2016-10-16 12:00:00;2017-01-08 12:00:00
342;13;ridge_log;0.2057394403750047;66.66666666666667;0.23349856022451623;934.0306453192543;0.23349526687092975;833.1443805903599;[4274.0, 3596.0, 3596.0, 4510.0, 4182.0, 2859.0, 3579.0, 4723.0, 4013.0, 3409.0, 3143.0, 4375.0, 3933.0];"[3333.57304081 3089.17451271 3176.25981844 3468.54348754 3156.90737741
 3117.10372332 2891.22040706 3071.92425574 3077.5604628  2918.69456252
 2816.33548574 2823.0452491  2936.98811578]";2017-07-16 12:00:00;2017-10-08 12:00:00
348;13;ridge_log;0.2857925659661432;41.666666666666664;0.3788918719877593;1365.6395308693075;0.3788849279002013;1041.264388531449;[3449.0, 3593.0, 3428.0, 3409.0, 3487.0, 3556.0, 3578.0, 3526.0, 3612.0, 3525.0, 3352.0, 4171.0, 3637.0];"[3519.21108161 3606.31879408 3608.59608534 3503.79771817 3286.33167687
 2946.54350878 2594.0902212  2275.52890605 1970.63786291 1710.17088062
 1529.73988657 1458.42155991 1495.02212538]";2017-07-16 12:00:00;2017-10-08 12:00:00
342;13;ridge_log;0.2272610295078784;50.0;0.1990106709726832;730.1039749874368;0.1990076419783966;656.8926856307443;[2771.0, 2653.0, 3196.0, 2931.0, 2815.0, 2730.0, 2597.0, 3456.0, 2823.0, 3188.0, 2645.0, 3331.0, 3988.0];"[3100.08212084 2817.34398856 3530.03680403 3610.53802124 3626.66259916
 3672.40283289 3521.17363346 3892.77976839 4039.02652728 3926.80023329
 3738.998354   3888.81754945 3677.0575194 ]";2017-04-16 12:00:00;2017-07-09 12:00:00
348;13;ridge_log;0.14207857431179022;33.333333333333336;0.1471524533484296;515.8657965527157;0.14714982409887375;412.0457043019174;[2522.0, 2632.0, 2628.0, 2525.0, 2577.0, 2633.0, 2652.0, 2641.0, 2796.0, 2959.0, 3154.0, 3210.0, 3326.0];"[2578.26221402 2674.11079793 2775.78684898 2926.45654727 3013.07098556
 3043.29763706 3089.4558878  3119.10308059 3026.41853306 2824.67152438
 2599.67257384 2366.84821298 2141.17606513]";2017-04-16 12:00:00;2017-07-09 12:00:00
342;13;ridge_log;0.37478627374109685;33.333333333333336;0.2947625131193031;1322.5183996358444;0.2947587426483879;1156.1985582384086;[4027.0, 3818.0, 3713.0, 4313.0, 3664.0, 2960.0, 3807.0, 3664.0, 3217.0, 2883.0, 2295.0, 3099.0, 3561.0];"[4547.58396213 4785.24104196 4362.8283127  4153.45324876 4601.92556464
 4965.31764187 4761.65546911 4395.94038727 4380.16132038 4856.28990117
 4812.32824626 4598.54903067 4511.21362771]";2017-01-15 12:00:00;2017-04-09 12:00:00
348;13;ridge_log;6.174404747395311;16.666666666666668;1.0155009157896076;24030.051319754002;1.015494279949534;15417.499076416196;[2692.0, 2525.0, 2879.0, 2898.0, 2792.0, 2739.0, 2676.0, 2492.0, 2453.0, 2542.0, 2500.0, 2448.0, 2484.0];"[ 2519.13282107  2146.01267509  1801.59478558  1384.36128218
  2122.392041    4885.09481513  9205.54420364 11844.07398886
 16481.06736628 28544.88021908 44449.45913864 56618.77940542
 44920.08246129]";2017-01-15 12:00:00;2017-04-09 12:00:00
289;13;ridge_log;0.06243146512446099;75.0;0.06448765381613882;1106.8968600417913;0.06448742611278711;913.7535094834758;[14956.2, 14092.3, 13505.0, 13633.8, 13984.4, 13912.2, 13853.8, 13494.2, 14654.9, 14856.5, 15250.8, 14813.1, 15673.0];"[15108.04920722 14830.94773254 14561.97363797 14278.24670079
 14095.58234407 13750.86831245 13310.03008384 13114.44350969
 13127.68502515 13275.67377849 13353.4976798  13550.64186582
 13849.96374407]";2015-01-04 12:00:00;2015-03-29 12:00:00
342;13;ridge_log;0.169149351079747;66.66666666666667;0.17816878741306746;895.7057553551482;0.17816664982816358;753.9412450277284;[3025.0, 3335.0, 4340.0, 4342.0, 4240.0, 4761.0, 4921.0, 4383.0, 4615.0, 5903.0, 5450.0, 3790.0, 3152.0];"[3652.55831458 4070.90743365 4261.49020701 3824.44688277 3795.05708674
 3782.77710613 3999.85910987 3952.03656594 3870.06629944 3916.0823137
 4037.94594478 4017.79372844 3846.73822506]";2016-10-16 12:00:00;2017-01-08 12:00:00
276;13;ridge_log;0.04311761595083324;41.666666666666664;0.04471743370547992;191.65304846682187;0.04471672494903893;141.19569950493158;[3399.978, 3293.758, 3327.523, 3322.451, 3269.217, 3301.401, 3280.568, 3297.178, 3236.403, 3209.736, 3250.226, 3273.005, 3299.023];"[3379.26903254 3425.82793475 3390.92632732 3364.19146385 3339.59279271
 3323.24884555 3269.2193725  3186.69060939 3103.34636537 3038.61953533
 2984.73713035 2917.85219097 2860.27603416]";2016-04-10 12:00:00;2016-07-03 12:00:00
348;13;ridge_log;0.2007128652681726;91.66666666666667;0.21783821184733926;1833.655298050233;0.21783582935843349;1074.5048248262235;[3625.0, 3630.0, 3833.0, 3795.0, 3862.0, 3990.0, 5189.0, 7243.0, 9323.0, 3167.0, 3119.0, 2961.0, 2870.0];"[3607.92229722 3655.63660063 3692.82289671 3726.39604731 3783.0653146
 3857.03575807 3950.44350203 4000.95830173 4018.82699847 4012.83584198
 3990.43666392 3948.86351091 3885.26122144]";2016-10-16 12:00:00;2017-01-08 12:00:00
343;13;ridge_log;0.17070213468625745;58.333333333333336;0.179710787619034;656.6328384243058;0.17970783397470624;554.4299658962289;[3730.0, 3182.0, 3165.0, 3463.0, 3098.0, 1955.0, 2964.0, 4003.0, 3550.0, 3348.0, 3014.0, 3879.0, 3559.0];"[3279.95761373 2935.45732183 3048.81913023 3046.10408893 2989.37973504
 2832.32564033 2700.75526806 2754.5084528  2798.84272909 2751.75226465
 2701.88446098 2781.1098558  2836.16516253]";2017-07-16 12:00:00;2017-10-08 12:00:00
349;13;ridge_log;0.16014966747699202;83.33333333333333;0.16699872977084257;982.3568151290261;0.1669971068201265;869.9497832268646;[6407.0, 5330.0, 5444.0, 5744.0, 4513.0, 3424.0, 6361.0, 6498.0, 5367.0, 5326.0, 5042.0, 6151.0, 5677.0];"[4956.45444483 4899.64452594 4931.82877104 5079.90376683 4768.3337358
 4788.52830405 4951.20211657 4979.46242507 4821.79863858 4623.98995627
 4752.12848481 4832.7520002  4828.34972775]";2017-07-16 12:00:00;2017-10-08 12:00:00
343;13;ridge_log;0.1937492835087031;58.333333333333336;0.1760518945458838;594.3789804813276;0.17604901844791312;542.6581725509924;[2570.0, 2191.0, 2578.0, 2965.0, 3075.0, 2711.0, 2761.0, 3334.0, 3132.0, 3050.0, 2863.0, 2902.0, 3974.0];"[3041.52956914 3116.84598067 3388.07151634 3460.98266804 3536.39997322
 3562.49226187 3449.39527617 3461.82847062 3423.44774772 3339.1453282
 3320.68941809 3265.62331564 3153.89528255]";2017-04-16 12:00:00;2017-07-09 12:00:00
349;13;ridge_log;0.11804836500923882;66.66666666666667;0.12852104069195397;826.2056658576279;0.12851973965641433;637.5132799985506;[4606.0, 3947.0, 5494.0, 5013.0, 5338.0, 4363.0, 4663.0, 5505.0, 4590.0, 5098.0, 4617.0, 6054.0, 6091.0];"[4619.75435537 4493.27821357 4562.53724532 4585.33298489 4517.2226558
 4438.29740543 4466.07742966 4502.17909842 4454.06509961 4379.82080001
 4433.38044613 4454.50975875 4455.53181581]";2017-04-16 12:00:00;2017-07-09 12:00:00
349;13;ridge_log;0.18885320734883154;58.333333333333336;0.16626002131232864;1013.0089388620227;0.16625830580726653;811.9643974227515;[5337.0, 4420.0, 4208.0, 5206.0, 3776.0, 3582.0, 4159.0, 4758.0, 5150.0, 5402.0, 4180.0, 5416.0, 6709.0];"[5384.9653925  5628.35597543 5512.31882902 5357.73958969 5339.02373103
 5267.59625158 5209.87648273 5287.22998292 5413.66964782 5501.74429238
 5498.40916846 5458.02982565 5418.42200271]";2017-01-15 12:00:00;2017-04-09 12:00:00
343;13;ridge_log;0.26705842340695823;33.333333333333336;0.2248217545347853;917.3523412285365;0.22481852418145687;785.3503300628083;[4170.0, 3431.0, 3546.0, 4064.0, 3355.0, 2907.0, 3497.0, 3264.0, 3057.0, 2623.0, 2316.0, 2845.0, 3491.0];"[3542.58937154 3697.18351574 3618.86131471 3645.15413586 3929.62652149
 4110.12151723 4132.78809353 4073.31877294 4115.35745107 4151.46049108
 4020.11088675 3845.79912276 3800.67011093]";2017-01-15 12:00:00;2017-04-09 12:00:00
349;13;ridge_log;0.24041941719425736;33.333333333333336;0.21836998707626895;1666.233954473203;0.2183681827948862;1357.906460396937;[6043.0, 5209.0, 6957.0, 5597.0, 4629.0, 8918.0, 9378.0, 7935.0, 6406.0, 6073.0, 5842.0, 3932.0, 3932.0];"[6434.00172414 6409.18566361 6406.14637389 6448.55239793 6454.19740088
 6416.30862132 6423.01599907 6441.58036377 6422.12129904 6384.70589476
 6395.04920566 6430.48549904 6436.53625815]";2016-10-16 12:00:00;2017-01-08 12:00:00
343;13;ridge_log;0.18772067850510263;33.333333333333336;0.21296775341074084;889.6088567566127;0.212964741438317;756.1383592532651;[3520.0, 2964.0, 3772.0, 3581.0, 3964.0, 4763.0, 3972.0, 3793.0, 3922.0, 4474.0, 4162.0, 3309.0, 3086.0];"[2935.51635543 3254.44161919 3171.5400577  2883.95844678 2853.00130053
 2987.02524576 3104.24838805 3142.34353489 3072.92064736 3096.01979093
 3253.99272925 3254.09499126 3148.01853905]";2016-10-16 12:00:00;2017-01-08 12:00:00
350;13;ridge_log;0.21142403931943082;41.666666666666664;0.22859183325896157;414.3665244730833;0.22858458494003925;365.47661275825624;[2083.0, 1704.0, 1622.0, 1626.0, 1306.0, 1010.0, 1719.0, 2189.0, 1661.0, 1753.0, 1591.0, 2057.0, 1850.0];"[1472.04445154 1447.73723248 1453.52054156 1448.0836554  1455.43398766
 1433.17428162 1416.25690198 1426.81552077 1409.79093982 1400.7662873
 1398.61674924 1392.42702424 1410.3529991 ]";2017-07-16 12:00:00;2017-10-08 12:00:00
344;13;ridge_log;0.17469125169319696;41.666666666666664;0.18730319877066487;663.9653808771199;0.18730019679259008;588.8685132498524;[3807.0, 3360.0, 3266.0, 3406.0, 3122.0, 2212.0, 2982.0, 3988.0, 3389.0, 3160.0, 3126.0, 3584.0, 3988.0];"[3082.65468805 2855.38456282 3000.66067801 2854.65757491 2816.44570187
 2954.15379969 2817.5283001  2769.28094879 2836.69130473 2763.89866539
 2763.41900342 2854.08729516 2850.1544042 ]";2017-07-16 12:00:00;2017-10-08 12:00:00
234;13;ridge_log;0.5574147515064455;66.66666666666667;0.9045911812547446;722.4469514941123;0.9045240722134102;631.0602545144077;[1261.0, 1272.6, 1270.5, 1252.9, 1294.9, 1248.1, 1207.7, 1169.1, 1164.0, 1117.6, 1075.0, 1019.3, 944.8];"[1287.21982317 1246.91146401 1103.74228879  921.49798712  698.52001658
  506.0335556   357.18099069  247.23484757  176.88408935  139.36306182
  126.15405661  139.42241643  195.99173991]";2016-01-24 12:00:00;2016-04-17 12:00:00
249;13;ridge_log;0.01903664358986684;91.66666666666667;0.019292963536411245;77.5567074415729;0.019292674718286187;64.48377956943156;[3446.7, 3205.7, 3207.3, 3331.9, 3479.1, 3223.9, 3228.3, 3338.6, 3461.4, 3330.3, 3232.7, 3339.3, 3518.5];"[3352.21969886 3191.96784487 3230.86620311 3326.06874456 3387.92293081
 3204.63001636 3170.95944672 3253.12272136 3378.09421967 3284.05430635
 3179.93265832 3240.00481401 3352.69966681]";2016-10-09 12:00:00;2017-01-01 12:00:00
289;13;ridge_log;0.05991337552982223;58.333333333333336;0.06222353196849462;1077.714914909677;0.06222330976955581;871.6257576491778;[13994.0, 13508.7, 13093.0, 13300.3, 13407.3, 13700.9, 13699.0, 14089.4, 14684.9, 15471.4, 14741.4, 14965.2, 14912.9];"[14161.43657422 13973.63189439 13699.32316733 13802.39151191
 13866.14358958 13660.43775135 13404.45977036 13342.0860835
 13457.76631829 13380.80869497 13257.81338576 13227.34169224
 13402.87819153]";2014-10-05 12:00:00;2014-12-28 12:00:00
344;13;ridge_log;0.1732720008769547;25.0;0.20160000377163;730.9372023280405;0.20159632453576865;554.5351257471649;[2761.0, 2973.0, 2642.0, 2503.0, 2515.0, 2532.0, 3521.0, 3525.0, 2648.0, 3062.0, 2685.0, 2913.0, 3623.0];"[2410.64137433 2377.8451904  2609.2494631  2575.11924545 2521.84089662
 2526.90381736 2294.93352815 2277.21997574 2331.83579583 2212.24786882
 2213.91819253 2273.13727861 2227.07102251]";2017-04-16 12:00:00;2017-07-09 12:00:00
350;13;ridge_log;0.20172318850829962;50.0;0.17922759544266065;303.49938049262175;0.17922174463795182;275.03368928273426;[1386.0, 1192.0, 1446.0, 1594.0, 1451.0, 1268.0, 1288.0, 1446.0, 1360.0, 1431.0, 1417.0, 1681.0, 1846.0];"[1677.15025356 1686.26071909 1685.30780674 1691.55629893 1702.50773558
 1703.00602997 1704.27659642 1710.7825739  1707.382265   1710.56248489
 1709.11781896 1702.23044442 1700.70306678]";2017-04-16 12:00:00;2017-07-09 12:00:00
344;13;ridge_log;0.38351483093377825;41.666666666666664;0.3089242827944295;932.392693133088;0.30891865704879484;850.2160863268493;[3262.0, 2417.0, 2429.0, 2724.0, 2349.0, 2171.0, 2163.0, 2329.0, 1842.0, 2177.0, 1977.0, 2589.0, 3068.0];"[3180.21387721 3366.06980698 3235.20327702 3219.79020124 3262.13682166
 3215.3407166  3294.04081409 3306.43578719 3239.35236153 3270.00842414
 3291.54250809 3241.10862257 3264.99365835]";2017-01-15 12:00:00;2017-04-09 12:00:00
344;13;ridge_log;0.10742521572314355;58.333333333333336;0.11033146375569013;435.06415181441434;0.11032975255932406;358.73230623524154;[3390.0, 2666.0, 3857.0, 2834.0, 3005.0, 4181.0, 3212.0, 3137.0, 3234.0, 3466.0, 3622.0, 3391.0, 2605.0];"[2983.86682114 3109.4624833  3361.23761313 3105.77397934 3100.50552771
 3245.02424997 2996.21022818 3060.33957093 3224.59952006 3016.63458625
 3021.05454416 3231.41720004 3108.16232455]";2016-10-16 12:00:00;2017-01-08 12:00:00
350;13;ridge_log;0.27512677747288733;41.666666666666664;0.22686937645937916;497.3413024467233;0.22686324012271636;421.79762849122005;[2364.0, 1935.0, 1971.0, 2105.0, 1701.0, 1853.0, 1971.0, 1792.0, 1520.0, 1499.0, 1184.0, 1365.0, 1688.0];"[2158.92212564 2149.4767523  2159.93424715 2153.64638152 2152.67743354
 2158.14469386 2152.67990726 2156.01707402 2159.31234153 2153.73201049
 2157.41280344 2155.53076705 2153.72688388]";2017-01-15 12:00:00;2017-04-09 12:00:00
350;13;ridge_log;0.14440975433940256;58.333333333333336;0.14387091026284132;362.6548899057369;0.1438674728726575;304.8935140869675;[1904.0, 1448.0, 2202.0, 1938.0, 2242.0, 2675.0, 2361.0, 1918.0, 1923.0, 2537.0, 2729.0, 1869.0, 1869.0];"[2076.06803122 2069.33806924 2079.45566771 2069.73131797 2073.29658366
 2071.25874486 2070.49118778 2081.03433971 2079.3960007  2067.57152347
 2073.77980173 2069.8225398  2077.0788937 ]";2016-10-16 12:00:00;2017-01-08 12:00:00
276;13;ridge_log;0.035989963411658894;66.66666666666667;0.03674128533057129;124.65157199614944;0.03674070394891069;116.19792486350269;[3071.698, 3124.748, 3071.285, 3092.602, 3057.326, 3226.357, 3167.172, 3162.452, 3197.283, 3298.002, 3353.714, 3363.838, 3381.407];"[3019.42530899 2994.97116183 2989.40554675 2998.36260889 3020.06091207
 3045.12003702 3066.49534638 3073.5177043  3089.04359382 3127.33810391
 3168.73190578 3214.15717638 3250.68157064]";2016-01-10 12:00:00;2016-04-03 12:00:00
351;13;ridge_log;0.22284255987127513;50.0;0.2612013320347849;363.79414792241687;0.26119044547007325;314.0394772005129;[1339.0, 1395.0, 1331.0, 1324.0, 1354.0, 1381.0, 1389.0, 1369.0, 1402.0, 1369.0, 1302.0, 1619.0, 1412.0];"[1281.9143274  1264.50795958 1230.32659175 1191.13203402 1145.13992582
 1102.78020933 1061.5205318  1020.25258171  978.04145318  940.2918529
  909.18757977  892.2438837   886.14786542]";2017-07-16 12:00:00;2017-10-08 12:00:00
277;13;ridge_log;0.1324523210438882;41.666666666666664;0.12275037998902628;178.55323902006975;0.12274578690885934;164.11282489863046;[1261.984, 1332.9, 1226.2, 1267.01, 1266.63, 1153.61, 1217.88, 1256.22, 1260.13, 1249.54, 1214.15, 1271.59, 1333.46];"[1325.73092902 1350.13735298 1365.25603915 1382.08602418 1395.68222836
 1412.65553485 1430.71701454 1443.69777577 1461.3361313  1467.6907582
 1475.83556875 1472.58109578 1461.3642708 ]";2016-10-09 12:00:00;2017-01-01 12:00:00
351;13;ridge_log;0.07983726312259475;75.0;0.08599924012196304;130.20645533137824;0.08599528123954926;93.67827512752245;[979.0, 1022.0, 1020.0, 980.0, 1001.0, 1022.0, 1030.0, 1026.0, 1086.0, 1149.0, 1225.0, 1247.0, 1292.0];"[ 972.61105231  975.43015811  967.95436305  965.11572059  969.79569004
  981.59991571  989.810081    997.9268284  1005.45827338 1009.01562508
 1011.50345451 1010.25548064 1004.70578052]";2017-04-16 12:00:00;2017-07-09 12:00:00
351;13;ridge_log;0.10325881398686315;50.0;0.09566676862757542;124.36062105802354;0.09566222910861776;100.8212571066198;[1045.0, 980.0, 1118.0, 1125.0, 1084.0, 1064.0, 1039.0, 968.0, 952.0, 987.0, 971.0, 951.0, 964.0];"[1094.63915193 1107.79555557 1113.61267446 1121.48130092 1108.75384232
 1092.21146288 1094.26225908 1098.57575601 1110.69045076 1127.45616141
 1143.79761686 1159.04568239 1170.54237854]";2017-01-15 12:00:00;2017-04-09 12:00:00
289;13;ridge_log;0.049818921568210814;58.333333333333336;0.0484466960295853;730.145671882146;0.04844652228940967;675.7739445931148;[14032.4, 13229.9, 13170.6, 13523.4, 13710.2, 13700.2, 13168.3, 13170.8, 14214.2, 13751.5, 13630.1, 13584.1, 14209.7];"[14851.25978453 14532.26719021 14157.2240756  14146.00181397
 14216.76829344 14059.17627205 13694.67540285 13580.16290813
 13882.62070728 14251.55252849 14434.86416962 14562.44066089
 14848.28888721]";2014-07-06 12:00:00;2014-09-28 12:00:00
351;13;ridge_log;0.24346684270955932;41.666666666666664;0.28200328757161525;302.3203043857684;0.28198928555632446;286.7357655107403;[1029.0, 1049.0, 1133.0, 1174.0, 1226.0, 1297.0, 1319.0, 1381.0, 1228.0, 1140.0, 1146.0, 1123.0, 1089.0];"[ 879.95011261  762.55126475  829.44444928  874.28034201  936.42367403
 1108.39199722 1021.96263539  947.59087123 1051.15732707  989.67873307
  707.19040405  716.08376519  781.72947247]";2016-10-16 12:00:00;2017-01-08 12:00:00
277;13;ridge_log;0.09310851897576712;50.0;0.09927952849242729;148.27829232942986;0.09927568924272581;128.71916725281497;[1538.07, 1477.872, 1373.365, 1384.159, 1403.246, 1463.896, 1423.392, 1417.098, 1353.782, 1383.542, 1332.766, 1334.185, 1319.341];"[1472.08156103 1459.20275255 1416.25923757 1377.45320569 1335.08197046
 1298.37153822 1265.43591523 1232.75006253 1202.56246832 1162.77383577
 1141.53178585 1126.19247502 1127.45649263]";2016-07-10 12:00:00;2016-10-02 12:00:00
352;13;ridge_log;0.17690052590803473;41.666666666666664;0.17816176661640165;324.0307109919883;0.17815575716299004;268.2377354037226;[2197.0, 1711.0, 1661.0, 1535.0, 1444.0, 953.0, 1526.0, 1840.0, 1722.0, 1540.0, 1534.0, 1671.0, 1661.0];"[1707.2099874  1594.90769569 1681.92176973 1571.58738638 1536.92977231
 1560.59082808 1417.72216548 1378.76217787 1385.98146727 1322.90220367
 1295.7375725  1280.25813199 1289.45779436]";2017-07-16 12:00:00;2017-10-08 12:00:00
235;13;ridge_log;0.12086837124642799;50.0;0.11354857043133645;526.2779380666661;0.11354711486345202;444.92566392987743;[3265.2, 3299.2, 3276.9, 3338.6, 3299.6, 3574.8, 3557.3, 3591.5, 3690.3, 3977.2, 4463.9, 4347.0, 4358.4];"[3257.77942986 3364.75042073 3518.33687404 3688.03420106 3886.17536431
 4090.34218236 4291.32245091 4457.56429962 4539.90101273 4509.00732267
 4352.08433839 4074.87372361 3705.76300548]";2016-10-23 12:00:00;2017-01-15 12:00:00
249;13;ridge_log;0.01480843851753414;100.0;0.014903398266048869;57.478474511978376;0.014903169636310203;48.602929520332125;[3327.6, 3118.4, 3159.8, 3267.5, 3354.1, 3178.5, 3203.1, 3306.0, 3438.0, 3277.9, 3165.6, 3227.6, 3360.2];"[3288.69249812 3143.64598243 3225.70277182 3319.54869642 3350.43929174
 3171.76950203 3187.35273852 3263.83045266 3333.74008052 3189.47861852
 3107.0982849  3185.59072288 3271.967177  ]";2016-07-10 12:00:00;2016-10-02 12:00:00
352;13;ridge_log;0.1290316302375344;25.0;0.12344542876454702;235.85015718639045;0.12344133728974072;187.78460827944002;[1374.0, 1254.0, 1304.0, 1483.0, 1360.0, 1254.0, 1365.0, 1541.0, 1333.0, 1663.0, 1498.0, 1494.0, 2075.0];"[1455.41116717 1478.81866425 1520.6556502  1486.06271344 1565.8290556
 1618.20091094 1557.31622284 1594.83832869 1628.84880226 1591.522939
 1605.64630648 1576.7593909  1533.66436615]";2017-04-16 12:00:00;2017-07-09 12:00:00
352;13;ridge_log;0.2365541105206093;41.666666666666664;0.20249466633461405;386.89063240238414;0.20248851770432805;334.19395318921295;[1884.0, 1705.0, 1556.0, 1749.0, 1500.0, 1389.0, 1634.0, 1609.0, 1343.0, 1388.0, 1148.0, 1466.0, 1633.0];"[1720.87271371 1773.58992412 1778.44031332 1799.25342892 1846.7125542
 1835.48224248 1882.86986345 1906.02532383 1893.42799414 1903.35716706
 1911.91480974 1889.39521333 1880.92527056]";2017-01-15 12:00:00;2017-04-09 12:00:00
352;13;ridge_log;0.09805493058412432;50.0;0.09962473108832462;232.40455641615853;0.0996219760198985;181.03721396937755;[1625.0, 1454.0, 1937.0, 2022.0, 1957.0, 2285.0, 1807.0, 1937.0, 1855.0, 1800.0, 1805.0, 1699.0, 1580.0];"[1783.50759256 1849.4354573  1841.0650363  1754.34251318 1706.55268559
 1737.92285098 1768.38802583 1752.30815458 1734.12505152 1730.7686646
 1729.77110771 1719.5029984  1709.28182364]";2016-10-16 12:00:00;2017-01-08 12:00:00
277;13;ridge_log;0.054804487246521066;66.66666666666667;0.05379741735060561;83.18803109043617;0.05379536006172384;70.5163329720853;[1317.671, 1318.918, 1204.436, 1212.819, 1256.924, 1269.515, 1201.515, 1214.328, 1230.23, 1333.257, 1350.265, 1472.397, 1497.662];"[1293.45398898 1324.17812652 1307.58742603 1307.37426998 1312.40265362
 1291.60724029 1313.58139476 1319.19250158 1346.59484905 1361.99110376
 1366.3194871  1373.82158186 1362.36415321]";2016-04-10 12:00:00;2016-07-03 12:00:00
353;13;ridge_log;0.20575606172352673;75.0;0.21938985708713285;828.7137439668669;0.2193863289534486;695.1288614201585;[3513.0, 3203.0, 2907.0, 3031.0, 2335.0, 1945.0, 3178.0, 4175.0, 3651.0, 3512.0, 3573.0, 4511.0, 3884.0];"[3075.01744198 2907.02242861 2890.93508856 2909.97469305 2868.54707568
 2831.27926705 2710.08736412 2739.50630479 2869.42926883 2812.50044802
 2829.03357536 2882.19233104 2895.45219991]";2017-07-16 12:00:00;2017-10-08 12:00:00
353;13;ridge_log;0.13860139261698784;50.0;0.12794105778615072;436.30183781559265;0.12793891818603992;384.1372844544225;[2782.0, 2284.0, 2755.0, 3197.0, 2932.0, 2961.0, 2635.0, 3210.0, 2867.0, 3248.0, 2656.0, 3104.0, 3580.0];"[3297.67747849 3079.43810998 3293.55487322 3294.15792301 3320.90015764
 3396.86451649 3149.33141622 3089.4730389  3229.47109189 3152.74984929
 3197.31074307 3240.45537433 3128.15409823]";2017-04-16 12:00:00;2017-07-09 12:00:00
277;13;ridge_log;0.07124813936198415;41.666666666666664;0.07114974193980975;118.13807021838137;0.07114709477469926;95.68954826059066;[1264.068, 1282.375, 1474.741, 1272.891, 1322.929, 1477.627, 1335.228, 1412.613, 1316.61, 1278.481, 1268.71, 1243.785, 1333.002];"[1231.94850571 1219.72357142 1238.1523479  1252.43592813 1279.48223052
 1305.00291691 1328.26484401 1366.71586324 1391.69199055 1415.91428455
 1423.84725448 1421.5425653  1410.81024035]";2016-01-10 12:00:00;2016-04-03 12:00:00
353;13;ridge_log;0.2305422458056703;41.666666666666664;0.19397459483778418;853.695931353109;0.19397183900630033;684.6218847663829;[3265.0, 3312.0, 3243.0, 3773.0, 3057.0, 2898.0, 3771.0, 3773.0, 3039.0, 2938.0, 2492.0, 2962.0, 3960.0];"[3335.39143698 3531.16193624 3599.64064408 3670.26359814 3918.56473034
 4190.85130192 4165.31989288 4244.12587539 4256.03497153 4233.59644322
 4072.51533074 3865.63182746 3825.48629068]";2017-01-15 12:00:00;2017-04-09 12:00:00
290;13;ridge_log;0.13489258843915325;50.0;0.12388103865605476;1185.507645456948;0.12388029917470567;1038.0311799194758;[7931.0, 7981.7, 7898.8, 8095.8, 7630.4, 8375.1, 8041.0, 8141.3, 7431.5, 7448.9, 7899.0, 7716.7, 7367.0];"[8424.13282298 8614.05846223 8467.69035966 8545.07677782 8628.77366833
 8723.04587049 8817.07426085 8811.77479173 8951.2138657  9178.51757538
 9356.0686918  9428.80000032 9506.37819166]";2017-07-23 12:00:00;2017-10-15 12:00:00
353;13;ridge_log;0.2411315548534643;50.0;0.2821315937380381;1209.2000866622038;0.2821276738808922;1020.1307291457555;[3123.0, 3034.0, 4084.0, 4273.0, 4688.0, 4480.0, 4730.0, 3833.0, 4086.0, 4833.0, 4086.0, 3548.0, 2781.0];"[3223.63762196 3279.78475369 2925.43942942 2550.47578771 2672.74679006
 2863.67111769 2894.91507235 2959.34232823 3137.32163872 3369.38439257
 3521.8374448  3510.14777932 3460.55888411]";2016-10-16 12:00:00;2017-01-08 12:00:00
354;13;ridge_log;0.20448583375518498;58.333333333333336;0.25126785660471457;817.2902501636887;0.25126259887039065;603.0933262429188;[2777.0, 2893.0, 2760.0, 2745.0, 2807.0, 2862.0, 2880.0, 2838.0, 2908.0, 2838.0, 2698.0, 3357.0, 2928.0];"[2773.85768972 2783.02166775 2769.13917151 2722.74320734 2637.56361127
 2515.62698154 2377.87805158 2203.56390026 2027.45746652 1857.58081212
 1704.017264   1589.53929941 1507.07597884]";2017-07-16 12:00:00;2017-10-08 12:00:00
354;13;ridge_log;0.0647718627609503;83.33333333333333;0.06859932945251639;214.0592463252716;0.0685978188575517;156.50677144985323;[2030.0, 2119.0, 2115.0, 2033.0, 2075.0, 2119.0, 2135.0, 2126.0, 2251.0, 2382.0, 2539.0, 2584.0, 2678.0];"[1999.67407007 2004.64518742 1982.94515057 1980.67339049 2010.68483237
 2047.77879474 2082.69526325 2128.78773955 2156.78423924 2168.72246303
 2191.60039414 2202.46488003 2199.53104535]";2017-04-16 12:00:00;2017-07-09 12:00:00
354;13;ridge_log;0.31258259463790067;25.0;0.2574870298299474;747.3034901726767;0.25748183689224385;639.2750160903287;[2167.0, 2033.0, 2318.0, 2333.0, 2247.0, 2205.0, 2154.0, 2006.0, 1975.0, 2047.0, 2012.0, 1971.0, 2000.0];"[2289.53211454 2341.69452948 2478.72941966 2521.55407919 2537.90678153
 2666.3908679  2755.97021466 2839.75200932 2958.89601552 3038.43020989
 3085.80382572 3133.7504165  3130.16472526]";2017-01-15 12:00:00;2017-04-09 12:00:00
354;13;ridge_log;0.7761149275010311;66.66666666666667;0.5389541539173036;2103.4217992420413;0.5389469196627519;2012.042585090468;[4113.0, 3633.0, 2551.0, 2563.0, 3493.0, 2718.0, 2735.0, 2863.0, 2546.0, 2363.0, 2376.0, 2329.0, 2257.0];"[4580.38098588 4790.99833131 4885.41978536 4816.05110211 4842.7234792
 4775.69865677 4814.53835698 4896.29610677 4845.5462948  4858.89279858
 4875.88647726 4865.38250716 4848.738724  ]";2016-10-16 12:00:00;2017-01-08 12:00:00
235;13;ridge_log;0.05814669008980984;83.33333333333333;0.06119823645709739;259.796475570168;0.061197263716395396;194.29463848543614;[3855.8, 3872.8, 3897.0, 3948.2, 3838.9, 3623.3, 3363.5, 3317.6, 3243.7, 3249.2, 3228.3, 3219.3, 3232.9];"[3968.67753835 4004.36996493 4023.32185348 3902.14561071 3801.98883072
 3632.8488017  3492.62019318 3282.31267377 3102.78731978 2914.56981107
 2802.33580048 2722.8217806  2732.74622419]";2016-07-24 12:00:00;2016-10-16 12:00:00
355;13;ridge_log;0.15195847321157852;58.333333333333336;0.1556259066429789;696.7846224421442;0.1556237921998531;581.3151906348696;[4387.0, 3772.0, 3660.0, 3878.0, 3131.0, 2405.0, 4081.0, 4811.0, 4170.0, 4017.0, 3824.0, 4661.0, 4297.0];"[3884.51823126 3803.9684777  3709.87453745 3630.92605678 3573.12258331
 3472.06033044 3467.87536537 3420.73343478 3540.36151901 3517.58899303
 3474.6795802  3594.68692118 3628.55834904]";2017-07-16 12:00:00;2017-10-08 12:00:00
290;13;ridge_log;0.17621931852577064;33.333333333333336;0.19912594050352989;1846.2350201450872;0.199124703878948;1603.8355778283492;[8559.6, 8845.3, 8686.6, 8444.4, 8557.2, 8907.7, 9221.3, 9166.1, 9402.7, 9329.3, 9762.5, 8651.0, 8320.0];"[8327.69519706 8170.16908588 8135.14344973 7720.54795525 7407.7858052
 7164.83214659 6869.45288278 6692.94419095 6626.61847775 6673.15879258
 6807.58300428 7061.60437939 7346.30212078]";2017-04-23 12:00:00;2017-07-16 12:00:00
278;13;ridge_log;0.18961042910895284;50.0;0.16942227412975727;252.73497894753976;0.16941590957074926;225.6343366149733;[1212.443, 1284.81, 1181.98, 1256.58, 1204.17, 1146.31, 1184.67, 1231.88, 1164.92, 1195.17, 1157.35, 1182.41, 1284.83];"[1269.2224523  1296.38077675 1328.370873   1364.24850483 1401.0977229
 1437.06571613 1474.53924116 1505.3421352  1527.01799995 1533.23546557
 1525.40784946 1499.49669563 1459.34394313]";2016-10-09 12:00:00;2017-01-01 12:00:00
355;13;ridge_log;0.1262654547735042;50.0;0.11638270460179109;528.5540846132524;0.11638113628946206;433.57366000438503;[3286.0, 2898.0, 3879.0, 3718.0, 3802.0, 3467.0, 3299.0, 3866.0, 3333.0, 3817.0, 3546.0, 3986.0, 4563.0];"[4003.23739429 3901.90847864 4183.98462092 4067.80063836 3926.07800069
 4145.42246336 3931.5228113  3794.45821989 4044.28259243 3917.95686286
 3852.45330406 3985.7746969  3927.95667006]";2017-04-16 12:00:00;2017-07-09 12:00:00
355;13;ridge_log;0.3411070942398136;83.33333333333333;0.27876818625301;1360.700682714483;0.2787650252952143;1237.1675170575807;[2824.0, 3879.0, 4419.0, 5105.0, 4323.0, 3908.0, 4898.0, 4196.0, 3654.0, 3783.0, 3018.0, 3576.0, 4426.0];"[4828.78439644 5117.15734467 5131.15580891 5244.39638344 5446.59950556
 5314.53281577 5427.40623922 5368.68546929 5276.27481052 5292.22203267
 5241.42514539 5199.66407896 5203.8736909 ]";2017-01-15 12:00:00;2017-04-09 12:00:00
355;13;ridge_log;0.1531220062301983;41.666666666666664;0.16580239302795421;1064.1567467761008;0.16580073613187732;837.6775462944978;[4082.0, 3799.0, 5173.0, 5124.0, 5517.0, 7267.0, 5422.0, 5749.0, 5383.0, 5253.0, 5187.0, 4541.0, 4581.0];"[4528.65544322 4763.74457291 4643.58079886 4394.88080402 4422.98218652
 4496.96532147 4536.73430605 4533.09617458 4504.84858724 4535.53265722
 4587.30338859 4565.10482229 4545.77251205]";2016-10-16 12:00:00;2017-01-08 12:00:00
356;13;ridge_log;0.14861299317747198;58.333333333333336;0.1566383022503003;623.6651263629936;0.1566359167757184;519.1184260790228;[3938.0, 3363.0, 3249.0, 3515.0, 3097.0, 2275.0, 3421.0, 4166.0, 3807.0, 3434.0, 3303.0, 4024.0, 3747.0];"[3325.84561713 3296.21985182 3317.44761993 3284.143251   3188.32862314
 3102.85998462 3049.36174161 3009.83126951 3055.41016896 2956.55116817
 2935.59216649 3034.28458407 3009.85686989]";2017-07-16 12:00:00;2017-10-08 12:00:00
249;13;ridge_log;0.036219925410476646;100.0;0.037059386289296246;135.72624029701;0.037058796359421345;116.48521391231253;[3271.0, 3097.2, 3167.5, 3286.4, 3342.2, 3119.6, 3138.3, 3227.4, 3321.5, 3149.1, 3119.3, 3229.3, 3340.5];"[3316.31628118 3161.99482686 3223.41720846 3282.39320783 3282.6122239
 3038.72839178 3039.38597566 3082.86510475 3162.73798547 2996.16113345
 2919.5668166  2999.23267522 3121.63702101]";2016-04-10 12:00:00;2016-07-03 12:00:00
356;13;ridge_log;0.13914573863951524;33.333333333333336;0.1282815923402794;485.5643715000503;0.12827967049914407;429.1301210673904;[3071.0, 2736.0, 3344.0, 3194.0, 3061.0, 2852.0, 2907.0, 3283.0, 3138.0, 3268.0, 3110.0, 3343.0, 3766.0];"[3087.48582166 3174.79990772 3610.0630852  3474.14106566 3559.69568463
 3768.03559979 3589.57588198 3648.27765682 3864.01603628 3500.74694368
 3564.74126352 3662.21595992 3384.10333298]";2017-04-16 12:00:00;2017-07-09 12:00:00
356;13;ridge_log;0.28442601166659326;75.0;0.2350332544935467;1047.2041745300344;0.23503016389251233;896.606916392175;[4492.0, 3707.0, 3592.0, 4144.0, 3529.0, 3486.0, 3839.0, 3483.0, 3015.0, 3104.0, 2460.0, 3077.0, 3623.0];"[4337.19260173 4376.29314442 4047.20771844 4116.32011959 4316.91833774
 4312.22161325 4468.05932849 4304.70713932 4475.07040596 4667.3926788
 4426.31383235 4476.98222037 4517.23621528]";2017-01-15 12:00:00;2017-04-09 12:00:00
356;13;ridge_log;0.20896948465954107;66.66666666666667;0.242412123064014;1174.5952314434496;0.242409139774436;989.6814960946134;[3398.0, 3449.0, 4332.0, 3904.0, 4443.0, 5042.0, 4162.0, 4721.0, 4823.0, 5546.0, 5288.0, 3803.0, 4108.0];"[3327.65780032 3456.9690886  3409.85571819 3279.52844773 3368.5775798
 3400.11210417 3398.25854704 3433.34484772 3404.13632553 3410.69156683
 3446.55900296 3429.50206577 3403.88563329]";2016-10-16 12:00:00;2017-01-08 12:00:00
278;13;ridge_log;0.06507088716347302;58.333333333333336;0.06759305638037023;98.73659175151822;0.06759042528453184;87.33096364130057;[1553.68, 1476.213, 1368.542, 1388.111, 1400.179, 1447.46, 1392.557, 1351.885, 1329.185, 1308.802, 1264.608, 1261.015, 1273.104];"[1441.99972595 1468.31775103 1457.21641108 1425.77678718 1398.32858287
 1353.75462299 1326.91108082 1268.01890469 1226.92145373 1177.55204166
 1146.03234249 1128.09985852 1113.78930618]";2016-07-10 12:00:00;2016-10-02 12:00:00
357;13;ridge_log;0.18909743816960278;58.333333333333336;0.20660247824477052;1202.3931645508774;0.20660048447941318;1079.9605369577782;[6907.0, 5711.0, 5496.0, 5862.0, 5380.0, 3660.0, 5159.0, 6787.0, 5596.0, 5445.0, 5345.0, 6156.0, 5866.0];"[5243.84804392 4965.99480023 5033.5588734  5034.39098404 4986.55534784
 4715.99551471 4508.11680019 4500.16003738 4718.47162739 4522.04211505
 4356.2413446  4425.4464879  4431.68207233]";2017-07-16 12:00:00;2017-10-08 12:00:00
290;13;ridge_log;0.09940495757686911;33.333333333333336;0.10564451211043731;953.7769977960083;0.10564380758347783;794.5103122347556;[6719.2, 7136.2, 7319.4, 7144.4, 6272.2, 6972.4, 7947.3, 8079.6, 7947.8, 8790.8, 8395.0, 8558.8, 8364.4];"[7167.61052748 7178.53348524 7078.94439045 6891.5817866  6892.29424341
 6829.78099579 6786.60030273 6742.510212   6789.7879532  6985.56511
 7197.87367912 7399.29042953 7600.16933766]";2017-01-22 12:00:00;2017-04-16 12:00:00
235;13;ridge_log;0.4650633887067342;58.333333333333336;0.3486384070756709;2099.0114010018456;0.34863479220067944;1708.3139212933731;[3551.6, 3527.9, 3538.9, 3475.3, 3511.8, 3491.8, 3460.5, 3456.9, 3549.8, 3794.1, 3804.4, 3850.8, 3840.3];"[3632.45355704 3689.6440195  3800.2691023  3999.354074   4265.58759262
 4668.89058003 5155.00764156 5740.28104566 6303.6823762  6809.87204513
 7104.14175542 7128.74858676 6764.24860059]";2016-04-24 12:00:00;2016-07-17 12:00:00
357;13;ridge_log;0.15484438084075228;50.0;0.1445762234439883;826.9564210861803;0.14457474534770062;711.2633620287835;[4148.0, 3860.0, 4782.0, 4755.0, 4879.0, 4502.0, 4365.0, 5085.0, 4559.0, 4890.0, 4057.0, 5042.0, 6503.0];"[5133.44608362 5018.674285   5355.08554986 5253.82609422 5298.92925063
 5391.80219586 5100.73729115 5122.48997281 5361.08142134 5166.13988921
 5247.97445952 5194.74992799 4977.51271485]";2017-04-16 12:00:00;2017-07-09 12:00:00
357;13;ridge_log;0.27297512483205894;50.0;0.23290409216761712;1419.3601987383101;0.23290201766398796;1311.4186842233426;[5251.0, 5660.0, 5228.0, 5788.0, 5152.0, 4922.0, 5446.0, 4973.0, 4614.0, 4653.0, 3773.0, 4940.0, 5840.0];"[6236.23097296 6539.52361486 6106.50925284 6255.90223112 6472.49738199
 6554.56126146 6507.56764359 6424.1444206  6428.88784606 6332.77550951
 6384.19520721 6468.12866632 6577.51888637]";2017-01-15 12:00:00;2017-04-09 12:00:00
357;13;ridge_log;0.11864516181675255;58.333333333333336;0.12354014172868574;906.5972933156023;0.12353914195297842;767.6319536739946;[4901.0, 5003.0, 6531.0, 5768.0, 6583.0, 7175.0, 6829.0, 6792.0, 7023.0, 7603.0, 6581.0, 5706.0, 5708.0];"[5633.71118502 6098.24386766 5895.64269106 5817.97705293 6163.81214488
 5899.81456205 5808.0160964  5940.46226291 5790.86153883 5887.59379199
 5891.2497335  5803.64101817 5872.09509561]";2016-10-16 12:00:00;2017-01-08 12:00:00
358;13;ridge_log;0.20146383470403445;33.333333333333336;0.22199474343972495;892.0011020137027;0.2219916606572423;812.5474491021616;[4458.0, 5098.0, 4518.0, 4973.0, 3973.0, 2613.0, 3476.0, 4213.0, 3386.0, 3627.0, 3299.0, 3743.0, 3965.0];"[3838.52217943 3703.30277543 3704.09824105 3492.99295791 3399.01136862
 3313.08113832 3201.15784508 3005.24156785 2965.84925704 2956.90795566
 2879.80162718 2868.72816387 2850.35036088]";2017-07-16 12:00:00;2017-10-08 12:00:00
358;13;ridge_log;0.0778458506581577;33.333333333333336;0.07923334411140587;409.8550447288269;0.0792321467183472;265.1928170802322;[2703.0, 2625.0, 3081.0, 3255.0, 3243.0, 3234.0, 2910.0, 3214.0, 3145.0, 3478.0, 3545.0, 3242.0, 4410.0];"[2892.02482203 2970.38956512 3158.04618247 3194.57016679 3334.51823744
 3503.95449816 3365.68275333 3345.91950602 3444.41918738 3420.2421745
 3376.24008004 3281.73323021 3149.12893879]";2017-04-16 12:00:00;2017-07-09 12:00:00
278;13;ridge_log;0.10351182318643205;33.333333333333336;0.09719992105542197;147.6444368062178;0.09719629669472404;130.42545763020138;[1398.15, 1372.669, 1259.456, 1241.475, 1309.107, 1282.265, 1185.814, 1198.493, 1217.719, 1314.704, 1364.218, 1278.906, 1499.516];"[1369.24794918 1379.1352705  1382.5800689  1408.28672998 1420.37244507
 1424.44053379 1429.22765827 1424.28373882 1433.61136472 1437.94776814
 1437.26242538 1427.07150008 1412.28060529]";2016-04-10 12:00:00;2016-07-03 12:00:00
358;13;ridge_log;0.24727000553473408;41.666666666666664;0.2104131645814254;829.4130084405864;0.2104100054250633;703.404117907684;[4191.0, 3736.0, 3758.0, 3794.0, 3324.0, 2899.0, 3266.0, 2797.0, 2774.0, 2682.0, 2297.0, 2756.0, 3284.0];"[3585.6683088  3785.67481107 3589.58799302 3507.77907573 3525.33517153
 3631.83250135 3823.4351713  3861.26667374 3778.26937252 3726.6992884
 3882.88900425 3930.85085005 3953.03606613]";2017-01-15 12:00:00;2017-04-09 12:00:00
358;13;ridge_log;0.21019991956572245;58.333333333333336;0.24249030465316684;1033.9983678770875;0.2424868800865019;865.1159624879431;[3030.0, 2654.0, 4195.0, 3482.0, 3536.0, 4566.0, 3803.0, 3717.0, 4191.0, 5120.0, 4242.0, 3688.0, 3151.0];"[2914.06185274 2933.07602712 2939.4598997  2979.53364599 3086.97809849
 2987.82347206 2902.23978295 2978.9931968  2990.34793149 3012.79784207
 3012.9190633  2976.77209687 2971.64163231]";2016-10-16 12:00:00;2017-01-08 12:00:00
290;13;ridge_log;0.07198077019288028;75.0;0.07560929523428929;667.4899614033302;0.07560877181398074;546.9658587447095;[6367.4, 6553.2, 7297.9, 6719.1, 6521.5, 7103.9, 7491.2, 7586.5, 7731.3, 8103.7, 8120.2, 7746.4, 7037.8];"[6572.73996426 6660.50539812 6679.45482532 6649.55237735 6820.53544551
 6893.63370845 6939.93222465 6950.57310867 6901.05980362 6909.95536705
 6891.92280178 6840.24548396 6782.79494335]";2016-10-23 12:00:00;2017-01-15 12:00:00
249;13;ridge_log;0.03099531738689267;91.66666666666667;0.03150171318199952;113.38151612122456;0.031501204747978434;97.69977726159134;[3313.0, 2985.9, 3006.5, 3103.5, 3176.7, 2987.3, 3043.7, 3117.2, 3250.2, 3043.4, 3042.8, 3178.3, 3348.9];"[3214.23227215 3026.18676158 3102.12185469 3183.95610872 3169.8205013
 2944.74539276 2977.89329372 3057.09702694 3128.02566612 2944.01726954
 2881.38417669 2999.98213849 3130.56988287]";2016-01-10 12:00:00;2016-04-03 12:00:00
235;13;ridge_log;0.21370615842306087;75.0;0.2511660505296955;1030.3045415041531;0.25116246716947566;893.545987988882;[4719.4, 5080.2, 4812.0, 4760.6, 4738.7, 4667.9, 4494.9, 4291.6, 4161.1, 4060.8, 3969.9, 3786.9, 3688.9];"[4789.4475685  4785.1501377  4727.82811379 4410.97560492 4042.88584954
 3691.99640645 3367.0583751  3045.5985084  2768.68865112 2551.9451703
 2457.31099378 2476.62497918 2641.38693437]";2016-01-24 12:00:00;2016-04-17 12:00:00
278;13;ridge_log;0.05542319541320426;58.333333333333336;0.0570088644579798;96.95565174400642;0.05700680161771387;78.79277353402898;[1430.464, 1457.788, 1474.69, 1287.53, 1347.974, 1450.935, 1374.087, 1482.679, 1410.885, 1346.757, 1333.491, 1342.57, 1385.312];"[1295.34511469 1284.17198947 1305.52991449 1299.05404134 1321.42781494
 1329.85511381 1358.83497895 1379.10298867 1397.62800935 1418.35670279
 1417.23440231 1419.25800494 1408.45682893]";2016-01-10 12:00:00;2016-04-03 12:00:00
291;13;ridge_log;0.10836272441149072;50.0;0.10140625180694614;2051.664506972587;0.10140597183512304;1836.8308132075063;[17618.9, 17397.7, 17308.2, 17341.1, 16890.5, 17910.6, 17573.8, 17610.4, 16916.2, 16970.8, 17256.0, 16901.0, 15827.8];"[18514.24427715 18819.12920111 18739.02629791 18532.82062038
 18530.56094963 18704.42130257 18796.85713892 18742.91913105
 18940.5497086  19438.04724812 19864.33482842 19929.72116995
 19849.16869788]";2017-07-23 12:00:00;2017-10-15 12:00:00
279;13;ridge_log;0.01863347306947795;50.0;0.01881619212398272;103.999677082185;0.01881601833073162;101.8592482317397;[5447.979, 5462.14, 5487.29, 5483.53, 5478.69, 5471.28, 5473.97, 5487.77, 5448.53, 5428.96, 5440.01, 5462.1, 5471.9];"[5395.38383791 5391.46912766 5389.98422486 5381.28047681 5372.19456655
 5371.92888969 5361.28419494 5353.44623149 5338.18429041 5338.44372124
 5337.93044554 5343.3818887  5345.0668772 ]";2016-10-09 12:00:00;2017-01-01 12:00:00
236;13;ridge_log;0.3886037177711896;58.333333333333336;0.30543613251858215;561.0334057729211;0.3054259469072759;465.42140647222817;[1070.7, 1079.0, 1034.4, 1099.3, 1055.1, 1200.8, 1155.9, 1202.1, 1206.6, 1378.2, 1438.1, 1340.1, 1262.4];"[1111.81905685 1187.94510508 1307.77866396 1454.82225413 1625.91804793
 1810.81663924 1991.7754574  2121.54865283 2166.4301223  2075.4991441
 1860.21673235 1559.43149503 1225.62308706]";2016-10-23 12:00:00;2017-01-15 12:00:00
250;13;ridge_log;0.010600308202566152;50.0;0.010591690327020774;87.01508141576453;0.010591615183374379;74.6921487487148;[6671.0, 6836.0, 6803.0, 6884.0, 6879.0, 6940.0, 7042.0, 7117.0, 7136.0, 7116.0, 7164.0, 7197.0, 7229.0];"[6718.25778068 6747.82575152 6757.28029384 6816.04946614 6892.99442395
 6988.7139737  7093.46031044 7179.22626518 7249.65288052 7269.15415074
 7251.14497507 7173.03624403 7061.41507102]";2016-10-09 12:00:00;2017-01-01 12:00:00
291;13;ridge_log;0.1284527082375394;25.0;0.13965236174574674;2801.1417109117433;0.13965197040715466;2491.966982201057;[18022.2, 18717.6, 18581.4, 18255.0, 18565.9, 19264.4, 19733.3, 19743.3, 19864.9, 19959.5, 20032.6, 18907.3, 18284.2];"[17521.46365484 17416.50094953 17507.59779251 17133.11728882
 16592.54491525 16275.34503436 16022.61217963 15883.11342077
 15779.78717825 15881.55323894 16142.39815542 16535.82732541
 16844.16809765]";2017-04-23 12:00:00;2017-07-16 12:00:00
236;13;ridge_log;0.14358398761901026;75.0;0.15160951355172003;197.50706203482616;0.15160281713384696;174.69695902673845;[1705.6, 1673.9, 1568.0, 1443.1, 1364.2, 1290.4, 1227.6, 1165.6, 1144.3, 1098.5, 1085.1, 1087.1, 1079.4];"[1689.47810604 1562.05039802 1458.2014929  1320.84679985 1189.58226873
 1060.07267488  963.6419771   898.42385872  873.79839708  894.42249071
  970.33356484 1137.76517236 1414.34732386]";2016-07-24 12:00:00;2016-10-16 12:00:00
279;13;ridge_log;0.025911602850013697;33.333333333333336;0.02632506250814525;153.48362565548808;0.026324813861690475;139.3559793080353;[5332.462, 5350.534, 5357.042, 5374.984, 5359.733, 5351.221, 5351.947, 5371.663, 5351.861, 5398.065, 5400.755, 5407.888, 5392.445];"[5312.37013819 5300.69513143 5284.55966149 5271.60021666 5248.6936494
 5230.57653187 5210.05425441 5198.63300877 5187.37987257 5178.92933411
 5177.73791393 5185.31214072 5202.43041544]";2016-07-10 12:00:00;2016-10-02 12:00:00
250;13;ridge_log;0.05533086179664782;33.333333333333336;0.05315396268839486;456.2271446711536;0.053153586593281836;375.619774412883;[6951.0, 6975.0, 6957.0, 6994.0, 6971.0, 6998.0, 6877.0, 6781.0, 6752.0, 6728.0, 6756.0, 6725.0, 6736.0];"[6975.17870974 6995.93433851 7034.01137603 7097.73419599 7165.02508088
 7240.92600367 7312.7529179  7370.10577994 7409.12319272 7424.55231123
 7412.18542516 7363.85602794 7282.67170766]";2016-07-10 12:00:00;2016-10-02 12:00:00
291;13;ridge_log;0.04271525214840776;75.0;0.04338125985115652;819.0241437120733;0.04338113037182596;727.8922149826351;[15406.2, 15994.5, 16804.2, 16659.3, 15191.9, 16058.9, 16940.9, 17341.7, 17161.9, 18233.8, 17732.5, 18089.5, 17848.5];"[16135.2911405  16326.4256078  16491.39444367 16190.44553156
 16128.81801675 16176.25888226 16260.75982001 16214.90674394
 16249.79511533 16609.48321213 17026.4335413  17234.4153289
 17187.36111568]";2017-01-22 12:00:00;2017-04-16 12:00:00
236;13;ridge_log;0.06787875330107745;66.66666666666667;0.07436533696323075;190.8349241307718;0.07436277980315517;109.19663283419125;[1118.7, 1101.0, 1208.2, 1240.7, 1340.3, 1443.5, 1557.2, 1583.1, 1586.5, 1622.4, 1658.0, 1778.5, 1719.2];"[1142.58715055 1177.27150521 1230.85590083 1293.25094061 1373.24754847
 1451.26603401 1518.67343433 1571.61076772 1588.55498903 1563.98190226
 1485.42510022 1364.27828696 1213.00835038]";2016-04-24 12:00:00;2016-07-17 12:00:00
279;13;ridge_log;0.021931185555123876;41.666666666666664;0.02225657634968112;133.6927156989368;0.02225636216012699;115.63441633506646;[5174.515, 5167.435, 5205.404, 5230.233, 5224.04, 5235.856, 5245.091, 5261.502, 5258.813, 5281.7, 5294.34, 5304.272, 5323.682];"[5179.74511342 5166.01591192 5160.78412378 5154.40854846 5142.91552278
 5125.53488246 5119.45958349 5116.66054243 5111.9702263  5103.32548748
 5101.6011203  5109.84760763 5121.82714404]";2016-04-10 12:00:00;2016-07-03 12:00:00
250;13;ridge_log;0.04342899863495084;33.333333333333336;0.041725137019000574;420.73036342758087;0.04172485287001751;306.3797904153013;[7234.0, 7277.0, 7198.0, 7165.0, 7119.0, 7130.0, 7113.0, 7118.0, 7091.0, 7066.0, 7052.0, 7020.0, 6990.0];"[7273.13138935 7233.23181217 7206.60805853 7191.40468205 7207.16581367
 7245.41453357 7311.49781758 7388.5180085  7488.73903904 7605.15751301
 7701.72293953 7784.49652112 7831.31277162]";2016-04-10 12:00:00;2016-07-03 12:00:00
291;13;ridge_log;0.040287583571296436;66.66666666666667;0.04152887348354677;845.6248473346903;0.04152874766016734;685.5417184043488;[15628.4, 15901.6, 16609.3, 15883.4, 15725.6, 16509.2, 17046.9, 17079.9, 17204.1, 17539.5, 17269.7, 17114.9, 15956.6];"[15446.5471817  15731.61635089 15871.90116748 15862.11832605
 15922.70534605 16100.3255044  16179.7914793  16118.30002332
 15997.10109121 16000.85761941 16020.92200211 15937.86320318
 15761.21905774]";2016-10-23 12:00:00;2017-01-15 12:00:00
236;13;ridge_log;0.07940387511104582;58.333333333333336;0.08170280016294004;111.59992122167829;0.08169923388326597;94.10629374756935;[1422.5, 1382.7, 1358.0, 1299.8, 1281.6, 1218.2, 1178.3, 1188.3, 1158.1, 1144.5, 1119.7, 1118.3, 1122.8];"[1411.22346024 1441.78474983 1393.64283745 1294.57338673 1170.95581488
 1111.65569241 1060.01440735 1031.3366212   987.34293955  993.24677882
 1056.33368241 1160.42643251 1315.01058251]";2016-01-24 12:00:00;2016-04-17 12:00:00
279;13;ridge_log;0.01566892412730356;50.0;0.015833517177617974;93.91654497807917;0.015833362080977926;80.82014837999802;[5085.381, 5095.427, 5100.831, 5140.176, 5150.484, 5129.7, 5143.041, 5151.693, 5156.858, 5148.767, 5162.703, 5185.148, 5189.666];"[5112.18096956 5109.09265202 5102.08206256 5105.9268139  5079.15773749
 5060.62173782 5051.38936033 5055.0147466  5052.84060681 5033.34181093
 5029.94930126 5032.6334398  5048.41520027]";2016-01-10 12:00:00;2016-04-03 12:00:00
250;13;ridge_log;0.17547386371663068;58.333333333333336;0.19569740290864143;1406.4250619323705;0.19569593034106927;1301.863855874351;[6720.0, 7492.0, 7455.0, 7470.0, 7491.0, 7479.0, 7459.0, 7483.0, 7461.0, 7426.0, 7392.0, 7320.0, 7260.0];"[6738.22267424 6664.46643602 6655.43677472 6542.03695274 6413.4342598
 6221.1727252  6035.22935196 5901.63554627 5716.82420646 5595.51476454
 5499.49294804 5493.55246679 5543.19611532]";2016-01-10 12:00:00;2016-04-03 12:00:00
292;13;ridge_log;0.14432700481786565;58.333333333333336;0.16887838100977945;582.8667113066883;0.1688744099755433;366.49523584191587;[1873.0, 1748.0, 3351.0, 2824.0, 2482.0, 1905.0, 1900.0, 1817.0, 1985.0, 1709.0, 1949.0, 1641.0, 1941.0];"[1827.34612717 1792.11759851 1778.86896152 1749.58145406 1774.53478487
 1701.81933742 1675.15495818 1744.11370647 1750.96610012 1715.76300181
 1663.01455132 1719.06616127 1726.1087145 ]";2017-07-23 12:00:00;2017-10-15 12:00:00
237;13;ridge_log;0.1943895641122548;50.0;0.239454050575884;242.49407983142302;0.23943482627665358;154.17937610130448;[430.0, 420.4, 399.8, 415.2, 435.7, 548.9, 538.0, 631.4, 714.5, 831.1, 925.2, 953.0, 917.2];"[375.40447278 393.35130133 419.13018739 460.32279448 502.2851203
 546.33066209 591.25103855 623.69970918 634.47569982 610.38168059
 548.41741906 459.45591829 360.14038828]";2016-10-23 12:00:00;2017-01-15 12:00:00
280;13;ridge_log;0.05254105359865683;58.333333333333336;0.055022280068212734;142.54119585097015;0.05502078348066583;101.15786595794647;[1756.0, 1849.0, 1859.0, 1774.0, 1799.0, 1895.0, 1793.0, 1730.0, 1815.0, 1919.0, 1963.0, 1977.0, 2010.0];"[1757.38404177 1783.26435258 1788.51533411 1781.54920474 1842.92071987
 1871.74091031 1858.75387414 1812.73826933 1805.63854646 1777.12573424
 1747.56463918 1714.10385231 1685.34048322]";2016-10-23 12:00:00;2017-01-15 12:00:00
292;13;ridge_log;0.058998787977222134;66.66666666666667;0.06004796474386536;142.2728672699451;0.06004622839557811;104.2494849002147;[1658.0, 2089.0, 1644.0, 1724.0, 1576.0, 1814.0, 1504.0, 1807.0, 1700.0, 1743.0, 1547.0, 1837.0, 1747.0];"[1595.77075477 1744.80495631 1645.705338   1671.88230473 1578.07744419
 1682.22606122 1723.81936183 1748.7372191  1709.38839594 1686.62968721
 1682.33190822 1634.12629572 1667.90186542]";2017-04-23 12:00:00;2017-07-16 12:00:00
280;13;ridge_log;0.05124182489921236;58.333333333333336;0.04993995399738001;105.41151344663169;0.04993853567564511;88.05169741206191;[1765.0, 1916.0, 1843.0, 1849.0, 1741.0, 1821.0, 1716.0, 1560.0, 1718.0, 1769.0, 1770.0, 1725.0, 1773.0];"[1881.52786092 1944.30907873 1886.18633905 1883.09600742 1880.62924202
 1889.51693567 1866.2405111  1791.7910815  1770.67385082 1735.48101874
 1709.6541266  1661.62359612 1650.54009941]";2016-07-24 12:00:00;2016-10-16 12:00:00
251;13;ridge_log;0.03278504288385234;91.66666666666667;0.033670311268590054;370.3895866407517;0.03367011549571563;289.61326143643475;[8557.6, 8835.3, 8859.0, 8662.7, 8563.5, 8897.2, 8930.5, 8826.7, 8675.2, 8886.2, 9003.2, 8917.6, 8732.1];"[8679.71140062 8901.74224663 8860.68640486 8581.46067271 8544.99865414
 8730.0035217  8750.85462145 8449.57738818 8257.82129048 8369.91101168
 8487.94954959 8285.83457147 8061.75637204]";2016-10-09 12:00:00;2017-01-01 12:00:00
237;13;ridge_log;0.06784245278062065;75.0;0.06670956467860974;35.947823367418465;0.06670093417918119;25.983820776880318;[492.6, 490.1, 476.5, 461.0, 398.9, 403.0, 399.0, 371.0, 370.7, 364.6, 356.1, 365.7, 371.6];"[501.73887883 488.56549582 473.12106705 446.80202755 410.6301813
 380.85390836 357.46762759 341.47810669 331.6356587  333.9477645
 351.40333108 396.79257705 470.70302026]";2016-07-24 12:00:00;2016-10-16 12:00:00
280;13;ridge_log;0.030637999205616367;66.66666666666667;0.030463023013053613;63.97518085695038;0.030462191840376875;55.91322373098508;[1942.0, 1928.0, 1836.0, 1740.0, 1753.0, 1877.0, 1770.0, 1701.0, 1712.0, 1803.0, 1865.0, 1754.0, 1862.0];"[2006.27621374 2006.88741025 1921.20138229 1836.75404516 1818.28653884
 1795.28184026 1764.99483251 1724.38795378 1730.70899902 1744.38321379
 1771.52236898 1799.83380138 1852.28218042]";2016-04-24 12:00:00;2016-07-17 12:00:00
292;13;ridge_log;0.0907365687055133;66.66666666666667;0.08730249046915099;177.88710208845754;0.08729988530675155;146.774061444426;[1708.0, 1544.0, 1673.0, 1493.0, 1730.0, 1571.0, 2058.0, 1674.0, 1754.0, 1491.0, 1724.0, 1439.0, 1772.0];"[1734.69625868 1734.12652084 1777.71281302 1693.93162897 1734.60639607
 1765.08745819 1769.76866705 1683.67975014 1625.30668845 1722.51562896
 1789.84779781 1772.09655307 1642.16265146]";2017-01-22 12:00:00;2017-04-16 12:00:00
280;13;ridge_log;0.1772438698777255;41.666666666666664;0.20072285343340804;398.56205458114067;0.20071701873539965;345.42514825663665;[1819.0, 1804.0, 1695.0, 1771.0, 1858.0, 2053.0, 1961.0, 1831.0, 1935.0, 1974.0, 2006.0, 1954.0, 2000.0];"[1748.97827003 1726.5670772  1677.98421525 1644.53914639 1597.89312335
 1556.56531669 1511.22997897 1470.52812084 1451.25088326 1430.93071691
 1426.86460355 1441.31435871 1485.82726151]";2016-01-24 12:00:00;2016-04-17 12:00:00
237;13;ridge_log;3.525251960850707;75.0;0.8603505212657687;2661.842651289262;0.8603219590632931;1798.8821306376433;[442.0, 431.6, 414.9, 428.2, 438.7, 485.8, 494.1, 489.2, 499.8, 496.7, 519.7, 542.0, 500.8];"[ 402.95873826  400.32366022  426.49620083  497.89218347  621.81452116
  847.07336441 1228.83771227 1894.06276428 2904.61247373 4200.81971108
 5407.5216049  5765.65437764 4830.26518302]";2016-04-24 12:00:00;2016-07-17 12:00:00
251;13;ridge_log;0.019854553170646806;100.0;0.020255364050936052;243.1719116513901;0.020255244370963064;171.4483972498153;[8420.8, 8626.8, 8591.6, 8416.3, 8427.6, 8675.1, 8669.6, 8548.5, 8404.1, 8678.5, 8833.2, 8745.9, 8522.3];"[8465.221761   8662.34003337 8590.23376116 8361.90149552 8411.43006784
 8632.98281879 8622.78687303 8343.97354223 8237.38517783 8401.12207864
 8481.58269812 8240.60616848 8039.82794847]";2016-07-10 12:00:00;2016-10-02 12:00:00
281;13;ridge_log;0.04675362414001424;41.666666666666664;0.04521772951291559;119.39833843929948;0.04521669413803452;98.74273017728875;[2144.366551, 2155.275445, 2134.710461, 2155.964119, 2136.584281, 2111.357748, 2151.224229, 2102.505934, 2097.694159, 2081.464003, 2116.373998, 2109.410461, 2135.181639];"[2122.67664548 2140.93754044 2164.52183083 2170.53760283 2172.37208968
 2198.17341337 2240.69860951 2264.45619401 2266.44885938 2273.35743568
 2288.96312315 2285.76765723 2254.80189857]";2016-10-23 12:00:00;2017-01-15 12:00:00
292;13;ridge_log;0.07695177440354593;41.666666666666664;0.07600557033532475;145.26063855848489;0.07600333171817114;129.39270425143758;[1595.0, 1981.0, 1644.0, 1810.0, 1609.0, 1858.0, 1517.0, 1741.0, 1531.0, 1811.0, 1758.0, 1893.0, 1491.0];"[1696.98415567 1810.87400426 1756.0796176  1734.28168194 1730.15511868
 1767.45999774 1726.78044868 1705.56310832 1719.98263351 1707.47039417
 1729.16111858 1634.10675723 1676.04024337]";2016-10-23 12:00:00;2017-01-15 12:00:00
237;13;ridge_log;0.4758866685513526;75.0;0.7102925065685203;344.02963383293394;0.7102016789649848;302.9288992341917;[907.6, 903.4, 907.2, 872.8, 853.7, 812.4, 745.7, 724.9, 610.4, 567.7, 520.4, 475.7, 444.3];"[995.35663569 978.96367656 888.30291956 723.01052577 547.42951151
 403.49492485 290.46662579 205.62201239 148.81903349 118.31397049
 111.56595175 130.33771677 193.08142983]";2016-01-24 12:00:00;2016-04-17 12:00:00
281;13;ridge_log;0.02562882078078669;58.333333333333336;0.025238315465370476;61.56863464659176;0.025237746945614682;56.028337033494395;[2216.598643, 2220.031451, 2212.909904, 2225.02954, 2174.104513, 2178.80786, 2200.123093, 2185.990332, 2158.927647, 2133.135815, 2160.368445, 2166.920208, 2146.132518];"[2275.41335342 2285.70076928 2287.3629143  2275.11222324 2263.6013637
 2265.90651783 2262.62373943 2245.03020783 2223.6510314  2205.80109946
 2190.25671725 2171.85928029 2155.129133  ]";2016-07-24 12:00:00;2016-10-16 12:00:00
251;13;ridge_log;0.02516467378303093;83.33333333333333;0.025771548632877093;292.7374619501717;0.025771391638300698;211.58752988059643;[8394.1, 8576.5, 8524.0, 8255.8, 8219.2, 8462.2, 8463.1, 8322.3, 8225.1, 8519.5, 8585.4, 8449.5, 8272.0];"[8460.85733633 8599.60709818 8490.09389581 8264.88365618 8311.59981238
 8466.83934966 8384.10837308 8082.22285263 7985.42301126 8111.3882789
 8130.27801215 7882.78665789 7739.94828255]";2016-04-10 12:00:00;2016-07-03 12:00:00
293;13;ridge_log;0.24408017252171127;66.66666666666667;0.21078264205210206;325.8240286017471;0.21077508211381807;294.4632490639732;[1255.8, 1480.5, 1196.1, 1618.8, 1318.5, 1427.8, 1197.9, 1301.9, 996.0, 1153.8, 1343.5, 1270.2, 1210.1];"[1523.60672271 1593.50761765 1579.69173033 1592.80199819 1596.62434838
 1610.00515097 1619.09261295 1597.5969938  1589.05723062 1577.16837878
 1579.22348745 1553.25175712 1535.29820525]";2017-07-23 12:00:00;2017-10-15 12:00:00
281;13;ridge_log;0.02206960699057148;66.66666666666667;0.02225767068461457;59.61664224833999;0.022257172260656207;49.708160945475285;[2262.1146, 2254.15042, 2256.725133, 2250.48081, 2246.148299, 2238.065547, 2243.420176, 2223.636593, 2206.576469, 2221.913881, 2255.223099, 2264.501759, 2272.475569];"[2310.57737239 2319.96829664 2311.20326295 2287.62711059 2252.4925758
 2233.22210452 2226.82049241 2203.40340995 2173.2203621  2160.48331337
 2161.15652233 2163.38471546 2170.16543694]";2016-04-24 12:00:00;2016-07-17 12:00:00
238;13;ridge_log;0.14411840885568244;66.66666666666667;0.13082640134423398;837.024960633057;0.13082508253671063;657.0113377981313;[3696.0, 3792.0, 3780.0, 3928.0, 3927.0, 4330.0, 4349.0, 4500.0, 4765.0, 5057.0, 5945.0, 5664.0, 5722.0];"[3734.42569029 3834.69724282 4035.04902054 4338.3878155  4689.64038056
 5122.36659158 5553.84878343 5945.3526515  6196.8136225  6258.50914244
 6061.56324523 5605.72713642 4940.77965859]";2016-10-23 12:00:00;2017-01-15 12:00:00
293;13;ridge_log;0.09500715095376742;25.0;0.10145465016519359;185.0426398481386;0.1014512921879863;153.8818679144323;[1705.1, 1904.2, 1516.6, 1438.1, 1541.0, 1536.9, 1553.0, 1462.8, 1551.5, 1460.2, 1632.1, 1452.3, 1520.8];"[1506.08687801 1488.00521731 1561.96592711 1452.78333543 1415.4793243
 1423.91216504 1405.54220527 1374.04987777 1356.04528483 1361.30296087
 1334.67453418 1354.39680693 1359.98972514]";2017-04-23 12:00:00;2017-07-16 12:00:00
281;13;ridge_log;0.13419401078282095;41.666666666666664;0.14860320142219663;366.93300564500805;0.1485995890396288;305.8694352535648;[2202.496997, 2238.050405, 2254.949261, 2261.85342, 2252.003566, 2273.44867, 2266.749483, 2269.166461, 2254.732743, 2245.067913, 2297.067036, 2319.072462, 2311.912037];"[2236.72711657 2232.69966464 2199.87305925 2144.83020798 2084.11467823
 2013.53697256 1939.27547502 1861.84309893 1797.02587165 1757.48728243
 1738.61439693 1744.59911411 1788.10109652]";2016-01-24 12:00:00;2016-04-17 12:00:00
251;13;ridge_log;0.02255398286835317;83.33333333333333;0.02294402623600759;242.90629472561767;0.022943885517552744;187.08316486765105;[8069.9, 8376.9, 8317.6, 8135.0, 8104.8, 8309.8, 8324.1, 8237.2, 8135.9, 8445.7, 8475.6, 8354.9, 8231.4];"[8264.04828787 8413.10602067 8313.56386952 8062.65177694 8119.41975337
 8300.26235994 8252.05754061 7969.02670876 7901.99919733 8080.44409348
 8157.94748039 7937.85138714 7804.2885045 ]";2016-01-10 12:00:00;2016-04-03 12:00:00
282;13;ridge_log;0.04546480568477632;50.0;0.04667682583072122;18.623697013995347;0.04666965055044944;15.188983144318788;[338.554154, 335.62152, 339.293614, 334.767926, 346.838264, 348.526527, 321.768721, 345.408096, 330.985181, 329.278867, 317.836472, 335.474349, 303.970852];"[342.23311343 338.72915682 336.85172878 332.28968878 326.24081753
 319.67708512 314.67419186 310.05355422 307.43453902 307.42431984
 309.89137017 315.98778419 324.98809915]";2016-10-23 12:00:00;2017-01-15 12:00:00
238;13;ridge_log;0.11025125305226097;58.333333333333336;0.1108683932072421;500.0591260828709;0.11086703351328514;466.8229101291209;[4952.0, 4912.0, 4918.0, 4821.0, 4830.0, 4640.0, 4065.0, 3833.0, 3746.0, 3712.0, 3726.0, 3755.0, 3766.0];"[5302.99331002 5427.10617898 5521.42505091 5394.12559681 5271.06989576
 4973.65928882 4652.55747178 4250.39657016 3870.26822247 3524.24509449
 3249.7641537  3069.52199933 2993.37250652]";2016-07-24 12:00:00;2016-10-16 12:00:00
293;13;ridge_log;0.08280999845819795;66.66666666666667;0.0859915860587937;175.439187171051;0.08598863978716853;126.02009935486142;[1379.8, 1461.9, 1434.3, 1344.8, 1222.9, 1416.5, 1742.6, 1284.8, 1293.9, 1734.9, 1271.4, 1577.8, 1537.2];"[1526.11877083 1478.34283365 1466.76923677 1429.02378714 1387.22842549
 1390.4841581  1348.93221174 1306.99982769 1316.61676673 1359.10173893
 1390.60436787 1417.83433005 1462.29028575]";2017-01-22 12:00:00;2017-04-16 12:00:00
282;13;ridge_log;0.06309128683428061;50.0;0.06589917120504347;27.4718365682929;0.06588896617816006;21.277699392936935;[325.816364, 318.168071, 312.133536, 336.84593, 332.494898, 325.54018, 328.929647, 337.882928, 342.315713, 340.480125, 344.060925, 342.651392, 343.591202];"[333.00758462 334.73666906 334.18202917 335.94471538 335.47623709
 331.59535125 327.49651844 322.35214403 314.53967654 307.01889579
 300.69984471 294.91905606 292.02174114]";2016-07-24 12:00:00;2016-10-16 12:00:00
252;13;ridge_log;0.038190993015432356;83.33333333333333;0.03924105594569783;572.2384624939023;0.039240896608317206;483.21892401155617;[12389.0, 12551.0, 12538.0, 12445.0, 12427.0, 12637.0, 12671.0, 12626.0, 12568.0, 12702.0, 12742.0, 12726.0, 12679.0];"[12405.82570091 12475.56183854 12406.23692917 12263.95813086
 12191.41848059 12226.64370778 12117.63807873 11962.23336612
 11838.9799159  11886.9133914  11910.29157926 11882.41072063
 11884.69354978]";2016-10-09 12:00:00;2017-01-01 12:00:00
238;13;ridge_log;0.668393350580099;50.0;0.4561357064679553;3855.8755094619632;0.4561323028488908;3152.800945981822;[5047.0, 5227.0, 4477.0, 4382.0, 4351.0, 4251.0, 4277.0, 4215.0, 4409.0, 4974.0, 5108.0, 5187.0, 5004.0];"[ 5140.24840389  5091.04856631  5206.77229045  5485.12740853
  5879.08239427  6501.48122282  7300.18075153  8265.06323901
  9308.17936529 10313.55882121 11030.77120781 11273.15063343
 10828.84512583]";2016-04-24 12:00:00;2016-07-17 12:00:00
282;13;ridge_log;0.020760189403013145;58.333333333333336;0.021099857661547615;8.403463109039238;0.02109653865718921;6.708138085041207;[332.879475, 325.462935, 328.323934, 320.014787, 326.237463, 323.437475, 306.161411, 317.807779, 319.419828, 318.387551, 319.783338, 332.407648, 329.944078];"[329.93164542 328.13209833 325.12950796 319.77054569 314.86323971
 310.81264762 306.6887512  305.33314414 306.14730148 308.62967195
 313.46874883 320.74426404 329.80334759]";2016-04-24 12:00:00;2016-07-17 12:00:00
293;13;ridge_log;0.2554676874846296;41.666666666666664;0.22115985180348516;391.71630626241335;0.22115299704955277;359.4856748035833;[1207.1, 1182.6, 1633.2, 1369.2, 1279.8, 1462.8, 1484.4, 1460.4, 1566.9, 1872.4, 1671.4, 1450.8, 1570.3];"[1585.62655871 1592.46963944 1683.38287463 1768.64413796 1873.96090465
 1955.71395957 1950.11953983 1976.69912509 1994.40965295 1989.10721337
 1906.40713452 1839.31096974 1768.76206197]";2016-10-23 12:00:00;2017-01-15 12:00:00
294;13;ridge_log;0.23441334603582323;41.666666666666664;0.2741521863293123;852.7949722762947;0.2741472312186884;759.8200693472595;[3090.0, 3218.0, 3071.0, 3054.0, 3124.0, 3185.0, 3205.0, 3158.0, 3235.0, 3157.0, 3002.0, 3736.0, 3258.0];"[2962.7077185  2903.10192921 2764.16676322 2636.79930877 2528.72161768
 2434.37700745 2335.88567433 2256.59910876 2205.00348112 2162.04295879
 2134.69534954 2130.0426401  2161.19554102]";2017-07-16 12:00:00;2017-10-08 12:00:00
294;13;ridge_log;0.07565733443272084;50.0;0.0780440039828202;269.40020396954117;0.07804247058086364;199.14055117846522;[2259.0, 2358.0, 2354.0, 2262.0, 2308.0, 2358.0, 2375.0, 2366.0, 2505.0, 2650.0, 2825.0, 2876.0, 2979.0];"[2287.17665998 2377.01389181 2658.85931401 2282.30074754 2162.25007888
 2628.07304529 2494.65166914 2505.50091823 2563.72769044 2469.59594694
 2546.41131865 2568.26439586 2262.9550308 ]";2017-04-16 12:00:00;2017-07-09 12:00:00
294;13;ridge_log;1.0526374759696902;33.333333333333336;0.6653010310623322;2538.122664930495;0.6652918012651057;2432.1579175558677;[2796.0, 2569.0, 2884.0, 2857.0, 2698.0, 2604.0, 2507.0, 2294.0, 1457.0, 2277.0, 2239.0, 2193.0, 2225.0];"[3841.19443933 4902.92694645 4518.19741192 4725.32202682 4901.44610707
 6557.0241502  6002.70400711 4430.36865922 4488.64781289 4763.55160772
 4778.54587661 4655.71383538 4652.41004751]";2017-01-15 12:00:00;2017-04-09 12:00:00
282;13;ridge_log;0.08958939062962554;58.333333333333336;0.08546520156865715;30.507071077399996;0.08545270580847276;29.252316924999477;[314.415903, 309.898505, 318.283189, 317.5496, 318.724534, 323.48587, 336.174777, 330.290369, 336.235897, 335.177677, 327.896184, 327.685618, 331.320799];"[328.43562029 331.36985682 336.40525371 340.89071234 346.98090782
 353.92357413 360.22460661 366.08390087 370.09629788 372.79615363
 372.50763441 368.03671911 359.66780441]";2016-01-24 12:00:00;2016-04-17 12:00:00
294;13;ridge_log;0.2793838934190808;58.333333333333336;0.32297819120828153;1762.6676691947755;0.32297458923616335;1477.930588482771;[3682.0, 3900.0, 3512.0, 4885.0, 5262.0, 6739.0, 5330.0, 5528.0, 5625.0, 6648.0, 6499.0, 3056.0, 2961.0];"[3788.26653456 3748.47451219 3340.95833852 3347.34965412 3047.5919354
 3222.69046981 3742.27518824 3961.3783574  3870.60467616 4259.58852311
 4282.95894949 4160.36073819 3859.34098197]";2016-10-16 12:00:00;2017-01-08 12:00:00
295;13;ridge_log;0.13025826012359817;75.0;0.13040399612739206;451.9794529698378;0.13040163120677298;365.01962111275736;[3427.0, 2655.0, 2957.0, 3214.0, 2609.0, 1843.0, 2775.0, 3629.0, 3045.0, 2894.0, 2500.0, 3242.0, 3062.0];"[2987.02457347 2583.45984328 2683.2492138  2984.85945915 2830.99627465
 2686.13377569 2527.61828696 2661.08484672 2865.9570294  2695.30766324
 2620.94141165 2639.07608872 2713.17938278]";2017-07-16 12:00:00;2017-10-08 12:00:00
295;13;ridge_log;0.11578073734148511;41.666666666666664;0.11097570475415397;386.49378480071505;0.11097368306677062;307.76055705115266;[2406.0, 2123.0, 2959.0, 2954.0, 2785.0, 2333.0, 2379.0, 3319.0, 2838.0, 2816.0, 2500.0, 2714.0, 3629.0];"[2659.11606047 2751.84530823 3092.04326393 3025.28908874 2847.37116206
 2889.09108919 2693.52314451 2903.49437845 2943.0616928  2839.16128745
 2956.3726074  2910.3179614  2843.81104607]";2017-04-16 12:00:00;2017-07-09 12:00:00
295;13;ridge_log;0.16458100159840816;33.333333333333336;0.14582934462563996;529.0312553094367;0.14582681966574718;423.38583401708735;[3304.0, 2804.0, 2701.0, 3612.0, 2872.0, 2655.0, 3172.0, 3191.0, 2396.0, 2585.0, 2038.0, 2844.0, 3265.0];"[3135.30639254 3271.31509289 3015.91123041 3073.03248242 3226.9430802
 3325.05745364 3225.79240818 3149.84629335 3164.66808502 3192.53969296
 3208.12874637 3145.71841131 3218.87319045]";2017-01-15 12:00:00;2017-04-09 12:00:00
295;13;ridge_log;0.1456891764083741;66.66666666666667;0.15576809099515698;536.1945803216188;0.1557655283282515;476.01132287943824;[2349.0, 2533.0, 3514.0, 2986.0, 3053.0, 3626.0, 3264.0, 3513.0, 3356.0, 3800.0, 3285.0, 3088.0, 2698.0];"[2740.21973148 2881.51844462 2886.88090351 2800.78334061 2806.37437737
 2796.09476796 2820.28608223 2816.76558988 2795.27402723 2814.25625129
 2809.24012525 2809.11102488 2816.47551154]";2016-10-16 12:00:00;2017-01-08 12:00:00
252;13;ridge_log;0.02175514947878487;83.33333333333333;0.022104291907093534;322.9647717389348;0.02210420068606587;267.81469085990295;[12143.0, 12187.0, 12175.0, 12125.0, 12168.0, 12309.0, 12311.0, 12258.0, 12208.0, 12385.0, 12401.0, 12375.0, 12311.0];"[12106.13395314 12185.9510293  12138.67614378 12024.8235834
 12015.78185951 12089.59387373 12029.42308167 11909.39718718
 11826.13013111 11900.77364627 11932.54171977 11880.89063133
 11834.29217863]";2016-07-10 12:00:00;2016-10-02 12:00:00
238;13;ridge_log;0.35821635668252977;58.333333333333336;0.4786032018518801;2529.6363570693857;0.47859781807536395;2179.6071092606576;[6868.0, 6874.0, 6883.0, 6824.0, 6778.0, 7389.0, 6535.0, 6368.0, 6093.0, 5785.0, 5556.0, 5471.0, 5261.0];"[6991.20772506 6946.75819886 6468.75490745 5858.06972579 5080.3141905
 4358.59638645 3634.75414832 3058.05934235 2630.59257814 2356.80672941
 2264.81945013 2368.81707697 2724.48896803]";2016-01-24 12:00:00;2016-04-17 12:00:00
296;13;ridge_log;0.12266861695649181;58.333333333333336;0.12766413497964083;721.2550811662489;0.12766273067362366;588.688822728839;[5520.0, 4651.0, 4787.0, 5396.0, 4341.0, 3130.0, 4231.0, 4702.0, 5425.0, 4859.0, 4622.0, 5740.0, 5070.0];"[4435.09368833 4835.43450409 5132.33549019 4478.09276196 4278.61716525
 4110.95936366 4061.01601838 4762.91847738 4479.70115243 3828.60841573
 4557.81688762 4822.76781767 4180.97923247]";2017-07-16 12:00:00;2017-10-08 12:00:00
283;13;ridge_log;0.046134448755821095;41.666666666666664;0.046439454442481036;29.112344417650785;0.04643532131997658;26.120303174712056;[572.83, 578.84, 601.86, 577.06, 575.18, 583.88, 583.42, 586.89, 590.86, 592.64, 588.47, 514.43, 504.2];"[566.70227592 565.88178345 562.9899399  565.14068757 563.69729322
 564.06497902 563.32414869 562.41159877 557.0795252  554.0161802
 552.1656259  551.53783206 552.20014706]";2016-11-27 12:00:00;2017-02-19 12:00:00
296;13;ridge_log;0.20369847933639176;75.0;0.1787812366147808;936.684749815598;0.17877925907519227;817.9903377926961;[4649.0, 2911.0, 4187.0, 5244.0, 4313.0, 3916.0, 3827.0, 4022.0, 4844.0, 4698.0, 4213.0, 5837.0, 5782.0];"[4994.85637503 4643.45286121 5517.07405882 5526.74584348 4987.2645042
 5193.07115398 5059.32009771 5004.63946991 5259.21490865 4869.01059177
 5115.86187743 5294.98231649 5036.65503441]";2017-04-16 12:00:00;2017-07-09 12:00:00
296;13;ridge_log;0.3287090903250097;50.0;0.2653899304860747;1758.7045772957142;0.26538757954928244;1503.7322529631924;[4960.0, 5075.0, 4989.0, 6384.0, 5206.0, 3884.0, 5297.0, 6116.0, 4509.0, 4732.0, 3777.0, 4981.0, 5828.0];"[6188.93708823 6983.59000343 6005.24537737 6113.50176795 7168.40253605
 7349.10036537 6852.80758995 6233.36903801 6344.93836191 6784.84775304
 6402.5374352  5879.06045696 6439.18505093]";2017-01-15 12:00:00;2017-04-09 12:00:00
296;13;ridge_log;0.19501784858574853;66.66666666666667;0.22114973174227368;1648.0295782853204;0.22114788029149646;1335.2620756708259;[4534.0, 4981.0, 6150.0, 5382.0, 6693.0, 8786.0, 6971.0, 6448.0, 6566.0, 7579.0, 7238.0, 5391.0, 4368.0];"[4932.18786226 5288.69941207 5263.34384297 4996.64545125 5061.88659891
 5113.47264891 5185.34344472 5180.98801192 5058.38134732 5120.26479272
 5175.77074581 5129.35299162 5101.96958554]";2016-10-16 12:00:00;2017-01-08 12:00:00
297;13;ridge_log;0.17128939962447187;91.66666666666667;0.1750991239498341;656.9671517720238;0.1750963065851159;556.8015469837036;[3806.0, 2828.0, 3516.0, 3576.0, 2979.0, 1842.0, 3514.0, 4137.0, 3570.0, 3348.0, 3245.0, 4174.0, 3695.0];"[3143.48849258 2914.81980917 3250.03364114 3389.63237604 3039.0519194
 2867.61922014 2924.8356339  3113.50519044 3078.89478415 2816.87316794
 2816.00535847 2984.72426903 2997.07792423]";2017-07-16 12:00:00;2017-10-08 12:00:00
283;13;ridge_log;0.014621299271361361;41.666666666666664;0.014558027128586278;9.119344314570023;0.014556726716423472;8.14876817447764;[565.68, 566.31, 567.68, 568.25, 544.81, 551.23, 550.18, 550.83, 551.52, 572.83, 569.2, 569.05, 567.78];"[558.54460211 560.56101009 560.38253663 560.58122033 558.47928236
 559.40371889 562.32888261 565.03626599 564.98825434 564.08853668
 565.2176274  566.33006167 566.806823  ]";2016-08-28 12:00:00;2016-11-20 12:00:00
297;13;ridge_log;0.24037465951529363;25.0;0.2029107697051606;838.1472404802772;0.20290772968778092;680.7738614272578;[2921.0, 2459.0, 3048.0, 3418.0, 2986.0, 2715.0, 2762.0, 3821.0, 2808.0, 2853.0, 2658.0, 3434.0, 3893.0];"[2997.64457802 3006.99449056 3514.30303077 3474.655504   3619.03547737
 3756.41065986 3888.91216647 3974.57412146 4173.27209131 4033.59290773
 4121.14770258 4082.09632109 3983.42114733]";2017-04-16 12:00:00;2017-07-09 12:00:00
297;13;ridge_log;0.35226578071770187;41.666666666666664;0.27992760778894177;1341.3218792509165;0.27992416572452883;1143.4964235603202;[4952.0, 4025.0, 3988.0, 5023.0, 4023.0, 3548.0, 4344.0, 4251.0, 3130.0, 3264.0, 2544.0, 2957.0, 2968.0];"[4528.83191806 4753.61263436 4351.4647371  4260.4659809  4676.9675566
 5025.57665201 4867.81700962 4549.45424812 4777.74170134 5186.32843407
 5029.50441205 4726.02544229 4777.25857768]";2017-01-15 12:00:00;2017-04-09 12:00:00
297;13;ridge_log;0.2533340502888017;58.333333333333336;0.29781485185724277;1509.0085159745486;0.2978113920062017;1290.4890015846483;[3332.0, 3388.0, 4490.0, 4423.0, 4966.0, 6060.0, 5425.0, 5047.0, 5228.0, 5766.0, 5504.0, 3936.0, 3652.0];"[3385.02522123 4198.55318083 3924.75324734 3338.02218399 3183.65661095
 3608.5901586  3707.2828028  3494.53082205 3221.33967402 3411.45663757
 3734.44031127 3618.39592194 3341.75301091]";2016-10-16 12:00:00;2017-01-08 12:00:00
298;13;ridge_log;0.14396042405795784;83.33333333333333;0.15130803151619507;548.7524198011747;0.15130554866065432;466.24606839819745;[3952.0, 3296.0, 3338.0, 3522.0, 3138.0, 2128.0, 2955.0, 3950.0, 3260.0, 3003.0, 2981.0, 3182.0, 3275.0];"[3147.61395393 2857.16611786 2951.89118655 2975.88815859 2969.61998713
 2834.73348905 2691.64515084 2732.57764719 2938.64275624 2886.0981022
 2759.7182842  2790.51800097 2796.15525419]";2017-07-16 12:00:00;2017-10-08 12:00:00
298;13;ridge_log;0.15943923142052188;33.333333333333336;0.14842115634954392;507.54430486766023;0.1484186336558588;440.3385284022924;[2520.0, 2157.0, 2972.0, 3097.0, 2901.0, 2590.0, 2676.0, 3139.0, 2741.0, 2975.0, 2598.0, 2895.0, 3997.0];"[3085.85462824 2959.29561379 3178.89484886 3194.71344497 3281.42308954
 3264.90895186 2994.92654193 2970.88482547 3192.3734227  3177.05273254
 3241.98570676 3177.80849679 3067.95178328]";2017-04-16 12:00:00;2017-07-09 12:00:00
252;13;ridge_log;0.04834538860934283;66.66666666666667;0.05032855813735274;744.842693952525;0.050328341220754774;583.9143270685831;[12022.0, 12090.0, 12040.0, 11933.0, 11958.0, 12093.0, 12091.0, 12018.0, 12005.0, 12157.0, 12155.0, 12104.0, 12016.0];"[12019.60395303 12085.24186026 12023.76271298 11847.16184869
 11728.47431291 11688.11720688 11490.16661721 11250.1236129
 11052.63838985 11022.74755544 10981.99204045 10939.28225654
 10961.80138096]";2016-04-10 12:00:00;2016-07-03 12:00:00
239;13;ridge_log;0.14711602127895576;41.666666666666664;0.17339839664954215;772.6669682443123;0.17339554154202919;527.4188816957599;[2586.5, 2560.4, 2776.9, 2698.6, 3157.7, 2938.2, 3040.8, 3197.8, 3367.8, 3726.5, 3724.0, 3796.8, 3728.7];"[2553.57963581 2625.37590587 2704.76341017 2790.96295806 2864.27959374
 2906.254336   2931.09453971 2896.23143499 2824.21389205 2689.8426548
 2521.49226617 2326.99422776 2123.84741068]";2016-10-30 12:00:00;2017-01-22 12:00:00
298;13;ridge_log;0.255504400381722;58.333333333333336;0.21525373916085966;816.7644332605881;0.2152504631199657;710.8959230318796;[3042.0, 3350.0, 3480.0, 4120.0, 3248.0, 2799.0, 3448.0, 3396.0, 2719.0, 2659.0, 2125.0, 2764.0, 3408.0];"[3760.69271152 3786.7416216  3762.91514281 3767.56714892 3785.90381766
 3790.30984169 3791.52133211 3778.14775517 3770.82615519 3774.40959851
 3774.37163262 3771.90202043 3779.47251904]";2017-01-15 12:00:00;2017-04-09 12:00:00
283;13;ridge_log;0.055640038243597055;50.0;0.05755493588872715;34.22527387520364;0.05754964970408774;31.334675197223177;[556.07, 559.68, 561.62, 565.69, 561.25, 573.4, 566.31, 558.97, 555.67, 565.31, 568.06, 560.16, 558.43];"[549.75605662 544.55382345 544.06739096 542.42953416 538.60711772
 534.64350259 531.05675411 530.0482213  527.15008602 525.21629244
 516.19195845 510.92996892 508.6185157 ]";2016-05-29 12:00:00;2016-08-21 12:00:00
298;13;ridge_log;0.1437498672808159;41.666666666666664;0.15214240659301403;630.9069425030899;0.1521402435042943;539.1225394496183;[2901.0, 2738.0, 3767.0, 3440.0, 3756.0, 4636.0, 3869.0, 3658.0, 3865.0, 4257.0, 4005.0, 3306.0, 2893.0];"[3267.62844663 3299.73033919 3300.72191615 3287.67317174 3287.88899617
 3282.20540733 3285.82825668 3290.02448783 3281.81361867 3285.50460264
 3286.2540602  3285.41186536 3287.56060977]";2016-10-16 12:00:00;2017-01-08 12:00:00
299;13;ridge_log;0.15183201889323622;50.0;0.15881006077290438;346.0319834329691;0.15880549259976107;280.2456106939535;[2374.0, 1834.0, 1881.0, 1979.0, 1699.0, 1155.0, 1765.0, 2300.0, 1820.0, 1777.0, 1643.0, 1919.0, 1892.0];"[1790.56397445 1737.59360644 1721.39945937 1678.65556537 1694.20314855
 1638.12925559 1627.61196706 1579.88902051 1634.09228256 1582.98414461
 1558.79890712 1585.13142374 1532.01281679]";2017-07-16 12:00:00;2017-10-08 12:00:00
299;13;ridge_log;0.20603860515968442;58.333333333333336;0.18167111335307;370.992016290697;0.18166597700128226;322.8656773999425;[1670.0, 1453.0, 1678.0, 1656.0, 1540.0, 1459.0, 1304.0, 1661.0, 1603.0, 1751.0, 1569.0, 1726.0, 2086.0];"[1611.80518605 1567.19345378 2060.78740187 1909.51600021 1840.71840686
 2120.13839064 1887.53572864 1782.90273057 2152.5856151  1937.56098133
 1884.16936338 2157.21657378 1847.26565392]";2017-04-16 12:00:00;2017-07-09 12:00:00
299;13;ridge_log;0.37240511210120647;75.0;0.30530642216631976;663.6814036916948;0.3052988471410774;621.8131703644542;[2599.0, 2061.0, 1797.0, 2202.0, 1828.0, 1659.0, 2024.0, 1815.0, 1458.0, 1538.0, 1250.0, 1485.0, 2018.0];"[2167.85052173 2680.24380698 2399.13332026 2280.18016459 2703.65170128
 2277.01080001 2533.66110789 2472.12810592 2207.01477564 2326.13553111
 2220.28146976 2324.60156622 2363.3793868 ]";2017-01-15 12:00:00;2017-04-09 12:00:00
299;13;ridge_log;0.18789435339622917;75.0;0.2155579290328588;623.6065213760402;0.2155530623819268;482.8490318562885;[1799.0, 1653.0, 2238.0, 2018.0, 2528.0, 3361.0, 2196.0, 2428.0, 2413.0, 2699.0, 2769.0, 1964.0, 1951.0];"[1745.04361831 1897.84145871 1956.66881884 1824.61156966 1930.26628346
 1868.82586031 1824.18748695 1902.97367779 1876.8881305  1831.16909653
 1865.81655273 1865.18177    1840.17117951]";2016-10-16 12:00:00;2017-01-08 12:00:00
283;13;ridge_log;0.2625152367763963;50.0;0.22355370750303413;159.45395027291417;0.22353555646254478;137.9073880290798;[538.45, 539.69, 548.02, 532.49, 533.79, 524.57, 520.79, 510.26, 509.59, 515.48, 514.5, 551.73, 550.35];"[544.37828704 563.4626667  580.42237349 596.77078943 625.50997527
 659.22502597 695.27695301 714.67496835 723.35335261 724.34520608
 749.15391965 758.34915776 747.583369  ]";2016-02-28 12:00:00;2016-05-22 12:00:00
239;13;ridge_log;0.06289068898656348;58.333333333333336;0.060402976011497064;174.94722704620338;0.06040179375936831;154.4388916678428;[2706.6, 2755.1, 2661.2, 2669.8, 2598.9, 2461.0, 2416.8, 2391.4, 2346.1, 2363.7, 2448.9, 2465.1, 2549.5];"[2740.49675954 2772.17223444 2798.53904145 2741.52733124 2722.59464844
 2676.5826644  2682.12699203 2636.81558873 2609.71901241 2599.32752056
 2596.49741493 2620.35231431 2645.05406919]";2016-07-31 12:00:00;2016-10-23 12:00:00
252;13;ridge_log;0.03590252325639647;66.66666666666667;0.03696682633556188;538.1254568190299;0.03696666532544104;424.37183962243677;[11546.0, 11631.0, 11614.0, 11528.0, 11569.0, 11697.0, 11760.0, 11720.0, 11687.0, 11892.0, 11913.0, 11915.0, 11894.0];"[11559.24045511 11610.47745854 11556.48551355 11439.14626362
 11409.64765282 11442.42493107 11333.46174902 11189.61339942
 11085.82618498 11112.54692978 11092.32178462 11033.5524903
 11010.9021823 ]";2016-01-10 12:00:00;2016-04-03 12:00:00
284;13;ridge_log;0.025649527630218334;66.66666666666667;0.02620581643628999;23.97533567956893;0.026203955238137414;18.44957978726134;[692.124, 687.527, 691.085, 705.06, 706.426, 697.053, 691.771, 695.644, 716.192, 722.715, 721.569, 721.882, 739.725];"[695.65538767 691.26270998 691.6965648  694.07718867 690.82804184
 688.54708955 688.00393884 684.93328071 687.47463042 685.80440906
 686.97271287 688.54301115 690.88682212]";2016-11-27 12:00:00;2017-02-19 12:00:00
239;13;ridge_log;0.4299002363757423;50.0;0.3226578698369059;1510.0840337705936;0.32265343420044545;1189.1637026580788;[2794.0, 2727.1, 2707.6, 2743.6, 2635.7, 2694.6, 2643.0, 2753.8, 2748.1, 2679.7, 3030.9, 2810.7, 2725.2];"[2797.23564057 2785.36427875 2863.09566615 2974.7390738  3183.45713985
 3417.89275244 3753.1307114  4141.53414775 4558.21260121 4953.52224389
 5230.62162482 5332.79037964 5161.53187427]";2016-05-01 12:00:00;2016-07-24 12:00:00
253;13;ridge_log;0.024421501302819178;91.66666666666667;0.024831665413551654;171.66633006168388;0.024831456139553763;147.33708136928055;[5953.6, 5901.6, 5905.5, 6044.6, 6050.7, 5968.3, 5881.8, 6015.5, 6050.5, 6027.0, 5981.2, 6126.6, 6147.7];"[5941.07321613 5827.70677756 5867.79991995 5977.77574581 5935.53465316
 5811.34680672 5771.34302954 5879.80729209 5889.8443396  5791.90432102
 5718.76166749 5813.93379352 5912.38637961]";2005-12-25 12:00:00;2006-03-19 12:00:00
284;13;ridge_log;8.527371235340755;58.333333333333336;1.2251943951482895;7912.209617571658;1.2251742618790435;5933.713897748259;[687.294, 680.236, 681.891, 692.641, 698.073, 693.054, 668.283, 699.396, 717.748, 679.468, 705.59, 691.717, 698.296];"[  584.9906397    764.95010337  1105.93866536  1486.6793477
  1979.18508517  3308.2222876   5630.75097768  9434.97023908
 12593.78180232 14354.40133044 14564.45044681 12068.06034886
  8050.97967606]";2016-08-28 12:00:00;2016-11-20 12:00:00
284;13;ridge_log;1.5134474573951104;33.333333333333336;0.5301485231476731;1656.0391748670597;0.5301356296443288;1106.1135189057477;[3662.901, 3672.638, 3697.302, 3719.624, 3740.766, 3749.499, 3770.942, 3787.893, 697.16, 685.128, 686.992, 667.622, 694.638];"[3692.75286658 3687.38458104 3668.61023796 3645.61363991 3608.81809825
 3558.82749031 3502.90141039 3450.61877318 3407.61011943 3364.58308706
 3332.11163355 3314.13310898 3317.34299911]";2016-05-29 12:00:00;2016-08-21 12:00:00
239;13;ridge_log;0.1234116717281702;58.333333333333336;0.13495736724333027;471.6256231318835;0.1349550413826105;393.93082826019224;[3715.7, 3640.3, 3499.6, 3493.3, 3390.3, 3333.8, 3290.2, 3174.8, 3253.6, 2984.1, 2947.8, 2883.9, 2843.3];"[3880.42920083 3711.48530767 3491.90598861 3232.13543229 3035.63659902
 2843.91430753 2613.03432533 2464.41891597 2368.55724686 2380.69697888
 2472.38481024 2687.68260588 3067.45346949]";2016-01-31 12:00:00;2016-04-24 12:00:00
253;13;ridge_log;0.03130735310610016;83.33333333333333;0.03204899138260781;225.06239589358935;0.03204871357258773;184.8860629766891;[5833.9, 5744.6, 5798.8, 5935.0, 5942.5, 5826.9, 5791.1, 5938.7, 5957.5, 5892.8, 5818.5, 5936.5, 5992.7];"[5847.67597705 5757.44651568 5821.03145256 5881.53066126 5808.23753848
 5678.8243145  5636.08186511 5715.93966751 5672.28109229 5553.55574499
 5491.57690662 5588.24346504 5651.2638708 ]";2005-09-25 12:00:00;2005-12-18 12:00:00
284;13;ridge_log;0.07431233264593018;8.333333333333334;0.07826834587937906;311.41269068984093;0.07826719549623774;266.2583025443893;[3438.145, 3451.426, 3469.281, 3494.929, 3507.401, 3518.455, 3534.266, 3553.353, 3566.23, 3587.38, 3609.773, 3630.732, 3685.708];"[3401.9795518  3398.12237544 3385.91234332 3367.20709279 3342.33583962
 3310.17663419 3274.44103119 3238.68749091 3207.96695965 3182.13777497
 3163.11184469 3154.51613603 3159.12599231]";2016-02-28 12:00:00;2016-05-22 12:00:00
253;13;ridge_log;0.02332605522839467;83.33333333333333;0.023732869189533323;163.71817487762587;0.023732660193111463;134.7669266450187;[5705.7, 5606.9, 5681.2, 5757.7, 5735.8, 5660.3, 5691.2, 5804.6, 5806.0, 5747.9, 5694.7, 5855.0, 5901.5];"[5686.89021502 5586.1426055  5654.50211584 5726.85695436 5669.7954968
 5548.70338089 5545.46572385 5654.84911559 5626.53979888 5518.05358156
 5469.06414245 5575.91622736 5633.75059552]";2005-06-26 12:00:00;2005-09-18 12:00:00
253;13;ridge_log;0.033757058635913786;91.66666666666667;0.03444640444705921;207.8072946264787;0.03444609322028911;190.64880645057272;[5527.7, 5482.4, 5600.8, 5704.3, 5701.1, 5581.3, 5572.2, 5667.5, 5670.8, 5594.3, 5566.7, 5728.8, 5753.7];"[5504.46525901 5414.08396707 5466.54052584 5570.23279287 5506.18277454
 5394.8727735  5383.61580931 5476.07147155 5446.71997248 5345.34244374
 5300.53659156 5394.99049116 5469.51064351]";2005-03-27 12:00:00;2005-06-19 12:00:00
254;13;ridge_log;0.019985856313995513;91.66666666666667;0.019695181335986894;45.372265572343316;0.01969466082745825;37.26731253966738;[1901.0, 1898.0, 1895.0, 1884.0, 1878.0, 1866.0, 1830.0, 1829.0, 1849.0, 1870.0, 1872.0, 1874.0, 1875.0];"[1919.19090566 1914.20406904 1905.68936367 1897.41583746 1889.1624675
 1883.61887589 1878.90952056 1879.39728788 1888.04460467 1904.14458939
 1925.00659839 1948.25566245 1972.43528044]";2016-10-16 12:00:00;2017-01-08 12:00:00
254;13;ridge_log;0.024247197568658452;58.333333333333336;0.024617055337748932;51.72077515911256;0.024616403437146543;46.48241124085014;[1868.0, 1896.0, 1899.0, 1900.0, 1912.0, 1930.0, 1935.0, 1931.0, 1919.0, 1925.0, 1927.0, 1927.0, 1922.0];"[1838.37193447 1842.96642534 1857.46658974 1871.39956309 1880.2743308
 1884.37889418 1891.84374969 1896.66619466 1898.33791591 1891.56683198
 1871.7579766  1845.08968897 1816.60855844]";2016-07-17 12:00:00;2016-10-09 12:00:00
254;13;ridge_log;0.08256913424892878;58.333333333333336;0.07783562080116907;185.4057343524827;0.07783363405781595;152.50404782128885;[1874.0, 1877.0, 1867.0, 1870.0, 1877.0, 1858.0, 1837.0, 1828.0, 1839.0, 1844.0, 1863.0, 1853.0, 1841.0];"[1874.47767441 1882.71534438 1899.85091716 1926.09029739 1964.96125507
 2009.30807632 2057.13964749 2103.05566834 2134.62843583 2138.33104683
 2109.7942585  2049.48333031 1960.71666965]";2016-04-17 12:00:00;2016-07-10 12:00:00
254;13;ridge_log;0.03538943222035125;66.66666666666667;0.03612628833689305;74.54483031502306;0.03612534430860063;69.14366510046065;[1922.0, 1950.0, 1971.0, 1999.0, 2006.0, 1995.0, 1970.0, 1938.0, 1930.0, 1917.0, 1896.0, 1876.0, 1873.0];"[1901.67244907 1909.41704986 1908.55961976 1905.6430614  1899.07866525
 1883.73675327 1871.77072848 1863.23492586 1854.06108928 1841.60316601
 1831.83082729 1831.27184326 1842.25217491]";2016-01-17 12:00:00;2016-04-10 12:00:00
