dataset_index;horizon;regressor;mape;pocid;smape;rmse;msmape;mae;test;predictions;start_test;final_test
10;8;ridge_log;0.10150497748728887;57.142857142857146;0.10145821013737316;19.28309587524957;0.1014273074988787;16.721360632382183;[170.564058956916, 169.855442176871, 176.955782312925, 170.46485260771, 187.03231292517, 186.649659863946, 131.816893424036, 177.933673469388];"[161.3691457  161.85356648 170.78891554 159.72424135 162.89781413
 159.7581144  165.73282809 163.20903431]";1998-03-29;1998-05-17
5;8;ridge_log;0.13697093579861472;14.285714285714286;0.11485050170236769;22.8495692315118;0.11480418045683342;14.3511767833984;[158.630952380952, 132.681405895692, 126.615646258503, 123.228458049887, 86.139455782313, 131.490929705215, 141.425736961451, 129.549319727891];"[145.59573855 131.43287902 136.2539812  140.33025473 144.8409859
 132.53907315 128.30424232 130.46369347]";1998-03-29;1998-05-17
15;8;ridge_log;0.08900020782374826;28.571428571428573;0.0939207043749669;17.22123973204814;0.09389267873162935;15.738164033432078;[171.343537414966, 185.912698412698, 170.46485260771, 171.839569160998, 175.382653061225, 181.575963718821, 173.228458049887, 168.395691609977];"[158.15236706 156.69610164 165.22620364 159.3063818  154.94132161
 160.24228837 160.68907976 156.98436789]";1998-03-29;1998-05-17
0;8;ridge_log;0.05906057341317238;57.142857142857146;0.06186686773951612;20.597033376662246;0.06185513555278217;16.31944297933423;[254.280045351474, 260.572562358277, 262.585034013605, 259.05612244898, 255.711451247166, 292.786281179138, 272.534013605442, 280.144557823129];"[251.14018075 251.08405858 250.99538243 250.69127961 250.45776077
 251.34611649 250.77233804 250.62740753]";1998-03-29;1998-05-17
20;8;ridge_log;0.10456304264291269;57.142857142857146;0.10318826640030748;13.314732268781965;0.103144408117438;12.187870286771707;[103.075396825397, 125.864512471655, 129.591836734694, 126.856575963719, 97.5907029478459, 138.194444444445, 114.342403628118, 127.777777777778];"[118.49515635 118.41736453 118.60954854 117.26659985 118.74698457
 119.46641267 118.82510756 118.08100459]";1998-03-29;1998-05-17
25;8;ridge_log;0.12780503266225365;28.571428571428573;0.12128651822022306;19.265695714974534;0.12123830741443224;15.308117469966705;[115.347185691741, 139.702788006312, 140.873224618622, 134.836927932667, 97.3566543924249, 146.002104155708, 129.155707522357, 130.523408732246];"[137.58579401 128.21642848 121.01230071 138.71833208 134.86004991
 123.30753418 126.39819434 132.56557392]";1998-03-29;1998-05-17
10;8;ridge_log;0.10606030695609722;57.142857142857146;0.10221297875224038;20.326328603541175;0.10218276819622198;17.377313527896963;[171.414399092971, 153.642290249433, 155.569727891157, 166.964285714286, 148.398526077097, 172.066326530612, 164.356575963719, 167.304421768707];"[145.90953989 164.65262788 164.48995798 208.85501611 162.33960656
 163.92108289 178.85074433 182.41628019]";1998-02-01;1998-03-22
25;8;ridge_log;0.10669962925186502;57.142857142857146;0.10618581567180403;15.180570982494734;0.10614387906308932;13.467924258757035;[143.345607574961, 124.316149395055, 119.345081536034, 121.199368753288, 138.663861125723, 121.580746975276, 106.207259337191, 141.635981062599];"[116.80286088 131.82207249 126.13990961 129.35263073 130.11531318
 133.91903539 128.88569462 126.45461848]";1998-02-01;1998-03-22
15;8;ridge_log;0.08433532131381843;71.42857142857143;0.0844772276832734;15.29992278416525;0.08445042369189175;13.356700115182615;[174.574829931973, 148.28514739229, 131.207482993197, 168.154761904762, 174.617346938775, 154.903628117914, 159.041950113379, 175.708616780045];"[155.99314317 159.38298445 155.7516343  156.84319423 157.84587965
 156.52891835 155.55828998 156.27067632]";1998-02-01;1998-03-22
20;8;ridge_log;0.11740444658628374;57.142857142857146;0.11227706557367048;17.98297850170078;0.11222746249639692;12.887078552093048;[136.72052154195, 117.020975056689, 129.166666666667, 116.482426303855, 142.928004535147, 116.08560090703, 110.048185941043, 81.1649659863945];"[115.50082617 116.3362514  116.09412573 116.27948898 116.52134114
 116.33465243 116.24239136 116.23177677]";1998-02-01;1998-03-22
0;8;ridge_log;0.04583672037116936;28.571428571428573;0.04358879532150366;16.346873999542037;0.043579695268517446;10.462045324914257;[258.460884353742, 242.871315192744, 257.100340136054, 255.952380952381, 253.897392290249, 207.8089569161, 250.921201814059, 259.169501133787];"[250.4305282  250.73720257 249.48890589 250.72485778 250.92621066
 250.6754875  250.72734573 250.2399078 ]";1998-02-01;1998-03-22
5;8;ridge_log;0.39224731611468544;42.857142857142854;0.3136814623583788;53.1558269256475;0.31357806294041385;47.97563788640403;[157.823129251701, 121.343537414966, 144.855442176871, 131.675170068027, 150.141723356009, 101.264625611774, 107.256235827664, 137.074829931973];"[159.06005038 172.24115975 201.83339219 201.69448256 191.71788274
 176.0215466  169.36896711 163.30231539]";1998-02-01;1998-03-22
10;8;ridge_log;0.10300426042803075;57.142857142857146;0.11118493600790079;24.464820788787982;0.1111518496130615;18.85792686387299;[162.074829931973, 152.80612244898, 220.209750566893, 160.445011337868, 171.258503401361, 132.256235827664, 173.90873015873, 175.368480725623];"[144.52625292 160.04963776 166.17931839 163.79926162 145.46601273
 135.56562904 158.45102977 151.24142487]";1997-12-07;1998-01-25
25;8;ridge_log;0.13336477089775328;42.857142857142854;0.1317853525092727;19.063603286656058;0.13173356731123045;16.8685714935231;[144.991715781526, 128.011572856391, 162.13834823777, 107.732772225145, 115.689110994213, 113.887427669648, 113.335086796423, 112.085744345082];"[126.89610269 117.27910734 128.11534573 134.60492923 123.89987018
 120.33291845 126.51512767 129.47478734]";1997-12-07;1998-01-25
15;8;ridge_log;0.11687186161766935;85.71428571428571;0.11904432344106716;24.065416569936826;0.11900737050822731;19.345517588902126;[165.943877551021, 179.648526077098, 209.963151927438, 144.798752834467, 130.824829931973, 143.28231292517, 152.522675736962, 143.494897959184];"[156.91452194 156.34976832 156.86126477 156.69516514 156.47271021
 156.82567998 157.18754209 157.07651215]";1997-12-07;1998-01-25
20;8;ridge_log;0.09372998327795788;42.857142857142854;0.09406733301668133;14.519875241585101;0.09402786627356366;11.278300908838478;[122.080498866213, 114.073129251701, 150.170068027211, 105.286281179138, 112.81179138322, 107.199546485261, 103.302154195011, 112.740929705216];"[118.48676976 117.42286859 117.21884347 118.95927462 118.83314349
 117.77678051 117.8269719  118.27624669]";1997-12-07;1998-01-25
0;8;ridge_log;0.10324750857937176;57.142857142857146;0.11436787158331728;42.249223744425656;0.1143449061393324;28.635708031978876;[263.137755102041, 259.197845804989, 322.066326530612, 226.615646258503, 209.041950113379, 223.327664399093, 221.301020408163, 248.767006802721];"[220.88666757 221.03802107 221.6817526  220.62532375 220.49604645
 220.82192206 221.03512362 220.69288673]";1997-12-07;1998-01-25
5;8;ridge_log;0.20855486784640126;71.42857142857143;0.2302358731057448;59.87778565207702;0.23016763234204143;40.65084477620934;[169.742063492063, 195.025510204082, 298.767006802721, 173.724489795918, 131.434240362812, 112.613378684807, 123.001700680272, 138.832199546485];"[153.76142566 143.72262338 146.13485422 147.83347136 145.2957578
 143.49256389 146.74256373 149.75069638]";1997-12-07;1998-01-25
10;8;ridge_log;0.2953445062568645;71.42857142857143;0.24693627491084857;49.11338264610552;0.2468633449025154;42.40448169745853;[161.451247165533, 127.33843537415, 166.765873015873, 132.397959183673, 122.137188208617, 144.501133786848, 164.611678004535, 191.794217687075];"[165.50659078 190.99438628 241.53015485 191.83628418 154.98670409
 192.66568913 216.44739217 196.26638452]";1997-10-12;1997-11-30
25;8;ridge_log;0.14957529937979813;28.571428571428573;0.1347300570030736;20.6718036755033;0.13467770699789575;17.355580629201242;[111.09942135718, 118.726985796949, 126.82798527091, 137.53287743293, 123.882167280379, 105.334643062906, 127.064702788006, 138.637559179379];"[139.45413407 146.16217517 141.3026488  141.14289405 141.77342688
 140.33954374 136.34437529 135.84332916]";1997-10-12;1997-11-30
15;8;ridge_log;0.04058369935812907;42.857142857142854;0.04091104324867639;7.244301315533559;0.040898002105192205;6.419685410583057;[148.922902494331, 145.705782312925, 159.112811791383, 167.077664399093, 160.530045351474, 161.493764172336, 155.867346938775, 164.880952380952];"[155.13854782 155.18196644 155.12524298 155.5595433  155.76876151
 155.672124   155.57426448 155.59699494]";1997-10-12;1997-11-30
20;8;ridge_log;0.0650739808531503;57.142857142857146;0.06517330526865098;8.986331742289991;0.06514564501459741;7.692743563897912;[107.8089569161, 105.300453514739, 121.669501133787, 133.545918367347, 113.74716553288, 118.976757369615, 112.613378684807, 127.664399092971];"[117.07182671 117.25146325 117.62039829 117.51113938 117.2328602
 117.25049649 117.32036059 117.3391494 ]";1997-10-12;1997-11-30
0;8;ridge_log;0.12167731794839051;42.857142857142854;0.10805328943623443;31.868836432737154;0.10802822957603411;23.37966614931252;[217.020975056689, 207.950680272109, 164.611678004535, 246.24433106576, 241.794217687075, 223.228458049887, 207.922335600907, 234.679705215419];"[238.6456608  238.63793712 238.54705483 238.33203934 238.28501142
 238.31868087 238.46060154 238.41972825]";1997-10-12;1997-11-30
5;8;ridge_log;0.17528899406637397;57.142857142857146;0.16217182925142476;27.019875265912532;0.1621148832997244;23.352680840804915;[125.637755102041, 101.814058956916, 133.361678004535, 149.404761904762, 138.775510204082, 131.490929705215, 174.050453514739, 188.520408163265];"[151.08743893 150.8966658  151.68422206 151.17993018 151.42972088
 151.19643257 151.43458401 151.30454749]";1997-10-12;1997-11-30
11;8;ridge_log;0.16061032240257417;28.571428571428573;0.17429140828296522;19.778826671599326;0.17420470655131792;17.59494994930047;[95.0538548752835, 109.098639455782, 112.315759637188, 109.84977324263, 79.2942176870749, 128.59977324263, 107.638888888889, 106.037414965986];"[92.05357312 91.09739389 91.47013493 91.9603029  91.87294211 91.16300933
 91.260976   91.40783896]";1998-03-29;1998-05-17
16;8;ridge_log;0.12724914898803388;57.142857142857146;0.1292721939875202;20.63045296579868;0.12922866535525382;19.284017003650824;[165.022675736962, 120.3089569161, 174.829931972789, 159.495464852608, 128.897392290249, 165.688775510204, 167.998866213152, 147.590702947846];"[150.39319898 146.075986   143.403223   138.53479565 146.87733564
 148.68512369 146.49048871 142.59442362]";1998-03-29;1998-05-17
26;8;ridge_log;0.18371258518844572;71.42857142857143;0.19951100121351711;11.344001446453312;0.1993138293377749;10.177111292192395;[51.8707482993198, 52.0408163265306, 67.1626984126984, 58.4325396825397, 37.2448979591837, 59.6513605442178, 52.0408163265306, 55.484693877551];"[48.92755563 47.33132522 47.62043032 46.73619698 45.57722275 45.06138988
 43.8982343  44.02397559]";1998-03-29;1998-05-17
21;8;ridge_log;0.07107833322372188;28.571428571428573;0.07481441833399581;11.561864133851007;0.07478541400656047;9.648930843454865;[130.172902494331, 139.68253968254, 123.469387755102, 124.674036281179, 126.275510204082, 140.958049886621, 136.139455782313, 132.851473922902];"[122.26398134 122.03260415 122.09379031 122.11901976 122.25080171
 121.97313561 122.14394937 122.15462702]";1998-03-29;1998-05-17
1;8;ridge_log;0.09551302918309688;57.142857142857146;0.10072381540220848;15.217166749376588;0.10068656207294638;13.626887279335318;[136.493764172336, 150.566893424036, 143.806689342404, 128.231292517007, 118.310657596372, 143.806689342404, 147.604875283447, 143.792517006803];"[128.3298291  128.13265912 127.90105413 127.6552284  127.07724802
 127.41012347 127.2903211  127.33499796]";1998-03-29;1998-05-17
6;8;ridge_log;0.09427611235104986;57.142857142857146;0.09731967896351908;16.82501645834351;0.09728639766114244;14.270108035209299;[164.356575963719, 172.548185941043, 142.531179138322, 151.034580498866, 126.176303854875, 151.87074829932, 141.624149659864, 143.877551020408];"[147.94411399 139.03935212 133.47882805 143.56633933 146.82140197
 136.8120759  133.43107    140.05542495]";1998-03-29;1998-05-17
11;8;ridge_log;0.20810229450780734;100.0;0.17777857237080613;20.28068754161472;0.17768419125452328;16.832870314967266;[114.257369614512, 94.8270975056689, 98.3701814058957, 98.6678004535147, 97.9450113378685, 65.6604308390023, 78.6848072562359, 88.7329931972789];"[107.1242307  107.11297048 107.4375459  107.56361745 107.32427976
 106.93231426 106.93791779 107.10949997]";1998-02-01;1998-03-22
26;8;ridge_log;0.11163026089202122;85.71428571428571;0.10662656906676958;5.703954987963538;0.10651681527241454;5.207517372151242;[43.8633786848073, 47.2363945578232, 41.8934240362812, 44.4019274376417, 44.5719954648526, 46.4427437641723, 50.4393424036281, 48.8095238095238];"[40.51873172 42.77032978 43.30214565 48.58010257 49.64785477 55.76273749
 56.68792733 56.42761634]";1998-02-01;1998-03-22
16;8;ridge_log;0.3430493066175839;71.42857142857143;0.28368896043758757;52.01928301247024;0.28360439730357245;47.72819149898967;[161.082766439909, 120.379818594104, 151.204648526077, 134.948979591837, 168.466553287982, 147.19387755102, 143.721655328798, 133.801020408163];"[162.88334453 189.25973885 190.8659814  207.64281328 209.42960622
 204.18367522 190.07288725 188.28680496]";1998-02-01;1998-03-22
21;8;ridge_log;0.061061611642945116;14.285714285714286;0.06413053012865463;9.821524962262279;0.06410384792326923;7.7079580064307525;[132.213718820862, 118.608276643991, 117.587868480726, 116.369047619048, 123.852040816327, 117.928004535147, 118.579931972789, 130.385487528345];"[113.48443655 114.93585882 114.25757823 114.36998051 114.01980416
 114.49334417 114.1772334  114.12247652]";1998-02-01;1998-03-22
1;8;ridge_log;0.06713923070919517;57.142857142857146;0.070471813943598;11.083453780836932;0.07044403641863964;8.943610331813193;[122.930839002268, 115.447845804989, 121.967120181406, 121.995464852608, 138.988095238095, 129.514913978918, 137.216553287982, 136.224489795918];"[119.29237012 119.99068508 119.74890432 120.59566481 120.9990974
 120.54344979 120.41324114 120.23870538]";1998-02-01;1998-03-22
6;8;ridge_log;0.1013946183381849;42.857142857142854;0.10857972046923337;17.230021180181286;0.10853902900809606;14.575894819026107;[135.374149659864, 129.464285714286, 138.506235827664, 148.412698412698, 146.400226757369, 132.270408163265, 137.443310657596, 163.236961451247];"[109.49214438 112.9992842  140.22806692 133.81777046 128.15293509
 137.81990707 142.87010727 134.51715592]";1998-02-01;1998-03-22
26;8;ridge_log;0.2187733679592593;57.142857142857146;0.19325558650500607;11.283586681176835;0.1930570976260334;9.47714192162296;[53.8832199546486, 55.7539682539683, 63.6054421768708, 57.5113378684807, 54.4926303854876, 34.8639455782313, 40.0226757369614, 39.7392290249433];"[50.96993267 51.16790982 52.11472665 50.67562408 53.51598452 53.51718764
 54.72115372 55.40222345]";1997-12-07;1998-01-25
11;8;ridge_log;0.21675595130297215;42.857142857142854;0.20323398418642857;25.79189793095684;0.20313963047325523;22.260142911808508;[111.592970521542, 148.90873015873, 145.819160997732, 97.6190476190476, 88.0952380952381, 76.1054421768708, 87.6417233560091, 108.12074829932];"[113.00190944 111.71027132 112.14300382 113.17169996 112.69546998
 112.50453643 112.32381917 112.68426238]";1997-12-07;1998-01-25
16;8;ridge_log;0.2631435115397938;42.857142857142854;0.2706097578756369;60.29633745449049;0.2705363624041014;51.48706292432247;[260.813492063492, 270.62074829932, 254.733560090703, 181.774376417234, 142.233560090703, 142.063492063492, 114.866780045351, 159.155328798186];"[194.53604557 159.89354011 172.60440149 195.78445173 184.25597911
 160.34572086 166.60726626 185.86280957]";1997-12-07;1998-01-25
21;8;ridge_log;0.1534483414398235;71.42857142857143;0.14557837461078266;19.2326461124818;0.14551649407925477;17.234788208757788;[120.804988662132, 131.788548752834, 152.919501133787, 104.861111111111, 106.56179138322, 102.437641723356, 108.379138083429, 95.4506802721088];"[122.80820968 122.55963381 122.84075333 122.82390172 123.0351644
 122.72055776 122.81608503 122.86207556]";1997-12-07;1998-01-25
1;8;ridge_log;0.16187253029640694;57.142857142857146;0.15773641091197949;23.569570016777693;0.1576729660677186;19.881040804310356;[134.254535147392, 147.307256235828, 171.116780045352, 112.443310657596, 91.6524943310659, 106.731859410431, 112.244897959184, 120.294784580499];"[126.03730915 126.21314772 125.90014514 125.68102126 125.57539076
 125.62361828 125.58601975 125.4216539 ]";1997-12-07;1998-01-25
6;8;ridge_log;0.22146940067467621;57.142857142857146;0.21637892008128617;36.406190780806675;0.21629732731199608;29.362726586519255;[159.481292517007, 163.407029478458, 198.767006802721, 149.135487528345, 115.94387755102, 111.507936507937, 118.551587301587, 84.3679138321995];"[139.35407607 120.75175579 128.21941071 140.35477095 136.13320034
 125.41037194 125.52983895 136.08891385]";1997-12-07;1998-01-25
11;8;ridge_log;0.13915883786862207;57.142857142857146;0.12747231058405206;17.906388270342557;0.12741512215830136;14.31204096939509;[111.933106575964, 83.3333333333333, 116.992630385487, 142.517006802721, 106.490929705215, 108.545918367347, 101.544784580499, 122.704081632653];"[118.914927   120.17445061 119.63510998 119.36102655 119.34348816
 119.59423762 119.40422604 119.5894706 ]";1997-10-12;1997-11-30
26;8;ridge_log;0.5433335023399444;71.42857142857143;0.4216651725118369;29.009579040902725;0.42135138322681703;28.361431923509215;[58.673469387755, 47.7324263038549, 52.451814058957, 59.3537414965986, 50.8645124716553, 58.9569160997732, 49.234693877551, 49.2205215419501];"[74.47077543 76.90273198 79.97902433 83.33113755 83.89504473 85.86211318
 84.95227826 83.98644517]";1997-10-12;1997-11-30
16;8;ridge_log;0.12911688609203797;100.0;0.12780877997667092;25.00025975384214;0.12777160145804137;22.255940826591914;[162.514172335601, 131.320861678005, 167.205215419501, 199.489795918367, 184.353741496599, 143.424036281179, 196.825396825397, 222.732426303855];"[175.70498574 165.3347928  181.8179903  183.04529127 175.10580836
 164.46869682 173.08279884 176.98211541]";1997-10-12;1997-11-30
21;8;ridge_log;0.07252725963445927;28.571428571428573;0.06980175383669084;10.40149816232532;0.06977323755098927;8.556974239259214;[111.649659863946, 107.624716553288, 139.016439909297, 129.393424036281, 124.68820861678, 120.890022675737, 118.381519274377, 130.031179138322];"[126.46831968 126.82086849 126.659479   126.72102793 126.67929121
 126.63467902 126.71741699 126.69119065]";1997-10-12;1997-11-30
1;8;ridge_log;0.08027977806652442;28.571428571428573;0.08083492649617843;12.475976826259446;0.08080236975386017;10.070750082672854;[121.541950113379, 102.706916099773, 132.794784580499, 135.104875283447, 126.445578231293, 125.354308390023, 131.901927437642, 143.239795918367];"[122.4126142  123.28535166 123.70721462 122.8587155  122.29244922
 123.40695856 121.78248682 121.67654411]";1997-10-12;1997-11-30
6;8;ridge_log;0.09500481662905733;85.71428571428571;0.08956378322293818;13.968638076031935;0.08953010264740632;11.950426611866755;[128.401360544218, 109.013605442177, 134.736394557823, 150.255102040816, 130.725623582767, 125.269274376417, 143.934240362812, 148.030045351474];"[147.81390791 135.403784   138.21980631 143.49815792 143.26346054
 138.5812968  137.9473399  140.3064741 ]";1997-10-12;1997-11-30
12;8;ridge_log;0.1667012657941943;57.142857142857146;0.18246956721972646;27.81361680981703;0.1824048330826567;25.777961554632025;[146.952947845805, 158.914399092971, 155.201247165533, 145.195578231293, 115.221088435374, 175.014172335601, 152.33843537415, 153.245464852608];"[128.69146856 127.14014854 126.65924015 126.79045772 126.39464159
 126.80378242 127.83080101 127.89620722]";1998-03-29;1998-05-17
27;8;ridge_log;0.11664268674578743;28.571428571428573;0.11971362580282041;16.97723160280378;0.11966288535654546;14.214561162599542;[126.941609977324, 134.353741496599, 118.069727891156, 142.715419501134, 91.2131519274377, 132.001133786848, 118.381519274376, 116.156462585034];"[113.72444014 113.64072047 114.09272116 114.09155331 114.01551374
 113.99079108 114.11810469 114.04715617]";1998-03-29;1998-05-17
17;8;ridge_log;0.07826243144436425;14.285714285714286;0.0795318956292804;14.02877320422832;0.07950603138380469;12.25485946947611;[155.796485260771, 166.227324263039, 147.293083900227, 153.28798185941, 130.768140589569, 166.312358276644, 167.276077097506, 169.501133786848];"[151.40697214 150.35164328 151.18542518 150.62442186 151.01621436
 150.73568013 150.56730042 150.816882  ]";1998-03-29;1998-05-17
22;8;ridge_log;0.15009926433584914;57.142857142857146;0.16254429977946705;13.88368958314564;0.16244005458926752;12.698872177402517;[82.8905839032089, 83.916359810626, 76.4729089952657, 78.7217254076802, 63.8742766964755, 91.3335086796424, 90.9126775381378, 89.2030510257759];"[71.3083168  71.34144325 71.55165107 71.33416769 71.15564449 71.20035236
 71.16835147 71.2369231 ]";1998-03-29;1998-05-17
2;8;ridge_log;0.0663351484706712;57.142857142857146;0.06738853453090894;15.058112645740215;0.06737007093429477;12.324295143730591;[184.424603174603, 193.891723356009, 186.904761904762, 185.615079365079, 157.979024943311, 206.71768707483, 188.959750566893, 192.446145124717];"[173.85813979 178.98265713 185.4998353  185.83470333 180.08774903
 179.42898761 178.36807166 180.94096662]";1998-03-29;1998-05-17
7;8;ridge_log;0.11731526751394383;42.857142857142854;0.11917853498220402;19.275303064511416;0.1191295717233243;14.664389086290901;[130.286281179138, 147.448979591837, 124.730725623583, 116.326530612245, 90.3769841269841, 152.097505668934, 123.086734693878, 120.379818594104];"[118.2601085  118.16827833 119.06297311 118.62213835 118.11741832
 118.36726075 118.37735223 118.51500167]";1998-03-29;1998-05-17
12;8;ridge_log;0.11724356047049556;14.285714285714286;0.10282273543726003;18.911777392585254;0.10278183384917472;12.972286415454104;[114.512471655329, 95.9750566893425, 132.922335600907, 133.191609977324, 133.475056689342, 132.823129251701, 141.439909297052, 143.579931972789];"[139.69576054 140.72648904 140.62830371 140.4161623  140.25387179
 140.07563965 140.07396575 140.06415134]";1998-02-01;1998-03-22
27;8;ridge_log;0.05132995726721193;42.857142857142854;0.05123178842474828;6.8681520103568365;0.0512090840379402;5.786654269110468;[115.674603174603, 109.991496598639, 116.340702947846, 104.294217687075, 125.651927437642, 115.47619047619, 116.085600907029, 103.146258503401];"[112.51544305 112.6823201  112.98986623 113.05353746 112.86865352
 112.78502052 112.72796535 112.64727311]";1998-02-01;1998-03-22
17;8;ridge_log;0.09505684168998103;28.571428571428573;0.0884141228501304;16.706682889328015;0.08838510247453657;13.480916888164622;[132.689517153521, 141.213151927438, 155.853174603175, 151.020408163265, 168.083900226757, 137.153802867807, 157.34126984127, 163.846371882086];"[160.64305118 159.61525669 163.12028596 166.98717087 164.58521339
 164.4268294  164.32780876 163.34680192]";1998-02-01;1998-03-22
22;8;ridge_log;0.10132876987872522;57.142857142857146;0.09513208366840042;9.687256108446219;0.09506563254179505;6.860416459284549;[89.954893056644, 75.4997369805366, 56.0099947396108, 64.4134665965281, 75.06575486586, 72.1462388216729, 78.0115728563914, 73.2772225144661];"[74.70056991 75.14419815 75.22629737 75.58117217 75.74862217 75.70509245
 75.63185817 75.54524839]";1998-02-01;1998-03-22
2;8;ridge_log;0.07323039916544605;71.42857142857143;0.0664906734830166;18.269433070689367;0.06647138743592299;11.508176947172242;[185.728458049887, 183.333333333333, 177.919501133787, 190.490362811791, 196.173469387755, 183.560090702948, 177.210884353741, 138.849659625379];"[188.74107859 188.53721162 186.90007059 186.66347347 187.02073389
 187.01448789 187.2481757  187.24669354]";1998-02-01;1998-03-22
7;8;ridge_log;0.13517357392082954;28.571428571428573;0.12476794316791787;18.508838688992093;0.12471506048709538;14.841478826331496;[89.4982993197279, 117.984693877551, 151.289682539683, 102.66439909297, 113.911172482319, 132.695578231293, 121.683673469388, 124.291383219955];"[124.6506128  124.6252223  126.52103182 126.56850517 128.1112461
 126.72435836 127.44596023 126.62403487]";1998-02-01;1998-03-22
12;8;ridge_log;0.11282284522223918;57.142857142857146;0.11961607882408185;24.279620427017488;0.11957487071456177;17.537064407147305;[121.686961212681, 163.732993197279, 192.474489795918, 142.786281179138, 123.171768707483, 123.58276643991, 127.18253968254, 136.635487528345];"[135.57958994 134.78835541 135.07091558 135.35038806 135.02713717
 134.9284771  135.14064661 135.17489216]";1997-12-07;1998-01-25
27;8;ridge_log;0.14404167808703947;42.857142857142854;0.1390610976288641;17.92905968017563;0.13900008520473903;15.954902199543284;[117.956349206349, 129.308390022676, 147.774943310658, 104.634353741497, 96.4143990929705, 96.4285714285714, 100.368480725623, 103.784013605442];"[117.32895224 117.10628472 116.91313352 117.15785737 117.10642481
 117.09554475 117.10222028 117.11567692]";1997-12-07;1998-01-25
17;8;ridge_log;0.2197579254197696;57.142857142857146;0.2056289012203857;40.645653727333546;0.20556843897794885;35.54741735198935;[174.121315192744, 201.303854875283, 251.984126984127, 153.44387755102, 123.554421768708, 144.019274376417, 139.314058956916, 148.696145124716];"[178.69635521 177.99516977 178.06226864 178.75442345 178.49475461
 178.14757456 177.81767757 178.38710293]";1997-12-07;1998-01-25
2;8;ridge_log;0.11791506622330382;57.142857142857146;0.11849659284738528;27.7654041590352;0.11846435766007961;21.996198908518814;[196.215986394558, 201.006235827665, 240.986394557823, 166.227324263039, 144.600340136054, 165.107709750567, 169.401927437642, 182.851473922902];"[180.85701355 181.15151027 181.11159433 181.00551975 181.11766899
 181.17278    181.20413464 181.13318307]";1997-12-07;1998-01-25
22;8;ridge_log;0.12285579900146547;14.285714285714286;0.13021701142895903;14.179843896937685;0.13013508368074234;10.463215408404482;[85.3761178327197, 80.4971067859021, 108.495528669121, 79.1951604418726, 70.2393477117306, 67.6749079431878, 64.6633350867964, 68.9768542872173];"[73.81673354 73.99502677 73.47184945 73.77715347 74.19473703 74.15716702
 74.27830537 74.12680838]";1997-12-07;1998-01-25
7;8;ridge_log;0.25236055206961194;28.571428571428573;0.21906176797152774;33.950296761607966;0.21897306751504214;27.688400338539267;[145.46485260771, 175.481859410431, 169.401927437642, 131.760204081633, 122.250566893424, 74.2913832199546, 128.628117913832, 96.0175736961451];"[137.7602756  130.04859425 134.28155085 140.85763774 139.9068946
 136.24612016 133.02138961 136.16478764]";1997-12-07;1998-01-25
12;8;ridge_log;0.07670071483395649;28.571428571428573;0.07283219785957436;13.397008488976473;0.07280491462685393;9.756147800439777;[138.109410430839, 111.337868480726, 136.111111111111, 155.93820861678, 135.005668934241, 123.072562358277, 139.640022675737, 146.24433106576];"[139.77058646 139.92449026 139.76232445 139.24887893 139.27615132
 139.14490828 139.40733361 139.35900688]";1997-10-12;1997-11-30
27;8;ridge_log;0.040455135459779565;57.142857142857146;0.04010886646616749;6.810156771687705;0.040091677765731186;4.684996960513473;[111.961451247165, 105.484693877551, 115.986394557823, 129.393424036281, 115.958049886621, 116.56746031746, 118.098072562358, 118.381519274376];"[118.00395817 117.87699462 118.4814627  116.29297606 117.03926273
 117.20877228 117.12052233 117.63194242]";1997-10-12;1997-11-30
17;8;ridge_log;0.07736865704408516;57.142857142857146;0.07434265253891839;14.924969626513306;0.07432202699051862;13.407467295980393;[168.948412698413, 162.953514739229, 177.990362811791, 194.557823129252, 171.499433106576, 168.324829931973, 185.00566893424, 198.526077097506];"[187.34905996 186.65517666 187.14443535 186.73369373 187.52530158
 186.85560989 187.14440489 187.04223423]";1997-10-12;1997-11-30
22;8;ridge_log;0.15761853916009458;71.42857142857143;0.16658935620844167;15.834235074894265;0.16647883852664275;12.724146157666443;[75.026301946344, 57.3382430299842, 83.4297738032615, 105.970541820095, 77.1962125197264, 83.817414393427, 60.6522882693319, 74.4476591267753];"[70.02835541 70.27785918 70.02044373 70.08476948 70.04793143 70.16454649
 70.14093368 70.17694937]";1997-10-12;1997-11-30
2;8;ridge_log;0.08849017343080148;42.857142857142854;0.09267704757149457;17.671824670448895;0.09265041708640648;16.1396569195355;[172.052154195011, 154.648526077097, 176.686507936508, 195.351473922903, 179.06746031746, 183.574263038549, 180.272108843537, 190.235260770975];"[165.35410638 165.36037676 165.0780263  165.40399834 165.77481148
 165.78853811 165.7731632  165.66118054]";1997-10-12;1997-11-30
7;8;ridge_log;0.2131113013277781;28.571428571428573;0.1842271866903702;31.434930646081295;0.18416292432212666;26.43739714733851;[142.134353741497, 115.830498866213, 157.723922902494, 142.800453514739, 124.036281179138, 114.328231292517, 127.862811791383, 165.433673469388];"[160.62393382 164.40487961 162.32906494 156.76652437 159.59311825
 161.98152853 165.66463235 160.58162488]";1997-10-12;1997-11-30
13;8;ridge_log;0.12107519441921749;71.42857142857143;0.1284562755476532;18.187591998583233;0.1284073870681304;16.900290644801828;[132.18537414966, 137.854308390023, 143.353174603175, 144.52947845805, 111.904761904762, 152.678571428571, 140.079365079365, 136.536281179138];"[124.75639043 124.88284544 126.39773248 125.57389641 123.83475541
 120.91351208 120.84709867 120.57274613]";1998-03-29;1998-05-17
28;8;ridge_log;0.11223368097663808;71.42857142857143;0.10375717196075308;23.06904555360815;0.10372555208874037;17.15936015971309;[170.62074829932, 181.56179138322, 164.937641723356, 164.229024943311, 124.759070294784, 205.93820861678, 179.705215419501, 152.18253968254];"[174.74220981 175.07165347 174.23998702 172.74805303 175.45990718
 174.8006605  174.40449617 173.8853439 ]";1998-03-29;1998-05-17
18;8;ridge_log;0.0812389956257607;28.571428571428573;0.08258858651534279;15.475675691260662;0.08256485042428677;14.394495349174807;[187.131519274377, 186.862244897959, 180.428004535147, 181.434240362812, 148.299319727891, 179.450113378685, 187.542517006803, 189.030612244898];"[167.46502881 172.67610479 173.11737819 171.97882575 170.57729846
 173.17533969 170.54526629 170.04332413]";1998-03-29;1998-05-17
23;8;ridge_log;0.10526802096170855;57.142857142857146;0.09830119631798302;23.067393605689585;0.09827407138193281;17.999416666984892;[219.444444444444, 188.066893424036, 217.304421768707, 192.304421768707, 137.145691609977, 205.810657596372, 179.478458049887, 170.521541950113];"[228.20948901 205.11021859 190.10915181 188.25271618 188.46277524
 189.57141727 184.24494741 185.1387167 ]";1998-03-29;1998-05-17
3;8;ridge_log;0.08611846987895234;42.857142857142854;0.08107111593912315;16.066110681800392;0.08104494973250777;12.583958826649862;[160.756802721088, 175.198412698413, 146.471088435374, 137.159863945578, 134.708049886621, 173.058390022676, 161.337868480726, 165.561224489796];"[164.08156877 163.6709863  163.71081652 163.14303992 163.82408797
 163.37698358 163.23465912 163.65888556]";1998-03-29;1998-05-17
8;8;ridge_log;0.1416135591590002;57.142857142857146;0.12615126799368523;9.362480094459162;0.12604258275678346;7.350338503915156;[66.5249433106576, 60.5017006802721, 48.6536281179138, 44.8696145124717, 60.7709750566893, 66.780045351474, 59.9631519274376, 59.2120181405896];"[62.02320915 61.89007871 64.16292096 63.27311956 66.10948026 64.67659305
 65.5055195  65.227491  ]";1998-03-29;1998-05-17
13;8;ridge_log;0.06572495711107154;57.142857142857146;0.06420312280864869;9.743273289289153;0.06417666370525259;7.796380161921881;[122.732426303855, 116.893424036281, 123.313492063492, 114.285714285714, 114.980158730159, 123.228458049887, 125.581065759637, 132.780612244898];"[109.01130145 112.84838214 122.79102388 129.29880703 130.5930338
 130.02993328 131.82292861 132.36751178]";1998-02-01;1998-03-22
28;8;ridge_log;0.07485357925813299;71.42857142857143;0.0739109457569965;14.649814363712654;0.07388980379312174;12.936426868797259;[185.78514739229, 181.590136054422, 170.634920634921, 161.267006802721, 197.335600907029, 163.718820861678, 177.18253968254, 156.607596133316];"[175.02209563 173.06314431 182.05335934 180.31720202 173.86397035
 173.65186448 176.47617842 176.22929822]";1998-02-01;1998-03-22
18;8;ridge_log;0.12961160735197444;57.142857142857146;0.11341945208114262;27.9640239183325;0.11338508028861849;18.934536996215627;[203.883219954649, 114.374036042613, 190.277777777778, 170.3089569161, 188.562925170068, 173.639455782313, 199.971655328798, 186.210317460317];"[187.8697521  185.02483609 169.2996697  171.13470296 178.13651637
 179.69786712 180.79368746 178.86493153]";1998-02-01;1998-03-22
23;8;ridge_log;0.3624777998643415;57.142857142857146;0.28468642320445503;88.55697816716011;0.28462812268254595;70.56209955900152;[194.118480725624, 165.15022675737, 181.335034013605, 191.425736961451, 209.84977324263, 211.366213151927, 195.734126984127, 217.602040816327];"[190.03384873 200.56309882 290.20128235 339.83873102 352.75408016
 280.60905938 243.88338926 225.02567542]";1998-02-01;1998-03-22
3;8;ridge_log;0.10409502748552653;71.42857142857143;0.112429844496052;22.182668103926847;0.11239432578555467;17.826628142552938;[139.810090702948, 163.605442176871, 158.659297052154, 147.902494331066, 190.277777777778, 157.397959183673, 160.884353741497, 176.5589569161];"[144.94058449 145.82257507 146.22309539 145.8975096  145.22735617
 144.7178886  144.72152272 145.19380229]";1998-02-01;1998-03-22
8;8;ridge_log;0.2308538676698079;57.142857142857146;0.2693925908329372;17.099895647828795;0.2691553490361081;15.320893536824777;[72.1655328798186, 68.8492063492064, 63.6763038548753, 66.6524943310658, 58.9427437641724, 65.7454648526076, 61.1819727891157, 62.96768707483];"[49.88258336 42.8386441  42.03651339 52.30807791 59.8614959  53.70419935
 52.08824083 46.73200704]";1998-02-01;1998-03-22
13;8;ridge_log;0.13012680149240258;42.857142857142854;0.13319293846458824;20.995221935162647;0.13313989300316256;16.888098091884245;[129.6910430839, 149.121315192744, 163.803854875283, 118.721655328798, 99.985827664399, 105.541383219955, 110.530045351474, 115.391156462585];"[121.60958358 116.52480722 124.55745792 127.23064596 124.22877378
 117.28704911 117.12194146 119.48207801]";1997-12-07;1998-01-25
28;8;ridge_log;0.11347700864483941;57.142857142857146;0.11831887227597433;31.153528057555974;0.11828610299321526;21.676378739440832;[176.488095238095, 185.671768707483, 249.348072562358, 163.577097505669, 146.471088435374, 147.562358276644, 163.874716553288, 180.583900226757];"[173.17738011 165.7544908  171.56623551 174.86322644 170.91601401
 169.21280123 171.07071058 172.76019188]";1997-12-07;1998-01-25
18;8;ridge_log;0.16310739965603593;42.857142857142854;0.1571533360724297;38.84292654010387;0.15711123811841946;29.81091260230623;[198.044217687075, 200.566893424036, 269.118480725624, 186.465419501134, 145.223922902494, 156.065759637188, 149.319727891157, 179.733560090703];"[194.15830537 185.45001972 188.35822276 190.69426575 191.1686872
 192.07694416 191.37769249 190.21505727]";1997-12-07;1998-01-25
23;8;ridge_log;0.3253542327117357;57.142857142857146;0.31070593365696897;87.25060983711315;0.31063456373556564;72.33611727480415;[310.104875283447, 317.687074829932, 402.876984126984, 246.71201814059, 187.174036281179, 114.251405454344, 154.861111111111, 176.332199546485];"[257.29184571 216.44883956 221.52022196 234.99233198 231.29443594
 204.73713784 204.01181301 224.13659063]";1997-12-07;1998-01-25
3;8;ridge_log;0.17230399141670572;28.571428571428573;0.15412551214235387;26.83449927827241;0.1540728791355825;22.629838050709882;[165.079365079365, 179.124149659864, 140.532879818594, 118.976757369615, 127.551020408163, 121.683673469388, 139.866780045352, 162.81179138322];"[161.74552193 160.29324873 161.13344337 161.86547283 161.26031252
 161.05137118 160.92597263 161.56329248]";1997-12-07;1998-01-25
8;8;ridge_log;0.5918619562668896;71.42857142857143;0.39465398396285944;29.059248186259392;0.3943264604595971;24.022174130734427;[75.0141723356009, 82.4546485260771, 62.8117913832199, 31.8310657596372, 32.1570294784581, 49.0079365079365, 49.4897959183674, 62.6275510204081];"[75.21582412 77.43045125 79.08576991 76.45494627 81.1839533  77.0304224
 80.49172046 80.62990171]";1997-12-07;1998-01-25
13;8;ridge_log;0.13211180377674614;14.285714285714286;0.1199064257608176;17.522099973476315;0.11985611068369367;14.326508924679707;[112.145691609977, 102.82029478458, 132.18537414966, 130.952380952381, 96.2159863945579, 115.447845804989, 123.795351473923, 138.959750566893];"[123.83692094 129.39987063 126.82144263 127.74344781 129.5785992
 133.38898832 133.34550906 132.0452619 ]";1997-10-12;1997-11-30
28;8;ridge_log;0.07892364701355958;85.71428571428571;0.07655355295472971;17.587924733165476;0.076531313530469;13.236601369491211;[168.565759637188, 146.201814058957, 173.937074829932, 178.698979591837, 171.513605442177, 153.968253968254, 171.669501133787, 207.553854875283];"[176.73929466 176.02488076 176.85491093 176.93981185 176.37684984
 176.47795169 176.66909963 176.7071901 ]";1997-10-12;1997-11-30
18;8;ridge_log;0.09723466195126455;42.857142857142854;0.09475650070192485;20.09529610581095;0.09473193446410605;18.33326439157496;[178.344671201814, 164.384920634921, 172.477324263039, 219.756235827665, 203.528911564626, 190.093537414966, 210.232426303855, 219.104308390023];"[197.94567541 196.06914068 196.91533292 197.22582518 197.78666909
 198.09339971 197.35000918 197.31635871]";1997-10-12;1997-11-30
3;8;ridge_log;0.09365496980020445;71.42857142857143;0.08587272319041564;18.34786310408757;0.08584481389966866;13.276705761897222;[151.020408163265, 120.904195011338, 161.947278911565, 171.697845804989, 170.62074829932, 156.746031746032, 152.749433106576, 181.363378684807];"[165.24112794 165.70289273 164.98888272 167.60005822 165.97664165
 165.90737858 163.88111676 166.24567863]";1997-10-12;1997-11-30
23;8;ridge_log;0.14845963027219508;42.857142857142854;0.1493665178268541;42.14142756414169;0.14933222384861267;33.0234431624859;[200.793650793651, 156.831065759637, 216.808390022676, 239.044784580499, 219.416099773243, 187.882653061224, 260.204081632653, 296.57029478458];"[205.3376675  214.89610964 221.42235873 209.64140396 204.88430797
 212.36796752 216.62828799 211.60205931]";1997-10-12;1997-11-30
8;8;ridge_log;0.3368702649554637;42.857142857142854;0.4098843039357495;27.72696581151966;0.4095699794767763;26.900913812770803;[88.3928571428571, 76.9557823129252, 80.8106575963719, 86.125283446712, 71.7687074829932, 87.1598639455783, 70.734126984127, 74.8157596371883];"[64.39920918 61.48823099 52.04212816 50.52991392 52.19740844 52.21934061
 45.43593866 43.24355807]";1997-10-12;1997-11-30
14;8;ridge_log;0.06310605722601659;28.571428571428573;0.06451903572294412;10.03833839141367;0.06449527695762161;8.768868155838138;[130.739795918367, 144.359410430839, 146.159297052154, 135.274943310658, 120.521541950113, 147.689909297052, 137.145691609977, 140.405328798186];"[132.59093214 132.37816508 132.30470841 132.58867452 132.66884407
 132.55374654 132.52489868 132.53188036]";1998-03-29;1998-05-17
29;8;ridge_log;0.15358239628320042;57.142857142857146;0.13338143156372323;18.119475823077256;0.13331445621284296;13.396161157251592;[108.786848072562, 112.840136054422, 126.615646258503, 110.799319727891, 69.968820861678, 93.8066893424036, 94.9404761904762, 102.65022675737];"[111.44413709 109.96121597 111.70358928 112.47384986 111.19694276
 112.23575761 111.12105863 111.8589472 ]";1998-03-29;1998-05-17
19;8;ridge_log;0.0876404943708449;71.42857142857143;0.0937761425167977;14.516447012122509;0.09373798458583066;11.541996735971003;[145.252267573696, 128.996598639456, 125.141723356009, 112.910997732426, 115.858843537415, 132.454648526077, 118.664965986395, 121.343537414966];"[115.64576435 113.40663781 113.1556829  114.58447259 116.37517506
 115.318579   110.20690821 113.97400173]";1998-03-29;1998-05-17
4;8;ridge_log;0.08947691548569967;57.142857142857146;0.09540674517672268;21.71928511424586;0.09537873127307891;16.299587854087044;[176.785714285714, 205.994897959184, 185.572562358277, 174.036281179138, 145.975056689342, 154.024943310658, 155.229591836735, 156.632653061224];"[158.80838955 158.29300108 158.27866607 158.49081743 158.45616295
 158.41134039 158.4326616  158.44020114]";1998-03-29;1998-05-17
24;8;ridge_log;0.06171677421662544;57.142857142857146;0.05871040989794401;10.928796956140216;0.05868971952257553;8.340312302813738;[140.419501133787, 157.766439909297, 150.085034013606, 148.823696145125, 123.058390022676, 143.948412698413, 137.641723356009, 145.507369614512];"[150.2164028  154.33318819 144.21857738 144.84032246 148.31391279
 150.17175057 148.56664545 146.7461016 ]";1998-03-29;1998-05-17
9;8;ridge_log;0.08483660749525748;28.571428571428573;0.08656924429408822;15.218545196743797;0.08654189750930474;13.732629348615834;[133.956916099773, 162.868480725624, 175.382653061224, 168.12641723356, 161.621315192744, 176.799886621315, 159.651360544218, 166.72335600907];"[154.82699819 155.55676845 154.12280614 154.56507836 155.31897
 154.57304823 154.10595946 153.93988604]";1998-03-29;1998-05-17
14;8;ridge_log;0.0983481450263825;57.142857142857146;0.09045981083531945;15.141224902208622;0.09042475461232352;11.712770908015765;[143.650793650794, 102.069160997732, 131.802721088435, 131.108276643991, 146.938775510204, 127.593537414966, 128.727324263038, 131.306689342404];"[137.63463287 138.9069635  139.30997814 138.78180462 138.36960127
 138.2738876  138.22457492 138.22733322]";1998-02-01;1998-03-22
29;8;ridge_log;0.07545269147906447;71.42857142857143;0.07950614672811193;12.744866146615268;0.07947143829755965;9.136482337868799;[112.34410430839, 111.125283446712, 128.075396825397, 110.445011337869, 111.111111111111, 97.9450113378685, 135.062358276644, 106.986961451247];"[105.78479452 107.77624973 107.95905885 107.95241819 109.01582639
 108.41646567 108.25080145 108.18324964]";1998-02-01;1998-03-22
19;8;ridge_log;0.12642278821553304;42.857142857142854;0.11797040816845639;15.470234182905068;0.11792096863678242;14.086440411264913;[119.68537414966, 110.260770975057, 113.109410430839, 117.81462585034, 109.53798185941, 112.825963718821, 102.721088435374, 120.266439909297];"[111.08855856 116.34194874 130.90352401 131.34044882 134.45965853
 124.17623356 124.69593235 128.71324287]";1998-02-01;1998-03-22
4;8;ridge_log;0.06803471382471285;57.142857142857146;0.07147091946270584;13.442939267340076;0.07144793424960147;11.11617395107719;[151.743197278912, 174.433106575964, 153.047052154195, 148.90873015873, 165.915532879819, 157.879818594104, 157.596371882086, 158.758503401361];"[147.97006962 148.51720945 147.75998081 147.11432608 146.87615294
 146.8893077  147.04277875 147.18309597]";1998-02-01;1998-03-22
24;8;ridge_log;0.07186599798308016;42.857142857142854;0.07353922009719654;11.743269934383967;0.07351358329359647;10.56083265220815;[143.424036281179, 160.700113378685, 144.387755102041, 150.793650793651, 138.548752834467, 150.524376417234, 127.536848072562, 153.1320861678];"[135.38794752 142.24407132 146.67980246 137.83466529 134.75278466
 137.51838539 142.05604064 141.7097404 ]";1998-02-01;1998-03-22
9;8;ridge_log;0.047753214340844466;42.857142857142854;0.05058436274061626;11.474901925181651;0.050567304561672285;7.50137802659615;[158.418367346939, 155.952380952381, 146.187641723356, 149.872448979592, 160.00566893424, 150.127551020408, 151.785714285714, 154.081632653061];"[133.44872892 138.17141567 147.21183918 149.79090721 150.7582835
 150.50052909 150.20436233 149.12866683]";1998-02-01;1998-03-22
14;8;ridge_log;0.10794353990284761;85.71428571428571;0.1085280569552902;19.668179716663037;0.10848832622417151;14.968779385014356;[148.497732426304, 140.787981859411, 178.259637188209, 128.047052154195, 109.835600907029, 117.417800453515, 128.004535147392, 133.007369614512];"[134.93154871 134.16980963 134.76948846 134.6521354  134.43540316
 134.22238735 134.4625323  134.61563048]";1997-12-07;1998-01-25
29;8;ridge_log;0.18293528000245646;57.142857142857146;0.18201761274521572;25.875334750436977;0.18193870654014532;21.401664843966522;[143.12641723356, 127.49433106576, 165.419501133787, 103.628117913832, 79.5493197278912, 102.990362811791, 103.217120181406, 102.678571428571];"[114.00457629 113.37528878 113.41786374 113.59280229 113.71603104
 113.61373431 113.61392792 113.49779461]";1997-12-07;1998-01-25
19;8;ridge_log;0.11457217166586726;14.285714285714286;0.12300366630013473;24.27158094330345;0.12295477186977967;15.62755614196002;[123.115079365079, 137.542517006803, 169.99716553288, 115.362811791383, 112.726757369615, 97.859977324263, 107.851473922902, 121.301020408163];"[118.23397929 111.59844883 111.34868188 115.00353623 120.01034259
 120.29857646 106.65296714 117.03418987]";1997-12-07;1998-01-25
4;8;ridge_log;0.17212776704765087;71.42857142857143;0.19650324722000423;37.423058850602;0.19643424883333327;28.314193874467627;[144.827097505669, 155.768140589569, 211.09693877551, 139.455782312925, 130.881519274376, 134.948979591837, 134.679705215419, 145.266439909297];"[119.65567038 120.82141451 121.3462038  121.46615144 121.14147882
 122.15051938 122.06736133 121.76225252]";1997-12-07;1998-01-25
24;8;ridge_log;0.1562866970427275;0.0;0.16832894294689144;35.88574661034063;0.16826917657833085;23.933147597079305;[144.430272108843, 148.979591836735, 203.528911564626, 117.34693877551, 114.83843537415, 119.146825396825, 128.1179138322, 122.50566893424];"[139.4723496  124.56276294 112.74794222 134.14920455 143.33018596
 136.77101244 123.45698734 126.23599905]";1997-12-07;1998-01-25
9;8;ridge_log;0.10641126177019268;57.142857142857146;0.10361745147209853;16.46353071485899;0.10358180194491938;15.109622212406222;[145.393990929705, 153.458049886621, 175.977891156463, 140.547052154195, 128.954081632653, 128.44387755102, 130.144557823129, 137.18820861678];"[153.7855906  145.7567558  148.51236513 150.96647125 149.41778766
 148.06942259 146.04190372 148.10075045]";1997-12-07;1998-01-25
14;8;ridge_log;0.0848268045734242;42.857142857142854;0.08066949143789387;12.641046508280237;0.08063927396443488;10.781554914187486;[137.528344671202, 115.235260770975, 125.821995464853, 143.197278911565, 126.729024943311, 129.166666666667, 131.774376417234, 150.694444444445];"[139.49632012 139.78127117 140.12066498 139.82862227 139.5804316
 139.53687988 139.49074454 139.56130514]";1997-10-12;1997-11-30
29;8;ridge_log;0.06132105781993964;85.71428571428571;0.061246923390081545;7.553741266797216;0.061220604655128456;7.1324673304789545;[122.619047619048, 108.956916099773, 110.615079365079, 127.18253968254, 110.530045351474, 106.944444444444, 113.945578231293, 125.722789115646];"[116.07078215 115.95983105 116.43883032 116.54588129 116.52701801
 116.28658864 116.21492849 116.28310736]";1997-10-12;1997-11-30
19;8;ridge_log;0.1358621706029361;28.571428571428573;0.12124537444616423;18.11788953520154;0.12119318415817533;14.10936267238616;[113.052721088435, 100.93537414966, 117.757936507937, 126.615646258504, 113.732993197279, 120.592403628118, 92.1485260770975, 131.56179138322];"[126.39610586 125.48127559 130.47143948 129.15633861 129.26553337
 124.85453934 129.73124641 129.20776775]";1997-10-12;1997-11-30
4;8;ridge_log;0.6143859066196341;28.571428571428573;0.29353998244121404;49.202644497704156;0.29340523172654465;34.2103554935626;[30.7256235827664, 116.624149659864, 163.137755102041, 199.475623582767, 117.247732426304, 147.151360544218, 156.391723356009, 166.751700680272];"[149.50848982 148.65062977 150.82374038 147.87124168 149.80626274
 149.31347056 149.71060918 149.19835421]";1997-10-12;1997-11-30
24;8;ridge_log;0.11852088986743983;28.571428571428573;0.12286459048264771;22.369744917085832;0.12281799650951697;16.34228256703259;[116.09977324263, 129.747732426304, 122.108843537415, 140.178571428571, 107.96485260771, 119.189342403628, 117.587868480726, 176.062925170068];"[131.37868445 119.76178462 119.90911384 124.48634666 129.96274219
 126.00749943 122.86751563 122.57717187]";1997-10-12;1997-11-30
9;8;ridge_log;0.06910752924439179;42.857142857142854;0.06573708186551083;11.847356266349259;0.06571482861387526;9.726025782254256;[142.998866213152, 127.565192743764, 150.198412698413, 161.833900226757, 143.069727891156, 148.4410430839, 142.517006802721, 157.993197278912];"[144.74961162 150.59538208 158.04127591 156.22961898 159.36678323
 157.02280368 154.82753635 155.60241571]";1997-10-12;1997-11-30
35;8;ridge_log;0.11551296542678013;28.571428571428573;0.1125942238840793;9.441569002077117;0.11251888069990953;8.451115623812509;[76.7290249433107, 76.4314058956917, 60.2182539682539, 84.8781179138321, 64.7675736961452, 85.8843537414967, 81.9727891156462, 83.7868480725625];"[81.48101073 74.8591627  76.66034214 74.87618894 75.12799552 76.0061395
 76.43022635 74.72736804]";1998-03-29;1998-05-17
30;8;ridge_log;0.07761083264548581;57.142857142857146;0.07885577905205489;10.709020334913289;0.07882306106786101;9.525336372111203;[126.048752834467, 132.312925170068, 127.054988662131, 123.937074829932, 101.969954648526, 134.07029478458, 118.835034013605, 127.465986394558];"[117.81401577 119.79612702 118.24495393 118.96484584 117.51711762
 118.05891767 118.33265646 117.85801199]";1998-03-29;1998-05-17
40;8;ridge_log;0.11647980861221488;14.285714285714286;0.11370315678623627;16.73987351116317;0.11366096912832893;15.369943198294505;[148.100907029478, 158.90022675737, 126.615646258503, 114.710884353742, 120.252267573696, 151.062925170068, 120.535714285714, 142.361111111111];"[137.91336996 134.37945279 138.19702863 139.30281654 136.91296058
 136.23533752 137.48028719 138.71604469]";1998-03-29;1998-05-17
45;8;ridge_log;0.11226347212137297;57.142857142857146;0.12048688918904722;16.961239044760116;0.1204384525433638;15.001591637551506;[119.118480725624, 139.413265306122, 134.807256235828, 126.757369614512, 112.230725623583, 144.033446712018, 131.916099773243, 124.305555555555];"[112.16404388 116.18481794 113.0227433  113.10030504 115.77572967
 116.56245989 117.76929446 115.08008036]";1998-03-29;1998-05-17
50;8;ridge_log;0.10877576663400353;28.571428571428573;0.11625051425539099;20.498449939818403;0.11620177666979198;14.018920266696938;[113.085218306155, 126.328248290373, 119.358232509206, 110.244608101, 92.3724355602315, 159.810625986323, 111.809573908469, 121.962125197265];"[110.27206184 110.44717014 108.90710378 109.37934097 110.19639936
 109.61719285 109.97215867 109.67620571]";1998-03-29;1998-05-17
55;8;ridge_log;0.1764861704906295;42.857142857142854;0.18589042265801428;19.057702266282732;0.18576583080074943;14.218544115170278;[73.9216201998948, 83.6533403471857, 113.545502367175, 73.0010520778537, 49.3556023145713, 83.4297738032615, 76.1441346659652, 75.1841136244083];"[72.80478574 68.77054441 69.35469372 67.359541   68.90081011 68.32505182
 69.53871969 68.52305559]";1998-03-29;1998-05-17
35;8;ridge_log;0.09666034439635776;28.571428571428573;0.09109214714282364;8.83704855640647;0.0910322317671033;6.937968218479334;[67.6729024943311, 75.5243764172336, 86.4937641723356, 77.891156462585, 83.2199546485259, 63.9314058956916, 69.2743764172336, 82.327097505669];"[70.78154823 82.18425975 76.18295359 82.83474632 82.52093049 82.80562517
 78.17529479 80.32044306]";1998-02-01;1998-03-22
30;8;ridge_log;0.0798233601702474;42.857142857142854;0.08109015805113395;10.953287964687398;0.08105537700901166;9.472789729876586;[121.612811791383, 124.06462585034, 119.926303854875, 99.6773240244721, 133.956916099773, 118.891723356009, 115.164399092971, 122.307256235828];"[112.00231469 112.07598221 112.63282902 115.99898828 115.90476208
 114.99387459 114.45445445 114.39916566]";1998-02-01;1998-03-22
40;8;ridge_log;0.1021088962309842;71.42857142857143;0.10549714403060916;16.35112022807742;0.10545791680633153;14.240604422759171;[127.876984126984, 109.665532879819, 141.695011337868, 146.683673469388, 133.956916099773, 138.081065759637, 150.680272108844, 157.482993197279];"[131.88543255 128.70055979 128.67814115 131.80996452 129.60928008
 129.84489779 127.99064159 129.76564681]";1998-02-01;1998-03-22
45;8;ridge_log;0.08022213012875659;28.571428571428573;0.07944459026766759;10.909625150411124;0.07940944107646679;8.992627822047494;[116.56746031746, 113.392857142857, 110.856009070295, 107.624716553288, 129.804421768707, 112.414965986394, 118.353174603175, 105.881519274376];"[ 97.99048016 107.16847053 118.8888496  127.1414005  126.12126585
 118.93230332 117.03183542 113.94981817]";1998-02-01;1998-03-22
50;8;ridge_log;0.1707456486504758;28.571428571428573;0.1901240955462018;22.687836941858833;0.19003195075639334;19.66964223600136;[125.433982114677, 93.0825881115203, 111.954234613361, 100.960021041557, 119.857969489742, 124.329300368227, 83.1358003485455, 111.217780115729];"[90.63190718 90.8332074  91.16888431 91.22229529 91.70647403 91.02932539
 91.29788255 91.04872657]";1998-02-01;1998-03-22
55;8;ridge_log;0.24473556658377527;85.71428571428571;0.19892033610309642;17.377838329162714;0.19877896336860695;14.136637181382898;[71.8174644923725, 43.0431351920042, 71.2519726459759, 74.105733824303, 79.1425565491846, 70.4497632824829, 76.5912677538138, 63.4271436086271];"[82.02406108 81.48608373 82.7863217  83.04338585 83.62759485 83.46702419
 83.45874841 83.02891498]";1998-02-01;1998-03-22
30;8;ridge_log;0.12305509045978713;28.571428571428573;0.1147937046168733;14.987012689495353;0.11474589830189066;13.788062803992279;[119.231859410431, 118.409863945578, 132.893990929705, 110.615079365079, 110.430839002268, 103.401360544218, 111.224489795918, 119.359410430839];"[128.17254049 127.96316126 125.7475601  126.1280365  128.155175
 128.66902334 128.73140036 128.01163715]";1997-12-07;1998-01-25
35;8;ridge_log;0.22747048354649146;42.857142857142854;0.2050278688986016;18.463646166852055;0.20489309260811922;15.987429690888552;[97.2930839002267, 107.667233560091, 101.856575963719, 81.3350340136054, 46.8253968253969, 66.8509070294785, 69.3027210884354, 69.2460317460318];"[85.94945456 84.32578999 80.8092057  82.72784653 80.4455578  82.69361104
 79.49762201 80.3624477 ]";1997-12-07;1998-01-25
40;8;ridge_log;0.12913660307363162;57.142857142857146;0.12968113170863824;19.1547945749124;0.12963091138186153;16.86985259589169;[139.625850340136, 139.710884353742, 156.916099773243, 155.924036281179, 112.03231292517, 119.21768707483, 101.261337868481, 131.760204081633];"[130.01727534 123.81934773 126.98485725 129.68832875 129.24209606
 126.99400317 126.5707588  128.76396515]";1997-12-07;1998-01-25
45;8;ridge_log;0.18396323212281201;42.857142857142854;0.1845196450559265;25.80037320089586;0.18443843167192492;21.2767650216675;[101.261337868481, 129.166666666667, 163.988095238095, 123.696145124717, 106.037414965986, 83.1916099773242, 95.8616780045352, 98.8236961451247];"[118.95106957 106.9322529  107.75828472 114.0169612  115.399368
 112.01928458 108.31484403 112.56188275]";1997-12-07;1998-01-25
50;8;ridge_log;0.356107726941588;42.857142857142854;0.29364429383184965;31.391503496774906;0.293491178672839;28.479555980620564;[118.990005260389, 142.043661230931, 73.8953182535508, 78.6285130394433, 63.9137296159916, 94.2793266701737, 71.3571804313519, 93.8979484481852];"[113.41836239 111.079787   110.49169249 111.94600895 111.69423777
 110.83543714 111.2797446  111.02582625]";1997-12-07;1998-01-25
55;8;ridge_log;0.20203808342664673;42.857142857142854;0.20768416198257986;24.790596480816802;0.20756186615780764;18.229073060076235;[80.5760126249341, 102.169910573383, 139.334560757496, 85.0078905839031, 66.4518674381905, 61.5728563913729, 67.5433982114676, 66.2546028406102];"[80.92531074 80.72554049 79.96667941 79.83609243 80.22535471 80.30289945
 80.59069963 80.20300787]";1997-12-07;1998-01-25
30;8;ridge_log;0.05100325839896269;71.42857142857143;0.050264038158154015;7.794801560824913;0.05024418799473965;6.373413448860399;[136.267006802721, 113.407029478458, 136.72052154195, 137.740929705216, 131.831065759637, 130.442176870748, 118.168934240363, 125.453514739229];"[129.72962581 126.27243844 125.5481771  134.36991644 133.87088202
 131.0231263  129.4508696  128.59197362]";1997-10-12;1997-11-30
35;8;ridge_log;0.10491802096634273;42.857142857142854;0.10592801018088277;11.414034503460135;0.10586191465708003;8.526340909593511;[84.8497732426303, 63.6054421768707, 86.3378684807257, 91.5958049886622, 78.3871882086168, 72.4773242630385, 78.7131519274377, 95.5357142857143];"[88.56746802 81.64976982 80.57897531 76.59582837 78.45111523 73.73915636
 75.08266061 74.80212967]";1997-10-12;1997-11-30
40;8;ridge_log;0.09244345900586104;85.71428571428571;0.08895556799923489;13.357106490002034;0.08892073982892032;11.39932631558635;[125.368480725624, 106.420068027211, 138.293650793651, 139.696712018141, 135.019841269841, 116.482426303855, 122.576530612245, 149.560657596372];"[132.18502902 131.80861596 131.84926954 132.12487202 132.28613352
 131.93539992 131.9472124  132.1447277 ]";1997-10-12;1997-11-30
45;8;ridge_log;0.16073131953469622;57.142857142857146;0.1441334729583728;19.602890965997332;0.1440713919505146;16.760007402775983;[107.49716553288, 91.7091836734694, 112.329931972789, 133.574263038549, 113.222789115646, 107.440476190476, 104.875283446712, 122.463151927438];"[121.89585445 127.4712168  134.59276078 131.66430491 129.595533
 126.94262974 125.62392132 125.58616686]";1997-10-12;1997-11-30
50;8;ridge_log;0.07372918409835143;57.142857142857146;0.07517573617926543;9.701011147371133;0.07514119457731941;8.197901109047955;[111.03366649132, 93.8979484481851, 111.362440820621, 105.68122041031, 118.608627038401, 113.959444903685, 102.09100473435, 123.961073119411];"[105.35990091 106.57525737 107.63525677 107.23286586 106.14051681
 106.28523137 106.23391879 106.29300606]";1997-10-12;1997-11-30
55;8;ridge_log;0.12085046960560149;57.142857142857146;0.11243283075115701;11.166588581699916;0.11236001874949189;8.738710760701757;[82.8248290373488, 72.0015781167807, 59.1947668073016, 94.8711204629142, 89.9263545502367, 83.3308283860624, 85.1920042083114, 70.1209889531825];"[81.87696679 79.85294074 82.60918078 81.40900093 81.99037146 81.34048701
 82.29500778 81.53159577]";1997-10-12;1997-11-30
31;8;ridge_log;0.12484546231755655;28.571428571428573;0.11386279278230223;18.0027195109595;0.1138183293787991;14.621020212093528;[150.340136054422, 122.19387755102, 120.549886621315, 121.159297052154, 100.977891156463, 129.549319727891, 133.659297052154, 136.848072562358];"[138.46435412 139.44837224 139.15391615 137.87061909 138.74762131
 138.61785277 137.8628697  138.32877023]";1998-03-29;1998-05-17
36;8;ridge_log;0.2937852137587015;71.42857142857143;0.2760811374601297;34.46436072065871;0.27593383845475;27.309144375451908;[101.530612244898, 79.6626984126986, 53.0045351473923, 69.0617913832199, 85.3883219954649, 126.417233560091, 172.831632653061, 86.4654195011338];"[90.9116325  93.36171764 93.59248972 95.67927281 95.82197275 96.1690068
 97.28511793 97.1867473 ]";1998-03-29;1998-05-17
41;8;ridge_log;0.0839252606389033;42.857142857142854;0.08812667581266195;15.010784069043096;0.08809649612328885;12.88037114158779;[144.246031746032, 157.511337868481, 133.74433106576, 152.253401360544, 128.784013605442, 164.314058956916, 153.713151927438, 155.527210884354];"[143.81762646 140.56158817 138.01747844 136.78762157 137.39038424
 137.5621444  139.03669781 139.6360632 ]";1998-03-29;1998-05-17
46;8;ridge_log;0.05906057341317238;57.142857142857146;0.06186686773951612;20.597033376662246;0.06185513555278217;16.31944297933423;[254.280045351474, 260.572562358277, 262.585034013605, 259.05612244898, 255.711451247166, 292.786281179138, 272.534013605442, 280.144557823129];"[251.14018075 251.08405858 250.99538243 250.69127961 250.45776077
 251.34611649 250.77233804 250.62740753]";1998-03-29;1998-05-17
51;8;ridge_log;0.09326741545159736;57.142857142857146;0.09343350507602102;26.608233461113574;0.0934112335605889;19.802591906689567;[198.645449763282, 221.225670699632, 269.989479221462, 184.968437664387, 169.831667543398, 226.420305102578, 211.322987901105, 201.998947922146];"[189.77269413 219.47487627 213.02331208 211.5906437  203.65549246
 206.44040318 210.05281515 211.13386033]";1998-03-29;1998-05-17
56;8;ridge_log;0.09065383351415354;71.42857142857143;0.08751417553103026;12.602199973007357;0.0874779897973496;10.636541065863346;[131.970015781168, 140.623356128353, 120.581273014203, 111.454497632825, 97.6065228826934, 134.324039978958, 133.048395581273, 129.852709100474];"[124.78560392 126.3454192  124.36910725 121.49263017 124.3697996
 125.62360763 124.27452266 124.28627812]";1998-03-29;1998-05-17
31;8;ridge_log;0.10007308142423174;71.42857142857143;0.09522434261226244;16.334884709368094;0.0951891870058274;12.977983032229323;[146.003401360544, 126.374716553288, 106.788548752835, 130.78231292517, 154.931972789116, 144.770408163265, 138.066893424036, 162.840136054422];"[141.71234201 140.51821104 140.70861189 140.96859673 141.68036759
 141.67720435 141.43332665 141.2684148 ]";1998-02-01;1998-03-22
36;8;ridge_log;0.2599757382120863;100.0;0.3002103189116846;26.06888109059595;0.3000334765027032;25.512289552206695;[102.735260770975, 100.481859410431, 94.1893424036282, 86.9331065759637, 105.130385487528, 102.480158730159, 93.7925170068027, 93.0555555555555];"[76.36541599 73.90245529 72.46951776 72.15053883 73.32272446 69.37190879
 69.17812853 67.93917988]";1998-02-01;1998-03-22
41;8;ridge_log;0.13337542927462898;57.142857142857146;0.1297550349366891;20.02746944726233;0.1297086844678078;18.295351153540597;[110.501700680272, 120.416274523136, 131.972789115646, 130.711451247166, 160.78514739229, 174.433106575964, 153.401360544218, 155.598072562358];"[141.5946274  142.16503731 142.76189501 143.46854452 143.74049534
 143.55451962 143.54248696 143.4052646 ]";1998-02-01;1998-03-22
46;8;ridge_log;0.04583672037116936;28.571428571428573;0.04358879532150366;16.346873999542037;0.043579695268517446;10.462045324914257;[258.460884353742, 242.871315192744, 257.100340136054, 255.952380952381, 253.897392290249, 207.8089569161, 250.921201814059, 259.169501133787];"[250.4305282  250.73720257 249.48890589 250.72485778 250.92621066
 250.6754875  250.72734573 250.2399078 ]";1998-02-01;1998-03-22
56;8;ridge_log;0.150349242055181;28.571428571428573;0.16684451639059344;23.38232754430839;0.16677415104241566;19.827608691287907;[115.846922672278, 125.315623356128, 122.606522882693, 107.233035244608, 149.053129931615, 138.729615991584, 116.267753813782, 126.551814834298];"[105.08933256 103.67301916 107.35170929 108.33217503 107.80099731
 103.23609796 104.49206289 105.20643456]";1998-02-01;1998-03-22
51;8;ridge_log;0.12014559593357019;28.571428571428573;0.13265435274988774;37.53466900408415;0.13262230183629578;27.586753538843723;[205.28669121515, 233.824302998422, 195.081536033667, 183.837453971594, 228.577064702788, 263.256180957391, 169.700157811678, 185.468174644924];"[185.56972792 176.84737514 186.31055713 187.54370693 190.7116922
 186.6426918  185.16310246 183.88707564]";1998-02-01;1998-03-22
36;8;ridge_log;0.556263338075213;71.42857142857143;0.3550295291290826;39.48144114441838;0.3548180174921112;30.20549532798251;[118.962585034014, 125.0, 107.001133786848, 53.7273242630385, 38.1802721088436, 64.5266439909298, 75.0425170068027, 103.883219954649];"[113.57552824 114.24899245 112.79869002 112.58053982 111.89498139
 109.63770747 111.48860136 109.46648933]";1997-12-07;1998-01-25
31;8;ridge_log;0.08963783016521756;57.142857142857146;0.09262585363494036;20.191353281372027;0.09259397866743259;13.596482332488677;[151.629818594104, 144.367521688668, 188.690476190476, 139.625850340136, 133.304988662131, 117.531179138322, 127.763605442177, 136.451247165533];"[139.64954904 139.15172627 139.01663542 138.6072691  139.53739738
 139.01171586 138.54883008 138.83644877]";1997-12-07;1998-01-25
41;8;ridge_log;0.11872059256176434;28.571428571428573;0.12540084365724455;27.8118337870461;0.1253595841443889;19.330654863285403;[132.312925170068, 166.72335600907, 210.260770975057, 141.921768707483, 128.613945578231, 147.037981859411, 124.815759637188, 125.524376417233];"[141.9867566  141.95231751 141.358323   141.96728147 141.89610666
 141.49413017 141.4546109  141.31192062]";1997-12-07;1998-01-25
46;8;ridge_log;0.10324750857937176;57.142857142857146;0.11436787158331728;42.249223744425656;0.1143449061393324;28.635708031978876;[263.137755102041, 259.197845804989, 322.066326530612, 226.615646258503, 209.041950113379, 223.327664399093, 221.301020408163, 248.767006802721];"[220.88666757 221.03802107 221.6817526  220.62532375 220.49604645
 220.82192206 221.03512362 220.69288673]";1997-12-07;1998-01-25
56;8;ridge_log;0.2593129274782762;42.857142857142854;0.22060383425030172;27.97856782888926;0.22050141115848287;24.05453424568565;[130.15518148343, 139.873750657549, 140.833771699106, 93.9768542872173, 92.7932667017358, 67.5302472382957, 103.879537085744, 106.956864807996];"[126.86110081 119.3954365  116.2052991  125.28470819 124.01609427
 121.17491405 116.2701338  122.42632636]";1997-12-07;1998-01-25
51;8;ridge_log;0.1521502717644161;42.857142857142854;0.14649785324909032;36.5131853204981;0.146458074314284;27.394790622727143;[197.856391372962, 207.969489742241, 258.561283534982, 188.197769463739, 136.804921863538, 148.921620199895, 181.680694371383, 172.198842714361];"[198.90747814 183.64817357 185.51604006 182.15373402 189.83709847
 189.53166577 189.23296129 185.70099674]";1997-12-07;1998-01-25
36;8;ridge_log;0.3871943419656359;57.142857142857146;0.48688684674848737;46.69516396794709;0.4866212362761159;44.871468321071944;[120.833333333333, 119.614512471655, 111.777210884354, 97.7831514860898, 107.18537414966, 126.757369614512, 102.536848072562, 131.207482993197];"[88.68597462 80.69003798 70.22882809 66.53372047 63.77040228 62.09504577
 63.14737148 63.57215575]";1997-10-12;1997-11-30
31;8;ridge_log;0.1130258302755506;28.571428571428573;0.1008846167259035;19.742973128238255;0.10084631909568122;13.424799365902443;[141.128117913832, 95.7199546485261, 149.291383219954, 130.116213151927, 155.62641723356, 139.725056689342, 144.869614512472, 162.769274376417];"[143.34042612 144.17846941 142.84271341 144.29886959 144.74899569
 143.7202293  143.28340397 143.13183338]";1997-10-12;1997-11-30
41;8;ridge_log;0.10798984688824262;42.857142857142854;0.10105414254098515;18.06025927446074;0.10101830765456221;14.318392960333151;[161.451247165533, 142.828798185941, 131.575963718821, 150.93537414966, 155.612244897959, 111.09693877551, 133.234126984127, 166.524943310658];"[146.66519933 144.44130358 147.89524541 148.29919486 148.18755241
 150.13028094 149.17338441 149.72910592]";1997-10-12;1997-11-30
46;8;ridge_log;0.12167731794839051;42.857142857142854;0.10805328943623443;31.868836432737154;0.10802822957603411;23.37966614931252;[217.020975056689, 207.950680272109, 164.611678004535, 246.24433106576, 241.794217687075, 223.228458049887, 207.922335600907, 234.679705215419];"[238.6456608  238.63793712 238.54705483 238.33203934 238.28501142
 238.31868087 238.46060154 238.41972825]";1997-10-12;1997-11-30
56;8;ridge_log;0.05734364088747007;85.71428571428571;0.0590721745965225;10.165227800554192;0.059048406503268744;7.359720464056965;[113.190426091531, 112.006838506049, 122.027880063125, 136.059968437665, 119.84481851657, 118.75955011147, 113.269331930563, 141.846396633351];"[119.66617768 118.58384026 120.72157787 120.88595172 119.72695099
 119.50966095 120.31508195 120.41543356]";1997-10-12;1997-11-30
51;8;ridge_log;0.09217663857067626;42.857142857142854;0.09059187531879884;20.718394071457958;0.090567312584277;16.80766712113249;[187.611783271962, 167.964229352972, 217.096265123619, 199.263545502367, 214.807995791689, 149.607707364903, 186.568204346441, 173.329826407154];"[190.46355586 181.17679364 186.52319539 188.77793628 188.65519396
 186.29692967 185.29962009 186.55753916]";1997-10-12;1997-11-30
37;8;ridge_log;0.05868162658235011;57.142857142857146;0.06040066596523077;16.964477817315537;0.06038572713598464;12.227886476464224;[187.825963718821, 196.825396825397, 191.850907029478, 181.164965986395, 196.626984126984, 229.804421768707, 213.888888888889, 198.993764172336];"[206.48255062 194.9488781  194.2161506  189.13441046 201.79443242
 193.63563018 190.6246957  196.63889911]";1998-03-29;1998-05-17
32;8;ridge_log;0.1608695520303721;28.571428571428573;0.17389619900031802;30.492846201242973;0.17383753923535677;25.954333714545797;[135.756802721088, 161.848072562358, 158.149092970522, 190.079365079365, 112.641723356009, 150.637755102041, 180.00283446712, 151.587301587302];"[136.91408451 132.72911502 135.05175912 135.10840366 136.36740726
 135.2130368  135.36006187 136.09034128]";1998-03-29;1998-05-17
42;8;ridge_log;0.11776475992745278;57.142857142857146;0.11347740513237514;22.447943890935647;0.11343845757584589;16.752239463552097;[148.256802721088, 157.8089569161, 173.313492063492, 151.332199546485, 104.861111111111, 182.057823129252, 166.836734693878, 151.913265306122];"[149.17697885 149.2631594  149.48678645 149.14336337 148.4572291
 148.20886169 148.67183567 148.98684349]";1998-03-29;1998-05-17
47;8;ridge_log;0.13014970788465893;57.142857142857146;0.12995321625380016;25.759613754809816;0.12991565043094327;22.677741640564122;[200.949546485261, 180.753968253968, 193.721655328798, 186.493764172336, 130.980725623583, 214.597505668934, 153.472222222222, 181.221655328798];"[172.24342861 173.30748749 174.77702783 170.79374801 170.31755136
 171.71464373 171.78769712 171.13212708]";1998-03-29;1998-05-17
57;8;ridge_log;0.12820989787785197;42.857142857142854;0.14059878482429217;23.78575400373122;0.1405486724421459;19.756578688169313;[137.835349815886, 151.301946344029, 145.607574960547, 136.770120988953, 126.157285639137, 172.77748553393, 142.990531299316, 156.483429773803];"[127.56033961 124.90313772 126.30583539 127.10203402 126.62775776
 126.93648461 126.7786532  126.59779678]";1998-03-29;1998-05-17
52;8;ridge_log;0.08925458670816602;57.142857142857146;0.09381665617707272;8.74253766492287;0.0937573898302943;7.435828752182189;[78.4192530247238, 80.3129931614939, 86.8095739084692, 78.4061020515518, 68.5691741188848, 91.2677538137822, 78.5113098369279, 85.0341925302472];"[75.77451788 75.32316172 75.85791187 74.91229264 74.66960339 74.25722614
 74.41809471 74.83177262]";1998-03-29;1998-05-17
37;8;ridge_log;0.08343235455229646;85.71428571428571;0.07758236996049002;23.49471617887084;0.07756330124789618;15.817773791713446;[202.395124716553, 180.768140589569, 185.16156462585, 177.664399092971, 216.113945578231, 190.915532879818, 195.833333333333, 214.52664399093];"[199.8220969  190.69528539 240.28871237 206.20678161 197.79027779
 190.72231998 194.96037782 203.54399275]";1998-02-01;1998-03-22
32;8;ridge_log;0.09483020669308816;57.142857142857146;0.08848274739349918;14.843732015024974;0.08845080537166039;12.265384293487719;[139.469954648526, 119.628684807256, 136.238662131519, 131.09410430839, 146.301020408163, 126.190476190476, 139.229024943311, 150.255102040816];"[153.9720657  147.5716381  147.49815173 146.33229203 144.46088941
 145.22301126 145.87891223 148.5973227 ]";1998-02-01;1998-03-22
47;8;ridge_log;0.25083488733841375;28.571428571428573;0.21438188479121692;45.735551143528475;0.21432470072806648;40.23355024195603;[207.312925170068, 189.739229024943, 145.624036042613, 169.21768707483, 145.649092970522, 175.46768707483, 187.287414965986, 163.137755102041];"[202.04061937 210.98195336 218.09633026 215.17353681 214.6682844
 212.90289539 211.50945999 209.38653817]";1998-02-01;1998-03-22
42;8;ridge_log;0.05667678369165303;71.42857142857143;0.05689234882013729;9.533257373564117;0.056873081499209756;8.410151312061789;[155.342970521542, 152.225056689342, 160.912698412698, 148.384353741497, 143.494897959184, 133.27664399093, 136.522108843537, 159.708049886621];"[146.55730998 147.75232209 147.83812775 147.14965163 147.00827328
 146.49452031 146.24506498 146.44871509]";1998-02-01;1998-03-22
57;8;ridge_log;0.20531715009751605;100.0;0.16628755823165306;28.898516285331276;0.16622188445602662;21.27150841945017;[149.53971593898, 127.275118358759, 125.449369647912, 79.5393223044083, 156.970015781168, 125.39452919516, 131.351920042083, 141.649132035771];"[149.86531926 149.23452126 149.15823901 148.09370845 148.18412078
 148.15354307 148.48042089 148.59952793]";1998-02-01;1998-03-22
52;8;ridge_log;0.10615130401194711;42.857142857142854;0.11402070292124739;9.435684579552175;0.11394119449150385;8.178525832252877;[79.6028406102051, 69.8207531302895, 75.841662283009, 72.9089952656498, 67.8149166031484, 77.735402419779, 72.8169384534455, 82.0357706470278];"[70.06104605 69.17012328 66.91172233 64.96672119 65.45251562 65.27139307
 65.52234386 65.79320735]";1998-02-01;1998-03-22
32;8;ridge_log;0.20369586630322956;71.42857142857143;0.2370576706549692;44.94420811856217;0.2369763578743247;34.929101113189446;[150.212585034014, 178.500566893424, 210.884353741497, 153.543083900227, 116.865079365079, 106.451700441706, 125.141723356009, 172.023809523809];"[122.14051873 112.69135222 122.38743095 127.05350079 122.90123488
 119.71008812 121.6537945  124.24125955]";1997-12-07;1998-01-25
37;8;ridge_log;0.1982875511103418;57.142857142857146;0.198008287963877;51.10969646106914;0.1979595683449255;40.988046922755814;[240.802154195011, 223.143424036281, 303.458049886621, 153.032879818594, 160.133219954649, 163.236961451247, 177.593537414966, 211.649659863946];"[205.9196595  171.87345368 200.5882762  212.18654939 211.11836003
 178.7980126  188.78610447 209.65995108]";1997-12-07;1998-01-25
42;8;ridge_log;0.1222322757663427;42.857142857142854;0.12071887421718808;20.7200256649433;0.12067867355617086;18.243410970723215;[157.553854875283, 161.550453514739, 192.81462585034, 135.770975056689, 138.43537414966, 132.865646258503, 127.891156462585, 133.90022675737];"[150.53579979 150.12336707 151.52874682 151.50037092 150.62058043
 150.71697345 151.07627082 151.16545028]";1997-12-07;1998-01-25
47;8;ridge_log;0.11046530146526343;57.142857142857146;0.1268401452567363;47.30330636843739;0.126811352652603;28.2766102359846;[211.862244897959, 235.870181405896, 307.157029478458, 190.419501133787, 195.266439909297, 178.117913832199, 191.652494331066, 186.72052154195];"[185.65764812 184.99908827 187.1260127  186.24597542 184.30257769
 184.26957356 185.21340703 185.34248131]";1997-12-07;1998-01-25
57;8;ridge_log;0.145037162719953;42.857142857142854;0.1648911470225322;34.889023979559845;0.16483537317885705;24.644505817415418;[160.034192530247, 155.733824302998, 211.296685954761, 145.857443450815, 130.54971067859, 120.594423987375, 134.508153603366, 138.558653340347];"[126.57747089 127.16830118 127.04047647 125.06861401 126.94249275
 126.11408841 126.04555662 126.05936983]";1997-12-07;1998-01-25
52;8;ridge_log;0.2604958481274556;42.857142857142854;0.22183057547401472;17.458002436761657;0.22167071026145754;15.535021252007672;[91.12309310889, 59.1004734350342, 57.0226196738558, 45.6075749605471, 72.8037874802735, 69.1215149921095, 72.4618621778012, 72.290899526565];"[76.60676802 77.91262792 77.6549384  78.23697309 80.24509607 82.91925483
 81.7353173  79.46836957]";1997-12-07;1998-01-25
37;8;ridge_log;0.07769674068313442;100.0;0.07561258425180206;18.555911026693703;0.07559278542869519;14.620630592235166;[193.778344671202, 160.147392290249, 234.778911564626, 209.112811791383, 201.133786848073, 158.786848072562, 203.202947845805, 231.164965986395];"[201.15132545 185.96625326 210.05024782 209.24146506 197.12547837
 187.9703883  200.91136626 207.7325103 ]";1997-10-12;1997-11-30
32;8;ridge_log;0.12245739031101864;57.142857142857146;0.11222897011746788;16.981132818629924;0.11218287524435144;13.732377672673334;[116.992630385487, 93.5799319727892, 137.542517006803, 142.857142857143, 121.40022675737, 112.684240362812, 129.053287981859, 140.830498866213];"[131.3895621  130.81475235 131.42665697 130.94174151 131.36173784
 131.06790757 131.34724678 131.27362804]";1997-10-12;1997-11-30
42;8;ridge_log;0.19252331805661133;71.42857142857143;0.16724485560761734;31.308865837885918;0.16719148043865611;26.28713853030609;[153.996598639456, 113.577097505669, 164.314058956916, 180.15873015873, 140.589569160998, 141.25566893424, 153.358843537415, 161.323696145125];"[177.39144543 176.99738125 176.1619989  175.69542412 174.98694517
 175.15688402 176.27493486 177.27974544]";1997-10-12;1997-11-30
47;8;ridge_log;0.17434758857266425;14.285714285714286;0.15184474706964607;36.42693933607977;0.15180417355044795;28.48167361729367;[201.984126984127, 169.600340136055, 222.803287981859, 172.732426303855, 148.710317460318, 152.253401360544, 216.468253968254, 207.312925170068];"[208.99664387 210.20584495 210.36313804 210.86322176 210.93334517
 210.4790638  210.39748533 210.45788822]";1997-10-12;1997-11-30
57;8;ridge_log;0.19059040979516673;57.142857142857146;0.15538165303875967;28.712275266739045;0.1553191412976344;19.38056378825045;[144.345081536034, 150.433982114676, 147.724881641242, 106.091137138706, 110.082144378004, 134.382906239824, 147.185691741189, 87.3882167280379];"[146.69411019 146.82763007 147.00376874 146.43060609 146.4086667
 146.37255807 146.50731999 146.42221859]";1997-10-12;1997-11-30
52;8;ridge_log;0.13043693224364739;42.857142857142854;0.11674989420092033;12.261231167465445;0.11667336182190735;9.003368852404538;[75.9337190952131, 72.0015781167807, 83.6138874276697, 93.5034192530247, 88.5718043135191, 94.4525258814732, 81.7069963177276, 54.3135192004208];"[78.96677761 82.0615884  81.95867109 81.61399086 83.87955485 86.13385176
 84.99643077 83.40239843]";1997-10-12;1997-11-30
33;8;ridge_log;0.0936468019732237;57.142857142857146;0.09241272562767078;27.25170201458557;0.0923944057068465;23.404796838402735;[277.210884353742, 272.293083900227, 231.09410430839, 260.204081632653, 225.212585034014, 300.212585034014, 251.672335600907, 214.668367346939];"[254.63493084 254.22878665 254.50783377 254.25874854 254.32476749
 254.47470824 254.37611489 254.3535902 ]";1998-03-29;1998-05-17
38;8;ridge_log;0.11516376824561433;14.285714285714286;0.11717726263052997;17.706590863343116;0.1171334793809837;15.703190563078012;[131.87358276644, 137.074829931973, 145.946712018141, 147.789115646259, 114.044784580499, 141.184807256236, 145.890022675737, 139.498299319728];"[151.50575231 133.9796654  115.95626803 133.0092364  135.54209244
 134.29952324 126.36007295 129.28297373]";1998-03-29;1998-05-17
43;8;ridge_log;0.06846773657953008;57.142857142857146;0.0665496820178501;11.499496693145751;0.0665240627594349;8.673374401453357;[126.303854875283, 129.393424036281, 134.651360544218, 121.768707482993, 110.884353741497, 152.636054421769, 129.37925170068, 131.774376417233];"[133.17878563 132.95407749 133.40841951 133.00302181 132.70728367
 133.22644471 133.3227951  133.07244901]";1998-03-29;1998-05-17
48;8;ridge_log;0.09849673042226668;57.142857142857146;0.10478664925934772;18.155180977778794;0.10474406901624302;12.991356150113274;[133.460884353742, 158.092403628118, 120.748299319728, 123.611111111111, 100.255102040816, 114.696712018141, 119.657029478458, 108.758503401361];"[114.61257393 114.70414675 113.86999942 113.49289684 114.17432428
 114.46188002 114.4594006  114.10458802]";1998-03-29;1998-05-17
58;8;ridge_log;0.18635634086891334;42.857142857142854;0.18686270647941539;19.82558261345161;0.1867535131007405;16.3189345837147;[92.9905312993162, 73.4481851657024, 88.1509731720146, 84.0478695423461, 56.0625986322988, 106.930562861652, 118.490268279853, 103.774329300368];"[82.8347848  83.27451796 83.97083396 84.42696898 83.23772183 83.00883248
 83.66325351 83.68803892]";1998-03-29;1998-05-17
53;8;ridge_log;0.13713748482614302;28.571428571428573;0.1384351215834332;18.566117678199547;0.1383783004460252;16.927348112522765;[138.598106259863, 140.570752235665, 132.995791688585, 142.214623882167, 117.937927406628, 100.604944765913, 113.821672803788, 102.511835875855];"[121.76550844 114.52569425 116.74032945 117.82364445 127.63350092
 123.34554898 115.2953703  120.49664808]";1998-03-29;1998-05-17
33;8;ridge_log;0.09526521469441161;28.571428571428573;0.10011756244667555;24.540275635614123;0.10009693847336495;24.297530934681248;[253.28798185941, 249.050453514739, 260.034013605442, 256.292517006803, 258.503401360544, 250.77947845805, 253.018707482993, 256.25];"[233.43853172 227.11682297 230.42951005 230.45732168 230.26620247
 230.66841909 230.32709341 230.13240441]";1998-02-01;1998-03-22
38;8;ridge_log;0.1383248485276913;28.571428571428573;0.12544522419800352;21.23429739629782;0.12539411389781108;15.571719353932302;[142.729591836735, 135.643424036281, 133.843537414966, 118.466553287982, 157.823129251701, 135.345804988662, 86.0260770975055, 137.5];"[122.31413128 126.16835702 133.83253625 133.93427833 134.71633059
 132.25376357 133.8954657  132.36372763]";1998-02-01;1998-03-22
43;8;ridge_log;0.04959511347203356;42.857142857142854;0.05140838310309615;9.311746238324774;0.05138904068980095;6.838139878741117;[126.87074829932, 140.46201814059, 129.53514739229, 129.903628117914, 148.327664399093, 129.322562358276, 121.074263038549, 134.495464852608];"[128.53808833 127.39596104 126.82368844 127.83392685 127.97956239
 128.10939364 128.14927404 127.9411849 ]";1998-02-01;1998-03-22
48;8;ridge_log;0.1240179108660715;57.142857142857146;0.11611701447946038;15.78892582723887;0.11606638451376927;13.36847507854125;[132.454648526077, 113.59126984127, 119.84126984127, 99.8441043083899, 137.457482993197, 117.984693877551, 103.259637188209, 94.2460317460316];"[120.62907084 120.9048435  121.44060938 121.55584906 121.70837877
 121.4288286  121.38998043 121.42001457]";1998-02-01;1998-03-22
58;8;ridge_log;0.055843120654056305;28.571428571428573;0.05399059072350183;5.304195833248366;0.053958603882172884;4.555858543545035;[80.2735402419779, 80.2209363492898, 90.7943187795897, 81.4308258811152, 80.9705418200947, 78.8532351394004, 85.1788532351394, 88.0852183061546];"[82.23510173 87.13372438 87.59283235 86.08804679 87.64699335 88.36985315
 86.65327985 86.03890297]";1998-02-01;1998-03-22
53;8;ridge_log;0.18337656283589243;42.857142857142854;0.16109975852288133;24.261974375362797;0.16102818251941922;18.448771311337975;[147.422409258285, 126.775381378222, 124.026827985271, 122.264597580221, 144.923724355602, 100.657548658601, 72.1199368753288, 134.665965281431];"[118.54350493 118.27118333 124.73647419 125.40567129 124.09473308
 123.78013336 124.26016152 124.40141769]";1998-02-01;1998-03-22
33;8;ridge_log;0.1449827572219235;71.42857142857143;0.1563744531456211;50.20327345900635;0.1563412066884094;37.33557163589196;[251.998299319728, 263.265306122449, 331.136621315193, 171.357709750567, 208.333333333333, 215.802154195011, 229.861111111111, 243.863378684807];"[213.13238048 212.57400227 216.1982597  212.16844207 214.79996122
 215.1712196  213.54981527 213.89398054]";1997-12-07;1998-01-25
38;8;ridge_log;0.10551787078670585;14.285714285714286;0.11043494865840948;20.93058365048664;0.1103933778904066;14.769897830179032;[142.474489795918, 143.891723356009, 170.960884353742, 126.700680272109, 110.260770975057, 116.142290249433, 124.475623582766, 115.15022675737];"[133.84195383 128.14297477 119.93735775 127.46122933 127.65813493
 128.63484454 123.23032109 126.00882845]";1997-12-07;1998-01-25
43;8;ridge_log;0.10944336544441068;57.142857142857146;0.11748852022197903;23.85646293214462;0.11744438711884464;15.854028078465817;[130.215419501134, 140.462018140589, 183.205782312925, 114.569160997732, 109.651360544218, 111.72052154195, 113.109410430839, 121.981292517007];"[121.74940384 121.79074218 121.92086223 121.75358734 121.7711293
 121.87493421 121.78240331 121.70288025]";1997-12-07;1998-01-25
48;8;ridge_log;0.13063930570645987;42.857142857142854;0.12502974457991706;19.43088341935527;0.12497765294016723;15.147540506371877;[124.886621315193, 144.359410430839, 152.621882086168, 101.318027210884, 124.121315192744, 92.3185941043083, 113.662131519274, 122.222222222222];"[126.65300854 121.1631574  124.01854274 125.40150742 124.59181552
 123.70289418 123.22585995 124.33455762]";1997-12-07;1998-01-25
58;8;ridge_log;0.1707815652900256;42.857142857142854;0.1677256933962809;17.62245339305983;0.16763040388700495;14.966159475726931;[91.6096791162546, 101.459758022094, 124.658074697528, 83.8769068911099, 74.8158863755918, 76.4992109416097, 72.8037874802735, 68.9637033140452];"[87.53700074 87.64093088 88.63083121 89.48595503 88.41897051 87.57717053
 88.46391137 88.82401436]";1997-12-07;1998-01-25
53;8;ridge_log;0.1497622918614197;28.571428571428573;0.16006779985762457;25.259467458209993;0.16000271373695724;19.903865568952064;[107.877432930037, 124.566017885324, 173.63229879011, 124.776433456076, 111.730668069437, 111.086270384009, 118.990005260389, 117.740662809048];"[122.84013519 102.05291169 115.38060757 107.33140814 124.58827448
 126.38808878 102.41279262 116.41890069]";1997-12-07;1998-01-25
33;8;ridge_log;0.12209469682194601;42.857142857142854;0.11679914231722262;30.865671209935734;0.11677135183983556;24.806760413859717;[219.827097505669, 200.453514739229, 224.036281179138, 239.99433106576, 238.024376417234, 153.925736961451, 237.089002267574, 260.303287981859];"[217.03977065 216.16616347 216.58871654 216.36036003 216.46044878
 216.64155797 216.37784735 216.4216195 ]";1997-10-12;1997-11-30
38;8;ridge_log;0.18448397906656855;85.71428571428571;0.16532632259850943;25.247123277113335;0.16526609083760363;22.758124061684704;[117.120181405896, 110.856009070295, 129.435941043084, 136.72052154195, 133.843537414966, 132.638888888889, 117.587868480726, 137.698412698413];"[158.59986252 138.67278223 159.35362377 160.69420631 150.29407835
 135.78243745 143.67585482 150.89350759]";1997-10-12;1997-11-30
43;8;ridge_log;0.05859568075762905;57.142857142857146;0.05715207385113998;8.717021800129444;0.057128361289793574;6.899474959984795;[120.039682539683, 105.93820861678, 112.542517006803, 125.070861678004, 131.136621315193, 124.716553287982, 120.493197278911, 133.942743764172];"[122.80900593 123.02990776 123.38633874 123.33428992 123.3002897
 123.20323745 123.07545766 123.12026794]";1997-10-12;1997-11-30
48;8;ridge_log;0.09400395450353134;85.71428571428571;0.08965179377283858;13.152920299221632;0.08961534810777672;11.067457228302104;[120.15306122449, 100.836167800453, 122.562358276644, 134.141156462585, 132.043650793651, 118.395691609977, 116.269841269841, 145.039682539682];"[128.49368998 127.59980197 128.22415655 128.51368354 128.63612143
 128.49308825 128.27915174 128.4077953 ]";1997-10-12;1997-11-30
58;8;ridge_log;0.06768485694613867;57.142857142857146;0.0647427751930357;6.877377916116855;0.06470619315244042;5.732966583411978;[78.0641767490795, 87.1120462914256, 88.6375591793792, 94.8974224092584, 82.7590741714887, 89.104105608577, 87.493424513414, 97.4092582851131];"[92.34200992 91.65017499 92.66033885 93.06596898 91.74457536 91.54874424
 92.27253878 92.42497468]";1997-10-12;1997-11-30
53;8;ridge_log;0.2686067425944282;28.571428571428573;0.20931715063018;33.196178783736414;0.20922796282519313;24.73434403566055;[135.586533403472, 95.9495002630194, 136.125723303524, 106.341005628974, 129.747501315097, 117.334294755953, 72.1221734353921, 133.087848500789];"[131.81047392 138.42520288 148.83048739 140.15020624 133.83141396
 141.06177161 143.37344155 139.13421638]";1997-10-12;1997-11-30
34;8;ridge_log;0.09809577735409479;57.142857142857146;0.0985169665467055;14.082042805314359;0.09847634868118785;12.016520042508596;[132.65306122449, 146.442743764172, 115.674603174603, 127.012471655329, 96.7970521541951, 130.130385487528, 125.793650793651, 125.850340136054];"[119.58780447 121.17813262 120.81946321 118.67488912 119.46217203
 120.15294162 120.02023157 119.94647322]";1998-03-29;1998-05-17
39;8;ridge_log;0.12077471333988815;57.142857142857146;0.12393193785418202;18.564333300327288;0.12388283722657409;15.746392666722409;[129.336734693878, 136.366213151927, 121.598639455782, 96.938775510204, 129.237528344671, 153.032879818594, 138.577097505669, 145.734126984127];"[122.01349213 121.99036758 121.79422178 121.89594541 121.93615789
 122.01401177 121.7914584  121.7207036 ]";1998-03-29;1998-05-17
44;8;ridge_log;0.14092453906746782;57.142857142857146;0.1148789629288578;20.140599307292725;0.11482515849611033;12.409173988296414;[118.820861678005, 121.641156462585, 117.828798185941, 107.157029478458, 71.485260770975, 131.944444444444, 123.951247165533, 126.743197278912];"[130.13646539 129.34687469 117.34759655 114.00352542 125.0845783
 125.21343699 120.21591873 117.8844783 ]";1998-03-29;1998-05-17
49;8;ridge_log;0.10150497748728887;57.142857142857146;0.10145821013737316;19.28309587524957;0.1014273074988787;16.721360632382183;[170.564058956916, 169.855442176871, 176.955782312925, 170.46485260771, 187.03231292517, 186.649659863946, 131.816893424036, 177.933673469388];"[161.3691457  161.85356648 170.78891554 159.72424135 162.89781413
 159.7581144  165.73282809 163.20903431]";1998-03-29;1998-05-17
59;8;ridge_log;0.2283989288648382;71.42857142857143;0.20138761233049263;26.458843756377952;0.2012973852988016;22.758372625856378;[133.350867964229, 161.322987901105, 85.4287217254077, 100.973172014729, 102.998421883219, 83.4166228300894, 96.7517096265123, 117.280378748027];"[133.70377059 128.96193688 116.85349971 121.34257027 130.87283085
 126.49277795 119.11769065 121.52268475]";1998-03-29;1998-05-17
54;8;ridge_log;0.05817381264901917;42.857142857142854;0.055880902720473705;6.148951927857107;0.05584268426674691;4.100847688772532;[76.880589163598, 73.198316675434, 75.4602840610206, 78.2219884271436, 61.2177801157286, 84.1793792740662, 78.3271962125197, 74.907943187796];"[75.43026374 75.72583918 75.5388402  75.76840937 75.55875541 75.54806114
 75.59970862 75.50496056]";1998-03-29;1998-05-17
39;8;ridge_log;0.03768529921969425;57.142857142857146;0.03705146236186506;5.06154367691136;0.03703625786807164;4.514732931132777;[127.196712018141, 114.753401360544, 117.644557823129, 121.839569160998, 122.831632653061, 117.134353741496, 120.833333333333, 129.06746031746];"[124.10273405 123.08822388 123.10951451 123.8221376  124.3248671
 124.42929473 124.37447871 124.15524329]";1998-02-01;1998-03-22
34;8;ridge_log;0.0980226021441479;57.142857142857146;0.09221343185933148;12.83646041849044;0.09217614933256348;11.40511340235065;[113.081065759637, 115.77380952381, 118.225623582767, 111.034188355335, 125.907029478458, 129.109977324263, 119.444444444444, 121.414399092971];"[126.53497074 128.65548102 135.32055024 132.0819915  130.5648398
 130.77291389 130.80793888 130.49275872]";1998-02-01;1998-03-22
44;8;ridge_log;0.14748222003999112;28.571428571428573;0.1551159683296156;26.98869861323383;0.1550498847554242;18.410012527789746;[158.503401360544, 109.282879818594, 123.795351473923, 83.8010204081632, 143.90589569161, 117.063492063492, 115.249433106576, 120.337301587302];"[101.76304724 111.06050552 123.50096951 115.97891141 106.27156675
 107.57030104 113.87375222 112.550655  ]";1998-02-01;1998-03-22
49;8;ridge_log;0.10606030695609722;57.142857142857146;0.10221297875224038;20.326328603541175;0.10218276819622198;17.377313527896963;[171.414399092971, 153.642290249433, 155.569727891157, 166.964285714286, 148.398526077097, 172.066326530612, 164.356575963719, 167.304421768707];"[145.90953989 164.65262788 164.48995798 208.85501611 162.33960656
 163.92108289 178.85074433 182.41628019]";1998-02-01;1998-03-22
59;8;ridge_log;0.0937615652242807;42.857142857142854;0.09540990719607612;15.789518783770305;0.09537168439110172;11.982061012084172;[136.401893740137, 133.982114676486, 116.109942135718, 120.817990531299, 154.050499736981, 123.803261441347, 101.341399263545, 113.869624651544];"[120.28119032 125.88791321 125.65052113 119.26566087 120.48580043
 123.288709   121.59311505 120.08733167]";1998-02-01;1998-03-22
54;8;ridge_log;0.09555503698062864;42.857142857142854;0.10209100884307423;9.032503513079877;0.10202140214361816;7.493274175388125;[87.0153374342898, 75.6443976854287, 75.841662283009, 66.2283008942662, 76.6438716465019, 71.4886901630721, 71.6728037874803, 77.0910047343503];"[67.82714375 68.16483649 68.18958506 68.43051956 68.480608   68.36709691
 68.34997229 68.2745505 ]";1998-02-01;1998-03-22
39;8;ridge_log;0.12022663305793663;14.285714285714286;0.12740935246594484;22.631097804836475;0.12735925699275244;16.39154243481569;[132.057823129252, 140.532879818594, 172.321428571429, 117.842970521542, 106.221655328798, 103.231292517007, 109.112811791383, 113.12358276644];"[118.89691424 118.39110713 117.96818253 118.17073534 118.30046517
 118.32907846 118.1028835  118.10556231]";1997-12-07;1998-01-25
34;8;ridge_log;0.13736950211684423;57.142857142857146;0.14475647554258492;25.46802008710229;0.14470212021553003;19.513764186240266;[144.614512471655, 144.189342403628, 184.552154195011, 117.885487528345, 108.319160997733, 110.700113378685, 115.235260770975, 116.935941043084];"[126.40910857 123.05394757 123.58136294 125.18925781 124.29224998
 125.82455445 125.4856952  124.08272977]";1997-12-07;1998-01-25
44;8;ridge_log;0.19370058431590514;28.571428571428573;0.18578472985938158;25.511897690365938;0.1857028425698355;21.270323221820586;[122.278911564626, 126.09126984127, 157.298752834467, 103.1320861678, 85.9268707482993, 92.219387755102, 105.31462585034, 100.907029478458];"[119.01034574 106.21784618 109.66054724 123.32300777 123.1014183
 112.89376133 109.38976206 118.17444123]";1997-12-07;1998-01-25
49;8;ridge_log;0.10300426042803075;57.142857142857146;0.11118493600790079;24.464820788787982;0.1111518496130615;18.85792686387299;[162.074829931973, 152.80612244898, 220.209750566893, 160.445011337868, 171.258503401361, 132.256235827664, 173.90873015873, 175.368480725623];"[144.52625292 160.04963776 166.17931839 163.79926162 145.46601273
 135.56562904 158.45102977 151.24142487]";1997-12-07;1998-01-25
59;8;ridge_log;0.11879363771961882;28.571428571428573;0.11723784617487641;16.85282276407942;0.11719111485279984;14.744050182171252;[122.540768016833, 131.641241451867, 152.932667017359, 110.560231457128, 116.162546028406, 124.447659126776, 110.37611783272, 113.624408206207];"[131.19659375 119.90472469 121.13738825 130.86121037 130.80169496
 122.36265032 123.20209039 129.5380792 ]";1997-12-07;1998-01-25
39;8;ridge_log;0.06729865075889592;57.142857142857146;0.06479054107188549;9.36642169596994;0.06476263364468124;7.534600874953577;[110.501700680272, 99.9574829931973, 126.289682539683, 121.967120181406, 128.103741496599, 111.989795918367, 120.861678004535, 125.566893424036];"[119.70913057 120.30251837 120.4478145  119.83969813 119.75435603
 119.91148773 119.96509762 119.97949944]";1997-10-12;1997-11-30
34;8;ridge_log;0.06340308839709406;57.142857142857146;0.06130749471767358;9.37253847034087;0.06128251071135997;7.544916665792471;[118.962585034014, 105.456349206349, 123.313492063492, 141.241496598639, 129.832766439909, 131.533446712018, 127.395124716553, 116.935941043084];"[126.63976406 124.01380892 127.35825799 130.7335997  128.22633302
 124.71941726 127.36330238 128.05568759]";1997-10-12;1997-11-30
54;8;ridge_log;0.06919019798250939;28.571428571428573;0.07513140772594218;8.802023087459633;0.07507833909027038;5.337182816242156;[64.9943459761601, 76.9331930562861, 85.5207785376118, 66.2677538137822, 63.0720673329826, 62.9142556549185, 60.8890057864282, 65.3077327722252];"[64.85154267 64.64205911 64.36065118 64.05078606 64.27904643 64.12089806
 64.3765672  64.32248552]";1997-12-07;1998-01-25
44;8;ridge_log;0.07735373052910158;85.71428571428571;0.07718135236386875;12.33417095499956;0.07714854636762541;9.16281053740495;[108.347505668934, 104.591836734694, 120.691609977324, 149.433106575964, 112.060657596372, 103.458049886621, 103.018707482993, 121.003401360544];"[115.09810265 114.19167519 120.09373379 121.92596841 116.44034045
 113.09890165 117.51314472 120.67133871]";1997-10-12;1997-11-30
49;8;ridge_log;0.2953445062568645;71.42857142857143;0.24693627491084857;49.11338264610552;0.2468633449025154;42.40448169745853;[161.451247165533, 127.33843537415, 166.765873015873, 132.397959183673, 122.137188208617, 144.501133786848, 164.611678004535, 191.794217687075];"[165.50659078 190.99438628 241.53015485 191.83628418 154.98670409
 192.66568913 216.44739217 196.26638452]";1997-10-12;1997-11-30
59;8;ridge_log;0.059694762842151014;85.71428571428571;0.058668478481995745;8.688958638004566;0.05864549434174039;7.521236672594963;[114.29510783798, 120.515518148343, 125.867964229353, 132.798527091005, 131.575486586007, 115.761128228251, 126.196738558653, 147.211993687533];"[116.7843533  110.43642453 135.80493079 145.02500387 124.61842948
 119.7900186  139.7039186  146.26701025]";1997-10-12;1997-11-30
54;8;ridge_log;0.1769102169854847;42.857142857142854;0.14926304716903704;12.665169288121634;0.14914207916416547;9.28596344916647;[51.8411362440822, 42.4644923724356, 65.0710152551289, 72.5539189900052, 64.2030510257759, 77.3339846196238, 67.7012098895318, 74.7632824829037];"[70.49556127 70.5794198  70.34616422 70.46873217 70.277426   70.3300622
 70.33940726 70.32175789]";1997-10-12;1997-11-30
65;8;ridge_log;0.12764087344195657;57.142857142857146;0.12267945402259527;25.4041242637654;0.12264485455258554;21.946335283638856;[197.685428721725, 207.456601788532, 170.449763282483, 131.102051551815, 169.765912677538, 211.441346659653, 204.050499736981, 191.806943713835];"[182.80048609 182.4649906  181.86929995 182.09207535 182.18239148
 182.18503161 182.05297729 182.19269202]";1998-03-29;1998-05-17
60;8;ridge_log;0.0549197261383428;14.285714285714286;0.054636198669838876;7.368381218721318;0.054611874186007076;6.141573134644151;[120.870594423987, 118.897948448185, 113.321935823251, 108.364018937401, 99.6449237243556, 119.77906365071, 117.372435560232, 113.90057864282];"[112.21740045 110.88805266 111.82284541 112.70334466 113.72790986
 112.336801   112.88579416 113.28138965]";1998-03-29;1998-05-17
70;8;ridge_log;0.16190448776220076;71.42857142857143;0.146422141137333;15.527073536577754;0.1463381747098535;12.986720893466398;[105.08942661757, 88.4928984744872, 82.9203301520504, 57.9694897422409, 96.8306154655445, 105.470804839558, 111.493950552341, 104.497632824829];"[92.50000507 96.9295476  94.62951824 92.29939428 92.2494973  95.72754779
 97.57123413 95.91612062]";1998-03-29;1998-05-17
75;8;ridge_log;0.08973672486963089;57.142857142857146;0.0931280060089675;11.77583136757098;0.09308598644554457;10.338549733034771;[105.510257759074, 122.553918990005, 111.809573908469, 110.349815886376, 94.3976854287217, 124.053129931615, 117.872172540768, 120.476065228827];"[106.56983408 106.36546846 106.30909871 106.14520705 106.47778286
 106.45498625 105.97589836 106.29529355]";1998-03-29;1998-05-17
85;8;ridge_log;0.09180464364564936;42.857142857142854;0.09585634464924622;11.720465877787566;0.09580650243592906;9.238637180566393;[100.657548658601, 108.337716991057, 95.8442924776433, 96.2782745923198, 82.3119410836401, 93.1220410310364, 112.190952130458, 104.208311415045];"[100.61212939  99.33620444  88.97964734  89.33377202  95.17064521
  93.14566411  89.31560949  88.91296335]";1998-03-29;1998-05-17
80;8;ridge_log;0.11745018387358938;57.142857142857146;0.11143111431318137;7.893635975169658;0.11134152376182727;6.954275602730518;[60.9153077327723, 68.5560231457128, 54.1688584955287, 60.8232509205681, 51.4334560757496, 74.9605470804839, 58.3377169910573, 68.3587585481326];"[64.87633172 65.41484528 65.10543576 65.01468875 64.90454171 65.10426703
 65.15883018 65.10324954]";1998-03-29;1998-05-17
65;8;ridge_log;0.06632192575138865;0.0;0.06729282423385001;14.563845464809175;0.06727416399512456;12.155917390297045;[190.570752235666, 163.282482903735, 161.454497632825, 181.286165176223, 203.445554971068, 180.063124671226, 174.855339295108, 194.437138348238];"[176.87415503 177.38692885 177.94672618 177.59740151 176.89906002
 176.95939405 176.98216151 176.94888238]";1998-02-01;1998-03-22
60;8;ridge_log;0.16240571878643997;57.142857142857146;0.14844522673177413;19.051474099904354;0.1483836461624683;17.90991732486195;[104.642293529721, 102.590741714887, 119.213571804314, 114.68963703314, 128.235139400316, 107.022619673856, 113.874276696476, 115.189374013677];"[122.85066974 130.78494149 134.5571702  134.24888263 134.71956288
 133.01757273 130.42043896 128.13775384]";1998-02-01;1998-03-22
70;8;ridge_log;0.18903900375658195;42.857142857142854;0.21880001487395645;22.684766475256197;0.21867213520376588;18.752297072429364;[102.380326144135, 101.052077853761, 90.2814308258812, 92.0699631772751, 107.653866386112, 96.8569174118885, 91.8595476065228, 83.4692267227775];"[64.82529439 64.75751433 82.35317316 89.97877487 85.0174721  74.38939806
 74.88577903 87.54087983]";1998-02-01;1998-03-22
75;8;ridge_log;0.0924228976755045;85.71428571428571;0.09821449091164505;11.445505252504635;0.09816615248261581;9.979479237363389;[113.637559179379, 102.038400841662, 104.734350341925, 99.0794318779589, 108.153603366649, 102.446081009995, 98.1325618095739, 112.966859547607];"[94.58626582 94.05454547 95.59494666 95.04708298 96.21630718 95.53987487
 95.3326947  94.98129639]";1998-02-01;1998-03-22
65;8;ridge_log;0.12875738466135794;57.142857142857146;0.1277786701971578;28.79241740415746;0.12774174066781965;22.38670978436057;[208.061546554445, 199.039978958443, 219.463440294582, 163.216728037875, 125.889315922757, 159.166228300894, 170.462914255655, 171.620199894792];"[172.74408913 172.10869588 171.2568365  171.9827277  171.75996293
 171.53572119 171.62365097 172.09165759]";1997-12-07;1998-01-25
60;8;ridge_log;0.193568791793571;57.142857142857146;0.1994881289608322;31.376025211128614;0.19941334088076976;27.029538207738298;[165.255128879537, 167.648605996844, 182.943187795897, 121.948974224093, 120.410310362967, 104.024197790637, 106.378221988427, 101.867438190426];"[127.87649983 126.19152212 127.62325121 127.82109848 127.2234502
 126.66014453 127.21011203 127.79499347]";1997-12-07;1998-01-25
85;8;ridge_log;0.3945372872280897;42.857142857142854;0.31858103901297957;36.499322619186394;0.31843109565985356;33.91622435574589;[81.7464492372435, 100.697001578117, 77.1721471334457, 78.1240569171733, 105.168332456602, 94.0426091530774, 85.9153077327722, 102.235665439243];"[108.26680321 123.51977379 133.71733067 132.01163292 128.0225623
 125.1147508  124.31832374 121.46018705]";1998-02-01;1998-03-22
80;8;ridge_log;0.14516618026307726;42.857142857142854;0.12703114684936848;10.904443875476192;0.12693226960120366;8.181145362077066;[71.8306154655444, 66.6491320357706, 64.3608627038402, 48.1194108364019, 72.6459758022093, 67.4250394529195, 60.0473435034192, 59.9158337716991];"[70.96695751 71.05817966 71.35062471 71.93087484 72.32713179 72.37054752
 72.10531654 71.96873998]";1998-02-01;1998-03-22
70;8;ridge_log;0.240858023260763;71.42857142857143;0.19826677423846845;21.17584112060456;0.19814737561315765;16.535921095412444;[96.6859547606522, 101.341399263545, 99.5397159389795, 64.9526564965808, 57.8905839032089, 73.7375065754865, 81.4965807469752, 83.6796422935297];"[ 99.77854903 100.30469464  97.7447829   95.30456803  96.46331247
  99.14015183  99.23687379  97.97520073]";1997-12-07;1998-01-25
75;8;ridge_log;0.24214110303800251;42.857142857142854;0.2218721209813198;22.73194624701769;0.22175324849312808;21.009041652885188;[117.569700157812, 108.666491320358, 132.601262493425, 79.8921620199894, 88.2430299842189, 64.8605996843766, 75.0416894795794, 82.2856391372961];"[99.7025408  99.31426611 99.47245649 99.97260529 99.42306576 99.58083769
 99.43083281 99.63992141]";1997-12-07;1998-01-25
65;8;ridge_log;0.16765750430891918;100.0;0.15190212330722305;30.192994062368605;0.15185911875807617;26.88827179412819;[152.62903907837, 146.015255128879, 150.678900352005, 167.648605996844, 178.39295107838, 169.969439643296, 187.66438716465, 212.26985796949];"[193.41555392 192.23496034 192.5079742  192.62141708 192.76279447
 192.41537913 192.49548    192.6186643 ]";1997-10-12;1997-11-30
60;8;ridge_log;0.10256850813433555;71.42857142857143;0.09359986536381143;16.426581290679515;0.09356241070671323;11.77217189019053;[125.39452919516, 95.7390846922671, 135.889005786428, 137.927406628091, 129.629142556549, 121.731670048345, 128.577064702788, 152.340873224619];"[134.60181535 134.8112354  134.78958851 134.88216407 134.78012447
 134.60975073 134.82782259 134.86741528]";1997-10-12;1997-11-30
85;8;ridge_log;0.2079848852603973;57.142857142857146;0.22541450456883247;35.85024266244744;0.2253202644256857;27.42327988434971;[131.904260915308, 155.944239873751, 176.946344029458, 109.442398737507, 92.5039452919516, 89.9658074697526, 90.5576012624935, 100.512887953708];"[117.98769172  97.9047076  102.87680065 120.8566732  118.06553892
 101.74696323 100.83213068 114.84192892]";1997-12-07;1998-01-25
80;8;ridge_log;0.22734423194755068;57.142857142857146;0.21852645872411763;18.903018562916458;0.21837065040789572;15.707770233951802;[84.9815886375592, 77.2488164124145, 110.455023671752, 67.9510783798001, 54.1184911629039, 49.973698053656, 56.9963177275118, 59.4292477643346];"[72.30912876 71.6086394  70.78719946 71.4683857  71.3396009  71.19151086
 71.00364794 71.14738847]";1997-12-07;1998-01-25
70;8;ridge_log;0.14662262853961516;85.71428571428571;0.16056140732809937;16.455962588715614;0.1604745349890655;14.859147435669048;[105.48395581273, 88.0326144134666, 91.8463966333509, 102.393477117307, 110.323513940032, 104.00415821247, 91.4913203577065, 92.3855865334034];"[84.12584663 83.89590101 84.06927168 83.74417713 86.2513227  81.86958059
 80.77411161 82.35763219]";1997-10-12;1997-11-30
75;8;ridge_log;0.2662219361379279;57.142857142857146;0.23321753128081596;26.40620510978067;0.2331122652368089;25.841028337415615;[91.8595476065229, 90.7548658600737, 101.617569700158, 104.103103629669, 92.2277748553393, 102.70221186844, 100.512887953709, 104.405576012625];"[124.20952843 123.15510574 125.25459899 125.334391   125.35920752
 122.48353945 124.46213668 124.65325638]";1997-10-12;1997-11-30
85;8;ridge_log;0.13473244015127425;100.0;0.1270931173050174;15.734177342866404;0.12703309139820607;13.570843928721223;[94.0689110994213, 82.6670173592846, 105.35244608101, 127.630194634403, 104.839558127301, 92.8378264333964, 111.217780115728, 133.968963703314];"[111.63931845 109.00352412 112.57175942 114.63042533 111.52260803
 109.8475341  111.39770194 113.40088842]";1997-10-12;1997-11-30
80;8;ridge_log;0.12812344963631747;85.71428571428571;0.13749467135307475;10.620323957886965;0.13739300660247455;9.321048994124183;[60.2840610205156, 56.3650710152552, 67.7012098895319, 81.6149395055234, 69.9237243556023, 75.4402444828535, 70.2656496580747, 76.2098895318253];"[62.58839558 62.13660038 62.43141517 62.90985201 62.55256774 62.22652938
 62.18016505 62.36260004]";1997-10-12;1997-11-30
66;8;ridge_log;0.07979497538313148;28.571428571428573;0.08254099070853584;19.379676808356056;0.0825191103638387;15.61294119727977;[187.164650184114, 208.456075749605, 161.779689738424, 176.749079431878, 174.237243556023, 218.08258811152, 184.350341925303, 201.801683324566];"[181.51824882 181.48990499 181.82343975 181.36878694 181.47546012
 181.58405088 181.1372734  181.12400571]";1998-03-29;1998-05-17
61;8;ridge_log;0.13602899658938533;0.0;0.1299475504279958;20.946818736454237;0.1299004521167214;18.062142012626666;[113.256180957391, 157.969489742241, 158.850604944766, 151.998947922146, 107.890583903209, 167.267227774855, 154.563387690689, 142.635455023672];"[143.68100678 142.22914838 141.67848231 142.37831708 142.70722211
 142.68072653 143.06623808 143.27438141]";1998-03-29;1998-05-17
71;8;ridge_log;0.0759088014651527;28.571428571428573;0.07381992868646556;10.412665424362086;0.0737868568740155;8.261375770040953;[113.164124145187, 115.097317201473, 102.340873224618, 108.561283534982, 96.7517096265124, 131.141504471331, 105.786428195687, 117.030510257759];"[113.34633001 113.43514756 114.38896788 114.12301834 114.63058646
 114.12158085 113.92269086 113.42877219]";1998-03-29;1998-05-17
76;8;ridge_log;0.07778670706537016;28.571428571428573;0.07441572787161499;11.595996846809523;0.07438408395406673;8.779202336455889;[118.503419253025, 131.141504471331, 117.306680694371, 108.140452393477, 98.2640715412941, 135.178853235139, 121.514992109416, 126.604418726986];"[121.17244167 121.08129615 119.1495945  120.81482846 123.16800454
 122.74120645 121.83448777 121.27839609]";1998-03-29;1998-05-17
66;8;ridge_log;0.11238580102988138;57.142857142857146;0.09751500911984934;26.748283542195264;0.09748708713972702;17.173342745302907;[213.229879011047, 196.67280378748, 201.525512887954, 189.939505523409, 187.901104681746, 127.208140840064, 173.185165702262, 199.000526038927];"[194.58181125 194.09853294 194.89746152 196.59193596 196.2201952
 195.78857613 195.42734737 195.25831195]";1998-02-01;1998-03-22
61;8;ridge_log;0.050545698949985514;42.857142857142854;0.05101076962722652;9.050170118146127;0.05099290570483181;7.292756912615591;[128.274592319832, 135.244608100999, 144.91057338243, 144.936875328774, 159.061020515518, 142.872172540768, 148.776959495003, 147.356654392425];"[140.91598989 142.26242754 143.41888733 143.0875368  141.17714662
 140.49476704 140.41557396 140.6375056 ]";1998-02-01;1998-03-22
81;8;ridge_log;0.10626387467125079;85.71428571428571;0.10530386792794195;11.633875106742002;0.10524538395441665;9.546004979630693;[92.0962651236192, 87.2435560231457, 101.95949500263, 79.9710678590215, 71.2388216728039, 108.94266175697, 102.459231983167, 89.452919516044];"[89.98247619 90.04696427 90.56394815 89.91656772 89.85682385 90.34812961
 90.26075624 90.15170539]";1998-03-29;1998-05-17
86;8;ridge_log;0.079009126828108;57.142857142857146;0.08268501723810401;13.220525698328057;0.08265523497701165;11.486309935762451;[151.394003156234, 149.842188321936, 126.43345607575, 128.971593897948, 127.288269331931, 152.998421883219, 144.923724355602, 139.584429247764];"[132.71873953 132.28999417 131.5524037  132.13364476 132.8033248
 132.01953788 131.60515779 132.01491206]";1998-03-29;1998-05-17
71;8;ridge_log;0.0977174610215075;42.857142857142854;0.09879556509164086;15.6241984397807;0.09875241625468566;11.419293446943685;[111.204629142557, 102.301420305103, 146.317727511836, 111.099421357181, 128.840084166228, 110.086796422935, 103.730224335921, 91.3992635455024];"[110.9465734  112.14358521 113.58251729 112.20953791 111.31409269
 111.65909216 111.85272012 111.5872807 ]";1998-02-01;1998-03-22
76;8;ridge_log;0.11120202519683522;42.857142857142854;0.1071198982951206;14.421403177696847;0.10707604617138076;13.127309464114607;[112.429906207617, 132.548658600737, 119.055760126249, 146.054708048395, 133.140452393477, 103.274592319832, 108.245660178853, 114.794844818517];"[116.93920197 121.50226098 129.13480669 127.93206712 125.75338626
 126.77861743 126.84127138 126.56923721]";1998-02-01;1998-03-22
61;8;ridge_log;0.10743443739005226;42.857142857142854;0.10390875512104339;16.64841455847265;0.10387205465306425;14.77048381022432;[162.00683850605, 165.005260389269, 155.010520778538, 152.511835875855, 116.583377169911, 125.591793792741, 132.088374539716, 141.201998947922];"[146.81393704 145.04801307 143.52928509 146.43201133 146.73414567
 144.07277133 144.19826963 145.91301929]";1997-12-07;1998-01-25
66;8;ridge_log;0.16575238791930663;42.857142857142854;0.1518704826745867;35.0213966793119;0.15183220364518812;30.3214860953111;[222.106785902157, 227.104155707522, 253.45870594424, 156.667543398212, 160.63913729616, 181.667543398212, 186.993687532877, 201.854287217254];"[213.24917662 214.1355916  212.66158146 213.19114548 213.83690629
 214.05064209 213.3744842  213.31761166]";1997-12-07;1998-01-25
86;8;ridge_log;0.09328234795811093;71.42857142857143;0.09849455637508012;17.289954025342347;0.0984582545621985;13.412569270350037;[162.151499210942, 129.458179905313, 122.470361106042, 124.263545502367, 144.64755391899, 118.437664387165, 117.661756970016, 153.8532351394];"[127.45768785 127.12725394 127.44652486 128.12285537 128.08926634
 127.37819602 127.1831618  127.43311596]";1998-02-01;1998-03-22
81;8;ridge_log;0.05124212891852261;28.571428571428573;0.050387455741412346;5.1832171700350065;0.05035903128901616;4.467609999931476;[94.9785648083537, 93.0825881115203, 87.7827459231984, 81.9437138348238, 94.58179905313, 90.3603366649132, 82.0226196738559, 86.9542346133614];"[90.10160594 88.49162823 89.97080399 90.35089188 90.14575368 90.25703487
 90.12904524 89.98618701]";1998-02-01;1998-03-22
71;8;ridge_log;0.16387711011539852;42.857142857142854;0.19047125351248131;42.352605892879964;0.19039030473970092;23.669724236401017;[90.110468174645, 118.766438716465, 209.416096791163, 101.354550236718, 75.5917937927406, 96.528143082588, 108.600736454498, 100.184113624408];"[94.87932712 94.96525419 94.76940833 95.13971549 94.24820367 94.78527785
 94.567019   94.69087897]";1997-12-07;1998-01-25
76;8;ridge_log;0.12424971166066533;42.857142857142854;0.13450067243143815;25.560491767443363;0.13444840583689005;17.37442342415917;[108.179905312993, 155.365597054182, 162.322461862178, 111.559705418201, 111.796422935297, 122.514466070489, 114.005786428196, 117.49079431878];"[129.43074596 112.78876085 109.67800906 117.09582259 124.07204028
 123.93363476 113.38749074 114.81673548]";1997-12-07;1998-01-25
66;8;ridge_log;0.07588677183355699;14.285714285714286;0.0799041859812588;24.382807095584013;0.07988589649460132;17.526675200321648;[201.580353340705, 219.095213045765, 195.002630194634, 265.228826933193, 210.58188135854, 196.994689511786, 194.331930562862, 231.78590215676];"[206.89186825 206.06934943 206.30676846 205.80108909 205.61987336
 205.68199292 206.15752548 206.11666151]";1997-10-12;1997-11-30
61;8;ridge_log;0.09311366714507846;14.285714285714286;0.08995462879514389;16.20004289601193;0.08992383229859349;13.18561805161108;[146.27827459232, 123.776959495003, 153.905839032088, 165.12585570788, 150.69923813818, 142.628566418677, 127.22251446607, 170.831141504471];"[151.00529809 151.92136263 149.82551072 148.28063203 148.65355167
 148.92842682 149.7633751  150.0295832 ]";1997-10-12;1997-11-30
81;8;ridge_log;0.12423788378864412;57.142857142857146;0.12596636634089875;14.375131730748494;0.12589535848541825;11.28522087964719;[83.4429247764334, 104.471330878485, 115.86007364545, 72.4618621778012, 72.7511835875856, 80.0236717517096, 82.140978432404, 87.0988953182535];"[87.04321345 86.52164719 86.44092389 86.38798455 86.72672495 86.88769144
 86.11899225 86.52994765]";1997-12-07;1998-01-25
86;8;ridge_log;0.11641075179405544;71.42857142857143;0.11127987274496255;15.65862491776905;0.11123740797488102;14.615770191488776;[154.905312993161, 116.964755391899, 140.018411362441, 121.870068385061, 118.332456601789, 114.676486059968, 124.395055234087, 145.423461336139];"[136.57627785 135.84266775 136.31708277 137.56816226 136.90314687
 135.9492821  135.64297479 136.19507565]";1997-12-07;1998-01-25
71;8;ridge_log;0.11363741755130306;42.857142857142854;0.1039032080061677;13.519523378608328;0.10384486269257863;9.363063789360602;[99.7238295633876, 113.847974750131, 102.801157285639, 97.0147290899527, 64.6896370331404, 95.8768567921645, 85.7180431351921, 96.357180431352];"[95.21444244 95.28218908 95.00841925 95.37395725 95.31844357 94.96129438
 95.3828236  95.17050219]";1997-10-12;1997-11-30
76;8;ridge_log;0.14222941618859108;100.0;0.12384640519878896;19.924882106975687;0.12379237293534615;14.265963435204354;[122.869542346134, 93.4113624408206, 133.890057864282, 140.149921094161, 125.749605470805, 112.276120337667, 89.1241451867439, 127.958968963703];"[134.67314238 130.85182379 131.25230896 131.43931473 128.1070944
 126.3545685  125.8413815  127.57685155]";1997-10-12;1997-11-30
86;8;ridge_log;0.12443374356216075;57.142857142857146;0.1264620543681943;22.31715643052662;0.12641581232218413;17.472621020484038;[119.292477643346, 132.469752761704, 140.807469752762, 160.915307732772, 104.089952656497, 143.167756318729, 137.756443976854, 176.643871646502];"[132.95658094 132.28861226 132.3001474  133.06359169 133.52533633
 132.60733862 132.23403642 132.58539461]";1997-10-12;1997-11-30
67;8;ridge_log;0.13908595305223445;28.571428571428573;0.12500628696732752;46.57844167315192;0.12498591370165947;38.49205752002558;[317.043661230931, 353.103629668596, 291.504471330879, 316.675433982115, 232.77925167086, 295.673329826407, 309.692267227775, 301.591267753814];"[336.11836347 335.2501674  337.13835404 337.00214915 335.8199412
 335.62675935 336.29134258 337.04577112]";1998-03-29;1998-05-17
81;8;ridge_log;0.22832355885955855;57.142857142857146;0.19953775762666195;19.98807169111072;0.19942839682256655;18.22848881599961;[70.3182535507628, 74.184639663335, 82.8379800105207, 90.4918463966333, 87.7564439768542, 85.3692292277247, 84.797475013151, 99.0794318779589];"[101.98356199 102.57442753 102.17595395 103.28918395 104.1185415
 101.74681873 102.15580245 102.61892016]";1997-10-12;1997-11-30
62;8;ridge_log;0.0827595451699209;42.857142857142854;0.07735067899784909;10.841888801244039;0.07731028255571262;7.456691334867884;[100.473435034193, 109.573908469227, 101.604418726986, 96.1730668069437, 74.9342451341399, 103.932140978432, 112.966859547607, 105.68122041031];"[101.46605027 100.7106764   98.11812899  98.99387604 101.34695049
 102.49161691 102.08635871 100.92436627]";1998-03-29;1998-05-17
72;8;ridge_log;0.21084708058729906;42.857142857142854;0.1819863927001827;24.784346191036192;0.18190289361019196;19.884925110968897;[120.436612309311, 118.069437138348, 105.128879537086, 97.4224092582851, 78.563913729616, 128.287743293004, 102.301420305103, 95.9100473435034];"[102.64731668 114.32097963 112.40996873 117.05581406 125.34526775
 126.93291571 134.60148449 126.10095532]";1998-03-29;1998-05-17
77;8;ridge_log;0.09911290247464996;28.571428571428573;0.09816670662131809;16.86547789690208;0.09813215383889073;14.030490113666856;[150.078905839032, 153.274592319832, 131.91741188848, 133.732246186218, 113.834823776959, 173.066806943714, 156.299316149395, 146.133613887428];"[143.18071943 142.93603499 142.47524254 142.06207728 142.16081824
 142.47702308 142.49413058 142.73506235]";1998-03-29;1998-05-17
67;8;ridge_log;0.08431350477219657;71.42857142857143;0.08970935953228017;35.77680629058851;0.08969567083586116;29.416422326394418;[352.104155707523, 331.259863229879, 317.793266701736, 314.0978432404, 372.225144660705, 354.116254602841, 334.179379274066, 302.538137822199];"[306.95254771 305.64032531 303.93889124 307.6521718  307.07784961
 306.38397375 306.31516591 306.05453435]";1998-02-01;1998-03-22
62;8;ridge_log;0.08004149069153077;28.571428571428573;0.08207931243881547;10.151256804173086;0.08203820288658435;8.21218254593144;[94.4371383482378, 88.8085218306155, 113.729615991583, 112.848500789059, 104.155707522357, 92.3329826407154, 90.9915833771699, 99.5791688584955];"[ 88.87295501  91.77379227  93.58421658  99.36885493 100.4517257
 101.44315224 100.98334342 100.31621871]";1998-02-01;1998-03-22
82;8;ridge_log;0.1516389089473128;14.285714285714286;0.1564288470123225;38.83953712820686;0.15639261978651733;34.08634523530908;[202.301420305103, 234.061020515518, 232.009468700684, 219.31877958969, 158.074697527617, 263.729615991584, 237.940557601263, 267.88532351394];"[209.21645937 204.68165174 206.98345585 205.99642306 207.33863539
 206.63065882 207.31348622 206.82730527]";1998-03-29;1998-05-17
87;8;ridge_log;0.4515479098471654;57.142857142857146;0.31992821253124126;29.512451437077846;0.319706880904803;23.707662826299668;[54.1294055760126, 61.7438190426091, 38.5718043135192, 48.7506575486586, 89.5844292477644, 113.637559179379, 120.213045765387, 113.755917937927];"[ 94.58546154  81.15937793  86.06332915  97.75350384 100.35954003
 104.68954415 111.27917423 118.39423722]";1998-03-29;1998-05-17
72;8;ridge_log;0.34173377517320463;71.42857142857143;0.2728850882748533;43.395801825179184;0.27278403041219806;37.10561014202582;[123.619147816938, 110.994213571804, 123.395581273014, 142.162019989479, 125.867964229353, 116.491320357706, 114.005786428196, 84.4292477643346];"[128.48759886 128.02213699 145.62913773 164.20483582 170.83759444
 172.49087044 168.80612492 159.33186338]";1998-02-01;1998-03-22
77;8;ridge_log;0.06696273298009334;85.71428571428571;0.06886844498190964;12.559149310367111;0.06884408141123051;9.761478269800072;[146.251972645976, 134.652814308259, 125.3287743293, 138.479747501315, 165.833771699106, 146.856917411889, 142.267227774855, 127.511835875855];"[136.02465732 136.78161538 136.41987426 136.86385357 137.29654356
 137.09156829 137.01833141 136.98907815]";1998-02-01;1998-03-22
67;8;ridge_log;0.16165539433479287;14.285714285714286;0.1734981003084845;58.56619278926925;0.17346854177488902;51.288537829615315;[338.282482903735, 327.932667017359, 382.732772225145, 224.684376643872, 255.365597054182, 302.603892688059, 304.182009468701, 314.873750657549];"[270.36854312 270.929203   268.90219593 270.79083765 268.39693187
 270.90436596 269.40219754 268.93056259]";1997-12-07;1998-01-25
62;8;ridge_log;0.19191633140468056;42.857142857142854;0.1798346295097381;19.18611128615083;0.17974227231660966;17.668825726917074;[117.069963177275, 108.74539715939, 131.970015781168, 84.2582851130984, 81.9042609153077, 80.1946344029458, 82.7327722251448, 83.1930562861651];"[107.17472522 104.7604481  102.46045666 101.52211697 105.48168858
 102.2922092  101.78267574  99.16517813]";1997-12-07;1998-01-25
82;8;ridge_log;0.12144854142445358;0.0;0.11107868655491646;31.710526023525215;0.11105036236126231;22.046323135764812;[238.124671225671, 138.992635455024, 205.063124671226, 204.274066280905, 238.019463440295, 214.03208837454, 228.603366649132, 207.403997895844];"[203.67404747 211.60888613 204.14263884 212.28607204 206.94594216
 208.36345443 205.77540313 208.20509822]";1998-02-01;1998-03-22
87;8;ridge_log;0.4699270407146922;42.857142857142854;0.7010279032939254;61.62856578892152;0.7005501942509247;53.33576983970674;[125.587141747809, 123.619147816938, 123.776959495003, 74.7379944437883, 80.2889277752131, 118.661230931089, 114.73132651272, 103.89492461898];"[88.84259167 69.93998267 69.70723646 76.18268485 60.98124618 38.05145121
 22.46756844 15.32811396]";1998-02-01;1998-03-22
72;8;ridge_log;0.16331181431874398;57.142857142857146;0.18701619988092585;44.43083050558399;0.18695371636181374;28.808548954071135;[174.132035770647, 154.537085744345, 236.112572330352, 152.643345607575, 119.950026301946, 114.886901630721, 102.774855339295, 107.837980010521];"[146.45745612 125.09392071 120.56219415 131.12589134 131.28449714
 120.76589535 111.94642973 117.73575556]";1997-12-07;1998-01-25
67;8;ridge_log;0.16591441015138225;28.571428571428573;0.1468450700919614;49.69184345132738;0.1468178717117989;39.74908707948539;[239.768542872172, 240.099553761536, 305.010520778538, 215.960331177886, 325.841662283009, 232.160391773753, 294.397685428722, 310.928458705944];"[301.93699658 298.70225212 299.46228753 299.71173263 299.53546012
 300.0157957  298.20242505 300.97289454]";1997-10-12;1997-11-30
62;8;ridge_log;0.12226786812676631;42.857142857142854;0.11642146560469685;13.604164907961177;0.11636474589892559;12.004066335477061;[87.0988953182536, 90.2682798527091, 100.3287743293, 108.653340347186, 95.6733298264072, 103.017835224569, 90.7943187795897, 127.261967385587];"[103.05072465 102.78467987 106.78067898 109.40228721 113.00672161
 108.91739888 108.20000339 107.53715761]";1997-10-12;1997-11-30
77;8;ridge_log;0.11096337179857146;42.857142857142854;0.10817346805967444;19.558819583448226;0.10813443226622173;15.117571773018136;[134.758022093635, 139.058390320884, 180.260389268806, 136.467648605997, 111.586007364545, 123.264071541294, 127.077853761178, 131.746449237243];"[140.65991867 140.26763214 140.71122718 141.1875343  140.92103579
 140.82301199 140.85315623 140.6375659 ]";1997-12-07;1998-01-25
82;8;ridge_log;0.08354469457607265;0.0;0.08880379633154527;24.25174839241681;0.08878240805050416;18.468450283411368;[219.200420831142, 223.934771173067, 190.781167806418, 245.055234087322, 194.410836401894, 194.963177275118, 192.043661230931, 206.220410310363];"[201.01202103 188.55033288 202.47272783 192.60413601 200.17011137
 186.14092154 198.33190495 197.05807866]";1997-12-07;1998-01-25
87;8;ridge_log;1.1775184060278718;57.142857142857146;0.5353309574216993;53.40568984020485;0.5349930437036676;44.17195948302931;[137.059442398738, 149.86849026828, 85.3366649132035, 28.9058390320883, 22.1593897948448, 51.8937401367701, 91.7411888479748, 101.69647553919];"[117.53217547 119.48558849 120.23030395 118.47160162 113.8203702
 110.56655184 109.07984207 113.03013574]";1997-12-07;1998-01-25
72;8;ridge_log;0.17856496648554804;57.142857142857146;0.1618095998290909;23.05201252877027;0.16174449009621195;20.247089066865097;[111.980536559705, 93.1746449237245, 115.110468174645, 137.40136770121, 116.162546028406, 109.869492247188, 126.854287217254, 163.098369279327];"[128.4677736  135.07012753 137.20024615 139.39587605 133.07218151
 135.524549   138.06109761 137.36016534]";1997-10-12;1997-11-30
77;8;ridge_log;0.0485345249787079;57.142857142857146;0.05008909475273606;9.240644098008675;0.050071343289546724;7.072014418189642;[134.429247764334, 146.948974224093, 134.100473435034, 147.488164124145, 134.981588637559, 131.252974624884, 131.706996317728, 155.996843766439];"[136.23681042 136.61182868 135.59965274 135.90778625 136.57664836
 136.58052516 136.5963657  136.45697344]";1997-10-12;1997-11-30
68;8;ridge_log;0.10608341205139052;42.857142857142854;0.10771830346334267;13.568476310961804;0.10767112437317589;12.354704285446397;[124.289847448711, 135.152551288795, 120.226196738559, 119.765912677538, 92.0042083114152, 127.840610205155, 107.219884271436, 119.963177275118];"[107.91279967 117.2104537  110.68770781 116.13211169 111.35979181
 110.89810843 113.40142252 111.0966018 ]";1998-03-29;1998-05-17
63;8;ridge_log;0.1110689456671008;71.42857142857143;0.1147376240937673;12.113891944193318;0.11466647787083065;9.328109322188965;[81.4965807469753, 101.775381378222, 62.3356128353498, 73.5270910047343, 77.3934771173068, 89.3871646501842, 90.3471856917412, 79.1688584955286];"[77.65711905 77.29862121 77.07837628 77.53990306 77.583662   77.10245534
 77.23853493 77.19932623]";1998-03-29;1998-05-17
82;8;ridge_log;0.17612593924260084;71.42857142857143;0.16507241634491476;37.5771569074535;0.1650284729310893;31.589289759649294;[195.252498684903, 152.327722251446, 206.273014203051, 229.050499736981, 199.434508153603, 128.779436112513, 250.683850604945, 234.942135718043];"[207.36537905 198.72090502 210.25565175 192.45580506 205.56215553
 190.9289351  200.95297221 199.31923775]";1997-10-12;1997-11-30
87;8;ridge_log;0.7215071047269115;42.857142857142854;1.1486854402716926;98.93623684615554;1.1479021135220964;92.23922844572785;[137.638085218306, 133.903208837454, 98.9370077331301, 116.899000526039, 123.947922146239, 136.329250269282, 128.208837453972, 126.341399263546];"[208.410702   223.15834531 123.20328087  55.26393287  18.57292606
   4.06123639   0.54707151  -0.33855835]";1997-10-12;1997-11-30
73;8;ridge_log;0.1433499791679478;71.42857142857143;0.15732619472121853;18.447630708094376;0.15724707289040185;15.689586388108374;[105.878485007891, 106.167806417675, 117.674907943188, 96.4360862703839, 82.6407154129406, 123.277222514466, 100.749605470805, 97.0804839558126];"[90.502358   87.82816695 90.87687947 89.1414535  88.11607262 88.75940292
 92.02514547 88.08985738]";1998-03-29;1998-05-17
78;8;ridge_log;0.08106634187244682;28.571428571428573;0.08336581334222928;11.19741168651392;0.08332933407749114;9.541430130485132;[119.187269857969, 118.621778011573, 120.449763282483, 131.614939505523, 99.8290373487638, 120.620725933719, 105.247238295634, 109.481851657023];"[111.46099885 111.82110572 108.18026402 109.62782943 112.45347883
 111.99562581 110.57984222 110.44759453]";1998-03-29;1998-05-17
68;8;ridge_log;0.1746151634484534;14.285714285714286;0.1560052041057256;21.92818419909768;0.1559411787299313;19.019170375897566;[116.25460284061, 106.679538815351, 111.638611257233, 98.4613361388742, 125.631246712257, 114.03208837454, 115.334034718569, 114.55812730142];"[114.58766351 125.05017987 136.77206313 137.50028286 131.01437924
 135.1785078  133.11936894 138.18662516]";1998-02-01;1998-03-22
63;8;ridge_log;0.15928777941926842;42.857142857142854;0.14924163576761718;13.832391615709003;0.14914597509217786;11.740757979812283;[102.866912151499, 77.1041557075224, 72.2382956338769, 67.1379546031985, 87.46712256707, 58.5875854813256, 77.4855339295108, 75.4339821146765];"[80.53943651 81.72611851 83.49491547 83.3267402  82.13314248 81.57114191
 81.98672498 82.14647451]";1998-02-01;1998-03-22
83;8;ridge_log;0.10822300736570709;57.142857142857146;0.11625497619600739;20.22909190047584;0.11621083174502872;15.385938502516805;[129.642293529721, 133.153603366649, 149.894792214624, 117.438190426092, 108.153603366649, 164.62388216728, 122.514466070489, 134.402945817991];"[121.50214181 121.51759593 121.07346938 120.9687474  121.23751278
 121.25472363 121.24652313 121.16448766]";1998-03-29;1998-05-17
88;8;ridge_log;0.3735436077206381;57.142857142857146;0.2952830200962217;20.683936921527916;0.2950316286211002;17.680154439252505;[73.5007890583903, 57.7590741714887, 34.3503419253025, 41.5702261967386, 46.8043135192004, 67.1488690163072, 73.224618621778, 71.9884271436086];"[79.27757274 88.45698413 66.83590097 70.37578644 64.0723038  61.52804593
 65.65784171 58.76859484]";1998-03-29;1998-05-17
73;8;ridge_log;0.08658566999432682;57.142857142857146;0.08483417470207907;9.049623992455174;0.0847868041630194;7.601309739020451;[99.8684902682798, 86.4281956864808, 98.185165702262, 80.7206733298264, 85.4944765912677, 92.7143608627038, 91.5176223040504, 81.1305900582222];"[85.26433946 82.38717837 93.31571782 92.59505068 93.84380808 93.38732873
 94.415739   94.63165857]";1998-02-01;1998-03-22
68;8;ridge_log;0.2883926745322177;28.571428571428573;0.2666884748121161;42.50284454902076;0.26659154086222064;37.435084587214654;[169.016307206733, 177.196212519726, 211.349289847449, 121.67280378748, 96.8043135192004, 117.148869016307, 116.504471330878, 96.3822597248614];"[159.20333164 138.72283036 135.54901758 136.29033676 152.96764969
 151.20935788 144.27058882 139.16883092]";1997-12-07;1998-01-25
63;8;ridge_log;0.2343264043942183;28.571428571428573;0.23693869714101426;24.51357197891907;0.23678985956750703;19.525901719915204;[89.9263545502366, 87.3750657548658, 132.956338769069, 67.8853235139401, 52.2225144660705, 58.035244608101, 83.7322461862177, 92.3066806943714];"[75.98632314 76.7160163  76.26373561 77.5402301  76.20480292 75.76824248
 75.51714637 76.97644367]";1997-12-07;1998-01-25
78;8;ridge_log;0.08198527886576393;42.857142857142854;0.08292216364326505;10.869561966442644;0.0828847975577055;9.217255410666544;[120.213045765387, 104.168858495529, 120.502367175171, 99.4871120462915, 126.82798527091, 108.627038400842, 98.844950920926, 107.088374539716];"[103.50952795 104.66896775 109.48142225 111.67604527 111.61948281
 110.77800348 110.86005023 111.03834575]";1998-02-01;1998-03-22
83;8;ridge_log;0.12561663573855308;42.857142857142854;0.13598776916968652;17.406890685891508;0.13592774242117223;15.421117644990384;[114.189900052604, 119.266175697002, 114.479221462388, 110.099947396107, 136.507101525513, 124.329300368227, 111.09942135718, 123.001052077854];"[103.7428845  103.62740156 103.16273054 103.40473991 103.84860424
 104.04377501 103.96695005 103.80609297]";1998-02-01;1998-03-22
88;8;ridge_log;0.2841241833266233;42.857142857142854;0.3508690974956371;24.891212773125947;0.35057684839388537;21.152056473700316;[74.7764334560758, 67.1225670699632, 70.1998947922146, 64.0320883745397, 77.617043661231, 70.4629142556549, 71.0810099947397, 82.3908469226723];"[39.83540148 59.18709554 67.88842392 72.33250124 49.4019726  37.83192176
 54.40113604 44.18871989]";1998-02-01;1998-03-22
73;8;ridge_log;0.0810868944747252;42.857142857142854;0.08234886251007376;10.791805959165469;0.0823059931035361;7.997083143796813;[87.9931614939505, 98.9216201998949, 124.053129931615, 90.0184113624407, 89.2951078379801, 80.2472382956338, 85.652288269332, 86.5619419782642];"[96.44546173 89.36044649 99.62853273 91.35174478 87.61412412 92.3021182
 89.7343574  88.94926981]";1997-12-07;1998-01-25
68;8;ridge_log;0.12868016932430984;42.857142857142854;0.13595515116151796;22.696297799080142;0.13590776094748072;19.571915350566616;[121.67280378748, 174.381904260915, 154.95791688585, 160.718043135192, 130.35244608101, 125.650660053606, 129.287217254077, 162.098895318254];"[140.82108831 139.81477438 128.35427143 133.61952139 132.47615523
 136.11158964 134.63910055 130.87767615]";1997-10-12;1997-11-30
63;8;ridge_log;0.14647166672825346;42.857142857142854;0.1349436243489138;12.046716454421443;0.1348553344654565;10.355809700148175;[66.6754339821147, 60.5865334034719, 79.1688584955287, 85.3366649132036, 69.0689110994213, 85.3560782545527, 71.2782745923199, 94.4108364018938];"[81.30852186 82.85581926 82.74675662 82.06571538 81.20275171 81.2209737
 81.55371666 81.85996742]";1997-10-12;1997-11-30
78;8;ridge_log;0.11129786395486697;71.42857142857143;0.1208833879944075;19.59986838186812;0.12082986890308814;13.793895056673744;[108.534981588638, 114.742240925828, 151.196738558653, 124.105733824303, 93.0168332456601, 95.0420831141505, 95.2788006312467, 102.774855339295];"[101.99974894 101.32788298 104.05208047 101.99207055 100.15056902
 101.2168492  102.29794924 101.95925732]";1997-12-07;1998-01-25
83;8;ridge_log;0.2614952893210083;57.142857142857146;0.2262118947927642;26.48430298960035;0.22610773629453865;24.63876095336618;[107.259337190952, 81.0516842191901, 135.257759074172, 96.2914255654919, 108.258811152025, 100.289321409784, 85.9679116254603, 96.2388216728037];"[123.23387992 122.75760038 122.0689022  122.17368101 122.88780061
 122.83321277 122.78055914 122.61180977]";1997-12-07;1998-01-25
88;8;ridge_log;0.7164259891777689;42.857142857142854;0.42603719403255785;33.380851526384845;0.4256932170736053;26.85822803230574;[83.8900578642821, 76.0126249342452, 79.7211993687532, 31.3913729615992, 26.1309836927933, 43.2140978432404, 67.924776433456, 69.0150845538987];"[66.9697518  68.43003514 83.52535393 77.31295785 93.5476221  74.72459056
 93.21913331 85.43078549]";1997-12-07;1998-01-25
73;8;ridge_log;0.20857055810867176;42.857142857142854;0.18158631043235635;20.280570358285914;0.18149300038368704;17.71582647249452;[83.114150447133, 88.9663335086796, 103.971593897948, 71.462388216728, 93.7006838506049, 101.334510658551, 91.8858495528669, 100.644397685429];"[109.34753388 108.84283973 109.79610252 108.92573281 110.34204521
 109.99362425 110.52533098 109.03331022]";1997-10-12;1997-11-30
78;8;ridge_log;0.1120125427652546;71.42857142857143;0.1036327267296098;12.807901399786221;0.10358244581946839;10.70456388359205;[95.8837453971595, 84.4423987375066, 107.285639137296, 109.771173066807, 94.7418472912574, 106.174068785852, 119.568648079958, 100.252105050332];"[108.48505671 109.76939846 112.32920073 111.80881593 111.14442976
 111.36107237 111.68365749 111.40452398]";1997-10-12;1997-11-30
69;8;ridge_log;0.10769205748442069;28.571428571428573;0.09780235154666288;14.693315913698322;0.09775933743155779;11.138977008150238;[121.988427143609, 121.988427143609, 108.035244608101, 107.259337190952, 91.7937927406628, 125.302472382956, 121.501841136244, 109.928984744871];"[127.89676191 126.36418724 122.50726779 121.74410263 124.50783665
 122.22424426 122.41515392 123.09433252]";1998-03-29;1998-05-17
64;8;ridge_log;0.10708892675475583;42.857142857142854;0.11293573077587749;25.112361712595167;0.11290631794736386;21.74801336498047;[199.566017885324, 186.809573908469, 203.971593897948, 191.083640189374, 160.178853235139, 230.852183061546, 204.734350341925, 205.812730142031];"[181.62558167 182.02192337 181.09950632 180.46438751 179.86037862
 180.46990624 181.56976617 181.27643661]";1998-03-29;1998-05-17
83;8;ridge_log;0.08501328997185893;42.857142857142854;0.07936044923621406;12.266759369748856;0.07932728129575492;9.506395006501135;[120.725933719095, 110.849552866912, 119.187269857969, 126.906891109942, 134.179379274066, 116.839508028356, 101.459758022094, 125.946870068385];"[126.76140889 127.28401655 127.44255833 127.63324476 127.33549564
 127.31780173 127.3444673  127.33956253]";1997-10-12;1997-11-30
88;8;ridge_log;0.41809657969318137;57.142857142857146;0.5462717699415007;35.807510213325685;0.5458250878680604;33.69311778422437;[86.599158337717, 71.1336138874277, 81.3256180957391, 86.5334034718569, 67.3066806943715, 88.0783297011598, 74.9342451341399, 84.7711730668068];"[40.21815666 44.2365574  45.24829441 58.73678386 37.20623286 29.50863226
 50.22151894 65.76110374]";1997-10-12;1997-11-30
74;8;ridge_log;0.12516810492197883;57.142857142857146;0.1157534582489207;14.897650372348869;0.11569833527425263;12.2346877565915;[128.39295107838, 121.357180431352, 104.826407154129, 102.840610205155, 80.41820094687, 114.176749079432, 109.07417148869, 94.3450815360337];"[113.35880474 112.16639513 113.64827988 114.49092381 110.82961745
 111.2882057  111.24730605 112.05237119]";1998-03-29;1998-05-17
69;8;ridge_log;0.09185534567036835;71.42857142857143;0.08850075220937559;12.631742085020118;0.08846566339600062;11.166556779716087;[118.884797475013, 119.568648079958, 120.278800631247, 112.046291425566, 136.309836927933, 120.817990531299, 116.741188847975, 137.440820620726];"[121.0404205  133.55797191 136.97372663 132.92027118 126.80056416
 125.08675438 124.96498895 123.82405571]";1998-02-01;1998-03-22
64;8;ridge_log;0.10564544563669612;71.42857142857143;0.10705411198171125;20.684176188842173;0.10702356900305042;18.838128728668938;[164.455156076107, 183.863755917938, 195.002630194634, 180.247238295634, 203.8532351394, 195.397159389795, 180.010520778538, 142.282615308091];"[176.79668691 167.07796751 170.83343985 173.29615648 173.49769285
 173.01999198 171.69243526 171.68925852]";1998-02-01;1998-03-22
79;8;ridge_log;0.12022181098892237;28.571428571428573;0.12020914437396424;23.484758371861755;0.12017009879435012;18.664129753191396;[173.277222514466, 184.784324039979, 177.367175170963, 149.658074697527, 114.781693845345, 176.065228826933, 152.130457653866, 153.208837453972];"[151.02063118 150.67624769 150.7589087  152.37744938 153.5854776
 153.02710152 151.45127773 152.10919924]";1998-03-29;1998-05-17
84;8;ridge_log;0.16550520510955322;28.571428571428573;0.14563317858041394;15.414556752816392;0.14554773510416572;12.440217086637613;[87.8748027354024, 96.3834823776959, 81.9042609153076, 77.6170436612309, 64.7159389794845, 86.8490268279853, 95.1472908995265, 75.6706996317728];"[99.31266663 95.07440836 92.68561965 95.51406049 95.01059091 92.10511735
 92.00595969 95.07504918]";1998-03-29;1998-05-17
89;8;ridge_log;0.11062194831800451;57.142857142857146;0.10031829537105966;17.673231530484262;0.10028002296431776;13.164351267242077;[135.96791162546, 143.161493950552, 123.474487112046, 121.357180431352, 107.627564439769, 148.724355602314, 142.240925828511, 124.355602314571];"[137.59389373 143.70600575 144.409756   142.27757279 142.59090756
 142.74268464 143.6176147  143.32255434]";1998-03-29;1998-05-17
74;8;ridge_log;0.12734761273345685;71.42857142857143;0.11606249695624893;16.28155914463162;0.11601206504892805;13.390235787456735;[104.642293529721, 119.226722777486, 95.6721071735725, 109.876380852183, 117.6223040505, 98.9084692267228, 134.731720147291, 117.135718043135];"[110.90469095 117.27421663 120.35446243 125.90531921 128.09381455
 129.37411423 129.62391389 129.28644539]";1998-02-01;1998-03-22
69;8;ridge_log;0.18287060376960398;28.571428571428573;0.17379980250201998;23.82895886562666;0.17373151698155498;22.301335390917824;[141.714886901631, 151.749079431878, 168.332456601788, 106.575486586007, 103.629668595476, 105.576012624934, 117.148869016307, 114.137296159916];"[134.27538431 131.65500368 132.38023934 132.87497473 133.10595365
 131.36338562 131.72399938 132.92390713]";1997-12-07;1998-01-25
64;8;ridge_log;0.19604769761562052;42.857142857142854;0.18455905024175756;39.76031163325214;0.1845077920309329;33.72705881507119;[161.167412783104, 129.313519200421, 261.533403471857, 158.705944239874, 163.269331930563, 163.348237769595, 169.765912677538, 179.747501315097];"[191.20036535 186.37328618 185.12807259 185.93523106 191.73453337
 191.66660297 185.87291144 185.94606919]";1997-12-07;1998-01-25
79;8;ridge_log;0.1720668677736127;71.42857142857143;0.14720127350578527;29.48475739486564;0.1471518488474368;22.13597706220749;[133.784850078906, 166.241451867438, 147.606522882693, 174.473961073119, 193.240399789585, 152.498684902683, 101.657022619674, 156.680694371384];"[165.47612206 166.52829688 168.67209749 169.6350546  169.80220281
 169.57058363 168.80705623 168.22578348]";1998-02-01;1998-03-22
84;8;ridge_log;0.16716748966132686;14.285714285714286;0.1553600687360161;17.261228307510336;0.15527686048663059;14.606854724095559;[118.003682272488, 103.616517622304, 91.6096791162546, 88.9926354550237, 94.4765912677538, 70.8837453971594, 75.7364544976328, 110.849552866912];"[ 94.43598304 101.0204834  102.74155757  99.82036395  97.37844061
 100.51664606  98.22993719  97.14628817]";1998-02-01;1998-03-22
89;8;ridge_log;0.10367461337173514;85.71428571428571;0.10624231373340334;18.571792475687367;0.10620488786251858;15.173684362871002;[160.270910047344, 159.245134139926, 142.859021567596, 131.891109942136, 170.528669121515, 145.476065228827, 138.006312467123, 112.321239209343];"[138.94728253 137.05751523 136.24327934 137.3020731  137.74435072
 137.71767287 137.26797821 136.89171728]";1998-02-01;1998-03-22
74;8;ridge_log;0.15169198591142963;57.142857142857146;0.15256320050669744;23.615681730946708;0.15250374877036982;19.78367280684587;[138.466596528143, 143.648079957917, 175.381378221988, 119.345081536034, 108.824302998422, 107.3776959495, 107.916885849553, 109.547606522883];"[133.82188931 123.70750583 124.04773437 132.08010067 131.08367138
 123.08258541 122.72801959 126.38765307]";1997-12-07;1998-01-25
69;8;ridge_log;0.03749270756793824;42.857142857142854;0.03688830012194762;5.260599190118998;0.03687445006270583;4.91221962054416;[130.168332456602, 126.933193056286, 138.032614413466, 132.877432930037, 127.814308258811, 129.096215024674, 132.088374539716, 140.426091530773];"[133.4738096  135.39004471 135.78511407 137.4929045  134.5843556
 134.5437501  135.49689423 135.37973737]";1997-10-12;1997-11-30
64;8;ridge_log;0.09156431718937774;42.857142857142854;0.09591934807614601;23.44345467747794;0.09589376027773341;18.063047343746682;[176.394003156234, 159.07417148869, 199.881641241452, 196.935823250921, 192.701209889532, 165.471806818466, 172.082720515876, 230.378748027354];"[176.08863102 176.78119822 177.58621769 177.65467784 179.33420592
 178.90132069 176.99312457 177.170259  ]";1997-10-12;1997-11-30
79;8;ridge_log;0.1655684924285874;71.42857142857143;0.17307198971100957;34.833540221647496;0.17302095306751808;29.710968543983586;[206.338769068911, 182.903734876381, 231.825355076276, 179.32551461756, 145.752235665439, 141.359810625986, 134.652814308259, 138.953182535508];"[159.82161671 160.41561831 160.55452081 160.18592913 160.09254462
 159.41261207 159.54173766 159.94320845]";1997-12-07;1998-01-25
84;8;ridge_log;0.15888383399511402;71.42857142857143;0.149962604597625;18.35242588254473;0.14988486201211637;14.641395664393658;[103.642819568648, 116.806943713835, 130.326144134666, 103.866386112572, 74.6712256706997, 101.43345607575, 79.5765386638611, 79.9447659126775];"[ 99.55085171 102.89675141  99.52994171 103.08589178 100.86433399
 101.6463972   99.00778388 101.65977966]";1997-12-07;1998-01-25
89;8;ridge_log;0.12955942054511255;42.857142857142854;0.1325792913025459;25.902458578607;0.13253232577819427;18.976414053203744;[149.342451341399, 151.814834297738, 195.647027880063, 141.32035770647, 111.980536559705, 115.518148342977, 122.356654392425, 139.018937401368];"[142.11357366 136.10399048 133.94313359 136.55207154 136.05398907
 137.18480346 135.7143884  135.71736856]";1997-12-07;1998-01-25
74;8;ridge_log;0.07913998826766332;71.42857142857143;0.07817199227695693;11.307979942471109;0.07814157180227328;10.067182076336978;[120.765386638611, 116.631030809659, 115.215675960021, 140.294581799053, 126.657022619674, 122.178803136194, 122.225144660705, 149.158337716991];"[128.96695082 129.39083538 130.56067133 131.31410435 129.38447181
 128.30400406 128.9672     129.50242813]";1997-10-12;1997-11-30
79;8;ridge_log;0.10903536251791114;85.71428571428571;0.10157010875885235;19.123414042433076;0.10153901310512405;16.611674648975487;[156.207259337191, 161.454497632825, 166.543924250395, 135.921271892941, 162.690689110994, 150.361338643822, 162.243556023146, 184.061020515518];"[173.73168058 173.85450233 174.66444906 174.52739036 173.92902288
 173.76627477 173.76700443 173.98541084]";1997-10-12;1997-11-30
90;8;ridge_log;0.11444139666713403;71.42857142857143;0.11024701007298782;12.849278345609692;0.11018712692083606;10.273738917587494;[111.401893740137, 99.7106785902157, 96.0415570752236, 95.6601788532352, 67.1488690163072, 109.179379274066, 108.311415044713, 98.10625986323];"[96.69524961 96.32855574 92.77660278 92.86153186 93.13050501 96.25677991
 93.76809419 93.516273  ]";1998-03-29;1998-05-17
95;8;ridge_log;0.08158823551077367;71.42857142857143;0.08653371413402855;16.320257942432978;0.08650592041709179;13.478246294201266;[154.589689637033, 164.308258811152, 165.281430825881, 160.849552866912, 157.482903734877, 178.143082588111, 147.356654392425, 153.406102051552];"[150.69452764 148.97108821 150.39254798 149.15339757 145.75009891
 142.58997229 142.43103626 143.60903569]";1998-03-29;1998-05-17
84;8;ridge_log;0.10284455565425257;28.571428571428573;0.09976169281816055;11.971346859614957;0.09971050179907742;9.773394224902205;[98.6454497632825, 114.742240925829, 106.233561283535, 108.429773803262, 83.2062072593372, 100.203526965757, 79.9710678590216, 111.849026827985];"[ 98.53481605  97.83693632 101.30754116 101.26447417  99.4280005
  98.25780601  99.92038318 100.88596062]";1997-10-12;1997-11-30
89;8;ridge_log;0.13048703180565527;57.142857142857146;0.13104596027793936;22.308428833786618;0.13099871546972755;18.335645325787358;[120.397159389795, 108.206207259337, 140.268279852709, 163.453445554971, 125.775907417149, 146.560707397109, 133.784850078906, 177.893214097843];"[139.75426095 136.43480521 134.30931677 135.36394461 137.2415446
 137.47183905 136.26936471 135.88123519]";1997-10-12;1997-11-30
100;8;ridge_log;0.150702246089117;57.142857142857146;0.13241847436886403;26.218852719061537;0.13237451199181577;19.998695548429982;[158.545918367347, 132.440476190476, 115.30612244898, 137.996031746032, 157.667233560091, 176.459750566893, 165.320294784581, 153.018707482993];"[164.91384715 169.51539722 167.7072032  169.29480699 165.41196805
 166.85034707 166.48998122 167.34174164]";1998-03-29;1998-05-17
95;8;ridge_log;0.11885190301307552;28.571428571428573;0.1103317160475057;21.155930060375347;0.11029574682903617;16.975737999608228;[140.084166228301, 138.940031562336, 152.880063124671, 142.122567069963, 144.160967911626, 139.150447133088, 146.34402945818, 158.74539715939];"[124.58932056 138.9185734  158.21115415 165.67803854 171.38081605
 175.5956471  172.52855869 160.29885749]";1998-02-01;1998-03-22
90;8;ridge_log;0.13758125959290737;57.142857142857146;0.12347923320135369;15.490680400942107;0.12341477572322501;11.840618418054376;[99.6843766438716, 104.379274066281, 86.3492898474487, 77.590741714887, 107.732772225145, 91.7280378748027, 101.249342451341, 85.5733824302999];"[ 90.59111159 109.10358604 111.38601289 108.30059017 106.31303029
 102.94147685  99.37432961  96.2259875 ]";1998-02-01;1998-03-22
105;8;ridge_log;0.06667328371741033;42.857142857142854;0.0660915663431103;11.005885735966858;0.06606709233751872;8.934049750523181;[119.557823129252, 143.707482993197, 130.768140589569, 126.176303854875, 144.883786848073, 150.297619047619, 130.059523809524, 137.315759637188];"[139.02984187 131.26420761 132.44069079 136.84536831 139.10908677
 133.77602695 132.46539178 134.80243056]";1998-03-29;1998-05-17
110;8;ridge_log;0.08106634187244682;28.571428571428573;0.08336581334222928;11.19741168651392;0.08332933407749114;9.541430130485132;[119.187269857969, 118.621778011573, 120.449763282483, 131.614939505523, 99.8290373487638, 120.620725933719, 105.247238295634, 109.481851657023];"[111.46099885 111.82110572 108.18026402 109.62782943 112.45347883
 111.99562581 110.57984222 110.44759453]";1998-03-29;1998-05-17
100;8;ridge_log;0.4334341733312631;42.857142857142854;0.5560194579573923;74.78241749615337;0.55581038968352;73.99700188273633;[178.160430839002, 165.802154195011, 168.636621315193, 156.023242630385, 181.831065759637, 166.737528344671, 176.24716553288, 167.587868480726];"[ 91.58354054  87.20551498  93.71667646 107.39253286 105.62743473
  96.46924248  92.6731015   94.38201849]";1998-02-01;1998-03-22
95;8;ridge_log;0.16483990765742051;57.142857142857146;0.1566289262643338;29.309151126338648;0.1565771730052265;24.034150358192143;[154.721199368753, 161.533403471857, 214.334560757496, 150.460284061021, 132.035770647028, 128.642819568648, 131.772751183588, 116.249950795679];"[156.11713747 154.82666532 158.41405881 162.09013851 158.76237251
 154.42380881 155.80583591 156.32944519]";1997-12-07;1998-01-25
90;8;ridge_log;0.20891733062932977;57.142857142857146;0.2127892254190031;29.941989068956758;0.21268894497456214;23.256478640856127;[97.9221462388217, 132.811678064177, 169.818516570226, 96.6070489216202, 89.4792214623881, 85.9416096791162, 74.8684902682799, 82.4385005624203];"[103.09103593  98.44702291 102.96508853 105.39854677 100.93287331
  97.62517943 101.0605783  103.98254931]";1997-12-07;1998-01-25
105;8;ridge_log;0.21003220704635217;14.285714285714286;0.18466004500715252;30.959242918299985;0.18459750816672854;27.266171823060223;[141.383219954649, 138.378684807256, 133.602607709751, 128.202947845805, 145.393990929705, 119.37358276644, 129.931972789116, 135.728458049887];"[135.7639544  149.74512721 158.80584291 163.93866045 164.31608984
 173.17006571 169.39713236 163.74943545]";1998-02-01;1998-03-22
110;8;ridge_log;0.08198527886576393;42.857142857142854;0.08292216364326505;10.869561966442644;0.0828847975577055;9.217255410666544;[120.213045765387, 104.168858495529, 120.502367175171, 99.4871120462915, 126.82798527091, 108.627038400842, 98.844950920926, 107.088374539716];"[103.50952795 104.66896775 109.48142225 111.67604527 111.61948281
 110.77800348 110.86005023 111.03834575]";1998-02-01;1998-03-22
100;8;ridge_log;0.5373803581715927;57.142857142857146;0.3693795039228148;55.78844114701887;0.3692301847386119;46.14883521639506;[117.545351473923, 168.168934240363, 156.802721088435, 67.4603174603174, 69.6003401360544, 96.1309523809524, 126.941609977324, 125.31179138322];"[157.00190726 156.02484867 153.51926492 157.90604552 160.84284119
 163.65447205 159.44779752 157.90043927]";1997-12-07;1998-01-25
95;8;ridge_log;0.23306377968824393;71.42857142857143;0.2045883182421207;37.356274956743945;0.2045281508024765;34.83405358655549;[151.446607048922, 136.730668069437, 173.10625986323, 158.285113098369, 156.877958968964, 135.369229227725, 162.611783271962, 162.20410310363];"[178.62321832 191.32760739 197.62723448 196.95956089 194.62160019
 190.96085286 185.77401998 179.41005723]";1997-10-12;1997-11-30
90;8;ridge_log;0.17926879623460443;57.142857142857146;0.15723145313538353;20.46483777012831;0.1571573290802208;16.70152377554427;[89.7685428721726, 98.4744871120463, 112.585481325618, 112.66438716465, 83.955812730142, 92.4444527942686, 107.469752761704, 120.844292477643];"[120.0641381  123.32990563 117.56049673 117.62311256 119.30820378
 113.42027504 114.38632154 115.56163888]";1997-10-12;1997-11-30
105;8;ridge_log;0.18795715743718522;57.142857142857146;0.20654403810590805;39.16624685930927;0.20647635865652475;31.862663382448133;[194.968820861678, 161.068594104308, 211.607142857143, 168.735827664399, 125.907029478458, 152.403235974383, 122.293083900227, 128.458049886621];"[150.77849262 119.42175772 130.3575393  157.70808241 152.90588882
 124.40513159 125.72558597 146.81537772]";1997-12-07;1998-01-25
110;8;ridge_log;0.11129786395486697;71.42857142857143;0.1208833879944075;19.59986838186812;0.12082986890308814;13.793895056673744;[108.534981588638, 114.742240925828, 151.196738558653, 124.105733824303, 93.0168332456601, 95.0420831141505, 95.2788006312467, 102.774855339295];"[101.99974894 101.32788298 104.05208047 101.99207055 100.15056902
 101.2168492  102.29794924 101.95925732]";1997-12-07;1998-01-25
100;8;ridge_log;0.26041743175285853;85.71428571428571;0.3021049777026419;45.20940374543964;0.3020000301220387;43.61360977906759;[179.024943310658, 164.044784580499, 173.611111111111, 178.75566893424, 163.392857142857, 130.045351473923, 159.452947845805, 169.005102040816];"[127.67252617 123.70812267 125.58860567 129.58563733 123.26206395
 115.00545538 110.83398861 112.76748843]";1997-10-12;1997-11-30
96;8;ridge_log;0.22603695861541168;57.142857142857146;0.26442750972212103;26.44866277641869;0.2642708123182597;22.44404605291011;[77.5775907417149, 88.2430299842189, 121.60704892162, 96.9095213045766, 77.9589689637032, 94.8842714360862, 89.6238821672803, 97.8826933193055];"[76.15922571 74.12764129 71.39172577 70.26574274 69.33170133 68.37104931
 67.68612975 67.80142252]";1998-03-29;1998-05-17
91;8;ridge_log;0.18858448251371399;28.571428571428573;0.20849725543676423;25.222934621176535;0.20840447409403173;23.465263701070413;[117.674907943188, 137.006838506049, 120.476065228827, 119.687006838506, 91.9647553918989, 121.580746975276, 133.100999473961, 128.866386112572];"[100.09531519  95.10485757 100.94136511 103.71220922 103.63804484
 100.4334254  100.92653444 101.13042397]";1998-03-29;1998-05-17
105;8;ridge_log;0.11177718970790829;85.71428571428571;0.10952790518102246;16.707838622967728;0.10948654192740297;14.726640823648182;[135.997732426304, 114.923469387755, 135.643424036281, 163.775510204082, 144.52947845805, 100.595238095238, 136.437074829932, 170.195578231292];"[125.97551716 131.89863138 152.40879197 155.75281537 128.33927204
 123.9945717  136.25704793 143.93745859]";1997-10-12;1997-11-30
110;8;ridge_log;0.1120125427652546;71.42857142857143;0.1036327267296098;12.807901399786221;0.10358244581946839;10.70456388359205;[95.8837453971595, 84.4423987375066, 107.285639137296, 109.771173066807, 94.7418472912574, 106.174068785852, 119.568648079958, 100.252105050332];"[108.48505671 109.76939846 112.32920073 111.80881593 111.14442976
 111.36107237 111.68365749 111.40452398]";1997-10-12;1997-11-30
101;8;ridge_log;0.11680973195108468;14.285714285714286;0.12126352075898467;21.15692802645284;0.12122045361649372;17.087572838962995;[159.736394557823, 159.410430839002, 126.899092970521, 156.505102040816, 141.468253968254, 150.297619047619, 131.079931972789, 133.886054421769];"[150.95041489 119.21388566 155.48570832 140.14661348 145.86000381
 123.85882161 139.6555935  130.51930927]";1998-03-29;1998-05-17
96;8;ridge_log;0.22102281120003286;57.142857142857146;0.19371488315687918;17.340021235095286;0.19358904936815893;15.15765218894355;[71.7122567069963, 51.6175697001578, 73.5270910047343, 73.7112046291426, 77.0910047343504, 69.621251972646, 71.0021041557074, 77.9458179905313];"[65.82629187 70.07282948 75.53125847 83.86937475 90.68676254 96.11123417
 97.7318411  95.88799635]";1998-02-01;1998-03-22
91;8;ridge_log;0.31418445221383995;57.142857142857146;0.25635847711248183;33.26334751531635;0.2562451210734821;29.089579914556456;[119.213571804314, 94.8053655970542, 106.536033666491, 102.511835875855, 111.244082062073, 72.6854287217254, 106.667543398211, 97.9352972119938];"[109.463972   112.12070818 123.90260709 134.51902902 139.63974197
 139.15846441 134.19858232 131.81349306]";1998-02-01;1998-03-22
106;8;ridge_log;0.17245773951413335;42.857142857142854;0.1649790141570236;20.628982543474812;0.1649038563614142;18.26537651803729;[127.437641723356, 132.681405895692, 99.68820861678, 128.713151927438, 81.2500000000001, 136.210317460317, 120.082199546485, 90.3486394557823];"[123.54452182 110.05059924 108.58191942 110.25892341 116.34433166
 111.42263888 110.51394941 113.14952534]";1998-03-29;1998-05-17
96;8;ridge_log;0.17461751793413888;57.142857142857146;0.1805773245866333;18.625694794154636;0.1804652707381564;14.72322074353443;[81.7332982640714, 92.3592845870595, 115.071015255129, 79.0132833775278, 82.8511309836928, 66.8200946870069, 65.9784324039979, 63.6112572330352];"[73.36710265 72.6993413  73.82840312 76.76223172 78.71021097 79.6821669
 79.59396832 79.25869235]";1997-12-07;1998-01-25
91;8;ridge_log;0.18287143008620788;42.857142857142854;0.18354166193382954;29.793933155450663;0.18346875557218956;23.58724692829989;[140.057864281957, 144.805365597054, 187.375065754866, 132.101525512888, 111.914781693845, 102.630194634403, 89.1767490794318, 110.783798001052];"[130.63195151 121.12925182 120.29257299 126.32137564 128.36382944
 124.75779859 120.83222    123.28498161]";1997-12-07;1998-01-25
101;8;ridge_log;0.5298856772100484;42.857142857142854;0.38043170408796295;73.01732567796795;0.3803178542654245;63.8983885136559;[151.686507936508, 137.301587301587, 146.584467120181, 130.654761904762, 142.602040816327, 85.1615646258504, 157.993197278912, 140.646258503401];"[146.404383   170.94485174 204.19432779 212.83551525 217.30841289
 220.68342326 218.40044904 202.48188076]";1998-02-01;1998-03-22
106;8;ridge_log;0.2862827287892017;57.142857142857146;0.23526039584472924;35.383750674925366;0.23516555530749916;29.301513710854586;[135.459183673469, 84.7222222222222, 104.010770975057, 107.213718820862, 123.75283446712, 108.616780045352, 110.714285714286, 120.861678004535];"[127.1552552  141.85287314 163.3968449  152.92513593 139.55477809
 127.46444496 129.50248717 131.30390726]";1998-02-01;1998-03-22
96;8;ridge_log;0.8662058138583838;57.142857142857146;0.5750488916986538;68.74534783411647;0.5747860282136423;63.46513064609229;[69.9237243556024, 79.6817464492372, 80.8258811152025, 90.2945817990531, 66.5570752235666, 77.2945317001077, 64.9526564965807, 76.6307206733299];"[102.71316838 110.65200636 122.4790589  136.3772782  153.32630618
 163.80071707 165.5626681  158.97075979]";1997-10-12;1997-11-30
91;8;ridge_log;0.19375014025826937;57.142857142857146;0.1719716485040526;25.443673012711034;0.17190704842483778;22.93052337553414;[132.18043135192, 104.642293529721, 133.258811152025, 136.178327196213, 127.235665439242, 116.760602189324, 111.941083640189, 137.743293003682];"[148.4950579  148.54964487 151.18432491 149.85994149 147.34434442
 145.69757956 146.04619433 146.20760703]";1997-10-12;1997-11-30
101;8;ridge_log;0.16516970976824308;57.142857142857146;0.19090001549512645;59.41754927420014;0.1908521375163932;39.03867556618239;[210.246598639456, 241.992630385488, 305.442176870748, 201.842403628118, 152.140022675737, 140.334467120181, 143.197278911565, 132.582199546485];"[180.72327393 161.2840384  166.99731507 170.14772769 151.32428976
 139.91438127 148.19524835 158.28636143]";1997-12-07;1998-01-25
106;8;ridge_log;0.18087343516102045;71.42857142857143;0.2021212509100343;44.59921109920325;0.20204767270943372;28.83409791624914;[141.213151927438, 159.155328798186, 229.931972789116, 132.780612244898, 104.081632653061, 93.5941043083899, 104.84693877551, 122.307256235828];"[126.79861119 109.59683954 119.27561091 131.87972736 127.0748319
 112.27986651 115.74846802 124.86927212]";1997-12-07;1998-01-25
101;8;ridge_log;0.15123857396390492;71.42857142857143;0.15288883980727352;32.98673243188192;0.15284110627755454;24.970542365047123;[139.795918367347, 115.419501133787, 152.791950113379, 129.790249433106, 152.395124716553, 138.74716553288, 196.230158730159, 223.922902494331];"[143.65137979 140.36358812 167.95821486 168.79646119 148.97673918
 142.80125824 154.07803158 156.75519387]";1997-10-12;1997-11-30
92;8;ridge_log;0.08807864085734916;85.71428571428571;0.09022871791511017;22.29834092375699;0.09020521581131592;17.442160411673598;[197.172540768017, 184.192530247238, 153.748027354024, 182.667017359285, 183.232509205681, 232.877432930037, 213.295633876907, 206.891109942136];"[181.83371387 183.59418415 182.92749317 186.21058848 186.63327858
 189.672641   188.00633653 187.90889523]";1998-03-29;1998-05-17
97;8;ridge_log;0.16846411973591446;28.571428571428573;0.17082933113835214;24.56705599700936;0.1707658118459684;23.168243433302464;[142.175170962651, 159.363492898474, 152.880063124671, 153.248290373487, 100.486586007364, 110.547080483956, 160.494476591268, 158.74539715939];"[136.35648542 135.49160327 132.63111832 131.71497658 132.08794317
 130.02421577 128.28860676 128.15664573]";1998-03-29;1998-05-17
106;8;ridge_log;0.13196598469442883;28.571428571428573;0.11969166058802617;19.18062459407325;0.11964093273360038;14.197761531516178;[124.390589569161, 99.1780045351475, 133.064058956916, 141.950113378685, 117.446145124717, 92.2902494331066, 116.057256235828, 133.815192743764];"[126.50027335 137.54469319 134.69105768 120.88777525 121.56428494
 120.06097429 130.82743894 130.05785714]";1997-10-12;1997-11-30
92;8;ridge_log;0.1820433761986278;28.571428571428573;0.20543235250440345;41.10301883845937;0.20537371410761718;36.06915615356791;[201.933193056286, 201.104681746449, 203.037874802735, 174.079431877959, 219.923724355602, 154.052736297044, 182.930036822725, 175.486586007365];"[146.52520164 152.8874433  159.69226643 163.41766917 154.72967659
 148.31223725 148.15058152 150.27993985]";1998-02-01;1998-03-22
97;8;ridge_log;0.1246055390729145;42.857142857142854;0.11531597145072424;18.469931590066132;0.11527461505071313;16.10359650426386;[129.445028932141, 121.751709626512, 134.113624408206, 121.554445028932, 137.112046291426, 127.248816412414, 130.970541820095, 144.042609153077];"[123.85248732 128.37383156 143.61115326 149.6222773  152.01898251
 155.6565811  156.19598948 154.55120796]";1998-02-01;1998-03-22
102;8;ridge_log;0.2969502836484645;42.857142857142854;0.3638554219420096;22.297246523168834;0.36351637761777233;19.625587227985932;[48.9229024943311, 56.859410430839, 78.3730158730159, 67.4036281179139, 51.3605442176871, 66.2273242630386, 61.9756235827664, 67.3611111111111];"[48.21474115 46.8995486  45.02651418 42.49548887 41.14314422 40.42550402
 39.0934422  38.18047904]";1998-03-29;1998-05-17
107;8;ridge_log;0.1430853473644342;57.142857142857146;0.1435429549065262;17.83188935024021;0.14347465631109768;15.175108563371838;[102.111678004535, 114.980158730159, 120.734126984127, 108.262471655329, 80.3146258503402, 132.8089569161, 115.008503401361, 105.243764172336];"[ 99.14854682 101.51073597  93.10396467  97.6704077  110.1559759
 111.85911193 103.76719779 100.53017652]";1998-03-29;1998-05-17
97;8;ridge_log;0.1727520701970369;28.571428571428573;0.17216960891494487;29.893000643280587;0.17211089601067742;25.554616283522485;[159.00841662283, 168.043135192004, 205.457653866386, 129.563387690689, 125.052603892688, 132.732772225145, 119.279326670174, 117.690295476423];"[149.57619576 144.60055228 141.63970104 145.16346948 150.6029612
 148.50888064 143.9152098  143.87203849]";1997-12-07;1998-01-25
92;8;ridge_log;0.25441113145903715;71.42857142857143;0.19061007802741828;42.82537026644243;0.19054651806004186;29.00265156675205;[200.920568122041, 185.849552866912, 172.830089426618, 87.6929256710575, 119.936875328774, 162.914255654918, 183.74539715939, 174.883877801515];"[183.5232545  181.4263661  178.29509689 181.70203139 188.06459011
 188.99037882 188.51115157 186.6408844 ]";1997-12-07;1998-01-25
102;8;ridge_log;0.11868901117289138;57.142857142857146;0.12966213441902608;6.661821852754169;0.12950399141423335;5.34991559889766;[37.8968253968254, 32.0294784580499, 37.65589569161, 48.483560090703, 47.3639455782313, 43.28231292517, 46.2301587301587, 49.0504535147392];"[35.98403875 33.71258414 33.58249108 35.02587103 37.22364176 40.76435218
 42.44861823 43.81791979]";1998-02-01;1998-03-22
107;8;ridge_log;0.16822444324726907;42.857142857142854;0.14960478655564494;20.563813186292617;0.14953065028173848;15.183045870371041;[124.263038548753, 108.106575963719, 106.264172335601, 113.647959183673, 119.982993197279, 104.109977324263, 71.5986394557823, 86.9472789115646];"[ 97.44079295 102.0944085  106.11060632 110.3459903  113.52970782
 114.67262809 114.0580309  112.64637032]";1998-02-01;1998-03-22
97;8;ridge_log;0.06354609098004176;14.285714285714286;0.061166947005137993;10.476909332941412;0.061146013224846835;8.938671748252592;[138.295633876907, 142.438190426091, 155.128879537086, 152.748553392951, 148.816412414519, 134.093584830039, 136.296685954761, 157.167280378748];"[151.86232699 150.58965714 150.4045404  149.80386769 151.61436901
 152.13355287 151.23148285 150.81781259]";1997-10-12;1997-11-30
92;8;ridge_log;0.16340102514812743;71.42857142857143;0.17989478803187117;39.98041892819929;0.17984558818662558;33.143307581733964;[185.981062598632, 153.605603209195, 217.148869016307, 243.34560757496, 207.193582325092, 175.519150321886, 146.234169627872, 190.123619147817];"[182.12332419 179.12003922 172.40349781 168.7575734  156.78593256
 150.49179485 150.18357443 153.06714834]";1997-10-12;1997-11-30
102;8;ridge_log;0.2887167613786134;42.857142857142854;0.22570580809826724;14.154087159284941;0.22545340620134025;10.097910652673646;[39.7534013605442, 39.8242630385488, 46.1026077097506, 46.3577097505669, 48.8520408163265, 33.6592970521542, 33.6451247165533, 33.531746031746];"[40.92422209 42.88513008 40.36259025 44.01275322 49.83250311 51.92489915
 56.3068313  60.09059851]";1997-12-07;1998-01-25
107;8;ridge_log;0.2129221592204643;42.857142857142854;0.1920137764161044;24.95715362397713;0.1919301146520785;22.06506020991081;[119.869614512472, 127.040816326531, 137.65589569161, 112.372448979592, 101.955782312925, 98.6961451247164, 91.312358276644, 95.3798185941043];"[119.00408859 112.03726502 113.01509195 121.46146463 129.12955562
 129.66863181 127.2015997  128.26590224]";1997-12-07;1998-01-25
102;8;ridge_log;0.5730627023310777;28.571428571428573;0.4012341427299451;30.460632767698748;0.4009200004534404;25.658547952698342;[54.5918367346939, 53.188775510204, 66.7800453514739, 63.6479591836734, 41.6950113378685, 54.577664399093, 40.5895691609977, 39.3849206349206];"[66.0088827  67.67628595 71.19038795 75.44486    80.0310639  83.21612837
 86.6025359  89.55402116]";1997-10-12;1997-11-30
98;8;ridge_log;0.10124769763851013;14.285714285714286;0.10479551538665137;16.229895062372247;0.1047520445048479;12.701826905523605;[116.307206733298, 129.839558127302, 117.385586533403, 118.069437138348, 96.0678590215675, 147.093634928985, 131.233561283535, 130.15518148343];"[116.17025785 114.71925659 115.77966747 115.50337404 116.06610445
 115.43477002 115.17294304 115.6875274 ]";1998-03-29;1998-05-17
93;8;ridge_log;0.1310592872220509;42.857142857142854;0.12881942532502294;18.36683964091885;0.12876921227378382;16.63574401849206;[136.743819042609, 152.958968963703, 116.017885323514, 115.005260389269, 100.302472382956, 153.905839032088, 144.397685428722, 124.066280904787];"[128.90579868 130.02656697 129.14241586 129.89577144 129.41106984
 129.10387381 129.35021376 129.40873477]";1998-03-29;1998-05-17
107;8;ridge_log;0.1840977484364444;28.571428571428573;0.16650230928780282;24.440827863851858;0.1664392189204006;22.075454801075544;[127.820294784581, 115.532879818594, 131.618480725624, 170.436507936508, 126.516439909297, 115.051020408163, 108.531746031746, 110.445011337869];"[125.29994902 137.22290448 152.35488364 149.76306778 139.88113131
 140.12028471 146.51498238 145.01124421]";1997-10-12;1997-11-30
98;8;ridge_log;0.07015498332446082;42.857142857142854;0.07266259509438411;9.844765985381528;0.07263044357917726;8.219821034944728;[126.459758022094, 104.997369805366, 111.822724881641, 100.3287743293, 119.082062072593, 112.980010520779, 115.912677538138, 122.501315097317];"[107.8365667  109.06178682 110.52267293 108.67996187 108.50996998
 109.5678897  109.95650275 109.02198233]";1998-02-01;1998-03-22
93;8;ridge_log;0.037263817680388715;85.71428571428571;0.03656011042474453;6.053055390565461;0.036545791304146764;4.670999622815431;[118.556023145713, 129.116254602841, 137.098895318254, 118.503419253025, 135.796948974224, 127.630194634403, 131.720147290899, 132.916885849553];"[124.22936851 126.49935987 132.87690092 132.23381028 129.5123091
 129.41211953 130.62770644 130.95052001]";1998-02-01;1998-03-22
103;8;ridge_log;0.06043178981052781;71.42857142857143;0.058767782627845225;13.901437444066376;0.05875054894337754;10.067985681623558;[193.43820861678, 180.612244897959, 184.169501133787, 172.987528344671, 141.87925170068, 187.65589569161, 182.553854875283, 184.396258503401];"[178.16930421 181.08767881 184.2375771  175.50672298 172.91757664
 173.81135426 174.62402339 174.99667983]";1998-03-29;1998-05-17
108;8;ridge_log;0.09448883865092508;42.857142857142854;0.09951627276949183;20.315626236007216;0.09949098195711815;19.57676095978806;[206.306689342404, 212.103174603174, 207.298752834467, 199.418934240363, 195.3089569161, 206.986961451247, 207.723922902494, 211.295351473923];"[186.54887641 186.10889524 185.81913506 186.69604094 186.12988336
 186.03226068 186.30523566 186.18832873]";1998-03-29;1998-05-17
93;8;ridge_log;0.10841848524534434;85.71428571428571;0.10771644455351738;18.492292913382492;0.10767429396038053;13.912982275900525;[133.968963703314, 151.814834297738, 160.783798001052, 125.046796291724, 97.2382956338768, 115.557601262493, 130.207785376118, 125.631246712257];"[126.84960099 127.33259494 127.99220986 126.34340729 126.27870119
 128.08775363 127.90359997 127.37056039]";1997-12-07;1998-01-25
98;8;ridge_log;0.13500444658468705;0.0;0.13656087992394528;18.00923182225227;0.13649897093416957;15.170566197172814;[116.885849552867, 120.370857443451, 145.213045765387, 97.0673329826407, 93.8979484481852, 97.9221462388217, 99.7369805365597, 95.1031859350789];"[109.36163001 106.07981571 105.80727999 110.06490604 110.64323589
 107.48634948 106.75643652 108.92016873]";1997-12-07;1998-01-25
103;8;ridge_log;0.187470145433195;28.571428571428573;0.16118846986848906;36.32011843085763;0.16114296236912698;28.712887005116773;[198.001700680272, 185.430839002268, 181.391723356009, 189.413265306122, 121.176757131048, 165.787981859411, 169.600340136054, 180.357142857143];"[171.88400771 191.76799906 211.03886857 213.38519896 204.05058981
 194.97147552 194.30726793 187.22205285]";1998-02-01;1998-03-22
108;8;ridge_log;0.03787898995272847;42.857142857142854;0.037329842824969504;8.668850998138756;0.037319831122054226;6.962592522915553;[185.756802721088, 174.433106575964, 192.375283446712, 181.958616780045, 186.054421768707, 176.814058956916, 190.915532879819, 201.24716553288];"[187.35502053 189.57284321 189.55883111 188.35151857 188.38536319
 189.00847257 188.32842849 188.60619334]";1998-02-01;1998-03-22
98;8;ridge_log;0.2086479933421937;71.42857142857143;0.18594461754500136;23.00971350613405;0.1858643334999392;21.586774131792808;[94.0163072067333, 111.401893740137, 99.6843766438717, 117.977380326144, 107.653866386112, 96.258235014153, 106.404523934771, 123.513940031562];"[122.7222865  120.27681515 131.47114791 137.72735498 131.31509557
 123.97724292 129.05322012 133.06155319]";1997-10-12;1997-11-30
93;8;ridge_log;0.11902588106908765;28.571428571428573;0.110233583641869;16.995656574629788;0.11019254468766536;14.812338292101922;[119.792214623882, 132.706470278801, 130.35244608101, 129.011046817464, 129.260915307733, 128.136193983117, 132.298790110468, 116.38611257233];"[143.17334131 136.70679692 143.29234897 152.89623408 142.74126494
 135.04018046 139.10527596 143.48745347]";1997-10-12;1997-11-30
103;8;ridge_log;0.11136826582944977;85.71428571428571;0.11890812775796689;33.26141481046407;0.11887738895252105;23.26848831951417;[191.695011337868, 180.442176870748, 258.333333333333, 218.735827664399, 167.729591836735, 156.746031746032, 159.297052154195, 183.149092970522];"[178.83170166 178.02015934 179.40000991 178.88127838 176.15977867
 176.60181585 178.6786086  178.74191372]";1997-12-07;1998-01-25
108;8;ridge_log;0.1492657601341505;71.42857142857143;0.15327174618465333;37.6563296684496;0.15323262639662144;30.383172996775205;[217.800453514739, 205.017006802721, 272.17970521542, 178.883219954648, 164.016439909297, 163.463718820862, 176.147959183673, 161.380385487528];"[190.5185177  185.4490444  184.45895272 193.8091134  189.81261128
 188.12237581 190.77060802 189.87174813]";1997-12-07;1998-01-25
103;8;ridge_log;0.09068918085127058;57.142857142857146;0.08859542562356168;19.29908647020441;0.08856975630962344;15.34501833040516;[170.606575963719, 139.625850340136, 188.194444444444, 188.492063492063, 169.359410430839, 164.980158730159, 191.340702947846, 196.301020408163];"[175.13903829 179.32302435 172.50795256 173.73789336 171.03416356
 169.37839498 173.03597551 172.58888893]";1997-10-12;1997-11-30
99;8;ridge_log;0.06927837590405167;42.857142857142854;0.07128151049721743;8.660609601016446;0.0712454020593158;7.053251220243419;[98.5928458705945, 113.834823776959, 98.185165702262, 103.103629668596, 84.5476065228827, 102.617043661231, 100.13150973172, 103.734876380852];"[95.46890797 95.43023323 96.01149447 97.68491996 94.32219884 96.8779182
 97.35635515 94.71864838]";1998-03-29;1998-05-17
94;8;ridge_log;0.18260431357658374;0.0;0.20642524795786127;35.05624518568737;0.2063553123994842;30.505449392073583;[169.673855865334, 177.143608627039, 142.122567069963, 144.568648079958, 145.002630194634, 181.430825881115, 168.187795896896, 149.684376643872];"[127.73317601 127.17281366 135.1600589  132.21019824 126.80212964
 125.26556599 129.4654451  129.96132558]";1998-03-29;1998-05-17
108;8;ridge_log;0.1049693457157547;57.142857142857146;0.10135630397372009;22.946949583838613;0.10132997123257345;19.600636246593606;[182.355442176871, 158.517573696145, 190.702947845805, 185.997732426304, 190.065192743764, 173.497732426304, 209.311224489796, 235.515873015873];"[198.64025762 197.61934224 198.89202921 197.75898503 197.32439451
 198.55268168 197.4712259  198.20185059]";1997-10-12;1997-11-30
99;8;ridge_log;0.07830567194475252;28.571428571428573;0.08197923634512214;9.921657583243467;0.08193592147928103;7.765281833061987;[102.524986849027, 99.4082062072593, 91.6228300894267, 85.652288269332, 108.232509205681, 92.0962651236192, 89.9000526038927, 100.644397685429];"[84.60039657 88.17705217 89.66757543 93.04099434 92.67218721 92.00586747
 95.85595857 98.62847367]";1998-02-01;1998-03-22
94;8;ridge_log;0.20885972431677627;42.857142857142854;0.17555382961770183;30.732985879409068;0.17548908160651386;23.917643043102295;[150.736454497633, 116.296292320189, 168.740136770121, 148.264071541294, 116.938453445555, 95.1232255132457, 136.125723303524, 144.529195160442];"[144.54411482 154.42890705 160.93070068 161.06518196 160.52727284
 155.34674614 152.74909911 150.49912277]";1998-02-01;1998-03-22
104;8;ridge_log;0.06046109043526447;71.42857142857143;0.05775236750167411;8.110921671218264;0.057727104928680065;6.60647079362621;[109.708049886621, 121.017573696145, 117.743764172336, 107.851473922902, 102.239229024943, 114.073129251701, 115.036848072562, 120.833333333333];"[116.64588627 122.80752004 119.28981187 121.46225894 115.81425649
 119.4491995  123.50688464 122.37934995]";1998-03-29;1998-05-17
109;8;ridge_log;0.379927057148088;28.571428571428573;0.49823911089405637;109.04706465883342;0.4981003160165877;91.12872341647784;[165.802154195011, 202.18253968254, 321.102607709751, 254.393424036281, 117.672902494331, 259.325396825397, 188.577097505669, 194.571995464853];"[136.43918966 125.79127131 117.56715735 120.5415008  123.7792644
 121.75255096 120.11840239 120.82171752]";1998-03-29;1998-05-17
99;8;ridge_log;0.09584109491430691;42.857142857142854;0.09167123820839598;11.38820287781678;0.09162374164541477;8.873520283452908;[108.324566017885, 100.591793792741, 115.491846396633, 90.3997895844293, 83.2719621251973, 93.3982114676486, 90.9737803590663, 84.5344555497107];"[109.06253826  99.49455743  98.00342199 100.76288263 105.22786264
  98.52977216  95.51863236  94.20357855]";1997-12-07;1998-01-25
94;8;ridge_log;0.19154344275607543;85.71428571428571;0.22060269078238265;49.13347318904818;0.22053443884193963;36.281188606730666;[146.159915833772, 185.126249342451, 247.106785902157, 186.401893740137, 170.94950026302, 127.152107555279, 129.287217254077, 117.6965578446];"[134.6182753  134.96888249 135.91690369 135.3845539  134.650354
 134.62190221 134.67398469 134.8841289 ]";1997-12-07;1998-01-25
104;8;ridge_log;0.09914234352432372;57.142857142857146;0.10298849781239386;16.94707456572091;0.10294575537059977;12.472067199558134;[147.477324263038, 121.173469387755, 113.151927437642, 118.806689342404, 139.512471655329, 110.728458049887, 100.439342403628, 112.259070294785];"[110.53335197 119.19089886 104.47246411 114.34373981 119.82489833
 119.31687086 119.73201814 112.12015025]";1998-02-01;1998-03-22
109;8;ridge_log;0.10827774852581762;28.571428571428573;0.11870946538179791;22.669577221532716;0.11866185469883048;14.846916556092978;[109.410430839002, 105.045351473923, 134.679705215419, 154.237528344671, 125.850340136054, 119.246031746032, 132.596371882086, 136.465419501134];"[104.03755235 104.27935491 101.750692   104.03438566 125.19091711
 139.5960588  140.48441158 137.07223121]";1998-02-01;1998-03-22
99;8;ridge_log;0.11780044219724867;71.42857142857143;0.10845132373498581;15.210097613491769;0.10840045214575196;11.70287965083851;[86.6386112572331, 88.0194634402946, 94.3582325092057, 110.70489216202, 100.013150973172, 103.451817339245, 92.5960021041556, 116.701735928459];"[ 91.82681908  96.57069721 121.03384203 140.00877271 109.63065713
  95.55549479  97.39796097 115.11341795]";1997-10-12;1997-11-30
94;8;ridge_log;0.31338071292806746;85.71428571428571;0.25681898427436645;45.58949990952017;0.25673525395628144;39.46988497691903;[165.610205155181, 157.035770647028, 179.944765912677, 136.941083640189, 110.44187269858, 117.891585882117, 122.907929172019, 137.258943556381];"[180.58116888 179.84591014 180.97847682 180.75123133 180.53130052
 180.11324033 180.23630171 180.75360674]";1997-10-12;1997-11-30
104;8;ridge_log;0.13418883477629226;28.571428571428573;0.14125820576128795;23.10994686153471;0.14119834483231744;16.913114715986037;[124.957482993197, 117.715419501134, 166.666666666667, 103.954081632653, 90.9863945578231, 102.536848072562, 105.47052154195, 121.329365079365];"[112.15776901 106.71000646 110.0965854  110.82262124 111.94803016
 111.65656437 109.16618328 107.04520891]";1997-12-07;1998-01-25
109;8;ridge_log;0.42239423767822104;42.857142857142854;0.29061207999996785;57.595105192997295;0.2905069194572041;40.24239983780033;[125.368480725623, 121.485260770975, 135.303287981859, 152.140022675737, 180.853174603175, 94.4727891156464, 83.2482993197278, 96.641156462585];"[134.11087099 128.45526812 128.42817639 144.44099295 168.48964958
 181.51906289 186.34995912 185.78235764]";1997-12-07;1998-01-25
104;8;ridge_log;0.09167340033776517;57.142857142857146;0.09116939922398631;11.419734754361594;0.09112789487424172;10.041560061053687;[118.579931972789, 100.637755102041, 92.4886621315194, 113.151927437642, 105.895691609977, 103.1320861678, 120.578231292517, 126.020408163265];"[107.01688698 117.33824875 102.47295693 114.75998213 111.56525644
 112.03007951 114.00505331 106.68455196]";1997-10-12;1997-11-30
109;8;ridge_log;0.5651287115950315;57.142857142857146;0.39189411032010113;89.64014678876178;0.39178912998174076;73.30950094567811;[176.856575963719, 136.337868480726, 223.993764172336, 228.75566893424, 162.981859410431, 110.912698412698, 126.587301587301, 124.518140589569];"[207.35284768 213.49690139 224.88069179 236.17754305 242.57773915
 248.01373458 253.16619511 251.75423237]";1997-10-12;1997-11-30
