DATA;MCPM;UF;PRODUCT;MODEL;PARAMS;WINDOW;HORIZON;RMSE;MAPE;POCID;PBE;P1;P2;P3;P4;P5;P6;P7;P8;P9;P10;P11;P12
RandomForest;90498.79624540446;TO;oleodiesel;VARMA;();12;12;6260.347009061859;0.05081031156540561;66.66666666666667;-0.6101306411873344;107408.60618187234;106332.6880234346;110699.87017252376;110246.02968094422;114034.7850997608;112485.65999665063;108139.0911584523;107292.36573398327;100588.62534618872;95261.5256439507;95986.40164054216;101600.39940177156
