DATA;MCPM;UF;PRODUCT;MODEL;PARAMS;WINDOW;HORIZON;RMSE;MAPE;POCID;PBE;P1;P2;P3;P4;P5;P6;P7;P8;P9;P10;P11;P12
RandomForest;203245.5713463759;PE;oleodiesel;VARMA;();12;12;8039.234952211084;0.05188830604298537;41.666666666666664;0.9098049300914348;125482.46630849468;125159.29215691041;123808.96567367605;127713.01125614042;135025.13582754222;135864.7748577969;136318.0380935097;135496.22521563104;129754.11073311602;125834.65566760518;127511.13164071966;121704.74416910844
