DATA;MCPM;UF;PRODUCT;MODEL;PARAMS;WINDOW;HORIZON;RMSE;MAPE;POCID;PBE;P1;P2;P3;P4;P5;P6;P7;P8;P9;P10;P11;P12
RandomForest;64274.66875285546;PI;oleodiesel;VARMA;();12;12;3557.4608072447113;0.05791836839767605;58.333333333333336;4.071020222712986;48484.46893974351;50320.02547421712;50884.003945320124;53663.15495754864;54633.14727053219;54295.33741341788;55818.82298841324;55632.47206338549;56681.89930124165;52359.66307803366;48941.222715681535;47078.35521797577
