DATA;MCPM;UF;PRODUCT;MODEL;PARAMS;WINDOW;HORIZON;RMSE;MAPE;POCID;PBE;P1;P2;P3;P4;P5;P6;P7;P8;P9;P10;P11;P12
combination;186224.69927807536;SP;querosenedeaviacao;SARIMA_MEDIAN;"{'normal': ""{'p': 2, 'd': 1, 'q': 2, 's': 12}"", 'deseasonal': ""{'p': 2, 'd': 1, 'q': 2, 's': 12}"", 'log': ""{'p': 2, 'd': 1, 'q': 2, 's': 12}"", 'deseasonal-log': ""{'p': 2, 'd': 1, 'q': 2, 's': 12}""}";12;12;25696.6142031074;0.06963785196299173;83.33333333333333;5.896259162478904;311308.411844256;286519.6817435146;294246.0250152934;281219.4629305341;307529.4487600236;295537.29468534526;284167.1438560833;295384.47359854175;291323.7240075441;315308.73590168136;336558.50276433496;286861.6715328086
