DATA;MCPM;UF;PRODUCT;MODEL;PARAMS;WINDOW;HORIZON;RMSE;MAPE;POCID;PBE;P1;P2;P3;P4;P5;P6;P7;P8;P9;P10;P11;P12
combination;30778.797569261806;PR;querosenedeaviacao;SARIMA_MEDIAN;"{'normal': ""{'p': 2, 'd': 1, 'q': 2, 's': 12}"", 'deseasonal': ""{'p': 2, 'd': 1, 'q': 2, 's': 12}"", 'log': ""{'p': 2, 'd': 1, 'q': 2, 's': 12}"", 'deseasonal-log': ""{'p': 2, 'd': 1, 'q': 2, 's': 12}""}";12;12;2114.409067414804;0.27949627497970403;66.66666666666667;-25.47155093887422;8679.845164429717;8500.096445292274;8868.991240694115;8533.440391094711;9552.389110236385;9882.287571322002;9593.459465929602;10409.82981739505;10250.872548897227;10032.019555669669;9848.2752475873;8589.81374646384
