DATA;MCPM;UF;PRODUCT;MODEL;PARAMS;WINDOW;HORIZON;RMSE;MAPE;POCID;PBE;P1;P2;P3;P4;P5;P6;P7;P8;P9;P10;P11;P12
combination;1820.8853277110543;MA;querosenedeaviacao;SARIMA_MEDIAN;"{'normal': ""{'p': 2, 'd': 1, 'q': 2, 's': 12}"", 'deseasonal': ""{'p': 2, 'd': 1, 'q': 2, 's': 12}"", 'log': ""{'p': 2, 'd': 1, 'q': 2, 's': 12}"", 'deseasonal-log': ""{'p': 2, 'd': 1, 'q': 2, 's': 12}""}";12;12;250.89282113603235;0.08823278041705214;83.33333333333333;-4.862001198631245;2197.9646642230036;2010.1319232763228;2077.282306991242;2099.348858463851;2602.4622273727864;2460.2041910371217;2264.6603430326777;2556.149439277353;2497.925458182808;2913.98926354764;2933.0429587151084;2251.2031495758965
