DATA;MCPM;UF;PRODUCT;MODEL;PARAMS;WINDOW;HORIZON;RMSE;MAPE;POCID;PBE;P1;P2;P3;P4;P5;P6;P7;P8;P9;P10;P11;P12
combination;2761.4243898538334;RR;querosenedeaviacao;SARIMA_MEDIAN;"{'normal': ""{'p': 7, 'd': 1, 'q': 2, 's': 12}"", 'deseasonal': ""{'p': 7, 'd': 1, 'q': 2, 's': 12}"", 'log': ""{'p': 8, 'd': 1, 'q': 2, 's': 12}"", 'deseasonal-log': ""{'p': 8, 'd': 1, 'q': 2, 's': 12}""}";12;12;84.79291390534496;0.1111933938778265;25.0;-1.4298865423896148;707.5707726095939;743.0866477399303;710.6359879247651;684.9189726938895;751.4687740305399;706.7244760642211;696.4616392582375;728.7315553207418;699.400025274238;717.5914368629085;712.9985806807024;707.196591991171
