DATA;MCPM;UF;PRODUCT;MODEL;PARAMS;WINDOW;HORIZON;RMSE;MAPE;POCID;PBE;P1;P2;P3;P4;P5;P6;P7;P8;P9;P10;P11;P12
combination;18898.377808894184;GO;querosenedeaviacao;SARIMA_MEDIAN;"{'normal': ""{'p': 2, 'd': 1, 'q': 2, 's': 12}"", 'deseasonal': ""{'p': 2, 'd': 1, 'q': 2, 's': 12}"", 'log': ""{'p': 2, 'd': 1, 'q': 2, 's': 12}"", 'deseasonal-log': ""{'p': 2, 'd': 1, 'q': 2, 's': 12}""}";12;12;1042.6263173582774;0.1855318078707022;58.333333333333336;-17.690972645483395;4866.638062530157;5112.598765056813;5971.8555284880795;6168.72607462424;6853.877026757266;6706.123879046728;6249.5099862385;6276.257317551386;5757.353959767295;5815.848041262324;5497.044075660968;5018.09593078503
