DATA;UF;PRODUCT;MODEL;PARAMS;WINDOW;HORIZON;RMSE;MAPE;POCID;PBE;MASE;P1;P2;P3;P4;P5;P6;P7;P8;P9;P10;P11;P12
mean;RR;etanolhidratado;knn_rf_deepar_svr_catboost_arima;{};12;12;113.20885837213493;0.31946062750045495;45.45454545454545;33.611139776218714;1.0256448435994594;161.39131845404052;161.1575645019149;181.51809267567592;190.00241639055187;198.4448068114153;194.70134179902942;200.95722290741134;207.8019793929203;215.15875146720506;230.03203651043736;215.03852675539645;202.2814462191033
