DATA;UF;PRODUCT;MODEL;PARAMS;WINDOW;HORIZON;RMSE;MAPE;POCID;PBE;MASE;P1;P2;P3;P4;P5;P6;P7;P8;P9;P10;P11;P12
mean;DF;etanolhidratado;knn_rf_deepar_svr_catboost_arima;{};12;12;14395.299188356546;0.5933310733408429;100.0;64.43487576828291;1.0432735864899096;7203.394577377822;6160.701998977723;6442.215257503455;6641.764317433806;6376.255120782194;6673.136656314851;6895.983646612276;7480.464739038055;7718.8289653029515;7803.081969384839;6619.438905537512;7342.876627144946
