DATA;UF;PRODUCT;MODEL;PARAMS;WINDOW;HORIZON;RMSE;MAPE;POCID;PBE;MASE;P1;P2;P3;P4;P5;P6;P7;P8;P9;P10;P11;P12
mean;MS;etanolhidratado;knn_rf_deepar_svr_catboost_arima;{};12;12;10352.018081459693;0.31646311840764635;90.9090909090909;39.86261287476507;0.8524325893962664;11005.95924925425;10721.315917775726;10602.547112830753;10874.361247541941;11464.548458580022;11612.562678840733;12258.944475161567;12695.972818795832;12707.116872546769;13588.332023890058;12505.500589325333;12056.316819598012
