DATA;UF;PRODUCT;MODEL;PARAMS;WINDOW;HORIZON;RMSE;MAPE;POCID;PBE;MASE;P1;P2;P3;P4;P5;P6;P7;P8;P9;P10;P11;P12
mean;PB;etanolhidratado;knn_rf_deepar_svr_catboost_arima;{};12;12;3686.138229681726;0.20429174541730147;72.72727272727273;21.50543703228717;0.608853553972331;9066.541401658502;9165.377594176256;8800.1816242273;9393.977005152112;8827.33585765527;8510.314602200473;8776.615405160659;9815.88967062606;9811.36484537818;10797.101464293728;10123.878195674482;9598.607833169097
