DATA;UF;PRODUCT;MODEL;PARAMS;WINDOW;HORIZON;RMSE;MAPE;POCID;PBE;MASE;P1;P2;P3;P4;P5;P6;P7;P8;P9;P10;P11;P12
rf;AL;oleodiesel;knn_rf_deepar_svr_catboost_arima;{};12;12;2112.6301760709453;0.053046618928556326;72.72727272727273;-2.253347521346158;0.9694421801767185;37268.48836614621;31139.694340591737;30937.985386018772;29897.77725421787;29862.423526349994;31051.121193653875;34276.52347817129;40600.861254203715;43512.06518721201;42043.614077016624;41437.80450139526;37841.18053907156
svr;AL;oleodiesel;knn_rf_deepar_svr_catboost_arima;{};12;12;2068.338382665543;0.04482350596912668;63.63636363636363;-0.9168755392869932;0.8156858080856705;36592.15310739042;32521.569709840063;32039.468172830784;30854.78624527593;27551.692382540077;30420.603406941515;34409.863711121594;42096.24181127883;43835.93725786291;38812.59384257352;39623.44221996208;35492.70521232616
ridge;AL;oleodiesel;knn_rf_deepar_svr_catboost_arima;{};12;12;2104.063250433889;0.045624997217272804;63.63636363636363;-0.9193685111580134;0.8294125195202725;36415.741556030036;32917.821361881586;31940.458647569387;30876.781322637777;27345.388131670556;30496.459090532175;34404.61950883008;42236.15665027617;43727.79084652462;38866.159109188266;39479.90607624453;35554.25514614736
linear;AL;oleodiesel;knn_rf_deepar_svr_catboost_arima;{};12;12;2104.4349044005194;0.04565925260607725;63.63636363636363;-0.9193524456149632;0.8300130076535063;36414.95150389584;32920.48135938053;31938.327659297367;30878.81481580747;27339.26607606339;30500.910321643936;34405.07604076585;42238.920828988215;43725.00543821182;38861.40650575627;39483.41643146063;35554.89292727347
