DATA;UF;PRODUCT;MODEL;PARAMS;WINDOW;HORIZON;RMSE;MAPE;POCID;PBE;MASE;P1;P2;P3;P4;P5;P6;P7;P8;P9;P10;P11;P12
rf;GO;oleodiesel;knn_rf_deepar_svr_catboost_arima;{};12;12;16218.614790337202;0.04898774803675284;72.72727272727273;3.830192117538879;0.8042748440070314;288763.17421565537;271121.27316685143;282189.48116317805;297118.6372208523;323510.32375940174;312252.03461050894;307535.387700819;306035.15369642817;266645.5442710745;233138.79828290016;234144.99091651913;259773.96928027243
svr;GO;oleodiesel;knn_rf_deepar_svr_catboost_arima;{};12;12;19783.510689467472;0.05825622564841015;81.81818181818181;3.897659178471403;0.9666712000480773;290140.65638226055;277144.5323221251;278113.0208688775;306295.3465972397;301586.0172168921;304551.0383762498;312317.01185365266;313141.22645424335;278186.6629967372;234109.38866917603;230657.37660820005;253613.71786592883
ridge;GO;oleodiesel;knn_rf_deepar_svr_catboost_arima;{};12;12;19689.11080998803;0.05869868295518325;63.63636363636363;3.9035825519423244;0.9714732080965086;290035.411503126;278087.29721011873;277916.9029953156;304566.4891231278;301232.58384856296;306394.7618451815;313503.62662423;312870.9939104776;277225.3304968051;233423.00894477093;229680.7077600186;254710.56080831966
linear;GO;oleodiesel;knn_rf_deepar_svr_catboost_arima;{};12;12;19695.66535710619;0.05872814450218102;63.63636363636363;3.90391092010091;0.9719640608046808;290033.9444630951;278100.98220617534;277899.71443815803;304591.21590356925;301191.968787612;306415.540070616;313511.02837403055;312867.4179321053;277219.88398293447;233414.915580007;229683.16678883877;254706.34805116654
