DATA;UF;PRODUCT;MODEL;PARAMS;WINDOW;HORIZON;RMSE;MAPE;POCID;PBE;MASE;P1;P2;P3;P4;P5;P6;P7;P8;P9;P10;P11;P12
rf;MT;oleodiesel;knn_rf_deepar_svr_catboost_arima;{};12;12;30824.368807394523;0.08619242828808095;72.72727272727273;6.41163442635594;0.9910889564877455;345216.8505979639;247842.1569359444;269925.3855369144;331163.3614087744;360900.85492530855;332669.3712870663;317920.28980412893;325482.87030769093;271870.13356409315;243092.787885397;320710.6840918724;349789.8629442988
svr;MT;oleodiesel;knn_rf_deepar_svr_catboost_arima;{};12;12;30868.281178827965;0.07428096997608793;72.72727272727273;6.398912076550449;0.8809974414139476;331834.2117163782;239136.25380658344;259405.02658812716;344102.84805086633;367156.2566044029;330962.7601759732;322894.30013914144;342913.1112212841;288290.9208690711;261370.05858527086;314041.3744336415;314982.71752122603
ridge;MT;oleodiesel;knn_rf_deepar_svr_catboost_arima;{};12;12;31283.851826980397;0.07408512051792333;72.72727272727273;6.394576712828372;0.8795802996387451;330795.77208804525;237869.4229960771;257981.1521676504;346874.63310455537;369240.12710003013;328930.7593649873;323553.19174353767;345055.3892388312;288434.0996841644;260671.71477303127;313578.6565848135;314277.086989525
linear;MT;oleodiesel;knn_rf_deepar_svr_catboost_arima;{};12;12;31287.928472948875;0.07408305672493945;72.72727272727273;6.39566403338962;0.8795826223004146;330782.64708941383;237861.15104487882;257989.80489530164;346900.7409297653;369230.4266491144;328926.777741835;323555.6259004181;345057.5684415306;288432.12487652944;260673.76789309148;313573.5657183524;314234.6249409738
