DATA;MCPM;UF;PRODUCT;MODEL;PARAMS;WINDOW;HORIZON;RMSE;MAPE;POCID;PBE;P1;P2;P3;P4;P5;P6;P7;P8;P9;P10;P11;P12
seasonal;15944.717973571413;SC;glp;ARIMA;{'p': 12, 'd': 1, 'q': 4};12;12;1428.4293259783697;0.7650978877618856;75.0;1346.383442628084;613.3582790284511;-2637.332677858118;1854.7195604057383;1646.5940243992804;3500.6568006529146;5333.975855331022;2472.6462972669337;113.16956467817107;-203.63158105867132;-1456.8891135752838;-5736.056781863372;-6142.2537393901775
trend;71508.18001788948;SC;glp;ARIMA;{'p': 14, 'd': 1, 'q': 21};12;12;1980.8355241950435;0.03461001450566007;16.666666666666668;3.4998545285378873;46600.94579483068;46642.31736311159;46659.35108629324;46653.01191918392;46619.102698264935;46560.777688986294;46498.49741068482;46437.41674270259;46377.25727145721;46324.05914917303;46277.77124855747;46235.95945412979
resid;32745.395495829955;SC;glp;ARIMA;{'p': 2, 'd': 1, 'q': 18};12;12;993.6670239686722;1.0267228188885194;25.0;-31.920308366032025;-69.00005361624156;-492.49151338306655;245.3349817867262;26.28043770614878;-235.79023960226525;369.47417160236625;-726.5928518445428;-264.58863644443676;-70.004297019508;158.3093983269533;-698.2938677106581;450.87210553572936
seasonal_trend;40458.14111978963;SC;glp;ARIMA;{'p': 12, 'd': 0, 'q': 3};12;12;2798.9201585598307;0.048278181109141775;66.66666666666667;4.879692691430679;45349.34781493365;42741.709947622105;47149.33840670425;47110.38969946854;49270.420654032634;50930.6028073601;48451.35889378398;46466.125653769486;45936.13501943253;45017.627278286316;41085.2557773589;40449.96051311837
