DATA;MCPM;UF;PRODUCT;MODEL;PARAMS;WINDOW;HORIZON;RMSE;MAPE;POCID;PBE;P1;P2;P3;P4;P5;P6;P7;P8;P9;P10;P11;P12
seasonal;3874.5977965155867;TO;glp;ARIMA;{'p': 17, 'd': 1, 'q': 8};12;12;205.66489313231432;1.5308591285608195;58.333333333333336;-262.92341597570623;597.1415243359183;-159.855293930734;168.4297728155729;-275.8052172062735;-177.63522786104912;147.93434455858414;-137.49532153492598;-326.927821485164;318.01642955256006;412.35890178273706;-195.32888203376632;-283.76191292937614
trend;7969.7070540619015;TO;glp;ARIMA;{'p': 24, 'd': 1, 'q': 8};12;12;183.99352061661176;0.020768045786433154;0.0;2.0835805400247818;7291.760527953073;7290.796013390058;7276.135629925587;7253.022437527017;7227.937421547531;7205.538486973351;7185.411542608728;7165.204056210405;7146.22207529788;7129.498105326883;7114.921990968027;7103.872037811604
resid;2557.4617254598706;TO;glp;ARIMA;{'p': 5, 'd': 1, 'q': 5};12;12;137.36709648944503;1.01978441905922;58.333333333333336;44.554006790113434;19.2629936458963;-39.410872686279546;69.44838676051342;-30.42253775908393;25.61464969742881;-20.231672198845963;-20.788221703610525;25.369181319135983;-24.263037624143397;39.75690803511018;-22.444234599622735;7.8324266422792785
seasonal_trend;3285.469033685534;TO;glp;ARIMA;{'p': 4, 'd': 0, 'q': 20};12;12;227.41616496748256;0.026565312093842264;66.66666666666667;1.96711027312945;7667.665300186962;7086.3846130200045;7356.431218844841;6915.069290397255;6962.965407741542;7400.749623915444;7192.066946156065;6948.776281612619;7353.0385546055;7389.763605032269;7219.10412380222;7024.585189358524
