DATA;MCPM;UF;PRODUCT;MODEL;PARAMS;WINDOW;HORIZON;RMSE;MAPE;POCID;PBE;P1;P2;P3;P4;P5;P6;P7;P8;P9;P10;P11;P12
RandomForest;1628.2051288859866;AC;glp;VARMA;();12;12;150.11278442666938;0.042024728179462977;75.0;1.7220850055111254;3130.5275281283202;3085.755544373585;3220.0867461428797;3081.803859601492;3111.029895837691;3221.7834091068903;3143.050305377317;3159.2573875541325;3116.222358465192;3197.6560955764317;3142.7679185250213;3199.0398971981144
