DATA;MCPM;UF;PRODUCT;MODEL;PARAMS;WINDOW;HORIZON;RMSE;MAPE;POCID;PBE;P1;P2;P3;P4;P5;P6;P7;P8;P9;P10;P11;P12
RandomForest;1543.554042004318;AP;glp;VARMA;();12;12;106.79611482153842;0.03436017662118774;66.66666666666667;0.7887141171794975;2824.5620023447123;2746.360187026322;2806.3540808302155;2668.797814831581;2689.1157566013703;2723.291120402579;2627.129910704509;2675.4287532607887;2585.800263164732;2683.342228600026;2584.0949500064744;2559.899806958278
