DATA;MCPM;UF;PRODUCT;MODEL;PARAMS;WINDOW;HORIZON;RMSE;MAPE;POCID;PBE;P1;P2;P3;P4;P5;P6;P7;P8;P9;P10;P11;P12
RandomForest;4436.864760046143;PE;glp;VARMA;();12;12;1226.4511165487556;0.02111646534363321;91.66666666666667;1.1122901693559308;45625.65713634319;43855.13039740355;45899.16896904363;46128.852138462426;48405.90691320775;49168.58188306372;46550.171172678056;46280.81822774955;44625.19202582368;47834.0505739298;43241.41836134338;41102.889724860885
