DATA;MCPM;UF;PRODUCT;MODEL;PARAMS;WINDOW;HORIZON;RMSE;MAPE;POCID;PBE;P1;P2;P3;P4;P5;P6;P7;P8;P9;P10;P11;P12
RandomForest;19387.688327241925;MT;glp;VARMA;();12;12;894.8231306741316;0.03470677634742078;50.0;0.38332330198533654;20595.336697715084;20106.546481812366;20404.460998354676;20332.3294757741;19934.00795180005;20715.687569700673;19720.377146176612;19476.666510509513;19696.008812638862;19775.470978478817;19519.538045997782;19418.793147983626
