DATA;MCPM;UF;PRODUCT;MODEL;PARAMS;WINDOW;HORIZON;RMSE;MAPE;POCID;PBE;P1;P2;P3;P4;P5;P6;P7;P8;P9;P10;P11;P12
RandomForest;35931.443871895935;RS;glp;VARMA;();12;12;1990.4442765372219;0.022113447271950318;58.333333333333336;-1.2896500991004856;67472.10561994402;64454.29010587009;69853.33876941995;74037.3949803282;75197.78037824163;74728.26648210594;70143.68924379844;70009.54304944901;67613.55563828732;65980.47608697295;60971.85829099653;58719.92463330991
