DATA;MCPM;UF;PRODUCT;MODEL;PARAMS;WINDOW;HORIZON;RMSE;MAPE;POCID;PBE;P1;P2;P3;P4;P5;P6;P7;P8;P9;P10;P11;P12
combination;289.3720469065686;RN;gasolinadeaviacao;combination-median;ARIMA-SARIMA_DS;12;12;6.676846188888121;3.0425736205207223;33.333333333333336;20.636789824181776;6.166641450828959;8.40856705516632;7.138214829254615;7.564617858268779;6.412361338783816;9.627343236852766;8.823964317908793;7.039831790269823;12.342164486258284;8.954184641928482;6.617977471126079;5.849514385091659
