DATA;MCPM;UF;PRODUCT;MODEL;PARAMS;WINDOW;HORIZON;RMSE;MAPE;POCID;PBE;P1;P2;P3;P4;P5;P6;P7;P8;P9;P10;P11;P12
combination;1109.6555359419717;RS;gasolinadeaviacao;combination-median;ARIMA-SARIMA_DS;12;12;75.69746245757432;0.36128270608200014;66.66666666666667;8.727284020696189;184.30502753336268;93.9078138981789;107.48571051995714;105.82295156376587;100.60719237650534;167.607001180304;214.29083883561566;256.7051242096587;282.8452991554549;402.28572513264373;463.305153162157;279.3480771232947
