DATA;UF;PRODUCT;MODEL;PARAMS;WINDOW;HORIZON;RMSE;MAPE;POCID;PBE;MASE;P1;P2;P3;P4;P5;P6;P7;P8;P9;P10;P11;P12
normal;MT;oleodiesel;arima;{};12;12;22132.876924275988;0.608556323809725;27.272727272727273;31.244699301440782;0.6497024757460721;4315.544716070341;5704.398233368336;3478.301704162006;9893.506806901896;14520.761293294034;17850.387925918258;31638.65962356845;39345.394965069245;28280.453756440824;21342.712733623048;7308.208709575765;8099.129251079518
deseasonal;MT;oleodiesel;arima;{};12;12;27973.1587011807;1.041024594802191;45.45454545454545;72.12429393531357;0.8766669043238915;10518.847342118346;-3210.9299233972133;-3022.2557336999153;45.92650274814787;2226.0816510476825;8768.143787167728;10775.572454967965;14909.291743476271;-881.2926547492516;3863.9518966999503;17096.67211996319;20628.44716096962
log;MT;oleodiesel;arima;{};12;12;26177.31349320609;0.8684624083211067;45.45454545454545;64.03872219655705;0.8386575578944403;18728.002889618343;9742.31997448053;9068.370801599971;9373.598211406319;1022.4088742910299;15680.510533065943;2096.9507236276877;9013.092353651004;1306.7709393369041;501.7232808890276;9615.803280224418;15191.839154013105
