DATA;UF;PRODUCT;MODEL;PARAMS;WINDOW;HORIZON;RMSE;MAPE;POCID;PBE;MASE;P1;P2;P3;P4;P5;P6;P7;P8;P9;P10;P11;P12
normal;AL;oleodiesel;arima;{};12;12;2378.1791123355006;2.953911960307703;63.63636363636363;-30.167016090117716;0.8640275078281616;2490.6308889152824;3577.263365415318;3918.47267735852;4121.6094165500745;3375.4987023283356;2886.009976486547;1538.1990400481536;2628.4596462388918;1920.792325117338;1686.3822367307496;651.0602615506691;458.4972965408174
deseasonal;AL;oleodiesel;arima;{};12;12;1940.7173802835803;7.694714319229951;72.72727272727273;-41.30257228514645;0.697040943060462;3046.7391762802035;2731.619566303185;4006.7744890917684;3369.7664558618417;3095.4779745495734;2889.9589189105195;2538.594057960426;2853.181947728828;3166.975470161772;2950.061301431325;2439.9434945075304;954.5448307979239
log;AL;oleodiesel;arima;{};12;12;2542.331554028222;30.58758550077017;36.36363636363637;2.4876034675595413;1.0017423001136938;3112.751995022872;3557.052848507027;3336.0720406100863;3734.793968472177;3201.507634226629;2565.413826486465;1684.2265104061753;1446.34110578147;-272.3169684595482;48.459888948669686;531.3765249923338;1150.8461363477481
