DATA;UF;PRODUCT;MODEL;PARAMS;WINDOW;HORIZON;RMSE;MAPE;POCID;PBE;MASE;P1;P2;P3;P4;P5;P6;P7;P8;P9;P10;P11;P12
normal;AM;glp;catboost;{};12;12;843.33556360951;1.6329704215558551;63.63636363636363;198.7131898059713;1.1143819370303973;-68.27442508299873;-455.4635920280654;-335.27888702472166;-462.2863705095973;-232.80950041930996;32.79319743858477;-109.8187083359791;-443.26269307125614;79.79272186926559;318.54951974100317;209.3595057964206;-317.18078911507484
deseasonal;AM;glp;catboost;{};12;12;605.0409263383148;1.1870122475072293;72.72727272727273;294.6907281593427;0.7616583708889361;-609.5182600151822;-747.3596511061912;-110.1241409649985;27.829483876937275;-332.66663640325794;51.39781892354284;-55.69726985386171;-152.61185139589725;245.12066938362506;-14.447792360706728;25.647186381346273;21.22847261945526
log;AM;glp;catboost;{};12;12;791.6109845498668;2.2941246912425255;63.63636363636363;152.7067757049832;1.0018131885771098;-137.26245562992156;-260.568420443911;-110.47802004321011;-483.1352615442637;-273.4418392432977;14.294697771029007;-5.997986520808354;-544.1799158525024;-6.250799511671772;538.1781635963711;47.03823687191891;-107.28019946162959
