DATA;UF;PRODUCT;MODEL;PARAMS;WINDOW;HORIZON;RMSE;MAPE;POCID;PBE;MASE;P1;P2;P3;P4;P5;P6;P7;P8;P9;P10;P11;P12
normal;SC;glp;catboost;{};12;12;4598.919535241314;2.449287022451318;18.181818181818183;112.44120897161187;0.9531632276467409;-4626.133079189096;-2053.2497837802957;1801.6753758135624;665.873472000823;472.6175239183593;1941.090989082888;2604.746544667485;917.007570351158;-1873.293645575644;-265.58698086820345;-739.8241961167023;-2366.3156361731626
deseasonal;SC;glp;catboost;{};12;12;2818.0523888905354;2.036787693893847;45.45454545454545;95.38552323689159;0.5559715520989471;-2696.2452607981113;-2268.0201832883963;-27.870715794808632;-638.4489582406438;583.1701737987792;1308.7787698154066;391.7865442578198;1525.3593556537521;1348.6068717691928;931.4484998484343;695.211292778863;114.41785088983698
log;SC;glp;catboost;{};12;12;3991.362842687857;2.7609662117740146;45.45454545454545;132.12521191466112;0.7919485427171227;-1983.356827828366;-795.9917208942711;1406.9498340410123;1448.241423163151;1456.56299777889;2098.2622256446707;580.7473949448132;-961.9066768440163;-2073.2646715540986;-1205.6898749741654;-3527.9807069857593;-4605.516683132722
