DATA;UF;PRODUCT;MODEL;PARAMS;WINDOW;HORIZON;RMSE;MAPE;POCID;PBE;MASE;P1;P2;P3;P4;P5;P6;P7;P8;P9;P10;P11;P12
normal;CE;glp;catboost;{};12;12;2145.089598171671;0.9725399508568034;63.63636363636363;111.37745031841189;0.6180052539357459;130.83675848122303;-638.5194015191805;854.4971185254591;280.5441953689373;296.76044779872603;336.3914674791033;-159.56181333311736;-265.8835956314947;-559.6633001352046;1608.4550650178085;-1272.9210004323709;-1977.067116041872
deseasonal;CE;glp;catboost;{};12;12;2316.3223647252375;1.3822305993105661;63.63636363636363;102.15586410763055;0.5951887398692461;-544.1243853332211;-646.5349707615545;385.2533844626215;438.10165328995953;399.1926099328374;-462.78657325434295;6.899456667449954;672.9380821521847;192.2491871532004;57.04208122405477;-227.88532347815192;-526.9673293549239
log;CE;glp;catboost;{};12;12;2103.1356884818792;1.1354193423116612;90.9090909090909;96.43120461076464;0.6557618168673359;122.71418659607869;-554.5191135709672;69.03486792199413;970.8157465833125;-61.72484785116892;1315.1494617283881;997.3789672332517;258.82660937308185;-462.51957106663076;594.6261559894918;-754.8699443166084;-2079.559458521113
