DATA;UF;PRODUCT;MODEL;PARAMS;WINDOW;HORIZON;RMSE;MAPE;POCID;PBE;MASE;P1;P2;P3;P4;P5;P6;P7;P8;P9;P10;P11;P12
normal;PB;glp;catboost;{};12;12;1037.7959046802516;1.025058224942098;36.36363636363637;39.150219760767726;0.4666966245932577;-14.516098526689973;231.21618540095318;-22.66444031805827;-88.5577985695108;811.256626806658;1174.2549090367343;1235.5947098204638;808.198212488486;213.7842496798038;1292.003608458078;781.7440446703608;-498.84272096571027
deseasonal;PB;glp;catboost;{};12;12;768.6123581058768;2.1636382679933113;36.36363636363637;52.85619075874452;0.36266191695465205;287.46646569495556;211.447301939141;196.1751502693395;66.00576375335584;218.29405068256457;402.4880342453703;413.5785113433199;413.2185388528826;423.6435377302004;912.7460907831214;520.6230196044144;707.99118121078
log;PB;glp;catboost;{};12;12;1394.4964026054877;5.690417660464129;63.63636363636363;34.10411486924006;0.6092620081216403;352.5833178889987;255.67898568027692;370.8112314321431;56.01325116718618;1069.6984569358654;1463.5407168621332;1429.0544804499232;853.9973006567943;1185.1687366127237;597.167039226616;560.5927582444417;-1133.3157329909243
