DATA;MCPM;UF;PRODUCT;MODEL;PARAMS;WINDOW;HORIZON;RMSE;MAPE;POCID;PBE;MASE;P1;P2;P3;P4;P5;P6;P7;P8;P9;P10;P11;P12
normal;14821.094443624343;AL;etanolhidratado;knn_noresid;{'n_neighbors': 1};12;12;1246.9958072904785;0.1717651330478471;72.72727272727273;13.748365407386062;0.5587009045996794;7234.857482408854;5773.970355178744;5372.8387961687;4044.6778364080283;3455.282416920396;3304.7804652906743;3432.559871616085;4346.7623206859025;5015.210810895553;6471.9044792054765;5648.993903001213;5666.510045951935
log;41845.937846139226;AL;etanolhidratado;knn_noresid;{'n_neighbors': 3};12;12;1762.9810317698857;0.2621431877487331;45.45454545454545;10.68749439240517;0.8189301498244629;2550.4684802760817;3359.8729194538746;3123.876902495514;3330.8844035097254;4703.963511718268;6867.316056442145;6913.412426620893;6700.480167373878;6429.314211187481;5143.966191173342;7162.97402748596;5602.8599424387885
deseasonal;14227.587728896835;AL;etanolhidratado;knn_noresid;{'n_neighbors': 3};12;12;1197.418229075466;0.1635887215339322;72.72727272727273;12.791313592305103;0.5295714118787537;6776.559667382012;6245.028152829109;5375.916171135002;4072.5130938907923;3445.6912084308024;3304.2241550821905;3486.921008220254;4523.04516370654;5257.439724764621;6562.769382348967;5656.446852278334;5724.986350200654
