DATA;MCPM;UF;PRODUCT;MODEL;PARAMS;WINDOW;HORIZON;RMSE;MAPE;POCID;PBE;MASE;P1;P2;P3;P4;P5;P6;P7;P8;P9;P10;P11;P12
normal;171514.55110983923;CE;etanolhidratado;knn_noresid;{'n_neighbors': 1};12;12;6189.673704742071;0.35302301073677134;36.36363636363637;37.54061175069134;1.0330061772338652;10951.953571059852;8438.628956221972;7961.836348592746;7350.807346646261;7364.211645112861;6905.135388919778;7336.05189918486;9007.749090803207;9552.581931708819;11206.499077594874;9921.74410885502;9449.0271405803
log;104762.4697560625;CE;etanolhidratado;knn_noresid;{'n_neighbors': 5};12;12;5283.390419977032;0.3348662742396645;54.54545454545455;34.4103779202032;0.9369391955581381;5956.005068570598;7200.777163558168;7161.033545595375;7694.3137264126035;7909.895668671453;9781.497288218834;9230.158578683131;9791.27956237213;11378.206680662142;10609.618112305585;12597.269267935959;11420.747224087532
deseasonal;187574.65135465475;CE;etanolhidratado;knn_noresid;{'n_neighbors': 1};12;12;5928.0804304104595;0.3419505674707423;27.272727272727273;35.82277159046982;0.9904036914480755;11081.277052007883;8255.314058808704;8009.828366284438;7142.691381085688;6972.5855252124165;6528.107593492409;7150.628057042699;9886.070168632075;10463.731928704316;12222.39333383237;10344.63312688269;10289.086579087505
