DATA;UF;PRODUCT;MODEL;PARAMS;WINDOW;HORIZON;RMSE;MAPE;POCID;PBE;MASE;P1;P2;P3;P4;P5;P6;P7;P8;P9;P10;P11;P12
normal;PI;etanolhidratado;rf;{};12;12;4427.948854390865;4.889436014902626;0.0;106.73057852696866;1.021674136281086;-2725.806802534147;-2028.5158496460563;-509.83122010849905;723.6200170389947;1981.9519809830572;3766.861095998271;3475.6648731428527;2798.6486237880545;956.4100746244864;-307.6847646612015;-2445.3860394229946;-4421.910867676627
deseasonal;PI;etanolhidratado;rf;{};12;12;5036.240613967033;3.2012287132998254;18.181818181818183;107.32498410039248;1.2654155161475447;-2971.4755412766226;-1988.7821684164514;-1274.6797462445056;174.64598851426933;4953.728665208759;4395.980527904926;3870.051312672796;1578.3094830573832;118.9972972785398;-888.0659036715481;-3401.1123371393405;-3459.922015491941
log;PI;etanolhidratado;rf;{};12;12;3157.7439830953454;5.573305949224214;45.45454545454545;167.53478061364373;1.1219881265270524;-1824.7871303199179;-1515.8128311889973;-1048.2916245168215;1234.2839415722185;4104.096146881155;4464.693290246071;3535.581255404927;1601.9704807060011;818.7250224107204;-261.6982132770118;-1261.686680359724;-2819.0883429489786
