DATA;UF;PRODUCT;MODEL;PARAMS;WINDOW;HORIZON;RMSE;MAPE;POCID;PBE;MASE;P1;P2;P3;P4;P5;P6;P7;P8;P9;P10;P11;P12
normal;AM;etanolhidratado;rf;{};12;12;5164.505830032528;0.9878257626065391;36.36363636363637;79.94429167136222;1.7396163213935103;-1198.1848625780517;-1167.3695583151405;100.30235611480799;1778.5682953087387;5675.995726832614;6825.78569357774;4955.435917185048;1961.6764319893723;875.1429151960226;-1999.1756079530783;-3223.6021048476036;-3223.247023772585
deseasonal;AM;etanolhidratado;rf;{};12;12;5391.590778169927;0.8856396706058188;36.36363636363637;90.1697344742198;1.5922027278352793;-1724.8572276234668;-1281.4269450802478;-23.2775345705096;3031.1996407772845;3892.5437956599803;4611.64338713138;4197.026311205967;2087.909143199975;-297.312391771303;-2456.9174067620024;-3485.9765516354805;-3188.04983178412
log;AM;etanolhidratado;rf;{};12;12;4220.965827046977;1.5102844264464743;72.72727272727273;74.76126244097058;1.2742399386954242;-115.93690300146247;-1114.4688426989937;773.4570212179543;2002.0145313233434;3304.0873157028923;5117.410180195762;4445.999671357485;3445.391353037042;1531.9104587473028;921.8433288987087;-2378.2258387532156;-3875.472321517088
