DATA;UF;PRODUCT;MODEL;PARAMS;WINDOW;HORIZON;RMSE;MAPE;POCID;PBE;MASE;P1;P2;P3;P4;P5;P6;P7;P8;P9;P10;P11;P12
normal;RN;etanolhidratado;rf;{};12;12;3257.7133153624072;4.808403372398132;36.36363636363637;78.85248787444527;1.4969226262414623;-1709.7677531994862;-201.79288371616406;1879.6573646516695;2384.756274100742;3023.87838305141;2961.1995464431325;1752.882110962828;686.5834406987715;-286.9452643651606;-1643.7893041275158;-4777.63148879365;-6067.592643051865
deseasonal;RN;etanolhidratado;rf;{};12;12;4382.75723575;3.979186629903667;27.272727272727273;54.70479568853229;1.64632336485595;-2341.07573136465;-1990.6851974078568;-1433.3028108097014;-957.0793450181659;416.55687291577465;4172.209691103609;4154.950436688781;3236.910058681133;287.6425353341326;-1494.3709576060078;-4299.598254220307;-5235.096037495881
log;RN;etanolhidratado;rf;{};12;12;2848.4607454620177;10.035115360207001;45.45454545454545;102.4391114640029;1.0400932459557632;-1713.821918900247;-2160.8392242353184;-1007.3207848481889;-1120.0807403927;322.3419788225774;2586.2706955491235;3405.139068342613;2432.9368155343877;1078.578426844174;-345.7356663828575;-943.8765530905384;-2392.909186150696
