DATA;UF;PRODUCT;MODEL;PARAMS;WINDOW;HORIZON;RMSE;MAPE;POCID;PBE;MASE;P1;P2;P3;P4;P5;P6;P7;P8;P9;P10;P11;P12
normal;PA;etanolhidratado;rf;{};12;12;3195.1989314468137;1.107957373098541;45.45454545454545;110.30687040261718;1.007659416442728;-274.0253123557411;-354.0847042713575;-222.35631763625042;-244.5497976400971;88.90990463836454;503.32708987869444;1371.8300752632717;1087.4274856902703;322.98535651614316;-522.8604861750854;-1832.9485897612085;-2329.4578018374964
deseasonal;PA;etanolhidratado;rf;{};12;12;3780.6888409155017;3.305451035881236;27.272727272727273;122.92648662996557;1.2669184619489557;-462.3166978386938;-226.75940576271978;408.0047082114901;1374.0081290865055;1724.2709925142958;1888.8412091901778;224.07374290309212;-504.417629019277;-1442.0077554431357;-2575.0107733354853;-2911.127692346378;-2669.8350777556384
log;PA;etanolhidratado;rf;{};12;12;3333.6719599245525;1.5555487792763698;18.181818181818183;103.74686713639892;1.0873006207028268;-476.28399892423766;-543.8765552565461;-204.72027711225542;556.2284971037516;1324.9621885922827;1523.7689766243302;1027.222891416389;699.4627043327087;-180.81070120322494;-464.9872558563054;-1726.5536213549688;-2472.983349994412
