DATA;UF;PRODUCT;MODEL;PARAMS;WINDOW;HORIZON;RMSE;MAPE;POCID;PBE;MASE;P1;P2;P3;P4;P5;P6;P7;P8;P9;P10;P11;P12
normal;AL;etanolhidratado;rf;{};12;12;3601.7792765662425;6.279257339912839;9.090909090909092;-40.26225361961243;1.4094819257990687;-448.4960570160425;-364.97645831096435;1289.7009500406627;2750.211918950038;4755.497865831135;3695.257445731291;1846.6970602156048;1088.0840721516497;-94.48132777719493;-1366.2789583795604;-1468.9793152853556;-2661.3349205438426
deseasonal;AL;etanolhidratado;rf;{};12;12;3477.471226175992;3.4858302479852856;63.63636363636363;84.94920590081126;1.3288123763211765;1463.7980866067112;2019.0844589461458;2830.431957200998;2323.787589908786;1711.7048340288898;600.6927269382321;-551.0157988927502;-2453.3204007881395;-2396.3036692906526;-1676.356274468931;-1449.275799805933;-1158.8632578701254
log;AL;etanolhidratado;rf;{};12;12;2709.829548152921;10.726586847653124;27.272727272727273;-61.32057443765614;2.4171245230936336;212.66277592436802;19.243037653135872;-292.48415802088505;2000.6219438410915;4069.924504512824;5045.918333328249;4115.224881413891;1407.5289396615624;562.2738414927688;-922.315583678996;-2214.5197130115935;-2459.138164537271
