DATA;MCPM;UF;PRODUCT;MODEL;PARAMS;WINDOW;HORIZON;RMSE;MAPE;POCID;PBE;MASE;P1;P2;P3;P4;P5;P6;P7;P8;P9;P10;P11;P12
normal;12936.531807041383;PB;glp;arma;{'p': 9, 'd': 0, 'q': 9};12;12;1093.7838441604067;0.040294137469130166;72.72727272727273;4.106143226425742;0.9904373264128303;20684.60393876125;19840.04875110015;20958.12141281304;21208.065128520597;21215.8839275452;21613.060166607243;21259.668238989416;20887.794901146248;19847.068311472103;20578.39793320413;19500.558181764663;19229.150030291712
log;15441.275432792298;PB;glp;arma;{'p': 18, 'd': 0, 'q': 20};12;12;1304.9203491523547;0.05356679689586916;72.72727272727273;5.416073594380269;1.306403881859364;20732.911049609735;19740.924598136175;20466.21064240676;20987.228657854273;21191.09875379031;21417.28244973971;20868.132055147977;20192.628165769245;19562.888302571082;20318.92936105846;19213.27181255574;18759.268593432174
deseasonal;8435.17348414166;PB;glp;arma;{'p': 13, 'd': 0, 'q': 5};12;12;1068.790456792673;0.043832734423563925;81.81818181818181;4.433073624496172;1.0692957713165703;20620.552646351363;19632.319413760248;20421.72960481115;20912.293916122588;21483.353591083855;21451.08503805795;20870.62647685747;20731.696137768467;19912.250881399796;21288.250981618214;19830.491194727332;18826.280718589704
