DATA;MCPM;UF;PRODUCT;MODEL;PARAMS;WINDOW;HORIZON;RMSE;MAPE;POCID;PBE;MASE;P1;P2;P3;P4;P5;P6;P7;P8;P9;P10;P11;P12;Test Statistic;p-value;Lags Used;Observations Used;Critical Value (1%);Critical Value (5%);Critical Value (10%);Stationary
normal;56829.01900824432;PI;oleodiesel;ARIMA;{'p': 24, 'd': 2, 'q': 12};12;12;5230.8756506941645;0.0892537138607543;81.81818181818181;8.49865821837391;1.5765487464097232;46372.7373604727;45372.50436082602;47878.02698479734;49334.195311723546;54214.102912314935;55763.5972461174;52833.073574763854;52449.38330975674;53593.61956462111;50563.178283260415;44831.56764519771;46564.43004853951;-4.968669430359681;2.558981296677961e-05;14;382;-3.4475850438570115;-2.869135963767125;-2.570816474877333;True
log;108567.36173809708;PI;oleodiesel;ARIMA;{'p': 14, 'd': 3, 'q': 22};12;12;6002.983815792075;0.0994691823014392;63.63636363636363;7.619410866481048;1.7551270651768165;46382.44336887939;49409.643196621095;52531.28867688375;50985.17937039817;53960.46303839816;54733.29740432389;50093.91854991632;49516.56892515373;50077.14788419292;49271.7511206858;48297.32976722144;50274.65106471358;-4.967125727521677;2.576951522443952e-05;14;382;-3.4475850438570115;-2.869135963767125;-2.570816474877333;True
deseasonal;160.1196093845629;PI;oleodiesel;ARIMA;{'p': 16, 'd': 2, 'q': 17};12;12;4762.635424653173;0.07764197032776003;100.0;7.6744328385709455;1.3883281250642996;47707.78023295748;47225.75266191773;48575.1215325606;49940.27408629529;53576.05640288952;54619.725702753894;53168.598815280966;53794.694599671115;54854.23873270146;50667.69056806705;45670.679503285195;45372.41305687226;-5.030520866916975;1.930482570949955e-05;14;382;-3.4475850438570115;-2.869135963767125;-2.5708164748773332;True
