DATA;MCPM;UF;PRODUCT;MODEL;PARAMS;WINDOW;HORIZON;RMSE;MAPE;POCID;PBE;MASE;P1;P2;P3;P4;P5;P6;P7;P8;P9;P10;P11;P12
log;14689.360013660127;PB;glp;knn;{'n_neighbors': 9};12;12;813.5465896398139;0.030225518516934;63.63636363636363;3.065447305630264;0.7394124525682227;20779.25349734099;19905.626471263004;21379.83971506036;21038.81039720464;21868.714519944355;22107.064195048475;21212.21214818443;20838.991860379265;20075.30122628601;21070.247561484808;20149.90876001425;19075.11107295201
normal;13798.201657964471;PB;glp;knn;{'n_neighbors': 9};12;12;764.2288252751647;0.0281848535730849;63.63636363636363;2.865885538104019;0.6912764250154375;20794.72479603375;19918.074831589423;21389.43037774411;21051.83241075561;21879.4058662874;22164.785548218268;21089.934526532183;20845.14812541224;20087.60107824669;21187.09212456564;20348.97102168908;19257.73529661504
