train_range;test_range;UF;PRODUCT;MODEL;PARAMS;WINDOW;HORIZON;RMSE;MAPE;POCID;PBE;MCPM;MASE;P1;P2;P3;P4;P5;P6;P7;P8;P9;P10;P11;P12;error_series;Test Statistic;p-value;Lags Used;Observations Used;Critical Value (1%);Critical Value (5%);Critical Value (10%);Stationary
1990-01_2023-02;2023-03_2024-02;PI;glp;ARIMA;{'loss_function': 'RMSE', 'learning_rate': 0.01, 'iterations': 100, 'depth': 9};12;12;1239.5385897863582;0.06222128070846253;72.72727272727273;6.296914511773164;14672.384483940828;0.8804308017102995;14224.438800946571;14206.721685478484;14221.197291734934;14208.695408308837;14187.394890121748;14230.168044697526;14206.176526709884;14211.373167785488;14177.461662076686;14176.585358266535;14211.535060106202;14184.41584356453;[2934.3528690534276, -25.399225478484368, 720.9675682650668, 1350.8879216911628, 647.0616298782516, 1611.6000753024746, -119.59138670988432, 547.3949522145122, 609.6271079233138, 1207.8095717334654, 1421.7982698937976, 547.5950264354706];-0.8013457968307233;0.8187264303144632;16;380;-3.4476763783532585;-2.869176103659426;-2.570837873961219;False
1990-01_2012-02;2012-03_2013-02;PI;glp;ARIMA;{'depth': 5, 'iterations': 200, 'learning_rate': 0.3, 'loss_function': 'RMSE'};12;12;485.9461693338248;0.03354691612014955;81.81818181818181;2.1380150399628874;3833.1569710337235;0.22103714630040183;11894.756957435782;11824.359962478416;12008.071817435677;11969.700790784016;11833.520421269131;11875.148065780453;11903.41055781676;11982.123599246404;11884.524616734045;11938.950897436052;11940.467215737872;11960.391589710862;[643.1434025642175, -53.14356247841715, 289.2688525643225, 57.57934921598462, 188.21574873086865, 784.8084542195465, -295.34147781676074, 427.361910753596, 328.2239032659545, 430.3425825639479, 891.2755342621276, -567.2412297108622];-1.9233977762982548;0.3211353683160952;15;249;-3.4568881317725864;-2.8732185133016057;-2.5729936189738876;False
