DATA;MCPM;UF;PRODUCT;MODEL;PARAMS;WINDOW;HORIZON;RMSE;MAPE;POCID;PBE;P1;P2;P3;P4;P5;P6;P7;P8;P9;P10;P11;P12
combination;48323.304747175316;RS;etanolhidratado;SARIMA_MEDIAN;"{'normal': ""{'p': 2, 'd': 1, 'q': 2, 's': 12}"", 'deseasonal': ""{'p': 2, 'd': 1, 'q': 2, 's': 12}"", 'log': ""{'p': 2, 'd': 1, 'q': 2, 's': 12}"", 'deseasonal-log': ""{'p': 2, 'd': 1, 'q': 2, 's': 12}""}";12;12;3312.084586996023;0.3572266537641425;66.66666666666667;44.00718382585806;2897.898325471102;2677.143134969351;2943.779661309728;3096.9387476510688;3037.5212277861388;3157.1685065868755;3186.749624039432;3373.617478157762;3319.3483145732707;4148.192236434154;3416.4494627132653;2871.207428411157
