DATA;MCPM;UF;PRODUCT;MODEL;PARAMS;WINDOW;HORIZON;RMSE;MAPE;POCID;PBE;P1;P2;P3;P4;P5;P6;P7;P8;P9;P10;P11;P12
combination;129133.47078517391;MS;etanolhidratado;SARIMA_MEDIAN;"{'normal': ""{'p': 2, 'd': 1, 'q': 2, 's': 12}"", 'deseasonal': ""{'p': 2, 'd': 1, 'q': 2, 's': 12}"", 'log': ""{'p': 2, 'd': 1, 'q': 2, 's': 12}"", 'deseasonal-log': ""{'p': 2, 'd': 1, 'q': 2, 's': 12}""}";12;12;11752.751042507976;0.3737725817310622;75.0;46.15756475555822;11020.67317067616;10797.177249840373;10348.493155762344;10043.082086755992;10413.209683951918;10198.18535026168;10584.127663963882;11221.028544469249;10473.310852936034;12198.844307608035;10255.21965635168;9666.324219813694
