DATA;MCPM;UF;PRODUCT;MODEL;PARAMS;WINDOW;HORIZON;RMSE;MAPE;POCID;PBE;P1;P2;P3;P4;P5;P6;P7;P8;P9;P10;P11;P12
combination;3813.426228053633;PI;etanolhidratado;SARIMA_MEDIAN;"{'normal': ""{'p': 2, 'd': 1, 'q': 2, 's': 12}"", 'deseasonal': ""{'p': 2, 'd': 1, 'q': 2, 's': 12}"", 'log': ""{'p': 2, 'd': 1, 'q': 2, 's': 12}"", 'deseasonal-log': ""{'p': 2, 'd': 1, 'q': 2, 's': 12}""}";12;12;526.0891926362892;0.0710769417595923;83.33333333333333;5.1743786424580875;4513.485922232988;4184.663783549644;4530.294581850612;4431.38544545472;4526.637824260373;4633.150997835132;5225.067593589676;5959.522846180426;5696.112004865658;6154.040170842962;5790.573776699181;5340.361741935915
