DATA;MCPM;UF;PRODUCT;MODEL;PARAMS;WINDOW;HORIZON;RMSE;MAPE;POCID;PBE;P1;P2;P3;P4;P5;P6;P7;P8;P9;P10;P11;P12
combination;210197.79236405625;DF;etanolhidratado;SARIMA_MEDIAN;"{'normal': ""{'p': 2, 'd': 1, 'q': 2, 's': 12}"", 'deseasonal': ""{'p': 4, 'd': 1, 'q': 2, 's': 12}"", 'log': ""{'p': 10, 'd': 1, 'q': 2, 's': 12}"", 'deseasonal-log': ""{'p': 4, 'd': 1, 'q': 2, 's': 12}""}";12;12;14320.35734933641;0.5633229263950895;66.66666666666667;62.532044033756925;7529.932356693878;6978.692566948554;7279.9258015503965;7127.9072645683145;7012.5552039287895;7783.317085933628;8309.019899646966;8749.361759734587;7807.59177932273;7699.954184970609;5446.700771568878;6093.073474064604
