DATA;UF;PRODUCT;MODEL;PARAMS;WINDOW;HORIZON;RMSE;MAPE;POCID;PBE;MASE;P1;P2;P3;P4;P5;P6;P7;P8;P9;P10;P11;P12
mean;PA;oleodiesel;knn_rf_deepar_svr_catboost_arima;{};12;12;14285.943405816532;0.05940680397273784;54.54545454545455;5.729956500708583;0.20052621796066158;160758.7749577406;164890.6934785075;165299.43434083034;169566.5684217793;177826.63519363024;182163.71055715665;183222.92933265006;194853.68092519377;177062.49180821612;175607.34420347508;169061.0521541662;158436.32136723795
