DATA;UF;PRODUCT;MODEL;PARAMS;WINDOW;HORIZON;RMSE;MAPE;POCID;PBE;MASE;P1;P2;P3;P4;P5;P6;P7;P8;P9;P10;P11;P12
mean;AC;oleodiesel;knn_rf_deepar_svr_catboost_arima;{};12;12;949.0958048708945;0.06826106003824231;90.9090909090909;-0.4292842374192433;0.6094635213971992;11199.74279025651;11501.985902099239;11558.929956356527;12656.523663760054;13155.918608720525;13714.527273628351;13808.973710077727;14288.337160587416;13158.66694206249;12926.312529199453;12558.654519615398;11819.776936072778
