DATA;UF;PRODUCT;MODEL;PARAMS;WINDOW;HORIZON;RMSE;MAPE;POCID;PBE;MASE;P1;P2;P3;P4;P5;P6;P7;P8;P9;P10;P11;P12
normal;RO;gasolinac;svr;{};12;12;2674.467114463674;3.317787754017429;63.63636363636363;-42.257858708668806;1.241875526585829;-372.46075737892465;-60.382564143777245;839.0006423580843;1304.305379711968;2166.362464505664;2908.525329361929;2598.8083453055983;3277.779246172204;2317.265360232806;2326.726550390698;2426.3320653564833;669.6292781781478
deseasonal;RO;gasolinac;svr;{};12;12;2841.0128566670164;3.7886597682860597;45.45454545454545;-6040.09721909216;0.8557296377895823;739.1851214276129;1312.8469196216017;1308.1658766616831;685.5047078691018;595.0177472902633;786.4821611170615;1514.0811984512582;1267.8580369898355;3061.5397013467905;3428.6838389574523;3513.1340252312657;3700.178881427627
log;RO;gasolinac;svr;{};12;12;2397.2431568568504;3.038264458349469;72.72727272727273;-147.00306080971174;1.1505558377631941;-167.96183392128955;-58.710195248189166;737.714664975196;453.3963072021097;2138.9850667503642;2398.263721943793;2800.4903645844634;3425.3846958141557;2707.027831476198;6422.09391481599;2149.131310856807;-301.9568598198905
