DATA;UF;PRODUCT;MODEL;PARAMS;WINDOW;HORIZON;RMSE;MAPE;POCID;PBE;MASE;P1;P2;P3;P4;P5;P6;P7;P8;P9;P10;P11;P12
normal;AC;gasolinac;svr;{};12;12;2125.9722328185208;4.173721184812757;72.72727272727273;-24571.30160195202;2.7934777484602717;244.85279230067817;-36.786711181907094;202.2827857241681;271.0723616666676;492.9101569171778;520.2465016793851;1261.5541625292117;1579.7018118622354;1619.8023946870924;2838.3146681693256;2596.885161952584;2360.2668788563587
deseasonal;AC;gasolinac;svr;{};12;12;1710.2455115128619;3.619280411245711;63.63636363636363;511.15957302830867;1.509756936849073;733.6636805073267;730.7893286661028;441.9483244583297;216.08966367110702;53.3350468154315;145.86859466022122;517.2130397703493;703.7691797093134;1214.6129679593598;1958.0579401466966;2435.2517027973868;2415.8288731771145
log;AC;gasolinac;svr;{};12;12;1977.5493002676503;5.420616003699489;81.81818181818181;1109.9479138030163;1.2932626898674584;320.5157280240045;-230.63545220219976;307.26968745957015;622.8160967860125;755.948977598713;798.82481327922;1652.5755536608863;2159.7199435274765;1941.4968971248243;2843.0077715916013;2614.250660075317;2172.070086118443
