DATA;MCPM;UF;PRODUCT;MODEL;PARAMS;WINDOW;HORIZON;RMSE;MAPE;POCID;PBE;MASE;P1;P2;P3;P4;P5;P6;P7;P8;P9;P10;P11;P12
normal;177820.31909501046;PE;gasolinac;arima_noresid;{'p': 18, 'd': 3, 'q': 11};12;12;11268.469435237559;0.07925030508224869;63.63636363636363;1.762579415730035;0.9463761549104613;105182.55781003648;101115.66151233634;109400.93489212458;106735.75114284392;118252.79772105903;128101.26598968187;132285.78474417166;130482.96266359647;118870.52898646565;141137.39591066405;120376.90466845538;120515.78584651128
log;84688.66884098903;PE;gasolinac;arima_noresid;{'p': 21, 'd': 3, 'q': 14};12;12;10712.217926468686;0.07571985824315254;81.81818181818181;1.2498247635285364;0.9076487069534324;105133.13531667885;101773.13890889332;109875.37645247887;108314.97890424078;121076.46623614202;128488.22368372203;129807.42121725596;132211.23515228176;122435.6230283795;142204.69596422408;120722.41446461025;117892.40349843982
deseasonal;99740.80935010947;PE;gasolinac;arima_noresid;{'p': 21, 'd': 3, 'q': 5};12;12;12601.873354691545;0.09639913676617408;81.81818181818181;-3.4055822364210315;1.15305714121256;107914.51759116289;105208.21373899179;113510.10114630048;113106.04074240093;124955.9274251558;134787.95461823285;136794.04144809858;139452.11990955583;129778.70499057586;148403.59076886633;128892.78728633733;125014.37501590984
