DATA;MCPM;UF;PRODUCT;MODEL;PARAMS;WINDOW;HORIZON;RMSE;MAPE;POCID;PBE;MASE;P1;P2;P3;P4;P5;P6;P7;P8;P9;P10;P11;P12;Test Statistic;p-value;Lags Used;Observations Used;Critical Value (1%);Critical Value (5%);Critical Value (10%);Stationary
normal;108013.7092277345;MS;gasolinac;ARIMA;{'p': 13, 'd': 2, 'q': 24};12;12;6841.998038052513;0.09407003722434383;63.63636363636363;-4.0602672256101195;0.6625827060890471;67827.0557047579;63755.81613927585;65716.83321603786;64937.354346306536;72840.37171926274;72769.71193617932;74617.54460023352;72081.66711085192;69814.4861984818;73679.32371845495;62937.62107318343;65713.9611367956;-4.552898444818156;0.00015760779505530925;12;384;-3.4474946672686824;-2.8690962436986855;-2.570795299750434;True
deseasonal;262632.99301459687;MS;gasolinac;ARIMA;{'p': 12, 'd': 2, 'q': 19};12;12;16577.200553412917;0.22377040630013342;63.63636363636363;-21.258245233177867;1.542518326643987;72115.8145847547;73563.93179251143;75690.15563736994;73175.19258680036;80265.76676328422;85205.75823656745;83000.42109081862;81767.76636305024;82764.47668321966;92012.98907948607;81594.74609592077;82161.57761151984;-5.048708770828888;1.7759874679878772e-05;12;384;-3.4474946672686824;-2.8690962436986855;-2.570795299750434;True
log;231266.6581146318;MS;gasolinac;ARIMA;{'p': 12, 'd': 2, 'q': 21};12;12;19395.72471495765;0.2632528205568438;72.72727272727273;-25.202410557116195;1.828710683009946;72875.71004548363;72955.04011201518;78123.95806030779;72765.18820374722;85117.9428003169;89783.03889162102;86579.82653941544;86398.88486615368;83472.8629871555;98343.50705123614;83526.32620850661;84710.16188850798;-4.53367286876047;0.0001708521199447981;12;384;-3.4474946672686824;-2.8690962436986855;-2.570795299750434;True
