DATA;MCPM;UF;PRODUCT;MODEL;PARAMS;WINDOW;HORIZON;RMSE;MAPE;POCID;PBE;MASE;P1;P2;P3;P4;P5;P6;P7;P8;P9;P10;P11;P12;Test Statistic;p-value;Lags Used;Observations Used;Critical Value (1%);Critical Value (5%);Critical Value (10%);Stationary
normal;8285.248592237014;MS;glp;SARIMA;{'p': 2, 'd': 1, 'q': 2, 's': 12};12;12;458.9304404084377;0.0236923791038713;63.63636363636363;0.291476809751391;0.6803988006793072;15000.418019278468;14482.864466952802;15132.729749360267;15480.237591432598;15918.98301366539;15810.28542458796;14668.29000936851;14829.759638257705;14309.208216263278;14752.245085323148;13785.46034203752;13645.096205385524;-4.464096197808852;0.0002281965747952;17;379;-3.4477224095888497;-2.869196333125208;-2.5708486586002604;True
log;8151.401420021592;MS;glp;SARIMA;{'p': 2, 'd': 1, 'q': 2, 's': 12};12;12;451.5167903533127;0.0236334334983318;63.63636363636363;0.1877865651661938;0.677882759732521;15034.310938313494;14446.955479356906;15147.234601979237;15503.620391280803;15920.106351288192;15811.792010194196;14705.13327130476;14846.434572733831;14348.765517266283;14778.473453301996;13820.697438096744;13636.970132700117;-4.533098559977356;0.0001712636140089;17;379;-3.4477224095888497;-2.869196333125208;-2.5708486586002604;True
deseasonal;7285.743880488027;MS;glp;SARIMA;{'p': 2, 'd': 1, 'q': 2, 's': 12};12;12;462.35176798575645;0.025892922806643934;63.63636363636363;-0.3098488481009882;0.7374221272292119;15095.406077495385;14587.381182249086;15291.896516018925;15602.055246222268;16095.020319045101;15926.892955674492;14769.948376071421;14921.766401511517;14336.802397435182;14839.241530713678;13783.27353186494;13638.269648933403;-8.257771343502833;5.181156844656628e-13;2;394;-3.4470566389664703;-2.8689037160476016;-2.570692663557422;True
