DATA;MCPM;UF;PRODUCT;MODEL;PARAMS;WINDOW;HORIZON;RMSE;MAPE;POCID;PBE;MASE;P1;P2;P3;P4;P5;P6;P7;P8;P9;P10;P11;P12;Test Statistic;p-value;Lags Used;Observations Used;Critical Value (1%);Critical Value (5%);Critical Value (10%);Stationary
normal;15195.478729539853;CE;glp;SARIMA;{'p': 2, 'd': 1, 'q': 2, 's': 12};12;12;2101.8731314173565;0.0289048536920053;90.9090909090909;2.5326313233263344;0.9706012214389848;42506.25027178934;42320.197420774304;43164.09108833285;43588.40245172347;44209.64248902453;44779.356045861125;42865.52698248044;43532.55523276911;41914.322036457255;43982.26330413703;42110.932222260606;39527.34470062713;-3.948287945440845;0.0017068587573352;17;379;-3.4477224095888497;-2.869196333125208;-2.5708486586002604;True
log;15365.997436781225;CE;glp;SARIMA;{'p': 2, 'd': 1, 'q': 2, 's': 12};12;12;2125.412890776493;0.0292719503086837;90.9090909090909;2.57812596596298;0.9824967948626868;42443.43613543316;42290.49111997573;43129.62042085055;43568.00380911295;44227.59220168951;44800.59778163786;42862.130253184245;43532.67276313848;41898.6467181254;43991.413090874106;42061.75540286285;39454.37203284535;-3.9764924142366658;0.0015387314639704;17;379;-3.4477224095888497;-2.869196333125208;-2.5708486586002604;True
deseasonal;16757.067146728008;CE;glp;SARIMA;{'p': 2, 'd': 1, 'q': 2, 's': 12};12;12;2125.033927986735;0.02883909528424668;81.81818181818181;2.4373638747612074;0.9629189468482381;42355.237360043015;42179.72625997614;43787.57055821414;43672.12945173808;44294.86311440653;45611.08755256424;42981.91456876106;43400.24963900913;42042.65756239319;43766.97401519663;41960.27748255179;38951.08484992751;-6.826420893782865;1.942679114329807e-09;2;394;-3.4470566389664703;-2.8689037160476016;-2.570692663557422;True
