DATA;MCPM;UF;PRODUCT;MODEL;PARAMS;WINDOW;HORIZON;RMSE;MAPE;POCID;PBE;MASE;P1;P2;P3;P4;P5;P6;P7;P8;P9;P10;P11;P12;Test Statistic;p-value;Lags Used;Observations Used;Critical Value (1%);Critical Value (5%);Critical Value (10%);Stationary
normal;8389.141374639828;AM;glp;SARIMA;{'p': 2, 'd': 1, 'q': 2, 's': 12};12;12;580.5840611513228;0.0343532948969582;72.72727272727273;1.450529108423222;0.7649587875150737;15244.84191936628;14734.576669874552;15149.535652920187;14638.904805907405;15077.752650264472;14935.450803066207;14473.490552872676;14847.473919881715;14531.868114726143;15265.9975942019;14565.267129154385;14085.574972719847;-3.9209082151211088;0.0018862503528448;17;379;-3.4477224095888497;-2.869196333125208;-2.5708486586002604;True
log;8445.328635110505;AM;glp;SARIMA;{'p': 2, 'd': 1, 'q': 2, 's': 12};12;12;584.4698396494949;0.0345143180216662;72.72727272727273;1.4602237281353494;0.7684092026161685;15259.616939652487;14729.386461918932;15161.39255197768;14621.624667638644;15063.85855610522;14942.918824464276;14476.966825964528;14824.61098465604;14554.279849556107;15264.563096300417;14553.429272031555;14080.620533534397;-3.909507603333137;0.0019659799456489;17;379;-3.4477224095888497;-2.869196333125208;-2.5708486586002604;True
deseasonal;6918.979622064327;AM;glp;SARIMA;{'p': 2, 'd': 1, 'q': 2, 's': 12};12;12;585.0989015578134;0.03503790590025705;72.72727272727273;1.3576230101089302;0.7786006057328131;15291.20737581076;14742.886928591019;15199.38938484894;14637.468624682695;15164.098930822667;14963.600063230993;14484.734035747677;14855.91162242857;14517.449397658327;15313.963968788375;14565.21282198573;13982.195035592651;-5.267214579109185;6.400138254104232e-06;5;391;-3.4471856790801514;-2.868960436182993;-2.5707229006220524;True
