dataset_index;horizon;regressor;mape;pocid;smape;rmse;msmape;mae;test;predictions;start_test;final_test;description;origin;react_iterations_used;react_stop_reason;seed_floor_smape;seed_floor_rmse;ablation_config
0;0;orchestrator_laya_laya_v5_reasoning_pure;;;;;;;[[]];[[]];;;"{""error"": ""RuntimeError: no strategy was selected (loop trace: [], errors: [\""iteration 1: q3/build: ValueError: question 'type': definition must be a dict, got str\""])""}";;0;error;;;laya_multilingual_laya_v5_reasoning_pure_noseeds_text
1;0;orchestrator_laya_laya_v5_reasoning_pure;;;;;;;[[]];[[]];;;"{""error"": ""RuntimeError: no strategy was selected (loop trace: [], errors: [\""iteration 1: q3/build: ValueError: question 'type': definition must be a dict, got str\""])""}";;0;error;;;laya_multilingual_laya_v5_reasoning_pure_noseeds_text
2;0;orchestrator_laya_laya_v5_reasoning_pure;;;;;;;[[]];[[]];;;"{""error"": ""RuntimeError: no strategy was selected (loop trace: [], errors: [\""iteration 1: q3/build: ValueError: question 'type': definition must be a dict, got str\""])""}";;0;error;;;laya_multilingual_laya_v5_reasoning_pure_noseeds_text
3;0;orchestrator_laya_laya_v5_reasoning_pure;;;;;;;[[]];[[]];;;"{""error"": ""RuntimeError: no strategy was selected (loop trace: [], errors: [\""iteration 1: q3/build: ValueError: question 'type': definition must be a dict, got str\""])""}";;0;error;;;laya_multilingual_laya_v5_reasoning_pure_noseeds_text
4;0;orchestrator_laya_laya_v5_reasoning_pure;;;;;;;[[]];[[]];;;"{""error"": ""RuntimeError: no strategy was selected (loop trace: [], errors: [\""iteration 1: q3/build: ValueError: question 'type': definition must be a dict, got str\""])""}";;0;error;;;laya_multilingual_laya_v5_reasoning_pure_noseeds_text
5;0;orchestrator_laya_laya_v5_reasoning_pure;;;;;;;[[]];[[]];;;"{""error"": ""RuntimeError: no strategy was selected (loop trace: [], errors: [\""iteration 1: q3/build: ValueError: question 'type': definition must be a dict, got str\""])""}";;0;error;;;laya_multilingual_laya_v5_reasoning_pure_noseeds_text
6;0;orchestrator_laya_laya_v5_reasoning_pure;;;;;;;[[]];[[]];;;"{""error"": ""RuntimeError: no strategy was selected (loop trace: [], errors: [\""iteration 1: q3/build: ValueError: question 'type': definition must be a dict, got str\""])""}";;0;error;;;laya_multilingual_laya_v5_reasoning_pure_noseeds_text
7;0;orchestrator_laya_laya_v5_reasoning_pure;;;;;;;[[]];[[]];;;"{""error"": ""RuntimeError: no strategy was selected (loop trace: [], errors: [\""iteration 1: q3/build: ValueError: question 'type': definition must be a dict, got str\""])""}";;0;error;;;laya_multilingual_laya_v5_reasoning_pure_noseeds_text
8;0;orchestrator_laya_laya_v5_reasoning_pure;;;;;;;[[]];[[]];;;"{""error"": ""RuntimeError: no strategy was selected (loop trace: [], errors: [\""iteration 1: q3/build: ValueError: question 'type': definition must be a dict, got str\""])""}";;0;error;;;laya_multilingual_laya_v5_reasoning_pure_noseeds_text
9;0;orchestrator_laya_laya_v5_reasoning_pure;;;;;;;[[]];[[]];;;"{""error"": ""RuntimeError: no strategy was selected (loop trace: [], errors: [\""iteration 1: q3/build: ValueError: question 'type': definition must be a dict, got str\""])""}";;0;error;;;laya_multilingual_laya_v5_reasoning_pure_noseeds_text
10;0;orchestrator_laya_laya_v5_reasoning_pure;;;;;;;[[]];[[]];;;"{""error"": ""RuntimeError: no strategy was selected (loop trace: [], errors: [\""iteration 1: q3/build: ValueError: question 'type': definition must be a dict, got str\""])""}";;0;error;;;laya_multilingual_laya_v5_reasoning_pure_noseeds_text
11;0;orchestrator_laya_laya_v5_reasoning_pure;;;;;;;[[]];[[]];;;"{""error"": ""RuntimeError: no strategy was selected (loop trace: [], errors: [\""iteration 1: q3/build: ValueError: question 'type': definition must be a dict, got str\""])""}";;0;error;;;laya_multilingual_laya_v5_reasoning_pure_noseeds_text
12;0;orchestrator_laya_laya_v5_reasoning_pure;;;;;;;[[]];[[]];;;"{""error"": ""RuntimeError: no strategy was selected (loop trace: [], errors: [\""iteration 1: q3/build: ValueError: question 'type': definition must be a dict, got str\""])""}";;0;error;;;laya_multilingual_laya_v5_reasoning_pure_noseeds_text
13;0;orchestrator_laya_laya_v5_reasoning_pure;;;;;;;[[]];[[]];;;"{""error"": ""RuntimeError: no strategy was selected (loop trace: [], errors: [\""iteration 1: q3/build: ValueError: question 'type': definition must be a dict, got str\""])""}";;0;error;;;laya_multilingual_laya_v5_reasoning_pure_noseeds_text
14;0;orchestrator_laya_laya_v5_reasoning_pure;;;;;;;[[]];[[]];;;"{""error"": ""RuntimeError: no strategy was selected (loop trace: [], errors: [\""iteration 1: q3/build: ValueError: question 'type': definition must be a dict, got str\""])""}";;0;error;;;laya_multilingual_laya_v5_reasoning_pure_noseeds_text
15;0;orchestrator_laya_laya_v5_reasoning_pure;;;;;;;[[]];[[]];;;"{""error"": ""RuntimeError: no strategy was selected (loop trace: [], errors: [\""iteration 1: q3/build: ValueError: question 'type': definition must be a dict, got str\""])""}";;0;error;;;laya_multilingual_laya_v5_reasoning_pure_noseeds_text
16;0;orchestrator_laya_laya_v5_reasoning_pure;;;;;;;[[]];[[]];;;"{""error"": ""RuntimeError: no strategy was selected (loop trace: [], errors: [\""iteration 1: q3/build: ValueError: question 'type': definition must be a dict, got str\""])""}";;0;error;;;laya_multilingual_laya_v5_reasoning_pure_noseeds_text
17;0;orchestrator_laya_laya_v5_reasoning_pure;;;;;;;[[]];[[]];;;"{""error"": ""RuntimeError: no strategy was selected (loop trace: [], errors: [\""iteration 1: q3/build: ValueError: question 'type': definition must be a dict, got str\""])""}";;0;error;;;laya_multilingual_laya_v5_reasoning_pure_noseeds_text
18;0;orchestrator_laya_laya_v5_reasoning_pure;;;;;;;[[]];[[]];;;"{""error"": ""RuntimeError: no strategy was selected (loop trace: [], errors: [\""iteration 1: q3/build: ValueError: question 'type': definition must be a dict, got str\""])""}";;0;error;;;laya_multilingual_laya_v5_reasoning_pure_noseeds_text
19;0;orchestrator_laya_laya_v5_reasoning_pure;;;;;;;[[]];[[]];;;"{""error"": ""RuntimeError: no strategy was selected (loop trace: [], errors: [\""iteration 1: q3/build: ValueError: question 'type': definition must be a dict, got str\""])""}";;0;error;;;laya_multilingual_laya_v5_reasoning_pure_noseeds_text
20;0;orchestrator_laya_laya_v5_reasoning_pure;;;;;;;[[]];[[]];;;"{""error"": ""RuntimeError: no strategy was selected (loop trace: [], errors: [\""iteration 1: q3/build: ValueError: question 'type': definition must be a dict, got str\""])""}";;0;error;;;laya_multilingual_laya_v5_reasoning_pure_noseeds_text
21;0;orchestrator_laya_laya_v5_reasoning_pure;;;;;;;[[]];[[]];;;"{""error"": ""RuntimeError: no strategy was selected (loop trace: [], errors: [\""iteration 1: q3/build: ValueError: question 'type': definition must be a dict, got str\""])""}";;0;error;;;laya_multilingual_laya_v5_reasoning_pure_noseeds_text
22;0;orchestrator_laya_laya_v5_reasoning_pure;;;;;;;[[]];[[]];;;"{""error"": ""RuntimeError: no strategy was selected (loop trace: [], errors: [\""iteration 1: q3/build: ValueError: question 'type': definition must be a dict, got str\""])""}";;0;error;;;laya_multilingual_laya_v5_reasoning_pure_noseeds_text
23;0;orchestrator_laya_laya_v5_reasoning_pure;;;;;;;[[]];[[]];;;"{""error"": ""RuntimeError: no strategy was selected (loop trace: [], errors: [\""iteration 1: q3/build: ValueError: question 'type': definition must be a dict, got str\""])""}";;0;error;;;laya_multilingual_laya_v5_reasoning_pure_noseeds_text
24;0;orchestrator_laya_laya_v5_reasoning_pure;;;;;;;[[]];[[]];;;"{""error"": ""RuntimeError: no strategy was selected (loop trace: [], errors: [\""iteration 1: q3/build: ValueError: question 'type': definition must be a dict, got str\""])""}";;0;error;;;laya_multilingual_laya_v5_reasoning_pure_noseeds_text
25;0;orchestrator_laya_laya_v5_reasoning_pure;;;;;;;[[]];[[]];;;"{""error"": ""RuntimeError: no strategy was selected (loop trace: [], errors: [\""iteration 1: q3/build: ValueError: question 'type': definition must be a dict, got str\""])""}";;0;error;;;laya_multilingual_laya_v5_reasoning_pure_noseeds_text
26;0;orchestrator_laya_laya_v5_reasoning_pure;;;;;;;[[]];[[]];;;"{""error"": ""RuntimeError: no strategy was selected (loop trace: [], errors: [\""iteration 1: q3/build: ValueError: question 'type': definition must be a dict, got str\""])""}";;0;error;;;laya_multilingual_laya_v5_reasoning_pure_noseeds_text
27;0;orchestrator_laya_laya_v5_reasoning_pure;;;;;;;[[]];[[]];;;"{""error"": ""RuntimeError: no strategy was selected (loop trace: [], errors: [\""iteration 1: q3/build: ValueError: question 'type': definition must be a dict, got str\""])""}";;0;error;;;laya_multilingual_laya_v5_reasoning_pure_noseeds_text
28;0;orchestrator_laya_laya_v5_reasoning_pure;;;;;;;[[]];[[]];;;"{""error"": ""RuntimeError: no strategy was selected (loop trace: [], errors: [\""iteration 1: q3/build: ValueError: question 'type': definition must be a dict, got str\""])""}";;0;error;;;laya_multilingual_laya_v5_reasoning_pure_noseeds_text
29;0;orchestrator_laya_laya_v5_reasoning_pure;;;;;;;[[]];[[]];;;"{""error"": ""RuntimeError: no strategy was selected (loop trace: [], errors: [\""iteration 1: q3/build: ValueError: question 'type': definition must be a dict, got str\""])""}";;0;error;;;laya_multilingual_laya_v5_reasoning_pure_noseeds_text
30;0;orchestrator_laya_laya_v5_reasoning_pure;;;;;;;[[]];[[]];;;"{""error"": ""RuntimeError: no strategy was selected (loop trace: [], errors: [\""iteration 1: q3/build: ValueError: question 'type': definition must be a dict, got str\""])""}";;0;error;;;laya_multilingual_laya_v5_reasoning_pure_noseeds_text
31;0;orchestrator_laya_laya_v5_reasoning_pure;;;;;;;[[]];[[]];;;"{""error"": ""RuntimeError: no strategy was selected (loop trace: [], errors: [\""iteration 1: q3/build: ValueError: question 'type': definition must be a dict, got str\""])""}";;0;error;;;laya_multilingual_laya_v5_reasoning_pure_noseeds_text
32;0;orchestrator_laya_laya_v5_reasoning_pure;;;;;;;[[]];[[]];;;"{""error"": ""RuntimeError: no strategy was selected (loop trace: [], errors: [\""iteration 1: q3/build: ValueError: question 'type': definition must be a dict, got str\""])""}";;0;error;;;laya_multilingual_laya_v5_reasoning_pure_noseeds_text
33;0;orchestrator_laya_laya_v5_reasoning_pure;;;;;;;[[]];[[]];;;"{""error"": ""RuntimeError: no strategy was selected (loop trace: [], errors: [\""iteration 1: q3/build: ValueError: question 'type': definition must be a dict, got str\""])""}";;0;error;;;laya_multilingual_laya_v5_reasoning_pure_noseeds_text
34;0;orchestrator_laya_laya_v5_reasoning_pure;;;;;;;[[]];[[]];;;"{""error"": ""RuntimeError: no strategy was selected (loop trace: [], errors: [\""iteration 1: q3/build: ValueError: question 'type': definition must be a dict, got str\""])""}";;0;error;;;laya_multilingual_laya_v5_reasoning_pure_noseeds_text
35;0;orchestrator_laya_laya_v5_reasoning_pure;;;;;;;[[]];[[]];;;"{""error"": ""RuntimeError: no strategy was selected (loop trace: [], errors: [\""iteration 1: q3/build: ValueError: question 'type': definition must be a dict, got str\""])""}";;0;error;;;laya_multilingual_laya_v5_reasoning_pure_noseeds_text
36;0;orchestrator_laya_laya_v5_reasoning_pure;;;;;;;[[]];[[]];;;"{""error"": ""RuntimeError: no strategy was selected (loop trace: [], errors: [\""iteration 1: q3/build: ValueError: question 'type': definition must be a dict, got str\""])""}";;0;error;;;laya_multilingual_laya_v5_reasoning_pure_noseeds_text
37;0;orchestrator_laya_laya_v5_reasoning_pure;;;;;;;[[]];[[]];;;"{""error"": ""RuntimeError: no strategy was selected (loop trace: [], errors: [\""iteration 1: q3/build: ValueError: question 'type': definition must be a dict, got str\""])""}";;0;error;;;laya_multilingual_laya_v5_reasoning_pure_noseeds_text
38;0;orchestrator_laya_laya_v5_reasoning_pure;;;;;;;[[]];[[]];;;"{""error"": ""RuntimeError: no strategy was selected (loop trace: [], errors: [\""iteration 1: q3/build: ValueError: question 'type': definition must be a dict, got str\""])""}";;0;error;;;laya_multilingual_laya_v5_reasoning_pure_noseeds_text
39;0;orchestrator_laya_laya_v5_reasoning_pure;;;;;;;[[]];[[]];;;"{""error"": ""RuntimeError: no strategy was selected (loop trace: [], errors: [\""iteration 1: q3/build: ValueError: question 'type': definition must be a dict, got str\""])""}";;0;error;;;laya_multilingual_laya_v5_reasoning_pure_noseeds_text
40;0;orchestrator_laya_laya_v5_reasoning_pure;;;;;;;[[]];[[]];;;"{""error"": ""RuntimeError: no strategy was selected (loop trace: [], errors: [\""iteration 1: q3/build: ValueError: question 'type': definition must be a dict, got str\""])""}";;0;error;;;laya_multilingual_laya_v5_reasoning_pure_noseeds_text
41;0;orchestrator_laya_laya_v5_reasoning_pure;;;;;;;[[]];[[]];;;"{""error"": ""RuntimeError: no strategy was selected (loop trace: [], errors: [\""iteration 1: q3/build: ValueError: question 'type': definition must be a dict, got str\""])""}";;0;error;;;laya_multilingual_laya_v5_reasoning_pure_noseeds_text
42;0;orchestrator_laya_laya_v5_reasoning_pure;;;;;;;[[]];[[]];;;"{""error"": ""RuntimeError: no strategy was selected (loop trace: [], errors: [\""iteration 1: q3/build: ValueError: question 'type': definition must be a dict, got str\""])""}";;0;error;;;laya_multilingual_laya_v5_reasoning_pure_noseeds_text
43;0;orchestrator_laya_laya_v5_reasoning_pure;;;;;;;[[]];[[]];;;"{""error"": ""RuntimeError: no strategy was selected (loop trace: [], errors: [\""iteration 1: q3/build: ValueError: question 'type': definition must be a dict, got str\""])""}";;0;error;;;laya_multilingual_laya_v5_reasoning_pure_noseeds_text
44;0;orchestrator_laya_laya_v5_reasoning_pure;;;;;;;[[]];[[]];;;"{""error"": ""RuntimeError: no strategy was selected (loop trace: [], errors: [\""iteration 1: q3/build: ValueError: question 'type': definition must be a dict, got str\""])""}";;0;error;;;laya_multilingual_laya_v5_reasoning_pure_noseeds_text
45;0;orchestrator_laya_laya_v5_reasoning_pure;;;;;;;[[]];[[]];;;"{""error"": ""RuntimeError: no strategy was selected (loop trace: [], errors: [\""iteration 1: q3/build: ValueError: question 'type': definition must be a dict, got str\""])""}";;0;error;;;laya_multilingual_laya_v5_reasoning_pure_noseeds_text
46;0;orchestrator_laya_laya_v5_reasoning_pure;;;;;;;[[]];[[]];;;"{""error"": ""RuntimeError: no strategy was selected (loop trace: [], errors: [\""iteration 1: q3/build: ValueError: question 'type': definition must be a dict, got str\""])""}";;0;error;;;laya_multilingual_laya_v5_reasoning_pure_noseeds_text
47;0;orchestrator_laya_laya_v5_reasoning_pure;;;;;;;[[]];[[]];;;"{""error"": ""RuntimeError: no strategy was selected (loop trace: [], errors: [\""iteration 1: q3/build: ValueError: question 'type': definition must be a dict, got str\""])""}";;0;error;;;laya_multilingual_laya_v5_reasoning_pure_noseeds_text
48;0;orchestrator_laya_laya_v5_reasoning_pure;;;;;;;[[]];[[]];;;"{""error"": ""RuntimeError: no strategy was selected (loop trace: [], errors: [\""iteration 1: q3/build: ValueError: question 'type': definition must be a dict, got str\""])""}";;0;error;;;laya_multilingual_laya_v5_reasoning_pure_noseeds_text
49;0;orchestrator_laya_laya_v5_reasoning_pure;;;;;;;[[]];[[]];;;"{""error"": ""RuntimeError: no strategy was selected (loop trace: [], errors: [\""iteration 1: q3/build: ValueError: question 'type': definition must be a dict, got str\""])""}";;0;error;;;laya_multilingual_laya_v5_reasoning_pure_noseeds_text
50;0;orchestrator_laya_laya_v5_reasoning_pure;;;;;;;[[]];[[]];;;"{""error"": ""RuntimeError: no strategy was selected (loop trace: [], errors: [\""iteration 1: q3/build: ValueError: question 'type': definition must be a dict, got str\""])""}";;0;error;;;laya_multilingual_laya_v5_reasoning_pure_noseeds_text
51;0;orchestrator_laya_laya_v5_reasoning_pure;;;;;;;[[]];[[]];;;"{""error"": ""RuntimeError: no strategy was selected (loop trace: [], errors: [\""iteration 1: q3/build: ValueError: question 'type': definition must be a dict, got str\""])""}";;0;error;;;laya_multilingual_laya_v5_reasoning_pure_noseeds_text
52;0;orchestrator_laya_laya_v5_reasoning_pure;;;;;;;[[]];[[]];;;"{""error"": ""RuntimeError: no strategy was selected (loop trace: [], errors: [\""iteration 1: q3/build: ValueError: question 'type': definition must be a dict, got str\""])""}";;0;error;;;laya_multilingual_laya_v5_reasoning_pure_noseeds_text
53;0;orchestrator_laya_laya_v5_reasoning_pure;;;;;;;[[]];[[]];;;"{""error"": ""RuntimeError: no strategy was selected (loop trace: [], errors: [\""iteration 1: q3/build: ValueError: question 'type': definition must be a dict, got str\""])""}";;0;error;;;laya_multilingual_laya_v5_reasoning_pure_noseeds_text
54;0;orchestrator_laya_laya_v5_reasoning_pure;;;;;;;[[]];[[]];;;"{""error"": ""RuntimeError: no strategy was selected (loop trace: [], errors: [\""iteration 1: q3/build: ValueError: question 'type': definition must be a dict, got str\""])""}";;0;error;;;laya_multilingual_laya_v5_reasoning_pure_noseeds_text
55;0;orchestrator_laya_laya_v5_reasoning_pure;;;;;;;[[]];[[]];;;"{""error"": ""RuntimeError: no strategy was selected (loop trace: [], errors: [\""iteration 1: q3/build: ValueError: question 'type': definition must be a dict, got str\""])""}";;0;error;;;laya_multilingual_laya_v5_reasoning_pure_noseeds_text
56;0;orchestrator_laya_laya_v5_reasoning_pure;;;;;;;[[]];[[]];;;"{""error"": ""RuntimeError: no strategy was selected (loop trace: [], errors: [\""iteration 1: q3/build: ValueError: question 'type': definition must be a dict, got str\""])""}";;0;error;;;laya_multilingual_laya_v5_reasoning_pure_noseeds_text
57;0;orchestrator_laya_laya_v5_reasoning_pure;;;;;;;[[]];[[]];;;"{""error"": ""RuntimeError: no strategy was selected (loop trace: [], errors: [\""iteration 1: q3/build: ValueError: question 'type': definition must be a dict, got str\""])""}";;0;error;;;laya_multilingual_laya_v5_reasoning_pure_noseeds_text
58;0;orchestrator_laya_laya_v5_reasoning_pure;;;;;;;[[]];[[]];;;"{""error"": ""RuntimeError: no strategy was selected (loop trace: [], errors: [\""iteration 1: q3/build: ValueError: question 'type': definition must be a dict, got str\""])""}";;0;error;;;laya_multilingual_laya_v5_reasoning_pure_noseeds_text
59;0;orchestrator_laya_laya_v5_reasoning_pure;;;;;;;[[]];[[]];;;"{""error"": ""RuntimeError: no strategy was selected (loop trace: [], errors: [\""iteration 1: q3/build: ValueError: question 'type': definition must be a dict, got str\""])""}";;0;error;;;laya_multilingual_laya_v5_reasoning_pure_noseeds_text
60;0;orchestrator_laya_laya_v5_reasoning_pure;;;;;;;[[]];[[]];;;"{""error"": ""RuntimeError: no strategy was selected (loop trace: [], errors: [\""iteration 1: q3/build: ValueError: question 'type': definition must be a dict, got str\""])""}";;0;error;;;laya_multilingual_laya_v5_reasoning_pure_noseeds_text
61;0;orchestrator_laya_laya_v5_reasoning_pure;;;;;;;[[]];[[]];;;"{""error"": ""RuntimeError: no strategy was selected (loop trace: [], errors: [\""iteration 1: q3/build: ValueError: question 'type': definition must be a dict, got str\""])""}";;0;error;;;laya_multilingual_laya_v5_reasoning_pure_noseeds_text
62;0;orchestrator_laya_laya_v5_reasoning_pure;;;;;;;[[]];[[]];;;"{""error"": ""RuntimeError: no strategy was selected (loop trace: [], errors: [\""iteration 1: q3/build: ValueError: question 'type': definition must be a dict, got str\""])""}";;0;error;;;laya_multilingual_laya_v5_reasoning_pure_noseeds_text
63;0;orchestrator_laya_laya_v5_reasoning_pure;;;;;;;[[]];[[]];;;"{""error"": ""RuntimeError: no strategy was selected (loop trace: [], errors: [\""iteration 1: q3/build: ValueError: question 'type': definition must be a dict, got str\""])""}";;0;error;;;laya_multilingual_laya_v5_reasoning_pure_noseeds_text
64;0;orchestrator_laya_laya_v5_reasoning_pure;;;;;;;[[]];[[]];;;"{""error"": ""RuntimeError: no strategy was selected (loop trace: [], errors: [\""iteration 1: q3/build: ValueError: question 'type': definition must be a dict, got str\""])""}";;0;error;;;laya_multilingual_laya_v5_reasoning_pure_noseeds_text
65;0;orchestrator_laya_laya_v5_reasoning_pure;;;;;;;[[]];[[]];;;"{""error"": ""RuntimeError: no strategy was selected (loop trace: [], errors: [\""iteration 1: q3/build: ValueError: question 'type': definition must be a dict, got str\""])""}";;0;error;;;laya_multilingual_laya_v5_reasoning_pure_noseeds_text
66;0;orchestrator_laya_laya_v5_reasoning_pure;;;;;;;[[]];[[]];;;"{""error"": ""RuntimeError: no strategy was selected (loop trace: [], errors: [\""iteration 1: q3/build: ValueError: question 'type': definition must be a dict, got str\""])""}";;0;error;;;laya_multilingual_laya_v5_reasoning_pure_noseeds_text
67;0;orchestrator_laya_laya_v5_reasoning_pure;;;;;;;[[]];[[]];;;"{""error"": ""RuntimeError: no strategy was selected (loop trace: [], errors: [\""iteration 1: q3/build: ValueError: question 'type': definition must be a dict, got str\""])""}";;0;error;;;laya_multilingual_laya_v5_reasoning_pure_noseeds_text
68;0;orchestrator_laya_laya_v5_reasoning_pure;;;;;;;[[]];[[]];;;"{""error"": ""RuntimeError: no strategy was selected (loop trace: [], errors: [\""iteration 1: q3/build: ValueError: question 'type': definition must be a dict, got str\""])""}";;0;error;;;laya_multilingual_laya_v5_reasoning_pure_noseeds_text
69;0;orchestrator_laya_laya_v5_reasoning_pure;;;;;;;[[]];[[]];;;"{""error"": ""RuntimeError: no strategy was selected (loop trace: [], errors: [\""iteration 1: q3/build: ValueError: question 'type': definition must be a dict, got str\""])""}";;0;error;;;laya_multilingual_laya_v5_reasoning_pure_noseeds_text
70;0;orchestrator_laya_laya_v5_reasoning_pure;;;;;;;[[]];[[]];;;"{""error"": ""RuntimeError: no strategy was selected (loop trace: [], errors: [\""iteration 1: q3/build: ValueError: question 'type': definition must be a dict, got str\""])""}";;0;error;;;laya_multilingual_laya_v5_reasoning_pure_noseeds_text
71;0;orchestrator_laya_laya_v5_reasoning_pure;;;;;;;[[]];[[]];;;"{""error"": ""RuntimeError: no strategy was selected (loop trace: [], errors: [\""iteration 1: q3/build: ValueError: question 'type': definition must be a dict, got str\""])""}";;0;error;;;laya_multilingual_laya_v5_reasoning_pure_noseeds_text
72;0;orchestrator_laya_laya_v5_reasoning_pure;;;;;;;[[]];[[]];;;"{""error"": ""RuntimeError: no strategy was selected (loop trace: [], errors: [\""iteration 1: q3/build: ValueError: question 'type': definition must be a dict, got str\""])""}";;0;error;;;laya_multilingual_laya_v5_reasoning_pure_noseeds_text
73;0;orchestrator_laya_laya_v5_reasoning_pure;;;;;;;[[]];[[]];;;"{""error"": ""RuntimeError: no strategy was selected (loop trace: [], errors: [\""iteration 1: q3/build: ValueError: question 'type': definition must be a dict, got str\""])""}";;0;error;;;laya_multilingual_laya_v5_reasoning_pure_noseeds_text
74;0;orchestrator_laya_laya_v5_reasoning_pure;;;;;;;[[]];[[]];;;"{""error"": ""RuntimeError: no strategy was selected (loop trace: [], errors: [\""iteration 1: q3/build: ValueError: question 'type': definition must be a dict, got str\""])""}";;0;error;;;laya_multilingual_laya_v5_reasoning_pure_noseeds_text
75;0;orchestrator_laya_laya_v5_reasoning_pure;;;;;;;[[]];[[]];;;"{""error"": ""RuntimeError: no strategy was selected (loop trace: [], errors: [\""iteration 1: q3/build: ValueError: question 'type': definition must be a dict, got str\""])""}";;0;error;;;laya_multilingual_laya_v5_reasoning_pure_noseeds_text
76;0;orchestrator_laya_laya_v5_reasoning_pure;;;;;;;[[]];[[]];;;"{""error"": ""RuntimeError: no strategy was selected (loop trace: [], errors: [\""iteration 1: q3/build: ValueError: question 'type': definition must be a dict, got str\""])""}";;0;error;;;laya_multilingual_laya_v5_reasoning_pure_noseeds_text
77;0;orchestrator_laya_laya_v5_reasoning_pure;;;;;;;[[]];[[]];;;"{""error"": ""RuntimeError: no strategy was selected (loop trace: [], errors: [\""iteration 1: q3/build: ValueError: question 'type': definition must be a dict, got str\""])""}";;0;error;;;laya_multilingual_laya_v5_reasoning_pure_noseeds_text
78;0;orchestrator_laya_laya_v5_reasoning_pure;;;;;;;[[]];[[]];;;"{""error"": ""RuntimeError: no strategy was selected (loop trace: [], errors: [\""iteration 1: q3/build: ValueError: question 'type': definition must be a dict, got str\""])""}";;0;error;;;laya_multilingual_laya_v5_reasoning_pure_noseeds_text
79;0;orchestrator_laya_laya_v5_reasoning_pure;;;;;;;[[]];[[]];;;"{""error"": ""RuntimeError: no strategy was selected (loop trace: [], errors: [\""iteration 1: q3/build: ValueError: question 'type': definition must be a dict, got str\""])""}";;0;error;;;laya_multilingual_laya_v5_reasoning_pure_noseeds_text
80;0;orchestrator_laya_laya_v5_reasoning_pure;;;;;;;[[]];[[]];;;"{""error"": ""RuntimeError: no strategy was selected (loop trace: [], errors: [\""iteration 1: q3/build: ValueError: question 'type': definition must be a dict, got str\""])""}";;0;error;;;laya_multilingual_laya_v5_reasoning_pure_noseeds_text
81;0;orchestrator_laya_laya_v5_reasoning_pure;;;;;;;[[]];[[]];;;"{""error"": ""RuntimeError: no strategy was selected (loop trace: [], errors: [\""iteration 1: q3/build: ValueError: question 'type': definition must be a dict, got str\""])""}";;0;error;;;laya_multilingual_laya_v5_reasoning_pure_noseeds_text
82;0;orchestrator_laya_laya_v5_reasoning_pure;;;;;;;[[]];[[]];;;"{""error"": ""RuntimeError: no strategy was selected (loop trace: [], errors: [\""iteration 1: q3/build: ValueError: question 'type': definition must be a dict, got str\""])""}";;0;error;;;laya_multilingual_laya_v5_reasoning_pure_noseeds_text
83;0;orchestrator_laya_laya_v5_reasoning_pure;;;;;;;[[]];[[]];;;"{""error"": ""RuntimeError: no strategy was selected (loop trace: [], errors: [\""iteration 1: q3/build: ValueError: question 'type': definition must be a dict, got str\""])""}";;0;error;;;laya_multilingual_laya_v5_reasoning_pure_noseeds_text
84;0;orchestrator_laya_laya_v5_reasoning_pure;;;;;;;[[]];[[]];;;"{""error"": ""RuntimeError: no strategy was selected (loop trace: [], errors: [\""iteration 1: q3/build: ValueError: question 'type': definition must be a dict, got str\""])""}";;0;error;;;laya_multilingual_laya_v5_reasoning_pure_noseeds_text
85;0;orchestrator_laya_laya_v5_reasoning_pure;;;;;;;[[]];[[]];;;"{""error"": ""RuntimeError: no strategy was selected (loop trace: [], errors: [\""iteration 1: q3/build: ValueError: question 'type': definition must be a dict, got str\""])""}";;0;error;;;laya_multilingual_laya_v5_reasoning_pure_noseeds_text
86;0;orchestrator_laya_laya_v5_reasoning_pure;;;;;;;[[]];[[]];;;"{""error"": ""RuntimeError: no strategy was selected (loop trace: [], errors: [\""iteration 1: q3/build: ValueError: question 'type': definition must be a dict, got str\""])""}";;0;error;;;laya_multilingual_laya_v5_reasoning_pure_noseeds_text
87;0;orchestrator_laya_laya_v5_reasoning_pure;;;;;;;[[]];[[]];;;"{""error"": ""RuntimeError: no strategy was selected (loop trace: [], errors: [\""iteration 1: q3/build: ValueError: question 'type': definition must be a dict, got str\""])""}";;0;error;;;laya_multilingual_laya_v5_reasoning_pure_noseeds_text
88;0;orchestrator_laya_laya_v5_reasoning_pure;;;;;;;[[]];[[]];;;"{""error"": ""RuntimeError: no strategy was selected (loop trace: [], errors: [\""iteration 1: q3/build: ValueError: question 'type': definition must be a dict, got str\""])""}";;0;error;;;laya_multilingual_laya_v5_reasoning_pure_noseeds_text
89;0;orchestrator_laya_laya_v5_reasoning_pure;;;;;;;[[]];[[]];;;"{""error"": ""RuntimeError: no strategy was selected (loop trace: [], errors: [\""iteration 1: q3/build: ValueError: question 'type': definition must be a dict, got str\""])""}";;0;error;;;laya_multilingual_laya_v5_reasoning_pure_noseeds_text
90;0;orchestrator_laya_laya_v5_reasoning_pure;;;;;;;[[]];[[]];;;"{""error"": ""RuntimeError: no strategy was selected (loop trace: [], errors: [\""iteration 1: q3/build: ValueError: question 'type': definition must be a dict, got str\""])""}";;0;error;;;laya_multilingual_laya_v5_reasoning_pure_noseeds_text
91;0;orchestrator_laya_laya_v5_reasoning_pure;;;;;;;[[]];[[]];;;"{""error"": ""RuntimeError: no strategy was selected (loop trace: [], errors: [\""iteration 1: q3/build: ValueError: question 'type': definition must be a dict, got str\""])""}";;0;error;;;laya_multilingual_laya_v5_reasoning_pure_noseeds_text
92;0;orchestrator_laya_laya_v5_reasoning_pure;;;;;;;[[]];[[]];;;"{""error"": ""RuntimeError: no strategy was selected (loop trace: [], errors: [\""iteration 1: q3/build: ValueError: question 'type': definition must be a dict, got str\""])""}";;0;error;;;laya_multilingual_laya_v5_reasoning_pure_noseeds_text
93;0;orchestrator_laya_laya_v5_reasoning_pure;;;;;;;[[]];[[]];;;"{""error"": ""RuntimeError: no strategy was selected (loop trace: [], errors: [\""iteration 1: q3/build: ValueError: question 'type': definition must be a dict, got str\""])""}";;0;error;;;laya_multilingual_laya_v5_reasoning_pure_noseeds_text
94;0;orchestrator_laya_laya_v5_reasoning_pure;;;;;;;[[]];[[]];;;"{""error"": ""RuntimeError: no strategy was selected (loop trace: [], errors: [\""iteration 1: q3/build: ValueError: question 'type': definition must be a dict, got str\""])""}";;0;error;;;laya_multilingual_laya_v5_reasoning_pure_noseeds_text
95;0;orchestrator_laya_laya_v5_reasoning_pure;;;;;;;[[]];[[]];;;"{""error"": ""RuntimeError: no strategy was selected (loop trace: [], errors: [\""iteration 1: q3/build: ValueError: question 'type': definition must be a dict, got str\""])""}";;0;error;;;laya_multilingual_laya_v5_reasoning_pure_noseeds_text
96;0;orchestrator_laya_laya_v5_reasoning_pure;;;;;;;[[]];[[]];;;"{""error"": ""RuntimeError: no strategy was selected (loop trace: [], errors: [\""iteration 1: q3/build: ValueError: question 'type': definition must be a dict, got str\""])""}";;0;error;;;laya_multilingual_laya_v5_reasoning_pure_noseeds_text
97;0;orchestrator_laya_laya_v5_reasoning_pure;;;;;;;[[]];[[]];;;"{""error"": ""RuntimeError: no strategy was selected (loop trace: [], errors: [\""iteration 1: q3/build: ValueError: question 'type': definition must be a dict, got str\""])""}";;0;error;;;laya_multilingual_laya_v5_reasoning_pure_noseeds_text
98;0;orchestrator_laya_laya_v5_reasoning_pure;;;;;;;[[]];[[]];;;"{""error"": ""RuntimeError: no strategy was selected (loop trace: [], errors: [\""iteration 1: q3/build: ValueError: question 'type': definition must be a dict, got str\""])""}";;0;error;;;laya_multilingual_laya_v5_reasoning_pure_noseeds_text
99;0;orchestrator_laya_laya_v5_reasoning_pure;;;;;;;[[]];[[]];;;"{""error"": ""RuntimeError: no strategy was selected (loop trace: [], errors: [\""iteration 1: q3/build: ValueError: question 'type': definition must be a dict, got str\""])""}";;0;error;;;laya_multilingual_laya_v5_reasoning_pure_noseeds_text
100;0;orchestrator_laya_laya_v5_reasoning_pure;;;;;;;[[]];[[]];;;"{""error"": ""RuntimeError: no strategy was selected (loop trace: [], errors: [\""iteration 1: q3/build: ValueError: question 'type': definition must be a dict, got str\""])""}";;0;error;;;laya_multilingual_laya_v5_reasoning_pure_noseeds_text
101;0;orchestrator_laya_laya_v5_reasoning_pure;;;;;;;[[]];[[]];;;"{""error"": ""RuntimeError: no strategy was selected (loop trace: [], errors: [\""iteration 1: q3/build: ValueError: question 'type': definition must be a dict, got str\""])""}";;0;error;;;laya_multilingual_laya_v5_reasoning_pure_noseeds_text
102;0;orchestrator_laya_laya_v5_reasoning_pure;;;;;;;[[]];[[]];;;"{""error"": ""RuntimeError: no strategy was selected (loop trace: [], errors: [\""iteration 1: q3/build: ValueError: question 'type': definition must be a dict, got str\""])""}";;0;error;;;laya_multilingual_laya_v5_reasoning_pure_noseeds_text
103;0;orchestrator_laya_laya_v5_reasoning_pure;;;;;;;[[]];[[]];;;"{""error"": ""RuntimeError: no strategy was selected (loop trace: [], errors: [\""iteration 1: q3/build: ValueError: question 'type': definition must be a dict, got str\""])""}";;0;error;;;laya_multilingual_laya_v5_reasoning_pure_noseeds_text
104;0;orchestrator_laya_laya_v5_reasoning_pure;;;;;;;[[]];[[]];;;"{""error"": ""RuntimeError: no strategy was selected (loop trace: [], errors: [\""iteration 1: q3/build: ValueError: question 'type': definition must be a dict, got str\""])""}";;0;error;;;laya_multilingual_laya_v5_reasoning_pure_noseeds_text
105;0;orchestrator_laya_laya_v5_reasoning_pure;;;;;;;[[]];[[]];;;"{""error"": ""RuntimeError: no strategy was selected (loop trace: [], errors: [\""iteration 1: q3/build: ValueError: question 'type': definition must be a dict, got str\""])""}";;0;error;;;laya_multilingual_laya_v5_reasoning_pure_noseeds_text
106;0;orchestrator_laya_laya_v5_reasoning_pure;;;;;;;[[]];[[]];;;"{""error"": ""RuntimeError: no strategy was selected (loop trace: [], errors: [\""iteration 1: q3/build: ValueError: question 'type': definition must be a dict, got str\""])""}";;0;error;;;laya_multilingual_laya_v5_reasoning_pure_noseeds_text
107;0;orchestrator_laya_laya_v5_reasoning_pure;;;;;;;[[]];[[]];;;"{""error"": ""RuntimeError: no strategy was selected (loop trace: [], errors: [\""iteration 1: q3/build: ValueError: question 'type': definition must be a dict, got str\""])""}";;0;error;;;laya_multilingual_laya_v5_reasoning_pure_noseeds_text
108;0;orchestrator_laya_laya_v5_reasoning_pure;;;;;;;[[]];[[]];;;"{""error"": ""RuntimeError: no strategy was selected (loop trace: [], errors: [\""iteration 1: q3/build: ValueError: question 'type': definition must be a dict, got str\""])""}";;0;error;;;laya_multilingual_laya_v5_reasoning_pure_noseeds_text
109;0;orchestrator_laya_laya_v5_reasoning_pure;;;;;;;[[]];[[]];;;"{""error"": ""RuntimeError: no strategy was selected (loop trace: [], errors: [\""iteration 1: q3/build: ValueError: question 'type': definition must be a dict, got str\""])""}";;0;error;;;laya_multilingual_laya_v5_reasoning_pure_noseeds_text
110;0;orchestrator_laya_laya_v5_reasoning_pure;;;;;;;[[]];[[]];;;"{""error"": ""RuntimeError: no strategy was selected (loop trace: [], errors: [\""iteration 1: q3/build: ValueError: question 'type': definition must be a dict, got str\""])""}";;0;error;;;laya_multilingual_laya_v5_reasoning_pure_noseeds_text
111;0;orchestrator_laya_laya_v5_reasoning_pure;;;;;;;[[]];[[]];;;"{""error"": ""RuntimeError: no strategy was selected (loop trace: [], errors: [\""iteration 1: q3/build: ValueError: question 'type': definition must be a dict, got str\""])""}";;0;error;;;laya_multilingual_laya_v5_reasoning_pure_noseeds_text
112;0;orchestrator_laya_laya_v5_reasoning_pure;;;;;;;[[]];[[]];;;"{""error"": ""RuntimeError: no strategy was selected (loop trace: [], errors: [\""iteration 1: q3/build: ValueError: question 'type': definition must be a dict, got str\""])""}";;0;error;;;laya_multilingual_laya_v5_reasoning_pure_noseeds_text
113;0;orchestrator_laya_laya_v5_reasoning_pure;;;;;;;[[]];[[]];;;"{""error"": ""RuntimeError: no strategy was selected (loop trace: [], errors: [\""iteration 1: q3/build: ValueError: question 'type': definition must be a dict, got str\""])""}";;0;error;;;laya_multilingual_laya_v5_reasoning_pure_noseeds_text
114;0;orchestrator_laya_laya_v5_reasoning_pure;;;;;;;[[]];[[]];;;"{""error"": ""RuntimeError: no strategy was selected (loop trace: [], errors: [\""iteration 1: q3/build: ValueError: question 'type': definition must be a dict, got str\""])""}";;0;error;;;laya_multilingual_laya_v5_reasoning_pure_noseeds_text
115;0;orchestrator_laya_laya_v5_reasoning_pure;;;;;;;[[]];[[]];;;"{""error"": ""RuntimeError: no strategy was selected (loop trace: [], errors: [\""iteration 1: q3/build: ValueError: question 'type': definition must be a dict, got str\""])""}";;0;error;;;laya_multilingual_laya_v5_reasoning_pure_noseeds_text
116;0;orchestrator_laya_laya_v5_reasoning_pure;;;;;;;[[]];[[]];;;"{""error"": ""RuntimeError: no strategy was selected (loop trace: [], errors: [\""iteration 1: q3/build: ValueError: question 'type': definition must be a dict, got str\""])""}";;0;error;;;laya_multilingual_laya_v5_reasoning_pure_noseeds_text
117;0;orchestrator_laya_laya_v5_reasoning_pure;;;;;;;[[]];[[]];;;"{""error"": ""RuntimeError: no strategy was selected (loop trace: [], errors: [\""iteration 1: q3/build: ValueError: question 'type': definition must be a dict, got str\""])""}";;0;error;;;laya_multilingual_laya_v5_reasoning_pure_noseeds_text
118;0;orchestrator_laya_laya_v5_reasoning_pure;;;;;;;[[]];[[]];;;"{""error"": ""RuntimeError: no strategy was selected (loop trace: [], errors: [\""iteration 1: q3/build: ValueError: question 'type': definition must be a dict, got str\""])""}";;0;error;;;laya_multilingual_laya_v5_reasoning_pure_noseeds_text
119;0;orchestrator_laya_laya_v5_reasoning_pure;;;;;;;[[]];[[]];;;"{""error"": ""RuntimeError: no strategy was selected (loop trace: [], errors: [\""iteration 1: q3/build: ValueError: question 'type': definition must be a dict, got str\""])""}";;0;error;;;laya_multilingual_laya_v5_reasoning_pure_noseeds_text
120;0;orchestrator_laya_laya_v5_reasoning_pure;;;;;;;[[]];[[]];;;"{""error"": ""RuntimeError: no strategy was selected (loop trace: [], errors: [\""iteration 1: q3/build: ValueError: question 'type': definition must be a dict, got str\""])""}";;0;error;;;laya_multilingual_laya_v5_reasoning_pure_noseeds_text
121;0;orchestrator_laya_laya_v5_reasoning_pure;;;;;;;[[]];[[]];;;"{""error"": ""RuntimeError: no strategy was selected (loop trace: [], errors: [\""iteration 1: q3/build: ValueError: question 'type': definition must be a dict, got str\""])""}";;0;error;;;laya_multilingual_laya_v5_reasoning_pure_noseeds_text
122;0;orchestrator_laya_laya_v5_reasoning_pure;;;;;;;[[]];[[]];;;"{""error"": ""RuntimeError: no strategy was selected (loop trace: [], errors: [\""iteration 1: q3/build: ValueError: question 'type': definition must be a dict, got str\""])""}";;0;error;;;laya_multilingual_laya_v5_reasoning_pure_noseeds_text
123;0;orchestrator_laya_laya_v5_reasoning_pure;;;;;;;[[]];[[]];;;"{""error"": ""RuntimeError: no strategy was selected (loop trace: [], errors: [\""iteration 1: q3/build: ValueError: question 'type': definition must be a dict, got str\""])""}";;0;error;;;laya_multilingual_laya_v5_reasoning_pure_noseeds_text
124;0;orchestrator_laya_laya_v5_reasoning_pure;;;;;;;[[]];[[]];;;"{""error"": ""RuntimeError: no strategy was selected (loop trace: [], errors: [\""iteration 1: q3/build: ValueError: question 'type': definition must be a dict, got str\""])""}";;0;error;;;laya_multilingual_laya_v5_reasoning_pure_noseeds_text
125;0;orchestrator_laya_laya_v5_reasoning_pure;;;;;;;[[]];[[]];;;"{""error"": ""RuntimeError: no strategy was selected (loop trace: [], errors: [\""iteration 1: q3/build: ValueError: question 'type': definition must be a dict, got str\""])""}";;0;error;;;laya_multilingual_laya_v5_reasoning_pure_noseeds_text
126;0;orchestrator_laya_laya_v5_reasoning_pure;;;;;;;[[]];[[]];;;"{""error"": ""RuntimeError: no strategy was selected (loop trace: [], errors: [\""iteration 1: q3/build: ValueError: question 'type': definition must be a dict, got str\""])""}";;0;error;;;laya_multilingual_laya_v5_reasoning_pure_noseeds_text
127;0;orchestrator_laya_laya_v5_reasoning_pure;;;;;;;[[]];[[]];;;"{""error"": ""RuntimeError: no strategy was selected (loop trace: [], errors: [\""iteration 1: q3/build: ValueError: question 'type': definition must be a dict, got str\""])""}";;0;error;;;laya_multilingual_laya_v5_reasoning_pure_noseeds_text
128;0;orchestrator_laya_laya_v5_reasoning_pure;;;;;;;[[]];[[]];;;"{""error"": ""RuntimeError: no strategy was selected (loop trace: [], errors: [\""iteration 1: q3/build: ValueError: question 'type': definition must be a dict, got str\""])""}";;0;error;;;laya_multilingual_laya_v5_reasoning_pure_noseeds_text
129;0;orchestrator_laya_laya_v5_reasoning_pure;;;;;;;[[]];[[]];;;"{""error"": ""RuntimeError: no strategy was selected (loop trace: [], errors: [\""iteration 1: q3/build: ValueError: question 'type': definition must be a dict, got str\""])""}";;0;error;;;laya_multilingual_laya_v5_reasoning_pure_noseeds_text
130;0;orchestrator_laya_laya_v5_reasoning_pure;;;;;;;[[]];[[]];;;"{""error"": ""RuntimeError: no strategy was selected (loop trace: [], errors: [\""iteration 1: q3/build: ValueError: question 'type': definition must be a dict, got str\""])""}";;0;error;;;laya_multilingual_laya_v5_reasoning_pure_noseeds_text
131;0;orchestrator_laya_laya_v5_reasoning_pure;;;;;;;[[]];[[]];;;"{""error"": ""RuntimeError: no strategy was selected (loop trace: [], errors: [\""iteration 1: q3/build: ValueError: question 'type': definition must be a dict, got str\""])""}";;0;error;;;laya_multilingual_laya_v5_reasoning_pure_noseeds_text
132;0;orchestrator_laya_laya_v5_reasoning_pure;;;;;;;[[]];[[]];;;"{""error"": ""RuntimeError: no strategy was selected (loop trace: [], errors: [\""iteration 1: q3/build: ValueError: question 'type': definition must be a dict, got str\""])""}";;0;error;;;laya_multilingual_laya_v5_reasoning_pure_noseeds_text
133;0;orchestrator_laya_laya_v5_reasoning_pure;;;;;;;[[]];[[]];;;"{""error"": ""RuntimeError: no strategy was selected (loop trace: [], errors: [\""iteration 1: q3/build: ValueError: question 'type': definition must be a dict, got str\""])""}";;0;error;;;laya_multilingual_laya_v5_reasoning_pure_noseeds_text
134;0;orchestrator_laya_laya_v5_reasoning_pure;;;;;;;[[]];[[]];;;"{""error"": ""RuntimeError: no strategy was selected (loop trace: [], errors: [\""iteration 1: q3/build: ValueError: question 'type': definition must be a dict, got str\""])""}";;0;error;;;laya_multilingual_laya_v5_reasoning_pure_noseeds_text
135;0;orchestrator_laya_laya_v5_reasoning_pure;;;;;;;[[]];[[]];;;"{""error"": ""RuntimeError: no strategy was selected (loop trace: [], errors: [\""iteration 1: q3/build: ValueError: question 'type': definition must be a dict, got str\""])""}";;0;error;;;laya_multilingual_laya_v5_reasoning_pure_noseeds_text
136;0;orchestrator_laya_laya_v5_reasoning_pure;;;;;;;[[]];[[]];;;"{""error"": ""RuntimeError: no strategy was selected (loop trace: [], errors: [\""iteration 1: q3/build: ValueError: question 'type': definition must be a dict, got str\""])""}";;0;error;;;laya_multilingual_laya_v5_reasoning_pure_noseeds_text
137;0;orchestrator_laya_laya_v5_reasoning_pure;;;;;;;[[]];[[]];;;"{""error"": ""RuntimeError: no strategy was selected (loop trace: [], errors: [\""iteration 1: q3/build: ValueError: question 'type': definition must be a dict, got str\""])""}";;0;error;;;laya_multilingual_laya_v5_reasoning_pure_noseeds_text
138;0;orchestrator_laya_laya_v5_reasoning_pure;;;;;;;[[]];[[]];;;"{""error"": ""RuntimeError: no strategy was selected (loop trace: [], errors: [\""iteration 1: q3/build: ValueError: question 'type': definition must be a dict, got str\""])""}";;0;error;;;laya_multilingual_laya_v5_reasoning_pure_noseeds_text
139;0;orchestrator_laya_laya_v5_reasoning_pure;;;;;;;[[]];[[]];;;"{""error"": ""RuntimeError: no strategy was selected (loop trace: [], errors: [\""iteration 1: q3/build: ValueError: question 'type': definition must be a dict, got str\""])""}";;0;error;;;laya_multilingual_laya_v5_reasoning_pure_noseeds_text
140;0;orchestrator_laya_laya_v5_reasoning_pure;;;;;;;[[]];[[]];;;"{""error"": ""RuntimeError: no strategy was selected (loop trace: [], errors: [\""iteration 1: q3/build: ValueError: question 'type': definition must be a dict, got str\""])""}";;0;error;;;laya_multilingual_laya_v5_reasoning_pure_noseeds_text
141;0;orchestrator_laya_laya_v5_reasoning_pure;;;;;;;[[]];[[]];;;"{""error"": ""RuntimeError: no strategy was selected (loop trace: [], errors: [\""iteration 1: q3/build: ValueError: question 'type': definition must be a dict, got str\""])""}";;0;error;;;laya_multilingual_laya_v5_reasoning_pure_noseeds_text
142;0;orchestrator_laya_laya_v5_reasoning_pure;;;;;;;[[]];[[]];;;"{""error"": ""RuntimeError: no strategy was selected (loop trace: [], errors: [\""iteration 1: q3/build: ValueError: question 'type': definition must be a dict, got str\""])""}";;0;error;;;laya_multilingual_laya_v5_reasoning_pure_noseeds_text
143;0;orchestrator_laya_laya_v5_reasoning_pure;;;;;;;[[]];[[]];;;"{""error"": ""RuntimeError: no strategy was selected (loop trace: [], errors: [\""iteration 1: q3/build: ValueError: question 'type': definition must be a dict, got str\""])""}";;0;error;;;laya_multilingual_laya_v5_reasoning_pure_noseeds_text
144;0;orchestrator_laya_laya_v5_reasoning_pure;;;;;;;[[]];[[]];;;"{""error"": ""RuntimeError: no strategy was selected (loop trace: [], errors: [\""iteration 1: q3/build: ValueError: question 'type': definition must be a dict, got str\""])""}";;0;error;;;laya_multilingual_laya_v5_reasoning_pure_noseeds_text
145;0;orchestrator_laya_laya_v5_reasoning_pure;;;;;;;[[]];[[]];;;"{""error"": ""RuntimeError: no strategy was selected (loop trace: [], errors: [\""iteration 1: q3/build: ValueError: question 'type': definition must be a dict, got str\""])""}";;0;error;;;laya_multilingual_laya_v5_reasoning_pure_noseeds_text
146;0;orchestrator_laya_laya_v5_reasoning_pure;;;;;;;[[]];[[]];;;"{""error"": ""RuntimeError: no strategy was selected (loop trace: [], errors: [\""iteration 1: q3/build: ValueError: question 'type': definition must be a dict, got str\""])""}";;0;error;;;laya_multilingual_laya_v5_reasoning_pure_noseeds_text
147;0;orchestrator_laya_laya_v5_reasoning_pure;;;;;;;[[]];[[]];;;"{""error"": ""RuntimeError: no strategy was selected (loop trace: [], errors: [\""iteration 1: q3/build: ValueError: question 'type': definition must be a dict, got str\""])""}";;0;error;;;laya_multilingual_laya_v5_reasoning_pure_noseeds_text
148;0;orchestrator_laya_laya_v5_reasoning_pure;;;;;;;[[]];[[]];;;"{""error"": ""RuntimeError: no strategy was selected (loop trace: [], errors: [\""iteration 1: q3/build: ValueError: question 'type': definition must be a dict, got str\""])""}";;0;error;;;laya_multilingual_laya_v5_reasoning_pure_noseeds_text
149;0;orchestrator_laya_laya_v5_reasoning_pure;;;;;;;[[]];[[]];;;"{""error"": ""RuntimeError: no strategy was selected (loop trace: [], errors: [\""iteration 1: q3/build: ValueError: question 'type': definition must be a dict, got str\""])""}";;0;error;;;laya_multilingual_laya_v5_reasoning_pure_noseeds_text
150;0;orchestrator_laya_laya_v5_reasoning_pure;;;;;;;[[]];[[]];;;"{""error"": ""RuntimeError: no strategy was selected (loop trace: [], errors: [\""iteration 1: q3/build: ValueError: question 'type': definition must be a dict, got str\""])""}";;0;error;;;laya_multilingual_laya_v5_reasoning_pure_noseeds_text
151;0;orchestrator_laya_laya_v5_reasoning_pure;;;;;;;[[]];[[]];;;"{""error"": ""RuntimeError: no strategy was selected (loop trace: [], errors: [\""iteration 1: q3/build: ValueError: question 'type': definition must be a dict, got str\""])""}";;0;error;;;laya_multilingual_laya_v5_reasoning_pure_noseeds_text
152;0;orchestrator_laya_laya_v5_reasoning_pure;;;;;;;[[]];[[]];;;"{""error"": ""RuntimeError: no strategy was selected (loop trace: [], errors: [\""iteration 1: q3/build: ValueError: question 'type': definition must be a dict, got str\""])""}";;0;error;;;laya_multilingual_laya_v5_reasoning_pure_noseeds_text
153;0;orchestrator_laya_laya_v5_reasoning_pure;;;;;;;[[]];[[]];;;"{""error"": ""RuntimeError: no strategy was selected (loop trace: [], errors: [\""iteration 1: q3/build: ValueError: question 'type': definition must be a dict, got str\""])""}";;0;error;;;laya_multilingual_laya_v5_reasoning_pure_noseeds_text
154;0;orchestrator_laya_laya_v5_reasoning_pure;;;;;;;[[]];[[]];;;"{""error"": ""RuntimeError: no strategy was selected (loop trace: [], errors: [\""iteration 1: q3/build: ValueError: question 'type': definition must be a dict, got str\""])""}";;0;error;;;laya_multilingual_laya_v5_reasoning_pure_noseeds_text
155;0;orchestrator_laya_laya_v5_reasoning_pure;;;;;;;[[]];[[]];;;"{""error"": ""RuntimeError: no strategy was selected (loop trace: [], errors: [\""iteration 1: q3/build: ValueError: question 'type': definition must be a dict, got str\""])""}";;0;error;;;laya_multilingual_laya_v5_reasoning_pure_noseeds_text
156;0;orchestrator_laya_laya_v5_reasoning_pure;;;;;;;[[]];[[]];;;"{""error"": ""RuntimeError: no strategy was selected (loop trace: [], errors: [\""iteration 1: q3/build: ValueError: question 'type': definition must be a dict, got str\""])""}";;0;error;;;laya_multilingual_laya_v5_reasoning_pure_noseeds_text
157;0;orchestrator_laya_laya_v5_reasoning_pure;;;;;;;[[]];[[]];;;"{""error"": ""RuntimeError: no strategy was selected (loop trace: [], errors: [\""iteration 1: q3/build: ValueError: question 'type': definition must be a dict, got str\""])""}";;0;error;;;laya_multilingual_laya_v5_reasoning_pure_noseeds_text
158;0;orchestrator_laya_laya_v5_reasoning_pure;;;;;;;[[]];[[]];;;"{""error"": ""RuntimeError: no strategy was selected (loop trace: [], errors: [\""iteration 1: q3/build: ValueError: question 'type': definition must be a dict, got str\""])""}";;0;error;;;laya_multilingual_laya_v5_reasoning_pure_noseeds_text
159;0;orchestrator_laya_laya_v5_reasoning_pure;;;;;;;[[]];[[]];;;"{""error"": ""RuntimeError: no strategy was selected (loop trace: [], errors: [\""iteration 1: q3/build: ValueError: question 'type': definition must be a dict, got str\""])""}";;0;error;;;laya_multilingual_laya_v5_reasoning_pure_noseeds_text
160;0;orchestrator_laya_laya_v5_reasoning_pure;;;;;;;[[]];[[]];;;"{""error"": ""RuntimeError: no strategy was selected (loop trace: [], errors: [\""iteration 1: q3/build: ValueError: question 'type': definition must be a dict, got str\""])""}";;0;error;;;laya_multilingual_laya_v5_reasoning_pure_noseeds_text
161;0;orchestrator_laya_laya_v5_reasoning_pure;;;;;;;[[]];[[]];;;"{""error"": ""RuntimeError: no strategy was selected (loop trace: [], errors: [\""iteration 1: q3/build: ValueError: question 'type': definition must be a dict, got str\""])""}";;0;error;;;laya_multilingual_laya_v5_reasoning_pure_noseeds_text
162;0;orchestrator_laya_laya_v5_reasoning_pure;;;;;;;[[]];[[]];;;"{""error"": ""RuntimeError: no strategy was selected (loop trace: [], errors: [\""iteration 1: q3/build: ValueError: question 'type': definition must be a dict, got str\""])""}";;0;error;;;laya_multilingual_laya_v5_reasoning_pure_noseeds_text
163;0;orchestrator_laya_laya_v5_reasoning_pure;;;;;;;[[]];[[]];;;"{""error"": ""RuntimeError: no strategy was selected (loop trace: [], errors: [\""iteration 1: q3/build: ValueError: question 'type': definition must be a dict, got str\""])""}";;0;error;;;laya_multilingual_laya_v5_reasoning_pure_noseeds_text
164;0;orchestrator_laya_laya_v5_reasoning_pure;;;;;;;[[]];[[]];;;"{""error"": ""RuntimeError: no strategy was selected (loop trace: [], errors: [\""iteration 1: q3/build: ValueError: question 'type': definition must be a dict, got str\""])""}";;0;error;;;laya_multilingual_laya_v5_reasoning_pure_noseeds_text
165;0;orchestrator_laya_laya_v5_reasoning_pure;;;;;;;[[]];[[]];;;"{""error"": ""RuntimeError: no strategy was selected (loop trace: [], errors: [\""iteration 1: q3/build: ValueError: question 'type': definition must be a dict, got str\""])""}";;0;error;;;laya_multilingual_laya_v5_reasoning_pure_noseeds_text
166;0;orchestrator_laya_laya_v5_reasoning_pure;;;;;;;[[]];[[]];;;"{""error"": ""RuntimeError: no strategy was selected (loop trace: [], errors: [\""iteration 1: q3/build: ValueError: question 'type': definition must be a dict, got str\""])""}";;0;error;;;laya_multilingual_laya_v5_reasoning_pure_noseeds_text
167;0;orchestrator_laya_laya_v5_reasoning_pure;;;;;;;[[]];[[]];;;"{""error"": ""RuntimeError: no strategy was selected (loop trace: [], errors: [\""iteration 1: q3/build: ValueError: question 'type': definition must be a dict, got str\""])""}";;0;error;;;laya_multilingual_laya_v5_reasoning_pure_noseeds_text
168;0;orchestrator_laya_laya_v5_reasoning_pure;;;;;;;[[]];[[]];;;"{""error"": ""RuntimeError: no strategy was selected (loop trace: [], errors: [\""iteration 1: q3/build: ValueError: question 'type': definition must be a dict, got str\""])""}";;0;error;;;laya_multilingual_laya_v5_reasoning_pure_noseeds_text
169;0;orchestrator_laya_laya_v5_reasoning_pure;;;;;;;[[]];[[]];;;"{""error"": ""RuntimeError: no strategy was selected (loop trace: [], errors: [\""iteration 1: q3/build: ValueError: question 'type': definition must be a dict, got str\""])""}";;0;error;;;laya_multilingual_laya_v5_reasoning_pure_noseeds_text
170;0;orchestrator_laya_laya_v5_reasoning_pure;;;;;;;[[]];[[]];;;"{""error"": ""RuntimeError: no strategy was selected (loop trace: [], errors: [\""iteration 1: q3/build: ValueError: question 'type': definition must be a dict, got str\""])""}";;0;error;;;laya_multilingual_laya_v5_reasoning_pure_noseeds_text
171;0;orchestrator_laya_laya_v5_reasoning_pure;;;;;;;[[]];[[]];;;"{""error"": ""RuntimeError: no strategy was selected (loop trace: [], errors: [\""iteration 1: q3/build: ValueError: question 'type': definition must be a dict, got str\""])""}";;0;error;;;laya_multilingual_laya_v5_reasoning_pure_noseeds_text
172;0;orchestrator_laya_laya_v5_reasoning_pure;;;;;;;[[]];[[]];;;"{""error"": ""RuntimeError: no strategy was selected (loop trace: [], errors: [\""iteration 1: q3/build: ValueError: question 'type': definition must be a dict, got str\""])""}";;0;error;;;laya_multilingual_laya_v5_reasoning_pure_noseeds_text
173;0;orchestrator_laya_laya_v5_reasoning_pure;;;;;;;[[]];[[]];;;"{""error"": ""RuntimeError: no strategy was selected (loop trace: [], errors: [\""iteration 1: q3/build: ValueError: question 'type': definition must be a dict, got str\""])""}";;0;error;;;laya_multilingual_laya_v5_reasoning_pure_noseeds_text
174;0;orchestrator_laya_laya_v5_reasoning_pure;;;;;;;[[]];[[]];;;"{""error"": ""RuntimeError: no strategy was selected (loop trace: [], errors: [\""iteration 1: q3/build: ValueError: question 'type': definition must be a dict, got str\""])""}";;0;error;;;laya_multilingual_laya_v5_reasoning_pure_noseeds_text
175;0;orchestrator_laya_laya_v5_reasoning_pure;;;;;;;[[]];[[]];;;"{""error"": ""RuntimeError: no strategy was selected (loop trace: [], errors: [\""iteration 1: q3/build: ValueError: question 'type': definition must be a dict, got str\""])""}";;0;error;;;laya_multilingual_laya_v5_reasoning_pure_noseeds_text
176;0;orchestrator_laya_laya_v5_reasoning_pure;;;;;;;[[]];[[]];;;"{""error"": ""RuntimeError: no strategy was selected (loop trace: [], errors: [\""iteration 1: q3/build: ValueError: question 'type': definition must be a dict, got str\""])""}";;0;error;;;laya_multilingual_laya_v5_reasoning_pure_noseeds_text
177;0;orchestrator_laya_laya_v5_reasoning_pure;;;;;;;[[]];[[]];;;"{""error"": ""RuntimeError: no strategy was selected (loop trace: [], errors: [\""iteration 1: q3/build: ValueError: question 'type': definition must be a dict, got str\""])""}";;0;error;;;laya_multilingual_laya_v5_reasoning_pure_noseeds_text
178;0;orchestrator_laya_laya_v5_reasoning_pure;;;;;;;[[]];[[]];;;"{""error"": ""RuntimeError: no strategy was selected (loop trace: [], errors: [\""iteration 1: q3/build: ValueError: question 'type': definition must be a dict, got str\""])""}";;0;error;;;laya_multilingual_laya_v5_reasoning_pure_noseeds_text
179;0;orchestrator_laya_laya_v5_reasoning_pure;;;;;;;[[]];[[]];;;"{""error"": ""RuntimeError: no strategy was selected (loop trace: [], errors: [\""iteration 1: q3/build: ValueError: question 'type': definition must be a dict, got str\""])""}";;0;error;;;laya_multilingual_laya_v5_reasoning_pure_noseeds_text
180;0;orchestrator_laya_laya_v5_reasoning_pure;;;;;;;[[]];[[]];;;"{""error"": ""RuntimeError: no strategy was selected (loop trace: [], errors: [\""iteration 1: q3/build: ValueError: question 'type': definition must be a dict, got str\""])""}";;0;error;;;laya_multilingual_laya_v5_reasoning_pure_noseeds_text
181;0;orchestrator_laya_laya_v5_reasoning_pure;;;;;;;[[]];[[]];;;"{""error"": ""RuntimeError: no strategy was selected (loop trace: [], errors: [\""iteration 1: q3/build: ValueError: question 'type': definition must be a dict, got str\""])""}";;0;error;;;laya_multilingual_laya_v5_reasoning_pure_noseeds_text
182;0;orchestrator_laya_laya_v5_reasoning_pure;;;;;;;[[]];[[]];;;"{""error"": ""RuntimeError: no strategy was selected (loop trace: [], errors: [\""iteration 1: q3/build: ValueError: question 'type': definition must be a dict, got str\""])""}";;0;error;;;laya_multilingual_laya_v5_reasoning_pure_noseeds_text
183;0;orchestrator_laya_laya_v5_reasoning_pure;;;;;;;[[]];[[]];;;"{""error"": ""RuntimeError: no strategy was selected (loop trace: [], errors: [\""iteration 1: q3/build: ValueError: question 'type': definition must be a dict, got str\""])""}";;0;error;;;laya_multilingual_laya_v5_reasoning_pure_noseeds_text
184;0;orchestrator_laya_laya_v5_reasoning_pure;;;;;;;[[]];[[]];;;"{""error"": ""RuntimeError: no strategy was selected (loop trace: [], errors: [\""iteration 1: q3/build: ValueError: question 'type': definition must be a dict, got str\""])""}";;0;error;;;laya_multilingual_laya_v5_reasoning_pure_noseeds_text
185;0;orchestrator_laya_laya_v5_reasoning_pure;;;;;;;[[]];[[]];;;"{""error"": ""RuntimeError: no strategy was selected (loop trace: [], errors: [\""iteration 1: q3/build: ValueError: question 'type': definition must be a dict, got str\""])""}";;0;error;;;laya_multilingual_laya_v5_reasoning_pure_noseeds_text
186;0;orchestrator_laya_laya_v5_reasoning_pure;;;;;;;[[]];[[]];;;"{""error"": ""RuntimeError: no strategy was selected (loop trace: [], errors: [\""iteration 1: q3/build: ValueError: question 'type': definition must be a dict, got str\""])""}";;0;error;;;laya_multilingual_laya_v5_reasoning_pure_noseeds_text
187;0;orchestrator_laya_laya_v5_reasoning_pure;;;;;;;[[]];[[]];;;"{""error"": ""RuntimeError: no strategy was selected (loop trace: [], errors: [\""iteration 1: q3/build: ValueError: question 'type': definition must be a dict, got str\""])""}";;0;error;;;laya_multilingual_laya_v5_reasoning_pure_noseeds_text
188;0;orchestrator_laya_laya_v5_reasoning_pure;;;;;;;[[]];[[]];;;"{""error"": ""RuntimeError: no strategy was selected (loop trace: [], errors: [\""iteration 1: q3/build: ValueError: question 'type': definition must be a dict, got str\""])""}";;0;error;;;laya_multilingual_laya_v5_reasoning_pure_noseeds_text
189;0;orchestrator_laya_laya_v5_reasoning_pure;;;;;;;[[]];[[]];;;"{""error"": ""RuntimeError: no strategy was selected (loop trace: [], errors: [\""iteration 1: q3/build: ValueError: question 'type': definition must be a dict, got str\""])""}";;0;error;;;laya_multilingual_laya_v5_reasoning_pure_noseeds_text
190;0;orchestrator_laya_laya_v5_reasoning_pure;;;;;;;[[]];[[]];;;"{""error"": ""RuntimeError: no strategy was selected (loop trace: [], errors: [\""iteration 1: q3/build: ValueError: question 'type': definition must be a dict, got str\""])""}";;0;error;;;laya_multilingual_laya_v5_reasoning_pure_noseeds_text
191;0;orchestrator_laya_laya_v5_reasoning_pure;;;;;;;[[]];[[]];;;"{""error"": ""RuntimeError: no strategy was selected (loop trace: [], errors: [\""iteration 1: q3/build: ValueError: question 'type': definition must be a dict, got str\""])""}";;0;error;;;laya_multilingual_laya_v5_reasoning_pure_noseeds_text
192;0;orchestrator_laya_laya_v5_reasoning_pure;;;;;;;[[]];[[]];;;"{""error"": ""RuntimeError: no strategy was selected (loop trace: [], errors: [\""iteration 1: q3/build: ValueError: question 'type': definition must be a dict, got str\""])""}";;0;error;;;laya_multilingual_laya_v5_reasoning_pure_noseeds_text
193;0;orchestrator_laya_laya_v5_reasoning_pure;;;;;;;[[]];[[]];;;"{""error"": ""RuntimeError: no strategy was selected (loop trace: [], errors: [\""iteration 1: q3/build: ValueError: question 'type': definition must be a dict, got str\""])""}";;0;error;;;laya_multilingual_laya_v5_reasoning_pure_noseeds_text
194;0;orchestrator_laya_laya_v5_reasoning_pure;;;;;;;[[]];[[]];;;"{""error"": ""RuntimeError: no strategy was selected (loop trace: [], errors: [\""iteration 1: q3/build: ValueError: question 'type': definition must be a dict, got str\""])""}";;0;error;;;laya_multilingual_laya_v5_reasoning_pure_noseeds_text
195;0;orchestrator_laya_laya_v5_reasoning_pure;;;;;;;[[]];[[]];;;"{""error"": ""RuntimeError: no strategy was selected (loop trace: [], errors: [\""iteration 1: q3/build: ValueError: question 'type': definition must be a dict, got str\""])""}";;0;error;;;laya_multilingual_laya_v5_reasoning_pure_noseeds_text
196;0;orchestrator_laya_laya_v5_reasoning_pure;;;;;;;[[]];[[]];;;"{""error"": ""RuntimeError: no strategy was selected (loop trace: [], errors: [\""iteration 1: q3/build: ValueError: question 'type': definition must be a dict, got str\""])""}";;0;error;;;laya_multilingual_laya_v5_reasoning_pure_noseeds_text
197;0;orchestrator_laya_laya_v5_reasoning_pure;;;;;;;[[]];[[]];;;"{""error"": ""RuntimeError: no strategy was selected (loop trace: [], errors: [\""iteration 1: q3/build: ValueError: question 'type': definition must be a dict, got str\""])""}";;0;error;;;laya_multilingual_laya_v5_reasoning_pure_noseeds_text
198;0;orchestrator_laya_laya_v5_reasoning_pure;;;;;;;[[]];[[]];;;"{""error"": ""RuntimeError: no strategy was selected (loop trace: [], errors: [\""iteration 1: q3/build: ValueError: question 'type': definition must be a dict, got str\""])""}";;0;error;;;laya_multilingual_laya_v5_reasoning_pure_noseeds_text
199;0;orchestrator_laya_laya_v5_reasoning_pure;;;;;;;[[]];[[]];;;"{""error"": ""RuntimeError: no strategy was selected (loop trace: [], errors: [\""iteration 1: q3/build: ValueError: question 'type': definition must be a dict, got str\""])""}";;0;error;;;laya_multilingual_laya_v5_reasoning_pure_noseeds_text
200;0;orchestrator_laya_laya_v5_reasoning_pure;;;;;;;[[]];[[]];;;"{""error"": ""RuntimeError: no strategy was selected (loop trace: [], errors: [\""iteration 1: q3/build: ValueError: question 'type': definition must be a dict, got str\""])""}";;0;error;;;laya_multilingual_laya_v5_reasoning_pure_noseeds_text
201;0;orchestrator_laya_laya_v5_reasoning_pure;;;;;;;[[]];[[]];;;"{""error"": ""RuntimeError: no strategy was selected (loop trace: [], errors: [\""iteration 1: q3/build: ValueError: question 'type': definition must be a dict, got str\""])""}";;0;error;;;laya_multilingual_laya_v5_reasoning_pure_noseeds_text
202;0;orchestrator_laya_laya_v5_reasoning_pure;;;;;;;[[]];[[]];;;"{""error"": ""RuntimeError: no strategy was selected (loop trace: [], errors: [\""iteration 1: q3/build: ValueError: question 'type': definition must be a dict, got str\""])""}";;0;error;;;laya_multilingual_laya_v5_reasoning_pure_noseeds_text
203;0;orchestrator_laya_laya_v5_reasoning_pure;;;;;;;[[]];[[]];;;"{""error"": ""RuntimeError: no strategy was selected (loop trace: [], errors: [\""iteration 1: q3/build: ValueError: question 'type': definition must be a dict, got str\""])""}";;0;error;;;laya_multilingual_laya_v5_reasoning_pure_noseeds_text
204;0;orchestrator_laya_laya_v5_reasoning_pure;;;;;;;[[]];[[]];;;"{""error"": ""RuntimeError: no strategy was selected (loop trace: [], errors: [\""iteration 1: q3/build: ValueError: question 'type': definition must be a dict, got str\""])""}";;0;error;;;laya_multilingual_laya_v5_reasoning_pure_noseeds_text
205;0;orchestrator_laya_laya_v5_reasoning_pure;;;;;;;[[]];[[]];;;"{""error"": ""RuntimeError: no strategy was selected (loop trace: [], errors: [\""iteration 1: q3/build: ValueError: question 'type': definition must be a dict, got str\""])""}";;0;error;;;laya_multilingual_laya_v5_reasoning_pure_noseeds_text
206;0;orchestrator_laya_laya_v5_reasoning_pure;;;;;;;[[]];[[]];;;"{""error"": ""RuntimeError: no strategy was selected (loop trace: [], errors: [\""iteration 1: q3/build: ValueError: question 'type': definition must be a dict, got str\""])""}";;0;error;;;laya_multilingual_laya_v5_reasoning_pure_noseeds_text
207;0;orchestrator_laya_laya_v5_reasoning_pure;;;;;;;[[]];[[]];;;"{""error"": ""RuntimeError: no strategy was selected (loop trace: [], errors: [\""iteration 1: q3/build: ValueError: question 'type': definition must be a dict, got str\""])""}";;0;error;;;laya_multilingual_laya_v5_reasoning_pure_noseeds_text
208;0;orchestrator_laya_laya_v5_reasoning_pure;;;;;;;[[]];[[]];;;"{""error"": ""RuntimeError: no strategy was selected (loop trace: [], errors: [\""iteration 1: q3/build: ValueError: question 'type': definition must be a dict, got str\""])""}";;0;error;;;laya_multilingual_laya_v5_reasoning_pure_noseeds_text
209;0;orchestrator_laya_laya_v5_reasoning_pure;;;;;;;[[]];[[]];;;"{""error"": ""RuntimeError: no strategy was selected (loop trace: [], errors: [\""iteration 1: q3/build: ValueError: question 'type': definition must be a dict, got str\""])""}";;0;error;;;laya_multilingual_laya_v5_reasoning_pure_noseeds_text
210;0;orchestrator_laya_laya_v5_reasoning_pure;;;;;;;[[]];[[]];;;"{""error"": ""RuntimeError: no strategy was selected (loop trace: [], errors: [\""iteration 1: q3/build: ValueError: question 'type': definition must be a dict, got str\""])""}";;0;error;;;laya_multilingual_laya_v5_reasoning_pure_noseeds_text
211;0;orchestrator_laya_laya_v5_reasoning_pure;;;;;;;[[]];[[]];;;"{""error"": ""RuntimeError: no strategy was selected (loop trace: [], errors: [\""iteration 1: q3/build: ValueError: question 'type': definition must be a dict, got str\""])""}";;0;error;;;laya_multilingual_laya_v5_reasoning_pure_noseeds_text
212;0;orchestrator_laya_laya_v5_reasoning_pure;;;;;;;[[]];[[]];;;"{""error"": ""RuntimeError: no strategy was selected (loop trace: [], errors: [\""iteration 1: q3/build: ValueError: question 'type': definition must be a dict, got str\""])""}";;0;error;;;laya_multilingual_laya_v5_reasoning_pure_noseeds_text
213;0;orchestrator_laya_laya_v5_reasoning_pure;;;;;;;[[]];[[]];;;"{""error"": ""RuntimeError: no strategy was selected (loop trace: [], errors: [\""iteration 1: q3/build: ValueError: question 'type': definition must be a dict, got str\""])""}";;0;error;;;laya_multilingual_laya_v5_reasoning_pure_noseeds_text
214;0;orchestrator_laya_laya_v5_reasoning_pure;;;;;;;[[]];[[]];;;"{""error"": ""RuntimeError: no strategy was selected (loop trace: [], errors: [\""iteration 1: q3/build: ValueError: question 'type': definition must be a dict, got str\""])""}";;0;error;;;laya_multilingual_laya_v5_reasoning_pure_noseeds_text
215;0;orchestrator_laya_laya_v5_reasoning_pure;;;;;;;[[]];[[]];;;"{""error"": ""RuntimeError: no strategy was selected (loop trace: [], errors: [\""iteration 1: q3/build: ValueError: question 'type': definition must be a dict, got str\""])""}";;0;error;;;laya_multilingual_laya_v5_reasoning_pure_noseeds_text
216;0;orchestrator_laya_laya_v5_reasoning_pure;;;;;;;[[]];[[]];;;"{""error"": ""RuntimeError: no strategy was selected (loop trace: [], errors: [\""iteration 1: q3/build: ValueError: question 'type': definition must be a dict, got str\""])""}";;0;error;;;laya_multilingual_laya_v5_reasoning_pure_noseeds_text
217;0;orchestrator_laya_laya_v5_reasoning_pure;;;;;;;[[]];[[]];;;"{""error"": ""RuntimeError: no strategy was selected (loop trace: [], errors: [\""iteration 1: q3/build: ValueError: question 'type': definition must be a dict, got str\""])""}";;0;error;;;laya_multilingual_laya_v5_reasoning_pure_noseeds_text
218;0;orchestrator_laya_laya_v5_reasoning_pure;;;;;;;[[]];[[]];;;"{""error"": ""RuntimeError: no strategy was selected (loop trace: [], errors: [\""iteration 1: q3/build: ValueError: question 'type': definition must be a dict, got str\""])""}";;0;error;;;laya_multilingual_laya_v5_reasoning_pure_noseeds_text
219;0;orchestrator_laya_laya_v5_reasoning_pure;;;;;;;[[]];[[]];;;"{""error"": ""RuntimeError: no strategy was selected (loop trace: [], errors: [\""iteration 1: q3/build: ValueError: question 'type': definition must be a dict, got str\""])""}";;0;error;;;laya_multilingual_laya_v5_reasoning_pure_noseeds_text
220;0;orchestrator_laya_laya_v5_reasoning_pure;;;;;;;[[]];[[]];;;"{""error"": ""RuntimeError: no strategy was selected (loop trace: [], errors: [\""iteration 1: q3/build: ValueError: question 'type': definition must be a dict, got str\""])""}";;0;error;;;laya_multilingual_laya_v5_reasoning_pure_noseeds_text
221;0;orchestrator_laya_laya_v5_reasoning_pure;;;;;;;[[]];[[]];;;"{""error"": ""RuntimeError: no strategy was selected (loop trace: [], errors: [\""iteration 1: q3/build: ValueError: question 'type': definition must be a dict, got str\""])""}";;0;error;;;laya_multilingual_laya_v5_reasoning_pure_noseeds_text
222;0;orchestrator_laya_laya_v5_reasoning_pure;;;;;;;[[]];[[]];;;"{""error"": ""RuntimeError: no strategy was selected (loop trace: [], errors: [\""iteration 1: q3/build: ValueError: question 'type': definition must be a dict, got str\""])""}";;0;error;;;laya_multilingual_laya_v5_reasoning_pure_noseeds_text
223;0;orchestrator_laya_laya_v5_reasoning_pure;;;;;;;[[]];[[]];;;"{""error"": ""RuntimeError: no strategy was selected (loop trace: [], errors: [\""iteration 1: q3/build: ValueError: question 'type': definition must be a dict, got str\""])""}";;0;error;;;laya_multilingual_laya_v5_reasoning_pure_noseeds_text
224;0;orchestrator_laya_laya_v5_reasoning_pure;;;;;;;[[]];[[]];;;"{""error"": ""RuntimeError: no strategy was selected (loop trace: [], errors: [\""iteration 1: q3/build: ValueError: question 'type': definition must be a dict, got str\""])""}";;0;error;;;laya_multilingual_laya_v5_reasoning_pure_noseeds_text
225;0;orchestrator_laya_laya_v5_reasoning_pure;;;;;;;[[]];[[]];;;"{""error"": ""RuntimeError: no strategy was selected (loop trace: [], errors: [\""iteration 1: q3/build: ValueError: question 'type': definition must be a dict, got str\""])""}";;0;error;;;laya_multilingual_laya_v5_reasoning_pure_noseeds_text
226;0;orchestrator_laya_laya_v5_reasoning_pure;;;;;;;[[]];[[]];;;"{""error"": ""RuntimeError: no strategy was selected (loop trace: [], errors: [\""iteration 1: q3/build: ValueError: question 'type': definition must be a dict, got str\""])""}";;0;error;;;laya_multilingual_laya_v5_reasoning_pure_noseeds_text
227;0;orchestrator_laya_laya_v5_reasoning_pure;;;;;;;[[]];[[]];;;"{""error"": ""RuntimeError: no strategy was selected (loop trace: [], errors: [\""iteration 1: q3/build: ValueError: question 'type': definition must be a dict, got str\""])""}";;0;error;;;laya_multilingual_laya_v5_reasoning_pure_noseeds_text
228;0;orchestrator_laya_laya_v5_reasoning_pure;;;;;;;[[]];[[]];;;"{""error"": ""RuntimeError: no strategy was selected (loop trace: [], errors: [\""iteration 1: q3/build: ValueError: question 'type': definition must be a dict, got str\""])""}";;0;error;;;laya_multilingual_laya_v5_reasoning_pure_noseeds_text
229;0;orchestrator_laya_laya_v5_reasoning_pure;;;;;;;[[]];[[]];;;"{""error"": ""RuntimeError: no strategy was selected (loop trace: [], errors: [\""iteration 1: q3/build: ValueError: question 'type': definition must be a dict, got str\""])""}";;0;error;;;laya_multilingual_laya_v5_reasoning_pure_noseeds_text
230;0;orchestrator_laya_laya_v5_reasoning_pure;;;;;;;[[]];[[]];;;"{""error"": ""RuntimeError: no strategy was selected (loop trace: [], errors: [\""iteration 1: q3/build: ValueError: question 'type': definition must be a dict, got str\""])""}";;0;error;;;laya_multilingual_laya_v5_reasoning_pure_noseeds_text
231;0;orchestrator_laya_laya_v5_reasoning_pure;;;;;;;[[]];[[]];;;"{""error"": ""RuntimeError: no strategy was selected (loop trace: [], errors: [\""iteration 1: q3/build: ValueError: question 'type': definition must be a dict, got str\""])""}";;0;error;;;laya_multilingual_laya_v5_reasoning_pure_noseeds_text
232;0;orchestrator_laya_laya_v5_reasoning_pure;;;;;;;[[]];[[]];;;"{""error"": ""RuntimeError: no strategy was selected (loop trace: [], errors: [\""iteration 1: q3/build: ValueError: question 'type': definition must be a dict, got str\""])""}";;0;error;;;laya_multilingual_laya_v5_reasoning_pure_noseeds_text
233;0;orchestrator_laya_laya_v5_reasoning_pure;;;;;;;[[]];[[]];;;"{""error"": ""RuntimeError: no strategy was selected (loop trace: [], errors: [\""iteration 1: q3/build: ValueError: question 'type': definition must be a dict, got str\""])""}";;0;error;;;laya_multilingual_laya_v5_reasoning_pure_noseeds_text
234;0;orchestrator_laya_laya_v5_reasoning_pure;;;;;;;[[]];[[]];;;"{""error"": ""RuntimeError: no strategy was selected (loop trace: [], errors: [\""iteration 1: q3/build: ValueError: question 'type': definition must be a dict, got str\""])""}";;0;error;;;laya_multilingual_laya_v5_reasoning_pure_noseeds_text
235;0;orchestrator_laya_laya_v5_reasoning_pure;;;;;;;[[]];[[]];;;"{""error"": ""RuntimeError: no strategy was selected (loop trace: [], errors: [\""iteration 1: q3/build: ValueError: question 'type': definition must be a dict, got str\""])""}";;0;error;;;laya_multilingual_laya_v5_reasoning_pure_noseeds_text
236;0;orchestrator_laya_laya_v5_reasoning_pure;;;;;;;[[]];[[]];;;"{""error"": ""RuntimeError: no strategy was selected (loop trace: [], errors: [\""iteration 1: q3/build: ValueError: question 'type': definition must be a dict, got str\""])""}";;0;error;;;laya_multilingual_laya_v5_reasoning_pure_noseeds_text
237;0;orchestrator_laya_laya_v5_reasoning_pure;;;;;;;[[]];[[]];;;"{""error"": ""RuntimeError: no strategy was selected (loop trace: [], errors: [\""iteration 1: q3/build: ValueError: question 'type': definition must be a dict, got str\""])""}";;0;error;;;laya_multilingual_laya_v5_reasoning_pure_noseeds_text
238;0;orchestrator_laya_laya_v5_reasoning_pure;;;;;;;[[]];[[]];;;"{""error"": ""RuntimeError: no strategy was selected (loop trace: [], errors: [\""iteration 1: q3/build: ValueError: question 'type': definition must be a dict, got str\""])""}";;0;error;;;laya_multilingual_laya_v5_reasoning_pure_noseeds_text
239;0;orchestrator_laya_laya_v5_reasoning_pure;;;;;;;[[]];[[]];;;"{""error"": ""RuntimeError: no strategy was selected (loop trace: [], errors: [\""iteration 1: q3/build: ValueError: question 'type': definition must be a dict, got str\""])""}";;0;error;;;laya_multilingual_laya_v5_reasoning_pure_noseeds_text
240;0;orchestrator_laya_laya_v5_reasoning_pure;;;;;;;[[]];[[]];;;"{""error"": ""RuntimeError: no strategy was selected (loop trace: [], errors: [\""iteration 1: q3/build: ValueError: question 'type': definition must be a dict, got str\""])""}";;0;error;;;laya_multilingual_laya_v5_reasoning_pure_noseeds_text
241;0;orchestrator_laya_laya_v5_reasoning_pure;;;;;;;[[]];[[]];;;"{""error"": ""RuntimeError: no strategy was selected (loop trace: [], errors: [\""iteration 1: q3/build: ValueError: question 'type': definition must be a dict, got str\""])""}";;0;error;;;laya_multilingual_laya_v5_reasoning_pure_noseeds_text
242;0;orchestrator_laya_laya_v5_reasoning_pure;;;;;;;[[]];[[]];;;"{""error"": ""RuntimeError: no strategy was selected (loop trace: [], errors: [\""iteration 1: q3/build: ValueError: question 'type': definition must be a dict, got str\""])""}";;0;error;;;laya_multilingual_laya_v5_reasoning_pure_noseeds_text
243;0;orchestrator_laya_laya_v5_reasoning_pure;;;;;;;[[]];[[]];;;"{""error"": ""RuntimeError: no strategy was selected (loop trace: [], errors: [\""iteration 1: q3/build: ValueError: question 'type': definition must be a dict, got str\""])""}";;0;error;;;laya_multilingual_laya_v5_reasoning_pure_noseeds_text
244;0;orchestrator_laya_laya_v5_reasoning_pure;;;;;;;[[]];[[]];;;"{""error"": ""RuntimeError: no strategy was selected (loop trace: [], errors: [\""iteration 1: q3/build: ValueError: question 'type': definition must be a dict, got str\""])""}";;0;error;;;laya_multilingual_laya_v5_reasoning_pure_noseeds_text
245;0;orchestrator_laya_laya_v5_reasoning_pure;;;;;;;[[]];[[]];;;"{""error"": ""RuntimeError: no strategy was selected (loop trace: [], errors: [\""iteration 1: q3/build: ValueError: question 'type': definition must be a dict, got str\""])""}";;0;error;;;laya_multilingual_laya_v5_reasoning_pure_noseeds_text
246;0;orchestrator_laya_laya_v5_reasoning_pure;;;;;;;[[]];[[]];;;"{""error"": ""RuntimeError: no strategy was selected (loop trace: [], errors: [\""iteration 1: q3/build: ValueError: question 'type': definition must be a dict, got str\""])""}";;0;error;;;laya_multilingual_laya_v5_reasoning_pure_noseeds_text
247;0;orchestrator_laya_laya_v5_reasoning_pure;;;;;;;[[]];[[]];;;"{""error"": ""RuntimeError: no strategy was selected (loop trace: [], errors: [\""iteration 1: q3/build: ValueError: question 'type': definition must be a dict, got str\""])""}";;0;error;;;laya_multilingual_laya_v5_reasoning_pure_noseeds_text
248;0;orchestrator_laya_laya_v5_reasoning_pure;;;;;;;[[]];[[]];;;"{""error"": ""RuntimeError: no strategy was selected (loop trace: [], errors: [\""iteration 1: q3/build: ValueError: question 'type': definition must be a dict, got str\""])""}";;0;error;;;laya_multilingual_laya_v5_reasoning_pure_noseeds_text
249;0;orchestrator_laya_laya_v5_reasoning_pure;;;;;;;[[]];[[]];;;"{""error"": ""RuntimeError: no strategy was selected (loop trace: [], errors: [\""iteration 1: q3/build: ValueError: question 'type': definition must be a dict, got str\""])""}";;0;error;;;laya_multilingual_laya_v5_reasoning_pure_noseeds_text
250;0;orchestrator_laya_laya_v5_reasoning_pure;;;;;;;[[]];[[]];;;"{""error"": ""RuntimeError: no strategy was selected (loop trace: [], errors: [\""iteration 1: q3/build: ValueError: question 'type': definition must be a dict, got str\""])""}";;0;error;;;laya_multilingual_laya_v5_reasoning_pure_noseeds_text
251;0;orchestrator_laya_laya_v5_reasoning_pure;;;;;;;[[]];[[]];;;"{""error"": ""RuntimeError: no strategy was selected (loop trace: [], errors: [\""iteration 1: q3/build: ValueError: question 'type': definition must be a dict, got str\""])""}";;0;error;;;laya_multilingual_laya_v5_reasoning_pure_noseeds_text
252;0;orchestrator_laya_laya_v5_reasoning_pure;;;;;;;[[]];[[]];;;"{""error"": ""RuntimeError: no strategy was selected (loop trace: [], errors: [\""iteration 1: q3/build: ValueError: question 'type': definition must be a dict, got str\""])""}";;0;error;;;laya_multilingual_laya_v5_reasoning_pure_noseeds_text
253;0;orchestrator_laya_laya_v5_reasoning_pure;;;;;;;[[]];[[]];;;"{""error"": ""RuntimeError: no strategy was selected (loop trace: [], errors: [\""iteration 1: q3/build: ValueError: question 'type': definition must be a dict, got str\""])""}";;0;error;;;laya_multilingual_laya_v5_reasoning_pure_noseeds_text
254;0;orchestrator_laya_laya_v5_reasoning_pure;;;;;;;[[]];[[]];;;"{""error"": ""RuntimeError: no strategy was selected (loop trace: [], errors: [\""iteration 1: q3/build: ValueError: question 'type': definition must be a dict, got str\""])""}";;0;error;;;laya_multilingual_laya_v5_reasoning_pure_noseeds_text
255;0;orchestrator_laya_laya_v5_reasoning_pure;;;;;;;[[]];[[]];;;"{""error"": ""RuntimeError: no strategy was selected (loop trace: [], errors: [\""iteration 1: q3/build: ValueError: question 'type': definition must be a dict, got str\""])""}";;0;error;;;laya_multilingual_laya_v5_reasoning_pure_noseeds_text
256;0;orchestrator_laya_laya_v5_reasoning_pure;;;;;;;[[]];[[]];;;"{""error"": ""RuntimeError: no strategy was selected (loop trace: [], errors: [\""iteration 1: q3/build: ValueError: question 'type': definition must be a dict, got str\""])""}";;0;error;;;laya_multilingual_laya_v5_reasoning_pure_noseeds_text
257;0;orchestrator_laya_laya_v5_reasoning_pure;;;;;;;[[]];[[]];;;"{""error"": ""RuntimeError: no strategy was selected (loop trace: [], errors: [\""iteration 1: q3/build: ValueError: question 'type': definition must be a dict, got str\""])""}";;0;error;;;laya_multilingual_laya_v5_reasoning_pure_noseeds_text
258;0;orchestrator_laya_laya_v5_reasoning_pure;;;;;;;[[]];[[]];;;"{""error"": ""RuntimeError: no strategy was selected (loop trace: [], errors: [\""iteration 1: q3/build: ValueError: question 'type': definition must be a dict, got str\""])""}";;0;error;;;laya_multilingual_laya_v5_reasoning_pure_noseeds_text
259;0;orchestrator_laya_laya_v5_reasoning_pure;;;;;;;[[]];[[]];;;"{""error"": ""RuntimeError: no strategy was selected (loop trace: [], errors: [\""iteration 1: q3/build: ValueError: question 'type': definition must be a dict, got str\""])""}";;0;error;;;laya_multilingual_laya_v5_reasoning_pure_noseeds_text
260;0;orchestrator_laya_laya_v5_reasoning_pure;;;;;;;[[]];[[]];;;"{""error"": ""RuntimeError: no strategy was selected (loop trace: [], errors: [\""iteration 1: q3/build: ValueError: question 'type': definition must be a dict, got str\""])""}";;0;error;;;laya_multilingual_laya_v5_reasoning_pure_noseeds_text
261;0;orchestrator_laya_laya_v5_reasoning_pure;;;;;;;[[]];[[]];;;"{""error"": ""RuntimeError: no strategy was selected (loop trace: [], errors: [\""iteration 1: q3/build: ValueError: question 'type': definition must be a dict, got str\""])""}";;0;error;;;laya_multilingual_laya_v5_reasoning_pure_noseeds_text
262;0;orchestrator_laya_laya_v5_reasoning_pure;;;;;;;[[]];[[]];;;"{""error"": ""RuntimeError: no strategy was selected (loop trace: [], errors: [\""iteration 1: q3/build: ValueError: question 'type': definition must be a dict, got str\""])""}";;0;error;;;laya_multilingual_laya_v5_reasoning_pure_noseeds_text
263;0;orchestrator_laya_laya_v5_reasoning_pure;;;;;;;[[]];[[]];;;"{""error"": ""RuntimeError: no strategy was selected (loop trace: [], errors: [\""iteration 1: q3/build: ValueError: question 'type': definition must be a dict, got str\""])""}";;0;error;;;laya_multilingual_laya_v5_reasoning_pure_noseeds_text
264;0;orchestrator_laya_laya_v5_reasoning_pure;;;;;;;[[]];[[]];;;"{""error"": ""RuntimeError: no strategy was selected (loop trace: [], errors: [\""iteration 1: q3/build: ValueError: question 'type': definition must be a dict, got str\""])""}";;0;error;;;laya_multilingual_laya_v5_reasoning_pure_noseeds_text
265;0;orchestrator_laya_laya_v5_reasoning_pure;;;;;;;[[]];[[]];;;"{""error"": ""RuntimeError: no strategy was selected (loop trace: [], errors: [\""iteration 1: q3/build: ValueError: question 'type': definition must be a dict, got str\""])""}";;0;error;;;laya_multilingual_laya_v5_reasoning_pure_noseeds_text
266;0;orchestrator_laya_laya_v5_reasoning_pure;;;;;;;[[]];[[]];;;"{""error"": ""RuntimeError: no strategy was selected (loop trace: [], errors: [\""iteration 1: q3/build: ValueError: question 'type': definition must be a dict, got str\""])""}";;0;error;;;laya_multilingual_laya_v5_reasoning_pure_noseeds_text
267;0;orchestrator_laya_laya_v5_reasoning_pure;;;;;;;[[]];[[]];;;"{""error"": ""RuntimeError: no strategy was selected (loop trace: [], errors: [\""iteration 1: q3/build: ValueError: question 'type': definition must be a dict, got str\""])""}";;0;error;;;laya_multilingual_laya_v5_reasoning_pure_noseeds_text
268;0;orchestrator_laya_laya_v5_reasoning_pure;;;;;;;[[]];[[]];;;"{""error"": ""RuntimeError: no strategy was selected (loop trace: [], errors: [\""iteration 1: q3/build: ValueError: question 'type': definition must be a dict, got str\""])""}";;0;error;;;laya_multilingual_laya_v5_reasoning_pure_noseeds_text
269;0;orchestrator_laya_laya_v5_reasoning_pure;;;;;;;[[]];[[]];;;"{""error"": ""RuntimeError: no strategy was selected (loop trace: [], errors: [\""iteration 1: q3/build: ValueError: question 'type': definition must be a dict, got str\""])""}";;0;error;;;laya_multilingual_laya_v5_reasoning_pure_noseeds_text
270;0;orchestrator_laya_laya_v5_reasoning_pure;;;;;;;[[]];[[]];;;"{""error"": ""RuntimeError: no strategy was selected (loop trace: [], errors: [\""iteration 1: q3/build: ValueError: question 'type': definition must be a dict, got str\""])""}";;0;error;;;laya_multilingual_laya_v5_reasoning_pure_noseeds_text
271;0;orchestrator_laya_laya_v5_reasoning_pure;;;;;;;[[]];[[]];;;"{""error"": ""RuntimeError: no strategy was selected (loop trace: [], errors: [\""iteration 1: q3/build: ValueError: question 'type': definition must be a dict, got str\""])""}";;0;error;;;laya_multilingual_laya_v5_reasoning_pure_noseeds_text
272;0;orchestrator_laya_laya_v5_reasoning_pure;;;;;;;[[]];[[]];;;"{""error"": ""RuntimeError: no strategy was selected (loop trace: [], errors: [\""iteration 1: q3/build: ValueError: question 'type': definition must be a dict, got str\""])""}";;0;error;;;laya_multilingual_laya_v5_reasoning_pure_noseeds_text
273;0;orchestrator_laya_laya_v5_reasoning_pure;;;;;;;[[]];[[]];;;"{""error"": ""RuntimeError: no strategy was selected (loop trace: [], errors: [\""iteration 1: q3/build: ValueError: question 'type': definition must be a dict, got str\""])""}";;0;error;;;laya_multilingual_laya_v5_reasoning_pure_noseeds_text
274;0;orchestrator_laya_laya_v5_reasoning_pure;;;;;;;[[]];[[]];;;"{""error"": ""RuntimeError: no strategy was selected (loop trace: [], errors: [\""iteration 1: q3/build: ValueError: question 'type': definition must be a dict, got str\""])""}";;0;error;;;laya_multilingual_laya_v5_reasoning_pure_noseeds_text
275;0;orchestrator_laya_laya_v5_reasoning_pure;;;;;;;[[]];[[]];;;"{""error"": ""RuntimeError: no strategy was selected (loop trace: [], errors: [\""iteration 1: q3/build: ValueError: question 'type': definition must be a dict, got str\""])""}";;0;error;;;laya_multilingual_laya_v5_reasoning_pure_noseeds_text
276;0;orchestrator_laya_laya_v5_reasoning_pure;;;;;;;[[]];[[]];;;"{""error"": ""RuntimeError: no strategy was selected (loop trace: [], errors: [\""iteration 1: q3/build: ValueError: question 'type': definition must be a dict, got str\""])""}";;0;error;;;laya_multilingual_laya_v5_reasoning_pure_noseeds_text
277;0;orchestrator_laya_laya_v5_reasoning_pure;;;;;;;[[]];[[]];;;"{""error"": ""RuntimeError: no strategy was selected (loop trace: [], errors: [\""iteration 1: q3/build: ValueError: question 'type': definition must be a dict, got str\""])""}";;0;error;;;laya_multilingual_laya_v5_reasoning_pure_noseeds_text
278;0;orchestrator_laya_laya_v5_reasoning_pure;;;;;;;[[]];[[]];;;"{""error"": ""RuntimeError: no strategy was selected (loop trace: [], errors: [\""iteration 1: q3/build: ValueError: question 'type': definition must be a dict, got str\""])""}";;0;error;;;laya_multilingual_laya_v5_reasoning_pure_noseeds_text
279;0;orchestrator_laya_laya_v5_reasoning_pure;;;;;;;[[]];[[]];;;"{""error"": ""RuntimeError: no strategy was selected (loop trace: [], errors: [\""iteration 1: q3/build: ValueError: question 'type': definition must be a dict, got str\""])""}";;0;error;;;laya_multilingual_laya_v5_reasoning_pure_noseeds_text
280;0;orchestrator_laya_laya_v5_reasoning_pure;;;;;;;[[]];[[]];;;"{""error"": ""RuntimeError: no strategy was selected (loop trace: [], errors: [\""iteration 1: q3/build: ValueError: question 'type': definition must be a dict, got str\""])""}";;0;error;;;laya_multilingual_laya_v5_reasoning_pure_noseeds_text
281;0;orchestrator_laya_laya_v5_reasoning_pure;;;;;;;[[]];[[]];;;"{""error"": ""RuntimeError: no strategy was selected (loop trace: [], errors: [\""iteration 1: q3/build: ValueError: question 'type': definition must be a dict, got str\""])""}";;0;error;;;laya_multilingual_laya_v5_reasoning_pure_noseeds_text
282;0;orchestrator_laya_laya_v5_reasoning_pure;;;;;;;[[]];[[]];;;"{""error"": ""RuntimeError: no strategy was selected (loop trace: [], errors: [\""iteration 1: q3/build: ValueError: question 'type': definition must be a dict, got str\""])""}";;0;error;;;laya_multilingual_laya_v5_reasoning_pure_noseeds_text
283;0;orchestrator_laya_laya_v5_reasoning_pure;;;;;;;[[]];[[]];;;"{""error"": ""RuntimeError: no strategy was selected (loop trace: [], errors: [\""iteration 1: q3/build: ValueError: question 'type': definition must be a dict, got str\""])""}";;0;error;;;laya_multilingual_laya_v5_reasoning_pure_noseeds_text
284;0;orchestrator_laya_laya_v5_reasoning_pure;;;;;;;[[]];[[]];;;"{""error"": ""RuntimeError: no strategy was selected (loop trace: [], errors: [\""iteration 1: q3/build: ValueError: question 'type': definition must be a dict, got str\""])""}";;0;error;;;laya_multilingual_laya_v5_reasoning_pure_noseeds_text
285;0;orchestrator_laya_laya_v5_reasoning_pure;;;;;;;[[]];[[]];;;"{""error"": ""RuntimeError: no strategy was selected (loop trace: [], errors: [\""iteration 1: q3/build: ValueError: question 'type': definition must be a dict, got str\""])""}";;0;error;;;laya_multilingual_laya_v5_reasoning_pure_noseeds_text
286;0;orchestrator_laya_laya_v5_reasoning_pure;;;;;;;[[]];[[]];;;"{""error"": ""RuntimeError: no strategy was selected (loop trace: [], errors: [\""iteration 1: q3/build: ValueError: question 'type': definition must be a dict, got str\""])""}";;0;error;;;laya_multilingual_laya_v5_reasoning_pure_noseeds_text
287;0;orchestrator_laya_laya_v5_reasoning_pure;;;;;;;[[]];[[]];;;"{""error"": ""RuntimeError: no strategy was selected (loop trace: [], errors: [\""iteration 1: q3/build: ValueError: question 'type': definition must be a dict, got str\""])""}";;0;error;;;laya_multilingual_laya_v5_reasoning_pure_noseeds_text
288;0;orchestrator_laya_laya_v5_reasoning_pure;;;;;;;[[]];[[]];;;"{""error"": ""RuntimeError: no strategy was selected (loop trace: [], errors: [\""iteration 1: q3/build: ValueError: question 'type': definition must be a dict, got str\""])""}";;0;error;;;laya_multilingual_laya_v5_reasoning_pure_noseeds_text
289;0;orchestrator_laya_laya_v5_reasoning_pure;;;;;;;[[]];[[]];;;"{""error"": ""RuntimeError: no strategy was selected (loop trace: [], errors: [\""iteration 1: q3/build: ValueError: question 'type': definition must be a dict, got str\""])""}";;0;error;;;laya_multilingual_laya_v5_reasoning_pure_noseeds_text
290;0;orchestrator_laya_laya_v5_reasoning_pure;;;;;;;[[]];[[]];;;"{""error"": ""RuntimeError: no strategy was selected (loop trace: [], errors: [\""iteration 1: q3/build: ValueError: question 'type': definition must be a dict, got str\""])""}";;0;error;;;laya_multilingual_laya_v5_reasoning_pure_noseeds_text
291;0;orchestrator_laya_laya_v5_reasoning_pure;;;;;;;[[]];[[]];;;"{""error"": ""RuntimeError: no strategy was selected (loop trace: [], errors: [\""iteration 1: q3/build: ValueError: question 'type': definition must be a dict, got str\""])""}";;0;error;;;laya_multilingual_laya_v5_reasoning_pure_noseeds_text
292;0;orchestrator_laya_laya_v5_reasoning_pure;;;;;;;[[]];[[]];;;"{""error"": ""RuntimeError: no strategy was selected (loop trace: [], errors: [\""iteration 1: q3/build: ValueError: question 'type': definition must be a dict, got str\""])""}";;0;error;;;laya_multilingual_laya_v5_reasoning_pure_noseeds_text
293;0;orchestrator_laya_laya_v5_reasoning_pure;;;;;;;[[]];[[]];;;"{""error"": ""RuntimeError: no strategy was selected (loop trace: [], errors: [\""iteration 1: q3/build: ValueError: question 'type': definition must be a dict, got str\""])""}";;0;error;;;laya_multilingual_laya_v5_reasoning_pure_noseeds_text
294;0;orchestrator_laya_laya_v5_reasoning_pure;;;;;;;[[]];[[]];;;"{""error"": ""RuntimeError: no strategy was selected (loop trace: [], errors: [\""iteration 1: q3/build: ValueError: question 'type': definition must be a dict, got str\""])""}";;0;error;;;laya_multilingual_laya_v5_reasoning_pure_noseeds_text
295;0;orchestrator_laya_laya_v5_reasoning_pure;;;;;;;[[]];[[]];;;"{""error"": ""RuntimeError: no strategy was selected (loop trace: [], errors: [\""iteration 1: q3/build: ValueError: question 'type': definition must be a dict, got str\""])""}";;0;error;;;laya_multilingual_laya_v5_reasoning_pure_noseeds_text
296;0;orchestrator_laya_laya_v5_reasoning_pure;;;;;;;[[]];[[]];;;"{""error"": ""RuntimeError: no strategy was selected (loop trace: [], errors: [\""iteration 1: q3/build: ValueError: question 'type': definition must be a dict, got str\""])""}";;0;error;;;laya_multilingual_laya_v5_reasoning_pure_noseeds_text
297;0;orchestrator_laya_laya_v5_reasoning_pure;;;;;;;[[]];[[]];;;"{""error"": ""RuntimeError: no strategy was selected (loop trace: [], errors: [\""iteration 1: q3/build: ValueError: question 'type': definition must be a dict, got str\""])""}";;0;error;;;laya_multilingual_laya_v5_reasoning_pure_noseeds_text
298;0;orchestrator_laya_laya_v5_reasoning_pure;;;;;;;[[]];[[]];;;"{""error"": ""RuntimeError: no strategy was selected (loop trace: [], errors: [\""iteration 1: q3/build: ValueError: question 'type': definition must be a dict, got str\""])""}";;0;error;;;laya_multilingual_laya_v5_reasoning_pure_noseeds_text
299;0;orchestrator_laya_laya_v5_reasoning_pure;;;;;;;[[]];[[]];;;"{""error"": ""RuntimeError: no strategy was selected (loop trace: [], errors: [\""iteration 1: q3/build: ValueError: question 'type': definition must be a dict, got str\""])""}";;0;error;;;laya_multilingual_laya_v5_reasoning_pure_noseeds_text
300;0;orchestrator_laya_laya_v5_reasoning_pure;;;;;;;[[]];[[]];;;"{""error"": ""RuntimeError: no strategy was selected (loop trace: [], errors: [\""iteration 1: q3/build: ValueError: question 'type': definition must be a dict, got str\""])""}";;0;error;;;laya_multilingual_laya_v5_reasoning_pure_noseeds_text
301;0;orchestrator_laya_laya_v5_reasoning_pure;;;;;;;[[]];[[]];;;"{""error"": ""RuntimeError: no strategy was selected (loop trace: [], errors: [\""iteration 1: q3/build: ValueError: question 'type': definition must be a dict, got str\""])""}";;0;error;;;laya_multilingual_laya_v5_reasoning_pure_noseeds_text
302;0;orchestrator_laya_laya_v5_reasoning_pure;;;;;;;[[]];[[]];;;"{""error"": ""RuntimeError: no strategy was selected (loop trace: [], errors: [\""iteration 1: q3/build: ValueError: question 'type': definition must be a dict, got str\""])""}";;0;error;;;laya_multilingual_laya_v5_reasoning_pure_noseeds_text
303;0;orchestrator_laya_laya_v5_reasoning_pure;;;;;;;[[]];[[]];;;"{""error"": ""RuntimeError: no strategy was selected (loop trace: [], errors: [\""iteration 1: q3/build: ValueError: question 'type': definition must be a dict, got str\""])""}";;0;error;;;laya_multilingual_laya_v5_reasoning_pure_noseeds_text
304;0;orchestrator_laya_laya_v5_reasoning_pure;;;;;;;[[]];[[]];;;"{""error"": ""RuntimeError: no strategy was selected (loop trace: [], errors: [\""iteration 1: q3/build: ValueError: question 'type': definition must be a dict, got str\""])""}";;0;error;;;laya_multilingual_laya_v5_reasoning_pure_noseeds_text
305;0;orchestrator_laya_laya_v5_reasoning_pure;;;;;;;[[]];[[]];;;"{""error"": ""RuntimeError: no strategy was selected (loop trace: [], errors: [\""iteration 1: q3/build: ValueError: question 'type': definition must be a dict, got str\""])""}";;0;error;;;laya_multilingual_laya_v5_reasoning_pure_noseeds_text
306;0;orchestrator_laya_laya_v5_reasoning_pure;;;;;;;[[]];[[]];;;"{""error"": ""RuntimeError: no strategy was selected (loop trace: [], errors: [\""iteration 1: q3/build: ValueError: question 'type': definition must be a dict, got str\""])""}";;0;error;;;laya_multilingual_laya_v5_reasoning_pure_noseeds_text
307;0;orchestrator_laya_laya_v5_reasoning_pure;;;;;;;[[]];[[]];;;"{""error"": ""RuntimeError: no strategy was selected (loop trace: [], errors: [\""iteration 1: q3/build: ValueError: question 'type': definition must be a dict, got str\""])""}";;0;error;;;laya_multilingual_laya_v5_reasoning_pure_noseeds_text
308;0;orchestrator_laya_laya_v5_reasoning_pure;;;;;;;[[]];[[]];;;"{""error"": ""RuntimeError: no strategy was selected (loop trace: [], errors: [\""iteration 1: q3/build: ValueError: question 'type': definition must be a dict, got str\""])""}";;0;error;;;laya_multilingual_laya_v5_reasoning_pure_noseeds_text
309;0;orchestrator_laya_laya_v5_reasoning_pure;;;;;;;[[]];[[]];;;"{""error"": ""RuntimeError: no strategy was selected (loop trace: [], errors: [\""iteration 1: q3/build: ValueError: question 'type': definition must be a dict, got str\""])""}";;0;error;;;laya_multilingual_laya_v5_reasoning_pure_noseeds_text
310;0;orchestrator_laya_laya_v5_reasoning_pure;;;;;;;[[]];[[]];;;"{""error"": ""RuntimeError: no strategy was selected (loop trace: [], errors: [\""iteration 1: q3/build: ValueError: question 'type': definition must be a dict, got str\""])""}";;0;error;;;laya_multilingual_laya_v5_reasoning_pure_noseeds_text
311;0;orchestrator_laya_laya_v5_reasoning_pure;;;;;;;[[]];[[]];;;"{""error"": ""RuntimeError: no strategy was selected (loop trace: [], errors: [\""iteration 1: q3/build: ValueError: question 'type': definition must be a dict, got str\""])""}";;0;error;;;laya_multilingual_laya_v5_reasoning_pure_noseeds_text
312;0;orchestrator_laya_laya_v5_reasoning_pure;;;;;;;[[]];[[]];;;"{""error"": ""RuntimeError: no strategy was selected (loop trace: [], errors: [\""iteration 1: q3/build: ValueError: question 'type': definition must be a dict, got str\""])""}";;0;error;;;laya_multilingual_laya_v5_reasoning_pure_noseeds_text
313;0;orchestrator_laya_laya_v5_reasoning_pure;;;;;;;[[]];[[]];;;"{""error"": ""RuntimeError: no strategy was selected (loop trace: [], errors: [\""iteration 1: q3/build: ValueError: question 'type': definition must be a dict, got str\""])""}";;0;error;;;laya_multilingual_laya_v5_reasoning_pure_noseeds_text
314;0;orchestrator_laya_laya_v5_reasoning_pure;;;;;;;[[]];[[]];;;"{""error"": ""RuntimeError: no strategy was selected (loop trace: [], errors: [\""iteration 1: q3/build: ValueError: question 'type': definition must be a dict, got str\""])""}";;0;error;;;laya_multilingual_laya_v5_reasoning_pure_noseeds_text
315;0;orchestrator_laya_laya_v5_reasoning_pure;;;;;;;[[]];[[]];;;"{""error"": ""RuntimeError: no strategy was selected (loop trace: [], errors: [\""iteration 1: q3/build: ValueError: question 'type': definition must be a dict, got str\""])""}";;0;error;;;laya_multilingual_laya_v5_reasoning_pure_noseeds_text
316;0;orchestrator_laya_laya_v5_reasoning_pure;;;;;;;[[]];[[]];;;"{""error"": ""RuntimeError: no strategy was selected (loop trace: [], errors: [\""iteration 1: q3/build: ValueError: question 'type': definition must be a dict, got str\""])""}";;0;error;;;laya_multilingual_laya_v5_reasoning_pure_noseeds_text
317;0;orchestrator_laya_laya_v5_reasoning_pure;;;;;;;[[]];[[]];;;"{""error"": ""RuntimeError: no strategy was selected (loop trace: [], errors: [\""iteration 1: q3/build: ValueError: question 'type': definition must be a dict, got str\""])""}";;0;error;;;laya_multilingual_laya_v5_reasoning_pure_noseeds_text
318;0;orchestrator_laya_laya_v5_reasoning_pure;;;;;;;[[]];[[]];;;"{""error"": ""RuntimeError: no strategy was selected (loop trace: [], errors: [\""iteration 1: q3/build: ValueError: question 'type': definition must be a dict, got str\""])""}";;0;error;;;laya_multilingual_laya_v5_reasoning_pure_noseeds_text
319;0;orchestrator_laya_laya_v5_reasoning_pure;;;;;;;[[]];[[]];;;"{""error"": ""RuntimeError: no strategy was selected (loop trace: [], errors: [\""iteration 1: q3/build: ValueError: question 'type': definition must be a dict, got str\""])""}";;0;error;;;laya_multilingual_laya_v5_reasoning_pure_noseeds_text
320;0;orchestrator_laya_laya_v5_reasoning_pure;;;;;;;[[]];[[]];;;"{""error"": ""RuntimeError: no strategy was selected (loop trace: [], errors: [\""iteration 1: q3/build: ValueError: question 'type': definition must be a dict, got str\""])""}";;0;error;;;laya_multilingual_laya_v5_reasoning_pure_noseeds_text
321;0;orchestrator_laya_laya_v5_reasoning_pure;;;;;;;[[]];[[]];;;"{""error"": ""RuntimeError: no strategy was selected (loop trace: [], errors: [\""iteration 1: q3/build: ValueError: question 'type': definition must be a dict, got str\""])""}";;0;error;;;laya_multilingual_laya_v5_reasoning_pure_noseeds_text
322;0;orchestrator_laya_laya_v5_reasoning_pure;;;;;;;[[]];[[]];;;"{""error"": ""RuntimeError: no strategy was selected (loop trace: [], errors: [\""iteration 1: q3/build: ValueError: question 'type': definition must be a dict, got str\""])""}";;0;error;;;laya_multilingual_laya_v5_reasoning_pure_noseeds_text
323;0;orchestrator_laya_laya_v5_reasoning_pure;;;;;;;[[]];[[]];;;"{""error"": ""RuntimeError: no strategy was selected (loop trace: [], errors: [\""iteration 1: q3/build: ValueError: question 'type': definition must be a dict, got str\""])""}";;0;error;;;laya_multilingual_laya_v5_reasoning_pure_noseeds_text
324;0;orchestrator_laya_laya_v5_reasoning_pure;;;;;;;[[]];[[]];;;"{""error"": ""RuntimeError: no strategy was selected (loop trace: [], errors: [\""iteration 1: q3/build: ValueError: question 'type': definition must be a dict, got str\""])""}";;0;error;;;laya_multilingual_laya_v5_reasoning_pure_noseeds_text
325;0;orchestrator_laya_laya_v5_reasoning_pure;;;;;;;[[]];[[]];;;"{""error"": ""RuntimeError: no strategy was selected (loop trace: [], errors: [\""iteration 1: q3/build: ValueError: question 'type': definition must be a dict, got str\""])""}";;0;error;;;laya_multilingual_laya_v5_reasoning_pure_noseeds_text
326;0;orchestrator_laya_laya_v5_reasoning_pure;;;;;;;[[]];[[]];;;"{""error"": ""RuntimeError: no strategy was selected (loop trace: [], errors: [\""iteration 1: q3/build: ValueError: question 'type': definition must be a dict, got str\""])""}";;0;error;;;laya_multilingual_laya_v5_reasoning_pure_noseeds_text
327;0;orchestrator_laya_laya_v5_reasoning_pure;;;;;;;[[]];[[]];;;"{""error"": ""RuntimeError: no strategy was selected (loop trace: [], errors: [\""iteration 1: q3/build: ValueError: question 'type': definition must be a dict, got str\""])""}";;0;error;;;laya_multilingual_laya_v5_reasoning_pure_noseeds_text
328;0;orchestrator_laya_laya_v5_reasoning_pure;;;;;;;[[]];[[]];;;"{""error"": ""RuntimeError: no strategy was selected (loop trace: [], errors: [\""iteration 1: q3/build: ValueError: question 'type': definition must be a dict, got str\""])""}";;0;error;;;laya_multilingual_laya_v5_reasoning_pure_noseeds_text
329;0;orchestrator_laya_laya_v5_reasoning_pure;;;;;;;[[]];[[]];;;"{""error"": ""RuntimeError: no strategy was selected (loop trace: [], errors: [\""iteration 1: q3/build: ValueError: question 'type': definition must be a dict, got str\""])""}";;0;error;;;laya_multilingual_laya_v5_reasoning_pure_noseeds_text
330;0;orchestrator_laya_laya_v5_reasoning_pure;;;;;;;[[]];[[]];;;"{""error"": ""RuntimeError: no strategy was selected (loop trace: [], errors: [\""iteration 1: q3/build: ValueError: question 'type': definition must be a dict, got str\""])""}";;0;error;;;laya_multilingual_laya_v5_reasoning_pure_noseeds_text
331;0;orchestrator_laya_laya_v5_reasoning_pure;;;;;;;[[]];[[]];;;"{""error"": ""RuntimeError: no strategy was selected (loop trace: [], errors: [\""iteration 1: q3/build: ValueError: question 'type': definition must be a dict, got str\""])""}";;0;error;;;laya_multilingual_laya_v5_reasoning_pure_noseeds_text
332;0;orchestrator_laya_laya_v5_reasoning_pure;;;;;;;[[]];[[]];;;"{""error"": ""RuntimeError: no strategy was selected (loop trace: [], errors: [\""iteration 1: q3/build: ValueError: question 'type': definition must be a dict, got str\""])""}";;0;error;;;laya_multilingual_laya_v5_reasoning_pure_noseeds_text
333;0;orchestrator_laya_laya_v5_reasoning_pure;;;;;;;[[]];[[]];;;"{""error"": ""RuntimeError: no strategy was selected (loop trace: [], errors: [\""iteration 1: q3/build: ValueError: question 'type': definition must be a dict, got str\""])""}";;0;error;;;laya_multilingual_laya_v5_reasoning_pure_noseeds_text
334;0;orchestrator_laya_laya_v5_reasoning_pure;;;;;;;[[]];[[]];;;"{""error"": ""RuntimeError: no strategy was selected (loop trace: [], errors: [\""iteration 1: q3/build: ValueError: question 'type': definition must be a dict, got str\""])""}";;0;error;;;laya_multilingual_laya_v5_reasoning_pure_noseeds_text
335;0;orchestrator_laya_laya_v5_reasoning_pure;;;;;;;[[]];[[]];;;"{""error"": ""RuntimeError: no strategy was selected (loop trace: [], errors: [\""iteration 1: q3/build: ValueError: question 'type': definition must be a dict, got str\""])""}";;0;error;;;laya_multilingual_laya_v5_reasoning_pure_noseeds_text
336;0;orchestrator_laya_laya_v5_reasoning_pure;;;;;;;[[]];[[]];;;"{""error"": ""RuntimeError: no strategy was selected (loop trace: [], errors: [\""iteration 1: q3/build: ValueError: question 'type': definition must be a dict, got str\""])""}";;0;error;;;laya_multilingual_laya_v5_reasoning_pure_noseeds_text
337;0;orchestrator_laya_laya_v5_reasoning_pure;;;;;;;[[]];[[]];;;"{""error"": ""RuntimeError: no strategy was selected (loop trace: [], errors: [\""iteration 1: q3/build: ValueError: question 'type': definition must be a dict, got str\""])""}";;0;error;;;laya_multilingual_laya_v5_reasoning_pure_noseeds_text
338;0;orchestrator_laya_laya_v5_reasoning_pure;;;;;;;[[]];[[]];;;"{""error"": ""RuntimeError: no strategy was selected (loop trace: [], errors: [\""iteration 1: q3/build: ValueError: question 'type': definition must be a dict, got str\""])""}";;0;error;;;laya_multilingual_laya_v5_reasoning_pure_noseeds_text
339;0;orchestrator_laya_laya_v5_reasoning_pure;;;;;;;[[]];[[]];;;"{""error"": ""RuntimeError: no strategy was selected (loop trace: [], errors: [\""iteration 1: q3/build: ValueError: question 'type': definition must be a dict, got str\""])""}";;0;error;;;laya_multilingual_laya_v5_reasoning_pure_noseeds_text
340;0;orchestrator_laya_laya_v5_reasoning_pure;;;;;;;[[]];[[]];;;"{""error"": ""RuntimeError: no strategy was selected (loop trace: [], errors: [\""iteration 1: q3/build: ValueError: question 'type': definition must be a dict, got str\""])""}";;0;error;;;laya_multilingual_laya_v5_reasoning_pure_noseeds_text
341;0;orchestrator_laya_laya_v5_reasoning_pure;;;;;;;[[]];[[]];;;"{""error"": ""RuntimeError: no strategy was selected (loop trace: [], errors: [\""iteration 1: q3/build: ValueError: question 'type': definition must be a dict, got str\""])""}";;0;error;;;laya_multilingual_laya_v5_reasoning_pure_noseeds_text
342;0;orchestrator_laya_laya_v5_reasoning_pure;;;;;;;[[]];[[]];;;"{""error"": ""RuntimeError: no strategy was selected (loop trace: [], errors: [\""iteration 1: q3/build: ValueError: question 'type': definition must be a dict, got str\""])""}";;0;error;;;laya_multilingual_laya_v5_reasoning_pure_noseeds_text
343;0;orchestrator_laya_laya_v5_reasoning_pure;;;;;;;[[]];[[]];;;"{""error"": ""RuntimeError: no strategy was selected (loop trace: [], errors: [\""iteration 1: q3/build: ValueError: question 'type': definition must be a dict, got str\""])""}";;0;error;;;laya_multilingual_laya_v5_reasoning_pure_noseeds_text
344;0;orchestrator_laya_laya_v5_reasoning_pure;;;;;;;[[]];[[]];;;"{""error"": ""RuntimeError: no strategy was selected (loop trace: [], errors: [\""iteration 1: q3/build: ValueError: question 'type': definition must be a dict, got str\""])""}";;0;error;;;laya_multilingual_laya_v5_reasoning_pure_noseeds_text
345;0;orchestrator_laya_laya_v5_reasoning_pure;;;;;;;[[]];[[]];;;"{""error"": ""RuntimeError: no strategy was selected (loop trace: [], errors: [\""iteration 1: q3/build: ValueError: question 'type': definition must be a dict, got str\""])""}";;0;error;;;laya_multilingual_laya_v5_reasoning_pure_noseeds_text
346;0;orchestrator_laya_laya_v5_reasoning_pure;;;;;;;[[]];[[]];;;"{""error"": ""RuntimeError: no strategy was selected (loop trace: [], errors: [\""iteration 1: q3/build: ValueError: question 'type': definition must be a dict, got str\""])""}";;0;error;;;laya_multilingual_laya_v5_reasoning_pure_noseeds_text
347;0;orchestrator_laya_laya_v5_reasoning_pure;;;;;;;[[]];[[]];;;"{""error"": ""RuntimeError: no strategy was selected (loop trace: [], errors: [\""iteration 1: q3/build: ValueError: question 'type': definition must be a dict, got str\""])""}";;0;error;;;laya_multilingual_laya_v5_reasoning_pure_noseeds_text
348;0;orchestrator_laya_laya_v5_reasoning_pure;;;;;;;[[]];[[]];;;"{""error"": ""RuntimeError: no strategy was selected (loop trace: [], errors: [\""iteration 1: q3/build: ValueError: question 'type': definition must be a dict, got str\""])""}";;0;error;;;laya_multilingual_laya_v5_reasoning_pure_noseeds_text
349;0;orchestrator_laya_laya_v5_reasoning_pure;;;;;;;[[]];[[]];;;"{""error"": ""RuntimeError: no strategy was selected (loop trace: [], errors: [\""iteration 1: q3/build: ValueError: question 'type': definition must be a dict, got str\""])""}";;0;error;;;laya_multilingual_laya_v5_reasoning_pure_noseeds_text
350;0;orchestrator_laya_laya_v5_reasoning_pure;;;;;;;[[]];[[]];;;"{""error"": ""RuntimeError: no strategy was selected (loop trace: [], errors: [\""iteration 1: q3/build: ValueError: question 'type': definition must be a dict, got str\""])""}";;0;error;;;laya_multilingual_laya_v5_reasoning_pure_noseeds_text
351;0;orchestrator_laya_laya_v5_reasoning_pure;;;;;;;[[]];[[]];;;"{""error"": ""RuntimeError: no strategy was selected (loop trace: [], errors: [\""iteration 1: q3/build: ValueError: question 'type': definition must be a dict, got str\""])""}";;0;error;;;laya_multilingual_laya_v5_reasoning_pure_noseeds_text
352;0;orchestrator_laya_laya_v5_reasoning_pure;;;;;;;[[]];[[]];;;"{""error"": ""RuntimeError: no strategy was selected (loop trace: [], errors: [\""iteration 1: q3/build: ValueError: question 'type': definition must be a dict, got str\""])""}";;0;error;;;laya_multilingual_laya_v5_reasoning_pure_noseeds_text
353;0;orchestrator_laya_laya_v5_reasoning_pure;;;;;;;[[]];[[]];;;"{""error"": ""RuntimeError: no strategy was selected (loop trace: [], errors: [\""iteration 1: q3/build: ValueError: question 'type': definition must be a dict, got str\""])""}";;0;error;;;laya_multilingual_laya_v5_reasoning_pure_noseeds_text
354;0;orchestrator_laya_laya_v5_reasoning_pure;;;;;;;[[]];[[]];;;"{""error"": ""RuntimeError: no strategy was selected (loop trace: [], errors: [\""iteration 1: q3/build: ValueError: question 'type': definition must be a dict, got str\""])""}";;0;error;;;laya_multilingual_laya_v5_reasoning_pure_noseeds_text
355;0;orchestrator_laya_laya_v5_reasoning_pure;;;;;;;[[]];[[]];;;"{""error"": ""RuntimeError: no strategy was selected (loop trace: [], errors: [\""iteration 1: q3/build: ValueError: question 'type': definition must be a dict, got str\""])""}";;0;error;;;laya_multilingual_laya_v5_reasoning_pure_noseeds_text
356;0;orchestrator_laya_laya_v5_reasoning_pure;;;;;;;[[]];[[]];;;"{""error"": ""RuntimeError: no strategy was selected (loop trace: [], errors: [\""iteration 1: q3/build: ValueError: question 'type': definition must be a dict, got str\""])""}";;0;error;;;laya_multilingual_laya_v5_reasoning_pure_noseeds_text
357;0;orchestrator_laya_laya_v5_reasoning_pure;;;;;;;[[]];[[]];;;"{""error"": ""RuntimeError: no strategy was selected (loop trace: [], errors: [\""iteration 1: q3/build: ValueError: question 'type': definition must be a dict, got str\""])""}";;0;error;;;laya_multilingual_laya_v5_reasoning_pure_noseeds_text
358;0;orchestrator_laya_laya_v5_reasoning_pure;;;;;;;[[]];[[]];;;"{""error"": ""RuntimeError: no strategy was selected (loop trace: [], errors: [\""iteration 1: q3/build: ValueError: question 'type': definition must be a dict, got str\""])""}";;0;error;;;laya_multilingual_laya_v5_reasoning_pure_noseeds_text
