DATA;MCPM;UF;PRODUCT;MODEL;PARAMS;WINDOW;HORIZON;RMSE;MAPE;POCID;PBE;P1;P2;P3;P4;P5;P6;P7;P8;P9;P10;P11;P12
combination;81224.71852695261;MS;etanolhidratado;combination-mean;ARIMA-SARIMA-VARMA;12;12;11032.65332788362;0.3351244205661494;83.33333333333333;42.404956664409625;11408.49399819818;11046.722798504212;10865.301517563023;10727.282888878788;10950.866746706019;11001.019052911086;11430.744457410492;11854.661766367668;11468.089346061186;12984.01694503428;11235.144291328312;11114.048193489392
