DATA;MCPM;UF;PRODUCT;MODEL;PARAMS;WINDOW;HORIZON;RMSE;MAPE;POCID;PBE;P1;P2;P3;P4;P5;P6;P7;P8;P9;P10;P11;P12
combination;107345.48008227521;MT;etanolhidratado;combination-mean;ARIMA-SARIMA-VARMA;12;12;14750.227428798835;0.13995112719643762;83.33333333333333;14.904577949637282;69975.41890633349;67834.78979537226;68457.98958526144;67895.90604959916;70549.14861909141;71464.46949038602;71308.65628468746;72401.41288707554;70124.82663708886;73637.98228290647;68673.02797239237;68168.38726341649
