DATA;MCPM;UF;PRODUCT;MODEL;PARAMS;WINDOW;HORIZON;RMSE;MAPE;POCID;PBE;P1;P2;P3;P4;P5;P6;P7;P8;P9;P10;P11;P12
combination;490.3596146216553;AP;etanolhidratado;combination-mean;ARIMA-SARIMA-VARMA;12;12;26.590704827717815;0.3588035545715054;58.333333333333336;43.168948382582954;23.767442051743444;21.503484304483436;21.841615150962095;25.700971421433167;29.997346797141898;33.78667353954796;31.63371052341006;27.750267256469446;20.559569174493333;28.541993018260246;22.040764899274382;22.183706774702134
