DATA;MCPM;UF;PRODUCT;MODEL;PARAMS;WINDOW;HORIZON;RMSE;MAPE;POCID;PBE;P1;P2;P3;P4;P5;P6;P7;P8;P9;P10;P11;P12
combination;3048288.262903074;SP;etanolhidratado;combination-mean;ARIMA-SARIMA-VARMA;12;12;140311.8232297969;0.17190596825831161;50.0;11.095930591302814;622611.035340701;688537.6473161121;701458.5419021591;680423.3907692543;690204.9757529539;571088.5788487447;618502.4999778228;620628.1778319504;582121.9616267941;652796.7199088276;574023.4500393244;618873.9940034862
