DATA;MCPM;UF;PRODUCT;MODEL;PARAMS;WINDOW;HORIZON;RMSE;MAPE;POCID;PBE;P1;P2;P3;P4;P5;P6;P7;P8;P9;P10;P11;P12
combination;107694.18454370367;DF;etanolhidratado;combination-mean;ARIMA-SARIMA-VARMA;12;12;14425.082899457857;0.57410062289187;83.33333333333333;63.42644901880905;7386.320661984695;6746.241453580533;7103.391172907953;7491.561330027337;6633.908712335747;7300.2989222811675;7673.986809179136;7839.5742078406;7627.291197066245;7696.14520999194;5763.499228434211;6459.491634452451
