DATA;MCPM;UF;PRODUCT;MODEL;PARAMS;WINDOW;HORIZON;RMSE;MAPE;POCID;PBE;MASE;P1;P2;P3;P4;P5;P6;P7;P8;P9;P10;P11;P12
arima_nn_rf;2474.416590863705;RR;gasolinadeaviacao;ARIMA;arima_nn_rf;12;12;83.52532370128357;0.972524736592146;33.333333333333336;-58.27297720453496;0.5820593273572571;188.3479726714147;109.82732689253424;27.86467222952919;112.83126683085624;137.0312335380184;164.40243595739483;95.84346779144438;132.40001152330257;256.0766284471602;200.3661894436084;149.56297468493946;142.96085942252893
