DATA;MCPM;UF;PRODUCT;MODEL;PARAMS;WINDOW;HORIZON;RMSE;MAPE;POCID;PBE;MASE;P1;P2;P3;P4;P5;P6;P7;P8;P9;P10;P11;P12
arima_nn_rf;512.6526808796727;MA;gasolinadeaviacao;ARIMA;arima_nn_rf;12;12;27.667522847026483;0.44865601639533387;58.333333333333336;13.229116691579069;0.8781471285675364;2.8181747285873566;37.990133781815814;46.07168052294987;52.74051474380499;79.92696753030339;85.5401567202758;81.38665376032951;47.26992790815011;44.91170166878116;53.716015777383234;65.42724502753217;45.62514944752261
