DATA;MCPM;UF;PRODUCT;MODEL;PARAMS;WINDOW;HORIZON;RMSE;MAPE;POCID;PBE;MASE;P1;P2;P3;P4;P5;P6;P7;P8;P9;P10;P11;P12
arima_nn_rf;294.26981045104435;AL;gasolinadeaviacao;ARIMA;arima_nn_rf;12;12;12.892492581294045;0.5559071776852873;50.0;40.79794157617947;1.1679464347016322;24.659283472877622;-2.1719899250896972;12.13211098962888;8.45978985281183;1.9770924466141593;31.29118251750676;4.816446863878529;18.605247476615897;-3.749987467711364;18.017024746067392;19.33127326107783;3.4982125122474277
