DATA;MCPM;UF;PRODUCT;MODEL;PARAMS;WINDOW;HORIZON;RMSE;MAPE;POCID;PBE;P1;P2;P3;P4;P5;P6;P7;P8;P9;P10;P11;P12
combination;37720.646364640976;PA;querosenedeaviacao;combination-median;ARIMA-SARIMA-VARMA-RF;12;12;2579.6283123738513;0.43035109983887704;66.66666666666667;-42.86846016356136;6903.2452183004625;6563.580694017937;7508.512680988779;7760.455454326842;8607.091810763759;8651.828081856793;8758.70287278886;9156.858797519682;8838.488957898284;9788.522270308484;8622.481483114938;7572.591320522024
