DATA;MCPM;UF;PRODUCT;MODEL;PARAMS;WINDOW;HORIZON;RMSE;MAPE;POCID;PBE;P1;P2;P3;P4;P5;P6;P7;P8;P9;P10;P11;P12
combination;34629.372345827076;DF;querosenedeaviacao;combination-median;ARIMA-SARIMA-VARMA-RF;12;12;3189.2630350086233;0.07514441260030404;75.0;7.952070567980334;27918.545853671694;26138.340500435923;27081.48920458893;26850.838182616102;27651.970819271664;27831.84996897686;27280.726987854898;28273.56436349907;26775.711002279684;28461.001108415654;28226.139332018603;26052.733358244237
