DATA;MCPM;UF;PRODUCT;MODEL;PARAMS;WINDOW;HORIZON;RMSE;MAPE;POCID;PBE;P1;P2;P3;P4;P5;P6;P7;P8;P9;P10;P11;P12
combination;30029.379495312995;PR;querosenedeaviacao;combination-median;ARIMA-SARIMA-VARMA-RF;12;12;2063.010497901079;0.27803871458418894;66.66666666666667;-25.49825014320996;8144.930557882083;8572.800093787373;8758.783805175817;8631.396723473546;9437.519749500767;9657.64652492098;9531.607884305642;10175.552877660113;10207.684651173531;10074.778123688606;9998.625326997055;9573.984313539499
