DATA;MCPM;UF;PRODUCT;MODEL;PARAMS;WINDOW;HORIZON;RMSE;MAPE;POCID;PBE;P1;P2;P3;P4;P5;P6;P7;P8;P9;P10;P11;P12
combination;595627.5384115387;SP;querosenedeaviacao;combination-median;ARIMA-SARIMA-VARMA-RF;12;12;41119.57415872075;0.11883502030105848;66.66666666666667;10.743860189783874;308548.0665974071;289615.58196312864;294493.5699655106;286629.1657289623;299940.7370199315;279615.49910332635;275476.59452195547;264445.7202656985;267513.60885375785;282434.5084029548;296295.12343061995;256231.27284930705
