DATA;MCPM;UF;PRODUCT;MODEL;PARAMS;WINDOW;HORIZON;RMSE;MAPE;POCID;PBE;P1;P2;P3;P4;P5;P6;P7;P8;P9;P10;P11;P12
combination;20701.743368280222;AM;querosenedeaviacao;combination-median;ARIMA-SARIMA-VARMA-RF;12;12;2801.1968206161287;0.398179242398637;83.33333333333333;-40.26469530321221;7534.611522780047;7109.183460378737;8090.443009419814;8245.602060676645;9258.70713615375;9836.790343944851;9966.395883499903;10860.405368371878;10549.107575878974;11080.73169762861;10112.579648851512;9275.553167275842
