DATA;MCPM;UF;PRODUCT;MODEL;PARAMS;WINDOW;HORIZON;RMSE;MAPE;POCID;PBE;MASE;P1;P2;P3;P4;P5;P6;P7;P8;P9;P10;P11;P12
normal;8808.464635766706;AL;etanolhidratado;rf;{'n_estimators': 100};12;12;742.7837383180632;0.10978337361093388;72.72727272727273;3.8381840798221227;0.34698291206453685;5297.166193467108;4726.616369450786;4320.751209953882;3887.146678026047;3965.218214915918;4355.993029822007;4876.525007685375;5623.450545856545;6377.471161444058;7413.270476036424;8379.96190400881;7412.070153885723
log;25663.28181286009;AL;etanolhidratado;rf;{'n_estimators': 50};12;12;1298.1461320383942;0.19363512593629925;54.54545454545455;5.41655621392538;0.5961681919790635;5181.588754398007;3458.3820565679707;3144.3962216672285;3503.9889400712636;3778.449317524485;4564.233649503757;5617.769093071502;6850.1839330770335;7971.724573398555;8087.154578416082;6983.898619902032;6400.133138485921
deseasonal;40891.01785180751;AL;etanolhidratado;rf;{'n_estimators': 200};12;12;2063.9621199900653;0.29264045708906544;54.54545454545455;14.772425291393384;0.9373606536188563;5860.843860686398;5874.703698693171;6282.730810565512;5994.133355144712;5805.746054676241;5770.378364745867;5087.242813013398;3284.3512051321422;2775.5476573716332;3690.042773168081;3959.214363398489;4673.78822279962
