DATA;MCPM;UF;PRODUCT;MODEL;PARAMS;WINDOW;HORIZON;RMSE;MAPE;POCID;PBE;MASE;P1;P2;P3;P4;P5;P6;P7;P8;P9;P10;P11;P12
normal;140887.95400742776;PB;etanolhidratado;rf;{'n_estimators': 100};12;12;5926.159386166826;0.35476341272209116;45.45454545454545;27.61090456902101;1.0069671478112077;10268.931648233473;10514.261840529904;10469.821151849761;10912.391230119647;11090.136230778964;10312.60254283968;8966.07688043526;5250.05468350677;4285.772902775357;5403.832792827529;7349.59112384986;9098.67287066248
log;35215.225865218315;PB;etanolhidratado;rf;{'n_estimators': 150};12;12;2957.9163147643158;0.21962950221202218;72.72727272727273;21.258031653818247;0.5455987533847981;9496.723901642905;9112.810322811165;7871.556848039387;5027.555405411845;5071.193165460056;5722.794604908653;8486.494287586607;9237.785536254285;11415.449816836897;12939.965811220947;14611.653438856858;14048.37875375128
deseasonal;42918.779998207625;PB;etanolhidratado;rf;{'n_estimators': 200};12;12;3605.6741797864543;0.2147315172362161;72.72727272727273;21.012276386676742;0.5766379952141849;7287.864838788064;5489.502805142242;5673.8623357314045;7058.196539586404;8613.555654889014;11345.530070170626;12275.64970436655;12398.1816496558;11883.610802717125;12451.309737846921;10691.1104083147;8226.794830941615
