DATA;MCPM;UF;PRODUCT;MODEL;PARAMS;WINDOW;HORIZON;RMSE;MAPE;POCID;PBE;MASE;P1;P2;P3;P4;P5;P6;P7;P8;P9;P10;P11;P12
normal;311656.06567810045;MT;etanolhidratado;rf;{'n_estimators': 150};12;12;13159.930468731814;0.1456330514311397;45.45454545454545;14.8496685234633;1.1272125822039938;67960.84552628802;63353.378434583894;63835.87581381185;62654.921932128986;64664.33602939608;64542.2691835697;68174.27548139202;70741.46577535721;74666.29060653021;79805.67994807714;80140.72493231515;80494.29543695717
log;323236.12539564684;MT;etanolhidratado;rf;{'n_estimators': 150};12;12;13650.12750599499;0.14078749807456914;45.45454545454545;14.572874416367759;1.1062016216088109;69573.96608077703;68219.89397536464;64659.522955157474;63865.194470036724;64429.60805207338;65043.31901480167;68121.30086252594;69014.59305695925;72192.92020728026;76392.6104123445;80417.61529218449;81837.72485873889
deseasonal;144909.81226615625;MT;etanolhidratado;rf;{'n_estimators': 50};12;12;12210.194344259307;0.1347971906858203;72.72727272727273;13.838276642994488;1.0504395787256968;69790.89104670231;65183.51317855353;63141.08344052111;63031.50888371377;65891.01387494928;70540.19641354686;73300.41596999961;77804.19922972235;76919.26302273138;80702.3550020638;74277.71413664319;70441.77637138228
