DATA;MCPM;UF;PRODUCT;MODEL;PARAMS;WINDOW;HORIZON;RMSE;MAPE;POCID;PBE;MASE;P1;P2;P3;P4;P5;P6;P7;P8;P9;P10;P11;P12
normal;6889.6268173886065;AC;etanolhidratado;rf;{'n_estimators': 200};12;12;432.313374520104;0.4063037869018548;63.63636363636363;43.59213872491553;0.9947901592145258;431.9379099465738;425.817132939768;440.86378710585916;457.34780235432123;491.8229466537882;507.53119619405214;510.6212832751445;538.6365698348072;569.4622492692396;569.0586046200139;561.887913092918;530.2628546689164
log;5212.428364786733;AC;etanolhidratado;rf;{'n_estimators': 50};12;12;434.42767054701807;0.4105699291253701;72.72727272727273;43.94960806093191;1.002947753406774;452.6928497437642;416.2317598409313;429.69692021618533;447.87855982126285;463.4248898393953;516.1019429588476;516.1552945976447;533.5027264003912;560.125588498471;561.6097531542233;553.3240728313086;546.2591503617228
deseasonal;9113.769241314889;AC;etanolhidratado;rf;{'n_estimators': 200};12;12;458.41788916282775;0.41711295290878647;54.54545454545455;45.371331608964766;1.0353920572669622;475.45567693810136;429.1897769494082;451.11948707980366;445.96450593672574;511.4300509742951;491.385247300034;490.5422866518753;500.7434280723128;543.7176614450697;539.5615450450704;516.2016289185257;449.57764585759935
