DATA;MCPM;UF;PRODUCT;MODEL;PARAMS;WINDOW;HORIZON;RMSE;MAPE;POCID;PBE;P1;P2;P3;P4;P5;P6;P7;P8;P9;P10;P11;P12
combination;8.949163777346971e+17;AM;gasolinadeaviacao;combination-median;ARIMA-SARIMA-VARMA-RF;12;12;15.239451088208702;3.1679004220237292e+16;50.0;-10.416318954012807;15.406132592532924;11.435823793286087;13.31765545008734;16.22509282889394;13.031501280024564;9.759241181076629;20.305744461225768;21.314309858109134;12.773920603254744;11.06095727637901;8.263109438818379;10.753433394864327
