DATA;MCPM;UF;PRODUCT;MODEL;PARAMS;WINDOW;HORIZON;RMSE;MAPE;POCID;PBE;P1;P2;P3;P4;P5;P6;P7;P8;P9;P10;P11;P12
combination;1.7547078427483794e+18;AP;gasolinadeaviacao;combination-median;ARIMA-SARIMA-VARMA-RF;12;12;30.943567742674983;4.151536164174885e+16;33.333333333333336;-43.17923993840899;54.77869168857619;52.88588862768218;54.623229571482;57.73325626106089;38.04816353726213;57.091611300900944;54.944822306785554;57.572687158785186;50.85257560078668;47.5388522490738;51.929480367673065;34.49003035365861
