dataset_index;horizon;regressor;mape;pocid;smape;rmse;msmape;mae;test;predictions;start_test;final_test
15;13;catboost_normal;0.25308874080318483;50.0;0.21849026301179192;1287.726091420809;0.21848805043193534;1110.4974504959418;[4231.0, 4311.68, 3848.09, 4149.38, 3633.49, 3553.49, 3743.59, 4626.91, 4235.48, 4288.81, 5601.72, 5737.57, 5232.13];"[4832.46827565 4633.66407833 4939.01649545 4687.35637603 4575.66375173
 4550.82778733 4716.21550827 5204.97056965 5887.3065167  6347.60019453
 6344.15229123 6944.44742695 7966.11758461]";2016-10-16 12:00:00;2017-01-08 12:00:00
60;13;catboost_normal;0.029617055302381956;33.333333333333336;0.029717042685124626;347.91259632841485;0.029716903228861516;316.7711880683147;[10128.3, 10802.8, 10802.8, 10971.1, 10971.1, 10436.8, 10436.8, 11025.5, 11025.5, 10135.8, 10135.8, 10934.7, 10934.7];"[10244.81781359 10645.91285009 10636.54133908 10426.46629778
 10341.69928751 10790.12576945 10724.2893929  10752.09008696
 10648.14013423 10539.800947   10461.72864907 11129.65677499
 11222.55609354]";2016-10-16 12:00:00;2017-01-08 12:00:00
0;13;catboost_normal;0.058562653403247664;25.0;0.055721043446245004;2698.762539914874;0.05572096800029263;2057.8663000993397;[35397.16, 35808.59, 35808.59, 36246.14, 36246.14, 36403.7, 36403.7, 36150.2, 36150.2, 35790.55, 35790.55, 34066.95, 34066.95];"[36274.02700505 36467.65854134 36638.37929316 36933.96882026
 37144.40113603 37184.29673969 37274.62612649 37713.71628159
 38083.17316476 38771.80482458 39212.55921187 39476.37199709
 39906.69875938]";2016-10-16 12:00:00;2017-01-08 12:00:00
30;13;catboost_normal;0.3210620887145864;50.0;0.4108954320445472;653.2707780790673;0.4108787201763346;518.8698173737359;[708.0, 829.0, 796.0, 1026.0, 1483.0, 1412.0, 1665.0, 1696.0, 2150.0, 1948.0, 1778.0, 1156.0, 1053.0];"[823.44301937 816.76194914 806.71264747 830.18901888 793.06030557
 850.76867682 862.56008027 938.06720732 962.39587153 870.09890618
 874.61837195 888.221937   890.10571632]";2016-10-30 12:00:00;2017-01-22 12:00:00
75;13;catboost_normal;0.34498383194496696;8.333333333333334;0.26143076891480777;120.34832060726794;0.2613930514219425;91.28524438964436;[440.0, 440.0, 440.0, 440.0, 440.0, 440.0, 440.0, 440.0, 240.0, 240.0, 240.0, 240.0, 240.0];"[407.20715823 422.12556035 453.29527182 377.25617259 387.24862835
 417.90916561 416.79526719 421.96435243 417.49385312 423.13608991
 423.07948728 439.58763331 440.62214637]";2014-08-17 12:00:00;2014-11-09 12:00:00
15;13;catboost_normal;0.16789460961040922;58.333333333333336;0.19368414783420995;973.8058916429363;0.1936814483834331;708.903697235819;[2994.76, 3283.16, 3090.26, 3112.54, 3210.71, 3236.93, 3358.6, 4225.3, 3197.79, 3166.0, 4293.94, 5148.1, 5365.88];"[3012.34681392 2905.92245695 2815.17864653 2837.2532268  2806.51767472
 2972.60692397 2902.0081507  2874.42280677 2873.04368664 2963.19047653
 3031.70422277 3209.97103046 3299.22944699]";2016-07-17 12:00:00;2016-10-09 12:00:00
45;13;catboost_normal;0.05316534210352594;58.333333333333336;0.051469086198826605;184.9442196157636;0.0514682854456652;165.474068778892;[3156.835, 3088.77, 3129.65, 3163.045, 3114.31, 3110.356, 3123.937, 3136.711, 3158.378, 3095.771, 3042.689, 3026.794, 3062.599];"[3314.23153935 3333.47321796 3410.05095562 3446.68704937 3386.51158426
 3329.0460324  3277.1611847  3214.01825821 3210.95155044 3148.80530378
 3133.30700035 3163.71039452 3193.05382318]";2018-06-24 12:00:00;2018-09-16 12:00:00
30;13;catboost_normal;0.20212747258759023;25.0;0.17585876158352914;159.35771460244143;0.1758467560273052;130.17322932851786;[671.0, 658.0, 667.0, 693.0, 813.0, 718.0, 581.0, 661.0, 602.0, 533.0, 670.0, 701.0, 1144.0];"[ 755.57761987  719.8645949   703.48508155  632.51047739  725.10379861
  763.83862145  802.32677951  718.1824604   772.17488151  908.4976971
  863.92622476  863.86291908 1009.87062285]";2016-07-31 12:00:00;2016-10-23 12:00:00
15;13;catboost_normal;0.07870432473963403;66.66666666666667;0.08090458074750208;326.679353955023;0.08090325810877054;249.94953554233751;[2585.36, 2685.13, 2671.13, 2767.95, 2695.89, 3128.71, 3117.23, 3026.74, 2850.35, 2713.69, 3350.7, 4037.27, 3383.76];"[2758.47021798 2881.21200499 2945.29825097 2949.57347819 2811.88616276
 2859.40023541 2917.36313114 2962.01218653 2923.15367206 2915.77919726
 2960.26787282 3117.32967051 3194.56592575]";2016-04-17 12:00:00;2016-07-10 12:00:00
0;13;catboost_normal;0.02547557437264795;33.333333333333336;0.024635721183255507;1537.9169882858955;0.02463568856996103;930.5875666853558;[37828.65, 37828.65, 37894.91, 37894.91, 38264.04, 38264.04, 38126.48, 38126.48, 38429.93, 38429.93, 36565.18, 36565.18, 35397.16];"[37372.0729966  37350.12617519 37533.15082097 37821.00114744
 38248.26030942 38312.7807902  38314.13364595 38296.79792006
 38804.5884989  39035.21418049 39389.77056643 39316.20891634
 39145.97529815]";2016-07-17 12:00:00;2016-10-09 12:00:00
30;13;catboost_normal;0.28346899664852454;25.0;0.2507925714840967;295.7501165696481;0.2507790984550128;235.54485626724028;[721.0, 660.0, 889.0, 892.0, 1382.0, 906.0, 798.0, 720.0, 753.0, 953.0, 863.0, 765.0, 665.0];"[ 736.51909498  777.56254566  855.44647147  809.20069095  772.25471012
  843.88347858 1032.12288645 1097.41324775 1175.81306277 1049.86118575
 1109.14903632 1115.19193486 1078.23548803]";2016-05-01 12:00:00;2016-07-24 12:00:00
75;13;catboost_normal;0.22345719301231853;16.666666666666668;0.1791481247294257;186.2453453159882;0.1791356422299568;130.14143605788934;[910.0, 910.0, 910.0, 910.0, 900.0, 900.0, 900.0, 900.0, 600.0, 600.0, 600.0, 600.0, 440.0];"[873.21299712 868.2695374  886.52574393 869.50498646 886.18484987
 876.80188041 880.37769082 895.66870315 887.53744604 880.84260021
 892.22075184 897.81405364 769.97020619]";2014-05-18 12:00:00;2014-08-10 12:00:00
15;13;catboost_normal;0.2047061274750154;50.0;0.18490681881802;629.8235178206966;0.18490398558074722;604.2116590357637;[3011.03, 3229.74, 3091.05, 2922.71, 2823.72, 2987.46, 2866.76, 2914.25, 2834.33, 2898.88, 3075.55, 3696.88, 2685.07];"[3603.99017571 3641.86981185 3600.04002757 3630.55738171 3616.78790714
 3674.30237687 3791.12344845 3627.32215601 3608.03395822 3483.7719559
 3342.17244531 3293.72599696 3172.17591969]";2016-01-17 12:00:00;2016-04-10 12:00:00
30;13;catboost_normal;0.48903149054312317;58.333333333333336;0.36975202939221685;458.8622480898772;0.36973381150073525;383.3294585113505;[998.0, 998.0, 922.0, 758.0, 844.0, 756.0, 1418.0, 761.0, 782.0, 684.0, 680.0, 654.0, 774.0];"[1138.66206413 1238.95788965 1164.27955345  909.94886806 1017.31825894
 1223.64391933 1032.69123387  960.11483219 1111.06843182 1162.79918116
 1157.04212442 1242.28992909 1882.84914228]";2016-01-31 12:00:00;2016-04-24 12:00:00
0;13;catboost_normal;0.027771918648348104;16.666666666666668;0.027296786599981863;1177.9583377080523;0.02729675136718438;1057.5105205149443;[38886.21, 38672.63, 38672.63, 38314.78, 38314.78, 38262.33, 38262.33, 38698.13, 38698.13, 38619.7, 38619.7, 37171.81, 37171.81];"[38979.08024964 39640.11253779 39491.2208838  39394.8044634
 39373.38817019 39642.91910598 39447.53601085 39385.38935068
 39363.22980493 39444.76596182 39492.12175595 39280.38817686
 39177.65029481]";2016-04-17 12:00:00;2016-07-10 12:00:00
60;13;catboost_normal;0.045904437279301234;50.0;0.04637047414323315;615.967529427926;0.04637025204396517;484.9678255849754;[9715.9, 9715.9, 10945.0, 10945.0, 9587.9, 9587.9, 10862.8, 10862.8, 10116.5, 10116.5, 11541.9, 11541.9, 10128.3];"[10288.64482557 10248.22166047 11089.0391057  10915.16564484
 10306.157514   10108.36163453 10324.17279064 10300.69393441
 10106.15094913 10092.77571177 10247.82119559 10469.772934
 10414.21015271]";2016-07-17 12:00:00;2016-10-09 12:00:00
45;13;catboost_normal;0.020457209052435945;41.666666666666664;0.020321438567927588;79.87268585419346;0.020321130772390658;67.09208864208404;[3210.03, 3214.315, 3258.23, 3224.44, 3193.985, 3248.395, 3406.785, 3380.375, 3337.28, 3332.88, 3376.695, 3366.075, 3265.32];"[3383.2617514  3331.23173996 3285.82563774 3259.35177091 3288.58071257
 3286.13744248 3305.92282636 3290.87058564 3321.37434333 3365.2838994
 3320.72460768 3320.09469161 3311.8962525 ]";2018-03-25 12:00:00;2018-06-17 12:00:00
75;13;catboost_normal;0.06088745740668152;25.0;0.057713869740492675;79.54055357540737;0.05771097577387945;57.609441552268464;[1060.0, 1060.0, 1060.0, 1060.0, 1050.0, 1050.0, 1050.0, 1050.0, 920.0, 920.0, 920.0, 920.0, 910.0];"[1056.14176366 1062.61490637 1074.41244071 1076.81249426 1075.40686868
 1074.12343152 1072.75864492  989.97336335  986.56908841 1066.37218765
 1073.23864451 1073.38160212  969.34755803]";2014-02-16 12:00:00;2014-05-11 12:00:00
16;13;catboost_normal;0.01975029121784789;66.66666666666667;0.02005591176866636;305.0028528826262;0.02005582965186272;244.92061012185331;[12027.16, 12027.2, 12027.24, 11985.62, 11985.74, 12432.86, 12432.99, 12418.26, 12418.32, 12418.37, 12418.43, 12418.49, 12323.22];"[12004.06176687 12015.56841135 12022.92308382 12001.12461023
 12026.13441332 12024.52786408 12032.56890392 12005.19267755
 12004.32765048 12023.68747207 12017.07916952 12040.38071564
 12044.15337667]";2016-10-16 12:00:00;2017-01-08 12:00:00
31;13;catboost_normal;0.31373415690644724;41.666666666666664;0.38882189691738844;2340.721011850166;0.3888182016683101;2053.998193915872;[5029.0, 3990.0, 5803.0, 3980.0, 6833.0, 5247.0, 6023.0, 7372.0, 6529.0, 7042.0, 6642.0, 6607.0, 7307.0];"[4193.74136762 4101.38567654 4210.00575116 4216.73260178 4168.77290041
 4092.73888001 4054.18847549 3973.90455391 3989.00237821 3914.89787177
 3879.89015559 3835.73241648 3767.26700675]";2016-11-06 12:00:00;2017-01-29 12:00:00
75;13;catboost_normal;0.1919386660074303;8.333333333333334;0.230118496897196;297.3232377350421;0.23010491006035366;208.00223707109416;[1100.0, 1100.0, 1100.0, 1100.0, 1090.0, 1090.0, 1090.0, 1090.0, 1070.0, 1070.0, 1080.0, 1080.0, 1080.0];"[1012.4017474  1024.40760195  962.43310481 1152.41387021 1121.66911433
  816.34405808 1204.65531214  787.16037387 1053.09930512 1464.24288787
  240.5778361  1238.55733031 1298.91459439]";2013-11-17 12:00:00;2014-02-09 12:00:00
45;13;catboost_normal;0.020255640069140563;58.333333333333336;0.020375525375507006;91.43951004841078;0.02037521745110427;67.4182031474915;[3306.04, 3252.785, 3225.63, 3435.895, 3435.855, 3248.385, 3251.89, 3266.445, 3291.79, 3265.93, 3342.63, 3207.015, 3345.415];"[3239.76630531 3234.41599272 3227.9824106  3245.13013599 3255.82429377
 3289.252495   3315.67417212 3328.91554106 3330.53513847 3331.7308278
 3345.42540719 3347.2375961  3341.45521964]";2017-12-24 12:00:00;2018-03-18 12:00:00
31;13;catboost_normal;0.14084137518727846;58.333333333333336;0.15256067900733933;648.5985541258232;0.15255853727781374;548.7221648279483;[3390.0, 4711.0, 3726.0, 3648.0, 3397.0, 2990.0, 3383.0, 3837.0, 3867.0, 3917.0, 4138.0, 3830.0, 4238.0];"[3359.03381564 3536.28136545 2921.28695868 2690.16503728 3147.67220633
 3176.40328753 3917.67532355 3491.84324146 2907.15232924 3471.55527607
 4546.88299085 4033.04332091 3405.62654993]";2016-08-07 12:00:00;2016-10-30 12:00:00
45;13;catboost_normal;0.053173837701493136;58.333333333333336;0.05102088993126464;220.68008555852265;0.05102015035544632;176.0183774524229;[3298.59, 3290.585, 3373.665, 3378.875, 3428.595, 3411.375, 3423.35, 3469.875, 3325.775, 3372.68, 3397.715, 3206.4, 3237.51];"[3404.00700085 3431.68298807 3454.26954251 3446.02435026 3442.908349
 3471.52997055 3519.54188719 3562.00892405 3586.659942   3625.95559902
 3651.55331172 3650.69449525 3656.39254642]";2017-09-24 12:00:00;2017-12-17 12:00:00
76;13;catboost_normal;0.2515500874804636;50.0;0.29303142522877496;1212.771232019222;0.2930276299841508;1137.4320968241248;[3977.66, 4541.82, 5291.64, 4690.9, 4198.24, 4610.46, 4725.98, 4681.88, 3926.7, 3826.87, 4457.07, 4650.71, 4440.09];"[3843.02050732 3895.15411041 3924.39247801 3655.71652054 3273.73341632
 3122.26176731 3054.68400646 3075.77495063 2953.4235243  2979.0146135
 2963.24527297 3231.20016766 3261.78140586]";2016-10-16 12:00:00;2017-01-08 12:00:00
16;13;catboost_normal;0.01459671769774426;66.66666666666667;0.014691021015184432;198.83836831373316;0.014690959623006938;175.7777377136401;[11959.01, 11971.33, 11971.51, 11906.2, 11906.34, 12073.29, 12073.43, 12092.39, 12092.31, 12092.23, 12092.16, 12092.08, 12027.12];"[12028.27267285 12026.74452272 12081.80900055 12067.05976861
 12090.20940875 11960.93714495 12042.31965933 11911.00071226
 11825.35599947 11872.4107283  11783.63881742 11770.02053712
 11763.92118434]";2016-07-17 12:00:00;2016-10-09 12:00:00
0;13;catboost_normal;0.057958917535954876;33.333333333333336;0.0565038368261772;2568.184453887145;0.05650376577898217;2249.7074017108393;[38543.04, 38543.04, 37987.61, 37987.61, 38806.29, 38806.29, 38814.11, 38814.11, 39440.61, 39440.61, 38559.34, 38559.34, 38886.21];"[36056.06482356 36165.80832682 37280.63734865 38813.14046377
 39276.58121828 39682.98509744 39945.54046261 41675.94639836
 42811.55326385 43207.79800245 42704.24460412 41943.42446996
 41728.32274044]";2016-01-17 12:00:00;2016-04-10 12:00:00
76;13;catboost_normal;0.10495003455398065;58.333333333333336;0.10923141957756101;435.3859201751807;0.1092298410818045;379.8310835771545;[3774.13, 3771.77, 3868.28, 3407.8, 3017.5, 3793.38, 3046.93, 3173.32, 2781.47, 2979.25, 3848.15, 4181.09, 3926.51];"[3166.16424937 3114.50363861 3666.68538285 3711.60977372 3376.50870496
 3290.58226379 3417.87767767 3242.60700287 2962.77860698 2937.56833736
 3113.40950304 3628.65873497 3571.54556972]";2016-07-17 12:00:00;2016-10-09 12:00:00
31;13;catboost_normal;0.14201445000228882;58.333333333333336;0.15009846418940592;933.1919267998024;0.15009662325811143;630.9217763256504;[3248.0, 3341.0, 5223.0, 3523.0, 3614.0, 4438.0, 3958.0, 4724.0, 3494.0, 3793.0, 6515.0, 3802.0, 2718.0];"[3708.80108743 3620.69827371 3641.21090554 3802.77684594 3422.89343693
 3630.79683838 4196.04710793 4117.79636095 3687.58707094 3849.35791604
 3985.42447596 3832.45477539 3665.38203261]";2016-05-08 12:00:00;2016-07-31 12:00:00
60;13;catboost_normal;0.03812470350993231;25.0;0.038925413494680476;535.8679664510502;0.03892521934274832;390.2835832003279;[8749.1, 10601.0, 10601.0, 9856.5, 9856.5, 10255.5, 10255.5, 10261.4, 10261.4, 9800.7, 9800.7, 9965.4, 9965.4];"[ 8771.68398018  9582.81830213  9367.00249829  9751.47264532
  9686.23170874  9773.11908136 10013.31189097 10127.1479538
 10295.93343532 10505.47289965 10261.83665966 10146.09857628
  9681.73488886]";2016-04-17 12:00:00;2016-07-10 12:00:00
16;13;catboost_normal;0.032724041030716515;41.666666666666664;0.03354864485849565;479.83675996621184;0.03354850098447319;391.1453105162061;[11567.34, 11564.58, 11564.62, 11646.75, 11646.93, 11931.28, 11929.46, 11979.51, 11979.72, 11979.94, 11980.15, 11999.97, 11958.83];"[11559.80124481 11550.86320154 11586.20935971 11544.99887316
 11542.13981008 11466.53033022 11431.89927391 11409.88718108
 11330.66478768 11328.16878718 11309.2696021  11333.51159636
 11293.42563488]";2016-04-17 12:00:00;2016-07-10 12:00:00
1;13;catboost_normal;0.04607086937863642;50.0;0.043675454314587796;246.3496884919658;0.04367486099960492;160.7643565925429;[3608.061, 3624.368, 3537.64, 3587.344, 3662.088, 3658.634, 3622.148, 3591.48, 3638.559, 3635.781, 3522.328, 3458.631, 3354.758];"[3588.83609953 3607.33012214 3562.10008485 3575.51782034 3655.11277486
 3682.3798038  3681.71484852 3735.23149399 3807.90832681 3850.53692415
 3874.30823247 3893.79222771 3966.85951027]";2016-10-16 12:00:00;2017-01-08 12:00:00
76;13;catboost_normal;0.11440921741589302;58.333333333333336;0.11818478655864982;445.60934214570295;0.11818301260001801;395.81247776318446;[2807.2, 3058.46, 3995.89, 3752.45, 3537.42, 3395.15, 3740.47, 3069.05, 2774.62, 2806.55, 3496.59, 3998.55, 3575.84];"[3156.79268516 3195.19770719 3223.76591942 3264.00828505 3241.418245
 3255.75482346 3238.32273372 3221.59311571 3191.27219903 3180.79797059
 3197.55044912 3192.22582649 3163.52518449]";2016-04-17 12:00:00;2016-07-10 12:00:00
31;13;catboost_normal;0.2965372662637828;41.666666666666664;0.2500045289581223;1282.5001025112288;0.25000184378213386;1167.24698334676;[5551.0, 4624.0, 3588.0, 4518.0, 4273.0, 4277.0, 3984.0, 4703.0, 4615.0, 3593.0, 3442.0, 3871.0, 3813.0];"[5494.69257569 5560.42860004 5147.4655867  5267.74507936 5285.23354394
 5256.25317135 5395.81423252 5198.5189296  5625.70987499 5657.09949085
 5016.7197375  5538.60614155 5469.30897081]";2016-02-07 12:00:00;2016-05-01 12:00:00
46;13;catboost_normal;0.025089601423054723;66.66666666666667;0.025495192487448994;89.39711466429485;0.02549477181108982;77.28579143669111;[2933.38, 2967.36, 3070.66, 3098.73, 3098.73, 3134.37, 3186.88, 3164.56, 3067.65, 2988.52, 2963.47, 2994.78, 2999.43];"[2912.74321609 2914.13306256 2942.29736768 2942.56282284 2978.3715079
 3032.87446935 3055.29518095 3096.30679595 3046.73683724 3028.39220683
 2988.5659905  2944.46820473 2910.99344336]";2018-09-02 12:00:00;2018-11-25 12:00:00
60;13;catboost_normal;0.0576227726600201;33.333333333333336;0.05844719298404309;655.518290715688;0.05844687952793099;546.9281983564476;[9106.6, 9106.6, 10704.3, 10704.3, 8257.7, 8257.7, 9603.6, 9603.6, 8790.0, 8790.0, 9758.9, 9758.9, 8749.1];"[8871.04246594 8976.07871809 9549.68557774 9526.68858054 8925.13823933
 9060.17351882 9432.08079974 9401.6368354  9138.1303482  9213.16636927
 9002.90717196 8906.41843611 8937.69668854]";2016-01-17 12:00:00;2016-04-10 12:00:00
1;13;catboost_normal;0.031456400775083576;58.333333333333336;0.030146106734960612;188.40870907821247;0.03014570840808767;114.09955619945298;[3775.792, 3790.002, 3783.341, 3795.79, 3860.057, 3792.951, 3822.116, 3803.418, 3846.305, 3839.941, 3713.159, 3600.154, 3471.659];"[3784.05266645 3795.0300845  3730.16516948 3785.14074977 3833.66215312
 3837.42924768 3824.67766062 3854.88230413 3921.42621339 3954.59643318
 3950.04730006 3946.78541753 3979.64397543]";2016-07-17 12:00:00;2016-10-09 12:00:00
76;13;catboost_normal;0.5495409583496303;50.0;0.8114134331227276;1831.2174893117508;0.8113934793622288;1712.594609698415;[3311.4, 3141.89, 3853.04, 3714.98, 3396.72, 3027.86, 3309.85, 2623.41, 2383.46, 2650.62, 3263.38, 3272.65, 3026.51];"[2698.69108126 2459.32957364 1986.54898924 1537.28519066 1291.36915963
  742.27538815  662.66522265  766.10766399  804.63604514  735.46284632
  948.36487405 1699.60356376 2379.70047542]";2016-01-17 12:00:00;2016-04-10 12:00:00
16;13;catboost_normal;0.009780295938505813;50.0;0.009831154850241556;126.90493824271846;0.009831111724296428;112.06382718745645;[11183.34, 11203.6, 11203.51, 11182.33, 11182.17, 11419.73, 11419.56, 11522.76, 11522.83, 11522.91, 11522.98, 11559.9, 11567.3];"[11203.1784643  11238.07167519 11238.36403707 11250.18623606
 11280.43185098 11301.34482586 11317.87169887 11335.63717349
 11362.79534099 11401.3800354  11402.30587859 11387.47886123
 11347.60869572]";2016-01-17 12:00:00;2016-04-10 12:00:00
61;13;catboost_normal;0.026208783640098203;33.333333333333336;0.026583059982857576;247.2784540776833;0.026582877920340843;194.11443322302512;[7208.8, 7061.6, 7061.6, 7018.9, 7018.9, 7157.6, 7157.6, 7144.4, 7144.4, 7536.5, 7536.5, 7620.1, 7620.1];"[7209.06205621 7149.09680754 7143.84171313 7108.47725904 7144.31552646
 7352.6144644  7348.9414364  7210.53574974 7193.71671159 7159.63941933
 7166.77156173 7160.45483901 7189.64827255]";2016-10-16 12:00:00;2017-01-08 12:00:00
32;13;catboost_normal;0.23184174748813474;58.333333333333336;0.2786734868319456;731.2931005126508;0.2786664941798439;567.1023870576001;[1635.1, 1470.0, 1831.2, 1860.7, 2952.6, 2076.0, 1926.5, 2127.6, 2526.5, 3130.5, 2901.6, 1965.4, 1930.4];"[1665.40764704 1439.57942444 1673.85370499 1550.10748573 2319.5005857
 1535.96147567 1613.17857948 1723.87863983 1652.02126287 1463.39404237
 1586.07961985 1415.51719166 1383.90460271]";2016-11-06 12:00:00;2017-01-29 12:00:00
46;13;catboost_normal;0.03625174553021649;41.666666666666664;0.03526248381193246;131.115793814624;0.03526189361833316;105.3625739110798;[3079.52, 2910.29, 2907.76, 2883.45, 2915.19, 2932.79, 2986.05, 2845.71, 2972.6, 2862.25, 2879.3, 2924.19, 2930.1];"[3106.84453468 3127.19859459 3124.09202703 3088.77790291 3087.15045593
 3075.38996958 3066.45969565 2991.37003733 2990.56535703 2945.04346226
 2920.79814646 2938.26785656 2936.95542083]";2018-06-03 12:00:00;2018-08-26 12:00:00
1;13;catboost_normal;0.02073831479209084;58.333333333333336;0.020403062447954555;100.81377483696299;0.020402797451902797;78.54911787677467;[3941.332, 3914.547, 3819.979, 3809.814, 3853.141, 3867.728, 3784.738, 3851.652, 3887.974, 3905.9, 3818.04, 3714.949, 3719.412];"[3892.95336813 3879.20811976 3882.35085115 3876.97487428 3909.34373165
 3894.12706569 3906.991266   3888.31750794 3916.84975169 3918.55679986
 3923.83171906 3923.09471396 3930.30973901]";2016-04-17 12:00:00;2016-07-10 12:00:00
17;13;catboost_normal;0.08792195413838437;58.333333333333336;0.08180035475961636;456.74639602432916;0.0817994010769595;350.95779534401777;[4334.57, 4334.61, 4334.65, 4351.65, 4351.77, 3846.99, 3954.85, 3996.48, 3992.55, 3992.61, 3992.68, 3992.75, 4029.96];"[4348.68761931 4331.85516843 4414.53402632 4417.22944266 4648.69361237
 4700.22503177 4735.66899654 4639.53962225 4544.73314392 4597.74307814
 4287.83220568 4309.475333   3973.07560406]";2016-10-16 12:00:00;2017-01-08 12:00:00
32;13;catboost_normal;0.2615702180259011;41.666666666666664;0.22327785050721982;402.6047387217375;0.2232707530903852;353.131743370077;[1560.6, 1413.4, 1445.9, 1357.9, 1521.3, 1240.3, 1311.0, 1188.6, 1320.8, 1690.6, 1271.8, 1435.8, 1465.9];"[1624.43433044 1621.39222992 1603.43509827 1610.23854186 1631.6529775
 1664.73365099 1656.89628493 1677.26076514 1755.4506959  1947.29062508
 2021.51982881 1995.92199595 2004.38563902]";2016-08-07 12:00:00;2016-10-30 12:00:00
77;13;catboost_normal;0.24100745830223957;50.0;0.28139517332667585;1184.121906208925;0.28139147230845646;1075.8526361814118;[3923.9, 4525.96, 5268.49, 4149.73, 4106.37, 4300.7, 4930.68, 4726.57, 3929.57, 4190.49, 4428.39, 4249.56, 4221.58];"[3868.13029202 4016.08631154 3622.41623798 3607.77196957 3438.48000665
 3325.99916581 3187.80674755 3184.00750814 2934.64137545 2815.5442419
 2870.56742917 2969.53810855 3124.91633531]";2016-10-16 12:00:00;2017-01-08 12:00:00
1;13;catboost_normal;0.0560350877844146;66.66666666666667;0.05466401479988652;251.6190918625197;0.05466332612980736;217.2281579483893;[3839.018, 3869.589, 3808.835, 3788.687, 3858.591, 3902.666, 3850.564, 3912.258, 3950.897, 3937.224, 3862.178, 3849.69, 3835.91];"[3568.06032511 3657.98209268 3730.50758224 3847.24956875 3887.07917886
 3946.44338886 4037.17221412 4144.22137428 4248.81816691 4326.45539971
 4262.12936304 4223.90866466 4088.26173417]";2016-01-17 12:00:00;2016-04-10 12:00:00
32;13;catboost_normal;0.20970890907524906;58.333333333333336;0.19277556584840383;445.9644055087433;0.19277020977492193;348.54591995933873;[1855.0, 1788.2, 1586.6, 1498.8, 1673.2, 2314.8, 2078.8, 1892.9, 1756.6, 1971.8, 1607.1, 1404.1, 1324.7];"[1634.53255426 1542.41331288 1500.56280281 1566.70117572 1557.82190686
 1664.7477155  1594.14142388 1553.00074471 1734.72366226 2243.01347286
 1934.34732068 2094.62567445 2334.75343893]";2016-05-08 12:00:00;2016-07-31 12:00:00
61;13;catboost_normal;0.016894101724949526;16.666666666666668;0.0170544034110914;147.84301792812508;0.017054283297840443;121.08294863434108;[7087.5, 7087.5, 7149.7, 7149.7, 7314.3, 7314.3, 7030.9, 7030.9, 7018.6, 7018.6, 6989.5, 6989.5, 7208.8];"[7017.76259516 7044.13149803 6994.57862867 6957.50210599 7045.98736513
 7017.23453625 6981.03923585 6955.28747828 6999.42515885 7050.75455681
 7131.96258856 7099.6105529  7089.90076382]";2016-07-17 12:00:00;2016-10-09 12:00:00
46;13;catboost_normal;0.06346417659793474;50.0;0.06050296492228671;236.96461467096634;0.0605019902091583;187.8412272487203;[3055.29, 3053.77, 3068.05, 3110.63, 2941.35, 3002.65, 3018.65, 2897.22, 2914.97, 2986.08, 2922.69, 2928.24, 3091.04];"[3048.9004298  3029.71643541 2985.05162018 3044.90926101 3079.21705621
 3085.40028396 3101.56658227 3155.54744082 3225.23586474 3294.51194275
 3398.40264224 3323.87196395 3301.9099237 ]";2018-03-04 12:00:00;2018-05-27 12:00:00
32;13;catboost_normal;0.4986397258775106;33.333333333333336;0.3138792741184388;1285.4004118201483;0.3138728464833346;797.4786183597121;[2266.7, 1892.8, 1847.5, 1786.6, 1768.1, 1700.7, 1560.0, 1765.8, 1729.7, 2034.6, 1607.6, 1505.6, 1500.3];"[1973.06897865 1615.6226284  1727.57919629 1785.08701851 2054.16440619
 1991.49593826 1816.85904426 1787.080123   2486.16558441 2594.46365699
 3345.16693697 3868.8532517  4903.13091874]";2016-02-07 12:00:00;2016-05-01 12:00:00
77;13;catboost_normal;0.09847215834975141;25.0;0.09768177570832311;406.55439081556267;0.09768033882370376;333.44072234253633;[3793.53, 3699.96, 3597.37, 2856.66, 2980.71, 3407.68, 3307.35, 3348.53, 2825.24, 3417.46, 4033.58, 3808.85, 3833.74];"[3269.10471055 3455.95112214 3573.11870861 3573.45552004 3491.40251081
 3433.71081941 3537.75165    3326.04358038 3202.9146304  3246.98848223
 3321.81230127 3473.51386828 3393.35296674]";2016-07-17 12:00:00;2016-10-09 12:00:00
46;13;catboost_normal;0.07823252866849409;83.33333333333333;0.0749904150126632;247.98717189948277;0.07498922921221461;237.27342674382868;[3309.69, 3202.95, 3204.31, 3175.46, 3086.13, 3057.23, 3021.48, 3109.19, 3000.19, 2928.02, 2885.07, 2951.65, 2982.88];"[3355.00081377 3389.21764041 3419.02878615 3366.73996775 3335.6658604
 3319.94124911 3309.6746942  3291.95533779 3272.99438322 3236.08589281
 3221.98157087 3238.71241878 3241.80593242]";2017-12-03 12:00:00;2018-02-25 12:00:00
61;13;catboost_normal;0.04579961727191229;8.333333333333334;0.044277936547965066;390.28460977521496;0.04427762808726309;317.839927202197;[6955.0, 6951.2, 6951.2, 6974.1, 6974.1, 6907.3, 6907.3, 6855.6, 6855.6, 6943.6, 6943.6, 7195.7, 7195.7];"[6877.10531904 6935.02429377 6994.11997853 7151.69743542 7136.218206
 7203.78080273 7298.71316199 7557.03057037 7553.17831273 7471.70456308
 7480.6127327  7464.44790078 7430.14500212]";2016-04-17 12:00:00;2016-07-10 12:00:00
17;13;catboost_normal;0.08780030340321554;75.0;0.08244135747906073;462.23478885288694;0.0824404616686116;379.38069278649436;[4518.72, 4522.9, 4523.09, 4542.73, 4542.89, 4291.52, 4291.68, 4310.98, 4310.9, 4310.82, 4310.74, 4310.66, 4334.53];"[4479.67812863 4464.24589865 4539.39123481 4572.18693091 4694.00555792
 4814.23996457 4960.21397517 5032.64438413 4940.01927454 4901.30821116
 4865.63944598 4830.90632457 4764.23772973]";2016-07-17 12:00:00;2016-10-09 12:00:00
33;13;catboost_normal;0.2773830833186975;91.66666666666667;0.33783329519410543;671.4924994171042;0.3378225314682624;542.1422198805435;[1528.0, 1485.0, 1676.0, 1434.0, 2556.0, 2017.0, 1752.0, 1575.0, 1478.0, 2618.0, 2045.0, 1480.0, 1464.0];"[1385.60283211 1255.82076481 1401.18756935 1283.60980813 1390.37779634
 1283.82751666 1193.61697927 1219.78013166 1113.32876019 1146.70189764
 1143.27248579 1122.42741297 1120.59718662]";2016-11-06 12:00:00;2017-01-29 12:00:00
2;13;catboost_normal;0.016915198543820908;91.66666666666667;0.017137172475474978;209.47371034590924;0.017137085096410404;168.0664453768554;[9602.4, 9895.9, 9915.9, 9726.6, 9626.5, 9966.1, 10008.5, 9911.7, 9760.7, 9968.2, 10089.1, 10005.9, 9823.3];"[9658.67428423 9900.89049229 9849.56301004 9695.02961715 9616.34214671
 9813.83620532 9839.77735271 9690.8991263  9599.07770554 9685.78049365
 9761.49273574 9626.09522094 9501.00737251]";2016-10-09 12:00:00;2017-01-01 12:00:00
61;13;catboost_normal;0.021132073310845934;33.333333333333336;0.020998469062897897;184.9167831011253;0.020998322766360267;150.79376271335101;[7220.5, 7220.5, 7500.8, 7500.8, 7499.3, 7499.3, 7146.2, 7146.2, 6825.1, 6825.1, 7109.8, 7109.8, 6955.0];"[7306.11211735 7379.02576982 7609.5229118  7490.80480188 7273.90463881
 7193.71187817 7197.32878317 7105.90403635 7148.97418208 7139.07601836
 7208.59023724 7158.07163947 7145.14261121]";2016-01-17 12:00:00;2016-04-10 12:00:00
77;13;catboost_normal;0.11403211910051618;83.33333333333333;0.12304860971486954;497.52638072534154;0.12304673757577654;406.6738205160449;[2827.19, 3702.95, 4047.29, 3639.27, 3447.73, 3075.98, 3544.5, 2968.61, 2691.39, 3381.54, 3695.99, 3987.94, 3550.0];"[2834.52299968 3121.37920844 3584.57184545 3448.0892083  3107.92070515
 3359.64666627 3516.72838047 3086.52298982 2917.57902828 2657.66732806
 2808.05121701 3163.25358417 2937.8905403 ]";2016-04-17 12:00:00;2016-07-10 12:00:00
47;13;catboost_normal;0.028990745092132397;33.333333333333336;0.028511000813031227;104.08188719926466;0.028510516621574226;83.9462798206167;[2964.555, 2996.025, 3000.705, 2941.08, 2935.96, 2938.24, 2936.72, 2936.66, 2882.2, 2862.63, 2867.64, 2875.68, 2871.67];"[2982.53360775 2963.95709014 2951.42158388 2916.23301502 2881.00171629
 2861.90075337 2868.1445792  2933.52737485 2973.16970132 3004.89316605
 3029.21150563 3055.10001606 3061.56475359]";2018-11-11 12:00:00;2019-02-03 12:00:00
17;13;catboost_normal;0.07267672738788472;50.0;0.06887713537981345;411.3475688075452;0.06887640907737719;326.7469196973651;[4741.74, 4743.18, 4743.22, 4794.47, 4794.65, 4412.14, 4412.32, 4496.1, 4496.34, 4496.58, 4496.82, 4477.46, 4518.51];"[4739.36215114 4752.76490851 4792.55021226 4919.07951868 5022.45064381
 5138.59099059 5045.62386699 5037.29634252 5005.41999725 5145.9305983
 4887.02422232 4646.52884195 4303.15803596]";2016-04-17 12:00:00;2016-07-10 12:00:00
33;13;catboost_normal;0.08786270717853682;58.333333333333336;0.08960783485217821;124.96408890997195;0.08960380729835703;100.19154262111206;[1021.0, 1029.0, 1022.0, 1038.0, 1112.0, 988.0, 978.0, 1056.0, 964.0, 1361.0, 1026.0, 1236.0, 1314.0];"[1117.64084886 1085.01091009 1035.96364177 1061.70848734 1048.54000907
 1119.46565011 1072.62837442 1065.5417308  1065.16490338 1110.64923705
 1079.51256381 1046.04912088 1095.90868951]";2016-08-07 12:00:00;2016-10-30 12:00:00
77;13;catboost_normal;0.40992175723307256;41.666666666666664;0.5399753954455526;1347.4542902402936;0.5399634191738035;1250.1440688021955;[3317.36, 3383.73, 3599.91, 3331.08, 2999.05, 2657.95, 3454.64, 2564.28, 2257.96, 3004.71, 3106.72, 3311.35, 3010.1];"[2987.30294487 2474.49414614 1983.8132308  1758.57597534 1467.05164264
 1188.22167675  996.75014405 1125.29481178 1260.07534622 2016.91320041
 1935.94883993 2257.69174156 2294.83340507]";2016-01-17 12:00:00;2016-04-10 12:00:00
2;13;catboost_normal;0.010513909124481144;83.33333333333333;0.010610066368400966;134.70965833163055;0.010610011122705106;101.89919256488149;[9501.3, 9708.9, 9671.1, 9498.5, 9506.7, 9756.7, 9737.7, 9606.2, 9457.8, 9730.3, 9886.8, 9796.8, 9573.5];"[9527.44360638 9699.224089   9634.04263408 9440.4319175  9399.3598308
 9716.35583539 9730.86572686 9546.28652947 9378.98704795 9546.69922501
 9636.03189647 9530.91251099 9373.25685953]";2016-07-10 12:00:00;2016-10-02 12:00:00
17;13;catboost_normal;0.07115312791348286;16.666666666666668;0.0675840970800222;404.8485562118582;0.0675834109330353;332.89534745908014;[4892.11, 4883.87, 4883.79, 4850.29, 4850.16, 4559.56, 4625.62, 4685.42, 4685.48, 4685.55, 4685.61, 4648.82, 4741.7];"[4913.57181481 4928.09001517 5005.08110397 5003.67830115 5155.33290737
 5272.77019828 5339.87794778 5299.05182717 5180.44030321 5074.40538651
 4932.89319994 4988.09949064 4912.32702097]";2016-01-17 12:00:00;2016-04-10 12:00:00
33;13;catboost_normal;0.12960662674556647;41.666666666666664;0.11868124530967762;185.78119144115132;0.11867630683572779;142.8904487313126;[1213.0, 1108.0, 1219.0, 1286.0, 1203.0, 1203.0, 1077.0, 1043.0, 1166.0, 1229.0, 1151.0, 1116.0, 952.0];"[1185.11723852 1166.96595766 1149.87267569 1090.60120839 1127.65433926
 1142.78048621 1137.16300987 1144.75625317 1253.54838283 1380.09140001
 1382.9137171  1381.44799163 1424.71506931]";2016-05-08 12:00:00;2016-07-31 12:00:00
47;13;catboost_normal;0.03885265264096919;41.666666666666664;0.039729678167118414;139.6054114712775;0.039729017668290637;119.5424602176053;[2879.95, 2924.8, 2930.775, 2934.03, 2967.655, 3071.115, 3100.12, 3100.12, 3135.65, 3187.97, 3165.09, 3068.335, 2989.71];"[2857.89306369 2833.15181042 2882.08321675 2900.94789933 2878.79304406
 2894.95152413 2880.80887631 2916.25209178 2948.44234737 2990.35404835
 3002.08399633 3071.22566175 3129.35823961]";2018-08-12 12:00:00;2018-11-04 12:00:00
2;13;catboost_normal;0.008742909285157202;91.66666666666667;0.008746649669640266;95.73511859612113;0.008746603597019325;83.03311079519014;[9509.5, 9696.4, 9634.9, 9363.2, 9320.8, 9564.6, 9562.9, 9421.9, 9321.0, 9611.8, 9675.5, 9535.9, 9355.5];"[9488.70395571 9592.43358245 9583.43119688 9463.54202693 9457.37144096
 9536.68457018 9560.27926449 9479.1223173  9444.26459098 9469.53002069
 9517.21502301 9461.72043048 9436.02810805]";2016-04-10 12:00:00;2016-07-03 12:00:00
33;13;catboost_normal;0.5360326037887158;66.66666666666667;0.3805702334349085;845.0131416015876;0.3805592032292575;671.3159642644522;[1569.0, 1431.0, 1227.0, 1297.0, 1323.0, 1179.0, 1090.0, 1045.0, 1159.0, 1451.0, 1476.0, 1313.0, 1263.0];"[1521.46440187 1419.61666091 1238.78605047 1551.29018625 1708.79610726
 1580.16205026 1683.12862622 1918.27858319 2814.59327526 2577.12778673
 2560.42207948 2432.26655488 2426.33729821]";2016-02-07 12:00:00;2016-05-01 12:00:00
18;13;catboost_normal;0.23957945114518012;66.66666666666667;0.23635936205267025;1420.7872928782942;0.23635610582103508;914.5917247753862;[2754.0, 3035.0, 2591.0, 2808.0, 2324.0, 4033.0, 3146.0, 3402.0, 3677.0, 4790.0, 7520.0, 4445.0, 2960.0];"[2385.12550372 2744.46592284 2395.4539358  2941.57063682 4767.51106181
 4339.38429144 2574.79525007 2656.8201418  2699.8209449  3695.11707897
 3442.24225079 4748.05546267 3342.01199823]";2016-10-30 12:00:00;2017-01-22 12:00:00
62;13;catboost_normal;0.017063309219632113;33.333333333333336;0.017453176221735058;181.4419557033554;0.017453038627836318;110.73823199784525;[6062.1, 6110.6, 6110.6, 6119.9, 6119.9, 6115.9, 6115.9, 6194.7, 6194.7, 6386.4, 6386.4, 6649.3, 6649.3];"[6006.31669895 6076.04139421 6078.35539631 6140.85059948 6107.16842659
 6124.52241473 6112.1507718  6178.19732575 6181.92188853 6142.5792598
 6194.50036506 6231.34938921 6261.29508203]";2016-10-16 12:00:00;2017-01-08 12:00:00
78;13;catboost_normal;0.2945972284123026;16.666666666666668;0.35430072190489803;545.1853910020336;0.3542883296133304;508.4799860973981;[1560.0, 1720.0, 1770.0, 1820.0, 1860.0, 1930.0, 1790.0, 1660.0, 1620.0, 1600.0, 1590.0, 1640.0, 1670.0];"[1537.94324356 1504.28736505 1350.78905599 1324.67333463 1218.97638932
 1124.53459778 1064.93405883 1065.56084386 1075.0984217  1113.3356952
 1085.25040534 1082.42211305 1071.95465643]";2016-10-16 12:00:00;2017-01-08 12:00:00
47;13;catboost_normal;0.023829212059578816;41.666666666666664;0.023665824488101554;80.19890624229676;0.02366542427117841;69.98457678883597;[2923.065, 2928.665, 3091.78, 3079.83, 2911.26, 2908.665, 2884.02, 2915.67, 2933.82, 2986.355, 2846.125, 2972.645, 2862.52];"[2974.56856197 2969.63117838 2971.52289294 2976.72989775 2976.07002592
 2975.48948089 2975.66012703 2979.63669513 2978.67460426 2978.52304707
 2978.774075   2978.57513146 2977.98545596]";2018-05-13 12:00:00;2018-08-05 12:00:00
34;13;catboost_normal;0.18440792670290307;66.66666666666667;0.20036830534768546;378.49958971021334;0.20036147843477703;311.2291018846557;[1240.0, 938.0, 1641.0, 1225.0, 2143.0, 2298.0, 1561.0, 1253.0, 1257.0, 2191.0, 2137.0, 1662.0, 1565.0];"[1239.7328691  1255.18508252 1434.69685432 1355.36628443 1790.77938245
 1576.99404137 1585.51481794 1390.90299283  850.83356343 1647.79382418
 1490.96130737 1426.63421541 1239.56479559]";2016-11-06 12:00:00;2017-01-29 12:00:00
78;13;catboost_normal;0.23976957240819274;58.333333333333336;0.30495730866818216;354.33917252828786;0.3049391160785064;260.537425284471;[700.0, 630.0, 800.0, 780.0, 1060.0, 1130.0, 1190.0, 1090.0, 1110.0, 1050.0, 1140.0, 1240.0, 1430.0];"[ 710.34707874  678.93340147  703.95733023  641.48411118  525.59539675
  477.24087181  471.13674319  660.19476897  734.13641372  956.56100374
 1152.71057697 1383.88440414 1561.41770698]";2016-07-17 12:00:00;2016-10-09 12:00:00
18;13;catboost_normal;0.43011856639334056;41.666666666666664;0.3472267253590328;1155.6172799682658;0.34722128010007247;1109.1919705871962;[2981.0, 2983.0, 2739.0, 2654.0, 2560.0, 2549.0, 2225.0, 2403.0, 2473.0, 2488.0, 3056.0, 2882.0, 2561.0];"[3502.52239133 3546.1516747  3670.65779409 3699.68581991 3587.38155153
 3636.7214108  3756.01916884 3877.20672313 3790.79398894 3811.46480302
 3924.5448128  4030.47091907 4139.87455946]";2016-07-31 12:00:00;2016-10-23 12:00:00
47;13;catboost_normal;0.10399534254105235;50.0;0.09563227832542126;402.7955633081697;0.09563079664646211;308.7431722779225;[2885.715, 2952.365, 2983.82, 3056.06, 3054.6, 3069.17, 3110.88, 2942.125, 3003.275, 3019.115, 2897.525, 2916.15, 2986.485];"[2898.65239485 2927.67527226 2936.320448   2956.64721979 3060.24125512
 3229.02434768 3372.16046536 3519.75529598 3443.23959963 3461.5363254
 3644.3436856  3573.41690036 3524.72890967]";2018-02-11 12:00:00;2018-05-06 12:00:00
2;13;catboost_normal;0.017861819216580026;91.66666666666667;0.01806076341357832;194.55286529502135;0.018060666766101834;168.76963812763782;[9146.0, 9529.4, 9466.1, 9284.9, 9256.1, 9459.5, 9471.2, 9385.7, 9281.7, 9586.3, 9612.3, 9480.1, 9349.9];"[9271.53124093 9426.44982748 9370.33603595 9232.1456207  9189.07685387
 9363.09566061 9331.11428799 9214.04452522 9166.61132061 9259.91078991
 9291.84853533 9178.66357108 9071.42891651]";2016-01-10 12:00:00;2016-04-03 12:00:00
34;13;catboost_normal;0.3245631165743029;58.333333333333336;0.2702740051298524;338.92093518971234;0.27026225002486554;311.4081219964614;[1127.0, 1048.0, 979.0, 1013.0, 978.0, 1156.0, 934.0, 833.0, 835.0, 1361.0, 917.0, 1156.0, 1052.0];"[1286.1627628  1343.33247202 1353.6366579  1339.70378659 1331.84127587
 1368.16555834 1330.08425379 1323.37908392 1320.88096308 1372.52679817
 1370.67632411 1352.98538475 1343.9302646 ]";2016-08-07 12:00:00;2016-10-30 12:00:00
78;13;catboost_normal;1.2009230607065124;33.333333333333336;0.6693245064331982;1335.05710594536;0.6693057564289278;1195.8240401537346;[1960.0, 1790.0, 1550.0, 1450.0, 1290.0, 1070.0, 1040.0, 1120.0, 1090.0, 930.0, 900.0, 930.0, 710.0];"[2063.12706114 2028.36004317 2120.74198991 2220.92539869 2386.72053579
 2370.30539944 2408.27659863 2425.26596935 2480.32500013 2557.92566166
 2784.84404368 2784.00451128 2744.89030914]";2016-04-17 12:00:00;2016-07-10 12:00:00
18;13;catboost_normal;0.234416882702112;33.333333333333336;0.21625173015516674;1237.2356619158677;0.21624889734362704;858.1640318097795;[2505.0, 2982.0, 3162.0, 3193.0, 3483.0, 3438.0, 3131.0, 3032.0, 2806.0, 3091.0, 3551.0, 6402.0, 3889.0];"[2981.20279698 2936.29251495 2800.63529458 2520.20065526 3617.30412144
 5429.95433294 3325.75405622 3121.90792452 3791.09266635 5278.78326695
 4118.49140484 3446.78480955 4382.55511762]";2016-05-01 12:00:00;2016-07-24 12:00:00
78;13;catboost_normal;0.043394647785544076;75.0;0.04371661232180621;116.37236473944294;0.04371568429486405;104.07518081725874;[2790.0, 2800.0, 2770.0, 2640.0, 2480.0, 2420.0, 2440.0, 2400.0, 2400.0, 2380.0, 2280.0, 2170.0, 2110.0];"[2755.22045063 2682.66662718 2652.24871956 2639.65282316 2630.32609072
 2574.42094413 2547.33443197 2515.88301114 2417.56590744 2272.73952613
 2176.1399173  2011.49908517 1942.38588563]";2016-01-17 12:00:00;2016-04-10 12:00:00
3;13;catboost_normal;0.18156552488047842;83.33333333333333;0.20570864287720794;706.3851774324543;0.20570494483346766;581.8416060170705;[2336.56, 2373.14, 2457.51, 2586.0, 2237.7, 2877.94, 2497.74, 3525.34, 3053.33, 3151.07, 3425.79, 3505.61, 4098.69];"[2137.20320382 2109.07479852 2150.05459676 2200.90243867 2128.68706533
 2336.52699343 2301.48699367 2782.08052203 2567.76908596 2354.99305935
 2409.71191754 2528.79874796 2555.18969875]";2016-10-16 12:00:00;2017-01-08 12:00:00
48;13;catboost_normal;0.020893036253003476;66.66666666666667;0.020682436254137307;82.38484550952938;0.020682118084364938;67.25995217632482;[3193.28, 3248.07, 3406.28, 3378.86, 3335.78, 3331.52, 3375.54, 3365.51, 3264.59, 3155.58, 3087.64, 3128.35, 3161.7];"[3239.07723078 3248.25862256 3293.62921686 3309.27473042 3344.14477097
 3400.10088233 3401.55901308 3377.76575267 3315.21937728 3269.9855311
 3241.75312093 3258.47339259 3243.36563129]";2018-04-22 12:00:00;2018-07-15 12:00:00
18;13;catboost_normal;0.9414788925932013;33.333333333333336;0.6245451931287602;2702.3333687773625;0.6245376886417352;2612.425464973634;[3392.0, 2909.0, 2538.0, 2715.0, 2632.0, 3364.0, 2574.0, 2430.0, 2939.0, 3269.0, 3166.0, 2626.0, 2579.0];"[4584.6400267  4910.22518765 5476.21282107 4565.06190477 4814.36270873
 5177.82997135 5711.19635779 5724.73000761 5721.21395111 6182.6467353
 6200.28149104 6035.61183356 5990.51804797]";2016-01-31 12:00:00;2016-04-24 12:00:00
34;13;catboost_normal;0.3585903318245123;50.0;0.28635245123142117;501.43016374164836;0.2863427930650735;429.5217269161792;[1395.0, 1193.0, 1387.0, 1440.0, 1293.0, 1357.0, 1183.0, 910.0, 1019.0, 1422.0, 1458.0, 1410.0, 1251.0];"[1558.26915838 1571.89963737 1810.75712223 1637.94898033 2184.15074789
 2089.93461117 1840.02365216 1681.86705654 1622.08119019 1658.92363487
 1608.49615503 1536.96719054 1500.46331322]";2016-05-08 12:00:00;2016-07-31 12:00:00
62;13;catboost_normal;0.019146418975572607;41.666666666666664;0.018867402719022208;150.67313001820338;0.018867247712242984;114.86165381721324;[5988.5, 5988.5, 6293.1, 6293.1, 6054.2, 6054.2, 6155.8, 6155.8, 5819.2, 5819.2, 6126.3, 6126.3, 6062.1];"[5991.6651138  6017.82800541 6186.03970382 6201.00077531 6153.17442552
 6145.75896197 6308.40180102 6253.63009861 6164.0032749  6120.31241508
 6190.08652092 6139.87355905 6159.40780247]";2016-07-17 12:00:00;2016-10-09 12:00:00
48;13;catboost_normal;0.02996956075020354;66.66666666666667;0.029381776296249718;112.30057945661842;0.02938133205223055;97.16923741190014;[3435.51, 3247.3, 3250.88, 3265.8, 3291.25, 3264.78, 3342.29, 3206.55, 3345.36, 3209.73, 3213.59, 3257.55, 3223.7];"[3423.06610795 3396.64659597 3437.11892388 3385.25689202 3365.59680527
 3356.85075193 3342.58930341 3343.60115333 3354.14440478 3349.35004059
 3351.54399176 3357.9520003  3328.88533107]";2018-01-21 12:00:00;2018-04-15 12:00:00
34;13;catboost_normal;0.42418304523841294;75.0;0.3185916873142925;688.3666957599439;0.3185818712890051;534.4392035302654;[2312.0, 1793.0, 1363.0, 1467.0, 1260.0, 1166.0, 1080.0, 949.0, 1214.0, 1565.0, 1152.0, 1436.0, 1368.0];"[2311.42221362 1699.29257914 1347.19854985 1635.61893873 1625.60650305
 1575.28300829 1504.08008215 1524.68937889 1682.80908833 2307.98538824
 2474.28311714 2568.94426027 2595.32322341]";2016-02-07 12:00:00;2016-05-01 12:00:00
62;13;catboost_normal;0.03193662347530834;41.666666666666664;0.03130298589422783;219.4187544777997;0.03130273106488403;192.32727679947465;[5774.4, 6063.1, 6063.1, 5957.6, 5957.6, 5987.0, 5987.0, 5952.8, 5952.8, 5966.3, 5966.3, 6276.7, 6276.7];"[5755.25267227 6171.05243209 6199.90001067 5918.90344413 5879.46113789
 6297.86461988 6285.08261815 6280.71080305 6227.24068282 6225.10948706
 6224.44126755 6405.09143354 6539.57849787]";2016-04-17 12:00:00;2016-07-10 12:00:00
3;13;catboost_normal;0.19008357868830703;58.333333333333336;0.17149567181403824;430.4008559708841;0.1714920486777044;407.1519568907161;[2682.96, 2316.89, 2191.83, 2315.35, 2195.23, 2170.14, 2156.88, 2177.15, 1932.91, 2056.49, 1984.55, 2004.56, 2385.81];"[2948.4228918  2733.11781294 2627.96014201 2691.61925643 2642.82551216
 2633.02670652 2633.61581296 2625.74260216 2586.68271988 2515.38899784
 2431.94383396 2393.39419367 2371.63504275]";2016-07-17 12:00:00;2016-10-09 12:00:00
35;13;catboost_normal;0.13625532967566029;83.33333333333333;0.1255301272739269;2320.811203868297;0.12552970392444218;1888.7118020240973;[18469.2, 14697.3, 14490.1, 16890.6, 13307.5, 11488.0, 11021.4, 13786.0, 17773.2, 20125.2, 13053.1, 14418.3, 18561.2];"[17177.82584588 14869.47198869 14419.96992545 14788.48729606
 17277.96862446 14989.90573703 14280.52501672 14464.70970996
 17130.57123422 18193.21854205 17042.68572111 15445.17905698
 16645.01958499]";2016-11-27 12:00:00;2017-02-19 12:00:00
19;13;catboost_normal;0.08409506214324197;83.33333333333333;0.07840778196613568;361.6224073190893;0.07840669568713417;288.5122482280333;[3942.0, 4184.0, 3374.0, 4291.0, 2657.0, 4258.0, 4050.0, 3730.0, 3311.0, 3154.0, 4551.0, 4677.0, 3944.0];"[3976.32919686 4282.54902383 3953.31756968 4242.98134168 3261.34965906
 4339.37302885 4347.70928527 4148.97907494 3761.51419071 3727.50422046
 4960.56953224 4642.41785039 4063.86363713]";2016-10-30 12:00:00;2017-01-22 12:00:00
48;13;catboost_normal;0.024580742028983103;58.333333333333336;0.024164330666795037;99.73409195288882;0.024163968871988316;80.71014652730817;[3427.73, 3410.45, 3422.1, 3469.6, 3324.9, 3371.98, 3397.19, 3206.06, 3236.2, 3305.59, 3252.37, 3225.16, 3435.07];"[3379.03206699 3393.41458958 3410.27998321 3425.74940239 3421.2846179
 3394.86478388 3353.32613955 3365.30458488 3395.47851349 3408.80750143
 3385.51601298 3406.63955733 3463.3985147 ]";2017-10-22 12:00:00;2018-01-14 12:00:00
62;13;catboost_normal;0.032619494001100716;25.0;0.032330686649885323;287.55097254379456;0.03233042208411063;197.84549021749334;[6195.0, 6195.0, 6665.1, 6665.1, 6131.1, 6131.1, 6177.0, 6177.0, 5646.9, 5646.9, 6189.6, 6189.6, 5774.4];"[6241.78492379 6193.52466739 6218.87600655 6160.15861919 6169.09804667
 6171.4834361  6151.78336396 6151.51559896 6112.97874497 6164.44416487
 6133.7882713  6136.66578721 6125.514371  ]";2016-01-17 12:00:00;2016-04-10 12:00:00
79;13;catboost_normal;0.3819939217001559;41.666666666666664;0.49331413416460024;709.9429708836421;0.49329546045260037;657.427710394591;[1720.0, 1760.0, 1810.0, 1840.0, 1950.0, 1820.0, 1670.0, 1620.0, 1600.0, 1580.0, 1640.0, 1660.0, 1760.0];"[1605.03477553 1506.78816748 1440.32341137 1183.76260586  961.04602762
  750.02942454  759.523144    808.06719576  801.41927675  913.35422165
  957.64616458 1059.13741911 1137.30793062]";2016-10-16 12:00:00;2017-01-08 12:00:00
3;13;catboost_normal;0.2631361375416873;50.0;0.22614642980163555;736.4447990152203;0.22614256070807168;662.5155347467561;[2424.0, 2450.4, 2433.79, 2618.99, 2448.69, 2407.98, 2470.67, 2329.32, 2669.2, 2485.64, 2634.24, 2674.37, 2986.73];"[2462.81978197 2663.55479834 2825.0469726  3060.84457971 3269.92145702
 3586.92554027 3405.63123039 3401.09459633 3424.24231416 3290.35311213
 3269.49513797 3521.85700685 3464.93542396]";2016-04-17 12:00:00;2016-07-10 12:00:00
19;13;catboost_normal;0.17175924042152532;58.333333333333336;0.15625454233495997;744.3315109565013;0.1562527820671194;695.6832886867705;[4404.0, 4428.0, 4194.0, 4091.0, 3970.0, 4010.0, 3588.0, 4056.0, 3945.0, 3987.0, 4659.0, 4022.0, 4063.0];"[4775.77813297 4707.09013771 4573.49202007 4691.45106901 4735.83725
 4790.88952011 4707.47019579 4550.62994999 4548.78484828 4704.17624946
 5632.41362077 5150.08208869 4892.78767009]";2016-07-31 12:00:00;2016-10-23 12:00:00
35;13;catboost_normal;0.07110897872989061;75.0;0.06734037238431748;1392.8200004616815;0.06734016016236341;1089.0758544616547;[17157.8, 11815.2, 12857.3, 15725.7, 17101.1, 15539.2, 15800.0, 17142.0, 19275.5, 18618.3, 13625.4, 15068.3, 16405.0];"[16828.74315836 13254.24340715 12448.85801704 15221.84300513
 19488.83399    15941.21441646 15716.45558053 16547.64645731
 20458.38787997 19465.82398377 16682.02334475 15953.463871
 18442.74143327]";2016-08-28 12:00:00;2016-11-20 12:00:00
79;13;catboost_normal;0.2672615142925004;83.33333333333333;0.3135777492423858;340.80703987066954;0.31356137523751815;307.03740467968;[600.0, 810.0, 730.0, 1050.0, 1110.0, 1210.0, 1090.0, 1120.0, 1040.0, 1130.0, 1210.0, 1410.0, 1530.0];"[ 704.10790746  706.80170871  711.64272886  722.08344904  732.76666681
  736.22242167  714.09483501  732.96392386  778.16383854  854.56922146
  908.52206519  949.71003979 1005.08074768]";2016-07-17 12:00:00;2016-10-09 12:00:00
19;13;catboost_normal;0.09502856545696357;50.0;0.09634533358665992;604.6702339312292;0.09634437025892705;486.6621772814505;[4751.0, 4572.0, 4401.0, 4400.0, 5042.0, 4862.0, 4758.0, 4459.0, 4663.0, 5398.0, 6453.0, 5408.0, 4820.0];"[5005.15480636 4902.08834901 4197.18298211 4439.34931587 4343.17393859
 4668.1656407  4362.35622868 4512.87770262 4266.5909497  4283.24741208
 5595.51566589 6060.41919748 5955.95175107]";2016-05-01 12:00:00;2016-07-24 12:00:00
48;13;catboost_normal;0.048224485030918224;58.333333333333336;0.04696277682317286;173.7143392643093;0.0469621090413586;165.2253863179494;[3642.64, 3513.64, 3553.58, 3527.62, 3480.85, 3410.03, 3439.95, 3532.97, 3385.41, 3297.83, 3289.85, 3372.85, 3377.81];"[3739.56545502 3664.65232929 3673.05346039 3677.32985568 3666.92489728
 3675.0332495  3640.65838816 3637.71300222 3594.92822332 3517.13578393
 3516.51087072 3483.08128644 3486.3732202 ]";2017-07-23 12:00:00;2017-10-15 12:00:00
3;13;catboost_normal;0.05650189088979053;66.66666666666667;0.058329004025189674;189.78839456248838;0.05832786981634951;152.8920875249882;[3787.47, 2959.36, 3119.4, 2907.96, 2583.8, 2488.7, 2658.02, 2476.28, 2368.88, 2308.82, 2357.16, 2450.35, 2704.19];"[4017.47532429 2912.85695886 2979.16484424 2839.45297784 2525.79762619
 2275.65103671 2226.11063397 2303.2583318  2216.89631509 2338.47288316
 2356.5716951  2650.21311408 2459.91376393]";2016-01-17 12:00:00;2016-04-10 12:00:00
63;13;catboost_normal;0.034278370299679096;83.33333333333333;0.035144788548628375;588.8685280950225;0.03514466037175306;483.5435920980827;[14834.0, 12734.0, 12772.0, 13825.0, 15080.0, 12824.0, 12879.0, 13769.0, 14767.0, 13645.0, 12832.0, 13629.0, 15073.0];"[14465.98177534 12697.64560172 12641.71427578 13399.72312728
 14148.10374768 12789.13490689 12178.40707676 13253.83697086
 14011.14889826 13749.71224606 12317.83621191 13005.68460664
 13927.42834968]";2016-10-09 12:00:00;2017-01-01 12:00:00
49;13;catboost_normal;0.028856265198852524;41.666666666666664;0.028780554035075994;107.21338595239695;0.02878011259452892;93.8501663389649;[3194.69, 3248.72, 3407.29, 3381.89, 3338.78, 3334.24, 3377.85, 3366.64, 3266.05, 3158.09, 3089.9, 3130.95, 3164.39];"[3242.11789967 3250.6364671  3255.38614773 3259.65769129 3263.78449996
 3269.19712343 3269.37452487 3271.63991812 3271.28478158 3273.22960889
 3272.92641262 3272.63530064 3272.36159731]";2018-04-22 12:00:00;2018-07-15 12:00:00
79;13;catboost_normal;1.1154143392146263;16.666666666666668;0.6571483376892763;1149.166301345372;0.6571280302995332;1066.0858546176498;[1830.0, 1570.0, 1470.0, 1320.0, 1080.0, 1020.0, 1120.0, 1110.0, 940.0, 890.0, 960.0, 710.0, 720.0];"[1996.2511077  2003.3489613  2126.46299871 2192.52806042 2222.61071163
 2115.47911518 2106.20437805 2167.24724467 2261.76231548 2383.19315607
 2375.32688954 2364.33406566 2284.36710563]";2016-04-17 12:00:00;2016-07-10 12:00:00
35;13;catboost_normal;0.17018384225484942;91.66666666666667;0.1906531916761458;3672.9582999246263;0.19065256329297187;2980.3262141793534;[16759.8, 12261.9, 11785.0, 18374.0, 23295.7, 15420.8, 14085.2, 17782.8, 21331.7, 17935.6, 11122.7, 12639.4, 14272.5];"[13655.38355349 11512.91567325 10196.76837147 13911.44235751
 15257.88080001 13333.59669843 12506.37458779 13544.07912536
 16574.56546638 12797.1776029  12231.57595747 10897.48911031
 14423.63817377]";2016-05-29 12:00:00;2016-08-21 12:00:00
19;13;catboost_normal;0.11863075788237919;83.33333333333333;0.13445492674375384;1065.1261533407512;0.1344535006937505;648.9064811011091;[4348.0, 4268.0, 3579.0, 3332.0, 3641.0, 3914.0, 3767.0, 3658.0, 3978.0, 4507.0, 7003.0, 5828.0, 6083.0];"[4156.40668464 4100.53757649 4069.14255981 3647.14600624 3570.77845393
 4019.27527564 3975.44070674 3674.22907257 3779.32639701 4308.11201706
 4706.45419864 4061.03570318 3672.79833573]";2016-01-31 12:00:00;2016-04-24 12:00:00
79;13;catboost_normal;0.0726513903780762;50.0;0.06884349404887574;203.39031217313772;0.06884205716126857;165.8666284738684;[2810.0, 2790.0, 2670.0, 2490.0, 2410.0, 2450.0, 2400.0, 2400.0, 2390.0, 2300.0, 2170.0, 2130.0, 1980.0];"[2707.39628602 2771.39172517 2747.23987223 2757.20319328 2701.88355186
 2629.10047023 2525.33417434 2379.89174754 2330.49108097 2362.25473118
 2457.75763866 2412.1041781  2362.55919996]";2016-01-17 12:00:00;2016-04-10 12:00:00
63;13;catboost_normal;0.015254049843942945;100.0;0.015402859010769158;244.49894211946804;0.015402801199547168;205.88349993701573;[13860.0, 12179.0, 12515.0, 13408.0, 14143.0, 12620.0, 12853.0, 13685.0, 14878.0, 13394.0, 12501.0, 12952.0, 14113.0];"[13658.89844017 11978.90049613 12604.62455585 13483.82377815
 14253.70123175 12500.97030991 12651.22154332 13560.95314967
 14522.30988833 13133.36427469 12333.84728804 12767.71406556
 13526.48461076]";2016-07-10 12:00:00;2016-10-02 12:00:00
49;13;catboost_normal;0.03497677183316616;50.0;0.0342271163134994;127.04332976759763;0.034226600660603186;113.60043893108944;[3436.2, 3249.47, 3252.9, 3267.09, 3292.33, 3267.08, 3342.97, 3207.48, 3345.47, 3210.33, 3215.04, 3258.91, 3225.18];"[3430.01152102 3423.81230824 3429.11596399 3424.85349416 3413.54362518
 3398.41084877 3377.65746014 3370.90467699 3371.72814737 3371.84900966
 3357.75024129 3344.91528211 3320.32616923]";2018-01-21 12:00:00;2018-04-15 12:00:00
35;13;catboost_normal;0.24295086459814497;91.66666666666667;0.28923362212591497;3998.487020461018;0.2892323323635435;3334.787351154727;[12804.1, 10275.9, 10837.9, 15167.3, 17974.9, 12965.1, 11106.1, 13844.7, 16219.2, 11577.9, 8505.1, 10269.2, 15080.8];"[11633.71141292 10137.26635182 10271.91742773 12458.93994931
 10589.33648225  8763.69963754  7301.70554624  8512.6585053
  9679.74981018  8218.80569349  7190.85928183  8365.76081284
 10151.55352352]";2016-02-28 12:00:00;2016-05-22 12:00:00
4;13;catboost_normal;0.1463058758371519;75.0;0.1524239448174274;348.36449198436793;0.15241966116294114;274.036234803814;[1499.0, 1734.0, 1391.0, 1833.0, 1637.0, 2122.0, 1757.0, 2079.0, 2477.0, 1957.0, 1907.0, 1752.0, 1330.0];"[1503.64816359 1531.1042461  1491.24941831 1762.1211901  1529.72561598
 1736.25147608 1580.27630066 1514.31563672 1707.13939841 1679.83348375
 1704.1562989  1934.89548819 1846.60162904]";2016-10-30 12:00:00;2017-01-22 12:00:00
49;13;catboost_normal;0.04418196473088305;58.333333333333336;0.04303248918355741;167.98366041049175;0.0430318533893603;145.64446656254574;[3429.46, 3412.3, 3424.6, 3470.15, 3326.65, 3373.38, 3398.24, 3206.74, 3238.82, 3306.49, 3253.2, 3226.1, 3436.72];"[3368.05480635 3321.57641424 3352.24757855 3417.92568292 3452.77230469
 3442.43830026 3478.62862787 3469.48355121 3493.53926403 3480.18724642
 3493.88105077 3514.32788103 3557.75432109]";2017-10-22 12:00:00;2018-01-14 12:00:00
63;13;catboost_normal;0.05287340524576271;100.0;0.05463379946626493;749.5514034953648;0.05463357932090655;680.7701475325813;[13529.0, 12050.0, 12602.0, 13675.0, 14122.0, 12225.0, 12418.0, 13191.0, 13943.0, 12357.0, 12131.0, 13013.0, 13983.0];"[13116.59541149 11081.28801657 11712.58410451 12684.39332299
 13226.95784487 11051.02016359 11853.4516813  13060.76889577
 14184.80708059 12043.33916111 11229.94197416 12292.04881152
 13335.40577478]";2016-04-10 12:00:00;2016-07-03 12:00:00
20;13;catboost_normal;0.18237343028688419;41.666666666666664;0.2105528000202617;729.4426433413497;0.21054868396054702;546.6222717347903;[2203.0, 2234.0, 1786.0, 2582.0, 2838.0, 2949.0, 2483.0, 2184.0, 3809.0, 3395.0, 3194.0, 2744.0, 2054.0];"[1910.15105226 1952.65104652 2012.7115627  2343.62771462 2269.48691448
 2077.26595254 2231.07780555 2244.80569802 2015.27011738 2301.43646405
 2294.18668761 2223.7649976  2060.49102445]";2016-10-30 12:00:00;2017-01-22 12:00:00
80;13;catboost_normal;0.021143397419490454;66.66666666666667;0.020938121612169142;606.0137881250789;0.020938078539215994;509.1239494290466;[23057.9, 24044.6, 23942.2, 23970.5, 23519.0, 23811.9, 24756.7, 24982.2, 24388.4, 24379.1, 25518.2, 24728.0, 25659.7];"[24334.42111399 24487.34575288 24309.10726387 24442.84259841
 24519.16272182 24538.18630057 24442.54504753 24527.59123924
 24687.45111112 24455.49751487 24772.15971862 24887.63123915
 25375.9382687 ]";2016-10-16 12:00:00;2017-01-08 12:00:00
49;13;catboost_normal;0.0498892703559959;50.0;0.04851256446504377;180.63641328242855;0.04851187353969481;170.37686389735148;[3643.68, 3513.8, 3553.49, 3528.71, 3483.68, 3413.53, 3441.92, 3533.9, 3386.73, 3299.35, 3291.32, 3374.48, 3379.94];"[3721.67410358 3675.64108105 3648.1796703  3657.6626504  3649.95185356
 3655.81951472 3632.08731341 3615.05248685 3575.30146425 3557.04239881
 3557.00271424 3556.21133239 3557.80264712]";2017-07-23 12:00:00;2017-10-15 12:00:00
36;13;catboost_normal;0.0150153639991272;33.333333333333336;0.014959648811850634;52.8255085508459;0.014959387531884001;42.83445728083167;[2891.8, 2870.0, 2839.7, 2925.6, 2858.2, 2873.3, 2857.3, 2832.8, 2818.5, 2843.0, 2863.1, 2838.6, 2827.4];"[2940.69180138 2949.45176176 2951.71687452 2918.17387366 2902.90631212
 2874.10285355 2875.50998684 2853.88596605 2835.50808859 2817.57652838
 2792.45208693 2776.35528965 2778.46792154]";2017-10-08 12:00:00;2017-12-31 12:00:00
4;13;catboost_normal;0.46686128565250457;50.0;0.35078061063593224;803.4116722091206;0.3507712684633092;666.2983839206516;[1577.0, 1551.0, 1560.0, 1592.0, 1476.0, 1453.0, 1304.0, 1474.0, 1328.0, 1302.0, 1805.0, 1394.0, 1417.0];"[1447.24921574 1760.03352575 1793.8289949  1673.42093755 1716.86800783
 1953.44549709 2146.45771664 2493.49095313 2198.01325937 2470.2493973
 2681.04876213 2306.11742938 2995.15372564]";2016-07-31 12:00:00;2016-10-23 12:00:00
36;13;catboost_normal;0.030311827180949654;41.666666666666664;0.029744402693667606;96.08239290868966;0.029743887425970592;85.85316050887681;[2847.6, 2838.0, 2801.4, 2805.7, 2802.2, 2827.9, 2815.1, 2850.4, 2861.1, 2909.1, 2914.5, 2894.9, 2897.7];"[2904.12567191 2908.78662038 2921.55374396 2942.1613499  2952.07640616
 2951.82442997 2950.00337945 2950.90204797 2950.92240612 2947.71884238
 2941.99672213 2934.24423622 2925.37523007]";2017-07-09 12:00:00;2017-10-01 12:00:00
63;13;catboost_normal;0.027010454841300845;100.0;0.027247314588579173;486.6096610872373;0.027247207057862672;346.65744427236916;[14112.0, 11413.0, 11603.0, 12473.0, 13035.0, 11374.0, 11827.0, 12406.0, 13491.0, 11601.0, 11585.0, 12734.0, 14274.0];"[12683.76273124 11305.99306143 11971.03495146 12879.0748076
 13352.88865975 11572.04070934 11673.84646563 12572.33254321
 13338.63009388 12177.06537677 11668.96885313 12903.38261202
 13894.00938556]";2016-01-10 12:00:00;2016-04-03 12:00:00
20;13;catboost_normal;0.36829083288810605;41.666666666666664;0.2987749266670439;695.3058689907906;0.2987679380144394;640.5829276851214;[1786.0, 1960.0, 1930.0, 2239.0, 1955.0, 1740.0, 1606.0, 1832.0, 1624.0, 1377.0, 2345.0, 1875.0, 1991.0];"[2209.93987314 2385.66949626 2402.79755382 2495.89793096 2478.80486211
 2487.2384208  2526.52001594 2471.39913381 2539.47233395 2650.32494724
 2696.95929633 2649.01631696 2593.53787857]";2016-07-31 12:00:00;2016-10-23 12:00:00
36;13;catboost_normal;0.09244225184737931;58.333333333333336;0.08711961734908787;306.56116382575567;0.08711819500589534;266.8246882414621;[3030.8, 3015.0, 2986.9, 2975.2, 2915.8, 2876.3, 2874.1, 2846.8, 2858.2, 2879.8, 2877.7, 2929.4, 2882.4];"[3073.61825153 3048.15506107 3049.63697792 3116.29962379 3108.5317474
 3224.16184017 3358.36006961 3276.81753677 3280.37171656 3283.30206889
 3188.52290358 3203.67592505 3205.66722481]";2017-04-09 12:00:00;2017-07-02 12:00:00
50;13;catboost_normal;0.022938353972894978;50.0;0.02277704924244441;176.28451980041118;0.02277687557586996;149.36897523418946;[6549.4, 6749.6, 6672.9, 6664.1, 6601.3, 6601.8, 6483.1, 6488.7, 6431.8, 6468.2, 6418.9, 6383.5, 6403.6];"[6557.31763535 6549.06805781 6532.53524998 6467.00338339 6503.45632245
 6508.85307815 6527.11252631 6503.01545633 6565.84951481 6634.37858601
 6685.99800336 6671.04400574 6695.4970419 ]";2018-08-26 12:00:00;2018-11-18 12:00:00
4;13;catboost_normal;0.17346129404381802;66.66666666666667;0.19407289284188753;485.98684639885397;0.19406807994059203;395.5363644740483;[1456.0, 2189.0, 2140.0, 2692.0, 2773.0, 2358.0, 2030.0, 1745.0, 1806.0, 2288.0, 2307.0, 1864.0, 1549.0];"[1522.22145077 1741.64784565 1924.95295666 1925.30364109 1717.98983396
 1709.3328621  1752.77907667 1595.15427998 1690.00542001 1782.86255989
 1813.07152802 1717.2332234  1803.08451484]";2016-05-01 12:00:00;2016-07-24 12:00:00
80;13;catboost_normal;0.025236274481026184;50.0;0.02485057635080569;682.5997749846515;0.02485052627621234;616.7292963162542;[25127.4, 25277.5, 24734.8, 24193.0, 24258.8, 24524.9, 24430.3, 24256.6, 24032.4, 24712.1, 25008.3, 24107.6, 24543.2];"[25663.84789287 25941.65634761 25198.56208027 25246.3968393
 24994.86984599 24961.03503375 24789.47008739 25152.20316813
 25194.59250428 25259.1106021  24943.03483191 24860.76932401
 24888.30195831]";2016-07-17 12:00:00;2016-10-09 12:00:00
50;13;catboost_normal;0.023568887952195847;58.333333333333336;0.02395024205131411;184.00269195144705;0.023950060413924633;157.90740327506845;[6590.8, 6669.7, 6708.8, 6667.4, 6516.5, 6507.2, 6563.6, 6682.9, 6743.8, 6775.6, 6754.8, 6747.6, 6560.7];"[6554.8915444  6561.04772816 6566.6702573  6475.29006264 6482.92318365
 6426.04441129 6437.5944087  6466.28480909 6437.42688587 6478.3491591
 6508.62948154 6511.70780711 6529.74401858]";2018-05-27 12:00:00;2018-08-19 12:00:00
36;13;catboost_normal;0.01981882946639326;58.333333333333336;0.019466041763956648;83.96384645354205;0.01946573126217107;61.02006416357251;[3179.2, 3151.8, 3154.4, 3157.0, 3130.6, 3112.7, 3075.7, 3100.1, 3081.9, 3056.8, 3062.8, 3097.0, 3058.3];"[3167.59848562 3156.19813771 3148.10033551 3120.60709096 3117.34864525
 3130.39030456 3126.82086327 3148.08090585 3137.58427539 3164.52049306
 3199.28551445 3199.35253621 3260.58236096]";2017-01-08 12:00:00;2017-04-02 12:00:00
64;13;catboost_normal;0.02419545650384081;91.66666666666667;0.024657720138958956;608.7933555096686;0.024657656734410803;480.3375734779052;[20461.0, 17999.0, 18027.0, 19270.0, 20726.0, 18118.0, 18144.0, 19242.0, 20438.0, 19136.0, 18135.0, 19163.0, 20871.0];"[19969.10006871 17872.25435573 17996.22252403 18601.509938
 19357.32091287 17928.41536026 17856.72566978 18664.70075987
 19787.70446803 19005.06025796 17928.96419932 18683.32590209
 19834.30712815]";2016-10-09 12:00:00;2017-01-01 12:00:00
50;13;catboost_normal;0.013606982359247595;50.0;0.013454819651315997;117.13444758462244;0.013454718372969786;89.38578545314788;[6640.6, 6509.2, 6500.9, 6649.4, 6573.6, 6452.2, 6560.5, 6659.4, 6731.7, 6802.8, 6619.3, 6749.3, 6573.2];"[6639.24116933 6606.34225669 6609.1854283  6602.8872073  6619.97582619
 6637.25113193 6657.66995345 6692.90503495 6725.87357486 6774.49568221
 6797.3289616  6817.48131727 6839.47293419]";2018-02-25 12:00:00;2018-05-20 12:00:00
80;13;catboost_normal;0.030644409052930668;58.333333333333336;0.030154976073343578;954.0741738496945;0.030154915157369306;746.4822694414014;[24004.0, 24052.6, 23746.4, 24197.8, 23919.8, 24959.4, 24615.2, 24595.5, 23964.0, 24279.2, 24273.2, 25290.5, 25800.2];"[24543.4889481  25572.09417912 25921.7740439  25073.40980265
 24634.28881009 25536.16091556 24992.09597941 24696.14391085
 24663.2499009  24140.26234542 24379.86421153 24825.08548501
 24384.95336893]";2016-04-17 12:00:00;2016-07-10 12:00:00
20;13;catboost_normal;0.28029642686017275;75.0;0.23752155334121144;715.1651648547252;0.23751685478729767;604.8905861860068;[2127.0, 2591.0, 2482.0, 2927.0, 2576.0, 2024.0, 2527.0, 1841.0, 1848.0, 2032.0, 3506.0, 2207.0, 1971.0];"[2648.32346705 2867.29426248 2673.02056598 2688.83120243 2835.06849837
 2721.37577361 3034.37543067 2927.8631589  3402.78962102 2818.33758737
 2613.02981684 2534.30871251 2495.68156173]";2016-05-01 12:00:00;2016-07-24 12:00:00
37;13;catboost_normal;0.014213239215150204;58.333333333333336;0.014066124663242871;51.82070487133859;0.014065893440127432;42.78517403009857;[3050.13, 2991.26, 2966.63, 3079.93, 3027.55, 3046.13, 3052.31, 3028.4, 3042.15, 3060.21, 3044.19, 3005.94, 2999.31];"[3071.76920464 3076.43706982 3055.13152125 3073.12462372 3069.69765881
 3061.77296987 3067.25491589 3068.59065018 3069.05431828 3074.67235745
 3082.88868585 3081.90200672 3084.44052733]";2017-10-15 12:00:00;2018-01-07 12:00:00
4;13;catboost_normal;0.3711344296595055;75.0;0.3041215244999599;594.8501253724918;0.30411291995205164;543.2074523615115;[1586.0, 1691.0, 1352.0, 1148.0, 1426.0, 1513.0, 1598.0, 1481.0, 1415.0, 1551.0, 1773.0, 1532.0, 1437.0];"[1813.01331224 1881.60711723 1870.37694229 1788.68375458 1897.11387998
 1825.8542062  2011.12066994 2036.32287072 2013.86312361 2129.55136428
 2307.53934929 2624.38375243 2365.26653791]";2016-01-31 12:00:00;2016-04-24 12:00:00
64;13;catboost_normal;0.017368013971940786;100.0;0.017459022784476225;394.7703838985331;0.01745897623091692;327.98271933733764;[19358.0, 17270.0, 17699.0, 18767.0, 19624.0, 17837.0, 18095.0, 19124.0, 20439.0, 18786.0, 17668.0, 18301.0, 19624.0];"[19043.89085278 17310.01316706 18165.44949137 19237.19871777
 19957.14809335 17477.14178441 18151.96296434 18892.64430513
 19918.60221213 17918.10631759 17585.80035163 18453.99512355
 19255.8063824 ]";2016-07-10 12:00:00;2016-10-02 12:00:00
5;13;catboost_normal;0.23588658995277767;50.0;0.2821852843059966;290.58949273908377;0.28216623502189475;217.39622440803117;[502.0, 568.0, 528.0, 632.0, 606.0, 785.0, 779.0, 834.0, 906.0, 1372.0, 1080.0, 938.0, 752.0];"[492.62995661 489.91267852 494.47225066 502.2636584  500.45948873
 572.80274928 572.0403365  598.08707035 661.32465949 614.77426335
 632.59174518 658.48543892 666.0047867 ]";2016-10-30 12:00:00;2017-01-22 12:00:00
20;13;catboost_normal;0.4565086101262513;41.666666666666664;0.3451381200707031;1234.9739649910323;0.34513209954019397;1009.925642811862;[2995.0, 2367.0, 2254.0, 1966.0, 2221.0, 2100.0, 2342.0, 2055.0, 3211.0, 1962.0, 2559.0, 2055.0, 2375.0];"[2801.98396647 2932.04505182 2920.0477954  2889.05254603 2817.77468224
 2987.13128919 2768.39266504 2798.38487851 3049.75862214 3493.67497127
 4716.6849317  4439.58964103 4267.99749293]";2016-01-31 12:00:00;2016-04-24 12:00:00
37;13;catboost_normal;0.06408247516127717;33.333333333333336;0.0618660595198094;209.12414229302627;0.06186509309132642;198.01860384707;[3198.85, 3189.77, 3133.51, 3080.52, 3045.85, 3102.06, 3130.67, 3091.69, 3065.95, 3082.63, 3089.52, 3066.28, 3088.8];"[3245.67011812 3255.73835004 3283.07790772 3299.83563808 3319.25020887
 3321.63243035 3324.47799622 3332.33921559 3326.13214639 3322.2138229
 3312.71869524 3301.65580133 3295.59951916]";2017-07-16 12:00:00;2017-10-08 12:00:00
80;13;catboost_normal;0.1467642594556714;16.666666666666668;0.15953433238438583;3872.2532732309933;0.15953396922590649;3506.226244169771;[21933.7, 21756.8, 21919.9, 23215.0, 23638.2, 25084.1, 24505.6, 24603.5, 23865.8, 24007.9, 23744.0, 23576.6, 24096.9];"[24160.03713419 23863.07786464 21309.37911743 21154.89936974
 21101.24723917 19913.65640766 19254.93821631 18603.43946606
 18668.64382018 18646.87819553 20050.52050896 21326.72013386
 20978.85134973]";2016-01-17 12:00:00;2016-04-10 12:00:00
50;13;catboost_normal;0.021924049926384193;66.66666666666667;0.021718812940399592;192.29886087217696;0.021718654379418043;148.75872394801607;[6603.4, 6634.0, 6674.3, 6893.4, 6969.6, 6873.4, 6902.7, 6913.6, 6781.8, 6883.4, 6898.3, 6698.8, 6614.9];"[6658.65206866 6639.35505785 6662.18320992 6688.28808082 6721.71681759
 6759.79314394 6852.23266752 6883.7257173  6968.86013975 7016.88704954
 7045.95449531 7022.97070527 7036.72353203]";2017-11-26 12:00:00;2018-02-18 12:00:00
64;13;catboost_normal;0.01968611085563942;91.66666666666667;0.019787234937489576;411.7978643650098;0.0197871800070949;357.3242371280276;[18976.0, 17225.0, 17930.0, 19102.0, 19630.0, 17368.0, 17563.0, 18451.0, 19373.0, 17633.0, 17341.0, 18433.0, 19541.0];"[18556.46769618 16624.88358189 17590.08581024 18749.54824117
 19149.41457521 16690.0870227  17419.31899522 18486.2110625
 19707.32456823 17479.54671899 17925.61463176 18920.65769332
 19576.75976846]";2016-04-10 12:00:00;2016-07-03 12:00:00
81;13;catboost_normal;0.00295330430897871;83.33333333333333;0.002947827376016628;14.630009647466817;0.0029477940680679208;13.044330890883499;[4417.421, 4434.675, 4430.035, 4412.757, 4414.728, 4419.787, 4422.151, 4410.932, 4409.458, 4417.371, 4423.566, 4427.224, 4414.39];"[4423.1951052  4434.90390713 4433.03828762 4423.72489395 4427.29192853
 4432.46980607 4435.33328627 4431.10794806 4431.56577027 4437.13911365
 4441.6388448  4438.74399476 4433.91841527]";2016-10-16 12:00:00;2017-01-08 12:00:00
37;13;catboost_normal;0.07005559513470978;50.0;0.06709386756952754;253.94044113427634;0.06709287317881808;226.35640581921857;[3347.97, 3335.34, 3272.9, 3326.12, 3234.06, 3210.81, 3213.96, 3223.29, 3196.18, 3212.56, 3211.66, 3289.28, 3241.11];"[3365.73238607 3346.75865137 3383.54630447 3453.67754553 3490.66926868
 3523.71027061 3550.47382508 3537.8706639  3524.9776267  3506.19146646
 3467.25358129 3516.36921956 3590.64246596]";2017-04-16 12:00:00;2017-07-09 12:00:00
21;13;catboost_normal;0.14330649155678665;58.333333333333336;0.15425568794503094;685.2353420106726;0.15425351212042088;552.0204915612867;[3780.0, 4430.0, 3380.0, 4100.0, 2710.0, 3980.0, 3720.0, 3300.0, 3460.0, 2760.0, 4730.0, 3930.0, 3180.0];"[3399.87633828 3331.71278024 3423.26558459 3518.50761463 3291.53509281
 3318.5984496  3060.96222984 3186.01910871 3141.26894215 3138.37403697
 3188.451167   3178.45862046 3246.94692685]";2016-10-30 12:00:00;2017-01-22 12:00:00
5;13;catboost_normal;0.44638276829656215;58.333333333333336;0.3427066604643238;250.31488550908372;0.34267923263962075;215.08085603822622;[564.0, 602.0, 574.0, 572.0, 492.0, 475.0, 477.0, 456.0, 440.0, 481.0, 551.0, 467.0, 469.0];"[646.6208649  679.75408052 608.44555865 614.83755741 684.75396156
 622.26358058 683.66394852 747.26803685 764.70971032 777.74432585
 813.60855907 880.52728211 891.85366214]";2016-07-31 12:00:00;2016-10-23 12:00:00
37;13;catboost_normal;0.02597637488750609;41.666666666666664;0.025529934223345985;105.11940220740661;0.02552957140007731;89.82548779427519;[3570.4, 3609.6, 3596.17, 3571.67, 3512.38, 3459.61, 3423.1, 3516.29, 3469.76, 3443.03, 3456.52, 3444.95, 3390.58];"[3561.85030428 3567.86355802 3593.62264142 3604.37124573 3622.5252855
 3592.00499311 3552.34793159 3579.94594765 3558.89431046 3580.18345798
 3561.65406039 3565.08615274 3585.7744599 ]";2017-01-15 12:00:00;2017-04-09 12:00:00
51;13;catboost_normal;0.041076859227468655;41.666666666666664;0.0397764410127317;354.9794629876773;0.03977616049570384;282.00937757609364;[6980.8, 7049.9, 6985.1, 7060.9, 7021.9, 7015.0, 6921.2, 6940.5, 6942.0, 6894.3, 6783.9, 6801.8, 6773.4];"[7028.85629015 7047.92275425 7103.44096521 7117.68898308 7144.9564128
 7184.01695644 7186.40756968 7218.14125848 7277.61353406 7329.97278871
 7362.38675801 7404.72715313 7426.73599299]";2018-09-02 12:00:00;2018-11-25 12:00:00
81;13;catboost_normal;0.004476433166578155;75.0;0.0044625696479163954;23.328397816000034;0.004462519372528257;19.805237312817624;[4431.616, 4439.281, 4434.957, 4426.102, 4427.881, 4438.247, 4437.549, 4418.019, 4418.523, 4423.215, 4426.156, 4424.565, 4418.319];"[4436.27264667 4439.83741901 4442.25170698 4435.07309309 4439.36625042
 4451.05763844 4454.12254034 4451.64874604 4451.3460386  4454.75871077
 4458.39741332 4456.39946944 4451.36641197]";2016-07-17 12:00:00;2016-10-09 12:00:00
21;13;catboost_normal;0.11229885616814506;50.0;0.10372900066928999;421.50308646987537;0.10372741164448397;340.8817999791426;[3700.0, 3910.0, 3510.0, 3430.0, 3000.0, 3170.0, 2810.0, 2780.0, 2720.0, 2800.0, 3990.0, 3510.0, 4030.0];"[3959.57017147 3949.97373483 3541.57165139 3292.31578211 3496.08282146
 3314.46753344 3214.36634597 3376.67315435 3448.73308044 3635.59590306
 3661.81394613 3672.29396111 3763.73522954]";2016-07-31 12:00:00;2016-10-23 12:00:00
5;13;catboost_normal;0.5246123130688068;58.333333333333336;0.4045538090150264;363.52199782237756;0.40452903057375517;337.53957204628944;[1142.0, 631.0, 555.0, 537.0, 525.0, 576.0, 652.0, 803.0, 1157.0, 766.0, 736.0, 602.0, 549.0];"[ 904.00154968  829.39633181  768.97895183  858.26126281  945.94604925
 1074.23658268 1087.50504226 1086.88226789 1096.43800611 1321.91786899
 1211.16272693  904.25830542  932.90860254]";2016-05-01 12:00:00;2016-07-24 12:00:00
38;13;catboost_normal;0.03125816003067212;58.333333333333336;0.03252062017839234;280.9528247637645;0.032520324456083244;179.03212776368386;[5820.04, 5811.86, 5764.85, 5774.63, 5782.51, 5729.81, 5736.21, 5784.8, 5783.06, 5742.76, 5732.81, 5730.19, 5678.13];"[5834.67964646 5846.31029372 5840.43808751 5832.19559238 5740.55180588
 5720.22664402 5738.53411565 5620.80051618 5549.18922073 5442.23233505
 5497.23729962 5393.12416822 4857.8580851 ]";2018-12-30 12:00:00;2019-03-24 12:00:00
64;13;catboost_normal;0.03694238453106425;100.0;0.036982415997628845;763.5219233528476;0.036982312824882395;664.4621776498005;[19663.0, 16441.0, 16657.0, 17634.0, 18346.0, 16401.0, 16901.0, 17610.0, 18915.0, 16785.0, 16766.0, 18091.0, 19778.0];"[18433.33475524 16565.80511926 17232.77640971 18340.29167688
 19061.87359004 17088.51958424 17282.15296965 17974.38588558
 19123.28094841 17683.42174314 17279.30658391 17393.78475327
 18242.68669287]";2016-01-10 12:00:00;2016-04-03 12:00:00
51;13;catboost_normal;0.015332145242221195;41.666666666666664;0.015141763444235706;151.25365285089285;0.015141659143508837;109.91623468768285;[7391.3, 7443.9, 7408.9, 7293.2, 7098.6, 7226.2, 7146.0, 7176.7, 7186.5, 7153.3, 7178.3, 7167.6, 7053.8];"[7355.93326506 7324.02184711 7328.13280597 7291.66567757 7256.32724945
 7229.56323356 7206.82969874 7182.3405041  7244.27915446 7302.10464033
 7335.60891005 7376.81688271 7444.49437325]";2018-06-03 12:00:00;2018-08-26 12:00:00
5;13;catboost_normal;0.19492267138273445;75.0;0.18716579961277668;227.724064156703;0.1871545225776387;159.6180929574699;[901.0, 826.0, 727.0, 737.0, 1423.0, 740.0, 689.0, 627.0, 612.0, 640.0, 842.0, 686.0, 691.0];"[937.34876034 780.81399626 772.08231914 753.76090504 771.02702717
 802.02058639 783.63389656 728.23859054 832.74784174 842.5532265
 965.45586775 887.92765201 964.10658587]";2016-01-31 12:00:00;2016-04-24 12:00:00
38;13;catboost_normal;0.026477135915110837;33.333333333333336;0.0270111523392195;187.6021904203675;0.027010914113936357;153.13439970101507;[5576.59, 5560.62, 5574.51, 5610.11, 5670.84, 5729.68, 5738.84, 5746.82, 5757.71, 5806.67, 5826.29, 5845.12, 5835.31];"[5555.71670979 5563.74455209 5565.50233995 5567.94759172 5580.52657819
 5578.43184761 5578.05969414 5571.24438393 5564.33202997 5560.46880691
 5547.82145619 5535.5087557  5525.30716187]";2018-09-30 12:00:00;2018-12-23 12:00:00
21;13;catboost_normal;0.18483561686422606;41.666666666666664;0.21628548349155066;1145.7242610535113;0.21628260059501103;824.6370675854062;[3030.0, 3040.0, 3880.0, 3480.0, 3410.0, 3010.0, 3570.0, 4480.0, 6190.0, 4490.0, 3900.0, 4270.0, 3680.0];"[3143.58720292 3038.27686711 3165.20254763 2912.52745186 3134.03993766
 3089.20979907 3056.11519711 3265.19649035 3049.25365968 3098.38611204
 3133.45847647 3048.4096181  2961.64876538]";2016-05-01 12:00:00;2016-07-24 12:00:00
81;13;catboost_normal;0.0037489138489066897;58.333333333333336;0.0037390330037276316;19.7745672344863;0.0037389909269308747;16.612742909041188;[4447.993, 4451.709, 4444.723, 4437.061, 4438.168, 4447.026, 4431.286, 4421.884, 4423.008, 4431.684, 4438.233, 4436.086, 4429.767];"[4444.71261197 4449.76847506 4449.4069279  4448.12324319 4447.15818132
 4452.20131577 4454.1648931  4454.92458282 4452.93551494 4455.7774151
 4456.64283104 4460.13988622 4458.19595345]";2016-04-17 12:00:00;2016-07-10 12:00:00
65;13;catboost_normal;0.012618107046008596;91.66666666666667;0.012739983621322237;118.6079495322148;0.012739899038069154;95.95564400721643;[7318.7, 7580.2, 7605.2, 7418.2, 7320.8, 7633.4, 7663.4, 7564.1, 7418.4, 7616.0, 7729.0, 7645.0, 7464.2];"[7318.86352112 7555.51099779 7555.32824968 7377.3201636  7278.47527872
 7528.29225574 7546.24922376 7461.89506547 7356.01871249 7410.3337857
 7494.00306465 7462.17610269 7385.03724875]";2016-10-09 12:00:00;2017-01-01 12:00:00
38;13;catboost_normal;0.03045969743531304;41.666666666666664;0.02995416703818404;177.75069697133748;0.02995390134694313;168.85365542335205;[5597.92, 5572.46, 5555.03, 5563.82, 5547.62, 5531.04, 5507.48, 5527.02, 5513.72, 5535.84, 5556.87, 5564.39, 5562.15];"[5658.19651806 5660.39890158 5665.08694896 5689.58069168 5695.95548284
 5700.1103863  5706.45354227 5716.35304459 5762.49699734 5747.03282026
 5774.70237483 5784.32086238 5769.76894941]";2018-07-01 12:00:00;2018-09-23 12:00:00
6;13;catboost_normal;0.2752305553189585;58.333333333333336;0.268464387522928;1454.0932924881554;0.26846056018026077;1008.4796186110623;[3117.0, 2579.0, 3199.0, 1716.0, 4558.0, 3001.0, 3263.0, 3110.0, 5899.0, 7148.0, 4048.0, 2707.0, 2579.0];"[2687.92767376 2493.68059068 3128.04624118 3770.99727246 3298.18263738
 2576.44984645 2657.23533304 2989.22174596 3560.47948036 3466.26624345
 2949.02576451 2826.4988576  3399.25446865]";2016-11-06 12:00:00;2017-01-29 12:00:00
65;13;catboost_normal;0.015014118714364562;91.66666666666667;0.015153168664407088;127.9492876481495;0.015153065287379077;111.08491749565732;[7206.4, 7408.1, 7374.0, 7203.8, 7210.9, 7444.1, 7438.5, 7322.7, 7183.3, 7440.0, 7593.0, 7508.5, 7291.2];"[7228.92641033 7466.98077177 7421.21177903 7239.9110178  7077.50888042
 7361.15433903 7339.14205342 7213.83402053 7093.66873376 7249.25658643
 7363.77322939 7301.45845749 7153.02975101]";2016-07-10 12:00:00;2016-10-02 12:00:00
21;13;catboost_normal;0.11367741693568766;91.66666666666667;0.10595628760532214;375.26473506749323;0.1059545166081884;318.2702005469347;[3170.0, 3540.0, 2800.0, 2560.0, 2890.0, 2980.0, 2860.0, 2940.0, 2690.0, 2660.0, 3410.0, 2470.0, 3340.0];"[3219.38688781 3398.07667245 3201.17964544 2972.46470909 3030.75287091
 3583.55977043 3002.73315896 3277.0806816  3099.1740396  2922.58579595
 3266.84739965 3245.01625332 3021.49713389]";2016-01-31 12:00:00;2016-04-24 12:00:00
6;13;catboost_normal;0.5513078487819463;41.666666666666664;0.410708823234848;1506.761010620708;0.4107024679272272;1346.3534379256573;[2625.0, 2364.0, 2455.0, 2540.0, 2293.0, 2191.0, 2353.0, 2180.0, 2281.0, 2264.0, 3288.0, 3862.0, 2982.0];"[3539.6081294  3590.80545894 4106.44325503 2813.24855159 3946.94949554
 4313.78634257 4288.34477104 3152.78057663 3814.16767835 4382.56129508
 5562.92605453 4071.17860068 3597.79448366]";2016-08-07 12:00:00;2016-10-30 12:00:00
51;13;catboost_normal;0.026478314691299607;41.666666666666664;0.026039450032082842;218.5218182729219;0.026039275578848775;194.37602595236527;[7347.4, 7240.5, 7160.4, 7361.2, 7318.6, 7187.5, 7437.4, 7509.5, 7502.2, 7617.1, 7447.5, 7598.0, 7374.8];"[7414.99808664 7461.07194018 7485.13284985 7511.58438643 7526.30758985
 7548.02239726 7579.71423882 7625.39821293 7635.20518533 7679.27742788
 7712.76192254 7719.88432714 7729.62977254]";2018-03-04 12:00:00;2018-05-27 12:00:00
81;13;catboost_normal;0.0021718523103262115;83.33333333333333;0.002168912771801655;10.785213162184489;0.0021688884120319722;9.6555356635621;[4450.93, 4456.214, 4451.298, 4444.886, 4446.48, 4459.074, 4447.682, 4439.208, 4441.358, 4446.24, 4450.735, 4444.587, 4443.595];"[4454.61755577 4457.69794242 4459.12605336 4450.38020369 4455.0138605
 4462.25517093 4461.98079063 4456.04051625 4454.99274033 4461.0702777
 4461.7748079  4457.91832591 4454.94071822]";2016-01-17 12:00:00;2016-04-10 12:00:00
65;13;catboost_normal;0.009718662745319191;100.0;0.009764495584554844;83.33230815652526;0.009764427761385617;70.2998348324587;[7191.9, 7367.5, 7320.0, 7062.6, 7023.3, 7253.0, 7254.0, 7120.5, 7024.6, 7303.8, 7369.9, 7239.1, 7070.5];"[7124.15181745 7287.12937973 7275.44851606 7137.67662306 7043.72803717
 7208.71551032 7245.49348509 7182.58418242 7082.54695105 7125.42759985
 7224.40642188 7156.80888232 7023.75632817]";2016-04-10 12:00:00;2016-07-03 12:00:00
6;13;catboost_normal;0.167020832961644;41.666666666666664;0.17719148594207007;737.92146666891;0.1771886521753983;559.122467465363;[2920.0, 3040.0, 2906.0, 2843.0, 2927.0, 3549.0, 3401.0, 2549.0, 3486.0, 3377.0, 4619.0, 3146.0, 2698.0];"[2801.10075976 3387.02724321 2742.36771381 2544.26870571 2458.89891755
 2712.56094174 3170.48184463 3340.63261404 2867.03059928 2667.4634241
 2663.86715669 3137.5072832  3419.47956627]";2016-05-08 12:00:00;2016-07-31 12:00:00
51;13;catboost_normal;0.02310295391198554;41.666666666666664;0.022816323325721474;256.3512286473711;0.02281617474384578;175.19692900414472;[7461.5, 7525.0, 7607.8, 7789.2, 7805.6, 7688.4, 7687.6, 7710.0, 7682.1, 7715.1, 7749.2, 7605.4, 7345.8];"[7560.32436237 7528.80781553 7531.01648633 7493.82259165 7511.36902644
 7544.28371121 7609.86404857 7624.24990913 7632.13863385 7667.69799567
 7780.23883921 7983.90418274 8039.82728004]";2017-12-03 12:00:00;2018-02-25 12:00:00
38;13;catboost_normal;0.02368370784429172;50.0;0.02327432534137206;163.46346601755263;0.02327412268242606;133.66811458206269;[5564.11, 5546.73, 5585.34, 5611.45, 5613.5, 5619.29, 5708.41, 5712.97, 5684.88, 5674.98, 5662.69, 5637.43, 5668.42];"[5623.20015015 5639.78673164 5652.63063282 5681.51927593 5699.51149359
 5729.69221341 5743.92622644 5760.35897706 5791.24001276 5863.64067341
 5934.24818005 5956.74987886 5951.38104346]";2018-04-01 12:00:00;2018-06-24 12:00:00
82;13;catboost_normal;0.011438868917421796;41.666666666666664;0.011507521900986684;77.33581642185496;0.011507425407290717;68.61901770348238;[6001.5, 5974.5, 5931.6, 6028.6, 6053.0, 6064.0, 6017.2, 5972.1, 5997.6, 5991.1, 5939.8, 5939.5, 5940.6];"[6004.04225785 6008.57606831 6006.60979924 5963.12565549 5931.62947564
 5937.6655155  5961.44338312 5931.40671393 5910.81078799 5868.77607132
 5884.48409529 5885.2830518  5888.45614517]";2016-10-16 12:00:00;2017-01-08 12:00:00
52;13;catboost_normal;0.16339405289092465;41.666666666666664;0.18565376624802973;424.36327304606766;0.18564875719493704;344.38290041599555;[1915.5, 1845.1, 1867.4, 2142.0, 2309.8, 2248.6, 2182.6, 2050.6, 1986.8, 1865.6, 1912.3, 1982.7, 1933.5];"[1923.92841765 1840.29456591 1719.37293805 1693.10312382 1583.84983857
 1477.50417404 1505.37101087 1600.9551519  1634.59120677 1608.60974419
 1633.12843647 1759.11828304 1802.5522386 ]";2017-07-23 12:00:00;2017-10-15 12:00:00
22;13;catboost_normal;0.1377567793222066;50.0;0.1233429270201647;120.05684390771962;0.12333454067667272;91.25958060706094;[753.8, 767.6, 722.9, 769.5, 536.6, 756.4, 813.0, 732.2, 617.9, 617.0, 901.1, 872.9, 739.2];"[762.07144675 795.94381612 814.29295965 803.60504089 825.12165531
 821.12962837 812.10125509 861.18225942 791.82418745 763.93245582
 786.7061009  785.40631752 757.58477161]";2016-10-30 12:00:00;2017-01-22 12:00:00
39;13;catboost_normal;0.008532837111356068;41.666666666666664;0.008518270673770156;57.12730155361608;0.008518196812631992;49.122925002722205;[5816.795, 5807.545, 5761.31, 5766.93, 5777.23, 5727.54, 5732.42, 5780.82, 5776.885, 5739.61, 5732.305, 5721.025, 5674.69];"[5840.78475101 5851.54382775 5887.26029021 5831.76186555 5791.88835454
 5782.84006002 5775.11859979 5746.44198385 5707.23578442 5664.01732651
 5696.87263165 5680.98428869 5662.61270872]";2018-12-30 12:00:00;2019-03-24 12:00:00
6;13;catboost_normal;0.7018961882343024;83.33333333333333;0.51162784789157;1797.6384613049795;0.5116202875226079;1745.66343844729;[2805.0, 2209.0, 2185.0, 2435.0, 2806.0, 2250.0, 2554.0, 2461.0, 2820.0, 3066.0, 2439.0, 2379.0, 2353.0];"[5031.06289197 4635.48090353 3652.49381574 3660.88385369 4603.46073905
 4496.00048027 3774.36442675 3586.03029994 4470.39581796 4819.65814239
 4282.90533564 3789.90105953 4652.98693336]";2016-02-07 12:00:00;2016-05-01 12:00:00
65;13;catboost_normal;0.01026711013684877;100.0;0.010284774082027142;90.63044301983847;0.010284701640887765;73.01965285892332;[6915.2, 7213.8, 7156.1, 6982.2, 6947.9, 7140.1, 7148.1, 7065.2, 6967.2, 7256.5, 7284.3, 7163.4, 7042.0];"[7073.24182704 7240.70601313 7198.09380167 7057.86073888 7011.91180623
 7171.14091342 7173.17786837 7081.97485911 6998.89568082 7081.30963473
 7126.83923115 7073.9812882  6986.01786743]";2016-01-10 12:00:00;2016-04-03 12:00:00
82;13;catboost_normal;0.15009397824364581;25.0;0.1627062955844318;903.0933763734936;0.1627048026782099;886.6809509883795;[5563.1, 5695.1, 5790.2, 5825.1, 5849.1, 5919.1, 5951.8, 5987.8, 6006.2, 6014.0, 5949.9, 5979.0, 5973.7];"[5045.02106347 5045.43828967 5050.85720869 5080.45477059 5049.40130919
 5017.48586797 4975.9922713  4963.81646471 4951.68443984 4939.36216791
 4948.61368783 4946.80019951 4962.31989647]";2016-07-17 12:00:00;2016-10-09 12:00:00
52;13;catboost_normal;0.15106970538704492;66.66666666666667;0.1661226570620222;307.70157062514187;0.1661176580584729;276.7871620681531;[1651.2, 1518.3, 1612.4, 1698.1, 1646.4, 1631.3, 1780.1, 1863.9, 1985.0, 1937.0, 1984.8, 1848.6, 1909.9];"[1539.00528195 1494.22984061 1478.78985234 1487.88161072 1437.91023768
 1417.40158171 1387.77200084 1466.11066524 1545.75527457 1533.31381145
 1509.75635058 1551.77942737 1619.06095806]";2017-04-23 12:00:00;2017-07-16 12:00:00
66;13;catboost_normal;0.02721233562398458;41.666666666666664;0.02769558104707207;433.6467717146385;0.027695480240305152;380.50109010767807;[13361.0, 13641.0, 13485.0, 13635.0, 13869.0, 13787.0, 13846.0, 13810.0, 13958.0, 13995.0, 13987.0, 14185.0, 14413.0];"[13414.03714896 13406.49322123 13409.64137662 13384.57258634
 13428.24805148 13517.36376195 13580.68742672 13442.09459351
 13438.57648051 13420.24696856 13487.5099325  13591.48797529
 13610.60060285]";2005-12-25 12:00:00;2006-03-19 12:00:00
7;13;catboost_normal;0.47914947921729806;66.66666666666667;0.6479491947966326;2720.6533810441583;0.6479397820273314;2382.396950251951;[3430.0, 2870.0, 4620.0, 4890.0, 7470.0, 6960.0, 6430.0, 3970.0, 3650.0, 5730.0, 4500.0, 2870.0, 3270.0];"[3839.66863625 3671.83491485 2981.77702105 2742.73291263 2997.81928097
 2691.23216914 2471.18063164 2144.25963449 1885.88596934 1765.57487603
 1751.39657988 1600.13296924 1568.35115343]";2016-11-06 12:00:00;2017-01-29 12:00:00
82;13;catboost_normal;0.01792339123691413;50.0;0.01811165662212167;97.28933103096284;0.018111472033150045;88.86855833334651;[4793.7, 4788.4, 4849.6, 4895.8, 4892.0, 4895.3, 4871.2, 4954.4, 4995.3, 5043.0, 5029.8, 5033.0, 5040.7];"[4817.29232438 4820.16975665 4806.70200118 4786.82305714 4799.44583902
 4806.76470452 4808.07209558 4826.80184373 4857.52746588 4880.95291055
 4921.91843497 4946.17696831 4958.98550182]";2016-04-17 12:00:00;2016-07-10 12:00:00
66;13;catboost_normal;0.018145006378964875;50.0;0.01848162914548391;358.1314238587625;0.01848155788962384;239.69213315212772;[12799.0, 12920.0, 13070.0, 13267.0, 13198.0, 13164.0, 13167.0, 13157.0, 13252.0, 13168.0, 13155.0, 13236.0, 13381.0];"[13043.98808519 12992.29087756 13077.75195883 13251.62247189
 13311.62406593 13212.00632045 13126.43686095 13090.64894396
 13049.83005853 12925.0459753  12648.55242146 12543.15775796
 12518.36908695]";2005-09-25 12:00:00;2005-12-18 12:00:00
22;13;catboost_normal;0.08333580977111861;50.0;0.07769194088048527;82.0431451651207;0.07768710217897389;62.39565808830423;[822.4, 854.2, 808.2, 804.7, 782.3, 750.1, 749.3, 760.3, 725.5, 727.5, 732.3, 799.9, 754.9];"[816.63999752 844.63872724 811.94010162 867.79497377 782.3944202
 760.71737028 876.72768773 825.7285377  838.61321699 848.02904085
 886.60117661 835.67949955 856.5962546 ]";2016-07-31 12:00:00;2016-10-23 12:00:00
39;13;catboost_normal;0.023954144537900953;58.333333333333336;0.024450884413490134;181.0582945486588;0.02445066874344013;138.60378234548864;[5571.82, 5555.395, 5573.815, 5605.4, 5662.72, 5723.49, 5733.655, 5742.505, 5749.735, 5800.745, 5820.265, 5839.87, 5831.335];"[5556.93781035 5566.96783887 5588.09907764 5594.24286526 5594.89046261
 5608.88129996 5616.62718199 5604.93063488 5590.9562874  5595.05282846
 5563.47695413 5529.20603916 5450.34538183]";2018-09-30 12:00:00;2018-12-23 12:00:00
7;13;catboost_normal;0.1663985346722556;66.66666666666667;0.1591626745325209;450.89492369087503;0.15915895060991517;350.4486041086536;[2120.0, 2040.0, 1790.0, 1630.0, 1880.0, 1880.0, 1920.0, 1430.0, 2390.0, 3330.0, 2250.0, 2470.0, 3030.0];"[2104.60558508 2125.73854403 2141.96744214 2115.88287628 2171.52162194
 2176.65715302 2137.40064284 2133.57267337 2181.42953305 2322.41680335
 2296.82721204 2314.54223135 2340.74215941]";2016-08-07 12:00:00;2016-10-30 12:00:00
82;13;catboost_normal;0.03925125857662348;25.0;0.04017953056354772;206.33688620355397;0.04017910500366019;189.6811483266216;[4654.7, 4729.2, 4737.5, 4787.0, 4810.3, 4845.9, 4846.8, 4866.4, 4878.7, 4903.2, 4810.3, 4789.0, 4816.7];"[4677.22821767 4665.95595037 4640.23425211 4626.11861756 4622.27781436
 4609.04003934 4612.9129908  4617.87927237 4611.78158692 4594.24570261
 4624.02301652 4593.80672099 4559.39732548]";2016-01-17 12:00:00;2016-04-10 12:00:00
52;13;catboost_normal;0.16459105664422177;66.66666666666667;0.14728376236042207;289.0182943076582;0.1472792584128636;241.45625737495916;[1595.2, 1470.2, 1292.7, 1562.2, 1557.3, 1618.7, 1682.1, 1509.6, 1620.9, 1444.6, 1465.8, 1446.1, 1444.9];"[1531.44858053 1630.40486206 1593.25146936 1683.37810728 1653.85327535
 1636.59438411 1727.2182556  1846.64374368 1881.79489549 1885.79398278
 1922.27552309 1907.67029942 1821.40112818]";2017-01-22 12:00:00;2017-04-16 12:00:00
66;13;catboost_normal;0.028968722090845316;41.666666666666664;0.028318249539116803;456.53407011435803;0.028318137857209474;359.03541742342014;[12540.0, 12431.0, 12252.0, 12258.0, 12300.0, 12390.0, 12404.0, 12462.0, 12663.0, 12759.0, 12887.0, 13024.0, 12979.0];"[12590.84879265 12704.95714647 12902.05602627 13099.88829956
 13005.02448252 13072.11735408 12969.40777978 12853.21857946
 12833.20454605 12779.32357916 12823.79532037 12896.9875399
 12852.80329922]";2005-06-26 12:00:00;2005-09-18 12:00:00
22;13;catboost_normal;0.1393173450432161;66.66666666666667;0.15391751661920605;152.7659339668515;0.15390825950704848;128.56780766585038;[736.0, 826.3, 804.9, 807.1, 831.5, 825.9, 1002.8, 1015.5, 904.8, 891.4, 1031.4, 936.5, 848.2];"[713.36714014 773.51279893 723.06839919 794.60816522 708.43669695
 813.25175255 834.35895099 810.17059785 719.82576213 745.46943592
 749.86034964 730.33322508 674.65522577]";2016-05-01 12:00:00;2016-07-24 12:00:00
39;13;catboost_normal;0.03144528045663332;41.666666666666664;0.030898136339575517;184.65277722515364;0.03089786209495802;174.05819845274897;[5588.96, 5569.18, 5548.55, 5560.31, 5543.565, 5526.05, 5504.015, 5518.33, 5507.17, 5527.82, 5549.98, 5559.555, 5560.14];"[5662.81808227 5656.19099785 5667.32977342 5682.01316147 5712.0722383
 5744.19852121 5747.14737985 5767.14450204 5788.74712794 5726.83080157
 5734.85972926 5739.23063325 5697.79863146]";2018-07-01 12:00:00;2018-09-23 12:00:00
66;13;catboost_normal;0.02926817706429857;58.333333333333336;0.030023658376735943;476.4497452667018;0.030023532856198583;359.1134266936933;[11456.0, 11512.0, 11682.0, 11938.0, 12073.0, 12107.0, 12149.0, 12142.0, 12206.0, 12215.0, 12366.0, 12407.0, 12551.0];"[11565.21560386 11566.7701444  11615.38793198 11639.87929513
 11743.05365655 11846.24379528 11829.23257977 11871.76286303
 11971.20551694 11974.40526714 11905.60432389 11639.19263481
 11295.54333673]";2005-03-27 12:00:00;2005-06-19 12:00:00
83;13;catboost_normal;0.006592084250857722;66.66666666666667;0.006599572878576158;44.79778235043168;0.006599517625541593;39.4141437967246;[6016.7, 5923.8, 5945.0, 6050.1, 6069.5, 6022.3, 5944.7, 5985.6, 5996.0, 5978.0, 5937.4, 5937.5, 5944.0];"[5940.39226232 5988.15211018 5999.39795073 6033.72468297 6038.9560815
 5997.14119673 5932.15909095 5949.55942877 5940.47970871 5912.68089808
 5925.72467972 5982.46700847 5963.18482974]";2016-10-16 12:00:00;2017-01-08 12:00:00
52;13;catboost_normal;0.303525383403046;50.0;0.2437453120875491;577.9180789230277;0.2437388666044457;461.0224132314194;[1927.7, 1935.0, 1831.0, 1934.8, 1868.1, 1717.3, 1659.7, 1652.0, 1555.7, 1401.6, 1458.3, 1448.4, 1425.3];"[1925.03214462 1917.8043522  1949.11174837 2026.82304948 2020.68520731
 2036.90465045 2201.35130051 2187.75908301 2185.85144049 2245.9995831
 2333.16170518 2376.56551273 2361.4145882 ]";2016-10-23 12:00:00;2017-01-15 12:00:00
22;13;catboost_normal;0.08408252706111578;75.0;0.08040470566305473;70.84151698171861;0.08039942350519001;61.45168405397336;[806.9, 848.8, 706.2, 731.8, 692.3, 737.6, 652.4, 686.6, 695.1, 723.5, 872.9, 737.6, 731.2];"[893.03110586 894.70279182 804.3755028  792.41851982 768.57004044
 816.39354485 794.88670696 694.48440643 686.71778808 771.4976351
 807.70019828 704.29569775 683.47467728]";2016-01-31 12:00:00;2016-04-24 12:00:00
7;13;catboost_normal;0.18288573945815212;50.0;0.17552244280103751;736.927131337725;0.17551923617973944;496.0959937303469;[2040.0, 2430.0, 2610.0, 2840.0, 2440.0, 2780.0, 2180.0, 2200.0, 2020.0, 4700.0, 2490.0, 2110.0, 2050.0];"[2090.06265628 2333.07060812 2385.4142774  2635.29548145 3260.36534579
 2855.74002881 3329.62338906 2493.16780257 2495.7372272  2629.29689542
 2727.52244335 2578.20747152 2331.8988163 ]";2016-05-08 12:00:00;2016-07-31 12:00:00
67;13;catboost_normal;0.019276641260509212;66.66666666666667;0.018941306339960457;182.6150882998487;0.018941173035340327;134.57188957167077;[6925.91, 6949.42, 6997.28, 7002.45, 6998.8, 6970.53, 7019.43, 7039.14, 7041.96, 6974.79, 6967.61, 6968.64, 6957.49];"[6941.06145973 6947.18690537 6981.05233051 6991.58193124 7044.2653204
 7059.05890621 7104.35112384 7138.73845148 7194.38014833 7248.35148709
 7274.66371587 7300.66709576 7278.86802284]";2012-08-19 12:00:00;2012-11-11 12:00:00
83;13;catboost_normal;0.15610642880327136;16.666666666666668;0.16989111762255865;944.2195183585684;0.169889556724413;924.6048538827331;[5637.1, 5710.0, 5808.9, 5840.6, 5878.3, 5939.6, 5971.4, 5998.6, 6019.2, 5979.9, 6010.4, 5964.3, 5970.2];"[5070.51785449 5055.33097223 5053.44021783 5088.41886208 5066.60576032
 5040.1867171  4987.36856589 4983.47601308 4951.11894238 4878.31093876
 4824.45288775 4876.11177713 4833.29739047]";2016-07-17 12:00:00;2016-10-09 12:00:00
39;13;catboost_normal;0.01630489692644419;33.333333333333336;0.01602241775644451;135.6046759442171;0.016022278083898896;91.9129399145984;[5559.605, 5539.68, 5571.105, 5607.82, 5606.99, 5612.63, 5690.055, 5708.68, 5681.515, 5668.74, 5656.665, 5629.61, 5654.33];"[5600.72749476 5607.16540375 5584.50058003 5602.68358611 5642.96186386
 5665.76614633 5691.34116353 5715.15427151 5753.29422745 5788.58349599
 5864.57589069 5950.56828557 5904.69798152]";2018-04-01 12:00:00;2018-06-24 12:00:00
53;13;catboost_normal;0.027330387529319995;50.0;0.026799894378966273;80.23019473472618;0.026799356411525352;66.7539708863857;[2483.0, 2491.0, 2474.0, 2491.0, 2483.0, 2460.0, 2473.0, 2448.0, 2429.0, 2411.0, 2434.0, 2445.0, 2439.0];"[2480.20226125 2497.59843359 2503.44048835 2505.62206312 2509.38107266
 2520.99697063 2544.64897571 2528.69167514 2536.14875055 2540.88447499
 2555.88414356 2550.11742315 2549.5894113 ]";2016-10-23 12:00:00;2017-01-15 12:00:00
7;13;catboost_normal;1.46975603908203;41.666666666666664;0.7214684795487183;3744.1991402257827;0.721458911231256;2953.3309215445165;[3140.0, 2410.0, 1960.0, 2160.0, 2230.0, 2320.0, 1970.0, 1660.0, 1860.0, 2300.0, 2080.0, 1830.0, 2020.0];"[3288.5445319  3627.34171982 3220.82094564 4273.35552854 4046.41628176
 3554.30942839 3044.61305179 3179.68406294 7311.16937627 5868.69002512
 7148.53555379 7959.62709929 9810.19437482]";2016-02-07 12:00:00;2016-05-01 12:00:00
23;13;catboost_normal;0.23712587149667408;75.0;0.23600442710560396;3571.980867128256;0.2360029994473565;2163.700172029681;[6510.0, 6109.0, 5215.0, 6798.0, 4354.0, 10041.0, 7637.0, 6137.0, 7002.0, 8575.0, 19189.0, 12646.0, 6956.0];"[6838.21908012 7362.6034472  6497.4820521  8079.32652199 7831.13596109
 8535.90276545 7427.08655863 7298.18141203 8663.6623387  8814.13827888
 8079.69812427 8305.3538153  7234.39440793]";2016-10-30 12:00:00;2017-01-22 12:00:00
83;13;catboost_normal;0.03239369947514941;66.66666666666667;0.0330076851863008;172.7134773127704;0.033007346692317294;160.9545064220771;[4794.7, 4851.2, 4901.8, 4886.2, 4907.2, 4861.2, 4953.9, 4955.6, 5023.3, 5029.9, 5033.7, 5024.0, 5058.7];"[4795.07651377 4776.12309704 4764.11419977 4741.1991223  4725.02448012
 4723.12801424 4730.75331601 4754.25848017 4786.37407496 4810.01340811
 4840.8099459  4862.81593256 4880.0538591 ]";2016-04-17 12:00:00;2016-07-10 12:00:00
67;13;catboost_normal;0.046022948433367177;50.0;0.044418989689192896;401.0254640432657;0.04441868165398499;320.2638257458839;[7112.22, 7125.71, 7208.38, 7184.73, 7151.64, 7082.36, 6976.92, 6980.43, 6973.99, 6934.51, 6917.6, 6913.45, 6911.73];"[7123.40231579 7162.30564824 7174.56861994 7202.81739786 7255.53733587
 7313.88801062 7357.81111004 7455.97681459 7508.03006266 7524.42356852
 7514.85264134 7498.21075752 7477.6526916 ]";2012-05-20 12:00:00;2012-08-12 12:00:00
53;13;catboost_normal;0.021837701339778845;50.0;0.021540005742105954;62.28154142409275;0.021539584296164208;55.05129704570943;[2542.0, 2538.0, 2525.0, 2562.0, 2507.0, 2504.0, 2529.0, 2524.0, 2501.0, 2474.0, 2504.0, 2510.0, 2490.0];"[2615.46068683 2638.66655679 2625.65938101 2619.77391735 2590.10189356
 2568.17213311 2574.56986187 2575.41133919 2549.84245096 2527.33441497
 2514.64708204 2496.45081667 2502.47796058]";2016-07-24 12:00:00;2016-10-16 12:00:00
8;13;catboost_normal;0.2298480927871917;58.333333333333336;0.2671089508239147;2231.647801923438;0.26710714666442514;1997.5000976424526;[8100.0, 7481.0, 8953.0, 8087.0, 9724.0, 8993.0, 10011.0, 9705.0, 8397.0, 7560.0, 8669.0, 7574.0, 7106.0];"[8483.55606134 7186.15297776 6969.8671885  7236.3105043  7295.55476843
 6919.06928388 6691.49669026 6183.29586621 6040.39174912 5974.89808715
 5568.53136736 5169.66753514 5440.81877387]";2016-11-06 12:00:00;2017-01-29 12:00:00
83;13;catboost_normal;0.03239389278301276;25.0;0.033029448203813074;170.53006706635713;0.03302909901294424;156.21225585504425;[4662.0, 4740.0, 4733.9, 4786.0, 4826.8, 4837.3, 4853.5, 4869.8, 4885.7, 4776.7, 4788.9, 4783.5, 4822.8];"[4662.69737837 4654.79735794 4667.02100268 4658.71913423 4663.63555796
 4638.36096996 4638.15714424 4634.60430404 4629.21840603 4614.28324515
 4612.82365784 4622.12357726 4641.09369493]";2016-01-17 12:00:00;2016-04-10 12:00:00
67;13;catboost_normal;0.007690171458561556;91.66666666666667;0.007699505214867226;60.12917451325608;0.007699452369310889;56.09472206052991;[7309.97, 7340.33, 7383.94, 7404.36, 7381.58, 7366.77, 7332.78, 7336.38, 7297.89, 7209.33, 7163.9, 7156.12, 7146.0];"[7294.29569767 7300.74557863 7307.91143797 7310.05281219 7308.79949444
 7304.20530298 7296.33202126 7283.77773969 7271.51154051 7252.94186674
 7231.72750078 7224.66118966 7218.88245495]";2012-02-19 12:00:00;2012-05-13 12:00:00
23;13;catboost_normal;0.3437483628527775;16.666666666666668;0.28053121759399136;2255.053215096158;0.2805292441283023;2001.1942635339701;[6275.0, 6233.0, 5937.0, 5427.0, 5937.0, 5770.0, 5123.0, 6352.0, 6082.0, 5159.0, 7150.0, 6767.0, 7283.0];"[6363.8424472  7766.25207106 7805.96486077 8099.09895747 7698.26481656
 8177.54114123 9387.86397472 9415.52913385 7401.14845169 8112.66319767
 8010.68781604 8730.91181274 8540.75674495]";2016-07-31 12:00:00;2016-10-23 12:00:00
53;13;catboost_normal;0.01640186406298087;41.666666666666664;0.01631109174262437;45.068154080863195;0.01631077574465061;42.09830791966204;[2595.0, 2580.0, 2585.0, 2570.0, 2572.0, 2562.0, 2550.0, 2541.0, 2526.0, 2540.0, 2575.0, 2597.0, 2602.0];"[2635.69514701 2629.67774724 2627.63922625 2601.46485359 2599.32875905
 2607.31334529 2606.31021162 2591.21024674 2586.13935908 2583.71820376
 2575.46735695 2563.47990567 2536.20654797]";2016-04-24 12:00:00;2016-07-17 12:00:00
40;13;catboost_normal;0.02194196142605799;33.333333333333336;0.021622780069934226;154.36834908964076;0.021622604504023313;133.15899016457675;[6138.53, 6046.39, 6014.57, 6020.12, 6111.92, 6065.35, 6090.68, 6170.24, 6206.4, 6161.53, 6092.33, 6028.87, 6039.88];"[6135.48432134 6138.78425608 6155.65722033 6147.98941079 6209.9272853
 6221.23094989 6213.01200904 6240.17225547 6249.41756227 6275.43968653
 6311.33788829 6309.73470042 6303.59796907]";2018-07-08 12:00:00;2018-09-30 12:00:00
84;13;catboost_normal;0.006181523966265533;58.333333333333336;0.006225245203306311;165.6624741628116;0.006225227507987075;109.50596332844725;[17289.0, 17312.0, 17335.0, 17364.0, 17429.0, 17501.0, 17567.0, 17632.0, 17683.0, 17718.0, 17753.0, 17791.0, 17808.0];"[17255.56843613 17259.50394996 17290.41429071 17355.01744258
 17447.69974605 17501.31682315 17558.22878905 17639.20998126
 17556.50119249 17536.83064437 17498.52096839 17467.86730559
 17444.19600792]";2016-10-16 12:00:00;2017-01-08 12:00:00
8;13;catboost_normal;0.14186505234752017;25.0;0.1369078289550255;947.2008872526916;0.13690670664045476;839.4703513423539;[6164.0, 5602.0, 5442.0, 5165.0, 6209.0, 5250.0, 5245.0, 5260.0, 5367.0, 7436.0, 6370.0, 7070.0, 7670.0];"[6304.00768484 6320.48067972 6371.71937868 6434.79407914 6405.01865517
 6318.40221657 6383.79182372 6232.03112162 6023.77113735 6342.76296077
 6236.66648165 6098.86316506 6044.60960188]";2016-08-07 12:00:00;2016-10-30 12:00:00
40;13;catboost_normal;0.010855679561312689;66.66666666666667;0.010795751271837935;84.14032758578372;0.01079566472590813;67.33414527933509;[6242.89, 6194.54, 6208.46, 6161.88, 6155.6, 6258.16, 6354.59, 6256.92, 6181.0, 6159.31, 6158.44, 6205.12, 6201.48];"[6221.44199    6214.59736235 6229.05136318 6226.36752673 6216.52387944
 6225.30979476 6232.94003489 6251.57825026 6241.02335054 6310.49432372
 6330.25492842 6293.15340799 6258.41781617]";2018-04-08 12:00:00;2018-07-01 12:00:00
84;13;catboost_normal;0.024615383910647617;66.66666666666667;0.025043710325624694;509.4801139769405;0.025043636518221963;424.91470549251983;[17274.0, 16894.0, 16922.0, 17030.0, 17122.0, 17213.0, 17304.0, 17398.0, 17413.0, 17369.0, 17323.0, 17277.0, 17261.0];"[17349.30066535 17124.73789621 16835.47716485 16786.04615282
 16759.30229893 16931.71427493 17011.43168047 17101.10298574
 16988.31977524 16747.44988435 16584.82567606 16391.97942683
 16276.49806993]";2016-07-17 12:00:00;2016-10-09 12:00:00
67;13;catboost_normal;0.011603565904499182;25.0;0.011503266803361297;103.2875836770676;0.011503188133251732;84.10641875891997;[7209.38, 7181.44, 7188.09, 7174.97, 7194.81, 7277.06, 7317.05, 7316.3, 7288.98, 7267.65, 7264.29, 7286.0, 7285.98];"[7237.55484485 7255.24184362 7269.4015232  7283.88041758 7246.20444688
 7286.00662587 7317.32191809 7326.31923127 7381.98890921 7425.1560103
 7443.7689129  7423.7595483  7448.7792118 ]";2011-11-20 12:00:00;2012-02-12 12:00:00
23;13;catboost_normal;0.12289336922816596;50.0;0.1305353987438817;1465.3295376180436;0.13053450923827103;986.8451356376912;[5553.0, 7108.0, 6771.0, 6069.0, 7901.0, 6650.0, 7937.0, 6179.0, 6471.0, 5706.0, 7346.0, 11900.0, 7296.0];"[6217.56311962 6688.3871484  6659.62214246 6492.167924   6132.10561028
 7175.77920244 6703.77397674 6418.51370738 6031.02975096 6839.55263622
 8105.99045214 7472.9167617  6613.74488797]";2016-05-01 12:00:00;2016-07-24 12:00:00
53;13;catboost_normal;0.08408543488040524;41.666666666666664;0.08878377594956526;246.24611504695497;0.08878197643521137;219.0447521756307;[2517.0, 2548.0, 2573.0, 2579.0, 2571.0, 2597.0, 2603.0, 2599.0, 2591.0, 2580.0, 2625.0, 2647.0, 2643.0];"[2558.00240046 2528.84540146 2474.72527765 2419.10848406 2415.35366455
 2403.02247114 2357.04157033 2318.65961598 2285.14349007 2264.10595154
 2263.6789528  2283.98381364 2335.75192895]";2016-01-24 12:00:00;2016-04-17 12:00:00
8;13;catboost_normal;0.11899655779702732;50.0;0.10932534063194269;886.854570530665;0.1093245114234615;722.0659183381584;[6620.0, 6025.0, 5964.0, 5975.0, 5691.0, 5874.0, 5971.0, 6311.0, 6196.0, 7262.0, 6322.0, 5908.0, 6193.0];"[6440.0306997  6279.59141324 6054.70522104 6039.57491862 6650.53732132
 6772.06800342 7102.10962157 7047.64831944 7408.05668604 7296.73702897
 7328.14396748 7082.24984005 7837.4652969 ]";2016-05-08 12:00:00;2016-07-31 12:00:00
84;13;catboost_normal;0.03730467094068283;25.0;0.038415699234132246;813.7832054525367;0.03841558113200539;624.7962333264014;[15960.0, 15960.0, 15979.0, 16018.0, 16137.0, 16253.0, 16368.0, 16494.0, 16621.0, 16757.0, 16892.0, 17028.0, 17167.0];"[16024.58637559 16195.0729853  16249.54583654 16326.54647495
 16411.85441588 16293.39419283 16149.54620146 15903.25956215
 15860.55675499 15698.10622259 15610.54105346 15591.42664976
 15585.21280343]";2016-04-17 12:00:00;2016-07-10 12:00:00
40;13;catboost_normal;0.014886351530103922;50.0;0.014763340060751494;97.1827927739062;0.014763221517323396;91.93321135271471;[6194.92, 6161.45, 6167.22, 6120.26, 6156.06, 6159.29, 6137.51, 6240.22, 6210.2, 6144.64, 6204.38, 6259.06, 6255.12];"[6246.10830164 6253.84307483 6248.3014904  6239.88778855 6244.39172482
 6257.17340901 6263.37504213 6269.87072595 6285.41482001 6301.49180375
 6319.17283369 6336.18116139 6340.24957141]";2018-01-07 12:00:00;2018-04-01 12:00:00
54;13;catboost_normal;0.0715200162522736;66.66666666666667;0.06807350959445427;398.30606647492465;0.06807283011058121;341.53525025539756;[5056.0, 4936.0, 4551.0, 4461.0, 4515.0, 4725.0, 4863.0, 5097.0, 5191.0, 5195.0, 5328.0, 5342.0, 5207.0];"[5119.48132358 5181.75695076 5155.2562832  5136.11901889 5163.73476921
 5224.1224452  5345.52037205 5349.14533869 5434.41942361 5462.38600463
 5456.00925059 5439.50353646 5439.50353646]";2016-10-23 12:00:00;2017-01-15 12:00:00
23;13;catboost_normal;0.32843099405780163;75.0;0.2605718058030686;3357.0586436891144;0.2605701833356072;2269.291808084027;[8857.0, 7389.0, 7004.0, 6609.0, 6545.0, 6774.0, 6310.0, 5886.0, 5442.0, 6423.0, 7669.0, 6444.0, 6030.0];"[11137.81101909 16605.86993858 13186.64693085  9120.66630005
  7731.47288569  7955.69725381  7453.79985566  7897.6496194
  4186.02193059  5240.22835522  7435.27989536  5809.16089987
  6507.87078301]";2016-01-31 12:00:00;2016-04-24 12:00:00
40;13;catboost_normal;0.009695237170795847;50.0;0.0096292188085002;76.16621608060674;0.009629142794845879;60.990709576630394;[6268.37, 6231.4, 6336.5, 6403.91, 6341.98, 6289.34, 6334.15, 6362.68, 6333.41, 6400.89, 6345.67, 6326.76, 6241.49];"[6381.53046894 6367.92274559 6355.65131043 6342.35917231 6372.40474164
 6368.17679451 6362.86309138 6371.39638399 6388.25220041 6399.92700433
 6390.29366681 6392.11730529 6391.50669215]";2017-10-08 12:00:00;2017-12-31 12:00:00
68;13;catboost_normal;0.010532419943323632;75.0;0.010596546172656655;82.71135681369174;0.010596470026167324;73.73142300757193;[6930.32, 6983.87, 7009.79, 7004.0, 7003.5, 6971.28, 7036.53, 7049.97, 7035.15, 6965.37, 6967.94, 6962.49, 6960.41];"[6911.11370775 6934.51670463 6882.92233735 6877.39281155 6974.83205302
 6901.40977579 6902.95187265 6984.30321543 6935.72045466 6899.78767573
 6996.61094176 7017.33264432 6870.24447844]";2012-08-19 12:00:00;2012-11-11 12:00:00
54;13;catboost_normal;0.04052677390594236;66.66666666666667;0.04050844950606666;217.54929538339786;0.040508001847016244;183.64015851188267;[4444.0, 4183.0, 4082.0, 4311.0, 4716.0, 4705.0, 4511.0, 4596.0, 4434.0, 4459.0, 4655.0, 4948.0, 5029.0];"[4548.00995313 4445.66713474 4445.44411649 4380.27593845 4405.77934507
 4407.39897741 4470.13709872 4586.25114785 4612.63558832 4631.37484045
 4688.95337779 4697.61472317 4734.85759649]";2016-07-24 12:00:00;2016-10-16 12:00:00
24;13;catboost_normal;0.46552078492928406;25.0;0.6606419454469132;1352.9329592826803;0.6606230651703224;1166.9757361567943;[1431.0, 1679.0, 1348.0, 1870.0, 2110.0, 2492.0, 2701.0, 2649.0, 2745.0, 2676.0, 3017.0, 2669.0, 2017.0];"[1319.43557369 1291.24874699 1314.72952494 1387.48404475 1192.22347316
 1137.43420363 1092.60383072 1115.11888134 1020.15743041  929.89345883
  836.57362955  784.40008641  812.01254554]";2016-10-30 12:00:00;2017-01-22 12:00:00
84;13;catboost_normal;0.038831770316771576;16.666666666666668;0.037918745396071256;686.80956052971;0.037918628963107055;617.455435627283;[16298.0, 16240.0, 16188.0, 16129.0, 16037.0, 15936.0, 15848.0, 15760.0, 15781.0, 15825.0, 15868.0, 15912.0, 15937.0];"[16374.38622534 16438.89746773 16509.45472801 16540.47090483
 16606.05707582 16712.7017904  16865.08688979 16829.33190474
 16745.04404283 16673.55335252 16543.52648094 16468.93360043
 16478.47619978]";2016-01-17 12:00:00;2016-04-10 12:00:00
8;13;catboost_normal;0.22825681997254513;75.0;0.20002638915005824;1690.9628989637597;0.20002508463808544;1535.0827011780248;[7809.0, 7068.0, 6665.0, 6737.0, 6937.0, 7440.0, 6745.0, 6558.0, 6735.0, 8058.0, 6924.0, 6250.0, 6298.0];"[8131.96974772 8180.22799851 7369.51939341 8287.72398109 8505.8127936
 8541.60892511 8717.6772832  8323.2208253  8355.99807143 8790.3998444
 8973.4820132  8917.44442217 9084.98981618]";2016-02-07 12:00:00;2016-05-01 12:00:00
54;13;catboost_normal;0.202107877385452;50.0;0.2304369315620969;1056.3697078875414;0.23043415985461013;960.0407373303613;[4186.0, 4430.0, 4422.0, 4544.0, 4799.0, 4872.0, 4900.0, 5018.0, 4789.0, 4871.0, 4817.0, 4617.0, 4560.0];"[4122.38563326 4025.65119435 4024.82844258 3953.88170098 3933.39079836
 3830.66491862 3712.39941756 3826.64788876 3669.56366294 3590.25460967
 3366.95999131 3159.40523803 3128.43691828]";2016-04-24 12:00:00;2016-07-17 12:00:00
68;13;catboost_normal;0.03221057608020286;58.333333333333336;0.031492649700286285;275.97698519577597;0.03149242883780657;224.53012854851553;[7084.31, 7213.96, 7210.41, 7193.77, 7132.76, 6989.48, 6984.93, 6978.37, 6980.37, 6925.21, 6931.86, 6911.15, 6919.07];"[7121.43284854 7142.50270666 7084.3364441  7082.95297329 7108.79754001
 7106.74352122 7168.63014727 7198.21942108 7269.02574113 7292.34926502
 7303.61271394 7382.99809312 7448.31958387]";2012-05-20 12:00:00;2012-08-12 12:00:00
85;13;catboost_normal;0.013437070835430415;58.333333333333336;0.013523689359852372;274.7577435050378;0.013523650783127275;237.0516577641258;[17297.0, 17320.0, 17344.0, 17385.0, 17454.0, 17522.0, 17601.0, 17661.0, 17696.0, 17731.0, 17766.0, 17801.0, 17791.0];"[17338.06668532 17353.75809105 17491.7533693  17568.90815798
 17739.1843815  17485.14975743 17296.07915673 17316.57753308
 17303.29688849 17303.07677204 17338.74032333 17524.02056878
 17612.05813435]";2016-10-16 12:00:00;2017-01-08 12:00:00
24;13;catboost_normal;0.1162440983916851;50.0;0.11262750195173342;141.49015224155627;0.11262206732519292;117.63175739419428;[937.0, 969.0, 1073.0, 1030.0, 870.0, 905.0, 985.0, 949.0, 890.0, 965.0, 1185.0, 1102.0, 1396.0];"[ 941.14525358  925.41638108  931.34250514  948.19431738 1048.74240436
 1035.82630147 1074.14323541 1054.39415355 1164.10110168 1057.89143688
 1087.51093189 1076.25481266 1132.31209266]";2016-07-31 12:00:00;2016-10-23 12:00:00
41;13;catboost_normal;0.017127945382816888;41.666666666666664;0.01692776278541697;122.64796133275591;0.016927624895014363;103.90500460209554;[6145.38, 6055.38, 6021.96, 6036.22, 6123.1, 6070.16, 6098.74, 6178.74, 6219.68, 6168.3, 6093.4, 6048.22, 6047.21];"[6155.97986871 6222.45367059 6252.34044121 6211.29944473 6223.33409255
 6214.93510848 6193.67359584 6194.76399008 6184.95592242 6199.28796674
 6177.49744637 6178.65177995 6178.63357701]";2018-07-08 12:00:00;2018-09-30 12:00:00
9;13;catboost_normal;1.683299533811134;0.0;0.7376573081105874;12342.877351626874;0.7376537464743447;8838.327691057366;[5122.14, 5104.68, 5104.68, 5104.68, 5565.7, 5565.7, 5565.7, 5565.7, 5565.7, 5544.94, 5544.94, 5544.94, 5544.94];"[25427.69361936 36471.91842803 22377.27583426 12451.3201631
 12304.39138086  9209.21687848  8815.20803941  7253.64454296
  7310.14418038  7774.59405788  8481.13417007 11594.07637847
 15872.08231048]";2016-11-27 12:00:00;2017-02-19 12:00:00
85;13;catboost_normal;0.013264688010009908;58.333333333333336;0.013139574476459517;271.0410897558513;0.013139536476345942;227.1777433590049;[17316.0, 16852.0, 16963.0, 17065.0, 17156.0, 17247.0, 17338.0, 17445.0, 17399.0, 17352.0, 17306.0, 17260.0, 17273.0];"[17329.57843511 17431.38081895 17385.98851641 17461.0071433
 17361.16419289 17425.97810262 17439.61662173 17573.98351517
 17498.50834079 17528.91610845 17514.62930132 17488.2653704
 17486.29419654]";2016-07-17 12:00:00;2016-10-09 12:00:00
54;13;catboost_normal;0.1579729991947114;66.66666666666667;0.1433852068248333;597.4052267057475;0.1433832436526205;530.1364302127159;[2919.0, 3181.0, 3126.0, 2814.0, 3002.0, 3132.0, 3443.0, 3769.0, 3832.0, 3945.0, 3682.0, 3672.0, 4123.0];"[3136.44003077 3516.14497681 3360.88757721 3661.90768243 3828.36153863
 3948.44465994 3917.33666784 4035.60012119 4093.80683801 4156.61128804
 4408.47592901 4608.91353553 4858.84274735]";2016-01-24 12:00:00;2016-04-17 12:00:00
24;13;catboost_normal;0.31639939330700745;50.0;0.24970266618328507;395.1276733897273;0.2496922285592717;301.4053718471292;[1056.0, 945.0, 960.0, 978.0, 1032.0, 1127.0, 1116.0, 923.0, 949.0, 996.0, 1078.0, 965.0, 853.0];"[1157.13780361 1094.01196765 1145.86743575 1135.64125115 1104.58544391
 1110.74780362 1266.68793356 1253.62578053 1243.29404709 1368.87062123
 1522.33433952 1669.18270274 1791.77831088]";2016-05-01 12:00:00;2016-07-24 12:00:00
68;13;catboost_normal;0.007241742168761042;75.0;0.007275594537493151;59.90573533071181;0.0072755445297943;52.935363896384985;[7336.09, 7379.33, 7407.99, 7392.09, 7391.54, 7358.16, 7339.81, 7326.71, 7289.33, 7201.37, 7172.15, 7150.62, 7145.48];"[7331.85118772 7324.54294179 7336.97164126 7327.95205984 7325.66803646
 7298.09289863 7263.35580258 7270.51817777 7227.29230971 7179.82112886
 7131.62299101 7043.11876682 7141.7023269 ]";2012-02-19 12:00:00;2012-05-13 12:00:00
85;13;catboost_normal;0.019103633320180776;50.0;0.01946757313581584;459.40129099032947;0.019467514310077785;322.1621246259207;[15969.0, 15965.0, 15987.0, 16063.0, 16179.0, 16295.0, 16411.0, 16536.0, 16671.0, 16807.0, 16942.0, 17077.0, 17202.0];"[16005.14601864 16046.95465248 16069.91322738 16151.16435525
 16244.91000267 16341.41272728 16253.15060389 16297.86104043
 16365.98371941 16306.89076754 16252.01798462 16221.84244921
 16161.64679848]";2016-04-17 12:00:00;2016-07-10 12:00:00
9;13;catboost_normal;5.102392377589153;8.333333333333334;1.2076514611668911;33792.34867242243;1.2076474416412462;25087.727074698163;[4839.82, 4827.26, 4827.26, 4827.26, 4827.26, 5137.97, 5137.97, 5137.97, 5137.97, 5122.14, 5122.14, 5122.14, 5122.14];"[31002.21342451 34094.57729877 49767.23592229 47415.47753314
 89280.95949537 48595.94213312 11770.51593365 13188.38661534
 12879.74102673 11333.06912261 12642.40615778 13451.98726918
 15907.24003859]";2016-08-28 12:00:00;2016-11-20 12:00:00
41;13;catboost_normal;0.008088715676263337;33.333333333333336;0.008112740489742793;62.682545068367475;0.008112675300467729;50.48325920809272;[6253.59, 6206.21, 6210.0, 6172.24, 6173.28, 6271.71, 6366.1, 6266.33, 6198.17, 6171.91, 6171.21, 6216.29, 6209.94];"[6246.19828257 6232.07233354 6223.51974785 6244.55352367 6241.92277737
 6236.39645841 6223.84687172 6197.73594781 6207.52092337 6212.63861487
 6194.20161432 6159.2317039  6117.67790088]";2018-04-08 12:00:00;2018-07-01 12:00:00
55;13;catboost_normal;0.31598369460093007;58.333333333333336;0.3845209395935385;1209.6027483263667;0.3845143935281513;1135.0127667179843;[3030.0, 3099.0, 3193.0, 3261.0, 3334.0, 3440.0, 3538.0, 3633.0, 3733.0, 3814.0, 3877.0, 3929.0, 3978.0];"[2887.37742661 2664.77391486 2403.35391109 2198.2045434  2113.53814722
 2076.88823722 2082.43011258 2120.06017642 2206.32528017 2331.75705633
 2448.66510945 2706.25639632 2864.20372098]";2015-08-16 12:00:00;2015-11-08 12:00:00
68;13;catboost_normal;0.00626846648985103;50.0;0.006309203505141948;69.67172438300628;0.006309159886418481;45.63043651546335;[7187.33, 7197.18, 7182.21, 7179.1, 7213.96, 7316.31, 7318.03, 7313.09, 7268.33, 7265.62, 7282.0, 7296.35, 7293.58];"[7224.85409409 7209.8590501  7212.262812   7194.07886553 7136.89930526
 7128.45863689 7200.31002045 7246.47145301 7267.84840489 7260.19919633
 7294.9885047  7322.26332283 7297.4860423 ]";2011-11-20 12:00:00;2012-02-12 12:00:00
41;13;catboost_normal;0.01925377494047063;41.666666666666664;0.019043281328347345;127.35680522976511;0.01904312897377623;119.0145448260897;[6214.81, 6168.71, 6181.64, 6127.99, 6165.07, 6170.43, 6145.25, 6259.9, 6224.99, 6162.5, 6219.8, 6269.95, 6259.64];"[6281.3244186  6304.45075425 6304.39987219 6303.92590631 6306.61780714
 6338.1417466  6335.3504293  6324.85497631 6328.7208429  6321.73491413
 6320.36822632 6318.52553857 6329.45365012]";2018-01-07 12:00:00;2018-04-01 12:00:00
24;13;catboost_normal;0.8002995547224343;33.333333333333336;0.47841725253319856;1186.4410315394812;0.4784042968334071;903.2438711213701;[1818.0, 1637.0, 1363.0, 1461.0, 1337.0, 1286.0, 1104.0, 1201.0, 1396.0, 1170.0, 1171.0, 1056.0, 959.0];"[1883.49613686 1796.01637789 1758.60318771 1693.13889186 1695.95856314
 1929.95967637 1861.92905023 1743.54982293 2100.53329084 2835.24023047
 2717.75422987 3190.01828239 3494.97258401]";2016-01-31 12:00:00;2016-04-24 12:00:00
9;13;catboost_normal;0.5574522699385835;16.666666666666668;0.4606870932312558;5045.237298527491;0.4606821626429445;2591.67890563551;[4511.77, 4511.77, 4511.77, 4511.77, 4511.77, 4867.99, 4867.99, 4867.99, 4867.99, 4839.82, 4839.82, 4839.82, 4839.82];"[-11895.22376721   4324.10200763   3770.02833359   4998.47560597
   6099.65343601   9065.66451681   5343.62349235   4465.84596439
   4908.19955989   4844.50570459   5974.84571953  -1026.55583087
   6998.90444564]";2016-05-29 12:00:00;2016-08-21 12:00:00
55;13;catboost_normal;0.3290881030422852;33.333333333333336;0.42165759732384495;1048.9045520129189;0.4216476715177777;896.0496146035769;[1989.0, 2101.0, 2233.0, 2344.0, 2433.0, 2508.0, 2577.0, 2668.0, 2767.0, 2828.0, 2880.0, 2912.0, 2977.0];"[1934.70887783 1978.23776881 1994.79017854 1958.33894524 1848.61456394
 1745.14401421 1617.02145197 1478.33839727 1385.0199514  1374.83990347
 1374.17316198 1413.4414026  1465.68639288]";2015-05-17 12:00:00;2015-08-09 12:00:00
41;13;catboost_normal;0.007490847987856492;50.0;0.007453135576046304;57.6767323469111;0.007453076833490455;47.28279340207155;[6278.54, 6247.28, 6368.96, 6412.2, 6356.73, 6304.28, 6375.15, 6372.25, 6340.92, 6415.0, 6359.2, 6344.36, 6272.67];"[6348.18576645 6354.78614642 6371.51087054 6373.22230855 6376.00715172
 6389.76906463 6400.70266557 6398.19075275 6399.02727806 6389.6634395
 6379.82856448 6375.72355266 6376.970249  ]";2017-10-08 12:00:00;2017-12-31 12:00:00
85;13;catboost_normal;0.03715128753709194;58.333333333333336;0.036335126706253246;649.9445821783435;0.03633501504006308;591.177731372088;[16278.0, 16223.0, 16168.0, 16097.0, 16002.0, 15907.0, 15813.0, 15753.0, 15797.0, 15841.0, 15884.0, 15928.0, 15946.0];"[16294.79375187 16393.92219126 16508.86530738 16591.03389154
 16723.88886626 16863.90236787 16798.85580707 16288.10431222
 16428.76657888 16500.01392114 16617.24655193 16632.38264846
 16680.53431194]";2016-01-17 12:00:00;2016-04-10 12:00:00
69;13;catboost_normal;0.0063497368366278945;66.66666666666667;0.006366866519736682;20.85733403960058;0.006366745165672915;16.70225589921312;[2612.74, 2607.29, 2583.84, 2601.24, 2597.5, 2591.6, 2648.13, 2649.71, 2654.19, 2655.63, 2614.58, 2613.64, 2614.93];"[2607.50040558 2604.35612605 2603.36425147 2604.30070895 2610.39418494
 2615.9376713  2616.82719055 2619.01047271 2620.11288578 2619.753085
 2619.64182873 2620.12010053 2620.57074645]";2016-10-16 12:00:00;2017-01-08 12:00:00
25;13;catboost_normal;0.2649763362305301;58.333333333333336;0.323958742603361;1674.0988673763957;0.32395480443158114;1351.419763937764;[2672.0, 3061.0, 2947.0, 4293.0, 3409.0, 4660.0, 5136.0, 6235.0, 5580.0, 4585.0, 6168.0, 4943.0, 3945.0];"[2850.68202337 2941.97093942 3027.05099063 3059.66742891 3117.2423257
 3226.67769451 3212.48083625 3339.49323772 3245.92361496 3189.18691949
 3122.34687824 3131.2530501  3119.03315751]";2016-10-30 12:00:00;2017-01-22 12:00:00
86;13;catboost_normal;0.005240661544960714;58.333333333333336;0.00525498857989535;6.868446082079739;0.005254747951278546;5.737856211517353;[1094.56, 1094.52, 1092.83, 1091.55, 1098.78, 1099.02, 1096.83, 1093.89, 1089.57, 1099.3, 1098.45, 1095.05, 1088.79];"[1083.39197549 1085.74219044 1086.76184956 1085.43691455 1084.36275851
 1093.88800633 1092.86393831 1094.53799322 1092.72915894 1097.41551429
 1100.05666527 1099.65502794 1095.83643286]";2016-10-09 12:00:00;2017-01-01 12:00:00
9;13;catboost_normal;0.7245886481566747;8.333333333333334;0.7867020709074549;4154.743327543865;0.7866914603433789;3322.987107609881;[4567.44, 4567.44, 4567.44, 4567.44, 4567.44, 4627.31, 4627.06, 4627.06, 4627.06, 4585.32, 4585.32, 4585.32, 4585.32];"[10698.77728529  6582.09621517  8863.76679446  6879.77228739
  6277.27746947  5766.32874492  4981.49525149  5208.84650414
 -1179.8558568    448.80994562  2431.30255089  1458.35650684
 -4849.37499315]";2016-02-28 12:00:00;2016-05-22 12:00:00
55;13;catboost_normal;0.97912911745451;33.333333333333336;0.6155193808751025;1717.5126475058366;0.615507109114469;1557.172776586341;[2157.0, 1938.0, 1710.0, 1512.0, 1467.0, 1479.0, 1461.0, 1476.0, 1539.0, 1629.0, 1710.0, 1786.0, 1897.0];"[2207.82125307 2309.95942459 2491.43832592 2706.41719252 3027.81367476
 3312.12675944 3587.10297696 3789.78163437 3895.91177325 3904.79535813
 3738.78658707 3602.61488187 3429.67625367]";2015-02-15 12:00:00;2015-05-10 12:00:00
69;13;catboost_normal;0.016224140423840412;33.333333333333336;0.016217466159397717;48.457154606154305;0.016217158019365043;42.676144854413174;[2608.07, 2646.66, 2640.57, 2648.46, 2647.64, 2668.46, 2641.29, 2629.53, 2628.42, 2628.2, 2602.33, 2599.62, 2609.4];"[2605.50327521 2592.57864114 2603.94979513 2602.61852857 2597.77439366
 2603.7556042  2601.78430622 2617.32901006 2640.83891106 2654.01134121
 2667.54762244 2667.94606944 2687.02949315]";2016-07-17 12:00:00;2016-10-09 12:00:00
42;13;catboost_normal;0.018242851461364156;25.0;0.01802396884375347;127.66470755792821;0.018023821996506376;110.61332442836822;[6141.955, 6050.885, 6018.265, 6028.17, 6117.51, 6067.755, 6094.71, 6174.49, 6213.04, 6164.915, 6092.865, 6038.545, 6043.545];"[6176.30717288 6177.51489805 6204.3793159  6195.77198623 6174.8522389
 6191.75625829 6197.01236857 6206.56326245 6193.34439509 6216.05052722
 6229.03051848 6236.96203189 6245.6870338 ]";2018-07-08 12:00:00;2018-09-30 12:00:00
69;13;catboost_normal;0.011018318631933258;83.33333333333333;0.010947327996570536;31.525134169082413;0.010947121874028857;29.071216050674767;[2669.63, 2633.77, 2647.55, 2648.15, 2648.42, 2678.92, 2648.23, 2651.82, 2653.24, 2640.42, 2627.41, 2621.7, 2608.32];"[2670.23596542 2666.84398697 2676.44563911 2682.81332962 2686.34742817
 2684.32119047 2681.36524678 2682.21091234 2675.85859469 2674.73825642
 2672.21114129 2659.26386778 2642.85024959]";2016-04-17 12:00:00;2016-07-10 12:00:00
86;13;catboost_normal;0.006565618940301929;50.0;0.0065939271438539985;8.20073953675389;0.006593623858894487;7.167845580619401;[1093.15, 1091.9, 1091.7, 1088.48, 1095.76, 1092.61, 1092.08, 1090.49, 1081.2, 1091.38, 1090.44, 1088.48, 1084.39];"[1085.15957034 1087.5556973  1086.79245121 1082.78071556 1080.18983721
 1081.28904624 1081.78523143 1080.2963577  1078.40525355 1081.42685264
 1084.6877844  1084.71320658 1083.79600331]";2016-07-10 12:00:00;2016-10-02 12:00:00
10;13;catboost_normal;0.14884517640601563;66.66666666666667;0.1329076820833558;58.65512243217816;0.13288879113758284;46.81214275895651;[337.19, 359.52, 357.62, 368.22, 328.77, 391.31, 340.06, 323.19, 323.3, 339.94, 316.45, 295.99, 280.07];"[347.78533342 351.51252972 355.42481575 363.85522078 377.26206606
 387.63025475 389.79204777 393.9565061  400.2644921  402.61185634
 393.72323824 386.79610642 383.07903041]";2016-11-27 12:00:00;2017-02-19 12:00:00
42;13;catboost_normal;0.0063362105935293265;50.0;0.006341926018067758;49.86442726181844;0.0063418751229432765;39.51414617680957;[6248.24, 6200.375, 6209.23, 6167.06, 6164.44, 6264.935, 6360.345, 6261.625, 6189.585, 6165.61, 6164.825, 6210.705, 6205.71];"[6213.04186269 6208.46840605 6227.05864625 6234.75968635 6223.59342571
 6222.52484955 6237.57419787 6226.58270885 6226.60551778 6202.64853915
 6206.25115131 6203.29832173 6208.30546838]";2018-04-08 12:00:00;2018-07-01 12:00:00
69;13;catboost_normal;0.02485403438589525;50.0;0.0244482700925587;76.55524110208283;0.024447817552497204;66.0472210131348;[2685.56, 2645.19, 2632.35, 2634.92, 2635.38, 2630.17, 2669.06, 2663.58, 2661.49, 2666.25, 2658.36, 2664.73, 2668.03];"[2694.66525616 2689.57259835 2679.94624388 2675.6968223  2663.6418
 2679.75419348 2703.80696589 2730.54019374 2733.84788941 2752.26178151
 2770.76193494 2782.13153502 2817.05665849]";2016-01-17 12:00:00;2016-04-10 12:00:00
25;13;catboost_normal;0.3068675461093711;58.333333333333336;0.25637548084174855;930.1092920201442;0.25637151369867306;828.9435092398902;[3184.0, 3643.0, 2946.0, 2974.0, 2711.0, 2826.0, 2615.0, 2626.0, 2460.0, 2564.0, 3162.0, 2766.0, 2687.0];"[3147.39905602 3495.40263465 3487.96520356 3541.56227356 3645.24885778
 3753.88216075 3916.1822963  3866.5453743  3771.34208638 3979.59561292
 3737.33555515 3586.38772826 3643.02016183]";2016-07-31 12:00:00;2016-10-23 12:00:00
55;13;catboost_normal;0.24153855025464285;50.0;0.24309814768653676;811.6847790338652;0.24309386784935058;692.6238889089005;[3594.0, 3432.0, 3410.0, 3359.0, 3295.0, 3246.0, 3220.0, 3089.0, 2853.0, 2637.0, 2543.0, 2428.0, 2268.0];"[3665.82197243 3545.94847413 2873.32535728 2583.91881237 2265.44271573
 2160.73150868 2087.89175089 2343.7556993  2708.85223458 2941.7352375
 3189.7424743  3386.50814051 3728.27233578]";2014-11-16 12:00:00;2015-02-08 12:00:00
10;13;catboost_normal;0.35040209184372306;50.0;0.2757174048624027;148.49939155950648;0.27568556181832127;119.73509640575556;[427.78, 437.81, 417.77, 415.81, 431.78, 387.4, 343.68, 328.86, 334.28, 360.27, 327.28, 314.49, 326.39];"[459.34428773 433.91318623 419.90926657 421.15380521 461.33096624
 510.98890699 533.66378824 546.87345561 533.71286747 602.39214579
 514.85317478 477.61736604 486.60940883]";2016-08-28 12:00:00;2016-11-20 12:00:00
42;13;catboost_normal;0.014571544793480412;66.66666666666667;0.014450444596984063;96.37680789050307;0.014450328573812687;89.98955126793932;[6204.865, 6165.08, 6174.43, 6124.125, 6160.565, 6164.86, 6141.38, 6250.06, 6217.595, 6153.57, 6212.09, 6264.505, 6257.38];"[6268.08561599 6275.19009286 6266.88087931 6260.0301643  6265.08249534
 6278.38916353 6275.53364124 6277.08836124 6271.10051949 6289.40169307
 6294.69921973 6316.32607856 6322.56124182]";2018-01-07 12:00:00;2018-04-01 12:00:00
70;13;catboost_normal;0.03850811543151181;16.666666666666668;0.039507586940365505;83.9150197842653;0.039506522527984894;73.32540159882734;[1930.0, 1927.0, 1927.0, 1907.0, 1906.0, 1903.0, 1903.0, 1902.0, 1897.0, 1897.0, 1896.0, 1893.0, 1892.0];"[1930.79088318 1879.26009302 1880.73433093 1760.93829358 1776.92746465
 1792.02749549 1802.53704649 1805.50527367 1822.38638427 1830.21571211
 1833.23353612 1836.09552313 1877.69950894]";2012-04-22 12:00:00;2012-07-15 12:00:00
25;13;catboost_normal;0.29613364028029826;16.666666666666668;0.24313755656956998;1154.9152306841188;0.24313425411151715;906.6199361628637;[2841.0, 2684.0, 3342.0, 3072.0, 3792.0, 3102.0, 3135.0, 3031.0, 2847.0, 3076.0, 3444.0, 3522.0, 2869.0];"[3096.63880851 3217.25645729 3150.2009458  3282.00736974 3128.6627411
 3492.74849749 4350.58216688 5851.77760053 4497.9719591  4322.66230676
 4185.68445144 4059.9177422  4196.67549708]";2016-05-01 12:00:00;2016-07-24 12:00:00
86;13;catboost_normal;0.018948629526172774;100.0;0.019141486156709957;21.202287192638757;0.019140595052706762;20.557786776943324;[1083.1, 1081.99, 1083.34, 1080.92, 1084.51, 1086.96, 1086.35, 1083.46, 1082.01, 1090.28, 1089.73, 1086.96, 1078.87];"[1068.36898817 1066.26760506 1067.1456033  1064.80557776 1067.84303196
 1068.67703665 1066.76283613 1065.265786   1062.13297472 1062.35126965
 1060.51150923 1058.10921588 1052.98733741]";2016-04-10 12:00:00;2016-07-03 12:00:00
10;13;catboost_normal;0.26799525208748265;58.333333333333336;0.22781457833807403;139.19987025536074;0.22779306960630102;120.89323967473089;[602.03, 519.05, 508.48, 491.4, 498.83, 530.54, 440.89, 424.67, 435.69, 495.93, 429.89, 416.21, 416.52];"[523.3364306  522.86971924 533.53958481 538.35602181 568.08932703
 633.9503477  641.77933213 660.10922184 613.24314852 631.386055
 595.05196945 579.83974576 582.80407308]";2016-05-29 12:00:00;2016-08-21 12:00:00
70;13;catboost_normal;0.2721027463073172;16.666666666666668;0.23944265754780933;533.3970480498945;0.23943727779024268;532.847009116773;[1980.0, 1979.0, 1976.0, 1976.0, 1970.0, 1970.0, 1955.0, 1955.0, 1952.0, 1952.0, 1937.0, 1937.0, 1930.0];"[2482.88966853 2483.59632727 2483.285804   2484.18089186 2485.09838374
 2487.19148531 2491.16876995 2494.85956444 2496.88839085 2499.54233436
 2502.55535762 2502.76134004 2501.99280052]";2012-01-22 12:00:00;2012-04-15 12:00:00
25;13;catboost_normal;1.5150401996296148;58.333333333333336;0.7676272817398099;5689.268504941187;0.7676208439990181;4809.799123604587;[4826.0, 3982.0, 3492.0, 3404.0, 3462.0, 3572.0, 3226.0, 3436.0, 2528.0, 2880.0, 3546.0, 3098.0, 2939.0];"[ 6975.66953975  6169.83838535  5637.31930905  6481.8993954
  5505.44551722  5940.88214577  6464.24471577  7476.83670289
  8527.5683178  10609.4364164  13287.95561642  9596.55222843
 14244.7403166 ]";2016-01-31 12:00:00;2016-04-24 12:00:00
42;13;catboost_normal;0.009903120440373506;58.333333333333336;0.009832719315577583;75.57598070747102;0.009832641843681548;62.399043636474744;[6273.455, 6239.34, 6352.73, 6408.055, 6349.355, 6296.81, 6354.65, 6367.465, 6337.165, 6407.945, 6352.435, 6335.56, 6257.08];"[6396.8712073  6395.8010044  6393.46463833 6395.96187949 6400.22183362
 6402.78655489 6406.38784565 6400.14071889 6398.47305731 6383.38825278
 6379.15212724 6363.75856162 6353.5251503 ]";2017-10-08 12:00:00;2017-12-31 12:00:00
56;13;catboost_normal;0.5801819593359252;0.0;0.43184394551979655;928.4523975136665;0.43183317846030267;866.3423065083421;[2070.0, 1970.0, 1830.0, 1730.0, 1640.0, 1550.0, 1500.0, 1460.0, 1460.0, 1390.0, 1370.0, 1370.0, 1410.0];"[2303.77436929 2308.71042054 2327.88747678 2354.29551914 2391.26604125
 2415.12118391 2468.03412433 2529.36875517 2561.05712115 2584.0544253
 2594.66804551 2597.03793275 2577.17456948]";2017-01-01 12:00:00;2017-03-26 12:00:00
70;13;catboost_normal;0.006136267556473043;33.333333333333336;0.00611513513315864;16.782907931023953;0.006115013027501467;15.312341442619596;[2513.0, 2509.0, 2507.0, 2504.0, 2504.0, 2503.0, 2503.0, 2497.0, 2497.0, 2489.0, 2488.0, 2480.0, 2485.0];"[2504.38391994 2502.51355864 2506.18739323 2519.78751931 2522.68382334
 2514.66537787 2519.19472808 2521.81617536 2515.74038375 2506.92912851
 2500.96126326 2506.06163705 2505.30527403]";2011-10-23 12:00:00;2012-01-15 12:00:00
86;13;catboost_normal;0.005609650383419525;58.333333333333336;0.005619548008424154;7.0012195636540335;0.005619284150385703;5.983925801309152;[1062.93, 1063.57, 1063.26, 1061.28, 1068.82, 1068.76, 1067.69, 1064.59, 1070.85, 1072.62, 1071.34, 1069.33, 1061.76];"[1068.00092247 1067.52755462 1065.05910172 1057.80586454 1057.11773478
 1055.5173743  1058.72590037 1059.59879305 1065.17733723 1070.89999678
 1074.06097186 1073.77036196 1071.79512385]";2016-01-10 12:00:00;2016-04-03 12:00:00
26;13;catboost_normal;0.27048127104187114;50.0;0.3242934430732793;1058.5162921765302;0.3242872168873484;868.028526369962;[2144.0, 2144.0, 1752.0, 2314.0, 2645.0, 2643.0, 3120.0, 3302.0, 3802.0, 2762.0, 3713.0, 4473.0, 2643.0];"[1861.40226012 1843.78060176 1915.19807868 1854.50378718 1937.6076813
 1876.71921056 2153.16311295 2096.48491399 2245.37580716 2211.93910976
 2232.7328858  2123.72621804 2146.39164725]";2016-10-30 12:00:00;2017-01-22 12:00:00
43;13;catboost_normal;0.023007315350931392;41.666666666666664;0.022697461812865652;143.62811865018674;0.022697266622131413;131.9671661974173;[5813.55, 5803.23, 5757.77, 5759.23, 5771.95, 5725.27, 5728.63, 5776.84, 5770.71, 5736.46, 5731.8, 5711.86, 5671.25];"[5834.28650445 5848.97114056 5880.02807614 5896.70856284 5929.24201014
 5908.88759341 5887.39432477 5858.32932036 5862.84119115 5859.99730924
 5908.99983315 5912.20158696 5886.23570741]";2018-12-30 12:00:00;2019-03-24 12:00:00
70;13;catboost_normal;0.013789692308987947;50.0;0.013662545117837547;39.8420659350963;0.013662273461045463;34.356508181432325;[2530.0, 2529.0, 2490.0, 2490.0, 2484.0, 2483.0, 2475.0, 2475.0, 2521.0, 2520.0, 2515.0, 2514.0, 2513.0];"[2533.41788165 2534.09096134 2534.01309882 2533.31235966 2533.26348689
 2538.25854441 2539.41047949 2542.06998433 2541.10581    2540.95311002
 2540.76514271 2538.05733711 2536.91640992]";2011-07-24 12:00:00;2011-10-16 12:00:00
10;13;catboost_normal;0.2288769785406554;41.666666666666664;0.1987798477407336;142.8510860230895;0.1987641237856376;125.70173767643483;[657.55, 612.91, 608.08, 596.75, 605.74, 623.19, 560.13, 557.08, 540.19, 562.56, 535.49, 514.4, 499.47];"[643.88764613 654.44081586 662.03966651 674.12536292 684.91639997
 699.33321927 703.90019124 721.02287571 736.31056121 735.66245362
 729.2610554  721.63786181 713.79977242]";2016-02-28 12:00:00;2016-05-22 12:00:00
43;13;catboost_normal;0.029960284697953938;41.666666666666664;0.030724699506225604;223.68477803926467;0.03072442698737691;173.2000576146035;[5567.05, 5550.17, 5573.12, 5600.69, 5654.6, 5717.3, 5728.47, 5738.19, 5741.76, 5794.82, 5814.24, 5834.62, 5827.36];"[5556.45401348 5561.77726648 5563.47040387 5572.55053318 5579.82927195
 5574.81992837 5567.70639312 5573.06262995 5550.16782438 5475.2495637
 5428.80143561 5447.03156559 5463.08295428]";2018-09-30 12:00:00;2018-12-23 12:00:00
56;13;catboost_normal;0.13513435888951367;8.333333333333334;0.14945158561347693;407.343514361083;0.149448304976814;340.45683371103416;[2370.0, 2400.0, 2430.0, 2450.0, 2490.0, 2530.0, 2570.0, 2590.0, 2580.0, 2560.0, 2440.0, 2300.0, 2170.0];"[2363.74321398 2307.02279019 2200.31125147 2148.46246452 2150.75868131
 2040.19741328 1977.94207954 1907.04300397 1948.34498069 2014.42663923
 2103.89822848 2150.56855606 2198.65814096]";2016-10-02 12:00:00;2016-12-25 12:00:00
26;13;catboost_normal;0.43166013167961814;50.0;0.3379321172815378;870.656594356224;0.33792473796238426;775.5410166261282;[2417.0, 2134.0, 1964.0, 1706.0, 1874.0, 2078.0, 1994.0, 1916.0, 1745.0, 1560.0, 1872.0, 1657.0, 1853.0];"[2546.46320094 2534.23266977 2270.02068983 2749.71244391 2563.04193885
 2531.70901459 2532.06802498 2452.23974041 2826.35797051 2724.77481377
 2948.66279913 3045.68489215 3127.06501731]";2016-07-31 12:00:00;2016-10-23 12:00:00
71;13;catboost_normal;0.0931442442011053;25.0;0.09840233150273608;189.966837562621;0.09839960342621798;177.48667919646078;[1930.0, 1927.0, 1927.0, 1907.0, 1906.0, 1903.0, 1903.0, 1902.0, 1897.0, 1897.0, 1896.0, 1893.0, 1892.0];"[1926.20755459 1788.87965533 1621.28677253 1677.21069019 1682.57466476
 1684.45219821 1704.23246928 1716.72667929 1713.25331119 1726.15660007
 1726.60828967 1726.17347704 1778.91080829]";2012-04-22 12:00:00;2012-07-15 12:00:00
87;13;catboost_normal;0.008288787118198849;41.666666666666664;0.008329346758920931;116.85161244843218;0.008329312214388571;100.41821852529098;[12154.01, 12042.04, 12027.43, 11998.81, 12089.79, 12025.85, 12079.76, 12053.18, 12179.34, 12133.8, 12093.14, 12163.75, 12117.78];"[12022.7532994  12020.68264398 12016.16592144 12098.46881169
 12048.04200058 12065.00788379 11998.77667611 11936.14593448
 11958.86770979 11998.05637319 11989.13751392 11976.67061781
 12002.10116394]";2016-10-09 12:00:00;2017-01-01 12:00:00
71;13;catboost_normal;0.2722254110667878;16.666666666666668;0.239552033558846;533.5379152011232;0.23954665155306432;533.1129786861254;[1980.0, 1979.0, 1976.0, 1976.0, 1970.0, 1970.0, 1955.0, 1955.0, 1952.0, 1952.0, 1937.0, 1937.0, 1930.0];"[2482.97057785 2485.02107052 2485.64610085 2486.92147094 2490.45781258
 2493.18781002 2494.22175186 2496.26871297 2497.54028381 2496.9653717
 2496.93315623 2496.74577857 2496.58882503]";2012-01-22 12:00:00;2012-04-15 12:00:00
56;13;catboost_normal;0.25121518291376616;33.333333333333336;0.29538802702570477;606.3010396683445;0.2953801614540282;555.1433473079306;[2020.0, 2080.0, 2100.0, 2130.0, 2130.0, 2150.0, 2170.0, 2190.0, 2220.0, 2240.0, 2270.0, 2300.0, 2330.0];"[1953.7584515  1908.11763658 1838.77943626 1741.47115357 1634.90834336
 1539.52039071 1486.29451371 1444.2142429  1435.12521586 1441.0412305
 1504.58337222 1562.3865323  1622.93596553]";2016-07-03 12:00:00;2016-09-25 12:00:00
43;13;catboost_normal;0.018953314135686888;58.333333333333336;0.018767799614334387;107.04019724335272;0.018767631677615963;104.86978127046845;[5580.0, 5565.9, 5542.07, 5556.8, 5539.51, 5521.06, 5500.55, 5509.64, 5500.62, 5519.8, 5543.09, 5554.72, 5558.13];"[5647.16366524 5652.20138945 5659.59803284 5656.76124496 5649.65305194
 5642.8301871  5635.17208607 5637.2097328  5634.86880907 5632.18767536
 5633.35380353 5633.10584068 5641.09163749]";2018-07-01 12:00:00;2018-09-23 12:00:00
87;13;catboost_normal;0.005667701664774102;91.66666666666667;0.00566494961222562;75.28627747085393;0.005664925861620652;67.56039265198203;[12020.92, 11936.24, 11853.34, 11885.2, 11969.62, 11904.33, 11809.07, 11811.67, 11985.11, 11950.42, 12021.31, 11941.9, 12017.44];"[11977.46884509 11947.55948454 11908.64857822 11925.4927806
 12017.68539029 11998.55263669 11951.75396397 11884.25531773
 11935.39629326 11866.86472201 11907.49494356 11871.17209744
 11964.8961462 ]";2016-07-10 12:00:00;2016-10-02 12:00:00
11;13;catboost_normal;0.04260389296632014;50.0;0.0436378712658876;48.40896237236314;0.0436357929285122;45.81378336180301;[1092.0, 1085.0, 1078.0, 1071.0, 1064.0, 1057.0, 1050.0, 1043.0, 1092.0, 1085.0, 1078.0, 1071.0, 1064.0];"[1029.53267299 1033.5803583  1019.10563566 1012.1505777  1011.93409027
 1025.33480605 1016.22737513 1018.82208809 1025.98697895 1021.99323528
 1033.45096717 1041.65235146 1044.64967925]";2015-05-24 12:00:00;2015-08-16 12:00:00
71;13;catboost_normal;0.004633765397648717;41.666666666666664;0.004638888287763504;12.685185819350105;0.004638795300009966;11.570914187427066;[2513.0, 2509.0, 2507.0, 2504.0, 2504.0, 2503.0, 2503.0, 2497.0, 2497.0, 2489.0, 2488.0, 2480.0, 2484.0];"[2518.42821462 2501.60530394 2495.314917   2500.80634494 2496.13607563
 2488.6710885  2480.23893778 2485.13172482 2482.80235394 2508.84225013
 2497.9859224  2490.34096075 2472.46871692]";2011-10-23 12:00:00;2012-01-15 12:00:00
26;13;catboost_normal;0.17786208763677452;41.666666666666664;0.2087940383641909;1095.0177058982968;0.20879044856909418;636.5422652545907;[5139.0, 1923.0, 2329.0, 2704.0, 3107.0, 2300.0, 2160.0, 2001.0, 2328.0, 2282.0, 4730.0, 2567.0, 2012.0];"[2338.03362402 2437.24639689 2372.10765602 2414.60055997 2348.08038388
 2499.14547808 2281.45620159 2386.06034934 2265.52980292 2242.32635971
 2200.01809638 2119.13632128 2094.75851457]";2016-05-01 12:00:00;2016-07-24 12:00:00
11;13;catboost_normal;0.02462955686352568;50.0;0.024864046878147753;31.061608495306693;0.024862858607010315;26.018658061257035;[1022.0, 1015.0, 1008.0, 1001.0, 1092.0, 1085.0, 1078.0, 1071.0, 1064.0, 1057.0, 1050.0, 1043.0, 1036.0];"[1039.15104104 1035.79971652 1035.24596624 1033.94835158 1033.89326715
 1034.27554319 1034.19834879 1035.55525632 1039.36873686 1045.07414805
 1043.8974707  1042.42671806 1044.78696854]";2015-02-22 12:00:00;2015-05-17 12:00:00
87;13;catboost_normal;0.011182455261042378;41.666666666666664;0.011290536328169176;174.81922997941675;0.011290488388013668;132.9581930653431;[11694.66, 11680.72, 11690.37, 11702.76, 11793.02, 11734.49, 11687.12, 11733.79, 11909.88, 11873.7, 11866.15, 11843.28, 12099.37];"[11613.33439697 11621.8221294  11640.42658676 11667.52588078
 11684.33816976 11693.11906325 11696.66339445 11680.26257076
 11669.69774117 11628.3231177  11650.31800508 11670.11671079
 11683.99251217]";2016-04-10 12:00:00;2016-07-03 12:00:00
56;13;catboost_normal;0.13104200450622486;41.666666666666664;0.1370411708020788;283.7788786828428;0.13703709890586516;230.7787958561167;[1490.0, 1500.0, 1520.0, 1550.0, 1570.0, 1610.0, 1660.0, 1710.0, 1780.0, 1830.0, 1880.0, 1940.0, 1980.0];"[1518.52654717 1616.90836752 1685.58075697 1757.52674807 1822.48689376
 1871.63869705 1807.33478082 1744.59434726 1681.52056971 1615.47030641
 1516.33786156 1430.6795065  1380.46454832]";2016-04-03 12:00:00;2016-06-26 12:00:00
43;13;catboost_normal;0.026675724077555994;66.66666666666667;0.026226782936624435;170.5705578784219;0.026226553976538225;150.22897579261596;[5555.1, 5532.63, 5556.87, 5604.19, 5600.48, 5605.97, 5671.7, 5704.39, 5678.15, 5662.5, 5650.64, 5621.79, 5640.24];"[5628.57071081 5623.55067136 5628.05931525 5633.68665868 5727.29391654
 5781.49385066 5783.15714638 5821.51118866 5818.29574156 5860.57040271
 5931.89819731 5930.27078662 5869.26809876]";2018-04-01 12:00:00;2018-06-24 12:00:00
71;13;catboost_normal;0.012747426425023559;33.333333333333336;0.012630466864055091;38.19071935077978;0.01263021555377881;31.739032058022357;[2530.0, 2529.0, 2490.0, 2490.0, 2484.0, 2483.0, 2475.0, 2475.0, 2521.0, 2520.0, 2515.0, 2514.0, 2513.0];"[2532.65501183 2531.83339737 2531.14590268 2529.9464559  2532.70458267
 2538.22306382 2540.68160256 2538.98345446 2534.54620925 2532.29876371
 2534.08716103 2537.47426897 2537.02754249]";2011-07-24 12:00:00;2011-10-16 12:00:00
87;13;catboost_normal;0.004638507611137202;41.666666666666664;0.004643083823832155;68.04080422692661;0.004643063743806694;53.68091689121222;[11655.53, 11668.7, 11556.42, 11490.2, 11592.22, 11557.32, 11500.08, 11478.95, 11589.56, 11574.42, 11572.06, 11533.39, 11645.01];"[11652.2288776  11558.72926101 11593.51226498 11578.63940093
 11537.68068819 11502.69847743 11520.52023215 11581.09369791
 11591.25393792 11584.67084444 11535.88340247 11575.00550984
 11507.44326188]";2016-01-10 12:00:00;2016-04-03 12:00:00
57;13;catboost_normal;0.07131727655936532;50.0;0.07149907571108582;293.5289664480333;0.07149805678270371;251.4484411380419;[3485.0, 3651.0, 3681.0, 3704.0, 3737.0, 3907.0, 3747.0, 3820.0, 3842.0, 3649.0, 3414.0, 3116.0, 2984.0];"[3436.85419911 3563.64128565 3494.45981345 3436.5534218  3423.92289106
 3426.00234872 3460.53880494 3538.12186426 3582.02079478 3586.17984104
 3476.27575784 3541.18657488 3490.66266688]";2017-01-01 12:00:00;2017-03-26 12:00:00
26;13;catboost_normal;0.4674667077993847;33.333333333333336;0.36940035454870085;1017.3443899606046;0.36939322777339295;960.3413090306983;[2509.0, 2411.0, 1980.0, 1869.0, 1916.0, 2079.0, 2045.0, 2226.0, 1990.0, 1947.0, 2084.0, 2010.0, 2607.0];"[2903.40867461 3657.32243244 3322.24553426 3174.65948124 3107.19630197
 3052.35227244 2965.41146235 2739.63106434 2884.04885702 3224.18929105
 3214.84733126 2984.8654615  2927.25885292]";2016-01-31 12:00:00;2016-04-24 12:00:00
72;13;catboost_normal;0.023108986691797742;25.0;0.02376068691466944;68.0990709619229;0.02376004751290544;44.153721049322975;[1930.0, 1927.0, 1927.0, 1907.0, 1906.0, 1903.0, 1903.0, 1902.0, 1897.0, 1897.0, 1896.0, 1893.0, 1892.0];"[1930.23888262 1853.4260241  1844.0739139  1770.4963432  1779.50406206
 1788.62826328 1894.85310132 1897.08431999 1899.8748918  1899.87375284
 1898.93571979 1901.13010159 1902.01105284]";2012-04-22 12:00:00;2012-07-15 12:00:00
57;13;catboost_normal;0.11088252440545432;66.66666666666667;0.10336651415918076;437.7743605318001;0.10336513273446062;386.93837386751835;[3971.0, 3872.0, 3890.0, 3862.0, 3803.0, 3618.0, 3509.0, 3475.0, 3474.0, 3433.0, 3296.0, 3385.0, 3408.0];"[4075.60321875 4032.98496325 4037.33284839 3999.7729316  3998.74346417
 3972.11474726 3957.08905686 3989.98136846 3973.95127286 3980.87771465
 4002.94795043 3987.09848961 4017.700834  ]";2016-10-02 12:00:00;2016-12-25 12:00:00
11;13;catboost_normal;0.028252349807508157;25.0;0.02881486561660014;37.92817087914648;0.028813487674055425;30.12958747365444;[1022.0, 1015.0, 1008.0, 1092.0, 1085.0, 1078.0, 1071.0, 1064.0, 1057.0, 1050.0, 1043.0, 1036.0, 1029.0];"[1030.88812819 1028.96580294 1027.42480398 1020.97047954 1021.22063346
 1018.42079102 1019.74511448 1024.46950147 1030.39218104 1038.4885166
 1043.36478902 1045.32334283 1045.42498778]";2014-11-23 12:00:00;2015-02-15 12:00:00
88;13;catboost_normal;0.1059961384312292;58.333333333333336;0.09968648257493903;128.31855174949118;0.09968224791955317;117.36614230924644;[1185.62, 1180.63, 1201.97, 1132.26, 1087.99, 1095.31, 1151.72, 1115.15, 1107.33, 1089.42, 1084.26, 1103.96, 1071.63];"[1153.85285379 1220.67102066 1263.83551234 1181.3286813  1221.15827057
 1262.72835312 1293.0243295  1239.61131654 1215.83980158 1251.53633255
 1268.812691   1254.87486483 1242.20152983]";2016-10-09 12:00:00;2017-01-01 12:00:00
27;13;catboost_normal;0.4571088635942655;66.66666666666667;0.3929358260490478;2863.5191633262098;0.39293198143416536;2148.1749030966625;[7793.0, 3341.0, 3003.0, 3507.0, 2555.0, 3167.0, 3300.0, 3507.0, 8089.0, 8507.0, 5611.0, 4081.0, 3025.0];"[3866.19278703 2621.36180244 3145.33631491 3438.39186601 3224.81461352
 4044.28225992 4366.65646695 3797.78951893 3972.35227314 4219.63053259
 7412.58281758 8935.65570916 8129.08530049]";2016-10-30 12:00:00;2017-01-22 12:00:00
11;13;catboost_normal;0.0266032075920387;41.666666666666664;0.02667738427260557;32.36801639703857;0.02667610847112696;27.899024057108907;[1008.0, 1001.0, 995.0, 1092.0, 1085.0, 1078.0, 1071.0, 1064.0, 1057.0, 1050.0, 1043.0, 1036.0, 1029.0];"[1034.65591656 1033.06994261 1031.69847535 1031.61193546 1032.99098183
 1038.5682356  1054.01706879 1062.49844981 1063.27010568 1061.41672127
 1063.62782878 1061.94378809 1061.69120587]";2014-08-24 12:00:00;2014-11-16 12:00:00
72;13;catboost_normal;0.27155750627957337;8.333333333333334;0.23902686635540496;532.283170743767;0.23902149461080416;531.791002416357;[1980.0, 1979.0, 1976.0, 1976.0, 1970.0, 1970.0, 1955.0, 1955.0, 1952.0, 1952.0, 1937.0, 1937.0, 1930.0];"[2479.42058802 2482.49624208 2483.59598226 2485.60308052 2485.04874688
 2489.02698904 2494.51474284 2495.22730076 2496.59123832 2497.84587333
 2499.05943555 2496.63197792 2497.2208339 ]";2012-01-22 12:00:00;2012-04-15 12:00:00
44;13;catboost_normal;0.022968315329165094;58.333333333333336;0.023298141171707434;85.84095435724005;0.0232977587230017;70.98399496121235;[2934.68, 2967.95, 3071.57, 3101.51, 3101.51, 3136.93, 3189.06, 3165.62, 3069.02, 2990.9, 2965.64, 2997.27, 3001.98];"[2929.25336771 2929.36917783 2937.62554699 2950.18077529 2992.85094996
 3044.56159989 3057.39785644 3079.39791653 3054.9764762  3060.11170417
 3011.31162319 2984.65368745 2968.92403855]";2018-09-02 12:00:00;2018-11-25 12:00:00
88;13;catboost_normal;0.02508226994070397;66.66666666666667;0.024917561215331348;38.52562494292721;0.02491655634916444;30.907026577031328;[1191.85, 1225.93, 1250.75, 1232.58, 1203.66, 1317.26, 1279.91, 1252.07, 1200.11, 1229.8, 1260.28, 1289.15, 1174.51];"[1227.61985324 1236.08702453 1244.68512638 1247.25148449 1245.62489998
 1248.27645622 1250.87218644 1249.5633442  1250.39627677 1252.13580836
 1253.34168585 1252.88910592 1251.32390313]";2016-07-10 12:00:00;2016-10-02 12:00:00
57;13;catboost_normal;0.10257058569553498;58.333333333333336;0.11040246617718902;512.5088587500071;0.11040105917874195;433.2152689793835;[3962.0, 3906.0, 4053.0, 3913.0, 4043.0, 4078.0, 4208.0, 4371.0, 4243.0, 4360.0, 4354.0, 4078.0, 4156.0];"[3990.30527038 3880.29163785 3929.89953986 3795.80884069 3727.03825558
 3644.27543348 3571.49874962 3579.07392958 3580.90174889 3613.77558448
 3594.87923669 3599.52657736 3642.53723956]";2016-07-03 12:00:00;2016-09-25 12:00:00
27;13;catboost_normal;0.2356480833626184;66.66666666666667;0.22403977798312363;1431.8318485984491;0.2240361351669572;791.830706797575;[2771.0, 2235.0, 2756.0, 2328.0, 2292.0, 2373.0, 2125.0, 1976.0, 2225.0, 2031.0, 2670.0, 8314.0, 4241.0];"[3428.14746727 2658.54821928 2682.76367595 2370.33428751 2447.58636845
 2657.83839748 2947.43671366 2611.25443532 3440.14665159 3044.52410777
 2842.62996769 3590.76499298 4166.11875871]";2016-07-31 12:00:00;2016-10-23 12:00:00
72;13;catboost_normal;0.001851837957101665;50.0;0.001854057456092773;5.879375187365375;0.001854020361665521;4.63341525177342;[2513.0, 2509.0, 2507.0, 2504.0, 2504.0, 2503.0, 2503.0, 2497.0, 2497.0, 2489.0, 2488.0, 2480.0, 2485.0];"[2511.08928414 2496.4295278  2498.34492834 2504.0214102  2499.38760032
 2493.43869233 2496.31368991 2501.48886774 2494.64042393 2493.54977984
 2485.51942385 2480.95732608 2486.38058504]";2011-10-23 12:00:00;2012-01-15 12:00:00
44;13;catboost_normal;0.06791370546282663;33.333333333333336;0.06543519813772142;208.19554881429872;0.06543411401157453;197.48589653310944;[3080.14, 2912.23, 2909.57, 2884.59, 2916.15, 2934.85, 2986.66, 2846.54, 2972.69, 2862.79, 2880.6, 2925.41, 2931.45];"[3113.08512171 3144.0318985  3154.82042526 3152.80923088 3161.87989706
 3145.35936533 3134.24146377 3127.56066978 3108.20129788 3101.45716298
 3094.14027676 3091.0759833  3082.32386171]";2018-06-03 12:00:00;2018-08-26 12:00:00
72;13;catboost_normal;0.010397118741013688;41.666666666666664;0.010318593211726077;31.26209869388421;0.010318387547707464;25.885064738057945;[2530.0, 2529.0, 2490.0, 2490.0, 2484.0, 2483.0, 2475.0, 2475.0, 2521.0, 2520.0, 2515.0, 2514.0, 2513.0];"[2534.35338268 2533.80845894 2529.95826842 2526.18185335 2523.67859065
 2526.8268987  2525.84812725 2527.26522023 2527.52951263 2528.22017812
 2529.63876848 2530.88778196 2531.30880018]";2011-07-24 12:00:00;2011-10-16 12:00:00
57;13;catboost_normal;0.03994289902419698;83.33333333333333;0.04131546888130325;196.32168458564902;0.04131490508688142;151.53711686381502;[3566.0, 3738.0, 3787.0, 3805.0, 3632.0, 3633.0, 3589.0, 3656.0, 3743.0, 3742.0, 3925.0, 3796.0, 3992.0];"[3322.09364516 3430.99833067 3541.78083679 3583.99679755 3591.19459245
 3601.8875737  3553.47743841 3650.74240984 3731.52765101 3689.16616084
 3739.05599465 3608.09793081 3589.99811888]";2016-04-03 12:00:00;2016-06-26 12:00:00
12;13;catboost_normal;0.044735333226630175;33.333333333333336;0.046892935190302874;163.72233797956795;0.04689195437991701;112.1402354920899;[2373.445, 2373.105, 2453.974, 2390.353, 2324.83, 2337.239, 2375.971, 2398.802, 2350.108, 2363.517, 2484.652, 2558.814, 2653.311];"[2388.5395715  2366.03893784 2364.19417002 2352.63329286 2336.69993477
 2322.18760936 2312.42166188 2293.75021874 2276.06255601 2261.31106078
 2255.96276743 2253.0014426  2251.42372735]";2016-10-16 12:00:00;2017-01-08 12:00:00
44;13;catboost_normal;0.05759060201425192;50.0;0.055860845248924054;201.99479695876008;0.05585993504763745;171.4785358107891;[3056.83, 3055.43, 3070.29, 3111.13, 2942.9, 3003.9, 3019.58, 2897.83, 2917.33, 2986.89, 2923.44, 2929.09, 3092.52];"[3049.69759531 2964.23362023 2917.10931495 2940.35435458 3089.26488915
 3049.54159196 3028.02135338 3100.82158996 3167.87716121 3238.73194875
 3258.61141764 3266.67413298 3320.87176557]";2018-03-04 12:00:00;2018-05-27 12:00:00
73;13;catboost_normal;0.41825894344906334;50.0;0.33006154056099946;1937.922204952545;0.33005826489349893;1672.8748179985782;[4494.5, 3936.22, 4013.09, 3951.31, 3701.88, 3380.45, 3652.31, 3893.49, 4156.82, 4353.71, 4927.72, 5405.49, 6528.25];"[4958.63839533 4882.58277004 5314.48257042 5281.61803296 5631.05258709
 6908.79036907 6109.3255039  6485.24727343 7321.28591794 5861.27939504
 5200.64616719 4737.5896624  4942.22668601]";2016-10-16 12:00:00;2017-01-08 12:00:00
27;13;catboost_normal;0.22152950812730546;25.0;0.2574983252754898;1736.0888621495976;0.2574949765657498;1074.1996215277907;[2797.0, 2965.0, 2865.0, 2788.0, 2985.0, 3285.0, 2530.0, 2793.0, 2564.0, 7950.0, 6582.0, 5231.0, 3324.0];"[2799.38052532 2474.75719391 2603.82358495 2946.96597126 2403.65919943
 2815.29008098 3253.55957295 3008.39216338 3253.00710839 3267.33605471
 3083.33765688 3554.01202046 3838.50552988]";2016-05-01 12:00:00;2016-07-24 12:00:00
88;13;catboost_normal;0.0335084946505784;41.666666666666664;0.03399158232642808;49.8736132716752;0.03399019844987227;41.748114613008475;[1234.71, 1254.8, 1281.92, 1251.66, 1246.28, 1219.78, 1264.95, 1260.54, 1231.78, 1257.53, 1250.89, 1241.44, 1180.87];"[1186.5745099  1185.15363001 1190.77484227 1185.27390147 1208.01219891
 1217.8443208  1221.02289776 1214.61144427 1240.67656377 1233.34310998
 1266.19911133 1229.29378762 1257.68445787]";2016-04-10 12:00:00;2016-07-03 12:00:00
58;13;catboost_normal;0.28922410301326473;41.666666666666664;0.23965463264154532;571.8680610501633;0.23964889787508617;510.1679306567868;[2350.0, 2040.0, 2030.0, 1600.0, 1160.0, 2140.0, 2780.0, 1910.0, 2180.0, 2170.0, 2010.0, 1690.0, 1880.0];"[2857.64364835 2361.40987421 2164.74413234 2229.46129267 2224.12094195
 2441.94601453 2424.59668131 2596.77276801 2391.04335961 2566.28843967
 2749.93850347 2534.05232899 2319.35847603]";2017-01-01 12:00:00;2017-03-26 12:00:00
44;13;catboost_normal;0.09140352424864136;50.0;0.08658823725736929;301.8625998900614;0.08658687677529876;275.60655593058857;[3310.63, 3203.1, 3204.23, 3176.44, 3088.64, 3060.36, 3023.21, 3110.01, 3001.36, 2929.37, 2886.36, 2953.08, 2984.76];"[3330.42203315 3356.33116363 3385.77906082 3334.25623001 3332.37963155
 3344.44998279 3342.8317236  3331.76802499 3334.92008593 3330.8471709
 3358.67808969 3368.62538383 3363.14664621]";2017-12-03 12:00:00;2018-02-25 12:00:00
27;13;catboost_normal;0.7074452091640572;58.333333333333336;0.47247282352973297;2329.9556064049852;0.472466907156183;1927.388918891024;[3710.0, 3250.0, 3228.0, 3262.0, 3120.0, 2850.0, 2476.0, 2518.0, 2445.0, 2645.0, 3454.0, 2596.0, 2551.0];"[3809.97106697 3753.70024956 3833.78837431 4485.31151199 4365.30304537
 4724.89903635 4173.50983562 4254.46544171 4756.57231775 4861.30469614
 5983.51203453 6767.48209286 7391.23624241]";2016-01-31 12:00:00;2016-04-24 12:00:00
12;13;catboost_normal;0.028822481612847856;58.333333333333336;0.029877386685354522;116.44639438371456;0.029876725208727053;67.53920546388738;[2206.414, 2196.887, 2198.163, 2179.117, 2118.423, 2195.68, 2165.588, 2166.006, 2130.519, 2140.673, 2267.642, 2378.903, 2504.473];"[2212.72187046 2195.39180251 2202.02475729 2194.29017407 2182.5381477
 2181.97751944 2189.28505721 2190.3141324  2182.04845535 2172.27236706
 2172.27963073 2169.75623942 2166.7620984 ]";2016-07-17 12:00:00;2016-10-09 12:00:00
73;13;catboost_normal;0.13048177569213612;50.0;0.14786342392411778;934.9757504288643;0.14786140721704083;554.0918438436685;[3158.21, 3093.89, 3033.23, 3273.97, 3035.38, 3033.44, 3489.63, 3361.28, 3327.81, 3229.4, 3668.59, 4454.01, 5931.91];"[3249.30200951 3321.79796867 3437.22592601 3327.84990432 3335.64134536
 3372.85081868 3415.63428547 3289.47185009 3024.23941012 2960.24250082
 2922.41319618 2949.18166896 3114.80109094]";2016-07-17 12:00:00;2016-10-09 12:00:00
88;13;catboost_normal;0.07784547980285333;41.666666666666664;0.08141574487401344;103.43529621734791;0.0814123259000583;96.94785789294936;[1167.06, 1210.73, 1259.4, 1297.54, 1230.79, 1234.01, 1275.19, 1248.92, 1235.16, 1244.91, 1238.5, 1215.49, 1174.86];"[1137.22300541 1140.42341428 1138.46966803 1134.49748611 1135.07016467
 1134.26069315 1132.28704297 1132.04206079 1133.9914952  1136.70137675
 1139.91345112 1138.94503602 1138.41295291]";2016-01-10 12:00:00;2016-04-03 12:00:00
58;13;catboost_normal;0.36517770915225056;50.0;0.4646246837581227;1057.0708580136964;0.46461308207151875;939.6101093968252;[2030.0, 2670.0, 2360.0, 2870.0, 3250.0, 2790.0, 2530.0, 1560.0, 2600.0, 1960.0, 2060.0, 1800.0, 2690.0];"[1406.25230619 1524.32745896 1434.45277407 1406.73625033 1344.27289735
 1511.95669456 1391.46989015 1511.5713177  1474.92491535 1386.66588482
 1461.96940381 1520.83485194 1579.63393263]";2016-10-02 12:00:00;2016-12-25 12:00:00
90;13;catboost_normal;0.024691390900595064;66.66666666666667;0.02434313346261789;520.3438815828933;0.024343072263717954;484.1726599600767;[19466.9, 19798.45, 19924.33, 19681.8, 19608.88, 19636.22, 19838.41, 20051.33, 19701.9, 19697.26, 19797.94, 19395.38, 19260.01];"[20038.51796979 20123.31771152 20245.57741427 20164.5828894
 20353.82374078 20074.80516184 20235.70442666 20082.84022144
 20290.39242843 20140.87501641 20309.82248311 20055.16076354
 20037.6343523 ]";2016-10-09 12:00:00;2017-01-01 12:00:00
89;13;catboost_normal;0.01559214223699331;66.66666666666667;0.015420337850006913;34.304587237681076;0.01541992436329074;28.754033332353664;[1828.128, 1861.782, 1872.236, 1854.954, 1852.089, 1854.091, 1868.669, 1893.618, 1859.457, 1860.784, 1871.368, 1829.142, 1818.838];"[1863.36861453 1871.75196972 1876.91546009 1880.97450859 1883.69370046
 1887.32564677 1890.10551156 1889.18575285 1886.91104399 1888.69595323
 1891.12643549 1891.13460742 1888.90473432]";2016-10-09 12:00:00;2017-01-01 12:00:00
28;13;catboost_normal;0.4519690342047444;58.333333333333336;0.6131198926731696;748.0776928798377;0.6130895165040978;638.4757118601833;[851.0, 1017.0, 907.0, 1075.0, 833.0, 1716.0, 1339.0, 1312.0, 1345.0, 1322.0, 2142.0, 1732.0, 1143.0];"[738.27228841 636.59261176 630.84329445 647.6417207  693.80436155
 700.62169875 656.53464289 636.18210413 648.71421562 674.54006923
 601.69177456 602.06417391 566.31278985]";2016-10-30 12:00:00;2017-01-22 12:00:00
73;13;catboost_normal;0.13435616797930977;66.66666666666667;0.12899860026116855;447.8165496348399;0.1289965026763902;398.4359249769422;[2623.81, 2689.99, 2630.28, 2898.75, 2679.0, 2769.18, 3098.52, 3008.65, 2942.44, 2816.78, 3078.19, 3590.41, 3904.54];"[3040.70960837 3117.46558241 3154.51218853 3307.74368729 3317.92578305
 3320.10178511 3318.96821735 3192.37232221 3126.49618832 3075.79793986
 3119.01253228 3060.55734081 3110.24146928]";2016-04-17 12:00:00;2016-07-10 12:00:00
12;13;catboost_normal;0.0255352498545763;75.0;0.025745438430693227;69.82289480221529;0.025744837744473472;55.19483168366305;[2036.214, 2066.404, 2155.335, 2161.386, 2121.728, 2115.852, 2183.597, 2112.78, 2078.655, 2067.831, 2161.831, 2265.258, 2261.935];"[2125.18138853 2125.85018222 2129.35871488 2128.80189921 2127.7291949
 2128.71243418 2133.4984383  2129.30542082 2125.087032   2121.8230631
 2121.92842115 2121.3709093  2121.07552102]";2016-04-17 12:00:00;2016-07-10 12:00:00
58;13;catboost_normal;0.18676773699165988;33.333333333333336;0.1602507038038658;310.0312790857657;0.16024515909303277;232.86659250754076;[1670.0, 1640.0, 1500.0, 1680.0, 1700.0, 1510.0, 1340.0, 1060.0, 1610.0, 1660.0, 1410.0, 1400.0, 980.0];"[1395.74195687 1417.64308919 1785.14803516 1666.46974214 1672.94880613
 1482.01915168 1522.93825315 1630.70597084 1531.91250954 1558.0673898
 1665.33408352 1656.25786939 1711.68413589]";2016-07-03 12:00:00;2016-09-25 12:00:00
89;13;catboost_normal;0.012607807674256892;66.66666666666667;0.012686221569280441;28.961617807083933;0.012685882112335995;23.706531981681863;[1854.666, 1851.893, 1897.4, 1892.19, 1879.089, 1862.393, 1863.733, 1868.874, 1866.005, 1854.203, 1884.974, 1923.159, 1826.693];"[1842.6762602  1850.71273872 1850.9529029  1849.80640154 1848.28680744
 1850.35994869 1851.17216    1851.63425806 1851.90883293 1859.29028883
 1866.72751977 1868.78385186 1868.43630904]";2016-07-10 12:00:00;2016-10-02 12:00:00
73;13;catboost_normal;0.2926038464539027;50.0;0.241261896403719;1095.902213966578;0.24125857026436442;885.0377423768114;[3171.59, 3086.26, 2941.53, 3216.29, 2849.23, 2897.33, 3035.02, 3020.36, 2893.56, 2803.39, 2991.32, 3042.09, 3422.15];"[4944.57279258 5334.36661354 4750.80641308 4095.52909607 4072.14227515
 3698.34493949 3328.87435975 3195.3016661  3543.36641398 3176.74369309
 3483.93785167 3453.56586936 3798.05866704]";2016-01-17 12:00:00;2016-04-10 12:00:00
28;13;catboost_normal;0.44685178872476566;50.0;0.3565868096959788;281.736314309931;0.3565620956529463;257.95659162420276;[607.0, 629.0, 550.0, 556.0, 522.0, 557.0, 544.0, 601.0, 586.0, 611.0, 603.0, 618.0, 783.0];"[ 840.28659695  878.58243669  890.74342584 1040.94437336  982.65733858
  833.95309884  879.08551878  776.333628    749.13987794  798.54541919
  756.73748003  720.76057023  593.33407332]";2016-07-31 12:00:00;2016-10-23 12:00:00
12;13;catboost_normal;0.06332521874864193;66.66666666666667;0.06433545897642644;152.85202142711685;0.06433390234580487;133.21060936815923;[2112.665, 2085.211, 2139.122, 2153.479, 2088.795, 2065.119, 2110.531, 2041.761, 2009.636, 2031.066, 2112.821, 2120.633, 2136.438];"[2300.56447708 2251.24834948 2271.68756477 2234.0063936  2184.29491519
 2134.54183592 2043.8943102  2015.07571972 1974.10316776 1876.50963493
 1853.59850371 1871.28454734 1928.63473058]";2016-01-17 12:00:00;2016-04-10 12:00:00
90;13;catboost_normal;0.014559672454696292;41.666666666666664;0.014481302903551867;387.96131010701794;0.014481266633920216;289.1158536621235;[19738.51, 19744.86, 20224.75, 20154.48, 19994.55, 19941.19, 19917.24, 19940.81, 19860.16, 19771.83, 20110.02, 20520.74, 19441.44];"[19691.08868083 19596.73977631 19821.29092567 19713.14889107
 19767.93244055 19602.8686704  19796.36058708 19791.91850672
 19826.44641616 20114.56084281 20568.32494233 20548.20860082
 20462.68660645]";2016-07-10 12:00:00;2016-10-02 12:00:00
58;13;catboost_normal;0.24477954357447151;33.333333333333336;0.2162417622237308;398.27920845676215;0.2162349842983828;350.1554899422264;[1780.0, 1480.0, 1080.0, 1400.0, 1100.0, 2080.0, 2060.0, 1690.0, 1560.0, 1240.0, 1800.0, 1550.0, 1570.0];"[1457.65071439 1598.40853978 1513.78304677 1556.36191408 1795.87485352
 1672.07340525 1702.1054201  1814.89044639 1825.87247737 1832.23729376
 1873.22880482 1991.30791949 2131.88561301]";2016-04-03 12:00:00;2016-06-26 12:00:00
28;13;catboost_normal;0.2459995957690517;58.333333333333336;0.21143383527087403;190.2513670096254;0.21142045267352233;168.43700123008895;[1025.0, 805.0, 724.0, 658.0, 600.0, 539.0, 691.0, 732.0, 831.0, 748.0, 697.0, 850.0, 780.0];"[ 918.29359227  865.62334279  891.33765836  884.892513    887.0701509
  837.10461965  958.19719798  845.04144424  862.79960011  873.79719865
  855.11490823  927.29221981 1049.70375455]";2016-05-01 12:00:00;2016-07-24 12:00:00
13;13;catboost_normal;0.05654398036633998;58.333333333333336;0.05937531901237532;187.24578185213727;0.05937405913233153;139.93134122784843;[2341.516, 2407.573, 2435.3, 2361.92, 2310.927, 2322.117, 2408.718, 2476.214, 2361.203, 2393.436, 2552.503, 2554.351, 2500.651];"[2405.78263883 2367.07626973 2425.61829394 2419.83761965 2353.65493562
 2317.11775496 2307.61171796 2315.93021205 2245.12745006 2206.33994565
 2164.80859037 2210.05690745 2198.18361597]";2016-10-16 12:00:00;2017-01-08 12:00:00
74;13;catboost_normal;0.03375994823632712;66.66666666666667;0.033549450273720235;884.2304132904148;0.03354938197707868;824.3703259651646;[23442.9, 23935.8, 24274.4, 23870.6, 23235.6, 23930.5, 25498.8, 25416.7, 23773.6, 25931.8, 25269.5, 24984.5, 25674.5];"[24437.90642782 24674.00751891 24689.35768437 24680.41194286
 24783.27839753 24792.12821703 24708.80880706 24696.25402377
 24729.16874308 24754.28363682 24747.36691257 24744.24670258
 24730.88461126]";2016-10-16 12:00:00;2017-01-08 12:00:00
28;13;catboost_normal;0.31102964493929414;25.0;0.24426193080744799;366.40814700506814;0.24425097621058003;273.997801934686;[1160.0, 1062.0, 960.0, 920.0, 1093.0, 964.0, 807.0, 970.0, 861.0, 960.0, 1057.0, 909.0, 807.0];"[1206.86394856 1022.72075376  855.98151749 1086.09482609 1139.38929762
 1207.22993759 1256.38874833 1213.30612956 1385.9595534  1181.95640105
 1011.74711073 1502.96215187 1644.26981307]";2016-01-31 12:00:00;2016-04-24 12:00:00
74;13;catboost_normal;0.029465217368680945;58.333333333333336;0.02900021397939983;785.1961613011696;0.029000155308764635;716.8047733335267;[25111.9, 24894.8, 24133.9, 24317.9, 24089.7, 24235.6, 24051.0, 25116.2, 24069.9, 25211.5, 25255.9, 24253.3, 23862.4];"[25597.18108536 25413.63140687 25400.49658733 25302.07915262
 25179.84105225 25106.14577049 25029.65424147 24987.02619903
 24939.05289842 24884.4101295  24717.07437114 24696.04315107
 24679.64740714]";2016-07-17 12:00:00;2016-10-09 12:00:00
13;13;catboost_normal;0.04117174963472239;50.0;0.04299282155017582;147.48822939859093;0.04299185860947544;96.00967167276293;[2190.475, 2208.562, 2177.754, 2109.557, 2131.921, 2176.388, 2178.336, 2272.285, 2123.097, 2177.98, 2348.76, 2412.438, 2441.915];"[2147.54551479 2176.92977816 2196.35521632 2198.60322945 2151.87384008
 2160.04837441 2186.99095226 2189.26683154 2177.53910794 2169.20437416
 2114.07790525 2115.71399391 2098.58784209]";2016-07-17 12:00:00;2016-10-09 12:00:00
89;13;catboost_normal;0.03307771647426394;50.0;0.03370097917271007;70.97715592413412;0.03370005874779535;61.69805751259441;[1787.126, 1790.282, 1821.556, 1868.767, 1862.113, 1880.84, 1877.303, 1894.122, 1871.408, 1886.151, 1861.43, 1866.781, 1787.867];"[1807.22583626 1799.33893858 1809.89386412 1801.29303956 1795.73249239
 1764.721606   1774.89594005 1791.66821506 1785.09574731 1801.64024369
 1818.05461115 1839.5942691  1852.90400126]";2016-04-10 12:00:00;2016-07-03 12:00:00
29;13;catboost_normal;0.22018896148692058;66.66666666666667;0.2597559283765426;1682.0709583495473;0.2597531331238703;1230.4493853022161;[3623.0, 4016.0, 3075.0, 4373.0, 3773.0, 5121.0, 4129.0, 4785.0, 6509.0, 7561.0, 6183.0, 5485.0, 4223.0];"[3485.95815005 4295.31914    3915.7671244  3889.87768922 3827.71566971
 4058.51500553 3791.26070427 3705.53058633 3712.18081156 3735.73583282
 3528.66439704 3612.75141361 3650.48533475]";2016-10-30 12:00:00;2017-01-22 12:00:00
90;13;catboost_normal;0.021476357669428032;33.333333333333336;0.02164375927708672;471.9792456932922;0.021643704230937526;425.5443547060005;[19105.97, 19157.62, 19497.48, 19939.33, 19867.41, 20028.18, 20037.98, 20201.76, 19945.86, 20119.04, 19865.19, 19909.25, 19059.54];"[19383.62780719 19385.49097472 19723.28645602 19508.19346405
 19678.14574528 19410.04376836 19468.51748799 19330.76515695
 19533.36914275 19526.20811743 19618.39281655 19659.61914725
 19679.53621985]";2016-04-10 12:00:00;2016-07-03 12:00:00
74;13;catboost_normal;0.03600911004954187;33.333333333333336;0.03584705862743574;1057.5859764571949;0.03584698572897105;881.5208338433681;[24192.6, 23654.2, 23568.1, 24120.3, 23805.6, 24895.1, 24592.6, 24148.8, 24359.0, 24305.6, 24468.4, 26052.1, 25497.5];"[23947.73661644 24489.94053358 24904.29609875 25655.9893656
 25208.89503722 24030.28094195 24655.35193781 25004.79312228
 25100.77607362 24683.36588691 23889.51994948 23814.04310607
 25113.55660187]";2016-04-17 12:00:00;2016-07-10 12:00:00
59;13;catboost_normal;0.031998443752775094;58.333333333333336;0.03270531012473917;354.6768267656187;0.032705134148662836;303.9285452668691;[9160.47, 9180.81, 9257.59, 9244.22, 9195.97, 9383.28, 9480.43, 9506.87, 9431.19, 9450.03, 9630.17, 9660.81, 9601.98];"[9069.94880675 9101.1966223  9118.23210316 9133.08534972 9116.60085557
 9112.95949959 9109.65594725 9110.85822696 9086.42431302 9068.15673552
 9070.85068747 9068.20423965 9066.57552456]";2016-10-16 12:00:00;2017-01-08 12:00:00
90;13;catboost_normal;0.025228609685005846;66.66666666666667;0.02557776889450712;526.4187108076185;0.025577702329848233;491.4413036265214;[18920.64, 19373.86, 19171.97, 19304.01, 19574.43, 19620.3, 19387.7, 19666.16, 19705.84, 19706.06, 19475.8, 19368.65, 18705.66];"[18819.1719006  18838.36004355 18875.62938445 18873.38384862
 18904.95195564 18926.99539587 18951.29655357 18978.35694415
 18988.50119051 19001.70612983 19013.9743886  19011.60444742
 19002.90912997]";2016-01-10 12:00:00;2016-04-03 12:00:00
29;13;catboost_normal;0.10867471440189133;58.333333333333336;0.10406426698123186;403.2037432228434;0.10406281578390221;374.1778765624488;[3641.0, 4214.0, 4044.0, 3369.0, 3204.0, 3343.0, 3189.0, 3094.0, 3335.0, 3286.0, 4091.0, 3377.0, 3737.0];"[3690.707788   3736.59232833 3659.41025989 3622.65928628 3645.88737459
 3656.36947065 3689.44731633 3704.8201511  3718.70768182 3792.16327023
 3827.62966567 3875.26752453 3917.91478568]";2016-07-31 12:00:00;2016-10-23 12:00:00
89;13;catboost_normal;0.028569860018879116;41.666666666666664;0.029043310261649954;56.95537000947707;0.029042501206993317;52.13090968854051;[1775.358, 1816.313, 1791.257, 1800.647, 1834.364, 1838.629, 1811.251, 1841.724, 1847.068, 1846.115, 1823.73, 1815.316, 1753.08];"[1764.14962963 1763.58954635 1761.06850993 1756.97611596 1738.7572912
 1759.69380444 1760.81510093 1770.65734416 1776.50116072 1776.95840748
 1781.3186082  1781.71838738 1781.21373233]";2016-01-10 12:00:00;2016-04-03 12:00:00
74;13;catboost_normal;0.11099551836470381;50.0;0.11968143487313801;3069.7251941329578;0.11968116690607888;2672.844078183943;[21668.7, 21634.7, 21980.1, 22981.0, 23439.8, 24664.8, 24561.1, 24687.9, 23608.7, 24149.9, 23748.0, 24256.9, 24105.2];"[21851.20942006 21807.71855342 21615.46783542 21206.30114145
 20921.73712923 20445.99133432 20128.75571691 20381.0551418
 20584.54650536 20609.07857303 20749.37367412 20913.37090059
 20236.27700486]";2016-01-17 12:00:00;2016-04-10 12:00:00
13;13;catboost_normal;0.03530306410207713;75.0;0.03601195443404161;105.92247066270063;0.03601111292445986;77.07521151297058;[2035.358, 2130.967, 2166.497, 2139.469, 2114.289, 2119.736, 2166.913, 2105.955, 2060.545, 2113.646, 2209.257, 2312.127, 2207.845];"[2105.87277208 2131.81252815 2180.91586717 2161.6429047  2159.92660438
 2191.90496024 2196.30627516 2176.97279749 2147.06573209 2130.18585576
 2092.6826127  2055.86594858 2007.93398627]";2016-04-17 12:00:00;2016-07-10 12:00:00
105;13;catboost_normal;0.0055864430860572975;66.66666666666667;0.005579039551032573;16.27199158499017;0.005578910616093593;12.070396417232622;[2162.966, 2167.806, 2153.199, 2154.003, 2164.848, 2171.359, 2157.906, 2154.995, 2160.496, 2165.439, 2154.43, 2155.905, 2159.078];"[2160.74894789 2153.49333668 2148.36895007 2164.18612827 2166.59854412
 2155.8105785  2139.5770044  2151.85081271 2163.27797488 2147.7580415
 2143.04649567 2166.4631113  2203.27356227]";2016-10-09 12:00:00;2017-01-01 12:00:00
91;13;catboost_normal;0.09640571798609311;58.333333333333336;0.09065319808410213;2418.9641616686017;0.0906530042746042;2120.745976545541;[21837.03, 22832.08, 22198.61, 22399.36, 22658.55, 22969.77, 22908.66, 22311.88, 21853.35, 22670.54, 22686.31, 21102.33, 21032.34];"[22930.86058994 23866.26113444 23337.4840665  23461.7686422
 23527.35380059 24513.77920597 24673.12351422 25530.37290581
 25011.58208134 24747.97954469 24892.08403357 24914.64628065
 25623.21189516]";2016-10-09 12:00:00;2017-01-01 12:00:00
59;13;catboost_normal;0.01013564160264452;66.66666666666667;0.010075941649818872;102.67063505767285;0.010075886013545367;91.24004731217904;[9064.6, 9094.8, 9162.54, 9023.47, 9047.96, 8966.55, 8909.72, 9004.69, 8987.41, 8996.96, 9044.13, 9010.35, 9034.15];"[9054.81163984 9076.96224115 9090.37837081 9105.02265356 9117.09430878
 9114.89378933 9105.24276043 9093.52081494 9104.51426736 9112.19751846
 9123.59019286 9117.82328057 9117.82328057]";2016-07-17 12:00:00;2016-10-09 12:00:00
13;13;catboost_normal;0.033387330205244384;75.0;0.03273460606337841;79.8066650246946;0.032733830446430266;69.09475913548883;[2096.1, 2121.986, 2128.254, 2087.642, 2048.304, 2038.937, 2108.753, 2027.177, 1993.215, 2076.238, 2106.44, 2191.206, 2062.288];"[2168.1067775  2168.87957366 2175.71904785 2194.47303436 2185.82971286
 2173.9843676  2132.37864981 2129.75497382 2072.31611362 2070.9007811
 2076.11759941 2128.52093035 2111.10092853]";2016-01-17 12:00:00;2016-04-10 12:00:00
105;13;catboost_normal;0.013017830242008328;58.333333333333336;0.013129419261161132;31.965605103560886;0.013129111110143902;27.969913158946593;[2140.352, 2145.817, 2126.34, 2134.741, 2146.986, 2153.226, 2140.322, 2144.159, 2156.258, 2160.338, 2147.142, 2144.007, 2149.787];"[2139.19354525 2129.34247759 2121.45426129 2118.8509492  2127.92435972
 2121.18889588 2110.96402514 2119.90729913 2123.068307   2111.29277751
 2099.71353142 2101.16049941 2101.80520039]";2016-07-10 12:00:00;2016-10-02 12:00:00
14;13;catboost_normal;0.16795186120297997;50.0;0.15235457573781522;772.8148478717211;0.15235290893709275;707.3328503911599;[4231.0, 4311.68, 3848.09, 4149.38, 3633.49, 3553.49, 3743.59, 4626.91, 4235.48, 4288.81, 5601.72, 5737.57, 5232.13];"[5081.49453239 4659.41987244 4820.87439647 4942.69344001 4636.14112475
 4431.47087649 4290.0101676  4684.44624065 4883.70572092 5339.72458915
 6273.88024189 6010.2036718  6334.60218053]";2016-10-16 12:00:00;2017-01-08 12:00:00
120;13;catboost_normal;0.010890688931069533;91.66666666666667;0.010974471378961374;136.65834996593065;0.010974419118776713;115.23115339429583;[10465.971, 10496.016, 10403.031, 10399.53, 10497.08, 10528.68, 10569.283, 10488.464, 10554.103, 10585.971, 10651.968, 10589.396, 10672.134];"[10435.24276735 10446.79200845 10400.92438763 10389.95078184
 10397.38642689 10390.92391357 10435.47856266 10394.81391128
 10407.98450744 10413.66081195 10438.7347517  10424.80954116
 10426.91963396]";2016-10-09 12:00:00;2017-01-01 12:00:00
29;13;catboost_normal;0.2563024454409521;41.666666666666664;0.2106273191797972;1228.9286880432564;0.21062495376968593;945.9991191850943;[3316.0, 4091.0, 3515.0, 4080.0, 3673.0, 3330.0, 3549.0, 4789.0, 5544.0, 4237.0, 4027.0, 3906.0, 3492.0];"[3860.981601   4083.90940938 4018.80345193 4401.14499975 5165.8464677
 6037.45969824 5986.8327846  5299.34533984 5084.81926779 5150.49860676
 5137.95987861 4319.20906684 4367.6353313 ]";2016-05-01 12:00:00;2016-07-24 12:00:00
91;13;catboost_normal;0.039513652193984575;66.66666666666667;0.037796535916996686;1381.480320402512;0.03779645866290866;924.8931072108305;[24394.77, 24354.93, 24197.39, 24521.79, 25155.81, 24962.28, 25022.52, 24605.69, 23810.62, 25197.06, 24773.89, 23024.74, 22173.6];"[24476.22683865 25012.80074715 24655.08714912 24780.63768166
 24865.23267679 25233.2118903  25319.033897   25206.23541895
 25468.06833612 25677.79320959 25446.98918002 25838.26910034
 25657.95962163]";2016-07-10 12:00:00;2016-10-02 12:00:00
105;13;catboost_normal;0.008826028807310642;66.66666666666667;0.008881512624789218;22.297020563884242;0.008881301923898716;18.7184000771377;[2102.898, 2097.007, 2094.265, 2101.58, 2113.538, 2120.345, 2109.801, 2113.966, 2120.383, 2128.76, 2121.813, 2119.108, 2132.56];"[2099.20831356 2097.78558755 2095.20824415 2094.16037944 2096.7220024
 2097.05262454 2094.04830347 2093.46047194 2094.72738661 2096.03674362
 2092.73071966 2092.87461084 2092.11307461]";2016-04-10 12:00:00;2016-07-03 12:00:00
59;13;catboost_normal;0.020529767757657583;66.66666666666667;0.020252881661042124;213.05000032284846;0.020252769922206905;183.55105059954678;[8936.05, 8921.5, 8927.53, 8818.28, 8914.77, 8958.75, 9063.82, 9055.79, 8928.68, 8926.28, 8906.9, 8997.23, 9034.72];"[8902.38130736 8872.1597016  8938.87057724 9105.68602662 9135.88076799
 9137.13917929 9152.8969591  9164.33118347 9237.70976499 9229.90065031
 9216.27920143 9273.08140224 9244.12895409]";2016-04-17 12:00:00;2016-07-10 12:00:00
14;13;catboost_normal;0.1789699228436403;50.0;0.21091567381596416;1134.027406882351;0.21091274886053307;769.8776023083954;[2994.76, 3283.16, 3090.26, 3112.54, 3210.71, 3236.93, 3358.6, 4225.3, 3197.79, 3166.0, 4293.94, 5148.1, 5365.88];"[3369.94116185 3409.06100653 3494.42198658 3403.09145176 3194.97888289
 3268.08287657 3177.03501084 2976.12776593 2830.74723244 2633.61865269
 2690.35310895 2898.81366881 2783.18533073]";2016-07-17 12:00:00;2016-10-09 12:00:00
29;13;catboost_normal;0.19657442014488258;50.0;0.18384864305270746;1032.4382817528565;0.18384652194104867;816.8986644072008;[7275.0, 5364.0, 4052.0, 3671.0, 3906.0, 3693.0, 3386.0, 3645.0, 4144.0, 4021.0, 4082.0, 3359.0, 3230.0];"[4695.96157583 4793.8692064  4300.16882723 4727.58721424 4166.790778
 4409.26580374 4337.8424778  4128.11397611 4567.50810803 4199.8791745
 4692.81840892 4337.25410485 4792.28454611]";2016-01-31 12:00:00;2016-04-24 12:00:00
91;13;catboost_normal;0.02702194747188249;58.333333333333336;0.02620688490775571;1080.552646588645;0.02620683260083135;656.6035170372035;[25624.05, 25977.41, 25037.25, 24562.82, 24782.48, 25173.1, 25001.34, 25142.82, 25202.65, 25557.09, 25108.25, 24157.33, 23224.19];"[24954.37941376 24983.10168061 24969.368632   24950.99193308
 24863.19537144 25090.13669561 25166.01728431 25431.30578506
 25353.20398898 25548.98504227 25708.51518978 26242.3261578
 26179.24147528]";2016-04-10 12:00:00;2016-07-03 12:00:00
105;13;catboost_normal;0.008767100131547025;66.66666666666667;0.008819347053071318;21.423751347042902;0.00881913531419659;18.36679798099595;[2095.428, 2087.78, 2086.454, 2085.857, 2094.13, 2097.782, 2090.825, 2087.791, 2096.35, 2099.928, 2094.586, 2092.562, 2100.755];"[2098.89028198 2090.61000993 2085.97608166 2083.04684014 2073.65981812
 2069.40397795 2062.21429546 2067.00792817 2069.58550245 2069.84546312
 2067.0364223  2069.41264866 2077.35494011]";2016-01-10 12:00:00;2016-04-03 12:00:00
120;13;catboost_normal;0.00851142914578281;66.66666666666667;0.008575344024168567;117.99427756685252;0.008575302431336066;88.40131052076951;[10276.914, 10234.028, 10173.143, 10204.946, 10337.314, 10333.54, 10367.354, 10287.899, 10387.607, 10452.507, 10462.941, 10299.288, 10360.287];"[10267.31955742 10258.73958452 10197.13401853 10205.1618322
 10293.49917504 10265.7992705  10252.35301163 10205.81577857
 10173.58295695 10229.31491703 10254.56971324 10280.50712464
 10242.59089345]";2016-07-10 12:00:00;2016-10-02 12:00:00
135;13;catboost_normal;0.035011584974397485;66.66666666666667;0.03580648636665713;263.19207359462433;0.03580621138191333;233.13843171357445;[6432.1, 6492.9, 6523.6, 6596.4, 6759.9, 6701.7, 6745.7, 6721.2, 6644.0, 6667.8, 6661.7, 6458.5, 6508.5];"[6398.6253836  6425.06256697 6454.5421599  6460.79992305 6438.20598409
 6388.46868355 6370.94518373 6347.93583626 6334.41559986 6334.00887121
 6317.56308669 6311.18438577 6301.44272304]";2016-10-09 12:00:00;2017-01-01 12:00:00
91;13;catboost_normal;0.06551280082885293;66.66666666666667;0.06312274257880363;1774.9722127450784;0.06312262219361806;1655.1871010517677;[24854.82, 25800.54, 25267.36, 25141.62, 25450.59, 25861.69, 25933.98, 25744.82, 25606.85, 25950.02, 25054.71, 25044.08, 24399.29];"[26382.79056245 26403.12107892 26576.62538764 26579.12975648
 26707.181987   26879.85221437 27042.89616902 27189.06320507
 27715.43097509 27838.1475349  27507.1276798  27460.57111762
 27345.86464532]";2016-01-10 12:00:00;2016-04-03 12:00:00
59;13;catboost_normal;0.02229981417126995;50.0;0.021934845458903805;248.85463230468983;0.021934727629765154;204.18045029548543;[9487.52, 9538.98, 9513.06, 9463.65, 9273.47, 9235.57, 9282.9, 9312.47, 9218.57, 9164.94, 9036.84, 9094.99, 8984.47];"[9488.03152231 9497.21645644 9542.82895966 9544.45505434 9472.88385533
 9426.24365521 9453.42035513 9450.93631594 9483.76436968 9490.45939577
 9471.17395756 9436.52417684 9420.3106925 ]";2016-01-17 12:00:00;2016-04-10 12:00:00
14;13;catboost_normal;0.08444688001061304;58.333333333333336;0.08676336111107288;357.017249242657;0.08676194164447835;267.47817801961656;[2585.36, 2685.13, 2671.13, 2767.95, 2695.89, 3128.71, 3117.23, 3026.74, 2850.35, 2713.69, 3350.7, 4037.27, 3383.76];"[2713.48435257 2933.60307142 2947.40233957 2955.28740594 2669.37250484
 2797.63766582 2915.65489009 2913.45017929 2875.17147203 3103.17137477
 2844.91414644 3096.67365    3279.89066556]";2016-04-17 12:00:00;2016-07-10 12:00:00
135;13;catboost_normal;0.09756261216486532;50.0;0.10378333702360262;681.3001371443884;0.10378245952473253;613.7834592480434;[5988.4, 6055.0, 6069.7, 6107.9, 6273.9, 6217.2, 6440.8, 6270.6, 6279.4, 6292.9, 6348.5, 6324.4, 6368.4];"[5899.71624367 5855.54861468 5781.06103033 5727.90394975 5774.63013094
 5774.62384328 5574.9242804  5515.5796768  5477.11365098 5403.64437053
 5482.10752936 5389.86545759 5401.19625146]";2016-07-10 12:00:00;2016-10-02 12:00:00
92;13;catboost_normal;0.013631692851797538;58.333333333333336;0.013755437236052827;27.419879419111577;0.013755040994244565;23.875511133970594;[1748.563, 1753.833, 1740.646, 1741.955, 1753.649, 1760.835, 1747.62, 1745.674, 1751.342, 1758.483, 1747.428, 1749.617, 1753.035];"[1744.69041903 1740.11693528 1732.58228387 1737.47167508 1741.86006071
 1729.00257004 1716.06798887 1718.10952931 1726.49899264 1719.26977069
 1707.05972961 1705.22892207 1724.33947805]";2016-10-09 12:00:00;2017-01-01 12:00:00
150;13;catboost_normal;0.012868971831180596;66.66666666666667;0.012990270307408116;99.79695164537435;0.01299016819659186;82.63097091953645;[6364.0443, 6391.976, 6307.152, 6296.818, 6370.959, 6382.491, 6419.123, 6352.659, 6400.765, 6420.155, 6472.322, 6421.251, 6497.262];"[6328.17979434 6309.83541766 6273.03136522 6260.91032507 6281.83442159
 6274.24471462 6349.40516937 6344.44189338 6345.95114818 6341.37473111
 6362.49102911 6290.53161158 6260.54305681]";2016-10-09 12:00:00;2017-01-01 12:00:00
120;13;catboost_normal;0.0105829719508494;50.0;0.010659769274800668;125.73426828807457;0.01065971647537283;107.60709701788745;[10188.072, 10223.041, 10094.797, 10045.633, 10116.6, 10110.417, 10056.554, 10049.399, 10197.242, 10210.318, 10226.62, 10126.471, 10209.72];"[10191.65402336 10133.33947186 10003.15286217  9984.76931112
 10007.61477349 10020.6490596  10002.72376315 10030.54156243
 10039.8766553  10033.06492306 10019.45542844 10008.05392951
  9988.260022  ]";2016-04-10 12:00:00;2016-07-03 12:00:00
14;13;catboost_normal;0.2316753758788961;58.333333333333336;0.2049856308087987;711.0796710742214;0.2049825232468588;676.5036948218136;[3011.03, 3229.74, 3091.05, 2922.71, 2823.72, 2987.46, 2866.76, 2914.25, 2834.33, 2898.88, 3075.55, 3696.88, 2685.07];"[3551.96670583 3637.34389035 3678.08683694 3690.80129697 3611.19638605
 3740.10404879 3741.36861017 3718.05564906 3656.48448114 3609.01678227
 3621.9616453  3851.49507373 3724.09662607]";2016-01-17 12:00:00;2016-04-10 12:00:00
135;13;catboost_normal;0.03705277700621054;50.0;0.03823033117232809;276.30825209754886;0.03822998728445005;212.54339874257633;[5526.6, 5539.0, 5582.9, 5548.3, 5493.5, 5547.6, 5593.0, 5625.0, 5599.2, 5586.2, 5827.9, 5836.6, 5947.7];"[5500.83733294 5518.23329117 5493.60435984 5534.20805957 5390.15650538
 5398.192472   5423.01700583 5407.00632261 5359.11264808 5374.93056248
 5322.78569855 5315.91259394 5452.43896395]";2016-04-10 12:00:00;2016-07-03 12:00:00
92;13;catboost_normal;0.019750152286608123;66.66666666666667;0.02000940212548597;39.195175968994604;0.020008816856265783;34.2037822522282;[1718.951, 1725.097, 1706.598, 1715.292, 1728.02, 1734.706, 1722.378, 1726.736, 1739.12, 1744.035, 1731.473, 1728.846, 1734.623];"[1718.14992167 1705.69398679 1697.08805443 1703.26435739 1696.77884659
 1697.09901877 1688.41830438 1696.406818   1697.33701725 1678.47120669
 1671.25384427 1678.77010932 1682.49434516]";2016-07-10 12:00:00;2016-10-02 12:00:00
106;13;catboost_normal;0.02523580106794385;58.333333333333336;0.02564326795019103;688.5945928132626;0.02564321439849689;613.987143019118;[24019.73, 23983.72, 24168.42, 24240.09, 24481.23, 24419.29, 24441.25, 24333.51, 24398.35, 24222.27, 24359.23, 24297.26, 24345.73];"[23856.67194129 23792.31765625 23914.55890983 23901.1713663
 23891.47215043 23851.49472042 23858.11894814 23759.3344472
 23646.3337858  23473.90304757 23283.27574339 23251.27271504
 23248.32170909]";2016-10-09 12:00:00;2017-01-01 12:00:00
150;13;catboost_normal;0.0075445784814971405;58.333333333333336;0.007552199481757579;57.543794102865874;0.007552138932751043;47.10134437002783;[6197.035, 6168.9571, 6118.6434, 6138.3762, 6226.8375, 6220.9383, 6258.4874, 6189.5612, 6263.4888, 6322.1279, 6344.2975, 6215.929, 6263.8896];"[6203.20563686 6200.24777906 6179.1782866  6183.75658447 6227.95679296
 6204.56498662 6187.62861009 6216.00798041 6230.53816377 6213.79073261
 6257.24937187 6310.47285104 6295.15253037]";2016-07-10 12:00:00;2016-10-02 12:00:00
135;13;catboost_normal;0.08775602802033212;50.0;0.09414521787838678;585.597330300277;0.09414427445810919;469.87445229248044;[5076.5, 5084.5, 5108.8, 5115.6, 5190.5, 5214.3, 5226.7, 5262.7, 5278.9, 5465.4, 5380.8, 5453.2, 5517.1];"[5080.07869989 4937.44132795 4934.25406452 5136.77013381 4901.15341866
 4865.31274374 5043.02632936 4548.08351534 4562.15020281 4705.49501348
 4361.86797172 4710.80651621 4529.68985012]";2016-01-10 12:00:00;2016-04-03 12:00:00
120;13;catboost_normal;0.0077548454428962976;58.333333333333336;0.007796894706293179;94.42612000709737;0.007796855593013501;77.71353130790284;[9964.536, 9947.71, 9881.144, 9855.828, 9922.635, 9937.146, 9969.568, 9933.849, 10032.933, 10050.033, 10044.655, 10050.148, 10123.182];"[9993.04190127 9975.37026424 9919.32289243 9845.85789124 9832.58688519
 9877.26971686 9882.08851068 9911.01941525 9910.82443226 9950.98900486
 9949.14040608 9935.24593845 9909.02395007]";2016-01-10 12:00:00;2016-04-03 12:00:00
92;13;catboost_normal;0.01435180174650122;58.333333333333336;0.014493217739001103;28.430973533358483;0.0144927864362122;24.35047258897722;[1676.619, 1670.917, 1667.903, 1675.356, 1688.334, 1695.274, 1685.425, 1689.931, 1696.771, 1705.685, 1698.883, 1696.833, 1710.503];"[1670.85622192 1668.57339643 1665.90703915 1664.47386508 1666.69199031
 1666.52228164 1663.39305631 1662.78266167 1664.09541498 1662.61256151
 1661.0126335  1661.94077083 1663.01596301]";2016-04-10 12:00:00;2016-07-03 12:00:00
165;13;catboost_normal;0.051867678515577643;58.333333333333336;0.05018459061098195;153.2969858561842;0.050183657190170664;134.91792756282172;[2629.818, 2607.91, 2625.41, 2639.91, 2601.3, 2563.83, 2568.58, 2593.3, 2599.6, 2593.1, 2586.4, 2663.98, 2701.83];"[2644.22297879 2656.49664825 2684.93468625 2713.04523349 2713.48689528
 2727.52700386 2779.46380981 2813.31686017 2816.00610191 2806.81005186
 2803.36838965 2791.74346458 2778.47893441]";2016-10-09 12:00:00;2017-01-01 12:00:00
106;13;catboost_normal;0.01850398936125102;58.333333333333336;0.01871656775804314;485.3069328009458;0.01871652768093135;437.0518418980534;[23203.53, 23215.54, 23307.05, 23358.19, 23436.51, 23476.26, 23470.24, 23490.19, 23663.9, 23679.55, 23755.68, 23806.38, 23878.56];"[23070.25721119 23090.6165448  23072.82085451 23057.59659498
 23101.08098797 23104.31752259 23105.47291699 23047.47373724
 23070.8230321  23089.91677646 23064.50171856 23081.92014762
 23103.1080103 ]";2016-07-10 12:00:00;2016-10-02 12:00:00
136;13;catboost_normal;0.016875491582136786;58.333333333333336;0.017089820360038786;146.75572956787127;0.017089698841949188;120.17561862450013;[7126.057, 7071.44, 7078.15, 7037.05, 7071.02, 7029.9, 7096.12, 7087.92, 7166.37, 7130.38, 7131.41, 7203.06, 7162.08];"[7035.4851291  7041.66974367 7048.66251588 7054.81206558 6967.76989475
 6914.9324897  6946.44017782 6901.73622744 6886.85432977 6873.8700905
 6998.38666094 7038.46028759 7169.0415237 ]";2016-10-09 12:00:00;2017-01-01 12:00:00
165;13;catboost_normal;0.013640146864652135;66.66666666666667;0.013534872959151626;45.7148710046983;0.013534620116273202;36.23675106818575;[2805.608, 2800.754, 2799.605, 2780.459, 2733.248, 2704.424, 2704.844, 2683.89, 2640.784, 2596.729, 2600.944, 2666.502, 2659.171];"[2805.72545817 2788.49803031 2776.32220809 2770.23186326 2746.43976282
 2734.29902565 2723.6764737  2727.65199103 2716.79733376 2695.28745497
 2666.14487322 2634.0717779  2611.84072987]";2016-07-10 12:00:00;2016-10-02 12:00:00
150;13;catboost_normal;0.016130040221997616;41.666666666666664;0.016314199301189533;116.98059513384258;0.01631406466020745;98.83979179062106;[6151.8033, 6178.1188, 6084.3669, 6058.3217, 6106.6076, 6097.0431, 6056.3482, 6044.5758, 6145.0855, 6154.985, 6163.4298, 6083.5735, 6135.3873];"[6116.80073752 6107.34155103 6033.76784476 6022.83790522 6015.39367062
 6018.73650946 6017.11995303 6017.97667671 5987.70466403 5996.58394985
 5966.12624366 5949.83426223 5924.5052386 ]";2016-04-10 12:00:00;2016-07-03 12:00:00
121;13;catboost_normal;0.04530856150390512;66.66666666666667;0.04374877664656404;21.535157435211456;0.04374260884808912;15.553646793788683;[329.99, 321.94, 332.45, 333.74, 338.72, 353.4, 396.27, 383.57, 366.9, 359.23, 363.53, 378.46, 369.19];"[319.94525366 347.58019779 381.63869343 375.21487769 354.37687667
 353.41522093 413.69034279 373.15546557 366.51611006 339.03786587
 371.0780975  380.34290974 371.52488695]";2016-10-09 12:00:00;2017-01-01 12:00:00
92;13;catboost_normal;0.01688598264699752;66.66666666666667;0.017077369481875986;32.49387113731753;0.017076850797117956;28.112412110486957;[1661.014, 1654.104, 1652.832, 1652.614, 1661.515, 1665.738, 1659.298, 1656.778, 1666.27, 1670.47, 1665.991, 1664.625, 1673.315];"[1666.39220386 1657.64285905 1648.90478725 1640.36630134 1640.860641
 1635.51612084 1626.82145962 1622.59501248 1622.53153979 1621.80371033
 1622.64316529 1622.49489272 1628.36407482]";2016-01-10 12:00:00;2016-04-03 12:00:00
165;13;catboost_normal;0.01943168609155405;50.0;0.01978963396319048;76.0598722214001;0.01978926658495833;53.322758156933;[2565.897, 2548.253, 2628.599, 2674.941, 2655.935, 2649.343, 2668.509, 2735.535, 2730.741, 2720.494, 2754.392, 2814.067, 2827.69];"[2547.2027392  2560.57652853 2572.4800178  2599.47673507 2632.01610136
 2667.24916242 2710.17135601 2730.15295724 2719.44823906 2702.66997787
 2679.30749444 2654.22675747 2650.0061714 ]";2016-04-10 12:00:00;2016-07-03 12:00:00
121;13;catboost_normal;0.050923235455092135;91.66666666666667;0.050319956689219465;19.704215932745672;0.050312916977594144;17.997505749121753;[350.63, 342.76, 393.05, 392.37, 355.8, 337.2, 359.18, 339.13, 333.45, 331.9, 375.02, 384.86, 366.63];"[370.07949243 371.63061172 393.83219792 384.84398503 372.1946718
 355.55282931 369.31401107 365.0682093  357.51538335 345.52566147
 351.98051421 356.80576456 348.89522982]";2016-07-10 12:00:00;2016-10-02 12:00:00
106;13;catboost_normal;0.016012364665034095;58.333333333333336;0.0161624291416611;397.48474360246735;0.01616239373461884;368.887584964656;[22711.3, 22859.7, 22851.24, 22924.37, 23083.39, 23012.97, 23029.0, 23065.3, 23191.57, 23029.36, 23036.46, 23027.14, 23063.86];"[22690.62916183 22663.18308149 22640.63467843 22633.43011378
 22653.35624922 22640.67680334 22649.41557807 22630.82938496
 22597.3493631  22593.89984649 22596.97823062 22565.6361305
 22534.10277363]";2016-04-10 12:00:00;2016-07-03 12:00:00
136;13;catboost_normal;0.006616829571936794;50.0;0.006653397772339462;61.832183409255315;0.006653350003344115;46.33511817558414;[6997.989, 6961.001, 6930.036, 6927.848, 6963.432, 6939.637, 6912.364, 6912.401, 7009.702, 6976.295, 7030.291, 6998.858, 7046.155];"[6962.2682049  6958.33151205 6954.44428479 6948.77771386 6946.14499128
 6935.87129663 6931.3614062  6925.21395506 6924.20469102 6919.15300608
 6917.46270919 6917.46919867 6917.24621381]";2016-07-10 12:00:00;2016-10-02 12:00:00
150;13;catboost_normal;0.008821742767596792;25.0;0.008847760950012324;66.32261787751709;0.008847687120437618;53.01632268515137;[6020.0463, 5998.8924, 5933.5861, 5911.7633, 5950.5449, 5956.844, 5986.3672, 5945.5699, 6010.7792, 6028.1983, 6057.9057, 6043.7658, 6093.3096];"[6009.42633388 5996.39626124 5990.69254566 5998.73921839 5991.87494371
 5991.87425777 5987.08137164 5992.68295307 5974.33183314 5981.62192306
 5960.90466791 5963.24801132 5946.0259648 ]";2016-01-10 12:00:00;2016-04-03 12:00:00
121;13;catboost_normal;0.03628301705486563;83.33333333333333;0.03533435065120959;16.147176941465066;0.03532952425647492;12.94120864293284;[350.11, 370.34, 378.91, 377.95, 341.36, 345.29, 360.15, 371.63, 356.99, 350.88, 373.66, 383.85, 383.01];"[356.46053429 372.91152469 369.44692539 381.50587188 365.86194111
 369.69090227 384.45172441 389.63526664 382.49504098 372.14951993
 375.15256809 381.30438318 378.73787337]";2016-04-10 12:00:00;2016-07-03 12:00:00
136;13;catboost_normal;0.013622187645447854;50.0;0.013740235676399929;105.9669418770983;0.0137401353941474;94.13300211774836;[6828.906, 6843.15, 6839.629, 6826.527, 6893.504, 6855.881, 6832.068, 6860.011, 6950.665, 6922.32, 6932.176, 6914.071, 7002.069];"[6779.88312354 6809.96490675 6749.1577698  6785.97540968 6768.03264749
 6788.15066274 6787.70560766 6805.01148267 6783.47150558 6788.39363813
 6803.89833144 6810.71443775 6816.88844923]";2016-04-10 12:00:00;2016-07-03 12:00:00
93;13;catboost_normal;0.1301645364156177;58.333333333333336;0.14174118385263074;301.69689778634654;0.1417374236804435;267.1982801184203;[1802.54, 1986.53, 1931.14, 1831.39, 1948.19, 1948.12, 2000.27, 2077.83, 2068.5, 2093.54, 2174.32, 2052.07, 2108.0];"[1794.36596936 1795.15110195 1780.24366477 1763.50317944 1760.28458741
 1748.04543066 1734.09176353 1720.27880406 1705.39749234 1691.38012053
 1686.69953951 1681.81882603 1687.60187887]";2014-10-12 12:00:00;2015-01-04 12:00:00
106;13;catboost_normal;0.013334151758649148;75.0;0.013459279230681893;355.92239340167225;0.013459249189253451;301.5060773283045;[22533.44, 22529.43, 22453.69, 22459.59, 22675.47, 22616.21, 22555.76, 22614.64, 22645.18, 22631.19, 22594.69, 22634.45, 22612.7];"[22416.50291668 22409.26288202 22404.4260488  22419.58490787
 22447.18545839 22406.7567533  22322.44153164 22267.45522426
 22210.29572742 22152.83561223 22100.15976527 22056.69411281
 22023.26005406]";2016-01-10 12:00:00;2016-04-03 12:00:00
151;13;catboost_normal;0.01749441065788724;41.666666666666664;0.017685267497803935;188.35684755325008;0.017685163117795732;149.83519664395064;[8624.177, 8443.2, 8390.94, 8266.24, 8299.13, 8283.85, 8356.8, 8416.68, 8466.06, 8541.06, 8572.49, 8732.67, 8749.33];"[8441.07593461 8398.63434463 8407.60727039 8405.74875179 8397.56260614
 8405.37690525 8389.31260177 8359.21785615 8373.61182168 8354.04178445
 8353.97929662 8358.6789508  8367.21759004]";2016-10-09 12:00:00;2017-01-01 12:00:00
165;13;catboost_normal;0.027589266891051786;66.66666666666667;0.028063519977691156;79.32392186492609;0.028062972543704982;71.97894705910721;[2687.459, 2644.966, 2689.936, 2700.413, 2647.194, 2630.34, 2628.161, 2602.124, 2552.539, 2537.744, 2540.868, 2554.798, 2565.195];"[2627.95445546 2621.59700307 2594.53140179 2609.15353327 2598.31638087
 2576.09669971 2559.63133375 2543.39909369 2522.37520775 2481.4734111
 2454.08346944 2442.48126148 2414.91743686]";2016-01-10 12:00:00;2016-04-03 12:00:00
136;13;catboost_normal;0.010057917089976769;75.0;0.010029883389366149;86.41550421471696;0.010029809724692008;68.28834429475472;[6844.362, 6829.507, 6791.34, 6748.109, 6801.466, 6800.935, 6764.145, 6737.236, 6821.368, 6819.427, 6809.228, 6769.343, 6819.692];"[6862.55079113 6839.97551895 6789.02573805 6730.78994537 6774.05215093
 6722.62558726 6663.33860156 6637.52567129 6759.23314219 6935.72829129
 6952.71296451 6942.25130916 6858.08043744]";2016-01-10 12:00:00;2016-04-03 12:00:00
151;13;catboost_normal;0.01933239431653177;58.333333333333336;0.019567089403099334;209.10148817903763;0.019566970691750375;161.2918729717001;[8265.069, 8144.901, 8038.916, 8045.428, 8052.082, 8026.227, 8033.954, 8078.661, 8524.342, 8235.765, 8286.751, 8352.788, 8644.045];"[8159.24550647 8156.31769097 8155.90284926 8149.03035101 8152.14237179
 8143.87859474 8143.18230431 8137.1112834  8136.36089756 8133.49648285
 8134.11606275 8132.72835188 8133.41479533]";2016-07-10 12:00:00;2016-10-02 12:00:00
107;13;catboost_normal;0.005097811757130932;100.0;0.0050768914702751435;103.57762870843992;0.005076875663068406;81.52910447837851;[15926.84, 16078.017, 15963.238, 15970.428, 16056.811, 16086.342, 16092.328, 16042.099, 16027.739, 16096.719, 16115.75, 15955.488, 15951.666];"[16033.21184177 16078.87983038 16049.92696507 16055.86583747
 16104.41599648 16115.67437302 16154.44388427 16116.6847792
 16056.29225877 16133.39639605 16183.84524105 16174.35412087
 16166.35183382]";2016-10-09 12:00:00;2017-01-01 12:00:00
93;13;catboost_normal;0.04057534579502017;25.0;0.04101554538982343;78.73338916530535;0.04101437111179212;71.63586561929145;[1703.93, 1693.47, 1727.0, 1672.75, 1696.31, 1729.71, 1792.81, 1799.07, 1770.89, 1810.31, 1783.42, 1831.58, 1812.85];"[1729.63546176 1741.55457189 1769.23500874 1775.41501901 1771.58273242
 1745.38923268 1739.55328156 1727.89357534 1689.64095684 1684.26589526
 1703.3950522  1709.91820635 1724.63880589]";2014-07-13 12:00:00;2014-10-05 12:00:00
121;13;catboost_normal;0.056735341404259114;66.66666666666667;0.054939466619777555;22.984408674062028;0.054932272964963676;20.98995903435444;[356.46, 394.73, 383.1, 406.41, 367.48, 363.13, 376.2, 378.62, 365.07, 358.6, 370.42, 357.54, 375.58];"[375.96303182 383.85894741 411.34728525 399.51050733 382.88741251
 374.22910824 405.22152764 395.94636481 388.1127698  378.00866611
 400.65196258 400.45923515 394.47155826]";2016-01-10 12:00:00;2016-04-03 12:00:00
166;13;catboost_normal;0.04870699044954658;50.0;0.04734171441379274;157.61214867851416;0.04734094106693425;144.9186014413431;[2997.388, 2977.87, 2986.98, 2990.89, 2962.27, 2935.63, 2940.19, 2958.2, 2977.7, 2970.67, 2964.25, 3035.15, 3091.1];"[3042.48342045 3040.08143872 3067.2051415  3083.01535586 3092.09060229
 3113.14002108 3145.52143957 3162.13135112 3181.12209406 3182.03378212
 3192.12022101 3189.29307746 3181.99187351]";2016-10-09 12:00:00;2017-01-01 12:00:00
93;13;catboost_normal;0.019792603779284653;50.0;0.01945245210905313;51.22231357023624;0.019451901731255165;34.382432684143836;[1772.26, 1778.92, 1793.33, 1843.71, 1802.87, 1832.42, 1820.31, 1822.08, 1717.09, 1736.69, 1741.63, 1730.74, 1678.44];"[1770.78044199 1779.07526033 1809.62985558 1828.98293105 1829.04817735
 1834.69679309 1810.76124035 1760.56195077 1762.9804858  1762.82485525
 1777.30266793 1792.13735855 1824.13273516]";2014-04-13 12:00:00;2014-07-06 12:00:00
122;13;catboost_normal;0.030724876042391283;83.33333333333333;0.029865774294602312;19.612018230199293;0.029862498894173417;13.622650699011887;[440.2, 431.45, 435.3, 432.77, 440.92, 454.74, 497.32, 484.31, 473.21, 461.88, 466.64, 483.21, 471.99];"[449.4687705  450.43791103 480.12856015 475.8005578  458.48738499
 461.74620396 488.36004456 481.53472    469.94455205 447.47784188
 464.94559729 483.43481087 477.07301559]";2016-10-09 12:00:00;2017-01-01 12:00:00
151;13;catboost_normal;0.015992416555395197;25.0;0.01604338598609119;168.04015140578625;0.016043286240984396;129.05509591486813;[7980.826, 7965.44, 7854.609, 7852.147, 7941.184, 7860.361, 7901.558, 7898.371, 8016.015, 8002.58, 8033.396, 8071.591, 8480.089];"[8020.88371572 8092.61121275 8043.34087225 8027.03582199 8002.49955594
 8006.349675   7988.28515639 8017.02446768 7958.98765297 7983.28663175
 7960.21972697 7947.36262332 8019.63259583]";2016-04-10 12:00:00;2016-07-03 12:00:00
107;13;catboost_normal;0.007143048856431576;66.66666666666667;0.007180490300067543;139.0802853559714;0.007180467874037948;114.95461981108704;[16001.634, 15989.085, 15929.769, 15993.594, 16078.46, 16087.283, 16077.8, 16034.118, 16074.669, 16181.468, 16173.529, 15974.995, 15922.95];"[15926.568456   15929.12947546 15923.6443459  15922.99620741
 15925.44661729 15930.97472919 15928.64339581 15921.91814346
 15920.84237306 15922.38876388 15926.09963397 15924.77266363
 15921.51913739]";2016-07-10 12:00:00;2016-10-02 12:00:00
93;13;catboost_normal;0.022407090397498827;41.666666666666664;0.022180973268585216;48.80420799740125;0.022180373125140186;40.995911415466146;[1838.4, 1810.44, 1837.05, 1903.08, 1826.37, 1863.44, 1915.52, 1895.17, 1851.11, 1858.86, 1810.16, 1820.27, 1758.3];"[1876.48504508 1866.73635973 1862.38162554 1854.35233495 1855.74999567
 1855.7416477  1861.34358439 1867.55181603 1867.1023932  1864.4318537
 1872.04752307 1874.53108501 1866.22035048]";2014-01-12 12:00:00;2014-04-06 12:00:00
137;13;catboost_normal;0.08801674074701195;58.333333333333336;0.08596354955452824;34.48466249597011;0.08595173616809318;31.310813881691622;[387.13, 396.14, 404.7, 363.68, 322.02, 328.5, 392.13, 382.78, 364.21, 339.84, 334.59, 363.64, 337.18];"[348.65751908 360.27752764 367.15744394 373.23045582 365.70892596
 373.69403559 367.13614801 366.2242675  365.70008434 373.57570073
 380.38373396 387.39161554 387.5889347 ]";2016-10-09 12:00:00;2017-01-01 12:00:00
151;13;catboost_normal;0.016852745613212334;75.0;0.01666418894654701;153.23228835618815;0.016664083705157692;131.93542143047404;[8099.412, 7970.397, 7785.8, 7747.219, 7866.546, 7841.825, 7766.325, 7807.316, 7850.608, 7854.987, 7930.698, 7929.163, 8030.812];"[8097.78676901 8076.65180741 8066.35475004 8000.16897245 7985.90818364
 7955.54400531 7966.6691636  7977.69779    8008.86733736 7993.49058709
 8003.45177256 7992.42002865 7993.61715051]";2016-01-10 12:00:00;2016-04-03 12:00:00
94;13;catboost_normal;0.15206929581975223;41.666666666666664;0.16852202133546607;321.36664235912815;0.16851696843389163;281.09869543906393;[1621.22, 1764.77, 1679.71, 1638.8, 1728.67, 1733.06, 1799.69, 1857.32, 1899.37, 1907.46, 1936.32, 1863.71, 1912.86];"[1644.93018618 1632.01272079 1580.43449546 1568.20043712 1523.17731957
 1508.21241529 1471.8919789  1477.98675993 1512.59196774 1461.83993717
 1455.69347305 1450.56689049 1448.55874996]";2014-10-12 12:00:00;2015-01-04 12:00:00
122;13;catboost_normal;0.03901918534833675;83.33333333333333;0.0392378744142078;20.985237277805798;0.03923366837804468;18.3146429542314;[452.54, 443.8, 501.59, 500.38, 466.67, 447.16, 469.38, 449.11, 439.03, 441.92, 485.72, 494.92, 475.36];"[465.12090153 469.26773773 484.55460782 483.13745211 471.18808368
 461.55346226 472.03450069 471.91032888 460.25680925 448.11714885
 453.38250779 455.67971571 452.96433105]";2016-07-10 12:00:00;2016-10-02 12:00:00
107;13;catboost_normal;0.00776569386794731;50.0;0.007800440000043884;132.17505516814614;0.007800415329180896;123.31755233146956;[15816.852, 15889.851, 15785.974, 15788.998, 15833.566, 15878.441, 15829.95, 15852.163, 15915.081, 15967.739, 15945.885, 15852.687, 15858.073];"[15700.08354257 15703.50120494 15737.22322183 15712.17130249
 15711.08903673 15747.58487582 15724.75778965 15727.15922923
 15734.10862697 15763.27815161 15781.17623474 15788.0817852
 15781.91681791]";2016-04-10 12:00:00;2016-07-03 12:00:00
152;13;catboost_normal;0.022685580573756473;58.333333333333336;0.022577792691505463;86.86299446903166;0.022577411638586724;66.92167561384083;[2990.33, 3154.84, 2945.55, 2862.16, 3032.25, 2990.3, 3001.65, 2879.11, 3049.37, 2997.1, 3046.23, 2862.51, 2802.91];"[2966.63348242 2980.52182843 2949.28416014 2958.29255    2997.6781421
 3013.75161382 2994.0376784  2981.90398738 2987.27144933 2987.63197669
 2982.26670491 2968.94949208 2964.61124184]";2016-10-09 12:00:00;2017-01-01 12:00:00
166;13;catboost_normal;0.012425471013281167;58.333333333333336;0.012501468799341362;46.982465960730316;0.0125012630974493;37.99955675517822;[3208.648, 3207.434, 3190.785, 3169.379, 3110.608, 3075.604, 3076.264, 3054.29, 3018.094, 2975.289, 2969.344, 3053.082, 3032.291];"[3222.36192924 3203.49493295 3173.86218501 3151.44685533 3090.12181157
 3021.54823308 2976.8901603  2989.80871498 3018.20336674 3027.53368797
 3015.6402663  2991.30389171 2989.63022751]";2016-07-10 12:00:00;2016-10-02 12:00:00
94;13;catboost_normal;0.04032450827116985;75.0;0.041463689599099816;80.22312077896166;0.0414623101272789;62.420599679452394;[1382.92, 1380.07, 1413.29, 1358.23, 1407.76, 1444.33, 1470.62, 1490.46, 1519.66, 1591.55, 1571.06, 1623.87, 1652.2];"[1408.61848441 1397.43002816 1401.42751856 1414.36174056 1424.57778917
 1425.80654015 1431.91636804 1443.42405936 1464.59572248 1472.80135781
 1479.95934078 1476.96347437 1484.68586491]";2014-07-13 12:00:00;2014-10-05 12:00:00
107;13;catboost_normal;0.0036774833548562794;66.66666666666667;0.003687560572295107;70.63827193648419;0.0036875488304694243;57.90469365720841;[15607.465, 15701.888, 15666.318, 15620.482, 15725.307, 15773.462, 15740.424, 15743.733, 15766.359, 15822.682, 15716.416, 15700.428, 15673.023];"[15609.80969042 15606.23961443 15629.24462109 15605.74601072
 15631.46378447 15657.0863404  15673.72395247 15672.119319
 15676.21085622 15708.43750615 15690.0246839  15684.16121614
 15665.64776789]";2016-01-10 12:00:00;2016-04-03 12:00:00
166;13;catboost_normal;0.02144715825694665;50.0;0.021732014138889724;74.29848643857846;0.021731660598953022;66.82265422389477;[2954.14, 2932.259, 3029.219, 3069.821, 3057.305, 3038.413, 3057.509, 3118.045, 3117.131, 3123.204, 3156.362, 3216.707, 3221.6];"[2924.90796606 2927.19619816 2959.43451941 2970.30557738 2983.72834159
 2992.10419371 3008.13384955 3043.61404374 3053.89659837 3083.23731793
 3078.56544452 3100.20033901 3097.69610567]";2016-04-10 12:00:00;2016-07-03 12:00:00
137;13;catboost_normal;0.0679822661055195;41.666666666666664;0.06503749583682232;28.757326622518253;0.06502868988448912;24.03822502633741;[351.8, 355.16, 414.15, 395.63, 370.84, 367.78, 369.34, 346.68, 327.38, 340.19, 362.15, 377.14, 363.08];"[384.76887699 387.71656948 388.29598094 393.32212964 380.58520452
 390.81175991 388.54513033 388.60075855 384.03335619 380.02431978
 379.42082213 374.86281196 371.95105001]";2016-07-10 12:00:00;2016-10-02 12:00:00
122;13;catboost_normal;0.0341894023681933;58.333333333333336;0.03455661821967436;19.457468754720377;0.03455288233867711;15.98299791519452;[450.1, 469.88, 476.69, 477.84, 441.22, 445.27, 459.34, 471.5, 456.39, 450.91, 473.96, 484.44, 484.82];"[452.39357011 453.50860068 458.33014711 478.33786545 463.8419723
 461.77898567 461.38459456 475.63613436 471.43983269 467.85626619
 451.39267826 450.95150115 447.92732124]";2016-04-10 12:00:00;2016-07-03 12:00:00
152;13;catboost_normal;0.043196471547134976;83.33333333333333;0.04443781731243671;154.31529904378635;0.04443705665968187;129.903941098144;[2958.103, 2937.563, 2827.492, 2860.718, 2941.373, 3051.335, 2873.475, 2864.663, 3115.228, 3200.707, 3010.109, 2824.847, 2915.297];"[2875.85178357 2853.23188003 2741.43048407 2780.52741369 2740.90067785
 2802.50049952 2818.62148472 2792.26050956 2845.2682575  2917.82293403
 2908.7855326  2903.17071607 2962.15997534]";2016-07-10 12:00:00;2016-10-02 12:00:00
94;13;catboost_normal;0.058470930958425565;41.666666666666664;0.05604119136198964;99.73520170068403;0.056039282897060505;82.28985357954784;[1443.0, 1411.78, 1404.76, 1460.86, 1437.87, 1469.55, 1483.63, 1492.54, 1377.97, 1405.74, 1404.82, 1412.27, 1369.64];"[1441.88961352 1454.70961961 1491.30093281 1478.8840023  1490.36346919
 1511.98904017 1524.23996233 1536.39388893 1535.51123226 1533.55462745
 1549.05180527 1547.88339613 1546.2057336 ]";2014-04-13 12:00:00;2014-07-06 12:00:00
166;13;catboost_normal;0.012716302977379757;58.333333333333336;0.01280056115282415;46.701429078063214;0.012800346922993188;38.26548804342943;[3099.875, 3051.166, 3091.239, 3103.585, 3027.166, 3021.071, 3010.356, 2978.28, 2915.942, 2910.706, 2901.37, 2922.095, 2940.616];"[3057.36438617 3034.33516364 3013.80214623 3025.94554882 3066.29097189
 3026.8456873  2996.56891045 2962.66031098 2932.18573665 2959.3307307
 2894.17516778 2864.29547513 2861.75167279]";2016-01-10 12:00:00;2016-04-03 12:00:00
94;13;catboost_normal;0.0738342922060545;50.0;0.07069866351562619;119.96620297647802;0.07069639618894995;110.2455670424147;[1589.05, 1553.48, 1577.69, 1561.48, 1503.65, 1488.13, 1534.6, 1511.36, 1493.96, 1507.2, 1456.68, 1480.86, 1421.06];"[1609.14112218 1614.74718732 1638.79659959 1650.46005232 1637.58441603
 1630.06899396 1618.4241113  1617.26261462 1613.51933324 1609.968227
 1621.28104341 1623.58875203 1627.54991855]";2014-01-12 12:00:00;2014-04-06 12:00:00
122;13;catboost_normal;0.0382950875115111;66.66666666666667;0.03766686243104605;17.981797287400802;0.03766275208597344;17.264057429709325;[442.36, 479.81, 464.28, 486.44, 450.84, 442.42, 455.25, 455.63, 444.47, 433.03, 445.3, 439.56, 477.86];"[465.24840894 470.64222063 479.11828206 476.0795578  464.51844299
 462.81893735 468.58780005 471.29406191 463.28011525 458.49448045
 462.543153   465.05861611 460.7777731 ]";2016-01-10 12:00:00;2016-04-03 12:00:00
137;13;catboost_normal;0.04615217392591531;33.333333333333336;0.04558896332971832;21.198165279974027;0.045583129630563254;17.816062723911095;[381.228, 402.194, 408.1, 404.21, 374.93, 363.18, 390.59, 404.08, 378.99, 372.83, 380.11, 388.75, 414.19];"[387.81632043 387.77974294 391.69795316 397.09919879 397.61934886
 406.92181815 409.68639307 408.87396445 399.88291488 395.67123373
 386.31018116 378.77701859 377.32544584]";2016-04-10 12:00:00;2016-07-03 12:00:00
152;13;catboost_normal;0.024546778839563927;83.33333333333333;0.02460265540860222;87.10018756741627;0.02460222598229457;70.50074479828264;[2846.807, 2943.225, 2811.131, 2935.704, 2965.205, 2931.335, 2809.441, 2856.221, 2905.134, 2973.33, 2942.207, 2675.877, 2901.312];"[2832.59573457 2838.72518143 2832.47543057 2836.14644093 2849.43283106
 2854.68337327 2855.00888706 2856.25189823 2863.89744271 2871.00526885
 2870.68396678 2869.78381938 2871.42911328]";2016-04-10 12:00:00;2016-07-03 12:00:00
108;13;catboost_normal;0.0050287453763106565;83.33333333333333;0.005009351299402229;89.64437837402912;0.005009333783071993;71.62974534649541;[14171.645, 14318.713, 14198.442, 14206.103, 14300.423, 14334.406, 14340.354, 14293.978, 14288.988, 14354.158, 14370.531, 14207.81, 14198.367];"[14281.96002112 14287.10605172 14259.01852011 14244.88987912
 14324.80413879 14355.40880876 14376.98235176 14345.36690134
 14371.35022332 14408.81090087 14419.16866351 14403.46026493
 14373.5640676 ]";2016-10-09 12:00:00;2017-01-01 12:00:00
152;13;catboost_normal;0.05730541260800607;75.0;0.05537001896834221;193.18426693680217;0.05536906877559399;161.42222287206835;[2779.15, 2809.024, 2896.882, 2786.701, 2834.464, 2869.923, 2912.038, 2767.61, 2954.051, 2815.323, 2819.792, 2758.139, 2823.878];"[2677.04362791 2742.83261832 2756.58003793 2856.02803189 2860.77454818
 2927.17587757 2967.49140138 3034.77595895 3089.77881336 3098.72651393
 3117.20461331 3084.84059553 3095.01182741]";2016-01-10 12:00:00;2016-04-03 12:00:00
95;13;catboost_normal;0.004181505426606587;66.66666666666667;0.004192154977455246;63.95410636664709;0.004192136650557982;47.94741143566758;[11355.272, 11385.864, 11303.634, 11309.627, 11397.101, 11427.142, 11459.31, 11388.745, 11451.752, 11478.884, 11545.812, 11497.115, 11568.007];"[11406.27078621 11409.93070629 11362.20696626 11347.30643988
 11403.86769548 11395.22582724 11432.66968968 11382.67874752
 11458.20061438 11430.553799   11473.71724395 11412.46234448
 11398.92420795]";2016-10-09 12:00:00;2017-01-01 12:00:00
108;13;catboost_normal;0.006937987141208516;83.33333333333333;0.006970788803852008;116.4228469042405;0.006970764376925879;99.46443091576643;[14261.757, 14245.347, 14185.319, 14248.314, 14336.787, 14340.783, 14330.171, 14281.466, 14326.151, 14428.947, 14417.98, 14215.552, 14163.913];"[14156.81669326 14183.93510659 14169.43584917 14171.80099901
 14199.69460502 14218.6050982  14211.47268391 14174.80953464
 14194.8910568  14209.45667594 14244.491022   14215.98118277
 14188.90874369]";2016-07-10 12:00:00;2016-10-02 12:00:00
167;13;catboost_normal;0.033286488912113034;66.66666666666667;0.03350453170439228;136.1103421677159;0.033504076207785026;123.26739645430507;[3567.271, 3652.93, 3614.77, 3584.42, 3700.76, 3811.42, 3857.31, 3783.4, 3727.36, 3866.92, 3750.27, 3560.46, 3450.5];"[3645.29500289 3733.98335307 3690.85524481 3573.00177393 3566.73330344
 3630.66010201 3664.31283188 3678.55726458 3612.16038365 3648.51942203
 3677.39578393 3714.91556414 3632.83885444]";2016-10-09 12:00:00;2017-01-01 12:00:00
123;13;catboost_normal;0.03855183034991193;58.333333333333336;0.03753325283161427;385.8945113343134;0.03753303575248201;324.519503069849;[8434.6, 8404.06, 8370.62, 8440.35, 8445.77, 8485.14, 8424.83, 8351.47, 8365.51, 8411.94, 8472.83, 8434.49, 8421.44];"[8437.46067841 8508.40465456 8549.7386393  8585.99527945 8613.33903151
 8644.6558428  8706.20807187 8747.63475881 8807.3529202  8925.3414767
 8997.61652403 9079.23391684 9078.82174544]";2016-10-09 12:00:00;2017-01-01 12:00:00
95;13;catboost_normal;0.00695515390480104;83.33333333333333;0.006990993944169844;99.02269874546889;0.006990962981841745;78.9256262737546;[11289.492, 11261.961, 11182.442, 11206.237, 11350.875, 11328.038, 11368.282, 11287.371, 11369.502, 11420.668, 11411.064, 11245.957, 11294.726];"[11298.24213147 11298.21774423 11222.50775705 11233.83574254
 11324.80596375 11289.50383314 11272.43424982 11169.6607791
 11234.79294862 11225.36736135 11224.27374398 11199.35773424
 11222.92461972]";2016-07-10 12:00:00;2016-10-02 12:00:00
153;13;catboost_normal;0.07530066950730373;41.666666666666664;0.07187800706385428;702.1783637363823;0.07187759408059811;625.5136032475373;[8643.9, 8597.8, 8504.5, 8468.7, 8454.0, 8415.0, 8361.8, 8296.2, 8313.1, 8300.7, 8219.2, 8228.2, 8136.1];"[8728.91857746 8753.83523474 8724.18153062 8833.76896209 9048.64031515
 9089.82317122 9053.62137337 9102.44574514 9060.95332954 9051.65552954
 9048.23799138 9281.97935773 9292.81572425]";2016-10-09 12:00:00;2017-01-01 12:00:00
137;13;catboost_normal;0.06012556307714661;58.333333333333336;0.06255295335932927;30.32684358926801;0.06254457216824189;23.37275777424111;[357.674, 394.549, 390.407, 425.208, 393.758, 377.729, 379.495, 378.234, 362.407, 357.408, 369.428, 382.302, 407.629];"[383.56977109 386.54710825 386.46471118 360.24699816 342.47438303
 367.63453241 343.96935363 333.14023197 371.04482624 376.13865526
 377.04732906 384.69152817 385.95894011]";2016-01-10 12:00:00;2016-04-03 12:00:00
153;13;catboost_normal;0.07352950529931461;41.666666666666664;0.07046193171950096;708.9656360244528;0.07046155274411582;655.1283426463049;[9517.9, 9413.9, 9256.4, 9175.6, 9155.3, 9116.8, 8963.5, 8931.1, 8817.8, 8891.6, 8773.6, 8693.4, 8613.3];"[9680.44695477 9652.67550943 9640.0463556  9688.66340285 9707.72694383
 9707.201143   9672.01300532 9664.23415066 9679.84716151 9679.08473863
 9682.45322332 9689.77957964 9692.69628586]";2016-07-10 12:00:00;2016-10-02 12:00:00
123;13;catboost_normal;0.01671968236143729;91.66666666666667;0.016560828384088847;154.9388776493434;0.016560733976373546;145.27971180759135;[8941.09, 8845.21, 8842.65, 8807.72, 8911.17, 8832.97, 8809.18, 8753.98, 8695.77, 8619.88, 8549.14, 8554.58, 8474.88];"[8985.30923639 8972.38599122 8934.79496343 8931.86297099 9003.25261008
 8968.53975701 8932.69125851 8890.58443054 8859.05340701 8816.34081061
 8796.7946683  8744.22623614 8691.0199133 ]";2016-07-10 12:00:00;2016-10-02 12:00:00
95;13;catboost_normal;0.005404319138193481;33.333333333333336;0.005415916294091048;68.40454118926036;0.005415892040131224;60.46970113470315;[11245.182, 11285.733, 11148.329, 11089.865, 11146.638, 11148.551, 11098.695, 11088.764, 11218.994, 11239.735, 11256.18, 11129.226, 11226.486];"[11261.03154152 11181.26174709 11110.62389326 11062.76876309
 11051.99016823 11082.55487981 11115.09408002 11179.54226115
 11153.55977188 11201.69908893 11140.33652417 11180.8676732
 11164.27860466]";2016-04-10 12:00:00;2016-07-03 12:00:00
167;13;catboost_normal;0.06136098099271549;25.0;0.06440785059457022;284.16198534668905;0.06440693769107354;227.2606757503043;[3388.652, 3449.55, 3413.503, 3355.941, 3705.907, 3720.07, 3712.06, 3646.987, 3633.283, 3891.767, 3722.467, 3518.938, 3553.887];"[3389.88379437 3388.15445977 3404.39230496 3349.75072009 3334.53873843
 3331.55923286 3356.92750647 3432.31877531 3312.12284289 3342.28122173
 3385.99594727 3415.43367249 3317.72758733]";2016-07-10 12:00:00;2016-10-02 12:00:00
108;13;catboost_normal;0.005670456113870019;41.666666666666664;0.005691909595046838;92.71282677376738;0.005691889427251639;80.32078398509209;[14107.675, 14177.068, 14070.823, 14078.52, 14120.841, 14151.987, 14102.949, 14121.069, 14192.692, 14237.661, 14209.167, 14095.606, 14116.296];"[14047.41785192 14034.68321282 14049.0461928  14030.15962832
 14045.08625944 14064.15478639 14071.65402607 14058.72855253
 14063.17406003 14070.53290543 14074.17051644 14067.96940278
 14061.40641323]";2016-04-10 12:00:00;2016-07-03 12:00:00
153;13;catboost_normal;0.044356932987352514;16.666666666666668;0.04305691395124349;501.27499571885164;0.043056697907903785;429.12247608646135;[9853.9, 9792.8, 9647.3, 9595.9, 9740.6, 9728.3, 9578.6, 9560.3, 9761.5, 9855.1, 9745.5, 9592.1, 9672.0];"[ 9849.43190673  9894.20806169  9897.34170974  9940.45008062
  9937.39909363  9982.23930587 10036.34015328 10132.52480703
 10271.83312343 10381.03021176 10418.20182617 10535.98471436
 10416.57100826]";2016-04-10 12:00:00;2016-07-03 12:00:00
95;13;catboost_normal;0.007226620700190081;58.333333333333336;0.007269749992158268;107.91295817212308;0.007269717085970313;80.3034457226236;[11029.178, 11023.082, 10941.504, 10915.229, 10982.337, 11007.916, 11034.208, 11015.128, 11118.886, 11148.814, 11129.816, 11136.11, 11188.629];"[11010.204432   11016.18733869 10995.22683405 10974.66222352
 10983.34542342 10994.1681956  11000.34474935 10988.40297712
 10975.50537026 10986.55820386 10990.15670696 10977.77370027
 10962.68501247]";2016-01-10 12:00:00;2016-04-03 12:00:00
138;13;catboost_normal;0.008450629968283423;66.66666666666667;0.0084650481895896;73.31033220011525;0.008464992809021774;64.70332598075457;[7833.402, 7763.08, 7697.07, 7691.19, 7674.28, 7754.88, 7648.39, 7689.17, 7639.02, 7478.78, 7613.66, 7563.24, 7531.5];"[7852.32271808 7793.92914203 7788.40411727 7773.87682839 7727.06868568
 7675.96170137 7606.09935527 7545.7835182  7560.33109064 7548.37231882
 7559.84295011 7473.71520769 7523.15474924]";2016-10-09 12:00:00;2017-01-01 12:00:00
123;13;catboost_normal;0.012211510118254913;33.333333333333336;0.012234696356809597;127.33063537875344;0.01223462679758691;107.59953930615106;[8750.96, 8777.05, 8739.14, 8702.58, 8740.02, 8707.23, 8678.87, 8640.72, 8847.73, 8853.94, 8881.66, 8932.12, 8973.74];"[8818.64005719 8776.57338107 8783.81124904 8813.94540454 8873.83204483
 8833.76754372 8767.61034081 8779.61444517 8802.50731413 8802.20986433
 8760.53383863 8725.70275296 8711.61992322]";2016-04-10 12:00:00;2016-07-03 12:00:00
108;13;catboost_normal;0.007676232138381797;66.66666666666667;0.007699725113805607;112.40790807123166;0.007699697534833875;107.48518222382839;[13914.013, 13999.914, 13964.289, 13911.993, 14009.168, 14056.2, 14018.599, 14027.326, 14065.692, 14113.622, 14008.804, 13993.096, 13957.879];"[13827.09539498 13849.55395737 13834.54052076 13822.35543971
 13849.58794344 13896.08738675 13910.63866145 13908.57127223
 13979.63105944 14064.4705968  14088.17820771 14090.34000213
 14040.284392  ]";2016-01-10 12:00:00;2016-04-03 12:00:00
167;13;catboost_normal;0.04740172377519715;41.666666666666664;0.04621222377952834;179.75096160025288;0.046211525652951266;153.08019524599956;[3555.583, 3504.291, 3282.078, 2990.493, 3194.552, 3228.751, 3199.676, 3186.771, 3198.777, 3402.186, 3398.78, 3186.991, 3300.277];"[3347.63713515 3397.55889488 3328.96377492 3288.27006499 3289.5773888
 3308.32924246 3369.16995377 3423.44170047 3370.23931782 3412.36832492
 3475.98972167 3528.40860061 3449.9384778 ]";2016-04-10 12:00:00;2016-07-03 12:00:00
96;13;catboost_normal;0.059684511294945924;83.33333333333333;0.05665661162694741;40.026720977894534;0.056650976408335635;28.513778090176515;[447.83, 454.85, 482.02, 472.14, 455.09, 481.15, 524.38, 519.49, 485.51, 467.8, 486.97, 483.66, 457.56];"[450.53230962 470.01736999 472.16586995 470.44051793 463.09150344
 480.39229217 504.20695889 496.79252213 499.76473806 522.89034533
 557.25266738 552.48739187 538.73095054]";2016-10-09 12:00:00;2017-01-01 12:00:00
138;13;catboost_normal;0.019220502901375044;50.0;0.019647716148122656;230.2290004538164;0.019647588623008257;151.36082144139365;[7816.832, 7671.916, 7636.825, 7665.471, 7581.562, 7551.906, 7554.136, 7634.57, 7781.726, 7730.051, 7913.096, 8035.468, 7879.969];"[7745.77482087 7682.43220616 7638.66515798 7610.32709026 7638.87638134
 7564.3283926  7540.10917595 7552.91198457 7624.87248546 7540.45001533
 7513.55418654 7455.62230933 7542.09939103]";2016-07-10 12:00:00;2016-10-02 12:00:00
123;13;catboost_normal;0.024950269482748824;41.666666666666664;0.02538470558077134;272.55909121433723;0.02538455910069276;219.9602030968245;[8503.2, 8559.51, 8657.97, 8695.74, 8804.37, 8795.89, 8809.69, 8856.73, 8969.11, 8894.92, 8588.48, 8758.5, 8788.03];"[8633.636607   8687.43576722 8691.62011815 8725.159037   8628.95614986
 8540.62331582 8451.91674851 8388.06881295 8399.11430384 8575.00987177
 8695.93955574 8679.18862452 8583.77061756]";2016-01-10 12:00:00;2016-04-03 12:00:00
109;13;catboost_normal;0.03157331253282296;25.0;0.03222535595832457;268.59914039765806;0.03222513697865921;237.1208638112344;[7331.84, 7307.69, 7396.85, 7438.91, 7519.81, 7592.29, 7571.98, 7464.36, 7484.2, 7484.94, 7528.27, 7483.09, 7522.26];"[7316.86465507 7316.99860654 7306.29647678 7298.66059963 7283.09058178
 7265.45966804 7233.28660516 7213.87305025 7198.36075913 7188.66264709
 7171.82734748 7145.58987442 7123.56511218]";2016-10-09 12:00:00;2017-01-01 12:00:00
153;13;catboost_normal;0.044186950731687685;25.0;0.043027277495653826;486.49926785051434;0.043027068019694165;441.9105897772973;[10363.5, 10311.5, 10191.4, 10089.8, 10154.0, 10159.8, 10008.5, 10030.3, 10055.6, 10025.9, 9967.0, 9880.5, 9750.2];"[10439.0277922  10441.8796495  10452.66586031 10481.10857455
 10519.67096925 10518.36033851 10519.62025266 10534.27663545
 10548.16772244 10556.84106747 10564.61567042 10574.89047414
 10581.7126602 ]";2016-01-10 12:00:00;2016-04-03 12:00:00
167;13;catboost_normal;0.048826202729567364;50.0;0.04745606946535895;184.45023987980295;0.047455370678734655;161.24416686165685;[3241.805, 3311.619, 3177.894, 3110.379, 3333.614, 3489.081, 3440.69, 3389.089, 3482.53, 3576.864, 3433.548, 3289.181, 3337.872];"[3589.28030497 3497.08450097 3388.98668217 3362.83731699 3416.48800418
 3557.55005342 3572.82106529 3428.52853791 3373.25704055 3454.79972118
 3529.98738988 3588.99220225 3487.05287292]";2016-01-10 12:00:00;2016-04-03 12:00:00
138;13;catboost_normal;0.015490113124018778;58.333333333333336;0.015277432967044497;155.20566125906458;0.015277332359102955;116.03040589145334;[7319.063, 7327.337, 7374.661, 7584.139, 7652.425, 7747.567, 7790.521, 7784.115, 7693.149, 7715.926, 7711.248, 7817.343, 7691.04];"[7555.86692287 7667.3681463  7646.94311248 7712.2293425  7690.10396441
 7755.90159478 7779.34583438 7737.67410345 7751.45942301 7756.23109151
 7876.40012992 7872.51655611 7799.65693054]";2016-04-10 12:00:00;2016-07-03 12:00:00
154;13;catboost_normal;0.022729068334258737;33.333333333333336;0.022338361840486824;128.5612780226927;0.022338118887136202;102.69573630662629;[4568.001, 4591.74, 4592.62, 4636.82, 4562.67, 4572.28, 4557.9, 4538.75, 4523.75, 4521.02, 4499.58, 4485.14, 4473.5];"[4602.87470283 4597.03697511 4585.49839485 4590.09375879 4606.39777915
 4615.64184958 4619.27751865 4668.47099019 4740.81389371 4696.30597009
 4670.38978319 4677.58357021 4680.7346929 ]";2016-10-09 12:00:00;2017-01-01 12:00:00
124;13;catboost_normal;0.01666721619250931;66.66666666666667;0.016847869863442933;220.4745288762329;0.01684779327018123;185.30377868513082;[10927.21, 11218.64, 10974.46, 10771.82, 10862.93, 11054.22, 11031.79, 11089.91, 11069.27, 11163.08, 11300.69, 11152.85, 11055.06];"[10880.33022539 11018.58026224 10953.95539431 10923.95198591
 10914.20193526 10931.62071797 10938.79205189 10892.7832288
 10857.34214976 10824.06155518 10855.61433087 10849.9862423
 10828.56863955]";2016-10-09 12:00:00;2017-01-01 12:00:00
96;13;catboost_normal;0.0691680929009206;50.0;0.06523147978904684;43.91023001370001;0.06522511104471104;33.47235279094708;[456.11, 454.85, 524.7, 532.91, 495.59, 512.38, 543.0, 517.31, 502.96, 496.87, 536.51, 513.21, 441.06];"[476.47127533 481.21279799 506.0198135  529.49510232 516.34045542
 527.89755312 546.40441379 553.90717385 557.46168141 561.63540816
 556.22892108 552.62760376 552.7082182 ]";2016-07-10 12:00:00;2016-10-02 12:00:00
109;13;catboost_normal;0.032698585577127036;41.666666666666664;0.03328758981810451;244.37063636207148;0.03328735345669796;234.4085718059551;[7039.01, 7092.1, 7116.56, 7124.42, 7115.52, 7137.36, 7126.92, 7133.74, 7125.28, 7118.47, 7224.47, 7271.04, 7314.83];"[6947.85570739 6933.25062378 6921.74384439 6914.88963214 6887.28177307
 6901.75166229 6885.16787262 6882.22041643 6900.39496419 6908.77038058
 6922.96981789 6946.96894219 6939.14292955]";2016-07-10 12:00:00;2016-10-02 12:00:00
96;13;catboost_normal;0.06438445390781836;58.333333333333336;0.06749813252092628;43.192392519399434;0.06749159512947299;34.86080823740919;[502.39, 537.17, 561.12, 568.14, 530.05, 522.02, 541.6, 557.73, 520.97, 502.83, 504.76, 500.1, 475.94];"[484.51020971 489.45557493 493.12967653 490.37338741 489.16825246
 489.36686248 490.86637498 490.4493789  494.43972982 502.58841169
 504.03778295 501.9195074  496.91664156]";2016-04-10 12:00:00;2016-07-03 12:00:00
168;13;catboost_normal;0.033394197770260085;66.66666666666667;0.03413269078379181;65.89954495719992;0.03413167480534547;57.36283662976245;[1649.136, 1654.32, 1657.17, 1671.98, 1673.19, 1667.09, 1671.95, 1684.68, 1724.48, 1726.97, 1747.49, 1765.92, 1796.32];"[1657.25524106 1632.45089825 1629.25104314 1633.4437941  1630.183532
 1599.91237113 1602.90190231 1615.6261425  1639.36883348 1683.03060873
 1704.90323391 1666.40539085 1666.48461447]";2016-10-09 12:00:00;2017-01-01 12:00:00
124;13;catboost_normal;0.006089110039420767;50.0;0.006116997969725725;95.41784719805952;0.006116969816244563;66.45496248284452;[10867.93, 10952.06, 10829.01, 10776.96, 10710.31, 10914.6, 10886.63, 10787.91, 10856.58, 10862.29, 11069.71, 10827.76, 10814.07];"[10868.58041623 10848.33206136 10828.53578775 10744.5834485
 10834.14427164 10798.00174166 10821.95137322 10790.73607562
 10774.67830462 10810.56799444 10818.33986933 10798.84305981
 10809.23261053]";2016-07-10 12:00:00;2016-10-02 12:00:00
154;13;catboost_normal;0.01861644473073408;33.333333333333336;0.018864775697558164;100.82095833723304;0.018864565335586628;84.58796513197845;[4416.851, 4438.171, 4462.331, 4492.801, 4493.661, 4508.241, 4497.351, 4526.391, 4544.251, 4557.071, 4568.341, 4568.381, 4591.081];"[4391.32112583 4438.20504749 4422.54604294 4454.1934209  4453.7640484
 4437.91263623 4439.44084235 4436.86833316 4409.58387279 4425.85479836
 4427.28221234 4417.88079392 4410.49437356]";2016-07-10 12:00:00;2016-10-02 12:00:00
138;13;catboost_normal;0.025714942510236257;75.0;0.026152497504770125;225.67970212695704;0.026152324227175065;197.3629824123567;[7410.051, 7479.954, 7444.064, 7603.717, 7747.976, 7785.7, 7564.569, 7707.696, 7710.421, 7642.156, 7678.122, 7656.972, 7533.265];"[7416.7038928  7423.76647489 7412.1287001  7411.56770207 7423.3598466
 7434.11463734 7415.31314215 7424.08671238 7422.27319927 7409.79691082
 7408.85989887 7405.51435707 7404.76453986]";2016-01-10 12:00:00;2016-04-03 12:00:00
109;13;catboost_normal;0.01663443153417906;75.0;0.01681300597365911;131.3418731351505;0.016812883689193564;115.58448536109391;[6828.09, 6918.88, 6886.47, 6917.81, 6948.67, 6931.99, 6972.45, 6974.05, 7017.35, 6949.12, 6973.92, 6946.33, 6967.64];"[6804.01441162 6766.73599406 6757.13575251 6772.74935804 6773.9755489
 6769.23842414 6777.24338872 6821.5373669  6834.49471383 6868.849859
 6916.58401769 6978.12134838 6982.20579672]";2016-04-10 12:00:00;2016-07-03 12:00:00
154;13;catboost_normal;0.01020573517518402;50.0;0.010274860525479212;51.66134546060064;0.010274743059015972;44.937081038713586;[4363.463, 4377.523, 4375.19, 4417.83, 4388.44, 4415.791, 4394.001, 4349.201, 4336.021, 4402.981, 4422.261, 4417.461, 4389.901];"[4349.23651271 4348.87021123 4343.2086734  4340.59839867 4348.66332382
 4344.81480809 4343.5702635  4339.58349994 4338.91853375 4338.41837722
 4347.20643597 4341.25703199 4347.3309437 ]";2016-04-10 12:00:00;2016-07-03 12:00:00
168;13;catboost_normal;0.02227105303102519;58.333333333333336;0.022619548523695972;43.17689328127468;0.022618851043103835;36.677119712514084;[1628.919, 1617.802, 1621.694, 1641.711, 1634.597, 1633.08, 1634.617, 1646.062, 1659.294, 1650.922, 1643.418, 1645.324, 1658.825];"[1626.69252037 1618.13566621 1618.16028193 1614.17965032 1609.00335963
 1601.42299053 1595.59709403 1592.47602481 1590.93223806 1590.86142011
 1591.40328586 1593.92824377 1597.33700054]";2016-07-10 12:00:00;2016-10-02 12:00:00
109;13;catboost_normal;0.02836682647466554;75.0;0.028996130858201147;239.48465509453987;0.028995914549316694;194.38742232704632;[6781.79, 6865.78, 6830.61, 6814.19, 6877.66, 6864.31, 6862.69, 6859.59, 6907.55, 6930.74, 6869.06, 6831.74, 6793.02];"[6729.57110465 6757.93041631 6726.30241482 6757.42379165 6823.74600221
 6792.51997164 6685.81557592 6682.51738372 6651.97310638 6676.55143227
 6583.39644818 6337.31088673 6356.63497528]";2016-01-10 12:00:00;2016-04-03 12:00:00
96;13;catboost_normal;0.03827756225268057;83.33333333333333;0.03735079838853838;23.60318020632415;0.037347054806847274;18.638221726022234;[474.57, 522.29, 502.2, 524.7, 481.22, 486.82, 494.9, 512.04, 498.37, 498.44, 498.53, 471.41, 466.58];"[496.52971765 503.62260499 508.88645236 504.46793736 492.34423362
 495.26685241 500.85880855 502.43337679 500.49919369 514.12439111
 522.07735283 521.73631794 514.50748143]";2016-01-10 12:00:00;2016-04-03 12:00:00
124;13;catboost_normal;0.014585590054755201;83.33333333333333;0.014437171005301353;186.4324393956876;0.014437104685076255;157.14798642664476;[10745.14, 10893.31, 10775.79, 10720.08, 10761.37, 10863.15, 10800.45, 10660.55, 10686.57, 10867.65, 10974.74, 10735.88, 10818.59];"[10786.85432722 10892.1068836  10838.84232383 10798.90971018
 10830.66652741 10975.95681935 10994.29514542 10941.98818443
 10969.21626329 11070.79292554 11140.19331407 11065.83832009
 11038.1268463 ]";2016-04-10 12:00:00;2016-07-03 12:00:00
139;13;catboost_normal;0.012154803109176255;66.66666666666667;0.012047380592171367;123.1214526477238;0.012047306314185702;97.7191968731476;[8220.532, 8159.22, 8101.77, 8054.87, 7996.3, 8083.38, 8040.52, 8071.95, 8003.23, 7818.62, 7948.25, 7926.88, 7868.68];"[8277.61446756 8281.88835724 8346.24974353 8274.50349058 8156.21183963
 8169.46966928 8115.9793901  7993.17064982 7977.91382101 7975.24374131
 7957.83484197 7909.95814113 7886.47863011]";2016-10-09 12:00:00;2017-01-01 12:00:00
168;13;catboost_normal;0.017336309337346974;25.0;0.017501361098187788;33.84031333204344;0.01750081402615421;27.99366564526197;[1578.926, 1576.96, 1586.28, 1598.903, 1591.479, 1595.42, 1595.919, 1612.953, 1626.314, 1615.537, 1623.61, 1627.981, 1635.535];"[1595.20628999 1602.76758297 1603.70760632 1608.08351902 1609.35398307
 1607.35826651 1602.16314032 1596.39770997 1591.29281716 1583.67957412
 1575.5255857  1570.96785094 1564.90219691]";2016-04-10 12:00:00;2016-07-03 12:00:00
110;13;catboost_normal;0.005415929922332622;58.333333333333336;0.005431977634379627;6.977752532633586;0.0054317255576143775;5.852434005596986;[1080.57, 1080.53, 1078.63, 1077.26, 1084.46, 1084.89, 1082.71, 1079.78, 1076.06, 1085.53, 1084.67, 1081.1, 1074.27];"[1068.00396382 1069.67881972 1071.89022139 1070.81350366 1072.9031216
 1077.95399576 1079.43666003 1080.64719132 1079.57084234 1083.42233264
 1085.59094981 1084.45403864 1081.22123859]";2016-10-09 12:00:00;2017-01-01 12:00:00
154;13;catboost_normal;0.022426599014729758;58.333333333333336;0.02273499692566459;106.94241109019785;0.02273473070069728;97.07512538229989;[4220.889, 4210.637, 4325.972, 4323.542, 4325.47, 4313.215, 4309.457, 4291.834, 4323.355, 4341.247, 4319.259, 4364.017, 4348.282];"[4222.16168113 4221.41993578 4220.71650934 4222.1660631  4221.30514764
 4219.255738   4216.57123854 4212.30881072 4209.7135231  4210.14337547
 4206.53114964 4200.84842141 4196.16900999]";2016-01-10 12:00:00;2016-04-03 12:00:00
124;13;catboost_normal;0.008957053415168423;58.333333333333336;0.009014011951040539;119.39340180839513;0.009013970614697227;98.28690970867613;[10854.15, 11060.84, 11153.43, 10913.99, 10854.89, 10993.14, 10965.11, 10835.75, 10795.57, 10934.75, 10878.68, 10738.7, 10827.06];"[10789.97158093 10940.30122241 10870.77744869 10828.01903215
 10799.55162908 10854.4441777  10840.74409279 10805.09777799
 10773.52556222 10767.95777831 10794.46959063 10794.65972509
 10780.73000599]";2016-01-10 12:00:00;2016-04-03 12:00:00
155;13;catboost_normal;0.006394667099597641;66.66666666666667;0.006369797164104815;39.81210879490733;0.006369737933608946;34.253192097578555;[5432.391, 5451.52, 5443.07, 5483.69, 5408.07, 5413.78, 5394.08, 5368.37, 5355.06, 5351.09, 5321.5, 5307.96, 5287.11];"[5451.77946909 5453.29256068 5455.42779092 5450.46797474 5436.2848763
 5428.96074624 5415.59305114 5406.37555065 5403.80516326 5390.65350451
 5378.97381456 5359.46707645 5365.45686821]";2016-10-09 12:00:00;2017-01-01 12:00:00
168;13;catboost_normal;0.039943027026907454;58.333333333333336;0.04089965244446313;69.26073683956103;0.040898322740876306;62.91978827041065;[1623.21, 1606.351, 1600.505, 1601.203, 1587.347, 1573.331, 1571.755, 1567.755, 1557.081, 1550.427, 1550.866, 1570.448, 1588.494];"[1649.398619   1631.43791594 1592.82517166 1520.12550742 1526.76039779
 1494.72886349 1481.48410647 1460.53635603 1461.69524442 1490.54648455
 1510.37517148 1495.1488525  1518.30413163]";2016-01-10 12:00:00;2016-04-03 12:00:00
110;13;catboost_normal;0.005073788751655878;75.0;0.005088367866560189;5.850312464768889;0.005088131050480485;5.466346443003011;[1079.41, 1078.25, 1078.04, 1074.52, 1081.64, 1078.35, 1078.06, 1076.49, 1067.09, 1077.17, 1076.18, 1074.23, 1070.19];"[1073.21238362 1073.52654184 1071.92845288 1069.63229943 1072.44204105
 1073.12038448 1070.48709834 1070.95430109 1068.78263577 1070.01492243
 1069.66844741 1069.22747896 1068.94578048]";2016-07-10 12:00:00;2016-10-02 12:00:00
125;13;catboost_normal;0.01578877550948818;50.0;0.0159797963034736;189.79292913082534;0.0159797133071165;153.8346038963065;[9622.511, 9655.61, 9565.969, 9555.495, 9652.503, 9680.166, 9726.8, 9653.317, 9717.552, 9744.777, 9804.685, 9745.947, 9829.99];"[9641.2683237  9599.94271399 9539.11273011 9567.68270046 9561.87434216
 9591.95210083 9540.99136042 9507.28720968 9523.27655816 9501.98104305
 9478.51969103 9466.91723023 9496.55619385]";2016-10-09 12:00:00;2017-01-01 12:00:00
155;13;catboost_normal;0.012045283995334036;58.333333333333336;0.012129445188298017;70.19294039934192;0.01212933261386028;65.34470353319327;[5368.641, 5379.561, 5387.971, 5410.361, 5409.191, 5419.921, 5393.701, 5419.501, 5426.031, 5446.231, 5445.701, 5437.721, 5452.411];"[5358.6379629  5353.88006175 5343.50052033 5344.69170623 5341.58670262
 5346.61362434 5339.58857445 5355.92079256 5353.3505077  5354.36469396
 5348.9891591  5353.62832731 5352.70922081]";2016-07-10 12:00:00;2016-10-02 12:00:00
139;13;catboost_normal;0.018486955375901393;33.333333333333336;0.01844569909681236;177.503698801955;0.018445585516828355;149.7928006656189;[8168.632, 8027.076, 8050.975, 8061.101, 7952.402, 7919.686, 7923.476, 7981.25, 8109.106, 8070.241, 8275.246, 8412.608, 8243.049];"[8195.97106738 8142.5572566  8170.12015933 8123.7602042  8212.07313654
 8058.71800703 8228.90636695 8087.44027706 8057.75583675 8169.89556548
 8106.03557128 8057.52319302 8105.99103086]";2016-07-10 12:00:00;2016-10-02 12:00:00
97;13;catboost_normal;0.053018008681469025;75.0;0.05141484695198754;40.12021615685154;0.05141071490542965;32.040937103860905;[584.3, 590.59, 610.91, 597.94, 585.15, 610.26, 651.93, 646.63, 617.37, 598.04, 617.17, 615.46, 586.87];"[556.62948128 575.37437076 583.22911087 580.81639208 572.08483202
 614.15344636 639.75434863 661.68146017 639.11904889 663.36100781
 687.31231126 662.94557402 666.82786948]";2016-10-09 12:00:00;2017-01-01 12:00:00
169;13;catboost_normal;0.015205865663144597;50.0;0.015348198921484712;61.78277847551148;0.015347987811522221;55.79814987350063;[3593.378, 3600.1, 3605.11, 3626.18, 3631.12, 3625.32, 3631.86, 3645.91, 3674.92, 3680.2, 3698.89, 3719.0, 3754.53];"[3597.70154292 3587.43426661 3576.23358074 3567.93393962 3567.57416551
 3564.70575311 3582.66469793 3590.57865453 3588.37491062 3601.0584812
 3616.92475981 3669.44507045 3659.15931444]";2016-10-09 12:00:00;2017-01-01 12:00:00
110;13;catboost_normal;0.015663268183268086;75.0;0.01579716196055866;17.474821913740687;0.015796418918231615;16.79175155591303;[1070.42, 1068.94, 1070.42, 1068.13, 1071.39, 1073.76, 1073.16, 1070.44, 1068.72, 1077.0, 1076.45, 1073.92, 1065.51];"[1057.31731109 1057.0146056  1057.93773178 1054.98162931 1061.70197586
 1056.86985901 1054.90624933 1052.06209504 1053.49647633 1053.55881555
 1049.94628351 1050.90552492 1049.26867245]";2016-04-10 12:00:00;2016-07-03 12:00:00
155;13;catboost_normal;0.007916024334856001;50.0;0.007961201416836563;51.205177013691525;0.007961126933240657;42.54650106027468;[5348.853, 5356.803, 5339.92, 5377.42, 5362.5, 5388.621, 5351.861, 5305.231, 5312.171, 5388.491, 5396.811, 5376.671, 5357.101];"[5327.35544625 5332.31011875 5331.40873984 5329.24507603 5324.94523845
 5324.09375067 5318.14060995 5317.20695882 5311.76552556 5311.54019866
 5298.84334583 5304.33264464 5302.1137504 ]";2016-04-10 12:00:00;2016-07-03 12:00:00
125;13;catboost_normal;0.012361392349043846;50.0;0.012478960370377983;146.61571878591892;0.012478894150433472;117.58260543899422;[9382.805, 9349.507, 9288.878, 9324.174, 9446.197, 9450.243, 9486.436, 9412.501, 9518.03, 9590.519, 9608.027, 9443.83, 9512.799];"[9367.98329212 9369.42414467 9328.73761129 9327.33018413 9376.51965396
 9360.6610191  9320.04901302 9306.80137685 9328.48387866 9333.08238655
 9328.62341492 9331.05393743 9332.48809678]";2016-07-10 12:00:00;2016-10-02 12:00:00
169;13;catboost_normal;0.017052258939148614;50.0;0.017251813115319172;70.94360797065788;0.017251568500058618;60.83507098557147;[3510.531, 3502.604, 3512.22, 3538.601, 3534.572, 3535.999, 3541.585, 3561.001, 3583.889, 3577.679, 3576.918, 3581.608, 3594.285];"[3508.70916696 3503.44309904 3498.36420792 3495.75329504 3490.87798354
 3482.55013849 3477.5173174  3479.70746953 3481.11929831 3481.7915701
 3484.65667439 3486.69294467 3491.1311099 ]";2016-07-10 12:00:00;2016-10-02 12:00:00
97;13;catboost_normal;0.043176194690411944;75.0;0.0418924114713729;35.82948487392277;0.041889119892497835;26.69352052088466;[582.81, 581.05, 658.79, 668.35, 634.54, 650.77, 682.4, 656.96, 638.22, 637.11, 675.44, 652.01, 576.81];"[611.66046106 607.22740397 631.36762997 648.61392745 636.69158504
 629.75258008 654.38524148 652.75812091 664.13111288 660.51194807
 686.86677643 676.68288766 680.84109157]";2016-07-10 12:00:00;2016-10-02 12:00:00
139;13;catboost_normal;0.013581584143475243;66.66666666666667;0.01358734191347654;128.28000634586866;0.013587256744478275;108.40916168635242;[7700.29, 7729.531, 7782.761, 7988.349, 8027.355, 8110.747, 8181.111, 8188.195, 8072.139, 8088.756, 8091.358, 8206.093, 8105.23];"[7935.1242036  7887.54442897 7899.16094841 7945.60428719 7985.86385235
 7939.16244244 7990.38097243 7999.23351703 8009.7500611  8030.12099525
 8113.53483654 8145.21663181 8165.712444  ]";2016-04-10 12:00:00;2016-07-03 12:00:00
155;13;catboost_normal;0.013723261757331639;50.0;0.01383267641090873;78.7541521210484;0.013832545588871193;73.13066702611398;[5257.239, 5241.787, 5345.112, 5332.522, 5340.87, 5329.195, 5310.307, 5294.864, 5328.915, 5343.837, 5315.959, 5352.067, 5323.302];"[5244.07198364 5255.60966682 5249.40705201 5238.82714473 5237.65732456
 5244.57196317 5236.91660199 5236.2104803  5237.5885083  5243.81675492
 5246.19731588 5256.42013529 5265.6277307 ]";2016-01-10 12:00:00;2016-04-03 12:00:00
110;13;catboost_normal;0.004679866263859154;83.33333333333333;0.004690618657375935;5.48612010009663;0.004690396496114113;4.951564443180937;[1052.93, 1053.43, 1052.93, 1051.08, 1058.85, 1058.58, 1057.56, 1054.49, 1060.65, 1062.26, 1060.97, 1058.95, 1050.69];"[1056.97609319 1055.87653053 1054.15578958 1053.75219068 1054.3617137
 1053.09892948 1051.9140723  1050.90392732 1052.10577897 1053.66790223
 1052.98310179 1052.1080449  1053.50320448]";2016-01-10 12:00:00;2016-04-03 12:00:00
97;13;catboost_normal;0.07078603398436221;75.0;0.07413369351147965;53.574340772986574;0.07412784723696991;47.01567776023937;[628.82, 662.17, 685.29, 693.55, 654.02, 645.93, 664.83, 686.52, 649.21, 629.82, 631.51, 627.06, 603.92];"[594.09934787 601.22917933 606.13279376 606.71485864 602.39012867
 599.70206959 602.7644871  604.67484943 605.71921209 608.55250938
 608.5171201  608.07930945 602.87032371]";2016-04-10 12:00:00;2016-07-03 12:00:00
169;13;catboost_normal;0.017323761597712414;50.0;0.017525456438980534;69.64581744969206;0.01752520167748289;60.280406090231104;[3406.87, 3410.355, 3425.332, 3441.836, 3437.072, 3444.771, 3451.174, 3473.253, 3491.226, 3484.585, 3494.977, 3504.903, 3513.261];"[3411.41084365 3406.53223172 3398.60647888 3398.2032732  3396.75432624
 3394.20500779 3395.361119   3400.55598644 3401.1425377  3402.38405381
 3402.50809607 3398.23520432 3399.1522493 ]";2016-04-10 12:00:00;2016-07-03 12:00:00
125;13;catboost_normal;0.011900291782296773;58.333333333333336;0.0119889159538455;123.2620931473063;0.011988850885743236;110.45033228238194;[9312.976, 9345.336, 9220.883, 9175.375, 9242.598, 9239.694, 9188.667, 9185.327, 9312.469, 9324.924, 9338.454, 9233.259, 9312.346];"[9297.33842385 9238.58930313 9118.9635771  9112.9999974  9139.4104281
 9129.79672696 9133.50035318 9134.11365398 9149.26524062 9135.31715921
 9125.97260111 9117.0808582  9164.10535748]";2016-04-10 12:00:00;2016-07-03 12:00:00
156;13;catboost_normal;0.0032587310537781087;83.33333333333333;0.0032504389527160363;6.512397306357204;0.003250324969339631;4.634491812149656;[1431.923, 1435.919, 1422.959, 1423.154, 1432.548, 1438.745, 1428.38, 1425.897, 1427.808, 1431.297, 1415.852, 1416.006, 1416.477];"[1428.65609724 1428.9887684  1424.88879384 1423.8385288  1437.08875048
 1438.90326525 1430.42527205 1427.05205583 1431.36112007 1431.48216747
 1426.23494601 1425.64556757 1432.25379184]";2016-10-09 12:00:00;2017-01-01 12:00:00
97;13;catboost_normal;0.04592679411708497;58.333333333333336;0.04465606879748987;33.99943390390572;0.04465244519051667;27.517502720423032;[590.45, 637.41, 611.55, 631.79, 590.82, 593.99, 600.52, 615.28, 604.03, 600.61, 600.73, 580.27, 595.58];"[583.64916596 599.13839893 606.52907008 629.77006694 628.87712962
 603.67612005 620.23764074 633.53880827 625.07944046 631.75489445
 643.90369735 652.34219087 648.03431546]";2016-01-10 12:00:00;2016-04-03 12:00:00
125;13;catboost_normal;0.0067658130593568995;50.0;0.006769855624436768;72.78023500223867;0.006769818458449041;61.658315728538724;[9114.216, 9091.759, 9015.347, 8986.254, 9042.198, 9057.557, 9088.599, 9048.176, 9136.022, 9160.541, 9185.807, 9174.298, 9244.379];"[9148.7804569  9117.69269713 9078.28874971 9111.11802914 9110.34759444
 9105.23633397 9099.20015212 9081.11486518 9126.35029961 9096.86393791
 9089.21173449 9081.9709898  9112.76481231]";2016-01-10 12:00:00;2016-04-03 12:00:00
111;13;catboost_normal;0.010827292176447888;58.333333333333336;0.010925015599178727;135.82358617629333;0.010924958250953161;104.06230476449072;[9609.45, 9520.42, 9512.01, 9471.4, 9562.31, 9488.15, 9556.86, 9534.86, 9647.41, 9594.13, 9576.58, 9662.18, 9644.83];"[9507.20371044 9512.97846203 9538.49325915 9510.48616268 9542.43259047
 9520.61092904 9521.61531963 9469.56449957 9447.36113668 9429.81672873
 9425.7258291  9390.38835749 9407.16375478]";2016-10-09 12:00:00;2017-01-01 12:00:00
169;13;catboost_normal;0.02552683257824389;33.333333333333336;0.025129623102021218;96.1539009897686;0.025129257716414683;86.4153317904964;[3410.673, 3402.062, 3402.846, 3407.447, 3394.027, 3381.142, 3382.268, 3381.985, 3371.89, 3365.346, 3370.034, 3394.665, 3415.096];"[3420.79615932 3430.0394874  3426.04913069 3501.50122981 3454.32816353
 3529.99302813 3483.87866254 3491.43751889 3511.43590157 3478.88628616
 3478.16358625 3501.3316907  3495.03946828]";2016-01-10 12:00:00;2016-04-03 12:00:00
156;13;catboost_normal;0.008924911257361157;58.333333333333336;0.008970732634458418;13.631403057562428;0.008970416624406334;12.732427821573241;[1423.2091, 1428.7551, 1415.1082, 1420.3632, 1428.2913, 1433.0435, 1421.798, 1422.6104, 1428.3926, 1432.8941, 1423.5527, 1421.3713, 1423.7488];"[1415.49019432 1414.71860682 1412.33344735 1412.72094223 1413.3519258
 1412.87618994 1411.41177068 1411.10173363 1412.59954582 1411.48951834
 1410.43344007 1409.80004616 1409.28937715]";2016-07-10 12:00:00;2016-10-02 12:00:00
139;13;catboost_normal;0.025549350498126448;58.333333333333336;0.025966817572113013;231.8242962882776;0.02596665368686061;205.72137762185503;[7767.725, 7874.504, 7834.471, 8028.925, 8141.734, 8163.429, 7944.064, 8085.93, 8072.828, 7999.564, 8047.55, 8039.275, 7940.894];"[7807.79942097 7804.77061724 7822.15849487 7801.15813488 7807.88645421
 7824.79697191 7818.58358667 7798.63702164 7782.98415908 7777.72665785
 7771.39512127 7766.76837834 7761.99891393]";2016-01-10 12:00:00;2016-04-03 12:00:00
98;13;catboost_normal;0.04510540211708459;41.666666666666664;0.043671765579381794;810.9568369784586;0.04367162330505493;670.381112186886;[14837.74, 14751.79, 14883.29, 15009.8, 14963.45, 14930.14, 14847.66, 14828.55, 14864.72, 14893.35, 14811.6, 14898.23, 14855.39];"[15048.49255991 15057.62931566 15111.07285423 15145.1294839
 15196.21103783 15260.27070136 15423.25536801 15597.46887037
 15721.21630596 15919.94646766 16096.50433643 16211.98834556
 16301.47881156]";2016-10-09 12:00:00;2017-01-01 12:00:00
126;13;catboost_normal;0.01965876117547089;50.0;0.019462992095159875;249.7221143017791;0.019462903831590196;214.60061334828578;[11173.39, 10918.46, 10850.02, 10756.78, 10815.1, 10764.33, 10842.66, 10886.6, 10968.92, 11026.69, 11039.92, 11213.69, 11323.96];"[11057.94082731 11042.98718094 10984.45907415 11098.99818655
 11129.41284528 11206.74489195 11224.3357296  11051.2501405
 11262.21672181 11063.71472227 11027.09261494 11018.2551016
 11092.42297569]";2016-10-09 12:00:00;2017-01-01 12:00:00
111;13;catboost_normal;0.013324270956753762;91.66666666666667;0.013455180075314556;152.81365868503613;0.013455108293305297;126.10632041918115;[9475.61, 9406.48, 9367.41, 9389.55, 9452.64, 9399.0, 9354.57, 9347.41, 9519.24, 9467.31, 9521.03, 9441.19, 9508.38];"[9433.38585801 9418.27714358 9385.96806565 9330.47204284 9341.5476234
 9322.35994007 9268.94212573 9258.07784948 9279.43985836 9234.98248419
 9298.38787029 9246.66946482 9252.63792659]";2016-07-10 12:00:00;2016-10-02 12:00:00
140;13;catboost_normal;0.07963242970492122;58.333333333333336;0.07477273654423641;1088.1271592737855;0.07477240558750028;845.4047376558757;[10971.829, 11241.17, 10370.0, 10322.61, 10592.83, 10873.84, 11160.36, 10316.67, 10680.77, 10809.59, 11455.11, 10315.26, 10644.41];"[11001.2461054  10940.06727046 10764.82765394 10557.11660729
 11183.35489002 11585.31141463 11800.90882084 12606.84866866
 12507.01125324 12511.61966307 11614.28177847 11589.20715559
 11480.70384885]";2016-10-09 12:00:00;2017-01-01 12:00:00
156;13;catboost_normal;0.006354239956834955;83.33333333333333;0.006374819751114016;9.872373939969615;0.0063745930154062705;8.961330078012924;[1402.248, 1397.9469, 1395.7558, 1400.7381, 1408.561, 1414.668, 1407.4693, 1409.488, 1410.417, 1416.8378, 1411.3162, 1408.162, 1417.2162];"[1407.15564184 1404.95267579 1401.00847496 1399.73676903 1401.79429564
 1402.62406295 1400.97082073 1398.04048958 1400.74635361 1402.30210709
 1401.47990126 1397.60777333 1400.23982835]";2016-04-10 12:00:00;2016-07-03 12:00:00
98;13;catboost_normal;0.05054883430526165;33.333333333333336;0.0486871506227837;956.3006276202623;0.04868699924928001;783.0334671529516;[16446.78, 16254.04, 16198.78, 16018.34, 16137.34, 15968.88, 15976.71, 15858.2, 15738.54, 15388.13, 15187.62, 15172.27, 15101.03];"[16464.71629258 16464.40758254 16456.14583136 16468.80309373
 16497.79997771 16528.65017708 16552.37981952 16588.01282622
 16616.05646182 16701.69922337 16742.01443725 16772.106481
 16773.3028688 ]";2016-07-10 12:00:00;2016-10-02 12:00:00
170;13;catboost_normal;0.01674649007603915;41.666666666666664;0.016927498664788036;116.56984014624032;0.016927359483463102;102.93753381795578;[6104.414, 6112.22, 6095.08, 6100.62, 6117.27, 6120.08, 6088.19, 6084.55, 6119.76, 6132.76, 6176.58, 6188.09, 6213.0];"[6059.97124497 6048.99969158 6037.27568893 6039.48321962 6037.74538958
 6029.72945218 6023.04870529 6019.90571534 6016.22139259 6008.77456647
 5999.31715278 5996.67753965 5997.27630138]";2016-10-09 12:00:00;2017-01-01 12:00:00
111;13;catboost_normal;0.013863502868802101;75.0;0.014031130832490489;170.84877388908444;0.014031054944824834;129.71494561840868;[9190.82, 9194.79, 9188.26, 9210.0, 9276.62, 9225.15, 9195.59, 9256.96, 9394.22, 9336.74, 9358.19, 9333.84, 9491.2];"[9144.37475611 9150.24970033 9150.25848057 9178.07441391 9207.02582904
 9183.85846747 9175.10983755 9162.27535825 9147.35822954 9128.94138092
 9137.57860201 9090.3967918  9110.58385946]";2016-04-10 12:00:00;2016-07-03 12:00:00
140;13;catboost_normal;0.04449649260677494;50.0;0.04295245042297602;642.7252132047281;0.042952261277638674;487.8093822328365;[11644.618, 11094.79, 10896.797, 11068.609, 11675.583, 11468.94, 11735.59, 11110.873, 10941.007, 11949.263, 11942.133, 10680.322, 10558.423];"[11198.24309581 11578.88122661 11330.66487841 11201.60055186
 11452.25093648 11677.53244864 11637.90764115 11583.18387701
 11903.06390207 12072.67260504 12073.49381467 11983.63313705
 11880.56320111]";2016-07-10 12:00:00;2016-10-02 12:00:00
126;13;catboost_normal;0.017558907479362302;25.0;0.017637795318797413;233.56178118771894;0.017637713429377144;189.97630557522533;[10803.66, 10610.62, 10497.77, 10627.81, 10586.77, 10509.53, 10508.52, 10563.93, 11163.96, 10765.4, 10796.94, 10814.8, 11178.97];"[10707.50155356 10720.20385578 10725.54168423 10761.02569892
 10794.77886695 10651.51949962 10729.10222473 10653.13584615
 10783.99415907 10903.20387438 10737.73768151 10715.63976222
 10611.92642192]";2016-07-10 12:00:00;2016-10-02 12:00:00
111;13;catboost_normal;0.013253642405435643;41.666666666666664;0.013406804529007391;162.99789863539098;0.013406730077057867;120.7138714044087;[9180.4, 9153.36, 9095.51, 9029.32, 9082.04, 9064.55, 9014.92, 8992.45, 9115.27, 9104.56, 9104.74, 9076.43, 9175.22];"[9154.4893986  9128.48927286 9154.87820521 9102.68504184 9047.68624622
 9017.73793331 9040.89689213 8960.08599664 8802.3327226  8960.86919673
 8809.64731248 8862.000332   8895.11139947]";2016-01-10 12:00:00;2016-04-03 12:00:00
140;13;catboost_normal;0.0359384658186839;33.333333333333336;0.03696757137174098;560.4068854793651;0.036967411135490465;426.59945505938623;[12026.567, 12242.329, 11480.592, 11233.997, 11413.738, 11574.029, 11173.244, 11209.739, 11954.883, 12093.174, 12106.71, 11187.559, 10782.813];"[11530.6291388  11427.72353941 11390.37152383 11298.52999643
 11218.59792731 11154.32186609 11268.42300529 11128.19286077
 11132.8637051  11050.78915111 11093.34170167 11151.13311042
 11157.53843857]";2016-04-10 12:00:00;2016-07-03 12:00:00
98;13;catboost_normal;0.02001309531950228;33.333333333333336;0.019795377067688334;347.02870769638514;0.019795317936053547;331.3450960275902;[16621.78, 16617.57, 16547.41, 16393.54, 16588.13, 16613.45, 16558.85, 16540.02, 16624.64, 16663.66, 16786.51, 16593.67, 16432.72];"[16796.73082529 16845.80394908 16883.06054222 16892.49024216
 16916.63371154 16934.12362368 16952.00953306 16953.12612581
 16942.72234176 16942.15288843 16943.97031468 16947.07379696
 16939.53835369]";2016-04-10 12:00:00;2016-07-03 12:00:00
126;13;catboost_normal;0.015544600644508218;75.0;0.01564660328901589;217.66738291408677;0.01564652880472489;164.36717332066067;[10382.61, 10358.53, 10296.26, 10381.82, 10396.01, 10276.86, 10288.93, 10417.35, 10557.34, 10438.89, 10480.78, 10526.71, 11026.56];"[10466.75196779 10520.96687722 10464.64934461 10520.95627999
 10534.59870718 10427.6022551  10442.29392372 10396.14093806
 10410.93332233 10375.9964167  10382.4146571  10350.11568948
 10392.05507876]";2016-04-10 12:00:00;2016-07-03 12:00:00
156;13;catboost_normal;0.00198340775162274;91.66666666666667;0.0019838145500738775;3.405657695746865;0.0019837437513627763;2.7792882839681066;[1402.0801, 1398.7202, 1397.6817, 1397.6053, 1403.716, 1406.9002, 1401.0625, 1398.9177, 1402.936, 1405.3132, 1400.5072, 1397.2074, 1401.8408];"[1407.4042503  1404.77912588 1396.41555132 1396.6702279  1403.54402376
 1403.59669045 1399.6192813  1398.71246034 1399.46284443 1402.60006823
 1399.08244076 1392.84570302 1396.39103696]";2016-01-10 12:00:00;2016-04-03 12:00:00
170;13;catboost_normal;0.01651180404516353;58.333333333333336;0.016717261822047656;121.65532653666406;0.016717121502501046;99.58220518212217;[5968.99, 5969.09, 5909.103, 5942.124, 5983.765, 5997.457, 5980.822, 6010.95, 6070.896, 6068.519, 6030.726, 6022.414, 6054.748];"[5974.26298151 5934.07542523 5913.53328574 5918.65594966 5940.22404139
 5905.56956574 5891.22670866 5901.56783205 5899.61405007 5881.89653339
 5848.38507589 5868.61550425 5856.81491356]";2016-07-10 12:00:00;2016-10-02 12:00:00
112;13;catboost_normal;0.04337377667692827;25.0;0.04266252203288149;34.963805049489224;0.042659621998041825;31.387248349231246;[754.7, 766.1, 766.27, 714.66, 682.99, 700.3, 763.74, 747.68, 742.31, 717.41, 712.44, 734.81, 726.45];"[727.94930236 727.55499649 738.30461903 738.52349227 751.1404117
 746.32717162 743.29372299 757.70406128 749.17695359 754.50460109
 754.68209583 760.00805928 761.31002275]";2016-10-09 12:00:00;2017-01-01 12:00:00
126;13;catboost_normal;0.016530108216047765;41.666666666666664;0.016346853810361453;200.5987966713894;0.016346775078727522;169.71844453529076;[10574.56, 10332.45, 10238.0, 10223.02, 10281.82, 10168.34, 10155.19, 10201.79, 10231.69, 10177.12, 10315.95, 10374.21, 10524.88];"[10557.90517832 10513.98449542 10524.49320919 10527.57770094
 10517.4887152  10331.12721669 10392.80716839 10354.95841027
 10306.0313975  10228.57812727 10366.81554821 10742.18127178
 10441.65830359]";2016-01-10 12:00:00;2016-04-03 12:00:00
98;13;catboost_normal;0.020191990137105018;75.0;0.020342596269132207;348.67338229578957;0.020342535306886598;339.44093426586954;[16504.95, 16666.74, 16684.43, 16736.72, 16877.39, 16863.33, 16864.85, 16948.66, 17064.83, 17088.77, 16680.1, 16772.97, 16694.07];"[16269.85955742 16278.72991996 16339.51241123 16353.87682546
 16368.40734415 16419.26582212 16527.47445044 16645.72671771
 16717.97744921 16797.99014586 16901.59247359 17015.81737132
 17060.6129441 ]";2016-01-10 12:00:00;2016-04-03 12:00:00
157;13;catboost_normal;0.01310677906968503;58.333333333333336;0.013222803168207037;254.97338545713868;0.013222763508102838;220.43170259258406;[16585.796, 16545.69, 16718.18, 16774.2, 16973.97, 16859.12, 16888.19, 16801.33, 16854.51, 16677.41, 16792.37, 16756.94, 16839.65];"[16575.77030255 16539.27071245 16605.70615883 16583.37077592
 16697.4712035  16643.98534222 16666.9873973  16626.92726985
 16474.0683452  16439.56471249 16308.12475911 16520.36514458
 16520.1317423 ]";2016-10-09 12:00:00;2017-01-01 12:00:00
170;13;catboost_normal;0.018301287102935694;41.666666666666664;0.018520891238410532;122.93869010329055;0.01852073212881625;107.79469244359363;[5824.886, 5805.497, 5796.042, 5818.672, 5859.707, 5865.672, 5831.001, 5850.539, 5903.496, 5921.671, 5903.565, 5907.692, 5952.017];"[5784.72665923 5774.67113953 5766.02868846 5764.8395776  5767.25812866
 5762.54694915 5753.53104221 5752.57262805 5749.02785779 5743.88206148
 5740.86137689 5739.73983937 5739.44004981]";2016-04-10 12:00:00;2016-07-03 12:00:00
140;13;catboost_normal;0.026919926160580025;83.33333333333333;0.026438523416074014;347.1720159568829;0.026438406390834203;298.7931145332681;[11003.785, 11133.141, 10814.136, 10754.591, 10802.946, 10992.909, 11377.78, 11106.841, 11427.47, 11280.646, 11385.472, 11396.119, 11446.678];"[11014.88614097 11360.38930127 11079.6137353  11144.58101203
 11392.93709423 11432.09214593 11531.88950903 11407.86165111
 11801.00473781 11752.47864082 11899.54973215 11468.46044483
 11521.08034346]";2016-01-10 12:00:00;2016-04-03 12:00:00
127;13;catboost_normal;0.021492594180850255;50.0;0.02147886488949511;103.76042141374373;0.021478569813969436;78.19953842569318;[3659.91, 3836.54, 3603.72, 3518.12, 3731.7, 3682.25, 3703.91, 3552.16, 3731.15, 3699.87, 3741.75, 3541.9, 3452.87];"[3607.90270301 3616.75469663 3606.77748683 3627.6721193  3646.25242467
 3670.04483315 3645.05735294 3572.98589517 3639.28343828 3704.41045572
 3700.55873427 3649.99644761 3662.03577785]";2016-10-09 12:00:00;2017-01-01 12:00:00
112;13;catboost_normal;0.06025815116574418;58.333333333333336;0.05808772834246441;49.31992315911815;0.058083911090610535;44.203038113576454;[754.84, 761.84, 805.33, 784.55, 748.2, 738.96, 740.76, 717.08, 704.69, 718.75, 730.55, 763.72, 736.2];"[782.62008837 786.56370652 786.51992191 794.48535848 787.93020938
 784.93428275 795.99887605 790.79126747 789.1817878  783.58009877
 787.03960772 785.72982921 787.11430485]";2016-07-10 12:00:00;2016-10-02 12:00:00
157;13;catboost_normal;0.021152118450997216;58.333333333333336;0.02142999324530829;381.7507409360958;0.02142992642848276;343.6802532945875;[15805.897, 15851.464, 15941.718, 16005.798, 16070.424, 16063.677, 16106.208, 16150.753, 16277.586, 16314.042, 16361.864, 16441.189, 16536.466];"[15758.3639602  15720.48388282 15711.61506147 15752.03714616
 15828.26532984 15853.99863118 15764.64661032 15766.3336912
 15811.35211498 15804.80438515 15861.42636532 15878.45527315
 15947.46025537]";2016-07-10 12:00:00;2016-10-02 12:00:00
99;13;catboost_normal;0.016835977314117432;75.0;0.017010486072192375;231.22191236838444;0.017010412775356098;197.39679248506314;[11474.49, 11875.5, 11517.02, 11305.8, 11423.14, 11647.5, 11632.38, 11729.89, 11679.04, 11740.51, 11934.32, 11741.1, 11634.37];"[11446.13147748 11498.30876219 11492.21062461 11468.28390173
 11511.80450227 11508.95957154 11495.91355514 11476.05738121
 11472.45572724 11485.64701896 11481.79308236 11471.18792817
 11462.4449728 ]";2016-10-09 12:00:00;2017-01-01 12:00:00
141;13;catboost_normal;0.020725068118730365;58.333333333333336;0.021219652503138956;174.30607387681752;0.021219457890496056;115.68827163931186;[5388.424, 5388.93, 5368.95, 5390.96, 5401.97, 5389.98, 5392.11, 5412.92, 5525.45, 5540.92, 5580.59, 5622.11, 5684.54];"[5387.62662088 5369.54328418 5370.66945619 5387.6671383  5408.9879212
 5350.9662525  5332.74960277 5361.57142015 5378.70706206 5352.27334658
 5298.8323186  5300.72234396 5301.06445612]";2016-10-09 12:00:00;2017-01-01 12:00:00
157;13;catboost_normal;0.01686749643380225;66.66666666666667;0.01702929556384773;281.07136292219485;0.01702924076637791;264.6093147950393;[15431.364, 15563.096, 15563.937, 15623.858, 15756.72, 15691.442, 15701.101, 15724.971, 15794.676, 15684.637, 15641.884, 15661.09, 15725.439];"[15369.98089355 15367.81174974 15354.92565638 15359.87260754
 15369.28138509 15356.99805705 15357.63704464 15364.14439838
 15387.5998297  15419.7580258  15448.6539804  15469.86212505
 15497.76815435]";2016-04-10 12:00:00;2016-07-03 12:00:00
141;13;catboost_normal;0.029629036969887636;33.333333333333336;0.030203385651905394;180.48953353137014;0.03020309911981419;159.1859658281855;[5295.631, 5300.088, 5295.456, 5333.739, 5338.803, 5339.39, 5345.043, 5369.168, 5401.186, 5395.298, 5386.552, 5377.376, 5406.685];"[5284.5696803  5264.79769878 5239.80503585 5231.92597832 5210.60090609
 5196.85911304 5186.63852086 5177.30923343 5155.81813464 5143.0061019
 5137.3066715  5137.96160641 5148.39876312]";2016-07-10 12:00:00;2016-10-02 12:00:00
112;13;catboost_normal;0.022352519500504566;33.333333333333336;0.022499931757647362;21.255420799215788;0.022498492374209107;17.58641597164325;[769.47, 786.2, 808.72, 799.09, 776.3, 752.25, 779.59, 786.59, 765.38, 775.54, 782.08, 791.39, 808.1];"[765.00075059 762.00267568 772.23308805 776.15772117 777.85133654
 781.23269648 788.97423391 791.98438048 791.0715998  782.33186723
 774.08543233 773.5652564  771.1777826 ]";2016-04-10 12:00:00;2016-07-03 12:00:00
127;13;catboost_normal;0.02066594854319494;83.33333333333333;0.02120354605466771;124.1507115698688;0.02120325606087324;77.54033272694886;[3609.71, 3577.23, 3482.34, 3511.35, 3591.17, 3696.44, 3537.14, 3524.62, 3798.07, 3886.79, 3696.47, 3494.06, 3567.61];"[3544.84103631 3554.37744612 3487.43035118 3527.07155793 3599.56439729
 3562.0327043  3553.01506881 3526.06236335 3553.64235792 3572.93458639
 3564.50177137 3525.99879194 3550.42830265]";2016-07-10 12:00:00;2016-10-02 12:00:00
170;13;catboost_normal;0.009034305908996254;50.0;0.009111011414337114;71.86194045361792;0.00911093171344617;52.075891603203324;[5755.441, 5712.851, 5709.121, 5703.595, 5724.528, 5730.064, 5718.248, 5708.754, 5752.194, 5764.873, 5758.891, 5771.054, 5805.093];"[5754.89683223 5734.77737569 5720.28675732 5706.88429411 5702.84179693
 5700.62182192 5697.45316826 5684.8029467  5676.57596327 5674.89674785
 5664.60061691 5651.87810558 5639.96683661]";2016-01-10 12:00:00;2016-04-03 12:00:00
157;13;catboost_normal;0.010545155734750032;66.66666666666667;0.010607655984437662;171.70004613030756;0.010607621326045341;162.33139517146222;[15388.054, 15366.515, 15329.092, 15340.645, 15513.167, 15443.802, 15348.725, 15406.778, 15427.569, 15364.327, 15330.803, 15355.541, 15360.895];"[15273.19136728 15237.54941642 15233.43201682 15201.64421392
 15224.0263372  15217.68039514 15239.39029865 15300.02659659
 15244.95036519 15205.95969386 15144.22309678 15123.81126588
 15219.71979903]";2016-01-10 12:00:00;2016-04-03 12:00:00
99;13;catboost_normal;0.010246254447375445;75.0;0.010222171837926076;147.54063561909683;0.010222127145145976;116.907256923327;[11477.62, 11517.55, 11422.32, 11345.91, 11264.08, 11448.08, 11415.72, 11289.5, 11419.81, 11384.35, 11684.0, 11362.62, 11351.72];"[11457.84292447 11592.99488802 11502.47313021 11462.51616452
 11573.4448987  11554.90899899 11540.66190754 11468.74893728
 11412.54173275 11373.92515678 11414.78926106 11302.71316027
 11191.10234994]";2016-07-10 12:00:00;2016-10-02 12:00:00
171;13;catboost_normal;0.011559022001496248;83.33333333333333;0.011661116850573066;52.99835705899555;0.011660958812409111;43.021394411803335;[3664.4298, 3669.803, 3665.56, 3665.696, 3686.83, 3703.802, 3713.862, 3705.416, 3721.62, 3729.826, 3737.01, 3730.028, 3737.606];"[3665.46894735 3668.19049808 3660.39893422 3659.14549548 3660.16141077
 3672.55326148 3659.51652276 3652.17645002 3652.99060571 3656.71336812
 3663.88881243 3651.32622896 3651.75843198]";2016-10-09 12:00:00;2017-01-01 12:00:00
141;13;catboost_normal;0.02082226977422247;50.0;0.02072200641047581;121.87904698377976;0.020721805618310343;106.93055905538334;[5039.544, 5053.42, 5066.86, 5099.887, 5082.291, 5084.34, 5081.651, 5106.797, 5147.906, 5140.993, 5153.21, 5258.369, 5307.455];"[5108.97240462 5130.25992103 5152.19054299 5202.51427464 5243.74946852
 5259.43678584 5246.50198668 5221.91262404 5194.78015912 5176.29117221
 5161.34225559 5122.50957965 5094.2697479 ]";2016-04-10 12:00:00;2016-07-03 12:00:00
112;13;catboost_normal;0.022564941279014625;50.0;0.022822123326320727;26.642782870450034;0.02282064619623703;17.64397565162216;[770.09, 800.75, 791.71, 828.38, 773.73, 768.46, 761.69, 754.39, 725.81, 730.37, 729.93, 749.6, 783.05];"[810.34276415 807.43913237 794.35946479 757.37401339 757.76768992
 766.10785482 759.39951223 750.3030472  750.14213179 736.30493406
 738.19202758 742.61295652 744.48369717]";2016-01-10 12:00:00;2016-04-03 12:00:00
127;13;catboost_normal;0.01991815215258947;75.0;0.019924988182138146;84.01974896985193;0.019924702946285924;69.60940036918517;[3457.84, 3560.9, 3416.71, 3536.69, 3579.82, 3552.81, 3448.89, 3497.21, 3550.14, 3615.95, 3587.74, 3306.15, 3545.85];"[3447.88205772 3472.92002064 3459.5257149  3464.07690675 3468.35070086
 3493.56168067 3493.13601668 3489.19245663 3501.99010164 3515.76683708
 3513.17580555 3502.38603934 3496.40899856]";2016-04-10 12:00:00;2016-07-03 12:00:00
158;13;catboost_normal;0.005075869987974862;58.333333333333336;0.005089883737228126;57.08781780086817;0.005089856278201111;47.17398477171138;[9265.8308, 9320.682, 9198.628, 9181.263, 9248.034, 9273.226, 9311.038, 9229.568, 9282.625, 9295.202, 9366.068, 9272.725, 9316.549];"[9272.86987984 9266.08944477 9243.1541663  9237.74156375 9245.59838537
 9248.93219532 9245.31760345 9240.26308524 9236.82732316 9235.82515459
 9241.46670363 9236.88944032 9234.67984248]";2016-10-09 12:00:00;2017-01-01 12:00:00
99;13;catboost_normal;0.026872032910498667;75.0;0.026446727027153026;332.0439641149004;0.026446612055169315;304.1820657273059;[11422.24, 11541.65, 11444.31, 11435.34, 11213.58, 11409.73, 11324.79, 11173.49, 11183.03, 11382.9, 11516.12, 11288.24, 11440.46];"[11565.18396762 11644.16929484 11633.73852145 11608.20717714
 11663.90063167 11745.09056667 11738.24591744 11694.98638901
 11635.82821641 11732.51906546 11738.9045166  11691.25656475
 11638.21602539]";2016-04-10 12:00:00;2016-07-03 12:00:00
171;13;catboost_normal;0.016857855751590947;50.0;0.017056199121097376;72.34437372172907;0.01705596247786685;61.466655588592474;[3586.2931, 3582.5514, 3572.6083, 3588.4019, 3622.9203, 3633.3244, 3632.6537, 3628.0559, 3660.8176, 3674.0569, 3670.9546, 3634.4766, 3655.906];"[3585.16138206 3589.5625711  3562.11780789 3560.77657202 3563.6877915
 3568.89295756 3568.24589289 3569.85265338 3568.8569297  3565.93649082
 3563.82920514 3549.48562867 3541.57063681]";2016-07-10 12:00:00;2016-10-02 12:00:00
141;13;catboost_normal;0.011817913196607336;66.66666666666667;0.011714613828548546;74.95577972922452;0.011714498850021635;59.681118868567445;[5259.02, 5214.639, 5180.645, 5171.807, 5152.833, 5115.199, 5089.845, 5065.185, 5024.759, 5021.153, 4996.524, 5004.032, 5053.536];"[5222.9717313  5186.67989112 5171.54934976 5157.62067269 5146.97987181
 5138.2799223  5128.78567998 5126.18045201 5129.20745667 5132.64655591
 5133.47045771 5133.80491564 5130.56962174]";2016-01-10 12:00:00;2016-04-03 12:00:00
158;13;catboost_normal;0.005963400685908338;50.0;0.005944923331300861;66.00562623568902;0.005944890985999758;54.63329144382218;[9196.5043, 9139.1815, 9081.0985, 9108.2907, 9186.7887, 9188.5826, 9200.6975, 9142.8705, 9205.7192, 9289.4876, 9303.6882, 9173.1537, 9210.3476];"[9134.37914305 9235.07777634 9183.83020541 9181.55672208 9159.56201412
 9187.07229969 9223.17839832 9238.93891444 9193.70728833 9231.19603237
 9294.7949718  9282.30672306 9250.92519848]";2016-07-10 12:00:00;2016-10-02 12:00:00
113;13;catboost_normal;0.017707410328319236;41.666666666666664;0.017518945658700453;199.8188036764266;0.01751886110662458;181.50215015712246;[10463.22, 10370.99, 10322.48, 10331.1, 10275.58, 10318.71, 10216.97, 10282.47, 10238.62, 10071.88, 10200.06, 10227.22, 10233.33];"[10508.54843123 10510.82290702 10528.13956522 10539.64480632
 10572.10574967 10515.46617793 10500.07254505 10429.28734095
 10417.83150374 10411.40095133 10329.67492172 10347.42921799
 10301.73383389]";2016-10-09 12:00:00;2017-01-01 12:00:00
171;13;catboost_normal;0.006609751911940431;41.666666666666664;0.006646113553525188;30.744636759835444;0.0066460197103258975;23.53428463762475;[3556.4787, 3562.6298, 3531.5882, 3512.2631, 3531.8187, 3539.844, 3530.3279, 3538.6605, 3565.9133, 3569.3228, 3575.2021, 3549.3097, 3577.9706];"[3555.46951819 3540.17825621 3518.27621551 3521.04334998 3524.20245799
 3515.92356385 3539.82092679 3534.21612758 3535.56783686 3542.18401565
 3534.06391283 3509.55249436 3501.43157746]";2016-04-10 12:00:00;2016-07-03 12:00:00
171;13;catboost_normal;0.010332961547200132;50.0;0.010425137265574357;47.77772082603675;0.010424987899790414;36.38126923810996;[3480.1421, 3481.6938, 3470.9782, 3464.527, 3482.9123, 3492.2179, 3494.297, 3495.331, 3519.8692, 3527.575, 3523.6103, 3525.9547, 3546.7635];"[3487.55722198 3479.47306912 3473.23776524 3467.44403768 3465.73586728
 3469.93922468 3466.71034797 3467.7862885  3461.09407412 3461.94927354
 3455.10981346 3452.35817769 3449.70378845]";2016-01-10 12:00:00;2016-04-03 12:00:00
127;13;catboost_normal;0.04856189446415914;83.33333333333333;0.0471416884690821;205.67354106065736;0.04714102441461981;167.41091668314354;[3368.15, 3402.96, 3502.06, 3382.44, 3470.0, 3509.41, 3570.62, 3402.84, 3585.54, 3452.3, 3453.99, 3361.96, 3427.64];"[3310.75673731 3373.92379863 3378.48963385 3369.03011183 3398.34034919
 3412.23756245 3452.75475507 3578.87225972 3768.09014559 3730.37642446
 3788.99515322 3767.48332111 3716.68756109]";2016-01-10 12:00:00;2016-04-03 12:00:00
158;13;catboost_normal;0.011021020078350235;50.0;0.011101834451609834;115.46169011149843;0.011101773012208502;100.30283135865605;[9054.8405, 9102.3691, 9000.3932, 8994.8683, 9055.3019, 9068.7292, 9007.7587, 9011.0841, 9113.1685, 9153.7022, 9166.2143, 9074.8447, 9111.9249];"[8994.53717694 8985.84692326 8976.30357975 8969.0769936  8966.19349959
 8967.33082828 8966.01177665 8964.42420167 8965.16806325 8964.95012479
 8964.24899697 8963.6147342  8963.55589338]";2016-04-10 12:00:00;2016-07-03 12:00:00
142;13;catboost_normal;0.005830594950707036;41.666666666666664;0.00585862660638666;85.76892250089554;0.00585860080977839;66.52737731902086;[11374.106, 11419.08, 11304.46, 11312.03, 11412.35, 11481.37, 11381.15, 11365.37, 11386.84, 11445.25, 11290.92, 11301.3, 11310.58];"[11333.55032335 11362.18134554 11324.89983348 11319.50873941
 11340.4897335  11308.4266524  11264.44358531 11277.10783201
 11309.76412952 11281.6749833  11287.40596316 11283.27742176
 11283.05669789]";2016-10-09 12:00:00;2017-01-01 12:00:00
113;13;catboost_normal;0.016460973304394142;58.333333333333336;0.016723398154862668;244.79070533750544;0.016723317523580538;173.43184843736583;[10622.44, 10472.67, 10436.43, 10445.93, 10314.81, 10256.33, 10258.98, 10318.46, 10422.51, 10326.78, 10514.04, 10701.97, 10539.14];"[10407.11443931 10375.80984312 10358.57619573 10423.2850226
 10352.94495951 10271.25255172 10368.79472256 10299.09641655
 10266.02299459 10192.06474448 10136.50750375 10091.61408561
 10158.53695836]";2016-07-10 12:00:00;2016-10-02 12:00:00
99;13;catboost_normal;0.014760768409862984;66.66666666666667;0.014895797392642025;190.56450571012786;0.014895732710974708;171.52897071187587;[11489.75, 11729.46, 11814.6, 11554.86, 11506.59, 11668.5, 11594.88, 11503.68, 11482.14, 11681.89, 11565.52, 11437.51, 11515.66];"[11437.25480957 11554.27871161 11477.87022624 11434.09606959
 11404.62136891 11467.32124315 11423.24796974 11405.87430158
 11355.20821281 11354.09819509 11358.45058481 11338.00095521
 11304.84073243]";2016-01-10 12:00:00;2016-04-03 12:00:00
128;13;catboost_normal;0.044280693369109475;25.0;0.04316763428073019;46.35623072480981;0.04316547223859563;43.094166571690785;[1007.32, 1000.05, 990.76, 985.07, 988.6, 986.32, 981.23, 974.06, 974.39, 971.47, 961.91, 960.25, 951.77];"[1017.80901395 1020.47378497 1020.4788607  1022.00326797 1022.32480418
 1022.40631074 1023.20277523 1023.62358912 1023.78089792 1024.13357086
 1024.46341135 1024.50255761 1024.22132083]";2016-10-09 12:00:00;2017-01-01 12:00:00
100;13;catboost_normal;0.012359182440905338;75.0;0.012476524096819281;154.07152884155445;0.012476461102467628;123.55409146683843;[9871.498, 9910.685, 9815.305, 9808.647, 9900.756, 9934.128, 9974.544, 9905.89, 9965.28, 9989.549, 10064.652, 10007.292, 10082.468];"[9909.73238824 9917.26942127 9849.50369297 9810.70238252 9839.99347576
 9848.31066336 9802.95554081 9789.09111001 9801.29591659 9829.16969282
 9816.82515869 9790.70723226 9781.07990564]";2016-10-09 12:00:00;2017-01-01 12:00:00
158;13;catboost_normal;0.00994312862935502;66.66666666666667;0.010020281843627547;110.94631567658108;0.010020225493584176;89.09097497422911;[8894.0248, 8900.7021, 8888.437, 8849.93, 8911.2136, 8941.1748, 8938.9688, 8911.4045, 8976.3405, 8969.6367, 8966.4806, 8956.1069, 9001.8043];"[8864.23054086 8902.10087561 8883.9810853  8846.56550545 8842.26678011
 8856.83251568 8852.15852487 8838.20449215 8814.39877226 8833.97409881
 8832.53157452 8798.16767474 8785.42703618]";2016-01-10 12:00:00;2016-04-03 12:00:00
142;13;catboost_normal;0.018614199996170852;66.66666666666667;0.018819759914586995;227.62194217828682;0.01881967559269585;210.01977815841832;[11210.76, 11272.07, 11147.007, 11203.456, 11289.055, 11342.153, 11235.498, 11248.87, 11312.714, 11364.171, 11276.284, 11258.346, 11284.422];"[11167.21434061 11122.43126548 11059.14368131 11096.00323107
 11128.19742273 11075.60122654 11013.4742677  11018.45924397
 11041.1240862  11028.2950746  10969.03341362 10985.60173716
 11009.96989295]";2016-07-10 12:00:00;2016-10-02 12:00:00
128;13;catboost_normal;0.06867469734665094;50.0;0.0661239188780848;75.60252639212244;0.06612086714427211;71.6514339658381;[1111.55, 1099.45, 1083.63, 1067.45, 1065.3, 1061.87, 1047.8, 1044.76, 1034.04, 1036.11, 1022.84, 1014.08, 1010.94];"[1131.2262238  1131.53198909 1129.59795471 1136.08230515 1141.68806371
 1133.85644599 1125.84602058 1123.53904001 1121.40427395 1114.60948892
 1111.84535917 1114.08625993 1115.97521655]";2016-07-10 12:00:00;2016-10-02 12:00:00
113;13;catboost_normal;0.013230992986616265;66.66666666666667;0.013196084644957244;162.2072454181265;0.013196020114791977;134.9693372500597;[9884.96, 9875.59, 10003.26, 10259.08, 10308.36, 10396.91, 10459.03, 10519.65, 10423.89, 10436.42, 10465.64, 10631.41, 10518.73];"[10143.66436578 10171.15004244 10240.53893524 10219.59140682
 10191.14594867 10186.46846826 10272.11081937 10393.28877144
 10381.74830145 10384.38286641 10486.13776529 10516.11275364
 10466.07038845]";2016-04-10 12:00:00;2016-07-03 12:00:00
128;13;catboost_normal;0.01345769952910969;75.0;0.013359149656359169;17.21040637905076;0.013358559385021227;15.117374595733159;[1137.99, 1132.04, 1117.03, 1113.14, 1128.8, 1128.6, 1114.11, 1112.39, 1134.29, 1144.96, 1134.51, 1119.0, 1125.33];"[1130.81752061 1118.80007773 1112.20614833 1133.93822308 1151.35265816
 1145.118726   1135.90060169 1130.38059667 1143.89003917 1138.03473981
 1133.02144268 1143.82964019 1154.12531394]";2016-04-10 12:00:00;2016-07-03 12:00:00
172;13;catboost_normal;0.10782978390652688;66.66666666666667;0.1000854437963059;482.4800514398789;0.10008413957645483;385.24739574420585;[3696.3, 3536.5, 3504.4, 3481.7, 3684.6, 3749.7, 3684.8, 4354.7, 3618.1, 4381.4, 3985.8, 3381.9, 3209.2];"[3351.57472748 3415.46282647 3583.22393867 3611.54173884 3881.4722823
 4145.7665427  4011.15611636 4106.57220775 4354.32358486 4490.0253571
 4453.25301857 4222.74027329 4222.42305368]";2016-10-09 12:00:00;2017-01-01 12:00:00
159;13;catboost_normal;0.007165129375595174;83.33333333333333;0.007193330178826097;69.87519317563526;0.007193285565600336;57.99228449512275;[8060.0957, 8112.114, 7987.147, 7969.756, 8043.952, 8072.951, 8110.896, 8034.681, 8093.054, 8099.825, 8169.184, 8075.646, 8114.811];"[8122.59460063 8131.40609486 8042.5707034  7987.33664401 8003.06185499
 8054.01157784 8066.30183841 8030.47533894 8029.63403761 7989.47860516
 8027.39409009 7997.56176499 8017.97653642]";2016-10-09 12:00:00;2017-01-01 12:00:00
142;13;catboost_normal;0.012297300117408764;75.0;0.01239751631999659;157.47538704607666;0.012397459828289518;136.03671881618916;[10931.754, 10893.873, 10873.088, 10925.878, 11014.453, 11077.568, 11013.539, 11038.781, 11054.014, 11124.649, 11072.645, 11047.838, 11143.263];"[10952.52248878 10924.18995475 10908.71494321 10897.20241678
 10908.67365542 10883.2872277  10852.76376823 10864.04359111
 10902.90391787 10882.48879042 10870.6872549  10869.82789914
 10898.98452055]";2016-04-10 12:00:00;2016-07-03 12:00:00
128;13;catboost_normal;0.04150713240519461;41.666666666666664;0.04046702534923051;52.675333677001504;0.04046530006009584;47.456818672134204;[1184.56, 1177.87, 1164.6, 1154.26, 1161.2, 1160.78, 1140.43, 1142.35, 1148.53, 1144.97, 1138.5, 1129.55, 1123.99];"[1189.85514828 1191.84735786 1199.31600477 1197.11827702 1194.94364597
 1197.32809888 1195.80548246 1197.19142492 1198.82378234 1198.03028268
 1203.78145843 1210.60583571 1213.8818434 ]";2016-01-10 12:00:00;2016-04-03 12:00:00
100;13;catboost_normal;0.013712887746616213;75.0;0.013858383324564655;166.98581262909985;0.013858311836460076;134.3276978224459;[9644.814, 9636.557, 9562.564, 9604.403, 9737.141, 9731.15, 9770.611, 9701.551, 9795.648, 9881.855, 9892.302, 9728.73, 9784.623];"[9626.7133082  9639.90695264 9591.5121557  9592.60852369 9638.6149671
 9624.41966153 9582.32656079 9569.25145273 9586.43295293 9582.68083343
 9586.0875171  9579.77439971 9589.95585944]";2016-07-10 12:00:00;2016-10-02 12:00:00
172;13;catboost_normal;0.1313116556174045;25.0;0.12317496339578761;583.1828645496022;0.12317340799218911;488.042681401148;[3825.8, 4220.4, 4319.8, 4100.9, 4346.3, 3976.6, 3822.9, 4013.0, 3635.6, 3911.9, 3560.1, 3394.0, 3284.4];"[3808.67341362 3800.561      3786.67375436 3792.98281428 3783.86303673
 3928.60130924 4186.82448006 4173.85076809 4196.28894255 4343.719895
 4465.73044911 4430.99503883 4280.60061279]";2016-07-10 12:00:00;2016-10-02 12:00:00
113;13;catboost_normal;0.02707612042393673;58.333333333333336;0.027496975483664622;296.0923441176337;0.027496839423934123;277.85692880181875;[10097.51, 10124.92, 10134.0, 10304.13, 10395.17, 10416.04, 10192.73, 10309.82, 10262.96, 10179.9, 10218.99, 10211.77, 10098.46];"[9996.26772408 9970.50118585 9959.99171477 9958.6787724  9960.97788404
 9970.92091627 9953.38583869 9948.21227694 9933.885402   9925.89087866
 9919.02640146 9918.70338068 9917.81754973]";2016-01-10 12:00:00;2016-04-03 12:00:00
159;13;catboost_normal;0.008558601712429451;66.66666666666667;0.008609191049874888;83.35329477584754;0.008609137022220624;68.59352682454147;[7994.1625, 7934.7798, 7876.5377, 7904.8091, 7985.273, 7981.3636, 7992.6001, 7931.6859, 7996.5393, 8081.0601, 8091.8838, 7958.3425, 7994.2831];"[7921.14750306 7979.43794464 7906.25257714 7906.6875227  7937.5433559
 7956.42921281 7930.53990344 7897.72015571 7917.86574991 7926.73902334
 7920.50026173 7889.17864193 7894.06568792]";2016-07-10 12:00:00;2016-10-02 12:00:00
129;13;catboost_normal;0.005378805760274321;58.333333333333336;0.005359955511529648;51.822570253956584;0.005359922501465949;43.515877231659594;[8142.17, 8164.91, 8155.02, 8197.46, 8121.84, 8135.96, 8115.75, 8106.23, 8078.34, 8105.2, 8077.74, 8059.49, 8032.97];"[8163.7983991  8162.56137299 8161.54440178 8159.45326414 8159.8693002
 8158.43861907 8153.62667764 8149.15123754 8146.27334185 8143.39674518
 8141.52761428 8140.48435314 8137.95035136]";2016-10-09 12:00:00;2017-01-01 12:00:00
142;13;catboost_normal;0.0019309243700000403;75.0;0.0019325320299862212;25.387356388220866;0.0019325231392512963;21.003268418886083;[10844.949, 10818.389, 10809.429, 10812.805, 10880.892, 10917.656, 10865.082, 10849.376, 10900.896, 10930.217, 10891.399, 10865.586, 10918.437];"[10843.72936476 10836.70595869 10846.11822076 10816.67913158
 10859.03051182 10864.66539916 10840.48115608 10851.18665935
 10884.24810728 10919.10955651 10866.95775098 10832.7432623
 10891.79737202]";2016-01-10 12:00:00;2016-04-03 12:00:00
172;13;catboost_normal;0.08098638767653095;50.0;0.08393721083788727;378.64119536451756;0.08393613375537051;327.56680904587245;[3912.0, 3742.9, 4109.2, 3847.0, 4119.7, 4102.8, 4296.8, 4522.7, 3853.1, 4122.3, 3547.3, 3998.3, 3456.2];"[3660.74570544 3621.78443033 3668.07453132 3680.42692171 3882.29499603
 3799.00591776 3748.59113513 3674.95793062 3680.91763609 3793.93478185
 3885.35896979 3841.3206866  3801.76422068]";2016-04-10 12:00:00;2016-07-03 12:00:00
159;13;catboost_normal;0.01179696303259527;58.333333333333336;0.011888479925429924;106.66950805714694;0.011888404101020647;93.20013707926017;[7866.827, 7910.0756, 7809.3606, 7811.1917, 7868.993, 7869.8417, 7809.1908, 7810.0294, 7920.5439, 7955.8012, 7963.0703, 7852.4899, 7906.8102];"[7821.04886759 7806.06071865 7797.12685441 7766.2036241  7792.59503587
 7785.52411773 7761.21414279 7749.55532052 7779.09991549 7767.92521897
 7782.11428146 7756.22339241 7777.93202797]";2016-04-10 12:00:00;2016-07-03 12:00:00
172;13;catboost_normal;0.23694546624554477;75.0;0.2091875418179443;908.0694602924109;0.20918499416221994;859.8426146701156;[4096.8, 3750.0, 3640.2, 3428.5, 3770.8, 3571.9, 3576.1, 3639.6, 3405.9, 3648.4, 4047.9, 3648.7, 3621.1];"[4240.06645328 4380.85260268 4297.97245647 4315.81088271 4374.00674823
 4386.31106076 4485.2441617  4660.80356953 4636.19648457 4746.02290673
 4864.99856869 4822.15270847 4813.4153869 ]";2016-01-10 12:00:00;2016-04-03 12:00:00
114;13;catboost_normal;0.025158076433004193;58.333333333333336;0.024810918656773748;290.9828925372553;0.024810807202709836;276.1686756298673;[11217.92, 11137.09, 11088.75, 11045.76, 10958.57, 11019.01, 10980.71, 11030.15, 10980.93, 10789.29, 10912.5, 10962.03, 10959.78];"[11252.28005349 11300.0274852  11383.95707094 11353.5504343
 11337.48734136 11317.54486536 11327.79124681 11272.13980423
 11230.96946507 11196.17528751 11224.46775981 11250.71452127
 11225.57744785]";2016-10-09 12:00:00;2017-01-01 12:00:00
100;13;catboost_normal;0.008225165813201343;50.0;0.00827262910057095;92.84122446392954;0.00827258550817218;78.49679030516731;[9583.004, 9623.976, 9493.588, 9450.511, 9487.825, 9487.206, 9442.81, 9434.762, 9556.53, 9573.369, 9577.529, 9469.859, 9583.214];"[9586.2907008  9528.64733456 9409.44507742 9387.74974164 9427.22741116
 9430.48650769 9413.99232135 9424.51485563 9444.07569271 9427.01968318
 9412.44834215 9416.38043766 9442.02002169]";2016-04-10 12:00:00;2016-07-03 12:00:00
129;13;catboost_normal;0.011032030161473432;41.666666666666664;0.011126972525705318;111.78757084208851;0.011126903588297855;89.79816247631774;[8071.95, 8090.95, 8094.86, 8104.19, 8096.97, 8118.01, 8096.07, 8122.26, 8131.68, 8155.36, 8165.85, 8143.28, 8165.9];"[8063.30344274 8100.36909886 8091.8395462  8081.35840254 8060.75149031
 8049.38055931 8016.27731461 8002.91153271 7964.45872373 7980.45674563
 7999.32062837 8004.27586991 7994.08873062]";2016-07-10 12:00:00;2016-10-02 12:00:00
143;13;catboost_normal;0.14369036947501693;50.0;0.15915240885642593;202.86199799791143;0.1591450762687181;172.76883279578945;[1005.48, 1152.75, 1113.19, 1035.17, 1124.86, 1122.3, 1147.56, 1215.37, 1191.06, 1226.87, 1298.58, 1187.11, 1237.65];"[1007.90073476 1014.01189597 1016.67616979 1027.91758684 1039.82120261
 1001.99487171  982.0961274   989.16044106  972.28220515  966.00462933
  939.99307485  931.91863242  927.01907129]";2014-10-12 12:00:00;2015-01-04 12:00:00
173;13;catboost_normal;0.005881558063471122;33.333333333333336;0.005877305453820149;19.045758006727326;0.005877200898014042;16.518726868286684;[2822.634, 2821.43, 2817.06, 2780.74, 2789.52, 2808.83, 2796.61, 2788.11, 2823.77, 2797.97, 2834.5, 2830.6, 2835.47];"[2815.47993627 2826.89787929 2824.33270934 2812.47011335 2812.35113482
 2810.64027994 2813.50539464 2815.66438829 2812.85121133 2808.3695716
 2809.02907555 2809.60402647 2809.22777236]";2016-10-09 12:00:00;2017-01-01 12:00:00
159;13;catboost_normal;0.0134799620813707;75.0;0.013615043002668272;127.18947726892523;0.013614954471135142;104.69083641234633;[7712.7568, 7711.6588, 7700.03, 7659.1417, 7713.9729, 7740.6657, 7735.0269, 7713.9178, 7794.8652, 7779.0563, 7778.8239, 7771.0227, 7809.4599];"[7693.2920022  7713.08648885 7672.64337681 7669.78198099 7640.70019726
 7652.06347872 7635.27226266 7600.92474584 7606.46363354 7582.38438155
 7616.11055328 7595.38893063 7605.44163398]";2016-01-10 12:00:00;2016-04-03 12:00:00
129;13;catboost_normal;0.01036163586836164;75.0;0.010441939213517323;101.642890130219;0.010441873815596671;83.36219356434657;[7994.94, 8009.65, 7976.93, 8019.26, 8011.5, 8048.89, 8015.13, 7976.52, 7990.48, 8072.79, 8081.67, 8072.48, 8061.65];"[7993.6246643  7990.31530453 7971.13234184 7974.23233937 7988.26967414
 7963.64138712 7920.10616507 7893.13555078 7893.1436708  7915.69487892
 7924.49102566 7913.73963202 7906.65484912]";2016-04-10 12:00:00;2016-07-03 12:00:00
173;13;catboost_normal;0.01039611168720926;41.666666666666664;0.010475415323297084;36.85768898624642;0.010475227569669381;29.222861043304945;[2782.011, 2798.325, 2780.529, 2798.434, 2759.175, 2788.809, 2818.731, 2808.79, 2756.902, 2793.177, 2844.196, 2820.302, 2806.132];"[2787.39498703 2784.89157339 2785.19236497 2778.56617234 2780.16431323
 2780.87071474 2778.77802686 2772.58562346 2770.71746054 2767.13898883
 2762.848416   2759.75403787 2756.41737873]";2016-07-10 12:00:00;2016-10-02 12:00:00
114;13;catboost_normal;0.014578955041185452;66.66666666666667;0.014670790723990964;216.89247414755303;0.014670724906654513;163.51175422419524;[11377.28, 11234.51, 11241.76, 11230.48, 11063.01, 10995.29, 10999.74, 11035.54, 11127.2, 11045.53, 11244.59, 11465.69, 11275.34];"[11379.5756309  11342.34165138 11293.62058973 11251.02531523
 11240.87424416 11211.68105181 11183.42744613 11192.31059554
 11138.59676953 10983.39548154 10947.3790455  10955.03861106
 10948.32735139]";2016-07-10 12:00:00;2016-10-02 12:00:00
143;13;catboost_normal;0.03234458908985674;41.666666666666664;0.03264555373995706;40.279448656231985;0.03264387988536768;31.875472123648198;[939.01, 938.08, 960.81, 910.06, 937.55, 967.8, 1022.04, 1026.08, 1001.07, 1022.24, 1010.3, 1043.81, 989.29];"[ 907.62799213  924.65186933  919.55010741  923.81621257  970.06841579
  935.27793649  945.2359525   959.53531487  992.88512203 1019.29595682
 1025.17233236 1051.62239812 1061.64203036]";2014-07-13 12:00:00;2014-10-05 12:00:00
173;13;catboost_normal;0.005008019662048052;25.0;0.005019232748428053;15.866035690842562;0.005019141852378218;13.858164710103456;[2736.742, 2764.087, 2766.359, 2745.202, 2744.501, 2764.57, 2762.149, 2744.135, 2793.8, 2768.345, 2774.57, 2785.796, 2784.946];"[2725.38114283 2739.10131419 2734.37409369 2742.27812503 2750.63859127
 2749.71818266 2755.68616465 2757.59528133 2774.34830257 2784.19472427
 2781.78085388 2772.68317186 2772.58281202]";2016-04-10 12:00:00;2016-07-03 12:00:00
100;13;catboost_normal;0.0072197755302430095;58.333333333333336;0.0072213228518254275;79.07240600921727;0.007221284336872327;67.699330837239;[9378.683, 9356.408, 9273.061, 9241.557, 9294.598, 9321.583, 9347.723, 9320.262, 9412.403, 9439.937, 9461.806, 9458.813, 9519.222];"[9369.64386705 9380.59816127 9381.36522483 9357.22701038 9388.27128734
 9366.31798279 9365.23730342 9357.76401474 9374.55512462 9371.4459053
 9373.61782749 9368.89848582 9374.20047361]";2016-01-10 12:00:00;2016-04-03 12:00:00
129;13;catboost_normal;0.007604598076634516;58.333333333333336;0.007641630096022316;68.54168692929989;0.007641581819447307;60.47895466928388;[7867.43, 7854.55, 7949.24, 7936.75, 7949.46, 7938.98, 7901.3, 7898.8, 7944.42, 7979.57, 7947.22, 7987.22, 7968.47];"[7865.29239026 7868.20915756 7870.01451694 7871.54113669 7874.25804463
 7875.13603167 7874.74948575 7874.70176322 7874.91959027 7877.06149281
 7877.94016508 7880.1315419  7880.54658762]";2016-01-10 12:00:00;2016-04-03 12:00:00
173;13;catboost_normal;0.0037947832523555192;75.0;0.0037979090884771136;12.295018611887492;0.0037978401571573572;10.462891191661479;[2752.899, 2784.554, 2783.795, 2776.33, 2742.646, 2745.945, 2757.488, 2739.031, 2721.654, 2738.034, 2735.601, 2722.462, 2738.043];"[2769.98872906 2768.86705745 2764.76117894 2752.85040213 2748.82855713
 2751.68111643 2749.9269237  2744.13822434 2737.47662275 2734.67728476
 2728.99846611 2727.31531538 2732.53766651]";2016-01-10 12:00:00;2016-04-03 12:00:00
101;13;catboost_normal;0.016076104340534057;66.66666666666667;0.01588753369732944;309.6075100972589;0.015887483903586803;253.47337061473738;[16004.79, 15859.41, 15729.3, 15616.87, 15749.81, 15642.21, 15716.89, 15789.79, 15961.13, 15986.34, 15871.65, 15813.95, 15743.94];"[15931.29593683 15892.07559489 15828.62336444 15933.82265202
 15956.66335533 15953.62261119 16037.47255005 16030.12782708
 16091.10263756 16097.86806993 16218.27518072 16181.4464411
 16481.84947053]";2016-10-09 12:00:00;2017-01-01 12:00:00
143;13;catboost_normal;0.08077019622802345;83.33333333333333;0.07585334152305599;97.58151108949352;0.07584962989999842;77.52601863607093;[959.64, 982.31, 1003.11, 1047.9, 1001.5, 1028.65, 1010.06, 1013.02, 935.93, 955.56, 968.81, 953.59, 917.16];"[ 971.5666417  1015.48076844 1027.26463134 1058.72338211 1035.42017768
 1041.16761313 1074.64919859 1088.16019016 1091.43228687 1095.81429402
 1102.28168535 1098.23804939 1084.87932348]";2014-04-13 12:00:00;2014-07-06 12:00:00
160;13;catboost_normal;0.015513362720696273;41.666666666666664;0.015662978880845002;213.9295007012867;0.01566291434146726;190.06289364112183;[12143.281, 12130.04, 12220.91, 12262.51, 12368.93, 12230.26, 12271.89, 12244.95, 12279.44, 12134.14, 12219.63, 12187.07, 12201.34];"[12093.37921976 12104.58290424 11981.35254547 12022.75412512
 12009.46779651 12021.683439   12001.56105663 11998.15051518
 12038.00986921 12083.53056875 12308.83562772 11974.54356607
 11964.13340445]";2016-10-09 12:00:00;2017-01-01 12:00:00
114;13;catboost_normal;0.01637828216178407;58.333333333333336;0.016460607690407452;193.28759492715344;0.016460533262214732;182.06533439887497;[10654.43, 10661.79, 10811.98, 11058.17, 11084.66, 11149.16, 11238.62, 11306.24, 11189.27, 11211.96, 11247.72, 11422.8, 11326.83];"[10896.6167544  10859.77594064 10887.38748985 10913.21111449
 10955.41409505 10929.84205775 10996.0587538  11021.50258965
 11080.52093009 11066.8475414  11123.52139734 11142.86504437
 11154.37731377]";2016-04-10 12:00:00;2016-07-03 12:00:00
130;13;catboost_normal;0.008131024327371323;75.0;0.008170590664585689;19.15889914220532;0.008170400556861534;17.557823455567394;[2161.865, 2166.713, 2152.117, 2152.923, 2163.772, 2170.279, 2156.83, 2153.923, 2159.431, 2164.374, 2153.369, 2154.844, 2158.018];"[2159.76543685 2152.50134764 2146.06228775 2145.68955773 2147.39228267
 2148.70130489 2137.55297756 2135.46959165 2136.33395059 2140.1223008
 2129.25503419 2128.3446013  2133.01562146]";2016-10-09 12:00:00;2017-01-01 12:00:00
174;13;catboost_normal;0.015389740020012258;41.666666666666664;0.015579575948924628;64.32644615307208;0.015579338232673904;51.05260750844585;[3258.4667, 3263.634, 3258.817, 3258.677, 3281.544, 3297.675, 3307.677, 3300.658, 3316.787, 3324.622, 3332.363, 3324.696, 3332.728];"[3262.81880375 3259.81626776 3251.10328977 3252.15669583 3250.07875354
 3269.4044805  3263.86232106 3245.85999999 3224.70497282 3222.04368117
 3244.85862731 3232.4713586  3224.18575778]";2016-10-09 12:00:00;2017-01-01 12:00:00
143;13;catboost_normal;0.06006843900657208;50.0;0.05766112678063716;71.27866697911807;0.05765840751754974;61.148461245638565;[1049.04, 1037.56, 1056.83, 1077.59, 1011.74, 1062.12, 1107.22, 1082.73, 1042.54, 1042.6, 999.34, 1011.11, 960.27];"[1095.32047765 1098.48124608 1102.8430178  1103.94254855 1105.09510785
 1103.66170887 1103.92507681 1104.07346848 1100.61338387 1101.37203648
 1104.01994797 1103.33218801 1102.3499414 ]";2014-01-12 12:00:00;2014-04-06 12:00:00
160;13;catboost_normal;0.025499448957406617;41.666666666666664;0.025968744982010874;364.1323809610983;0.025968634493561057;305.18246394694927;[11629.161, 11595.765, 11683.893, 11734.478, 11798.432, 11815.579, 11861.627, 11889.004, 12020.34, 12052.942, 12008.797, 12049.531, 12085.54];"[11611.39283143 11598.43121982 11595.95191601 11579.88173365
 11594.20949373 11578.41658165 11550.1023022  11555.62144997
 11547.49191108 11566.94524416 11519.54164026 11496.08641391
 11468.97667046]";2016-07-10 12:00:00;2016-10-02 12:00:00
101;13;catboost_normal;0.012785492839605868;75.0;0.012939925116294857;279.3949916371706;0.012939883761880103;202.46246929066308;[15601.72, 15508.59, 15404.53, 15569.41, 15577.6, 15499.95, 15477.6, 15508.78, 16183.85, 15732.0, 15771.03, 15816.97, 15936.21];"[15522.26545314 15456.76384049 15452.1931837  15378.53196031
 15491.78228939 15421.86669128 15352.73254741 15410.54079803
 15409.7913477  15399.72881778 15611.01015224 15449.80557695
 15694.5416082 ]";2016-07-10 12:00:00;2016-10-02 12:00:00
174;13;catboost_normal;0.015308090160319424;58.333333333333336;0.015476973561317543;59.37705387248275;0.015476732231510665;49.62830691685436;[3185.77, 3180.5499, 3170.2346, 3185.7978, 3219.3595, 3229.3047, 3227.9486, 3222.9398, 3254.5412, 3268.3911, 3263.7295, 3227.901, 3248.9094];"[3182.23837664 3184.23273358 3162.91834329 3163.16490668 3176.03409788
 3181.3706922  3183.36691854 3173.90725198 3169.11326429 3168.15180797
 3169.98352955 3166.37276032 3166.72009434]";2016-07-10 12:00:00;2016-10-02 12:00:00
130;13;catboost_normal;0.013329216327151481;41.666666666666664;0.01343319210380866;30.86215787520705;0.013432876874242317;28.62152176979327;[2138.992, 2144.452, 2124.969, 2133.621, 2145.862, 2152.094, 2139.189, 2143.017, 2155.112, 2159.184, 2145.981, 2142.848, 2148.692];"[2127.06870001 2122.97599751 2119.10094409 2115.64748921 2119.38075419
 2117.8639261  2113.31738122 2112.39825404 2113.42710744 2111.62330285
 2108.8356982  2110.69144031 2109.60222183]";2016-07-10 12:00:00;2016-10-02 12:00:00
114;13;catboost_normal;0.02355350320014989;50.0;0.02389932305828983;288.40658085052297;0.02389921312185707;259.78947727887135;[10867.6, 10925.67, 10925.71, 11132.51, 11168.9, 11184.5, 10954.42, 11064.21, 10988.77, 10910.27, 10948.92, 10961.37, 10881.51];"[10871.38321367 10799.10155808 10813.70990821 10773.79850064
 10751.58935167 10744.63922996 10838.02535306 10761.68245163
 10669.65017107 10609.92118329 10632.11161251 10677.98906017
 10601.06162875]";2016-01-10 12:00:00;2016-04-03 12:00:00
160;13;catboost_normal;0.015774237829069008;58.333333333333336;0.015917650275723408;195.03127685641277;0.015917580791576815;182.32341766269158;[11388.621, 11434.196, 11465.325, 11511.577, 11613.052, 11555.696, 11534.1, 11571.439, 11630.976, 11544.205, 11531.913, 11561.337, 11590.938];"[11350.16050445 11359.79269957 11357.01966125 11360.29792019
 11357.30522416 11356.73117081 11354.37740109 11355.57478972
 11350.79333757 11346.20090668 11339.74095338 11338.79319863
 11336.38280288]";2016-04-10 12:00:00;2016-07-03 12:00:00
101;13;catboost_normal;0.006252876031935086;25.0;0.0062687443249333005;125.21321191572474;0.006268723854772707;95.991521143207;[15178.61, 15155.43, 15150.01, 15370.32, 15349.48, 15194.97, 15138.44, 15137.29, 15353.57, 15276.93, 15291.02, 15317.61, 15651.78];"[15125.41210192 15137.64524017 15154.9040121  15181.62219097
 15212.47998813 15263.55475795 15266.05078772 15279.12823859
 15321.19163727 15339.50974316 15364.62103902 15351.31208831
 15345.75973352]";2016-04-10 12:00:00;2016-07-03 12:00:00
144;13;catboost_normal;0.1743133857215634;41.666666666666664;0.19634444402439183;2057.1588174862127;0.19634335747110757;1775.2758703013485;[8345.9, 9654.6, 8929.2, 8681.6, 9187.9, 9169.4, 9726.4, 10199.3, 10397.5, 10589.6, 10966.5, 10340.4, 10782.0];"[8869.92223271 8583.05122304 8593.59444104 8386.94486926 7982.0785155
 8162.68736377 7754.28073647 7979.23217473 7701.2641075  7727.50866895
 7893.70046014 7809.75472358 7495.73863481]";2014-10-12 12:00:00;2015-01-04 12:00:00
174;13;catboost_normal;0.004269427716920851;91.66666666666667;0.004286370101719867;18.747179004991438;0.004286302090575616;13.50728977936702;[3161.1727, 3167.2172, 3136.5161, 3117.0533, 3135.9904, 3142.6509, 3132.3188, 3140.7512, 3167.3835, 3169.939, 3175.0242, 3149.6855, 3176.9587];"[3156.7328332  3157.92391339 3136.18305382 3125.55324445 3126.28576757
 3145.73847563 3128.91156595 3134.61551887 3128.33855424 3133.84742701
 3150.39319376 3146.98039444 3148.73783069]";2016-04-10 12:00:00;2016-07-03 12:00:00
130;13;catboost_normal;0.008657209023846922;66.66666666666667;0.008710488299550586;21.83849446506168;0.008710281542803127;18.34790853690167;[2101.551, 2095.635, 2092.885, 2100.288, 2112.23, 2119.005, 2108.442, 2112.579, 2118.974, 2127.32, 2120.164, 2117.442, 2131.2];"[2098.15255942 2096.34989363 2094.10735626 2093.11580724 2095.50653885
 2095.52218424 2092.99591909 2092.70560762 2093.70264395 2094.22589163
 2092.0405581  2092.42420763 2092.21752114]";2016-04-10 12:00:00;2016-07-03 12:00:00
160;13;catboost_normal;0.017923827403690893;66.66666666666667;0.018139021229570878;236.04140972489816;0.018138940093687016;202.76651731190142;[11377.393, 11299.561, 11271.014, 11291.277, 11395.629, 11345.671, 11275.293, 11327.971, 11307.421, 11261.42, 11276.549, 11329.373, 11342.245];"[11369.79726582 11346.36604474 11353.55231594 11234.36531877
 11246.82616617 11128.92358997 11120.54542723 11020.84237347
 10982.03101331 10947.24471573 10978.48813979 10959.4211199
 11035.13550547]";2016-01-10 12:00:00;2016-04-03 12:00:00
115;13;catboost_normal;0.04446758286580585;66.66666666666667;0.04308777287651379;763.188567420476;0.04308762616095342;632.8881677868135;[14539.1, 14894.1, 13984.77, 13907.03, 14293.59, 14685.26, 15017.67, 14100.07, 14408.13, 14676.51, 15205.38, 13875.72, 14094.91];"[14559.94499245 14629.96392857 14782.29068679 14355.11074873
 14840.37498594 15016.27470574 15356.18401869 15005.98819104
 15387.88723523 15433.11043181 15310.03811169 15386.05770824
 15318.28829347]";2016-10-09 12:00:00;2017-01-01 12:00:00
174;13;catboost_normal;0.010719893868474106;50.0;0.010812131238606899;42.56703186496299;0.010811956749744004;33.498127074360056;[3094.1697, 3092.8666, 3081.7609, 3074.4907, 3091.6531, 3100.713, 3102.2318, 3102.6061, 3125.2428, 3132.3427, 3127.9013, 3130.5322, 3151.0694];"[3100.55944351 3096.18089473 3088.02051324 3080.39393404 3073.28156953
 3079.21555702 3078.73506881 3074.11756517 3064.0127007  3071.08811999
 3071.80528905 3072.52473868 3065.90302462]";2016-01-10 12:00:00;2016-04-03 12:00:00
101;13;catboost_normal;0.009754224446313634;66.66666666666667;0.009698275064253822;188.46557315373988;0.009698243313498122;148.1208046318832;[15449.61, 15304.86, 15100.78, 15093.37, 15292.43, 15161.31, 15096.82, 15239.91, 15202.63, 15158.41, 15210.14, 15103.03, 15064.41];"[15234.81881027 15177.09697522 15188.762886   15175.3569159
 15282.29865523 15157.61203719 15153.05939254 15219.23558401
 15351.00342953 15396.96590632 15589.51000311 15337.97958859
 15385.46440014]";2016-01-10 12:00:00;2016-04-03 12:00:00
144;13;catboost_normal;0.0890829804771022;66.66666666666667;0.09436137598797284;865.1915266507478;0.09436074625735641;709.0391206281669;[6612.9, 6733.7, 6961.7, 6449.8, 7001.2, 7321.4, 7482.6, 7648.2, 7873.0, 8378.0, 8331.4, 8692.4, 8591.8];"[6636.26446001 6839.57147467 7032.49494539 7079.59124201 7122.82833084
 6837.10079779 6837.83951927 6707.80472099 6853.63284289 7044.09189993
 7180.84849823 7327.04536884 7264.37823681]";2014-07-13 12:00:00;2014-10-05 12:00:00
161;13;catboost_normal;0.028693130431910217;41.666666666666664;0.02918348436936137;144.07563776853632;0.029183160317511576;131.41260870152726;[4442.515, 4415.65, 4497.27, 4511.69, 4605.04, 4628.86, 4616.3, 4556.38, 4575.07, 4543.27, 4572.74, 4569.87, 4638.31];"[4466.66573714 4461.78750023 4429.6308843  4437.39193523 4439.51395432
 4435.17762294 4430.84056384 4416.88897205 4408.2758759  4428.4682856
 4409.65758551 4426.39809897 4414.48054559]";2016-10-09 12:00:00;2017-01-01 12:00:00
130;13;catboost_normal;0.009465334519267262;58.333333333333336;0.009521945069323507;22.452791001810102;0.009521716302366322;19.81614879226219;[2094.086, 2086.436, 2085.112, 2084.52, 2092.794, 2096.451, 2089.494, 2086.462, 2095.006, 2098.583, 2093.239, 2091.211, 2099.402];"[2099.65907037 2091.59655521 2088.632737   2076.66396055 2073.23588483
 2071.43292537 2069.18284854 2062.59312025 2060.10323244 2063.27560533
 2067.21908046 2068.55471296 2071.54505755]";2016-01-10 12:00:00;2016-04-03 12:00:00
115;13;catboost_normal;0.03413161653377728;41.666666666666664;0.03354939277897861;670.8890188624828;0.033549280010687285;499.2410542017776;[15033.27, 14544.34, 14310.3, 14424.55, 15381.49, 15189.01, 15447.65, 14757.86, 14574.29, 15841.03, 15664.6, 14199.26, 14112.31];"[14170.23104399 14829.62133982 14081.77455911 14343.83108018
 14970.36538942 15284.23299155 14860.75997925 15032.12992532
 15159.64666959 15612.24370099 15748.38659896 15320.18003834
 15758.52189399]";2016-07-10 12:00:00;2016-10-02 12:00:00
102;13;catboost_normal;0.032140279336965526;50.0;0.0324513592007699;151.44831953882013;0.032450964869271445;133.5734140009936;[4153.94, 4375.42, 4063.47, 3975.35, 4202.22, 4212.67, 4171.08, 4025.43, 4260.1, 4159.33, 4272.43, 3968.74, 3905.78];"[4052.38562594 4153.9660408  4099.92327366 4118.18091049 4142.36048494
 4116.65965419 4019.61282616 4011.43798825 3992.66477405 4028.46819206
 4069.57724456 4087.2785612  4098.92446763]";2016-10-09 12:00:00;2017-01-01 12:00:00
131;13;catboost_normal;0.018108817894464224;50.0;0.018301990453848928;451.0660919362624;0.018301950335964955;417.4741975765764;[22735.69, 22695.8, 22873.78, 22912.73, 23157.6, 23052.45, 23109.41, 23066.29, 23133.89, 22943.61, 23070.07, 23056.38, 23135.75];"[22622.84598291 22613.5450333  22608.17917314 22609.00442896
 22607.3789193  22598.66426659 22593.51553005 22584.6303304
 22578.01057356 22565.08690947 22545.48650287 22509.06552479
 22480.87225615]";2016-10-09 12:00:00;2017-01-01 12:00:00
175;13;catboost_normal;0.029465729388454934;75.0;0.028988756173921878;78.65014242325125;0.02898818261198877;73.25876368066632;[2549.213, 2475.26, 2459.08, 2490.54, 2515.97, 2480.48, 2485.86, 2469.92, 2502.86, 2485.63, 2467.43, 2481.02, 2574.63];"[2531.423131   2575.60312242 2548.27477234 2611.36041478 2579.93336039
 2575.86137832 2583.44191231 2555.13265188 2565.02406148 2556.56250544
 2545.22627679 2520.04206344 2542.46846073]";2016-10-09 12:00:00;2017-01-01 12:00:00
161;13;catboost_normal;0.04207068609813424;41.666666666666664;0.04309948859475489;193.9136925088025;0.04309897616145386;181.2661601988141;[4176.736, 4255.699, 4257.825, 4271.32, 4271.992, 4248.098, 4244.582, 4261.749, 4257.246, 4261.1, 4353.067, 4391.658, 4450.926];"[4132.56987642 4127.81096069 4119.80618703 4118.50008485 4107.92698175
 4089.71286186 4078.28399608 4075.11598822 4084.50983176 4076.39767241
 4096.87487657 4114.90286325 4123.12573653]";2016-07-10 12:00:00;2016-10-02 12:00:00
144;13;catboost_normal;0.12406772293912728;66.66666666666667;0.11364214156947808;1017.9808778506801;0.11364137198957278;839.7528481667588;[6769.1, 6606.9, 6647.3, 7135.8, 6836.9, 7122.7, 7206.8, 7314.6, 6467.3, 6717.3, 6799.9, 6797.4, 6503.4];"[6905.84423513 6929.46516599 6726.57184344 7111.90798683 7541.95333201
 7653.42947819 8127.93396253 8072.83526907 8024.03451273 8036.74132821
 8254.80054374 8231.56633144 8177.31901052]";2014-04-13 12:00:00;2014-07-06 12:00:00
115;13;catboost_normal;0.02947597520784597;41.666666666666664;0.02994734444316355;546.0117012452439;0.029947243824730956;445.8891467553876;[15582.15, 15746.62, 14762.67, 14224.49, 14608.29, 14802.78, 14372.92, 14396.51, 15153.66, 15495.36, 15505.49, 14374.55, 14083.09];"[15062.87252072 14801.41163732 14673.8603071  14584.41659732
 14501.97286736 14496.77136046 14616.92759089 14518.87091819
 14519.86008582 14485.52929716 14664.47500446 14491.22144031
 14586.41544152]";2016-04-10 12:00:00;2016-07-03 12:00:00
131;13;catboost_normal;0.01879065129133691;50.0;0.01900636411564672;462.62599718033806;0.019006321108093995;419.98228742592676;[21966.53, 22008.26, 22067.83, 22120.85, 22192.8, 22182.09, 22186.67, 22224.32, 22396.65, 22425.54, 22481.75, 22525.55, 22610.86];"[21851.8640585  21833.64129224 21848.46351795 21846.2523697
 21844.09489911 21825.63959137 21821.02729114 21817.83881395
 21820.15175836 21842.19967197 21858.09957255 21861.28398609
 21859.37344054]";2016-07-10 12:00:00;2016-10-02 12:00:00
161;13;catboost_normal;0.02301857428862036;41.666666666666664;0.023335238347445757;107.33828773428553;0.023334952372002678;95.20838795052714;[4042.743, 4128.901, 4098.612, 4112.28, 4143.668, 4135.746, 4167.001, 4153.533, 4163.7, 4140.433, 4109.971, 4099.753, 4134.5];"[4029.43305174 3998.52575132 3990.0232597  3999.3225736  4004.536466
 4003.88151704 4035.3886033  4045.79034195 3999.24267482 4041.01506171
 4104.21864706 4169.84007951 4156.91191209]";2016-04-10 12:00:00;2016-07-03 12:00:00
144;13;catboost_normal;0.05322777755937055;75.0;0.05137505436925583;444.47508858239917;0.05137471509831239;389.7467766664327;[8014.6, 7882.3, 8058.8, 8086.8, 7570.5, 7523.1, 7883.3, 7536.7, 7278.2, 7310.1, 6938.1, 7222.5, 6717.0];"[8247.87064378 8173.7318852  8192.63084125 8361.17082481 8121.48119364
 8035.61219016 7975.09743636 7825.67148129 7674.26285619 7704.24499559
 7627.50927797 7546.32397657 7603.10049384]";2014-01-12 12:00:00;2014-04-06 12:00:00
175;13;catboost_normal;0.028122342372379205;58.333333333333336;0.028564734419386464;89.75660033086015;0.02856416068353512;71.12114856015975;[2538.591, 2465.719, 2458.854, 2582.382, 2534.688, 2483.303, 2474.566, 2485.269, 2639.618, 2529.635, 2510.189, 2462.012, 2534.925];"[2530.57478953 2546.06349692 2550.67417095 2598.01344021 2524.92980743
 2444.87073367 2454.72619294 2421.47695352 2436.67403576 2391.30801674
 2422.91413979 2404.13267668 2424.40983073]";2016-07-10 12:00:00;2016-10-02 12:00:00
102;13;catboost_normal;0.02276506738275628;58.333333333333336;0.02329104663599411;137.1072993009472;0.023290763135924313;95.69590182503963;[4130.96, 4073.05, 3972.65, 4030.66, 4034.13, 4152.84, 3982.47, 3967.36, 4256.92, 4324.36, 4256.24, 3968.39, 4074.83];"[4003.61846587 4068.63644365 3977.95433154 4001.84251602 4015.44624452
 4008.65155839 4021.09776229 3939.24545466 4031.81358333 3992.89966645
 4059.33021703 3924.80018102 4023.34103916]";2016-07-10 12:00:00;2016-10-02 12:00:00
145;13;catboost_normal;0.01191438066674193;58.333333333333336;0.01203682351482125;108.85571105607373;0.012036734972441223;81.81730013922453;[6801.5412, 6826.213, 6737.471, 6733.834, 6810.25, 6824.878, 6855.421, 6783.048, 6832.483, 6856.145, 6914.958, 6859.368, 6934.528];"[6790.97255481 6774.84703251 6728.24979669 6696.69588191 6719.71604112
 6736.01723822 6839.64018809 6831.35696747 6820.48817606 6736.1538151
 6725.01189674 6711.93249461 6692.0491498 ]";2016-10-09 12:00:00;2017-01-01 12:00:00
131;13;catboost_normal;0.01306176841830948;50.0;0.013158618147559356;303.7232773885806;0.013158587869360779;285.9309398130275;[21646.43, 21779.1, 21755.33, 21818.08, 21971.97, 21907.54, 21911.04, 21934.74, 22015.12, 21890.76, 21831.24, 21841.96, 21859.92];"[21599.28182915 21602.98048886 21564.46390496 21594.12943775
 21598.02721033 21594.15415083 21580.06068822 21568.36379051
 21556.56728109 21581.54647921 21573.30140252 21536.15947958
 21497.09163941]";2016-04-10 12:00:00;2016-07-03 12:00:00
175;13;catboost_normal;0.018156242900237776;66.66666666666667;0.01815505477652385;55.54286797125725;0.0181546856244866;44.64978177086032;[2401.784, 2393.09, 2441.651, 2529.673, 2454.826, 2416.499, 2387.372, 2518.979, 2541.325, 2436.31, 2447.384, 2455.119, 2546.471];"[2468.30815078 2468.89049436 2473.42000386 2484.18777798 2478.72696527
 2450.71022577 2467.12128613 2482.25670462 2521.91736239 2429.74907889
 2423.87741676 2464.04690498 2418.5895275 ]";2016-04-10 12:00:00;2016-07-03 12:00:00
161;13;catboost_normal;0.021447743185473964;75.0;0.021724750736388857;95.48073818961377;0.021724480959789495;87.47533778900655;[4010.661, 4066.955, 4058.078, 4049.368, 4117.538, 4098.131, 4073.432, 4078.808, 4120.148, 4102.907, 4054.254, 4026.168, 4018.65];"[3940.54690356 3949.06582875 3948.68523938 3948.54689929 3969.87544812
 3971.60305971 3980.21569257 4003.94551287 4006.45015772 4004.20320261
 4009.70439692 4009.35364272 3995.72262455]";2016-01-10 12:00:00;2016-04-03 12:00:00
102;13;catboost_normal;0.020159956631890442;50.0;0.02026740142249816;93.66030062970945;0.02026714709749557;80.76863559351176;[3917.12, 4033.26, 3880.7, 4076.48, 4001.72, 4081.5, 3929.13, 4002.06, 4003.21, 4055.11, 4053.65, 3817.35, 4127.44];"[3924.32661552 3937.03917084 3938.03884815 3935.85435878 3946.92993718
 3948.75935211 3950.70523392 3952.50341238 3959.89983308 3974.77998864
 3984.20677614 3987.10666184 4000.34226756]";2016-04-10 12:00:00;2016-07-03 12:00:00
115;13;catboost_normal;0.03516125860848088;75.0;0.03444480381747901;556.5269871929003;0.0344446874037829;509.93870498573847;[14245.59, 14444.76, 13992.03, 13864.97, 14136.56, 14481.99, 14818.47, 14495.93, 14910.0, 14857.51, 14819.02, 14685.3, 14784.55];"[14483.7053809  14902.21088697 14435.45657474 14454.87273351
 14765.2218728  15098.87381705 15107.52474878 15055.88485951
 15430.37607712 15780.12526548 15637.55628142 15184.18486496
 14829.88980158]";2016-01-10 12:00:00;2016-04-03 12:00:00
131;13;catboost_normal;0.006590252041418873;66.66666666666667;0.006617477964519851;158.7504830202282;0.006617462547899449;142.02526140181084;[21537.75, 21505.14, 21430.38, 21431.14, 21641.6, 21560.21, 21473.81, 21537.83, 21563.26, 21516.38, 21505.4, 21559.11, 21568.4];"[21420.78264909 21423.94868411 21419.66742259 21407.84760764
 21404.63358512 21401.69763132 21390.52173287 21363.73204701
 21368.99440917 21352.93566973 21342.77161368 21343.13890466
 21343.40964479]";2016-01-10 12:00:00;2016-04-03 12:00:00
145;13;catboost_normal;0.010443886363581548;75.0;0.010518024746710992;85.29410305823993;0.010517945964629764;70.21283741014443;[6690.6209, 6651.4766, 6600.5347, 6616.5441, 6714.3937, 6700.2156, 6734.7003, 6659.8431, 6726.7894, 6778.4501, 6791.9864, 6664.8114, 6704.381];"[6699.05687431 6668.23410031 6647.29161409 6651.10520464 6685.95974511
 6651.58575296 6638.47695168 6593.63693681 6591.00133561 6625.62038594
 6640.01069573 6625.98304021 6617.04076297]";2016-07-10 12:00:00;2016-10-02 12:00:00
175;13;catboost_normal;0.0224526238416423;58.333333333333336;0.022203030697454676;60.430715034062175;0.022202572014914344;53.75289732359481;[2475.148, 2362.053, 2452.2, 2475.801, 2415.274, 2326.515, 2388.865, 2394.474, 2381.082, 2322.133, 2385.252, 2445.047, 2494.068];"[2518.76645962 2465.54707251 2520.11847242 2459.96495566 2436.58159681
 2403.56443097 2442.13174294 2426.84033159 2428.29398041 2402.13487196
 2462.60825544 2436.66522476 2423.08936905]";2016-01-10 12:00:00;2016-04-03 12:00:00
102;13;catboost_normal;0.04121149170362926;41.666666666666664;0.04013679821772698;183.88155739103502;0.040136299299313054;161.47289384259608;[3813.12, 3919.49, 4011.58, 3865.34, 3953.25, 3975.94, 4047.6, 3915.64, 4102.57, 4018.91, 3932.45, 3864.65, 3921.47];"[4000.473985   4047.83631496 4039.43048465 4062.30164538 4072.60366541
 4112.97918047 4109.9789493  4116.02048676 4115.44511543 4204.3010635
 4208.01910012 4168.64750286 4183.12012612]";2016-01-10 12:00:00;2016-04-03 12:00:00
162;13;catboost_normal;0.01005720965825681;66.66666666666667;0.010118613210259062;42.28432123412779;0.01011848005525038;38.44608478675424;[3806.6, 3812.9, 3801.8, 3787.0, 3826.0, 3831.2, 3817.2, 3802.3, 3799.9, 3852.0, 3840.2, 3822.6, 3798.4];"[3780.87987112 3788.55221818 3780.18917758 3770.68733289 3760.64244899
 3774.42528522 3775.18562982 3771.48740753 3773.91619475 3782.58026744
 3783.545606   3779.16902246 3777.0404358 ]";2016-10-09 12:00:00;2017-01-01 12:00:00
103;13;catboost_normal;0.04179414037601613;25.0;0.04077217020064023;45.16194948530225;0.04077016155418518;41.38004212580469;[1026.84, 1019.01, 1009.31, 1003.54, 1007.61, 1004.8, 998.68, 991.28, 991.98, 988.73, 979.2, 976.82, 968.28];"[1035.28570865 1036.19796257 1035.8293642  1037.67478722 1037.92715262
 1038.02541696 1039.24599428 1039.88381478 1040.59627971 1040.59627971
 1040.90078128 1040.91263553 1040.94437014]";2016-10-09 12:00:00;2017-01-01 12:00:00
116;13;catboost_normal;0.02882016806020368;33.333333333333336;0.029667542689291067;298.18902071713757;0.029667333864977805;210.75191776801876;[7037.56, 7043.25, 7026.12, 7062.94, 7075.16, 7057.07, 7064.06, 7097.6, 7249.93, 7267.89, 7328.08, 7388.03, 7480.86];"[7051.66171312 7042.34277872 7014.5491199  7037.82006631 7036.85074892
 6988.58034333 6955.8178003  6925.39415967 6919.74647711 6884.70666206
 6875.81113745 6857.13517288 6876.56231548]";2016-10-09 12:00:00;2017-01-01 12:00:00
132;13;catboost_normal;0.006833480456791681;75.0;0.006868245147475352;118.8086334585165;0.006868220440898377;95.46641545419781;[13883.352, 13943.084, 13817.27, 13799.658, 13890.442, 13929.041, 13978.179, 13895.258, 13956.526, 13983.295, 14057.238, 13958.295, 14011.606];"[13874.02874797 13883.38084262 13870.79736154 13820.5099813
 13912.14429337 13933.06651423 13853.97661646 13801.64574427
 13801.33632614 13873.36161597 13854.23907722 13764.97918727
 13818.92859159]";2016-10-09 12:00:00;2017-01-01 12:00:00
176;13;catboost_normal;0.029839424793393396;66.66666666666667;0.030346452857808372;232.08029159523375;0.030346228477179382;205.24082596292834;[6695.8, 6817.0, 6581.7, 6559.6, 6994.5, 6919.5, 7022.6, 6730.5, 6817.8, 7027.7, 6955.2, 6793.9, 6499.6];"[6582.16600433 6619.0077808  6646.55714268 6646.5147315  6650.88927915
 6647.45261945 6642.52040664 6643.14722063 6646.44789624 6659.46126407
 6664.40026554 6658.60682532 6655.55842551]";2016-10-09 12:00:00;2017-01-01 12:00:00
145;13;catboost_normal;0.01616693307727866;33.333333333333336;0.016342351484077415;123.26612593009001;0.016342226511538202;106.85346164496332;[6631.5933, 6660.4112, 6563.2088, 6533.3699, 6584.7813, 6570.573, 6526.2261, 6510.7385, 6631.3287, 6640.9952, 6651.4179, 6577.1613, 6631.7494];"[6624.77120166 6578.9640219  6492.07155781 6476.38960427 6466.27033598
 6473.63193105 6474.91071064 6478.97536558 6464.08123573 6455.1349096
 6443.86081298 6439.32738422 6456.0705272 ]";2016-04-10 12:00:00;2016-07-03 12:00:00
162;13;catboost_normal;0.01380271510516028;41.666666666666664;0.013930648572892333;60.424000108343066;0.01393046336509074;52.390819199898345;[3804.0, 3799.0, 3799.0, 3779.3, 3817.9, 3789.3, 3785.8, 3783.6, 3757.6, 3805.9, 3803.5, 3792.4, 3770.5];"[3767.22137947 3768.95520867 3758.3053398  3729.28915206 3695.04759365
 3697.47811773 3694.81703174 3735.19467279 3746.23076693 3762.16794345
 3761.0507282  3741.01870467 3749.94271125]";2016-07-10 12:00:00;2016-10-02 12:00:00
116;13;catboost_normal;0.02868429961411267;66.66666666666667;0.02922412711746684;228.62707316662798;0.029223914991426403;201.3067037498715;[6924.55, 6917.89, 6917.15, 6975.45, 6973.4, 6972.47, 6979.66, 7015.23, 7060.48, 7046.22, 7029.97, 7022.7, 7065.51];"[6900.96268679 6860.57323976 6852.92747192 6855.35752818 6834.92846879
 6808.31058117 6769.83541785 6751.16521855 6729.8905358  6716.74806814
 6714.02807119 6718.63633751 6770.3292256 ]";2016-07-10 12:00:00;2016-10-02 12:00:00
145;13;catboost_normal;0.007458990812862592;75.0;0.007457908349426922;53.03207752866387;0.0074578508027587824;48.32711132732423;[6484.3939, 6466.0162, 6410.1658, 6391.301, 6439.7227, 6444.9281, 6475.271, 6438.518, 6513.0638, 6522.458, 6521.0447, 6524.1933, 6576.4185];"[6461.60888496 6474.91436723 6448.80399203 6469.42236804 6486.08106876
 6492.58586716 6517.4124895  6507.51526337 6476.23867274 6485.09400048
 6446.60134208 6485.4241358  6489.16533279]";2016-01-10 12:00:00;2016-04-03 12:00:00
162;13;catboost_normal;0.022809228825180675;41.666666666666664;0.023097189435253275;89.8792247876133;0.023096878908889888;85.89939597689153;[3737.8, 3738.6, 3735.6, 3727.7, 3766.3, 3766.9, 3766.4, 3759.8, 3764.6, 3799.8, 3794.2, 3784.2, 3744.6];"[3695.52397503 3689.82838889 3674.71529804 3654.9196553  3659.98526124
 3651.05435694 3654.20789138 3681.88220051 3667.87444986 3688.22250964
 3677.62379356 3683.49453631 3690.47553561]";2016-04-10 12:00:00;2016-07-03 12:00:00
132;13;catboost_normal;0.009516633813858356;66.66666666666667;0.009574433891577092;150.7995455448431;0.009574399015341706;131.42254149789719;[13746.444, 13689.477, 13622.711, 13662.473, 13770.744, 13774.31, 13786.086, 13724.608, 13813.543, 13913.53, 13920.51, 13759.023, 13811.382];"[13689.24612232 13725.73675351 13681.40165198 13597.0921809
 13665.31305851 13685.7653858  13657.85348932 13590.08865041
 13647.63175477 13682.32860311 13616.2116104  13613.36504257
 13624.21446789]";2016-07-10 12:00:00;2016-10-02 12:00:00
103;13;catboost_normal;0.0671183757130715;41.666666666666664;0.06445587408017148;78.44447228669583;0.06445295128469905;71.07607218855868;[1133.7, 1121.59, 1105.35, 1088.87, 1086.73, 1082.69, 1067.05, 1063.85, 1053.61, 1055.13, 1042.17, 1033.19, 1029.99];"[1146.3392666  1143.09434119 1138.18654376 1141.85200823 1146.5204458
 1145.8479046  1142.76376579 1144.77472686 1149.63835469 1145.74350406
 1145.02741367 1146.61204688 1151.50861631]";2016-07-10 12:00:00;2016-10-02 12:00:00
176;13;catboost_normal;0.06085258643571316;50.0;0.06344575923113939;474.36887700800867;0.06344526496148227;407.2304409398642;[6516.07, 6396.67, 6548.48, 6506.32, 6497.97, 6451.05, 6636.65, 6599.57, 6828.42, 6860.83, 6863.61, 6692.13, 6523.13];"[6360.56761108 6377.54178768 6351.75399186 6309.38486832 6203.8431054
 6243.97374025 6136.699446   6111.93680336 6044.09832198 6110.3943638
 6127.95557595 6109.86066871 6138.8939834 ]";2016-07-10 12:00:00;2016-10-02 12:00:00
132;13;catboost_normal;0.010191395737721902;50.0;0.010261910683520784;161.1799028962879;0.010261872699533827;138.62091397634757;[13529.502, 13579.08, 13461.679, 13440.373, 13522.734, 13544.049, 13480.044, 13501.836, 13624.36, 13674.106, 13691.483, 13584.285, 13648.901];"[13491.85007379 13452.445248   13456.59357983 13363.71167863
 13391.45491352 13396.980146   13439.67621508 13399.09500533
 13421.16186466 13401.55626877 13467.10405661 13405.95893401
 13392.77213407]";2016-04-10 12:00:00;2016-07-03 12:00:00
146;13;catboost_normal;0.07190762528347686;50.0;0.06832525324225705;10.067501073265415;0.06829675406483782;8.18863294496544;[120.66, 117.59, 111.32, 110.66, 110.46, 111.68, 120.32, 117.41, 125.32, 121.24, 112.52, 122.99, 118.27];"[126.52673883 125.9387746  128.2008641  128.4829456  127.88898939
 125.44564286 123.81614772 122.39151623 120.77021017 119.26767707
 118.84979108 119.1882892  119.47699432]";2016-10-09 12:00:00;2017-01-01 12:00:00
103;13;catboost_normal;0.018979426088644575;41.666666666666664;0.018740698391059782;25.4997689187553;0.01873988847889988;21.682406682892545;[1160.74, 1154.77, 1139.44, 1135.27, 1151.71, 1151.35, 1130.89, 1128.69, 1150.58, 1161.25, 1150.61, 1141.15, 1147.55];"[1149.62009107 1152.17748395 1149.85057621 1159.37190219 1163.02056092
 1165.56750669 1165.50005704 1165.54850434 1165.49778881 1169.42462586
 1178.2020853  1184.92925208 1189.73600246]";2016-04-10 12:00:00;2016-07-03 12:00:00
116;13;catboost_normal;0.018750552181919806;50.0;0.018686343055381534;145.5579855970589;0.018686204949429228;126.4213934841333;[6618.47, 6630.38, 6653.14, 6698.79, 6673.77, 6679.76, 6677.57, 6719.75, 6774.22, 6756.53, 6776.82, 6886.35, 6942.99];"[6701.22576506 6728.29086755 6768.2859915  6803.52600072 6872.57733922
 6893.49994638 6864.05035166 6828.92824745 6799.60874911 6764.06830245
 6714.07326375 6697.19363142 6693.09655063]";2016-04-10 12:00:00;2016-07-03 12:00:00
162;13;catboost_normal;0.00992435659840991;50.0;0.009980883751820368;41.34708460961548;0.009980748629922773;36.86279665525679;[3681.1, 3688.2, 3687.4, 3673.6, 3717.1, 3715.6, 3707.2, 3697.7, 3731.7, 3745.5, 3738.8, 3725.7, 3684.7];"[3710.0579431  3697.35178862 3673.27296767 3622.46545037 3660.44679455
 3663.2878913  3667.68113843 3679.5482013  3668.1352343  3692.40643605
 3686.14691566 3695.19441984 3694.09207427]";2016-01-10 12:00:00;2016-04-03 12:00:00
146;13;catboost_normal;0.0733463792487449;41.666666666666664;0.07095055056588548;10.81600697255262;0.07092213002644154;8.8574028909797;[126.74, 124.3, 130.54, 135.91, 116.09, 112.55, 114.5, 117.95, 124.74, 118.66, 125.66, 130.19, 133.49];"[134.51837954 129.27918753 128.29212173 132.27255374 134.1481376
 133.32750029 129.64929313 128.20667147 124.25800972 120.54439878
 119.46892063 119.25391676 120.72180817]";2016-07-10 12:00:00;2016-10-02 12:00:00
132;13;catboost_normal;0.007080063883057583;50.0;0.007103175973830351;110.42811843323953;0.007103149324064449;94.66334497088162;[13296.7, 13298.218, 13280.08, 13236.85, 13318.317, 13353.772, 13355.281, 13324.888, 13405.601, 13408.074, 13405.2, 13394.396, 13463.252];"[13306.56821592 13376.34037049 13337.53635997 13362.8148394
 13294.52074666 13325.13590803 13230.58205679 13267.61745775
 13256.34165899 13280.90936974 13325.46118439 13219.66683282
 13269.33408598]";2016-01-10 12:00:00;2016-04-03 12:00:00
103;13;catboost_normal;0.03720100184243101;33.333333333333336;0.03634325090195855;48.78656234686807;0.03634172989970729;43.41963944652537;[1212.56, 1210.13, 1191.14, 1179.25, 1186.32, 1185.8, 1165.07, 1166.09, 1172.2, 1168.63, 1161.38, 1152.36, 1146.76];"[1213.02833635 1220.75934276 1227.55168321 1227.63035768 1221.83127107
 1206.3080092  1206.47760297 1221.42462392 1225.34679176 1216.65660875
 1221.67464502 1225.82165933 1227.63438081]";2016-01-10 12:00:00;2016-04-03 12:00:00
163;13;catboost_normal;0.01017197453582025;75.0;0.010091830852930767;315.2391854776425;0.010091810428910874;249.33178922399273;[24833.93, 24489.8, 24338.6, 24343.5, 24912.9, 24582.5, 24607.4, 24469.4, 24810.4, 24637.5, 24451.7, 24591.2, 24827.5];"[24893.18233614 24840.55170455 24660.01633483 24901.95579755
 24909.85024782 25076.82906002 25094.55166678 24930.7770333
 24899.72851726 24688.10487182 24556.04285595 24727.07944882
 24702.1261193 ]";2016-10-09 12:00:00;2017-01-01 12:00:00
176;13;catboost_normal;0.029059591632135968;50.0;0.029685136437340807;222.84984736256985;0.029684897283439836;184.29047133757265;[6110.33, 6176.75, 6055.79, 6009.86, 6146.15, 6214.75, 6394.49, 6409.89, 6450.06, 6426.2, 6455.33, 6302.73, 6445.38];"[6080.67138143 5998.17987007 6050.0242408  5904.888193   5964.34955594
 6020.49245483 6059.65236622 5979.86232904 6086.4316392  6217.29792531
 6287.3381431  6326.96312147 6274.24889513]";2016-04-10 12:00:00;2016-07-03 12:00:00
104;13;catboost_normal;0.011585094553763591;50.0;0.011497676232437458;120.0465705706504;0.011497613218170848;104.89393814318338;[9135.8, 9155.8, 9123.07, 9168.48, 9097.38, 9109.48, 9061.98, 9058.14, 9033.5, 9064.66, 9038.48, 9025.31, 9001.11];"[9166.76557179 9174.53675465 9178.69410528 9192.92679626 9185.50489041
 9179.73168576 9195.61027562 9189.44583804 9191.2526704  9192.16448743
 9186.89093905 9200.31605888 9202.9711223 ]";2016-10-09 12:00:00;2017-01-01 12:00:00
133;13;catboost_normal;0.007682086991139923;75.0;0.007722565599828956;113.92898418977215;0.007722533827322283;93.85253682255853;[12132.819, 12188.302, 12057.06, 12039.798, 12138.491, 12181.638, 12230.64, 12151.594, 12222.102, 12245.022, 12316.353, 12215.006, 12262.678];"[12174.59877965 12186.40763881 12080.75480086 12100.35499001
 12082.12486595 12144.70159918 12117.62035498 12054.12918899
 12123.91499267 12129.10862494 12162.36276988 12025.34284921
 12032.06170721]";2016-10-09 12:00:00;2017-01-01 12:00:00
176;13;catboost_normal;0.03855809991676821;75.0;0.03827175585761865;313.0321611976353;0.038271450608980656;240.00005087122898;[5890.0, 5939.36, 6051.78, 5957.39, 6355.36, 6394.87, 6585.82, 6352.3, 6314.89, 6369.77, 6341.98, 6038.21, 6037.62];"[6026.04594399 6039.16510912 6075.25007431 5968.57643901 6038.07039769
 6041.33064113 6127.61627346 6120.4845904  6174.02848503 6389.67584381
 6472.14737105 6658.56741744 6614.97285031]";2016-01-10 12:00:00;2016-04-03 12:00:00
146;13;catboost_normal;0.13284111784908048;33.333333333333336;0.12738946716066535;18.514535728654174;0.12734066454129983;16.655355566650048;[114.13, 117.78, 130.45, 148.43, 127.93, 125.21, 108.17, 120.56, 123.78, 121.54, 127.65, 135.96, 155.74];"[130.46457612 129.39084527 119.46506347 140.50886454 141.0368097
 143.08382016 140.10691626 144.49326485 141.25447241 138.52723482
 132.26958387 124.4719553  123.4920178 ]";2016-04-10 12:00:00;2016-07-03 12:00:00
163;13;catboost_normal;0.017887340007276726;75.0;0.0180928140131598;500.1530603378597;0.018092777038901667;442.6873934236291;[24776.21, 24454.79, 24373.74, 24617.02, 24892.08, 24593.63, 24422.06, 24350.09, 25095.38, 24910.15, 24907.39, 24423.32, 24622.25];"[24616.55430624 24323.2312766  24142.19062946 24203.42551182
 24289.80634479 24179.88433523 24083.94286192 24112.07372506
 24217.96521766 24135.72947689 24197.34058878 24117.84473178
 24063.18487926]";2016-07-10 12:00:00;2016-10-02 12:00:00
104;13;catboost_normal;0.010119977342777921;66.66666666666667;0.010193273450179464;110.35324803309399;0.0101932173062947;92.53222496755608;[9079.95, 9106.44, 9104.24, 9116.25, 9113.84, 9131.98, 9087.94, 9118.33, 9135.56, 9163.74, 9173.74, 9143.91, 9164.54];"[9078.69169533 9083.53851416 9068.77192655 9058.25899436 9043.8247458
 9046.58030555 9038.9674818  9041.74193624 9012.80254244 9003.5151516
 9003.59114558 8994.2479376  8963.00869842]";2016-07-10 12:00:00;2016-10-02 12:00:00
116;13;catboost_normal;0.006038193534550054;58.333333333333336;0.006007832983891534;52.00970560806839;0.006007788008305506;40.13183195490896;[6882.23, 6820.99, 6781.15, 6773.01, 6740.18, 6688.53, 6661.6, 6632.94, 6581.84, 6571.58, 6547.39, 6574.48, 6642.03];"[6886.39526238 6820.5836505  6821.02959428 6797.93256889 6799.07623012
 6792.81806035 6692.48660334 6622.66509782 6650.32068962 6596.87405379
 6650.1016813  6613.00418067 6655.013639  ]";2016-01-10 12:00:00;2016-04-03 12:00:00
133;13;catboost_normal;0.010397238922389692;58.333333333333336;0.010476483852036665;153.5047615540324;0.010476440119249968;125.48693059592678;[12010.856, 11950.022, 11882.446, 11921.493, 12033.255, 12031.969, 12042.794, 11976.257, 12069.177, 12165.296, 12168.63, 12003.423, 12056.073];"[11953.29938693 11976.77479419 11928.97184826 11950.12789406
 11939.48981368 11993.6990246  11964.59359341 11855.312837
 11822.41325461 11899.87225498 11903.89281545 11840.63627966
 11855.10417844]";2016-07-10 12:00:00;2016-10-02 12:00:00
177;13;catboost_normal;0.07391843350318336;75.0;0.07089360965917374;114.74680861802898;0.07089121348166735;104.94503367229042;[1429.3, 1402.7, 1403.1, 1382.0, 1432.0, 1448.2, 1450.5, 1444.4, 1430.8, 1414.0, 1399.9, 1374.3, 1381.6];"[1506.72912071 1522.54514612 1535.09672394 1552.81114903 1578.0785782
 1609.12244146 1593.53729862 1555.4906648  1542.79904125 1503.07528403
 1428.94471285 1328.01754615 1408.2728229 ]";2016-10-09 12:00:00;2017-01-01 12:00:00
163;13;catboost_normal;0.027181354753739805;66.66666666666667;0.02772883982459053;797.762997295764;0.027728781429411844;658.3915188109227;[23619.14, 23516.4, 23486.31, 23834.73, 23831.16, 23692.69, 23635.22, 23969.49, 24435.55, 24144.2, 24260.14, 24197.69, 24891.31];"[23408.17157743 23432.92961711 23399.46199201 23418.32137172
 23399.55186753 23276.28425201 23238.1581885  23200.79728365
 23247.13262408 23256.24345018 23226.62011421 23183.05616886
 23268.21174818]";2016-04-10 12:00:00;2016-07-03 12:00:00
117;13;catboost_normal;0.012997528465948215;58.333333333333336;0.01310755080904661;25.861570839296952;0.013107173359475977;22.758642079485178;[1747.852, 1753.13, 1739.954, 1741.265, 1752.962, 1760.145, 1746.934, 1744.992, 1750.66, 1757.801, 1746.75, 1748.939, 1752.358];"[1744.04233582 1741.68201778 1735.47204451 1732.70020738 1736.43925753
 1733.23384017 1723.60402216 1719.95050948 1722.79193165 1717.04561702
 1713.48678559 1709.27444723 1718.15663664]";2016-10-09 12:00:00;2017-01-01 12:00:00
146;13;catboost_normal;0.16886964903321913;50.0;0.15203892324616894;23.484400269473703;0.15198311636696932;20.76019440788534;[140.62, 146.43, 136.52, 145.75, 129.78, 123.05, 122.56, 127.43, 112.48, 123.75, 119.49, 109.75, 131.56];"[137.33389724 149.86102761 154.9441733  160.80111186 155.03522834
 150.21247135 158.40547006 154.18886867 146.9697833  141.71449716
 145.02662616 141.64603752 136.34112922]";2016-01-10 12:00:00;2016-04-03 12:00:00
104;13;catboost_normal;0.012950013787702294;33.333333333333336;0.013056701814236711;131.50343953388722;0.01305662891241229;116.92257416517994;[8950.01, 8971.41, 8937.45, 8987.81, 8989.55, 9029.99, 8997.28, 8954.7, 8977.71, 9068.71, 9074.96, 9067.97, 9063.24];"[8934.64055637 8917.07758483 8891.09412108 8895.88019594 8906.25115216
 8881.64070305 8870.09629138 8875.01652493 8873.77430685 8868.16608681
 8867.46566427 8879.15174402 8890.54160417]";2016-04-10 12:00:00;2016-07-03 12:00:00
177;13;catboost_normal;0.03997253445279441;58.333333333333336;0.03897981358966304;68.41927357999015;0.038978538019085435;59.56543507071024;[1597.6, 1580.6, 1579.9, 1498.9, 1497.7, 1501.9, 1514.5, 1516.5, 1522.6, 1469.5, 1454.8, 1447.4, 1496.1];"[1565.20295011 1563.92513098 1562.36219553 1550.19405666 1554.16512564
 1561.38813363 1554.53579681 1561.64979264 1560.96087561 1558.79453762
 1561.97417862 1579.82054725 1584.15788807]";2016-07-10 12:00:00;2016-10-02 12:00:00
163;13;catboost_normal;0.019749435313313492;75.0;0.02004742477548747;567.2046222255409;0.02004738067012366;455.6517081978913;[23360.38, 23238.53, 23041.7, 22812.11, 22805.74, 22636.15, 22507.75, 22552.14, 22939.02, 22851.33, 22955.12, 23070.87, 23555.28];"[23574.39249491 23027.95300724 22515.14069556 22510.38836859
 22657.47279119 22558.4921558  22205.35945164 22287.76824548
 22480.59360516 22303.62024178 22309.66711849 22212.23678253
 22187.58782487]";2016-01-10 12:00:00;2016-04-03 12:00:00
133;13;catboost_normal;0.011417798678638446;66.66666666666667;0.011503951277373265;155.58868111347516;0.01150390248770142;135.62427705770796;[11824.037, 11870.043, 11750.106, 11733.673, 11814.021, 11821.576, 11756.967, 11774.631, 11905.854, 11948.035, 11958.905, 11831.503, 11911.418];"[11735.35796529 11722.35785638 11707.8604895  11701.71679247
 11701.94570295 11702.56657074 11701.59033323 11694.9716757
 11694.17779988 11692.84380003 11694.55843745 11693.81735256
 11693.88862207]";2016-04-10 12:00:00;2016-07-03 12:00:00
117;13;catboost_normal;0.016835258800109023;75.0;0.017008455110787024;32.04973413474646;0.017007958439807735;29.122161361696847;[1717.975, 1724.116, 1705.611, 1714.558, 1727.282, 1733.961, 1721.632, 1725.982, 1738.361, 1743.269, 1730.701, 1728.076, 1733.917];"[1716.01230698 1700.81209876 1694.15477781 1694.966954   1698.35869442
 1702.99072237 1689.74541454 1702.22223297 1712.50100942 1692.44637765
 1683.49992504 1687.81363128 1691.32875707]";2016-07-10 12:00:00;2016-10-02 12:00:00
147;13;catboost_normal;0.05949257468779419;41.666666666666664;0.05701323324390465;14.866302657389342;0.057000070645336694;12.346317075990523;[222.63, 218.63, 205.95, 201.16, 204.31, 204.6, 212.82, 209.47, 223.37, 215.24, 206.88, 219.05, 212.55];"[227.32697437 226.5770859  228.5539338  228.46473899 226.88850529
 226.12663372 224.24826417 222.15866009 220.47941003 220.25129812
 220.10361909 220.09011677 220.11170171]";2016-10-09 12:00:00;2017-01-01 12:00:00
104;13;catboost_normal;0.006720184847901766;50.0;0.006749539369219533;68.20450981434841;0.006749501353971108;59.9182635134681;[8841.92, 8832.63, 8918.91, 8906.67, 8916.82, 8904.96, 8862.69, 8846.54, 8904.3, 8942.71, 8909.6, 8947.47, 8923.83];"[8827.87482296 8823.57293393 8822.23819053 8828.14919708 8836.75545139
 8839.87371989 8836.25680926 8838.04045093 8837.40256907 8843.28182991
 8842.56280275 8849.14345004 8854.96034658]";2016-01-10 12:00:00;2016-04-03 12:00:00
133;13;catboost_normal;0.00932674034245908;58.333333333333336;0.009395337398025071;137.15987724888151;0.00939529690388897;108.99386881657708;[11606.894, 11599.632, 11581.59, 11532.044, 11606.028, 11640.293, 11637.035, 11612.232, 11708.44, 11702.617, 11701.273, 11690.797, 11751.941];"[11595.38765984 11629.96797847 11590.43086994 11543.29174516
 11526.86160895 11554.4434326  11544.13867651 11500.77335346
 11513.40326003 11518.4250479  11569.53448714 11511.13991124
 11456.94686129]";2016-01-10 12:00:00;2016-04-03 12:00:00
164;13;catboost_normal;0.044579614817407284;41.666666666666664;0.0432980538379347;186.49710615375196;0.04329747801702258;162.80503943576815;[3675.7, 3699.6, 3615.7, 3509.8, 3609.7, 3718.0, 3716.1, 3649.0, 3781.0, 3775.7, 3778.5, 3711.7, 3892.7];"[3813.35529838 3791.96039573 3849.97563395 3891.39253207 3887.01928447
 3866.32811273 3879.5167699  3868.23662768 3888.5963466  3854.5155587
 3871.66981286 3863.63809467 3861.93895508]";2016-10-09 12:00:00;2017-01-01 12:00:00
177;13;catboost_normal;0.0668723283976768;58.333333333333336;0.0693299060829752;108.25345540301396;0.06932761358831609;104.83918565765589;[1526.0, 1527.6, 1523.0, 1535.5, 1547.4, 1557.7, 1562.5, 1563.6, 1581.4, 1594.5, 1599.6, 1597.9, 1581.3];"[1466.24475614 1450.40872822 1446.92343914 1458.53052944 1458.29728098
 1463.89207604 1450.48120842 1454.70981548 1459.93658692 1455.60258221
 1458.77504559 1454.11793337 1457.1706045 ]";2016-04-10 12:00:00;2016-07-03 12:00:00
117;13;catboost_normal;0.013372065269940264;66.66666666666667;0.013503565229956788;27.41207264928917;0.013503163343262892;22.685729575525556;[1675.664, 1669.937, 1666.913, 1674.455, 1687.416, 1694.324, 1684.454, 1688.932, 1695.751, 1704.632, 1697.621, 1695.553, 1709.528];"[1675.52707424 1670.91631856 1666.05678579 1665.7499699  1665.38796929
 1666.90951361 1662.9210691  1664.65691741 1668.19274648 1663.37499681
 1661.49418181 1660.69964779 1660.33696185]";2016-04-10 12:00:00;2016-07-03 12:00:00
180;13;catboost_normal;0.012022624463898672;33.333333333333336;0.012117664383072322;123.72175887452747;0.012117596452602512;108.08099185995287;[8859.673, 8863.5, 8867.55, 8852.3, 8897.4, 8915.51, 8942.89, 9002.82, 9002.66, 9020.31, 9033.94, 9050.97, 9041.96];"[8800.2571097  8812.09518484 8805.94406534 8825.71779498 8840.03897637
 8865.33832136 8863.4904752  8859.60180402 8862.48080523 8856.79773722
 8853.67278339 8853.43898868 8847.55605949]";2016-10-09 12:00:00;2017-01-01 12:00:00
177;13;catboost_normal;0.039502445489360626;66.66666666666667;0.03863390533808121;60.239632552293536;0.038632584459433995;56.50788274556399;[1482.1, 1467.2, 1454.6, 1452.8, 1458.0, 1448.0, 1395.8, 1393.2, 1429.7, 1423.8, 1418.0, 1415.0, 1489.7];"[1523.11331731 1514.32551935 1511.85625926 1502.85374429 1508.90206579
 1503.26483685 1495.47303892 1487.47816149 1477.42830115 1478.55315801
 1475.92693375 1479.78079214 1475.85365261]";2016-01-10 12:00:00;2016-04-03 12:00:00
147;13;catboost_normal;0.07529439424961303;58.333333333333336;0.07906016469995497;21.493415994031643;0.079041787780848;17.01852225357598;[218.97, 217.43, 229.25, 236.32, 219.32, 214.92, 216.98, 220.01, 222.56, 220.79, 228.03, 231.46, 234.06];"[238.01822287 228.48842439 224.73096331 231.20361612 227.37763023
 222.65303006 221.28825725 214.7015638  204.6692799  198.59324539
 188.19226282 192.39686689 196.95697726]";2016-07-10 12:00:00;2016-10-02 12:00:00
117;13;catboost_normal;0.014378325215030942;66.66666666666667;0.014516506842830448;27.57607074174761;0.014516066300401313;23.916492390103294;[1660.039, 1653.124, 1651.855, 1651.64, 1660.542, 1664.772, 1658.333, 1655.813, 1665.309, 1669.509, 1665.029, 1663.664, 1672.353];"[1664.45134068 1653.51726817 1651.8983218  1636.96354632 1631.59410999
 1626.25563193 1630.25766842 1623.79377153 1623.83799319 1633.41116071
 1633.38817199 1636.40270288 1644.99377261]";2016-01-10 12:00:00;2016-04-03 12:00:00
180;13;catboost_normal;0.005703579399239273;41.666666666666664;0.005682519918468686;57.434504182310356;0.005682487758695017;50.20386285049524;[8863.942, 8868.186, 8833.001, 8808.881, 8810.155, 8816.502, 8782.831, 8776.327, 8824.713, 8820.627, 8840.035, 8789.92, 8787.883];"[8850.6364158  8871.28845629 8877.70353861 8873.42234881 8873.13167714
 8870.47831299 8871.0127172  8871.54196534 8856.28569843 8854.99729223
 8856.96017309 8864.08957895 8857.49387377]";2016-07-10 12:00:00;2016-10-02 12:00:00
134;13;catboost_normal;0.03275406093624276;58.333333333333336;0.033439611346370496;233.15792589728585;0.03343934270338222;208.1238521944547;[6190.89, 6166.87, 6248.29, 6256.87, 6346.31, 6377.59, 6382.05, 6333.99, 6350.53, 6326.36, 6362.01, 6363.97, 6432.69];"[6175.10800533 6183.10964885 6131.29117951 6151.51248315 6164.20397962
 6121.98830711 6085.49786139 6044.76587125 6071.89468053 6051.26820466
 6070.17175032 6113.94342618 6100.53382127]";2016-10-09 12:00:00;2017-01-01 12:00:00
178;13;catboost_normal;0.006149494189282075;50.0;0.006185444261030136;23.499359344234993;0.00618533092905666;16.879267902684767;[2709.779, 2713.39, 2711.95, 2713.77, 2713.77, 2722.18, 2721.67, 2737.86, 2723.28, 2754.11, 2756.24, 2751.53, 2745.86];"[2715.61201198 2715.40985408 2716.3950309  2717.84433449 2715.1783126
 2715.12438102 2715.66208953 2719.98397668 2714.85844826 2711.56229723
 2712.21228932 2711.32232913 2710.35425013]";2016-10-09 12:00:00;2017-01-01 12:00:00
118;13;catboost_normal;0.17176524513398647;66.66666666666667;0.19185559886156694;234.44974696487654;0.19184683892480436;210.2246834786943;[1029.75, 1180.41, 1140.58, 1060.38, 1154.44, 1152.64, 1175.8, 1244.19, 1225.38, 1262.37, 1332.13, 1221.9, 1270.41];"[1016.22845719 1024.91590426 1016.21691431 1011.88562128  988.8178805
  957.26273139  962.87145724  959.57646265  932.12694719  929.44625406
  949.49951371  965.939868   1002.671103  ]";2014-10-12 12:00:00;2015-01-04 12:00:00
180;13;catboost_normal;0.003776191826455173;33.333333333333336;0.0037860817783039727;40.71235288805335;0.003786060392274205;33.51339590369529;[8861.153, 8868.851, 8828.403, 8836.062, 8864.249, 8876.368, 8873.208, 8881.058, 8898.754, 8890.422, 8874.215, 8876.68, 8839.031];"[8859.55774967 8852.46446068 8839.69168994 8816.62217932 8811.22125916
 8808.33970369 8814.25637968 8825.11071806 8833.07746093 8848.4457918
 8890.89254931 8866.20707356 8855.23668404]";2016-04-10 12:00:00;2016-07-03 12:00:00
134;13;catboost_normal;0.011799198552993863;41.666666666666664;0.011909541749221876;90.34505936210982;0.011909442854008958;71.71479270706284;[5944.91, 6026.29, 6015.1, 6024.54, 6008.37, 5980.77, 5980.59, 6004.23, 5997.06, 6004.64, 6093.93, 6133.68, 6191.28];"[5929.22068861 5933.3287276  5937.01166101 5940.30826637 5944.82075252
 5945.59644892 5951.17820836 5966.11324698 5980.45512972 5986.36417841
 5987.96801056 5987.04863443 5983.6837413 ]";2016-07-10 12:00:00;2016-10-02 12:00:00
164;13;catboost_normal;0.04617662191290983;58.333333333333336;0.04494766554256399;192.64553997156298;0.04494708444148779;173.85744354716383;[4030.4, 4066.8, 3911.8, 3889.2, 3773.6, 3711.8, 3714.2, 3704.0, 3773.1, 3785.6, 3684.0, 3865.8, 3731.2];"[3971.30296324 3972.27082163 3959.36979977 3971.26304429 3977.13475618
 4006.00666796 3974.77665312 3958.58110494 3967.61052968 3961.02563754
 3944.10460529 3968.29383979 3962.65391243]";2016-07-10 12:00:00;2016-10-02 12:00:00
178;13;catboost_normal;0.01887940239831018;50.0;0.019095284400307198;63.136306195120156;0.019094927339116233;51.06576040893571;[2703.309, 2711.389, 2706.889, 2693.829, 2687.779, 2698.089, 2702.369, 2702.759, 2705.649, 2709.129, 2720.149, 2705.559, 2713.489];"[2706.48198284 2713.790626   2729.08776673 2735.66140608 2710.35761469
 2646.04241869 2600.88991613 2571.64793664 2619.13751946 2636.36331404
 2665.31318522 2727.69430275 2764.2744764 ]";2016-07-10 12:00:00;2016-10-02 12:00:00
134;13;catboost_normal;0.009171958915317356;33.333333333333336;0.00918071720536179;60.93418889574217;0.009180639966690793;54.56162886339567;[5900.69, 5975.04, 5927.6, 5948.82, 5977.81, 5967.95, 5995.2, 5983.34, 5981.4, 5951.3, 5909.94, 5901.63, 5906.31];"[5881.1031699  5887.20795176 5901.73610316 5907.78005922 5907.31109535
 5915.49147579 5923.11692564 5928.8312263  5937.26170006 5950.46955658
 5968.57364895 5990.20819595 5999.55859409]";2016-04-10 12:00:00;2016-07-03 12:00:00
118;13;catboost_normal;0.03712256981301493;33.333333333333336;0.03789953505468292;45.86813041492508;0.03789764097426417;37.94128338620159;[964.51, 962.56, 985.25, 934.61, 959.6, 990.39, 1045.3, 1049.61, 1025.12, 1048.7, 1034.59, 1069.63, 1013.23];"[ 969.83497502  974.62650887  969.9566695   970.25739964  977.5608128
  948.40437841  963.09307784  955.90821643  978.07556482  996.50421122
 1020.86740695 1027.83988167 1047.52639453]";2014-07-13 12:00:00;2014-10-05 12:00:00
164;13;catboost_normal;0.03123047990531784;50.0;0.03180947833134924;137.75400160223765;0.03180906864387761;123.51086930154703;[3882.42, 3840.06, 4006.2, 3948.8, 4013.7, 3890.7, 3890.0, 3825.1, 3863.9, 4027.1, 4019.7, 4026.4, 3939.1];"[3769.89979221 3729.48265067 3752.82177739 3793.38368282 3782.41944734
 3806.84138106 3753.87238253 3890.62595388 3915.39045435 3938.01369236
 3895.94118065 3876.96415772 3895.91496256]";2016-04-10 12:00:00;2016-07-03 12:00:00
180;13;catboost_normal;0.005317334877013159;50.0;0.005301440285743438;58.22790633708601;0.00530141008114235;46.525174549222214;[8759.888, 8751.388, 8705.416, 8694.722, 8737.023, 8726.194, 8716.078, 8734.988, 8751.197, 8787.786, 8805.858, 8838.722, 8852.672];"[8771.16667517 8769.33134198 8744.64207243 8745.63330171 8770.49075541
 8799.05782015 8858.40579118 8799.73680453 8774.10982588 8818.26099136
 8818.28333442 8865.71647199 8773.41991708]";2016-01-10 12:00:00;2016-04-03 12:00:00
178;13;catboost_normal;0.014922320514334307;41.666666666666664;0.01508001203651501;50.31143641948314;0.015079727711325404;39.99036348050549;[2646.087, 2652.847, 2637.01, 2641.84, 2649.0, 2660.269, 2663.269, 2671.289, 2678.309, 2684.299, 2684.859, 2695.809, 2704.549];"[2654.11189617 2653.7854415  2648.39721152 2676.04209203 2670.70286099
 2656.93543097 2647.03020613 2625.67027279 2602.68167716 2601.95782945
 2610.64501875 2620.10433505 2634.00800667]";2016-04-10 12:00:00;2016-07-03 12:00:00
147;13;catboost_normal;0.0641637899212749;50.0;0.06909902252262289;23.152797414159394;0.06908290086774219;14.819797960378938;[207.2, 210.52, 221.49, 240.65, 220.5, 218.27, 200.41, 212.54, 215.34, 214.18, 220.47, 228.59, 249.48];"[212.12648747 208.3900173  210.63457553 218.23856234 218.57803958
 217.82423507 211.62316017 213.22867269 212.19334567 206.14516229
 196.42987643 188.32516385 186.90196878]";2016-04-10 12:00:00;2016-07-03 12:00:00
134;13;catboost_normal;0.01838995809070846;75.0;0.01856903968897904;112.01924374654723;0.018568881952714514;109.29976134493371;[5930.55, 5981.32, 5948.17, 5930.27, 5989.89, 5954.71, 5922.29, 5923.53, 5965.64, 5956.34, 5914.02, 5889.94, 5884.43];"[5858.64217511 5856.49035187 5841.31459714 5830.94497324 5836.19950312
 5834.61606391 5828.79444509 5824.34951194 5823.70519946 5814.22116045
 5811.18582973 5807.44567649 5802.29361499]";2016-01-10 12:00:00;2016-04-03 12:00:00
164;13;catboost_normal;0.06221541234695971;58.333333333333336;0.05968599096368576;269.45835644920027;0.05968522568684865;232.8276238241354;[4124.16, 4062.01, 4013.03, 4031.72, 3799.72, 3907.31, 3821.95, 3761.56, 3634.03, 3729.62, 3605.02, 3672.98, 3754.21];"[4149.31026891 4156.76794168 4099.87087825 4112.73162375 4094.13472405
 4020.22668373 4010.64183219 4075.37695847 4053.73879288 4015.85468913
 4041.16641798 4050.63792136 4063.62037734]";2016-01-10 12:00:00;2016-04-03 12:00:00
181;13;catboost_normal;0.13026379920674153;50.0;0.14024058794204736;195.21896749577374;0.14023533432535037;187.55795236283197;[1375.3, 1376.8, 1377.8, 1382.1, 1392.3, 1392.1, 1472.6, 1476.2, 1488.5, 1487.9, 1491.4, 1494.2, 1492.8];"[1328.69659527 1192.28739841 1209.88029378 1077.83428001 1182.52557606
 1250.22205246 1255.03464307 1286.06751349 1283.86940578 1281.74427243
 1311.60437378 1300.24127909 1301.73893566]";2014-10-12 12:00:00;2015-01-04 12:00:00
178;13;catboost_normal;0.005538405436532983;41.666666666666664;0.005567523622933566;20.797049448138967;0.005567417201707313;14.563332248379014;[2610.191, 2612.763, 2604.128, 2604.228, 2608.59, 2609.785, 2590.993, 2603.936, 2615.505, 2635.733, 2631.261, 2635.153, 2645.168];"[2609.55674238 2609.89827723 2609.47874442 2609.21707954 2607.5335006
 2606.72780621 2602.84401045 2601.15817234 2600.2672703  2602.61906575
 2603.5822138  2599.79506719 2599.81439938]";2016-01-10 12:00:00;2016-04-03 12:00:00
118;13;catboost_normal;0.04915179466094817;75.0;0.046982583770619674;66.84264418653383;0.046980289405720035;48.10995308348515;[984.4, 1006.17, 1026.99, 1074.17, 1026.45, 1053.36, 1034.14, 1037.47, 961.69, 981.41, 993.0, 978.61, 942.36];"[1002.69980169 1024.4677409  1039.04169974 1045.25136431 1023.11946476
 1031.0115598  1027.9245839  1045.85320723 1049.17207437 1060.56526477
 1068.97628957 1088.54696577 1097.39331881]";2014-04-13 12:00:00;2014-07-06 12:00:00
210;13;catboost_normal;0.027341430934746266;33.333333333333336;0.027925559847085887;742.6225879313638;0.02792549017513293;559.7006648996175;[19138.99, 19322.67, 19505.88, 19671.03, 19823.39, 19748.99, 19869.76, 20103.52, 20304.31, 20497.56, 20640.15, 20839.37, 21017.61];"[19140.81533344 19555.18437467 20043.76624812 19858.57564496
 19926.5744947  19796.3045894  19652.92730619 19650.21772143
 19634.03814785 19601.70957277 19601.70957277 19482.9198603
 19482.9198603 ]";2016-11-27 12:00:00;2017-02-19 12:00:00
195;13;catboost_normal;0.17629895939416565;50.0;0.1602722777042447;1878.4750991394644;0.16027154819076198;1761.4309941837676;[9829.0437, 9985.4137, 10293.6715, 10359.0839, 9848.4779, 9843.3371, 9851.5289, 10083.1847, 9901.8945, 10063.8348, 9912.0124, 9947.1883, 10295.3118];"[10479.16891736 10743.54888432 11015.29338615 11489.26857411
 11806.44786354 11959.13083172 12082.36921438 12224.63161234
 12308.55951805 12293.29322138 12272.88756672 12228.27105219
 12209.71548211]";2016-10-23 12:00:00;2017-01-15 12:00:00
147;13;catboost_normal;0.08880785013862205;50.0;0.08477158932137506;20.319505010837783;0.0847508757380334;17.36436504629586;[215.87, 221.11, 207.61, 215.85, 201.27, 193.91, 193.12, 196.46, 184.14, 190.82, 186.95, 183.78, 226.44];"[221.8146723  194.74796006 201.92443653 215.9934363  217.18395649
 212.2479268  210.73565868 215.46804252 210.39837807 202.85342317
 211.62536726 225.75087175 238.22740885]";2016-01-10 12:00:00;2016-04-03 12:00:00
118;13;catboost_normal;0.04650735579299248;50.0;0.045163815254463495;54.51520302447016;0.04516172055993049;48.71698947358787;[1073.56, 1061.26, 1081.98, 1102.14, 1037.59, 1087.95, 1133.03, 1108.27, 1068.16, 1068.54, 1023.58, 1035.93, 983.75];"[1117.44829691 1130.40285576 1124.53009518 1122.1256112  1121.19127645
 1116.52179577 1147.81638195 1132.32699088 1108.70979314 1106.47383344
 1099.95723542 1093.63325324 1077.92344381]";2014-01-12 12:00:00;2014-04-06 12:00:00
181;13;catboost_normal;0.06286921213808616;33.333333333333336;0.06550327509455217;92.33524881316686;0.06550062757992228;81.04305039331763;[1267.5, 1266.4, 1269.1, 1272.6, 1234.9, 1238.2, 1239.3, 1244.8, 1244.0, 1299.5, 1304.4, 1309.3, 1352.1];"[1187.32739596 1199.73973116 1201.48393683 1164.4947304  1186.01905225
 1205.96703303 1213.28485435 1199.93746219 1209.35409991 1189.13153294
 1188.9820778  1158.30895593 1184.50948214]";2014-07-13 12:00:00;2014-10-05 12:00:00
179;13;catboost_normal;0.015719132595524096;58.333333333333336;0.01592150418153151;147.10852858017861;0.015921394482007137;115.54067934938163;[7299.42, 7307.94, 7291.58, 7297.69, 7312.24, 7315.34, 7284.5, 7280.26, 7316.23, 7330.77, 7375.17, 7388.38, 7415.41];"[7270.30442016 7281.09235959 7291.41693818 7259.85688269 7270.82702512
 7266.03620284 7200.573874   7142.48933269 7146.06975107 7156.99533555
 7144.48080954 7133.11383217 7149.64440486]";2016-10-09 12:00:00;2017-01-01 12:00:00
210;13;catboost_normal;0.044705754192046046;50.0;0.04312013643014941;1021.3400214887315;0.043120018436933874;788.2062884120177;[16889.79, 17022.25, 17213.75, 17348.32, 17515.74, 17640.71, 17844.52, 18051.27, 18220.02, 18404.3, 18565.7, 18756.45, 18955.44];"[16960.73857008 16678.6654421  19046.54981488 19414.02518962
 19141.60941986 18854.59715182 18607.86647699 18836.67652308
 18554.47725439 18817.63721459 18837.26897558 19010.04668758
 18683.26608702]";2016-08-28 12:00:00;2016-11-20 12:00:00
119;13;catboost_normal;0.14037347155568927;41.666666666666664;0.1546234334495846;171.45407273424104;0.15461530170653282;147.16345434299853;[855.09, 989.28, 916.28, 889.25, 943.99, 943.1, 996.81, 1044.71, 1069.8, 1090.56, 1126.05, 1064.67, 1106.98];"[855.25420821 873.1162419  843.66202443 848.56608188 842.24658046
 875.45593154 869.31394897 878.25880992 846.68344732 866.31769772
 822.24340252 846.00068887 856.65444622]";2014-10-12 12:00:00;2015-01-04 12:00:00
195;13;catboost_normal;0.22527865589807877;41.666666666666664;0.19547205521313962;2816.2675794166144;0.19547128341998168;2479.173628990208;[13757.0647, 13154.5724, 13108.9968, 12811.1686, 12313.8083, 12160.6266, 11881.3843, 11403.1205, 11156.9923, 10834.0852, 10636.098, 10017.0025, 9652.1297];"[13915.31583352 14027.38945365 14092.20727159 14310.61699319
 14223.45183625 14235.09319479 14314.02876557 14278.95675219
 14262.24727782 14354.81848043 14451.85699771 14369.06646219
 14281.25775798]";2016-07-24 12:00:00;2016-10-16 12:00:00
179;13;catboost_normal;0.023335497738796944;66.66666666666667;0.02369036898675967;190.9135039709655;0.02369020231001867;168.36039071015406;[7157.829, 7156.969, 7098.608, 7132.578, 7175.707, 7190.505, 7173.91, 7204.066, 7267.194, 7262.899, 7224.283, 7214.767, 7249.432];"[7155.92040279 7116.0374524  7045.65617822 7032.86282303 7044.42583585
 7015.89490953 6987.4347508  6984.21820611 7003.05705959 7019.85889283
 6970.5627217  6946.90020437 6997.23248355]";2016-07-10 12:00:00;2016-10-02 12:00:00
210;13;catboost_normal;0.06316342313061048;58.333333333333336;0.06500233167836716;1236.0830194733906;0.06500212456299682;1020.1609433116778;[14808.71, 14993.54, 15173.26, 15370.07, 15589.93, 15734.22, 15889.82, 16058.86, 16237.17, 16393.82, 16499.89, 16632.16, 16764.71];"[14761.19855171 14940.43486871 16614.52195569 16624.18081069
 15532.79483513 15492.84934903 15272.35552611 14817.46247717
 14847.02964635 14884.35724112 15113.05518964 14616.65063915
 14757.9221792 ]";2016-05-29 12:00:00;2016-08-21 12:00:00
195;13;catboost_normal;0.03206921037630382;25.0;0.03273507218535378;515.6043467563795;0.03273495468175152;456.0013957265704;[14256.20691, 14515.29651, 14417.83781, 14202.6874, 14143.5508, 13993.9947, 13658.654, 14025.1447, 14073.1261, 13819.8717, 14337.3354, 13904.5974, 13921.5768];"[13617.96516912 13630.11479834 13630.70300016 13657.67397218
 13660.19237486 13661.10697455 13672.1627341  13657.24959783
 13657.05515217 13651.65744689 13634.52528038 13626.13471929
 13612.33833389]";2016-04-24 12:00:00;2016-07-17 12:00:00
181;13;catboost_normal;0.3493261473917592;50.0;0.2966180115312512;436.5815492307468;0.2966077935154002;431.139694421691;[1206.1, 1205.9, 1207.1, 1204.0, 1206.2, 1239.4, 1237.6, 1235.2, 1234.6, 1255.5, 1256.5, 1255.0, 1265.2];"[1570.65909572 1556.78031322 1561.72386125 1565.17902423 1584.15618597
 1619.99279636 1653.93112558 1690.58789648 1720.88893141 1753.8485891
 1742.15792071 1771.04485733 1822.16543011]";2014-04-13 12:00:00;2014-07-06 12:00:00
119;13;catboost_normal;0.10013598856124648;41.666666666666664;0.1076062319773756;99.25022117624616;0.1075991511688661;81.99710425435953;[681.84, 693.01, 715.81, 664.63, 717.35, 749.88, 766.61, 783.52, 806.46, 859.8, 853.15, 890.76, 878.86];"[682.41420693 663.90862182 661.99096628 681.15000828 679.40669729
 688.43795608 701.18977986 714.40528435 703.60473816 689.86994648
 702.99280665 735.75046639 724.78459655]";2014-07-13 12:00:00;2014-10-05 12:00:00
210;13;catboost_normal;0.04749507840409839;33.333333333333336;0.04819654927074043;776.7571628057309;0.04819637246387805;657.3651722998273;[12727.52, 12882.11, 13014.63, 13153.83, 13278.08, 13368.66, 13563.46, 13712.67, 13908.06, 14063.35, 14254.1, 14429.72, 14607.39];"[12721.06085449 12711.28653563 12330.55521362 13844.18780462
 14028.69186211 14383.68436253 13522.74228554 13394.46963777
 13327.74368849 13328.13061499 13284.29452567 13228.41854101
 13224.55489213]";2016-02-28 12:00:00;2016-05-22 12:00:00
148;13;catboost_normal;0.09962342761813744;58.333333333333336;0.09353555135089196;498.15805118852705;0.0935345445802737;434.67275492361813;[4374.969, 4342.37, 4303.19, 4370.16, 4392.91, 4423.87, 4362.98, 4303.89, 4317.18, 4359.9, 4426.36, 4381.17, 4372.66];"[4365.58782082 4423.05446235 4525.5556251  4586.78560419 4667.39834841
 4799.56490115 4856.5353023  4928.06173956 5022.06438863 5147.30592801
 5046.47685351 5029.5447583  4965.65672331]";2016-10-09 12:00:00;2017-01-01 12:00:00
195;13;catboost_normal;0.05587736994413266;33.333333333333336;0.05403362863224933;876.1657823963102;0.054033434576468024;752.5170407722271;[13276.99992, 13645.07272, 13508.21161, 13340.66659, 13676.60029, 13726.72299, 13804.33009, 13413.49799, 13305.74849, 13276.48609, 13695.26149, 13379.16709, 13653.35331];"[13070.44767476 13063.6359847  13203.64837143 13752.48079594
 13890.87503987 14229.63018968 14347.28506356 14500.08838661
 14751.77265589 14856.69425969 14643.28361258 14640.54530508
 14349.34842204]";2016-01-24 12:00:00;2016-04-17 12:00:00
179;13;catboost_normal;0.015828493077737798;50.0;0.015989870487352977;126.61230347267004;0.015989756263969458;111.91951616301475;[6993.03, 6976.881, 6971.292, 6995.499, 7036.69, 7043.37, 7009.727, 7030.91, 7085.57, 7104.822, 7088.478, 7092.8, 7139.838];"[6957.25665285 6943.72587326 6936.12888535 6933.36343741 6935.92524464
 6932.02145379 6928.0998985  6927.00940761 6926.07217146 6925.00259904
 6924.05556914 6922.41252299 6922.87957383]";2016-04-10 12:00:00;2016-07-03 12:00:00
181;13;catboost_normal;0.10668157270733501;50.0;0.10154585163356157;231.79316833800465;0.10154294804358154;179.29275363190706;[1951.6, 1917.3, 1919.3, 1920.6, 1921.7, 1959.6, 1961.4, 1963.5, 1994.2, 1994.7, 2011.8, 2014.1, 1208.4];"[1942.97654397 1902.54733161 1834.96823835 1737.1204414  1664.94697255
 1780.85746565 1805.85384488 1823.28374606 1841.98033586 1852.51872952
 1847.63975189 1794.45130404 1838.550503  ]";2014-01-12 12:00:00;2014-04-06 12:00:00
211;13;catboost_normal;0.062232560507460684;41.666666666666664;0.06490922626069584;421.4378227535842;0.06490864933401334;365.16443098323396;[5461.05, 5465.87, 5464.51, 5474.37, 5898.01, 5958.73, 5908.25, 5890.65, 5889.96, 5886.71, 5863.1, 5846.83, 5831.24];"[5437.00190306 5436.6164499  5400.24830321 5374.7160971  5385.73789393
 5385.45322094 5359.94357052 5392.8213049  5377.30202809 5378.93331225
 5393.46919074 5380.59143035 5389.30769221]";2016-11-27 12:00:00;2017-02-19 12:00:00
196;13;catboost_normal;0.013056434568436316;25.0;0.01325149538125257;68.52535885611793;0.013251300921899108;45.156997490005466;[3349.318574, 3535.511928, 3464.898719, 3501.769843, 3412.296678, 3438.179535, 3346.9989, 3340.722945, 3385.474665, 3372.953029, 3373.89518, 3370.010094, 3361.798917];"[3350.79291786 3345.44342934 3393.87243132 3458.14615165 3426.52191181
 3324.20923984 3332.78443924 3336.67719714 3339.41729815 3349.53445129
 3337.16076815 3347.48673931 3356.14021986]";2016-10-23 12:00:00;2017-01-15 12:00:00
148;13;catboost_normal;0.03570562839997892;91.66666666666667;0.03485327332263731;189.90577410139554;0.034852903287862454;164.22687440822637;[4935.859, 4825.195, 4818.913, 4781.679, 4875.562, 4792.773, 4762.129, 4702.819, 4633.007, 4563.222, 4476.889, 4488.824, 4404.914];"[4976.96920808 4935.34705057 4915.89755655 4910.94494183 4927.93765085
 4895.89145181 4858.92689697 4837.82612195 4824.17303679 4815.90384259
 4800.63881127 4765.71730418 4730.56049388]";2016-07-10 12:00:00;2016-10-02 12:00:00
119;13;catboost_normal;0.08531363784224906;50.0;0.08039398829399308;70.71266838195955;0.08038853830937578;59.322157991757486;[697.31, 680.1, 684.0, 735.06, 703.9, 732.22, 739.96, 751.17, 667.55, 692.73, 699.53, 700.13, 670.53];"[689.2504141  701.69039615 701.24963173 758.18399618 771.69952722
 770.96604913 790.07562881 783.66049912 778.84596926 781.42648357
 784.16803024 795.0295538  803.01270279]";2014-04-13 12:00:00;2014-07-06 12:00:00
182;13;catboost_normal;0.0169670373018341;41.666666666666664;0.017143983749930477;117.14524465468882;0.017143845107927626;106.00032083677259;[6149.894, 6150.11, 6155.6, 6138.53, 6183.63, 6193.33, 6221.22, 6264.96, 6279.38, 6266.2, 6277.7, 6299.44, 6296.1];"[6086.16925828 6105.86556641 6088.92465317 6112.91738114 6123.01984447
 6122.94048866 6106.82289    6101.64086304 6105.06820781 6114.10312642
 6132.96969502 6145.19354637 6152.45430831]";2016-10-09 12:00:00;2017-01-01 12:00:00
179;13;catboost_normal;0.009508809037209522;50.0;0.009590433575103467;88.97127798574579;0.009590363787700033;65.89737918152262;[6920.059, 6877.158, 6874.303, 6869.147, 6890.78, 6895.508, 6884.315, 6875.443, 6920.7, 6932.698, 6927.318, 6940.036, 6975.612];"[6911.07153661 6877.17276676 6889.61513399 6893.72190504 6879.93960743
 6867.89541148 6842.2408254  6832.90415976 6834.00136228 6798.83049566
 6785.35281451 6783.22352225 6810.24514105]";2016-01-10 12:00:00;2016-04-03 12:00:00
119;13;catboost_normal;0.059248463782648204;50.0;0.056545606278216004;55.36316940558548;0.05654196142317469;43.89123951369599;[821.43, 807.4, 826.31, 828.57, 778.02, 773.16, 809.41, 774.57, 748.72, 752.28, 713.23, 742.38, 690.53];"[812.97902379 802.83273234 812.68209107 814.46359271 822.76215172
 811.98853795 804.78306388 821.3736137  812.18926008 811.7191448
 811.0684792  803.33670729 803.65872273]";2014-01-12 12:00:00;2014-04-06 12:00:00
211;13;catboost_normal;0.037493829220854445;58.333333333333336;0.038496084740517175;241.60561365689284;0.038495722299362704;204.44564019417885;[5267.95, 5265.27, 5245.03, 5243.52, 5259.76, 5525.57, 5482.47, 5467.71, 5472.63, 5482.98, 5451.47, 5437.48, 5448.9];"[5213.55620625 5209.95991313 5260.59486058 5168.22296352 5201.82375771
 5151.20769266 5161.49560077 5110.30224609 5152.24962355 5186.21953846
 5153.70248723 5229.48343984 5225.25806884]";2016-08-28 12:00:00;2016-11-20 12:00:00
196;13;catboost_normal;0.11579174018637282;41.666666666666664;0.10532582193129476;536.084865367755;0.10532448689001317;415.68477083519525;[4174.585163, 4144.615588, 4116.98052, 4121.253483, 4059.151983, 3940.983565, 3896.384812, 3745.10476, 3734.920938, 3566.636429, 3562.883251, 3384.886519, 3360.900223];"[4153.49902003 4193.94163343 4137.96196495 4192.42127341 4234.89459116
 4184.31372974 4278.6422363  4231.42568633 4261.96261577 4328.73111641
 4312.72340518 4319.44108223 4341.05861399]";2016-07-24 12:00:00;2016-10-16 12:00:00
182;13;catboost_normal;0.01737256205807837;25.0;0.01718761262204942;117.99341320919245;0.0171874732494924;105.97957635001443;[6160.633, 6156.796, 6126.112, 6115.052, 6122.376, 6118.413, 6080.462, 6073.567, 6119.064, 6111.498, 6119.886, 6084.361, 6074.394];"[6149.60903334 6161.28054292 6189.0998193  6208.19376448 6206.27842214
 6211.89841956 6224.6607588  6239.5461508  6245.66838709 6262.31260156
 6250.18090555 6235.78223973 6233.78951398]";2016-07-10 12:00:00;2016-10-02 12:00:00
148;13;catboost_normal;0.014499249036198173;50.0;0.01452702505060622;84.42071586692137;0.01452687412449676;69.92186272706448;[4797.899, 4822.924, 4788.419, 4750.482, 4781.737, 4735.3, 4698.779, 4661.627, 4862.432, 4860.102, 4879.881, 4935.878, 4963.621];"[4868.61698618 4767.64457091 4755.62203153 4813.80180671 4775.82982771
 4720.41311412 4684.06311832 4827.85382433 4803.48818958 4780.81905789
 4732.82969157 4840.8254767  4858.81832343]";2016-04-10 12:00:00;2016-07-03 12:00:00
240;13;catboost_normal;0.04835194421568888;66.66666666666667;0.047761746401173595;81.98829240380275;0.04775991114836996;63.28266950849768;[1040.84, 1015.0, 1098.25, 1031.9, 1168.21, 1271.09, 1311.2, 1252.43, 1363.56, 1496.95, 1592.62, 1614.64, 1511.61];"[1059.29501862 1032.48877323 1072.31077775  982.78187903 1228.93776203
 1190.92732851 1333.82533093 1389.97007716 1543.52253742 1513.24598569
 1474.54843523 1604.46621255 1425.4961484 ]";2016-10-30 12:00:00;2017-01-22 12:00:00
196;13;catboost_normal;0.03742698345590722;50.0;0.03755268885049432;193.14365164349067;0.037552266689459074;167.13809290900065;[4726.314929, 4792.419653, 4602.008184, 4580.648134, 4514.22903, 4528.434982, 4382.055744, 4426.803895, 4319.785856, 4246.693931, 4354.402433, 4170.091186, 4172.351797];"[4437.69093306 4415.50108349 4417.99400708 4428.29093633 4430.18972179
 4452.27060532 4443.19561088 4466.17340882 4459.99022428 4454.83532425
 4439.1368787  4422.68139976 4396.8495782 ]";2016-04-24 12:00:00;2016-07-17 12:00:00
225;13;catboost_normal;0.18827121911102937;50.0;0.1702781861353158;513.2132386264927;0.17027519600052454;485.2175012719869;[2865.2, 2798.5, 2576.4, 2805.7, 2486.0, 2628.3, 2494.4, 2560.8, 2487.5, 2543.0, 2524.4, 2603.3, 2591.2];"[2827.27670617 3065.17767705 3234.57489157 3292.23336753 2977.69735008
 3228.42724054 3219.49762265 3060.89902594 3030.55434598 3010.81513858
 3106.53536393 3103.37032707 3039.62187179]";2016-10-23 12:00:00;2017-01-15 12:00:00
182;13;catboost_normal;0.007719818656129768;58.333333333333336;0.0077601008939782255;57.774888666281974;0.0077600380186328465;47.88777436707334;[6215.066, 6216.004, 6191.393, 6194.222, 6215.25, 6216.098, 6209.939, 6209.769, 6220.444, 6206.123, 6189.356, 6180.87, 6134.481];"[6211.01120925 6211.89008637 6231.99620558 6190.766435   6190.01479096
 6152.92917201 6127.87805949 6119.24554748 6120.08090222 6132.95001792
 6132.05116629 6128.34471469 6108.52203714]";2016-04-10 12:00:00;2016-07-03 12:00:00
240;13;catboost_normal;0.08944102617622941;58.333333333333336;0.08314727385545398;120.8038872186666;0.08314358401773807;93.97172837202946;[1394.76, 1340.72, 1393.25, 1320.89, 1323.76, 1160.39, 1141.07, 1030.08, 1044.97, 985.39, 1023.58, 1029.39, 998.89];"[1391.27095661 1354.91310697 1353.626851   1301.71264054 1287.14696289
 1229.85898918 1196.23029002 1121.78216245 1136.48563361 1181.47170278
 1214.49809248 1212.73797044 1229.23193195]";2016-07-31 12:00:00;2016-10-23 12:00:00
211;13;catboost_normal;0.019606347013183794;75.0;0.019683436545495515;119.19705260335054;0.019683246961405894;102.20818645405521;[5116.71, 5032.18, 5021.24, 5003.95, 5011.86, 5400.33, 5312.24, 5292.83, 5305.6, 5336.19, 5270.84, 5256.03, 5256.6];"[5089.32465365 5078.00492023 5088.10573526 5170.18301198 5175.7320354
 5176.0735852  5148.63210737 5174.68451424 5207.3709759  5227.72825283
 5195.13370795 5187.24134288 5257.92986106]";2016-05-29 12:00:00;2016-08-21 12:00:00
225;13;catboost_normal;0.1929752643257047;33.333333333333336;0.16904295279413828;717.7493287503584;0.169040580884675;602.882572784467;[3867.7, 3792.0, 3750.2, 3680.0, 3583.7, 3457.9, 3293.6, 3245.6, 3134.3, 3066.8, 2955.5, 2913.4, 2915.5];"[3858.07573175 3913.28154088 3958.40034038 3907.33961165 3889.03034363
 3931.65103325 3882.5327944  3982.57672946 3997.68349239 4127.17225868
 3980.65582072 4045.09945518 4000.92575734]";2016-07-24 12:00:00;2016-10-16 12:00:00
196;13;catboost_normal;0.05562924992292589;50.0;0.05749854792496663;267.3725683132248;0.05749787730610953;246.50744319796783;[4216.739238, 4336.836794, 4247.448371, 4268.214242, 4368.77364, 4401.758212, 4511.42587, 4490.139077, 4442.886849, 4478.674734, 4479.395627, 4411.837456, 4454.395212];"[4151.57056262 4153.73297782 4157.70199669 4167.80899851 4164.51032286
 4159.29200684 4152.29431959 4147.64462613 4141.0724562  4132.25236038
 4127.01887843 4124.50053426 4124.5285201 ]";2016-01-24 12:00:00;2016-04-17 12:00:00
148;13;catboost_normal;0.04142144834261815;33.333333333333336;0.042576198471837884;234.9366687695327;0.042575750653630694;202.4094407283836;[4643.476, 4671.237, 4765.797, 4795.377, 4891.778, 4880.84, 4889.038, 4929.481, 5022.846, 4942.596, 4631.39, 4804.276, 4831.089];"[4719.53142656 4698.54922219 4686.39978944 4671.56961159 4657.55704957
 4635.1327426  4617.50330753 4604.63717936 4610.13471318 4608.42842869
 4600.72460355 4592.03517266 4572.43032111]";2016-01-10 12:00:00;2016-04-03 12:00:00
211;13;catboost_normal;0.03863781441440233;50.0;0.03766420938946851;229.8432985185129;0.037663852690627275;198.85434086923277;[5226.1, 5180.38, 5175.76, 5164.43, 5173.69, 5250.54, 5190.57, 5189.66, 5167.64, 5149.3, 5123.69, 5100.72, 5085.9];"[5330.67538088 5259.01529504 5223.01941173 5319.82192443 5329.36965158
 5336.68356869 5298.66345638 5360.62190219 5471.06749155 5487.09513966
 5425.21873505 5429.56005673 5492.67441738]";2016-02-28 12:00:00;2016-05-22 12:00:00
240;13;catboost_normal;0.3036917045511443;50.0;0.2553532606974892;457.1024762936281;0.25534510690530915;403.06155760819246;[1259.6, 1244.19, 1293.15, 1250.25, 1224.48, 1207.11, 1260.93, 1327.3, 1363.73, 1373.47, 1394.65, 1449.04, 1363.89];"[1298.13834655 1346.70616058 1385.23408549 1511.82079863 1552.55037371
 1664.54720359 1737.0269379  1896.5353072  2070.29835428 2021.1004957
 2044.12198668 1952.95636628 1770.55383233]";2016-05-01 12:00:00;2016-07-24 12:00:00
149;13;catboost_normal;0.01893905481737577;83.33333333333333;0.01916939933612561;182.32037014638067;0.01916928254065176;157.32105685719216;[8104.576, 8397.21, 8157.4, 7991.08, 8073.41, 8245.39, 8235.18, 8301.8, 8245.5, 8365.11, 8466.19, 8322.25, 8219.59];"[8076.7706212  8171.5578963  8081.33202398 8077.67848288 8118.92589434
 8134.15804832 8130.53180817 8107.03403869 8085.73625113 8080.63393346
 8117.53074266 8089.75662736 8072.09464681]";2016-10-09 12:00:00;2017-01-01 12:00:00
197;13;catboost_normal;0.06983128492027445;50.0;0.06834711538753258;204.15827718141534;0.06834574798681826;170.85632080607945;[2494.02866, 2504.633975, 2516.196395, 2459.919613, 2562.934537, 2680.654134, 2526.370987, 2563.657085, 2549.711739, 2523.642748, 2295.089991, 2323.388696, 2404.942722];"[2392.24886166 2344.33475537 2374.40391775 2439.64171465 2400.15769521
 2456.45660957 2426.30387546 2454.7614794  2449.84595428 2572.66400931
 2668.66706823 2709.96312306 2696.94986521]";2016-10-23 12:00:00;2017-01-15 12:00:00
212;13;catboost_normal;0.051588688130212265;66.66666666666667;0.052375748487770685;202.63293799512658;0.05237497569342746;177.70169433479845;[3232.2, 3400.7, 3606.0, 3686.4, 3553.5, 3071.9, 3189.4, 3471.8, 3135.3, 3578.1, 3467.9, 3637.1, 3466.0];"[3253.23014204 3470.50955369 3422.24626184 3340.90236053 3291.31516084
 3294.54059206 3368.72619805 3383.84674908 3330.69098718 3341.42552248
 3212.22952157 3397.39488004 3476.48500971]";2016-11-27 12:00:00;2017-02-19 12:00:00
225;13;catboost_normal;0.11745583715687154;50.0;0.1266175552106935;466.8392229584405;0.12661561604446173;413.6663733587471;[3225.7, 3293.6, 3269.4, 3321.5, 3278.8, 3338.0, 3401.1, 3486.4, 3453.1, 3531.1, 3493.6, 3790.9, 3821.9];"[3108.42978237 3097.55659    3061.7161784  3053.63649565 3052.55797527
 3020.74422479 2959.34105919 2978.8040151  2975.83820501 3037.9065642
 3021.80363485 2980.28187321 2978.8205483 ]";2016-04-24 12:00:00;2016-07-17 12:00:00
182;13;catboost_normal;0.010599743014393249;41.666666666666664;0.010709139518030892;94.5730912840263;0.010709051863339415;65.41866293567945;[6149.696, 6138.625, 6101.288, 6090.495, 6128.433, 6116.408, 6125.085, 6131.052, 6135.691, 6152.053, 6174.597, 6203.569, 6207.505];"[6156.03696816 6143.06034568 6158.66416105 6120.87050504 6136.18006647
 6101.34659908 6091.26670697 6103.394326   6090.95011825 6072.55173968
 6031.91601525 6023.70572277 5986.66120023]";2016-01-10 12:00:00;2016-04-03 12:00:00
240;13;catboost_normal;0.17411101576209226;58.333333333333336;0.19873607125256948;307.89118722075403;0.19872839734145722;264.07596116985644;[1853.38, 1780.48, 1830.05, 1742.17, 1808.71, 1668.74, 1670.38, 1529.55, 1528.06, 1451.99, 1408.43, 1360.4, 1274.96];"[1983.81790432 1967.7096463  1820.86005947 1639.84341774 1625.44094269
 1465.85231601 1380.08590018 1226.2023036  1176.19247691  913.32683986
  894.13602743  895.02792493 1121.15184658]";2016-01-31 12:00:00;2016-04-24 12:00:00
225;13;catboost_normal;0.049044791318910964;50.0;0.04724254251812531;164.2090731399924;0.04724169032654956;131.0336231010703;[2790.8, 2727.0, 2738.3, 2672.6, 2705.0, 2643.9, 2650.4, 2623.0, 2613.8, 2628.1, 2667.0, 2894.0, 3069.3];"[2753.70703139 2710.52559034 2717.44133493 2755.0994305  2747.91773198
 2795.68095876 2794.88315005 2822.95974724 2870.2083026  2915.13625158
 2967.55993666 3020.94531572 3032.8797681 ]";2016-01-24 12:00:00;2016-04-17 12:00:00
149;13;catboost_normal;0.009247502049311731;66.66666666666667;0.009234182301774837;85.65746210899272;0.009234125068278578;74.4953055882626;[8085.919, 8153.735, 8048.481, 7978.526, 7951.135, 8125.791, 8067.899, 7979.12, 8099.678, 8069.113, 8225.514, 8007.458, 8007.938];"[7983.12448072 8038.07439839 8020.01989323 8014.21680843 8069.56788467
 8113.63017523 8138.51557533 8124.31161037 8080.83379666 8103.50569719
 8116.88213556 8093.86493536 8099.09234109]";2016-07-10 12:00:00;2016-10-02 12:00:00
183;13;catboost_normal;0.008855625711021381;66.66666666666667;0.008909162138329766;48.59093291198528;0.008909066243855878;41.38556740274089;[4617.5212, 4622.402, 4618.642, 4618.395, 4642.408, 4655.815, 4667.141, 4665.69, 4673.901, 4688.093, 4691.17, 4685.57, 4695.057];"[4606.17409844 4627.40905135 4601.65052945 4631.6828604  4610.97790727
 4633.80085125 4623.03998199 4608.92410991 4621.89529096 4612.80569351
 4635.36429957 4601.69706634 4624.96090681]";2016-10-09 12:00:00;2017-01-01 12:00:00
197;13;catboost_normal;0.03698301463953798;58.333333333333336;0.035909753342851104;119.4239459265159;0.03590903574571912;89.85842788089366;[2578.611337, 2499.3041, 2545.598878, 2500.540303, 2527.044577, 2503.189229, 2411.461488, 2501.444862, 2505.991656, 2513.024837, 2387.918838, 2362.321409, 2383.647708];"[2497.47539445 2490.46249457 2492.71062058 2498.96435879 2504.71556156
 2512.35431153 2526.2185191  2543.16420726 2599.92399395 2597.43560188
 2593.59226335 2597.50113912 2600.1987882 ]";2016-07-24 12:00:00;2016-10-16 12:00:00
226;13;catboost_normal;0.07938816485541003;41.666666666666664;0.07459505336117679;183.05923712969775;0.07459281610188387;125.74465946808405;[1365.7, 1392.9, 1389.1, 1439.9, 1431.2, 1665.4, 1561.1, 1606.1, 1570.6, 1804.3, 1935.1, 1801.3, 1744.1];"[1294.54059985 1311.54681003 1366.55126086 1415.8626996  1503.00322424
 1679.28270652 1865.95830061 1818.74270206 2036.65501698 1991.91436918
 1948.04007771 1803.41399397 1580.42844783]";2016-10-23 12:00:00;2017-01-15 12:00:00
183;13;catboost_normal;0.0021536312837568475;75.0;0.002156637608532389;11.577889124439691;0.0021566140794756533;9.883923760960338;[4549.9397, 4550.2955, 4541.6125, 4554.1823, 4583.9553, 4585.7274, 4585.3885, 4581.7375, 4607.8238, 4624.0424, 4616.8218, 4585.8693, 4601.0344];"[4538.35572888 4541.01795335 4535.29588548 4546.3889927  4568.73105495
 4580.5290333  4582.13575951 4588.50156433 4601.07381779 4599.39780934
 4597.87935274 4582.11111536 4592.04945204]";2016-07-10 12:00:00;2016-10-02 12:00:00
241;13;catboost_normal;0.09134069646114495;66.66666666666667;0.08711341325031166;203.3189716896848;0.0871109479171198;155.47034057898216;[1475.3, 1468.6, 1494.2, 1447.2, 1643.9, 1534.3, 1587.3, 1580.3, 1927.1, 2321.8, 1935.5, 1728.8, 1741.4];"[1468.24437756 1471.57776913 1570.4243522  1667.77631692 1672.99195028
 1832.17965844 1961.42320142 1733.34717359 1900.0578631  1930.83072703
 2007.34997582 1877.8434354  1962.63356203]";2016-10-30 12:00:00;2017-01-22 12:00:00
149;13;catboost_normal;0.023194439767217738;75.0;0.02284264676548223;213.251277308386;0.022842506082514466;185.4537316078983;[8008.398, 8129.223, 8009.431, 7974.878, 8016.869, 8098.58, 8038.301, 7916.415, 7892.77, 8099.305, 8200.17, 7950.084, 8033.644];"[8031.14209648 8173.00890266 8157.87956844 8126.76221674 8138.40040827
 8265.66257157 8231.76186572 8244.65872122 8265.21293122 8295.84056276
 8301.57344375 8300.65617376 8246.40704832]";2016-04-10 12:00:00;2016-07-03 12:00:00
212;13;catboost_normal;0.062431262631112386;50.0;0.061469822685352025;240.48460031748087;0.06146888476208111;201.6930730701886;[3261.9, 3052.7, 3041.9, 2987.1, 2960.9, 3390.4, 3249.4, 3332.3, 3527.6, 3614.8, 3612.7, 3237.8, 3246.8];"[3204.65392152 3236.2331902  3182.67759422 3440.73865879 3381.10577953
 3304.57063335 3219.1058007  3191.27497341 3205.13481337 3304.61731247
 3379.37325777 3370.32768991 3357.75774985]";2016-08-28 12:00:00;2016-11-20 12:00:00
197;13;catboost_normal;0.044963361653936065;66.66666666666667;0.04534847311927404;123.19268287698917;0.04534758695695861;116.08019058127736;[2590.597112, 2592.819925, 2616.261047, 2622.519145, 2687.452262, 2665.601028, 2609.731286, 2691.104798, 2695.267809, 2610.170358, 2364.384723, 2432.23643, 2500.239269];"[2502.49531383 2499.17870685 2505.68563651 2510.66511169 2523.37317634
 2522.25006545 2531.30450658 2541.26496044 2558.81218881 2565.62587922
 2562.14781375 2559.90724966 2562.97861185]";2016-04-24 12:00:00;2016-07-17 12:00:00
197;13;catboost_normal;0.13576840444073335;50.0;0.12861871151912968;398.4902253356496;0.12861629593948393;343.6830789407071;[2499.909367, 2535.511722, 2586.654249, 2603.655868, 2643.902897, 2621.304525, 2619.190076, 2558.661299, 2638.018479, 2586.025118, 2399.879364, 2454.677822, 2508.278091];"[2314.21849835 2344.64986047 2358.11175856 2354.64393575 2373.21496442
 2346.31436945 2422.3771831  2542.47016031 3020.00393527 3123.33168739
 3106.45422738 3100.40304657 3091.77673103]";2016-01-24 12:00:00;2016-04-17 12:00:00
149;13;catboost_normal;0.01244608863109675;66.66666666666667;0.012554049521437405;122.33361857477928;0.012553972447766596;102.24782313844914;[8101.251, 8276.286, 8369.635, 8137.66, 8112.244, 8247.195, 8207.622, 8096.719, 8073.916, 8196.716, 8143.079, 8016.238, 8089.017];"[8026.08748555 8127.44673172 8093.32403928 8055.80429909 8052.70972271
 8098.03945387 8064.65724485 8075.80742646 8047.88861285 8049.33230303
 8048.91228003 8064.61593938 8030.48663915]";2016-01-10 12:00:00;2016-04-03 12:00:00
212;13;catboost_normal;0.039551516539278984;50.0;0.03989769670882359;147.5697319430255;0.03989707423497116;127.97201924414377;[3043.4, 3011.2, 3026.3, 3108.1, 3007.8, 3317.4, 3470.8, 3393.0, 3058.5, 3315.7, 3289.6, 3356.7, 3215.0];"[3140.46151058 3205.44943468 3169.02638091 3122.14619425 3053.67404429
 3147.83231246 3202.32978898 3234.38102023 3177.57123444 3106.52455783
 3190.48911828 3217.08970351 3208.94604768]";2016-05-29 12:00:00;2016-08-21 12:00:00
183;13;catboost_normal;0.010842617316568952;41.666666666666664;0.01092837896420162;58.88739059374109;0.010928256782326564;48.8733089337439;[4474.6615, 4476.7109, 4461.2858, 4445.5047, 4467.4321, 4475.3198, 4472.2853, 4490.7519, 4511.1915, 4520.4038, 4525.2687, 4509.4403, 4536.9761];"[4456.6481613  4452.2469025  4442.5296171  4444.90475994 4445.80776665
 4441.17078837 4439.63314992 4437.19187188 4440.09396097 4438.417819
 4436.36155997 4431.87773715 4424.99528912]";2016-04-10 12:00:00;2016-07-03 12:00:00
241;13;catboost_normal;0.1344035603454299;16.666666666666668;0.1238155220662816;229.4932002365913;0.1238117624757821;204.164399359712;[1811.3, 1804.6, 1754.6, 1682.6, 1636.2, 1601.3, 1556.5, 1486.8, 1472.4, 1408.7, 1434.9, 1520.2, 1478.5];"[1718.30474626 1801.55240515 1814.93743189 1828.45862858 1874.98075746
 1766.70582813 1831.55674159 1716.92292892 1771.54522678 1799.33914625
 1741.20084925 1707.73432484 1737.4124794 ]";2016-07-31 12:00:00;2016-10-23 12:00:00
255;13;catboost_normal;0.04248549010365;50.0;0.04081149543725028;139.09293567262122;0.04081068402276675;105.65261128015707;[2932.0, 2986.0, 2914.5, 3028.8, 3291.8, 2001.3, 2192.4, 2057.1, 2318.1, 2584.8, 2583.4, 2598.3, 2704.1];"[3029.31059485 3009.1363253  3058.4878361  3081.47752449 3532.94456469
 2324.49603123 2190.13385319 2201.76860609 2449.41483242 2580.05061298
 2694.88341265 2648.45980279 2751.4888822 ]";2016-10-16 12:00:00;2017-01-08 12:00:00
226;13;catboost_normal;0.1415451821020862;66.66666666666667;0.12923940378913307;224.94126408783848;0.12923516835651558;197.81023996561635;[1817.3, 1747.7, 1704.8, 1640.4, 1607.5, 1537.1, 1426.2, 1432.7, 1386.3, 1340.8, 1293.8, 1271.0, 1327.6];"[1794.10331843 1726.4447551  1779.84816252 1772.19283156 1728.01851979
 1747.00396077 1705.72049397 1663.84787737 1637.4873771  1600.82481698
 1626.21649242 1604.45385931 1629.66680129]";2016-07-24 12:00:00;2016-10-16 12:00:00
212;13;catboost_normal;0.12070948955899868;50.0;0.11272521072438733;411.28383029024576;0.11272347377403145;366.39962852540094;[3151.5, 3256.2, 3216.5, 2953.0, 2788.1, 2919.4, 3045.0, 3166.6, 3189.3, 3231.8, 2895.9, 2966.2, 3089.5];"[3176.43235321 3066.55395983 3005.81229231 3065.21542749 3106.61759569
 3330.2440852  3537.37416151 3649.91628597 3572.38534512 3599.63704814
 3598.55476745 3583.55216424 3539.23218895]";2016-02-28 12:00:00;2016-05-22 12:00:00
183;13;catboost_normal;0.0040467199716298355;58.333333333333336;0.004033996837812174;22.38531550667552;0.004033951379382057;17.899289523549808;[4402.6752, 4397.5159, 4391.643, 4386.92, 4407.1034, 4412.5972, 4416.3122, 4413.4835, 4429.2605, 4438.4373, 4438.7194, 4438.2891, 4461.4477];"[4409.95729533 4411.07805834 4403.09421524 4408.88463113 4407.86363681
 4419.90361071 4426.03161231 4441.8204803  4451.95342056 4449.59628025
 4492.04759779 4471.11800269 4473.74632235]";2016-01-10 12:00:00;2016-04-03 12:00:00
198;13;catboost_normal;0.15715994985572973;58.333333333333336;0.1437982959085622;129.20075752332107;0.1437896479520834;119.66312573997516;[853.411584, 717.379492, 739.09963, 715.596157, 753.511419, 764.419871, 759.384134, 791.933924, 759.283655, 774.301921, 848.021256, 804.524732, 889.772763];"[858.06016533 877.51192077 881.09915675 886.25015856 892.79908223
 899.28703259 907.07615591 910.64869508 914.05697248 924.9538262
 928.26142323 924.80342466 921.45315883]";2016-10-23 12:00:00;2017-01-15 12:00:00
213;13;catboost_normal;0.03399061821833493;41.666666666666664;0.03452788193711582;76.5481099043518;0.03452694605101171;63.71541805746982;[1824.5, 1743.9, 1794.0, 1809.4, 1827.3, 1908.2, 1847.0, 1751.8, 1898.1, 1880.5, 1978.2, 1886.8, 1902.4];"[1842.73785096 1835.74691554 1822.79659066 1813.39433324 1814.35003138
 1794.22082911 1801.80296143 1801.04920287 1821.46576387 1823.84059459
 1821.83364836 1809.47272021 1805.33790956]";2016-11-27 12:00:00;2017-02-19 12:00:00
255;13;catboost_normal;0.05634848789247242;50.0;0.05364272987454537;185.4140465934326;0.05364160883267683;131.6176079976721;[3088.6, 3048.8, 3073.5, 3205.4, 3468.9, 1948.1, 2118.4, 1999.0, 2264.1, 2529.3, 2528.6, 2537.2, 2671.3];"[3079.28417138 3095.65248598 3087.81229898 3270.5135658  3165.60548087
 2397.43364705 2263.52775146 2236.95524225 2482.91856049 2532.82383665
 2639.86310583 2627.10466137 2687.51340037]";2016-07-17 12:00:00;2016-10-09 12:00:00
226;13;catboost_normal;0.20944471943360343;50.0;0.1798535164609161;491.9952616517493;0.1798491845840126;377.2307194419712;[1631.0, 1633.7, 1621.9, 1654.0, 1746.7, 1749.9, 1882.1, 1858.8, 1856.8, 1793.0, 1751.7, 1864.5, 1783.3];"[1476.58531919 1677.56593829 1655.60964467 1668.18225548 1621.72101493
 1966.45189623 2236.47529062 2278.23991728 2390.76553113 2443.22389168
 2813.01580496 2713.31917681 2231.4563397 ]";2016-04-24 12:00:00;2016-07-17 12:00:00
184;13;catboost_normal;0.010692527930130301;58.333333333333336;0.010789305147181684;57.75052056585145;0.010789173450737367;44.195654553652346;[4072.7233, 4076.188, 4069.913, 4070.042, 4094.539, 4108.687, 4119.744, 4116.913, 4129.048, 4145.197, 4147.169, 4139.36, 4147.867];"[4078.75341338 4093.36150974 4070.94337403 4073.2953329  4093.26103096
 4091.63863821 4076.38742925 4057.42221731 4049.53329713 4079.46147716
 4066.06640969 4048.94951314 4038.74780801]";2016-10-09 12:00:00;2017-01-01 12:00:00
198;13;catboost_normal;0.1059457375772052;66.66666666666667;0.09841344099154024;105.73408947633132;0.09840803380805993;89.65500034688677;[951.203249, 926.184291, 921.42787, 921.430811, 842.732035, 964.906209, 826.278527, 903.392657, 830.731117, 968.84495, 885.948016, 815.02624, 773.211439];"[1009.73432309  992.94036793  976.05629007  976.90627927  975.2173041
  978.07273274  978.34405761  971.03523329  968.56911358  966.40639661
  962.68885456  971.45569538  964.52866051]";2016-07-24 12:00:00;2016-10-16 12:00:00
241;13;catboost_normal;0.13439566293224223;100.0;0.11809016519918641;352.5430198835458;0.11808709692890001;232.5078625956126;[1404.6, 1407.8, 1453.4, 1486.8, 1515.2, 1615.8, 1685.2, 1626.2, 1684.8, 1754.9, 2006.5, 1833.5, 1791.5];"[1383.85532559 1398.11064607 1519.21866078 1572.03425707 1734.56875398
 1899.71227538 1996.44699835 1822.4139711  1900.70042138 2642.70391346
 2716.80893292 1822.19597744 1786.44402158]";2016-05-01 12:00:00;2016-07-24 12:00:00
184;13;catboost_normal;0.012945939052134843;75.0;0.013059848181168244;61.06165035009517;0.013059685906188319;52.55220898432253;[4016.6935, 4015.2422, 4005.9083, 4016.6839, 4047.982, 4050.6054, 4050.1939, 4044.5711, 4072.6377, 4084.2359, 4076.7462, 4045.0805, 4061.7899];"[4007.27618853 4005.53634763 4000.76115968 3996.93162877 3998.93822286
 3995.28640625 3989.43871242 3983.47407304 3983.95179022 3986.14446671
 3986.46094704 3984.61555254 3986.37628752]";2016-07-10 12:00:00;2016-10-02 12:00:00
255;13;catboost_normal;0.0385804261479932;66.66666666666667;0.03741149799206692;113.14138696529115;0.037410746142898695;95.48755060006724;[3074.9, 3030.8, 3055.7, 3178.5, 3446.3, 2110.4, 2044.2, 2155.6, 2422.8, 2520.8, 2694.6, 2707.0, 2822.9];"[3047.17974932 3078.27301879 3187.70066208 3226.52565257 3549.61081306
 2292.32852953 2297.78799181 2245.87396495 2500.91804364 2582.74904213
 2799.55351945 2773.13647613 2868.76019299]";2016-04-17 12:00:00;2016-07-10 12:00:00
241;13;catboost_normal;0.3890116442825633;33.333333333333336;0.30849812001768967;675.7979498178526;0.3084900576066992;590.4280290756916;[1901.6, 1859.4, 1788.4, 1741.6, 1703.1, 1624.1, 1592.3, 1543.9, 1511.2, 1500.3, 1454.0, 1402.9, 1387.5];"[2062.72699382 1964.77943983 2101.29399461 1988.1492955  2088.57590269
 2104.29819995 2111.30505438 2187.6047113  2361.92967241 2392.39018047
 2477.55245472 2434.21476075 2411.04371755]";2016-01-31 12:00:00;2016-04-24 12:00:00
226;13;catboost_normal;0.12383159896673666;58.333333333333336;0.11552161677192087;244.7460722057819;0.11551867661107702;229.06400782632184;[2313.9, 2201.2, 2132.5, 2068.2, 2042.3, 2001.0, 1895.7, 1837.8, 1763.2, 1824.9, 1624.8, 1580.7, 1596.8];"[2274.33318556 2370.95611661 2363.33961448 2228.38771876 2264.50798828
 2249.5115237  2262.22222032 2175.32273036 2077.5798478  1994.1893654
 1918.94636213 1846.52544676 1755.87635271]";2016-01-24 12:00:00;2016-04-17 12:00:00
198;13;catboost_normal;0.10344583210699344;58.333333333333336;0.1104338143742441;111.27323261685069;0.11042760520883405;98.26095747899512;[864.102726, 867.774625, 902.572706, 984.921389, 993.710029, 966.027119, 951.114425, 797.508482, 948.651969, 932.114548, 898.018792, 966.422451, 969.609072];"[889.72560629 859.54808645 805.64627717 816.78557799 821.35239154
 803.16906835 830.92413629 833.03896304 873.4366768  825.01967788
 834.9919607  835.20250769 858.62167828]";2016-04-24 12:00:00;2016-07-17 12:00:00
255;13;catboost_normal;0.023578591068786826;83.33333333333333;0.023405415301661094;67.04063624559636;0.023404961075623263;61.86822614939512;[3173.1, 3132.2, 3160.0, 3300.2, 3574.1, 2045.0, 2245.1, 2133.5, 2405.5, 2506.4, 2668.6, 2695.6, 2804.1];"[3095.93615069 3108.74846232 3202.30127259 3288.22373938 3498.25407998
 2094.1361939  2175.22875371 2228.8269178  2460.83656343 2586.99453486
 2722.08571448 2757.90719274 2911.58973623]";2016-01-17 12:00:00;2016-04-10 12:00:00
213;13;catboost_normal;0.03484910557876072;41.666666666666664;0.03430655521347447;79.35843392207717;0.03430560866676708;62.214755484319504;[1722.4, 1734.8, 1720.3, 1698.7, 1775.7, 1957.2, 1895.7, 1815.7, 1846.0, 1794.1, 1756.7, 1713.0, 1831.4];"[1748.06642053 1741.70126613 1769.15502551 1789.90520162 1801.52203881
 1830.15798899 1829.48037474 1827.61571057 1838.84134487 1868.83964841
 1876.2045581  1879.87243516 1868.28922506]";2016-08-28 12:00:00;2016-11-20 12:00:00
242;13;catboost_normal;0.41100407191398813;33.333333333333336;0.5897865573945426;1730.0605219995111;0.5897736159253258;1361.5524709265987;[1245.0, 1330.0, 1551.0, 1550.0, 2150.0, 2514.0, 2855.0, 3230.0, 3335.0, 3511.0, 3890.0, 3812.0, 3828.0];"[1214.3594425  1283.49235471 1329.93453381 1584.09978459 1644.41092454
 1488.19685899 1422.46032361 1391.83436129 1321.74426804 1268.58501762
 1172.56510631 1097.34554873  949.98892238]";2016-10-30 12:00:00;2017-01-22 12:00:00
256;13;catboost_normal;0.004417514008991695;50.0;0.004431460712609682;21.30574115585773;0.004431405678909232;17.84144479148437;[4017.6, 4017.9, 4018.2, 4018.8, 4024.6, 4026.8, 4037.0, 4037.9, 4039.9, 4041.8, 4044.2, 4044.3, 4044.2];"[4013.55338313 4015.45586885 4015.51661693 4014.16800426 4015.23713447
 4015.48814524 4013.95555598 4013.11780427 4012.60150638 4011.03146849
 4014.68688544 4014.05318773 4012.39565654]";2016-10-16 12:00:00;2017-01-08 12:00:00
184;13;catboost_normal;0.010201326024434647;50.0;0.010275073032642202;48.230230967813824;0.01027494301354653;40.60030477086111;[3957.21, 3959.9674, 3940.7454, 3922.4813, 3945.028, 3951.7343, 3947.7762, 3964.6016, 3985.3101, 3992.2338, 3995.8347, 3979.0131, 4004.6078];"[3935.80200464 3933.52538844 3927.47767128 3923.60068237 3926.88866686
 3925.95800269 3922.95574786 3921.94330017 3921.04670656 3920.42139849
 3920.42087879 3920.37531418 3920.56274039]";2016-04-10 12:00:00;2016-07-03 12:00:00
198;13;catboost_normal;0.07180155681878553;75.0;0.06878514429567725;74.43509711931358;0.06878112078716825;59.06109494687694;[795.982959, 810.422211, 806.917687, 824.8836, 821.599125, 831.757428, 737.810443, 784.441857, 857.407107, 842.820017, 896.929609, 853.853009, 871.580619];"[ 792.83252166  796.83150555  799.36040444  803.0772325   751.38452819
  788.19135024  858.83150597  885.13121047  901.79642394  877.91946283
  942.38793029  972.37832772 1014.30656668]";2016-01-24 12:00:00;2016-04-17 12:00:00
227;13;catboost_normal;0.05452649369677101;41.666666666666664;0.05398376565475616;550.7765535031298;0.05398345251288747;465.69453560453434;[8171.0, 8157.0, 8180.0, 8378.0, 8086.0, 8624.0, 8408.0, 8643.0, 8586.0, 8856.0, 8908.0, 9137.0, 8873.0];"[7816.16478678 8098.36989663 8361.34642832 8791.62687119 9101.74076157
 9128.93974319 9142.17370391 9072.23069233 9064.20345982 8939.17240118
 8730.52899447 8417.1783061  7970.16311466]";2016-10-23 12:00:00;2017-01-15 12:00:00
256;13;catboost_normal;0.0011943721163235313;41.666666666666664;0.0011953373637943747;5.600636058933351;0.0011953224664556213;4.7955333063840815;[4010.7, 4009.2, 4009.2, 4010.8, 4012.0, 4013.9, 4014.4, 4014.5, 4014.5, 4014.7, 4016.4, 4017.2, 4017.6];"[4011.52290915 4009.92002017 4009.91680358 4009.13664011 4008.62810643
 4008.4883706  4008.56468054 4008.39447018 4008.47351762 4008.46916958
 4008.46919134 4008.58291405 4008.71073944]";2016-07-17 12:00:00;2016-10-09 12:00:00
199;13;catboost_normal;0.07357886617833703;50.0;0.06454142251292289;194.03828529116075;0.06453941814452853;105.30124585202147;[1847.36095, 1741.76012, 1857.16426, 1737.89313, 1834.76119, 1945.47024, 1795.47817, 1859.5506, 1993.599, 1853.21632, 1763.33719, 1134.09872, 1700.70876];"[1705.58722787 1712.80491768 1780.21861811 1731.7159357  1830.03968294
 1804.71412157 1855.9488462  1803.76819016 1865.24501793 1854.35259498
 1742.92028821 1778.78285359 1759.45119146]";2016-10-23 12:00:00;2017-01-15 12:00:00
184;13;catboost_normal;0.004852829787178122;66.66666666666667;0.004865014046414794;23.709233704232975;0.004864951712934972;18.98517074196238;[3894.1372, 3887.9732, 3881.56, 3872.9023, 3892.0551, 3899.6273, 3902.0081, 3898.3142, 3913.5748, 3923.5607, 3922.4491, 3919.7743, 3942.4811];"[3894.48176324 3904.48571691 3897.68092445 3895.0925269  3898.14826027
 3911.46865813 3904.95898635 3881.86119334 3880.24089589 3909.63926689
 3903.77939462 3887.14517041 3886.73469544]";2016-01-10 12:00:00;2016-04-03 12:00:00
242;13;catboost_normal;0.13851886060737084;41.666666666666664;0.12863235956039384;186.56771194426355;0.12862716234455787;159.79554915101443;[1429.0, 1301.0, 1407.0, 1349.0, 1217.0, 1153.0, 1146.0, 1091.0, 1046.0, 1046.0, 1178.0, 1163.0, 1180.0];"[1460.20383102 1408.87134249 1365.21903737 1205.95968601 1069.61580512
 1082.56160837 1191.50393089 1256.91055693 1295.90091884 1350.94567432
 1358.73026797 1452.23962842 1479.39212495]";2016-07-31 12:00:00;2016-10-23 12:00:00
213;13;catboost_normal;0.14781244311986605;50.0;0.13403241766627086;303.448288066903;0.13402894082866443;258.3899833277818;[1836.7, 1863.8, 1877.8, 1775.9, 1828.7, 1832.4, 1842.9, 1789.3, 1728.6, 1750.5, 1660.2, 1712.6, 1718.9];"[1834.15025068 1847.71487122 1952.25202552 2108.53199661 2020.46746905
 2116.98684772 2011.46787124 1998.38148228 2043.13128395 2094.28388599
 2147.19124891 2189.87580582 2175.66498806]";2016-05-29 12:00:00;2016-08-21 12:00:00
185;13;catboost_normal;0.011737936214126065;66.66666666666667;0.01183758049566124;25.06318556401622;0.011837244893581955;20.877323768002164;[1748.375, 1751.22, 1751.02, 1745.18, 1741.27, 1748.73, 1765.75, 1777.61, 1775.46, 1783.09, 1789.27, 1794.1, 1794.38];"[1744.96820977 1740.18559143 1738.36172577 1738.62341195 1742.72469551
 1742.58203526 1743.94770494 1745.10169254 1744.78391245 1745.99955577
 1749.9622503  1755.74478102 1763.97361532]";2016-10-09 12:00:00;2017-01-01 12:00:00
227;13;catboost_normal;0.038828555499916734;41.666666666666664;0.039914787127831905;376.96264244212244;0.03991453655346691;318.75254852464116;[8809.0, 8922.0, 8795.0, 8907.0, 8464.0, 8560.0, 8185.0, 8126.0, 7748.0, 7595.0, 7638.0, 7926.0, 8030.0];"[8900.65026977 8723.77273186 8835.29880839 8432.38544542 8331.1559544
 8171.24150879 7769.67787441 7442.76472524 7387.34014866 7526.66086871
 7414.9232368  7467.30995126 7421.93350179]";2016-07-24 12:00:00;2016-10-16 12:00:00
256;13;catboost_normal;0.010531843625357177;25.0;0.01060089130246582;46.97251901923881;0.010600758220582578;42.22125173196379;[4005.7, 4003.4, 4003.8, 4003.8, 4004.2, 4006.8, 4009.4, 4009.0, 4009.5, 4011.1, 4011.4, 4011.3, 4010.8];"[4009.22111282 3993.19885162 3988.39312548 3977.70553682 3962.79075535
 3954.71706554 3954.06245868 3952.05667916 3950.27561343 3957.99217454
 3941.24141464 3951.0912204  3965.61994463]";2016-04-17 12:00:00;2016-07-10 12:00:00
199;13;catboost_normal;0.20572707865328466;33.333333333333336;0.1805234966377684;413.23259189572144;0.1805189908248581;362.62312550214887;[1897.69608, 1584.98035, 1652.2589, 1834.77228, 1948.02891, 1823.45816, 1873.35766, 2011.05074, 2209.20504, 2082.49019, 2032.51398, 1600.65707, 1668.88688];"[2055.92743694 2141.7895979  2086.829767   1982.63360911 2197.71518405
 2277.43799208 2320.36786591 2300.12227477 2296.90979674 2272.07177421
 2322.77890105 2330.76366441 2348.10900736]";2016-07-24 12:00:00;2016-10-16 12:00:00
185;13;catboost_normal;0.045155002828103245;50.0;0.04391310547623496;88.06242138316601;0.04391187935759995;78.63829502198077;[1768.174, 1770.591, 1757.275, 1753.22, 1736.378, 1732.672, 1736.008, 1742.481, 1739.814, 1743.54, 1740.863, 1742.022, 1740.354];"[1782.82731115 1787.55032166 1782.42250726 1794.79666927 1812.81683463
 1827.97016725 1824.92358413 1828.61958095 1836.35470258 1849.46268496
 1869.59340808 1878.00409724 1850.3479661 ]";2016-07-10 12:00:00;2016-10-02 12:00:00
227;13;catboost_normal;0.09710223072158487;66.66666666666667;0.090976331160711;867.6482376687443;0.09097576639484604;733.9359442442611;[7256.0, 7289.0, 7373.0, 7093.0, 7401.0, 7268.0, 7580.0, 7517.0, 7667.0, 8238.0, 8171.0, 8673.0, 8603.0];"[7399.78910234 7484.70375063 7705.77508042 8194.11211997 8279.56480318
 8726.3099344  8779.55783075 8781.92300639 8860.11170821 8934.2576553
 8849.61723677 8570.49506893 8307.05988425]";2016-04-24 12:00:00;2016-07-17 12:00:00
256;13;catboost_normal;0.5725027559766606;41.666666666666664;0.5070675446984065;2670.442444629007;0.5070614676930144;2272.8009042275366;[3950.4, 3950.4, 3950.4, 3950.6, 3951.2, 3951.9, 3953.2, 3952.6, 3953.5, 3954.6, 3998.8, 4007.7, 4005.9];"[ 4264.57793038  4654.89783375  5359.08643492  5257.8161143
  5602.25957545  5755.68369952  6679.97444926  6995.66393023
  7088.50845484  6959.63679922 -1854.18160333  5286.40581266
  7321.31911711]";2016-01-17 12:00:00;2016-04-10 12:00:00
199;13;catboost_normal;0.32480398284526374;66.66666666666667;0.40404097404312345;948.4447238652175;0.40403091076813674;820.0257100897245;[1775.67742, 2065.62848, 2228.21065, 2344.43537, 2271.2751, 2337.75038, 2325.64038, 2161.94486, 2488.88887, 3329.36833, 3116.14537, 2397.1066, 2023.86621];"[1687.2298131  1726.70263999 1671.79656003 1701.98030531 1651.66816341
 1630.44486528 1549.17023088 1539.20381269 1541.98220354 1482.93161021
 1404.63845549 1257.49553823 1360.35959067]";2016-04-24 12:00:00;2016-07-17 12:00:00
213;13;catboost_normal;0.0663996478038412;75.0;0.06313421743602168;152.31618426509726;0.06313259534111848;123.17061155246921;[2164.5, 2178.0, 2210.9, 2144.6, 2184.6, 2094.2, 1943.2, 1848.3, 1820.2, 1795.6, 1751.5, 1762.7, 1801.0];"[2138.58707197 2162.94025064 2218.76049089 2218.47142987 2213.05422777
 2152.1969552  2148.88369047 2107.91545375 2039.47743689 1995.28026469
 1982.08132901 1930.95513326 1909.96886101]";2016-02-28 12:00:00;2016-05-22 12:00:00
242;13;catboost_normal;1.3778809095538855;41.666666666666664;0.7288927443380011;2356.5381678198723;0.7288786470863224;1986.46634255549;[1536.0, 1380.0, 1281.0, 1267.0, 1297.0, 1397.0, 1489.0, 1445.0, 1435.0, 1428.0, 1679.0, 1470.0, 1443.0];"[1457.66558746 1503.68881549 1797.04662023 2499.78884362 2658.18309052
 3327.3767397  4347.87801021 4902.95513204 5249.63111439 5408.79237209
 4249.93837101 3604.19013228 3207.2587991 ]";2016-05-01 12:00:00;2016-07-24 12:00:00
185;13;catboost_normal;0.041159365739086996;58.333333333333336;0.040220024519946045;79.49012097473424;0.040218942402885226;74.7472507256438;[1857.947, 1846.139, 1828.988, 1836.54, 1834.142, 1832.204, 1828.199, 1829.807, 1817.7, 1810.867, 1799.969, 1801.877, 1771.81];"[1871.11703004 1878.41482696 1888.89835806 1902.58068515 1915.33509058
 1925.72718313 1917.10415262 1905.44537985 1894.75200304 1887.65826097
 1886.77931629 1898.77598727 1895.31498547]";2016-04-10 12:00:00;2016-07-03 12:00:00
214;13;catboost_normal;0.034651677281692654;33.333333333333336;0.035461438270508926;98.83282561284086;0.035460700746250545;85.2525584454875;[2366.43, 2369.53, 2390.59, 2419.53, 2406.42, 2491.02, 2478.39, 2482.26, 2470.39, 2449.71, 2447.86, 2447.49, 2469.36];"[2383.94359336 2394.30271445 2388.43292863 2388.20214155 2352.83655719
 2341.44671608 2344.87077415 2351.81233785 2358.57071247 2340.19544056
 2341.33117995 2350.34432923 2328.97993035]";2016-11-27 12:00:00;2017-02-19 12:00:00
199;13;catboost_normal;0.2883407500741634;58.333333333333336;0.2474850335487295;542.9098120083996;0.24747824809295763;459.178525984361;[1366.07254, 1460.25998, 1673.16787, 1945.88388, 1883.2231, 1913.85999, 1681.72392, 1854.85472, 1830.62858, 1844.7314, 1366.96743, 1353.12068, 1625.71722];"[1177.66166868 1311.56221917 1345.02937954 1507.09429084 1789.18475219
 1981.22110757 2207.65469376 2323.59563702 2406.10215169 2421.08049276
 2432.49220412 2261.40874609 2209.29468521]";2016-01-24 12:00:00;2016-04-17 12:00:00
242;13;catboost_normal;0.5157459504430854;50.0;0.8465555692651827;1782.3119853039698;0.84652877722462;1427.9999087436665;[3674.0, 3670.0, 3618.0, 3556.0, 3430.0, 3237.0, 3023.0, 2770.0, 2492.0, 2376.0, 1923.0, 1657.0, 1577.0];"[3560.83363954 3265.78055546 2943.325785   2484.01871583 1970.613617
  686.36426767 -312.46415665 -178.27236009   23.43985437  540.30996627
  709.52615712 1352.81672798 1761.29158317]";2016-01-31 12:00:00;2016-04-24 12:00:00
257;13;catboost_normal;0.043544209401468054;41.666666666666664;0.042134687709820234;106.44206042113298;0.04213365300814758;85.79878774573935;[2097.4, 2102.3, 2087.1, 2130.7, 2087.5, 2024.5, 1983.4, 1973.8, 1998.2, 1975.9, 1931.8, 1928.8, 1940.1];"[2125.56857797 2107.74979802 2101.593359   2096.89459071 2094.04358263
 2094.03906009 2087.94864594 2096.22710298 2082.39637625 2093.34742892
 2096.98606708 2105.52169336 2126.95713915]";2016-10-16 12:00:00;2017-01-08 12:00:00
185;13;catboost_normal;0.023564414112779136;33.333333333333336;0.02318577227870529;51.45387425098415;0.02318515790880005;43.7496228054085;[1919.889, 1914.365, 1890.092, 1880.902, 1872.352, 1856.579, 1848.858, 1844.722, 1845.492, 1853.433, 1859.766, 1863.772, 1865.78];"[1918.61872704 1915.24082866 1903.98282996 1904.97397388 1919.37497264
 1923.93459773 1920.12195685 1929.69187902 1924.60345123 1911.78132912
 1907.61215256 1900.17893164 1902.09092021]";2016-01-10 12:00:00;2016-04-03 12:00:00
214;13;catboost_normal;0.030987336482330537;33.333333333333336;0.03152021057293733;76.27917951120847;0.03151952992064424;72.98233919264675;[2328.12, 2339.57, 2342.97, 2349.62, 2372.69, 2373.54, 2358.44, 2351.94, 2352.89, 2331.34, 2346.85, 2361.02, 2363.68];"[2303.71521983 2298.95206983 2291.07565447 2268.01682051 2284.42927258
 2263.58376334 2280.68738838 2260.56610518 2269.56026667 2272.4631291
 2271.88497514 2279.57203094 2279.39289454]";2016-08-28 12:00:00;2016-11-20 12:00:00
200;13;catboost_normal;0.22410159612856456;16.666666666666668;0.19606021931866652;526.0884497626103;0.19605585407797832;442.74546450640895;[1967.0, 2006.0, 2007.0, 1992.0, 1974.0, 1963.0, 1958.0, 1941.0, 1986.0, 1972.0, 1970.0, 1973.0, 2025.0];"[1820.33206156 1711.39581291 2030.40156688 2077.75636819 2122.93411279
 2281.13754531 2434.67117932 2512.85090026 2668.62179098 2773.04113294
 2903.51492334 2697.1849104  2573.30448264]";2016-10-23 12:00:00;2017-01-15 12:00:00
257;13;catboost_normal;0.014026079387089364;41.666666666666664;0.014057281244402585;32.10707157924829;0.014056950563378558;29.879367876252218;[2111.8, 2078.9, 2085.1, 2142.6, 2143.2, 2162.7, 2159.5, 2122.8, 2146.3, 2144.4, 2148.3, 2152.5, 2125.5];"[2137.8100121  2131.09567671 2120.78271829 2118.30747649 2123.864698
 2125.53587067 2126.59524842 2130.7286833  2125.7087641  2120.93064594
 2112.81568759 2103.35199119 2101.27492562]";2016-07-17 12:00:00;2016-10-09 12:00:00
186;13;catboost_normal;0.015964105120195186;41.666666666666664;0.01607981564108881;16.732488595171127;0.016078956297575008;15.043943185888557;[942.8, 948.4, 944.3, 940.1, 945.4, 960.0, 936.4, 939.7, 939.3, 934.4, 920.4, 913.7, 937.7];"[920.81083545 927.75204676 934.0591542  923.05099581 917.54659699
 935.97433258 949.9102576  922.1798719  927.19008738 927.72342543
 935.68267825 914.19715181 945.86852025]";2016-10-23 12:00:00;2017-01-15 12:00:00
227;13;catboost_normal;0.046454041210524114;58.333333333333336;0.04496820655965721;455.4198286970252;0.04496792608477419;360.7394937347864;[8570.0, 8643.0, 8476.0, 8458.0, 8365.0, 8147.0, 8082.0, 7992.0, 7834.0, 7666.0, 7610.0, 7425.0, 7390.0];"[8326.22289877 8380.03637341 8232.96631977 8298.80559952 8255.76548715
 8242.92047477 8172.02989708 8156.65367309 8164.2993133  8226.3959287
 8266.70342284 8317.69800666 8270.70938073]";2016-01-24 12:00:00;2016-04-17 12:00:00
243;13;catboost_normal;0.19927596796108946;58.333333333333336;0.23687866630594462;345.6678219578737;0.23686794910736503;263.33908264023563;[806.8, 841.6, 883.8, 914.1, 988.6, 1108.0, 1183.0, 1226.4, 1258.0, 1325.9, 1434.3, 1480.2, 1488.3];"[781.5726162  812.12003914 831.11897162 896.03378659 944.70610438
 946.20091532 917.5381819  951.57621377 908.31596465 930.30458054
 903.69165252 848.91149427 843.50140478]";2016-10-30 12:00:00;2017-01-22 12:00:00
200;13;catboost_normal;0.1823906194085825;41.666666666666664;0.15971771092837553;480.94655765718517;0.1597144867925653;396.14982343635705;[2630.0, 2572.0, 2602.0, 2583.0, 2471.0, 2463.0, 2393.0, 2340.0, 2266.0, 2176.0, 2121.0, 2021.0, 1895.0];"[2662.39061561 2683.59912813 2701.11674124 2700.05022713 2697.38750744
 2728.83131231 2758.18241951 2774.73707303 2796.01599993 2796.34569824
 2798.68856447 2796.93474539 2788.66767225]";2016-07-24 12:00:00;2016-10-16 12:00:00
228;13;catboost_normal;0.20230960941896547;75.0;0.17677420691415732;104.95676357541728;0.17675620355875937;87.1197722082207;[465.53, 438.43, 443.29, 443.83, 391.38, 476.51, 405.11, 448.58, 416.24, 441.32, 428.96, 432.6, 449.93];"[470.61452986 454.71617266 464.64598175 477.75587008 472.89373459
 506.64137136 508.08701806 536.29744314 542.37168714 570.97239181
 588.27569193 608.08106479 612.91408155]";2016-10-23 12:00:00;2017-01-15 12:00:00
257;13;catboost_normal;0.02516316347993531;50.0;0.02563110476131507;64.35387139586625;0.02563048811670083;53.26792465242158;[2088.4, 2091.5, 2077.2, 2127.6, 2112.0, 2084.4, 2066.7, 2073.0, 2121.7, 2110.7, 2126.9, 2124.7, 2134.4];"[2096.78693197 2070.80849297 2068.00562978 2055.62061403 2064.95850749
 2052.51552872 2049.62972191 2047.53077017 2047.18310082 2041.53316891
 2024.95317783 2021.21672303 2022.74847584]";2016-04-17 12:00:00;2016-07-10 12:00:00
214;13;catboost_normal;0.01143391933655222;41.666666666666664;0.011517191066071682;33.16531687229293;0.011516937497674889;26.15857146876988;[2222.07, 2237.14, 2234.27, 2214.11, 2230.67, 2313.12, 2301.17, 2282.88, 2310.01, 2301.35, 2311.83, 2300.6, 2316.27];"[2207.93829424 2219.80634439 2238.92653803 2246.83627514 2243.59180648
 2268.36893827 2284.51490667 2295.24603726 2300.2960723  2290.69829525
 2273.90037088 2253.1991146  2237.44689121]";2016-05-29 12:00:00;2016-08-21 12:00:00
243;13;catboost_normal;0.16894353836596102;33.333333333333336;0.1505623496225164;157.80323511818273;0.15055372609878323;131.48365162633283;[894.5, 879.3, 860.7, 845.3, 814.2, 801.3, 789.4, 777.2, 763.6, 752.7, 770.7, 764.5, 781.8];"[ 893.12416329  890.4509513   884.01944811  894.4014638   905.71513106
  916.42381721  934.98931361  927.57355372  948.50383342  968.24588885
  990.76549842 1031.17130707 1016.35142786]";2016-07-31 12:00:00;2016-10-23 12:00:00
200;13;catboost_normal;0.021027635463036175;41.666666666666664;0.02120017956116156;67.82650152817577;0.02119979090861932;57.83282071363034;[2828.0, 2836.0, 2781.0, 2793.0, 2761.0, 2730.0, 2718.0, 2660.0, 2684.0, 2647.0, 2688.0, 2629.0, 2656.0];"[2716.38932594 2707.8045245  2702.87256202 2702.58728151 2700.83272546
 2700.55396315 2702.8724409  2701.46644636 2700.90540841 2701.42795402
 2700.68637238 2699.38333983 2698.86997174]";2016-04-24 12:00:00;2016-07-17 12:00:00
186;13;catboost_normal;0.07348461957305177;25.0;0.06937880824139116;89.11798009629183;0.06937541770396566;70.98713695636978;[1049.8, 1032.7, 1033.0, 1033.9, 1019.2, 1016.2, 993.3, 993.9, 985.3, 978.9, 962.1, 929.6, 923.8];"[1056.3025346  1053.15584975 1053.55755369 1050.52281964 1065.38503653
 1048.9440285  1062.83512061 1059.33320314 1070.90005707 1074.82661981
 1086.30689509 1086.36152758 1106.10153442]";2016-07-24 12:00:00;2016-10-16 12:00:00
214;13;catboost_normal;0.014685415932404954;50.0;0.014658735248547357;36.75931000632145;0.014658406571958018;32.69225013102851;[2276.27, 2272.27, 2272.68, 2281.96, 2295.19, 2200.95, 2186.46, 2180.33, 2173.61, 2193.67, 2211.44, 2217.5, 2207.89];"[2256.11720356 2254.92617088 2248.68352028 2244.18341761 2227.00188322
 2224.30335394 2221.56612568 2221.44586648 2235.03172589 2235.92286174
 2236.55224336 2224.21121026 2230.3580599 ]";2016-02-28 12:00:00;2016-05-22 12:00:00
243;13;catboost_normal;0.3232661245930463;16.666666666666668;0.2727560905728727;324.512835234556;0.27274379563498613;302.80589224358636;[1022.4, 979.6, 965.1, 957.8, 953.2, 960.2, 954.4, 931.0, 919.5, 913.3, 938.8, 917.9, 911.8];"[1098.73009669 1135.56146247 1167.63408559 1197.41930405 1219.9890904
 1237.65501047 1250.55878391 1264.23184057 1277.58828812 1293.72501785
 1310.32784575 1362.69735937 1445.35841392]";2016-05-01 12:00:00;2016-07-24 12:00:00
257;13;catboost_normal;0.017950237376973675;33.333333333333336;0.01821152023711025;47.805271730794054;0.018211069997780025;36.833596318713646;[1978.5, 1994.9, 1973.4, 2000.1, 2045.8, 2036.0, 2043.6, 2014.3, 2031.0, 2032.3, 2050.8, 2068.1, 2101.5];"[1964.64604272 1970.8250485  1993.76027114 2009.7976274  2012.92453951
 2019.1289506  2000.6988931  2004.31270353 2007.76813843 1998.79550613
 1996.31545676 1992.9427344  1979.66313272]";2016-01-17 12:00:00;2016-04-10 12:00:00
200;13;catboost_normal;0.012700078670869749;58.333333333333336;0.012785397344530674;42.39703531532349;0.012785157612262954;34.096146305823716;[2642.0, 2716.0, 2661.0, 2656.0, 2684.0, 2673.0, 2702.0, 2690.0, 2719.0, 2676.0, 2720.0, 2669.0, 2737.0];"[2627.23237047 2634.99410245 2624.50934529 2621.00374013 2600.70690793
 2625.50326524 2677.6770123  2684.76871915 2704.26895233 2709.83754695
 2719.4746928  2720.18950408 2721.63804098]";2016-01-24 12:00:00;2016-04-17 12:00:00
215;13;catboost_normal;0.026966694358118194;50.0;0.027437798101923802;98.96273443551738;0.02743736763218643;87.44434241810194;[3140.68, 3143.77, 3165.33, 3194.56, 3177.71, 3278.54, 3265.51, 3269.02, 3257.17, 3236.28, 3234.39, 3231.67, 3247.35];"[3151.10203922 3138.91506322 3122.64349766 3140.87442665 3123.06333329
 3141.78637391 3136.33312169 3125.87480239 3127.62123375 3128.85762614
 3137.32569236 3121.39183662 3130.25858011]";2016-11-27 12:00:00;2017-02-19 12:00:00
228;13;catboost_normal;0.051399287613296256;66.66666666666667;0.05313938927913816;31.21293255935189;0.05313410855634583;26.904710006758535;[571.86, 580.82, 570.87, 582.67, 549.43, 549.01, 529.05, 527.47, 514.89, 513.2, 452.51, 499.39, 458.98];"[575.30096063 562.44905191 548.20883451 534.61256399 540.09066311
 520.59794651 510.98606194 497.38042485 495.49998215 472.47566084
 471.66426493 434.2815026  432.03130305]";2016-07-24 12:00:00;2016-10-16 12:00:00
243;13;catboost_normal;0.19994437238267168;58.333333333333336;0.2378179509872994;303.39391289508626;0.23780622001077803;245.21576800169714;[1562.4, 1546.5, 1512.0, 1476.1, 1423.0, 1366.5, 1296.8, 1216.7, 1171.6, 1128.1, 1082.5, 1060.5, 1037.2];"[1559.03676363 1486.45557936 1493.29778584 1334.85217527 1168.74431882
 1008.62516263  856.81118085  622.70229065  701.75262367  872.76182865
  778.00488568  834.84131581  974.20910511]";2016-01-31 12:00:00;2016-04-24 12:00:00
186;13;catboost_normal;0.03320806341253493;58.333333333333336;0.033840047037247245;38.374148218301556;0.03383845943093357;36.068641311283415;[1096.4, 1105.0, 1093.9, 1100.7, 1101.0, 1097.4, 1075.6, 1070.1, 1077.2, 1070.5, 1055.7, 1045.4, 1050.8];"[1063.17940026 1055.56224488 1053.30509293 1056.65446176 1047.48132582
 1038.23990069 1043.54028589 1039.43108485 1040.96396741 1032.72149008
 1035.38328516 1032.19723143 1032.14789181]";2016-04-24 12:00:00;2016-07-17 12:00:00
258;13;catboost_normal;0.23764986202076688;41.666666666666664;0.2040359022204745;1602.6386060541904;0.2040343846383362;1375.5631308262587;[6698.0, 6436.0, 5556.0, 6939.0, 6746.0, 5285.0, 5924.0, 5200.0, 6741.0, 6343.0, 5893.0, 5953.0, 5594.0];"[6720.84968367 6636.61675739 7774.34426631 7357.0555283  7940.89299348
 7746.45266656 7512.05540175 7111.11781011 7393.74633261 7701.27967477
 8612.32872794 7459.50061118 7224.08024667]";2016-10-16 12:00:00;2017-01-08 12:00:00
201;13;catboost_normal;0.09182709073876436;66.66666666666667;0.0872747102172616;409.17055130109657;0.08727371751923305;383.70035291607667;[4203.0, 4253.0, 4204.0, 4217.0, 4166.0, 4203.0, 4106.0, 4133.0, 4145.0, 4147.0, 4222.0, 4175.0, 4252.0];"[4277.66250291 4392.43669771 4464.15562458 4520.67438564 4566.90844317
 4584.28657343 4596.92103194 4607.26509089 4619.02454277 4637.37404783
 4658.49615734 4707.14511833 4781.75437138]";2016-10-23 12:00:00;2017-01-15 12:00:00
215;13;catboost_normal;0.02718386083726177;50.0;0.02761196015859426;91.02355937182676;0.027611512700663095;85.19367878345712;[3100.56, 3112.65, 3116.01, 3122.59, 3145.26, 3151.95, 3136.56, 3129.99, 3130.95, 3114.68, 3128.5, 3142.58, 3145.8];"[3078.0172555  3082.3154179  3068.01083837 3060.23234115 3041.53430401
 3027.92034721 3041.67122931 3027.45696597 3030.0141079  3026.72938976
 3028.55336781 3026.19783296 3031.90877796]";2016-08-28 12:00:00;2016-11-20 12:00:00
258;13;catboost_normal;0.12819179582797216;75.0;0.11920148166029011;922.0943931884754;0.1192006359250062;844.5557404149869;[6731.0, 7332.0, 6068.0, 7307.0, 6982.0, 6882.0, 6203.0, 5787.0, 6830.0, 8671.0, 6947.0, 6219.0, 6310.0];"[7500.4897101  7150.96664358 7067.98917216 7895.24428416 8557.48138871
 7501.11145108 7349.95610371 6745.30415138 7703.63729811 8292.86162831
 8059.56288383 7468.77066728 6836.50578678]";2016-07-17 12:00:00;2016-10-09 12:00:00
228;13;catboost_normal;0.052688976979430424;75.0;0.05241069491547219;32.3042985802603;0.05240548279539171;26.425089152595095;[458.17, 454.54, 451.4, 468.39, 460.66, 475.08, 483.76, 499.52, 522.23, 537.58, 523.98, 548.44, 576.69];"[461.17267436 487.19933805 469.47332214 498.91342922 486.45058087
 507.80227957 525.0273815  528.85323461 531.81760165 536.6707899
 532.73120801 510.5038765  503.72022461]";2016-04-24 12:00:00;2016-07-17 12:00:00
186;13;catboost_normal;0.04874572396204983;25.0;0.05030382053316325;58.22160229037967;0.050301367680399674;51.58314982899359;[1016.7, 1041.3, 1041.9, 1047.3, 1059.5, 1064.5, 1067.7, 1062.0, 1071.7, 1068.0, 1056.5, 1051.1, 1064.9];"[ 995.82468504  993.39018171  986.32184157  991.35236418  990.32022827
  988.18570886  979.62759999  986.84219106  995.5680684  1005.17099186
 1019.98209426 1049.79041555 1060.14268147]";2016-01-24 12:00:00;2016-04-17 12:00:00
201;13;catboost_normal;0.15341232844682276;16.666666666666668;0.13679896691131263;850.2070881447653;0.13679760233250213;685.8443665504601;[5126.0, 5071.0, 5038.0, 5043.0, 4902.0, 4906.0, 4723.0, 4648.0, 4566.0, 4535.0, 4449.0, 4200.0, 4134.0];"[5130.07360584 5215.34906148 5302.0180832  5222.75175807 5274.91435592
 5276.57148249 5303.70468192 5386.62797621 5492.50833832 5628.00657301
 5656.32249762 5691.04443971 5677.08391135]";2016-07-24 12:00:00;2016-10-16 12:00:00
215;13;catboost_normal;0.006425745908369357;50.0;0.006430070231878994;26.119125641368154;0.0064299646813361306;19.588581196500435;[2989.78, 3005.58, 3000.0, 2979.83, 2996.19, 3089.53, 3077.59, 3059.1, 3085.84, 3075.58, 3084.32, 3073.04, 3088.71];"[2976.30485787 2977.99014482 3002.59664144 2993.89882261 3025.71175049
 3089.03869038 3093.21450879 3109.30350762 3092.42006923 3079.49739162
 3064.11348239 3061.74368269 3029.63027811]";2016-05-29 12:00:00;2016-08-21 12:00:00
228;13;catboost_normal;0.06278782193112974;83.33333333333333;0.060258452976826984;34.61428076839384;0.06025237523376662;29.87666594097092;[523.01, 521.28, 496.71, 510.01, 491.34, 492.7, 476.24, 484.15, 460.17, 480.89, 456.23, 470.08, 476.43];"[509.45745957 520.80668921 508.07043534 519.19532891 510.45564663
 519.5084343  511.89071983 518.31024885 513.64168789 518.37075791
 515.067014   518.24854519 516.56198718]";2016-01-24 12:00:00;2016-04-17 12:00:00
187;13;catboost_normal;0.09082641431852452;25.0;0.08550983577220318;234.07252393327022;0.08550800291532701;199.56176885160136;[2235.0, 2247.0, 2197.0, 2225.0, 2192.0, 2240.0, 2149.0, 2191.0, 2159.0, 2176.0, 2252.0, 2201.0, 2227.0];"[2268.62698101 2250.28795932 2304.41866617 2303.48724816 2337.66471485
 2337.92243818 2411.66988465 2418.06313407 2493.62288142 2476.70457531
 2556.02901432 2589.61139335 2537.19410423]";2016-10-23 12:00:00;2017-01-15 12:00:00
258;13;catboost_normal;0.08611695298115554;25.0;0.08655069522818272;783.0010511035933;0.08655007960881199;611.3189713742694;[8890.0, 6359.0, 6084.0, 7245.0, 7098.0, 6601.0, 6095.0, 6673.0, 7704.0, 6597.0, 7166.0, 6575.0, 7294.0];"[6941.93614922 6787.0472552  6963.66869672 7122.94441656 7194.67700519
 6942.54611414 7230.7377406  7188.15041509 6765.8606218  6918.53592627
 6753.51029081 6834.26355974 6745.2286067 ]";2016-04-17 12:00:00;2016-07-10 12:00:00
244;13;catboost_normal;0.049106861290567544;75.0;0.0488627159977358;146.18310019694113;0.04886178193394948;128.97408684883106;[2291.2, 2266.7, 2332.0, 2266.8, 2538.8, 2482.1, 2508.7, 2508.2, 2705.3, 2972.8, 3072.2, 3059.0, 2984.6];"[2356.63597473 2405.09568955 2495.50483569 2483.17743558 2682.33505434
 2522.49479027 2532.11937573 2610.55984546 2661.02441568 2836.2479835
 2888.26518775 2797.06117112 2828.06111426]";2016-10-30 12:00:00;2017-01-22 12:00:00
215;13;catboost_normal;0.013434636035483779;58.333333333333336;0.013432042231436635;44.58831539393813;0.013431819259780762;40.461963238279836;[3073.02, 3069.02, 3069.41, 3078.53, 3091.72, 2975.21, 2960.72, 2954.55, 2947.63, 2965.42, 2981.59, 2987.07, 2975.6];"[3060.57639976 3054.00533003 3033.60933898 3020.59902755 3002.34645439
 3012.08531427 3002.31478661 2988.24504063 3002.74888696 3006.82067579
 3011.70349217 3022.34313078 3016.97074558]";2016-02-28 12:00:00;2016-05-22 12:00:00
201;13;catboost_normal;0.04065294092029145;75.0;0.04160332571008068;235.40039256969422;0.04160293309726293;220.58036377497837;[5590.0, 5660.0, 5505.0, 5566.0, 5508.0, 5494.0, 5333.0, 5224.0, 5268.0, 5179.0, 5252.0, 5137.0, 5142.0];"[5292.84918476 5335.73350803 5262.87502451 5304.41001453 5187.00989211
 5173.44336231 5088.98607048 5154.62446585 5101.60698618 5074.54750958
 5041.84908907 4983.84810498 4988.67205853]";2016-04-24 12:00:00;2016-07-17 12:00:00
229;13;catboost_normal;0.09144947983142157;66.66666666666667;0.09477252955025794;499.4382363183961;0.0947711442766237;331.9300415474439;[3117.6, 2928.4, 2783.4, 2987.1, 2533.1, 3403.5, 3054.5, 3060.2, 3022.7, 3426.2, 4886.7, 4280.2, 3533.6];"[3066.97785293 3079.62717479 3066.86896159 3094.13644894 2928.04849082
 3386.01707291 3326.64651147 3313.96645482 3290.40413289 3234.17619269
 3440.0017452  3492.06097133 3443.77380014]";2016-10-23 12:00:00;2017-01-15 12:00:00
201;13;catboost_normal;0.04763914067039609;83.33333333333333;0.048944085196135356;265.82573180913585;0.04894360675436241;250.37099735298872;[5013.0, 5147.0, 5054.0, 5093.0, 5190.0, 5234.0, 5249.0, 5275.0, 5300.0, 5321.0, 5376.0, 5266.0, 5326.0];"[4933.81232301 4942.19044439 4941.94195702 4953.10513498 4956.4383779
 4965.61167747 4973.92951482 4983.81588769 4985.60315336 4994.08106382
 4990.1605976  4987.89571327 4980.59118907]";2016-01-24 12:00:00;2016-04-17 12:00:00
187;13;catboost_normal;0.10764309199738348;41.666666666666664;0.10013803983010373;291.01971799413815;0.10013602273395196;248.59633927854364;[2495.0, 2498.0, 2436.0, 2459.0, 2431.0, 2443.0, 2330.0, 2309.0, 2300.0, 2360.0, 2328.0, 2178.0, 2240.0];"[2509.141543   2522.07048468 2546.28952327 2574.26034784 2600.72157962
 2616.10924562 2638.81384929 2654.83285642 2663.50026768 2670.57042646
 2675.8463035  2680.00047022 2686.59551301]";2016-07-24 12:00:00;2016-10-16 12:00:00
244;13;catboost_normal;0.20335513190639293;50.0;0.17932020407239369;554.4029321869584;0.17931689403547232;485.96794983820405;[2877.2, 2846.2, 2899.6, 2688.2, 2323.4, 2439.4, 2487.2, 2415.8, 2382.3, 2345.7, 2296.2, 2337.1, 2324.9];"[2911.73091849 2845.86905361 3059.64056179 2925.76623297 3155.38007756
 2970.67966983 3041.06471829 3083.2558786  3003.93872592 3024.30932519
 3010.99301819 2951.23298535 2996.26028933]";2016-07-31 12:00:00;2016-10-23 12:00:00
258;13;catboost_normal;0.18696079825827058;66.66666666666667;0.17125319769609987;1375.4111761283502;0.17125201068507356;1240.4901316715655;[7869.0, 6438.0, 5829.0, 6881.0, 6965.0, 6590.0, 6321.0, 6110.0, 6833.0, 6606.0, 6623.0, 6823.0, 6813.0];"[6262.42064667 7300.33886313 7174.76060057 7549.54414482 7804.16727051
 8008.72774802 7913.51180996 7729.59533235 7616.29721904 6936.96041094
 7703.68362293 7996.66412378 9617.54121236]";2016-01-17 12:00:00;2016-04-10 12:00:00
216;13;catboost_normal;0.052116841459767145;8.333333333333334;0.05458230567967142;750.7036150569753;0.05458201184540112;507.80949110794415;[9877.09, 9890.943, 9890.0, 9800.0, 9897.0, 9700.0, 9000.0, 9700.0, 9907.7, 9907.0, 9700.0, 9910.0, 9900.0];"[ 9927.61954943  9704.96241927  9777.24504533 10021.67629872
  9732.90826586  9813.67817218  9854.78826102  8959.02760627
  7729.18520003  9382.20106918  9563.37801555  9263.18605244
  9229.69822303]";2015-03-08 12:00:00;2015-05-31 12:00:00
202;13;catboost_normal;0.2591976270214297;33.333333333333336;0.2216404590201349;1428.8457462206284;0.2216385131778442;1263.0791077140193;[5510.0, 5380.0, 5370.0, 5260.0, 5250.0, 5110.0, 5260.0, 5050.0, 4770.0, 4630.0, 4340.0, 4720.0, 5060.0];"[5539.66519063 5730.07417059 5963.60861585 5973.9323134  6117.39144249
 6370.84014478 6605.71756657 6675.83176881 6696.66448562 6578.74607385
 6551.59101139 6681.67701347 6644.28860282]";2016-10-23 12:00:00;2017-01-15 12:00:00
259;13;catboost_normal;0.2200596051558153;91.66666666666667;0.22828048139769422;251.2899362906164;0.22826375131064938;166.71876847477915;[583.0, 503.0, 527.0, 504.0, 643.0, 523.0, 522.0, 1437.0, 464.0, 626.0, 475.0, 785.0, 966.0];"[675.0484308  563.7864531  656.06943979 654.37935942 669.16028574
 611.05901567 596.34827327 677.51303742 611.93815347 652.69499098
 595.39517951 640.41234469 618.61020947]";2016-10-16 12:00:00;2017-01-08 12:00:00
229;13;catboost_normal;0.12926336955923426;41.666666666666664;0.11983685542962291;430.66860358572836;0.11983501960503976;391.32241142074247;[3288.8, 3215.3, 3200.6, 3081.7, 3065.8, 3032.4, 3060.7, 3097.7, 2987.1, 2854.6, 2931.3, 2991.5, 3150.4];"[3320.6192149  3242.3252818  3445.3983636  3577.86839653 3642.7985622
 3531.11124202 3572.92389453 3559.58495787 3400.46397515 3426.33812627
 3403.41272075 3483.80625495 3438.44035789]";2016-07-24 12:00:00;2016-10-16 12:00:00
244;13;catboost_normal;0.12517719925341175;58.333333333333336;0.11561880092448334;415.4873595393419;0.11561694698330105;360.84612347802397;[2947.5, 2834.0, 2854.0, 2884.6, 2863.4, 2894.1, 3046.2, 2898.2, 2742.1, 2876.6, 2995.2, 2942.7, 2864.5];"[2912.32116615 2970.39565651 3030.60783003 3056.10738446 3113.08522167
 3181.89557805 3273.62318133 3371.74790626 3439.33365443 3457.98136756
 3501.67211947 3476.21045895 3478.76041265]";2016-05-01 12:00:00;2016-07-24 12:00:00
187;13;catboost_normal;0.06783558137746441;41.666666666666664;0.07062486877292216;197.8953431702749;0.0706234979840579;182.11118928859256;[2762.0, 2825.0, 2723.0, 2773.0, 2747.0, 2764.0, 2615.0, 2564.0, 2585.0, 2532.0, 2564.0, 2507.0, 2486.0];"[2593.39436825 2602.30464591 2528.03805499 2498.4838937  2473.58919665
 2437.14503391 2447.42981783 2435.48585126 2425.7579576  2390.66564967
 2381.94128826 2393.61294771 2471.70583351]";2016-04-24 12:00:00;2016-07-17 12:00:00
216;13;catboost_normal;0.09258106307221516;25.0;0.10109675874982081;1306.2813628935837;0.10109619048114395;902.4540352174998;[9900.0, 9903.241, 9890.0, 9000.0, 9902.195, 9700.0, 9907.27, 9894.153, 9700.0, 9800.0, 9800.0, 9867.31, 9876.83];"[ 9760.33984851  9433.86060404  9341.3942323  10288.60420673
  9587.44638203  9977.95671852  9833.92443146  9797.8205047
  9718.22150863  8128.28241528  8143.35182183  7931.68503495
  6635.77370095]";2014-12-07 12:00:00;2015-03-01 12:00:00
202;13;catboost_normal;0.06736202027752292;41.666666666666664;0.06400076807456886;496.6656037479131;0.06400025834735609;402.25153179788373;[6690.0, 6180.0, 6180.0, 6300.0, 6700.0, 6620.0, 6440.0, 6440.0, 6270.0, 5900.0, 6090.0, 5760.0, 5460.0];"[6811.78203033 6806.96214058 6751.33773991 6591.47050339 6537.65388679
 6523.38462219 6538.68265335 6534.32840654 6571.86852109 6548.01617464
 6522.06193136 6502.76680532 6501.03151584]";2016-07-24 12:00:00;2016-10-16 12:00:00
229;13;catboost_normal;0.15289689333598847;41.666666666666664;0.13572896139428714;644.64785292248;0.13572709191740215;494.31483076180587;[3013.9, 3069.1, 3169.8, 3094.8, 3305.6, 3184.5, 3346.4, 3227.3, 3195.7, 3128.0, 3256.7, 3982.6, 3394.8];"[3079.96699705 3140.19201541 3018.25643136 3290.72483744 3301.72028636
 3729.80376663 3852.86305764 4144.54881783 4082.40824253 4115.65683837
 4448.28933912 3948.10663942 4262.92224502]";2016-04-24 12:00:00;2016-07-17 12:00:00
259;13;catboost_normal;0.25620111742129115;66.66666666666667;0.28571108961292313;272.94820703972545;0.28568832472635736;190.138636909274;[640.0, 382.0, 760.0, 460.0, 529.0, 522.0, 606.0, 1366.0, 650.0, 761.0, 365.0, 756.0, 561.0];"[462.93364765 391.52420271 506.99214133 742.75406881 511.03989767
 479.10953888 438.08167734 579.67523359 512.71184839 519.3287356
 431.69694855 509.02773049 519.2724893 ]";2016-07-17 12:00:00;2016-10-09 12:00:00
202;13;catboost_normal;0.18179534492345042;41.666666666666664;0.20192881441785945;1255.487270839449;0.20192710927788535;1195.8033199052593;[6120.0, 6370.0, 6510.0, 6600.0, 6590.0, 6520.0, 6230.0, 6420.0, 6710.0, 6700.0, 6550.0, 6740.0, 6770.0];"[5810.20763149 5603.97106287 5572.21763313 5401.0395227  5348.11832182
 5392.97433533 5334.8298265  5253.99969176 5163.52243495 5104.70739901
 5094.04466492 5092.50550844 5112.41880829]";2016-04-24 12:00:00;2016-07-17 12:00:00
244;13;catboost_normal;0.18908910938318732;41.666666666666664;0.21204540100067554;648.4468464663539;0.2120416907944293;610.1972064777032;[3471.9, 3498.1, 3511.1, 3547.9, 3477.4, 3356.9, 3264.6, 3135.2, 3038.9, 3080.8, 2916.3, 2882.3, 2865.5];"[3212.14012642 3093.27505051 2925.20487484 2835.88176156 2739.33043964
 2628.9206137  2481.43581995 2297.90087985 2215.3714696  2194.99440089
 2304.33259204 2592.61409729 2592.93418947]";2016-01-31 12:00:00;2016-04-24 12:00:00
187;13;catboost_normal;0.043035568661777365;83.33333333333333;0.04442096536340652;135.04671481822305;0.04442007897529358;111.3279177191495;[2370.0, 2431.0, 2394.0, 2437.0, 2507.0, 2560.0, 2547.0, 2585.0, 2582.0, 2646.0, 2656.0, 2597.0, 2589.0];"[2378.01523889 2452.9560377  2410.28402183 2418.90546472 2413.02904977
 2484.75758386 2453.99217788 2429.26323867 2426.12710535 2456.5279384
 2464.27660669 2388.36287544 2369.75032728]";2016-01-24 12:00:00;2016-04-17 12:00:00
259;13;catboost_normal;0.9040086195835477;50.0;0.5812170896077714;461.88368438514055;0.5811672777367404;372.2527652777721;[405.0, 397.0, 842.0, 381.0, 324.0, 391.0, 275.0, 568.0, 292.0, 402.0, 293.0, 1406.0, 684.0];"[ 574.02373972  279.82230205  932.65284522  991.95075198 1250.74677872
  326.23050396  545.09029519  998.42910049  905.65454213  631.70715564
  590.39874698  587.07619833  484.23900312]";2016-04-17 12:00:00;2016-07-10 12:00:00
245;13;catboost_normal;0.10056758017089058;66.66666666666667;0.09392895004494858;198.8437225468525;0.0939258281100445;144.1242695508899;[1138.7, 1098.0, 1159.8, 1136.4, 1476.2, 1476.6, 1385.7, 1392.2, 1435.2, 1579.6, 1807.3, 1769.8, 1686.5];"[1103.69929225 1150.23073344 1187.36655544 1251.88480491 1291.61595772
 1410.61022213 1468.86755532 1703.64577175 1892.64496295 1943.40015528
 1775.50371462 1681.93951153 1629.25633669]";2016-10-30 12:00:00;2017-01-22 12:00:00
202;13;catboost_normal;0.06865449787418101;25.0;0.06882573372875321;432.91246503369405;0.06882509887620486;373.6077166047923;[5130.0, 5030.0, 4960.0, 5050.0, 4930.0, 5040.0, 5230.0, 5680.0, 6100.0, 5860.0, 5640.0, 5580.0, 5940.0];"[5138.59817372 5348.85771559 5398.28513157 5491.17685993 5525.34256156
 5433.00024173 5270.35611495 5383.33248735 5334.14544837 5330.31104106
 5401.00781293 5422.69930315 5307.22039033]";2016-01-24 12:00:00;2016-04-17 12:00:00
229;13;catboost_normal;0.0737669065590372;75.0;0.07167989210544366;296.0887897556103;0.07167887915897728;256.85925691165346;[3973.4, 3810.0, 3766.1, 3683.0, 3516.5, 3409.5, 3385.1, 3288.7, 3186.8, 3175.5, 3252.1, 3167.8, 3046.7];"[4322.87146972 4132.40866076 4202.5326058  3792.92777269 3873.93758687
 3874.42627746 3821.6283268  3389.95994062 3240.41196364 3102.94789449
 3165.926701   2907.18731509 2758.87235395]";2016-01-24 12:00:00;2016-04-17 12:00:00
188;13;catboost_normal;0.07807821290979483;66.66666666666667;0.08207829745280795;195.62395064596987;0.0820763484914427;172.92244992539221;[2128.0, 2141.0, 2165.0, 2108.0, 2221.0, 2365.0, 2180.0, 2244.0, 2272.0, 2246.0, 2038.0, 1965.0, 2069.0];"[2002.31028178 1985.53815532 1961.23675252 1976.66149093 2004.50508811
 2017.52241346 1986.16896167 1992.93253781 2003.44787253 2015.91846745
 1997.06202401 1993.6268923  2014.33099767]";2016-10-23 12:00:00;2017-01-15 12:00:00
230;13;catboost_normal;0.2527668540043288;58.333333333333336;0.3283268566200731;455.73222485119715;0.3283099338813234;321.7535655832544;[599.6, 646.8, 672.0, 706.3, 755.7, 899.6, 917.3, 1036.2, 1119.2, 1283.0, 1384.5, 1475.1, 1504.4];"[596.07416563 632.15162778 661.63231368 706.79612256 751.76160408
 695.08644104 743.5032668  722.32407771 692.36750061 696.50690738
 655.41555218 631.16902726 633.10728584]";2016-10-23 12:00:00;2017-01-15 12:00:00
203;13;catboost_normal;0.004783639895924389;75.0;0.0047987893530071065;40.38571593331423;0.004798756580370835;35.13361993178772;[7304.0, 7318.9, 7362.3, 7295.9, 7296.4, 7304.9, 7339.5, 7345.8, 7326.6, 7325.2, 7360.2, 7382.9, 7378.7];"[7302.42904074 7309.95662041 7299.021816   7274.41012291 7278.71341462
 7282.16888212 7284.20404081 7285.15411134 7282.97407577 7291.08216603
 7309.99447765 7328.10956936 7356.34460312]";2015-08-23 12:00:00;2015-11-15 12:00:00
216;13;catboost_normal;0.06386392154523149;33.333333333333336;0.06748069242320799;907.2866133461524;0.0674803242055248;619.1016501485997;[9902.0, 9904.796, 9500.0, 9500.0, 9700.0, 9000.0, 9894.22, 9500.0, 9000.0, 9000.0, 9896.886, 9897.713, 9901.04];"[9927.6523396  9888.40539674 9879.17050574 9968.67037937 9438.35199458
 9749.84925137 9465.90260488 9577.02450403 9483.86518125 9020.83834923
 7635.26576324 8330.38794666 8593.09035255]";2014-09-07 12:00:00;2014-11-30 12:00:00
259;13;catboost_normal;0.2526578924607127;83.33333333333333;0.2628066890531869;286.5386405024237;0.2627788202228095;148.04789549993248;[432.0, 423.0, 466.0, 198.0, 458.0, 314.0, 672.0, 443.0, 388.0, 345.0, 397.0, 1390.0, 547.0];"[394.10533399 402.50476514 408.9432103  390.27619129 420.37066539
 404.46760273 432.51632275 418.82167539 428.95705626 400.76976923
 417.22503623 424.50555083 404.30549045]";2016-01-17 12:00:00;2016-04-10 12:00:00
188;13;catboost_normal;0.024469263520207084;66.66666666666667;0.024094370842578188;63.32079067926624;0.02409378399475122;49.47881867067055;[2099.0, 2040.0, 2093.0, 2054.0, 2052.0, 2023.0, 1955.0, 2059.0, 2100.0, 2132.0, 1982.0, 1947.0, 2004.0];"[2092.73653929 2092.08906113 2095.98043588 2108.9951725  2082.3675291
 2130.67062045 2104.67109975 2109.11059766 2115.59319046 2060.76559609
 2022.58496561 1973.11919882 1968.45509325]";2016-07-24 12:00:00;2016-10-16 12:00:00
230;13;catboost_normal;0.10196129166202302;83.33333333333333;0.09403539462083063;71.5797347066372;0.09402748965280558;55.963027244560685;[657.6, 632.0, 625.0, 623.1, 618.4, 585.4, 541.7, 542.7, 538.8, 541.8, 530.5, 546.4, 562.4];"[661.50757237 652.02795476 647.89730923 625.14818918 609.42939452
 591.06943826 621.77890416 665.4556629  632.66507223 662.56491209
 618.8609776  638.84120988 628.13154603]";2016-07-24 12:00:00;2016-10-16 12:00:00
203;13;catboost_normal;0.007083641004525331;58.333333333333336;0.007116190422362006;58.520701161208784;0.007116141175287186;51.415670340915455;[7150.2, 7215.2, 7202.7, 7200.1, 7189.3, 7204.1, 7244.3, 7246.0, 7251.8, 7287.7, 7309.2, 7306.6, 7307.6];"[7135.25104076 7145.80832998 7147.30478427 7141.13953643 7154.94113943
 7190.65217154 7206.90699226 7224.45037755 7227.77435715 7220.47055874
 7216.25660654 7216.99730956 7218.44308136]";2015-05-24 12:00:00;2015-08-16 12:00:00
260;13;catboost_normal;0.025344179004417385;33.333333333333336;0.02556360408616446;155.61968233935616;0.02556332426530146;116.9048891487809;[4687.3, 4661.5, 4573.9, 4712.8, 4699.2, 4555.3, 4629.3, 4557.9, 4714.0, 4676.1, 4633.5, 4639.5, 4603.6];"[4725.28882298 4632.55507507 4653.96481178 4631.77254104 4777.10426591
 4724.25760829 4709.13806283 4125.56883508 4585.36569004 4687.02306939
 4752.89110713 4735.89203249 4780.96591936]";2016-10-16 12:00:00;2017-01-08 12:00:00
188;13;catboost_normal;0.04907034436073335;50.0;0.05036670660186292;117.35455311182729;0.050365535622580726;108.37171828919585;[2156.0, 2162.0, 2188.0, 2197.0, 2255.0, 2247.0, 2219.0, 2265.0, 2273.0, 2273.0, 2021.0, 1998.0, 2025.0];"[2093.11478662 2084.63566344 2081.00026146 2055.33096497 2087.58133375
 2095.54752003 2093.21380182 2108.2264253  2140.43453593 2126.1245148
 2078.24817128 2053.77749558 2051.01647902]";2016-04-24 12:00:00;2016-07-17 12:00:00
245;13;catboost_normal;0.34399121124097193;33.333333333333336;0.2803778783679008;462.006030308936;0.28036823173983877;407.5801976672397;[1498.0, 1482.6, 1387.7, 1358.0, 1306.0, 1273.4, 1281.7, 1200.4, 1147.0, 1121.7, 1120.4, 1122.2, 1109.9];"[1564.92332546 1539.50649566 1603.90626459 1616.86666346 1602.48691287
 1646.60959646 1641.37478621 1661.65789703 1673.5061608  1723.74767834
 1787.96598012 1846.1220303  1798.86877839]";2016-07-31 12:00:00;2016-10-23 12:00:00
230;13;catboost_normal;0.4674983749215111;41.666666666666664;0.37084090213235704;324.6031337091423;0.370818515700985;307.3431769207497;[756.5, 703.3, 680.3, 657.1, 644.7, 662.1, 650.9, 652.1, 646.2, 670.6, 642.5, 673.3, 639.5];"[ 798.22541076  844.57068638  896.47051858  942.75228577  991.8192395
 1028.63513722 1028.57920028 1032.64883995 1035.48036781 1031.00047426
 1021.35707099 1016.55064008 1006.47142838]";2016-04-24 12:00:00;2016-07-17 12:00:00
216;13;catboost_normal;0.011875260949897746;50.0;0.011536790633872708;251.0949823853452;0.011536730532025809;110.77675595847177;[9894.4, 9896.013, 9888.731, 9000.0, 9899.104, 9890.0, 9900.0, 9902.0, 9914.427, 9900.001, 9900.0, 9907.9, 9906.558];"[9887.02392668 9889.35594434 9877.5217024  9883.87295657 9833.50878492
 9873.8385622  9807.36299046 9864.61790372 9876.42326279 9859.26633357
 9816.75462531 9804.37543725 9852.85965548]";2014-06-08 12:00:00;2014-08-31 12:00:00
188;13;catboost_normal;0.13958414600030938;8.333333333333334;0.15258364626497156;344.6648992894808;0.15257988637170333;309.9414484927148;[2123.0, 2179.0, 2258.0, 2293.0, 2339.0, 2309.0, 2264.0, 2176.0, 2211.0, 2184.0, 1973.0, 2032.0, 2076.0];"[2039.22554136 1977.97386733 1969.09370668 1847.07918552 1684.31725209
 1853.43076016 1854.02810654 1927.40058557 1919.92081817 1930.99913101
 1895.19500292 1755.99100948 1733.10620275]";2016-01-24 12:00:00;2016-04-17 12:00:00
203;13;catboost_normal;0.017638455825731612;75.0;0.017350849598683656;173.3455461214869;0.01735073017053004;126.05513273519318;[6979.0, 7009.0, 7037.7, 7046.5, 7052.7, 7090.3, 7186.3, 7207.2, 7127.2, 7116.0, 7163.7, 7222.1, 7132.3];"[6980.37584259 6996.61347361 7062.49874313 7079.37652753 7102.90375108
 7208.01074626 7409.29261981 7540.93556412 7410.87382126 7420.14569664
 7354.0029007  7258.13994566 7160.77404039]";2015-02-22 12:00:00;2015-05-17 12:00:00
230;13;catboost_normal;0.26082323190817325;75.0;0.22915839610035363;350.2861160206219;0.2291495920448267;314.9710975901445;[1472.2, 1447.3, 1425.7, 1369.7, 1353.0, 1282.0, 1173.0, 1087.5, 1043.4, 1033.4, 929.2, 849.4, 789.6];"[1653.11416202 1923.75249308 1922.26472212 1761.40206178 1798.56127372
 1594.07573668 1504.43975091 1498.76544554 1511.3848336  1358.00645983
 1012.63338202  847.3889428   618.98710982]";2016-01-24 12:00:00;2016-04-17 12:00:00
245;13;catboost_normal;0.5028495552090411;50.0;0.36314756159948103;1022.4253067045154;0.3631393143052281;809.6535824296717;[1711.9, 1731.0, 1727.5, 1735.4, 1681.2, 1703.9, 1699.4, 1643.9, 1541.0, 1515.6, 1670.4, 1644.4, 1567.9];"[1723.86180329 1744.70281439 2005.88081694 2085.00378166 2183.50562346
 2304.17427789 2612.91447449 2941.65474927 3829.91515268 3165.51194198
 2604.82281731 2534.48889364 2362.55942458]";2016-05-01 12:00:00;2016-07-24 12:00:00
217;13;catboost_normal;0.05012758513902286;50.0;0.050451125988610554;526.7846086108966;0.050450861642442425;481.57827586314545;[9932.821, 9936.393, 9000.0, 9700.0, 9943.0, 9700.0, 9940.001, 9700.0, 9948.552, 9951.79, 9000.0, 9945.0, 9000.0];"[9623.42611289 9354.61067232 9935.21007039 9436.91511269 9624.80922016
 9253.57610403 9203.13279646 9479.67978961 9210.64025493 9412.72239943
 9394.20939975 9704.71986435 9537.77344294]";2015-05-24 12:00:00;2015-08-16 12:00:00
203;13;catboost_normal;0.01740128673206781;33.333333333333336;0.017716433902816308;181.87727650332585;0.017716309203205355;125.8594462094927;[6988.3, 7047.3, 7112.5, 7156.7, 7215.6, 7390.6, 7305.6, 7135.3, 7000.3, 6961.9, 6968.7, 7007.6, 7004.5];"[7003.15816059 7010.69370607 6979.81184522 6955.19488264 6956.49365094
 6969.51886983 6982.09635949 6998.78725973 7022.25372203 6990.15879526
 6986.14103859 6982.40344261 6987.0388992 ]";2014-11-23 12:00:00;2015-02-15 12:00:00
260;13;catboost_normal;0.021536803555761794;58.333333333333336;0.02129689467554223;110.29884601438442;0.02129666939216682;100.67063275043311;[4683.8, 4742.4, 4616.0, 4741.5, 4710.2, 4702.2, 4634.8, 4593.2, 4697.4, 4881.8, 4711.1, 4639.1, 4648.6];"[4778.02387433 4758.09426253 4773.60749715 4783.82632948 4847.41700466
 4789.97649892 4769.4532344  4765.02917957 4767.31881337 4775.96824307
 4759.39741032 4770.26844857 4760.77391552]";2016-07-17 12:00:00;2016-10-09 12:00:00
189;13;catboost_normal;0.05955149889512911;33.333333333333336;0.056466227880528644;34.33966330748937;0.05645993735769835;25.34555103387759;[456.6855011, 460.7204403, 453.8686316, 441.8651676, 445.577063, 453.0822772, 437.6623557, 439.8819108, 430.3451587, 426.0420738, 419.6364978, 411.3800853, 418.5663313];"[449.13404086 452.99192598 459.18992921 462.9801954  462.01249877
 461.35344955 452.86769971 448.87960559 446.93662066 454.76184402
 466.40712931 481.04846323 495.68230624]";2016-10-23 12:00:00;2017-01-15 12:00:00
217;13;catboost_normal;0.08309635446812565;33.333333333333336;0.08749790310625045;933.7311285252299;0.08749743505340635;818.2578886418688;[9953.92, 9952.8, 9952.126, 9953.869, 9000.0, 9700.0, 9950.0, 9950.92, 9700.0, 9000.0, 9935.042, 9932.86, 9938.69];"[9537.542651   8137.30758154 9328.48324165 9054.72592828 8936.63667786
 8656.08368833 8514.287092   8956.21295502 9302.49359961 9618.378887
 9469.96142804 9120.90256477 8886.61592656]";2015-02-22 12:00:00;2015-05-17 12:00:00
245;13;catboost_normal;0.21807981363758003;75.0;0.2558753103157883;471.0251950342237;0.25586738521033037;423.5493323885524;[2490.5, 2416.8, 2340.5, 2378.7, 2229.6, 2156.1, 2045.6, 1941.7, 1860.6, 1844.3, 1823.4, 1728.1, 1704.8];"[2354.81905092 2285.00988635 2096.966339   2065.82837553 1930.30205338
 1799.62149377 1635.11942753 1533.32734726 1144.91545143 1093.66330465
 1068.2279873  1175.17526297 1271.58269886]";2016-01-31 12:00:00;2016-04-24 12:00:00
260;13;catboost_normal;0.015420690691156232;50.0;0.015373527458297584;92.20209636619457;0.015373364728800002;72.62449250178186;[4894.7, 4639.3, 4612.1, 4728.3, 4713.9, 4666.9, 4618.9, 4676.3, 4779.9, 4670.9, 4727.9, 4668.8, 4740.2];"[4689.73540728 4694.42250557 4736.29030516 4746.10887452 4704.67928577
 4732.72907941 4776.1898628  4702.88148169 4743.68054704 4739.610166
 4750.33599514 4771.13487364 4793.61049869]";2016-04-17 12:00:00;2016-07-10 12:00:00
189;13;catboost_normal;0.0770407830545102;41.666666666666664;0.07186122906415143;48.557185494771375;0.07185402407137412;35.83476172079715;[498.2058657, 489.157915, 501.8608781, 507.1815594, 498.0179866, 495.8941743, 487.6370183, 486.6896598, 482.301166, 473.6535881, 458.3541538, 449.3378037, 448.0799646];"[502.34497614 498.73467862 505.22079234 503.06233139 506.30852046
 514.58511451 523.3757703  520.45849678 519.21742567 516.19532167
 531.09676627 544.77674568 548.60823993]";2016-07-24 12:00:00;2016-10-16 12:00:00
231;13;catboost_normal;0.1249759927693917;50.0;0.14218200713112716;540.3362795207247;0.1421791974146943;362.9674551470401;[1880.4, 1889.2, 1864.5, 1961.1, 2009.7, 2211.1, 2235.0, 2421.8, 2774.0, 3052.0, 3018.4, 3171.4, 3206.1];"[1915.96383347 1945.72375191 2000.88226448 2074.9478023  2061.23351359
 2206.27752044 2274.99267403 2334.9464774  2271.25795985 2270.80485857
 2239.79307887 2172.82504763 2074.16198011]";2016-10-23 12:00:00;2017-01-15 12:00:00
204;13;catboost_normal;0.11334914231650574;75.0;0.1221705680513758;1769.8670384592983;0.12217009118905613;1566.4263759891353;[12491.95, 13013.34, 13209.75, 12981.0, 13537.85, 13132.64, 13691.5, 13967.95, 13867.98, 13856.59, 14381.13, 14510.66, 14226.31];"[12434.43316899 12467.45857357 12635.78370608 12320.00639215
 11331.33590793 11603.50247961 11326.48452285 12307.62111984
 11727.33495133 11180.51130766 11843.79316437 13029.93589041
 12296.90592734]";2016-11-27 12:00:00;2017-02-19 12:00:00
260;13;catboost_normal;0.3501389657901948;58.333333333333336;0.29267247111959827;1736.1095158198766;0.2926698226160695;1622.6844429765233;[4737.4, 4594.2, 4533.3, 4638.7, 4647.7, 4610.9, 4585.4, 4563.6, 4636.7, 4615.2, 4661.1, 4690.0, 4687.2];"[5288.47932793 5699.75810637 5615.57379264 5695.87839089 5904.41909822
 6003.31290118 6161.55328535 6145.28233296 6476.10647541 6723.5829058
 6987.90078116 7223.06249522 7371.38786558]";2016-01-17 12:00:00;2016-04-10 12:00:00
189;13;catboost_normal;0.04293409546436728;58.333333333333336;0.04439214670583958;28.20184719506696;0.044387806968980675;22.70435378846167;[524.1939475, 532.4184355, 531.2305382, 533.3929333, 537.3243163, 535.89606, 519.7720105, 512.8576078, 514.5698382, 517.8231066, 503.6671861, 497.7731483, 496.5567393];"[511.27828713 500.45781044 496.66921198 496.38280269 488.63982242
 484.80867135 490.57598552 492.65902897 499.73788697 507.02846051
 503.75973746 500.83009924 495.79046828]";2016-04-24 12:00:00;2016-07-17 12:00:00
231;13;catboost_normal;0.13894793686663015;16.666666666666668;0.12822971067716654;298.09962178010795;0.12822670027563937;273.207835255599;[2154.9, 2213.8, 2148.7, 2066.9, 2066.4, 2003.8, 1958.2, 1961.7, 1946.1, 1917.4, 1917.6, 1886.6, 1912.1];"[2233.23013595 2231.52436912 2279.63582536 2298.10590969 2351.12940782
 2272.09062504 2329.24282482 2308.99919294 2344.66688547 2282.61988774
 2259.0969059  2267.70542062 2247.85446786]";2016-07-24 12:00:00;2016-10-16 12:00:00
217;13;catboost_normal;0.02857474005447422;16.666666666666668;0.027937662410689863;360.20658967465795;0.02793751808709091;270.4643668118446;[9952.66, 9953.266, 9500.0, 9500.0, 9500.0, 9000.0, 9949.7, 9500.0, 9949.27, 9950.69, 9951.39, 9949.955, 9700.0];"[9939.97300613 9902.73481821 9893.50232002 9910.48465149 9939.59354477
 9942.52319584 9842.26158353 9856.90958919 9749.15765144 9741.36421122
 9845.62415877 9850.40936637 9887.61726292]";2014-11-23 12:00:00;2015-02-15 12:00:00
246;13;catboost_normal;0.18553532357129443;25.0;0.21624287585625937;1472.374490663005;0.21624085389151765;1158.4498398383485;[4410.5, 4581.6, 4723.5, 4791.8, 5421.0, 5510.5, 5612.2, 5829.8, 6084.9, 6239.6, 6659.6, 6860.6, 6854.3];"[4366.57993664 4739.99528749 4639.77752772 4904.52551367 4800.62249223
 4650.77248135 4572.10311297 4481.52396318 4467.02536953 4458.96505646
 4444.27614357 4328.03545144 4208.09134817]";2016-10-30 12:00:00;2017-01-22 12:00:00
204;13;catboost_normal;0.13374543228843327;41.666666666666664;0.1476605252171811;1933.3056988532603;0.1476598503770862;1616.1184298890994;[10864.62, 11429.62, 11634.35, 11336.08, 11271.96, 11578.91, 11868.65, 11950.21, 11782.83, 11972.36, 12567.2, 12601.59, 12614.8];"[11186.81161767 11476.32654099 11401.84861837 11012.32513859
 10440.00012784  9952.49462743  9575.10427264  9489.59796192
  9552.17144827  9843.29548997  9817.82829584  9716.55960856
  9737.07298068]";2016-08-28 12:00:00;2016-11-20 12:00:00
189;13;catboost_normal;0.04106552388367896;66.66666666666667;0.04215770577868226;23.6157550297349;0.042153478298772945;21.022216461059813;[500.665509, 507.966872, 507.7380616, 489.2599046, 492.5660587, 521.8810034, 517.8535267, 515.4663031, 518.8922787, 517.0034658, 504.8827997, 504.446459, 510.6462018];"[486.61735576 487.96678041 488.32966925 490.78858326 491.63577144
 498.01873666 497.11159317 495.08004433 488.32191868 485.75599899
 483.80140262 476.34985875 469.2592741 ]";2016-01-24 12:00:00;2016-04-17 12:00:00
246;13;catboost_normal;0.060330909117525415;58.333333333333336;0.05803340181064443;283.9928327715586;0.058032711162441984;243.92785036766585;[4578.0, 4359.9, 4276.6, 4240.6, 4130.5, 4241.0, 3996.2, 3910.6, 3870.3, 4016.1, 3975.2, 4060.8, 4238.0];"[4394.50805438 4400.86122464 4354.43736657 4335.93102493 4326.36478461
 4342.57013156 4348.80182512 4345.27442985 4357.91358288 4364.50110993
 4369.91584368 4379.79802819 4377.0007572 ]";2016-07-31 12:00:00;2016-10-23 12:00:00
217;13;catboost_normal;0.04724804181293182;25.0;0.04856251774871518;501.85520197278197;0.048562266593081;469.5301423263554;[9947.17, 9943.35, 9945.651, 9910.0, 9920.0, 9943.742, 9945.187, 9900.0, 9930.0, 9940.0, 9920.0, 9950.915, 9949.088];"[9686.49145587 9058.93810305 9503.58334351 9597.77621684 9462.92027702
 9308.74681266 9273.91777859 9674.85075334 9455.65277331 9557.01548789
 9608.47260959 9408.88730944 9443.95822865]";2014-08-24 12:00:00;2014-11-16 12:00:00
261;13;catboost_normal;0.002330529402303455;91.66666666666667;0.0023268678875721597;11.868714317445981;0.0023268413879619153;10.21573970071397;[4382.033, 4394.197, 4378.668, 4378.375, 4378.166, 4390.312, 4401.788, 4382.618, 4382.058, 4401.802, 4397.108, 4379.233, 4378.908];"[4388.3178216  4404.76096526 4404.22938625 4392.89695545 4389.49212605
 4400.58955789 4403.71272332 4392.67860269 4390.31871231 4404.03509654
 4406.08913008 4396.25259724 4384.69694142]";2016-10-16 12:00:00;2017-01-08 12:00:00
246;13;catboost_normal;0.21236136662050548;25.0;0.18955051668415418;996.3326259735753;0.18954860410760394;939.4067756547931;[5035.5, 4728.3, 4658.7, 4570.3, 4458.7, 4566.9, 4305.1, 4263.3, 4278.4, 4468.9, 4479.3, 4312.4, 4376.2];"[5130.7661117  5210.63444672 5329.51599181 5453.56220118 5537.23047027
 5577.79080634 5594.96828569 5582.68873019 5530.09494762 5488.59865564
 5456.16172069 5434.95726342 5387.31845224]";2016-05-01 12:00:00;2016-07-24 12:00:00
231;13;catboost_normal;0.5164173459434976;41.666666666666664;0.3916555179290063;1271.0304495375403;0.39164874395740773;1136.4988376761632;[2299.5, 2180.5, 2221.6, 2201.0, 2173.9, 2247.1, 2207.7, 2185.9, 2198.8, 2184.3, 2162.7, 2233.4, 2213.5];"[2229.46318794 2292.3240978  2621.28626385 3034.1558502  3342.89436157
 3653.62428171 3760.51753037 3837.64998175 3885.01143265 3893.28383605
 3711.64082097 3621.22748808 3461.23213272]";2016-04-24 12:00:00;2016-07-17 12:00:00
190;13;catboost_normal;0.04785405347317416;58.333333333333336;0.04957157720250381;453.85144718948504;0.04957123106436966;355.2677051515251;[6635.2293, 6711.3531, 6879.4553, 7031.4599, 7280.6471, 7287.6782, 7199.4766, 7075.0888, 7495.1075, 7853.2658, 7738.1914, 7432.3491, 7384.1148];"[6924.11209597 6840.44223552 6713.31740263 6932.49106068 7122.52816512
 7114.14349588 7010.87216549 7072.40798779 7080.62751908 7018.61683285
 6928.53010899 6823.87863894 6638.91288707]";2016-10-23 12:00:00;2017-01-15 12:00:00
204;13;catboost_normal;0.13428383011453449;58.333333333333336;0.14999245618707127;1776.2114478086432;0.14999165633387673;1407.1343031939907;[9208.31, 9685.1, 9843.39, 9326.12, 9109.5, 10234.03, 10306.81, 10079.51, 9854.84, 10296.91, 10944.42, 10973.4, 10996.05];"[9453.43177983 9675.79949032 9956.93554156 9525.7637519  8921.71801621
 8021.03191992 8896.40632408 8275.04104835 8361.6352178  8056.96026865
 8392.28442534 8093.91251345 8051.34590764]";2016-05-29 12:00:00;2016-08-21 12:00:00
246;13;catboost_normal;0.1345888194918146;58.333333333333336;0.13125916671255225;865.0560862343744;0.13125799746266556;743.2572273137934;[6705.3, 6326.7, 6138.0, 6115.1, 5895.2, 5997.7, 5751.9, 5535.8, 5504.2, 5431.8, 5252.1, 5022.3, 4922.5];"[6957.01961476 6945.10395074 6811.51254445 6760.12202458 6151.11758822
 5323.95984584 4806.77122245 4509.38334107 4826.62894813 4668.16610989
 5416.68302232 6017.51671859 6893.97795879]";2016-01-31 12:00:00;2016-04-24 12:00:00
261;13;catboost_normal;0.0024283322235818003;58.333333333333336;0.0024233814864399674;13.992638721018212;0.0024233539459710897;10.661977307140031;[4395.72, 4407.211, 4390.455, 4390.121, 4389.943, 4402.957, 4408.741, 4393.034, 4392.652, 4412.606, 4404.118, 4382.682, 4382.308];"[4400.04538208 4402.15129533 4391.76427437 4393.91028237 4405.9824377
 4409.53244479 4411.78210001 4406.86341543 4407.66326541 4410.25157302
 4413.81497116 4410.56281667 4412.00118334]";2016-07-17 12:00:00;2016-10-09 12:00:00
218;13;catboost_normal;0.0012895594063513929;100.0;0.0012881894380219877;1.8424244814626816;0.0012881290847507336;1.3748796943729162;[1091.0, 1084.0, 1077.0, 1070.0, 1063.0, 1056.0, 1092.0, 1085.0, 1078.0, 1071.0, 1064.0, 1057.0, 1050.0];"[1091.9760845  1084.62287274 1078.09881903 1070.89623849 1064.33294091
 1057.11995551 1090.60377224 1084.7816504  1078.28251408 1070.75116754
 1067.35022712 1061.63942829 1051.69094552]";2011-04-03 12:00:00;2011-06-26 12:00:00
190;13;catboost_normal;0.16601636235207512;66.66666666666667;0.15076593983771847;1228.1681440950656;0.15076492080790505;1115.5219255562579;[7195.9858, 7285.2601, 7204.0711, 6882.7421, 6901.1798, 6659.1312, 6712.5878, 6625.3067, 6631.5282, 6928.9949, 6726.4862, 6569.7686, 6482.8978];"[7519.1602099  7527.54276468 7632.70090719 7644.38478075 7713.90694539
 7856.60110928 7992.67027628 8162.35861695 8296.54845179 8329.51945255
 8312.53469277 8213.65365148 8106.14347321]";2016-07-24 12:00:00;2016-10-16 12:00:00
231;13;catboost_normal;0.16413786258593144;58.333333333333336;0.18627558638894606;611.2195986835649;0.18627136025154584;476.51210409326336;[3650.8, 3680.9, 3569.2, 3582.9, 3594.8, 3417.9, 3284.1, 3183.7, 3021.2, 2862.0, 2709.2, 2559.7, 2315.8];"[3718.94092195 3845.46010966 4155.42313568 4015.99891602 3743.86614189
 3836.43777114 3975.13466568 3909.80888019 3389.64761753 3181.62381309
 2679.40875716 1854.3531636   781.12269884]";2016-01-24 12:00:00;2016-04-17 12:00:00
204;13;catboost_normal;0.10616916449757377;75.0;0.11495987162257762;1154.6251951862635;0.11495917430251336;948.1619591300702;[7861.26, 8112.62, 8184.75, 7859.97, 7684.15, 8442.22, 8836.31, 8658.0, 8548.11, 8993.2, 9492.4, 9448.05, 9119.31];"[7675.19837073 7780.35135368 7745.33696341 7678.21777894 7606.7219698
 7696.5857676  7721.21413249 7527.63354569 7519.29984291 7592.08858577
 7459.96485725 7474.81087753 7436.82048551]";2016-02-28 12:00:00;2016-05-22 12:00:00
247;13;catboost_normal;0.032454991000862146;8.333333333333334;0.03280232570676149;639.9796362012268;0.0328022288851678;555.7090909641936;[16190.4, 16913.4, 16913.4, 17091.0, 17091.0, 16552.7, 16552.7, 17220.2, 17220.2, 16522.2, 16522.2, 17584.0, 17584.0];"[16138.84305953 17437.38804513 17562.18799683 16629.92359211
 16593.46578577 17143.7493093  16977.31113942 16599.45456678
 16523.37314976 16710.34282862 16723.5216172  16394.48884177
 16454.93375825]";2016-10-16 12:00:00;2017-01-08 12:00:00
190;13;catboost_normal;0.08347599326686325;25.0;0.08920509870461567;824.8669930075947;0.08920449986093787;664.6997572790863;[8156.0043, 8060.3633, 8105.6955, 7994.5231, 7956.5205, 7939.6799, 7696.7771, 7675.0054, 7984.3853, 7732.0393, 7389.5081, 7420.4641, 7255.4617];"[7557.25497433 6796.0899625  6636.37192064 6490.51288082 7076.30002832
 7105.29834458 7218.26727963 7501.68465449 7275.09742308 7287.30960349
 7373.94964316 7275.86946594 7131.32457438]";2016-04-24 12:00:00;2016-07-17 12:00:00
261;13;catboost_normal;0.002644885985371162;91.66666666666667;0.0026413959993031966;12.347065039217757;0.0026413660359465093;11.642393665490859;[4425.827, 4416.669, 4401.115, 4400.819, 4400.648, 4408.58, 4396.845, 4396.075, 4395.929, 4404.322, 4411.592, 4396.004, 4395.753];"[4415.23792552 4422.7827096  4414.43595727 4412.9999892  4410.12283807
 4417.22286897 4415.48186701 4410.20938635 4405.7629281  4415.23319116
 4415.63440428 4413.90427272 4411.32263043]";2016-04-17 12:00:00;2016-07-10 12:00:00
218;13;catboost_normal;0.0008958510300730455;100.0;0.0008968288489602905;1.5615453534920138;0.0008967867078396631;0.9544313378270929;[1092.0, 1085.0, 1078.0, 1071.0, 1064.0, 1057.0, 1092.0, 1085.0, 1078.0, 1071.0, 1064.0, 1057.0, 1050.0];"[1092.10806865 1084.76660343 1076.9330753  1070.87741406 1065.25004641
 1057.14968776 1090.58701305 1084.34106234 1077.60227204 1071.13148038
 1064.05696574 1052.35822058 1047.82298074]";2011-01-02 12:00:00;2011-03-27 12:00:00
232;13;catboost_normal;0.12037040566243994;50.0;0.1345566409770624;248.5919163576583;0.13455137294025615;173.44268074011535;[1036.6, 1036.6, 994.0, 1040.9, 1024.8, 1199.4, 1106.1, 1197.6, 1296.0, 1448.2, 1485.5, 1600.9, 1695.0];"[1006.97214885 1009.33841859 1001.76315299 1117.58948249 1071.29051047
 1078.1259327  1084.94477081 1075.04578681 1176.06849662 1138.26066507
 1146.18176771 1132.51503554 1130.63527363]";2016-10-23 12:00:00;2017-01-15 12:00:00
247;13;catboost_normal;0.027369676453760636;50.0;0.028067764810667525;641.1422028131125;0.02806768094698864;469.9923616194765;[15704.4, 15704.4, 17238.1, 17238.1, 15642.1, 15642.1, 17018.6, 17018.6, 15935.7, 15935.7, 17668.2, 17668.2, 16190.4];"[15624.48853534 15566.51459825 16305.28229617 16251.89381337
 15523.24247611 15534.32987113 16512.2705098  16538.86532821
 15822.32813782 15957.76320811 16494.26566061 16433.16753074
 15974.4137495 ]";2016-07-17 12:00:00;2016-10-09 12:00:00
190;13;catboost_normal;0.09627127975841732;50.0;0.10362353950040534;965.8177079735349;0.10362284254305508;771.4939320611206;[6746.6447, 6798.6222, 7195.7777, 8567.5198, 8904.8314, 7739.3217, 7450.8732, 7385.5572, 7802.7911, 7944.5245, 7628.6166, 7572.0591, 7657.8975];"[6644.5633756  6612.96451332 6663.48507714 6685.01067667 6732.48606415
 6816.94603196 6843.53644429 6963.20679492 7053.35732817 7137.44595488
 7154.54139949 7066.28765678 6991.78426584]";2016-01-24 12:00:00;2016-04-17 12:00:00
205;13;catboost_normal;0.1855633959996822;58.333333333333336;0.21264262858991545;256.586997697512;0.21263200145692215;214.01918964880048;[1050.5, 1093.4, 1222.0, 1223.7, 1043.1, 930.1, 1070.1, 1341.0, 966.5, 1052.4, 938.6, 1193.9, 1217.3];"[ 968.95084783 1006.48770644 1010.84453416 1015.74223557  956.18796787
  934.94010429  844.43142282  837.49635801  795.41635252  788.37023173
  806.72344745  793.6123291   810.82720535]";2016-11-27 12:00:00;2017-02-19 12:00:00
232;13;catboost_normal;0.26607863184344693;41.666666666666664;0.23175724793436486;310.90241920330675;0.23174818777889308;297.3579265642569;[1321.7, 1314.4, 1308.2, 1196.6, 1166.7, 1150.1, 1115.2, 1160.7, 1092.5, 1065.2, 1017.1, 1026.0, 1019.6];"[1435.94997057 1475.90564691 1481.44792886 1607.51231668 1535.96087642
 1402.82977029 1449.27198572 1436.74782977 1463.35437143 1392.63553365
 1390.03117524 1381.63310557 1366.37253423]";2016-07-24 12:00:00;2016-10-16 12:00:00
218;13;catboost_normal;0.0020893421467208665;91.66666666666667;0.0020946236364480513;3.6491083134017743;0.002094525507742979;2.235759882233074;[1092.0, 1085.0, 1078.0, 1071.0, 1064.0, 1057.0, 1092.0, 1085.0, 1078.0, 1071.0, 1064.0, 1057.0, 1050.0];"[1091.9957079  1083.77098972 1078.1606685  1071.04250785 1063.70896331
 1056.82043336 1092.80878314 1076.82993471 1075.80098836 1070.85665919
 1055.77393636 1052.06240899 1052.67294087]";2010-10-03 12:00:00;2010-12-26 12:00:00
191;13;catboost_normal;0.12005419222055393;41.666666666666664;0.11208334010314522;142.83919000174544;0.11207858567736836;132.13162722375787;[1160.330918, 1165.783708, 1130.218848, 1144.012678, 1116.237318, 1143.744038, 1056.720308, 1119.294178, 1064.618758, 1048.372548, 1135.591008, 1105.256478, 1120.579848];"[1196.99593534 1211.9793978  1226.74618309 1241.27084182 1246.84649012
 1252.98470979 1261.37948542 1265.42082191 1265.87214038 1269.23311951
 1268.13583632 1262.17514912 1259.43167729]";2016-10-23 12:00:00;2017-01-15 12:00:00
205;13;catboost_normal;0.2805356601363677;33.333333333333336;0.3475579364319298;339.9328328910283;0.3475362605111988;279.2169881027945;[862.2, 859.1, 820.0, 865.3, 876.2, 875.6, 880.5, 925.6, 956.0, 965.5, 1248.6, 1061.5, 997.4];"[799.20072371 798.7707927  713.93366533 685.61492934 695.16012372
 695.46755464 704.43316334 690.01085933 616.64803949 582.45509923
 508.71845816 522.36445424 550.90129144]";2016-08-28 12:00:00;2016-11-20 12:00:00
247;13;catboost_normal;0.023025305236818668;33.333333333333336;0.0231903584575942;414.4004789041495;0.02319028589280738;370.8106788956948;[14523.5, 16664.1, 16664.1, 15814.1, 15814.1, 16242.5, 16242.5, 16214.2, 16214.2, 15767.0, 15767.0, 16242.1, 16242.1];"[14420.61327209 16812.25345058 16906.69296    15365.57707613
 15385.91758979 16604.16103452 16717.44570138 15912.23474312
 15714.43743143 16131.30720722 15861.53562827 15599.13946495
 15532.03757881]";2016-04-17 12:00:00;2016-07-10 12:00:00
261;13;catboost_normal;0.001298463967910771;66.66666666666667;0.0012975167631877815;7.176347254658392;0.0012975020750431929;5.730921799162948;[4427.801, 4415.076, 4408.55, 4408.021, 4407.622, 4420.345, 4424.521, 4414.615, 4414.362, 4418.619, 4423.381, 4412.953, 4412.648];"[4423.6044552  4425.57700087 4420.6487656  4419.42045154 4420.53000767
 4423.50804416 4420.48949939 4417.60314343 4413.68597223 4420.10252132
 4417.52362219 4413.00211216 4407.49851434]";2016-01-17 12:00:00;2016-04-10 12:00:00
247;13;catboost_normal;0.04655447713619443;50.0;0.04758594428210683;873.7943333454588;0.04758579081888499;739.4337581632212;[15301.6, 15301.6, 17369.4, 17369.4, 14388.8, 14388.8, 15780.6, 15780.6, 14436.9, 14436.9, 15948.5, 15948.5, 14523.5];"[14632.54981493 14512.04301102 15863.7190724  15869.59829623
 15332.80299786 14829.98199769 15460.25698296 15306.12940814
 14756.96049162 14457.47382445 14678.58176848 14890.65562202
 14823.65352067]";2016-01-17 12:00:00;2016-04-10 12:00:00
262;13;catboost_normal;0.3177648594599588;66.66666666666667;0.2696548225696684;602.0134639379744;0.26964853263253036;580.4927394248687;[2296.0, 2219.6, 2214.9, 2044.6, 2043.2, 1968.0, 1966.2, 1746.1, 1724.1, 1701.4, 1717.7, 1603.2, 1617.0];"[2589.53180449 2576.62892674 2585.36789558 2584.84160487 2564.54634351
 2508.87180021 2491.0744323  2462.63097187 2485.61149772 2463.10954096
 2398.69887236 2356.23750342 2341.25441849]";2014-10-12 12:00:00;2015-01-04 12:00:00
232;13;catboost_normal;0.3135739879826316;25.0;0.26383813350666674;482.61048272139374;0.26382977273622205;418.31688326517235;[1329.6, 1552.5, 1461.4, 1278.6, 1303.0, 1372.9, 1317.8, 1308.1, 1313.3, 1324.5, 1272.9, 1439.6, 1453.0];"[1288.43145845 1271.32445003 1329.13434046 1664.45672823 1657.83290143
 1816.51595894 1937.69820743 1997.83852258 2176.86829163 1986.20685403
 1855.58624719 1662.63449576 1294.42847583]";2016-04-24 12:00:00;2016-07-17 12:00:00
191;13;catboost_normal;0.1400501141021217;66.66666666666667;0.12760955141585767;201.21440825564875;0.12760475005164895;169.64221108875762;[1309.94827, 1347.26561, 1319.34352, 1336.41084, 1293.13957, 1325.14548, 1215.45858, 1222.49539, 1213.005518, 1247.680118, 1232.250028, 1114.986108, 1157.753818];"[1276.40228601 1278.59890177 1274.22697577 1301.73769713 1362.44590643
 1434.62526797 1448.75985123 1450.10922309 1446.17341779 1500.00500531
 1474.70111267 1477.76139301 1450.67979733]";2016-07-24 12:00:00;2016-10-16 12:00:00
218;13;catboost_normal;0.0005331946039344186;100.0;0.0005332896318409977;0.6649704847989427;0.0005332647280170051;0.5710369144348638;[1092.0, 1085.0, 1079.0, 1071.0, 1064.0, 1057.0, 1092.0, 1085.0, 1078.0, 1071.0, 1064.0, 1057.0, 1050.0];"[1091.94274449 1084.65663399 1077.74141185 1070.91387278 1062.94143695
 1056.25416906 1091.43596095 1084.47946699 1078.60963268 1070.47806355
 1064.88202819 1056.76559663 1050.54117626]";2010-07-04 12:00:00;2010-09-26 12:00:00
248;13;catboost_normal;0.08193568963745723;25.0;0.07425781035579762;2677.417102820978;0.07425764622877616;1681.0560672481975;[21254.72, 21655.06, 21655.06, 22030.28, 22030.28, 22104.93, 22104.93, 21822.79, 21822.79, 21445.17, 21445.17, 19654.69, 19654.69];"[21031.97518695 20932.14280562 21618.62956665 22087.92677127
 21807.97839076 22085.29531397 21581.6561705  22804.95059161
 23089.64986787 24223.08139545 24866.02519663 24228.26165301
 26682.11083284]";2016-10-16 12:00:00;2017-01-08 12:00:00
205;13;catboost_normal;0.23103673331100852;33.333333333333336;0.2753071513938947;198.558082434572;0.27528338901908805;160.64482516222398;[574.2, 630.4, 597.7, 500.6, 450.2, 524.0, 550.4, 615.2, 640.6, 739.1, 789.6, 784.5, 807.2];"[534.05601833 501.24543518 497.07524595 502.64120797 482.63986173
 458.8746927  465.86145025 453.29609429 441.00137582 435.66552533
 462.90925886 475.2345761  473.77866978]";2016-05-29 12:00:00;2016-08-21 12:00:00
262;13;catboost_normal;0.2131324770113607;50.0;0.24288821182179618;548.0683481537611;0.24288247320112652;515.7443344039986;[2566.0, 2668.4, 2440.4, 2359.4, 2371.7, 2375.2, 2399.9, 2455.6, 2419.7, 2381.7, 2357.2, 2397.3, 2378.0];"[2254.31666628 2231.0095387  2087.17151    2069.80791824 2134.45408062
 2041.17710652 1838.50588035 1749.09207406 1708.70602584 1626.38609608
 1626.58667609 1737.91492702 1760.69515296]";2014-07-13 12:00:00;2014-10-05 12:00:00
219;13;catboost_normal;0.00016582619580683794;100.0;0.00016581969465184944;0.4523651775057286;0.00016581506932708185;0.29724182701787727;[1820.0, 1813.0, 1806.0, 1799.0, 1792.0, 1785.0, 1820.0, 1813.0, 1806.0, 1799.0, 1792.0, 1785.0, 1778.0];"[1820.14882443 1813.3454366  1806.11488015 1798.9573375  1791.79744352
 1785.25780375 1819.95017365 1812.86756744 1805.96507528 1798.81981197
 1793.15788985 1785.22035395 1777.02363561]";2010-10-17 12:00:00;2011-01-09 12:00:00
191;13;catboost_normal;0.0606992583472135;50.0;0.06154796758570476;96.315391584524;0.0615457692443733;86.32089033791686;[1509.56167, 1561.77097, 1487.5162, 1519.57736, 1484.61378, 1475.19036, 1377.46786, 1321.04819, 1342.65317, 1273.74456, 1311.79669, 1268.40868, 1285.65725];"[1422.32867587 1406.67752843 1397.54529717 1373.68595589 1361.35557129
 1362.6526979  1363.83135872 1362.43339647 1361.69127089 1357.30525317
 1363.90254908 1372.36705809 1380.15947196]";2016-04-24 12:00:00;2016-07-17 12:00:00
232;13;catboost_normal;0.3713043222647266;33.333333333333336;0.29953742082886964;647.265372001892;0.29952954204315146;574.8231252784083;[2025.2, 1897.4, 1925.0, 1873.7, 1809.6, 1733.7, 1654.4, 1621.7, 1586.2, 1466.2, 1358.8, 1319.3, 1297.0];"[1995.22698162 2134.69454695 2062.93560935 2123.68384196 2444.59367598
 2553.86080845 2486.76985653 2576.88853197 2317.24857049 1998.04898458
 2257.25358262 1986.54535505 2043.2042463 ]";2016-01-24 12:00:00;2016-04-17 12:00:00
191;13;catboost_normal;0.06628819766886304;58.333333333333336;0.07002253537795099;122.71787927782596;0.07001996822417857;95.50769535212793;[1300.82304, 1332.70601, 1301.72704, 1334.92191, 1373.44782, 1404.7884, 1405.50338, 1432.5436, 1416.77444, 1467.06102, 1492.00745, 1460.38198, 1437.06147];"[1324.70097987 1332.44274629 1321.10499844 1348.48202657 1339.54670679
 1348.51016525 1323.77627924 1321.46792347 1312.88379864 1288.26520594
 1263.96198652 1255.44792625 1251.18880691]";2016-01-24 12:00:00;2016-04-17 12:00:00
205;13;catboost_normal;0.10717100968459259;33.333333333333336;0.11502918265111872;63.09429938695577;0.11501580526321395;49.580313148483704;[497.4, 407.0, 459.2, 486.3, 465.9, 359.1, 404.8, 400.3, 421.8, 433.4, 420.3, 491.5, 509.8];"[405.49558414 423.34967584 443.84206837 442.66381137 391.00053704
 411.60983643 408.88108022 406.00487659 397.45367638 388.87017201
 387.96490078 384.82597759 377.58467049]";2016-02-28 12:00:00;2016-05-22 12:00:00
248;13;catboost_normal;0.041228036896223536;33.333333333333336;0.039231753206342763;1465.1119567600826;0.03923167022044738;927.6685330305826;[23790.95, 23790.95, 23903.16, 23903.16, 24224.27, 24224.27, 24096.07, 24096.07, 24293.42, 24293.42, 22493.93, 22493.93, 21254.72];"[23491.82818521 23531.21437159 23417.41333382 23664.45864436
 24116.4235     24329.94929099 23640.38811924 24000.71169863
 24822.06023879 25096.71008356 25037.69710552 24856.90122176
 25027.87084163]";2016-07-17 12:00:00;2016-10-09 12:00:00
262;13;catboost_normal;0.2157888451030754;33.333333333333336;0.24796179544039917;506.8254226403721;0.24795506325455166;457.9963240645808;[1639.8, 1620.5, 1661.8, 2019.6, 2016.4, 2103.6, 2043.1, 2212.2, 2202.7, 2166.1, 2267.2, 2287.7, 2179.2];"[1559.6467733  1564.46010217 1531.02955052 1490.41151955 1504.86083796
 1514.80677066 1549.41966716 1469.37224759 1516.3563762  1609.40980997
 1651.70610047 1752.51781158 1751.95022002]";2014-04-13 12:00:00;2014-07-06 12:00:00
219;13;catboost_normal;0.00013995454201240606;100.0;0.0001399335163081728;0.38405839720831325;0.00013992960908430728;0.2505860415301238;[1820.0, 1813.0, 1806.0, 1799.0, 1792.0, 1785.0, 1820.0, 1813.0, 1806.0, 1799.0, 1792.0, 1785.0, 1778.0];"[1820.11793952 1813.13166491 1806.15972021 1799.05002624 1791.87149531
 1785.16601527 1820.10044023 1812.9132757  1805.86057093 1799.22572551
 1791.77946005 1785.56581905 1779.16506958]";2010-07-18 12:00:00;2010-10-10 12:00:00
192;13;catboost_normal;0.035242502553079154;66.66666666666667;0.03576361776055016;237.419542248306;0.03576331306460241;209.91095012549823;[5897.9498, 5780.9284, 5693.2279, 5734.5912, 5836.8002, 5884.0807, 5840.0028, 5820.8905, 5977.0669, 6176.512, 6055.0658, 6023.6219, 6056.9425];"[6037.90844823 5974.57222425 5904.45576109 5872.89509085 5829.96911317
 5769.97989348 5685.21917278 5667.9186321  5705.55059792 5718.40288249
 5699.28646962 5763.16082916 5785.78758206]";2016-10-23 12:00:00;2017-01-15 12:00:00
206;13;catboost_normal;0.10152360212876446;75.0;0.1110793455842374;2294.499629265706;0.11107895293977019;1600.1135218163874;[11744.3, 11322.8, 11200.7, 12733.5, 14568.8, 20567.8, 16736.3, 13883.6, 13380.5, 13299.4, 15151.2, 14482.4, 14773.8];"[11047.27849939 11709.65939637 11541.62462386 12263.21610556
 11745.84507434 14412.40883824 13233.5956157  12311.68375059
 11901.76231545 12971.6190341  15128.75424312 13005.72375053
 13226.0210096 ]";2016-11-27 12:00:00;2017-02-19 12:00:00
262;13;catboost_normal;0.24694733720459344;50.0;0.28462334230566816;428.51784501397503;0.2846134244845524;409.1536553965389;[1440.4, 1484.3, 1495.3, 1655.0, 1569.2, 1671.1, 1637.2, 1665.9, 1749.8, 1771.4, 1832.6, 1713.8, 1505.2];"[1269.3299083  1139.93700662 1238.07550793 1151.88073189 1186.30655969
 1272.75139355 1269.95434593 1228.03448057 1241.87196445 1247.31063135
 1199.23866316 1174.711882   1252.79940442]";2014-01-12 12:00:00;2014-04-06 12:00:00
233;13;catboost_normal;0.11130983662612583;50.0;0.10857031778703097;279.6856777497627;0.10856780906617511;236.62402857373985;[2117.0, 1891.1, 2178.6, 1910.3, 1818.5, 1984.8, 1958.6, 1953.1, 2009.7, 2158.7, 2640.2, 2550.4, 2678.7];"[1842.9093373  1840.35286063 1875.27668406 2000.56067437 1931.2388905
 2212.16232088 2304.55146302 2475.31253255 2403.5449659  2179.0379709
 2484.27004643 2392.32052155 2257.46699669]";2016-10-23 12:00:00;2017-01-15 12:00:00
248;13;catboost_normal;0.0368949828227277;33.333333333333336;0.03583452332498874;1119.3216335781337;0.035834450914622264;887.0222267224794;[25021.48, 24828.35, 24828.35, 24409.16, 24409.16, 24342.46, 24342.46, 24713.24, 24713.24, 24651.88, 24651.88, 23176.44, 23176.44];"[24919.80301931 24747.70748147 24893.28082614 26105.14986996
 25981.86419314 25776.81533779 25504.45934357 25366.05066595
 25124.45934347 25050.07454386 24959.91427719 24957.96607695
 25043.64497016]";2016-04-17 12:00:00;2016-07-10 12:00:00
206;13;catboost_normal;0.1962112066795017;25.0;0.22495176236317516;2414.9749927317785;0.22495052520365325;2051.90993330542;[8123.6, 8557.2, 7261.7, 8400.5, 9342.4, 12284.7, 10168.6, 9767.4, 10607.0, 10822.5, 10382.0, 10153.7, 10991.7];"[8018.58329749 7800.94787611 7618.57500184 7809.66264154 7754.04188736
 7688.61129018 7806.93202823 7732.67413523 7717.06021336 7688.30771562
 7757.61800811 7807.75655978 7701.15021586]";2016-08-28 12:00:00;2016-11-20 12:00:00
233;13;catboost_normal;0.21559610757817466;50.0;0.1863586632194732;492.31369060102725;0.186354441566057;411.4683236299328;[2289.9, 2226.8, 2150.9, 2156.9, 2035.6, 2092.4, 1947.3, 2009.7, 1868.2, 1927.3, 1808.2, 1839.0, 1813.2];"[2280.74253331 2274.31744805 2296.41224176 2304.31632016 2408.11141234
 2311.59219169 2433.29794642 2430.9800638  2364.74345653 2647.0489455
 2567.3530529  2575.93340793 2601.32425343]";2016-07-24 12:00:00;2016-10-16 12:00:00
219;13;catboost_normal;0.0003599529083184635;100.0;0.00035977596853431894;1.1214656009981157;0.00035976592068555786;0.6441282204100565;[1820.0, 1813.0, 1806.0, 1799.0, 1792.0, 1785.0, 1820.0, 1813.0, 1806.0, 1799.0, 1792.0, 1785.0, 1778.0];"[1819.95109595 1812.25937973 1806.32307781 1799.15339192 1791.76751949
 1784.65020478 1819.60465903 1813.21011167 1805.89283659 1799.48526315
 1792.15561518 1786.67799392 1781.49390879]";2010-04-18 12:00:00;2010-07-11 12:00:00
263;13;catboost_normal;0.07304835371918396;75.0;0.07709729399309742;393.50128502847133;0.07709633471934421;310.1489563884083;[4071.7, 4155.0, 4247.5, 4042.0, 3908.2, 3923.1, 3563.7, 3806.9, 4360.7, 4563.2, 4354.9, 4323.4, 3629.0];"[3916.26845205 3869.0904214  3885.35139192 3938.15487795 3768.89491432
 3789.94645548 3788.72377985 3817.28089958 3843.149285   3753.37313806
 3736.05514155 3718.14070051 3694.25653185]";2014-10-12 12:00:00;2015-01-04 12:00:00
206;13;catboost_normal;0.10836265501071513;58.333333333333336;0.1109784617457969;883.342721800983;0.11097765248190855;768.0421866648113;[5848.7, 5607.4, 5819.5, 5967.5, 5655.6, 7086.6, 7923.3, 7279.7, 7902.4, 8296.5, 8382.4, 7605.3, 7740.7];"[6357.214616   6221.5633392  6802.18679862 6452.76368589 6318.56194661
 6682.48673984 6493.58102579 7258.59824172 6556.6003976  7095.26781409
 7046.14185968 6856.90173546 7496.36414551]";2016-05-29 12:00:00;2016-08-21 12:00:00
192;13;catboost_normal;0.04148629020809061;25.0;0.04032990124883747;276.44818923385657;0.04032955613423577;235.65752879311606;[5807.2051, 5712.3016, 5699.7066, 5750.0749, 5853.068, 5759.6172, 5601.9599, 5676.4694, 5621.1457, 5587.8225, 5767.0494, 5742.8164, 5980.0691];"[5952.48549318 5931.65141154 5897.04385938 5871.27900057 5844.72679391
 5859.9597977  5967.39105937 6011.6448109  6045.88207585 6079.43800352
 6063.22173638 6064.4785392  6016.96868064]";2016-07-24 12:00:00;2016-10-16 12:00:00
263;13;catboost_normal;0.042189469747253655;75.0;0.04352927013788495;202.19764064305554;0.04352869833234721;165.71845430764003;[3674.1, 4001.7, 3873.1, 3684.3, 3834.6, 3878.6, 3703.9, 3805.8, 3939.4, 3826.2, 3988.0, 3666.3, 4069.2];"[3707.13433133 3705.57195586 3678.86212801 3650.20983174 3656.03322258
 3698.92289451 3677.11434729 3716.42865833 3693.24217668 3657.08168239
 3664.16526234 3679.91725908 3699.47952469]";2014-07-13 12:00:00;2014-10-05 12:00:00
206;13;catboost_normal;0.12474786067397711;41.666666666666664;0.13409311307499208;864.7392610189668;0.13409186521929523;722.5370587373485;[5228.2, 5448.3, 5573.2, 5872.7, 5670.1, 5318.4, 4755.5, 5191.1, 5501.9, 6735.3, 5699.0, 5896.8, 6217.6];"[5038.34379464 5223.73672606 5045.3574312  5119.53141032 4709.5329914
 4824.05139455 5489.85091024 4885.47868835 4526.94247365 4700.07267682
 4984.16328316 6252.4985224  5095.65679891]";2016-02-28 12:00:00;2016-05-22 12:00:00
233;13;catboost_normal;0.3119957649535626;50.0;0.26218908141042385;769.7909566385212;0.26218408100233365;690.3629215557181;[2248.3, 2188.7, 2195.4, 2157.6, 2165.4, 2130.3, 2219.8, 2151.1, 2209.8, 2149.7, 2227.6, 2326.4, 2336.4];"[2554.75452471 2321.39689139 2516.11864497 2528.06422354 2570.82489863
 2766.72174865 2868.20655757 3099.55759416 3252.84703638 3352.50428507
 3285.44211985 3279.04558312 3285.73387218]";2016-04-24 12:00:00;2016-07-17 12:00:00
263;13;catboost_normal;0.13835914389869236;66.66666666666667;0.12757468885109458;572.6128861095967;0.12757310902704;516.0348633954092;[3856.9, 3630.0, 3467.5, 3657.4, 3812.6, 3755.2, 3691.7, 3704.5, 3876.7, 3986.0, 3854.0, 3620.4, 3691.5];"[3943.84850574 3866.1377201  3968.46332268 4148.06664871 4345.80266562
 3987.06998681 4168.43349239 4069.85516075 4422.85819902 4589.84547424
 4596.06905323 4552.01107265 4654.39192221]";2014-04-13 12:00:00;2014-07-06 12:00:00
219;13;catboost_normal;0.00019182746492573164;100.0;0.00019183232245869239;0.443411960845839;0.00019182699935582035;0.3456620653014572;[1820.0, 1813.0, 1807.0, 1799.0, 1792.0, 1785.0, 1820.0, 1813.0, 1806.0, 1799.0, 1792.0, 1785.0, 1778.0];"[1820.29030987 1813.16935746 1805.98121809 1798.98373795 1791.64577449
 1785.41027889 1820.07414149 1812.4396816  1806.27789377 1799.67184502
 1792.50133837 1784.94236002 1777.90878586]";2010-01-17 12:00:00;2010-04-11 12:00:00
248;13;catboost_normal;0.05357707798765395;16.666666666666668;0.053644910123162894;1535.176903353756;0.053644802325284645;1336.619811073711;[25002.84, 25002.84, 24520.13, 24520.13, 25214.05, 25214.05, 25132.47, 25132.47, 25641.72, 25641.72, 24773.72, 24773.72, 25021.48];"[22897.29142155 23093.88175104 22851.94592816 23322.91822784
 24414.17990049 25802.57286507 26374.39071352 25085.30390213
 24090.82985162 25635.44035798 26595.13483929 27335.50977538
 26899.7806915 ]";2016-01-17 12:00:00;2016-04-10 12:00:00
207;13;catboost_normal;0.07191970307400616;83.33333333333333;0.06930263885820667;2155.4378056975793;0.0693025021613223;1766.2245741627567;[29018.3, 25380.9, 24903.8, 27184.9, 23801.6, 22076.0, 21381.2, 24022.8, 28176.7, 30520.0, 23750.7, 25196.6, 29393.0];"[28067.49980207 25546.88199758 24344.86715236 24589.57247048
 27113.2570602  24416.69143117 24059.66323402 25333.2603324
 28312.68511085 28605.95792724 28008.3631037  27437.03571138
 28892.52116503]";2016-11-27 12:00:00;2017-02-19 12:00:00
192;13;catboost_normal;0.061312116684583445;33.333333333333336;0.06355229148163893;397.16218315614196;0.06355174514609548;369.64896091290353;[5939.7861, 5936.0026, 5856.3239, 5919.1817, 6045.713, 6169.6334, 6073.7667, 6066.8341, 6051.3106, 6023.9284, 6002.573, 6041.0409, 5905.5933];"[5685.61024916 5695.80577779 5619.27631189 5587.51740377 5527.98678995
 5544.26424261 5545.30003981 5540.32183172 5565.15878873 5632.07652309
 5764.50158508 5762.78597688 5755.64568767]";2016-04-24 12:00:00;2016-07-17 12:00:00
233;13;catboost_normal;0.2681458070611318;33.333333333333336;0.2801570131170454;822.2540410530898;0.2801513739971015;712.3600930458924;[2922.9, 3053.1, 2874.2, 3080.9, 2801.5, 2953.7, 2689.5, 2784.3, 2471.5, 2568.3, 2426.8, 2376.5, 2272.9];"[2549.72432844 2563.81198556 2791.19300896 2275.17854157 2291.58948292
 2003.97408561 2140.18047858 1838.37484427 1748.97280993 1487.31509086
 4174.37218811 3150.2502528  2502.67342539]";2016-01-24 12:00:00;2016-04-17 12:00:00
220;13;catboost_normal;0.05439315448709778;41.666666666666664;0.05496641579356414;497.9508132738315;0.05496603650024161;398.55107082401696;[7743.8, 7448.1, 6802.5, 6961.8, 7160.7, 7338.7, 6925.2, 7142.4, 7651.6, 7691.4, 7589.4, 7706.7, 7590.4];"[7606.27933419 7628.08332786 7606.40377978 7649.4140584  7132.80372502
 6966.98258019 6874.64105916 6577.62131067 6787.71574703 6958.3706104
 7499.41393905 7176.38659316 7450.42234643]";2015-04-05 12:00:00;2015-06-28 12:00:00
263;13;catboost_normal;0.13340211042821767;50.0;0.1470091512915624;720.8866428011933;0.14700737180457354;608.3538584613303;[4453.3, 4453.3, 4186.5, 4433.4, 4499.0, 4979.9, 4522.2, 4609.3, 4223.3, 4350.9, 4690.7, 4694.6, 3881.0];"[4252.66973785 4210.97133493 4076.96603349 4145.55038104 4171.94195513
 3933.56265422 3750.89129615 3698.69352541 3556.64894459 3532.17840528
 3384.14236246 3654.67061025 3699.9125992 ]";2014-01-12 12:00:00;2014-04-06 12:00:00
207;13;catboost_normal;0.0453483848782532;91.66666666666667;0.045626212543118376;1662.0273338997267;0.045626123179626825;1173.9303164631056;[27017.6, 21699.2, 22778.1, 25885.7, 27355.5, 26095.6, 26422.3, 27688.9, 30403.6, 29045.6, 24157.1, 25880.9, 27060.7];"[27033.72653946 23425.40401257 24092.05784531 25896.01031025
 30499.91926961 26516.19460028 27087.6861405  27794.59628363
 29090.38823571 28987.1273356  24544.18577793 23151.25934121
 23690.71175298]";2016-08-28 12:00:00;2016-11-20 12:00:00
234;13;catboost_normal;0.20633584572557445;41.666666666666664;0.2603660080720295;271.9818637806162;0.26034710246429754;180.7701907963769;[434.3, 451.5, 493.3, 532.4, 535.7, 647.1, 661.3, 710.3, 763.1, 827.1, 937.4, 1003.0, 1010.4];"[420.96878458 435.56857805 500.75610093 532.77905289 583.61964385
 621.75862417 596.07314897 581.13467257 556.77207073 536.9644612
 502.14978586 469.81443342 430.03775777]";2016-10-23 12:00:00;2017-01-15 12:00:00
264;13;catboost_normal;0.14989714062097004;58.333333333333336;0.13814778430426705;316.7690107172436;0.13814458250798492;298.07846466206615;[2057.7, 2149.37, 2022.19, 2061.06, 2031.96, 1904.36, 1962.29, 2017.42, 2020.85, 1963.84, 1942.14, 1973.34, 2009.61];"[2203.5889248  2213.62085755 2248.30686774 2280.77800451 2276.8531843
 2281.77412434 2302.99754353 2326.07159696 2346.06034567 2365.45315405
 2382.49382494 2380.05547708 2383.09613514]";2016-10-09 12:00:00;2017-01-01 12:00:00
220;13;catboost_normal;0.12179747301992015;50.0;0.12949706873612338;961.510193129793;0.12949607554552547;845.2787989374148;[6828.5, 6285.6, 6113.7, 6232.6, 6497.7, 6564.6, 6691.3, 6573.2, 7264.6, 7098.1, 7419.5, 7102.4, 7617.3];"[6958.24632917 7125.32982811 6792.54697032 6396.55508861 6038.12310854
 6118.2894291  5890.51794616 5680.93353862 5574.95335702 5899.53241317
 6162.44366856 6142.96383667 6144.5965322 ]";2015-01-04 12:00:00;2015-03-29 12:00:00
192;13;catboost_normal;0.08414574771545325;50.0;0.08868581523678755;533.7047926892332;0.08868499967843402;482.2361979702737;[5238.3814, 5377.5759, 5448.4639, 5527.6636, 5660.4753, 5697.5441, 5702.1121, 5812.4992, 5779.7088, 5834.7226, 5819.5185, 5807.6825, 5731.5006];"[5194.14697529 5237.4117404  5240.57486039 5202.62266355 5222.92087962
 5164.96650365 5119.583854   5212.42121044 5226.53558664 5150.32924859
 5048.59816308 5006.47309031 5142.19315042]";2016-01-24 12:00:00;2016-04-17 12:00:00
207;13;catboost_normal;0.1212384181683067;91.66666666666667;0.1317203553019533;3988.3930840030334;0.13172009180089306;3328.9343884237055;[26267.8, 22327.5, 22093.8, 28739.8, 33229.8, 25120.5, 23714.6, 27523.8, 30948.5, 27702.8, 20893.9, 22499.5, 24089.6];"[23765.13444294 21106.15743713 19900.84696543 23643.70862357
 25154.18085423 22273.2724898  20846.25177303 22397.14159329
 25764.43866682 22275.60383521 21426.81017735 20564.47343704
 23823.55300935]";2016-05-29 12:00:00;2016-08-21 12:00:00
249;13;catboost_normal;0.02431124814418689;83.33333333333333;0.024725472370776862;97.35380112207478;0.024725100168909435;82.18179319184695;[3446.7, 3205.7, 3207.3, 3331.9, 3479.1, 3223.9, 3228.3, 3338.6, 3461.4, 3330.3, 3232.7, 3339.3, 3518.5];"[3406.09480118 3193.56694578 3189.14558306 3254.75734124 3347.31991912
 3180.07337312 3162.71947798 3223.55941581 3344.35383107 3290.78013272
 3155.12094923 3210.35807596 3317.48684224]";2016-10-09 12:00:00;2017-01-01 12:00:00
234;13;catboost_normal;0.5120561630893368;33.333333333333336;0.3649131212051791;269.71800118169847;0.3648818626718934;214.11988641898057;[511.4, 507.8, 511.4, 513.4, 490.7, 449.7, 439.4, 425.9, 423.7, 411.6, 395.9, 393.9, 413.4];"[501.03679757 543.28952215 558.50632931 568.43520599 556.05151744
 600.76264505 656.62640977 643.79991297 702.07171506 742.98028822
 854.36742176 867.66566179 855.4386915 ]";2016-07-24 12:00:00;2016-10-16 12:00:00
193;13;catboost_normal;0.06424237370105226;58.333333333333336;0.06181921710932811;38.290484157291004;0.06181324995947176;32.045497807794554;[483.26481, 501.30087, 495.69513, 505.966605, 490.018459, 506.016419, 506.059303, 488.243623, 494.494998, 507.554868, 508.900208, 491.403635, 498.588915];"[484.60955343 480.72894667 485.36546959 481.92543675 477.75627208
 509.76087044 533.61846138 534.43025686 548.04735433 557.79343048
 563.25279493 558.32104241 544.07954733]";2016-10-23 12:00:00;2017-01-15 12:00:00
220;13;catboost_normal;0.09504294153912816;25.0;0.0892219259364058;665.3011865011683;0.08922120270214705;550.8438688339901;[6258.9, 5889.7, 5634.5, 5441.7, 5553.7, 5635.3, 5683.1, 5970.5, 6366.4, 6702.7, 6434.9, 6782.2, 6836.5];"[6274.67357747 6388.92985106 6465.9698276  6564.13920307 6603.1774077
 6559.66134987 6613.74619187 6574.90634712 6550.77944998 6520.43057538
 6485.00111389 6436.14877654 6416.13467288]";2014-10-05 12:00:00;2014-12-28 12:00:00
249;13;catboost_normal;0.007623437447500547;100.0;0.007663280602717733;32.01560684476027;0.0076631638882178185;25.172580704183545;[3327.6, 3118.4, 3159.8, 3267.5, 3354.1, 3178.5, 3203.1, 3306.0, 3438.0, 3277.9, 3165.6, 3227.6, 3360.2];"[3288.70978908 3117.8379144  3178.59797335 3281.59599153 3368.92361937
 3158.9847254  3174.65669565 3269.04327438 3366.92401286 3221.76619747
 3160.07253818 3238.96924435 3349.14813204]";2016-07-10 12:00:00;2016-10-02 12:00:00
220;13;catboost_normal;0.04709784682136839;41.666666666666664;0.04554097686143551;357.31193408099927;0.045540627607880885;297.10398037383555;[6730.0, 6568.1, 6643.0, 6520.7, 6440.6, 6522.0, 6312.9, 6269.1, 6675.6, 6226.3, 6069.1, 6042.6, 6320.7];"[6741.59009709 6767.52101699 6641.40368209 6827.65025327 6940.57340046
 6823.30369737 6897.86566927 6851.92181637 6750.49211873 6564.93707073
 6545.8223604  6423.19604579 6423.58188049]";2014-07-06 12:00:00;2014-09-28 12:00:00
234;13;catboost_normal;1.1638176487405176;41.666666666666664;0.6897282297727116;721.7301567676467;0.6896924502694936;666.9832697039582;[898.1, 787.8, 728.7, 665.8, 621.7, 584.7, 563.1, 544.1, 533.8, 538.0, 523.8, 576.6, 525.5];"[ 914.57265538  996.92904521 1310.81027141 1281.8061996  1167.16231629
 1353.5241737  1461.2239127  1393.09668739 1571.59553869 1469.63428623
 1338.49808957 1312.19438801 1191.43494197]";2016-04-24 12:00:00;2016-07-17 12:00:00
193;13;catboost_normal;0.2024864491946801;58.333333333333336;0.17954708093594787;117.38480328198422;0.17953179742726838;105.48126212475921;[602.188475, 577.360593, 544.565223, 545.618343, 549.831618, 539.843669, 551.638609, 516.306741, 522.54378, 550.939375, 516.637301, 487.092421, 481.79923];"[602.77968775 601.46200949 616.29758641 632.14253657 646.25917071
 646.62766153 649.67101296 652.68109351 656.64619484 659.93019373
 657.61608539 664.68072036 670.82783238]";2016-07-24 12:00:00;2016-10-16 12:00:00
264;13;catboost_normal;0.06640810081343552;41.666666666666664;0.06907932817450814;166.73377834583258;0.06907777307591377;153.64074007757634;[2502.65, 2406.81, 2252.97, 2284.54, 2315.73, 2375.02, 2344.91, 2330.32, 2257.59, 2285.8, 2204.52, 2193.75, 2195.36];"[2310.82513845 2228.98132681 2292.74429757 2263.74906694 2200.08220256
 2184.06445836 2151.84079596 2094.71090887 2105.08527367 2032.35915585
 2078.74836755 2043.53106113 2045.46692043]";2016-07-10 12:00:00;2016-10-02 12:00:00
207;13;catboost_normal;0.15131162392348643;75.0;0.16889413363690664;4207.943705384731;0.16889372242027043;3496.501671308926;[22036.8, 19943.8, 20199.5, 24371.2, 26985.1, 22050.2, 20166.3, 23108.5, 25586.3, 21086.5, 18198.1, 20001.4, 24748.9];"[19907.2110642  19665.5053529  20417.96438644 23157.25344428
 18918.07623893 16932.57003798 17852.98507513 18345.51634991
 19109.54415993 16209.27009473 16326.88453356 17050.88438143
 19571.34192645]";2016-02-28 12:00:00;2016-05-22 12:00:00
234;13;catboost_normal;0.5130839490482183;58.333333333333336;0.6408318648899662;718.1691359691258;0.6407913065038949;564.3053410999709;[1261.0, 1272.6, 1270.5, 1252.9, 1294.9, 1248.1, 1207.7, 1169.1, 1164.0, 1117.6, 1075.0, 1019.3, 944.8];"[1312.12673979 1287.4770859  1207.89557181 1012.13079016  873.15297559
  795.92792961  654.32984726  443.78761925  274.07443836  142.49663026
  151.3343376   630.65329456 2581.44904307]";2016-01-24 12:00:00;2016-04-17 12:00:00
264;13;catboost_normal;0.05073178093651376;33.333333333333336;0.04939164430263209;129.73687560272336;0.04939050656425602;107.32970927686885;[2171.44, 2165.66, 2033.72, 2031.36, 2135.07, 2145.01, 2027.45, 2036.06, 2046.24, 2186.7, 2208.81, 2321.76, 2429.01];"[2151.63626844 2217.01846598 2136.34454221 2256.64375768 2189.16884535
 2171.58800729 2204.99171117 2200.01306254 2273.5940391  2249.19887674
 2189.15229978 2216.79687739 2269.43964186]";2016-04-10 12:00:00;2016-07-03 12:00:00
249;13;catboost_normal;0.018087175407826728;83.33333333333333;0.018479548094619824;93.34877138190238;0.018479258206734555;58.919616890259476;[3271.0, 3097.2, 3167.5, 3286.4, 3342.2, 3119.6, 3138.3, 3227.4, 3321.5, 3149.1, 3119.3, 3229.3, 3340.5];"[3273.4484052  3090.27083812 3168.59765185 3275.20290459 3321.77365749
 3169.69261889 3157.49370894 3167.85378305 3230.3462748  3128.9754075
 3065.27372987 3048.34111768 3091.7396522 ]";2016-04-10 12:00:00;2016-07-03 12:00:00
193;13;catboost_normal;0.12899179592194526;41.666666666666664;0.13813641449905995;84.96381241347301;0.13812500344895082;83.62278966548844;[656.417595, 666.839047, 647.846154, 658.824184, 655.73894, 669.912953, 627.867484, 633.999792, 634.638759, 652.912154, 649.774144, 632.025796, 607.187006];"[571.70382921 568.68798418 564.94153893 563.3408403  563.23589145
 561.78974393 559.96432054 558.36640747 559.85472854 558.83623316
 558.64451228 558.64721939 558.87449298]";2016-04-24 12:00:00;2016-07-17 12:00:00
193;13;catboost_normal;0.031858037515595516;50.0;0.031861555441974304;21.55679310735699;0.0318587569035034;18.156894263789216;[543.70712, 558.53603, 545.03464, 547.18978, 565.29503, 583.88642, 569.38973, 569.02541, 584.78973, 593.27197, 580.00873, 553.7967, 576.79475];"[529.60364881 538.24128895 553.23722297 550.36611695 537.63022738
 545.56833943 587.30335344 609.44467112 612.93787873 602.43779011
 569.54128387 565.50280586 583.25395468]";2016-01-24 12:00:00;2016-04-17 12:00:00
221;13;catboost_normal;0.10304160727722386;41.666666666666664;0.10895356118556343;996.071366550183;0.10895285371965505;839.3214094215698;[7727.1, 7515.8, 7002.1, 7245.4, 7361.2, 7562.2, 7879.1, 8082.1, 8025.9, 8605.0, 8503.5, 8405.7, 8763.5];"[8122.27321659 7966.97697613 7801.75076894 7682.13164975 7618.25184262
 7558.16802829 7356.27098835 7057.07530271 7183.97676617 7179.78859783
 6980.77382826 6939.15253    7000.40008994]";2015-04-05 12:00:00;2015-06-28 12:00:00
264;13;catboost_normal;0.08567050152719721;75.0;0.09034275265124264;208.67091294070374;0.09034057543275385;187.587072242105;[2020.41, 2064.83, 2288.7, 2050.78, 2133.92, 2340.43, 2162.41, 2287.6, 2154.38, 2114.34, 2085.86, 2066.06, 2177.3];"[1940.68001199 1960.79380048 1964.94729857 2009.96308641 2021.07448207
 2001.38760045 1979.24144634 1977.43693416 1941.93327088 1938.37222771
 1933.39617601 1908.32638525 1930.83534053]";2016-01-10 12:00:00;2016-04-03 12:00:00
221;13;catboost_normal;0.0401273674127653;50.0;0.039008878567676424;346.8982923024026;0.03900861868682607;293.23520758160157;[8004.0, 7690.3, 7269.1, 7284.9, 7349.7, 7231.4, 7032.9, 6801.4, 7252.0, 7600.2, 7704.1, 7594.1, 7923.1];"[7943.79192416 7792.24467533 7595.18528019 7552.44164965 7382.16962677
 7409.25521933 7482.80191205 7517.1935572  7595.8007504  7770.25537912
 8056.55252947 8106.94155023 8224.20749298]";2015-01-04 12:00:00;2015-03-29 12:00:00
208;13;catboost_normal;11681658966.11754;0.0;1.999999999489411;53903740331389.28;1.999999999489402;46874714646182.91;[4185.45, 4185.45, 4185.45, 4185.45, 4185.45, 3944.18, 3944.18, 3944.18, 3944.18, 3944.18, 3944.18, 3944.18, 3944.18];"[-5.21014705e+12  7.22429190e+12  4.26718869e+13  6.53084336e+13
  6.00336445e+13  7.19199512e+13  1.20512646e+13  4.19023461e+13
  3.58259901e+13  4.45080507e+13  4.77999234e+13  9.38999046e+13
  8.10154559e+13]";2016-11-27 12:00:00;2017-02-19 12:00:00
194;13;catboost_normal;0.18179172292160903;58.333333333333336;0.16301768732336355;203.39884940465575;0.16301017526629866;177.19450961335895;[984.43264, 1007.22011, 977.57691, 956.13304, 989.18684, 978.19025, 972.65437, 932.85298, 995.85932, 965.36357, 978.65649, 978.76934, 995.1377];"[ 915.16789179  960.34351167 1000.36744409 1015.23158983 1080.40489905
 1147.99623804 1196.2470965  1226.08853675 1240.331376   1222.05659808
 1242.54270293 1268.17114991 1268.33045726]";2016-10-23 12:00:00;2017-01-15 12:00:00
265;13;catboost_normal;0.1698731121863027;50.0;0.15382862270321981;379.2014892725715;0.1538251641674872;342.20450081031294;[2072.76, 2162.78, 2042.96, 2108.32, 2022.16, 1989.55, 2020.05, 2071.25, 2013.96, 1993.61, 1976.23, 1966.25, 2030.46];"[2133.24307309 2208.56457439 2250.9365468  2292.33935479 2304.63731798
 2378.42948024 2437.24054926 2458.37886663 2554.60531883 2495.19962424
 2449.29365425 2488.31313039 2467.81701964]";2016-10-09 12:00:00;2017-01-01 12:00:00
249;13;catboost_normal;0.018229028586853983;100.0;0.01859249394948134;91.57273332536278;0.01859220019836189;58.87768098948233;[3313.0, 2985.9, 3006.5, 3103.5, 3176.7, 2987.3, 3043.7, 3117.2, 3250.2, 3043.4, 3042.8, 3178.3, 3348.9];"[3118.44041946 2999.27243263 3030.25638988 3114.95105738 3183.24076625
 3029.18488244 3037.68203007 3143.95424356 3200.91754541 3068.31130763
 3017.6295145  3060.69204939 3124.79966808]";2016-01-10 12:00:00;2016-04-03 12:00:00
208;13;catboost_normal;419991782501.93567;16.666666666666668;1.9999999999885363;2181737008817037.2;1.9999999999885203;1760524346717722.2;[4209.23, 4209.23, 4209.23, 4209.23, 4209.23, 4185.46, 4185.45, 4185.45, 4185.45, 4185.45, 4185.45, 4185.45, 4185.45];"[-9.83521950e+11 -3.19797085e+14  2.82274720e+14  1.38632976e+15
  4.15321045e+15  1.71622136e+15  1.66962997e+15  2.02190045e+15
  1.72710751e+15  1.41071274e+15  4.51236820e+15  1.30615636e+15
  2.38012439e+15]";2016-08-28 12:00:00;2016-11-20 12:00:00
235;13;catboost_normal;0.12392517659542059;41.666666666666664;0.11857578014901421;510.09937388400533;0.11857424123070255;458.6497342996466;[3265.2, 3299.2, 3276.9, 3338.6, 3299.6, 3574.8, 3557.3, 3591.5, 3690.3, 3977.2, 4463.9, 4347.0, 4358.4];"[3317.00020765 3447.7586587  3542.77964478 3765.8473168  4020.54354771
 4126.51230671 4212.31531397 4190.57264699 4455.65922618 4180.41586775
 3994.86009971 3927.76090728 3673.03718436]";2016-10-23 12:00:00;2017-01-15 12:00:00
221;13;catboost_normal;0.10572946122242019;41.666666666666664;0.11486764441194586;1047.7829110325551;0.11486686928007585;851.2231627794922;[7619.0, 7498.5, 7345.6, 7747.1, 7689.9, 7927.0, 7798.0, 8001.1, 8190.0, 8322.2, 8172.7, 8046.9, 7940.7];"[7661.39557987 7505.8757683  7434.89059181 7389.41127728 7322.74965952
 7249.06324153 7008.62431857 6807.58366065 6716.31535176 6626.43511969
 6547.27329966 6547.59107843 6693.71381674]";2014-10-05 12:00:00;2014-12-28 12:00:00
265;13;catboost_normal;0.032937595790306945;41.666666666666664;0.033654819837949886;91.80516630508554;0.0336540952890347;78.31139718763174;[2584.7, 2452.42, 2325.16, 2352.69, 2361.67, 2422.66, 2376.14, 2328.63, 2326.08, 2283.65, 2192.71, 2174.49, 2185.25];"[2388.58720931 2362.55918549 2362.89148398 2326.92891024 2323.99552964
 2291.31586844 2300.95835535 2245.42817227 2216.7422258  2175.87142422
 2153.22782903 2154.46667798 2120.69193274]";2016-07-10 12:00:00;2016-10-02 12:00:00
250;13;catboost_normal;0.0499235129143682;58.333333333333336;0.051679355843672545;412.6443217695984;0.051678977717749985;353.2338193971001;[6671.0, 6836.0, 6803.0, 6884.0, 6879.0, 6940.0, 7042.0, 7117.0, 7136.0, 7116.0, 7164.0, 7197.0, 7229.0];"[6706.31278299 6756.65012753 6725.02743656 6687.99270972 6640.10527278
 6550.94068612 6412.82713332 6588.60276455 6416.91927876 6565.51551764
 6670.67238141 6874.77862106 6896.24120136]";2016-10-09 12:00:00;2017-01-01 12:00:00
194;13;catboost_normal;0.1593454316202511;58.333333333333336;0.1399326944225656;221.24753138854388;0.13992697716749686;171.65271704988805;[1254.66338, 1256.98199, 1291.18945, 1302.09832, 1239.77508, 1246.45096, 1204.81181, 1199.36321, 1149.89276, 1092.35538, 1057.45203, 1019.74092, 929.2967];"[1250.67117536 1283.16610948 1297.55571942 1290.1113413  1311.46563751
 1338.78493117 1377.48802131 1397.88859321 1417.55996642 1406.59702603
 1388.5898754  1350.67820671 1333.04234165]";2016-07-24 12:00:00;2016-10-16 12:00:00
235;13;catboost_normal;0.0575512829369429;50.0;0.056187422961496085;214.11341502582948;0.05618661839510374;196.72369644426038;[3855.8, 3872.8, 3897.0, 3948.2, 3838.9, 3623.3, 3363.5, 3317.6, 3243.7, 3249.2, 3228.3, 3219.3, 3232.9];"[3777.02593266 3764.85964482 3748.92746124 3721.5199472  3676.50777611
 3601.60300591 3568.48966554 3521.89037267 3535.16316182 3506.46841644
 3506.39692056 3506.83760219 3521.10568248]";2016-07-24 12:00:00;2016-10-16 12:00:00
208;13;catboost_normal;589408813255.0415;8.333333333333334;1.999999995871551;2813737197175759.0;1.9999999958714965;2441682178589438.5;[3759.94, 3759.94, 3759.94, 3759.94, 3759.94, 4209.23, 4209.23, 4209.23, 4209.23, 4209.23, 4209.23, 4209.23, 4209.23];"[2.80898324e+11 4.43792550e+14 5.38857167e+14 7.17044961e+14
 2.57284442e+15 3.24389751e+15 3.25933691e+15 3.25939523e+15
 3.26405037e+15 4.34987380e+15 3.34066104e+15 3.33955546e+15
 3.41227801e+15]";2016-05-29 12:00:00;2016-08-21 12:00:00
221;13;catboost_normal;0.05690997318467139;66.66666666666667;0.05494684701384554;458.2416757296567;0.054946473851170526;405.98808554468775;[7190.8, 6554.0, 6410.7, 6883.8, 7130.3, 7070.1, 6737.0, 6787.5, 7410.5, 7405.3, 7448.9, 7440.3, 7766.6];"[7520.5349487  7160.35164371 6605.7390048  6993.39276043 7272.07951693
 7362.01138023 7251.34232945 7145.94493294 7585.14490965 8162.51989334
 8115.63947546 8095.3204765  8243.62383995]";2014-07-06 12:00:00;2014-09-28 12:00:00
250;13;catboost_normal;0.03339091984623509;41.666666666666664;0.0324116888019852;304.1350520790768;0.03241145630200666;225.922940408275;[6951.0, 6975.0, 6957.0, 6994.0, 6971.0, 6998.0, 6877.0, 6781.0, 6752.0, 6728.0, 6756.0, 6725.0, 6736.0];"[6940.86984646 6932.13028387 6941.4545127  6998.13745134 7045.72742123
 7052.52295248 7046.69033435 7057.71258668 7067.83383059 7152.5595882
 7207.06446595 7251.632866   7306.5713715 ]";2016-07-10 12:00:00;2016-10-02 12:00:00
235;13;catboost_normal;0.2679683339058481;33.333333333333336;0.23322809897560773;1015.741238349255;0.2332252673355567;962.2660609588839;[3551.6, 3527.9, 3538.9, 3475.3, 3511.8, 3491.8, 3460.5, 3456.9, 3549.8, 3794.1, 3804.4, 3850.8, 3840.3];"[3912.01539534 4009.40079039 4151.37459275 4370.87999108 4471.99359161
 4716.77357467 4799.62369774 4899.67254206 4902.53229647 4888.3533045
 4847.76539208 4778.5571387  4614.61648508]";2016-04-24 12:00:00;2016-07-17 12:00:00
250;13;catboost_normal;0.029756769129568126;41.666666666666664;0.029238087144340476;229.77515389167877;0.029237884458433935;210.8862469686058;[7234.0, 7277.0, 7198.0, 7165.0, 7119.0, 7130.0, 7113.0, 7118.0, 7091.0, 7066.0, 7052.0, 7020.0, 6990.0];"[7316.78737493 7325.81886583 7340.10654345 7356.26973048 7319.08989795
 7307.76724774 7297.4497046  7304.36843238 7319.16248647 7352.95164074
 7346.23847534 7358.7117702  7369.79904049]";2016-04-10 12:00:00;2016-07-03 12:00:00
208;13;catboost_normal;21800538543.622585;0.0;1.999999999728325;117338761487319.31;1.9999999997283096;80172793583845.12;[3461.72, 3461.72, 3461.72, 3461.72, 3461.72, 3759.94, 3759.94, 3759.94, 3759.94, 3759.94, 3759.94, 3759.94, 3759.94];"[-1.27614519e+12  3.34069324e+13  8.98027863e+13  6.55352533e+13
  8.09895032e+13  3.88112945e+13  1.62457369e+13  6.06108266e+13
  4.40617161e+13  5.68092839e+13  5.60431478e+13  1.47171535e+14
  3.51482156e+14]";2016-02-28 12:00:00;2016-05-22 12:00:00
222;13;catboost_normal;0.01403378472832653;66.66666666666667;0.014147575939682565;494.40655083670816;0.01414755016702859;388.3581746373241;[26994.0, 26695.0, 28522.0, 27712.0, 27511.0, 27231.0, 27409.0, 27856.0, 27639.0, 26848.0, 27687.0, 27342.0, 27494.0];"[27118.27529862 27231.00244947 27341.35242996 27228.69146136
 26994.13460944 27368.16098631 27451.15035067 27078.71046059
 27276.96805287 27161.15422988 27393.17628198 27213.32548077
 27340.72826769]";2017-07-23 12:00:00;2017-10-15 12:00:00
194;13;catboost_normal;0.036076196859105805;58.333333333333336;0.035302618357029074;53.05779180180565;0.03530128275190751;46.69891373192973;[1402.61818, 1384.13153, 1339.43521, 1372.5604, 1346.2035, 1330.58684, 1352.19308, 1257.60152, 1276.22062, 1265.21869, 1254.25231, 1238.95574, 1263.84335];"[1364.59356135 1385.71815833 1383.88383758 1407.22081836 1407.76666502
 1390.2943011  1351.9984975  1347.7936365  1340.69333643 1326.81165697
 1308.82640784 1308.64954129 1290.21802793]";2016-04-24 12:00:00;2016-07-17 12:00:00
265;13;catboost_normal;0.04282820655862874;41.666666666666664;0.0420077758143094;113.38258618252173;0.042006830088517896;93.41288033386208;[2309.19, 2273.87, 2151.99, 2107.37, 2216.67, 2186.89, 2061.35, 2091.21, 2077.81, 2223.99, 2311.67, 2208.51, 2483.1];"[2255.30394687 2230.82661184 2317.33252898 2260.43001777 2228.82912466
 2205.59363064 2253.24369391 2194.34053284 2226.84247651 2211.55217816
 2264.10042298 2295.07092451 2305.55232563]";2016-04-10 12:00:00;2016-07-03 12:00:00
235;13;catboost_normal;0.3866845864284129;58.333333333333336;0.2516463160203784;2566.2062983755586;0.251644185730291;1513.6302344209284;[4719.4, 5080.2, 4812.0, 4760.6, 4738.7, 4667.9, 4494.9, 4291.6, 4161.1, 4060.8, 3969.9, 3786.9, 3688.9];"[4881.27776175 4973.36020387 4967.93768996 4966.08033228 5427.79391609
 4525.56083469 5025.7717814  4383.48581478 5498.60067031 4607.30349757
 9186.25232711 8599.24069741 9369.06959737]";2016-01-24 12:00:00;2016-04-17 12:00:00
250;13;catboost_normal;0.10150816908955385;58.333333333333336;0.10739340546026864;784.3717570171391;0.10739264102109039;754.4115964466199;[6720.0, 7492.0, 7455.0, 7470.0, 7491.0, 7479.0, 7459.0, 7483.0, 7461.0, 7426.0, 7392.0, 7320.0, 7260.0];"[6679.47278321 6614.89331823 6563.38584969 6553.04326456 6598.65082853
 6684.78963568 6674.90231273 6661.66803558 6660.32613192 6693.53070248
 6628.34701174 6556.71400936 6530.92536249]";2016-01-10 12:00:00;2016-04-03 12:00:00
194;13;catboost_normal;0.05140152458562847;75.0;0.05301745552182464;75.54565267413558;0.053015422732117505;69.14513333431555;[1314.522466, 1351.660313, 1309.945731, 1322.147712, 1316.062467, 1300.562396, 1321.866729, 1348.456965, 1388.139494, 1348.00829, 1350.720494, 1330.66606, 1371.41998];"[1283.07906268 1284.14869017 1298.89571144 1282.43994459 1269.35769564
 1252.3297976  1236.98260529 1247.86711578 1273.5550851  1262.58151212
 1264.11051313 1256.91396891 1263.03066119]";2016-01-24 12:00:00;2016-04-17 12:00:00
209;13;catboost_normal;0.1467381485661237;58.333333333333336;0.16071070872574347;1505.9399584420414;0.16070976772801726;1372.6706795927364;[8204.21, 8496.79, 8690.18, 8796.65, 9308.62, 8889.88, 9285.78, 9353.08, 9523.59, 9788.87, 9638.59, 9552.7, 9535.58];"[7894.40899621 7990.85377242 8115.19072374 7860.48101639 7928.43013374
 7908.45404495 7665.57971274 7746.77328101 7763.37727869 7565.96056972
 7537.75216792 7600.69382578 7641.84564198]";2016-11-27 12:00:00;2017-02-19 12:00:00
265;13;catboost_normal;0.10960049733851701;66.66666666666667;0.11654119544157772;265.17277528220507;0.11653850651943404;252.6421399710043;[2216.46, 2312.08, 2331.13, 2129.03, 2232.71, 2380.93, 2271.99, 2446.39, 2358.37, 2294.23, 2226.29, 2202.99, 2270.44];"[2030.46762164 2024.86223758 2030.50165757 2023.77082161 1988.85079717
 2008.32274171 2018.53946724 2051.74589873 2035.64231243 2030.56468519
 2044.49245783 2041.09859442 2059.83288728]";2016-01-10 12:00:00;2016-04-03 12:00:00
251;13;catboost_normal;0.01772805858791013;83.33333333333333;0.01792200519649494;181.27722725168084;0.0179219027912305;156.84001036465452;[8557.6, 8835.3, 8859.0, 8662.7, 8563.5, 8897.2, 8930.5, 8826.7, 8675.2, 8886.2, 9003.2, 8917.6, 8732.1];"[8669.94429702 8807.31855769 8764.09268241 8618.14380988 8623.96708259
 8714.97704971 8771.75312039 8627.988127   8579.88098273 8606.35621663
 8690.70475514 8631.29903408 8547.07690921]";2016-10-09 12:00:00;2017-01-01 12:00:00
270;13;catboost_normal;0.06014357209531419;58.333333333333336;0.06240905160857586;532.8946206266454;0.06240864803609566;482.6420489369452;[7661.3, 7754.9, 7634.3, 7495.5, 7846.8, 7899.6, 8028.8, 8126.1, 8295.7, 8169.0, 8102.7, 7990.4, 8058.8];"[7569.85595441 7466.78372405 7337.8577998  7387.15616279 7418.18745196
 7455.71460534 7395.23907703 7411.01584655 7446.47107524 7561.72630291
 7533.60100323 7470.09495627 7335.84940426]";2014-10-12 12:00:00;2015-01-04 12:00:00
222;13;catboost_normal;0.02493936043359414;58.333333333333336;0.02383811284378235;1206.565687729551;0.023838068002336368;634.5073322359578;[27776.0, 26726.0, 27951.0, 27867.0, 27742.0, 27373.0, 27230.0, 27404.0, 27368.0, 23617.0, 27621.0, 27635.0, 27644.0];"[27156.84580376 27075.60093601 27551.34498274 27443.58222819
 27624.33544391 27700.71242631 27255.74408446 27689.9912399
 27732.92907441 27740.0851089  27706.69640728 27971.1321833
 28433.81231709]";2017-04-23 12:00:00;2017-07-16 12:00:00
209;13;catboost_normal;0.1629873759245942;41.666666666666664;0.18431396989388873;1521.4167321840418;0.1843126422220507;1281.66543170009;[7399.99, 7640.33, 7775.39, 7678.7, 7643.95, 7598.17, 7773.65, 7935.26, 7812.35, 8128.39, 8011.22, 8003.44, 8024.76];"[7479.9418925  7775.18785468 7619.20542009 7358.04836627 6253.38691279
 5293.21890623 6000.66255895 5754.50398668 5938.15966525 5883.06391124
 6205.38563224 7039.94356706 6592.86020828]";2016-08-28 12:00:00;2016-11-20 12:00:00
236;13;catboost_normal;0.2682789091058942;41.666666666666664;0.2261781500161975;370.27620122658203;0.22616991482748328;313.03108916789705;[1070.7, 1079.0, 1034.4, 1099.3, 1055.1, 1200.8, 1155.9, 1202.1, 1206.6, 1378.2, 1438.1, 1340.1, 1262.4];"[1122.77292319 1203.67177928 1303.76926504 1420.62582195 1591.22987306
 1733.5462989  1765.64206258 1733.9496951  1708.20075545 1658.89784216
 1544.66060292 1448.81104935 1356.32619021]";2016-10-23 12:00:00;2017-01-15 12:00:00
266;13;catboost_normal;0.19468101480788774;41.666666666666664;0.22838848201401385;1015.2508320470054;0.22838516394882571;788.0916449137777;[3031.2, 2833.0, 3121.8, 3662.4, 3801.4, 3635.9, 3732.4, 2989.6, 4445.3, 4025.2, 4599.9, 4366.5, 3613.2];"[3125.44012298 3121.34192513 3055.56037513 3229.61634158 3056.99984224
 3184.93625448 3117.35853656 2922.14081421 2806.72088218 2795.11602803
 2535.91847032 2730.56042533 2696.06269417]";2014-10-12 12:00:00;2015-01-04 12:00:00
270;13;catboost_normal;0.024102218871643735;50.0;0.024101915566105667;215.27752084728286;0.024101747579064324;173.0011861003545;[7010.8, 6870.6, 6974.8, 6936.0, 6904.1, 6944.5, 7040.1, 7069.4, 7132.0, 7317.5, 7179.1, 7331.1, 7733.4];"[6982.36677329 7049.55628325 7103.91910089 7134.74920738 7188.82002067
 7131.6213484  7178.21712669 7246.8240122  7251.88217115 7274.60605306
 7273.51036052 7217.64298123 7177.66840425]";2014-07-13 12:00:00;2014-10-05 12:00:00
270;13;catboost_normal;0.024337242700022185;50.0;0.023898060438179783;217.64537102790624;0.023897896032995396;173.70197256126974;[7456.9, 7316.8, 7207.6, 7258.0, 7339.7, 7373.3, 7436.7, 7413.7, 7104.2, 7130.1, 7052.9, 7121.4, 6991.1];"[7338.99615533 7371.4153437  7387.69512207 7400.03804039 7400.03990057
 7396.22663157 7397.47285681 7395.74331692 7403.12195168 7402.7403781
 7404.72162206 7407.69891604 7404.44006619]";2014-04-13 12:00:00;2014-07-06 12:00:00
236;13;catboost_normal;0.15223231990198696;66.66666666666667;0.1442845504209371;227.3466982621404;0.14427864883335362;178.83250884701755;[1705.6, 1673.9, 1568.0, 1443.1, 1364.2, 1290.4, 1227.6, 1165.6, 1144.3, 1098.5, 1085.1, 1087.1, 1079.4];"[1657.16374871 1595.76750192 1495.06515519 1377.88967105 1270.6560774
 1140.16740183  991.05034778  937.39797603  971.44114458 1147.23851739
 1289.91968166 1471.00671149 1620.65672896]";2016-07-24 12:00:00;2016-10-16 12:00:00
251;13;catboost_normal;0.011566566592839122;100.0;0.011712612659030635;147.86557340976543;0.011712544348675417;100.42381401092993;[8420.8, 8626.8, 8591.6, 8416.3, 8427.6, 8675.1, 8669.6, 8548.5, 8404.1, 8678.5, 8833.2, 8745.9, 8522.3];"[8426.89521002 8592.7328519  8574.74953505 8422.47842313 8430.08780942
 8622.58283254 8605.22477598 8424.42622708 8389.04580515 8491.53488927
 8572.66536143 8395.47358109 8336.41600093]";2016-07-10 12:00:00;2016-10-02 12:00:00
266;13;catboost_normal;0.06380438944741798;66.66666666666667;0.06673169517046515;264.78041709379363;0.06673057961207621;199.97333961947035;[3049.1, 2876.7, 2854.4, 2819.5, 2635.3, 2869.5, 2712.2, 3131.7, 3058.3, 2996.3, 3476.7, 3255.9, 3207.3];"[2885.23394918 2833.90864151 2902.79212386 2763.0673373  2833.03086579
 2863.51206578 2831.50977662 2908.33752028 2898.6995505  2829.27435289
 2827.21419603 2820.06360466 2877.46813309]";2014-07-13 12:00:00;2014-10-05 12:00:00
209;13;catboost_normal;0.14997717247699585;41.666666666666664;0.1673678938260981;1251.8423057199286;0.16736655666462857;1049.4041758898884;[6118.09, 6207.59, 6438.29, 6111.99, 6130.59, 6930.47, 6884.98, 6746.45, 6648.9, 6984.26, 7536.75, 7424.66, 7408.92];"[6327.6440468  6314.20552015 6079.72152041 6095.55760845 5221.63845609
 5166.45575818 6003.8762172  5819.17722653 5234.93353474 5572.37068346
 5632.67826055 5516.97756385 5576.78845091]";2016-05-29 12:00:00;2016-08-21 12:00:00
222;13;catboost_normal;0.10697164846138664;75.0;0.11425220451649568;3268.800354444849;0.11425198601217285;2987.4782148158743;[24263.0, 24218.0, 28332.0, 28460.0, 28142.0, 27489.0, 26633.0, 28002.0, 27662.0, 27613.0, 27793.0, 28738.0, 27842.0];"[24254.59118196 24005.35003228 24398.89098243 24805.10524119
 24390.14977782 24542.6791614  24319.01455528 24480.03567603
 24268.37565636 24187.87049664 24220.80179059 24104.16988633
 24372.74876907]";2017-01-22 12:00:00;2017-04-16 12:00:00
236;13;catboost_normal;0.082586379341579;66.66666666666667;0.08845964061064616;182.5171023394475;0.08845666234290388;132.4274949637045;[1118.7, 1101.0, 1208.2, 1240.7, 1340.3, 1443.5, 1557.2, 1583.1, 1586.5, 1622.4, 1658.0, 1778.5, 1719.2];"[1140.84264197 1179.27573404 1211.6906528  1290.8284244  1367.3140629
 1451.33791871 1473.86083216 1435.90391016 1439.65806587 1472.47462502
 1417.58617738 1388.87526044 1343.87312927]";2016-04-24 12:00:00;2016-07-17 12:00:00
251;13;catboost_normal;0.01222353363585995;100.0;0.012327864127143333;127.82067502991836;0.012327790664680378;103.4472950234663;[8394.1, 8576.5, 8524.0, 8255.8, 8219.2, 8462.2, 8463.1, 8322.3, 8225.1, 8519.5, 8585.4, 8449.5, 8272.0];"[8319.09493791 8469.34614622 8425.86970789 8301.18532071 8297.64893116
 8394.15111519 8411.38326939 8291.91331492 8249.13325613 8250.89088774
 8341.45932195 8273.87355476 8193.67041673]";2016-04-10 12:00:00;2016-07-03 12:00:00
222;13;catboost_normal;0.0170552300770418;91.66666666666667;0.01702539660348873;609.5302979940154;0.017025360938400694;406.83289294397935;[24185.0, 23454.0, 25522.0, 24277.0, 24184.0, 23962.0, 23742.0, 24155.0, 24370.0, 22027.0, 24301.0, 24396.0, 24559.0];"[24349.98602495 23766.41984097 24067.25074939 23919.37649938
 23893.55878026 23851.89524884 23944.97268632 24303.234597
 24671.84521077 23477.6350125  24023.17869557 24237.47319628
 24500.53259452]";2016-10-23 12:00:00;2017-01-15 12:00:00
270;13;catboost_normal;0.09528761078272119;58.333333333333336;0.09058423946763446;730.2921922532959;0.09058365413079451;700.9583512846482;[7676.2, 7460.8, 7513.8, 7329.1, 7256.3, 7149.7, 7251.9, 7367.9, 7452.4, 7549.2, 7434.5, 7384.8, 7305.3];"[7816.62155911 7982.53161329 8078.45586282 8121.35814959 8170.6577362
 8127.70744429 8141.79253209 8107.48374516 8161.99660109 8213.14961537
 8108.54929411 8105.20355276 8108.85086082]";2014-01-12 12:00:00;2014-04-06 12:00:00
266;13;catboost_normal;0.04427312173899107;66.66666666666667;0.04545761402222055;173.64363448672273;0.04545681757882311;130.00835007626267;[2688.0, 2837.6, 2841.7, 3112.8, 3141.9, 3052.1, 2737.5, 2798.0, 2834.5, 3197.9, 2986.6, 2831.6, 2928.6];"[2806.5083075  2937.96778214 2885.45606169 3082.75744153 3047.3305289
 3032.37225057 2825.25855494 2550.57908582 2611.59535681 2739.04120426
 2942.00477107 2939.99092608 3041.80755759]";2014-04-13 12:00:00;2014-07-06 12:00:00
209;13;catboost_normal;0.0558552195436074;83.33333333333333;0.05840657745540297;428.10362142017465;0.058406071076494086;337.0243875238664;[5636.43, 5643.44, 5561.76, 5391.94, 5432.17, 5755.72, 5934.11, 5843.18, 5790.4, 5945.48, 6334.12, 6354.07, 6041.06];"[5528.88363434 5489.97487272 5517.15362422 5430.4492502  5452.97194297
 5486.22749168 5539.08625912 5502.42756888 5440.36247209 5484.44498763
 5495.81225161 5543.32771754 5490.06327553]";2016-02-28 12:00:00;2016-05-22 12:00:00
271;13;catboost_normal;0.039590131184906216;75.0;0.038673621407227715;40.845083373130414;0.038671621340770186;37.38915139152932;[974.11, 971.93, 949.5, 952.55, 956.53, 955.04, 928.78, 934.69, 937.57, 942.2, 943.45, 949.25, 951.63];"[981.61859868 976.85998396 979.65507623 982.88829247 985.06343732
 985.46663881 983.88249106 989.8104017  992.52091873 991.53955101
 992.31469595 994.96226282 996.70661935]";2016-10-09 12:00:00;2017-01-01 12:00:00
236;13;catboost_normal;0.09331429589690408;58.333333333333336;0.0919546710861673;137.98399567090482;0.09195077930566908;109.16312202444692;[1422.5, 1382.7, 1358.0, 1299.8, 1281.6, 1218.2, 1178.3, 1188.3, 1158.1, 1144.5, 1119.7, 1118.3, 1122.8];"[1427.82856975 1345.28431696 1323.32133154 1262.09028838 1207.9996369
 1127.18965716 1016.23675666 1003.8505213  1037.2714837  1086.2106615
 1212.40844134 1319.05638051 1443.08184881]";2016-01-24 12:00:00;2016-04-17 12:00:00
251;13;catboost_normal;0.012288340899097592;83.33333333333333;0.01234013666897921;122.62567190077564;0.012340062009914284;101.99176413702816;[8069.9, 8376.9, 8317.6, 8135.0, 8104.8, 8309.8, 8324.1, 8237.2, 8135.9, 8445.7, 8475.6, 8354.9, 8231.4];"[8252.09966128 8310.23687706 8272.51297602 8201.03067614 8195.97764885
 8269.04452691 8259.9367445  8191.59999041 8191.66006156 8216.0200661
 8251.53720961 8192.04381535 8179.54290807]";2016-01-10 12:00:00;2016-04-03 12:00:00
266;13;catboost_normal;0.0940684752077005;50.0;0.08890681081216766;336.17320459390453;0.08890536272750034;274.9618107061226;[3992.3, 3502.3, 3258.0, 3283.0, 3363.1, 3242.1, 3444.1, 2918.3, 2917.4, 2708.7, 2532.3, 2720.4, 2717.4];"[3501.26679448 3398.80474015 3409.13717533 3359.24133117 3310.08810007
 3301.19134579 3316.94915043 3208.33154371 3151.7989349  3189.61160869
 3193.48290943 3152.81328284 3131.80419245]";2014-01-12 12:00:00;2014-04-06 12:00:00
223;13;catboost_normal;0.09907474954896861;58.333333333333336;0.0946898250521268;222.79938983210593;0.0946874864442037;193.47315486292504;[1706.741, 1739.879, 1741.962, 1763.156, 1740.79, 1857.234, 1746.231, 2071.371, 1997.189, 2097.67, 2111.099, 2253.543, 2460.929];"[1640.69430009 1651.18962055 1747.88984929 2015.35752966 1985.54658893
 2063.95864527 2082.77887819 2181.09689518 2220.25460375 2468.49340341
 2332.4394547  2180.26589781 2144.90501672]";2016-10-09 12:00:00;2017-01-01 12:00:00
237;13;catboost_normal;0.20167742680226539;66.66666666666667;0.24225369041826267;221.6696114786399;0.24223462502676268;158.89060690197604;[430.0, 420.4, 399.8, 415.2, 435.7, 548.9, 538.0, 631.4, 714.5, 831.1, 925.2, 953.0, 917.2];"[376.92673007 396.50727376 399.91692391 411.43617934 416.83826513
 453.54010731 482.59122446 504.02063588 532.42142675 524.761808
 531.22884831 541.68065884 523.18587633]";2016-10-23 12:00:00;2017-01-15 12:00:00
223;13;catboost_normal;0.06569095805014312;75.0;0.06231758345252691;156.94804162828908;0.06231597014959142;120.57207682325962;[2159.673, 2141.451, 2105.011, 2110.274, 2083.505, 2061.724, 2021.172, 1972.966, 1867.279, 1835.919, 1756.097, 1744.083, 1709.974];"[2062.24279686 2073.50680566 2085.20433414 2086.75653268 2087.47330815
 2077.6825469  2072.49027734 2061.79833077 2051.30316987 2042.05064866
 2024.30451742 2006.35380035 1988.00086858]";2016-07-10 12:00:00;2016-10-02 12:00:00
271;13;catboost_normal;0.031058040347858258;66.66666666666667;0.03165835316369754;33.80871123519958;0.031656716475172424;30.618981346167008;[985.85, 993.35, 987.66, 990.64, 995.44, 993.15, 972.62, 976.98, 984.31, 989.36, 988.56, 981.52, 979.59];"[980.19716658 981.69934908 978.07360395 968.41697937 958.7790868
 950.29929198 945.30408385 951.95204539 950.47288511 946.73499341
 941.31350425 935.09137545 932.6488773 ]";2016-07-10 12:00:00;2016-10-02 12:00:00
267;13;catboost_normal;0.12312726680863208;58.333333333333336;0.11442721335763285;173.96010973640028;0.11442305169550725;157.37112979198855;[1306.27, 1382.07, 1271.27, 1314.49, 1308.47, 1194.08, 1259.07, 1298.64, 1304.74, 1285.92, 1251.62, 1308.33, 1369.04];"[1337.36561973 1387.72535218 1405.18660412 1424.96703398 1458.97187983
 1471.6703868  1476.48264476 1478.08150783 1488.97910679 1464.72051588
 1502.36436053 1495.66721205 1507.65246281]";2016-10-09 12:00:00;2017-01-01 12:00:00
285;13;catboost_normal;0.028933529807257365;41.666666666666664;0.028283767905954084;385.6631491779729;0.02828363488147549;300.69631768356453;[10549.0, 10683.7, 10413.7, 10294.3, 10494.1, 10588.0, 10359.7, 10236.7, 10403.6, 10394.8, 10697.7, 10778.3, 10831.8];"[10702.32429835 10764.51376326 10785.16938842 11158.41064173
 10676.98706254 10764.94489755 10637.3468189  10919.92124946
 10841.73617566 10817.73806285 10630.45041136 10591.64267324
 10828.14714424]";2016-11-27 12:00:00;2017-02-19 12:00:00
237;13;catboost_normal;0.10822003934769721;66.66666666666667;0.09889059846643529;52.883769564234385;0.09887845505978198;40.299566528408846;[492.6, 490.1, 476.5, 461.0, 398.9, 403.0, 399.0, 371.0, 370.7, 364.6, 356.1, 365.7, 371.6];"[493.68790404 483.87926864 475.68032344 461.37332804 442.38723457
 426.1838756  416.75576294 413.05606431 419.2590892  430.60110445
 447.71248332 457.45757699 462.57953352]";2016-07-24 12:00:00;2016-10-16 12:00:00
271;13;catboost_normal;0.02287073932974772;66.66666666666667;0.023201688805531466;24.76331384501095;0.023200471725561257;22.115816271684874;[932.32, 939.03, 938.11, 946.42, 955.14, 958.35, 965.37, 961.88, 970.94, 979.63, 977.19, 973.34, 979.37];"[930.76658061 931.38442977 930.18800951 932.35430571 935.76548107
 933.67784708 934.12299098 937.58487297 938.55690941 940.03221609
 941.31525214 947.9830882  955.85240495]";2016-04-10 12:00:00;2016-07-03 12:00:00
252;13;catboost_normal;0.025905889437385664;83.33333333333333;0.02633495689240264;367.89077055737965;0.026334851045271113;327.61041586096775;[12389.0, 12551.0, 12538.0, 12445.0, 12427.0, 12637.0, 12671.0, 12626.0, 12568.0, 12702.0, 12742.0, 12726.0, 12679.0];"[12355.75396818 12399.12642935 12356.26813189 12290.99884198
 12263.8867256  12282.94114896 12288.05172665 12245.83875997
 12218.91504836 12206.64391004 12198.74741829 12175.2713228
 12159.62116175]";2016-10-09 12:00:00;2017-01-01 12:00:00
223;13;catboost_normal;0.29330790757391123;33.333333333333336;0.2487067587845542;652.2359503932672;0.2487015080791515;589.3925275322043;[2211.971, 2154.608, 2094.381, 2080.555, 2014.816, 2009.243, 1976.18, 1943.358, 1986.531, 1994.012, 2008.642, 2044.616, 2037.038];"[2266.10979115 2295.99637821 2334.09844214 2504.66118065 2555.62817282
 2705.55682912 2778.06916686 2809.70058674 2894.22028649 2899.67773661
 2753.13664544 2756.8231636  2664.37547807]";2016-04-10 12:00:00;2016-07-03 12:00:00
267;13;catboost_normal;0.04663007127136619;58.333333333333336;0.048217453814013815;83.72233285739378;0.04821577357807187;69.2639530575108;[1596.07, 1534.9, 1427.4, 1435.44, 1455.28, 1516.95, 1475.35, 1464.92, 1405.32, 1430.21, 1378.3, 1377.27, 1365.39];"[1446.41193902 1377.88536491 1403.30832843 1446.19404986 1420.53918412
 1400.62817925 1373.74871627 1374.54400769 1369.76702901 1362.54783926
 1347.75161377 1335.63084638 1324.91961199]";2016-07-10 12:00:00;2016-10-02 12:00:00
285;13;catboost_normal;0.0342528411080283;75.0;0.035058315885436175;426.0278172229555;0.03505814663482425;363.2842065675781;[9859.8, 9884.0, 9920.8, 10160.1, 10254.3, 10556.4, 10622.4, 10546.9, 11128.1, 10427.2, 10531.7, 10812.7, 10655.7];"[ 9741.75840768  9751.05594778  9784.31588667  9923.42001803
 10020.06106504 10015.37518247 10104.06992835 10168.15317779
 10192.06150083 10175.47284884 10261.64101676 10250.38902953
 10249.63130487]";2016-08-28 12:00:00;2016-11-20 12:00:00
271;13;catboost_normal;0.01929767719122834;58.333333333333336;0.019049129675289243;21.53804932653924;0.019048125105259106;18.060285259958427;[946.49, 945.82, 943.13, 944.93, 942.24, 940.96, 936.75, 924.0, 936.21, 939.48, 939.5, 937.44, 932.59];"[937.99071459 937.69674973 939.35259049 943.68827378 947.61674369
 951.47015522 956.50241564 960.95744091 963.51281059 965.10285598
 966.03048494 965.82380187 965.29532813]";2016-01-10 12:00:00;2016-04-03 12:00:00
223;13;catboost_normal;0.18880301879904987;75.0;0.2187107384718924;553.3120457663078;0.21870560115393387;470.52012656613323;[2680.476, 2656.738, 2688.858, 2680.598, 2657.981, 2612.427, 2670.398, 2600.82, 2548.304, 2492.144, 2409.099, 2375.518, 2280.43];"[2775.85913974 2702.44384713 2552.19095881 2485.65011112 2363.73662952
 2270.33316726 2155.67920027 2036.11906102 1891.58222609 1690.16220935
 1537.89059638 1493.19579532 1564.36438636]";2016-01-10 12:00:00;2016-04-03 12:00:00
285;13;catboost_normal;0.023247880732587028;41.666666666666664;0.023808176228800305;353.59791721219096;0.023808055459797434;234.7083193268301;[9508.0, 10065.5, 10308.8, 10365.7, 9934.1, 9699.6, 9629.4, 9741.0, 9616.8, 9767.3, 9771.2, 9860.1, 9817.2];"[ 9678.41176699  9547.75147664  9633.39274181  9534.18150473
  9567.08555671  9640.28436843  9729.40450797  9707.30279846
  9662.77086665  9814.5882906   9750.30631678 10021.83820519
  9797.00072262]";2016-05-29 12:00:00;2016-08-21 12:00:00
272;13;catboost_normal;0.030880111755977983;41.666666666666664;0.03148277129311654;234.71190849977083;0.03148253409299822;208.94128498721597;[6542.2, 6602.2, 6631.8, 6704.4, 6867.5, 6809.7, 6853.3, 6828.4, 6750.5, 6774.3, 6767.8, 6564.6, 6614.5];"[6431.24280801 6457.78448021 6503.6507204  6543.2823536  6517.48647435
 6495.03131993 6471.07792524 6479.47599003 6599.40981484 6558.90486532
 6499.82646123 6624.47377932 6533.06386134]";2016-10-09 12:00:00;2017-01-01 12:00:00
237;13;catboost_normal;0.8676897018816307;58.333333333333336;0.550631565696764;520.5355533085467;0.5505943444462359;428.0240644053462;[442.0, 431.6, 414.9, 428.2, 438.7, 485.8, 494.1, 489.2, 499.8, 496.7, 519.7, 542.0, 500.8];"[ 404.42995715  454.82106209  612.99599901  623.94929964  678.90007492
  754.35710883  885.52124873 1043.12893595 1572.29562485 1277.17718802
 1204.42394873 1103.10152793 1057.57077575]";2016-04-24 12:00:00;2016-07-17 12:00:00
252;13;catboost_normal;0.014769302934550664;83.33333333333333;0.014917512526127481;211.22332341377708;0.014917451325582061;181.80705431347144;[12143.0, 12187.0, 12175.0, 12125.0, 12168.0, 12309.0, 12311.0, 12258.0, 12208.0, 12385.0, 12401.0, 12375.0, 12311.0];"[12088.08032624 12150.18548578 12121.34446114 12064.89800938
 12058.55876522 12114.93894418 12096.46075476 12056.18340802
 12039.70233905 12054.7639364  12073.49693908 12049.3575831
 12024.53734157]";2016-07-10 12:00:00;2016-10-02 12:00:00
237;13;catboost_normal;0.2874715990123168;66.66666666666667;0.36254312564895486;215.9597115014397;0.362505417164901;185.03036688717177;[907.6, 903.4, 907.2, 872.8, 853.7, 812.4, 745.7, 724.9, 610.4, 567.7, 520.4, 475.7, 444.3];"[958.0247828  904.88660228 855.00627847 747.24688272 663.94166957
 622.94158925 493.5210773  328.05198452 266.4957941  303.1254103
 286.09006485 286.66970041 328.62616406]";2016-01-24 12:00:00;2016-04-17 12:00:00
267;13;catboost_normal;0.04034185742071351;58.333333333333336;0.040092533593085476;69.14628874909313;0.04009105070333586;54.38714208531197;[1364.93, 1365.31, 1248.55, 1256.79, 1303.04, 1314.84, 1243.38, 1256.47, 1270.99, 1377.81, 1392.95, 1516.34, 1550.01];"[1376.34207046 1357.99838561 1350.07594219 1346.17330213 1316.21985012
 1301.76364884 1319.0467322  1323.96829468 1328.35453121 1355.23285223
 1386.01418613 1404.02177167 1421.22703142]";2016-04-10 12:00:00;2016-07-03 12:00:00
272;13;catboost_normal;0.03712956032845552;50.0;0.038184520778091924;291.86259569974044;0.03818421543878821;238.77389771111206;[6124.4, 6191.5, 6206.8, 6219.9, 6386.3, 6330.4, 6554.1, 6384.8, 6394.0, 6408.3, 6464.6, 6440.3, 6477.9];"[6124.95256263 6126.77719803 6236.88745115 6192.06997779 6159.31593759
 6194.66382138 6212.58908797 6128.01616768 6069.33678414 6092.93634951
 6051.86966272 6012.26113099 5938.84322572]";2016-07-10 12:00:00;2016-10-02 12:00:00
252;13;catboost_normal;0.02570057485413623;75.0;0.026107659204767035;341.92828131601914;0.026107549369383247;310.2912362531771;[12022.0, 12090.0, 12040.0, 11933.0, 11958.0, 12093.0, 12091.0, 12018.0, 12005.0, 12157.0, 12155.0, 12104.0, 12016.0];"[11896.16966629 11921.40628931 11871.14898278 11816.69160128
 11757.10956736 11768.67054701 11772.02001174 11718.30915477
 11679.38543744 11646.64899667 11623.64797556 11593.43600428
 11583.56969423]";2016-04-10 12:00:00;2016-07-03 12:00:00
224;13;catboost_normal;0.0756210558998317;33.333333333333336;0.07571050218026408;212.27709146450846;0.07570875730968446;165.4446996295539;[1930.9, 1929.5, 1958.5, 1935.1, 1926.6, 2119.8, 1982.7, 2016.5, 2039.6, 2311.4, 2792.7, 2319.2, 2147.7];"[2014.32681819 2043.47971634 2078.52557142 2093.06807633 2133.94999028
 2147.13543432 2170.23322779 2196.2374928  2220.90307841 2207.57043986
 2198.78933517 2222.05880443 2244.94026876]";2016-10-23 12:00:00;2017-01-15 12:00:00
285;13;catboost_normal;0.032226482881174356;66.66666666666667;0.0322345488831925;333.10536173167355;0.03223437791229173;304.00178021235104;[9232.7, 9668.0, 9361.6, 9203.8, 9010.2, 9085.1, 9060.3, 9263.8, 9367.0, 9508.6, 9692.9, 9732.2, 9668.0];"[ 9573.85438807 10013.11089968  9877.25492993  9504.16596025
  9203.62911817  8926.73681173  9283.5602111   9417.94196199
  9203.61301135  9341.71439581  9150.59651292  9365.66465603
  9186.5689386 ]";2016-02-28 12:00:00;2016-05-22 12:00:00
272;13;catboost_normal;0.036550551721054265;33.333333333333336;0.037719892029434834;285.2159197428679;0.037719561025417195;214.97924006310333;[5661.3, 5676.2, 5720.9, 5677.5, 5624.3, 5681.6, 5728.9, 5763.7, 5740.1, 5730.2, 5992.8, 6003.2, 6083.7];"[5675.04782862 5682.50673157 5655.95967918 5787.93602855 5631.92032125
 5611.70907842 5604.761175   5406.77483892 5419.80837845 5444.42028914
 5477.91090581 5645.26075206 5521.8756922 ]";2016-04-10 12:00:00;2016-07-03 12:00:00
252;13;catboost_normal;0.024498468570816397;58.333333333333336;0.02492163777634896;341.4060200827974;0.02492153039015897;289.1873268504384;[11546.0, 11631.0, 11614.0, 11528.0, 11569.0, 11697.0, 11760.0, 11720.0, 11687.0, 11892.0, 11913.0, 11915.0, 11894.0];"[11502.61856624 11520.04592545 11487.13081513 11441.58827829
 11434.66119784 11464.34784491 11457.6679974  11417.0070727
 11401.8123115  11392.70397794 11383.9476354  11359.80381706
 11343.22931107]";2016-01-10 12:00:00;2016-04-03 12:00:00
267;13;catboost_normal;0.08124022078869617;33.333333333333336;0.08110089896815251;136.58857855571034;0.08109796397996537;112.17813356642682;[1300.72, 1320.39, 1515.12, 1309.01, 1367.51, 1527.04, 1379.59, 1459.51, 1361.01, 1323.12, 1311.9, 1286.87, 1379.89];"[1253.47396242 1247.52661198 1244.50614478 1246.78784454 1307.85089784
 1336.8922901  1373.50648621 1444.13486164 1474.82490742 1485.28241643
 1499.96068541 1480.27672615 1456.55010045]";2016-01-10 12:00:00;2016-04-03 12:00:00
224;13;catboost_normal;0.3260440100856974;41.666666666666664;0.26667718121213996;765.8004108740785;0.2666717519083293;655.8232993420004;[2414.9, 2359.0, 2301.8, 2224.4, 2140.6, 2102.4, 2046.1, 2036.2, 1961.8, 1950.1, 1917.8, 1989.0, 1921.8];"[2427.32013248 2359.2902907  2404.53928868 2573.36331051 3164.6711654
 2818.60998166 2703.34472892 2779.36267549 3086.96282925 2832.1555018
 3091.8129512  2930.81250095 2719.35753439]";2016-07-24 12:00:00;2016-10-16 12:00:00
286;13;catboost_normal;0.031299323757514166;58.333333333333336;0.03201829336562092;88.75505916203727;0.032017596109821425;73.52245325259963;[2187.16, 2205.63, 2214.48, 2228.7, 2312.59, 2368.47, 2384.82, 2353.87, 2374.86, 2351.83, 2331.47, 2340.08, 2351.46];"[2206.22825078 2187.50320645 2208.97030125 2220.46637909 2231.4924351
 2243.94235491 2229.07779552 2224.59201303 2239.93890178 2259.23513008
 2277.4736243  2279.52306881 2279.32114818]";2016-11-27 12:00:00;2017-02-19 12:00:00
272;13;catboost_normal;0.0914139918589405;16.666666666666668;0.09700486919392017;564.2603814153265;0.09700392755756472;499.6679341208936;[5210.7, 5218.9, 5243.0, 5249.3, 5324.1, 5347.4, 5359.8, 5395.6, 5413.3, 5599.9, 5515.5, 5588.3, 5652.4];"[5054.48852285 5037.74897983 5021.47772928 4977.49447166 4958.98820971
 4888.94979764 4957.64995771 4893.82853925 4829.99555763 4822.88450644
 4797.42388959 4742.81171695 4638.77497788]";2016-01-10 12:00:00;2016-04-03 12:00:00
253;13;catboost_normal;0.00902336312837298;83.33333333333333;0.009079965773657866;68.196376298105;0.009079890211306412;54.55922961453927;[5953.6, 5901.6, 5905.5, 6044.6, 6050.7, 5968.3, 5881.8, 6015.5, 6050.5, 6027.0, 5981.2, 6126.6, 6147.7];"[5965.45275601 5897.25061658 5931.62747155 6039.86392314 6003.32392247
 5939.10506969 5929.63756386 5958.75825993 5978.72846643 5925.17996688
 5929.12211227 5990.27314377 6028.64232527]";2005-12-25 12:00:00;2006-03-19 12:00:00
224;13;catboost_normal;0.06046790081828842;66.66666666666667;0.0636202735994475;202.24568415972652;0.0636188659888654;144.50617112134154;[1957.6, 1950.1, 1967.9, 2035.7, 2083.1, 2172.9, 2263.5, 2283.2, 2261.7, 2290.7, 2328.9, 2763.5, 2487.4];"[2019.26475295 2006.19207205 2037.77515402 2047.30164521 2067.51007796
 2104.64750575 2101.12738667 2053.93437303 2180.69990432 2162.48225806
 2190.92680274 2219.04897917 2175.17611194]";2016-04-24 12:00:00;2016-07-17 12:00:00
238;13;catboost_normal;0.15499847671040062;50.0;0.14515034532239054;786.6928482452647;0.14514883873054252;708.8132703230414;[3696.0, 3792.0, 3780.0, 3928.0, 3927.0, 4330.0, 4349.0, 4500.0, 4765.0, 5057.0, 5945.0, 5664.0, 5722.0];"[3868.26411378 4209.61204686 4301.74162261 4343.01919175 4572.60280205
 5009.6783552  5483.74632697 6031.12022924 5814.45381135 5600.57010829
 5259.24131144 5038.01281349 4929.98196898]";2016-10-23 12:00:00;2017-01-15 12:00:00
286;13;catboost_normal;0.022329188555273986;33.333333333333336;0.02269389905865122;62.51884667399268;0.022693385596076903;50.15382795775185;[2195.43, 2179.79, 2192.46, 2205.23, 2223.83, 2303.69, 2245.61, 2249.72, 2280.25, 2200.97, 2192.92, 2205.88, 2209.62];"[2202.90597927 2211.34463393 2213.88439483 2196.62289065 2193.57116642
 2179.69923183 2169.24177781 2162.06684585 2163.96492908 2172.53860045
 2166.2981466  2162.98044411 2159.19121178]";2016-08-28 12:00:00;2016-11-20 12:00:00
273;13;catboost_normal;0.22171651190234654;25.0;0.1965104389999625;165.22544907820765;0.19649796404609232;154.82014651119036;[751.43, 767.3, 750.92, 746.57, 723.49, 710.28, 703.22, 718.78, 716.11, 677.92, 690.52, 665.01, 640.57];"[821.59761928 828.49409919 835.57115469 846.57404838 854.752022
 870.11113338 881.4847285  905.11099233 898.06162418 903.47270679
 867.8818894  880.05328732 881.61659919]";2016-10-09 12:00:00;2017-01-01 12:00:00
268;13;catboost_normal;0.14868095071402823;58.333333333333336;0.1357273975205972;208.9881344357754;0.13572239152835525;184.20017199988175;[1258.78, 1335.44, 1229.92, 1305.02, 1251.08, 1192.61, 1232.56, 1280.13, 1217.91, 1237.3, 1200.59, 1223.0, 1325.46];"[1301.05053183 1329.72953911 1357.62146306 1382.62667775 1406.17669823
 1410.56996671 1421.2973297  1434.18579076 1469.36003378 1482.84708472
 1518.22001236 1558.01893433 1601.27725188]";2016-10-09 12:00:00;2017-01-01 12:00:00
286;13;catboost_normal;0.015270116847030982;41.666666666666664;0.015368014047054531;36.93469346890273;0.01536766096602971;33.44590163963032;[2147.9, 2142.08, 2136.84, 2133.79, 2151.21, 2225.01, 2218.87, 2208.29, 2210.76, 2194.64, 2184.08, 2178.85, 2195.3];"[2166.07126191 2164.95903983 2163.52066741 2163.93432445 2164.23998065
 2162.39264504 2161.30244201 2160.46728578 2160.06164192 2161.69741658
 2162.48363074 2162.57723821 2160.92625265]";2016-05-29 12:00:00;2016-08-21 12:00:00
273;13;catboost_normal;0.028009343521154226;66.66666666666667;0.02848868127507945;26.943202833950153;0.02848699663384015;24.10055973696342;[906.58, 871.91, 825.57, 849.1, 860.45, 858.07, 869.56, 865.4, 852.27, 855.59, 826.22, 816.48, 829.97];"[863.16470436 854.46196478 837.26581593 829.17033122 831.38791345
 838.2573469  831.06641907 828.31630101 827.3424903  829.84894658
 826.67193324 806.34657312 794.85748181]";2016-07-10 12:00:00;2016-10-02 12:00:00
253;13;catboost_normal;0.011881521292381273;91.66666666666667;0.011978458590688886;87.23049473827982;0.011978356637580533;70.36954351256708;[5833.9, 5744.6, 5798.8, 5935.0, 5942.5, 5826.9, 5791.1, 5938.7, 5957.5, 5892.8, 5818.5, 5936.5, 5992.7];"[5847.90476134 5800.40561864 5833.25194174 5870.01021068 5851.17123834
 5818.64766601 5815.79234336 5824.14622952 5830.66540722 5818.43638161
 5812.53818104 5814.41894462 5815.21634037]";2005-09-25 12:00:00;2005-12-18 12:00:00
238;13;catboost_normal;0.09166507504889582;58.333333333333336;0.08547013341506292;440.935693415597;0.08546910506414312;356.35834683638376;[4952.0, 4912.0, 4918.0, 4821.0, 4830.0, 4640.0, 4065.0, 3833.0, 3746.0, 3712.0, 3726.0, 3755.0, 3766.0];"[5002.31447579 5010.79625506 4993.22769395 4941.2739761  4859.12037637
 4762.05038283 4659.92063024 4539.3683923  4416.31238016 4308.49130499
 4274.47233322 4263.12388284 4278.18642503]";2016-07-24 12:00:00;2016-10-16 12:00:00
224;13;catboost_normal;0.2695644711740443;50.0;0.23340187789756014;611.7278660443283;0.23339712086025555;572.9906587084042;[2425.9, 2333.6, 2275.5, 2248.6, 2215.0, 2217.7, 2161.8, 2096.0, 2061.4, 2125.6, 2048.1, 2016.1, 1996.2];"[2502.27172883 2537.63022038 2663.67413941 2915.23193378 2803.22345718
 2739.44395259 2952.69354434 2798.91491766 2732.37318751 2756.83941777
 2698.34938548 2788.17659912 2781.55607916]";2016-01-24 12:00:00;2016-04-17 12:00:00
286;13;catboost_normal;0.04916167036311977;66.66666666666667;0.05067290575666021;157.64553635107555;0.0506716808949108;105.39979671291387;[2139.72, 2121.78, 2127.92, 2155.81, 2157.11, 2166.62, 2161.68, 2159.82, 2167.14, 2139.31, 2135.38, 2151.68, 2167.77];"[2106.13780617 2101.76066814 1651.50465905 2083.59835858 2141.89018408
 2169.28278148 2201.69523063 2235.18918966 2270.42857138 2254.88431088
 2264.25853597 2291.05973763 2315.35067565]";2016-02-28 12:00:00;2016-05-22 12:00:00
300;13;catboost_normal;0.12794202670545576;58.333333333333336;0.1390459364740767;434.6784345486893;0.13904328673641614;366.3622306200132;[3392.0, 2854.0, 2689.0, 2867.0, 2815.0, 2185.0, 2861.0, 2947.0, 2624.0, 2433.0, 2365.0, 2874.0, 2649.0];"[2448.06793976 2535.88934951 2507.64280749 2499.40393406 2514.77990017
 2384.41632771 2364.62225464 2373.08665862 2446.77164267 2359.79173134
 2249.29112603 2255.53767324 2251.82231211]";2017-07-16 12:00:00;2017-10-08 12:00:00
300;13;catboost_normal;0.14392616502864947;58.333333333333336;0.13138803823685297;382.2916664912243;0.13138535043233296;321.58929316660465;[2481.0, 2287.0, 2350.0, 2325.0, 2388.0, 2212.0, 2151.0, 2321.0, 2096.0, 2294.0, 2050.0, 2809.0, 2517.0];"[2176.35359248 2371.71690658 2507.77410112 2300.28114798 2675.82196788
 2556.35369281 2607.33437063 2649.82798072 2755.73984311 2698.38272604
 2790.69578696 2871.04326889 2841.60490688]";2017-04-16 12:00:00;2017-07-09 12:00:00
273;13;catboost_normal;0.06787509426734775;75.0;0.07083185451094057;62.174660654414865;0.07082732760536811;55.44618343540357;[806.51, 800.35, 785.17, 774.57, 832.03, 830.17, 784.07, 779.59, 775.25, 808.89, 815.86, 805.42, 879.0];"[785.82464355 770.59691822 759.0634343  751.00624755 751.94373331
 747.37913762 739.21880043 733.90683657 734.60455497 732.20958056
 740.98201753 748.4824539  760.86125683]";2016-04-10 12:00:00;2016-07-03 12:00:00
268;13;catboost_normal;0.028502669199026148;75.0;0.029607228898288127;72.85961346104999;0.029606213793462583;43.23920482776084;[1614.85, 1533.98, 1423.93, 1440.83, 1455.76, 1501.9, 1445.74, 1401.49, 1382.89, 1358.03, 1310.81, 1305.36, 1318.9];"[1408.46085986 1392.53603199 1422.72915494 1409.99661975 1430.48369819
 1453.59161752 1407.17553152 1409.12287919 1397.56440955 1341.88648586
 1330.59523089 1299.52359243 1312.87926481]";2016-07-10 12:00:00;2016-10-02 12:00:00
300;13;catboost_normal;0.2862274701906226;83.33333333333333;0.24041322453658026;789.0214690471502;0.24040898390359441;690.9781615978184;[3813.0, 2995.0, 2855.0, 3292.0, 2907.0, 2610.0, 2770.0, 2617.0, 2132.0, 2541.0, 1803.0, 2216.0, 2215.0];"[3296.84058565 3265.66310424 2806.6347931  3239.77533404 3438.74798293
 3546.55292326 3580.51450895 3480.31541073 2835.36561545 3341.71424168
 2736.10463209 3559.6786554  3387.30973883]";2017-01-15 12:00:00;2017-04-09 12:00:00
287;13;catboost_normal;0.007015014629110351;41.666666666666664;0.006991186914943196;60.23344206487283;0.006991142218655434;54.67876312402957;[7742.4, 7742.4, 7747.4, 7750.3, 7712.9, 7875.2, 7871.1, 7867.6, 7867.8, 7865.8, 7865.3, 7841.8, 7779.9];"[7838.58732463 7821.40667848 7810.72942138 7796.74277167 7798.63115935
 7955.09900152 7933.25786005 7843.62815076 7804.54616539 7850.74011651
 7893.49018466 7872.10855521 7817.18539633]";2016-11-27 12:00:00;2017-02-19 12:00:00
300;13;catboost_normal;0.17604742176444863;58.333333333333336;0.2052204519581944;941.4321925770333;0.2052173701836173;689.4347989173807;[2441.0, 2562.0, 3365.0, 3063.0, 3033.0, 3694.0, 3066.0, 3968.0, 4511.0, 4357.0, 4443.0, 2931.0, 2976.0];"[2645.15336441 2751.43623971 3018.61868837 2909.64749433 2760.5702257
 2709.45050072 2779.04741607 2857.2173719  2767.93001682 2649.59982939
 2727.58200968 2890.10133629 2768.17232894]";2016-10-16 12:00:00;2017-01-08 12:00:00
301;13;catboost_normal;0.13252742008437426;33.333333333333336;0.14928606031520608;628.9982963663722;0.14928362506143686;459.83201778836633;[3121.0, 2733.0, 2775.0, 3159.0, 2695.0, 2770.0, 3158.0, 2702.0, 3445.0, 3021.0, 3534.0, 4221.0, 3385.0];"[2665.68141492 2692.0941187  2671.19505492 2680.57865403 2704.03011318
 2650.22386394 2660.7440011  2680.48903158 2685.30287936 2685.59235627
 2648.71886873 2649.69599666 2684.89764172]";2017-07-16 12:00:00;2017-10-08 12:00:00
268;13;catboost_normal;0.10434810067377967;50.0;0.09791732870582444;154.1094791748081;0.09791381504576008;136.53929488961586;[1449.09, 1421.82, 1305.31, 1288.15, 1357.31, 1331.0, 1233.66, 1246.6, 1264.24, 1365.76, 1413.92, 1329.13, 1554.13];"[1382.30423464 1448.19661322 1453.5839534  1422.66404393 1436.62828985
 1447.34286151 1464.51680219 1484.57613026 1503.30295724 1509.54630613
 1514.62205742 1539.15355047 1513.13849741]";2016-04-10 12:00:00;2016-07-03 12:00:00
253;13;catboost_normal;0.01276019637822086;66.66666666666667;0.012915181695923586;106.84020191615238;0.012915069187467472;74.13115609030719;[5705.7, 5606.9, 5681.2, 5757.7, 5735.8, 5660.3, 5691.2, 5804.6, 5806.0, 5747.9, 5694.7, 5855.0, 5901.5];"[5715.04966032 5661.50995323 5688.401013   5793.6817239  5753.91874974
 5695.70541269 5665.62701085 5707.33166678 5701.42578009 5676.9856858
 5666.33533727 5648.91124821 5631.2447547 ]";2005-06-26 12:00:00;2005-09-18 12:00:00
301;13;catboost_normal;0.13375766613558954;33.333333333333336;0.1233890676435127;401.94278611407077;0.1233867874946317;335.02073702983637;[2566.0, 2120.0, 2960.0, 2656.0, 2678.0, 2323.0, 2414.0, 2913.0, 2607.0, 2777.0, 2401.0, 2697.0, 3247.0];"[2684.41478868 2862.47846025 2782.89976576 2853.62454788 2879.31008529
 3042.42596375 2836.44881603 3034.22421759 3103.02003073 2980.38343349
 2830.35021893 2733.37167613 2756.88289162]";2017-04-16 12:00:00;2017-07-09 12:00:00
287;13;catboost_normal;0.008435771716442884;41.666666666666664;0.008485031703173352;77.24091325598528;0.008484976974644128;65.77522130366434;[7724.4, 7730.8, 7730.5, 7729.7, 7725.8, 7784.0, 7781.2, 7780.5, 7780.5, 7833.3, 7816.6, 7815.6, 7821.3];"[7723.755106   7712.00408306 7708.82766894 7703.79093293 7702.1865364
 7699.9703321  7701.51259243 7702.46445436 7705.48464089 7707.28651664
 7710.07655728 7710.39844671 7711.36425529]";2016-08-28 12:00:00;2016-11-20 12:00:00
301;13;catboost_normal;0.31007594115555376;66.66666666666667;0.24989086737546154;847.2789771232851;0.24988651783589197;724.8739191073201;[2810.0, 3051.0, 3111.0, 3701.0, 2980.0, 2721.0, 2474.0, 1686.0, 2374.0, 2610.0, 2003.0, 2688.0, 3404.0];"[3636.42621592 3505.07594942 3247.61303801 3494.83122818 3391.39079346
 3436.76968116 3330.87852266 3249.71400315 3442.73906402 3453.96811972
 3398.89470333 3529.18726119 3506.53482453]";2017-01-15 12:00:00;2017-04-09 12:00:00
301;13;catboost_normal;0.1713515788773003;16.666666666666668;0.18811913287708656;702.9221274618284;0.18811617864901328;602.7949509970068;[2584.0, 2341.0, 3479.0, 3225.0, 3215.0, 3715.0, 3451.0, 3826.0, 3742.0, 3896.0, 4046.0, 3054.0, 3253.0];"[2454.27231907 2906.31870143 2867.56677771 2974.21357714 2974.30774397
 2691.98625517 2924.97018916 2898.94669932 2876.56171088 2889.98948705
 2813.13371681 2933.74764909 2915.28821309]";2016-10-16 12:00:00;2017-01-08 12:00:00
302;13;catboost_normal;0.12957126864756466;75.0;0.1226510805077301;786.5673211178097;0.12264980187405145;598.5993892533129;[5797.0, 4859.0, 5145.0, 5401.0, 4446.0, 3132.0, 4343.0, 5185.0, 5489.0, 5312.0, 5005.0, 6408.0, 5480.0];"[4998.1243897  4635.00744323 4862.39538702 5866.76859158 5118.66370668
 4938.64517268 4176.92321152 5751.68235835 5484.9483075  4859.98245294
 4371.13105704 4872.94753449 5306.50798558]";2017-07-16 12:00:00;2017-10-08 12:00:00
302;13;catboost_normal;0.22524137455066015;8.333333333333334;0.1916816103385909;1244.4890483840588;0.19167978447229458;1010.2643116863362;[4312.0, 3912.0, 5361.0, 5550.0, 4857.0, 4334.0, 4276.0, 5683.0, 4719.0, 4985.0, 4318.0, 5188.0, 6041.0];"[4888.11382744 5672.74849697 5579.15230306 5344.52719802 5782.27914351
 6208.63499405 5857.00646561 5790.39873065 5941.10253681 5789.94712951
 6799.18084648 6368.82171431 6236.57706155]";2017-04-16 12:00:00;2017-07-09 12:00:00
238;13;catboost_normal;0.44652039702494556;50.0;0.35169191308843534;2284.9515154303076;0.3516888883119957;2062.0430103557;[5047.0, 5227.0, 4477.0, 4382.0, 4351.0, 4251.0, 4277.0, 4215.0, 4409.0, 4974.0, 5108.0, 5187.0, 5004.0];"[5216.89549331 5047.14427041 5450.50703915 6221.59352545 6139.05321596
 6555.54332344 6747.93212521 7155.64022953 7182.68220869 7712.69232489
 8350.63983231 7963.15303485 7612.37105226]";2016-04-24 12:00:00;2016-07-17 12:00:00
302;13;catboost_normal;0.3408094670083924;41.666666666666664;0.2745694555678706;1976.5351754566962;0.2745672709419636;1730.7068161712114;[7051.0, 6007.0, 5599.0, 7287.0, 5639.0, 5385.0, 5930.0, 5994.0, 4746.0, 4926.0, 3848.0, 5227.0, 6050.0];"[6689.22887831 6874.76226222 6985.47722682 6790.96927408 7568.73500487
 7352.13403466 7431.56009736 7522.09950273 7430.0645905  7393.16397264
 7648.40956141 7892.74806022 6893.23244917]";2017-01-15 12:00:00;2017-04-09 12:00:00
273;13;catboost_normal;0.06572310716390455;66.66666666666667;0.06829086047087382;55.49031257951456;0.068286331155186;51.52588010984645;[719.69, 744.44, 773.58, 741.77, 766.41, 813.39, 782.82, 828.09, 793.37, 791.22, 773.96, 779.19, 797.41];"[689.54867437 691.9073471  697.35844916 711.22800179 722.77275635
 725.63126362 730.13584517 737.53112415 744.3235175  738.57027343
 746.95703938 749.61313284 749.92613371]";2016-01-10 12:00:00;2016-04-03 12:00:00
302;13;catboost_normal;0.20560613587567694;25.0;0.24059220300297793;1983.203413460063;0.24059035712865612;1579.4562411656339;[5223.0, 5050.0, 6726.0, 6047.0, 6876.0, 9491.0, 7448.0, 7457.0, 7710.0, 8649.0, 7466.0, 5902.0, 5413.0];"[5387.32618191 5410.52044754 5383.98315621 5353.49310455 5359.5135494
 5339.57131202 5438.2400209  5397.99955523 5365.07787682 5358.43485852
 5398.31196145 5375.93920698 5406.35089223]";2016-10-16 12:00:00;2017-01-08 12:00:00
287;13;catboost_normal;0.02930697932875276;50.0;0.028729931257558714;267.3183852748846;0.028729748867242687;226.30776135783975;[7677.0, 7684.4, 7657.3, 7657.2, 7655.1, 7764.1, 7764.2, 7762.2, 7758.3, 7742.3, 7724.9, 7724.4, 7724.4];"[7605.62034464 7670.45387777 7882.58114475 7789.41823234 7881.81577525
 8060.65672533 8052.35173783 7929.90795486 7898.18301142 7888.86151012
 7972.85492654 8308.50759517 8125.93650646]";2016-05-29 12:00:00;2016-08-21 12:00:00
303;13;catboost_normal;0.1558361360996647;50.0;0.15336205104934195;541.7345765488228;0.15335914382207677;411.77193012478193;[3253.0, 2595.0, 2754.0, 2963.0, 2634.0, 1609.0, 2817.0, 3632.0, 3136.0, 2790.0, 2432.0, 3129.0, 3024.0];"[2843.39910017 2704.3037125  2777.94690919 2716.17545375 2752.70693799
 2683.23292108 2539.20659551 2546.48768011 2635.11379756 2596.24150628
 2428.18376691 2421.4145766  2422.93291227]";2017-07-16 12:00:00;2017-10-08 12:00:00
253;13;catboost_normal;0.02127014352895034;100.0;0.02156808489400224;137.92814719125803;0.02156789183430469;120.48378742748956;[5527.7, 5482.4, 5600.8, 5704.3, 5701.1, 5581.3, 5572.2, 5667.5, 5670.8, 5594.3, 5566.7, 5728.8, 5753.7];"[5543.36278764 5446.57660307 5475.53131524 5566.79385954 5552.9129436
 5494.0685153  5463.42504437 5533.50567011 5571.87691818 5526.61074216
 5462.31569018 5468.99311396 5510.66313535]";2005-03-27 12:00:00;2005-06-19 12:00:00
303;13;catboost_normal;0.13991095396138398;58.333333333333336;0.12789772642428554;419.0587765541587;0.1278953802528611;351.3506735192619;[2529.0, 2148.0, 2826.0, 2766.0, 2542.0, 2215.0, 2287.0, 2983.0, 2744.0, 2784.0, 2375.0, 2754.0, 3547.0];"[2996.2187074  2448.26307184 2902.441217   2928.92110415 2698.35264348
 2884.29513424 3107.42167581 3119.30043224 3247.99273954 2883.7638518
 2898.27291573 2961.03621533 3102.7209528 ]";2017-04-16 12:00:00;2017-07-09 12:00:00
238;13;catboost_normal;0.08662569919976469;75.0;0.08435437383942018;687.2933583214655;0.08435371300877488;553.9424055798202;[6868.0, 6874.0, 6883.0, 6824.0, 6778.0, 7389.0, 6535.0, 6368.0, 6093.0, 5785.0, 5556.0, 5471.0, 5261.0];"[7304.54920386 7786.57716579 8309.4903282  7213.4870622  7950.37178909
 7190.84280383 6234.31886887 7005.1441522  6111.34618382 5904.88931079
 5276.00828372 5003.5939814  4418.83998558]";2016-01-24 12:00:00;2016-04-17 12:00:00
303;13;catboost_normal;0.3152224544702155;25.0;0.2590696771384508;978.5441654493645;0.2590655442831133;814.428346660189;[3723.0, 3018.0, 3047.0, 3652.0, 2899.0, 2552.0, 3121.0, 3174.0, 2639.0, 2466.0, 1980.0, 2359.0, 3243.0];"[3679.86030242 3849.87480889 3581.56816888 2559.63360359 3473.40871123
 3687.76143462 3196.83036315 3443.37098801 3220.94916353 3701.40679418
 3969.23131838 3846.82828686 3978.83237486]";2017-01-15 12:00:00;2017-04-09 12:00:00
268;13;catboost_normal;0.0588303109263385;50.0;0.062046320554621;117.06612511087512;0.06204412009252281;87.50317650720446;[1471.86, 1500.48, 1520.07, 1329.11, 1399.62, 1507.28, 1424.65, 1535.04, 1459.92, 1394.09, 1381.52, 1389.98, 1436.0];"[1309.53210851 1278.32084609 1341.57964229 1314.14212147 1346.58532456
 1328.67612587 1377.31749597 1373.80790828 1377.77538638 1393.32995683
 1366.75873173 1411.32955648 1435.62261389]";2016-01-10 12:00:00;2016-04-03 12:00:00
303;13;catboost_normal;0.2213882339085884;50.0;0.25629568586880463;1004.6813692223299;0.25629181403797097;854.0391390542455;[2570.0, 2583.0, 3578.0, 3325.0, 3844.0, 4152.0, 3792.0, 3458.0, 3792.0, 4742.0, 4291.0, 3139.0, 3123.0];"[2702.03515351 2850.98703471 2776.13982921 2742.82235396 2726.21054437
 2729.00836405 2835.62252482 2804.22025985 2733.32853557 2778.33488661
 2791.21207408 2817.72546572 2798.88854226]";2016-10-16 12:00:00;2017-01-08 12:00:00
287;13;catboost_normal;0.03412449109396657;41.666666666666664;0.033319276239745135;335.9264039735737;0.03331906649137871;264.692653585088;[7967.5, 7967.5, 7967.2, 7965.6, 7965.3, 7742.6, 7742.5, 7742.3, 7740.2, 7717.6, 7701.6, 7695.7, 7677.0];"[7914.05791044 7851.03044802 7759.95351624 7825.82460686 7872.61951105
 7800.39453658 8095.20422652 7958.82878838 7993.48522197 8114.80824218
 8557.20531016 8104.43966654 7966.5244969 ]";2016-02-28 12:00:00;2016-05-22 12:00:00
304;13;catboost_normal;0.12530346914873675;66.66666666666667;0.12179369830774006;393.28574428498246;0.12179147747854475;338.5149881196082;[3358.0, 2770.0, 2791.0, 2943.0, 2574.0, 1892.0, 2428.0, 3243.0, 2828.0, 2730.0, 2560.0, 3425.0, 2957.0];"[2962.15591755 3123.76523473 3130.58158645 3097.26713564 2898.6557574
 2612.9278261  2780.45422606 2697.93313779 2653.64900455 2730.48044004
 2664.91583613 2776.97907449 2670.63606262]";2017-07-16 12:00:00;2017-10-08 12:00:00
274;13;catboost_normal;0.16341411176943677;58.333333333333336;0.14843680350982494;1379.4089781109508;0.1484359249084286;1254.058539847775;[8139.8, 8273.4, 8130.4, 8033.0, 7710.8, 7969.4, 7874.9, 7911.2, 7960.5, 7563.1, 7756.4, 7432.5, 7050.0];"[8756.29210845 8821.08251824 9061.89090634 8949.52692098 8967.7948547
 9042.12414717 8914.69268838 8790.53148428 8886.05779459 9319.70407844
 9542.54096029 9425.60808783 9630.31446835]";2016-10-09 12:00:00;2017-01-01 12:00:00
239;13;catboost_normal;0.12343643189758907;41.666666666666664;0.139079372306106;612.510663641069;0.13907715944266;438.06656721498916;[2586.5, 2560.4, 2776.9, 2698.6, 3157.7, 2938.2, 3040.8, 3197.8, 3367.8, 3726.5, 3724.0, 3796.8, 3728.7];"[2571.87930136 2665.11286578 2806.75104171 2829.50075166 3093.92707355
 2920.86367236 2832.43238408 2812.78435618 2764.16187663 2745.55797016
 2730.71256962 2696.8996123  2666.1804691 ]";2016-10-30 12:00:00;2017-01-22 12:00:00
304;13;catboost_normal;0.2114572538539427;66.66666666666667;0.18490256194416096;594.714358542134;0.18489927382750404;524.2397071051294;[2369.0, 1939.0, 2709.0, 2717.0, 2669.0, 2473.0, 2365.0, 2947.0, 2537.0, 2692.0, 2483.0, 3055.0, 3343.0];"[2719.18152117 2979.06421164 3249.15027038 3331.62167363 3615.7994637
 3344.09763472 2768.29930819 3091.35227543 3076.64327195 2919.29475892
 3121.10561086 3377.16313327 3520.3430585 ]";2017-04-16 12:00:00;2017-07-09 12:00:00
304;13;catboost_normal;0.4289070834829596;91.66666666666667;0.3249934533585337;1342.0284827707835;0.3249889129673033;1178.4548312534714;[3249.0, 4152.0, 3420.0, 3372.0, 3860.0, 3425.0, 3885.0, 3762.0, 3236.0, 2014.0, 2095.0, 2424.0, 3031.0];"[3607.4186525  4239.30403058 4735.18588096 4510.67895762 4770.45522082
 4607.17101265 4738.75807531 4284.85815557 4255.6858199  4212.35694915
 4249.15802776 4442.86223805 4591.01978542]";2017-01-15 12:00:00;2017-04-09 12:00:00
269;13;catboost_normal;0.05880483663506682;33.333333333333336;0.061268107966140614;572.8968173130116;0.06126772256902938;487.0259251453606;[7727.9, 8061.2, 7905.6, 7710.1, 7937.5, 7954.8, 8244.7, 8336.4, 8431.2, 8311.7, 8421.9, 8301.7, 8375.9];"[7801.66761965 7772.0259402  7744.95677964 7742.72511482 7719.32354671
 7675.65979689 7641.26260223 7610.99126863 7609.60380443 7599.59812011
 7573.81411263 7570.76528297 7539.65445314]";2014-10-12 12:00:00;2015-01-04 12:00:00
304;13;catboost_normal;0.1790736304612162;50.0;0.1956476701870215;983.7569845850693;0.1956453129746161;819.8064109714162;[3251.0, 3037.0, 4084.0, 4132.0, 3869.0, 4475.0, 5178.0, 5174.0, 5197.0, 5424.0, 4889.0, 3556.0, 3447.0];"[3775.9298637  3772.78247014 3739.52186768 3726.03082185 3721.79985036
 3682.98701814 3723.03705045 3722.55321054 3728.27452234 3698.17728677
 3717.63737739 3719.03258388 3718.75743045]";2016-10-16 12:00:00;2017-01-08 12:00:00
239;13;catboost_normal;0.06340137117273559;58.333333333333336;0.060692055920547244;188.35558762013787;0.06069086985755393;155.39475999218126;[2706.6, 2755.1, 2661.2, 2669.8, 2598.9, 2461.0, 2416.8, 2391.4, 2346.1, 2363.7, 2448.9, 2465.1, 2549.5];"[2680.78909742 2666.63447037 2640.27328457 2596.40809606 2579.03358623
 2533.87240174 2564.54233931 2602.2894663  2624.1239965  2675.25078676
 2706.93217674 2757.34868491 2769.81056228]";2016-07-31 12:00:00;2016-10-23 12:00:00
305;13;catboost_normal;0.1559288259537361;58.333333333333336;0.1446337728361312;419.7491368080509;0.1446303471298848;313.5974837273585;[2558.0, 2048.0, 2187.0, 2435.0, 1885.0, 1225.0, 2385.0, 3028.0, 2388.0, 2236.0, 2135.0, 2696.0, 2497.0];"[2290.14981592 2238.16852857 2198.06929799 2239.57009328 2226.9423049
 2172.5897988  2114.94821689 2205.92044483 2243.52926285 2219.17684681
 2189.04535775 2178.25125802 2199.50206093]";2017-07-16 12:00:00;2017-10-08 12:00:00
274;13;catboost_normal;0.03699895272132772;33.333333333333336;0.038144749997199946;439.1281264475902;0.03814453777697624;342.9728124553202;[9698.5, 9184.4, 9012.3, 9118.6, 9059.1, 9207.6, 9304.0, 9271.4, 9431.9, 9256.2, 8819.0, 8691.3, 8663.5];"[9157.41722175 9164.97199357 9031.4186827  8908.59755596 8983.76353599
 8913.77321631 8772.66418537 8577.92741863 8564.59334298 8578.83539665
 8567.19249883 8571.2489325  8504.98682225]";2016-07-10 12:00:00;2016-10-02 12:00:00
305;13;catboost_normal;0.31868923429207263;25.0;0.2670721888935908;735.306187673826;0.26706691299398944;677.2224447595727;[2205.0, 1833.0, 2374.0, 2422.0, 2406.0, 2005.0, 2063.0, 2378.0, 2175.0, 2153.0, 1949.0, 2329.0, 2723.0];"[2835.85653238 2846.39814832 2863.54385648 2838.3256428  2978.06413947
 2999.58156008 3251.82679497 2963.76897936 2853.07727832 2908.28817242
 2912.09983183 2703.19293306 2581.13208759]";2017-04-16 12:00:00;2017-07-09 12:00:00
254;13;catboost_normal;0.013492475200309478;91.66666666666667;0.013373823179362119;28.626626938135917;0.01337346665997826;25.085408605558804;[1901.0, 1898.0, 1895.0, 1884.0, 1878.0, 1866.0, 1830.0, 1829.0, 1849.0, 1870.0, 1872.0, 1874.0, 1875.0];"[1915.91441655 1907.62849696 1904.17360677 1905.60152573 1899.47999192
 1890.91238975 1884.42588511 1881.16033144 1882.73460933 1883.65027021
 1890.08733688 1899.41354682 1901.9279044 ]";2016-10-16 12:00:00;2017-01-08 12:00:00
305;13;catboost_normal;0.3026733506945696;58.333333333333336;0.2408794787056437;907.4897566953604;0.24087539565703583;713.9896137722169;[3391.0, 2836.0, 2657.0, 3307.0, 2591.0, 2419.0, 2896.0, 2723.0, 2268.0, 2384.0, 1881.0, 2282.0, 2890.0];"[3200.6935304  3054.97462542 3030.12355748 2988.37722525 2788.75556982
 2950.48088042 3046.08629318 3170.82348348 3348.50623326 3734.37561228
 3645.34330046 3926.50598084 3903.96019806]";2017-01-15 12:00:00;2017-04-09 12:00:00
305;13;catboost_normal;0.25649970700367963;25.0;0.3032026946113381;1010.9038800432331;0.3031973473522211;867.1978873926269;[2136.0, 2183.0, 3022.0, 2976.0, 3209.0, 3711.0, 3106.0, 3295.0, 3332.0, 4262.0, 3885.0, 2650.0, 2789.0];"[2331.76219769 2350.38335594 2268.1988014  2288.18451335 2287.03338709
 2289.68552109 2332.54094124 2317.79875239 2309.60414397 2294.97497713
 2300.71409924 2315.40645446 2322.43142614]";2016-10-16 12:00:00;2017-01-08 12:00:00
306;13;catboost_normal;0.102335705613;66.66666666666667;0.10167782535508599;393.65395486200526;0.10167616557496648;315.04884442021216;[3460.0, 3044.0, 3400.0, 3706.0, 2874.0, 2274.0, 2800.0, 3050.0, 3473.0, 2985.0, 3099.0, 3948.0, 3311.0];"[2870.05874364 2642.26138168 2899.53310861 3525.93942882 3063.98156068
 2989.28281603 2886.19894662 3560.57601276 3394.55826437 3147.66313347
 3080.23437027 3339.20955989 3363.72736519]";2017-07-16 12:00:00;2017-10-08 12:00:00
274;13;catboost_normal;0.03564900181666831;75.0;0.036759410135783016;415.7392848962319;0.036759194162002656;313.0010307939671;[8601.0, 8520.5, 8466.8, 8192.2, 8593.6, 8558.9, 8276.9, 8446.1, 8135.7, 8582.3, 8977.5, 8793.8, 9289.7];"[8490.97212404 8447.29927476 8082.14881496 8076.01797531 8136.23150164
 8316.42397038 8140.37637482 8154.05350789 8201.0233566  8404.10907998
 8521.65449921 8361.52389159 8164.79894169]";2016-04-10 12:00:00;2016-07-03 12:00:00
269;13;catboost_normal;0.024590079407870277;50.0;0.024288692380725695;205.69492198510017;0.024288532109920956;184.08388707423939;[7394.2, 7309.1, 7417.5, 7381.4, 7367.1, 7393.2, 7475.1, 7494.6, 7457.7, 7616.1, 7488.3, 7619.5, 7996.2];"[7399.16210908 7424.73216321 7595.46090462 7621.1291551  7669.52249699
 7710.91375714 7692.10967443 7718.00711236 7672.81317973 7675.58708952
 7701.26415399 7683.68386353 7753.69512771]";2014-07-13 12:00:00;2014-10-05 12:00:00
306;13;catboost_normal;0.13907292898176435;50.0;0.13527826294699513;500.00339406388423;0.13527604873369353;416.62036928396356;[2828.0, 2327.0, 2717.0, 3314.0, 2932.0, 2669.0, 2775.0, 3871.0, 3011.0, 3057.0, 2604.0, 3058.0, 3958.0];"[3207.37351284 3106.47196457 3298.31522284 3097.37531908 3148.72440504
 3084.04106156 3052.83521586 3093.73116935 3283.66428902 3116.95362703
 2988.38915556 2994.24310355 2966.35406165]";2017-04-16 12:00:00;2017-07-09 12:00:00
254;13;catboost_normal;0.042453523718299774;25.0;0.04346488880037986;85.39567320283449;0.04346372976906969;81.49839363107775;[1868.0, 1896.0, 1899.0, 1900.0, 1912.0, 1930.0, 1935.0, 1931.0, 1919.0, 1925.0, 1927.0, 1927.0, 1922.0];"[1840.61964255 1842.07033879 1838.50714875 1839.30121245 1836.68187096
 1834.48093608 1837.20858413 1843.37024399 1843.83955234 1836.94275714
 1817.89680885 1799.17634932 1821.42543745]";2016-07-17 12:00:00;2016-10-09 12:00:00
288;13;catboost_normal;0.02110354913220082;50.0;0.021259247615098596;235.27993422134034;0.02125913902837477;208.14031005504415;[9790.0, 9800.0, 10160.0, 9960.0, 9920.0, 9710.0, 10070.0, 9970.0, 10000.0, 9770.0, 9840.0, 9840.0, 9750.0];"[10018.86185011 10060.3435567  10160.70639029  9813.36227157
  9980.65604678  9914.65678944  9887.28286786  9776.87450408
  9689.77813675  9609.58812329  9439.64025165  9451.2594763
  9581.61497111]";2015-04-05 12:00:00;2015-06-28 12:00:00
306;13;catboost_normal;0.2690967480115702;50.0;0.22589160979757927;909.6811568292452;0.2258883258713171;781.9958680128245;[3832.0, 3226.0, 3221.0, 4263.0, 3351.0, 2952.0, 3816.0, 3760.0, 2772.0, 2906.0, 2243.0, 2625.0, 3546.0];"[3974.58902128 4217.93641729 3931.71920594 3648.36484548 4210.70819656
 4128.97577905 4054.84268388 3902.87432091 3953.72692716 4061.33453969
 3922.10445158 3654.28314002 3788.2164463 ]";2017-01-15 12:00:00;2017-04-09 12:00:00
306;13;catboost_normal;0.21296218048991403;83.33333333333333;0.24259548277643347;1072.5756816327157;0.24259220271164977;905.5969472270826;[2711.0, 2850.0, 3980.0, 3542.0, 3853.0, 4461.0, 4509.0, 4197.0, 4151.0, 5217.0, 4989.0, 3493.0, 3272.0];"[3125.78703492 3228.90128079 3239.10126997 3146.3734196  3122.35405783
 3125.90964535 3223.96442533 3151.92080982 3095.94158326 3135.93098322
 3176.12755393 3143.63923284 3123.66502061]";2016-10-16 12:00:00;2017-01-08 12:00:00
239;13;catboost_normal;0.12330762672409394;33.333333333333336;0.11508866419298955;359.6823067029762;0.11508668703444372;335.0477456659476;[2794.0, 2727.1, 2707.6, 2743.6, 2635.7, 2694.6, 2643.0, 2753.8, 2748.1, 2679.7, 3030.9, 2810.7, 2725.2];"[2879.50533061 2910.34001657 2992.09864933 3039.34405816 3098.83980461
 3121.62529149 3141.89221642 3145.66168604 3151.50478757 3153.51526457
 3143.36694212 3143.46596275 3128.46068341]";2016-05-01 12:00:00;2016-07-24 12:00:00
269;13;catboost_normal;0.018644833979548393;50.0;0.018462676787256074;173.81884568961897;0.018462556278615053;141.4470432423843;[7878.6, 7727.5, 7663.4, 7695.4, 7764.2, 7790.6, 7861.7, 7846.1, 7554.0, 7552.8, 7486.3, 7521.3, 7360.8];"[7758.08424311 7754.37172884 7708.29224246 7697.34034698 7717.62328994
 7698.69390064 7716.46181774 7710.13173111 7735.21191083 7736.57697262
 7746.93785441 7746.11572587 7735.2597627 ]";2014-04-13 12:00:00;2014-07-06 12:00:00
254;13;catboost_normal;0.017420488284032528;33.333333333333336;0.017189497787552424;39.88563122169051;0.017189038123609328;32.14027045724314;[1874.0, 1877.0, 1867.0, 1870.0, 1877.0, 1858.0, 1837.0, 1828.0, 1839.0, 1844.0, 1863.0, 1853.0, 1841.0];"[1870.7897252  1876.1067167  1882.97635071 1872.56198641 1891.45951193
 1898.85832999 1898.22345031 1900.36855195 1870.92881613 1895.64455889
 1887.14906513 1887.80844231 1904.74089408]";2016-04-17 12:00:00;2016-07-10 12:00:00
307;13;catboost_normal;0.11854883076435566;66.66666666666667;0.10965772850827299;311.74511661172835;0.10965504509679645;227.36090194742613;[2573.0, 2124.0, 2185.0, 2420.0, 1932.0, 1351.0, 1891.0, 2117.0, 2349.0, 2289.0, 2047.0, 2592.0, 2279.0];"[2239.83145127 2091.36574148 2063.34933619 2271.22321515 2227.85422626
 2163.02650852 2069.26542109 2168.27155305 2223.48415944 2222.91238169
 2150.72315211 2066.41777374 2117.86507674]";2017-07-16 12:00:00;2017-10-08 12:00:00
288;13;catboost_normal;0.03402248602222385;33.333333333333336;0.033931136199681716;409.5285708356377;0.03393096365579363;333.7353665196878;[9500.0, 9600.0, 9940.0, 9780.0, 9840.0, 9670.0, 10090.0, 9980.0, 9910.0, 9670.0, 10060.0, 9990.0, 9890.0];"[ 9938.30533986 10002.0954403   9867.7854437  10012.03770862
  9707.30246913  9454.06145113  9423.59072648  9503.50215568
  9796.0139874  10530.91847366 10288.98108871  9965.69789823
  9415.82415465]";2015-01-04 12:00:00;2015-03-29 12:00:00
307;13;catboost_normal;0.21439168251976046;50.0;0.18700012064815733;487.3508438021621;0.18699600327382668;426.16596243101174;[1959.0, 1645.0, 2297.0, 2266.0, 2172.0, 1907.0, 1980.0, 2508.0, 2120.0, 2084.0, 1993.0, 2124.0, 2466.0];"[2442.67244978 2443.66452464 2571.96977283 2551.7184763  2510.06490197
 2595.32636464 2886.04165333 2677.31552085 2448.97551656 2444.36655878
 2510.34933209 2459.152876   2412.46043617]";2017-04-16 12:00:00;2017-07-09 12:00:00
307;13;catboost_normal;0.34660800436101413;41.666666666666664;0.2832118800174023;869.138011596985;0.2832065576861654;756.3591865183371;[2994.0, 2481.0, 2387.0, 2864.0, 2422.0, 2111.0, 2630.0, 2479.0, 2112.0, 2171.0, 1687.0, 2115.0, 2586.0];"[2956.1001007  2848.23899199 2820.62457214 2185.57475277 2982.66240168
 3226.52904141 3008.9605107  3182.97682507 3440.07755448 3586.80022892
 3104.9598961  3020.16594924 3075.34830647]";2017-01-15 12:00:00;2017-04-09 12:00:00
274;13;catboost_normal;0.16402947154352174;50.0;0.18038206706340493;1487.1064442498764;0.18038090515811353;1401.0434042226057;[7446.0, 8116.0, 8110.6, 7999.2, 8330.9, 8736.5, 8473.4, 9113.5, 8984.5, 9001.4, 8447.7, 8130.1, 8344.4];"[7064.41854606 7112.8698156  7123.36669728 7126.1804709  7053.12499929
 7057.17401169 6985.90543763 6972.71526838 6910.01610789 6942.37548702
 6943.82672776 6894.45508497 6834.20709064]";2016-01-10 12:00:00;2016-04-03 12:00:00
269;13;catboost_normal;0.017135377310864574;41.666666666666664;0.016939418384967934;165.06033499955007;0.016939309721062643;132.05733118541747;[7648.4, 7491.8, 7550.7, 8009.4, 7887.8, 7754.9, 7824.9, 7869.0, 7829.5, 7903.2, 7865.8, 7843.4, 7745.5];"[7802.6088449  7806.47219212 7836.90625955 7845.36029816 7862.66639739
 7846.57160124 7880.15082437 7879.73355536 7899.72496319 7939.48558329
 7953.1591642  7991.12769244 8018.73132031]";2014-01-12 12:00:00;2014-04-06 12:00:00
239;13;catboost_normal;0.1471340268121432;58.333333333333336;0.15192111854172136;538.0175364984884;0.15191864238679623;468.15880658401966;[3715.7, 3640.3, 3499.6, 3493.3, 3390.3, 3333.8, 3290.2, 3174.8, 3253.6, 2984.1, 2947.8, 2883.9, 2843.3];"[3480.91271415 3487.21905768 3361.29000245 3190.31975023 2814.32436095
 2604.05689826 2413.18954159 2469.68724088 2811.78767954 2917.91496028
 3447.85996116 3381.21045677 3706.99627367]";2016-01-31 12:00:00;2016-04-24 12:00:00
307;13;catboost_normal;0.17115496178509845;41.666666666666664;0.19191389825492758;654.8150551801051;0.19191028509912875;513.7416782955823;[1972.0, 2026.0, 2753.0, 2532.0, 2784.0, 3615.0, 3036.0, 2913.0, 2822.0, 3564.0, 2978.0, 2416.0, 2179.0];"[2036.90362948 2376.59757383 2509.0490028  2322.92647804 2278.9974042
 2220.97755321 2378.17631759 2333.14752027 2365.02580831 2239.77321488
 2374.84053435 2336.87231812 2388.92676631]";2016-10-16 12:00:00;2017-01-08 12:00:00
330;13;catboost_normal;0.18565171920442786;41.666666666666664;0.20564968823171373;1339.141396528501;0.20564792692245082;1206.0570889302844;[6871.0, 5873.0, 6170.0, 6691.0, 6293.0, 4403.0, 6148.0, 7417.0, 6375.0, 5700.0, 5761.0, 6663.0, 7417.0];"[5328.40112906 5250.84994569 5385.67517088 5348.99881314 5355.28074608
 5170.03543973 5080.40440772 5166.53000303 5197.27153866 5163.49113552
 5125.25197017 5055.2106397  5009.92778398]";2017-07-16 12:00:00;2017-10-08 12:00:00
308;13;catboost_normal;0.1951443797726167;75.0;0.22116507519588008;1596.035738387606;0.22116332820756654;1405.4449168038295;[7378.0, 6631.0, 6561.0, 7425.0, 7372.0, 6258.0, 8446.0, 7995.0, 6836.0, 6070.0, 5230.0, 6259.0, 6478.0];"[5526.48583217 5469.44570728 5605.2219702  5571.2781768  5452.62720559
 5409.71662431 5473.47082718 5477.04320624 5407.59501408 5398.75442186
 5385.18459514 5393.85434271 5407.90734828]";2017-07-16 12:00:00;2017-10-08 12:00:00
315;13;catboost_normal;0.10239976295051625;66.66666666666667;0.11051910311883847;397.1348075125812;0.1105171982287038;321.32880459595674;[3210.0, 2787.0, 2867.0, 3217.0, 3157.0, 2388.0, 2739.0, 3447.0, 3038.0, 2883.0, 2938.0, 3259.0, 3113.0];"[2506.67477822 2728.84808129 2721.84649413 2897.98773883 2700.89604803
 2499.47057093 2629.61353202 2607.02479466 2955.67376341 2647.35018918
 2658.77731319 2824.95384922 2709.54952899]";2017-07-16 12:00:00;2017-10-08 12:00:00
308;13;catboost_normal;0.16713993231801721;58.333333333333336;0.15795422032519665;1101.5936353595837;0.15795280683038657;884.4878393574422;[5531.0, 4669.0, 5534.0, 5363.0, 5046.0, 4854.0, 4583.0, 5783.0, 5234.0, 5210.0, 5134.0, 5924.0, 6690.0];"[5755.70832649 5484.99303645 5817.74847146 6689.04445717 6615.26137941
 5758.18804311 6651.27802743 6076.68502026 5640.2351741  5619.56707975
 5019.6770553  4872.76541319 4658.9246355 ]";2017-04-16 12:00:00;2017-07-09 12:00:00
288;13;catboost_normal;0.02956778788232274;50.0;0.030327361731605877;377.533092342865;0.03032720101308809;286.2008958392499;[9340.0, 9460.0, 9350.0, 9290.0, 9230.0, 9360.0, 9380.0, 9330.0, 9380.0, 9550.0, 9570.0, 10020.0, 9990.0];"[9213.11968166 9206.70968192 9200.40428801 9192.89669926 9193.21526858
 9186.78471612 9187.79162314 9214.54911804 9192.35424973 9184.87378861
 9185.00790436 9186.29928391 9185.38205076]";2014-10-05 12:00:00;2014-12-28 12:00:00
315;13;catboost_normal;0.24828970847285164;58.333333333333336;0.2139611494702076;667.0688717476211;0.21395724145325773;589.739001809374;[2241.0, 2032.0, 2576.0, 2316.0, 2537.0, 2299.0, 2238.0, 2583.0, 2224.0, 2493.0, 2275.0, 3041.0, 3050.0];"[2401.57427235 2398.12180429 3028.71745969 2854.62070353 2865.58962029
 3339.95436561 3470.56460389 3320.90737917 2898.7321226  3059.05376874
 3206.18529776 3480.06092755 3247.52469807]";2017-04-16 12:00:00;2017-07-09 12:00:00
308;13;catboost_normal;0.48232210410886744;33.333333333333336;0.3606342777882766;2763.183782545806;0.36063154972447414;2395.367408995196;[7818.0, 6174.0, 5358.0, 5760.0, 6037.0, 5176.0, 5117.0, 5255.0, 4980.0, 4653.0, 3839.0, 4947.0, 6273.0];"[7065.31184845 7525.10149678 7239.37251042 7248.52314932 6493.61749477
 6921.32663575 7205.85143197 7270.07365557 7633.27259595 8593.67969551
 9284.13355915 9062.4458289  9478.6901113 ]";2017-01-15 12:00:00;2017-04-09 12:00:00
330;13;catboost_normal;0.14661194862757176;41.666666666666664;0.1330737760117478;833.1356844499903;0.13307253273124056;714.3277708033589;[4855.0, 4551.0, 5213.0, 5028.0, 5024.0, 4827.0, 4408.0, 5625.0, 4771.0, 5753.0, 4738.0, 5643.0, 6387.0];"[5655.89136771 5148.30326362 5079.23056989 5691.47538213 5710.5070285
 5841.88758703 5898.82302523 6475.91593052 5949.06676173 5737.08602756
 5964.95264272 6077.59185794 6194.83722925]";2017-04-16 12:00:00;2017-07-09 12:00:00
308;13;catboost_normal;0.12590932044411315;41.666666666666664;0.12800074463666505;1293.276016883764;0.12799989792701852;985.4963701869211;[5679.0, 5476.0, 7560.0, 6729.0, 7744.0, 9935.0, 8218.0, 7629.0, 7611.0, 9551.0, 9962.0, 6630.0, 6642.0];"[6398.49338864 7336.85819946 7298.48473439 7449.20223315 7278.76829578
 7754.41109961 8326.66103416 8093.58438821 7404.92556282 7326.55285937
 7428.91626896 7181.17038042 7157.54200932]";2016-10-16 12:00:00;2017-01-08 12:00:00
315;13;catboost_normal;0.5237661331184308;50.0;0.4021767433051004;1378.1956092243386;0.40217053544015824;1308.3801416995384;[4343.0, 3152.0, 2905.0, 3115.0, 2691.0, 2401.0, 2700.0, 2546.0, 2450.0, 2471.0, 1859.0, 2175.0, 2722.0];"[3419.64894846 3904.44630359 3692.30431711 3863.61386859 4009.29107246
 3778.62886338 3852.84113507 3694.78300725 4236.68920848 4057.31342934
 4057.98904767 3955.85588567 4168.83465194]";2017-01-15 12:00:00;2017-04-09 12:00:00
330;13;catboost_normal;0.3841630611637451;25.0;0.2965070008822242;2167.561555197534;0.29650462368895264;1855.6534359221184;[6384.0, 6072.0, 6121.0, 6926.0, 5751.0, 4822.0, 5813.0, 5945.0, 4890.0, 4711.0, 3513.0, 4779.0, 6205.0];"[7021.64667449 7797.05124664 7313.82806604 7098.041104   6745.26838081
 7866.90246208 7373.60589028 7484.29733294 7076.44037338 7410.84667438
 8056.35522755 7448.5478665  7362.6633679 ]";2017-01-15 12:00:00;2017-04-09 12:00:00
315;13;catboost_normal;0.17335639118966115;25.0;0.18878677447778275;834.4775619022523;0.18878400476649443;653.6227873524165;[2777.0, 2337.0, 3406.0, 2724.0, 3301.0, 4090.0, 3484.0, 3482.0, 4131.0, 4822.0, 4638.0, 2993.0, 3328.0];"[3035.28567445 3049.88368487 3047.76645193 3047.85561106 3080.62425479
 3069.81839972 3039.26561034 3062.02933459 3068.94331679 3053.88697257
 3072.07779559 3074.77053989 3067.28713838]";2016-10-16 12:00:00;2017-01-08 12:00:00
330;13;catboost_normal;0.13019809023821438;33.333333333333336;0.13350322283381721;1204.86778891365;0.13350224135636157;919.3815573984356;[6030.0, 4832.0, 7314.0, 6545.0, 7273.0, 9068.0, 7260.0, 6742.0, 7080.0, 8042.0, 8497.0, 6420.0, 5556.0];"[6379.67626127 6564.24013312 6790.4001594  6588.20934011 6474.57670154
 6404.05608969 6662.35069288 6686.5771884  6552.85646391 6512.8903067
 6575.1785672  6613.92841247 6571.79226893]";2016-10-16 12:00:00;2017-01-08 12:00:00
309;13;catboost_normal;0.22406643543043867;75.0;0.25788690205725673;1359.7473757278642;0.2578841628493002;1219.4817632297525;[5183.0, 4647.0, 5227.0, 5734.0, 5549.0, 4025.0, 5253.0, 6645.0, 5251.0, 4651.0, 4383.0, 5649.0, 5316.0];"[3976.01573852 4056.2177825  4059.29628175 4060.39731832 4080.84064042
 3874.4618295  3972.8780622  4041.5482911  3909.17132578 3925.80319853
 3838.56016753 3954.73605305 3909.81038881]";2017-07-16 12:00:00;2017-10-08 12:00:00
331;13;catboost_normal;0.14278535425405725;50.0;0.15954445621133354;681.3776623508268;0.15954193501120056;508.2535613099557;[3191.0, 3095.0, 2805.0, 3275.0, 3230.0, 2471.0, 3448.0, 4534.0, 3545.0, 3233.0, 3179.0, 3157.0, 3530.0];"[3037.4394095  2884.15366389 2940.12863863 2881.18930075 2700.59296681
 2700.29555697 2715.72110418 2646.66197264 2738.8581431  2972.97499867
 2905.55559103 2852.37588376 2838.60486424]";2017-07-16 12:00:00;2017-10-08 12:00:00
288;13;catboost_normal;0.019796944869965503;33.333333333333336;0.01945139862540844;244.34610440506975;0.019451294264771393;181.31551615762342;[8970.0, 9090.0, 9070.0, 9090.0, 9080.0, 9280.0, 9260.0, 9160.0, 9160.0, 9210.0, 9220.0, 9210.0, 9270.0];"[9143.1123487  9128.5932165  9132.50992652 9292.79745978 9299.70410438
 9246.76097247 9490.40743843 9842.04288748 9181.13228139 9334.26838678
 9472.72589172 9401.15792684 9395.410814  ]";2014-07-06 12:00:00;2014-09-28 12:00:00
316;13;catboost_normal;0.12806898111214127;50.0;0.1342104771724488;613.5503403347726;0.13420870287081502;509.3443370910309;[4508.0, 3991.0, 3886.0, 4226.0, 4297.0, 3077.0, 3922.0, 4642.0, 4072.0, 3787.0, 3349.0, 4066.0, 3983.0];"[3967.03168356 3313.53180664 3963.2751275  3871.07012396 3929.79081567
 3910.28341025 4037.79013363 3220.43728767 3833.71558958 3486.02449125
 3750.97424336 3461.95033162 3295.29440262]";2017-07-16 12:00:00;2017-10-08 12:00:00
275;13;catboost_normal;0.03195567234151258;50.0;0.03268075851307646;460.69657646119805;0.0326806158158838;374.3034697962994;[11409.5, 11408.2, 11485.6, 11820.4, 11735.0, 12147.0, 11899.3, 11303.7, 11336.7, 11585.8, 11662.6, 11191.2, 10895.7];"[11244.89394789 11267.69760425 11308.89315509 11267.26496588
 11227.64285058 11159.65616366 11149.38988561 11142.01979593
 11144.1739706  11167.23098307 11152.22454672 11173.05316952
 11180.78614614]";2016-10-09 12:00:00;2017-01-01 12:00:00
331;13;catboost_normal;0.20984163200517958;50.0;0.18716449752374853;578.5908586882967;0.18716123988203215;538.6354070051336;[2618.0, 2382.0, 2770.0, 2444.0, 2861.0, 2435.0, 2545.0, 2875.0, 2511.0, 2573.0, 2406.0, 2783.0, 3384.0];"[3022.93718846 3160.94102405 3079.49873751 3489.15103614 3302.4956511
 3200.35591279 3078.15908434 3211.39321631 3050.53709925 3109.86665433
 3039.81011361 3170.19910676 3094.08453361]";2017-04-16 12:00:00;2017-07-09 12:00:00
309;13;catboost_normal;0.1666427557360374;58.333333333333336;0.15063075914701793;738.8931987674281;0.1506289365300202;624.6576446841362;[4080.0, 3417.0, 4537.0, 3859.0, 3898.0, 3594.0, 3378.0, 4504.0, 3416.0, 4121.0, 3669.0, 4471.0, 5213.0];"[4423.94551648 4639.31032176 4674.81076789 4695.31111264 4636.39135165
 4501.3302922  4486.26379338 4631.80746163 4459.19477415 4230.02349429
 4242.21929164 4339.27536765 4371.78342917]";2017-04-16 12:00:00;2017-07-09 12:00:00
316;13;catboost_normal;0.4043897381708389;58.333333333333336;0.32173317888488384;1464.0511987347813;0.32172918999267935;1305.6777423524036;[3659.0, 3209.0, 3770.0, 3616.0, 3418.0, 2924.0, 2880.0, 3453.0, 2860.0, 3339.0, 2970.0, 5000.0, 3853.0];"[4734.37247107 4574.36232504 4464.2627769  4952.23400043 4575.98174063
 5085.22391148 3985.74056075 4154.90700926 4444.66494939 5718.95619135
 5472.15302752 4557.09024061 4319.04192737]";2017-04-16 12:00:00;2017-07-09 12:00:00
309;13;catboost_normal;0.3038048016786189;33.333333333333336;0.25235917486053094;1369.8500241061815;0.2523564891927161;1194.873204560219;[6622.0, 4959.0, 5475.0, 5623.0, 4671.0, 3845.0, 4180.0, 4019.0, 3751.0, 3749.0, 2914.0, 3826.0, 4641.0];"[5232.59970602 5308.09340649 5273.53723659 5145.38392839 5476.28473199
 5561.91040423 5551.40761841 5216.5211267  5179.56430781 5748.97150467
 5553.34802946 5151.48560789 5272.28579263]";2017-01-15 12:00:00;2017-04-09 12:00:00
331;13;catboost_normal;0.24848011907504702;58.333333333333336;0.21276901044570667;753.5140904024795;0.21276564373999265;678.5386907512868;[3463.0, 3179.0, 3474.0, 3305.0, 2673.0, 2885.0, 3428.0, 3137.0, 2713.0, 2553.0, 2047.0, 2652.0, 3186.0];"[3662.89562892 4016.35067875 3793.35692451 3605.32725282 3524.47441604
 3490.47254504 3710.18474766 3851.48877652 3592.47900574 3298.87540681
 3371.08333206 3789.95781663 3809.05644827]";2017-01-15 12:00:00;2017-04-09 12:00:00
254;13;catboost_normal;0.026945150739043515;58.333333333333336;0.027480729193578562;64.10569385047869;0.027480017277887996;53.044183446745784;[1922.0, 1950.0, 1971.0, 1999.0, 2006.0, 1995.0, 1970.0, 1938.0, 1930.0, 1917.0, 1896.0, 1876.0, 1873.0];"[1902.70988112 1914.69112016 1915.58852909 1906.04010701 1898.07367903
 1883.77716957 1877.95468631 1879.84247206 1882.23057327 1879.38777896
 1874.47985127 1868.99500117 1869.65476618]";2016-01-17 12:00:00;2016-04-10 12:00:00
331;13;catboost_normal;0.20043952365016038;16.666666666666668;0.17753525532408962;769.0358813483222;0.17753294893981794;685.874231051343;[3363.0, 3219.0, 3643.0, 3870.0, 3732.0, 3992.0, 3787.0, 3624.0, 3890.0, 4807.0, 3784.0, 3166.0, 2788.0];"[4315.64813887 4351.12289876 4286.3672577  4209.75019427 4228.97352268
 4304.94667905 4230.65486309 4292.75952698 4266.87918521 4174.71273859
 4179.2672132  4199.62817418 4276.08008828]";2016-10-16 12:00:00;2017-01-08 12:00:00
309;13;catboost_normal;0.10719109021517731;66.66666666666667;0.11675640928585855;862.5047528717016;0.11675530424521165;622.025923832968;[4273.0, 4249.0, 5838.0, 4802.0, 5004.0, 6411.0, 5398.0, 5049.0, 5678.0, 5301.0, 6997.0, 5071.0, 4931.0];"[4518.47635781 4666.77741143 5071.46260476 4808.27278136 4649.4414297
 4967.42561067 5167.45832436 4801.3870284  4808.93193385 4550.51259691
 4744.98900119 4883.48999349 4616.09101745]";2016-10-16 12:00:00;2017-01-08 12:00:00
316;13;catboost_normal;0.5310691673522178;50.0;0.4066165561953794;2425.600553183975;0.40661299509724136;2334.3114922989143;[5261.0, 5503.0, 5168.0, 5294.0, 4499.0, 3985.0, 4909.0, 4814.0, 4567.0, 3972.0, 3196.0, 4280.0, 5268.0];"[7007.64761029 7359.61373036 7109.94118601 6518.58698653 6607.66485394
 7189.51363449 7102.09277555 6830.68469156 6658.35429957 6717.03253346
 6838.86546253 7520.31607334 7601.73556225]";2017-01-15 12:00:00;2017-04-09 12:00:00
316;13;catboost_normal;0.11694902430629035;58.333333333333336;0.10955707877341614;964.7049766513588;0.10955624263326445;725.7130709783131;[6595.0, 5660.0, 6528.0, 6810.0, 7266.0, 8638.0, 6309.0, 6779.0, 6624.0, 7960.0, 7291.0, 5717.0, 4741.0];"[6757.12567437 7053.51555764 6828.15309917 6910.02631133 6846.46473495
 7047.08129745 6894.3976777  6832.34532542 6733.68984133 6844.01422332
 6888.50873832 6851.30302901 6807.78240078]";2016-10-16 12:00:00;2017-01-08 12:00:00
345;13;catboost_normal;0.1405135072703996;41.666666666666664;0.141387804847708;955.4128754850167;0.14138645774038158;752.8001956574952;[7012.0, 5532.0, 5818.0, 5845.0, 5240.0, 3442.0, 5592.0, 6704.0, 5512.0, 5418.0, 5004.0, 5866.0, 5701.0];"[5365.56626316 5300.60174898 5360.51041383 5229.38792012 5314.74853944
 5229.44695673 5091.46716724 5041.71995652 5120.66408259 5025.08018633
 5036.96318903 4917.49545874 4656.26294415]";2017-07-16 12:00:00;2017-10-08 12:00:00
332;13;catboost_normal;0.23381926569977823;41.666666666666664;0.2703115758186026;796.8920614829074;0.2703065011507482;722.5006409936278;[2774.0, 2724.0, 2885.0, 3325.0, 3629.0, 2345.0, 3088.0, 3348.0, 2915.0, 2738.0, 2573.0, 3229.0, 2961.0];"[2221.82408547 2238.11470217 2257.36689477 2254.9052789  2250.75222321
 2253.99062191 2236.81467484 2256.36436632 2228.85951345 2241.89702487
 2231.71114346 2232.53322023 2236.35791748]";2017-07-16 12:00:00;2017-10-08 12:00:00
310;13;catboost_normal;0.15053930164149412;58.333333333333336;0.16562664941247143;884.681857978378;0.16562487443174662;775.2286805066107;[5535.0, 4926.0, 4816.0, 5557.0, 5197.0, 3914.0, 4856.0, 5834.0, 5014.0, 4424.0, 3970.0, 4932.0, 4835.0];"[4229.12178466 4190.63540151 4209.21098603 4317.52937588 4289.5522666
 4185.62834288 3988.63289375 4229.01140463 4373.09125209 4161.92274868
 4051.41751916 3926.68395655 4285.68094507]";2017-07-16 12:00:00;2017-10-08 12:00:00
317;13;catboost_normal;0.18535427701722357;50.0;0.21449901201101407;876.9704686885175;0.21449579442297367;716.2592133745686;[3655.0, 3808.0, 3633.0, 3613.0, 3695.0, 3768.0, 3792.0, 3736.0, 3827.0, 3735.0, 3552.0, 4420.0, 3854.0];"[3535.87073195 3583.97726089 3529.49471307 3526.78024902 3375.50240954
 3196.19176003 2765.87459155 2705.98338323 2720.10443584 2811.98929983
 2716.12619604 2620.88830926 2687.84688588]";2017-07-16 12:00:00;2017-10-08 12:00:00
345;13;catboost_normal;0.3539517219368402;41.666666666666664;0.2892558837801534;1977.5102737880559;0.28925348819716745;1760.1294516072753;[4654.0, 4175.0, 5073.0, 5423.0, 5096.0, 4639.0, 4593.0, 5394.0, 5446.0, 5749.0, 4833.0, 5465.0, 6333.0];"[5898.58756398 5825.40434083 5926.07121565 5788.7246971  6448.40957942
 7370.07354598 7736.24900932 7984.64069258 6912.15910218 7063.15521094
 7880.62071763 7970.66903936 6949.91815592]";2017-04-16 12:00:00;2017-07-09 12:00:00
332;13;catboost_normal;0.13189063128381992;33.333333333333336;0.12252296089636425;325.0149433044529;0.12252021599948876;274.79470344594046;[2075.0, 1813.0, 2344.0, 2121.0, 2304.0, 2077.0, 2070.0, 2342.0, 1922.0, 2153.0, 1884.0, 2391.0, 2872.0];"[2151.07146958 2151.02488745 2084.05379441 2284.64371942 2373.69243346
 2346.52305564 2423.30479802 2238.7791028  2479.79727696 2407.58686305
 2540.38108919 2506.54883018 2517.41038093]";2017-04-16 12:00:00;2017-07-09 12:00:00
289;13;catboost_normal;0.08371085883815958;58.333333333333336;0.0887799201760784;1640.2316064458007;0.08877962299915122;1326.587964568986;[15593.6, 15096.7, 13956.7, 14349.8, 14700.6, 15026.8, 14956.2, 15354.3, 15842.4, 16424.9, 16261.7, 16238.3, 16523.1];"[15419.47375455 15862.29526079 14822.09618291 14594.58920904
 14636.25179821 14369.37429375 13973.95785734 13950.07907351
 14137.66917534 14118.31896065 13927.13758608 13458.7746788
 13560.99993511]";2015-04-05 12:00:00;2015-06-28 12:00:00
310;13;catboost_normal;0.12671389296706034;33.333333333333336;0.1254358784705331;709.6164604313755;0.12543436843257813;523.2675420136909;[4396.0, 3498.0, 4154.0, 3912.0, 3550.0, 3598.0, 4095.0, 4831.0, 4467.0, 4242.0, 3445.0, 4262.0, 5414.0];"[4333.74700832 4062.06123868 4060.03453119 4566.23434082 4385.74590079
 4322.53594189 4050.7734758  4058.0004226  4298.96583278 4043.99297526
 4318.72381933 4221.02843426 3644.28051512]";2017-04-16 12:00:00;2017-07-09 12:00:00
317;13;catboost_normal;0.2710266455882016;58.333333333333336;0.2339118377890702;823.4953968776559;0.23390828056364837;770.0575261146789;[2672.0, 2789.0, 2785.0, 2676.0, 2731.0, 2790.0, 2810.0, 2799.0, 2963.0, 3135.0, 3342.0, 3402.0, 3525.0];"[3712.3272569  3944.98019263 3545.34228236 3837.39696966 3731.76500838
 3742.07604593 3704.7814206  3585.6181708  3554.63882494 3821.58111739
 3660.57140586 3756.75258803 3831.91655601]";2017-04-16 12:00:00;2017-07-09 12:00:00
332;13;catboost_normal;0.44476502149791997;58.333333333333336;0.35278085802614256;1003.953419298779;0.35277430721575403;953.1742887219965;[2500.0, 2799.0, 2300.0, 2270.0, 2379.0, 2248.0, 2135.0, 2148.0, 2043.0, 2209.0, 1650.0, 2071.0, 2437.0];"[3251.81111345 3563.86265589 3027.10397166 2656.25976678 3216.95377777
 3377.88787675 3115.44586677 3107.96265947 3002.80587142 3209.65323296
 3435.77920481 3327.52885019 3287.21090547]";2017-01-15 12:00:00;2017-04-09 12:00:00
345;13;catboost_normal;0.3028731975355457;58.333333333333336;0.24602376999812345;1917.501614652175;0.2460218882898224;1625.6243067025193;[8989.0, 7497.0, 7468.0, 8033.0, 6779.0, 6387.0, 6741.0, 6240.0, 4921.0, 4741.0, 4014.0, 4883.0, 6370.0];"[7471.1884671  8125.31320809 7287.72035413 7426.1592576  8034.75347676
 7719.3735423  7734.11059182 7278.06588896 7487.73089833 8115.05960606
 7554.77862499 7364.29666304 7987.70156562]";2017-01-15 12:00:00;2017-04-09 12:00:00
275;13;catboost_normal;0.09799151536609908;41.666666666666664;0.10355585012432665;1157.3383095364577;0.10355536370425897;1102.365913009783;[10941.0, 10658.1, 11014.6, 10998.8, 11071.5, 11565.9, 11463.3, 11295.1, 11282.2, 11138.3, 11305.4, 11373.6, 11235.5];"[10357.99760979 10318.09505849 10198.09662325 10166.66926315
 10103.83498919 10047.11870397  9981.05759354  9983.14322556
  9982.48255016 10001.88565474  9981.50005459  9950.00496605
  9940.65683838]";2016-07-10 12:00:00;2016-10-02 12:00:00
332;13;catboost_normal;0.14095454892980833;75.0;0.1297865744911641;532.3520553513717;0.12978435848946457;386.57147939655204;[2570.0, 2254.0, 3107.0, 3008.0, 3046.0, 3413.0, 3070.0, 2806.0, 3165.0, 4121.0, 3767.0, 2717.0, 2038.0];"[2831.72775323 3340.61101065 2987.13874126 2936.44456985 3106.88216037
 3240.46584829 2997.79919082 2921.48666818 3027.16737648 3241.96523742
 3029.59360957 3080.99486326 2984.30135014]";2016-10-16 12:00:00;2017-01-08 12:00:00
317;13;catboost_normal;0.46744572400634127;41.666666666666664;0.3692449348367708;1783.8131078621302;0.36924092764306654;1708.1142242632998;[3323.0, 3056.0, 3427.0, 3393.0, 4427.0, 4114.0, 4608.0, 4136.0, 3701.0, 4188.0, 3447.0, 4436.0, 3554.0];"[5400.97167143 5876.57543938 5587.25286825 4900.35526764 5471.95284099
 5909.17451816 6142.75901821 5314.2673629  5570.0548496  5213.81456269
 5705.7220694  5630.68101352 5291.90343325]";2017-01-15 12:00:00;2017-04-09 12:00:00
345;13;catboost_normal;0.17644394894593285;58.333333333333336;0.19370797328933323;1535.4396053012001;0.1937065171510892;1298.5943330124453;[5347.0, 4930.0, 7081.0, 6315.0, 7325.0, 9205.0, 7295.0, 7213.0, 7154.0, 8096.0, 8105.0, 6218.0, 6578.0];"[5701.46451622 6155.16368884 6035.2739037  5944.42932649 6000.10734989
 5905.59134876 5910.18891691 5963.05312682 5871.05962395 5908.15856631
 5941.67217867 5900.84206299 5902.5254714 ]";2016-10-16 12:00:00;2017-01-08 12:00:00
310;13;catboost_normal;0.45926220641593224;25.0;0.3478688942098835;1998.8772489882879;0.3478654794758223;1777.5375106733068;[5514.0, 4429.0, 4995.0, 5402.0, 4500.0, 3932.0, 4640.0, 4396.0, 4150.0, 3631.0, 2802.0, 3638.0, 4700.0];"[5913.31955453 6519.16053663 5956.63262258 5767.15289101 5814.65509898
 6265.83417322 6319.35683133 6259.30623182 5951.8435841  6010.62495701
 6584.64231141 6452.98868156 6021.47016457]";2017-01-15 12:00:00;2017-04-09 12:00:00
317;13;catboost_normal;0.19025650605054015;50.0;0.2013819262033869;1262.9119382326064;0.20137999589980046;1067.525766565421;[4541.0, 4034.0, 4197.0, 5805.0, 5864.0, 4587.0, 5874.0, 5850.0, 6534.0, 7535.0, 6775.0, 3612.0, 4398.0];"[4807.05799182 4774.90892038 4890.11346381 4910.2867887  4846.7292204
 4835.03462122 4831.88885704 4892.3565318  4788.8437171  4854.88125835
 4811.01414622 4827.61092217 4811.10956556]";2016-10-16 12:00:00;2017-01-08 12:00:00
310;13;catboost_normal;0.15290705508655109;50.0;0.16473281621528607;1231.0010338899722;0.1647313144403964;914.7694399277864;[4566.0, 3996.0, 5527.0, 5030.0, 5600.0, 6583.0, 5875.0, 5257.0, 5568.0, 7614.0, 7197.0, 4849.0, 4269.0];"[4888.66360349 4765.1856211  5814.63753425 5024.39164029 5169.34606168
 4722.00984855 4873.21460863 5143.69529695 5154.55849205 4817.0536538
 4999.06871341 5687.45213895 5122.40213662]";2016-10-16 12:00:00;2017-01-08 12:00:00
333;13;catboost_normal;0.21660243596247114;75.0;0.2460892070535738;972.3578348130422;0.24608586049139297;909.1585232962528;[4019.0, 3939.0, 4008.0, 4178.0, 4154.0, 3076.0, 3917.0, 4989.0, 4219.0, 4007.0, 3832.0, 4543.0, 4318.0];"[3391.41075347 3079.8696373  3257.18457472 3385.58569554 3459.80595635
 2913.86084753 2934.08698123 3277.85304449 3280.02591993 2987.49766603
 2846.06097119 3254.00865752 3312.68849185]";2017-07-16 12:00:00;2017-10-08 12:00:00
289;13;catboost_normal;0.07488321334986112;58.333333333333336;0.0777187908917057;1330.3916300154472;0.07771851612421662;1099.4335242079953;[14956.2, 14092.3, 13505.0, 13633.8, 13984.4, 13912.2, 13853.8, 13494.2, 14654.9, 14856.5, 15250.8, 14813.1, 15673.0];"[15197.16865124 14972.32889111 14542.90611075 14409.77484288
 14512.34745422 14647.62261642 14108.27261313 13643.46687939
 13228.64319904 13141.77377978 13091.96609023 13015.16032859
 13080.1088468 ]";2015-01-04 12:00:00;2015-03-29 12:00:00
346;13;catboost_normal;0.11395249703309643;50.0;0.11689393844766659;553.4288667140275;0.11689229270165193;418.79256190484375;[4217.0, 3343.0, 3621.0, 3938.0, 3702.0, 2575.0, 3277.0, 4485.0, 3790.0, 3487.0, 3158.0, 4196.0, 3823.0];"[3516.63138547 3376.57187156 3353.12361281 3718.42170869 3573.50225693
 3481.22034879 3369.66966031 3327.19360093 3537.96568937 3501.44754059
 3434.5762254  3310.97191019 3313.37217749]";2017-07-16 12:00:00;2017-10-08 12:00:00
318;13;catboost_normal;0.1883955629849331;50.0;0.21344601083333364;563.9958368848706;0.21344134899400136;491.40520887563855;[2547.0, 2678.0, 2381.0, 2733.0, 2894.0, 1965.0, 2326.0, 3097.0, 2363.0, 2247.0, 2099.0, 2524.0, 2466.0];"[2129.0170457  2019.64625969 2083.05591221 2329.59702352 2061.61743615
 1995.70199494 1934.32485171 1992.74111522 1918.66402142 1891.03782356
 1963.65253462 1847.90719499 1826.17306077]";2017-07-16 12:00:00;2017-10-08 12:00:00
311;13;catboost_normal;0.170181599590819;50.0;0.19128139358882626;946.1792200729341;0.19127909139675467;798.2775566632253;[4895.0, 4096.0, 4309.0, 4967.0, 5689.0, 3706.0, 4645.0, 4642.0, 4373.0, 3965.0, 3795.0, 4215.0, 4198.0];"[3738.12227691 3695.0904396  3641.43481439 3693.56372382 3625.44724601
 3663.90504735 3584.40996024 3611.45829451 3602.31226383 3562.77804662
 3562.88931961 3571.89229411 3564.08803638]";2017-07-16 12:00:00;2017-10-08 12:00:00
333;13;catboost_normal;0.17000149267494535;41.666666666666664;0.15253689644415244;591.5433864751079;0.1525345719123055;502.83896985961024;[3806.0, 3207.0, 3400.0, 3339.0, 3711.0, 2736.0, 2543.0, 3286.0, 2696.0, 3311.0, 2746.0, 3051.0, 4152.0];"[3652.26306608 3569.3043227  3572.31533804 3801.86013078 3678.19173553
 3582.77083792 3548.84732834 3652.89467588 3663.4310734  3545.99385888
 3571.39638326 3570.6421177  3566.09465712]";2017-04-16 12:00:00;2017-07-09 12:00:00
275;13;catboost_normal;0.11647214263521295;33.333333333333336;0.12536852351077743;1308.9462717645038;0.12536785551829768;1177.0912706845843;[9274.0, 9438.4, 9588.7, 9689.9, 9708.6, 9640.4, 9772.5, 9907.1, 10359.5, 9978.2, 10639.8, 10447.0, 10613.3];"[9269.80198951 9139.8273362  8915.66265472 8714.85795693 8467.93047234
 8639.58337024 8588.4329847  8608.82258457 8646.39092993 8545.25215735
 8498.39952248 8792.8039399  8927.44758223]";2016-04-10 12:00:00;2016-07-03 12:00:00
346;13;catboost_normal;0.19562502722254363;50.0;0.1716920321865609;715.9784647001208;0.17168961664050142;612.3910286620247;[3508.0, 2883.0, 3713.0, 3467.0, 3281.0, 3026.0, 2827.0, 3713.0, 3314.0, 3335.0, 2794.0, 3515.0, 4089.0];"[3877.90636066 3533.17011736 3599.95138517 3584.20020528 3785.42904937
 3936.56162613 3809.10051553 4118.16324518 4178.9484576  4127.89623093
 4209.77457461 4193.26361904 4245.62075607]";2017-04-16 12:00:00;2017-07-09 12:00:00
311;13;catboost_normal;0.12776384712234598;50.0;0.11838872386874871;586.9846792566545;0.11838710884840485;435.6062659648284;[3435.0, 3081.0, 3390.0, 3365.0, 3671.0, 3209.0, 3070.0, 3513.0, 3321.0, 3608.0, 3203.0, 4124.0, 4359.0];"[3521.2480693  4669.48032361 3767.04773421 3666.71320362 3849.01204819
 3806.10447408 3628.88113486 3577.20215619 3498.57827012 3347.51554129
 3372.03760967 3598.99520352 3579.91282148]";2017-04-16 12:00:00;2017-07-09 12:00:00
333;13;catboost_normal;0.4743373887727387;41.666666666666664;0.36746203900037416;1751.687537762183;0.3674578203041002;1609.3365449778732;[3733.0, 4213.0, 3341.0, 4233.0, 4089.0, 3244.0, 3582.0, 3191.0, 3603.0, 3279.0, 2657.0, 3392.0, 4092.0];"[5248.39645516 5157.20840312 4772.14531691 4480.88206281 5692.58489109
 5746.24876694 5016.0794888  4761.58126297 5634.03827235 6051.43818577
 5271.9553729  4366.70359777 5371.11300813]";2017-01-15 12:00:00;2017-04-09 12:00:00
318;13;catboost_normal;0.19554112665082785;50.0;0.16848547673801087;422.40012476854656;0.16848125227642138;337.5739270580189;[1904.0, 1554.0, 1911.0, 1840.0, 1749.0, 1822.0, 1483.0, 1998.0, 1686.0, 2050.0, 1803.0, 2419.0, 2365.0];"[1844.83776939 1920.76403037 2158.99460789 1984.32722416 2063.80153352
 2253.41751457 2454.83185665 2416.09862089 2220.90754096 2162.59081333
 2420.73568913 2503.29193668 2280.46254702]";2017-04-16 12:00:00;2017-07-09 12:00:00
333;13;catboost_normal;0.179529987347057;50.0;0.1881244684907952;1144.1486028038412;0.18812237857324382;852.849826482787;[3424.0, 3451.0, 4663.0, 3948.0, 4892.0, 5124.0, 5004.0, 4448.0, 4854.0, 6425.0, 5666.0, 4057.0, 4544.0];"[4100.47754683 5070.72171621 5093.31486734 4510.9290094  3833.87786302
 4160.99575501 4930.55641796 4585.44121243 3770.72128672 3389.58083033
 4754.67173441 4358.89167577 4310.32439626]";2016-10-16 12:00:00;2017-01-08 12:00:00
311;13;catboost_normal;0.5419038233333876;16.666666666666668;0.41439896125406506;1800.2445728454827;0.41439396902738823;1724.4441136077808;[3757.0, 3384.0, 3747.0, 3896.0, 3564.0, 3107.0, 3458.0, 3052.0, 3214.0, 3005.0, 2516.0, 2906.0, 3808.0];"[4593.42176637 5378.29959696 5012.72868825 4859.69188377 5053.88691956
 5372.31561467 5438.45466212 4875.50857717 4762.29763033 5117.62956162
 5138.3619347  5116.13476237 5113.04187901]";2017-01-15 12:00:00;2017-04-09 12:00:00
346;13;catboost_normal;0.4062439635114139;16.666666666666668;0.3176872676845457;1552.075347816632;0.31768362942548917;1391.6605896833305;[4771.0, 3851.0, 3899.0, 4567.0, 4150.0, 3438.0, 3935.0, 4031.0, 3386.0, 3286.0, 2506.0, 3404.0, 4265.0];"[5285.2503819  5387.52878274 5056.44154506 4844.2518062  4887.73670833
 5274.31924759 5401.79140929 5145.21158905 5049.07561167 5170.92350115
 5493.84181187 5346.28005037 5237.93522068]";2017-01-15 12:00:00;2017-04-09 12:00:00
318;13;catboost_normal;0.35640372820308824;33.333333333333336;0.2841836748474792;754.2856446698722;0.284177615577207;669.9348343246086;[2683.0, 2311.0, 2349.0, 2566.0, 2197.0, 1958.0, 2282.0, 2152.0, 1926.0, 1860.0, 1336.0, 1821.0, 2098.0];"[2790.43382578 2796.09253224 2768.14266225 2738.33680547 2757.21235314
 2789.98974742 2826.95289357 2791.59554526 2835.02114245 2826.02599957
 2795.51319158 2769.39701551 2763.43913199]";2017-01-15 12:00:00;2017-04-09 12:00:00
311;13;catboost_normal;0.13680268027515938;58.333333333333336;0.129935522003527;836.5712097830219;0.12993408824821154;599.213278560816;[3993.0, 3633.0, 4652.0, 4872.0, 5069.0, 6635.0, 4437.0, 4410.0, 4497.0, 5456.0, 4808.0, 4083.0, 3143.0];"[4431.18648491 4575.05676345 4632.03707172 4674.02706634 4719.5769415
 4620.64596394 4793.02870768 4698.02672625 4584.71514431 4707.81420511
 4683.44678921 4677.43617226 4771.87066026]";2016-10-16 12:00:00;2017-01-08 12:00:00
346;13;catboost_normal;0.20042540337981182;25.0;0.23095798194472084;1307.195911459874;0.2309554258778036;1050.3369749729175;[3671.0, 3527.0, 4555.0, 4193.0, 4802.0, 5905.0, 5236.0, 4706.0, 4889.0, 6289.0, 5842.0, 3999.0, 4793.0];"[3545.86106164 4133.87004967 4088.61849253 3771.45821324 3570.34660252
 3623.22108565 4084.33404886 4036.50468117 3683.04463661 3628.0430249
 3958.7114244  3973.60253998 3868.74356352]";2016-10-16 12:00:00;2017-01-08 12:00:00
318;13;catboost_normal;0.13996362927357506;25.0;0.15464804251864342;544.7206073023387;0.15464505031781403;402.3949522393217;[2216.0, 2154.0, 2636.0, 2436.0, 2562.0, 3450.0, 2858.0, 2619.0, 2692.0, 3234.0, 3073.0, 2311.0, 1992.0];"[2228.8855544  2293.16021953 2300.88560675 2380.49298184 2262.22526194
 2164.30952694 2206.20819258 2551.53717214 2256.92715961 2379.94763336
 2396.66085039 2309.93932317 2409.22231391]";2016-10-16 12:00:00;2017-01-08 12:00:00
289;13;catboost_normal;0.06641255868282878;58.333333333333336;0.06894907822937622;1151.8465698643759;0.06894883157131909;964.1091160669231;[13994.0, 13508.7, 13093.0, 13300.3, 13407.3, 13700.9, 13699.0, 14089.4, 14684.9, 15471.4, 14741.4, 14965.2, 14912.9];"[14521.67866074 14282.51128546 13670.53534964 13635.6755619
 13900.49275858 13710.75655551 13332.02042173 13113.41703126
 13193.66871509 13402.85766769 13208.96228169 13156.34988847
 13340.95565702]";2014-10-05 12:00:00;2014-12-28 12:00:00
347;13;catboost_normal;0.1408416918887639;66.66666666666667;0.14000614100947537;697.3814307963934;0.14000444208001792;584.6990668633842;[4952.0, 4054.0, 3637.0, 4411.0, 4431.0, 2762.0, 3708.0, 4300.0, 5288.0, 4673.0, 3860.0, 5166.0, 4657.0];"[4100.14296572 4174.99623369 4071.31325048 4117.86512918 4122.17285676
 4065.5775201  4049.725316   4059.6550311  4110.62665389 4068.48804045
 4113.30889733 4079.22477985 4072.65789142]";2017-07-16 12:00:00;2017-10-08 12:00:00
334;13;catboost_normal;0.18858636894760836;58.333333333333336;0.21260823154505049;1041.9274581312775;0.21260579135160468;929.653583351776;[5003.0, 4375.0, 4539.0, 4653.0, 5501.0, 3930.0, 4734.0, 5515.0, 5429.0, 4309.0, 3932.0, 4650.0, 4767.0];"[3849.14628231 3728.08491064 3768.04297388 3826.97735978 3791.41788615
 3881.30772183 3873.33836017 3897.76729796 3969.55050161 3684.45659757
 3665.52050384 3657.73539176 3658.15762892]";2017-07-16 12:00:00;2017-10-08 12:00:00
312;13;catboost_normal;0.15902072462841232;50.0;0.17730098051173476;411.88456468615516;0.1772965506581995;355.1858002595446;[2115.0, 2203.0, 2102.0, 2090.0, 2138.0, 2180.0, 2194.0, 2162.0, 2214.0, 2161.0, 2055.0, 2557.0, 2230.0];"[2136.1152221  1926.80949791 1882.4631996  1907.11409388 1972.68037013
 1883.8408364  1817.060892   1755.50712723 1754.76888989 1737.48584856
 1735.17703558 1661.57660276 1655.2154248 ]";2017-07-16 12:00:00;2017-10-08 12:00:00
319;13;catboost_normal;0.278127604082014;33.333333333333336;0.33659571122474774;911.9319802624866;0.33658832137286687;774.1899816700025;[2572.0, 2584.0, 2776.0, 3036.0, 3647.0, 2357.0, 2695.0, 3086.0, 2379.0, 1989.0, 1862.0, 2062.0, 2276.0];"[1812.52904358 1779.88999452 1779.10543278 1785.65511851 1775.57978772
 1793.02418647 1774.64804789 1801.21545947 1779.96478548 1811.28433158
 1791.9837096  1787.29971138 1784.35062931]";2017-07-16 12:00:00;2017-10-08 12:00:00
334;13;catboost_normal;0.09369614237243791;50.0;0.09347519722270216;411.0227307982283;0.0934738971892227;337.16031874998964;[3946.0, 3122.0, 3905.0, 4064.0, 3783.0, 3320.0, 3096.0, 3760.0, 3292.0, 3727.0, 3276.0, 3789.0, 4354.0];"[3338.37364502 3650.29767288 3547.19110238 3918.55658906 3765.30810887
 3596.55253925 3652.77334884 3741.21004419 3766.58943186 3571.26286208
 3481.41007202 3570.48502106 3534.15154844]";2017-04-16 12:00:00;2017-07-09 12:00:00
347;13;catboost_normal;0.11539970806116268;41.666666666666664;0.11034364380065784;489.1775152312837;0.11034228171109037;448.06613201665914;[4182.0, 3490.0, 4513.0, 3602.0, 4588.0, 4289.0, 3939.0, 3890.0, 4105.0, 3896.0, 3379.0, 4303.0, 4464.0];"[3846.4565976  4119.83909884 4000.65193308 4219.7312212  4539.98885541
 4156.49388517 4368.97236373 4520.98929787 4501.21014471 4500.89212428
 4125.79818211 3923.8697216  4103.11172367]";2017-04-16 12:00:00;2017-07-09 12:00:00
312;13;catboost_normal;0.4547476620039804;41.666666666666664;0.36689684421792906;794.6781680593779;0.36688807049733607;773.10954032788;[1546.0, 1614.0, 1611.0, 1548.0, 1580.0, 1614.0, 1626.0, 1619.0, 1714.0, 1814.0, 1934.0, 1968.0, 2039.0];"[2501.28705157 1965.22175394 2300.42175659 2505.99823997 2364.61390687
 2127.99891055 2479.3671719  2512.72510667 2529.83633611 2476.38505994
 2586.74611038 2945.3359785  2981.48664129]";2017-04-16 12:00:00;2017-07-09 12:00:00
319;13;catboost_normal;0.3201534084124357;50.0;0.2633669698450378;566.547179857164;0.26335997987331916;497.5896233368333;[1671.0, 1411.0, 1875.0, 1744.0, 1738.0, 1400.0, 1345.0, 1556.0, 1611.0, 1853.0, 1594.0, 1818.0, 2454.0];"[1860.88428995 2294.02615245 1824.54416212 2140.54388756 2265.54081155
 2231.98397472 2148.67410173 2141.42896906 2187.20481533 2251.17332341
 2252.83147822 2377.74999747 2446.83253596]";2017-04-16 12:00:00;2017-07-09 12:00:00
334;13;catboost_normal;0.4526394881953185;33.333333333333336;0.3574978268876912;1592.2275263021565;0.35749355771561014;1499.2467009534894;[3437.0, 3749.0, 3399.0, 4316.0, 3530.0, 2897.0, 3756.0, 3766.0, 3412.0, 3178.0, 2750.0, 3305.0, 3880.0];"[5014.1898343  5344.30066972 4889.4444411  4654.30614316 4886.62954699
 5333.84034341 5069.86209493 4831.27668283 4935.47421659 5173.68192366
 5129.84219353 4687.17150551 4915.18751667]";2017-01-15 12:00:00;2017-04-09 12:00:00
347;13;catboost_normal;0.5290641113461387;41.666666666666664;0.40333800286361254;2205.864874420668;0.40333408502763685;2090.0360001306994;[4518.0, 4379.0, 4671.0, 5187.0, 4583.0, 4202.0, 4347.0, 4027.0, 4195.0, 3912.0, 2849.0, 3667.0, 3685.0];"[5431.31874453 6766.57612617 6402.39235604 6703.88217739 7243.62900789
 6629.92947131 6232.61653464 6147.74672121 5537.33848606 5181.58809397
 6383.94073001 6265.65748396 6465.85206852]";2017-01-15 12:00:00;2017-04-09 12:00:00
319;13;catboost_normal;0.3760450571152739;66.66666666666667;0.3117030129839105;695.9819012581495;0.31169512255772597;630.7210922553446;[3491.0, 2202.0, 1967.0, 1963.0, 1673.0, 1761.0, 1630.0, 1116.0, 1583.0, 1626.0, 1592.0, 1391.0, 1742.0];"[2337.12551873 2395.45837927 2186.51201619 2511.35501091 2278.67068697
 2520.09439147 2143.0263194  2183.63915204 2234.84271004 2532.18720053
 2261.22826543 2095.63536483 1948.85022097]";2017-01-15 12:00:00;2017-04-09 12:00:00
312;13;catboost_normal;0.7621604546127988;58.333333333333336;0.44335104562155286;1703.7808250862201;0.44334311134225923;1265.431291455841;[2554.0, 3090.0, 3101.0, 3456.0, 3283.0, 2612.0, 3362.0, 1542.0, 1504.0, 1559.0, 1533.0, 1501.0, 1523.0];"[3146.92967018 3034.00891758 3097.48789695 3262.71448288 2947.74460735
 3282.15745458 4206.84573964 4276.05823307 3478.45390591 4343.27105485
 4907.85851553 3777.32849868 2133.65962125]";2017-01-15 12:00:00;2017-04-09 12:00:00
347;13;catboost_normal;0.18538272973275796;50.0;0.21066330050368884;1537.471507830047;0.2106614694163589;1221.636543942877;[4485.0, 4129.0, 5600.0, 5131.0, 6160.0, 7960.0, 6429.0, 6874.0, 6862.0, 7117.0, 6936.0, 4910.0, 4865.0];"[4530.7863103  5019.72293543 4814.2848025  4723.81952685 5212.48901148
 4838.69146512 4893.71211987 4904.8949935  4921.75606404 4938.77369761
 4997.03873117 4965.52684886 4930.69938881]";2016-10-16 12:00:00;2017-01-08 12:00:00
334;13;catboost_normal;0.11417045237001965;41.666666666666664;0.11192665800723003;639.8902008399123;0.111925451688029;524.3538650785392;[4090.0, 3429.0, 4945.0, 4388.0, 4272.0, 5428.0, 4722.0, 5029.0, 5221.0, 6017.0, 5336.0, 4313.0, 4180.0];"[4557.99937259 4685.22319364 4861.10542023 4593.32014029 4610.68460092
 4653.47205383 4833.5546459  4696.35846968 4624.40554265 4737.80731535
 4871.30955729 4663.15978768 4735.11686403]";2016-10-16 12:00:00;2017-01-08 12:00:00
312;13;catboost_normal;0.2588337803396151;66.66666666666667;0.276926089604753;1000.9282853020947;0.2769214722862384;853.4950628124384;[2908.0, 2524.0, 2231.0, 3075.0, 3149.0, 4069.0, 3764.0, 3611.0, 3568.0, 4621.0, 4423.0, 1945.0, 1894.0];"[2719.96871536 2727.08103187 2717.16120028 2693.69019828 2695.42659855
 2728.83773544 2721.844001   2708.19217236 2704.87635844 2708.57954969
 2694.23192961 2712.36970155 2720.47114159]";2016-10-16 12:00:00;2017-01-08 12:00:00
319;13;catboost_normal;0.1819319666730312;41.666666666666664;0.2005110750621612;522.8755741243378;0.2005063791726034;434.80219683230604;[1445.0, 1504.0, 2404.0, 2344.0, 2331.0, 3041.0, 2570.0, 2348.0, 2391.0, 2179.0, 2142.0, 2047.0, 2773.0];"[1669.98833881 1820.947776   1946.13592584 1892.76054784 1882.50655533
 1833.08758335 2057.70191989 2073.49034356 1928.99350699 1889.94103933
 1981.53272959 2017.81874012 1955.53866416]";2016-10-16 12:00:00;2017-01-08 12:00:00
275;13;catboost_normal;0.23674805206386174;33.333333333333336;0.27762533858335864;2461.7432044813886;0.277623588342091;2202.5473363606634;[8512.4, 8844.6, 8824.4, 8839.2, 8877.7, 9096.0, 9404.0, 9360.6, 9419.1, 9744.0, 9550.4, 9418.0, 9085.9];"[8449.42351301 8442.66179522 7919.57327703 7307.75145627 6745.13472105
 6689.10395401 6123.93129696 6462.88509608 6504.85487248 6309.51177907
 6279.6868843  6264.41725009 6844.24873175]";2016-01-10 12:00:00;2016-04-03 12:00:00
335;13;catboost_normal;0.23340270542357933;66.66666666666667;0.2683828047010175;514.5869673406639;0.26837475697300034;453.2389021006832;[1984.0, 1637.0, 2053.0, 2085.0, 2375.0, 1537.0, 2031.0, 2317.0, 1744.0, 1468.0, 1250.0, 1730.0, 1702.0];"[1377.18772105 1317.50090618 1462.2217241  1687.16058973 1360.13030284
 1227.15859092 1475.65556293 1486.87655666 1469.07366476 1269.22706519
 1430.31753005 1369.45499263 1449.56412575]";2017-07-16 12:00:00;2017-10-08 12:00:00
348;13;catboost_normal;0.169426961644379;50.0;0.18699650810755633;656.7892985035562;0.18699365279373809;612.9952392489101;[3449.0, 3593.0, 3428.0, 3409.0, 3487.0, 3556.0, 3578.0, 3526.0, 3612.0, 3525.0, 3352.0, 4171.0, 3637.0];"[3131.60229339 3077.82043086 3018.47093804 2981.36191137 2974.82366592
 2958.05340838 2927.08290565 2913.73253803 2893.86181571 2884.60274609
 2871.34262515 2864.34530556 2856.96130562]";2017-07-16 12:00:00;2017-10-08 12:00:00
289;13;catboost_normal;0.05794375331036204;50.0;0.056123396983033806;881.0591836899262;0.05612319665204199;786.8315807006293;[14032.4, 13229.9, 13170.6, 13523.4, 13710.2, 13700.2, 13168.3, 13170.8, 14214.2, 13751.5, 13630.1, 13584.1, 14209.7];"[14941.82918088 14295.35439604 13802.47980999 13463.74145758
 13002.30613973 14039.50935511 13966.51330378 14149.21592902
 14365.72594413 14725.33287806 14812.69247337 15109.17705433
 15115.2278217 ]";2014-07-06 12:00:00;2014-09-28 12:00:00
320;13;catboost_normal;0.1114873512338005;58.333333333333336;0.11351461806213908;804.6666815688081;0.11351360330280255;639.5013563047936;[6172.0, 5932.0, 5665.0, 6110.0, 5342.0, 4145.0, 5273.0, 5132.0, 6994.0, 6018.0, 5745.0, 6651.0, 6108.0];"[5624.23997336 5601.1343847  5714.55569183 5671.62586738 5362.04911986
 5604.37194204 5419.85111219 5388.71297007 5582.81066786 5111.15571145
 5149.22255089 5335.9226111  5272.91143729]";2017-07-16 12:00:00;2017-10-08 12:00:00
313;13;catboost_normal;0.17664866879528465;50.0;0.19688444885228357;1717.0655020558524;0.1968832077789082;1564.4170812488114;[9441.0, 8986.0, 8449.0, 9450.0, 9509.0, 7357.0, 8471.0, 9510.0, 8440.0, 8063.0, 7471.0, 8021.0, 8301.0];"[7030.01670216 7063.44179904 7014.20289023 7078.57515461 7068.78927183
 7037.31180001 6967.27467556 6990.29763596 6965.15249837 6938.02639332
 7007.05480189 7005.76080584 6965.67351495]";2017-07-16 12:00:00;2017-10-08 12:00:00
320;13;catboost_normal;0.1606257651123005;33.333333333333336;0.14099958899599474;975.2767167991732;0.14099826303633953;751.3957933138238;[5196.0, 4527.0, 5407.0, 4985.0, 5199.0, 4154.0, 4619.0, 5678.0, 4554.0, 5333.0, 4761.0, 6171.0, 6172.0];"[5789.59000698 5546.63809508 5332.42965626 5599.33937144 5549.19151463
 5977.18123928 6387.31970216 5651.17398472 5551.76282225 6037.61862863
 6338.48459157 6138.68201874 5986.69499924]";2017-04-16 12:00:00;2017-07-09 12:00:00
335;13;catboost_normal;0.26766085627561237;58.333333333333336;0.22974707057137042;363.89014306334394;0.22973888222720615;324.5967638520612;[1104.0, 1080.0, 1475.0, 1489.0, 1210.0, 1016.0, 1285.0, 1465.0, 1260.0, 1291.0, 1084.0, 1527.0, 1986.0];"[1563.94768059 1563.58614646 1553.34071893 1603.81626683 1606.82453883
 1604.20267984 1587.37000371 1623.78356021 1623.29115789 1604.07948929
 1583.23669364 1598.00962998 1595.73063612]";2017-04-16 12:00:00;2017-07-09 12:00:00
348;13;catboost_normal;0.09662250333652934;41.666666666666664;0.101315078260138;365.6336668385666;0.10131327755244615;285.39854573103014;[2522.0, 2632.0, 2628.0, 2525.0, 2577.0, 2633.0, 2652.0, 2641.0, 2796.0, 2959.0, 3154.0, 3210.0, 3326.0];"[2558.56315423 2585.67974335 2658.00147732 2734.03703108 2825.97769339
 2925.11770296 2860.59978568 2802.46021483 2665.65270361 2591.19672491
 2570.26490012 2569.94824971 2570.83364326]";2017-04-16 12:00:00;2017-07-09 12:00:00
313;13;catboost_normal;0.2519482268544001;75.0;0.22767991403551371;1843.0090339156861;0.22767834612346607;1657.5659997649136;[6934.0, 5486.0, 6468.0, 6239.0, 6488.0, 6465.0, 5971.0, 6733.0, 6213.0, 6547.0, 6152.0, 8195.0, 8899.0];"[7694.21214564 8281.57474684 8978.66401481 8172.02023716 8959.63792966
 8595.07010559 7582.17202131 7684.69663722 7509.29350628 6914.6956014
 6686.7098845  6700.00363109 6208.38520238]";2017-04-16 12:00:00;2017-07-09 12:00:00
335;13;catboost_normal;0.46800485207720466;58.333333333333336;0.3505328236297239;690.6687471349775;0.3505226470543836;607.6803661646065;[1818.0, 1934.0, 2042.0, 2217.0, 1577.0, 1218.0, 1438.0, 1464.0, 1383.0, 1224.0, 892.0, 1307.0, 1576.0];"[2080.25452029 2148.12303982 1850.73715562 1899.97258488 1994.27283076
 2241.05634824 1933.52216956 1940.17386756 2220.18466544 2177.72298087
 2122.57581173 2178.39359897 2186.27466739]";2017-01-15 12:00:00;2017-04-09 12:00:00
320;13;catboost_normal;0.4467673980791171;66.66666666666667;0.34793256036497;2477.477683158215;0.3479298993717438;2284.1897609288694;[5582.0, 6476.0, 6195.0, 7313.0, 5808.0, 5299.0, 6198.0, 5721.0, 5202.0, 4803.0, 3820.0, 4495.0, 5929.0];"[7313.74727908 8001.88357583 7795.4299384  7572.76334872 7956.64247511
 7837.90583446 7939.17145419 7877.53671348 7904.70482583 8157.11534086
 7785.33680317 8185.67313396 8207.55616896]";2017-01-15 12:00:00;2017-04-09 12:00:00
313;13;catboost_normal;0.6367232014202109;41.666666666666664;0.4500847202310272;3822.8086485545623;0.450081849506753;3546.704296855329;[10108.0, 7593.0, 7532.0, 7155.0, 5786.0, 6277.0, 5701.0, 3575.0, 6075.0, 6087.0, 4979.0, 5939.0, 7151.0];"[ 8728.74001973  9784.58834552  9089.17139775  9897.13177717
  9534.69009693  9956.44433252  9810.40838633 10217.37861804
  9671.75946753  9804.83706356 10570.23406631 10269.69472806
  9971.55759914]";2017-01-15 12:00:00;2017-04-09 12:00:00
348;13;catboost_normal;1.266411127418711;50.0;0.6459144017941731;4196.113612818419;0.6459076999869933;3275.5827856526867;[2692.0, 2525.0, 2879.0, 2898.0, 2792.0, 2739.0, 2676.0, 2492.0, 2453.0, 2542.0, 2500.0, 2448.0, 2484.0];"[ 2875.23622488  2789.17515403  3193.65281109  4239.16332752
  5925.08799714  7758.17705564 10483.55436321  8599.71074984
  9018.73918983  8155.65435971  6389.23664806  4371.53334815
  2903.65498437]";2017-01-15 12:00:00;2017-04-09 12:00:00
335;13;catboost_normal;0.16351682861628175;41.666666666666664;0.1626867970431263;383.24281147310336;0.16268245042448864;307.1457202033393;[1575.0, 1608.0, 1990.0, 1695.0, 1876.0, 2185.0, 2169.0, 1647.0, 1892.0, 2413.0, 2289.0, 1739.0, 1351.0];"[1591.11336634 1711.81362574 1880.07275685 1866.71554711 1583.09178321
 1613.38731728 1940.96507817 2133.2582618  1843.59979245 1637.35176164
 2108.34288062 2318.20215243 1779.60277946]";2016-10-16 12:00:00;2017-01-08 12:00:00
320;13;catboost_normal;0.18461043255750312;58.333333333333336;0.20214151343926828;1716.937722981829;0.2021400124071529;1376.724141252351;[5800.0, 5230.0, 6728.0, 6578.0, 6988.0, 7376.0, 7320.0, 7128.0, 7824.0, 9375.0, 9425.0, 5843.0, 4892.0];"[6266.67920856 6612.18283336 6221.88614392 6049.74179562 5917.01552821
 5955.85912761 5914.33114073 5964.76790257 5869.98036197 5893.5041267
 5919.55038437 5888.25381573 5859.93449031]";2016-10-16 12:00:00;2017-01-08 12:00:00
348;13;catboost_normal;0.22052905411175858;58.333333333333336;0.23501770288323315;1863.1141049178252;0.23501510748633336;1142.649502421544;[3625.0, 3630.0, 3833.0, 3795.0, 3862.0, 3990.0, 5189.0, 7243.0, 9323.0, 3167.0, 3119.0, 2961.0, 2870.0];"[3621.34405529 3639.84405403 3652.33341226 3674.9015408  3668.6594109
 3750.09273975 3824.10029376 3996.45963507 4022.15135865 4026.52170074
 4086.79793837 4100.36606472 4097.9562201 ]";2016-10-16 12:00:00;2017-01-08 12:00:00
313;13;catboost_normal;0.12217178137306332;50.0;0.12797931305963287;1575.1736055436493;0.1279786062302886;1175.1570409597284;[7184.0, 6942.0, 8951.0, 8003.0, 9373.0, 12796.0, 8446.0, 9143.0, 10043.0, 10906.0, 10046.0, 7857.0, 7721.0];"[7990.41842807 8342.52958273 8338.8200015  8784.22699647 8794.02884456
 8488.85146539 8757.98107231 9151.72543048 8563.67978211 8764.37000111
 8742.25420221 8576.05878587 8547.10553344]";2016-10-16 12:00:00;2017-01-08 12:00:00
314;13;catboost_normal;0.08359096528067397;41.666666666666664;0.08626310736900039;479.419392984946;0.08626219836274356;410.50177312424245;[5316.0, 5008.0, 5037.0, 5095.0, 5226.0, 3920.0, 4911.0, 5467.0, 4717.0, 4589.0, 4346.0, 4605.0, 4745.0];"[4636.39258514 4606.44183753 4613.59319361 4604.15881772 4580.51462954
 4583.41063016 4548.45680098 4559.5042873  4563.85427844 4512.7056228
 4534.593351   4499.39484751 4506.46402998]";2017-07-16 12:00:00;2017-10-08 12:00:00
349;13;catboost_normal;0.16806205986641795;75.0;0.1765027362885352;998.2629327087049;0.17650100861000972;912.9679121843221;[6407.0, 5330.0, 5444.0, 5744.0, 4513.0, 3424.0, 6361.0, 6498.0, 5367.0, 5326.0, 5042.0, 6151.0, 5677.0];"[5067.82929154 4561.44345913 4618.80757943 4746.58303035 4768.93262373
 4710.28980471 4698.58532702 5170.7357992  4855.37570094 4848.47677437
 4426.2188884  4969.03158993 5057.55212973]";2017-07-16 12:00:00;2017-10-08 12:00:00
321;13;catboost_normal;0.1787394941982795;50.0;0.2012957891565657;558.0035928367355;0.20129153711732667;478.7884329944897;[2626.0, 2370.0, 2401.0, 2830.0, 3284.0, 2103.0, 2352.0, 2865.0, 2483.0, 2381.0, 2317.0, 2530.0, 2515.0];"[2143.59568217 2090.44685698 2079.02845089 2076.85859949 2089.4191079
 2102.94802613 2037.7227351  2074.99683077 2022.31772222 2068.70729235
 2019.252009   2017.46735042 2009.98970765]";2017-07-16 12:00:00;2017-10-08 12:00:00
336;13;catboost_normal;0.19751388324710892;41.666666666666664;0.22651400737812538;490.6011971583087;0.22650768207516586;408.7386773147024;[1682.0, 2188.0, 1939.0, 2411.0, 2429.0, 1734.0, 1835.0, 2171.0, 1857.0, 1650.0, 1562.0, 2022.0, 1350.0];"[1600.3327224  1594.49682938 1583.27245798 1566.41670457 1537.91386721
 1541.05759133 1483.48531788 1488.10491623 1470.1968331  1472.66414982
 1472.07312878 1467.44702289 1461.06434668]";2017-07-16 12:00:00;2017-10-08 12:00:00
314;13;catboost_normal;0.267570207072928;25.0;0.22986124262547866;1232.7568373796869;0.22985880899602182;1087.7999840606851;[4063.0, 3560.0, 4207.0, 3808.0, 4163.0, 4081.0, 3980.0, 4255.0, 4005.0, 4344.0, 4055.0, 5383.0, 5533.0];"[5089.64848256 5862.97502276 5850.90698122 5363.94891813 4956.79434285
 5537.83731084 5712.57951939 5126.60269358 4668.51311779 4512.58950042
 4586.99218009 4546.9983361  4975.98994074]";2017-04-16 12:00:00;2017-07-09 12:00:00
336;13;catboost_normal;0.1782751435972789;33.333333333333336;0.16194358435187584;313.39439169544727;0.1619387244848668;271.21032362099925;[1726.0, 1434.0, 1588.0, 1571.0, 1578.0, 1433.0, 1465.0, 1515.0, 1423.0, 1531.0, 1385.0, 1610.0, 1645.0];"[1803.34980821 1811.56020884 1984.54318832 2126.9483607  2024.34780641
 1865.13111215 1762.76600111 1724.68856147 1654.92346373 1518.74511124
 1469.10960829 1426.45411207 1424.43468885]";2017-04-16 12:00:00;2017-07-09 12:00:00
321;13;catboost_normal;0.21348917085279734;58.333333333333336;0.1845356382425221;491.28445877458296;0.18453137982564477;400.7644806683672;[2349.0, 2089.0, 2086.0, 1993.0, 2066.0, 1878.0, 1688.0, 2146.0, 1628.0, 2054.0, 1734.0, 2425.0, 2345.0];"[2179.97941896 2055.30525027 2132.02029347 2199.88686203 2508.32571516
 2450.55716003 2727.73523922 2463.67860839 2462.05430657 2530.67833396
 2275.14316277 2133.57838773 2106.27837594]";2017-04-16 12:00:00;2017-07-09 12:00:00
336;13;catboost_normal;0.2482631744051481;50.0;0.214278481439398;471.50080116144244;0.21427257830680313;390.12902917958155;[2116.0, 1752.0, 1741.0, 1948.0, 1597.0, 1479.0, 1646.0, 1632.0, 1558.0, 1333.0, 1350.0, 1722.0, 1868.0];"[1665.52974451 1750.68393947 1682.56622393 1584.5781596  1567.63863377
 1908.47797414 1913.76252535 1914.76942094 2073.94561757 2165.58693002
 2245.84146793 2252.92628506 2281.3638596 ]";2017-01-15 12:00:00;2017-04-09 12:00:00
314;13;catboost_normal;0.5805489181242481;50.0;0.4275959705180744;2597.7007669980244;0.4275921488787123;2397.1397481422564;[4552.0, 5560.0, 5319.0, 5493.0, 4616.0, 4351.0, 4134.0, 3845.0, 4269.0, 4184.0, 3268.0, 3706.0, 4856.0];"[6470.08761384 6499.10369119 6138.19263741 6516.42527388 6933.40966008
 6564.36323627 7071.01441936 7856.72634712 7072.3078286  6678.06784959
 7129.37795021 7119.80521746 7266.93500084]";2017-01-15 12:00:00;2017-04-09 12:00:00
349;13;catboost_normal;0.13019092421213754;50.0;0.14264231358079013;875.2908669650197;0.14264084102004346;694.9103138493879;[4606.0, 3947.0, 5494.0, 5013.0, 5338.0, 4363.0, 4663.0, 5505.0, 4590.0, 5098.0, 4617.0, 6054.0, 6091.0];"[4627.35890124 4496.61747183 4492.13671639 5027.85265755 4534.64540159
 4339.74163899 4121.85958192 4419.43725447 4224.04648791 3978.39933053
 4283.85655763 4474.06343145 4496.80854971]";2017-04-16 12:00:00;2017-07-09 12:00:00
321;13;catboost_normal;0.43463788828889893;58.333333333333336;0.3412643205372271;973.4960184409845;0.3412577529277691;892.8958583755199;[2907.0, 2479.0, 2487.0, 2625.0, 2332.0, 1907.0, 2376.0, 2322.0, 1718.0, 1984.0, 1628.0, 1950.0, 2414.0];"[2921.89013682 3149.65856043 3404.3410487  3059.68215554 2843.60392344
 3163.18343341 3492.86336024 3175.99225637 3039.83506805 2902.38623759
 2998.55175586 3270.54796082 3314.11026162]";2017-01-15 12:00:00;2017-04-09 12:00:00
336;13;catboost_normal;0.12152191518600938;41.666666666666664;0.11270763920575579;283.94630783544466;0.11270477621541289;224.71144684763462;[1519.0, 1464.0, 2083.0, 1848.0, 1908.0, 2343.0, 2062.0, 2065.0, 2006.0, 2261.0, 2032.0, 1832.0, 1538.0];"[1532.92449047 2039.77680218 2032.07923102 2077.12909289 2327.69791567
 2436.48704562 2489.14872962 2388.47933228 2046.29028275 1996.18741239
 1747.12333647 1825.06379333 1728.76889076]";2016-10-16 12:00:00;2017-01-08 12:00:00
314;13;catboost_normal;0.1879583341181107;41.666666666666664;0.21098171647359143;1679.635186351939;0.21097990461925123;1251.7459771808278;[4328.0, 3883.0, 5678.0, 4816.0, 5931.0, 7497.0, 5391.0, 5817.0, 7389.0, 7939.0, 8555.0, 4986.0, 4831.0];"[4990.98718289 5036.94954573 4969.66479294 5002.01965416 5019.08971823
 5006.83276282 4997.32014071 5058.20134429 5017.111696   5070.53863677
 4988.1260701  5022.32759614 4994.29888629]";2016-10-16 12:00:00;2017-01-08 12:00:00
349;13;catboost_normal;0.24150938130695623;75.0;0.2081133349018841;1303.0523698779932;0.2081113294254555;1096.3428408530838;[5337.0, 4420.0, 4208.0, 5206.0, 3776.0, 3582.0, 4159.0, 4758.0, 5150.0, 5402.0, 4180.0, 5416.0, 6709.0];"[6770.4230986  6433.61310138 6683.59293109 5619.82265434 5160.24592131
 4388.37198752 4582.19421653 4586.35327366 5807.66383044 6544.08328461
 6113.25654214 5185.36016053 5542.09720269]";2017-01-15 12:00:00;2017-04-09 12:00:00
321;13;catboost_normal;0.14335370983605042;33.333333333333336;0.15861568609437507;551.156040141216;0.15861287448147332;449.5215508837103;[2264.0, 2156.0, 2830.0, 2894.0, 3185.0, 3451.0, 3253.0, 2692.0, 2819.0, 3400.0, 3397.0, 2483.0, 3018.0];"[2327.04342079 2368.03062623 2608.78839304 2412.74334894 2568.73620493
 2550.52374788 2521.46437492 2605.18611767 2649.68532536 2498.48055171
 2506.61984349 2556.23464527 2521.30062287]";2016-10-16 12:00:00;2017-01-08 12:00:00
349;13;catboost_normal;0.2630325298291111;41.666666666666664;0.22686056192028084;1807.134853529442;0.22685871587700973;1424.3082102458802;[6043.0, 5209.0, 6957.0, 5597.0, 4629.0, 8918.0, 9378.0, 7935.0, 6406.0, 6073.0, 5842.0, 3932.0, 3932.0];"[6622.0150437  6376.88173332 6699.96949675 6915.46736713 6990.70394597
 6653.11916525 6321.57528578 7054.00733394 6743.1120877  6348.01941591
 5872.20381281 6848.7805517  7002.49405667]";2016-10-16 12:00:00;2017-01-08 12:00:00
337;13;catboost_normal;0.2604044490952724;75.0;0.3054297748247062;771.8778679668958;0.3054231204254843;704.1981112397372;[2838.0, 2690.0, 2470.0, 3041.0, 3116.0, 2190.0, 2571.0, 3022.0, 2481.0, 2196.0, 2106.0, 2391.0, 2614.0];"[1916.74352497 1909.58498475 1899.50838725 1904.96923161 1893.88338583
 1887.21524292 1891.86223931 1880.90418841 1878.21934585 1874.04455813
 1877.89570472 1877.89873435 1878.69502577]";2017-07-16 12:00:00;2017-10-08 12:00:00
322;13;catboost_normal;0.29205861584265025;50.0;0.34744024503146786;1753.3900833313114;0.3474365348306732;1633.8385976058578;[5324.0, 4761.0, 4912.0, 5730.0, 6273.0, 4394.0, 5408.0, 6709.0, 5429.0, 5251.0, 4661.0, 5976.0, 5605.0];"[3861.32746716 3792.25636431 3796.83680387 3823.82987424 3783.90905365
 3776.40661766 3779.967979   3768.51615407 3788.92509351 3748.88378659
 3774.04227174 3746.8662152  3751.33055012]";2017-07-16 12:00:00;2017-10-08 12:00:00
276;13;catboost_normal;0.08728997028488757;66.66666666666667;0.14524764748795047;799.2238652668283;0.1452436803335383;277.9402749464651;[3257.323, 3271.85, 3284.499, 3248.314, 3162.48, 3345.109, 3283.453, 3260.614, 3232.998, 3257.269, 3299.522, 3306.657, 3294.326];"[3199.33496851 3222.45404705 3233.2217315  3207.17317756  290.97550313
 3298.76556414 3313.56706542 3352.11156634 3342.09970926 3388.47227412
 3374.21285154 3349.18945656 3277.89235705]";2016-10-09 12:00:00;2017-01-01 12:00:00
290;13;catboost_normal;0.14108620288196025;50.0;0.1285546569955913;1269.6584032940673;0.12855389503326967;1084.9937364442735;[7931.0, 7981.7, 7898.8, 8095.8, 7630.4, 8375.1, 8041.0, 8141.3, 7431.5, 7448.9, 7899.0, 7716.7, 7367.0];"[8196.00749045 8543.34202347 8370.33507481 8371.8528338  8952.5488866
 8975.29201571 9263.74691351 8782.76779446 9929.01334656 9255.143224
 9340.36202913 8913.98800854 9168.71893275]";2017-07-23 12:00:00;2017-10-15 12:00:00
337;13;catboost_normal;0.18471040186240487;33.333333333333336;0.16353342441673757;408.4011488439709;0.1635293683320058;330.9714509157862;[1932.0, 1608.0, 1785.0, 1741.0, 1886.0, 1756.0, 1615.0, 1970.0, 1834.0, 2029.0, 1862.0, 2067.0, 2111.0];"[1696.50462217 1761.25049419 2028.60805957 1980.97675444 2042.27678901
 2283.43459003 2647.78463889 2182.0902034  2354.41338851 2307.47727576
 2249.23005858 2153.90768576 1882.31645404]";2017-04-16 12:00:00;2017-07-09 12:00:00
350;13;catboost_normal;0.19694960583334586;50.0;0.2116128513614674;397.01581011795116;0.21160613436946948;338.5810948594985;[2083.0, 1704.0, 1622.0, 1626.0, 1306.0, 1010.0, 1719.0, 2189.0, 1661.0, 1753.0, 1591.0, 2057.0, 1850.0];"[1452.71234986 1553.87575125 1632.37671021 1415.29549112 1456.83808861
 1450.60712633 1473.08901518 1587.45467371 1335.17742466 1354.70170443
 1500.85545346 1397.09623808 1363.00959022]";2017-07-16 12:00:00;2017-10-08 12:00:00
337;13;catboost_normal;0.37754200532441706;41.666666666666664;0.3012995676271944;753.7849004594003;0.3012928022323949;675.7857957540416;[2723.0, 2151.0, 2288.0, 2366.0, 2104.0, 1740.0, 2069.0, 2023.0, 1843.0, 1645.0, 1366.0, 1567.0, 2074.0];"[2751.2250237  2851.2205558  2694.87202661 2517.33748844 2842.43799453
 2734.04311897 2839.73680116 2814.27741782 2618.20343966 2462.08441338
 2652.2176262  2505.36442605 2461.19501249]";2017-01-15 12:00:00;2017-04-09 12:00:00
322;13;catboost_normal;0.17017025946981834;41.666666666666664;0.14697375746753266;804.8222534861253;0.1469719215853781;592.1003746151214;[4052.0, 3249.0, 4094.0, 3900.0, 3755.0, 3415.0, 3416.0, 3969.0, 3016.0, 3886.0, 3310.0, 4235.0, 4404.0];"[5198.46082511 4870.68301058 3907.64501044 3731.29963024 3934.41579991
 4320.62059633 3473.34284992 3810.51324236 3926.15453201 4476.54493583
 4834.59555935 4349.23748192 4537.70716207]";2017-04-16 12:00:00;2017-07-09 12:00:00
337;13;catboost_normal;0.1176679807974827;41.666666666666664;0.12392801808166055;447.71809471627455;0.12392559712094188;320.9171463124137;[2067.0, 2018.0, 2678.0, 2446.0, 2614.0, 3301.0, 2534.0, 2547.0, 2438.0, 3158.0, 3241.0, 2351.0, 2007.0];"[2327.72248576 2424.40438285 2381.48675814 2398.78465642 2516.16024683
 2411.08108265 2470.36765251 2578.36401793 2385.32065229 2345.91134067
 2425.13280283 2364.04001734 2391.63719052]";2016-10-16 12:00:00;2017-01-08 12:00:00
350;13;catboost_normal;0.24488792917863075;66.66666666666667;0.20714451805800008;398.3326230102241;0.20713799287378887;329.40417585195877;[1386.0, 1192.0, 1446.0, 1594.0, 1451.0, 1268.0, 1288.0, 1446.0, 1360.0, 1431.0, 1417.0, 1681.0, 1846.0];"[1636.08265305 2122.16445858 1570.33021692 1616.41521587 1879.47101461
 1723.26672572 1753.59292395 1758.58465858 1754.52740761 1787.72719167
 1742.29195149 1599.28781466 1710.9123173 ]";2017-04-16 12:00:00;2017-07-09 12:00:00
276;13;catboost_normal;0.017874752250711997;75.0;0.017618003995743082;74.10857455976074;0.017617735143325507;57.72918985887121;[3286.934, 3325.545, 3274.82, 3260.977, 3315.65, 3331.908, 3356.543, 3288.288, 3221.61, 3278.472, 3239.343, 3208.695, 3151.257];"[3313.94368606 3335.32715054 3326.15436342 3326.32746951 3327.87114185
 3328.00759091 3326.73588462 3325.75999293 3323.85724865 3323.16994524
 3322.25490975 3322.05139188 3321.64564385]";2016-07-10 12:00:00;2016-10-02 12:00:00
322;13;catboost_normal;0.7705969253332327;50.0;0.5192089743627206;2696.211066437879;0.5192036114645251;2544.383923675349;[2990.0, 4119.0, 5432.0, 5420.0, 4799.0, 4165.0, 3354.0, 2074.0, 3726.0, 3184.0, 2794.0, 3514.0, 4542.0];"[6259.85716888 6691.39125096 6387.86059297 7035.01972723 6045.12749977
 6506.07418668 6077.89529921 5838.78611141 6309.10777357 6633.43730602
 6733.34059029 6211.13099538 6460.9625054 ]";2017-01-15 12:00:00;2017-04-09 12:00:00
350;13;catboost_normal;0.310171328426272;41.666666666666664;0.25086236855293503;566.2659537288853;0.2508557344698757;477.37313744129847;[2364.0, 1935.0, 1971.0, 2105.0, 1701.0, 1853.0, 1971.0, 1792.0, 1520.0, 1499.0, 1184.0, 1365.0, 1688.0];"[2225.44728516 2182.38779629 2158.8505991  2045.07477949 2271.038941
 2147.47581499 2105.64942608 2272.59548092 2392.07425629 2226.98819324
 2128.7563413  2201.99865424 2398.55734793]";2017-01-15 12:00:00;2017-04-09 12:00:00
338;13;catboost_normal;0.14908142207103997;66.66666666666667;0.15714435583943767;663.5125564231416;0.1571420660382969;544.4059452099117;[4385.0, 3907.0, 3606.0, 3890.0, 3564.0, 2431.0, 3703.0, 4398.0, 3699.0, 3437.0, 3386.0, 4085.0, 3801.0];"[3648.95115483 3616.81862392 3647.88851386 3699.57774158 3545.81993153
 3364.02469037 3149.74077417 3210.7521133  3332.05204092 3053.99362074
 3030.90493221 2971.2996403  2892.72534301]";2017-07-16 12:00:00;2017-10-08 12:00:00
322;13;catboost_normal;0.12977897336617839;33.333333333333336;0.1282817445685553;1116.4307141688714;0.1282806285810829;749.5958085693134;[4632.0, 4164.0, 5495.0, 5572.0, 6183.0, 8552.0, 5822.0, 5446.0, 5598.0, 6045.0, 6559.0, 4822.0, 4921.0];"[4868.53942574 6061.95755725 5934.19293064 5047.5316486  6011.7673177
 5564.54013014 5991.74901941 5429.75541763 5600.73446708 5362.4186516
 5515.04321406 5996.65062718 5318.97786384]";2016-10-16 12:00:00;2017-01-08 12:00:00
350;13;catboost_normal;0.1607532242031277;58.333333333333336;0.15894018987630362;401.82715260097217;0.1589364332706305;339.83304084414755;[1904.0, 1448.0, 2202.0, 1938.0, 2242.0, 2675.0, 2361.0, 1918.0, 1923.0, 2537.0, 2729.0, 1869.0, 1869.0];"[2253.47764487 2093.19221692 2408.00265875 2028.06177058 1909.3303071
 1992.69180562 2121.84197039 2256.24256327 2260.38546794 1996.86453674
 2133.35311077 1836.33718341 1897.88612266]";2016-10-16 12:00:00;2017-01-08 12:00:00
338;13;catboost_normal;0.15216281104672422;33.333333333333336;0.140036521631241;570.3847526396033;0.14003455562153072;500.8752552319618;[3179.0, 2892.0, 3370.0, 3356.0, 3295.0, 3197.0, 3141.0, 3423.0, 3195.0, 3469.0, 3058.0, 3623.0, 4513.0];"[3467.41613176 3828.59619167 3540.47532399 3519.77490786 3746.4603764
 3814.2460945  3813.23594974 3446.04712989 3792.70358679 3821.4910451
 3932.37030282 4294.54745655 3820.98617905]";2017-04-16 12:00:00;2017-07-09 12:00:00
351;13;catboost_normal;0.1977697731751437;50.0;0.23223575820669448;344.2646249614322;0.23222606627169906;279.2308607996427;[1339.0, 1395.0, 1331.0, 1324.0, 1354.0, 1381.0, 1389.0, 1369.0, 1402.0, 1369.0, 1302.0, 1619.0, 1412.0];"[1377.60445784 1311.9227142  1266.71342674 1229.98059822 1245.71444663
 1236.35362706 1149.95284258  995.70236944  908.23483813  858.33617121
  935.10471074  937.41229876  980.17522373]";2017-07-16 12:00:00;2017-10-08 12:00:00
338;13;catboost_normal;0.4051149276039689;33.333333333333336;0.3083914585397443;1565.9302192420137;0.3083877974293411;1303.4522628733225;[4801.0, 3998.0, 4042.0, 4166.0, 3703.0, 3397.0, 3854.0, 3562.0, 3278.0, 3298.0, 2446.0, 2915.0, 3922.0];"[4745.58925903 5368.89452276 3994.39464206 4097.63333788 5298.5645006
 5426.62026766 5236.13088287 4607.8974151  4764.45457455 5198.02303498
 5310.4323734  5328.57711924 4606.90196517]";2017-01-15 12:00:00;2017-04-09 12:00:00
323;13;catboost_normal;0.22286996889341573;75.0;0.25729618208483507;774.055921870592;0.2572913573425339;689.1417918713386;[3057.0, 2539.0, 2419.0, 2741.0, 2917.0, 2209.0, 2798.0, 3546.0, 3183.0, 3140.0, 2856.0, 3481.0, 3241.0];"[2378.57249642 2106.22446852 2197.61638898 2361.2190664  2273.23543966
 2226.97391816 2161.88813251 2295.66194007 2294.51639677 2205.13281924
 2186.01048809 2272.67329151 2244.37969566]";2017-07-16 12:00:00;2017-10-08 12:00:00
338;13;catboost_normal;0.1729753965490575;50.0;0.19452215653637328;1086.3611345435293;0.1945200061218275;885.7227965245503;[3751.0, 3478.0, 4692.0, 4367.0, 4953.0, 5796.0, 4578.0, 4815.0, 5249.0, 6106.0, 5441.0, 4122.0, 4161.0];"[3785.31554524 3978.77335948 4113.9440551  3865.13998118 3867.17752032
 3836.04500991 4059.26674052 3979.56897322 4013.5418861  3978.44776045
 3946.41241911 3911.31389191 3729.83431207]";2016-10-16 12:00:00;2017-01-08 12:00:00
323;13;catboost_normal;0.10909490759751103;58.333333333333336;0.10332857662059983;279.60512144988934;0.10332623064465193;228.42005192506488;[1955.0, 2034.0, 2418.0, 2290.0, 2593.0, 2173.0, 2015.0, 2351.0, 1787.0, 2245.0, 1926.0, 2249.0, 2625.0];"[2261.46883364 2372.47113179 2283.03991299 2266.69628754 2263.51601181
 2279.08149518 2310.10414767 2357.90132119 2326.69813846 2371.64546971
 2313.17045078 2271.44054188 2272.26864293]";2017-04-16 12:00:00;2017-07-09 12:00:00
351;13;catboost_normal;0.08958588347005246;83.33333333333333;0.09710168257819486;142.67750811433228;0.09709717165502892;104.78611808262198;[979.0, 1022.0, 1020.0, 980.0, 1001.0, 1022.0, 1030.0, 1026.0, 1086.0, 1149.0, 1225.0, 1247.0, 1292.0];"[967.34781509 973.47092893 971.78522074 969.62874499 968.29157253
 971.64744013 977.92399202 982.05509778 982.7893458  985.15998869
 986.79383152 988.95883168 990.92765501]";2017-04-16 12:00:00;2017-07-09 12:00:00
276;13;catboost_normal;0.015769820927919724;50.0;0.015953515752824998;67.99029959163957;0.0159532701559633;51.829161324543016;[3399.978, 3293.758, 3327.523, 3322.451, 3269.217, 3301.401, 3280.568, 3297.178, 3236.403, 3209.736, 3250.226, 3273.005, 3299.023];"[3350.35164877 3362.61678225 3324.64760035 3291.43027909 3249.76241805
 3283.80320856 3288.2679023  3247.7168977  3211.65934752 3155.89846317
 3179.77729055 3161.92243306 3131.95100051]";2016-04-10 12:00:00;2016-07-03 12:00:00
339;13;catboost_normal;0.2038960486812827;50.0;0.23053011251766925;1593.5723232031564;0.23052830010961042;1469.090268542708;[7431.0, 6881.0, 7184.0, 7855.0, 7520.0, 6190.0, 7526.0, 7912.0, 7010.0, 6089.0, 6089.0, 6444.0, 6709.0];"[5531.72642625 5521.26478061 5525.49772305 5535.07916964 5571.03659514
 5540.69232327 5495.19693796 5506.26077479 5520.99949735 5509.1014075
 5504.03842313 5495.87661958 5485.05583067]";2017-07-16 12:00:00;2017-10-08 12:00:00
351;13;catboost_normal;0.15679395817732264;41.666666666666664;0.14086326499264304;184.59732401006775;0.1408568411096171;154.57276150390456;[1045.0, 980.0, 1118.0, 1125.0, 1084.0, 1064.0, 1039.0, 968.0, 952.0, 987.0, 971.0, 951.0, 964.0];"[1070.28201256 1145.26380612 1224.50316176 1186.33200404 1100.24028647
 1129.71796671 1130.98461647 1086.16942981 1181.59623506 1266.97385468
 1240.72930264 1263.9998055  1230.65341774]";2017-01-15 12:00:00;2017-04-09 12:00:00
351;13;catboost_normal;0.2093511609197622;50.0;0.23690239639785216;273.0966841616638;0.23689130707468192;253.62186596425195;[1029.0, 1049.0, 1133.0, 1174.0, 1226.0, 1297.0, 1319.0, 1381.0, 1228.0, 1140.0, 1146.0, 1123.0, 1089.0];"[932.66590636 915.28832993 920.07559884 921.49146926 925.15029351
 927.06035085 925.12603561 926.65875569 930.01379197 934.17640577
 928.09255924 924.99287778 926.12336766]";2016-10-16 12:00:00;2017-01-08 12:00:00
323;13;catboost_normal;0.24772002270463675;41.666666666666664;0.2162614495072095;590.1278213845113;0.21625718764673374;550.0152424611516;[2395.0, 2313.0, 2371.0, 2794.0, 2182.0, 2009.0, 2201.0, 2520.0, 2504.0, 2254.0, 2157.0, 2285.0, 1960.0];"[2826.77554459 3055.13542581 2901.39991399 2713.09384969 2700.59839636
 2926.11839851 2788.40954919 2896.57124757 2878.07439667 3074.23042513
 2815.84077745 2699.50005326 2657.63787315]";2017-01-15 12:00:00;2017-04-09 12:00:00
339;13;catboost_normal;0.2169734556008582;50.0;0.1937138079161474;1348.326774726337;0.19371218224165704;1158.7270769909774;[5286.0, 5142.0, 5535.0, 5609.0, 4998.0, 5109.0, 4611.0, 5402.0, 5407.0, 5541.0, 5204.0, 5498.0, 6991.0];"[5605.16206535 7070.06286736 7941.13564769 6256.89948118 6637.58860839
 6892.91302714 6250.70179487 6263.9944956  6322.09870281 6074.91720706
 5874.74582951 5564.09378938 5339.86151546]";2017-04-16 12:00:00;2017-07-09 12:00:00
323;13;catboost_normal;0.1480176117798869;33.333333333333336;0.15360583971168942;573.4626744014928;0.15360292757456273;410.26489589392526;[2291.0, 2036.0, 2973.0, 2797.0, 2673.0, 3267.0, 2674.0, 2301.0, 2558.0, 3498.0, 3482.0, 2603.0, 1841.0];"[2267.61182125 2329.3658772  2800.66641427 2540.78328063 2552.11769445
 2276.99868217 2781.44347058 2564.3653076  2696.13310927 2316.355865
 2526.2374703  2602.00200346 2670.90911351]";2016-10-16 12:00:00;2017-01-08 12:00:00
352;13;catboost_normal;0.16357477459227324;41.666666666666664;0.16801040359007902;314.09194680417977;0.16800477315198684;255.4101044526597;[2197.0, 1711.0, 1661.0, 1535.0, 1444.0, 953.0, 1526.0, 1840.0, 1722.0, 1540.0, 1534.0, 1671.0, 1661.0];"[1580.08833005 1653.84055816 1601.86289625 1646.67993926 1520.23706286
 1446.83066184 1440.8071003  1406.41679805 1391.06934462 1414.27606311
 1350.4527057  1288.23336482 1297.369145  ]";2017-07-16 12:00:00;2017-10-08 12:00:00
339;13;catboost_normal;0.2749024959254212;50.0;0.22854708094554288;1634.3667050497077;0.22854518405764607;1387.5177870252114;[8214.0, 5960.0, 5612.0, 6562.0, 6050.0, 5128.0, 5530.0, 5356.0, 4955.0, 4948.0, 3691.0, 4953.0, 6664.0];"[6576.22112857 7856.46772533 6536.01867067 7027.13560051 6602.21986065
 6657.52902635 6705.83566709 6135.03508599 6267.27388047 6439.2789273
 7500.45071043 6974.89956599 7106.80763912]";2017-01-15 12:00:00;2017-04-09 12:00:00
324;13;catboost_normal;0.09053310141654929;58.333333333333336;0.08690893888861764;321.50269967403847;0.08690767246454877;298.43584970767944;[3215.0, 3336.0, 3183.0, 3166.0, 3238.0, 3301.0, 3322.0, 3274.0, 3354.0, 3273.0, 3112.0, 3872.0, 3377.0];"[3509.98703874 3509.57849351 3758.4225333  3552.89250513 3525.11002758
 3596.69687899 3541.4774844  3616.0491795  3634.80794374 3498.88738148
 3435.14985522 3456.06092247 3435.66764707]";2017-07-16 12:00:00;2017-10-08 12:00:00
339;13;catboost_normal;0.12172748104721415;58.333333333333336;0.1225760397276631;1014.605531532105;0.12257511319587831;819.6702817408438;[5286.0, 5149.0, 7124.0, 5895.0, 7040.0, 8976.0, 6438.0, 7040.0, 7107.0, 7284.0, 7852.0, 6255.0, 5887.0];"[6464.63016253 6443.92558263 6892.29749026 6794.55215188 6767.89097824
 6662.01794278 6551.20482408 6336.12843914 6253.96662856 6305.73918018
 6595.4035555  6315.35405453 6386.49110164]";2016-10-16 12:00:00;2017-01-08 12:00:00
324;13;catboost_normal;0.12603608691700535;41.666666666666664;0.13556971396346176;552.2505599872752;0.13556768914875078;456.0643263010689;[3559.0, 2717.0, 3119.0, 3621.0, 3429.0, 3035.0, 3379.0, 3718.0, 3066.0, 3793.0, 3409.0, 4371.0, 3699.0];"[3171.31544206 3040.26940921 2849.49485597 3007.90159124 3086.09976253
 3255.3266382  3309.20502957 3199.23642625 3290.27684402 3206.69890321
 2936.4351008  2974.57385395 3195.07568393]";2017-04-16 12:00:00;2017-07-09 12:00:00
276;13;catboost_normal;0.028320001553196753;41.666666666666664;0.028613602842412624;112.53752422692793;0.028613156841293008;91.82693271168476;[3071.698, 3124.748, 3071.285, 3092.602, 3057.326, 3226.357, 3167.172, 3162.452, 3197.283, 3298.002, 3353.714, 3363.838, 3381.407];"[3144.39778752 3155.098169   3165.12335429 3175.5397941  3180.98021856
 3183.21534998 3180.68512314 3182.43256471 3177.39813539 3177.96502387
 3176.50246582 3175.64123754 3173.10267345]";2016-01-10 12:00:00;2016-04-03 12:00:00
290;13;catboost_normal;0.19605529083832574;33.333333333333336;0.22496361922083274;2050.7319994920967;0.2249621973288701;1781.3860070729374;[8559.6, 8845.3, 8686.6, 8444.4, 8557.2, 8907.7, 9221.3, 9166.1, 9402.7, 9329.3, 9762.5, 8651.0, 8320.0];"[8094.90249058 7978.36589078 8133.43312327 7915.64977659 7511.03254641
 7460.72138448 7040.00725847 6498.71136072 6371.90934251 6303.97218435
 6318.51450632 6351.17524693 6717.28679665]";2017-04-23 12:00:00;2017-07-16 12:00:00
340;13;catboost_normal;0.13580650853635118;75.0;0.15052750919548627;946.8382322294044;0.15052603893327476;774.6639495325757;[5896.0, 5259.0, 5643.0, 6241.0, 6242.0, 4539.0, 5038.0, 6269.0, 5306.0, 4688.0, 4423.0, 5340.0, 5205.0];"[4880.21199053 4821.85700019 5169.27509601 5247.33889025 4520.9214337
 4520.38939889 4747.00799209 4559.38610087 4530.5945898  4498.84860888
 4250.41176509 4195.61236508 4076.51342469]";2017-07-16 12:00:00;2017-10-08 12:00:00
352;13;catboost_normal;0.12743179671417534;58.333333333333336;0.1247651408907752;242.57425732502023;0.12476098979442471;189.0170227678183;[1374.0, 1254.0, 1304.0, 1483.0, 1360.0, 1254.0, 1365.0, 1541.0, 1333.0, 1663.0, 1498.0, 1494.0, 2075.0];"[1532.54232858 1485.89832849 1471.51656236 1566.90185031 1588.84612171
 1527.50323725 1612.35759414 1528.68729591 1548.71886723 1526.80308153
 1486.91396506 1430.72626916 1447.93298243]";2017-04-16 12:00:00;2017-07-09 12:00:00
324;13;catboost_normal;0.5942734846607236;58.333333333333336;0.4496543451729464;1765.8341786890212;0.44964847603555086;1727.310752784735;[3203.0, 3391.0, 2617.0, 2427.0, 3330.0, 2870.0, 3193.0, 2576.0, 3220.0, 2977.0, 2613.0, 3128.0, 3818.0];"[4738.28964793 4818.60504495 4646.49391273 4663.84923701 4917.38739921
 4946.96378243 4813.67219618 4674.25996001 4733.9924058  4812.38289322
 4716.36062805 4651.0631884  4684.71949029]";2017-01-15 12:00:00;2017-04-09 12:00:00
340;13;catboost_normal;0.21265253471510182;41.666666666666664;0.18784283667597576;1009.5493854221135;0.18784082333257654;880.6834853288291;[4288.0, 3617.0, 4237.0, 4166.0, 4199.0, 3989.0, 3925.0, 4535.0, 3805.0, 4313.0, 4089.0, 4403.0, 5959.0];"[4577.39924392 4388.05299598 4551.13917962 4698.05767476 5143.13480602
 5457.32736195 4751.94000181 5098.7680599  5998.37965385 4913.30732008
 5297.85717725 5268.69215904 5088.17032491]";2017-04-16 12:00:00;2017-07-09 12:00:00
352;13;catboost_normal;0.23034181319330865;50.0;0.19821992948468675;372.5701425176516;0.19821388286093844;325.8064367385906;[1884.0, 1705.0, 1556.0, 1749.0, 1500.0, 1389.0, 1634.0, 1609.0, 1343.0, 1388.0, 1148.0, 1466.0, 1633.0];"[1816.59405763 1858.45016009 1834.80078134 1808.6315145  1847.20828766
 1841.57471531 1879.21936905 1870.03905163 1864.74049536 1851.53982239
 1865.02410456 1892.83767109 1874.01176225]";2017-01-15 12:00:00;2017-04-09 12:00:00
324;13;catboost_normal;0.15186443051391826;50.0;0.13664205170591412;798.4515864056082;0.13664044055983826;589.9689699779415;[4313.0, 3991.0, 5316.0, 4526.0, 4416.0, 4286.0, 4571.0, 4141.0, 4676.0, 5942.0, 5131.0, 3481.0, 2683.0];"[4562.09117834 4649.2241962  4646.49282324 4612.28756425 4528.62767907
 4593.04158406 4650.36839056 4581.35720149 4544.13642898 4520.74446087
 4583.78219964 4582.25141596 4548.5033125 ]";2016-10-16 12:00:00;2017-01-08 12:00:00
340;13;catboost_normal;0.4457800493886796;58.333333333333336;0.3425347261369588;2054.9381750916996;0.34253152871416503;1842.7564736268819;[5304.0, 5113.0, 4812.0, 5585.0, 4946.0, 4037.0, 4956.0, 4852.0, 4039.0, 3782.0, 3118.0, 3885.0, 4848.0];"[5649.08365313 6995.72079358 5934.26531547 6151.92709973 6121.26576845
 6317.12482961 6799.64011988 6371.58250061 6474.6857348  5883.05123937
 7064.79169076 6585.5895242  6884.10588755]";2017-01-15 12:00:00;2017-04-09 12:00:00
352;13;catboost_normal;0.09266938453706554;75.0;0.09360995326382672;217.26215557613938;0.09360736647861324;170.37604378919366;[1625.0, 1454.0, 1937.0, 2022.0, 1957.0, 2285.0, 1807.0, 1937.0, 1855.0, 1800.0, 1805.0, 1699.0, 1580.0];"[1776.58629248 1809.35297274 1772.71449428 1784.25636604 1770.88263186
 1765.16860789 1762.63109865 1774.17864227 1772.36115574 1770.80944852
 1777.58867976 1766.80706419 1765.73336487]";2016-10-16 12:00:00;2017-01-08 12:00:00
277;13;catboost_normal;0.09165980029988972;66.66666666666667;0.08675778688397674;125.2377597642354;0.08675446637198082;113.40967616863375;[1261.984, 1332.9, 1226.2, 1267.01, 1266.63, 1153.61, 1217.88, 1256.22, 1260.13, 1249.54, 1214.15, 1271.59, 1333.46];"[1315.06681844 1332.06643396 1342.0632102  1345.74043534 1344.33162898
 1346.63205558 1357.58382723 1357.75476058 1373.54569676 1391.78774921
 1417.71291807 1425.1979966  1434.47912717]";2016-10-09 12:00:00;2017-01-01 12:00:00
340;13;catboost_normal;0.11617125654220972;33.333333333333336;0.12384819777424282;934.8745097388876;0.12384706901584937;689.9230632596843;[4191.0, 3978.0, 5698.0, 4975.0, 5370.0, 6815.0, 5545.0, 5563.0, 6183.0, 6702.0, 7225.0, 5010.0, 4601.0];"[4570.28966323 4671.76252851 4898.13323887 5094.17890171 5152.34476396
 5122.29401804 5554.80087592 5829.91273399 5471.29575777 5381.05511738
 5097.49615379 4942.96876844 5163.64293726]";2016-10-16 12:00:00;2017-01-08 12:00:00
325;13;catboost_normal;0.15282169921692307;58.333333333333336;0.1694684958951645;738.4134994544664;0.16946612902293776;610.0735357352148;[3852.0, 3618.0, 3667.0, 4098.0, 3958.0, 2932.0, 3769.0, 4767.0, 4198.0, 3692.0, 3344.0, 4281.0, 2884.0];"[3421.28780931 3149.11087403 3131.09049359 3753.15946329 3617.00303982
 3171.49709348 3179.52931956 3132.61005995 3182.45810795 3072.66468693
 3046.91401491 3034.77622354 3052.06296396]";2017-07-16 12:00:00;2017-10-08 12:00:00
325;13;catboost_normal;0.22156537559191009;41.666666666666664;0.1946068442733257;714.9629016400735;0.19460385091646748;634.6224411755788;[3612.0, 2498.0, 3164.0, 2926.0, 2990.0, 2669.0, 2655.0, 3173.0, 2687.0, 3191.0, 2816.0, 3220.0, 3879.0];"[3366.52360522 3680.69905354 3625.34601503 3388.48417921 3456.65010638
 3221.50019979 3561.82731873 3878.02538054 4058.51590494 3635.31739547
 3562.32339467 3443.77854992 3397.85215771]";2017-04-16 12:00:00;2017-07-09 12:00:00
290;13;catboost_normal;0.08297951718459906;58.333333333333336;0.08641475066613317;789.6590144313542;0.08641417913228633;655.8183176420023;[6719.2, 7136.2, 7319.4, 7144.4, 6272.2, 6972.4, 7947.3, 8079.6, 7947.8, 8790.8, 8395.0, 8558.8, 8364.4];"[7082.24384696 6992.98720341 7208.6795478  7174.01479815 7121.26360219
 7195.39712818 7053.23232251 7044.94753999 7005.84168496 7237.34289949
 7381.10582534 7742.34552148 7811.89870115]";2017-01-22 12:00:00;2017-04-16 12:00:00
341;13;catboost_normal;0.12635628624536668;33.333333333333336;0.13680079624559535;216.57419303522622;0.13679546580665147;176.88500204553992;[1717.1, 1304.4, 1335.5, 1379.2, 1276.9, 1007.2, 1323.0, 1575.6, 1307.0, 1264.5, 1118.6, 1349.1, 1323.0];"[1266.92796167 1290.38650626 1223.92513323 1204.99036368 1149.19606953
 1125.7037768  1125.33268734 1134.24017661 1153.70610884 1174.81056783
 1182.29159024 1157.29256774 1157.18219773]";2017-07-16 12:00:00;2017-10-08 12:00:00
353;13;catboost_normal;0.19442563827891812;58.333333333333336;0.19985299287198316;767.0604520884264;0.19984980024833943;638.4743863255352;[3513.0, 3203.0, 2907.0, 3031.0, 2335.0, 1945.0, 3178.0, 4175.0, 3651.0, 3512.0, 3573.0, 4511.0, 3884.0];"[2979.99098901 2923.59624923 2986.86338385 3012.31854298 2980.40691785
 2977.28630533 2919.99901121 2964.05994144 2984.9494705  2967.01229017
 2966.19278795 2969.65341517 3000.61688713]";2017-07-16 12:00:00;2017-10-08 12:00:00
325;13;catboost_normal;0.5532881321183308;33.333333333333336;0.4126913168087556;1699.1424114819301;0.41268593244824125;1588.038702874158;[2754.0, 3547.0, 3827.0, 4475.0, 3366.0, 2949.0, 3486.0, 3247.0, 2732.0, 2648.0, 2157.0, 2604.0, 3562.0];"[4794.93389964 4834.45426974 4780.20322595 4726.79882048 4766.07736327
 4815.95139079 4782.67326924 4691.00708101 4724.70245431 4806.51381391
 4789.64351158 4740.41138643 4745.13265103]";2017-01-15 12:00:00;2017-04-09 12:00:00
325;13;catboost_normal;0.14540950741607725;33.333333333333336;0.15179939356501856;840.5316378101113;0.1517975809993985;643.1448209149769;[3528.0, 3463.0, 4179.0, 4193.0, 4342.0, 5191.0, 4389.0, 4111.0, 4072.0, 5535.0, 5486.0, 3664.0, 3028.0];"[3840.91513231 3988.07643352 4367.17961749 4266.14981297 4035.40310826
 3799.19686238 3945.50168553 3858.34453128 3831.38538276 3884.30481516
 3910.1313537  4022.90539813 4068.92401654]";2016-10-16 12:00:00;2017-01-08 12:00:00
341;13;catboost_normal;0.20584605501502087;75.0;0.18153313798702542;242.41365439894494;0.18152544968721204;214.73759173229774;[1198.9, 1154.5, 983.2, 1114.4, 970.3, 1036.7, 957.5, 994.2, 1047.5, 1178.1, 1084.9, 1397.4, 1328.7];"[1360.5107204  1297.79943067 1227.18566975 1341.47535928 1310.98326217
 1385.56021666 1381.25727955 1273.22381086 1301.70002602 1241.59959152
 1268.00221825 1310.45818166 1293.15071094]";2017-04-16 12:00:00;2017-07-09 12:00:00
353;13;catboost_normal;0.16940270429582965;50.0;0.14958616297043298;558.076172182314;0.14958371451664454;458.00052196396916;[2782.0, 2284.0, 2755.0, 3197.0, 2932.0, 2961.0, 2635.0, 3210.0, 2867.0, 3248.0, 2656.0, 3104.0, 3580.0];"[3378.80660007 3353.27972678 3488.94804205 3373.0687383  3262.05011033
 3413.6091204  3604.31886201 3169.06879948 3338.15505552 3158.14906145
 3271.60801459 3434.99065898 3502.61028255]";2017-04-16 12:00:00;2017-07-09 12:00:00
326;13;catboost_normal;0.17821615640770969;66.66666666666667;0.1982842717526969;2116.361528766711;0.1982831668125768;1791.4656914912553;[9791.0, 8592.0, 8763.0, 9250.0, 7963.0, 6586.0, 9213.0, 11666.0, 10414.0, 9639.0, 9268.0, 11945.0, 10586.0];"[8080.92180315 7915.25995077 7950.23224972 7976.5806013  7874.26834673
 7849.61126357 7912.63121342 7932.39041531 7963.73623736 7833.78883273
 7916.90543535 7840.1957489  7867.64643946]";2017-07-16 12:00:00;2017-10-08 12:00:00
341;13;catboost_normal;0.6659254743374206;41.666666666666664;0.4769377653925296;752.615139882764;0.4769218215851824;716.6840398739251;[1253.8, 1424.4, 1374.0, 1334.6, 1248.1, 1143.0, 1137.2, 996.7, 1132.7, 1036.1, 737.1, 1002.8, 1398.4];"[1719.57230236 1758.24242143 1934.4843866  1935.41190753 1877.36328537
 1990.52784274 1858.46169254 2032.13366461 1980.58050611 1803.57487282
 1883.15873465 1913.35625696 1848.92464465]";2017-01-15 12:00:00;2017-04-09 12:00:00
341;13;catboost_normal;0.16740226491703242;41.666666666666664;0.18822813932149593;393.0997410722763;0.18822218269550778;300.47904136484556;[1228.9, 1196.3, 1566.0, 1431.5, 1544.0, 1717.9, 1514.3, 1858.3, 2194.2, 1937.8, 2070.5, 1362.6, 1286.7];"[1363.39263286 1375.46558235 1376.44889936 1382.9163861  1390.62340533
 1368.06927875 1363.53280489 1365.81846502 1364.71736639 1369.99272991
 1370.7368495  1379.74981209 1380.4756957 ]";2016-10-16 12:00:00;2017-01-08 12:00:00
353;13;catboost_normal;0.30230104211329006;50.0;0.2513978571939964;1031.6067036571528;0.25139438778494233;913.1276584753098;[3265.0, 3312.0, 3243.0, 3773.0, 3057.0, 2898.0, 3771.0, 3773.0, 3039.0, 2938.0, 2492.0, 2962.0, 3960.0];"[3912.1851846  4125.28600775 4093.71576274 4002.72676106 4208.40432535
 4338.11331723 4192.7884512  4340.90542585 4440.64543398 4411.19627452
 4131.2225994  4076.21599978 4080.25401673]";2017-01-15 12:00:00;2017-04-09 12:00:00
290;13;catboost_normal;0.07542126545481447;41.666666666666664;0.07889124803462497;690.94765783543;0.07889070004996344;568.8089069597872;[6367.4, 6553.2, 7297.9, 6719.1, 6521.5, 7103.9, 7491.2, 7586.5, 7731.3, 8103.7, 8120.2, 7746.4, 7037.8];"[6716.12131896 6826.64563988 6805.04675022 6770.89116749 6980.30242242
 7037.24033546 7030.10765545 7010.51390392 6923.69118006 6829.09720935
 6825.92556121 6768.36830702 6727.15385559]";2016-10-23 12:00:00;2017-01-15 12:00:00
277;13;catboost_normal;0.05348594394626384;66.66666666666667;0.0550493928170103;84.42167880559992;0.05504735949854901;74.76417795479053;[1538.07, 1477.872, 1373.365, 1384.159, 1403.246, 1463.896, 1423.392, 1417.098, 1353.782, 1383.542, 1332.766, 1334.185, 1319.341];"[1464.19587127 1374.07311274 1372.88041704 1454.57109771 1468.00356271
 1389.3726863  1315.53098825 1332.71967072 1329.51233996 1344.19251476
 1277.98283706 1182.68702271 1197.3968862 ]";2016-07-10 12:00:00;2016-10-02 12:00:00
353;13;catboost_normal;0.18421210562288398;33.333333333333336;0.19844962219922532;849.6082295335904;0.19844699183654932;754.4222693659704;[3123.0, 3034.0, 4084.0, 4273.0, 4688.0, 4480.0, 4730.0, 3833.0, 4086.0, 4833.0, 4086.0, 3548.0, 2781.0];"[3525.19615479 3486.33492505 3358.78459671 3293.76449385 3412.22648033
 3484.58499173 3472.19555182 3457.50285002 3456.6116283  3446.80949599
 3518.6306602  3529.36421415 3523.43338502]";2016-10-16 12:00:00;2017-01-08 12:00:00
342;13;catboost_normal;0.1657413972576436;83.33333333333333;0.18405660178062183;768.1916674950147;0.18405404845765444;668.4359894077598;[4274.0, 3596.0, 3596.0, 4510.0, 4182.0, 2859.0, 3579.0, 4723.0, 4013.0, 3409.0, 3143.0, 4375.0, 3933.0];"[3418.73748007 3185.63248408 3257.77843182 4128.66535398 3223.36980718
 3113.16102776 3093.15895053 3348.07744942 3269.992362   3090.3442695
 2837.02856645 3027.29221009 3017.41580033]";2017-07-16 12:00:00;2017-10-08 12:00:00
326;13;catboost_normal;0.12451239131495764;16.666666666666668;0.11287583237382852;1146.2241783907152;0.11287511094811517;885.1814875032693;[8523.0, 6668.0, 8398.0, 7964.0, 8380.0, 6289.0, 6760.0, 8556.0, 7051.0, 7994.0, 7589.0, 8653.0, 8941.0];"[7780.03111047 8341.59778059 8216.30793788 8508.24170969 8465.43857451
 8495.70793723 8412.93878763 8329.17190715 9137.67784231 8649.61960254
 8467.41198978 8461.04000631 8560.72392492]";2017-04-16 12:00:00;2017-07-09 12:00:00
342;13;catboost_normal;0.19072159688031934;66.66666666666667;0.17016370904876793;605.0921242939531;0.17016103101623192;542.9862987489662;[2771.0, 2653.0, 3196.0, 2931.0, 2815.0, 2730.0, 2597.0, 3456.0, 2823.0, 3188.0, 2645.0, 3331.0, 3988.0];"[3306.11928808 3084.02833745 3446.81919634 3388.36152766 3569.34897176
 3440.39032628 3458.71757487 3771.82192236 3926.80807328 3773.24706814
 3315.85426155 3610.23881371 3884.93347774]";2017-04-16 12:00:00;2017-07-09 12:00:00
326;13;catboost_normal;0.41593326625559407;41.666666666666664;0.33213111871157724;3416.6083473801186;0.3321293747147659;3181.9209003404194;[8703.0, 8666.0, 8489.0, 9386.0, 8523.0, 7285.0, 8507.0, 8220.0, 7082.0, 7618.0, 5742.0, 7426.0, 10208.0];"[10467.22547524 11684.43850097 11281.16212861 11049.61593325
 11574.35210685 11893.1404758  13066.20267356 12056.25152004
 11268.32748869  9912.5212397  10939.09486577 10938.80922792
 11088.83006802]";2017-01-15 12:00:00;2017-04-09 12:00:00
354;13;catboost_normal;0.1986030400179601;50.0;0.22248906689636028;608.8208821700761;0.22248477386919813;577.1322857598187;[2777.0, 2893.0, 2760.0, 2745.0, 2807.0, 2862.0, 2880.0, 2838.0, 2908.0, 2838.0, 2698.0, 3357.0, 2928.0];"[2421.58821464 2387.91936374 2375.73532573 2344.27461434 2316.42678169
 2291.93669339 2265.68977966 2257.91836227 2253.30399558 2226.75229583
 2222.40039927 2214.57836473 2209.75609426]";2017-07-16 12:00:00;2017-10-08 12:00:00
326;13;catboost_normal;0.16617719034611408;33.333333333333336;0.17040377363705522;2192.916375953265;0.17040296587789402;1814.396639735513;[9809.0, 7926.0, 10899.0, 10354.0, 10553.0, 11946.0, 11392.0, 13234.0, 12768.0, 13208.0, 13063.0, 9458.0, 7772.0];"[10187.52065461 11549.19658483 10844.55732876  9347.46525558
  9655.21611699  9434.37587791 10422.21042291 10301.70320642
 10627.86430089  9818.08599979  9529.81842112  8978.81699694
  9442.55300445]";2016-10-16 12:00:00;2017-01-08 12:00:00
342;13;catboost_normal;0.3776824009886282;58.333333333333336;0.2983155710443612;1317.3429080023236;0.29831175830905365;1171.575457091293;[4027.0, 3818.0, 3713.0, 4313.0, 3664.0, 2960.0, 3807.0, 3664.0, 3217.0, 2883.0, 2295.0, 3099.0, 3561.0];"[4799.66737311 4770.60513217 4566.6354158  4423.05482475 4587.79019908
 4701.84739337 4744.55794201 4562.78997492 4480.78444844 4901.25673584
 4857.20132674 4415.19485494 4440.09532102]";2017-01-15 12:00:00;2017-04-09 12:00:00
354;13;catboost_normal;0.09587775246959981;58.333333333333336;0.10405806430212602;307.26787225914734;0.10405571609932097;231.21909258925072;[2030.0, 2119.0, 2115.0, 2033.0, 2075.0, 2119.0, 2135.0, 2126.0, 2251.0, 2382.0, 2539.0, 2584.0, 2678.0];"[1978.05578397 1967.89213439 1991.75675014 1995.0969934  1983.89135859
 2024.3967494  2049.38514864 2024.06293099 2049.30285736 2023.33063388
 2023.68993297 2032.9181572  2036.37236543]";2017-04-16 12:00:00;2017-07-09 12:00:00
342;13;catboost_normal;0.17451915214305969;50.0;0.18402424389316152;937.342155249464;0.18402203574255582;777.674412816791;[3025.0, 3335.0, 4340.0, 4342.0, 4240.0, 4761.0, 4921.0, 4383.0, 4615.0, 5903.0, 5450.0, 3790.0, 3152.0];"[3731.05557987 4063.18518808 4157.92896037 3958.07310625 3833.89690435
 3781.88348173 3847.67130763 4047.20045672 3834.52179227 3858.68896504
 3904.40227208 3945.62598222 3941.16786288]";2016-10-16 12:00:00;2017-01-08 12:00:00
327;13;catboost_normal;0.19005094564643654;66.66666666666667;0.20923807144286918;570.026169988601;0.20923375949453848;511.27227232551854;[2826.0, 2377.0, 2613.0, 2854.0, 2688.0, 1744.0, 2439.0, 3290.0, 2774.0, 2447.0, 2203.0, 2916.0, 2726.0];"[2172.96661421 2145.68341293 2183.82207917 2226.63806572 2156.49103421
 2166.16655386 2115.81082352 2173.84027938 2175.33426703 2123.17699122
 2122.46564799 2142.69930912 2189.69848914]";2017-07-16 12:00:00;2017-10-08 12:00:00
354;13;catboost_normal;0.17462163055920346;41.666666666666664;0.15601932741296082;416.2311966757526;0.15601590873751;356.1592567126487;[2167.0, 2033.0, 2318.0, 2333.0, 2247.0, 2205.0, 2154.0, 2006.0, 1975.0, 2047.0, 2012.0, 1971.0, 2000.0];"[2071.87794931 2344.70290684 2277.04020362 2301.33995411 2511.61441645
 2391.80948669 2431.27839936 2553.70081649 2593.17229839 2574.79680862
 2556.18160224 2519.95862752 2635.11308172]";2017-01-15 12:00:00;2017-04-09 12:00:00
291;13;catboost_normal;0.1129856929602652;33.333333333333336;0.10629373704631705;2014.5308977328561;0.10629344324888367;1923.1644956817931;[17618.9, 17397.7, 17308.2, 17341.1, 16890.5, 17910.6, 17573.8, 17610.4, 16916.2, 16970.8, 17256.0, 16901.0, 15827.8];"[19003.3571631  19106.73668138 19004.81509216 18904.59729303
 18943.26909665 19042.32640876 19072.4236452  19056.95296871
 19106.47597208 19225.44395129 19326.41657799 19362.70395019
 19368.61964331]";2017-07-23 12:00:00;2017-10-15 12:00:00
354;13;catboost_normal;0.7913087399418555;58.333333333333336;0.5490403736074214;2141.5679052875453;0.5490330461290694;2063.9342901501627;[4113.0, 3633.0, 2551.0, 2563.0, 3493.0, 2718.0, 2735.0, 2863.0, 2546.0, 2363.0, 2376.0, 2329.0, 2257.0];"[4661.44684226 4841.13649182 4897.8962238  4846.55249324 5117.56709925
 4725.73865653 4933.62607725 5165.17566391 4923.49256939 4821.84453274
 4777.48120827 4845.23131928 4813.9565942 ]";2016-10-16 12:00:00;2017-01-08 12:00:00
327;13;catboost_normal;0.15058271889401267;33.333333333333336;0.14211266061957778;357.90193697236873;0.14210939961345465;311.07375026854436;[2149.0, 1615.0, 2121.0, 2549.0, 2207.0, 2060.0, 1885.0, 2039.0, 2022.0, 2332.0, 2013.0, 2382.0, 2735.0];"[1995.35320057 2375.39521359 2198.41999225 2238.65891996 2405.96361216
 2274.18927581 2299.45650077 2415.3957862  2313.5449225  2075.63744365
 2261.48883765 2204.29073466 2170.95508861]";2017-04-16 12:00:00;2017-07-09 12:00:00
343;13;catboost_normal;0.12747891635273237;58.333333333333336;0.12649836658414562;527.4891680427125;0.12649631330881145;397.42514394390577;[3730.0, 3182.0, 3165.0, 3463.0, 3098.0, 1955.0, 2964.0, 4003.0, 3550.0, 3348.0, 3014.0, 3879.0, 3559.0];"[3154.27191996 2933.80543946 3024.5811127  3327.02363925 3142.91843932
 2973.97289725 3135.20115201 2936.08678295 3161.32649425 3165.3199519
 3031.77826298 3064.722581   3198.20595881]";2017-07-16 12:00:00;2017-10-08 12:00:00
277;13;catboost_normal;0.06174774777402067;58.333333333333336;0.06056459331103245;95.7705006023005;0.06056228188190374;79.50883746737848;[1317.671, 1318.918, 1204.436, 1212.819, 1256.924, 1269.515, 1201.515, 1214.328, 1230.23, 1333.257, 1350.265, 1472.397, 1497.662];"[1311.43678561 1328.10347821 1322.34819401 1324.49698573 1326.80212406
 1320.50122545 1332.78634459 1330.59325083 1345.02384551 1345.80325975
 1342.67684646 1344.27246877 1340.51072024]";2016-04-10 12:00:00;2016-07-03 12:00:00
355;13;catboost_normal;0.14918160281305612;41.666666666666664;0.15129863193771712;693.5484228963547;0.15129657821978618;565.8743913362541;[4387.0, 3772.0, 3660.0, 3878.0, 3131.0, 2405.0, 4081.0, 4811.0, 4170.0, 4017.0, 3824.0, 4661.0, 4297.0];"[3923.39014543 3811.2664715  3745.61136241 3679.97329692 3809.70762801
 3460.29266836 3446.18972741 3593.70237523 3610.05498373 3772.37290387
 3654.48265537 3422.13760515 3526.2073498 ]";2017-07-16 12:00:00;2017-10-08 12:00:00
327;13;catboost_normal;0.3494402064821813;41.666666666666664;0.27518919478728815;855.166747231437;0.27518387716093007;713.6597481534347;[2963.0, 2342.0, 2312.0, 2751.0, 2171.0, 1994.0, 2561.0, 2047.0, 2179.0, 2179.0, 1616.0, 2048.0, 2862.0];"[2889.26207763 3269.21766618 2989.62931772 2883.65187118 2865.40517295
 3156.2930235  3171.00179485 2936.4961836  2758.79993258 2911.65280638
 3530.06349605 2837.42635221 2956.20118642]";2017-01-15 12:00:00;2017-04-09 12:00:00
343;13;catboost_normal;0.2532156708443302;58.333333333333336;0.22271318289988917;750.0052845045449;0.22270967306151987;712.506000561543;[2570.0, 2191.0, 2578.0, 2965.0, 3075.0, 2711.0, 2761.0, 3334.0, 3132.0, 3050.0, 2863.0, 2902.0, 3974.0];"[3236.48319005 3077.61842405 3324.12453605 3390.53114708 3410.09781052
 3871.05093117 3841.25390409 3796.70266617 3746.3655081  3789.2022067
 3558.45698729 3778.51476671 3399.82407068]";2017-04-16 12:00:00;2017-07-09 12:00:00
327;13;catboost_normal;0.13890779773036294;50.0;0.13961520644797115;507.3877932541961;0.13961276486228968;402.23477296285756;[2554.0, 2236.0, 3110.0, 2557.0, 3016.0, 3574.0, 3265.0, 3091.0, 2835.0, 3655.0, 3440.0, 2726.0, 2245.0];"[2691.40736935 3024.01317402 3017.14969467 2779.7327182  2740.427565
 2615.49177033 3154.38504616 2804.58482154 2530.87904039 2669.53388033
 3162.23450315 2889.25668743 2871.32842109]";2016-10-16 12:00:00;2017-01-08 12:00:00
355;13;catboost_normal;0.20360474829695469;58.333333333333336;0.18532916361436177;818.1746368991608;0.1853267569713786;715.9707367468652;[3286.0, 2898.0, 3879.0, 3718.0, 3802.0, 3467.0, 3299.0, 3866.0, 3333.0, 3817.0, 3546.0, 3986.0, 4563.0];"[4259.67986077 4177.6690711  4428.58372447 4384.70776362 4346.14582706
 4812.56657684 4320.80246749 4142.08601914 4099.63055882 3801.01848811
 3278.6821263  3504.42745681 3444.12422038]";2017-04-16 12:00:00;2017-07-09 12:00:00
343;13;catboost_normal;0.2624970986403112;41.666666666666664;0.2198033883326353;888.3373423858759;0.21980021532603303;764.3245693176289;[4170.0, 3431.0, 3546.0, 4064.0, 3355.0, 2907.0, 3497.0, 3264.0, 3057.0, 2623.0, 2316.0, 2845.0, 3491.0];"[4009.8221699  4014.93998846 3956.47967199 3977.96063217 3987.96935606
 4003.82881072 4037.62195542 3992.48630687 3998.64628675 4030.8919558
 4004.66322061 3985.65727564 4008.8173749 ]";2017-01-15 12:00:00;2017-04-09 12:00:00
355;13;catboost_normal;0.4804301391454081;41.666666666666664;0.3706140911991488;1951.0158241657025;0.3706102038478489;1785.9991238498126;[2824.0, 3879.0, 4419.0, 5105.0, 4323.0, 3908.0, 4898.0, 4196.0, 3654.0, 3783.0, 3018.0, 3576.0, 4426.0];"[4583.99112616 5352.3704625  5254.04593719 5271.73653386 5776.23790635
 5945.81583971 6123.03078203 6565.95976768 6538.53929031 6424.18843821
 5856.11878483 5850.55044379 5684.40329742]";2017-01-15 12:00:00;2017-04-09 12:00:00
343;13;catboost_normal;0.17861720822211075;66.66666666666667;0.20034759029052313;820.9731427790871;0.2003447455696179;711.2010179179277;[3520.0, 2964.0, 3772.0, 3581.0, 3964.0, 4763.0, 3972.0, 3793.0, 3922.0, 4474.0, 4162.0, 3309.0, 3086.0];"[3263.09327079 3312.13860983 3176.00751393 2458.49671265 3159.83764313
 3260.79986095 3042.44742641 3179.42648146 3221.96899864 3286.97030672
 3220.57066832 3170.34335939 3191.4368655 ]";2016-10-16 12:00:00;2017-01-08 12:00:00
328;13;catboost_normal;0.2025182825482643;75.0;0.23061607382393923;2462.1433771995034;0.23061485784536548;2192.7818248114268;[11786.0, 9960.0, 9820.0, 10747.0, 10786.0, 7966.0, 9968.0, 12266.0, 10587.0, 8995.0, 8982.0, 11725.0, 10511.0];"[8168.28749262 8116.88531448 8181.25224978 8221.70350428 8151.73934299
 8088.88907219 8113.07674371 8132.76811104 8160.87665735 8114.78385541
 8088.46196628 8163.78593092 8136.10418078]";2017-07-16 12:00:00;2017-10-08 12:00:00
355;13;catboost_normal;0.13833718461639263;41.666666666666664;0.14718717197420628;961.5892586712486;0.14718571367942693;751.3249659019725;[4082.0, 3799.0, 5173.0, 5124.0, 5517.0, 7267.0, 5422.0, 5749.0, 5383.0, 5253.0, 5187.0, 4541.0, 4581.0];"[4638.50181034 4732.84382686 4663.25127102 4646.94792932 4666.95052458
 4656.7526913  4679.33061607 4699.54637797 4660.38294491 4663.30522519
 4666.82912384 4664.70998139 4662.46564234]";2016-10-16 12:00:00;2017-01-08 12:00:00
328;13;catboost_normal;0.14731506027364466;41.666666666666664;0.13635950973573557;1287.7936315911156;0.1363586767106047;1120.4887616360102;[7529.0, 7151.0, 7477.0, 8372.0, 7745.0, 6955.0, 6912.0, 8403.0, 7004.0, 8568.0, 7454.0, 8641.0, 10484.0];"[8085.22477621 9127.84705434 8533.8204527  8967.89672981 9305.32482845
 8602.49846807 8534.78702431 8065.08013285 9083.04124783 8177.32375234
 8187.90711415 8323.48304048 8793.10686892]";2017-04-16 12:00:00;2017-07-09 12:00:00
356;13;catboost_normal;0.13316465433028363;58.333333333333336;0.13600374835134052;575.9024964573762;0.13600169510795415;454.99302097645005;[3938.0, 3363.0, 3249.0, 3515.0, 3097.0, 2275.0, 3421.0, 4166.0, 3807.0, 3434.0, 3303.0, 4024.0, 3747.0];"[3393.67979009 3381.97247284 3285.97685865 3425.09415386 3350.60780668
 3259.00127255 3160.28468559 3134.20064772 3141.74915615 3094.84228624
 3182.5253579  3104.5014654  3096.77159509]";2017-07-16 12:00:00;2017-10-08 12:00:00
344;13;catboost_normal;0.14971562382271814;41.666666666666664;0.15866740089870518;597.0535197636578;0.1586648782542101;503.6576711728443;[3807.0, 3360.0, 3266.0, 3406.0, 3122.0, 2212.0, 2982.0, 3988.0, 3389.0, 3160.0, 3126.0, 3584.0, 3988.0];"[3331.85421558 2830.97007121 3051.23044661 2811.83383974 2878.0415916
 2953.92103458 2917.93168733 2952.60681563 2993.01500425 2964.66810647
 2954.48370204 2782.06478554 2903.67104331]";2017-07-16 12:00:00;2017-10-08 12:00:00
328;13;catboost_normal;0.4978352847752695;41.666666666666664;0.37709408361421504;3954.1218098616087;0.3770921423482331;3677.3503139495447;[9874.0, 8933.0, 8460.0, 9282.0, 8393.0, 7250.0, 9016.0, 8212.0, 7268.0, 6896.0, 5178.0, 7387.0, 9550.0];"[11854.07944059 12029.42945998 11540.55194004 11761.88321245
 12640.26089367 12109.74340404 11875.08561959 10892.30613658
 11198.28981806 12035.52149201 12669.33139804 11187.28756656
 11710.78369974]";2017-01-15 12:00:00;2017-04-09 12:00:00
356;13;catboost_normal;0.16989492182833665;58.333333333333336;0.15341519757933375;590.3866412275618;0.15341294931457322;525.9092927615259;[3071.0, 2736.0, 3344.0, 3194.0, 3061.0, 2852.0, 2907.0, 3283.0, 3138.0, 3268.0, 3110.0, 3343.0, 3766.0];"[3399.39765005 3352.67548478 3305.24601084 3391.3085043  3331.05019785
 3552.22770779 3799.15612803 3802.38073153 3798.30735296 3814.390825
 3943.07285781 4263.08617363 4080.01320301]";2017-04-16 12:00:00;2017-07-09 12:00:00
344;13;catboost_normal;0.1603154761279564;50.0;0.1833376551901288;662.8406412664666;0.1833343468400653;510.5724567663999;[2761.0, 2973.0, 2642.0, 2503.0, 2515.0, 2532.0, 3521.0, 3525.0, 2648.0, 3062.0, 2685.0, 2913.0, 3623.0];"[2517.99913212 2458.58025252 2504.29877324 2453.64052353 2486.37658727
 2480.50413008 2238.80502072 2394.40580298 2228.86925508 2325.3411964
 2368.24327903 2304.224501   2504.26960808]";2017-04-16 12:00:00;2017-07-09 12:00:00
328;13;catboost_normal;0.13502211939497327;41.666666666666664;0.13181036776579985;1868.7123173260322;0.13180975374570064;1436.3927009204401;[9751.0, 7913.0, 11201.0, 9482.0, 10991.0, 14929.0, 11153.0, 11201.0, 11456.0, 12283.0, 13678.0, 9830.0, 8274.0];"[10561.5762427  10615.5002878  11402.2450211  11402.66269876
 10755.9167401  10669.20504728 10680.57510087 11249.3050761
 10804.00055823 10692.8340097  11409.78585523 10873.87761011
 10742.25548681]";2016-10-16 12:00:00;2017-01-08 12:00:00
291;13;catboost_normal;0.15131405296276348;50.0;0.1658936630362598;3163.1746046774247;0.1658931918810961;2921.555803007509;[18022.2, 18717.6, 18581.4, 18255.0, 18565.9, 19264.4, 19733.3, 19743.3, 19864.9, 19959.5, 20032.6, 18907.3, 18284.2];"[17381.62515561 16939.73868596 16921.22655218 15874.08865071
 15531.10455859 15686.51602373 15479.17392409 15029.82583172
 15570.34059222 16099.34532438 16316.23754626 16474.58813703
 16647.56357842]";2017-04-23 12:00:00;2017-07-16 12:00:00
277;13;catboost_normal;0.06541274128530741;50.0;0.06768865365188391;113.89434665134114;0.06768609771530718;89.7028009156933;[1264.068, 1282.375, 1474.741, 1272.891, 1322.929, 1477.627, 1335.228, 1412.613, 1316.61, 1278.481, 1268.71, 1243.785, 1333.002];"[1232.28926894 1216.80506945 1233.7094903  1233.16394666 1265.01978055
 1251.68899759 1258.44666528 1275.55569263 1310.35454154 1309.93177839
 1342.40950965 1365.66128735 1390.06328947]";2016-01-10 12:00:00;2016-04-03 12:00:00
344;13;catboost_normal;0.400567944247919;41.666666666666664;0.3198336940068108;974.8909135525346;0.3198279192736457;887.6272861217159;[3262.0, 2417.0, 2429.0, 2724.0, 2349.0, 2171.0, 2163.0, 2329.0, 1842.0, 2177.0, 1977.0, 2589.0, 3068.0];"[3249.19268582 3362.56949089 3323.84886784 3253.15246586 3270.72587165
 3320.05350368 3316.68248832 3359.82693908 3288.7730596  3299.38704729
 3354.07592448 3302.5827285  3309.66901821]";2017-01-15 12:00:00;2017-04-09 12:00:00
356;13;catboost_normal;0.34277937826027194;41.666666666666664;0.2733720299159115;1265.3662257396475;0.2733685585314532;1078.3979031232075;[4492.0, 3707.0, 3592.0, 4144.0, 3529.0, 3486.0, 3839.0, 3483.0, 3015.0, 3104.0, 2460.0, 3077.0, 3623.0];"[4398.50895685 4636.74685671 4290.16456462 4244.85734327 4419.78252525
 4314.13814349 4512.25104669 4607.9228682  4820.56336046 5080.66563191
 4875.8085021  4603.50952327 4578.27133148]";2017-01-15 12:00:00;2017-04-09 12:00:00
329;13;catboost_normal;0.1653358483181204;58.333333333333336;0.1812465616980029;762.5576860299366;0.18124393282590423;629.4157944503816;[3899.0, 3130.0, 3356.0, 3606.0, 3534.0, 2475.0, 3407.0, 4577.0, 4188.0, 3678.0, 3283.0, 4192.0, 3984.0];"[3190.70000023 3156.20651069 3171.80244472 3288.59311348 3188.1961127
 3123.55452396 3011.16326167 3054.19340555 3118.54260158 3031.59849786
 3104.07258246 3007.96497555 3029.52871101]";2017-07-16 12:00:00;2017-10-08 12:00:00
344;13;catboost_normal;0.13213068161120442;58.333333333333336;0.13414111187996083;491.58790037510505;0.13413902817793433;434.5349003536261;[3390.0, 2666.0, 3857.0, 2834.0, 3005.0, 4181.0, 3212.0, 3137.0, 3234.0, 3466.0, 3622.0, 3391.0, 2605.0];"[2994.56692977 3199.52041373 3448.74307778 3275.94536237 3342.11538926
 3092.23132571 2910.32686501 3302.6032395  3331.71464216 3001.18171622
 3086.42727495 3058.30636725 3150.83821428]";2016-10-16 12:00:00;2017-01-08 12:00:00
356;13;catboost_normal;0.18287164476306922;50.0;0.20865265282774192;1049.27161132259;0.20865013805079513;869.8628241469263;[3398.0, 3449.0, 4332.0, 3904.0, 4443.0, 5042.0, 4162.0, 4721.0, 4823.0, 5546.0, 5288.0, 3803.0, 4108.0];"[3438.95154259 3555.68709128 3453.15945837 3408.27583968 3571.32748593
 3547.42536781 3557.56535553 3601.05519338 3562.37892905 3578.32556193
 3599.04480567 3575.25456395 3557.60935868]";2016-10-16 12:00:00;2017-01-08 12:00:00
329;13;catboost_normal;0.12168434158695351;66.66666666666667;0.1138491868292019;415.26834904116834;0.11384737506931852;358.66820112455895;[2947.0, 2497.0, 3119.0, 3114.0, 3104.0, 2976.0, 2818.0, 3472.0, 2923.0, 3359.0, 2796.0, 3229.0, 3734.0];"[3424.36103333 3382.26290055 3387.61973373 3361.89819311 3397.8613044
 3356.07667132 3166.00506924 3168.56815337 3145.24216853 3298.50854329
 3392.54926352 3323.27772925 3249.39075571]";2017-04-16 12:00:00;2017-07-09 12:00:00
329;13;catboost_normal;0.30096815846213104;66.66666666666667;0.24788100151464032;1033.9635577949275;0.24787762034085015;911.8645958966798;[3389.0, 3519.0, 3328.0, 3880.0, 3679.0, 2945.0, 3815.0, 3393.0, 3199.0, 2933.0, 2309.0, 3005.0, 3683.0];"[4264.54284    4326.64984611 4223.90148143 4269.4943026  3924.03872131
 4157.46412795 4190.24494778 4096.49925651 3852.51987387 4313.24313156
 4454.75819422 4274.82330597 4583.05971737]";2017-01-15 12:00:00;2017-04-09 12:00:00
357;13;catboost_normal;0.16655575871530784;41.666666666666664;0.17574296773710701;1060.6975338429434;0.17574129943044317;934.6054393275845;[6907.0, 5711.0, 5496.0, 5862.0, 5380.0, 3660.0, 5159.0, 6787.0, 5596.0, 5445.0, 5345.0, 6156.0, 5866.0];"[5240.4629053  4959.58273486 5324.69545541 4861.18442532 4880.8598051
 5055.66621897 4523.4128266  4817.04526807 4891.61715942 4980.74602714
 4784.77497419 4868.21832727 4823.19559906]";2017-07-16 12:00:00;2017-10-08 12:00:00
329;13;catboost_normal;0.16295955700112585;33.333333333333336;0.1611463851436096;787.5307455370247;0.16114429686038137;626.99888666818;[3506.0, 2969.0, 4201.0, 3984.0, 4537.0, 5038.0, 4438.0, 4335.0, 4127.0, 4672.0, 4375.0, 3684.0, 2813.0];"[3148.31809405 4113.03346294 4238.98944474 3947.91948729 3871.37791911
 3541.50555266 3943.38452339 3933.89236475 4058.09705256 3429.56264754
 3927.99899337 4217.24078834 4038.77846539]";2016-10-16 12:00:00;2017-01-08 12:00:00
278;13;catboost_normal;0.12687688867852082;33.333333333333336;0.11772462623369227;166.2598844328591;0.1177200289694536;150.75910512714526;[1212.443, 1284.81, 1181.98, 1256.58, 1204.17, 1146.31, 1184.67, 1231.88, 1164.92, 1195.17, 1157.35, 1182.41, 1284.83];"[1264.5396147  1283.49361781 1328.43803923 1367.20701559 1406.39829455
 1392.45257914 1362.9161283  1379.18306703 1381.15856673 1366.57433085
 1380.07046858 1374.60086509 1357.72601467]";2016-10-09 12:00:00;2017-01-01 12:00:00
357;13;catboost_normal;0.16362611672171484;16.666666666666668;0.14919176394852557;859.9976086264084;0.1491902456848424;736.6396226099641;[4148.0, 3860.0, 4782.0, 4755.0, 4879.0, 4502.0, 4365.0, 5085.0, 4559.0, 4890.0, 4057.0, 5042.0, 6503.0];"[5170.72148916 5380.34619577 5355.86083431 5373.06125669 5356.42792439
 5176.90727202 5258.29136851 5129.17941167 5295.554084   5073.92536715
 5474.25155282 5259.85477242 5307.06643499]";2017-04-16 12:00:00;2017-07-09 12:00:00
291;13;catboost_normal;0.05078328978881153;75.0;0.0519985548838319;996.9720698574791;0.051998399891208594;873.2382223805976;[15406.2, 15994.5, 16804.2, 16659.3, 15191.9, 16058.9, 16940.9, 17341.7, 17161.9, 18233.8, 17732.5, 18089.5, 17848.5];"[16429.32813837 16485.77165195 16399.0395151  16015.04243617
 15644.47801485 16017.39101062 16395.44785382 16268.2088079
 15955.41407042 16305.75871732 16662.53366987 16736.89414743
 16730.35068557]";2017-01-22 12:00:00;2017-04-16 12:00:00
357;13;catboost_normal;0.2955746197300839;58.333333333333336;0.24747970904301672;1560.7341205896507;0.24747753486724383;1411.241859612698;[5251.0, 5660.0, 5228.0, 5788.0, 5152.0, 4922.0, 5446.0, 4973.0, 4614.0, 4653.0, 3773.0, 4940.0, 5840.0];"[6382.54794839 6670.98595422 6300.95325839 6145.39016631 6264.80701874
 6505.54393518 6637.02553309 6532.3868383  6388.89614756 6668.66331234
 6821.80401926 6849.77550661 6417.36453659]";2017-01-15 12:00:00;2017-04-09 12:00:00
357;13;catboost_normal;0.12138298773581754;58.333333333333336;0.12464559395783437;874.0431427845846;0.12464458362811781;773.4850914219434;[4901.0, 5003.0, 6531.0, 5768.0, 6583.0, 7175.0, 6829.0, 6792.0, 7023.0, 7603.0, 6581.0, 5706.0, 5708.0];"[5938.78026273 5968.24781835 5975.33112826 5948.79936118 6037.73155444
 5913.84870655 6005.15879514 5971.14472665 5962.11804871 5957.96492836
 5992.52747833 5977.94792375 6006.35618891]";2016-10-16 12:00:00;2017-01-08 12:00:00
358;13;catboost_normal;0.14700681386489184;33.333333333333336;0.15462409833589388;742.5912780794508;0.15462206123420794;595.6659210483624;[4458.0, 5098.0, 4518.0, 4973.0, 3973.0, 2613.0, 3476.0, 4213.0, 3386.0, 3627.0, 3299.0, 3743.0, 3965.0];"[3786.66629789 3704.239882   3951.61746034 3664.95142257 3651.25171753
 3628.20402721 3579.54725675 3491.48681395 3383.46054209 3370.76094598
 3296.95278001 3223.50738841 3103.19905957]";2017-07-16 12:00:00;2017-10-08 12:00:00
278;13;catboost_normal;0.041158252019493635;50.0;0.0405184559278263;62.88732412802551;0.04051698334709187;55.87474221105131;[1553.68, 1476.213, 1368.542, 1388.111, 1400.179, 1447.46, 1392.557, 1351.885, 1329.185, 1308.802, 1264.608, 1261.015, 1273.104];"[1448.43849301 1453.34233769 1441.50452998 1458.28334901 1431.95530226
 1415.58588581 1416.95875295 1384.84894509 1382.21552609 1334.00530714
 1364.65757365 1350.33417484 1339.60990424]";2016-07-10 12:00:00;2016-10-02 12:00:00
358;13;catboost_normal;0.08615387791454089;33.333333333333336;0.08414902606352927;384.0917273149293;0.08414775238904074;281.3096465741382;[2703.0, 2625.0, 3081.0, 3255.0, 3243.0, 3234.0, 2910.0, 3214.0, 3145.0, 3478.0, 3545.0, 3242.0, 4410.0];"[2903.80573031 3029.30071403 3123.12708717 3088.21000687 3323.46994908
 3410.42510211 3587.91525548 3488.31749222 3507.99527938 3512.77075168
 3550.13216636 3524.77472333 3461.79883879]";2017-04-16 12:00:00;2017-07-09 12:00:00
358;13;catboost_normal;0.24104483936760654;33.333333333333336;0.20474591968205752;814.5143684108859;0.2047428383163209;683.415614695472;[4191.0, 3736.0, 3758.0, 3794.0, 3324.0, 2899.0, 3266.0, 2797.0, 2774.0, 2682.0, 2297.0, 2756.0, 3284.0];"[3746.79080836 3820.00974296 3505.38395157 3633.65280715 3138.95337835
 3765.64608221 3742.64579814 3912.83027823 3518.57605208 3642.3161389
 3924.27895728 3823.69686397 4183.18402271]";2017-01-15 12:00:00;2017-04-09 12:00:00
358;13;catboost_normal;0.20490868784218907;58.333333333333336;0.2356968323976575;1020.9135018498813;0.2356935199428942;844.7418208205249;[3030.0, 2654.0, 4195.0, 3482.0, 3536.0, 4566.0, 3803.0, 3717.0, 4191.0, 5120.0, 4242.0, 3688.0, 3151.0];"[3031.54723038 3016.1661383  3005.48626895 3027.58392017 3027.59702163
 3006.47093381 2978.12676852 2994.32921644 2998.95940117 3007.83542189
 3003.7076804  3001.56053402 3021.41253101]";2016-10-16 12:00:00;2017-01-08 12:00:00
291;13;catboost_normal;0.037283799988673656;66.66666666666667;0.03837502147429743;794.4938335442502;0.038374905545257194;635.3050785794035;[15628.4, 15901.6, 16609.3, 15883.4, 15725.6, 16509.2, 17046.9, 17079.9, 17204.1, 17539.5, 17269.7, 17114.9, 15956.6];"[15539.97235376 15763.49405954 15979.08148623 15908.80537871
 15916.23167825 16060.67906631 16168.47909508 16234.56592446
 16076.87877697 16057.28424857 16097.1459208  16021.37169222
 15818.21841151]";2016-10-23 12:00:00;2017-01-15 12:00:00
278;13;catboost_normal;0.09671194509618572;50.0;0.0909998167773629;138.64503362102627;0.09099640917518916;121.59669379157799;[1398.15, 1372.669, 1259.456, 1241.475, 1309.107, 1282.265, 1185.814, 1198.493, 1217.719, 1314.704, 1364.218, 1278.906, 1499.516];"[1392.48957673 1393.73746019 1402.40127585 1398.60809563 1400.77730576
 1406.04364072 1408.99643279 1411.37382906 1414.83877707 1424.74729195
 1435.05850753 1437.32390556 1433.49992609]";2016-04-10 12:00:00;2016-07-03 12:00:00
292;13;catboost_normal;0.14299254937274006;66.66666666666667;0.16388172429094416;577.3440927425542;0.16387792852310343;360.4373717207228;[1873.0, 1748.0, 3351.0, 2824.0, 2482.0, 1905.0, 1900.0, 1817.0, 1985.0, 1709.0, 1949.0, 1641.0, 1941.0];"[2238.80441396 1758.23838427 1760.88470821 1768.17207793 1874.82491112
 1768.90183832 1687.8020368  1669.1878683  1915.05489704 1705.13678479
 1680.48576812 1774.88008455 1856.78615978]";2017-07-23 12:00:00;2017-10-15 12:00:00
278;13;catboost_normal;0.04676207743256833;58.333333333333336;0.048492457020140926;85.88496381179213;0.048490704269339505;67.10165719613006;[1430.464, 1457.788, 1474.69, 1287.53, 1347.974, 1450.935, 1374.087, 1482.679, 1410.885, 1346.757, 1333.491, 1342.57, 1385.312];"[1311.31703992 1320.36638217 1330.64400702 1332.91073891 1337.61977576
 1339.98529553 1340.02781597 1343.24198096 1342.34319263 1340.68509078
 1340.75379969 1339.6734864  1338.55892791]";2016-01-10 12:00:00;2016-04-03 12:00:00
279;13;catboost_normal;0.015554268136895567;41.666666666666664;0.015680843580624517;86.6808517690705;0.015680699029321832;85.05198663018521;[5447.979, 5462.14, 5487.29, 5483.53, 5478.69, 5471.28, 5473.97, 5487.77, 5448.53, 5428.96, 5440.01, 5462.1, 5471.9];"[5390.69129699 5389.80872407 5388.84936522 5387.95612796 5384.75955377
 5384.58855071 5377.67260094 5376.22292315 5373.5223928  5372.91864585
 5370.64594987 5370.4887962  5370.34824626]";2016-10-09 12:00:00;2017-01-01 12:00:00
292;13;catboost_normal;0.0559116380956191;83.33333333333333;0.05551956926017036;117.00659627495669;0.05551794071063403;95.06795771334397;[1658.0, 2089.0, 1644.0, 1724.0, 1576.0, 1814.0, 1504.0, 1807.0, 1700.0, 1743.0, 1547.0, 1837.0, 1747.0];"[1724.57091738 1896.42084543 1712.74559598 1744.68712954 1555.65510193
 1695.49371251 1726.84139857 1756.25841347 1595.15950576 1706.57764565
 1723.03342856 1824.9007727  1601.52902232]";2017-04-23 12:00:00;2017-07-16 12:00:00
292;13;catboost_normal;0.0905704318528605;75.0;0.0865625870935006;166.871312436358;0.08656001011037834;145.92727152873186;[1708.0, 1544.0, 1673.0, 1493.0, 1730.0, 1571.0, 2058.0, 1674.0, 1754.0, 1491.0, 1724.0, 1439.0, 1772.0];"[1834.73910089 1716.04139488 1866.32628003 1601.41798965 1676.48093474
 1712.07117658 1895.48215294 1580.2531612  1621.99123436 1656.76851618
 1829.20637187 1826.59897703 1716.907794  ]";2017-01-22 12:00:00;2017-04-16 12:00:00
279;13;catboost_normal;0.019037403547954884;25.0;0.019241643521630887;108.16751107737429;0.019241462666762445;102.35781840112821;[5332.462, 5350.534, 5357.042, 5374.984, 5359.733, 5351.221, 5351.947, 5371.663, 5351.861, 5398.065, 5400.755, 5407.888, 5392.445];"[5296.34728668 5287.57104296 5281.53568812 5278.08258052 5272.59960126
 5267.77761952 5262.17238125 5259.10809966 5255.92160953 5253.72953582
 5252.26684041 5251.33281244 5251.50326261]";2016-07-10 12:00:00;2016-10-02 12:00:00
292;13;catboost_normal;0.07798396208076823;66.66666666666667;0.07600826294459526;148.1942633243635;0.07600602936226673;129.69476394569213;[1595.0, 1981.0, 1644.0, 1810.0, 1609.0, 1858.0, 1517.0, 1741.0, 1531.0, 1811.0, 1758.0, 1893.0, 1491.0];"[1785.19221565 1775.40019543 1783.70992172 1752.19277558 1730.95731205
 1788.19791599 1721.62966216 1740.6668387  1720.14535906 1746.77707116
 1716.40684503 1708.74498873 1707.78409125]";2016-10-23 12:00:00;2017-01-15 12:00:00
279;13;catboost_normal;0.01706810200967425;33.333333333333336;0.017275245514446882;107.02182826461943;0.017275079793766263;90.04088903829765;[5174.515, 5167.435, 5205.404, 5230.233, 5224.04, 5235.856, 5245.091, 5261.502, 5258.813, 5281.7, 5294.34, 5304.272, 5323.682];"[5182.59423864 5177.31028893 5181.06049994 5172.76181294 5174.93433916
 5172.2939383  5157.97993106 5147.91982597 5140.78773296 5147.42409644
 5143.12252299 5142.42107885 5131.65019147]";2016-04-10 12:00:00;2016-07-03 12:00:00
293;13;catboost_normal;0.2336619644043669;91.66666666666667;0.20321704338907068;310.78597759844143;0.2032097071654828;282.10168307812387;[1255.8, 1480.5, 1196.1, 1618.8, 1318.5, 1427.8, 1197.9, 1301.9, 996.0, 1153.8, 1343.5, 1270.2, 1210.1];"[1553.84913256 1577.53903856 1566.56185547 1567.33378951 1567.31668074
 1571.69325168 1570.62474097 1566.2966058  1550.59406594 1560.27494726
 1570.24201179 1557.22095628 1555.74238249]";2017-07-23 12:00:00;2017-10-15 12:00:00
293;13;catboost_normal;0.0760118625469795;41.666666666666664;0.0804464890840412;169.05282919903917;0.0804438891838347;124.86578776870152;[1705.1, 1904.2, 1516.6, 1438.1, 1541.0, 1536.9, 1553.0, 1462.8, 1551.5, 1460.2, 1632.1, 1452.3, 1520.8];"[1490.76660932 1457.31995047 1594.24242193 1554.65386145 1502.01656691
 1472.22101275 1482.08707256 1488.53221409 1486.63806108 1443.60733512
 1400.17824864 1371.63268348 1347.30571613]";2017-04-23 12:00:00;2017-07-16 12:00:00
293;13;catboost_normal;0.10981132400132512;58.333333333333336;0.10662713099980782;172.89848704312922;0.10662345789265666;155.3982996728964;[1379.8, 1461.9, 1434.3, 1344.8, 1222.9, 1416.5, 1742.6, 1284.8, 1293.9, 1734.9, 1271.4, 1577.8, 1537.2];"[1515.35604141 1519.52626357 1507.00482561 1498.87914675 1487.4824982
 1495.08822518 1481.18029823 1478.85617981 1475.83351595 1478.61145275
 1482.10946254 1480.39693376 1481.96957853]";2017-01-22 12:00:00;2017-04-16 12:00:00
279;13;catboost_normal;0.010956060770428749;41.666666666666664;0.011039558988493922;66.74543190802082;0.011039451201089769;56.53302112063396;[5085.381, 5095.427, 5100.831, 5140.176, 5150.484, 5129.7, 5143.041, 5151.693, 5156.858, 5148.767, 5162.703, 5185.148, 5189.666];"[5095.68332589 5101.10756535 5109.33992405 5108.71534596 5089.73935588
 5088.11620163 5091.02228483 5089.22392445 5084.26382176 5076.90118277
 5076.35634811 5073.57429484 5069.88578049]";2016-01-10 12:00:00;2016-04-03 12:00:00
293;13;catboost_normal;0.2639686095334176;66.66666666666667;0.22856065206336482;398.2980734873734;0.22855359769621603;373.2114220929324;[1207.1, 1182.6, 1633.2, 1369.2, 1279.8, 1462.8, 1484.4, 1460.4, 1566.9, 1872.4, 1671.4, 1450.8, 1570.3];"[1625.77280852 1623.25426727 1643.96516482 1741.63151526 1860.54146605
 1900.39982985 1913.38214465 1924.62497576 2002.0746609  2081.72248719
 1966.03547782 1925.12815731 1854.5155318 ]";2016-10-23 12:00:00;2017-01-15 12:00:00
294;13;catboost_normal;0.1745518569154785;58.333333333333336;0.1952451230307359;631.186458227419;0.19524174790199636;565.625322153032;[3090.0, 3218.0, 3071.0, 3054.0, 3124.0, 3185.0, 3205.0, 3158.0, 3235.0, 3157.0, 3002.0, 3736.0, 3258.0];"[3073.5672177  2999.37200953 2825.42353782 2592.9365532  2487.66768551
 2505.7443706  2482.62662762 2507.43456118 2522.47700703 2502.24148521
 2541.20205226 2561.73757533 2537.44012903]";2017-07-16 12:00:00;2017-10-08 12:00:00
294;13;catboost_normal;0.08383044464907807;33.333333333333336;0.082754751752363;247.62654494698762;0.08275313299985629;212.34965450159063;[2259.0, 2358.0, 2354.0, 2262.0, 2308.0, 2358.0, 2375.0, 2366.0, 2505.0, 2650.0, 2825.0, 2876.0, 2979.0];"[2277.31942675 2272.9812719  2555.54060425 2466.88810074 2512.41276213
 2593.40168851 2243.4728247  2716.6721811  2880.57018218 2651.53233925
 2602.10149221 2592.9443809  2533.29180667]";2017-04-16 12:00:00;2017-07-09 12:00:00
294;13;catboost_normal;1.2137258671767759;50.0;0.7371499323888989;2817.6002736018568;0.7371401811613167;2795.688583698848;[2796.0, 2569.0, 2884.0, 2857.0, 2698.0, 2604.0, 2507.0, 2294.0, 1457.0, 2277.0, 2239.0, 2193.0, 2225.0];"[5216.26187645 5199.94338115 5197.32232308 5253.07953899 5321.76954125
 5275.26887695 5305.82330827 5149.14271207 5174.50509303 5236.38567584
 5168.44596488 5216.21873398 5229.78456214]";2017-01-15 12:00:00;2017-04-09 12:00:00
294;13;catboost_normal;0.2852791225997968;41.666666666666664;0.31853748177533464;1731.8217973740973;0.3185339757470762;1473.3435972349785;[3682.0, 3900.0, 3512.0, 4885.0, 5262.0, 6739.0, 5330.0, 5528.0, 5625.0, 6648.0, 6499.0, 3056.0, 2961.0];"[4042.97256756 3823.58309829 3952.81967062 4000.29986798 3686.69924429
 3320.32730532 3957.3770899  3555.00940068 3947.79585641 4125.2513606
 4104.69663387 4244.58471182 4229.1296714 ]";2016-10-16 12:00:00;2017-01-08 12:00:00
280;13;catboost_normal;0.041265579551986536;66.66666666666667;0.04263914847024283;100.02401928478825;0.04263799463985593;78.85549311834262;[1756.0, 1849.0, 1859.0, 1774.0, 1799.0, 1895.0, 1793.0, 1730.0, 1815.0, 1919.0, 1963.0, 1977.0, 2010.0];"[1734.39669214 1786.67899639 1744.43256193 1795.72689412 1784.01890783
 1851.36773057 1805.50606343 1707.58352571 1744.66183117 1740.08910707
 1797.11207017 1806.79951392 1883.9706101 ]";2016-10-23 12:00:00;2017-01-15 12:00:00
295;13;catboost_normal;0.1565629642714207;41.666666666666664;0.1493076207212973;524.6557862299001;0.14930495580997105;422.88472073009984;[3427.0, 2655.0, 2957.0, 3214.0, 2609.0, 1843.0, 2775.0, 3629.0, 3045.0, 2894.0, 2500.0, 3242.0, 3062.0];"[3126.91206693 3171.72359134 2785.9950238  2841.73930164 3241.89352606
 2893.28670677 2634.8307362  2644.53301439 2963.30375914 2952.32677196
 2787.39760126 2615.65267875 2786.16024704]";2017-07-16 12:00:00;2017-10-08 12:00:00
295;13;catboost_normal;0.127985941424871;58.333333333333336;0.1217132734945092;400.7549832090405;0.12171106354860123;338.29944702596;[2406.0, 2123.0, 2959.0, 2954.0, 2785.0, 2333.0, 2379.0, 3319.0, 2838.0, 2816.0, 2500.0, 2714.0, 3629.0];"[2752.59277772 2841.58776923 2992.64688461 3147.77514859 2983.88522822
 2860.56305175 2818.67377066 2872.96915935 3017.95035542 2887.42443175
 2786.09133856 2940.27729675 2899.60608258]";2017-04-16 12:00:00;2017-07-09 12:00:00
295;13;catboost_normal;0.16199452035717804;25.0;0.1444140026156501;527.8605807287037;0.14441149963782313;418.74134638665515;[3304.0, 2804.0, 2701.0, 3612.0, 2872.0, 2655.0, 3172.0, 3191.0, 2396.0, 2585.0, 2038.0, 2844.0, 3265.0];"[3187.46377633 3316.07700385 2956.42550426 2976.30351547 3073.4174832
 3231.80347678 3118.39875988 3002.10111635 3196.35596899 3188.35458743
 3225.71359191 3026.61025161 3135.85319698]";2017-01-15 12:00:00;2017-04-09 12:00:00
295;13;catboost_normal;0.14258703010324766;50.0;0.15105862808462753;519.9748935358399;0.15105614527766736;462.223578749926;[2349.0, 2533.0, 3514.0, 2986.0, 3053.0, 3626.0, 3264.0, 3513.0, 3356.0, 3800.0, 3285.0, 3088.0, 2698.0];"[2791.87376534 2917.39163735 2915.61399663 2820.81414321 2772.3454069
 2795.26568208 2923.57024085 2881.18077999 2768.2294795  2838.06550214
 2899.98718209 2851.21528535 2860.92881981]";2016-10-16 12:00:00;2017-01-08 12:00:00
296;13;catboost_normal;0.09428160990026623;75.0;0.09424382701077409;559.1452445224054;0.09424277007432474;429.1139955158434;[5520.0, 4651.0, 4787.0, 5396.0, 4341.0, 3130.0, 4231.0, 4702.0, 5425.0, 4859.0, 4622.0, 5740.0, 5070.0];"[4858.90224514 4688.2748493  4884.79729446 5101.38362933 4959.30964247
 4112.21819252 3625.40518582 4465.68779006 5140.51820038 4735.61186432
 4677.24857501 4496.64603348 4731.21166353]";2017-07-16 12:00:00;2017-10-08 12:00:00
280;13;catboost_normal;0.04574841385902333;50.0;0.043906310218754054;106.85521927637915;0.04390507417885818;78.09304042165786;[1765.0, 1916.0, 1843.0, 1849.0, 1741.0, 1821.0, 1716.0, 1560.0, 1718.0, 1769.0, 1770.0, 1725.0, 1773.0];"[1833.96972625 1898.95395212 1883.44903726 1873.58089677 1889.50720851
 1930.8682044  1904.94608777 1807.39115625 1793.64821049 1777.77419849
 1763.44139592 1710.2281573  1709.30169536]";2016-07-24 12:00:00;2016-10-16 12:00:00
296;13;catboost_normal;0.22626052168060737;41.666666666666664;0.19477172115695346;1047.010594338209;0.1947695945620747;898.7092962786824;[4649.0, 2911.0, 4187.0, 5244.0, 4313.0, 3916.0, 3827.0, 4022.0, 4844.0, 4698.0, 4213.0, 5837.0, 5782.0];"[5073.93635373 5183.5114008  5222.88941478 5094.98974246 5167.83245124
 5181.64493335 5079.68077693 5160.00213459 5211.43376431 4985.33313605
 5307.27250709 4988.67625365 5089.65002512]";2017-04-16 12:00:00;2017-07-09 12:00:00
296;13;catboost_normal;0.42983791193886844;58.333333333333336;0.3366888666806679;2220.9750867055095;0.3366860268765113;2005.6360459753364;[4960.0, 5075.0, 4989.0, 6384.0, 5206.0, 3884.0, 5297.0, 6116.0, 4509.0, 4732.0, 3777.0, 4981.0, 5828.0];"[6922.39065475 7430.2675566  6591.18768379 6959.0357353  8394.8792459
 7306.70986634 7147.09388838 6275.92971014 6582.83681702 7169.88164343
 7167.57699584 6722.99877795 7140.48002223]";2017-01-15 12:00:00;2017-04-09 12:00:00
296;13;catboost_normal;0.19307185875307636;41.666666666666664;0.2176413814617764;1643.7248635972421;0.21763956268852708;1316.323314532559;[4534.0, 4981.0, 6150.0, 5382.0, 6693.0, 8786.0, 6971.0, 6448.0, 6566.0, 7579.0, 7238.0, 5391.0, 4368.0];"[4986.68311167 5401.80473525 5367.71137958 5075.75984212 5155.90754044
 4951.05622075 5404.15526385 5274.53947655 4920.6895887  5196.88334022
 5256.52873532 5262.18992959 5268.13655912]";2016-10-16 12:00:00;2017-01-08 12:00:00
280;13;catboost_normal;0.049567507198900525;75.0;0.048115058617967596;99.6359572972646;0.048113750724920926;88.62710778352218;[1942.0, 1928.0, 1836.0, 1740.0, 1753.0, 1877.0, 1770.0, 1701.0, 1712.0, 1803.0, 1865.0, 1754.0, 1862.0];"[2059.43915264 2008.36726288 1919.8521709  1865.24201941 1915.54050553
 1911.38776176 1859.79813135 1827.03148036 1875.50779685 1829.82543436
 1818.06177941 1814.77897305 1827.55650851]";2016-04-24 12:00:00;2016-07-17 12:00:00
297;13;catboost_normal;0.12296286637914186;91.66666666666667;0.11933477151861362;483.4360576514339;0.11933280473135872;375.27944036480443;[3806.0, 2828.0, 3516.0, 3576.0, 2979.0, 1842.0, 3514.0, 4137.0, 3570.0, 3348.0, 3245.0, 4174.0, 3695.0];"[3179.47252772 2568.73797807 3278.52954922 3373.41989169 3021.42975365
 2865.71091511 2880.66202575 3488.60331168 3487.58779718 3415.71943367
 3103.93670428 3433.40418704 3521.87340505]";2017-07-16 12:00:00;2017-10-08 12:00:00
297;13;catboost_normal;0.2619496197433467;58.333333333333336;0.22262493279252157;840.6975076003033;0.22262155571568437;734.9899644782315;[2921.0, 2459.0, 3048.0, 3418.0, 2986.0, 2715.0, 2762.0, 3821.0, 2808.0, 2853.0, 2658.0, 3434.0, 3893.0];"[3614.79402194 3662.09375266 3671.18600732 3760.95944702 3753.62592989
 3810.66126898 3849.97684273 3845.02579828 3869.36493076 3867.6079728
 3857.83153911 3862.49574546 3880.75371873]";2017-04-16 12:00:00;2017-07-09 12:00:00
297;13;catboost_normal;0.4109394315471172;58.333333333333336;0.3154948403855911;1552.430140090336;0.31549108619710364;1331.6486400726028;[4952.0, 4025.0, 3988.0, 5023.0, 4023.0, 3548.0, 4344.0, 4251.0, 3130.0, 3264.0, 2544.0, 2957.0, 2968.0];"[4903.92458792 4904.06900178 4873.90620623 4875.00151984 5036.17345246
 5237.35409349 5317.91149534 4995.67788419 5197.70165333 5503.81857967
 5302.08570687 4856.672577   4931.98777834]";2017-01-15 12:00:00;2017-04-09 12:00:00
297;13;catboost_normal;0.2156145979672513;41.666666666666664;0.24699461557498753;1287.907930271162;0.24699181578955182;1098.589073559196;[3332.0, 3388.0, 4490.0, 4423.0, 4966.0, 6060.0, 5425.0, 5047.0, 5228.0, 5766.0, 5504.0, 3936.0, 3652.0];"[3595.77666897 3960.5481646  3650.44712884 3542.23957838 3654.60436623
 3994.22546681 4318.56884903 3677.7752037  3650.91921941 3617.67349301
 3645.58744354 3817.25411877 3821.62799042]";2016-10-16 12:00:00;2017-01-08 12:00:00
298;13;catboost_normal;0.10854419939579696;75.0;0.1106202184539636;454.2667373272579;0.11061842321377621;346.1141862092018;[3952.0, 3296.0, 3338.0, 3522.0, 3138.0, 2128.0, 2955.0, 3950.0, 3260.0, 3003.0, 2981.0, 3182.0, 3275.0];"[3106.65417344 3003.44897711 2913.53930959 3297.36475483 3066.86792207
 2900.30834304 2907.89587452 3079.98346463 3052.74970663 2898.80980326
 2973.32043036 3001.74653659 2822.44296931]";2017-07-16 12:00:00;2017-10-08 12:00:00
280;13;catboost_normal;0.13589913522221633;75.0;0.14931003504937734;306.2207660771274;0.14930582245120125;264.75418319285825;[1819.0, 1804.0, 1695.0, 1771.0, 1858.0, 2053.0, 1961.0, 1831.0, 1935.0, 1974.0, 2006.0, 1954.0, 2000.0];"[1739.55359727 1724.85744905 1653.11654798 1665.305196   1689.55828643
 1690.74565248 1673.94009602 1623.67132832 1611.56911779 1590.335489
 1545.83905182 1488.54964655 1522.15415978]";2016-01-24 12:00:00;2016-04-17 12:00:00
298;13;catboost_normal;0.16613571420917592;25.0;0.1506077811700797;531.2926951152414;0.15060524150899088;450.21346714662917;[2520.0, 2157.0, 2972.0, 3097.0, 2901.0, 2590.0, 2676.0, 3139.0, 2741.0, 2975.0, 2598.0, 2895.0, 3997.0];"[3102.75376866 3141.64887092 2888.43294585 2879.1073868  3252.50613431
 3039.45141914 2816.25511435 3024.48092679 3157.40132748 3308.496083
 3547.34964378 3452.1258654  3325.19189468]";2017-04-16 12:00:00;2017-07-09 12:00:00
298;13;catboost_normal;0.3052137433660439;33.333333333333336;0.2508342867097573;978.8827041610781;0.2508305881325283;853.562255563075;[3042.0, 3350.0, 3480.0, 4120.0, 3248.0, 2799.0, 3448.0, 3396.0, 2719.0, 2659.0, 2125.0, 2764.0, 3408.0];"[3604.46953264 3935.50651354 3874.94610204 3511.35345291 3998.20564909
 3834.97082446 3807.02340434 3742.54644923 3863.65000738 4157.94073993
 4115.8570053  3998.8296856  3991.71686169]";2017-01-15 12:00:00;2017-04-09 12:00:00
298;13;catboost_normal;0.14266394760216577;33.333333333333336;0.14846810630965834;621.2977158532907;0.1484660004120935;527.2807055825166;[2901.0, 2738.0, 3767.0, 3440.0, 3756.0, 4636.0, 3869.0, 3658.0, 3865.0, 4257.0, 4005.0, 3306.0, 2893.0];"[3241.0895813  3516.98727711 3395.44375733 3282.53604546 3359.16447561
 3338.58714937 3384.80873864 3380.7636903  3332.42417482 3229.35033209
 3331.52396976 3400.65940591 3315.51524162]";2016-10-16 12:00:00;2017-01-08 12:00:00
299;13;catboost_normal;0.14103314771588477;41.666666666666664;0.14596478073293878;337.11686462595725;0.14596062064828558;260.1101399644119;[2374.0, 1834.0, 1881.0, 1979.0, 1699.0, 1155.0, 1765.0, 2300.0, 1820.0, 1777.0, 1643.0, 1919.0, 1892.0];"[1715.0025728  1741.32068197 1692.05129252 1652.28457388 1681.49231795
 1667.24241695 1675.18841192 1662.05144804 1696.42787903 1666.74783514
 1631.3440709  1607.01408994 1592.88542333]";2017-07-16 12:00:00;2017-10-08 12:00:00
281;13;catboost_normal;0.035919216550838;50.0;0.03502896510026982;90.33071868917108;0.03502815639427071;75.86372880132924;[2144.366551, 2155.275445, 2134.710461, 2155.964119, 2136.584281, 2111.357748, 2151.224229, 2102.505934, 2097.694159, 2081.464003, 2116.373998, 2109.410461, 2135.181639];"[2141.47367465 2139.50053276 2164.997743   2170.33844083 2179.66755291
 2197.88190903 2224.99263437 2223.85203791 2222.16659334 2238.85625279
 2246.41780938 2220.70778276 2210.1529615 ]";2016-10-23 12:00:00;2017-01-15 12:00:00
299;13;catboost_normal;0.19904750286920703;58.333333333333336;0.177643176344653;337.3621238364971;0.17763805008803474;308.8472435947411;[1670.0, 1453.0, 1678.0, 1656.0, 1540.0, 1459.0, 1304.0, 1661.0, 1603.0, 1751.0, 1569.0, 1726.0, 2086.0];"[1888.30094757 1938.8621064  2004.31585921 2029.79307601 2012.13817499
 1887.45947153 1815.00767165 1904.21040014 1864.57070544 1786.1628162
 1863.41772604 1906.04311383 1901.26790227]";2017-04-16 12:00:00;2017-07-09 12:00:00
299;13;catboost_normal;0.4753256608462636;75.0;0.3770872574303;830.5396321624121;0.377078370169231;810.1594936657054;[2599.0, 2061.0, 1797.0, 2202.0, 1828.0, 1659.0, 2024.0, 1815.0, 1458.0, 1538.0, 1250.0, 1485.0, 2018.0];"[2243.77341245 2724.8633331  2667.99311369 3136.99070492 2536.89655612
 2500.38202376 2699.95249769 2686.4932484  2512.51168926 2419.12853242
 2353.79869235 2299.87239368 2772.96404473]";2017-01-15 12:00:00;2017-04-09 12:00:00
299;13;catboost_normal;0.17079292621895859;50.0;0.19373733919883365;585.9982063330414;0.19373303439156453;440.9857127732396;[1799.0, 1653.0, 2238.0, 2018.0, 2528.0, 3361.0, 2196.0, 2428.0, 2413.0, 2699.0, 2769.0, 1964.0, 1951.0];"[1902.41964309 1934.32759289 1918.27928562 1906.10333774 1971.86958699
 1910.77386236 1926.41432074 1946.42827901 1934.9656563  1923.3684919
 1926.19263739 1925.12391663 1927.41359524]";2016-10-16 12:00:00;2017-01-08 12:00:00
281;13;catboost_normal;0.030769120070816704;50.0;0.030269907843040473;69.30865829877573;0.030269224377664824;67.03778287840763;[2216.598643, 2220.031451, 2212.909904, 2225.02954, 2174.104513, 2178.80786, 2200.123093, 2185.990332, 2158.927647, 2133.135815, 2160.368445, 2166.920208, 2146.132518];"[2280.25624167 2282.66953347 2274.70638708 2264.56169077 2266.31288498
 2264.00014982 2255.65931667 2247.68037729 2244.24642965 2234.28870398
 2218.33944881 2213.09626869 2204.75371352]";2016-07-24 12:00:00;2016-10-16 12:00:00
281;13;catboost_normal;0.019130371068060537;41.666666666666664;0.019019480996923143;45.39530010335339;0.019019059990340238;42.96324090798684;[2262.1146, 2254.15042, 2256.725133, 2250.48081, 2246.148299, 2238.065547, 2243.420176, 2223.636593, 2206.576469, 2221.913881, 2255.223099, 2264.501759, 2272.475569];"[2306.65509842 2314.92061004 2302.95111849 2281.37129733 2272.91010393
 2283.51678708 2296.90636518 2272.47845473 2263.02061435 2248.60238446
 2242.17415171 2225.47460847 2206.130441  ]";2016-04-24 12:00:00;2016-07-17 12:00:00
281;13;catboost_normal;0.05419637995862337;33.333333333333336;0.05652541441879101;153.29844482343813;0.05652412406826994;123.82016754225252;[2202.496997, 2238.050405, 2254.949261, 2261.85342, 2252.003566, 2273.44867, 2266.749483, 2269.166461, 2254.732743, 2245.067913, 2297.067036, 2319.072462, 2311.912037];"[2235.31898423 2233.56970414 2200.34171288 2169.50042546 2157.54329943
 2166.70655476 2151.38208708 2113.64741101 2151.49931772 2197.72573862
 2096.28558398 2036.79297142 1992.23845966]";2016-01-24 12:00:00;2016-04-17 12:00:00
282;13;catboost_normal;0.05604205369848818;33.333333333333336;0.05818620094786419;22.42822799383398;0.05817721405253394;18.850578796479134;[338.554154, 335.62152, 339.293614, 334.767926, 346.838264, 348.526527, 321.768721, 345.408096, 330.985181, 329.278867, 317.836472, 335.474349, 303.970852];"[346.03274388 344.56069667 331.05196276 326.43409737 318.82033231
 309.17744684 290.21616388 305.52177163 310.02755284 312.50127716
 314.03395658 312.26526076 312.48241493]";2016-10-23 12:00:00;2017-01-15 12:00:00
282;13;catboost_normal;0.0519160733616815;41.666666666666664;0.05272192116798238;20.14850983504993;0.05271390943020672;17.344839794570625;[325.816364, 318.168071, 312.133536, 336.84593, 332.494898, 325.54018, 328.929647, 337.882928, 342.315713, 340.480125, 344.060925, 342.651392, 343.591202];"[333.11706612 340.62617925 339.7093946  337.57225439 337.43332941
 332.75981384 324.36587449 320.24335098 314.84347397 316.54603021
 316.43161274 315.87229617 316.34543473]";2016-07-24 12:00:00;2016-10-16 12:00:00
282;13;catboost_normal;0.013817405209406648;66.66666666666667;0.013871041462992343;5.492411985660287;0.01386888249419982;4.45680396914376;[332.879475, 325.462935, 328.323934, 320.014787, 326.237463, 323.437475, 306.161411, 317.807779, 319.419828, 318.387551, 319.783338, 332.407648, 329.944078];"[333.71148007 327.28837642 319.57232123 314.97000442 323.74475776
 320.06669604 316.1030649  314.76638169 318.21753497 321.76823141
 320.89585029 322.75303642 322.65610096]";2016-04-24 12:00:00;2016-07-17 12:00:00
282;13;catboost_normal;0.031314204915020544;58.333333333333336;0.030574354823469208;12.499036218643358;0.030569677410794235;9.992480127561874;[314.415903, 309.898505, 318.283189, 317.5496, 318.724534, 323.48587, 336.174777, 330.290369, 336.235897, 335.177677, 327.896184, 327.685618, 331.320799];"[330.46765798 334.67735361 338.32495106 336.14459076 330.94796735
 335.5991306  331.56484335 336.9786094  333.95281266 333.93674864
 332.15100191 331.51936937 334.50823427]";2016-01-24 12:00:00;2016-04-17 12:00:00
283;13;catboost_normal;0.042872110370587316;66.66666666666667;0.042900170586371605;26.997866897819485;0.04289635203787577;24.130390332925803;[572.83, 578.84, 601.86, 577.06, 575.18, 583.88, 583.42, 586.89, 590.86, 592.64, 588.47, 514.43, 504.2];"[563.19323482 566.53518527 562.85771399 562.78694254 561.95503589
 565.47741375 568.37816907 569.14409739 565.72365305 563.38308394
 558.67237631 555.04094931 553.46103105]";2016-11-27 12:00:00;2017-02-19 12:00:00
283;13;catboost_normal;0.011594715781401284;33.333333333333336;0.011632974299431506;7.3188647412884515;0.011631936790294523;6.521844889782843;[565.68, 566.31, 567.68, 568.25, 544.81, 551.23, 550.18, 550.83, 551.52, 572.83, 569.2, 569.05, 567.78];"[559.24365297 559.96378841 558.11322468 557.37960137 551.11267701
 549.72970125 553.94674392 559.23803594 558.73294253 559.57379817
 563.02858871 566.71206205 570.38800178]";2016-08-28 12:00:00;2016-11-20 12:00:00
283;13;catboost_normal;0.038433262127010405;58.333333333333336;0.03928394949399981;23.000125016157057;0.03928038642693429;21.65518905647499;[556.07, 559.68, 561.62, 565.69, 561.25, 573.4, 566.31, 558.97, 555.67, 565.31, 568.06, 560.16, 558.43];"[550.37159639 548.45600413 545.53776028 546.4878274  535.77603876
 541.70457389 540.90190575 538.8657546  541.77665867 539.9484928
 537.52848161 533.16102426 528.58642372]";2016-05-29 12:00:00;2016-08-21 12:00:00
283;13;catboost_normal;0.17301520306878257;50.0;0.1579816744076263;95.72859291041463;0.15796799211207443;91.26713765833703;[538.45, 539.69, 548.02, 532.49, 533.79, 524.57, 520.79, 510.26, 509.59, 515.48, 514.5, 551.73, 550.35];"[579.65386577 590.50374346 600.30532629 603.10893842 610.37737925
 614.7313583  626.73810638 628.62027585 615.68546821 623.1943043
 647.31862797 663.36326141 672.58213395]";2016-02-28 12:00:00;2016-05-22 12:00:00
284;13;catboost_normal;0.019849772506458193;50.0;0.020107427480944736;18.053938495890566;0.020106007395168376;14.23619044802845;[692.124, 687.527, 691.085, 705.06, 706.426, 697.053, 691.771, 695.644, 716.192, 722.715, 721.569, 721.882, 739.725];"[699.37034266 693.64635462 701.8056586  703.08871543 701.65159861
 703.70592486 700.99203351 700.87022091 697.37683742 697.80851126
 697.9030804  697.75634168 698.09997453]";2016-11-27 12:00:00;2017-02-19 12:00:00
284;13;catboost_normal;2.9655017625396716;58.333333333333336;1.1371554607287984;2573.120302463282;1.1371048060352225;2060.54093153141;[687.294, 680.236, 681.891, 692.641, 698.073, 693.054, 668.283, 699.396, 717.748, 679.468, 705.59, 691.717, 698.296];"[3.64238949e+00 4.79200535e+02 9.67766906e+02 1.68641910e+03
 1.67635054e+03 2.07323691e+03 2.48988074e+03 2.85983887e+03
 3.16435368e+03 3.13468066e+03 4.04955259e+03 5.50164366e+03
 5.92477838e+03]";2016-08-28 12:00:00;2016-11-20 12:00:00
284;13;catboost_normal;1.6553598344288227;25.0;0.5499549043385982;1807.1865008931277;0.5499423133467857;1217.8176512548284;[3662.901, 3672.638, 3697.302, 3719.624, 3740.766, 3749.499, 3770.942, 3787.893, 697.16, 685.128, 686.992, 667.622, 694.638];"[3709.20723407 3629.16192209 3549.48658955 3516.92265993 3504.66833959
 3576.66008858 3571.02652862 3528.23152779 3525.95752441 3543.41995024
 3625.40538217 3645.12686097 3614.44717059]";2016-05-29 12:00:00;2016-08-21 12:00:00
284;13;catboost_normal;0.03842365057845181;75.0;0.03928702783590892;147.2302329860253;0.03928646472759888;137.07062383445677;[3438.145, 3451.426, 3469.281, 3494.929, 3507.401, 3518.455, 3534.266, 3553.353, 3566.23, 3587.38, 3609.773, 3630.732, 3685.708];"[3408.08802224 3395.37113776 3386.71979213 3376.71174598 3378.41952684
 3379.06329566 3388.36631512 3395.49524317 3416.53621927 3421.68954146
 3433.75809736 3434.35120544 3450.59074772]";2016-02-28 12:00:00;2016-05-22 12:00:00
