DATA;MCPM;UF;PRODUCT;MODEL;PARAMS;WINDOW;HORIZON;RMSE;MAPE;POCID;PBE;P1;P2;P3;P4;P5;P6;P7;P8;P9;P10;P11;P12
combination;12644.218429023644;MT;querosenedeaviacao;combination-mean;ARIMA-SARIMA-VARMA-RF;12;12;1728.1016683704504;0.22861326280750768;83.33333333333333;24.39722284775471;6325.275462682733;5364.76817554131;4599.399535094677;3906.253167314946;3463.5076632006067;3266.3973267918955;2476.6056482087106;3767.7990275286616;4091.024190747266;5252.03006239267;6125.253277792361;5068.567986753568
