DATA;MCPM;UF;PRODUCT;MODEL;PARAMS;WINDOW;HORIZON;RMSE;MAPE;POCID;PBE;P1;P2;P3;P4;P5;P6;P7;P8;P9;P10;P11;P12
combination;2548.0222689610587;TO;querosenedeaviacao;combination-mean;ARIMA-SARIMA-VARMA-RF;12;12;233.57811885931665;0.17384456294561346;75.0;5.1931666472553575;716.0130989781183;734.6635238612048;749.5471756500007;775.5418999218512;806.723637390102;814.6143367929737;839.7929424680044;879.8740551843898;864.3076332901462;910.207079246274;892.0461726517932;814.6294841329005
