DATA;MCPM;UF;PRODUCT;MODEL;PARAMS;WINDOW;HORIZON;RMSE;MAPE;POCID;PBE;P1;P2;P3;P4;P5;P6;P7;P8;P9;P10;P11;P12
combination;29260.77319612521;BA;querosenedeaviacao;combination-mean;ARIMA-SARIMA-VARMA-RF;12;12;2021.8291545683064;0.08785484101813852;66.66666666666667;8.579811199582581;14825.027193467826;13431.659062855619;13318.388304764096;13874.766371496167;15806.720455881354;14617.323029866815;14734.280159720092;16879.52672196252;16759.2223955063;19638.172112170043;20063.35085361837;15946.80216958211
