DATA;MCPM;UF;PRODUCT;MODEL;PARAMS;WINDOW;HORIZON;RMSE;MAPE;POCID;PBE;P1;P2;P3;P4;P5;P6;P7;P8;P9;P10;P11;P12
combination;11051.323364407317;SC;querosenedeaviacao;combination-mean;ARIMA-SARIMA-VARMA-RF;12;12;1016.5125090990114;0.10477584180700479;75.0;10.716430295506303;5279.432386665716;4678.462450920837;4623.583776158794;4532.478250476091;4731.423680170139;4532.945526861774;4585.17029144056;4780.0427342505145;4963.370628605825;5428.706155213718;5735.449525115719;5253.932275522946
