DATA;MCPM;UF;PRODUCT;MODEL;PARAMS;WINDOW;HORIZON;RMSE;MAPE;POCID;PBE;P1;P2;P3;P4;P5;P6;P7;P8;P9;P10;P11;P12
combination;32710.157062646067;PR;querosenedeaviacao;combination-mean;ARIMA-SARIMA-VARMA-RF;12;12;2245.2569653583255;0.30675681211247646;66.66666666666667;-28.823916818568872;8225.416229306466;8451.941712175445;8701.834201238356;8639.454565721575;9461.41677617709;9721.972019827997;9864.245062871501;10513.61070241168;10762.90275986409;10803.947609307354;10621.368976658374;9985.447544122086
