DATA;MCPM;UF;PRODUCT;MODEL;PARAMS;WINDOW;HORIZON;RMSE;MAPE;POCID;PBE;P1;P2;P3;P4;P5;P6;P7;P8;P9;P10;P11;P12
seasonal;217.0907804905317;AC;gasolinadeaviacao;ARIMA;{'p': 24, 'd': 1, 'q': 8};12;12;25.19164067752223;1.9467821187897787;83.33333333333333;192.10179111589696;54.275550879402886;-23.679107841286857;12.075769696565283;-32.89214628596651;-13.338975135971435;-13.125068941008115;52.29508145564966;32.86800239698175;-39.715747718047155;16.864734082330703;-34.7547536764544;-6.297891853475354
trend;132.32757795796846;AC;gasolinadeaviacao;ARIMA;{'p': 24, 'd': 1, 'q': 17};12;12;17.739688114137522;0.2887833516604258;83.33333333333333;-28.800689523457834;83.13470427032078;83.61527461394586;83.59521684962208;83.3681381732803;82.86930406322702;81.87019603242699;80.25639957689654;78.11963085661051;75.96340950322876;73.71844005948915;71.32937866730816;68.82837338790414
resid;630.404406531235;AC;gasolinadeaviacao;ARIMA;{'p': 23, 'd': 0, 'q': 5};12;12;22.55370766001576;8.036683085087182;58.333333333333336;-45.78499281415932;-6.114089284091591;8.879214022406071;-8.183695188581305;1.8228496786960569;2.4587185229581627;-20.213072469630607;1.9659211888919517;-11.397736878097245;3.6992103752253667;-0.2568848823622112;9.485593285501245;-2.584056371321296
seasonal_trend;280.5373216167929;AC;gasolinadeaviacao;ARIMA;{'p': 20, 'd': 1, 'q': 6};12;12;25.246860622602295;0.33239244881694646;75.0;-16.106320964258433;122.72711417429657;55.522050905610826;82.4721128246797;40.58164506789608;62.02491053239547;57.61708590464617;113.94966172944395;97.40292039746546;24.783970977899223;88.68902363212052;42.57694589622106;59.25110354543339
