DATA;MCPM;UF;PRODUCT;MODEL;PARAMS;WINDOW;HORIZON;RMSE;MAPE;POCID;PBE;P1;P2;P3;P4;P5;P6;P7;P8;P9;P10;P11;P12
seasonal;2243.595515244246;SP;gasolinadeaviacao;ARIMA;{'p': 11, 'd': 0, 'q': 23};12;12;83.77268542814527;2.073254306713439;41.666666666666664;79.99764646060838;41.63145041903951;-152.09378788985654;89.34563742878726;3.8613241341380498;31.92728390143946;47.208621372348745;23.908680523599124;174.75093672242485;-52.17115459278226;-97.46067179229928;-13.154003802496371;-109.32250555877104
trend;709.9768301534647;SP;gasolinadeaviacao;ARIMA;{'p': 2, 'd': 1, 'q': 7};12;12;97.37393759406515;0.14663458017708694;83.33333333333333;14.825607503547536;533.6253148030496;532.2018911027915;532.7053818150813;534.3271598974497;536.4545345446336;538.687590266605;540.8172788241183;542.7599833485465;544.5353119732491;546.1573248131562;547.639045093124;548.9923839760947
resid;643.147247444094;SP;gasolinadeaviacao;ARIMA;{'p': 9, 'd': 1, 'q': 12};12;12;42.89689939290972;0.7265922895741896;66.66666666666667;334.5882279785143;-30.403763304114598;18.93190394976349;-0.526833238443527;2.133173379339693;5.992231253825777;4.914649605923421;-6.557039841477315;-1.4856413518923164;20.27571336407592;1.96680000174328;-0.5496031058532589;2.9554738908934506
seasonal_trend;2286.1978051959536;SP;gasolinadeaviacao;ARIMA;{'p': 16, 'd': 1, 'q': 5};12;12;125.95935185400172;0.18756840990357856;58.333333333333336;18.2658699885801;577.2379586102858;409.35108158613167;610.0334695518804;531.5900153587057;555.2274940992991;551.5074792702683;515.3886143873151;647.399346043279;442.88723982557946;415.10025622223066;491.36573947875706;422.85614339859967
