DATA;MCPM;UF;PRODUCT;MODEL;PARAMS;WINDOW;HORIZON;RMSE;MAPE;POCID;PBE;P1;P2;P3;P4;P5;P6;P7;P8;P9;P10;P11;P12
seasonal;394.0730317309886;AP;gasolinadeaviacao;ARIMA;{'p': 24, 'd': 1, 'q': 4};12;12;21.623811634961086;3.4441192813939128;66.66666666666667;74.12450611366094;-21.646800315797478;4.902082621133017;32.988036688319404;-25.00137090929552;14.922183957121272;-16.145242505996592;8.581059882115463;35.40074962138005;-15.551540073712111;-46.53804719821291;27.339259989267656;3.255834469233861
trend;166.9985147523737;AP;gasolinadeaviacao;ARIMA;{'p': 22, 'd': 0, 'q': 18};12;12;21.694755433235876;0.6279040569162241;83.33333333333333;-59.1972252664025;57.95224715202942;58.137075576665;57.99330295480981;57.73389641367064;57.53967623830636;57.29419841748969;56.93349801801026;56.52055451950419;56.20733240021826;55.98175055597925;55.813747673433646;55.64474153488191
resid;271.7028436098064;AP;gasolinadeaviacao;ARIMA;{'p': 18, 'd': 1, 'q': 19};12;12;16.869149395315237;1.298060498306895;66.66666666666667;-326.422264333295;-3.7873564645852897;-9.838157497385854;-9.52555932337459;8.91323200266804;-5.805477877262464;-6.19610784995439;-12.78082717307233;6.544670269815034;-9.150375262765927;2.2173528248615746;-8.102508620097264;-1.1334224298161595
seasonal_trend;449.6750032168844;AP;gasolinadeaviacao;ARIMA;{'p': 23, 'd': 1, 'q': 7};12;12;28.913684455510477;1.1999041467893965;66.66666666666667;-54.50012244995492;34.66386273842356;66.64053310765073;91.9855108753622;36.48650369518934;73.13441435611125;42.59263842187445;65.01717949144907;86.66541188570154;38.979101142380884;7.438465109492547;80.50820908414663;54.43045667729589
