DATA;MCPM;UF;PRODUCT;MODEL;PARAMS;WINDOW;HORIZON;RMSE;MAPE;POCID;PBE;MASE;P1;P2;P3;P4;P5;P6;P7;P8;P9;P10;P11;P12
normal;11630.633314647612;AL;querosenedeaviacao;knn_noresid;{'n_neighbors': 5};12;12;589.1758027538147;0.12460606944214048;54.54545454545455;-3.6784498617693973;0.5611681656925278;4713.86412503538;3157.1233493095287;3215.0146399474606;3321.74913478763;4791.406337603085;4104.977801185795;4210.238241202884;4807.261473977051;4483.855613091565;5901.2346033437725;6515.502575760399;4201.433915686678
log;22493.802768139296;AL;querosenedeaviacao;knn_noresid;{'n_neighbors': 9};12;12;949.183734660609;0.17290926754507938;45.45454545454545;-4.86184865478389;0.8523330086644247;4002.293228255533;2962.50815449774;3086.448014302288;3988.496564218816;4236.051342814887;3858.128430089844;4496.250630359731;4913.164387685214;5851.440623416682;6848.888308703163;4793.316428746179;4996.460055050981
deseasonal;12032.916735661694;AL;querosenedeaviacao;knn_noresid;{'n_neighbors': 5};12;12;609.526249387605;0.1268621278812421;54.54545454545455;-3.581636633190554;0.575417808509741;4599.905391411155;2897.227316799638;3054.7182859210902;3159.069342024749;4683.552949352849;3900.8389929090868;4211.749031048445;4829.836949438596;4631.607864267574;6297.512891012161;6833.245534499921;4274.51112689849
