DATA;MCPM;UF;PRODUCT;MODEL;PARAMS;WINDOW;HORIZON;RMSE;MAPE;POCID;PBE;MASE;P1;P2;P3;P4;P5;P6;P7;P8;P9;P10;P11;P12
normal;53768.401949020954;PA;querosenedeaviacao;knn_noresid;{'n_neighbors': 7};12;12;2706.788537427431;0.4131040435297077;54.54545454545455;-41.70626102498032;0.6937873989262111;7267.756743322261;5554.4758410202885;6692.179652136917;6763.0086745788285;8012.738474683605;7783.673966970818;8015.348212417851;9182.538644993814;8599.936186475054;10154.868267800759;8782.884880432806;11119.787081782164
log;79973.82742466583;PA;querosenedeaviacao;knn_noresid;{'n_neighbors': 9};12;12;2881.276394252749;0.454237838421482;36.36363636363637;-44.57053441036313;0.7561277672857342;5557.250841337784;7095.200687081252;6254.915365209519;7118.888397661183;8030.994144508826;9229.931613451177;9796.280498531825;8546.073172315031;9757.287389889092;8809.312310192725;10482.795435012615;9229.68524962453
deseasonal;33999.19451735676;PA;querosenedeaviacao;knn_noresid;{'n_neighbors': 5};12;12;2831.6267417926783;0.4517796355583958;72.72727272727273;-45.54907682087765;0.7577129849189541;6283.393868534712;6080.457868867963;6994.9654495017185;7703.953713869248;8596.159208758472;8751.423112065877;8745.732257155672;8780.852901578191;9123.243171369657;10636.052432200135;10220.614883681943;8668.009272886311
