DATA;MCPM;UF;PRODUCT;MODEL;PARAMS;WINDOW;HORIZON;RMSE;MAPE;POCID;PBE;MASE;P1;P2;P3;P4;P5;P6;P7;P8;P9;P10;P11;P12
normal;351945.2736653965;MT;oleodiesel;knn;{'n_neighbors': 9};12;12;29715.968853483715;0.07891808869050941;72.72727272727273;5.822833533715467;0.9053632204541038;320355.1129129039;261940.06040541697;271136.04093035887;321282.0820322219;349503.4062696027;340724.2452098226;329144.67225136014;341931.4137098519;293690.9305061994;256532.64139748734;308686.8224405552;345039.66388709145
log;1647950.6029244629;MT;oleodiesel;knn;{'n_neighbors': 9};12;12;52234.91581448421;0.13145169819620564;27.272727272727273;6.083135143308107;1.535540903489744;233270.2773284986;249878.91927624636;302742.87429664243;318068.29727886245;303832.72107569245;309842.62293904263;339035.30497272627;348045.7315475873;352711.59028492164;344653.7851057746;337624.9050290319;289922.9557420307
deseasonal;426804.0407590302;MT;oleodiesel;knn;{'n_neighbors': 5};12;12;36020.452933390996;0.09114922345540412;72.72727272727273;6.464346923432207;1.0524344787256874;335273.6231093172;266587.45823453204;237153.05111497635;302792.4722625836;333731.3560935711;342125.4511195826;325132.4406312592;333381.67664484796;289072.14040898567;281664.50094286323;325903.54570606526;341673.5724019005
