DATA;MCPM;UF;PRODUCT;MODEL;PARAMS;WINDOW;HORIZON;RMSE;MAPE;POCID;PBE;MASE;P1;P2;P3;P4;P5;P6;P7;P8;P9;P10;P11;P12
log;40946.06051507375;CE;oleodiesel;knn;{'n_neighbors': 5};12;12;5654.637839279966;0.0558799574592344;90.9090909090909;4.538187782298524;0.8055408148106048;88389.67880801392;82890.6504598695;87703.67384273313;90263.34988380688;93281.10677922872;97526.38346213417;96096.38874162006;97333.5571104262;96243.7420461774;99362.49268070963;94481.37204056096;86030.41082414785
normal;65197.46167147876;CE;oleodiesel;knn;{'n_neighbors': 3};12;12;6009.036195263025;0.05654313189677;81.81818181818181;4.873603804893632;0.820831311124042;88960.37975832849;81558.30018788563;85539.78229155332;91339.46637524944;94322.84443276087;100686.4532326576;95423.06112059354;95501.23588753218;96398.60365392074;98273.65551901286;91115.36782073342;86584.93971416583
