DATA;MCPM;UF;PRODUCT;MODEL;PARAMS;WINDOW;HORIZON;RMSE;MAPE;POCID;PBE;MASE;P1;P2;P3;P4;P5;P6;P7;P8;P9;P10;P11;P12
normal;36503.674195677755;AL;oleodiesel;knn;{'n_neighbors': 5};12;12;4612.329992870483;0.0952549493922229;81.81818181818181;6.02128141855225;1.8269306366193425;27578.910725409354;26524.523885228635;28117.822822060967;28668.044502303503;29427.707181479658;32313.940876384906;38297.9685196434;38457.12166980087;39255.958130944724;37503.33646709719;34530.625340804734;34407.32489073423
log;43768.875685674495;AL;oleodiesel;knn;{'n_neighbors': 9};12;12;5522.049030205276;0.12255756074237341;81.81818181818181;4.846650346778518;2.3048443492503567;25164.567583707525;28344.98383527426;28404.102826608592;29028.965307192087;32469.02914483055;36444.59916487947;38649.22705407644;39998.05130732302;39641.86849874308;35937.71932756795;34244.06641975881;31694.21297241731
deseasonal;47431.0788947934;AL;oleodiesel;knn;{'n_neighbors': 1};12;12;4005.3965442093604;0.07421811260936798;72.72727272727273;5.828839990187399;1.381466915121061;28350.539768510465;27378.377366571225;27547.0450422357;25486.407797174623;30055.537259753444;29583.914932583768;33501.64171915007;39629.21789300448;40065.54563737592;40344.16321077043;39723.5442713996;34226.36722743251
