DATA;MCPM;UF;PRODUCT;MODEL;PARAMS;WINDOW;HORIZON;RMSE;MAPE;POCID;PBE;MASE;P1;P2;P3;P4;P5;P6;P7;P8;P9;P10;P11;P12
normal;248370.8302918255;CE;oleodiesel;knn;{'n_neighbors': 3};12;12;9002.651909932021;0.0763082154937063;36.36363636363637;6.259455426555398;1.1022762623058406;73668.0626502244;84451.40766900766;89087.3815071753;91488.52948600668;93736.92595638073;93369.3382106127;98512.16628126195;94163.39183320818;96373.82572185977;93990.40042189661;92388.91348632066;88365.26513455444
log;201149.81628475076;CE;oleodiesel;knn;{'n_neighbors': 5};12;12;8504.660539757922;0.07536066106143792;45.45454545454545;5.470189529661937;1.0738198132693015;74332.11872095666;85050.52605197461;86538.14709681703;89254.25508522002;94664.54871891829;98431.48068506298;99713.64974126013;95591.05652598928;97667.39273570038;93732.38497398338;92589.21313209446;91204.88715356805
deseasonal;85234.01493031805;CE;oleodiesel;knn;{'n_neighbors': 7};12;12;7199.802075979531;0.06659505177736742;72.72727272727273;5.798154093020857;0.9558324985412886;79298.85308287115;81632.65383721539;83905.06298223317;87368.97479761817;93154.93777766716;96355.33917889991;96364.1375307086;100105.03927361441;97774.38790259542;97937.21196235681;95242.58991927067;85818.36791775492
