DATA;MCPM;UF;PRODUCT;MODEL;PARAMS;WINDOW;HORIZON;RMSE;MAPE;POCID;PBE;MASE;P1;P2;P3;P4;P5;P6;P7;P8;P9;P10;P11;P12
normal;444550.33012333105;RS;oleodiesel;knn;{'n_neighbors': 1};12;12;28176.044362166595;0.07307351108644979;63.63636363636363;1.4511783384281152;1.0931040762466993;381499.5862619064;386415.0686331629;263353.3017395277;327939.86483807897;312128.9536400083;330727.6852920541;305843.46610380604;346196.5777355025;340143.8846275141;303329.44218466314;285215.9706057688;299790.545524844
log;1143256.3350418622;RS;oleodiesel;knn;{'n_neighbors': 7};12;12;48317.56524257697;0.0978632605114147;45.45454545454545;3.5920470681343444;1.5563164131339173;260789.02669716798;322531.3301116392;366533.13738026173;323480.9112944997;308243.3385412357;293640.05345510325;317805.6174614246;325709.4476105238;348048.8237628963;336540.86556096264;317352.6789111511;277564.08538697823
deseasonal;304076.09750075144;RS;oleodiesel;knn;{'n_neighbors': 9};12;12;25698.86732923503;0.05268831987829568;72.72727272727273;2.6256614462176677;0.8311828430479017;329359.48132417153;358126.83611443185;322071.7163462222;284590.1356764268;303063.5148533586;323058.8982943953;315811.2272389748;352281.74680405867;348311.295392439;311928.70225027174;302660.3749049056;285048.6345862718
