DATA;MCPM;UF;PRODUCT;MODEL;PARAMS;WINDOW;HORIZON;RMSE;MAPE;POCID;PBE;MASE;P1;P2;P3;P4;P5;P6;P7;P8;P9;P10;P11;P12;Test Statistic;p-value;Lags Used;Observations Used;Critical Value (1%);Critical Value (5%);Critical Value (10%);Stationary
normal;68368.9317402908;PA;etanolhidratado;ARIMA;{'p': 3, 'd': 2, 'q': 2};12;12;3133.4650037107385;0.3826127791257228;54.54545454545455;47.058000581037966;1.0351498894680844;2722.8234586318026;2689.869004372301;2668.3678082457704;2686.660632715384;2659.169572592003;2674.067918651821;2649.58891596314;2662.482914551492;2639.4059767032472;2650.962534657104;2629.080660573314;2639.386760331677;-3.859021506327746;0.0023580021970841;16;380;-3.4476763783532585;-2.869176103659426;-2.570837873961219;True
log;45822.6570297583;PA;etanolhidratado;ARIMA;{'p': 24, 'd': 3, 'q': 24};12;12;3140.22128659856;0.3620075074886955;72.72727272727273;45.54168449587842;1.0088470438534185;3038.4412349064755;2723.597310558074;2887.4819682736825;2990.131309868548;2818.3566840538547;2921.529270402257;2639.6416394920075;2390.2294753699207;2450.926856858762;2598.531527617439;2680.0500786623;2748.6576051441334;-3.82893931049172;0.00262472523777;16;380;-3.4476763783532585;-2.869176103659426;-2.570837873961219;True
deseasonal;75044.10868131042;PA;etanolhidratado;ARIMA;{'p': 24, 'd': 3, 'q': 21};12;12;3153.909862439196;0.39754281261462193;45.45454545454545;47.091706457453355;1.0509243511238386;2948.144549039383;2120.347785478015;2221.1849999390583;2467.5655879599276;2927.9096196771106;2975.2679297854047;2927.4352671845004;2967.566965781045;2596.49698610749;3104.098399490925;2402.1954943638257;2293.297471725722;-3.5050689181892625;0.007857863811342816;12;384;-3.4474946672686824;-2.8690962436986855;-2.570795299750434;True
