DATA;MCPM;UF;PRODUCT;MODEL;PARAMS;WINDOW;HORIZON;RMSE;MAPE;POCID;PBE;P1;P2;P3;P4;P5;P6;P7;P8;P9;P10;P11;P12
hybrid1;1713.6543652287849;PA;gasolinadeaviacao;HYBRID;{'p': 2, 'd': 1, 'q': 2};12;12;67.34256347309395;0.2323359880144076;41.666666666666664;-14.409947174641788;393.8206465475677;247.76803636015794;306.9024115456345;295.0284953091939;236.42413726677682;325.3822470996072;240.68901762156372;285.96299359077886;298.76580796008835;197.6224069809755;278.0059102033291;161.74116596113868
half-sarima-hybrid1;1589.8498400182834;PA;gasolinadeaviacao;HYBRID;{'p': 2, 'd': 1, 'q': 2};12;12;62.48676836627556;0.21966083471606787;41.666666666666664;-11.49602137361957;254.44266975125788;244.37203439604605;253.5563541206249;295.1217820772796;326.61153760723136;347.98548050584657;240.68901762156372;285.96299359077886;298.76580796008835;197.6224069809755;278.0059102033291;161.74116596113868
half-sarima_mean-hybrid1;1728.7922168997163;PA;gasolinadeaviacao;HYBRID;{'p': 2, 'd': 1, 'q': 2};12;12;59.49265413321503;0.20844805456192927;33.333333333333336;-11.69225554711447;268.8922791636136;251.1854571417888;270.7936272899485;289.8199340798391;328.16192873158445;318.84204944334346;240.68901762156372;285.96299359077886;298.76580796008835;197.6224069809755;278.0059102033291;161.74116596113868
hybrid-deseasonal;1918.6398002263002;PA;gasolinadeaviacao;HYBRID;{'p': 2, 'd': 1, 'q': 2};12;12;87.70545770084132;0.3314025186380949;50.0;-17.389494519775635;367.1320706058796;200.2009246417283;296.73139121134216;308.62509792750666;269.52842064848585;409.1018597146282;289.8383901953165;311.93931715873396;330.7930455644763;225.4592369696739;248.86189014654946;95.01222280339924
half-deseasonal-hybrid;2077.7212835594555;PA;gasolinadeaviacao;HYBRID;{'p': 2, 'd': 1, 'q': 2};12;12;71.41982204139215;0.26773292865955356;33.333333333333336;-14.737446465469478;288.5888130237591;260.21973312690704;290.23881925799844;293.6105456963622;339.7208805584668;303.18537953770493;289.8383901953165;311.93931715873396;330.7930455644763;225.4592369696739;248.86189014654946;95.01222280339924
