DATA;MCPM;UF;PRODUCT;MODEL;PARAMS;WINDOW;HORIZON;RMSE;MAPE;POCID;PBE;P1;P2;P3;P4;P5;P6;P7;P8;P9;P10;P11;P12
hybrid1;1.79880000405858e+18;AP;gasolinadeaviacao;HYBRID;{'p': 2, 'd': 1, 'q': 2};12;12;45.19729191100987;4.0124848627561624e+16;41.666666666666664;-101.64081102392699;63.24402094694558;47.55451366642872;89.88237419111717;59.359560267774555;71.31092631617226;68.95057528023335;74.53990158006604;99.63766874310942;77.28774745351761;53.044685405412395;90.25172819344736;67.5113265377098
half-sarima-hybrid1;1.9219335118308936e+18;AP;gasolinadeaviacao;HYBRID;{'p': 2, 'd': 1, 'q': 2};12;12;44.75713979712964;3.983453323435572e+16;33.333333333333336;-89.67171124208583;64.99728864401014;34.554147499296086;60.755200945951046;71.58637083345047;43.67210562337614;73.53568145782334;74.53990158006604;99.63766874310942;77.28774745351761;53.044685405412395;90.25172819344736;67.5113265377098
half-sarima_mean-hybrid1;1.7057449306772283e+18;AP;gasolinadeaviacao;HYBRID;{'p': 2, 'd': 1, 'q': 2};12;12;43.49010010495314;3.5760392166813604e+16;33.333333333333336;-80.28977732636463;59.16643921135074;30.60116933868787;51.49855357133056;64.68365646904387;36.79195311034972;66.22517403715065;74.53990158006604;99.63766874310942;77.28774745351761;53.044685405412395;90.25172819344736;67.5113265377098
hybrid-deseasonal;1.7249493600795036e+18;AP;gasolinadeaviacao;HYBRID;{'p': 2, 'd': 1, 'q': 2};12;12;46.8693697426097;4.1123421367417416e+16;50.0;-104.98977852160807;61.835528695883724;49.73369128402527;89.413477516463;59.84111492430022;67.64034328719066;80.55680537318209;74.95913124614262;112.89617562128609;77.333641383245;51.07248870805779;92.12473509696467;59.49404162742338
half-deseasonal-hybrid;2.125419777724303e+18;AP;gasolinadeaviacao;HYBRID;{'p': 2, 'd': 1, 'q': 2};12;12;47.14557288351718;4.312758225863759e+16;33.333333333333336;-90.82202776759026;64.4129494098699;42.95110000542706;57.53267399779335;71.96386356246462;43.614967134942304;67.93888615002541;74.95913124614262;112.89617562128609;77.333641383245;51.07248870805779;92.12473509696467;59.49404162742338
