DATA;MCPM;UF;PRODUCT;MODEL;PARAMS;WINDOW;HORIZON;RMSE;MAPE;POCID;PBE;MASE;P1;P2;P3;P4;P5;P6;P7;P8;P9;P10;P11;P12
normal;33342.48666839231;BA;querosenedeaviacao;knn;{'n_neighbors': 1};12;12;2806.8852286525726;0.15869238549764092;72.72727272727273;12.768539421047775;1.7094953010990737;18234.17614481078;9997.120351958207;10322.886210990328;10825.49793255841;13727.772518735293;13012.834867084603;13878.446698685144;15923.845398141924;16403.598098788218;19781.93513409888;21724.751295272938;17361.675171702453
log;117010.51501089006;BA;querosenedeaviacao;knn;{'n_neighbors': 3};12;12;3706.1486327051066;0.1815690689066931;27.272727272727273;12.200271076134175;2.0356402515541103;9431.055290004755;9493.262806134599;10912.018091338328;14114.636390236139;13295.94484459512;13692.966724677342;15436.506806270114;15689.856019689583;21857.15143701903;22778.567486092747;17349.11541263353;18323.848256198093
deseasonal;21995.90258447934;BA;querosenedeaviacao;knn;{'n_neighbors': 3};12;12;2773.500137402568;0.13256735303610626;81.81818181818181;11.414729129085718;1.3241460697259337;10038.409881451471;9260.169420481932;9789.468388526233;11813.68046347706;15343.489585345023;15109.337928788189;12663.038136165202;16545.031945257135;18447.425550097716;21831.999556289913;23851.122994270285;19313.459582383934
