DATA;MCPM;UF;PRODUCT;MODEL;PARAMS;WINDOW;HORIZON;RMSE;MAPE;POCID;PBE;MASE;P1;P2;P3;P4;P5;P6;P7;P8;P9;P10;P11;P12
normal;5637.306875439345;MS;querosenedeaviacao;knn;{'n_neighbors': 9};12;12;356.1018850874438;0.17745026410221132;63.63636363636363;3.2540427435498986;1.0390856989456303;2173.7997214475627;1741.03646344574;1557.5827878049383;1135.1564301336991;1088.4838595337346;1816.9780596864011;1320.3275439395993;2015.9574190799333;1632.6061208976455;1955.574869966554;2420.874960527409;2013.0982752826026
log;13084.324806512932;MS;querosenedeaviacao;knn;{'n_neighbors': 9};12;12;414.13338084251905;0.201623323014133;27.272727272727273;5.25818370736345;1.0980511296549431;998.2034473264207;1331.2461319877618;1270.905598401194;1795.2609462599255;1383.6285406942498;1637.8136906740044;1993.711183547641;1872.493242216993;1966.3210650020692;1879.514864494771;2208.211247057895;2101.8034637929027
deseasonal;4435.622718529346;MS;querosenedeaviacao;knn;{'n_neighbors': 3};12;12;372.86157559734204;0.1866368866273088;72.72727272727273;-4.954021980727366;1.0540890997627248;2519.4428335867547;1756.6871976300624;1661.4580497418406;1049.9370609164932;1289.732797769505;2467.3014887232302;1274.5745446198057;1980.2608517054732;1706.6438549578318;2461.8069872104647;2554.19833105521;1920.198290072689
