DATA;MCPM;UF;PRODUCT;MODEL;PARAMS;WINDOW;HORIZON;RMSE;MAPE;POCID;PBE;MASE;P1;P2;P3;P4;P5;P6;P7;P8;P9;P10;P11;P12
normal;42744.5329781895;RS;querosenedeaviacao;knn;{'n_neighbors': 9};12;12;2699.2185002176684;0.20502783299932895;63.63636363636363;-17.44641675214009;0.6254323312344593;11819.406014204043;9460.89571255209;7584.820283204686;7807.725729746733;8522.134559317507;9743.170555634222;9941.969394061125;10211.807146334457;11444.03755258379;12798.190866738592;15038.765335666892;15521.208285305798
log;47972.030998957925;RS;querosenedeaviacao;knn;{'n_neighbors': 9};12;12;3024.0814436687883;0.2679551732667335;63.63636363636363;-22.190302233864788;0.8100653754973881;7468.286329040462;8285.746976849307;8480.146265879468;9260.190633794395;9701.645736696933;10596.776902860702;11926.258006778884;12345.78205629335;14017.811156687396;13700.033568469276;14955.442743806212;14402.683552066534
deseasonal;31449.35595902046;RS;querosenedeaviacao;knn;{'n_neighbors': 7};12;12;2641.5369061116708;0.22004600348777914;72.72727272727273;-21.54765314056858;0.6735899021236331;10451.620423231278;8947.368643595562;8932.952137575005;8204.246554711432;9445.231921028319;10435.19176334383;10667.54780581991;11154.915741630197;13320.548366151532;14938.547654630727;14887.684945429432;13044.186859903195
