DATA;MCPM;UF;PRODUCT;MODEL;PARAMS;WINDOW;HORIZON;RMSE;MAPE;POCID;PBE;MASE;P1;P2;P3;P4;P5;P6;P7;P8;P9;P10;P11;P12
normal;3334.0851407677383;MA;querosenedeaviacao;knn;{'n_neighbors': 5};12;12;419.95789530277216;0.14639558046306347;81.81818181818181;0.4034852005971792;0.8225982784641794;2202.3763891367876;1520.179525293634;1640.5817695178357;1717.3478611483683;2185.7908144433613;2108.067844244825;2077.0092979184456;2408.231419939525;2595.893144690088;3104.8872832038596;3298.705272475506;2555.9138479984877
log;13471.712739412173;MA;querosenedeaviacao;knn;{'n_neighbors': 1};12;12;568.0077564468432;0.20776801590444213;45.45454545454545;-8.255156227640324;1.174765516401664;1242.9584330741097;2038.592107240763;1728.7313536044533;2105.5161578658735;2126.6719954101245;2778.6564801920626;2954.454826132275;2440.2036147608314;3207.831499871458;2800.046355058342;3201.645627960464;3173.0578145245067
deseasonal;4614.953529809259;MA;querosenedeaviacao;knn;{'n_neighbors': 1};12;12;578.7256946068823;0.2269921077223016;81.81818181818181;-1.6377553960520157;1.2615021623995026;1271.259753899884;1176.62456761685;1477.637317099772;1780.4905374646028;2885.080945386865;2384.9267601827482;2424.5179827928164;2767.5524927989436;2749.2266757731763;3064.7912965759997;3299.447660495526;2695.301346352683
