DATA;MCPM;UF;PRODUCT;MODEL;PARAMS;WINDOW;HORIZON;RMSE;MAPE;POCID;PBE;P1;P2;P3;P4;P5;P6;P7;P8;P9;P10;P11;P12
combination;1280.6070036032838;AP;querosenedeaviacao;ARIMA-MEAN;;12;12;88.31963452192213;0.1105388209229705;66.66666666666667;6.260328625177969;362.63443179819717;357.3913989193873;368.5396374602748;337.91300376168834;392.66042654167455;364.6991996862804;333.14638368796636;358.03528774268545;345.7166697374021;404.06898503665025;382.83537972691136;326.9753399440274
