DATA;MCPM;UF;PRODUCT;MODEL;PARAMS;WINDOW;HORIZON;RMSE;MAPE;POCID;PBE;P1;P2;P3;P4;P5;P6;P7;P8;P9;P10;P11;P12
combination;26219.678278120253;AM;querosenedeaviacao;ARIMA-MEAN;;12;12;2389.51306064058;0.33709767199271196;75.0;-34.2136061468447;7706.999672153363;6873.041084848974;7683.436287121053;7755.542237547673;8952.340021732718;8935.837359585328;9190.999660981235;10334.19787681437;10196.910935955993;10919.451238844144;10010.326765974047;8532.738135336029
