DATA;MCPM;UF;PRODUCT;MODEL;PARAMS;WINDOW;HORIZON;RMSE;MAPE;POCID;PBE;P1;P2;P3;P4;P5;P6;P7;P8;P9;P10;P11;P12
combination;30771.29737767785;PR;querosenedeaviacao;ARIMA-MEAN;;12;12;2113.899481595233;0.279406704256641;66.66666666666667;-25.46219809414476;8734.587678198921;8481.610598714507;8860.943881210775;8534.916560153759;9544.732145823311;9875.99160492851;9583.446098933257;10405.868128574431;10253.416242593834;10025.311564722662;9867.617934877777;8564.473952759377
