DATA;MCPM;UF;PRODUCT;MODEL;PARAMS;WINDOW;HORIZON;RMSE;MAPE;POCID;PBE;P1;P2;P3;P4;P5;P6;P7;P8;P9;P10;P11;P12
combination;6839.796413731424;BA;queroseneiluminante;SARIMA_MEDIAN;"{'normal': ""{'p': 2, 'd': 1, 'q': 2, 's': 12}"", 'deseasonal': ""{'p': 3, 'd': 1, 'q': 2, 's': 12}"", 'log': ""{'p': 2, 'd': 1, 'q': 2, 's': 12}"", 'deseasonal-log': ""{'p': 3, 'd': 1, 'q': 3, 's': 12}""}";12;12;208.8617134219511;0.46221342939240945;25.0;47.31467470022836;247.06437518066105;193.48103267782983;217.25215560936408;221.60493372378278;203.74857573416267;267.7666589286248;219.69812014519434;222.15358999062875;210.5853846664715;222.50346179579176;261.3739760352938;168.10813062068513
