DATA;MCPM;UF;PRODUCT;MODEL;PARAMS;WINDOW;HORIZON;RMSE;MAPE;POCID;PBE;P1;P2;P3;P4;P5;P6;P7;P8;P9;P10;P11;P12
combination;7.026830135500151e+16;CE;queroseneiluminante;SARIMA_MEDIAN;"{'normal': ""{'p': 1, 'd': 1, 'q': 11, 's': 12}"", 'deseasonal': ""{'p': 5, 'd': 1, 'q': 5, 's': 12}"", 'log': ""{'p': 2, 'd': 1, 'q': 2, 's': 12}"", 'deseasonal-log': ""{'p': 8, 'd': 1, 'q': 1, 's': 12}""}";12;12;0.6025776663565937;1613056986963268.8;0.0;inf;0.08774239448643839;-0.25788627192184954;8.881784197001252e-16;8.881784197001252e-16;8.881784197001252e-16;-0.39753316264416494;-0.1733580575127318;8.881784197001252e-16;-0.6442593805959707;-0.6868142377864404;0.28160589039026096;-1.768847821363984
