DATA;MCPM;UF;PRODUCT;MODEL;PARAMS;WINDOW;HORIZON;RMSE;MAPE;POCID;PBE;P1;P2;P3;P4;P5;P6;P7;P8;P9;P10;P11;P12
combination;6938952840734035.0;DF;queroseneiluminante;SARIMA_MEDIAN;"{'normal': ""{'p': 11, 'd': 1, 'q': 11, 's': 12}"", 'deseasonal': ""{'p': 5, 'd': 1, 'q': 5, 's': 12}"", 'log': ""{'p': 2, 'd': 1, 'q': 2, 's': 12}"", 'deseasonal-log': ""{'p': 5, 'd': 1, 'q': 5, 's': 12}""}";12;12;0.05363157948233161;160162354019479.75;0.0;-inf;0.009743636955083589;0.021385667640563287;0.02157928967667824;0.01765436461064264;0.03354317795392139;0.12827551107505028;0.0005530511898796882;0.008929876236361288;0.02791565993643579;-0.0093203598447157;0.03074529822121094;-0.11711234612487775
