DATA;MCPM;UF;PRODUCT;MODEL;PARAMS;WINDOW;HORIZON;RMSE;MAPE;POCID;PBE;P1;P2;P3;P4;P5;P6;P7;P8;P9;P10;P11;P12
combination;207463.9559114095;BA;oleocombustivel;SARIMA_MEDIAN;"{'normal': ""{'p': 6, 'd': 1, 'q': 2, 's': 12}"", 'deseasonal': ""{'p': 2, 'd': 1, 'q': 2, 's': 12}"", 'log': ""{'p': 1, 'd': 1, 'q': 2, 's': 12}"", 'deseasonal-log': ""{'p': 2, 'd': 1, 'q': 2, 's': 12}""}";12;12;6356.439049866659;0.3707653002538613;25.0;38.90952350152273;11557.8718311753;8906.708330127327;7313.055152980844;7686.984763855577;7936.146848112041;9126.293765029615;8491.636740822534;9874.868790374698;11359.576992341295;8744.22370758584;8813.736048285393;7056.827493202959
