DATA;MCPM;UF;PRODUCT;MODEL;PARAMS;WINDOW;HORIZON;RMSE;MAPE;POCID;PBE;MASE;P1;P2;P3;P4;P5;P6;P7;P8;P9;P10;P11;P12
normal;287136.73693718447;RS;oleodiesel;arma;{'p': 22, 'd': 0, 'q': 7};12;12;24265.883757089516;0.05421525694694021;72.72727272727273;4.327624363256318;0.8446098893786317;355606.86876139266;347942.5519804225;307749.2263087236;285625.99549727427;290580.51250689756;310646.8779951213;306851.2651628493;344118.8880600039;342764.2572370148;306722.10634000076;277967.7331006079;292683.07340225804
log;287790.92248238024;RS;oleodiesel;arma;{'p': 22, 'd': 0, 'q': 7};12;12;24320.234421561436;0.055264206962438646;72.72727272727273;4.516740994866045;0.8612416040639974;356774.0632038723;344735.70407344593;304060.2846951405;285039.7428697571;289184.810405224;307803.97143281356;305918.2020036001;344205.51834371075;341898.9710134755;307094.264407527;282160.2559276485;292932.83176966023
deseasonal;176169.94219185074;RS;oleodiesel;arma;{'p': 6, 'd': 0, 'q': 8};12;12;22319.04137988673;0.04684117714581449;81.81818181818181;3.130795513353182;0.7332200019679909;350388.0750181485;350520.50434394355;317355.22906352405;298116.5655511261;296152.2231221037;321546.83878173935;314979.34504985437;347700.3003183846;342431.61615818384;307613.7062817664;287915.70625712274;281691.39780278807
