DATA;MCPM;UF;PRODUCT;MODEL;PARAMS;WINDOW;HORIZON;RMSE;MAPE;POCID;PBE;MASE;P1;P2;P3;P4;P5;P6;P7;P8;P9;P10;P11;P12
normal;145003.35109440796;PA;oleodiesel;arma;{'p': 22, 'd': 0, 'q': 24};12;12;18354.319943082108;0.06291941674572742;81.81818181818181;5.945907385033957;1.556434281676244;230392.56217524805;223507.7205730499;233662.16998130849;236744.97042794188;250464.9689076364;252683.89455118345;243337.79542599147;243818.0682116802;240873.13810400196;228213.23062366917;214611.61146043043;214710.83503156362
log;467.3951449920705;PA;oleodiesel;arma;{'p': 14, 'd': 0, 'q': 13};12;12;17599.20747264686;0.06133246924863065;100.0;5.601496106182842;1.5150096910684214;229859.99969879506;226077.34771532414;239163.05358006456;239006.03182667593;251901.67331532686;256139.9845796843;242547.2841494591;242121.16833958452;234241.31019269364;225844.00309971443;216322.2112076195;220097.7376494896
deseasonal;123938.4473207555;PA;oleodiesel;arma;{'p': 24, 'd': 0, 'q': 22};12;12;15699.113424946392;0.049955019236323596;81.81818181818181;4.863617837646569;1.24918079971573;230739.1759395332;220550.37826579518;238531.0162135441;239895.51568700303;251447.86395360957;252917.25499087744;250679.555780096;248370.23606429758;243816.9769406596;229740.09740480452;221355.37004872458;217347.2287118902
