DATA;MCPM;UF;PRODUCT;MODEL;PARAMS;WINDOW;HORIZON;RMSE;MAPE;POCID;PBE;MASE;P1;P2;P3;P4;P5;P6;P7;P8;P9;P10;P11;P12
log;63925.31438676525;AL;oleodiesel;knn;{'n_neighbors': 9};12;12;2948.718891852378;0.0644426140868483;54.54545454545455;4.530984752443619;1.1940355271147036;32499.34189296801;29512.756719470308;28331.3582887552;28908.22834124572;28845.23234384116;29338.3979493942;32338.101000276787;38727.64119714168;39632.07055211811;40231.644094984;38278.08424684355;34705.58406452136
normal;74150.33466377432;AL;oleodiesel;knn;{'n_neighbors': 5};12;12;2932.306716401175;0.0640791228415786;45.45454545454545;3.885308771333783;1.166469244366311;32579.865446014344;29373.65133276684;28642.228098296564;29677.858544757648;29137.048320437003;28853.559006270058;34165.59003716305;39418.23543281548;40204.67081004626;40218.76035820971;37678.22000624908;34113.15280855789
