DATA;MCPM;UF;PRODUCT;MODEL;PARAMS;WINDOW;HORIZON;RMSE;MAPE;POCID;PBE;MASE;P1;P2;P3;P4;P5;P6;P7;P8;P9;P10;P11;P12
log;511647.7279493189;MS;oleodiesel;knn;{'n_neighbors': 1};12;12;23577.137438673828;0.1160928580801043;54.54545454545455;9.257733096723909;1.3742048268037277;178460.1195545258;157974.2192828367;140697.67591185623;142936.19131937058;151873.53224513706;159343.85844050566;164123.93815808708;165832.89446958702;160078.75096525444;139575.50883156533;125887.7922009087;152062.40587808966
normal;260339.1663059556;MS;oleodiesel;knn;{'n_neighbors': 3};12;12;17995.80641673097;0.0758403960093285;72.72727272727273;6.4722533639862485;0.9235491526836942;170147.3311740635;149672.48532913058;153679.7326450495;155074.60977053916;168085.94483568764;178332.62403408813;169522.72140360565;174008.83040446028;155509.46867657846;139379.14535008618;138887.6619100131;142992.6925093454
