DATA;MCPM;UF;PRODUCT;MODEL;PARAMS;WINDOW;HORIZON;RMSE;MAPE;POCID;PBE;MASE;P1;P2;P3;P4;P5;P6;P7;P8;P9;P10;P11;P12
normal;6066.248567136882;SE;glp;rf_noresid;{'n_estimators': 200};12;12;768.5387464239562;0.04572045181737685;81.81818181818181;3.338600690076067;0.6507890960883463;11486.16923524882;11476.214787162444;11451.723570213597;11454.982894485762;11667.903097722596;11680.664893325298;11670.379885003946;11671.484050594325;11478.824942629197;11749.107621278983;11516.054556814865;11515.230345772776
log;19892.352242891597;SE;glp;rf_noresid;{'n_estimators': 50};12;12;841.3312211449276;0.054277346068178293;45.45454545454545;4.482880258563903;0.7705894109189326;11434.906824455824;11429.425261288645;11424.850229373535;11396.199204379584;11411.766203233032;11455.59702730148;11429.648236273535;11411.870325602396;11435.811935670587;11448.643519952433;11416.216121461444;11480.465986215397
deseasonal;5123.59595778865;SE;glp;rf_noresid;{'n_estimators': 200};12;12;649.4365395635758;0.03669901903424663;81.81818181818181;2.431532642520775;0.5258217813807726;11613.321993080348;11318.017725356729;11658.331660713597;11665.686544831739;12071.151380483372;12061.798112983794;11724.918538245629;12000.866950143101;11490.195753329548;12075.52871401591;11401.357180961048;11040.236756960327
