DATA;MCPM;UF;PRODUCT;MODEL;PARAMS;WINDOW;HORIZON;RMSE;MAPE;POCID;PBE;MASE;P1;P2;P3;P4;P5;P6;P7;P8;P9;P10;P11;P12
normal;89383.30931414392;PE;gasolinac;knn_noresid;{'n_neighbors': 3};12;12;11309.622402413992;0.06995288170434016;81.81818181818181;4.186266469843117;0.8423686288956574;103145.00571754629;100108.93734789133;105672.66997384495;105635.70190486136;116738.98748060504;126636.40569395438;126834.32308534668;129116.96114465808;119173.29433378116;135356.5134063971;117433.351560289;111264.95594863403
log;396150.9479608765;PE;gasolinac;knn_noresid;{'n_neighbors': 3};12;12;16737.58191959474;0.11388741527879258;45.45454545454545;5.7013690586528245;1.3824472741590368;147650.39219668153;121832.22692235323;98735.90663046186;109379.58883176405;102732.95969557913;103083.63993337743;103493.99064410158;110528.98895969971;120350.91434856136;117435.31789858687;126309.42917646837;113491.13923884623
deseasonal;143088.52175703508;PE;gasolinac;knn_noresid;{'n_neighbors': 7};12;12;12085.353688807585;0.07002866587675059;72.72727272727273;5.164360093793776;0.8454675670537982;105551.0000998051;97660.05861244959;101927.35347294682;103650.55428963371;112280.95407188064;122653.77091687491;125790.3800118675;129503.61371260972;121838.31971497969;133109.2448788493;119759.98010900288;109129.71210177004
