DATA;MCPM;UF;PRODUCT;MODEL;PARAMS;WINDOW;HORIZON;RMSE;MAPE;POCID;PBE;MASE;P1;P2;P3;P4;P5;P6;P7;P8;P9;P10;P11;P12
normal;103707.80374625532;MT;gasolinac;knn_noresid;{'n_neighbors': 7};12;12;6569.561815517575;0.09230451000261182;63.63636363636363;3.817754202324941;1.0930270252836851;60764.21514380431;58294.08923365881;46663.75440210689;53519.91637510109;51834.22998986719;53066.862083018386;50841.95519747742;51529.140601612766;53405.430447188446;53602.065858336224;54567.84698069493;52227.07283990085
log;199740.37250257618;MT;gasolinac;knn_noresid;{'n_neighbors': 9};12;12;7235.2365445743835;0.1173451839376189;36.36363636363637;-0.5480991958879731;1.3259475679178723;48335.82791554255;50226.982870329804;51937.59426099478;52840.70454943023;52807.79875523602;57338.432301382294;59598.1808673428;59258.38208798614;60010.884701557196;58455.50728047532;60497.239527888974;58073.95398593187
deseasonal;109788.35121218613;MT;gasolinac;knn_noresid;{'n_neighbors': 1};12;12;5567.792055169638;0.0826401340975094;54.54545454545455;1.8761076135975636;0.9547453677751203;64457.677333821324;57441.212846667186;55757.24278841083;53801.58822164152;51870.53075728036;50791.0759191247;50826.58049446157;51040.16063475936;52031.26973370692;58056.49717151289;52634.014122903514;54534.90371825374
