DATA;MCPM;UF;PRODUCT;MODEL;PARAMS;WINDOW;HORIZON;RMSE;MAPE;POCID;PBE;MASE;P1;P2;P3;P4;P5;P6;P7;P8;P9;P10;P11;P12
normal;11949.752227796122;RR;gasolinac;knn_noresid;{'n_neighbors': 9};12;12;1009.828460520756;0.053991323612505054;72.72727272727273;-3.6426122977696007;0.9935271737665401;16560.73378318268;16091.604626049006;15722.351190932946;14831.374102786798;14683.8351553951;15848.267463401202;17123.22461339008;16874.897893287194;15756.0242595848;17545.002499253;14888.887247014889;13844.922064390636
log;59102.393296708666;RR;gasolinac;knn_noresid;{'n_neighbors': 3};12;12;1873.8058426816765;0.11011482828592928;27.272727272727273;-2.00356232418861;2.027222207213675;16755.2090237532;17796.457476533513;17176.70279925703;17142.51242373523;15129.922999951115;13530.00221990211;15717.534224972265;14900.010838439413;14375.406240437442;14147.883177602396;14735.763698409424;15362.595524214286
deseasonal;38094.443659377794;RR;gasolinac;knn_noresid;{'n_neighbors': 1};12;12;1610.0360609604406;0.0932369033159862;45.45454545454545;-4.824052255504632;1.675196048048756;17286.556219389076;17301.59636294253;17186.362593945298;16395.640434856927;16532.97644079581;15640.957647663181;15660.142390004426;16019.68542367109;14041.355524970277;16812.561823315882;13923.426126488945;15133.09759230272
