DATA;MCPM;UF;PRODUCT;MODEL;PARAMS;WINDOW;HORIZON;RMSE;MAPE;POCID;PBE;MASE;P1;P2;P3;P4;P5;P6;P7;P8;P9;P10;P11;P12
normal;194681.03156124582;ES;oleodiesel;knn;{'n_neighbors': 9};12;12;8234.672225170838;0.05219362959702296;45.45454545454545;2.3613943671948503;1.173085614865526;103205.87393380323;98356.94292841175;108261.55279654653;101271.7891264537;108807.26467512507;110003.73422246867;117565.01278010459;119522.88194299772;112922.75339245156;116719.2437362758;106047.93660262288;108988.33752514517
log;236029.81625239173;ES;oleodiesel;knn;{'n_neighbors': 9};12;12;9982.103759093028;0.06069006974334956;45.45454545454545;3.328055440916855;1.3794175312076524;95778.33027662255;104922.84411901377;101438.48794567658;104439.53915053098;106775.856855337;113843.2121274912;120879.11976181013;112427.40367843577;116007.36469066929;105412.76784301372;109447.94769660923;107314.36132793617
deseasonal;96123.45322177942;ES;oleodiesel;knn;{'n_neighbors': 3};12;12;6098.194123194795;0.038322697514229766;63.63636363636363;1.111769714064865;0.8695685751839929;106703.92478176474;105395.04527680177;107885.29416772701;107147.09226682312;114117.3846389726;117931.70371851674;117057.95517222118;118608.26785889905;112910.01810050335;108957.05477897669;109364.11753348593;102382.87554710338
