DATA;MCPM;UF;PRODUCT;MODEL;PARAMS;WINDOW;HORIZON;RMSE;MAPE;POCID;PBE;MASE;P1;P2;P3;P4;P5;P6;P7;P8;P9;P10;P11;P12
normal;82838.33916715639;RN;oleodiesel;knn;{'n_neighbors': 9};12;12;3502.6364637302518;0.07141935771170072;45.45454545454545;2.392138440786438;1.8288645148632154;33064.80883460462;33413.105300838724;33837.377822281924;35942.68553907157;37831.24962156783;38733.29388519525;42080.31475019668;42864.330055150065;43530.06676193716;42960.83255171822;39166.927396999294;39998.229472957864
log;73636.23259722294;RN;oleodiesel;knn;{'n_neighbors': 9};12;12;3734.878612956744;0.07628564904989378;54.54545454545455;2.3353386606574147;1.95436711579434;32273.60101752362;33411.7056182236;34118.93077512155;35162.60345439595;37167.029558463364;38335.06977114596;41544.50500042744;42596.10735556611;44251.54729289283;43271.921948629766;41756.32434586806;39803.55020933215
deseasonal;23263.12459288959;RN;oleodiesel;knn;{'n_neighbors': 9};12;12;2946.127282968071;0.053278649013247546;81.81818181818181;1.7242716761538375;1.3824515813914202;33867.164694864216;32189.686858537225;33757.386814603495;36667.03055577746;39199.42177387538;40924.85325622163;41900.83559876652;43139.937003546096;42484.98090437908;43893.56800641535;40924.17205718827;37645.0865143851
