DATA;MCPM;UF;PRODUCT;MODEL;PARAMS;WINDOW;HORIZON;RMSE;MAPE;POCID;PBE;MASE;P1;P2;P3;P4;P5;P6;P7;P8;P9;P10;P11;P12
normal;95534.20778585167;RR;oleodiesel;knn;{'n_neighbors': 9};12;12;6025.54014021304;0.2501279846397082;63.63636363636363;-23.110260752336337;0.91965059763927;29900.14836585505;28368.151935987804;24440.842385746844;14212.62119986776;16318.722697417017;19179.759868146535;24112.73162869102;27839.04150073605;27727.46899886062;28729.017953495786;25601.87911103719;23862.49875361543
log;257400.40744682372;RR;oleodiesel;knn;{'n_neighbors': 1};12;12;8130.851836708604;0.37862730900545977;27.272727272727273;-25.4060165582671;1.2623221503348638;13499.570694370308;15936.220712284538;21282.219260740556;27285.698601017488;30200.4102428343;27349.356858054296;26536.209002970845;24993.333841699045;24798.46644952771;32189.212899744405;26974.562514629844;24660.994804251146
deseasonal;69969.4391396577;RR;oleodiesel;knn;{'n_neighbors': 1};12;12;5878.432074261177;0.214474542718002;72.72727272727273;-17.140520476858036;0.7724184199352669;26228.29637950266;18110.616321963655;17976.6103363805;12891.472136480235;16336.643394180921;20908.060093787088;23610.231401048455;28242.751835356084;23701.892335416636;29452.168212465018;31242.317918813595;27515.230311541705
