DATA;MCPM;UF;PRODUCT;MODEL;PARAMS;WINDOW;HORIZON;RMSE;MAPE;POCID;PBE;MASE;P1;P2;P3;P4;P5;P6;P7;P8;P9;P10;P11;P12
normal;325682.0872763923;MT;oleodiesel;knn;{'n_neighbors': 9};12;12;27501.948008059273;0.07546292590350505;72.72727272727273;4.130012287310542;0.8462649884649326;343212.5818525093;263501.084289716;278271.9615574461;337798.3074887078;365914.031255114;344895.9907879268;329472.546020228;346280.07622295583;280602.7426696131;254076.7077745695;304260.7380358067;358905.7034789795
log;1406966.1868154118;MT;oleodiesel;knn;{'n_neighbors': 9};12;12;50955.361520127306;0.13005570772366826;36.36363636363637;5.168510371030549;1.505453751869557;243691.37682727998;255535.1052461409;288584.6232239286;342884.7771969693;306855.5821727109;292326.48753190116;326402.83469355555;352563.2934924347;349995.91122810333;349686.3425481639;353207.2664744128;304217.9967740179
deseasonal;347354.927289929;MT;oleodiesel;knn;{'n_neighbors': 5};12;12;29328.228470614755;0.07906751834266826;72.72727272727273;5.066678779661694;0.9171404436084559;336375.52592317265;251351.72648144333;263962.0173442383;338540.00558905356;359461.86536546866;326218.1312287521;310850.236318705;328107.7876528192;307815.4094910656;277377.8649695073;318773.17389467644;351161.7930453947
