DATA;MCPM;UF;PRODUCT;MODEL;PARAMS;WINDOW;HORIZON;RMSE;MAPE;POCID;PBE;MASE;P1;P2;P3;P4;P5;P6;P7;P8;P9;P10;P11;P12;Test Statistic;p-value;Lags Used;Observations Used;Critical Value (1%);Critical Value (5%);Critical Value (10%);Stationary
normal;8035.33503269704;PE;querosenedeaviacao;SARIMA;{'p': 2, 'd': 1, 'q': 2, 's': 12};12;12;741.2703657161289;0.0326937264489298;81.81818181818181;-0.6578263490495188;0.3288169981135489;18070.640204325984;16680.60596312691;16696.755680816474;17227.14904691586;19068.19375864549;17972.036216257995;17401.511546900412;18274.518148818872;18494.412680997008;20052.06113925815;20811.76747542073;17975.754827357567;-5.471035357039175;2.398450550490564e-06;13;383;-3.44753973676872;-2.8691160516676844;-2.57080585953957;True
log;10866.099675723104;PE;querosenedeaviacao;SARIMA;{'p': 2, 'd': 1, 'q': 2, 's': 12};12;12;752.0767964409607;0.0317741550587179;72.72727272727273;0.0926110023609845;0.3259280011064686;18054.44143086513;16594.091655054894;16515.855855781712;17068.17802637859;18806.82176613802;17827.938762065514;17276.47387451481;18163.952114782;18380.586842843702;19909.16109710511;20649.32985613159;17847.90523641219;-5.382660242941908;3.6831356825655817e-06;13;383;-3.44753973676872;-2.8691160516676844;-2.57080585953957;True
deseasonal;8472.980940187963;PE;querosenedeaviacao;SARIMA;{'p': 8, 'd': 1, 'q': 2, 's': 12};12;12;716.619777561599;0.03136952556012385;72.72727272727273;-2.74787595005651;0.3048532783920095;18181.455618993627;16774.160093914154;16711.680529413516;17296.009030738798;19965.219172812307;18385.962143424258;17557.54588179098;18623.814952988218;18757.919582290204;21185.82357864006;21992.166340372012;17835.243453305815;-6.075329770344989;1.1251748174656972e-07;9;387;-3.447360865754795;-2.8690374364690445;-2.5707639493486636;True
