DATA;MCPM;UF;PRODUCT;MODEL;PARAMS;WINDOW;HORIZON;RMSE;MAPE;POCID;PBE;MASE;P1;P2;P3;P4;P5;P6;P7;P8;P9;P10;P11;P12
normal;62943.64945342692;PB;etanolhidratado;rf_noresid;{'n_estimators': 100};12;12;3968.5330898061743;0.2626378955568876;63.63636363636363;25.822568732483592;0.7128725918676942;10459.652459356294;10169.55592751842;8790.137315658038;6996.045443348081;5673.558496614364;5413.13225235267;6017.183036653594;8011.143881200934;10137.5097562161;10987.311367526372;11304.59519726452;12529.66459754488
log;26644.68390251289;PB;etanolhidratado;rf_noresid;{'n_estimators': 150};12;12;3338.1717414870586;0.2500422008684125;81.81818181818181;24.543544293417312;0.6299231927113937;7549.00897242758;6116.528670887687;5419.998170307322;5266.273327149937;5654.549247058568;9788.918026110288;11460.588444291123;11792.246926911752;11519.981399071288;11583.60659698538;11964.425699647742;10209.538104670864
deseasonal;26863.88660079642;PB;etanolhidratado;rf_noresid;{'n_estimators': 200};12;12;3368.0840529639104;0.23671997422200194;81.81818181818181;22.68293511259784;0.6086893197751178;11005.090202595913;8679.249302910297;7522.485872214059;6392.089153580864;5186.436094506558;5419.580696689532;6241.747198941723;10040.011073240466;11521.41489426068;13382.992262335645;13488.615835681576;12117.05080438037
