DATA;MCPM;UF;PRODUCT;MODEL;PARAMS;WINDOW;HORIZON;RMSE;MAPE;POCID;PBE;MASE;P1;P2;P3;P4;P5;P6;P7;P8;P9;P10;P11;P12
normal;39963.80043442909;AL;etanolhidratado;rf_noresid;{'n_estimators': 100};12;12;2017.1570736275662;0.29258337191900763;54.54545454545455;17.753492175816024;0.9532443252666305;6670.266734022714;5920.7441998839695;6128.613012132678;5960.023735586521;4935.641946099681;4466.62557642806;3529.2097541943276;3539.816174908583;3392.944087863615;3658.1377852581404;3957.683480036835;4833.27676657343
log;29578.69521188189;AL;etanolhidratado;rf_noresid;{'n_estimators': 50};12;12;1863.4333554404525;0.2883769416878555;63.63636363636363;16.105181994224477;0.9082581301837628;5982.2909276763;6099.873838725998;6224.020376626167;5988.750145380717;5177.620993035197;4143.386469148862;3223.231123525246;3089.701275394996;3513.5262530217396;3892.729308534773;5017.4633471738825;5782.59105912043
deseasonal;32158.56231676651;AL;etanolhidratado;rf_noresid;{'n_estimators': 200};12;12;2026.8462950996113;0.2731262547580268;63.63636363636363;14.631577500266738;0.8912935313755747;6927.67956569288;6091.327747499508;5679.188124788092;5517.1184940570965;5716.155070020473;5544.527281932139;5042.33773896096;3722.238735046959;2555.943233522181;3578.4155411433276;4119.655233431208;4661.737345100011
