DATA;MCPM;UF;PRODUCT;MODEL;PARAMS;WINDOW;HORIZON;RMSE;MAPE;POCID;PBE;MASE;P1;P2;P3;P4;P5;P6;P7;P8;P9;P10;P11;P12
normal;196010.32273267925;MS;etanolhidratado;rf_noresid;{'n_estimators': 50};12;12;9888.271066336993;0.3220930241068551;54.54545454545455;39.19753630924088;0.838210417340519;10740.790628143233;10302.812483861391;10019.280229305108;10605.707940619732;10156.751290700486;12170.39903914239;12142.962228198034;12837.565547238815;13871.46081935592;12698.273474632848;14893.653450198906;13225.273552359566
log;159280.00721578454;MS;etanolhidratado;rf_noresid;{'n_estimators': 200};12;12;10025.49150806816;0.32579405656958255;63.63636363636363;39.73712450696524;0.8497491131615603;10849.1022447385;10342.62660327543;10251.577601714403;10367.25601253444;10254.836564819283;11838.307988505603;12171.058414175523;12652.974936011913;13220.102835279693;12661.022021566532;14074.385908185266;13706.732843255497
deseasonal;1389.2445664386448;MS;etanolhidratado;rf_noresid;{'n_estimators': 50};12;12;9537.749008085091;0.3363815607744165;100.0;39.28119448600724;0.839999385777414;11232.273385951832;10155.975575074453;9160.945532572894;8316.826961429331;10682.737641785327;11107.058192110337;12111.209088938302;13045.127555957255;13512.477289266824;16657.099425530112;14403.6947096029;13081.836589161387
