DATA;MCPM;UF;PRODUCT;MODEL;PARAMS;WINDOW;HORIZON;RMSE;MAPE;POCID;PBE;MASE;P1;P2;P3;P4;P5;P6;P7;P8;P9;P10;P11;P12
normal;2135.7492428530327;RR;etanolhidratado;rf_noresid;{'n_estimators': 50};12;12;107.42309124730133;0.32335545099456137;54.54545454545455;33.23247395734843;1.0140898458470038;143.83724492695683;176.41656023396163;183.40868271642742;174.0542870173916;190.3702095169268;174.46070029457144;188.9948748292492;194.0974245353812;220.36506545902722;235.86432120483332;254.63130174326537;235.43705579553864
log;1340.4010128864309;RR;etanolhidratado;rf_noresid;{'n_estimators': 200};12;12;111.67963551521412;0.3577866552723765;72.72727272727273;36.01207156449309;1.0989093423600749;152.71516478911786;152.88448814475512;166.31515385038907;168.12863890546194;164.84097140052043;164.97620943979794;168.02537257701331;179.6874933213628;197.5167534234358;228.89450449351588;264.1639026741836;265.04298078892833
deseasonal;3033.355369349664;RR;etanolhidratado;rf_noresid;{'n_estimators': 100};12;12;109.28278551981441;0.2942130925459701;36.36363636363637;30.250813529369953;0.9536344433407795;175.6197060481323;176.74684140476873;174.61396803080274;196.51855261995075;207.74218967185402;192.03730039938685;199.84088435394352;213.9500535442161;265.7714026680742;257.8955009962037;223.29225176912837;193.83351760234163
