DATA;MCPM;UF;PRODUCT;MODEL;PARAMS;WINDOW;HORIZON;RMSE;MAPE;POCID;PBE;P1;P2;P3;P4;P5;P6;P7;P8;P9;P10;P11;P12
combination;456212.0423318309;MT;oleodiesel;combination-median;ARIMA-SARIMA-VARMA-RF;12;12;31525.771773794742;0.08610898996058484;66.66666666666667;7.126898641790989;320591.7337848413;258764.26502453658;277200.2904763556;332678.51463166444;350931.0281199663;328082.32877242327;321404.54845168546;325808.0837574323;272250.6236065513;254520.43239216038;302911.1922375054;343036.9692536248
