DATA;MCPM;UF;PRODUCT;MODEL;PARAMS;WINDOW;HORIZON;RMSE;MAPE;POCID;PBE;P1;P2;P3;P4;P5;P6;P7;P8;P9;P10;P11;P12
combination;53367.986659843154;MA;oleodiesel;combination-median;ARIMA-SARIMA-VARMA-RF;12;12;14634.100254250498;0.08859527323981188;91.66666666666667;9.008691145514018;120016.51270341198;116642.56794376699;120927.57649944161;125767.79562350831;135429.0479093924;139907.6089110563;137414.18325919897;138229.60203258676;135346.66815528378;132882.6886735404;121173.42115658695;114739.70665447542
