DATA;UF;PRODUCT;MODEL;PARAMS;WINDOW;HORIZON;RMSE;MAPE;POCID;PBE;MASE;P1;P2;P3;P4;P5;P6;P7;P8;P9;P10;P11;P12
rf;SE;etanolhidratado;knn_rf_deepar_svr_catboost_arima;{};12;12;1097.4029836011744;0.3041347065964328;54.54545454545455;14.53052994897552;0.7726399077068926;2747.6307070664952;2991.6061233887567;2977.8437628611773;3362.477692633951;3145.481099913296;2139.4869531942563;1915.4864594275932;1635.1506480305004;1945.4144588062877;3257.221624128267;3515.6523751084255;3125.5634976806214
svr;SE;etanolhidratado;knn_rf_deepar_svr_catboost_arima;{};12;12;1315.4218991606504;0.3376935066995192;27.272727272727273;13.514932087393408;0.8621312815564549;2799.3156143662914;3677.71111825512;3508.1491034946775;2900.47363545941;2446.243024380472;1614.7527911076845;1334.4531509419548;1610.3362023828136;2751.2571763028723;4103.413042864044;3844.165542263526;2558.006639345026
ridge;SE;etanolhidratado;knn_rf_deepar_svr_catboost_arima;{};12;12;1307.8073486993235;0.3321031118874515;27.272727272727273;13.557547353467768;0.8556180793030251;2827.6076176959455;3729.749311715188;3403.171646126416;2837.9921318209185;2464.1863524325486;1550.583514588692;1397.5226433424705;1623.5619621829376;2861.1714040031206;4133.547255777306;3697.971090197844;2604.87839402606
linear;SE;etanolhidratado;knn_rf_deepar_svr_catboost_arima;{};12;12;1307.8394340918012;0.33204408993524465;27.272727272727273;13.559781223027453;0.8555535182820427;2828.1050784090057;3730.388536365437;3402.187671036879;2837.1385866760547;2464.7660815406107;1550.1050148381296;1397.8758013145061;1623.6912006818366;2862.001226861901;4133.335991982524;3696.9816647339057;2604.510264706084
