DATA;UF;PRODUCT;MODEL;PARAMS;WINDOW;HORIZON;RMSE;MAPE;POCID;PBE;MASE;P1;P2;P3;P4;P5;P6;P7;P8;P9;P10;P11;P12
rf;MT;etanolhidratado;knn_rf_deepar_svr_catboost_arima;{};12;12;6124.844140209066;0.05770987181155307;81.81818181818181;3.007708335894283;0.4529495746757859;74237.25695476412;70176.99568901377;77280.61496850406;75169.54574994676;79154.89757812006;81768.64696126907;82160.57843439991;86178.22908439624;84945.96294699547;88717.03337982186;81345.49042951532;76862.77839907956
svr;MT;etanolhidratado;knn_rf_deepar_svr_catboost_arima;{};12;12;7276.202725068507;0.05676427973030512;81.81818181818181;3.6084486278626655;0.45709108351376276;77374.98485633716;73121.07678163672;75641.80984298461;71675.9587570615;75314.18487948948;83209.55903261935;84281.31866817323;90953.4310389478;83697.98966382844;85783.34797428448;78630.07500523816;72380.7502160256
ridge;MT;etanolhidratado;knn_rf_deepar_svr_catboost_arima;{};12;12;7417.954006392553;0.05823421546872468;81.81818181818181;3.660373471279733;0.4679504851960669;77583.31492179951;73185.09097493844;75266.8856489342;71360.00016908861;75626.47037909654;83260.23542552118;84518.38508406689;90948.39276732254;83657.6316273887;85778.73791765406;78768.10026258578;71598.37709428254
linear;MT;etanolhidratado;knn_rf_deepar_svr_catboost_arima;{};12;12;7419.429675096531;0.05825798816017975;81.81818181818181;3.6609592216645446;0.46814316666737554;77585.59917537974;73183.82478004857;75263.22967513003;71358.22529960153;75627.97436618434;83268.34947158338;84514.54726771028;90954.89341297168;83647.48593434849;85778.20954240848;78771.83896022389;71591.65889934073
