DATA;MCPM;UF;PRODUCT;MODEL;PARAMS;WINDOW;HORIZON;RMSE;MAPE;POCID;PBE;P1;P2;P3;P4;P5;P6;P7;P8;P9;P10;P11;P12
hybrid1;1617.1256237994849;PA;gasolinadeaviacao;HYBRID;{'p': 12, 'd': 1, 'q': 4};12;12;74.053972688605;0.2570898918820003;50.0;-20.224660059946007;388.9786403863761;272.05664429451565;319.6766875533124;328.0126644234915;233.87059036413578;323.55439161879974;249.08449737504995;273.8177381618014;338.31957856872384;203.30372418488116;315.9570632179047;187.57798098376205
half-arima-hybrid1;937.630810253833;PA;gasolinadeaviacao;HYBRID;{'p': 12, 'd': 1, 'q': 4};12;12;51.56961898716474;0.17837988954967618;58.333333333333336;-12.48474604737419;288.5839976493553;266.5488255178996;256.8602448757666;315.5997022205716;235.9515723179553;281.5150966848094;249.08449737504995;273.8177381618014;338.31957856872384;203.30372418488116;315.9570632179047;187.57798098376205
half-arima_mean-hybrid1;1278.007392255556;PA;gasolinadeaviacao;HYBRID;{'p': 12, 'd': 1, 'q': 4};12;12;58.58217974294685;0.20558309554855828;50.0;-14.135804832648002;273.16637373035707;250.35530896774335;262.6142636463881;307.42124877478614;282.0813620514508;316.5832772334517;249.08449737504995;273.8177381618014;338.31957856872384;203.30372418488116;315.9570632179047;187.57798098376205
