DATA;MCPM;UF;PRODUCT;MODEL;PARAMS;WINDOW;HORIZON;RMSE;MAPE;POCID;PBE;P1;P2;P3;P4;P5;P6;P7;P8;P9;P10;P11;P12
hybrid1;2991.786643138619;SP;gasolinadeaviacao;HYBRID;{'p': 12, 'd': 0, 'q': 10};12;12;117.93115440475255;0.16973330931672273;41.666666666666664;14.721153779800561;509.7755587754967;489.06055529224216;561.4536152105092;571.1836734579783;601.8327477461423;593.516847569541;488.66787185867423;622.0415539703079;489.9344613358955;472.7778591965819;529.8736665249759;500.9947521424622
half-arima-hybrid1;2400.4522236166167;SP;gasolinadeaviacao;HYBRID;{'p': 12, 'd': 0, 'q': 10};12;12;110.36576036820026;0.15788240244932644;50.0;13.474845097174134;510.91145460200784;559.424263075514;555.2863792072812;623.4052443224421;618.503219442117;553.2800149713704;488.66787185867423;622.0415539703079;489.9344613358955;472.7778591965819;529.8736665249759;500.9947521424622
half-arima_mean-hybrid1;3269.5334994628124;SP;gasolinadeaviacao;HYBRID;{'p': 12, 'd': 0, 'q': 10};12;12;112.8237767188275;0.16200901296155773;33.333333333333336;13.963085705100168;581.6682767758366;530.9649145068895;558.4602841536082;560.3732040731812;560.517414746409;592.0069095770277;488.66787185867423;622.0415539703079;489.9344613358955;472.7778591965819;529.8736665249759;500.9947521424622
