DATA;MCPM;UF;PRODUCT;MODEL;PARAMS;WINDOW;HORIZON;RMSE;MAPE;POCID;PBE;P1;P2;P3;P4;P5;P6;P7;P8;P9;P10;P11;P12
hybrid1;124.40910782189944;DF;gasolinadeaviacao;HYBRID;{'p': 9, 'd': 1, 'q': 13};12;12;11.118695313312312;0.2586789098721354;75.0;24.633301972899886;42.506358269890946;15.192742073441643;35.93886654648062;42.15884190893179;18.40151820199831;30.486604388716998;36.16254738947002;19.477410853226985;24.861319916800703;40.71593305867424;22.420426820084963;21.519845143338
half-arima-hybrid1;78.12359825883382;DF;gasolinadeaviacao;HYBRID;{'p': 9, 'd': 1, 'q': 13};12;12;10.480639446292548;0.21149051808064737;83.33333333333333;20.544961885553395;34.81838114292326;31.594223740917094;37.24199115335981;40.11621319949794;31.4536601253241;28.43800522868915;36.16254738947002;19.477410853226985;24.861319916800703;40.71593305867424;22.420426820084963;21.519845143338
half-arima_mean-hybrid1;77.30193846207125;DF;gasolinadeaviacao;HYBRID;{'p': 9, 'd': 1, 'q': 13};12;12;10.353000165422511;0.2209937376316373;83.33333333333333;20.937476092403802;36.01319325171441;30.952307785643622;33.65688611565277;40.87618212482132;30.405221420533103;29.936683970993432;36.16254738947002;19.477410853226985;24.861319916800703;40.71593305867424;22.420426820084963;21.519845143338
