DATA;MCPM;UF;PRODUCT;MODEL;PARAMS;WINDOW;HORIZON;RMSE;MAPE;POCID;PBE;P1;P2;P3;P4;P5;P6;P7;P8;P9;P10;P11;P12
hybrid1;1614.2215060569133;RS;gasolinadeaviacao;HYBRID;{'p': 14, 'd': 0, 'q': 6};12;12;88.36325303425798;0.3544005453499572;58.333333333333336;17.97765182434765;225.3349798989843;69.95479117443386;154.33539191627005;81.57213456191494;87.55629240526434;168.95843620217101;138.26007777510048;287.13408903812365;175.06175107626353;355.3699183942857;454.855722494682;190.685294173922
half-arima-hybrid1;1131.3620926795993;RS;gasolinadeaviacao;HYBRID;{'p': 14, 'd': 0, 'q': 6};12;12;77.36999272816387;0.30504121812744117;66.66666666666667;13.415127640297477;227.2258698823236;145.20517945140392;161.3029503687425;133.3329787953416;81.25986519542414;172.27860000374332;138.26007777510048;287.13408903812365;175.06175107626353;355.3699183942857;454.855722494682;190.685294173922
half-arima_mean-hybrid1;2178.9224733685014;RS;gasolinadeaviacao;HYBRID;{'p': 14, 'd': 0, 'q': 6};12;12;99.38272745790061;0.4208621327603305;50.0;23.739545808640123;158.38951812402993;99.3255132582771;105.76837260416698;64.12903999273033;64.92695100165005;127.3449655757197;138.26007777510048;287.13408903812365;175.06175107626353;355.3699183942857;454.855722494682;190.685294173922
