DATA;MCPM;UF;PRODUCT;MODEL;PARAMS;WINDOW;HORIZON;RMSE;MAPE;POCID;PBE;P1;P2;P3;P4;P5;P6;P7;P8;P9;P10;P11;P12
hybrid1;1015.9753789813831;BA;gasolinadeaviacao;HYBRID;{'p': 3, 'd': 1, 'q': 2};12;12;55.63332906978607;0.2902287513811436;58.333333333333336;22.57439659771461;87.00091216592531;123.99319821979638;88.79216725190065;134.16736549550905;145.8459525518751;77.41380651350438;122.18438372703338;111.46866685367344;119.46625898542425;110.7353144728341;141.86042172758138;122.70105543516046
half-arima-hybrid1;1168.8506162089318;BA;gasolinadeaviacao;HYBRID;{'p': 3, 'd': 1, 'q': 2};12;12;53.35604465013725;0.3051842709602253;50.0;19.656222333859805;108.01249640945468;118.80808967088988;112.30759379908184;126.03538350699736;117.04798134451184;127.2262920005722;122.18438372703338;111.46866685367344;119.46625898542425;110.7353144728341;141.86042172758138;122.70105543516046
half-arima_mean-hybrid1;1264.3983963627188;BA;gasolinadeaviacao;HYBRID;{'p': 3, 'd': 1, 'q': 2};12;12;57.73961911902077;0.3064987822564053;50.0;24.268374321666414;92.3523668512304;100.74883200208548;91.4436140969373;105.39788692651123;116.45917474149708;120.49564485842252;122.18438372703338;111.46866685367344;119.46625898542425;110.7353144728341;141.86042172758138;122.70105543516046
