DATA;MCPM;UF;PRODUCT;MODEL;PARAMS;WINDOW;HORIZON;RMSE;MAPE;POCID;PBE;P1;P2;P3;P4;P5;P6;P7;P8;P9;P10;P11;P12
hybrid1;2302.3162162899694;PR;gasolinadeaviacao;HYBRID;{'p': 13, 'd': 1, 'q': 6};12;12;63.375075551079924;0.24344380316625114;16.666666666666668;10.946157878749666;206.06184065262974;216.64270355875314;225.43967207382025;263.5919943944342;220.0789487447543;237.44429490588624;166.08225674240768;259.33353017041105;231.12551898996767;183.3643271923047;225.0502494839502;200.09349118675658
half-arima-hybrid1;1560.8421053887157;PR;gasolinadeaviacao;HYBRID;{'p': 13, 'd': 1, 'q': 6};12;12;61.295880593716;0.24256118759562054;41.666666666666664;10.793346684315319;228.368581283863;222.296809022232;232.6993280653566;233.3653376803639;237.61304791207783;219.43667053384243;166.08225674240768;259.33353017041105;231.12551898996767;183.3643271923047;225.0502494839502;200.09349118675658
half-arima_mean-hybrid1;1887.4494124855842;PR;gasolinadeaviacao;HYBRID;{'p': 13, 'd': 1, 'q': 6};12;12;64.86408877389528;0.26309527744405736;33.333333333333336;12.979837938286941;237.16213528974012;220.21207855976184;215.65007859914735;214.68694601614425;213.798636200394;207.59112712951335;166.08225674240768;259.33353017041105;231.12551898996767;183.3643271923047;225.0502494839502;200.09349118675658
