DATA;MCPM;UF;PRODUCT;MODEL;PARAMS;WINDOW;HORIZON;RMSE;MAPE;POCID;PBE;P1;P2;P3;P4;P5;P6;P7;P8;P9;P10;P11;P12
combination;1719.2377079644773;MT;gasolinadeaviacao;combination-mean;ARIMA-SARIMA_DS-RF;12;12;67.77914645582025;0.13183366744194894;41.666666666666664;8.843549949002265;364.5316152312908;323.13540663196017;400.8573466567052;407.1797455401729;413.2779065602669;417.1633374009629;414.523988914662;400.1039153877844;324.91812526435575;371.42750663876876;337.92238388646683;311.49414580310844
