DATA;MCPM;UF;PRODUCT;MODEL;PARAMS;WINDOW;HORIZON;RMSE;MAPE;POCID;PBE;P1;P2;P3;P4;P5;P6;P7;P8;P9;P10;P11;P12
combination;1286.7946371001515;SP;gasolinadeaviacao;combination-mean;ARIMA-SARIMA_DS-RF;12;12;88.6907618011022;0.12592753722796834;66.66666666666667;12.239883349977726;574.5890404470987;554.5875685575785;564.3987727747051;599.0186427009171;608.0849653177153;597.9357940809;561.8719204273588;551.6176277784342;487.5331601394721;520.6585734953901;509.05106330793103;488.88548547263264
