DATA;MCPM;UF;PRODUCT;MODEL;PARAMS;WINDOW;HORIZON;RMSE;MAPE;POCID;PBE;P1;P2;P3;P4;P5;P6;P7;P8;P9;P10;P11;P12
combination;176.1687043044754;DF;gasolinadeaviacao;combination-mean;ARIMA-SARIMA_DS-RF;12;12;11.911726260548097;0.2163032490504103;66.66666666666667;16.755663532543004;36.125677119989795;34.16527648591491;36.54730342390296;39.915073698194604;32.3940086220441;36.47688141478426;29.5606363854302;28.937236322078245;26.922244319478303;28.34773606872791;26.956184221979424;30.061130035669894
