DATA;MCPM;UF;PRODUCT;MODEL;PARAMS;WINDOW;HORIZON;RMSE;MAPE;POCID;PBE;P1;P2;P3;P4;P5;P6;P7;P8;P9;P10;P11;P12
combination;3147.312741663253;RR;gasolinadeaviacao;combination-mean;ARIMA-SARIMA_DS-RF;12;12;119.86846827937781;1.5492554828140417;41.666666666666664;-126.56834764383207;203.72993453530793;170.6011915478486;173.4225297953586;193.6009092521118;208.6616381084935;204.93973252729074;198.34597013778443;220.65566892390416;223.89961466014628;228.525834813347;210.40946727323953;221.83658971697537
