DATA;MCPM;UF;PRODUCT;MODEL;PARAMS;WINDOW;HORIZON;RMSE;MAPE;POCID;PBE;P1;P2;P3;P4;P5;P6;P7;P8;P9;P10;P11;P12
combination;6.979426079484146e+16;SE;gasolinadeaviacao;combination-mean;ARIMA-SARIMA_DS-RF;12;12;4.042590074107689;2584056992284019.0;41.666666666666664;50.868355640620614;0.9531010974554625;1.0941663515171005;0.8097836407448109;1.927409478000701;1.634871427116731;1.072661175563997;1.7878516652248964;1.1562025352670997;1.6294284700980672;1.6376551780579662;1.4338208167783242;0.7708919748547022
