DATA;MCPM;UF;PRODUCT;MODEL;PARAMS;WINDOW;HORIZON;RMSE;MAPE;POCID;PBE;P1;P2;P3;P4;P5;P6;P7;P8;P9;P10;P11;P12
hybrid1;12899.140804720066;BA;queroseneiluminante;HYBRID;{'p': 2, 'd': 1, 'q': 2};12;12;391.5861738186518;0.9008552993354337;25.0;-87.097469554297;567.1825311322818;551.3251317271476;616.0009951517109;719.8973925804939;786.6698778027611;829.807929413406;831.7993542379484;861.3769550568693;867.5183301937698;911.1927522127401;935.7744466607545;951.1667693666873
half-sarima-hybrid1;13193.916057269245;BA;queroseneiluminante;HYBRID;{'p': 2, 'd': 1, 'q': 2};12;12;361.5160586967067;0.7726339088041879;16.666666666666668;-37.12400706898945;271.5466785591176;224.640455640254;233.84477079429175;268.48937484296977;233.63842058310465;320.0616481285612;831.7993542379484;861.3769550568693;867.5183301937698;911.1927522127401;935.7744466607545;951.1667693666873
half-sarima_mean-hybrid1;12087.503507459656;BA;queroseneiluminante;HYBRID;{'p': 2, 'd': 1, 'q': 2};12;12;367.44922379729866;0.8050682688400475;25.0;-33.959969346617434;251.9836702225681;208.0075159620249;229.8967610443328;228.24092814568823;210.1027341222401;264.5222378438954;831.7993542379484;861.3769550568693;867.5183301937698;911.1927522127401;935.7744466607545;951.1667693666873
hybrid-deseasonal;11297.149625550295;BA;queroseneiluminante;HYBRID;{'p': 3, 'd': 1, 'q': 2};12;12;343.5618963345513;0.7705127659270818;25.0;-74.06328383541769;513.6950961550623;493.92447169393506;539.0506998886343;668.3199513184326;734.190608169068;772.3711530367467;755.8168323029951;854.9976040337816;846.9032492508021;846.1247870153909;887.0916375019519;860.3034149382506
half-deseasonal-hybrid;10367.561937076163;BA;queroseneiluminante;HYBRID;{'p': 3, 'd': 1, 'q': 2};12;12;315.9082394318506;0.6388730608961918;25.0;-38.33853465018806;339.52984272595154;318.52129304584287;350.27171466193863;298.75699158725587;302.83550303459543;311.10927627072164;755.8168323029951;854.9976040337816;846.9032492508021;846.1247870153909;887.0916375019519;860.3034149382506
