DATA;MCPM;UF;PRODUCT;MODEL;PARAMS;WINDOW;HORIZON;RMSE;MAPE;POCID;PBE;P1;P2;P3;P4;P5;P6;P7;P8;P9;P10;P11;P12
hybrid1;77881059910018.45;GO;queroseneiluminante;HYBRID;{'p': 2, 'd': 1, 'q': 2};12;12;0.000461524366208097;1798577735278.4072;0.0;inf;0.0008082827891249396;0.00014366134169772798;-0.0003069144006058096;-0.0006179554441337337;-0.0007463753658409226;-0.0005735544550179626;-0.00043495004709852156;-0.00023556434350409025;4.6370762206899537e-05;0.00019840596830694517;0.0003746164101257713;0.0003057224642188942
half-sarima-hybrid1;25930581757702.324;GO;queroseneiluminante;HYBRID;{'p': 2, 'd': 1, 'q': 2};12;12;0.0002081647903129829;598839887748.3246;0.0;-inf;0.0;0.0;0.0;0.0;0.0;0.0;-0.00043495004709852156;-0.00023556434350409025;4.6370762206899537e-05;0.00019840596830694517;0.0003746164101257713;0.0003057224642188942
half-sarima_mean-hybrid1;1.5758135645385533e+17;GO;queroseneiluminante;HYBRID;{'p': 2, 'd': 1, 'q': 2};12;12;1.134437818211101;3598364336841833.5;0.0;-inf;1.68605186763766;-1.408385044240228;1.464945702244993;1.835089100791404;1.5276307566285563;1.6642705490661032;-0.00043495004709852156;-0.00023556434350409025;4.6370762206899537e-05;0.00019840596830694517;0.0003746164101257713;0.0003057224642188942
hybrid-deseasonal;2.4793743426365107e+18;GO;queroseneiluminante;HYBRID;{'p': 2, 'd': 1, 'q': 2};12;12;13.700107231876357;5.035940524572247e+16;0.0;inf;15.718244650828344;-3.6042024913138273;-8.564383229517004;-16.020480018024273;-15.284731875325777;-14.418256940257976;-12.606193620184692;-1.4776484543083703;30.517981072432896;6.377871250702493;9.35778816555123;-0.23662913610507272
half-deseasonal-hybrid;1.1525458565758305e+18;GO;queroseneiluminante;HYBRID;{'p': 2, 'd': 1, 'q': 2};12;12;10.111722915694223;2.4172636407003332e+16;0.0;-inf;0.3862784673451327;-2.3854913733405265;-0.0957700477085841;-0.3284737506990454;-0.4841182618738218;0.1545984116219427;-12.606193620184692;-1.4776484543083703;30.517981072432896;6.377871250702493;9.35778816555123;-0.23662913610507272
