DATA;MCPM;UF;PRODUCT;MODEL;PARAMS;WINDOW;HORIZON;RMSE;MAPE;POCID;PBE;P1;P2;P3;P4;P5;P6;P7;P8;P9;P10;P11;P12
hybrid1;79014468358.08363;DF;queroseneiluminante;HYBRID;{'p': 11, 'd': 1, 'q': 11};12;12;4.888670404151774e-07;1824760974.1359346;0.0;-inf;9.525616054876412e-07;7.564376356581346e-07;6.748872576047247e-07;5.031217058793501e-07;4.830294533971207e-07;3.716750602632855e-07;9.275903588367989e-08;1.620759238527176e-07;-9.88824274338625e-09;-1.4894713816034986e-07;-3.2741983999235405e-07;-3.7933705609280106e-07
half-sarima-hybrid1;18208024238.69754;DF;queroseneiluminante;HYBRID;{'p': 11, 'd': 1, 'q': 11};12;12;1.6027482254117556e-07;420496307.1509804;0.0;inf;0.0;0.0;0.0;0.0;0.0;0.0;9.275903588367989e-08;1.620759238527176e-07;-9.88824274338625e-09;-1.4894713816034986e-07;-3.2741983999235405e-07;-3.7933705609280106e-07
half-sarima_mean-hybrid1;4301230662149653.5;DF;queroseneiluminante;HYBRID;{'p': 11, 'd': 1, 'q': 11};12;12;0.04228594241945185;99290681225260.14;0.0;-inf;0.0126765826710453;0.0345401343433668;0.0255647552424334;0.0222116538958106;0.0369322036931483;0.1326370707517602;9.275903588367989e-08;1.620759238527176e-07;-9.88824274338625e-09;-1.4894713816034986e-07;-3.2741983999235405e-07;-3.7933705609280106e-07
hybrid-deseasonal;3.0751054175497235e+17;DF;queroseneiluminante;HYBRID;{'p': 5, 'd': 1, 'q': 5};12;12;1.8636354520483052;6971724237918345.0;0.0;-inf;3.8517086820902997;1.9061184165933178;2.4764861273778997;0.7079578904995036;1.053789156820549;2.4266899107020303;-1.5219595569519146;0.6902474706665261;0.0018771550430617687;0.7934699123117342;0.7972156572969678;-2.3488851123043246
half-deseasonal-hybrid;1.098681772783772e+17;DF;queroseneiluminante;HYBRID;{'p': 5, 'd': 1, 'q': 5};12;12;0.8972335383463913;2514733833725454.5;0.0;inf;0.0312190567740143;0.0953892020923408;0.0431585793533547;0.0535378863619574;0.067086355907841;0.2565510221500988;-1.5219595569519146;0.6902474706665261;0.0018771550430617687;0.7934699123117342;0.7972156572969678;-2.3488851123043246
