DATA;MCPM;UF;PRODUCT;MODEL;PARAMS;WINDOW;HORIZON;RMSE;MAPE;POCID;PBE;P1;P2;P3;P4;P5;P6;P7;P8;P9;P10;P11;P12
hybrid1;9.095388037138223e+17;SP;queroseneiluminante;HYBRID;{'p': 2, 'd': 1, 'q': 2};12;12;7.554516488757011;2.8300409712572052e+16;33.333333333333336;-392.7057665387187;14.082497212007459;6.17686935875017;10.210660122264752;15.703725878048317;4.056672940734971;5.360857016498562;8.874908632140523;5.313935662754902;7.429987903560452;6.250441877872142;7.593391004544624;7.487205698566862
half-sarima-hybrid1;1.1881913146902784e+18;SP;queroseneiluminante;HYBRID;{'p': 2, 'd': 1, 'q': 2};12;12;8.297613675418773;3.294224384666365e+16;25.0;-428.14476094581744;12.405963746611423;8.703162737032484;12.252329504625544;10.423194042285363;8.622425750191832;10.272005628977336;8.874908632140523;5.313935662754902;7.429987903560452;6.250441877872142;7.593391004544624;7.487205698566862
half-sarima_mean-hybrid1;2.886648195695149e+21;SP;queroseneiluminante;HYBRID;{'p': 2, 'd': 1, 'q': 2};12;12;1545.04793023549;4.114957543504491e+18;25.0;-64997.11579900852;2190.2575856131443;1914.8420183558665;1756.529980654643;2047.5437075293576;2303.1981822143;2764.101814654954;8.874908632140523;5.313935662754902;7.429987903560452;6.250441877872142;7.593391004544624;7.487205698566862
hybrid-deseasonal;5.498623391945793e+19;SP;queroseneiluminante;HYBRID;{'p': 3, 'd': 1, 'q': 2};12;12;151.4285715778719;5.608182171339586e+17;25.0;5669.404486954813;-256.06218695028343;-172.2323331268741;-191.4709783749467;-34.761158438707284;-166.4116110201955;-82.43206424935254;81.1243310441067;28.782642336842226;-65.26577490236649;-157.90351115145296;130.32600134372825;-227.5742539014607
half-deseasonal-hybrid;1.9537006603043332e+19;SP;queroseneiluminante;HYBRID;{'p': 3, 'd': 1, 'q': 2};12;12;94.71013060736176;2.5341443649251267e+17;16.666666666666668;874.2469814238206;-1.1245285609119264;6.157793442595732;13.683366719517636;8.38926464590061;3.779271217647789;24.776001481089025;81.1243310441067;28.782642336842226;-65.26577490236649;-157.90351115145296;130.32600134372825;-227.5742539014607
