DATA;MCPM;UF;PRODUCT;MODEL;PARAMS;WINDOW;HORIZON;RMSE;MAPE;POCID;PBE;P1;P2;P3;P4;P5;P6;P7;P8;P9;P10;P11;P12
hybrid1;167869562788741.66;SE;queroseneiluminante;HYBRID;{'p': 2, 'd': 1, 'q': 2};12;12;0.0009189735651574517;3876745864323.3086;0.0;-inf;0.0010391515917131985;0.0011810487340251899;0.0010739264364804566;0.0010105089686111657;0.0009006694833980695;0.0008929697998381666;0.0006926139230543755;0.0005293515287346298;0.0006624797501726385;0.0007582721367797359;-0.0014426605131875995;-0.00014607318006579057
half-sarima-hybrid1;68765554965822.46;SE;queroseneiluminante;HYBRID;{'p': 2, 'd': 1, 'q': 2};12;12;0.0005683594718158138;1588063440910.6787;0.0;-inf;0.0;0.0;0.0;0.0;0.0;0.0;0.0006926139230543755;0.0005293515287346298;0.0006624797501726385;0.0007582721367797359;-0.0014426605131875995;-0.00014607318006579057
half-sarima_mean-hybrid1;1.1941881895499766e+16;SE;queroseneiluminante;HYBRID;{'p': 2, 'd': 1, 'q': 2};12;12;0.09794491116345375;275516095085327.88;0.0;-inf;0.1409989428128391;-0.0349160346688868;-0.0806605932794842;0.0707509286212697;0.2284289001896905;0.1741354992003428;0.0006926139230543755;0.0005293515287346298;0.0006624797501726385;0.0007582721367797359;-0.0014426605131875995;-0.00014607318006579057
hybrid-deseasonal;5.470818701706765e+17;SE;queroseneiluminante;HYBRID;{'p': 2, 'd': 1, 'q': 2};12;12;3.278951536612175;1.2233194094726374e+16;0.0;-inf;2.970632572038984;0.8552333282558948;-0.34484641326857746;1.1473862811079025;4.902878466457113;2.0273750834701634;5.036777453284438;2.313904333490523;2.268134692522759;0.799536704044161;-6.392490404971228;-3.5365812639051795
half-deseasonal-hybrid;3.6527618414501766e+17;SE;queroseneiluminante;HYBRID;{'p': 2, 'd': 1, 'q': 2};12;12;2.7444528767084666;8210362597297676.0;0.0;-inf;0.3020970012733099;-0.0984159614682607;-0.172066212422624;0.12156082769987;0.4944380563495638;0.3407977190666764;5.036777453284438;2.313904333490523;2.268134692522759;0.799536704044161;-6.392490404971228;-3.5365812639051795
