dataset_index;horizon;regressor;mape;pocid;smape;rmse;msmape;mae;test;predictions;start_test;final_test;description;origin;react_iterations_used;react_stop_reason;seed_floor_smape;seed_floor_rmse;ablation_config
0;13;orchestrator_laya_laya_v5_reasoning;0.03876113748211765;25.0;0.03741090431364448;1839.504131972734;0.037410852852870005;1359.991526214926;[[35397.16, 35808.59, 35808.59, 36246.14, 36246.14, 36403.7, 36403.7, 36150.2, 36150.2, 35790.55, 35790.55, 34066.95, 34066.95]];[[35948.411334848, 36223.82736407, 36421.034489072, 36514.01140514201, 36805.969885399994, 36972.255141618, 36968.16944687, 37094.006566778, 37219.668648518, 37982.447733926, 37845.501628896, 37986.576482232005, 38027.429713424004]];2016-10-16 12:00:00;2017-01-08 12:00:00;"{""strategy"": {""combine"": ""mean"", ""pool"": ""pool1""}, ""origin"": ""baseline"", ""loop"": {""final_attempt"": ""a4"", ""strategy"": {""combine"": ""mean"", ""pool"": ""pool1""}, ""iterations_used"": 1, ""stop_reason"": ""laya_accept"", ""trace"": []}, ""score"": 0.0413, ""gate_scores"": null}";baseline;1;laya_accept;0.03741090431364448;1839.504131972734;laya_multilingual_laya_v5_reasoning_text
1;13;orchestrator_laya_laya_v5_reasoning;0.03706576935256288;58.333333333333336;0.035764296118534385;181.72923106866267;0.03576380297774179;129.70620147032966;[[3608.061, 3624.368, 3537.64, 3587.344, 3662.088, 3658.634, 3622.148, 3591.48, 3638.559, 3635.781, 3522.328, 3458.631, 3354.758]];[[3557.9081752485713, 3579.034167968571, 3597.321830488571, 3617.400468278571, 3682.4712488714285, 3681.967591834286, 3691.90375202, 3688.2756365200003, 3746.1465794128567, 3787.873581384286, 3797.294911787143, 3769.613321271429, 3799.8160404628566]];2016-10-16 12:00:00;2017-01-08 12:00:00;"{""strategy"": {""combine"": ""mean"", ""pool"": ""pool2""}, ""origin"": ""baseline"", ""loop"": {""final_attempt"": ""a6"", ""strategy"": {""combine"": ""mean"", ""pool"": ""pool2""}, ""iterations_used"": 1, ""stop_reason"": ""laya_accept"", ""trace"": []}, ""score"": -0.0387, ""gate_scores"": null}";baseline;1;laya_accept;0.035764296118534385;181.72923106866267;laya_multilingual_laya_v5_reasoning_text
2;13;orchestrator_laya_laya_v5_reasoning;0.007120346293276512;91.66666666666667;0.007156532828574149;85.1786748848004;0.0071564966260502065;70.74270056153854;[[9602.4, 9895.9, 9915.9, 9726.6, 9626.5, 9966.1, 10008.5, 9911.7, 9760.7, 9968.2, 10089.1, 10005.9, 9823.3]];[[9628.94971329, 9879.38622254, 9861.33232736, 9695.02961715, 9620.17636273, 9895.5857936, 9914.4625224, 9764.11993751, 9683.02626951, 9821.52191658, 9952.57009307, 9924.15309869, 9793.93044485]];2016-10-09 12:00:00;2017-01-01 12:00:00;"{""strategy"": {""combine"": ""median"", ""pool"": ""pool_full""}, ""origin"": ""baseline"", ""loop"": {""final_attempt"": ""a2"", ""strategy"": {""combine"": ""median"", ""pool"": ""pool_full""}, ""iterations_used"": 1, ""stop_reason"": ""laya_accept"", ""trace"": []}, ""score"": -0.1401, ""gate_scores"": null}";baseline;1;laya_accept;0.007156532828574149;85.1786748848004;laya_multilingual_laya_v5_reasoning_text
3;13;orchestrator_laya_laya_v5_reasoning;0.15329858961263976;83.33333333333333;0.17151131737055023;629.8833592022622;0.17150833954423028;500.9051305707691;[[2336.56, 2373.14, 2457.51, 2586.0, 2237.7, 2877.94, 2497.74, 3525.34, 3053.33, 3151.07, 3425.79, 3505.61, 4098.69]];[[2239.9938907600003, 2233.2033012166667, 2251.6317653466667, 2415.4233461500003, 2350.74885621, 2396.37559241, 2324.504021813333, 2560.4233838233336, 2539.5001760733335, 2490.0663886766665, 2585.50808949, 2686.4420409266672, 2766.9301621033333]];2016-10-16 12:00:00;2017-01-08 12:00:00;"{""strategy"": {""combine"": ""trimmed_mean"", ""pool"": ""pool1"", ""trim_pct"": 0.2}, ""origin"": ""baseline"", ""loop"": {""final_attempt"": ""a5"", ""strategy"": {""combine"": ""trimmed_mean"", ""pool"": ""pool1"", ""trim_pct"": 0.2}, ""iterations_used"": 1, ""stop_reason"": ""laya_accept"", ""trace"": []}, ""score"": 0.3478, ""gate_scores"": null}";baseline;1;laya_accept;0.17151131737055023;629.8833592022622;laya_multilingual_laya_v5_reasoning_text
4;13;orchestrator_laya_laya_v5_reasoning;0.12505238861888723;66.66666666666667;0.1238620753667375;304.60766232094807;0.12385863774362765;226.07415319584624;[[1499.0, 1734.0, 1391.0, 1833.0, 1637.0, 2122.0, 1757.0, 2079.0, 2477.0, 1957.0, 1907.0, 1752.0, 1330.0]];[[1504.202719678, 1547.835767824, 1566.38801182, 1754.49592595, 1582.9788110279999, 1761.2791045440001, 1684.0924124279998, 1759.107082862, 1797.0308203240002, 1813.110377016, 1979.2144784620002, 1930.79785223, 1941.291231332]];2016-10-30 12:00:00;2017-01-22 12:00:00;"{""strategy"": {""combine"": ""mean"", ""pool"": ""pool1""}, ""origin"": ""baseline"", ""loop"": {""final_attempt"": ""a4"", ""strategy"": {""combine"": ""mean"", ""pool"": ""pool1""}, ""iterations_used"": 1, ""stop_reason"": ""laya_accept"", ""trace"": []}, ""score"": 0.2276, ""gate_scores"": null}";baseline;1;laya_accept;0.1238620753667375;304.60766232094807;laya_multilingual_laya_v5_reasoning_text
5;13;orchestrator_laya_laya_v5_reasoning;0.24646725650964557;33.333333333333336;0.2997481821325214;307.61139530932746;0.2997279029018045;229.18963977753845;[[502.0, 568.0, 528.0, 632.0, 606.0, 785.0, 779.0, 834.0, 906.0, 1372.0, 1080.0, 938.0, 752.0]];[[483.880860594, 498.21006389800004, 510.241568404, 509.51061365799995, 520.161975752, 552.965792834, 564.71103024, 553.9358642120001, 576.721594616, 598.0762638379999, 606.485799294, 641.085042448, 686.5482131040001]];2016-10-30 12:00:00;2017-01-22 12:00:00;"{""strategy"": {""combine"": ""mean"", ""pool"": ""pool1""}, ""origin"": ""baseline"", ""loop"": {""final_attempt"": ""a4"", ""strategy"": {""combine"": ""mean"", ""pool"": ""pool1""}, ""iterations_used"": 1, ""stop_reason"": ""laya_accept"", ""trace"": []}, ""score"": 0.4125, ""gate_scores"": null}";baseline;1;laya_accept;0.2997481821325214;307.61139530932746;laya_multilingual_laya_v5_reasoning_text
6;13;orchestrator_laya_laya_v5_reasoning;0.2522721712682052;41.666666666666664;0.2822545167856865;1591.4909480775527;0.2822504483511951;1052.7381299730769;[[3117.0, 2579.0, 3199.0, 1716.0, 4558.0, 3001.0, 3263.0, 3110.0, 5899.0, 7148.0, 4048.0, 2707.0, 2579.0]];[[2626.68934127, 2736.6440944, 2942.01823394, 2914.67020282, 2661.8049912, 2730.31467931, 2817.13680663, 2848.3332352, 3103.87880524, 2896.34110784, 2969.17306998, 3009.17034407, 2858.80131897]];2016-11-06 12:00:00;2017-01-29 12:00:00;"{""strategy"": {""combine"": ""median"", ""pool"": ""pool_full""}, ""origin"": ""baseline"", ""loop"": {""final_attempt"": ""a2"", ""strategy"": {""combine"": ""median"", ""pool"": ""pool_full""}, ""iterations_used"": 1, ""stop_reason"": ""laya_accept"", ""trace"": []}, ""score"": 0.5294, ""gate_scores"": null}";baseline;1;laya_accept;0.2822545167856865;1591.4909480775527;laya_multilingual_laya_v5_reasoning_text
7;13;orchestrator_laya_laya_v5_reasoning;0.4309428253104635;41.666666666666664;0.34560971388213535;1980.356452256985;0.3456061651099996;1720.6088999948417;[[3430.0, 2870.0, 4620.0, 4890.0, 7470.0, 6960.0, 6430.0, 3970.0, 3650.0, 5730.0, 4500.0, 2870.0, 3270.0]];[[3990.86057986, 4611.45209811, 4406.51221943, 4328.94567614, 4874.244193384132, 5193.05734919, 4958.64826473, 5778.36148523, 6202.10265631, 6500.4491097, 6207.743510172448, 6347.073988884626, 6411.27997454]];2016-11-06 12:00:00;2017-01-29 12:00:00;"{""strategy"": {""combine"": ""median"", ""pool"": ""pool_full""}, ""origin"": ""baseline"", ""loop"": {""final_attempt"": ""a2"", ""strategy"": {""combine"": ""median"", ""pool"": ""pool_full""}, ""iterations_used"": 1, ""stop_reason"": ""laya_accept"", ""trace"": []}, ""score"": 0.5697, ""gate_scores"": null}";baseline;1;laya_accept;0.34560971388213535;1980.356452256985;laya_multilingual_laya_v5_reasoning_text
8;13;orchestrator_laya_laya_v5_reasoning;0.12037103217295282;66.66666666666667;0.11057557500130749;1232.9456473028795;0.11057494110321378;967.7569246219999;[[8100.0, 7481.0, 8953.0, 8087.0, 9724.0, 8993.0, 10011.0, 9705.0, 8397.0, 7560.0, 8669.0, 7574.0, 7106.0]];[[8949.8478081, 7703.016883966001, 9258.029869642, 8658.550144286, 10019.893112388, 8569.131147442, 8764.175324602, 10100.103089168, 9674.313167650002, 10469.566026064, 9346.50791863, 8934.194134742, 9152.124337493999]];2016-11-06 12:00:00;2017-01-29 12:00:00;"{""strategy"": {""combine"": ""mean"", ""pool"": ""pool1""}, ""origin"": ""baseline"", ""loop"": {""final_attempt"": ""a4"", ""strategy"": {""combine"": ""mean"", ""pool"": ""pool1""}, ""iterations_used"": 1, ""stop_reason"": ""laya_accept"", ""trace"": []}, ""score"": 0.3723, ""gate_scores"": null}";baseline;1;laya_accept;0.11057557500130749;1232.9456473028795;laya_multilingual_laya_v5_reasoning_text
9;13;orchestrator_laya_laya_v5_reasoning;0.9656628890922577;8.333333333333334;0.6248439041391661;5630.746765189091;0.6248401414508902;5237.8400627314395;[[5122.14, 5104.68, 5104.68, 5104.68, 5565.7, 5565.7, 5565.7, 5565.7, 5565.7, 5544.94, 5544.94, 5544.94, 5544.94]];[[5415.522011496204, 12939.441193476627, 11053.50555810647, 9584.435995524978, 10920.361740817407, 10361.948414406432, 9741.943042083814, 8283.741204007814, 10565.630300589302, 11112.687421586601, 11800.413992558639, 12714.134000736916, 14042.595940117497]];2016-11-27 12:00:00;2017-02-19 12:00:00;"{""strategy"": {""combine"": ""trimmed_mean"", ""pool"": ""pool3"", ""trim_pct"": 0.2}, ""origin"": ""baseline"", ""loop"": {""final_attempt"": ""a9"", ""strategy"": {""combine"": ""trimmed_mean"", ""pool"": ""pool3"", ""trim_pct"": 0.2}, ""iterations_used"": 1, ""stop_reason"": ""laya_accept"", ""trace"": []}, ""score"": 0.028, ""gate_scores"": null}";baseline;1;laya_accept;0.6248439041391661;5630.746765189091;laya_multilingual_laya_v5_reasoning_text
10;13;orchestrator_laya_laya_v5_reasoning;0.0764352411476301;83.33333333333333;0.07597148510304638;31.66821940960414;0.07596007735684196;25.368645196769236;[[337.19, 359.52, 357.62, 368.22, 328.77, 391.31, 340.06, 323.19, 323.3, 339.94, 316.45, 295.99, 280.07]];[[330.987382612, 329.91968091800004, 322.33862435599997, 323.11048178199997, 333.64189304800004, 338.191892036, 333.915935252, 332.9691977840001, 337.01655271, 342.460987246, 339.871698762, 338.29711631199996, 337.78893865199996]];2016-11-27 12:00:00;2017-02-19 12:00:00;"{""strategy"": {""combine"": ""mean"", ""pool"": ""pool1""}, ""origin"": ""baseline"", ""loop"": {""final_attempt"": ""a4"", ""strategy"": {""combine"": ""mean"", ""pool"": ""pool1""}, ""iterations_used"": 1, ""stop_reason"": ""laya_accept"", ""trace"": []}, ""score"": 0.1813, ""gate_scores"": null}";baseline;1;laya_accept;0.07597148510304638;31.66821940960414;laya_multilingual_laya_v5_reasoning_text
11;13;orchestrator_laya_laya_v5_reasoning;0.02805445946399348;58.333333333333336;0.028566759202173476;34.310475972671604;0.028565411671811494;30.279159580375126;[[1092.0, 1085.0, 1078.0, 1071.0, 1064.0, 1057.0, 1050.0, 1043.0, 1092.0, 1085.0, 1078.0, 1071.0, 1064.0]];[[1042.557410189294, 1040.5378122314512, 1040.3636309446006, 1043.624807173955, 1045.5405159546008, 1043.896554265888, 1043.6333416949026, 1042.5272731560672, 1039.9047349450914, 1037.8959644484194, 1038.876555303019, 1038.9636295717917, 1038.0486955760427]];2015-05-24 12:00:00;2015-08-16 12:00:00;"{""strategy"": {""combine"": ""mean"", ""pool"": ""pool_full""}, ""origin"": ""baseline"", ""loop"": {""final_attempt"": ""a1"", ""strategy"": {""combine"": ""mean"", ""pool"": ""pool_full""}, ""iterations_used"": 1, ""stop_reason"": ""laya_accept"", ""trace"": []}, ""score"": 0.6833, ""gate_scores"": null}";baseline;1;laya_accept;0.028566759202173476;34.310475972671604;laya_multilingual_laya_v5_reasoning_text
12;13;orchestrator_laya_laya_v5_reasoning;0.02361798590417831;58.333333333333336;0.02421819959516765;90.79507071032391;0.02421770522419943;59.364633544461654;[[2373.445, 2373.105, 2453.974, 2390.353, 2324.83, 2337.239, 2375.971, 2398.802, 2350.108, 2363.517, 2484.652, 2558.814, 2653.311]];[[2369.5172475560003, 2361.1108249279996, 2366.84730469, 2387.2311735480002, 2373.0872227439995, 2363.5866738180002, 2370.813168218, 2354.2204638799994, 2340.3299646259998, 2338.1013079599998, 2362.671711512, 2416.8031192179997, 2411.270374348]];2016-10-16 12:00:00;2017-01-08 12:00:00;"{""strategy"": {""combine"": ""mean"", ""pool"": ""pool1""}, ""origin"": ""baseline"", ""loop"": {""final_attempt"": ""a4"", ""strategy"": {""combine"": ""mean"", ""pool"": ""pool1""}, ""iterations_used"": 1, ""stop_reason"": ""laya_accept"", ""trace"": []}, ""score"": 0.5212, ""gate_scores"": null}";baseline;1;laya_accept;0.02421819959516765;90.79507071032391;laya_multilingual_laya_v5_reasoning_text
13;13;orchestrator_laya_laya_v5_reasoning;0.046976908335631735;58.333333333333336;0.04552416300767677;130.79391946560693;0.04552324200484376;112.58682598681305;[[2341.516, 2407.573, 2435.3, 2361.92, 2310.927, 2322.117, 2408.718, 2476.214, 2361.203, 2393.436, 2552.503, 2554.351, 2500.651]];[[2392.8353902699996, 2401.092230137143, 2464.1506367385714, 2505.3162300285717, 2481.155781067143, 2472.212511447143, 2513.622808908571, 2560.170012581428, 2579.402106517143, 2620.9376826871426, 2620.4206634714287, 2623.9168647871434, 2641.863279461428]];2016-10-16 12:00:00;2017-01-08 12:00:00;"{""strategy"": {""combine"": ""mean"", ""pool"": ""pool2""}, ""origin"": ""baseline"", ""loop"": {""final_attempt"": ""a6"", ""strategy"": {""combine"": ""mean"", ""pool"": ""pool2""}, ""iterations_used"": 1, ""stop_reason"": ""laya_accept"", ""trace"": []}, ""score"": 0.2463, ""gate_scores"": null}";baseline;1;laya_accept;0.04552416300767677;130.79391946560693;laya_multilingual_laya_v5_reasoning_text
14;13;orchestrator_laya_laya_v5_reasoning;0.1385945756272578;50.0;0.12768537780885636;629.8445425003473;0.1276839254147598;565.4567982946154;[[4231.0, 4311.68, 3848.09, 4149.38, 3633.49, 3553.49, 3743.59, 4626.91, 4235.48, 4288.81, 5601.72, 5737.57, 5232.13]];[[4764.5775513, 4690.25864306, 4808.66499317, 4545.30814181, 4483.29832379, 4431.47087649, 4381.41612886, 4992.4348922, 5012.71677027, 5167.10834885, 5516.02153282, 5278.72280911, 5081.07195004]];2016-10-16 12:00:00;2017-01-08 12:00:00;"{""strategy"": {""combine"": ""median"", ""pool"": ""pool_full""}, ""origin"": ""baseline"", ""loop"": {""final_attempt"": ""a2"", ""strategy"": {""combine"": ""median"", ""pool"": ""pool_full""}, ""iterations_used"": 1, ""stop_reason"": ""laya_accept"", ""trace"": []}, ""score"": 0.5119, ""gate_scores"": null}";baseline;1;laya_accept;0.12768537780885636;629.8445425003473;laya_multilingual_laya_v5_reasoning_text
15;13;orchestrator_laya_laya_v5_reasoning;0.17535904604454863;41.666666666666664;0.15635690031445396;825.5096998049049;0.15635516606376296;709.8153765115384;[[4231.0, 4311.68, 3848.09, 4149.38, 3633.49, 3553.49, 3743.59, 4626.91, 4235.48, 4288.81, 5601.72, 5737.57, 5232.13]];[[4720.29766419, 4633.66407833, 4705.43503003, 4587.16487383, 4592.15127204, 4792.38479341, 4847.69227695, 5204.97056965, 5510.09686475, 5638.61261407, 5421.64656867, 5581.03297416, 5512.56940023]];2016-10-16 12:00:00;2017-01-08 12:00:00;"{""strategy"": {""combine"": ""median"", ""pool"": ""pool_full""}, ""origin"": ""baseline"", ""loop"": {""final_attempt"": ""a2"", ""strategy"": {""combine"": ""median"", ""pool"": ""pool_full""}, ""iterations_used"": 1, ""stop_reason"": ""laya_accept"", ""trace"": []}, ""score"": 0.5733, ""gate_scores"": null}";baseline;1;laya_accept;0.15635690031445396;825.5096998049049;laya_multilingual_laya_v5_reasoning_text
16;13;orchestrator_laya_laya_v5_reasoning;0.01770080555691942;50.0;0.01792908268751257;266.17123415449834;0.017929009391012603;219.28540530461535;[[12027.16, 12027.2, 12027.24, 11985.62, 11985.74, 12432.86, 12432.99, 12418.26, 12418.32, 12418.37, 12418.43, 12418.49, 12323.22]];[[12027.618148574, 12019.689209201999, 12061.967887984001, 12050.469367041998, 12046.09587121, 12053.034165058, 12064.823762408001, 12078.130742796, 12076.281806828, 12077.76888784, 12084.14621509, 12080.877341972, 12083.068874656]];2016-10-16 12:00:00;2017-01-08 12:00:00;"{""strategy"": {""combine"": ""mean"", ""pool"": ""pool1""}, ""origin"": ""baseline"", ""loop"": {""final_attempt"": ""a4"", ""strategy"": {""combine"": ""mean"", ""pool"": ""pool1""}, ""iterations_used"": 1, ""stop_reason"": ""laya_accept"", ""trace"": []}, ""score"": -0.0535, ""gate_scores"": null}";baseline;1;laya_accept;0.01792908268751257;266.17123415449834;laya_multilingual_laya_v5_reasoning_text
17;13;orchestrator_laya_laya_v5_reasoning;0.056254666011293614;33.333333333333336;0.05385164423877335;281.1831620188045;0.05385099578207949;223.6265442692308;[[4334.57, 4334.61, 4334.65, 4351.65, 4351.77, 3846.99, 3954.85, 3996.48, 3992.55, 3992.61, 3992.68, 3992.75, 4029.96]];[[4342.76779276, 4338.20103436, 4335.79594493, 4318.00839701, 4324.64276369, 4327.70942405, 4330.36830347, 4328.25867347, 4332.87418363, 4340.17715486, 4339.95612134, 4309.475333, 4323.49227033]];2016-10-16 12:00:00;2017-01-08 12:00:00;"{""strategy"": {""combine"": ""median"", ""pool"": ""pool_full""}, ""origin"": ""baseline"", ""loop"": {""final_attempt"": ""a2"", ""strategy"": {""combine"": ""median"", ""pool"": ""pool_full""}, ""iterations_used"": 1, ""stop_reason"": ""laya_accept"", ""trace"": []}, ""score"": 0.0013, ""gate_scores"": null}";baseline;1;laya_accept;0.05385164423877335;281.1831620188045;laya_multilingual_laya_v5_reasoning_text
18;13;orchestrator_laya_laya_v5_reasoning;0.1848943193498875;66.66666666666667;0.20977101908259058;1365.8709040746471;0.209768208616686;832.0415638532967;[[2754.0, 3035.0, 2591.0, 2808.0, 2324.0, 4033.0, 3146.0, 3402.0, 3677.0, 4790.0, 7520.0, 4445.0, 2960.0]];[[2580.6747096642857, 2710.110710562857, 2649.6096221871426, 2815.4106448157145, 3163.225867865714, 3254.7951517457145, 3039.469792795714, 2903.96608076, 2890.629529137143, 3025.386877252857, 3280.1852421442854, 3640.8438936657144, 3395.3561829528567]];2016-10-30 12:00:00;2017-01-22 12:00:00;"{""strategy"": {""combine"": ""trimmed_mean"", ""pool"": ""pool3"", ""trim_pct"": 0.2}, ""origin"": ""baseline"", ""loop"": {""final_attempt"": ""a9"", ""strategy"": {""combine"": ""trimmed_mean"", ""pool"": ""pool3"", ""trim_pct"": 0.2}, ""iterations_used"": 1, ""stop_reason"": ""laya_accept"", ""trace"": []}, ""score"": 0.3602, ""gate_scores"": null}";baseline;1;laya_accept;0.20977101908259058;1365.8709040746471;laya_multilingual_laya_v5_reasoning_text
19;13;orchestrator_laya_laya_v5_reasoning;0.11404538902328473;75.0;0.10833806253494424;481.49083129253205;0.10833658920859499;403.38636756343175;[[3942.0, 4184.0, 3374.0, 4291.0, 2657.0, 4258.0, 4050.0, 3730.0, 3311.0, 3154.0, 4551.0, 4677.0, 3944.0]];[[3817.8985421155476, 3921.974126590752, 3776.397684594173, 3810.995655395612, 3636.4746453126995, 3843.160793561097, 3900.9265652592885, 3859.5564229841557, 3799.7471331779493, 3932.305317929579, 4174.801367437121, 4061.4467796245413, 3900.254595689984]];2016-10-30 12:00:00;2017-01-22 12:00:00;"{""strategy"": {""combine"": ""mean"", ""pool"": ""pool_full""}, ""origin"": ""baseline"", ""loop"": {""final_attempt"": ""a1"", ""strategy"": {""combine"": ""mean"", ""pool"": ""pool_full""}, ""iterations_used"": 1, ""stop_reason"": ""laya_accept"", ""trace"": []}, ""score"": 0.6556, ""gate_scores"": null}";baseline;1;laya_accept;0.10833806253494424;481.49083129253205;laya_multilingual_laya_v5_reasoning_text
20;13;orchestrator_laya_laya_v5_reasoning;0.19466594628275635;66.66666666666667;0.22052688274919013;695.8260740002322;0.22052250481603927;565.7406269805127;[[2203.0, 2234.0, 1786.0, 2582.0, 2838.0, 2949.0, 2483.0, 2184.0, 3809.0, 3395.0, 3194.0, 2744.0, 2054.0]];[[1863.7004248233334, 1893.006080066667, 1921.35095819, 2092.48100086, 2116.758426883333, 2155.4854009333335, 2126.9257204166665, 2098.3060956033337, 2180.282287196667, 2324.68041052, 2516.0436389333336, 2328.130137886667, 2354.07681668]];2016-10-30 12:00:00;2017-01-22 12:00:00;"{""strategy"": {""combine"": ""trimmed_mean"", ""pool"": ""pool1"", ""trim_pct"": 0.2}, ""origin"": ""baseline"", ""loop"": {""final_attempt"": ""a5"", ""strategy"": {""combine"": ""trimmed_mean"", ""pool"": ""pool1"", ""trim_pct"": 0.2}, ""iterations_used"": 1, ""stop_reason"": ""laya_accept"", ""trace"": []}, ""score"": 0.4007, ""gate_scores"": null}";baseline;1;laya_accept;0.22052688274919013;695.8260740002322;laya_multilingual_laya_v5_reasoning_text
21;13;orchestrator_laya_laya_v5_reasoning;0.1462313433957759;66.66666666666667;0.15850407286175755;694.5163445052555;0.158501830673565;565.6273044083077;[[3780.0, 4430.0, 3380.0, 4100.0, 2710.0, 3980.0, 3720.0, 3300.0, 3460.0, 2760.0, 4730.0, 3930.0, 3180.0]];[[3413.358404142, 3446.833045902, 3337.7174906660002, 3360.1239303419998, 3206.3652173180003, 3216.32960774, 3073.832027388, 3118.6224086560005, 3044.719239766, 3130.706404564, 3173.324147918, 3150.847385704, 3168.20897635]];2016-10-30 12:00:00;2017-01-22 12:00:00;"{""strategy"": {""combine"": ""mean"", ""pool"": ""pool1""}, ""origin"": ""baseline"", ""loop"": {""final_attempt"": ""a4"", ""strategy"": {""combine"": ""mean"", ""pool"": ""pool1""}, ""iterations_used"": 1, ""stop_reason"": ""laya_accept"", ""trace"": []}, ""score"": 0.3876, ""gate_scores"": null}";baseline;1;laya_accept;0.15850407286175755;694.5163445052555;laya_multilingual_laya_v5_reasoning_text
22;13;orchestrator_laya_laya_v5_reasoning;0.11857648903692193;41.666666666666664;0.10805988208652716;106.40197559541625;0.10805240630721921;78.66611177107697;[[753.8, 767.6, 722.9, 769.5, 536.6, 756.4, 813.0, 732.2, 617.9, 617.0, 901.1, 872.9, 739.2]];[[758.02945516, 769.099247872, 780.703016384, 774.4162016880001, 779.990389452, 778.098152206, 774.7135025979999, 807.175559934, 785.587180694, 770.09961838, 772.5017322219999, 788.431204276, 781.2070703500001]];2016-10-30 12:00:00;2017-01-22 12:00:00;"{""strategy"": {""combine"": ""mean"", ""pool"": ""pool1""}, ""origin"": ""baseline"", ""loop"": {""final_attempt"": ""a4"", ""strategy"": {""combine"": ""mean"", ""pool"": ""pool1""}, ""iterations_used"": 1, ""stop_reason"": ""laya_accept"", ""trace"": []}, ""score"": 0.3329, ""gate_scores"": null}";baseline;1;laya_accept;0.10805988208652716;106.40197559541625;laya_multilingual_laya_v5_reasoning_text
23;13;orchestrator_laya_laya_v5_reasoning;0.21243128319615592;75.0;0.2283694335648917;3667.895734092713;0.22836806284677047;2117.3947482099998;[[6510.0, 6109.0, 5215.0, 6798.0, 4354.0, 10041.0, 7637.0, 6137.0, 7002.0, 8575.0, 19189.0, 12646.0, 6956.0]];[[6554.6418337, 6892.40195698, 6497.4820521, 7207.25554886, 7052.08959767, 7120.35340105, 7361.50821039, 7298.18141203, 7214.74800565, 7635.03085809, 7922.76110065, 7422.92253497, 7264.90742489]];2016-10-30 12:00:00;2017-01-22 12:00:00;"{""strategy"": {""combine"": ""median"", ""pool"": ""pool_full""}, ""origin"": ""baseline"", ""loop"": {""final_attempt"": ""a2"", ""strategy"": {""combine"": ""median"", ""pool"": ""pool_full""}, ""iterations_used"": 1, ""stop_reason"": ""laya_accept"", ""trace"": []}, ""score"": 0.4302, ""gate_scores"": null}";baseline;1;laya_accept;0.2283694335648917;3667.895734092713;laya_multilingual_laya_v5_reasoning_text
24;13;orchestrator_laya_laya_v5_reasoning;0.23321793066054172;58.333333333333336;0.2706849353114301;683.1604740955148;0.2706784819418471;579.0993386676923;[[1431.0, 1679.0, 1348.0, 1870.0, 2110.0, 2492.0, 2701.0, 2649.0, 2745.0, 2676.0, 3017.0, 2669.0, 2017.0]];[[1319.43557369, 1488.1172459, 1584.53091209, 1705.50400864, 1759.89630023, 1738.19961819, 1695.4186722, 1674.66920823, 1905.94922393, 2016.3568955, 1849.77614804, 1811.6399409, 1799.27667396]];2016-10-30 12:00:00;2017-01-22 12:00:00;"{""strategy"": {""combine"": ""median"", ""pool"": ""pool_full""}, ""origin"": ""baseline"", ""loop"": {""final_attempt"": ""a2"", ""strategy"": {""combine"": ""median"", ""pool"": ""pool_full""}, ""iterations_used"": 1, ""stop_reason"": ""laya_accept"", ""trace"": []}, ""score"": 0.5852, ""gate_scores"": null}";baseline;1;laya_accept;0.2706849353114301;683.1604740955148;laya_multilingual_laya_v5_reasoning_text
25;13;orchestrator_laya_laya_v5_reasoning;0.23138040920385772;50.0;0.2784910044185223;1528.3991897685933;0.27848768724218664;1188.6382148425641;[[2672.0, 3061.0, 2947.0, 4293.0, 3409.0, 4660.0, 5136.0, 6235.0, 5580.0, 4585.0, 6168.0, 4943.0, 3945.0]];[[3016.795904546667, 3079.7480259133335, 2958.42115113, 3038.9071486966664, 3081.5155585666666, 3082.0205461900005, 3134.404005433333, 3371.431842486667, 3425.400156156667, 3790.120862406666, 3569.611806883333, 3592.973397226667, 3790.2829645899997]];2016-10-30 12:00:00;2017-01-22 12:00:00;"{""strategy"": {""combine"": ""trimmed_mean"", ""pool"": ""pool1"", ""trim_pct"": 0.2}, ""origin"": ""baseline"", ""loop"": {""final_attempt"": ""a5"", ""strategy"": {""combine"": ""trimmed_mean"", ""pool"": ""pool1"", ""trim_pct"": 0.2}, ""iterations_used"": 1, ""stop_reason"": ""laya_accept"", ""trace"": []}, ""score"": 0.4656, ""gate_scores"": null}";baseline;1;laya_accept;0.2784910044185223;1528.3991897685933;laya_multilingual_laya_v5_reasoning_text
26;13;orchestrator_laya_laya_v5_reasoning;0.2649064351597975;33.333333333333336;0.3180814511274373;1072.5384055064044;0.3180754273870316;859.4621407298916;[[2144.0, 2144.0, 1752.0, 2314.0, 2645.0, 2643.0, 3120.0, 3302.0, 3802.0, 2762.0, 3713.0, 4473.0, 2643.0]];[[1969.34095277, 1907.68217355, 2019.5433264494877, 2011.1402542086294, 1955.070226744731, 2044.32850853, 2108.98595087, 2096.48491399, 2174.1074132161875, 2170.95780683, 2091.3194309613473, 2123.72621804, 2146.39164725]];2016-10-30 12:00:00;2017-01-22 12:00:00;"{""strategy"": {""combine"": ""median"", ""pool"": ""pool_full""}, ""origin"": ""baseline"", ""loop"": {""final_attempt"": ""a2"", ""strategy"": {""combine"": ""median"", ""pool"": ""pool_full""}, ""iterations_used"": 1, ""stop_reason"": ""laya_accept"", ""trace"": []}, ""score"": 0.5825, ""gate_scores"": null}";baseline;1;laya_accept;0.3180814511274373;1072.5384055064044;laya_multilingual_laya_v5_reasoning_text
27;13;orchestrator_laya_laya_v5_reasoning;0.3061131589066875;50.0;0.3047478886099009;2191.9009423124385;0.304744747632777;1579.6521302623078;[[7793.0, 3341.0, 3003.0, 3507.0, 2555.0, 3167.0, 3300.0, 3507.0, 8089.0, 8507.0, 5611.0, 4081.0, 3025.0]];[[3890.0510748660004, 3257.0277360739997, 3651.1745295759997, 3092.398109036, 3146.171219694, 3365.8682475040005, 3826.4575573, 3369.533331688, 3894.9644801759996, 4834.304363394001, 6459.032927108, 6799.123754557999, 5623.928552904001]];2016-10-30 12:00:00;2017-01-22 12:00:00;"{""strategy"": {""combine"": ""trimmed_mean"", ""pool"": ""pool2"", ""trim_pct"": 0.2}, ""origin"": ""baseline"", ""loop"": {""final_attempt"": ""a7"", ""strategy"": {""combine"": ""trimmed_mean"", ""pool"": ""pool2"", ""trim_pct"": 0.2}, ""iterations_used"": 1, ""stop_reason"": ""laya_accept"", ""trace"": []}, ""score"": 0.3542, ""gate_scores"": null}";baseline;1;laya_accept;0.3047478886099009;2191.9009423124385;laya_multilingual_laya_v5_reasoning_text
28;13;orchestrator_laya_laya_v5_reasoning;0.3710185024058706;66.66666666666667;0.4769243144981743;631.2631961454923;0.4769020888977345;529.8357721223077;[[851.0, 1017.0, 907.0, 1075.0, 833.0, 1716.0, 1339.0, 1312.0, 1345.0, 1322.0, 2142.0, 1732.0, 1143.0]];[[750.9193869459999, 709.577555898, 658.5669805119999, 708.439418276, 779.233048078, 794.1166431, 724.088641592, 715.9960170500001, 768.73444764, 843.48264948, 839.26945261, 786.1934347, 767.517286528]];2016-10-30 12:00:00;2017-01-22 12:00:00;"{""strategy"": {""combine"": ""mean"", ""pool"": ""pool1""}, ""origin"": ""baseline"", ""loop"": {""final_attempt"": ""a4"", ""strategy"": {""combine"": ""mean"", ""pool"": ""pool1""}, ""iterations_used"": 1, ""stop_reason"": ""laya_accept"", ""trace"": []}, ""score"": 0.2778, ""gate_scores"": null}";baseline;1;laya_accept;0.4769243144981743;631.2631961454923;laya_multilingual_laya_v5_reasoning_text
29;13;orchestrator_laya_laya_v5_reasoning;0.12143777504512855;91.66666666666667;0.12589266952942305;873.9904918437107;0.12589137262420033;639.1230942361827;[[3623.0, 4016.0, 3075.0, 4373.0, 3773.0, 5121.0, 4129.0, 4785.0, 6509.0, 7561.0, 6183.0, 5485.0, 4223.0]];[[3747.10348494, 4126.13060873, 3905.76912039, 3970.0731577810684, 3864.13935832, 4289.08075255, 4313.21015087, 4625.69149787, 5066.05107730761, 5395.15536054, 5269.7237881509445, 5213.91113654, 5003.93427256]];2016-10-30 12:00:00;2017-01-22 12:00:00;"{""strategy"": {""combine"": ""median"", ""pool"": ""pool_full""}, ""origin"": ""baseline"", ""loop"": {""final_attempt"": ""a2"", ""strategy"": {""combine"": ""median"", ""pool"": ""pool_full""}, ""iterations_used"": 1, ""stop_reason"": ""laya_accept"", ""trace"": []}, ""score"": 0.5936, ""gate_scores"": null}";baseline;1;laya_accept;0.12589266952942305;873.9904918437107;laya_multilingual_laya_v5_reasoning_text
30;13;orchestrator_laya_laya_v5_reasoning;0.2853250192540041;58.333333333333336;0.34332674855877443;553.9581530063095;0.34331303989699297;448.1746319476923;[[708.0, 829.0, 796.0, 1026.0, 1483.0, 1412.0, 1665.0, 1696.0, 2150.0, 1948.0, 1778.0, 1156.0, 1053.0]];[[780.0048875666666, 762.75163912, 721.5687140433333, 752.6862202833332, 858.0004469233332, 935.9253299433334, 980.4957092633334, 1099.0919990266668, 1124.0785901, 1014.29826956, 1117.0093953900002, 1184.3897891266668, 1361.7818522799998]];2016-10-30 12:00:00;2017-01-22 12:00:00;"{""strategy"": {""combine"": ""trimmed_mean"", ""pool"": ""pool1"", ""trim_pct"": 0.2}, ""origin"": ""baseline"", ""loop"": {""final_attempt"": ""a5"", ""strategy"": {""combine"": ""trimmed_mean"", ""pool"": ""pool1"", ""trim_pct"": 0.2}, ""iterations_used"": 1, ""stop_reason"": ""laya_accept"", ""trace"": []}, ""score"": 0.5385, ""gate_scores"": null}";baseline;1;laya_accept;0.34332674855877443;553.9581530063095;laya_multilingual_laya_v5_reasoning_text
31;13;orchestrator_laya_laya_v5_reasoning;0.23120008786303095;58.333333333333336;0.26660091179405465;1692.7151868631088;0.26659851409493474;1495.0676587378466;[[5029.0, 3990.0, 5803.0, 3980.0, 6833.0, 5247.0, 6023.0, 7372.0, 6529.0, 7042.0, 6642.0, 6607.0, 7307.0]];[[4636.668473406, 4433.074317322, 4394.774617014, 4351.841421208001, 4510.095017837999, 4684.22807099, 4728.597381998, 4756.281085758, 4626.161904216, 4647.370997726, 4808.958529194, 5013.464677190001, 5006.435419607999]];2016-11-06 12:00:00;2017-01-29 12:00:00;"{""strategy"": {""combine"": ""mean"", ""pool"": ""pool1""}, ""origin"": ""baseline"", ""loop"": {""final_attempt"": ""a4"", ""strategy"": {""combine"": ""mean"", ""pool"": ""pool1""}, ""iterations_used"": 1, ""stop_reason"": ""laya_accept"", ""trace"": []}, ""score"": 0.5293, ""gate_scores"": null}";baseline;1;laya_accept;0.26660091179405465;1692.7151868631088;laya_multilingual_laya_v5_reasoning_text
32;13;orchestrator_laya_laya_v5_reasoning;0.09948367261203966;83.33333333333333;0.10014688154521309;287.52686227526635;0.10014459652210247;227.59433261743595;[[1635.1, 1470.0, 1831.2, 1860.7, 2952.6, 2076.0, 1926.5, 2127.6, 2526.5, 3130.5, 2901.6, 1965.4, 1930.4]];[[1677.2080836566668, 1536.9302733466666, 1683.0030953599999, 1601.9501087533333, 2371.3928914233334, 1977.8762238966665, 1865.5214560200002, 2181.9817100366668, 2713.579840736667, 2858.859787783333, 2474.3362690833333, 2198.5384131733335, 2459.3278353966666]];2016-11-06 12:00:00;2017-01-29 12:00:00;"{""strategy"": {""combine"": ""trimmed_mean"", ""pool"": ""pool1"", ""trim_pct"": 0.2}, ""origin"": ""baseline"", ""loop"": {""final_attempt"": ""a5"", ""strategy"": {""combine"": ""trimmed_mean"", ""pool"": ""pool1"", ""trim_pct"": 0.2}, ""iterations_used"": 1, ""stop_reason"": ""laya_accept"", ""trace"": []}, ""score"": 0.3412, ""gate_scores"": null}";baseline;1;laya_accept;0.10014688154521309;287.52686227526635;laya_multilingual_laya_v5_reasoning_text
33;13;orchestrator_laya_laya_v5_reasoning;0.1489673854613267;75.0;0.1593196222004285;372.94711161716424;0.15931510949534078;288.7347687887692;[[1528.0, 1485.0, 1676.0, 1434.0, 2556.0, 2017.0, 1752.0, 1575.0, 1478.0, 2618.0, 2045.0, 1480.0, 1464.0]];[[1377.4917838400002, 1285.6186526999998, 1467.321530746, 1390.9063320760001, 1652.868760414, 1586.33431772, 1513.588529602, 1621.5197760219999, 1658.460401664, 1958.6328930240002, 1895.409337844, 1715.1665340120003, 1772.5774205219998]];2016-11-06 12:00:00;2017-01-29 12:00:00;"{""strategy"": {""combine"": ""mean"", ""pool"": ""pool1""}, ""origin"": ""baseline"", ""loop"": {""final_attempt"": ""a4"", ""strategy"": {""combine"": ""mean"", ""pool"": ""pool1""}, ""iterations_used"": 1, ""stop_reason"": ""laya_accept"", ""trace"": []}, ""score"": 0.4294, ""gate_scores"": null}";baseline;1;laya_accept;0.1593196222004285;372.94711161716424;laya_multilingual_laya_v5_reasoning_text
34;13;orchestrator_laya_laya_v5_reasoning;0.17014003478370332;83.33333333333333;0.19084155719306556;412.6738153549199;0.19083555979881112;314.3074515546154;[[1240.0, 938.0, 1641.0, 1225.0, 2143.0, 2298.0, 1561.0, 1253.0, 1257.0, 2191.0, 2137.0, 1662.0, 1565.0]];[[1194.89709093, 1148.55819676, 1245.28532608, 1125.28608493, 1533.11888865, 1430.68278193, 1411.03652434, 1232.74688275, 1267.33383656, 1535.18314064, 1577.34375574, 1386.96378489, 1378.35090223]];2016-11-06 12:00:00;2017-01-29 12:00:00;"{""strategy"": {""combine"": ""median"", ""pool"": ""pool_full""}, ""origin"": ""baseline"", ""loop"": {""final_attempt"": ""a2"", ""strategy"": {""combine"": ""median"", ""pool"": ""pool_full""}, ""iterations_used"": 1, ""stop_reason"": ""laya_accept"", ""trace"": []}, ""score"": 0.6044, ""gate_scores"": null}";baseline;1;laya_accept;0.19084155719306556;412.6738153549199;laya_multilingual_laya_v5_reasoning_text
35;13;orchestrator_laya_laya_v5_reasoning;0.1368768608816265;75.0;0.1271386115188354;2301.6862669905977;0.12713818134148427;1905.9816701580346;[[18469.2, 14697.3, 14490.1, 16890.6, 13307.5, 11488.0, 11021.4, 13786.0, 17773.2, 20125.2, 13053.1, 14418.3, 18561.2]];[[18069.30217749333, 15099.400984619999, 14876.964821405556, 15353.818249005555, 17013.854846701113, 15069.994472699997, 14905.207627876669, 14866.829923306663, 16928.161019036666, 16970.554024293335, 15651.797299785556, 15437.079693141111, 16379.232487653331]];2016-11-27 12:00:00;2017-02-19 12:00:00;"{""strategy"": {""combine"": ""mean"", ""pool"": ""pool3""}, ""origin"": ""baseline"", ""loop"": {""final_attempt"": ""a8"", ""strategy"": {""combine"": ""mean"", ""pool"": ""pool3""}, ""iterations_used"": 1, ""stop_reason"": ""laya_accept"", ""trace"": []}, ""score"": 0.4121, ""gate_scores"": null}";baseline;1;laya_accept;0.1271386115188354;2301.6862669905977;laya_multilingual_laya_v5_reasoning_text
36;13;orchestrator_laya_laya_v5_reasoning;0.01361827430004598;50.0;0.013507290601247475;42.81306739608247;0.01350705521910703;38.755875934615304;[[2891.8, 2870.0, 2839.7, 2925.6, 2858.2, 2873.3, 2857.3, 2832.8, 2818.5, 2843.0, 2863.1, 2838.6, 2827.4]];[[2905.63420613, 2906.65175744, 2912.22371326, 2912.20157526, 2901.05185552, 2895.43538155, 2890.76783129, 2885.9798128, 2883.76769209, 2879.54749951, 2881.35151186, 2880.5202132, 2881.19648776]];2017-10-08 12:00:00;2017-12-31 12:00:00;"{""strategy"": {""combine"": ""median"", ""pool"": ""pool_full""}, ""origin"": ""baseline"", ""loop"": {""final_attempt"": ""a2"", ""strategy"": {""combine"": ""median"", ""pool"": ""pool_full""}, ""iterations_used"": 1, ""stop_reason"": ""laya_accept"", ""trace"": []}, ""score"": 0.4983, ""gate_scores"": null}";baseline;1;laya_accept;0.013507290601247475;42.81306739608247;laya_multilingual_laya_v5_reasoning_text
37;13;orchestrator_laya_laya_v5_reasoning;0.0140158163321396;75.0;0.0141575093524872;51.1962980524755;0.014157274837545057;42.73374273883537;[[3050.13, 2991.26, 2966.63, 3079.93, 3027.55, 3046.13, 3052.31, 3028.4, 3042.15, 3060.21, 3044.19, 3005.94, 2999.31]];[[2990.938198624125, 2977.0595103450046, 2970.9487739743554, 2972.415214839329, 2987.0628750102187, 2995.2425951650653, 2989.1856904791994, 2986.916411705019, 2993.750255026841, 2997.6596236110745, 2994.0681732549406, 2999.985635552794, 2992.005934755885]];2017-10-15 12:00:00;2018-01-07 12:00:00;"{""strategy"": {""combine"": ""mean"", ""pool"": ""pool_full""}, ""origin"": ""baseline"", ""loop"": {""final_attempt"": ""a1"", ""strategy"": {""combine"": ""mean"", ""pool"": ""pool_full""}, ""iterations_used"": 1, ""stop_reason"": ""laya_accept"", ""trace"": []}, ""score"": 0.7056, ""gate_scores"": null}";baseline;1;laya_accept;0.0141575093524872;51.1962980524755;laya_multilingual_laya_v5_reasoning_text
38;13;orchestrator_laya_laya_v5_reasoning;0.02331129606491729;41.666666666666664;0.022977850508244524;149.16667519633154;0.02297765327633893;133.84742465907703;[[5820.04, 5811.86, 5764.85, 5774.63, 5782.51, 5729.81, 5736.21, 5784.8, 5783.06, 5742.76, 5732.81, 5730.19, 5678.13]];[[5848.6906898199995, 5854.77544293, 5864.38274612, 5870.172761076001, 5875.422461428, 5867.526854972, 5883.178852700001, 5891.7605215739995, 5911.800606726001, 5921.11958805, 5931.966481682, 5936.535606699999, 5954.343906790001]];2018-12-30 12:00:00;2019-03-24 12:00:00;"{""strategy"": {""combine"": ""trimmed_mean"", ""pool"": ""pool2"", ""trim_pct"": 0.2}, ""origin"": ""baseline"", ""loop"": {""final_attempt"": ""a7"", ""strategy"": {""combine"": ""trimmed_mean"", ""pool"": ""pool2"", ""trim_pct"": 0.2}, ""iterations_used"": 1, ""stop_reason"": ""laya_accept"", ""trace"": []}, ""score"": 0.0464, ""gate_scores"": null}";baseline;1;laya_accept;0.022977850508244524;149.16667519633154;laya_multilingual_laya_v5_reasoning_text
39;13;orchestrator_laya_laya_v5_reasoning;0.02797283102526791;41.666666666666664;0.027522974610255855;173.42409945961816;0.027522738741277884;160.57899654923068;[[5816.795, 5807.545, 5761.31, 5766.93, 5777.23, 5727.54, 5732.42, 5780.82, 5776.885, 5739.61, 5732.305, 5721.025, 5674.69]];[[5852.15735449, 5861.70301537, 5882.21493642, 5891.8613933, 5907.96198787, 5913.43540917, 5924.05060704, 5931.3526151, 5940.19932282, 5943.60970136, 5950.69196517, 5956.18193225, 5947.21171478]];2018-12-30 12:00:00;2019-03-24 12:00:00;"{""strategy"": {""combine"": ""median"", ""pool"": ""pool_full""}, ""origin"": ""baseline"", ""loop"": {""final_attempt"": ""a2"", ""strategy"": {""combine"": ""median"", ""pool"": ""pool_full""}, ""iterations_used"": 1, ""stop_reason"": ""laya_accept"", ""trace"": []}, ""score"": 0.0427, ""gate_scores"": null}";baseline;1;laya_accept;0.027522974610255855;173.42409945961816;laya_multilingual_laya_v5_reasoning_text
40;13;orchestrator_laya_laya_v5_reasoning;0.012006594822648965;25.0;0.011963323238303247;77.32847253338589;0.011963225283203037;73.05588860537745;[[6138.53, 6046.39, 6014.57, 6020.12, 6111.92, 6065.35, 6090.68, 6170.24, 6206.4, 6161.53, 6092.33, 6028.87, 6039.88]];[[6088.68372745009, 6138.78425608, 6077.3748875, 6094.77281484, 6163.41643193, 6170.9577436, 6167.81233406, 6110.32651943, 6105.5757351, 6114.93385323, 6117.35656692, 6140.53651918, 6131.64483297]];2018-07-08 12:00:00;2018-09-30 12:00:00;"{""strategy"": {""combine"": ""median"", ""pool"": ""pool_full""}, ""origin"": ""baseline"", ""loop"": {""final_attempt"": ""a2"", ""strategy"": {""combine"": ""median"", ""pool"": ""pool_full""}, ""iterations_used"": 1, ""stop_reason"": ""laya_accept"", ""trace"": []}, ""score"": 0.1499, ""gate_scores"": null}";baseline;1;laya_accept;0.011963323238303247;77.32847253338589;laya_multilingual_laya_v5_reasoning_text
41;13;orchestrator_laya_laya_v5_reasoning;0.011391466414591645;41.666666666666664;0.011322755233656454;78.68551181517302;0.011322662621230824;69.21664206904308;[[6145.38, 6055.38, 6021.96, 6036.22, 6123.1, 6070.16, 6098.74, 6178.74, 6219.68, 6168.3, 6093.4, 6048.22, 6047.21]];[[6130.3640171324405, 6151.95167485, 6145.7787065, 6135.13920739, 6150.09265556, 6155.6191994, 6159.73220216, 6159.71747321, 6139.05222175, 6149.90204596, 6149.68635332, 6157.33714316, 6155.80496261]];2018-07-08 12:00:00;2018-09-30 12:00:00;"{""strategy"": {""combine"": ""median"", ""pool"": ""pool_full""}, ""origin"": ""baseline"", ""loop"": {""final_attempt"": ""a2"", ""strategy"": {""combine"": ""median"", ""pool"": ""pool_full""}, ""iterations_used"": 1, ""stop_reason"": ""laya_accept"", ""trace"": []}, ""score"": 0.221, ""gate_scores"": null}";baseline;1;laya_accept;0.011322755233656454;78.68551181517302;laya_multilingual_laya_v5_reasoning_text
42;13;orchestrator_laya_laya_v5_reasoning;0.015830376539427697;41.666666666666664;0.015669367376894523;109.72731653062986;0.015669239485538364;95.99197780153841;[[6141.955, 6050.885, 6018.265, 6028.17, 6117.51, 6067.755, 6094.71, 6174.49, 6213.04, 6164.915, 6092.865, 6038.545, 6043.545]];[[6122.25050164, 6176.76069288, 6173.78972719, 6180.42639457, 6174.8522389, 6191.75625829, 6197.01236857, 6206.56326245, 6193.34439509, 6200.88371181, 6203.86635831, 6198.95681428, 6195.2827809]];2018-07-08 12:00:00;2018-09-30 12:00:00;"{""strategy"": {""combine"": ""median"", ""pool"": ""pool_full""}, ""origin"": ""baseline"", ""loop"": {""final_attempt"": ""a2"", ""strategy"": {""combine"": ""median"", ""pool"": ""pool_full""}, ""iterations_used"": 1, ""stop_reason"": ""laya_accept"", ""trace"": []}, ""score"": 0.2462, ""gate_scores"": null}";baseline;1;laya_accept;0.015669367376894523;109.72731653062986;laya_multilingual_laya_v5_reasoning_text
43;13;orchestrator_laya_laya_v5_reasoning;0.025739655764131248;33.333333333333336;0.02536212673494937;158.6242846766918;0.02536190891803658;147.65503919021984;[[5813.55, 5803.23, 5757.77, 5759.23, 5771.95, 5725.27, 5728.63, 5776.84, 5770.71, 5736.46, 5731.8, 5711.86, 5671.25]];[[5849.219079128571, 5862.280479895714, 5869.807100159999, 5879.983970627143, 5894.928629592857, 5896.019252620002, 5905.81415136, 5908.562562827144, 5917.655884861429, 5919.842545068571, 5922.40164232, 5924.689779764286, 5926.8604312471425]];2018-12-30 12:00:00;2019-03-24 12:00:00;"{""strategy"": {""combine"": ""trimmed_mean"", ""pool"": ""pool3"", ""trim_pct"": 0.2}, ""origin"": ""baseline"", ""loop"": {""final_attempt"": ""a9"", ""strategy"": {""combine"": ""trimmed_mean"", ""pool"": ""pool3"", ""trim_pct"": 0.2}, ""iterations_used"": 1, ""stop_reason"": ""laya_accept"", ""trace"": []}, ""score"": 0.032, ""gate_scores"": null}";baseline;1;laya_accept;0.02536212673494937;158.6242846766918;laya_multilingual_laya_v5_reasoning_text
44;13;orchestrator_laya_laya_v5_reasoning;0.03586130499441005;41.666666666666664;0.036904736861849065;140.82406175385168;0.03690412654813199;111.58917938923074;[[2934.68, 2967.95, 3071.57, 3101.51, 3101.51, 3136.93, 3189.06, 3165.62, 3069.02, 2990.9, 2965.64, 2997.27, 3001.98]];[[2919.82602641, 2925.66857127, 2922.13696384, 2914.80098589, 2932.727854, 2934.28393089, 2934.23883185, 2951.68127492, 2950.26876572, 2992.20449671, 2960.3860075, 2950.77302358, 2956.59292878]];2018-09-02 12:00:00;2018-11-25 12:00:00;"{""strategy"": {""combine"": ""median"", ""pool"": ""pool_full""}, ""origin"": ""baseline"", ""loop"": {""final_attempt"": ""a2"", ""strategy"": {""combine"": ""median"", ""pool"": ""pool_full""}, ""iterations_used"": 1, ""stop_reason"": ""laya_accept"", ""trace"": []}, ""score"": 0.5916, ""gate_scores"": null}";baseline;1;laya_accept;0.036904736861849065;140.82406175385168;laya_multilingual_laya_v5_reasoning_text
45;13;orchestrator_laya_laya_v5_reasoning;0.06455540888460153;33.333333333333336;0.06246086461354079;203.62550699700222;0.06245988995134281;200.1492065315385;[[3156.835, 3088.77, 3129.65, 3163.045, 3114.31, 3110.356, 3123.937, 3136.711, 3158.378, 3095.771, 3042.689, 3026.794, 3062.599]];[[3300.47010601, 3297.60198711, 3329.06014532, 3319.29856219, 3320.28823522, 3330.29001362, 3318.70997647, 3316.28356775, 3302.70327822, 3293.4714661, 3304.25867082, 3296.86197214, 3282.48670394]];2018-06-24 12:00:00;2018-09-16 12:00:00;"{""strategy"": {""combine"": ""median"", ""pool"": ""pool_full""}, ""origin"": ""baseline"", ""loop"": {""final_attempt"": ""a2"", ""strategy"": {""combine"": ""median"", ""pool"": ""pool_full""}, ""iterations_used"": 1, ""stop_reason"": ""laya_accept"", ""trace"": []}, ""score"": 0.1267, ""gate_scores"": null}";baseline;1;laya_accept;0.06246086461354079;203.62550699700222;laya_multilingual_laya_v5_reasoning_text
46;13;orchestrator_laya_laya_v5_reasoning;0.039226997517761965;25.0;0.0403690279693199;147.1132439838677;0.040368358530477426;121.7302312807693;[[2933.38, 2967.36, 3070.66, 3098.73, 3098.73, 3134.37, 3186.88, 3164.56, 3067.65, 2988.52, 2963.47, 2994.78, 2999.43]];[[2915.18105905, 2914.13306256, 2920.37036447, 2916.51426225, 2923.57667746, 2931.83017717, 2922.52589693, 2924.05213385, 2948.32682004, 2950.25550667, 2941.15974101, 2940.42558638, 2937.67570551]];2018-09-02 12:00:00;2018-11-25 12:00:00;"{""strategy"": {""combine"": ""median"", ""pool"": ""pool_full""}, ""origin"": ""baseline"", ""loop"": {""final_attempt"": ""a2"", ""strategy"": {""combine"": ""median"", ""pool"": ""pool_full""}, ""iterations_used"": 1, ""stop_reason"": ""laya_accept"", ""trace"": []}, ""score"": 0.6239, ""gate_scores"": null}";baseline;1;laya_accept;0.0403690279693199;147.1132439838677;laya_multilingual_laya_v5_reasoning_text
47;13;orchestrator_laya_laya_v5_reasoning;0.009460910364938603;66.66666666666667;0.009519345141929935;32.69486132813803;0.009519182442501703;27.8523746058242;[[2964.555, 2996.025, 3000.705, 2941.08, 2935.96, 2938.24, 2936.72, 2936.66, 2882.2, 2862.63, 2867.64, 2875.68, 2871.67]];[[2983.555208062857, 2960.837473575714, 2935.7404792742855, 2916.233346624286, 2911.4318540114286, 2909.0770221499997, 2895.0627580714286, 2879.183675485714, 2861.29200056, 2855.4003018542858, 2856.7643837157148, 2859.6893258142854, 2861.41671705]];2018-11-11 12:00:00;2019-02-03 12:00:00;"{""strategy"": {""combine"": ""trimmed_mean"", ""pool"": ""pool3"", ""trim_pct"": 0.2}, ""origin"": ""baseline"", ""loop"": {""final_attempt"": ""a9"", ""strategy"": {""combine"": ""trimmed_mean"", ""pool"": ""pool3"", ""trim_pct"": 0.2}, ""iterations_used"": 1, ""stop_reason"": ""laya_accept"", ""trace"": []}, ""score"": 0.114, ""gate_scores"": null}";baseline;1;laya_accept;0.009519345141929935;32.69486132813803;laya_multilingual_laya_v5_reasoning_text
48;13;orchestrator_laya_laya_v5_reasoning;0.07519765896063299;41.666666666666664;0.07852797182256102;265.2168484098298;0.07852672913553377;248.18386665883992;[[3193.28, 3248.07, 3406.28, 3378.86, 3335.78, 3331.52, 3375.54, 3365.51, 3264.59, 3155.58, 3087.64, 3128.35, 3161.7]];[[3003.7075894248387, 3015.574116550444, 3030.858230269577, 3029.041111879889, 3022.758785245229, 3052.6235847146927, 3004.4412008980285, 3051.362296659221, 2993.715417687187, 2996.362388826015, 3010.8575178036713, 3000.8341959257623, 2994.173297550527]];2018-04-22 12:00:00;2018-07-15 12:00:00;"{""strategy"": {""combine"": ""mean"", ""pool"": ""pool_full""}, ""origin"": ""baseline"", ""loop"": {""final_attempt"": ""a1"", ""strategy"": {""combine"": ""mean"", ""pool"": ""pool_full""}, ""iterations_used"": 1, ""stop_reason"": ""laya_accept"", ""trace"": []}, ""score"": 0.6944, ""gate_scores"": null}";baseline;1;laya_accept;0.07852797182256102;265.2168484098298;laya_multilingual_laya_v5_reasoning_text
49;13;orchestrator_laya_laya_v5_reasoning;0.025737846047699204;41.666666666666664;0.02603751104305207;100.50867859041813;0.026037112372144604;85.0560208292308;[[3194.69, 3248.72, 3407.29, 3381.89, 3338.78, 3334.24, 3377.85, 3366.64, 3266.05, 3158.09, 3089.9, 3130.95, 3164.39]];[[3216.57009344, 3228.63412174, 3223.20464522, 3236.50797398, 3229.34893586, 3245.22441666, 3234.56173259, 3249.67847876, 3233.82227913, 3207.76176727, 3207.03353628, 3193.2392745, 3178.66618323]];2018-04-22 12:00:00;2018-07-15 12:00:00;"{""strategy"": {""combine"": ""median"", ""pool"": ""pool_full""}, ""origin"": ""baseline"", ""loop"": {""final_attempt"": ""a2"", ""strategy"": {""combine"": ""median"", ""pool"": ""pool_full""}, ""iterations_used"": 1, ""stop_reason"": ""laya_accept"", ""trace"": []}, ""score"": 0.6124, ""gate_scores"": null}";baseline;1;laya_accept;0.02603751104305207;100.50867859041813;laya_multilingual_laya_v5_reasoning_text
50;13;orchestrator_laya_laya_v5_reasoning;0.016152659484885597;50.0;0.016060286469745395;119.68359551709322;0.016060163724312296;105.07725802494511;[[6549.4, 6749.6, 6672.9, 6664.1, 6601.3, 6601.8, 6483.1, 6488.7, 6431.8, 6468.2, 6418.9, 6383.5, 6403.6]];[[6587.920851301429, 6594.100313955715, 6591.162761184286, 6570.054919542857, 6561.869579217142, 6544.925576004286, 6553.859212374286, 6537.045500602857, 6543.124204875713, 6559.0724033100005, 6599.274352835715, 6597.020425918571, 6588.30055301]];2018-08-26 12:00:00;2018-11-18 12:00:00;"{""strategy"": {""combine"": ""trimmed_mean"", ""pool"": ""pool3"", ""trim_pct"": 0.2}, ""origin"": ""baseline"", ""loop"": {""final_attempt"": ""a9"", ""strategy"": {""combine"": ""trimmed_mean"", ""pool"": ""pool3"", ""trim_pct"": 0.2}, ""iterations_used"": 1, ""stop_reason"": ""laya_accept"", ""trace"": []}, ""score"": 0.1074, ""gate_scores"": null}";baseline;1;laya_accept;0.016060286469745395;119.68359551709322;laya_multilingual_laya_v5_reasoning_text
51;13;orchestrator_laya_laya_v5_reasoning;0.02078776506338087;33.333333333333336;0.0204618381196335;176.18436526450563;0.020461691466798663;142.75109133969252;[[6980.8, 7049.9, 6985.1, 7060.9, 7021.9, 7015.0, 6921.2, 6940.5, 6942.0, 6894.3, 6783.9, 6801.8, 6773.4]];[[7043.741169958, 7028.14969152, 7087.63218832, 7077.774413732001, 7078.827814848, 7072.123826104001, 7081.9085459, 7068.234349446, 7081.172723884, 7078.299042394001, 7086.577426759999, 7096.894442899999, 7101.62793469]];2018-09-02 12:00:00;2018-11-25 12:00:00;"{""strategy"": {""combine"": ""trimmed_mean"", ""pool"": ""pool2"", ""trim_pct"": 0.2}, ""origin"": ""baseline"", ""loop"": {""final_attempt"": ""a7"", ""strategy"": {""combine"": ""trimmed_mean"", ""pool"": ""pool2"", ""trim_pct"": 0.2}, ""iterations_used"": 1, ""stop_reason"": ""laya_accept"", ""trace"": []}, ""score"": 0.2773, ""gate_scores"": null}";baseline;1;laya_accept;0.0204618381196335;176.18436526450563;laya_multilingual_laya_v5_reasoning_text
52;13;orchestrator_laya_laya_v5_reasoning;0.07684905686918334;33.333333333333336;0.08238071381544666;223.61450414320905;0.08237865303849884;164.8333468130769;[[1915.5, 1845.1, 1867.4, 2142.0, 2309.8, 2248.6, 2182.6, 2050.6, 1986.8, 1865.6, 1912.3, 1982.7, 1933.5]];[[1874.73703213, 1896.40758803, 1873.04964906, 1890.15079684, 1862.44047444, 1832.40192704, 1833.04731916, 1831.94799094, 1850.41089575, 1859.39782841, 1874.9450576, 1857.09007575, 1877.55433046]];2017-07-23 12:00:00;2017-10-15 12:00:00;"{""strategy"": {""combine"": ""median"", ""pool"": ""pool_full""}, ""origin"": ""baseline"", ""loop"": {""final_attempt"": ""a2"", ""strategy"": {""combine"": ""median"", ""pool"": ""pool_full""}, ""iterations_used"": 1, ""stop_reason"": ""laya_accept"", ""trace"": []}, ""score"": 0.5417, ""gate_scores"": null}";baseline;1;laya_accept;0.08238071381544666;223.61450414320905;laya_multilingual_laya_v5_reasoning_text
53;13;orchestrator_laya_laya_v5_reasoning;0.011507996696273585;50.0;0.011394162900446952;36.870917197237354;0.011393931470087854;28.048666680549452;[[2483.0, 2491.0, 2474.0, 2491.0, 2483.0, 2460.0, 2473.0, 2448.0, 2429.0, 2411.0, 2434.0, 2445.0, 2439.0]];[[2483.0638959585717, 2492.784138522857, 2492.3078384971427, 2494.5229651728573, 2484.114586952857, 2485.3612927514287, 2484.9031573642856, 2486.0884520957143, 2483.4260755957143, 2490.4468462485715, 2486.510456768571, 2482.6324544914287, 2479.470506427143]];2016-10-23 12:00:00;2017-01-15 12:00:00;"{""strategy"": {""combine"": ""trimmed_mean"", ""pool"": ""pool3"", ""trim_pct"": 0.2}, ""origin"": ""baseline"", ""loop"": {""final_attempt"": ""a9"", ""strategy"": {""combine"": ""trimmed_mean"", ""pool"": ""pool3"", ""trim_pct"": 0.2}, ""iterations_used"": 1, ""stop_reason"": ""laya_accept"", ""trace"": []}, ""score"": -0.0724, ""gate_scores"": null}";baseline;1;laya_accept;0.011394162900446952;36.870917197237354;laya_multilingual_laya_v5_reasoning_text
54;13;orchestrator_laya_laya_v5_reasoning;0.06060972807513221;58.333333333333336;0.057304129115498835;385.9313510728358;0.057303549782356696;283.60328162922445;[[5056.0, 4936.0, 4551.0, 4461.0, 4515.0, 4725.0, 4863.0, 5097.0, 5191.0, 5195.0, 5328.0, 5342.0, 5207.0]];[[5118.14908311, 5171.59554064, 5165.29414913, 5198.00333134, 5216.05594939, 5224.1224452, 5250.248980649918, 5294.81483646, 5173.88170574, 5348.28247137, 5321.03076757, 5303.6269657, 5170.1846871]];2016-10-23 12:00:00;2017-01-15 12:00:00;"{""strategy"": {""combine"": ""median"", ""pool"": ""pool_full""}, ""origin"": ""baseline"", ""loop"": {""final_attempt"": ""a2"", ""strategy"": {""combine"": ""median"", ""pool"": ""pool_full""}, ""iterations_used"": 1, ""stop_reason"": ""laya_accept"", ""trace"": []}, ""score"": 0.4566, ""gate_scores"": null}";baseline;1;laya_accept;0.057304129115498835;385.9313510728358;laya_multilingual_laya_v5_reasoning_text
55;13;orchestrator_laya_laya_v5_reasoning;0.05397734101110701;83.33333333333333;0.056602349900780426;272.29445680170727;0.05660156341683604;203.99261560031087;[[3030.0, 3099.0, 3193.0, 3261.0, 3334.0, 3440.0, 3538.0, 3633.0, 3733.0, 3814.0, 3877.0, 3929.0, 3978.0]];[[3048.80204254, 3112.68855039, 3167.99999226, 3212.06113205, 3295.80290888, 3341.042738816779, 3378.89886265, 3432.35036433, 3482.6620413, 3447.4108481371195, 3397.9917446824566, 3412.50714411, 3541.8588129096033]];2015-08-16 12:00:00;2015-11-08 12:00:00;"{""strategy"": {""combine"": ""median"", ""pool"": ""pool_full""}, ""origin"": ""baseline"", ""loop"": {""final_attempt"": ""a2"", ""strategy"": {""combine"": ""median"", ""pool"": ""pool_full""}, ""iterations_used"": 1, ""stop_reason"": ""laya_accept"", ""trace"": []}, ""score"": 0.4768, ""gate_scores"": null}";baseline;1;laya_accept;0.056602349900780426;272.29445680170727;laya_multilingual_laya_v5_reasoning_text
56;13;orchestrator_laya_laya_v5_reasoning;0.15254719856890697;75.0;0.1753355129943973;279.0432951296329;0.17532841898311424;218.7914349563077;[[2070.0, 1970.0, 1830.0, 1730.0, 1640.0, 1550.0, 1500.0, 1460.0, 1460.0, 1390.0, 1370.0, 1370.0, 1410.0]];[[2075.240351676, 1994.464474158, 1876.3108912159998, 1721.8058905640003, 1561.0781510759998, 1430.675430714, 1286.0420007919997, 1171.56773111, 1096.649554812, 1025.6807145080002, 959.1056994139999, 944.032686954, 915.0892026739999]];2017-01-01 12:00:00;2017-03-26 12:00:00;"{""strategy"": {""combine"": ""trimmed_mean"", ""pool"": ""pool2"", ""trim_pct"": 0.2}, ""origin"": ""baseline"", ""loop"": {""final_attempt"": ""a7"", ""strategy"": {""combine"": ""trimmed_mean"", ""pool"": ""pool2"", ""trim_pct"": 0.2}, ""iterations_used"": 1, ""stop_reason"": ""laya_accept"", ""trace"": []}, ""score"": 0.4396, ""gate_scores"": null}";baseline;1;laya_accept;0.1753355129943973;279.0432951296329;laya_multilingual_laya_v5_reasoning_text
57;13;orchestrator_laya_laya_v5_reasoning;0.0849656433392118;58.333333333333336;0.08800182496173001;341.6350657535931;0.08800056742964758;308.4891680461538;[[3485.0, 3651.0, 3681.0, 3704.0, 3737.0, 3907.0, 3747.0, 3820.0, 3842.0, 3649.0, 3414.0, 3116.0, 2984.0]];[[3436.85419911, 3464.62975484, 3429.64300205, 3382.63769411, 3300.77596576, 3362.05852893, 3378.04018081, 3378.38504843, 3369.39601664, 3360.15599012, 3359.3376328, 3348.72667244, 3346.54652576]];2017-01-01 12:00:00;2017-03-26 12:00:00;"{""strategy"": {""combine"": ""median"", ""pool"": ""pool_full""}, ""origin"": ""baseline"", ""loop"": {""final_attempt"": ""a2"", ""strategy"": {""combine"": ""median"", ""pool"": ""pool_full""}, ""iterations_used"": 1, ""stop_reason"": ""laya_accept"", ""trace"": []}, ""score"": 0.6551, ""gate_scores"": null}";baseline;1;laya_accept;0.08800182496173001;341.6350657535931;laya_multilingual_laya_v5_reasoning_text
58;13;orchestrator_laya_laya_v5_reasoning;0.2173929128337408;58.333333333333336;0.18541793222977632;445.8808320154334;0.18541324742747337;373.74438549923076;[[2350.0, 2040.0, 2030.0, 1600.0, 1160.0, 2140.0, 2780.0, 1910.0, 2180.0, 2170.0, 2010.0, 1690.0, 1880.0]];[[2518.407982754, 2326.258296248, 2347.877273724, 2183.50439937, 2100.3638896879997, 2145.181941692, 2284.890616176, 2356.546962136, 2300.2813501080004, 2293.886970522, 2338.5992342420004, 2317.365129446, 2295.2941977359997]];2017-01-01 12:00:00;2017-03-26 12:00:00;"{""strategy"": {""combine"": ""mean"", ""pool"": ""pool1""}, ""origin"": ""baseline"", ""loop"": {""final_attempt"": ""a4"", ""strategy"": {""combine"": ""mean"", ""pool"": ""pool1""}, ""iterations_used"": 1, ""stop_reason"": ""laya_accept"", ""trace"": []}, ""score"": 0.6319, ""gate_scores"": null}";baseline;1;laya_accept;0.18541793222977632;445.8808320154334;laya_multilingual_laya_v5_reasoning_text
59;13;orchestrator_laya_laya_v5_reasoning;0.032737256606910084;75.0;0.03342385294727897;349.30811681299303;0.033423673026060294;310.47677090527463;[[9160.47, 9180.81, 9257.59, 9244.22, 9195.97, 9383.28, 9480.43, 9506.87, 9431.19, 9450.03, 9630.17, 9660.81, 9601.98]];[[9054.217146207142, 9077.526386700001, 9079.583333864286, 9089.14470971, 9083.11608301, 9090.610688291428, 9089.33155336857, 9094.84092655857, 9094.184176240002, 9095.471401681427, 9095.754062834285, 9101.088131998573, 9102.753377767143]];2016-10-16 12:00:00;2017-01-08 12:00:00;"{""strategy"": {""combine"": ""trimmed_mean"", ""pool"": ""pool3"", ""trim_pct"": 0.2}, ""origin"": ""baseline"", ""loop"": {""final_attempt"": ""a9"", ""strategy"": {""combine"": ""trimmed_mean"", ""pool"": ""pool3"", ""trim_pct"": 0.2}, ""iterations_used"": 1, ""stop_reason"": ""laya_accept"", ""trace"": []}, ""score"": 0.1513, ""gate_scores"": null}";baseline;1;laya_accept;0.03342385294727897;349.30811681299303;laya_multilingual_laya_v5_reasoning_text
60;13;orchestrator_laya_laya_v5_reasoning;0.03500040708978939;16.666666666666668;0.03478615246677985;428.316888137362;0.03478598990943933;372.3694922544448;[[10128.3, 10802.8, 10802.8, 10971.1, 10971.1, 10436.8, 10436.8, 11025.5, 11025.5, 10135.8, 10135.8, 10934.7, 10934.7]];[[10186.865992073335, 10728.428750177778, 10727.464788316667, 10378.821729109999, 10405.269452967777, 10730.78723214, 10737.670107639999, 10681.036986356667, 10684.207342973335, 10806.10400842889, 10850.476616906668, 11333.336223221113, 11344.8922688]];2016-10-16 12:00:00;2017-01-08 12:00:00;"{""strategy"": {""combine"": ""mean"", ""pool"": ""pool3""}, ""origin"": ""baseline"", ""loop"": {""final_attempt"": ""a8"", ""strategy"": {""combine"": ""mean"", ""pool"": ""pool3""}, ""iterations_used"": 1, ""stop_reason"": ""laya_accept"", ""trace"": []}, ""score"": 0.1213, ""gate_scores"": null}";baseline;1;laya_accept;0.03478615246677985;428.316888137362;laya_multilingual_laya_v5_reasoning_text
61;13;orchestrator_laya_laya_v5_reasoning;0.024163196363509797;41.666666666666664;0.02454664236648924;235.6570245797708;0.024546474365054787;179.36963040025674;[[7208.8, 7061.6, 7061.6, 7018.9, 7018.9, 7157.6, 7157.6, 7144.4, 7144.4, 7536.5, 7536.5, 7620.1, 7620.1]];[[7205.713950983333, 7138.1698940999995, 7132.8306248866675, 7106.364613276666, 7123.12316482, 7308.48871211, 7304.37221079, 7200.168849706667, 7179.325160986667, 7158.94244585, 7168.036107956666, 7184.205592996666, 7201.139937686666]];2016-10-16 12:00:00;2017-01-08 12:00:00;"{""strategy"": {""combine"": ""trimmed_mean"", ""pool"": ""pool1"", ""trim_pct"": 0.2}, ""origin"": ""baseline"", ""loop"": {""final_attempt"": ""a5"", ""strategy"": {""combine"": ""trimmed_mean"", ""pool"": ""pool1"", ""trim_pct"": 0.2}, ""iterations_used"": 1, ""stop_reason"": ""laya_accept"", ""trace"": []}, ""score"": 0.0967, ""gate_scores"": null}";baseline;1;laya_accept;0.02454664236648924;235.6570245797708;laya_multilingual_laya_v5_reasoning_text
62;13;orchestrator_laya_laya_v5_reasoning;0.01978000516529889;33.333333333333336;0.020316541073974684;214.38284887102714;0.020316380499155594;128.55914148769247;[[6062.1, 6110.6, 6110.6, 6119.9, 6119.9, 6115.9, 6115.9, 6194.7, 6194.7, 6386.4, 6386.4, 6649.3, 6649.3]];[[6031.72175654, 6115.71757371, 6106.25288345, 6156.36083177, 6140.85050572, 6157.28159116, 6158.77547671, 6204.81939109, 6181.92188853, 6118.20291932, 6150.28132021, 6168.05810199, 6167.99766078]];2016-10-16 12:00:00;2017-01-08 12:00:00;"{""strategy"": {""combine"": ""median"", ""pool"": ""pool_full""}, ""origin"": ""baseline"", ""loop"": {""final_attempt"": ""a2"", ""strategy"": {""combine"": ""median"", ""pool"": ""pool_full""}, ""iterations_used"": 1, ""stop_reason"": ""laya_accept"", ""trace"": []}, ""score"": 0.1124, ""gate_scores"": null}";baseline;1;laya_accept;0.020316541073974684;214.38284887102714;laya_multilingual_laya_v5_reasoning_text
63;13;orchestrator_laya_laya_v5_reasoning;0.01810994150646014;100.0;0.01835460074746135;369.528015453647;0.018354536194171052;261.475321253077;[[14834.0, 12734.0, 12772.0, 13825.0, 15080.0, 12824.0, 12879.0, 13769.0, 14767.0, 13645.0, 12832.0, 13629.0, 15073.0]];[[14230.42823338, 12697.64560172, 12933.61061161, 13773.36247713, 14423.16248049, 12876.10754689, 12887.89171261, 13793.34783842, 14492.83656552, 14034.24243311, 12790.71143813, 13317.67652035, 14285.19764963]];2016-10-09 12:00:00;2017-01-01 12:00:00;"{""strategy"": {""combine"": ""median"", ""pool"": ""pool_full""}, ""origin"": ""baseline"", ""loop"": {""final_attempt"": ""a2"", ""strategy"": {""combine"": ""median"", ""pool"": ""pool_full""}, ""iterations_used"": 1, ""stop_reason"": ""laya_accept"", ""trace"": []}, ""score"": -0.0777, ""gate_scores"": null}";baseline;1;laya_accept;0.01835460074746135;369.528015453647;laya_multilingual_laya_v5_reasoning_text
64;13;orchestrator_laya_laya_v5_reasoning;0.018468177963775936;91.66666666666667;0.0187186700643883;488.03476839898303;0.018718622075566845;365.8061213538475;[[20461.0, 17999.0, 18027.0, 19270.0, 20726.0, 18118.0, 18144.0, 19242.0, 20438.0, 19136.0, 18135.0, 19163.0, 20871.0]];[[19898.341260782, 17833.310395852, 18101.323374324, 18991.117415808, 20010.433562542, 18201.270241830003, 17998.134582288, 19118.362847039996, 20339.201700674, 19582.240094564004, 17876.384059798, 18589.28881741, 19642.779490923996]];2016-10-09 12:00:00;2017-01-01 12:00:00;"{""strategy"": {""combine"": ""trimmed_mean"", ""pool"": ""pool2"", ""trim_pct"": 0.2}, ""origin"": ""baseline"", ""loop"": {""final_attempt"": ""a7"", ""strategy"": {""combine"": ""trimmed_mean"", ""pool"": ""pool2"", ""trim_pct"": 0.2}, ""iterations_used"": 1, ""stop_reason"": ""laya_accept"", ""trace"": []}, ""score"": -0.1038, ""gate_scores"": null}";baseline;1;laya_accept;0.0187186700643883;488.03476839898303;laya_multilingual_laya_v5_reasoning_text
65;13;orchestrator_laya_laya_v5_reasoning;0.0059641400766977225;91.66666666666667;0.005983039108670188;51.988036792064726;0.005982999556039737;45.259422702307624;[[7318.7, 7580.2, 7605.2, 7418.2, 7320.8, 7633.4, 7663.4, 7564.1, 7418.4, 7616.0, 7729.0, 7645.0, 7464.2]];[[7342.16510678, 7560.31378963, 7546.1623991, 7412.53718578, 7350.08061338, 7580.77366167, 7591.6923093, 7515.09595791, 7399.05777762, 7528.96052901, 7637.63699203, 7607.04529206, 7506.20266908]];2016-10-09 12:00:00;2017-01-01 12:00:00;"{""strategy"": {""combine"": ""median"", ""pool"": ""pool_full""}, ""origin"": ""baseline"", ""loop"": {""final_attempt"": ""a2"", ""strategy"": {""combine"": ""median"", ""pool"": ""pool_full""}, ""iterations_used"": 1, ""stop_reason"": ""laya_accept"", ""trace"": []}, ""score"": -0.1448, ""gate_scores"": null}";baseline;1;laya_accept;0.005983039108670188;51.988036792064726;laya_multilingual_laya_v5_reasoning_text
66;13;orchestrator_laya_laya_v5_reasoning;0.02526604043025973;66.66666666666667;0.025701066731041135;411.83839379560845;0.025700973348937443;353.7166049380216;[[13361.0, 13641.0, 13485.0, 13635.0, 13869.0, 13787.0, 13846.0, 13810.0, 13958.0, 13995.0, 13987.0, 14185.0, 14413.0]];[[13371.08098083857, 13392.498556877143, 13422.201322541428, 13467.560323480004, 13499.857717188572, 13491.426549837142, 13489.227358897144, 13500.992909862858, 13524.274898748572, 13531.443953868571, 13556.628260351426, 13567.215312225713, 13579.437952765715]];2005-12-25 12:00:00;2006-03-19 12:00:00;"{""strategy"": {""combine"": ""trimmed_mean"", ""pool"": ""pool3"", ""trim_pct"": 0.2}, ""origin"": ""baseline"", ""loop"": {""final_attempt"": ""a9"", ""strategy"": {""combine"": ""trimmed_mean"", ""pool"": ""pool3"", ""trim_pct"": 0.2}, ""iterations_used"": 1, ""stop_reason"": ""laya_accept"", ""trace"": []}, ""score"": 0.0465, ""gate_scores"": null}";baseline;1;laya_accept;0.025701066731041135;411.83839379560845;laya_multilingual_laya_v5_reasoning_text
67;13;orchestrator_laya_laya_v5_reasoning;0.010209719553269915;50.0;0.010274637000634633;79.61549988140303;0.01027456316084409;71.4844376315385;[[6925.91, 6949.42, 6997.28, 7002.45, 6998.8, 6970.53, 7019.43, 7039.14, 7041.96, 6974.79, 6967.61, 6968.64, 6957.49]];[[6915.03233265, 6911.53429086, 6914.05687748, 6907.14367487, 6902.70941368, 6905.84318291, 6911.79000162, 6915.39082222, 6916.13573644, 6919.08994785, 6920.90650978, 6921.68977411, 6922.82974632]];2012-08-19 12:00:00;2012-11-11 12:00:00;"{""strategy"": {""combine"": ""median"", ""pool"": ""pool_full""}, ""origin"": ""baseline"", ""loop"": {""final_attempt"": ""a2"", ""strategy"": {""combine"": ""median"", ""pool"": ""pool_full""}, ""iterations_used"": 1, ""stop_reason"": ""laya_accept"", ""trace"": []}, ""score"": -0.0303, ""gate_scores"": null}";baseline;1;laya_accept;0.010274637000634633;79.61549988140303;laya_multilingual_laya_v5_reasoning_text
68;13;orchestrator_laya_laya_v5_reasoning;0.013389448246044319;41.666666666666664;0.013490214862114498;99.12926099761935;0.01349011780381404;93.75086863384604;[[6930.32, 6983.87, 7009.79, 7004.0, 7003.5, 6971.28, 7036.53, 7049.97, 7035.15, 6965.37, 6967.94, 6962.49, 6960.41]];[[6902.36381702, 6898.39942161, 6897.28725017, 6908.38687855, 6914.30704765, 6901.40977579, 6902.95187265, 6892.61992937, 6903.19429382, 6889.7932269, 6897.56439085, 6875.63279018, 6877.9480132]];2012-08-19 12:00:00;2012-11-11 12:00:00;"{""strategy"": {""combine"": ""median"", ""pool"": ""pool_full""}, ""origin"": ""baseline"", ""loop"": {""final_attempt"": ""a2"", ""strategy"": {""combine"": ""median"", ""pool"": ""pool_full""}, ""iterations_used"": 1, ""stop_reason"": ""laya_accept"", ""trace"": []}, ""score"": -0.0142, ""gate_scores"": null}";baseline;1;laya_accept;0.013490214862114498;99.12926099761935;laya_multilingual_laya_v5_reasoning_text
69;13;orchestrator_laya_laya_v5_reasoning;0.01038493193801233;50.0;0.010465270064295791;34.85100610196161;0.010465069969396166;27.367483602393243;[[2612.74, 2607.29, 2583.84, 2601.24, 2597.5, 2591.6, 2648.13, 2649.71, 2654.19, 2655.63, 2614.58, 2613.64, 2614.93]];[[2610.4001933033333, 2611.2376473955555, 2604.914310107778, 2605.7223833499997, 2603.4836614488886, 2602.7520786833334, 2596.227824761111, 2595.8471359466666, 2594.1058318199994, 2593.516688472222, 2590.451426126667, 2587.3962279499997, 2586.467465774444]];2016-10-16 12:00:00;2017-01-08 12:00:00;"{""strategy"": {""combine"": ""mean"", ""pool"": ""pool3""}, ""origin"": ""baseline"", ""loop"": {""final_attempt"": ""a8"", ""strategy"": {""combine"": ""mean"", ""pool"": ""pool3""}, ""iterations_used"": 1, ""stop_reason"": ""laya_accept"", ""trace"": []}, ""score"": -0.0609, ""gate_scores"": null}";baseline;1;laya_accept;0.010465270064295791;34.85100610196161;laya_multilingual_laya_v5_reasoning_text
70;13;orchestrator_laya_laya_v5_reasoning;0.3474630814008398;50.0;0.44822638176129154;1153.4893496965733;0.4482110016813013;658.4294764526153;[[1930.0, 1927.0, 1927.0, 1907.0, 1906.0, 1903.0, 1903.0, 1902.0, 1897.0, 1897.0, 1896.0, 1893.0, 1892.0]];[[1910.802868012, 1895.030186594, 1896.440805816, 1824.66665406, 1790.74669225, 1740.056232192, 1763.5689849080002, 1455.686662778, 1470.2588785900002, 1093.6762210539998, 1192.309921946, -1045.4914776419998, -767.3358244419999]];2012-04-22 12:00:00;2012-07-15 12:00:00;"{""strategy"": {""combine"": ""mean"", ""pool"": ""pool1""}, ""origin"": ""baseline"", ""loop"": {""final_attempt"": ""a4"", ""strategy"": {""combine"": ""mean"", ""pool"": ""pool1""}, ""iterations_used"": 1, ""stop_reason"": ""laya_accept"", ""trace"": []}, ""score"": 0.1476, ""gate_scores"": null}";baseline;1;laya_accept;0.44822638176129154;1153.4893496965733;laya_multilingual_laya_v5_reasoning_text
71;13;orchestrator_laya_laya_v5_reasoning;0.18500220741910361;41.666666666666664;0.2484833048386831;560.2685795036646;0.2484742894900191;350.6747339895604;[[1930.0, 1927.0, 1927.0, 1907.0, 1906.0, 1903.0, 1903.0, 1902.0, 1897.0, 1897.0, 1896.0, 1893.0, 1892.0]];[[1923.109895392857, 1908.1417610671429, 1897.3884523399997, 1859.9849346428575, 1861.396014424286, 1809.3373905585715, 1779.8043891, 1625.3173933914281, 1645.7056840414286, 1299.198698422857, 1387.6167318428572, 520.4701930557143, 703.7569198557143]];2012-04-22 12:00:00;2012-07-15 12:00:00;"{""strategy"": {""combine"": ""mean"", ""pool"": ""pool2""}, ""origin"": ""baseline"", ""loop"": {""final_attempt"": ""a6"", ""strategy"": {""combine"": ""mean"", ""pool"": ""pool2""}, ""iterations_used"": 1, ""stop_reason"": ""laya_accept"", ""trace"": []}, ""score"": 0.1407, ""gate_scores"": null}";baseline;1;laya_accept;0.2484833048386831;560.2685795036646;laya_multilingual_laya_v5_reasoning_text
72;13;orchestrator_laya_laya_v5_reasoning;0.1277641640131254;75.0;0.15301509135171926;382.37019104267694;0.1530102259694583;242.15326448589747;[[1930.0, 1927.0, 1927.0, 1907.0, 1906.0, 1903.0, 1903.0, 1902.0, 1897.0, 1897.0, 1896.0, 1893.0, 1892.0]];[[1928.6707169800002, 1916.8271652266667, 1913.3546316233333, 1894.62244644, 1891.7505149833332, 1830.596162693333, 1843.26807498, 1724.38962033, 1677.0693590366666, 1576.6199707533333, 1271.9785671966667, 1124.3742551766666, 1038.4860762633332]];2012-04-22 12:00:00;2012-07-15 12:00:00;"{""strategy"": {""combine"": ""trimmed_mean"", ""pool"": ""pool1"", ""trim_pct"": 0.2}, ""origin"": ""baseline"", ""loop"": {""final_attempt"": ""a5"", ""strategy"": {""combine"": ""trimmed_mean"", ""pool"": ""pool1"", ""trim_pct"": 0.2}, ""iterations_used"": 1, ""stop_reason"": ""laya_accept"", ""trace"": []}, ""score"": 0.1585, ""gate_scores"": null}";baseline;1;laya_accept;0.15301509135171926;382.37019104267694;laya_multilingual_laya_v5_reasoning_text
73;13;orchestrator_laya_laya_v5_reasoning;0.11198496693458602;66.66666666666667;0.1134120599640361;677.2867784345542;0.11341075797813095;507.2851512697886;[[4494.5, 3936.22, 4013.09, 3951.31, 3701.88, 3380.45, 3652.31, 3893.49, 4156.82, 4353.71, 4927.72, 5405.49, 6528.25]];[[4245.931825313516, 3331.1257839507016, 4223.108625085225, 4240.733120218947, 4195.679956191905, 4168.914337457632, 4195.409976477742, 4179.038268556276, 4176.253084265012, 4287.811889733618, 5356.710994618021, 4623.6484798721685, 4693.723417493504]];2016-10-16 12:00:00;2017-01-08 12:00:00;"{""strategy"": {""combine"": ""dba"", ""pool"": ""pool_full"", ""dba_max_iter"": 30}, ""origin"": ""baseline"", ""loop"": {""final_attempt"": ""a3"", ""strategy"": {""combine"": ""dba"", ""pool"": ""pool_full"", ""dba_max_iter"": 30}, ""iterations_used"": 1, ""stop_reason"": ""laya_accept"", ""trace"": []}, ""score"": 0.6403, ""gate_scores"": null}";baseline;1;laya_accept;0.1134120599640361;677.2867784345542;laya_multilingual_laya_v5_reasoning_text
74;13;orchestrator_laya_laya_v5_reasoning;0.02941845059061899;58.333333333333336;0.02915409637168847;805.0679061059064;0.029154036949476294;715.5365289643588;[[23442.9, 23935.8, 24274.4, 23870.6, 23235.6, 23930.5, 25498.8, 25416.7, 23773.6, 25931.8, 25269.5, 24984.5, 25674.5]];[[24277.805620726664, 24465.861132590002, 24613.851322033337, 24626.305186356665, 24774.51748159, 24879.794494716665, 24755.637285486668, 24680.25162596333, 24815.718061746666, 25007.247665006667, 25023.64596977, 25017.529544549998, 25046.025421546667]];2016-10-16 12:00:00;2017-01-08 12:00:00;"{""strategy"": {""combine"": ""trimmed_mean"", ""pool"": ""pool1"", ""trim_pct"": 0.2}, ""origin"": ""baseline"", ""loop"": {""final_attempt"": ""a5"", ""strategy"": {""combine"": ""trimmed_mean"", ""pool"": ""pool1"", ""trim_pct"": 0.2}, ""iterations_used"": 1, ""stop_reason"": ""laya_accept"", ""trace"": []}, ""score"": 0.0671, ""gate_scores"": null}";baseline;1;laya_accept;0.02915409637168847;805.0679061059064;laya_multilingual_laya_v5_reasoning_text
75;13;orchestrator_laya_laya_v5_reasoning;1.6776627697313589;8.333333333333334;1.332610958505509;653.203958140407;1.3323849048711789;469.55149096784896;[[440.0, 440.0, 440.0, 440.0, 440.0, 440.0, 440.0, 440.0, 240.0, 240.0, 240.0, 240.0, 240.0]];[[452.02061441200004, 483.93044584, 434.51327614599995, 208.84284519800002, 130.16726041, -69.90748739400001, 77.24922871889802, 1.390546928667129, -355.349413435602, -251.23835939, -267.210485272, -516.6308793000001, -1600.0448549399996]];2014-08-17 12:00:00;2014-11-09 12:00:00;"{""strategy"": {""combine"": ""trimmed_mean"", ""pool"": ""pool2"", ""trim_pct"": 0.2}, ""origin"": ""baseline"", ""loop"": {""final_attempt"": ""a7"", ""strategy"": {""combine"": ""trimmed_mean"", ""pool"": ""pool2"", ""trim_pct"": 0.2}, ""iterations_used"": 1, ""stop_reason"": ""laya_accept"", ""trace"": []}, ""score"": 0.0977, ""gate_scores"": null}";baseline;1;laya_accept;1.332610958505509;653.203958140407;laya_multilingual_laya_v5_reasoning_text
76;13;orchestrator_laya_laya_v5_reasoning;0.21934187696117935;58.333333333333336;0.2484412532327504;1038.5229418073707;0.2484381340934895;993.8507552753846;[[3977.66, 4541.82, 5291.64, 4690.9, 4198.24, 4610.46, 4725.98, 4681.88, 3926.7, 3826.87, 4457.07, 4650.71, 4440.09]];[[3652.6610705, 3597.88934309, 3910.82812635, 3692.39136094, 3509.70347043, 3476.33657633, 3363.8252658, 3351.83092877, 3121.62150646, 3167.38232933, 3282.82614625, 3467.92883313, 3504.73522404]];2016-10-16 12:00:00;2017-01-08 12:00:00;"{""strategy"": {""combine"": ""median"", ""pool"": ""pool_full""}, ""origin"": ""baseline"", ""loop"": {""final_attempt"": ""a2"", ""strategy"": {""combine"": ""median"", ""pool"": ""pool_full""}, ""iterations_used"": 1, ""stop_reason"": ""laya_accept"", ""trace"": []}, ""score"": -0.0603, ""gate_scores"": null}";baseline;1;laya_accept;0.2484412532327504;1038.5229418073707;laya_multilingual_laya_v5_reasoning_text
77;13;orchestrator_laya_laya_v5_reasoning;0.2124505732366533;75.0;0.24072178104738073;1027.5495502247995;0.24071873510591224;953.9686143015385;[[3923.9, 4525.96, 5268.49, 4149.73, 4106.37, 4300.7, 4930.68, 4726.57, 3929.57, 4190.49, 4428.39, 4249.56, 4221.58]];[[3489.13712582, 3513.22560651, 3471.36892468, 3435.21780774, 3318.16462081, 3368.9296875, 3349.08134812, 3333.50655277, 3296.5834773, 3361.65138169, 3586.24480464, 3510.60918416, 3516.67749234]];2016-10-16 12:00:00;2017-01-08 12:00:00;"{""strategy"": {""combine"": ""median"", ""pool"": ""pool_full""}, ""origin"": ""baseline"", ""loop"": {""final_attempt"": ""a2"", ""strategy"": {""combine"": ""median"", ""pool"": ""pool_full""}, ""iterations_used"": 1, ""stop_reason"": ""laya_accept"", ""trace"": []}, ""score"": 0.382, ""gate_scores"": null}";baseline;1;laya_accept;0.24072178104738073;1027.5495502247995;laya_multilingual_laya_v5_reasoning_text
78;13;orchestrator_laya_laya_v5_reasoning;0.09104859946397342;50.0;0.08498702926172964;186.3297390082899;0.08498460251843912;148.9021557496155;[[1560.0, 1720.0, 1770.0, 1820.0, 1860.0, 1930.0, 1790.0, 1660.0, 1620.0, 1600.0, 1590.0, 1640.0, 1670.0]];[[1787.9608938392978, 1810.0088160456764, 1781.902092026705, 1867.3459576392129, 1863.1028735455457, 1865.6543106996435, 1812.9266329919074, 1863.5334524138605, 1860.4964549650642, 1894.0229601664782, 1902.8225503454423, 1931.0697465287565, 1796.189904936698]];2016-10-16 12:00:00;2017-01-08 12:00:00;"{""strategy"": {""combine"": ""mean"", ""pool"": ""pool_full""}, ""origin"": ""baseline"", ""loop"": {""final_attempt"": ""a1"", ""strategy"": {""combine"": ""mean"", ""pool"": ""pool_full""}, ""iterations_used"": 1, ""stop_reason"": ""laya_accept"", ""trace"": []}, ""score"": 0.7, ""gate_scores"": null}";baseline;1;laya_accept;0.08498702926172964;186.3297390082899;laya_multilingual_laya_v5_reasoning_text
79;13;orchestrator_laya_laya_v5_reasoning;0.1470992762368025;41.666666666666664;0.13350492169560257;285.3542325294595;0.13350127555944669;244.47764891144513;[[1720.0, 1760.0, 1810.0, 1840.0, 1950.0, 1820.0, 1670.0, 1620.0, 1600.0, 1580.0, 1640.0, 1660.0, 1760.0]];[[1902.4310520763581, 1881.8402332454732, 1941.1085095803267, 1939.098476909541, 1950.5935018167481, 1913.5553577578887, 1955.2604601905623, 1973.8486463873044, 2002.3981240690705, 2033.6860934647273, 2070.6632012168225, 2072.701928279959, 1971.0238508540053]];2016-10-16 12:00:00;2017-01-08 12:00:00;"{""strategy"": {""combine"": ""mean"", ""pool"": ""pool_full""}, ""origin"": ""baseline"", ""loop"": {""final_attempt"": ""a1"", ""strategy"": {""combine"": ""mean"", ""pool"": ""pool_full""}, ""iterations_used"": 1, ""stop_reason"": ""laya_accept"", ""trace"": []}, ""score"": 0.7, ""gate_scores"": null}";baseline;1;laya_accept;0.13350492169560257;285.3542325294595;laya_multilingual_laya_v5_reasoning_text
80;13;orchestrator_laya_laya_v5_reasoning;0.025746791477943124;75.0;0.025442072725058582;729.3822698382091;0.025442020545402157;620.4880912846152;[[23057.9, 24044.6, 23942.2, 23970.5, 23519.0, 23811.9, 24756.7, 24982.2, 24388.4, 24379.1, 25518.2, 24728.0, 25659.7]];[[24492.95715353, 24647.61127828, 24576.93834115, 24669.72804089, 24644.05145066, 24675.70080445, 24670.58393257, 24773.01746619, 24812.8355006, 24709.56614515, 24772.15971862, 24809.23063206, 24831.71304269]];2016-10-16 12:00:00;2017-01-08 12:00:00;"{""strategy"": {""combine"": ""median"", ""pool"": ""pool_full""}, ""origin"": ""baseline"", ""loop"": {""final_attempt"": ""a2"", ""strategy"": {""combine"": ""median"", ""pool"": ""pool_full""}, ""iterations_used"": 1, ""stop_reason"": ""laya_accept"", ""trace"": []}, ""score"": 0.1529, ""gate_scores"": null}";baseline;1;laya_accept;0.025442072725058582;729.3822698382091;laya_multilingual_laya_v5_reasoning_text
81;13;orchestrator_laya_laya_v5_reasoning;0.0020190212296798365;83.33333333333333;0.0020167174738793974;10.070839292201956;0.002016694670298973;8.917692939230829;[[4417.421, 4434.675, 4430.035, 4412.757, 4414.728, 4419.787, 4422.151, 4410.932, 4409.458, 4417.371, 4423.566, 4427.224, 4414.39]];[[4420.70874197, 4426.72474022, 4426.56641382, 4423.72489395, 4422.86241494, 4426.41723426, 4429.70612419, 4427.01840189, 4427.19334645, 4427.90749865, 4429.05183706, 4430.48831736, 4429.21735153]];2016-10-16 12:00:00;2017-01-08 12:00:00;"{""strategy"": {""combine"": ""median"", ""pool"": ""pool_full""}, ""origin"": ""baseline"", ""loop"": {""final_attempt"": ""a2"", ""strategy"": {""combine"": ""median"", ""pool"": ""pool_full""}, ""iterations_used"": 1, ""stop_reason"": ""laya_accept"", ""trace"": []}, ""score"": -0.1394, ""gate_scores"": null}";baseline;1;laya_accept;0.0020167174738793974;10.070839292201956;laya_multilingual_laya_v5_reasoning_text
82;13;orchestrator_laya_laya_v5_reasoning;0.016020456698258655;41.666666666666664;0.015803724024640302;124.9807107956311;0.015803593237093752;95.4827106637603;[[6001.5, 5974.5, 5931.6, 6028.6, 6053.0, 6064.0, 6017.2, 5972.1, 5997.6, 5991.1, 5939.8, 5939.5, 5940.6]];[[5993.1070291255555, 6002.1661024800005, 6029.926747199999, 6036.997306046667, 6044.629487133334, 6063.3419660633335, 6080.830063935556, 6093.692868423333, 6105.803945628888, 6139.955017807777, 6147.844328311112, 6156.3731474511105, 6162.864193666666]];2016-10-16 12:00:00;2017-01-08 12:00:00;"{""strategy"": {""combine"": ""mean"", ""pool"": ""pool3""}, ""origin"": ""baseline"", ""loop"": {""final_attempt"": ""a8"", ""strategy"": {""combine"": ""mean"", ""pool"": ""pool3""}, ""iterations_used"": 1, ""stop_reason"": ""laya_accept"", ""trace"": []}, ""score"": 0.3957, ""gate_scores"": null}";baseline;1;laya_accept;0.015803724024640302;124.9807107956311;laya_multilingual_laya_v5_reasoning_text
83;13;orchestrator_laya_laya_v5_reasoning;0.009737299869635452;75.0;0.00968824523468913;65.50737335859935;0.009688164426933422;58.07764498794859;[[6016.7, 5923.8, 5945.0, 6050.1, 6069.5, 6022.3, 5944.7, 5985.6, 5996.0, 5978.0, 5937.4, 5937.5, 5944.0]];[[5979.77448721, 5990.586934433333, 5996.342095133333, 6016.949443206667, 6017.111758056667, 6014.93724084, 6013.76747048, 6020.772889303334, 6029.22316206, 6030.147505579999, 6044.192684483333, 6044.58887463, 6047.560698053334]];2016-10-16 12:00:00;2017-01-08 12:00:00;"{""strategy"": {""combine"": ""trimmed_mean"", ""pool"": ""pool1"", ""trim_pct"": 0.2}, ""origin"": ""baseline"", ""loop"": {""final_attempt"": ""a5"", ""strategy"": {""combine"": ""trimmed_mean"", ""pool"": ""pool1"", ""trim_pct"": 0.2}, ""iterations_used"": 1, ""stop_reason"": ""laya_accept"", ""trace"": []}, ""score"": 0.3515, ""gate_scores"": null}";baseline;1;laya_accept;0.00968824523468913;65.50737335859935;laya_multilingual_laya_v5_reasoning_text
84;13;orchestrator_laya_laya_v5_reasoning;0.010037807929851084;66.66666666666667;0.010109894963365411;211.9387936971864;0.010109866144366687;177.33650493769193;[[17289.0, 17312.0, 17335.0, 17364.0, 17429.0, 17501.0, 17567.0, 17632.0, 17683.0, 17718.0, 17753.0, 17791.0, 17808.0]];[[17255.56843613, 17259.46607483, 17263.12275538, 17254.78888224, 17392.02152653, 17396.48581957, 17426.33123869, 17433.06397722, 17422.99653332, 17418.79018884, 17454.86592682, 17454.92806832, 17444.19600792]];2016-10-16 12:00:00;2017-01-08 12:00:00;"{""strategy"": {""combine"": ""median"", ""pool"": ""pool_full""}, ""origin"": ""baseline"", ""loop"": {""final_attempt"": ""a2"", ""strategy"": {""combine"": ""median"", ""pool"": ""pool_full""}, ""iterations_used"": 1, ""stop_reason"": ""laya_accept"", ""trace"": []}, ""score"": -0.0043, ""gate_scores"": null}";baseline;1;laya_accept;0.010109894963365411;211.9387936971864;laya_multilingual_laya_v5_reasoning_text
85;13;orchestrator_laya_laya_v5_reasoning;0.011525739531346592;58.333333333333336;0.01162368005289575;246.8337593782301;0.011623646912852836;203.85052838230834;[[17297.0, 17320.0, 17344.0, 17385.0, 17454.0, 17522.0, 17601.0, 17661.0, 17696.0, 17731.0, 17766.0, 17801.0, 17791.0]];[[17290.743303103332, 17281.003040729996, 17318.587465613335, 17332.953086613332, 17370.09962056667, 17363.150180049997, 17330.68054653, 17357.976803443333, 17370.005370516665, 17364.89343177, 17385.03356357, 17460.859874179998, 17492.956844343335]];2016-10-16 12:00:00;2017-01-08 12:00:00;"{""strategy"": {""combine"": ""trimmed_mean"", ""pool"": ""pool1"", ""trim_pct"": 0.2}, ""origin"": ""baseline"", ""loop"": {""final_attempt"": ""a5"", ""strategy"": {""combine"": ""trimmed_mean"", ""pool"": ""pool1"", ""trim_pct"": 0.2}, ""iterations_used"": 1, ""stop_reason"": ""laya_accept"", ""trace"": []}, ""score"": -0.0484, ""gate_scores"": null}";baseline;1;laya_accept;0.01162368005289575;246.8337593782301;laya_multilingual_laya_v5_reasoning_text
86;13;orchestrator_laya_laya_v5_reasoning;0.016645244411244008;75.0;0.01680751813521234;19.638165077772985;0.016806743507568014;18.23346000615379;[[1094.56, 1094.52, 1092.83, 1091.55, 1098.78, 1099.02, 1096.83, 1093.89, 1089.57, 1099.3, 1098.45, 1095.05, 1088.79]];[[1086.0573211, 1086.1661280233334, 1085.9807365533334, 1083.0445735266665, 1078.4478092133334, 1077.0014672266666, 1075.1239154866669, 1074.2459204733334, 1071.5049303133335, 1073.3337845466667, 1070.96461264, 1067.9525043133333, 1066.2813165033333]];2016-10-09 12:00:00;2017-01-01 12:00:00;"{""strategy"": {""combine"": ""trimmed_mean"", ""pool"": ""pool1"", ""trim_pct"": 0.2}, ""origin"": ""baseline"", ""loop"": {""final_attempt"": ""a5"", ""strategy"": {""combine"": ""trimmed_mean"", ""pool"": ""pool1"", ""trim_pct"": 0.2}, ""iterations_used"": 1, ""stop_reason"": ""laya_accept"", ""trace"": []}, ""score"": -0.0592, ""gate_scores"": null}";baseline;1;laya_accept;0.01680751813521234;19.638165077772985;laya_multilingual_laya_v5_reasoning_text
87;13;orchestrator_laya_laya_v5_reasoning;0.0030768354127851663;50.0;0.003082875141199997;52.17509718223946;0.003082862389644617;37.26675884461544;[[12154.01, 12042.04, 12027.43, 11998.81, 12089.79, 12025.85, 12079.76, 12053.18, 12179.34, 12133.8, 12093.14, 12163.75, 12117.78]];[[12016.742069055714, 12017.017763420003, 12025.645519824286, 12055.086356357144, 12083.999030912857, 12070.49562534143, 12082.419188201427, 12078.249304952857, 12108.271941358571, 12093.002419222857, 12110.374712901428, 12108.307418138571, 12119.188839158573]];2016-10-09 12:00:00;2017-01-01 12:00:00;"{""strategy"": {""combine"": ""trimmed_mean"", ""pool"": ""pool3"", ""trim_pct"": 0.2}, ""origin"": ""baseline"", ""loop"": {""final_attempt"": ""a9"", ""strategy"": {""combine"": ""trimmed_mean"", ""pool"": ""pool3"", ""trim_pct"": 0.2}, ""iterations_used"": 1, ""stop_reason"": ""laya_accept"", ""trace"": []}, ""score"": -0.0423, ""gate_scores"": null}";baseline;1;laya_accept;0.003082875141199997;52.17509718223946;laya_multilingual_laya_v5_reasoning_text
88;13;orchestrator_laya_laya_v5_reasoning;0.10578898284162082;75.0;0.09968073797053519;125.50485099388727;0.09967649736513587;117.17785719717948;[[1185.62, 1180.63, 1201.97, 1132.26, 1087.99, 1095.31, 1151.72, 1115.15, 1107.33, 1089.42, 1084.26, 1103.96, 1071.63]];[[1209.8737276633335, 1239.0553819999998, 1256.6285274366667, 1224.57939583, 1219.5292986633333, 1240.6399347433335, 1255.84674542, 1250.7516614866665, 1241.1052857533334, 1241.7134629333334, 1255.2899627466666, 1257.7692681533333, 1237.7794907333334]];2016-10-09 12:00:00;2017-01-01 12:00:00;"{""strategy"": {""combine"": ""trimmed_mean"", ""pool"": ""pool1"", ""trim_pct"": 0.2}, ""origin"": ""baseline"", ""loop"": {""final_attempt"": ""a5"", ""strategy"": {""combine"": ""trimmed_mean"", ""pool"": ""pool1"", ""trim_pct"": 0.2}, ""iterations_used"": 1, ""stop_reason"": ""laya_accept"", ""trace"": []}, ""score"": -0.0096, ""gate_scores"": null}";baseline;1;laya_accept;0.09968073797053519;125.50485099388727;laya_multilingual_laya_v5_reasoning_text
89;13;orchestrator_laya_laya_v5_reasoning;0.019568713622168093;50.0;0.019296695076780356;43.23341596349384;0.019296179220920126;36.09169685753853;[[1828.128, 1861.782, 1872.236, 1854.954, 1852.089, 1854.091, 1868.669, 1893.618, 1859.457, 1860.784, 1871.368, 1829.142, 1818.838]];[[1870.628962888, 1873.910750278, 1885.01766402, 1879.3532105820002, 1885.6590603520003, 1890.390948966, 1893.185315196, 1888.6435561719998, 1899.788653896, 1902.228679224, 1899.3077047880001, 1902.6185319520002, 1913.666133178]];2016-10-09 12:00:00;2017-01-01 12:00:00;"{""strategy"": {""combine"": ""mean"", ""pool"": ""pool1""}, ""origin"": ""baseline"", ""loop"": {""final_attempt"": ""a4"", ""strategy"": {""combine"": ""mean"", ""pool"": ""pool1""}, ""iterations_used"": 1, ""stop_reason"": ""laya_accept"", ""trace"": []}, ""score"": 0.0512, ""gate_scores"": null}";baseline;1;laya_accept;0.019296695076780356;43.23341596349384;laya_multilingual_laya_v5_reasoning_text
90;13;orchestrator_laya_laya_v5_reasoning;0.033021701069428026;58.333333333333336;0.03238513875038272;704.8580957073126;0.032385057751707975;647.4362852309888;[[19466.9, 19798.45, 19924.33, 19681.8, 19608.88, 19636.22, 19838.41, 20051.33, 19701.9, 19697.26, 19797.94, 19395.38, 19260.01]];[[19974.490027941432, 20113.706021675716, 20203.24896932143, 20203.94350052429, 20355.330490104283, 20245.213058752855, 20348.591534627143, 20403.961860658572, 20445.638505944287, 20432.448013194284, 20520.272235311426, 20522.838027631427, 20505.799462315714]];2016-10-09 12:00:00;2017-01-01 12:00:00;"{""strategy"": {""combine"": ""mean"", ""pool"": ""pool2""}, ""origin"": ""baseline"", ""loop"": {""final_attempt"": ""a6"", ""strategy"": {""combine"": ""mean"", ""pool"": ""pool2""}, ""iterations_used"": 1, ""stop_reason"": ""laya_accept"", ""trace"": []}, ""score"": 0.0396, ""gate_scores"": null}";baseline;1;laya_accept;0.03238513875038272;704.8580957073126;laya_multilingual_laya_v5_reasoning_text
91;13;orchestrator_laya_laya_v5_reasoning;0.07266635246288113;58.333333333333336;0.06964652493175753;1732.9825791141673;0.06964637325106363;1599.373883540001;[[21837.03, 22832.08, 22198.61, 22399.36, 22658.55, 22969.77, 22908.66, 22311.88, 21853.35, 22670.54, 22686.31, 21102.33, 21032.34]];[[23305.914604928003, 23946.429002956, 23687.332189966, 23520.978780736, 23619.171369940002, 23706.484241388, 24060.232175364003, 24010.098949569998, 24145.861796856003, 24376.794834388005, 23959.281986708003, 24039.061622082, 23875.028931138]];2016-10-09 12:00:00;2017-01-01 12:00:00;"{""strategy"": {""combine"": ""trimmed_mean"", ""pool"": ""pool2"", ""trim_pct"": 0.2}, ""origin"": ""baseline"", ""loop"": {""final_attempt"": ""a7"", ""strategy"": {""combine"": ""trimmed_mean"", ""pool"": ""pool2"", ""trim_pct"": 0.2}, ""iterations_used"": 1, ""stop_reason"": ""laya_accept"", ""trace"": []}, ""score"": -0.0586, ""gate_scores"": null}";baseline;1;laya_accept;0.06964652493175753;1732.9825791141673;laya_multilingual_laya_v5_reasoning_text
92;13;orchestrator_laya_laya_v5_reasoning;0.004290096592083769;83.33333333333333;0.0043006080935629595;8.024854628435872;0.0043004850222857025;7.513877429230661;[[1748.563, 1753.833, 1740.646, 1741.955, 1753.649, 1760.835, 1747.62, 1745.674, 1751.342, 1758.483, 1747.428, 1749.617, 1753.035]];[[1744.6194271020001, 1741.153781126, 1734.954212182, 1737.8762893180003, 1746.47190148, 1748.2634334260001, 1739.2016513800002, 1736.941390038, 1744.756214196, 1751.0817473580003, 1743.9303686940002, 1740.187898582, 1745.5612785380004]];2016-10-09 12:00:00;2017-01-01 12:00:00;"{""strategy"": {""combine"": ""trimmed_mean"", ""pool"": ""pool2"", ""trim_pct"": 0.2}, ""origin"": ""baseline"", ""loop"": {""final_attempt"": ""a7"", ""strategy"": {""combine"": ""trimmed_mean"", ""pool"": ""pool2"", ""trim_pct"": 0.2}, ""iterations_used"": 1, ""stop_reason"": ""laya_accept"", ""trace"": []}, ""score"": 0.4614, ""gate_scores"": null}";baseline;1;laya_accept;0.0043006080935629595;8.024854628435872;laya_multilingual_laya_v5_reasoning_text
93;13;orchestrator_laya_laya_v5_reasoning;0.10983298552125645;58.333333333333336;0.11781479174205074;252.35524793287018;0.11781171018425238;225.29192341017102;[[1802.54, 1986.53, 1931.14, 1831.39, 1948.19, 1948.12, 2000.27, 2077.83, 2068.5, 2093.54, 2174.32, 2052.07, 2108.0]];[[1805.58882142, 1800.9302041822223, 1791.4727910844445, 1777.0385122455555, 1777.6702700044445, 1776.6736780411109, 1771.6298200777778, 1773.7204521033334, 1771.66558517, 1769.1420660499998, 1766.2728831466666, 1760.3268574155557, 1757.6106975666664]];2014-10-12 12:00:00;2015-01-04 12:00:00;"{""strategy"": {""combine"": ""mean"", ""pool"": ""pool3""}, ""origin"": ""baseline"", ""loop"": {""final_attempt"": ""a8"", ""strategy"": {""combine"": ""mean"", ""pool"": ""pool3""}, ""iterations_used"": 1, ""stop_reason"": ""laya_accept"", ""trace"": []}, ""score"": 0.2796, ""gate_scores"": null}";baseline;1;laya_accept;0.11781479174205074;252.35524793287018;laya_multilingual_laya_v5_reasoning_text
94;13;orchestrator_laya_laya_v5_reasoning;0.08256419974448735;41.666666666666664;0.08741742076385674;179.8224381750454;0.08741492671896098;153.2784317084615;[[1621.22, 1764.77, 1679.71, 1638.8, 1728.67, 1733.06, 1799.69, 1857.32, 1899.37, 1907.46, 1936.32, 1863.71, 1912.86]];[[1641.48890391, 1634.58840464, 1623.07601335, 1638.19939352, 1637.94444269, 1648.59164263, 1657.97935204, 1657.56070656, 1647.60518584, 1653.35216513, 1649.8402844, 1649.99757559, 1650.65412531]];2014-10-12 12:00:00;2015-01-04 12:00:00;"{""strategy"": {""combine"": ""median"", ""pool"": ""pool_full""}, ""origin"": ""baseline"", ""loop"": {""final_attempt"": ""a2"", ""strategy"": {""combine"": ""median"", ""pool"": ""pool_full""}, ""iterations_used"": 1, ""stop_reason"": ""laya_accept"", ""trace"": []}, ""score"": 0.5014, ""gate_scores"": null}";baseline;1;laya_accept;0.08741742076385674;179.8224381750454;laya_multilingual_laya_v5_reasoning_text
95;13;orchestrator_laya_laya_v5_reasoning;0.003137353779314823;83.33333333333333;0.003137351968626622;43.299728447536076;0.003137338249190915;35.87364294897424;[[11355.272, 11385.864, 11303.634, 11309.627, 11397.101, 11427.142, 11459.31, 11388.745, 11451.752, 11478.884, 11545.812, 11497.115, 11568.007]];[[11396.195332753334, 11405.996071026668, 11369.150919753332, 11344.410957756665, 11432.602363076667, 11443.896928933333, 11458.66179393, 11424.975600776668, 11477.111663183334, 11509.37394333, 11517.35317699, 11469.417423436666, 11464.147027896666]];2016-10-09 12:00:00;2017-01-01 12:00:00;"{""strategy"": {""combine"": ""trimmed_mean"", ""pool"": ""pool1"", ""trim_pct"": 0.2}, ""origin"": ""baseline"", ""loop"": {""final_attempt"": ""a5"", ""strategy"": {""combine"": ""trimmed_mean"", ""pool"": ""pool1"", ""trim_pct"": 0.2}, ""iterations_used"": 1, ""stop_reason"": ""laya_accept"", ""trace"": []}, ""score"": -0.1123, ""gate_scores"": null}";baseline;1;laya_accept;0.003137351968626622;43.299728447536076;laya_multilingual_laya_v5_reasoning_text
96;13;orchestrator_laya_laya_v5_reasoning;0.030495103076803795;91.66666666666667;0.031192092382262025;20.959066745471386;0.031188860427205225;15.067162040109862;[[447.83, 454.85, 482.02, 472.14, 455.09, 481.15, 524.38, 519.49, 485.51, 467.8, 486.97, 483.66, 457.56]];[[445.8139780742857, 467.18376257428565, 474.12735309142863, 468.0757836585714, 454.8879459785714, 462.96364607, 484.3660405714286, 473.51682758571434, 453.49190307714287, 463.89046878857147, 494.8108214014286, 487.34065572857145, 475.3018137128571]];2016-10-09 12:00:00;2017-01-01 12:00:00;"{""strategy"": {""combine"": ""trimmed_mean"", ""pool"": ""pool3"", ""trim_pct"": 0.2}, ""origin"": ""baseline"", ""loop"": {""final_attempt"": ""a9"", ""strategy"": {""combine"": ""trimmed_mean"", ""pool"": ""pool3"", ""trim_pct"": 0.2}, ""iterations_used"": 1, ""stop_reason"": ""laya_accept"", ""trace"": []}, ""score"": 0.0306, ""gate_scores"": null}";baseline;1;laya_accept;0.031192092382262025;20.959066745471386;laya_multilingual_laya_v5_reasoning_text
97;13;orchestrator_laya_laya_v5_reasoning;0.021653962553542107;91.66666666666667;0.02189192154049152;17.89188981623052;0.0218901366767835;13.43337659555557;[[584.3, 590.59, 610.91, 597.94, 585.15, 610.26, 651.93, 646.63, 617.37, 598.04, 617.17, 615.46, 586.87]];[[589.7621090122223, 601.7232323288889, 605.6190652766668, 601.5596959655554, 592.2941563922222, 597.2937092577778, 615.0025344722222, 610.5613541355556, 594.652501941111, 598.6085314444446, 622.6910837077779, 619.9641036355556, 609.580148338889]];2016-10-09 12:00:00;2017-01-01 12:00:00;"{""strategy"": {""combine"": ""mean"", ""pool"": ""pool3""}, ""origin"": ""baseline"", ""loop"": {""final_attempt"": ""a8"", ""strategy"": {""combine"": ""mean"", ""pool"": ""pool3""}, ""iterations_used"": 1, ""stop_reason"": ""laya_accept"", ""trace"": []}, ""score"": 0.0072, ""gate_scores"": null}";baseline;1;laya_accept;0.02189192154049152;17.89188981623052;laya_multilingual_laya_v5_reasoning_text
98;13;orchestrator_laya_laya_v5_reasoning;0.013135108127204599;58.333333333333336;0.013036951924933886;208.96797998016885;0.013036908396921823;195.235151799231;[[14837.74, 14751.79, 14883.29, 15009.8, 14963.45, 14930.14, 14847.66, 14828.55, 14864.72, 14893.35, 14811.6, 14898.23, 14855.39]];[[15048.49255991, 15047.30490756, 15104.2512575, 15145.1294839, 15154.20573506, 15168.23910429, 15138.8704663, 15156.03668669, 15017.04925042, 14990.72658749, 14980.64748049, 14986.68722856, 14976.12622522]];2016-10-09 12:00:00;2017-01-01 12:00:00;"{""strategy"": {""combine"": ""median"", ""pool"": ""pool_full""}, ""origin"": ""baseline"", ""loop"": {""final_attempt"": ""a2"", ""strategy"": {""combine"": ""median"", ""pool"": ""pool_full""}, ""iterations_used"": 1, ""stop_reason"": ""laya_accept"", ""trace"": []}, ""score"": 0.0125, ""gate_scores"": null}";baseline;1;laya_accept;0.013036951924933886;208.96797998016885;laya_multilingual_laya_v5_reasoning_text
99;13;orchestrator_laya_laya_v5_reasoning;0.015467180293149058;75.0;0.015616430127551298;210.5996595535585;0.01561636288148731;181.34047385538514;[[11474.49, 11875.5, 11517.02, 11305.8, 11423.14, 11647.5, 11632.38, 11729.89, 11679.04, 11740.51, 11934.32, 11741.1, 11634.37]];[[11408.6351602, 11498.30876219, 11478.31997929, 11446.48816051, 11451.80553504, 11449.11789223, 11472.979747, 11476.05738121, 11503.35491613, 11538.44730244, 11549.81162599, 11530.95911292, 11512.05565583]];2016-10-09 12:00:00;2017-01-01 12:00:00;"{""strategy"": {""combine"": ""median"", ""pool"": ""pool_full""}, ""origin"": ""baseline"", ""loop"": {""final_attempt"": ""a2"", ""strategy"": {""combine"": ""median"", ""pool"": ""pool_full""}, ""iterations_used"": 1, ""stop_reason"": ""laya_accept"", ""trace"": []}, ""score"": -0.0868, ""gate_scores"": null}";baseline;1;laya_accept;0.015616430127551298;210.5996595535585;laya_multilingual_laya_v5_reasoning_text
100;13;orchestrator_laya_laya_v5_reasoning;0.0024802781190866384;83.33333333333333;0.002482942358899099;31.76241477626209;0.0024829299028086356;24.747979903589883;[[9871.498, 9910.685, 9815.305, 9808.647, 9900.756, 9934.128, 9974.544, 9905.89, 9965.28, 9989.549, 10064.652, 10007.292, 10082.468]];[[9882.491883663335, 9872.223506453332, 9814.95787287, 9824.805698413335, 9932.778835686666, 9946.983036796666, 9960.296069486665, 9890.810054256666, 9953.528412653333, 10028.047252376666, 10051.402605516667, 9969.096010506668, 10002.606436446666]];2016-10-09 12:00:00;2017-01-01 12:00:00;"{""strategy"": {""combine"": ""trimmed_mean"", ""pool"": ""pool1"", ""trim_pct"": 0.2}, ""origin"": ""baseline"", ""loop"": {""final_attempt"": ""a5"", ""strategy"": {""combine"": ""trimmed_mean"", ""pool"": ""pool1"", ""trim_pct"": 0.2}, ""iterations_used"": 1, ""stop_reason"": ""laya_accept"", ""trace"": []}, ""score"": 0.0038, ""gate_scores"": null}";baseline;1;laya_accept;0.002482942358899099;31.76241477626209;laya_multilingual_laya_v5_reasoning_text
101;13;orchestrator_laya_laya_v5_reasoning;0.022425876792578313;50.0;0.022127999189575934;389.5042015711379;0.0221279300249251;353.9887325966665;[[16004.79, 15859.41, 15729.3, 15616.87, 15749.81, 15642.21, 15716.89, 15789.79, 15961.13, 15986.34, 15871.65, 15813.95, 15743.94]];[[15913.521569846669, 15881.01352241, 15909.113244673334, 15966.509303263332, 16140.033845406666, 16092.213599536668, 16163.674632656666, 16193.52489336, 16355.041914216667, 16287.713245823334, 16307.051680676666, 16318.557532273333, 16377.427679306667]];2016-10-09 12:00:00;2017-01-01 12:00:00;"{""strategy"": {""combine"": ""trimmed_mean"", ""pool"": ""pool1"", ""trim_pct"": 0.2}, ""origin"": ""baseline"", ""loop"": {""final_attempt"": ""a5"", ""strategy"": {""combine"": ""trimmed_mean"", ""pool"": ""pool1"", ""trim_pct"": 0.2}, ""iterations_used"": 1, ""stop_reason"": ""laya_accept"", ""trace"": []}, ""score"": -0.0831, ""gate_scores"": null}";baseline;1;laya_accept;0.022127999189575934;389.5042015711379;laya_multilingual_laya_v5_reasoning_text
102;13;orchestrator_laya_laya_v5_reasoning;0.029370506140477277;58.333333333333336;0.02947661278310197;134.80500648769274;0.029476255268636398;121.56226090523076;[[4153.94, 4375.42, 4063.47, 3975.35, 4202.22, 4212.67, 4171.08, 4025.43, 4260.1, 4159.33, 4272.43, 3968.74, 3905.78]];[[4082.004749284, 4165.686815708001, 4121.895244612, 4152.1974033159995, 4139.93153723, 4129.927312292, 4041.7661364779997, 4049.1942426859996, 4065.1276760559995, 4065.591707882, 4114.913245972, 4097.648358086, 4095.9033239699993]];2016-10-09 12:00:00;2017-01-01 12:00:00;"{""strategy"": {""combine"": ""trimmed_mean"", ""pool"": ""pool2"", ""trim_pct"": 0.2}, ""origin"": ""baseline"", ""loop"": {""final_attempt"": ""a7"", ""strategy"": {""combine"": ""trimmed_mean"", ""pool"": ""pool2"", ""trim_pct"": 0.2}, ""iterations_used"": 1, ""stop_reason"": ""laya_accept"", ""trace"": []}, ""score"": -0.0121, ""gate_scores"": null}";baseline;1;laya_accept;0.02947661278310197;134.80500648769274;laya_multilingual_laya_v5_reasoning_text
103;13;orchestrator_laya_laya_v5_reasoning;0.025944347453393232;58.333333333333336;0.0255545929564376;27.742862357337295;0.025553322533829026;25.703001577252753;[[1026.84, 1019.01, 1009.31, 1003.54, 1007.61, 1004.8, 998.68, 991.28, 991.98, 988.73, 979.2, 976.82, 968.28]];[[1035.7169345171426, 1034.637856717143, 1028.0212610514284, 1024.9265181442859, 1024.7110320071429, 1025.6724575485716, 1020.2632940085714, 1018.6422185328572, 1018.35331142, 1019.7095056928572, 1018.3949422971428, 1015.5546004185713, 1015.6150881485713]];2016-10-09 12:00:00;2017-01-01 12:00:00;"{""strategy"": {""combine"": ""trimmed_mean"", ""pool"": ""pool3"", ""trim_pct"": 0.2}, ""origin"": ""baseline"", ""loop"": {""final_attempt"": ""a9"", ""strategy"": {""combine"": ""trimmed_mean"", ""pool"": ""pool3"", ""trim_pct"": 0.2}, ""iterations_used"": 1, ""stop_reason"": ""laya_accept"", ""trace"": []}, ""score"": 0.3518, ""gate_scores"": null}";baseline;1;laya_accept;0.0255545929564376;27.742862357337295;laya_multilingual_laya_v5_reasoning_text
104;13;orchestrator_laya_laya_v5_reasoning;0.011746412040272419;33.333333333333336;0.011647213564252254;127.89340153397572;0.01164714974860422;106.28821284184666;[[9135.8, 9155.8, 9123.07, 9168.48, 9097.38, 9109.48, 9061.98, 9058.14, 9033.5, 9064.66, 9038.48, 9025.31, 9001.11]];[[9156.62477903, 9162.785077884, 9163.416891412, 9171.424311146, 9171.900701896, 9181.387037741999, 9188.59922323, 9194.304635147999, 9208.213044786, 9209.626692422, 9213.879076842, 9215.182519106002, 9217.592776300002]];2016-10-09 12:00:00;2017-01-01 12:00:00;"{""strategy"": {""combine"": ""trimmed_mean"", ""pool"": ""pool2"", ""trim_pct"": 0.2}, ""origin"": ""baseline"", ""loop"": {""final_attempt"": ""a7"", ""strategy"": {""combine"": ""trimmed_mean"", ""pool"": ""pool2"", ""trim_pct"": 0.2}, ""iterations_used"": 1, ""stop_reason"": ""laya_accept"", ""trace"": []}, ""score"": -0.0949, ""gate_scores"": null}";baseline;1;laya_accept;0.011647213564252254;127.89340153397572;laya_multilingual_laya_v5_reasoning_text
105;13;orchestrator_laya_laya_v5_reasoning;0.0018676075627500897;75.0;0.0018704755041133911;5.346771313423745;0.0018704321960701599;4.039221375897307;[[2162.966, 2167.806, 2153.199, 2154.003, 2164.848, 2171.359, 2157.906, 2154.995, 2160.496, 2165.439, 2154.43, 2155.905, 2159.078]];[[2159.7452006300005, 2154.07418068, 2149.822737126667, 2152.0605941233334, 2162.27462663, 2161.9926838533333, 2152.772895536667, 2151.54121669, 2159.9149327833334, 2164.5573387366667, 2157.0712485766667, 2152.3622939966667, 2161.1433300966664]];2016-10-09 12:00:00;2017-01-01 12:00:00;"{""strategy"": {""combine"": ""trimmed_mean"", ""pool"": ""pool1"", ""trim_pct"": 0.2}, ""origin"": ""baseline"", ""loop"": {""final_attempt"": ""a5"", ""strategy"": {""combine"": ""trimmed_mean"", ""pool"": ""pool1"", ""trim_pct"": 0.2}, ""iterations_used"": 1, ""stop_reason"": ""laya_accept"", ""trace"": []}, ""score"": 0.1765, ""gate_scores"": null}";baseline;1;laya_accept;0.0018704755041133911;5.346771313423745;laya_multilingual_laya_v5_reasoning_text
106;13;orchestrator_laya_laya_v5_reasoning;0.011444115712575337;66.66666666666667;0.011523072308028263;305.22918073026676;0.011523048481085069;278.63815286128124;[[24019.73, 23983.72, 24168.42, 24240.09, 24481.23, 24419.29, 24441.25, 24333.51, 24398.35, 24222.27, 24359.23, 24297.26, 24345.73]];[[23912.888625113334, 23940.269073670002, 23954.12987002, 23967.719313343336, 23997.044969446666, 23994.153984626668, 24000.38971547, 24023.361084906664, 24040.780874693333, 24057.703116980003, 24060.551188629997, 24064.569522920003, 24074.222672983335]];2016-10-09 12:00:00;2017-01-01 12:00:00;"{""strategy"": {""combine"": ""trimmed_mean"", ""pool"": ""pool1"", ""trim_pct"": 0.2}, ""origin"": ""baseline"", ""loop"": {""final_attempt"": ""a5"", ""strategy"": {""combine"": ""trimmed_mean"", ""pool"": ""pool1"", ""trim_pct"": 0.2}, ""iterations_used"": 1, ""stop_reason"": ""laya_accept"", ""trace"": []}, ""score"": -0.0606, ""gate_scores"": null}";baseline;1;laya_accept;0.011523072308028263;305.22918073026676;laya_multilingual_laya_v5_reasoning_text
107;13;orchestrator_laya_laya_v5_reasoning;0.007467708136371039;58.333333333333336;0.007426616910834608;145.4363936817515;0.007426593838475705;119.52630803769269;[[15926.84, 16078.017, 15963.238, 15970.428, 16056.811, 16086.342, 16092.328, 16042.099, 16027.739, 16096.719, 16115.75, 15955.488, 15951.666]];[[16033.21184177, 16078.87983038, 16066.04606635, 16050.90151359, 16097.13604092, 16133.37974067, 16163.34934301, 16147.46947625, 16180.7210537, 16249.90933598, 16232.98459081, 16239.79236681, 16243.52580425]];2016-10-09 12:00:00;2017-01-01 12:00:00;"{""strategy"": {""combine"": ""median"", ""pool"": ""pool_full""}, ""origin"": ""baseline"", ""loop"": {""final_attempt"": ""a2"", ""strategy"": {""combine"": ""median"", ""pool"": ""pool_full""}, ""iterations_used"": 1, ""stop_reason"": ""laya_accept"", ""trace"": []}, ""score"": -0.1051, ""gate_scores"": null}";baseline;1;laya_accept;0.007426616910834608;145.4363936817515;laya_multilingual_laya_v5_reasoning_text
108;13;orchestrator_laya_laya_v5_reasoning;0.009229061226356547;66.66666666666667;0.009174004454439926;149.92407538986367;0.009173972466207698;131.55343654495803;[[14171.645, 14318.713, 14198.442, 14206.103, 14300.423, 14334.406, 14340.354, 14293.978, 14288.988, 14354.158, 14370.531, 14207.81, 14198.367]];[[14324.193698295556, 14338.498944037778, 14326.488785872223, 14319.349874225556, 14368.28030534, 14411.000923924446, 14425.246945941111, 14393.774171897778, 14461.110483992225, 14488.026284296666, 14480.542229904448, 14483.36922039111, 14474.230806965556]];2016-10-09 12:00:00;2017-01-01 12:00:00;"{""strategy"": {""combine"": ""mean"", ""pool"": ""pool3""}, ""origin"": ""baseline"", ""loop"": {""final_attempt"": ""a8"", ""strategy"": {""combine"": ""mean"", ""pool"": ""pool3""}, ""iterations_used"": 1, ""stop_reason"": ""laya_accept"", ""trace"": []}, ""score"": -0.0973, ""gate_scores"": null}";baseline;1;laya_accept;0.009174004454439926;149.92407538986367;laya_multilingual_laya_v5_reasoning_text
109;13;orchestrator_laya_laya_v5_reasoning;0.011970149132869675;33.333333333333336;0.012074138264419675;108.55855836156765;0.012074057267560136;89.99561912351656;[[7331.84, 7307.69, 7396.85, 7438.91, 7519.81, 7592.29, 7571.98, 7464.36, 7484.2, 7484.94, 7528.27, 7483.09, 7522.26]];[[7308.593466895714, 7327.856536844286, 7363.516127868571, 7377.3569865128575, 7369.804427560001, 7366.98795428143, 7384.524717895714, 7408.363230448572, 7404.078731542856, 7406.828879428571, 7419.432529032857, 7430.4626985985715, 7429.073738172856]];2016-10-09 12:00:00;2017-01-01 12:00:00;"{""strategy"": {""combine"": ""trimmed_mean"", ""pool"": ""pool3"", ""trim_pct"": 0.2}, ""origin"": ""baseline"", ""loop"": {""final_attempt"": ""a9"", ""strategy"": {""combine"": ""trimmed_mean"", ""pool"": ""pool3"", ""trim_pct"": 0.2}, ""iterations_used"": 1, ""stop_reason"": ""laya_accept"", ""trace"": []}, ""score"": 0.1712, ""gate_scores"": null}";baseline;1;laya_accept;0.012074138264419675;108.55855836156765;laya_multilingual_laya_v5_reasoning_text
110;13;orchestrator_laya_laya_v5_reasoning;0.02062706145291287;75.0;0.020870246426221543;23.70616712877594;0.020869270049936876;22.304543230769223;[[1080.57, 1080.53, 1078.63, 1077.26, 1084.46, 1084.89, 1082.71, 1079.78, 1076.06, 1085.53, 1084.67, 1081.1, 1074.27]];[[1068.7676973766665, 1067.97830631, 1067.2764646633334, 1065.6171782033332, 1061.5694907233333, 1061.89568404, 1059.0874827566668, 1055.9396663100001, 1052.88287692, 1051.4720285399999, 1050.1911035166668, 1048.8895694366665, 1048.9333892033335]];2016-10-09 12:00:00;2017-01-01 12:00:00;"{""strategy"": {""combine"": ""trimmed_mean"", ""pool"": ""pool1"", ""trim_pct"": 0.2}, ""origin"": ""baseline"", ""loop"": {""final_attempt"": ""a5"", ""strategy"": {""combine"": ""trimmed_mean"", ""pool"": ""pool1"", ""trim_pct"": 0.2}, ""iterations_used"": 1, ""stop_reason"": ""laya_accept"", ""trace"": []}, ""score"": -0.041, ""gate_scores"": null}";baseline;1;laya_accept;0.020870246426221543;23.70616712877594;laya_multilingual_laya_v5_reasoning_text
111;13;orchestrator_laya_laya_v5_reasoning;0.0037331649884866833;66.66666666666667;0.0037318655268432366;45.79117050179411;0.0037318460040680285;35.66851971692309;[[9609.45, 9520.42, 9512.01, 9471.4, 9562.31, 9488.15, 9556.86, 9534.86, 9647.41, 9594.13, 9576.58, 9662.18, 9644.83]];[[9507.20371044, 9508.81763141, 9522.59042273, 9535.85205093, 9572.49557785, 9548.64076916, 9601.79311693, 9595.70447435, 9639.55493223, 9580.08364074, 9613.09794258, 9658.48981179, 9608.5838716]];2016-10-09 12:00:00;2017-01-01 12:00:00;"{""strategy"": {""combine"": ""median"", ""pool"": ""pool_full""}, ""origin"": ""baseline"", ""loop"": {""final_attempt"": ""a2"", ""strategy"": {""combine"": ""median"", ""pool"": ""pool_full""}, ""iterations_used"": 1, ""stop_reason"": ""laya_accept"", ""trace"": []}, ""score"": -0.035, ""gate_scores"": null}";baseline;1;laya_accept;0.0037318655268432366;45.79117050179411;laya_multilingual_laya_v5_reasoning_text
112;13;orchestrator_laya_laya_v5_reasoning;0.03508040477943301;83.33333333333333;0.03436946029138515;30.109501506941637;0.03436711613691317;25.203500686263737;[[754.7, 766.1, 766.27, 714.66, 682.99, 700.3, 763.74, 747.68, 742.31, 717.41, 712.44, 734.81, 726.45]];[[735.7158052642857, 744.0950413614286, 751.5499754128571, 743.0515326557144, 742.829399512857, 745.0363204385715, 749.6810268771429, 747.68170906, 742.7058561014285, 751.8041166599999, 755.33993628, 758.1595702800001, 750.3189168485713]];2016-10-09 12:00:00;2017-01-01 12:00:00;"{""strategy"": {""combine"": ""mean"", ""pool"": ""pool2""}, ""origin"": ""baseline"", ""loop"": {""final_attempt"": ""a6"", ""strategy"": {""combine"": ""mean"", ""pool"": ""pool2""}, ""iterations_used"": 1, ""stop_reason"": ""laya_accept"", ""trace"": []}, ""score"": -0.0947, ""gate_scores"": null}";baseline;1;laya_accept;0.03436946029138515;30.109501506941637;laya_multilingual_laya_v5_reasoning_text
113;13;orchestrator_laya_laya_v5_reasoning;0.025968309907355974;41.666666666666664;0.025586678310847596;284.5510771535983;0.025586555201161956;265.8958841546156;[[10463.22, 10370.99, 10322.48, 10331.1, 10275.58, 10318.71, 10216.97, 10282.47, 10238.62, 10071.88, 10200.06, 10227.22, 10233.33]];[[10508.54843123, 10498.59273906, 10542.71983183, 10553.04207184, 10572.10574967, 10537.19627974, 10547.48580411, 10505.7684945, 10517.13563043, 10510.83987889, 10552.80595625, 10590.7906491, 10572.24497736]];2016-10-09 12:00:00;2017-01-01 12:00:00;"{""strategy"": {""combine"": ""median"", ""pool"": ""pool_full""}, ""origin"": ""baseline"", ""loop"": {""final_attempt"": ""a2"", ""strategy"": {""combine"": ""median"", ""pool"": ""pool_full""}, ""iterations_used"": 1, ""stop_reason"": ""laya_accept"", ""trace"": []}, ""score"": 0.2069, ""gate_scores"": null}";baseline;1;laya_accept;0.025586678310847596;284.5510771535983;laya_multilingual_laya_v5_reasoning_text
114;13;orchestrator_laya_laya_v5_reasoning;0.03904668963793746;33.333333333333336;0.03818512352268911;459.85929370662075;0.038184953282377414;428.2517167015377;[[11217.92, 11137.09, 11088.75, 11045.76, 10958.57, 11019.01, 10980.71, 11030.15, 10980.93, 10789.29, 10912.5, 10962.03, 10959.78]];[[11285.900449593333, 11315.26662931, 11382.744407339998, 11384.41446424, 11405.592601656666, 11398.752402386666, 11474.846253973332, 11473.884944316667, 11478.402564356666, 11469.296698443331, 11499.215864016667, 11545.346476026665, 11536.09856146]];2016-10-09 12:00:00;2017-01-01 12:00:00;"{""strategy"": {""combine"": ""trimmed_mean"", ""pool"": ""pool1"", ""trim_pct"": 0.2}, ""origin"": ""baseline"", ""loop"": {""final_attempt"": ""a5"", ""strategy"": {""combine"": ""trimmed_mean"", ""pool"": ""pool1"", ""trim_pct"": 0.2}, ""iterations_used"": 1, ""stop_reason"": ""laya_accept"", ""trace"": []}, ""score"": 0.0925, ""gate_scores"": null}";baseline;1;laya_accept;0.03818512352268911;459.85929370662075;laya_multilingual_laya_v5_reasoning_text
115;13;orchestrator_laya_laya_v5_reasoning;0.04194803585625729;75.0;0.04079317477169063;695.4161739603861;0.040793035267422145;596.5789968503078;[[14539.1, 14894.1, 13984.77, 13907.03, 14293.59, 14685.26, 15017.67, 14100.07, 14408.13, 14676.51, 15205.38, 13875.72, 14094.91]];[[14691.956225888, 14667.19179105, 14756.598004774001, 14555.026659172, 14993.650080540003, 15002.521270424, 15324.415939555998, 14869.239376896, 15155.209696782, 15378.685985782, 15231.64887629, 15166.128252198, 15191.678381802]];2016-10-09 12:00:00;2017-01-01 12:00:00;"{""strategy"": {""combine"": ""trimmed_mean"", ""pool"": ""pool2"", ""trim_pct"": 0.2}, ""origin"": ""baseline"", ""loop"": {""final_attempt"": ""a7"", ""strategy"": {""combine"": ""trimmed_mean"", ""pool"": ""pool2"", ""trim_pct"": 0.2}, ""iterations_used"": 1, ""stop_reason"": ""laya_accept"", ""trace"": []}, ""score"": -0.0266, ""gate_scores"": null}";baseline;1;laya_accept;0.04079317477169063;695.4161739603861;laya_multilingual_laya_v5_reasoning_text
116;13;orchestrator_laya_laya_v5_reasoning;0.017801977521120112;75.0;0.01815016044509176;192.65867304176913;0.0181500341572289;130.43782503999998;[[7037.56, 7043.25, 7026.12, 7062.94, 7075.16, 7057.07, 7064.06, 7097.6, 7249.93, 7267.89, 7328.08, 7388.03, 7480.86]];[[7050.90222981, 7032.32641469, 7018.64891686, 7037.82006631, 7046.90548177, 7034.62411886, 7021.25101569, 7035.60761505, 7049.56681785, 7051.24243188, 7033.55800557, 7040.21573508, 7056.87388468]];2016-10-09 12:00:00;2017-01-01 12:00:00;"{""strategy"": {""combine"": ""median"", ""pool"": ""pool_full""}, ""origin"": ""baseline"", ""loop"": {""final_attempt"": ""a2"", ""strategy"": {""combine"": ""median"", ""pool"": ""pool_full""}, ""iterations_used"": 1, ""stop_reason"": ""laya_accept"", ""trace"": []}, ""score"": 0.0955, ""gate_scores"": null}";baseline;1;laya_accept;0.01815016044509176;192.65867304176913;laya_multilingual_laya_v5_reasoning_text
117;13;orchestrator_laya_laya_v5_reasoning;0.0046319008058166265;83.33333333333333;0.004644415112438515;8.75331983113489;0.004644282129835602;8.110134871208839;[[1747.852, 1753.13, 1739.954, 1741.265, 1752.962, 1760.145, 1746.934, 1744.992, 1750.66, 1757.801, 1746.75, 1748.939, 1752.358]];[[1743.56346284, 1738.0255377800001, 1733.9635905757145, 1736.4223173885714, 1745.0388937014286, 1745.56162888, 1738.3967708942855, 1736.1716516014287, 1744.2658676471426, 1749.5198608114285, 1742.5837110928571, 1739.942010962857, 1744.854942498571]];2016-10-09 12:00:00;2017-01-01 12:00:00;"{""strategy"": {""combine"": ""trimmed_mean"", ""pool"": ""pool3"", ""trim_pct"": 0.2}, ""origin"": ""baseline"", ""loop"": {""final_attempt"": ""a9"", ""strategy"": {""combine"": ""trimmed_mean"", ""pool"": ""pool3"", ""trim_pct"": 0.2}, ""iterations_used"": 1, ""stop_reason"": ""laya_accept"", ""trace"": []}, ""score"": 0.4399, ""gate_scores"": null}";baseline;1;laya_accept;0.004644415112438515;8.75331983113489;laya_multilingual_laya_v5_reasoning_text
118;13;orchestrator_laya_laya_v5_reasoning;0.14090462952551605;50.0;0.15406316391595026;192.2356091324505;0.15405628228668736;172.57550578061546;[[1029.75, 1180.41, 1140.58, 1060.38, 1154.44, 1152.64, 1175.8, 1244.19, 1225.38, 1262.37, 1332.13, 1221.9, 1270.41]];[[1033.8016797680002, 1027.284952004, 1031.449107976, 1014.288360416, 1013.1751904700001, 1013.4851862319999, 1014.17010687, 1016.6353288, 1012.191708462, 1011.9945744839999, 1013.807817338, 1006.75717885, 1005.960592718]];2014-10-12 12:00:00;2015-01-04 12:00:00;"{""strategy"": {""combine"": ""mean"", ""pool"": ""pool1""}, ""origin"": ""baseline"", ""loop"": {""final_attempt"": ""a4"", ""strategy"": {""combine"": ""mean"", ""pool"": ""pool1""}, ""iterations_used"": 1, ""stop_reason"": ""laya_accept"", ""trace"": []}, ""score"": 0.3083, ""gate_scores"": null}";baseline;1;laya_accept;0.15406316391595026;192.2356091324505;laya_multilingual_laya_v5_reasoning_text
119;13;orchestrator_laya_laya_v5_reasoning;0.13640416724493806;33.333333333333336;0.14945641979697666;165.25222188972438;0.14944859110493908;142.81263203999998;[[855.09, 989.28, 916.28, 889.25, 943.99, 943.1, 996.81, 1044.71, 1069.8, 1090.56, 1126.05, 1064.67, 1106.98]];[[888.95384124, 869.44935847, 866.08619351, 859.00427764, 866.52261681, 875.45593154, 869.31394897, 868.87284346, 854.9928197, 858.42417649, 856.10797403, 857.89503788, 856.65444622]];2014-10-12 12:00:00;2015-01-04 12:00:00;"{""strategy"": {""combine"": ""median"", ""pool"": ""pool_full""}, ""origin"": ""baseline"", ""loop"": {""final_attempt"": ""a2"", ""strategy"": {""combine"": ""median"", ""pool"": ""pool_full""}, ""iterations_used"": 1, ""stop_reason"": ""laya_accept"", ""trace"": []}, ""score"": 0.569, ""gate_scores"": null}";baseline;1;laya_accept;0.14945641979697666;165.25222188972438;laya_multilingual_laya_v5_reasoning_text
120;13;orchestrator_laya_laya_v5_reasoning;0.003617600329434423;83.33333333333333;0.003629540866469413;53.87351250745944;0.003629523670812412;38.30606005666665;[[10465.971, 10496.016, 10403.031, 10399.53, 10497.08, 10528.68, 10569.283, 10488.464, 10554.103, 10585.971, 10651.968, 10589.396, 10672.134]];[[10444.554139553333, 10475.673462976667, 10435.617535926665, 10414.63717331, 10504.571089943332, 10502.885714069998, 10516.730051316667, 10489.479117923334, 10549.30797694, 10562.4937729, 10558.552134793334, 10526.728100620001, 10534.817783196666]];2016-10-09 12:00:00;2017-01-01 12:00:00;"{""strategy"": {""combine"": ""trimmed_mean"", ""pool"": ""pool1"", ""trim_pct"": 0.2}, ""origin"": ""baseline"", ""loop"": {""final_attempt"": ""a5"", ""strategy"": {""combine"": ""trimmed_mean"", ""pool"": ""pool1"", ""trim_pct"": 0.2}, ""iterations_used"": 1, ""stop_reason"": ""laya_accept"", ""trace"": []}, ""score"": -0.1045, ""gate_scores"": null}";baseline;1;laya_accept;0.003629540866469413;53.87351250745944;laya_multilingual_laya_v5_reasoning_text
121;13;orchestrator_laya_laya_v5_reasoning;0.04262976541229949;66.66666666666667;0.041777747858681366;18.90255408594755;0.04177184716086336;14.813898561868113;[[329.99, 321.94, 332.45, 333.74, 338.72, 353.4, 396.27, 383.57, 366.9, 359.23, 363.53, 378.46, 369.19]];[[336.27814759571436, 345.34221014, 371.00373592142853, 369.0455254471428, 351.62027868571425, 351.01565666285717, 375.89595483571435, 367.7083776785715, 356.2588110957143, 340.71546433142856, 367.42334639, 374.6510631928572, 369.8427649214286]];2016-10-09 12:00:00;2017-01-01 12:00:00;"{""strategy"": {""combine"": ""trimmed_mean"", ""pool"": ""pool3"", ""trim_pct"": 0.2}, ""origin"": ""baseline"", ""loop"": {""final_attempt"": ""a9"", ""strategy"": {""combine"": ""trimmed_mean"", ""pool"": ""pool3"", ""trim_pct"": 0.2}, ""iterations_used"": 1, ""stop_reason"": ""laya_accept"", ""trace"": []}, ""score"": -0.086, ""gate_scores"": null}";baseline;1;laya_accept;0.041777747858681366;18.90255408594755;laya_multilingual_laya_v5_reasoning_text
122;13;orchestrator_laya_laya_v5_reasoning;0.036704235345172725;83.33333333333333;0.03564662475094669;21.540646534855238;0.035642752765798986;16.420395782;[[440.2, 431.45, 435.3, 432.77, 440.92, 454.74, 497.32, 484.31, 473.21, 461.88, 466.64, 483.21, 471.99]];[[449.797161926, 455.719122952, 483.13147014599997, 478.18628643, 458.18161889000004, 459.51479098400006, 483.595930176, 477.129474716, 468.02477847, 456.19176956, 479.886014156, 489.775328318, 484.715304286]];2016-10-09 12:00:00;2017-01-01 12:00:00;"{""strategy"": {""combine"": ""trimmed_mean"", ""pool"": ""pool2"", ""trim_pct"": 0.2}, ""origin"": ""baseline"", ""loop"": {""final_attempt"": ""a7"", ""strategy"": {""combine"": ""trimmed_mean"", ""pool"": ""pool2"", ""trim_pct"": 0.2}, ""iterations_used"": 1, ""stop_reason"": ""laya_accept"", ""trace"": []}, ""score"": -0.1001, ""gate_scores"": null}";baseline;1;laya_accept;0.03564662475094669;21.540646534855238;laya_multilingual_laya_v5_reasoning_text
123;13;orchestrator_laya_laya_v5_reasoning;0.012356849190705062;58.333333333333336;0.012259686172038424;117.5303661858634;0.012259613803005425;103.8428925808544;[[8434.6, 8404.06, 8370.62, 8440.35, 8445.77, 8485.14, 8424.83, 8351.47, 8365.51, 8411.94, 8472.83, 8434.49, 8421.44]];[[8583.56947419889, 8552.875178263334, 8544.09948387222, 8559.627558485556, 8542.060160564444, 8526.257984972222, 8497.275654239998, 8526.396897365554, 8535.490341495555, 8515.555146570001, 8480.293821876667, 8476.790328255556, 8472.715573391111]];2016-10-09 12:00:00;2017-01-01 12:00:00;"{""strategy"": {""combine"": ""mean"", ""pool"": ""pool3""}, ""origin"": ""baseline"", ""loop"": {""final_attempt"": ""a8"", ""strategy"": {""combine"": ""mean"", ""pool"": ""pool3""}, ""iterations_used"": 1, ""stop_reason"": ""laya_accept"", ""trace"": []}, ""score"": 0.2319, ""gate_scores"": null}";baseline;1;laya_accept;0.012259686172038424;117.5303661858634;laya_multilingual_laya_v5_reasoning_text
124;13;orchestrator_laya_laya_v5_reasoning;0.013692296475332572;75.0;0.013807338783158903;173.5491906516867;0.013807276155178214;152.21016099461528;[[10927.21, 11218.64, 10974.46, 10771.82, 10862.93, 11054.22, 11031.79, 11089.91, 11069.27, 11163.08, 11300.69, 11152.85, 11055.06]];[[10845.54635674, 10968.87526212, 10914.38368502, 10872.46208392, 10885.50803269, 10931.62071797, 10952.04900005, 10923.91227966, 10878.03460183, 10931.45925481, 10983.47366821, 10923.87689874, 10928.43629853]];2016-10-09 12:00:00;2017-01-01 12:00:00;"{""strategy"": {""combine"": ""median"", ""pool"": ""pool_full""}, ""origin"": ""baseline"", ""loop"": {""final_attempt"": ""a2"", ""strategy"": {""combine"": ""median"", ""pool"": ""pool_full""}, ""iterations_used"": 1, ""stop_reason"": ""laya_accept"", ""trace"": []}, ""score"": -0.1191, ""gate_scores"": null}";baseline;1;laya_accept;0.013807338783158903;173.5491906516867;laya_multilingual_laya_v5_reasoning_text
125;13;orchestrator_laya_laya_v5_reasoning;0.004831494820788441;91.66666666666667;0.004849621469248653;58.64677963526973;0.004849596452890257;47.00867900358893;[[9622.511, 9655.61, 9565.969, 9555.495, 9652.503, 9680.166, 9726.8, 9653.317, 9717.552, 9744.777, 9804.685, 9745.947, 9829.99]];[[9622.81135389111, 9602.783560766668, 9541.1505335, 9538.751603771112, 9633.804117977777, 9643.962239851111, 9652.924547214445, 9597.960933094444, 9664.091288236667, 9733.249885245557, 9748.562714365557, 9675.029928391112, 9689.727174430001]];2016-10-09 12:00:00;2017-01-01 12:00:00;"{""strategy"": {""combine"": ""mean"", ""pool"": ""pool3""}, ""origin"": ""baseline"", ""loop"": {""final_attempt"": ""a8"", ""strategy"": {""combine"": ""mean"", ""pool"": ""pool3""}, ""iterations_used"": 1, ""stop_reason"": ""laya_accept"", ""trace"": []}, ""score"": 0.0146, ""gate_scores"": null}";baseline;1;laya_accept;0.004849621469248653;58.64677963526973;laya_multilingual_laya_v5_reasoning_text
126;13;orchestrator_laya_laya_v5_reasoning;0.019300638505312613;58.333333333333336;0.019077202592095808;242.37888801534461;0.019077116009209468;210.17817488956027;[[11173.39, 10918.46, 10850.02, 10756.78, 10815.1, 10764.33, 10842.66, 10886.6, 10968.92, 11026.69, 11039.92, 11213.69, 11323.96]];[[10984.877767121428, 11005.4292082, 10978.445189264285, 11105.015880505714, 11145.39791796857, 11120.843238088573, 11154.413569447144, 11153.256305297142, 11295.756984537145, 11212.91726886, 11231.773496658572, 11219.284244675715, 11319.519262817144]];2016-10-09 12:00:00;2017-01-01 12:00:00;"{""strategy"": {""combine"": ""trimmed_mean"", ""pool"": ""pool3"", ""trim_pct"": 0.2}, ""origin"": ""baseline"", ""loop"": {""final_attempt"": ""a9"", ""strategy"": {""combine"": ""trimmed_mean"", ""pool"": ""pool3"", ""trim_pct"": 0.2}, ""iterations_used"": 1, ""stop_reason"": ""laya_accept"", ""trace"": []}, ""score"": -0.0011, ""gate_scores"": null}";baseline;1;laya_accept;0.019077202592095808;242.37888801534461;laya_multilingual_laya_v5_reasoning_text
127;13;orchestrator_laya_laya_v5_reasoning;0.02214858791107436;66.66666666666667;0.02212090054006127;95.53639952662276;0.022120596651002973;80.54299317175834;[[3659.91, 3836.54, 3603.72, 3518.12, 3731.7, 3682.25, 3703.91, 3552.16, 3731.15, 3699.87, 3741.75, 3541.9, 3452.87]];[[3649.2388876799996, 3657.565233785714, 3639.8244523828575, 3636.044310418571, 3663.4488815857144, 3665.1520977842856, 3636.6654249214284, 3621.573692537143, 3654.1420399499993, 3661.57735426, 3645.50756304, 3632.414550637143, 3632.1893882642858]];2016-10-09 12:00:00;2017-01-01 12:00:00;"{""strategy"": {""combine"": ""trimmed_mean"", ""pool"": ""pool3"", ""trim_pct"": 0.2}, ""origin"": ""baseline"", ""loop"": {""final_attempt"": ""a9"", ""strategy"": {""combine"": ""trimmed_mean"", ""pool"": ""pool3"", ""trim_pct"": 0.2}, ""iterations_used"": 1, ""stop_reason"": ""laya_accept"", ""trace"": []}, ""score"": -0.0105, ""gate_scores"": null}";baseline;1;laya_accept;0.02212090054006127;95.53639952662276;laya_multilingual_laya_v5_reasoning_text
128;13;orchestrator_laya_laya_v5_reasoning;0.027235493560018028;75.0;0.026805404609769882;28.64317308704589;0.026804048951145628;26.502095970153846;[[1007.32, 1000.05, 990.76, 985.07, 988.6, 986.32, 981.23, 974.06, 974.39, 971.47, 961.91, 960.25, 951.77]];[[1016.2864029579999, 1014.7481608239999, 1010.67905651, 1008.171298188, 1007.175147962, 1006.746376612, 1003.20859403, 1002.144286434, 1002.1233708400001, 1002.684129646, 1002.3095791740001, 1001.08262696, 1000.3682174740001]];2016-10-09 12:00:00;2017-01-01 12:00:00;"{""strategy"": {""combine"": ""trimmed_mean"", ""pool"": ""pool2"", ""trim_pct"": 0.2}, ""origin"": ""baseline"", ""loop"": {""final_attempt"": ""a7"", ""strategy"": {""combine"": ""trimmed_mean"", ""pool"": ""pool2"", ""trim_pct"": 0.2}, ""iterations_used"": 1, ""stop_reason"": ""laya_accept"", ""trace"": []}, ""score"": 0.3966, ""gate_scores"": null}";baseline;1;laya_accept;0.026805404609769882;28.64317308704589;laya_multilingual_laya_v5_reasoning_text
129;13;orchestrator_laya_laya_v5_reasoning;0.009754143017201263;50.0;0.009687443587629886;93.67327873638575;0.00968738410418817;78.88439827769245;[[8142.17, 8164.91, 8155.02, 8197.46, 8121.84, 8135.96, 8115.75, 8106.23, 8078.34, 8105.2, 8077.74, 8059.49, 8032.97]];[[8166.9568377000005, 8177.0896975919995, 8180.420592946, 8188.897855088, 8188.599359478001, 8196.060356896, 8194.954299922, 8196.290993036, 8199.403721405999, 8200.619908008, 8201.411294632, 8204.024216592, 8206.723754490002]];2016-10-09 12:00:00;2017-01-01 12:00:00;"{""strategy"": {""combine"": ""mean"", ""pool"": ""pool1""}, ""origin"": ""baseline"", ""loop"": {""final_attempt"": ""a4"", ""strategy"": {""combine"": ""mean"", ""pool"": ""pool1""}, ""iterations_used"": 1, ""stop_reason"": ""laya_accept"", ""trace"": []}, ""score"": -0.084, ""gate_scores"": null}";baseline;1;laya_accept;0.009687443587629886;93.67327873638575;laya_multilingual_laya_v5_reasoning_text
130;13;orchestrator_laya_laya_v5_reasoning;0.0024176395346795806;83.33333333333333;0.002422035539797665;6.455330732791421;0.0024219794200028536;5.226451505982648;[[2161.865, 2166.713, 2152.117, 2152.923, 2163.772, 2170.279, 2156.83, 2153.923, 2159.431, 2164.374, 2153.369, 2154.844, 2158.018]];[[2156.514492812222, 2151.8179755600004, 2148.075461561111, 2150.3440636311116, 2157.539237504445, 2159.03996743, 2150.373346937778, 2148.2853753, 2156.3995540955557, 2161.7909419677785, 2155.305633732222, 2151.8239484988885, 2157.077398855556]];2016-10-09 12:00:00;2017-01-01 12:00:00;"{""strategy"": {""combine"": ""mean"", ""pool"": ""pool3""}, ""origin"": ""baseline"", ""loop"": {""final_attempt"": ""a8"", ""strategy"": {""combine"": ""mean"", ""pool"": ""pool3""}, ""iterations_used"": 1, ""stop_reason"": ""laya_accept"", ""trace"": []}, ""score"": 0.1576, ""gate_scores"": null}";baseline;1;laya_accept;0.002422035539797665;6.455330732791421;laya_multilingual_laya_v5_reasoning_text
131;13;orchestrator_laya_laya_v5_reasoning;0.011660509462038678;50.0;0.011741256214058764;292.22564744329804;0.011741230573438134;268.8272871383521;[[22735.69, 22695.8, 22873.78, 22912.73, 23157.6, 23052.45, 23109.41, 23066.29, 23133.89, 22943.61, 23070.07, 23056.38, 23135.75]];[[22639.779446741428, 22664.368122762855, 22659.692997749993, 22687.72561432429, 22711.31912629, 22717.749765437144, 22722.883061682856, 22740.75085112143, 22762.942906915712, 22778.03658492857, 22780.66346244, 22787.09702665, 22795.686300157144]];2016-10-09 12:00:00;2017-01-01 12:00:00;"{""strategy"": {""combine"": ""trimmed_mean"", ""pool"": ""pool3"", ""trim_pct"": 0.2}, ""origin"": ""baseline"", ""loop"": {""final_attempt"": ""a9"", ""strategy"": {""combine"": ""trimmed_mean"", ""pool"": ""pool3"", ""trim_pct"": 0.2}, ""iterations_used"": 1, ""stop_reason"": ""laya_accept"", ""trace"": []}, ""score"": -0.0668, ""gate_scores"": null}";baseline;1;laya_accept;0.011741256214058764;292.22564744329804;laya_multilingual_laya_v5_reasoning_text
132;13;orchestrator_laya_laya_v5_reasoning;0.003224823701126601;91.66666666666667;0.003217758696902585;52.4237414270328;0.003217747152083965;44.84327807725304;[[13883.352, 13943.084, 13817.27, 13799.658, 13890.442, 13929.041, 13978.179, 13895.258, 13956.526, 13983.295, 14057.238, 13958.295, 14011.606]];[[13901.751086547143, 13933.872681268569, 13898.390664212857, 13872.850386221427, 13965.734163845715, 13978.417370928571, 14005.764526995716, 13942.08764965857, 13985.775019582858, 14043.10068765143, 14055.358247148572, 14043.017376918573, 14037.90461085857]];2016-10-09 12:00:00;2017-01-01 12:00:00;"{""strategy"": {""combine"": ""mean"", ""pool"": ""pool2""}, ""origin"": ""baseline"", ""loop"": {""final_attempt"": ""a6"", ""strategy"": {""combine"": ""mean"", ""pool"": ""pool2""}, ""iterations_used"": 1, ""stop_reason"": ""laya_accept"", ""trace"": []}, ""score"": -0.1064, ""gate_scores"": null}";baseline;1;laya_accept;0.003217758696902585;52.4237414270328;laya_multilingual_laya_v5_reasoning_text
133;13;orchestrator_laya_laya_v5_reasoning;0.0031292527311330655;91.66666666666667;0.0031219420615787217;47.066585388669004;0.00312192924126461;38.013147029230964;[[12132.819, 12188.302, 12057.06, 12039.798, 12138.491, 12181.638, 12230.64, 12151.594, 12222.102, 12245.022, 12316.353, 12215.006, 12262.678]];[[12157.412864443331, 12177.350346556666, 12149.140654703333, 12106.401282933335, 12213.304400236668, 12219.411825596668, 12255.423634723333, 12171.161694596667, 12230.37771173, 12293.92499295, 12299.78432936, 12281.296666746668, 12265.642858636667]];2016-10-09 12:00:00;2017-01-01 12:00:00;"{""strategy"": {""combine"": ""trimmed_mean"", ""pool"": ""pool1"", ""trim_pct"": 0.2}, ""origin"": ""baseline"", ""loop"": {""final_attempt"": ""a5"", ""strategy"": {""combine"": ""trimmed_mean"", ""pool"": ""pool1"", ""trim_pct"": 0.2}, ""iterations_used"": 1, ""stop_reason"": ""laya_accept"", ""trace"": []}, ""score"": -0.0948, ""gate_scores"": null}";baseline;1;laya_accept;0.0031219420615787217;47.066585388669004;laya_multilingual_laya_v5_reasoning_text
134;13;orchestrator_laya_laya_v5_reasoning;0.020209415350301553;33.333333333333336;0.020458949270666653;141.28187149453703;0.020458786186667195;128.33260797046148;[[6190.89, 6166.87, 6248.29, 6256.87, 6346.31, 6377.59, 6382.05, 6333.99, 6350.53, 6326.36, 6362.01, 6363.97, 6432.69]];[[6152.479673422001, 6177.1403494, 6162.864160622, 6153.316792042, 6170.449472597999, 6176.492358344, 6171.348152628, 6204.195098169999, 6202.056440716, 6231.161959096, 6224.128591340001, 6231.007092054, 6233.996654752]];2016-10-09 12:00:00;2017-01-01 12:00:00;"{""strategy"": {""combine"": ""trimmed_mean"", ""pool"": ""pool2"", ""trim_pct"": 0.2}, ""origin"": ""baseline"", ""loop"": {""final_attempt"": ""a7"", ""strategy"": {""combine"": ""trimmed_mean"", ""pool"": ""pool2"", ""trim_pct"": 0.2}, ""iterations_used"": 1, ""stop_reason"": ""laya_accept"", ""trace"": []}, ""score"": 0.0524, ""gate_scores"": null}";baseline;1;laya_accept;0.020458949270666653;141.28187149453703;laya_multilingual_laya_v5_reasoning_text
135;13;orchestrator_laya_laya_v5_reasoning;0.019369166881707253;58.333333333333336;0.019562792175565648;146.25572238922328;0.019562643661742016;128.8527675986326;[[6432.1, 6492.9, 6523.6, 6596.4, 6759.9, 6701.7, 6745.7, 6721.2, 6644.0, 6667.8, 6661.7, 6458.5, 6508.5]];[[6385.503884984444, 6413.2366985866665, 6477.913440452222, 6530.516598201111, 6531.379639472223, 6502.539736296666, 6486.994071487778, 6507.511162455555, 6540.792910844444, 6553.176846771112, 6571.429327087778, 6588.505433096667, 6607.574862325557]];2016-10-09 12:00:00;2017-01-01 12:00:00;"{""strategy"": {""combine"": ""mean"", ""pool"": ""pool3""}, ""origin"": ""baseline"", ""loop"": {""final_attempt"": ""a8"", ""strategy"": {""combine"": ""mean"", ""pool"": ""pool3""}, ""iterations_used"": 1, ""stop_reason"": ""laya_accept"", ""trace"": []}, ""score"": 0.1342, ""gate_scores"": null}";baseline;1;laya_accept;0.019562792175565648;146.25572238922328;laya_multilingual_laya_v5_reasoning_text
136;13;orchestrator_laya_laya_v5_reasoning;0.010497271000798511;58.333333333333336;0.010569145688562051;85.37142709292527;0.010569071087595826;74.87032367338459;[[7126.057, 7071.44, 7078.15, 7037.05, 7071.02, 7029.9, 7096.12, 7087.92, 7166.37, 7130.38, 7131.41, 7203.06, 7162.08]];[[7003.575298074, 7007.581984184, 7013.798743271999, 7021.023126136, 7029.650526134001, 7022.476274127999, 7032.6871430579995, 7033.6409556359995, 7048.128858444, 7045.268004932, 7052.71662989, 7043.85162448, 7063.243623878001]];2016-10-09 12:00:00;2017-01-01 12:00:00;"{""strategy"": {""combine"": ""mean"", ""pool"": ""pool1""}, ""origin"": ""baseline"", ""loop"": {""final_attempt"": ""a4"", ""strategy"": {""combine"": ""mean"", ""pool"": ""pool1""}, ""iterations_used"": 1, ""stop_reason"": ""laya_accept"", ""trace"": []}, ""score"": -0.0533, ""gate_scores"": null}";baseline;1;laya_accept;0.010569145688562051;85.37142709292527;laya_multilingual_laya_v5_reasoning_text
137;13;orchestrator_laya_laya_v5_reasoning;0.06789506157240086;75.0;0.06617258157305485;26.825077045838846;0.06616342422490523;23.94969178205128;[[387.13, 396.14, 404.7, 363.68, 322.02, 328.5, 392.13, 382.78, 364.21, 339.84, 334.59, 363.64, 337.18]];[[365.7756596533333, 369.5942198833333, 379.6689472455556, 367.3198057155556, 366.6662842666667, 367.74784514, 371.1310922388889, 371.48106587888884, 374.88396655555556, 368.91095721666665, 369.77011949888885, 373.17867230222214, 371.29932737111113]];2016-10-09 12:00:00;2017-01-01 12:00:00;"{""strategy"": {""combine"": ""mean"", ""pool"": ""pool3""}, ""origin"": ""baseline"", ""loop"": {""final_attempt"": ""a8"", ""strategy"": {""combine"": ""mean"", ""pool"": ""pool3""}, ""iterations_used"": 1, ""stop_reason"": ""laya_accept"", ""trace"": []}, ""score"": -0.0994, ""gate_scores"": null}";baseline;1;laya_accept;0.06617258157305485;26.825077045838846;laya_multilingual_laya_v5_reasoning_text
138;13;orchestrator_laya_laya_v5_reasoning;0.033273639551598205;58.333333333333336;0.03265572072908016;269.8820662527299;0.03265551057689541;253.72835716215383;[[7833.402, 7763.08, 7697.07, 7691.19, 7674.28, 7754.88, 7648.39, 7689.17, 7639.02, 7478.78, 7613.66, 7563.24, 7531.5]];[[7905.70517157, 7949.235498868, 7940.984455828, 7937.548401508, 7913.3026, 7903.722567404, 7902.1738364699995, 7888.634275392001, 7881.125723044001, 7894.344437641999, 7914.588720102, 7928.505594564, 7916.259360716]];2016-10-09 12:00:00;2017-01-01 12:00:00;"{""strategy"": {""combine"": ""mean"", ""pool"": ""pool1""}, ""origin"": ""baseline"", ""loop"": {""final_attempt"": ""a4"", ""strategy"": {""combine"": ""mean"", ""pool"": ""pool1""}, ""iterations_used"": 1, ""stop_reason"": ""laya_accept"", ""trace"": []}, ""score"": 0.2853, ""gate_scores"": null}";baseline;1;laya_accept;0.03265572072908016;269.8820662527299;laya_multilingual_laya_v5_reasoning_text
139;13;orchestrator_laya_laya_v5_reasoning;0.035118919091384634;41.666666666666664;0.034356022649312555;313.8332416339799;0.03435581173284843;279.8168250749451;[[8220.532, 8159.22, 8101.77, 8054.87, 7996.3, 8083.38, 8040.52, 8071.95, 8003.23, 7818.62, 7948.25, 7926.88, 7868.68]];[[8236.655138862856, 8238.012481677142, 8313.884596168571, 8306.236521097142, 8265.506911062857, 8280.452428157143, 8306.14478565, 8286.600737082857, 8289.81731809143, 8309.044203092857, 8361.524015732857, 8385.530756044287, 8352.410833254287]];2016-10-09 12:00:00;2017-01-01 12:00:00;"{""strategy"": {""combine"": ""trimmed_mean"", ""pool"": ""pool3"", ""trim_pct"": 0.2}, ""origin"": ""baseline"", ""loop"": {""final_attempt"": ""a9"", ""strategy"": {""combine"": ""trimmed_mean"", ""pool"": ""pool3"", ""trim_pct"": 0.2}, ""iterations_used"": 1, ""stop_reason"": ""laya_accept"", ""trace"": []}, ""score"": 0.3947, ""gate_scores"": null}";baseline;1;laya_accept;0.034356022649312555;313.8332416339799;laya_multilingual_laya_v5_reasoning_text
140;13;orchestrator_laya_laya_v5_reasoning;0.04720120357572463;66.66666666666667;0.045825648826810964;569.658469202724;0.045825438542808586;499.48982074153844;[[10971.829, 11241.17, 10370.0, 10322.61, 10592.83, 10873.84, 11160.36, 10316.67, 10680.77, 10809.59, 11455.11, 10315.26, 10644.41]];[[10965.30451626, 10995.66378349, 11016.87728713, 10844.75623343, 11143.29212989, 11202.65324192, 11508.97064363, 11132.53355048, 11200.84993417, 11460.80416848, 11328.78500621, 11354.43021209, 11336.18457438]];2016-10-09 12:00:00;2017-01-01 12:00:00;"{""strategy"": {""combine"": ""median"", ""pool"": ""pool_full""}, ""origin"": ""baseline"", ""loop"": {""final_attempt"": ""a2"", ""strategy"": {""combine"": ""median"", ""pool"": ""pool_full""}, ""iterations_used"": 1, ""stop_reason"": ""laya_accept"", ""trace"": []}, ""score"": 0.0218, ""gate_scores"": null}";baseline;1;laya_accept;0.045825648826810964;569.658469202724;laya_multilingual_laya_v5_reasoning_text
141;13;orchestrator_laya_laya_v5_reasoning;0.01342299109281985;75.0;0.013646336364629329;117.96580773820354;0.013646212315535802;75.06378867923075;[[5388.424, 5388.93, 5368.95, 5390.96, 5401.97, 5389.98, 5392.11, 5412.92, 5525.45, 5540.92, 5580.59, 5622.11, 5684.54]];[[5399.125882276668, 5393.648855483333, 5382.354952469999, 5393.423444363333, 5396.791649496667, 5396.385400203334, 5388.8187693, 5392.352788200001, 5403.374992943333, 5408.769314746667, 5408.83822745, 5408.076079423333, 5415.453460406667]];2016-10-09 12:00:00;2017-01-01 12:00:00;"{""strategy"": {""combine"": ""trimmed_mean"", ""pool"": ""pool1"", ""trim_pct"": 0.2}, ""origin"": ""baseline"", ""loop"": {""final_attempt"": ""a5"", ""strategy"": {""combine"": ""trimmed_mean"", ""pool"": ""pool1"", ""trim_pct"": 0.2}, ""iterations_used"": 1, ""stop_reason"": ""laya_accept"", ""trace"": []}, ""score"": -0.0026, ""gate_scores"": null}";baseline;1;laya_accept;0.013646336364629329;117.96580773820354;laya_multilingual_laya_v5_reasoning_text
142;13;orchestrator_laya_laya_v5_reasoning;0.004282468519191022;91.66666666666667;0.004287916798296416;55.041714744600434;0.004287897941392201;48.752319298132186;[[11374.106, 11419.08, 11304.46, 11312.03, 11412.35, 11481.37, 11381.15, 11365.37, 11386.84, 11445.25, 11290.92, 11301.3, 11310.58]];[[11337.10081284, 11347.317438092856, 11298.706616797146, 11304.022063192857, 11346.625756197143, 11384.840258184286, 11336.539985667143, 11311.043048525713, 11350.136518234285, 11395.641292069999, 11376.481799684287, 11339.064275724286, 11351.001865268572]];2016-10-09 12:00:00;2017-01-01 12:00:00;"{""strategy"": {""combine"": ""mean"", ""pool"": ""pool2""}, ""origin"": ""baseline"", ""loop"": {""final_attempt"": ""a6"", ""strategy"": {""combine"": ""mean"", ""pool"": ""pool2""}, ""iterations_used"": 1, ""stop_reason"": ""laya_accept"", ""trace"": []}, ""score"": 0.1207, ""gate_scores"": null}";baseline;1;laya_accept;0.004287916798296416;55.041714744600434;laya_multilingual_laya_v5_reasoning_text
143;13;orchestrator_laya_laya_v5_reasoning;0.11882471251887258;16.666666666666668;0.12821787961979972;159.59690807782843;0.12821208653169996;142.00503081692307;[[1005.48, 1152.75, 1113.19, 1035.17, 1124.86, 1122.3, 1147.56, 1215.37, 1191.06, 1226.87, 1298.58, 1187.11, 1237.65]];[[1005.60137681, 1001.04989954, 1005.92807783, 1006.09229371, 1017.88215797, 1019.69613945, 1024.12323559, 1021.43237361, 1022.43299464, 1022.30393356, 1020.82940248, 1022.71997666, 1022.03549115]];2014-10-12 12:00:00;2015-01-04 12:00:00;"{""strategy"": {""combine"": ""median"", ""pool"": ""pool_full""}, ""origin"": ""baseline"", ""loop"": {""final_attempt"": ""a2"", ""strategy"": {""combine"": ""median"", ""pool"": ""pool_full""}, ""iterations_used"": 1, ""stop_reason"": ""laya_accept"", ""trace"": []}, ""score"": 0.1717, ""gate_scores"": null}";baseline;1;laya_accept;0.12821787961979972;159.59690807782843;laya_multilingual_laya_v5_reasoning_text
144;13;orchestrator_laya_laya_v5_reasoning;0.153670772221266;75.0;0.1696442031885998;1757.2368661463531;0.1696432787810619;1558.738961138205;[[8345.9, 9654.6, 8929.2, 8681.6, 9187.9, 9169.4, 9726.4, 10199.3, 10397.5, 10589.6, 10966.5, 10340.4, 10782.0]];[[8595.452856973334, 8450.238689393334, 8352.876952133332, 8233.754369076667, 8201.360180963333, 8071.5351761266675, 8076.55518319, 8042.77471559, 8220.46353472, 8246.181109536667, 8256.963397893333, 8223.842205833333, 8233.80084772]];2014-10-12 12:00:00;2015-01-04 12:00:00;"{""strategy"": {""combine"": ""trimmed_mean"", ""pool"": ""pool1"", ""trim_pct"": 0.2}, ""origin"": ""baseline"", ""loop"": {""final_attempt"": ""a5"", ""strategy"": {""combine"": ""trimmed_mean"", ""pool"": ""pool1"", ""trim_pct"": 0.2}, ""iterations_used"": 1, ""stop_reason"": ""laya_accept"", ""trace"": []}, ""score"": 0.3564, ""gate_scores"": null}";baseline;1;laya_accept;0.1696442031885998;1757.2368661463531;laya_multilingual_laya_v5_reasoning_text
145;13;orchestrator_laya_laya_v5_reasoning;0.008818071727751658;75.0;0.008876181225666201;73.97720015425682;0.008876116166716455;60.550722299999926;[[6801.5412, 6826.213, 6737.471, 6733.834, 6810.25, 6824.878, 6855.421, 6783.048, 6832.483, 6856.145, 6914.958, 6859.368, 6934.528]];[[6769.00490033, 6768.24853109, 6733.32108104, 6731.48683376, 6761.54702473, 6771.82667384, 6776.89329693, 6755.31615123, 6779.88638529, 6795.06092368, 6792.37011655, 6774.0257489, 6773.99114273]];2016-10-09 12:00:00;2017-01-01 12:00:00;"{""strategy"": {""combine"": ""median"", ""pool"": ""pool_full""}, ""origin"": ""baseline"", ""loop"": {""final_attempt"": ""a2"", ""strategy"": {""combine"": ""median"", ""pool"": ""pool_full""}, ""iterations_used"": 1, ""stop_reason"": ""laya_accept"", ""trace"": []}, ""score"": -0.1025, ""gate_scores"": null}";baseline;1;laya_accept;0.008876181225666201;73.97720015425682;laya_multilingual_laya_v5_reasoning_text
146;13;orchestrator_laya_laya_v5_reasoning;0.08969369583517592;41.666666666666664;0.08470611675275333;11.630570504803915;0.0846711073115811;10.245704980000003;[[120.66, 117.59, 111.32, 110.66, 110.46, 111.68, 120.32, 117.41, 125.32, 121.24, 112.52, 122.99, 118.27]];[[125.83078289285716, 126.49456473428572, 128.23891712000002, 130.09553318857144, 128.6790919185714, 126.10831058285714, 126.7687875842857, 127.75872925714285, 127.54327606857143, 125.36576432, 125.66454237857143, 127.73745626428573, 127.34840842999999]];2016-10-09 12:00:00;2017-01-01 12:00:00;"{""strategy"": {""combine"": ""trimmed_mean"", ""pool"": ""pool3"", ""trim_pct"": 0.2}, ""origin"": ""baseline"", ""loop"": {""final_attempt"": ""a9"", ""strategy"": {""combine"": ""trimmed_mean"", ""pool"": ""pool3"", ""trim_pct"": 0.2}, ""iterations_used"": 1, ""stop_reason"": ""laya_accept"", ""trace"": []}, ""score"": -0.0638, ""gate_scores"": null}";baseline;1;laya_accept;0.08470611675275333;11.630570504803915;laya_multilingual_laya_v5_reasoning_text
147;13;orchestrator_laya_laya_v5_reasoning;0.07047918613279379;50.0;0.06747706504209323;16.389017075906764;0.06746156786592031;14.689309289230767;[[222.63, 218.63, 205.95, 201.16, 204.31, 204.6, 212.82, 209.47, 223.37, 215.24, 206.88, 219.05, 212.55]];[[227.72992846, 226.5770859, 228.5539338, 228.46473899, 226.88850529, 225.70372084, 225.80095258, 226.03229094, 226.72540965, 225.51292471, 226.03846561, 226.69318499, 226.899879]];2016-10-09 12:00:00;2017-01-01 12:00:00;"{""strategy"": {""combine"": ""median"", ""pool"": ""pool_full""}, ""origin"": ""baseline"", ""loop"": {""final_attempt"": ""a2"", ""strategy"": {""combine"": ""median"", ""pool"": ""pool_full""}, ""iterations_used"": 1, ""stop_reason"": ""laya_accept"", ""trace"": []}, ""score"": -0.0696, ""gate_scores"": null}";baseline;1;laya_accept;0.06747706504209323;16.389017075906764;laya_multilingual_laya_v5_reasoning_text
148;13;orchestrator_laya_laya_v5_reasoning;0.03933741910054876;50.0;0.04048645370725772;206.7651517415009;0.04048597762599921;172.16259596999993;[[4374.969, 4342.37, 4303.19, 4370.16, 4392.91, 4423.87, 4362.98, 4303.89, 4317.18, 4359.9, 4426.36, 4381.17, 4372.66]];[[4369.42018827, 4324.49555757, 4300.93386237, 4271.64520626, 4251.86184829, 4198.10670876, 4182.02070447, 4160.83208619, 4133.18535297, 4102.30940243, 4085.39888221, 4064.61641364, 4048.66903896]];2016-10-09 12:00:00;2017-01-01 12:00:00;"{""strategy"": {""combine"": ""median"", ""pool"": ""pool_full""}, ""origin"": ""baseline"", ""loop"": {""final_attempt"": ""a2"", ""strategy"": {""combine"": ""median"", ""pool"": ""pool_full""}, ""iterations_used"": 1, ""stop_reason"": ""laya_accept"", ""trace"": []}, ""score"": 0.6051, ""gate_scores"": null}";baseline;1;laya_accept;0.04048645370725772;206.7651517415009;laya_multilingual_laya_v5_reasoning_text
149;13;orchestrator_laya_laya_v5_reasoning;0.015060157788023467;75.0;0.015209134650485233;146.1280876044366;0.015209042211728918;125.12971827912085;[[8104.576, 8397.21, 8157.4, 7991.08, 8073.41, 8245.39, 8235.18, 8301.8, 8245.5, 8365.11, 8466.19, 8322.25, 8219.59]];[[8058.460967172857, 8141.2685297114285, 8080.168781647143, 8059.611937721427, 8086.298111792857, 8119.046623838572, 8140.801415772857, 8118.84451989, 8139.80175821, 8173.415309132857, 8205.927531945714, 8174.121705137143, 8163.072569427141]];2016-10-09 12:00:00;2017-01-01 12:00:00;"{""strategy"": {""combine"": ""trimmed_mean"", ""pool"": ""pool3"", ""trim_pct"": 0.2}, ""origin"": ""baseline"", ""loop"": {""final_attempt"": ""a9"", ""strategy"": {""combine"": ""trimmed_mean"", ""pool"": ""pool3"", ""trim_pct"": 0.2}, ""iterations_used"": 1, ""stop_reason"": ""laya_accept"", ""trace"": []}, ""score"": -0.0693, ""gate_scores"": null}";baseline;1;laya_accept;0.015209134650485233;146.1280876044366;laya_multilingual_laya_v5_reasoning_text
150;13;orchestrator_laya_laya_v5_reasoning;0.007869567040239948;91.66666666666667;0.007912986502404054;59.872700792756206;0.00791292456358933;50.54735947637367;[[6364.0443, 6391.976, 6307.152, 6296.818, 6370.959, 6382.491, 6419.123, 6352.659, 6400.765, 6420.155, 6472.322, 6421.251, 6497.262]];[[6318.1396194300005, 6321.880820207143, 6292.742489085714, 6289.38418635857, 6340.010618171429, 6340.216924829999, 6357.92088013143, 6331.843919631428, 6351.515851681428, 6381.618998598571, 6385.9359234342855, 6365.033999101428, 6363.617396145714]];2016-10-09 12:00:00;2017-01-01 12:00:00;"{""strategy"": {""combine"": ""trimmed_mean"", ""pool"": ""pool3"", ""trim_pct"": 0.2}, ""origin"": ""baseline"", ""loop"": {""final_attempt"": ""a9"", ""strategy"": {""combine"": ""trimmed_mean"", ""pool"": ""pool3"", ""trim_pct"": 0.2}, ""iterations_used"": 1, ""stop_reason"": ""laya_accept"", ""trace"": []}, ""score"": -0.1187, ""gate_scores"": null}";baseline;1;laya_accept;0.007912986502404054;59.872700792756206;laya_multilingual_laya_v5_reasoning_text
151;13;orchestrator_laya_laya_v5_reasoning;0.01371953134806498;41.666666666666664;0.013675371063541867;137.70826066546778;0.013675290430268657;115.98470153538466;[[8624.177, 8443.2, 8390.94, 8266.24, 8299.13, 8283.85, 8356.8, 8416.68, 8466.06, 8541.06, 8572.49, 8732.67, 8749.33]];[[8441.07593461, 8433.8772927, 8424.79564183, 8490.7246264, 8467.75968193, 8485.53434004, 8505.12161562, 8489.51344848, 8575.50840553, 8564.02824093, 8561.31310976, 8555.99625661, 8604.02928712]];2016-10-09 12:00:00;2017-01-01 12:00:00;"{""strategy"": {""combine"": ""median"", ""pool"": ""pool_full""}, ""origin"": ""baseline"", ""loop"": {""final_attempt"": ""a2"", ""strategy"": {""combine"": ""median"", ""pool"": ""pool_full""}, ""iterations_used"": 1, ""stop_reason"": ""laya_accept"", ""trace"": []}, ""score"": 0.0779, ""gate_scores"": null}";baseline;1;laya_accept;0.013675371063541867;137.70826066546778;laya_multilingual_laya_v5_reasoning_text
152;13;orchestrator_laya_laya_v5_reasoning;0.02285060863437286;66.66666666666667;0.02268192004174489;91.48737027636638;0.02268153699841631;67.1858480661539;[[2990.33, 3154.84, 2945.55, 2862.16, 3032.25, 2990.3, 3001.65, 2879.11, 3049.37, 2997.1, 3046.23, 2862.51, 2802.91]];[[2956.3777318842863, 2971.6350591385713, 2960.814372668571, 2962.19545506, 3003.202206602857, 3000.562116511429, 2995.60309268, 2972.7630813457145, 3021.033596978571, 3009.514824724286, 2994.638966535714, 2981.6143437985716, 2993.4124845714286]];2016-10-09 12:00:00;2017-01-01 12:00:00;"{""strategy"": {""combine"": ""trimmed_mean"", ""pool"": ""pool3"", ""trim_pct"": 0.2}, ""origin"": ""baseline"", ""loop"": {""final_attempt"": ""a9"", ""strategy"": {""combine"": ""trimmed_mean"", ""pool"": ""pool3"", ""trim_pct"": 0.2}, ""iterations_used"": 1, ""stop_reason"": ""laya_accept"", ""trace"": []}, ""score"": 0.0026, ""gate_scores"": null}";baseline;1;laya_accept;0.02268192004174489;91.48737027636638;laya_multilingual_laya_v5_reasoning_text
153;13;orchestrator_laya_laya_v5_reasoning;0.019243433047199263;75.0;0.018988792206173756;187.52462067799422;0.01898867919876883;159.54604340307685;[[8643.9, 8597.8, 8504.5, 8468.7, 8454.0, 8415.0, 8361.8, 8296.2, 8313.1, 8300.7, 8219.2, 8228.2, 8136.1]];[[8654.284336053335, 8637.250108516666, 8583.120914343333, 8537.686618873333, 8554.89889595, 8551.365924246666, 8503.226912033335, 8486.839836196667, 8496.063515523334, 8516.038547746666, 8513.828103173333, 8490.49313214, 8488.201719443334]];2016-10-09 12:00:00;2017-01-01 12:00:00;"{""strategy"": {""combine"": ""trimmed_mean"", ""pool"": ""pool1"", ""trim_pct"": 0.2}, ""origin"": ""baseline"", ""loop"": {""final_attempt"": ""a5"", ""strategy"": {""combine"": ""trimmed_mean"", ""pool"": ""pool1"", ""trim_pct"": 0.2}, ""iterations_used"": 1, ""stop_reason"": ""laya_accept"", ""trace"": []}, ""score"": 0.0451, ""gate_scores"": null}";baseline;1;laya_accept;0.018988792206173756;187.52462067799422;laya_multilingual_laya_v5_reasoning_text
154;13;orchestrator_laya_laya_v5_reasoning;0.01890483813151378;41.666666666666664;0.018641561634336994;104.64281949186972;0.018641358194346223;85.40755677692323;[[4568.001, 4591.74, 4592.62, 4636.82, 4562.67, 4572.28, 4557.9, 4538.75, 4523.75, 4521.02, 4499.58, 4485.14, 4473.5]];[[4587.565462175714, 4597.151273245715, 4609.950215352857, 4611.392794011428, 4617.5794468257145, 4620.411656187142, 4635.096828902858, 4643.596898077143, 4638.478185834286, 4646.1323401399995, 4655.19253628, 4657.611292634286, 4663.055896455715]];2016-10-09 12:00:00;2017-01-01 12:00:00;"{""strategy"": {""combine"": ""mean"", ""pool"": ""pool2""}, ""origin"": ""baseline"", ""loop"": {""final_attempt"": ""a6"", ""strategy"": {""combine"": ""mean"", ""pool"": ""pool2""}, ""iterations_used"": 1, ""stop_reason"": ""laya_accept"", ""trace"": []}, ""score"": 0.0624, ""gate_scores"": null}";baseline;1;laya_accept;0.018641561634336994;104.64281949186972;laya_multilingual_laya_v5_reasoning_text
155;13;orchestrator_laya_laya_v5_reasoning;0.014408013074527734;41.666666666666664;0.014252071273649405;95.47423312962822;0.014251939395267735;77.0115061660439;[[5432.391, 5451.52, 5443.07, 5483.69, 5408.07, 5413.78, 5394.08, 5368.37, 5355.06, 5351.09, 5321.5, 5307.96, 5287.11]];[[5448.393947407143, 5456.732228515714, 5451.5266222942855, 5451.274813264286, 5453.609874114286, 5456.997991921429, 5457.316642691428, 5461.104467295714, 5458.266902524286, 5460.971498287143, 5466.162279508571, 5464.922109101429, 5466.730829761428]];2016-10-09 12:00:00;2017-01-01 12:00:00;"{""strategy"": {""combine"": ""trimmed_mean"", ""pool"": ""pool3"", ""trim_pct"": 0.2}, ""origin"": ""baseline"", ""loop"": {""final_attempt"": ""a9"", ""strategy"": {""combine"": ""trimmed_mean"", ""pool"": ""pool3"", ""trim_pct"": 0.2}, ""iterations_used"": 1, ""stop_reason"": ""laya_accept"", ""trace"": []}, ""score"": -0.0375, ""gate_scores"": null}";baseline;1;laya_accept;0.014252071273649405;95.47423312962822;laya_multilingual_laya_v5_reasoning_text
156;13;orchestrator_laya_laya_v5_reasoning;0.003273895171431032;75.0;0.003273007236367101;5.544993056799272;0.0032728924690056814;4.666990919230766;[[1431.923, 1435.919, 1422.959, 1423.154, 1432.548, 1438.745, 1428.38, 1425.897, 1427.808, 1431.297, 1415.852, 1416.006, 1416.477]];[[1429.3792698114287, 1429.2975991742858, 1423.1748682942857, 1422.0967463714285, 1427.82055732, 1431.335615257143, 1424.23525328, 1420.857122582857, 1425.560575402857, 1429.8682051242856, 1426.0078013900002, 1422.048533632857, 1425.513622957143]];2016-10-09 12:00:00;2017-01-01 12:00:00;"{""strategy"": {""combine"": ""trimmed_mean"", ""pool"": ""pool3"", ""trim_pct"": 0.2}, ""origin"": ""baseline"", ""loop"": {""final_attempt"": ""a9"", ""strategy"": {""combine"": ""trimmed_mean"", ""pool"": ""pool3"", ""trim_pct"": 0.2}, ""iterations_used"": 1, ""stop_reason"": ""laya_accept"", ""trace"": []}, ""score"": -0.1258, ""gate_scores"": null}";baseline;1;laya_accept;0.003273007236367101;5.544993056799272;laya_multilingual_laya_v5_reasoning_text
157;13;orchestrator_laya_laya_v5_reasoning;0.006918450966849135;58.333333333333336;0.006901977661830782;141.70847300135728;0.006901957153531494;116.14397107215449;[[16585.796, 16545.69, 16718.18, 16774.2, 16973.97, 16859.12, 16888.19, 16801.33, 16854.51, 16677.41, 16792.37, 16756.94, 16839.65]];[[16595.680330103998, 16651.01503082, 16677.14979859, 16702.747910857997, 16737.837602564, 16788.387041571998, 16832.905811162, 16860.519944454, 16894.914199142, 16934.083829585998, 16961.740525136, 16983.990353986002, 17006.991575456]];2016-10-09 12:00:00;2017-01-01 12:00:00;"{""strategy"": {""combine"": ""mean"", ""pool"": ""pool1""}, ""origin"": ""baseline"", ""loop"": {""final_attempt"": ""a4"", ""strategy"": {""combine"": ""mean"", ""pool"": ""pool1""}, ""iterations_used"": 1, ""stop_reason"": ""laya_accept"", ""trace"": []}, ""score"": -0.0615, ""gate_scores"": null}";baseline;1;laya_accept;0.006901977661830782;141.70847300135728;laya_multilingual_laya_v5_reasoning_text
158;13;orchestrator_laya_laya_v5_reasoning;0.005695860000995492;91.66666666666667;0.005678184941401866;56.81589816847035;0.005678154388755351;52.765096814307284;[[9265.8308, 9320.682, 9198.628, 9181.263, 9248.034, 9273.226, 9311.038, 9229.568, 9282.625, 9295.202, 9366.068, 9272.725, 9316.549]];[[9279.551151196, 9285.651697176, 9264.39656438, 9242.01983317, 9311.534092746, 9337.50798934, 9359.728497891998, 9301.061581282, 9327.587647522001, 9372.481834875998, 9386.302190616, 9357.891195528, 9351.610177214]];2016-10-09 12:00:00;2017-01-01 12:00:00;"{""strategy"": {""combine"": ""trimmed_mean"", ""pool"": ""pool2"", ""trim_pct"": 0.2}, ""origin"": ""baseline"", ""loop"": {""final_attempt"": ""a7"", ""strategy"": {""combine"": ""trimmed_mean"", ""pool"": ""pool2"", ""trim_pct"": 0.2}, ""iterations_used"": 1, ""stop_reason"": ""laya_accept"", ""trace"": []}, ""score"": -0.094, ""gate_scores"": null}";baseline;1;laya_accept;0.005678184941401866;56.81589816847035;laya_multilingual_laya_v5_reasoning_text
159;13;orchestrator_laya_laya_v5_reasoning;0.0048420745649486625;91.66666666666667;0.004828665196416155;44.460260586063725;0.004828635300382391;38.99604542184639;[[8060.0957, 8112.114, 7987.147, 7969.756, 8043.952, 8072.951, 8110.896, 8034.681, 8093.054, 8099.825, 8169.184, 8075.646, 8114.811]];[[8063.247650926, 8073.225180324, 8051.623375510001, 8030.188694202001, 8102.799559112001, 8119.764989341999, 8136.552683042, 8085.825599134, 8108.4159893139995, 8150.552497188, 8162.817167244, 8140.185888268, 8135.350712014]];2016-10-09 12:00:00;2017-01-01 12:00:00;"{""strategy"": {""combine"": ""mean"", ""pool"": ""pool1""}, ""origin"": ""baseline"", ""loop"": {""final_attempt"": ""a4"", ""strategy"": {""combine"": ""mean"", ""pool"": ""pool1""}, ""iterations_used"": 1, ""stop_reason"": ""laya_accept"", ""trace"": []}, ""score"": -0.0982, ""gate_scores"": null}";baseline;1;laya_accept;0.004828665196416155;44.460260586063725;laya_multilingual_laya_v5_reasoning_text
160;13;orchestrator_laya_laya_v5_reasoning;0.006129320748452138;58.333333333333336;0.006154558573480429;94.23275685530119;0.0061545333559773615;75.10447728538496;[[12143.281, 12130.04, 12220.91, 12262.51, 12368.93, 12230.26, 12271.89, 12244.95, 12279.44, 12134.14, 12219.63, 12187.07, 12201.34]];[[12088.550945120001, 12082.45967545, 12103.57125061714, 12121.808980171429, 12142.315340667143, 12178.690543308572, 12185.366753821427, 12199.563835662859, 12211.199345112856, 12219.702159797143, 12211.30911201, 12213.845086871428, 12218.355739982857]];2016-10-09 12:00:00;2017-01-01 12:00:00;"{""strategy"": {""combine"": ""mean"", ""pool"": ""pool2""}, ""origin"": ""baseline"", ""loop"": {""final_attempt"": ""a6"", ""strategy"": {""combine"": ""mean"", ""pool"": ""pool2""}, ""iterations_used"": 1, ""stop_reason"": ""laya_accept"", ""trace"": []}, ""score"": -0.0105, ""gate_scores"": null}";baseline;1;laya_accept;0.006154558573480429;94.23275685530119;laya_multilingual_laya_v5_reasoning_text
161;13;orchestrator_laya_laya_v5_reasoning;0.01155861346920829;41.666666666666664;0.01165292050011119;66.66116849792088;0.011652792305078279;52.966175512461284;[[4442.515, 4415.65, 4497.27, 4511.69, 4605.04, 4628.86, 4616.3, 4556.38, 4575.07, 4543.27, 4572.74, 4569.87, 4638.31]];[[4456.165921934, 4465.397423536, 4480.453999060001, 4480.144035026, 4487.012668856, 4499.216575044, 4505.579090210001, 4514.505345284, 4539.20460943, 4561.477024546, 4548.557983726, 4552.720225404, 4557.180556314001]];2016-10-09 12:00:00;2017-01-01 12:00:00;"{""strategy"": {""combine"": ""mean"", ""pool"": ""pool1""}, ""origin"": ""baseline"", ""loop"": {""final_attempt"": ""a4"", ""strategy"": {""combine"": ""mean"", ""pool"": ""pool1""}, ""iterations_used"": 1, ""stop_reason"": ""laya_accept"", ""trace"": []}, ""score"": 0.0098, ""gate_scores"": null}";baseline;1;laya_accept;0.01165292050011119;66.66116849792088;laya_multilingual_laya_v5_reasoning_text
162;13;orchestrator_laya_laya_v5_reasoning;0.012298541210031553;83.33333333333333;0.01238849880111524;51.135756761488665;0.012388335551140332;47.00582052461536;[[3806.6, 3812.9, 3801.8, 3787.0, 3826.0, 3831.2, 3817.2, 3802.3, 3799.9, 3852.0, 3840.2, 3822.6, 3798.4]];[[3780.87987112, 3777.95185686, 3776.30535147, 3769.95439097, 3760.64244899, 3777.10453568, 3774.91356173, 3767.12942624, 3762.60387697, 3767.18050051, 3764.61533807, 3755.13551531, 3752.60765926]];2016-10-09 12:00:00;2017-01-01 12:00:00;"{""strategy"": {""combine"": ""median"", ""pool"": ""pool_full""}, ""origin"": ""baseline"", ""loop"": {""final_attempt"": ""a2"", ""strategy"": {""combine"": ""median"", ""pool"": ""pool_full""}, ""iterations_used"": 1, ""stop_reason"": ""laya_accept"", ""trace"": []}, ""score"": 0.0558, ""gate_scores"": null}";baseline;1;laya_accept;0.01238849880111524;51.135756761488665;laya_multilingual_laya_v5_reasoning_text
163;13;orchestrator_laya_laya_v5_reasoning;0.010590661184784501;58.333333333333336;0.010538414740512227;283.31205599173376;0.010538393410327498;260.33657536538465;[[24833.93, 24489.8, 24338.6, 24343.5, 24912.9, 24582.5, 24607.4, 24469.4, 24810.4, 24637.5, 24451.7, 24591.2, 24827.5]];[[24638.08606427, 24647.36897885, 24531.01106803, 24565.20822703, 24642.89965428, 24785.60615908, 24860.81811586, 24873.47404012, 24929.76259386, 24967.35577647, 24951.86958862, 24992.13626031, 24963.42039007]];2016-10-09 12:00:00;2017-01-01 12:00:00;"{""strategy"": {""combine"": ""median"", ""pool"": ""pool_full""}, ""origin"": ""baseline"", ""loop"": {""final_attempt"": ""a2"", ""strategy"": {""combine"": ""median"", ""pool"": ""pool_full""}, ""iterations_used"": 1, ""stop_reason"": ""laya_accept"", ""trace"": []}, ""score"": -0.0014, ""gate_scores"": null}";baseline;1;laya_accept;0.010538414740512227;283.31205599173376;laya_multilingual_laya_v5_reasoning_text
164;13;orchestrator_laya_laya_v5_reasoning;0.04139347670517815;50.0;0.04025949529688321;174.9848891324253;0.04025895873368711;151.0547905815386;[[3675.7, 3699.6, 3615.7, 3509.8, 3609.7, 3718.0, 3716.1, 3649.0, 3781.0, 3775.7, 3778.5, 3711.7, 3892.7]];[[3803.28672233, 3793.40506646, 3853.379860603333, 3877.6524553433337, 3842.503471356667, 3848.2789629066665, 3859.4716708899996, 3859.0584952699996, 3867.9871471133333, 3843.8724246866673, 3862.6257052100004, 3871.6615004600003, 3871.6712050699994]];2016-10-09 12:00:00;2017-01-01 12:00:00;"{""strategy"": {""combine"": ""trimmed_mean"", ""pool"": ""pool1"", ""trim_pct"": 0.2}, ""origin"": ""baseline"", ""loop"": {""final_attempt"": ""a5"", ""strategy"": {""combine"": ""trimmed_mean"", ""pool"": ""pool1"", ""trim_pct"": 0.2}, ""iterations_used"": 1, ""stop_reason"": ""laya_accept"", ""trace"": []}, ""score"": -0.0294, ""gate_scores"": null}";baseline;1;laya_accept;0.04025949529688321;174.9848891324253;laya_multilingual_laya_v5_reasoning_text
165;13;orchestrator_laya_laya_v5_reasoning;0.028740350261124294;58.333333333333336;0.02819736832460481;86.21450541949524;0.028196835365838217;74.59369627760687;[[2629.818, 2607.91, 2625.41, 2639.91, 2601.3, 2563.83, 2568.58, 2593.3, 2599.6, 2593.1, 2586.4, 2663.98, 2701.83]];[[2644.7700468355556, 2653.72676431, 2661.490389341111, 2677.4768377288888, 2670.93355028, 2673.407386583334, 2697.43230319, 2718.0590052088887, 2714.0682680022223, 2704.718286283334, 2707.671079856666, 2711.303969746667, 2709.6281642422223]];2016-10-09 12:00:00;2017-01-01 12:00:00;"{""strategy"": {""combine"": ""mean"", ""pool"": ""pool3""}, ""origin"": ""baseline"", ""loop"": {""final_attempt"": ""a8"", ""strategy"": {""combine"": ""mean"", ""pool"": ""pool3""}, ""iterations_used"": 1, ""stop_reason"": ""laya_accept"", ""trace"": []}, ""score"": 0.2714, ""gate_scores"": null}";baseline;1;laya_accept;0.02819736832460481;86.21450541949524;laya_multilingual_laya_v5_reasoning_text
166;13;orchestrator_laya_laya_v5_reasoning;0.03141868391606139;58.333333333333336;0.030848993328851073;100.98912103572304;0.030848483093959187;93.25735683008564;[[2997.388, 2977.87, 2986.98, 2990.89, 2962.27, 2935.63, 2940.19, 2958.2, 2977.7, 2970.67, 2964.25, 3035.15, 3091.1]];[[3046.2563286511113, 3050.4135755711113, 3071.3353578633332, 3072.167760237778, 3070.294623845556, 3073.3732357800004, 3083.0059320933337, 3082.3792312866667, 3088.5366746955556, 3086.7784695444443, 3087.9459655777778, 3095.8491583022223, 3092.297325342222]];2016-10-09 12:00:00;2017-01-01 12:00:00;"{""strategy"": {""combine"": ""mean"", ""pool"": ""pool3""}, ""origin"": ""baseline"", ""loop"": {""final_attempt"": ""a8"", ""strategy"": {""combine"": ""mean"", ""pool"": ""pool3""}, ""iterations_used"": 1, ""stop_reason"": ""laya_accept"", ""trace"": []}, ""score"": 0.0867, ""gate_scores"": null}";baseline;1;laya_accept;0.030848993328851073;100.98912103572304;laya_multilingual_laya_v5_reasoning_text
167;13;orchestrator_laya_laya_v5_reasoning;0.02853245298337622;83.33333333333333;0.02859187091827828;123.37594224785549;0.02859148239708436;105.25058722384622;[[3567.271, 3652.93, 3614.77, 3584.42, 3700.76, 3811.42, 3857.31, 3783.4, 3727.36, 3866.92, 3750.27, 3560.46, 3450.5]];[[3683.22332967, 3690.66881645, 3605.74085089, 3571.90658949, 3592.89598538, 3650.2263087, 3664.31283188, 3678.55726458, 3672.98289472, 3720.63716443, 3677.84399414, 3686.999916, 3677.000456]];2016-10-09 12:00:00;2017-01-01 12:00:00;"{""strategy"": {""combine"": ""median"", ""pool"": ""pool_full""}, ""origin"": ""baseline"", ""loop"": {""final_attempt"": ""a2"", ""strategy"": {""combine"": ""median"", ""pool"": ""pool_full""}, ""iterations_used"": 1, ""stop_reason"": ""laya_accept"", ""trace"": []}, ""score"": 0.0798, ""gate_scores"": null}";baseline;1;laya_accept;0.02859187091827828;123.37594224785549;laya_multilingual_laya_v5_reasoning_text
168;13;orchestrator_laya_laya_v5_reasoning;0.040642194333997565;50.0;0.041852845224627504;84.54768251237017;0.041851598032640554;70.23762030846157;[[1649.136, 1654.32, 1657.17, 1671.98, 1673.19, 1667.09, 1671.95, 1684.68, 1724.48, 1726.97, 1747.49, 1765.92, 1796.32]];[[1646.1191188, 1632.45089825, 1632.77393745, 1634.50486723, 1633.27356386, 1613.06142969, 1610.58186562, 1630.52340099, 1629.52807978, 1627.39305935, 1625.69345005, 1627.95475367, 1633.74851125]];2016-10-09 12:00:00;2017-01-01 12:00:00;"{""strategy"": {""combine"": ""median"", ""pool"": ""pool_full""}, ""origin"": ""baseline"", ""loop"": {""final_attempt"": ""a2"", ""strategy"": {""combine"": ""median"", ""pool"": ""pool_full""}, ""iterations_used"": 1, ""stop_reason"": ""laya_accept"", ""trace"": []}, ""score"": 0.0617, ""gate_scores"": null}";baseline;1;laya_accept;0.041852845224627504;84.54768251237017;laya_multilingual_laya_v5_reasoning_text
169;13;orchestrator_laya_laya_v5_reasoning;0.020671079122506177;41.666666666666664;0.02099373121794242;93.2624801382651;0.020993441945900478;76.18196418000001;[[3593.378, 3600.1, 3605.11, 3626.18, 3631.12, 3625.32, 3631.86, 3645.91, 3674.92, 3680.2, 3698.89, 3719.0, 3754.53]];[[3591.8009242, 3583.99371466, 3582.88353728, 3589.27630508, 3585.53674179, 3573.09973067, 3570.73589769, 3574.06902985, 3572.72512863, 3566.85395509, 3565.18674371, 3567.40951166, 3572.58124535]];2016-10-09 12:00:00;2017-01-01 12:00:00;"{""strategy"": {""combine"": ""median"", ""pool"": ""pool_full""}, ""origin"": ""baseline"", ""loop"": {""final_attempt"": ""a2"", ""strategy"": {""combine"": ""median"", ""pool"": ""pool_full""}, ""iterations_used"": 1, ""stop_reason"": ""laya_accept"", ""trace"": []}, ""score"": 0.0786, ""gate_scores"": null}";baseline;1;laya_accept;0.02099373121794242;93.2624801382651;laya_multilingual_laya_v5_reasoning_text
170;13;orchestrator_laya_laya_v5_reasoning;0.00865690405688606;66.66666666666667;0.008709717884121034;63.197817832491964;0.008709646647966253;53.245382116000094;[[6104.414, 6112.22, 6095.08, 6100.62, 6117.27, 6120.08, 6088.19, 6084.55, 6119.76, 6132.76, 6176.58, 6188.09, 6213.0]];[[6072.053046898, 6057.696183182, 6051.092155053999, 6065.307046362001, 6085.275607968, 6077.133575332, 6067.344221003999, 6068.452985438, 6085.9064480980005, 6089.234350722001, 6076.295019114, 6077.0845220579995, 6087.548871262]];2016-10-09 12:00:00;2017-01-01 12:00:00;"{""strategy"": {""combine"": ""trimmed_mean"", ""pool"": ""pool2"", ""trim_pct"": 0.2}, ""origin"": ""baseline"", ""loop"": {""final_attempt"": ""a7"", ""strategy"": {""combine"": ""trimmed_mean"", ""pool"": ""pool2"", ""trim_pct"": 0.2}, ""iterations_used"": 1, ""stop_reason"": ""laya_accept"", ""trace"": []}, ""score"": 0.1181, ""gate_scores"": null}";baseline;1;laya_accept;0.008709717884121034;63.197817832491964;laya_multilingual_laya_v5_reasoning_text
171;13;orchestrator_laya_laya_v5_reasoning;0.005597670890286484;91.66666666666667;0.00561915563030011;25.01855259271762;0.005619079805894152;20.82107823164828;[[3664.4298, 3669.803, 3665.56, 3665.696, 3686.83, 3703.802, 3713.862, 3705.416, 3721.62, 3729.826, 3737.01, 3730.028, 3737.606]];[[3672.6040792371423, 3681.5114541885714, 3663.448548005714, 3665.5450036771426, 3683.404422112857, 3684.6840608828575, 3685.5640253457145, 3679.4222774099994, 3697.578307837143, 3696.8554589900004, 3702.8890426785715, 3690.3419135171434, 3696.731655957143]];2016-10-09 12:00:00;2017-01-01 12:00:00;"{""strategy"": {""combine"": ""mean"", ""pool"": ""pool2""}, ""origin"": ""baseline"", ""loop"": {""final_attempt"": ""a6"", ""strategy"": {""combine"": ""mean"", ""pool"": ""pool2""}, ""iterations_used"": 1, ""stop_reason"": ""laya_accept"", ""trace"": []}, ""score"": -0.0883, ""gate_scores"": null}";baseline;1;laya_accept;0.00561915563030011;25.01855259271762;laya_multilingual_laya_v5_reasoning_text
172;13;orchestrator_laya_laya_v5_reasoning;0.06449954669600994;58.333333333333336;0.06699052159141197;352.5113091368196;0.06698962703167669;251.77405452098887;[[3696.3, 3536.5, 3504.4, 3481.7, 3684.6, 3749.7, 3684.8, 4354.7, 3618.1, 4381.4, 3985.8, 3381.9, 3209.2]];[[3496.7116749928578, 3448.7086075985717, 3485.0155341614286, 3457.6703494928574, 3519.51177071, 3570.211237985714, 3624.1001733285716, 3615.5745979485714, 3601.8079397328574, 3602.624855347143, 3612.7920628685715, 3615.346480958571, 3605.5450319814286]];2016-10-09 12:00:00;2017-01-01 12:00:00;"{""strategy"": {""combine"": ""trimmed_mean"", ""pool"": ""pool3"", ""trim_pct"": 0.2}, ""origin"": ""baseline"", ""loop"": {""final_attempt"": ""a9"", ""strategy"": {""combine"": ""trimmed_mean"", ""pool"": ""pool3"", ""trim_pct"": 0.2}, ""iterations_used"": 1, ""stop_reason"": ""laya_accept"", ""trace"": []}, ""score"": 0.4402, ""gate_scores"": null}";baseline;1;laya_accept;0.06699052159141197;352.5113091368196;laya_multilingual_laya_v5_reasoning_text
173;13;orchestrator_laya_laya_v5_reasoning;0.00596130784292757;66.66666666666667;0.0059338233026803395;21.577505123014976;0.005933717740793853;16.677401767179582;[[2822.634, 2821.43, 2817.06, 2780.74, 2789.52, 2808.83, 2796.61, 2788.11, 2823.77, 2797.97, 2834.5, 2830.6, 2835.47]];[[2811.180777895555, 2829.168113892222, 2821.0771888866666, 2817.0768974166663, 2818.757647433333, 2818.8323478711113, 2830.6511840711114, 2828.1431895655555, 2827.4647028511113, 2824.362641394445, 2831.486745294444, 2829.0903472344444, 2826.133819984445]];2016-10-09 12:00:00;2017-01-01 12:00:00;"{""strategy"": {""combine"": ""mean"", ""pool"": ""pool3""}, ""origin"": ""baseline"", ""loop"": {""final_attempt"": ""a8"", ""strategy"": {""combine"": ""mean"", ""pool"": ""pool3""}, ""iterations_used"": 1, ""stop_reason"": ""laya_accept"", ""trace"": []}, ""score"": 0.2419, ""gate_scores"": null}";baseline;1;laya_accept;0.0059338233026803395;21.577505123014976;laya_multilingual_laya_v5_reasoning_text
174;13;orchestrator_laya_laya_v5_reasoning;0.006278208895321629;83.33333333333333;0.006304955668989143;24.86043419693153;0.006304860134918598;20.805480197094102;[[3258.4667, 3263.634, 3258.817, 3258.677, 3281.544, 3297.675, 3307.677, 3300.658, 3316.787, 3324.622, 3332.363, 3324.696, 3332.728]];[[3267.3135307577777, 3274.504378022222, 3256.094397271111, 3256.9011459177773, 3277.4706148333335, 3280.1209163544445, 3279.6427326466664, 3274.93328104, 3292.068169781111, 3295.7113400399994, 3297.1591560777774, 3285.0967981022222, 3290.2914141533333]];2016-10-09 12:00:00;2017-01-01 12:00:00;"{""strategy"": {""combine"": ""mean"", ""pool"": ""pool3""}, ""origin"": ""baseline"", ""loop"": {""final_attempt"": ""a8"", ""strategy"": {""combine"": ""mean"", ""pool"": ""pool3""}, ""iterations_used"": 1, ""stop_reason"": ""laya_accept"", ""trace"": []}, ""score"": -0.0685, ""gate_scores"": null}";baseline;1;laya_accept;0.006304955668989143;24.86043419693153;laya_multilingual_laya_v5_reasoning_text
175;13;orchestrator_laya_laya_v5_reasoning;0.023998476691525168;58.333333333333336;0.02366027358957988;65.54505396644409;0.023659803734589927;59.572674377692344;[[2549.213, 2475.26, 2459.08, 2490.54, 2515.97, 2480.48, 2485.86, 2469.92, 2502.86, 2485.63, 2467.43, 2481.02, 2574.63]];[[2526.8361973433334, 2525.9422793966664, 2530.1132773, 2538.9383688133335, 2543.914965873333, 2545.260827763333, 2556.24304298, 2561.79866346, 2577.0814428999997, 2553.8173257833337, 2566.775911426667, 2564.620118753334, 2573.0182601966667]];2016-10-09 12:00:00;2017-01-01 12:00:00;"{""strategy"": {""combine"": ""trimmed_mean"", ""pool"": ""pool1"", ""trim_pct"": 0.2}, ""origin"": ""baseline"", ""loop"": {""final_attempt"": ""a5"", ""strategy"": {""combine"": ""trimmed_mean"", ""pool"": ""pool1"", ""trim_pct"": 0.2}, ""iterations_used"": 1, ""stop_reason"": ""laya_accept"", ""trace"": []}, ""score"": 0.0897, ""gate_scores"": null}";baseline;1;laya_accept;0.02366027358957988;65.54505396644409;laya_multilingual_laya_v5_reasoning_text
176;13;orchestrator_laya_laya_v5_reasoning;0.03032982347211472;66.66666666666667;0.03089649390361657;239.54913005056565;0.030896265388607142;208.8966675823076;[[6695.8, 6817.0, 6581.7, 6559.6, 6994.5, 6919.5, 7022.6, 6730.5, 6817.8, 7027.7, 6955.2, 6793.9, 6499.6]];[[6601.786808104, 6621.817494052001, 6615.477483756001, 6622.740076462001, 6663.509107166001, 6636.757573282, 6624.349658616001, 6586.526564146001, 6623.372959818, 6640.388159088, 6641.017699681999, 6651.519155496001, 6634.884297802001]];2016-10-09 12:00:00;2017-01-01 12:00:00;"{""strategy"": {""combine"": ""mean"", ""pool"": ""pool1""}, ""origin"": ""baseline"", ""loop"": {""final_attempt"": ""a4"", ""strategy"": {""combine"": ""mean"", ""pool"": ""pool1""}, ""iterations_used"": 1, ""stop_reason"": ""laya_accept"", ""trace"": []}, ""score"": 0.4925, ""gate_scores"": null}";baseline;1;laya_accept;0.03089649390361657;239.54913005056565;laya_multilingual_laya_v5_reasoning_text
177;13;orchestrator_laya_laya_v5_reasoning;0.06189847363021624;66.66666666666667;0.05995634828787065;89.13107205438705;0.059954289317360424;87.30729623015381;[[1429.3, 1402.7, 1403.1, 1382.0, 1432.0, 1448.2, 1450.5, 1444.4, 1430.8, 1414.0, 1399.9, 1374.3, 1381.6]];[[1502.273513032, 1505.62758534, 1510.368980614, 1512.2394957239999, 1519.090250066, 1523.1974274660001, 1519.9759567719998, 1505.128739844, 1507.5984321, 1496.19221006, 1482.1086942, 1462.747439718, 1481.2461260559999]];2016-10-09 12:00:00;2017-01-01 12:00:00;"{""strategy"": {""combine"": ""mean"", ""pool"": ""pool1""}, ""origin"": ""baseline"", ""loop"": {""final_attempt"": ""a4"", ""strategy"": {""combine"": ""mean"", ""pool"": ""pool1""}, ""iterations_used"": 1, ""stop_reason"": ""laya_accept"", ""trace"": []}, ""score"": 0.4236, ""gate_scores"": null}";baseline;1;laya_accept;0.05995634828787065;89.13107205438705;laya_multilingual_laya_v5_reasoning_text
178;13;orchestrator_laya_laya_v5_reasoning;0.00624880427193766;50.0;0.006285874143182457;23.599566558738633;0.0062857589598264985;17.1516682573847;[[2709.779, 2713.39, 2711.95, 2713.77, 2713.77, 2722.18, 2721.67, 2737.86, 2723.28, 2754.11, 2756.24, 2751.53, 2745.86]];[[2710.9117373940003, 2712.9669032360002, 2712.0741217979994, 2711.327069778, 2711.1774572919994, 2710.162812064, 2711.526825098, 2711.6423057019997, 2710.93934098, 2709.8904710100005, 2714.218722568, 2713.973206314, 2714.1200578039998]];2016-10-09 12:00:00;2017-01-01 12:00:00;"{""strategy"": {""combine"": ""trimmed_mean"", ""pool"": ""pool2"", ""trim_pct"": 0.2}, ""origin"": ""baseline"", ""loop"": {""final_attempt"": ""a7"", ""strategy"": {""combine"": ""trimmed_mean"", ""pool"": ""pool2"", ""trim_pct"": 0.2}, ""iterations_used"": 1, ""stop_reason"": ""laya_accept"", ""trace"": []}, ""score"": -0.0741, ""gate_scores"": null}";baseline;1;laya_accept;0.006285874143182457;23.599566558738633;laya_multilingual_laya_v5_reasoning_text
179;13;orchestrator_laya_laya_v5_reasoning;0.007947057484477611;50.0;0.007998014938853232;74.17724872180496;0.007997960218015266;58.449744640512804;[[7299.42, 7307.94, 7291.58, 7297.69, 7312.24, 7315.34, 7284.5, 7280.26, 7316.23, 7330.77, 7375.17, 7388.38, 7415.41]];[[7271.824300683334, 7261.082022416667, 7255.402344093333, 7268.176361376667, 7288.101533749999, 7282.80670502, 7269.632336196667, 7273.959107279999, 7247.162018116666, 7262.2821614233335, 7256.019171293334, 7255.184301159999, 7263.450956863333]];2016-10-09 12:00:00;2017-01-01 12:00:00;"{""strategy"": {""combine"": ""trimmed_mean"", ""pool"": ""pool1"", ""trim_pct"": 0.2}, ""origin"": ""baseline"", ""loop"": {""final_attempt"": ""a5"", ""strategy"": {""combine"": ""trimmed_mean"", ""pool"": ""pool1"", ""trim_pct"": 0.2}, ""iterations_used"": 1, ""stop_reason"": ""laya_accept"", ""trace"": []}, ""score"": 0.1213, ""gate_scores"": null}";baseline;1;laya_accept;0.007998014938853232;74.17724872180496;laya_multilingual_laya_v5_reasoning_text
180;13;orchestrator_laya_laya_v5_reasoning;0.01445717511757013;41.666666666666664;0.01458842300780547;145.23555615189457;0.014588341103347467;129.922417303846;[[8859.673, 8863.5, 8867.55, 8852.3, 8897.4, 8915.51, 8942.89, 9002.82, 9002.66, 9020.31, 9033.94, 9050.97, 9041.96]];[[8796.244433953334, 8806.149458453334, 8802.065931093333, 8811.594634876667, 8819.408384846667, 8825.892376226666, 8826.729291233334, 8825.348352573334, 8830.419043556665, 8830.572632226666, 8828.549708546667, 8828.049004876666, 8831.468322586667]];2016-10-09 12:00:00;2017-01-01 12:00:00;"{""strategy"": {""combine"": ""trimmed_mean"", ""pool"": ""pool1"", ""trim_pct"": 0.2}, ""origin"": ""baseline"", ""loop"": {""final_attempt"": ""a5"", ""strategy"": {""combine"": ""trimmed_mean"", ""pool"": ""pool1"", ""trim_pct"": 0.2}, ""iterations_used"": 1, ""stop_reason"": ""laya_accept"", ""trace"": []}, ""score"": -0.0429, ""gate_scores"": null}";baseline;1;laya_accept;0.01458842300780547;145.23555615189457;laya_multilingual_laya_v5_reasoning_text
181;13;orchestrator_laya_laya_v5_reasoning;0.18304332346661725;33.333333333333336;0.20506503218374494;289.9751576581232;0.20505714695534177;266.7187821994872;[[1375.3, 1376.8, 1377.8, 1382.1, 1392.3, 1392.1, 1472.6, 1476.2, 1488.5, 1487.9, 1491.4, 1494.2, 1492.8]];[[1327.4457447433333, 1226.7819266533334, 1206.2037095399999, 1194.6859361400002, 1189.38366993, 1184.5279286266666, 1193.3927418666665, 1179.9398889699999, 1164.9843913333334, 1158.8116269299999, 1098.38848934, 1062.3841956266667, 1045.7255817066668]];2014-10-12 12:00:00;2015-01-04 12:00:00;"{""strategy"": {""combine"": ""trimmed_mean"", ""pool"": ""pool1"", ""trim_pct"": 0.2}, ""origin"": ""baseline"", ""loop"": {""final_attempt"": ""a5"", ""strategy"": {""combine"": ""trimmed_mean"", ""pool"": ""pool1"", ""trim_pct"": 0.2}, ""iterations_used"": 1, ""stop_reason"": ""laya_accept"", ""trace"": []}, ""score"": 0.2338, ""gate_scores"": null}";baseline;1;laya_accept;0.20506503218374494;289.9751576581232;laya_multilingual_laya_v5_reasoning_text
182;13;orchestrator_laya_laya_v5_reasoning;0.019385324653317108;41.666666666666664;0.01961233565977668;132.6261076880119;0.019612176849004972;121.10288585974348;[[6149.894, 6150.11, 6155.6, 6138.53, 6183.63, 6193.33, 6221.22, 6264.96, 6279.38, 6266.2, 6277.7, 6299.44, 6296.1]];[[6083.068025213334, 6094.218740293333, 6087.159982393333, 6094.474876203334, 6104.88995447, 6104.521533836666, 6107.847284306667, 6100.596707233333, 6102.711341226667, 6105.261493206667, 6104.819934193333, 6104.987030133333, 6107.199581113334]];2016-10-09 12:00:00;2017-01-01 12:00:00;"{""strategy"": {""combine"": ""trimmed_mean"", ""pool"": ""pool1"", ""trim_pct"": 0.2}, ""origin"": ""baseline"", ""loop"": {""final_attempt"": ""a5"", ""strategy"": {""combine"": ""trimmed_mean"", ""pool"": ""pool1"", ""trim_pct"": 0.2}, ""iterations_used"": 1, ""stop_reason"": ""laya_accept"", ""trace"": []}, ""score"": -0.08, ""gate_scores"": null}";baseline;1;laya_accept;0.01961233565977668;132.6261076880119;laya_multilingual_laya_v5_reasoning_text
183;13;orchestrator_laya_laya_v5_reasoning;0.004244281377690263;91.66666666666667;0.004258282562867479;24.955425795906855;0.004258236897218965;19.854000913538375;[[4617.5212, 4622.402, 4618.642, 4618.395, 4642.408, 4655.815, 4667.141, 4665.69, 4673.901, 4688.093, 4691.17, 4685.57, 4695.057]];[[4616.293659696, 4626.962665435999, 4619.413172185999, 4625.28587519, 4639.6196211179995, 4644.897784299999, 4645.271568372001, 4634.726487078, 4646.014417498, 4651.96143143, 4656.382721778, 4649.34583632, 4651.973373346]];2016-10-09 12:00:00;2017-01-01 12:00:00;"{""strategy"": {""combine"": ""mean"", ""pool"": ""pool1""}, ""origin"": ""baseline"", ""loop"": {""final_attempt"": ""a4"", ""strategy"": {""combine"": ""mean"", ""pool"": ""pool1""}, ""iterations_used"": 1, ""stop_reason"": ""laya_accept"", ""trace"": []}, ""score"": -0.0453, ""gate_scores"": null}";baseline;1;laya_accept;0.004258282562867479;24.955425795906855;laya_multilingual_laya_v5_reasoning_text
184;13;orchestrator_laya_laya_v5_reasoning;0.004455847907553477;83.33333333333333;0.004469157022167213;22.193980657391656;0.0044691027350711645;18.39614647717949;[[4072.7233, 4076.188, 4069.913, 4070.042, 4094.539, 4108.687, 4119.744, 4116.913, 4129.048, 4145.197, 4147.169, 4139.36, 4147.867]];[[4078.228513655555, 4086.3868546755557, 4074.015459872223, 4079.5417152611117, 4096.180212485556, 4099.553779466666, 4098.336947896667, 4099.707013606666, 4107.656922728889, 4112.024443682222, 4114.724573493334, 4105.251165356666, 4108.527705515556]];2016-10-09 12:00:00;2017-01-01 12:00:00;"{""strategy"": {""combine"": ""mean"", ""pool"": ""pool3""}, ""origin"": ""baseline"", ""loop"": {""final_attempt"": ""a8"", ""strategy"": {""combine"": ""mean"", ""pool"": ""pool3""}, ""iterations_used"": 1, ""stop_reason"": ""laya_accept"", ""trace"": []}, ""score"": -0.056, ""gate_scores"": null}";baseline;1;laya_accept;0.004469157022167213;22.193980657391656;laya_multilingual_laya_v5_reasoning_text
185;13;orchestrator_laya_laya_v5_reasoning;0.02792366795870538;58.333333333333336;0.028355063836353205;51.77532204324498;0.028354251441692385;49.484679191817335;[[1748.375, 1751.22, 1751.02, 1745.18, 1741.27, 1748.73, 1765.75, 1777.61, 1775.46, 1783.09, 1789.27, 1794.1, 1794.38]];[[1709.1364859753312, 1709.905599869352, 1710.933966625325, 1711.86141684381, 1714.282644805668, 1717.1367731328587, 1719.8069567036653, 1720.1133326206887, 1721.5822746229705, 1722.78092649663, 1723.4370511707532, 1723.5433575113748, 1717.6333841279472]];2016-10-09 12:00:00;2017-01-01 12:00:00;"{""strategy"": {""combine"": ""mean"", ""pool"": ""pool_full""}, ""origin"": ""baseline"", ""loop"": {""final_attempt"": ""a1"", ""strategy"": {""combine"": ""mean"", ""pool"": ""pool_full""}, ""iterations_used"": 1, ""stop_reason"": ""laya_accept"", ""trace"": []}, ""score"": 0.75, ""gate_scores"": null}";baseline;1;laya_accept;0.028355063836353205;51.77532204324498;laya_multilingual_laya_v5_reasoning_text
186;13;orchestrator_laya_laya_v5_reasoning;0.07328911893895894;58.333333333333336;0.07651041446854603;73.4101342909311;0.07650615126656016;68.67981701153845;[[942.8, 948.4, 944.3, 940.1, 945.4, 960.0, 936.4, 939.7, 939.3, 934.4, 920.4, 913.7, 937.7]];[[915.23415276, 915.63872246, 908.79620145, 896.15783154, 886.38462462, 878.20824044, 871.58096578, 856.958957, 845.29147275, 845.06516445, 831.04002023, 834.70818055, 824.69784482]];2016-10-23 12:00:00;2017-01-15 12:00:00;"{""strategy"": {""combine"": ""median"", ""pool"": ""pool_full""}, ""origin"": ""baseline"", ""loop"": {""final_attempt"": ""a2"", ""strategy"": {""combine"": ""median"", ""pool"": ""pool_full""}, ""iterations_used"": 1, ""stop_reason"": ""laya_accept"", ""trace"": []}, ""score"": 0.4362, ""gate_scores"": null}";baseline;1;laya_accept;0.07651041446854603;73.4101342909311;laya_multilingual_laya_v5_reasoning_text
187;13;orchestrator_laya_laya_v5_reasoning;0.013574058368762605;50.0;0.013478133219424863;36.7099020815982;0.01347782786674631;29.74757214384618;[[2235.0, 2247.0, 2197.0, 2225.0, 2192.0, 2240.0, 2149.0, 2191.0, 2159.0, 2176.0, 2252.0, 2201.0, 2227.0]];[[2246.02001269, 2259.28006539, 2235.82217462, 2221.94225044, 2220.91766863, 2250.77760421, 2211.26872535, 2207.13214324, 2216.93005626, 2239.78591687, 2199.48330062, 2219.54817519, 2216.33855352]];2016-10-23 12:00:00;2017-01-15 12:00:00;"{""strategy"": {""combine"": ""median"", ""pool"": ""pool_full""}, ""origin"": ""baseline"", ""loop"": {""final_attempt"": ""a2"", ""strategy"": {""combine"": ""median"", ""pool"": ""pool_full""}, ""iterations_used"": 1, ""stop_reason"": ""laya_accept"", ""trace"": []}, ""score"": 0.2558, ""gate_scores"": null}";baseline;1;laya_accept;0.013478133219424863;36.7099020815982;laya_multilingual_laya_v5_reasoning_text
188;13;orchestrator_laya_laya_v5_reasoning;0.07681418768140733;50.0;0.08078711338335243;194.87034042164186;0.08078519655772858;170.32653610145297;[[2128.0, 2141.0, 2165.0, 2108.0, 2221.0, 2365.0, 2180.0, 2244.0, 2272.0, 2246.0, 2038.0, 1965.0, 2069.0]];[[2025.4339887211108, 2020.678623841111, 2004.6552366433332, 2013.6033419877776, 2009.2283003799998, 2020.1653314366667, 1985.480110628889, 1987.5863521633337, 1983.7536381044442, 1984.7063910533334, 1969.2277746299999, 1956.9531157322224, 1966.282825358889]];2016-10-23 12:00:00;2017-01-15 12:00:00;"{""strategy"": {""combine"": ""mean"", ""pool"": ""pool3""}, ""origin"": ""baseline"", ""loop"": {""final_attempt"": ""a8"", ""strategy"": {""combine"": ""mean"", ""pool"": ""pool3""}, ""iterations_used"": 1, ""stop_reason"": ""laya_accept"", ""trace"": []}, ""score"": 0.2513, ""gate_scores"": null}";baseline;1;laya_accept;0.08078711338335243;194.87034042164186;laya_multilingual_laya_v5_reasoning_text
189;13;orchestrator_laya_laya_v5_reasoning;0.01574825675994839;58.333333333333336;0.015795318226553647;8.370096882230158;0.015793513402591403;6.917601504153849;[[456.6855011, 460.7204403, 453.8686316, 441.8651676, 445.577063, 453.0822772, 437.6623557, 439.8819108, 430.3451587, 426.0420738, 419.6364978, 411.3800853, 418.5663313]];[[447.938275882, 448.61010095, 446.74409000799994, 443.15141728199995, 440.48591697800003, 438.03065358599997, 434.84273864799997, 431.4898447240001, 429.912854908, 426.81202938999996, 427.201882728, 425.85627529600004, 424.62850794200006]];2016-10-23 12:00:00;2017-01-15 12:00:00;"{""strategy"": {""combine"": ""trimmed_mean"", ""pool"": ""pool2"", ""trim_pct"": 0.2}, ""origin"": ""baseline"", ""loop"": {""final_attempt"": ""a7"", ""strategy"": {""combine"": ""trimmed_mean"", ""pool"": ""pool2"", ""trim_pct"": 0.2}, ""iterations_used"": 1, ""stop_reason"": ""laya_accept"", ""trace"": []}, ""score"": -0.0135, ""gate_scores"": null}";baseline;1;laya_accept;0.015795318226553647;8.370096882230158;laya_multilingual_laya_v5_reasoning_text
190;13;orchestrator_laya_laya_v5_reasoning;0.05773569823504094;83.33333333333333;0.060188854674546904;519.1944207372005;0.060188433334578524;430.11072690953876;[[6635.2293, 6711.3531, 6879.4553, 7031.4599, 7280.6471, 7287.6782, 7199.4766, 7075.0888, 7495.1075, 7853.2658, 7738.1914, 7432.3491, 7384.1148]];[[6730.381950444001, 6674.064180899999, 6749.823715365999, 6801.700527251999, 6870.356231653999, 6892.939898594001, 6892.313013022, 6861.280683735999, 6840.610742696001, 6868.287344956001, 6857.085219134, 6797.885827178, 6765.553416132]];2016-10-23 12:00:00;2017-01-15 12:00:00;"{""strategy"": {""combine"": ""mean"", ""pool"": ""pool1""}, ""origin"": ""baseline"", ""loop"": {""final_attempt"": ""a4"", ""strategy"": {""combine"": ""mean"", ""pool"": ""pool1""}, ""iterations_used"": 1, ""stop_reason"": ""laya_accept"", ""trace"": []}, ""score"": 0.483, ""gate_scores"": null}";baseline;1;laya_accept;0.060188854674546904;519.1944207372005;laya_multilingual_laya_v5_reasoning_text
191;13;orchestrator_laya_laya_v5_reasoning;0.031958468475544;75.0;0.030981443102099507;48.003619361252625;0.030980053376642527;34.540731824285714;[[1160.330918, 1165.783708, 1130.218848, 1144.012678, 1116.237318, 1143.744038, 1056.720308, 1119.294178, 1064.618758, 1048.372548, 1135.591008, 1105.256478, 1120.579848]];[[1160.6734694814288, 1165.6464069885715, 1159.882371102857, 1145.97281652, 1131.8781655928572, 1155.4647639185716, 1153.2118273442857, 1153.6672634171427, 1139.3518525014285, 1147.6090151114288, 1152.3101748457143, 1148.570182767143, 1145.2772361014288]];2016-10-23 12:00:00;2017-01-15 12:00:00;"{""strategy"": {""combine"": ""mean"", ""pool"": ""pool2""}, ""origin"": ""baseline"", ""loop"": {""final_attempt"": ""a6"", ""strategy"": {""combine"": ""mean"", ""pool"": ""pool2""}, ""iterations_used"": 1, ""stop_reason"": ""laya_accept"", ""trace"": []}, ""score"": 0.4804, ""gate_scores"": null}";baseline;1;laya_accept;0.030981443102099507;48.003619361252625;laya_multilingual_laya_v5_reasoning_text
192;13;orchestrator_laya_laya_v5_reasoning;0.022759441271485978;58.333333333333336;0.022817613168706587;159.46651540211383;0.02281742030042327;134.99409086784607;[[5897.9498, 5780.9284, 5693.2279, 5734.5912, 5836.8002, 5884.0807, 5840.0028, 5820.8905, 5977.0669, 6176.512, 6055.0658, 6023.6219, 6056.9425]];[[6006.47164981, 5943.45355043, 5938.2193643460005, 5896.299045444, 5868.163788822, 5893.873447036, 5861.385791672001, 5897.6853509659995, 5887.492292620001, 5875.702353004, 5863.798929384, 5856.910366464001, 5867.462465772]];2016-10-23 12:00:00;2017-01-15 12:00:00;"{""strategy"": {""combine"": ""trimmed_mean"", ""pool"": ""pool2"", ""trim_pct"": 0.2}, ""origin"": ""baseline"", ""loop"": {""final_attempt"": ""a7"", ""strategy"": {""combine"": ""trimmed_mean"", ""pool"": ""pool2"", ""trim_pct"": 0.2}, ""iterations_used"": 1, ""stop_reason"": ""laya_accept"", ""trace"": []}, ""score"": 0.3042, ""gate_scores"": null}";baseline;1;laya_accept;0.022817613168706587;159.46651540211383;laya_multilingual_laya_v5_reasoning_text
193;13;orchestrator_laya_laya_v5_reasoning;0.026803932296851598;41.666666666666664;0.027274608951137334;15.452614134473738;0.027271844909422253;13.456423213846161;[[483.26481, 501.30087, 495.69513, 505.966605, 490.018459, 506.016419, 506.059303, 488.243623, 494.494998, 507.554868, 508.900208, 491.403635, 498.588915]];[[488.4031126, 488.95344057, 483.2182438, 477.23886622, 479.86179293, 492.76109627, 482.52404204, 485.23843178, 487.78565461, 489.34311857, 486.62980662, 486.72850139, 484.16483902]];2016-10-23 12:00:00;2017-01-15 12:00:00;"{""strategy"": {""combine"": ""median"", ""pool"": ""pool_full""}, ""origin"": ""baseline"", ""loop"": {""final_attempt"": ""a2"", ""strategy"": {""combine"": ""median"", ""pool"": ""pool_full""}, ""iterations_used"": 1, ""stop_reason"": ""laya_accept"", ""trace"": []}, ""score"": 0.0722, ""gate_scores"": null}";baseline;1;laya_accept;0.027274608951137334;15.452614134473738;laya_multilingual_laya_v5_reasoning_text
194;13;orchestrator_laya_laya_v5_reasoning;0.07603967991839058;41.666666666666664;0.07931345416053116;77.90575061837508;0.07930924036645223;74.65023265142858;[[984.43264, 1007.22011, 977.57691, 956.13304, 989.18684, 978.19025, 972.65437, 932.85298, 995.85932, 965.36357, 978.65649, 978.76934, 995.1377]];[[919.8566783642858, 899.3506845042857, 899.0059120714286, 887.4752038942858, 879.3719652957142, 887.5322857242858, 885.7203469542857, 901.5782549085715, 903.5386842357142, 920.27935826, 920.2793888814284, 918.9635275257143, 918.6282449114286]];2016-10-23 12:00:00;2017-01-15 12:00:00;"{""strategy"": {""combine"": ""trimmed_mean"", ""pool"": ""pool3"", ""trim_pct"": 0.2}, ""origin"": ""baseline"", ""loop"": {""final_attempt"": ""a9"", ""strategy"": {""combine"": ""trimmed_mean"", ""pool"": ""pool3"", ""trim_pct"": 0.2}, ""iterations_used"": 1, ""stop_reason"": ""laya_accept"", ""trace"": []}, ""score"": 0.6674, ""gate_scores"": null}";baseline;1;laya_accept;0.07931345416053116;77.90575061837508;laya_multilingual_laya_v5_reasoning_text
195;13;orchestrator_laya_laya_v5_reasoning;0.12906934334577952;33.333333333333336;0.13975853874159022;1407.8590291698272;0.1397577848101055;1296.296482408901;[[9829.0437, 9985.4137, 10293.6715, 10359.0839, 9848.4779, 9843.3371, 9851.5289, 10083.1847, 9901.8945, 10063.8348, 9912.0124, 9947.1883, 10295.3118]];[[9462.243192801428, 9361.437772289999, 9219.805603862858, 9174.578767585714, 9107.088870497142, 8937.185895028571, 8728.393362085715, 8539.382870511428, 8420.727896895714, 8296.881174231428, 8152.33147559857, 8028.027091877143, 7934.044955418572]];2016-10-23 12:00:00;2017-01-15 12:00:00;"{""strategy"": {""combine"": ""mean"", ""pool"": ""pool2""}, ""origin"": ""baseline"", ""loop"": {""final_attempt"": ""a6"", ""strategy"": {""combine"": ""mean"", ""pool"": ""pool2""}, ""iterations_used"": 1, ""stop_reason"": ""laya_accept"", ""trace"": []}, ""score"": 0.4277, ""gate_scores"": null}";baseline;1;laya_accept;0.13975853874159022;1407.8590291698272;laya_multilingual_laya_v5_reasoning_text
196;13;orchestrator_laya_laya_v5_reasoning;0.1764793954283699;16.666666666666668;0.1936793181741692;603.338809555115;0.19367619732231328;601.1270242763085;[[3349.318574, 3535.511928, 3464.898719, 3501.769843, 3412.296678, 3438.179535, 3346.9989, 3340.722945, 3385.474665, 3372.953029, 3373.89518, 3370.010094, 3361.798917]];[[2878.0509824435467, 2867.1853556878928, 2887.474139754773, 2850.230605518707, 2813.001482323732, 2785.272846800987, 2768.4051047293874, 2784.830437121846, 2738.235571740373, 2765.091217178571, 2735.042249657895, 2769.4061447906474, 2796.9515536596327]];2016-10-23 12:00:00;2017-01-15 12:00:00;"{""strategy"": {""combine"": ""mean"", ""pool"": ""pool_full""}, ""origin"": ""baseline"", ""loop"": {""final_attempt"": ""a1"", ""strategy"": {""combine"": ""mean"", ""pool"": ""pool_full""}, ""iterations_used"": 1, ""stop_reason"": ""laya_accept"", ""trace"": []}, ""score"": 0.7056, ""gate_scores"": null}";baseline;1;laya_accept;0.1936793181741692;603.338809555115;laya_multilingual_laya_v5_reasoning_text
197;13;orchestrator_laya_laya_v5_reasoning;0.05111250181331547;41.666666666666664;0.05269625014004598;147.15474519397034;0.05269517831186405;129.5867734227351;[[2494.02866, 2504.633975, 2516.196395, 2459.919613, 2562.934537, 2680.654134, 2526.370987, 2563.657085, 2549.711739, 2523.642748, 2295.089991, 2323.388696, 2404.942722]];[[2423.5406442711114, 2396.894956368889, 2382.394298658889, 2386.596178732222, 2376.3628325011105, 2384.48924829, 2365.1460710633337, 2377.157698338889, 2377.5461305577774, 2383.9153368566663, 2371.487376627778, 2371.122382932222, 2372.152217425555]];2016-10-23 12:00:00;2017-01-15 12:00:00;"{""strategy"": {""combine"": ""mean"", ""pool"": ""pool3""}, ""origin"": ""baseline"", ""loop"": {""final_attempt"": ""a8"", ""strategy"": {""combine"": ""mean"", ""pool"": ""pool3""}, ""iterations_used"": 1, ""stop_reason"": ""laya_accept"", ""trace"": []}, ""score"": 0.084, ""gate_scores"": null}";baseline;1;laya_accept;0.05269625014004598;147.15474519397034;laya_multilingual_laya_v5_reasoning_text
198;13;orchestrator_laya_laya_v5_reasoning;0.05664895292569983;50.0;0.057041053653287745;51.56902423879841;0.05703743737688924;45.059352045384635;[[853.411584, 717.379492, 739.09963, 715.596157, 753.511419, 764.419871, 759.384134, 791.933924, 759.283655, 774.301921, 848.021256, 804.524732, 889.772763]];[[794.16915903, 780.78576129, 758.4484106, 751.74544116, 799.46296556, 794.92935594, 792.04089195, 778.14140781, 805.37001955, 787.21402834, 768.70725207, 761.01659161, 786.87886728]];2016-10-23 12:00:00;2017-01-15 12:00:00;"{""strategy"": {""combine"": ""median"", ""pool"": ""pool_full""}, ""origin"": ""baseline"", ""loop"": {""final_attempt"": ""a2"", ""strategy"": {""combine"": ""median"", ""pool"": ""pool_full""}, ""iterations_used"": 1, ""stop_reason"": ""laya_accept"", ""trace"": []}, ""score"": 0.0725, ""gate_scores"": null}";baseline;1;laya_accept;0.057041053653287745;51.56902423879841;laya_multilingual_laya_v5_reasoning_text
199;13;orchestrator_laya_laya_v5_reasoning;0.0931302799603897;66.66666666666667;0.08851921203138985;201.95390219558502;0.08851649403270596;145.98937070615386;[[1847.36095, 1741.76012, 1857.16426, 1737.89313, 1834.76119, 1945.47024, 1795.47817, 1859.5506, 1993.599, 1853.21632, 1763.33719, 1134.09872, 1700.70876]];[[1620.33789675, 1591.42733479, 1627.1172906, 1679.64162905, 1729.81882353, 1720.11084858, 1747.08524552, 1803.76819016, 1830.04907987, 1834.35035704, 1702.9458465, 1683.38826312, 1695.07511155]];2016-10-23 12:00:00;2017-01-15 12:00:00;"{""strategy"": {""combine"": ""median"", ""pool"": ""pool_full""}, ""origin"": ""baseline"", ""loop"": {""final_attempt"": ""a2"", ""strategy"": {""combine"": ""median"", ""pool"": ""pool_full""}, ""iterations_used"": 1, ""stop_reason"": ""laya_accept"", ""trace"": []}, ""score"": 0.2626, ""gate_scores"": null}";baseline;1;laya_accept;0.08851921203138985;201.95390219558502;laya_multilingual_laya_v5_reasoning_text
200;13;orchestrator_laya_laya_v5_reasoning;0.16635109098655226;66.66666666666667;0.18234762943726765;337.76467872271945;0.1823425789827895;329.2992683776923;[[1967.0, 2006.0, 2007.0, 1992.0, 1974.0, 1963.0, 1958.0, 1941.0, 1986.0, 1972.0, 1970.0, 1973.0, 2025.0]];[[1844.0544333666667, 1767.990772926667, 1708.6158578766665, 1679.7039515333333, 1659.4451876, 1621.7715206166667, 1596.7055323000002, 1585.6034864700002, 1590.71452554, 1600.5656827533337, 1597.4871384766666, 1601.9300126033331, 1598.5214090266666]];2016-10-23 12:00:00;2017-01-15 12:00:00;"{""strategy"": {""combine"": ""trimmed_mean"", ""pool"": ""pool1"", ""trim_pct"": 0.2}, ""origin"": ""baseline"", ""loop"": {""final_attempt"": ""a5"", ""strategy"": {""combine"": ""trimmed_mean"", ""pool"": ""pool1"", ""trim_pct"": 0.2}, ""iterations_used"": 1, ""stop_reason"": ""laya_accept"", ""trace"": []}, ""score"": 0.5458, ""gate_scores"": null}";baseline;1;laya_accept;0.18234762943726765;337.76467872271945;laya_multilingual_laya_v5_reasoning_text
201;13;orchestrator_laya_laya_v5_reasoning;0.04204398593579888;41.666666666666664;0.04307690683020245;187.97419246199286;0.04307638010562434;176.17542072161567;[[4203.0, 4253.0, 4204.0, 4217.0, 4166.0, 4203.0, 4106.0, 4133.0, 4145.0, 4147.0, 4222.0, 4175.0, 4252.0]];[[4062.13908394, 4052.323814159852, 4052.253590316418, 4052.183366472984, 4052.1131426295497, 3878.75962053, 3860.36948176, 3948.9792275544123, 4051.8322472558134, 4051.762023412379, 3969.83100498, 4051.621575725511, 4051.5513518820767]];2016-10-23 12:00:00;2017-01-15 12:00:00;"{""strategy"": {""combine"": ""median"", ""pool"": ""pool_full""}, ""origin"": ""baseline"", ""loop"": {""final_attempt"": ""a2"", ""strategy"": {""combine"": ""median"", ""pool"": ""pool_full""}, ""iterations_used"": 1, ""stop_reason"": ""laya_accept"", ""trace"": []}, ""score"": 0.6361, ""gate_scores"": null}";baseline;1;laya_accept;0.04307690683020245;187.97419246199286;laya_multilingual_laya_v5_reasoning_text
202;13;orchestrator_laya_laya_v5_reasoning;0.08576438402674344;33.333333333333336;0.08013993649320564;511.7285176131226;0.08013915356237973;410.61282180912076;[[5510.0, 5380.0, 5370.0, 5260.0, 5250.0, 5110.0, 5260.0, 5050.0, 4770.0, 4630.0, 4340.0, 4720.0, 5060.0]];[[5528.231758075714, 5552.366324461429, 5563.799911444286, 5476.181458804285, 5413.29178539, 5462.61700919, 5439.117680367143, 5435.026441261428, 5440.3207593285715, 5423.747847602856, 5451.828539805714, 5431.467962989999, 5429.969204797142]];2016-10-23 12:00:00;2017-01-15 12:00:00;"{""strategy"": {""combine"": ""trimmed_mean"", ""pool"": ""pool3"", ""trim_pct"": 0.2}, ""origin"": ""baseline"", ""loop"": {""final_attempt"": ""a9"", ""strategy"": {""combine"": ""trimmed_mean"", ""pool"": ""pool3"", ""trim_pct"": 0.2}, ""iterations_used"": 1, ""stop_reason"": ""laya_accept"", ""trace"": []}, ""score"": 0.6046, ""gate_scores"": null}";baseline;1;laya_accept;0.08013993649320564;511.7285176131226;laya_multilingual_laya_v5_reasoning_text
203;13;orchestrator_laya_laya_v5_reasoning;0.002208992751491744;66.66666666666667;0.0022071322870211713;19.455179338405937;0.00220711724074133;16.18819859153861;[[7304.0, 7318.9, 7362.3, 7295.9, 7296.4, 7304.9, 7339.5, 7345.8, 7326.6, 7325.2, 7360.2, 7382.9, 7378.7]];[[7305.78083388, 7340.11037079, 7360.57488466, 7321.93429491, 7321.73466967, 7340.65132057, 7347.02256963, 7338.44478156, 7337.61142069, 7347.71543648, 7363.23464066, 7357.56718955, 7356.86211982]];2015-08-23 12:00:00;2015-11-15 12:00:00;"{""strategy"": {""combine"": ""median"", ""pool"": ""pool_full""}, ""origin"": ""baseline"", ""loop"": {""final_attempt"": ""a2"", ""strategy"": {""combine"": ""median"", ""pool"": ""pool_full""}, ""iterations_used"": 1, ""stop_reason"": ""laya_accept"", ""trace"": []}, ""score"": 0.0009, ""gate_scores"": null}";baseline;1;laya_accept;0.0022071322870211713;19.455179338405937;laya_multilingual_laya_v5_reasoning_text
204;13;orchestrator_laya_laya_v5_reasoning;0.03171081229522844;58.333333333333336;0.03243458683960927;529.2220938565594;0.03243446782023204;442.2468471683077;[[12491.95, 13013.34, 13209.75, 12981.0, 13537.85, 13132.64, 13691.5, 13967.95, 13867.98, 13856.59, 14381.13, 14510.66, 14226.31]];[[12536.526799414, 12798.143857342, 12954.958257724002, 12985.198984065999, 12870.363402118, 13065.006675814, 13214.536506558, 13384.027144558, 13320.266783832, 13357.469978505998, 13496.034825123998, 13604.631431111999, 13629.827907604]];2016-11-27 12:00:00;2017-02-19 12:00:00;"{""strategy"": {""combine"": ""mean"", ""pool"": ""pool1""}, ""origin"": ""baseline"", ""loop"": {""final_attempt"": ""a4"", ""strategy"": {""combine"": ""mean"", ""pool"": ""pool1""}, ""iterations_used"": 1, ""stop_reason"": ""laya_accept"", ""trace"": []}, ""score"": 0.1643, ""gate_scores"": null}";baseline;1;laya_accept;0.03243458683960927;529.2220938565594;laya_multilingual_laya_v5_reasoning_text
205;13;orchestrator_laya_laya_v5_reasoning;0.10473443675095793;58.333333333333336;0.11211915818990442;151.6753251546961;0.11211401141719782;122.55410648276923;[[1050.5, 1093.4, 1222.0, 1223.7, 1043.1, 930.1, 1070.1, 1341.0, 966.5, 1052.4, 938.6, 1193.9, 1217.3]];[[991.67730708, 1013.976418296, 995.9159326199999, 1044.77540233, 1019.828286818, 1012.8479176999999, 997.2752784500001, 1013.307242386, 995.4569935019999, 992.8513858919999, 999.1165383240001, 1008.5594625159999, 1008.251348862]];2016-11-27 12:00:00;2017-02-19 12:00:00;"{""strategy"": {""combine"": ""mean"", ""pool"": ""pool1""}, ""origin"": ""baseline"", ""loop"": {""final_attempt"": ""a4"", ""strategy"": {""combine"": ""mean"", ""pool"": ""pool1""}, ""iterations_used"": 1, ""stop_reason"": ""laya_accept"", ""trace"": []}, ""score"": 0.549, ""gate_scores"": null}";baseline;1;laya_accept;0.11211915818990442;151.6753251546961;laya_multilingual_laya_v5_reasoning_text
206;13;orchestrator_laya_laya_v5_reasoning;0.09867984858404369;50.0;0.10925850451580699;2504.3453311815456;0.10925812489734803;1597.2580104478022;[[11744.3, 11322.8, 11200.7, 12733.5, 14568.8, 20567.8, 16736.3, 13883.6, 13380.5, 13299.4, 15151.2, 14482.4, 14773.8]];[[10897.82584924, 11699.62768724143, 11645.494539874284, 11748.643648108571, 12390.51618483714, 13126.633923841428, 13046.539152472857, 13147.13929708714, 13178.237138222858, 13390.705234137142, 13351.306962127144, 13499.709509674285, 13784.22165982]];2016-11-27 12:00:00;2017-02-19 12:00:00;"{""strategy"": {""combine"": ""trimmed_mean"", ""pool"": ""pool3"", ""trim_pct"": 0.2}, ""origin"": ""baseline"", ""loop"": {""final_attempt"": ""a9"", ""strategy"": {""combine"": ""trimmed_mean"", ""pool"": ""pool3"", ""trim_pct"": 0.2}, ""iterations_used"": 1, ""stop_reason"": ""laya_accept"", ""trace"": []}, ""score"": 0.4099, ""gate_scores"": null}";baseline;1;laya_accept;0.10925850451580699;2504.3453311815456;laya_multilingual_laya_v5_reasoning_text
207;13;orchestrator_laya_laya_v5_reasoning;0.08012525799723817;75.0;0.07696968308784112;2389.192961602261;0.07696953186476402;1968.559913656667;[[29018.3, 25380.9, 24903.8, 27184.9, 23801.6, 22076.0, 21381.2, 24022.8, 28176.7, 30520.0, 23750.7, 25196.6, 29393.0]];[[28442.682290704444, 25543.853528301108, 25305.527295611115, 25562.92612922, 27392.057165945553, 25826.543968644444, 25579.30013608778, 25794.300143146666, 27713.59304011111, 27472.003601532222, 26554.244445603334, 26150.31839458889, 27142.96113882444]];2016-11-27 12:00:00;2017-02-19 12:00:00;"{""strategy"": {""combine"": ""mean"", ""pool"": ""pool3""}, ""origin"": ""baseline"", ""loop"": {""final_attempt"": ""a8"", ""strategy"": {""combine"": ""mean"", ""pool"": ""pool3""}, ""iterations_used"": 1, ""stop_reason"": ""laya_accept"", ""trace"": []}, ""score"": 0.1737, ""gate_scores"": null}";baseline;1;laya_accept;0.07696968308784112;2389.192961602261;laya_multilingual_laya_v5_reasoning_text
208;13;orchestrator_laya_laya_v5_reasoning;0.7496439325778427;0.0;1.2121681827682158;3041.5898212525417;1.2121437610419608;3024.995377090935;[[4185.45, 4185.45, 4185.45, 4185.45, 4185.45, 3944.18, 3944.18, 3944.18, 3944.18, 3944.18, 3944.18, 3944.18, 3944.18]];[[1357.7734330957585, 1328.8419557181087, 1294.362867894071, 1251.7971564861807, 299.5053805552463, 561.7571379178814, 741.677995260096, 852.7015764427451, 931.0349543259881, 990.0913679173507, 1036.33816238284, 1073.4100566121294, 1436.4580532094442]];2016-11-27 12:00:00;2017-02-19 12:00:00;"{""strategy"": {""combine"": ""mean"", ""pool"": ""pool1""}, ""origin"": ""baseline"", ""loop"": {""final_attempt"": ""a4"", ""strategy"": {""combine"": ""mean"", ""pool"": ""pool1""}, ""iterations_used"": 1, ""stop_reason"": ""laya_accept"", ""trace"": []}, ""score"": 0.0763, ""gate_scores"": null}";baseline;1;laya_accept;1.2121681827682158;3041.5898212525417;laya_multilingual_laya_v5_reasoning_text
209;13;orchestrator_laya_laya_v5_reasoning;0.12272502978391348;75.0;0.13199513812540656;1236.1964463522118;0.13199437734239816;1145.6008636033337;[[8204.21, 8496.79, 8690.18, 8796.65, 9308.62, 8889.88, 9285.78, 9353.08, 9523.59, 9788.87, 9638.59, 9552.7, 9535.58]];[[7930.323468376667, 8023.5390739233335, 8058.302032366667, 8018.77585117, 8042.014340083333, 7996.828773266666, 8026.262055843334, 8028.762757653333, 7992.854846359999, 8011.802568173333, 8021.819737076666, 8013.577436686667, 8006.845832176667]];2016-11-27 12:00:00;2017-02-19 12:00:00;"{""strategy"": {""combine"": ""trimmed_mean"", ""pool"": ""pool1"", ""trim_pct"": 0.2}, ""origin"": ""baseline"", ""loop"": {""final_attempt"": ""a5"", ""strategy"": {""combine"": ""trimmed_mean"", ""pool"": ""pool1"", ""trim_pct"": 0.2}, ""iterations_used"": 1, ""stop_reason"": ""laya_accept"", ""trace"": []}, ""score"": 0.1345, ""gate_scores"": null}";baseline;1;laya_accept;0.13199513812540656;1236.1964463522118;laya_multilingual_laya_v5_reasoning_text
210;13;orchestrator_laya_laya_v5_reasoning;0.004636375771512973;91.66666666666667;0.004614520026515494;132.85165085659034;0.0046145086109087635;93.2910490232484;[[19138.99, 19322.67, 19505.88, 19671.03, 19823.39, 19748.99, 19869.76, 20103.52, 20304.31, 20497.56, 20640.15, 20839.37, 21017.61]];[[19148.029762062226, 19326.537758924445, 19509.645070026665, 19678.485759932224, 19834.81503373, 19971.857986636667, 20144.386481201116, 20309.54381679444, 20469.263825876667, 20624.01276584111, 20762.95102482333, 20897.06070994, 21019.42364151334]];2016-11-27 12:00:00;2017-02-19 12:00:00;"{""strategy"": {""combine"": ""mean"", ""pool"": ""pool3""}, ""origin"": ""baseline"", ""loop"": {""final_attempt"": ""a8"", ""strategy"": {""combine"": ""mean"", ""pool"": ""pool3""}, ""iterations_used"": 1, ""stop_reason"": ""laya_accept"", ""trace"": []}, ""score"": -0.1323, ""gate_scores"": null}";baseline;1;laya_accept;0.004614520026515494;132.85165085659034;laya_multilingual_laya_v5_reasoning_text
211;13;orchestrator_laya_laya_v5_reasoning;0.044609021828529175;50.0;0.0460652273491668;312.9232251842197;0.04606482306585017;262.4465802589745;[[5461.05, 5465.87, 5464.51, 5474.37, 5898.01, 5958.73, 5908.25, 5890.65, 5889.96, 5886.71, 5863.1, 5846.83, 5831.24]];[[5453.644537393334, 5462.62294922, 5486.1950578666665, 5482.726255626668, 5529.2967040133335, 5517.451371256667, 5508.404990103333, 5497.50077975, 5513.42659942, 5516.900112923333, 5507.138888426666, 5500.800946116667, 5511.447891503332]];2016-11-27 12:00:00;2017-02-19 12:00:00;"{""strategy"": {""combine"": ""trimmed_mean"", ""pool"": ""pool1"", ""trim_pct"": 0.2}, ""origin"": ""baseline"", ""loop"": {""final_attempt"": ""a5"", ""strategy"": {""combine"": ""trimmed_mean"", ""pool"": ""pool1"", ""trim_pct"": 0.2}, ""iterations_used"": 1, ""stop_reason"": ""laya_accept"", ""trace"": []}, ""score"": 0.0379, ""gate_scores"": null}";baseline;1;laya_accept;0.0460652273491668;312.9232251842197;laya_multilingual_laya_v5_reasoning_text
212;13;orchestrator_laya_laya_v5_reasoning;0.04993248671075033;66.66666666666667;0.04899088476349144;206.2661758552689;0.048990165665009286;167.081137515641;[[3232.2, 3400.7, 3606.0, 3686.4, 3553.5, 3071.9, 3189.4, 3471.8, 3135.3, 3578.1, 3467.9, 3637.1, 3466.0]];[[3270.77935737, 3364.2875529800003, 3406.3905755399996, 3391.461541653334, 3388.3949869000003, 3374.9104233366666, 3477.37072481, 3557.277470186667, 3556.5047326533336, 3509.7471216633335, 3532.2227137200002, 3590.472280123333, 3626.4434244866666]];2016-11-27 12:00:00;2017-02-19 12:00:00;"{""strategy"": {""combine"": ""trimmed_mean"", ""pool"": ""pool1"", ""trim_pct"": 0.2}, ""origin"": ""baseline"", ""loop"": {""final_attempt"": ""a5"", ""strategy"": {""combine"": ""trimmed_mean"", ""pool"": ""pool1"", ""trim_pct"": 0.2}, ""iterations_used"": 1, ""stop_reason"": ""laya_accept"", ""trace"": []}, ""score"": 0.1546, ""gate_scores"": null}";baseline;1;laya_accept;0.04899088476349144;206.2661758552689;laya_multilingual_laya_v5_reasoning_text
213;13;orchestrator_laya_laya_v5_reasoning;0.026571661542375617;66.66666666666667;0.02691875751903166;64.31817118284442;0.02691803065743983;49.87078295846151;[[1824.5, 1743.9, 1794.0, 1809.4, 1827.3, 1908.2, 1847.0, 1751.8, 1898.1, 1880.5, 1978.2, 1886.8, 1902.4]];[[1818.13971827, 1802.84071581, 1797.68972211, 1813.39433324, 1826.5511898, 1833.02396337, 1823.6679555, 1830.08895061, 1832.18104561, 1829.87572947, 1830.76494367, 1832.36984145, 1823.01915617]];2016-11-27 12:00:00;2017-02-19 12:00:00;"{""strategy"": {""combine"": ""median"", ""pool"": ""pool_full""}, ""origin"": ""baseline"", ""loop"": {""final_attempt"": ""a2"", ""strategy"": {""combine"": ""median"", ""pool"": ""pool_full""}, ""iterations_used"": 1, ""stop_reason"": ""laya_accept"", ""trace"": []}, ""score"": 0.3157, ""gate_scores"": null}";baseline;1;laya_accept;0.02691875751903166;64.31817118284442;laya_multilingual_laya_v5_reasoning_text
214;13;orchestrator_laya_laya_v5_reasoning;0.030355340198002772;41.666666666666664;0.030979275805902613;86.23960041364242;0.030978633489366417;74.70786619000015;[[2366.43, 2369.53, 2390.59, 2419.53, 2406.42, 2491.02, 2478.39, 2482.26, 2470.39, 2449.71, 2447.86, 2447.49, 2469.36]];[[2366.05967585, 2368.9315584185715, 2360.8944439885713, 2367.382082624286, 2361.360349844286, 2359.0149043171427, 2360.538425222857, 2362.5258695742855, 2365.080756607143, 2361.0509665171426, 2361.901331258571, 2362.4321635914284, 2360.6052117157137]];2016-11-27 12:00:00;2017-02-19 12:00:00;"{""strategy"": {""combine"": ""mean"", ""pool"": ""pool2""}, ""origin"": ""baseline"", ""loop"": {""final_attempt"": ""a6"", ""strategy"": {""combine"": ""mean"", ""pool"": ""pool2""}, ""iterations_used"": 1, ""stop_reason"": ""laya_accept"", ""trace"": []}, ""score"": 0.2032, ""gate_scores"": null}";baseline;1;laya_accept;0.030979275805902613;86.23960041364242;laya_multilingual_laya_v5_reasoning_text
215;13;orchestrator_laya_laya_v5_reasoning;0.021124288702866444;41.666666666666664;0.02143725958652027;80.81008520768883;0.02143692442916117;68.55927161076933;[[3140.68, 3143.77, 3165.33, 3194.56, 3177.71, 3278.54, 3265.51, 3269.02, 3257.17, 3236.28, 3234.39, 3231.67, 3247.35]];[[3143.2453259679996, 3134.928648998, 3136.5780051819997, 3138.9513569359997, 3138.3006904480003, 3134.361685666, 3138.97903313, 3144.913073696, 3157.6605903959994, 3163.206620332, 3169.497072796, 3172.9522426279996, 3182.26577482]];2016-11-27 12:00:00;2017-02-19 12:00:00;"{""strategy"": {""combine"": ""mean"", ""pool"": ""pool1""}, ""origin"": ""baseline"", ""loop"": {""final_attempt"": ""a4"", ""strategy"": {""combine"": ""mean"", ""pool"": ""pool1""}, ""iterations_used"": 1, ""stop_reason"": ""laya_accept"", ""trace"": []}, ""score"": 0.121, ""gate_scores"": null}";baseline;1;laya_accept;0.02143725958652027;80.81008520768883;laya_multilingual_laya_v5_reasoning_text
216;13;orchestrator_laya_laya_v5_reasoning;0.029350524034153155;25.0;0.029586848707869533;385.67617843499977;0.02958669460810036;284.083127090272;[[9877.09, 9890.943, 9890.0, 9800.0, 9897.0, 9700.0, 9000.0, 9700.0, 9907.7, 9907.0, 9700.0, 9910.0, 9900.0]];[[9840.9030199, 9822.74291092, 9764.11398723, 9729.668858163406, 9733.47622774, 9774.92315151, 9792.792203586943, 9644.40610904, 9259.63341967, 9425.79325896, 9563.37801555, 9263.18605244, 9507.06584331]];2015-03-08 12:00:00;2015-05-31 12:00:00;"{""strategy"": {""combine"": ""median"", ""pool"": ""pool_full""}, ""origin"": ""baseline"", ""loop"": {""final_attempt"": ""a2"", ""strategy"": {""combine"": ""median"", ""pool"": ""pool_full""}, ""iterations_used"": 1, ""stop_reason"": ""laya_accept"", ""trace"": []}, ""score"": 0.3908, ""gate_scores"": null}";baseline;1;laya_accept;0.029586848707869533;385.67617843499977;laya_multilingual_laya_v5_reasoning_text
217;13;orchestrator_laya_laya_v5_reasoning;0.04435124275661263;58.333333333333336;0.04497915033524315;460.6829643764824;0.04497891501716782;430.0207636382553;[[9932.821, 9936.393, 9000.0, 9700.0, 9943.0, 9700.0, 9940.001, 9700.0, 9948.552, 9951.79, 9000.0, 9945.0, 9000.0]];[[9720.635885146281, 9482.32899477914, 9642.684687183448, 9303.131461269742, 9601.007432369908, 9287.850654573447, 9333.367975414669, 9375.048957730467, 9321.33120893507, 9374.062984106748, 8936.80735595618, 9400.233590652942, 9385.834741048464]];2015-05-24 12:00:00;2015-08-16 12:00:00;"{""strategy"": {""combine"": ""trimmed_mean"", ""pool"": ""pool2"", ""trim_pct"": 0.2}, ""origin"": ""baseline"", ""loop"": {""final_attempt"": ""a7"", ""strategy"": {""combine"": ""trimmed_mean"", ""pool"": ""pool2"", ""trim_pct"": 0.2}, ""iterations_used"": 1, ""stop_reason"": ""laya_accept"", ""trace"": []}, ""score"": -0.063, ""gate_scores"": null}";baseline;1;laya_accept;0.04497915033524315;460.6829643764824;laya_multilingual_laya_v5_reasoning_text
218;13;orchestrator_laya_laya_v5_reasoning;0.0005644074087731859;100.0;0.0005641406137818626;0.7850407120629476;0.0005641143071499163;0.6049352564102719;[[1091.0, 1084.0, 1077.0, 1070.0, 1063.0, 1056.0, 1092.0, 1085.0, 1078.0, 1071.0, 1064.0, 1057.0, 1050.0]];[[1092.0, 1085.0, 1078.2222835966666, 1071.0516971666668, 1064.0979915266669, 1057.0484127066668, 1091.9738379466667, 1084.9109791166666, 1078.05080966, 1070.8914788333334, 1065.0368969833335, 1057.060085393333, 1050.0722771966666]];2011-04-03 12:00:00;2011-06-26 12:00:00;"{""strategy"": {""combine"": ""trimmed_mean"", ""pool"": ""pool1"", ""trim_pct"": 0.2}, ""origin"": ""baseline"", ""loop"": {""final_attempt"": ""a5"", ""strategy"": {""combine"": ""trimmed_mean"", ""pool"": ""pool1"", ""trim_pct"": 0.2}, ""iterations_used"": 1, ""stop_reason"": ""laya_accept"", ""trace"": []}, ""score"": -0.1619, ""gate_scores"": null}";baseline;1;laya_accept;0.0005641406137818626;0.7850407120629476;laya_multilingual_laya_v5_reasoning_text
219;13;orchestrator_laya_laya_v5_reasoning;2.795668812821248e-05;100.0;2.7955634287827694e-05;0.08349252264397813;2.795485686400791e-05;0.05026488435900179;[[1820.0, 1813.0, 1806.0, 1799.0, 1792.0, 1785.0, 1820.0, 1813.0, 1806.0, 1799.0, 1792.0, 1785.0, 1778.0]];[[1820.0619111233334, 1813.0930721466666, 1806.1245438566668, 1798.99154103, 1791.967869803333, 1785.24427007, 1820.0206290433334, 1813.00056812, 1805.9970201233334, 1798.98727771, 1792.0072649433332, 1785.0127618466668, 1778.0321310133331]];2010-10-17 12:00:00;2011-01-09 12:00:00;"{""strategy"": {""combine"": ""trimmed_mean"", ""pool"": ""pool1"", ""trim_pct"": 0.2}, ""origin"": ""baseline"", ""loop"": {""final_attempt"": ""a5"", ""strategy"": {""combine"": ""trimmed_mean"", ""pool"": ""pool1"", ""trim_pct"": 0.2}, ""iterations_used"": 1, ""stop_reason"": ""laya_accept"", ""trace"": []}, ""score"": -0.1243, ""gate_scores"": null}";baseline;1;laya_accept;2.7955634287827694e-05;0.08349252264397813;laya_multilingual_laya_v5_reasoning_text
220;13;orchestrator_laya_laya_v5_reasoning;0.04935866354446917;83.33333333333333;0.0509487441732604;438.7660690202977;0.05094839490308485;371.72740400350597;[[7743.8, 7448.1, 6802.5, 6961.8, 7160.7, 7338.7, 6925.2, 7142.4, 7651.6, 7691.4, 7589.4, 7706.7, 7590.4]];[[7212.283344308476, 7181.131826628695, 7059.141899519251, 7101.578344929486, 7038.077689665773, 7028.116754452814, 6926.51391991739, 7052.050716329252, 7075.000027273289, 7077.855933903724, 6991.613338734789, 7036.597280184006, 6935.751000839729]];2015-04-05 12:00:00;2015-06-28 12:00:00;"{""strategy"": {""combine"": ""mean"", ""pool"": ""pool_full""}, ""origin"": ""baseline"", ""loop"": {""final_attempt"": ""a1"", ""strategy"": {""combine"": ""mean"", ""pool"": ""pool_full""}, ""iterations_used"": 1, ""stop_reason"": ""laya_accept"", ""trace"": []}, ""score"": 0.6833, ""gate_scores"": null}";baseline;1;laya_accept;0.0509487441732604;438.7660690202977;laya_multilingual_laya_v5_reasoning_text
221;13;orchestrator_laya_laya_v5_reasoning;0.08460445996654171;50.0;0.0859886987502272;744.9376724537345;0.08598815064227129;675.0285812393847;[[7727.1, 7515.8, 7002.1, 7245.4, 7361.2, 7562.2, 7879.1, 8082.1, 8025.9, 8605.0, 8503.5, 8405.7, 8763.5]];[[8073.919505563999, 8058.20181762, 7963.925452141999, 7890.527872892, 7884.364069542001, 7851.041712198001, 7677.09965317, 7517.382039112001, 7533.372770084, 7578.578319842, 7548.274544004, 7457.948459918, 7484.953087716]];2015-04-05 12:00:00;2015-06-28 12:00:00;"{""strategy"": {""combine"": ""mean"", ""pool"": ""pool1""}, ""origin"": ""baseline"", ""loop"": {""final_attempt"": ""a4"", ""strategy"": {""combine"": ""mean"", ""pool"": ""pool1""}, ""iterations_used"": 1, ""stop_reason"": ""laya_accept"", ""trace"": []}, ""score"": 0.1808, ""gate_scores"": null}";baseline;1;laya_accept;0.0859886987502272;744.9376724537345;laya_multilingual_laya_v5_reasoning_text
222;13;orchestrator_laya_laya_v5_reasoning;0.011252309782566389;75.0;0.011291207200175485;404.59983287619235;0.011291186658488052;310.3793880461543;[[26994.0, 26695.0, 28522.0, 27712.0, 27511.0, 27231.0, 27409.0, 27856.0, 27639.0, 26848.0, 27687.0, 27342.0, 27494.0]];[[27377.79842372, 27197.38982005, 27487.56153705, 27378.16258675, 27367.83221446, 27363.64642019, 27440.83629159, 27441.73960581, 27512.47597059, 27309.80595506, 27381.59036473, 27419.00538052, 27406.18796714]];2017-07-23 12:00:00;2017-10-15 12:00:00;"{""strategy"": {""combine"": ""median"", ""pool"": ""pool_full""}, ""origin"": ""baseline"", ""loop"": {""final_attempt"": ""a2"", ""strategy"": {""combine"": ""median"", ""pool"": ""pool_full""}, ""iterations_used"": 1, ""stop_reason"": ""laya_accept"", ""trace"": []}, ""score"": 0.082, ""gate_scores"": null}";baseline;1;laya_accept;0.011291207200175485;404.59983287619235;laya_multilingual_laya_v5_reasoning_text
223;13;orchestrator_laya_laya_v5_reasoning;0.1262176936272758;58.333333333333336;0.13859464678444575;326.0829508253166;0.13859097925168146;263.3038146023077;[[1706.741, 1739.879, 1741.962, 1763.156, 1740.79, 1857.234, 1746.231, 2071.371, 1997.189, 2097.67, 2111.099, 2253.543, 2460.929]];[[1668.83251459, 1644.00275064, 1608.66161776, 1661.59920662, 1684.80122344, 1636.70605878, 1633.76845415, 1640.33656139, 1715.33008008, 1716.0482337, 1727.96960147, 1749.72604223, 1777.06206532]];2016-10-09 12:00:00;2017-01-01 12:00:00;"{""strategy"": {""combine"": ""median"", ""pool"": ""pool_full""}, ""origin"": ""baseline"", ""loop"": {""final_attempt"": ""a2"", ""strategy"": {""combine"": ""median"", ""pool"": ""pool_full""}, ""iterations_used"": 1, ""stop_reason"": ""laya_accept"", ""trace"": []}, ""score"": 0.2345, ""gate_scores"": null}";baseline;1;laya_accept;0.13859464678444575;326.0829508253166;laya_multilingual_laya_v5_reasoning_text
224;13;orchestrator_laya_laya_v5_reasoning;0.04981237118403364;75.0;0.0536214013872893;222.11272119382372;0.05362020298902385;120.70131662282049;[[1930.9, 1929.5, 1958.5, 1935.1, 1926.6, 2119.8, 1982.7, 2016.5, 2039.6, 2311.4, 2792.7, 2319.2, 2147.7]];[[1966.6606066566667, 1943.72388518, 1973.46573931, 1951.6907498199998, 1978.162597443333, 2038.7111871633333, 2025.0158907166667, 2021.5296589233333, 2050.0360846900003, 2073.0935951066667, 2092.0407695766667, 2049.7103868433333, 2059.0121579533334]];2016-10-23 12:00:00;2017-01-15 12:00:00;"{""strategy"": {""combine"": ""trimmed_mean"", ""pool"": ""pool1"", ""trim_pct"": 0.2}, ""origin"": ""baseline"", ""loop"": {""final_attempt"": ""a5"", ""strategy"": {""combine"": ""trimmed_mean"", ""pool"": ""pool1"", ""trim_pct"": 0.2}, ""iterations_used"": 1, ""stop_reason"": ""laya_accept"", ""trace"": []}, ""score"": 0.1439, ""gate_scores"": null}";baseline;1;laya_accept;0.0536214013872893;222.11272119382372;laya_multilingual_laya_v5_reasoning_text
225;13;orchestrator_laya_laya_v5_reasoning;0.04235678118218891;58.333333333333336;0.041064664102998104;131.1303839166901;0.04106388119625133;107.73655923871792;[[2865.2, 2798.5, 2576.4, 2805.7, 2486.0, 2628.3, 2494.4, 2560.8, 2487.5, 2543.0, 2524.4, 2603.3, 2591.2]];[[2854.2471565966666, 2823.9140712666667, 2784.2719130799996, 2775.55661736, 2716.6699927766667, 2720.249822496667, 2696.1345062866667, 2689.44000973, 2661.218065636667, 2650.197392716667, 2650.392245976667, 2635.2022932833333, 2625.58873081]];2016-10-23 12:00:00;2017-01-15 12:00:00;"{""strategy"": {""combine"": ""trimmed_mean"", ""pool"": ""pool1"", ""trim_pct"": 0.2}, ""origin"": ""baseline"", ""loop"": {""final_attempt"": ""a5"", ""strategy"": {""combine"": ""trimmed_mean"", ""pool"": ""pool1"", ""trim_pct"": 0.2}, ""iterations_used"": 1, ""stop_reason"": ""laya_accept"", ""trace"": []}, ""score"": 0.1418, ""gate_scores"": null}";baseline;1;laya_accept;0.041064664102998104;131.1303839166901;laya_multilingual_laya_v5_reasoning_text
226;13;orchestrator_laya_laya_v5_reasoning;0.10552234258969509;50.0;0.11422616066161215;224.44972151980298;0.11422252509428245;180.19979638205132;[[1365.7, 1392.9, 1389.1, 1439.9, 1431.2, 1665.4, 1561.1, 1606.1, 1570.6, 1804.3, 1935.1, 1801.3, 1744.1]];[[1320.77435022, 1339.2862348255555, 1344.9319667688887, 1369.8449170944443, 1385.4063685877777, 1409.8824524544443, 1419.5055944944443, 1440.7391341844443, 1454.615470561111, 1448.0267061277777, 1470.931422158889, 1482.767890808889, 1477.4901387466666]];2016-10-23 12:00:00;2017-01-15 12:00:00;"{""strategy"": {""combine"": ""mean"", ""pool"": ""pool3""}, ""origin"": ""baseline"", ""loop"": {""final_attempt"": ""a8"", ""strategy"": {""combine"": ""mean"", ""pool"": ""pool3""}, ""iterations_used"": 1, ""stop_reason"": ""laya_accept"", ""trace"": []}, ""score"": 0.1265, ""gate_scores"": null}";baseline;1;laya_accept;0.11422616066161215;224.44972151980298;laya_multilingual_laya_v5_reasoning_text
227;13;orchestrator_laya_laya_v5_reasoning;0.04750439510614919;58.333333333333336;0.049031264538353235;480.01542908092847;0.0490309736055425;413.4199496547692;[[8171.0, 8157.0, 8180.0, 8378.0, 8086.0, 8624.0, 8408.0, 8643.0, 8586.0, 8856.0, 8908.0, 9137.0, 8873.0]];[[7878.979847174001, 7953.078867598, 7869.329092176, 8079.994869402, 8156.130360698, 8290.768602818, 8287.583993024, 8224.524919827998, 8210.079386064, 8220.927441168, 8243.578192034, 8195.377060578001, 8162.448743322]];2016-10-23 12:00:00;2017-01-15 12:00:00;"{""strategy"": {""combine"": ""mean"", ""pool"": ""pool1""}, ""origin"": ""baseline"", ""loop"": {""final_attempt"": ""a4"", ""strategy"": {""combine"": ""mean"", ""pool"": ""pool1""}, ""iterations_used"": 1, ""stop_reason"": ""laya_accept"", ""trace"": []}, ""score"": 0.2961, ""gate_scores"": null}";baseline;1;laya_accept;0.049031264538353235;480.01542908092847;laya_multilingual_laya_v5_reasoning_text
228;13;orchestrator_laya_laya_v5_reasoning;0.06563236091429987;75.0;0.06291759872183207;32.054303886938094;0.06291050558044188;27.934190120000036;[[465.53, 438.43, 443.29, 443.83, 391.38, 476.51, 405.11, 448.58, 416.24, 441.32, 428.96, 432.6, 449.93]];[[484.1305312811112, 458.7082546988889, 473.83081625, 465.97187762777787, 458.5343381477778, 458.3784728744444, 456.3344680377778, 465.8116094155556, 441.59317594222216, 472.15594087666676, 457.5191306277779, 464.32642406, 448.56362253111115]];2016-10-23 12:00:00;2017-01-15 12:00:00;"{""strategy"": {""combine"": ""mean"", ""pool"": ""pool3""}, ""origin"": ""baseline"", ""loop"": {""final_attempt"": ""a8"", ""strategy"": {""combine"": ""mean"", ""pool"": ""pool3""}, ""iterations_used"": 1, ""stop_reason"": ""laya_accept"", ""trace"": []}, ""score"": 0.0011, ""gate_scores"": null}";baseline;1;laya_accept;0.06291759872183207;32.054303886938094;laya_multilingual_laya_v5_reasoning_text
229;13;orchestrator_laya_laya_v5_reasoning;0.10667755212570404;41.666666666666664;0.11359497354465405;600.6587262944885;0.11359330857092707;394.63760247430764;[[3117.6, 2928.4, 2783.4, 2987.1, 2533.1, 3403.5, 3054.5, 3060.2, 3022.7, 3426.2, 4886.7, 4280.2, 3533.6]];[[3068.4570696359997, 3080.352356858, 3090.724561394, 3075.146153724, 3071.9168078739995, 3102.9375701, 3154.8118021180003, 3142.7232023379997, 3148.761949592, 3142.87162484, 3222.392370482, 3197.127335082, 3178.7620315920003]];2016-10-23 12:00:00;2017-01-15 12:00:00;"{""strategy"": {""combine"": ""trimmed_mean"", ""pool"": ""pool2"", ""trim_pct"": 0.2}, ""origin"": ""baseline"", ""loop"": {""final_attempt"": ""a7"", ""strategy"": {""combine"": ""trimmed_mean"", ""pool"": ""pool2"", ""trim_pct"": 0.2}, ""iterations_used"": 1, ""stop_reason"": ""laya_accept"", ""trace"": []}, ""score"": 0.216, ""gate_scores"": null}";baseline;1;laya_accept;0.11359497354465405;600.6587262944885;laya_multilingual_laya_v5_reasoning_text
230;13;orchestrator_laya_laya_v5_reasoning;0.2661726016371899;100.0;0.3245037719253172;395.8816883186842;0.3244863290241016;312.656432595641;[[599.6, 646.8, 672.0, 706.3, 755.7, 899.6, 917.3, 1036.2, 1119.2, 1283.0, 1384.5, 1475.1, 1504.4]];[[575.5599860033334, 585.2800255733333, 600.1191136366667, 621.87361669, 654.4714669933334, 676.04849942, 686.1485970366667, 703.2768224933334, 728.6756459433333, 768.3844571833333, 775.6324653199999, 776.6254474566667, 783.0702325066667]];2016-10-23 12:00:00;2017-01-15 12:00:00;"{""strategy"": {""combine"": ""trimmed_mean"", ""pool"": ""pool1"", ""trim_pct"": 0.2}, ""origin"": ""baseline"", ""loop"": {""final_attempt"": ""a5"", ""strategy"": {""combine"": ""trimmed_mean"", ""pool"": ""pool1"", ""trim_pct"": 0.2}, ""iterations_used"": 1, ""stop_reason"": ""laya_accept"", ""trace"": []}, ""score"": 0.3511, ""gate_scores"": null}";baseline;1;laya_accept;0.3245037719253172;395.8816883186842;laya_multilingual_laya_v5_reasoning_text
231;13;orchestrator_laya_laya_v5_reasoning;0.1645885104464156;75.0;0.1918602185628741;647.3630578172596;0.19185628564327423;471.4801306088035;[[1880.4, 1889.2, 1864.5, 1961.1, 2009.7, 2211.1, 2235.0, 2421.8, 2774.0, 3052.0, 3018.4, 3171.4, 3206.1]];[[1920.9054024155557, 1920.7820746655557, 1936.1192467444444, 1944.5164125066667, 1956.6221231588888, 1976.352202377778, 1993.1903940288887, 2004.9156065255552, 2029.8036352366664, 2031.9038432644443, 2037.5060906255555, 2044.9234718111115, 2055.3312463755556]];2016-10-23 12:00:00;2017-01-15 12:00:00;"{""strategy"": {""combine"": ""mean"", ""pool"": ""pool3""}, ""origin"": ""baseline"", ""loop"": {""final_attempt"": ""a8"", ""strategy"": {""combine"": ""mean"", ""pool"": ""pool3""}, ""iterations_used"": 1, ""stop_reason"": ""laya_accept"", ""trace"": []}, ""score"": 0.1605, ""gate_scores"": null}";baseline;1;laya_accept;0.1918602185628741;647.3630578172596;laya_multilingual_laya_v5_reasoning_text
232;13;orchestrator_laya_laya_v5_reasoning;0.13691457545966113;25.0;0.15759764743916224;291.3803588409576;0.15759139201703404;199.78031004912094;[[1036.6, 1036.6, 994.0, 1040.9, 1024.8, 1199.4, 1106.1, 1197.6, 1296.0, 1448.2, 1485.5, 1600.9, 1695.0]];[[1036.3856920800001, 1038.4506982485714, 1049.6070774828572, 1045.9803931014287, 1050.3204932328572, 1053.6048546971429, 1065.6985326642857, 1072.4975272242857, 1069.5133839057144, 1067.6163256257141, 1064.6662884614284, 1061.4427860785713, 1064.7892406899998]];2016-10-23 12:00:00;2017-01-15 12:00:00;"{""strategy"": {""combine"": ""trimmed_mean"", ""pool"": ""pool3"", ""trim_pct"": 0.2}, ""origin"": ""baseline"", ""loop"": {""final_attempt"": ""a9"", ""strategy"": {""combine"": ""trimmed_mean"", ""pool"": ""pool3"", ""trim_pct"": 0.2}, ""iterations_used"": 1, ""stop_reason"": ""laya_accept"", ""trace"": []}, ""score"": 0.2786, ""gate_scores"": null}";baseline;1;laya_accept;0.15759764743916224;291.3803588409576;laya_multilingual_laya_v5_reasoning_text
233;13;orchestrator_laya_laya_v5_reasoning;0.1287494037258548;50.0;0.14419190934338003;412.26063253482715;0.14418847791838763;304.4076435919999;[[2117.0, 1891.1, 2178.6, 1910.3, 1818.5, 1984.8, 1958.6, 1953.1, 2009.7, 2158.7, 2640.2, 2550.4, 2678.7]];[[1842.8762193359998, 1819.11907199, 1843.58015246, 1817.8314037240002, 1827.9197677559998, 1846.852328828, 1843.5613680899999, 1855.758937478, 1841.66304094, 1846.7592418760003, 1836.4496154879998, 1846.6531983680002, 1842.215822482]];2016-10-23 12:00:00;2017-01-15 12:00:00;"{""strategy"": {""combine"": ""trimmed_mean"", ""pool"": ""pool2"", ""trim_pct"": 0.2}, ""origin"": ""baseline"", ""loop"": {""final_attempt"": ""a7"", ""strategy"": {""combine"": ""trimmed_mean"", ""pool"": ""pool2"", ""trim_pct"": 0.2}, ""iterations_used"": 1, ""stop_reason"": ""laya_accept"", ""trace"": []}, ""score"": 0.2552, ""gate_scores"": null}";baseline;1;laya_accept;0.14419190934338003;412.26063253482715;laya_multilingual_laya_v5_reasoning_text
234;13;orchestrator_laya_laya_v5_reasoning;0.053800769034416114;91.66666666666667;0.055115646495166606;60.49520832884731;0.055111790280765356;42.303076204769255;[[434.3, 451.5, 493.3, 532.4, 535.7, 647.1, 661.3, 710.3, 763.1, 827.1, 937.4, 1003.0, 1010.4]];[[429.287006618, 506.17956863200004, 495.858470716, 540.0252390919999, 562.62332564, 619.7329518199999, 660.493290648, 720.773239008, 738.569927134, 779.862689822, 816.4678645719999, 871.3913999979999, 920.2147218139999]];2016-10-23 12:00:00;2017-01-15 12:00:00;"{""strategy"": {""combine"": ""mean"", ""pool"": ""pool1""}, ""origin"": ""baseline"", ""loop"": {""final_attempt"": ""a4"", ""strategy"": {""combine"": ""mean"", ""pool"": ""pool1""}, ""iterations_used"": 1, ""stop_reason"": ""laya_accept"", ""trace"": []}, ""score"": 0.2696, ""gate_scores"": null}";baseline;1;laya_accept;0.055115646495166606;60.49520832884731;laya_multilingual_laya_v5_reasoning_text
235;13;orchestrator_laya_laya_v5_reasoning;0.06526374125628581;58.333333333333336;0.0692370388529359;402.3850523952049;0.069236133810223;265.98196115692303;[[3265.2, 3299.2, 3276.9, 3338.6, 3299.6, 3574.8, 3557.3, 3591.5, 3690.3, 3977.2, 4463.9, 4347.0, 4358.4]];[[3280.67329526, 3373.99687536, 3387.05870062, 3462.48123297, 3591.05119901, 3588.82088804, 3595.70965323, 3622.70610281, 3633.31903624, 3636.73342259, 3609.50408569, 3595.90269363, 3602.97321411]];2016-10-23 12:00:00;2017-01-15 12:00:00;"{""strategy"": {""combine"": ""median"", ""pool"": ""pool_full""}, ""origin"": ""baseline"", ""loop"": {""final_attempt"": ""a2"", ""strategy"": {""combine"": ""median"", ""pool"": ""pool_full""}, ""iterations_used"": 1, ""stop_reason"": ""laya_accept"", ""trace"": []}, ""score"": 0.1591, ""gate_scores"": null}";baseline;1;laya_accept;0.0692370388529359;402.3850523952049;laya_multilingual_laya_v5_reasoning_text
236;13;orchestrator_laya_laya_v5_reasoning;0.07251573738316891;58.333333333333336;0.06971336430975399;98.41011073161499;0.06971047932651513;84.67639672299134;[[1070.7, 1079.0, 1034.4, 1099.3, 1055.1, 1200.8, 1155.9, 1202.1, 1206.6, 1378.2, 1438.1, 1340.1, 1262.4]];[[1088.048271258889, 1104.5525280122222, 1158.205335757778, 1180.7357977244444, 1234.324957321111, 1262.3246341977776, 1311.0812703766665, 1307.0317949277776, 1310.602975863333, 1314.723054118889, 1320.5010345111114, 1330.0516055166668, 1319.0612861055554]];2016-10-23 12:00:00;2017-01-15 12:00:00;"{""strategy"": {""combine"": ""mean"", ""pool"": ""pool3""}, ""origin"": ""baseline"", ""loop"": {""final_attempt"": ""a8"", ""strategy"": {""combine"": ""mean"", ""pool"": ""pool3""}, ""iterations_used"": 1, ""stop_reason"": ""laya_accept"", ""trace"": []}, ""score"": 0.1351, ""gate_scores"": null}";baseline;1;laya_accept;0.06971336430975399;98.41011073161499;laya_multilingual_laya_v5_reasoning_text
237;13;orchestrator_laya_laya_v5_reasoning;0.2293012457256683;83.33333333333333;0.27463393184344365;227.16836860490963;0.2746113046480902;173.5831526013846;[[430.0, 420.4, 399.8, 415.2, 435.7, 548.9, 538.0, 631.4, 714.5, 831.1, 925.2, 953.0, 917.2]];[[382.15553824200003, 380.48994328199996, 387.334240964, 393.710351092, 412.277107954, 437.71163652200005, 434.148985944, 455.44104573799996, 480.24093636, 512.5259976560001, 534.43179667, 543.3558511260001, 549.995584632]];2016-10-23 12:00:00;2017-01-15 12:00:00;"{""strategy"": {""combine"": ""trimmed_mean"", ""pool"": ""pool2"", ""trim_pct"": 0.2}, ""origin"": ""baseline"", ""loop"": {""final_attempt"": ""a7"", ""strategy"": {""combine"": ""trimmed_mean"", ""pool"": ""pool2"", ""trim_pct"": 0.2}, ""iterations_used"": 1, ""stop_reason"": ""laya_accept"", ""trace"": []}, ""score"": 0.1218, ""gate_scores"": null}";baseline;1;laya_accept;0.27463393184344365;227.16836860490963;laya_multilingual_laya_v5_reasoning_text
238;13;orchestrator_laya_laya_v5_reasoning;0.050237151302731244;75.0;0.04983530983882975;269.6889045426672;0.04983475923960823;230.95401131538455;[[3696.0, 3792.0, 3780.0, 3928.0, 3927.0, 4330.0, 4349.0, 4500.0, 4765.0, 5057.0, 5945.0, 5664.0, 5722.0]];[[3859.78424376, 3988.12781237, 4085.36882107, 4141.11177058, 4179.52744156, 4453.87537637, 4531.84915681, 4701.02694093, 4879.96520955, 5239.51143792, 5260.89619269, 5495.87662738, 5936.02675625]];2016-10-23 12:00:00;2017-01-15 12:00:00;"{""strategy"": {""combine"": ""median"", ""pool"": ""pool_full""}, ""origin"": ""baseline"", ""loop"": {""final_attempt"": ""a2"", ""strategy"": {""combine"": ""median"", ""pool"": ""pool_full""}, ""iterations_used"": 1, ""stop_reason"": ""laya_accept"", ""trace"": []}, ""score"": 0.4457, ""gate_scores"": null}";baseline;1;laya_accept;0.04983530983882975;269.6889045426672;laya_multilingual_laya_v5_reasoning_text
239;13;orchestrator_laya_laya_v5_reasoning;0.03075138253990892;58.333333333333336;0.030681899265868853;117.1485963084916;0.030681410538675142;97.9626670728572;[[2586.5, 2560.4, 2776.9, 2698.6, 3157.7, 2938.2, 3040.8, 3197.8, 3367.8, 3726.5, 3724.0, 3796.8, 3728.7]];[[2601.353357274286, 2693.939272332857, 2748.0860971214283, 2874.247900605714, 3072.2069211657144, 3074.184257208571, 3125.118103422857, 3178.812796032857, 3355.043397297143, 3545.0804506457143, 3563.8260516928567, 3614.7849366071428, 3669.187568334285]];2016-10-30 12:00:00;2017-01-22 12:00:00;"{""strategy"": {""combine"": ""mean"", ""pool"": ""pool2""}, ""origin"": ""baseline"", ""loop"": {""final_attempt"": ""a6"", ""strategy"": {""combine"": ""mean"", ""pool"": ""pool2""}, ""iterations_used"": 1, ""stop_reason"": ""laya_accept"", ""trace"": []}, ""score"": 0.0028, ""gate_scores"": null}";baseline;1;laya_accept;0.030681899265868853;117.1485963084916;laya_multilingual_laya_v5_reasoning_text
240;13;orchestrator_laya_laya_v5_reasoning;0.07946194754280535;91.66666666666667;0.08467219799574707;151.59346277625417;0.08466904041418974;114.53892241593404;[[1040.84, 1015.0, 1098.25, 1031.9, 1168.21, 1271.09, 1311.2, 1252.43, 1363.56, 1496.95, 1592.62, 1614.64, 1511.61]];[[1034.7020647985714, 1039.372474372857, 1116.2200671985715, 1068.377790842857, 1188.5286425, 1192.1563952542856, 1208.2275164442856, 1193.3365643285713, 1211.9085476028572, 1303.883221937143, 1305.1030440299999, 1324.1625271014286, 1291.59310201]];2016-10-30 12:00:00;2017-01-22 12:00:00;"{""strategy"": {""combine"": ""trimmed_mean"", ""pool"": ""pool3"", ""trim_pct"": 0.2}, ""origin"": ""baseline"", ""loop"": {""final_attempt"": ""a9"", ""strategy"": {""combine"": ""trimmed_mean"", ""pool"": ""pool3"", ""trim_pct"": 0.2}, ""iterations_used"": 1, ""stop_reason"": ""laya_accept"", ""trace"": []}, ""score"": 0.3127, ""gate_scores"": null}";baseline;1;laya_accept;0.08467219799574707;151.59346277625417;laya_multilingual_laya_v5_reasoning_text
241;13;orchestrator_laya_laya_v5_reasoning;0.07571162388465426;58.333333333333336;0.0811177845534133;230.30399555872816;0.08111547654496756;143.92156626989015;[[1475.3, 1468.6, 1494.2, 1447.2, 1643.9, 1534.3, 1587.3, 1580.3, 1927.1, 2321.8, 1935.5, 1728.8, 1741.4]];[[1492.75633292, 1512.856326597143, 1562.4655638571428, 1577.57349703, 1609.6873933157144, 1620.7393675528572, 1640.1947034342859, 1609.72962836, 1612.357287164286, 1628.1665637, 1689.2126394314287, 1671.5607154971426, 1645.6504591342855]];2016-10-30 12:00:00;2017-01-22 12:00:00;"{""strategy"": {""combine"": ""trimmed_mean"", ""pool"": ""pool3"", ""trim_pct"": 0.2}, ""origin"": ""baseline"", ""loop"": {""final_attempt"": ""a9"", ""strategy"": {""combine"": ""trimmed_mean"", ""pool"": ""pool3"", ""trim_pct"": 0.2}, ""iterations_used"": 1, ""stop_reason"": ""laya_accept"", ""trace"": []}, ""score"": 0.1952, ""gate_scores"": null}";baseline;1;laya_accept;0.0811177845534133;230.30399555872816;laya_multilingual_laya_v5_reasoning_text
242;13;orchestrator_laya_laya_v5_reasoning;0.3719873718934496;66.66666666666667;0.4877825526930754;1402.7283407166979;0.48777194267684215;1169.274715066154;[[1245.0, 1330.0, 1551.0, 1550.0, 2150.0, 2514.0, 2855.0, 3230.0, 3335.0, 3511.0, 3890.0, 3812.0, 3828.0]];[[1171.83501749, 1241.20239124, 1269.09494461, 1353.58742614, 1440.93785094, 1465.40994005, 1449.43928156, 1525.34420026, 1548.37349254, 1794.92610576, 1809.98495529, 1924.63897552, 1605.65412274]];2016-10-30 12:00:00;2017-01-22 12:00:00;"{""strategy"": {""combine"": ""median"", ""pool"": ""pool_full""}, ""origin"": ""baseline"", ""loop"": {""final_attempt"": ""a2"", ""strategy"": {""combine"": ""median"", ""pool"": ""pool_full""}, ""iterations_used"": 1, ""stop_reason"": ""laya_accept"", ""trace"": []}, ""score"": 0.3639, ""gate_scores"": null}";baseline;1;laya_accept;0.4877825526930754;1402.7283407166979;laya_multilingual_laya_v5_reasoning_text
243;13;orchestrator_laya_laya_v5_reasoning;0.175576991065599;100.0;0.19750898033645292;261.5052488554551;0.19750005180185431;222.08994070584615;[[806.8, 841.6, 883.8, 914.1, 988.6, 1108.0, 1183.0, 1226.4, 1258.0, 1325.9, 1434.3, 1480.2, 1488.3]];[[782.266579644, 800.355857614, 818.527088792, 841.5002593659999, 864.558590792, 895.149964532, 924.3349698239999, 953.6283608919999, 982.7379274620001, 1009.2987209539999, 1036.6181208599999, 1058.281046868, 1084.573283224]];2016-10-30 12:00:00;2017-01-22 12:00:00;"{""strategy"": {""combine"": ""trimmed_mean"", ""pool"": ""pool2"", ""trim_pct"": 0.2}, ""origin"": ""baseline"", ""loop"": {""final_attempt"": ""a7"", ""strategy"": {""combine"": ""trimmed_mean"", ""pool"": ""pool2"", ""trim_pct"": 0.2}, ""iterations_used"": 1, ""stop_reason"": ""laya_accept"", ""trace"": []}, ""score"": 0.2642, ""gate_scores"": null}";baseline;1;laya_accept;0.19750898033645292;261.5052488554551;laya_multilingual_laya_v5_reasoning_text
244;13;orchestrator_laya_laya_v5_reasoning;0.0900553851668562;66.66666666666667;0.0972296639511887;347.4334440577768;0.09722781646538267;256.6291410668132;[[2291.2, 2266.7, 2332.0, 2266.8, 2538.8, 2482.1, 2508.7, 2508.2, 2705.3, 2972.8, 3072.2, 3059.0, 2984.6]];[[2354.7611177985714, 2365.192162087143, 2372.980303937143, 2351.2540028114286, 2399.4721520528574, 2425.057598135714, 2422.070160022857, 2406.4811712614287, 2424.9557197914287, 2432.0797099114284, 2448.446272805714, 2411.0073672757144, 2413.4386015085715]];2016-10-30 12:00:00;2017-01-22 12:00:00;"{""strategy"": {""combine"": ""trimmed_mean"", ""pool"": ""pool3"", ""trim_pct"": 0.2}, ""origin"": ""baseline"", ""loop"": {""final_attempt"": ""a9"", ""strategy"": {""combine"": ""trimmed_mean"", ""pool"": ""pool3"", ""trim_pct"": 0.2}, ""iterations_used"": 1, ""stop_reason"": ""laya_accept"", ""trace"": []}, ""score"": 0.3041, ""gate_scores"": null}";baseline;1;laya_accept;0.0972296639511887;347.4334440577768;laya_multilingual_laya_v5_reasoning_text
245;13;orchestrator_laya_laya_v5_reasoning;0.16767287111982873;83.33333333333333;0.19136462529470957;332.77258254980256;0.1913576924904257;265.4031912289713;[[1138.7, 1098.0, 1159.8, 1136.4, 1476.2, 1476.6, 1385.7, 1392.2, 1435.2, 1579.6, 1807.3, 1769.8, 1686.5]];[[1104.3960987285566, 1099.0372778730862, 1122.1434941536772, 1120.5818849820416, 1144.561740278912, 1159.6959707533474, 1165.7407049444262, 1177.2518850961446, 1203.959864530764, 1204.5250043981182, 1204.1894559816103, 1197.1172590879494, 1190.6324289609122]];2016-10-30 12:00:00;2017-01-22 12:00:00;"{""strategy"": {""combine"": ""mean"", ""pool"": ""pool_full""}, ""origin"": ""baseline"", ""loop"": {""final_attempt"": ""a1"", ""strategy"": {""combine"": ""mean"", ""pool"": ""pool_full""}, ""iterations_used"": 1, ""stop_reason"": ""laya_accept"", ""trace"": []}, ""score"": 0.7111, ""gate_scores"": null}";baseline;1;laya_accept;0.19136462529470957;332.77258254980256;laya_multilingual_laya_v5_reasoning_text
246;13;orchestrator_laya_laya_v5_reasoning;0.04863083306662686;66.66666666666667;0.051011378539332526;445.61097478647963;0.05101095118127283;306.811566822564;[[4410.5, 4581.6, 4723.5, 4791.8, 5421.0, 5510.5, 5612.2, 5829.8, 6084.9, 6239.6, 6659.6, 6860.6, 6854.3]];[[4410.7696116199995, 4625.509726806667, 4647.368249030001, 4858.5889047733335, 5258.0276253, 5397.797971653334, 5330.547908706667, 5415.585066303333, 5822.516023353334, 6215.071126760001, 5998.84617266, 5891.286475009999, 5941.37125573]];2016-10-30 12:00:00;2017-01-22 12:00:00;"{""strategy"": {""combine"": ""trimmed_mean"", ""pool"": ""pool1"", ""trim_pct"": 0.2}, ""origin"": ""baseline"", ""loop"": {""final_attempt"": ""a5"", ""strategy"": {""combine"": ""trimmed_mean"", ""pool"": ""pool1"", ""trim_pct"": 0.2}, ""iterations_used"": 1, ""stop_reason"": ""laya_accept"", ""trace"": []}, ""score"": 0.1195, ""gate_scores"": null}";baseline;1;laya_accept;0.051011378539332526;445.61097478647963;laya_multilingual_laya_v5_reasoning_text
247;13;orchestrator_laya_laya_v5_reasoning;0.02118029797765732;25.0;0.02120335020144101;388.4540356948668;0.02120328756242015;358.93203531676926;[[16190.4, 16913.4, 16913.4, 17091.0, 17091.0, 16552.7, 16552.7, 17220.2, 17220.2, 16522.2, 16522.2, 17584.0, 17584.0]];[[16187.213898046, 17219.248743764, 17233.574014284, 16501.067063021997, 16500.067876738, 16859.672510684002, 16883.198497420002, 16886.726310137998, 16887.58887141, 16982.733244712, 17035.494102958, 17288.07246633, 17301.268169020004]];2016-10-16 12:00:00;2017-01-08 12:00:00;"{""strategy"": {""combine"": ""mean"", ""pool"": ""pool1""}, ""origin"": ""baseline"", ""loop"": {""final_attempt"": ""a4"", ""strategy"": {""combine"": ""mean"", ""pool"": ""pool1""}, ""iterations_used"": 1, ""stop_reason"": ""laya_accept"", ""trace"": []}, ""score"": 0.0557, ""gate_scores"": null}";baseline;1;laya_accept;0.02120335020144101;388.4540356948668;laya_multilingual_laya_v5_reasoning_text
248;13;orchestrator_laya_laya_v5_reasoning;0.06621142796185255;16.666666666666668;0.06271041673848538;1753.0945733090255;0.06271027381477183;1376.2221093464104;[[21254.72, 21655.06, 21655.06, 22030.28, 22030.28, 22104.93, 22104.93, 21822.79, 21822.79, 21445.17, 21445.17, 19654.69, 19654.69]];[[22290.330924766666, 22171.88291073, 22386.051737216665, 22387.524972249998, 22741.457267013335, 22781.106574663336, 22882.221047183335, 22940.311639866664, 23074.20826639333, 23083.391673733335, 23019.73460802667, 23051.006094536668, 23762.219705123334]];2016-10-16 12:00:00;2017-01-08 12:00:00;"{""strategy"": {""combine"": ""trimmed_mean"", ""pool"": ""pool1"", ""trim_pct"": 0.2}, ""origin"": ""baseline"", ""loop"": {""final_attempt"": ""a5"", ""strategy"": {""combine"": ""trimmed_mean"", ""pool"": ""pool1"", ""trim_pct"": 0.2}, ""iterations_used"": 1, ""stop_reason"": ""laya_accept"", ""trace"": []}, ""score"": 0.0206, ""gate_scores"": null}";baseline;1;laya_accept;0.06271041673848538;1753.0945733090255;laya_multilingual_laya_v5_reasoning_text
249;13;orchestrator_laya_laya_v5_reasoning;0.009941259444495473;91.66666666666667;0.010014786832628271;45.743400588020855;0.01001463848103918;33.82543765410257;[[3446.7, 3205.7, 3207.3, 3331.9, 3479.1, 3223.9, 3228.3, 3338.6, 3461.4, 3330.3, 3232.7, 3339.3, 3518.5]];[[3395.4762904022223, 3187.978390551111, 3215.3533107077783, 3308.310265474445, 3410.5099511088893, 3229.3989625933336, 3214.5147264511115, 3326.8502868944443, 3451.290153356667, 3376.121014684444, 3219.6940528988885, 3282.817473785555, 3404.4010075588885]];2016-10-09 12:00:00;2017-01-01 12:00:00;"{""strategy"": {""combine"": ""mean"", ""pool"": ""pool3""}, ""origin"": ""baseline"", ""loop"": {""final_attempt"": ""a8"", ""strategy"": {""combine"": ""mean"", ""pool"": ""pool3""}, ""iterations_used"": 1, ""stop_reason"": ""laya_accept"", ""trace"": []}, ""score"": -0.1266, ""gate_scores"": null}";baseline;1;laya_accept;0.010014786832628271;45.743400588020855;laya_multilingual_laya_v5_reasoning_text
250;13;orchestrator_laya_laya_v5_reasoning;0.04873576080061174;58.333333333333336;0.05028707942983966;390.87461522288913;0.050286713347722806;345.4059256635896;[[6671.0, 6836.0, 6803.0, 6884.0, 6879.0, 6940.0, 7042.0, 7117.0, 7136.0, 7116.0, 7164.0, 7197.0, 7229.0]];[[6723.11506078, 6734.228231806667, 6683.879758336666, 6672.99692772, 6661.173814770001, 6664.195046473334, 6650.82621858, 6643.111357516667, 6646.834681136667, 6645.672388529999, 6642.077920383334, 6628.6366464266675, 6631.205035473333]];2016-10-09 12:00:00;2017-01-01 12:00:00;"{""strategy"": {""combine"": ""trimmed_mean"", ""pool"": ""pool1"", ""trim_pct"": 0.2}, ""origin"": ""baseline"", ""loop"": {""final_attempt"": ""a5"", ""strategy"": {""combine"": ""trimmed_mean"", ""pool"": ""pool1"", ""trim_pct"": 0.2}, ""iterations_used"": 1, ""stop_reason"": ""laya_accept"", ""trace"": []}, ""score"": 0.0928, ""gate_scores"": null}";baseline;1;laya_accept;0.05028707942983966;390.87461522288913;laya_multilingual_laya_v5_reasoning_text
251;13;orchestrator_laya_laya_v5_reasoning;0.009731243690501112;83.33333333333333;0.009803072702837897;106.96843599659428;0.009803017124064636;86.45958226307728;[[8557.6, 8835.3, 8859.0, 8662.7, 8563.5, 8897.2, 8930.5, 8826.7, 8675.2, 8886.2, 9003.2, 8917.6, 8732.1]];[[8582.02349727, 8767.90387735, 8751.25015378, 8634.11976498, 8568.82386178, 8752.9306915, 8786.29542136, 8740.58922567, 8623.95011674, 8765.03529838, 8777.02943466, 8800.6775121, 8731.69129311]];2016-10-09 12:00:00;2017-01-01 12:00:00;"{""strategy"": {""combine"": ""median"", ""pool"": ""pool_full""}, ""origin"": ""baseline"", ""loop"": {""final_attempt"": ""a2"", ""strategy"": {""combine"": ""median"", ""pool"": ""pool_full""}, ""iterations_used"": 1, ""stop_reason"": ""laya_accept"", ""trace"": []}, ""score"": -0.1498, ""gate_scores"": null}";baseline;1;laya_accept;0.009803072702837897;106.96843599659428;laya_multilingual_laya_v5_reasoning_text
252;13;orchestrator_laya_laya_v5_reasoning;0.00715613051724765;83.33333333333333;0.007189464364198607;103.2237535831367;0.007189435813584105;90.52266475290554;[[12389.0, 12551.0, 12538.0, 12445.0, 12427.0, 12637.0, 12671.0, 12626.0, 12568.0, 12702.0, 12742.0, 12726.0, 12679.0]];[[12396.806098094445, 12483.282506659998, 12487.533966776666, 12404.912832914448, 12421.84520772778, 12549.378953383331, 12563.270631574444, 12499.036883816669, 12456.25786419778, 12558.296920050001, 12607.66992068889, 12583.855565205557, 12527.67020331111]];2016-10-09 12:00:00;2017-01-01 12:00:00;"{""strategy"": {""combine"": ""mean"", ""pool"": ""pool3""}, ""origin"": ""baseline"", ""loop"": {""final_attempt"": ""a8"", ""strategy"": {""combine"": ""mean"", ""pool"": ""pool3""}, ""iterations_used"": 1, ""stop_reason"": ""laya_accept"", ""trace"": []}, ""score"": -0.0822, ""gate_scores"": null}";baseline;1;laya_accept;0.007189464364198607;103.2237535831367;laya_multilingual_laya_v5_reasoning_text
253;13;orchestrator_laya_laya_v5_reasoning;0.0038297420649720474;91.66666666666667;0.003823036909646833;31.164236285124527;0.003823005121174341;22.992566500769428;[[5953.6, 5901.6, 5905.5, 6044.6, 6050.7, 5968.3, 5881.8, 6015.5, 6050.5, 6027.0, 5981.2, 6126.6, 6147.7]];[[5962.464622477143, 5888.954387905714, 5920.164736277143, 6041.937718181428, 6041.500851141428, 5976.059764382857, 5945.142905747142, 6076.391972955715, 6084.07733035, 6036.704311997143, 5988.697825281428, 6073.792589951428, 6132.41455777857]];2005-12-25 12:00:00;2006-03-19 12:00:00;"{""strategy"": {""combine"": ""trimmed_mean"", ""pool"": ""pool3"", ""trim_pct"": 0.2}, ""origin"": ""baseline"", ""loop"": {""final_attempt"": ""a9"", ""strategy"": {""combine"": ""trimmed_mean"", ""pool"": ""pool3"", ""trim_pct"": 0.2}, ""iterations_used"": 1, ""stop_reason"": ""laya_accept"", ""trace"": []}, ""score"": -0.131, ""gate_scores"": null}";baseline;1;laya_accept;0.003823036909646833;31.164236285124527;laya_multilingual_laya_v5_reasoning_text
254;13;orchestrator_laya_laya_v5_reasoning;0.02729907474803291;58.333333333333336;0.026849712107859396;56.05648743210781;0.026849002356413694;50.78643718572648;[[1901.0, 1898.0, 1895.0, 1884.0, 1878.0, 1866.0, 1830.0, 1829.0, 1849.0, 1870.0, 1872.0, 1874.0, 1875.0]];[[1918.5007840711114, 1915.4350463066667, 1915.5748602133333, 1918.6801824744446, 1919.959766131111, 1920.4335603933334, 1920.824901361111, 1920.6775913922222, 1922.2721641022222, 1923.502064364444, 1926.5419335833333, 1928.8973316466665, 1929.9234973744444]];2016-10-16 12:00:00;2017-01-08 12:00:00;"{""strategy"": {""combine"": ""mean"", ""pool"": ""pool3""}, ""origin"": ""baseline"", ""loop"": {""final_attempt"": ""a8"", ""strategy"": {""combine"": ""mean"", ""pool"": ""pool3""}, ""iterations_used"": 1, ""stop_reason"": ""laya_accept"", ""trace"": []}, ""score"": 0.0665, ""gate_scores"": null}";baseline;1;laya_accept;0.026849712107859396;56.05648743210781;laya_multilingual_laya_v5_reasoning_text
255;13;orchestrator_laya_laya_v5_reasoning;0.023207238121637185;75.0;0.023184974922248042;68.99378792339732;0.02318451510310301;59.92326648815391;[[2932.0, 2986.0, 2914.5, 3028.8, 3291.8, 2001.3, 2192.4, 2057.1, 2318.1, 2584.8, 2583.4, 2598.3, 2704.1]];[[2918.6469031819997, 2958.93449755, 3022.722107756, 3096.709006214, 3360.986509146, 2040.68866648, 2068.627388762, 2105.6981334780003, 2330.8023353999997, 2499.374648198, 2628.84900651, 2639.0616988720003, 2801.2684381820004]];2016-10-16 12:00:00;2017-01-08 12:00:00;"{""strategy"": {""combine"": ""mean"", ""pool"": ""pool1""}, ""origin"": ""baseline"", ""loop"": {""final_attempt"": ""a4"", ""strategy"": {""combine"": ""mean"", ""pool"": ""pool1""}, ""iterations_used"": 1, ""stop_reason"": ""laya_accept"", ""trace"": []}, ""score"": 0.1205, ""gate_scores"": null}";baseline;1;laya_accept;0.023184974922248042;68.99378792339732;laya_multilingual_laya_v5_reasoning_text
256;13;orchestrator_laya_laya_v5_reasoning;0.0036671779795961904;66.66666666666667;0.0036777807652378248;18.790440187512683;0.003677735114238396;14.814472695714358;[[4017.6, 4017.9, 4018.2, 4018.8, 4024.6, 4026.8, 4037.0, 4037.9, 4039.9, 4041.8, 4044.2, 4044.3, 4044.2]];[[4021.069596942857, 4022.1106709228566, 4022.4211671557146, 4020.363618548571, 4022.2617907485715, 4022.6666441642856, 4019.469344437143, 4020.6674122171426, 4021.430647614285, 4011.15384055, 4012.6418425728575, 4015.3747754971423, 4015.9106107242856]];2016-10-16 12:00:00;2017-01-08 12:00:00;"{""strategy"": {""combine"": ""mean"", ""pool"": ""pool2""}, ""origin"": ""baseline"", ""loop"": {""final_attempt"": ""a6"", ""strategy"": {""combine"": ""mean"", ""pool"": ""pool2""}, ""iterations_used"": 1, ""stop_reason"": ""laya_accept"", ""trace"": []}, ""score"": 0.3905, ""gate_scores"": null}";baseline;1;laya_accept;0.0036777807652378248;18.790440187512683;laya_multilingual_laya_v5_reasoning_text
257;13;orchestrator_laya_laya_v5_reasoning;0.05923670993527108;50.0;0.056869428211123986;137.9844331944465;0.05686804647492965;117.04408326843514;[[2097.4, 2102.3, 2087.1, 2130.7, 2087.5, 2024.5, 1983.4, 1973.8, 1998.2, 1975.9, 1931.8, 1928.8, 1940.1]];[[2125.51306146, 2119.74131908, 2132.28119849, 2142.32548824, 2139.87617666, 2142.63119326, 2140.6977188, 2135.0546705, 2143.6470319, 2142.72778891, 2145.069539799657, 2146.55075624, 2126.95713915]];2016-10-16 12:00:00;2017-01-08 12:00:00;"{""strategy"": {""combine"": ""median"", ""pool"": ""pool_full""}, ""origin"": ""baseline"", ""loop"": {""final_attempt"": ""a2"", ""strategy"": {""combine"": ""median"", ""pool"": ""pool_full""}, ""iterations_used"": 1, ""stop_reason"": ""laya_accept"", ""trace"": []}, ""score"": 0.1005, ""gate_scores"": null}";baseline;1;laya_accept;0.056869428211123986;137.9844331944465;laya_multilingual_laya_v5_reasoning_text
258;13;orchestrator_laya_laya_v5_reasoning;0.17023896410888678;25.0;0.151578505276259;1149.1341481564702;0.1515773239826443;973.8619451461537;[[6698.0, 6436.0, 5556.0, 6939.0, 6746.0, 5285.0, 5924.0, 5200.0, 6741.0, 6343.0, 5893.0, 5953.0, 5594.0]];[[6864.85999487, 6834.75982596, 6885.15781398, 6869.98062334, 7135.58862549, 7270.56276366, 7014.37083646, 7018.46557819, 7118.20439821, 7390.19833749, 7163.70572984, 7120.75326902, 7143.55873707]];2016-10-16 12:00:00;2017-01-08 12:00:00;"{""strategy"": {""combine"": ""median"", ""pool"": ""pool_full""}, ""origin"": ""baseline"", ""loop"": {""final_attempt"": ""a2"", ""strategy"": {""combine"": ""median"", ""pool"": ""pool_full""}, ""iterations_used"": 1, ""stop_reason"": ""laya_accept"", ""trace"": []}, ""score"": 0.5338, ""gate_scores"": null}";baseline;1;laya_accept;0.151578505276259;1149.1341481564702;laya_multilingual_laya_v5_reasoning_text
259;13;orchestrator_laya_laya_v5_reasoning;0.17615383748316496;75.0;0.1885689618386523;241.36506793785145;0.18855569565213548;144.12390525353845;[[583.0, 503.0, 527.0, 504.0, 643.0, 523.0, 522.0, 1437.0, 464.0, 626.0, 475.0, 785.0, 966.0]];[[724.6737765299999, 486.98226335199996, 591.1140928540001, 611.75883361, 713.2255106780001, 509.997435108, 537.363662022, 696.6641522460001, 617.501543416, 648.924367832, 529.1743374119999, 666.5909303999999, 609.890574952]];2016-10-16 12:00:00;2017-01-08 12:00:00;"{""strategy"": {""combine"": ""trimmed_mean"", ""pool"": ""pool2"", ""trim_pct"": 0.2}, ""origin"": ""baseline"", ""loop"": {""final_attempt"": ""a7"", ""strategy"": {""combine"": ""trimmed_mean"", ""pool"": ""pool2"", ""trim_pct"": 0.2}, ""iterations_used"": 1, ""stop_reason"": ""laya_accept"", ""trace"": []}, ""score"": 0.1334, ""gate_scores"": null}";baseline;1;laya_accept;0.1885689618386523;241.36506793785145;laya_multilingual_laya_v5_reasoning_text
260;13;orchestrator_laya_laya_v5_reasoning;0.028365479338661723;58.333333333333336;0.028609381817478588;168.06143043177514;0.028609070525211222;131.5669664654292;[[4687.3, 4661.5, 4573.9, 4712.8, 4699.2, 4555.3, 4629.3, 4557.9, 4714.0, 4676.1, 4633.5, 4639.5, 4603.6]];[[4743.00560433176, 4468.096373845086, 4716.445647236622, 4652.270014918184, 4630.100156375538, 4627.849354597862, 4208.258446738196, 4590.880750388731, 4898.4519177337625, 4642.4008566349585, 4511.598720567991, 4556.621969437717, 4843.183828279512]];2016-10-16 12:00:00;2017-01-08 12:00:00;"{""strategy"": {""combine"": ""dba"", ""pool"": ""pool_full"", ""dba_max_iter"": 30}, ""origin"": ""baseline"", ""loop"": {""final_attempt"": ""a3"", ""strategy"": {""combine"": ""dba"", ""pool"": ""pool_full"", ""dba_max_iter"": 30}, ""iterations_used"": 1, ""stop_reason"": ""laya_accept"", ""trace"": []}, ""score"": 0.6976, ""gate_scores"": null}";baseline;1;laya_accept;0.028609381817478588;168.06143043177514;laya_multilingual_laya_v5_reasoning_text
261;13;orchestrator_laya_laya_v5_reasoning;0.0014935340368937443;100.0;0.0014921675941270605;7.834744660458559;0.0014921505885694;6.546512603674903;[[4382.033, 4394.197, 4378.668, 4378.375, 4378.166, 4390.312, 4401.788, 4382.618, 4382.058, 4401.802, 4397.108, 4379.233, 4378.908]];[[4382.1001240822225, 4396.762081144444, 4391.026912362222, 4387.2779944466665, 4385.960872356666, 4394.491839305556, 4394.977925252223, 4389.698151425556, 4387.332685658888, 4398.515835956667, 4396.170243374445, 4394.514523358889, 4389.47348429]];2016-10-16 12:00:00;2017-01-08 12:00:00;"{""strategy"": {""combine"": ""mean"", ""pool"": ""pool3""}, ""origin"": ""baseline"", ""loop"": {""final_attempt"": ""a8"", ""strategy"": {""combine"": ""mean"", ""pool"": ""pool3""}, ""iterations_used"": 1, ""stop_reason"": ""laya_accept"", ""trace"": []}, ""score"": -0.1509, ""gate_scores"": null}";baseline;1;laya_accept;0.0014921675941270605;7.834744660458559;laya_multilingual_laya_v5_reasoning_text
262;13;orchestrator_laya_laya_v5_reasoning;0.26857580345245197;83.33333333333333;0.22914628446243204;529.4316532557569;0.22914079566973447;479.27894977279306;[[2296.0, 2219.6, 2214.9, 2044.6, 2043.2, 1968.0, 1966.2, 1746.1, 1724.1, 1701.4, 1717.7, 1603.2, 1617.0]];[[2420.8056085591165, 2408.5230731394145, 2398.953545364406, 2392.620032093708, 2390.526145406367, 2378.664180368915, 2389.7303259073146, 2380.1573492814505, 2380.9132260752967, 2375.209273570091, 2380.3507917856605, 2374.611796324981, 2421.5609991695883]];2014-10-12 12:00:00;2015-01-04 12:00:00;"{""strategy"": {""combine"": ""mean"", ""pool"": ""pool_full""}, ""origin"": ""baseline"", ""loop"": {""final_attempt"": ""a1"", ""strategy"": {""combine"": ""mean"", ""pool"": ""pool_full""}, ""iterations_used"": 1, ""stop_reason"": ""laya_accept"", ""trace"": []}, ""score"": 0.7167, ""gate_scores"": null}";baseline;1;laya_accept;0.22914628446243204;529.4316532557569;laya_multilingual_laya_v5_reasoning_text
263;13;orchestrator_laya_laya_v5_reasoning;0.06449240463588521;41.666666666666664;0.06578478272969636;317.065873689424;0.06578396845577378;266.22202798015377;[[4071.7, 4155.0, 4247.5, 4042.0, 3908.2, 3923.1, 3563.7, 3806.9, 4360.7, 4563.2, 4354.9, 4323.4, 3629.0]];[[3975.2729650659994, 3928.8096086359997, 3888.029644752, 3939.340306956, 3887.357742658, 3922.2065592040003, 3947.0111275460004, 3989.1975368519998, 3971.6626656480003, 3950.4529426940003, 3933.039382802, 3997.8763868399997, 3968.6259046]];2014-10-12 12:00:00;2015-01-04 12:00:00;"{""strategy"": {""combine"": ""trimmed_mean"", ""pool"": ""pool2"", ""trim_pct"": 0.2}, ""origin"": ""baseline"", ""loop"": {""final_attempt"": ""a7"", ""strategy"": {""combine"": ""trimmed_mean"", ""pool"": ""pool2"", ""trim_pct"": 0.2}, ""iterations_used"": 1, ""stop_reason"": ""laya_accept"", ""trace"": []}, ""score"": 0.3355, ""gate_scores"": null}";baseline;1;laya_accept;0.06578478272969636;317.065873689424;laya_multilingual_laya_v5_reasoning_text
264;13;orchestrator_laya_laya_v5_reasoning;0.08779705134345364;66.66666666666667;0.08373722699304062;182.7779549861945;0.08373521988390073;174.71250389307687;[[2057.7, 2149.37, 2022.19, 2061.06, 2031.96, 1904.36, 1962.29, 2017.42, 2020.85, 1963.84, 1942.14, 1973.34, 2009.61]];[[2188.61930807, 2188.59706386, 2200.88367535, 2217.66716632, 2215.34188783, 2178.75072113, 2184.6165898, 2175.04838954, 2176.26684355, 2169.13850728, 2165.34537492, 2163.06296897, 2164.05405399]];2016-10-09 12:00:00;2017-01-01 12:00:00;"{""strategy"": {""combine"": ""median"", ""pool"": ""pool_full""}, ""origin"": ""baseline"", ""loop"": {""final_attempt"": ""a2"", ""strategy"": {""combine"": ""median"", ""pool"": ""pool_full""}, ""iterations_used"": 1, ""stop_reason"": ""laya_accept"", ""trace"": []}, ""score"": 0.4653, ""gate_scores"": null}";baseline;1;laya_accept;0.08373722699304062;182.7779549861945;laya_multilingual_laya_v5_reasoning_text
265;13;orchestrator_laya_laya_v5_reasoning;0.08814532513978944;50.0;0.08411103754868757;185.26780638755972;0.08410905137106214;178.12075041348186;[[2072.76, 2162.78, 2042.96, 2108.32, 2022.16, 1989.55, 2020.05, 2071.25, 2013.96, 1993.61, 1976.23, 1966.25, 2030.46]];[[2217.6950647007216, 2215.4837471987166, 2209.209349680418, 2224.850320349235, 2235.6994044699145, 2228.7041306878136, 2211.2246970079445, 2211.0151089341803, 2203.137830820873, 2189.953526636718, 2190.0794925056503, 2197.1766714347896, 2251.6804109482896]];2016-10-09 12:00:00;2017-01-01 12:00:00;"{""strategy"": {""combine"": ""mean"", ""pool"": ""pool_full""}, ""origin"": ""baseline"", ""loop"": {""final_attempt"": ""a1"", ""strategy"": {""combine"": ""mean"", ""pool"": ""pool_full""}, ""iterations_used"": 1, ""stop_reason"": ""laya_accept"", ""trace"": []}, ""score"": 0.6889, ""gate_scores"": null}";baseline;1;laya_accept;0.08411103754868757;185.26780638755972;laya_multilingual_laya_v5_reasoning_text
266;13;orchestrator_laya_laya_v5_reasoning;0.13917241177546963;8.333333333333334;0.1509953054705307;668.0719256663542;0.15099321354488235;548.5205070587913;[[3031.2, 2833.0, 3121.8, 3662.4, 3801.4, 3635.9, 3732.4, 2989.6, 4445.3, 4025.2, 4599.9, 4366.5, 3613.2]];[[3151.75562789, 3213.0436273914283, 3192.8043332171433, 3301.5904300357147, 3244.6349103714288, 3313.192462224285, 3289.4296147185714, 3322.4394703842854, 3304.4683774571427, 3353.7971660485714, 3269.5836299757143, 3289.35242941, 3289.827446877143]];2014-10-12 12:00:00;2015-01-04 12:00:00;"{""strategy"": {""combine"": ""trimmed_mean"", ""pool"": ""pool3"", ""trim_pct"": 0.2}, ""origin"": ""baseline"", ""loop"": {""final_attempt"": ""a9"", ""strategy"": {""combine"": ""trimmed_mean"", ""pool"": ""pool3"", ""trim_pct"": 0.2}, ""iterations_used"": 1, ""stop_reason"": ""laya_accept"", ""trace"": []}, ""score"": 0.4412, ""gate_scores"": null}";baseline;1;laya_accept;0.1509953054705307;668.0719256663542;laya_multilingual_laya_v5_reasoning_text
267;13;orchestrator_laya_laya_v5_reasoning;0.04462924208579073;66.66666666666667;0.04331638247397097;67.0719378150972;0.04331472745335378;56.70763805692309;[[1306.27, 1382.07, 1271.27, 1314.49, 1308.47, 1194.08, 1259.07, 1298.64, 1304.74, 1285.92, 1251.62, 1308.33, 1369.04]];[[1353.41664131, 1360.7630998, 1363.41317129, 1372.37951437, 1363.01065756, 1348.37363994, 1342.06410872, 1333.15630385, 1333.94448625, 1320.43550864, 1324.14470596, 1325.79849164, 1330.38483499]];2016-10-09 12:00:00;2017-01-01 12:00:00;"{""strategy"": {""combine"": ""median"", ""pool"": ""pool_full""}, ""origin"": ""baseline"", ""loop"": {""final_attempt"": ""a2"", ""strategy"": {""combine"": ""median"", ""pool"": ""pool_full""}, ""iterations_used"": 1, ""stop_reason"": ""laya_accept"", ""trace"": []}, ""score"": 0.647, ""gate_scores"": null}";baseline;1;laya_accept;0.04331638247397097;67.0719378150972;laya_multilingual_laya_v5_reasoning_text
268;13;orchestrator_laya_laya_v5_reasoning;0.05103981877043389;41.666666666666664;0.04945422977601002;70.74594113615817;0.049452283196072894;62.8327023962299;[[1258.78, 1335.44, 1229.92, 1305.02, 1251.08, 1192.61, 1232.56, 1280.13, 1217.91, 1237.3, 1200.59, 1223.0, 1325.46]];[[1321.554004993548, 1307.1574624518587, 1312.9649485271068, 1317.3287769038136, 1324.340865114333, 1315.626870414248, 1307.7995457775369, 1304.4500638145314, 1299.0075714243458, 1291.963397212092, 1297.6780011918374, 1308.2030859475099, 1341.9854622819444]];2016-10-09 12:00:00;2017-01-01 12:00:00;"{""strategy"": {""combine"": ""mean"", ""pool"": ""pool_full""}, ""origin"": ""baseline"", ""loop"": {""final_attempt"": ""a1"", ""strategy"": {""combine"": ""mean"", ""pool"": ""pool_full""}, ""iterations_used"": 1, ""stop_reason"": ""laya_accept"", ""trace"": []}, ""score"": 0.7056, ""gate_scores"": null}";baseline;1;laya_accept;0.04945422977601002;70.74594113615817;laya_multilingual_laya_v5_reasoning_text
269;13;orchestrator_laya_laya_v5_reasoning;0.04827577938874936;25.0;0.04984025391293205;458.30658726056254;0.04983994274993918;399.2071023309893;[[7727.9, 8061.2, 7905.6, 7710.1, 7937.5, 7954.8, 8244.7, 8336.4, 8431.2, 8311.7, 8421.9, 8301.7, 8375.9]];[[7783.767847715715, 7720.754487575714, 7719.460600914286, 7745.59983257143, 7744.3899870357145, 7728.145404917143, 7708.169314041428, 7737.550739332857, 7747.181746624286, 7783.713948632857, 7762.774947078571, 7769.955700618571, 7762.178473212858]];2014-10-12 12:00:00;2015-01-04 12:00:00;"{""strategy"": {""combine"": ""trimmed_mean"", ""pool"": ""pool3"", ""trim_pct"": 0.2}, ""origin"": ""baseline"", ""loop"": {""final_attempt"": ""a9"", ""strategy"": {""combine"": ""trimmed_mean"", ""pool"": ""pool3"", ""trim_pct"": 0.2}, ""iterations_used"": 1, ""stop_reason"": ""laya_accept"", ""trace"": []}, ""score"": 0.0476, ""gate_scores"": null}";baseline;1;laya_accept;0.04984025391293205;458.30658726056254;laya_multilingual_laya_v5_reasoning_text
270;13;orchestrator_laya_laya_v5_reasoning;0.06290018789036468;58.333333333333336;0.0654042125157824;559.8824378121893;0.06540378899895255;505.0972174938462;[[7661.3, 7754.9, 7634.3, 7495.5, 7846.8, 7899.6, 8028.8, 8126.1, 8295.7, 8169.0, 8102.7, 7990.4, 8058.8]];[[7570.704064894287, 7459.071652951429, 7382.280733092857, 7414.910244088572, 7361.495879874286, 7349.264463887143, 7372.421908005714, 7390.968010329999, 7417.064052305714, 7453.661630501428, 7450.791385284285, 7432.043333685715, 7442.958813678572]];2014-10-12 12:00:00;2015-01-04 12:00:00;"{""strategy"": {""combine"": ""mean"", ""pool"": ""pool2""}, ""origin"": ""baseline"", ""loop"": {""final_attempt"": ""a6"", ""strategy"": {""combine"": ""mean"", ""pool"": ""pool2""}, ""iterations_used"": 1, ""stop_reason"": ""laya_accept"", ""trace"": []}, ""score"": 0.2612, ""gate_scores"": null}";baseline;1;laya_accept;0.0654042125157824;559.8824378121893;laya_multilingual_laya_v5_reasoning_text
271;13;orchestrator_laya_laya_v5_reasoning;0.033084077138603334;75.0;0.032450397436541316;33.86956308533461;0.03244871234237771;31.244619704725245;[[974.11, 971.93, 949.5, 952.55, 956.53, 955.04, 928.78, 934.69, 937.57, 942.2, 943.45, 949.25, 951.63]];[[981.2282856614287, 979.0035900171426, 979.4214927571429, 979.014253197143, 981.9764985885714, 981.3899810542856, 980.6301216114285, 982.0614754328572, 982.6664596485714, 980.3095931285714, 981.642528442857, 981.6482120257142, 982.4175645957142]];2016-10-09 12:00:00;2017-01-01 12:00:00;"{""strategy"": {""combine"": ""trimmed_mean"", ""pool"": ""pool3"", ""trim_pct"": 0.2}, ""origin"": ""baseline"", ""loop"": {""final_attempt"": ""a9"", ""strategy"": {""combine"": ""trimmed_mean"", ""pool"": ""pool3"", ""trim_pct"": 0.2}, ""iterations_used"": 1, ""stop_reason"": ""laya_accept"", ""trace"": []}, ""score"": 0.2093, ""gate_scores"": null}";baseline;1;laya_accept;0.032450397436541316;33.86956308533461;laya_multilingual_laya_v5_reasoning_text
272;13;orchestrator_laya_laya_v5_reasoning;0.02490444225417388;41.666666666666664;0.02533227182068643;197.7218814887816;0.025332081744546812;168.81427594914524;[[6542.2, 6602.2, 6631.8, 6704.4, 6867.5, 6809.7, 6853.3, 6828.4, 6750.5, 6774.3, 6767.8, 6564.6, 6614.5]];[[6478.084166175557, 6507.314399303334, 6550.531090615555, 6535.73756, 6523.227070146666, 6546.482820032223, 6545.034035785555, 6564.773775076666, 6569.797323923333, 6579.630456137778, 6578.104362076667, 6598.2148168211115, 6606.91217020889]];2016-10-09 12:00:00;2017-01-01 12:00:00;"{""strategy"": {""combine"": ""mean"", ""pool"": ""pool3""}, ""origin"": ""baseline"", ""loop"": {""final_attempt"": ""a8"", ""strategy"": {""combine"": ""mean"", ""pool"": ""pool3""}, ""iterations_used"": 1, ""stop_reason"": ""laya_accept"", ""trace"": []}, ""score"": 0.1814, ""gate_scores"": null}";baseline;1;laya_accept;0.02533227182068643;197.7218814887816;laya_multilingual_laya_v5_reasoning_text
273;13;orchestrator_laya_laya_v5_reasoning;0.19387843787928286;41.666666666666664;0.17497757857433324;141.80995919108125;0.1749662928010739;135.69268803494504;[[751.43, 767.3, 750.92, 746.57, 723.49, 710.28, 703.22, 718.78, 716.11, 677.92, 690.52, 665.01, 640.57]];[[832.2326331928572, 837.333945537143, 841.8902863671428, 847.5667207371428, 846.4494121071428, 847.6203270328571, 850.4874064228571, 851.8970964228572, 855.87913665, 854.1540046742858, 853.1846164942857, 852.9579819742856, 854.4713768414285]];2016-10-09 12:00:00;2017-01-01 12:00:00;"{""strategy"": {""combine"": ""mean"", ""pool"": ""pool2""}, ""origin"": ""baseline"", ""loop"": {""final_attempt"": ""a6"", ""strategy"": {""combine"": ""mean"", ""pool"": ""pool2""}, ""iterations_used"": 1, ""stop_reason"": ""laya_accept"", ""trace"": []}, ""score"": 0.3373, ""gate_scores"": null}";baseline;1;laya_accept;0.17497757857433324;141.80995919108125;laya_multilingual_laya_v5_reasoning_text
274;13;orchestrator_laya_laya_v5_reasoning;0.1175905231778703;50.0;0.1098440107612275;976.8889264702235;0.10984334287608706;903.5849429553845;[[8139.8, 8273.4, 8130.4, 8033.0, 7710.8, 7969.4, 7874.9, 7911.2, 7960.5, 7563.1, 7756.4, 7432.5, 7050.0]];[[8718.601668070001, 8691.098322243999, 8670.860862024001, 8666.71944391, 8691.989529153998, 8668.455338673999, 8672.32100236, 8707.38768674, 8761.296235472, 8824.617338814, 8825.631188345998, 8818.269185018002, 8834.756457594]];2016-10-09 12:00:00;2017-01-01 12:00:00;"{""strategy"": {""combine"": ""trimmed_mean"", ""pool"": ""pool2"", ""trim_pct"": 0.2}, ""origin"": ""baseline"", ""loop"": {""final_attempt"": ""a7"", ""strategy"": {""combine"": ""trimmed_mean"", ""pool"": ""pool2"", ""trim_pct"": 0.2}, ""iterations_used"": 1, ""stop_reason"": ""laya_accept"", ""trace"": []}, ""score"": 0.5929, ""gate_scores"": null}";baseline;1;laya_accept;0.1098440107612275;976.8889264702235;laya_multilingual_laya_v5_reasoning_text
275;13;orchestrator_laya_laya_v5_reasoning;0.025824229803158235;33.333333333333336;0.02590146201247652;343.12756872232006;0.02590134940910732;297.99458755615314;[[11409.5, 11408.2, 11485.6, 11820.4, 11735.0, 12147.0, 11899.3, 11303.7, 11336.7, 11585.8, 11662.6, 11191.2, 10895.7]];[[11203.691248379999, 11223.341458316667, 11336.438761266667, 11535.148153896667, 11448.058081576666, 11466.744909503335, 11485.673193416667, 11545.77032332, 11536.47385956, 11484.890713763334, 11474.32747836, 11499.798793529999, 11524.100660299999]];2016-10-09 12:00:00;2017-01-01 12:00:00;"{""strategy"": {""combine"": ""trimmed_mean"", ""pool"": ""pool1"", ""trim_pct"": 0.2}, ""origin"": ""baseline"", ""loop"": {""final_attempt"": ""a5"", ""strategy"": {""combine"": ""trimmed_mean"", ""pool"": ""pool1"", ""trim_pct"": 0.2}, ""iterations_used"": 1, ""stop_reason"": ""laya_accept"", ""trace"": []}, ""score"": 0.354, ""gate_scores"": null}";baseline;1;laya_accept;0.02590146201247652;343.12756872232006;laya_multilingual_laya_v5_reasoning_text
276;13;orchestrator_laya_laya_v5_reasoning;0.015000150502335859;91.66666666666667;0.01560189159405216;107.25825390750282;0.015601638758734455;48.24731290857142;[[3257.323, 3271.85, 3284.499, 3248.314, 3162.48, 3345.109, 3283.453, 3260.614, 3232.998, 3257.269, 3299.522, 3306.657, 3294.326]];[[3249.450477508571, 3255.926392455714, 3259.837004005715, 3243.69287589, 2788.596479254286, 3265.9805969000004, 3254.97322821, 3260.6799801742854, 3246.423090161429, 3276.2940364757146, 3278.167685022857, 3287.4078549628575, 3274.80144479]];2016-10-09 12:00:00;2017-01-01 12:00:00;"{""strategy"": {""combine"": ""mean"", ""pool"": ""pool2""}, ""origin"": ""baseline"", ""loop"": {""final_attempt"": ""a6"", ""strategy"": {""combine"": ""mean"", ""pool"": ""pool2""}, ""iterations_used"": 1, ""stop_reason"": ""laya_accept"", ""trace"": []}, ""score"": -0.0303, ""gate_scores"": null}";baseline;1;laya_accept;0.01560189159405216;107.25825390750282;laya_multilingual_laya_v5_reasoning_text
277;13;orchestrator_laya_laya_v5_reasoning;0.04580307772522808;75.0;0.044407702522502666;67.09469077830076;0.04440594956326022;56.27014822153849;[[1261.984, 1332.9, 1226.2, 1267.01, 1266.63, 1153.61, 1217.88, 1256.22, 1260.13, 1249.54, 1214.15, 1271.59, 1333.46]];[[1312.40097147, 1327.33478444, 1320.02253406, 1329.03785676, 1322.70733349, 1304.96350492, 1299.64170813, 1296.3382485, 1288.70899045, 1283.99839502, 1282.89732018, 1284.98014077, 1288.26629243]];2016-10-09 12:00:00;2017-01-01 12:00:00;"{""strategy"": {""combine"": ""median"", ""pool"": ""pool_full""}, ""origin"": ""baseline"", ""loop"": {""final_attempt"": ""a2"", ""strategy"": {""combine"": ""median"", ""pool"": ""pool_full""}, ""iterations_used"": 1, ""stop_reason"": ""laya_accept"", ""trace"": []}, ""score"": 0.5834, ""gate_scores"": null}";baseline;1;laya_accept;0.044407702522502666;67.09469077830076;laya_multilingual_laya_v5_reasoning_text
278;13;orchestrator_laya_laya_v5_reasoning;0.08634460352892546;41.666666666666664;0.08191964689586227;114.0170336747969;0.08191636938707497;102.39194513351643;[[1212.443, 1284.81, 1181.98, 1256.58, 1204.17, 1146.31, 1184.67, 1231.88, 1164.92, 1195.17, 1157.35, 1182.41, 1284.83]];[[1275.024714562857, 1272.8199284000002, 1280.2169220928572, 1292.5900655671428, 1306.2007256314287, 1312.6069551814285, 1307.5326974228572, 1312.1683486671427, 1310.1107185457145, 1321.3315290128571, 1333.3751702914287, 1337.5653599042855, 1333.0950082557142]];2016-10-09 12:00:00;2017-01-01 12:00:00;"{""strategy"": {""combine"": ""mean"", ""pool"": ""pool2""}, ""origin"": ""baseline"", ""loop"": {""final_attempt"": ""a6"", ""strategy"": {""combine"": ""mean"", ""pool"": ""pool2""}, ""iterations_used"": 1, ""stop_reason"": ""laya_accept"", ""trace"": []}, ""score"": 0.4897, ""gate_scores"": null}";baseline;1;laya_accept;0.08191964689586227;114.0170336747969;laya_multilingual_laya_v5_reasoning_text
279;13;orchestrator_laya_laya_v5_reasoning;0.012171040875245776;50.0;0.012250794057829814;68.88724719903784;0.012250681335452292;66.57104617707697;[[5447.979, 5462.14, 5487.29, 5483.53, 5478.69, 5471.28, 5473.97, 5487.77, 5448.53, 5428.96, 5440.01, 5462.1, 5471.9]];[[5397.696104539999, 5396.4882124900005, 5398.903050774, 5396.50092483, 5396.9624772120005, 5397.912349186, 5404.133367452, 5399.6711286419995, 5392.999587618, 5398.049359392, 5399.370647452, 5402.251628606, 5397.786561503999]];2016-10-09 12:00:00;2017-01-01 12:00:00;"{""strategy"": {""combine"": ""mean"", ""pool"": ""pool1""}, ""origin"": ""baseline"", ""loop"": {""final_attempt"": ""a4"", ""strategy"": {""combine"": ""mean"", ""pool"": ""pool1""}, ""iterations_used"": 1, ""stop_reason"": ""laya_accept"", ""trace"": []}, ""score"": 0.0176, ""gate_scores"": null}";baseline;1;laya_accept;0.012250794057829814;68.88724719903784;laya_multilingual_laya_v5_reasoning_text
280;13;orchestrator_laya_laya_v5_reasoning;0.05018110514931513;75.0;0.05243074184111028;127.93083490593334;0.052429318825168145;96.62931645247858;[[1756.0, 1849.0, 1859.0, 1774.0, 1799.0, 1895.0, 1793.0, 1730.0, 1815.0, 1919.0, 1963.0, 1977.0, 2010.0]];[[1722.2965102311111, 1774.58918052, 1758.4866051344445, 1780.4341819444444, 1782.6109237977778, 1819.0778618155555, 1778.7820220544445, 1720.1875183833336, 1736.6010533022222, 1752.524608548889, 1765.393606687778, 1749.986399031111, 1754.7167785555557]];2016-10-23 12:00:00;2017-01-15 12:00:00;"{""strategy"": {""combine"": ""mean"", ""pool"": ""pool3""}, ""origin"": ""baseline"", ""loop"": {""final_attempt"": ""a8"", ""strategy"": {""combine"": ""mean"", ""pool"": ""pool3""}, ""iterations_used"": 1, ""stop_reason"": ""laya_accept"", ""trace"": []}, ""score"": 0.6463, ""gate_scores"": null}";baseline;1;laya_accept;0.05243074184111028;127.93083490593334;laya_multilingual_laya_v5_reasoning_text
281;13;orchestrator_laya_laya_v5_reasoning;0.011159314736229461;83.33333333333333;0.011055175523768042;30.569472732669304;0.011054915590342964;23.50927891659344;[[2144.366551, 2155.275445, 2134.710461, 2155.964119, 2136.584281, 2111.357748, 2151.224229, 2102.505934, 2097.694159, 2081.464003, 2116.373998, 2109.410461, 2135.181639]];[[2143.8458844528573, 2149.597352022857, 2156.74891338, 2153.553568887143, 2144.9594565314287, 2142.7467064585717, 2148.723056305714, 2148.5659607071425, 2145.9529360385714, 2144.119676017143, 2144.77006652, 2144.4767840757145, 2147.452327855714]];2016-10-23 12:00:00;2017-01-15 12:00:00;"{""strategy"": {""combine"": ""trimmed_mean"", ""pool"": ""pool3"", ""trim_pct"": 0.2}, ""origin"": ""baseline"", ""loop"": {""final_attempt"": ""a9"", ""strategy"": {""combine"": ""trimmed_mean"", ""pool"": ""pool3"", ""trim_pct"": 0.2}, ""iterations_used"": 1, ""stop_reason"": ""laya_accept"", ""trace"": []}, ""score"": -0.0804, ""gate_scores"": null}";baseline;1;laya_accept;0.011055175523768042;30.569472732669304;laya_multilingual_laya_v5_reasoning_text
282;13;orchestrator_laya_laya_v5_reasoning;0.0518245672806894;33.333333333333336;0.04973521838060076;21.029645004282486;0.049727837044310594;16.758911317094025;[[338.554154, 335.62152, 339.293614, 334.767926, 346.838264, 348.526527, 321.768721, 345.408096, 330.985181, 329.278867, 317.836472, 335.474349, 303.970852]];[[344.1846000011111, 349.8107188711111, 349.57870863666665, 350.45089370333335, 349.2523013011111, 349.6042479211111, 349.56150009444445, 349.9131048266667, 350.3770431766667, 350.68262339555554, 351.0831706866667, 350.97869440333335, 350.71278310444444]];2016-10-23 12:00:00;2017-01-15 12:00:00;"{""strategy"": {""combine"": ""mean"", ""pool"": ""pool3""}, ""origin"": ""baseline"", ""loop"": {""final_attempt"": ""a8"", ""strategy"": {""combine"": ""mean"", ""pool"": ""pool3""}, ""iterations_used"": 1, ""stop_reason"": ""laya_accept"", ""trace"": []}, ""score"": -0.0723, ""gate_scores"": null}";baseline;1;laya_accept;0.04973521838060076;21.029645004282486;laya_multilingual_laya_v5_reasoning_text
283;13;orchestrator_laya_laya_v5_reasoning;0.04242532025186042;50.0;0.04160483037055414;30.185581609452278;0.04160112657413977;23.39165430307693;[[572.83, 578.84, 601.86, 577.06, 575.18, 583.88, 583.42, 586.89, 590.86, 592.64, 588.47, 514.43, 504.2]];[[568.18598921, 569.96527714, 568.73092181, 565.51712145, 564.13465574, 566.34864965, 568.37816907, 572.27071853, 571.80113303, 571.43004547, 571.0750799, 573.13751535, 575.49175159]];2016-11-27 12:00:00;2017-02-19 12:00:00;"{""strategy"": {""combine"": ""median"", ""pool"": ""pool_full""}, ""origin"": ""baseline"", ""loop"": {""final_attempt"": ""a2"", ""strategy"": {""combine"": ""median"", ""pool"": ""pool_full""}, ""iterations_used"": 1, ""stop_reason"": ""laya_accept"", ""trace"": []}, ""score"": -0.015, ""gate_scores"": null}";baseline;1;laya_accept;0.04160483037055414;30.185581609452278;laya_multilingual_laya_v5_reasoning_text
284;13;orchestrator_laya_laya_v5_reasoning;0.4238045923975763;58.333333333333336;0.3486309551239709;302.3252078040877;0.34861063225562694;299.27509528695833;[[692.124, 687.527, 691.085, 705.06, 706.426, 697.053, 691.771, 695.644, 716.192, 722.715, 721.569, 721.882, 739.725]];[[951.9957966439752, 958.528647515156, 979.5125783996616, 972.1404106358268, 998.8421916481798, 995.3567665492868, 1006.1394557345078, 1115.7756457663006, 995.6240179892034, 1061.6666331081815, 1023.8319918775126, 1037.6537243197897, 982.2813785428771]];2016-11-27 12:00:00;2017-02-19 12:00:00;"{""strategy"": {""combine"": ""mean"", ""pool"": ""pool_full""}, ""origin"": ""baseline"", ""loop"": {""final_attempt"": ""a1"", ""strategy"": {""combine"": ""mean"", ""pool"": ""pool_full""}, ""iterations_used"": 1, ""stop_reason"": ""laya_accept"", ""trace"": []}, ""score"": 0.6667, ""gate_scores"": null}";baseline;1;laya_accept;0.3486309551239709;302.3252078040877;laya_multilingual_laya_v5_reasoning_text
285;13;orchestrator_laya_laya_v5_reasoning;0.028757555845322948;66.66666666666667;0.028174458147507523;358.4405009447282;0.028174325690605056;299.66996578017086;[[10549.0, 10683.7, 10413.7, 10294.3, 10494.1, 10588.0, 10359.7, 10236.7, 10403.6, 10394.8, 10697.7, 10778.3, 10831.8]];[[10594.798996294445, 10665.096854552223, 10632.163304353333, 10712.69615134, 10751.780647754444, 10840.63573016889, 10826.765730522222, 10876.050948101112, 10989.344561488888, 10909.047086294444, 10898.561195697777, 10945.428494623333, 10941.533563055556]];2016-11-27 12:00:00;2017-02-19 12:00:00;"{""strategy"": {""combine"": ""mean"", ""pool"": ""pool3""}, ""origin"": ""baseline"", ""loop"": {""final_attempt"": ""a8"", ""strategy"": {""combine"": ""mean"", ""pool"": ""pool3""}, ""iterations_used"": 1, ""stop_reason"": ""laya_accept"", ""trace"": []}, ""score"": 0.0025, ""gate_scores"": null}";baseline;1;laya_accept;0.028174458147507523;358.4405009447282;laya_multilingual_laya_v5_reasoning_text
286;13;orchestrator_laya_laya_v5_reasoning;0.033616935490888566;75.0;0.034333047799147566;89.8099603497294;0.03433229965360824;78.78711432769241;[[2187.16, 2205.63, 2214.48, 2228.7, 2312.59, 2368.47, 2384.82, 2353.87, 2374.86, 2351.83, 2331.47, 2340.08, 2351.46]];[[2214.8822355719994, 2231.334999974, 2228.2166860240004, 2239.2896032500003, 2242.82244153, 2248.3299131819995, 2248.7262865639996, 2246.607728806, 2247.591279006, 2243.697809462, 2247.55934377, 2248.941626892, 2248.6946093479996]];2016-11-27 12:00:00;2017-02-19 12:00:00;"{""strategy"": {""combine"": ""trimmed_mean"", ""pool"": ""pool2"", ""trim_pct"": 0.2}, ""origin"": ""baseline"", ""loop"": {""final_attempt"": ""a7"", ""strategy"": {""combine"": ""trimmed_mean"", ""pool"": ""pool2"", ""trim_pct"": 0.2}, ""iterations_used"": 1, ""stop_reason"": ""laya_accept"", ""trace"": []}, ""score"": 0.0452, ""gate_scores"": null}";baseline;1;laya_accept;0.034333047799147566;89.8099603497294;laya_multilingual_laya_v5_reasoning_text
287;13;orchestrator_laya_laya_v5_reasoning;0.006144631646741606;41.666666666666664;0.006110521116554125;64.80940394054927;0.006110481941032395;47.65558782736298;[[7742.4, 7742.4, 7747.4, 7750.3, 7712.9, 7875.2, 7871.1, 7867.6, 7867.8, 7865.8, 7865.3, 7841.8, 7779.9]];[[7814.537582328572, 7823.386849711429, 7835.030302755714, 7842.420431760001, 7843.664863874286, 7854.671380004286, 7859.478562231428, 7866.490922287143, 7870.355142857144, 7864.5089190842855, 7866.703780421429, 7867.930426999999, 7871.143044654286]];2016-11-27 12:00:00;2017-02-19 12:00:00;"{""strategy"": {""combine"": ""trimmed_mean"", ""pool"": ""pool3"", ""trim_pct"": 0.2}, ""origin"": ""baseline"", ""loop"": {""final_attempt"": ""a9"", ""strategy"": {""combine"": ""trimmed_mean"", ""pool"": ""pool3"", ""trim_pct"": 0.2}, ""iterations_used"": 1, ""stop_reason"": ""laya_accept"", ""trace"": []}, ""score"": -0.047, ""gate_scores"": null}";baseline;1;laya_accept;0.006110521116554125;64.80940394054927;laya_multilingual_laya_v5_reasoning_text
288;13;orchestrator_laya_laya_v5_reasoning;0.03991563237604598;58.333333333333336;0.03887635911961639;463.9016163258732;0.03887616692434267;393.23295348197814;[[9790.0, 9800.0, 10160.0, 9960.0, 9920.0, 9710.0, 10070.0, 9970.0, 10000.0, 9770.0, 9840.0, 9840.0, 9750.0]];[[9928.027234012856, 9965.879952544286, 9953.21402981857, 9859.742977708569, 10264.005382547142, 10125.413840122857, 10170.181230788572, 10206.931101618571, 10590.193756381428, 10466.47966795, 10493.183716511428, 10507.224131325715, 10547.465388989998]];2015-04-05 12:00:00;2015-06-28 12:00:00;"{""strategy"": {""combine"": ""trimmed_mean"", ""pool"": ""pool3"", ""trim_pct"": 0.2}, ""origin"": ""baseline"", ""loop"": {""final_attempt"": ""a9"", ""strategy"": {""combine"": ""trimmed_mean"", ""pool"": ""pool3"", ""trim_pct"": 0.2}, ""iterations_used"": 1, ""stop_reason"": ""laya_accept"", ""trace"": []}, ""score"": 0.1457, ""gate_scores"": null}";baseline;1;laya_accept;0.03887635911961639;463.9016163258732;laya_multilingual_laya_v5_reasoning_text
289;13;orchestrator_laya_laya_v5_reasoning;0.055584941266685686;75.0;0.05717402606529842;1042.6812386252063;0.05717383875664368;873.1867623015386;[[15593.6, 15096.7, 13956.7, 14349.8, 14700.6, 15026.8, 14956.2, 15354.3, 15842.4, 16424.9, 16261.7, 16238.3, 16523.1]];[[15328.10734895, 15383.14366198, 14903.12272076, 15074.88128108, 15136.66490517, 15067.71098288, 14717.67541205, 14457.64297159, 14706.89289469, 14848.43775333, 14814.50078505, 14605.25402008, 14799.48445621]];2015-04-05 12:00:00;2015-06-28 12:00:00;"{""strategy"": {""combine"": ""median"", ""pool"": ""pool_full""}, ""origin"": ""baseline"", ""loop"": {""final_attempt"": ""a2"", ""strategy"": {""combine"": ""median"", ""pool"": ""pool_full""}, ""iterations_used"": 1, ""stop_reason"": ""laya_accept"", ""trace"": []}, ""score"": 0.3666, ""gate_scores"": null}";baseline;1;laya_accept;0.05717402606529842;1042.6812386252063;laya_multilingual_laya_v5_reasoning_text
290;13;orchestrator_laya_laya_v5_reasoning;0.1372313595246907;41.666666666666664;0.1269617133041405;1142.7252709891116;0.12696095277710123;1059.9669063026151;[[7931.0, 7981.7, 7898.8, 8095.8, 7630.4, 8375.1, 8041.0, 8141.3, 7431.5, 7448.9, 7899.0, 7716.7, 7367.0]];[[8541.477308004, 8716.201900418, 8722.572976894, 8701.039003098, 8783.59618045, 8832.469637932, 8904.956980376, 8949.02807094, 9086.688056472, 9031.626454128, 9184.481464086, 9138.098815712, 9145.532933424]];2017-07-23 12:00:00;2017-10-15 12:00:00;"{""strategy"": {""combine"": ""mean"", ""pool"": ""pool1""}, ""origin"": ""baseline"", ""loop"": {""final_attempt"": ""a4"", ""strategy"": {""combine"": ""mean"", ""pool"": ""pool1""}, ""iterations_used"": 1, ""stop_reason"": ""laya_accept"", ""trace"": []}, ""score"": 0.3214, ""gate_scores"": null}";baseline;1;laya_accept;0.1269617133041405;1142.7252709891116;laya_multilingual_laya_v5_reasoning_text
291;13;orchestrator_laya_laya_v5_reasoning;0.0952517543333943;58.333333333333336;0.09044947023631476;1700.059190591939;0.09044921798994607;1622.1891793460004;[[17618.9, 17397.7, 17308.2, 17341.1, 16890.5, 17910.6, 17573.8, 17610.4, 16916.2, 16970.8, 17256.0, 16901.0, 15827.8]];[[18566.380416268, 18906.168551243998, 18827.223642806002, 18509.509005394, 18436.310625634, 18768.250824860002, 19147.859133076, 18993.85421607, 18938.301875416, 19032.21487543, 18932.204491638, 18852.329615066003, 18700.852058596]];2017-07-23 12:00:00;2017-10-15 12:00:00;"{""strategy"": {""combine"": ""trimmed_mean"", ""pool"": ""pool2"", ""trim_pct"": 0.2}, ""origin"": ""baseline"", ""loop"": {""final_attempt"": ""a7"", ""strategy"": {""combine"": ""trimmed_mean"", ""pool"": ""pool2"", ""trim_pct"": 0.2}, ""iterations_used"": 1, ""stop_reason"": ""laya_accept"", ""trace"": []}, ""score"": 0.163, ""gate_scores"": null}";baseline;1;laya_accept;0.09044947023631476;1700.059190591939;laya_multilingual_laya_v5_reasoning_text
292;13;orchestrator_laya_laya_v5_reasoning;0.15553635611567398;83.33333333333333;0.18515330453488657;630.321250002993;0.18514887170975391;394.35949866178873;[[1873.0, 1748.0, 3351.0, 2824.0, 2482.0, 1905.0, 1900.0, 1817.0, 1985.0, 1709.0, 1949.0, 1641.0, 1941.0]];[[1877.0772230287448, 1643.1552265997564, 1692.231171518987, 1568.466739318859, 1751.1612081967817, 1574.379233596327, 1723.3566941722227, 1642.724938742726, 1771.987668279554, 1610.2087742850058, 1724.823170534551, 1675.821701078829, 1820.7306162595487]];2017-07-23 12:00:00;2017-10-15 12:00:00;"{""strategy"": {""combine"": ""mean"", ""pool"": ""pool_full""}, ""origin"": ""baseline"", ""loop"": {""final_attempt"": ""a1"", ""strategy"": {""combine"": ""mean"", ""pool"": ""pool_full""}, ""iterations_used"": 1, ""stop_reason"": ""laya_accept"", ""trace"": []}, ""score"": 0.6056, ""gate_scores"": null}";baseline;1;laya_accept;0.18515330453488657;630.321250002993;laya_multilingual_laya_v5_reasoning_text
293;13;orchestrator_laya_laya_v5_reasoning;0.16040674619135903;58.333333333333336;0.14443919872969319;224.4497527158522;0.14443376208125905;192.4980741902007;[[1255.8, 1480.5, 1196.1, 1618.8, 1318.5, 1427.8, 1197.9, 1301.9, 996.0, 1153.8, 1343.5, 1270.2, 1210.1]];[[1502.95107551966, 1470.1982883397097, 1438.3961506503556, 1453.1298191566002, 1444.7376027215255, 1450.9724053088185, 1449.5486774858693, 1448.3334711704144, 1432.9418735918443, 1459.9485110573844, 1429.4911185196206, 1436.1683944449794, 1504.6137914984467]];2017-07-23 12:00:00;2017-10-15 12:00:00;"{""strategy"": {""combine"": ""mean"", ""pool"": ""pool_full""}, ""origin"": ""baseline"", ""loop"": {""final_attempt"": ""a1"", ""strategy"": {""combine"": ""mean"", ""pool"": ""pool_full""}, ""iterations_used"": 1, ""stop_reason"": ""laya_accept"", ""trace"": []}, ""score"": 0.6833, ""gate_scores"": null}";baseline;1;laya_accept;0.14443919872969319;224.4497527158522;laya_multilingual_laya_v5_reasoning_text
294;13;orchestrator_laya_laya_v5_reasoning;0.223902855395813;41.666666666666664;0.19637700923738285;808.1595696058497;0.19637429773188447;714.8395560415489;[[3090.0, 3218.0, 3071.0, 3054.0, 3124.0, 3185.0, 3205.0, 3158.0, 3235.0, 3157.0, 3002.0, 3736.0, 3258.0]];[[3491.7026940923106, 3453.297939176567, 3462.373351979631, 3488.225302393096, 3553.517171988575, 3657.098554427489, 3748.1004918524795, 3886.1557539665428, 4123.5019286862225, 4261.1353710019575, 4384.235800844962, 4581.134901971031, 4695.434966159272]];2017-07-16 12:00:00;2017-10-08 12:00:00;"{""strategy"": {""combine"": ""mean"", ""pool"": ""pool_full""}, ""origin"": ""baseline"", ""loop"": {""final_attempt"": ""a1"", ""strategy"": {""combine"": ""mean"", ""pool"": ""pool_full""}, ""iterations_used"": 1, ""stop_reason"": ""laya_accept"", ""trace"": []}, ""score"": 0.6833, ""gate_scores"": null}";baseline;1;laya_accept;0.19637700923738285;808.1595696058497;laya_multilingual_laya_v5_reasoning_text
295;13;orchestrator_laya_laya_v5_reasoning;0.14560687722667504;75.0;0.1271001073986404;488.9808268358656;0.12709785159040896;361.7357148268651;[[3427.0, 2655.0, 2957.0, 3214.0, 2609.0, 1843.0, 2775.0, 3629.0, 3045.0, 2894.0, 2500.0, 3242.0, 3062.0]];[[3086.7087863206625, 3010.190291175244, 3092.5526184068563, 3199.415013422857, 3196.0002211351284, 3147.082757877442, 3047.573022964083, 3156.064184773934, 3146.716763282395, 3151.8017670848685, 3133.866690349335, 3140.048731812186, 3187.0168768035333]];2017-07-16 12:00:00;2017-10-08 12:00:00;"{""strategy"": {""combine"": ""mean"", ""pool"": ""pool1""}, ""origin"": ""baseline"", ""loop"": {""final_attempt"": ""a4"", ""strategy"": {""combine"": ""mean"", ""pool"": ""pool1""}, ""iterations_used"": 1, ""stop_reason"": ""laya_accept"", ""trace"": []}, ""score"": 0.6557, ""gate_scores"": null}";baseline;1;laya_accept;0.1271001073986404;488.9808268358656;laya_multilingual_laya_v5_reasoning_text
296;13;orchestrator_laya_laya_v5_reasoning;0.10578809805952487;66.66666666666667;0.09945633436564195;532.7718141956939;0.09945524495582697;461.9015080757832;[[5520.0, 4651.0, 4787.0, 5396.0, 4341.0, 3130.0, 4231.0, 4702.0, 5425.0, 4859.0, 4622.0, 5740.0, 5070.0]];[[4903.5643212981295, 5179.378647015529, 5179.378647015529, 5190.531561744478, 4932.491750874465, 4312.261354546783, 4897.058596308372, 5068.643335108778, 5063.6128054726405, 4924.297085141678, 5002.215918326152, 5317.8268916634315, 4843.470149173425]];2017-07-16 12:00:00;2017-10-08 12:00:00;"{""strategy"": {""combine"": ""dba"", ""pool"": ""pool_full"", ""dba_max_iter"": 30}, ""origin"": ""baseline"", ""loop"": {""final_attempt"": ""a3"", ""strategy"": {""combine"": ""dba"", ""pool"": ""pool_full"", ""dba_max_iter"": 30}, ""iterations_used"": 1, ""stop_reason"": ""laya_accept"", ""trace"": []}, ""score"": 0.653, ""gate_scores"": null}";baseline;1;laya_accept;0.09945633436564195;532.7718141956939;laya_multilingual_laya_v5_reasoning_text
297;13;orchestrator_laya_laya_v5_reasoning;0.22121656031200868;41.666666666666664;0.1757643211415587;795.1084922218542;0.1757616973919936;595.809053103154;[[3806.0, 2828.0, 3516.0, 3576.0, 2979.0, 1842.0, 3514.0, 4137.0, 3570.0, 3348.0, 3245.0, 4174.0, 3695.0]];[[3918.17302732393, 3705.803479680067, 3857.7700893468605, 3954.4443947690415, 3908.4215473830486, 4010.670477762316, 3863.794894075008, 3979.035496018771, 4002.9639589834387, 4041.105860586282, 4063.9989785166, 3982.8654478380195, 3988.2719257712015]];2017-07-16 12:00:00;2017-10-08 12:00:00;"{""strategy"": {""combine"": ""trimmed_mean"", ""pool"": ""pool1"", ""trim_pct"": 0.2}, ""origin"": ""baseline"", ""loop"": {""final_attempt"": ""a5"", ""strategy"": {""combine"": ""trimmed_mean"", ""pool"": ""pool1"", ""trim_pct"": 0.2}, ""iterations_used"": 1, ""stop_reason"": ""laya_accept"", ""trace"": []}, ""score"": 0.624, ""gate_scores"": null}";baseline;1;laya_accept;0.1757643211415587;795.1084922218542;laya_multilingual_laya_v5_reasoning_text
298;13;orchestrator_laya_laya_v5_reasoning;0.10174017601485731;66.66666666666667;0.09842170989848699;447.76383311296075;0.09842012501587044;310.2153847058487;[[3952.0, 3296.0, 3338.0, 3522.0, 3138.0, 2128.0, 2955.0, 3950.0, 3260.0, 3003.0, 2981.0, 3182.0, 3275.0]];[[3164.670970177435, 3130.4621765402817, 3193.126155932349, 3273.243398329606, 3200.1258109446394, 3138.8748491081637, 3074.5397472619943, 3091.798853345161, 3194.230694121217, 3180.642426925172, 3202.540659351831, 3277.3267570384755, 3199.7180010081934]];2017-07-16 12:00:00;2017-10-08 12:00:00;"{""strategy"": {""combine"": ""mean"", ""pool"": ""pool_full""}, ""origin"": ""baseline"", ""loop"": {""final_attempt"": ""a1"", ""strategy"": {""combine"": ""mean"", ""pool"": ""pool_full""}, ""iterations_used"": 1, ""stop_reason"": ""laya_accept"", ""trace"": []}, ""score"": 0.6889, ""gate_scores"": null}";baseline;1;laya_accept;0.09842170989848699;447.76383311296075;laya_multilingual_laya_v5_reasoning_text
299;13;orchestrator_laya_laya_v5_reasoning;0.1206519620197913;58.333333333333336;0.11408234195998844;273.0294736126362;0.11407912069300925;206.14433713977195;[[2374.0, 1834.0, 1881.0, 1979.0, 1699.0, 1155.0, 1765.0, 2300.0, 1820.0, 1777.0, 1643.0, 1919.0, 1892.0]];[[1855.7636219591218, 1901.0275268021282, 1881.6189863382547, 1881.6189863382547, 1880.2518605857617, 1756.108523519533, 1893.1224593130241, 1906.4252585922673, 1908.5796147519377, 1906.6542444885486, 1910.01164431661, 1980.2246316511712, 1745.91524206029]];2017-07-16 12:00:00;2017-10-08 12:00:00;"{""strategy"": {""combine"": ""dba"", ""pool"": ""pool_full"", ""dba_max_iter"": 30}, ""origin"": ""baseline"", ""loop"": {""final_attempt"": ""a3"", ""strategy"": {""combine"": ""dba"", ""pool"": ""pool_full"", ""dba_max_iter"": 30}, ""iterations_used"": 1, ""stop_reason"": ""laya_accept"", ""trace"": []}, ""score"": 0.6474, ""gate_scores"": null}";baseline;1;laya_accept;0.11408234195998844;273.0294736126362;laya_multilingual_laya_v5_reasoning_text
300;13;orchestrator_laya_laya_v5_reasoning;0.09026032344102768;50.0;0.09146346932498954;311.70356321407706;0.09146177444342614;248.21094835560808;[[3392.0, 2854.0, 2689.0, 2867.0, 2815.0, 2185.0, 2861.0, 2947.0, 2624.0, 2433.0, 2365.0, 2874.0, 2649.0]];[[2620.353363232108, 2764.975588581968, 2659.3261456311343, 2654.418583953928, 2650.562187473459, 2489.498306362459, 2678.6036415500344, 2647.747172860073, 2684.385860104539, 2646.131231693767, 2851.0729638730154, 2676.28682833136, 2433.07252179681]];2017-07-16 12:00:00;2017-10-08 12:00:00;"{""strategy"": {""combine"": ""dba"", ""pool"": ""pool_full"", ""dba_max_iter"": 30}, ""origin"": ""baseline"", ""loop"": {""final_attempt"": ""a3"", ""strategy"": {""combine"": ""dba"", ""pool"": ""pool_full"", ""dba_max_iter"": 30}, ""iterations_used"": 1, ""stop_reason"": ""laya_accept"", ""trace"": []}, ""score"": 0.6622, ""gate_scores"": null}";baseline;1;laya_accept;0.09146346932498954;311.70356321407706;laya_multilingual_laya_v5_reasoning_text
301;13;orchestrator_laya_laya_v5_reasoning;0.11752053833194287;33.333333333333336;0.13075025612663102;568.4457760606655;0.1307481535871626;408.76248429123075;[[3121.0, 2733.0, 2775.0, 3159.0, 2695.0, 2770.0, 3158.0, 2702.0, 3445.0, 3021.0, 3534.0, 4221.0, 3385.0]];[[2719.7303104599996, 2768.851288992, 2783.3593420980005, 2735.937627216, 2784.8602560400004, 2697.5529940700003, 2653.283287228, 2752.3578298479997, 2798.9230207560004, 2771.401739316, 2729.355395654, 2756.689158584, 2821.642887908]];2017-07-16 12:00:00;2017-10-08 12:00:00;"{""strategy"": {""combine"": ""mean"", ""pool"": ""pool1""}, ""origin"": ""baseline"", ""loop"": {""final_attempt"": ""a4"", ""strategy"": {""combine"": ""mean"", ""pool"": ""pool1""}, ""iterations_used"": 1, ""stop_reason"": ""laya_accept"", ""trace"": []}, ""score"": 0.6889, ""gate_scores"": null}";baseline;1;laya_accept;0.13075025612663102;568.4457760606655;laya_multilingual_laya_v5_reasoning_text
302;13;orchestrator_laya_laya_v5_reasoning;0.1751339348111605;66.66666666666667;0.14909207420842657;975.348446900825;0.14909058572215755;754.3793764936846;[[5797.0, 4859.0, 5145.0, 5401.0, 4446.0, 3132.0, 4343.0, 5185.0, 5489.0, 5312.0, 5005.0, 6408.0, 5480.0]];[[5818.2679683652195, 5672.687249644516, 5697.428188456366, 5781.969244916317, 5618.85452996575, 5624.002046115016, 5741.59276612551, 5825.126909934619, 5721.868507900168, 5762.283629190504, 5717.856897666956, 5718.711110121926, 5729.705066258884]];2017-07-16 12:00:00;2017-10-08 12:00:00;"{""strategy"": {""combine"": ""mean"", ""pool"": ""pool1""}, ""origin"": ""baseline"", ""loop"": {""final_attempt"": ""a4"", ""strategy"": {""combine"": ""mean"", ""pool"": ""pool1""}, ""iterations_used"": 1, ""stop_reason"": ""laya_accept"", ""trace"": []}, ""score"": 0.6087, ""gate_scores"": null}";baseline;1;laya_accept;0.14909207420842657;975.348446900825;laya_multilingual_laya_v5_reasoning_text
303;13;orchestrator_laya_laya_v5_reasoning;0.18281735944604022;91.66666666666667;0.15211004236220121;561.4763800211283;0.15210726961424934;422.9567428700853;[[3253.0, 2595.0, 2754.0, 2963.0, 2634.0, 1609.0, 2817.0, 3632.0, 3136.0, 2790.0, 2432.0, 3129.0, 3024.0]];[[3137.0650143704106, 3082.45391494412, 3180.783984426718, 3191.8819349757714, 3156.4823083095316, 3123.632088516787, 3133.3593659104617, 3194.653083918283, 3193.1039542902076, 3181.574795402531, 3175.565975806125, 3179.8424035311823, 3229.475029486367]];2017-07-16 12:00:00;2017-10-08 12:00:00;"{""strategy"": {""combine"": ""mean"", ""pool"": ""pool1""}, ""origin"": ""baseline"", ""loop"": {""final_attempt"": ""a4"", ""strategy"": {""combine"": ""mean"", ""pool"": ""pool1""}, ""iterations_used"": 1, ""stop_reason"": ""laya_accept"", ""trace"": []}, ""score"": 0.7006, ""gate_scores"": null}";baseline;1;laya_accept;0.15211004236220121;561.4763800211283;laya_multilingual_laya_v5_reasoning_text
304;13;orchestrator_laya_laya_v5_reasoning;0.2323358016908994;66.66666666666667;0.195754992040285;695.5597097343849;0.1957516672225455;579.0133663589755;[[3358.0, 2770.0, 2791.0, 2943.0, 2574.0, 1892.0, 2428.0, 3243.0, 2828.0, 2730.0, 2560.0, 3425.0, 2957.0]];[[3186.1689785457675, 3477.5633929446467, 3381.2488597804454, 3381.65362517751, 3381.213279358691, 3380.931285127059, 3380.973593457226, 3381.0159017873934, 3381.058210117561, 3381.1005184477285, 3376.8415796734876, 3572.216851502801, 2893.4743561620994]];2017-07-16 12:00:00;2017-10-08 12:00:00;"{""strategy"": {""combine"": ""dba"", ""pool"": ""pool_full"", ""dba_max_iter"": 30}, ""origin"": ""baseline"", ""loop"": {""final_attempt"": ""a3"", ""strategy"": {""combine"": ""dba"", ""pool"": ""pool_full"", ""dba_max_iter"": 30}, ""iterations_used"": 1, ""stop_reason"": ""laya_accept"", ""trace"": []}, ""score"": 0.6364, ""gate_scores"": null}";baseline;1;laya_accept;0.195754992040285;695.5597097343849;laya_multilingual_laya_v5_reasoning_text
305;13;orchestrator_laya_laya_v5_reasoning;0.20886240774786008;75.0;0.16911645711635032;509.1497633669059;0.1691126352738029;379.94511646466594;[[2558.0, 2048.0, 2187.0, 2435.0, 1885.0, 1225.0, 2385.0, 3028.0, 2388.0, 2236.0, 2135.0, 2696.0, 2497.0]];[[2568.781637591128, 2548.32504144018, 2605.643855550864, 2615.227638466513, 2614.6585951086076, 2570.162800518379, 2560.1529137422303, 2566.282621527909, 2572.7277530363795, 2550.326849660997, 2549.109750557015, 2573.647803567734, 2579.100103464008]];2017-07-16 12:00:00;2017-10-08 12:00:00;"{""strategy"": {""combine"": ""mean"", ""pool"": ""pool1""}, ""origin"": ""baseline"", ""loop"": {""final_attempt"": ""a4"", ""strategy"": {""combine"": ""mean"", ""pool"": ""pool1""}, ""iterations_used"": 1, ""stop_reason"": ""laya_accept"", ""trace"": []}, ""score"": 0.597, ""gate_scores"": null}";baseline;1;laya_accept;0.16911645711635032;509.1497633669059;laya_multilingual_laya_v5_reasoning_text
306;13;orchestrator_laya_laya_v5_reasoning;0.1061359682970316;91.66666666666667;0.10054023186125291;376.5866273186284;0.10053861163038412;315.03604586252345;[[3460.0, 3044.0, 3400.0, 3706.0, 2874.0, 2274.0, 2800.0, 3050.0, 3473.0, 2985.0, 3099.0, 3948.0, 3311.0]];[[3164.7461411480026, 3011.7097091434784, 3075.9566548179973, 3398.9329856804356, 3259.53799257404, 3145.64412021655, 3206.4286834985314, 3410.3359255226956, 3402.9447334235742, 3266.237071884519, 3275.3537350119645, 3473.2607230877643, 3421.4820148057565]];2017-07-16 12:00:00;2017-10-08 12:00:00;"{""strategy"": {""combine"": ""mean"", ""pool"": ""pool_full""}, ""origin"": ""baseline"", ""loop"": {""final_attempt"": ""a1"", ""strategy"": {""combine"": ""mean"", ""pool"": ""pool_full""}, ""iterations_used"": 1, ""stop_reason"": ""laya_accept"", ""trace"": []}, ""score"": 0.6889, ""gate_scores"": null}";baseline;1;laya_accept;0.10054023186125291;376.5866273186284;laya_multilingual_laya_v5_reasoning_text
307;13;orchestrator_laya_laya_v5_reasoning;0.14429066919497538;58.333333333333336;0.12518027957946792;358.04840423183845;0.125177283070153;264.19766390782956;[[2573.0, 2124.0, 2185.0, 2420.0, 1932.0, 1351.0, 1891.0, 2117.0, 2349.0, 2289.0, 2047.0, 2592.0, 2279.0]];[[2291.0547027438097, 2262.190807620684, 2364.5574297907715, 2364.138941751293, 2332.8585353899243, 2330.940024522465, 2325.0118422823994, 2369.4510625333355, 2365.2608738047325, 2344.9921020144643, 2345.6982694410094, 2355.002055433006, 2382.8043833301067]];2017-07-16 12:00:00;2017-10-08 12:00:00;"{""strategy"": {""combine"": ""trimmed_mean"", ""pool"": ""pool1"", ""trim_pct"": 0.2}, ""origin"": ""baseline"", ""loop"": {""final_attempt"": ""a5"", ""strategy"": {""combine"": ""trimmed_mean"", ""pool"": ""pool1"", ""trim_pct"": 0.2}, ""iterations_used"": 1, ""stop_reason"": ""laya_accept"", ""trace"": []}, ""score"": 0.6358, ""gate_scores"": null}";baseline;1;laya_accept;0.12518027957946792;358.04840423183845;laya_multilingual_laya_v5_reasoning_text
308;13;orchestrator_laya_laya_v5_reasoning;0.1153249272351393;33.333333333333336;0.12210431382527168;1011.5337573207619;0.12210339968456833;820.7807510652073;[[7378.0, 6631.0, 6561.0, 7425.0, 7372.0, 6258.0, 8446.0, 7995.0, 6836.0, 6070.0, 5230.0, 6259.0, 6478.0]];[[5908.744345799157, 6471.440746908928, 6391.2207582518395, 6388.249013064923, 6388.377104742477, 6388.50519642003, 6388.633288097585, 6388.761379775139, 6388.889471452693, 6395.7117928819935, 6252.175386728868, 6704.027413701471, 5660.953917791927]];2017-07-16 12:00:00;2017-10-08 12:00:00;"{""strategy"": {""combine"": ""dba"", ""pool"": ""pool_full"", ""dba_max_iter"": 30}, ""origin"": ""baseline"", ""loop"": {""final_attempt"": ""a3"", ""strategy"": {""combine"": ""dba"", ""pool"": ""pool_full"", ""dba_max_iter"": 30}, ""iterations_used"": 1, ""stop_reason"": ""laya_accept"", ""trace"": []}, ""score"": 0.6648, ""gate_scores"": null}";baseline;1;laya_accept;0.12210431382527168;1011.5337573207619;laya_multilingual_laya_v5_reasoning_text
309;13;orchestrator_laya_laya_v5_reasoning;0.1163485896637826;58.333333333333336;0.12366178720362374;755.2336583192932;0.12366056985166388;632.150390301238;[[5183.0, 4647.0, 5227.0, 5734.0, 5549.0, 4025.0, 5253.0, 6645.0, 5251.0, 4651.0, 4383.0, 5649.0, 5316.0]];[[4556.799429253138, 4559.882473092621, 4754.19108979288, 4761.526719591207, 4768.877315328896, 4685.065266472132, 4662.36596621434, 4914.072888750721, 4657.876262521093, 4719.593428635157, 4627.92703438334, 4762.690193746256, 4811.348317283382]];2017-07-16 12:00:00;2017-10-08 12:00:00;"{""strategy"": {""combine"": ""trimmed_mean"", ""pool"": ""pool2"", ""trim_pct"": 0.2}, ""origin"": ""baseline"", ""loop"": {""final_attempt"": ""a7"", ""strategy"": {""combine"": ""trimmed_mean"", ""pool"": ""pool2"", ""trim_pct"": 0.2}, ""iterations_used"": 1, ""stop_reason"": ""laya_accept"", ""trace"": []}, ""score"": 0.6993, ""gate_scores"": null}";baseline;1;laya_accept;0.12366178720362374;755.2336583192932;laya_multilingual_laya_v5_reasoning_text
310;13;orchestrator_laya_laya_v5_reasoning;0.10975573222297788;75.0;0.11388264968212747;627.4031035667242;0.11388145428481945;545.462266820094;[[5535.0, 4926.0, 4816.0, 5557.0, 5197.0, 3914.0, 4856.0, 5834.0, 5014.0, 4424.0, 3970.0, 4932.0, 4835.0]];[[4560.395559638375, 4503.831008691249, 4290.636874371639, 4669.4570516467065, 4632.614035792003, 4632.7015924348425, 4632.789149077681, 4632.8767057205205, 4735.82037858789, 4208.25542956178, 4528.040948455985, 4785.6926351916, 4459.364243950161]];2017-07-16 12:00:00;2017-10-08 12:00:00;"{""strategy"": {""combine"": ""dba"", ""pool"": ""pool_full"", ""dba_max_iter"": 30}, ""origin"": ""baseline"", ""loop"": {""final_attempt"": ""a3"", ""strategy"": {""combine"": ""dba"", ""pool"": ""pool_full"", ""dba_max_iter"": 30}, ""iterations_used"": 1, ""stop_reason"": ""laya_accept"", ""trace"": []}, ""score"": 0.725, ""gate_scores"": null}";baseline;1;laya_accept;0.11388264968212747;627.4031035667242;laya_multilingual_laya_v5_reasoning_text
311;13;orchestrator_laya_laya_v5_reasoning;0.105391239600967;41.666666666666664;0.11211006160037996;627.131092899966;0.1121087848783766;494.90189366950085;[[4895.0, 4096.0, 4309.0, 4967.0, 5689.0, 3706.0, 4645.0, 4642.0, 4373.0, 3965.0, 3795.0, 4215.0, 4198.0]];[[4079.965643270749, 4170.370667535758, 3812.7889317589556, 4144.927862903856, 4111.739212015246, 4113.763306822614, 4109.579354869456, 4111.002951409982, 4110.5215813741925, 4108.440833099983, 4139.713533892047, 4418.343358036138, 3977.381544080591]];2017-07-16 12:00:00;2017-10-08 12:00:00;"{""strategy"": {""combine"": ""dba"", ""pool"": ""pool_full"", ""dba_max_iter"": 30}, ""origin"": ""baseline"", ""loop"": {""final_attempt"": ""a3"", ""strategy"": {""combine"": ""dba"", ""pool"": ""pool_full"", ""dba_max_iter"": 30}, ""iterations_used"": 1, ""stop_reason"": ""laya_accept"", ""trace"": []}, ""score"": 0.676, ""gate_scores"": null}";baseline;1;laya_accept;0.11211006160037996;627.131092899966;laya_multilingual_laya_v5_reasoning_text
312;13;orchestrator_laya_laya_v5_reasoning;0.32220925753433344;50.0;0.27541397154172087;721.5210086283213;0.2754085483545457;701.1303678939544;[[2115.0, 2203.0, 2102.0, 2090.0, 2138.0, 2180.0, 2194.0, 2162.0, 2214.0, 2161.0, 2055.0, 2557.0, 2230.0]];[[2662.74866865857, 2626.93385688857, 2641.7096443985697, 2720.0628733485696, 2766.01634370857, 2833.33154472857, 2897.866775005236, 2911.3577702852367, 2996.7759147919037, 2989.4489942852365, 3029.8770154352364, 3152.4800267052365, 3287.085354381903]];2017-07-16 12:00:00;2017-10-08 12:00:00;"{""strategy"": {""combine"": ""trimmed_mean"", ""pool"": ""pool1"", ""trim_pct"": 0.2}, ""origin"": ""baseline"", ""loop"": {""final_attempt"": ""a5"", ""strategy"": {""combine"": ""trimmed_mean"", ""pool"": ""pool1"", ""trim_pct"": 0.2}, ""iterations_used"": 1, ""stop_reason"": ""laya_accept"", ""trace"": []}, ""score"": 0.5633, ""gate_scores"": null}";baseline;1;laya_accept;0.27541397154172087;721.5210086283213;laya_multilingual_laya_v5_reasoning_text
313;13;orchestrator_laya_laya_v5_reasoning;0.08203900093401476;58.333333333333336;0.08639109230135603;925.1484144497828;0.08639058245182608;733.3150799522405;[[9441.0, 8986.0, 8449.0, 9450.0, 9509.0, 7357.0, 8471.0, 9510.0, 8440.0, 8063.0, 7471.0, 8021.0, 8301.0]];[[7396.763995384278, 8315.902523412155, 8166.990415790797, 8199.943419285692, 8192.495542698607, 7665.665778060903, 8159.556361458847, 8104.308244694609, 8147.528193327535, 8146.399085186826, 8093.569000290233, 8611.594464564967, 7945.643592671284]];2017-07-16 12:00:00;2017-10-08 12:00:00;"{""strategy"": {""combine"": ""dba"", ""pool"": ""pool_full"", ""dba_max_iter"": 30}, ""origin"": ""baseline"", ""loop"": {""final_attempt"": ""a3"", ""strategy"": {""combine"": ""dba"", ""pool"": ""pool_full"", ""dba_max_iter"": 30}, ""iterations_used"": 1, ""stop_reason"": ""laya_accept"", ""trace"": []}, ""score"": 0.6872, ""gate_scores"": null}";baseline;1;laya_accept;0.08639109230135603;925.1484144497828;laya_multilingual_laya_v5_reasoning_text
314;13;orchestrator_laya_laya_v5_reasoning;0.10776686515874884;16.666666666666668;0.09967844696527162;614.9052391553697;0.0996774298770745;489.2812657783263;[[5316.0, 5008.0, 5037.0, 5095.0, 5226.0, 3920.0, 4911.0, 5467.0, 4717.0, 4589.0, 4346.0, 4605.0, 4745.0]];[[4798.416302993748, 5279.9670056350005, 5187.551303172236, 5255.417089283828, 5249.585251653662, 5249.895111002969, 5248.212874047014, 5175.249753578866, 5274.180631903888, 5212.788447649581, 5440.8701361368385, 5386.091870372303, 4965.762790833535]];2017-07-16 12:00:00;2017-10-08 12:00:00;"{""strategy"": {""combine"": ""dba"", ""pool"": ""pool_full"", ""dba_max_iter"": 30}, ""origin"": ""baseline"", ""loop"": {""final_attempt"": ""a3"", ""strategy"": {""combine"": ""dba"", ""pool"": ""pool_full"", ""dba_max_iter"": 30}, ""iterations_used"": 1, ""stop_reason"": ""laya_accept"", ""trace"": []}, ""score"": 0.6601, ""gate_scores"": null}";baseline;1;laya_accept;0.09967844696527162;614.9052391553697;laya_multilingual_laya_v5_reasoning_text
315;13;orchestrator_laya_laya_v5_reasoning;0.08213453814007762;58.333333333333336;0.083161368835692;281.7136772759135;0.0831599608125541;246.5788517439833;[[3210.0, 2787.0, 2867.0, 3217.0, 3157.0, 2388.0, 2739.0, 3447.0, 3038.0, 2883.0, 2938.0, 3259.0, 3113.0]];[[2707.0486266754715, 3015.888947108002, 3071.9856481521674, 2998.3949473624325, 2995.5692426886917, 2732.889827084298, 3001.5565188376836, 2918.6195551079554, 2999.2559066955364, 2970.7567395173246, 3109.576112896293, 3057.904112848366, 2859.336329545532]];2017-07-16 12:00:00;2017-10-08 12:00:00;"{""strategy"": {""combine"": ""dba"", ""pool"": ""pool_full"", ""dba_max_iter"": 30}, ""origin"": ""baseline"", ""loop"": {""final_attempt"": ""a3"", ""strategy"": {""combine"": ""dba"", ""pool"": ""pool_full"", ""dba_max_iter"": 30}, ""iterations_used"": 1, ""stop_reason"": ""laya_accept"", ""trace"": []}, ""score"": 0.6858, ""gate_scores"": null}";baseline;1;laya_accept;0.083161368835692;281.7136772759135;laya_multilingual_laya_v5_reasoning_text
316;13;orchestrator_laya_laya_v5_reasoning;0.10340150827773234;50.0;0.09668612828263265;487.9279412970063;0.09668490761458554;384.78437446933225;[[4508.0, 3991.0, 3886.0, 4226.0, 4297.0, 3077.0, 3922.0, 4642.0, 4072.0, 3787.0, 3349.0, 4066.0, 3983.0]];[[4001.8978520511996, 3999.138213955634, 4177.235056951446, 4111.115919682417, 4002.7414696072656, 3977.530455326441, 4176.617339858947, 4231.09675494699, 4400.052716940872, 4287.244213943496, 4441.5328407329425, 4296.413965327743, 4053.28406135167]];2017-07-16 12:00:00;2017-10-08 12:00:00;"{""strategy"": {""combine"": ""mean"", ""pool"": ""pool_full""}, ""origin"": ""baseline"", ""loop"": {""final_attempt"": ""a1"", ""strategy"": {""combine"": ""mean"", ""pool"": ""pool_full""}, ""iterations_used"": 1, ""stop_reason"": ""laya_accept"", ""trace"": []}, ""score"": 0.6889, ""gate_scores"": null}";baseline;1;laya_accept;0.09668612828263265;487.9279412970063;laya_multilingual_laya_v5_reasoning_text
317;13;orchestrator_laya_laya_v5_reasoning;0.04655530266923564;41.666666666666664;0.04804558207556293;230.65157466447442;0.048044944749514255;181.54139017340052;[[3655.0, 3808.0, 3633.0, 3613.0, 3695.0, 3768.0, 3792.0, 3736.0, 3827.0, 3735.0, 3552.0, 4420.0, 3854.0]];[[3693.008105713734, 3577.1505142842743, 3536.366792119687, 3562.415297825155, 3577.4889344592925, 3558.328084215778, 3534.091130899888, 3571.4360389397993, 3646.309947256833, 3703.0884746246975, 3724.6592539827343, 3811.953713487142, 3653.000359329715]];2017-07-16 12:00:00;2017-10-08 12:00:00;"{""strategy"": {""combine"": ""mean"", ""pool"": ""pool_full""}, ""origin"": ""baseline"", ""loop"": {""final_attempt"": ""a1"", ""strategy"": {""combine"": ""mean"", ""pool"": ""pool_full""}, ""iterations_used"": 1, ""stop_reason"": ""laya_accept"", ""trace"": []}, ""score"": 0.6944, ""gate_scores"": null}";baseline;1;laya_accept;0.04804558207556293;230.65157466447442;laya_multilingual_laya_v5_reasoning_text
318;13;orchestrator_laya_laya_v5_reasoning;0.1322472235329678;50.0;0.1446204186659771;420.14899442027536;0.14461740926982317;349.2191856192308;[[2547.0, 2678.0, 2381.0, 2733.0, 2894.0, 1965.0, 2326.0, 3097.0, 2363.0, 2247.0, 2099.0, 2524.0, 2466.0]];[[2165.43696079, 2083.90899562, 2183.24036255, 2333.49193032, 2236.32412477, 2113.8338094, 2056.91004149, 2210.33925545, 2154.02062053, 2166.1708326, 2134.43482577, 2152.33700492, 2158.23909308]];2017-07-16 12:00:00;2017-10-08 12:00:00;"{""strategy"": {""combine"": ""median"", ""pool"": ""pool_full""}, ""origin"": ""baseline"", ""loop"": {""final_attempt"": ""a2"", ""strategy"": {""combine"": ""median"", ""pool"": ""pool_full""}, ""iterations_used"": 1, ""stop_reason"": ""laya_accept"", ""trace"": []}, ""score"": 0.7273, ""gate_scores"": null}";baseline;1;laya_accept;0.1446204186659771;420.14899442027536;laya_multilingual_laya_v5_reasoning_text
319;13;orchestrator_laya_laya_v5_reasoning;0.20017758936827126;50.0;0.22651424206519272;676.2415852980529;0.22650958003474225;556.5945436900054;[[2572.0, 2584.0, 2776.0, 3036.0, 3647.0, 2357.0, 2695.0, 3086.0, 2379.0, 1989.0, 1862.0, 2062.0, 2276.0]];[[2117.4720880342584, 2096.5724228540776, 2141.1304377354636, 2100.358565360428, 2090.384976132574, 1877.1768308807314, 2093.065965161438, 2118.260867173566, 2160.3848068620578, 2116.5771432300485, 2164.301262145249, 2246.98027389178, 1992.322651102413]];2017-07-16 12:00:00;2017-10-08 12:00:00;"{""strategy"": {""combine"": ""dba"", ""pool"": ""pool_full"", ""dba_max_iter"": 30}, ""origin"": ""baseline"", ""loop"": {""final_attempt"": ""a3"", ""strategy"": {""combine"": ""dba"", ""pool"": ""pool_full"", ""dba_max_iter"": 30}, ""iterations_used"": 1, ""stop_reason"": ""laya_accept"", ""trace"": []}, ""score"": 0.6841, ""gate_scores"": null}";baseline;1;laya_accept;0.22651424206519272;676.2415852980529;laya_multilingual_laya_v5_reasoning_text
320;13;orchestrator_laya_laya_v5_reasoning;0.10521475941131271;58.333333333333336;0.0972284399893421;731.49327155272;0.0972275802758681;553.9811011350831;[[6172.0, 5932.0, 5665.0, 6110.0, 5342.0, 4145.0, 5273.0, 5132.0, 6994.0, 6018.0, 5745.0, 6651.0, 6108.0]];[[5852.368069632567, 6033.700708657274, 6021.671270665755, 6173.04670697566, 5577.663872160748, 5974.9872168918955, 6124.755652670676, 6125.537320607773, 6126.31898854487, 6049.362880585972, 6415.643127775118, 6258.395449724041, 5620.531934333312]];2017-07-16 12:00:00;2017-10-08 12:00:00;"{""strategy"": {""combine"": ""dba"", ""pool"": ""pool_full"", ""dba_max_iter"": 30}, ""origin"": ""baseline"", ""loop"": {""final_attempt"": ""a3"", ""strategy"": {""combine"": ""dba"", ""pool"": ""pool_full"", ""dba_max_iter"": 30}, ""iterations_used"": 1, ""stop_reason"": ""laya_accept"", ""trace"": []}, ""score"": 0.573, ""gate_scores"": null}";baseline;1;laya_accept;0.0972284399893421;731.49327155272;laya_multilingual_laya_v5_reasoning_text
321;13;orchestrator_laya_laya_v5_reasoning;0.11295009856324514;50.0;0.12298014438560687;402.4540668447923;0.12297767934364136;308.333924629395;[[2626.0, 2370.0, 2401.0, 2830.0, 3284.0, 2103.0, 2352.0, 2865.0, 2483.0, 2381.0, 2317.0, 2530.0, 2515.0]];[[2314.2130514408896, 2277.1240444889804, 2276.565999873785, 2284.9844265140014, 2279.061286335415, 2283.4812298844427, 2260.9431085991732, 2247.376662517527, 2223.354504953605, 2211.823294502503, 2263.206363140232, 2269.5754221093284, 2217.912045226867]];2017-07-16 12:00:00;2017-10-08 12:00:00;"{""strategy"": {""combine"": ""mean"", ""pool"": ""pool_full""}, ""origin"": ""baseline"", ""loop"": {""final_attempt"": ""a1"", ""strategy"": {""combine"": ""mean"", ""pool"": ""pool_full""}, ""iterations_used"": 1, ""stop_reason"": ""laya_accept"", ""trace"": []}, ""score"": 0.6833, ""gate_scores"": null}";baseline;1;laya_accept;0.12298014438560687;402.4540668447923;laya_multilingual_laya_v5_reasoning_text
322;13;orchestrator_laya_laya_v5_reasoning;0.21685850376652946;41.666666666666664;0.2498506254134267;1401.567832309452;0.24984808717865864;1234.0899644478498;[[5324.0, 4761.0, 4912.0, 5730.0, 6273.0, 4394.0, 5408.0, 6709.0, 5429.0, 5251.0, 4661.0, 5976.0, 5605.0]];[[4073.852951625996, 4237.783897530226, 4232.544089633538, 4343.555405355115, 4181.042365165792, 4181.269682593553, 4238.106958918396, 4088.3431600733547, 4222.615658093692, 4160.308633002271, 4273.3470495164165, 4292.581288443023, 3864.4793222265807]];2017-07-16 12:00:00;2017-10-08 12:00:00;"{""strategy"": {""combine"": ""dba"", ""pool"": ""pool_full"", ""dba_max_iter"": 30}, ""origin"": ""baseline"", ""loop"": {""final_attempt"": ""a3"", ""strategy"": {""combine"": ""dba"", ""pool"": ""pool_full"", ""dba_max_iter"": 30}, ""iterations_used"": 1, ""stop_reason"": ""laya_accept"", ""trace"": []}, ""score"": 0.6681, ""gate_scores"": null}";baseline;1;laya_accept;0.2498506254134267;1401.567832309452;laya_multilingual_laya_v5_reasoning_text
323;13;orchestrator_laya_laya_v5_reasoning;0.20754757011397373;41.666666666666664;0.23815105092223993;740.7728475158405;0.23814664099618404;645.3327651750834;[[3057.0, 2539.0, 2419.0, 2741.0, 2917.0, 2209.0, 2798.0, 3546.0, 3183.0, 3140.0, 2856.0, 3481.0, 3241.0]];[[2360.026555890615, 2216.123077487539, 2314.0693169152732, 2452.161060214974, 2266.6694220602676, 2324.4527472353125, 2301.0410971418146, 2208.6491112346257, 2310.721155341364, 2259.0688145454415, 2289.7089303685693, 2397.765898345983, 2268.122360412762]];2017-07-16 12:00:00;2017-10-08 12:00:00;"{""strategy"": {""combine"": ""dba"", ""pool"": ""pool_full"", ""dba_max_iter"": 30}, ""origin"": ""baseline"", ""loop"": {""final_attempt"": ""a3"", ""strategy"": {""combine"": ""dba"", ""pool"": ""pool_full"", ""dba_max_iter"": 30}, ""iterations_used"": 1, ""stop_reason"": ""laya_accept"", ""trace"": []}, ""score"": 0.6838, ""gate_scores"": null}";baseline;1;laya_accept;0.23815105092223993;740.7728475158405;laya_multilingual_laya_v5_reasoning_text
324;13;orchestrator_laya_laya_v5_reasoning;0.19113553121667737;50.0;0.17194593817056994;669.4901239185391;0.17194355760500765;621.2256158746657;[[3215.0, 3336.0, 3183.0, 3166.0, 3238.0, 3301.0, 3322.0, 3274.0, 3354.0, 3273.0, 3112.0, 3872.0, 3377.0]];[[3712.120689672523, 3687.4661288395, 4002.311531263647, 3989.665981907425, 3844.063866633351, 4006.572347578395, 4015.174560085743, 4015.218885667236, 4015.273835800179, 3998.884973500889, 4194.71188373428, 3996.7229338946, 3620.7453877928856]];2017-07-16 12:00:00;2017-10-08 12:00:00;"{""strategy"": {""combine"": ""dba"", ""pool"": ""pool_full"", ""dba_max_iter"": 30}, ""origin"": ""baseline"", ""loop"": {""final_attempt"": ""a3"", ""strategy"": {""combine"": ""dba"", ""pool"": ""pool_full"", ""dba_max_iter"": 30}, ""iterations_used"": 1, ""stop_reason"": ""laya_accept"", ""trace"": []}, ""score"": 0.674, ""gate_scores"": null}";baseline;1;laya_accept;0.17194593817056994;669.4901239185391;laya_multilingual_laya_v5_reasoning_text
325;13;orchestrator_laya_laya_v5_reasoning;0.11939143820668616;75.0;0.12428117030280003;547.6324600271997;0.12427947636604085;459.73939010425477;[[3852.0, 3618.0, 3667.0, 4098.0, 3958.0, 2932.0, 3769.0, 4767.0, 4198.0, 3692.0, 3344.0, 4281.0, 2884.0]];[[3477.9773151043582, 3441.827348427243, 3270.204385484914, 3640.541545290229, 3596.756175032728, 3340.7002749998824, 3544.0818619826955, 3483.3024403406434, 3492.405067366433, 3474.9421172819057, 3441.9740819322524, 3655.9247837852818, 3531.900754519609]];2017-07-16 12:00:00;2017-10-08 12:00:00;"{""strategy"": {""combine"": ""dba"", ""pool"": ""pool_full"", ""dba_max_iter"": 30}, ""origin"": ""baseline"", ""loop"": {""final_attempt"": ""a3"", ""strategy"": {""combine"": ""dba"", ""pool"": ""pool_full"", ""dba_max_iter"": 30}, ""iterations_used"": 1, ""stop_reason"": ""laya_accept"", ""trace"": []}, ""score"": 0.6786, ""gate_scores"": null}";baseline;1;laya_accept;0.12428117030280003;547.6324600271997;laya_multilingual_laya_v5_reasoning_text
326;13;orchestrator_laya_laya_v5_reasoning;0.13782052071257633;50.0;0.1465552448223099;1694.5697286932618;0.14655444668645934;1358.7194658508708;[[9791.0, 8592.0, 8763.0, 9250.0, 7963.0, 6586.0, 9213.0, 11666.0, 10414.0, 9639.0, 9268.0, 11945.0, 10586.0]];[[8295.483164578978, 8810.213809610168, 8633.084988481416, 8674.406714798562, 8482.297287395946, 8524.968002240725, 8669.851764497853, 8556.725756065207, 8627.03835519786, 8594.977774449626, 8595.208583625268, 8881.396573294947, 8019.952368195802]];2017-07-16 12:00:00;2017-10-08 12:00:00;"{""strategy"": {""combine"": ""dba"", ""pool"": ""pool_full"", ""dba_max_iter"": 30}, ""origin"": ""baseline"", ""loop"": {""final_attempt"": ""a3"", ""strategy"": {""combine"": ""dba"", ""pool"": ""pool_full"", ""dba_max_iter"": 30}, ""iterations_used"": 1, ""stop_reason"": ""laya_accept"", ""trace"": []}, ""score"": 0.7119, ""gate_scores"": null}";baseline;1;laya_accept;0.1465552448223099;1694.5697286932618;laya_multilingual_laya_v5_reasoning_text
327;13;orchestrator_laya_laya_v5_reasoning;0.1500899339946956;58.333333333333336;0.16036776244175766;466.07948640633464;0.1603645241032606;400.8742852391782;[[2826.0, 2377.0, 2613.0, 2854.0, 2688.0, 1744.0, 2439.0, 3290.0, 2774.0, 2447.0, 2203.0, 2916.0, 2726.0]];[[2302.205440231504, 2334.831348884328, 2307.9541226883566, 2390.679497178922, 2291.982642419058, 2222.267926367868, 2174.0952412144243, 2281.615382647541, 2315.007760368187, 2244.633838443199, 2275.449445955077, 2331.537791806234, 2314.8085983318756]];2017-07-16 12:00:00;2017-10-08 12:00:00;"{""strategy"": {""combine"": ""mean"", ""pool"": ""pool_full""}, ""origin"": ""baseline"", ""loop"": {""final_attempt"": ""a1"", ""strategy"": {""combine"": ""mean"", ""pool"": ""pool_full""}, ""iterations_used"": 1, ""stop_reason"": ""laya_accept"", ""trace"": []}, ""score"": 0.7, ""gate_scores"": null}";baseline;1;laya_accept;0.16036776244175766;466.07948640633464;laya_multilingual_laya_v5_reasoning_text
328;13;orchestrator_laya_laya_v5_reasoning;0.11880419217895169;66.66666666666667;0.128485466912288;1537.502708167981;0.12848482634265726;1293.9457557480366;[[11786.0, 9960.0, 9820.0, 10747.0, 10786.0, 7966.0, 9968.0, 12266.0, 10587.0, 8995.0, 8982.0, 11725.0, 10511.0]];[[8999.955307158887, 8643.523527889647, 9350.415388661051, 9416.266938952507, 9259.9112971003, 8488.463805181787, 9025.391080997655, 9318.871704763256, 9378.854567722943, 9247.463125511229, 9249.208311324912, 9794.900577127088, 9188.75002692012]];2017-07-16 12:00:00;2017-10-08 12:00:00;"{""strategy"": {""combine"": ""dba"", ""pool"": ""pool_full"", ""dba_max_iter"": 30}, ""origin"": ""baseline"", ""loop"": {""final_attempt"": ""a3"", ""strategy"": {""combine"": ""dba"", ""pool"": ""pool_full"", ""dba_max_iter"": 30}, ""iterations_used"": 1, ""stop_reason"": ""laya_accept"", ""trace"": []}, ""score"": 0.6578, ""gate_scores"": null}";baseline;1;laya_accept;0.128485466912288;1537.502708167981;laya_multilingual_laya_v5_reasoning_text
329;13;orchestrator_laya_laya_v5_reasoning;0.11731404098898067;41.666666666666664;0.11844084942436342;546.1837209439514;0.118439173228937;423.5595746112403;[[3899.0, 3130.0, 3356.0, 3606.0, 3534.0, 2475.0, 3407.0, 4577.0, 4188.0, 3678.0, 3283.0, 4192.0, 3984.0]];[[3585.5636232698657, 3506.475873245723, 3410.5156602132943, 3421.209036289004, 3423.0267869573813, 3418.362525004305, 3395.57288736198, 3450.3621934248176, 3435.2174681437245, 3469.349101917384, 3472.0984251542045, 3470.4770778415564, 3471.39983846569]];2017-07-16 12:00:00;2017-10-08 12:00:00;"{""strategy"": {""combine"": ""trimmed_mean"", ""pool"": ""pool2"", ""trim_pct"": 0.2}, ""origin"": ""baseline"", ""loop"": {""final_attempt"": ""a7"", ""strategy"": {""combine"": ""trimmed_mean"", ""pool"": ""pool2"", ""trim_pct"": 0.2}, ""iterations_used"": 1, ""stop_reason"": ""laya_accept"", ""trace"": []}, ""score"": 0.5555, ""gate_scores"": null}";baseline;1;laya_accept;0.11844084942436342;546.1837209439514;laya_multilingual_laya_v5_reasoning_text
330;13;orchestrator_laya_laya_v5_reasoning;0.1057998547489777;75.0;0.1117307385744715;891.9643269505306;0.11172981851686327;684.4627432212317;[[6871.0, 5873.0, 6170.0, 6691.0, 6293.0, 4403.0, 6148.0, 7417.0, 6375.0, 5700.0, 5761.0, 6663.0, 7417.0]];[[5772.412214412017, 5741.468070547077, 5858.624797674565, 5869.638971497981, 5860.99714975127, 5418.061683546694, 5790.597777625086, 5815.058657058093, 5832.544697829912, 5814.759818059232, 5786.12387433749, 6193.307199794206, 5440.2801778771955]];2017-07-16 12:00:00;2017-10-08 12:00:00;"{""strategy"": {""combine"": ""dba"", ""pool"": ""pool_full"", ""dba_max_iter"": 30}, ""origin"": ""baseline"", ""loop"": {""final_attempt"": ""a3"", ""strategy"": {""combine"": ""dba"", ""pool"": ""pool_full"", ""dba_max_iter"": 30}, ""iterations_used"": 1, ""stop_reason"": ""laya_accept"", ""trace"": []}, ""score"": 0.7138, ""gate_scores"": null}";baseline;1;laya_accept;0.1117307385744715;891.9643269505306;laya_multilingual_laya_v5_reasoning_text
331;13;orchestrator_laya_laya_v5_reasoning;0.09332200142811997;41.666666666666664;0.09803273459347774;486.29112834054223;0.09803124072274286;325.7681906953578;[[3191.0, 3095.0, 2805.0, 3275.0, 3230.0, 2471.0, 3448.0, 4534.0, 3545.0, 3233.0, 3179.0, 3157.0, 3530.0]];[[3104.990234402443, 3066.9628150013823, 3243.722543222747, 3190.8241020027867, 3121.3557530529492, 2883.2690631742244, 3166.4208615610187, 3105.412307669346, 3131.008528490852, 3097.5015624357297, 3250.1793765637613, 3316.5210010011283, 2943.2293403057024]];2017-07-16 12:00:00;2017-10-08 12:00:00;"{""strategy"": {""combine"": ""dba"", ""pool"": ""pool_full"", ""dba_max_iter"": 30}, ""origin"": ""baseline"", ""loop"": {""final_attempt"": ""a3"", ""strategy"": {""combine"": ""dba"", ""pool"": ""pool_full"", ""dba_max_iter"": 30}, ""iterations_used"": 1, ""stop_reason"": ""laya_accept"", ""trace"": []}, ""score"": 0.6302, ""gate_scores"": null}";baseline;1;laya_accept;0.09803273459347774;486.29112834054223;laya_multilingual_laya_v5_reasoning_text
332;13;orchestrator_laya_laya_v5_reasoning;0.15537309033999488;58.333333333333336;0.17267663543297587;575.0668425308384;0.17267356548572266;487.3448635743516;[[2774.0, 2724.0, 2885.0, 3325.0, 3629.0, 2345.0, 3088.0, 3348.0, 2915.0, 2738.0, 2573.0, 3229.0, 2961.0]];[[2409.9464502935325, 2494.019546113719, 2517.9010348714964, 2542.635600854957, 2489.1482347938318, 2479.0162511590356, 2441.8005703524386, 2465.609861790721, 2457.319689823702, 2465.4782945875913, 2573.800398737267, 2630.9776769374466, 2500.496463010296]];2017-07-16 12:00:00;2017-10-08 12:00:00;"{""strategy"": {""combine"": ""mean"", ""pool"": ""pool_full""}, ""origin"": ""baseline"", ""loop"": {""final_attempt"": ""a1"", ""strategy"": {""combine"": ""mean"", ""pool"": ""pool_full""}, ""iterations_used"": 1, ""stop_reason"": ""laya_accept"", ""trace"": []}, ""score"": 0.6889, ""gate_scores"": null}";baseline;1;laya_accept;0.17267663543297587;575.0668425308384;laya_multilingual_laya_v5_reasoning_text
333;13;orchestrator_laya_laya_v5_reasoning;0.15309366504548239;91.66666666666667;0.1688056581485779;739.4616562210409;0.16880347085558847;653.1835141230094;[[4019.0, 3939.0, 4008.0, 4178.0, 4154.0, 3076.0, 3917.0, 4989.0, 4219.0, 4007.0, 3832.0, 4543.0, 4318.0]];[[3601.5573829506466, 3365.5282368285452, 3537.132169858376, 3615.1756504967725, 3586.3175155093345, 3064.4622226399633, 3250.2637641234896, 3403.3146847011685, 3418.4505637006255, 3397.0075687222366, 3374.153789770119, 3626.4314498287195, 3467.81931727088]];2017-07-16 12:00:00;2017-10-08 12:00:00;"{""strategy"": {""combine"": ""dba"", ""pool"": ""pool_full"", ""dba_max_iter"": 30}, ""origin"": ""baseline"", ""loop"": {""final_attempt"": ""a3"", ""strategy"": {""combine"": ""dba"", ""pool"": ""pool_full"", ""dba_max_iter"": 30}, ""iterations_used"": 1, ""stop_reason"": ""laya_accept"", ""trace"": []}, ""score"": 0.6834, ""gate_scores"": null}";baseline;1;laya_accept;0.1688056581485779;739.4616562210409;laya_multilingual_laya_v5_reasoning_text
334;13;orchestrator_laya_laya_v5_reasoning;0.1376478756539368;41.666666666666664;0.15175072562412747;826.9314854056486;0.15174904808355277;688.5482961981817;[[5003.0, 4375.0, 4539.0, 4653.0, 5501.0, 3930.0, 4734.0, 5515.0, 5429.0, 4309.0, 3932.0, 4650.0, 4767.0]];[[3904.1067868828404, 4171.67582701827, 4183.848891852189, 4153.604492918381, 4097.855018650073, 4075.8187160310795, 4150.362354958255, 4080.8651292205795, 4130.262869987077, 3762.8329371458917, 4009.223269871901, 4128.719723457599, 3982.780103235464]];2017-07-16 12:00:00;2017-10-08 12:00:00;"{""strategy"": {""combine"": ""dba"", ""pool"": ""pool_full"", ""dba_max_iter"": 30}, ""origin"": ""baseline"", ""loop"": {""final_attempt"": ""a3"", ""strategy"": {""combine"": ""dba"", ""pool"": ""pool_full"", ""dba_max_iter"": 30}, ""iterations_used"": 1, ""stop_reason"": ""laya_accept"", ""trace"": []}, ""score"": 0.705, ""gate_scores"": null}";baseline;1;laya_accept;0.15175072562412747;826.9314854056486;laya_multilingual_laya_v5_reasoning_text
335;13;orchestrator_laya_laya_v5_reasoning;0.16922114691922394;83.33333333333333;0.1860595656365637;399.5304779745139;0.18605425671961967;330.3423058426992;[[1984.0, 1637.0, 2053.0, 2085.0, 2375.0, 1537.0, 2031.0, 2317.0, 1744.0, 1468.0, 1250.0, 1730.0, 1702.0]];[[1469.4009838120621, 1377.267889642599, 1629.7935511784356, 1650.68434847466, 1636.6155743095815, 1430.183289923565, 1591.2516003878195, 1616.0390540622911, 1580.1125240453166, 1583.9373272404814, 1541.667286747312, 1715.2419257044553, 1611.5638964919174]];2017-07-16 12:00:00;2017-10-08 12:00:00;"{""strategy"": {""combine"": ""dba"", ""pool"": ""pool_full"", ""dba_max_iter"": 30}, ""origin"": ""baseline"", ""loop"": {""final_attempt"": ""a3"", ""strategy"": {""combine"": ""dba"", ""pool"": ""pool_full"", ""dba_max_iter"": 30}, ""iterations_used"": 1, ""stop_reason"": ""laya_accept"", ""trace"": []}, ""score"": 0.6859, ""gate_scores"": null}";baseline;1;laya_accept;0.1860595656365637;399.5304779745139;laya_multilingual_laya_v5_reasoning_text
336;13;orchestrator_laya_laya_v5_reasoning;0.16501245588523325;58.333333333333336;0.1842464389316144;426.02722295123135;0.18424143285349437;341.81201180227254;[[1682.0, 2188.0, 1939.0, 2411.0, 2429.0, 1734.0, 1835.0, 2171.0, 1857.0, 1650.0, 1562.0, 2022.0, 1350.0]];[[1610.3732543117078, 1612.1194812222063, 1635.3986958855157, 1638.176993218531, 1615.6241611159014, 1610.9358455030228, 1604.1419826737686, 1607.5188306508608, 1612.6315922696042, 1587.7616807015777, 1601.1947306466834, 1617.1665228514041, 1588.2104631869583]];2017-07-16 12:00:00;2017-10-08 12:00:00;"{""strategy"": {""combine"": ""mean"", ""pool"": ""pool_full""}, ""origin"": ""baseline"", ""loop"": {""final_attempt"": ""a1"", ""strategy"": {""combine"": ""mean"", ""pool"": ""pool_full""}, ""iterations_used"": 1, ""stop_reason"": ""laya_accept"", ""trace"": []}, ""score"": 0.7111, ""gate_scores"": null}";baseline;1;laya_accept;0.1842464389316144;426.02722295123135;laya_multilingual_laya_v5_reasoning_text
337;13;orchestrator_laya_laya_v5_reasoning;0.17252012430911484;58.333333333333336;0.1966248485358976;588.4900855593128;0.19662082484324478;481.8303714903487;[[2838.0, 2690.0, 2470.0, 3041.0, 3116.0, 2190.0, 2571.0, 3022.0, 2481.0, 2196.0, 2106.0, 2391.0, 2614.0]];[[1989.0529604040398, 2133.5927416564436, 2126.614116669977, 2158.933603551198, 2102.5636331845612, 2114.999207051947, 2115.2541940960737, 2114.6878628617796, 2114.55696364538, 2114.3476462626645, 2100.29950016041, 2257.9789582816547, 2019.3237827993382]];2017-07-16 12:00:00;2017-10-08 12:00:00;"{""strategy"": {""combine"": ""dba"", ""pool"": ""pool_full"", ""dba_max_iter"": 30}, ""origin"": ""baseline"", ""loop"": {""final_attempt"": ""a3"", ""strategy"": {""combine"": ""dba"", ""pool"": ""pool_full"", ""dba_max_iter"": 30}, ""iterations_used"": 1, ""stop_reason"": ""laya_accept"", ""trace"": []}, ""score"": 0.664, ""gate_scores"": null}";baseline;1;laya_accept;0.1966248485358976;588.4900855593128;laya_multilingual_laya_v5_reasoning_text
338;13;orchestrator_laya_laya_v5_reasoning;0.1785508026080098;66.66666666666667;0.1536962501709082;718.9576145316345;0.1536942090211056;582.3387197767634;[[4385.0, 3907.0, 3606.0, 3890.0, 3564.0, 2431.0, 3703.0, 4398.0, 3699.0, 3437.0, 3386.0, 4085.0, 3801.0]];[[4249.055396691163, 4240.017336636548, 4250.917609660523, 4303.255182438106, 4268.559866194813, 4252.175565516174, 4220.944398914299, 4227.315149899883, 4245.982607667125, 4235.649668162089, 4221.034793506048, 4253.048004983273, 4281.18887000997]];2017-07-16 12:00:00;2017-10-08 12:00:00;"{""strategy"": {""combine"": ""mean"", ""pool"": ""pool1""}, ""origin"": ""baseline"", ""loop"": {""final_attempt"": ""a4"", ""strategy"": {""combine"": ""mean"", ""pool"": ""pool1""}, ""iterations_used"": 1, ""stop_reason"": ""laya_accept"", ""trace"": []}, ""score"": 0.6745, ""gate_scores"": null}";baseline;1;laya_accept;0.1536962501709082;718.9576145316345;laya_multilingual_laya_v5_reasoning_text
339;13;orchestrator_laya_laya_v5_reasoning;0.13761851938926495;50.0;0.1516815509357912;1191.7863738010562;0.15168041008081662;1009.8429607611993;[[7431.0, 6881.0, 7184.0, 7855.0, 7520.0, 6190.0, 7526.0, 7912.0, 7010.0, 6089.0, 6089.0, 6444.0, 6709.0]];[[5684.677426245444, 5980.115858769422, 6047.520571182721, 5992.495924178482, 6023.176873190659, 5737.11131719958, 5992.262057478636, 6022.250784673187, 6028.451643585766, 5956.493578859942, 6000.1443628954585, 6184.534112697329, 6062.806999147781]];2017-07-16 12:00:00;2017-10-08 12:00:00;"{""strategy"": {""combine"": ""dba"", ""pool"": ""pool_full"", ""dba_max_iter"": 30}, ""origin"": ""baseline"", ""loop"": {""final_attempt"": ""a3"", ""strategy"": {""combine"": ""dba"", ""pool"": ""pool_full"", ""dba_max_iter"": 30}, ""iterations_used"": 1, ""stop_reason"": ""laya_accept"", ""trace"": []}, ""score"": 0.6829, ""gate_scores"": null}";baseline;1;laya_accept;0.1516815509357912;1191.7863738010562;laya_multilingual_laya_v5_reasoning_text
340;13;orchestrator_laya_laya_v5_reasoning;0.10159218825046924;41.666666666666664;0.10622269531311265;674.5677676101642;0.10622169644855452;567.5222643739834;[[5896.0, 5259.0, 5643.0, 6241.0, 6242.0, 4539.0, 5038.0, 6269.0, 5306.0, 4688.0, 4423.0, 5340.0, 5205.0]];[[4924.76026795, 4965.09951739, 5129.74180976, 5248.13570881, 5292.1791188, 5108.447036788491, 5027.549271266706, 4961.89785662, 4981.88957733, 4957.40429409, 4989.66178779, 4942.78418298, 4992.6863709]];2017-07-16 12:00:00;2017-10-08 12:00:00;"{""strategy"": {""combine"": ""median"", ""pool"": ""pool_full""}, ""origin"": ""baseline"", ""loop"": {""final_attempt"": ""a2"", ""strategy"": {""combine"": ""median"", ""pool"": ""pool_full""}, ""iterations_used"": 1, ""stop_reason"": ""laya_accept"", ""trace"": []}, ""score"": 0.6869, ""gate_scores"": null}";baseline;1;laya_accept;0.10622269531311265;674.5677676101642;laya_multilingual_laya_v5_reasoning_text
341;13;orchestrator_laya_laya_v5_reasoning;0.07929484113837754;58.333333333333336;0.07928562671049925;163.7653366724281;0.0792826393757431;106.50670937747788;[[1717.1, 1304.4, 1335.5, 1379.2, 1276.9, 1007.2, 1323.0, 1575.6, 1307.0, 1264.5, 1118.6, 1349.1, 1323.0]];[[1316.8556865343146, 1305.0720633094836, 1306.4060745544452, 1302.3850581636173, 1309.554729906651, 1187.1092590301962, 1302.083792057107, 1331.4681200168013, 1340.0133542207054, 1335.2390144383264, 1405.0386989909412, 1348.7581954814816, 1313.382971181324]];2017-07-16 12:00:00;2017-10-08 12:00:00;"{""strategy"": {""combine"": ""dba"", ""pool"": ""pool_full"", ""dba_max_iter"": 30}, ""origin"": ""baseline"", ""loop"": {""final_attempt"": ""a3"", ""strategy"": {""combine"": ""dba"", ""pool"": ""pool_full"", ""dba_max_iter"": 30}, ""iterations_used"": 1, ""stop_reason"": ""laya_accept"", ""trace"": []}, ""score"": 0.649, ""gate_scores"": null}";baseline;1;laya_accept;0.07928562671049925;163.7653366724281;laya_multilingual_laya_v5_reasoning_text
342;13;orchestrator_laya_laya_v5_reasoning;0.11159924605954702;66.66666666666667;0.11361660661997328;522.458054170528;0.11361510254203787;433.1178965122244;[[4274.0, 3596.0, 3596.0, 4510.0, 4182.0, 2859.0, 3579.0, 4723.0, 4013.0, 3409.0, 3143.0, 4375.0, 3933.0]];[[3602.0498831494288, 3566.6898106462395, 3430.630783251319, 3886.6053611732177, 3672.4058173343415, 3670.661352021477, 3706.949401733288, 3701.8563099274998, 3778.0189804390193, 3300.7681584895713, 3622.169255011635, 3798.3290431869764, 3661.8932065098693]];2017-07-16 12:00:00;2017-10-08 12:00:00;"{""strategy"": {""combine"": ""dba"", ""pool"": ""pool_full"", ""dba_max_iter"": 30}, ""origin"": ""baseline"", ""loop"": {""final_attempt"": ""a3"", ""strategy"": {""combine"": ""dba"", ""pool"": ""pool_full"", ""dba_max_iter"": 30}, ""iterations_used"": 1, ""stop_reason"": ""laya_accept"", ""trace"": []}, ""score"": 0.6288, ""gate_scores"": null}";baseline;1;laya_accept;0.11361660661997328;522.458054170528;laya_multilingual_laya_v5_reasoning_text
343;13;orchestrator_laya_laya_v5_reasoning;0.13782940622791245;58.333333333333336;0.12271855776796052;543.4616186084031;0.12271659171092927;388.5117305868324;[[3730.0, 3182.0, 3165.0, 3463.0, 3098.0, 1955.0, 2964.0, 4003.0, 3550.0, 3348.0, 3014.0, 3879.0, 3559.0]];[[3224.9282166549283, 3142.2705523509867, 3405.2426026913736, 3475.90063655384, 3429.7193318486984, 3429.752127605661, 3429.7849233626234, 3429.8177191195864, 3428.420673463917, 3428.3937723635113, 3441.163212432126, 3183.2460662473654, 3476.6208813922285]];2017-07-16 12:00:00;2017-10-08 12:00:00;"{""strategy"": {""combine"": ""dba"", ""pool"": ""pool_full"", ""dba_max_iter"": 30}, ""origin"": ""baseline"", ""loop"": {""final_attempt"": ""a3"", ""strategy"": {""combine"": ""dba"", ""pool"": ""pool_full"", ""dba_max_iter"": 30}, ""iterations_used"": 1, ""stop_reason"": ""laya_accept"", ""trace"": []}, ""score"": 0.6837, ""gate_scores"": null}";baseline;1;laya_accept;0.12271855776796052;543.4616186084031;laya_multilingual_laya_v5_reasoning_text
344;13;orchestrator_laya_laya_v5_reasoning;0.1093900716641197;41.666666666666664;0.10349539640717643;462.552287614065;0.10349378620127979;336.53579027038626;[[3807.0, 3360.0, 3266.0, 3406.0, 3122.0, 2212.0, 2982.0, 3988.0, 3389.0, 3160.0, 3126.0, 3584.0, 3988.0]];[[3436.7437514169837, 3253.2112670096826, 3226.810981572613, 3163.427506811875, 3225.9932153557, 3387.867374557673, 3338.829145893075, 3253.7962863128564, 3246.071565294907, 3266.7207024449804, 3264.6004264070484, 3372.76220953972, 3342.222023184818]];2017-07-16 12:00:00;2017-10-08 12:00:00;"{""strategy"": {""combine"": ""trimmed_mean"", ""pool"": ""pool1"", ""trim_pct"": 0.2}, ""origin"": ""baseline"", ""loop"": {""final_attempt"": ""a5"", ""strategy"": {""combine"": ""trimmed_mean"", ""pool"": ""pool1"", ""trim_pct"": 0.2}, ""iterations_used"": 1, ""stop_reason"": ""laya_accept"", ""trace"": []}, ""score"": 0.6707, ""gate_scores"": null}";baseline;1;laya_accept;0.10349539640717643;462.552287614065;laya_multilingual_laya_v5_reasoning_text
345;13;orchestrator_laya_laya_v5_reasoning;0.11547157997232181;66.66666666666667;0.10284150036977971;831.5428165232805;0.10284053164820062;555.1877937095652;[[7012.0, 5532.0, 5818.0, 5845.0, 5240.0, 3442.0, 5592.0, 6704.0, 5512.0, 5418.0, 5004.0, 5866.0, 5701.0]];[[5773.575084289328, 5667.936530873632, 5802.153172624303, 5768.56250354401, 5730.231015926999, 5731.591129259945, 5767.247561779632, 5814.489372096223, 5940.208339118617, 5821.950738309789, 5875.148081967867, 5978.359196591158, 5791.5488569505715]];2017-07-16 12:00:00;2017-10-08 12:00:00;"{""strategy"": {""combine"": ""mean"", ""pool"": ""pool_full""}, ""origin"": ""baseline"", ""loop"": {""final_attempt"": ""a1"", ""strategy"": {""combine"": ""mean"", ""pool"": ""pool_full""}, ""iterations_used"": 1, ""stop_reason"": ""laya_accept"", ""trace"": []}, ""score"": 0.6778, ""gate_scores"": null}";baseline;1;laya_accept;0.10284150036977971;831.5428165232805;laya_multilingual_laya_v5_reasoning_text
346;13;orchestrator_laya_laya_v5_reasoning;0.10777498997384374;58.333333333333336;0.10245617128400616;489.28782493930606;0.10245473367226454;368.5605174048184;[[4217.0, 3343.0, 3621.0, 3938.0, 3702.0, 2575.0, 3277.0, 4485.0, 3790.0, 3487.0, 3158.0, 4196.0, 3823.0]];[[3535.4529722596153, 3429.9544920071007, 3798.292320127865, 3726.9553377106004, 3729.9549168348103, 3729.9549168348103, 3684.1213344155913, 3750.6259941343715, 3703.597481507899, 3433.6575524658715, 3725.9317844505554, 3823.5482372696524, 3593.0854630600834]];2017-07-16 12:00:00;2017-10-08 12:00:00;"{""strategy"": {""combine"": ""dba"", ""pool"": ""pool_full"", ""dba_max_iter"": 30}, ""origin"": ""baseline"", ""loop"": {""final_attempt"": ""a3"", ""strategy"": {""combine"": ""dba"", ""pool"": ""pool_full"", ""dba_max_iter"": 30}, ""iterations_used"": 1, ""stop_reason"": ""laya_accept"", ""trace"": []}, ""score"": 0.7007, ""gate_scores"": null}";baseline;1;laya_accept;0.10245617128400616;489.28782493930606;laya_multilingual_laya_v5_reasoning_text
347;13;orchestrator_laya_laya_v5_reasoning;0.16859299956282936;50.0;0.1514560759621409;769.9879252166897;0.15145427267270933;641.9110908481114;[[4952.0, 4054.0, 3637.0, 4411.0, 4431.0, 2762.0, 3708.0, 4300.0, 5288.0, 4673.0, 3860.0, 5166.0, 4657.0]];[[4397.9821940305765, 4817.0520916331925, 4608.387511129219, 4607.848970167868, 4609.502324393359, 4609.536128210956, 4547.156466406448, 4568.244752897921, 4557.276721795817, 4160.187786612823, 4495.864511628004, 4577.070491085835, 4399.231381916468]];2017-07-16 12:00:00;2017-10-08 12:00:00;"{""strategy"": {""combine"": ""dba"", ""pool"": ""pool_full"", ""dba_max_iter"": 30}, ""origin"": ""baseline"", ""loop"": {""final_attempt"": ""a3"", ""strategy"": {""combine"": ""dba"", ""pool"": ""pool_full"", ""dba_max_iter"": 30}, ""iterations_used"": 1, ""stop_reason"": ""laya_accept"", ""trace"": []}, ""score"": 0.6299, ""gate_scores"": null}";baseline;1;laya_accept;0.1514560759621409;769.9879252166897;laya_multilingual_laya_v5_reasoning_text
348;13;orchestrator_laya_laya_v5_reasoning;0.03828100463013272;33.333333333333336;0.03792850401644993;191.11209119217168;0.037927984398222904;138.74736582846148;[[3449.0, 3593.0, 3428.0, 3409.0, 3487.0, 3556.0, 3578.0, 3526.0, 3612.0, 3525.0, 3352.0, 4171.0, 3637.0]];[[3386.35855951, 3422.29146926, 3449.73354045, 3480.66329716, 3560.52825974, 3553.92963421, 3557.8561066, 3651.46616395, 3570.43731779, 3684.85623412, 3752.24555874, 3762.7744467, 3882.87023568]];2017-07-16 12:00:00;2017-10-08 12:00:00;"{""strategy"": {""combine"": ""median"", ""pool"": ""pool_full""}, ""origin"": ""baseline"", ""loop"": {""final_attempt"": ""a2"", ""strategy"": {""combine"": ""median"", ""pool"": ""pool_full""}, ""iterations_used"": 1, ""stop_reason"": ""laya_accept"", ""trace"": []}, ""score"": 0.5587, ""gate_scores"": null}";baseline;1;laya_accept;0.03792850401644993;191.11209119217168;laya_multilingual_laya_v5_reasoning_text
349;13;orchestrator_laya_laya_v5_reasoning;0.15063042857416048;83.33333333333333;0.154144843397769;921.2900846586683;0.15414334973038363;806.120701475055;[[6407.0, 5330.0, 5444.0, 5744.0, 4513.0, 3424.0, 6361.0, 6498.0, 5367.0, 5326.0, 5042.0, 6151.0, 5677.0]];[[5051.858392404286, 4764.163492681429, 5093.441852437143, 5034.322274465715, 4885.320580475714, 4907.102409442857, 4973.501180475714, 5111.879751697144, 4885.098909575713, 4880.80932953, 4832.872005151429, 5071.961673134286, 5022.94500919]];2017-07-16 12:00:00;2017-10-08 12:00:00;"{""strategy"": {""combine"": ""trimmed_mean"", ""pool"": ""pool3"", ""trim_pct"": 0.2}, ""origin"": ""baseline"", ""loop"": {""final_attempt"": ""a9"", ""strategy"": {""combine"": ""trimmed_mean"", ""pool"": ""pool3"", ""trim_pct"": 0.2}, ""iterations_used"": 1, ""stop_reason"": ""laya_accept"", ""trace"": []}, ""score"": 0.5608, ""gate_scores"": null}";baseline;1;laya_accept;0.154144843397769;921.2900846586683;laya_multilingual_laya_v5_reasoning_text
350;13;orchestrator_laya_laya_v5_reasoning;0.1405066896996983;50.0;0.13378671187655622;303.711747856826;0.13378254882182533;219.84432551086104;[[2083.0, 1704.0, 1622.0, 1626.0, 1306.0, 1010.0, 1719.0, 2189.0, 1661.0, 1753.0, 1591.0, 2057.0, 1850.0]];[[1595.262369436735, 1613.2560803252634, 1624.1689612047358, 1618.414191786852, 1642.3789535619514, 1633.0110459750806, 1616.182315471421, 1681.4794552387514, 1655.506031173474, 1671.5099302172396, 1669.4223928907647, 1671.838107924674, 1700.5566404169292]];2017-07-16 12:00:00;2017-10-08 12:00:00;"{""strategy"": {""combine"": ""trimmed_mean"", ""pool"": ""pool1"", ""trim_pct"": 0.2}, ""origin"": ""baseline"", ""loop"": {""final_attempt"": ""a5"", ""strategy"": {""combine"": ""trimmed_mean"", ""pool"": ""pool1"", ""trim_pct"": 0.2}, ""iterations_used"": 1, ""stop_reason"": ""laya_accept"", ""trace"": []}, ""score"": 0.665, ""gate_scores"": null}";baseline;1;laya_accept;0.13378671187655622;303.711747856826;laya_multilingual_laya_v5_reasoning_text
351;13;orchestrator_laya_laya_v5_reasoning;0.16327371867596144;50.0;0.14346053433220088;302.38935827361263;0.14345598160523504;227.54466905282047;[[1339.0, 1395.0, 1331.0, 1324.0, 1354.0, 1381.0, 1389.0, 1369.0, 1402.0, 1369.0, 1302.0, 1619.0, 1412.0]];[[1300.4670270866668, 1310.1394039111112, 1333.8709592322223, 1367.7047982177778, 1417.9896223566668, 1488.7843754033336, 1544.5923473722223, 1612.2761713255557, 1689.0638238522222, 1755.9077525522223, 1850.676540253333, 1956.6934512288888, 2069.1272868899996]];2017-07-16 12:00:00;2017-10-08 12:00:00;"{""strategy"": {""combine"": ""mean"", ""pool"": ""pool3""}, ""origin"": ""baseline"", ""loop"": {""final_attempt"": ""a8"", ""strategy"": {""combine"": ""mean"", ""pool"": ""pool3""}, ""iterations_used"": 1, ""stop_reason"": ""laya_accept"", ""trace"": []}, ""score"": 0.4148, ""gate_scores"": null}";baseline;1;laya_accept;0.14346053433220088;302.38935827361263;laya_multilingual_laya_v5_reasoning_text
352;13;orchestrator_laya_laya_v5_reasoning;0.13945335351980323;50.0;0.1226677825266067;280.4416502496854;0.12266381985898399;193.4919392051201;[[2197.0, 1711.0, 1661.0, 1535.0, 1444.0, 953.0, 1526.0, 1840.0, 1722.0, 1540.0, 1534.0, 1671.0, 1661.0]];[[1675.8753426812236, 1742.0661145953682, 1717.2678908943972, 1696.9264640900885, 1638.2229462979863, 1698.3958352688144, 1689.7135564665575, 1675.228373780332, 1720.1047215075803, 1721.966028168071, 1718.7962078314067, 1731.543598544432, 1708.7050054785755]];2017-07-16 12:00:00;2017-10-08 12:00:00;"{""strategy"": {""combine"": ""mean"", ""pool"": ""pool_full""}, ""origin"": ""baseline"", ""loop"": {""final_attempt"": ""a1"", ""strategy"": {""combine"": ""mean"", ""pool"": ""pool_full""}, ""iterations_used"": 1, ""stop_reason"": ""laya_accept"", ""trace"": []}, ""score"": 0.7444, ""gate_scores"": null}";baseline;1;laya_accept;0.1226677825266067;280.4416502496854;laya_multilingual_laya_v5_reasoning_text
353;13;orchestrator_laya_laya_v5_reasoning;0.17292616132411132;75.0;0.16547974154271394;663.7172792202102;0.16547710351120373;531.7279236817108;[[3513.0, 3203.0, 2907.0, 3031.0, 2335.0, 1945.0, 3178.0, 4175.0, 3651.0, 3512.0, 3573.0, 4511.0, 3884.0]];[[3139.2208657944957, 3110.772587649481, 3177.9737229916623, 3205.7492440826145, 3168.7708807041, 3162.28952012093, 3153.3254780195907, 3188.5356024707476, 3262.6421088401817, 3214.6256178369613, 3221.172001787237, 3283.0138117372353, 3211.0122859011362]];2017-07-16 12:00:00;2017-10-08 12:00:00;"{""strategy"": {""combine"": ""mean"", ""pool"": ""pool_full""}, ""origin"": ""baseline"", ""loop"": {""final_attempt"": ""a1"", ""strategy"": {""combine"": ""mean"", ""pool"": ""pool_full""}, ""iterations_used"": 1, ""stop_reason"": ""laya_accept"", ""trace"": []}, ""score"": 0.7, ""gate_scores"": null}";baseline;1;laya_accept;0.16547974154271394;663.7172792202102;laya_multilingual_laya_v5_reasoning_text
354;13;orchestrator_laya_laya_v5_reasoning;0.40951286112965946;50.0;0.3266585048831233;1345.8959005326979;0.3266539328320732;1181.5333738023915;[[2777.0, 2893.0, 2760.0, 2745.0, 2807.0, 2862.0, 2880.0, 2838.0, 2908.0, 2838.0, 2698.0, 3357.0, 2928.0]];[[3255.5169656155067, 3298.6618824802504, 3314.9357112804155, 3422.6434226038823, 3548.4199021181616, 3696.7347791465213, 3839.857483890258, 4064.9091645537205, 4282.933519632828, 4515.242424440954, 4815.842596471872, 5167.920495970116, 5427.315511226601]];2017-07-16 12:00:00;2017-10-08 12:00:00;"{""strategy"": {""combine"": ""mean"", ""pool"": ""pool_full""}, ""origin"": ""baseline"", ""loop"": {""final_attempt"": ""a1"", ""strategy"": {""combine"": ""mean"", ""pool"": ""pool_full""}, ""iterations_used"": 1, ""stop_reason"": ""laya_accept"", ""trace"": []}, ""score"": 0.6944, ""gate_scores"": null}";baseline;1;laya_accept;0.3266585048831233;1345.8959005326979;laya_multilingual_laya_v5_reasoning_text
355;13;orchestrator_laya_laya_v5_reasoning;0.154736918159568;83.33333333333333;0.13434007020169414;679.5794073735055;0.13433828334415227;510.7363232273647;[[4387.0, 3772.0, 3660.0, 3878.0, 3131.0, 2405.0, 4081.0, 4811.0, 4170.0, 4017.0, 3824.0, 4661.0, 4297.0]];[[4112.320669476751, 4322.110345111703, 4207.8973445163065, 4209.475565618541, 4208.202488499266, 4197.035660591332, 4211.929131809588, 4220.444817189812, 4219.564618184655, 4239.568800129904, 4197.78927060571, 4456.7484758320425, 3802.487060612659]];2017-07-16 12:00:00;2017-10-08 12:00:00;"{""strategy"": {""combine"": ""dba"", ""pool"": ""pool_full"", ""dba_max_iter"": 30}, ""origin"": ""baseline"", ""loop"": {""final_attempt"": ""a3"", ""strategy"": {""combine"": ""dba"", ""pool"": ""pool_full"", ""dba_max_iter"": 30}, ""iterations_used"": 1, ""stop_reason"": ""laya_accept"", ""trace"": []}, ""score"": 0.688, ""gate_scores"": null}";baseline;1;laya_accept;0.13434007020169414;679.5794073735055;laya_multilingual_laya_v5_reasoning_text
356;13;orchestrator_laya_laya_v5_reasoning;0.15942750305629913;50.0;0.13773737057180963;620.4793506595771;0.13773538043211972;479.97870343601284;[[3938.0, 3363.0, 3249.0, 3515.0, 3097.0, 2275.0, 3421.0, 4166.0, 3807.0, 3434.0, 3303.0, 4024.0, 3747.0]];[[3835.7443913891707, 3890.378940412423, 3898.2155276659564, 3845.9062243170483, 3852.550366950359, 3877.95725605454, 3909.571988978532, 3944.1738750354475, 3938.2963399389937, 3949.200707576872, 3948.264281973508, 3993.8255064872938, 3986.125283711847]];2017-07-16 12:00:00;2017-10-08 12:00:00;"{""strategy"": {""combine"": ""trimmed_mean"", ""pool"": ""pool1"", ""trim_pct"": 0.2}, ""origin"": ""baseline"", ""loop"": {""final_attempt"": ""a5"", ""strategy"": {""combine"": ""trimmed_mean"", ""pool"": ""pool1"", ""trim_pct"": 0.2}, ""iterations_used"": 1, ""stop_reason"": ""laya_accept"", ""trace"": []}, ""score"": 0.6239, ""gate_scores"": null}";baseline;1;laya_accept;0.13773737057180963;620.4793506595771;laya_multilingual_laya_v5_reasoning_text
357;13;orchestrator_laya_laya_v5_reasoning;0.10020851235465272;66.66666666666667;0.09819619024789603;777.333998268083;0.0981952786086626;537.572619875444;[[6907.0, 5711.0, 5496.0, 5862.0, 5380.0, 3660.0, 5159.0, 6787.0, 5596.0, 5445.0, 5345.0, 6156.0, 5866.0]];[[5523.684528539906, 5484.23797660844, 5635.547733080209, 5639.0772868165695, 5471.593987656422, 5350.231156858097, 5331.490162479748, 5353.047407087217, 5407.5705538632055, 5307.255735145304, 5376.153183576302, 5459.412514925399, 5292.286162283964]];2017-07-16 12:00:00;2017-10-08 12:00:00;"{""strategy"": {""combine"": ""mean"", ""pool"": ""pool_full""}, ""origin"": ""baseline"", ""loop"": {""final_attempt"": ""a1"", ""strategy"": {""combine"": ""mean"", ""pool"": ""pool_full""}, ""iterations_used"": 1, ""stop_reason"": ""laya_accept"", ""trace"": []}, ""score"": 0.6889, ""gate_scores"": null}";baseline;1;laya_accept;0.09819619024789603;777.333998268083;laya_multilingual_laya_v5_reasoning_text
358;13;orchestrator_laya_laya_v5_reasoning;0.14737363172428838;66.66666666666667;0.13797256979822758;666.6188164640414;0.13797077744291128;538.1904370932482;[[4458.0, 5098.0, 4518.0, 4973.0, 3973.0, 2613.0, 3476.0, 4213.0, 3386.0, 3627.0, 3299.0, 3743.0, 3965.0]];[[4025.2256655274086, 4052.371346834075, 4244.730872197409, 4024.272538637408, 4067.869962880742, 4056.6643824674084, 4070.7469858474083, 3983.4640412540753, 3976.797709590742, 4009.420407500742, 3981.870142694075, 3986.387716747409, 3998.7828389340752]];2017-07-16 12:00:00;2017-10-08 12:00:00;"{""strategy"": {""combine"": ""trimmed_mean"", ""pool"": ""pool1"", ""trim_pct"": 0.2}, ""origin"": ""baseline"", ""loop"": {""final_attempt"": ""a5"", ""strategy"": {""combine"": ""trimmed_mean"", ""pool"": ""pool1"", ""trim_pct"": 0.2}, ""iterations_used"": 1, ""stop_reason"": ""laya_accept"", ""trace"": []}, ""score"": 0.6846, ""gate_scores"": null}";baseline;1;laya_accept;0.13797256979822758;666.6188164640414;laya_multilingual_laya_v5_reasoning_text
