DATA;MCPM;UF;PRODUCT;MODEL;PARAMS;WINDOW;HORIZON;RMSE;MAPE;POCID;PBE;MASE;P1;P2;P3;P4;P5;P6;P7;P8;P9;P10;P11;P12
normal;25765.689634743747;AL;oleodiesel;knn;{'n_neighbors': 9};12;12;3259.630776919898;0.07239500526689037;81.81818181818181;5.812737865009689;1.38604295720147;32367.036107902586;27409.79348008178;27580.61491773062;27682.01458234478;28461.773956720463;31044.262492811762;35752.02482374127;38766.979734922315;38959.4238516277;38648.92110367124;35036.47418501375;34250.675667151634
log;78550.40336897776;AL;oleodiesel;knn;{'n_neighbors': 9};12;12;4974.12568037903;0.1051970413433133;63.63636363636363;5.189549090834708;2.0030071307342676;26419.727964598307;26817.51040973141;27677.49559372156;28199.37063314986;29868.45778562216;35255.429652361025;39168.36881938925;38947.942327019155;39726.886148190824;37569.091929171904;34683.4770677121;34246.10064227992
deseasonal;41894.39324113562;AL;oleodiesel;knn;{'n_neighbors': 5};12;12;3538.1411525424082;0.07185649805514542;72.72727272727273;6.070250498652055;1.338747281601248;31687.589696608808;26029.894075932618;25963.405135781988;25422.552259589007;27591.318259856915;29550.67947149498;32868.82891815443;39374.025686608744;40652.88563151639;41706.99748695782;39792.98055547467;34236.26351354763
