DATA;MCPM;UF;PRODUCT;MODEL;PARAMS;WINDOW;HORIZON;RMSE;MAPE;POCID;PBE;MASE;P1;P2;P3;P4;P5;P6;P7;P8;P9;P10;P11;P12
normal;417945.46863204165;MA;oleodiesel;knn;{'n_neighbors': 1};12;12;21178.013192681356;0.1209393306101433;54.54545454545455;9.058531911300731;1.5392466562828155;97501.58302158285;111946.67972918949;118256.27537409734;117102.84180827474;117760.11062597664;129438.9618957701;142875.64631994336;144146.98854744819;150390.97160573862;140138.48047918762;140967.49241750102;127108.64204019457
log;372106.6415374447;MA;oleodiesel;knn;{'n_neighbors': 1};12;12;18860.497185811615;0.10833371611634866;54.54545454545455;7.77541375290748;1.3733987311746712;99114.31909488866;112668.74613827196;118587.23056768403;117412.45632388619;120805.17201283676;142729.56963718697;154409.80636452642;141968.833336153;148073.39136601007;139962.89761544156;136679.2225342875;126917.93893485804
deseasonal;218833.3348054195;MA;oleodiesel;knn;{'n_neighbors': 5};12;12;13866.721619753152;0.08124214683316218;63.63636363636363;7.012390970323495;1.0461476534984102;109039.93815735598;117711.30386158841;121158.86483977843;126526.96875016564;135141.29327103472;143110.0013488254;145221.06035381832;142264.98510286273;140995.64977537756;141754.16444965647;130201.83034950505;119104.68209365338
