DATA;MCPM;UF;PRODUCT;MODEL;PARAMS;WINDOW;HORIZON;RMSE;MAPE;POCID;PBE;MASE;P1;P2;P3;P4;P5;P6;P7;P8;P9;P10;P11;P12
normal;293092.2324516831;MT;oleodiesel;knn;{'n_neighbors': 1};12;12;24757.825714786122;0.06673722245894244;72.72727272727273;3.586149249367062;0.7427402236404664;338211.1815704831;259661.8119535902;265034.48275890463;349140.357804504;367107.1431462839;349669.01016108005;327669.40032469045;348211.30297209375;286795.08078845736;254609.97022293668;325673.5541555167;357007.08450305555
log;1447838.2906191465;MT;oleodiesel;knn;{'n_neighbors': 1};12;12;52433.980458693666;0.13203380222174632;36.36363636363637;4.8210025350127905;1.5245772815377816;218001.43902319105;241654.12294798813;284192.16083705076;335939.6881957416;313192.4947808945;321034.3013049747;339319.5410387678;361734.01820233115;360686.799641062;354400.6343054621;349525.1259117688;300071.5151613364
deseasonal;245507.3338702287;MT;oleodiesel;knn;{'n_neighbors': 1};12;12;31036.90858917587;0.08589484889332438;81.81818181818181;6.35743140282363;0.9947056576402746;269666.45645730797;258946.95892598593;287581.15990601823;331927.9365377937;330694.5436864062;334783.93729996536;339842.2231533862;301855.56314132403;273706.2456344403;310553.14966455457;333415.4087142341;345763.53862834466
