DATA;MCPM;UF;PRODUCT;MODEL;PARAMS;WINDOW;HORIZON;RMSE;MAPE;POCID;PBE;MASE;P1;P2;P3;P4;P5;P6;P7;P8;P9;P10;P11;P12
log;162875.8400501722;PI;gasolinac;knn;{'n_neighbors': 5};12;12;7505.354138682528;0.1162001726950298;54.54545454545455;10.483478678702909;1.151155264467748;49550.66027855693;47401.92495889422;43380.09787054237;43818.966664994565;39174.68959892944;41542.478585863326;43009.36847329448;48033.65082735096;50310.76844707714;52640.26063030129;52875.50105222895;51266.07196804887
normal;190538.5860503604;PI;gasolinac;knn;{'n_neighbors': 9};12;12;7527.083459467821;0.1252597379606716;45.45454545454545;9.904928738455633;1.2358594281066548;50474.56151392817;47141.339287623385;44838.77246672537;43678.94157154689;39881.936617353655;43432.05549984491;44344.9694127262;46073.58092935071;47865.48660623674;52465.60543084001;51310.49452397836;55135.422514589874
