DATA;MCPM;UF;PRODUCT;MODEL;PARAMS;WINDOW;HORIZON;RMSE;MAPE;POCID;PBE;MASE;P1;P2;P3;P4;P5;P6;P7;P8;P9;P10;P11;P12
normal;42857.93771328233;RS;etanolhidratado;rf;{'n_estimators': 50};12;12;3569.8718268150715;0.44925266335112507;72.72727272727273;51.46704006470755;1.0285051538270409;2550.5446413463364;2245.4947294561116;2322.0553341245477;2455.307266094641;2614.222102687736;2658.7557194876517;2851.531112157403;2871.1204316481662;2914.7970028310688;3047.604585791898;3096.43626769079;3418.661479252502
log;43077.5512737529;RS;etanolhidratado;rf;{'n_estimators': 50};12;12;3588.0566792617783;0.45009786388744116;72.72727272727273;51.816014143751524;1.0354789692708184;2592.8874513729947;2493.570840512567;2427.1076202945915;2390.1112330431824;2412.364880532088;2478.6120258992196;2660.023255850399;2730.347512296151;2960.581257507861;3068.3808728551453;3262.43593654706;3332.4881842006203
deseasonal;110027.9595435292;RS;etanolhidratado;rf;{'n_estimators': 50};12;12;3964.431351157295;0.45100859726096276;36.36363636363637;53.71881575167402;1.0735041064848134;2252.7152344755023;2288.922295241863;2542.9416932691915;2453.5878661049546;3085.7846367876423;2608.2517764984796;3101.831076807607;3441.3671741208937;3010.271597378157;3328.6422268575357;1861.1632539364678;1537.7974423006276
