DATA;MCPM;UF;PRODUCT;MODEL;PARAMS;WINDOW;HORIZON;RMSE;MAPE;POCID;PBE;MASE;P1;P2;P3;P4;P5;P6;P7;P8;P9;P10;P11;P12
normal;31073.07821842918;TO;etanolhidratado;rf;{'n_estimators': 50};12;12;1307.7915242303666;0.3127839606807497;45.45454545454545;31.702677452499078;0.8642575047470725;2439.1815041579375;2409.010750865218;2088.8855248278423;1816.3186284305134;1770.4968989097993;1773.9909489113854;1725.1342432024633;1718.715879988606;2046.7220991598113;2476.6724031465737;2566.1910587552115;2375.2671425559206
log;17823.573866207313;TO;etanolhidratado;rf;{'n_estimators': 50};12;12;1123.573103549507;0.26258062391407694;63.63636363636363;29.489772843156082;0.7270219465379513;1874.2027242367346;1797.9215001471055;1665.8427097560607;1685.7827849782866;1795.3714765102568;1978.536214043662;2404.763361849197;2572.7227397181255;2611.519638955825;2591.6016481243137;2533.3268058267154;2511.7152367435774
deseasonal;30196.053060916296;TO;etanolhidratado;rf;{'n_estimators': 50};12;12;1271.4603784306998;0.2883947907231205;45.45454545454545;32.3782619750894;0.8171171095004585;2136.548017386703;2031.6523302155879;1932.5313769505626;1897.4784221433968;2200.5641992528103;1762.819571841452;1600.2103220099586;1713.9719058807566;1863.25755156222;2737.221641475642;2695.9239652981105;2385.0688668350285
