DATA;MCPM;UF;PRODUCT;MODEL;PARAMS;WINDOW;HORIZON;RMSE;MAPE;POCID;PBE;MASE;P1;P2;P3;P4;P5;P6;P7;P8;P9;P10;P11;P12
normal;7777.3009373656305;RO;etanolhidratado;rf;{'n_estimators': 200};12;12;647.713136658776;0.4385327868134716;72.72727272727273;46.02382239655878;0.9100641184295578;631.1584604548816;552.1785587484604;401.83860737671984;493.2154353804385;597.8778741736226;595.2853558590217;676.5347698144838;810.3280463160403;879.430223422504;928.4465302311022;927.0150766512563;708.4765019606896
log;13128.38216958323;RO;etanolhidratado;rf;{'n_estimators': 150};12;12;659.8084286279128;0.4642349310892477;54.54545454545455;47.86597306756975;0.9464903676876676;400.03955547042113;403.2381379648898;428.2866557557784;547.3333616779886;577.321315216834;597.7867360858769;701.2815499113897;801.4499087335631;840.517599707344;874.1661841967023;876.4147330389632;874.0313159755439
deseasonal;21899.0140374122;RO;etanolhidratado;rf;{'n_estimators': 50};12;12;918.991461370535;0.45894470645886737;45.45454545454545;49.8827614212637;1.0789124950986348;501.0019708234722;721.3577730300818;714.5896038232959;871.4021619054013;1087.9448846643743;938.4651696453724;929.690810787957;783.4392419478061;374.11127643816775;497.2375672737052;-26.072882293890984;222.24455260846622
