DATA;MCPM;UF;PRODUCT;MODEL;PARAMS;WINDOW;HORIZON;RMSE;MAPE;POCID;PBE;MASE;P1;P2;P3;P4;P5;P6;P7;P8;P9;P10;P11;P12
normal;23570.972422456292;AL;etanolhidratado;rf;{'n_estimators': 100};12;12;1975.0362158969251;0.28477374817433515;72.72727272727273;18.734491456794842;0.9279446913985523;6153.234174563888;5930.7980815812625;6427.199018457972;5625.458350383162;4811.294395049438;4381.057865821432;3272.9524874198996;3240.0978219079016;3625.527242814648;3725.0333028334203;4095.4839300367694;5025.059961736812
log;41011.96825187753;AL;etanolhidratado;rf;{'n_estimators': 50};12;12;2071.083180836798;0.27069635956104543;54.54545454545455;16.94971089998822;0.8948926915495719;5630.638662886998;5760.042451570346;6005.025273864504;5839.340073214727;5446.9569841934135;5377.473974070544;5013.284505969114;4085.294638844244;3194.709967385597;3527.7356290364514;3660.572130458052;4008.8917927929638
deseasonal;29735.073455929123;AL;etanolhidratado;rf;{'n_estimators': 50};12;12;1873.063077987044;0.2926669027628044;63.63636363636363;12.031180976821359;0.9135988154611889;6444.956021468062;6761.14816727055;6151.077575987817;6119.000400219934;5687.8156000140125;5108.800917196319;3875.3916261311147;3193.1791816788045;3046.9397225687944;4218.325181025379;4959.691327222376;5391.951560613923
