DATA;MCPM;UF;PRODUCT;MODEL;PARAMS;WINDOW;HORIZON;RMSE;MAPE;POCID;PBE;MASE;P1;P2;P3;P4;P5;P6;P7;P8;P9;P10;P11;P12
normal;1117620.5437263218;SP;etanolhidratado;rf;{'n_estimators': 100};12;12;70827.0643395028;0.07767722929391392;63.63636363636363;7.682865446079049;0.6580806862445576;626132.1872043505;609192.0257446911;609085.1146936602;610909.8639535385;623517.518947653;628727.8035176926;650504.0343347307;673332.3296358391;690761.5289399582;727198.2044130556;724214.3966434816;740279.808687688
log;905199.0370596625;SP;etanolhidratado;rf;{'n_estimators': 100};12;12;76420.99545399423;0.08186796232440045;72.72727272727273;7.978207330061754;0.6968201557932917;614811.9899824351;608317.3351700852;614675.4588003115;619734.5647993787;632465.8013906222;634365.0034716252;651800.1007292508;672395.7971707184;685427.3564565777;710416.0788828607;706055.2727842581;738071.9749862128
deseasonal;535011.9512932263;SP;etanolhidratado;rf;{'n_estimators': 100};12;12;67693.30211703418;0.070443961632926;81.81818181818181;6.029679242302764;0.5909266439753275;651128.1013531506;594675.7566206938;628783.2805530626;589224.8023131563;659884.372997853;665430.1740050357;707476.0592803074;740217.7541185456;726729.5542074107;762015.7622812862;684955.6080711978;645052.4133726994
