DATA;UF;PRODUCT;MODEL;PARAMS;WINDOW;HORIZON;RMSE;MAPE;POCID;PBE;MASE;P1;P2;P3;P4;P5;P6;P7;P8;P9;P10;P11;P12
mean;SE;etanolhidratado;knn_rf_deepar_svr_catboost_arima;{};12;12;1123.9154698497107;0.2582264138747625;27.272727272727273;22.157364302671244;0.722225890464637;2884.7938164390903;2604.419787744668;2777.4071530585666;2515.8596637829833;2112.6158440628815;2075.6730909111993;1985.8999871219632;2250.8875178868343;2666.006429977634;2457.4893586287494;2874.638914822911;2630.0860557743445
