DATA;UF;PRODUCT;MODEL;PARAMS;WINDOW;HORIZON;RMSE;MAPE;POCID;PBE;MASE;P1;P2;P3;P4;P5;P6;P7;P8;P9;P10;P11;P12
mean;SC;etanolhidratado;knn_rf_deepar_svr_catboost_arima;{};12;12;8077.793041123051;0.4472258447204868;45.45454545454545;55.65419454612953;0.992909189170506;5144.216446679809;5563.825013925136;4721.915883911305;4445.783656246139;4419.057281314458;4605.956216521303;4579.6548065320385;4478.4874258912505;4911.089870727266;5583.860993396578;4806.7076664783335;5148.088692051544
