DATA;UF;PRODUCT;MODEL;PARAMS;WINDOW;HORIZON;RMSE;MAPE;POCID;PBE;MASE;P1;P2;P3;P4;P5;P6;P7;P8;P9;P10;P11;P12
mean;BA;etanolhidratado;knn_rf_deepar_svr_catboost_arima;{};12;12;9538.924892767103;0.1424849668081659;45.45454545454545;15.304304846963593;0.5265171621774087;33260.47724568146;33434.38334864501;34223.56352992458;35323.071290498774;33244.67220285646;35413.66263725453;33395.295174302155;40198.82683226412;39414.71361725005;42201.69114837415;38657.5437312698;38910.14708204811
