DATA;UF;PRODUCT;MODEL;PARAMS;WINDOW;HORIZON;RMSE;MAPE;POCID;PBE;MASE;P1;P2;P3;P4;P5;P6;P7;P8;P9;P10;P11;P12
mean;AL;etanolhidratado;knn_rf_deepar_svr_catboost_arima;{};12;12;1390.2123615189478;0.19157461238624743;45.45454545454545;9.066355035960308;0.6140544717305614;5336.836737542245;5329.9714640842985;5718.065886185188;6052.417145496926;5262.439119728635;5479.207037558796;4900.691727122759;5238.134755666083;4651.5596895142;5312.3745078673455;4712.573918661574;5018.491004076489
