DATA;UF;PRODUCT;MODEL;PARAMS;WINDOW;HORIZON;RMSE;MAPE;POCID;PBE;MASE;P1;P2;P3;P4;P5;P6;P7;P8;P9;P10;P11;P12
normal;AM;gasolinac;catboost;{};12;12;9397.84343379471;2.2462159914363626;36.36363636363637;178.26562850171044;1.1713147147560319;-1958.7626343907439;-1321.0938578173088;-695.2562478113298;-1972.0656231393712;1322.7642387449018;3118.517364512237;3704.764459093667;4406.967922898306;3672.8315991423906;7967.59957396917;5765.801806096419;4187.337499488246
deseasonal;AM;gasolinac;catboost;{};12;12;7523.3077408874915;3.4457862862248074;36.36363636363637;186.3738147763204;0.9432606724605759;390.7985374138989;-569.6006745909219;-1716.8699922784206;-1848.2594521730832;-901.9708039121763;1945.5411783566112;2697.7263884394233;3883.887110429637;3780.7957872716734;7837.832962096599;7514.269166452795;2474.928075037862
log;AM;gasolinac;catboost;{};12;12;7308.395949789338;2.2657233768199485;54.54545454545455;207.47681276081744;1.5302213733553864;946.478867324972;-2806.8611117174605;1151.7727143992693;-1195.299466631343;631.3965085682466;5699.317432486649;6877.0760083759415;8910.259794947806;5779.570655085592;8190.187782773978;5135.691404209722;-3886.4205319742787
