DATA;UF;PRODUCT;MODEL;PARAMS;WINDOW;HORIZON;RMSE;MAPE;POCID;PBE;MASE;P1;P2;P3;P4;P5;P6;P7;P8;P9;P10;P11;P12
normal;MT;gasolinac;catboost;{};12;12;10937.77921441419;6.140195280414392;45.45454545454545;-1329.2293747064016;0.8756667064190798;-3022.0939002863824;-2623.493113407595;4285.846452161119;4596.25723491752;7383.990451976364;12078.28845819079;16391.41380050194;14889.188759862518;13845.33467938031;11350.148925692316;7019.308166335415;3126.076115028056
deseasonal;MT;gasolinac;catboost;{};12;12;6461.422421291488;4.874779076958041;45.45454545454545;500.8352224522306;0.4307004881996428;3212.5505367382543;3051.086032252182;2570.367875603614;-153.85424478659615;-1635.4322500613157;-2991.6421596794185;-1774.5753771316017;-1178.0203104702932;1166.926216488619;4799.712057665745;6387.950316411898;7994.982290940245
log;MT;gasolinac;catboost;{};12;12;5520.39123409697;1.0773600466090405;81.81818181818181;1013.5711153798496;0.3662599735281712;3478.2924593143152;4633.566531190091;9929.423170612627;8178.156601896138;7254.996627049595;7520.094542054221;6066.028986658464;3640.199167992912;1806.3261912905675;-2948.165842759816;-5001.531029157489;-5225.599420930475
