DATA;UF;PRODUCT;MODEL;PARAMS;WINDOW;HORIZON;RMSE;MAPE;POCID;PBE;MASE;P1;P2;P3;P4;P5;P6;P7;P8;P9;P10;P11;P12
normal;RJ;gasolinac;catboost;{};12;12;52071.54484434596;8.25246789380405;27.272727272727273;-38.17415013727879;2.1883767851660627;26865.330904127466;32177.449143332276;13397.033126290895;-845.0509366661354;985.3939695690642;-1731.3746238736712;11711.33691239404;30728.982494471456;36764.73643313958;49705.82745165125;67734.77182774662;67732.33813806478
deseasonal;RJ;gasolinac;catboost;{};12;12;42233.82336408155;2.710730962407205;54.54545454545455;-48.26021682249788;1.9156766788409514;35352.26587303214;33156.77898100343;22373.61823276709;9940.888605481756;-828.5737261398099;139.32161532933242;16686.378629510968;28556.570146737988;46588.30967711825;45972.839675430536;53118.91426620894;52927.25015225979
log;RJ;gasolinac;catboost;{};12;12;45742.30284007853;2.088330132455157;54.54545454545455;-59.48874154259194;2.012441497470659;46295.55899126595;45045.8206509154;20141.99160246821;-1436.2952092376363;-7172.228123196597;-2140.7609616331465;8275.18689731661;19636.632704523832;25464.769585316884;45344.49069925914;45288.3968289002;58576.396561730944
