DATA;UF;PRODUCT;MODEL;PARAMS;WINDOW;HORIZON;RMSE;MAPE;POCID;PBE;MASE;P1;P2;P3;P4;P5;P6;P7;P8;P9;P10;P11;P12
normal;AL;gasolinac;catboost;{};12;12;5828.311007994565;3.5135083282318345;63.63636363636363;-69.44072837295194;2.9590938735742847;1475.5785429433063;924.361896830942;3099.579017398005;996.919286869736;-86.98567418622497;3199.312768776026;6203.642927155544;4815.454952899241;3744.981494412712;5885.845802943253;7080.322823388433;5381.648647987834
deseasonal;AL;gasolinac;catboost;{};12;12;5020.990942648681;7.282660089785172;45.45454545454545;-41.883361693339694;1.844195626976236;3046.322105742176;2723.1496729188075;4097.675637406514;945.6018604380201;1551.5084920439556;114.24742086649712;849.2144342586657;1910.1913635016397;1868.8023230970748;4487.450320379432;7614.273841157947;5372.591387492954
log;AL;gasolinac;catboost;{};12;12;5164.798650587807;3.3127114533671276;36.36363636363637;-71.51856056637172;2.680943308400812;1740.0824670697307;1842.1125983980678;3561.611797256349;1798.812788871102;393.6611963988803;2673.524622374855;3527.8323151285094;4305.856332758181;4541.467932269649;5978.864616626803;6884.925184209704;4102.0181015111175
