DATA;UF;PRODUCT;MODEL;PARAMS;WINDOW;HORIZON;RMSE;MAPE;POCID;PBE;MASE;P1;P2;P3;P4;P5;P6;P7;P8;P9;P10;P11;P12
normal;MS;gasolinac;catboost;{};12;12;18574.22232832355;6.850505664446543;45.45454545454545;-983.283969315201;1.621049727031111;4736.854548974269;7359.2085595270555;6556.997256930462;6812.6023234693;8222.796146988054;13083.462742861195;14768.632508439234;15729.29919461454;12475.758731902164;18254.245750325346;15801.234724979116;12188.022861241443
deseasonal;MS;gasolinac;catboost;{};12;12;16317.181418030197;1.6289047239831067;27.272727272727273;-1387.238701039157;1.3090400464463197;8114.444547436963;6422.324549696665;5204.526690041505;6785.021709835441;5993.786927334995;10103.515300125935;12029.044876571663;11415.351782412306;12022.748364856086;11359.460156532352;15082.98119143075;13627.834837244867
log;MS;gasolinac;catboost;{};12;12;17515.896728842767;5.6776207787539965;54.54545454545455;-1635.0368441027924;1.5841229835677348;6445.842936896715;5475.781736919125;5451.469364581368;5341.828010752381;6949.287025565906;9041.044288412875;14300.230741614507;14755.108345397177;12203.904918126384;18028.547619284385;16583.38996346596;10117.322356700559
