DATA;UF;PRODUCT;MODEL;PARAMS;WINDOW;HORIZON;RMSE;MAPE;POCID;PBE;MASE;P1;P2;P3;P4;P5;P6;P7;P8;P9;P10;P11;P12
normal;RO;gasolinac;catboost;{};12;12;3670.7152369099927;2.2203248576303563;27.272727272727273;-119.64523663446329;1.6614065161695195;821.5663737056602;566.8887453447089;1629.4678735284178;1717.0974530617455;1386.9621831491497;2183.4420711333955;2447.5293219715427;2899.8820792721776;3619.986351503904;3401.1749612456497;3445.475401184806;2160.245053993312
deseasonal;RO;gasolinac;catboost;{};12;12;3278.87356942221;48.01671653166429;72.72727272727273;-207.4314057433997;1.3700234836634801;1143.566101648584;1486.5863984786802;698.8165558769545;576.6969541716928;851.7395591457282;1584.9159147053902;1951.041356211777;1937.2944366987374;3755.423722187316;4590.305993030414;3944.2191377243025;3210.2733133094725
log;RO;gasolinac;catboost;{};12;12;2470.127663861867;11.243465346537166;54.54545454545455;-135.4830894160918;0.9992743901705172;1604.1068606193578;1811.1236147181423;3148.1196925876575;2082.3933249165952;2425.7410518993006;2149.3771753898504;2860.6240110523586;2271.505471870808;1701.331540536556;1665.4387238347958;1122.8906392216375;1816.1539075805738
