DATA;UF;PRODUCT;MODEL;PARAMS;WINDOW;HORIZON;RMSE;MAPE;POCID;PBE;MASE;P1;P2;P3;P4;P5;P6;P7;P8;P9;P10;P11;P12
normal;RR;gasolinac;catboost;{};12;12;2358.717591240139;7.108712799007644;81.81818181818181;412.8553299438058;1.1061265210067013;684.3168005671847;661.8073666914021;913.311850141941;209.10120780590387;692.6226447220013;1402.7435876420113;2405.6908836291655;2533.2810364970646;1820.777824324887;3180.9279483178043;2960.1000511177235;1116.896083712358
deseasonal;RR;gasolinac;catboost;{};12;12;2330.110018090422;8.836685696960048;72.72727272727273;415.2383021778006;1.2678797771409327;874.7136507740926;936.0667031336379;1290.5277872746856;1548.1131924652493;1504.8733355430725;1572.1042311779843;2300.983266532711;2488.96233583143;1915.4787668643107;2245.8173281702934;1796.8845716371275;1458.3335410770085
log;RR;gasolinac;catboost;{};12;12;2556.702037120765;36.671690177947916;63.63636363636363;502.29034533113435;1.3198468010029236;1356.798335611947;959.4140729870858;929.2977196290991;1123.3281329477081;1199.6106768808752;1634.684277588298;2810.228293849114;2593.2593160087376;1907.6067451603142;3110.165830043639;1991.321137557928;1156.5051632824611
