DATA;UF;PRODUCT;MODEL;PARAMS;WINDOW;HORIZON;RMSE;MAPE;POCID;PBE;MASE;P1;P2;P3;P4;P5;P6;P7;P8;P9;P10;P11;P12
normal;BA;gasolinac;catboost;{};12;12;25450.616951259104;1.169912848813383;45.45454545454545;-7.6754247903714825;1.4707526729023763;21120.754078811362;4518.632953744582;9085.602169252688;3991.3930188317663;5935.208654261127;-863.8614992684506;1555.360955785387;2712.595721082871;968.1542917722472;25333.51594223188;33393.494326793065;33573.71739467878
deseasonal;BA;gasolinac;catboost;{};12;12;25632.20542418518;2.5077686478510643;45.45454545454545;7.593177576478935;1.5765063448874794;18525.931814740703;8208.690923270631;-3704.495882885709;-3575.475745231175;-3005.689123627404;-4092.1783449760605;9926.76751193726;9128.18528932553;9386.436174474205;23247.471383408778;25462.85432227134;30492.242262969885
log;BA;gasolinac;catboost;{};12;12;24167.74866686093;2.185950575212084;54.54545454545455;4.8455182962924885;1.081671692856409;16477.88450843456;7442.773260634256;10315.271238657406;5353.391358922714;2006.4845239056613;-4683.42870093125;2766.2530927571315;2533.210303540025;8529.019646794333;28126.851389342337;23802.32612853201;39760.295954896836
