DATA;UF;PRODUCT;MODEL;PARAMS;WINDOW;HORIZON;RMSE;MAPE;POCID;PBE;MASE;P1;P2;P3;P4;P5;P6;P7;P8;P9;P10;P11;P12
normal;PE;gasolinac;catboost;{};12;12;18890.029895157957;1.4599166783742321;63.63636363636363;-8.780662496663803;2.5582548405149814;8868.198442718958;5198.191135404213;3259.185636599761;-522.626634434233;-2109.6147329665337;648.6754374998964;-764.003012125675;7608.836874987473;5395.0226743906105;16586.186117608293;18525.069373417984;19775.11303912274
deseasonal;PE;gasolinac;catboost;{};12;12;12550.448057787786;1.4075556130880134;54.54545454545455;27.523849655582914;1.7792598833025917;14938.098418988931;8588.262770302368;9266.942558497627;8410.963577127499;3645.755983166499;-5555.663280702932;-1207.963832104785;2281.6210200167243;1067.5444472647278;1768.91597659116;6805.787240706329;7021.522254922589
log;PE;gasolinac;catboost;{};12;12;13493.125045948504;0.9913398103490906;54.54545454545455;-8.405641269624715;1.824969516673913;10224.83034215868;7160.906030678089;11218.37069110484;7795.30879151972;2551.5634009155556;-366.25538431224595;1298.6825345788875;3154.1854111825833;-1246.0207371177594;4424.008224647876;7018.357632619324;13583.381682586307
