DATA;UF;PRODUCT;MODEL;PARAMS;WINDOW;HORIZON;RMSE;MAPE;POCID;PBE;MASE;P1;P2;P3;P4;P5;P6;P7;P8;P9;P10;P11;P12
normal;SC;gasolinac;catboost;{};12;12;20866.62884950687;3.10167426039971;54.54545454545455;-11.827630685455345;1.2624904046460026;15116.927654922456;14200.12270906164;4484.81134099454;669.0837888704573;-771.9819330358532;2142.8474162398325;7168.807555140026;6238.680093099673;5187.556405823573;30170.556950020655;24348.295822346736;24597.83281974976
deseasonal;SC;gasolinac;catboost;{};12;12;16327.113166512423;1.6623283611933897;45.45454545454545;-53.17716881430143;0.9468378526351614;11267.549659289456;12416.77959007497;8828.954207218847;1553.72127180574;355.72462374886345;720.9521755287842;3121.679255989182;5064.703245530063;7494.6431999649485;8979.182168446489;21403.434451180263;21754.628454834467
log;SC;gasolinac;catboost;{};12;12;20221.862693302253;1.5470208986213467;54.54545454545455;-25.730776042910165;1.2421543278806004;15033.15907101755;12695.232303541548;6371.368699855237;2066.6197273187954;-3738.04126050963;373.4594925674264;4593.932668050429;4938.213022925055;3844.716087764338;20202.210705019454;19966.585045913882;27045.862206457517
