DATA;UF;PRODUCT;MODEL;PARAMS;WINDOW;HORIZON;RMSE;MAPE;POCID;PBE;MASE;P1;P2;P3;P4;P5;P6;P7;P8;P9;P10;P11;P12
normal;GO;gasolinac;catboost;{};12;12;31382.742486962215;4.089474931652072;36.36363636363637;-69.77435678797418;1.2632105441217951;15349.651071588525;14672.819758191457;12648.467858215234;6915.587223636547;12004.338756914261;23568.105518244563;33311.09615576558;23872.99648045406;28732.40831672595;33962.407961537494;24462.2358586002;15626.26938104631
deseasonal;GO;gasolinac;catboost;{};12;12;25796.257170228855;20.000354202215856;36.36363636363637;-16.807870127211253;1.2863584697494652;20840.97031964086;17068.682829972495;12753.958294401275;8530.91480733014;2880.052695678587;3180.4838131986726;7975.0130087247235;4345.011327784572;15140.765947656173;13880.766133788868;15462.138943893071;23471.44220372612
log;GO;gasolinac;catboost;{};12;12;26341.858677989003;1.9042855270151513;45.45454545454545;-97.30511083534333;1.155549263094875;17187.340774332497;20734.980872269338;18300.589158793257;7812.067066431726;17006.28159265685;26163.33601406784;30279.537067814184;14419.262408175757;15887.684951128535;18848.136229940286;9346.433683876467;14529.065694774545
