DATA;UF;PRODUCT;MODEL;PARAMS;WINDOW;HORIZON;RMSE;MAPE;POCID;PBE;MASE;P1;P2;P3;P4;P5;P6;P7;P8;P9;P10;P11;P12
normal;DF;gasolinac;catboost;{};12;12;12529.735776967016;4.502535303291901;81.81818181818181;315.458415629694;0.91050843702962;5336.690789196802;4323.155748064997;3026.7242502518357;3142.4463265862223;923.1171397170892;6987.440016360177;6745.75971667166;8428.542696379962;6777.49385224984;8429.2154007932;8150.996924661433;7074.731990125147
deseasonal;DF;gasolinac;catboost;{};12;12;14787.530935382601;6.676784419673582;54.54545454545455;403.01090744992837;1.1677346889666822;1310.7879728893085;2079.1738140395437;5965.03576064176;7265.506035558049;7730.412317465152;13471.918918741403;15156.883886358242;15375.323541874048;12057.811672023734;10982.104986009415;8500.820461508845;7249.611339653344
log;DF;gasolinac;catboost;{};12;12;14744.483973735274;7.133462198957607;63.63636363636363;389.4266261443717;1.250256108415802;1801.7969740375165;5358.620983380972;4304.4259375560905;3968.933672648376;5153.546114122689;7861.286739846552;8258.011073269981;11579.662112378603;6333.369741879291;15467.374726053564;13373.244231156757;9079.333493638827
