DATA;MCPM;UF;PRODUCT;MODEL;PARAMS;WINDOW;HORIZON;RMSE;MAPE;POCID;PBE;P1;P2;P3;P4;P5;P6;P7;P8;P9;P10;P11;P12
combination;6.68330550679201e+19;MS;oleocombustivel;combination-median;ARIMA-SARIMA_DS-RF;12;12;690.2900608577413;2.0390112634534733e+17;33.333333333333336;-130.53111967780674;1195.9106906322356;1103.211823915976;869.6128790858683;675.1982324256485;725.2110487746077;803.7933312578682;741.7317893450982;658.2907971799362;784.7721790939256;543.3017405174585;656.7280027104897;549.4058310994693
