DATA;MCPM;UF;PRODUCT;MODEL;PARAMS;WINDOW;HORIZON;RMSE;MAPE;POCID;PBE;P1;P2;P3;P4;P5;P6;P7;P8;P9;P10;P11;P12
combination;4.839619031483093e+20;PB;oleocombustivel;combination-median;ARIMA-SARIMA_DS-RF;12;12;882.630459113452;1.1877844282770394e+18;41.666666666666664;24.717391231693515;20.438183091667703;27.07391952590536;-236.23360337329603;-266.94530819606587;-1160.509257375963;303.94510596276064;1112.053566471381;1611.2754085380102;2103.176817029092;665.5400334701967;342.3272937808402;-37.69454535751379
