DATA;MCPM;UF;PRODUCT;MODEL;PARAMS;WINDOW;HORIZON;RMSE;MAPE;POCID;PBE;P1;P2;P3;P4;P5;P6;P7;P8;P9;P10;P11;P12
combination;1.3525288155466934e+16;AP;oleocombustivel;combination-median;ARIMA-SARIMA_DS-RF;12;12;0.10325807251041771;312030953149185.8;0.0;inf;-0.0954154656777102;0.0;-0.0790257827003144;0.0;-0.1262662499040757;0.1135397727305413;0.2778515454453675;0.0;-0.01063766882158;-0.0436137696809592;-0.0640754871964163;-0.0209917344397383
