DATA;MCPM;UF;PRODUCT;MODEL;PARAMS;WINDOW;HORIZON;RMSE;MAPE;POCID;PBE;P1;P2;P3;P4;P5;P6;P7;P8;P9;P10;P11;P12
combination;1832.1947910237484;CE;oleocombustivel;combination-median;ARIMA-SARIMA_DS-RF;12;12;161.4424653583829;1.047030722784933;75.0;-93.53686310323212;244.58115418225435;76.59240023259716;-1.6990819736120528;129.5383611356173;89.27984785758798;74.3237143660875;110.51468648378108;427.29833503273073;502.69513955665286;313.85331551728723;229.18074882361765;64.3132324585289
