DATA;MCPM;UF;PRODUCT;MODEL;PARAMS;WINDOW;HORIZON;RMSE;MAPE;POCID;PBE;P1;P2;P3;P4;P5;P6;P7;P8;P9;P10;P11;P12
combination;70468.64873117188;MG;oleocombustivel;combination-median;ARIMA-SARIMA_DS-RF;12;12;3871.93757170719;0.36018999805778806;58.333333333333336;-34.35167606174292;13256.150249928887;12989.75529982799;14236.682842470602;14610.746653480826;15180.439679997877;15835.970976813844;14799.678935983751;14953.052827975253;13700.953820663535;13378.617030010397;12065.642783586669;11358.042610730496
