DATA;MCPM;UF;PRODUCT;MODEL;PARAMS;WINDOW;HORIZON;RMSE;MAPE;POCID;PBE;P1;P2;P3;P4;P5;P6;P7;P8;P9;P10;P11;P12
combination;566.0499984660462;AL;oleocombustivel;combination-median;ARIMA-SARIMA_DS-RF;12;12;25.18955693176544;0.6351763638094682;50.0;19.436776055292757;59.721470995664674;41.85983972143672;26.681257155492325;28.497017230540905;45.29610850121125;51.274402124154285;49.72988963757203;50.93319534358744;31.232095694907088;29.11033981597757;41.02064829946524;29.465160856844207
