DATA;MCPM;UF;PRODUCT;MODEL;PARAMS;WINDOW;HORIZON;RMSE;MAPE;POCID;PBE;P1;P2;P3;P4;P5;P6;P7;P8;P9;P10;P11;P12
combination;42538.27850864107;PA;oleocombustivel;combination-median;ARIMA-SARIMA_DS-RF;12;12;2943.2530497519847;0.04350997515540573;66.66666666666667;-1.6984685237385118;64511.72155767228;63722.82823038676;62450.415163209735;60960.29109876567;62313.776609911314;62186.06533731887;61503.26049285688;62132.6474150701;63492.40959685829;64157.50604615945;63408.90215806693;58195.72670455864
