DATA;MCPM;UF;PRODUCT;MODEL;PARAMS;WINDOW;HORIZON;RMSE;MAPE;POCID;PBE;MASE;P1;P2;P3;P4;P5;P6;P7;P8;P9;P10;P11;P12
normal;46486.931635123765;PI;oleodiesel;rf;{'n_estimators': 100};12;12;3928.2458723998643;0.05637481648906695;72.72727272727273;5.17697665986115;1.000534658225362;45553.5320602218;46313.33259095341;49094.05159207281;50587.99403780219;54582.82507429618;55575.530542419954;56582.8971240048;56300.75602682578;56418.95548405542;54728.135675243524;49359.51243252867;46445.758636719875
log;62650.95308662753;PI;oleodiesel;rf;{'n_estimators': 50};12;12;3971.9641095276006;0.06264956506740164;63.63636363636363;5.577488868861223;1.0994409417918256;49394.67879648825;48850.73665058951;49803.36890546428;50445.82621061272;55465.06514291697;55090.06367542401;56867.71531169442;56591.21992363769;55360.36475033253;53717.70303284934;43832.02825915776;43499.24447685729
deseasonal;37182.496442386386;PI;oleodiesel;rf;{'n_estimators': 50};12;12;4704.9568946232675;0.06873109790403541;81.81818181818181;4.970181437345218;1.2078055342404102;48163.77225653613;45979.5395852607;46247.649935679015;48022.30431952384;52574.3609747529;54854.548007157835;56178.57693514849;57731.71393404214;56357.50621449931;56010.23478025537;52396.40784145766;48382.16198988907
