DATA;MCPM;UF;PRODUCT;MODEL;PARAMS;WINDOW;HORIZON;RMSE;MAPE;POCID;PBE;MASE;P1;P2;P3;P4;P5;P6;P7;P8;P9;P10;P11;P12
normal;28305.534882554657;CE;oleodiesel;rf;{'n_estimators': 50};12;12;7138.015149573187;0.0668502632777045;90.9090909090909;5.8826972420116155;0.9598227094633174;83309.86601556811;81302.3236612966;82683.6220350349;87520.1664125054;95070.37225107962;97618.20428461084;97288.96567087549;98559.09506780871;97646.84505439809;100224.52525069562;88740.820047261;84010.0609652179
log;121680.22399124333;CE;oleodiesel;rf;{'n_estimators': 50};12;12;7713.0208045041145;0.06903212887753385;63.63636363636363;4.474060358728855;0.9736942725462173;89591.19509773003;90048.73773717985;90077.23917781198;89651.35564654335;93568.77067516268;93835.99343318523;99379.18139593348;99372.58344910774;98333.8503937088;97102.65833041021;86796.32899669243;82590.29908779144
deseasonal;32006.180158047406;CE;oleodiesel;rf;{'n_estimators': 200};12;12;8062.228514010466;0.07707790960873712;90.9090909090909;6.224542633602798;1.1049535991874604;87400.88530997995;85171.97761480186;87783.45848715112;90573.83824260379;95774.80879411146;97514.83198639173;96552.58113432591;97025.91989822399;92758.2581663453;93773.10482089904;86451.12059355534;79220.6330485821
