DATA;MCPM;UF;PRODUCT;MODEL;PARAMS;WINDOW;HORIZON;RMSE;MAPE;POCID;PBE;P1;P2;P3;P4;P5;P6;P7;P8;P9;P10;P11;P12
RandomForest;157034.23158187792;PB;gasolinac;VARMA;();12;12;7238.3933190147;0.10089432886113298;50.0;6.872183723396147;63047.11567183826;60412.44703340658;61314.43406686205;56460.32869141786;55572.27960454972;52269.54136957043;53684.74714992793;55522.97125034136;56563.1183319089;59826.49425222572;62762.612790859785;66152.51673489987
