DATA;MCPM;UF;PRODUCT;MODEL;PARAMS;WINDOW;HORIZON;RMSE;MAPE;POCID;PBE;P1;P2;P3;P4;P5;P6;P7;P8;P9;P10;P11;P12
RandomForest;193944.59898703388;MS;gasolinac;VARMA;();12;12;7665.378133103618;0.09694924144023902;41.666666666666664;2.4052902704464514;72922.8680844311;68872.70351524602;64754.11517718171;62147.9648672594;59061.64622692554;57291.903006931454;60104.82188995057;61826.74903074579;63361.49943035869;67322.64027049646;69106.21488883832;68553.93383899331
