DATA;MCPM;UF;PRODUCT;MODEL;PARAMS;WINDOW;HORIZON;RMSE;MAPE;POCID;PBE;P1;P2;P3;P4;P5;P6;P7;P8;P9;P10;P11;P12
RandomForest;480750.7764625244;GO;gasolinac;VARMA;();12;12;22139.136495519673;0.1482498446805606;50.0;12.082701692330772;135596.13206036287;125936.31621428995;120435.88343677057;114423.58571558102;106752.0169483978;103942.06808032599;106001.05322219367;109888.73646126602;111610.77688047072;118221.58191056192;122954.8954190859;133049.1559862071
