DATA;MCPM;UF;PRODUCT;MODEL;PARAMS;WINDOW;HORIZON;RMSE;MAPE;POCID;PBE;P1;P2;P3;P4;P5;P6;P7;P8;P9;P10;P11;P12
RandomForest;184160.07723762817;PI;gasolinac;VARMA;();12;12;6369.121399585751;0.10742854731596974;33.333333333333336;9.120310512550105;47670.419601957714;47857.083693235734;44445.03117610522;44228.08770895097;43641.30078463956;44375.509229484414;45374.74036350897;48206.08567217019;49323.334604469346;50489.03168068754;53664.793975109504;52302.519006718605
