DATA;MCPM;UF;PRODUCT;MODEL;PARAMS;WINDOW;HORIZON;RMSE;MAPE;POCID;PBE;MASE;P1;P2;P3;P4;P5;P6;P7;P8;P9;P10;P11;P12
normal;18628.321672828926;PA;querosenedeaviacao;arma;{'p': 21, 'd': 0, 'q': 23};12;12;2320.393063008603;0.3554734783763302;81.81818181818181;-35.90437505081375;0.5972725045204881;6860.827043876696;6154.186569423134;6318.285063199894;5627.256997494636;7324.061368610107;8385.329198141886;8805.200215326464;9546.694700071941;8353.705985277706;9929.524215624035;8489.668070889431;8124.937589173768
log;16180.91862601334;PA;querosenedeaviacao;arma;{'p': 16, 'd': 0, 'q': 10};12;12;2020.3573957476196;0.3112327012140433;81.81818181818181;-31.480534506508352;0.5236815196403133;6340.742511541203;6027.490068751152;6580.623999297525;6064.418967336288;6741.7075978817375;7596.160393147742;8111.884488373517;8698.587679175555;8395.805685147361;9937.512858738031;8523.910405089611;7843.641047479079
deseasonal;31843.776613628794;PA;querosenedeaviacao;arma;{'p': 15, 'd': 0, 'q': 6};12;12;2654.839703419993;0.4232979954150287;72.72727272727273;-42.78056927112299;0.7116586131136894;6875.658322940227;6012.493228909892;6681.723253053999;7075.699467871433;8090.837261966015;8533.935577470931;8700.089865685222;9646.006408677917;9501.9239237737;10277.739785881022;9395.083325618467;7880.430305953754
