DATA;MCPM;UF;PRODUCT;MODEL;PARAMS;WINDOW;HORIZON;RMSE;MAPE;POCID;PBE;P1;P2;P3;P4;P5;P6;P7;P8;P9;P10;P11;P12
combination;268.2424401029775;SC;queroseneiluminante;combination-median;ARIMA-SARIMA-VARMA;12;12;14.342994859669378;0.39019329149687937;58.333333333333336;-11.084843550915856;50.60249031730008;52.765695812680086;65.61485301935721;63.46046290149726;67.76307315095433;61.74751661724057;55.52974109539824;55.327912722342745;65.40761303480383;45.13243963737751;57.52381768402963;53.40465620024261
