DATA;MCPM;UF;PRODUCT;MODEL;PARAMS;WINDOW;HORIZON;RMSE;MAPE;POCID;PBE;P1;P2;P3;P4;P5;P6;P7;P8;P9;P10;P11;P12
combination;5.6353809164241965e+17;PI;queroseneiluminante;combination-median;ARIMA-SARIMA-VARMA;12;12;4.205289432956398;1.2489149857126522e+16;0.0;-inf;0.0;0.8792242516348303;1.1355782163143626;1.4723409095728377;7.613879327009827;-1.041440663091731;-1.923553361497468;-0.6903671461951371;9.66512903302214;0.847039376878353;7.049664657435331;-0.9595632078500218
