DATA;MCPM;UF;PRODUCT;MODEL;PARAMS;WINDOW;HORIZON;RMSE;MAPE;POCID;PBE;P1;P2;P3;P4;P5;P6;P7;P8;P9;P10;P11;P12
combination;7528800086703949.0;DF;queroseneiluminante;combination-median;ARIMA-SARIMA-VARMA;12;12;0.059194464117503565;173767329629750.4;0.0;-inf;0.0;0.0345401343433668;0.0255647552424334;0.0219628653771263;0.0369322036931483;0.1326370707517602;0.0;0.0090984501188062;0.0344409750179334;0.0;0.0319095544551488;-0.1359231676784639
