DATA;MCPM;UF;PRODUCT;MODEL;PARAMS;WINDOW;HORIZON;RMSE;MAPE;POCID;PBE;P1;P2;P3;P4;P5;P6;P7;P8;P9;P10;P11;P12
combination;1.1123570183364604e+16;AC;queroseneiluminante;combination-median;ARIMA-SARIMA-VARMA;12;12;0.08589311229891851;256667389979100.34;0.0;-inf;-0.0643713834990023;0.1180670695815438;-0.0660411616083525;-0.0099225835467331;-0.0602931536208715;0.0;-0.0815838708917669;0.0;0.232258471992779;0.0012243916389186;-0.0407937564111716;0.0093434676694401
