DATA;MCPM;UF;PRODUCT;MODEL;PARAMS;WINDOW;HORIZON;RMSE;MAPE;POCID;PBE;P1;P2;P3;P4;P5;P6;P7;P8;P9;P10;P11;P12
combination;464.08126572743595;RS;queroseneiluminante;combination-median;ARIMA-SARIMA-VARMA;12;12;20.63899900818245;0.5634256561401284;50.0;-22.06766019881067;54.5577492243722;42.43825122243263;58.236657622550425;54.24523283775613;63.24273089862744;56.1887848968632;43.22861091232739;51.04895568158428;52.54400806503341;45.95359278834643;43.19915444918588;30.80645317111667
