DATA;MCPM;UF;PRODUCT;MODEL;PARAMS;WINDOW;HORIZON;RMSE;MAPE;POCID;PBE;P1;P2;P3;P4;P5;P6;P7;P8;P9;P10;P11;P12
combination;2.8737749234299485e+17;RN;queroseneiluminante;combination-median;ARIMA-SARIMA-VARMA;12;12;2.010515055647347;6505896866524344.0;0.0;-inf;0.0;-2.106354770011777;-1.2314518367271972;1.2556320356785;0.3754094097245722;2.683476473726272;-1.063300870569808;0.6555323224997016;2.495173266249586;0.1419901779341355;5.075913081237663;-0.2509573485655536
