DATA;MCPM;UF;PRODUCT;MODEL;PARAMS;WINDOW;HORIZON;RMSE;MAPE;POCID;PBE;P1;P2;P3;P4;P5;P6;P7;P8;P9;P10;P11;P12
combination;3.6039862193571174e+17;CE;queroseneiluminante;combination-median;ARIMA-SARIMA-VARMA;12;12;2.9296612367546397;8086152772291544.0;0.0;-inf;0.48734597136233;-0.6790556771245533;0.8122273872189685;2.0117860051738985;0.7180374726146883;-1.79269361127704;-1.264965575263964;0.2015866617554874;0.0;0.0;6.6543422361476186;-6.92379857430452
