DATA;MCPM;UF;PRODUCT;MODEL;PARAMS;WINDOW;HORIZON;RMSE;MAPE;POCID;PBE;MASE;P1;P2;P3;P4;P5;P6;P7;P8;P9;P10;P11;P12
normal;102115.04952605176;PB;gasolinac;xgb;{'learning_rate': 0.3, 'n_estimators': 50, 'subsample': 0.8};12;12;8609.918042600972;0.11678087693048218;72.72727272727273;6.524121073405414;1.4694128403401652;54726.207;49828.285;52562.062;54309.56;50766.508;53845.22;64250.55;67984.13;64736.14;64942.39;66611.19;61656.008
log;188556.50106761072;PB;gasolinac;xgb;{'learning_rate': 0.2, 'n_estimators': 50, 'subsample': 0.8};12;12;7968.323415171405;0.10180447454724662;45.45454545454545;5.30805586014142;1.283494995694212;57112.145;54401.246;51252.547;53279.023;55172.27;55996.547;59119.613;66099.09;69109.46;65991.33;65238.49;62633.965
deseasonal;121358.00309752543;PB;gasolinac;xgb;{'learning_rate': 0.2, 'n_estimators': 200, 'subsample': 0.8};12;12;7687.546241046077;0.09285025330827675;63.63636363636363;4.982024428917707;1.1747146183971962;60304.41710953138;57426.87521036471;52804.91757921888;50702.59221552096;53890.585117983086;57937.266796026015;59032.9498626043;60889.88616145847;64603.50977786472;68861.23891921889;66857.6207910418;64557.062334166796
