DATA;MCPM;UF;PRODUCT;MODEL;PARAMS;WINDOW;HORIZON;RMSE;MAPE;POCID;PBE;MASE;P1;P2;P3;P4;P5;P6;P7;P8;P9;P10;P11;P12
normal;114022.99796432434;MA;gasolinac;xgb;{'subsample': 0.8, 'n_estimators': 100, 'learning_rate': 0.2};12;12;9625.922041234513;0.08284176524948006;72.72727272727273;6.716850319163156;1.272504080893865;76704.14;72729.695;72188.06;74722.25;83956.484;88805.38;90311.4;94196.805;89290.375;93665.07;89498.97;84583.03
log;129330.8413716162;MA;gasolinac;xgb;{'learning_rate': 0.2, 'n_estimators': 50, 'subsample': 0.8};12;12;8197.256729030621;0.07223085610704205;63.63636363636363;5.159421203344168;1.1203353635870745;77147.414;76128.66;75737.76;79434.96;88355.94;90643.46;93007.766;93382.91;93148.81;89302.61;88792.57;82442.37
deseasonal;28328.52325253978;MA;gasolinac;xgb;{'learning_rate': 0.3, 'n_estimators': 100, 'subsample': 0.8};12;12;7146.2589334955255;0.06371900856269788;90.9090909090909;5.714323041065435;0.9762008114833546;83116.30295782775;74765.62908444233;80051.43440251525;77295.340231109;85446.25647968224;95619.59709839436;90591.88498621318;89731.63189840068;88651.60580574442;95524.99387933817;85385.99917194234;75332.60525439026
