DATA;MCPM;UF;PRODUCT;MODEL;PARAMS;WINDOW;HORIZON;RMSE;MAPE;POCID;PBE;MASE;P1;P2;P3;P4;P5;P6;P7;P8;P9;P10;P11;P12
log;216979.3459019696;PA;gasolinac;xgb;{'learning_rate': 0.4, 'n_estimators': 50, 'subsample': 0.8};12;12;12001.148842998136;0.0867294364237509;63.63636363636363;3.465842108688115;1.4050972024816766;111792.97;106878.984;105823.47;105334.02;103084.016;104815.46;106618.57;111929.41;107754.95;128539.72;124217.91;126931.75
normal;112368.60844510957;PA;gasolinac;xgb;{'subsample': 0.8, 'n_estimators': 150, 'learning_rate': 0.4};12;12;10348.445068631154;0.0764508430868297;81.81818181818181;3.1044845682233926;1.246194744924597;111709.29;105071.54;108481.13;104575.695;107808.3;107511.555;106606.53;112225.914;111424.875;122807.4;128707.76;121821.21
