DATA;MCPM;UF;PRODUCT;MODEL;PARAMS;WINDOW;HORIZON;RMSE;MAPE;POCID;PBE;MASE;P1;P2;P3;P4;P5;P6;P7;P8;P9;P10;P11;P12
log;50657.09731539223;RO;gasolinac;xgb;{'learning_rate': 0.2, 'n_estimators': 50, 'subsample': 0.8};12;12;2804.23758079732;0.0507123711326695;63.63636363636363;0.889175941735217;0.946689689453564;38706.273;36982.668;37634.375;38063.984;38579.793;39109.98;40098.74;39521.625;39929.3;43165.27;43212.88;40320.88
normal;42193.32846325726;RO;gasolinac;xgb;{'learning_rate': 0.3, 'n_estimators': 150, 'subsample': 0.7};12;12;2917.9800501140803;0.0594028799467548;72.72727272727273;1.746984365553065;1.105253326656248;37977.867;35802.152;39289.16;37555.926;37496.816;40790.85;39963.22;37647.574;40165.76;40615.266;42711.39;41195.816
