DATA;MCPM;UF;PRODUCT;MODEL;PARAMS;WINDOW;HORIZON;RMSE;MAPE;POCID;PBE;MASE;P1;P2;P3;P4;P5;P6;P7;P8;P9;P10;P11;P12
log;19794.706749582416;AP;gasolinac;xgb;{'learning_rate': 0.2, 'n_estimators': 50, 'subsample': 0.9};12;12;1368.450055547341;0.070563848031752;72.72727272727273;-1.1726806369830236;1.7220982767089126;14952.657;15932.813;16688.736;16121.901;16373.051;16833.541;16480.785;18257.586;17019.582;17847.514;17938.824;17515.184
normal;20982.92971630024;AP;gasolinac;xgb;{'learning_rate': 0.2, 'n_estimators': 50, 'subsample': 0.9};12;12;1161.1848787843203;0.0625989117081764;63.63636363636363;-0.7126385453355186;1.5507497891938091;15299.739;16155.787;16261.942;16272.144;16352.508;16551.385;16922.541;18062.46;17398.502;18233.926;17247.822;16285.076
