DATA;MCPM;UF;PRODUCT;MODEL;PARAMS;WINDOW;HORIZON;RMSE;MAPE;POCID;PBE;MASE;P1;P2;P3;P4;P5;P6;P7;P8;P9;P10;P11;P12
normal;145868.99277561993;AM;gasolinac;xgb;{'learning_rate': 0.3, 'n_estimators': 50, 'subsample': 0.9};12;12;6164.645935112705;0.09914381155870544;45.45454545454545;-5.027863463623232;0.9000098929422483;46019.977;45220.727;52554.445;48228.215;55030.08;57892.27;58117.008;57553.473;60277.703;56071.676;53708.09;57490.24
log;69579.6429876753;AM;gasolinac;xgb;{'learning_rate': 0.3, 'n_estimators': 50, 'subsample': 0.9};12;12;3530.915236524091;0.05344954049253273;54.54545454545455;-3.871642038602357;0.4919624161162918;49378.387;49599.36;50688.25;54076.1;56518.094;57708.16;58860.715;54089.867;57171.984;53584.605;49992.617;49360.31
deseasonal;97551.6759753391;AM;gasolinac;xgb;{'learning_rate': 0.3, 'n_estimators': 50, 'subsample': 0.9};12;12;4946.78970925021;0.08650775519373927;54.54545454545455;-4.301009446659584;0.8077262216407514;44587.06799404882;45994.08628712174;54227.67065014257;49422.3923325384;59451.190255978276;57940.37248504393;58807.354648215485;58521.60771300716;54478.99763899674;59603.17064670507;51459.80344738215;49184.512463319654
