DATA;MCPM;UF;PRODUCT;MODEL;PARAMS;WINDOW;HORIZON;RMSE;MAPE;POCID;PBE;MASE;P1;P2;P3;P4;P5;P6;P7;P8;P9;P10;P11;P12
log;572897.9200260418;BA;gasolinac;xgb;{'learning_rate': 0.4, 'n_estimators': 150, 'subsample': 0.9};12;12;22642.81243130236;0.0978077602145581;45.45454545454545;5.181213689805855;1.07875044291231;197894.23;198162.6;174689.36;161355.98;165451.08;156992.9;169779.9;180349.95;188538.67;208381.45;208340.53;200891.97
normal;568653.3081845593;BA;gasolinac;xgb;{'learning_rate': 0.4, 'n_estimators': 50, 'subsample': 0.7};12;12;26205.771438162697;0.112736749043631;54.54545454545455;6.8250228477912565;1.2485189189517716;192639.88;189163.47;179369.4;158460.27;155505.03;150970.47;160997.95;182423.33;185726.8;193726.8;214997.5;208520.11
