DATA;MCPM;UF;PRODUCT;MODEL;PARAMS;WINDOW;HORIZON;RMSE;MAPE;POCID;PBE;MASE;P1;P2;P3;P4;P5;P6;P7;P8;P9;P10;P11;P12
arima_nn_rf;160823.6859719765;ES;etanolhidratado;ARIMA;arima_nn_rf;12;12;6312.734991594148;0.49654451670493605;41.666666666666664;49.43055921574186;1.053682690907618;5715.88167212569;5216.528972070892;3805.480020646902;4669.287010472306;4497.5451056454685;3363.6045028746566;3495.217320116175;3450.8237656123024;3107.7536674800695;2810.1416737014047;2403.584709945484;2923.059848741894
