DATA;MCPM;UF;PRODUCT;MODEL;PARAMS;WINDOW;HORIZON;RMSE;MAPE;POCID;PBE;MASE;P1;P2;P3;P4;P5;P6;P7;P8;P9;P10;P11;P12
arima_nn_rf;35103.852126383164;SE;etanolhidratado;ARIMA;arima_nn_rf;12;12;1605.7277073994273;0.47259493549105475;50.0;6.732741083358827;1.1575225408768213;5366.296737056696;4657.174573772063;3625.108353750797;3319.7672689118526;2636.4329860304792;2101.6503511904266;1515.7889707128252;2009.9216170517743;2326.798116120969;2575.4002541426185;2726.0005218640363;2887.43743288458
