DATA;MCPM;UF;PRODUCT;MODEL;PARAMS;WINDOW;HORIZON;RMSE;MAPE;POCID;PBE;MASE;P1;P2;P3;P4;P5;P6;P7;P8;P9;P10;P11;P12
arima_nn_rf;47181.48015213269;PA;etanolhidratado;ARIMA;arima_nn_rf;12;12;2596.7920094452843;0.28853739990987487;58.333333333333336;33.189011824183325;0.8172102646337595;4109.205565309565;3399.254767680749;3373.975022089085;3578.442650425684;2806.2575562940224;2997.6294157407483;3141.813168519791;3018.2056590585366;3146.57258685811;3573.9484107326693;3752.5454479092127;3449.5487007544725
