DATA;MCPM;UF;PRODUCT;MODEL;PARAMS;WINDOW;HORIZON;RMSE;MAPE;POCID;PBE;MASE;P1;P2;P3;P4;P5;P6;P7;P8;P9;P10;P11;P12
arima_nn_rf;2925.517510842962;RR;etanolhidratado;ARIMA;arima_nn_rf;12;12;133.66372898048556;0.3975027676807715;50.0;41.0984702595378;1.2541209367539892;199.86894198135468;171.6132582357351;194.9147881574917;179.07071976825748;184.66210739247563;133.1370226488748;131.4126803426823;176.36851564832259;168.5916245488604;198.4781963321386;190.90500479555735;163.4728326676859
