DATA;MCPM;UF;PRODUCT;MODEL;PARAMS;WINDOW;HORIZON;RMSE;MAPE;POCID;PBE;MASE;P1;P2;P3;P4;P5;P6;P7;P8;P9;P10;P11;P12
arima_nn_rf;45631.934361701184;MA;etanolhidratado;ARIMA;arima_nn_rf;12;12;2092.4519367757853;0.3546597697964149;50.0;41.11017028671359;0.8631790449367636;2350.4122944036394;2737.3556471715738;2490.7868992277363;2314.083868309522;2839.9991342259013;2772.2315635255586;2461.2869336656236;2285.428209831196;2023.3808324037718;2514.7376718473597;1620.2146481963598;1764.2594525191312
