DATA;UF;PRODUCT;MODEL;PARAMS;WINDOW;HORIZON;RMSE;MAPE;POCID;PBE;MASE;P1;P2;P3;P4;P5;P6;P7;P8;P9;P10;P11;P12
mean;MG;glp;knn_rf_deepar_svr_catboost_arima;{};12;12;5822.006613705109;0.044299333081657434;81.81818181818181;-2.4238916847299192;0.5732929640918193;117156.4618771181;113522.31077404464;120762.91065007412;121291.73679724205;123801.01901520496;126497.3691703088;118609.33280129287;118468.03061889017;117478.85344789438;113425.56345702955;113668.24822918534;107375.19324126518
