DATA;UF;PRODUCT;MODEL;PARAMS;WINDOW;HORIZON;RMSE;MAPE;POCID;PBE;MASE;P1;P2;P3;P4;P5;P6;P7;P8;P9;P10;P11;P12
mean;RN;glp;knn_rf_deepar_svr_catboost_arima;{};12;12;672.0779682956467;0.031159832369724246;90.9090909090909;2.1757650244556412;2.039293949108779;16673.000546683506;16376.619140507695;16798.05399389182;16829.37799870563;17259.683933350785;17477.746611412138;17070.749280176016;16989.104648871253;16713.062019976678;17425.58514444589;16822.550832936966;15619.819488327194
