DATA;UF;PRODUCT;MODEL;PARAMS;WINDOW;HORIZON;RMSE;MAPE;POCID;PBE;MASE;P1;P2;P3;P4;P5;P6;P7;P8;P9;P10;P11;P12
mean;GO;glp;knn_rf_deepar_svr_catboost_arima;{};12;12;2643.985778975101;0.04377321194362955;72.72727272727273;3.663632553076599;1.550975995263524;44642.27597737267;43836.397786075504;44413.76726264052;44853.32077020272;45205.30968224082;45544.99981484213;43208.57034292491;44425.49732100172;45086.18926020531;46324.09142799835;44311.69272061148;43683.607522932536
