DATA;UF;PRODUCT;MODEL;PARAMS;WINDOW;HORIZON;RMSE;MAPE;POCID;PBE;MASE;P1;P2;P3;P4;P5;P6;P7;P8;P9;P10;P11;P12
mean;RS;glp;knn_rf_deepar_svr_catboost_arima;{};12;12;2944.5747762260153;0.03881204320200058;90.9090909090909;-1.9945298586886298;1.1304129000525465;69615.62054079826;69289.1392112545;73516.93430955969;76732.66500934752;78790.43240670077;78178.0884039691;74083.25421456757;72819.01258104604;70628.01613571054;67999.79559789327;63011.539172690485;60333.912401271045
