DATA;MCPM;UF;PRODUCT;MODEL;PARAMS;WINDOW;HORIZON;RMSE;MAPE;POCID;PBE;P1;P2;P3;P4;P5;P6;P7;P8;P9;P10;P11;P12
combination;5990.961464539099;AC;gasolinac;combination-median;ARIMA-SARIMA-VARMA-RF;12;12;552.5053180954745;0.039653149366574096;75.0;0.46540918848051527;12275.26566781665;12271.496668421614;12484.812011338923;12501.356029942064;13411.218116079002;13610.906826363316;13608.70103692881;13383.14203613224;13025.993891090597;13608.715080201555;12124.102344031444;11670.76879910062
