DATA;MCPM;UF;PRODUCT;MODEL;PARAMS;WINDOW;HORIZON;RMSE;MAPE;POCID;PBE;P1;P2;P3;P4;P5;P6;P7;P8;P9;P10;P11;P12
RandomForest;2.6025361510336448e+17;PI;oleocombustivel;VARMA;();12;12;7.05114415816582;1.4882697914725238e+16;66.66666666666667;-25.17889205875591;6.267569563476723;12.601030401276118;16.129742612198488;13.838738927028299;11.719941154546264;15.648646076914922;16.675395305917228;14.591827982262604;6.892947403983462;6.754538214680343;6.70755065757183;6.589165992835819
