DATA;MCPM;UF;PRODUCT;MODEL;PARAMS;WINDOW;HORIZON;RMSE;MAPE;POCID;PBE;P1;P2;P3;P4;P5;P6;P7;P8;P9;P10;P11;P12
RandomForest;264020.97826631466;BA;oleocombustivel;VARMA;();12;12;9073.696041131881;0.5270318301655919;33.333333333333336;52.91512824986078;10459.96511592187;9302.876258359396;9164.448631784351;6669.714197903423;3933.31548059488;2445.655688251354;1707.6124195033717;3406.9310503973247;4296.503362295176;7695.897156912308;10617.731826197429;12666.733852993366
