DATA;MCPM;UF;PRODUCT;MODEL;PARAMS;WINDOW;HORIZON;RMSE;MAPE;POCID;PBE;P1;P2;P3;P4;P5;P6;P7;P8;P9;P10;P11;P12
RandomForest;8.6392165758475e+19;ES;oleocombustivel;VARMA;();12;12;685.9562736919972;2.7737667648393405e+17;66.66666666666667;-34.700916294764845;1225.0867972075384;1093.2278764460216;952.7593650386957;917.4392374283909;317.43755050739935;739.0799345435203;744.3420189511882;1237.0043247936449;1981.7704495421265;2346.0031258921013;2642.1502521737825;2519.2206937916208
