DATA;MCPM;UF;PRODUCT;MODEL;PARAMS;WINDOW;HORIZON;RMSE;MAPE;POCID;PBE;P1;P2;P3;P4;P5;P6;P7;P8;P9;P10;P11;P12
combination;117741.27704189652;SP;oleocombustivel;combination-mean;ARIMA-SARIMA-VARMA;12;12;6394.977126025977;0.8474061800012898;58.333333333333336;-74.89462383006591;14068.254977438726;13029.391479675483;13594.742357993779;12858.96310717475;12849.8901411021;14075.855496666247;12620.832656747227;13678.844883138705;13299.150316594645;14553.683862350868;16064.696672809185;15345.069025126462
