DATA;MCPM;UF;PRODUCT;MODEL;PARAMS;WINDOW;HORIZON;RMSE;MAPE;POCID;PBE;P1;P2;P3;P4;P5;P6;P7;P8;P9;P10;P11;P12
combination;8.792760171241328e+19;MS;oleocombustivel;combination-mean;ARIMA-SARIMA-VARMA;12;12;746.5498765978459;2.4969991050144093e+17;33.333333333333336;-141.7961813115849;1496.1960844903647;1071.1124538117697;909.277029202763;835.6613103278596;744.3654011434446;791.2839555039395;754.9384236418896;599.4740547937404;749.9869169190932;665.3342157252976;590.6273899221301;553.7122896795577
