DATA;MCPM;UF;PRODUCT;MODEL;PARAMS;WINDOW;HORIZON;RMSE;MAPE;POCID;PBE;P1;P2;P3;P4;P5;P6;P7;P8;P9;P10;P11;P12
combination;175458.68159675633;BA;oleocombustivel;combination-mean;ARIMA-SARIMA-VARMA;12;12;6047.121966110831;0.3374345962383243;33.333333333333336;36.003409542807525;10872.0738179294;9629.316299358989;8179.784564913985;8663.000559747423;7807.156168767356;9649.165317034098;9038.666481523274;9804.432898102294;11774.376660680264;8810.300479082514;9229.073659873984;8494.360968042567
