DATA;MCPM;UF;PRODUCT;MODEL;PARAMS;WINDOW;HORIZON;RMSE;MAPE;POCID;PBE;MASE;P1;P2;P3;P4;P5;P6;P7;P8;P9;P10;P11;P12;Test Statistic;p-value;Lags Used;Observations Used;Critical Value (1%);Critical Value (5%);Critical Value (10%);Stationary
normal;721.5228106825441;RR;glp;SARIMA;{'p': 6, 'd': 1, 'q': 3, 'P': 4, 'D': 0, 'Q': 4, 's': 12};12;12;61.02852214171196;0.02119240305194797;72.72727272727273;-0.08498173138705828;0.6868790724882304;2596.710194077332;2367.026187005827;2474.626533830676;2465.3961950365524;2476.090236459265;2527.4915473723654;2453.3023037803364;2440.62779246573;2438.1701041297533;2626.8583381365665;2319.9992242800936;2323.810788571828;-4.024824638737683;0.0012859575786313847;17;379;-3.4477224095888497;-2.869196333125208;-2.5708486586002604;True
deseasonal;680.5832445744447;RR;glp;SARIMA;{'p': 2, 'd': 1, 'q': 4, 'P': 1, 'D': 0, 'Q': 6, 's': 12};12;12;57.571146666689124;0.019064382024554915;72.72727272727273;0.6487321577374882;0.6177542177089121;2548.519831393876;2354.4779258344383;2458.1244352362487;2442.1462596790457;2476.8151476921375;2510.8071164358757;2428.8383680037477;2424.7099434375345;2419.5124371743555;2582.5121898093407;2319.927152176304;2327.3827125937833;-2.903168238909636;0.044980812895607104;17;379;-3.4477224095888497;-2.869196333125208;-2.5708486586002604;True
log;732.8646632681929;RR;glp;SARIMA;{'p': 5, 'd': 1, 'q': 5, 'P': 4, 'D': 0, 'Q': 3, 's': 12};12;12;61.98645745124885;0.021719824188342313;72.72727272727273;-0.2601454715768075;0.7035638583254261;2603.1003758241163;2370.2570375181035;2480.6492478509426;2472.6329968313307;2477.90312422479;2534.6150224346334;2456.164489984995;2443.4012954572727;2442.739962074252;2633.746605419656;2320.409692985181;2326.136715361774;-4.028049192232293;0.0012705533808473432;17;379;-3.4477224095888497;-2.869196333125208;-2.5708486586002604;True
