DATA;MCPM;UF;PRODUCT;MODEL;PARAMS;WINDOW;HORIZON;RMSE;MAPE;POCID;PBE;P1;P2;P3;P4;P5;P6;P7;P8;P9;P10;P11;P12
hybrid1;1784.6664544077223;AC;glp;HYBRID;{'p': 1, 'd': 1, 'q': 1};12;12;123.49952510265835;0.030987095160798683;66.66666666666667;-1.2351068776825143;3431.8216316731114;3091.052692189311;3199.9231325416854;3288.1253641187727;3199.9654654319975;3213.978511619687;3266.158646001277;3241.167727729726;3137.0575238624656;3645.037639247953;3198.396212672122;3033.972259863676
half-sarima-hybrid1;2602.397663628446;AC;glp;HYBRID;{'p': 1, 'd': 1, 'q': 1};12;12;144.06639113117959;0.038838909402518544;58.333333333333336;0.32216734154295756;3201.160700243769;3113.34552164842;3169.124279853293;3078.8920651088374;3140.275859326101;3122.9617329849075;3266.158646001277;3241.167727729726;3137.0575238624656;3645.037639247953;3198.396212672122;3033.972259863676
half-sarima_mean-hybrid1;2583.7250848519384;AC;glp;HYBRID;{'p': 1, 'd': 1, 'q': 1};12;12;143.0340933440917;0.03846006734056239;58.333333333333336;0.2529946709225765;3208.9890271270624;3118.9247043688574;3175.497159484927;3076.367816681748;3147.077043282959;3125.516167185242;3266.158646001277;3241.167727729726;3137.0575238624656;3645.037639247953;3198.396212672122;3033.972259863676
hybrid-deseasonal;1295.8062957701966;AC;glp;HYBRID;{'p': 2, 'd': 1, 'q': 2};12;12;119.53159902731952;0.029380973210904226;75.0;0.7090612815054974;3403.378330277529;3085.4680796057874;3234.396337236095;3152.172320014325;3196.2322515263745;3145.0945674188347;3011.7144906166873;3210.904012608023;3071.131509576864;3688.1544709909695;3059.2881806070855;2940.7717439856183
half-deseasonal-hybrid;1455.0357430153722;AC;glp;HYBRID;{'p': 2, 'd': 1, 'q': 2};12;12;134.1899041966873;0.03463477632233446;75.0;1.5618437943936714;3218.1797041860327;3125.917120455059;3181.323089189301;3075.7945661527174;3156.034650119417;3131.4145933232658;3011.7144906166873;3210.904012608023;3071.131509576864;3688.1544709909695;3059.2881806070855;2940.7717439856183
