DATA;UF;PRODUCT;MODEL;PARAMS;WINDOW;HORIZON;RMSE;MAPE;POCID;PBE;MASE;P1;P2;P3;P4;P5;P6;P7;P8;P9;P10;P11;P12
mean;AC;glp;knn_rf_deepar_svr_catboost_arima;{};12;12;158.52198657930558;0.0426752038357763;63.63636363636363;-0.3057056785515994;0.7660832341793944;3133.1485121411033;3029.7356264722584;3119.0693061643456;3071.4781636253733;3059.3059136940296;3115.015042192652;3001.672276705563;3069.4178887852268;3076.085581320052;3139.6819077323726;3049.6305290586697;3025.2958402597333
