DATA;UF;PRODUCT;MODEL;PARAMS;WINDOW;HORIZON;RMSE;MAPE;POCID;PBE;MASE;P1;P2;P3;P4;P5;P6;P7;P8;P9;P10;P11;P12
mean;MT;glp;knn_rf_deepar_svr_catboost_arima;{};12;12;952.4861919398086;0.04019253976106473;36.36363636363637;1.5732746126705304;0.5033974247844687;18742.223019177174;17899.75202345394;17643.33787427882;18830.63722406374;18270.2811602314;18483.77926321313;17925.949400049525;18229.55231405875;18372.78322940668;18505.575095598022;18699.803998431024;18321.33760675182
