DATA;UF;PRODUCT;MODEL;PARAMS;WINDOW;HORIZON;RMSE;MAPE;POCID;PBE;MASE;P1;P2;P3;P4;P5;P6;P7;P8;P9;P10;P11;P12
mean;AM;glp;knn_rf_deepar_svr_catboost_arima;{};12;12;606.2656918003191;0.03204135117908646;90.9090909090909;-0.4574645863940016;0.587826640458945;14975.141092802609;14503.56562072342;14835.819983856201;14557.918067072318;14693.548567880103;14813.597888861741;14446.203218178933;14729.467974980516;14621.232428954061;14991.350978732926;14721.511176708133;14358.851401109076
