DATA;UF;PRODUCT;MODEL;PARAMS;WINDOW;HORIZON;RMSE;MAPE;POCID;PBE;MASE;P1;P2;P3;P4;P5;P6;P7;P8;P9;P10;P11;P12
mean;RO;glp;knn_rf_deepar_svr_catboost_arima;{};12;12;358.4200118004093;0.04231350144473663;54.54545454545455;-0.8465507632660839;0.6881036659859787;7774.515517770165;7418.61344619066;7487.3508497816165;7694.006025762037;7536.201101771487;7755.997677953996;7507.025829315289;7742.223850009155;7767.742112484095;7872.267595562118;7660.424031154001;7597.267654179541
