DATA;UF;PRODUCT;MODEL;PARAMS;WINDOW;HORIZON;RMSE;MAPE;POCID;PBE;MASE;P1;P2;P3;P4;P5;P6;P7;P8;P9;P10;P11;P12
mean;PA;glp;knn_rf_deepar_svr_catboost_arima;{};12;12;1507.6552696453612;0.0364256084829351;90.9090909090909;3.500308836921815;0.9548639209988756;33604.13767029431;32730.76580372172;33143.65258936965;32829.636135705485;32654.626168092935;33026.09456078321;32317.235346461603;32692.872620384354;32559.77546602111;33679.14052400052;32512.699154305028;31682.354685278828
