DATA;UF;PRODUCT;MODEL;PARAMS;WINDOW;HORIZON;RMSE;MAPE;POCID;PBE;MASE;P1;P2;P3;P4;P5;P6;P7;P8;P9;P10;P11;P12
mean;ES;glp;knn_rf_deepar_svr_catboost_arima;{};12;12;1067.3224796633992;0.043142615257607896;72.72727272727273;-1.5845092995864298;0.892120421293969;22181.604535659637;21610.487164730523;22973.93793037879;23189.13367023208;23506.409952712587;24291.26319243805;23442.184033261285;23445.822497054563;23217.214834887352;23575.938714684926;22367.128652521766;21237.989684589975
