DATA;UF;PRODUCT;MODEL;PARAMS;WINDOW;HORIZON;RMSE;MAPE;POCID;PBE;MASE;P1;P2;P3;P4;P5;P6;P7;P8;P9;P10;P11;P12
mean;MT;glp;knn_rf_deepar_svr_catboost_arima;{};12;12;898.612510408219;0.038520514011956296;54.54545454545455;0.5674941123324511;1.292300826422117;20554.938175994663;19577.751228850873;19952.097324926992;19864.293474813883;19960.93404581798;20249.126462456705;19542.54539378583;19665.56596280286;20072.514534266054;20109.200374886514;19925.371813217036;19777.737702104525
