DATA;UF;PRODUCT;MODEL;PARAMS;WINDOW;HORIZON;RMSE;MAPE;POCID;PBE;MASE;P1;P2;P3;P4;P5;P6;P7;P8;P9;P10;P11;P12
mean;MG;glp;knn_rf_deepar_svr_catboost_arima;{};12;12;14040.744307300465;0.10854269323120773;63.63636363636363;9.218091880342184;1.0725536430311537;107893.16261872105;104730.51446378788;109112.6655478108;109884.46740697125;112964.19081623117;113045.33077918983;107499.81853021511;106865.34460602973;105979.1777696126;108323.38344181654;104691.05849927937;100588.34852111364
