DATA;MCPM;UF;PRODUCT;MODEL;PARAMS;WINDOW;HORIZON;RMSE;MAPE;POCID;PBE;P1;P2;P3;P4;P5;P6;P7;P8;P9;P10;P11;P12
combination;4993.016454706233;RO;glp;ARIMA-MEAN;;12;12;276.51315441106357;0.029845208112248108;58.333333333333336;1.3985806461185148;7744.6809383282725;7462.7957877305425;7589.724162986681;7440.738637332927;7559.007849885596;7633.661246362472;7301.770750566774;7447.513753926034;7455.5260167322285;7802.558809076381;7112.773033042417;7098.263244817677
