DATA;MCPM;UF;PRODUCT;MODEL;PARAMS;WINDOW;HORIZON;RMSE;MAPE;POCID;PBE;P1;P2;P3;P4;P5;P6;P7;P8;P9;P10;P11;P12
combination;59689.84879122153;BA;glp;ARIMA-MEAN;;12;12;4129.029324728684;0.05129064025602973;66.66666666666667;-3.61858034737887;74296.67422371272;71639.70462698264;74761.99159968321;77207.93014760064;81336.82000285399;81035.78917955144;76382.95929277205;76074.19387311178;72963.00216853684;76841.23116181955;71991.30861756692;66955.78255606958
