DATA;MCPM;UF;PRODUCT;MODEL;PARAMS;WINDOW;HORIZON;RMSE;MAPE;POCID;PBE;P1;P2;P3;P4;P5;P6;P7;P8;P9;P10;P11;P12
combination;8565.81943239968;MT;glp;ARIMA-MEAN;;12;12;790.2427083776648;0.03170210637337525;75.0;-0.2388228620162905;21063.763824282843;19900.939533735116;20094.191665968134;20308.95066301564;20876.706726683165;20592.988291702728;19556.735913295946;19947.059291660353;19598.828188924927;20244.056583824666;19614.59885933953;19393.397237638084
