DATA;MCPM;UF;PRODUCT;MODEL;PARAMS;WINDOW;HORIZON;RMSE;MAPE;POCID;PBE;P1;P2;P3;P4;P5;P6;P7;P8;P9;P10;P11;P12
combination;12000.96325098059;PB;glp;ARIMA-MEAN;;12;12;830.6197556863631;0.03207612167902963;66.66666666666667;3.1950978879921266;20870.68750669748;19982.307750650987;20640.36669022696;21127.789757478597;22011.037389748686;22044.23816255755;21145.74025336532;21004.925004046207;20070.97690718725;21291.43498073074;20088.6857410494;18889.181993996477
