DATA;MCPM;UF;PRODUCT;MODEL;PARAMS;WINDOW;HORIZON;RMSE;MAPE;POCID;PBE;P1;P2;P3;P4;P5;P6;P7;P8;P9;P10;P11;P12
combination;8451.352948560645;AM;glp;ARIMA-MEAN;;12;12;584.8812503222999;0.0348130287299966;66.66666666666667;1.4206042496345466;15266.147431138612;14737.939818282084;15175.624776837314;14630.476612551745;15109.075496893314;14949.517032125816;14476.433146096031;14839.402989142769;14537.06698143094;15288.98957787426;14557.796782126083;14036.177983100479
