DATA;MCPM;UF;PRODUCT;MODEL;PARAMS;WINDOW;HORIZON;RMSE;MAPE;POCID;PBE;P1;P2;P3;P4;P5;P6;P7;P8;P9;P10;P11;P12
arima-mean;1036.7834669097717;MG;queroseneiluminante;ARIMA_MEAN;;12;12;87.57896435249872;1.8198315041599098;75.0;-172.35534006388968;143.87150221153422;100.37619639975422;128.43683731066452;125.8389556584376;141.80584475030264;158.84095192131971;151.2777052483;139.91397300758948;159.49307425640242;116.34916394145522;142.51660816866763;109.06990710507705
