DATA,MCPM,UF,PRODUCT,MODEL,PARAMS,WINDOW,HORIZON,RMSE,MAPE,POCID,PBE,P1,P2,P3,P4,P5,P6,P7,P8,P9,P10,P11,P12
normal_deseasonal_log_deseasonal-log,7.743180368569906e+17,PA,queroseneiluminante,ARIMA_MEAN,"{'normal': ""{'p': 6, 'd': 1, 'q': 6}"", 'deseasonal': ""{'p': 12, 'd': 0, 'q': 12}"", 'log': ""{'p': 3, 'd': 0, 'q': 14}"", 'deseasonal-log': ""{'p': 10, 'd': 0, 'q': 11}""}",12,12,4.713097161369234,1.7077242069493202e+16,0.0,-inf,0.6316577771236542,1.768584765423146,-0.6625645779592386,3.335608394388869,4.627966414993137,-3.3959702135941825,-1.275525517491443,6.116100188562311,9.824380026972516,3.1706063934257607,8.15156569316754,-2.5423836592551083
