DATA;UF;PRODUCT;MODEL;PARAMS;WINDOW;HORIZON;RMSE;MAPE;POCID;PBE;MASE;P1;P2;P3;P4;P5;P6;P7;P8;P9;P10;P11;P12
normal;BA;glp;knn_rf_deepar_svr_catboost_arima;{};12;12;4749.637660977098;0.04062486290525312;72.72727272727273;1.5779158582708068;0.8394380473133203;67213.00627269282;66217.43709443157;69851.15580304862;69132.53341550549;76612.66040470243;77501.82325707437;73986.22549929332;75103.95972200626;69446.4132536693;72265.79689851713;72933.51580775062;66013.05524889842
deseasonal;BA;glp;knn_rf_deepar_svr_catboost_arima;{};12;12;4467.9525964193035;0.04688737000888118;81.81818181818181;-1.461753570128339;0.9333498449791215;69030.87101595517;68695.1584050916;75152.83298666125;76378.18229960282;78981.49921262712;80278.64052345732;74950.8438368894;74626.56307812504;72976.32903596065;76485.54523272639;71063.30099266421;64103.108422706806
log;BA;glp;knn_rf_deepar_svr_catboost_arima;{};12;12;4163.39737897483;0.045390042948436314;72.72727272727273;1.1292773197204637;0.9057741409945655;70606.61113277078;66354.48493416904;71848.63901869074;72338.14314231453;77134.62496284705;78418.26268603814;76181.38594993284;71215.80984554885;71806.84214604588;74901.73354456485;65967.01283149834;63407.212614294156
