DATA;UF;PRODUCT;MODEL;PARAMS;WINDOW;HORIZON;RMSE;MAPE;POCID;PBE;MASE;P1;P2;P3;P4;P5;P6;P7;P8;P9;P10;P11;P12
median;RR;glp;knn_rf_deepar_svr_catboost_arima;{};12;12;150.89124380222322;0.06449996228346527;90.9090909090909;6.548259435008479;0.4395160685834866;1947.4237958386907;1907.4690195482272;1954.4065129192354;1949.710304313696;2008.9511089912194;2007.713097769452;1955.8791582363706;1955.500111868948;1944.0324211772227;2013.056083439185;1939.5648421998467;1928.1809404320024
mean;RR;glp;knn_rf_deepar_svr_catboost_arima;{};12;12;156.88196384251827;0.06690105069232945;72.72727272727273;6.79398729727521;0.4560092061930778;1919.9184258918283;1906.1874324636742;1955.0696843988928;1955.4451168213577;1996.0341497560964;1996.461709778058;1959.1556972487078;1948.6395208096487;1938.8802833521156;2006.2961158048872;1939.707238777697;1928.2683916706221
softdtw_barycenter;RR;glp;knn_rf_deepar_svr_catboost_arima;{};12;12;148.44380026386517;0.06412886537713101;90.9090909090909;6.5006041955599905;0.4363174715062501;1923.1330576936434;1893.6499225969042;1972.802653679202;1964.8844570529693;2000.667281910893;2024.686706671924;1957.2195039446385;1964.0535783551773;1939.89045458806;2022.6738397791175;1939.1013237606492;1921.1143840075842
DBA_subgradient;RR;glp;knn_rf_deepar_svr_catboost_arima;{};12;12;153.36755164906492;0.0651866376745228;81.81818181818181;6.614379679904422;0.4439540280716334;1926.1955422891506;1891.8959414862175;1941.3354306186006;1988.6223108427332;2027.8773706868506;1996.6512366996485;1955.4460556270126;1954.1567773396985;1930.562713456845;2020.8538017036353;1933.7902808732642;1927.8644851633433
DBA;RR;glp;knn_rf_deepar_svr_catboost_arima;{};12;12;148.06353623091346;0.06402881214168446;90.9090909090909;6.489757284163295;0.4355894319560971;1923.1491088358991;1893.5196991773214;1972.7637264555922;1965.813429360485;2002.2319707235386;2025.1068736425311;1954.6939769196804;1965.5091963714722;1940.411935110255;2023.2614337859943;1939.058023023702;1921.0868073205465
EBA_twe;RR;glp;knn_rf_deepar_svr_catboost_arima;{};12;12;150.0222192688237;0.06281621613974454;63.63636363636363;6.38840860152933;0.4287869564296615;1914.4439278320265;1947.3578663481007;1959.7741788043058;1970.151182078784;1998.517661660176;2004.5860996475922;1967.6092655089585;1959.1485339319258;1927.1981964984388;2020.9570395952883;1949.4381255818087;1932.9228130495164
