DATA;UF;PRODUCT;MODEL;PARAMS;WINDOW;HORIZON;RMSE;MAPE;POCID;PBE;MASE;P1;P2;P3;P4;P5;P6;P7;P8;P9;P10;P11;P12
median;RN;glp;knn_rf_deepar_svr_catboost_arima;{};12;12;756.0019369777839;0.02972893331061187;27.272727272727273;0.9828656800497911;0.6801494951822957;17144.263372687696;16318.612167632886;17255.422261380736;17138.68167053257;17661.405802703302;18114.225781414418;17415.35186547311;17375.228929782923;17225.588493951996;17378.91230954742;17106.472006537017;16118.791601651043
mean;RN;glp;knn_rf_deepar_svr_catboost_arima;{};12;12;745.8624708964454;0.03012739679778866;36.36363636363637;1.0387432212366525;0.6894938122209315;16816.365128602964;16534.51172143707;17084.323448843916;17105.837063733572;17587.239229421953;18085.29548368053;17403.203809505772;17385.0232094065;17232.73102466458;17474.823320302592;17121.784219988094;16305.425535602066
softdtw_barycenter;RN;glp;knn_rf_deepar_svr_catboost_arima;{};12;12;784.0288654905563;0.032969531744805707;36.36363636363637;0.9393401467085838;0.7502694321101939;16851.111324852583;16436.672899043795;17302.44686700508;17086.86310590853;17725.083827701375;18117.334411533036;17273.524849777237;17454.23172288404;17194.1267857656;17564.355723218483;16988.938337725864;16348.930210525532
DBA_subgradient;RN;glp;knn_rf_deepar_svr_catboost_arima;{};12;12;783.7168423048871;0.03294579106547993;36.36363636363637;1.0031800845163863;0.7504404062723993;16847.30663920422;16433.661950239024;17285.497100318946;17074.79507307041;17726.16927457494;18120.288250432874;17259.92818216112;17457.751286314877;17200.700196466532;17558.417605165097;16942.964099529014;16303.161646849196
DBA;RN;glp;knn_rf_deepar_svr_catboost_arima;{};12;12;782.4884852125397;0.03278948651151294;36.36363636363637;0.9291296876437619;0.7462944511901739;16853.731315729307;16438.127760299147;17296.362892016637;17082.166223404343;17729.8144110836;18122.562692454;17281.063459653178;17465.593229116002;17194.42013027698;17558.435573472114;16994.56218872451;16348.048603318623
EBA_twe;RN;glp;knn_rf_deepar_svr_catboost_arima;{};12;12;757.7684039671865;0.030767091099503457;27.272727272727273;0.8360155038029917;0.704504562064732;16797.087325905453;16769.129642040654;17046.211077580698;17026.395518749185;17682.78877856976;17793.15597218751;17663.6985713667;17621.11710766164;17078.201777004604;17659.4438062283;17080.054031403895;16341.561965438803
