DATA;UF;PRODUCT;MODEL;PARAMS;WINDOW;HORIZON;RMSE;MAPE;POCID;PBE;MASE;P1;P2;P3;P4;P5;P6;P7;P8;P9;P10;P11;P12
median;RS;glp;knn_rf_deepar_svr_catboost_arima;{};12;12;4761.13771479842;0.05257481583428689;54.54545454545455;-1.2547259253739373;1.0080593939329354;66977.22610295146;66640.49124732942;72481.1957097459;74270.79426366044;76496.17081636607;76032.82075102822;71479.34506473411;71307.72451813234;68839.41844531623;66901.00167575339;63261.782770948776;59268.24940789438
mean;RS;glp;knn_rf_deepar_svr_catboost_arima;{};12;12;5090.80753954468;0.05996195795269694;54.54545454545455;-1.323579823736554;1.139280149361772;66494.0105350123;66236.2615259844;72032.48221652856;73824.14571070338;75730.66130495959;75404.2168222572;71753.4714055311;71273.37359570776;69278.62622384515;66919.96701923593;63764.33044558664;61811.7698382497
softdtw_barycenter;RS;glp;knn_rf_deepar_svr_catboost_arima;{};12;12;5526.9996766859385;0.06467380002581848;54.54545454545455;-1.5654490238232426;1.2195007964142042;66681.57123399913;66059.6214547122;71923.60254583301;73653.84737597639;76607.3218977154;74507.02598269352;70583.4386787958;70917.89238625928;68742.09253324827;68848.39526487004;66427.75577606002;61562.839509159
DBA_subgradient;RS;glp;knn_rf_deepar_svr_catboost_arima;{};12;12;5449.984369709263;0.0633364732059895;72.72727272727273;-1.6373522612109372;1.197808868841153;66095.66827863255;67001.39799444581;72527.43363584726;73557.06906397587;76734.54149158619;74715.52845605313;70853.95471097081;71299.82083409795;69073.14116733342;67681.22805333577;66179.59790296388;61388.23394754846
DBA;RS;glp;knn_rf_deepar_svr_catboost_arima;{};12;12;5550.4251078098105;0.06465351948256896;54.54545454545455;-1.6532590815752195;1.2181440529072027;66700.89651612025;66048.74388141616;71909.09822399118;73482.38068571393;76646.07671400554;74760.82474954873;70788.19147893331;71227.05739233791;68713.508541035;68861.0027165076;66535.07215317752;61565.77455948283
EBA_twe;RS;glp;knn_rf_deepar_svr_catboost_arima;{};12;12;5349.227227530274;0.0629427512474558;63.63636363636363;-1.8975475226846907;1.1889070711190268;67042.80906533988;66552.40383400148;71566.0274113259;73855.20652774435;75728.40227730763;75794.66847750235;73596.96400313215;71610.08824838641;69629.22375614318;67623.83339142789;64839.45751931368;61411.55649818803
