train_range;test_range;UF;PRODUCT;MODEL;PARAMS;WINDOW;HORIZON;RMSE;MAPE;POCID;PBE;MCPM;MASE;P1;P2;P3;P4;P5;P6;P7;P8;P9;P10;P11;P12;error_series;Test Statistic;p-value;Lags Used;Observations Used;Critical Value (1%);Critical Value (5%);Critical Value (10%);Stationary
1990-01_2023-02;2023-03_2024-02;SP;etanolhidratado;ARIMA;{'loss_function': 'RMSE', 'learning_rate': 0.01, 'iterations': 100, 'depth': 9};12;12;91706.77039634385;0.09715406611505685;63.63636363636363;8.872262214597418;1447866.679779509;0.8319695008502951;640082.7223830594;631762.5243731086;633979.8257799493;627975.9727791297;635906.3052585905;633943.0884761246;642888.8913878744;655918.4774291775;661188.6809138565;675789.5943329022;683660.1207208494;688797.9812935675;[39265.564616940566, -24017.517373108654, 8606.342220050632, -7122.410779129714, -33828.622258590534, 74976.58952387539, 85239.33261212567, 102040.1475708225, 103813.44408614351, 204234.84866709774, 114757.91027915059, 92606.0177064325];-1.2859249971423743;0.6355867925505486;17;379;-3.4477224095888497;-2.869196333125208;-2.5708486586002604;False