train_range;test_range;UF;PRODUCT;MODEL;PARAMS;WINDOW;HORIZON;RMSE;MAPE;POCID;PBE;MCPM;MASE;P1;P2;P3;P4;P5;P6;P7;P8;P9;P10;P11;P12;error_series;Test Statistic;p-value;Lags Used;Observations Used;Critical Value (1%);Critical Value (5%);Critical Value (10%);Stationary
1990-01_2023-02;2023-03_2024-02;DF;etanolhidratado;ARIMA;{'loss_function': 'RMSE', 'learning_rate': 0.01, 'iterations': 100, 'depth': 9};12;12;14633.803974412505;0.5972895760656792;54.54545454545455;65.26836107065138;291824.87304114393;1.0567686571379176;6916.534024431197;6762.760593426389;6649.124640280933;6604.161896645204;6628.8922072205505;6325.493901868171;6497.276442802612;6650.139676488974;6879.578212467765;7038.196112005214;7120.333803919474;7332.114248912568;[4209.965975568803, 4144.739406573611, 4316.875359719067, 6503.838103354796, 5456.80779277945, 12980.606098131828, 16121.623557197388, 17184.76032351103, 17230.121787532236, 20721.003887994786, 18774.266196080524, 25332.48575108743];-1.9203431281604668;0.3225524047810483;15;381;-3.4476305904172904;-2.869155980820355;-2.570827146203181;False
1990-01_2012-02;2012-03_2013-02;DF;etanolhidratado;ARIMA;{'depth': 6, 'iterations': 100, 'learning_rate': 0.3, 'loss_function': 'RMSE'};12;12;3731.5994572817717;0.6430634998691971;54.54545454545455;-47.214344250283666;74498.5548187467;1.1598538519204196;2863.76700553059;3945.8911262580386;5537.236345990987;6102.161311138661;6848.251453801948;8142.074368354173;10714.359404050567;11801.199094399366;10309.259906450285;7461.263956069274;7280.539324226194;7310.279399394147;[3455.23299446941, 728.8738737419617, -637.2363459909866, -1416.1613111386614, -2411.2514538019477, -3358.074368354173, -6028.859404050567, -6818.418094399366, -6038.715818450285, -2549.225412069274, -3046.5393242261944, -204.27939939414682];-1.4377290708269403;0.5640607181462888;15;249;-3.4568881317725864;-2.8732185133016057;-2.5729936189738876;False
