train_range;test_range;UF;PRODUCT;MODEL;PARAMS;WINDOW;HORIZON;RMSE;MAPE;POCID;PBE;MCPM;MASE;P1;P2;P3;P4;P5;P6;P7;P8;P9;P10;P11;P12;error_series;Test Statistic;p-value;Lags Used;Observations Used;Critical Value (1%);Critical Value (5%);Critical Value (10%);Stationary
1990-01_2023-02;2023-03_2024-02;AP;etanolhidratado;ARIMA;{'depth': 8, 'iterations': 100, 'learning_rate': 0.3, 'loss_function': 'RMSE'};12;12;30.95191041181396;0.470420264916063;63.63636363636363;51.4608708989384;501.07823364591735;0.9836518460028776;28.281715616009595;26.248593503441775;27.544948875822826;17.444997386904674;17.023805147629993;23.323551717272032;21.45502967325576;17.854302184234744;22.29376132056175;17.48710569106047;22.816065097693837;22.404217048968324;[1.5982843839904035, -6.2925935034417755, -2.585948875822826, 7.503002613095326, 22.88019485237001, 36.51444828272797, 28.37497032674424, 32.08869781576526, 17.70623867943825, 52.51289430893953, 62.18393490230616, 27.595782951031676];-2.5983580372140715;0.09333710285186031;16;380;-3.4476763783532585;-2.869176103659426;-2.570837873961219;False