DATA;MCPM;UF;PRODUCT;MODEL;PARAMS;WINDOW;HORIZON;RMSE;MAPE;POCID;PBE;P1;P2;P3;P4;P5;P6;P7;P8;P9;P10;P11;P12
combination;16917.709579520153;SC;oleocombustivel;ARIMA-MEAN;;12;12;667.2057564907047;0.2059722570931449;41.666666666666664;-13.958100406107329;3092.5308873430286;3059.094346249135;3186.492826380207;3471.1882499525477;3811.1830147464425;3340.5171881511196;3132.260868157733;3225.764506615968;3023.8640040617915;2273.5363534735316;2909.800432091985;2234.758809319992
