DATA;MCPM;UF;PRODUCT;MODEL;PARAMS;WINDOW;HORIZON;RMSE;MAPE;POCID;PBE;P1;P2;P3;P4;P5;P6;P7;P8;P9;P10;P11;P12
combination;2.6797783408604874e+17;RR;oleocombustivel;ARIMA-MEAN;;12;12;1.6463939458498336;6088443225201107.0;0.0;-inf;2.3816478392735325;2.662683973755951;0.7216609833709822;-2.2971320568214404;-1.5413792555375436;-0.6400433063826036;-1.2474556593228465;0.6400893909276171;2.943648424581273;-0.37419874564726674;0.6235793475699876;0.14935266338811326
