DATA;MCPM;UF;PRODUCT;MODEL;PARAMS;WINDOW;HORIZON;RMSE;MAPE;POCID;PBE;P1;P2;P3;P4;P5;P6;P7;P8;P9;P10;P11;P12
combination;5.3669606132482605e+20;RJ;oleocombustivel;ARIMA-MEAN;;12;12;2134.8795856327797;5.651281967187569e+17;41.666666666666664;59.70330505280227;681.2786242504682;516.0714296764723;876.5899847984019;757.8601995068393;1231.1072378936724;1505.8040060689411;653.1420074143884;1239.3459570326306;515.9812237904079;666.1221688123014;688.5148939957272;160.09777519253464
