DATA;MCPM;UF;PRODUCT;MODEL;PARAMS;WINDOW;HORIZON;RMSE;MAPE;POCID;PBE;P1;P2;P3;P4;P5;P6;P7;P8;P9;P10;P11;P12
combination;4.095846987785573e+18;SE;oleocombustivel;ARIMA-MEAN;;12;12;158.16902169961665;4.368984089060132e+16;41.666666666666664;-659.2920319413251;162.04717898416888;116.41312151749256;55.58661475415174;82.52963865214525;130.2578317978926;163.3742023632075;219.78767342399917;244.290389801082;181.98733048049638;248.91389841541425;265.61165803928515;111.25638195029936
