DATA;MCPM;UF;PRODUCT;MODEL;PARAMS;WINDOW;HORIZON;RMSE;MAPE;POCID;PBE;P1;P2;P3;P4;P5;P6;P7;P8;P9;P10;P11;P12
combination;9707174252637460.0;AP;oleocombustivel;ARIMA-MEAN;;12;12;0.06245229605010373;224037670044273.78;0.0;inf;-0.08250766161414072;-0.006127034886192006;-0.040107214262076654;-0.015138317048060582;-0.06321581849650137;0.0775269829845057;0.1402677815358795;-0.018113044446808557;-0.031352044516006206;-0.029031728248915478;-0.07766729565837735;-0.015901347502199403
