DATA;MCPM;UF;PRODUCT;MODEL;PARAMS;WINDOW;HORIZON;RMSE;MAPE;POCID;PBE;P1;P2;P3;P4;P5;P6;P7;P8;P9;P10;P11;P12
combination;4.336658740598915e+20;ES;oleocombustivel;ARIMA-MEAN;;12;12;1106.7591792616768;8.657881903704125e+17;50.0;-49.20176603928855;2425.7544600748197;1054.031172470934;1256.1705572685746;979.7327221203694;1182.8853785420933;2306.9231601546726;1359.3778776914398;1861.1896278523302;2494.540260105443;1475.4540906738366;1570.4237371251875;548.5012300933561
