DATA;MCPM;UF;PRODUCT;MODEL;PARAMS;WINDOW;HORIZON;RMSE;MAPE;POCID;PBE;MASE;P1;P2;P3;P4;P5;P6;P7;P8;P9;P10;P11;P12
mean;17.637872018309313;PE;glp;mean;{};12;12;1513.3259919771126;0.02691615742196823;100.0;2.269013148547893;0.8810629318333985;45015.00749905854;43113.595246914985;44366.69171241497;45730.408031171864;47157.74790129959;47855.592722469875;46236.0316333084;45639.85197821238;44355.28108716227;46809.346564527565;43823.70527447112;42196.039787190086
mean_best;27.222458834192004;PE;glp;mean_best;{};12;12;1842.8189664274605;0.03411489510853789;100.0;3.3259435495693137;1.092306123461822;44412.5143846522;41286.28106964726;43346.57699597498;45588.7500876375;47935.53072334533;49082.901960796204;46420.07814291327;45439.861097720575;43327.81605827207;47362.70183535375;42453.81831621879;39777.6695398105
mean_top_weight;26.499948251136075;PE;glp;mean_top_weight;{};12;12;1817.6823820548648;0.033668703415628436;100.0;2.950447012779517;1.073340363481672;46671.2594323867;42292.100938036034;44622.661954017465;46849.353841036114;48273.37693067977;48308.66385543497;45833.2183825319;44524.251560009696;42483.68957732084;47446.017302199485;41746.701428544744;39466.797076518604
mean_top;23.940348154381354;PE;glp;mean_top;{};12;12;1724.4089491684945;0.032061922337135514;100.0;2.8537378510179394;1.023897240360649;46619.982955457504;42291.7980232345;44687.14090265823;46752.40170136884;48116.886220762055;48457.29623456168;45846.72677172514;44600.53122736544;42665.506685557804;47339.37765532689;41894.5214187929;39782.55177791637
mean_top_best;28.483814240035763;PE;glp;mean_top_best;{};12;12;1906.1138014497337;0.034510295883748925;100.0;3.3259435495693164;1.1036509098339518;46425.94470275619;42035.81241988193;44465.438757061114;46560.25869820382;47944.27246653271;48289.55461468433;45641.62125348249;44377.589476712354;42414.869805032205;47155.63577314285;41632.849775332;39490.65246952041
