DATA;MCPM;UF;PRODUCT;MODEL;PARAMS;WINDOW;HORIZON;RMSE;MAPE;POCID;PBE;MASE;P1;P2;P3;P4;P5;P6;P7;P8;P9;P10;P11;P12
mean;41630.99556971168;PR;glp;mean;{};12;12;3521.247274447347;0.03061823501945229;72.72727272727273;1.7786528953820606;1.0384272543401953;80813.91379148899;79891.77976583876;85161.46600052618;87311.12596972204;89642.68714668852;90289.03512729207;86475.5897422381;85750.1247576695;83460.42547672123;81786.42698599235;78127.51703386761;77103.84795578223
mean_best;37078.62477299;PR;glp;mean_best;{};12;12;3136.404566546844;0.028798643678720356;72.72727272727273;0.31867296043964144;0.9517206683172426;80794.26171648348;79483.63683021894;86973.4178488913;90028.71976191648;93342.55703218287;94261.20847004572;88841.17593135034;87810.07585647926;84555.73670815778;82176.49028573942;76976.09825327512;75521.16205992499
mean_top_weight;37889.774845466774;PR;glp;mean_top_weight;{};12;12;2404.6564084393126;0.024840275446442506;63.63636363636363;0.9490854898990991;0.810306965264456;83349.29798947489;81022.9496619253;88052.03922765361;90270.16711818117;92501.88903326706;92234.22809629237;86428.91073472347;85545.70885184797;82747.42949321242;81588.65769885138;76246.49247550897;74321.17056149461
mean_top;28116.686305470317;PR;glp;mean_top;{};12;12;2378.7622613048334;0.02384471954225677;72.72727272727273;1.2309471477168876;0.7826576801088398;82831.19647598144;80837.44536371493;87760.2886208736;90064.86065736963;91908.68101054907;92230.74976239857;86000.9602835576;85505.54932358925;82504.05720163294;80773.08234386939;76449.86523175304;74555.8628191411
mean_top_best;25731.59106720371;PR;glp;mean_top_best;{};12;12;2177.0842845882185;0.022472845246091954;72.72727272727273;0.31867296043964566;0.7289753077038793;83490.37326928903;81333.01294649122;88823.9516459381;91317.63916890774;93312.76526455887;93661.2633003359;86920.25106548569;86384.18618660525;83136.38861886492;81263.36823285774;76585.38360020335;74535.95745512786
