DATA;MCPM;UF;PRODUCT;MODEL;PARAMS;WINDOW;HORIZON;RMSE;MAPE;POCID;PBE;MASE;P1;P2;P3;P4;P5;P6;P7;P8;P9;P10;P11;P12
mean;5735.863583913802;PA;glp;mean;{};12;12;1451.5569581890916;0.03453069749848839;90.9090909090909;3.2527389541280787;0.9051709393796423;33762.04201767236;32833.474853748136;33255.39179573756;33065.787633426364;32708.698201552885;33161.15026747144;32333.31333525805;32860.35211330962;32641.444278445986;33702.045802576926;32489.019939741942;31629.62251787135
mean_best;5707.592783456361;PA;glp;mean_best;{};12;12;1444.8938254235395;0.031446345884213356;90.9090909090909;2.8749419297325516;0.8188129351652852;34694.163418084914;32928.738924089055;33730.90222768046;33370.420137302484;32691.509172033904;33551.72692532594;31977.81428449172;32979.83891362649;32563.643652141447;34580.0965074816;32273.849147786994;30639.932595929415
mean_top_weight;11218.764321442288;PA;glp;mean_top_weight;{};12;12;1422.5115020123596;0.031082890492502773;81.81818181818181;2.6818031115948116;0.8093913156171131;34792.00121815664;33247.88362890741;33271.34742182375;33563.21951571742;32932.273496041336;33502.833321933416;31972.981432274526;32994.754372317715;32595.91340037718;34658.060690823644;32223.52846054506;31015.27341372727
mean_top;11311.297886318896;PA;glp;mean_top;{};12;12;1434.1710558107939;0.032007469159452066;81.81818181818181;2.8258554809957515;0.8343406521473253;34657.81424810606;33151.70515884771;33289.28526662561;33422.92038566909;32864.540510538005;33431.64980289693;32093.58062668502;32934.84969943081;32519.787916433757;34553.24111089365;32200.93250482672;31062.456033956583
mean_top_best;11692.571147377075;PA;glp;mean_top_best;{};12;12;1482.4700837552887;0.03254244034978792;81.81818181818181;2.874941929732579;0.8468442796034832;34828.658958956155;33150.60823454066;33303.894873050725;33452.786151854896;32830.66006507578;33462.51214382146;31971.685239930914;32908.99594804475;32446.54954850913;34712.14745928777;32091.292709381716;30822.84457352034
