DATA;MCPM;UF;PRODUCT;MODEL;PARAMS;WINDOW;HORIZON;RMSE;MAPE;POCID;PBE;MASE;P1;P2;P3;P4;P5;P6;P7;P8;P9;P10;P11;P12
normal;61026.56653535526;RN;gasolinac;knn;{'n_neighbors': 9};12;12;5154.277165076143;0.0701765039439812;72.72727272727273;4.461037545039735;0.8783634569034329;51943.11152815413;46286.62889152707;48279.10636811736;46801.83241505489;51910.49725595041;52764.435451952195;55489.487547124925;57134.50522845934;55682.572817652195;63507.45853988333;55163.23366593443;55856.406200933256
log;157642.14845652407;RN;gasolinac;knn;{'n_neighbors': 3};12;12;7988.003790937401;0.12047936781976559;54.54545454545455;7.656221865566409;1.5380912666261004;65895.59863417248;51391.10990795;44951.156928963115;47595.14721375155;45641.74631184551;49450.37399771421;47023.240419372385;51787.40677510755;54543.85041302405;53854.00570715169;55574.829798959276;51679.38904969046
deseasonal;55015.031977454084;RN;gasolinac;knn;{'n_neighbors': 9};12;12;4648.196724206231;0.0604800267245209;72.72727272727273;3.458929145749846;0.7678666973305388;54379.59310841135;48555.07926718201;46894.852672261644;50100.55337346007;49243.12653710533;54394.89713922588;53985.8997310506;57430.802910044236;59009.94588919546;62069.155649210225;59781.984027801;51694.940480538666
