DATA;MCPM;UF;PRODUCT;MODEL;PARAMS;WINDOW;HORIZON;RMSE;MAPE;POCID;PBE;MASE;P1;P2;P3;P4;P5;P6;P7;P8;P9;P10;P11;P12
normal;428102.1883554478;RJ;gasolinac;knn;{'n_neighbors': 1};12;12;27109.568551814395;0.10525193747945534;63.63636363636363;8.405416860846584;0.8516099047847963;179772.43704765575;152501.98366635301;157934.27118504344;148866.26313746808;184946.29125818892;185478.52228928418;187316.2265265277;210954.9202069189;192176.51215528336;227634.8325907432;191768.72972477908;182863.76533618593
log;1070841.9319893857;RJ;gasolinac;knn;{'n_neighbors': 1};12;12;38759.81436722972;0.16664848439959015;36.36363636363637;13.595605823193882;1.3760860003219058;252334.85303477757;174661.83779230015;140673.79752003215;163899.3979644912;160876.00991357773;154369.62059003414;156758.01965619499;169206.54359563757;169021.8311167265;173451.362002862;194917.44815424143;167255.96965316433
deseasonal;624665.8074746907;RJ;gasolinac;knn;{'n_neighbors': 3};12;12;31658.179030424973;0.11341761950012574;54.54545454545455;7.33873384585583;0.9157057336607132;155608.0166658491;138798.1878201102;155192.58052787458;151310.6636705835;200225.63612818855;198594.12509677405;202004.5972565902;211596.22414836532;192336.07376948776;230516.79566352395;197607.37950913576;194070.80671580994
