DATA;MCPM;UF;PRODUCT;MODEL;PARAMS;WINDOW;HORIZON;RMSE;MAPE;POCID;PBE;MASE;P1;P2;P3;P4;P5;P6;P7;P8;P9;P10;P11;P12
normal;282919.19226548856;PR;gasolinac;knn;{'n_neighbors': 5};12;12;23897.39185298131;0.0679983082836658;72.72727272727273;0.27498441323904366;0.6237932814889833;276482.8990215207;254464.3812944007;259442.38149735308;247470.08409748744;286264.4123056164;286136.360648201;281859.3607912383;293747.33813519316;282529.9397072388;337258.92260132055;255716.19290798946;243537.24648746557
log;943460.9413181638;PR;gasolinac;knn;{'n_neighbors': 5};12;12;39857.748051717805;0.119530317641518;45.45454545454545;4.608214398940412;1.1008159779730682;348843.19024462;243574.13750069347;226479.93528161183;252636.05178168294;253192.3383232737;253739.48735945733;240613.6413064231;269630.4747564633;269260.1543008331;261562.39144032498;278240.19518541195;263533.3024947399
deseasonal;488063.60360739497;PR;gasolinac;knn;{'n_neighbors': 9};12;12;30917.229397923817;0.09277515851365835;63.63636363636363;3.5810965042756617;0.8214234147562715;299674.7946459261;284688.2696248283;287323.9601982568;221138.7270175705;260229.64183874946;243161.7103629865;235508.26481019598;256080.94149311903;254118.3314626191;289991.5807005209;274450.608781135;288977.3878379707
