DATA;MCPM;UF;PRODUCT;MODEL;PARAMS;WINDOW;HORIZON;RMSE;MAPE;POCID;PBE;MASE;P1;P2;P3;P4;P5;P6;P7;P8;P9;P10;P11;P12
normal;568912.7273924795;SC;gasolinac;knn;{'n_neighbors': 3};12;12;24056.95393030162;0.06843946484244308;45.45454545454545;2.2893240725375428;1.4171752582549708;286074.7974218031;284581.3151244669;264265.1662466503;248310.0211188741;233645.39404301802;231795.73216554913;228379.5419054733;250977.69071109008;244845.46544931253;244573.01079385306;259172.5022382692;252748.84005526092
log;654101.1109653963;SC;gasolinac;knn;{'n_neighbors': 1};12;12;27653.513194374587;0.079701109143527;45.45454545454545;3.36322665164353;1.671473306781012;311609.8114358948;267836.67199091334;242635.18632224321;254622.95481306603;245893.05379716447;232555.99575192895;228490.1499218607;239115.78853742706;240389.09018698626;240355.8185128789;249127.90565457247;243442.34980721842
deseasonal;336993.0444707374;SC;gasolinac;knn;{'n_neighbors': 3};12;12;17101.11345557732;0.054165992338104645;54.54545454545455;2.1192430823613004;1.0775753466346296;244500.08648095856;230462.03664689162;232057.75209617027;226640.61561109353;253094.83259302448;247591.50842796196;255698.5247605567;266574.75360958214;259031.58903955377;301781.98325616075;261612.7341408444;255596.1605603805
