DATA;MCPM;UF;PRODUCT;MODEL;PARAMS;WINDOW;HORIZON;RMSE;MAPE;POCID;PBE;P1;P2;P3;P4;P5;P6;P7;P8;P9;P10;P11;P12
combination;158847.21380329548;MS;etanolhidratado;combination-mean;ARIMA-SARIMA-VARMA-RF;12;12;10900.80095322679;0.31844266148004735;66.66666666666667;40.793149168187156;11362.309906910892;11135.341829522833;11002.240741690011;11477.575443175045;11625.177979440687;11922.278717104564;12480.711847813824;12168.848207546604;11716.212648724359;12827.95535081442;11258.739875340545;10917.40125529049
