DATA;MCPM;UF;PRODUCT;MODEL;PARAMS;WINDOW;HORIZON;RMSE;MAPE;POCID;PBE;P1;P2;P3;P4;P5;P6;P7;P8;P9;P10;P11;P12
combination;206043.63123350675;SC;etanolhidratado;combination-mean;ARIMA-SARIMA-VARMA-RF;12;12;8095.942342542276;0.43830754036195;41.666666666666664;55.25212685271396;5063.124073388344;4922.74646351725;4728.870191027226;4752.432170737755;5045.590046741051;4831.103292171422;4915.984765187863;4959.446599870116;4686.341633596369;5556.222458520336;4913.217359560885;4563.135362890342
