DATA;MCPM;UF;PRODUCT;MODEL;PARAMS;WINDOW;HORIZON;RMSE;MAPE;POCID;PBE;P1;P2;P3;P4;P5;P6;P7;P8;P9;P10;P11;P12
combination;128583.57472067873;CE;etanolhidratado;combination-mean;ARIMA-SARIMA-VARMA-RF;12;12;5905.530187192133;0.2811733802285909;50.0;31.698255558970423;9922.682425035842;9856.760137572908;10246.563878524563;10272.7904170356;10205.688202846615;9891.832451592465;9404.538731755954;8937.9900516441;8667.61615585561;9360.86428057158;9304.997631547507;9237.181811244809
