DATA;MCPM;UF;PRODUCT;MODEL;PARAMS;WINDOW;HORIZON;RMSE;MAPE;POCID;PBE;P1;P2;P3;P4;P5;P6;P7;P8;P9;P10;P11;P12
combination;54994.010638464846;DF;etanolhidratado;combination-mean;ARIMA-SARIMA-VARMA-RF;12;12;14264.85827920906;0.569557854403559;91.66666666666667;62.82530636622127;7053.020447255938;6658.797157765219;7158.837504274388;7759.978375055833;6874.156704573779;7394.641288292232;7621.602398608733;7740.664675600296;7788.6045674702;7889.874247654508;6433.572628811223;6756.928913280011
