DATA;MCPM;UF;PRODUCT;MODEL;PARAMS;WINDOW;HORIZON;RMSE;MAPE;POCID;PBE;P1;P2;P3;P4;P5;P6;P7;P8;P9;P10;P11;P12
combination;28053.046839420098;MA;etanolhidratado;combination-mean;ARIMA-SARIMA-VARMA-RF;12;12;1289.6764287029043;0.2253642265398296;50.0;17.144865321809043;3036.989721806108;3079.2727237345953;2965.150653573476;3374.921097889151;3539.4987770982852;3703.627260395623;3553.9761971584107;3596.793392224571;3449.6057555085317;3560.5408754132586;3003.5642480127526;2775.7603120650824
