DATA;MCPM;UF;PRODUCT;MODEL;PARAMS;WINDOW;HORIZON;RMSE;MAPE;POCID;PBE;P1;P2;P3;P4;P5;P6;P7;P8;P9;P10;P11;P12
combination;24853.18830346133;PI;etanolhidratado;combination-mean;ARIMA-SARIMA-VARMA-RF;12;12;981.2907700991714;0.14814800779298423;41.666666666666664;-6.212010105466433;4543.220061485569;4554.414496469978;5251.680476448468;5835.125399248307;6365.671677434817;6277.335153736159;6322.516809161405;6169.9793009700625;5917.469082165449;5887.855631928934;5775.353256426564;5407.61492566302
