DATA;UF;PRODUCT;MODEL;PARAMS;WINDOW;HORIZON;RMSE;MAPE;POCID;PBE;MASE;P1;P2;P3;P4;P5;P6;P7;P8;P9;P10;P11;P12
mean;GO;oleodiesel;knn_rf_deepar_svr_catboost_arima;{};12;12;14018.518899082404;0.046820045234556566;81.81818181818181;1.207472852013449;0.23782412962131566;227793.52984970715;212491.52991488515;212025.04339467306;232124.68993252402;250354.11428782396;243739.41645834013;243377.9132911932;251760.08307505533;234477.74926919144;211662.14252208907;200391.11899083797;219441.28666315295
