DATA;MCPM;UF;PRODUCT;MODEL;PARAMS;WINDOW;HORIZON;RMSE;MAPE;POCID;PBE;MASE;P1;P2;P3;P4;P5;P6;P7;P8;P9;P10;P11;P12
normal;40253.07465386307;RN;etanolhidratado;arima_noresid;{'p': 20, 'd': 3, 'q': 16};12;12;2029.186074223514;0.34934402376682144;54.54545454545455;27.885153805362894;1.1094804255700157;6337.0073929303735;5054.315017632326;4169.995899006162;3200.3145472119786;2748.897748531937;1031.1715737291188;2928.5618507810955;2450.9113914703535;3394.021445533832;3760.929371088172;2978.0227531654605;3639.0565478332546
log;32287.986334622132;RN;etanolhidratado;arima_noresid;{'p': 15, 'd': 3, 'q': 10};12;12;1630.3184480786458;0.27481431300213816;54.54545454545455;20.451441746079478;0.8841902960472706;6303.579265547512;4817.028984397805;4415.079161320237;3387.01766788018;3307.309042835385;1994.5053103157964;3558.7686271060174;3041.633415668938;3823.8819670843804;3910.2428955701585;3552.432370444538;3879.528201189028
deseasonal;48833.48943143953;RN;etanolhidratado;arima_noresid;{'p': 17, 'd': 3, 'q': 6};12;12;2457.1884424600007;0.4338330844241997;54.54545454545455;38.57417458664179;1.373417813977446;6032.312298410367;4765.32905590962;3788.0549661236323;2687.1121593648404;2239.8483896426774;895.8224833193331;2404.55944678294;2010.9615287195613;2746.5082681832087;3035.9277805316206;2253.777462580265;2653.1332657475295
