DATA;MCPM;UF;PRODUCT;MODEL;PARAMS;WINDOW;HORIZON;RMSE;MAPE;POCID;PBE;MASE;P1;P2;P3;P4;P5;P6;P7;P8;P9;P10;P11;P12
normal;363.12025185865576;AP;etanolhidratado;arima_noresid;{'p': 17, 'd': 1, 'q': 17};12;12;29.651934277841903;0.5252764470144512;72.72727272727273;41.9174888387982;1.0097110293310152;47.99554636637361;31.879256771395546;33.71424037912275;24.013703318841472;19.01368163582667;30.9112238331362;11.165659374251435;14.597783325886583;26.235746154303527;18.76733724114457;36.58027134271174;21.244263852739536
log;487.0365139409287;AP;etanolhidratado;arima_noresid;{'p': 21, 'd': 1, 'q': 13};12;12;29.959370113822978;0.53271121274097;63.63636363636363;43.064507690595626;1.0221691116723408;47.72524833029329;32.536173487842014;32.09232345649027;22.931151101488183;17.403200302805477;31.07554823381018;10.123223760212607;14.01737162440417;26.074756086916814;18.625861181219737;36.53991277211313;20.73120139572217
deseasonal;139.17521338482476;AP;etanolhidratado;arima_noresid;{'p': 24, 'd': 3, 'q': 6};12;12;16.825514974561223;0.44256251959752757;81.81818181818181;-20.387824597567334;0.5553314423026438;56.442022948397394;41.37063688892273;51.21418160560923;43.97562057207285;44.258009700892785;60.52043970803021;39.32446522748738;48.43427144291371;64.12657714773552;57.43461825126772;80.98725756719989;67.13226533769863
