DATA;UF;PRODUCT;MODEL;PARAMS;WINDOW;HORIZON;RMSE;MAPE;POCID;PBE;MASE;P1;P2;P3;P4;P5;P6;P7;P8;P9;P10;P11;P12
median;BA;gasolinac;knn_rf_deepar_svr_catboost_arima;{};12;12;19492.3409240276;0.10781287630978649;81.81818181818181;-10.423730816270831;0.7423317372537273;186643.51615203143;179237.2527419579;178423.72839590555;184283.04270444502;180751.26600580988;180492.15;182798.22817546348;183102.71078003093;180661.42581303517;197539.05348527254;188579.62598821707;182689.63130439527
mean;BA;gasolinac;knn_rf_deepar_svr_catboost_arima;{};12;12;19337.925347206936;0.10858526756146752;72.72727272727273;-10.518085291791367;0.749051243250706;187976.50921148996;181162.46761588872;178994.02284607006;184372.62274627783;181199.83272504274;180625.68296807312;183370.97606701724;182154.01573590975;180047.86405300893;195594.06157540594;190969.76636006654;180618.10246436816
softdtw_barycenter;BA;gasolinac;knn_rf_deepar_svr_catboost_arima;{};12;12;19688.700712431048;0.11080154090167538;72.72727272727273;-10.743441063709803;0.765100078798842;188591.60695844414;180386.8418589339;177706.183685382;185448.83449816104;183577.67555275874;183504.5266394549;183962.51858887126;183760.06247527414;178070.36268187416;196863.18952600786;189017.32178492073;180697.2359599933
DBA_subgradient;BA;gasolinac;knn_rf_deepar_svr_catboost_arima;{};12;12;19528.459615609227;0.10999910624915969;72.72727272727273;-10.667676786596079;0.7597044840311977;188630.85824846482;180536.19765677335;177676.49519968664;185356.2615457137;183169.4719324387;182998.7092994338;183698.0351013092;183315.2649829886;177866.27927194952;196876.9409240282;189236.93864432804;180711.86753128664
DBA;BA;gasolinac;knn_rf_deepar_svr_catboost_arima;{};12;12;19717.06310159954;0.11093226111369209;72.72727272727273;-10.755582480911409;0.7659647365190818;188587.7074868025;180414.2405800941;177737.57234798837;185439.05492764278;183647.2780049351;183452.72562522168;184040.0141672836;183881.98642283594;178068.80612410602;196856.23560712242;189007.94630900075;180695.2610766767
EBA_twe;BA;gasolinac;knn_rf_deepar_svr_catboost_arima;{};12;12;20973.880329393778;0.11994059260193128;63.63636363636363;-11.66547104467779;0.8307629522590427;187237.7715837039;187853.78775366402;186977.73916304973;187694.04756537106;188141.43267121288;179631.50448662599;180003.19672925456;185055.5901381601;178147.56021544308;194998.07975497315;192634.84164292138;181624.07894435333
