DATA;UF;PRODUCT;MODEL;PARAMS;WINDOW;HORIZON;RMSE;MAPE;POCID;PBE;MASE;P1;P2;P3;P4;P5;P6;P7;P8;P9;P10;P11;P12
median;PB;gasolinac;knn_rf_deepar_svr_catboost_arima;{};12;12;7557.23336932481;0.12872892006621162;72.72727272727273;-12.129103035013049;0.6701907844266293;57831.621150742125;56739.42953945529;57314.40876351528;58706.40646207018;57325.38903021459;59075.619446507495;58427.1729231326;59371.950364377146;59176.79087039453;60907.511533495184;59666.40721367633;57736.27808561009
mean;PB;gasolinac;knn_rf_deepar_svr_catboost_arima;{};12;12;7558.482614032023;0.1289300468179157;72.72727272727273;-12.191000868137545;0.6714315096271456;57954.06306124405;56993.9317252458;57586.059685574364;58327.87672974288;57669.77258762944;58689.530521792374;58658.322856542625;59320.41636038117;59053.64225984877;61115.971202094704;59897.67514011285;57399.397338188006
softdtw_barycenter;PB;gasolinac;knn_rf_deepar_svr_catboost_arima;{};12;12;7914.664227987256;0.1368229121521594;63.63636363636363;-13.004318903067915;0.7150378405211177;57991.77878292894;56670.881036441504;58446.34469639653;59124.584110994074;59036.073807827335;59188.70805908154;59328.452669290295;59760.26195822887;57985.259901531565;61639.01669284815;61171.806874489;57417.40627500837
DBA_subgradient;PB;gasolinac;knn_rf_deepar_svr_catboost_arima;{};12;12;7759.907319693865;0.13315446899924194;63.63636363636363;-12.642570191330748;0.6948774318461368;58019.031169505695;56496.33947924709;58312.663460998294;58829.71237995405;58335.02840686548;58947.661852000616;58969.45897099247;59754.34522853166;58128.16266754093;61741.048540889715;60597.87048227172;57363.57354547915
DBA;PB;gasolinac;knn_rf_deepar_svr_catboost_arima;{};12;12;7829.296851711411;0.13475055874123518;63.63636363636363;-12.802404918849303;0.7036425725844346;58015.19081930482;56514.25398058092;58440.05584034934;58990.88233773771;58667.71430241949;59018.68074657459;59024.83361827739;59730.69950058016;58065.870401405635;61753.78284614045;60867.894909101626;57406.10232540931
EBA_twe;PB;gasolinac;knn_rf_deepar_svr_catboost_arima;{};12;12;7554.015761172054;0.12914646450388625;36.36363636363637;-12.080979413405904;0.6730646429318219;57515.548307135236;57609.63576809401;57735.97765203114;58215.6044613177;57819.02895000618;57720.44415518583;58308.72813985687;59238.87735572066;58289.05507571523;60558.054734990204;61343.58439956377;57623.041955638146
