DATA;UF;PRODUCT;MODEL;PARAMS;WINDOW;HORIZON;RMSE;MAPE;POCID;PBE;MASE;P1;P2;P3;P4;P5;P6;P7;P8;P9;P10;P11;P12
median;PE;gasolinac;knn_rf_deepar_svr_catboost_arima;{};12;12;14185.834412174741;0.12052060375172262;63.63636363636363;-11.236700743575524;0.8957914608515439;119928.13683257363;115212.28007338883;115974.17937919954;117374.06363117183;119217.75551385683;119386.15907299456;121301.86806782574;122932.25798916127;123137.5254227905;127499.64987714557;124748.40469746783;122179.13766032431
mean;PE;gasolinac;knn_rf_deepar_svr_catboost_arima;{};12;12;14077.808448160275;0.12131612991607821;63.63636363636363;-11.140191296050137;0.9035304829848531;118644.50032860386;116748.57941834716;117546.90543901241;116906.22637048917;117835.44249279471;120032.75790504189;120181.9238250052;123476.98439435147;122800.58588568651;127811.93464662672;124800.68247334175;120847.8305143755
softdtw_barycenter;PE;gasolinac;knn_rf_deepar_svr_catboost_arima;{};12;12;15094.251042197036;0.13039933927925082;90.9090909090909;-11.99790966382689;0.970997209933325;118519.49620914264;114394.61051100538;120469.85223633287;121706.61794933083;121402.73447917055;121450.33089517796;121199.42074240513;122980.73236926063;122577.14648542418;128571.51266471947;125119.48457401889;120414.45378787963
DBA_subgradient;PE;gasolinac;knn_rf_deepar_svr_catboost_arima;{};12;12;14779.720756463921;0.12695258755540753;63.63636363636363;-11.803418757812448;0.9446178645462876;119485.84300742301;114376.32335110843;119920.74854978635;119827.66379723493;120203.81096419648;121254.5155396834;121043.17130148021;122637.39647674763;123299.18416529392;128774.64700270668;125201.16598772272;120248.6203273661
DBA;PE;gasolinac;knn_rf_deepar_svr_catboost_arima;{};12;12;14965.382598426162;0.12893461397270692;72.72727272727273;-11.85477652341613;0.9595908957083035;118552.85877996392;114576.50996790528;120816.1757613997;120766.15267016734;120971.92672994232;120990.19441187837;120647.5540915633;122931.3869588869;122571.61887746592;128580.03448319725;125127.24721011665;120410.38084182494
EBA_twe;PE;gasolinac;knn_rf_deepar_svr_catboost_arima;{};12;12;13861.536964923269;0.11970111211797214;72.72727272727273;-10.633440786149539;0.8935508308560488;116188.98399286442;118794.09146431189;115661.09263419351;116468.97869383455;116901.02581556459;118049.9863564586;119434.22852405015;123363.98472274326;122840.09151576663;126508.9390087971;126389.41489786081;120432.95855940742
