DATA;UF;PRODUCT;MODEL;PARAMS;WINDOW;HORIZON;RMSE;MAPE;POCID;PBE;MASE;P1;P2;P3;P4;P5;P6;P7;P8;P9;P10;P11;P12
median;AL;gasolinac;knn_rf_deepar_svr_catboost_arima;{};12;12;3494.541943975864;0.08969402796922082;81.81818181818181;-8.414656621397773;0.4702175308793393;37620.65287770156;36844.251000247954;36705.67108759104;36249.79362564328;36691.94037925906;37194.16632254109;37639.66943789362;37836.192303690106;37698.82525018383;39749.78315386067;38665.898721084086;36925.852545103306
mean;AL;gasolinac;knn_rf_deepar_svr_catboost_arima;{};12;12;3454.5909643719183;0.08899579086313049;81.81818181818181;-8.315764143507764;0.466619150272139;37553.9094264265;36825.00403478413;36546.58801997964;36323.505410361155;36796.766047867226;37243.34470362999;37496.77656975849;37827.85767791018;37589.777610968034;39492.96573576393;38739.337287612776;36976.54990605361
softdtw_barycenter;AL;gasolinac;knn_rf_deepar_svr_catboost_arima;{};12;12;3398.5783506323874;0.08760027889567477;81.81818181818181;-8.232274740389999;0.4594676220364537;37655.79415869605;36597.00170220083;36912.51829713591;36079.64795055568;36849.57440297242;37283.230621125076;37167.851746913984;37772.71441105892;37521.23240177939;39685.26576356061;38513.31315754642;37027.83236256019
DBA_subgradient;AL;gasolinac;knn_rf_deepar_svr_catboost_arima;{};12;12;3452.0265452969816;0.0884483413677931;72.72727272727273;-8.313894493385705;0.4636715311101636;37663.41253786039;36593.997378482985;36838.61003418632;36051.53919737733;36830.165792450985;37210.368885929885;37535.34075720233;37731.88302321679;37505.55003509022;39744.02392603935;38659.747433129014;37039.98607440123
DBA;AL;gasolinac;knn_rf_deepar_svr_catboost_arima;{};12;12;3404.655539699337;0.08774005409101958;81.81818181818181;-8.245540066554925;0.4602279329644581;37654.06792987588;36601.3527052887;36899.7853108258;36078.42441204851;36857.379460927994;37280.35275042995;37170.54118487995;37771.40763297107;37522.956836220714;39713.077537822;38545.14049167243;37026.52982001491
EBA_twe;AL;gasolinac;knn_rf_deepar_svr_catboost_arima;{};12;12;3416.118588987298;0.08790518396324372;81.81818181818181;-8.153679106066383;0.46112976323106336;37428.80861314864;36719.15534011267;36551.33257984481;36413.79397612192;36740.80792296369;37063.59343110398;37208.25357711414;37638.28349412107;37587.76038825862;39711.78596903046;38695.69443781682;36980.60650250619
