DATA;UF;PRODUCT;MODEL;PARAMS;WINDOW;HORIZON;RMSE;MAPE;POCID;PBE;MASE;P1;P2;P3;P4;P5;P6;P7;P8;P9;P10;P11;P12
median;RJ;gasolinac;knn_rf_deepar_svr_catboost_arima;{};12;12;43967.268553472095;0.25435143112956543;72.72727272727273;-23.74925590847637;1.0077680561522124;195977.78568379657;189411.8628835124;188659.97149564436;191656.5199100551;195973.0294597048;197795.19237297832;201973.16246679018;208315.37140665573;208073.25848700505;221167.69966735446;215556.27292113536;209103.2854445245
mean;RJ;gasolinac;knn_rf_deepar_svr_catboost_arima;{};12;12;44212.35487529727;0.2563996505951048;72.72727272727273;-23.981297007598734;1.0159533143731727;196315.48303689287;190261.7708652499;189132.34594139026;192749.44472270767;197097.70297174653;198222.75068382008;202942.49469284163;208894.3211046263;207311.9819881088;221667.84195163444;214557.76868681877;209054.09467380104
softdtw_barycenter;RJ;gasolinac;knn_rf_deepar_svr_catboost_arima;{};12;12;44573.53342572686;0.2576043382936372;72.72727272727273;-24.15690953276207;1.0216336503439711;196692.63764471016;190447.66307099964;186658.08877657662;191986.3165327863;198770.32189715625;200044.9893346944;201073.06052086057;209189.32656473032;207059.52278105076;225825.65428700598;216968.4084283592;206931.43136923714
DBA_subgradient;RJ;gasolinac;knn_rf_deepar_svr_catboost_arima;{};12;12;44099.62734335333;0.25589287346868805;63.63636363636363;-24.00563586093611;1.0151854863607384;196735.30184749776;190422.13845373393;186955.75400107028;195079.29080767566;199919.44870057693;199832.39975444216;200832.98640737837;205896.67771012645;204903.86239337674;225198.7809585848;215790.58144173629;207117.46201939517
DBA;RJ;gasolinac;knn_rf_deepar_svr_catboost_arima;{};12;12;44628.27892268119;0.2579622971796123;72.72727272727273;-24.189942831330317;1.0229988520495419;196693.4534613375;190420.58357481466;186643.916863781;192143.39877242237;199312.9701513569;200074.878214211;201141.78477317045;209192.35545392227;207001.17279146795;225826.34386654283;216869.13405002913;206974.3955262324
EBA_twe;RJ;gasolinac;knn_rf_deepar_svr_catboost_arima;{};12;12;42189.709435140576;0.24486180900258733;81.81818181818181;-22.94717775327115;0.9739025393547125;196127.48657283915;192252.12977488586;192315.38418585068;189763.69247152042;188707.42876528442;191560.61852637323;197701.126084517;206451.97320531114;204671.27986415813;224534.79573546647;214650.52587006317;209218.04857827118
