DATA;UF;PRODUCT;MODEL;PARAMS;WINDOW;HORIZON;RMSE;MAPE;POCID;PBE;MASE;P1;P2;P3;P4;P5;P6;P7;P8;P9;P10;P11;P12
median;RO;gasolinac;knn_rf_deepar_svr_catboost_arima;{};12;12;1284.3446466096875;0.029831853199667756;72.72727272727273;-1.6826922237499795;0.32728330962501134;35444.20176859996;35253.88445748649;35983.3551652726;35974.817849637926;37032.25230992172;37862.35447517256;37692.89145177862;37542.00329507807;36267.964193917054;38082.42554115344;35339.00351064662;34242.963390040866
mean;RO;gasolinac;knn_rf_deepar_svr_catboost_arima;{};12;12;1314.5134823995534;0.030936898289463055;72.72727272727273;-1.656972503320295;0.33927195554947903;35113.94990336036;35152.35956394532;35886.12243585567;35962.48417271054;36878.6915217281;37847.200426911615;37846.69405062084;37539.393951267084;36540.26812977527;38128.750002204935;35103.56065812578;34608.17868098125
softdtw_barycenter;RO;gasolinac;knn_rf_deepar_svr_catboost_arima;{};12;12;1314.81901226874;0.03318246751807985;81.81818181818181;-1.919600526625464;0.362229293683002;34861.57933656377;36400.08096655276;36101.46599481821;35939.29501622552;36697.75651599437;37555.53827964979;37501.23320090551;37774.63210439525;36467.68898779752;38668.976288784324;35163.34739272474;34604.023409781745
DBA_subgradient;RO;gasolinac;knn_rf_deepar_svr_catboost_arima;{};12;12;1280.6151125511549;0.03057016519510324;63.63636363636363;-1.7607671190080696;0.3332678702603661;35195.68172886083;34933.19530531884;36152.37632313678;35932.582844386736;36802.04684559856;37588.47764029114;37730.21200550268;37580.098783580055;36523.948462056556;38693.794466343184;35305.75191218489;34615.27582103649
DBA;RO;gasolinac;knn_rf_deepar_svr_catboost_arima;{};12;12;1328.0495802424787;0.032856204368131074;81.81818181818181;-1.9940116994569534;0.3579745708366581;34820.74618122873;36403.51538190128;36094.864936841834;35952.090777990656;36825.498816799125;37831.26035308342;37542.00916423293;37617.886563143846;36485.40267334829;38706.39599706258;35171.812396115965;34603.723620138175
EBA_twe;RO;gasolinac;knn_rf_deepar_svr_catboost_arima;{};12;12;1295.305666919757;0.03050799329466398;72.72727272727273;-1.5884059569583824;0.3350630473396182;35120.30766387238;34979.99623522453;35622.362889638665;35728.52528939907;36583.09187373183;37581.603091956444;38273.057833784376;37854.780572572585;36465.26327681077;38267.01647813007;35203.1935610936;34633.967514328
