DATA;UF;PRODUCT;MODEL;PARAMS;WINDOW;HORIZON;RMSE;MAPE;POCID;PBE;MASE;P1;P2;P3;P4;P5;P6;P7;P8;P9;P10;P11;P12
normal;PI;oleodiesel;svr;{};12;12;6273.6282619817;6.931888274251939;72.72727272727273;-92.41030543524127;2.219047402231918;-1473.2198412564126;-859.5725661277697;852.08122205382;2674.0921218571593;3795.1787730397036;5582.862397435447;7185.809619706588;8113.771657659056;8713.254023306117;9828.40708785383;7621.338199752099;6368.474431238818
deseasonal;PI;oleodiesel;svr;{};12;12;4706.625029227091;2.4714079567275746;72.72727272727273;-117.85894923137606;0.9163525025724716;1509.469925359057;997.064353010469;2688.6394155694475;1346.70180424611;2079.4921326513604;3180.8698715891564;6295.263269515378;7284.999587116983;9206.91355779392;9437.540210869014;6722.244703342949;3934.9766992219415
log;PI;oleodiesel;svr;{};12;12;5323.129594450689;1.2813915018700606;72.72727272727273;-146.84555325889028;1.0074324015326155;-894.5343112192231;-117.52889686836943;1567.008942979768;3804.028896155708;4269.870489917117;4468.636435274523;6460.084862602513;8735.766457765703;9101.13431385395;9149.25222159761;6217.223787366161;4102.244376854354
