DATA;UF;PRODUCT;MODEL;PARAMS;WINDOW;HORIZON;RMSE;MAPE;POCID;PBE;MASE;P1;P2;P3;P4;P5;P6;P7;P8;P9;P10;P11;P12
normal;RJ;oleodiesel;svr;{};12;12;14359.60297957288;1.161426796920728;36.36363636363637;-23.38924787340611;0.7934293443449919;19992.0942887222;17015.40173071241;16792.760152280334;20594.925048633668;15194.868885569154;18727.024328910615;19301.205951691194;22680.809099435366;19798.016481634168;29890.356951637885;32960.84756148822;28838.028296159813
deseasonal;RJ;oleodiesel;svr;{};12;12;9446.688914310647;1.3852952912658312;63.63636363636363;-7.782517108318242;0.491265822494732;23082.973758520762;21583.930052446274;18951.910810525198;13693.559404745476;16025.559675316868;11399.186852050952;16096.714474720022;15416.241026117239;15517.37626099373;22938.180818084955;20962.994479844907;25884.0404883122
log;RJ;oleodiesel;svr;{};12;12;14435.831647155772;1.1533610042719138;45.45454545454545;-25.068602818183866;0.9079973547103692;19821.791235977555;17907.38922159285;14942.453941686832;19504.090203297095;17258.52039085512;22584.34374949701;18622.511599551362;22445.73864108007;18259.23617265669;30627.947607653543;31033.485377767465;30427.76991456389
