DATA;UF;PRODUCT;MODEL;PARAMS;WINDOW;HORIZON;RMSE;MAPE;POCID;PBE;MASE;P1;P2;P3;P4;P5;P6;P7;P8;P9;P10;P11;P12
normal;PA;oleodiesel;svr;{};12;12;22833.794852527637;3.2424672616429735;36.36363636363637;-6.258726782103195;1.2666469839623316;4748.409902017426;-1271.0218987221597;-5435.14073975109;2787.0745961016823;4362.148282043023;3976.544119284884;14183.39931446657;27078.88165479098;30549.075564600942;31155.02940784119;16461.96205252599;3617.9334510273643
deseasonal;PA;oleodiesel;svr;{};12;12;13270.522876770869;3.311886559700197;36.36363636363637;-50.491911373126364;0.9014002546992139;-271.16967220820607;738.7313251135533;3693.090039683551;3859.19483309787;3226.915333731124;10735.828442681452;14795.480859966887;12369.07462643735;17001.859086645105;10639.52801876316;7242.494644449569;-387.40661590762966
log;PA;oleodiesel;svr;{};12;12;23941.34948687272;2.0127669753366946;36.36363636363637;-51.921529789503;1.0785156934671614;9338.752276370094;7412.661292189085;1050.6791091379946;-755.8119373792451;-3574.5993407533288;1859.9022392723455;17911.847711570663;22171.17974158104;26623.26889224488;29645.788284361588;10508.470430027866;3279.0009855207004
