DATA;UF;PRODUCT;MODEL;PARAMS;WINDOW;HORIZON;RMSE;MAPE;POCID;PBE;MASE;P1;P2;P3;P4;P5;P6;P7;P8;P9;P10;P11;P12
normal;SE;oleodiesel;svr;{};12;12;6647.233013449909;4.046464888136436;45.45454545454545;767.9703769411169;2.8730099772659163;5184.212674544025;4524.514924175596;3802.183817329209;4310.485130158385;3439.099729268407;4055.437248274289;4141.035197765639;5943.631886673965;6441.046489109553;7494.000834505279;7330.873456838592;7451.676007341887
deseasonal;SE;oleodiesel;svr;{};12;12;6674.617629001503;4.759118573445151;54.54545454545455;822.7118970311167;3.1117373292128705;5311.408768687909;5132.650028161104;4820.2997697644905;4567.892814580143;3927.6180134405463;4090.386396479457;4342.988803404554;6283.3210854649415;6964.304701531453;7913.170840153196;6941.309314727818;6481.965003848516
log;SE;oleodiesel;svr;{};12;12;7116.930185961244;4.5561635837010765;45.45454545454545;843.7747434964465;2.6320233895336127;5415.529164206172;5268.752076222553;4490.851468298636;5344.208099139171;5328.615442584602;5166.640787112819;5271.759776427824;7347.934255990552;7455.4805976327825;7706.016712771312;7314.382584127239;5700.680217274084
