DATA;UF;PRODUCT;MODEL;PARAMS;WINDOW;HORIZON;RMSE;MAPE;POCID;PBE;MASE;P1;P2;P3;P4;P5;P6;P7;P8;P9;P10;P11;P12
normal;RN;gasolinac;knn_rf_deepar_svr_catboost_arima;{};12;12;9295.53014600561;0.14099774715388044;63.63636363636363;-1.2244985234534587;1.7649023650261584;52318.84923116441;47306.7885480683;47299.65110218043;43226.442882046766;48915.53195102848;51706.04792088667;56335.88770397695;62575.04290965014;61760.55817089334;69655.2470198177;69877.67107285967;67976.79576538473
deseasonal;RN;gasolinac;knn_rf_deepar_svr_catboost_arima;{};12;12;4941.433115319088;0.07770760516247789;72.72727272727273;-1.017953785686144;0.9648098418182909;55347.2562729442;48029.31187307246;52678.74033135354;50068.61714998991;50525.231987192725;56375.90757952515;57954.36838901761;58447.65615044456;62444.48315746014;63826.5582915751;62960.405505514194;58910.59673688226
log;RN;gasolinac;knn_rf_deepar_svr_catboost_arima;{};12;12;5598.368709364229;0.08387405861854524;45.45454545454545;0.02425311046119767;1.0455521775398848;52923.353272602406;50288.117719732945;51513.62143471473;49906.4098331936;51431.75433036009;50426.048094213045;60538.56791903153;60893.38779927833;61228.26415253772;61046.02804518863;59754.03483151733;60629.03393995937
