DATA;MCPM;UF;PRODUCT;MODEL;PARAMS;WINDOW;HORIZON;RMSE;MAPE;POCID;PBE;P1;P2;P3;P4;P5;P6;P7;P8;P9;P10;P11;P12
combination;43563.57099350912;RS;querosenedeaviacao;combination-median;ARIMA-SARIMA_DS-RF;12;12;2399.6244945603667;0.2545390036671658;58.333333333333336;-24.234493252139032;10659.159723869869;10676.517215326125;11210.184893319592;11120.073209920396;11674.753859503337;11555.01663706784;11416.583992741947;11589.815716498544;12305.255952097716;12229.63265944025;11874.53028447292;11090.127107084478
