DATA;MCPM;UF;PRODUCT;MODEL;PARAMS;WINDOW;HORIZON;RMSE;MAPE;POCID;PBE;P1;P2;P3;P4;P5;P6;P7;P8;P9;P10;P11;P12
combination;49855.63936090725;PR;querosenedeaviacao;combination-median;ARIMA-SARIMA_DS-RF;12;12;2288.486584793333;0.3046149537604062;50.0;-27.92284580502743;8296.729183472602;8681.364145638336;8694.534036148614;9049.167070867185;9894.877224098424;10091.62172237522;10009.877396959084;10513.081788886073;10437.01586830384;10201.087897054069;9912.363694903164;9162.188971503963
