DATA;MCPM;UF;PRODUCT;MODEL;PARAMS;WINDOW;HORIZON;RMSE;MAPE;POCID;PBE;P1;P2;P3;P4;P5;P6;P7;P8;P9;P10;P11;P12
combination;8825.184940168929;SC;querosenedeaviacao;combination-median;ARIMA-SARIMA_DS-RF;12;12;812.4579176663093;0.08292197171510314;75.0;8.4940181338815;5308.501380960573;4655.779233171565;4706.538123463493;4477.685328558731;4588.718837837461;4589.503356212801;4638.10004399513;4924.994936886969;4963.008136319235;5952.811729905636;6268.188469843505;5522.884729580603
