DATA;MCPM;UF;PRODUCT;MODEL;PARAMS;WINDOW;HORIZON;RMSE;MAPE;POCID;PBE;P1;P2;P3;P4;P5;P6;P7;P8;P9;P10;P11;P12
combination;13083.73118336517;AL;querosenedeaviacao;combination-median;ARIMA-SARIMA_DS-RF;12;12;722.3005303146483;0.15671805488297763;58.333333333333336;-9.351706755439874;4373.441708135137;4007.2884988302494;3912.457575985921;4070.148038940439;4798.697426985358;4515.401401486004;4675.540744514594;4949.9884955344505;4884.910279557718;5692.482625310276;5739.730842136458;4726.902580315453
