DATA;MCPM;UF;PRODUCT;MODEL;PARAMS;WINDOW;HORIZON;RMSE;MAPE;POCID;PBE;P1;P2;P3;P4;P5;P6;P7;P8;P9;P10;P11;P12
combination;564220.7497224205;SP;querosenedeaviacao;combination-median;ARIMA-SARIMA_DS-RF;12;12;38958.56680620571;0.11266733302393861;66.66666666666667;10.06920630932074;309575.06632020685;290783.6165875845;300972.2369527812;287161.5914890324;294381.3949814579;278362.7031139309;275341.04721706384;272600.3065765328;275170.3939750122;284407.0043895585;294769.36234507174;263423.4255488112
