DATA;MCPM;UF;PRODUCT;MODEL;PARAMS;WINDOW;HORIZON;RMSE;MAPE;POCID;PBE;MASE;P1;P2;P3;P4;P5;P6;P7;P8;P9;P10;P11;P12;Test Statistic;p-value;Lags Used;Observations Used;Critical Value (1%);Critical Value (5%);Critical Value (10%);Stationary
normal;51136.424277428916;RS;querosenedeaviacao;ARMA;{'p': 1, 'd': 0, 'q': 19};12;12;3217.985322899101;0.3309003416450123;63.63636363636363;-31.300243876993633;0.9388963536884258;11751.0372041904;11247.18674187661;12090.540124860436;12839.786209067348;13586.408774011074;13137.785654852663;12811.304879867059;12205.879864114506;12453.397021209177;11288.91739917282;11448.950719038889;10355.080261360174;-5.823704485838142;4.1260412624508037e-07;13;383;-3.44753973676872;-2.8691160516676844;-2.57080585953957;True
deseasonal;28729.822480321924;RS;querosenedeaviacao;ARMA;{'p': 23, 'd': 0, 'q': 10};12;12;1815.4289334623484;0.17987186908215805;63.63636363636363;-15.776635485440826;0.5220598267901843;11373.008843738851;9788.311332832629;10359.15246189811;9680.703564521345;9564.22370938161;10978.26601154395;11160.272159005912;11339.464993367934;13041.301647642631;12304.01030407945;10558.346734000665;7900.314418277377;-4.384482309342306;0.00031617580224199563;15;381;-3.4476305904172904;-2.869155980820355;-2.570827146203181;True
log;18801.52069830734;RS;querosenedeaviacao;ARMA;{'p': 15, 'd': 0, 'q': 1};12;12;2357.2678969444987;0.23609669938082659;81.81818181818181;-23.192168938604173;0.6956828495060564;11285.975077378731;10190.054248628414;10509.904427626037;10158.835583389877;10411.836706133972;11939.865468619366;11883.69011566397;11998.385785543467;14100.091455495065;13070.493350058612;11753.365683535172;8946.35690707414;-5.889339384371582;2.949698625404029e-07;13;383;-3.44753973676872;-2.8691160516676844;-2.57080585953957;True
