DATA;UF;PRODUCT;MODEL;PARAMS;WINDOW;HORIZON;RMSE;MAPE;POCID;PBE;MASE;P1;P2;P3;P4;P5;P6;P7;P8;P9;P10;P11;P12
normal;PR;gasolinac;knn_rf_deepar_svr_catboost_arima;{};12;12;38450.07212717403;0.10428446829982496;54.54545454545455;-7.884270399642947;0.8810228008181372;320465.41785259073;305202.5652514255;311172.2477212687;296097.8698931849;275321.68592761265;273066.94358803815;282674.28742042615;284010.7400175171;281178.742436777;292992.6568856085;312489.54693437205;340636.36120096146
deseasonal;PR;gasolinac;knn_rf_deepar_svr_catboost_arima;{};12;12;36516.50543859289;0.0925829077700044;54.54545454545455;-6.263729042143734;0.7890684224114358;325063.8334750079;308961.72738024674;296423.6306198742;281563.2439906568;265651.65081035683;272128.9941578762;273172.0382308101;262925.25300498016;265987.83129980863;320484.1429958868;320918.4302295436;328323.18267205375
log;PR;gasolinac;knn_rf_deepar_svr_catboost_arima;{};12;12;30693.406488748897;0.07550919466296256;54.54545454545455;-3.8515579765206365;0.6384787831870661;303077.54459502775;296866.3566601712;285999.4945104949;260716.475288385;285869.4688083956;285749.5394991319;259396.14682694848;267074.50730609766;265126.26953568717;309146.4602535048;299713.3639136959;322928.43824841094
