DATA;UF;PRODUCT;MODEL;PARAMS;WINDOW;HORIZON;RMSE;MAPE;POCID;PBE;MASE;P1;P2;P3;P4;P5;P6;P7;P8;P9;P10;P11;P12
normal;AM;gasolinac;knn_rf_deepar_svr_catboost_arima;{};12;12;6106.282774327766;0.10761977914180194;63.63636363636363;-9.793652245887104;0.9903617508559484;46627.30925113034;51679.88378730553;56831.843795105575;57686.52982068526;59050.56893635597;62522.21730251861;58551.962925718406;59366.05540713613;55230.37529411348;59168.22312226484;53878.376544732826;56981.911620908526
deseasonal;AM;gasolinac;knn_rf_deepar_svr_catboost_arima;{};12;12;6216.772266442073;0.10595572346245936;63.63636363636363;-10.393857678005935;0.9748060959134646;51205.436366226946;52653.58976154609;55666.12861732729;56843.66056740621;59111.84679154585;60022.5568211904;59359.87073499488;60189.96058359287;57688.52421629384;62069.070017394144;51956.087998972784;54512.604229368735
log;AM;gasolinac;knn_rf_deepar_svr_catboost_arima;{};12;12;7600.418643050207;0.11677694016185441;63.63636363636363;-10.562600029721008;1.1024802637706848;49560.574232974446;49804.645666985016;54335.58305422929;51777.67390434724;56960.858418815755;65484.37849157559;64182.22839564473;64902.7297559813;59188.17238498667;64464.0556144454;52550.201363560256;49109.60384505709
