DATA;MCPM;UF;PRODUCT;MODEL;PARAMS;WINDOW;HORIZON;RMSE;MAPE;POCID;PBE;MASE;P1;P2;P3;P4;P5;P6;P7;P8;P9;P10;P11;P12
normal;24275.99420090436;DF;glp;knn;{'n_neighbors': 1};12;12;1231.201416082534;0.07778635663743703;54.54545454545455;0.4395904495042337;1.7127389587719084;12874.803146473023;12874.803146473023;14586.009693100654;13860.951863973263;14570.291245430652;14468.906632983912;15180.99826447381;14944.760801312676;14382.663570565695;14479.43647339316;14369.328066382872;15206.603235616145
log;18482.171613918457;DF;glp;knn;{'n_neighbors': 1};12;12;1171.3510953795967;0.07299881103601331;63.63636363636363;0.6151921693759668;1.6093249152240594;12892.909612801373;12892.909612801373;14683.247570405394;13866.176705158863;14562.800518398732;14695.426174227432;15167.94561582099;14933.167753484588;14107.308529264646;14359.122193765543;14146.181447642495;15189.345406091341
deseasonal;8135.260028225156;DF;glp;knn;{'n_neighbors': 5};12;12;687.775008974669;0.04206435823115435;72.72727272727273;0.22692446213318454;0.9371348341219111;14305.040048840228;14144.875392405696;14096.047217252537;14528.058586535839;14574.370647180913;14871.813707257179;14126.373026726029;14523.091882787081;14112.880229569517;15283.27642535294;13713.278897583748;13887.422476665597
