DATA;MCPM;UF;PRODUCT;MODEL;PARAMS;WINDOW;HORIZON;RMSE;MAPE;POCID;PBE;MASE;P1;P2;P3;P4;P5;P6;P7;P8;P9;P10;P11;P12
normal;185072.47978747726;MS;gasolinac;knn;{'n_neighbors': 9};12;12;9378.434304045493;0.1182225036452092;54.54545454545455;1.8198469160689572;0.8345593615589745;73929.89860284273;69401.19338139083;57376.46320555058;57693.759167916076;60127.84733167541;59932.86397734698;56787.16431835866;63529.91071233837;67987.71123640957;71449.83312010256;74507.91437831974;67253.47087470426
log;187769.06394892847;MS;gasolinac;knn;{'n_neighbors': 9};12;12;11873.28662179717;0.1577041532385788;63.63636363636363;0.9954165180472759;1.105095532350817;65372.07359655594;58996.720699833146;57187.15144060279;56035.91654426733;58825.47754112182;59148.29466707758;62889.42265963286;67706.88688362828;73149.4825015384;75927.76940897042;73330.01345626822;77958.38900015096
deseasonal;129846.99441337588;MS;gasolinac;knn;{'n_neighbors': 7};12;12;10937.414235544347;0.14370434856947273;72.72727272727273;2.112281248701918;1.0227406291241374;68247.99499796623;52772.352465014446;57478.71426339582;52370.606615202;60106.579627757885;63146.80794025319;65635.52665914006;67969.47876911722;71492.32403117605;77791.3012917896;69339.03077662102;71304.11059699983
