DATA;MCPM;UF;PRODUCT;MODEL;PARAMS;WINDOW;HORIZON;RMSE;MAPE;POCID;PBE;MASE;P1;P2;P3;P4;P5;P6;P7;P8;P9;P10;P11;P12
normal;47183.233273620775;RN;gasolinac;knn;{'n_neighbors': 1};12;12;5966.534411313714;0.08063304365235548;81.81818181818181;7.712565218749834;1.0168579331492318;44780.39267654353;44511.26264784483;46840.90123355736;45699.50357897388;51739.235460559685;53731.91467881242;54127.36589133688;56482.44352406666;54941.847261272764;62816.71748671816;53744.2359007645;49594.11667933582
log;244746.9282990075;RN;gasolinac;knn;{'n_neighbors': 1};12;12;8862.500572189987;0.13908711199782756;36.36363636363637;7.513471221469417;1.7539055190215704;41017.46178864927;47877.9743170124;43403.63190509562;46438.93706605544;45719.98908268951;51661.13442088793;53659.131122784216;54059.05720839799;58495.28162021483;52096.7476537339;65634.60682195242;60281.389671920755
deseasonal;117429.14516679988;RN;gasolinac;knn;{'n_neighbors': 1};12;12;7436.050640007638;0.10560881758260761;63.63636363636363;9.04983332214964;1.3307685653226484;44462.587174215405;41942.02922214411;42383.54169084405;46485.732307945895;46926.18766880425;52336.89217447887;53573.85560583275;55406.20846646557;55255.11705234415;59480.16674720521;61142.310935054804;50645.69855334027
