DATA;MCPM;UF;PRODUCT;MODEL;PARAMS;WINDOW;HORIZON;RMSE;MAPE;POCID;PBE;MASE;P1;P2;P3;P4;P5;P6;P7;P8;P9;P10;P11;P12
normal;1297446.5116976425;PR;gasolinac;knn;{'n_neighbors': 1};12;12;54757.04607869178;0.17471492716370265;45.45454545454545;11.491929447040484;1.5598049399272107;254715.84393186416;232252.34930813644;251328.2250004776;240572.14428289773;282326.2983896382;212332.19703564304;213077.89043215863;249801.88304283062;229112.87396635968;220721.89595058866;218024.9393947754;328910.88923582854
log;1314446.784269474;PR;gasolinac;knn;{'n_neighbors': 1};12;12;47596.5045545035;0.1409216832780173;36.36363636363637;8.536820823048878;1.3081897247919678;359344.4679600582;240399.32323218673;214600.82047393385;247954.31527027817;248483.8911942141;238111.86245331515;228676.4597191024;247699.41731532046;244884.28881351728;243022.98734092864;265468.20561678277;252464.3572009038
deseasonal;719470.3001549243;PR;gasolinac;knn;{'n_neighbors': 3};12;12;45497.36612831372;0.15583631116956698;63.63636363636363;1.56749959826813;1.3938098883205328;241202.1210711168;218166.50765644675;239207.05777432083;239319.23377384312;248353.92549868175;260874.9901110769;257078.1621990827;295447.3527216617;311400.5056814799;347602.7931341141;309192.40776015224;294230.21722513303
