DATA;MCPM;UF;PRODUCT;MODEL;PARAMS;WINDOW;HORIZON;RMSE;MAPE;POCID;PBE;P1;P2;P3;P4;P5;P6;P7;P8;P9;P10;P11;P12
hybrid1;24839.925903927062;TO;etanolhidratado;HYBRID;{'p': 5, 'd': 1, 'q': 8};12;12;1141.507706445713;0.24336083205865977;50.0;20.21526875818377;2516.093838556016;2404.8334651095665;2374.774832503771;2482.5498148578836;2456.284929230288;2676.630404380049;2472.1230177313655;2413.6966238359887;2301.993489044714;2405.6766190823323;2418.069432308819;2523.5343957054356
half-arima-hybrid1;16713.01534130758;TO;etanolhidratado;HYBRID;{'p': 5, 'd': 1, 'q': 8};12;12;1149.5445943835255;0.23578297679280658;66.66666666666667;26.85364862094949;1992.9558890346764;1913.861612764668;1970.28832990564;2266.0302703447933;2125.4308460773746;2192.564319595269;2472.1230177313655;2413.6966238359887;2301.993489044714;2405.6766190823323;2418.069432308819;2523.5343957054356
half-arima_mean-hybrid1;24931.436955490208;TO;etanolhidratado;HYBRID;{'p': 5, 'd': 1, 'q': 8};12;12;1146.0594561326102;0.22884693742595844;50.0;27.134183772488086;1897.145316299811;1920.7813858504617;1907.722389829416;2107.5236331420483;2307.9152762535973;2216.5057708302293;2472.1230177313655;2413.6966238359887;2301.993489044714;2405.6766190823323;2418.069432308819;2523.5343957054356
