DATA;MCPM;UF;PRODUCT;MODEL;PARAMS;WINDOW;HORIZON;RMSE;MAPE;POCID;PBE;P1;P2;P3;P4;P5;P6;P7;P8;P9;P10;P11;P12
hybrid1;82044.55081602916;PA;etanolhidratado;HYBRID;{'p': 13, 'd': 1, 'q': 11};12;12;2829.3372038202056;0.2939546285488843;33.333333333333336;36.76641962278693;3387.41333626044;3190.8002699312424;3104.5120515309573;3231.8609933417392;3287.0734891633947;3515.5701434823623;2964.6973387712897;3191.8111163773196;3087.6070120955746;3509.264735660687;2986.655439238675;2729.72343417786
half-arima-hybrid1;51622.84355761399;PA;etanolhidratado;HYBRID;{'p': 13, 'd': 1, 'q': 11};12;12;2839.306554307621;0.31704936645092;58.333333333333336;39.876220459202436;3063.757154726653;2818.2069579283075;2919.7025975278684;3157.005686241732;2926.915351493339;2953.62249100587;2964.6973387712897;3191.8111163773196;3087.6070120955746;3509.264735660687;2986.655439238675;2729.72343417786
half-arima_mean-hybrid1;72216.4065676112;PA;etanolhidratado;HYBRID;{'p': 13, 'd': 1, 'q': 11};12;12;2842.7913378281933;0.3264776552492315;41.666666666666664;40.16590081470939;3024.567136250508;2732.1576164227868;2829.3703286192167;3086.394460435289;3016.2250181850213;2975.5566578838025;2964.6973387712897;3191.8111163773196;3087.6070120955746;3509.264735660687;2986.655439238675;2729.72343417786
