DATA;MCPM;UF;PRODUCT;MODEL;PARAMS;WINDOW;HORIZON;RMSE;MAPE;POCID;PBE;P1;P2;P3;P4;P5;P6;P7;P8;P9;P10;P11;P12
hybrid1;152188.09281900973;DF;etanolhidratado;HYBRID;{'p': 12, 'd': 1, 'q': 14};12;12;13777.352539775698;0.5092995495799615;75.0;58.36349921021126;8384.655515050883;7039.433984177974;8138.400990857879;9833.8256958621;8543.029210126602;9113.64671487137;7675.6368680257165;8278.835539799415;9681.491658858355;7518.115639060309;6174.756367228088;7206.51018770155
half-arima-hybrid1;155418.14438083427;DF;etanolhidratado;HYBRID;{'p': 12, 'd': 1, 'q': 14};12;12;14047.21612295499;0.5501924387305809;75.0;61.29828558643112;7694.765536605348;7090.578069793776;7991.188749772877;7886.699994639746;6710.627446408426;6800.530113774123;7675.6368680257165;8278.835539799415;9681.491658858355;7518.115639060309;6174.756367228088;7206.51018770155
half-arima_mean-hybrid1;104623.25942533699;DF;etanolhidratado;HYBRID;{'p': 12, 'd': 1, 'q': 14};12;12;14027.099090302008;0.557691097105076;83.33333333333333;61.60029266145899;7464.459814160526;6692.279104436897;7224.691717898829;7610.499831507738;6978.702624046612;7495.907502373104;7675.6368680257165;8278.835539799415;9681.491658858355;7518.115639060309;6174.756367228088;7206.51018770155
