DATA;MCPM;UF;PRODUCT;MODEL;PARAMS;WINDOW;HORIZON;RMSE;MAPE;POCID;PBE;P1;P2;P3;P4;P5;P6;P7;P8;P9;P10;P11;P12
hybrid1;336266.92182838946;BA;etanolhidratado;HYBRID;{'p': 13, 'd': 1, 'q': 3};12;12;11608.091503117736;0.23147584172051353;33.333333333333336;6.970513320512636;47444.10577530651;38887.53024946319;40836.04985310375;41674.87418170002;39658.16223592078;40736.72298003764;38532.98215819074;41963.64651602675;38676.330627337826;41137.085211321864;35499.3413433243;35697.36782546623
half-arima-hybrid1;225695.62365390072;BA;etanolhidratado;HYBRID;{'p': 13, 'd': 1, 'q': 3};12;12;10388.91307812196;0.17013863096766754;50.0;12.965045621643077;38128.813108118695;36699.21350631618;35897.0354404308;37743.88700982062;34165.50952899833;35625.317857781345;38532.98215819074;41963.64651602675;38676.330627337826;41137.085211321864;35499.3413433243;35697.36782546623
half-arima_mean-hybrid1;222228.23823855256;BA;etanolhidratado;HYBRID;{'p': 13, 'd': 1, 'q': 3};12;12;10232.179399231896;0.15611113659264875;50.0;13.9357954370452;35379.041742300964;34958.46843249042;34900.06576138059;36209.14368813213;35847.938390582785;35948.61927001703;38532.98215819074;41963.64651602675;38676.330627337826;41137.085211321864;35499.3413433243;35697.36782546623
