DATA;MCPM;UF;PRODUCT;MODEL;PARAMS;WINDOW;HORIZON;RMSE;MAPE;POCID;PBE;P1;P2;P3;P4;P5;P6;P7;P8;P9;P10;P11;P12
combination;1.767563088019529e+16;SE;queroseneiluminante;combination-mean;ARIMA-SARIMA-VARMA-RF;12;12;0.11909589128827333;407715637298925.5;0.0;-inf;0.1488817013175922;-0.07516148568344688;-0.07924894606368862;0.034156836882006124;0.2170107481146083;-0.0099929964850601;0.2559370940552044;0.01405275305248945;0.03810952194481278;0.07635021273349668;-0.12030231314531013;-0.017168081791851874
