DATA;MCPM;UF;PRODUCT;MODEL;PARAMS;WINDOW;HORIZON;RMSE;MAPE;POCID;PBE;P1;P2;P3;P4;P5;P6;P7;P8;P9;P10;P11;P12
combination;1.8797848035785574e+18;PA;queroseneiluminante;combination-mean;ARIMA-SARIMA-VARMA-RF;12;12;8.975036860512759;3.983643570605317e+16;0.0;-inf;9.26909190914653;6.497148043647856;7.841840611596464;8.144057720193562;9.083820602635955;12.849398214314796;9.38840392128954;8.890475733699741;7.420735046624116;9.55806510522585;7.74308171075436;9.459468916535075
