DATA;MCPM;UF;PRODUCT;MODEL;PARAMS;WINDOW;HORIZON;RMSE;MAPE;POCID;PBE;P1;P2;P3;P4;P5;P6;P7;P8;P9;P10;P11;P12
combination;3.1329475514805376e+17;MS;queroseneiluminante;combination-mean;ARIMA-SARIMA-VARMA-RF;12;12;2.2070006496755417;7078998897166087.0;0.0;-inf;1.2290914306614722;0.43618233051298394;1.8527752880476744;0.7286663319021622;0.358191152346641;2.043502233363775;-0.9233192596153524;0.6427750247311466;3.142503175388552;5.979480865334333;0.30341676764015746;1.222338301087466
