DATA;MCPM;UF;PRODUCT;MODEL;PARAMS;WINDOW;HORIZON;RMSE;MAPE;POCID;PBE;P1;P2;P3;P4;P5;P6;P7;P8;P9;P10;P11;P12
combination;1.1277864428651871e+18;MA;queroseneiluminante;combination-mean;ARIMA-SARIMA-VARMA-RF;12;12;5.791310176008129;2.4619330464603396e+16;0.0;-inf;4.301466197335338;3.426515261408551;5.820523574127511;2.2875652986802204;7.339176115733497;8.659839734776364;4.635033654084013;7.322000271572762;5.2220078314668665;3.1689043805284065;7.671932301482545;5.744109457183708
