DATA;MCPM;UF;PRODUCT;MODEL;PARAMS;WINDOW;HORIZON;RMSE;MAPE;POCID;PBE;P1;P2;P3;P4;P5;P6;P7;P8;P9;P10;P11;P12
combination;302.94106647111704;SC;queroseneiluminante;combination-mean;ARIMA-SARIMA-VARMA-RF;12;12;16.17206629304553;0.4456586138765854;58.333333333333336;-8.85340148494866;48.44263011407551;54.15828535667752;58.697731013382885;60.52090492306779;61.14267946171988;59.95631642732196;55.304936095248905;54.819542306815855;63.366738695573886;51.92421590976667;56.78289824495609;55.21688073232219
