DATA;MCPM;UF;PRODUCT;MODEL;PARAMS;WINDOW;HORIZON;RMSE;MAPE;POCID;PBE;P1;P2;P3;P4;P5;P6;P7;P8;P9;P10;P11;P12
combination;53734.39909810314;AL;gasolinac;combination-mean;ARIMA-SARIMA-VARMA;12;12;2974.130766622872;0.05708734223230208;58.333333333333336;5.072241551718433;38172.303857963925;37067.188758825956;38034.40018009437;36168.596955023575;38350.456881214006;40908.98286752315;42172.09705691517;41840.36417029129;40346.78247095123;44658.94540090579;41896.98854903512;38943.629230065344
