DATA;MCPM;UF;PRODUCT;MODEL;PARAMS;WINDOW;HORIZON;RMSE;MAPE;POCID;PBE;P1;P2;P3;P4;P5;P6;P7;P8;P9;P10;P11;P12
combination;78186.87593436216;PI;gasolinac;combination-mean;ARIMA-SARIMA-VARMA;12;12;5402.053822386937;0.09132647054328719;66.66666666666667;9.246013105705957;45476.76506439978;43415.185458638734;45092.8610326983;43026.715852599606;47438.8770695389;49600.27027019932;50443.32688563982;49956.25164835542;48345.27109440236;52769.16455819427;49477.94840168228;45744.70735233686
