DATA;MCPM;UF;PRODUCT;MODEL;PARAMS;WINDOW;HORIZON;RMSE;MAPE;POCID;PBE;P1;P2;P3;P4;P5;P6;P7;P8;P9;P10;P11;P12
combination;492638.15224078327;MG;gasolinac;combination-mean;ARIMA-SARIMA-VARMA;12;12;34060.82512223113;0.06858189013603143;66.66666666666667;1.2423298460718037;368769.12705137033;371343.91795531387;378405.33675052633;358349.785830198;404114.5506073317;395887.9853819393;391620.1218161003;390887.8781811756;381235.52248510404;435881.11098193476;384267.78887659754;384441.4700702891
