DATA;MCPM;UF;PRODUCT;MODEL;PARAMS;WINDOW;HORIZON;RMSE;MAPE;POCID;PBE;P1;P2;P3;P4;P5;P6;P7;P8;P9;P10;P11;P12
combination;1107967.7590209916;SP;gasolinac;combination-mean;ARIMA-SARIMA-VARMA;12;12;76593.94275605895;0.07321819045575899;66.66666666666667;-1.6088273877739083;868233.9982619369;857230.2073540321;867865.5175497129;823773.5058484183;841849.568117124;862942.5571062276;850047.9631958692;868390.1911684944;859051.8929086355;955473.2527173324;841999.5066977926;844034.7784841716
