DATA;MCPM;UF;PRODUCT;MODEL;PARAMS;WINDOW;HORIZON;RMSE;MAPE;POCID;PBE;P1;P2;P3;P4;P5;P6;P7;P8;P9;P10;P11;P12
combination;258223.48081785152;RJ;gasolinac;combination-mean;ARIMA-SARIMA-VARMA;12;12;14292.344591641908;0.05771075835565718;58.333333333333336;5.156924728208935;194336.71921085892;188088.79632661142;184435.81326546142;172956.7419106368;192301.47474412297;192456.04215486016;189572.72803882742;191508.48694200715;185331.23865867325;214702.90105437103;190383.88509775113;184243.64369581
