DATA;MCPM;UF;PRODUCT;MODEL;PARAMS;WINDOW;HORIZON;RMSE;MAPE;POCID;PBE;P1;P2;P3;P4;P5;P6;P7;P8;P9;P10;P11;P12
combination;48807.57099060233;SC;glp;combination-mean;ARIMA-SARIMA_DS;12;12;3375.365387927076;0.059869592117973214;66.66666666666667;5.757947834019389;44774.42782702153;43003.115898913995;46645.99089479699;47445.119265308786;47914.687106997226;49487.06357860092;46328.393796904726;46320.32048957467;44888.812519777646;43968.14005685999;42287.440015540524;40883.60352436389
