DATA;MCPM;UF;PRODUCT;MODEL;PARAMS;WINDOW;HORIZON;RMSE;MAPE;POCID;PBE;P1;P2;P3;P4;P5;P6;P7;P8;P9;P10;P11;P12
combination;1649.4253919622136;AC;glp;combination-mean;ARIMA-SARIMA_DS;12;12;152.0771950601116;0.04097026568045263;75.0;3.3480355995278765;3128.754347094715;3110.743327328907;3149.0635678274452;3042.5905336847763;3108.779908235104;3111.778507766524;3021.415293300249;3093.7556553788427;3109.1674560190104;3252.6071694862876;3069.826565073587;2984.9711497308454
