DATA;MCPM;UF;PRODUCT;MODEL;PARAMS;WINDOW;HORIZON;RMSE;MAPE;POCID;PBE;MASE;P1;P2;P3;P4;P5;P6;P7;P8;P9;P10;P11;P12
linear;90799.11355236369;CE;glp;xgb_rf_knn_arima_arma_sarima;{};12;12;2881.483492679104;0.043712106411249785;27.272727272727273;2.260156664790846;1.458383121266489;40636.562852853545;43603.93832986686;41771.56024050775;43982.437159100795;43834.75381622757;43209.42779901824;44076.4857466994;42879.370110313444;43401.74139771;42590.652125530076;43497.26955496805;42454.996772559345
