DATA;MCPM;UF;PRODUCT;MODEL;PARAMS;WINDOW;HORIZON;RMSE;MAPE;POCID;PBE;MASE;P1;P2;P3;P4;P5;P6;P7;P8;P9;P10;P11;P12
linear;3378.7619997143415;RR;glp;xgb_rf_knn_arima_arma_sarima;{};12;12;122.49435142591737;0.04202159492161301;36.36363636363637;1.5296442749570063;1.371531461432196;2300.57973831789;2502.8744182628166;2406.052529919845;2479.5693022013807;2395.211029576822;2476.7331057705933;2470.7382626655694;2387.843918062824;2393.909067161477;2371.9568477980833;2502.744120652707;2345.8237785097053
