DATA;MCPM;UF;PRODUCT;MODEL;PARAMS;WINDOW;HORIZON;RMSE;MAPE;POCID;PBE;MASE;P1;P2;P3;P4;P5;P6;P7;P8;P9;P10;P11;P12
linear;27444.6617455045;DF;glp;xgb_rf_knn_arima_arma_sarima;{};12;12;994.9127322688448;0.06433614604757361;36.36363636363637;-0.5235130030306029;1.4124489957973556;13513.063667563853;14697.147407590084;14006.432804856995;14572.565698782593;14513.91780648798;14789.627006266526;15095.90666560179;14328.873739333681;14355.474741212762;14142.905604905089;15203.08008018844;14242.473985139573
