DATA;UF;PRODUCT;MODEL;PARAMS;WINDOW;HORIZON;RMSE;MAPE;POCID;PBE;MASE;P1;P2;P3;P4;P5;P6;P7;P8;P9;P10;P11;P12
normal;SC;glp;knn;{};12;12;4079.33212166327;33.61488098955116;45.45454545454545;49.6744616105646;0.841289352468443;-2081.141043601039;4168.056885159504;5029.754892507265;2913.013614772329;5093.746738903725;5392.786598899038;1905.4216167792251;547.1724817112806;346.4040317123878;-1769.4265799108011;-2409.2323809742643;-3210.3545838888967
deseasonal;SC;glp;knn;{};12;12;4191.159454860697;1.2567687666370213;36.36363636363637;107.59506366934544;0.7873617195502275;-2177.0766566002903;-1859.5596457021377;-541.9034220398134;22.507059513914726;1486.2398165560144;1922.3619866013898;2247.3892090254963;1047.5588559898652;1637.1805746174982;-701.9271379057045;-1991.1581221685378;-3237.368332396513
log;SC;glp;knn;{};12;12;3816.9791562695104;33.97684439352804;36.36363636363637;112.92026439253131;0.8177337266047495;-241.92390098808022;410.57913900415195;1992.0104632281893;2272.020721761207;2087.3019412701437;459.0144938518061;699.4575259959408;-210.51366517169072;-1595.2582650041827;-2205.253298668924;-3651.8354240591293;-4111.698819326027
