DATA;UF;PRODUCT;MODEL;PARAMS;WINDOW;HORIZON;RMSE;MAPE;POCID;PBE;MASE;P1;P2;P3;P4;P5;P6;P7;P8;P9;P10;P11;P12
normal;BA;glp;knn;{};12;12;6164.562565182804;1.0780578219846564;72.72727272727273;-5.898281332810675;1.234840886234308;3641.1395359023195;-8214.028266834463;2349.9922527936365;-5646.392210803159;-81.64986636719186;3075.8676895950016;-3260.164180033054;-920.4473966903652;-8137.67430115903;1773.8204139462964;-7857.198986917452;-12993.231970080486
deseasonal;BA;glp;knn;{};12;12;7168.369132342071;1.3106549992977647;18.181818181818183;-9.996263281398196;0.9993609066336007;-5448.301114554957;-4953.4964616893285;-637.5834214743586;-765.8782139024156;-2562.764975851882;-3885.3325991506604;-1511.0026154545744;-3835.4509313847616;-2395.7101856524846;-4457.122193846412;-5626.698082473038;-7620.742372872318
log;BA;glp;knn;{};12;12;4948.028362382003;1.1525010931592767;63.63636363636363;30.736822447600716;1.6516331075803572;4816.851748403009;-5247.225992950153;1459.8259884955273;-3801.9630010268397;-372.38356207678453;453.1444565950551;-4402.927733704555;1172.256461280324;-6649.536399622739;3263.514022392183;-6733.7574457218825;-11563.409465056524
