DATA;UF;PRODUCT;MODEL;PARAMS;WINDOW;HORIZON;RMSE;MAPE;POCID;PBE;MASE;P1;P2;P3;P4;P5;P6;P7;P8;P9;P10;P11;P12
normal;AM;glp;knn;{};12;12;679.3039487677364;1.2632130475353787;63.63636363636363;344.4803388839583;0.9572122541493582;-296.2482496262523;-461.0276557655629;-545.3896160651087;-608.2192543801416;-18.881211071164955;53.802546308790056;-458.8426929018942;-257.9814764729241;-253.31139700132758;224.6874698763575;301.52697513611577;131.56543201046748
deseasonal;AM;glp;knn;{};12;12;711.3997843699223;2.553557862094736;63.63636363636363;285.6687036967281;0.7200260831009236;-324.43275278493786;-155.71120363926892;-606.1660874306694;221.57919642010825;-481.53960761550115;11.489513418334809;-106.38037176043531;-17.541921185935053;-200.26637025022706;-82.80366362649016;-372.58996192200664;-367.0745038250307
log;AM;glp;knn;{};12;12;700.2847283758724;1.331106653211988;54.54545454545455;213.717385159947;0.53823122964964;-396.1539834231189;-250.98422613934017;-94.3047986948198;-369.710734389603;-314.8404819037443;127.74551023489298;-163.1182874915322;-625.3616540875848;295.79545908557964;495.14246816660375;0.7267334218649353;-87.03051775922776
