DATA;UF;PRODUCT;MODEL;PARAMS;WINDOW;HORIZON;RMSE;MAPE;POCID;PBE;MASE;P1;P2;P3;P4;P5;P6;P7;P8;P9;P10;P11;P12
normal;RJ;glp;knn;{};12;12;4408.5259789725105;1.5298189732334844;90.9090909090909;59.48001194052792;0.6050999619460058;7550.476193522764;-3751.6174492884265;3431.1368611757853;-543.3339302097618;-1931.684606418845;-1213.412936645579;-4713.174441185905;-3387.6100102319315;-6050.862502806336;3283.484313394083;-10363.029490620154;-3712.8839249686034
deseasonal;RJ;glp;knn;{};12;12;2754.7488432003747;1.0755262073438343;72.72727272727273;36.63092558606761;0.4397874148612947;-2226.7523239894017;-4226.201665716521;-1411.4114828387337;-2489.6266094617604;-4553.060945281404;-3809.7901855957807;-3648.011619002057;-4387.219241333157;-877.3461254772119;-938.2144239393167;-734.641426913771;-627.293616104708
log;RJ;glp;knn;{};12;12;3835.932437044376;1.0838008606522058;81.81818181818181;90.08185321018836;0.6172215519057214;8722.17999115507;-131.12629139056338;3768.289750912002;311.0942189529002;-2099.8475637770125;1256.1447965756613;-2517.022304590808;-1625.062644754979;-3715.5537897395225;5502.24172823162;-5726.292514652457;-6176.854247085141
