DATA;UF;PRODUCT;MODEL;PARAMS;WINDOW;HORIZON;RMSE;MAPE;POCID;PBE;MASE;P1;P2;P3;P4;P5;P6;P7;P8;P9;P10;P11;P12
normal;RS;glp;knn;{};12;12;2938.7877117101148;0.6078090104097058;90.9090909090909;231.2446877371678;0.6661781907110663;7530.793091435205;-386.40547834869903;5520.9322776421195;776.9432072220478;-418.933841831072;-1527.939289636906;-4384.615392776591;-1881.696464489865;-3941.7250917627257;-597.2617312600839;-5224.376482602322;-505.9138728441252
deseasonal;RS;glp;knn;{};12;12;3988.3660477888748;5.569017030959565;63.63636363636363;130.090321677834;0.7155294085563596;-2336.8130288490956;-2849.313383201116;140.35963973163197;-1715.8999012491036;-818.3285028626303;757.4554004104073;844.2428940161591;2257.0546667269164;3237.789312048598;1152.7853481809118;549.6593269013074;102.69350918802391
log;RS;glp;knn;{};12;12;2102.8023259625807;0.44154129596745584;72.72727272727273;70.29335783758852;0.700943573291524;10260.187637577485;7001.449293269323;5170.293219213007;5486.78320975113;1104.2502578486983;89.021686753577;-4258.28620504584;-4028.2399765537666;-3906.0936211201106;-3733.7481040328503;-6389.161363784142;-6361.579879290272
