DATA;MCPM;UF;PRODUCT;MODEL;PARAMS;WINDOW;HORIZON;RMSE;MAPE;POCID;PBE;P1;P2;P3;P4;P5;P6;P7;P8;P9;P10;P11;P12
combination;940163.4593885655;SP;oleodiesel;ARIMA-MEAN;;12;12;86616.48265807406;0.06697067976086687;75.0;6.6619774058068515;1053004.6172230127;1027207.1991642609;1081695.0177361292;1103397.964318489;1151502.7739295987;1187549.0166767118;1137196.4953898825;1172256.099089004;1064588.269664434;981361.7730927126;904881.4086090529;913182.8990274377
