DATA;MCPM;UF;PRODUCT;MODEL;PARAMS;WINDOW;HORIZON;RMSE;MAPE;POCID;PBE;P1;P2;P3;P4;P5;P6;P7;P8;P9;P10;P11;P12
combination;882691.3525245495;PR;oleodiesel;ARIMA-MEAN;;12;12;48840.96283445993;0.07054125153061186;58.333333333333336;7.277662251796742;542951.6483892526;483857.16763303964;489548.07552925707;493270.26601229433;525634.2233528518;545344.1145851604;518948.1374007737;523652.79452559457;494221.25497885613;468509.83806012373;461087.0672209908;486433.5570101953
