DATA;MCPM;UF;PRODUCT;MODEL;PARAMS;WINDOW;HORIZON;RMSE;MAPE;POCID;PBE;P1;P2;P3;P4;P5;P6;P7;P8;P9;P10;P11;P12
combination;149350.70265702278;GO;oleodiesel;ARIMA-MEAN;;12;12;20616.567821293786;0.06306378397903668;83.33333333333333;6.3958215182862235;284654.04293637833;250815.9845720384;262351.92883877776;280616.2600460678;307582.20843004994;304604.9382683665;292788.7972234712;309732.19205495855;264443.0185984587;237859.66348030558;231754.96410239427;264793.2744330289
