DATA;MCPM;UF;PRODUCT;MODEL;PARAMS;WINDOW;HORIZON;RMSE;MAPE;POCID;PBE;P1;P2;P3;P4;P5;P6;P7;P8;P9;P10;P11;P12
combination;39897.6971474318;AL;oleodiesel;ARIMA-MEAN;;12;12;2758.955246385591;0.062532889405551;66.66666666666667;5.822808343724948;33959.3805073661;29341.354342488332;28127.778157904126;27017.752123277045;28168.227952477682;29452.515403167574;32285.547367679712;37683.42970102569;38310.006832810206;39475.372487533554;37999.0359078526;34097.25817565406
