DATA;MCPM;UF;PRODUCT;MODEL;PARAMS;WINDOW;HORIZON;RMSE;MAPE;POCID;PBE;MASE;P1;P2;P3;P4;P5;P6;P7;P8;P9;P10;P11;P12
normal;5277.0547875878665;RO;querosenedeaviacao;knn;{'n_neighbors': 9};12;12;222.6977565929702;0.1431438078844773;45.45454545454545;4.033777642663746;1.0149200319138336;1286.7265238102216;1143.9900624312447;1015.2362504197367;1028.8906896711917;994.4269107855235;940.4228519432185;1071.2874470002816;1128.4252520879184;1044.8413482494445;1178.3682308192992;1407.7129697928801;1683.3761169749075
log;5679.495221680469;RO;querosenedeaviacao;knn;{'n_neighbors': 7};12;12;287.0450057864968;0.20671341394153708;54.54545454545455;6.1383054258922884;1.4543301030213756;858.8253595231066;798.3336188919619;870.3619722164659;1020.3336494051537;1055.786982355683;1098.8159681726215;1046.0975529337134;1068.5332841235224;1341.6807417383084;1609.7459229323422;1515.6751761595906;1334.1692470947712
deseasonal;4084.610673930344;RO;querosenedeaviacao;knn;{'n_neighbors': 3};12;12;258.073625949235;0.1647508846871841;63.63636363636363;0.4085901157082942;1.1525131072854233;1074.147068386905;640.1850192958475;812.9958639722367;1076.3534688561765;1408.804858016418;1229.759103894248;1237.1722600223338;1375.8722823460696;1428.8380885591328;1473.5213360366567;1512.4474051430504;1179.58505267525
