DATA;MCPM;UF;PRODUCT;MODEL;PARAMS;WINDOW;HORIZON;RMSE;MAPE;POCID;PBE;MASE;P1;P2;P3;P4;P5;P6;P7;P8;P9;P10;P11;P12
log;2523.4718534412773;AP;querosenedeaviacao;knn;{'n_neighbors': 5};12;12;115.8549553387478;0.2107917034993955;54.54545454545455;17.089968056182162;0.8067984826478464;463.86064590373337;323.6034318398068;275.6541104525311;321.2919531266226;222.2183343710846;293.6114696093626;283.02844360627245;316.0284451619607;327.332573378291;248.86589512773347;314.9254265762297;443.4220579604522
normal;3100.551534897221;AP;querosenedeaviacao;knn;{'n_neighbors': 5};12;12;106.91618249591602;0.1882187881277176;36.36363636363637;8.710813502125857;0.7075651639845307;457.9070169737743;369.9508627665065;318.5784398130158;341.2097283027273;266.09014263115154;257.2726411749106;265.4377701383144;355.9843812825316;361.07789145561065;307.22298875183014;410.90164491097545;509.6697646468501
