DATA;MCPM;UF;PRODUCT;MODEL;PARAMS;WINDOW;HORIZON;RMSE;MAPE;POCID;PBE;MASE;P1;P2;P3;P4;P5;P6;P7;P8;P9;P10;P11;P12
normal;85910.0847679304;AM;querosenedeaviacao;knn;{'n_neighbors': 1};12;12;3604.259515882752;0.493294583465272;45.45454545454545;-46.24408202877309;0.995299156944588;5136.403204366542;6704.173683272208;7620.384684233566;9560.266447588338;9814.111707304193;10999.493401652326;12157.434414067648;11820.596376318164;12464.688982531432;11003.683237156056;9641.255047740078;9768.696429229596
log;64465.70209953327;AM;querosenedeaviacao;knn;{'n_neighbors': 5};12;12;3243.8001706195405;0.4352656347257975;54.54545454545455;-42.44725137070295;0.8841818919045502;5847.486383782969;6770.162646437993;7330.909235243816;8387.893920170622;8702.126229718575;9987.022089629569;10718.410602546295;11585.667342541936;12442.406151028752;10872.238666785248;10327.081206903751;10690.2131743603
deseasonal;51289.46310975267;AM;querosenedeaviacao;knn;{'n_neighbors': 1};12;12;3218.304831419295;0.43588916935968197;63.63636363636363;-43.17813883157501;0.8753467991772507;6316.0634815811;6275.9197937214285;8240.83915308062;9629.426938184712;10375.73383731821;10347.386426275269;10974.68131015761;10312.752499427697;9893.98168883669;10954.978462105879;11987.793255303573;8935.251074101674
