DATA;MCPM;UF;PRODUCT;MODEL;PARAMS;WINDOW;HORIZON;RMSE;MAPE;POCID;PBE;MASE;P1;P2;P3;P4;P5;P6;P7;P8;P9;P10;P11;P12
normal;24114.742570864717;AL;querosenedeaviacao;knn;{'n_neighbors': 3};12;12;1016.9379992586148;0.20650533054640927;45.45454545454545;-12.213975124243378;0.9388203878212993;3595.7525161859357;3661.697763133636;3855.151760027553;4929.8285913925965;4335.839183146317;4525.901141548057;5093.062890945415;5338.128263670863;5769.238898775411;6306.524791642334;5329.86389446605;5080.876522110737
log;28938.934187214865;AL;querosenedeaviacao;knn;{'n_neighbors': 7};12;12;1046.3012922566402;0.22415336900752547;36.36363636363637;-13.377117223888543;0.9857339293264944;3241.823767448766;3933.0515760397475;4136.075749733184;4430.233349065911;4776.817748667857;5150.213162200374;5457.095223579268;5425.591339001805;5423.996430674151;5665.201084121286;5590.5366521969445;5190.576577596233
deseasonal;22806.063303052168;AL;querosenedeaviacao;knn;{'n_neighbors': 7};12;12;961.9133647372477;0.19710137976062111;45.45454545454545;-14.232253228103408;0.8442282190468136;3823.864938392197;3953.0939441091646;4273.478042407007;4273.797543406349;5245.198864474981;5239.057236771856;5283.117966357009;5013.965868100208;5032.0785997247685;5656.565220378428;5984.655243088199;5082.975571769123
