DATA;MCPM;UF;PRODUCT;MODEL;PARAMS;WINDOW;HORIZON;RMSE;MAPE;POCID;PBE;MASE;P1;P2;P3;P4;P5;P6;P7;P8;P9;P10;P11;P12
normal;170250.42845237564;DF;querosenedeaviacao;knn;{'n_neighbors': 1};12;12;6164.237123430802;0.14561754682097897;36.36363636363637;12.849376772117548;1.887491376297783;18430.989969368653;20613.639591997206;22208.313580389873;23826.411932074556;25770.346030566117;27596.355215840977;28425.396927043716;28083.115454148367;29808.349418495018;29905.553652172686;28246.450727222902;28148.23339897698
log;89753.3970416934;DF;querosenedeaviacao;knn;{'n_neighbors': 1};12;12;4550.045524469189;0.09930163238837332;54.54545454545455;7.616254537170114;1.2847145780380989;18287.687263395925;26061.779057051328;28285.36507100331;28558.730505377087;26045.698434971422;28815.864502251785;29166.946122236648;30597.960714147564;28356.557789229068;28890.13125397433;28280.05538517095;28394.74901031732
deseasonal;72487.7898884253;DF;querosenedeaviacao;knn;{'n_neighbors': 3};12;12;4589.450170090455;0.1111767458641687;63.63636363636363;8.009376322897689;1.434973610074676;21484.91606617335;22366.569456672667;25071.21020924716;25576.95485179625;28375.08687204353;30407.95306037234;29222.349834194287;31226.41263349568;28974.738677794845;30751.749900939732;29333.234332726934;25547.19569862234
