DATA;MCPM;UF;PRODUCT;MODEL;PARAMS;WINDOW;HORIZON;RMSE;MAPE;POCID;PBE;MASE;P1;P2;P3;P4;P5;P6;P7;P8;P9;P10;P11;P12
normal;13458.352637813236;PB;querosenedeaviacao;knn;{'n_neighbors': 9};12;12;850.1277132402121;0.18838203702647152;63.63636363636363;19.551891880192766;1.121808655263012;2911.9553245918737;2576.1199069463455;2444.8368718746597;2522.3159512321236;2988.2887096781574;2896.889857543929;2979.5659793299274;3193.6801590998925;3395.3134551578355;3766.491542094621;3975.4180833723794;3642.866338971948
log;17592.404525074937;PB;querosenedeaviacao;knn;{'n_neighbors': 5};12;12;890.0991943638475;0.1804959528526996;54.54545454545455;18.963330297765797;1.0880393667784154;2502.511834447532;2263.474890953984;2499.99342168039;2767.7400451872327;3043.877208066571;3229.3025253713863;3257.9936332772886;3395.3028449491203;3597.2813842110695;3903.5269339693928;3737.3950916829262;3368.1848781833887
deseasonal;13288.659292218084;PB;querosenedeaviacao;knn;{'n_neighbors': 5};12;12;839.6921819905326;0.17645327112106068;63.63636363636363;18.597656204380655;1.0670584629621211;2986.111525535714;2549.913864177742;2342.097059858964;2763.4494614719906;3035.2484736048154;3113.4752093552443;3101.2556731897753;3282.4336535937305;3397.4744531492347;3806.8407797695554;4005.65308151973;3352.1488721324345
