DATA;MCPM;UF;PRODUCT;MODEL;PARAMS;WINDOW;HORIZON;RMSE;MAPE;POCID;PBE;MASE;P1;P2;P3;P4;P5;P6;P7;P8;P9;P10;P11;P12
normal;114551.26131586797;MG;querosenedeaviacao;knn;{'n_neighbors': 1};12;12;7178.216197075209;0.4877294004833657;63.63636363636363;-49.74658667408396;0.9187272312915779;11281.23042781026;13428.24771344452;14517.533745356408;15578.335851101428;16435.59341303024;17944.087178230027;21102.740426341912;21707.56140587668;22650.516961218753;26149.294848291916;23997.043781021253;22634.150446498596
log;125944.93579052873;MG;querosenedeaviacao;knn;{'n_neighbors': 5};12;12;6336.042933951922;0.4474527793629898;54.54545454545455;-42.66449180027499;0.8315922917382531;9532.642874951323;12586.924134573788;13678.749211193763;15955.436618668726;17406.78135099314;18865.823279720626;20277.79468110901;20563.070142735138;21019.76865785763;20236.71212146741;22739.628724389328;23807.133929443506
deseasonal;107819.35763672655;MG;querosenedeaviacao;knn;{'n_neighbors': 3};12;12;6758.194404718865;0.47767887095575307;63.63636363636363;-48.836103886035744;0.890345557549632;12454.267678689816;13096.494622890774;14876.003234699589;16063.502301725935;18153.90864375058;19246.481692884106;20365.97197090256;21598.215935674503;22099.580954041903;23796.725386220987;23201.796204612623;21090.599695246863
