DATA;MCPM;UF;PRODUCT;MODEL;PARAMS;WINDOW;HORIZON;RMSE;MAPE;POCID;PBE;P1;P2;P3;P4;P5;P6;P7;P8;P9;P10;P11;P12
seasonal;78883.7492206233;PE;gasolinac;ARIMA;{'p': 13, 'd': 1, 'q': 14};12;12;6872.879161810842;1.5007854009530741;75.0;46.991402853183835;-13357.929188620166;-17473.742840701034;-8277.693336321305;-13521.408784160318;-1325.4023141500152;8770.32286460603;14181.166989866208;11071.432794887136;1768.974779409884;22599.282008310736;-1226.6225163013626;-5295.93727129261
trend;11283.861526838136;PE;gasolinac;ARIMA;{'p': 8, 'd': 1, 'q': 21};12;12;3118.157363662425;0.02377018519786066;91.66666666666667;2.3725100083389288;121209.11894400134;120765.954019812;120204.68064999951;119688.94101780381;119251.91544791567;118758.01060701683;118084.2243442714;117342.95614717125;116694.02417478136;116330.79763850165;116237.40358248417;116157.68284484168
resid;109668.84373647894;PE;gasolinac;ARIMA;{'p': 9, 'd': 1, 'q': 18};12;12;4240.270000902634;1.3772525552069224;41.666666666666664;126.37367536817582;-2602.244258012498;-2656.44751595676;79.78003164455174;1055.606870434674;1248.2776653620965;109.98274159769231;959.9880335351601;1288.361069510156;1005.1902215027479;-978.0803397931967;-1169.1938855735534;-146.76190838612905
seasonal_trend;58470.6111878867;PE;gasolinac;ARIMA;{'p': 12, 'd': 1, 'q': 8};12;12;5392.606456384996;0.0400418576275006;75.0;-0.7013781509313144;111013.4089681749;107579.44263259335;115438.80723431817;112331.28647634221;122582.14380214307;131389.2703577445;132568.93495144683;131383.90191897392;122037.0813327472;139078.89260294315;119788.42788824196;116301.15205741645
