DATA;MCPM;UF;PRODUCT;MODEL;PARAMS;WINDOW;HORIZON;RMSE;MAPE;POCID;PBE;MASE;P1;P2;P3;P4;P5;P6;P7;P8;P9;P10;P11;P12
normal;37441.40345960247;CE;querosenedeaviacao;rf;{'n_estimators': 50};12;12;2370.4821250733758;0.11129398758287488;63.63636363636363;0.9753760732710389;1.2413354935006269;15266.711241445191;13468.256606407685;13110.362927362681;13516.897236608287;13826.340140396667;15597.691922716675;15246.695459796256;15876.472851530749;15816.207815756847;18092.44150812662;20862.061269385948;21664.65479765912
log;14658.684385259407;CE;querosenedeaviacao;rf;{'n_estimators': 150};12;12;1238.573160585185;0.058074594961907054;72.72727272727273;1.6398521064089813;0.6448779700918104;15850.554844454196;14705.167915800417;14751.641378764836;14468.63273935157;15194.487599050508;15590.17883724299;15281.417666018297;15563.969286546511;15610.957648015823;16721.407498725803;18273.478825534552;19042.225556856218
deseasonal;20597.66821684148;CE;querosenedeaviacao;rf;{'n_estimators': 50};12;12;2595.6479515222263;0.14334446888811295;81.81818181818181;1.7363625177118795;1.604147486074274;16954.611792678395;14065.171702113817;13581.129967877276;12360.725385373338;13866.86435068904;13484.97973848844;13099.699205723544;14300.003788902177;16427.231949211706;20048.725326455926;22521.465382558912;20156.05000297124
