DATA;MCPM;UF;PRODUCT;MODEL;PARAMS;WINDOW;HORIZON;RMSE;MAPE;POCID;PBE;MASE;P1;P2;P3;P4;P5;P6;P7;P8;P9;P10;P11;P12
normal;855304.597732768;SP;querosenedeaviacao;rf;{'n_estimators': 50};12;12;71884.13616862503;0.205320938982389;72.72727272727273;20.929019941789946;1.4080148588072898;286154.461044714;256895.65383815573;261285.2587850864;257021.05859589772;268414.17078226845;258669.0031073382;248263.66464784736;242136.86870932629;236485.86910630311;227436.15341245208;235734.5572824753;234621.89856023696
log;1216029.38679702;SP;querosenedeaviacao;rf;{'n_estimators': 50};12;12;61542.07818874898;0.17750970620175507;54.54545454545455;18.128432341749164;1.219603315160415;260524.38968126074;258555.0728678331;258208.21397420138;255490.97352396365;258111.17368099035;260712.29909840226;258604.5476607289;252949.52435194998;252755.76022965496;260352.66164577057;266874.53869325994;276700.0650473903
deseasonal;548617.5181687681;SP;querosenedeaviacao;rf;{'n_estimators': 100};12;12;68980.79747426498;0.1852428775713897;81.81818181818181;18.875370938594468;1.269854146107108;290760.18546123675;264254.8225245791;252949.0813289453;230486.16338564965;231555.41618742255;224975.6248305066;225175.14106751062;239746.09898134237;254006.03719396735;271613.02141056355;309882.21246991;295972.1969853322
