DATA;MCPM;UF;PRODUCT;MODEL;PARAMS;WINDOW;HORIZON;RMSE;MAPE;POCID;PBE;MASE;P1;P2;P3;P4;P5;P6;P7;P8;P9;P10;P11;P12
normal;1174.3392242646885;RR;querosenedeaviacao;rf;{'n_estimators': 50};12;12;74.3101878029728;0.0888342089000775;63.63636363636363;3.781717455980011;0.9186875537898139;758.8100717549156;750.8949427530822;699.3401023803384;694.1607807425761;667.4405852056723;592.9347912534479;601.7642927983209;617.5638694152944;648.4819132570417;653.4655762836803;699.1488155084185;742.6067594231723
log;1318.9694245743833;RR;querosenedeaviacao;rf;{'n_estimators': 200};12;12;66.80644744628441;0.08349032889871995;54.54545454545455;0.1090016943534192;0.8437839725282393;720.8495323111051;714.58682967148;683.0431349189143;678.4025128826091;687.9864313780832;674.2644440324069;688.653218946801;695.2077477847286;702.1645409458852;714.7206379856176;736.6669776343253;740.2646898726656
deseasonal;1139.5894982788707;RR;querosenedeaviacao;rf;{'n_estimators': 200};12;12;72.10653458373481;0.08954914755058735;63.63636363636363;2.3105877281315865;0.9232972915853702;767.753258019391;708.7818211962366;658.1629321621994;679.5529259958039;763.0987048222064;673.6796816703347;649.148905493722;596.1903081668975;653.5568822007955;667.409287137514;698.6437026860629;734.8859581309285
