DATA;MCPM;UF;PRODUCT;MODEL;PARAMS;WINDOW;HORIZON;RMSE;MAPE;POCID;PBE;MASE;P1;P2;P3;P4;P5;P6;P7;P8;P9;P10;P11;P12
normal;125753.53770337148;RJ;querosenedeaviacao;rf;{'n_estimators': 100};12;12;15753.278398411623;0.2531225210632511;81.81818181818181;25.448432731279585;1.9884246955219698;50726.75231991141;45637.3818275722;44630.97411176838;35429.86612251163;36470.638316320394;36296.47871777109;39705.54642604482;41554.25935739014;43201.64751605003;46146.38009767257;51329.82536649902;54131.6790888007
log;290100.13123499154;RJ;querosenedeaviacao;rf;{'n_estimators': 50};12;12;12243.601397236564;0.17277009144949382;45.45454545454545;16.854857642131023;1.323986263781545;36111.32458621937;35960.59097609553;36313.017267772695;40637.161073777184;41619.23807631858;45029.372875337824;51340.18094488587;54943.25671201898;59246.70780616202;62226.4663449085;60701.98589609813;61679.12389766376
deseasonal;48270.86859918163;RJ;querosenedeaviacao;rf;{'n_estimators': 50};12;12;11993.770089319194;0.20349501506985465;90.9090909090909;19.906808616706005;1.5554274119928273;51314.64558650461;43191.68560072624;38136.4572349028;35608.7221267834;41144.38069902871;42760.52542561701;40349.987991927796;46953.057994640556;49537.60005081436;55232.84664356298;65111.418570817244;54964.23561848366
