DATA;MCPM;UF;PRODUCT;MODEL;PARAMS;WINDOW;HORIZON;RMSE;MAPE;POCID;PBE;MASE;P1;P2;P3;P4;P5;P6;P7;P8;P9;P10;P11;P12
normal;4765.122051401153;SE;querosenedeaviacao;rf;{'n_estimators': 100};12;12;399.62560662306765;0.24759481911727332;72.72727272727273;-14.951181218628584;0.6123431512975038;1829.5037080383356;1321.5617010047904;1103.4183608141702;1123.422767853942;1297.0527736367492;1361.7266552946166;1411.313652287658;1421.6380096744558;1513.4619162903955;1682.237633397028;2017.424098849672;2080.142643244647
log;3757.4344898835498;SE;querosenedeaviacao;rf;{'n_estimators': 200};12;12;469.0271813291202;0.3071706878980016;81.81818181818181;-16.78557106483786;0.8084514292087732;1420.8329025864653;1243.1841600860107;1190.5024626828783;1181.7016067274092;1338.0108888686548;1379.9375386884742;1416.7730759051058;1461.778092164176;1610.8807985066082;1961.2199649160043;2095.1647997905284;2152.7610758386845
deseasonal;5541.263835675038;SE;querosenedeaviacao;rf;{'n_estimators': 150};12;12;463.16621752389455;0.3368303802006176;72.72727272727273;-18.59237442529203;0.8939187444771203;1642.8565292309552;1081.3945767014382;1035.5401852956797;1127.14762777058;1494.5525160622226;1453.8109923797401;1505.8489609234048;1698.9963574202907;1700.9251507060721;2030.6019492182807;2141.9371391530667;1824.6200153850727
