DATA;MCPM;UF;PRODUCT;MODEL;PARAMS;WINDOW;HORIZON;RMSE;MAPE;POCID;PBE;P1;P2;P3;P4;P5;P6;P7;P8;P9;P10;P11;P12
combination;81796.08506106777;PE;etanolhidratado;combination-mean;ARIMA-SARIMA_DS;12;12;5636.562677698012;0.17893526137912083;66.66666666666667;19.19322421360731;17311.493999819602;16237.46528000174;16007.91565511858;16091.619731193852;15061.489796594127;14894.98358635094;15057.99817160095;16585.330638535517;16558.83306636965;18168.55976933351;16914.63125692457;16586.250605100344
