DATA;MCPM;UF;PRODUCT;MODEL;PARAMS;WINDOW;HORIZON;RMSE;MAPE;POCID;PBE;P1;P2;P3;P4;P5;P6;P7;P8;P9;P10;P11;P12
combination;35425.461133698765;MA;etanolhidratado;combination-mean;ARIMA-SARIMA_DS;12;12;1222.3210304781564;0.25099493889920127;33.333333333333336;16.564047862542008;3172.2782064961384;3248.343145867376;3162.8829938705335;3629.823267863515;3453.0403325294146;3224.7775243256538;3015.081668042834;3385.207644278049;3235.1170248033714;3643.63829185739;3431.121114337756;3316.265523325426
