DATA;MCPM;UF;PRODUCT;MODEL;PARAMS;WINDOW;HORIZON;RMSE;MAPE;POCID;PBE;MASE;P1;P2;P3;P4;P5;P6;P7;P8;P9;P10;P11;P12
mean;49611.47473544911;PI;gasolinac;SARIMA_ARMA_ARIMA;{'p': 2, 'd': 1, 'q': 2, 's': 12};12;12;4569.050727242065;0.07542907406681433;75.0;7.648293736288113;0.7467814111787362;46310.13822697059;44824.1486460389;45551.88234759879;44782.81847201975;47880.67622470898;50827.11477946004;50942.99128131428;51002.2397120881;49731.796927662734;53524.16603915673;50209.83529571551;45248.219197581275
median;51434.04817321713;PI;gasolinac;SARIMA_ARMA_ARIMA;{'p': 2, 'd': 1, 'q': 2, 's': 12};12;12;4736.8963162105865;0.07548218275733339;75.0;7.710053076482458;0.752811609392094;47432.16289847907;45653.96382935933;45673.10281825964;45187.11843443715;47561.3380660604;51799.10511349301;51038.89865750107;49902.93464893214;49819.60745752966;52105.37393703419;49300.93463903937;44973.05798710265
