DATA;MCPM;UF;PRODUCT;MODEL;PARAMS;WINDOW;HORIZON;RMSE;MAPE;POCID;PBE;MASE;P1;P2;P3;P4;P5;P6;P7;P8;P9;P10;P11;P12
log;1182844.4573375236;SP;etanolhidratado;knn;{'n_neighbors': 3};12;12;65436.59158539096;0.0784628998840618;63.63636363636363;3.5777945476600443;0.6403794618922503;611646.1862988046;639810.1784243206;677277.9714649793;667753.5244317829;677787.1392728377;697356.7070028037;708610.8955313669;694637.1899711417;717050.6499914086;747625.0960546887;706048.0062428758;720157.072175673
normal;1165786.9619282354;SP;etanolhidratado;knn;{'n_neighbors': 3};12;12;64496.04198910048;0.0764604503581644;63.63636363636363;3.3639821051715777;0.6235109423256505;612003.6745083269;639468.859428659;677359.9668160215;667785.4223822701;678151.3509682426;696826.8835660537;708602.412624138;725416.1246844002;716916.9578452471;749381.7218147132;705724.1880163037;706452.052785196
