DATA;MCPM;UF;PRODUCT;MODEL;PARAMS;WINDOW;HORIZON;RMSE;MAPE;POCID;PBE;MASE;P1;P2;P3;P4;P5;P6;P7;P8;P9;P10;P11;P12
log;11743.80726209528;AC;etanolhidratado;knn;{'n_neighbors': 1};12;12;461.6442620812832;0.3690784307080607;45.45454545454545;42.37896090154784;0.9671049527675732;566.6780257854041;489.48085959807565;577.313964873014;532.9079727552793;515.1559501664045;588.0401672201173;500.5505875800719;492.2938953505791;471.4830236061672;432.7949606234712;573.3427117455301;425.0097504293154
normal;11744.869006566132;AC;etanolhidratado;knn;{'n_neighbors': 1};12;12;461.673874318318;0.3704508810934732;45.45454545454545;42.46711119699447;0.9691165780056816;564.320605811934;486.93704914225776;573.7271044148653;530.315397149427;514.6274635228375;589.375037970564;500.57215717756304;492.3800003568237;471.4040334445798;433.6377917169483;574.318424312084;424.0053339823038
