DATA;UF;PRODUCT;MODEL;PARAMS;WINDOW;HORIZON;RMSE;MAPE;POCID;PBE;MASE;P1;P2;P3;P4;P5;P6;P7;P8;P9;P10;P11;P12
normal;SP;etanolhidratado;arima;{};12;12;107093.04172997575;1.7757689486643418;36.36363636363637;-54.05266580741274;0.45640284973379974;11226.409634417083;25425.995020326918;77935.74361447709;96941.14933330941;155893.17566006313;169616.32568819798;160581.6311553006;126744.31113283211;107445.79239820654;59526.68899610093;48100.02124788065;34475.31436608927
deseasonal;SP;etanolhidratado;arima;{};12;12;106223.20027880263;1.787398177562338;18.181818181818183;-18.166194872831706;0.45881445695441814;33215.22266120401;53914.9881547431;87409.25224996258;116328.60890412041;117148.58817141748;99010.28688063701;91842.48664371297;70518.87624345314;50924.82003064658;47284.20785107659;31549.87338348783;4549.449585658214
log;SP;etanolhidratado;arima;{};12;12;95687.77364545962;5.414602314115776;45.45454545454545;-24.418577035851236;0.34107994531269265;31135.90424275519;46927.392083936356;70550.74651285964;121278.78096023123;142839.06292373003;167486.9935184218;149048.28653704404;149748.78627502057;103848.68667403527;63380.17108482173;51995.74164097531;26313.638214221384
