DATA;UF;PRODUCT;MODEL;PARAMS;WINDOW;HORIZON;RMSE;MAPE;POCID;PBE;MASE;P1;P2;P3;P4;P5;P6;P7;P8;P9;P10;P11;P12
normal;AC;etanolhidratado;arima;{};12;12;438.7872454406057;0.8153910680502875;36.36363636363637;88.0730724429422;0.7774430869688971;18.02460985877242;-13.198501021065656;58.5679750544547;112.74300558134885;142.65169345009292;111.06333379697959;63.562038015555046;57.359795840045194;79.36241384440807;42.7498886573975;8.862310994301412;-106.35578416792262
deseasonal;AC;etanolhidratado;arima;{};12;12;491.7029957321555;0.8697699640455937;36.36363636363637;104.54548653529474;0.9119710368460656;49.242338757148445;57.706370183830245;60.250147296177985;98.14810940396097;81.11793145699859;45.9534114560003;22.503062281087583;-55.72063590975728;-141.80347220610656;-165.41403591951075;-144.68671959196575;-107.04630737105472
log;AC;etanolhidratado;arima;{};12;12;406.5818080813356;0.7422425567972976;54.54545454545455;81.27810548820953;0.8066684562104981;20.027881548509804;15.050995426128358;72.13581705635761;121.68498613520237;126.43260418166605;117.03833697769895;74.14110343126686;112.56779445184817;66.52410872097461;76.09354208270136;81.69867548478327;48.566219965305365
