DATA;UF;PRODUCT;MODEL;PARAMS;WINDOW;HORIZON;RMSE;MAPE;POCID;PBE;MASE;P1;P2;P3;P4;P5;P6;P7;P8;P9;P10;P11;P12
normal;GO;etanolhidratado;arima;{};12;12;23906.14114105509;1.6245855757087604;45.45454545454545;58.03917981647907;0.6603972853284906;-8457.660064181346;-9697.260428499163;-743.1676554603398;7960.98545784967;18854.057344836237;27142.597695386896;22752.041316381685;20367.151315336974;2752.0970225792626;682.167442836623;-4687.519380069504;168.81320910796876
deseasonal;GO;etanolhidratado;arima;{};12;12;30139.09345635007;1.4233150596671769;27.272727272727273;66.26757241214123;0.6538482884037197;-9557.436381420152;-6396.416176629401;-2130.253008028957;12905.87021449408;25593.306654343425;22250.443587817896;20688.68684902794;2991.2965678012615;1257.1703563213377;-2451.3024832576284;-3138.5104465576287;-6885.650394114054
log;GO;etanolhidratado;arima;{};12;12;29378.796029396253;10.656182234066023;36.36363636363637;68.2577220950132;0.7912937526474634;-1923.0691660370285;-3348.33235868656;379.229515097637;17946.816713504944;24647.20920901168;24874.781444560303;22354.958074737046;9000.763316191078;1284.702521457135;-4905.867964523183;-11427.779007214025;-9926.668383079079
