DATA;UF;PRODUCT;MODEL;PARAMS;WINDOW;HORIZON;RMSE;MAPE;POCID;PBE;MASE;P1;P2;P3;P4;P5;P6;P7;P8;P9;P10;P11;P12
normal;MS;etanolhidratado;arima;{};12;12;11610.90642807346;1.7361707448958754;45.45454545454545;96.46354867369232;0.7734047808070268;-2594.9435685840226;-869.2907551396227;-533.2548515386399;791.8905191825718;3539.175925768331;3706.5346349591077;3680.0786249277166;1531.3256861010113;-268.6819632864715;-1126.9736352561888;-1526.5499062323313;-2834.056696988813
deseasonal;MS;etanolhidratado;arima;{};12;12;13254.420990226938;3.2753336602697476;0.0;105.05520590092993;0.9726085495016717;-749.5377350498161;874.1036203978805;3521.86747228954;3882.8159139770646;3026.4596112435493;1551.171863624942;-637.3051447270336;-1624.7737236927533;-2698.588789528519;-3805.192188926817;-4524.111520538118;-3817.4654171787156
log;MS;etanolhidratado;arima;{};12;12;10813.003032238612;3.478536029208374;18.181818181818183;82.62040753108263;0.7984398076157947;-1855.0327374990218;1234.5762707397425;1990.9931925131052;3582.9872508393883;3419.0487685628004;3337.3487225027475;1854.7761476206954;1702.7717295958414;1345.1747312603197;667.7301120146354;486.5883308242143;-343.0805544137963
