DATA;UF;PRODUCT;MODEL;PARAMS;WINDOW;HORIZON;RMSE;MAPE;POCID;PBE;MASE;P1;P2;P3;P4;P5;P6;P7;P8;P9;P10;P11;P12
normal;RO;etanolhidratado;arima;{};12;12;969.9926277651517;1.3968287038313296;18.181818181818183;129.47182947176032;0.9903879065933789;-378.2565438324083;-376.1194570090113;-183.10032348548032;-77.15386571531113;221.73157990714034;186.5521857082213;71.86224212388262;21.940763451014902;-218.45992786099146;-429.3430697460815;-515.8636215711788;-489.6878756196322
deseasonal;RO;etanolhidratado;arima;{};12;12;1157.2121678149956;1.3815519594176475;27.272727272727273;154.3676575426564;1.0419753260035838;-260.32539676920123;-95.61150501808436;26.079559288710527;150.1182464162468;-19.753344872092953;-166.70045270003405;-234.53928339945514;-380.466774844238;-642.6511130925619;-806.0947164287074;-734.2075566201545;-736.4469860340164
log;RO;etanolhidratado;arima;{};12;12;1009.5692784707041;1.125965737569311;27.272727272727273;116.20408119044964;0.9858747726053562;-329.04349644312026;-218.7486299722678;-24.27300245788345;202.66235526906166;233.55830030909158;214.57455977387514;37.773169897038514;-42.579297140762606;-222.14597975831046;-314.59562775539587;-427.7355862734053;-461.99853175520997
