DATA;UF;PRODUCT;MODEL;PARAMS;WINDOW;HORIZON;RMSE;MAPE;POCID;PBE;MASE;P1;P2;P3;P4;P5;P6;P7;P8;P9;P10;P11;P12
normal;SE;etanolhidratado;arima;{};12;12;1403.1586261892182;2.556238177216892;54.54545454545455;150.72572518459768;0.5580335062575226;-248.33395243719605;-339.4261075950672;203.0151204220929;-38.18091215184421;-58.682620271735516;71.6630151697257;-507.9009505576107;-622.7692863294876;-788.4075490379661;-620.0045929382202;-623.988195603401;-518.916911894338
deseasonal;SE;etanolhidratado;arima;{};12;12;908.9116767716309;4.682380694502958;36.36363636363637;65.64160653667012;0.44135098731527234;114.98513311508172;376.7785662935062;362.72930227445715;106.57481091232309;572.1359450009072;266.62795481239044;139.20974439800298;371.02419070589616;383.523368968148;64.86392071824429;-27.205120947714505;-159.02984892784485
log;SE;etanolhidratado;arima;{};12;12;1634.6631491358585;2.3309506222682415;63.63636363636363;135.90679059145273;0.655700627144959;77.80705168194973;-41.99835438042339;342.7504168896767;109.14947371973156;236.38084208804142;463.54133403411873;-635.5022698980001;-847.903901523892;-857.2353156605647;-1037.414631460516;-802.5940351328727;-524.0472794583039
