DATA;UF;PRODUCT;MODEL;PARAMS;WINDOW;HORIZON;RMSE;MAPE;POCID;PBE;MASE;P1;P2;P3;P4;P5;P6;P7;P8;P9;P10;P11;P12
normal;PI;etanolhidratado;arima;{};12;12;2393.141076377412;6.434432589066009;36.36363636363637;86.41010905141466;1.270062872351191;-2043.112043453517;-1003.937899646013;192.31921262260664;1342.126628559609;3399.520402291259;2742.5164053854946;803.8159444256529;535.7597016152271;240.74665868770296;-1210.3974431253007;-1343.8060733948682;-1959.3093754918505
deseasonal;PI;etanolhidratado;arima;{};12;12;3189.8800988976964;2.6768603784296032;54.54545454545455;43.687780524920264;1.6063698666781003;-1074.4416073056134;-642.0015294344928;266.5381261822706;2415.038798085524;3999.2725810911925;4108.945999840608;2571.645813640431;492.9543670331427;-826.5486647710543;-2360.7203874064417;-2319.521868625292;-2346.9889979852705
log;PI;etanolhidratado;arima;{};12;12;2237.5494633012677;5.98805183045958;18.181818181818183;5.200432648475543;1.0162282010136596;-1466.5519806107507;-958.8843147572231;215.30779257561966;1884.8210105880478;3891.6733874952915;3160.096955790901;493.75487428770685;729.4848244222769;-53.143833568742195;-503.3069115098084;-879.325954196561;-1890.6531329615923
