DATA;UF;PRODUCT;MODEL;PARAMS;WINDOW;HORIZON;RMSE;MAPE;POCID;PBE;MASE;P1;P2;P3;P4;P5;P6;P7;P8;P9;P10;P11;P12
normal;SC;etanolhidratado;arima;{};12;12;7113.1047545140245;0.6469983131874115;72.72727272727273;84.01784493783038;0.6010050269683934;308.21271771693705;103.14803856815729;513.5491719445893;345.7078144960187;1108.771916337304;1502.2568491845045;1449.3703886514663;1580.2586425693985;1022.0513515753806;1410.8805715632714;1184.0627703621417;948.6297904473687
deseasonal;SC;etanolhidratado;arima;{};12;12;8269.120013966123;0.7524058068178436;27.272727272727273;95.47216394023226;0.6521271577080396;818.5879763593367;1411.133983021276;657.8061842863748;1204.4908689927117;937.2344087576229;544.2988265826414;579.9150834804185;89.505900105591;-80.76484004350348;-87.81941121299525;-764.1896109822407;-2053.3628230565637
log;SC;etanolhidratado;arima;{};12;12;8287.563508346537;2.138583087434781;27.272727272727273;93.9004766326583;0.7030533043613436;916.1529299700892;1580.5026746386259;1394.4081543622829;1262.4633128274595;939.3414021398157;405.3494764846772;-202.97087811406317;-563.1999958317003;-701.0619115296379;-355.0494361170708;-173.74999239436448;-8.549327705306894
